{"directed": true, "multigraph": false, "graph": {}, "nodes": [{"id": "v000000/syntheticmoist-11b-v2-q6_k-gguf"}, {"id": "v000000/syntheticmoist-11b-v2"}, {"id": "sao10k/fimbulvetr-11b-v2"}, {"id": "himitsui/kaiju-11b"}, {"id": "jeiku/re-host_limarp_mistral"}, {"id": "himitsui/medmitsu-instruct-11b"}, {"id": "migtissera/synthia-v3.0-11b"}, {"id": "thedrummer/moistral-11b-v3"}], "links": [{"source": "v000000/syntheticmoist-11b-v2", "target": "v000000/syntheticmoist-11b-v2-q6_k-gguf"}, {"source": "sao10k/fimbulvetr-11b-v2", "target": "v000000/syntheticmoist-11b-v2"}, {"source": "himitsui/kaiju-11b", "target": "v000000/syntheticmoist-11b-v2"}, {"source": "jeiku/re-host_limarp_mistral", "target": "v000000/syntheticmoist-11b-v2"}, {"source": "himitsui/medmitsu-instruct-11b", "target": "v000000/syntheticmoist-11b-v2"}, {"source": "migtissera/synthia-v3.0-11b", "target": "v000000/syntheticmoist-11b-v2"}, {"source": "thedrummer/moistral-11b-v3", "target": "v000000/syntheticmoist-11b-v2"}]}