{"directed": true, "multigraph": false, "graph": {}, "nodes": [{"id": "v000000/syntheticmoist-11b-q6_k-gguf"}, {"id": "v000000/syntheticmoist-11b"}, {"id": "upstage/solar-10.7b-v1.0"}, {"id": "himitsui/kaiju-11b"}, {"id": "himitsui/medmitsu-instruct-11b"}, {"id": "migtissera/synthia-v3.0-11b"}, {"id": "thedrummer/moistral-11b-v3"}], "links": [{"source": "v000000/syntheticmoist-11b", "target": "v000000/syntheticmoist-11b-q6_k-gguf"}, {"source": "upstage/solar-10.7b-v1.0", "target": "v000000/syntheticmoist-11b"}, {"source": "himitsui/kaiju-11b", "target": "v000000/syntheticmoist-11b"}, {"source": "himitsui/medmitsu-instruct-11b", "target": "v000000/syntheticmoist-11b"}, {"source": "migtissera/synthia-v3.0-11b", "target": "v000000/syntheticmoist-11b"}, {"source": "thedrummer/moistral-11b-v3", "target": "v000000/syntheticmoist-11b"}]}