{"_id": "666adf674649c647cfb513ef", "id": "u-10bei/phase2_tokenizer_T5slow", "modelId": "u-10bei/phase2_tokenizer_T5slow", "author": "u-10bei", "sha": "183db5866426a31ae9d66d1a17ab3aca0b743972", "lastModified": "2024-06-13T12:04:36.000Z", "private": false, "disabled": false, "gated": false, "tags": ["license:mit", "region:us"], "downloads": 0, "likes": 0, "model-index": null, "config": {"tokenizer_config": {"bos_token": "<s>", "cls_token": "<CLS>", "eos_token": "</s>", "mask_token": "<MASK>", "pad_token": "<pad>", "sep_token": "<SEP>", "unk_token": "<unk>"}}, "cardData": {"license": "mit"}, "siblings": [{"rfilename": ".gitattributes"}, {"rfilename": "README.md"}, {"rfilename": "special_tokens_map.json"}, {"rfilename": "spiece.model"}, {"rfilename": "tokenizer.json"}, {"rfilename": "tokenizer_config.json"}], "spaces": [], "createdAt": "2024-06-13T12:00:39.000Z", "inferenceStatus": "not-loaded"}