{"_id": "666ae099e61e886fb72bfea1", "id": "u-10bei/phase2_tokenizer_T5fast", "modelId": "u-10bei/phase2_tokenizer_T5fast", "author": "u-10bei", "sha": "a62996d76cf6acafb285d4e81ca4fec99f7a37d0", "lastModified": "2024-06-13T12:06:49.000Z", "private": false, "disabled": false, "gated": false, "tags": ["license:mit", "region:us"], "downloads": 0, "likes": 0, "model-index": null, "config": {"tokenizer_config": {"bos_token": "<s>", "cls_token": "<CLS>", "eos_token": "</s>", "mask_token": "<MASK>", "pad_token": "<pad>", "sep_token": "<SEP>", "unk_token": "<unk>"}}, "cardData": {"license": "mit"}, "siblings": [{"rfilename": ".gitattributes"}, {"rfilename": "README.md"}, {"rfilename": "special_tokens_map.json"}, {"rfilename": "spiece.model"}, {"rfilename": "tokenizer.json"}, {"rfilename": "tokenizer_config.json"}], "spaces": [], "createdAt": "2024-06-13T12:05:45.000Z", "inferenceStatus": "not-loaded"}