{"_id": "66095b3afb554841abe2a54d", "id": "u-10bei/JINIAC_tokenizer_v0.2", "modelId": "u-10bei/JINIAC_tokenizer_v0.2", "author": "u-10bei", "sha": "2df3dca6c7c4ec1067818ea15ed451a9919ed61b", "lastModified": "2024-03-31T13:04:21.000Z", "private": false, "disabled": false, "gated": false, "tags": ["license:mit", "region:us"], "downloads": 0, "likes": 1, "model-index": null, "config": {"tokenizer_config": {"bos_token": "<s>", "cls_token": "<CLS>", "eos_token": "</s>", "mask_token": "<MASK>", "pad_token": "<pad>", "sep_token": "<SEP>", "unk_token": "<unk>"}}, "cardData": {"license": "mit"}, "siblings": [{"rfilename": ".gitattributes"}, {"rfilename": "README.md"}, {"rfilename": "special_tokens_map.json"}, {"rfilename": "spiece.model"}, {"rfilename": "tokenizer.json"}, {"rfilename": "tokenizer_config.json"}], "spaces": [], "createdAt": "2024-03-31T12:46:50.000Z", "inferenceStatus": "not-loaded"}