{"_id": "66132bceda694a41db807005", "id": "u-10bei/JINIAC_tokenizer_v0.2_48000", "modelId": "u-10bei/JINIAC_tokenizer_v0.2_48000", "author": "u-10bei", "sha": "d3cb1386f417c498f10fecf1691f9a6116336430", "lastModified": "2024-04-08T01:28:59.000Z", "private": false, "disabled": false, "gated": false, "tags": ["license:mit", "region:us"], "downloads": 0, "likes": 0, "model-index": null, "config": {"tokenizer_config": {"bos_token": "<s>", "cls_token": "<CLS>", "eos_token": "</s>", "mask_token": "<MASK>", "pad_token": "<pad>", "sep_token": "<SEP>", "unk_token": "<unk>"}}, "cardData": {"license": "mit"}, "siblings": [{"rfilename": ".gitattributes"}, {"rfilename": "README.md"}, {"rfilename": "special_tokens_map.json"}, {"rfilename": "spiece.model"}, {"rfilename": "tokenizer.json"}, {"rfilename": "tokenizer_config.json"}], "spaces": [], "createdAt": "2024-04-07T23:27:10.000Z", "inferenceStatus": "not-loaded"}