{"_id": "6651df4183fac8ccdc6253c3", "id": "u-10bei/safetynet-6.7b_step32400", "modelId": "u-10bei/safetynet-6.7b_step32400", "author": "u-10bei", "sha": "ae294755e764b5d1eca17c97458a715c76841a77", "lastModified": "2024-05-25T13:18:08.000Z", "private": false, "disabled": false, "gated": false, "pipeline_tag": "text-generation", "tags": ["transformers", "safetensors", "gpt2", "text-generation", "license:mit", "autotrain_compatible", "text-generation-inference", "endpoints_compatible", "region:us"], "downloads": 1, "library_name": "transformers", "widgetData": [{"text": "My name is Julien and I like to"}, {"text": "My name is Thomas and my main"}, {"text": "My name is Mariama, my favorite"}, {"text": "My name is Clara and I am"}, {"text": "My name is Lewis and I like to"}, {"text": "My name is Merve and my favorite"}, {"text": "My name is Teven and I am"}, {"text": "Once upon a time,"}], "likes": 0, "model-index": null, "config": {"architectures": ["GPT2LMHeadModel"], "model_type": "gpt2", "tokenizer_config": {"bos_token": "<s>", "cls_token": "<CLS>", "eos_token": "</s>", "mask_token": "<MASK>", "pad_token": "<pad>", "sep_token": "<SEP>", "unk_token": "<unk>"}}, "cardData": {"license": "mit"}, "transformersInfo": {"auto_model": "AutoModelForCausalLM", "pipeline_tag": "text-generation", "processor": "AutoTokenizer"}, "siblings": [{"rfilename": ".gitattributes"}, {"rfilename": "README.md"}, {"rfilename": "added_tokens.json"}, {"rfilename": "config.json"}, {"rfilename": "generation_config.json"}, {"rfilename": "model-00001-of-00006.safetensors"}, {"rfilename": "model-00002-of-00006.safetensors"}, {"rfilename": "model-00003-of-00006.safetensors"}, {"rfilename": "model-00004-of-00006.safetensors"}, {"rfilename": "model-00005-of-00006.safetensors"}, {"rfilename": "model-00006-of-00006.safetensors"}, {"rfilename": "model.safetensors.index.json"}, {"rfilename": "special_tokens_map.json"}, {"rfilename": "spiece.model"}, {"rfilename": "tokenizer_config.json"}], "spaces": [], "createdAt": "2024-05-25T12:53:21.000Z", "safetensors": {"parameters": {"F32": 6696869888}, "total": 6696869888}, "inferenceStatus": "not-loaded"}