{"_id": "66532ad6d200a2ecdf3272ef", "id": "u-10bei/safetynet-6.7b_step36300_openassistant", "modelId": "u-10bei/safetynet-6.7b_step36300_openassistant", "author": "u-10bei", "sha": "b4a5b96e920145481865ab9b172240f69eec8013", "lastModified": "2024-05-26T12:28:07.000Z", "private": false, "disabled": false, "gated": false, "tags": ["license:mit", "region:us"], "downloads": 0, "likes": 0, "model-index": null, "cardData": {"license": "mit"}, "siblings": [{"rfilename": ".gitattributes"}, {"rfilename": "README.md"}], "spaces": [], "createdAt": "2024-05-26T12:28:06.000Z", "inferenceStatus": "not-loaded"}