{"_id": "65fb8a34fc9132a2dfbf9498", "id": "u-10bei/JINIAC_tokenizer_v0.1", "modelId": "u-10bei/JINIAC_tokenizer_v0.1", "author": "u-10bei", "sha": "dd6ece63aec6a65f77a128617f34d8bd10f7c3e4", "lastModified": "2024-03-21T07:04:39.000Z", "private": false, "disabled": false, "gated": false, "tags": ["ja", "license:mit", "region:us"], "downloads": 0, "likes": 1, "model-index": null, "config": {"tokenizer_config": {"bos_token": "<s>", "cls_token": "<CLS>", "eos_token": "</s>", "mask_token": "<MASK>", "pad_token": "<pad>", "sep_token": "<SEP>", "unk_token": "<unk>"}}, "cardData": {"license": "mit", "language": ["ja"]}, "siblings": [{"rfilename": ".gitattributes"}, {"rfilename": "README.md"}, {"rfilename": "special_tokens_map.json"}, {"rfilename": "spiece.model"}, {"rfilename": "tokenizer_config.json"}], "spaces": [], "createdAt": "2024-03-21T01:15:32.000Z", "inferenceStatus": "not-loaded"}