{"_id": "665005db5c0a304ee1737ff3", "id": "u-10bei/JINIAC_tokenizer_v0.94_ja42K_en13K_hi7k", "modelId": "u-10bei/JINIAC_tokenizer_v0.94_ja42K_en13K_hi7k", "author": "u-10bei", "sha": "95e11d53ba8078b8efa21d98ff54fc5930a2a2de", "lastModified": "2024-05-24T03:13:31.000Z", "private": false, "disabled": false, "gated": false, "tags": ["license:mit", "region:us"], "downloads": 0, "likes": 0, "model-index": null, "cardData": {"license": "mit"}, "siblings": [{"rfilename": ".gitattributes"}, {"rfilename": "README.md"}], "spaces": [], "createdAt": "2024-05-24T03:13:31.000Z", "inferenceStatus": "not-loaded"}