{"_id": "66260b9f525135aeda5f9bff", "id": "u-hyszk/bitnet-b158-wiki40b-ja", "modelId": "u-hyszk/bitnet-b158-wiki40b-ja", "author": "u-hyszk", "sha": "5a760d5bf147c0e322b90deea19a39827c820f77", "lastModified": "2024-04-29T03:25:36.000Z", "private": false, "disabled": false, "gated": false, "pipeline_tag": "text-generation", "tags": ["transformers", "safetensors", "bit_llama", "text-generation", "custom_code", "autotrain_compatible", "region:us"], "downloads": 2, "library_name": "transformers", "widgetData": [{"text": "My name is Julien and I like to"}, {"text": "My name is Thomas and my main"}, {"text": "My name is Mariama, my favorite"}, {"text": "My name is Clara and I am"}, {"text": "My name is Lewis and I like to"}, {"text": "My name is Merve and my favorite"}, {"text": "My name is Teven and I am"}, {"text": "Once upon a time,"}], "likes": 0, "config": {"architectures": ["BitLlamaForCausalLM"], "auto_map": {"AutoConfig": "modeling_bit_llama.BitLlamaConfig", "AutoModelForCausalLM": "modeling_bit_llama.BitLlamaForCausalLM"}, "model_type": "bit_llama", "tokenizer_config": {"bos_token": "<s>", "eos_token": "</s>", "pad_token": "</s>", "unk_token": "<unk>", "use_default_system_prompt": false}}, "transformersInfo": {"auto_model": "AutoModelForCausalLM", "custom_class": "modeling_bit_llama.BitLlamaForCausalLM", "pipeline_tag": "text-generation"}, "siblings": [{"rfilename": ".gitattributes"}, {"rfilename": "config.json"}, {"rfilename": "log"}, {"rfilename": "model.safetensors"}, {"rfilename": "special_tokens_map.json"}, {"rfilename": "tokenizer.json"}, {"rfilename": "tokenizer.model"}, {"rfilename": "tokenizer_config.json"}, {"rfilename": "training_args.bin"}], "spaces": [], "createdAt": "2024-04-22T07:02:55.000Z", "safetensors": {"parameters": {"F32": 127735296}, "total": 127735296}, "inferenceStatus": "not-loaded"}