{"_id": "663226fa4e904ec26bdf9fff", "id": "u00890358/xlm-roberta-base-finetuned-panx-en", "modelId": "u00890358/xlm-roberta-base-finetuned-panx-en", "author": "u00890358", "sha": "4dcd7c8d943d79b72f4fae18bb8cf2e666cfa046", "lastModified": "2024-05-01T11:44:42.000Z", "private": false, "disabled": false, "gated": false, "pipeline_tag": "token-classification", "tags": ["transformers", "safetensors", "xlm-roberta", "token-classification", "generated_from_trainer", "base_model:xlm-roberta-base", "autotrain_compatible", "endpoints_compatible", "region:us"], "downloads": 4, "library_name": "transformers", "mask_token": "<mask>", "widgetData": [{"text": "My name is Wolfgang and I live in Berlin"}, {"text": "My name is Sarah and I live in London"}, {"text": "My name is Clara and I live in Berkeley, California."}], "likes": 0, "model-index": [{"name": "xlm-roberta-base-finetuned-panx-en", "results": []}], "config": {"architectures": ["XLMRobertaForTokenClassification"], "model_type": "xlm-roberta", "tokenizer_config": {"bos_token": "<s>", "cls_token": "<s>", "eos_token": "</s>", "mask_token": "<mask>", "pad_token": "<pad>", "sep_token": "</s>", "unk_token": "<unk>"}}, "cardData": {"base_model": "xlm-roberta-base", "tags": ["generated_from_trainer"], "metrics": ["f1"], "model-index": [{"name": "xlm-roberta-base-finetuned-panx-en", "results": []}]}, "transformersInfo": {"auto_model": "AutoModelForTokenClassification", "pipeline_tag": "token-classification", "processor": "AutoTokenizer"}, "siblings": [{"rfilename": ".gitattributes"}, {"rfilename": "README.md"}, {"rfilename": "config.json"}, {"rfilename": "model.safetensors"}, {"rfilename": "sentencepiece.bpe.model"}, {"rfilename": "special_tokens_map.json"}, {"rfilename": "tokenizer.json"}, {"rfilename": "tokenizer_config.json"}, {"rfilename": "training_args.bin"}], "spaces": [], "createdAt": "2024-05-01T11:26:50.000Z", "safetensors": {"parameters": {"F32": 277459208}, "total": 277459208}, "inferenceStatus": "not-loaded"}