{"_id": "64697e35511e5cdeb0f1eaa1", "id": "U1BlackMamba/ddpm-ema-flowers-64", "modelId": "U1BlackMamba/ddpm-ema-flowers-64", "author": "U1BlackMamba", "sha": "d24a7042d500f0a78dec74eefc026ac42b5561e7", "lastModified": "2023-05-21T05:02:28.000Z", "private": false, "disabled": false, "gated": false, "tags": ["diffusers", "tensorboard", "diffusers:DDPMPipeline", "region:us"], "downloads": 0, "library_name": "diffusers", "likes": 0, "config": {"diffusers": {"_class_name": "DDPMPipeline"}}, "siblings": [{"rfilename": ".gitattributes"}, {"rfilename": ".gitignore"}, {"rfilename": "checkpoint-500/optimizer.bin"}, {"rfilename": "checkpoint-500/random_states_0.pkl"}, {"rfilename": "checkpoint-500/scheduler.bin"}, {"rfilename": "checkpoint-500/unet/config.json"}, {"rfilename": "checkpoint-500/unet/diffusion_pytorch_model.bin"}, {"rfilename": "logs/train_unconditional/events.out.tfevents.1684635225.DESKTOP-Q2UCHQH.18116.0"}, {"rfilename": "logs/train_unconditional/events.out.tfevents.1684643382.DESKTOP-Q2UCHQH.14092.0"}, {"rfilename": "logs/train_unconditional/events.out.tfevents.1684645240.DESKTOP-Q2UCHQH.16272.0"}, {"rfilename": "model_index.json"}, {"rfilename": "scheduler/scheduler_config.json"}, {"rfilename": "unet/config.json"}, {"rfilename": "unet/diffusion_pytorch_model.bin"}], "spaces": [], "createdAt": "2023-05-21T02:13:09.000Z", "inferenceStatus": "not-loaded"}