{"_id": "6422116a04dcf8f198db4966", "id": "u23429/headline-predictor", "modelId": "u23429/headline-predictor", "author": "u23429", "sha": "0a6108eb1296ccb8e36509e62d3128d671df3988", "lastModified": "2023-03-27T22:05:18.000Z", "private": false, "disabled": false, "gated": false, "pipeline_tag": "text-classification", "tags": ["transformers", "pytorch", "bert", "text-classification", "autotrain", "en", "dataset:u23429/autotrain-data-stock-distil", "co2_eq_emissions", "autotrain_compatible", "endpoints_compatible", "region:us"], "downloads": 3, "library_name": "transformers", "mask_token": "[MASK]", "widgetData": [{"text": "I love AutoTrain \ud83e\udd17"}], "likes": 0, "model-index": null, "config": {"architectures": ["BertForSequenceClassification"], "model_type": "bert", "tokenizer_config": {"cls_token": "[CLS]", "mask_token": "[MASK]", "pad_token": "[PAD]", "sep_token": "[SEP]", "unk_token": "[UNK]"}}, "cardData": {"tags": ["autotrain", "text-classification"], "language": ["en"], "widget": [{"text": "I love AutoTrain \ud83e\udd17"}], "datasets": ["u23429/autotrain-data-stock-distil"], "co2_eq_emissions": {"emissions": 2.960971697133151}}, "transformersInfo": {"auto_model": "AutoModelForSequenceClassification", "pipeline_tag": "text-classification", "processor": "AutoTokenizer"}, "siblings": [{"rfilename": ".gitattributes"}, {"rfilename": "README.md"}, {"rfilename": "config.json"}, {"rfilename": "pytorch_model.bin"}, {"rfilename": "special_tokens_map.json"}, {"rfilename": "tokenizer.json"}, {"rfilename": "tokenizer_config.json"}, {"rfilename": "vocab.txt"}], "spaces": [], "createdAt": "2023-03-27T21:58:02.000Z", "inferenceStatus": "not-loaded"}