{"_id": "65b8913e7817e067a5f4742e", "id": "U4R/ChartVLM-base", "modelId": "U4R/ChartVLM-base", "author": "U4R", "sha": "f1e3a6ed7e6c0a652b2ea48483c7916ffc8c21dd", "lastModified": "2024-02-19T15:22:21.000Z", "private": false, "disabled": false, "gated": false, "tags": ["region:us"], "downloads": 0, "likes": 2, "siblings": [{"rfilename": ".gitattributes"}, {"rfilename": "README.md"}, {"rfilename": "auxiliary_decoder/README.md"}, {"rfilename": "auxiliary_decoder/adapter_config.json"}, {"rfilename": "auxiliary_decoder/adapter_model.bin"}, {"rfilename": "auxiliary_decoder/base/README.md"}, {"rfilename": "auxiliary_decoder/base/config.json"}, {"rfilename": "auxiliary_decoder/base/generation_config.json"}, {"rfilename": "auxiliary_decoder/base/gitattributes"}, {"rfilename": "auxiliary_decoder/base/pytorch_model-00001-of-00002.bin"}, {"rfilename": "auxiliary_decoder/base/pytorch_model-00002-of-00002.bin"}, {"rfilename": "auxiliary_decoder/base/pytorch_model.bin.index.json"}, {"rfilename": "auxiliary_decoder/base/special_tokens_map.json"}, {"rfilename": "auxiliary_decoder/base/tokenizer.model"}, {"rfilename": "auxiliary_decoder/base/tokenizer_config.json"}, {"rfilename": "auxiliary_decoder/optimizer.pt"}, {"rfilename": "auxiliary_decoder/rng_state_0.pth"}, {"rfilename": "auxiliary_decoder/rng_state_1.pth"}, {"rfilename": "auxiliary_decoder/rng_state_2.pth"}, {"rfilename": "auxiliary_decoder/rng_state_3.pth"}, {"rfilename": "auxiliary_decoder/rng_state_4.pth"}, {"rfilename": "auxiliary_decoder/rng_state_5.pth"}, {"rfilename": "auxiliary_decoder/rng_state_6.pth"}, {"rfilename": "auxiliary_decoder/rng_state_7.pth"}, {"rfilename": "auxiliary_decoder/scheduler.pt"}, {"rfilename": "auxiliary_decoder/trainer_state.json"}, {"rfilename": "auxiliary_decoder/training_args.bin"}, {"rfilename": "base_decoder/config.json"}, {"rfilename": "base_decoder/generation_config.json"}, {"rfilename": "base_decoder/preprocessor_config.json"}, {"rfilename": "base_decoder/pytorch_model.bin"}, {"rfilename": "base_decoder/special_tokens_map.json"}, {"rfilename": "base_decoder/state_dict.pth"}, {"rfilename": "base_decoder/title_type/config.json"}, {"rfilename": "base_decoder/title_type/generation_config.json"}, {"rfilename": "base_decoder/title_type/pytorch_model.bin"}, {"rfilename": "base_decoder/title_type/state_dict.pth"}, {"rfilename": "base_decoder/tokenizer.json"}, {"rfilename": "base_decoder/tokenizer_config.json"}, {"rfilename": "instruction_adapter/mlp_classifier.pth"}, {"rfilename": "instruction_adapter/vectorizer.pkl"}], "spaces": [], "createdAt": "2024-01-30T06:03:42.000Z", "inferenceStatus": "not-loaded"}