{"_id": "65ddac98f0f26b277b0a03f2", "id": "u66u/NeuralJaskier-7b-dpo", "modelId": "u66u/NeuralJaskier-7b-dpo", "author": "u66u", "sha": "dc363869e472a853dc3d298e44f2098ab1e9b788", "lastModified": "2024-02-27T09:45:16.000Z", "private": false, "disabled": false, "gated": false, "pipeline_tag": "text-generation", "tags": ["transformers", "safetensors", "mistral", "text-generation", "merge", "mergekit", "lazymergekit", "bardsai/jaskier-7b-dpo-v6.1", "CultriX/NeuralTrix-7B-dpo", "base_model:bardsai/jaskier-7b-dpo-v6.1", "base_model:CultriX/NeuralTrix-7B-dpo", "license:mit", "autotrain_compatible", "text-generation-inference", "endpoints_compatible", "region:us"], "downloads": 598, "library_name": "transformers", "widgetData": [{"text": "My name is Julien and I like to"}, {"text": "My name is Thomas and my main"}, {"text": "My name is Mariama, my favorite"}, {"text": "My name is Clara and I am"}, {"text": "My name is Lewis and I like to"}, {"text": "My name is Merve and my favorite"}, {"text": "My name is Teven and I am"}, {"text": "Once upon a time,"}], "likes": 0, "model-index": null, "config": {"architectures": ["MistralForCausalLM"], "model_type": "mistral", "tokenizer_config": {"bos_token": "<s>", "eos_token": "</s>", "pad_token": "<unk>", "unk_token": "<unk>", "use_default_system_prompt": false}}, "cardData": {"tags": ["merge", "mergekit", "lazymergekit", "bardsai/jaskier-7b-dpo-v6.1", "CultriX/NeuralTrix-7B-dpo"], "base_model": ["bardsai/jaskier-7b-dpo-v6.1", "CultriX/NeuralTrix-7B-dpo"], "license": "mit"}, "transformersInfo": {"auto_model": "AutoModelForCausalLM", "pipeline_tag": "text-generation", "processor": "AutoTokenizer"}, "siblings": [{"rfilename": ".gitattributes"}, {"rfilename": "README.md"}, {"rfilename": "config.json"}, {"rfilename": "mergekit_config.yml"}, {"rfilename": "model-00001-of-00002.safetensors"}, {"rfilename": "model-00002-of-00002.safetensors"}, {"rfilename": "model.safetensors.index.json"}, {"rfilename": "special_tokens_map.json"}, {"rfilename": "tokenizer.json"}, {"rfilename": "tokenizer.model"}, {"rfilename": "tokenizer_config.json"}], "spaces": [], "createdAt": "2024-02-27T09:34:16.000Z", "safetensors": {"parameters": {"BF16": 7241732096}, "total": 7241732096}, "inferenceStatus": "not-loaded"}