{"_id": "6501ecdad6583ade3d038517", "id": "u6ujh6h6/ddddd", "modelId": "u6ujh6h6/ddddd", "author": "u6ujh6h6", "sha": "18b05bd6b55fb8a1bc2348e96d707aba04500a71", "lastModified": "2023-09-13T17:11:08.000Z", "private": false, "disabled": false, "gated": false, "pipeline_tag": "text-generation", "tags": ["text-generation", "dataset:codefuse-ai/CodeExercise-Python-27k", "dataset:iamtarun/python_code_instructions_18k_alpaca", "dataset:mhhmm/leetcode-solutions-python", "dataset:mlabonne/Evol-Instruct-Python-26k", "dataset:Nan-Do/instructional_code-search-net-python", "dataset:Arjun-G-Ravi/Python-codes", "dataset:reshinthadith/pairwise-code-review-instruct-critique-revision-python", "dataset:iamketan25/python-qa-instructions-dataset", "doi:10.57967/hf/1100", "region:us"], "downloads": 0, "widgetData": [{"text": "My name is Julien and I like to"}, {"text": "My name is Thomas and my main"}, {"text": "My name is Mariama, my favorite"}, {"text": "My name is Clara and I am"}, {"text": "My name is Lewis and I like to"}, {"text": "My name is Merve and my favorite"}, {"text": "My name is Teven and I am"}, {"text": "Once upon a time,"}], "likes": 0, "model-index": null, "cardData": {"datasets": ["codefuse-ai/CodeExercise-Python-27k", "iamtarun/python_code_instructions_18k_alpaca", "mhhmm/leetcode-solutions-python", "mlabonne/Evol-Instruct-Python-26k", "Nan-Do/instructional_code-search-net-python", "Arjun-G-Ravi/Python-codes", "reshinthadith/pairwise-code-review-instruct-critique-revision-python", "iamketan25/python-qa-instructions-dataset"], "pipeline_tag": "text-generation"}, "siblings": [{"rfilename": ".gitattributes"}, {"rfilename": "README.md"}], "spaces": [], "createdAt": "2023-09-13T17:09:46.000Z", "inferenceStatus": "not-loaded"}