{"_id": "665c069ad94d2b10677e7206", "id": "UAI-Software/API_SDXLLightning", "modelId": "UAI-Software/API_SDXLLightning", "author": "UAI-Software", "sha": "2c8643662261facc1231939683e9c961924bf360", "lastModified": "2024-06-02T07:00:20.000Z", "private": false, "disabled": false, "gated": false, "tags": ["endpoints_compatible", "region:us"], "downloads": 0, "likes": 0, "siblings": [{"rfilename": ".gitattributes"}, {"rfilename": "__pycache__/imageRequest.cpython-39.pyc"}, {"rfilename": "__pycache__/my_handler.cpython-39.pyc"}, {"rfilename": "deploy.bat"}, {"rfilename": "handler.py"}, {"rfilename": "imageRequest.py"}, {"rfilename": "requirements.txt"}, {"rfilename": "test.py"}], "spaces": [], "createdAt": "2024-06-02T05:43:54.000Z", "inferenceStatus": "not-loaded"}