{"_id": "65ebaece0c9227e967a65469", "id": "UAlbertaUAIS/Chelberta", "modelId": "UAlbertaUAIS/Chelberta", "author": "UAlbertaUAIS", "sha": "263892a3135f3116b4e8e84cef5018bd6f7b1fae", "lastModified": "2024-03-09T00:49:14.000Z", "private": false, "disabled": false, "gated": false, "tags": ["peft", "safetensors", "arxiv:1910.09700", "base_model:cardiffnlp/twitter-roberta-base-sentiment-latest", "region:us"], "downloads": 0, "library_name": "peft", "likes": 1, "model-index": null, "config": {"peft": {"base_model_name_or_path": "cardiffnlp/twitter-roberta-base-sentiment-latest", "task_type": "SEQ_CLS"}}, "cardData": {"library_name": "peft", "base_model": "cardiffnlp/twitter-roberta-base-sentiment-latest"}, "siblings": [{"rfilename": ".gitattributes"}, {"rfilename": "README.md"}, {"rfilename": "adapter_config.json"}, {"rfilename": "adapter_model.safetensors"}], "spaces": [], "createdAt": "2024-03-09T00:35:26.000Z", "inferenceStatus": "not-loaded"}