{"_id": "6669bac2ace3149ae5012459", "id": "ualerr/Games_A-I-L-M", "modelId": "ualerr/Games_A-I-L-M", "author": "ualerr", "sha": "8326a18e221877d50e89a402fdde1a1baa96b265", "lastModified": "2024-07-03T19:16:04.000Z", "private": false, "disabled": false, "gated": false, "tags": ["license:mit", "region:us"], "downloads": 0, "likes": 1, "model-index": null, "cardData": {"license": "mit"}, "siblings": [{"rfilename": ".gitattributes"}, {"rfilename": "C-S-L-M_23K.rar"}, {"rfilename": "C-S-L-M_23K/F1_curve.png"}, {"rfilename": "C-S-L-M_23K/PR_curve.png"}, {"rfilename": "C-S-L-M_23K/P_curve.png"}, {"rfilename": "C-S-L-M_23K/R_curve.png"}, {"rfilename": "C-S-L-M_23K/args.yaml"}, {"rfilename": "C-S-L-M_23K/best.pt"}, {"rfilename": "C-S-L-M_23K/confusion_matrix.png"}, {"rfilename": "C-S-L-M_23K/confusion_matrix_normalized.png"}, {"rfilename": "C-S-L-M_23K/labels.jpg"}, {"rfilename": "C-S-L-M_23K/labels_correlogram.jpg"}, {"rfilename": "C-S-L-M_23K/last.pt"}, {"rfilename": "C-S-L-M_23K/results.csv"}, {"rfilename": "C-S-L-M_23K/results.png"}, {"rfilename": "C-S-L-M_23K/train_batch0.jpg"}, {"rfilename": "C-S-L-M_23K/train_batch1.jpg"}, {"rfilename": "C-S-L-M_23K/train_batch2.jpg"}, {"rfilename": "C-S-L-M_23K/val_batch0_labels.jpg"}, {"rfilename": "C-S-L-M_23K/val_batch0_pred.jpg"}, {"rfilename": "C-S-L-M_23K/val_batch1_labels.jpg"}, {"rfilename": "C-S-L-M_23K/val_batch1_pred.jpg"}, {"rfilename": "C-S-L-M_23K/val_batch2_labels.jpg"}, {"rfilename": "C-S-L-M_23K/val_batch2_pred.jpg"}, {"rfilename": "Dataset_100k.rar"}, {"rfilename": "README.md"}], "spaces": [], "createdAt": "2024-06-12T15:12:02.000Z", "inferenceStatus": "not-loaded"}