{"_id": "65c384be2cd3055bad79e3de", "id": "uaoeueo/ariana", "modelId": "uaoeueo/ariana", "author": "uaoeueo", "sha": "ccf78baa4783623d9825153cb975c5cc6bf28e01", "lastModified": "2024-02-07T13:52:52.000Z", "private": false, "disabled": false, "gated": false, "tags": ["license:cc-by-3.0", "region:us"], "downloads": 0, "likes": 0, "model-index": null, "cardData": {"license": "cc-by-3.0"}, "siblings": [{"rfilename": ".gitattributes"}, {"rfilename": "Modi.zip"}, {"rfilename": "README.md"}, {"rfilename": "SoniaTOTK.zip"}, {"rfilename": "arianagrandev2.zip"}, {"rfilename": "srkmodel.zip"}], "spaces": [], "createdAt": "2024-02-07T13:25:18.000Z", "inferenceStatus": "not-loaded"}