{"_id": "632c01a042c386ebd2700949", "id": "uaritm/multilingual_en_ru_uk", "modelId": "uaritm/multilingual_en_ru_uk", "author": "uaritm", "sha": "4ba37935914d4033bca422c1548cc78cddc14483", "lastModified": "2023-06-04T16:27:03.000Z", "private": false, "disabled": false, "gated": false, "pipeline_tag": "sentence-similarity", "tags": ["sentence-transformers", "pytorch", "xlm-roberta", "feature-extraction", "sentence-similarity", "transformers", "multilingual", "en", "ru", "uk", "pl", "dataset:ted_multi", "dataset:Helsinki-NLP/tatoeba_mt", "license:apache-2.0", "autotrain_compatible", "text-embeddings-inference", "endpoints_compatible", "region:us"], "downloads": 70, "library_name": "sentence-transformers", "mask_token": "<mask>", "likes": 4, "model-index": null, "config": {"architectures": ["XLMRobertaModel"], "model_type": "xlm-roberta", "tokenizer_config": {"bos_token": "<s>", "cls_token": "<s>", "eos_token": "</s>", "mask_token": {"__type": "AddedToken", "content": "<mask>", "lstrip": true, "normalized": true, "rstrip": false, "single_word": false}, "pad_token": "<pad>", "sep_token": "</s>", "unk_token": "<unk>"}}, "cardData": {"pipeline_tag": "sentence-similarity", "tags": ["sentence-transformers", "feature-extraction", "sentence-similarity", "transformers", "multilingual", "en", "ru", "uk"], "license": "apache-2.0", "datasets": ["ted_multi", "Helsinki-NLP/tatoeba_mt"], "language": ["uk", "en", "pl", "ru"], "metrics": ["mse"], "library_name": "sentence-transformers"}, "transformersInfo": {"auto_model": "AutoModel", "pipeline_tag": "feature-extraction", "processor": "AutoTokenizer"}, "siblings": [{"rfilename": ".gitattributes"}, {"rfilename": "1_Pooling/config.json"}, {"rfilename": "README.md"}, {"rfilename": "config.json"}, {"rfilename": "config_sentence_transformers.json"}, {"rfilename": "modules.json"}, {"rfilename": "pytorch_model.bin"}, {"rfilename": "sentence_bert_config.json"}, {"rfilename": "sentencepiece.bpe.model"}, {"rfilename": "special_tokens_map.json"}, {"rfilename": "tokenizer.json"}, {"rfilename": "tokenizer_config.json"}], "spaces": [], "createdAt": "2022-09-22T06:33:04.000Z", "inferenceStatus": "not-loaded"}