{"_id": "645e8f9b916e745511ffbb8b", "id": "uaritm/multilingual_en_uk_pl_ru", "modelId": "uaritm/multilingual_en_uk_pl_ru", "author": "uaritm", "sha": "b8e9b2c4261790afc5efec66b6f13fc742a2d8f1", "lastModified": "2023-06-04T16:34:24.000Z", "private": false, "disabled": false, "gated": false, "pipeline_tag": "sentence-similarity", "tags": ["sentence-transformers", "pytorch", "xlm-roberta", "feature-extraction", "sentence-similarity", "transformers - multilingual - en - ru - uk - pl", "uk", "en", "pl", "ru", "dataset:Helsinki-NLP/tatoeba_mt", "license:apache-2.0", "autotrain_compatible", "text-embeddings-inference", "endpoints_compatible", "region:us"], "downloads": 1752, "library_name": "sentence-transformers", "mask_token": "<mask>", "likes": 1, "model-index": null, "config": {"architectures": ["XLMRobertaModel"], "model_type": "xlm-roberta", "tokenizer_config": {"bos_token": "<s>", "cls_token": "<s>", "eos_token": "</s>", "mask_token": {"__type": "AddedToken", "content": "<mask>", "lstrip": true, "normalized": true, "rstrip": false, "single_word": false}, "pad_token": "<pad>", "sep_token": "</s>", "unk_token": "<unk>"}}, "cardData": {"pipeline_tag": "sentence-similarity", "tags": ["sentence-transformers", "feature-extraction", "sentence-similarity", "transformers - multilingual - en - ru - uk - pl"], "license": "apache-2.0", "datasets": ["Helsinki-NLP/tatoeba_mt"], "metrics": ["mse"], "language": ["uk", "en", "pl", "ru"], "library_name": "sentence-transformers"}, "siblings": [{"rfilename": ".gitattributes"}, {"rfilename": "1_Pooling/config.json"}, {"rfilename": "README.md"}, {"rfilename": "config.json"}, {"rfilename": "config_sentence_transformers.json"}, {"rfilename": "modules.json"}, {"rfilename": "pytorch_model.bin"}, {"rfilename": "sentence_bert_config.json"}, {"rfilename": "sentencepiece.bpe.model"}, {"rfilename": "special_tokens_map.json"}, {"rfilename": "tokenizer.json"}, {"rfilename": "tokenizer_config.json"}], "spaces": [], "createdAt": "2023-05-12T19:12:27.000Z", "inferenceStatus": "not-loaded"}