{"_id": "627956debba7c62cbab29f11", "id": "uaritm/df_lik_n_mg_221", "modelId": "uaritm/df_lik_n_mg_221", "author": "uaritm", "sha": "a51f42a839bfc6cdba15bc7d482c045e0375afd3", "lastModified": "2023-01-12T23:03:00.000Z", "private": false, "disabled": false, "gated": false, "pipeline_tag": "text2text-generation", "tags": ["transformers", "pytorch", "t5", "text2text-generation", "russian", "ukrainian", "ru", "uk", "multilingual", "license:mit", "autotrain_compatible", "text-generation-inference", "endpoints_compatible", "region:us"], "downloads": 1, "library_name": "transformers", "likes": 0, "model-index": null, "config": {"architectures": ["T5ForConditionalGeneration"], "model_type": "t5", "tokenizer_config": {"eos_token": "</s>", "unk_token": "<unk>", "pad_token": "<pad>"}}, "cardData": {"language": ["ru", "uk", "multilingual"], "license": "mit", "tags": ["russian", "ukrainian"]}, "transformersInfo": {"auto_model": "AutoModelForSeq2SeqLM", "pipeline_tag": "text2text-generation", "processor": "AutoTokenizer"}, "siblings": [{"rfilename": ".gitattributes"}, {"rfilename": "README.md"}, {"rfilename": "config.json"}, {"rfilename": "pytorch_model.bin"}, {"rfilename": "special_tokens_map.json"}, {"rfilename": "spiece.model"}, {"rfilename": "tokenizer_config.json"}], "spaces": [], "createdAt": "2022-05-09T18:01:02.000Z", "inferenceStatus": "not-loaded"}