{"_id": "638bd325d274cbbad2838bcc", "id": "uaritm/lik_neuro_202-setfit", "modelId": "uaritm/lik_neuro_202-setfit", "author": "uaritm", "sha": "77ff5ad85d40801241c94bd95a42fc85600c21c7", "lastModified": "2022-12-15T15:19:24.000Z", "private": false, "disabled": false, "gated": false, "pipeline_tag": "sentence-similarity", "tags": ["sentence-transformers", "pytorch", "xlm-roberta", "feature-extraction", "sentence-similarity", "transformers", "autotrain_compatible", "text-embeddings-inference", "endpoints_compatible", "region:us"], "downloads": 3, "library_name": "sentence-transformers", "mask_token": "<mask>", "widgetData": [{"source_sentence": "That is a happy person", "sentences": ["That is a happy dog", "That is a very happy person", "Today is a sunny day"]}], "likes": 1, "model-index": null, "config": {"architectures": ["XLMRobertaModel"], "model_type": "xlm-roberta", "tokenizer_config": {"bos_token": "<s>", "cls_token": "<s>", "eos_token": "</s>", "mask_token": {"__type": "AddedToken", "content": "<mask>", "lstrip": true, "normalized": true, "rstrip": false, "single_word": false}, "pad_token": "<pad>", "sep_token": "</s>", "unk_token": "<unk>"}}, "cardData": {"pipeline_tag": "sentence-similarity", "tags": ["sentence-transformers", "feature-extraction", "sentence-similarity", "transformers"]}, "transformersInfo": {"auto_model": "AutoModel", "pipeline_tag": "feature-extraction", "processor": "AutoTokenizer"}, "siblings": [{"rfilename": ".gitattributes"}, {"rfilename": "1_Pooling/config.json"}, {"rfilename": "README.md"}, {"rfilename": "config.json"}, {"rfilename": "config_sentence_transformers.json"}, {"rfilename": "modules.json"}, {"rfilename": "pytorch_model.bin"}, {"rfilename": "sentence_bert_config.json"}, {"rfilename": "sentencepiece.bpe.model"}, {"rfilename": "special_tokens_map.json"}, {"rfilename": "tokenizer.json"}, {"rfilename": "tokenizer_config.json"}], "spaces": [], "createdAt": "2022-12-03T22:52:21.000Z", "inferenceStatus": "not-loaded"}