{"_id": "65a1b481482c457f35063c82", "id": "uaritm/T5_multiln_qa2", "modelId": "uaritm/T5_multiln_qa2", "author": "uaritm", "sha": "c40bb9150d10369d446901a95ec0a2ac1ae3adc0", "lastModified": "2024-01-12T21:53:06.000Z", "private": false, "disabled": false, "gated": false, "pipeline_tag": "text2text-generation", "tags": ["transformers", "safetensors", "t5", "text2text-generation", "license:mit", "autotrain_compatible", "text-generation-inference", "endpoints_compatible", "region:us"], "downloads": 0, "library_name": "transformers", "likes": 0, "model-index": null, "config": {"architectures": ["T5ForConditionalGeneration"], "model_type": "t5", "tokenizer_config": {"eos_token": "</s>", "pad_token": "<pad>", "unk_token": "<unk>"}}, "cardData": {"license": "mit"}, "transformersInfo": {"auto_model": "AutoModelForSeq2SeqLM", "pipeline_tag": "text2text-generation", "processor": "AutoTokenizer"}, "siblings": [{"rfilename": ".gitattributes"}, {"rfilename": "README.md"}, {"rfilename": "config.json"}, {"rfilename": "generation_config.json"}, {"rfilename": "model.safetensors"}, {"rfilename": "special_tokens_map.json"}, {"rfilename": "spiece.model"}, {"rfilename": "tokenizer_config.json"}], "spaces": [], "createdAt": "2024-01-12T21:52:01.000Z", "safetensors": {"parameters": {"F32": 278101248}, "total": 278101248}, "inferenceStatus": "not-loaded"}