{"_id": "642dcb6c42b094c9138c04e8", "id": "uaritm/T5_ukruen_qa_all_clean_10", "modelId": "uaritm/T5_ukruen_qa_all_clean_10", "author": "uaritm", "sha": "4abcf53d48dfd1fd70c2e1ea460901e2f865d971", "lastModified": "2023-04-18T17:50:04.000Z", "private": false, "disabled": false, "gated": false, "pipeline_tag": "text2text-generation", "tags": ["transformers", "pytorch", "t5", "text2text-generation", "license:creativeml-openrail-m", "autotrain_compatible", "text-generation-inference", "endpoints_compatible", "region:us"], "downloads": 5, "library_name": "transformers", "likes": 1, "model-index": null, "config": {"architectures": ["T5ForConditionalGeneration"], "model_type": "t5", "tokenizer_config": {"eos_token": "</s>", "pad_token": "<pad>", "unk_token": "<unk>"}}, "cardData": {"license": "creativeml-openrail-m"}, "transformersInfo": {"auto_model": "AutoModelForSeq2SeqLM", "pipeline_tag": "text2text-generation", "processor": "AutoTokenizer"}, "siblings": [{"rfilename": ".gitattributes"}, {"rfilename": "README.md"}, {"rfilename": "config.json"}, {"rfilename": "generation_config.json"}, {"rfilename": "pytorch_model.bin"}, {"rfilename": "special_tokens_map.json"}, {"rfilename": "spiece.model"}, {"rfilename": "tokenizer_config.json"}], "spaces": [], "createdAt": "2023-04-05T19:26:36.000Z", "inferenceStatus": "not-loaded"}