{"_id": "625ee577dbe34e790b9c1959", "id": "uaritm/lik_neuro_202", "modelId": "uaritm/lik_neuro_202", "author": "uaritm", "sha": "1e7137ae0fa791541aa244448f77daa6bd0aa274", "lastModified": "2023-05-08T20:47:30.000Z", "private": false, "disabled": false, "gated": false, "pipeline_tag": "text-classification", "tags": ["sentence-transformers", "pytorch", "bert", "setfit", "text-classification", "arxiv:2209.11055", "license:apache-2.0", "region:us"], "downloads": 13, "library_name": "sentence-transformers", "mask_token": "[MASK]", "widgetData": [{"text": "I like you. I love you"}], "likes": 0, "model-index": null, "config": {"architectures": ["BertModel"], "model_type": "bert", "tokenizer_config": {"bos_token": "<s>", "cls_token": "<s>", "eos_token": "</s>", "mask_token": {"__type": "AddedToken", "content": "<mask>", "lstrip": true, "normalized": true, "rstrip": false, "single_word": false}, "pad_token": "<pad>", "sep_token": "</s>", "unk_token": "<unk>"}}, "cardData": {"license": "apache-2.0", "tags": ["setfit", "sentence-transformers", "text-classification"], "pipeline_tag": "text-classification"}, "siblings": [{"rfilename": ".gitattributes"}, {"rfilename": "1_Pooling/config.json"}, {"rfilename": "README.md"}, {"rfilename": "config.json"}, {"rfilename": "config_sentence_transformers.json"}, {"rfilename": "model_head.pkl"}, {"rfilename": "modules.json"}, {"rfilename": "pytorch_model.bin"}, {"rfilename": "sentence_bert_config.json"}, {"rfilename": "sentencepiece.bpe.model"}, {"rfilename": "special_tokens_map.json"}, {"rfilename": "spiece.model"}, {"rfilename": "tokenizer.json"}, {"rfilename": "tokenizer_config.json"}, {"rfilename": "unigram.json"}], "spaces": [], "createdAt": "2022-04-19T16:38:15.000Z", "inferenceStatus": "not-loaded"}