{"_id": "6643b04bed4ac97e2cdb23a0", "id": "ubaada/lsg-bart-large-4096-booksum", "modelId": "ubaada/lsg-bart-large-4096-booksum", "author": "ubaada", "sha": "24c4fe320e2d46e301bdde678a8f31f0341e16ab", "lastModified": "2024-05-16T22:21:24.000Z", "private": false, "disabled": false, "gated": false, "pipeline_tag": "text2text-generation", "tags": ["transformers", "safetensors", "bart", "text2text-generation", "generated_from_trainer", "custom_code", "dataset:ubaada/booksum-complete-cleaned", "base_model:ubaada/lsg-bart-large-4096-booksum", "autotrain_compatible", "region:us"], "downloads": 4, "library_name": "transformers", "mask_token": "<mask>", "likes": 0, "model-index": [{"name": "lsg-bart-large-4096-booksum", "results": []}], "config": {"architectures": ["LSGBartForConditionalGeneration"], "auto_map": {"AutoConfig": "modeling_lsg_bart.LSGBartConfig", "AutoModel": "modeling_lsg_bart.LSGBartModel", "AutoModelForCausalLM": "modeling_lsg_bart.LSGBartForCausalLM", "AutoModelForQuestionAnswering": "modeling_lsg_bart.LSGBartForQuestionAnswering", "AutoModelForSeq2SeqLM": "modeling_lsg_bart.LSGBartForConditionalGeneration", "AutoModelForSequenceClassification": "modeling_lsg_bart.LSGBartForSequenceClassification"}, "model_type": "bart", "tokenizer_config": {"bos_token": "<s>", "cls_token": "<s>", "eos_token": "</s>", "mask_token": "<mask>", "pad_token": "<pad>", "sep_token": "</s>", "unk_token": "<unk>"}}, "cardData": {"base_model": "ubaada/lsg-bart-large-4096-booksum", "tags": ["generated_from_trainer"], "metrics": ["rouge"], "model-index": [{"name": "lsg-bart-large-4096-booksum", "results": []}], "datasets": ["ubaada/booksum-complete-cleaned"]}, "transformersInfo": {"auto_model": "AutoModelForSeq2SeqLM", "custom_class": "modeling_lsg_bart.LSGBartForConditionalGeneration", "pipeline_tag": "text2text-generation", "processor": "AutoTokenizer"}, "siblings": [{"rfilename": ".gitattributes"}, {"rfilename": "README.md"}, {"rfilename": "config.json"}, {"rfilename": "generation_config.json"}, {"rfilename": "merges.txt"}, {"rfilename": "model.safetensors"}, {"rfilename": "modeling_lsg_bart.py"}, {"rfilename": "special_tokens_map.json"}, {"rfilename": "tokenizer.json"}, {"rfilename": "tokenizer_config.json"}, {"rfilename": "training_args.bin"}, {"rfilename": "vocab.json"}], "spaces": [], "createdAt": "2024-05-14T18:41:15.000Z", "safetensors": {"parameters": {"F32": 413157465}, "total": 413157465}, "inferenceStatus": "not-loaded"}