{"_id": "66443b4495b15bd91b742a8c", "id": "ubaada/pegasus-x-large-booksum-16k", "modelId": "ubaada/pegasus-x-large-booksum-16k", "author": "ubaada", "sha": "44ac8269d5b043f8238f34c35db229f04a8e2008", "lastModified": "2024-05-19T04:03:34.000Z", "private": false, "disabled": false, "gated": false, "pipeline_tag": "text2text-generation", "tags": ["transformers", "safetensors", "pegasus_x", "text2text-generation", "generated_from_trainer", "base_model:ubaada/pegasus-x-large-booksum-16k", "autotrain_compatible", "endpoints_compatible", "region:us"], "downloads": 29, "library_name": "transformers", "likes": 0, "model-index": [{"name": "pegasus-x-large-booksum-16k", "results": []}], "config": {"architectures": ["PegasusXForConditionalGeneration"], "model_type": "pegasus_x", "tokenizer_config": {"eos_token": "</s>", "mask_token": "<mask_2>", "pad_token": "<pad>", "unk_token": "<unk>"}}, "cardData": {"base_model": "ubaada/pegasus-x-large-booksum-16k", "tags": ["generated_from_trainer"], "metrics": ["rouge"], "model-index": [{"name": "pegasus-x-large-booksum-16k", "results": []}]}, "transformersInfo": {"auto_model": "AutoModelForSeq2SeqLM", "pipeline_tag": "text2text-generation", "processor": "AutoTokenizer"}, "siblings": [{"rfilename": ".gitattributes"}, {"rfilename": "README.md"}, {"rfilename": "config.json"}, {"rfilename": "generation_config.json"}, {"rfilename": "model.safetensors"}, {"rfilename": "special_tokens_map.json"}, {"rfilename": "tokenizer.json"}, {"rfilename": "tokenizer_config.json"}, {"rfilename": "training_args.bin"}], "spaces": [], "createdAt": "2024-05-15T04:34:12.000Z", "safetensors": {"parameters": {"F32": 568667136}, "total": 568667136}, "inferenceStatus": "not-loaded"}