{"_id": "6678288a4b1e661916b36075", "id": "Ubaby9090/Chichi", "modelId": "Ubaby9090/Chichi", "author": "Ubaby9090", "sha": "a4595b429b48700bba6ff2fbcc6c4fe950ffc021", "lastModified": "2024-06-23T13:52:10.000Z", "private": false, "disabled": false, "gated": false, "tags": ["license:agpl-3.0", "region:us"], "downloads": 0, "likes": 0, "model-index": null, "cardData": {"license": "agpl-3.0"}, "siblings": [{"rfilename": ".gitattributes"}, {"rfilename": "README.md"}], "spaces": [], "createdAt": "2024-06-23T13:52:10.000Z", "inferenceStatus": "not-loaded"}