{"_id": "65e26e0f68e17130cb4383bc", "id": "Ubaidbhat/mistral_b_SQL_finance_finetuned", "modelId": "Ubaidbhat/mistral_b_SQL_finance_finetuned", "author": "Ubaidbhat", "sha": "9117dbfe9def2adf9badc99bbaf4c5e18cfdd47d", "lastModified": "2024-03-02T00:08:48.000Z", "private": false, "disabled": false, "gated": false, "tags": ["transformers", "arxiv:1910.09700", "endpoints_compatible", "region:us"], "downloads": 0, "library_name": "transformers", "likes": 0, "model-index": null, "config": {"tokenizer_config": {"bos_token": "<s>", "eos_token": "</s>", "pad_token": null, "unk_token": "<unk>", "use_default_system_prompt": false}}, "cardData": {"library_name": "transformers", "tags": []}, "transformersInfo": {"auto_model": "AutoModel"}, "siblings": [{"rfilename": ".gitattributes"}, {"rfilename": "README.md"}, {"rfilename": "special_tokens_map.json"}, {"rfilename": "tokenizer.json"}, {"rfilename": "tokenizer_config.json"}], "spaces": [], "createdAt": "2024-03-02T00:08:47.000Z", "inferenceStatus": "not-loaded"}