{"_id": "661e9d6fd4f74475eb223a8a", "id": "ubairnisarcowlar/timesformer-base-finetuned-k400-finetuned-ucf101-subset", "modelId": "ubairnisarcowlar/timesformer-base-finetuned-k400-finetuned-ucf101-subset", "author": "ubairnisarcowlar", "sha": "3074235a37e9eb194de2d6ee3acc3afd65bb4b90", "lastModified": "2024-04-16T15:46:55.000Z", "private": false, "disabled": false, "gated": false, "tags": ["region:us"], "downloads": 0, "likes": 0, "siblings": [{"rfilename": ".gitattributes"}], "spaces": [], "createdAt": "2024-04-16T15:46:55.000Z", "inferenceStatus": "not-loaded"}