{"_id": "65e26e07f70c00af96b55f7e", "id": "Ubaidbhat/mistral_b_SQL_finetuned", "modelId": "Ubaidbhat/mistral_b_SQL_finetuned", "author": "Ubaidbhat", "sha": "eeca26f66efd0aaa32123672cbe220db9372ed8a", "lastModified": "2024-03-02T00:08:46.000Z", "private": false, "disabled": false, "gated": false, "tags": ["transformers", "safetensors", "arxiv:1910.09700", "endpoints_compatible", "region:us"], "downloads": 0, "library_name": "transformers", "likes": 0, "model-index": null, "cardData": {"library_name": "transformers", "tags": []}, "transformersInfo": {"auto_model": "AutoModel"}, "siblings": [{"rfilename": ".gitattributes"}, {"rfilename": "README.md"}, {"rfilename": "adapter_config.json"}, {"rfilename": "adapter_model.safetensors"}], "spaces": [], "createdAt": "2024-03-02T00:08:39.000Z", "inferenceStatus": "not-loaded"}