{"_id": "65af5c6dd0a5cc99d520cfb5", "id": "Ubaidbhat/medron_7B_Dermotologist", "modelId": "Ubaidbhat/medron_7B_Dermotologist", "author": "Ubaidbhat", "sha": "c659fd24fe956cda2064fb0781746ab86fb63655", "lastModified": "2024-01-23T06:28:10.000Z", "private": false, "disabled": false, "gated": false, "tags": ["transformers", "safetensors", "arxiv:1910.09700", "endpoints_compatible", "region:us"], "downloads": 0, "library_name": "transformers", "likes": 0, "model-index": null, "config": {"tokenizer_config": {"bos_token": "<s>", "cls_token": "<CLS>", "eos_token": "</s>", "mask_token": "<MASK>", "pad_token": "</s>", "sep_token": "<SEP>", "unk_token": "<unk>", "use_default_system_prompt": false}}, "cardData": {"library_name": "transformers", "tags": []}, "transformersInfo": {"auto_model": "AutoModel"}, "siblings": [{"rfilename": ".gitattributes"}, {"rfilename": "README.md"}, {"rfilename": "adapter_config.json"}, {"rfilename": "adapter_model.safetensors"}, {"rfilename": "special_tokens_map.json"}, {"rfilename": "tokenizer.json"}, {"rfilename": "tokenizer_config.json"}], "spaces": [], "createdAt": "2024-01-23T06:27:57.000Z", "inferenceStatus": "not-loaded"}