{"_id": "64eb159c2a4db7325cdec9ea", "id": "Ubaishraza/Action", "modelId": "Ubaishraza/Action", "author": "Ubaishraza", "sha": "a78119405587541c681ad4e96459b79df2e29b5f", "lastModified": "2023-08-27T09:21:32.000Z", "private": false, "disabled": false, "gated": false, "tags": ["license:openrail", "region:us"], "downloads": 0, "likes": 0, "model-index": null, "cardData": {"license": "openrail"}, "siblings": [{"rfilename": ".gitattributes"}, {"rfilename": "README.md"}], "spaces": [], "createdAt": "2023-08-27T09:21:32.000Z", "inferenceStatus": "not-loaded"}