{"_id": "6525aacfa754153bd4c13122", "id": "UBandant/NigelThornberry", "modelId": "UBandant/NigelThornberry", "author": "UBandant", "sha": "af5c63fb59494e74afa3f7dab9079825e56d6fb8", "lastModified": "2023-10-10T20:03:40.000Z", "private": false, "disabled": false, "gated": false, "pipeline_tag": "audio-to-audio", "tags": ["audio-to-audio", "en", "license:openrail", "region:us"], "downloads": 0, "likes": 0, "model-index": null, "cardData": {"license": "openrail", "language": ["en"], "pipeline_tag": "audio-to-audio"}, "siblings": [{"rfilename": ".gitattributes"}, {"rfilename": "Nigel.zip"}, {"rfilename": "README.md"}], "spaces": [], "createdAt": "2023-10-10T19:49:35.000Z", "inferenceStatus": "not-loaded"}