{"_id": "65ceba216712e2451eda1c78", "id": "ubaskota/mlm_soft_finetune_bert_full", "modelId": "ubaskota/mlm_soft_finetune_bert_full", "author": "ubaskota", "sha": "d76b53fda2ac3c779f111a988f2fbdee3a5bf8a1", "lastModified": "2024-02-16T01:28:47.000Z", "private": false, "disabled": false, "gated": false, "pipeline_tag": "fill-mask", "tags": ["transformers", "tf", "roberta", "fill-mask", "generated_from_keras_callback", "base_model:distilroberta-base", "license:apache-2.0", "autotrain_compatible", "endpoints_compatible", "region:us"], "downloads": 0, "library_name": "transformers", "mask_token": "<mask>", "widgetData": [{"text": "Paris is the <mask> of France."}, {"text": "The goal of life is <mask>."}], "likes": 0, "model-index": [{"name": "mlm_soft_finetune_bert_full", "results": []}], "config": {"architectures": ["RobertaForMaskedLM"], "model_type": "roberta", "tokenizer_config": {"bos_token": "<s>", "cls_token": "<s>", "eos_token": "</s>", "mask_token": "<mask>", "pad_token": "<pad>", "sep_token": "</s>", "unk_token": "<unk>"}}, "cardData": {"license": "apache-2.0", "tags": ["generated_from_keras_callback"], "base_model": "distilroberta-base", "model-index": [{"name": "mlm_soft_finetune_bert_full", "results": []}]}, "transformersInfo": {"auto_model": "AutoModelForMaskedLM", "pipeline_tag": "fill-mask", "processor": "AutoTokenizer"}, "siblings": [{"rfilename": ".gitattributes"}, {"rfilename": "README.md"}, {"rfilename": "config.json"}, {"rfilename": "merges.txt"}, {"rfilename": "special_tokens_map.json"}, {"rfilename": "tf_model.h5"}, {"rfilename": "tokenizer_config.json"}, {"rfilename": "vocab.json"}], "spaces": [], "createdAt": "2024-02-16T01:28:01.000Z", "inferenceStatus": "not-loaded"}