{"_id": "6549ae809b86bd6b2c6d40d1", "id": "ubas9109/distilroberta-base-mrpc-glue-ubaldogs", "modelId": "ubas9109/distilroberta-base-mrpc-glue-ubaldogs", "author": "ubas9109", "sha": "da00b1e7b1c352b43993780240ad1099d33c92cb", "lastModified": "2023-11-07T03:51:45.000Z", "private": false, "disabled": false, "gated": false, "pipeline_tag": "text-classification", "tags": ["transformers", "pytorch", "tensorboard", "roberta", "text-classification", "generated_from_trainer", "dataset:glue", "license:apache-2.0", "model-index", "autotrain_compatible", "endpoints_compatible", "region:us"], "downloads": 3, "library_name": "transformers", "mask_token": "<mask>", "widgetData": [{"text": "Yucaipa owned Dominick 's before selling the chain to Safeway in 1998 for $ 2.5 billion. Yucaipa bought Dominick's in 1995 for $ 693 million and sold it to Safeway for $ 1.8 billion in 1998.", "example_title": "Not Equivalent"}, {"text": "Revenue in the first quarter of the year dropped 15 percent from the same period a year earlier. With the scandal hanging over Stewart's company revenue the first quarter of the year dropped 15 percent from the same period a year earlier.", "example_title": "Equivalent"}], "likes": 0, "model-index": [{"name": "distilroberta-base-mrpc-glue-ubaldogs", "results": [{"task": {"name": "Text Classification", "type": "text-classification"}, "dataset": {"name": "datasetX", "type": "glue", "config": "mrpc", "split": "validation", "args": "mrpc"}, "metrics": [{"name": "Accuracy", "type": "accuracy", "value": 0.8480392156862745, "verified": false}, {"name": "F1", "type": "f1", "value": 0.8900709219858156, "verified": false}]}]}], "config": {"architectures": ["RobertaForSequenceClassification"], "model_type": "roberta", "tokenizer_config": {"bos_token": "<s>", "cls_token": "<s>", "eos_token": "</s>", "mask_token": "<mask>", "pad_token": "<pad>", "sep_token": "</s>", "unk_token": "<unk>"}}, "cardData": {"license": "apache-2.0", "tags": ["text-classification", "generated_from_trainer"], "datasets": ["glue"], "metrics": ["accuracy", "f1"], "widget": [{"text": "Yucaipa owned Dominick 's before selling the chain to Safeway in 1998 for $ 2.5 billion. Yucaipa bought Dominick's in 1995 for $ 693 million and sold it to Safeway for $ 1.8 billion in 1998.", "example_title": "Not Equivalent"}, {"text": "Revenue in the first quarter of the year dropped 15 percent from the same period a year earlier. With the scandal hanging over Stewart's company revenue the first quarter of the year dropped 15 percent from the same period a year earlier.", "example_title": "Equivalent"}], "model-index": [{"name": "distilroberta-base-mrpc-glue-ubaldogs", "results": [{"task": {"name": "Text Classification", "type": "text-classification"}, "dataset": {"name": "datasetX", "type": "glue", "config": "mrpc", "split": "validation", "args": "mrpc"}, "metrics": [{"name": "Accuracy", "type": "accuracy", "value": 0.8480392156862745, "verified": false}, {"name": "F1", "type": "f1", "value": 0.8900709219858156, "verified": false}]}]}]}, "transformersInfo": {"auto_model": "AutoModelForSequenceClassification", "pipeline_tag": "text-classification", "processor": "AutoTokenizer"}, "siblings": [{"rfilename": ".gitattributes"}, {"rfilename": ".gitignore"}, {"rfilename": "README.md"}, {"rfilename": "all_results.json"}, {"rfilename": "config.json"}, {"rfilename": "eval_results.json"}, {"rfilename": "merges.txt"}, {"rfilename": "pytorch_model.bin"}, {"rfilename": "runs/Nov07_03-26-09_9a20121f1f16/events.out.tfevents.1699327950.9a20121f1f16.226.0"}, {"rfilename": "runs/Nov07_03-26-09_9a20121f1f16/events.out.tfevents.1699328138.9a20121f1f16.226.1"}, {"rfilename": "special_tokens_map.json"}, {"rfilename": "tokenizer.json"}, {"rfilename": "tokenizer_config.json"}, {"rfilename": "train_results.json"}, {"rfilename": "training_args.bin"}, {"rfilename": "vocab.json"}], "spaces": [], "createdAt": "2023-11-07T03:26:56.000Z", "inferenceStatus": "not-loaded"}