{"_id": "6575551730b7331979550c37", "id": "ubaskota/diabetes_BERT_two", "modelId": "ubaskota/diabetes_BERT_two", "author": "ubaskota", "sha": "55a6f56aa0fe4d01b039e2315441822d787ae87e", "lastModified": "2023-12-10T06:05:41.000Z", "private": false, "disabled": false, "gated": false, "pipeline_tag": "fill-mask", "tags": ["transformers", "safetensors", "roberta", "fill-mask", "autotrain_compatible", "endpoints_compatible", "region:us"], "downloads": 1, "library_name": "transformers", "mask_token": "<mask>", "widgetData": [{"text": "Paris is the <mask> of France."}, {"text": "The goal of life is <mask>."}], "likes": 0, "config": {"architectures": ["RobertaForMaskedLM"], "model_type": "roberta", "tokenizer_config": {"bos_token": "<s>", "cls_token": "<s>", "eos_token": "</s>", "mask_token": "<mask>", "pad_token": "<pad>", "sep_token": "</s>", "unk_token": "<unk>"}}, "transformersInfo": {"auto_model": "AutoModelForMaskedLM", "pipeline_tag": "fill-mask", "processor": "AutoTokenizer"}, "siblings": [{"rfilename": ".gitattributes"}, {"rfilename": "config.json"}, {"rfilename": "merges.txt"}, {"rfilename": "model.safetensors"}, {"rfilename": "special_tokens_map.json"}, {"rfilename": "tokenizer_config.json"}, {"rfilename": "vocab.json"}], "spaces": [], "createdAt": "2023-12-10T06:05:11.000Z", "safetensors": {"parameters": {"F32": 124697433}, "total": 124697433}, "inferenceStatus": "not-loaded"}