{"_id": "656b9a58d848a6683ab5bdec", "id": "ubaskota/diabetes_BERT", "modelId": "ubaskota/diabetes_BERT", "author": "ubaskota", "sha": "c82e8c0ace8a5cc51953ebe90eaa96b9d4098dca", "lastModified": "2023-12-02T20:58:23.000Z", "private": false, "disabled": false, "gated": false, "pipeline_tag": "feature-extraction", "tags": ["transformers", "safetensors", "distilbert", "feature-extraction", "text-embeddings-inference", "endpoints_compatible", "region:us"], "downloads": 2, "library_name": "transformers", "mask_token": "[MASK]", "likes": 0, "config": {"architectures": ["DistilBertModel"], "model_type": "distilbert", "tokenizer_config": {"cls_token": "[CLS]", "mask_token": "[MASK]", "pad_token": "[PAD]", "sep_token": "[SEP]", "unk_token": "[UNK]"}}, "transformersInfo": {"auto_model": "AutoModel", "pipeline_tag": "feature-extraction", "processor": "AutoTokenizer"}, "siblings": [{"rfilename": ".gitattributes"}, {"rfilename": "config.json"}, {"rfilename": "model.safetensors"}, {"rfilename": "special_tokens_map.json"}, {"rfilename": "tokenizer.json"}, {"rfilename": "tokenizer_config.json"}, {"rfilename": "vocab.txt"}], "spaces": ["AICOE-Datamatics/ubaskota-diabetes_BERT"], "createdAt": "2023-12-02T20:58:00.000Z", "safetensors": {"parameters": {"F32": 134734080}, "total": 134734080}, "inferenceStatus": "not-loaded"}