{"_id": "621ffdc136468d709f1779ea", "id": "UBC-NLP/AraT5-msa-small", "modelId": "UBC-NLP/AraT5-msa-small", "author": "UBC-NLP", "sha": "d3e7c771f334999d826936a44b89a1e1a8fc39b6", "lastModified": "2023-08-16T23:01:55.000Z", "private": false, "disabled": false, "gated": false, "tags": ["transformers", "pytorch", "tf", "t5", "Arabic T5", "MSA", "Twitter", "Arabic Dialect", "Arabic Machine Translation", "Arabic Text Summarization", "Arabic News Title and Question Generation", "Arabic Paraphrasing and Transliteration", "Arabic Code-Switched Translation", "ar", "text-generation-inference", "endpoints_compatible", "region:us"], "downloads": 63, "library_name": "transformers", "likes": 3, "model-index": null, "config": {"model_type": "t5", "tokenizer_config": {"eos_token": "</s>", "unk_token": "<unk>", "pad_token": "<pad>"}}, "cardData": {"language": ["ar"], "tags": ["Arabic T5", "MSA", "Twitter", "Arabic Dialect", "Arabic Machine Translation", "Arabic Text Summarization", "Arabic News Title and Question Generation", "Arabic Paraphrasing and Transliteration", "Arabic Code-Switched Translation"]}, "transformersInfo": {"auto_model": "AutoModel"}, "siblings": [{"rfilename": ".gitattributes"}, {"rfilename": "README.md"}, {"rfilename": "config.json"}, {"rfilename": "pytorch_model.bin"}, {"rfilename": "special_tokens_map.json"}, {"rfilename": "spiece.model"}, {"rfilename": "tf_model.h5"}, {"rfilename": "tokenizer_config.json"}], "spaces": [], "createdAt": "2022-03-02T23:29:05.000Z", "inferenceStatus": "not-loaded"}