{"_id": "621ffdc136468d709f1779f0", "id": "UBC-NLP/MARBERT", "modelId": "UBC-NLP/MARBERT", "author": "UBC-NLP", "sha": "88e1fa192dd723cf0b3563500aec46209762eb22", "lastModified": "2022-08-16T21:47:42.000Z", "private": false, "disabled": false, "gated": false, "pipeline_tag": "fill-mask", "tags": ["transformers", "pytorch", "tf", "jax", "bert", "fill-mask", "Arabic BERT", "MSA", "Twitter", "Masked Langauge Model", "ar", "autotrain_compatible", "endpoints_compatible", "region:us"], "downloads": 2247, "library_name": "transformers", "mask_token": "[MASK]", "widgetData": [{"text": "\u0627\u0644\u0644\u063a\u0629 \u0627\u0644\u0639\u0631\u0628\u064a\u0629 \u0647\u064a \u0644\u063a\u0629 [MASK]."}], "likes": 21, "model-index": null, "config": {"architectures": ["BertForMaskedLM"], "model_type": "bert", "tokenizer_config": {"unk_token": "[UNK]", "sep_token": "[SEP]", "pad_token": "[PAD]", "cls_token": "[CLS]", "mask_token": "[MASK]"}}, "cardData": {"language": ["ar"], "tags": ["Arabic BERT", "MSA", "Twitter", "Masked Langauge Model"], "widget": [{"text": "\u0627\u0644\u0644\u063a\u0629 \u0627\u0644\u0639\u0631\u0628\u064a\u0629 \u0647\u064a \u0644\u063a\u0629 [MASK]."}]}, "transformersInfo": {"auto_model": "AutoModelForMaskedLM", "pipeline_tag": "fill-mask", "processor": "AutoTokenizer"}, "siblings": [{"rfilename": ".gitattributes"}, {"rfilename": "MARBERT_pytorch_verison.tar.gz"}, {"rfilename": "MARBERT_tensorflow_version.tar.gz"}, {"rfilename": "README.md"}, {"rfilename": "config.json"}, {"rfilename": "flax_model.msgpack"}, {"rfilename": "pytorch_model.bin"}, {"rfilename": "special_tokens_map.json"}, {"rfilename": "tf_model.h5"}, {"rfilename": "tokenizer_config.json"}, {"rfilename": "vocab.txt"}], "spaces": ["aubmindlab/Arabic-NLP", "abxhr/design-project", "Askedrin/testing", "xzxyx/AyyAsk", "nehalelkaref/RegionClassifier", "MaroueneA/OffensiveDetection"], "createdAt": "2022-03-02T23:29:05.000Z", "inferenceStatus": "not-loaded"}