{"_id": "621ffdc136468d709f1779e8", "id": "UBC-NLP/AraT5-base", "modelId": "UBC-NLP/AraT5-base", "author": "UBC-NLP", "sha": "b99444fa197df5a598e0a426e76a31e4a43d1d23", "lastModified": "2024-05-16T17:42:36.000Z", "private": false, "disabled": false, "gated": false, "tags": ["transformers", "pytorch", "tf", "t5", "Arabic T5", "MSA", "Twitter", "Arabic Dialect", "Arabic Machine Translation", "Arabic Text Summarization", "Arabic News Title and Question Generation", "Arabic Paraphrasing and Transliteration", "Arabic Code-Switched Translation", "ar", "text-generation-inference", "endpoints_compatible", "region:us"], "downloads": 951, "library_name": "transformers", "likes": 15, "model-index": null, "config": {"model_type": "t5", "tokenizer_config": {"eos_token": "</s>", "unk_token": "<unk>", "pad_token": "<pad>"}}, "cardData": {"language": ["ar"], "tags": ["Arabic T5", "MSA", "Twitter", "Arabic Dialect", "Arabic Machine Translation", "Arabic Text Summarization", "Arabic News Title and Question Generation", "Arabic Paraphrasing and Transliteration", "Arabic Code-Switched Translation"]}, "transformersInfo": {"auto_model": "AutoModel"}, "siblings": [{"rfilename": ".gitattributes"}, {"rfilename": "AraT5_CR_new.png"}, {"rfilename": "README.md"}, {"rfilename": "config.json"}, {"rfilename": "pytorch_model.bin"}, {"rfilename": "special_tokens_map.json"}, {"rfilename": "spiece.model"}, {"rfilename": "tf_model.h5"}, {"rfilename": "tokenizer_config.json"}], "spaces": [], "createdAt": "2022-03-02T23:29:05.000Z", "inferenceStatus": "not-loaded"}