{"_id": "629549731e87ffbe5c0787c4", "id": "UBC-NLP/prags2", "modelId": "UBC-NLP/prags2", "author": "UBC-NLP", "sha": "95c13300979256cc9e75aa4995b620e226fac406", "lastModified": "2022-06-02T22:52:49.000Z", "private": false, "disabled": false, "gated": false, "pipeline_tag": "fill-mask", "tags": ["transformers", "pytorch", "roberta", "fill-mask", "license:cc-by-nc-3.0", "autotrain_compatible", "endpoints_compatible", "region:us"], "downloads": 4, "library_name": "transformers", "mask_token": "<mask>", "widgetData": [{"text": "Paris is the <mask> of France."}, {"text": "The goal of life is <mask>."}], "likes": 0, "model-index": null, "config": {"architectures": ["RobertaForMaskedLM"], "model_type": "roberta"}, "cardData": {"license": "cc-by-nc-3.0"}, "transformersInfo": {"auto_model": "AutoModelForMaskedLM", "pipeline_tag": "fill-mask", "processor": "AutoTokenizer"}, "siblings": [{"rfilename": ".gitattributes"}, {"rfilename": "README.md"}, {"rfilename": "config.json"}, {"rfilename": "dict.txt"}, {"rfilename": "merges.txt"}, {"rfilename": "pytorch_model.bin"}, {"rfilename": "vocab.json"}], "spaces": [], "createdAt": "2022-05-30T22:47:15.000Z", "inferenceStatus": "not-loaded"}