{"_id": "621ffdc136468d709f1779e7", "id": "UBC-NLP/AraT5-base-title-generation", "modelId": "UBC-NLP/AraT5-base-title-generation", "author": "UBC-NLP", "sha": "f26ed5960b5ccff858860ab346040dd1a05d032e", "lastModified": "2022-05-26T18:29:45.000Z", "private": false, "disabled": false, "gated": false, "pipeline_tag": "text2text-generation", "tags": ["transformers", "pytorch", "tf", "t5", "text2text-generation", "Arabic T5", "MSA", "Twitter", "Arabic Dialect", "Arabic Machine Translation", "Arabic Text Summarization", "Arabic News Title and Question Generation", "Arabic Paraphrasing and Transliteration", "Arabic Code-Switched Translation", "ar", "autotrain_compatible", "text-generation-inference", "endpoints_compatible", "region:us"], "downloads": 109, "library_name": "transformers", "likes": 9, "model-index": null, "config": {"architectures": ["T5ForConditionalGeneration"], "model_type": "t5", "tokenizer_config": {"eos_token": "</s>", "unk_token": "<unk>", "pad_token": "<pad>"}}, "cardData": {"language": ["ar"], "tags": ["Arabic T5", "MSA", "Twitter", "Arabic Dialect", "Arabic Machine Translation", "Arabic Text Summarization", "Arabic News Title and Question Generation", "Arabic Paraphrasing and Transliteration", "Arabic Code-Switched Translation"]}, "transformersInfo": {"auto_model": "AutoModelForSeq2SeqLM", "pipeline_tag": "text2text-generation", "processor": "AutoTokenizer"}, "siblings": [{"rfilename": ".gitattributes"}, {"rfilename": "README.md"}, {"rfilename": "config.json"}, {"rfilename": "pytorch_model.bin"}, {"rfilename": "special_tokens_map.json"}, {"rfilename": "spiece.model"}, {"rfilename": "tf_model.h5"}, {"rfilename": "tokenizer_config.json"}], "spaces": ["ahmedoumar/TurjumanDemo", "ahmedoumar/TurjumanTranslation"], "createdAt": "2022-03-02T23:29:05.000Z", "inferenceStatus": "not-loaded"}