{"_id": "621ffdc136468d709f1779ef", "id": "UBC-NLP/IndT5", "modelId": "UBC-NLP/IndT5", "author": "UBC-NLP", "sha": "c0db442ef5b0f8d0ef5faf3a6584f91d019ae413", "lastModified": "2021-08-30T22:03:01.000Z", "private": false, "disabled": false, "gated": false, "tags": ["transformers", "pytorch", "t5", "text-generation-inference", "endpoints_compatible", "region:us"], "downloads": 4, "library_name": "transformers", "likes": 0, "config": {"model_type": "t5", "tokenizer_config": {"eos_token": "</s>", "unk_token": "<unk>", "pad_token": "<pad>"}}, "transformersInfo": {"auto_model": "AutoModel"}, "siblings": [{"rfilename": ".gitattributes"}, {"rfilename": "IND_langs_large7.png"}, {"rfilename": "README.md"}, {"rfilename": "Readme.md"}, {"rfilename": "config.json"}, {"rfilename": "pytorch_model.bin"}, {"rfilename": "special_tokens_map.json"}, {"rfilename": "spiece.model"}, {"rfilename": "spiece.vocab"}, {"rfilename": "tokenizer_config.json"}], "spaces": [], "createdAt": "2022-03-02T23:29:05.000Z", "inferenceStatus": "not-loaded"}