{"_id": "64d93a5cbadf1110f7f11e0f", "id": "UBC-NLP/InfoDCL-BERTweet-emoji", "modelId": "UBC-NLP/InfoDCL-BERTweet-emoji", "author": "UBC-NLP", "sha": "f2ea726e9fc133d962534449ea15592b16eebf99", "lastModified": "2024-03-06T05:43:52.000Z", "private": false, "disabled": false, "gated": false, "tags": ["transformers", "pytorch", "roberta", "social media", "contrastive learning", "en", "arxiv:2203.07648", "license:cc", "endpoints_compatible", "region:us"], "downloads": 1, "library_name": "transformers", "mask_token": "<mask>", "likes": 0, "model-index": null, "config": {"architectures": ["RobertaForCL"], "model_type": "roberta", "tokenizer_config": {"bos_token": "<s>", "eos_token": "</s>", "sep_token": "</s>", "cls_token": "<s>", "unk_token": "<unk>", "pad_token": "<pad>", "mask_token": "<mask>"}}, "cardData": {"license": "cc", "language": ["en"], "library_name": "transformers", "tags": ["social media", "contrastive learning"]}, "transformersInfo": {"auto_model": "RobertaForCL", "processor": "AutoTokenizer"}, "siblings": [{"rfilename": ".gitattributes"}, {"rfilename": "README.md"}, {"rfilename": "added_tokens.json"}, {"rfilename": "bpe.codes"}, {"rfilename": "config.json"}, {"rfilename": "pytorch_model.bin"}, {"rfilename": "special_tokens_map.json"}, {"rfilename": "tokenizer_config.json"}, {"rfilename": "vocab.txt"}], "spaces": [], "createdAt": "2023-08-13T20:17:32.000Z", "inferenceStatus": "not-loaded"}