{"_id": "655085e8ea9be8f1e6c2db57", "id": "UBC-NLP/InfoDCL-Emoji-XLMR-Base", "modelId": "UBC-NLP/InfoDCL-Emoji-XLMR-Base", "author": "UBC-NLP", "sha": "56e7b17e44c06c2cd7222ba4b82bfea48e7e0730", "lastModified": "2023-12-11T00:37:39.000Z", "private": false, "disabled": false, "gated": false, "pipeline_tag": "feature-extraction", "tags": ["transformers", "pytorch", "xlm-roberta", "feature-extraction", "social media", "contrastive learning", "en", "arxiv:2310.14557", "license:cc", "text-embeddings-inference", "endpoints_compatible", "region:us"], "downloads": 2, "library_name": "transformers", "mask_token": "<mask>", "likes": 0, "model-index": null, "config": {"architectures": ["RobertaModel"], "model_type": "xlm-roberta", "tokenizer_config": {"bos_token": "<s>", "eos_token": "</s>", "sep_token": "</s>", "cls_token": "<s>", "unk_token": "<unk>", "pad_token": "<pad>", "mask_token": {"content": "<mask>", "single_word": false, "lstrip": true, "rstrip": false, "normalized": true, "__type": "AddedToken"}}}, "cardData": {"license": "cc", "language": ["en"], "library_name": "transformers", "tags": ["social media", "contrastive learning"]}, "transformersInfo": {"auto_model": "AutoModel", "pipeline_tag": "feature-extraction", "processor": "AutoTokenizer"}, "siblings": [{"rfilename": ".gitattributes"}, {"rfilename": "README.md"}, {"rfilename": "config.json"}, {"rfilename": "pytorch_model.bin"}, {"rfilename": "sentencepiece.bpe.model"}, {"rfilename": "special_tokens_map.json"}, {"rfilename": "tokenizer.json"}, {"rfilename": "tokenizer_config.json"}, {"rfilename": "training_args.bin"}], "spaces": [], "createdAt": "2023-11-12T07:59:36.000Z", "inferenceStatus": "not-loaded"}