{"_id": "656c2df49c8778992f9a2fc9", "id": "UBC-NLP/octopus", "modelId": "UBC-NLP/octopus", "author": "UBC-NLP", "sha": "0b0bd076795dba8170544882aa56c0db610de60d", "lastModified": "2023-12-04T11:15:43.000Z", "private": false, "disabled": false, "gated": false, "pipeline_tag": "text2text-generation", "tags": ["transformers", "pytorch", "t5", "text2text-generation", "arxiv:2206.03933", "arxiv:2310.16127", "autotrain_compatible", "text-generation-inference", "endpoints_compatible", "region:us"], "downloads": 85, "library_name": "transformers", "likes": 1, "config": {"architectures": ["T5ForConditionalGeneration"], "model_type": "t5", "tokenizer_config": {"eos_token": "</s>", "pad_token": "<pad>", "unk_token": "<unk>"}}, "transformersInfo": {"auto_model": "AutoModelForSeq2SeqLM", "pipeline_tag": "text2text-generation", "processor": "AutoTokenizer"}, "siblings": [{"rfilename": ".gitattributes"}, {"rfilename": "README.md"}, {"rfilename": "config.json"}, {"rfilename": "generation_config.json"}, {"rfilename": "pytorch_model.bin"}, {"rfilename": "special_tokens_map.json"}, {"rfilename": "spiece.model"}, {"rfilename": "tokenizer.json"}, {"rfilename": "tokenizer_config.json"}], "spaces": [], "createdAt": "2023-12-03T07:27:48.000Z", "inferenceStatus": "not-loaded"}