{"_id": "63cc210d28e49dcd9f68f107", "id": "Ubenwa/sb-ecapa-dummy-small", "modelId": "Ubenwa/sb-ecapa-dummy-small", "author": "Ubenwa", "sha": "e52f9ce70cd1cbc34d9f1de60d2d5a85107350bb", "lastModified": "2023-01-21T17:38:07.000Z", "private": false, "disabled": false, "gated": false, "tags": ["transformers", "endpoints_compatible", "region:us"], "downloads": 1, "library_name": "transformers", "likes": 0, "config": {}, "transformersInfo": {"auto_model": "AutoModel"}, "siblings": [{"rfilename": ".gitattributes"}, {"rfilename": "config.json"}, {"rfilename": "hyperparams.yaml"}], "spaces": [], "createdAt": "2023-01-21T17:29:49.000Z", "inferenceStatus": "not-loaded"}