{"_id": "63bdd4b0bb80ec4ef14fbf84", "id": "Ubenwa/sb-cssl-vgg-sup", "modelId": "Ubenwa/sb-cssl-vgg-sup", "author": "Ubenwa", "sha": "c0746bed48062da88c8f22d076ce101c3e659a76", "lastModified": "2023-05-10T17:26:22.000Z", "private": false, "disabled": false, "gated": false, "tags": ["transformers", "endpoints_compatible", "region:us"], "downloads": 0, "library_name": "transformers", "likes": 0, "config": {}, "transformersInfo": {"auto_model": "AutoModel"}, "siblings": [{"rfilename": ".gitattributes"}, {"rfilename": "config.json"}, {"rfilename": "embedding_model.ckpt"}, {"rfilename": "hyperparams.yaml"}, {"rfilename": "normalizer.ckpt"}], "spaces": [], "createdAt": "2023-01-10T21:12:16.000Z", "inferenceStatus": "not-loaded"}