{"_id": "64612a84232a700f265bdd66", "id": "Ubenwa/ecapa-voxceleb-ft2-cryceleb", "modelId": "Ubenwa/ecapa-voxceleb-ft2-cryceleb", "author": "Ubenwa", "sha": "9ecade2c5b33a5ed693d839720f5ec32d3107e63", "lastModified": "2023-09-05T15:46:32.000Z", "private": false, "disabled": false, "gated": false, "tags": ["arxiv:2106.04624", "license:cc-by-sa-4.0", "region:us"], "downloads": 0, "likes": 0, "model-index": null, "cardData": {"license": "cc-by-sa-4.0"}, "siblings": [{"rfilename": ".gitattributes"}, {"rfilename": "README.md"}, {"rfilename": "embedding_model.ckpt"}, {"rfilename": "hyperparams.yaml"}, {"rfilename": "train_config.yaml"}, {"rfilename": "train_log.txt"}], "spaces": [], "createdAt": "2023-05-14T18:37:56.000Z", "inferenceStatus": "not-loaded"}