{"_id": "63ce90dc2a7f32cbc45cbd1c", "id": "Ubenwa/sb-cnn14-dummy", "modelId": "Ubenwa/sb-cnn14-dummy", "author": "Ubenwa", "sha": "2211a9344102c9c693143855a0b057acd3206e95", "lastModified": "2023-01-23T13:54:49.000Z", "private": false, "disabled": false, "gated": false, "tags": ["transformers", "endpoints_compatible", "region:us"], "downloads": 8, "library_name": "transformers", "likes": 0, "config": {}, "transformersInfo": {"auto_model": "AutoModel"}, "siblings": [{"rfilename": ".gitattributes"}, {"rfilename": "config.json"}, {"rfilename": "hyperparams.yaml"}], "spaces": [], "createdAt": "2023-01-23T13:51:24.000Z", "inferenceStatus": "not-loaded"}