{"_id": "63b77881ec5c995fded47627", "id": "Ubenwa/sb-ecapa-vggsound", "modelId": "Ubenwa/sb-ecapa-vggsound", "author": "Ubenwa", "sha": "beb6d347feb861969f804b9fdfbe7e63a24823f3", "lastModified": "2023-04-26T12:37:18.000Z", "private": false, "disabled": false, "gated": false, "pipeline_tag": "audio-classification", "tags": ["speechbrain", "embeddings", "Sound", "pytorch", "ECAPA-TDNN", "TDNN", "audio-classification", "en", "dataset:VGGSound", "arxiv:2106.04624", "license:apache-2.0", "region:us"], "downloads": 1, "library_name": "speechbrain", "likes": 1, "model-index": null, "config": {"speechbrain": {"speechbrain_interface": "EncoderClassifier"}}, "cardData": {"language": "en", "thumbnail": null, "tags": ["speechbrain", "embeddings", "Sound", "pytorch", "ECAPA-TDNN", "TDNN", "audio-classification"], "license": "apache-2.0", "datasets": ["VGGSound"], "metrics": ["Accuracy"]}, "siblings": [{"rfilename": ".gitattributes"}, {"rfilename": "CKPT.yaml"}, {"rfilename": "README.md"}, {"rfilename": "classifier.ckpt"}, {"rfilename": "config.json"}, {"rfilename": "embedding_model.ckpt"}, {"rfilename": "hyperparams.yaml"}, {"rfilename": "label_encoder.txt"}, {"rfilename": "logo.jpg"}, {"rfilename": "normalizer.ckpt"}, {"rfilename": "test.py"}], "spaces": ["cmcrumley/Ubenwa-sb-ecapa-vggsound"], "createdAt": "2023-01-06T01:25:21.000Z", "inferenceStatus": "not-loaded"}