{"_id": "640f108eb63b6f18522a7e26", "id": "Ubenwa/sb-ecapa-dummy-tiny", "modelId": "Ubenwa/sb-ecapa-dummy-tiny", "author": "Ubenwa", "sha": "b6d03f677697db467fe2498b24d38076c3658d49", "lastModified": "2023-03-13T12:09:00.000Z", "private": false, "disabled": false, "gated": false, "tags": ["region:us"], "downloads": 0, "likes": 0, "siblings": [{"rfilename": ".gitattributes"}, {"rfilename": "hyperparams.yaml"}], "spaces": [], "createdAt": "2023-03-13T12:01:18.000Z", "inferenceStatus": "not-loaded"}