{"_id": "63c98d4c89179f89c728712f", "id": "Ubenwa/sb-cssl-vgg-sclr", "modelId": "Ubenwa/sb-cssl-vgg-sclr", "author": "Ubenwa", "sha": "ec7ac80c5d1f07a0624033e794d47916fb27a496", "lastModified": "2023-05-10T17:26:43.000Z", "private": false, "disabled": false, "gated": false, "tags": ["transformers", "endpoints_compatible", "region:us"], "downloads": 1, "library_name": "transformers", "likes": 0, "config": {}, "transformersInfo": {"auto_model": "AutoModel"}, "siblings": [{"rfilename": ".gitattributes"}, {"rfilename": "config.json"}, {"rfilename": "embedding_model.ckpt"}, {"rfilename": "hyperparams.yaml"}, {"rfilename": "normalizer.ckpt"}, {"rfilename": "projector.ckpt"}], "spaces": [], "createdAt": "2023-01-19T18:34:52.000Z", "inferenceStatus": "not-loaded"}