{"_id": "664141df29be04778b8fd666", "id": "uberkie/pypythia", "modelId": "uberkie/pypythia", "author": "uberkie", "sha": "afb965c50aa6b074c323c2fc4860a9dedf7cba27", "lastModified": "2024-05-12T22:25:37.000Z", "private": false, "disabled": false, "gated": false, "tags": ["gpt-neox", "pytorch", "safetensors", "gpt_neox", "causal-lm", "pythia", "en", "dataset:EleutherAI/pile", "arxiv:2304.01373", "arxiv:2101.00027", "arxiv:2201.07311", "license:apache-2.0", "region:us"], "downloads": 2, "library_name": "gpt-neox", "likes": 0, "model-index": null, "config": {"architectures": ["GPTNeoXForCausalLM"], "model_type": "gpt_neox", "tokenizer_config": {"bos_token": "<|endoftext|>", "eos_token": "<|endoftext|>", "unk_token": "<|endoftext|>"}}, "cardData": {"language": ["en"], "tags": ["pytorch", "causal-lm", "pythia"], "license": "apache-2.0", "datasets": ["EleutherAI/pile"], "library_name": "gpt-neox"}, "siblings": [{"rfilename": ".gitattributes"}, {"rfilename": "README.md"}, {"rfilename": "config.json"}, {"rfilename": "model.safetensors"}, {"rfilename": "pytorch_model.bin"}, {"rfilename": "special_tokens_map.json"}, {"rfilename": "tokenizer.json"}, {"rfilename": "tokenizer_config.json"}], "spaces": [], "createdAt": "2024-05-12T22:25:35.000Z", "inferenceStatus": "not-loaded"}