{"_id": "65a79d118d4eb84e00875fb7", "id": "ubermenchh/fine-tune-llama-qa", "modelId": "ubermenchh/fine-tune-llama-qa", "author": "ubermenchh", "sha": "6930dd4bcd2d67588f5c8f5741c4083faf045afb", "lastModified": "2024-01-17T09:25:40.000Z", "private": false, "disabled": false, "gated": false, "tags": ["transformers", "safetensors", "arxiv:1910.09700", "endpoints_compatible", "region:us"], "downloads": 0, "library_name": "transformers", "likes": 0, "model-index": null, "cardData": {"library_name": "transformers", "tags": []}, "transformersInfo": {"auto_model": "AutoModel"}, "siblings": [{"rfilename": ".gitattributes"}, {"rfilename": "README.md"}, {"rfilename": "adapter_config.json"}, {"rfilename": "adapter_model.safetensors"}], "spaces": [], "createdAt": "2024-01-17T09:25:37.000Z", "inferenceStatus": "not-loaded"}