{"_id": "638d9835ca00481637be68a4", "id": "Uberduck/iSTFTNet", "modelId": "Uberduck/iSTFTNet", "author": "Uberduck", "sha": "dc5f7a33a9f6de3dff4123ae14923ed8d7327702", "lastModified": "2022-12-18T04:36:18.000Z", "private": false, "disabled": false, "gated": false, "tags": ["region:us"], "downloads": 0, "likes": 0, "siblings": [{"rfilename": ".gitattributes"}, {"rfilename": "README.md"}, {"rfilename": "do_00010000"}, {"rfilename": "do_00030000"}, {"rfilename": "g_00010000"}, {"rfilename": "g_00030000"}, {"rfilename": "music_do_00031000"}, {"rfilename": "music_do_00033000"}, {"rfilename": "music_do_00034000"}, {"rfilename": "music_do_00037000"}, {"rfilename": "music_g_00031000"}, {"rfilename": "music_g_00033000"}, {"rfilename": "music_g_00034000"}, {"rfilename": "music_g_00037000"}], "spaces": [], "createdAt": "2022-12-05T07:05:25.000Z", "inferenceStatus": "not-loaded"}