{"_id": "653fc254e361fd03c12e9573", "id": "UberStorm/Noa_Kirel_v5", "modelId": "UberStorm/Noa_Kirel_v5", "author": "UberStorm", "sha": "c617c7a020861894befc9ebaf59d30920c97e42f", "lastModified": "2023-10-30T14:49:29.000Z", "private": false, "disabled": false, "gated": false, "tags": ["license:openrail", "region:us"], "downloads": 0, "likes": 0, "model-index": null, "cardData": {"license": "openrail"}, "siblings": [{"rfilename": ".gitattributes"}, {"rfilename": "README.md"}, {"rfilename": "noakirelv5.zip"}], "spaces": [], "createdAt": "2023-10-30T14:48:52.000Z", "inferenceStatus": "not-loaded"}