{"_id": "6554cd6ad83ec9338d53f161", "id": "ubermenchh/sanskrit-english-model", "modelId": "ubermenchh/sanskrit-english-model", "author": "ubermenchh", "sha": "e0d8478c96ca147eb674a1eaa9f599c73daba0fe", "lastModified": "2023-11-15T15:12:14.000Z", "private": false, "disabled": false, "gated": false, "pipeline_tag": "text2text-generation", "tags": ["transformers", "tensorboard", "safetensors", "t5", "text2text-generation", "generated_from_trainer", "dataset:itihasa", "base_model:t5-small", "license:apache-2.0", "model-index", "autotrain_compatible", "text-generation-inference", "endpoints_compatible", "region:us"], "downloads": 2, "library_name": "transformers", "likes": 0, "model-index": [{"name": "sanskrit-english-model", "results": [{"task": {"name": "Sequence-to-sequence Language Modeling", "type": "text2text-generation"}, "dataset": {"name": "itihasa", "type": "itihasa", "config": "Itihasa", "split": "test", "args": "Itihasa"}, "metrics": [{"name": "Bleu", "type": "bleu", "value": 0.3733, "verified": false}]}]}], "config": {"architectures": ["T5ForConditionalGeneration"], "model_type": "t5", "tokenizer_config": {"eos_token": "</s>", "pad_token": "<pad>", "unk_token": "<unk>"}}, "cardData": {"license": "apache-2.0", "base_model": "t5-small", "tags": ["generated_from_trainer"], "datasets": ["itihasa"], "metrics": ["bleu"], "model-index": [{"name": "sanskrit-english-model", "results": [{"task": {"name": "Sequence-to-sequence Language Modeling", "type": "text2text-generation"}, "dataset": {"name": "itihasa", "type": "itihasa", "config": "Itihasa", "split": "test", "args": "Itihasa"}, "metrics": [{"name": "Bleu", "type": "bleu", "value": 0.3733, "verified": false}]}]}]}, "transformersInfo": {"auto_model": "AutoModelForSeq2SeqLM", "pipeline_tag": "text2text-generation", "processor": "AutoTokenizer"}, "siblings": [{"rfilename": ".gitattributes"}, {"rfilename": "README.md"}, {"rfilename": "config.json"}, {"rfilename": "generation_config.json"}, {"rfilename": "model.safetensors"}, {"rfilename": "runs/Nov15_14-14-31_3486ef2c9151/events.out.tfevents.1700057671.3486ef2c9151.47.0"}, {"rfilename": "runs/Nov15_14-30-11_3486ef2c9151/events.out.tfevents.1700058612.3486ef2c9151.47.1"}, {"rfilename": "runs/Nov15_14-44-27_3486ef2c9151/events.out.tfevents.1700059468.3486ef2c9151.47.2"}, {"rfilename": "special_tokens_map.json"}, {"rfilename": "spiece.model"}, {"rfilename": "tokenizer.json"}, {"rfilename": "tokenizer_config.json"}, {"rfilename": "training_args.bin"}], "spaces": [], "createdAt": "2023-11-15T13:53:46.000Z", "safetensors": {"parameters": {"F32": 60506624}, "total": 60506624}, "inferenceStatus": "not-loaded"}