{"_id": "638ad80efb4c3732d06b59b0", "id": "Uberduck/torchmoji", "modelId": "Uberduck/torchmoji", "author": "Uberduck", "sha": "ff04492fe67db898d9bcbd923ee1192646132286", "lastModified": "2022-12-03T05:04:20.000Z", "private": false, "disabled": false, "gated": false, "tags": ["pytorch", "region:us"], "downloads": 0, "likes": 1, "siblings": [{"rfilename": ".gitattributes"}, {"rfilename": "pytorch_model.bin"}, {"rfilename": "vocabulary.json"}], "spaces": [], "createdAt": "2022-12-03T05:01:02.000Z", "inferenceStatus": "not-loaded"}