{"_id": "625708efc8b8c1cb34cd9709", "id": "Uberduck/Action53", "modelId": "Uberduck/Action53", "author": "Uberduck", "sha": "2242b0a7abbf29697c6fd5f00170b653219920f8", "lastModified": "2022-04-13T17:34:05.000Z", "private": false, "disabled": false, "gated": false, "tags": ["license:mit", "region:us"], "downloads": 0, "likes": 0, "model-index": null, "cardData": {"license": "mit"}, "siblings": [{"rfilename": ".gitattributes"}, {"rfilename": "Action53.pt"}, {"rfilename": "README.md"}], "spaces": [], "createdAt": "2022-04-13T17:31:27.000Z", "inferenceStatus": "not-loaded"}