{"_id": "65434e322997b38f4fa769e8", "id": "ubermenchh/ddpm-celebahq-finetuned-butterflies-2epochs", "modelId": "ubermenchh/ddpm-celebahq-finetuned-butterflies-2epochs", "author": "ubermenchh", "sha": "ff617e9a3e4174c7164a76eb4e307570e8599cce", "lastModified": "2023-11-02T07:23:26.000Z", "private": false, "disabled": false, "gated": false, "pipeline_tag": "unconditional-image-generation", "tags": ["diffusers", "safetensors", "pytorch", "unconditional-image-generation", "diffusion-models-class", "license:mit", "diffusers:DDPMPipeline", "region:us"], "downloads": 20, "library_name": "diffusers", "likes": 0, "model-index": null, "config": {"diffusers": {"_class_name": "DDPMPipeline"}}, "cardData": {"license": "mit", "tags": ["pytorch", "diffusers", "unconditional-image-generation", "diffusion-models-class"]}, "siblings": [{"rfilename": ".gitattributes"}, {"rfilename": "README.md"}, {"rfilename": "config.json"}, {"rfilename": "diffusion_pytorch_model.safetensors"}, {"rfilename": "model_index.json"}, {"rfilename": "scheduler_config.json"}], "spaces": [], "createdAt": "2023-11-02T07:22:26.000Z", "inferenceStatus": "not-loaded"}