{"_id": "655603827f8195872ea77a37", "id": "ubermenchh/sanskrit-to-english", "modelId": "ubermenchh/sanskrit-to-english", "author": "ubermenchh", "sha": "53f1b66fbcc34f50454e3eaf3b34befc8fa9d1cb", "lastModified": "2023-11-16T13:08:35.000Z", "private": false, "disabled": false, "gated": false, "pipeline_tag": "text2text-generation", "tags": ["transformers", "tensorboard", "safetensors", "t5", "text2text-generation", "generated_from_trainer", "dataset:itihasa", "base_model:t5-small", "license:apache-2.0", "model-index", "autotrain_compatible", "text-generation-inference", "endpoints_compatible", "region:us"], "downloads": 10, "library_name": "transformers", "likes": 1, "model-index": [{"name": "sanskrit-to-english", "results": [{"task": {"name": "Sequence-to-sequence Language Modeling", "type": "text2text-generation"}, "dataset": {"name": "itihasa", "type": "itihasa", "config": "Itihasa", "split": "test", "args": "Itihasa"}, "metrics": [{"name": "Bleu", "type": "bleu", "value": 0.288, "verified": false}]}]}], "config": {"architectures": ["T5ForConditionalGeneration"], "model_type": "t5", "tokenizer_config": {"eos_token": "</s>", "pad_token": "<pad>", "unk_token": "<unk>"}}, "cardData": {"license": "apache-2.0", "base_model": "t5-small", "tags": ["generated_from_trainer"], "datasets": ["itihasa"], "metrics": ["bleu"], "model-index": [{"name": "sanskrit-to-english", "results": [{"task": {"name": "Sequence-to-sequence Language Modeling", "type": "text2text-generation"}, "dataset": {"name": "itihasa", "type": "itihasa", "config": "Itihasa", "split": "test", "args": "Itihasa"}, "metrics": [{"name": "Bleu", "type": "bleu", "value": 0.288, "verified": false}]}]}]}, "transformersInfo": {"auto_model": "AutoModelForSeq2SeqLM", "pipeline_tag": "text2text-generation", "processor": "AutoTokenizer"}, "siblings": [{"rfilename": ".gitattributes"}, {"rfilename": "README.md"}, {"rfilename": "config.json"}, {"rfilename": "generation_config.json"}, {"rfilename": "model.safetensors"}, {"rfilename": "runs/Nov16_11-56-49_4a7dda7c4e12/events.out.tfevents.1700135810.4a7dda7c4e12.47.0"}, {"rfilename": "special_tokens_map.json"}, {"rfilename": "spiece.model"}, {"rfilename": "tokenizer.json"}, {"rfilename": "tokenizer_config.json"}, {"rfilename": "training_args.bin"}], "spaces": [], "createdAt": "2023-11-16T11:56:50.000Z", "safetensors": {"parameters": {"F32": 60506624}, "total": 60506624}, "inferenceStatus": "not-loaded"}