{"_id": "65a80d6b91ec5d1ec6ab6fc0", "id": "ubermenchh/fine-tune-phi2-qa", "modelId": "ubermenchh/fine-tune-phi2-qa", "author": "ubermenchh", "sha": "f6c8f24dc9e69b409fb1d5ddd66de51be2ef2f6b", "lastModified": "2024-01-17T17:25:15.000Z", "private": false, "disabled": false, "gated": false, "tags": ["transformers", "safetensors", "arxiv:1910.09700", "endpoints_compatible", "region:us"], "downloads": 0, "library_name": "transformers", "likes": 0, "model-index": null, "cardData": {"library_name": "transformers", "tags": []}, "transformersInfo": {"auto_model": "AutoModel"}, "siblings": [{"rfilename": ".gitattributes"}, {"rfilename": "README.md"}, {"rfilename": "adapter_config.json"}, {"rfilename": "adapter_model.safetensors"}], "spaces": [], "createdAt": "2024-01-17T17:24:59.000Z", "inferenceStatus": "not-loaded"}