{"_id": "65626fc82324e4d25cc6631f", "id": "ubermenchh/tmp_trainer", "modelId": "ubermenchh/tmp_trainer", "author": "ubermenchh", "sha": "7853ab25654629a909c91f295c67f4ee1293dd8f", "lastModified": "2023-11-25T22:06:15.000Z", "private": false, "disabled": false, "gated": false, "pipeline_tag": "text-classification", "tags": ["transformers", "tensorboard", "safetensors", "distilbert", "text-classification", "generated_from_trainer", "dataset:emotion", "base_model:distilbert-base-uncased", "license:apache-2.0", "autotrain_compatible", "endpoints_compatible", "region:us"], "downloads": 3, "library_name": "transformers", "mask_token": "[MASK]", "widgetData": [{"text": "I like you. I love you"}], "likes": 0, "model-index": [{"name": "tmp_trainer", "results": []}], "config": {"architectures": ["DistilBertForSequenceClassification"], "model_type": "distilbert", "tokenizer_config": {"cls_token": "[CLS]", "mask_token": "[MASK]", "pad_token": "[PAD]", "sep_token": "[SEP]", "unk_token": "[UNK]"}}, "cardData": {"license": "apache-2.0", "base_model": "distilbert-base-uncased", "tags": ["generated_from_trainer"], "datasets": ["emotion"], "model-index": [{"name": "tmp_trainer", "results": []}]}, "transformersInfo": {"auto_model": "AutoModelForSequenceClassification", "pipeline_tag": "text-classification", "processor": "AutoTokenizer"}, "siblings": [{"rfilename": ".gitattributes"}, {"rfilename": "README.md"}, {"rfilename": "config.json"}, {"rfilename": "model.safetensors"}, {"rfilename": "runs/Nov25_21-55-58_f3084f101678/events.out.tfevents.1700949360.f3084f101678.9235.0"}, {"rfilename": "special_tokens_map.json"}, {"rfilename": "tokenizer.json"}, {"rfilename": "tokenizer_config.json"}, {"rfilename": "training_args.bin"}, {"rfilename": "vocab.txt"}], "spaces": [], "createdAt": "2023-11-25T22:06:00.000Z", "safetensors": {"parameters": {"F32": 66958086}, "total": 66958086}, "inferenceStatus": "not-loaded"}