{"_id": "6286fcdb011a13fe5f897e56", "id": "Uberduck/HiFi-Crust", "modelId": "Uberduck/HiFi-Crust", "author": "Uberduck", "sha": "8ff34946f9daeeb4826349f837328e387ad6c202", "lastModified": "2022-05-20T02:37:45.000Z", "private": false, "disabled": false, "gated": false, "tags": ["region:us"], "downloads": 0, "likes": 2, "siblings": [{"rfilename": ".gitattributes"}, {"rfilename": "do_00000000"}, {"rfilename": "g_00000000 (1)"}], "spaces": [], "createdAt": "2022-05-20T02:28:43.000Z", "inferenceStatus": "not-loaded"}