{"_id": "621ffdc136468d709f1779f2", "id": "UBIAI/en_scibert_ScienceIE", "modelId": "UBIAI/en_scibert_ScienceIE", "author": "UBIAI", "sha": "d53c4686d303d87920939d1cb91da50c36183586", "lastModified": "2021-08-15T02:49:58.000Z", "private": false, "disabled": false, "gated": false, "pipeline_tag": "token-classification", "tags": ["spacy", "token-classification", "en", "model-index", "region:us"], "downloads": 15, "library_name": "spacy", "widgetData": [{"text": "My name is Wolfgang and I live in Berlin"}, {"text": "My name is Sarah and I live in London"}, {"text": "My name is Clara and I live in Berkeley, California."}], "likes": 0, "model-index": [{"name": "en_scibert_ScienceIE", "results": [{"task": {"name": "NER", "type": "token-classification"}, "metrics": [{"name": "NER Precision", "type": "precision", "value": 0.9891304348, "verified": false}, {"name": "NER Recall", "type": "recall", "value": 0.9923664122, "verified": false}, {"name": "NER F Score", "type": "f_score", "value": 0.9907457812, "verified": false}]}]}], "cardData": {"tags": ["spacy", "token-classification"], "language": ["en"], "model-index": [{"name": "en_scibert_ScienceIE", "results": [{"task": {"name": "NER", "type": "token-classification"}, "metrics": [{"name": "NER Precision", "type": "precision", "value": 0.9891304348, "verified": false}, {"name": "NER Recall", "type": "recall", "value": 0.9923664122, "verified": false}, {"name": "NER F Score", "type": "f_score", "value": 0.9907457812, "verified": false}]}]}]}, "siblings": [{"rfilename": ".gitattributes"}, {"rfilename": "README.md"}, {"rfilename": "config.cfg"}, {"rfilename": "en_scibert_ScienceIE-any-py3-none-any.whl"}, {"rfilename": "meta.json"}, {"rfilename": "ner/cfg"}, {"rfilename": "ner/model"}, {"rfilename": "ner/moves"}, {"rfilename": "tokenizer"}, {"rfilename": "transformer/cfg"}, {"rfilename": "transformer/model/config.json"}, {"rfilename": "transformer/model/pytorch_model.bin"}, {"rfilename": "transformer/model/special_tokens_map.json"}, {"rfilename": "transformer/model/tokenizer.json"}, {"rfilename": "transformer/model/tokenizer_config.json"}, {"rfilename": "transformer/model/vocab.txt"}, {"rfilename": "vocab/key2row"}, {"rfilename": "vocab/lookups.bin"}, {"rfilename": "vocab/strings.json"}, {"rfilename": "vocab/vectors"}], "spaces": [], "createdAt": "2022-03-02T23:29:05.000Z", "inferenceStatus": "not-loaded"}