{"_id": "65f93ff5663c622a90f37a55", "id": "ubiclark/falcon7binstruct_mentalhealthmodel_oct23", "modelId": "ubiclark/falcon7binstruct_mentalhealthmodel_oct23", "author": "ubiclark", "sha": "7cfd8f5daa91f3047ccc844193d4207a74c2f90b", "lastModified": "2024-03-19T08:40:24.000Z", "private": false, "disabled": false, "gated": false, "tags": ["tensorboard", "safetensors", "region:us"], "downloads": 0, "likes": 0, "config": {"tokenizer_config": {"eos_token": "<|endoftext|>", "pad_token": "<|endoftext|>"}}, "siblings": [{"rfilename": ".gitattributes"}, {"rfilename": "adapter_config.json"}, {"rfilename": "adapter_model.safetensors"}, {"rfilename": "runs/Mar19_07-34-08_d7aa9f2190dd/events.out.tfevents.1710833661.d7aa9f2190dd.152.0"}, {"rfilename": "special_tokens_map.json"}, {"rfilename": "tokenizer.json"}, {"rfilename": "tokenizer_config.json"}, {"rfilename": "training_args.bin"}], "spaces": [], "createdAt": "2024-03-19T07:34:13.000Z", "inferenceStatus": "not-loaded"}