{"_id": "639a015fb409c7f3fb849d71", "id": "ubiest/ppo-LunarLanderr-v2", "modelId": "ubiest/ppo-LunarLanderr-v2", "author": "ubiest", "sha": "d14322f051fbefb0de4a648caa95cb8dd32bc5f3", "lastModified": "2022-12-14T18:09:17.000Z", "private": false, "disabled": false, "gated": false, "pipeline_tag": "reinforcement-learning", "tags": ["stable-baselines3", "LunarLander-v2", "deep-reinforcement-learning", "reinforcement-learning", "model-index", "region:us"], "downloads": 0, "library_name": "stable-baselines3", "likes": 0, "model-index": [{"name": "PPO", "results": [{"task": {"type": "reinforcement-learning", "name": "reinforcement-learning"}, "dataset": {"name": "LunarLander-v2", "type": "LunarLander-v2"}, "metrics": [{"type": "mean_reward", "value": "265.06 +/- 17.82", "name": "mean_reward", "verified": false}]}]}], "config": {}, "cardData": {"library_name": "stable-baselines3", "tags": ["LunarLander-v2", "deep-reinforcement-learning", "reinforcement-learning", "stable-baselines3"], "model-index": [{"name": "PPO", "results": [{"task": {"type": "reinforcement-learning", "name": "reinforcement-learning"}, "dataset": {"name": "LunarLander-v2", "type": "LunarLander-v2"}, "metrics": [{"type": "mean_reward", "value": "265.06 +/- 17.82", "name": "mean_reward", "verified": false}]}]}]}, "siblings": [{"rfilename": ".gitattributes"}, {"rfilename": "README.md"}, {"rfilename": "config.json"}, {"rfilename": "jaume-LunarLander-v2.zip"}, {"rfilename": "jaume-LunarLander-v2/_stable_baselines3_version"}, {"rfilename": "jaume-LunarLander-v2/data"}, {"rfilename": "jaume-LunarLander-v2/policy.optimizer.pth"}, {"rfilename": "jaume-LunarLander-v2/policy.pth"}, {"rfilename": "jaume-LunarLander-v2/pytorch_variables.pth"}, {"rfilename": "jaume-LunarLander-v2/system_info.txt"}, {"rfilename": "replay.mp4"}, {"rfilename": "results.json"}], "spaces": [], "createdAt": "2022-12-14T17:01:19.000Z", "inferenceStatus": "not-loaded"}