{"_id": "629e1617447ef823e7af1802", "id": "ubiqtuitin/PPO_CartPole-v1", "modelId": "ubiqtuitin/PPO_CartPole-v1", "author": "ubiqtuitin", "sha": "2b022d0df0b2de3acc26a4568aebadac7a353a95", "lastModified": "2022-06-06T15:48:54.000Z", "private": false, "disabled": false, "gated": false, "pipeline_tag": "reinforcement-learning", "tags": ["stable-baselines3", "CartPole-v1", "deep-reinforcement-learning", "reinforcement-learning", "model-index", "region:us"], "downloads": 1, "library_name": "stable-baselines3", "likes": 0, "model-index": [{"name": "PPO", "results": [{"metrics": [{"type": "mean_reward", "value": "500.00 +/- 0.00", "name": "mean_reward", "verified": false}], "task": {"type": "reinforcement-learning", "name": "reinforcement-learning"}, "dataset": {"name": "CartPole-v1", "type": "CartPole-v1"}}]}], "config": {}, "cardData": {"library_name": "stable-baselines3", "tags": ["CartPole-v1", "deep-reinforcement-learning", "reinforcement-learning", "stable-baselines3"], "model-index": [{"name": "PPO", "results": [{"metrics": [{"type": "mean_reward", "value": "500.00 +/- 0.00", "name": "mean_reward", "verified": false}], "task": {"type": "reinforcement-learning", "name": "reinforcement-learning"}, "dataset": {"name": "CartPole-v1", "type": "CartPole-v1"}}]}]}, "siblings": [{"rfilename": ".gitattributes"}, {"rfilename": "CartPole-v1.zip"}, {"rfilename": "CartPole-v1/_stable_baselines3_version"}, {"rfilename": "CartPole-v1/data"}, {"rfilename": "CartPole-v1/policy.optimizer.pth"}, {"rfilename": "CartPole-v1/policy.pth"}, {"rfilename": "CartPole-v1/pytorch_variables.pth"}, {"rfilename": "CartPole-v1/system_info.txt"}, {"rfilename": "README.md"}, {"rfilename": "config.json"}, {"rfilename": "replay.mp4"}, {"rfilename": "results.json"}], "spaces": [], "createdAt": "2022-06-06T14:58:31.000Z", "inferenceStatus": "not-loaded"}