{"_id": "6687af55f4c2730c9b24649b", "id": "ubulut/whisper-tiny-quran-lite", "modelId": "ubulut/whisper-tiny-quran-lite", "author": "ubulut", "sha": "414990abbc8749e0bd0c4708bf1573cca6f481ac", "lastModified": "2024-07-05T23:24:06.000Z", "private": false, "disabled": false, "gated": false, "pipeline_tag": "automatic-speech-recognition", "tags": ["transformers", "tensorboard", "safetensors", "whisper", "automatic-speech-recognition", "generated_from_trainer", "ar", "dataset:ubulut/quran-verses-lite", "base_model:openai/whisper-tiny", "license:apache-2.0", "model-index", "endpoints_compatible", "region:us"], "downloads": 4, "library_name": "transformers", "likes": 0, "model-index": [{"name": "Whisper Tiny AR - Quran", "results": [{"task": {"name": "Automatic Speech Recognition", "type": "automatic-speech-recognition"}, "dataset": {"name": "quran-whisper-dataset-lite", "type": "ubulut/quran-verses-lite", "config": "default", "split": "None", "args": "config: ar, split: test"}, "metrics": [{"name": "Wer", "type": "wer", "value": 94.30650684931507, "verified": false}]}]}], "config": {"architectures": ["WhisperForConditionalGeneration"], "model_type": "whisper"}, "cardData": {"language": ["ar"], "license": "apache-2.0", "base_model": "openai/whisper-tiny", "tags": ["generated_from_trainer"], "datasets": ["ubulut/quran-verses-lite"], "metrics": ["wer"], "model-index": [{"name": "Whisper Tiny AR - Quran", "results": [{"task": {"name": "Automatic Speech Recognition", "type": "automatic-speech-recognition"}, "dataset": {"name": "quran-whisper-dataset-lite", "type": "ubulut/quran-verses-lite", "config": "default", "split": "None", "args": "config: ar, split: test"}, "metrics": [{"name": "Wer", "type": "wer", "value": 94.30650684931507, "verified": false}]}]}]}, "transformersInfo": {"auto_model": "AutoModelForSpeechSeq2Seq", "pipeline_tag": "automatic-speech-recognition", "processor": "AutoProcessor"}, "siblings": [{"rfilename": ".gitattributes"}, {"rfilename": "README.md"}, {"rfilename": "config.json"}, {"rfilename": "generation_config.json"}, {"rfilename": "model.safetensors"}, {"rfilename": "preprocessor_config.json"}, {"rfilename": "runs/Jul05_08-31-16_bf51e8607be6/events.out.tfevents.1720168278.bf51e8607be6.825.0"}, {"rfilename": "runs/Jul05_10-00-34_df6418d861ab/events.out.tfevents.1720173635.df6418d861ab.4543.0"}, {"rfilename": "runs/Jul05_18-42-22_8a12168875f5/events.out.tfevents.1720204944.8a12168875f5.519.0"}, {"rfilename": "runs/Jul05_21-03-24_8a12168875f5/events.out.tfevents.1720213404.8a12168875f5.519.1"}, {"rfilename": "training_args.bin"}], "spaces": [], "createdAt": "2024-07-05T08:31:17.000Z", "safetensors": {"parameters": {"F32": 37760640}, "total": 37760640}, "inferenceStatus": "not-loaded"}