{"_id": "667588db9329dbc7ea664eba", "id": "ubulut/whisper-tiny-quran", "modelId": "ubulut/whisper-tiny-quran", "author": "ubulut", "sha": "11befa002aaa4521ec570b59237c6bde0e2061ed", "lastModified": "2024-07-04T20:28:05.000Z", "private": false, "disabled": false, "gated": false, "pipeline_tag": "automatic-speech-recognition", "tags": ["transformers", "tensorboard", "safetensors", "whisper", "automatic-speech-recognition", "generated_from_trainer", "ar", "dataset:ubulut/quran-verses", "base_model:openai/whisper-tiny", "license:apache-2.0", "model-index", "endpoints_compatible", "region:us"], "downloads": 0, "library_name": "transformers", "likes": 0, "model-index": [{"name": "Whisper Tiny AR - Quran", "results": [{"task": {"name": "Automatic Speech Recognition", "type": "automatic-speech-recognition"}, "dataset": {"name": "quran-whisper-dataset", "type": "ubulut/quran-verses", "config": "default", "split": "None", "args": "config: ar, split: test"}, "metrics": [{"name": "Wer", "type": "wer", "value": 190.35250463821893, "verified": false}]}]}], "config": {"architectures": ["WhisperForConditionalGeneration"], "model_type": "whisper"}, "cardData": {"language": ["ar"], "license": "apache-2.0", "base_model": "openai/whisper-tiny", "tags": ["generated_from_trainer"], "datasets": ["ubulut/quran-verses"], "metrics": ["wer"], "model-index": [{"name": "Whisper Tiny AR - Quran", "results": [{"task": {"name": "Automatic Speech Recognition", "type": "automatic-speech-recognition"}, "dataset": {"name": "quran-whisper-dataset", "type": "ubulut/quran-verses", "config": "default", "split": "None", "args": "config: ar, split: test"}, "metrics": [{"name": "Wer", "type": "wer", "value": 190.35250463821893, "verified": false}]}]}]}, "transformersInfo": {"auto_model": "AutoModelForSpeechSeq2Seq", "pipeline_tag": "automatic-speech-recognition", "processor": "AutoProcessor"}, "siblings": [{"rfilename": ".gitattributes"}, {"rfilename": "README.md"}, {"rfilename": "config.json"}, {"rfilename": "generation_config.json"}, {"rfilename": "model.safetensors"}, {"rfilename": "preprocessor_config.json"}, {"rfilename": "runs/Jul04_13-19-37_fcb3515f091e/events.out.tfevents.1720099178.fcb3515f091e.227.0"}, {"rfilename": "runs/Jul04_19-25-37_5cbfce9236eb/events.out.tfevents.1720121138.5cbfce9236eb.1344.0"}, {"rfilename": "training_args.bin"}], "spaces": [], "createdAt": "2024-06-21T14:06:19.000Z", "safetensors": {"parameters": {"F32": 37760640}, "total": 37760640}, "inferenceStatus": "not-loaded"}