{"_id": "625da894e1176e6c7728d9ce", "id": "ucabqfe/roberta_AAE_io", "modelId": "ucabqfe/roberta_AAE_io", "author": "ucabqfe", "sha": "27f3c0c86d6b56dd53eea0644dd5018b4ca74d1b", "lastModified": "2022-04-18T18:06:26.000Z", "private": false, "disabled": false, "gated": false, "pipeline_tag": "token-classification", "tags": ["transformers", "pytorch", "roberta", "token-classification", "autotrain_compatible", "endpoints_compatible", "region:us"], "downloads": 3, "library_name": "transformers", "mask_token": "<mask>", "widgetData": [{"text": "My name is Wolfgang and I live in Berlin"}, {"text": "My name is Sarah and I live in London"}, {"text": "My name is Clara and I live in Berkeley, California."}], "likes": 0, "config": {"architectures": ["RobertaForTokenClassification"], "model_type": "roberta"}, "transformersInfo": {"auto_model": "AutoModelForTokenClassification", "pipeline_tag": "token-classification", "processor": "AutoTokenizer"}, "siblings": [{"rfilename": ".gitattributes"}, {"rfilename": "config.json"}, {"rfilename": "pytorch_model.bin"}], "spaces": [], "createdAt": "2022-04-18T18:06:12.000Z", "inferenceStatus": "not-loaded"}