{"_id": "625da6a22d14149fc6cb57be", "id": "ucabqfe/roberta_PER_bio", "modelId": "ucabqfe/roberta_PER_bio", "author": "ucabqfe", "sha": "0c2ff4e12e54fb791922a9ad4637649d40116541", "lastModified": "2022-04-18T17:58:09.000Z", "private": false, "disabled": false, "gated": false, "pipeline_tag": "token-classification", "tags": ["transformers", "pytorch", "roberta", "token-classification", "autotrain_compatible", "endpoints_compatible", "region:us"], "downloads": 3, "library_name": "transformers", "mask_token": "<mask>", "widgetData": [{"text": "My name is Wolfgang and I live in Berlin"}, {"text": "My name is Sarah and I live in London"}, {"text": "My name is Clara and I live in Berkeley, California."}], "likes": 0, "config": {"architectures": ["RobertaForTokenClassification"], "model_type": "roberta"}, "transformersInfo": {"auto_model": "AutoModelForTokenClassification", "pipeline_tag": "token-classification", "processor": "AutoTokenizer"}, "siblings": [{"rfilename": ".gitattributes"}, {"rfilename": "config.json"}, {"rfilename": "pytorch_model.bin"}], "spaces": [], "createdAt": "2022-04-18T17:57:54.000Z", "inferenceStatus": "not-loaded"}