{"_id": "625da83d943e346492b63396", "id": "ucabqfe/roberta_AAE_bieo", "modelId": "ucabqfe/roberta_AAE_bieo", "author": "ucabqfe", "sha": "83587b2b72fd4e18c59063939e5659ea1e3ec2a6", "lastModified": "2022-04-18T18:04:59.000Z", "private": false, "disabled": false, "gated": false, "pipeline_tag": "token-classification", "tags": ["transformers", "pytorch", "roberta", "token-classification", "autotrain_compatible", "endpoints_compatible", "region:us"], "downloads": 3, "library_name": "transformers", "mask_token": "<mask>", "widgetData": [{"text": "My name is Wolfgang and I live in Berlin"}, {"text": "My name is Sarah and I live in London"}, {"text": "My name is Clara and I live in Berkeley, California."}], "likes": 0, "config": {"architectures": ["RobertaForTokenClassification"], "model_type": "roberta"}, "transformersInfo": {"auto_model": "AutoModelForTokenClassification", "pipeline_tag": "token-classification", "processor": "AutoTokenizer"}, "siblings": [{"rfilename": ".gitattributes"}, {"rfilename": "config.json"}, {"rfilename": "pytorch_model.bin"}], "spaces": [], "createdAt": "2022-04-18T18:04:45.000Z", "inferenceStatus": "not-loaded"}