{"_id": "625da95dc408637015896c35", "id": "ucabqfe/bigBird_AAE_bieo", "modelId": "ucabqfe/bigBird_AAE_bieo", "author": "ucabqfe", "sha": "6721406fb275217d976fe8dc60782045e6a6c4c2", "lastModified": "2022-04-18T18:09:50.000Z", "private": false, "disabled": false, "gated": false, "pipeline_tag": "token-classification", "tags": ["transformers", "pytorch", "big_bird", "token-classification", "autotrain_compatible", "endpoints_compatible", "region:us"], "downloads": 3, "library_name": "transformers", "widgetData": [{"text": "My name is Wolfgang and I live in Berlin"}, {"text": "My name is Sarah and I live in London"}, {"text": "My name is Clara and I live in Berkeley, California."}], "likes": 0, "config": {"architectures": ["BigBirdForTokenClassification"], "model_type": "big_bird"}, "transformersInfo": {"auto_model": "AutoModelForTokenClassification", "pipeline_tag": "token-classification", "processor": "AutoTokenizer"}, "siblings": [{"rfilename": ".gitattributes"}, {"rfilename": "config.json"}, {"rfilename": "pytorch_model.bin"}], "spaces": [], "createdAt": "2022-04-18T18:09:33.000Z", "inferenceStatus": "not-loaded"}