{"_id": "625d83ade1176e6c77280b8f", "id": "ucabqfe/roberta_AAE_bio", "modelId": "ucabqfe/roberta_AAE_bio", "author": "ucabqfe", "sha": "056922f8c44e60b47c7aabbbc7a3db8ad5c16a1b", "lastModified": "2022-04-18T15:29:00.000Z", "private": false, "disabled": false, "gated": false, "pipeline_tag": "token-classification", "tags": ["transformers", "pytorch", "roberta", "token-classification", "autotrain_compatible", "endpoints_compatible", "region:us"], "downloads": 5, "library_name": "transformers", "mask_token": "<mask>", "widgetData": [{"text": "My name is Wolfgang and I live in Berlin"}, {"text": "My name is Sarah and I live in London"}, {"text": "My name is Clara and I live in Berkeley, California."}], "likes": 0, "config": {"architectures": ["RobertaForTokenClassification"], "model_type": "roberta"}, "transformersInfo": {"auto_model": "AutoModelForTokenClassification", "pipeline_tag": "token-classification", "processor": "AutoTokenizer"}, "siblings": [{"rfilename": ".gitattributes"}, {"rfilename": "config.json"}, {"rfilename": "pytorch_model.bin"}], "spaces": [], "createdAt": "2022-04-18T15:28:45.000Z", "inferenceStatus": "not-loaded"}