{"_id": "664000877f6555eecb064d3a", "id": "ucalyptus/prem-1B-chat-MLX", "modelId": "ucalyptus/prem-1B-chat-MLX", "author": "ucalyptus", "sha": "0564e7a481ef161759dc0ed10d62484c42758303", "lastModified": "2024-05-11T23:35:01.000Z", "private": false, "disabled": false, "gated": false, "pipeline_tag": "text-generation", "tags": ["transformers", "safetensors", "llama", "text-generation", "mlx", "conversational", "dataset:cerebras/SlimPajama-627B", "dataset:HuggingFaceH4/ultrachat_200k", "dataset:hkust-nlp/deita-10k-v0", "dataset:Open-Orca/SlimOrca-Dedup", "dataset:cognitivecomputations/WizardLM_evol_instruct_V2_196k_unfiltered_merged_split", "dataset:HuggingFaceH4/capybara", "dataset:meta-math/MetaMathQA", "dataset:argilla/ultrafeedback-binarized-preferences-cleaned", "dataset:Intel/orca_dpo_pairs", "dataset:alexredna/oasst2_dpo_pairs", "license:apache-2.0", "autotrain_compatible", "text-generation-inference", "endpoints_compatible", "region:us"], "downloads": 3, "library_name": "transformers", "widgetData": [{"text": "Hey my name is Julien! How are you?"}, {"text": "Hey my name is Thomas! How are you?"}, {"text": "Hey my name is Mariama! How are you?"}, {"text": "Hey my name is Clara! How are you?"}, {"text": "Hey my name is Julien! How are you?"}, {"text": "Hi."}], "likes": 1, "model-index": null, "config": {"architectures": ["LlamaForCausalLM"], "model_type": "llama", "tokenizer_config": {"bos_token": "<s>", "chat_template": "{% set loop_messages = messages %}{% for message in loop_messages %}{% set content = '<|start_header_id|>' + message['role'] + '<|end_header_id|>\n\n'+ message['content'] | trim + '<|eot_id|>' %}{% if loop.index0 == 0 %}{% set content = bos_token + content %}{% endif %}{{ content }}{% endfor %}{% if add_generation_prompt %}{{ '<|start_header_id|>assistant<|end_header_id|>\n\n' }}{% endif %}", "eos_token": "</s>", "pad_token": "[PAD]", "unk_token": "<unk>", "use_default_system_prompt": false}}, "cardData": {"license": "apache-2.0", "library_name": "transformers", "tags": ["mlx"], "datasets": ["cerebras/SlimPajama-627B", "HuggingFaceH4/ultrachat_200k", "hkust-nlp/deita-10k-v0", "Open-Orca/SlimOrca-Dedup", "cognitivecomputations/WizardLM_evol_instruct_V2_196k_unfiltered_merged_split", "HuggingFaceH4/capybara", "meta-math/MetaMathQA", "argilla/ultrafeedback-binarized-preferences-cleaned", "Intel/orca_dpo_pairs", "alexredna/oasst2_dpo_pairs"], "pipeline_tag": "text-generation"}, "transformersInfo": {"auto_model": "AutoModelForCausalLM", "pipeline_tag": "text-generation", "processor": "AutoTokenizer"}, "siblings": [{"rfilename": ".gitattributes"}, {"rfilename": "README.md"}, {"rfilename": "added_tokens.json"}, {"rfilename": "config.json"}, {"rfilename": "model.safetensors"}, {"rfilename": "model.safetensors.index.json"}, {"rfilename": "special_tokens_map.json"}, {"rfilename": "tokenizer.json"}, {"rfilename": "tokenizer.model"}, {"rfilename": "tokenizer_config.json"}], "spaces": [], "createdAt": "2024-05-11T23:34:31.000Z", "safetensors": {"parameters": {"F16": 97962240, "U32": 129303552}, "total": 227265792}, "inferenceStatus": "not-loaded"}