{"_id": "663ef8300e40c134469d270e", "id": "ucalyptus/prem-1B-chat-32k", "modelId": "ucalyptus/prem-1B-chat-32k", "author": "ucalyptus", "sha": "602a6215872b0db331caf5c5a005b71a4b636188", "lastModified": "2024-05-11T05:10:42.000Z", "private": false, "disabled": false, "gated": false, "tags": ["peft", "tensorboard", "safetensors", "llama", "generated_from_trainer", "arxiv:2309.10400", "base_model:premai-io/prem-1B-chat", "license:apache-2.0", "region:us"], "downloads": 3, "library_name": "peft", "likes": 1, "model-index": [{"name": "prem-1B-chat-32k", "results": []}], "config": {"architectures": ["LlamaForCausalLM"], "model_type": "llama", "tokenizer_config": {"bos_token": "<s>", "chat_template": "{% set loop_messages = messages %}{% for message in loop_messages %}{% set content = '<|start_header_id|>' + message['role'] + '<|end_header_id|>\n\n'+ message['content'] | trim + '<|eot_id|>' %}{% if loop.index0 == 0 %}{% set content = bos_token + content %}{% endif %}{{ content }}{% endfor %}{% if add_generation_prompt %}{{ '<|start_header_id|>assistant<|end_header_id|>\n\n' }}{% endif %}", "eos_token": "</s>", "pad_token": "<|end_of_text|>", "unk_token": "<unk>", "use_default_system_prompt": false}, "peft": {"base_model_name_or_path": "premai-io/prem-1B-chat", "task_type": "CAUSAL_LM"}}, "cardData": {"license": "apache-2.0", "library_name": "peft", "tags": ["generated_from_trainer"], "base_model": "premai-io/prem-1B-chat", "model-index": [{"name": "prem-1B-chat-32k", "results": []}]}, "siblings": [{"rfilename": ".gitattributes"}, {"rfilename": "README.md"}, {"rfilename": "adapter_config.json"}, {"rfilename": "adapter_model.safetensors"}, {"rfilename": "added_tokens.json"}, {"rfilename": "checkpoint-17/README.md"}, {"rfilename": "checkpoint-17/adapter_config.json"}, {"rfilename": "checkpoint-17/adapter_model.safetensors"}, {"rfilename": "checkpoint-17/added_tokens.json"}, {"rfilename": "checkpoint-17/optimizer.pt"}, {"rfilename": "checkpoint-17/rng_state_0.pth"}, {"rfilename": "checkpoint-17/rng_state_1.pth"}, {"rfilename": "checkpoint-17/rng_state_2.pth"}, {"rfilename": "checkpoint-17/rng_state_3.pth"}, {"rfilename": "checkpoint-17/rng_state_4.pth"}, {"rfilename": "checkpoint-17/rng_state_5.pth"}, {"rfilename": "checkpoint-17/rng_state_6.pth"}, {"rfilename": "checkpoint-17/rng_state_7.pth"}, {"rfilename": "checkpoint-17/scheduler.pt"}, {"rfilename": "checkpoint-17/special_tokens_map.json"}, {"rfilename": "checkpoint-17/tokenizer.json"}, {"rfilename": "checkpoint-17/tokenizer.model"}, {"rfilename": "checkpoint-17/tokenizer_config.json"}, {"rfilename": "checkpoint-17/trainer_state.json"}, {"rfilename": "checkpoint-17/training_args.bin"}, {"rfilename": "checkpoint-18/README.md"}, {"rfilename": "checkpoint-18/adapter_config.json"}, {"rfilename": "checkpoint-18/adapter_model.safetensors"}, {"rfilename": "checkpoint-18/added_tokens.json"}, {"rfilename": "checkpoint-18/optimizer.pt"}, {"rfilename": "checkpoint-18/rng_state_0.pth"}, {"rfilename": "checkpoint-18/rng_state_1.pth"}, {"rfilename": "checkpoint-18/rng_state_2.pth"}, {"rfilename": "checkpoint-18/rng_state_3.pth"}, {"rfilename": "checkpoint-18/rng_state_4.pth"}, {"rfilename": "checkpoint-18/rng_state_5.pth"}, {"rfilename": "checkpoint-18/rng_state_6.pth"}, {"rfilename": "checkpoint-18/rng_state_7.pth"}, {"rfilename": "checkpoint-18/scheduler.pt"}, {"rfilename": "checkpoint-18/special_tokens_map.json"}, {"rfilename": "checkpoint-18/tokenizer.json"}, {"rfilename": "checkpoint-18/tokenizer.model"}, {"rfilename": "checkpoint-18/tokenizer_config.json"}, {"rfilename": "checkpoint-18/trainer_state.json"}, {"rfilename": "checkpoint-18/training_args.bin"}, {"rfilename": "checkpoint-19/README.md"}, {"rfilename": "checkpoint-19/adapter_config.json"}, {"rfilename": "checkpoint-19/adapter_model.safetensors"}, {"rfilename": "checkpoint-19/added_tokens.json"}, {"rfilename": "checkpoint-19/optimizer.pt"}, {"rfilename": "checkpoint-19/rng_state_0.pth"}, {"rfilename": "checkpoint-19/rng_state_1.pth"}, {"rfilename": "checkpoint-19/rng_state_2.pth"}, {"rfilename": "checkpoint-19/rng_state_3.pth"}, {"rfilename": "checkpoint-19/rng_state_4.pth"}, {"rfilename": "checkpoint-19/rng_state_5.pth"}, {"rfilename": "checkpoint-19/rng_state_6.pth"}, {"rfilename": "checkpoint-19/rng_state_7.pth"}, {"rfilename": "checkpoint-19/scheduler.pt"}, {"rfilename": "checkpoint-19/special_tokens_map.json"}, {"rfilename": "checkpoint-19/tokenizer.json"}, {"rfilename": "checkpoint-19/tokenizer.model"}, {"rfilename": "checkpoint-19/tokenizer_config.json"}, {"rfilename": "checkpoint-19/trainer_state.json"}, {"rfilename": "checkpoint-19/training_args.bin"}, {"rfilename": "checkpoint-20/README.md"}, {"rfilename": "checkpoint-20/adapter_config.json"}, {"rfilename": "checkpoint-20/adapter_model.safetensors"}, {"rfilename": "checkpoint-20/added_tokens.json"}, {"rfilename": "checkpoint-20/optimizer.pt"}, {"rfilename": "checkpoint-20/rng_state_0.pth"}, {"rfilename": "checkpoint-20/rng_state_1.pth"}, {"rfilename": "checkpoint-20/rng_state_2.pth"}, {"rfilename": "checkpoint-20/rng_state_3.pth"}, {"rfilename": "checkpoint-20/rng_state_4.pth"}, {"rfilename": "checkpoint-20/rng_state_5.pth"}, {"rfilename": "checkpoint-20/rng_state_6.pth"}, {"rfilename": "checkpoint-20/rng_state_7.pth"}, {"rfilename": "checkpoint-20/scheduler.pt"}, {"rfilename": "checkpoint-20/special_tokens_map.json"}, {"rfilename": "checkpoint-20/tokenizer.json"}, {"rfilename": "checkpoint-20/tokenizer.model"}, {"rfilename": "checkpoint-20/tokenizer_config.json"}, {"rfilename": "checkpoint-20/trainer_state.json"}, {"rfilename": "checkpoint-20/training_args.bin"}, {"rfilename": "config.json"}, {"rfilename": "runs/May11_04-45-19_prem-8h100-03-f2/events.out.tfevents.1715402720.prem-8h100-03-f2.3402217.0"}, {"rfilename": "special_tokens_map.json"}, {"rfilename": "tokenizer.json"}, {"rfilename": "tokenizer.model"}, {"rfilename": "tokenizer_config.json"}], "spaces": [], "createdAt": "2024-05-11T04:46:40.000Z", "inferenceStatus": "not-loaded"}