{"_id": "663f0f34f9c2d3c9da458f3d", "id": "ucalyptus/prem-7B-chat", "modelId": "ucalyptus/prem-7B-chat", "author": "ucalyptus", "sha": "5f028ef1f8a2384bc71bb057ab9d3d51c633b9bf", "lastModified": "2024-05-11T06:27:17.000Z", "private": false, "disabled": false, "gated": false, "pipeline_tag": "text-generation", "tags": ["transformers", "safetensors", "llama", "text-generation", "mergekit", "merge", "conversational", "base_model:premai-io/prem-1B-chat", "autotrain_compatible", "text-generation-inference", "endpoints_compatible", "region:us"], "downloads": 3, "library_name": "transformers", "widgetData": [{"text": "Hey my name is Julien! How are you?"}, {"text": "Hey my name is Thomas! How are you?"}, {"text": "Hey my name is Mariama! How are you?"}, {"text": "Hey my name is Clara! How are you?"}, {"text": "Hey my name is Julien! How are you?"}, {"text": "Hi."}], "likes": 1, "model-index": null, "config": {"architectures": ["LlamaForCausalLM"], "model_type": "llama", "tokenizer_config": {"bos_token": "<s>", "chat_template": "{% set loop_messages = messages %}{% for message in loop_messages %}{% set content = '<|start_header_id|>' + message['role'] + '<|end_header_id|>\n\n'+ message['content'] | trim + '<|eot_id|>' %}{% if loop.index0 == 0 %}{% set content = bos_token + content %}{% endif %}{{ content }}{% endfor %}{% if add_generation_prompt %}{{ '<|start_header_id|>assistant<|end_header_id|>\n\n' }}{% endif %}", "eos_token": "</s>", "pad_token": "[PAD]", "unk_token": "<unk>", "use_default_system_prompt": false}}, "cardData": {"base_model": ["premai-io/prem-1B-chat"], "library_name": "transformers", "tags": ["mergekit", "merge"]}, "transformersInfo": {"auto_model": "AutoModelForCausalLM", "pipeline_tag": "text-generation", "processor": "AutoTokenizer"}, "siblings": [{"rfilename": ".gitattributes"}, {"rfilename": "README.md"}, {"rfilename": "added_tokens.json"}, {"rfilename": "config.json"}, {"rfilename": "mergekit_config.yml"}, {"rfilename": "model-00001-of-00003.safetensors"}, {"rfilename": "model-00002-of-00003.safetensors"}, {"rfilename": "model-00003-of-00003.safetensors"}, {"rfilename": "model.safetensors.index.json"}, {"rfilename": "special_tokens_map.json"}, {"rfilename": "tokenizer.json"}, {"rfilename": "tokenizer.model"}, {"rfilename": "tokenizer_config.json"}], "spaces": [], "createdAt": "2024-05-11T06:24:52.000Z", "safetensors": {"parameters": {"BF16": 6913910784}, "total": 6913910784}, "inferenceStatus": "not-loaded"}