{"_id": "6641c1f662778b272e5e8900", "id": "ucalyptus/prem-1B-chat-onnx-q4", "modelId": "ucalyptus/prem-1B-chat-onnx-q4", "author": "ucalyptus", "sha": "6e1396ca445b0a895e104809d48bbf42075278ac", "lastModified": "2024-05-13T07:49:07.000Z", "private": false, "disabled": false, "gated": false, "pipeline_tag": "text-generation", "tags": ["transformers.js", "onnx", "llama", "text-generation", "conversational", "region:us"], "downloads": 3, "library_name": "transformers.js", "widgetData": [{"text": "Hey my name is Julien! How are you?"}, {"text": "Hey my name is Thomas! How are you?"}, {"text": "Hey my name is Mariama! How are you?"}, {"text": "Hey my name is Clara! How are you?"}, {"text": "Hey my name is Julien! How are you?"}, {"text": "Hi."}], "likes": 1, "model-index": null, "config": {"architectures": ["LlamaForCausalLM"], "model_type": "llama", "tokenizer_config": {"bos_token": "<s>", "chat_template": "{% set loop_messages = messages %}{% for message in loop_messages %}{% set content = '<|start_header_id|>' + message['role'] + '<|end_header_id|>\n\n'+ message['content'] | trim + '<|eot_id|>' %}{% if loop.index0 == 0 %}{% set content = bos_token + content %}{% endif %}{{ content }}{% endfor %}{% if add_generation_prompt %}{{ '<|start_header_id|>assistant<|end_header_id|>\n\n' }}{% endif %}", "eos_token": "</s>", "pad_token": "[PAD]", "unk_token": "<unk>", "use_default_system_prompt": false}}, "cardData": {"library_name": "transformers.js"}, "transformersInfo": {"auto_model": "AutoModelForCausalLM", "pipeline_tag": "text-generation", "processor": "AutoTokenizer"}, "siblings": [{"rfilename": ".gitattributes"}, {"rfilename": "Constant_2004_attr__value"}, {"rfilename": "README.md"}, {"rfilename": "added_tokens.json"}, {"rfilename": "config.json"}, {"rfilename": "generation_config.json"}, {"rfilename": "onnx/model.onnx"}, {"rfilename": "onnx/model.onnx_data"}, {"rfilename": "onnx/model_q4.onnx"}, {"rfilename": "onnx/model_q4.onnx_data"}, {"rfilename": "quantize_config.json"}, {"rfilename": "special_tokens_map.json"}, {"rfilename": "tokenizer.json"}, {"rfilename": "tokenizer.model"}, {"rfilename": "tokenizer_config.json"}], "spaces": [], "createdAt": "2024-05-13T07:32:06.000Z", "inferenceStatus": "not-loaded"}