{"_id": "6464eb63e8e31202cb4cb902", "id": "ucalyptus/whisper-large-v2-bengali-100steps", "modelId": "ucalyptus/whisper-large-v2-bengali-100steps", "author": "ucalyptus", "sha": "8eaac7ab4485df3df58d16748dfa3d95d71871f3", "lastModified": "2023-05-18T03:11:43.000Z", "private": false, "disabled": false, "gated": false, "tags": ["bn", "dataset:mozilla-foundation/common_voice_13_0", "license:apache-2.0", "region:us"], "downloads": 0, "likes": 3, "model-index": null, "cardData": {"license": "apache-2.0", "datasets": ["mozilla-foundation/common_voice_13_0"], "language": ["bn"], "metrics": ["wer"]}, "siblings": [{"rfilename": ".gitattributes"}, {"rfilename": "README.md"}, {"rfilename": "adapter_config.json"}, {"rfilename": "adapter_model.bin"}], "spaces": [], "createdAt": "2023-05-17T14:57:39.000Z", "inferenceStatus": "not-loaded"}