{"_id": "65855196d21213ef125decc3", "id": "ucaokylong/q-Taxi_driver", "modelId": "ucaokylong/q-Taxi_driver", "author": "ucaokylong", "sha": "9c469d117c14a5fbd23f52515a6095377e88c226", "lastModified": "2023-12-22T09:06:32.000Z", "private": false, "disabled": false, "gated": false, "pipeline_tag": "reinforcement-learning", "tags": ["Taxi-v3", "q-learning", "reinforcement-learning", "custom-implementation", "model-index", "region:us"], "downloads": 0, "likes": 0, "model-index": [{"name": "q-Taxi_driver", "results": [{"task": {"type": "reinforcement-learning", "name": "reinforcement-learning"}, "dataset": {"name": "Taxi-v3", "type": "Taxi-v3"}, "metrics": [{"type": "mean_reward", "value": "7.56 +/- 2.71", "name": "mean_reward", "verified": false}]}]}], "cardData": {"tags": ["Taxi-v3", "q-learning", "reinforcement-learning", "custom-implementation"], "model-index": [{"name": "q-Taxi_driver", "results": [{"task": {"type": "reinforcement-learning", "name": "reinforcement-learning"}, "dataset": {"name": "Taxi-v3", "type": "Taxi-v3"}, "metrics": [{"type": "mean_reward", "value": "7.56 +/- 2.71", "name": "mean_reward", "verified": false}]}]}]}, "siblings": [{"rfilename": ".gitattributes"}, {"rfilename": "README.md"}, {"rfilename": "q-learning.pkl"}, {"rfilename": "replay.mp4"}, {"rfilename": "results.json"}], "spaces": [], "createdAt": "2023-12-22T09:06:30.000Z", "inferenceStatus": "not-loaded"}