{"_id": "642db3db2098ed574728053f", "id": "ucberkeley-dlab/hate-measure-roberta-base", "modelId": "ucberkeley-dlab/hate-measure-roberta-base", "author": "ucberkeley-dlab", "sha": "d59c4bae55426bf04fa9771af9a748259eafc04e", "lastModified": "2023-04-05T18:12:37.000Z", "private": false, "disabled": false, "gated": false, "pipeline_tag": "text-classification", "tags": ["tf-keras", "text-classification", "hate-speech", "counterspeech", "irt", "arxiv:2009.10277", "en", "dataset:ucberkeley-dlab/measuring-hate-speech", "region:us"], "downloads": 8, "library_name": "tf-keras", "widgetData": [{"text": "I like you. I love you"}], "likes": 0, "model-index": null, "cardData": {"language": ["en"], "tags": ["text-classification", "hate-speech", "counterspeech", "irt", "arxiv:2009.10277"], "datasets": ["ucberkeley-dlab/measuring-hate-speech"]}, "siblings": [{"rfilename": ".gitattributes"}, {"rfilename": "README.md"}, {"rfilename": "saved_model.pb"}, {"rfilename": "variables/variables.data-00000-of-00001"}, {"rfilename": "variables/variables.index"}], "spaces": [], "createdAt": "2023-04-05T17:46:03.000Z", "inferenceStatus": "not-loaded"}