{"_id": "64a4b22c846ad66740644314", "id": "ucbirim/muharrem", "modelId": "ucbirim/muharrem", "author": "ucbirim", "sha": "53fdda46d6d6e9c663b0b26d4281fff3b8ee92a6", "lastModified": "2023-07-04T23:58:36.000Z", "private": false, "disabled": false, "gated": false, "tags": ["license:openrail", "region:us"], "downloads": 0, "likes": 0, "model-index": null, "cardData": {"license": "openrail"}, "siblings": [{"rfilename": ".gitattributes"}, {"rfilename": "README.md"}], "spaces": [], "createdAt": "2023-07-04T23:58:36.000Z", "inferenceStatus": "not-loaded"}