{"_id": "6453dd9c72d331dec89bb4b3", "id": "Ucell/server", "modelId": "Ucell/server", "author": "Ucell", "sha": "1b90ccc32b8ff9e3a570bd0907f9b75d5e359c8a", "lastModified": "2023-05-04T16:30:20.000Z", "private": false, "disabled": false, "gated": false, "tags": ["license:openrail", "region:us"], "downloads": 0, "likes": 0, "model-index": null, "cardData": {"license": "openrail"}, "siblings": [{"rfilename": ".gitattributes"}, {"rfilename": "README.md"}], "spaces": [], "createdAt": "2023-05-04T16:30:20.000Z", "inferenceStatus": "not-loaded"}