{"_id": "65c205b66ec23508cffcfa93", "id": "ucf23/bertTextSummrization", "modelId": "ucf23/bertTextSummrization", "author": "ucf23", "sha": "191a79c243ef3fdda895b60823fb5e07aaf0daab", "lastModified": "2024-02-06T10:11:03.000Z", "private": false, "disabled": false, "gated": false, "tags": ["license:openrail", "region:us"], "downloads": 0, "likes": 0, "model-index": null, "cardData": {"license": "openrail"}, "siblings": [{"rfilename": ".gitattributes"}, {"rfilename": "README.md"}], "spaces": [], "createdAt": "2024-02-06T10:11:02.000Z", "inferenceStatus": "not-loaded"}