{"_id": "656ecd3c8e7f2775ac00717d", "id": "ucheafk/tree_class_model", "modelId": "ucheafk/tree_class_model", "author": "ucheafk", "sha": "9fe14092571dd0d98565e46c7248ab542bfe10f9", "lastModified": "2023-12-06T04:52:11.000Z", "private": false, "disabled": false, "gated": false, "pipeline_tag": "image-classification", "tags": ["transformers", "safetensors", "vit", "image-classification", "autotrain_compatible", "endpoints_compatible", "region:us"], "downloads": 1, "library_name": "transformers", "likes": 0, "config": {"architectures": ["ViTForImageClassification"], "model_type": "vit"}, "transformersInfo": {"auto_model": "AutoModelForImageClassification", "pipeline_tag": "image-classification", "processor": "AutoImageProcessor"}, "siblings": [{"rfilename": ".gitattributes"}, {"rfilename": "config.json"}, {"rfilename": "model.safetensors"}, {"rfilename": "preprocessor_config.json"}, {"rfilename": "training_args.bin"}], "spaces": [], "createdAt": "2023-12-05T07:11:56.000Z", "safetensors": {"parameters": {"F32": 85801732}, "total": 85801732}, "inferenceStatus": "not-loaded"}