{"_id": "65895baca66bd1cdb28c956c", "id": "ucheng0830/esm2_t12_35M_UR50D-finetuned-localization-scop", "modelId": "ucheng0830/esm2_t12_35M_UR50D-finetuned-localization-scop", "author": "ucheng0830", "sha": "a4522d56f2befce85b8d8b84fc11c2f38f86ed3e", "lastModified": "2023-12-25T12:20:07.000Z", "private": false, "disabled": false, "gated": false, "pipeline_tag": "text-classification", "tags": ["transformers", "tensorboard", "safetensors", "esm", "text-classification", "autotrain_compatible", "endpoints_compatible", "region:us"], "downloads": 1, "library_name": "transformers", "widgetData": [{"text": "I like you. I love you"}], "likes": 0, "config": {"architectures": ["EsmForSequenceClassification"], "model_type": "esm", "tokenizer_config": {"cls_token": "<cls>", "eos_token": "<eos>", "mask_token": "<mask>", "pad_token": "<pad>", "unk_token": "<unk>"}}, "transformersInfo": {"auto_model": "AutoModelForSequenceClassification", "pipeline_tag": "text-classification", "processor": "AutoTokenizer"}, "siblings": [{"rfilename": ".gitattributes"}, {"rfilename": "config.json"}, {"rfilename": "model.safetensors"}, {"rfilename": "runs/Dec25_10-38-34_ce1401d45c12/events.out.tfevents.1703500717.ce1401d45c12.261.6"}, {"rfilename": "runs/Dec25_10-38-34_ce1401d45c12/events.out.tfevents.1703500860.ce1401d45c12.261.7"}, {"rfilename": "runs/Dec25_10-43-13_ce1401d45c12/events.out.tfevents.1703500997.ce1401d45c12.261.8"}, {"rfilename": "runs/Dec25_10-45-51_ce1401d45c12/events.out.tfevents.1703501153.ce1401d45c12.261.9"}, {"rfilename": "runs/Dec25_10-46-33_ce1401d45c12/events.out.tfevents.1703501201.ce1401d45c12.261.10"}, {"rfilename": "runs/Dec25_10-46-33_ce1401d45c12/events.out.tfevents.1703503521.ce1401d45c12.261.11"}, {"rfilename": "runs/Dec25_11-29-02_ce1401d45c12/events.out.tfevents.1703503742.ce1401d45c12.261.12"}, {"rfilename": "runs/Dec25_11-29-02_ce1401d45c12/events.out.tfevents.1703504671.ce1401d45c12.261.13"}, {"rfilename": "runs/Dec25_11-45-28_ce1401d45c12/events.out.tfevents.1703504729.ce1401d45c12.261.14"}, {"rfilename": "special_tokens_map.json"}, {"rfilename": "tokenizer_config.json"}, {"rfilename": "training_args.bin"}, {"rfilename": "vocab.txt"}], "spaces": [], "createdAt": "2023-12-25T10:38:36.000Z", "safetensors": {"parameters": {"F32": 33996392}, "total": 33996392}, "inferenceStatus": "not-loaded"}