{"_id": "641e1f501d05404efd05fab3", "id": "Uchenna/Enrolment_Predictor", "modelId": "Uchenna/Enrolment_Predictor", "author": "Uchenna", "sha": "c3c09918356c05483c17f4f247caf098845c1c53", "lastModified": "2023-03-24T22:43:21.000Z", "private": false, "disabled": false, "gated": false, "tags": ["license:mit", "region:us"], "downloads": 0, "likes": 0, "model-index": null, "cardData": {"license": "mit"}, "siblings": [{"rfilename": ".gitattributes"}, {"rfilename": "README.md"}, {"rfilename": "app.py"}, {"rfilename": "dataset.csv"}], "spaces": [], "createdAt": "2023-03-24T22:08:16.000Z", "inferenceStatus": "not-loaded"}