{"_id": "647e3d7bf14eafc3b45c1c0e", "id": "Uchenna/sd_martin_valen-model-v1-2_400_demo", "modelId": "Uchenna/sd_martin_valen-model-v1-2_400_demo", "author": "Uchenna", "sha": "7e1f93f908d5d125d0c202ee2ec3561d076c950c", "lastModified": "2023-06-05T19:54:35.000Z", "private": false, "disabled": false, "gated": false, "tags": ["region:us"], "downloads": 0, "likes": 0, "siblings": [{"rfilename": ".gitattributes"}], "spaces": [], "createdAt": "2023-06-05T19:54:35.000Z", "inferenceStatus": "not-loaded"}