{"_id": "658939b574d1a1cbd0330e77", "id": "ucheng0830/esm2_t12_35M_UR50D-finetuned-localization", "modelId": "ucheng0830/esm2_t12_35M_UR50D-finetuned-localization", "author": "ucheng0830", "sha": "c2aada0d3803abfcc98f6a8cf59003e6fafac713", "lastModified": "2023-12-25T08:26:00.000Z", "private": false, "disabled": false, "gated": false, "pipeline_tag": "text-classification", "tags": ["transformers", "tensorboard", "safetensors", "esm", "text-classification", "autotrain_compatible", "endpoints_compatible", "region:us"], "downloads": 2, "library_name": "transformers", "widgetData": [{"text": "I like you. I love you"}], "likes": 0, "config": {"architectures": ["EsmForSequenceClassification"], "model_type": "esm", "tokenizer_config": {"cls_token": "<cls>", "eos_token": "<eos>", "mask_token": "<mask>", "pad_token": "<pad>", "unk_token": "<unk>"}}, "transformersInfo": {"auto_model": "AutoModelForSequenceClassification", "pipeline_tag": "text-classification", "processor": "AutoTokenizer"}, "siblings": [{"rfilename": ".gitattributes"}, {"rfilename": "config.json"}, {"rfilename": "model.safetensors"}, {"rfilename": "runs/Dec25_08-13-36_ce1401d45c12/events.out.tfevents.1703492022.ce1401d45c12.261.0"}, {"rfilename": "special_tokens_map.json"}, {"rfilename": "tokenizer_config.json"}, {"rfilename": "training_args.bin"}, {"rfilename": "vocab.txt"}], "spaces": [], "createdAt": "2023-12-25T08:13:41.000Z", "safetensors": {"parameters": {"F32": 33993987}, "total": 33993987}, "inferenceStatus": "not-loaded"}