{"_id": "659c969193d383899ce6457f", "id": "ucheokechukwu/ppo-Huggy", "modelId": "ucheokechukwu/ppo-Huggy", "author": "ucheokechukwu", "sha": "9db41ac63eb3cdca693136c192b8ff3ec04b892f", "lastModified": "2024-01-09T00:43:09.000Z", "private": false, "disabled": false, "gated": false, "pipeline_tag": "reinforcement-learning", "tags": ["ml-agents", "tensorboard", "onnx", "Huggy", "deep-reinforcement-learning", "reinforcement-learning", "ML-Agents-Huggy", "region:us"], "downloads": 58, "library_name": "ml-agents", "likes": 0, "model-index": null, "config": {}, "cardData": {"library_name": "ml-agents", "tags": ["Huggy", "deep-reinforcement-learning", "reinforcement-learning", "ML-Agents-Huggy"]}, "siblings": [{"rfilename": ".gitattributes"}, {"rfilename": "Huggy.onnx"}, {"rfilename": "Huggy/Huggy-1199949.onnx"}, {"rfilename": "Huggy/Huggy-1199949.pt"}, {"rfilename": "Huggy/Huggy-1399993.onnx"}, {"rfilename": "Huggy/Huggy-1399993.pt"}, {"rfilename": "Huggy/Huggy-1599940.onnx"}, {"rfilename": "Huggy/Huggy-1599940.pt"}, {"rfilename": "Huggy/Huggy-1799916.onnx"}, {"rfilename": "Huggy/Huggy-1799916.pt"}, {"rfilename": "Huggy/Huggy-1999528.onnx"}, {"rfilename": "Huggy/Huggy-1999528.pt"}, {"rfilename": "Huggy/Huggy-199991.onnx"}, {"rfilename": "Huggy/Huggy-199991.pt"}, {"rfilename": "Huggy/Huggy-2000278.onnx"}, {"rfilename": "Huggy/Huggy-2000278.pt"}, {"rfilename": "Huggy/Huggy-399953.onnx"}, {"rfilename": "Huggy/Huggy-399953.pt"}, {"rfilename": "Huggy/Huggy-599973.onnx"}, {"rfilename": "Huggy/Huggy-599973.pt"}, {"rfilename": "Huggy/Huggy-799681.onnx"}, {"rfilename": "Huggy/Huggy-799681.pt"}, {"rfilename": "Huggy/Huggy-999944.onnx"}, {"rfilename": "Huggy/Huggy-999944.pt"}, {"rfilename": "Huggy/checkpoint.pt"}, {"rfilename": "Huggy/events.out.tfevents.1704757270.268edd0f73c7.3114.0"}, {"rfilename": "README.md"}, {"rfilename": "config.json"}, {"rfilename": "configuration.yaml"}, {"rfilename": "run_logs/Player-0.log"}, {"rfilename": "run_logs/timers.json"}, {"rfilename": "run_logs/training_status.json"}], "spaces": [], "createdAt": "2024-01-09T00:42:57.000Z", "inferenceStatus": "not-loaded"}