{"_id": "65725701e887face3eb2032a", "id": "ucheafk/long_rot_model", "modelId": "ucheafk/long_rot_model", "author": "ucheafk", "sha": "b38e653548c0d1af47c6ba83a20ffef3cfa932a3", "lastModified": "2023-12-08T03:16:48.000Z", "private": false, "disabled": false, "gated": false, "pipeline_tag": "image-classification", "tags": ["transformers", "safetensors", "vit", "image-classification", "autotrain_compatible", "endpoints_compatible", "region:us"], "downloads": 1, "library_name": "transformers", "likes": 0, "config": {"architectures": ["ViTForImageClassification"], "model_type": "vit"}, "transformersInfo": {"auto_model": "AutoModelForImageClassification", "pipeline_tag": "image-classification", "processor": "AutoImageProcessor"}, "siblings": [{"rfilename": ".gitattributes"}, {"rfilename": "config.json"}, {"rfilename": "model.safetensors"}, {"rfilename": "preprocessor_config.json"}, {"rfilename": "training_args.bin"}], "spaces": [], "createdAt": "2023-12-07T23:36:33.000Z", "safetensors": {"parameters": {"F32": 85801732}, "total": 85801732}, "inferenceStatus": "not-loaded"}