{"_id": "657262b349719ff0da7d9aa6", "id": "ucheafk/full_rot_model", "modelId": "ucheafk/full_rot_model", "author": "ucheafk", "sha": "b1c49f2ec488c0ff61bc0f213e4d4eb97cecb9ec", "lastModified": "2023-12-08T05:36:13.000Z", "private": false, "disabled": false, "gated": false, "pipeline_tag": "image-classification", "tags": ["transformers", "safetensors", "vit", "image-classification", "autotrain_compatible", "endpoints_compatible", "region:us"], "downloads": 1, "library_name": "transformers", "likes": 0, "config": {"architectures": ["ViTForImageClassification"], "model_type": "vit"}, "transformersInfo": {"auto_model": "AutoModelForImageClassification", "pipeline_tag": "image-classification", "processor": "AutoImageProcessor"}, "siblings": [{"rfilename": ".gitattributes"}, {"rfilename": "cf_matrix.png"}, {"rfilename": "config.json"}, {"rfilename": "model.safetensors"}, {"rfilename": "norm_cf_matrix.png"}, {"rfilename": "preprocessor_config.json"}, {"rfilename": "statistics.csv"}, {"rfilename": "training_args.bin"}], "spaces": [], "createdAt": "2023-12-08T00:26:27.000Z", "safetensors": {"parameters": {"F32": 85801732}, "total": 85801732}, "inferenceStatus": "not-loaded"}