{"_id": "65a6beb6e504d9738d1c27b7", "id": "ucheokechukwu/ppo-Pyramids", "modelId": "ucheokechukwu/ppo-Pyramids", "author": "ucheokechukwu", "sha": "85adf7fdced9cbc3020daa24adabd3288ad1a241", "lastModified": "2024-01-16T17:36:58.000Z", "private": false, "disabled": false, "gated": false, "pipeline_tag": "reinforcement-learning", "tags": ["ml-agents", "tensorboard", "onnx", "Pyramids", "deep-reinforcement-learning", "reinforcement-learning", "ML-Agents-Pyramids", "region:us"], "downloads": 7, "library_name": "ml-agents", "likes": 0, "model-index": null, "config": {}, "cardData": {"library_name": "ml-agents", "tags": ["Pyramids", "deep-reinforcement-learning", "reinforcement-learning", "ML-Agents-Pyramids"]}, "siblings": [{"rfilename": ".gitattributes"}, {"rfilename": "Pyramids.onnx"}, {"rfilename": "Pyramids/Pyramids-1000058.onnx"}, {"rfilename": "Pyramids/Pyramids-1000058.pt"}, {"rfilename": "Pyramids/Pyramids-499955.onnx"}, {"rfilename": "Pyramids/Pyramids-499955.pt"}, {"rfilename": "Pyramids/Pyramids-999930.onnx"}, {"rfilename": "Pyramids/Pyramids-999930.pt"}, {"rfilename": "Pyramids/checkpoint.pt"}, {"rfilename": "Pyramids/events.out.tfevents.1705424464.f33624d3482b.15243.0"}, {"rfilename": "README.md"}, {"rfilename": "config.json"}, {"rfilename": "configuration.yaml"}, {"rfilename": "run_logs/Player-0.log"}, {"rfilename": "run_logs/timers.json"}, {"rfilename": "run_logs/training_status.json"}], "spaces": [], "createdAt": "2024-01-16T17:36:54.000Z", "inferenceStatus": "not-loaded"}