{"_id": "65b8b6cb7eb6b39bf58227b8", "id": "ucheokechukwu/poca-SoccerTwos", "modelId": "ucheokechukwu/poca-SoccerTwos", "author": "ucheokechukwu", "sha": "9a62c8dfc63bddabda19b81c064ed53bfdf6703c", "lastModified": "2024-01-30T08:57:56.000Z", "private": false, "disabled": false, "gated": false, "pipeline_tag": "reinforcement-learning", "tags": ["ml-agents", "tensorboard", "onnx", "SoccerTwos", "deep-reinforcement-learning", "reinforcement-learning", "ML-Agents-SoccerTwos", "region:us"], "downloads": 92, "library_name": "ml-agents", "likes": 0, "model-index": null, "config": {}, "cardData": {"library_name": "ml-agents", "tags": ["SoccerTwos", "deep-reinforcement-learning", "reinforcement-learning", "ML-Agents-SoccerTwos"]}, "siblings": [{"rfilename": ".gitattributes"}, {"rfilename": "README.md"}, {"rfilename": "SoccerTwos-6999876.onnx"}, {"rfilename": "SoccerTwos.onnx"}, {"rfilename": "SoccerTwos/SoccerTwos-5499978.onnx"}, {"rfilename": "SoccerTwos/SoccerTwos-5499978.pt"}, {"rfilename": "SoccerTwos/SoccerTwos-5999934.onnx"}, {"rfilename": "SoccerTwos/SoccerTwos-5999934.pt"}, {"rfilename": "SoccerTwos/SoccerTwos-6000216.onnx"}, {"rfilename": "SoccerTwos/SoccerTwos-6000216.pt"}, {"rfilename": "SoccerTwos/SoccerTwos-6499992.onnx"}, {"rfilename": "SoccerTwos/SoccerTwos-6499992.pt"}, {"rfilename": "SoccerTwos/SoccerTwos-6999876.onnx"}, {"rfilename": "SoccerTwos/SoccerTwos-6999876.pt"}, {"rfilename": "SoccerTwos/SoccerTwos-7499988.onnx"}, {"rfilename": "SoccerTwos/SoccerTwos-7499988.pt"}, {"rfilename": "SoccerTwos/SoccerTwos-7600048.onnx"}, {"rfilename": "SoccerTwos/SoccerTwos-7600048.pt"}, {"rfilename": "SoccerTwos/SoccerTwos-7692216.onnx"}, {"rfilename": "SoccerTwos/SoccerTwos-7692216.pt"}, {"rfilename": "SoccerTwos/checkpoint.pt"}, {"rfilename": "SoccerTwos/events.out.tfevents.1706583384.300331b929f9.4572.0"}, {"rfilename": "SoccerTwos/events.out.tfevents.1706596433.300331b929f9.59444.0"}, {"rfilename": "SoccerTwos/events.out.tfevents.1706596459.300331b929f9.59607.0"}, {"rfilename": "SoccerTwos/events.out.tfevents.1706596493.300331b929f9.59805.0"}, {"rfilename": "SoccerTwos/events.out.tfevents.1706597868.300331b929f9.65706.0"}, {"rfilename": "SoccerTwos/events.out.tfevents.1706599197.300331b929f9.71410.0"}, {"rfilename": "SoccerTwos/events.out.tfevents.1706601694.300331b929f9.82177.0"}, {"rfilename": "SoccerTwos/events.out.tfevents.1706602116.300331b929f9.84046.0"}, {"rfilename": "SoccerTwos/events.out.tfevents.1706602400.300331b929f9.85316.0"}, {"rfilename": "SoccerTwos/events.out.tfevents.1706602617.300331b929f9.86301.0"}, {"rfilename": "config.json"}, {"rfilename": "configuration.yaml"}, {"rfilename": "run_logs/Player-0.log"}, {"rfilename": "run_logs/timers.json"}, {"rfilename": "run_logs/training_status.json"}], "spaces": [], "createdAt": "2024-01-30T08:43:55.000Z", "inferenceStatus": "not-loaded"}