{"_id": "6626ca31a8dfbbbe585c3410", "id": "ucheafk/tinyllama", "modelId": "ucheafk/tinyllama", "author": "ucheafk", "sha": "a6cd287d178f1d35d40c575f1ae89a8e1c8e3661", "lastModified": "2024-04-22T21:54:44.000Z", "private": false, "disabled": false, "gated": false, "pipeline_tag": "text-generation", "tags": ["transformers", "tensorboard", "safetensors", "llama", "text-generation", "conversational", "autotrain_compatible", "text-generation-inference", "endpoints_compatible", "region:us"], "downloads": 1, "library_name": "transformers", "widgetData": [{"text": "Hey my name is Julien! How are you?"}, {"text": "Hey my name is Thomas! How are you?"}, {"text": "Hey my name is Mariama! How are you?"}, {"text": "Hey my name is Clara! How are you?"}, {"text": "Hey my name is Julien! How are you?"}, {"text": "Hi."}], "likes": 0, "config": {"architectures": ["LlamaForCausalLM"], "model_type": "llama", "tokenizer_config": {"bos_token": "<s>", "chat_template": "{% for message in messages %}\n{% if message['role'] == 'user' %}\n{{ '<|user|>\n' + message['content'] + eos_token }}\n{% elif message['role'] == 'system' %}\n{{ '<|system|>\n' + message['content'] + eos_token }}\n{% elif message['role'] == 'assistant' %}\n{{ '<|assistant|>\n'  + message['content'] + eos_token }}\n{% endif %}\n{% if loop.last and add_generation_prompt %}\n{{ '<|assistant|>' }}\n{% endif %}\n{% endfor %}", "eos_token": "</s>", "pad_token": "<PAD>", "unk_token": "<unk>", "use_default_system_prompt": false}}, "transformersInfo": {"auto_model": "AutoModelForCausalLM", "pipeline_tag": "text-generation", "processor": "AutoTokenizer"}, "siblings": [{"rfilename": ".gitattributes"}, {"rfilename": "adapter_config.json"}, {"rfilename": "adapter_model.safetensors"}, {"rfilename": "added_tokens.json"}, {"rfilename": "config.json"}, {"rfilename": "runs/Apr22_20-35-28_460a89c24e2a/events.out.tfevents.1713818165.460a89c24e2a.550.0"}, {"rfilename": "runs/Apr22_20-35-28_460a89c24e2a/events.out.tfevents.1713818719.460a89c24e2a.550.1"}, {"rfilename": "runs/Apr22_20-35-28_460a89c24e2a/events.out.tfevents.1713819147.460a89c24e2a.550.2"}, {"rfilename": "runs/Apr22_20-35-28_460a89c24e2a/events.out.tfevents.1713819246.460a89c24e2a.550.3"}, {"rfilename": "runs/Apr22_20-35-28_460a89c24e2a/events.out.tfevents.1713819468.460a89c24e2a.550.4"}, {"rfilename": "runs/Apr22_20-35-28_460a89c24e2a/events.out.tfevents.1713819513.460a89c24e2a.550.5"}, {"rfilename": "runs/Apr22_20-35-28_460a89c24e2a/events.out.tfevents.1713819573.460a89c24e2a.550.6"}, {"rfilename": "runs/Apr22_20-35-28_460a89c24e2a/events.out.tfevents.1713819627.460a89c24e2a.550.7"}, {"rfilename": "runs/Apr22_20-35-28_460a89c24e2a/events.out.tfevents.1713820274.460a89c24e2a.550.8"}, {"rfilename": "runs/Apr22_20-35-28_460a89c24e2a/events.out.tfevents.1713820413.460a89c24e2a.550.9"}, {"rfilename": "runs/Apr22_21-15-33_460a89c24e2a/events.out.tfevents.1713820555.460a89c24e2a.550.10"}, {"rfilename": "runs/Apr22_21-17-22_460a89c24e2a/events.out.tfevents.1713820646.460a89c24e2a.550.11"}, {"rfilename": "special_tokens_map.json"}, {"rfilename": "tokenizer.json"}, {"rfilename": "tokenizer.model"}, {"rfilename": "tokenizer_config.json"}, {"rfilename": "training_args.bin"}], "spaces": [], "createdAt": "2024-04-22T20:36:01.000Z", "inferenceStatus": "not-loaded"}