{"_id": "65b012b5165e69e0e6868533", "id": "ucheokechukwu/a2c-PandaPickAndPlace-v3", "modelId": "ucheokechukwu/a2c-PandaPickAndPlace-v3", "author": "ucheokechukwu", "sha": "db69959c7961a02265bfa6654cdd1cd3f2cef0bd", "lastModified": "2024-01-23T19:29:53.000Z", "private": false, "disabled": false, "gated": false, "pipeline_tag": "reinforcement-learning", "tags": ["stable-baselines3", "PandaPickAndPlace-v3", "deep-reinforcement-learning", "reinforcement-learning", "model-index", "region:us"], "downloads": 1, "library_name": "stable-baselines3", "likes": 0, "model-index": [{"name": "A2C", "results": [{"task": {"type": "reinforcement-learning", "name": "reinforcement-learning"}, "dataset": {"name": "PandaPickAndPlace-v3", "type": "PandaPickAndPlace-v3"}, "metrics": [{"type": "mean_reward", "value": "-50.00 +/- 0.00", "name": "mean_reward", "verified": false}]}]}], "config": {}, "cardData": {"library_name": "stable-baselines3", "tags": ["PandaPickAndPlace-v3", "deep-reinforcement-learning", "reinforcement-learning", "stable-baselines3"], "model-index": [{"name": "A2C", "results": [{"task": {"type": "reinforcement-learning", "name": "reinforcement-learning"}, "dataset": {"name": "PandaPickAndPlace-v3", "type": "PandaPickAndPlace-v3"}, "metrics": [{"type": "mean_reward", "value": "-50.00 +/- 0.00", "name": "mean_reward", "verified": false}]}]}]}, "siblings": [{"rfilename": ".gitattributes"}, {"rfilename": "README.md"}, {"rfilename": "a2c-PandaPickAndPlace-v3.zip"}, {"rfilename": "a2c-PandaPickAndPlace-v3/_stable_baselines3_version"}, {"rfilename": "a2c-PandaPickAndPlace-v3/data"}, {"rfilename": "a2c-PandaPickAndPlace-v3/policy.optimizer.pth"}, {"rfilename": "a2c-PandaPickAndPlace-v3/policy.pth"}, {"rfilename": "a2c-PandaPickAndPlace-v3/pytorch_variables.pth"}, {"rfilename": "a2c-PandaPickAndPlace-v3/system_info.txt"}, {"rfilename": "config.json"}, {"rfilename": "replay.mp4"}, {"rfilename": "results.json"}, {"rfilename": "vec_normalize.pkl"}], "spaces": [], "createdAt": "2024-01-23T19:25:41.000Z", "inferenceStatus": "not-loaded"}