{"_id": "657125a71a22eb9b09b48712", "id": "ucheafk/basic_vit_model", "modelId": "ucheafk/basic_vit_model", "author": "ucheafk", "sha": "ad214d64e612e5963d188b4e4dd54f791a920d14", "lastModified": "2023-12-07T03:07:28.000Z", "private": false, "disabled": false, "gated": false, "pipeline_tag": "image-classification", "tags": ["transformers", "safetensors", "vit", "image-classification", "autotrain_compatible", "endpoints_compatible", "region:us"], "downloads": 1, "library_name": "transformers", "likes": 0, "config": {"architectures": ["ViTForImageClassification"], "model_type": "vit"}, "transformersInfo": {"auto_model": "AutoModelForImageClassification", "pipeline_tag": "image-classification", "processor": "AutoImageProcessor"}, "siblings": [{"rfilename": ".gitattributes"}, {"rfilename": "config.json"}, {"rfilename": "model.safetensors"}, {"rfilename": "preprocessor_config.json"}, {"rfilename": "training_args.bin"}], "spaces": [], "createdAt": "2023-12-07T01:53:43.000Z", "safetensors": {"parameters": {"F32": 85801732}, "total": 85801732}, "inferenceStatus": "not-loaded"}