{"_id": "63d2460baa0afab5e8782df3", "id": "UchihaMadara/model1_absa", "modelId": "UchihaMadara/model1_absa", "author": "UchihaMadara", "sha": "b2ab826a5461de8d6b9c45198bd891153466a877", "lastModified": "2023-01-28T05:10:13.000Z", "private": false, "disabled": false, "gated": false, "pipeline_tag": "token-classification", "tags": ["transformers", "pytorch", "tensorboard", "bert", "token-classification", "generated_from_trainer", "license:apache-2.0", "autotrain_compatible", "endpoints_compatible", "region:us"], "downloads": 3, "library_name": "transformers", "mask_token": "[MASK]", "widgetData": [{"text": "My name is Wolfgang and I live in Berlin"}, {"text": "My name is Sarah and I live in London"}, {"text": "My name is Clara and I live in Berkeley, California."}], "likes": 0, "model-index": [{"name": "model1_absa", "results": []}], "config": {"architectures": ["BertForTokenClassification"], "model_type": "bert", "tokenizer_config": {"cls_token": "[CLS]", "mask_token": "[MASK]", "pad_token": "[PAD]", "sep_token": "[SEP]", "unk_token": "[UNK]"}}, "cardData": {"license": "apache-2.0", "tags": ["generated_from_trainer"], "model-index": [{"name": "model1_absa", "results": []}]}, "transformersInfo": {"auto_model": "AutoModelForTokenClassification", "pipeline_tag": "token-classification", "processor": "AutoTokenizer"}, "siblings": [{"rfilename": ".gitattributes"}, {"rfilename": ".gitignore"}, {"rfilename": "README.md"}, {"rfilename": "config.json"}, {"rfilename": "pytorch_model.bin"}, {"rfilename": "runs/Jan26_00-19-15_DESKTOP-SR4EN1E/1674724931.8226042/events.out.tfevents.1674724931.DESKTOP-SR4EN1E.10836.1"}, {"rfilename": "runs/Jan26_00-19-15_DESKTOP-SR4EN1E/1674725245.091528/events.out.tfevents.1674725245.DESKTOP-SR4EN1E.10836.2"}, {"rfilename": "runs/Jan26_00-19-15_DESKTOP-SR4EN1E/events.out.tfevents.1674724931.DESKTOP-SR4EN1E.10836.0"}, {"rfilename": "runs/Jan26_00-28-59_DESKTOP-SR4EN1E/1674725354.1414044/events.out.tfevents.1674725354.DESKTOP-SR4EN1E.10836.4"}, {"rfilename": "runs/Jan26_00-28-59_DESKTOP-SR4EN1E/1674726055.8707106/events.out.tfevents.1674726055.DESKTOP-SR4EN1E.10836.6"}, {"rfilename": "runs/Jan26_00-28-59_DESKTOP-SR4EN1E/events.out.tfevents.1674725354.DESKTOP-SR4EN1E.10836.3"}, {"rfilename": "runs/Jan26_00-28-59_DESKTOP-SR4EN1E/events.out.tfevents.1674726055.DESKTOP-SR4EN1E.10836.5"}, {"rfilename": "runs/Jan26_00-44-11_DESKTOP-SR4EN1E/1674726277.1159563/events.out.tfevents.1674726277.DESKTOP-SR4EN1E.10836.8"}, {"rfilename": "runs/Jan26_00-44-11_DESKTOP-SR4EN1E/events.out.tfevents.1674726277.DESKTOP-SR4EN1E.10836.7"}, {"rfilename": "runs/Jan26_16-08-21_DESKTOP-SR4EN1E/1674781716.9120028/events.out.tfevents.1674781716.DESKTOP-SR4EN1E.6812.1"}, {"rfilename": "runs/Jan26_16-08-21_DESKTOP-SR4EN1E/events.out.tfevents.1674781716.DESKTOP-SR4EN1E.6812.0"}, {"rfilename": "runs/Jan26_18-56-33_DESKTOP-SR4EN1E/1674791810.0057836/events.out.tfevents.1674791810.DESKTOP-SR4EN1E.6812.3"}, {"rfilename": "runs/Jan26_18-56-33_DESKTOP-SR4EN1E/events.out.tfevents.1674791809.DESKTOP-SR4EN1E.6812.2"}, {"rfilename": "runs/Jan26_19-16-37_DESKTOP-SR4EN1E/1674793050.4875786/events.out.tfevents.1674793050.DESKTOP-SR4EN1E.6812.5"}, {"rfilename": "runs/Jan26_19-16-37_DESKTOP-SR4EN1E/events.out.tfevents.1674793050.DESKTOP-SR4EN1E.6812.4"}, {"rfilename": "runs/Jan26_19-22-49_DESKTOP-SR4EN1E/1674793449.6473951/events.out.tfevents.1674793449.DESKTOP-SR4EN1E.14988.1"}, {"rfilename": "runs/Jan26_19-22-49_DESKTOP-SR4EN1E/events.out.tfevents.1674793449.DESKTOP-SR4EN1E.14988.0"}, {"rfilename": "runs/Jan26_19-30-45_DESKTOP-SR4EN1E/1674793938.8428242/events.out.tfevents.1674793938.DESKTOP-SR4EN1E.14988.3"}, {"rfilename": "runs/Jan26_19-30-45_DESKTOP-SR4EN1E/1674794530.0870297/events.out.tfevents.1674794530.DESKTOP-SR4EN1E.14988.4"}, {"rfilename": "runs/Jan26_19-30-45_DESKTOP-SR4EN1E/events.out.tfevents.1674793938.DESKTOP-SR4EN1E.14988.2"}, {"rfilename": "runs/Jan27_16-59-47_DESKTOP-SR4EN1E/1674871244.4229534/events.out.tfevents.1674871244.DESKTOP-SR4EN1E.22684.1"}, {"rfilename": "runs/Jan27_16-59-47_DESKTOP-SR4EN1E/events.out.tfevents.1674871244.DESKTOP-SR4EN1E.22684.0"}, {"rfilename": "runs/Jan27_17-43-26_DESKTOP-SR4EN1E/1674873814.3020148/events.out.tfevents.1674873814.DESKTOP-SR4EN1E.20728.1"}, {"rfilename": "runs/Jan27_17-43-26_DESKTOP-SR4EN1E/events.out.tfevents.1674873814.DESKTOP-SR4EN1E.20728.0"}, {"rfilename": "runs/Jan27_19-59-12_DESKTOP-SR4EN1E/1674881972.8348427/events.out.tfevents.1674881972.DESKTOP-SR4EN1E.11236.1"}, {"rfilename": "runs/Jan27_19-59-12_DESKTOP-SR4EN1E/events.out.tfevents.1674881972.DESKTOP-SR4EN1E.11236.0"}, {"rfilename": "special_tokens_map.json"}, {"rfilename": "tokenizer.json"}, {"rfilename": "tokenizer_config.json"}, {"rfilename": "training_args.bin"}, {"rfilename": "vocab.txt"}], "spaces": [], "createdAt": "2023-01-26T09:21:15.000Z", "inferenceStatus": "not-loaded"}