{"_id": "63e1059194a61430edda9a3e", "id": "UchihaMadara/model1-thesis-2", "modelId": "UchihaMadara/model1-thesis-2", "author": "UchihaMadara", "sha": "b0bc4c343dc4e58114caf1b44968321bce3ee4dc", "lastModified": "2023-02-06T15:10:01.000Z", "private": false, "disabled": false, "gated": false, "pipeline_tag": "token-classification", "tags": ["transformers", "pytorch", "tensorboard", "bert", "token-classification", "generated_from_trainer", "license:apache-2.0", "autotrain_compatible", "endpoints_compatible", "region:us"], "downloads": 3, "library_name": "transformers", "mask_token": "[MASK]", "widgetData": [{"text": "My name is Wolfgang and I live in Berlin"}, {"text": "My name is Sarah and I live in London"}, {"text": "My name is Clara and I live in Berkeley, California."}], "likes": 0, "model-index": [{"name": "model1-thesis-2", "results": []}], "config": {"architectures": ["BertForTokenClassification"], "model_type": "bert", "tokenizer_config": {"cls_token": "[CLS]", "mask_token": "[MASK]", "pad_token": "[PAD]", "sep_token": "[SEP]", "unk_token": "[UNK]"}}, "cardData": {"license": "apache-2.0", "tags": ["generated_from_trainer"], "metrics": ["precision", "recall", "f1", "accuracy"], "model-index": [{"name": "model1-thesis-2", "results": []}]}, "transformersInfo": {"auto_model": "AutoModelForTokenClassification", "pipeline_tag": "token-classification", "processor": "AutoTokenizer"}, "siblings": [{"rfilename": ".gitattributes"}, {"rfilename": ".gitignore"}, {"rfilename": "README.md"}, {"rfilename": "config.json"}, {"rfilename": "pytorch_model.bin"}, {"rfilename": "runs/Feb06_13-50-01_907c48fd0bf6/1675691435.0045717/events.out.tfevents.1675691435.907c48fd0bf6.108.3"}, {"rfilename": "runs/Feb06_13-50-01_907c48fd0bf6/events.out.tfevents.1675691435.907c48fd0bf6.108.2"}, {"rfilename": "runs/Feb06_14-38-48_4ed6bd470a48/1675694479.8024967/events.out.tfevents.1675694479.4ed6bd470a48.104.1"}, {"rfilename": "runs/Feb06_14-38-48_4ed6bd470a48/1675695388.0809336/events.out.tfevents.1675695388.4ed6bd470a48.104.3"}, {"rfilename": "runs/Feb06_14-38-48_4ed6bd470a48/events.out.tfevents.1675694479.4ed6bd470a48.104.0"}, {"rfilename": "runs/Feb06_14-38-48_4ed6bd470a48/events.out.tfevents.1675695388.4ed6bd470a48.104.2"}, {"rfilename": "special_tokens_map.json"}, {"rfilename": "tokenizer.json"}, {"rfilename": "tokenizer_config.json"}, {"rfilename": "training_args.bin"}, {"rfilename": "vocab.txt"}], "spaces": [], "createdAt": "2023-02-06T13:50:09.000Z", "inferenceStatus": "not-loaded"}