{"_id": "650fd1a2c305ec67e62a8d0e", "id": "UchihaZooRoo/Image_captioner", "modelId": "UchihaZooRoo/Image_captioner", "author": "UchihaZooRoo", "sha": "e82bc70bbe26e698ac173bef1aef63a495cced14", "lastModified": "2023-09-24T06:05:22.000Z", "private": false, "disabled": false, "gated": false, "tags": ["license:other", "region:us"], "downloads": 0, "likes": 0, "model-index": null, "cardData": {"license": "other"}, "siblings": [{"rfilename": ".gitattributes"}, {"rfilename": "README.md"}], "spaces": [], "createdAt": "2023-09-24T06:05:22.000Z", "inferenceStatus": "not-loaded"}