{"_id": "6460fe6db2ae2983b10655f9", "id": "UchihaMadara/Thesis-ConstructAuxSentence-3", "modelId": "UchihaMadara/Thesis-ConstructAuxSentence-3", "author": "UchihaMadara", "sha": "46b5e54b10b6f470f1044946c5297a0fd3e34344", "lastModified": "2023-05-14T15:32:40.000Z", "private": false, "disabled": false, "gated": false, "pipeline_tag": "text-classification", "tags": ["transformers", "pytorch", "bart", "text-classification", "autotrain_compatible", "endpoints_compatible", "region:us"], "downloads": 3, "library_name": "transformers", "mask_token": "<mask>", "widgetData": [{"text": "I like you. I love you"}], "likes": 0, "config": {"architectures": ["BartForSequenceClassification"], "model_type": "bart", "tokenizer_config": {"bos_token": "<s>", "cls_token": "<s>", "eos_token": "</s>", "mask_token": "<mask>", "pad_token": "<pad>", "sep_token": "</s>", "unk_token": "<unk>"}}, "transformersInfo": {"auto_model": "AutoModelForSequenceClassification", "pipeline_tag": "text-classification", "processor": "AutoTokenizer"}, "siblings": [{"rfilename": ".gitattributes"}, {"rfilename": "README.md"}, {"rfilename": "config.json"}, {"rfilename": "merges.txt"}, {"rfilename": "pytorch_model.bin"}, {"rfilename": "special_tokens_map.json"}, {"rfilename": "tokenizer.json"}, {"rfilename": "tokenizer_config.json"}, {"rfilename": "vocab.json"}], "spaces": [], "createdAt": "2023-05-14T15:29:49.000Z", "inferenceStatus": "not-loaded"}