{"_id": "63b4e72ef468cca7589f081c", "id": "UchihaMadara/ABSA-with-MaskedLM-finetuned-sentihood", "modelId": "UchihaMadara/ABSA-with-MaskedLM-finetuned-sentihood", "author": "UchihaMadara", "sha": "265a8b606266317c33532c6d46cf5969ce77bb25", "lastModified": "2023-01-04T08:49:42.000Z", "private": false, "disabled": false, "gated": false, "pipeline_tag": "fill-mask", "tags": ["transformers", "pytorch", "tensorboard", "distilbert", "fill-mask", "generated_from_trainer", "license:apache-2.0", "autotrain_compatible", "endpoints_compatible", "region:us"], "downloads": 1, "library_name": "transformers", "mask_token": "[MASK]", "widgetData": [{"text": "Paris is the [MASK] of France."}, {"text": "The goal of life is [MASK]."}], "likes": 0, "model-index": [{"name": "ABSA-with-MaskedLM-finetuned-sentihood", "results": []}], "config": {"architectures": ["DistilBertForMaskedLM"], "model_type": "distilbert", "tokenizer_config": {"cls_token": "[CLS]", "mask_token": "[MASK]", "pad_token": "[PAD]", "sep_token": "[SEP]", "unk_token": "[UNK]"}}, "cardData": {"license": "apache-2.0", "tags": ["generated_from_trainer"], "model-index": [{"name": "ABSA-with-MaskedLM-finetuned-sentihood", "results": []}]}, "transformersInfo": {"auto_model": "AutoModelForMaskedLM", "pipeline_tag": "fill-mask", "processor": "AutoTokenizer"}, "siblings": [{"rfilename": ".gitattributes"}, {"rfilename": ".gitignore"}, {"rfilename": "README.md"}, {"rfilename": "config.json"}, {"rfilename": "pytorch_model.bin"}, {"rfilename": "runs/Jan04_08-17-20_500b605fd9b2/1672820274.06509/events.out.tfevents.1672820274.500b605fd9b2.321.1"}, {"rfilename": "runs/Jan04_08-17-20_500b605fd9b2/1672820460.080383/events.out.tfevents.1672820460.500b605fd9b2.321.3"}, {"rfilename": "runs/Jan04_08-17-20_500b605fd9b2/1672820881.2780993/events.out.tfevents.1672820881.500b605fd9b2.321.4"}, {"rfilename": "runs/Jan04_08-17-20_500b605fd9b2/1672821291.113894/events.out.tfevents.1672821291.500b605fd9b2.321.6"}, {"rfilename": "runs/Jan04_08-17-20_500b605fd9b2/events.out.tfevents.1672820274.500b605fd9b2.321.0"}, {"rfilename": "runs/Jan04_08-17-20_500b605fd9b2/events.out.tfevents.1672820460.500b605fd9b2.321.2"}, {"rfilename": "runs/Jan04_08-17-20_500b605fd9b2/events.out.tfevents.1672821291.500b605fd9b2.321.5"}, {"rfilename": "runs/Jan04_08-35-59_500b605fd9b2/1672821370.4653268/events.out.tfevents.1672821370.500b605fd9b2.321.8"}, {"rfilename": "runs/Jan04_08-35-59_500b605fd9b2/1672821782.7829344/events.out.tfevents.1672821782.500b605fd9b2.321.10"}, {"rfilename": "runs/Jan04_08-35-59_500b605fd9b2/events.out.tfevents.1672821370.500b605fd9b2.321.7"}, {"rfilename": "runs/Jan04_08-35-59_500b605fd9b2/events.out.tfevents.1672821782.500b605fd9b2.321.9"}, {"rfilename": "special_tokens_map.json"}, {"rfilename": "tokenizer.json"}, {"rfilename": "tokenizer_config.json"}, {"rfilename": "training_args.bin"}, {"rfilename": "vocab.txt"}], "spaces": [], "createdAt": "2023-01-04T02:40:46.000Z", "inferenceStatus": "not-loaded"}