{"_id": "63eb90a40373fa4984ebed6d", "id": "UchihaMadara/model2-thesis-2", "modelId": "UchihaMadara/model2-thesis-2", "author": "UchihaMadara", "sha": "01fe2341570ea40edcf10587d2268bffc0c78add", "lastModified": "2023-02-14T14:16:03.000Z", "private": false, "disabled": false, "gated": false, "pipeline_tag": "text-classification", "tags": ["transformers", "pytorch", "tensorboard", "bert", "text-classification", "generated_from_trainer", "license:apache-2.0", "autotrain_compatible", "endpoints_compatible", "region:us"], "downloads": 3, "library_name": "transformers", "mask_token": "[MASK]", "widgetData": [{"text": "I like you. I love you"}], "likes": 0, "model-index": [{"name": "model2-thesis-2", "results": []}], "config": {"architectures": ["BertForSequenceClassification"], "model_type": "bert", "tokenizer_config": {"cls_token": "[CLS]", "mask_token": "[MASK]", "pad_token": "[PAD]", "sep_token": "[SEP]", "unk_token": "[UNK]"}}, "cardData": {"license": "apache-2.0", "tags": ["generated_from_trainer"], "metrics": ["accuracy"], "model-index": [{"name": "model2-thesis-2", "results": []}]}, "transformersInfo": {"auto_model": "AutoModelForSequenceClassification", "pipeline_tag": "text-classification", "processor": "AutoTokenizer"}, "siblings": [{"rfilename": ".gitattributes"}, {"rfilename": ".gitignore"}, {"rfilename": "README.md"}, {"rfilename": "config.json"}, {"rfilename": "pytorch_model.bin"}, {"rfilename": "runs/Feb14_13-46-08_4e04b5e98660/1676382381.8800519/events.out.tfevents.1676382381.4e04b5e98660.118.1"}, {"rfilename": "runs/Feb14_13-46-08_4e04b5e98660/1676382440.1770024/events.out.tfevents.1676382440.4e04b5e98660.118.3"}, {"rfilename": "runs/Feb14_13-46-08_4e04b5e98660/events.out.tfevents.1676382381.4e04b5e98660.118.0"}, {"rfilename": "runs/Feb14_13-46-08_4e04b5e98660/events.out.tfevents.1676382440.4e04b5e98660.118.2"}, {"rfilename": "special_tokens_map.json"}, {"rfilename": "tokenizer.json"}, {"rfilename": "tokenizer_config.json"}, {"rfilename": "training_args.bin"}, {"rfilename": "vocab.txt"}], "spaces": [], "createdAt": "2023-02-14T13:46:12.000Z", "inferenceStatus": "not-loaded"}