{"_id": "63be6c1da2f6fcbfa7ef197c", "id": "UchihaMadara/ABSA-MaskedLM-Vietnamese", "modelId": "UchihaMadara/ABSA-MaskedLM-Vietnamese", "author": "UchihaMadara", "sha": "1df9d1bf38672c0040e8a710cc24431429091cd5", "lastModified": "2023-01-15T01:02:41.000Z", "private": false, "disabled": false, "gated": false, "pipeline_tag": "fill-mask", "tags": ["transformers", "pytorch", "tensorboard", "roberta", "fill-mask", "generated_from_trainer", "dataset:vietnamese_students_feedback", "autotrain_compatible", "endpoints_compatible", "region:us"], "downloads": 2, "library_name": "transformers", "mask_token": "<mask>", "widgetData": [{"text": "Paris is the <mask> of France."}, {"text": "The goal of life is <mask>."}], "likes": 0, "model-index": [{"name": "ABSA-MaskedLM-Vietnamese", "results": []}], "config": {"architectures": ["RobertaForMaskedLM"], "model_type": "roberta", "tokenizer_config": {"bos_token": "<s>", "cls_token": "<s>", "eos_token": "</s>", "mask_token": "<mask>", "pad_token": "<pad>", "sep_token": "</s>", "unk_token": "<unk>"}}, "cardData": {"tags": ["generated_from_trainer"], "datasets": ["vietnamese_students_feedback"], "model-index": [{"name": "ABSA-MaskedLM-Vietnamese", "results": []}]}, "transformersInfo": {"auto_model": "AutoModelForMaskedLM", "pipeline_tag": "fill-mask", "processor": "AutoTokenizer"}, "siblings": [{"rfilename": ".gitattributes"}, {"rfilename": ".gitignore"}, {"rfilename": "README.md"}, {"rfilename": "added_tokens.json"}, {"rfilename": "bpe.codes"}, {"rfilename": "config.json"}, {"rfilename": "pytorch_model.bin"}, {"rfilename": "runs/Jan12_02-25-20_2948c517c83c/1673490380.0993915/events.out.tfevents.1673490380.2948c517c83c.430.1"}, {"rfilename": "runs/Jan12_02-25-20_2948c517c83c/events.out.tfevents.1673490380.2948c517c83c.430.0"}, {"rfilename": "runs/Jan12_02-42-41_2948c517c83c/1673491373.8103955/events.out.tfevents.1673491373.2948c517c83c.430.3"}, {"rfilename": "runs/Jan12_02-42-41_2948c517c83c/events.out.tfevents.1673491373.2948c517c83c.430.2"}, {"rfilename": "runs/Jan12_02-57-18_2948c517c83c/1673492244.5386696/events.out.tfevents.1673492244.2948c517c83c.430.5"}, {"rfilename": "runs/Jan12_02-57-18_2948c517c83c/events.out.tfevents.1673492244.2948c517c83c.430.4"}, {"rfilename": "runs/Jan12_03-12-57_2948c517c83c/1673493183.7007382/events.out.tfevents.1673493183.2948c517c83c.430.7"}, {"rfilename": "runs/Jan12_03-12-57_2948c517c83c/events.out.tfevents.1673493183.2948c517c83c.430.6"}, {"rfilename": "runs/Jan12_03-26-54_2948c517c83c/1673494022.1446311/events.out.tfevents.1673494022.2948c517c83c.430.9"}, {"rfilename": "runs/Jan12_03-26-54_2948c517c83c/events.out.tfevents.1673494022.2948c517c83c.430.8"}, {"rfilename": "runs/Jan12_15-04-40_c5e5c73e34d5/1673536138.4111905/events.out.tfevents.1673536138.c5e5c73e34d5.882.1"}, {"rfilename": "runs/Jan12_15-04-40_c5e5c73e34d5/events.out.tfevents.1673536138.c5e5c73e34d5.882.0"}, {"rfilename": "runs/Jan14_09-36-40_da7d0c423d17/1673689218.088439/events.out.tfevents.1673689218.da7d0c423d17.304.1"}, {"rfilename": "runs/Jan14_09-36-40_da7d0c423d17/events.out.tfevents.1673689218.da7d0c423d17.304.0"}, {"rfilename": "runs/Jan14_10-19-19_da7d0c423d17/1673691787.362118/events.out.tfevents.1673691787.da7d0c423d17.304.3"}, {"rfilename": "runs/Jan14_10-19-19_da7d0c423d17/events.out.tfevents.1673691787.da7d0c423d17.304.2"}, {"rfilename": "runs/Jan14_10-53-42_da7d0c423d17/1673693626.8623476/events.out.tfevents.1673693626.da7d0c423d17.304.5"}, {"rfilename": "runs/Jan14_10-53-42_da7d0c423d17/events.out.tfevents.1673693626.da7d0c423d17.304.4"}, {"rfilename": "runs/Jan15_00-53-22_0df78262e59d/1673744206.6350844/events.out.tfevents.1673744206.0df78262e59d.239.1"}, {"rfilename": "runs/Jan15_00-53-22_0df78262e59d/events.out.tfevents.1673744206.0df78262e59d.239.0"}, {"rfilename": "special_tokens_map.json"}, {"rfilename": "tokenizer_config.json"}, {"rfilename": "training_args.bin"}, {"rfilename": "vocab.txt"}], "spaces": [], "createdAt": "2023-01-11T07:58:21.000Z", "inferenceStatus": "not-loaded"}