{"_id": "64261dcbd0a9d069e8e2dc23", "id": "UchihaMadara/model1-30", "modelId": "UchihaMadara/model1-30", "author": "UchihaMadara", "sha": "9a6b043ed9915af4049a2c31e325cdfa80adc286", "lastModified": "2023-03-30T23:39:56.000Z", "private": false, "disabled": false, "gated": false, "tags": ["region:us"], "downloads": 0, "likes": 0, "config": {"tokenizer_config": {"cls_token": "[CLS]", "mask_token": "[MASK]", "pad_token": "[PAD]", "sep_token": "[SEP]", "unk_token": "[UNK]"}}, "siblings": [{"rfilename": ".gitattributes"}, {"rfilename": "special_tokens_map.json"}, {"rfilename": "tokenizer.json"}, {"rfilename": "tokenizer_config.json"}, {"rfilename": "vocab.txt"}], "spaces": [], "createdAt": "2023-03-30T23:39:55.000Z", "inferenceStatus": "not-loaded"}