{"_id": "643ce97f1c29e1386bb6528a", "id": "UchihaMadara/thesis-pretrained-5", "modelId": "UchihaMadara/thesis-pretrained-5", "author": "UchihaMadara", "sha": "2ce251d62e8b7690ba71cc05f8a54987d8ba4504", "lastModified": "2023-04-17T07:34:41.000Z", "private": false, "disabled": false, "gated": false, "pipeline_tag": "fill-mask", "tags": ["transformers", "tf", "bert", "fill-mask", "generated_from_keras_callback", "license:mit", "autotrain_compatible", "endpoints_compatible", "region:us"], "downloads": 1, "library_name": "transformers", "mask_token": "[MASK]", "widgetData": [{"text": "Paris is the [MASK] of France."}, {"text": "The goal of life is [MASK]."}], "likes": 0, "model-index": [{"name": "UchihaMadara/thesis-pretrained-5", "results": []}], "config": {"architectures": ["BertForMaskedLM"], "model_type": "bert", "tokenizer_config": {"bos_token": "<s>", "cls_token": "<s>", "eos_token": "</s>", "mask_token": "<mask>", "pad_token": "<pad>", "sep_token": "</s>", "unk_token": "<unk>"}}, "cardData": {"license": "mit", "tags": ["generated_from_keras_callback"], "model-index": [{"name": "UchihaMadara/thesis-pretrained-5", "results": []}]}, "transformersInfo": {"auto_model": "AutoModelForMaskedLM", "pipeline_tag": "fill-mask", "processor": "AutoTokenizer"}, "siblings": [{"rfilename": ".gitattributes"}, {"rfilename": "README.md"}, {"rfilename": "config.json"}, {"rfilename": "merges.txt"}, {"rfilename": "special_tokens_map.json"}, {"rfilename": "tf_model.h5"}, {"rfilename": "tokenizer.json"}, {"rfilename": "tokenizer_config.json"}, {"rfilename": "vocab.json"}], "spaces": [], "createdAt": "2023-04-17T06:38:55.000Z", "inferenceStatus": "not-loaded"}