{"_id": "63ac5e7db4da492bf06dc847", "id": "UchihaMadara/distilbert-base-uncased-finetuned-imdb", "modelId": "UchihaMadara/distilbert-base-uncased-finetuned-imdb", "author": "UchihaMadara", "sha": "145deedca7cddea5dd503deb0a4d11a0740493db", "lastModified": "2022-12-28T15:19:25.000Z", "private": false, "disabled": false, "gated": false, "tags": ["region:us"], "downloads": 0, "likes": 0, "siblings": [{"rfilename": ".gitattributes"}], "spaces": [], "createdAt": "2022-12-28T15:19:25.000Z", "inferenceStatus": "not-loaded"}