{"_id": "65590f47ed8df831281204bc", "id": "uchicago-dsi/cgfp-classifier", "modelId": "uchicago-dsi/cgfp-classifier", "author": "uchicago-dsi", "sha": "5a29b50dccede394b0bf9cc3641f1be59927a6d9", "lastModified": "2024-03-12T20:06:32.000Z", "private": false, "disabled": false, "gated": false, "tags": ["transformers", "pytorch", "distilbert", "endpoints_compatible", "region:us"], "downloads": 1, "library_name": "transformers", "mask_token": "[MASK]", "likes": 0, "config": {"architectures": ["MultiTaskModel"], "model_type": "distilbert", "tokenizer_config": {"cls_token": "[CLS]", "mask_token": "[MASK]", "pad_token": "[PAD]", "sep_token": "[SEP]", "unk_token": "[UNK]"}}, "transformersInfo": {"auto_model": "AutoModel", "processor": "AutoTokenizer"}, "siblings": [{"rfilename": ".gitattributes"}, {"rfilename": "config.json"}, {"rfilename": "pytorch_model.bin"}, {"rfilename": "special_tokens_map.json"}, {"rfilename": "tokenizer.json"}, {"rfilename": "tokenizer_config.json"}, {"rfilename": "vocab.txt"}], "spaces": [], "createdAt": "2023-11-18T19:23:51.000Z", "inferenceStatus": "not-loaded"}