{"_id": "658150074d5a928775653f5a", "id": "uchihacero/perfectdeliberate_v5", "modelId": "uchihacero/perfectdeliberate_v5", "author": "uchihacero", "sha": "4993c35343546e25a87ee460bcdc6f0b62d2b38c", "lastModified": "2023-12-19T08:55:22.000Z", "private": false, "disabled": false, "gated": false, "tags": ["license:creativeml-openrail-m", "region:us"], "downloads": 0, "likes": 0, "model-index": null, "cardData": {"license": "creativeml-openrail-m"}, "siblings": [{"rfilename": ".gitattributes"}, {"rfilename": "README.md"}, {"rfilename": "perfectdeliberate_v5.safetensors"}], "spaces": [], "createdAt": "2023-12-19T08:10:47.000Z", "inferenceStatus": "not-loaded"}