{"_id": "655dbb4bd00cca1e3acbf1bc", "id": "uchuukaizoku/emomarie", "modelId": "uchuukaizoku/emomarie", "author": "uchuukaizoku", "sha": "12dc11d5a4e12199e38ccddc46469f24f8d1af2b", "lastModified": "2023-11-22T09:01:28.000Z", "private": false, "disabled": false, "gated": false, "pipeline_tag": "text-to-image", "tags": ["diffusers", "tensorboard", "safetensors", "autotrain_compatible", "endpoints_compatible", "diffusers:StableDiffusionPipeline", "region:us"], "downloads": 0, "library_name": "diffusers", "likes": 0, "config": {"diffusers": {"_class_name": "StableDiffusionPipeline"}}, "siblings": [{"rfilename": ".gitattributes"}, {"rfilename": "feature_extractor/preprocessor_config.json"}, {"rfilename": "logs/text2image-fine-tune/1699350334.8865626/events.out.tfevents.1699350334.944f992c96ba.4901.1"}, {"rfilename": "logs/text2image-fine-tune/1699350334.898741/hparams.yml"}, {"rfilename": "logs/text2image-fine-tune/1699350419.1165972/events.out.tfevents.1699350419.c8d46fa4166c.18639.1"}, {"rfilename": "logs/text2image-fine-tune/1699350419.125131/hparams.yml"}, {"rfilename": "logs/text2image-fine-tune/1699350593.8540068/events.out.tfevents.1699350593.c8d46fa4166c.19538.1"}, {"rfilename": "logs/text2image-fine-tune/1699350593.8624523/hparams.yml"}, {"rfilename": "logs/text2image-fine-tune/1699403791.9450798/events.out.tfevents.1699403791.83a08457eca7.1225.1"}, {"rfilename": "logs/text2image-fine-tune/1699403791.9542236/hparams.yml"}, {"rfilename": "logs/text2image-fine-tune/1699502986.444745/events.out.tfevents.1699502986.d411403d227d.1700.1"}, {"rfilename": "logs/text2image-fine-tune/1699502986.4552937/hparams.yml"}, {"rfilename": "logs/text2image-fine-tune/1699517031.7083068/events.out.tfevents.1699517031.40daee286fc2.4989.1"}, {"rfilename": "logs/text2image-fine-tune/1699517031.7174115/hparams.yml"}, {"rfilename": "logs/text2image-fine-tune/events.out.tfevents.1699350334.944f992c96ba.4901.0"}, {"rfilename": "logs/text2image-fine-tune/events.out.tfevents.1699350419.c8d46fa4166c.18639.0"}, {"rfilename": "logs/text2image-fine-tune/events.out.tfevents.1699350593.c8d46fa4166c.19538.0"}, {"rfilename": "logs/text2image-fine-tune/events.out.tfevents.1699403791.83a08457eca7.1225.0"}, {"rfilename": "logs/text2image-fine-tune/events.out.tfevents.1699502986.d411403d227d.1700.0"}, {"rfilename": "logs/text2image-fine-tune/events.out.tfevents.1699517031.40daee286fc2.4989.0"}, {"rfilename": "model_index.json"}, {"rfilename": "safety_checker/config.json"}, {"rfilename": "safety_checker/model.safetensors"}, {"rfilename": "scheduler/scheduler_config.json"}, {"rfilename": "test/Image1.png"}, {"rfilename": "test/Image10.png"}, {"rfilename": "test/Image100.png"}, {"rfilename": "test/Image101.png"}, {"rfilename": "test/Image102.png"}, {"rfilename": "test/Image103.png"}, {"rfilename": "test/Image104.png"}, {"rfilename": "test/Image105.png"}, {"rfilename": "test/Image106.png"}, {"rfilename": "test/Image107.png"}, {"rfilename": "test/Image108.png"}, {"rfilename": "test/Image109.png"}, {"rfilename": "test/Image11.png"}, {"rfilename": "test/Image110.png"}, {"rfilename": "test/Image111.png"}, {"rfilename": "test/Image112.png"}, {"rfilename": "test/Image113.png"}, {"rfilename": "test/Image114.png"}, {"rfilename": "test/Image115.png"}, {"rfilename": "test/Image116.png"}, {"rfilename": "test/Image117.png"}, {"rfilename": "test/Image118.png"}, {"rfilename": "test/Image119.png"}, {"rfilename": "test/Image12.png"}, {"rfilename": "test/Image120.png"}, {"rfilename": "test/Image121.png"}, {"rfilename": "test/Image122.png"}, {"rfilename": "test/Image123.png"}, {"rfilename": "test/Image124.png"}, {"rfilename": "test/Image125.png"}, {"rfilename": "test/Image126.png"}, {"rfilename": "test/Image127.png"}, {"rfilename": "test/Image128.png"}, {"rfilename": "test/Image129.png"}, {"rfilename": "test/Image13.png"}, {"rfilename": "test/Image130.png"}, {"rfilename": "test/Image131.png"}, {"rfilename": "test/Image132.png"}, {"rfilename": "test/Image133.png"}, {"rfilename": "test/Image134.png"}, {"rfilename": "test/Image135.png"}, {"rfilename": "test/Image136.png"}, {"rfilename": "test/Image137.png"}, {"rfilename": "test/Image138.png"}, {"rfilename": "test/Image139.png"}, {"rfilename": "test/Image14.png"}, {"rfilename": "test/Image140.png"}, {"rfilename": "test/Image141.png"}, {"rfilename": "test/Image142.png"}, {"rfilename": "test/Image143.png"}, {"rfilename": "test/Image144.png"}, {"rfilename": "test/Image145.png"}, {"rfilename": "test/Image146.png"}, {"rfilename": "test/Image147.png"}, {"rfilename": "test/Image148.png"}, {"rfilename": "test/Image149.png"}, {"rfilename": "test/Image15.png"}, {"rfilename": "test/Image150.png"}, {"rfilename": "test/Image151.png"}, {"rfilename": "test/Image152.png"}, {"rfilename": "test/Image153.png"}, {"rfilename": "test/Image154.png"}, {"rfilename": "test/Image155.png"}, {"rfilename": "test/Image156.png"}, {"rfilename": "test/Image157.png"}, {"rfilename": "test/Image158.png"}, {"rfilename": "test/Image159.png"}, {"rfilename": "test/Image16.png"}, {"rfilename": "test/Image160.png"}, {"rfilename": "test/Image161.png"}, {"rfilename": "test/Image162.png"}, {"rfilename": "test/Image163.png"}, {"rfilename": "test/Image164.png"}, {"rfilename": "test/Image165.png"}, {"rfilename": "test/Image166.png"}, {"rfilename": "test/Image167.png"}, {"rfilename": "test/Image168.png"}, {"rfilename": "test/Image169.png"}, {"rfilename": "test/Image17.png"}, {"rfilename": "test/Image170.png"}, {"rfilename": "test/Image171.png"}, {"rfilename": "test/Image172.png"}, {"rfilename": "test/Image173.png"}, {"rfilename": "test/Image174.png"}, {"rfilename": "test/Image175.png"}, {"rfilename": "test/Image176.png"}, {"rfilename": "test/Image177.png"}, {"rfilename": "test/Image178.png"}, {"rfilename": "test/Image179.png"}, {"rfilename": "test/Image18.png"}, {"rfilename": "test/Image180.png"}, {"rfilename": "test/Image181.png"}, {"rfilename": "test/Image182.png"}, {"rfilename": "test/Image183.png"}, {"rfilename": "test/Image184.png"}, {"rfilename": "test/Image185.png"}, {"rfilename": "test/Image186.png"}, {"rfilename": "test/Image187.png"}, {"rfilename": "test/Image188.png"}, {"rfilename": "test/Image189.png"}, {"rfilename": "test/Image19.png"}, {"rfilename": "test/Image190.png"}, {"rfilename": "test/Image191.png"}, {"rfilename": "test/Image192.png"}, {"rfilename": "test/Image193.png"}, {"rfilename": "test/Image194.png"}, {"rfilename": "test/Image195.png"}, {"rfilename": "test/Image196.png"}, {"rfilename": "test/Image197.png"}, {"rfilename": "test/Image198.png"}, {"rfilename": "test/Image199.png"}, {"rfilename": "test/Image2.png"}, {"rfilename": "test/Image20.png"}, {"rfilename": "test/Image200.png"}, {"rfilename": "test/Image201.png"}, {"rfilename": "test/Image202.png"}, {"rfilename": "test/Image203.png"}, {"rfilename": "test/Image204.png"}, {"rfilename": "test/Image205.png"}, {"rfilename": "test/Image206.png"}, {"rfilename": "test/Image207.png"}, {"rfilename": "test/Image208.png"}, {"rfilename": "test/Image209.png"}, {"rfilename": "test/Image21.png"}, {"rfilename": "test/Image210.png"}, {"rfilename": "test/Image211.png"}, {"rfilename": "test/Image212.png"}, {"rfilename": "test/Image213.png"}, {"rfilename": "test/Image214.png"}, {"rfilename": "test/Image215.png"}, {"rfilename": "test/Image216.png"}, {"rfilename": "test/Image217.png"}, {"rfilename": "test/Image218.png"}, {"rfilename": "test/Image219.png"}, {"rfilename": "test/Image22.png"}, {"rfilename": "test/Image220.png"}, {"rfilename": "test/Image221.png"}, {"rfilename": "test/Image222.png"}, {"rfilename": "test/Image223.png"}, {"rfilename": "test/Image224.png"}, {"rfilename": "test/Image225.png"}, {"rfilename": "test/Image226.png"}, {"rfilename": "test/Image227.png"}, {"rfilename": "test/Image228.png"}, {"rfilename": "test/Image229.png"}, {"rfilename": "test/Image23.png"}, {"rfilename": "test/Image230.png"}, {"rfilename": "test/Image231.png"}, {"rfilename": "test/Image232.png"}, {"rfilename": "test/Image233.png"}, {"rfilename": "test/Image234.png"}, {"rfilename": "test/Image235.png"}, {"rfilename": "test/Image236.png"}, {"rfilename": "test/Image237.png"}, {"rfilename": "test/Image238.png"}, {"rfilename": "test/Image239.png"}, {"rfilename": "test/Image24.png"}, {"rfilename": "test/Image240.png"}, {"rfilename": "test/Image241.png"}, {"rfilename": "test/Image242.png"}, {"rfilename": "test/Image243.png"}, {"rfilename": "test/Image244.png"}, {"rfilename": "test/Image245.png"}, {"rfilename": "test/Image246.png"}, {"rfilename": "test/Image247.png"}, {"rfilename": "test/Image248.png"}, {"rfilename": "test/Image249.png"}, {"rfilename": "test/Image25.png"}, {"rfilename": "test/Image250.png"}, {"rfilename": "test/Image251.png"}, {"rfilename": "test/Image252.png"}, {"rfilename": "test/Image253.png"}, {"rfilename": "test/Image254.png"}, {"rfilename": "test/Image255.png"}, {"rfilename": "test/Image256.png"}, {"rfilename": "test/Image257.png"}, {"rfilename": "test/Image258.png"}, {"rfilename": "test/Image259.png"}, {"rfilename": "test/Image26.png"}, {"rfilename": "test/Image260.png"}, {"rfilename": "test/Image261.png"}, {"rfilename": "test/Image262.png"}, {"rfilename": "test/Image263.png"}, {"rfilename": "test/Image264.png"}, {"rfilename": "test/Image265.png"}, {"rfilename": "test/Image266.png"}, {"rfilename": "test/Image267.png"}, {"rfilename": "test/Image268.png"}, {"rfilename": "test/Image269.png"}, {"rfilename": "test/Image27.png"}, {"rfilename": "test/Image270.png"}, {"rfilename": "test/Image271.png"}, {"rfilename": "test/Image272.png"}, {"rfilename": "test/Image273.png"}, {"rfilename": "test/Image274.png"}, {"rfilename": "test/Image275.png"}, {"rfilename": "test/Image276.png"}, {"rfilename": "test/Image277.png"}, {"rfilename": "test/Image278.png"}, {"rfilename": "test/Image279.png"}, {"rfilename": "test/Image28.png"}, {"rfilename": "test/Image280.png"}, {"rfilename": "test/Image281.png"}, {"rfilename": "test/Image282.png"}, {"rfilename": "test/Image283.png"}, {"rfilename": "test/Image284.png"}, {"rfilename": "test/Image285.png"}, {"rfilename": "test/Image286.png"}, {"rfilename": "test/Image287.png"}, {"rfilename": "test/Image288.png"}, {"rfilename": "test/Image289.png"}, {"rfilename": "test/Image29.png"}, {"rfilename": "test/Image290.png"}, {"rfilename": "test/Image291.png"}, {"rfilename": "test/Image292.png"}, {"rfilename": "test/Image293.png"}, {"rfilename": "test/Image294.png"}, {"rfilename": "test/Image295.png"}, {"rfilename": "test/Image296.png"}, {"rfilename": "test/Image297.png"}, {"rfilename": "test/Image298.png"}, {"rfilename": "test/Image299.png"}, {"rfilename": "test/Image3.png"}, {"rfilename": "test/Image30.png"}, {"rfilename": "test/Image300.png"}, {"rfilename": "test/Image31.png"}, {"rfilename": "test/Image32.png"}, {"rfilename": "test/Image33.png"}, {"rfilename": "test/Image34.png"}, {"rfilename": "test/Image35.png"}, {"rfilename": "test/Image36.png"}, {"rfilename": "test/Image37.png"}, {"rfilename": "test/Image38.png"}, {"rfilename": "test/Image39.png"}, {"rfilename": "test/Image4.png"}, {"rfilename": "test/Image40.png"}, {"rfilename": "test/Image41.png"}, {"rfilename": "test/Image42.png"}, {"rfilename": "test/Image43.png"}, {"rfilename": "test/Image44.png"}, {"rfilename": "test/Image45.png"}, {"rfilename": "test/Image46.png"}, {"rfilename": "test/Image47.png"}, {"rfilename": "test/Image48.png"}, {"rfilename": "test/Image49.png"}, {"rfilename": "test/Image5.png"}, {"rfilename": "test/Image50.png"}, {"rfilename": "test/Image51.png"}, {"rfilename": "test/Image52.png"}, {"rfilename": "test/Image53.png"}, {"rfilename": "test/Image54.png"}, {"rfilename": "test/Image55.png"}, {"rfilename": "test/Image56.png"}, {"rfilename": "test/Image57.png"}, {"rfilename": "test/Image58.png"}, {"rfilename": "test/Image59.png"}, {"rfilename": "test/Image6.png"}, {"rfilename": "test/Image60.png"}, {"rfilename": "test/Image61.png"}, {"rfilename": "test/Image62.png"}, {"rfilename": "test/Image63.png"}, {"rfilename": "test/Image64.png"}, {"rfilename": "test/Image65.png"}, {"rfilename": "test/Image66.png"}, {"rfilename": "test/Image67.png"}, {"rfilename": "test/Image68.png"}, {"rfilename": "test/Image69.png"}, {"rfilename": "test/Image7.png"}, {"rfilename": "test/Image70.png"}, {"rfilename": "test/Image71.png"}, {"rfilename": "test/Image72.png"}, {"rfilename": "test/Image73.png"}, {"rfilename": "test/Image74.png"}, {"rfilename": "test/Image75.png"}, {"rfilename": "test/Image76.png"}, {"rfilename": "test/Image77.png"}, {"rfilename": "test/Image78.png"}, {"rfilename": "test/Image79.png"}, {"rfilename": "test/Image8.png"}, {"rfilename": "test/Image80.png"}, {"rfilename": "test/Image81.png"}, {"rfilename": "test/Image82.png"}, {"rfilename": "test/Image83.png"}, {"rfilename": "test/Image84.png"}, {"rfilename": "test/Image85.png"}, {"rfilename": "test/Image86.png"}, {"rfilename": "test/Image87.png"}, {"rfilename": "test/Image88.png"}, {"rfilename": "test/Image89.png"}, {"rfilename": "test/Image9.png"}, {"rfilename": "test/Image90.png"}, {"rfilename": "test/Image91.png"}, {"rfilename": "test/Image92.png"}, {"rfilename": "test/Image93.png"}, {"rfilename": "test/Image94.png"}, {"rfilename": "test/Image95.png"}, {"rfilename": "test/Image96.png"}, {"rfilename": "test/Image97.png"}, {"rfilename": "test/Image98.png"}, {"rfilename": "test/Image99.png"}, {"rfilename": "test/metadata.jsonl"}, {"rfilename": "text_encoder/config.json"}, {"rfilename": "text_encoder/model.safetensors"}, {"rfilename": "tokenizer/merges.txt"}, {"rfilename": "tokenizer/special_tokens_map.json"}, {"rfilename": "tokenizer/tokenizer_config.json"}, {"rfilename": "tokenizer/vocab.json"}, {"rfilename": "train/-3DH-Mutating Cube-modeled-and-textured-by-3DHAUPT-in-Blender-2.79b.jpg"}, {"rfilename": "train/000265059_iconm.jpeg"}, {"rfilename": "train/009226a62d328c459647efd825838dc7.jpg"}, {"rfilename": "train/00b1f351828af40371aa40df86a41ff4.jpg"}, {"rfilename": "train/00b6f70d69f12c6827cd656335b2af68.jpg"}, {"rfilename": "train/01_2x.png"}, {"rfilename": "train/0263550001e07eb4798bfbdeac44d465.jpg"}, {"rfilename": "train/03c0ac31eb8cf0daece033061c1bbf9d.jpg"}, {"rfilename": "train/04-Twist_preview_indiv-01_1024x1024.jpg"}, {"rfilename": "train/06bfa35f3bc051da4103ed1e53a2bc5a--green-silk-dance-dance-dance.jpg"}, {"rfilename": "train/07-Coiled_example-previews-02_590x.jpg"}, {"rfilename": "train/096eb2dcb80689621581a02718ea0e83.jpg"}, {"rfilename": "train/1.jpg.webp"}, {"rfilename": "train/10544419_2017-lf-ch-10-copy.jpg"}, {"rfilename": "train/106ed454067851.Y3JvcCw3MzUsNTc1LDMzMiwxMDU.png"}, {"rfilename": "train/119390015-abstract-3d-render-twisted-shape-modern-illustration-background-design.jpg"}, {"rfilename": "train/131b81d72040d99886dc10c3247c6b50.jpg"}, {"rfilename": "train/13c4d8e549f0397bd5d590d1924c2360.jpg"}, {"rfilename": "train/13f7d02cb6b0b12e0bb5385ada5db7db.jpg"}, {"rfilename": "train/141221_04-720x456.png"}, {"rfilename": "train/148034828-oxygen-bubbles-in-a-liquid-beautiful-structure-of-water-in-macro-a-natural-background.jpg"}, {"rfilename": "train/149551171-bubble-gum-3d-bubbles-background-pattern-.jpg"}, {"rfilename": "train/151835685-abstract-background-3d-fantastic-gold-shapes-interesting-underwater-render-illustration-.jpg"}, {"rfilename": "train/15633473534_a1368b237c_m.jpg"}, {"rfilename": "train/16189283343dabstractcolordannyivanpatternbackgroundiphone.jpg"}, {"rfilename": "train/164335908-abstract-colorful-background.jpg"}, {"rfilename": "train/16bbb8ffc89723bd802fd838e3b30482.jpg"}, {"rfilename": "train/1715686504dc3d6b47efedfa2fe6d34f.jpg"}, {"rfilename": "train/17202e82db7897f19db9d876c47788a6.jpg"}, {"rfilename": "train/199205_tt.jpg"}, {"rfilename": "train/1G1A2089aa-3840-x-5760-WEB-200x300-1.jpg"}, {"rfilename": "train/1G1A2089aa-3840-x-5760-WEB-200x300.jpg"}, {"rfilename": "train/1b9c6234848363.56e1d47e31d46.jpg"}, {"rfilename": "train/1c17b8cee87c0cee991066429b023aec.jpg"}, {"rfilename": "train/1cc88a4722f9e8addeceb7cabe80c07b.jpg"}, {"rfilename": "train/1dd59346448736e11d0b671a2843a02b.jpg"}, {"rfilename": "train/2-3d-model-figurative-sculpture-omaraqil.jpg"}, {"rfilename": "train/2015-02-11_05-49-48.png"}, {"rfilename": "train/201b8b31531165.Y3JvcCw2MTcsNDgzLDAsNjQ.jpg"}, {"rfilename": "train/21e55823b17aff469822ed87.jpg"}, {"rfilename": "train/220_F_300020092_xSpZqlOSnvR6t9p358qPno92tqaujXzX.jpg"}, {"rfilename": "train/220_F_304484146_dyRzK7L0VYg25n5aK9sPLKOOh9GEV3Vz.jpg"}, {"rfilename": "train/220_F_343952008_P8L28Lq77dxEpumfBYlhbVsDFUZkLjda.jpg"}, {"rfilename": "train/22ed9e67295043.Y3JvcCwxNTM3LDEyMDIsMjg1LDI4OQ.jpg"}, {"rfilename": "train/2369855852_9eb208084b_m.jpg"}, {"rfilename": "train/240_F_220859386_Ffotf2OXaBOoP60mHGdLLucfxVs9BbkH.jpg"}, {"rfilename": "train/240_F_221029768_kRqIc1evNv7V4BMK4AkpcAqVuLZCFv1p.jpg"}, {"rfilename": "train/240_F_221029793_q1XRzaSY79ldLX1WGtFyGjvLCDZLzRef.jpg"}, {"rfilename": "train/240_F_221029821_Mm4jO78xQvtFXO4DS18HoHc9iIPHrwB4.jpg"}, {"rfilename": "train/240_F_221029934_g77w9tkI433euzFcqEXpIX6MMv35Gg3n.jpg"}, {"rfilename": "train/24667d05190afed95ffd4f324106f6e4.jpg"}, {"rfilename": "train/25532754338_0afb507909_t.jpg"}, {"rfilename": "train/256390_cc137960c8e14a38a5e84c343720805d~mv2.jpg"}, {"rfilename": "train/25862320638_66785edb58_n.jpg"}, {"rfilename": "train/2642ade3900248b83b44f03975d1aaea.jpg"}, {"rfilename": "train/266934.jpg"}, {"rfilename": "train/290x218_1417101_962329_1687493208.jpg"}, {"rfilename": "train/290x218_1649275_1554144_1459322776_1_0.jpg"}, {"rfilename": "train/290x218_8697928_6500833_1500661124_1_0.jpg.webp"}, {"rfilename": "train/29f931_9007c5102e794db6b9a480b89dfea298.jpg"}, {"rfilename": "train/2b85a8e027216609ee8504e1851516d8.jpg"}, {"rfilename": "train/2d64217633ff2ce3e99a36946ac5c92a.jpg"}, {"rfilename": "train/2e87c82f-0d52-4ead-acfc-de7dee519b62-f4178128.png.webp"}, {"rfilename": "train/30593395644_847ab008f0_m.jpg"}, {"rfilename": "train/30593397414_c53cba2487_m.jpg"}, {"rfilename": "train/30aa118a6dbc91c520250c1a4f5428fc.jpg"}, {"rfilename": "train/31dd0f9a30db2d7bca79ca2eb9b7447d.jpg"}, {"rfilename": "train/32377151807_0c1e231369_z.jpg"}, {"rfilename": "train/336a68f5715cb101b864844f3b42410a.jpg"}, {"rfilename": "train/3a150f10d1cf5d5f87e8b374ed837fd2.jpg"}, {"rfilename": "train/3b328eafac7844372f1b6d964b919ab2.jpg"}, {"rfilename": "train/3d-abstract-art-background-with-part-of-glass-sculpture-in-organic-curve_170454-142.jpg.webp"}, {"rfilename": "train/3d-abstract-art-background-with-part-of-glass-sculpture-in-organic-curve_170454-144.jpg.webp"}, {"rfilename": "train/3d-grafika-abstrakciya--abstract-fon-uzo-1210147.jpg"}, {"rfilename": "train/3d-model-mandarin.jpg"}, {"rfilename": "train/3d-rendering-illustration-abstract-smooth-liquid-art-balls-bubbles_79202-83.jpg.webp"}, {"rfilename": "train/3d-rendering-of-black-pleats-and-swirls_158469-1906.jpg.webp"}, {"rfilename": "train/3d-renderowania-ilustracja-streszczenie-gladka-sztuka-plynna-kulki-i-babelki_79202-78.jpg.webp"}, {"rfilename": "train/3d_79202-85.jpg.webp"}, {"rfilename": "train/3d_printed_object_071_ren_01.jpg97561e7f-6cc6-403e-afda-a4409a7ddde0Res200.jpg"}, {"rfilename": "train/400_3844837_1b80unsi5hv20uf8y4kozlohh2wdpc0jci9656dj_gradient-iridescent-shapes-abstract-bright-fluid-rainbow-metallic-col.jpg"}, {"rfilename": "train/404156-original.png.jpeg"}, {"rfilename": "train/4078711b292ebd7f84af8049bce1a41b.jpg"}, {"rfilename": "train/4102870_orig.jpg.webp"}, {"rfilename": "train/4310759514_d4570d7e02_m.jpg"}, {"rfilename": "train/4360f8c08e46de607f784d4a3481f38d.jpg"}, {"rfilename": "train/450_1000.jpg"}, {"rfilename": "train/46237811-women-s-hands.jpg"}, {"rfilename": "train/467fa3c2f50f1060c3e680229741149f.jpg"}, {"rfilename": "train/49dc49c545309b9abe913e91f0ad9b79.jpg"}, {"rfilename": "train/4a4f1039fbf34edb3c45bad07de1b154.jpg"}, {"rfilename": "train/4a7ac952f55fb8b7721a7ef996736366.jpg"}, {"rfilename": "train/4c933c21838dd87cc64ac292fd56db6f.jpg"}, {"rfilename": "train/4ca73285ed5f0b51c3171dbe4258c3a0.jpg"}, {"rfilename": "train/4f4230281fb15a7960a7cde0135c2077.jpg"}, {"rfilename": "train/512e97db7f1a7a67dd9d59d7440607e7.jpg"}, {"rfilename": "train/52542_tt.jpg"}, {"rfilename": "train/533bdf43e396ec9efacdae12cc4ed779.jpg"}, {"rfilename": "train/54eaec89f5a46a6e88171b3867c4126c.jpg"}, {"rfilename": "train/5549107_orig.jpg"}, {"rfilename": "train/562b2d30c6d3403e92d73c0e6020c59b.jpg"}, {"rfilename": "train/5860d4_836488e3073447d6b5d51b8ee56a8360~mv2.png"}, {"rfilename": "train/5b94c3182859d1e751f15b8852fe87df.jpg"}, {"rfilename": "train/5be46e53dcb402266100c5d31062ba8d.jpg"}, {"rfilename": "train/5c690534922f0e32354a27e01f95d757-niksho-com.jpg"}, {"rfilename": "train/5e11b211bf92ada4a447490c343f017d.jpg"}, {"rfilename": "train/5ea3479a2f6f5a2c0ed5dda61634a4bc.jpg"}, {"rfilename": "train/5f8e344bd1c244c9a88841d92fa5bb47_middle.jpg"}, {"rfilename": "train/5k-abstract-shapes-retina-display-y1-320x240.jpg"}, {"rfilename": "train/5k-abstract-shapes-retina-display-y1-360x640.jpg"}, {"rfilename": "train/60872876-abstract-image-of-the-wine-bottles.jpg"}, {"rfilename": "train/61234961_f254206542_m.jpg"}, {"rfilename": "train/625x465_1669657_1403755_1687491622.jpg.png"}, {"rfilename": "train/63625817394.jpeg"}, {"rfilename": "train/63625980986.jpeg"}, {"rfilename": "train/637336168229290224.jpg"}, {"rfilename": "train/64727969_324867625097361_3660316939495931904_n.png.webp"}, {"rfilename": "train/65105edf5aae8e8879a605d8b408d14f.jpg"}, {"rfilename": "train/65943.52d6e4838fa57.jpeg"}, {"rfilename": "train/67ab41bb88b7d3c67d13fd2a526d726f.jpg"}, {"rfilename": "train/69187d74c6d509a4c73aecc5a6975bed.jpg"}, {"rfilename": "train/699bbc5a8ccaa96ca8d3bc78f906a693.jpg"}, {"rfilename": "train/6aa1874d0305156b83df2f07c5e0db3f.jpg"}, {"rfilename": "train/710x528_16518994_9394440_1687556127.jpg.png"}, {"rfilename": "train/710x528_183419_41277_1687477505.jpg"}, {"rfilename": "train/7225879ff4c45efd4cd45013ee3595e0.jpg"}, {"rfilename": "train/72b97ba251fecefb65d1debcd43e6327.jpg"}, {"rfilename": "train/73a8ec14ea6e54b3c26291e9077020ed.jpg"}, {"rfilename": "train/73c3588031bd81fe0c52aa893b933930.jpg"}, {"rfilename": "train/752a57_800d92fd59cc406ea5caa78794145cdbf003.jpg"}, {"rfilename": "train/76dce2_4e0c0f4a0e0a402bbed9d475f8a13a72~mv2.jpg"}, {"rfilename": "train/77fc9e8395b74c0f6ee21b7959c2257e.jpg"}, {"rfilename": "train/7840411_orig.jpg"}, {"rfilename": "train/7a36804b564cd6e6792c248e14b5d4bb.jpg"}, {"rfilename": "train/7b6d4f94bdd4f5174f95239f113a1d00.jpg"}, {"rfilename": "train/7be1b72d757f0c331221f13d29ea9487.png"}, {"rfilename": "train/7c87b2a313d12f17d944fe89621d57c0.jpg"}, {"rfilename": "train/7ca83a7684daac08afe51fe7e49152d2.jpg"}, {"rfilename": "train/7d4b0b8d2aa10ee66e0b0986f5ff7523.jpg"}, {"rfilename": "train/7db0d4e62d9f42871b2a2095d50479d5.jpg"}, {"rfilename": "train/7f7b56_7d6580ad4d884924856b848e81c2c1cd~mv2.jpg"}, {"rfilename": "train/7f7b56_c70d3122ee3f4340ae82620110adc16d~mv2.jpg"}, {"rfilename": "train/7fc207a2f443d13cae5a6ba69ab7b4f4.jpg"}, {"rfilename": "train/81b86162214956c49611723e0ac23451.jpg"}, {"rfilename": "train/839d13bd079962f2493f4893b85e93fb.jpg"}, {"rfilename": "train/854c250de78c77586dfd152d04d9fa19.jpg"}, {"rfilename": "train/88802641-abstract-falling-one-after-another-blurred-curved-blue-and-orange-waves-on-a-dark-blue-background.jpg"}, {"rfilename": "train/88cf165ed4aefc5c5b5776d87a26cfcd.jpg"}, {"rfilename": "train/8afd90173bc0c23db69ec25a1cfe9589.jpg"}, {"rfilename": "train/8cd0a6e90fe569598da13f178e59afe1.jpg"}, {"rfilename": "train/8e07caafa5daa4a5cbb166598e088dd5.jpg"}, {"rfilename": "train/8e1eeb4190aa9fcb808542eee7c78c7a.jpg"}, {"rfilename": "train/8f54537b1a62f444af720de367db3841.jpg"}, {"rfilename": "train/8f54b7fd0e464b0bc0cafcd49067ab50.jpg"}, {"rfilename": "train/9.jpg.webp"}, {"rfilename": "train/903697121045119.60be2a3b38322.jpg"}, {"rfilename": "train/908f2a87051589.Y3JvcCwxMzI3LDEwMzgsMzk3LDEyOA.jpg"}, {"rfilename": "train/912a151b05cfb7d8b3193b87ce06bb26.jpg"}, {"rfilename": "train/92aa0dff42fadef36f1eecdd88db80e5.jpg"}, {"rfilename": "train/92cdac1491b932c04bfe88748cd04096.png"}, {"rfilename": "train/957867b80ad7129917bf6188e6bf408a.jpg"}, {"rfilename": "train/9a965a5ffa201fc13b0ccc7e4b628d8b.jpg"}, {"rfilename": "train/9c157c_ea72f896f4344637bd8427a64df9da35~mv2.jpg"}, {"rfilename": "train/9e892f10d0d595c5e8e8307a7dc50ece.jpg.webp"}, {"rfilename": "train/Android-4.4-KitKat-official-wallpapers-available-for-download-here.jpg"}, {"rfilename": "train/Blob_Mesh_03.jpg"}, {"rfilename": "train/Blue_Mobius_Entanglement-1251930518st.jpg.webp"}, {"rfilename": "train/Clip front 2.webloc"}, {"rfilename": "train/Clip front 3.webloc"}, {"rfilename": "train/Clip front 4.webloc"}, {"rfilename": "train/Clip front 5.webloc"}, {"rfilename": "train/Clip front.webloc"}, {"rfilename": "train/Colorful Plastic Objects.jpg"}, {"rfilename": "train/Daily-Dose-of-Inspiration-121-7.png"}, {"rfilename": "train/Dancing Hands.png"}, {"rfilename": "train/FA_Moving+Lights_May+24_-7307.jpg"}, {"rfilename": "train/FBA43A9E8F2DE7B0539B9F5CCA31313F-dance-art-03.jpg"}, {"rfilename": "train/Finger-and-Hand-Study-1.jpg"}, {"rfilename": "train/Fish+Forms+Detail+2002sml.jpg"}, {"rfilename": "train/HDB127-500x500.jpg"}, {"rfilename": "train/Hands-1930s.-Photograph-by-Atelier-von-Behr.-Image-No.-10455818.-\u00a9-Photography-Roual-Society-696x532.jpg"}, {"rfilename": "train/Image-01.jpg"}, {"rfilename": "train/Image1000.png"}, {"rfilename": "train/Image301.png"}, {"rfilename": "train/Image302.png"}, {"rfilename": "train/Image303.png"}, {"rfilename": "train/Image304.png"}, {"rfilename": "train/Image305.png"}, {"rfilename": "train/Image306.png"}, {"rfilename": "train/Image307.png"}, {"rfilename": "train/Image308.png"}, {"rfilename": "train/Image309.png"}, {"rfilename": "train/Image310.png"}, {"rfilename": "train/Image311.png"}, {"rfilename": "train/Image312.png"}, {"rfilename": "train/Image313.png"}, {"rfilename": "train/Image314.png"}, {"rfilename": "train/Image315.png"}, {"rfilename": "train/Image316.png"}, {"rfilename": "train/Image317.png"}, {"rfilename": "train/Image318.png"}, {"rfilename": "train/Image319.png"}, {"rfilename": "train/Image320.png"}, {"rfilename": "train/Image321.png"}, {"rfilename": "train/Image322.png"}, {"rfilename": "train/Image323.png"}, {"rfilename": "train/Image324.png"}, {"rfilename": "train/Image325.png"}, {"rfilename": "train/Image326.png"}, {"rfilename": "train/Image327.png"}, {"rfilename": "train/Image328.png"}, {"rfilename": "train/Image329.png"}, {"rfilename": "train/Image330.png"}, {"rfilename": "train/Image331.png"}, {"rfilename": "train/Image332.png"}, {"rfilename": "train/Image333.png"}, {"rfilename": "train/Image334.png"}, {"rfilename": "train/Image335.png"}, {"rfilename": "train/Image336.png"}, {"rfilename": "train/Image337.png"}, {"rfilename": "train/Image338.png"}, {"rfilename": "train/Image339.png"}, {"rfilename": "train/Image340.png"}, {"rfilename": "train/Image341.png"}, {"rfilename": "train/Image342.png"}, {"rfilename": "train/Image343.png"}, {"rfilename": "train/Image344.png"}, {"rfilename": "train/Image345.png"}, {"rfilename": "train/Image346.png"}, {"rfilename": "train/Image347.png"}, {"rfilename": "train/Image348.png"}, {"rfilename": "train/Image349.png"}, {"rfilename": "train/Image350.png"}, {"rfilename": "train/Image351.png"}, {"rfilename": "train/Image352.png"}, {"rfilename": "train/Image353.png"}, {"rfilename": "train/Image354.png"}, {"rfilename": "train/Image355.png"}, {"rfilename": "train/Image356.png"}, {"rfilename": "train/Image357.png"}, {"rfilename": "train/Image358.png"}, {"rfilename": "train/Image359.png"}, {"rfilename": "train/Image360.png"}, {"rfilename": "train/Image361.png"}, {"rfilename": "train/Image362.png"}, {"rfilename": "train/Image363.png"}, {"rfilename": "train/Image364.png"}, {"rfilename": "train/Image365.png"}, {"rfilename": "train/Image366.png"}, {"rfilename": "train/Image367.png"}, {"rfilename": "train/Image368.png"}, {"rfilename": "train/Image369.png"}, {"rfilename": "train/Image370.png"}, {"rfilename": "train/Image371.png"}, {"rfilename": "train/Image372.png"}, {"rfilename": "train/Image373.png"}, {"rfilename": "train/Image374.png"}, {"rfilename": "train/Image375.png"}, {"rfilename": "train/Image376.png"}, {"rfilename": "train/Image377.png"}, {"rfilename": "train/Image378.png"}, {"rfilename": "train/Image379.png"}, {"rfilename": "train/Image380.png"}, {"rfilename": "train/Image381.png"}, {"rfilename": "train/Image382.png"}, {"rfilename": "train/Image383.png"}, {"rfilename": "train/Image384.png"}, {"rfilename": "train/Image385.png"}, {"rfilename": "train/Image386.png"}, {"rfilename": "train/Image387.png"}, {"rfilename": "train/Image388.png"}, {"rfilename": "train/Image389.png"}, {"rfilename": "train/Image390.png"}, {"rfilename": "train/Image391.png"}, {"rfilename": "train/Image392.png"}, {"rfilename": "train/Image393.png"}, {"rfilename": "train/Image394.png"}, {"rfilename": "train/Image395.png"}, {"rfilename": "train/Image396.png"}, {"rfilename": "train/Image397.png"}, {"rfilename": "train/Image398.png"}, {"rfilename": "train/Image399.png"}, {"rfilename": "train/Image400.png"}, {"rfilename": "train/Image401.png"}, {"rfilename": "train/Image402.png"}, {"rfilename": "train/Image403.png"}, {"rfilename": "train/Image404.png"}, {"rfilename": "train/Image405.png"}, {"rfilename": "train/Image406.png"}, {"rfilename": "train/Image407.png"}, {"rfilename": "train/Image408.png"}, {"rfilename": "train/Image409.png"}, {"rfilename": "train/Image410.png"}, {"rfilename": "train/Image411.png"}, {"rfilename": "train/Image412.png"}, {"rfilename": "train/Image413.png"}, {"rfilename": "train/Image414.png"}, {"rfilename": "train/Image415.png"}, {"rfilename": "train/Image416.png"}, {"rfilename": "train/Image417.png"}, {"rfilename": "train/Image418.png"}, {"rfilename": "train/Image419.png"}, {"rfilename": "train/Image420.png"}, {"rfilename": "train/Image421.png"}, {"rfilename": "train/Image422.png"}, {"rfilename": "train/Image423.png"}, {"rfilename": "train/Image424.png"}, {"rfilename": "train/Image425.png"}, {"rfilename": "train/Image426.png"}, {"rfilename": "train/Image427.png"}, {"rfilename": "train/Image428.png"}, {"rfilename": "train/Image429.png"}, {"rfilename": "train/Image430.png"}, {"rfilename": "train/Image431.png"}, {"rfilename": "train/Image432.png"}, {"rfilename": "train/Image433.png"}, {"rfilename": "train/Image434.png"}, {"rfilename": "train/Image435.png"}, {"rfilename": "train/Image436.png"}, {"rfilename": "train/Image437.png"}, {"rfilename": "train/Image438.png"}, {"rfilename": "train/Image439.png"}, {"rfilename": "train/Image440.png"}, {"rfilename": "train/Image441.png"}, {"rfilename": "train/Image442.png"}, {"rfilename": "train/Image443.png"}, {"rfilename": "train/Image444.png"}, {"rfilename": "train/Image445.png"}, {"rfilename": "train/Image446.png"}, {"rfilename": "train/Image447.png"}, {"rfilename": "train/Image448.png"}, {"rfilename": "train/Image449.png"}, {"rfilename": "train/Image450.png"}, {"rfilename": "train/Image451.png"}, {"rfilename": "train/Image452.png"}, {"rfilename": "train/Image453.png"}, {"rfilename": "train/Image454.png"}, {"rfilename": "train/Image455.png"}, {"rfilename": "train/Image456.png"}, {"rfilename": "train/Image457.png"}, {"rfilename": "train/Image458.png"}, {"rfilename": "train/Image459.png"}, {"rfilename": "train/Image460.png"}, {"rfilename": "train/Image461.png"}, {"rfilename": "train/Image462.png"}, {"rfilename": "train/Image463.png"}, {"rfilename": "train/Image464.png"}, {"rfilename": "train/Image465.png"}, {"rfilename": "train/Image466.png"}, {"rfilename": "train/Image467.png"}, {"rfilename": "train/Image468.png"}, {"rfilename": "train/Image469.png"}, {"rfilename": "train/Image470.png"}, {"rfilename": "train/Image471.png"}, {"rfilename": "train/Image472.png"}, {"rfilename": "train/Image473.png"}, {"rfilename": "train/Image474.png"}, {"rfilename": "train/Image475.png"}, {"rfilename": "train/Image476.png"}, {"rfilename": "train/Image477.png"}, {"rfilename": "train/Image478.png"}, {"rfilename": "train/Image479.png"}, {"rfilename": "train/Image480.png"}, {"rfilename": "train/Image481.png"}, {"rfilename": "train/Image482.png"}, {"rfilename": "train/Image483.png"}, {"rfilename": "train/Image484.png"}, {"rfilename": "train/Image485.png"}, {"rfilename": "train/Image486.png"}, {"rfilename": "train/Image487.png"}, {"rfilename": "train/Image488.png"}, {"rfilename": "train/Image489.png"}, {"rfilename": "train/Image490.png"}, {"rfilename": "train/Image491.png"}, {"rfilename": "train/Image492.png"}, {"rfilename": "train/Image493.png"}, {"rfilename": "train/Image494.png"}, {"rfilename": "train/Image495.png"}, {"rfilename": "train/Image496.png"}, {"rfilename": "train/Image497.png"}, {"rfilename": "train/Image498.png"}, {"rfilename": "train/Image499.png"}, {"rfilename": "train/Image500.png"}, {"rfilename": "train/Image501.png"}, {"rfilename": "train/Image502.png"}, {"rfilename": "train/Image503.png"}, {"rfilename": "train/Image504.png"}, {"rfilename": "train/Image505.png"}, {"rfilename": "train/Image506.png"}, {"rfilename": "train/Image507.png"}, {"rfilename": "train/Image508.png"}, {"rfilename": "train/Image509.png"}, {"rfilename": "train/Image510.png"}, {"rfilename": "train/Image511.png"}, {"rfilename": "train/Image512.png"}, {"rfilename": "train/Image513.png"}, {"rfilename": "train/Image514.png"}, {"rfilename": "train/Image515.png"}, {"rfilename": "train/Image516.png"}, {"rfilename": "train/Image517.png"}, {"rfilename": "train/Image518.png"}, {"rfilename": "train/Image519.png"}, {"rfilename": "train/Image520.png"}, {"rfilename": "train/Image521.png"}, {"rfilename": "train/Image522.png"}, {"rfilename": "train/Image523.png"}, {"rfilename": "train/Image524.png"}, {"rfilename": "train/Image525.png"}, {"rfilename": "train/Image526.png"}, {"rfilename": "train/Image527.png"}, {"rfilename": "train/Image528.png"}, {"rfilename": "train/Image529.png"}, {"rfilename": "train/Image530.png"}, {"rfilename": "train/Image531.png"}, {"rfilename": "train/Image532.png"}, {"rfilename": "train/Image533.png"}, {"rfilename": "train/Image534.png"}, {"rfilename": "train/Image535.png"}, {"rfilename": "train/Image536.png"}, {"rfilename": "train/Image537.png"}, {"rfilename": "train/Image538.png"}, {"rfilename": "train/Image539.png"}, {"rfilename": "train/Image540.png"}, {"rfilename": "train/Image541.png"}, {"rfilename": "train/Image542.png"}, {"rfilename": "train/Image543.png"}, {"rfilename": "train/Image544.png"}, {"rfilename": "train/Image545.png"}, {"rfilename": "train/Image546.png"}, {"rfilename": "train/Image547.png"}, {"rfilename": "train/Image548.png"}, {"rfilename": "train/Image549.png"}, {"rfilename": "train/Image550.png"}, {"rfilename": "train/Image551.png"}, {"rfilename": "train/Image552.png"}, {"rfilename": "train/Image553.png"}, {"rfilename": "train/Image554.png"}, {"rfilename": "train/Image555.png"}, {"rfilename": "train/Image556.png"}, {"rfilename": "train/Image557.png"}, {"rfilename": "train/Image558.png"}, {"rfilename": "train/Image559.png"}, {"rfilename": "train/Image560.png"}, {"rfilename": "train/Image561.png"}, {"rfilename": "train/Image562.png"}, {"rfilename": "train/Image563.png"}, {"rfilename": "train/Image564.png"}, {"rfilename": "train/Image565.png"}, {"rfilename": "train/Image566.png"}, {"rfilename": "train/Image567.png"}, {"rfilename": "train/Image568.png"}, {"rfilename": "train/Image569.png"}, {"rfilename": "train/Image570.png"}, {"rfilename": "train/Image571.png"}, {"rfilename": "train/Image572.png"}, {"rfilename": "train/Image573.png"}, {"rfilename": "train/Image574.png"}, {"rfilename": "train/Image575.png"}, {"rfilename": "train/Image576.png"}, {"rfilename": "train/Image577.png"}, {"rfilename": "train/Image578.png"}, {"rfilename": "train/Image579.png"}, {"rfilename": "train/Image580.png"}, {"rfilename": "train/Image581.png"}, {"rfilename": "train/Image582.png"}, {"rfilename": "train/Image583.png"}, {"rfilename": "train/Image584.png"}, {"rfilename": "train/Image585.png"}, {"rfilename": "train/Image586.png"}, {"rfilename": "train/Image587.png"}, {"rfilename": "train/Image588.png"}, {"rfilename": "train/Image589.png"}, {"rfilename": "train/Image590.png"}, {"rfilename": "train/Image591.png"}, {"rfilename": "train/Image592.png"}, {"rfilename": "train/Image593.png"}, {"rfilename": "train/Image594.png"}, {"rfilename": "train/Image595.png"}, {"rfilename": "train/Image596.png"}, {"rfilename": "train/Image597.png"}, {"rfilename": "train/Image598.png"}, {"rfilename": "train/Image599.png"}, {"rfilename": "train/Image600.png"}, {"rfilename": "train/Image601.png"}, {"rfilename": "train/Image602.png"}, {"rfilename": "train/Image603.png"}, {"rfilename": "train/Image604.png"}, {"rfilename": "train/Image605.png"}, {"rfilename": "train/Image606.png"}, {"rfilename": "train/Image607.png"}, {"rfilename": "train/Image608.png"}, {"rfilename": "train/Image609.png"}, {"rfilename": "train/Image610.png"}, {"rfilename": "train/Image611.png"}, {"rfilename": "train/Image612.png"}, {"rfilename": "train/Image613.png"}, {"rfilename": "train/Image614.png"}, {"rfilename": "train/Image615.png"}, {"rfilename": "train/Image616.png"}, {"rfilename": "train/Image617.png"}, {"rfilename": "train/Image618.png"}, {"rfilename": "train/Image619.png"}, {"rfilename": "train/Image620.png"}, {"rfilename": "train/Image621.png"}, {"rfilename": "train/Image622.png"}, {"rfilename": "train/Image623.png"}, {"rfilename": "train/Image624.png"}, {"rfilename": "train/Image625.png"}, {"rfilename": "train/Image626.png"}, {"rfilename": "train/Image627.png"}, {"rfilename": "train/Image628.png"}, {"rfilename": "train/Image629.png"}, {"rfilename": "train/Image630.png"}, {"rfilename": "train/Image631.png"}, {"rfilename": "train/Image632.png"}, {"rfilename": "train/Image633.png"}, {"rfilename": "train/Image634.png"}, {"rfilename": "train/Image635.png"}, {"rfilename": "train/Image636.png"}, {"rfilename": "train/Image637.png"}, {"rfilename": "train/Image638.png"}, {"rfilename": "train/Image639.png"}, {"rfilename": "train/Image640.png"}, {"rfilename": "train/Image641.png"}, {"rfilename": "train/Image642.png"}, {"rfilename": "train/Image643.png"}, {"rfilename": "train/Image644.png"}, {"rfilename": "train/Image645.png"}, {"rfilename": "train/Image646.png"}, {"rfilename": "train/Image647.png"}, {"rfilename": "train/Image648.png"}, {"rfilename": "train/Image649.png"}, {"rfilename": "train/Image650.png"}, {"rfilename": "train/Image651.png"}, {"rfilename": "train/Image652.png"}, {"rfilename": "train/Image653.png"}, {"rfilename": "train/Image654.png"}, {"rfilename": "train/Image655.png"}, {"rfilename": "train/Image656.png"}, {"rfilename": "train/Image657.png"}, {"rfilename": "train/Image658.png"}, {"rfilename": "train/Image659.png"}, {"rfilename": "train/Image660.png"}, {"rfilename": "train/Image661.png"}, {"rfilename": "train/Image662.png"}, {"rfilename": "train/Image663.png"}, {"rfilename": "train/Image664.png"}, {"rfilename": "train/Image665.png"}, {"rfilename": "train/Image666.png"}, {"rfilename": "train/Image667.png"}, {"rfilename": "train/Image668.png"}, {"rfilename": "train/Image669.png"}, {"rfilename": "train/Image670.png"}, {"rfilename": "train/Image671.png"}, {"rfilename": "train/Image672.png"}, {"rfilename": "train/Image673.png"}, {"rfilename": "train/Image674.png"}, {"rfilename": "train/Image675.png"}, {"rfilename": "train/Image676.png"}, {"rfilename": "train/Image677.png"}, {"rfilename": "train/Image678.png"}, {"rfilename": "train/Image679.png"}, {"rfilename": "train/Image680.png"}, {"rfilename": "train/Image681.png"}, {"rfilename": "train/Image682.png"}, {"rfilename": "train/Image683.png"}, {"rfilename": "train/Image684.png"}, {"rfilename": "train/Image685.png"}, {"rfilename": "train/Image686.png"}, {"rfilename": "train/Image687.png"}, {"rfilename": "train/Image688.png"}, {"rfilename": "train/Image689.png"}, {"rfilename": "train/Image690.png"}, {"rfilename": "train/Image691.png"}, {"rfilename": "train/Image692.png"}, {"rfilename": "train/Image693.png"}, {"rfilename": "train/Image694.png"}, {"rfilename": "train/Image695.png"}, {"rfilename": "train/Image696.png"}, {"rfilename": "train/Image697.png"}, {"rfilename": "train/Image698.png"}, {"rfilename": "train/Image699.png"}, {"rfilename": "train/Image700.png"}, {"rfilename": "train/Image701.png"}, {"rfilename": "train/Image702.png"}, {"rfilename": "train/Image703.png"}, {"rfilename": "train/Image704.png"}, {"rfilename": "train/Image705.png"}, {"rfilename": "train/Image706.png"}, {"rfilename": "train/Image707.png"}, {"rfilename": "train/Image708.png"}, {"rfilename": "train/Image709.png"}, {"rfilename": "train/Image710.png"}, {"rfilename": "train/Image711.png"}, {"rfilename": "train/Image712.png"}, {"rfilename": "train/Image713.png"}, {"rfilename": "train/Image714.png"}, {"rfilename": "train/Image715.png"}, {"rfilename": "train/Image716.png"}, {"rfilename": "train/Image717.png"}, {"rfilename": "train/Image718.png"}, {"rfilename": "train/Image719.png"}, {"rfilename": "train/Image720.png"}, {"rfilename": "train/Image721.png"}, {"rfilename": "train/Image722.png"}, {"rfilename": "train/Image723.png"}, {"rfilename": "train/Image724.png"}, {"rfilename": "train/Image725.png"}, {"rfilename": "train/Image726.png"}, {"rfilename": "train/Image727.png"}, {"rfilename": "train/Image728.png"}, {"rfilename": "train/Image729.png"}, {"rfilename": "train/Image730.png"}, {"rfilename": "train/Image731.png"}, {"rfilename": "train/Image732.png"}, {"rfilename": "train/Image733.png"}, {"rfilename": "train/Image734.png"}, {"rfilename": "train/Image735.png"}, {"rfilename": "train/Image736.png"}, {"rfilename": "train/Image737.png"}, {"rfilename": "train/Image738.png"}, {"rfilename": "train/Image739.png"}, {"rfilename": "train/Image740.png"}, {"rfilename": "train/Image741.png"}, {"rfilename": "train/Image742.png"}, {"rfilename": "train/Image743.png"}, {"rfilename": "train/Image744.png"}, {"rfilename": "train/Image745.png"}, {"rfilename": "train/Image746.png"}, {"rfilename": "train/Image747.png"}, {"rfilename": "train/Image748.png"}, {"rfilename": "train/Image749.png"}, {"rfilename": "train/Image750.png"}, {"rfilename": "train/Image751.png"}, {"rfilename": "train/Image752.png"}, {"rfilename": "train/Image753.png"}, {"rfilename": "train/Image754.png"}, {"rfilename": "train/Image755.png"}, {"rfilename": "train/Image756.png"}, {"rfilename": "train/Image757.png"}, {"rfilename": "train/Image758.png"}, {"rfilename": "train/Image759.png"}, {"rfilename": "train/Image760.png"}, {"rfilename": "train/Image761.png"}, {"rfilename": "train/Image762.png"}, {"rfilename": "train/Image763.png"}, {"rfilename": "train/Image764.png"}, {"rfilename": "train/Image765.png"}, {"rfilename": "train/Image766.png"}, {"rfilename": "train/Image767.png"}, {"rfilename": "train/Image768.png"}, {"rfilename": "train/Image769.png"}, {"rfilename": "train/Image770.png"}, {"rfilename": "train/Image771.png"}, {"rfilename": "train/Image772.png"}, {"rfilename": "train/Image773.png"}, {"rfilename": "train/Image774.png"}, {"rfilename": "train/Image775.png"}, {"rfilename": "train/Image776.png"}, {"rfilename": "train/Image777.png"}, {"rfilename": "train/Image778.png"}, {"rfilename": "train/Image779.png"}, {"rfilename": "train/Image780.png"}, {"rfilename": "train/Image781.png"}, {"rfilename": "train/Image782.png"}, {"rfilename": "train/Image783.png"}, {"rfilename": "train/Image784.png"}, {"rfilename": "train/Image785.png"}, {"rfilename": "train/Image786.png"}, {"rfilename": "train/Image787.png"}, {"rfilename": "train/Image788.png"}, {"rfilename": "train/Image789.png"}, {"rfilename": "train/Image790.png"}, {"rfilename": "train/Image791.png"}, {"rfilename": "train/Image792.png"}, {"rfilename": "train/Image793.png"}, {"rfilename": "train/Image794.png"}, {"rfilename": "train/Image795.png"}, {"rfilename": "train/Image796.png"}, {"rfilename": "train/Image797.png"}, {"rfilename": "train/Image798.png"}, {"rfilename": "train/Image799.png"}, {"rfilename": "train/Image800.png"}, {"rfilename": "train/Image801.png"}, {"rfilename": "train/Image802.png"}, {"rfilename": "train/Image803.png"}, {"rfilename": "train/Image804.png"}, {"rfilename": "train/Image805.png"}, {"rfilename": "train/Image806.png"}, {"rfilename": "train/Image807.png"}, {"rfilename": "train/Image808.png"}, {"rfilename": "train/Image809.png"}, {"rfilename": "train/Image810.png"}, {"rfilename": "train/Image811.png"}, {"rfilename": "train/Image812.png"}, {"rfilename": "train/Image813.png"}, {"rfilename": "train/Image814.png"}, {"rfilename": "train/Image815.png"}, {"rfilename": "train/Image816.png"}, {"rfilename": "train/Image817.png"}, {"rfilename": "train/Image818.png"}, {"rfilename": "train/Image819.png"}, {"rfilename": "train/Image820.png"}, {"rfilename": "train/Image821.png"}, {"rfilename": "train/Image822.png"}, {"rfilename": "train/Image823.png"}, {"rfilename": "train/Image824.png"}, {"rfilename": "train/Image825.png"}, {"rfilename": "train/Image826.png"}, {"rfilename": "train/Image827.png"}, {"rfilename": "train/Image828.png"}, {"rfilename": "train/Image829.png"}, {"rfilename": "train/Image830.png"}, {"rfilename": "train/Image831.png"}, {"rfilename": "train/Image832.png"}, {"rfilename": "train/Image833.png"}, {"rfilename": "train/Image834.png"}, {"rfilename": "train/Image835.png"}, {"rfilename": "train/Image836.png"}, {"rfilename": "train/Image837.png"}, {"rfilename": "train/Image838.png"}, {"rfilename": "train/Image839.png"}, {"rfilename": "train/Image840.png"}, {"rfilename": "train/Image841.png"}, {"rfilename": "train/Image842.png"}, {"rfilename": "train/Image843.png"}, {"rfilename": "train/Image844.png"}, {"rfilename": "train/Image845.png"}, {"rfilename": "train/Image846.png"}, {"rfilename": "train/Image847.png"}, {"rfilename": "train/Image848.png"}, {"rfilename": "train/Image849.png"}, {"rfilename": "train/Image850.png"}, {"rfilename": "train/Image851.png"}, {"rfilename": "train/Image852.png"}, {"rfilename": "train/Image853.png"}, {"rfilename": "train/Image854.png"}, {"rfilename": "train/Image855.png"}, {"rfilename": "train/Image856.png"}, {"rfilename": "train/Image857.png"}, {"rfilename": "train/Image858.png"}, {"rfilename": "train/Image859.png"}, {"rfilename": "train/Image860.png"}, {"rfilename": "train/Image861.png"}, {"rfilename": "train/Image862.png"}, {"rfilename": "train/Image863.png"}, {"rfilename": "train/Image864.png"}, {"rfilename": "train/Image865.png"}, {"rfilename": "train/Image866.png"}, {"rfilename": "train/Image867.png"}, {"rfilename": "train/Image868.png"}, {"rfilename": "train/Image869.png"}, {"rfilename": "train/Image870.png"}, {"rfilename": "train/Image871.png"}, {"rfilename": "train/Image872.png"}, {"rfilename": "train/Image873.png"}, {"rfilename": "train/Image874.png"}, {"rfilename": "train/Image875.png"}, {"rfilename": "train/Image876.png"}, {"rfilename": "train/Image877.png"}, {"rfilename": "train/Image878.png"}, {"rfilename": "train/Image879.png"}, {"rfilename": "train/Image880.png"}, {"rfilename": "train/Image881.png"}, {"rfilename": "train/Image882.png"}, {"rfilename": "train/Image883.png"}, {"rfilename": "train/Image884.png"}, {"rfilename": "train/Image885.png"}, {"rfilename": "train/Image886.png"}, {"rfilename": "train/Image887.png"}, {"rfilename": "train/Image888.png"}, {"rfilename": "train/Image889.png"}, {"rfilename": "train/Image890.png"}, {"rfilename": "train/Image891.png"}, {"rfilename": "train/Image892.png"}, {"rfilename": "train/Image893.png"}, {"rfilename": "train/Image894.png"}, {"rfilename": "train/Image895.png"}, {"rfilename": "train/Image896.png"}, {"rfilename": "train/Image897.png"}, {"rfilename": "train/Image898.png"}, {"rfilename": "train/Image899.png"}, {"rfilename": "train/Image900.png"}, {"rfilename": "train/Image901.png"}, {"rfilename": "train/Image902.png"}, {"rfilename": "train/Image903.png"}, {"rfilename": "train/Image904.png"}, {"rfilename": "train/Image905.png"}, {"rfilename": "train/Image906.png"}, {"rfilename": "train/Image907.png"}, {"rfilename": "train/Image908.png"}, {"rfilename": "train/Image909.png"}, {"rfilename": "train/Image910.png"}, {"rfilename": "train/Image911.png"}, {"rfilename": "train/Image912.png"}, {"rfilename": "train/Image913.png"}, {"rfilename": "train/Image914.png"}, {"rfilename": "train/Image915.png"}, {"rfilename": "train/Image916.png"}, {"rfilename": "train/Image917.png"}, {"rfilename": "train/Image918.png"}, {"rfilename": "train/Image919.png"}, {"rfilename": "train/Image920.png"}, {"rfilename": "train/Image921.png"}, {"rfilename": "train/Image922.png"}, {"rfilename": "train/Image923.png"}, {"rfilename": "train/Image924.png"}, {"rfilename": "train/Image925.png"}, {"rfilename": "train/Image926.png"}, {"rfilename": "train/Image927.png"}, {"rfilename": "train/Image928.png"}, {"rfilename": "train/Image929.png"}, {"rfilename": "train/Image930.png"}, {"rfilename": "train/Image931.png"}, {"rfilename": "train/Image932.png"}, {"rfilename": "train/Image933.png"}, {"rfilename": "train/Image934.png"}, {"rfilename": "train/Image935.png"}, {"rfilename": "train/Image936.png"}, {"rfilename": "train/Image937.png"}, {"rfilename": "train/Image938.png"}, {"rfilename": "train/Image939.png"}, {"rfilename": "train/Image940.png"}, {"rfilename": "train/Image941.png"}, {"rfilename": "train/Image942.png"}, {"rfilename": "train/Image943.png"}, {"rfilename": "train/Image944.png"}, {"rfilename": "train/Image945.png"}, {"rfilename": "train/Image946.png"}, {"rfilename": "train/Image947.png"}, {"rfilename": "train/Image948.png"}, {"rfilename": "train/Image949.png"}, {"rfilename": "train/Image950.png"}, {"rfilename": "train/Image951.png"}, {"rfilename": "train/Image952.png"}, {"rfilename": "train/Image953.png"}, {"rfilename": "train/Image954.png"}, {"rfilename": "train/Image955.png"}, {"rfilename": "train/Image956.png"}, {"rfilename": "train/Image957.png"}, {"rfilename": "train/Image958.png"}, {"rfilename": "train/Image959.png"}, {"rfilename": "train/Image960.png"}, {"rfilename": "train/Image961.png"}, {"rfilename": "train/Image962.png"}, {"rfilename": "train/Image963.png"}, {"rfilename": "train/Image964.png"}, {"rfilename": "train/Image965.png"}, {"rfilename": "train/Image966.png"}, {"rfilename": "train/Image967.png"}, {"rfilename": "train/Image968.png"}, {"rfilename": "train/Image969.png"}, {"rfilename": "train/Image970.png"}, {"rfilename": "train/Image971.png"}, {"rfilename": "train/Image972.png"}, {"rfilename": "train/Image973.png"}, {"rfilename": "train/Image974.png"}, {"rfilename": "train/Image975.png"}, {"rfilename": "train/Image976.png"}, {"rfilename": "train/Image977.png"}, {"rfilename": "train/Image978.png"}, {"rfilename": "train/Image979.png"}, {"rfilename": "train/Image980.png"}, {"rfilename": "train/Image981.png"}, {"rfilename": "train/Image982.png"}, {"rfilename": "train/Image983.png"}, {"rfilename": "train/Image984.png"}, {"rfilename": "train/Image985.png"}, {"rfilename": "train/Image986.png"}, {"rfilename": "train/Image987.png"}, {"rfilename": "train/Image988.png"}, {"rfilename": "train/Image989.png"}, {"rfilename": "train/Image990.png"}, {"rfilename": "train/Image991.png"}, {"rfilename": "train/Image992.png"}, {"rfilename": "train/Image993.png"}, {"rfilename": "train/Image994.png"}, {"rfilename": "train/Image995.png"}, {"rfilename": "train/Image996.png"}, {"rfilename": "train/Image997.png"}, {"rfilename": "train/Image998.png"}, {"rfilename": "train/Image999.png"}, {"rfilename": "train/Interkulturelle-MediationDi-150x150.jpg"}, {"rfilename": "train/K0A9469-e1606168543583.jpg"}, {"rfilename": "train/Katsuyo skull15.jpg"}, {"rfilename": "train/Layer+0-1.jpg"}, {"rfilename": "train/OIP.lnwWtD-O-wqbrSVD1-azPQHaN9.jpeg"}, {"rfilename": "train/PC221469-Edit-L.jpg"}, {"rfilename": "train/RS-ART-PIC-2003-07-104-003_BINARY_156124.jpg"}, {"rfilename": "train/Redshift-Iridescent-Shaders.jpg"}, {"rfilename": "train/RogelioMaxwell-Terrain+3s1-2014-ArchivalPigmentPrint-24x30-$1100.jpg"}, {"rfilename": "train/SNsCPv0jQLuwjQEdvt2N_Houdini2_Square_03.jpg"}, {"rfilename": "train/Voronoi 1.jpg"}, {"rfilename": "train/WaivOps RTRO-DRM- Open Audio Resources for Machine Learning in Music.webloc"}, {"rfilename": "train/Wantuch_pq2.jpg"}, {"rfilename": "train/YM2413-MDB- A Multi-Instrumental FM Video Game Music Dataset with Emotion Annotations.webloc"}, {"rfilename": "train/_23-2148235268.jpg.webp"}, {"rfilename": "train/a009602.jpg"}, {"rfilename": "train/a2098c16c7de2fd126f1fb9524a5d44c.jpg"}, {"rfilename": "train/a4ceb5d2a182ab3799b1cef48ae21f67.jpg"}, {"rfilename": "train/a590f7f4de1ba0d3545d664e8548f9e6.jpg"}, {"rfilename": "train/a8d4268ca204ad2de8cdebb2adb1fbd1.jpg"}, {"rfilename": "train/a9065f77b81046c7b3fd0c66cce17e4f.jpg"}, {"rfilename": "train/aa927f0ddc47a1dd00822073e3316370.jpg"}, {"rfilename": "train/abstract-form-on-a-black_158469-8154.jpg.webp"}, {"rfilename": "train/abstracte-achtergrond-met-elementen-3d-illustratie-3d-rendering_158469-8721.jpg"}, {"rfilename": "train/abstraktes-fluessiges-form-fluid-iiustration-set_5883-1104.jpg.webp"}, {"rfilename": "train/ac77d02f90d38213dc2a00d722ced4d2.jpg"}, {"rfilename": "train/ae3cd6f4c04a962bc7ee73912d2d64fe.jpg"}, {"rfilename": "train/af268eb2ed870a6fe710e785ac642a26.jpg"}, {"rfilename": "train/aff986d0c9d4317e577ae3738e247f43.jpg"}, {"rfilename": "train/airborne-snotty-vases-mwanders.jpg.webp"}, {"rfilename": "train/b1777bddb09f07f6f1fdb6a3ae6b31f8.jpg"}, {"rfilename": "train/b33833cf8ea63be2c05d9991003086e8.jpg"}, {"rfilename": "train/b4f99767925739.Y3JvcCw4NzksNjg3LDI2MSwzNTc.png"}, {"rfilename": "train/b78ca1968ced0efe61b72f15cfdab49b.jpg"}, {"rfilename": "train/bcb7db_96e0f12c681b43399975539e24072f5a~mv2.png"}, {"rfilename": "train/beautiful_glass_by_tomexx_d29xc9c-250t.jpg"}, {"rfilename": "train/beweging.jpg"}, {"rfilename": "train/bfc3e1_47bad7c4d2244817a047aca7bfcd1fa0~mv2.jpg"}, {"rfilename": "train/blender_abstract_by_allexbiggb-dc34sc6.png"}, {"rfilename": "train/blob-efikabak-1.png"}, {"rfilename": "train/bowl-two-layered-flower-squeezed-3d-model-max.png"}, {"rfilename": "train/c255f13086d73530c39324c066553379.jpg"}, {"rfilename": "train/c64f981797a982a2c5e0034687ff02ef.jpg"}, {"rfilename": "train/c6a40246e181bce9681817ed2ca84d64.jpg"}, {"rfilename": "train/c946ce93a1e3771f8f373d8966fe56a6.jpg"}, {"rfilename": "train/ca7113102919235.5f417f6072b8c.jpg"}, {"rfilename": "train/cb5cb4e6b1c5755ef63f7ae14d82f650.jpg"}, {"rfilename": "train/cd614f3acad006fb89b938ffa0d08b7d.jpg"}, {"rfilename": "train/ceramic animal sculptures beth cavener stichter.jpg"}, {"rfilename": "train/color-friends-omaste-witkowski.jpg"}, {"rfilename": "train/colorful-abstract-texture-with-acrylic-paint-in-motion_2101-742.jpg.webp"}, {"rfilename": "train/conjunto-de-fluidos-liquido-abstrato-forma-iilustration_5883-1117.jpg.webp"}, {"rfilename": "train/d3e96c6a47601141b8f05488e9a3a9c9.jpg"}, {"rfilename": "train/d58854-204-0ea3ca6aa74859b2d3f2-1.jpg"}, {"rfilename": "train/d65279c9dd262a93d41ef430a343454f.jpg"}, {"rfilename": "train/d77e41ca459f27133f96036b76905b95.jpg"}, {"rfilename": "train/d7dbd98184ce90503d9fd35b55e2aa68.png"}, {"rfilename": "train/d9b445129065927.Y3JvcCwxMTY5LDkxNSwxNDEsMjIw.jpg"}, {"rfilename": "train/dam-images-daily-2014-06-art-basel-art-basel-2014-06-mariko-mori-h545.jpg.webp"}, {"rfilename": "train/dance-2008-2009-vetrof-alik.jpg"}, {"rfilename": "train/dbae0b94979401.Y3JvcCwxNjAwLDEyNTEsMCwzOQ.jpg"}, {"rfilename": "train/dd1a57480935e25b3c5da6091d4f18d1.jpg"}, {"rfilename": "train/demoscene_stone-003-o9n2gnphnvdf49590jahox8rr0igki63o3xeuytpok.jpg"}, {"rfilename": "train/depositphotos_200128400-stock-photo-color-motion-series-abstract-design.jpg"}, {"rfilename": "train/dezeen_The-Wool-Parade-by-Doshi-Levien_6.jpg"}, {"rfilename": "train/dfc81885ee90692be26e1a26ab897924.jpg"}, {"rfilename": "train/diatoms-exhibition-1.jpg.webp"}, {"rfilename": "train/discs.jpg"}, {"rfilename": "train/dribble_3d4.jpg"}, {"rfilename": "train/dubai-by-night-cletis-stump.jpg"}, {"rfilename": "train/e0f6f83cfc8d8ba2daab14cda6139b6f.jpg"}, {"rfilename": "train/e2a93ca0d232a010208f83d001145984.jpg"}, {"rfilename": "train/e37d1a3b53f252440af8445bd061ced7.jpg"}, {"rfilename": "train/e484a65c8d58cb226342ac79c0b29ab3.jpg"}, {"rfilename": "train/e86595_0e8782669bc6493c85ea85d66d1afc1d~mv2.png"}, {"rfilename": "train/e9573bdd59eb3989c9b974238efa2cfa.jpg"}, {"rfilename": "train/ea00403e2519b1cc27c519847f817a7a.jpg"}, {"rfilename": "train/ee283811199c4758e71bec41082809c7.jpg"}, {"rfilename": "train/eebca871099eaafd602bcf68b2c65f08.jpg"}, {"rfilename": "train/ef78334b70d0b5d62732e8099041f565.jpg"}, {"rfilename": "train/essence-of-inspiration-abstract-alexander-butler.jpg"}, {"rfilename": "train/extruded blob #1.png"}, {"rfilename": "train/f1f616b639677d6372c38b2ae0c71bdf.jpg"}, {"rfilename": "train/f49995751e7817f3de9c8c8fde54f3da.jpg"}, {"rfilename": "train/f4cd5614080be695d86a4114e3c060b9_small.jpg"}, {"rfilename": "train/f83313b4de0e2ca36915def01f1de009.jpg"}, {"rfilename": "train/f8cfc81b892362655278828c4b6c151c--ceramic-sculptures-art-sculptures.jpg"}, {"rfilename": "train/f8dbc6_fcd456b54f184fc983d29426453d8ee7.jpg"}, {"rfilename": "train/fa59571679276525086c3868c60cd873.jpg"}, {"rfilename": "train/ff97bca3d35a9b9998e0681c90be87b1.jpg"}, {"rfilename": "train/fingerspiel-b41d0fcb-1c0f-4ce4-9e68-8d34144fa196.jpg"}, {"rfilename": "train/fluctuations-quantiques-vide.jpeg"}, {"rfilename": "train/fluessige-abstrakte-formen-3d-rendering-illustration-fettgelbe-und-erdiggruene-materialien-kreative-trendige-tapete_79202-389.jpg"}, {"rfilename": "train/for_me0000.png"}, {"rfilename": "train/forma-abstracta-sobre-fondo-negro-ilustracion-3d-renderizado-3d_158469-7633.jpg.webp"}, {"rfilename": "train/glass-macro-abstract-ego1ce-david-patterson.jpg"}, {"rfilename": "train/gradient-vivid-shapes-modern-abstract-colorful-vector-fluid-collection.jpg"}, {"rfilename": "train/green-butterfly-omaste-witkowski.jpg"}, {"rfilename": "train/green-evolution-750x750.jpg"}, {"rfilename": "train/hands.jpg.webp"}, {"rfilename": "train/hands_by_coiplet_d9zbwod-300w.jpg"}, {"rfilename": "train/high-speed-photos-of-paint-splashing-into-water-alberto-seveso-2_580-0.jpg"}, {"rfilename": "train/i-gx3SSZR-S.jpg"}, {"rfilename": "train/insp20-dribbble.jpg"}, {"rfilename": "train/istockphoto-857313448-612x612.jpg"}, {"rfilename": "train/istockphoto-901886202-612x612.jpg"}, {"rfilename": "train/m-t-elgassier-cugryvziO-M-unsplash-5e7e009536f76-280x187.jpg"}, {"rfilename": "train/manos-rreev-germaine-krull-mil-novecientos-veintinueve.jpg.webp"}, {"rfilename": "train/math_object0010signature.jpgB2359150-08D3-4746-86D2-BA44439F14B6Default.jpg"}, {"rfilename": "train/meeting hands blackbg crop s.jpg"}, {"rfilename": "train/metadata.jsonl"}, {"rfilename": "train/mixing-high-and-low-viscosity-liquids-936x527.jpg"}, {"rfilename": "train/monster-in-a-bottle-1024x1024.jpg"}, {"rfilename": "train/ob_300748_p1740341.JPG"}, {"rfilename": "train/ob_d1aea6_p1740342.JPG"}, {"rfilename": "train/p791mC1pQ_nv1x9vUEMk6w.jpg"}, {"rfilename": "train/para_water_isomer_1024.jpg"}, {"rfilename": "train/pexels-photo-9841281.webp"}, {"rfilename": "train/pintura (1).png"}, {"rfilename": "train/pngtree-yellow-green-3d-stereo-ball-background-image_565251.jpg"}, {"rfilename": "train/post_2014_05_Mugi_01-300x200.jpg"}, {"rfilename": "train/pre_1x.jpg"}, {"rfilename": "train/productActive_1164018_400x300.jpg"}, {"rfilename": "train/red-and-blue-thorns-52080-200x125.jpg"}, {"rfilename": "train/representacion-3d-composicion-realista-esferas-voladoras-toros-tubos-conos-cristales-movimiento-minimalismo-fondo-abstraccion-hermosa-ilustracion-3d-renderizado-3d_158469-6472.jpg.webp"}, {"rfilename": "train/rtro_drm_id_001.tar"}, {"rfilename": "train/s1849_thm.jpg"}, {"rfilename": "train/silver-sphere.jpg.webp"}, {"rfilename": "train/sleeping-under-water-creature-1-andee-design.jpg"}, {"rfilename": "train/stock-photo-a-photo-taken-by-the-camera-in-free-flight-bright-colored-lines-and-figures-on-black-flyfly-250nw-784238638.jpg.webp"}, {"rfilename": "train/superthumb-1.jpg"}, {"rfilename": "train/superthumb-2.jpg"}, {"rfilename": "train/superthumb.jpg"}, {"rfilename": "train/t-purple-3d-ZOIXGggCIZ-1.jpg"}, {"rfilename": "train/th.jpeg"}, {"rfilename": "train/thc-scott-piers.jpg"}, {"rfilename": "train/thumb-1920-218493.jpg"}, {"rfilename": "train/thumb-350-121991.jpg"}, {"rfilename": "train/touchyrocks_1.png"}, {"rfilename": "train/tumblr_p67a1pNooO1w62971o1_500.jpg"}, {"rfilename": "train/twisted__twisted_torus_by_vickym72-d6ntmqt.png"}, {"rfilename": "train/vase-double-twisted-with-wide-collapsed-top-wavy-top-3d-model-max.png"}, {"rfilename": "train/wangsoderstrom2.jpg"}, {"rfilename": "train/xc4d_BlackSpheresTexture.jpg.pagespeed.ic.DltONqZWEt.jpg"}, {"rfilename": "unet/config.json"}, {"rfilename": "unet/diffusion_pytorch_model.safetensors"}, {"rfilename": "vae/config.json"}, {"rfilename": "vae/diffusion_pytorch_model.safetensors"}, {"rfilename": "~$Random_strings.xlsx"}], "spaces": [], "createdAt": "2023-11-22T08:26:51.000Z", "inferenceStatus": "not-loaded"}