{"_id": "643931d20cb95b3dbc8d6f92", "id": "ucillecarry/IreneV7", "modelId": "ucillecarry/IreneV7", "author": "ucillecarry", "sha": "a57f9f1fb48fb4c6b3b4a3a7086dc63d891a763d", "lastModified": "2023-04-14T16:04:32.000Z", "private": false, "disabled": false, "gated": false, "tags": ["license:openrail", "region:us"], "downloads": 0, "likes": 0, "model-index": null, "cardData": {"license": "openrail"}, "siblings": [{"rfilename": ".gitattributes"}, {"rfilename": "README.md"}, {"rfilename": "irene_V70.safetensors"}, {"rfilename": "mdjrny-v4.ckpt"}, {"rfilename": "meinamix_meinaV8.safetensors"}, {"rfilename": "meinaunreal_v1Beta.safetensors"}, {"rfilename": "samdoesartsSamYang_offset.safetensors"}], "spaces": [], "createdAt": "2023-04-14T10:58:26.000Z", "inferenceStatus": "not-loaded"}