{"_id": "6308173bf0dc38fb47c14465", "id": "ucinlp/diabetes-t5-small", "modelId": "ucinlp/diabetes-t5-small", "author": "ucinlp", "sha": "ecddbd2675d58ebbaab9826b1141a80c60505822", "lastModified": "2022-11-14T03:53:50.000Z", "private": false, "disabled": false, "gated": false, "pipeline_tag": "text2text-generation", "tags": ["transformers", "pytorch", "t5", "text2text-generation", "arxiv:1910.09700", "autotrain_compatible", "text-generation-inference", "endpoints_compatible", "region:us"], "downloads": 137, "library_name": "transformers", "likes": 1, "model-index": null, "config": {"architectures": ["T5ForConditionalGeneration"], "model_type": "t5", "tokenizer_config": {"eos_token": "</s>", "unk_token": "<unk>", "pad_token": "<pad>"}}, "cardData": {"tags": ["t5"]}, "transformersInfo": {"auto_model": "AutoModelForSeq2SeqLM", "pipeline_tag": "text2text-generation", "processor": "AutoTokenizer"}, "siblings": [{"rfilename": ".gitattributes"}, {"rfilename": "README.md"}, {"rfilename": "config.json"}, {"rfilename": "pytorch_model.bin"}, {"rfilename": "special_tokens_map.json"}, {"rfilename": "spiece.model"}, {"rfilename": "tokenizer_config.json"}], "spaces": [], "createdAt": "2022-08-26T00:43:39.000Z", "inferenceStatus": "not-loaded"}