{"_id": "64f2a6ac4353482e25f238ba", "id": "2004NELSON/Nelson", "modelId": "2004NELSON/Nelson", "author": "2004NELSON", "sha": "15c6948a03924b3b66585cc5d40edd5be337a9e8", "lastModified": "2023-09-02T03:06:20.000Z", "private": false, "disabled": false, "gated": false, "tags": ["license:openrail", "region:us"], "downloads": 0, "likes": 0, "model-index": null, "cardData": {"license": "openrail"}, "siblings": [{"rfilename": ".gitattributes"}, {"rfilename": "README.md"}], "spaces": [], "createdAt": "2023-09-02T03:06:20.000Z", "inferenceStatus": "not-loaded"}