{"_id": "63e09dd465a66d9a45a2ee1c", "id": "2005nk/stable", "modelId": "2005nk/stable", "author": "2005nk", "sha": "cd748b55383e75c76fb65ebe45c30530d8c800ff", "lastModified": "2023-02-06T06:27:33.000Z", "private": false, "disabled": false, "gated": false, "tags": ["license:openrail", "region:us"], "downloads": 0, "likes": 0, "model-index": null, "cardData": {"license": "openrail"}, "siblings": [{"rfilename": ".gitattributes"}, {"rfilename": "README.md"}], "spaces": [], "createdAt": "2023-02-06T06:27:32.000Z", "inferenceStatus": "not-loaded"}