{"_id": "659bd4496da3461e286f3423", "id": "2010b9/wav2vec2-base-finetuned-gtzan", "modelId": "2010b9/wav2vec2-base-finetuned-gtzan", "author": "2010b9", "sha": "94863d2007e4c33c77bb600aae27044a99005168", "lastModified": "2024-01-08T13:53:11.000Z", "private": false, "disabled": false, "gated": false, "pipeline_tag": "audio-classification", "tags": ["transformers", "tensorboard", "safetensors", "wav2vec2", "audio-classification", "generated_from_trainer", "dataset:marsyas/gtzan", "base_model:facebook/wav2vec2-base", "license:apache-2.0", "model-index", "endpoints_compatible", "region:us"], "downloads": 0, "library_name": "transformers", "likes": 0, "model-index": [{"name": "wav2vec2-base-finetuned-gtzan", "results": [{"task": {"name": "Audio Classification", "type": "audio-classification"}, "dataset": {"name": "GTZAN", "type": "marsyas/gtzan", "config": "all", "split": "train", "args": "all"}, "metrics": [{"name": "Accuracy", "type": "accuracy", "value": 0.84, "verified": false}]}]}], "config": {"architectures": ["Wav2Vec2ForSequenceClassification"], "model_type": "wav2vec2"}, "cardData": {"license": "apache-2.0", "base_model": "facebook/wav2vec2-base", "tags": ["generated_from_trainer"], "datasets": ["marsyas/gtzan"], "metrics": ["accuracy"], "model-index": [{"name": "wav2vec2-base-finetuned-gtzan", "results": [{"task": {"name": "Audio Classification", "type": "audio-classification"}, "dataset": {"name": "GTZAN", "type": "marsyas/gtzan", "config": "all", "split": "train", "args": "all"}, "metrics": [{"name": "Accuracy", "type": "accuracy", "value": 0.84, "verified": false}]}]}]}, "transformersInfo": {"auto_model": "AutoModelForAudioClassification", "pipeline_tag": "audio-classification", "processor": "AutoProcessor"}, "siblings": [{"rfilename": ".gitattributes"}, {"rfilename": "README.md"}, {"rfilename": "config.json"}, {"rfilename": "model.safetensors"}, {"rfilename": "preprocessor_config.json"}, {"rfilename": "runs/Jan08_10-53-54_ce378412fe93/events.out.tfevents.1704711241.ce378412fe93.328.0"}, {"rfilename": "training_args.bin"}], "spaces": [], "createdAt": "2024-01-08T10:54:01.000Z", "safetensors": {"parameters": {"F32": 94571146}, "total": 94571146}, "inferenceStatus": "not-loaded"}