{"_id": "632d80bb010de78ea11036d3", "id": "20100oc/first_model", "modelId": "20100oc/first_model", "author": "20100oc", "sha": "3839579cd9c75e45090f34a78d1aba11d476a594", "lastModified": "2022-09-23T09:55:00.000Z", "private": false, "disabled": false, "gated": false, "tags": ["region:us"], "downloads": 0, "likes": 0, "siblings": [{"rfilename": ".gitattributes"}, {"rfilename": "distilbert-base-uncased_weights_1.pt"}], "spaces": [], "createdAt": "2022-09-23T09:47:39.000Z", "inferenceStatus": "not-loaded"}