{"_id": "658c2c4fd27a149dc5d84402", "id": "2010b9/distilhubert-finetuned-gtzan", "modelId": "2010b9/distilhubert-finetuned-gtzan", "author": "2010b9", "sha": "0dba884982e1d1d8478c4468718c9a6eeb134c31", "lastModified": "2023-12-27T16:19:59.000Z", "private": false, "disabled": false, "gated": false, "pipeline_tag": "audio-classification", "tags": ["transformers", "tensorboard", "safetensors", "hubert", "audio-classification", "generated_from_trainer", "dataset:marsyas/gtzan", "base_model:ntu-spml/distilhubert", "license:apache-2.0", "model-index", "endpoints_compatible", "region:us"], "downloads": 0, "library_name": "transformers", "likes": 0, "model-index": [{"name": "distilhubert-finetuned-gtzan", "results": [{"task": {"name": "Audio Classification", "type": "audio-classification"}, "dataset": {"name": "GTZAN", "type": "marsyas/gtzan", "config": "all", "split": "train", "args": "all"}, "metrics": [{"name": "Accuracy", "type": "accuracy", "value": 0.82, "verified": false}]}]}], "config": {"architectures": ["HubertForSequenceClassification"], "model_type": "hubert"}, "cardData": {"license": "apache-2.0", "base_model": "ntu-spml/distilhubert", "tags": ["generated_from_trainer"], "datasets": ["marsyas/gtzan"], "metrics": ["accuracy"], "model-index": [{"name": "distilhubert-finetuned-gtzan", "results": [{"task": {"name": "Audio Classification", "type": "audio-classification"}, "dataset": {"name": "GTZAN", "type": "marsyas/gtzan", "config": "all", "split": "train", "args": "all"}, "metrics": [{"name": "Accuracy", "type": "accuracy", "value": 0.82, "verified": false}]}]}]}, "transformersInfo": {"auto_model": "AutoModelForAudioClassification", "pipeline_tag": "audio-classification", "processor": "AutoProcessor"}, "siblings": [{"rfilename": ".gitattributes"}, {"rfilename": "README.md"}, {"rfilename": "config.json"}, {"rfilename": "model.safetensors"}, {"rfilename": "preprocessor_config.json"}, {"rfilename": "runs/Dec27_14-38-19_538bf732488b/events.out.tfevents.1703687907.538bf732488b.2231.0"}, {"rfilename": "training_args.bin"}], "spaces": [], "createdAt": "2023-12-27T13:53:19.000Z", "safetensors": {"parameters": {"F32": 23691402}, "total": 23691402}, "inferenceStatus": "not-loaded"}