{"_id": "6296cfb320dc748386132753", "id": "2019/distilbert-base-uncased-finetuned-squad", "modelId": "2019/distilbert-base-uncased-finetuned-squad", "author": "2019", "sha": "69d2b0ef5e011691d34b0d274014c2746d38de2a", "lastModified": "2022-06-01T02:32:19.000Z", "private": false, "disabled": false, "gated": false, "tags": ["region:us"], "downloads": 0, "likes": 0, "siblings": [{"rfilename": ".gitattributes"}], "spaces": [], "createdAt": "2022-06-01T02:32:19.000Z", "inferenceStatus": "not-loaded"}