{"_id": "62ece3b4b8764c7738efa185", "id": "202015004/Spoof_detection", "modelId": "202015004/Spoof_detection", "author": "202015004", "sha": "f78b689e9467f3d7b4e17ae8224c870c69aeb98a", "lastModified": "2022-08-08T07:48:41.000Z", "private": false, "disabled": false, "gated": false, "pipeline_tag": "automatic-speech-recognition", "tags": ["transformers", "pytorch", "tensorboard", "wav2vec2", "automatic-speech-recognition", "generated_from_trainer", "license:apache-2.0", "endpoints_compatible", "region:us"], "downloads": 3, "library_name": "transformers", "likes": 0, "model-index": [{"name": "Spoof_detection", "results": []}], "config": {"architectures": ["Wav2Vec2ForCTC"], "model_type": "wav2vec2", "tokenizer_config": {"unk_token": "[UNK]", "bos_token": "<s>", "eos_token": "</s>", "pad_token": "[PAD]"}}, "cardData": {"license": "apache-2.0", "tags": ["generated_from_trainer"], "model-index": [{"name": "Spoof_detection", "results": []}]}, "transformersInfo": {"auto_model": "AutoModelForCTC", "pipeline_tag": "automatic-speech-recognition", "processor": "AutoProcessor"}, "siblings": [{"rfilename": ".gitattributes"}, {"rfilename": ".gitignore"}, {"rfilename": "README.md"}, {"rfilename": "config.json"}, {"rfilename": "preprocessor_config.json"}, {"rfilename": "pytorch_model.bin"}, {"rfilename": "runs/Aug05_11-53-25_asr-dev-server/1659700432.870307/events.out.tfevents.1659700432.asr-dev-server.2707671.1"}, {"rfilename": "runs/Aug05_11-53-25_asr-dev-server/events.out.tfevents.1659700432.asr-dev-server.2707671.0"}, {"rfilename": "runs/Aug05_12-02-23_asr-dev-server/1659700959.326109/events.out.tfevents.1659700959.asr-dev-server.2707926.1"}, {"rfilename": "runs/Aug05_12-02-23_asr-dev-server/events.out.tfevents.1659700959.asr-dev-server.2707926.0"}, {"rfilename": "runs/Aug05_12-06-25_asr-dev-server/1659701200.8088374/events.out.tfevents.1659701200.asr-dev-server.2708269.1"}, {"rfilename": "runs/Aug05_12-06-25_asr-dev-server/events.out.tfevents.1659701200.asr-dev-server.2708269.0"}, {"rfilename": "runs/Aug05_12-07-52_asr-dev-server/1659701287.4305673/events.out.tfevents.1659701287.asr-dev-server.2708607.1"}, {"rfilename": "runs/Aug05_12-07-52_asr-dev-server/events.out.tfevents.1659701287.asr-dev-server.2708607.0"}, {"rfilename": "runs/Aug05_12-22-10_asr-dev-server/1659702146.3873787/events.out.tfevents.1659702146.asr-dev-server.2709009.1"}, {"rfilename": "runs/Aug05_12-22-10_asr-dev-server/events.out.tfevents.1659702146.asr-dev-server.2709009.0"}, {"rfilename": "runs/Aug08_05-44-34_asr-dev-server/1659937493.2808893/events.out.tfevents.1659937493.asr-dev-server.2726693.1"}, {"rfilename": "runs/Aug08_05-44-34_asr-dev-server/events.out.tfevents.1659937493.asr-dev-server.2726693.0"}, {"rfilename": "special_tokens_map.json"}, {"rfilename": "tokenizer_config.json"}, {"rfilename": "training_args.bin"}, {"rfilename": "vocab.json"}], "spaces": [], "createdAt": "2022-08-05T09:32:36.000Z", "inferenceStatus": "not-loaded"}