{"_id": "623b59a09986d5a6e5ed658f", "id": "202015004/My_st1_training_shreya_fixed_23_march_2", "modelId": "202015004/My_st1_training_shreya_fixed_23_march_2", "author": "202015004", "sha": "899d94c98aef2c1e438d1ad4dd49bbb8c04eb2f6", "lastModified": "2022-03-23T19:09:39.000Z", "private": false, "disabled": false, "gated": false, "pipeline_tag": "automatic-speech-recognition", "tags": ["transformers", "pytorch", "wav2vec2", "automatic-speech-recognition", "endpoints_compatible", "region:us"], "downloads": 2, "library_name": "transformers", "likes": 0, "config": {"architectures": ["Wav2Vec2ForCTC"], "model_type": "wav2vec2"}, "transformersInfo": {"auto_model": "AutoModelForCTC", "pipeline_tag": "automatic-speech-recognition", "processor": "AutoProcessor"}, "siblings": [{"rfilename": ".gitattributes"}, {"rfilename": ".gitignore"}, {"rfilename": "config.json"}, {"rfilename": "preprocessor_config.json"}, {"rfilename": "pytorch_model.bin"}, {"rfilename": "training_args.bin"}], "spaces": [], "createdAt": "2022-03-23T17:32:16.000Z", "inferenceStatus": "not-loaded"}