{"_id": "621ffdc036468d709f17439f", "id": "202015004/wav2vec2-base-TLT-Shreya-trial", "modelId": "202015004/wav2vec2-base-TLT-Shreya-trial", "author": "202015004", "sha": "b22fe1c9ceb242daa5be8d0119426774383ad19c", "lastModified": "2022-02-22T17:58:29.000Z", "private": false, "disabled": false, "gated": false, "tags": ["region:us"], "downloads": 0, "likes": 0, "config": {"tokenizer_config": {"unk_token": "[UNK]", "bos_token": "<s>", "eos_token": "</s>", "pad_token": "[PAD]"}}, "siblings": [{"rfilename": ".gitattributes"}, {"rfilename": "special_tokens_map.json"}, {"rfilename": "tokenizer_config.json"}, {"rfilename": "vocab.json"}], "spaces": [], "createdAt": "2022-03-02T23:29:04.000Z", "inferenceStatus": "not-loaded"}