{"_id": "624847f6bccb307d153c0745", "id": "202015004/Teacher_model_2_april_epoch30", "modelId": "202015004/Teacher_model_2_april_epoch30", "author": "202015004", "sha": "c111a736b3469529ceefbf0b343c3f9a6698a132", "lastModified": "2022-04-02T15:18:22.000Z", "private": false, "disabled": false, "gated": false, "pipeline_tag": "automatic-speech-recognition", "tags": ["transformers", "pytorch", "wav2vec2", "automatic-speech-recognition", "endpoints_compatible", "region:us"], "downloads": 1, "library_name": "transformers", "likes": 0, "config": {"architectures": ["Wav2Vec2ForCTC"], "model_type": "wav2vec2"}, "transformersInfo": {"auto_model": "AutoModelForCTC", "pipeline_tag": "automatic-speech-recognition", "processor": "AutoProcessor"}, "siblings": [{"rfilename": ".gitattributes"}, {"rfilename": ".gitignore"}, {"rfilename": "config.json"}, {"rfilename": "preprocessor_config.json"}, {"rfilename": "pytorch_model.bin"}, {"rfilename": "training_args.bin"}], "spaces": [], "createdAt": "2022-04-02T12:56:22.000Z", "inferenceStatus": "not-loaded"}