{"_id": "624692f8045a210af970ed34", "id": "202015004/Teacher_model_31_march1", "modelId": "202015004/Teacher_model_31_march1", "author": "202015004", "sha": "9ded0aaeadb65563fbb3f066c14357b2f25cbe1f", "lastModified": "2022-04-01T07:47:52.000Z", "private": false, "disabled": false, "gated": false, "pipeline_tag": "automatic-speech-recognition", "tags": ["transformers", "pytorch", "wav2vec2", "automatic-speech-recognition", "endpoints_compatible", "region:us"], "downloads": 3, "library_name": "transformers", "likes": 0, "config": {"architectures": ["Wav2Vec2ForCTC"], "model_type": "wav2vec2"}, "transformersInfo": {"auto_model": "AutoModelForCTC", "pipeline_tag": "automatic-speech-recognition", "processor": "AutoProcessor"}, "siblings": [{"rfilename": ".gitattributes"}, {"rfilename": ".gitignore"}, {"rfilename": "config.json"}, {"rfilename": "preprocessor_config.json"}, {"rfilename": "pytorch_model.bin"}, {"rfilename": "training_args.bin"}], "spaces": [], "createdAt": "2022-04-01T05:51:52.000Z", "inferenceStatus": "not-loaded"}