{"_id": "623cb0eda795593324c4cd41", "id": "202015004/MY_st1_training_shreya_fixed_24_march_labled-decoded", "modelId": "202015004/MY_st1_training_shreya_fixed_24_march_labled-decoded", "author": "202015004", "sha": "ef388ceb76cf92cb39e9a35a0cfe7d4ef04c2d31", "lastModified": "2022-03-24T20:19:02.000Z", "private": false, "disabled": false, "gated": false, "pipeline_tag": "automatic-speech-recognition", "tags": ["transformers", "pytorch", "wav2vec2", "automatic-speech-recognition", "endpoints_compatible", "region:us"], "downloads": 2, "library_name": "transformers", "likes": 0, "config": {"architectures": ["Wav2Vec2ForCTC"], "model_type": "wav2vec2"}, "transformersInfo": {"auto_model": "AutoModelForCTC", "pipeline_tag": "automatic-speech-recognition", "processor": "AutoProcessor"}, "siblings": [{"rfilename": ".gitattributes"}, {"rfilename": ".gitignore"}, {"rfilename": "config.json"}, {"rfilename": "preprocessor_config.json"}, {"rfilename": "pytorch_model.bin"}, {"rfilename": "training_args.bin"}], "spaces": [], "createdAt": "2022-03-24T17:57:01.000Z", "inferenceStatus": "not-loaded"}