{"_id": "621ffdc036468d709f1743a0", "id": "202015004/wav2vec2-base-timit-demo-colab", "modelId": "202015004/wav2vec2-base-timit-demo-colab", "author": "202015004", "sha": "b8137a46f661c0fd3a321c12fafe40adff8bc490", "lastModified": "2022-02-21T03:49:39.000Z", "private": false, "disabled": false, "gated": false, "pipeline_tag": "automatic-speech-recognition", "tags": ["transformers", "pytorch", "tensorboard", "wav2vec2", "automatic-speech-recognition", "generated_from_trainer", "license:apache-2.0", "endpoints_compatible", "region:us"], "downloads": 14, "library_name": "transformers", "likes": 0, "model-index": [{"name": "wav2vec2-base-timit-demo-colab", "results": []}], "config": {"architectures": ["Wav2Vec2ForCTC"], "model_type": "wav2vec2", "tokenizer_config": {"unk_token": "[UNK]", "bos_token": "<s>", "eos_token": "</s>", "pad_token": "[PAD]"}}, "cardData": {"license": "apache-2.0", "tags": ["generated_from_trainer"], "model-index": [{"name": "wav2vec2-base-timit-demo-colab", "results": []}]}, "transformersInfo": {"auto_model": "AutoModelForCTC", "pipeline_tag": "automatic-speech-recognition", "processor": "AutoProcessor"}, "siblings": [{"rfilename": ".gitattributes"}, {"rfilename": ".gitignore"}, {"rfilename": "README.md"}, {"rfilename": "config.json"}, {"rfilename": "preprocessor_config.json"}, {"rfilename": "pytorch_model.bin"}, {"rfilename": "runs/Feb19_11-09-33_speechlab/1645249354.5349622/events.out.tfevents.1645249354.speechlab.7922.1"}, {"rfilename": "runs/Feb19_11-09-33_speechlab/events.out.tfevents.1645249354.speechlab.7922.0"}, {"rfilename": "runs/Feb19_11-14-43_speechlab/1645249677.0230932/events.out.tfevents.1645249677.speechlab.7922.3"}, {"rfilename": "runs/Feb19_11-14-43_speechlab/events.out.tfevents.1645249677.speechlab.7922.2"}, {"rfilename": "runs/Feb19_11-18-37_speechlab/1645249891.7794883/events.out.tfevents.1645249891.speechlab.7922.5"}, {"rfilename": "runs/Feb19_11-18-37_speechlab/events.out.tfevents.1645249891.speechlab.7922.4"}, {"rfilename": "runs/Feb19_11-28-20_speechlab/1645250475.5399935/events.out.tfevents.1645250475.speechlab.7922.7"}, {"rfilename": "runs/Feb19_11-28-20_speechlab/events.out.tfevents.1645250475.speechlab.7922.6"}, {"rfilename": "runs/Feb19_11-52-31_speechlab/1645251933.2814476/events.out.tfevents.1645251933.speechlab.24101.1"}, {"rfilename": "runs/Feb19_11-52-31_speechlab/events.out.tfevents.1645251933.speechlab.24101.0"}, {"rfilename": "runs/Feb20_10-53-46_speechlab/1645334792.2882068/events.out.tfevents.1645334792.speechlab.16587.1"}, {"rfilename": "runs/Feb20_10-53-46_speechlab/events.out.tfevents.1645334792.speechlab.16587.0"}, {"rfilename": "special_tokens_map.json"}, {"rfilename": "tokenizer_config.json"}, {"rfilename": "training_args.bin"}, {"rfilename": "vocab.json"}], "spaces": [], "createdAt": "2022-03-02T23:29:04.000Z", "inferenceStatus": "not-loaded"}