{"_id": "65e9f2901032135623e434aa", "id": "2021-uam-4619/n", "modelId": "2021-uam-4619/n", "author": "2021-uam-4619", "sha": "e2b21ca6a6844b645e0bab967cb8cafee995d31a", "lastModified": "2024-03-07T17:00:00.000Z", "private": false, "disabled": false, "gated": false, "tags": ["license:bigscience-openrail-m", "region:us"], "downloads": 0, "likes": 0, "model-index": null, "cardData": {"license": "bigscience-openrail-m"}, "siblings": [{"rfilename": ".gitattributes"}, {"rfilename": "README.md"}], "spaces": [], "createdAt": "2024-03-07T17:00:00.000Z", "inferenceStatus": "not-loaded"}