{"_id": "648b1632e826879e1277146c", "id": "2022happy/swin-tiny-patch4-window7-224-finetuned-eurosat", "modelId": "2022happy/swin-tiny-patch4-window7-224-finetuned-eurosat", "author": "2022happy", "sha": "f523e74ac204bd0c04e68df22f1e5ea5d9fb157e", "lastModified": "2023-06-17T03:51:48.000Z", "private": false, "disabled": false, "gated": false, "pipeline_tag": "image-classification", "tags": ["transformers", "pytorch", "tensorboard", "swin", "image-classification", "generated_from_trainer", "dataset:cifar10", "license:apache-2.0", "model-index", "autotrain_compatible", "endpoints_compatible", "region:us"], "downloads": 3, "library_name": "transformers", "likes": 0, "model-index": [{"name": "swin-tiny-patch4-window7-224-finetuned-eurosat", "results": [{"task": {"name": "Image Classification", "type": "image-classification"}, "dataset": {"name": "cifar10", "type": "cifar10", "config": "plain_text", "split": "train", "args": "plain_text"}, "metrics": [{"name": "Accuracy", "type": "accuracy", "value": 0.97, "verified": false}]}]}], "config": {"architectures": ["SwinForImageClassification"], "model_type": "swin"}, "cardData": {"license": "apache-2.0", "tags": ["generated_from_trainer"], "datasets": ["cifar10"], "metrics": ["accuracy"], "model-index": [{"name": "swin-tiny-patch4-window7-224-finetuned-eurosat", "results": [{"task": {"name": "Image Classification", "type": "image-classification"}, "dataset": {"name": "cifar10", "type": "cifar10", "config": "plain_text", "split": "train", "args": "plain_text"}, "metrics": [{"name": "Accuracy", "type": "accuracy", "value": 0.97, "verified": false}]}]}]}, "transformersInfo": {"auto_model": "AutoModelForImageClassification", "pipeline_tag": "image-classification", "processor": "AutoImageProcessor"}, "siblings": [{"rfilename": ".gitattributes"}, {"rfilename": ".gitignore"}, {"rfilename": "README.md"}, {"rfilename": "all_results.json"}, {"rfilename": "config.json"}, {"rfilename": "eval_results.json"}, {"rfilename": "preprocessor_config.json"}, {"rfilename": "pytorch_model.bin"}, {"rfilename": "runs/Jun15_13-53-16_8c43e1430961/events.out.tfevents.1686837206.8c43e1430961.2034.0"}, {"rfilename": "runs/Jun15_13-53-16_8c43e1430961/events.out.tfevents.1686839304.8c43e1430961.2034.1"}, {"rfilename": "runs/Jun16_02-26-55_a68edcd78371/events.out.tfevents.1686882584.a68edcd78371.1855.0"}, {"rfilename": "runs/Jun16_02-26-55_a68edcd78371/events.out.tfevents.1686884894.a68edcd78371.1855.1"}, {"rfilename": "runs/Jun17_03-15-58_ae2ad5746172/events.out.tfevents.1686971793.ae2ad5746172.6160.0"}, {"rfilename": "runs/Jun17_03-15-58_ae2ad5746172/events.out.tfevents.1686973906.ae2ad5746172.6160.1"}, {"rfilename": "train_results.json"}, {"rfilename": "trainer_state.json"}, {"rfilename": "training_args.bin"}], "spaces": [], "createdAt": "2023-06-15T13:46:26.000Z", "inferenceStatus": "not-loaded"}