{"_id": "649002619d76bac302e19dac", "id": "2022happy/swin-tiny-patch4-window7-224-pruned-0.1-Ln-finetuned-eurosat", "modelId": "2022happy/swin-tiny-patch4-window7-224-pruned-0.1-Ln-finetuned-eurosat", "author": "2022happy", "sha": "9e4c222537221fd7d3a2e8a97b538f2380015b5b", "lastModified": "2023-06-19T07:59:05.000Z", "private": false, "disabled": false, "gated": false, "pipeline_tag": "image-classification", "tags": ["transformers", "pytorch", "tensorboard", "swin", "image-classification", "generated_from_trainer", "dataset:cifar10", "license:apache-2.0", "model-index", "autotrain_compatible", "endpoints_compatible", "region:us"], "downloads": 2, "library_name": "transformers", "likes": 0, "model-index": [{"name": "swin-tiny-patch4-window7-224-pruned-0.1-Ln-finetuned-eurosat", "results": [{"task": {"name": "Image Classification", "type": "image-classification"}, "dataset": {"name": "cifar10", "type": "cifar10", "config": "plain_text", "split": "train", "args": "plain_text"}, "metrics": [{"name": "Accuracy", "type": "accuracy", "value": 0.9414, "verified": false}]}]}], "config": {"architectures": ["SwinForImageClassification"], "model_type": "swin"}, "cardData": {"license": "apache-2.0", "tags": ["generated_from_trainer"], "datasets": ["cifar10"], "metrics": ["accuracy"], "model-index": [{"name": "swin-tiny-patch4-window7-224-pruned-0.1-Ln-finetuned-eurosat", "results": [{"task": {"name": "Image Classification", "type": "image-classification"}, "dataset": {"name": "cifar10", "type": "cifar10", "config": "plain_text", "split": "train", "args": "plain_text"}, "metrics": [{"name": "Accuracy", "type": "accuracy", "value": 0.9414, "verified": false}]}]}]}, "transformersInfo": {"auto_model": "AutoModelForImageClassification", "pipeline_tag": "image-classification", "processor": "AutoImageProcessor"}, "siblings": [{"rfilename": ".gitattributes"}, {"rfilename": ".gitignore"}, {"rfilename": "README.md"}, {"rfilename": "all_results.json"}, {"rfilename": "config.json"}, {"rfilename": "eval_results.json"}, {"rfilename": "preprocessor_config.json"}, {"rfilename": "pytorch_model.bin"}, {"rfilename": "runs/Jun19_07-23-12_e30667bd8290/events.out.tfevents.1687159402.e30667bd8290.4145.12"}, {"rfilename": "runs/Jun19_07-23-12_e30667bd8290/events.out.tfevents.1687161537.e30667bd8290.4145.13"}, {"rfilename": "train_results.json"}, {"rfilename": "trainer_state.json"}, {"rfilename": "training_args.bin"}], "spaces": [], "createdAt": "2023-06-19T07:23:13.000Z", "inferenceStatus": "not-loaded"}