{"_id": "648fd3810e933a59d0b0545e", "id": "2022happy/swin-tiny-patch4-window7-224-pruned-0.3-finetuned-eurosat", "modelId": "2022happy/swin-tiny-patch4-window7-224-pruned-0.3-finetuned-eurosat", "author": "2022happy", "sha": "1252a581d988513c6a7a07c277f6193ca6853c77", "lastModified": "2023-06-19T04:39:06.000Z", "private": false, "disabled": false, "gated": false, "pipeline_tag": "image-classification", "tags": ["transformers", "pytorch", "tensorboard", "swin", "image-classification", "generated_from_trainer", "dataset:cifar10", "license:apache-2.0", "model-index", "autotrain_compatible", "endpoints_compatible", "region:us"], "downloads": 2, "library_name": "transformers", "likes": 0, "model-index": [{"name": "swin-tiny-patch4-window7-224-pruned-0.3-finetuned-eurosat", "results": [{"task": {"name": "Image Classification", "type": "image-classification"}, "dataset": {"name": "cifar10", "type": "cifar10", "config": "plain_text", "split": "train", "args": "plain_text"}, "metrics": [{"name": "Accuracy", "type": "accuracy", "value": 0.815, "verified": false}]}]}], "config": {"architectures": ["SwinForImageClassification"], "model_type": "swin"}, "cardData": {"license": "apache-2.0", "tags": ["generated_from_trainer"], "datasets": ["cifar10"], "metrics": ["accuracy"], "model-index": [{"name": "swin-tiny-patch4-window7-224-pruned-0.3-finetuned-eurosat", "results": [{"task": {"name": "Image Classification", "type": "image-classification"}, "dataset": {"name": "cifar10", "type": "cifar10", "config": "plain_text", "split": "train", "args": "plain_text"}, "metrics": [{"name": "Accuracy", "type": "accuracy", "value": 0.815, "verified": false}]}]}]}, "transformersInfo": {"auto_model": "AutoModelForImageClassification", "pipeline_tag": "image-classification", "processor": "AutoImageProcessor"}, "siblings": [{"rfilename": ".gitattributes"}, {"rfilename": ".gitignore"}, {"rfilename": "README.md"}, {"rfilename": "all_results.json"}, {"rfilename": "config.json"}, {"rfilename": "eval_results.json"}, {"rfilename": "preprocessor_config.json"}, {"rfilename": "pytorch_model.bin"}, {"rfilename": "runs/Jun19_04-03-12_e30667bd8290/events.out.tfevents.1687147401.e30667bd8290.4145.3"}, {"rfilename": "runs/Jun19_04-03-12_e30667bd8290/events.out.tfevents.1687149541.e30667bd8290.4145.4"}, {"rfilename": "train_results.json"}, {"rfilename": "trainer_state.json"}, {"rfilename": "training_args.bin"}], "spaces": [], "createdAt": "2023-06-19T04:03:13.000Z", "inferenceStatus": "not-loaded"}