{"_id": "648fecc1d6a3eddc5da387af", "id": "2022happy/swin-tiny-patch4-window7-224-pruned-0.6-finetuned-eurosat", "modelId": "2022happy/swin-tiny-patch4-window7-224-pruned-0.6-finetuned-eurosat", "author": "2022happy", "sha": "1ec8690b229be1e6d3db66697b7d173c3114b4fe", "lastModified": "2023-06-19T06:26:31.000Z", "private": false, "disabled": false, "gated": false, "pipeline_tag": "image-classification", "tags": ["transformers", "pytorch", "tensorboard", "swin", "image-classification", "generated_from_trainer", "dataset:cifar10", "license:apache-2.0", "model-index", "autotrain_compatible", "endpoints_compatible", "region:us"], "downloads": 4, "library_name": "transformers", "likes": 0, "model-index": [{"name": "swin-tiny-patch4-window7-224-pruned-0.6-finetuned-eurosat", "results": [{"task": {"name": "Image Classification", "type": "image-classification"}, "dataset": {"name": "cifar10", "type": "cifar10", "config": "plain_text", "split": "train", "args": "plain_text"}, "metrics": [{"name": "Accuracy", "type": "accuracy", "value": 0.4366, "verified": false}]}]}], "config": {"architectures": ["SwinForImageClassification"], "model_type": "swin"}, "cardData": {"license": "apache-2.0", "tags": ["generated_from_trainer"], "datasets": ["cifar10"], "metrics": ["accuracy"], "model-index": [{"name": "swin-tiny-patch4-window7-224-pruned-0.6-finetuned-eurosat", "results": [{"task": {"name": "Image Classification", "type": "image-classification"}, "dataset": {"name": "cifar10", "type": "cifar10", "config": "plain_text", "split": "train", "args": "plain_text"}, "metrics": [{"name": "Accuracy", "type": "accuracy", "value": 0.4366, "verified": false}]}]}]}, "transformersInfo": {"auto_model": "AutoModelForImageClassification", "pipeline_tag": "image-classification", "processor": "AutoImageProcessor"}, "siblings": [{"rfilename": ".gitattributes"}, {"rfilename": ".gitignore"}, {"rfilename": "README.md"}, {"rfilename": "all_results.json"}, {"rfilename": "config.json"}, {"rfilename": "eval_results.json"}, {"rfilename": "preprocessor_config.json"}, {"rfilename": "pytorch_model.bin"}, {"rfilename": "runs/Jun19_05-50-57_e30667bd8290/events.out.tfevents.1687153867.e30667bd8290.4145.9"}, {"rfilename": "runs/Jun19_05-50-57_e30667bd8290/events.out.tfevents.1687155985.e30667bd8290.4145.10"}, {"rfilename": "train_results.json"}, {"rfilename": "trainer_state.json"}, {"rfilename": "training_args.bin"}], "spaces": [], "createdAt": "2023-06-19T05:50:57.000Z", "inferenceStatus": "not-loaded"}