{"_id": "64d0b224a785f2043ba28fd7", "id": "2023xiaotan/civitai_models", "modelId": "2023xiaotan/civitai_models", "author": "2023xiaotan", "sha": "a55c0089d5b6bb9446648893a9beff0e77438e0f", "lastModified": "2023-08-08T13:29:20.000Z", "private": false, "disabled": false, "gated": false, "tags": ["zh", "license:wtfpl", "region:us"], "downloads": 0, "likes": 0, "model-index": null, "cardData": {"license": "wtfpl", "language": ["zh"]}, "siblings": [{"rfilename": ".gitattributes"}, {"rfilename": "A-Mecha Musume A\u7d20\u4f53\u673a\u5a18.safetensors"}, {"rfilename": "AWPortrait_v1.1.1.safetensors"}, {"rfilename": "Beautiful Realistic Asians.safetensors"}, {"rfilename": "CuteYukiMix_Adorable.safetensors"}, {"rfilename": "CyberRealistic.safetensors"}, {"rfilename": "Doll Likeness- by EDG.safetensors"}, {"rfilename": "DreamShaper.safetensors"}, {"rfilename": "Genshin Impact AI Cosplayers Collection \u539f\u795e AI Coser\u5408\u96c6.safetensors"}, {"rfilename": "HeadpatPOV.safetensors"}, {"rfilename": "LEOSAM's FilmGirl \u80f6\u7247\u98ce.safetensors"}, {"rfilename": "LEOSAMs_MoonFilm.safetensors"}, {"rfilename": "Meinamix_meinaV11.safetensors"}, {"rfilename": "README.md"}, {"rfilename": "RealisticVisionV51_v51VAE.safetensors"}, {"rfilename": "SDVN5-3DCuteWave_v10.safetensors"}, {"rfilename": "XXMix_9realistic_v40.safetensors"}, {"rfilename": "epiCRealism_pureEvolutionV5.safetensors"}, {"rfilename": "majicmixAlpha_v10.safetensors"}, {"rfilename": "majicmixRealistic.safetensors"}, {"rfilename": "pixel-art-xl.safetensors"}, {"rfilename": "qrCodeMonster_v20.safetensors"}], "spaces": [], "createdAt": "2023-08-07T08:58:12.000Z", "inferenceStatus": "not-loaded"}