{"_id": "6686dcdda07cfe8bb5bfacbd", "id": "2024-mcm-everitt-ryan/flan-t5-base-seq2seq-job-bias-mixed", "modelId": "2024-mcm-everitt-ryan/flan-t5-base-seq2seq-job-bias-mixed", "author": "2024-mcm-everitt-ryan", "sha": "cf4454f2890930ce298a64a751cecfbc692cd39e", "lastModified": "2024-07-04T17:33:55.000Z", "private": false, "disabled": false, "gated": false, "pipeline_tag": "text2text-generation", "tags": ["transformers", "safetensors", "t5", "text2text-generation", "en", "dataset:2024-mcm-everitt-ryan/job-bias-synthetic-human-benchmark", "arxiv:1910.09700", "base_model:google/flan-t5-base", "license:apache-2.0", "model-index", "autotrain_compatible", "text-generation-inference", "endpoints_compatible", "region:us"], "downloads": 5, "library_name": "transformers", "likes": 0, "model-index": [{"name": "flan-t5-base-seq2seq-job-bias-mixed", "results": [{"task": {"type": "multi_label_classification"}, "dataset": {"name": "2024-mcm-everitt-ryan/job-bias-synthetic-human-benchmark", "type": "mix_human-eval_synthetic"}, "metrics": [{"type": "loss", "value": 0.6754969358444214, "verified": false}, {"type": "accuracy", "value": 0.6562203228869895, "verified": false}, {"type": "f1_micro", "value": 0.5822592873388931, "verified": false}, {"type": "f1_macro", "value": 0.5951476563827441, "verified": false}, {"type": "f1_samples", "value": 0.3098991543435987, "verified": false}, {"type": "f1_weighted", "value": 0.5941509097694966, "verified": false}, {"type": "precision_micro", "value": 0.5092838196286472, "verified": false}, {"type": "recall_micro", "value": 0.679646017699115, "verified": false}, {"type": "roc_auc_micro", "value": 0.8126411105245502, "verified": false}, {"type": "runtime", "value": 28.0431, "verified": false}, {"type": "samples_per_second", "value": 37.549, "verified": false}, {"type": "steps_per_second", "value": 4.707, "verified": false}, {"type": "epoch", "value": 10, "verified": false}]}]}], "config": {"architectures": ["T5ForConditionalGeneration"], "model_type": "t5", "tokenizer_config": {"eos_token": "</s>", "pad_token": "<pad>", "unk_token": "<unk>"}}, "cardData": {"base_model": "google/flan-t5-base", "datasets": ["2024-mcm-everitt-ryan/job-bias-synthetic-human-benchmark"], "language": "en", "license": "apache-2.0", "model_id": "flan-t5-base-seq2seq-job-bias-mixed", "model_description": "The model is a multi-label classifier designed to detect various types of bias within job descriptions.", "developers": "Tristan Everitt and Paul Ryan", "model_card_authors": "See developers", "model_card_contact": "See developers", "repo": "https://gitlab.computing.dcu.ie/everitt2/2024-mcm-everitt-ryan", "compute_infrastructure": "Linux 6.5.0-41-generic x86_64", "software": "Python 3.10.12", "hardware_type": "x86_64", "hours_used": "N/A", "cloud_provider": "N/A", "cloud_region": "N/A", "co2_emitted": "N/A", "direct_use": "\n    ```python\n    from transformers import pipeline\n\n    pipe = pipeline(\"text-classification\", model=\"2024-mcm-everitt-ryan/flan-t5-base-seq2seq-job-bias-mixed\", return_all_scores=True)\n\n    results = pipe(\"Join our dynamic and fast-paced team as a Junior Marketing Specialist. We seek a tech-savvy and energetic individual who thrives in a vibrant environment. Ideal candidates are digital natives with a fresh perspective, ready to adapt quickly to new trends. You should have recent experience in social media strategies and a strong understanding of current digital marketing tools. We're looking for someone with a youthful mindset, eager to bring innovative ideas to our young and ambitious team. If you're a recent graduate or early in your career, this opportunity is perfect for you!\")\n    print(results)\n    ```\n    >> [[\n    {'label': 'age', 'score': 0.9883460402488708}, \n    {'label': 'disability', 'score': 0.00787709467113018}, \n    {'label': 'feminine', 'score': 0.007224376779049635}, \n    {'label': 'general', 'score': 0.09967829287052155}, \n    {'label': 'masculine', 'score': 0.0035264550242573023}, \n    {'label': 'racial', 'score': 0.014618005603551865}, \n    {'label': 'sexuality', 'score': 0.005568435415625572}\n    ]]\n    ", "model-index": [{"name": "flan-t5-base-seq2seq-job-bias-mixed", "results": [{"task": {"type": "multi_label_classification"}, "dataset": {"name": "2024-mcm-everitt-ryan/job-bias-synthetic-human-benchmark", "type": "mix_human-eval_synthetic"}, "metrics": [{"type": "loss", "value": 0.6754969358444214, "verified": false}, {"type": "accuracy", "value": 0.6562203228869895, "verified": false}, {"type": "f1_micro", "value": 0.5822592873388931, "verified": false}, {"type": "f1_macro", "value": 0.5951476563827441, "verified": false}, {"type": "f1_samples", "value": 0.3098991543435987, "verified": false}, {"type": "f1_weighted", "value": 0.5941509097694966, "verified": false}, {"type": "precision_micro", "value": 0.5092838196286472, "verified": false}, {"type": "recall_micro", "value": 0.679646017699115, "verified": false}, {"type": "roc_auc_micro", "value": 0.8126411105245502, "verified": false}, {"type": "runtime", "value": 28.0431, "verified": false}, {"type": "samples_per_second", "value": 37.549, "verified": false}, {"type": "steps_per_second", "value": 4.707, "verified": false}, {"type": "epoch", "value": 10, "verified": false}]}]}]}, "transformersInfo": {"auto_model": "AutoModelForSeq2SeqLM", "pipeline_tag": "text2text-generation", "processor": "AutoTokenizer"}, "siblings": [{"rfilename": ".gitattributes"}, {"rfilename": "README.md"}, {"rfilename": "config.json"}, {"rfilename": "generation_config.json"}, {"rfilename": "model.safetensors"}, {"rfilename": "special_tokens_map.json"}, {"rfilename": "spiece.model"}, {"rfilename": "tokenizer.json"}, {"rfilename": "tokenizer_config.json"}], "spaces": [], "createdAt": "2024-07-04T17:33:17.000Z", "safetensors": {"parameters": {"F32": 247577856}, "total": 247577856}, "inferenceStatus": "not-loaded"}