{"_id": "66865f73466755422297f747", "id": "2024-mcm-everitt-ryan/job-bias-synthetic-human-benchmark", "modelId": "2024-mcm-everitt-ryan/job-bias-synthetic-human-benchmark", "author": "2024-mcm-everitt-ryan", "sha": "c704871bf65ca889b886368ea684301bb74a6a84", "lastModified": "2024-07-04T08:38:11.000Z", "private": false, "disabled": false, "gated": false, "tags": ["region:us"], "downloads": 0, "likes": 0, "siblings": [{"rfilename": ".gitattributes"}], "spaces": [], "createdAt": "2024-07-04T08:38:11.000Z", "inferenceStatus": "not-loaded"}