{"_id": "6685bb3a0d2ad661230babbd", "id": "2024-mcm-everitt-ryan/bert-base-uncased-job-bias-verified", "modelId": "2024-mcm-everitt-ryan/bert-base-uncased-job-bias-verified", "author": "2024-mcm-everitt-ryan", "sha": "efce8a83e70a0d97fe202759ba85cc919fe19f5a", "lastModified": "2024-07-03T20:57:46.000Z", "private": false, "disabled": false, "gated": false, "pipeline_tag": "text-classification", "tags": ["transformers", "safetensors", "bert", "text-classification", "arxiv:1910.09700", "autotrain_compatible", "endpoints_compatible", "region:us"], "downloads": 4, "library_name": "transformers", "mask_token": "[MASK]", "widgetData": [{"text": "I like you. I love you"}], "likes": 0, "model-index": null, "config": {"architectures": ["BertForSequenceClassification"], "model_type": "bert"}, "cardData": {"library_name": "transformers", "tags": []}, "transformersInfo": {"auto_model": "AutoModelForSequenceClassification", "pipeline_tag": "text-classification", "processor": "AutoTokenizer"}, "siblings": [{"rfilename": ".gitattributes"}, {"rfilename": "README.md"}, {"rfilename": "config.json"}, {"rfilename": "model.safetensors"}], "spaces": [], "createdAt": "2024-07-03T20:57:30.000Z", "safetensors": {"parameters": {"F32": 109487623}, "total": 109487623}, "inferenceStatus": "not-loaded"}