{"_id": "65f68d476bd4bac5b6445f2d", "id": "2024-level3-finalproject-nlp-8/qg_model_airflow", "modelId": "2024-level3-finalproject-nlp-8/qg_model_airflow", "author": "2024-level3-finalproject-nlp-8", "sha": "a93e54feac21133b92dad23b48da44f4e7097942", "lastModified": "2024-03-19T07:21:02.000Z", "private": false, "disabled": false, "gated": false, "pipeline_tag": "text2text-generation", "tags": ["transformers", "safetensors", "bart", "text2text-generation", "autotrain_compatible", "endpoints_compatible", "region:us"], "downloads": 2, "library_name": "transformers", "mask_token": "<mask>", "likes": 0, "config": {"architectures": ["BartForConditionalGeneration"], "model_type": "bart"}, "transformersInfo": {"auto_model": "AutoModelForSeq2SeqLM", "pipeline_tag": "text2text-generation", "processor": "AutoTokenizer"}, "siblings": [{"rfilename": ".gitattributes"}, {"rfilename": "checkpoint-12/config.json"}, {"rfilename": "checkpoint-12/generation_config.json"}, {"rfilename": "checkpoint-12/model.safetensors"}, {"rfilename": "checkpoint-12/optimizer.pt"}, {"rfilename": "checkpoint-12/rng_state.pth"}, {"rfilename": "checkpoint-12/scheduler.pt"}, {"rfilename": "checkpoint-12/trainer_state.json"}, {"rfilename": "checkpoint-12/training_args.bin"}, {"rfilename": "config.json"}, {"rfilename": "generation_config.json"}, {"rfilename": "model.safetensors"}, {"rfilename": "optimizer.pt"}, {"rfilename": "rng_state.pth"}, {"rfilename": "scheduler.pt"}, {"rfilename": "trainer_state.json"}, {"rfilename": "training_args.bin"}], "spaces": [], "createdAt": "2024-03-17T06:27:19.000Z", "safetensors": {"parameters": {"F32": 123889968}, "total": 123889968}, "inferenceStatus": "not-loaded"}