{"_id": "6685bcda1af627989fb1fd7c", "id": "2024-mcm-everitt-ryan/bert-base-uncased-job-bias-mixed", "modelId": "2024-mcm-everitt-ryan/bert-base-uncased-job-bias-mixed", "author": "2024-mcm-everitt-ryan", "sha": "09eacbcbb4af9e13f10d211f1954902455cef671", "lastModified": "2024-07-03T21:06:48.000Z", "private": false, "disabled": false, "gated": false, "pipeline_tag": "text-classification", "tags": ["transformers", "safetensors", "bert", "text-classification", "en", "dataset:2024-mcm-everitt-ryan/job-bias-synthetic-human-benchmark", "arxiv:1910.09700", "base_model:bert-base-uncased", "license:apache-2.0", "model-index", "autotrain_compatible", "endpoints_compatible", "region:us"], "downloads": 4, "library_name": "transformers", "mask_token": "[MASK]", "widgetData": [{"text": "I like you. I love you"}], "likes": 0, "model-index": [{"name": "bert-base-uncased-job-bias-mixed", "results": [{"task": {"type": "multi_label_classification"}, "dataset": {"name": "2024-mcm-everitt-ryan/job-bias-synthetic-human-benchmark", "type": "mix_human-eval_synthetic"}, "metrics": [{"type": "loss", "value": 0.20577850937843323, "verified": false}, {"type": "accuracy", "value": 0.6182336182336182, "verified": false}, {"type": "f1_micro", "value": 0.6016628873771731, "verified": false}, {"type": "f1_macro", "value": 0.6248869172020873, "verified": false}, {"type": "f1_samples", "value": 0.334156378600823, "verified": false}, {"type": "f1_weighted", "value": 0.6240938766848936, "verified": false}, {"type": "precision_micro", "value": 0.525065963060686, "verified": false}, {"type": "recall_micro", "value": 0.7044247787610619, "verified": false}, {"type": "roc_auc_micro", "value": 0.8257651369561995, "verified": false}, {"type": "runtime", "value": 3.5732, "verified": false}, {"type": "samples_per_second", "value": 294.697, "verified": false}, {"type": "steps_per_second", "value": 9.236, "verified": false}, {"type": "epoch", "value": 5, "verified": false}]}]}], "config": {"architectures": ["BertForSequenceClassification"], "model_type": "bert", "tokenizer_config": {"cls_token": "[CLS]", "mask_token": "[MASK]", "pad_token": "[PAD]", "sep_token": "[SEP]", "unk_token": "[UNK]"}}, "cardData": {"base_model": "bert-base-uncased", "datasets": ["2024-mcm-everitt-ryan/job-bias-synthetic-human-benchmark"], "language": "en", "license": "apache-2.0", "model_id": "bert-base-uncased-job-bias-mixed", "model_description": "The model is a multi-label classifier designed to detect various types of bias within job descriptions.", "developers": "Tristan Everitt and Paul Ryan", "model_card_authors": "See developers", "model_card_contact": "See developers", "repo": "https://gitlab.computing.dcu.ie/everitt2/2024-mcm-everitt-ryan", "compute_infrastructure": "Linux 6.5.0-41-generic x86_64", "software": "Python 3.10.12", "hardware_type": "x86_64", "hours_used": "N/A", "cloud_provider": "N/A", "cloud_region": "N/A", "co2_emitted": "N/A", "direct_use": "\n    ```python\n    from transformers import pipeline\n\n    pipe = pipeline(\"text-classification\", model=\"2024-mcm-everitt-ryan/bert-base-uncased-job-bias-mixed\", return_all_scores=True)\n\n    results = pipe(\"Join our dynamic and fast-paced team as a Junior Marketing Specialist. We seek a tech-savvy and energetic individual who thrives in a vibrant environment. Ideal candidates are digital natives with a fresh perspective, ready to adapt quickly to new trends. You should have recent experience in social media strategies and a strong understanding of current digital marketing tools. We're looking for someone with a youthful mindset, eager to bring innovative ideas to our young and ambitious team. If you're a recent graduate or early in your career, this opportunity is perfect for you!\")\n    print(results)\n    ```\n    >> [[\n    {'label': 'age', 'score': 0.9883460402488708}, \n    {'label': 'disability', 'score': 0.00787709467113018}, \n    {'label': 'feminine', 'score': 0.007224376779049635}, \n    {'label': 'general', 'score': 0.09967829287052155}, \n    {'label': 'masculine', 'score': 0.0035264550242573023}, \n    {'label': 'racial', 'score': 0.014618005603551865}, \n    {'label': 'sexuality', 'score': 0.005568435415625572}\n    ]]\n    ", "model-index": [{"name": "bert-base-uncased-job-bias-mixed", "results": [{"task": {"type": "multi_label_classification"}, "dataset": {"name": "2024-mcm-everitt-ryan/job-bias-synthetic-human-benchmark", "type": "mix_human-eval_synthetic"}, "metrics": [{"type": "loss", "value": 0.20577850937843323, "verified": false}, {"type": "accuracy", "value": 0.6182336182336182, "verified": false}, {"type": "f1_micro", "value": 0.6016628873771731, "verified": false}, {"type": "f1_macro", "value": 0.6248869172020873, "verified": false}, {"type": "f1_samples", "value": 0.334156378600823, "verified": false}, {"type": "f1_weighted", "value": 0.6240938766848936, "verified": false}, {"type": "precision_micro", "value": 0.525065963060686, "verified": false}, {"type": "recall_micro", "value": 0.7044247787610619, "verified": false}, {"type": "roc_auc_micro", "value": 0.8257651369561995, "verified": false}, {"type": "runtime", "value": 3.5732, "verified": false}, {"type": "samples_per_second", "value": 294.697, "verified": false}, {"type": "steps_per_second", "value": 9.236, "verified": false}, {"type": "epoch", "value": 5, "verified": false}]}]}]}, "transformersInfo": {"auto_model": "AutoModelForSequenceClassification", "pipeline_tag": "text-classification", "processor": "AutoTokenizer"}, "siblings": [{"rfilename": ".gitattributes"}, {"rfilename": "README.md"}, {"rfilename": "config.json"}, {"rfilename": "model.safetensors"}, {"rfilename": "special_tokens_map.json"}, {"rfilename": "tokenizer.json"}, {"rfilename": "tokenizer_config.json"}, {"rfilename": "vocab.txt"}], "spaces": [], "createdAt": "2024-07-03T21:04:26.000Z", "safetensors": {"parameters": {"F32": 109487623}, "total": 109487623}, "inferenceStatus": "not-loaded"}