{"_id": "6668dfa58dd06b51defe2186", "id": "2024takelucrativo/2024warren1", "modelId": "2024takelucrativo/2024warren1", "author": "2024takelucrativo", "sha": "f4e30482adf28988fd87cb322a7c3d4298b336a9", "lastModified": "2024-06-12T00:59:35.000Z", "private": false, "disabled": false, "gated": false, "tags": ["region:us"], "downloads": 0, "likes": 0, "siblings": [{"rfilename": ".gitattributes"}, {"rfilename": "WARREN.zip"}, {"rfilename": "tudor.zip"}, {"rfilename": "warren.zip"}], "spaces": [], "createdAt": "2024-06-11T23:37:09.000Z", "inferenceStatus": "not-loaded"}