{"_id": "667712a15eaa9dd2996787aa", "id": "2024-mcm-everitt-ryan/bert-base-uncased-job-bias-synthetic-classifier", "modelId": "2024-mcm-everitt-ryan/bert-base-uncased-job-bias-synthetic-classifier", "author": "2024-mcm-everitt-ryan", "sha": "8674f3b3b9ebd58cdc4ec5ffe0dd37a3ec85dcf9", "lastModified": "2024-06-25T00:03:22.000Z", "private": false, "disabled": false, "gated": false, "pipeline_tag": "text-classification", "tags": ["transformers", "safetensors", "bert", "text-classification", "en", "dataset:2024-mcm-everitt-ryan/job-bias-synthetic", "arxiv:1910.09700", "base_model:google-bert/bert-base-uncased", "license:apache-2.0", "model-index", "autotrain_compatible", "endpoints_compatible", "region:us"], "downloads": 10, "library_name": "transformers", "mask_token": "[MASK]", "widgetData": [{"text": "I like you. I love you"}], "likes": 0, "model-index": [{"name": "bert-base-uncased-job-bias-synthetic-classifier", "results": [{"task": {"type": "multi_label_classification"}, "dataset": {"name": "2024-mcm-everitt-ryan/job-bias-synthetic", "type": "mix_human-eval_synthetic"}, "metrics": [{"type": "loss", "value": 0.10657451301813126, "verified": false}, {"type": "f1_micro", "value": 0.9512508502758673, "verified": false}, {"type": "f1_macro", "value": 0.9515011924151419, "verified": false}, {"type": "f1_samples", "value": 0.6978367988560069, "verified": false}, {"type": "f1_weighted", "value": 0.9508726783556851, "verified": false}, {"type": "precision_micro", "value": 0.9697950377562028, "verified": false}, {"type": "recall_micro", "value": 0.9334025511717591, "verified": false}, {"type": "roc_auc_micro", "value": 0.9578843615058076, "verified": false}, {"type": "accuracy", "value": 0.8032144257154057, "verified": false}, {"type": "runtime", "value": 9.6032, "verified": false}, {"type": "samples_per_second", "value": 265.641, "verified": false}, {"type": "steps_per_second", "value": 44.36, "verified": false}, {"type": "epoch", "value": 4, "verified": false}]}]}], "config": {"architectures": ["BertForSequenceClassification"], "model_type": "bert", "tokenizer_config": {"cls_token": "[CLS]", "mask_token": "[MASK]", "pad_token": "[PAD]", "sep_token": "[SEP]", "unk_token": "[UNK]"}}, "cardData": {"language": "en", "license": "apache-2.0", "base_model": "google-bert/bert-base-uncased", "datasets": ["2024-mcm-everitt-ryan/job-bias-synthetic"], "model_id": "bert-base-uncased-job-bias-synthetic-classifier", "model_description": "The model is a multi-label classifier designed to detect various types of bias within job descriptions.", "developers": "Tristan Everitt and Paul Ryan", "model_card_authors": "See developers", "model_card_contact": "See developers", "repo": "https://gitlab.computing.dcu.ie/everitt2/2024-mcm-everitt-ryan", "compute_infrastructure": "Linux 6.5.0-35-generic x86_64", "software": "Python 3.10.12", "hardware_type": "x86_64", "hours_used": "N/A", "cloud_provider": "N/A", "cloud_region": "N/A", "co2_emitted": "N/A", "direct_use": "\n        ```python\n        from transformers import pipeline\n\n        pipe = pipeline(\"text-classification\", model=\"2024-mcm-everitt-ryan/bert-base-uncased-job-bias-synthetic-classifier\", return_all_scores=True)\n\n        results = pipe(\"Join our dynamic and fast-paced team as a Junior Marketing Specialist. We seek a tech-savvy and energetic individual who thrives in a vibrant environment. Ideal candidates are digital natives with a fresh perspective, ready to adapt quickly to new trends. You should have recent experience in social media strategies and a strong understanding of current digital marketing tools. We're looking for someone with a youthful mindset, eager to bring innovative ideas to our young and ambitious team. If you're a recent graduate or early in your career, this opportunity is perfect for you!\")\n        print(results)\n        ```\n        >> [[\n        {'label': 'age', 'score': 0.9883460402488708}, \n        {'label': 'disability', 'score': 0.00787709467113018}, \n        {'label': 'feminine', 'score': 0.007224376779049635}, \n        {'label': 'general', 'score': 0.09967829287052155}, \n        {'label': 'masculine', 'score': 0.0035264550242573023}, \n        {'label': 'racial', 'score': 0.014618005603551865}, \n        {'label': 'sexuality', 'score': 0.005568435415625572}\n        ]]\n        ", "model-index": [{"name": "bert-base-uncased-job-bias-synthetic-classifier", "results": [{"task": {"type": "multi_label_classification"}, "dataset": {"name": "2024-mcm-everitt-ryan/job-bias-synthetic", "type": "mix_human-eval_synthetic"}, "metrics": [{"type": "loss", "value": 0.10657451301813126, "verified": false}, {"type": "f1_micro", "value": 0.9512508502758673, "verified": false}, {"type": "f1_macro", "value": 0.9515011924151419, "verified": false}, {"type": "f1_samples", "value": 0.6978367988560069, "verified": false}, {"type": "f1_weighted", "value": 0.9508726783556851, "verified": false}, {"type": "precision_micro", "value": 0.9697950377562028, "verified": false}, {"type": "recall_micro", "value": 0.9334025511717591, "verified": false}, {"type": "roc_auc_micro", "value": 0.9578843615058076, "verified": false}, {"type": "accuracy", "value": 0.8032144257154057, "verified": false}, {"type": "runtime", "value": 9.6032, "verified": false}, {"type": "samples_per_second", "value": 265.641, "verified": false}, {"type": "steps_per_second", "value": 44.36, "verified": false}, {"type": "epoch", "value": 4, "verified": false}]}]}]}, "transformersInfo": {"auto_model": "AutoModelForSequenceClassification", "pipeline_tag": "text-classification", "processor": "AutoTokenizer"}, "siblings": [{"rfilename": ".gitattributes"}, {"rfilename": "README.md"}, {"rfilename": "config.json"}, {"rfilename": "model.safetensors"}, {"rfilename": "special_tokens_map.json"}, {"rfilename": "tokenizer.json"}, {"rfilename": "tokenizer_config.json"}, {"rfilename": "training_args.bin"}, {"rfilename": "vocab.txt"}], "spaces": [], "createdAt": "2024-06-22T18:06:25.000Z", "safetensors": {"parameters": {"F32": 109487623}, "total": 109487623}, "inferenceStatus": "not-loaded"}