{"_id": "641f090c7073e11ac198ed18", "id": "202k/10-finetuned-3", "modelId": "202k/10-finetuned-3", "author": "202k", "sha": "8d98340b16bd02d5171f36abee63099231421b54", "lastModified": "2023-03-25T14:45:56.000Z", "private": false, "disabled": false, "gated": false, "pipeline_tag": "text-classification", "tags": ["transformers", "pytorch", "tensorboard", "bert", "text-classification", "autotrain_compatible", "endpoints_compatible", "region:us"], "downloads": 3, "library_name": "transformers", "mask_token": "[MASK]", "widgetData": [{"text": "I like you. I love you"}], "likes": 0, "config": {"architectures": ["BertForSequenceClassification"], "model_type": "bert", "tokenizer_config": {"cls_token": "[CLS]", "mask_token": "[MASK]", "pad_token": "[PAD]", "sep_token": "[SEP]", "unk_token": "[UNK]"}}, "transformersInfo": {"auto_model": "AutoModelForSequenceClassification", "pipeline_tag": "text-classification", "processor": "AutoTokenizer"}, "siblings": [{"rfilename": ".gitattributes"}, {"rfilename": ".gitignore"}, {"rfilename": "config.json"}, {"rfilename": "pytorch_model.bin"}, {"rfilename": "runs/Mar25_14-45-31_d0d5017fae5a/1679755537.9883742/events.out.tfevents.1679755537.d0d5017fae5a.253.22"}, {"rfilename": "runs/Mar25_14-45-31_d0d5017fae5a/events.out.tfevents.1679755537.d0d5017fae5a.253.21"}, {"rfilename": "special_tokens_map.json"}, {"rfilename": "tokenizer.json"}, {"rfilename": "tokenizer_config.json"}, {"rfilename": "training_args.bin"}, {"rfilename": "vocab.txt"}], "spaces": [], "createdAt": "2023-03-25T14:45:32.000Z", "inferenceStatus": "not-loaded"}