{"_id": "641f0883d32e9db0ca097b6e", "id": "202k/10-finetuned-2", "modelId": "202k/10-finetuned-2", "author": "202k", "sha": "52528c8709ba85ac1f1917c4eea643f076f4d9fb", "lastModified": "2023-03-25T14:45:27.000Z", "private": false, "disabled": false, "gated": false, "pipeline_tag": "text-classification", "tags": ["transformers", "pytorch", "tensorboard", "bert", "text-classification", "generated_from_trainer", "license:apache-2.0", "autotrain_compatible", "endpoints_compatible", "region:us"], "downloads": 3, "library_name": "transformers", "mask_token": "[MASK]", "widgetData": [{"text": "I like you. I love you"}], "likes": 0, "model-index": [{"name": "10-finetuned-2", "results": []}], "config": {"architectures": ["BertForSequenceClassification"], "model_type": "bert", "tokenizer_config": {"cls_token": "[CLS]", "mask_token": "[MASK]", "pad_token": "[PAD]", "sep_token": "[SEP]", "unk_token": "[UNK]"}}, "cardData": {"license": "apache-2.0", "tags": ["generated_from_trainer"], "metrics": ["accuracy"], "model-index": [{"name": "10-finetuned-2", "results": []}]}, "transformersInfo": {"auto_model": "AutoModelForSequenceClassification", "pipeline_tag": "text-classification", "processor": "AutoTokenizer"}, "siblings": [{"rfilename": ".gitattributes"}, {"rfilename": ".gitignore"}, {"rfilename": "README.md"}, {"rfilename": "config.json"}, {"rfilename": "pytorch_model.bin"}, {"rfilename": "runs/Mar25_14-43-15_d0d5017fae5a/1679755400.9372406/events.out.tfevents.1679755400.d0d5017fae5a.253.19"}, {"rfilename": "runs/Mar25_14-43-15_d0d5017fae5a/events.out.tfevents.1679755400.d0d5017fae5a.253.18"}, {"rfilename": "runs/Mar25_14-43-15_d0d5017fae5a/events.out.tfevents.1679755495.d0d5017fae5a.253.20"}, {"rfilename": "special_tokens_map.json"}, {"rfilename": "tokenizer.json"}, {"rfilename": "tokenizer_config.json"}, {"rfilename": "training_args.bin"}, {"rfilename": "vocab.txt"}], "spaces": [], "createdAt": "2023-03-25T14:43:15.000Z", "inferenceStatus": "not-loaded"}