{"_id": "641fce6d9c1013836ce80cb2", "id": "202k/bert", "modelId": "202k/bert", "author": "202k", "sha": "46ed726cc47ac30ce56a032497c80cc3e485fcbb", "lastModified": "2023-03-27T13:54:25.000Z", "private": false, "disabled": false, "gated": false, "pipeline_tag": "text-classification", "tags": ["transformers", "pytorch", "tensorboard", "bert", "text-classification", "generated_from_trainer", "license:apache-2.0", "autotrain_compatible", "endpoints_compatible", "region:us"], "downloads": 3, "library_name": "transformers", "mask_token": "[MASK]", "widgetData": [{"text": "I like you. I love you"}], "likes": 0, "model-index": [{"name": "bert", "results": []}], "config": {"architectures": ["BertForSequenceClassification"], "model_type": "bert", "tokenizer_config": {"cls_token": "[CLS]", "mask_token": "[MASK]", "pad_token": "[PAD]", "sep_token": "[SEP]", "unk_token": "[UNK]"}}, "cardData": {"license": "apache-2.0", "tags": ["generated_from_trainer"], "metrics": ["accuracy"], "model-index": [{"name": "bert", "results": []}]}, "transformersInfo": {"auto_model": "AutoModelForSequenceClassification", "pipeline_tag": "text-classification", "processor": "AutoTokenizer"}, "siblings": [{"rfilename": ".gitattributes"}, {"rfilename": ".gitignore"}, {"rfilename": "README.md"}, {"rfilename": "config.json"}, {"rfilename": "pytorch_model.bin"}, {"rfilename": "runs/Mar26_04-47-40_b515509d3a6b/1679806066.9455192/events.out.tfevents.1679806066.b515509d3a6b.420.1"}, {"rfilename": "runs/Mar26_04-47-40_b515509d3a6b/events.out.tfevents.1679806066.b515509d3a6b.420.0"}, {"rfilename": "runs/Mar26_04-47-40_b515509d3a6b/events.out.tfevents.1679806183.b515509d3a6b.420.2"}, {"rfilename": "runs/Mar26_04-50-47_b515509d3a6b/1679806251.0366352/events.out.tfevents.1679806251.b515509d3a6b.420.4"}, {"rfilename": "runs/Mar26_04-50-47_b515509d3a6b/events.out.tfevents.1679806251.b515509d3a6b.420.3"}, {"rfilename": "runs/Mar26_04-50-47_b515509d3a6b/events.out.tfevents.1679806373.b515509d3a6b.420.5"}, {"rfilename": "runs/Mar26_04-53-27_b515509d3a6b/1679806411.330181/events.out.tfevents.1679806411.b515509d3a6b.420.7"}, {"rfilename": "runs/Mar26_04-53-27_b515509d3a6b/events.out.tfevents.1679806411.b515509d3a6b.420.6"}, {"rfilename": "runs/Mar26_04-53-27_b515509d3a6b/events.out.tfevents.1679806538.b515509d3a6b.420.8"}, {"rfilename": "runs/Mar26_04-56-11_b515509d3a6b/1679806575.757361/events.out.tfevents.1679806575.b515509d3a6b.420.10"}, {"rfilename": "runs/Mar26_04-56-11_b515509d3a6b/events.out.tfevents.1679806575.b515509d3a6b.420.9"}, {"rfilename": "runs/Mar26_04-56-11_b515509d3a6b/events.out.tfevents.1679806707.b515509d3a6b.420.11"}, {"rfilename": "runs/Mar26_04-59-00_b515509d3a6b/1679806743.803502/events.out.tfevents.1679806743.b515509d3a6b.420.13"}, {"rfilename": "runs/Mar26_04-59-00_b515509d3a6b/events.out.tfevents.1679806743.b515509d3a6b.420.12"}, {"rfilename": "runs/Mar26_04-59-00_b515509d3a6b/events.out.tfevents.1679806903.b515509d3a6b.420.14"}, {"rfilename": "runs/Mar26_05-02-15_b515509d3a6b/1679806939.4443638/events.out.tfevents.1679806939.b515509d3a6b.420.16"}, {"rfilename": "runs/Mar26_05-02-15_b515509d3a6b/events.out.tfevents.1679806939.b515509d3a6b.420.15"}, {"rfilename": "runs/Mar26_05-02-15_b515509d3a6b/events.out.tfevents.1679807119.b515509d3a6b.420.17"}, {"rfilename": "runs/Mar26_05-06-31_b515509d3a6b/1679807195.234109/events.out.tfevents.1679807195.b515509d3a6b.420.19"}, {"rfilename": "runs/Mar26_05-06-31_b515509d3a6b/events.out.tfevents.1679807195.b515509d3a6b.420.18"}, {"rfilename": "runs/Mar26_05-06-31_b515509d3a6b/events.out.tfevents.1679807387.b515509d3a6b.420.20"}, {"rfilename": "runs/Mar26_05-10-53_b515509d3a6b/1679807456.8326085/events.out.tfevents.1679807456.b515509d3a6b.420.22"}, {"rfilename": "runs/Mar26_05-10-53_b515509d3a6b/events.out.tfevents.1679807456.b515509d3a6b.420.21"}, {"rfilename": "runs/Mar26_05-10-53_b515509d3a6b/events.out.tfevents.1679807662.b515509d3a6b.420.23"}, {"rfilename": "runs/Mar26_05-15-30_b515509d3a6b/1679807733.8332858/events.out.tfevents.1679807733.b515509d3a6b.420.25"}, {"rfilename": "runs/Mar26_05-15-30_b515509d3a6b/events.out.tfevents.1679807733.b515509d3a6b.420.24"}, {"rfilename": "runs/Mar26_05-15-30_b515509d3a6b/events.out.tfevents.1679807950.b515509d3a6b.420.26"}, {"rfilename": "runs/Mar26_05-20-17_b515509d3a6b/1679808020.9696348/events.out.tfevents.1679808020.b515509d3a6b.420.28"}, {"rfilename": "runs/Mar26_05-20-17_b515509d3a6b/events.out.tfevents.1679808020.b515509d3a6b.420.27"}, {"rfilename": "runs/Mar26_05-20-17_b515509d3a6b/events.out.tfevents.1679808130.b515509d3a6b.420.29"}, {"rfilename": "runs/Mar26_05-23-18_b515509d3a6b/1679808202.5719492/events.out.tfevents.1679808202.b515509d3a6b.420.31"}, {"rfilename": "runs/Mar26_05-23-18_b515509d3a6b/events.out.tfevents.1679808202.b515509d3a6b.420.30"}, {"rfilename": "runs/Mar26_05-23-18_b515509d3a6b/events.out.tfevents.1679808314.b515509d3a6b.420.32"}, {"rfilename": "runs/Mar26_05-26-26_b515509d3a6b/1679808390.8915763/events.out.tfevents.1679808390.b515509d3a6b.420.34"}, {"rfilename": "runs/Mar26_05-26-26_b515509d3a6b/events.out.tfevents.1679808390.b515509d3a6b.420.33"}, {"rfilename": "runs/Mar26_05-26-26_b515509d3a6b/events.out.tfevents.1679808505.b515509d3a6b.420.35"}, {"rfilename": "runs/Mar26_05-29-31_b515509d3a6b/1679808575.0462344/events.out.tfevents.1679808575.b515509d3a6b.420.37"}, {"rfilename": "runs/Mar26_05-29-31_b515509d3a6b/events.out.tfevents.1679808575.b515509d3a6b.420.36"}, {"rfilename": "runs/Mar26_05-29-31_b515509d3a6b/events.out.tfevents.1679808686.b515509d3a6b.420.38"}, {"rfilename": "runs/Mar26_05-32-34_b515509d3a6b/1679808759.0119734/events.out.tfevents.1679808759.b515509d3a6b.420.40"}, {"rfilename": "runs/Mar26_05-32-34_b515509d3a6b/events.out.tfevents.1679808759.b515509d3a6b.420.39"}, {"rfilename": "runs/Mar26_05-32-34_b515509d3a6b/events.out.tfevents.1679808884.b515509d3a6b.420.41"}, {"rfilename": "runs/Mar26_05-35-50_b515509d3a6b/1679808953.7711818/events.out.tfevents.1679808953.b515509d3a6b.420.43"}, {"rfilename": "runs/Mar26_05-35-50_b515509d3a6b/events.out.tfevents.1679808953.b515509d3a6b.420.42"}, {"rfilename": "runs/Mar26_05-35-50_b515509d3a6b/events.out.tfevents.1679809085.b515509d3a6b.420.44"}, {"rfilename": "runs/Mar26_05-38-40_b515509d3a6b/1679809123.769253/events.out.tfevents.1679809123.b515509d3a6b.420.46"}, {"rfilename": "runs/Mar26_05-38-40_b515509d3a6b/events.out.tfevents.1679809123.b515509d3a6b.420.45"}, {"rfilename": "runs/Mar26_05-38-40_b515509d3a6b/events.out.tfevents.1679809258.b515509d3a6b.420.47"}, {"rfilename": "runs/Mar26_05-42-03_b515509d3a6b/1679809327.2576966/events.out.tfevents.1679809327.b515509d3a6b.420.49"}, {"rfilename": "runs/Mar26_05-42-03_b515509d3a6b/events.out.tfevents.1679809327.b515509d3a6b.420.48"}, {"rfilename": "runs/Mar26_05-42-03_b515509d3a6b/events.out.tfevents.1679809466.b515509d3a6b.420.50"}, {"rfilename": "runs/Mar26_05-45-01_b515509d3a6b/1679809505.4021835/events.out.tfevents.1679809505.b515509d3a6b.420.52"}, {"rfilename": "runs/Mar26_05-45-01_b515509d3a6b/events.out.tfevents.1679809505.b515509d3a6b.420.51"}, {"rfilename": "runs/Mar26_05-45-01_b515509d3a6b/events.out.tfevents.1679809643.b515509d3a6b.420.53"}, {"rfilename": "runs/Mar26_05-48-00_b515509d3a6b/1679809684.0941978/events.out.tfevents.1679809684.b515509d3a6b.420.55"}, {"rfilename": "runs/Mar26_05-48-00_b515509d3a6b/events.out.tfevents.1679809684.b515509d3a6b.420.54"}, {"rfilename": "runs/Mar26_05-48-00_b515509d3a6b/events.out.tfevents.1679809793.b515509d3a6b.420.56"}, {"rfilename": "runs/Mar26_05-50-59_b515509d3a6b/1679809863.292274/events.out.tfevents.1679809863.b515509d3a6b.420.58"}, {"rfilename": "runs/Mar26_05-50-59_b515509d3a6b/events.out.tfevents.1679809863.b515509d3a6b.420.57"}, {"rfilename": "runs/Mar26_05-50-59_b515509d3a6b/events.out.tfevents.1679809976.b515509d3a6b.420.59"}, {"rfilename": "runs/Mar26_05-54-04_b515509d3a6b/1679810048.105832/events.out.tfevents.1679810048.b515509d3a6b.420.61"}, {"rfilename": "runs/Mar26_05-54-04_b515509d3a6b/events.out.tfevents.1679810048.b515509d3a6b.420.60"}, {"rfilename": "runs/Mar26_05-54-04_b515509d3a6b/events.out.tfevents.1679810162.b515509d3a6b.420.62"}, {"rfilename": "runs/Mar26_05-57-07_b515509d3a6b/1679810231.5451603/events.out.tfevents.1679810231.b515509d3a6b.420.64"}, {"rfilename": "runs/Mar26_05-57-07_b515509d3a6b/events.out.tfevents.1679810231.b515509d3a6b.420.63"}, {"rfilename": "runs/Mar26_05-57-07_b515509d3a6b/events.out.tfevents.1679810352.b515509d3a6b.420.65"}, {"rfilename": "runs/Mar26_05-59-46_b515509d3a6b/1679810390.481003/events.out.tfevents.1679810390.b515509d3a6b.420.67"}, {"rfilename": "runs/Mar26_05-59-46_b515509d3a6b/events.out.tfevents.1679810390.b515509d3a6b.420.66"}, {"rfilename": "runs/Mar26_05-59-46_b515509d3a6b/events.out.tfevents.1679810517.b515509d3a6b.420.68"}, {"rfilename": "runs/Mar26_06-02-33_b515509d3a6b/1679810557.5590296/events.out.tfevents.1679810557.b515509d3a6b.420.70"}, {"rfilename": "runs/Mar26_06-02-33_b515509d3a6b/events.out.tfevents.1679810557.b515509d3a6b.420.69"}, {"rfilename": "runs/Mar26_06-02-33_b515509d3a6b/events.out.tfevents.1679810680.b515509d3a6b.420.71"}, {"rfilename": "runs/Mar26_06-05-14_b515509d3a6b/1679810718.5285637/events.out.tfevents.1679810718.b515509d3a6b.420.73"}, {"rfilename": "runs/Mar26_06-05-14_b515509d3a6b/events.out.tfevents.1679810718.b515509d3a6b.420.72"}, {"rfilename": "runs/Mar26_06-05-14_b515509d3a6b/events.out.tfevents.1679810851.b515509d3a6b.420.74"}, {"rfilename": "runs/Mar26_06-08-06_b515509d3a6b/1679810890.0841837/events.out.tfevents.1679810890.b515509d3a6b.420.76"}, {"rfilename": "runs/Mar26_06-08-06_b515509d3a6b/events.out.tfevents.1679810890.b515509d3a6b.420.75"}, {"rfilename": "runs/Mar26_06-08-06_b515509d3a6b/events.out.tfevents.1679811033.b515509d3a6b.420.77"}, {"rfilename": "runs/Mar26_06-11-07_b515509d3a6b/1679811071.3820548/events.out.tfevents.1679811071.b515509d3a6b.420.79"}, {"rfilename": "runs/Mar26_06-11-07_b515509d3a6b/events.out.tfevents.1679811071.b515509d3a6b.420.78"}, {"rfilename": "runs/Mar26_06-11-07_b515509d3a6b/events.out.tfevents.1679811212.b515509d3a6b.420.80"}, {"rfilename": "runs/Mar26_06-14-09_b515509d3a6b/1679811252.7015915/events.out.tfevents.1679811252.b515509d3a6b.420.82"}, {"rfilename": "runs/Mar26_06-14-09_b515509d3a6b/events.out.tfevents.1679811252.b515509d3a6b.420.81"}, {"rfilename": "runs/Mar26_06-14-09_b515509d3a6b/events.out.tfevents.1679811361.b515509d3a6b.420.83"}, {"rfilename": "runs/Mar26_06-17-08_b515509d3a6b/1679811431.7612405/events.out.tfevents.1679811431.b515509d3a6b.420.85"}, {"rfilename": "runs/Mar26_06-17-08_b515509d3a6b/events.out.tfevents.1679811431.b515509d3a6b.420.84"}, {"rfilename": "runs/Mar26_06-17-08_b515509d3a6b/events.out.tfevents.1679811544.b515509d3a6b.420.86"}, {"rfilename": "runs/Mar26_06-20-11_b515509d3a6b/1679811614.663352/events.out.tfevents.1679811614.b515509d3a6b.420.88"}, {"rfilename": "runs/Mar26_06-20-11_b515509d3a6b/events.out.tfevents.1679811614.b515509d3a6b.420.87"}, {"rfilename": "runs/Mar26_06-20-11_b515509d3a6b/events.out.tfevents.1679811725.b515509d3a6b.420.89"}, {"rfilename": "runs/Mar26_06-23-11_b515509d3a6b/1679811795.109291/events.out.tfevents.1679811795.b515509d3a6b.420.91"}, {"rfilename": "runs/Mar26_06-23-11_b515509d3a6b/events.out.tfevents.1679811795.b515509d3a6b.420.90"}, {"rfilename": "runs/Mar26_06-23-11_b515509d3a6b/events.out.tfevents.1679811909.b515509d3a6b.420.92"}, {"rfilename": "runs/Mar26_06-25-44_b515509d3a6b/1679811947.9004214/events.out.tfevents.1679811947.b515509d3a6b.420.94"}, {"rfilename": "runs/Mar26_06-25-44_b515509d3a6b/events.out.tfevents.1679811947.b515509d3a6b.420.93"}, {"rfilename": "runs/Mar26_06-25-44_b515509d3a6b/events.out.tfevents.1679812075.b515509d3a6b.420.95"}, {"rfilename": "runs/Mar26_06-28-31_b515509d3a6b/1679812115.2903454/events.out.tfevents.1679812115.b515509d3a6b.420.97"}, {"rfilename": "runs/Mar26_06-28-31_b515509d3a6b/events.out.tfevents.1679812115.b515509d3a6b.420.96"}, {"rfilename": "runs/Mar26_06-28-31_b515509d3a6b/events.out.tfevents.1679812240.b515509d3a6b.420.98"}, {"rfilename": "runs/Mar26_06-31-46_b515509d3a6b/1679812309.919582/events.out.tfevents.1679812309.b515509d3a6b.420.100"}, {"rfilename": "runs/Mar26_06-31-46_b515509d3a6b/events.out.tfevents.1679812309.b515509d3a6b.420.99"}, {"rfilename": "runs/Mar26_06-31-46_b515509d3a6b/events.out.tfevents.1679812439.b515509d3a6b.420.101"}, {"rfilename": "runs/Mar26_06-34-35_b515509d3a6b/1679812479.1989646/events.out.tfevents.1679812479.b515509d3a6b.420.103"}, {"rfilename": "runs/Mar26_06-34-35_b515509d3a6b/events.out.tfevents.1679812479.b515509d3a6b.420.102"}, {"rfilename": "runs/Mar26_06-34-35_b515509d3a6b/events.out.tfevents.1679812617.b515509d3a6b.420.104"}, {"rfilename": "runs/Mar26_06-37-31_b515509d3a6b/1679812655.5468242/events.out.tfevents.1679812655.b515509d3a6b.420.106"}, {"rfilename": "runs/Mar26_06-37-31_b515509d3a6b/events.out.tfevents.1679812655.b515509d3a6b.420.105"}, {"rfilename": "runs/Mar26_06-37-31_b515509d3a6b/events.out.tfevents.1679812829.b515509d3a6b.420.107"}, {"rfilename": "runs/Mar26_06-41-37_b515509d3a6b/1679812900.8168871/events.out.tfevents.1679812900.b515509d3a6b.420.109"}, {"rfilename": "runs/Mar26_06-41-37_b515509d3a6b/events.out.tfevents.1679812900.b515509d3a6b.420.108"}, {"rfilename": "runs/Mar26_06-41-37_b515509d3a6b/events.out.tfevents.1679812984.b515509d3a6b.420.110"}, {"rfilename": "runs/Mar26_06-43-21_b515509d3a6b/1679813005.6091354/events.out.tfevents.1679813005.b515509d3a6b.420.112"}, {"rfilename": "runs/Mar26_06-43-21_b515509d3a6b/events.out.tfevents.1679813005.b515509d3a6b.420.111"}, {"rfilename": "runs/Mar26_06-43-21_b515509d3a6b/events.out.tfevents.1679813089.b515509d3a6b.420.113"}, {"rfilename": "runs/Mar26_06-45-07_b515509d3a6b/1679813110.6699255/events.out.tfevents.1679813110.b515509d3a6b.420.115"}, {"rfilename": "runs/Mar26_06-45-07_b515509d3a6b/events.out.tfevents.1679813110.b515509d3a6b.420.114"}, {"rfilename": "runs/Mar26_06-45-07_b515509d3a6b/events.out.tfevents.1679813225.b515509d3a6b.420.116"}, {"rfilename": "runs/Mar26_06-48-12_b515509d3a6b/1679813296.2701848/events.out.tfevents.1679813296.b515509d3a6b.420.118"}, {"rfilename": "runs/Mar26_06-48-12_b515509d3a6b/events.out.tfevents.1679813296.b515509d3a6b.420.117"}, {"rfilename": "runs/Mar26_06-48-12_b515509d3a6b/events.out.tfevents.1679813417.b515509d3a6b.420.119"}, {"rfilename": "runs/Mar26_06-50-51_b515509d3a6b/1679813455.1750968/events.out.tfevents.1679813455.b515509d3a6b.420.121"}, {"rfilename": "runs/Mar26_06-50-51_b515509d3a6b/events.out.tfevents.1679813455.b515509d3a6b.420.120"}, {"rfilename": "runs/Mar26_06-50-51_b515509d3a6b/events.out.tfevents.1679813583.b515509d3a6b.420.122"}, {"rfilename": "runs/Mar26_06-53-38_b515509d3a6b/1679813622.526905/events.out.tfevents.1679813622.b515509d3a6b.420.124"}, {"rfilename": "runs/Mar26_06-53-38_b515509d3a6b/events.out.tfevents.1679813622.b515509d3a6b.420.123"}, {"rfilename": "runs/Mar26_06-53-38_b515509d3a6b/events.out.tfevents.1679813743.b515509d3a6b.420.125"}, {"rfilename": "runs/Mar26_06-56-51_b515509d3a6b/1679813815.5945592/events.out.tfevents.1679813815.b515509d3a6b.420.127"}, {"rfilename": "runs/Mar26_06-56-51_b515509d3a6b/events.out.tfevents.1679813815.b515509d3a6b.420.126"}, {"rfilename": "runs/Mar26_06-56-51_b515509d3a6b/events.out.tfevents.1679813953.b515509d3a6b.420.128"}, {"rfilename": "runs/Mar26_06-59-50_b515509d3a6b/1679813994.0889976/events.out.tfevents.1679813994.b515509d3a6b.420.130"}, {"rfilename": "runs/Mar26_06-59-50_b515509d3a6b/events.out.tfevents.1679813994.b515509d3a6b.420.129"}, {"rfilename": "runs/Mar26_06-59-50_b515509d3a6b/events.out.tfevents.1679814169.b515509d3a6b.420.131"}, {"rfilename": "runs/Mar26_07-03-57_b515509d3a6b/1679814240.847803/events.out.tfevents.1679814240.b515509d3a6b.420.133"}, {"rfilename": "runs/Mar26_07-03-57_b515509d3a6b/events.out.tfevents.1679814240.b515509d3a6b.420.132"}, {"rfilename": "runs/Mar26_07-03-57_b515509d3a6b/events.out.tfevents.1679814381.b515509d3a6b.420.134"}, {"rfilename": "runs/Mar27_13-49-03_0c8d5ee2dcb9/1679925064.694624/events.out.tfevents.1679925064.0c8d5ee2dcb9.132.1"}, {"rfilename": "runs/Mar27_13-49-03_0c8d5ee2dcb9/events.out.tfevents.1679925064.0c8d5ee2dcb9.132.0"}, {"rfilename": "runs/Mar27_13-49-03_0c8d5ee2dcb9/events.out.tfevents.1679925177.0c8d5ee2dcb9.132.2"}, {"rfilename": "special_tokens_map.json"}, {"rfilename": "tokenizer.json"}, {"rfilename": "tokenizer_config.json"}, {"rfilename": "training_args.bin"}, {"rfilename": "vocab.txt"}], "spaces": [], "createdAt": "2023-03-26T04:47:41.000Z", "inferenceStatus": "not-loaded"}