{"_id": "6419b834f0415b2ec8364308", "id": "202k/bert-base-uncased-finetuned-sst2", "modelId": "202k/bert-base-uncased-finetuned-sst2", "author": "202k", "sha": "09ddc51025476da8884c3f1c491ac7fde2231b4b", "lastModified": "2023-03-25T14:37:11.000Z", "private": false, "disabled": false, "gated": false, "pipeline_tag": "text-classification", "tags": ["transformers", "pytorch", "tensorboard", "bert", "text-classification", "generated_from_trainer", "license:apache-2.0", "autotrain_compatible", "endpoints_compatible", "region:us"], "downloads": 1, "library_name": "transformers", "mask_token": "[MASK]", "widgetData": [{"text": "I like you. I love you"}], "likes": 0, "model-index": [{"name": "bert-base-uncased-finetuned-sst2", "results": []}], "config": {"architectures": ["BertForSequenceClassification"], "model_type": "bert", "tokenizer_config": {"cls_token": "[CLS]", "mask_token": "[MASK]", "pad_token": "[PAD]", "sep_token": "[SEP]", "unk_token": "[UNK]"}}, "cardData": {"license": "apache-2.0", "tags": ["generated_from_trainer"], "model-index": [{"name": "bert-base-uncased-finetuned-sst2", "results": []}]}, "transformersInfo": {"auto_model": "AutoModelForSequenceClassification", "pipeline_tag": "text-classification", "processor": "AutoTokenizer"}, "siblings": [{"rfilename": ".gitattributes"}, {"rfilename": ".gitignore"}, {"rfilename": "README.md"}, {"rfilename": "config.json"}, {"rfilename": "pytorch_model.bin"}, {"rfilename": "runs/Mar25_13-58-21_d0d5017fae5a/1679753361.5229228/events.out.tfevents.1679753361.d0d5017fae5a.253.1"}, {"rfilename": "runs/Mar25_13-58-21_d0d5017fae5a/1679754112.8150234/events.out.tfevents.1679754112.d0d5017fae5a.253.3"}, {"rfilename": "runs/Mar25_13-58-21_d0d5017fae5a/1679754128.1450307/events.out.tfevents.1679754128.d0d5017fae5a.253.5"}, {"rfilename": "runs/Mar25_13-58-21_d0d5017fae5a/1679754738.5030534/events.out.tfevents.1679754738.d0d5017fae5a.253.8"}, {"rfilename": "runs/Mar25_13-58-21_d0d5017fae5a/1679754853.7760243/events.out.tfevents.1679754853.d0d5017fae5a.253.11"}, {"rfilename": "runs/Mar25_13-58-21_d0d5017fae5a/1679754969.5660818/events.out.tfevents.1679754969.d0d5017fae5a.253.14"}, {"rfilename": "runs/Mar25_13-58-21_d0d5017fae5a/events.out.tfevents.1679753361.d0d5017fae5a.253.0"}, {"rfilename": "runs/Mar25_13-58-21_d0d5017fae5a/events.out.tfevents.1679754112.d0d5017fae5a.253.2"}, {"rfilename": "runs/Mar25_13-58-21_d0d5017fae5a/events.out.tfevents.1679754128.d0d5017fae5a.253.4"}, {"rfilename": "runs/Mar25_13-58-21_d0d5017fae5a/events.out.tfevents.1679754238.d0d5017fae5a.253.6"}, {"rfilename": "runs/Mar25_13-58-21_d0d5017fae5a/events.out.tfevents.1679754738.d0d5017fae5a.253.7"}, {"rfilename": "runs/Mar25_13-58-21_d0d5017fae5a/events.out.tfevents.1679754850.d0d5017fae5a.253.9"}, {"rfilename": "runs/Mar25_13-58-21_d0d5017fae5a/events.out.tfevents.1679754853.d0d5017fae5a.253.10"}, {"rfilename": "runs/Mar25_13-58-21_d0d5017fae5a/events.out.tfevents.1679754966.d0d5017fae5a.253.12"}, {"rfilename": "runs/Mar25_13-58-21_d0d5017fae5a/events.out.tfevents.1679754969.d0d5017fae5a.253.13"}, {"rfilename": "special_tokens_map.json"}, {"rfilename": "tokenizer.json"}, {"rfilename": "tokenizer_config.json"}, {"rfilename": "training_args.bin"}, {"rfilename": "vocab.txt"}], "spaces": [], "createdAt": "2023-03-21T13:59:16.000Z", "inferenceStatus": "not-loaded"}