{"_id": "641f13ec7073e11ac199af08", "id": "202k/10-8-2", "modelId": "202k/10-8-2", "author": "202k", "sha": "bad0c2f0308f6e2497b6645faa6491bc4416ccbb", "lastModified": "2023-03-25T16:19:28.000Z", "private": false, "disabled": false, "gated": false, "pipeline_tag": "text-classification", "tags": ["transformers", "pytorch", "tensorboard", "bert", "text-classification", "autotrain_compatible", "endpoints_compatible", "region:us"], "downloads": 3, "library_name": "transformers", "mask_token": "[MASK]", "widgetData": [{"text": "I like you. I love you"}], "likes": 0, "config": {"architectures": ["BertForSequenceClassification"], "model_type": "bert", "tokenizer_config": {"cls_token": "[CLS]", "mask_token": "[MASK]", "pad_token": "[PAD]", "sep_token": "[SEP]", "unk_token": "[UNK]"}}, "transformersInfo": {"auto_model": "AutoModelForSequenceClassification", "pipeline_tag": "text-classification", "processor": "AutoTokenizer"}, "siblings": [{"rfilename": ".gitattributes"}, {"rfilename": ".gitignore"}, {"rfilename": "config.json"}, {"rfilename": "pytorch_model.bin"}, {"rfilename": "runs/Mar25_15-31-56_d0d5017fae5a/1679758322.6089995/events.out.tfevents.1679758322.d0d5017fae5a.253.46"}, {"rfilename": "runs/Mar25_15-31-56_d0d5017fae5a/events.out.tfevents.1679758322.d0d5017fae5a.253.45"}, {"rfilename": "runs/Mar25_16-14-27_ff55be225585/1679760989.9655643/events.out.tfevents.1679760989.ff55be225585.259.25"}, {"rfilename": "runs/Mar25_16-14-27_ff55be225585/events.out.tfevents.1679760989.ff55be225585.259.24"}, {"rfilename": "special_tokens_map.json"}, {"rfilename": "tokenizer.json"}, {"rfilename": "tokenizer_config.json"}, {"rfilename": "training_args.bin"}, {"rfilename": "vocab.txt"}], "spaces": [], "createdAt": "2023-03-25T15:31:56.000Z", "inferenceStatus": "not-loaded"}