{"_id": "641f1336fe9132fb18fde15e", "id": "202k/10-7-3", "modelId": "202k/10-7-3", "author": "202k", "sha": "699933a48751b6730011dbdabcd6963922283488", "lastModified": "2023-03-25T16:14:19.000Z", "private": false, "disabled": false, "gated": false, "pipeline_tag": "text-classification", "tags": ["transformers", "pytorch", "tensorboard", "bert", "text-classification", "generated_from_trainer", "license:apache-2.0", "autotrain_compatible", "endpoints_compatible", "region:us"], "downloads": 3, "library_name": "transformers", "mask_token": "[MASK]", "widgetData": [{"text": "I like you. I love you"}], "likes": 0, "model-index": [{"name": "10-7-3", "results": []}], "config": {"architectures": ["BertForSequenceClassification"], "model_type": "bert", "tokenizer_config": {"cls_token": "[CLS]", "mask_token": "[MASK]", "pad_token": "[PAD]", "sep_token": "[SEP]", "unk_token": "[UNK]"}}, "cardData": {"license": "apache-2.0", "tags": ["generated_from_trainer"], "metrics": ["accuracy"], "model-index": [{"name": "10-7-3", "results": []}]}, "transformersInfo": {"auto_model": "AutoModelForSequenceClassification", "pipeline_tag": "text-classification", "processor": "AutoTokenizer"}, "siblings": [{"rfilename": ".gitattributes"}, {"rfilename": ".gitignore"}, {"rfilename": "README.md"}, {"rfilename": "config.json"}, {"rfilename": "pytorch_model.bin"}, {"rfilename": "runs/Mar25_15-28-54_d0d5017fae5a/1679758140.6044984/events.out.tfevents.1679758140.d0d5017fae5a.253.43"}, {"rfilename": "runs/Mar25_15-28-54_d0d5017fae5a/events.out.tfevents.1679758140.d0d5017fae5a.253.42"}, {"rfilename": "runs/Mar25_15-28-54_d0d5017fae5a/events.out.tfevents.1679758276.d0d5017fae5a.253.44"}, {"rfilename": "runs/Mar25_16-09-28_ff55be225585/1679760685.510274/events.out.tfevents.1679760685.ff55be225585.259.22"}, {"rfilename": "runs/Mar25_16-09-28_ff55be225585/events.out.tfevents.1679760685.ff55be225585.259.21"}, {"rfilename": "special_tokens_map.json"}, {"rfilename": "tokenizer.json"}, {"rfilename": "tokenizer_config.json"}, {"rfilename": "training_args.bin"}, {"rfilename": "vocab.txt"}], "spaces": [], "createdAt": "2023-03-25T15:28:54.000Z", "inferenceStatus": "not-loaded"}