{"_id": "647b308d6dbad6ab0576f12b", "id": "203427as321/hnai_06032023_122237", "modelId": "203427as321/hnai_06032023_122237", "author": "203427as321", "sha": "998ad7147778d36ea7231f84321438c3d9c1bb6b", "lastModified": "2023-06-03T12:42:08.000Z", "private": false, "disabled": false, "gated": false, "pipeline_tag": "text-classification", "tags": ["transformers", "pytorch", "xlm-roberta", "text-classification", "autotrain_compatible", "endpoints_compatible", "region:us"], "downloads": 2, "library_name": "transformers", "mask_token": "<mask>", "widgetData": [{"text": "I like you. I love you"}], "likes": 0, "config": {"architectures": ["XLMRobertaForSequenceClassification"], "model_type": "xlm-roberta", "tokenizer_config": {"bos_token": "<s>", "cls_token": "<s>", "eos_token": "</s>", "mask_token": {"__type": "AddedToken", "content": "<mask>", "lstrip": true, "normalized": true, "rstrip": false, "single_word": false}, "pad_token": "<pad>", "sep_token": "</s>", "unk_token": "<unk>"}}, "transformersInfo": {"auto_model": "AutoModelForSequenceClassification", "pipeline_tag": "text-classification", "processor": "AutoTokenizer"}, "siblings": [{"rfilename": ".gitattributes"}, {"rfilename": "checkpoint-1000/config.json"}, {"rfilename": "checkpoint-1000/optimizer.pt"}, {"rfilename": "checkpoint-1000/pytorch_model.bin"}, {"rfilename": "checkpoint-1000/rng_state.pth"}, {"rfilename": "checkpoint-1000/scheduler.pt"}, {"rfilename": "checkpoint-1000/trainer_state.json"}, {"rfilename": "checkpoint-1000/training_args.bin"}, {"rfilename": "config.json"}, {"rfilename": "pytorch_model.bin"}, {"rfilename": "special_tokens_map.json"}, {"rfilename": "tokenizer.json"}, {"rfilename": "tokenizer_config.json"}, {"rfilename": "training_args.bin"}], "spaces": [], "createdAt": "2023-06-03T12:22:37.000Z", "inferenceStatus": "not-loaded"}