{"_id": "648b310335c534ab0034b025", "id": "203427as321/hnai_model", "modelId": "203427as321/hnai_model", "author": "203427as321", "sha": "9b973f7e4fb320df64e5055aecbf9a565a9e487c", "lastModified": "2023-06-20T18:16:26.000Z", "private": false, "disabled": false, "gated": false, "pipeline_tag": "text-classification", "tags": ["transformers", "pytorch", "tensorboard", "xlm-roberta", "text-classification", "generated_from_trainer", "license:mit", "autotrain_compatible", "endpoints_compatible", "region:us"], "downloads": 700, "library_name": "transformers", "mask_token": "<mask>", "widgetData": [{"text": "I like you. I love you"}], "likes": 0, "model-index": [{"name": "hnai_model", "results": []}], "config": {"architectures": ["XLMRobertaForSequenceClassification"], "model_type": "xlm-roberta", "tokenizer_config": {"bos_token": "<s>", "cls_token": "<s>", "eos_token": "</s>", "mask_token": {"__type": "AddedToken", "content": "<mask>", "lstrip": true, "normalized": true, "rstrip": false, "single_word": false}, "pad_token": "<pad>", "sep_token": "</s>", "unk_token": "<unk>"}}, "cardData": {"license": "mit", "tags": ["generated_from_trainer"], "model-index": [{"name": "hnai_model", "results": []}]}, "transformersInfo": {"auto_model": "AutoModelForSequenceClassification", "pipeline_tag": "text-classification", "processor": "AutoTokenizer"}, "siblings": [{"rfilename": ".gitattributes"}, {"rfilename": ".gitignore"}, {"rfilename": "README.md"}, {"rfilename": "config.json"}, {"rfilename": "pytorch_model.bin"}, {"rfilename": "runs/Jun15_10-40-49_RO-ONC-HSC100/1686843655.9485533/events.out.tfevents.1686843655.RO-ONC-HSC100.835730.1"}, {"rfilename": "runs/Jun15_10-40-49_RO-ONC-HSC100/events.out.tfevents.1686843655.RO-ONC-HSC100.835730.0"}, {"rfilename": "runs/Jun15_10-57-59_RO-ONC-HSC100/1686844682.886934/events.out.tfevents.1686844682.RO-ONC-HSC100.836865.1"}, {"rfilename": "runs/Jun15_10-57-59_RO-ONC-HSC100/events.out.tfevents.1686844682.RO-ONC-HSC100.836865.0"}, {"rfilename": "runs/Jun20_12-50-19_RO-ONC-HSC100/1687283657.3658593/events.out.tfevents.1687283657.RO-ONC-HSC100.875327.1"}, {"rfilename": "runs/Jun20_12-50-19_RO-ONC-HSC100/events.out.tfevents.1687283657.RO-ONC-HSC100.875327.0"}, {"rfilename": "sentencepiece.bpe.model"}, {"rfilename": "special_tokens_map.json"}, {"rfilename": "tokenizer.json"}, {"rfilename": "tokenizer_config.json"}, {"rfilename": "training_args.bin"}], "spaces": [], "createdAt": "2023-06-15T15:40:51.000Z", "inferenceStatus": "not-loaded"}