{"_id": "6436ab3fe0a496b34027ffad", "id": "20dc01/pruned-distilbert", "modelId": "20dc01/pruned-distilbert", "author": "20dc01", "sha": "079103e3cecc69429e1d48f5b292e84369c486cb", "lastModified": "2023-04-12T13:24:25.000Z", "private": false, "disabled": false, "gated": false, "pipeline_tag": "feature-extraction", "tags": ["transformers", "pytorch", "distilbert", "feature-extraction", "text-embeddings-inference", "endpoints_compatible", "region:us"], "downloads": 2, "library_name": "transformers", "mask_token": "[MASK]", "likes": 0, "config": {"architectures": ["DistilBertModel"], "model_type": "distilbert", "tokenizer_config": {"cls_token": "[CLS]", "mask_token": "[MASK]", "pad_token": "[PAD]", "sep_token": "[SEP]", "unk_token": "[UNK]"}}, "transformersInfo": {"auto_model": "AutoModel", "pipeline_tag": "feature-extraction", "processor": "AutoTokenizer"}, "siblings": [{"rfilename": ".gitattributes"}, {"rfilename": "config.json"}, {"rfilename": "pytorch_model.bin"}, {"rfilename": "special_tokens_map.json"}, {"rfilename": "tokenizer_config.json"}, {"rfilename": "vocab.txt"}], "spaces": [], "createdAt": "2023-04-12T12:59:43.000Z", "inferenceStatus": "not-loaded"}