{"_id": "65faaade6c570d132463c91d", "id": "210010020-iitdh/mistral_try", "modelId": "210010020-iitdh/mistral_try", "author": "210010020-iitdh", "sha": "f23bf0846badeb8052fd01829ea98ce094a9f695", "lastModified": "2024-03-20T09:23:09.000Z", "private": false, "disabled": false, "gated": false, "tags": ["transformers", "safetensors", "arxiv:1910.09700", "endpoints_compatible", "region:us"], "downloads": 0, "library_name": "transformers", "likes": 0, "model-index": null, "cardData": {"library_name": "transformers", "tags": []}, "transformersInfo": {"auto_model": "AutoModel"}, "siblings": [{"rfilename": ".gitattributes"}, {"rfilename": "README.md"}, {"rfilename": "adapter_config.json"}, {"rfilename": "adapter_model.safetensors"}], "spaces": [], "createdAt": "2024-03-20T09:22:38.000Z", "inferenceStatus": "not-loaded"}