{"_id": "65faabb6691908ca8fe51393", "id": "210010020-iitdh/mistral_finetuned_taylor_swift", "modelId": "210010020-iitdh/mistral_finetuned_taylor_swift", "author": "210010020-iitdh", "sha": "fc020ad835de8cd1f9086c5f06deb09a437b4035", "lastModified": "2024-03-20T09:27:09.000Z", "private": false, "disabled": false, "gated": false, "tags": ["transformers", "safetensors", "arxiv:1910.09700", "endpoints_compatible", "region:us"], "downloads": 0, "library_name": "transformers", "likes": 0, "model-index": null, "cardData": {"library_name": "transformers", "tags": []}, "transformersInfo": {"auto_model": "AutoModel"}, "siblings": [{"rfilename": ".gitattributes"}, {"rfilename": "README.md"}, {"rfilename": "adapter_config.json"}, {"rfilename": "adapter_model.safetensors"}], "spaces": [], "createdAt": "2024-03-20T09:26:14.000Z", "inferenceStatus": "not-loaded"}