{"_id": "64da42d5139c3065f92c307b", "id": "210010020-iitdh/Fine-tune-Whisper", "modelId": "210010020-iitdh/Fine-tune-Whisper", "author": "210010020-iitdh", "sha": "8a0a157f1b61710d8b464220dd27cb41a60026b7", "lastModified": "2023-08-14T15:40:16.000Z", "private": false, "disabled": false, "gated": false, "tags": ["region:us"], "downloads": 0, "likes": 1, "siblings": [{"rfilename": ".gitattributes"}, {"rfilename": "FIne_Tuning_Deadline_Tuesday.ipynb"}, {"rfilename": "README.md"}], "spaces": [], "createdAt": "2023-08-14T15:05:57.000Z", "inferenceStatus": "not-loaded"}