{"_id": "6615191c69f9e940508d12d4", "id": "210010020-iitdh/dvara-rnd1", "modelId": "210010020-iitdh/dvara-rnd1", "author": "210010020-iitdh", "sha": "b80f06a7d3ce0cd3148cb6ae248ce521e445094a", "lastModified": "2024-04-12T13:45:03.000Z", "private": false, "disabled": false, "gated": false, "tags": ["transformers", "safetensors", "arxiv:1910.09700", "endpoints_compatible", "region:us"], "downloads": 0, "library_name": "transformers", "likes": 0, "model-index": null, "cardData": {"library_name": "transformers", "tags": []}, "transformersInfo": {"auto_model": "AutoModel"}, "siblings": [{"rfilename": ".gitattributes"}, {"rfilename": "README.md"}, {"rfilename": "adapter_config.json"}, {"rfilename": "adapter_model.safetensors"}], "spaces": [], "createdAt": "2024-04-09T10:31:56.000Z", "inferenceStatus": "not-loaded"}