{"_id": "666cd65783571a7a054f799f", "id": "2121-8/TinySlime-1.1B-v1.0", "modelId": "2121-8/TinySlime-1.1B-v1.0", "author": "2121-8", "sha": "50304900938ea5571cb802c13f32d65687b2e175", "lastModified": "2024-07-02T03:58:25.000Z", "private": false, "disabled": false, "gated": false, "pipeline_tag": "text-generation", "tags": ["transformers", "safetensors", "llama", "text-generation", "OpenAccess AI Collective", "MPT", "axolotl", "PyTorch", "Transformers", "ja", "dataset:augmxnt/shisa-pretrain-en-ja-v1", "autotrain_compatible", "text-generation-inference", "endpoints_compatible", "region:us"], "downloads": 65, "library_name": "transformers", "likes": 1, "model-index": null, "config": {"architectures": ["LlamaForCausalLM"], "model_type": "llama", "tokenizer_config": {"bos_token": {"__type": "AddedToken", "content": "<s>", "lstrip": false, "normalized": false, "rstrip": false, "single_word": false}, "eos_token": {"__type": "AddedToken", "content": "</s>", "lstrip": false, "normalized": false, "rstrip": false, "single_word": false}, "pad_token": null, "unk_token": {"__type": "AddedToken", "content": "<unk>", "lstrip": false, "normalized": false, "rstrip": false, "single_word": false}}}, "cardData": {"datasets": ["augmxnt/shisa-pretrain-en-ja-v1"], "language": ["ja"], "pipeline_tag": "text-generation", "tags": ["OpenAccess AI Collective", "MPT", "axolotl", "PyTorch", "Transformers"]}, "transformersInfo": {"auto_model": "AutoModelForCausalLM", "pipeline_tag": "text-generation", "processor": "AutoTokenizer"}, "siblings": [{"rfilename": ".gitattributes"}, {"rfilename": "README.md"}, {"rfilename": "axolotl_config_qrwpz281.yml"}, {"rfilename": "config.json"}, {"rfilename": "generation_config.json"}, {"rfilename": "model.safetensors"}, {"rfilename": "special_tokens_map.json"}, {"rfilename": "tokenizer.json"}, {"rfilename": "tokenizer.model"}, {"rfilename": "tokenizer_config.json"}], "spaces": [], "createdAt": "2024-06-14T23:46:31.000Z", "safetensors": {"parameters": {"BF16": 1100048384}, "total": 1100048384}, "inferenceStatus": "not-loaded"}