{"_id": "65f2ba1aeab8c7a8a5d7fd4b", "id": "219x5a05k4gprecacin/final_project", "modelId": "219x5a05k4gprecacin/final_project", "author": "219x5a05k4gprecacin", "sha": "80b314bd93c081f9fb682aedf789433e0d764cc1", "lastModified": "2024-03-14T08:49:30.000Z", "private": false, "disabled": false, "gated": false, "tags": ["license:apache-2.0", "region:us"], "downloads": 0, "likes": 0, "model-index": null, "cardData": {"license": "apache-2.0"}, "siblings": [{"rfilename": ".gitattributes"}, {"rfilename": "README.md"}], "spaces": [], "createdAt": "2024-03-14T08:49:30.000Z", "inferenceStatus": "not-loaded"}