{"_id": "662a09adc38176750a9d6265", "id": "21bce239/tokenizer_dl_22", "modelId": "21bce239/tokenizer_dl_22", "author": "21bce239", "sha": "05ecefc3719da21ac7e1bb3079801e92ae337821", "lastModified": "2024-04-25T07:43:42.000Z", "private": false, "disabled": false, "gated": false, "tags": ["transformers", "arxiv:1910.09700", "endpoints_compatible", "region:us"], "downloads": 0, "library_name": "transformers", "likes": 0, "model-index": null, "config": {"tokenizer_config": {"cls_token": "[CLS]", "mask_token": "[MASK]", "pad_token": "[PAD]", "sep_token": "[SEP]", "unk_token": "[UNK]"}}, "cardData": {"library_name": "transformers", "tags": []}, "transformersInfo": {"auto_model": "AutoModel"}, "siblings": [{"rfilename": ".gitattributes"}, {"rfilename": "README.md"}, {"rfilename": "special_tokens_map.json"}, {"rfilename": "tokenizer.json"}, {"rfilename": "tokenizer_config.json"}, {"rfilename": "vocab.txt"}], "spaces": [], "createdAt": "2024-04-25T07:43:41.000Z", "inferenceStatus": "not-loaded"}