{"_id": "6629f567a6c33d2be1f1ec32", "id": "21bce239/tokenizer_dl_1", "modelId": "21bce239/tokenizer_dl_1", "author": "21bce239", "sha": "6a5d9db307ef2c80e401f0b690c0edfad5d706a8", "lastModified": "2024-04-25T06:17:14.000Z", "private": false, "disabled": false, "gated": false, "tags": ["transformers", "arxiv:1910.09700", "endpoints_compatible", "region:us"], "downloads": 0, "library_name": "transformers", "likes": 0, "model-index": null, "config": {"tokenizer_config": {"cls_token": "[CLS]", "mask_token": "[MASK]", "pad_token": "[PAD]", "sep_token": "[SEP]", "unk_token": "[UNK]"}}, "cardData": {"library_name": "transformers", "tags": []}, "transformersInfo": {"auto_model": "AutoModel"}, "siblings": [{"rfilename": ".gitattributes"}, {"rfilename": "README.md"}, {"rfilename": "special_tokens_map.json"}, {"rfilename": "tokenizer.json"}, {"rfilename": "tokenizer_config.json"}, {"rfilename": "vocab.txt"}], "spaces": [], "createdAt": "2024-04-25T06:17:11.000Z", "inferenceStatus": "not-loaded"}