{"_id": "62412f4a1ab171fb5eb991ce", "id": "21iridescent/bert-base-uncased-finetuned-squad", "modelId": "21iridescent/bert-base-uncased-finetuned-squad", "author": "21iridescent", "sha": "ddfa4491c3191cdae0368ef93ee607163bd6609f", "lastModified": "2022-03-28T03:45:14.000Z", "private": false, "disabled": false, "gated": false, "tags": ["region:us"], "downloads": 0, "likes": 0, "siblings": [{"rfilename": ".gitattributes"}], "spaces": [], "createdAt": "2022-03-28T03:45:14.000Z", "inferenceStatus": "not-loaded"}