{"_id": "634cd77c88c6b621d3582017", "id": "21iridescent/Relation-Extractor-ComSci", "modelId": "21iridescent/Relation-Extractor-ComSci", "author": "21iridescent", "sha": "1d7784f58b34a71340c5eb1a44876afe60a6aacc", "lastModified": "2022-10-17T07:08:10.000Z", "private": false, "disabled": false, "gated": false, "pipeline_tag": "text2text-generation", "tags": ["transformers", "pytorch", "tensorboard", "bart", "text2text-generation", "generated_from_trainer", "license:cc-by-nc-sa-4.0", "autotrain_compatible", "endpoints_compatible", "region:us"], "downloads": 4, "library_name": "transformers", "mask_token": "<mask>", "likes": 1, "model-index": [{"name": "output", "results": []}], "config": {"architectures": ["BartForConditionalGeneration"], "model_type": "bart", "tokenizer_config": {"bos_token": {"__type": "AddedToken", "content": "<s>", "lstrip": false, "normalized": true, "rstrip": false, "single_word": false}, "cls_token": {"__type": "AddedToken", "content": "<s>", "lstrip": false, "normalized": true, "rstrip": false, "single_word": false}, "eos_token": {"__type": "AddedToken", "content": "</s>", "lstrip": false, "normalized": true, "rstrip": false, "single_word": false}, "mask_token": {"__type": "AddedToken", "content": "<mask>", "lstrip": true, "normalized": true, "rstrip": false, "single_word": false}, "pad_token": {"__type": "AddedToken", "content": "<pad>", "lstrip": false, "normalized": true, "rstrip": false, "single_word": false}, "sep_token": {"__type": "AddedToken", "content": "</s>", "lstrip": false, "normalized": true, "rstrip": false, "single_word": false}, "unk_token": {"__type": "AddedToken", "content": "<unk>", "lstrip": false, "normalized": true, "rstrip": false, "single_word": false}}}, "cardData": {"license": "cc-by-nc-sa-4.0", "tags": ["generated_from_trainer"], "model-index": [{"name": "output", "results": []}]}, "transformersInfo": {"auto_model": "AutoModelForSeq2SeqLM", "pipeline_tag": "text2text-generation", "processor": "AutoTokenizer"}, "siblings": [{"rfilename": ".gitattributes"}, {"rfilename": ".gitignore"}, {"rfilename": "README.md"}, {"rfilename": "added_tokens.json"}, {"rfilename": "config.json"}, {"rfilename": "merges.txt"}, {"rfilename": "pytorch_model.bin"}, {"rfilename": "runs/Oct17_14-00-20_container-0a53119c3c-50ca8465/1665986437.3396678/events.out.tfevents.1665986437.container-0a53119c3c-50ca8465.20032.1"}, {"rfilename": "runs/Oct17_14-00-20_container-0a53119c3c-50ca8465/events.out.tfevents.1665986437.container-0a53119c3c-50ca8465.20032.0"}, {"rfilename": "runs/Oct17_14-49-43_container-0a53119c3c-50ca8465/1665989402.1112537/events.out.tfevents.1665989402.container-0a53119c3c-50ca8465.1209.1"}, {"rfilename": "runs/Oct17_14-49-43_container-0a53119c3c-50ca8465/events.out.tfevents.1665989402.container-0a53119c3c-50ca8465.1209.0"}, {"rfilename": "special_tokens_map.json"}, {"rfilename": "tokenizer.json"}, {"rfilename": "tokenizer_config.json"}, {"rfilename": "training_args.bin"}, {"rfilename": "vocab.json"}], "spaces": [], "createdAt": "2022-10-17T04:18:04.000Z", "inferenceStatus": "not-loaded"}