{"_id": "6245abfdd5895bdf34ef5db8", "id": "21iridescent/albert-xxlarge-v2-squad2-finetuned-squad2-lwt", "modelId": "21iridescent/albert-xxlarge-v2-squad2-finetuned-squad2-lwt", "author": "21iridescent", "sha": "ffeaf2244bc24ee5423b4b315baf21f2e4aa17cb", "lastModified": "2022-03-31T13:26:21.000Z", "private": false, "disabled": false, "gated": false, "tags": ["region:us"], "downloads": 0, "likes": 0, "siblings": [{"rfilename": ".gitattributes"}], "spaces": [], "createdAt": "2022-03-31T13:26:21.000Z", "inferenceStatus": "not-loaded"}