{"_id": "6536cf2be578addcc589ab40", "id": "21j3h123/iasdadad", "modelId": "21j3h123/iasdadad", "author": "21j3h123", "sha": "53e7b82e7d226309aeb53941c39d8e1b74468297", "lastModified": "2023-10-23T19:53:15.000Z", "private": false, "disabled": false, "gated": false, "tags": ["license:cc-by-nc-4.0", "region:us"], "downloads": 0, "likes": 0, "model-index": null, "cardData": {"license": "cc-by-nc-4.0"}, "siblings": [{"rfilename": ".gitattributes"}, {"rfilename": "README.md"}], "spaces": [], "createdAt": "2023-10-23T19:53:15.000Z", "inferenceStatus": "not-loaded"}