{"_id": "6536d5ca29f89004f3282f2f", "id": "21j3h123/adadada", "modelId": "21j3h123/adadada", "author": "21j3h123", "sha": "f72a4da8e34f139a57bdea0aec5ffc539a7f28f1", "lastModified": "2023-10-23T20:41:18.000Z", "private": false, "disabled": false, "gated": false, "pipeline_tag": "text-to-image", "tags": ["diffusers", "safetensors", "stable-diffusion", "stable-diffusion-diffusers", "stable-diffusion-xl", "lora", "text-to-image", "en", "dataset:frank-chieng/chinese_architecture_siheyuan", "base_model:stabilityai/stable-diffusion-xl-base-1.0", "license:openrail", "autotrain_compatible", "endpoints_compatible", "diffusers:StableDiffusionXLPipeline", "region:us"], "downloads": 16, "library_name": "diffusers", "widgetData": [{"text": "siheyuan, chinese traditional architecture, perfectly shaded, morning lighting, medium closeup, mystical setting, during the day", "example_title": "example1 siheyuan"}, {"text": "siheyuan, chinese modern architecture, perfectly shaded, night lighting, medium closeup, mystical setting, during the day", "example_title": "example2 siheyuan"}], "likes": 0, "model-index": null, "config": {"diffusers": {"_class_name": "StableDiffusionXLPipeline"}}, "cardData": {"license": "openrail", "language": ["en"], "tags": ["stable-diffusion", "stable-diffusion-diffusers", "stable-diffusion-xl", "lora", "diffusers"], "base_model": "stabilityai/stable-diffusion-xl-base-1.0", "datasets": ["frank-chieng/chinese_architecture_siheyuan"], "library_name": "diffusers", "inference": {"parameter": {"negative_prompt": null}}, "widget": [{"text": "siheyuan, chinese traditional architecture, perfectly shaded, morning lighting, medium closeup, mystical setting, during the day", "example_title": "example1 siheyuan"}, {"text": "siheyuan, chinese modern architecture, perfectly shaded, night lighting, medium closeup, mystical setting, during the day", "example_title": "example2 siheyuan"}], "pipeline_tag": "text-to-image"}, "siblings": [{"rfilename": ".gitattributes"}, {"rfilename": "README.md"}, {"rfilename": "model_index.json"}, {"rfilename": "output/sample/sdxl_lora_architecture_siheyuan_20230816065529_e000001_00.png"}, {"rfilename": "output/sample/sdxl_lora_architecture_siheyuan_20230816072912_e000002_00.png"}, {"rfilename": "output/sample/sdxl_lora_architecture_siheyuan_20230816080249_e000003_00.png"}, {"rfilename": "output/sample/sdxl_lora_architecture_siheyuan_20230816083632_e000004_00.png"}, {"rfilename": "output/sample/sdxl_lora_architecture_siheyuan_20230816091014_e000005_00.png"}, {"rfilename": "output/sample/sdxl_lora_architecture_siheyuan_20230816094355_e000006_00.png"}, {"rfilename": "output/sample/sdxl_lora_architecture_siheyuan_20230816101736_e000007_00.png"}, {"rfilename": "output/sample/sdxl_lora_architecture_siheyuan_20230816105116_e000008_00.png"}, {"rfilename": "output/sample/sdxl_lora_architecture_siheyuan_20230816112500_e000009_00.png"}, {"rfilename": "output/sample/sdxl_lora_architecture_siheyuan_20230816115844_e000010_00.png"}, {"rfilename": "output/sdxl_lora_architecture_siheyuan-000001.safetensors"}, {"rfilename": "output/sdxl_lora_architecture_siheyuan-000002.safetensors"}, {"rfilename": "output/sdxl_lora_architecture_siheyuan-000003.safetensors"}, {"rfilename": "output/sdxl_lora_architecture_siheyuan-000004.safetensors"}, {"rfilename": "output/sdxl_lora_architecture_siheyuan-000005.safetensors"}, {"rfilename": "output/sdxl_lora_architecture_siheyuan-000006.safetensors"}, {"rfilename": "output/sdxl_lora_architecture_siheyuan-000007.safetensors"}, {"rfilename": "output/sdxl_lora_architecture_siheyuan-000008.safetensors"}, {"rfilename": "output/sdxl_lora_architecture_siheyuan-000009.safetensors"}, {"rfilename": "output/sdxl_lora_architecture_siheyuan.safetensors"}, {"rfilename": "scheduler/scheduler_config.json"}, {"rfilename": "sdxl_lora_architecture_siheyuan.safetensors"}, {"rfilename": "sdxl_lora_architecture_siheyuan_config/config_file.toml"}, {"rfilename": "sdxl_lora_architecture_siheyuan_config/sample_prompt.toml"}, {"rfilename": "text_encoder/config.json"}, {"rfilename": "text_encoder/model.safetensors"}, {"rfilename": "text_encoder_2/config.json"}, {"rfilename": "text_encoder_2/model.safetensors"}, {"rfilename": "tokenizer/merges.txt"}, {"rfilename": "tokenizer/special_tokens_map.json"}, {"rfilename": "tokenizer/tokenizer_config.json"}, {"rfilename": "tokenizer/vocab.json"}, {"rfilename": "tokenizer_2/merges.txt"}, {"rfilename": "tokenizer_2/special_tokens_map.json"}, {"rfilename": "tokenizer_2/tokenizer_config.json"}, {"rfilename": "tokenizer_2/vocab.json"}, {"rfilename": "unet/config.json"}, {"rfilename": "unet/diffusion_pytorch_model.safetensors"}, {"rfilename": "vae/config.json"}, {"rfilename": "vae/diffusion_pytorch_model.safetensors"}], "spaces": ["allknowingroger/Image-Models-Test54", "allknowingroger/Image-Models-Test308"], "createdAt": "2023-10-23T20:21:30.000Z", "inferenceStatus": "not-loaded"}