{"_id": "653995db899a7547c97578f6", "id": "21j3h123/c0x001e", "modelId": "21j3h123/c0x001e", "author": "21j3h123", "sha": "fe46d690592fe0ed407eb1a6cfb21229aac4b190", "lastModified": "2023-10-25T23:09:54.000Z", "private": false, "disabled": false, "gated": false, "pipeline_tag": "text-to-image", "tags": ["diffusers", "text-to-image", "stable-diffusion", "lora", "base_model:stabilityai/stable-diffusion-xl-base-1.0", "license:apache-2.0", "region:us"], "downloads": 18, "library_name": "diffusers", "widgetData": [{"text": "dripped out shrek sitting on a lambo"}], "likes": 1, "model-index": null, "cardData": {"license": "apache-2.0", "tags": ["text-to-image", "stable-diffusion", "lora", "diffusers"], "base_model": "stabilityai/stable-diffusion-xl-base-1.0", "instance_prompt": "dripped out", "widget": [{"text": "dripped out shrek sitting on a lambo"}]}, "siblings": [{"rfilename": ".gitattributes"}, {"rfilename": "README.md"}, {"rfilename": "creepypic1024-v1-000003.safetensors"}], "spaces": ["allknowingroger/Image-Models-Test72"], "createdAt": "2023-10-25T22:25:31.000Z", "inferenceStatus": "not-loaded"}