{"_id": "65920ee15b7553ca5cb2fa43", "id": "21nao3/swin-tiny-patch4-window7-224-finetuned-eurosat", "modelId": "21nao3/swin-tiny-patch4-window7-224-finetuned-eurosat", "author": "21nao3", "sha": "b4d4d0db75addba787bd8302bf034d5ded6a5a5f", "lastModified": "2024-01-01T01:35:18.000Z", "private": false, "disabled": false, "gated": false, "pipeline_tag": "image-classification", "tags": ["transformers", "tensorboard", "safetensors", "swin", "image-classification", "generated_from_trainer", "dataset:image_folder", "base_model:microsoft/swin-tiny-patch4-window7-224", "license:apache-2.0", "model-index", "autotrain_compatible", "endpoints_compatible", "region:us"], "downloads": 0, "library_name": "transformers", "likes": 0, "model-index": [{"name": "swin-tiny-patch4-window7-224-finetuned-eurosat", "results": [{"task": {"name": "Image Classification", "type": "image-classification"}, "dataset": {"name": "image_folder", "type": "image_folder", "config": "default", "split": "train", "args": "default"}, "metrics": [{"name": "Accuracy", "type": "accuracy", "value": 0.38961038961038963, "verified": false}]}]}], "config": {"architectures": ["SwinForImageClassification"], "model_type": "swin"}, "cardData": {"license": "apache-2.0", "base_model": "microsoft/swin-tiny-patch4-window7-224", "tags": ["generated_from_trainer"], "datasets": ["image_folder"], "metrics": ["accuracy"], "model-index": [{"name": "swin-tiny-patch4-window7-224-finetuned-eurosat", "results": [{"task": {"name": "Image Classification", "type": "image-classification"}, "dataset": {"name": "image_folder", "type": "image_folder", "config": "default", "split": "train", "args": "default"}, "metrics": [{"name": "Accuracy", "type": "accuracy", "value": 0.38961038961038963, "verified": false}]}]}]}, "transformersInfo": {"auto_model": "AutoModelForImageClassification", "pipeline_tag": "image-classification", "processor": "AutoImageProcessor"}, "siblings": [{"rfilename": ".gitattributes"}, {"rfilename": "README.md"}, {"rfilename": "all_results.json"}, {"rfilename": "config.json"}, {"rfilename": "model.safetensors"}, {"rfilename": "preprocessor_config.json"}, {"rfilename": "runs/Jan01_01-01-09_f7deca9f757e/events.out.tfevents.1704070896.f7deca9f757e.42.0"}, {"rfilename": "runs/Jan01_01-01-09_f7deca9f757e/events.out.tfevents.1704071890.f7deca9f757e.42.1"}, {"rfilename": "train_results.json"}, {"rfilename": "trainer_state.json"}, {"rfilename": "training_args.bin"}], "spaces": [], "createdAt": "2024-01-01T01:01:21.000Z", "safetensors": {"parameters": {"I64": 28812, "F32": 27521661}, "total": 27550473}, "inferenceStatus": "not-loaded"}