{"_id": "647ecaaaf14eafc3b46c27da", "id": "21sysai/embeddings", "modelId": "21sysai/embeddings", "author": "21sysai", "sha": "d67049a7dece23a213abf7ff05bfdcc2d2d4e8ba", "lastModified": "2023-06-06T05:57:47.000Z", "private": false, "disabled": false, "gated": false, "tags": ["region:us"], "downloads": 0, "likes": 1, "siblings": [{"rfilename": ".gitattributes"}, {"rfilename": "21charturnerv2.pt"}, {"rfilename": "Asian-Less-Neg.pt"}, {"rfilename": "CyberRealistic_Negative-neg.pt"}, {"rfilename": "EasyNegativeV2.safetensors"}, {"rfilename": "HyperStylizeV6.pt"}, {"rfilename": "bad-artist-anime.pt"}, {"rfilename": "bad-artist.pt"}, {"rfilename": "bad-hands-5.pt"}, {"rfilename": "bad-image-v2-39000.pt"}, {"rfilename": "bad-picture-chill-75v.pt"}, {"rfilename": "bad_pictures.pt"}, {"rfilename": "bad_prompt.pt"}, {"rfilename": "bad_prompt_version2.pt"}, {"rfilename": "badhandv4.pt"}, {"rfilename": "charturnerv2.pt"}, {"rfilename": "easynegative.safetensors"}, {"rfilename": "nartfixer.pt"}, {"rfilename": "negative_hand-neg.pt"}, {"rfilename": "nfixer.pt"}, {"rfilename": "ng_deepnegative_v1_75t.pt"}, {"rfilename": "nrealfixer.pt"}, {"rfilename": "pureerosface_v1.pt"}, {"rfilename": "rmadanegative402_sd15-neg.pt"}, {"rfilename": "ulzzang-6500-v1.1.bin"}, {"rfilename": "ulzzang-6500.pt"}, {"rfilename": "verybadimagenegative_v1.3.pt"}], "spaces": [], "createdAt": "2023-06-06T05:56:58.000Z", "inferenceStatus": "not-loaded"}