{"_id": "647ec60a10b7a3b1571f18ee", "id": "21sysai/sd-webui", "modelId": "21sysai/sd-webui", "author": "21sysai", "sha": "d225936193b00c152d8090143dc94da8d5e32e28", "lastModified": "2023-06-06T05:42:45.000Z", "private": false, "disabled": false, "gated": false, "tags": ["region:us"], "downloads": 0, "likes": 0, "siblings": [{"rfilename": ".gitattributes"}, {"rfilename": "README.md"}, {"rfilename": "sd-webui.zip"}], "spaces": [], "createdAt": "2023-06-06T05:37:14.000Z", "inferenceStatus": "not-loaded"}