{"_id": "657dcfd9f4f72f2c4c165c5f", "id": "21world/go-bruins-v2.1.1.GGUF", "modelId": "21world/go-bruins-v2.1.1.GGUF", "author": "21world", "sha": "005a49c73e66cc6d24f8c62eebc1af7da56b25b7", "lastModified": "2023-12-17T07:17:22.000Z", "private": false, "disabled": false, "gated": false, "tags": ["gguf", "region:us"], "downloads": 74, "likes": 1, "siblings": [{"rfilename": ".gitattributes"}, {"rfilename": "README.md"}, {"rfilename": "go-bruins-v2.1.1-Q3_K_S.gguf"}, {"rfilename": "go-bruins-v2.1.1-Q4_K_S.gguf"}, {"rfilename": "go-bruins-v2.1.1-Q8_0.gguf"}], "spaces": [], "createdAt": "2023-12-16T16:27:05.000Z", "inferenceStatus": "not-loaded"}