{"_id": "6521745bf6ceb915cc7d74b4", "id": "2201vopirazvolirazwjwnwkakai/men10022006", "modelId": "2201vopirazvolirazwjwnwkakai/men10022006", "author": "2201vopirazvolirazwjwnwkakai", "sha": "b2ecb79c41eb882a647303699976503b4a3d4eb8", "lastModified": "2023-10-07T15:08:11.000Z", "private": false, "disabled": false, "gated": false, "tags": ["license:apache-2.0", "region:us"], "downloads": 0, "likes": 0, "model-index": null, "cardData": {"license": "apache-2.0"}, "siblings": [{"rfilename": ".gitattributes"}, {"rfilename": "README.md"}], "spaces": [], "createdAt": "2023-10-07T15:08:11.000Z", "inferenceStatus": "not-loaded"}