{"_id": "65fdc6bc976ef39916812b2d", "id": "22223eee/inj8umio", "modelId": "22223eee/inj8umio", "author": "22223eee", "sha": "60e49c30cd4ecc2a0aba9bbddc60fa0d8ab1ab9c", "lastModified": "2024-03-22T17:58:20.000Z", "private": false, "disabled": false, "gated": false, "tags": ["license:apache-2.0", "region:us"], "downloads": 0, "likes": 0, "model-index": null, "cardData": {"license": "apache-2.0"}, "siblings": [{"rfilename": ".gitattributes"}, {"rfilename": "README.md"}], "spaces": [], "createdAt": "2024-03-22T17:58:20.000Z", "inferenceStatus": "not-loaded"}