{"_id": "6417ccfc0d0b249ae58b8299", "id": "222zhaolinniloahszss/hhdaaa", "modelId": "222zhaolinniloahszss/hhdaaa", "author": "222zhaolinniloahszss", "sha": "c13fde7e29a38a301c883ca4c4be72f31d914b2c", "lastModified": "2023-03-20T03:09:46.000Z", "private": false, "disabled": false, "gated": false, "pipeline_tag": "video-classification", "tags": ["open_clip", "chemistry", "video-classification", "am", "ch", "zh", "en", "dataset:SirNeural/flan_v2", "dataset:fka/awesome-chatgpt-prompts", "license:openrail", "region:us"], "downloads": 0, "library_name": "open_clip", "likes": 0, "model-index": null, "cardData": {"license": "openrail", "datasets": ["SirNeural/flan_v2", "fka/awesome-chatgpt-prompts"], "language": ["am", "ch", "zh", "en"], "metrics": ["character"], "library_name": "open_clip", "pipeline_tag": "video-classification", "tags": ["chemistry"]}, "siblings": [{"rfilename": ".gitattributes"}, {"rfilename": "README.md"}], "spaces": [], "createdAt": "2023-03-20T03:03:24.000Z", "inferenceStatus": "not-loaded"}