{"_id": "6599f821eabe0f3e98e6b42d", "id": "22A223R/mytfodmodel_Run5", "modelId": "22A223R/mytfodmodel_Run5", "author": "22A223R", "sha": "d9b8e90f01d7ec18227597928423d5fda9a16200", "lastModified": "2024-01-07T01:28:56.000Z", "private": false, "disabled": false, "gated": false, "tags": ["tf-keras", "license:apache-2.0", "region:us"], "downloads": 0, "library_name": "tf-keras", "likes": 0, "model-index": null, "cardData": {"license": "apache-2.0"}, "siblings": [{"rfilename": ".gitattributes"}, {"rfilename": "README.md"}, {"rfilename": "checkpoint/checkpoint"}, {"rfilename": "checkpoint/ckpt-0.data-00000-of-00001"}, {"rfilename": "checkpoint/ckpt-0.index"}, {"rfilename": "pipeline.config"}, {"rfilename": "saved_model/saved_model.pb"}, {"rfilename": "saved_model/variables/variables.data-00000-of-00001"}, {"rfilename": "saved_model/variables/variables.index"}], "spaces": ["ITI107-2023S2/22A223R"], "createdAt": "2024-01-07T01:02:25.000Z", "inferenceStatus": "not-loaded"}