{"_id": "659a0e33acaab7bec361533c", "id": "22A223R/mytfodmodel_Run2", "modelId": "22A223R/mytfodmodel_Run2", "author": "22A223R", "sha": "744346d401d041e3358b091472b3be1b51fd338c", "lastModified": "2024-01-07T02:39:01.000Z", "private": false, "disabled": false, "gated": false, "tags": ["tf-keras", "license:apache-2.0", "region:us"], "downloads": 0, "library_name": "tf-keras", "likes": 0, "model-index": null, "cardData": {"license": "apache-2.0"}, "siblings": [{"rfilename": ".gitattributes"}, {"rfilename": "README.md"}, {"rfilename": "checkpoint/checkpoint"}, {"rfilename": "checkpoint/ckpt-0.data-00000-of-00001"}, {"rfilename": "checkpoint/ckpt-0.index"}, {"rfilename": "pipeline.config"}, {"rfilename": "saved_model/saved_model.pb"}, {"rfilename": "saved_model/variables/variables.data-00000-of-00001"}, {"rfilename": "saved_model/variables/variables.index"}], "spaces": [], "createdAt": "2024-01-07T02:36:35.000Z", "inferenceStatus": "not-loaded"}