{"_id": "6413c1b4ce07729a7c2372de", "id": "22h/cabrita-lora-v0-1", "modelId": "22h/cabrita-lora-v0-1", "author": "22h", "sha": "08b042e1bb08f8a7549bb539ef8a38a66263eee1", "lastModified": "2023-03-17T19:28:20.000Z", "private": false, "disabled": false, "gated": false, "tags": ["pt", "license:openrail", "region:us"], "downloads": 0, "likes": 70, "model-index": null, "cardData": {"license": "openrail", "language": ["pt"]}, "siblings": [{"rfilename": ".gitattributes"}, {"rfilename": "README.md"}, {"rfilename": "adapter_config.json"}, {"rfilename": "adapter_model.bin"}], "spaces": [], "createdAt": "2023-03-17T01:26:12.000Z", "inferenceStatus": "not-loaded"}