{"_id": "653cf848de20728b27c3884f", "id": "22Plaruno/chex", "modelId": "22Plaruno/chex", "author": "22Plaruno", "sha": "1654e102f6e07c93f0fedc1d5aa320ef7ab3b147", "lastModified": "2023-10-28T12:07:56.000Z", "private": false, "disabled": false, "gated": false, "tags": ["diffusers", "tensorboard", "safetensors", "diffusers:DDPMPipeline", "region:us"], "downloads": 0, "library_name": "diffusers", "likes": 0, "config": {"diffusers": {"_class_name": "DDPMPipeline"}}, "siblings": [{"rfilename": ".gitattributes"}, {"rfilename": "logs/train_unconditional/events.out.tfevents.1698494544.b5d491bd28f5.8599.0"}, {"rfilename": "model_index.json"}, {"rfilename": "scheduler/scheduler_config.json"}, {"rfilename": "unet/config.json"}, {"rfilename": "unet/diffusion_pytorch_model.safetensors"}], "spaces": [], "createdAt": "2023-10-28T12:02:16.000Z", "inferenceStatus": "not-loaded"}