{"_id": "653cf5d006a7bb4b1d6439dd", "id": "22Plaruno/x", "modelId": "22Plaruno/x", "author": "22Plaruno", "sha": "13f93acc2cf6224bed124bee525a862083bf70db", "lastModified": "2023-10-28T12:01:39.000Z", "private": false, "disabled": false, "gated": false, "tags": ["diffusers", "tensorboard", "safetensors", "diffusers:DDPMPipeline", "region:us"], "downloads": 0, "library_name": "diffusers", "likes": 0, "config": {"diffusers": {"_class_name": "DDPMPipeline"}}, "siblings": [{"rfilename": ".gitattributes"}, {"rfilename": "logs/train_unconditional/events.out.tfevents.1698494171.b5d491bd28f5.6970.0"}, {"rfilename": "model_index.json"}, {"rfilename": "scheduler/scheduler_config.json"}, {"rfilename": "unet/config.json"}, {"rfilename": "unet/diffusion_pytorch_model.safetensors"}], "spaces": [], "createdAt": "2023-10-28T11:51:44.000Z", "inferenceStatus": "not-loaded"}