{"_id": "653c27d7fbe250285fcb7284", "id": "22Plaruno/CodeWay", "modelId": "22Plaruno/CodeWay", "author": "22Plaruno", "sha": "0cc4a7873c6d1ae94e33558c0fb504a27ff3f17c", "lastModified": "2023-10-28T08:04:36.000Z", "private": false, "disabled": false, "gated": false, "pipeline_tag": "unconditional-image-generation", "tags": ["diffusers", "safetensors", "pytorch", "unconditional-image-generation", "diffusion-models-class", "license:mit", "diffusers:DDPMPipeline", "region:us"], "downloads": 13, "library_name": "diffusers", "likes": 0, "model-index": null, "config": {"diffusers": {"_class_name": "DDPMPipeline"}}, "cardData": {"license": "mit", "tags": ["pytorch", "diffusers", "unconditional-image-generation", "diffusion-models-class"]}, "siblings": [{"rfilename": ".gitattributes"}, {"rfilename": "README.md"}, {"rfilename": "config.json"}, {"rfilename": "diffusion_pytorch_model.safetensors"}, {"rfilename": "model_index.json"}, {"rfilename": "scheduler_config.json"}], "spaces": [], "createdAt": "2023-10-27T21:12:55.000Z", "inferenceStatus": "not-loaded"}