{"_id": "653d103178214ec5d5bd96e7", "id": "22Plaruno/chex_5", "modelId": "22Plaruno/chex_5", "author": "22Plaruno", "sha": "3a82ce36e50dbc9e0abc33d2bc086c4c33f359b5", "lastModified": "2023-10-28T14:22:41.000Z", "private": false, "disabled": false, "gated": false, "tags": ["diffusers", "tensorboard", "safetensors", "diffusers:DDPMPipeline", "region:us"], "downloads": 0, "library_name": "diffusers", "likes": 0, "config": {"diffusers": {"_class_name": "DDPMPipeline"}}, "siblings": [{"rfilename": ".gitattributes"}, {"rfilename": "checkpoint-1000/optimizer.bin"}, {"rfilename": "checkpoint-1000/random_states_0.pkl"}, {"rfilename": "checkpoint-1000/scheduler.bin"}, {"rfilename": "checkpoint-1000/unet/config.json"}, {"rfilename": "checkpoint-1000/unet/diffusion_pytorch_model.safetensors"}, {"rfilename": "checkpoint-1000/unet_ema/config.json"}, {"rfilename": "checkpoint-1000/unet_ema/diffusion_pytorch_model.safetensors"}, {"rfilename": "checkpoint-1500/optimizer.bin"}, {"rfilename": "checkpoint-1500/random_states_0.pkl"}, {"rfilename": "checkpoint-1500/scheduler.bin"}, {"rfilename": "checkpoint-1500/unet/config.json"}, {"rfilename": "checkpoint-1500/unet/diffusion_pytorch_model.safetensors"}, {"rfilename": "checkpoint-1500/unet_ema/config.json"}, {"rfilename": "checkpoint-1500/unet_ema/diffusion_pytorch_model.safetensors"}, {"rfilename": "checkpoint-2000/optimizer.bin"}, {"rfilename": "checkpoint-2000/random_states_0.pkl"}, {"rfilename": "checkpoint-2000/scheduler.bin"}, {"rfilename": "checkpoint-2000/unet/config.json"}, {"rfilename": "checkpoint-2000/unet/diffusion_pytorch_model.safetensors"}, {"rfilename": "checkpoint-2000/unet_ema/config.json"}, {"rfilename": "checkpoint-2000/unet_ema/diffusion_pytorch_model.safetensors"}, {"rfilename": "checkpoint-2500/optimizer.bin"}, {"rfilename": "checkpoint-2500/random_states_0.pkl"}, {"rfilename": "checkpoint-2500/scheduler.bin"}, {"rfilename": "checkpoint-2500/unet/config.json"}, {"rfilename": "checkpoint-2500/unet/diffusion_pytorch_model.safetensors"}, {"rfilename": "checkpoint-2500/unet_ema/config.json"}, {"rfilename": "checkpoint-2500/unet_ema/diffusion_pytorch_model.safetensors"}, {"rfilename": "checkpoint-3000/optimizer.bin"}, {"rfilename": "checkpoint-3000/random_states_0.pkl"}, {"rfilename": "checkpoint-3000/scheduler.bin"}, {"rfilename": "checkpoint-3000/unet/config.json"}, {"rfilename": "checkpoint-3000/unet/diffusion_pytorch_model.safetensors"}, {"rfilename": "checkpoint-3000/unet_ema/config.json"}, {"rfilename": "checkpoint-3000/unet_ema/diffusion_pytorch_model.safetensors"}, {"rfilename": "checkpoint-3500/optimizer.bin"}, {"rfilename": "checkpoint-3500/random_states_0.pkl"}, {"rfilename": "checkpoint-3500/scheduler.bin"}, {"rfilename": "checkpoint-3500/unet/config.json"}, {"rfilename": "checkpoint-3500/unet/diffusion_pytorch_model.safetensors"}, {"rfilename": "checkpoint-3500/unet_ema/config.json"}, {"rfilename": "checkpoint-3500/unet_ema/diffusion_pytorch_model.safetensors"}, {"rfilename": "checkpoint-4000/optimizer.bin"}, {"rfilename": "checkpoint-4000/random_states_0.pkl"}, {"rfilename": "checkpoint-4000/scheduler.bin"}, {"rfilename": "checkpoint-4000/unet/config.json"}, {"rfilename": "checkpoint-4000/unet/diffusion_pytorch_model.safetensors"}, {"rfilename": "checkpoint-4000/unet_ema/config.json"}, {"rfilename": "checkpoint-4000/unet_ema/diffusion_pytorch_model.safetensors"}, {"rfilename": "checkpoint-500/optimizer.bin"}, {"rfilename": "checkpoint-500/random_states_0.pkl"}, {"rfilename": "checkpoint-500/scheduler.bin"}, {"rfilename": "checkpoint-500/unet/config.json"}, {"rfilename": "checkpoint-500/unet/diffusion_pytorch_model.safetensors"}, {"rfilename": "checkpoint-500/unet_ema/config.json"}, {"rfilename": "checkpoint-500/unet_ema/diffusion_pytorch_model.safetensors"}, {"rfilename": "logs/train_unconditional/events.out.tfevents.1698500688.b5d491bd28f5.34273.0"}, {"rfilename": "model_index.json"}, {"rfilename": "scheduler/scheduler_config.json"}, {"rfilename": "unet/config.json"}, {"rfilename": "unet/diffusion_pytorch_model.safetensors"}], "spaces": [], "createdAt": "2023-10-28T13:44:17.000Z", "inferenceStatus": "not-loaded"}