{"_id": "653ce26d885338b011c2d014", "id": "22Plaruno/100_faces", "modelId": "22Plaruno/100_faces", "author": "22Plaruno", "sha": "5ecf85fb8501ee3964235645bbaed7d5f15133f2", "lastModified": "2023-10-28T10:29:19.000Z", "private": false, "disabled": false, "gated": false, "tags": ["diffusers", "safetensors", "diffusers:DDPMPipeline", "region:us"], "downloads": 10, "library_name": "diffusers", "likes": 0, "config": {"diffusers": {"_class_name": "DDPMPipeline"}}, "siblings": [{"rfilename": ".gitattributes"}, {"rfilename": "config.json"}, {"rfilename": "diffusion_pytorch_model.safetensors"}, {"rfilename": "model_index.json"}, {"rfilename": "scheduler_config.json"}], "spaces": [], "createdAt": "2023-10-28T10:29:01.000Z", "inferenceStatus": "not-loaded"}