{"_id": "65e0404e6744c46142e605c4", "id": "22x99/w2v2-ru-prre", "modelId": "22x99/w2v2-ru-prre", "author": "22x99", "sha": "6a8181d8f9da6af6ba905422a3a94ac39fd91206", "lastModified": "2024-02-29T12:59:11.000Z", "private": false, "disabled": false, "gated": false, "pipeline_tag": "automatic-speech-recognition", "tags": ["transformers", "safetensors", "wav2vec2-bert", "automatic-speech-recognition", "arxiv:1910.09700", "endpoints_compatible", "region:us"], "downloads": 0, "library_name": "transformers", "likes": 0, "model-index": null, "config": {"architectures": ["Wav2Vec2BertForCTC"], "model_type": "wav2vec2-bert", "tokenizer_config": {"bos_token": "<s>", "eos_token": "</s>", "pad_token": "[PAD]", "unk_token": "[UNK]"}}, "cardData": {"library_name": "transformers", "tags": []}, "transformersInfo": {"auto_model": "AutoModelForCTC", "pipeline_tag": "automatic-speech-recognition", "processor": "AutoProcessor"}, "siblings": [{"rfilename": ".gitattributes"}, {"rfilename": "README.md"}, {"rfilename": "added_tokens.json"}, {"rfilename": "config.json"}, {"rfilename": "model.safetensors"}, {"rfilename": "preprocessor_config.json"}, {"rfilename": "special_tokens_map.json"}, {"rfilename": "tokenizer_config.json"}, {"rfilename": "training_args.bin"}, {"rfilename": "vocab.json"}], "spaces": [], "createdAt": "2024-02-29T08:29:02.000Z", "safetensors": {"parameters": {"F32": 605716326}, "total": 605716326}, "inferenceStatus": "not-loaded"}