{"_id": "65dee13082867faff08a41e2", "id": "22x99/w2v2-ru4", "modelId": "22x99/w2v2-ru4", "author": "22x99", "sha": "9594aa5d5a6659202ac7b81da564d96c2fd14b96", "lastModified": "2024-02-28T13:12:28.000Z", "private": false, "disabled": false, "gated": false, "pipeline_tag": "automatic-speech-recognition", "tags": ["transformers", "tensorboard", "safetensors", "wav2vec2-bert", "automatic-speech-recognition", "arxiv:1910.09700", "endpoints_compatible", "region:us"], "downloads": 0, "library_name": "transformers", "likes": 0, "model-index": null, "config": {"architectures": ["Wav2Vec2BertForCTC"], "model_type": "wav2vec2-bert", "tokenizer_config": {"bos_token": "<s>", "eos_token": "</s>", "pad_token": "[PAD]", "unk_token": "[UNK]"}}, "cardData": {"library_name": "transformers", "tags": []}, "transformersInfo": {"auto_model": "AutoModelForCTC", "pipeline_tag": "automatic-speech-recognition", "processor": "AutoProcessor"}, "siblings": [{"rfilename": ".gitattributes"}, {"rfilename": "README.md"}, {"rfilename": "added_tokens.json"}, {"rfilename": "config.json"}, {"rfilename": "model.safetensors"}, {"rfilename": "preprocessor_config.json"}, {"rfilename": "runs/Feb28_13-45-45_DESKTOP-U1V8CI0/events.out.tfevents.1709106944.DESKTOP-U1V8CI0.10688.0"}, {"rfilename": "special_tokens_map.json"}, {"rfilename": "tokenizer_config.json"}, {"rfilename": "training_args.bin"}, {"rfilename": "vocab.json"}], "spaces": [], "createdAt": "2024-02-28T07:30:56.000Z", "safetensors": {"parameters": {"F32": 605716326}, "total": 605716326}, "inferenceStatus": "not-loaded"}