{"_id": "6268485026476157a9248664", "id": "2320sharon/Sniffer-Classifer", "modelId": "2320sharon/Sniffer-Classifer", "author": "2320sharon", "sha": "8d5726b4bc7832cfd3edc47ea56a18037da5b739", "lastModified": "2022-04-26T22:47:44.000Z", "private": false, "disabled": false, "gated": false, "tags": ["tf-keras", "license:mit", "region:us"], "downloads": 3, "library_name": "tf-keras", "likes": 0, "model-index": null, "cardData": {"license": "mit"}, "siblings": [{"rfilename": ".gitattributes"}, {"rfilename": "README.md"}, {"rfilename": "keras_metadata.pb"}, {"rfilename": "saved_model.pb"}, {"rfilename": "variables/variables.data-00000-of-00001"}, {"rfilename": "variables/variables.index"}], "spaces": [], "createdAt": "2022-04-26T19:30:24.000Z", "inferenceStatus": "not-loaded"}