{"_id": "65dcde20ec8083e4ab496786", "id": "234bcn/MasumiSeraLORAv2", "modelId": "234bcn/MasumiSeraLORAv2", "author": "234bcn", "sha": "61aac60ff53875ed912c95cd0ea841cec084f410", "lastModified": "2024-02-26T18:53:29.000Z", "private": false, "disabled": false, "gated": false, "pipeline_tag": "text-to-image", "tags": ["diffusers", "text-to-image", "stable-diffusion", "lora", "template:sd-lora", "base_model:stabilityai/stable-diffusion-xl-base-1.0", "region:us"], "downloads": 28, "library_name": "diffusers", "widgetData": [{"text": "masterpiece, best quality, anime, Detective Conan, Masumi Sera,", "parameters": {"negative_prompt": "lowres, bad anatomy, bad hands, text, error, missing fingers, extra digit, fewer digits, cropped, worst quality, low quality, normal quality, jpeg artifacts, signature, watermark, username, blurry, "}, "output": {"url": "https://huggingface.co/234bcn/MasumiSeraLORAv2/resolve/main/images/SeraLoraV2_20240226180959_e000010_01.png"}}, {"text": "masterpiece, best quality, anime, Detective Conan, Masumi Sera,", "parameters": {"negative_prompt": "lowres, bad anatomy, bad hands, text, error, missing fingers, extra digit, fewer digits, cropped, worst quality, low quality, normal quality, jpeg artifacts, signature, watermark, username, blurry, "}, "output": {"url": "https://huggingface.co/234bcn/MasumiSeraLORAv2/resolve/main/images/SeraLoraV2_20240226180924_e000010_00.png"}}, {"text": "masterpiece, best quality, anime, Detective Conan, Masumi Sera,", "parameters": {"negative_prompt": "lowres, bad anatomy, bad hands, text, error, missing fingers, extra digit, fewer digits, cropped, worst quality, low quality, normal quality, jpeg artifacts, signature, watermark, username, blurry, "}, "output": {"url": "https://huggingface.co/234bcn/MasumiSeraLORAv2/resolve/main/images/SeraLoraV2_20240226175941_e000009_01.png"}}], "likes": 1, "model-index": null, "cardData": {"tags": ["text-to-image", "stable-diffusion", "lora", "diffusers", "template:sd-lora"], "widget": [{"text": "masterpiece, best quality, anime, Detective Conan, Masumi Sera,", "parameters": {"negative_prompt": "lowres, bad anatomy, bad hands, text, error, missing fingers, extra digit, fewer digits, cropped, worst quality, low quality, normal quality, jpeg artifacts, signature, watermark, username, blurry, "}, "output": {"url": "https://huggingface.co/234bcn/MasumiSeraLORAv2/resolve/main/images/SeraLoraV2_20240226180959_e000010_01.png"}}, {"text": "masterpiece, best quality, anime, Detective Conan, Masumi Sera,", "parameters": {"negative_prompt": "lowres, bad anatomy, bad hands, text, error, missing fingers, extra digit, fewer digits, cropped, worst quality, low quality, normal quality, jpeg artifacts, signature, watermark, username, blurry, "}, "output": {"url": "https://huggingface.co/234bcn/MasumiSeraLORAv2/resolve/main/images/SeraLoraV2_20240226180924_e000010_00.png"}}, {"text": "masterpiece, best quality, anime, Detective Conan, Masumi Sera,", "parameters": {"negative_prompt": "lowres, bad anatomy, bad hands, text, error, missing fingers, extra digit, fewer digits, cropped, worst quality, low quality, normal quality, jpeg artifacts, signature, watermark, username, blurry, "}, "output": {"url": "https://huggingface.co/234bcn/MasumiSeraLORAv2/resolve/main/images/SeraLoraV2_20240226175941_e000009_01.png"}}], "base_model": "stabilityai/stable-diffusion-xl-base-1.0", "instance_prompt": "Masumi Sera, Detective Conan, anime"}, "siblings": [{"rfilename": ".gitattributes"}, {"rfilename": "README.md"}, {"rfilename": "SeraLoraV2.safetensors"}, {"rfilename": "images/SeraLoraV2_20240226175941_e000009_01.png"}, {"rfilename": "images/SeraLoraV2_20240226180924_e000010_00.png"}, {"rfilename": "images/SeraLoraV2_20240226180959_e000010_01.png"}], "spaces": ["allknowingroger/Image-Models-Test335", "PeepDaSlan9/B2BMGMT_234bcn-MasumiSeraLORAv2"], "createdAt": "2024-02-26T18:53:20.000Z", "inferenceStatus": "not-loaded"}