{"_id": "65cf67969e6805a7b15e31c9", "id": "234bcn/Masumi_Sera_SDXLora", "modelId": "234bcn/Masumi_Sera_SDXLora", "author": "234bcn", "sha": "38e0ab661a40e59d4666a45b1b6105ef36057cb6", "lastModified": "2024-02-16T13:48:15.000Z", "private": false, "disabled": false, "gated": false, "pipeline_tag": "text-to-image", "tags": ["diffusers", "text-to-image", "stable-diffusion", "lora", "template:sd-lora", "base_model:stabilityai/stable-diffusion-xl-base-1.0", "region:us"], "downloads": 16, "library_name": "diffusers", "widgetData": [{"text": "Masumi Sera, detective conan, masumi_sera, full body, girl, anime", "output": {"url": "https://huggingface.co/234bcn/Masumi_Sera_SDXLora/resolve/main/images/2024-01-14_17-02-06_3018.png"}}, {"text": "Masumi Sera, detective conan, masumi_sera, full body, girl, anime", "parameters": {"negative_prompt": "blurry, deformed, weird, weird face, blurry, strange, malformed, photo, realistic, ((watermark)), ((text))"}, "output": {"url": "https://huggingface.co/234bcn/Masumi_Sera_SDXLora/resolve/main/images/2024-02-16_14-47-11_4396.png"}}], "likes": 1, "model-index": null, "cardData": {"tags": ["text-to-image", "stable-diffusion", "lora", "diffusers", "template:sd-lora"], "widget": [{"text": "Masumi Sera, detective conan, masumi_sera, full body, girl, anime", "output": {"url": "https://huggingface.co/234bcn/Masumi_Sera_SDXLora/resolve/main/images/2024-01-14_17-02-06_3018.png"}}, {"text": "Masumi Sera, detective conan, masumi_sera, full body, girl, anime", "parameters": {"negative_prompt": "blurry, deformed, weird, weird face, blurry, strange, malformed, photo, realistic, ((watermark)), ((text))"}, "output": {"url": "https://huggingface.co/234bcn/Masumi_Sera_SDXLora/resolve/main/images/2024-02-16_14-47-11_4396.png"}}], "base_model": "stabilityai/stable-diffusion-xl-base-1.0", "instance_prompt": "detective conan, masumi sera"}, "siblings": [{"rfilename": ".gitattributes"}, {"rfilename": "README.md"}, {"rfilename": "images/2024-01-14_17-02-06_3018.png"}, {"rfilename": "images/2024-02-16_14-47-11_4396.png"}, {"rfilename": "masumi_sera_lora.safetensors"}], "spaces": ["allknowingroger/Image-Models-Test325"], "createdAt": "2024-02-16T13:48:06.000Z", "inferenceStatus": "not-loaded"}