{"_id": "659a47d64487b430c2a557f2", "id": "23A066X/23A066X_model", "modelId": "23A066X/23A066X_model", "author": "23A066X", "sha": "f8af2b2d2d20dabaaa0f174777224949848be9b6", "lastModified": "2024-01-07T08:07:39.000Z", "private": false, "disabled": false, "gated": false, "tags": ["tf-keras", "license:apache-2.0", "region:us"], "downloads": 1, "library_name": "tf-keras", "likes": 0, "model-index": null, "cardData": {"license": "apache-2.0"}, "siblings": [{"rfilename": ".gitattributes"}, {"rfilename": "README.md"}, {"rfilename": "checkpoint/checkpoint"}, {"rfilename": "checkpoint/ckpt-0.data-00000-of-00001"}, {"rfilename": "checkpoint/ckpt-0.index"}, {"rfilename": "pipeline.config"}, {"rfilename": "saved_model/Hugging Face \u2013 The AI community building the future..html"}, {"rfilename": "saved_model/saved_model.pb"}, {"rfilename": "saved_model/variables/variables.data-00000-of-00001"}, {"rfilename": "saved_model/variables/variables.index"}, {"rfilename": "variables/variables.data-00000-of-00001"}, {"rfilename": "variables/variables.index"}], "spaces": ["ITI107-2023S2/23A066X"], "createdAt": "2024-01-07T06:42:30.000Z", "inferenceStatus": "not-loaded"}