{"_id": "6587a2e5e3f7a2dcf0731391", "id": "23B708T/iti107_project", "modelId": "23B708T/iti107_project", "author": "23B708T", "sha": "c58bb349eff1a6dd1d03a083a3575e1d046e2d4f", "lastModified": "2023-12-24T03:35:25.000Z", "private": false, "disabled": false, "gated": false, "tags": ["tf-keras", "license:apache-2.0", "region:us"], "downloads": 0, "library_name": "tf-keras", "likes": 0, "model-index": null, "cardData": {"license": "apache-2.0"}, "siblings": [{"rfilename": ".gitattributes"}, {"rfilename": "README.md"}, {"rfilename": "checkpoint/checkpoint"}, {"rfilename": "checkpoint/ckpt-0.data-00000-of-00001"}, {"rfilename": "checkpoint/ckpt-0.index"}, {"rfilename": "pipeline.config"}, {"rfilename": "saved_model/saved_model.pb"}, {"rfilename": "saved_model/variables/variables.data-00000-of-00001"}, {"rfilename": "saved_model/variables/variables.index"}], "spaces": ["ITI107-2023S2/23B708T"], "createdAt": "2023-12-24T03:17:57.000Z", "inferenceStatus": "not-loaded"}