{"_id": "65979f15ccd854bca56584a6", "id": "23b719w/assignment2_tfodmodel", "modelId": "23b719w/assignment2_tfodmodel", "author": "23b719w", "sha": "22e8f4f814330ca9770ae62b460b8577cf3f0776", "lastModified": "2024-01-05T08:22:54.000Z", "private": false, "disabled": false, "gated": false, "tags": ["tf-keras", "license:apache-2.0", "region:us"], "downloads": 0, "library_name": "tf-keras", "likes": 0, "model-index": null, "cardData": {"title": "Tfoddemo", "emoji": "\ud83d\udc22", "colorFrom": "indigo", "colorTo": "red", "python_version": 3.8, "sdk": "gradio", "sdk_version": "4.0.2", "app_file": "app.py", "pinned": false, "license": "apache-2.0"}, "siblings": [{"rfilename": ".gitattributes"}, {"rfilename": "README.md"}, {"rfilename": "checkpoint/checkpoint"}, {"rfilename": "checkpoint/ckpt-0.data-00000-of-00001"}, {"rfilename": "checkpoint/ckpt-0.index"}, {"rfilename": "pipeline.config"}, {"rfilename": "requirements.txt"}, {"rfilename": "saved_model/saved_model.pb"}, {"rfilename": "saved_model/variables/variables.data-00000-of-00001"}, {"rfilename": "saved_model/variables/variables.index"}], "spaces": ["ITI107-2023S2/23b719w"], "createdAt": "2024-01-05T06:17:57.000Z", "inferenceStatus": "not-loaded"}