{"_id": "6593a4122a0a886ef0a38016", "id": "23B849S/tfod_model", "modelId": "23B849S/tfod_model", "author": "23B849S", "sha": "4da93800d4cefd07c0966a3c267bcd90b9576934", "lastModified": "2024-01-02T05:52:06.000Z", "private": false, "disabled": false, "gated": false, "tags": ["tf-keras", "license:apache-2.0", "region:us"], "downloads": 0, "library_name": "tf-keras", "likes": 0, "model-index": null, "cardData": {"license": "apache-2.0"}, "siblings": [{"rfilename": ".gitattributes"}, {"rfilename": "README.md"}, {"rfilename": "saved_model/saved_model.pb"}, {"rfilename": "saved_model/variables/variables.data-00000-of-00001"}, {"rfilename": "saved_model/variables/variables.index"}], "spaces": ["ITI107-2023S2/23B849S"], "createdAt": "2024-01-02T05:50:10.000Z", "inferenceStatus": "not-loaded"}