{"_id": "650febf555dc1e84176a1579", "id": "23CH3COOH/rvc_models", "modelId": "23CH3COOH/rvc_models", "author": "23CH3COOH", "sha": "e88e25e60aa37e32f28d69bd2ba7da3343e7c368", "lastModified": "2023-09-24T12:05:23.000Z", "private": false, "disabled": false, "gated": false, "tags": ["license:unknown", "region:us"], "downloads": 0, "likes": 1, "model-index": null, "cardData": {"license": "unknown"}, "siblings": [{"rfilename": ".gitattributes"}, {"rfilename": "README.md"}, {"rfilename": "RikoSakurauchi_v003.zip"}, {"rfilename": "RikoSakurauchi_v006.zip"}, {"rfilename": "RikoSakurauchi_v010.zip"}], "spaces": [], "createdAt": "2023-09-24T07:57:41.000Z", "inferenceStatus": "not-loaded"}