{"_id": "637849dcd925e7dad207c108", "id": "23times3/Blah", "modelId": "23times3/Blah", "author": "23times3", "sha": "ba845d65b65286dd1370714b9f559d789164182f", "lastModified": "2022-11-19T03:13:32.000Z", "private": false, "disabled": false, "gated": false, "tags": ["license:openrail", "region:us"], "downloads": 0, "likes": 0, "model-index": null, "cardData": {"license": "openrail"}, "siblings": [{"rfilename": ".gitattributes"}, {"rfilename": "README.md"}], "spaces": [], "createdAt": "2022-11-19T03:13:32.000Z", "inferenceStatus": "not-loaded"}