{"_id": "656817e62693fa22e1726a0a", "id": "2413016570yutian/TurboT_model", "modelId": "2413016570yutian/TurboT_model", "author": "2413016570yutian", "sha": "ad44e1e94a95284bc4638dc3be6600f0300d0aad", "lastModified": "2023-12-01T08:41:06.000Z", "private": false, "disabled": false, "gated": false, "tags": ["license:other", "region:us"], "downloads": 0, "likes": 0, "model-index": null, "cardData": {"license": "other"}, "siblings": [{"rfilename": ".gitattributes"}, {"rfilename": "README.md"}, {"rfilename": "models/7xbo_v5.safetensors"}, {"rfilename": "models/TTTurbo_v4.safetensors"}], "spaces": [], "createdAt": "2023-11-30T05:04:38.000Z", "inferenceStatus": "not-loaded"}