{"_id": "6611156a16a9b102749f31be", "id": "24abhimanyu10/api-classification", "modelId": "24abhimanyu10/api-classification", "author": "24abhimanyu10", "sha": "042cf4f9f50f2421a3ec4218e68e3121c40a7285", "lastModified": "2024-04-06T09:27:06.000Z", "private": false, "disabled": false, "gated": false, "tags": ["license:apache-2.0", "region:us"], "downloads": 0, "likes": 0, "model-index": null, "cardData": {"license": "apache-2.0"}, "siblings": [{"rfilename": ".gitattributes"}, {"rfilename": "README.md"}], "spaces": [], "createdAt": "2024-04-06T09:27:06.000Z", "inferenceStatus": "not-loaded"}