{"_id": "65dde9ba85c31391f4be3042", "id": "24aittl/stable-diffusion-2-inpainting", "modelId": "24aittl/stable-diffusion-2-inpainting", "author": "24aittl", "sha": "4da8d59d395d3258b4d30346b8c1858dfae67489", "lastModified": "2024-02-27T18:57:22.000Z", "private": false, "disabled": false, "gated": false, "pipeline_tag": "text-to-image", "tags": ["diffusers", "safetensors", "stable-diffusion", "text-to-image", "arxiv:2112.10752", "arxiv:2202.00512", "arxiv:1910.09700", "license:openrail++", "diffusers:StableDiffusionInpaintPipeline", "region:us"], "downloads": 0, "library_name": "diffusers", "likes": 0, "model-index": null, "config": {"diffusers": {"_class_name": "StableDiffusionInpaintPipeline"}}, "cardData": {"license": "openrail++", "tags": ["stable-diffusion", "text-to-image"], "inference": false}, "siblings": [{"rfilename": ".gitattributes"}, {"rfilename": "README.md"}, {"rfilename": "feature_extractor/preprocessor_config.json"}, {"rfilename": "model_index.json"}, {"rfilename": "scheduler/scheduler_config.json"}, {"rfilename": "text_encoder/config.json"}, {"rfilename": "text_encoder/model.safetensors"}, {"rfilename": "tokenizer/merges.txt"}, {"rfilename": "tokenizer/special_tokens_map.json"}, {"rfilename": "tokenizer/tokenizer_config.json"}, {"rfilename": "tokenizer/vocab.json"}, {"rfilename": "unet/config.json"}, {"rfilename": "unet/diffusion_pytorch_model.safetensors"}, {"rfilename": "vae/config.json"}, {"rfilename": "vae/diffusion_pytorch_model.safetensors"}], "spaces": [], "createdAt": "2024-02-27T13:55:06.000Z", "inferenceStatus": "not-loaded"}