{"_id": "62fdcba4ee999004b5b27c9e", "id": "24bean/multi_classification", "modelId": "24bean/multi_classification", "author": "24bean", "sha": "fe282c46b8e51bf1ef461153994dc20b019b77b8", "lastModified": "2022-08-18T05:20:10.000Z", "private": false, "disabled": false, "gated": false, "pipeline_tag": "text-classification", "tags": ["transformers", "pytorch", "electra", "text-classification", "license:apache-2.0", "autotrain_compatible", "endpoints_compatible", "region:us"], "downloads": 29, "library_name": "transformers", "mask_token": "[MASK]", "widgetData": [{"text": "I like you. I love you"}], "likes": 0, "model-index": null, "config": {"architectures": ["ElectraForSequenceClassification"], "model_type": "electra"}, "cardData": {"license": "apache-2.0"}, "transformersInfo": {"auto_model": "AutoModelForSequenceClassification", "pipeline_tag": "text-classification", "processor": "AutoTokenizer"}, "siblings": [{"rfilename": ".gitattributes"}, {"rfilename": "README.md"}, {"rfilename": "config.json"}, {"rfilename": "pytorch_model.bin"}], "spaces": [], "createdAt": "2022-08-18T05:18:28.000Z", "inferenceStatus": "not-loaded"}