{"_id": "6461e1acc67e1a494d8e800c", "id": "24bean/xlm-roberta-base-finetuned-emotion", "modelId": "24bean/xlm-roberta-base-finetuned-emotion", "author": "24bean", "sha": "491f9e576f2b7e3a0492de133eaf8e9c3c3a964f", "lastModified": "2023-05-15T09:02:23.000Z", "private": false, "disabled": false, "gated": false, "pipeline_tag": "text-classification", "tags": ["transformers", "pytorch", "tensorboard", "xlm-roberta", "text-classification", "generated_from_trainer", "dataset:emotion", "license:mit", "model-index", "autotrain_compatible", "endpoints_compatible", "region:us"], "downloads": 3, "library_name": "transformers", "mask_token": "<mask>", "widgetData": [{"text": "I like you. I love you"}], "likes": 0, "model-index": [{"name": "xlm-roberta-base-finetuned-emotion", "results": [{"task": {"name": "Text Classification", "type": "text-classification"}, "dataset": {"name": "emotion", "type": "emotion", "config": "split", "split": "validation", "args": "split"}, "metrics": [{"name": "Accuracy", "type": "accuracy", "value": 0.93, "verified": false}, {"name": "F1", "type": "f1", "value": 0.9305878715788028, "verified": false}]}]}], "config": {"architectures": ["XLMRobertaForSequenceClassification"], "model_type": "xlm-roberta", "tokenizer_config": {"bos_token": "<s>", "cls_token": "<s>", "eos_token": "</s>", "mask_token": {"__type": "AddedToken", "content": "<mask>", "lstrip": true, "normalized": true, "rstrip": false, "single_word": false}, "pad_token": "<pad>", "sep_token": "</s>", "unk_token": "<unk>"}}, "cardData": {"license": "mit", "tags": ["generated_from_trainer"], "datasets": ["emotion"], "metrics": ["accuracy", "f1"], "model-index": [{"name": "xlm-roberta-base-finetuned-emotion", "results": [{"task": {"name": "Text Classification", "type": "text-classification"}, "dataset": {"name": "emotion", "type": "emotion", "config": "split", "split": "validation", "args": "split"}, "metrics": [{"name": "Accuracy", "type": "accuracy", "value": 0.93, "verified": false}, {"name": "F1", "type": "f1", "value": 0.9305878715788028, "verified": false}]}]}]}, "transformersInfo": {"auto_model": "AutoModelForSequenceClassification", "pipeline_tag": "text-classification", "processor": "AutoTokenizer"}, "siblings": [{"rfilename": ".gitattributes"}, {"rfilename": ".gitignore"}, {"rfilename": "README.md"}, {"rfilename": "config.json"}, {"rfilename": "pytorch_model.bin"}, {"rfilename": "runs/May15_07-52-58_beca189df49a/1684137192.5936236/events.out.tfevents.1684137192.beca189df49a.546.5"}, {"rfilename": "runs/May15_07-52-58_beca189df49a/events.out.tfevents.1684137192.beca189df49a.546.4"}, {"rfilename": "runs/May15_08-30-16_54f8d237f060/1684139676.8712225/events.out.tfevents.1684139676.54f8d237f060.2156.1"}, {"rfilename": "runs/May15_08-30-16_54f8d237f060/events.out.tfevents.1684139676.54f8d237f060.2156.0"}, {"rfilename": "sentencepiece.bpe.model"}, {"rfilename": "special_tokens_map.json"}, {"rfilename": "tokenizer.json"}, {"rfilename": "tokenizer_config.json"}, {"rfilename": "training_args.bin"}], "spaces": [], "createdAt": "2023-05-15T07:39:24.000Z", "inferenceStatus": "not-loaded"}