{"_id": "64ab375f89aa67e4a24da2c9", "id": "24Carrrot/projectwhisper", "modelId": "24Carrrot/projectwhisper", "author": "24Carrrot", "sha": "fa04612f15785525c8aeb89c1feb62a8e25e2dfa", "lastModified": "2023-07-09T23:24:48.000Z", "private": false, "disabled": false, "gated": false, "tags": ["pytorch", "license:mit", "region:us"], "downloads": 0, "likes": 0, "model-index": null, "cardData": {"license": "mit"}, "siblings": [{"rfilename": ".gitattributes"}, {"rfilename": "README.md"}, {"rfilename": "config.yaml"}, {"rfilename": "pytorch_model.bin"}, {"rfilename": "vocos_checkpoint_epoch=11_step=408_val_loss=9.1483.ckpt"}], "spaces": [], "createdAt": "2023-07-09T22:40:31.000Z", "inferenceStatus": "not-loaded"}