{"_id": "6612ba12e7d6727e38dff4e4", "id": "24donovan24/gec-bart", "modelId": "24donovan24/gec-bart", "author": "24donovan24", "sha": "8d5da2385c690232aca6d93dc335cbef8a269426", "lastModified": "2024-04-08T07:44:44.000Z", "private": false, "disabled": false, "gated": false, "pipeline_tag": "text2text-generation", "tags": ["transformers", "safetensors", "bart", "text2text-generation", "license:mit", "autotrain_compatible", "endpoints_compatible", "region:us"], "downloads": 0, "library_name": "transformers", "mask_token": "<mask>", "likes": 0, "model-index": null, "config": {"architectures": ["BartForConditionalGeneration"], "model_type": "bart", "tokenizer_config": {"bos_token": "<s>", "cls_token": "<s>", "eos_token": "</s>", "mask_token": "<mask>", "pad_token": "<pad>", "sep_token": "</s>", "unk_token": "<unk>"}}, "cardData": {"license": "mit"}, "transformersInfo": {"auto_model": "AutoModelForSeq2SeqLM", "pipeline_tag": "text2text-generation", "processor": "AutoTokenizer"}, "siblings": [{"rfilename": ".gitattributes"}, {"rfilename": "README.md"}, {"rfilename": "config.json"}, {"rfilename": "generation_config.json"}, {"rfilename": "merges.txt"}, {"rfilename": "model.safetensors"}, {"rfilename": "special_tokens_map.json"}, {"rfilename": "tokenizer.json"}, {"rfilename": "tokenizer_config.json"}, {"rfilename": "vocab.json"}], "spaces": [], "createdAt": "2024-04-07T15:21:54.000Z", "safetensors": {"parameters": {"F32": 139470681}, "total": 139470681}, "inferenceStatus": "not-loaded"}