{"_id": "65999a47bf533e3c0d3474e5", "id": "24hrsfang/lol", "modelId": "24hrsfang/lol", "author": "24hrsfang", "sha": "2b78a87525b517246a738b569134db659f3774ec", "lastModified": "2024-01-15T20:22:57.000Z", "private": false, "disabled": false, "gated": false, "tags": ["region:us"], "downloads": 0, "likes": 0, "siblings": [{"rfilename": ".gitattributes"}, {"rfilename": "Dajeong.zip"}, {"rfilename": "Dia.zip"}, {"rfilename": "aisha.zip"}, {"rfilename": "bae.zip"}, {"rfilename": "chunghav2.zip"}, {"rfilename": "ella.zip"}], "spaces": [], "createdAt": "2024-01-06T18:21:59.000Z", "inferenceStatus": "not-loaded"}