{"_id": "662289101b30a00726408ba8", "id": "24xx/segm", "modelId": "24xx/segm", "author": "24xx", "sha": "09db1e517a416d1316fbe74202b8489e12083d3f", "lastModified": "2024-04-19T15:39:52.000Z", "private": false, "disabled": false, "gated": false, "tags": ["license:unknown", "region:us"], "downloads": 0, "likes": 0, "model-index": null, "cardData": {"license": "unknown"}, "siblings": [{"rfilename": ".gitattributes"}, {"rfilename": "README.md"}, {"rfilename": "deepfashion2_yolov8s-seg.pt"}, {"rfilename": "face_yolov8m-seg_60.pt"}, {"rfilename": "face_yolov8n-seg2_60.pt"}, {"rfilename": "hair_yolov8n-seg_60.pt"}, {"rfilename": "person_yolov8m-seg.pt"}, {"rfilename": "person_yolov8n-seg.pt"}, {"rfilename": "person_yolov8s-seg.pt"}, {"rfilename": "skin_yolov8m-seg_400.pt"}, {"rfilename": "skin_yolov8n-seg_400.pt"}, {"rfilename": "skin_yolov8n-seg_800.pt"}], "spaces": [], "createdAt": "2024-04-19T15:09:04.000Z", "inferenceStatus": "not-loaded"}