{"_id": "6658bba0cf5fc31e3a0c0fef", "id": "25b3nk/sd-class-butterflies-32", "modelId": "25b3nk/sd-class-butterflies-32", "author": "25b3nk", "sha": "f45be08a189e91056eb87048b91e2833c1d60c5e", "lastModified": "2024-05-30T17:47:32.000Z", "private": false, "disabled": false, "gated": false, "pipeline_tag": "unconditional-image-generation", "tags": ["diffusers", "safetensors", "pytorch", "unconditional-image-generation", "diffusion-models-class", "license:mit", "diffusers:DDPMPipeline", "region:us"], "downloads": 14, "library_name": "diffusers", "likes": 0, "model-index": null, "config": {"diffusers": {"_class_name": "DDPMPipeline"}}, "cardData": {"license": "mit", "tags": ["pytorch", "diffusers", "unconditional-image-generation", "diffusion-models-class"]}, "siblings": [{"rfilename": ".gitattributes"}, {"rfilename": "README.md"}, {"rfilename": "config.json"}, {"rfilename": "diffusion_pytorch_model.safetensors"}, {"rfilename": "model_index.json"}, {"rfilename": "scheduler_config.json"}], "spaces": [], "createdAt": "2024-05-30T17:47:12.000Z", "inferenceStatus": "not-loaded"}