{"_id": "656851bf2f3ec92d7e82f356", "id": "26ryss/distilbert-base-uncased-finetuned-imdb", "modelId": "26ryss/distilbert-base-uncased-finetuned-imdb", "author": "26ryss", "sha": "28b29c60c19433bbd70d1b01e533d537ed965515", "lastModified": "2023-12-13T04:23:03.000Z", "private": false, "disabled": false, "gated": false, "pipeline_tag": "fill-mask", "tags": ["transformers", "tensorboard", "safetensors", "distilbert", "fill-mask", "generated_from_trainer", "dataset:imdb", "base_model:distilbert-base-uncased", "license:apache-2.0", "autotrain_compatible", "endpoints_compatible", "region:us"], "downloads": 1, "library_name": "transformers", "mask_token": "[MASK]", "widgetData": [{"text": "Paris is the [MASK] of France."}, {"text": "The goal of life is [MASK]."}], "likes": 0, "model-index": [{"name": "distilbert-base-uncased-finetuned-imdb", "results": []}], "config": {"architectures": ["DistilBertForMaskedLM"], "model_type": "distilbert", "tokenizer_config": {"cls_token": "[CLS]", "mask_token": "[MASK]", "pad_token": "[PAD]", "sep_token": "[SEP]", "unk_token": "[UNK]"}}, "cardData": {"license": "apache-2.0", "base_model": "distilbert-base-uncased", "tags": ["generated_from_trainer"], "datasets": ["imdb"], "model-index": [{"name": "distilbert-base-uncased-finetuned-imdb", "results": []}]}, "transformersInfo": {"auto_model": "AutoModelForMaskedLM", "pipeline_tag": "fill-mask", "processor": "AutoTokenizer"}, "siblings": [{"rfilename": ".gitattributes"}, {"rfilename": "README.md"}, {"rfilename": "config.json"}, {"rfilename": "model.safetensors"}, {"rfilename": "runs/Dec13_04-19-34_abdbb17cbb42/events.out.tfevents.1702441185.abdbb17cbb42.17473.0"}, {"rfilename": "runs/Dec13_04-19-34_abdbb17cbb42/events.out.tfevents.1702441346.abdbb17cbb42.17473.1"}, {"rfilename": "special_tokens_map.json"}, {"rfilename": "tokenizer.json"}, {"rfilename": "tokenizer_config.json"}, {"rfilename": "training_args.bin"}, {"rfilename": "vocab.txt"}], "spaces": [], "createdAt": "2023-11-30T09:11:27.000Z", "safetensors": {"parameters": {"F32": 66985530}, "total": 66985530}, "inferenceStatus": "not-loaded"}