{"_id": "6540f8a5ff86086e1161be5a", "id": "2796gauravc/phi-1_5-finetuned-en-hi", "modelId": "2796gauravc/phi-1_5-finetuned-en-hi", "author": "2796gauravc", "sha": "90660c0b048dcf7d29612cba23b8b9809fa95195", "lastModified": "2023-10-31T12:56:20.000Z", "private": false, "disabled": false, "gated": false, "pipeline_tag": "text-generation", "tags": ["transformers", "pytorch", "mixformer-sequential", "text-generation", "custom_code", "autotrain_compatible", "region:us"], "downloads": 2, "library_name": "transformers", "widgetData": [{"text": "My name is Julien and I like to"}, {"text": "My name is Thomas and my main"}, {"text": "My name is Mariama, my favorite"}, {"text": "My name is Clara and I am"}, {"text": "My name is Lewis and I like to"}, {"text": "My name is Merve and my favorite"}, {"text": "My name is Teven and I am"}, {"text": "Once upon a time,"}], "likes": 0, "config": {"architectures": ["MixFormerSequentialForCausalLM"], "auto_map": {"AutoConfig": "microsoft/phi-1_5--configuration_mixformer_sequential.MixFormerSequentialConfig", "AutoModelForCausalLM": "microsoft/phi-1_5--modeling_mixformer_sequential.MixFormerSequentialForCausalLM"}, "model_type": "mixformer-sequential"}, "transformersInfo": {"auto_model": "AutoModelForCausalLM", "custom_class": "microsoft/phi-1_5--modeling_mixformer_sequential.MixFormerSequentialForCausalLM", "pipeline_tag": "text-generation"}, "siblings": [{"rfilename": ".gitattributes"}, {"rfilename": "config.json"}, {"rfilename": "generation_config.json"}, {"rfilename": "pytorch_model.bin"}], "spaces": [], "createdAt": "2023-10-31T12:52:53.000Z", "inferenceStatus": "not-loaded"}