{"_id": "62ebb6c8b68e5650d2e247ef", "id": "29thDay/PPO-MountainCar-v0", "modelId": "29thDay/PPO-MountainCar-v0", "author": "29thDay", "sha": "81a2105312891fe205c1d57f8fe55ef52ac484d6", "lastModified": "2022-08-04T14:07:15.000Z", "private": false, "disabled": false, "gated": false, "pipeline_tag": "reinforcement-learning", "tags": ["stable-baselines3", "MountainCar-v0", "deep-reinforcement-learning", "reinforcement-learning", "model-index", "region:us"], "downloads": 0, "library_name": "stable-baselines3", "likes": 0, "model-index": [{"name": "PPO", "results": [{"metrics": [{"type": "mean_reward", "value": "-91.30 +/- 7.04", "name": "mean_reward", "verified": false}], "task": {"type": "reinforcement-learning", "name": "reinforcement-learning"}, "dataset": {"name": "MountainCar-v0", "type": "MountainCar-v0"}}]}], "config": {}, "cardData": {"library_name": "stable-baselines3", "tags": ["MountainCar-v0", "deep-reinforcement-learning", "reinforcement-learning", "stable-baselines3"], "model-index": [{"name": "PPO", "results": [{"metrics": [{"type": "mean_reward", "value": "-91.30 +/- 7.04", "name": "mean_reward", "verified": false}], "task": {"type": "reinforcement-learning", "name": "reinforcement-learning"}, "dataset": {"name": "MountainCar-v0", "type": "MountainCar-v0"}}]}]}, "siblings": [{"rfilename": ".gitattributes"}, {"rfilename": "PPO-MountainCar-v0.zip"}, {"rfilename": "PPO-MountainCar-v0/_stable_baselines3_version"}, {"rfilename": "PPO-MountainCar-v0/data"}, {"rfilename": "PPO-MountainCar-v0/policy.optimizer.pth"}, {"rfilename": "PPO-MountainCar-v0/policy.pth"}, {"rfilename": "PPO-MountainCar-v0/pytorch_variables.pth"}, {"rfilename": "PPO-MountainCar-v0/system_info.txt"}, {"rfilename": "README.md"}, {"rfilename": "config.json"}, {"rfilename": "replay.mp4"}, {"rfilename": "results.json"}], "spaces": [], "createdAt": "2022-08-04T12:08:40.000Z", "inferenceStatus": "not-loaded"}