{"_id": "62ea34a9c47d1c5e903ab5c4", "id": "29thDay/PPO-CartPole-v1", "modelId": "29thDay/PPO-CartPole-v1", "author": "29thDay", "sha": "b99203e07de932d2b6995576e92891a4db0f3c37", "lastModified": "2022-08-04T11:17:41.000Z", "private": false, "disabled": false, "gated": false, "pipeline_tag": "reinforcement-learning", "tags": ["stable-baselines3", "CartPole-v1", "deep-reinforcement-learning", "reinforcement-learning", "model-index", "region:us"], "downloads": 0, "library_name": "stable-baselines3", "likes": 0, "model-index": [{"name": "PPO", "results": [{"metrics": [{"type": "mean_reward", "value": "500.00 +/- 0.00", "name": "mean_reward", "verified": false}], "task": {"type": "reinforcement-learning", "name": "reinforcement-learning"}, "dataset": {"name": "CartPole-v1", "type": "CartPole-v1"}}]}], "config": {}, "cardData": {"library_name": "stable-baselines3", "tags": ["CartPole-v1", "deep-reinforcement-learning", "reinforcement-learning", "stable-baselines3"], "model-index": [{"name": "PPO", "results": [{"metrics": [{"type": "mean_reward", "value": "500.00 +/- 0.00", "name": "mean_reward", "verified": false}], "task": {"type": "reinforcement-learning", "name": "reinforcement-learning"}, "dataset": {"name": "CartPole-v1", "type": "CartPole-v1"}}]}]}, "siblings": [{"rfilename": ".gitattributes"}, {"rfilename": "PPO-CartPole-v1.zip"}, {"rfilename": "PPO-CartPole-v1/_stable_baselines3_version"}, {"rfilename": "PPO-CartPole-v1/data"}, {"rfilename": "PPO-CartPole-v1/policy.optimizer.pth"}, {"rfilename": "PPO-CartPole-v1/policy.pth"}, {"rfilename": "PPO-CartPole-v1/pytorch_variables.pth"}, {"rfilename": "PPO-CartPole-v1/system_info.txt"}, {"rfilename": "README.md"}, {"rfilename": "config.json"}, {"rfilename": "replay.mp4"}, {"rfilename": "results.json"}], "spaces": [], "createdAt": "2022-08-03T08:41:13.000Z", "inferenceStatus": "not-loaded"}