{"_id": "630f62bb982455e61cc89b13", "id": "29thDay/A2C-AntBulletEnv-v0", "modelId": "29thDay/A2C-AntBulletEnv-v0", "author": "29thDay", "sha": "61e86ade4f4dc63172f6de0ac483381250db1438", "lastModified": "2022-08-31T13:32:46.000Z", "private": false, "disabled": false, "gated": false, "pipeline_tag": "reinforcement-learning", "tags": ["stable-baselines3", "AntBulletEnv-v0", "deep-reinforcement-learning", "reinforcement-learning", "model-index", "region:us"], "downloads": 0, "library_name": "stable-baselines3", "likes": 0, "model-index": [{"name": "A2C", "results": [{"metrics": [{"type": "mean_reward", "value": "822.42 +/- 48.82", "name": "mean_reward", "verified": false}], "task": {"type": "reinforcement-learning", "name": "reinforcement-learning"}, "dataset": {"name": "AntBulletEnv-v0", "type": "AntBulletEnv-v0"}}]}], "config": {}, "cardData": {"library_name": "stable-baselines3", "tags": ["AntBulletEnv-v0", "deep-reinforcement-learning", "reinforcement-learning", "stable-baselines3"], "model-index": [{"name": "A2C", "results": [{"metrics": [{"type": "mean_reward", "value": "822.42 +/- 48.82", "name": "mean_reward", "verified": false}], "task": {"type": "reinforcement-learning", "name": "reinforcement-learning"}, "dataset": {"name": "AntBulletEnv-v0", "type": "AntBulletEnv-v0"}}]}]}, "siblings": [{"rfilename": ".gitattributes"}, {"rfilename": "A2C-AntBulletEnv-v0.zip"}, {"rfilename": "A2C-AntBulletEnv-v0/_stable_baselines3_version"}, {"rfilename": "A2C-AntBulletEnv-v0/data"}, {"rfilename": "A2C-AntBulletEnv-v0/policy.optimizer.pth"}, {"rfilename": "A2C-AntBulletEnv-v0/policy.pth"}, {"rfilename": "A2C-AntBulletEnv-v0/pytorch_variables.pth"}, {"rfilename": "A2C-AntBulletEnv-v0/system_info.txt"}, {"rfilename": "README.md"}, {"rfilename": "config.json"}, {"rfilename": "replay.mp4"}, {"rfilename": "results.json"}, {"rfilename": "vec_normalize.pkl"}], "spaces": [], "createdAt": "2022-08-31T13:31:39.000Z", "inferenceStatus": "not-loaded"}