{"_id": "630f7144cc8ed75decb54f29", "id": "29thDay/A2C-HalfCheetahBulletEnv-v0", "modelId": "29thDay/A2C-HalfCheetahBulletEnv-v0", "author": "29thDay", "sha": "9795329d1d43ec60c78ca81068a453c747adb921", "lastModified": "2022-08-31T14:34:43.000Z", "private": false, "disabled": false, "gated": false, "pipeline_tag": "reinforcement-learning", "tags": ["stable-baselines3", "HalfCheetahBulletEnv-v0", "deep-reinforcement-learning", "reinforcement-learning", "model-index", "region:us"], "downloads": 0, "library_name": "stable-baselines3", "likes": 0, "model-index": [{"name": "A2C", "results": [{"metrics": [{"type": "mean_reward", "value": "1967.35 +/- 44.90", "name": "mean_reward", "verified": false}], "task": {"type": "reinforcement-learning", "name": "reinforcement-learning"}, "dataset": {"name": "HalfCheetahBulletEnv-v0", "type": "HalfCheetahBulletEnv-v0"}}]}], "config": {}, "cardData": {"library_name": "stable-baselines3", "tags": ["HalfCheetahBulletEnv-v0", "deep-reinforcement-learning", "reinforcement-learning", "stable-baselines3"], "model-index": [{"name": "A2C", "results": [{"metrics": [{"type": "mean_reward", "value": "1967.35 +/- 44.90", "name": "mean_reward", "verified": false}], "task": {"type": "reinforcement-learning", "name": "reinforcement-learning"}, "dataset": {"name": "HalfCheetahBulletEnv-v0", "type": "HalfCheetahBulletEnv-v0"}}]}]}, "siblings": [{"rfilename": ".gitattributes"}, {"rfilename": "A2C-HalfCheetahBulletEnv-v0.zip"}, {"rfilename": "A2C-HalfCheetahBulletEnv-v0/_stable_baselines3_version"}, {"rfilename": "A2C-HalfCheetahBulletEnv-v0/data"}, {"rfilename": "A2C-HalfCheetahBulletEnv-v0/policy.optimizer.pth"}, {"rfilename": "A2C-HalfCheetahBulletEnv-v0/policy.pth"}, {"rfilename": "A2C-HalfCheetahBulletEnv-v0/pytorch_variables.pth"}, {"rfilename": "A2C-HalfCheetahBulletEnv-v0/system_info.txt"}, {"rfilename": "README.md"}, {"rfilename": "config.json"}, {"rfilename": "replay.mp4"}, {"rfilename": "results.json"}, {"rfilename": "vec_normalize.pkl"}], "spaces": [], "createdAt": "2022-08-31T14:33:40.000Z", "inferenceStatus": "not-loaded"}