{"_id": "630f8247982455e61cca27f7", "id": "29thDay/A2C-SpaceInvadersNoFrameskip-v4", "modelId": "29thDay/A2C-SpaceInvadersNoFrameskip-v4", "author": "29thDay", "sha": "47486e90a429089781ff2c1a5ddfd0f12614c67d", "lastModified": "2022-08-31T15:47:23.000Z", "private": false, "disabled": false, "gated": false, "pipeline_tag": "reinforcement-learning", "tags": ["stable-baselines3", "SpaceInvadersNoFrameskip-v4", "deep-reinforcement-learning", "reinforcement-learning", "model-index", "region:us"], "downloads": 0, "library_name": "stable-baselines3", "likes": 0, "model-index": [{"name": "A2C", "results": [{"metrics": [{"type": "mean_reward", "value": "10.00 +/- 10.25", "name": "mean_reward", "verified": false}], "task": {"type": "reinforcement-learning", "name": "reinforcement-learning"}, "dataset": {"name": "SpaceInvadersNoFrameskip-v4", "type": "SpaceInvadersNoFrameskip-v4"}}]}], "config": {}, "cardData": {"library_name": "stable-baselines3", "tags": ["SpaceInvadersNoFrameskip-v4", "deep-reinforcement-learning", "reinforcement-learning", "stable-baselines3"], "model-index": [{"name": "A2C", "results": [{"metrics": [{"type": "mean_reward", "value": "10.00 +/- 10.25", "name": "mean_reward", "verified": false}], "task": {"type": "reinforcement-learning", "name": "reinforcement-learning"}, "dataset": {"name": "SpaceInvadersNoFrameskip-v4", "type": "SpaceInvadersNoFrameskip-v4"}}]}]}, "siblings": [{"rfilename": ".gitattributes"}, {"rfilename": "A2C-SpaceInvadersNoFrameskip-v4.zip"}, {"rfilename": "A2C-SpaceInvadersNoFrameskip-v4/_stable_baselines3_version"}, {"rfilename": "A2C-SpaceInvadersNoFrameskip-v4/data"}, {"rfilename": "A2C-SpaceInvadersNoFrameskip-v4/policy.optimizer.pth"}, {"rfilename": "A2C-SpaceInvadersNoFrameskip-v4/policy.pth"}, {"rfilename": "A2C-SpaceInvadersNoFrameskip-v4/pytorch_variables.pth"}, {"rfilename": "A2C-SpaceInvadersNoFrameskip-v4/system_info.txt"}, {"rfilename": "README.md"}, {"rfilename": "config.json"}, {"rfilename": "replay.mp4"}, {"rfilename": "results.json"}], "spaces": [], "createdAt": "2022-08-31T15:46:15.000Z", "inferenceStatus": "not-loaded"}