{"_id": "64e637fc979417f0db38c330", "id": "29white/nva-newsj", "modelId": "29white/nva-newsj", "author": "29white", "sha": "6dbcf00d188c4c47aa2ca7d5b16012cd5bca50d5", "lastModified": "2023-08-23T16:47:17.000Z", "private": false, "disabled": false, "gated": false, "tags": ["region:us"], "downloads": 0, "likes": 0, "siblings": [{"rfilename": ".gitattributes"}, {"rfilename": "newsj-000001.safetensors"}, {"rfilename": "newsj-000002.safetensors"}, {"rfilename": "newsj-000003.safetensors"}, {"rfilename": "newsj-000004.safetensors"}, {"rfilename": "newsj-000005.safetensors"}, {"rfilename": "newsj-000006.safetensors"}, {"rfilename": "newsj-000007.safetensors"}, {"rfilename": "newsj-000008.safetensors"}, {"rfilename": "newsj-000009.safetensors"}, {"rfilename": "newsj.safetensors"}], "spaces": [], "createdAt": "2023-08-23T16:46:52.000Z", "inferenceStatus": "not-loaded"}