{"_id": "64a5040cc1b5cb895bec66eb", "id": "29white/nva-newrb", "modelId": "29white/nva-newrb", "author": "29white", "sha": "b04ebec2310a06e2d4f96b6f760e7e575157c3fb", "lastModified": "2023-07-05T05:48:19.000Z", "private": false, "disabled": false, "gated": false, "tags": ["region:us"], "downloads": 0, "likes": 0, "siblings": [{"rfilename": ".gitattributes"}, {"rfilename": "newrb-000001.safetensors"}, {"rfilename": "newrb-000002.safetensors"}, {"rfilename": "newrb-000003.safetensors"}, {"rfilename": "newrb-000004.safetensors"}, {"rfilename": "newrb-000005.safetensors"}, {"rfilename": "newrb-000006.safetensors"}, {"rfilename": "newrb-000007.safetensors"}, {"rfilename": "newrb-000008.safetensors"}, {"rfilename": "newrb-000009.safetensors"}, {"rfilename": "newrb.safetensors"}], "spaces": [], "createdAt": "2023-07-05T05:47:56.000Z", "inferenceStatus": "not-loaded"}