{"_id": "640d355c7c59d13aefee3d39", "id": "29white/nva-newdressform", "modelId": "29white/nva-newdressform", "author": "29white", "sha": "00a0bb6c9c3b33a74cd4c905a796db29265b3653", "lastModified": "2023-03-12T02:14:12.000Z", "private": false, "disabled": false, "gated": false, "tags": ["region:us"], "downloads": 0, "likes": 0, "siblings": [{"rfilename": ".gitattributes"}, {"rfilename": "newdressform-000001.safetensors"}, {"rfilename": "newdressform-000002.safetensors"}, {"rfilename": "newdressform-000003.safetensors"}, {"rfilename": "newdressform-000004.safetensors"}, {"rfilename": "newdressform-000005.safetensors"}, {"rfilename": "newdressform-000006.safetensors"}, {"rfilename": "newdressform-000007.safetensors"}, {"rfilename": "newdressform-000008.safetensors"}, {"rfilename": "newdressform-000009.safetensors"}, {"rfilename": "newdressform.safetensors"}], "spaces": [], "createdAt": "2023-03-12T02:13:48.000Z", "inferenceStatus": "not-loaded"}