{"_id": "648d0b41dee03837c82b9adf", "id": "29white/nva-modeSenRi", "modelId": "29white/nva-modeSenRi", "author": "29white", "sha": "84058b2903386377a1b5895ca5e6b595da87127d", "lastModified": "2023-06-17T01:25:01.000Z", "private": false, "disabled": false, "gated": false, "tags": ["region:us"], "downloads": 0, "likes": 0, "siblings": [{"rfilename": ".gitattributes"}, {"rfilename": "modeSenRi-000001.safetensors"}, {"rfilename": "modeSenRi-000002.safetensors"}, {"rfilename": "modeSenRi-000003.safetensors"}, {"rfilename": "modeSenRi-000004.safetensors"}, {"rfilename": "modeSenRi-000005.safetensors"}, {"rfilename": "modeSenRi-000006.safetensors"}, {"rfilename": "modeSenRi-000007.safetensors"}, {"rfilename": "modeSenRi-000008.safetensors"}, {"rfilename": "modeSenRi-000009.safetensors"}, {"rfilename": "modeSenRi.safetensors"}], "spaces": [], "createdAt": "2023-06-17T01:24:17.000Z", "inferenceStatus": "not-loaded"}