{"_id": "64291e604059ac9e68355a67", "id": "29white/nva-newtt", "modelId": "29white/nva-newtt", "author": "29white", "sha": "378d988dfc15107bdb20ce079967d142dd56d93a", "lastModified": "2023-04-02T06:20:01.000Z", "private": false, "disabled": false, "gated": false, "tags": ["region:us"], "downloads": 0, "likes": 0, "siblings": [{"rfilename": ".gitattributes"}, {"rfilename": "newtt-000001.safetensors"}, {"rfilename": "newtt-000002.safetensors"}, {"rfilename": "newtt-000003.safetensors"}, {"rfilename": "newtt-000004.safetensors"}, {"rfilename": "newtt-000005.safetensors"}, {"rfilename": "newtt-000006.safetensors"}, {"rfilename": "newtt-000007.safetensors"}, {"rfilename": "newtt-000008.safetensors"}, {"rfilename": "newtt-000009.safetensors"}, {"rfilename": "newtt.safetensors"}], "spaces": [], "createdAt": "2023-04-02T06:19:12.000Z", "inferenceStatus": "not-loaded"}