{"_id": "64ce05984e3372f9eb6a41ae", "id": "29white/nva-newroji", "modelId": "29white/nva-newroji", "author": "29white", "sha": "c1dd8e020360893851d6bef79102036b62ceb8d7", "lastModified": "2023-08-05T08:18:07.000Z", "private": false, "disabled": false, "gated": false, "tags": ["region:us"], "downloads": 0, "likes": 0, "siblings": [{"rfilename": ".gitattributes"}, {"rfilename": "newroji-000001.safetensors"}, {"rfilename": "newroji-000002.safetensors"}, {"rfilename": "newroji-000003.safetensors"}, {"rfilename": "newroji-000004.safetensors"}, {"rfilename": "newroji-000005.safetensors"}, {"rfilename": "newroji-000006.safetensors"}, {"rfilename": "newroji-000007.safetensors"}, {"rfilename": "newroji-000008.safetensors"}, {"rfilename": "newroji-000009.safetensors"}, {"rfilename": "newroji.safetensors"}], "spaces": [], "createdAt": "2023-08-05T08:17:28.000Z", "inferenceStatus": "not-loaded"}