{"_id": "65eacfa97601e7c2e4d7f970", "id": "2bytescorp/2b_mt_opennmt_v0.1", "modelId": "2bytescorp/2b_mt_opennmt_v0.1", "author": "2bytescorp", "sha": "bbfedb2b56c337110e6809c288bce3223e3bb9a5", "lastModified": "2024-03-08T09:26:23.000Z", "private": false, "disabled": false, "gated": false, "pipeline_tag": "translation", "tags": ["transformers(OpenNMT)", "translation", "ko", "en", "license:cc-by-4.0", "region:us"], "downloads": 1, "library_name": "transformers(OpenNMT)", "likes": 0, "model-index": null, "config": {}, "cardData": {"library_name": "transformers(OpenNMT)", "license": "cc-by-4.0", "language": ["ko", "en"], "tags": ["translation"]}, "siblings": [{"rfilename": ".gitattributes"}, {"rfilename": "README.md"}, {"rfilename": "config.json"}, {"rfilename": "model.bin"}, {"rfilename": "source_vocabulary.json"}, {"rfilename": "target_vocabulary.json"}, {"rfilename": "vmap.txt"}], "spaces": [], "createdAt": "2024-03-08T08:43:21.000Z", "inferenceStatus": "not-loaded"}