{"_id": "64208c12eb85a7dfb74741ff", "id": "2ch/lora", "modelId": "2ch/lora", "author": "2ch", "sha": "fbf02310cbb3371d206a34ed512a9d132f939f9c", "lastModified": "2024-02-08T15:08:24.000Z", "private": false, "disabled": false, "gated": false, "tags": ["license:openrail", "region:us"], "downloads": 0, "likes": 0, "model-index": null, "cardData": {"license": "openrail"}, "siblings": [{"rfilename": ".gitattributes"}, {"rfilename": "Cool_Rance_XLpony6style.safetensors"}, {"rfilename": "README.md"}, {"rfilename": "danimaru xl 001 fro 999pony6style.safetensors"}, {"rfilename": "djzArmyBiker_v21.safetensors"}, {"rfilename": "ishikei xl 006 fro 999pony6style.safetensors"}, {"rfilename": "kazutake hazano xl 001 fro 999pony6style.safetensors"}, {"rfilename": "konno_tohiropony6style.safetensors"}, {"rfilename": "l0qd64pony6style.safetensors"}, {"rfilename": "revolverwing xl 002 fro 999pony6style.safetensors"}, {"rfilename": "rhasta xl 010 fro 999pony6style.safetensors"}, {"rfilename": "tottotenero xl 008 fro 999pony6style.safetensors"}, {"rfilename": "yeun_pony_v1-000006pony6style.safetensors"}, {"rfilename": "yumemihoshinoPlanetarian_yumemiV10.safetensors"}], "spaces": [], "createdAt": "2023-03-26T18:16:50.000Z", "inferenceStatus": "not-loaded"}