{"_id": "64f6e068c9fc970fc8e6c6a8", "id": "2ch/controlnet", "modelId": "2ch/controlnet", "author": "2ch", "sha": "cac991439927cc86b5802268c512587ea22cb710", "lastModified": "2023-09-06T06:17:14.000Z", "private": false, "disabled": false, "gated": false, "tags": ["region:us"], "downloads": 0, "likes": 1, "siblings": [{"rfilename": ".gitattributes"}, {"rfilename": "annotator/hed/network-bsds500.pth"}, {"rfilename": "annotator/midas/LICENSE"}, {"rfilename": "annotator/midas/__init__.py"}, {"rfilename": "annotator/midas/api.py"}, {"rfilename": "annotator/midas/dpt_hybrid-midas-501f0c75.pt"}, {"rfilename": "annotator/midas/midas/__init__.py"}, {"rfilename": "annotator/midas/midas/base_model.py"}, {"rfilename": "annotator/midas/midas/blocks.py"}, {"rfilename": "annotator/midas/midas/dpt_depth.py"}, {"rfilename": "annotator/midas/midas/midas_net.py"}, {"rfilename": "annotator/midas/midas/midas_net_custom.py"}, {"rfilename": "annotator/midas/midas/transforms.py"}, {"rfilename": "annotator/midas/midas/vit.py"}, {"rfilename": "annotator/midas/utils.py"}, {"rfilename": "annotator/mlsd/LICENSE"}, {"rfilename": "annotator/mlsd/__init__.py"}, {"rfilename": "annotator/mlsd/mlsd_large_512_fp32.pth"}, {"rfilename": "annotator/mlsd/mlsd_tiny_512_fp32.pth"}, {"rfilename": "annotator/mlsd/models/mbv2_mlsd_large.py"}, {"rfilename": "annotator/mlsd/models/mbv2_mlsd_tiny.py"}, {"rfilename": "annotator/mlsd/utils.py"}, {"rfilename": "annotator/openpose/LICENSE"}, {"rfilename": "annotator/openpose/__init__.py"}, {"rfilename": "annotator/openpose/body.py"}, {"rfilename": "annotator/openpose/body_pose_model.pth"}, {"rfilename": "annotator/openpose/cv_ox_det.py"}, {"rfilename": "annotator/openpose/cv_ox_pose.py"}, {"rfilename": "annotator/openpose/face.py"}, {"rfilename": "annotator/openpose/hand.py"}, {"rfilename": "annotator/openpose/hand_pose_model.pth"}, {"rfilename": "annotator/openpose/model.py"}, {"rfilename": "annotator/openpose/types.py"}, {"rfilename": "annotator/openpose/util.py"}, {"rfilename": "annotator/openpose/wholebody.py"}, {"rfilename": "annotator/uniformer/LICENSE"}, {"rfilename": "annotator/uniformer/__init__.py"}, {"rfilename": "annotator/uniformer/configs/_base_/datasets/ade20k.py"}, {"rfilename": "annotator/uniformer/configs/_base_/datasets/chase_db1.py"}, {"rfilename": "annotator/uniformer/configs/_base_/datasets/cityscapes.py"}, {"rfilename": "annotator/uniformer/configs/_base_/datasets/cityscapes_769x769.py"}, {"rfilename": "annotator/uniformer/configs/_base_/datasets/drive.py"}, {"rfilename": "annotator/uniformer/configs/_base_/datasets/hrf.py"}, {"rfilename": "annotator/uniformer/configs/_base_/datasets/pascal_context.py"}, {"rfilename": "annotator/uniformer/configs/_base_/datasets/pascal_context_59.py"}, {"rfilename": "annotator/uniformer/configs/_base_/datasets/pascal_voc12.py"}, {"rfilename": "annotator/uniformer/configs/_base_/datasets/pascal_voc12_aug.py"}, {"rfilename": "annotator/uniformer/configs/_base_/datasets/stare.py"}, {"rfilename": "annotator/uniformer/configs/_base_/default_runtime.py"}, {"rfilename": "annotator/uniformer/configs/_base_/models/ann_r50-d8.py"}, {"rfilename": "annotator/uniformer/configs/_base_/models/apcnet_r50-d8.py"}, {"rfilename": "annotator/uniformer/configs/_base_/models/ccnet_r50-d8.py"}, {"rfilename": "annotator/uniformer/configs/_base_/models/cgnet.py"}, {"rfilename": "annotator/uniformer/configs/_base_/models/danet_r50-d8.py"}, {"rfilename": "annotator/uniformer/configs/_base_/models/deeplabv3_r50-d8.py"}, {"rfilename": "annotator/uniformer/configs/_base_/models/deeplabv3_unet_s5-d16.py"}, {"rfilename": "annotator/uniformer/configs/_base_/models/deeplabv3plus_r50-d8.py"}, {"rfilename": "annotator/uniformer/configs/_base_/models/dmnet_r50-d8.py"}, {"rfilename": "annotator/uniformer/configs/_base_/models/dnl_r50-d8.py"}, {"rfilename": "annotator/uniformer/configs/_base_/models/emanet_r50-d8.py"}, {"rfilename": "annotator/uniformer/configs/_base_/models/encnet_r50-d8.py"}, {"rfilename": "annotator/uniformer/configs/_base_/models/fast_scnn.py"}, {"rfilename": "annotator/uniformer/configs/_base_/models/fcn_hr18.py"}, {"rfilename": "annotator/uniformer/configs/_base_/models/fcn_r50-d8.py"}, {"rfilename": "annotator/uniformer/configs/_base_/models/fcn_unet_s5-d16.py"}, {"rfilename": "annotator/uniformer/configs/_base_/models/fpn_r50.py"}, {"rfilename": "annotator/uniformer/configs/_base_/models/fpn_uniformer.py"}, {"rfilename": "annotator/uniformer/configs/_base_/models/gcnet_r50-d8.py"}, {"rfilename": "annotator/uniformer/configs/_base_/models/lraspp_m-v3-d8.py"}, {"rfilename": "annotator/uniformer/configs/_base_/models/nonlocal_r50-d8.py"}, {"rfilename": "annotator/uniformer/configs/_base_/models/ocrnet_hr18.py"}, {"rfilename": "annotator/uniformer/configs/_base_/models/ocrnet_r50-d8.py"}, {"rfilename": "annotator/uniformer/configs/_base_/models/pointrend_r50.py"}, {"rfilename": "annotator/uniformer/configs/_base_/models/psanet_r50-d8.py"}, {"rfilename": "annotator/uniformer/configs/_base_/models/pspnet_r50-d8.py"}, {"rfilename": "annotator/uniformer/configs/_base_/models/pspnet_unet_s5-d16.py"}, {"rfilename": "annotator/uniformer/configs/_base_/models/upernet_r50.py"}, {"rfilename": "annotator/uniformer/configs/_base_/models/upernet_uniformer.py"}, {"rfilename": "annotator/uniformer/configs/_base_/schedules/schedule_160k.py"}, {"rfilename": "annotator/uniformer/configs/_base_/schedules/schedule_20k.py"}, {"rfilename": "annotator/uniformer/configs/_base_/schedules/schedule_40k.py"}, {"rfilename": "annotator/uniformer/configs/_base_/schedules/schedule_80k.py"}, {"rfilename": "annotator/uniformer/inference.py"}, {"rfilename": "annotator/uniformer/mmcv_custom/__init__.py"}, {"rfilename": "annotator/uniformer/mmcv_custom/checkpoint.py"}, {"rfilename": "annotator/uniformer/uniformer.py"}, {"rfilename": "annotator/uniformer/upernet_global_small.pth"}, {"rfilename": "annotator/uniformer/upernet_global_small.py"}, {"rfilename": "configs/cldm_v15.yaml"}, {"rfilename": "configs/cldm_v21.yaml"}, {"rfilename": "configs/control_sd15_canny.yaml"}, {"rfilename": "configs/control_sd15_depth.yaml"}, {"rfilename": "configs/control_sd15_hed.yaml"}, {"rfilename": "configs/control_sd15_mlsd.yaml"}, {"rfilename": "configs/control_sd15_normal.yaml"}, {"rfilename": "configs/control_sd15_openpose.yaml"}, {"rfilename": "configs/control_sd15_scribble.yaml"}, {"rfilename": "configs/control_sd15_seg.yaml"}, {"rfilename": "configs/control_v11e_sd15_ip2p.yaml"}, {"rfilename": "configs/control_v11e_sd15_ip2p_fp16.yaml"}, {"rfilename": "configs/control_v11e_sd15_shuffle.yaml"}, {"rfilename": "configs/control_v11e_sd15_shuffle_fp16.yaml"}, {"rfilename": "configs/control_v11f1e_sd15_tile.yaml"}, {"rfilename": "configs/control_v11f1e_sd15_tile_fp16.yaml"}, {"rfilename": "configs/control_v11f1p_sd15_depth.yaml"}, {"rfilename": "configs/control_v11f1p_sd15_depth_fp16.yaml"}, {"rfilename": "configs/control_v11p_sd15_canny.yaml"}, {"rfilename": "configs/control_v11p_sd15_canny_fp16.yaml"}, {"rfilename": "configs/control_v11p_sd15_inpaint.yaml"}, {"rfilename": "configs/control_v11p_sd15_inpaint_fp16.yaml"}, {"rfilename": "configs/control_v11p_sd15_lineart.yaml"}, {"rfilename": "configs/control_v11p_sd15_lineart_fp16.yaml"}, {"rfilename": "configs/control_v11p_sd15_mlsd.yaml"}, {"rfilename": "configs/control_v11p_sd15_mlsd_fp16.yaml"}, {"rfilename": "configs/control_v11p_sd15_normalbae.yaml"}, {"rfilename": "configs/control_v11p_sd15_normalbae_fp16.yaml"}, {"rfilename": "configs/control_v11p_sd15_openpose.yaml"}, {"rfilename": "configs/control_v11p_sd15_openpose_fp16.yaml"}, {"rfilename": "configs/control_v11p_sd15_scribble.yaml"}, {"rfilename": "configs/control_v11p_sd15_scribble_fp16.yaml"}, {"rfilename": "configs/control_v11p_sd15_seg.yaml"}, {"rfilename": "configs/control_v11p_sd15_seg_fp16.yaml"}, {"rfilename": "configs/control_v11p_sd15_softedge.yaml"}, {"rfilename": "configs/control_v11p_sd15_softedge_fp16.yaml"}, {"rfilename": "configs/control_v11p_sd15s2_lineart_anime.yaml"}, {"rfilename": "configs/control_v11p_sd15s2_lineart_anime_fp16.yaml"}, {"rfilename": "configs/control_v1p_sd15_qrcode_monster_v2.yaml"}, {"rfilename": "configs/image_adapter_v14.yaml"}, {"rfilename": "configs/sketch_adapter_v14.yaml"}, {"rfilename": "configs/t2iadapter_canny_sd14v1.yaml"}, {"rfilename": "configs/t2iadapter_canny_sd15v2.yaml"}, {"rfilename": "configs/t2iadapter_color_sd14v1.yaml"}, {"rfilename": "configs/t2iadapter_depth_sd14v1.yaml"}, {"rfilename": "configs/t2iadapter_depth_sd15v2.yaml"}, {"rfilename": "configs/t2iadapter_keypose_sd14v1.yaml"}, {"rfilename": "configs/t2iadapter_openpose_sd14v1.yaml"}, {"rfilename": "configs/t2iadapter_seg_sd14v1.yaml"}, {"rfilename": "configs/t2iadapter_sketch_sd14v1.yaml"}, {"rfilename": "configs/t2iadapter_sketch_sd15v2.yaml"}, {"rfilename": "configs/t2iadapter_style_sd14v1.yaml"}, {"rfilename": "configs/t2iadapter_zoedepth_sd15v1.yaml"}, {"rfilename": "models/OpenPoseXL2.safetensors"}, {"rfilename": "models/control-lora-canny-rank128.safetensors"}, {"rfilename": "models/control-lora-canny-rank256.safetensors"}, {"rfilename": "models/control-lora-depth-rank128.safetensors"}, {"rfilename": "models/control-lora-depth-rank256.safetensors"}, {"rfilename": "models/control-lora-recolor-rank128.safetensors"}, {"rfilename": "models/control-lora-recolor-rank256.safetensors"}, {"rfilename": "models/control-lora-sketch-rank128-metadata.safetensors"}, {"rfilename": "models/control-lora-sketch-rank256.safetensors"}, {"rfilename": "models/control_hed.safetensors"}, {"rfilename": "models/control_normal.safetensors"}, {"rfilename": "models/control_v11e_sd15_ip2p_fp16.safetensors"}, {"rfilename": "models/control_v11e_sd15_shuffle_fp16.safetensors"}, {"rfilename": "models/control_v11f1e_sd15_tile_fp16.safetensors"}, {"rfilename": "models/control_v11f1p_sd15_depth_fp16.safetensors"}, {"rfilename": "models/control_v11p_sd15_canny_fp16.safetensors"}, {"rfilename": "models/control_v11p_sd15_inpaint_fp16.safetensors"}, {"rfilename": "models/control_v11p_sd15_lineart_fp16.safetensors"}, {"rfilename": "models/control_v11p_sd15_mlsd_fp16.safetensors"}, {"rfilename": "models/control_v11p_sd15_normalbae_fp16.safetensors"}, {"rfilename": "models/control_v11p_sd15_openpose_fp16.safetensors"}, {"rfilename": "models/control_v11p_sd15_scribble_fp16.safetensors"}, {"rfilename": "models/control_v11p_sd15_seg_fp16.safetensors"}, {"rfilename": "models/control_v11p_sd15_softedge_fp16.safetensors"}, {"rfilename": "models/control_v11p_sd15s2_lineart_anime_fp16.safetensors"}, {"rfilename": "models/control_v1p_sd15_qrcode_monster_v2.safetensors"}, {"rfilename": "models/t2iadapter_canny_sd14v1.pth"}, {"rfilename": "models/t2iadapter_canny_sd15v2.pth"}, {"rfilename": "models/t2iadapter_color_sd14v1.pth"}, {"rfilename": "models/t2iadapter_depth_sd14v1.pth"}, {"rfilename": "models/t2iadapter_depth_sd15v2.pth"}, {"rfilename": "models/t2iadapter_keypose_sd14v1.pth"}, {"rfilename": "models/t2iadapter_openpose_sd14v1.pth"}, {"rfilename": "models/t2iadapter_seg_sd14v1.pth"}, {"rfilename": "models/t2iadapter_sketch_sd14v1.pth"}, {"rfilename": "models/t2iadapter_sketch_sd15v2.pth"}, {"rfilename": "models/t2iadapter_style_sd14v1.pth"}, {"rfilename": "models/t2iadapter_zoedepth_sd15v1.pth"}], "spaces": [], "createdAt": "2023-09-05T08:01:44.000Z", "inferenceStatus": "not-loaded"}