{"_id": "667a604a58120f1b6acc9e1d", "id": "2circlejun/layoutlm-funsd-tf", "modelId": "2circlejun/layoutlm-funsd-tf", "author": "2circlejun", "sha": "3e56a8f3e3ae548f232a485a45fb8d57d01799f6", "lastModified": "2024-06-25T06:17:43.000Z", "private": false, "disabled": false, "gated": false, "pipeline_tag": "token-classification", "tags": ["transformers", "tf", "tensorboard", "layoutlm", "token-classification", "generated_from_keras_callback", "base_model:microsoft/layoutlm-base-uncased", "license:mit", "autotrain_compatible", "endpoints_compatible", "region:us"], "downloads": 2, "library_name": "transformers", "widgetData": [{"text": "My name is Wolfgang and I live in Berlin"}, {"text": "My name is Sarah and I live in London"}, {"text": "My name is Clara and I live in Berkeley, California."}], "likes": 0, "model-index": [{"name": "layoutlm-funsd-tf", "results": []}], "config": {"architectures": ["LayoutLMForTokenClassification"], "model_type": "layoutlm", "tokenizer_config": {"cls_token": "[CLS]", "mask_token": "[MASK]", "pad_token": "[PAD]", "sep_token": "[SEP]", "unk_token": "[UNK]"}}, "cardData": {"license": "mit", "tags": ["generated_from_keras_callback"], "base_model": "microsoft/layoutlm-base-uncased", "model-index": [{"name": "layoutlm-funsd-tf", "results": []}]}, "transformersInfo": {"auto_model": "AutoModelForTokenClassification", "pipeline_tag": "token-classification", "processor": "AutoTokenizer"}, "siblings": [{"rfilename": ".gitattributes"}, {"rfilename": "README.md"}, {"rfilename": "config.json"}, {"rfilename": "logs/train/events.out.tfevents.1719296090.cheetah-6469676974616c-exht8p-65ddd77b95-gjfbc.860407.0.v2"}, {"rfilename": "logs/validation/events.out.tfevents.1719296109.cheetah-6469676974616c-exht8p-65ddd77b95-gjfbc.860407.1.v2"}, {"rfilename": "preprocessor_config.json"}, {"rfilename": "special_tokens_map.json"}, {"rfilename": "tf_model.h5"}, {"rfilename": "tokenizer.json"}, {"rfilename": "tokenizer_config.json"}, {"rfilename": "vocab.txt"}], "spaces": [], "createdAt": "2024-06-25T06:14:34.000Z", "inferenceStatus": "not-loaded"}