{"_id": "646fc87a6098ee820fbffa07", "id": "2double2/sdlena", "modelId": "2double2/sdlena", "author": "2double2", "sha": "17c858abef736842560c0ada98e16b900da858aa", "lastModified": "2023-05-25T20:43:38.000Z", "private": false, "disabled": false, "gated": false, "tags": ["license:other", "region:us"], "downloads": 0, "likes": 0, "model-index": null, "cardData": {"license": "other"}, "siblings": [{"rfilename": ".gitattributes"}, {"rfilename": "README.md"}], "spaces": [], "createdAt": "2023-05-25T20:43:38.000Z", "inferenceStatus": "not-loaded"}