{"_id": "668382793517f04dc6c85aee", "id": "2fly2b/lv", "modelId": "2fly2b/lv", "author": "2fly2b", "sha": "05c27439ee1aff31246ac70b150da5d74eb51e93", "lastModified": "2024-07-02T04:31:45.000Z", "private": false, "disabled": false, "gated": false, "tags": ["en", "license:cc", "region:us"], "downloads": 0, "likes": 0, "model-index": null, "cardData": {"license": "cc", "language": ["en"]}, "siblings": [{"rfilename": ".gitattributes"}, {"rfilename": "README.md"}], "spaces": [], "createdAt": "2024-07-02T04:30:49.000Z", "inferenceStatus": "not-loaded"}