{"_id": "668f96491962c9c9feb79761", "id": "2gnak/multi-view-diffusion-demo", "modelId": "2gnak/multi-view-diffusion-demo", "author": "2gnak", "sha": "3916e5568b2ee54ea8a81ce4961609158b2c464d", "lastModified": "2024-05-07T00:34:01.000Z", "private": false, "disabled": false, "gated": false, "pipeline_tag": "image-to-3d", "tags": ["diffusers", "safetensors", "image-to-3d", "license:openrail", "diffusers:MVDreamPipeline", "region:us"], "downloads": 0, "library_name": "diffusers", "likes": 0, "model-index": null, "config": {"diffusers": {"_class_name": "MVDreamPipeline"}}, "cardData": {"license": "openrail", "pipeline_tag": "image-to-3d"}, "siblings": [{"rfilename": ".gitattributes"}, {"rfilename": ".gitignore"}, {"rfilename": "README.md"}, {"rfilename": "feature_extractor/preprocessor_config.json"}, {"rfilename": "image_encoder/config.json"}, {"rfilename": "image_encoder/model.safetensors"}, {"rfilename": "model_index.json"}, {"rfilename": "pipeline.py"}, {"rfilename": "requirements.txt"}, {"rfilename": "scheduler/scheduler_config.json"}, {"rfilename": "text_encoder/config.json"}, {"rfilename": "text_encoder/model.safetensors"}, {"rfilename": "tokenizer/merges.txt"}, {"rfilename": "tokenizer/special_tokens_map.json"}, {"rfilename": "tokenizer/tokenizer_config.json"}, {"rfilename": "tokenizer/vocab.json"}, {"rfilename": "unet/config.json"}, {"rfilename": "unet/diffusion_pytorch_model.safetensors"}, {"rfilename": "unet/mv_unet.py"}, {"rfilename": "vae/config.json"}, {"rfilename": "vae/diffusion_pytorch_model.safetensors"}], "spaces": [], "createdAt": "2024-07-11T08:22:33.000Z", "inferenceStatus": "not-loaded"}