{"_id": "6613a32642da659656d62389", "id": "2hab/distilbert-base-uncased-finetuned-emotion", "modelId": "2hab/distilbert-base-uncased-finetuned-emotion", "author": "2hab", "sha": "3ab4db95258ee3412cbb5d4beec30348d3b2b358", "lastModified": "2024-04-08T08:00:27.000Z", "private": false, "disabled": false, "gated": false, "pipeline_tag": "text-classification", "tags": ["transformers", "tensorboard", "safetensors", "distilbert", "text-classification", "generated_from_trainer", "dataset:emotion", "base_model:distilbert-base-uncased", "license:apache-2.0", "model-index", "autotrain_compatible", "endpoints_compatible", "region:us"], "downloads": 3, "library_name": "transformers", "mask_token": "[MASK]", "widgetData": [{"text": "I like you. I love you"}], "likes": 0, "model-index": [{"name": "distilbert-base-uncased-finetuned-emotion", "results": [{"task": {"name": "Text Classification", "type": "text-classification"}, "dataset": {"name": "emotion", "type": "emotion", "config": "split", "split": "validation", "args": "split"}, "metrics": [{"name": "Accuracy", "type": "accuracy", "value": 0.929, "verified": false}, {"name": "F1", "type": "f1", "value": 0.9290812884807271, "verified": false}]}]}], "config": {"architectures": ["DistilBertForSequenceClassification"], "model_type": "distilbert", "tokenizer_config": {"cls_token": "[CLS]", "mask_token": "[MASK]", "pad_token": "[PAD]", "sep_token": "[SEP]", "unk_token": "[UNK]"}}, "cardData": {"license": "apache-2.0", "base_model": "distilbert-base-uncased", "tags": ["generated_from_trainer"], "datasets": ["emotion"], "metrics": ["accuracy", "f1"], "model-index": [{"name": "distilbert-base-uncased-finetuned-emotion", "results": [{"task": {"name": "Text Classification", "type": "text-classification"}, "dataset": {"name": "emotion", "type": "emotion", "config": "split", "split": "validation", "args": "split"}, "metrics": [{"name": "Accuracy", "type": "accuracy", "value": 0.929, "verified": false}, {"name": "F1", "type": "f1", "value": 0.9290812884807271, "verified": false}]}]}]}, "transformersInfo": {"auto_model": "AutoModelForSequenceClassification", "pipeline_tag": "text-classification", "processor": "AutoTokenizer"}, "siblings": [{"rfilename": ".gitattributes"}, {"rfilename": "README.md"}, {"rfilename": "config.json"}, {"rfilename": "model.safetensors"}, {"rfilename": "runs/Apr08_07-56-22_59178ff6e912/events.out.tfevents.1712562985.59178ff6e912.1002.0"}, {"rfilename": "special_tokens_map.json"}, {"rfilename": "tokenizer.json"}, {"rfilename": "tokenizer_config.json"}, {"rfilename": "training_args.bin"}, {"rfilename": "vocab.txt"}], "spaces": [], "createdAt": "2024-04-08T07:56:22.000Z", "safetensors": {"parameters": {"F32": 66958086}, "total": 66958086}, "inferenceStatus": "not-loaded"}