{"_id": "6449e1731af713976c390f57", "id": "2hip3ng/intercse-bert-base-uncased", "modelId": "2hip3ng/intercse-bert-base-uncased", "author": "2hip3ng", "sha": "0fd749cd8758370f2abeddd63da412a99777bce5", "lastModified": "2023-04-27T10:11:09.000Z", "private": false, "disabled": false, "gated": false, "pipeline_tag": "feature-extraction", "tags": ["transformers", "pytorch", "bert", "feature-extraction", "text-embeddings-inference", "endpoints_compatible", "region:us"], "downloads": 2, "library_name": "transformers", "mask_token": "[MASK]", "likes": 0, "config": {"architectures": ["BertModel"], "model_type": "bert", "tokenizer_config": {"unk_token": "[UNK]", "sep_token": "[SEP]", "pad_token": "[PAD]", "cls_token": "[CLS]", "mask_token": "[MASK]"}}, "transformersInfo": {"auto_model": "AutoModel", "pipeline_tag": "feature-extraction", "processor": "AutoTokenizer"}, "siblings": [{"rfilename": ".gitattributes"}, {"rfilename": "config.json"}, {"rfilename": "pytorch_model.bin"}, {"rfilename": "tokenizer_config.json"}, {"rfilename": "vocab.txt"}], "spaces": [], "createdAt": "2023-04-27T02:44:03.000Z", "inferenceStatus": "not-loaded"}