{"_id": "64d9d65a4daf22fc2811ab2b", "id": "2Moogi/first_model", "modelId": "2Moogi/first_model", "author": "2Moogi", "sha": "8583013a19b1e2b2d1678003455f06db5b16322f", "lastModified": "2023-08-15T00:58:10.000Z", "private": false, "disabled": false, "gated": false, "tags": ["tf-keras", "tf", "bert", "region:us"], "downloads": 2, "library_name": "tf-keras", "mask_token": "[MASK]", "likes": 0, "config": {"architectures": ["BertForTokenClassification"], "model_type": "bert", "tokenizer_config": {"cls_token": "[CLS]", "mask_token": "[MASK]", "pad_token": "[PAD]", "sep_token": "[SEP]", "unk_token": "[UNK]"}}, "siblings": [{"rfilename": ".gitattributes"}, {"rfilename": "config.json"}, {"rfilename": "fingerprint.pb"}, {"rfilename": "keras_metadata.pb"}, {"rfilename": "saved_model.pb"}, {"rfilename": "special_tokens_map.json"}, {"rfilename": "tf_model.h5"}, {"rfilename": "tokenizer_config.json"}, {"rfilename": "vocab.txt"}], "spaces": [], "createdAt": "2023-08-14T07:23:06.000Z", "inferenceStatus": "not-loaded"}