{"_id": "6663ffaf95478df8c160aa74", "id": "2ndBestKiller/gelectra-large", "modelId": "2ndBestKiller/gelectra-large", "author": "2ndBestKiller", "sha": "e71ae287ab5fba2b2568b9b83d826ea27887f9d8", "lastModified": "2024-06-08T16:54:06.000Z", "private": false, "disabled": false, "gated": false, "pipeline_tag": "token-classification", "tags": ["transformers", "tensorboard", "safetensors", "electra", "token-classification", "generated_from_trainer", "autotrain_compatible", "endpoints_compatible", "region:us"], "downloads": 429, "library_name": "transformers", "mask_token": "[MASK]", "widgetData": [{"text": "My name is Wolfgang and I live in Berlin"}, {"text": "My name is Sarah and I live in London"}, {"text": "My name is Clara and I live in Berkeley, California."}], "likes": 0, "model-index": [{"name": "gelectra-large", "results": []}], "config": {"architectures": ["ElectraForTokenClassification"], "model_type": "electra", "tokenizer_config": {"cls_token": "[CLS]", "mask_token": "[MASK]", "pad_token": "[PAD]", "sep_token": "[SEP]", "unk_token": "[UNK]"}}, "cardData": {"tags": ["generated_from_trainer"], "metrics": ["precision", "recall", "f1", "accuracy"], "model-index": [{"name": "gelectra-large", "results": []}]}, "transformersInfo": {"auto_model": "AutoModelForTokenClassification", "pipeline_tag": "token-classification", "processor": "AutoTokenizer"}, "siblings": [{"rfilename": ".gitattributes"}, {"rfilename": "README.md"}, {"rfilename": "config.json"}, {"rfilename": "model.safetensors"}, {"rfilename": "runs/Jun08_08-52-31_IFMSRVBZPD/events.out.tfevents.1717829552.IFMSRVBZPD"}, {"rfilename": "special_tokens_map.json"}, {"rfilename": "tokenizer.json"}, {"rfilename": "tokenizer_config.json"}, {"rfilename": "training_args.bin"}, {"rfilename": "vocab.txt"}], "spaces": [], "createdAt": "2024-06-08T06:52:31.000Z", "safetensors": {"parameters": {"F32": 334697483}, "total": 334697483}, "inferenceStatus": "not-loaded"}