{"_id": "65b5f72c791c522128d01dd4", "id": "2nguyenle3/ProLSTMBP", "modelId": "2nguyenle3/ProLSTMBP", "author": "2nguyenle3", "sha": "906a9f6ec3777ac5f4278a538a144b1d7e647e83", "lastModified": "2024-01-28T06:46:37.000Z", "private": false, "disabled": false, "gated": false, "tags": ["region:us"], "downloads": 0, "likes": 0, "siblings": [{"rfilename": ".gitattributes"}, {"rfilename": "README.md"}, {"rfilename": "aiair-server/.gitignore"}, {"rfilename": "aiair-server/README.md"}, {"rfilename": "aiair-server/app.py"}, {"rfilename": "aiair-server/controllers/PredictController.py"}, {"rfilename": "aiair-server/datasets/models/lstm/bi-lstm.json"}, {"rfilename": "aiair-server/datasets/models/lstm/bi_lstm_weight.h5"}, {"rfilename": "aiair-server/datasets/models/lstm/co-lstm.json"}, {"rfilename": "aiair-server/datasets/models/lstm/co2-lstm.json"}, {"rfilename": "aiair-server/datasets/models/lstm/co2_lstm_weight.h5"}, {"rfilename": "aiair-server/datasets/models/lstm/co_lstm_weight.h5"}, {"rfilename": "aiair-server/datasets/models/lstm/humi-lstm.json"}, {"rfilename": "aiair-server/datasets/models/lstm/humi_lstm_weight.h5"}, {"rfilename": "aiair-server/datasets/models/lstm/pm25-lstm.json"}, {"rfilename": "aiair-server/datasets/models/lstm/pm25_lstm_weight.h5"}, {"rfilename": "aiair-server/datasets/models/lstm/temp-lstm.json"}, {"rfilename": "aiair-server/datasets/models/lstm/temp_lstm_weight.h5"}, {"rfilename": "aiair-server/datasets/models/lstm/temp_pc_lstm_weight.h5"}, {"rfilename": "aiair-server/datasets/models/lstm/temp_pc_lstm_weight.json"}, {"rfilename": "aiair-server/datasets/models/lstm/test-lstm.json"}, {"rfilename": "aiair-server/datasets/models/lstm/test_lstm_weight.h5"}, {"rfilename": "aiair-server/datasets/models/lstm/trick-lstm.json"}, {"rfilename": "aiair-server/datasets/models/lstm/trick_lstm_weight.h5"}, {"rfilename": "aiair-server/datasets/models/lstm/uv-lstm.json"}, {"rfilename": "aiair-server/datasets/models/lstm/uv_lstm_weight.h5"}, {"rfilename": "aiair-server/datasets/models/prophet-lstm/temp-bpnn-model.h5"}, {"rfilename": "aiair-server/datasets/models/prophet-lstm/temp-bpnn-model.json"}, {"rfilename": "aiair-server/requirements.txt"}, {"rfilename": "aiair-server/routes/Predict.py"}, {"rfilename": "aiair-server/routes/Router.py"}], "spaces": [], "createdAt": "2024-01-28T06:41:48.000Z", "inferenceStatus": "not-loaded"}