{"_id": "6651802a815d7642d5aaef56", "id": "2Noise/ChatTTS", "modelId": "2Noise/ChatTTS", "author": "2Noise", "sha": "cc14302f34d7855eb3420d1fd48345012ff1460d", "lastModified": "2024-06-07T13:59:53.000Z", "private": false, "disabled": false, "gated": false, "pipeline_tag": "text-to-audio", "tags": ["chat_tts", "text-to-audio", "license:cc-by-nc-4.0", "region:us"], "downloads": 19741, "library_name": "chat_tts", "likes": 1174, "model-index": null, "cardData": {"license": "cc-by-nc-4.0", "library_name": "chat_tts", "pipeline_tag": "text-to-audio"}, "siblings": [{"rfilename": ".gitattributes"}, {"rfilename": "README.md"}, {"rfilename": "asset/DVAE.pt"}, {"rfilename": "asset/Decoder.pt"}, {"rfilename": "asset/GPT.pt"}, {"rfilename": "asset/Vocos.pt"}, {"rfilename": "asset/spk_stat.pt"}, {"rfilename": "asset/tokenizer.pt"}, {"rfilename": "config/decoder.yaml"}, {"rfilename": "config/dvae.yaml"}, {"rfilename": "config/gpt.yaml"}, {"rfilename": "config/path.yaml"}, {"rfilename": "config/vocos.yaml"}], "spaces": ["Dzkaka/ChatTTS", "lenML/ChatTTS-Forge", "Hilley/ChatTTS-OpenVoice", "markmagic/ChatTTS", "Hilley/ChatVC", "fcyai/ChatTTS", "doby4u/chattts", "wffcyrus/ChatTTS-Story-Telling", "rao223/ChatTTS-Forge", "rainnee0925/ChatTTS", "prajjwalkapoor/tts", "sysf/ChatTTS", "fcyai/ChatTTS-Story-Telling", "savokiss/ChatTTS", "savokiss/chattts-free", "arpy8/chattts", "panney/ChatTTS", "cbhhhcb/ChatTTS", "lisongfeng/ChatTTS-WebUI", "rainnee/ChatTTS", "CNKYUW1/ChatTTS-Forge", "CNKYUW1/ChatTTS", "wffcyrus/ChatTTS-Forge", "xcq-1/tts", "docs4dev/gptalk", "sandy-try/ChatTTS-Forge", "zzhouz/learningself", "slingkid/ChatVC2", "panyanyany/ChatTTS", "slingkid/ChatVC4"], "createdAt": "2024-05-25T06:07:38.000Z", "inferenceStatus": "not-loaded"}