{"_id": "63abbb6ad6cafe97c8a01fcc", "id": "2None22/M3gan", "modelId": "2None22/M3gan", "author": "2None22", "sha": "53e92f7421fc464685d13e9db0eb1a2ba83ea430", "lastModified": "2022-12-28T03:44:10.000Z", "private": false, "disabled": false, "gated": false, "tags": ["region:us"], "downloads": 0, "likes": 0, "siblings": [{"rfilename": ".gitattributes"}, {"rfilename": "2F20532F-C526-4226-B7EB-4CF179D175C1.jpeg"}], "spaces": [], "createdAt": "2022-12-28T03:43:38.000Z", "inferenceStatus": "not-loaded"}