{"_id": "624b39fb01cc1fd0a161b8b0", "id": "2NRC/Fake-New-Classifier", "modelId": "2NRC/Fake-New-Classifier", "author": "2NRC", "sha": "64c886edfd090c1790b995ea522fb0b7ef788266", "lastModified": "2022-04-04T18:53:07.000Z", "private": false, "disabled": false, "gated": false, "tags": ["license:other", "region:us"], "downloads": 0, "likes": 0, "model-index": null, "cardData": {"license": "other"}, "siblings": [{"rfilename": ".gitattributes"}, {"rfilename": "Fake.csv"}, {"rfilename": "Fake_News_Classifier.py"}, {"rfilename": "README.md"}, {"rfilename": "True.csv"}], "spaces": [], "createdAt": "2022-04-04T18:33:31.000Z", "inferenceStatus": "not-loaded"}