{"_id": "666703cdc57dbea44f974445", "id": "2nzi/videomae-surf-analytics-v2", "modelId": "2nzi/videomae-surf-analytics-v2", "author": "2nzi", "sha": "a949f01c67f471421f8aaec0f81d07645e78c2bc", "lastModified": "2024-06-11T11:36:48.000Z", "private": false, "disabled": false, "gated": false, "pipeline_tag": "video-classification", "tags": ["transformers", "safetensors", "videomae", "video-classification", "generated_from_trainer", "base_model:MCG-NJU/videomae-base", "license:cc-by-nc-4.0", "endpoints_compatible", "region:us"], "downloads": 1, "library_name": "transformers", "likes": 0, "model-index": [{"name": "videomae-surf-analytics-sans-wandb", "results": []}], "config": {"architectures": ["VideoMAEForVideoClassification"], "model_type": "videomae"}, "cardData": {"license": "cc-by-nc-4.0", "base_model": "MCG-NJU/videomae-base", "tags": ["generated_from_trainer"], "metrics": ["accuracy", "f1"], "model-index": [{"name": "videomae-surf-analytics-sans-wandb", "results": []}]}, "transformersInfo": {"auto_model": "AutoModelForVideoClassification", "pipeline_tag": "video-classification", "processor": "AutoImageProcessor"}, "siblings": [{"rfilename": ".gitattributes"}, {"rfilename": "README.md"}, {"rfilename": "all_results.json"}, {"rfilename": "config.json"}, {"rfilename": "model.safetensors"}, {"rfilename": "preprocessor_config.json"}, {"rfilename": "test_results.json"}, {"rfilename": "trainer_state.json"}, {"rfilename": "training_args.bin"}, {"rfilename": "val_results.json"}], "spaces": [], "createdAt": "2024-06-10T13:46:53.000Z", "safetensors": {"parameters": {"F32": 86230276}, "total": 86230276}, "inferenceStatus": "not-loaded"}