{"_id": "66413366b2f118e6199febfb", "id": "2nzi/videomae-surf-analytics", "modelId": "2nzi/videomae-surf-analytics", "author": "2nzi", "sha": "3ef3e95682533684ce1948da92c44fdf7b3e2e0f", "lastModified": "2024-06-09T09:22:38.000Z", "private": false, "disabled": false, "gated": false, "pipeline_tag": "video-classification", "tags": ["transformers", "tensorboard", "safetensors", "videomae", "video-classification", "generated_from_trainer", "base_model:MCG-NJU/videomae-base", "license:cc-by-nc-4.0", "endpoints_compatible", "region:us"], "downloads": 206, "library_name": "transformers", "likes": 0, "model-index": [{"name": "videomae-base-finetuned-2", "results": []}], "config": {"architectures": ["VideoMAEForVideoClassification"], "model_type": "videomae"}, "cardData": {"license": "cc-by-nc-4.0", "base_model": "MCG-NJU/videomae-base", "tags": ["generated_from_trainer"], "metrics": ["accuracy"], "model-index": [{"name": "videomae-base-finetuned-2", "results": []}]}, "transformersInfo": {"auto_model": "AutoModelForVideoClassification", "pipeline_tag": "video-classification", "processor": "AutoImageProcessor"}, "siblings": [{"rfilename": ".gitattributes"}, {"rfilename": "README.md"}, {"rfilename": "all-data.zip"}, {"rfilename": "all_results.json"}, {"rfilename": "config.json"}, {"rfilename": "model.safetensors"}, {"rfilename": "preprocessor_config.json"}, {"rfilename": "runs/May13_09-06-56_MSI/events.out.tfevents.1715584020.MSI.20512.0"}, {"rfilename": "runs/May13_09-06-56_MSI/events.out.tfevents.1715593801.MSI.20512.1"}, {"rfilename": "runs/May13_13-50-11_MSI/events.out.tfevents.1715601018.MSI.20512.2"}, {"rfilename": "runs/May13_14-01-15_MSI/events.out.tfevents.1715601677.MSI.20512.3"}, {"rfilename": "runs/May13_19-31-28_MSI/events.out.tfevents.1715621490.MSI.14116.0"}, {"rfilename": "runs/May13_19-31-28_MSI/events.out.tfevents.1715627469.MSI.14116.1"}, {"rfilename": "runs/May13_23-09-51_MSI/events.out.tfevents.1715634595.MSI.14116.2"}, {"rfilename": "runs/May13_23-30-50_MSI/events.out.tfevents.1715635853.MSI.30180.0"}, {"rfilename": "runs/May14_11-21-18_MSI/events.out.tfevents.1715678481.MSI.18796.0"}, {"rfilename": "runs/May16_18-48-25_MSI/events.out.tfevents.1715878108.MSI.19764.0"}, {"rfilename": "runs/May16_18-51-17_MSI/events.out.tfevents.1715878279.MSI.19764.1"}, {"rfilename": "runs/May16_18-59-46_MSI/events.out.tfevents.1715878788.MSI.22228.0"}, {"rfilename": "runs/May16_18-59-46_MSI/events.out.tfevents.1715883082.MSI.22228.1"}, {"rfilename": "runs/May16_21-50-47_MSI/events.out.tfevents.1715889052.MSI.22228.2"}, {"rfilename": "runs/May17_01-25-40_MSI/events.out.tfevents.1715901945.MSI.2780.0"}, {"rfilename": "runs/May17_01-25-40_MSI/events.out.tfevents.1715919261.MSI.2780.1"}, {"rfilename": "runs/May17_11-05-38_MSI/events.out.tfevents.1715937182.MSI.31856.0"}, {"rfilename": "runs/May20_21-23-43_MSI/events.out.tfevents.1716233354.MSI.16400.0"}, {"rfilename": "runs/May20_21-23-43_MSI/events.out.tfevents.1716261947.MSI.16400.1"}, {"rfilename": "test_results.json"}, {"rfilename": "trainer_state.json"}, {"rfilename": "training_args.bin"}], "spaces": ["khaldii/surf_Analytics", "2nzi/Surf-Analytics", "khaldii/surf_analytique_test", "khaldii/surf_label", "khaldii/surf_1", "khaldii/surf_2"], "createdAt": "2024-05-12T21:23:50.000Z", "safetensors": {"parameters": {"F32": 86230276}, "total": 86230276}, "inferenceStatus": "not-loaded"}