{"_id": "6668b22ac68cd49c13df1043", "id": "2nzi/videomae-surf-analytics-surfNOTsurf", "modelId": "2nzi/videomae-surf-analytics-surfNOTsurf", "author": "2nzi", "sha": "85232f1d6ef50f979a10f1f91ae5547d3663ed60", "lastModified": "2024-06-11T21:28:16.000Z", "private": false, "disabled": false, "gated": false, "pipeline_tag": "video-classification", "tags": ["transformers", "safetensors", "videomae", "video-classification", "endpoints_compatible", "region:us"], "downloads": 190, "library_name": "transformers", "likes": 0, "config": {"architectures": ["VideoMAEForVideoClassification"], "model_type": "videomae"}, "transformersInfo": {"auto_model": "AutoModelForVideoClassification", "pipeline_tag": "video-classification", "processor": "AutoImageProcessor"}, "siblings": [{"rfilename": ".gitattributes"}, {"rfilename": "config.json"}, {"rfilename": "model.safetensors"}, {"rfilename": "preprocessor_config.json"}, {"rfilename": "training_args.bin"}], "spaces": ["2nzi/Surf-Analytics", "khaldii/surf_1", "khaldii/surf_2"], "createdAt": "2024-06-11T20:23:06.000Z", "safetensors": {"parameters": {"F32": 86228738}, "total": 86228738}, "inferenceStatus": "not-loaded"}