{"_id": "66756c3eaacacf620ecb4b3c", "id": "2nzi/GetAround-CarPrediction", "modelId": "2nzi/GetAround-CarPrediction", "author": "2nzi", "sha": "fe153a1e71fa271aa26cccaba9bb92fabe0d9f1a", "lastModified": "2024-06-21T12:05:55.000Z", "private": false, "disabled": false, "gated": false, "tags": ["region:us"], "downloads": 0, "likes": 0, "siblings": [{"rfilename": ".gitattributes"}, {"rfilename": "best_model_XGBoost.pkl"}], "spaces": [], "createdAt": "2024-06-21T12:04:14.000Z", "inferenceStatus": "not-loaded"}