{"_id": "659de6b260736ff2a6d61cbb", "id": "2O24dpower2024/xlm-roberta-base-finetuned-panx-de", "modelId": "2O24dpower2024/xlm-roberta-base-finetuned-panx-de", "author": "2O24dpower2024", "sha": "efc7d49af7e051fc52c6787317830b734fb91681", "lastModified": "2024-01-18T20:30:39.000Z", "private": false, "disabled": false, "gated": false, "pipeline_tag": "token-classification", "tags": ["transformers", "tensorboard", "safetensors", "xlm-roberta", "token-classification", "generated_from_trainer", "dataset:xtreme", "base_model:xlm-roberta-base", "license:mit", "model-index", "autotrain_compatible", "endpoints_compatible", "region:us"], "downloads": 2, "library_name": "transformers", "mask_token": "<mask>", "widgetData": [{"text": "My name is Wolfgang and I live in Berlin"}, {"text": "My name is Sarah and I live in London"}, {"text": "My name is Clara and I live in Berkeley, California."}], "likes": 0, "model-index": [{"name": "xlm-roberta-base-finetuned-panx-de", "results": [{"task": {"name": "Token Classification", "type": "token-classification"}, "dataset": {"name": "xtreme", "type": "xtreme", "config": "PAN-X.de", "split": "validation", "args": "PAN-X.de"}, "metrics": [{"name": "F1", "type": "f1", "value": 0.864374077857224, "verified": false}]}]}], "config": {"architectures": ["XLMRobertaForTokenClassification"], "model_type": "xlm-roberta", "tokenizer_config": {"bos_token": "<s>", "cls_token": "<s>", "eos_token": "</s>", "mask_token": "<mask>", "pad_token": "<pad>", "sep_token": "</s>", "unk_token": "<unk>"}}, "cardData": {"license": "mit", "base_model": "xlm-roberta-base", "tags": ["generated_from_trainer"], "datasets": ["xtreme"], "metrics": ["f1"], "model-index": [{"name": "xlm-roberta-base-finetuned-panx-de", "results": [{"task": {"name": "Token Classification", "type": "token-classification"}, "dataset": {"name": "xtreme", "type": "xtreme", "config": "PAN-X.de", "split": "validation", "args": "PAN-X.de"}, "metrics": [{"name": "F1", "type": "f1", "value": 0.864374077857224, "verified": false}]}]}]}, "transformersInfo": {"auto_model": "AutoModelForTokenClassification", "pipeline_tag": "token-classification", "processor": "AutoTokenizer"}, "siblings": [{"rfilename": ".gitattributes"}, {"rfilename": "README.md"}, {"rfilename": "config.json"}, {"rfilename": "model.safetensors"}, {"rfilename": "runs/Jan10_00-26-53_9c4740f4f492/events.out.tfevents.1704847183.9c4740f4f492.4786.0"}, {"rfilename": "runs/Jan10_00-26-53_9c4740f4f492/events.out.tfevents.1704847352.9c4740f4f492.4786.1"}, {"rfilename": "runs/Jan10_00-26-53_9c4740f4f492/events.out.tfevents.1704847658.9c4740f4f492.4786.2"}, {"rfilename": "runs/Jan10_08-33-56_7fafdf6af354/events.out.tfevents.1704875727.7fafdf6af354.1699.0"}, {"rfilename": "runs/Jan10_22-49-39_b38037e652c9/events.out.tfevents.1704927021.b38037e652c9.6167.0"}, {"rfilename": "runs/Jan11_21-37-49_a31d1c898465/events.out.tfevents.1705009120.a31d1c898465.3006.0"}, {"rfilename": "runs/Jan12_22-21-55_74b5fd0490d7/events.out.tfevents.1705098166.74b5fd0490d7.4074.0"}, {"rfilename": "runs/Jan18_20-26-35_bf04fdf324c9/events.out.tfevents.1705609649.bf04fdf324c9.7622.0"}, {"rfilename": "special_tokens_map.json"}, {"rfilename": "tokenizer.json"}, {"rfilename": "tokenizer_config.json"}, {"rfilename": "training_args.bin"}], "spaces": [], "createdAt": "2024-01-10T00:37:06.000Z", "safetensors": {"parameters": {"F32": 277458439}, "total": 277458439}, "inferenceStatus": "not-loaded"}