{"_id": "6432a9e7701755347c465386", "id": "2phi/embeddings", "modelId": "2phi/embeddings", "author": "2phi", "sha": "f6d7b906b7654b602f9215d73b738a24bef867a8", "lastModified": "2023-04-09T12:04:55.000Z", "private": false, "disabled": false, "gated": false, "tags": ["license:unknown", "region:us"], "downloads": 0, "likes": 0, "model-index": null, "cardData": {"license": "unknown"}, "siblings": [{"rfilename": ".gitattributes"}, {"rfilename": "README.md"}], "spaces": [], "createdAt": "2023-04-09T12:04:55.000Z", "inferenceStatus": "not-loaded"}