{"_id": "63492ff53caab0136df0b674", "id": "2refocus/ak", "modelId": "2refocus/ak", "author": "2refocus", "sha": "1a1418bb78119b61d628ee6f56531ab1c74290c3", "lastModified": "2022-10-14T09:46:29.000Z", "private": false, "disabled": false, "gated": false, "tags": ["license:artistic-2.0", "region:us"], "downloads": 0, "likes": 0, "model-index": null, "cardData": {"license": "artistic-2.0"}, "siblings": [{"rfilename": ".gitattributes"}, {"rfilename": "README.md"}], "spaces": [], "createdAt": "2022-10-14T09:46:29.000Z", "inferenceStatus": "not-loaded"}