{"_id": "6463ab996dad99445dea628a", "id": "2rtl3/mn-roberta-base-demo-named-entity", "modelId": "2rtl3/mn-roberta-base-demo-named-entity", "author": "2rtl3", "sha": "cac851bb50b12f0b0c6b52476cc4745b3eac36e5", "lastModified": "2023-05-16T16:55:52.000Z", "private": false, "disabled": false, "gated": false, "pipeline_tag": "token-classification", "tags": ["transformers", "pytorch", "tensorboard", "roberta", "token-classification", "generated_from_trainer", "mn", "autotrain_compatible", "endpoints_compatible", "region:us"], "downloads": 2, "library_name": "transformers", "mask_token": "<mask>", "widgetData": [{"text": "\u041d\u0430\u043c\u0430\u0439\u0433 \u0414\u043e\u0440\u0436 \u0433\u044d\u0434\u044d\u0433. \u0411\u0438 \u0423\u043b\u0430\u0430\u043d\u0431\u0430\u0430\u0442\u0430\u0440\u0442 \u0430\u043c\u044c\u0434\u0430\u0440\u0434\u0430\u0433."}, {"text": "\u041d\u0430\u043c\u0430\u0439\u0433 \u0413\u0430\u043d\u0431\u0430\u0442 \u0433\u044d\u0434\u044d\u0433. \u0411\u0438 \u0423\u0432\u0441 \u0430\u0439\u043c\u0430\u0433\u0442 \u0442\u04e9\u0440\u0441\u04e9\u043d."}, {"text": "\u041c\u0430\u043d\u0430\u0439 \u0443\u043b\u0441 \u0442\u0430\u0432\u0430\u043d \u0445\u043e\u0448\u0443\u0443 \u043c\u0430\u043b\u0442\u0430\u0439."}], "likes": 0, "model-index": [{"name": "mn-roberta-base-demo-named-entity", "results": []}], "config": {"architectures": ["RobertaForTokenClassification"], "model_type": "roberta", "tokenizer_config": {"bos_token": "<s>", "cls_token": "<s>", "eos_token": "</s>", "mask_token": "<mask>", "pad_token": "<pad>", "sep_token": "</s>", "unk_token": "<unk>"}}, "cardData": {"language": ["mn"], "tags": ["generated_from_trainer"], "metrics": ["precision", "recall", "f1", "accuracy"], "model-index": [{"name": "mn-roberta-base-demo-named-entity", "results": []}]}, "transformersInfo": {"auto_model": "AutoModelForTokenClassification", "pipeline_tag": "token-classification", "processor": "AutoTokenizer"}, "siblings": [{"rfilename": ".gitattributes"}, {"rfilename": ".gitignore"}, {"rfilename": "README.md"}, {"rfilename": "config.json"}, {"rfilename": "merges.txt"}, {"rfilename": "pytorch_model.bin"}, {"rfilename": "runs/May16_16-13-08_dd78e432cfaf/1684253599.7887788/events.out.tfevents.1684253599.dd78e432cfaf.16060.1"}, {"rfilename": "runs/May16_16-13-08_dd78e432cfaf/events.out.tfevents.1684253599.dd78e432cfaf.16060.0"}, {"rfilename": "special_tokens_map.json"}, {"rfilename": "tokenizer.json"}, {"rfilename": "tokenizer_config.json"}, {"rfilename": "training_args.bin"}, {"rfilename": "vocab.json"}], "spaces": [], "createdAt": "2023-05-16T16:13:13.000Z", "inferenceStatus": "not-loaded"}