{"_id": "64641c1adfacc4d097bcaeee", "id": "2rtl3/mn-cased-bert-base-named-entity", "modelId": "2rtl3/mn-cased-bert-base-named-entity", "author": "2rtl3", "sha": "cdfc9687e2b251a11ece3c899eb4c056bf005d64", "lastModified": "2023-05-17T02:00:43.000Z", "private": false, "disabled": false, "gated": false, "pipeline_tag": "token-classification", "tags": ["transformers", "pytorch", "tensorboard", "distilbert", "token-classification", "generated_from_trainer", "mn", "license:apache-2.0", "autotrain_compatible", "endpoints_compatible", "region:us"], "downloads": 4, "library_name": "transformers", "mask_token": "[MASK]", "widgetData": [{"text": "\u041d\u0430\u043c\u0430\u0439\u0433 \u0414\u043e\u0440\u0436 \u0433\u044d\u0434\u044d\u0433. \u0411\u0438 \u0423\u043b\u0430\u0430\u043d\u0431\u0430\u0430\u0442\u0430\u0440\u0442 \u0430\u043c\u044c\u0434\u0430\u0440\u0434\u0430\u0433."}, {"text": "\u041d\u0430\u043c\u0430\u0439\u0433 \u0413\u0430\u043d\u0431\u0430\u0442 \u0433\u044d\u0434\u044d\u0433. \u0411\u0438 \u0423\u0432\u0441 \u0430\u0439\u043c\u0430\u0433\u0442 \u0442\u04e9\u0440\u0441\u04e9\u043d."}, {"text": "\u041c\u0430\u043d\u0430\u0439 \u0443\u043b\u0441 \u0442\u0430\u0432\u0430\u043d \u0445\u043e\u0448\u0443\u0443 \u043c\u0430\u043b\u0442\u0430\u0439."}], "likes": 0, "model-index": [{"name": "mn-cased-bert-base-named-entity", "results": []}], "config": {"architectures": ["DistilBertForTokenClassification"], "model_type": "distilbert", "tokenizer_config": {"cls_token": "[CLS]", "mask_token": "[MASK]", "pad_token": "[PAD]", "sep_token": "[SEP]", "unk_token": "[UNK]"}}, "cardData": {"language": ["mn"], "license": "apache-2.0", "tags": ["generated_from_trainer"], "metrics": ["precision", "recall", "f1", "accuracy"], "model-index": [{"name": "mn-cased-bert-base-named-entity", "results": []}]}, "transformersInfo": {"auto_model": "AutoModelForTokenClassification", "pipeline_tag": "token-classification", "processor": "AutoTokenizer"}, "siblings": [{"rfilename": ".gitattributes"}, {"rfilename": ".gitignore"}, {"rfilename": "README.md"}, {"rfilename": "config.json"}, {"rfilename": "pytorch_model.bin"}, {"rfilename": "runs/May17_01-20-39_ffa77f42d4f7/1684286463.185089/events.out.tfevents.1684286463.ffa77f42d4f7.1147.1"}, {"rfilename": "runs/May17_01-20-39_ffa77f42d4f7/events.out.tfevents.1684286463.ffa77f42d4f7.1147.0"}, {"rfilename": "special_tokens_map.json"}, {"rfilename": "tokenizer.json"}, {"rfilename": "tokenizer_config.json"}, {"rfilename": "training_args.bin"}, {"rfilename": "vocab.txt"}], "spaces": [], "createdAt": "2023-05-17T00:13:14.000Z", "inferenceStatus": "not-loaded"}