{"_id": "64647abac8522660ea43d0b6", "id": "2rtl3/mn-twhin-bert-named-entity", "modelId": "2rtl3/mn-twhin-bert-named-entity", "author": "2rtl3", "sha": "f8313b9add07531741890efda366e1e00a50b8cf", "lastModified": "2023-05-17T08:23:57.000Z", "private": false, "disabled": false, "gated": false, "pipeline_tag": "token-classification", "tags": ["transformers", "pytorch", "tensorboard", "bert", "token-classification", "generated_from_trainer", "mn", "license:apache-2.0", "autotrain_compatible", "endpoints_compatible", "region:us"], "downloads": 2, "library_name": "transformers", "mask_token": "[MASK]", "widgetData": [{"text": "\u041d\u0430\u043c\u0430\u0439\u0433 \u0414\u043e\u0440\u0436 \u0433\u044d\u0434\u044d\u0433. \u0411\u0438 \u0423\u043b\u0430\u0430\u043d\u0431\u0430\u0430\u0442\u0430\u0440\u0442 \u0430\u043c\u044c\u0434\u0430\u0440\u0434\u0430\u0433."}, {"text": "\u041d\u0430\u043c\u0430\u0439\u0433 \u0413\u0430\u043d\u0431\u0430\u0442 \u0433\u044d\u0434\u044d\u0433. \u0411\u0438 \u0423\u0432\u0441 \u0430\u0439\u043c\u0430\u0433\u0442 \u0442\u04e9\u0440\u0441\u04e9\u043d."}, {"text": "\u041c\u0430\u043d\u0430\u0439 \u0443\u043b\u0441 \u0442\u0430\u0432\u0430\u043d \u0445\u043e\u0448\u0443\u0443 \u043c\u0430\u043b\u0442\u0430\u0439."}], "likes": 0, "model-index": [{"name": "mn-twhin-bert-named-entity", "results": []}], "config": {"architectures": ["BertForTokenClassification"], "model_type": "bert", "tokenizer_config": {"bos_token": "<s>", "cls_token": "<s>", "eos_token": "</s>", "mask_token": {"__type": "AddedToken", "content": "<mask>", "lstrip": true, "normalized": true, "rstrip": false, "single_word": false}, "pad_token": "<pad>", "sep_token": "</s>", "unk_token": "<unk>"}}, "cardData": {"language": ["mn"], "license": "apache-2.0", "tags": ["generated_from_trainer"], "metrics": ["precision", "recall", "f1", "accuracy"], "model-index": [{"name": "mn-twhin-bert-named-entity", "results": []}]}, "transformersInfo": {"auto_model": "AutoModelForTokenClassification", "pipeline_tag": "token-classification", "processor": "AutoTokenizer"}, "siblings": [{"rfilename": ".gitattributes"}, {"rfilename": ".gitignore"}, {"rfilename": "README.md"}, {"rfilename": "config.json"}, {"rfilename": "pytorch_model.bin"}, {"rfilename": "runs/May17_07-05-16_4ac44980c50f/1684307133.484241/events.out.tfevents.1684307133.4ac44980c50f.1360.1"}, {"rfilename": "runs/May17_07-05-16_4ac44980c50f/events.out.tfevents.1684307133.4ac44980c50f.1360.0"}, {"rfilename": "special_tokens_map.json"}, {"rfilename": "tokenizer.json"}, {"rfilename": "tokenizer_config.json"}, {"rfilename": "training_args.bin"}], "spaces": [], "createdAt": "2023-05-17T06:56:58.000Z", "inferenceStatus": "not-loaded"}