{"_id": "6676f737d229a7f830560eb8", "id": "2shan/distilbert-base-multilingual-cased", "modelId": "2shan/distilbert-base-multilingual-cased", "author": "2shan", "sha": "f90a8b8baef0be7b80668a2483490ab910b150ca", "lastModified": "2024-06-22T16:13:31.000Z", "private": false, "disabled": false, "gated": false, "tags": ["region:us"], "downloads": 0, "likes": 0, "siblings": [{"rfilename": ".gitattributes"}, {"rfilename": "model-best/config.cfg"}, {"rfilename": "model-best/meta.json"}, {"rfilename": "model-best/textcat_multilabel/cfg"}, {"rfilename": "model-best/textcat_multilabel/model"}, {"rfilename": "model-best/tokenizer"}, {"rfilename": "model-best/transformer/cfg"}, {"rfilename": "model-best/transformer/model"}, {"rfilename": "model-best/vocab/key2row"}, {"rfilename": "model-best/vocab/lookups.bin"}, {"rfilename": "model-best/vocab/strings.json"}, {"rfilename": "model-best/vocab/vectors"}, {"rfilename": "model-best/vocab/vectors.cfg"}, {"rfilename": "model-last/config.cfg"}, {"rfilename": "model-last/meta.json"}, {"rfilename": "model-last/textcat_multilabel/cfg"}, {"rfilename": "model-last/textcat_multilabel/model"}, {"rfilename": "model-last/tokenizer"}, {"rfilename": "model-last/transformer/cfg"}, {"rfilename": "model-last/transformer/model"}, {"rfilename": "model-last/vocab/key2row"}, {"rfilename": "model-last/vocab/lookups.bin"}, {"rfilename": "model-last/vocab/strings.json"}, {"rfilename": "model-last/vocab/vectors"}, {"rfilename": "model-last/vocab/vectors.cfg"}], "spaces": [], "createdAt": "2024-06-22T16:09:27.000Z", "inferenceStatus": "not-loaded"}