{"_id": "65f15786cd30f1ed6ef11d50", "id": "2star/Kenshi-Yonezu", "modelId": "2star/Kenshi-Yonezu", "author": "2star", "sha": "4d63bc7508726402e9a7829359f2af5df51999c3", "lastModified": "2024-03-13T07:38:44.000Z", "private": false, "disabled": false, "gated": false, "tags": ["region:us"], "downloads": 0, "likes": 0, "siblings": [{"rfilename": ".gitattributes"}, {"rfilename": "Kenshi_Yonezu_ver1_32K_e300 .zip"}], "spaces": [], "createdAt": "2024-03-13T07:36:38.000Z", "inferenceStatus": "not-loaded"}