{"_id": "65daf690594bab313cef278f", "id": "2star/222", "modelId": "2star/222", "author": "2star", "sha": "a1ad871b6deaf564195523cbedad83a37c63407b", "lastModified": "2024-03-11T16:07:19.000Z", "private": false, "disabled": false, "gated": false, "tags": ["license:apache-2.0", "region:us"], "downloads": 0, "likes": 0, "model-index": null, "cardData": {"license": "apache-2.0"}, "siblings": [{"rfilename": ".gitattributes"}, {"rfilename": "ENFANT__500e.zip"}, {"rfilename": "PPZ_ver1.zip"}, {"rfilename": "README.md"}], "spaces": [], "createdAt": "2024-02-25T08:13:04.000Z", "inferenceStatus": "not-loaded"}