{"_id": "65e525b64dbf9514fb0001e2", "id": "2star/Kenshi_Yonezu", "modelId": "2star/Kenshi_Yonezu", "author": "2star", "sha": "9e98a158df8e3b570cb8754df9405276be3a398e", "lastModified": "2024-03-04T01:38:56.000Z", "private": false, "disabled": false, "gated": false, "tags": ["region:us"], "downloads": 0, "likes": 0, "siblings": [{"rfilename": ".gitattributes"}, {"rfilename": "Kenshi_Yonezu_ver1_e300_s31200.zip"}], "spaces": [], "createdAt": "2024-03-04T01:36:54.000Z", "inferenceStatus": "not-loaded"}