{"_id": "6655a2d7c3b51bcf54ca6535", "id": "2sy1227/gemma_2b_ko_summary", "modelId": "2sy1227/gemma_2b_ko_summary", "author": "2sy1227", "sha": "9fa10bd3f4893a32ee9744803000208d7e01fe31", "lastModified": "2024-06-04T11:09:23.000Z", "private": false, "disabled": false, "gated": false, "pipeline_tag": "text-generation", "tags": ["transformers", "safetensors", "gemma", "text-generation", "autotrain_compatible", "text-generation-inference", "endpoints_compatible", "region:us"], "downloads": 17, "library_name": "transformers", "widgetData": [{"text": "My name is Julien and I like to"}, {"text": "My name is Thomas and my main"}, {"text": "My name is Mariama, my favorite"}, {"text": "My name is Clara and I am"}, {"text": "My name is Lewis and I like to"}, {"text": "My name is Merve and my favorite"}, {"text": "My name is Teven and I am"}, {"text": "Once upon a time,"}], "likes": 0, "config": {"architectures": ["GemmaForCausalLM"], "model_type": "gemma"}, "transformersInfo": {"auto_model": "AutoModelForCausalLM", "pipeline_tag": "text-generation", "processor": "AutoTokenizer"}, "siblings": [{"rfilename": ".gitattributes"}, {"rfilename": "config.json"}, {"rfilename": "generation_config.json"}, {"rfilename": "model-00001-of-00002.safetensors"}, {"rfilename": "model-00002-of-00002.safetensors"}, {"rfilename": "model.safetensors.index.json"}, {"rfilename": "tokenizer.model"}], "spaces": [], "createdAt": "2024-05-28T09:24:39.000Z", "safetensors": {"parameters": {"F16": 2506172416}, "total": 2506172416}, "inferenceStatus": "not-loaded"}