{"_id": "6655f1801d419f86d835fc01", "id": "2sy1227/gemma_2b_ko_summary-Q4_K_M-GGUF", "modelId": "2sy1227/gemma_2b_ko_summary-Q4_K_M-GGUF", "author": "2sy1227", "sha": "1417033af6b45dd2b5ed749ee2a9de237ad422cf", "lastModified": "2024-06-04T11:15:54.000Z", "private": false, "disabled": false, "gated": false, "tags": ["gguf", "llama-cpp", "gguf-my-repo", "base_model:2sy1227/gemma_2b_ko_summary", "region:us"], "downloads": 36, "likes": 0, "model-index": null, "cardData": {"tags": ["llama-cpp", "gguf-my-repo"], "base_model": "2sy1227/gemma_2b_ko_summary"}, "siblings": [{"rfilename": ".gitattributes"}, {"rfilename": "README.md"}, {"rfilename": "gemma_2b_ko_summary-q4_k_m.gguf"}], "spaces": [], "createdAt": "2024-05-28T15:00:16.000Z", "inferenceStatus": "not-loaded"}