{"_id": "648db83b941869a01cfdfcbd", "id": "2tle/kobart-jeju-to-std", "modelId": "2tle/kobart-jeju-to-std", "author": "2tle", "sha": "36dc9329828a26e118749cb2b0c20698a2e467b8", "lastModified": "2023-06-17T13:45:22.000Z", "private": false, "disabled": false, "gated": false, "pipeline_tag": "text2text-generation", "tags": ["transformers", "pytorch", "bart", "text2text-generation", "ko", "license:mit", "autotrain_compatible", "endpoints_compatible", "region:us"], "downloads": 1, "library_name": "transformers", "mask_token": "<mask>", "likes": 1, "model-index": null, "config": {"architectures": ["BartForConditionalGeneration"], "model_type": "bart", "tokenizer_config": {}}, "cardData": {"license": "mit", "language": ["ko"], "metrics": ["bleu"]}, "transformersInfo": {"auto_model": "AutoModelForSeq2SeqLM", "pipeline_tag": "text2text-generation", "processor": "AutoTokenizer"}, "siblings": [{"rfilename": ".gitattributes"}, {"rfilename": "README.md"}, {"rfilename": "config.json"}, {"rfilename": "generation_config.json"}, {"rfilename": "pytorch_model.bin"}, {"rfilename": "special_tokens_map.json"}, {"rfilename": "tokenizer.json"}, {"rfilename": "tokenizer_config.json"}, {"rfilename": "training_args.bin"}], "spaces": [], "createdAt": "2023-06-17T13:42:19.000Z", "inferenceStatus": "not-loaded"}