{"_id": "648db5ae20e1fcf15f93db67", "id": "2tle/kobart-std-to-jeju", "modelId": "2tle/kobart-std-to-jeju", "author": "2tle", "sha": "c8950f8a4e57fb4c934506fcb1eb6f61b3286f08", "lastModified": "2023-06-17T13:41:43.000Z", "private": false, "disabled": false, "gated": false, "pipeline_tag": "text2text-generation", "tags": ["transformers", "pytorch", "bart", "text2text-generation", "ko", "license:mit", "autotrain_compatible", "endpoints_compatible", "region:us"], "downloads": 2, "library_name": "transformers", "mask_token": "<mask>", "likes": 1, "model-index": null, "config": {"architectures": ["BartForConditionalGeneration"], "model_type": "bart", "tokenizer_config": {}}, "cardData": {"license": "mit", "language": ["ko"], "metrics": ["bleu"]}, "transformersInfo": {"auto_model": "AutoModelForSeq2SeqLM", "pipeline_tag": "text2text-generation", "processor": "AutoTokenizer"}, "siblings": [{"rfilename": ".gitattributes"}, {"rfilename": "README.md"}, {"rfilename": "config.json"}, {"rfilename": "generation_config.json"}, {"rfilename": "pytorch_model.bin"}, {"rfilename": "special_tokens_map.json"}, {"rfilename": "tokenizer.json"}, {"rfilename": "tokenizer_config.json"}, {"rfilename": "training_args.bin"}], "spaces": [], "createdAt": "2023-06-17T13:31:26.000Z", "inferenceStatus": "not-loaded"}