{"_id": "661c17964055a97ef9130f5e", "id": "2tucupkrockk00/vg", "modelId": "2tucupkrockk00/vg", "author": "2tucupkrockk00", "sha": "75ef6ecf16fefcd0547208d7c72803dc5e66800c", "lastModified": "2024-04-14T17:51:19.000Z", "private": false, "disabled": false, "gated": false, "tags": ["license:apache-2.0", "region:us"], "downloads": 0, "likes": 0, "model-index": null, "cardData": {"license": "apache-2.0"}, "siblings": [{"rfilename": ".gitattributes"}, {"rfilename": "README.md"}], "spaces": [], "createdAt": "2024-04-14T17:51:18.000Z", "inferenceStatus": "not-loaded"}