{"_id": "661c17c95d7ae9f8688a1be6", "id": "2tucupkrockk00/bbb", "modelId": "2tucupkrockk00/bbb", "author": "2tucupkrockk00", "sha": "8cdde2e1afaf5426a7d763e3a1322cdf463a5842", "lastModified": "2024-04-14T17:52:10.000Z", "private": false, "disabled": false, "gated": false, "tags": ["license:openrail", "region:us"], "downloads": 0, "likes": 0, "model-index": null, "cardData": {"license": "openrail"}, "siblings": [{"rfilename": ".gitattributes"}, {"rfilename": "README.md"}], "spaces": [], "createdAt": "2024-04-14T17:52:09.000Z", "inferenceStatus": "not-loaded"}