{"_id": "621ffdc036468d709f1743a7", "id": "2umm3r/distilbert-base-uncased-finetuned-cola", "modelId": "2umm3r/distilbert-base-uncased-finetuned-cola", "author": "2umm3r", "sha": "b075a1f7267831d787bf993c99fcf854e7012e96", "lastModified": "2021-10-23T11:46:51.000Z", "private": false, "disabled": false, "gated": false, "pipeline_tag": "text-classification", "tags": ["transformers", "pytorch", "tensorboard", "distilbert", "text-classification", "generated_from_trainer", "dataset:glue", "license:apache-2.0", "model-index", "autotrain_compatible", "endpoints_compatible", "region:us"], "downloads": 26, "library_name": "transformers", "mask_token": "[MASK]", "widgetData": [{"text": "I like you. I love you"}], "likes": 0, "model-index": [{"name": "distilbert-base-uncased-finetuned-cola", "results": [{"task": {"name": "Text Classification", "type": "text-classification"}, "dataset": {"name": "glue", "type": "glue", "args": "cola"}, "metrics": [{"name": "Matthews Correlation", "type": "matthews_correlation", "value": 0.5155709926752544, "verified": false}]}]}], "config": {"architectures": ["DistilBertForSequenceClassification"], "model_type": "distilbert", "tokenizer_config": {"unk_token": "[UNK]", "sep_token": "[SEP]", "pad_token": "[PAD]", "cls_token": "[CLS]", "mask_token": "[MASK]"}}, "cardData": {"license": "apache-2.0", "tags": ["generated_from_trainer"], "datasets": ["glue"], "metrics": ["matthews_correlation"], "model-index": [{"name": "distilbert-base-uncased-finetuned-cola", "results": [{"task": {"name": "Text Classification", "type": "text-classification"}, "dataset": {"name": "glue", "type": "glue", "args": "cola"}, "metrics": [{"name": "Matthews Correlation", "type": "matthews_correlation", "value": 0.5155709926752544, "verified": false}]}]}]}, "transformersInfo": {"auto_model": "AutoModelForSequenceClassification", "pipeline_tag": "text-classification", "processor": "AutoTokenizer"}, "siblings": [{"rfilename": ".gitattributes"}, {"rfilename": ".gitignore"}, {"rfilename": "README.md"}, {"rfilename": "config.json"}, {"rfilename": "pytorch_model.bin"}, {"rfilename": "runs/Oct23_10-38-06_3e46e353ebbc/1634985773.2742856/events.out.tfevents.1634985773.3e46e353ebbc.77.1"}, {"rfilename": "runs/Oct23_10-38-06_3e46e353ebbc/events.out.tfevents.1634985773.3e46e353ebbc.77.0"}, {"rfilename": "runs/Oct23_10-38-06_3e46e353ebbc/events.out.tfevents.1634986150.3e46e353ebbc.77.2"}, {"rfilename": "runs/Oct23_11-33-59_9ec298a3595d/1634988994.7731123/events.out.tfevents.1634988994.9ec298a3595d.77.1"}, {"rfilename": "runs/Oct23_11-33-59_9ec298a3595d/events.out.tfevents.1634988994.9ec298a3595d.77.0"}, {"rfilename": "runs/Oct23_11-33-59_9ec298a3595d/events.out.tfevents.1634989357.9ec298a3595d.77.2"}, {"rfilename": "special_tokens_map.json"}, {"rfilename": "tokenizer.json"}, {"rfilename": "tokenizer_config.json"}, {"rfilename": "training_args.bin"}, {"rfilename": "vocab.txt"}], "spaces": [], "createdAt": "2022-03-02T23:29:04.000Z", "inferenceStatus": "not-loaded"}