{"directed": true, "multigraph": false, "graph": {}, "nodes": [{"id": "r136a1/infinitykumon-2x7b"}, {"id": "endevor/infinityrp-v1-7b"}, {"id": "grimjim/kukulemon-7b"}, {"id": "katythecutie/lemonaderp-4.5.3"}, {"id": "neversleep/noromaid-7b-0.4-dpo"}, {"id": "nurtureai/neural-chat-7b-v3-1-16k"}, {"id": "cgato/thespis-7b-v0.5-sfttest-2epoch"}, {"id": "cgato/thespis-curtaincall-7b-v0.2.2"}, {"id": "tavtav/eros-7b-test"}, {"id": "grimjim/kuno-kunoichi-v1-dpo-v2-slerp-7b"}, {"id": "sanjiwatsuki/kunoichi-dpo-v2-7b"}, {"id": "sanjiwatsuki/kunoichi-7b"}], "links": [{"source": "endevor/infinityrp-v1-7b", "target": "r136a1/infinitykumon-2x7b"}, {"source": "grimjim/kukulemon-7b", "target": "r136a1/infinitykumon-2x7b"}, {"source": "katythecutie/lemonaderp-4.5.3", "target": "grimjim/kukulemon-7b"}, {"source": "neversleep/noromaid-7b-0.4-dpo", "target": "katythecutie/lemonaderp-4.5.3"}, {"source": "nurtureai/neural-chat-7b-v3-1-16k", "target": "katythecutie/lemonaderp-4.5.3"}, {"source": "cgato/thespis-7b-v0.5-sfttest-2epoch", "target": "katythecutie/lemonaderp-4.5.3"}, {"source": "cgato/thespis-curtaincall-7b-v0.2.2", "target": "katythecutie/lemonaderp-4.5.3"}, {"source": "tavtav/eros-7b-test", "target": "katythecutie/lemonaderp-4.5.3"}, {"source": "grimjim/kuno-kunoichi-v1-dpo-v2-slerp-7b", "target": "grimjim/kukulemon-7b"}, {"source": "sanjiwatsuki/kunoichi-dpo-v2-7b", "target": "grimjim/kuno-kunoichi-v1-dpo-v2-slerp-7b"}, {"source": "sanjiwatsuki/kunoichi-7b", "target": "grimjim/kuno-kunoichi-v1-dpo-v2-slerp-7b"}]}