{"directed": true, "multigraph": false, "graph": {}, "nodes": [{"id": "h4rz3rk4s3/tinypoliticallama-1.1b-slerp"}, {"id": "h4rz3rk4s3/tinynewsllama-1.1b"}, {"id": "tinyllama/tinyllama-1.1b-chat-v1.0"}, {"id": "h4rz3rk4s3/tinyparlamintllama-1.1b"}], "links": [{"source": "h4rz3rk4s3/tinynewsllama-1.1b", "target": "h4rz3rk4s3/tinypoliticallama-1.1b-slerp"}, {"source": "tinyllama/tinyllama-1.1b-chat-v1.0", "target": "h4rz3rk4s3/tinynewsllama-1.1b"}, {"source": "h4rz3rk4s3/tinyparlamintllama-1.1b", "target": "h4rz3rk4s3/tinypoliticallama-1.1b-slerp"}]}