{"_id": "6552972509c73282c8c3c870", "id": "R-AP/muse-seg-gen", "modelId": "R-AP/muse-seg-gen", "author": "R-AP", "sha": "e9ad1282fce362ac430005d9dad284a3af50622b", "lastModified": "2023-11-13T21:38:40.000Z", "private": false, "disabled": false, "gated": false, "tags": ["transformers", "pytorch", "endpoints_compatible", "region:us"], "downloads": 1, "library_name": "transformers", "likes": 0, "config": {}, "transformersInfo": {"auto_model": "AutoModel"}, "siblings": [{"rfilename": ".gitattributes"}, {"rfilename": "config.json"}, {"rfilename": "pytorch_model.bin"}], "spaces": [], "createdAt": "2023-11-13T21:37:41.000Z", "inferenceStatus": "not-loaded"}