{"_id": "6552a3b313e78467edeb065f", "id": "R-AP/muse-seg-gen-c", "modelId": "R-AP/muse-seg-gen-c", "author": "R-AP", "sha": "9a98cfd6a3a82216b26f088eafcecd9cff17f533", "lastModified": "2023-11-14T11:22:40.000Z", "private": false, "disabled": false, "gated": false, "tags": ["transformers", "pytorch", "endpoints_compatible", "region:us"], "downloads": 1, "library_name": "transformers", "likes": 0, "config": {}, "transformersInfo": {"auto_model": "AutoModel"}, "siblings": [{"rfilename": ".gitattributes"}, {"rfilename": "config.json"}, {"rfilename": "pytorch_model.bin"}], "spaces": [], "createdAt": "2023-11-13T22:31:15.000Z", "inferenceStatus": "not-loaded"}