{"_id": "65410820df8f1e9385f2010a", "id": "R-Arfin/DepressionDetection", "modelId": "R-Arfin/DepressionDetection", "author": "R-Arfin", "sha": "64823cb9c86e3d93bfa7e484bacb26f038c9004c", "lastModified": "2023-10-31T14:04:37.000Z", "private": false, "disabled": false, "gated": false, "tags": ["license:apache-2.0", "region:us"], "downloads": 0, "likes": 0, "model-index": null, "cardData": {"license": "apache-2.0"}, "siblings": [{"rfilename": ".gitattributes"}, {"rfilename": "README.md"}, {"rfilename": "depression_dataset.csv"}], "spaces": [], "createdAt": "2023-10-31T13:58:56.000Z", "inferenceStatus": "not-loaded"}