{"_id": "632c6642fadf3a59646013d6", "id": "r-f/wav2vec-english-speech-emotion-recognition", "modelId": "r-f/wav2vec-english-speech-emotion-recognition", "author": "r-f", "sha": "a101005a4bf22922fa783851b244098b7f39631b", "lastModified": "2022-09-25T13:20:47.000Z", "private": false, "disabled": false, "gated": false, "tags": ["transformers", "pytorch", "wav2vec2", "generated_from_trainer", "license:apache-2.0", "endpoints_compatible", "region:us"], "downloads": 8646, "library_name": "transformers", "likes": 7, "model-index": null, "config": {"architectures": ["Wav2Vec2ForSpeechClassification"], "model_type": "wav2vec2"}, "cardData": {"license": "apache-2.0", "tags": ["generated_from_trainer"], "metrics": ["accuracy"], "model_index": {"name": "wav2vec-english-speech-emotion-recognition"}}, "transformersInfo": {"auto_model": "Wav2Vec2ForSpeechClassification", "processor": "AutoProcessor"}, "siblings": [{"rfilename": ".gitattributes"}, {"rfilename": "README.md"}, {"rfilename": "config.json"}, {"rfilename": "preprocessor_config.json"}, {"rfilename": "pytorch_model.bin"}, {"rfilename": "training_args.bin"}], "spaces": [], "createdAt": "2022-09-22T13:42:26.000Z", "inferenceStatus": "not-loaded"}