{"_id": "644b842ed873cbc8cc29592b", "id": "R-Kangaroo/brpt", "modelId": "R-Kangaroo/brpt", "author": "R-Kangaroo", "sha": "6085d1276c05f6decdb431c90a1f496fba5308da", "lastModified": "2023-04-28T08:31:30.000Z", "private": false, "disabled": false, "gated": false, "tags": ["region:us"], "downloads": 0, "likes": 0, "siblings": [{"rfilename": ".gitattributes"}, {"rfilename": "brpt_config/config_file.toml"}, {"rfilename": "brpt_config/dataset_config.toml"}, {"rfilename": "brpt_config/sample_prompt.txt"}, {"rfilename": "output/brpt-000001.safetensors"}, {"rfilename": "output/brpt-000002.safetensors"}, {"rfilename": "output/brpt-000003.safetensors"}, {"rfilename": "output/brpt-000004.safetensors"}, {"rfilename": "output/brpt-000005.safetensors"}, {"rfilename": "output/brpt-000006.safetensors"}, {"rfilename": "output/brpt-000007.safetensors"}, {"rfilename": "output/brpt-000008.safetensors"}, {"rfilename": "output/brpt-000009.safetensors"}, {"rfilename": "output/brpt.safetensors"}, {"rfilename": "output/sample/brpt_20230428081432_e000001_01.png"}, {"rfilename": "output/sample/brpt_20230428081523_e000002_01.png"}, {"rfilename": "output/sample/brpt_20230428081613_e000003_01.png"}, {"rfilename": "output/sample/brpt_20230428081704_e000004_01.png"}, {"rfilename": "output/sample/brpt_20230428081755_e000005_01.png"}, {"rfilename": "output/sample/brpt_20230428081845_e000006_01.png"}, {"rfilename": "output/sample/brpt_20230428081936_e000007_01.png"}, {"rfilename": "output/sample/brpt_20230428082026_e000008_01.png"}, {"rfilename": "output/sample/brpt_20230428082117_e000009_01.png"}, {"rfilename": "output/sample/brpt_20230428082207_e000010_01.png"}], "spaces": [], "createdAt": "2023-04-28T08:30:38.000Z", "inferenceStatus": "not-loaded"}