{"_id": "63470d4ce46b06a94a7ffb1f", "id": "r-moret/albert-humor-classification", "modelId": "r-moret/albert-humor-classification", "author": "r-moret", "sha": "59f5b4e9f3325b2fb654761fb4863b26eb0d03ff", "lastModified": "2022-10-12T18:54:21.000Z", "private": false, "disabled": false, "gated": false, "pipeline_tag": "text-classification", "tags": ["transformers", "tf", "albert", "text-classification", "generated_from_keras_callback", "license:apache-2.0", "autotrain_compatible", "endpoints_compatible", "region:us"], "downloads": 6, "library_name": "transformers", "mask_token": "[MASK]", "widgetData": [{"text": "I like you. I love you"}], "likes": 1, "model-index": [{"name": "albert-humor-classification", "results": []}], "config": {"architectures": ["AlbertForSequenceClassification"], "model_type": "albert", "tokenizer_config": {"bos_token": "[CLS]", "cls_token": "[CLS]", "eos_token": "[SEP]", "mask_token": {"__type": "AddedToken", "content": "[MASK]", "lstrip": true, "normalized": false, "rstrip": false, "single_word": false}, "pad_token": "<pad>", "sep_token": "[SEP]", "unk_token": "<unk>"}}, "cardData": {"license": "apache-2.0", "tags": ["generated_from_keras_callback"], "model-index": [{"name": "albert-humor-classification", "results": []}]}, "transformersInfo": {"auto_model": "AutoModelForSequenceClassification", "pipeline_tag": "text-classification", "processor": "AutoTokenizer"}, "siblings": [{"rfilename": ".gitattributes"}, {"rfilename": "README.md"}, {"rfilename": "config.json"}, {"rfilename": "metrics.json"}, {"rfilename": "special_tokens_map.json"}, {"rfilename": "spiece.model"}, {"rfilename": "tf_model.h5"}, {"rfilename": "tokenizer_config.json"}], "spaces": [], "createdAt": "2022-10-12T18:54:04.000Z", "inferenceStatus": "not-loaded"}