{"_id": "64d37861a9485f7aded10865", "id": "R-mokni/finetuning-sentiment-model-3000-samples", "modelId": "R-mokni/finetuning-sentiment-model-3000-samples", "author": "R-mokni", "sha": "ffd8e0b3d55ff37574983e190d42cea5fe47f572", "lastModified": "2023-08-09T11:37:38.000Z", "private": false, "disabled": false, "gated": false, "pipeline_tag": "text-classification", "tags": ["transformers", "pytorch", "tensorboard", "distilbert", "text-classification", "generated_from_trainer", "dataset:imdb", "base_model:distilbert-base-uncased", "license:apache-2.0", "model-index", "autotrain_compatible", "endpoints_compatible", "region:us"], "downloads": 3, "library_name": "transformers", "mask_token": "[MASK]", "widgetData": [{"text": "I like you. I love you"}], "likes": 0, "model-index": [{"name": "finetuning-sentiment-model-3000-samples", "results": [{"task": {"name": "Text Classification", "type": "text-classification"}, "dataset": {"name": "imdb", "type": "imdb", "config": "plain_text", "split": "test", "args": "plain_text"}, "metrics": [{"name": "Accuracy", "type": "accuracy", "value": 0.8666666666666667, "verified": false}, {"name": "F1", "type": "f1", "value": 0.8692810457516339, "verified": false}]}]}], "config": {"architectures": ["DistilBertForSequenceClassification"], "model_type": "distilbert", "tokenizer_config": {"cls_token": "[CLS]", "mask_token": "[MASK]", "pad_token": "[PAD]", "sep_token": "[SEP]", "unk_token": "[UNK]"}}, "cardData": {"license": "apache-2.0", "base_model": "distilbert-base-uncased", "tags": ["generated_from_trainer"], "datasets": ["imdb"], "metrics": ["accuracy", "f1"], "model-index": [{"name": "finetuning-sentiment-model-3000-samples", "results": [{"task": {"name": "Text Classification", "type": "text-classification"}, "dataset": {"name": "imdb", "type": "imdb", "config": "plain_text", "split": "test", "args": "plain_text"}, "metrics": [{"name": "Accuracy", "type": "accuracy", "value": 0.8666666666666667, "verified": false}, {"name": "F1", "type": "f1", "value": 0.8692810457516339, "verified": false}]}]}]}, "transformersInfo": {"auto_model": "AutoModelForSequenceClassification", "pipeline_tag": "text-classification", "processor": "AutoTokenizer"}, "siblings": [{"rfilename": ".gitattributes"}, {"rfilename": ".gitignore"}, {"rfilename": "README.md"}, {"rfilename": "config.json"}, {"rfilename": "pytorch_model.bin"}, {"rfilename": "runs/Aug09_11-28-33_7bd0d56d206f/events.out.tfevents.1691580524.7bd0d56d206f.6166.0"}, {"rfilename": "runs/Aug09_11-30-22_7bd0d56d206f/events.out.tfevents.1691580637.7bd0d56d206f.22446.0"}, {"rfilename": "runs/Aug09_11-30-22_7bd0d56d206f/events.out.tfevents.1691580963.7bd0d56d206f.22446.1"}, {"rfilename": "special_tokens_map.json"}, {"rfilename": "tokenizer.json"}, {"rfilename": "tokenizer_config.json"}, {"rfilename": "training_args.bin"}, {"rfilename": "vocab.txt"}], "spaces": [], "createdAt": "2023-08-09T11:28:33.000Z", "inferenceStatus": "not-loaded"}