{"_id": "664b0cb1c88927e6dde25660", "id": "r-psingh/my_cool_submission", "modelId": "r-psingh/my_cool_submission", "author": "r-psingh", "sha": "e9adb23db685df4499c30dc54a4732728e8e64a3", "lastModified": "2024-05-20T08:46:00.000Z", "private": false, "disabled": false, "gated": false, "tags": ["region:us"], "downloads": 0, "likes": 0, "siblings": [{"rfilename": ".gitattributes"}, {"rfilename": "README.md"}, {"rfilename": "example_notebook.ipynb"}, {"rfilename": "script.py"}], "spaces": [], "createdAt": "2024-05-20T08:41:21.000Z", "inferenceStatus": "not-loaded"}