{"_id": "6641ecba0623aeacc914ca60", "id": "r-sharma-coder/gemma-7b-it-mmlu-prompt-tuned", "modelId": "r-sharma-coder/gemma-7b-it-mmlu-prompt-tuned", "author": "r-sharma-coder", "sha": "55c4ab602e605ab58d4135058f9ea0d9801bb8da", "lastModified": "2024-05-13T10:34:35.000Z", "private": false, "disabled": false, "gated": false, "tags": ["transformers", "safetensors", "arxiv:1910.09700", "endpoints_compatible", "region:us"], "downloads": 0, "library_name": "transformers", "likes": 0, "model-index": null, "cardData": {"library_name": "transformers", "tags": []}, "transformersInfo": {"auto_model": "AutoModel"}, "siblings": [{"rfilename": ".gitattributes"}, {"rfilename": "README.md"}, {"rfilename": "adapter_config.json"}, {"rfilename": "adapter_model.safetensors"}], "spaces": [], "createdAt": "2024-05-13T10:34:34.000Z", "inferenceStatus": "not-loaded"}