{"_id": "65c53c0ac3fa039f8421c340", "id": "r-three/FLAN_MergedExperts", "modelId": "r-three/FLAN_MergedExperts", "author": "r-three", "sha": "de8fc345e60966d95801fdde194a82ee8b7bf3c8", "lastModified": "2024-02-08T20:39:38.000Z", "private": false, "disabled": false, "gated": false, "tags": ["license:mit", "region:us"], "downloads": 0, "likes": 0, "model-index": null, "cardData": {"license": "mit"}, "siblings": [{"rfilename": ".gitattributes"}, {"rfilename": "README.md"}], "spaces": [], "createdAt": "2024-02-08T20:39:38.000Z", "inferenceStatus": "not-loaded"}