{"_id": "65c53fbbc3fa039f8422cd18", "id": "r-three/P3_AverageActivation", "modelId": "r-three/P3_AverageActivation", "author": "r-three", "sha": "57eb49862cb36fe95614fd1a3805509d0acafca8", "lastModified": "2024-03-19T22:12:29.000Z", "private": false, "disabled": false, "gated": false, "tags": ["license:mit", "region:us"], "downloads": 0, "likes": 0, "model-index": null, "cardData": {"license": "mit"}, "siblings": [{"rfilename": ".gitattributes"}, {"rfilename": "README.md"}, {"rfilename": "best.pt"}], "spaces": [], "createdAt": "2024-02-08T20:55:23.000Z", "inferenceStatus": "not-loaded"}