{"_id": "65c4f9a41f4d1a70a911a98a", "id": "r-three/FLAN_Phatgoose", "modelId": "r-three/FLAN_Phatgoose", "author": "r-three", "sha": "6b400934be27c136d81c4e5f8874999b12c81b78", "lastModified": "2024-02-08T20:15:10.000Z", "private": false, "disabled": false, "gated": false, "tags": ["license:mit", "region:us"], "downloads": 0, "likes": 2, "model-index": null, "cardData": {"license": "mit"}, "siblings": [{"rfilename": ".gitattributes"}, {"rfilename": "README.md"}, {"rfilename": "best.pt"}], "spaces": [], "createdAt": "2024-02-08T15:56:20.000Z", "inferenceStatus": "not-loaded"}