{"_id": "65c53fc9735dd9c816259f70", "id": "r-three/P3_Retrieval", "modelId": "r-three/P3_Retrieval", "author": "r-three", "sha": "c88b4b8972d3cccce15a4f2ae4d52ca6e7043731", "lastModified": "2024-02-10T00:06:59.000Z", "private": false, "disabled": false, "gated": false, "tags": ["license:mit", "region:us"], "downloads": 0, "likes": 0, "model-index": null, "cardData": {"license": "mit"}, "siblings": [{"rfilename": ".gitattributes"}, {"rfilename": "README.md"}, {"rfilename": "best.pt"}], "spaces": [], "createdAt": "2024-02-08T20:55:37.000Z", "inferenceStatus": "not-loaded"}