{"_id": "65e697a38970a447fb1da892", "id": "r0in/ppo-PyramidsRND", "modelId": "r0in/ppo-PyramidsRND", "author": "r0in", "sha": "e57bb9e13f493f4908e0ec34b4817ca2d986fccb", "lastModified": "2024-03-05T04:34:14.000Z", "private": false, "disabled": false, "gated": false, "pipeline_tag": "reinforcement-learning", "tags": ["ml-agents", "tensorboard", "onnx", "Pyramids", "deep-reinforcement-learning", "reinforcement-learning", "ML-Agents-Pyramids", "region:us"], "downloads": 8, "library_name": "ml-agents", "likes": 0, "model-index": null, "config": {}, "cardData": {"library_name": "ml-agents", "tags": ["Pyramids", "deep-reinforcement-learning", "reinforcement-learning", "ML-Agents-Pyramids"]}, "siblings": [{"rfilename": ".gitattributes"}, {"rfilename": "Pyramids.onnx"}, {"rfilename": "Pyramids/Pyramids-1000079.onnx"}, {"rfilename": "Pyramids/Pyramids-1000079.pt"}, {"rfilename": "Pyramids/Pyramids-499907.onnx"}, {"rfilename": "Pyramids/Pyramids-499907.pt"}, {"rfilename": "Pyramids/Pyramids-999951.onnx"}, {"rfilename": "Pyramids/Pyramids-999951.pt"}, {"rfilename": "Pyramids/checkpoint.pt"}, {"rfilename": "Pyramids/events.out.tfevents.1709610957.19d6cb88d710.4409.0"}, {"rfilename": "README.md"}, {"rfilename": "config.json"}, {"rfilename": "configuration.yaml"}, {"rfilename": "run_logs/Player-0.log"}, {"rfilename": "run_logs/timers.json"}, {"rfilename": "run_logs/training_status.json"}], "spaces": [], "createdAt": "2024-03-05T03:55:15.000Z", "inferenceStatus": "not-loaded"}