{"_id": "65e06f06663980a9321dd4f3", "id": "r0in/poca-SoccerTwos", "modelId": "r0in/poca-SoccerTwos", "author": "r0in", "sha": "221cd9226b7269fd1023560beff524933eb3895e", "lastModified": "2024-02-29T11:58:17.000Z", "private": false, "disabled": false, "gated": false, "pipeline_tag": "reinforcement-learning", "tags": ["ml-agents", "tensorboard", "onnx", "SoccerTwos", "deep-reinforcement-learning", "reinforcement-learning", "ML-Agents-SoccerTwos", "region:us"], "downloads": 25, "library_name": "ml-agents", "likes": 0, "model-index": null, "config": {}, "cardData": {"library_name": "ml-agents", "tags": ["SoccerTwos", "deep-reinforcement-learning", "reinforcement-learning", "ML-Agents-SoccerTwos"]}, "siblings": [{"rfilename": ".gitattributes"}, {"rfilename": "README.md"}, {"rfilename": "SoccerTwos.onnx"}, {"rfilename": "SoccerTwos/SoccerTwos-48499886.onnx"}, {"rfilename": "SoccerTwos/SoccerTwos-48499886.pt"}, {"rfilename": "SoccerTwos/SoccerTwos-48999995.onnx"}, {"rfilename": "SoccerTwos/SoccerTwos-48999995.pt"}, {"rfilename": "SoccerTwos/SoccerTwos-49499932.onnx"}, {"rfilename": "SoccerTwos/SoccerTwos-49499932.pt"}, {"rfilename": "SoccerTwos/SoccerTwos-49999798.onnx"}, {"rfilename": "SoccerTwos/SoccerTwos-49999798.pt"}, {"rfilename": "SoccerTwos/SoccerTwos-50000064.onnx"}, {"rfilename": "SoccerTwos/SoccerTwos-50000064.pt"}, {"rfilename": "SoccerTwos/checkpoint.pt"}, {"rfilename": "SoccerTwos/events.out.tfevents.1708762462.s-win.24416.0"}, {"rfilename": "config.json"}, {"rfilename": "configuration.yaml"}, {"rfilename": "run_logs/Player-0.log"}, {"rfilename": "run_logs/timers.json"}, {"rfilename": "run_logs/training_status.json"}], "spaces": [], "createdAt": "2024-02-29T11:48:22.000Z", "inferenceStatus": "not-loaded"}