{"_id": "666be2040da0ab7de6e5c99f", "id": "r0in/distilbert-base-uncased-finetuned-imdb", "modelId": "r0in/distilbert-base-uncased-finetuned-imdb", "author": "r0in", "sha": "2fcd827f8ce190571fbcb5eb80c4d0a165d8b45a", "lastModified": "2024-06-17T05:21:23.000Z", "private": false, "disabled": false, "gated": false, "pipeline_tag": "fill-mask", "tags": ["transformers", "tensorboard", "safetensors", "distilbert", "fill-mask", "generated_from_trainer", "base_model:distilbert-base-uncased", "license:apache-2.0", "autotrain_compatible", "endpoints_compatible", "region:us"], "downloads": 1, "library_name": "transformers", "mask_token": "[MASK]", "widgetData": [{"text": "Paris is the [MASK] of France."}, {"text": "The goal of life is [MASK]."}], "likes": 0, "model-index": [{"name": "distilbert-base-uncased-finetuned-imdb", "results": []}], "config": {"architectures": ["DistilBertForMaskedLM"], "model_type": "distilbert", "tokenizer_config": {"cls_token": "[CLS]", "mask_token": "[MASK]", "pad_token": "[PAD]", "sep_token": "[SEP]", "unk_token": "[UNK]"}}, "cardData": {"license": "apache-2.0", "base_model": "distilbert-base-uncased", "tags": ["generated_from_trainer"], "model-index": [{"name": "distilbert-base-uncased-finetuned-imdb", "results": []}]}, "transformersInfo": {"auto_model": "AutoModelForMaskedLM", "pipeline_tag": "fill-mask", "processor": "AutoTokenizer"}, "siblings": [{"rfilename": ".gitattributes"}, {"rfilename": "README.md"}, {"rfilename": "config.json"}, {"rfilename": "model.safetensors"}, {"rfilename": "runs/Jun17_05-16-44_bb27bd37da8d/events.out.tfevents.1718601411.bb27bd37da8d.961.0"}, {"rfilename": "runs/Jun17_05-16-44_bb27bd37da8d/events.out.tfevents.1718601604.bb27bd37da8d.961.1"}, {"rfilename": "special_tokens_map.json"}, {"rfilename": "tokenizer.json"}, {"rfilename": "tokenizer_config.json"}, {"rfilename": "training_args.bin"}, {"rfilename": "vocab.txt"}], "spaces": [], "createdAt": "2024-06-14T06:24:04.000Z", "safetensors": {"parameters": {"F32": 66985530}, "total": 66985530}, "inferenceStatus": "not-loaded"}