{"_id": "65c44622aa7d07384ca5eeb4", "id": "R0k1e/UltraLink-LM", "modelId": "R0k1e/UltraLink-LM", "author": "R0k1e", "sha": "7c3c383fd0a7129392620ad4828d1f1692ed0ea2", "lastModified": "2024-02-22T08:43:46.000Z", "private": false, "disabled": false, "gated": false, "pipeline_tag": "text-generation", "tags": ["transformers", "safetensors", "llama", "text-generation", "eng", "fra", "rus", "spa", "zho", "dataset:R0k1e/UltraLink", "dataset:stingning/ultrachat", "dataset:ise-uiuc/Magicoder-Evol-Instruct-110K", "dataset:ise-uiuc/Magicoder-OSS-Instruct-75K", "arxiv:2402.04588", "license:mit", "autotrain_compatible", "text-generation-inference", "endpoints_compatible", "region:us"], "downloads": 2, "library_name": "transformers", "likes": 4, "model-index": null, "config": {"architectures": ["LlamaForCausalLM"], "model_type": "llama", "tokenizer_config": {"bos_token": "<s>", "eos_token": "</s>", "pad_token": null, "unk_token": "<unk>", "use_default_system_prompt": false}}, "cardData": {"license": "mit", "datasets": ["R0k1e/UltraLink", "stingning/ultrachat", "ise-uiuc/Magicoder-Evol-Instruct-110K", "ise-uiuc/Magicoder-OSS-Instruct-75K"], "language": ["eng", "fra", "rus", "spa", "zho"], "metrics": ["accuracy"]}, "transformersInfo": {"auto_model": "AutoModelForCausalLM", "pipeline_tag": "text-generation", "processor": "AutoTokenizer"}, "siblings": [{"rfilename": ".gitattributes"}, {"rfilename": "README.md"}, {"rfilename": "config.json"}, {"rfilename": "flow_diagram.png"}, {"rfilename": "generation_config.json"}, {"rfilename": "infer.py"}, {"rfilename": "model-00001-of-00011.safetensors"}, {"rfilename": "model-00002-of-00011.safetensors"}, {"rfilename": "model-00003-of-00011.safetensors"}, {"rfilename": "model-00004-of-00011.safetensors"}, {"rfilename": "model-00005-of-00011.safetensors"}, {"rfilename": "model-00006-of-00011.safetensors"}, {"rfilename": "model-00007-of-00011.safetensors"}, {"rfilename": "model-00008-of-00011.safetensors"}, {"rfilename": "model-00009-of-00011.safetensors"}, {"rfilename": "model-00010-of-00011.safetensors"}, {"rfilename": "model-00011-of-00011.safetensors"}, {"rfilename": "model.safetensors.index.json"}, {"rfilename": "special_tokens_map.json"}, {"rfilename": "title.png"}, {"rfilename": "tokenizer.json"}, {"rfilename": "tokenizer.model"}, {"rfilename": "tokenizer_config.json"}], "spaces": [], "createdAt": "2024-02-08T03:10:26.000Z", "safetensors": {"parameters": {"F32": 13015864320}, "total": 13015864320}, "inferenceStatus": "not-loaded"}