{"_id": "64eefb25f47f379a85b90fcf", "id": "r0llingclouds/distilbert-base-uncased-finetuned-clinc", "modelId": "r0llingclouds/distilbert-base-uncased-finetuned-clinc", "author": "r0llingclouds", "sha": "654c748d734338c50ff31e032d86672a57f29366", "lastModified": "2023-08-30T08:21:12.000Z", "private": false, "disabled": false, "gated": false, "pipeline_tag": "text-classification", "tags": ["transformers", "pytorch", "tensorboard", "distilbert", "text-classification", "generated_from_trainer", "dataset:clinc_oos", "license:apache-2.0", "model-index", "autotrain_compatible", "endpoints_compatible", "region:us"], "downloads": 3, "library_name": "transformers", "mask_token": "[MASK]", "widgetData": [{"text": "I like you. I love you"}], "likes": 0, "model-index": [{"name": "distilbert-base-uncased-finetuned-clinc", "results": [{"task": {"name": "Text Classification", "type": "text-classification"}, "dataset": {"name": "clinc_oos", "type": "clinc_oos", "args": "plus"}, "metrics": [{"name": "Accuracy", "type": "accuracy", "value": 0.9161290322580645, "verified": false}]}]}], "config": {"architectures": ["DistilBertForSequenceClassification"], "model_type": "distilbert", "tokenizer_config": {"unk_token": "[UNK]", "sep_token": "[SEP]", "pad_token": "[PAD]", "cls_token": "[CLS]", "mask_token": "[MASK]"}}, "cardData": {"license": "apache-2.0", "tags": ["generated_from_trainer"], "datasets": ["clinc_oos"], "metrics": ["accuracy"], "model-index": [{"name": "distilbert-base-uncased-finetuned-clinc", "results": [{"task": {"name": "Text Classification", "type": "text-classification"}, "dataset": {"name": "clinc_oos", "type": "clinc_oos", "args": "plus"}, "metrics": [{"name": "Accuracy", "type": "accuracy", "value": 0.9161290322580645, "verified": false}]}]}]}, "transformersInfo": {"auto_model": "AutoModelForSequenceClassification", "pipeline_tag": "text-classification", "processor": "AutoTokenizer"}, "siblings": [{"rfilename": ".gitattributes"}, {"rfilename": ".gitignore"}, {"rfilename": "README.md"}, {"rfilename": "config.json"}, {"rfilename": "pytorch_model.bin"}, {"rfilename": "runs/Aug30_08-15-40_d167f9ec7c9f/1693383473.69412/events.out.tfevents.1693383473.d167f9ec7c9f.6890.1"}, {"rfilename": "runs/Aug30_08-15-40_d167f9ec7c9f/events.out.tfevents.1693383473.d167f9ec7c9f.6890.0"}, {"rfilename": "special_tokens_map.json"}, {"rfilename": "tokenizer.json"}, {"rfilename": "tokenizer_config.json"}, {"rfilename": "training_args.bin"}, {"rfilename": "vocab.txt"}], "spaces": [], "createdAt": "2023-08-30T08:17:41.000Z", "inferenceStatus": "not-loaded"}