{"_id": "64e7388a0dfe6bbcb6b5948a", "id": "r0llingclouds/pegasus-samsum", "modelId": "r0llingclouds/pegasus-samsum", "author": "r0llingclouds", "sha": "356d18b39bb9494091551d1b95e9585adb82a407", "lastModified": "2023-08-24T11:47:04.000Z", "private": false, "disabled": false, "gated": false, "pipeline_tag": "text2text-generation", "tags": ["transformers", "pytorch", "tensorboard", "pegasus", "text2text-generation", "generated_from_trainer", "dataset:samsum", "autotrain_compatible", "endpoints_compatible", "region:us"], "downloads": 0, "library_name": "transformers", "likes": 0, "model-index": [{"name": "pegasus-samsum", "results": []}], "config": {"architectures": ["PegasusForConditionalGeneration"], "model_type": "pegasus", "tokenizer_config": {"pad_token": "<pad>", "eos_token": "</s>", "unk_token": "<unk>", "mask_token": "<mask_2>"}}, "cardData": {"tags": ["generated_from_trainer"], "datasets": ["samsum"], "model-index": [{"name": "pegasus-samsum", "results": []}]}, "transformersInfo": {"auto_model": "AutoModelForSeq2SeqLM", "pipeline_tag": "text2text-generation", "processor": "AutoTokenizer"}, "siblings": [{"rfilename": ".gitattributes"}, {"rfilename": ".gitignore"}, {"rfilename": "README.md"}, {"rfilename": "config.json"}, {"rfilename": "pytorch_model.bin"}, {"rfilename": "runs/Aug24_10-59-25_1f5a3ec8a572/1692874905.3331153/events.out.tfevents.1692874905.1f5a3ec8a572.377.1"}, {"rfilename": "runs/Aug24_10-59-25_1f5a3ec8a572/events.out.tfevents.1692874905.1f5a3ec8a572.377.0"}, {"rfilename": "special_tokens_map.json"}, {"rfilename": "spiece.model"}, {"rfilename": "tokenizer.json"}, {"rfilename": "tokenizer_config.json"}, {"rfilename": "training_args.bin"}], "spaces": [], "createdAt": "2023-08-24T11:01:30.000Z", "inferenceStatus": "not-loaded"}