{"_id": "642321b8ccb78df81e8210d0", "id": "r0r0/mix-pro-for-sd", "modelId": "r0r0/mix-pro-for-sd", "author": "r0r0", "sha": "d789a681b8caa096b13f8552c105250860f6cc8c", "lastModified": "2023-03-28T19:09:40.000Z", "private": false, "disabled": false, "gated": false, "tags": ["region:us"], "downloads": 0, "likes": 0, "siblings": [{"rfilename": ".gitattributes"}, {"rfilename": "asoulDianapicoLORA_v10.safetensors"}, {"rfilename": "bestqualityPastelmix_bestqualityPastelmix.safetensors"}, {"rfilename": "kl-f8-anime2.ckpt"}, {"rfilename": "mixProV35Lignes_v35.safetensors"}, {"rfilename": "mixProV3_v3.safetensors"}, {"rfilename": "pastel-waifu-diffusion.vae.pt"}, {"rfilename": "pastelMixStylizedAnime_pastelMixLoraVersion.safetensors"}, {"rfilename": "pastelmix-better-vae.ckpt"}, {"rfilename": "shinkaiDiffusion.safetensors"}], "spaces": [], "createdAt": "2023-03-28T17:19:52.000Z", "inferenceStatus": "not-loaded"}