{"_id": "64104860ef6be374e0d3dde4", "id": "r0seyyyd33p/Kara-does-arts", "modelId": "r0seyyyd33p/Kara-does-arts", "author": "r0seyyyd33p", "sha": "6d1a69d89ee5406412bd8a5fe5dbf5f444631394", "lastModified": "2023-03-14T10:16:46.000Z", "private": false, "disabled": false, "gated": false, "tags": ["region:us"], "downloads": 0, "likes": 0, "siblings": [{"rfilename": ".gitattributes"}, {"rfilename": "Samdoesarts_Kara-diff-v1.ckpt"}], "spaces": [], "createdAt": "2023-03-14T10:11:44.000Z", "inferenceStatus": "not-loaded"}