{"_id": "648185b415c5dc529062c1e6", "id": "r0seyyyd33p/DaGAN_for_COLAB_archive", "modelId": "r0seyyyd33p/DaGAN_for_COLAB_archive", "author": "r0seyyyd33p", "sha": "67eee9d5e3ed5243fd43edb123cceba5ab9e70fe", "lastModified": "2023-06-08T08:20:40.000Z", "private": false, "disabled": false, "gated": false, "tags": ["region:us"], "downloads": 0, "likes": 0, "siblings": [{"rfilename": ".gitattributes"}, {"rfilename": "SPADE_DaGAN_vox_adv_256.pth.tar"}, {"rfilename": "depth_face_model/depth.pth"}, {"rfilename": "depth_face_model/encoder.pth"}, {"rfilename": "depth_face_model_Voxceleb2_10w/adam.pth"}, {"rfilename": "depth_face_model_Voxceleb2_10w/depth.pth"}, {"rfilename": "depth_face_model_Voxceleb2_10w/encoder.pth"}, {"rfilename": "depth_face_model_Voxceleb2_10w/pose.pth"}, {"rfilename": "depth_face_model_Voxceleb2_10w/pose_encoder.pth"}], "spaces": [], "createdAt": "2023-06-08T07:39:32.000Z", "inferenceStatus": "not-loaded"}