{"_id": "640ee89a3282336aadb874c5", "id": "r0seyyyd33p/models_archive_iUse", "modelId": "r0seyyyd33p/models_archive_iUse", "author": "r0seyyyd33p", "sha": "c17da4f497185665b77b3051a6bda6e07c322320", "lastModified": "2024-07-07T11:56:12.000Z", "private": false, "disabled": false, "gated": false, "tags": ["license:cc", "region:us"], "downloads": 0, "likes": 1, "model-index": null, "cardData": {"license": "cc"}, "siblings": [{"rfilename": ".gitattributes"}, {"rfilename": "3dAvatar_v1.safetensors"}, {"rfilename": "3dGirlsLora2bDVa_v10.safetensors"}, {"rfilename": "BimboMakeup_v1.safetensors"}, {"rfilename": "Codriver05.safetensors"}, {"rfilename": "CyberRealistic_Negative-neg.pt"}, {"rfilename": "Doll-photographyV2.safetensors"}, {"rfilename": "Ferrari Daytona SP3-000006.safetensors"}, {"rfilename": "GoodHands-beta2.safetensors"}, {"rfilename": "InstantPhotoX3.safetensors"}, {"rfilename": "Kenify.safetensors"}, {"rfilename": "KristL.safetensors"}, {"rfilename": "KristannaTX.safetensors"}, {"rfilename": "LolaChuil1.safetensors"}, {"rfilename": "LoraPaoFu.safetensors"}, {"rfilename": "MirrorSelfieLora.safetensors"}, {"rfilename": "PhonePic.safetensors"}, {"rfilename": "README.md"}, {"rfilename": "ROBOZOMBIE.safetensors"}, {"rfilename": "T1000_t10om1.safetensors"}, {"rfilename": "TERMINATRIX.safetensors"}, {"rfilename": "TS_Barbie-21.safetensors"}, {"rfilename": "Uncanny Valley_v1.safetensors"}, {"rfilename": "abd.safetensors"}, {"rfilename": "add_detail.safetensors"}, {"rfilename": "aespaKarina_aespaKarinaV5.safetensors"}, {"rfilename": "aespaWinter_aespaWinterV1.safetensors"}, {"rfilename": "alita_Test3Safetensors.safetensors"}, {"rfilename": "arcaneStyleLora_offset.safetensors"}, {"rfilename": "cartoonyStyle_cartoonyStyleV1.safetensors"}, {"rfilename": "chaeryeongItzy_v1.safetensors"}, {"rfilename": "charturnerv2.pt"}, {"rfilename": "chilloutmixgd_v10.safetensors"}, {"rfilename": "cyber_style_girl_v1.safetensors"}, {"rfilename": "ddpm.py"}, {"rfilename": "download_files.py"}, {"rfilename": "eyeLora_eyesV10.safetensors"}, {"rfilename": "figmaAnimeFigures_figma.safetensors"}, {"rfilename": "jennieForBLACKPINK_v10.safetensors"}, {"rfilename": "jisooForBLACKPINK_v10.safetensors"}, {"rfilename": "liaItzy_v1.safetensors"}, {"rfilename": "lightAndShadow_v10.safetensors"}, {"rfilename": "lisaBlackpink_v1.safetensors"}, {"rfilename": "locon_blood_v1_from_v1_64_32.safetensors"}, {"rfilename": "margotrobbie_v2.safetensors"}, {"rfilename": "midjourney.pt"}, {"rfilename": "modernDisneyLORA_modiV1.safetensors"}, {"rfilename": "nightmareArknights_10.safetensors"}, {"rfilename": "nsfw_negative.safetensors"}, {"rfilename": "nsfw_negative1.safetensors"}, {"rfilename": "public_v3.0-locon.safetensors"}, {"rfilename": "realisticvision-negative-embedding.pt"}, {"rfilename": "roseforblackpink_v10.safetensors"}, {"rfilename": "ryujinItzy_v1.safetensors"}, {"rfilename": "samdoesartsSamYang_offsetRightFilesize.safetensors"}, {"rfilename": "styles.csv"}, {"rfilename": "t800.safetensors"}, {"rfilename": "uniko_v1.safetensors"}, {"rfilename": "yejiItzy_v1.safetensors"}, {"rfilename": "yunaItzy_v2.safetensors"}], "spaces": [], "createdAt": "2023-03-13T09:10:50.000Z", "inferenceStatus": "not-loaded"}