{"_id": "65c135221c6f961e568ec0bf", "id": "r0seyyyd33p/deciweb290TX", "modelId": "r0seyyyd33p/deciweb290TX", "author": "r0seyyyd33p", "sha": "9e1614c1c7ec9530e1c903434552e842aa7cbf36", "lastModified": "2024-02-05T19:21:59.000Z", "private": false, "disabled": false, "gated": false, "tags": ["region:us"], "downloads": 0, "likes": 1, "siblings": [{"rfilename": ".gitattributes"}, {"rfilename": "KristannaTX.safetensors"}], "spaces": [], "createdAt": "2024-02-05T19:21:06.000Z", "inferenceStatus": "not-loaded"}