{"_id": "63ad9a70554f7aa08049ecb9", "id": "r0seyyyd33p/lilMiquela-diffusion-v1", "modelId": "r0seyyyd33p/lilMiquela-diffusion-v1", "author": "r0seyyyd33p", "sha": "b2b43a356587615c0b59fe969dadbdc6b66a78ca", "lastModified": "2023-01-01T12:48:48.000Z", "private": false, "disabled": false, "gated": false, "tags": ["license:cc", "region:us"], "downloads": 0, "likes": 1, "model-index": null, "cardData": {"license": "cc"}, "siblings": [{"rfilename": ".gitattributes"}, {"rfilename": "README.md"}, {"rfilename": "lil_Miquela-v1.ckpt"}], "spaces": [], "createdAt": "2022-12-29T13:47:28.000Z", "inferenceStatus": "not-loaded"}