{"_id": "66699860198c8e55566a8358", "id": "R0upa1m/glm-9b-chat-doctor", "modelId": "R0upa1m/glm-9b-chat-doctor", "author": "R0upa1m", "sha": "f985b95e1b15829116f983d3c2b0dfaec0790964", "lastModified": "2024-06-12T12:45:26.000Z", "private": false, "disabled": false, "gated": false, "tags": ["transformers", "safetensors", "arxiv:1910.09700", "endpoints_compatible", "region:us"], "downloads": 0, "library_name": "transformers", "likes": 1, "model-index": null, "cardData": {"library_name": "transformers", "tags": []}, "transformersInfo": {"auto_model": "AutoModel"}, "siblings": [{"rfilename": ".gitattributes"}, {"rfilename": "README.md"}, {"rfilename": "adapter_config.json"}, {"rfilename": "adapter_model.safetensors"}], "spaces": [], "createdAt": "2024-06-12T12:45:20.000Z", "inferenceStatus": "not-loaded"}