{"_id": "66703ed2def0e885df6c2f19", "id": "R1000/RealVisXL_V4.0", "modelId": "R1000/RealVisXL_V4.0", "author": "R1000", "sha": "1e15a6ac18c00e3b4d3ba256ed5dea3ee7e70549", "lastModified": "2024-06-17T13:49:06.000Z", "private": false, "disabled": false, "gated": false, "pipeline_tag": "text-to-image", "tags": ["diffusers", "safetensors", "license:openrail++", "autotrain_compatible", "endpoints_compatible", "diffusers:StableDiffusionXLPipeline", "region:us"], "downloads": 187, "library_name": "diffusers", "likes": 0, "model-index": null, "config": {"diffusers": {"_class_name": "StableDiffusionXLPipeline"}}, "cardData": {"license": "openrail++"}, "siblings": [{"rfilename": ".gitattributes"}, {"rfilename": "README.md"}, {"rfilename": "RealVisXL_V4.0.safetensors"}, {"rfilename": "model_index.json"}, {"rfilename": "scheduler/scheduler_config.json"}, {"rfilename": "text_encoder/config.json"}, {"rfilename": "text_encoder/model.fp16.safetensors"}, {"rfilename": "text_encoder/model.safetensors"}, {"rfilename": "text_encoder_2/config.json"}, {"rfilename": "text_encoder_2/model.fp16.safetensors"}, {"rfilename": "text_encoder_2/model.safetensors"}, {"rfilename": "tokenizer/merges.txt"}, {"rfilename": "tokenizer/special_tokens_map.json"}, {"rfilename": "tokenizer/tokenizer_config.json"}, {"rfilename": "tokenizer/vocab.json"}, {"rfilename": "tokenizer_2/merges.txt"}, {"rfilename": "tokenizer_2/special_tokens_map.json"}, {"rfilename": "tokenizer_2/tokenizer_config.json"}, {"rfilename": "tokenizer_2/vocab.json"}, {"rfilename": "unet/config.json"}, {"rfilename": "unet/diffusion_pytorch_model.fp16.safetensors"}, {"rfilename": "unet/diffusion_pytorch_model.safetensors"}, {"rfilename": "vae/config.json"}, {"rfilename": "vae/diffusion_pytorch_model.fp16.safetensors"}, {"rfilename": "vae/diffusion_pytorch_model.safetensors"}], "spaces": [], "createdAt": "2024-06-17T13:49:06.000Z", "inferenceStatus": "not-loaded"}