{"_id": "644f2c2bbf9683cba47002d4", "id": "r10521708/albert-base-chinese-finetuned-qqp-FHTM-5x-weak", "modelId": "r10521708/albert-base-chinese-finetuned-qqp-FHTM-5x-weak", "author": "r10521708", "sha": "18e021ed675840e3dbf60af67b99e7129baec683", "lastModified": "2023-05-01T17:37:33.000Z", "private": false, "disabled": false, "gated": false, "pipeline_tag": "text-classification", "tags": ["transformers", "pytorch", "albert", "text-classification", "generated_from_trainer", "license:gpl-3.0", "autotrain_compatible", "endpoints_compatible", "region:us"], "downloads": 3, "library_name": "transformers", "mask_token": "[MASK]", "widgetData": [{"text": "I like you. I love you"}], "likes": 0, "model-index": [{"name": "albert-base-chinese-finetuned-qqp", "results": []}], "config": {"architectures": ["AlbertForSequenceClassification"], "model_type": "albert", "tokenizer_config": {"cls_token": "[CLS]", "mask_token": "[MASK]", "pad_token": "[PAD]", "sep_token": "[SEP]", "unk_token": "[UNK]"}}, "cardData": {"license": "gpl-3.0", "tags": ["generated_from_trainer"], "metrics": ["accuracy", "f1"], "model-index": [{"name": "albert-base-chinese-finetuned-qqp", "results": []}]}, "transformersInfo": {"auto_model": "AutoModelForSequenceClassification", "pipeline_tag": "text-classification", "processor": "AutoTokenizer"}, "siblings": [{"rfilename": ".gitattributes"}, {"rfilename": ".gitignore"}, {"rfilename": "README.md"}, {"rfilename": "config.json"}, {"rfilename": "pytorch_model.bin"}, {"rfilename": "special_tokens_map.json"}, {"rfilename": "tokenizer.json"}, {"rfilename": "tokenizer_config.json"}, {"rfilename": "training_args.bin"}, {"rfilename": "vocab.txt"}], "spaces": [], "createdAt": "2023-05-01T03:04:11.000Z", "inferenceStatus": "not-loaded"}