{"_id": "644275f73e00705a4b8c24ce", "id": "r10521708/albert-base-chinese-finetuned-qqp-421", "modelId": "r10521708/albert-base-chinese-finetuned-qqp-421", "author": "r10521708", "sha": "c41004e0fe1ff7452197a0134efc1c6e1aad40d5", "lastModified": "2023-04-21T11:39:35.000Z", "private": false, "disabled": false, "gated": false, "tags": ["region:us"], "downloads": 0, "likes": 0, "siblings": [{"rfilename": ".gitattributes"}], "spaces": [], "createdAt": "2023-04-21T11:39:35.000Z", "inferenceStatus": "not-loaded"}