{"_id": "66622026eaa6f8030a24a5cc", "id": "r1208/c4ai-command-r-v01-4bit_32r_cbt", "modelId": "r1208/c4ai-command-r-v01-4bit_32r_cbt", "author": "r1208", "sha": "7d6aaf74ea732be4cbaba7ea54ad75dd4fcfc4c2", "lastModified": "2024-06-07T19:31:14.000Z", "private": false, "disabled": false, "gated": false, "tags": ["transformers", "safetensors", "arxiv:1910.09700", "endpoints_compatible", "region:us"], "downloads": 0, "library_name": "transformers", "likes": 0, "model-index": null, "config": {"tokenizer_config": {"bos_token": "<BOS_TOKEN>", "eos_token": "<|END_OF_TURN_TOKEN|>", "pad_token": "<PAD>", "unk_token": null, "use_default_system_prompt": false}}, "cardData": {"library_name": "transformers", "tags": []}, "transformersInfo": {"auto_model": "AutoModel"}, "siblings": [{"rfilename": ".gitattributes"}, {"rfilename": "README.md"}, {"rfilename": "adapter_config.json"}, {"rfilename": "adapter_model.safetensors"}, {"rfilename": "special_tokens_map.json"}, {"rfilename": "tokenizer.json"}, {"rfilename": "tokenizer_config.json"}, {"rfilename": "training_args.bin"}], "spaces": [], "createdAt": "2024-06-06T20:46:30.000Z", "inferenceStatus": "not-loaded"}