{"_id": "665fa23440f0daf284a500f0", "id": "r1208/aya-23-8B_4bit_32lora_1", "modelId": "r1208/aya-23-8B_4bit_32lora_1", "author": "r1208", "sha": "e91da88aacf4466d606c9cd2bc35fe8230b07d80", "lastModified": "2024-06-04T23:28:51.000Z", "private": false, "disabled": false, "gated": false, "pipeline_tag": "text-generation", "tags": ["transformers", "safetensors", "cohere", "text-generation", "trl", "sft", "arxiv:1910.09700", "autotrain_compatible", "text-generation-inference", "endpoints_compatible", "4-bit", "bitsandbytes", "region:us"], "downloads": 1, "library_name": "transformers", "widgetData": [{"text": "My name is Julien and I like to"}, {"text": "My name is Thomas and my main"}, {"text": "My name is Mariama, my favorite"}, {"text": "My name is Clara and I am"}, {"text": "My name is Lewis and I like to"}, {"text": "My name is Merve and my favorite"}, {"text": "My name is Teven and I am"}, {"text": "Once upon a time,"}], "likes": 0, "model-index": null, "config": {"architectures": ["CohereForCausalLM"], "model_type": "cohere", "quantization_config": {"load_in_4bit": true, "load_in_8bit": false, "quant_method": "bitsandbytes"}}, "cardData": {"library_name": "transformers", "tags": ["trl", "sft"]}, "transformersInfo": {"auto_model": "AutoModelForCausalLM", "pipeline_tag": "text-generation", "processor": "AutoTokenizer"}, "siblings": [{"rfilename": ".gitattributes"}, {"rfilename": "README.md"}, {"rfilename": "config.json"}, {"rfilename": "generation_config.json"}, {"rfilename": "model-00001-of-00002.safetensors"}, {"rfilename": "model-00002-of-00002.safetensors"}, {"rfilename": "model.safetensors.index.json"}], "spaces": [], "createdAt": "2024-06-04T23:24:36.000Z", "safetensors": {"parameters": {"F32": 622080, "BF16": 1132462080, "U8": 3598751498}, "total": 4731835658}, "inferenceStatus": "not-loaded"}