{"_id": "66601fb321f3ae1d9e6f45f8", "id": "r1208/Llama_3_Open_Ko_8B_Instruct-preview_4bit_32r", "modelId": "r1208/Llama_3_Open_Ko_8B_Instruct-preview_4bit_32r", "author": "r1208", "sha": "3569d3fbb8995651cea6b822ee2d7f982790276c", "lastModified": "2024-06-05T08:20:28.000Z", "private": false, "disabled": false, "gated": false, "tags": ["transformers", "safetensors", "arxiv:1910.09700", "endpoints_compatible", "region:us"], "downloads": 0, "library_name": "transformers", "likes": 0, "model-index": null, "cardData": {"library_name": "transformers", "tags": []}, "transformersInfo": {"auto_model": "AutoModel"}, "siblings": [{"rfilename": ".gitattributes"}, {"rfilename": "README.md"}, {"rfilename": "adapter_config.json"}, {"rfilename": "adapter_model.safetensors"}], "spaces": [], "createdAt": "2024-06-05T08:20:03.000Z", "inferenceStatus": "not-loaded"}