{"_id": "6630d0fd9f4b55fbe952394a", "id": "R12/testmodel", "modelId": "R12/testmodel", "author": "R12", "sha": "5221a0002504d23c954c718f2eaec7cdfdb38446", "lastModified": "2024-04-30T11:07:41.000Z", "private": false, "disabled": false, "gated": false, "tags": ["license:mit", "region:us"], "downloads": 0, "likes": 0, "model-index": null, "cardData": {"license": "mit"}, "siblings": [{"rfilename": ".gitattributes"}, {"rfilename": "README.md"}], "spaces": [], "createdAt": "2024-04-30T11:07:41.000Z", "inferenceStatus": "not-loaded"}