{"_id": "652c38202aa5b27c77f51eea", "id": "R136a1/Xwin-MLewd-13B-V0.2-exl2", "modelId": "R136a1/Xwin-MLewd-13B-V0.2-exl2", "author": "R136a1", "sha": "401f65c7fd57d50fc37bb650581d9f8a015b5312", "lastModified": "2023-11-06T20:01:44.000Z", "private": false, "disabled": false, "gated": false, "pipeline_tag": "text-generation", "tags": ["transformers", "llama", "text-generation", "not-for-all-audiences", "nsfw", "en", "license:other", "autotrain_compatible", "text-generation-inference", "endpoints_compatible", "region:us"], "downloads": 2, "library_name": "transformers", "widgetData": [{"text": "My name is Julien and I like to"}, {"text": "My name is Thomas and my main"}, {"text": "My name is Mariama, my favorite"}, {"text": "My name is Clara and I am"}, {"text": "My name is Lewis and I like to"}, {"text": "My name is Merve and my favorite"}, {"text": "My name is Teven and I am"}, {"text": "Once upon a time,"}], "likes": 5, "model-index": null, "config": {"architectures": ["LlamaForCausalLM"], "model_type": "llama", "tokenizer_config": {"bos_token": "<s>", "eos_token": "</s>", "pad_token": "<unk>", "unk_token": "<unk>", "use_default_system_prompt": true}}, "cardData": {"tags": ["not-for-all-audiences", "nsfw"], "license": "other", "language": ["en"]}, "transformersInfo": {"auto_model": "AutoModelForCausalLM", "pipeline_tag": "text-generation", "processor": "AutoTokenizer"}, "siblings": [{"rfilename": ".gitattributes"}, {"rfilename": "README.md"}, {"rfilename": "added_tokens.json"}, {"rfilename": "config.json"}, {"rfilename": "measurement.json"}, {"rfilename": "output.safetensors"}, {"rfilename": "special_tokens_map.json"}, {"rfilename": "tokenizer.json"}, {"rfilename": "tokenizer.model"}, {"rfilename": "tokenizer_config.json"}], "spaces": [], "createdAt": "2023-10-15T19:06:08.000Z", "inferenceStatus": "not-loaded"}