{"_id": "661fd79debd4d57e44c33ceb", "id": "R136a1/BeyondInfinity-v2-4x7B-GGUF", "modelId": "R136a1/BeyondInfinity-v2-4x7B-GGUF", "author": "R136a1", "sha": "f0baa3e4ba57a531ce5b98fb65d245f4a91ac60e", "lastModified": "2024-04-17T14:14:34.000Z", "private": false, "disabled": false, "gated": false, "tags": ["gguf", "region:us"], "downloads": 16, "likes": 0, "siblings": [{"rfilename": ".gitattributes"}, {"rfilename": "beyoninfinity-4x7b-v2-Q4_K_S-imat.gguf"}, {"rfilename": "imatrix.dat"}], "spaces": [], "createdAt": "2024-04-17T14:07:25.000Z", "inferenceStatus": "not-loaded"}