{"_id": "65f73ac1f89ec850f7a3a749", "id": "R136a1/InfinityKuno-2x7B-GGUF", "modelId": "R136a1/InfinityKuno-2x7B-GGUF", "author": "R136a1", "sha": "421447b91152adc90c4d954b3e10cd4ce570d8a5", "lastModified": "2024-03-17T22:35:50.000Z", "private": false, "disabled": false, "gated": false, "tags": ["gguf", "nsfw", "not-for-all-audiences", "roleplay", "en", "license:apache-2.0", "region:us"], "downloads": 151, "likes": 9, "model-index": null, "cardData": {"license": "apache-2.0", "language": ["en"], "tags": ["nsfw", "not-for-all-audiences", "roleplay"]}, "siblings": [{"rfilename": ".gitattributes"}, {"rfilename": "README.md"}, {"rfilename": "imatrix.dat"}, {"rfilename": "infinitykuno-2x7b.IQ2_M-imat.gguf"}, {"rfilename": "infinitykuno-2x7b.IQ3_M-imat.gguf"}, {"rfilename": "infinitykuno-2x7b.IQ4_NL-imat.gguf"}, {"rfilename": "infinitykuno-2x7b.Q5_K_M-imat.gguf"}, {"rfilename": "infinitykuno-2x7b.Q8_0-imat.gguf"}], "spaces": [], "createdAt": "2024-03-17T18:47:29.000Z", "inferenceStatus": "not-loaded"}