{"_id": "661fb3ed71c543cff36a82f2", "id": "R136a1/BeyondInfinity-v2-4x7B", "modelId": "R136a1/BeyondInfinity-v2-4x7B", "author": "R136a1", "sha": "d5c2031003f5ac971e89a4e7d9eb4d08c4826011", "lastModified": "2024-05-16T13:48:38.000Z", "private": false, "disabled": false, "gated": false, "pipeline_tag": "text-generation", "tags": ["transformers", "safetensors", "mixtral", "text-generation", "en", "license:apache-2.0", "autotrain_compatible", "text-generation-inference", "endpoints_compatible", "region:us"], "downloads": 309, "library_name": "transformers", "widgetData": [{"text": "My name is Julien and I like to"}, {"text": "My name is Thomas and my main"}, {"text": "My name is Mariama, my favorite"}, {"text": "My name is Clara and I am"}, {"text": "My name is Lewis and I like to"}, {"text": "My name is Merve and my favorite"}, {"text": "My name is Teven and I am"}, {"text": "Once upon a time,"}], "likes": 4, "model-index": null, "config": {"architectures": ["MixtralForCausalLM"], "model_type": "mixtral", "tokenizer_config": {"bos_token": "<s>", "eos_token": "</s>", "pad_token": "<s>", "unk_token": "<unk>", "use_default_system_prompt": false}}, "cardData": {"language": ["en"], "license": "apache-2.0", "tags": ["safetensors", "mixtral"]}, "transformersInfo": {"auto_model": "AutoModelForCausalLM", "pipeline_tag": "text-generation", "processor": "AutoTokenizer"}, "siblings": [{"rfilename": ".gitattributes"}, {"rfilename": "README.md"}, {"rfilename": "config.json"}, {"rfilename": "mergekit_moe_config.yml"}, {"rfilename": "model-00001-of-00005.safetensors"}, {"rfilename": "model-00002-of-00005.safetensors"}, {"rfilename": "model-00003-of-00005.safetensors"}, {"rfilename": "model-00004-of-00005.safetensors"}, {"rfilename": "model-00005-of-00005.safetensors"}, {"rfilename": "model.safetensors.index.json"}, {"rfilename": "special_tokens_map.json"}, {"rfilename": "tokenizer.json"}, {"rfilename": "tokenizer.model"}, {"rfilename": "tokenizer_config.json"}], "spaces": [], "createdAt": "2024-04-17T11:35:09.000Z", "safetensors": {"parameters": {"BF16": 24153690112}, "total": 24153690112}, "inferenceStatus": "not-loaded"}