{"_id": "660326796d19853ddaded75c", "id": "R136a1/InfinityKumon-2x7B-GGUF", "modelId": "R136a1/InfinityKumon-2x7B-GGUF", "author": "R136a1", "sha": "0a3a4927774d63a938421e297bf339c72fe9f3f5", "lastModified": "2024-03-27T15:15:13.000Z", "private": false, "disabled": false, "gated": false, "tags": ["gguf", "nsfw", "not-for-all-audiences", "roleplay", "en", "license:apache-2.0", "region:us"], "downloads": 158, "likes": 5, "model-index": null, "cardData": {"license": "apache-2.0", "language": ["en"], "tags": ["nsfw", "not-for-all-audiences", "roleplay"]}, "siblings": [{"rfilename": ".gitattributes"}, {"rfilename": "InfinityKumon-2x7B.fp16.bin"}, {"rfilename": "README.md"}, {"rfilename": "imatrix.dat"}, {"rfilename": "infinitykumon-2x7b.IQ3_M-imat.gguf"}, {"rfilename": "infinitykumon-2x7b.IQ4_NL-imat.gguf"}, {"rfilename": "infinitykumon-2x7b.Q2_K-imat.gguf"}, {"rfilename": "infinitykumon-2x7b.Q5_K_M-imat.gguf"}, {"rfilename": "infinitykumon-2x7b.Q6_K-imat.gguf"}, {"rfilename": "infinitykumon-2x7b.Q8_0-imat.gguf"}], "spaces": [], "createdAt": "2024-03-26T19:48:09.000Z", "inferenceStatus": "not-loaded"}