{"_id": "652e62eb7b0079ff034512cf", "id": "R136a1/MLewd-ReMM-L2-Chat-20B-exl2", "modelId": "R136a1/MLewd-ReMM-L2-Chat-20B-exl2", "author": "R136a1", "sha": "7c6488821c592f3feb1ab1a8858b7f82af7dd9cb", "lastModified": "2023-10-17T23:01:54.000Z", "private": false, "disabled": false, "gated": false, "pipeline_tag": "text-generation", "tags": ["transformers", "llama", "text-generation", "not-for-all-audiences", "nsfw", "en", "license:other", "autotrain_compatible", "text-generation-inference", "endpoints_compatible", "region:us"], "downloads": 2, "library_name": "transformers", "widgetData": [{"text": "My name is Julien and I like to"}, {"text": "My name is Thomas and my main"}, {"text": "My name is Mariama, my favorite"}, {"text": "My name is Clara and I am"}, {"text": "My name is Lewis and I like to"}, {"text": "My name is Merve and my favorite"}, {"text": "My name is Teven and I am"}, {"text": "Once upon a time,"}], "likes": 2, "model-index": null, "config": {"architectures": ["LlamaForCausalLM"], "model_type": "llama", "tokenizer_config": {"bos_token": {"__type": "AddedToken", "content": "<s>", "lstrip": false, "normalized": false, "rstrip": false, "single_word": false}, "eos_token": {"__type": "AddedToken", "content": "</s>", "lstrip": false, "normalized": false, "rstrip": false, "single_word": false}, "pad_token": null, "unk_token": {"__type": "AddedToken", "content": "<unk>", "lstrip": false, "normalized": false, "rstrip": false, "single_word": false}, "use_default_system_prompt": true}}, "cardData": {"tags": ["not-for-all-audiences", "nsfw"], "license": "other", "language": ["en"]}, "transformersInfo": {"auto_model": "AutoModelForCausalLM", "pipeline_tag": "text-generation", "processor": "AutoTokenizer"}, "siblings": [{"rfilename": ".gitattributes"}, {"rfilename": "README.md"}, {"rfilename": "config.json"}, {"rfilename": "output.safetensors"}, {"rfilename": "special_tokens_map.json"}, {"rfilename": "tokenizer.json"}, {"rfilename": "tokenizer.model"}, {"rfilename": "tokenizer_config.json"}], "spaces": [], "createdAt": "2023-10-17T10:33:15.000Z", "inferenceStatus": "not-loaded"}