{"_id": "64f780c19980b96c33e17f69", "id": "r1a2h3/first_try", "modelId": "r1a2h3/first_try", "author": "r1a2h3", "sha": "e6d1ad6b81f9860c75df61afa28f27759571c5ac", "lastModified": "2023-09-05T19:28:39.000Z", "private": false, "disabled": false, "gated": false, "tags": ["license:other", "region:us"], "downloads": 0, "likes": 0, "model-index": null, "cardData": {"license": "other"}, "siblings": [{"rfilename": ".gitattributes"}, {"rfilename": "README.md"}, {"rfilename": "prompt.txt"}, {"rfilename": "pytorch_lora_weights.safetensors"}], "spaces": [], "createdAt": "2023-09-05T19:25:53.000Z", "inferenceStatus": "not-loaded"}