{"_id": "65cee0266da01df536288bef", "id": "r1char9/rubert-base-cased-russian-sentiment", "modelId": "r1char9/rubert-base-cased-russian-sentiment", "author": "r1char9", "sha": "10ccd84dc49ad543295b08d9e76f10378ff9d8ad", "lastModified": "2024-02-16T04:29:08.000Z", "private": false, "disabled": false, "gated": false, "pipeline_tag": "text-classification", "tags": ["transformers", "pytorch", "bert", "text-classification", "sentiment-analysis", "multi-class-classification", "sentiment analysis", "rubert", "sentiment", "russian", "multiclass", "classification", "ru", "license:mit", "autotrain_compatible", "endpoints_compatible", "region:us"], "downloads": 19955, "library_name": "transformers", "mask_token": "[MASK]", "widgetData": [{"text": "\u0422\u044b \u043c\u043d\u0435 \u043d\u0440\u0430\u0432\u0438\u0448\u044c\u0441\u044f. \u042f \u0442\u0435\u0431\u044f \u043b\u044e\u0431\u043b\u044e"}], "likes": 5, "model-index": null, "config": {"architectures": ["BertForSequenceClassification"], "model_type": "bert", "tokenizer_config": {"cls_token": "[CLS]", "mask_token": "[MASK]", "pad_token": "[PAD]", "sep_token": "[SEP]", "unk_token": "[UNK]"}}, "cardData": {"license": "mit", "language": ["ru"], "metrics": ["f1", "roc_auc", "precision", "recall"], "pipeline_tag": "text-classification", "tags": ["sentiment-analysis", "multi-class-classification", "sentiment analysis", "rubert", "sentiment", "bert", "russian", "multiclass", "classification"]}, "transformersInfo": {"auto_model": "AutoModelForSequenceClassification", "pipeline_tag": "text-classification", "processor": "AutoTokenizer"}, "siblings": [{"rfilename": ".gitattributes"}, {"rfilename": "README.md"}, {"rfilename": "config.json"}, {"rfilename": "pytorch_model.bin"}, {"rfilename": "special_tokens_map.json"}, {"rfilename": "tokenizer.json"}, {"rfilename": "tokenizer_config.json"}, {"rfilename": "vocab.txt"}], "spaces": [], "createdAt": "2024-02-16T04:10:14.000Z", "inferenceStatus": "not-loaded"}