{"_id": "666a09363263a8feca34f505", "id": "r1char9/T5_chat", "modelId": "r1char9/T5_chat", "author": "r1char9", "sha": "81e64369abece8c097bfde58eaa0bf15a866fcb9", "lastModified": "2024-06-14T21:12:02.000Z", "private": false, "disabled": false, "gated": false, "pipeline_tag": "text2text-generation", "tags": ["transformers", "safetensors", "t5", "text2text-generation", "T5", "russian", "text-generation", "ru", "license:mit", "autotrain_compatible", "text-generation-inference", "endpoints_compatible", "region:us"], "downloads": 729, "library_name": "transformers", "likes": 0, "model-index": null, "config": {"architectures": ["T5ForConditionalGeneration"], "model_type": "t5", "tokenizer_config": {"eos_token": "</s>", "pad_token": "<pad>", "unk_token": "<unk>"}}, "cardData": {"license": "mit", "language": ["ru"], "pipeline_tag": "text2text-generation", "tags": ["T5", "russian", "text2text-generation", "text-generation"]}, "transformersInfo": {"auto_model": "AutoModelForSeq2SeqLM", "pipeline_tag": "text2text-generation", "processor": "AutoTokenizer"}, "siblings": [{"rfilename": ".gitattributes"}, {"rfilename": "README.md"}, {"rfilename": "config.json"}, {"rfilename": "generation_config.json"}, {"rfilename": "model.safetensors"}, {"rfilename": "special_tokens_map.json"}, {"rfilename": "spiece.model"}, {"rfilename": "tokenizer.json"}, {"rfilename": "tokenizer_config.json"}], "spaces": [], "createdAt": "2024-06-12T20:46:46.000Z", "safetensors": {"parameters": {"F32": 222903552}, "total": 222903552}, "inferenceStatus": "not-loaded"}