{"_id": "66673633934b48c3c7768e4a", "id": "r1char9/rubert-tiny2-clf", "modelId": "r1char9/rubert-tiny2-clf", "author": "r1char9", "sha": "df6bda9ee86471f945bf93e0a7f0977b387d6509", "lastModified": "2024-06-14T07:03:48.000Z", "private": false, "disabled": false, "gated": false, "pipeline_tag": "text-classification", "tags": ["transformers", "safetensors", "bert", "text-classification", "sentiment-analysis", "multi-label-classification", "sentiment analysis", "rubert", "sentiment", "tiny", "russian", "multilabel", "classification", "prompt-classification", "ru", "license:mit", "autotrain_compatible", "endpoints_compatible", "region:us"], "downloads": 600, "library_name": "transformers", "mask_token": "[MASK]", "widgetData": [{"text": "\u0422\u044b \u043c\u043d\u0435 \u043d\u0440\u0430\u0432\u0438\u0448\u044c\u0441\u044f. \u042f \u0442\u0435\u0431\u044f \u043b\u044e\u0431\u043b\u044e"}], "likes": 0, "model-index": null, "config": {"architectures": ["BertForSequenceClassification"], "model_type": "bert", "tokenizer_config": {"cls_token": "[CLS]", "mask_token": "[MASK]", "pad_token": "[PAD]", "sep_token": "[SEP]", "unk_token": "[UNK]"}}, "cardData": {"license": "mit", "language": ["ru"], "pipeline_tag": "text-classification", "tags": ["sentiment-analysis", "multi-label-classification", "sentiment analysis", "rubert", "sentiment", "bert", "tiny", "russian", "multilabel", "classification", "prompt-classification"]}, "transformersInfo": {"auto_model": "AutoModelForSequenceClassification", "pipeline_tag": "text-classification", "processor": "AutoTokenizer"}, "siblings": [{"rfilename": ".gitattributes"}, {"rfilename": "README.md"}, {"rfilename": "config.json"}, {"rfilename": "model.safetensors"}, {"rfilename": "special_tokens_map.json"}, {"rfilename": "tokenizer.json"}, {"rfilename": "tokenizer_config.json"}, {"rfilename": "vocab.txt"}], "spaces": [], "createdAt": "2024-06-10T17:21:55.000Z", "safetensors": {"parameters": {"F32": 29194707}, "total": 29194707}, "inferenceStatus": "not-loaded"}