{"_id": "63d9da7f0733a71e9332783d", "id": "r1ck/doc2query-viT5", "modelId": "r1ck/doc2query-viT5", "author": "r1ck", "sha": "1b75e9e5ab7b92c2fa8eba8911cc4442c1c269e3", "lastModified": "2023-05-11T06:16:25.000Z", "private": false, "disabled": false, "gated": false, "pipeline_tag": "text2text-generation", "tags": ["transformers", "pytorch", "safetensors", "t5", "text2text-generation", "vi", "arxiv:1904.08375", "license:apache-2.0", "autotrain_compatible", "text-generation-inference", "endpoints_compatible", "region:us"], "downloads": 1, "library_name": "transformers", "widgetData": [{"text": "Chi\u1ebfn tranh L\u1ea1nh (1947-1991, ti\u1ebfng Anh: Cold War) l\u00e0 ch\u1ec9 \u0111\u1ebfn s\u1ef1 c\u0103ng th\u1eb3ng \u0111\u1ecba ch\u00ednh tr\u1ecb  v\u00e0 xung \u0111\u1ed9t \u00fd th\u1ee9c h\u1ec7 \u0111\u1ec9nh \u0111i\u1ec3m gi\u1eefa hai si\u00eau c\u01b0\u1eddng (\u0111\u1ee9ng \u0111\u1ea7u v\u00e0 \u0111\u1ea1i di\u1ec7n hai kh\u1ed1i \u0111\u1ed1i l\u1eadp) : Hoa K\u1ef3 (ch\u1ee7 ngh\u0129a t\u01b0 b\u1ea3n) v\u00e0 Li\u00ean X\u00f4 (ch\u1ee7 ngh\u0129a x\u00e3 h\u1ed9i)."}], "likes": 2, "model-index": null, "config": {"architectures": ["T5ForConditionalGeneration"], "model_type": "t5", "tokenizer_config": {"eos_token": "</s>", "pad_token": "<pad>", "unk_token": "<unk>"}}, "cardData": {"language": "vi", "widget": [{"text": "Chi\u1ebfn tranh L\u1ea1nh (1947-1991, ti\u1ebfng Anh: Cold War) l\u00e0 ch\u1ec9 \u0111\u1ebfn s\u1ef1 c\u0103ng th\u1eb3ng \u0111\u1ecba ch\u00ednh tr\u1ecb  v\u00e0 xung \u0111\u1ed9t \u00fd th\u1ee9c h\u1ec7 \u0111\u1ec9nh \u0111i\u1ec3m gi\u1eefa hai si\u00eau c\u01b0\u1eddng (\u0111\u1ee9ng \u0111\u1ea7u v\u00e0 \u0111\u1ea1i di\u1ec7n hai kh\u1ed1i \u0111\u1ed1i l\u1eadp) : Hoa K\u1ef3 (ch\u1ee7 ngh\u0129a t\u01b0 b\u1ea3n) v\u00e0 Li\u00ean X\u00f4 (ch\u1ee7 ngh\u0129a x\u00e3 h\u1ed9i)."}], "license": "apache-2.0", "pipeline_tag": "text2text-generation"}, "transformersInfo": {"auto_model": "AutoModelForSeq2SeqLM", "pipeline_tag": "text2text-generation", "processor": "AutoTokenizer"}, "siblings": [{"rfilename": ".gitattributes"}, {"rfilename": "README.md"}, {"rfilename": "config.json"}, {"rfilename": "model.safetensors"}, {"rfilename": "pytorch_model.bin"}, {"rfilename": "special_tokens_map.json"}, {"rfilename": "spiece.model"}, {"rfilename": "tokenizer.json"}, {"rfilename": "tokenizer_config.json"}, {"rfilename": "trainer_state.json"}, {"rfilename": "training_args.bin"}], "spaces": [], "createdAt": "2023-02-01T03:20:31.000Z", "safetensors": {"parameters": {"F32": 225950976}, "total": 225950976}, "inferenceStatus": "not-loaded"}