{"_id": "6656f4cf0afef440bcfe70f2", "id": "r1ck/vi-e5-large", "modelId": "r1ck/vi-e5-large", "author": "r1ck", "sha": "8ff584554bc9c7c1438529d9e00bf43dfe0201e2", "lastModified": "2024-05-30T06:28:28.000Z", "private": false, "disabled": false, "gated": false, "pipeline_tag": "feature-extraction", "tags": ["transformers", "safetensors", "xlm-roberta", "feature-extraction", "text-embeddings-inference", "endpoints_compatible", "region:us"], "downloads": 3, "library_name": "transformers", "mask_token": "<mask>", "likes": 0, "config": {"architectures": ["XLMRobertaModel"], "model_type": "xlm-roberta", "tokenizer_config": {"bos_token": "<s>", "cls_token": "<s>", "eos_token": "</s>", "mask_token": {"__type": "AddedToken", "content": "<mask>", "lstrip": true, "normalized": true, "rstrip": false, "single_word": false}, "pad_token": "<pad>", "sep_token": "</s>", "unk_token": "<unk>"}}, "transformersInfo": {"auto_model": "AutoModel", "pipeline_tag": "feature-extraction", "processor": "AutoTokenizer"}, "siblings": [{"rfilename": ".gitattributes"}, {"rfilename": "1_Pooling/config.json"}, {"rfilename": "config.json"}, {"rfilename": "model.safetensors"}, {"rfilename": "modules.json"}, {"rfilename": "sentence_bert_config.json"}, {"rfilename": "sentencepiece.bpe.model"}, {"rfilename": "special_tokens_map.json"}, {"rfilename": "tokenizer.json"}, {"rfilename": "tokenizer_config.json"}], "spaces": [], "createdAt": "2024-05-29T09:26:39.000Z", "safetensors": {"parameters": {"I64": 514, "F32": 559890432}, "total": 559890946}, "inferenceStatus": "not-loaded"}