{"_id": "65fa22cdd3aad0fbb6eee771", "id": "R1d1racoon/Lbtwlk", "modelId": "R1d1racoon/Lbtwlk", "author": "R1d1racoon", "sha": "986b4e2b1689d3ec43eb12a80571219dfe98054b", "lastModified": "2024-03-19T23:42:05.000Z", "private": false, "disabled": false, "gated": false, "tags": ["license:apache-2.0", "region:us"], "downloads": 0, "likes": 0, "model-index": null, "cardData": {"license": "apache-2.0"}, "siblings": [{"rfilename": ".gitattributes"}, {"rfilename": "README.md"}], "spaces": [], "createdAt": "2024-03-19T23:42:05.000Z", "inferenceStatus": "not-loaded"}