{"_id": "63ee78b76349d1a6706ca18a", "id": "r1emann/distilbert-base-uncased-finetuned-squad", "modelId": "r1emann/distilbert-base-uncased-finetuned-squad", "author": "r1emann", "sha": "0b530931e228804b1cb318de3cde91b3a2356546", "lastModified": "2023-02-16T18:40:55.000Z", "private": false, "disabled": false, "gated": false, "tags": ["region:us"], "downloads": 0, "likes": 0, "siblings": [{"rfilename": ".gitattributes"}], "spaces": [], "createdAt": "2023-02-16T18:40:55.000Z", "inferenceStatus": "not-loaded"}