{"_id": "659b17dc2f42fd55b90b1803", "id": "r2429/Rick", "modelId": "r2429/Rick", "author": "r2429", "sha": "1b4fb27df142cd160957132c1f47710a644338f5", "lastModified": "2024-01-07T21:40:45.000Z", "private": false, "disabled": false, "gated": false, "tags": ["peft", "safetensors", "llama", "arxiv:1910.09700", "base_model:TinyLlama/TinyLlama-1.1B-Chat-v1.0", "region:us"], "downloads": 0, "library_name": "peft", "likes": 0, "model-index": null, "config": {"architectures": ["LlamaForCausalLM"], "model_type": "llama", "tokenizer_config": {"bos_token": "<s>", "chat_template": "{% for message in messages %}\n{% if message['role'] == 'user' %}\n{{ '<|user|>\n' + message['content'] + eos_token }}\n{% elif message['role'] == 'system' %}\n{{ '<|system|>\n' + message['content'] + eos_token }}\n{% elif message['role'] == 'assistant' %}\n{{ '<|assistant|>\n'  + message['content'] + eos_token }}\n{% endif %}\n{% if loop.last and add_generation_prompt %}\n{{ '<|assistant|>' }}\n{% endif %}\n{% endfor %}", "eos_token": "</s>", "pad_token": "</s>", "unk_token": "<unk>", "use_default_system_prompt": false}, "peft": {"base_model_name_or_path": "TinyLlama/TinyLlama-1.1B-Chat-v1.0", "task_type": "CAUSAL_LM"}}, "cardData": {"library_name": "peft", "base_model": "TinyLlama/TinyLlama-1.1B-Chat-v1.0"}, "siblings": [{"rfilename": ".gitattributes"}, {"rfilename": "README.md"}, {"rfilename": "adapter_config.json"}, {"rfilename": "adapter_model.safetensors"}, {"rfilename": "config.json"}, {"rfilename": "generation_config.json"}, {"rfilename": "model-001.safetensors"}, {"rfilename": "special_tokens_map.json"}, {"rfilename": "tokenizer.json"}, {"rfilename": "tokenizer_config.json"}], "spaces": [], "createdAt": "2024-01-07T21:30:04.000Z", "inferenceStatus": "not-loaded"}