{"_id": "65d6dcd0ef58a69470df05f7", "id": "r2d209/my_awesome_mind_model", "modelId": "r2d209/my_awesome_mind_model", "author": "r2d209", "sha": "f59a8854dca75b9bd54ed0efd36e1d2eb2014df1", "lastModified": "2024-02-22T05:35:41.000Z", "private": false, "disabled": false, "gated": false, "pipeline_tag": "audio-classification", "tags": ["transformers", "pytorch", "wav2vec2", "audio-classification", "generated_from_trainer", "dataset:minds14", "base_model:facebook/wav2vec2-base", "license:apache-2.0", "model-index", "endpoints_compatible", "region:us"], "downloads": 0, "library_name": "transformers", "likes": 0, "model-index": [{"name": "my_awesome_mind_model", "results": [{"task": {"name": "Audio Classification", "type": "audio-classification"}, "dataset": {"name": "minds14", "type": "minds14", "config": "ko-KR", "split": "train", "args": "ko-KR"}, "metrics": [{"name": "Accuracy", "type": "accuracy", "value": 0.058823529411764705, "verified": false}]}]}], "config": {"architectures": ["Wav2Vec2ForSequenceClassification"], "model_type": "wav2vec2"}, "cardData": {"license": "apache-2.0", "base_model": "facebook/wav2vec2-base", "tags": ["generated_from_trainer"], "datasets": ["minds14"], "metrics": ["accuracy"], "model-index": [{"name": "my_awesome_mind_model", "results": [{"task": {"name": "Audio Classification", "type": "audio-classification"}, "dataset": {"name": "minds14", "type": "minds14", "config": "ko-KR", "split": "train", "args": "ko-KR"}, "metrics": [{"name": "Accuracy", "type": "accuracy", "value": 0.058823529411764705, "verified": false}]}]}]}, "transformersInfo": {"auto_model": "AutoModelForAudioClassification", "pipeline_tag": "audio-classification", "processor": "AutoProcessor"}, "siblings": [{"rfilename": ".gitattributes"}, {"rfilename": "README.md"}, {"rfilename": "config.json"}, {"rfilename": "preprocessor_config.json"}, {"rfilename": "pytorch_model.bin"}, {"rfilename": "training_args.bin"}], "spaces": [], "createdAt": "2024-02-22T05:34:08.000Z", "inferenceStatus": "not-loaded"}