{"_id": "658de0d443971eed45976694", "id": "r3dlobst3r/gp2-coreml", "modelId": "r3dlobst3r/gp2-coreml", "author": "r3dlobst3r", "sha": "d6038e3bb9876e10b86386ad6dfc79472381f763", "lastModified": "2023-12-28T20:57:16.000Z", "private": false, "disabled": false, "gated": false, "tags": ["coreml", "region:us"], "downloads": 1, "likes": 0, "siblings": [{"rfilename": ".gitattributes"}, {"rfilename": "coreml/text-generation/float32_model.mlpackage/Data/com.apple.CoreML/model.mlmodel"}, {"rfilename": "coreml/text-generation/float32_model.mlpackage/Data/com.apple.CoreML/weights/weight.bin"}, {"rfilename": "coreml/text-generation/float32_model.mlpackage/Manifest.json"}], "spaces": [], "createdAt": "2023-12-28T20:55:48.000Z", "inferenceStatus": "not-loaded"}