{"_id": "65c70f3d73a47fa85d22e92f", "id": "r3dsd/ImageForester", "modelId": "r3dsd/ImageForester", "author": "r3dsd", "sha": "a423cb9cf5d19e0c3844c071799ea27d05b0e001", "lastModified": "2024-02-10T05:56:17.000Z", "private": false, "disabled": false, "gated": false, "tags": ["onnx", "license:unknown", "region:us"], "downloads": 0, "likes": 0, "model-index": null, "cardData": {"license": "unknown"}, "siblings": [{"rfilename": ".gitattributes"}, {"rfilename": "README.md"}, {"rfilename": "model.onnx"}, {"rfilename": "selected_tags.csv"}], "spaces": [], "createdAt": "2024-02-10T05:53:01.000Z", "inferenceStatus": "not-loaded"}