{"_id": "65fcf218a675a857ab54f112", "id": "r3gm/cuda_colab", "modelId": "r3gm/cuda_colab", "author": "r3gm", "sha": "c05ab628cb66cd79392572afe838044e9832af71", "lastModified": "2024-03-22T02:51:35.000Z", "private": false, "disabled": false, "gated": false, "tags": ["region:us"], "downloads": 0, "likes": 1, "siblings": [{"rfilename": ".gitattributes"}, {"rfilename": "nvidia_cublas_cu12-12.1.3.1-py3-none-manylinux1_x86_64.whl"}, {"rfilename": "nvidia_cuda_cupti_cu12-12.1.105-py3-none-manylinux1_x86_64.whl"}, {"rfilename": "nvidia_cuda_nvrtc_cu12-12.1.105-py3-none-manylinux1_x86_64.whl"}, {"rfilename": "nvidia_cuda_runtime_cu12-12.1.105-py3-none-manylinux1_x86_64.whl"}, {"rfilename": "nvidia_cudnn_cu12-8.9.2.26-py3-none-manylinux1_x86_64.whl"}, {"rfilename": "nvidia_cufft_cu12-11.0.2.54-py3-none-manylinux1_x86_64.whl"}, {"rfilename": "nvidia_curand_cu12-10.3.2.106-py3-none-manylinux1_x86_64.whl"}, {"rfilename": "nvidia_cusolver_cu12-11.4.5.107-py3-none-manylinux1_x86_64.whl"}, {"rfilename": "nvidia_cusparse_cu12-12.1.0.106-py3-none-manylinux1_x86_64.whl"}, {"rfilename": "nvidia_nccl_cu12-2.19.3-py3-none-manylinux1_x86_64.whl"}, {"rfilename": "nvidia_nvjitlink_cu12-12.4.99-py3-none-manylinux2014_x86_64.whl"}, {"rfilename": "nvidia_nvtx_cu12-12.1.105-py3-none-manylinux1_x86_64.whl"}], "spaces": [], "createdAt": "2024-03-22T02:51:04.000Z", "inferenceStatus": "not-loaded"}