{"_id": "668d8b8ded63008dfabc54fd", "id": "r3gm/controlnet-union-sdxl-1.0-fp16", "modelId": "r3gm/controlnet-union-sdxl-1.0-fp16", "author": "r3gm", "sha": "ff41703c319f7094bc560c191f8526dfda5cd463", "lastModified": "2024-07-09T19:14:02.000Z", "private": false, "disabled": false, "gated": false, "tags": ["diffusers", "arxiv:1910.09700", "region:us"], "downloads": 23, "library_name": "diffusers", "likes": 1, "model-index": null, "config": {}, "cardData": {"library_name": "diffusers"}, "siblings": [{"rfilename": ".gitattributes"}, {"rfilename": "README.md"}, {"rfilename": "config.json"}, {"rfilename": "diffusion_pytorch_model.fp16.safetensors"}], "spaces": [], "createdAt": "2024-07-09T19:12:13.000Z", "inferenceStatus": "not-loaded"}