{"_id": "64f08fa928b8e83b4d33a3b4", "id": "r3gm/sonitranslate_voice_models", "modelId": "r3gm/sonitranslate_voice_models", "author": "r3gm", "sha": "cbe63a1ea0a4eab00a983c54c4784c1bd9d084c8", "lastModified": "2023-08-31T13:10:37.000Z", "private": false, "disabled": false, "gated": false, "tags": ["license:mit", "region:us"], "downloads": 0, "likes": 1, "model-index": null, "cardData": {"license": "mit"}, "siblings": [{"rfilename": ".gitattributes"}, {"rfilename": "README.md"}, {"rfilename": "hubert_base.pt"}, {"rfilename": "rmvpe.pt"}], "spaces": ["r3gm/SoniTranslate_translate_audio_of_a_video_content", "aikitty/SoniTranslate_translate_audio_of_a_video_content-sandbox", "sub314xxl/SoniTranslate_translate_audio_of_a_video_content", "RO-Rtechs/Translate_Video_language", "RO-Rtechs/RTECHS_AIO_Lang_Translator", "test-rtechs/ALEPH_WEO-WEBETA", "lodstar/SoniTranslate", "vunhucuongit/SoniTranslate_translate_audio_of_a_video_content", "tob8008/SoniTranslate", "RO-Rtechs/Elohe_video-dubb_tool", "test-rtechs/soni_cloned", "sadegh-cdana1/SoniTranslate_translate_audio_of_a_video_content"], "createdAt": "2023-08-31T13:03:37.000Z", "inferenceStatus": "not-loaded"}