{"_id": "665f88be0b20bc167768a3f2", "id": "r3gm/control_v1p_sdxl_qrcode_monster_fp16", "modelId": "r3gm/control_v1p_sdxl_qrcode_monster_fp16", "author": "r3gm", "sha": "67ec3f55b8acb607ba099ea9e9631dc15e21528a", "lastModified": "2024-06-06T22:46:07.000Z", "private": false, "disabled": false, "gated": false, "pipeline_tag": "image-feature-extraction", "tags": ["diffusers", "controlnet", "stable-diffusion-xl", "stable-diffusion-xl-diffusers", "text-to-image", "image-feature-extraction", "license:openrail++", "region:us"], "downloads": 33, "library_name": "diffusers", "likes": 0, "model-index": null, "config": {}, "cardData": {"library_name": "diffusers", "pipeline_tag": "image-feature-extraction", "tags": ["controlnet", "stable-diffusion-xl", "stable-diffusion-xl-diffusers", "text-to-image", "diffusers"], "license": "openrail++"}, "siblings": [{"rfilename": ".gitattributes"}, {"rfilename": "README.md"}, {"rfilename": "config.json"}, {"rfilename": "diffusion_pytorch_model.fp16.safetensors"}], "spaces": [], "createdAt": "2024-06-04T21:35:58.000Z", "inferenceStatus": "not-loaded"}