{"_id": "66622c3ee04a7891bb7fa410", "id": "r3gm/controlnet-openpose-sdxl-1.0-fp16", "modelId": "r3gm/controlnet-openpose-sdxl-1.0-fp16", "author": "r3gm", "sha": "df49cc2c5b6bc27cd23abc1cde5d8d8eb4d1294b", "lastModified": "2024-06-06T23:01:21.000Z", "private": false, "disabled": false, "gated": false, "pipeline_tag": "image-feature-extraction", "tags": ["diffusers", "controlnet", "stable-diffusion-xl", "stable-diffusion-xl-diffusers", "text-to-image", "image-feature-extraction", "license:apache-2.0", "region:us"], "downloads": 118, "library_name": "diffusers", "likes": 0, "model-index": null, "config": {}, "cardData": {"library_name": "diffusers", "pipeline_tag": "image-feature-extraction", "tags": ["controlnet", "stable-diffusion-xl", "stable-diffusion-xl-diffusers", "text-to-image", "diffusers"], "license": "apache-2.0"}, "siblings": [{"rfilename": ".gitattributes"}, {"rfilename": "README.md"}, {"rfilename": "config.json"}, {"rfilename": "diffusion_pytorch_model.fp16.safetensors"}], "spaces": [], "createdAt": "2024-06-06T21:38:06.000Z", "inferenceStatus": "not-loaded"}