{"_id": "65bd8e86d6d0ffbcebce602f", "id": "r3m3c3/english-to-kanji-c14500_model_3_v_0", "modelId": "r3m3c3/english-to-kanji-c14500_model_3_v_0", "author": "r3m3c3", "sha": "0b848df94903453b65b080676df4dd64020a24ea", "lastModified": "2024-02-03T00:54:49.000Z", "private": false, "disabled": false, "gated": false, "pipeline_tag": "text-to-image", "tags": ["diffusers", "safetensors", "arxiv:1910.09700", "autotrain_compatible", "endpoints_compatible", "diffusers:StableDiffusionPipeline", "region:us"], "downloads": 0, "library_name": "diffusers", "likes": 0, "model-index": null, "config": {"diffusers": {"_class_name": "StableDiffusionPipeline"}}, "cardData": {"library_name": "diffusers"}, "siblings": [{"rfilename": ".gitattributes"}, {"rfilename": "README.md"}, {"rfilename": "feature_extractor/preprocessor_config.json"}, {"rfilename": "model_index.json"}, {"rfilename": "safety_checker/config.json"}, {"rfilename": "safety_checker/model.safetensors"}, {"rfilename": "scheduler/scheduler_config.json"}, {"rfilename": "text_encoder/config.json"}, {"rfilename": "text_encoder/model.safetensors"}, {"rfilename": "tokenizer/merges.txt"}, {"rfilename": "tokenizer/special_tokens_map.json"}, {"rfilename": "tokenizer/tokenizer_config.json"}, {"rfilename": "tokenizer/vocab.json"}, {"rfilename": "unet/config.json"}, {"rfilename": "unet/diffusion_pytorch_model.safetensors"}, {"rfilename": "vae/config.json"}, {"rfilename": "vae/diffusion_pytorch_model.safetensors"}], "spaces": [], "createdAt": "2024-02-03T00:53:26.000Z", "inferenceStatus": "not-loaded"}