{"_id": "65d89238dc33c35537478041", "id": "r3v1/latxa-7b-v1-GGUF", "modelId": "r3v1/latxa-7b-v1-GGUF", "author": "r3v1", "sha": "f53a6de46a8da07b118937a6e7e105ad8f08ec0a", "lastModified": "2024-02-23T13:14:36.000Z", "private": false, "disabled": false, "gated": false, "tags": ["gguf", "region:us"], "downloads": 51, "likes": 0, "siblings": [{"rfilename": ".gitattributes"}, {"rfilename": "latxa-7b-v1-f16.gguf"}, {"rfilename": "latxa-7b-v1-q2_K.gguf"}, {"rfilename": "latxa-7b-v1-q4_K_M.gguf"}], "spaces": [], "createdAt": "2024-02-23T12:40:24.000Z", "inferenceStatus": "not-loaded"}