{"_id": "66364b53c803da77fceca418", "id": "R3V4N/EmperorAi", "modelId": "R3V4N/EmperorAi", "author": "R3V4N", "sha": "d7a8117df8f23e89bcbe97fbeda994b9ccf16ca2", "lastModified": "2024-05-04T14:50:59.000Z", "private": false, "disabled": false, "gated": false, "tags": ["license:apache-2.0", "region:us"], "downloads": 0, "likes": 0, "model-index": null, "cardData": {"license": "apache-2.0"}, "siblings": [{"rfilename": ".gitattributes"}, {"rfilename": "README.md"}], "spaces": [], "createdAt": "2024-05-04T14:50:59.000Z", "inferenceStatus": "not-loaded"}