{"_id": "647675536f0553f1b4f8bf43", "id": "R3X20/testxdd", "modelId": "R3X20/testxdd", "author": "R3X20", "sha": "64bf115f917cb9b05d8ead9a4284ba51d1915329", "lastModified": "2023-05-30T22:15:17.000Z", "private": false, "disabled": false, "gated": false, "tags": ["region:us"], "downloads": 0, "likes": 0, "siblings": [{"rfilename": ".gitattributes"}, {"rfilename": "testxdd/Lycanroc-01.safetensors"}, {"rfilename": "testxdd/Lycanroc-02.safetensors"}, {"rfilename": "testxdd/Lycanroc-03.safetensors"}, {"rfilename": "testxdd/Lycanroc-04.safetensors"}, {"rfilename": "testxdd/Lycanroc-05.safetensors"}, {"rfilename": "testxdd/Lycanroc-06.safetensors"}, {"rfilename": "testxdd/Lycanroc-07.safetensors"}, {"rfilename": "testxdd/Lycanroc-08.safetensors"}, {"rfilename": "testxdd/Lycanroc-09.safetensors"}, {"rfilename": "testxdd/Lycanroc-10.safetensors"}, {"rfilename": "testxdd/Lycanroc-11.safetensors"}, {"rfilename": "testxdd/Lycanroc-12.safetensors"}, {"rfilename": "testxdd/Lycanroc-13.safetensors"}, {"rfilename": "testxdd/Lycanroc-14.safetensors"}, {"rfilename": "testxdd/Lycanroc-15.safetensors"}, {"rfilename": "testxdd/Lycanroc-16.safetensors"}, {"rfilename": "testxdd/Lycanroc-17.safetensors"}, {"rfilename": "testxdd/Lycanroc-18.safetensors"}, {"rfilename": "testxdd/Lycanroc-19.safetensors"}, {"rfilename": "testxdd/Lycanroc-20.safetensors"}], "spaces": [], "createdAt": "2023-05-30T22:14:43.000Z", "inferenceStatus": "not-loaded"}