{"_id": "654fb09752c59e60d58ef62d", "id": "R44FAE3L/JOELMAVOZFALADAAI", "modelId": "R44FAE3L/JOELMAVOZFALADAAI", "author": "R44FAE3L", "sha": "c81c9ff205809af030e89c2fd71f801346f22c9e", "lastModified": "2023-11-11T16:51:56.000Z", "private": false, "disabled": false, "gated": false, "tags": ["region:us"], "downloads": 0, "likes": 0, "siblings": [{"rfilename": ".gitattributes"}, {"rfilename": "JOELMAVOZFALADAAI.zip"}], "spaces": [], "createdAt": "2023-11-11T16:49:27.000Z", "inferenceStatus": "not-loaded"}