{"_id": "64e14260f025db94265d43e8", "id": "R4D3z/OrhanTheMusi", "modelId": "R4D3z/OrhanTheMusi", "author": "R4D3z", "sha": "af229010529f1b7b7d7299cd4014c4a486fc9ec0", "lastModified": "2023-08-19T22:32:17.000Z", "private": false, "disabled": false, "gated": false, "tags": ["license:openrail", "region:us"], "downloads": 0, "likes": 0, "model-index": null, "cardData": {"license": "openrail"}, "siblings": [{"rfilename": ".gitattributes"}, {"rfilename": "OrhanTheMusician Model.zip"}, {"rfilename": "README.md"}], "spaces": [], "createdAt": "2023-08-19T22:29:52.000Z", "inferenceStatus": "not-loaded"}