{"_id": "6479f0913a17d5e00ad03fbd", "id": "r4f705/qlearning-taxi-v3", "modelId": "r4f705/qlearning-taxi-v3", "author": "r4f705", "sha": "915f1df776670da21cb35cc5f958edbc61df18f7", "lastModified": "2023-06-02T13:37:23.000Z", "private": false, "disabled": false, "gated": false, "pipeline_tag": "reinforcement-learning", "tags": ["Taxi-v3", "q-learning", "reinforcement-learning", "custom-implementation", "model-index", "region:us"], "downloads": 0, "likes": 0, "model-index": [{"name": "qlearning-taxi-v3", "results": [{"task": {"type": "reinforcement-learning", "name": "reinforcement-learning"}, "dataset": {"name": "Taxi-v3", "type": "Taxi-v3"}, "metrics": [{"type": "mean_reward", "value": "7.50 +/- 2.67", "name": "mean_reward", "verified": false}]}]}], "cardData": {"tags": ["Taxi-v3", "q-learning", "reinforcement-learning", "custom-implementation"], "model-index": [{"name": "qlearning-taxi-v3", "results": [{"task": {"type": "reinforcement-learning", "name": "reinforcement-learning"}, "dataset": {"name": "Taxi-v3", "type": "Taxi-v3"}, "metrics": [{"type": "mean_reward", "value": "7.50 +/- 2.67", "name": "mean_reward", "verified": false}]}]}]}, "siblings": [{"rfilename": ".gitattributes"}, {"rfilename": "README.md"}, {"rfilename": "q-learning.pkl"}, {"rfilename": "replay.mp4"}, {"rfilename": "results.json"}], "spaces": [], "createdAt": "2023-06-02T13:37:21.000Z", "inferenceStatus": "not-loaded"}