{"_id": "65e62d322046f83ef4d0033b", "id": "r4ul1n0/deep_learning_study_repo", "modelId": "r4ul1n0/deep_learning_study_repo", "author": "r4ul1n0", "sha": "81ed2fba66c4154b6a2f4ca9585d08b8cab96d46", "lastModified": "2024-03-04T22:12:51.000Z", "private": false, "disabled": false, "gated": false, "tags": ["region:us"], "downloads": 0, "likes": 0, "siblings": [{"rfilename": ".gitattributes"}, {"rfilename": "README.md"}, {"rfilename": "app.py"}], "spaces": [], "createdAt": "2024-03-04T20:21:06.000Z", "inferenceStatus": "not-loaded"}