{"_id": "661665ef509f9e084f6d33be", "id": "r4victor/gemma-7b-sft-qlora-no-robots", "modelId": "r4victor/gemma-7b-sft-qlora-no-robots", "author": "r4victor", "sha": "2e39c8c393075230dc1ad3a61c253301eaeea08c", "lastModified": "2024-04-10T10:12:55.000Z", "private": false, "disabled": false, "gated": false, "tags": ["peft", "tensorboard", "safetensors", "gemma", "alignment-handbook", "trl", "sft", "generated_from_trainer", "dataset:sayakpaul/no_robots_only_coding", "base_model:google/gemma-7b", "license:gemma", "4-bit", "bitsandbytes", "region:us"], "downloads": 0, "library_name": "peft", "likes": 0, "model-index": [{"name": "gemma-7b-sft-qlora-no-robots", "results": []}], "config": {"architectures": ["GemmaForCausalLM"], "model_type": "gemma", "quantization_config": {"load_in_4bit": true, "load_in_8bit": false, "quant_method": "bitsandbytes"}, "tokenizer_config": {"bos_token": "<bos>", "chat_template": "{% if messages[0]['role'] == 'user' or messages[0]['role'] == 'system' %}{{ bos_token }}{% endif %}{% for message in messages %}{{ '<|im_start|>' + message['role'] + '\n' + message['content'] + '<|im_end|>' + '\n' }}{% endfor %}{% if add_generation_prompt %}{{ '<|im_start|>assistant\n' }}{% elif messages[-1]['role'] == 'assistant' %}{{ eos_token }}{% endif %}", "eos_token": "<eos>", "pad_token": "<pad>", "unk_token": "<unk>", "use_default_system_prompt": false}, "peft": {"base_model_name_or_path": "google/gemma-7b", "task_type": "CAUSAL_LM"}}, "cardData": {"license": "gemma", "library_name": "peft", "tags": ["alignment-handbook", "trl", "sft", "generated_from_trainer"], "base_model": "google/gemma-7b", "datasets": ["sayakpaul/no_robots_only_coding"], "model-index": [{"name": "gemma-7b-sft-qlora-no-robots", "results": []}]}, "siblings": [{"rfilename": ".gitattributes"}, {"rfilename": "README.md"}, {"rfilename": "adapter_config.json"}, {"rfilename": "adapter_model.safetensors"}, {"rfilename": "all_results.json"}, {"rfilename": "config.json"}, {"rfilename": "eval_results.json"}, {"rfilename": "runs/Apr10_06-09-49_main-tall-pug-1-0-0/events.out.tfevents.1712743919.main-tall-pug-1-0-0.459.0"}, {"rfilename": "runs/Apr10_06-09-49_main-tall-pug-1-0-0/events.out.tfevents.1712743973.main-tall-pug-1-0-0.459.1"}, {"rfilename": "special_tokens_map.json"}, {"rfilename": "tokenizer.json"}, {"rfilename": "tokenizer_config.json"}, {"rfilename": "train_results.json"}, {"rfilename": "trainer_state.json"}, {"rfilename": "training_args.bin"}], "spaces": [], "createdAt": "2024-04-10T10:11:59.000Z", "inferenceStatus": "not-loaded"}