{"_id": "640c50b6d94b562603539c04", "id": "r4wlie/myown", "modelId": "r4wlie/myown", "author": "r4wlie", "sha": "6ae2ba076d25f8504b5d4576994368b80d7dc637", "lastModified": "2023-03-11T10:12:00.000Z", "private": false, "disabled": false, "gated": false, "tags": ["region:us"], "downloads": 0, "likes": 0, "siblings": [{"rfilename": ".gitattributes"}, {"rfilename": "2023-01-20T06-26-32_project_name_92_training_images_9292_max_training_steps_CarlFredrik_token_man_class_word.ckpt"}], "spaces": [], "createdAt": "2023-03-11T09:58:14.000Z", "inferenceStatus": "not-loaded"}