{"_id": "6405a3e36fbed3594de23fe4", "id": "r4wlie/protogen_blondie", "modelId": "r4wlie/protogen_blondie", "author": "r4wlie", "sha": "49f42f9d9b5ddbb6bae9517029877f861d6a40e5", "lastModified": "2023-03-06T09:10:27.000Z", "private": false, "disabled": false, "gated": false, "tags": ["region:us"], "downloads": 0, "likes": 0, "siblings": [{"rfilename": ".gitattributes"}, {"rfilename": "madeleine_20_protogen53_02.ckpt"}], "spaces": [], "createdAt": "2023-03-06T08:27:15.000Z", "inferenceStatus": "not-loaded"}