{"_id": "63a2819c931d2c13ad8ab917", "id": "r4ziel/xformers_pre_built", "modelId": "r4ziel/xformers_pre_built", "author": "r4ziel", "sha": "22505e3edeead471f3801ff2c3d478ffa51be755", "lastModified": "2023-02-24T19:04:30.000Z", "private": false, "disabled": false, "gated": false, "tags": ["region:us"], "downloads": 0, "likes": 69, "siblings": [{"rfilename": ".gitattributes"}, {"rfilename": "triton-2.0.0-cp310-cp310-win_amd64.whl"}, {"rfilename": "xformers-0.0.14.dev0-cp38-cp38-linux_x86_64_t4.whl"}, {"rfilename": "xformers-0.0.17.dev464-cp310-cp310-manylinux2014_x86_64.whl"}, {"rfilename": "xformers-0.0.17.dev464-cp310-cp310-win_amd64.whl"}], "spaces": [], "createdAt": "2022-12-21T03:46:36.000Z", "inferenceStatus": "not-loaded"}