{"_id": "640bbea21286278271cbda81", "id": "r4zzchaudhary/tathyanka-nlq-final", "modelId": "r4zzchaudhary/tathyanka-nlq-final", "author": "r4zzchaudhary", "sha": "554a21a7fedd3e566e06d0e4c84e10032b7ec44a", "lastModified": "2023-03-11T04:48:52.000Z", "private": false, "disabled": false, "gated": false, "pipeline_tag": "text2text-generation", "tags": ["transformers", "pytorch", "tensorboard", "t5", "text2text-generation", "generated_from_trainer", "license:apache-2.0", "autotrain_compatible", "text-generation-inference", "endpoints_compatible", "region:us"], "downloads": 0, "library_name": "transformers", "likes": 0, "model-index": [{"name": "tathyanka-nlq-final", "results": []}], "config": {"architectures": ["T5ForConditionalGeneration"], "model_type": "t5", "tokenizer_config": {"eos_token": "</s>", "pad_token": "<pad>", "unk_token": "<unk>"}}, "cardData": {"license": "apache-2.0", "tags": ["generated_from_trainer"], "model-index": [{"name": "tathyanka-nlq-final", "results": []}]}, "transformersInfo": {"auto_model": "AutoModelForSeq2SeqLM", "pipeline_tag": "text2text-generation", "processor": "AutoTokenizer"}, "siblings": [{"rfilename": ".gitattributes"}, {"rfilename": ".gitignore"}, {"rfilename": "README.md"}, {"rfilename": "config.json"}, {"rfilename": "generation_config.json"}, {"rfilename": "pytorch_model.bin"}, {"rfilename": "runs/Mar10_23-34-48_4f69b251832f/1678492012.6887171/events.out.tfevents.1678492012.4f69b251832f.131.1"}, {"rfilename": "runs/Mar10_23-34-48_4f69b251832f/events.out.tfevents.1678492007.4f69b251832f.131.0"}, {"rfilename": "special_tokens_map.json"}, {"rfilename": "tokenizer.json"}, {"rfilename": "tokenizer_config.json"}, {"rfilename": "training_args.bin"}], "spaces": [], "createdAt": "2023-03-10T23:34:58.000Z", "inferenceStatus": "not-loaded"}