{"_id": "65cb02293431b27016960549", "id": "R7-012/wip", "modelId": "R7-012/wip", "author": "R7-012", "sha": "58ded972e62932008a2ab0fcbb9a7e118f6a57ec", "lastModified": "2024-02-13T05:49:21.000Z", "private": false, "disabled": false, "gated": false, "tags": ["region:us"], "downloads": 0, "likes": 0, "siblings": [{"rfilename": ".gitattributes"}, {"rfilename": "3d-step00003000(2).safetensors"}, {"rfilename": "3d-step00003500.safetensors"}], "spaces": [], "createdAt": "2024-02-13T05:46:17.000Z", "inferenceStatus": "not-loaded"}