{"_id": "64f35e3673c9ff2d39f5f9f4", "id": "R7-012/dump", "modelId": "R7-012/dump", "author": "R7-012", "sha": "aaf88f6116e0c5cd98ee3b62581cb5f105474a95", "lastModified": "2023-11-07T01:57:54.000Z", "private": false, "disabled": false, "gated": false, "tags": ["region:us"], "downloads": 0, "likes": 2, "siblings": [{"rfilename": ".gitattributes"}, {"rfilename": "agm-17_896xV1.safetensors"}, {"rfilename": "artist-snowcanvas-fr.safetensors"}, {"rfilename": "artist-typh-fr.safetensors"}, {"rfilename": "asanagi-08.safetensors"}, {"rfilename": "ayumasayu-14.safetensors"}, {"rfilename": "chuzenji-26-768.safetensors"}, {"rfilename": "fizintine-17-512.safetensors"}, {"rfilename": "huanxiangheitu-20-512.safetensors"}, {"rfilename": "jellytits7-13.safetensors"}, {"rfilename": "joujimujoh-26.safetensors"}, {"rfilename": "kasedaiki.safetensors"}, {"rfilename": "kayamarim-17.safetensors"}, {"rfilename": "nakamuraregura-19.safetensors"}, {"rfilename": "ninoko-21.safetensors"}, {"rfilename": "ramdayo-20.safetensors"}, {"rfilename": "rkrk12-20.safetensors"}, {"rfilename": "sayikaV2.safetensors"}, {"rfilename": "sayori.safetensors"}, {"rfilename": "shaggysusu-16.safetensors"}, {"rfilename": "steamingtofu-09.safetensors"}, {"rfilename": "typh.safetensors"}, {"rfilename": "usaginagomu-25_896.safetensors"}, {"rfilename": "vaneALL-14.safetensors"}, {"rfilename": "vaneEARLY-15.safetensors"}, {"rfilename": "wakabasprout.safetensors"}, {"rfilename": "yukiusagi-16-896.safetensors"}], "spaces": [], "createdAt": "2023-09-02T16:09:26.000Z", "inferenceStatus": "not-loaded"}