{"_id": "6534de607139c5dd8d9227a4", "id": "R7x/007", "modelId": "R7x/007", "author": "R7x", "sha": "47323aa3caf2e5c32814c48abac177677ecbf3df", "lastModified": "2024-06-20T13:17:26.000Z", "private": false, "disabled": false, "gated": false, "tags": ["region:us"], "downloads": 0, "likes": 0, "siblings": [{"rfilename": ".gitattributes"}, {"rfilename": "Amelia_Andani_-_Indonesia_Celebgram.safetensors"}, {"rfilename": "Chinnu_V1.0.safetensors"}, {"rfilename": "HIJAB-EGY-000008.safetensors"}, {"rfilename": "Indonesian High School Uniform.safetensors"}, {"rfilename": "JapaneseDollLikeness_v15.safetensors"}, {"rfilename": "MS_Real_POV_Blowjob.safetensors"}, {"rfilename": "Malay_hijab.safetensors"}, {"rfilename": "MultipleGirlsGroup.safetensors"}, {"rfilename": "Niena.safetensors"}, {"rfilename": "OversizedClothes_FefaAIart.safetensors"}, {"rfilename": "PNS.safetensors"}, {"rfilename": "PerfectFullBreasts-fCV3.5.safetensors"}, {"rfilename": "PovSpitroastBJ-v3.safetensors"}, {"rfilename": "RussianDollV3.safetensors"}, {"rfilename": "Sport_Jilbab_2.safetensors"}, {"rfilename": "Taiwan-doll-likeness.safetensors"}, {"rfilename": "ThaiDollLikeness_v10.safetensors"}, {"rfilename": "Thai_Sarong.safetensors"}, {"rfilename": "Titfuck_Realistic.safetensors"}, {"rfilename": "blindbox_v1_mix.safetensors"}, {"rfilename": "breastsizeslideroffset.safetensors"}, {"rfilename": "epiCRealismHelper.safetensors"}, {"rfilename": "epi_noiseoffset2.safetensors"}, {"rfilename": "fishnet-10.safetensors"}, {"rfilename": "h_hijaberV2.safetensors"}, {"rfilename": "h_pashmina_V2.safetensors"}, {"rfilename": "innievag.safetensors"}, {"rfilename": "irene_v70.safetensors"}, {"rfilename": "koreanDollLikeness.safetensors"}, {"rfilename": "logo_v1-000012.safetensors"}, {"rfilename": "more_details.safetensors"}, {"rfilename": "natris-000002.safetensors"}, {"rfilename": "natris-000004.safetensors"}, {"rfilename": "natris-000006.safetensors"}, {"rfilename": "natris-000008.safetensors"}, {"rfilename": "natris.safetensors"}, {"rfilename": "oklinfia_v2.safetensors"}, {"rfilename": "polyhedron_new_skin_v1.1.safetensors"}, {"rfilename": "romanian_folklore_clothing_v1.safetensors"}, {"rfilename": "see-through leotard-000004.safetensors"}, {"rfilename": "see-through leotard.safetensors"}, {"rfilename": "shirtliftv1.safetensors"}, {"rfilename": "shojovibe_v11.safetensors"}, {"rfilename": "taiwanDollLikeness_v20.safetensors"}, {"rfilename": "th1nsh1rtng.safetensors"}, {"rfilename": "urbansamurai_v0.3.safetensors"}], "spaces": [], "createdAt": "2023-10-22T08:33:36.000Z", "inferenceStatus": "not-loaded"}