{"_id": "66542faa07cc2255ead467b6", "id": "R7x/nimea", "modelId": "R7x/nimea", "author": "R7x", "sha": "8ff15e4cf6d1223ef8b135fe35e0238bc1f6f3c6", "lastModified": "2024-05-29T02:52:28.000Z", "private": false, "disabled": false, "gated": false, "tags": ["region:us"], "downloads": 0, "likes": 0, "siblings": [{"rfilename": ".gitattributes"}, {"rfilename": "Hijab with mask veil.safetensors"}, {"rfilename": "boa_hancock_v1.safetensors"}, {"rfilename": "cowgirl_with_hands_on_knees_v1.0.safetensors"}], "spaces": [], "createdAt": "2024-05-27T07:00:58.000Z", "inferenceStatus": "not-loaded"}