{"_id": "65582834efc0fb7bed5f843b", "id": "R7x/Workflow", "modelId": "R7x/Workflow", "author": "R7x", "sha": "8fcea81c7ea2ee8d12e2f90894f138abc25f1932", "lastModified": "2023-11-20T01:25:41.000Z", "private": false, "disabled": false, "gated": false, "tags": ["region:us"], "downloads": 0, "likes": 0, "siblings": [{"rfilename": ".gitattributes"}, {"rfilename": "Baju_Kurung_Sekolah.safetensors"}, {"rfilename": "EkuneCowgirl.safetensors"}, {"rfilename": "Indonesian High School Uniform.safetensors"}, {"rfilename": "hijab (1).safetensors"}, {"rfilename": "hijab.safetensors"}, {"rfilename": "msu3-000008.safetensors"}, {"rfilename": "pov_cowgirl.v1.0.safetensors"}], "spaces": [], "createdAt": "2023-11-18T02:57:56.000Z", "inferenceStatus": "not-loaded"}