{"_id": "658da331f20bbae4b7938da9", "id": "Ra-Deck/Sonia", "modelId": "Ra-Deck/Sonia", "author": "Ra-Deck", "sha": "7ce51a9791e61240d9678fc7821ad67cf98c053a", "lastModified": "2023-12-28T16:32:49.000Z", "private": false, "disabled": false, "gated": false, "tags": ["license:apache-2.0", "region:us"], "downloads": 0, "likes": 0, "model-index": null, "cardData": {"license": "apache-2.0"}, "siblings": [{"rfilename": ".gitattributes"}, {"rfilename": "README.md"}], "spaces": [], "createdAt": "2023-12-28T16:32:49.000Z", "inferenceStatus": "not-loaded"}