{"_id": "6540ee9099994de29b7fe0dd", "id": "ra100/sdxl-lora-lower-decks-ships", "modelId": "ra100/sdxl-lora-lower-decks-ships", "author": "ra100", "sha": "3abfe3da9d45b512c006e6359d687f7a4349d6bc", "lastModified": "2023-10-31T18:12:41.000Z", "private": false, "disabled": false, "gated": false, "pipeline_tag": "text-to-image", "tags": ["diffusers", "stable-diffusion-xl", "stable-diffusion-xl-diffusers", "text-to-image", "lora", "base_model:stabilityai/stable-diffusion-xl-base-1.0", "license:creativeml-openrail-m", "region:us"], "downloads": 21, "library_name": "diffusers", "likes": 1, "model-index": null, "cardData": {"license": "creativeml-openrail-m", "base_model": "stabilityai/stable-diffusion-xl-base-1.0", "dataset": "None", "tags": ["stable-diffusion-xl", "stable-diffusion-xl-diffusers", "text-to-image", "diffusers", "lora"], "inference": true}, "siblings": [{"rfilename": ".gitattributes"}, {"rfilename": "README.md"}, {"rfilename": "checkpoint-2500/optimizer.bin"}, {"rfilename": "checkpoint-2500/pytorch_lora_weights.safetensors"}, {"rfilename": "checkpoint-2500/random_states_0.pkl"}, {"rfilename": "checkpoint-2500/scaler.pt"}, {"rfilename": "checkpoint-2500/scheduler.bin"}, {"rfilename": "checkpoint-3000/optimizer.bin"}, {"rfilename": "checkpoint-3000/pytorch_lora_weights.safetensors"}, {"rfilename": "checkpoint-3000/random_states_0.pkl"}, {"rfilename": "checkpoint-3000/scaler.pt"}, {"rfilename": "checkpoint-3000/scheduler.bin"}, {"rfilename": "checkpoint-3500/optimizer.bin"}, {"rfilename": "checkpoint-3500/pytorch_lora_weights.safetensors"}, {"rfilename": "checkpoint-3500/random_states_0.pkl"}, {"rfilename": "checkpoint-3500/scaler.pt"}, {"rfilename": "checkpoint-3500/scheduler.bin"}, {"rfilename": "checkpoint-4000/optimizer.bin"}, {"rfilename": "checkpoint-4000/pytorch_lora_weights.safetensors"}, {"rfilename": "checkpoint-4000/random_states_0.pkl"}, {"rfilename": "checkpoint-4000/scaler.pt"}, {"rfilename": "checkpoint-4000/scheduler.bin"}, {"rfilename": "checkpoint-4500/optimizer.bin"}, {"rfilename": "checkpoint-4500/pytorch_lora_weights.safetensors"}, {"rfilename": "checkpoint-4500/random_states_0.pkl"}, {"rfilename": "checkpoint-4500/scaler.pt"}, {"rfilename": "checkpoint-4500/scheduler.bin"}, {"rfilename": "image_0.png"}, {"rfilename": "image_1.png"}, {"rfilename": "image_2.png"}, {"rfilename": "image_3.png"}, {"rfilename": "pytorch_lora_weights.safetensors"}], "spaces": ["allknowingroger/Image-Models-Test119"], "createdAt": "2023-10-31T12:09:52.000Z", "inferenceStatus": "not-loaded"}