{"_id": "64903b14cf6199da380890ab", "id": "ra1111/pdfupload", "modelId": "ra1111/pdfupload", "author": "ra1111", "sha": "2f796b5ec6e66d0b419c00f41a6604922d3595ca", "lastModified": "2023-06-19T11:26:09.000Z", "private": false, "disabled": false, "gated": false, "tags": ["region:us"], "downloads": 0, "likes": 0, "siblings": [{"rfilename": ".gitattributes"}, {"rfilename": "PdfReader.ipynb"}, {"rfilename": "Procfile.txt"}, {"rfilename": "requirements.txt"}, {"rfilename": "sample.pdf"}], "spaces": [], "createdAt": "2023-06-19T11:25:08.000Z", "inferenceStatus": "not-loaded"}