{"_id": "65d3793b138129df5880c8fc", "id": "ra1/swin-tiny-patch4-window7-224-finetuned-eurosat", "modelId": "ra1/swin-tiny-patch4-window7-224-finetuned-eurosat", "author": "ra1", "sha": "1e81366112427d6b96ab7b37d301927ff17db679", "lastModified": "2024-02-19T16:11:25.000Z", "private": false, "disabled": false, "gated": false, "pipeline_tag": "image-classification", "tags": ["transformers", "tensorboard", "safetensors", "swin", "image-classification", "generated_from_trainer", "base_model:microsoft/swin-tiny-patch4-window7-224", "license:apache-2.0", "autotrain_compatible", "endpoints_compatible", "region:us"], "downloads": 0, "library_name": "transformers", "likes": 0, "model-index": [{"name": "swin-tiny-patch4-window7-224-finetuned-eurosat", "results": []}], "config": {"architectures": ["SwinForImageClassification"], "model_type": "swin"}, "cardData": {"license": "apache-2.0", "base_model": "microsoft/swin-tiny-patch4-window7-224", "tags": ["generated_from_trainer"], "metrics": ["accuracy"], "model-index": [{"name": "swin-tiny-patch4-window7-224-finetuned-eurosat", "results": []}]}, "transformersInfo": {"auto_model": "AutoModelForImageClassification", "pipeline_tag": "image-classification", "processor": "AutoImageProcessor"}, "siblings": [{"rfilename": ".gitattributes"}, {"rfilename": "README.md"}, {"rfilename": "config.json"}, {"rfilename": "model.safetensors"}, {"rfilename": "preprocessor_config.json"}, {"rfilename": "runs/Feb19_15-52-16_541bb1bd4246/events.out.tfevents.1708357953.541bb1bd4246.392.0"}, {"rfilename": "training_args.bin"}], "spaces": [], "createdAt": "2024-02-19T15:52:27.000Z", "safetensors": {"parameters": {"I64": 28812, "F32": 27527044}, "total": 27555856}, "inferenceStatus": "not-loaded"}