{"_id": "6228c848f83ec595d158f2fe", "id": "ra1/t5-small-finetuned-xsum", "modelId": "ra1/t5-small-finetuned-xsum", "author": "ra1", "sha": "69b0e4d1fb6b06af0da5040eda954b0175f645d6", "lastModified": "2023-03-22T11:58:41.000Z", "private": false, "disabled": false, "gated": false, "pipeline_tag": "text2text-generation", "tags": ["transformers", "pytorch", "tensorboard", "t5", "text2text-generation", "autotrain_compatible", "text-generation-inference", "endpoints_compatible", "region:us"], "downloads": 1, "library_name": "transformers", "likes": 0, "config": {"architectures": ["T5ForConditionalGeneration"], "model_type": "t5", "tokenizer_config": {"eos_token": "</s>", "pad_token": "<pad>", "unk_token": "<unk>"}}, "transformersInfo": {"auto_model": "AutoModelForSeq2SeqLM", "pipeline_tag": "text2text-generation", "processor": "AutoTokenizer"}, "siblings": [{"rfilename": ".gitattributes"}, {"rfilename": ".gitignore"}, {"rfilename": "config.json"}, {"rfilename": "pytorch_model.bin"}, {"rfilename": "runs/Mar22_11-36-51_f5967f4c7538/1679485085.8185782/events.out.tfevents.1679485085.f5967f4c7538.783.1"}, {"rfilename": "runs/Mar22_11-36-51_f5967f4c7538/events.out.tfevents.1679485085.f5967f4c7538.783.0"}, {"rfilename": "special_tokens_map.json"}, {"rfilename": "tokenizer.json"}, {"rfilename": "tokenizer_config.json"}, {"rfilename": "training_args.bin"}], "spaces": [], "createdAt": "2022-03-09T15:31:20.000Z", "inferenceStatus": "not-loaded"}