{"_id": "62a8984497021e3c39314c3c", "id": "Ra1neonHuggingFace/Pass_Gen", "modelId": "Ra1neonHuggingFace/Pass_Gen", "author": "Ra1neonHuggingFace", "sha": "8212522591815f3bda051291e6950d315fa4f181", "lastModified": "2022-06-14T14:16:52.000Z", "private": false, "disabled": false, "gated": false, "tags": ["region:us"], "downloads": 0, "likes": 0, "siblings": [{"rfilename": ".gitattributes"}, {"rfilename": "README.md"}], "spaces": [], "createdAt": "2022-06-14T14:16:36.000Z", "inferenceStatus": "not-loaded"}