{"_id": "64706f7e9fe78d69a8ac526c", "id": "ra312/my_awesome_model", "modelId": "ra312/my_awesome_model", "author": "ra312", "sha": "ee6db988d7b6623732bca3b4a00956bc6e3282a0", "lastModified": "2023-05-29T13:14:50.000Z", "private": false, "disabled": false, "gated": false, "pipeline_tag": "text-classification", "tags": ["transformers", "pytorch", "tensorboard", "distilbert", "text-classification", "generated_from_trainer", "dataset:imdb", "license:apache-2.0", "autotrain_compatible", "endpoints_compatible", "region:us"], "downloads": 2, "library_name": "transformers", "mask_token": "[MASK]", "widgetData": [{"text": "I like you. I love you"}], "likes": 0, "model-index": [{"name": "my_awesome_model", "results": []}], "config": {"architectures": ["DistilBertForSequenceClassification"], "model_type": "distilbert", "tokenizer_config": {"cls_token": "[CLS]", "mask_token": "[MASK]", "pad_token": "[PAD]", "sep_token": "[SEP]", "unk_token": "[UNK]"}}, "cardData": {"license": "apache-2.0", "tags": ["generated_from_trainer"], "datasets": ["imdb"], "model-index": [{"name": "my_awesome_model", "results": []}]}, "transformersInfo": {"auto_model": "AutoModelForSequenceClassification", "pipeline_tag": "text-classification", "processor": "AutoTokenizer"}, "siblings": [{"rfilename": ".gitattributes"}, {"rfilename": ".gitignore"}, {"rfilename": "README.md"}, {"rfilename": "config.json"}, {"rfilename": "pytorch_model.bin"}, {"rfilename": "runs/May26_08-41-45_python-20230520-152134/1685090509.9607322/events.out.tfevents.1685090509.python-20230520-152134"}, {"rfilename": "runs/May26_08-41-45_python-20230520-152134/events.out.tfevents.1685090509.python-20230520-152134"}, {"rfilename": "runs/May26_08-47-34_python-20230520-152134/1685090857.0259402/events.out.tfevents.1685090857.python-20230520-152134"}, {"rfilename": "runs/May26_08-47-34_python-20230520-152134/events.out.tfevents.1685090857.python-20230520-152134"}, {"rfilename": "runs/May26_09-03-47_python-20230520-152134/1685091827.0794373/events.out.tfevents.1685091827.python-20230520-152134"}, {"rfilename": "runs/May26_09-03-47_python-20230520-152134/events.out.tfevents.1685091827.python-20230520-152134"}, {"rfilename": "runs/May26_09-34-36_python-20230520-152134/1685093676.369541/events.out.tfevents.1685093676.python-20230520-152134"}, {"rfilename": "runs/May26_09-34-36_python-20230520-152134/events.out.tfevents.1685093676.python-20230520-152134"}, {"rfilename": "runs/May29_12-59-11_python-20230520-152134/1685365151.2501051/events.out.tfevents.1685365151.python-20230520-152134"}, {"rfilename": "runs/May29_12-59-11_python-20230520-152134/events.out.tfevents.1685365151.python-20230520-152134"}, {"rfilename": "runs/May29_13-05-35_python-20230520-152134/1685365535.764062/events.out.tfevents.1685365535.python-20230520-152134"}, {"rfilename": "runs/May29_13-05-35_python-20230520-152134/events.out.tfevents.1685365535.python-20230520-152134"}, {"rfilename": "runs/May29_13-08-10_python-20230520-152134/1685365691.0187235/events.out.tfevents.1685365691.python-20230520-152134"}, {"rfilename": "runs/May29_13-08-10_python-20230520-152134/events.out.tfevents.1685365691.python-20230520-152134"}, {"rfilename": "runs/May29_13-14-04_python-20230520-152134/1685366044.345294/events.out.tfevents.1685366044.python-20230520-152134"}, {"rfilename": "runs/May29_13-14-04_python-20230520-152134/events.out.tfevents.1685366044.python-20230520-152134"}, {"rfilename": "special_tokens_map.json"}, {"rfilename": "tokenizer.json"}, {"rfilename": "tokenizer_config.json"}, {"rfilename": "training_args.bin"}, {"rfilename": "vocab.txt"}], "spaces": [], "createdAt": "2023-05-26T08:36:14.000Z", "inferenceStatus": "not-loaded"}