{"_id": "6579e393a1ecf0c79c0ea21f", "id": "RA339/num_model", "modelId": "RA339/num_model", "author": "RA339", "sha": "d06b48f10f9740995658a6de6c0a113d6666e9eb", "lastModified": "2023-12-13T18:44:32.000Z", "private": false, "disabled": false, "gated": false, "tags": ["keras", "tf-keras", "dataset:mnist", "region:us"], "downloads": 7, "library_name": "keras", "likes": 0, "model-index": null, "cardData": {"datasets": ["mnist"], "metrics": ["accuracy"], "library_name": "keras"}, "siblings": [{"rfilename": ".gitattributes"}, {"rfilename": "README.md"}, {"rfilename": "fingerprint.pb"}, {"rfilename": "keras_metadata.pb"}, {"rfilename": "model.png"}, {"rfilename": "num_code_sourse"}, {"rfilename": "saved_model.pb"}, {"rfilename": "variables.data-00000-of-00001"}, {"rfilename": "variables.index"}], "spaces": [], "createdAt": "2023-12-13T17:02:11.000Z", "inferenceStatus": "not-loaded"}