{"_id": "6467bbb4e92e2372d5d31466", "id": "ra4wv2/flan-t5-large-qa", "modelId": "ra4wv2/flan-t5-large-qa", "author": "ra4wv2", "sha": "4f72a1cde43533fa0c7a57fe96a7c44e9d0d1187", "lastModified": "2023-05-19T19:04:52.000Z", "private": false, "disabled": false, "gated": false, "pipeline_tag": "text2text-generation", "tags": ["transformers", "pytorch", "tensorboard", "t5", "text2text-generation", "generated_from_trainer", "license:apache-2.0", "autotrain_compatible", "text-generation-inference", "endpoints_compatible", "region:us"], "downloads": 1, "library_name": "transformers", "likes": 0, "model-index": [{"name": "flan-t5-large-qa", "results": []}], "config": {"architectures": ["T5ForConditionalGeneration"], "model_type": "t5", "tokenizer_config": {"eos_token": "</s>", "pad_token": "<pad>", "unk_token": "<unk>"}}, "cardData": {"license": "apache-2.0", "tags": ["generated_from_trainer"], "metrics": ["rouge"], "model-index": [{"name": "flan-t5-large-qa", "results": []}]}, "transformersInfo": {"auto_model": "AutoModelForSeq2SeqLM", "pipeline_tag": "text2text-generation", "processor": "AutoTokenizer"}, "siblings": [{"rfilename": ".gitattributes"}, {"rfilename": ".gitignore"}, {"rfilename": "README.md"}, {"rfilename": "config.json"}, {"rfilename": "generation_config.json"}, {"rfilename": "logs/1684521719.0316641/events.out.tfevents.1684521719.81b00232b664.6469.1"}, {"rfilename": "logs/events.out.tfevents.1684521719.81b00232b664.6469.0"}, {"rfilename": "logs/events.out.tfevents.1684522980.81b00232b664.6469.2"}, {"rfilename": "pytorch_model.bin"}, {"rfilename": "special_tokens_map.json"}, {"rfilename": "tokenizer.json"}, {"rfilename": "tokenizer_config.json"}, {"rfilename": "training_args.bin"}], "spaces": [], "createdAt": "2023-05-19T18:11:00.000Z", "inferenceStatus": "not-loaded"}