{"_id": "664f7e915c0a304ee14db280", "id": "ra9hu/ppo-Huggy", "modelId": "ra9hu/ppo-Huggy", "author": "ra9hu", "sha": "7ad0d6fe7ed52dc51c4e3e60a7aae1df7e7519cb", "lastModified": "2024-05-23T17:37:04.000Z", "private": false, "disabled": false, "gated": false, "pipeline_tag": "reinforcement-learning", "tags": ["ml-agents", "tensorboard", "onnx", "Huggy", "deep-reinforcement-learning", "reinforcement-learning", "ML-Agents-Huggy", "region:us"], "downloads": 12, "library_name": "ml-agents", "likes": 0, "model-index": null, "config": {}, "cardData": {"library_name": "ml-agents", "tags": ["Huggy", "deep-reinforcement-learning", "reinforcement-learning", "ML-Agents-Huggy"]}, "siblings": [{"rfilename": ".gitattributes"}, {"rfilename": "Huggy.onnx"}, {"rfilename": "Huggy/Huggy-1199987.onnx"}, {"rfilename": "Huggy/Huggy-1199987.pt"}, {"rfilename": "Huggy/Huggy-1399987.onnx"}, {"rfilename": "Huggy/Huggy-1399987.pt"}, {"rfilename": "Huggy/Huggy-1599998.onnx"}, {"rfilename": "Huggy/Huggy-1599998.pt"}, {"rfilename": "Huggy/Huggy-1799939.onnx"}, {"rfilename": "Huggy/Huggy-1799939.pt"}, {"rfilename": "Huggy/Huggy-199720.onnx"}, {"rfilename": "Huggy/Huggy-199720.pt"}, {"rfilename": "Huggy/Huggy-1999993.onnx"}, {"rfilename": "Huggy/Huggy-1999993.pt"}, {"rfilename": "Huggy/Huggy-2000105.onnx"}, {"rfilename": "Huggy/Huggy-2000105.pt"}, {"rfilename": "Huggy/Huggy-399840.onnx"}, {"rfilename": "Huggy/Huggy-399840.pt"}, {"rfilename": "Huggy/Huggy-599926.onnx"}, {"rfilename": "Huggy/Huggy-599926.pt"}, {"rfilename": "Huggy/Huggy-799983.onnx"}, {"rfilename": "Huggy/Huggy-799983.pt"}, {"rfilename": "Huggy/Huggy-999917.onnx"}, {"rfilename": "Huggy/Huggy-999917.pt"}, {"rfilename": "Huggy/checkpoint.pt"}, {"rfilename": "Huggy/events.out.tfevents.1716484212.Raghu-Laptop.60746.0"}, {"rfilename": "README.md"}, {"rfilename": "config.json"}, {"rfilename": "configuration.yaml"}, {"rfilename": "run_logs/Player-0.log"}, {"rfilename": "run_logs/timers.json"}, {"rfilename": "run_logs/training_status.json"}], "spaces": [], "createdAt": "2024-05-23T17:36:17.000Z", "inferenceStatus": "not-loaded"}