{"_id": "666405583d0fa44d847dfbce", "id": "ra9hu/ppo-PyramidsRND", "modelId": "ra9hu/ppo-PyramidsRND", "author": "ra9hu", "sha": "d8703e6f8898c0a42f84c2539ec18a808b580e4a", "lastModified": "2024-06-08T07:17:16.000Z", "private": false, "disabled": false, "gated": false, "pipeline_tag": "reinforcement-learning", "tags": ["ml-agents", "tensorboard", "onnx", "Pyramids", "deep-reinforcement-learning", "reinforcement-learning", "ML-Agents-Pyramids", "region:us"], "downloads": 10, "library_name": "ml-agents", "likes": 0, "model-index": null, "config": {}, "cardData": {"library_name": "ml-agents", "tags": ["Pyramids", "deep-reinforcement-learning", "reinforcement-learning", "ML-Agents-Pyramids"]}, "siblings": [{"rfilename": ".gitattributes"}, {"rfilename": "Pyramids.onnx"}, {"rfilename": "Pyramids/Pyramids-1000118.onnx"}, {"rfilename": "Pyramids/Pyramids-1000118.pt"}, {"rfilename": "Pyramids/Pyramids-499939.onnx"}, {"rfilename": "Pyramids/Pyramids-499939.pt"}, {"rfilename": "Pyramids/Pyramids-999990.onnx"}, {"rfilename": "Pyramids/Pyramids-999990.pt"}, {"rfilename": "Pyramids/checkpoint.pt"}, {"rfilename": "Pyramids/events.out.tfevents.1717829807.Raghu-Laptop.19771.0"}, {"rfilename": "README.md"}, {"rfilename": "config.json"}, {"rfilename": "configuration.yaml"}, {"rfilename": "run_logs/Player-0.log"}, {"rfilename": "run_logs/timers.json"}, {"rfilename": "run_logs/training_status.json"}], "spaces": [], "createdAt": "2024-06-08T07:16:40.000Z", "inferenceStatus": "not-loaded"}