{"_id": "667d011c85053d531247e71e", "id": "ra9hu/poca-SoccerTwos", "modelId": "ra9hu/poca-SoccerTwos", "author": "ra9hu", "sha": "0d3468f8d824ffd021063c7cf713d4289cdcb41d", "lastModified": "2024-06-27T06:06:20.000Z", "private": false, "disabled": false, "gated": false, "pipeline_tag": "reinforcement-learning", "tags": ["ml-agents", "tensorboard", "onnx", "SoccerTwos", "deep-reinforcement-learning", "reinforcement-learning", "ML-Agents-SoccerTwos", "region:us"], "downloads": 29, "library_name": "ml-agents", "likes": 0, "model-index": null, "config": {}, "cardData": {"library_name": "ml-agents", "tags": ["SoccerTwos", "deep-reinforcement-learning", "reinforcement-learning", "ML-Agents-SoccerTwos"]}, "siblings": [{"rfilename": ".gitattributes"}, {"rfilename": "README.md"}, {"rfilename": "SoccerTwos.onnx"}, {"rfilename": "SoccerTwos/SoccerTwos-48499980.onnx"}, {"rfilename": "SoccerTwos/SoccerTwos-48499980.pt"}, {"rfilename": "SoccerTwos/SoccerTwos-48999994.onnx"}, {"rfilename": "SoccerTwos/SoccerTwos-48999994.pt"}, {"rfilename": "SoccerTwos/SoccerTwos-49499874.onnx"}, {"rfilename": "SoccerTwos/SoccerTwos-49499874.pt"}, {"rfilename": "SoccerTwos/SoccerTwos-49999733.onnx"}, {"rfilename": "SoccerTwos/SoccerTwos-49999733.pt"}, {"rfilename": "SoccerTwos/SoccerTwos-50000038.onnx"}, {"rfilename": "SoccerTwos/SoccerTwos-50000038.pt"}, {"rfilename": "SoccerTwos/checkpoint.pt"}, {"rfilename": "SoccerTwos/events.out.tfevents.1719382929.Raghu-Laptop.25801.0"}, {"rfilename": "config.json"}, {"rfilename": "configuration.yaml"}, {"rfilename": "run_logs/Player-0.log"}, {"rfilename": "run_logs/timers.json"}, {"rfilename": "run_logs/training_status.json"}], "spaces": [], "createdAt": "2024-06-27T06:05:16.000Z", "inferenceStatus": "not-loaded"}