{"_id": "65410887e6727569748a9442", "id": "RAAAAAAWR/pudding", "modelId": "RAAAAAAWR/pudding", "author": "RAAAAAAWR", "sha": "b0def86e91a85ab4bc7bac23c815766499f8a1ee", "lastModified": "2023-10-31T14:00:39.000Z", "private": false, "disabled": false, "gated": false, "tags": ["license:bigcode-openrail-m", "region:us"], "downloads": 0, "likes": 0, "model-index": null, "cardData": {"license": "bigcode-openrail-m"}, "siblings": [{"rfilename": ".gitattributes"}, {"rfilename": "README.md"}], "spaces": [], "createdAt": "2023-10-31T14:00:39.000Z", "inferenceStatus": "not-loaded"}