{"_id": "62aa3bd288e6c493e721e083", "id": "Raaaaaaaaaaaatus/Lil", "modelId": "Raaaaaaaaaaaatus/Lil", "author": "Raaaaaaaaaaaatus", "sha": "d9dd2b1c10262da9b94ed345a456eb13d4048e0d", "lastModified": "2022-06-15T20:06:42.000Z", "private": false, "disabled": false, "gated": false, "tags": ["license:afl-3.0", "region:us"], "downloads": 0, "likes": 0, "model-index": null, "cardData": {"license": "afl-3.0"}, "siblings": [{"rfilename": ".gitattributes"}, {"rfilename": "README.md"}], "spaces": [], "createdAt": "2022-06-15T20:06:42.000Z", "inferenceStatus": "not-loaded"}