{"_id": "649a8f468f74b5aa9853db35", "id": "raafat3-16/text_summary", "modelId": "raafat3-16/text_summary", "author": "raafat3-16", "sha": "fd5cd136bf599749eb9294c3da2d1bad2760795e", "lastModified": "2023-06-27T07:27:02.000Z", "private": false, "disabled": false, "gated": false, "tags": ["license:creativeml-openrail-m", "region:us"], "downloads": 0, "likes": 0, "model-index": null, "cardData": {"license": "creativeml-openrail-m"}, "siblings": [{"rfilename": ".gitattributes"}, {"rfilename": "README.md"}], "spaces": [], "createdAt": "2023-06-27T07:27:02.000Z", "inferenceStatus": "not-loaded"}