{"_id": "6578a9780766f274f3e245e6", "id": "raaff/ppo-Huggy", "modelId": "raaff/ppo-Huggy", "author": "raaff", "sha": "ae5485768fac58dea0619096c1b5ff7339e91041", "lastModified": "2023-12-12T18:42:07.000Z", "private": false, "disabled": false, "gated": false, "pipeline_tag": "reinforcement-learning", "tags": ["ml-agents", "tensorboard", "onnx", "Huggy", "deep-reinforcement-learning", "reinforcement-learning", "ML-Agents-Huggy", "region:us"], "downloads": 48, "library_name": "ml-agents", "likes": 0, "model-index": null, "config": {}, "cardData": {"library_name": "ml-agents", "tags": ["Huggy", "deep-reinforcement-learning", "reinforcement-learning", "ML-Agents-Huggy"]}, "siblings": [{"rfilename": ".gitattributes"}, {"rfilename": "Huggy.onnx"}, {"rfilename": "Huggy/Huggy-1199752.onnx"}, {"rfilename": "Huggy/Huggy-1199752.pt"}, {"rfilename": "Huggy/Huggy-1399938.onnx"}, {"rfilename": "Huggy/Huggy-1399938.pt"}, {"rfilename": "Huggy/Huggy-1599882.onnx"}, {"rfilename": "Huggy/Huggy-1599882.pt"}, {"rfilename": "Huggy/Huggy-1799903.onnx"}, {"rfilename": "Huggy/Huggy-1799903.pt"}, {"rfilename": "Huggy/Huggy-199977.onnx"}, {"rfilename": "Huggy/Huggy-199977.pt"}, {"rfilename": "Huggy/Huggy-1999906.onnx"}, {"rfilename": "Huggy/Huggy-1999906.pt"}, {"rfilename": "Huggy/Huggy-2000006.onnx"}, {"rfilename": "Huggy/Huggy-2000006.pt"}, {"rfilename": "Huggy/Huggy-399968.onnx"}, {"rfilename": "Huggy/Huggy-399968.pt"}, {"rfilename": "Huggy/Huggy-599993.onnx"}, {"rfilename": "Huggy/Huggy-599993.pt"}, {"rfilename": "Huggy/Huggy-799993.onnx"}, {"rfilename": "Huggy/Huggy-799993.pt"}, {"rfilename": "Huggy/Huggy-999998.onnx"}, {"rfilename": "Huggy/Huggy-999998.pt"}, {"rfilename": "Huggy/checkpoint.pt"}, {"rfilename": "Huggy/events.out.tfevents.1702403105.d384d0e12527.3523.0"}, {"rfilename": "README.md"}, {"rfilename": "config.json"}, {"rfilename": "configuration.yaml"}, {"rfilename": "run_logs/Player-0.log"}, {"rfilename": "run_logs/timers.json"}, {"rfilename": "run_logs/training_status.json"}], "spaces": [], "createdAt": "2023-12-12T18:42:00.000Z", "inferenceStatus": "not-loaded"}