{"_id": "650209a03096ccbc202204a2", "id": "raalst/RobBERT-v2-nl-qa", "modelId": "raalst/RobBERT-v2-nl-qa", "author": "raalst", "sha": "b87f40f5a86ef49d02760ce0da2a0a24be352b51", "lastModified": "2023-09-16T10:27:23.000Z", "private": false, "disabled": false, "gated": false, "pipeline_tag": "question-answering", "tags": ["transformers", "pytorch", "safetensors", "roberta", "question-answering", "nl", "dataset:raalst/squad_v2_dutch", "endpoints_compatible", "region:us"], "downloads": 9, "library_name": "transformers", "mask_token": "<mask>", "likes": 0, "model-index": null, "config": {"architectures": ["RobertaForQuestionAnswering"], "model_type": "roberta", "tokenizer_config": {"bos_token": {"__type": "AddedToken", "content": "<s>", "lstrip": false, "normalized": true, "rstrip": false, "single_word": false}, "cls_token": {"__type": "AddedToken", "content": "<s>", "lstrip": false, "normalized": true, "rstrip": false, "single_word": false}, "eos_token": {"__type": "AddedToken", "content": "</s>", "lstrip": false, "normalized": true, "rstrip": false, "single_word": false}, "mask_token": {"__type": "AddedToken", "content": "<mask>", "lstrip": true, "normalized": true, "rstrip": false, "single_word": false}, "pad_token": {"__type": "AddedToken", "content": "<pad>", "lstrip": false, "normalized": true, "rstrip": false, "single_word": false}, "sep_token": {"__type": "AddedToken", "content": "</s>", "lstrip": false, "normalized": true, "rstrip": false, "single_word": false}, "unk_token": {"__type": "AddedToken", "content": "<unk>", "lstrip": false, "normalized": true, "rstrip": false, "single_word": false}}}, "cardData": {"datasets": ["raalst/squad_v2_dutch"], "language": ["nl"]}, "transformersInfo": {"auto_model": "AutoModelForQuestionAnswering", "pipeline_tag": "question-answering", "processor": "AutoTokenizer"}, "siblings": [{"rfilename": ".gitattributes"}, {"rfilename": "README.md"}, {"rfilename": "config.json"}, {"rfilename": "merges.txt"}, {"rfilename": "model.safetensors"}, {"rfilename": "pytorch_model.bin"}, {"rfilename": "special_tokens_map.json"}, {"rfilename": "tokenizer.json"}, {"rfilename": "tokenizer_config.json"}, {"rfilename": "vocab.json"}], "spaces": [], "createdAt": "2023-09-13T19:12:32.000Z", "safetensors": {"parameters": {"F32": 116173058}, "total": 116173058}, "inferenceStatus": "not-loaded"}