{"_id": "64e7b92b02dee9bcb9fa9eb3", "id": "Raaniel/RVCModels", "modelId": "Raaniel/RVCModels", "author": "Raaniel", "sha": "3c431b7f11b81d1749c801b77d7a2d1681c75614", "lastModified": "2023-08-24T20:16:05.000Z", "private": false, "disabled": false, "gated": false, "tags": ["RVC", "region:us"], "downloads": 0, "likes": 0, "model-index": null, "cardData": {"tags": ["RVC"]}, "siblings": [{"rfilename": ".gitattributes"}, {"rfilename": "README.md"}, {"rfilename": "TroyeSivan_v2.zip"}], "spaces": [], "createdAt": "2023-08-24T20:10:19.000Z", "inferenceStatus": "not-loaded"}