{"_id": "6650c99f87144bf81068fb39", "id": "raannakasturi/SDXL-Model", "modelId": "raannakasturi/SDXL-Model", "author": "raannakasturi", "sha": "c3cd81b3edd06b7f227b9d808a0cb1b9567db5a2", "lastModified": "2024-05-24T17:37:26.000Z", "private": false, "disabled": false, "gated": false, "tags": ["license:mit", "region:us"], "downloads": 0, "likes": 0, "model-index": null, "cardData": {"license": "mit"}, "siblings": [{"rfilename": ".gitattributes"}, {"rfilename": "README.md"}, {"rfilename": "juggernaut-XL.safetensors"}], "spaces": [], "createdAt": "2024-05-24T17:08:47.000Z", "inferenceStatus": "not-loaded"}