{"_id": "64885deab946f49ba549bb48", "id": "raannakasturi/VILID", "modelId": "raannakasturi/VILID", "author": "raannakasturi", "sha": "a8df6335985a0a4fb36fae1ab4941ec75b0c8f54", "lastModified": "2023-07-20T06:08:11.000Z", "private": false, "disabled": false, "gated": false, "pipeline_tag": "text-to-image", "tags": ["art", "text-2-img", "text-to-image", "en", "license:creativeml-openrail-m", "region:us"], "downloads": 0, "likes": 1, "model-index": null, "cardData": {"license": "creativeml-openrail-m", "language": ["en"], "pipeline_tag": "text-to-image", "tags": ["art", "text-2-img"]}, "siblings": [{"rfilename": ".gitattributes"}, {"rfilename": "README.md"}, {"rfilename": "embeddings.zip"}, {"rfilename": "extensions.zip"}, {"rfilename": "lora.zip"}, {"rfilename": "vae.zip"}], "spaces": [], "createdAt": "2023-06-13T12:15:38.000Z", "inferenceStatus": "not-loaded"}