{"_id": "64bbce3938953777fe5ba1fd", "id": "raannakasturi/VILID-assets", "modelId": "raannakasturi/VILID-assets", "author": "raannakasturi", "sha": "41ad8de0ff3876e80f19addca475385b9731f156", "lastModified": "2023-08-12T06:43:09.000Z", "private": false, "disabled": false, "gated": false, "tags": ["license:creativeml-openrail-m", "region:us"], "downloads": 0, "likes": 0, "model-index": null, "cardData": {"license": "creativeml-openrail-m"}, "siblings": [{"rfilename": ".gitattributes"}, {"rfilename": "Lora.zip"}, {"rfilename": "README.md"}, {"rfilename": "VILID.zip"}, {"rfilename": "extensions.zip"}, {"rfilename": "styles.csv"}], "spaces": [], "createdAt": "2023-07-22T12:40:25.000Z", "inferenceStatus": "not-loaded"}