{"_id": "664ed497e24897b66ca3f286", "id": "raannakasturi/GPU-iTASSER", "modelId": "raannakasturi/GPU-iTASSER", "author": "raannakasturi", "sha": "81ac4874e9d80a2f658b69159d9cb60588ff49a9", "lastModified": "2024-05-23T05:31:03.000Z", "private": false, "disabled": false, "gated": false, "tags": ["license:mit", "region:us"], "downloads": 0, "likes": 0, "model-index": null, "cardData": {"license": "mit"}, "siblings": [{"rfilename": ".gitattributes"}, {"rfilename": "README.md"}], "spaces": [], "createdAt": "2024-05-23T05:31:03.000Z", "inferenceStatus": "not-loaded"}