{"_id": "66156a62e0f403ced377c390", "id": "Raaniel/model-smoke", "modelId": "Raaniel/model-smoke", "author": "Raaniel", "sha": "5eb57e35035b5a6fd0b6df49748b45f52ff48768", "lastModified": "2024-04-09T17:11:52.000Z", "private": false, "disabled": false, "gated": false, "tags": ["region:us"], "downloads": 0, "likes": 0, "siblings": [{"rfilename": ".gitattributes"}, {"rfilename": "best_model_epoch_32.pth"}, {"rfilename": "model_smoke.pt"}], "spaces": ["Raaniel/Smoke-Detection"], "createdAt": "2024-04-09T16:18:42.000Z", "inferenceStatus": "not-loaded"}