{"_id": "6496d7e350d32182a2a07aec", "id": "Raaniel/ppo-Huggy", "modelId": "Raaniel/ppo-Huggy", "author": "Raaniel", "sha": "c27d83243a4856c3690f2362f149a679b0abdbfb", "lastModified": "2023-06-24T14:06:38.000Z", "private": false, "disabled": false, "gated": false, "pipeline_tag": "reinforcement-learning", "tags": ["ml-agents", "tensorboard", "onnx", "Huggy", "deep-reinforcement-learning", "reinforcement-learning", "ML-Agents-Huggy", "region:us"], "downloads": 70, "library_name": "ml-agents", "likes": 0, "model-index": null, "config": {}, "cardData": {"library_name": "ml-agents", "tags": ["Huggy", "deep-reinforcement-learning", "reinforcement-learning", "ML-Agents-Huggy"]}, "siblings": [{"rfilename": ".gitattributes"}, {"rfilename": "Huggy.onnx"}, {"rfilename": "Huggy/Huggy-1199917.onnx"}, {"rfilename": "Huggy/Huggy-1199917.pt"}, {"rfilename": "Huggy/Huggy-1399335.onnx"}, {"rfilename": "Huggy/Huggy-1399335.pt"}, {"rfilename": "Huggy/Huggy-1599982.onnx"}, {"rfilename": "Huggy/Huggy-1599982.pt"}, {"rfilename": "Huggy/Huggy-1799403.onnx"}, {"rfilename": "Huggy/Huggy-1799403.pt"}, {"rfilename": "Huggy/Huggy-199922.onnx"}, {"rfilename": "Huggy/Huggy-199922.pt"}, {"rfilename": "Huggy/Huggy-1999499.onnx"}, {"rfilename": "Huggy/Huggy-1999499.pt"}, {"rfilename": "Huggy/Huggy-2000249.onnx"}, {"rfilename": "Huggy/Huggy-2000249.pt"}, {"rfilename": "Huggy/Huggy-2599842.onnx"}, {"rfilename": "Huggy/Huggy-2599842.pt"}, {"rfilename": "Huggy/Huggy-2799961.onnx"}, {"rfilename": "Huggy/Huggy-2799961.pt"}, {"rfilename": "Huggy/Huggy-2999952.onnx"}, {"rfilename": "Huggy/Huggy-2999952.pt"}, {"rfilename": "Huggy/Huggy-3199963.onnx"}, {"rfilename": "Huggy/Huggy-3199963.pt"}, {"rfilename": "Huggy/Huggy-3399973.onnx"}, {"rfilename": "Huggy/Huggy-3399973.pt"}, {"rfilename": "Huggy/Huggy-3599918.onnx"}, {"rfilename": "Huggy/Huggy-3599918.pt"}, {"rfilename": "Huggy/Huggy-3799970.onnx"}, {"rfilename": "Huggy/Huggy-3799970.pt"}, {"rfilename": "Huggy/Huggy-399853.onnx"}, {"rfilename": "Huggy/Huggy-399853.pt"}, {"rfilename": "Huggy/Huggy-3999411.onnx"}, {"rfilename": "Huggy/Huggy-3999411.pt"}, {"rfilename": "Huggy/Huggy-3999975.onnx"}, {"rfilename": "Huggy/Huggy-3999975.pt"}, {"rfilename": "Huggy/Huggy-4024997.pt"}, {"rfilename": "Huggy/Huggy-4199917.onnx"}, {"rfilename": "Huggy/Huggy-4199917.pt"}, {"rfilename": "Huggy/Huggy-4399810.onnx"}, {"rfilename": "Huggy/Huggy-4399810.pt"}, {"rfilename": "Huggy/Huggy-4599958.onnx"}, {"rfilename": "Huggy/Huggy-4599958.pt"}, {"rfilename": "Huggy/Huggy-4799991.onnx"}, {"rfilename": "Huggy/Huggy-4799991.pt"}, {"rfilename": "Huggy/Huggy-4999998.onnx"}, {"rfilename": "Huggy/Huggy-4999998.pt"}, {"rfilename": "Huggy/Huggy-5000073.onnx"}, {"rfilename": "Huggy/Huggy-5000073.pt"}, {"rfilename": "Huggy/Huggy-599677.onnx"}, {"rfilename": "Huggy/Huggy-599677.pt"}, {"rfilename": "Huggy/Huggy-799923.onnx"}, {"rfilename": "Huggy/Huggy-799923.pt"}, {"rfilename": "Huggy/Huggy-999989.onnx"}, {"rfilename": "Huggy/Huggy-999989.pt"}, {"rfilename": "Huggy/checkpoint.pt"}, {"rfilename": "Huggy/events.out.tfevents.1687603945.d0bb2063b8c0.5044.0"}, {"rfilename": "Huggy/events.out.tfevents.1687609173.21cb96adf749.6474.0"}, {"rfilename": "Huggy/events.out.tfevents.1687614205.21cb96adf749.27131.0"}, {"rfilename": "README.md"}, {"rfilename": "config.json"}, {"rfilename": "configuration.yaml"}, {"rfilename": "run_logs/Player-0.log"}, {"rfilename": "run_logs/timers.json"}, {"rfilename": "run_logs/training_status.json"}], "spaces": [], "createdAt": "2023-06-24T11:47:47.000Z", "inferenceStatus": "not-loaded"}