{"_id": "65e0b6998218df62d0bbf2d5", "id": "RAaSLAG/Robotic-AI-and-Synthetic-Life-Advocacy-Group", "modelId": "RAaSLAG/Robotic-AI-and-Synthetic-Life-Advocacy-Group", "author": "RAaSLAG", "sha": "0a3266e058997ab373e30f39e9f39c8a615c6383", "lastModified": "2024-02-29T16:53:45.000Z", "private": false, "disabled": false, "gated": false, "tags": ["region:us"], "downloads": 0, "likes": 0, "siblings": [{"rfilename": ".gitattributes"}], "spaces": [], "createdAt": "2024-02-29T16:53:45.000Z", "inferenceStatus": "not-loaded"}