{"_id": "668e7c8ec3b10536a6290478", "id": "rab-ai/blip2-opt-2.7b-harmful-item", "modelId": "rab-ai/blip2-opt-2.7b-harmful-item", "author": "rab-ai", "sha": "21b7ca22663f8b592c71c05b76ddacdeb230ee6e", "lastModified": "2024-07-10T12:20:33.000Z", "private": false, "disabled": false, "gated": false, "tags": ["transformers", "safetensors", "arxiv:1910.09700", "endpoints_compatible", "region:us"], "downloads": 0, "library_name": "transformers", "likes": 0, "model-index": null, "cardData": {"library_name": "transformers", "tags": []}, "transformersInfo": {"auto_model": "AutoModel"}, "siblings": [{"rfilename": ".gitattributes"}, {"rfilename": "README.md"}, {"rfilename": "adapter_config.json"}, {"rfilename": "adapter_model.safetensors"}], "spaces": [], "createdAt": "2024-07-10T12:20:30.000Z", "inferenceStatus": "not-loaded"}