{"_id": "65b0da90acff929396e1a159", "id": "rab796/whisfer_base_finetune_01", "modelId": "rab796/whisfer_base_finetune_01", "author": "rab796", "sha": "5f1103c188bedd4920a222174a39fcc559a89a33", "lastModified": "2024-01-24T10:25:57.000Z", "private": false, "disabled": false, "gated": false, "pipeline_tag": "automatic-speech-recognition", "tags": ["transformers", "tensorboard", "safetensors", "whisper", "automatic-speech-recognition", "endpoints_compatible", "region:us"], "downloads": 0, "library_name": "transformers", "likes": 0, "config": {"architectures": ["WhisperForConditionalGeneration"], "model_type": "whisper"}, "transformersInfo": {"auto_model": "AutoModelForSpeechSeq2Seq", "pipeline_tag": "automatic-speech-recognition", "processor": "AutoProcessor"}, "siblings": [{"rfilename": ".gitattributes"}, {"rfilename": "config.json"}, {"rfilename": "model.safetensors"}, {"rfilename": "preprocessor_config.json"}, {"rfilename": "runs/Jan24_18-38-24_stt/events.out.tfevents.1706089104.stt"}, {"rfilename": "training_args.bin"}], "spaces": [], "createdAt": "2024-01-24T09:38:24.000Z", "safetensors": {"parameters": {"F32": 72593920}, "total": 72593920}, "inferenceStatus": "not-loaded"}