{"_id": "65ab2f10d2adc31ee31a93fc", "id": "rab796/whisper_finetune_md_240120", "modelId": "rab796/whisper_finetune_md_240120", "author": "rab796", "sha": "17dd3126b8385082a66401394b80eddfdebd0772", "lastModified": "2024-01-20T03:06:29.000Z", "private": false, "disabled": false, "gated": false, "pipeline_tag": "automatic-speech-recognition", "tags": ["transformers", "tensorboard", "safetensors", "whisper", "automatic-speech-recognition", "endpoints_compatible", "region:us"], "downloads": 0, "library_name": "transformers", "likes": 0, "config": {"architectures": ["WhisperForConditionalGeneration"], "model_type": "whisper"}, "transformersInfo": {"auto_model": "AutoModelForSpeechSeq2Seq", "pipeline_tag": "automatic-speech-recognition", "processor": "AutoProcessor"}, "siblings": [{"rfilename": ".gitattributes"}, {"rfilename": "config.json"}, {"rfilename": "model.safetensors"}, {"rfilename": "preprocessor_config.json"}, {"rfilename": "runs/Jan20_11-24-59_DESKTOP-GGD8CNB/events.out.tfevents.1705717524.DESKTOP-GGD8CNB.20072.0"}, {"rfilename": "runs/Jan20_11-30-42_DESKTOP-GGD8CNB/events.out.tfevents.1705717845.DESKTOP-GGD8CNB.20072.1"}, {"rfilename": "training_args.bin"}], "spaces": [], "createdAt": "2024-01-20T02:25:20.000Z", "safetensors": {"parameters": {"F32": 72593920}, "total": 72593920}, "inferenceStatus": "not-loaded"}