{"_id": "65d49d0d2bc0e0e9e1d3d97a", "id": "rabari/currency-detection", "modelId": "rabari/currency-detection", "author": "rabari", "sha": "9c3d583c790764933cf08279d18d65119759de3f", "lastModified": "2024-02-20T12:37:33.000Z", "private": false, "disabled": false, "gated": false, "tags": ["license:unknown", "region:us"], "downloads": 0, "likes": 0, "model-index": null, "cardData": {"license": "unknown"}, "siblings": [{"rfilename": ".gitattributes"}, {"rfilename": "README.md"}], "spaces": [], "createdAt": "2024-02-20T12:37:33.000Z", "inferenceStatus": "not-loaded"}