{"_id": "6484e0f51122745493eb58ef", "id": "rabasi/marmail-demo", "modelId": "rabasi/marmail-demo", "author": "rabasi", "sha": "6e7121738b3a68b1e10030b02b696902f4f74a30", "lastModified": "2023-06-10T20:45:46.000Z", "private": false, "disabled": false, "gated": false, "tags": ["peft", "region:us"], "downloads": 0, "library_name": "peft", "likes": 0, "model-index": null, "config": {"peft": {"base_model_name_or_path": "bigscience/bloom-1b7", "task_type": "CAUSAL_LM"}}, "cardData": {"library_name": "peft"}, "siblings": [{"rfilename": ".gitattributes"}, {"rfilename": "README.md"}, {"rfilename": "adapter_config.json"}, {"rfilename": "adapter_model.bin"}], "spaces": ["rabasi/MarMail-Demo-Space"], "createdAt": "2023-06-10T20:45:41.000Z", "inferenceStatus": "not-loaded"}