{"_id": "65d7cd1e984cc240f205d175", "id": "rabby33/my_model", "modelId": "rabby33/my_model", "author": "rabby33", "sha": "ef9b29f8ad016f94b50dbb166b31ef60cb244085", "lastModified": "2024-02-22T22:40:44.000Z", "private": false, "disabled": false, "gated": false, "pipeline_tag": "text2text-generation", "tags": ["transformers", "tensorboard", "safetensors", "t5", "text2text-generation", "autotrain_compatible", "text-generation-inference", "endpoints_compatible", "region:us"], "downloads": 0, "library_name": "transformers", "likes": 0, "config": {"architectures": ["T5ForConditionalGeneration"], "model_type": "t5", "tokenizer_config": {"eos_token": "</s>", "pad_token": "<pad>", "unk_token": "<unk>"}}, "transformersInfo": {"auto_model": "AutoModelForSeq2SeqLM", "pipeline_tag": "text2text-generation", "processor": "AutoTokenizer"}, "siblings": [{"rfilename": ".gitattributes"}, {"rfilename": "config.json"}, {"rfilename": "model.safetensors"}, {"rfilename": "runs/Feb22_22-39-26_215bd178cd17/events.out.tfevents.1708641567.215bd178cd17.649.1"}, {"rfilename": "special_tokens_map.json"}, {"rfilename": "spiece.model"}, {"rfilename": "tokenizer.json"}, {"rfilename": "tokenizer_config.json"}, {"rfilename": "training_args.bin"}], "spaces": [], "createdAt": "2024-02-22T22:39:26.000Z", "safetensors": {"parameters": {"F32": 60506624}, "total": 60506624}, "inferenceStatus": "not-loaded"}