{"_id": "62a4a2c5e0de0c5c6d99db17", "id": "Rabbadon/Yo", "modelId": "Rabbadon/Yo", "author": "Rabbadon", "sha": "d43db222ae5ecd0d820b9f7dd7444949f943065f", "lastModified": "2022-06-11T14:12:21.000Z", "private": false, "disabled": false, "gated": false, "tags": ["license:afl-3.0", "region:us"], "downloads": 0, "likes": 0, "model-index": null, "cardData": {"license": "afl-3.0"}, "siblings": [{"rfilename": ".gitattributes"}, {"rfilename": "README.md"}], "spaces": [], "createdAt": "2022-06-11T14:12:21.000Z", "inferenceStatus": "not-loaded"}