{"_id": "65d5ddf1b649fb94c4debd37", "id": "rabby33/my_awesome_opus_books_model", "modelId": "rabby33/my_awesome_opus_books_model", "author": "rabby33", "sha": "3976f2d6bc3e1d477c2c60cf3c0202dc6a1112c7", "lastModified": "2024-02-22T22:33:27.000Z", "private": false, "disabled": false, "gated": false, "pipeline_tag": "text2text-generation", "tags": ["transformers", "tensorboard", "safetensors", "t5", "text2text-generation", "generated_from_trainer", "base_model:t5-small", "license:apache-2.0", "autotrain_compatible", "text-generation-inference", "endpoints_compatible", "region:us"], "downloads": 0, "library_name": "transformers", "likes": 0, "model-index": [{"name": "my_awesome_opus_books_model", "results": []}], "config": {"architectures": ["T5ForConditionalGeneration"], "model_type": "t5", "tokenizer_config": {"eos_token": "</s>", "pad_token": "<pad>", "unk_token": "<unk>"}}, "cardData": {"license": "apache-2.0", "base_model": "t5-small", "tags": ["generated_from_trainer"], "metrics": ["bleu"], "model-index": [{"name": "my_awesome_opus_books_model", "results": []}]}, "transformersInfo": {"auto_model": "AutoModelForSeq2SeqLM", "pipeline_tag": "text2text-generation", "processor": "AutoTokenizer"}, "siblings": [{"rfilename": ".gitattributes"}, {"rfilename": "README.md"}, {"rfilename": "config.json"}, {"rfilename": "generation_config.json"}, {"rfilename": "model.safetensors"}, {"rfilename": "runs/Feb21_11-47-18_7d827c4d15fa/events.out.tfevents.1708516039.7d827c4d15fa.154.0"}, {"rfilename": "runs/Feb22_22-32-01_215bd178cd17/events.out.tfevents.1708641122.215bd178cd17.649.0"}, {"rfilename": "special_tokens_map.json"}, {"rfilename": "spiece.model"}, {"rfilename": "tokenizer.json"}, {"rfilename": "tokenizer_config.json"}, {"rfilename": "training_args.bin"}], "spaces": [], "createdAt": "2024-02-21T11:26:41.000Z", "safetensors": {"parameters": {"F32": 60506624}, "total": 60506624}, "inferenceStatus": "not-loaded"}