{"_id": "64dbda7f78864cd2224d50c4", "id": "Rabbi1/Aleph", "modelId": "Rabbi1/Aleph", "author": "Rabbi1", "sha": "6dcf8808bcec6e2612a62a7cf00bfc971f7e3339", "lastModified": "2023-08-15T20:05:19.000Z", "private": false, "disabled": false, "gated": false, "tags": ["license:openrail", "region:us"], "downloads": 0, "likes": 0, "model-index": null, "cardData": {"license": "openrail"}, "siblings": [{"rfilename": ".gitattributes"}, {"rfilename": "README.md"}], "spaces": [], "createdAt": "2023-08-15T20:05:19.000Z", "inferenceStatus": "not-loaded"}