{"_id": "655a038d727df37c77811d2f", "id": "RabbitHole1412/food_classifier", "modelId": "RabbitHole1412/food_classifier", "author": "RabbitHole1412", "sha": "3fdf1e17cd98f2f6fe9b74bf2ffc1ba417cca943", "lastModified": "2023-11-19T13:18:09.000Z", "private": false, "disabled": false, "gated": false, "pipeline_tag": "image-classification", "tags": ["transformers", "tf", "vit", "image-classification", "generated_from_keras_callback", "base_model:google/vit-base-patch16-224-in21k", "license:apache-2.0", "autotrain_compatible", "endpoints_compatible", "region:us"], "downloads": 1, "library_name": "transformers", "likes": 0, "model-index": [{"name": "RabbitHole1412/food_classifier", "results": []}], "config": {"architectures": ["ViTForImageClassification"], "model_type": "vit"}, "cardData": {"license": "apache-2.0", "base_model": "google/vit-base-patch16-224-in21k", "tags": ["generated_from_keras_callback"], "model-index": [{"name": "RabbitHole1412/food_classifier", "results": []}]}, "transformersInfo": {"auto_model": "AutoModelForImageClassification", "pipeline_tag": "image-classification", "processor": "AutoImageProcessor"}, "siblings": [{"rfilename": ".gitattributes"}, {"rfilename": "README.md"}, {"rfilename": "config.json"}, {"rfilename": "preprocessor_config.json"}, {"rfilename": "tf_model.h5"}], "spaces": [], "createdAt": "2023-11-19T12:46:05.000Z", "inferenceStatus": "not-loaded"}