{"_id": "6678ef63c411b340b375a34d", "id": "Rabbwolf/Favourite-Pictorial-Model", "modelId": "Rabbwolf/Favourite-Pictorial-Model", "author": "Rabbwolf", "sha": "9b0fd691a9d06a02ad8c22d800c290f7debd45ec", "lastModified": "2024-06-24T04:00:35.000Z", "private": false, "disabled": false, "gated": false, "tags": ["license:apache-2.0", "region:us"], "downloads": 0, "likes": 1, "model-index": null, "cardData": {"license": "apache-2.0"}, "siblings": [{"rfilename": ".gitattributes"}, {"rfilename": "README.md"}], "spaces": [], "createdAt": "2024-06-24T04:00:35.000Z", "inferenceStatus": "not-loaded"}