{"_id": "65d71d1ed22ae470a0b5e28c", "id": "rabby33/mt5-small-model", "modelId": "rabby33/mt5-small-model", "author": "rabby33", "sha": "d1e049858030fa8a8966b941f26415f3eb1e4712", "lastModified": "2024-02-22T21:55:28.000Z", "private": false, "disabled": false, "gated": false, "pipeline_tag": "text2text-generation", "tags": ["transformers", "tensorboard", "safetensors", "mt5", "text2text-generation", "autotrain_compatible", "endpoints_compatible", "region:us"], "downloads": 0, "library_name": "transformers", "likes": 0, "config": {"architectures": ["MT5ForConditionalGeneration"], "model_type": "mt5", "tokenizer_config": {"eos_token": "</s>", "pad_token": "<pad>", "unk_token": "<unk>"}}, "transformersInfo": {"auto_model": "AutoModelForSeq2SeqLM", "pipeline_tag": "text2text-generation", "processor": "AutoTokenizer"}, "siblings": [{"rfilename": ".gitattributes"}, {"rfilename": "config.json"}, {"rfilename": "model.safetensors"}, {"rfilename": "runs/Feb22_16-40-32_e471790b74e7/events.out.tfevents.1708620032.e471790b74e7.34.0"}, {"rfilename": "runs/Feb22_16-54-13_e471790b74e7/events.out.tfevents.1708620854.e471790b74e7.34.1"}, {"rfilename": "runs/Feb22_16-57-56_e471790b74e7/events.out.tfevents.1708621077.e471790b74e7.34.2"}, {"rfilename": "runs/Feb22_21-06-44_1ada5a2ade82/events.out.tfevents.1708636005.1ada5a2ade82.34.0"}, {"rfilename": "special_tokens_map.json"}, {"rfilename": "spiece.model"}, {"rfilename": "tokenizer.json"}, {"rfilename": "tokenizer_config.json"}, {"rfilename": "training_args.bin"}], "spaces": [], "createdAt": "2024-02-22T10:08:30.000Z", "safetensors": {"parameters": {"F32": 300176768}, "total": 300176768}, "inferenceStatus": "not-loaded"}