{"_id": "64218ca15acad90e6b6d77df", "id": "rabbits325/Hisash_Mitsui_v1", "modelId": "rabbits325/Hisash_Mitsui_v1", "author": "rabbits325", "sha": "cc44c76366d334369341745c345f3e4cc42ecfb9", "lastModified": "2023-03-27T12:33:03.000Z", "private": false, "disabled": false, "gated": false, "tags": ["license:cc0-1.0", "region:us"], "downloads": 0, "likes": 0, "model-index": null, "cardData": {"license": "cc0-1.0"}, "siblings": [{"rfilename": ".gitattributes"}, {"rfilename": "Hisash_Mitsui_v1.safetensors"}, {"rfilename": "README.md"}], "spaces": [], "createdAt": "2023-03-27T12:31:29.000Z", "inferenceStatus": "not-loaded"}