{"_id": "6474a1a0d56974d0c05c47c6", "id": "rabbajbadr/pv_classification", "modelId": "rabbajbadr/pv_classification", "author": "rabbajbadr", "sha": "31359907ccce25cca1d2f735e3c4c2e1cfacc0cf", "lastModified": "2023-05-30T16:01:12.000Z", "private": false, "disabled": false, "gated": false, "pipeline_tag": "text-classification", "tags": ["transformers", "pytorch", "layoutlmv3", "text-classification", "autotrain_compatible", "endpoints_compatible", "region:us"], "downloads": 7, "library_name": "transformers", "widgetData": [{"text": "I like you. I love you"}], "likes": 0, "config": {"architectures": ["LayoutLMv3ForSequenceClassification"], "model_type": "layoutlmv3"}, "transformersInfo": {"auto_model": "AutoModelForSequenceClassification", "pipeline_tag": "text-classification", "processor": "AutoProcessor"}, "siblings": [{"rfilename": ".gitattributes"}, {"rfilename": "config.json"}, {"rfilename": "pytorch_model.bin"}], "spaces": [], "createdAt": "2023-05-29T12:59:12.000Z", "inferenceStatus": "not-loaded"}