{"_id": "65dc55fd594bab313c971a64", "id": "rabby33/working", "modelId": "rabby33/working", "author": "rabby33", "sha": "66330e620c32e1edd3c6a06ef3b29e7eb38bbc50", "lastModified": "2024-02-26T09:41:54.000Z", "private": false, "disabled": false, "gated": false, "pipeline_tag": "text2text-generation", "tags": ["transformers", "tensorboard", "safetensors", "t5", "text2text-generation", "generated_from_trainer", "base_model:csebuetnlp/banglat5", "autotrain_compatible", "text-generation-inference", "endpoints_compatible", "region:us"], "downloads": 0, "library_name": "transformers", "likes": 0, "model-index": [{"name": "working", "results": []}], "config": {"architectures": ["T5ForConditionalGeneration"], "model_type": "t5", "tokenizer_config": {"eos_token": "</s>", "pad_token": "<pad>", "unk_token": "<unk>"}}, "cardData": {"base_model": "csebuetnlp/banglat5", "tags": ["generated_from_trainer"], "metrics": ["bleu"], "model-index": [{"name": "working", "results": []}]}, "transformersInfo": {"auto_model": "AutoModelForSeq2SeqLM", "pipeline_tag": "text2text-generation", "processor": "AutoTokenizer"}, "siblings": [{"rfilename": ".gitattributes"}, {"rfilename": "=0.20.1"}, {"rfilename": "README.md"}, {"rfilename": "added_tokens.json"}, {"rfilename": "config.json"}, {"rfilename": "generation_config.json"}, {"rfilename": "model.safetensors"}, {"rfilename": "runs/Feb26_09-20-49_d79522c38279/events.out.tfevents.1708939250.d79522c38279.34.0"}, {"rfilename": "runs/Feb26_09-21-58_d79522c38279/events.out.tfevents.1708939318.d79522c38279.34.1"}, {"rfilename": "runs/Feb26_09-22-08_d79522c38279/events.out.tfevents.1708939329.d79522c38279.34.2"}, {"rfilename": "runs/Feb26_09-22-18_d79522c38279/events.out.tfevents.1708939339.d79522c38279.34.3"}, {"rfilename": "runs/Feb26_09-22-37_d79522c38279/events.out.tfevents.1708939358.d79522c38279.34.4"}, {"rfilename": "runs/Feb26_09-23-32_d79522c38279/events.out.tfevents.1708939413.d79522c38279.34.5"}, {"rfilename": "special_tokens_map.json"}, {"rfilename": "spiece.model"}, {"rfilename": "tokenizer_config.json"}, {"rfilename": "trained_model/added_tokens.json"}, {"rfilename": "trained_model/config.json"}, {"rfilename": "trained_model/generation_config.json"}, {"rfilename": "trained_model/model.safetensors"}, {"rfilename": "trained_model/special_tokens_map.json"}, {"rfilename": "trained_model/spiece.model"}, {"rfilename": "trained_model/tokenizer_config.json"}, {"rfilename": "trained_model/training_args.bin"}, {"rfilename": "training_args.bin"}, {"rfilename": "wandb/debug-internal.log"}, {"rfilename": "wandb/debug.log"}, {"rfilename": "wandb/run-20240226_092105-91uhs91a/files/conda-environment.yaml"}, {"rfilename": "wandb/run-20240226_092105-91uhs91a/files/config.yaml"}, {"rfilename": "wandb/run-20240226_092105-91uhs91a/files/output.log"}, {"rfilename": "wandb/run-20240226_092105-91uhs91a/files/requirements.txt"}, {"rfilename": "wandb/run-20240226_092105-91uhs91a/files/wandb-metadata.json"}, {"rfilename": "wandb/run-20240226_092105-91uhs91a/files/wandb-summary.json"}, {"rfilename": "wandb/run-20240226_092105-91uhs91a/logs/debug-internal.log"}, {"rfilename": "wandb/run-20240226_092105-91uhs91a/logs/debug.log"}, {"rfilename": "wandb/run-20240226_092105-91uhs91a/run-91uhs91a.wandb"}], "spaces": [], "createdAt": "2024-02-26T09:12:29.000Z", "safetensors": {"parameters": {"F32": 247577856}, "total": 247577856}, "inferenceStatus": "not-loaded"}