{"_id": "65d6058a223ba7c9ef4c57c6", "id": "rabby33/my_awesome_opus_books_model_3", "modelId": "rabby33/my_awesome_opus_books_model_3", "author": "rabby33", "sha": "9977bf3d79b03c2755441844b7133e8c22828680", "lastModified": "2024-02-21T17:38:58.000Z", "private": false, "disabled": false, "gated": false, "pipeline_tag": "text2text-generation", "tags": ["transformers", "tensorboard", "safetensors", "mt5", "text2text-generation", "autotrain_compatible", "endpoints_compatible", "region:us"], "downloads": 0, "library_name": "transformers", "likes": 0, "config": {"architectures": ["MT5ForConditionalGeneration"], "model_type": "mt5", "tokenizer_config": {"eos_token": "</s>", "pad_token": "<pad>", "unk_token": "<unk>"}}, "transformersInfo": {"auto_model": "AutoModelForSeq2SeqLM", "pipeline_tag": "text2text-generation", "processor": "AutoTokenizer"}, "siblings": [{"rfilename": ".gitattributes"}, {"rfilename": "config.json"}, {"rfilename": "model.safetensors"}, {"rfilename": "runs/Feb21_14-15-37_7d827c4d15fa/events.out.tfevents.1708524939.7d827c4d15fa.154.3"}, {"rfilename": "runs/Feb21_14-45-21_d0c1f1208aea/events.out.tfevents.1708526722.d0c1f1208aea.440.0"}, {"rfilename": "runs/Feb21_16-57-19_205b1ac42789/events.out.tfevents.1708534640.205b1ac42789.1860.0"}, {"rfilename": "special_tokens_map.json"}, {"rfilename": "spiece.model"}, {"rfilename": "tokenizer.json"}, {"rfilename": "tokenizer_config.json"}, {"rfilename": "training_args.bin"}], "spaces": [], "createdAt": "2024-02-21T14:15:38.000Z", "safetensors": {"parameters": {"F32": 300176768}, "total": 300176768}, "inferenceStatus": "not-loaded"}