{"_id": "65dbb674ec3dc9ccf7191d55", "id": "rabby33/filtered_annotated94k_banglat5", "modelId": "rabby33/filtered_annotated94k_banglat5", "author": "rabby33", "sha": "bf5d0ba0bd7d4d57cbb878f367f888393ff153a7", "lastModified": "2024-02-25T21:54:16.000Z", "private": false, "disabled": false, "gated": false, "pipeline_tag": "text2text-generation", "tags": ["transformers", "safetensors", "t5", "text2text-generation", "generated_from_trainer", "base_model:csebuetnlp/banglat5", "autotrain_compatible", "text-generation-inference", "endpoints_compatible", "region:us"], "downloads": 0, "library_name": "transformers", "likes": 0, "model-index": [{"name": "filtered_annotated94k_banglat5", "results": []}], "config": {"architectures": ["T5ForConditionalGeneration"], "model_type": "t5", "tokenizer_config": {"eos_token": "</s>", "pad_token": "<pad>", "unk_token": "<unk>"}}, "cardData": {"base_model": "csebuetnlp/banglat5", "tags": ["generated_from_trainer"], "model-index": [{"name": "filtered_annotated94k_banglat5", "results": []}]}, "transformersInfo": {"auto_model": "AutoModelForSeq2SeqLM", "pipeline_tag": "text2text-generation", "processor": "AutoTokenizer"}, "siblings": [{"rfilename": ".gitattributes"}, {"rfilename": "README.md"}, {"rfilename": "added_tokens.json"}, {"rfilename": "config.json"}, {"rfilename": "generation_config.json"}, {"rfilename": "model.safetensors"}, {"rfilename": "special_tokens_map.json"}, {"rfilename": "spiece.model"}, {"rfilename": "tokenizer_config.json"}, {"rfilename": "training_args.bin"}], "spaces": [], "createdAt": "2024-02-25T21:51:48.000Z", "safetensors": {"parameters": {"F32": 247577856}, "total": 247577856}, "inferenceStatus": "not-loaded"}