{"_id": "64d33327ef0c2eaf7370e5bd", "id": "rabede/Jupy", "modelId": "rabede/Jupy", "author": "rabede", "sha": "6c4911c1f8ac5596f7fe1654c1b1cb46ad970c94", "lastModified": "2023-08-09T06:40:40.000Z", "private": false, "disabled": false, "gated": false, "tags": ["arxiv:1910.09700", "region:us"], "downloads": 0, "likes": 0, "model-index": null, "cardData": {}, "siblings": [{"rfilename": ".gitattributes"}, {"rfilename": "README.md"}], "spaces": [], "createdAt": "2023-08-09T06:33:11.000Z", "inferenceStatus": "not-loaded"}