{"_id": "6660bae2e596975f0ac12d68", "id": "RabehOmrani/madaurus_bi_encoder", "modelId": "RabehOmrani/madaurus_bi_encoder", "author": "RabehOmrani", "sha": "254e224c206e3de3d07dd6111d1f143f6d70bf16", "lastModified": "2024-06-05T19:33:26.000Z", "private": false, "disabled": false, "gated": false, "pipeline_tag": "feature-extraction", "tags": ["transformers", "safetensors", "bert", "feature-extraction", "text-embeddings-inference", "endpoints_compatible", "region:us"], "downloads": 2, "library_name": "transformers", "mask_token": "[MASK]", "likes": 1, "config": {"architectures": ["BertModel"], "model_type": "bert", "tokenizer_config": {"cls_token": "[CLS]", "mask_token": "[MASK]", "pad_token": "[PAD]", "sep_token": "[SEP]", "unk_token": "[UNK]"}}, "transformersInfo": {"auto_model": "AutoModel", "pipeline_tag": "feature-extraction", "processor": "AutoTokenizer"}, "siblings": [{"rfilename": ".gitattributes"}, {"rfilename": "1_Pooling/config.json"}, {"rfilename": "config.json"}, {"rfilename": "config_sentence_transformers.json"}, {"rfilename": "model.safetensors"}, {"rfilename": "modules.json"}, {"rfilename": "sentence_bert_config.json"}, {"rfilename": "special_tokens_map.json"}, {"rfilename": "tokenizer.json"}, {"rfilename": "tokenizer_config.json"}, {"rfilename": "vocab.txt"}], "spaces": [], "createdAt": "2024-06-05T19:22:10.000Z", "safetensors": {"parameters": {"F32": 22713216}, "total": 22713216}, "inferenceStatus": "not-loaded"}