{"_id": "662f65daccdaea6dc781b84d", "id": "Rabeya/FinetunedOnAya", "modelId": "Rabeya/FinetunedOnAya", "author": "Rabeya", "sha": "9bd7f46f61102bc0d24747de19773eee2b49b8a9", "lastModified": "2024-04-29T14:01:14.000Z", "private": false, "disabled": false, "gated": false, "pipeline_tag": "text2text-generation", "tags": ["transformers", "pytorch", "t5", "text2text-generation", "autotrain_compatible", "text-generation-inference", "endpoints_compatible", "region:us"], "downloads": 10, "library_name": "transformers", "likes": 0, "config": {"architectures": ["T5ForConditionalGeneration"], "model_type": "t5", "tokenizer_config": {"eos_token": "</s>", "unk_token": "<unk>", "pad_token": "<pad>"}}, "transformersInfo": {"auto_model": "AutoModelForSeq2SeqLM", "pipeline_tag": "text2text-generation", "processor": "AutoTokenizer"}, "siblings": [{"rfilename": ".gitattributes"}, {"rfilename": "all_results.json"}, {"rfilename": "checkpoint-27547/config.json"}, {"rfilename": "checkpoint-27547/optimizer.pt"}, {"rfilename": "checkpoint-27547/pytorch_model.bin"}, {"rfilename": "checkpoint-27547/rng_state.pth"}, {"rfilename": "checkpoint-27547/scheduler.pt"}, {"rfilename": "checkpoint-27547/special_tokens_map.json"}, {"rfilename": "checkpoint-27547/spiece.model"}, {"rfilename": "checkpoint-27547/tokenizer_config.json"}, {"rfilename": "checkpoint-27547/trainer_state.json"}, {"rfilename": "checkpoint-27547/training_args.bin"}, {"rfilename": "checkpoint-29586/config.json"}, {"rfilename": "checkpoint-29586/optimizer.pt"}, {"rfilename": "checkpoint-29586/pytorch_model.bin"}, {"rfilename": "checkpoint-29586/rng_state.pth"}, {"rfilename": "checkpoint-29586/scheduler.pt"}, {"rfilename": "checkpoint-29586/special_tokens_map.json"}, {"rfilename": "checkpoint-29586/spiece.model"}, {"rfilename": "checkpoint-29586/tokenizer_config.json"}, {"rfilename": "checkpoint-29586/trainer_state.json"}, {"rfilename": "checkpoint-29586/training_args.bin"}, {"rfilename": "checkpoint-50000/config.json"}, {"rfilename": "checkpoint-50000/optimizer.pt"}, {"rfilename": "checkpoint-50000/pytorch_model.bin"}, {"rfilename": "checkpoint-50000/rng_state.pth"}, {"rfilename": "checkpoint-50000/scheduler.pt"}, {"rfilename": "checkpoint-50000/special_tokens_map.json"}, {"rfilename": "checkpoint-50000/spiece.model"}, {"rfilename": "checkpoint-50000/tokenizer_config.json"}, {"rfilename": "checkpoint-50000/trainer_state.json"}, {"rfilename": "checkpoint-50000/training_args.bin"}, {"rfilename": "config.json"}, {"rfilename": "eval_results.json"}, {"rfilename": "generated_predictions.txt"}, {"rfilename": "predict_results.json"}, {"rfilename": "pytorch_model.bin"}, {"rfilename": "special_tokens_map.json"}, {"rfilename": "spiece.model"}, {"rfilename": "tokenizer_config.json"}, {"rfilename": "train_results.json"}, {"rfilename": "trainer_state.json"}, {"rfilename": "training_args.bin"}], "spaces": [], "createdAt": "2024-04-29T09:18:18.000Z", "inferenceStatus": "not-loaded"}