{"_id": "65966214d61d4cbc1bf4df0d", "id": "rabil/TinyLlama-1.1B-Chat-v1.0-llamafile", "modelId": "rabil/TinyLlama-1.1B-Chat-v1.0-llamafile", "author": "rabil", "sha": "7cdb96178818f799da5022aeaa387cb6738f7580", "lastModified": "2024-01-04T08:39:20.000Z", "private": false, "disabled": false, "gated": false, "tags": ["llamafile", "GGUF", "base_model:TheBloke/TinyLlama-1.1B-Chat-v1.0-GGUF", "region:us"], "downloads": 14, "likes": 0, "model-index": null, "cardData": {"tags": ["llamafile", "GGUF"], "base_model": "TheBloke/TinyLlama-1.1B-Chat-v1.0-GGUF"}, "siblings": [{"rfilename": ".gitattributes"}, {"rfilename": "README.md"}, {"rfilename": "tinyllama-1.1b-chat-v1.0.Q3_K_M-server.llamafile"}, {"rfilename": "tinyllama-1.1b-chat-v1.0.Q4_K_M-server.llamafile"}, {"rfilename": "tinyllama-1.1b-chat-v1.0.Q5_0-server.llamafile"}, {"rfilename": "tinyllama-1.1b-chat-v1.0.Q5_K_M-server.llamafile"}, {"rfilename": "tinyllama-1.1b-chat-v1.0.Q8_0-server.llamafile"}], "spaces": [], "createdAt": "2024-01-04T07:45:24.000Z", "inferenceStatus": "not-loaded"}