{"_id": "6366e9daaa6a4af607401388", "id": "rabidgremlin/sd-db-epic-space-machine", "modelId": "rabidgremlin/sd-db-epic-space-machine", "author": "rabidgremlin", "sha": "b4d489a19035358c8770340c3221df7333db81e0", "lastModified": "2023-05-16T09:25:27.000Z", "private": false, "disabled": false, "gated": false, "pipeline_tag": "text-to-image", "tags": ["diffusers", "stable-diffusion", "stable-diffusion-diffusers", "text-to-image", "license:creativeml-openrail-m", "autotrain_compatible", "endpoints_compatible", "diffusers:StableDiffusionPipeline", "region:us"], "downloads": 45, "library_name": "diffusers", "likes": 29, "model-index": null, "config": {"diffusers": {"_class_name": "StableDiffusionPipeline"}}, "cardData": {"license": "creativeml-openrail-m", "tags": ["stable-diffusion", "stable-diffusion-diffusers", "text-to-image"]}, "siblings": [{"rfilename": ".gitattributes"}, {"rfilename": "A photo of a tangle of wires, close up, 8K,  in EpicSpaceMachine style.jpg"}, {"rfilename": "A photo of the insides of a mechanical watch, close up, 8K,  in EpicSpaceMachine style.jpg"}, {"rfilename": "A pile of paper clips, close up, 8K,  in EpicSpaceMachine style.jpg"}, {"rfilename": "A skyscraper under construction in EpicSpaceMachine style.jpg"}, {"rfilename": "Engine of a F1 race car, close up, 8K,  in EpicSpaceMachine style.jpg"}, {"rfilename": "EpicSpaceMachine.ckpt"}, {"rfilename": "Photo of A10 Warthog, 4K, award winning in EpicSpaceMachine style.jpg"}, {"rfilename": "Photo of a GPU , 4K, close up  in EpicSpaceMachine style.jpg"}, {"rfilename": "Photo of a futuristic space liner, 4K, award winning in EpicSpaceMachine style.jpg"}, {"rfilename": "Photo of a large excavator engine  in EpicSpaceMachine style.jpg"}, {"rfilename": "Photo of a mother board, close up, 4K  in EpicSpaceMachine style.jpg"}, {"rfilename": "README.md"}, {"rfilename": "feature_extractor/preprocessor_config.json"}, {"rfilename": "instance_images/EpicSpaceMachine_(1).jpg"}, {"rfilename": "instance_images/EpicSpaceMachine_(10).jpg"}, {"rfilename": "instance_images/EpicSpaceMachine_(11).jpg"}, {"rfilename": "instance_images/EpicSpaceMachine_(12).jpg"}, {"rfilename": "instance_images/EpicSpaceMachine_(13).jpg"}, {"rfilename": "instance_images/EpicSpaceMachine_(14).jpg"}, {"rfilename": "instance_images/EpicSpaceMachine_(15).jpg"}, {"rfilename": "instance_images/EpicSpaceMachine_(16).jpg"}, {"rfilename": "instance_images/EpicSpaceMachine_(17).jpg"}, {"rfilename": "instance_images/EpicSpaceMachine_(18).jpg"}, {"rfilename": "instance_images/EpicSpaceMachine_(19).jpg"}, {"rfilename": "instance_images/EpicSpaceMachine_(2).jpg"}, {"rfilename": "instance_images/EpicSpaceMachine_(20).jpg"}, {"rfilename": "instance_images/EpicSpaceMachine_(21).jpg"}, {"rfilename": "instance_images/EpicSpaceMachine_(22).jpg"}, {"rfilename": "instance_images/EpicSpaceMachine_(23).jpg"}, {"rfilename": "instance_images/EpicSpaceMachine_(24).jpg"}, {"rfilename": "instance_images/EpicSpaceMachine_(25).jpg"}, {"rfilename": "instance_images/EpicSpaceMachine_(26).jpg"}, {"rfilename": "instance_images/EpicSpaceMachine_(27).jpg"}, {"rfilename": "instance_images/EpicSpaceMachine_(28).jpg"}, {"rfilename": "instance_images/EpicSpaceMachine_(29).jpg"}, {"rfilename": "instance_images/EpicSpaceMachine_(3).jpg"}, {"rfilename": "instance_images/EpicSpaceMachine_(30).jpg"}, {"rfilename": "instance_images/EpicSpaceMachine_(31).jpg"}, {"rfilename": "instance_images/EpicSpaceMachine_(32).jpg"}, {"rfilename": "instance_images/EpicSpaceMachine_(33).jpg"}, {"rfilename": "instance_images/EpicSpaceMachine_(34).jpg"}, {"rfilename": "instance_images/EpicSpaceMachine_(35).jpg"}, {"rfilename": "instance_images/EpicSpaceMachine_(36).jpg"}, {"rfilename": "instance_images/EpicSpaceMachine_(37).jpg"}, {"rfilename": "instance_images/EpicSpaceMachine_(38).jpg"}, {"rfilename": "instance_images/EpicSpaceMachine_(39).jpg"}, {"rfilename": "instance_images/EpicSpaceMachine_(4).jpg"}, {"rfilename": "instance_images/EpicSpaceMachine_(40).jpg"}, {"rfilename": "instance_images/EpicSpaceMachine_(41).jpg"}, {"rfilename": "instance_images/EpicSpaceMachine_(42).jpg"}, {"rfilename": "instance_images/EpicSpaceMachine_(43).jpg"}, {"rfilename": "instance_images/EpicSpaceMachine_(44).jpg"}, {"rfilename": "instance_images/EpicSpaceMachine_(45).jpg"}, {"rfilename": "instance_images/EpicSpaceMachine_(46).jpg"}, {"rfilename": "instance_images/EpicSpaceMachine_(47).jpg"}, {"rfilename": "instance_images/EpicSpaceMachine_(48).jpg"}, {"rfilename": "instance_images/EpicSpaceMachine_(49).jpg"}, {"rfilename": "instance_images/EpicSpaceMachine_(5).jpg"}, {"rfilename": "instance_images/EpicSpaceMachine_(50).jpg"}, {"rfilename": "instance_images/EpicSpaceMachine_(6).jpg"}, {"rfilename": "instance_images/EpicSpaceMachine_(7).jpg"}, {"rfilename": "instance_images/EpicSpaceMachine_(8).jpg"}, {"rfilename": "instance_images/EpicSpaceMachine_(9).jpg"}, {"rfilename": "model_index.json"}, {"rfilename": "safety_checker/config.json"}, {"rfilename": "safety_checker/pytorch_model.bin"}, {"rfilename": "scheduler/scheduler_config.json"}, {"rfilename": "text_encoder/config.json"}, {"rfilename": "text_encoder/pytorch_model.bin"}, {"rfilename": "tokenizer/merges.txt"}, {"rfilename": "tokenizer/special_tokens_map.json"}, {"rfilename": "tokenizer/tokenizer_config.json"}, {"rfilename": "tokenizer/vocab.json"}, {"rfilename": "unet/config.json"}, {"rfilename": "unet/diffusion_pytorch_model.bin"}, {"rfilename": "vae/config.json"}, {"rfilename": "vae/diffusion_pytorch_model.bin"}], "spaces": ["AdamOswald1/finetuned_diffusion", "SUPERSHANKY/Finetuned_Diffusion_Max", "Harshveer/Finetuned_Diffusion_Max", "ivanmeyer/Finetuned_Diffusion_Max", "ygtrfed/pp-web-ui", "BWJ2/finetuned_diffusion", "Hydrc68/nitrosocke-Arcane-Diffusion", "ReiPlush64/Finetuned_Diffusion_Max"], "createdAt": "2022-11-05T22:55:22.000Z", "inferenceStatus": "not-loaded"}