{"_id": "659f409fab6377a76c0cce9b", "id": "rabil/openchat-3.5-0106-llamafile", "modelId": "rabil/openchat-3.5-0106-llamafile", "author": "rabil", "sha": "3fc03e2b31b43567c35952e7c9fba3b7bfdcd7ac", "lastModified": "2024-01-11T01:17:36.000Z", "private": false, "disabled": false, "gated": false, "tags": ["llamafile", "GGUF", "base_model:TheBloke/openchat-3.5-0106-GGUF", "region:us"], "downloads": 10, "likes": 0, "model-index": null, "cardData": {"tags": ["llamafile", "GGUF"], "base_model": "TheBloke/openchat-3.5-0106-GGUF"}, "siblings": [{"rfilename": ".gitattributes"}, {"rfilename": "README.md"}, {"rfilename": "openchat-3.5-0106.Q2_K.llamafile"}, {"rfilename": "openchat-3.5-0106.Q4_K_M.llamafile"}, {"rfilename": "openchat-3.5-0106.Q5_K_M.llamafile"}, {"rfilename": "openchat-3.5-0106.Q8_0.llamafile"}], "spaces": [], "createdAt": "2024-01-11T01:13:03.000Z", "inferenceStatus": "not-loaded"}