{"_id": "65a96a5e230423404fb37a77", "id": "Rabidclue/IndianSharee", "modelId": "Rabidclue/IndianSharee", "author": "Rabidclue", "sha": "c84e44393b53a687e8adeabf58cd1f9a1f873de5", "lastModified": "2024-01-18T18:19:00.000Z", "private": false, "disabled": false, "gated": false, "tags": ["region:us"], "downloads": 0, "likes": 0, "siblings": [{"rfilename": ".gitattributes"}, {"rfilename": "Indian saree.safetensors"}], "spaces": [], "createdAt": "2024-01-18T18:13:50.000Z", "inferenceStatus": "not-loaded"}