{"_id": "65a6576c99ffde8df94359cb", "id": "Rabidclue/HentaiMangaTypev.1", "modelId": "Rabidclue/HentaiMangaTypev.1", "author": "Rabidclue", "sha": "7d86ba6e151feecea6dc27e856eca8aa56a5e7c3", "lastModified": "2024-01-16T10:18:30.000Z", "private": false, "disabled": false, "gated": false, "tags": ["region:us"], "downloads": 0, "likes": 1, "siblings": [{"rfilename": ".gitattributes"}, {"rfilename": "MangaHentaiStyleConceptv2.pt"}], "spaces": [], "createdAt": "2024-01-16T10:16:12.000Z", "inferenceStatus": "not-loaded"}