{"_id": "65abdd512f560c70ff61a843", "id": "Rabidclue/pantpulldownLora", "modelId": "Rabidclue/pantpulldownLora", "author": "Rabidclue", "sha": "fdf9f4a8a527e5edf64fda9f737c6c6433e1d477", "lastModified": "2024-01-20T14:50:11.000Z", "private": false, "disabled": false, "gated": false, "tags": ["region:us"], "downloads": 0, "likes": 0, "siblings": [{"rfilename": ".gitattributes"}, {"rfilename": "pantpulldown.safetensors"}], "spaces": [], "createdAt": "2024-01-20T14:48:49.000Z", "inferenceStatus": "not-loaded"}