{"_id": "65a9807d848a78d4daec29cd", "id": "Rabidclue/QueeBeeAmi", "modelId": "Rabidclue/QueeBeeAmi", "author": "Rabidclue", "sha": "fe3009daec41883ccf4f0e478fcdcfa3c6c170b8", "lastModified": "2024-01-18T19:48:50.000Z", "private": false, "disabled": false, "gated": false, "tags": ["region:us"], "downloads": 0, "likes": 0, "siblings": [{"rfilename": ".gitattributes"}, {"rfilename": "octopssy_v4LOR-lor-24.safetensors"}], "spaces": [], "createdAt": "2024-01-18T19:48:13.000Z", "inferenceStatus": "not-loaded"}