{"_id": "659ae59c22031755fd74954d", "id": "rabil/dolphin-2_6-phi-2-llamafile", "modelId": "rabil/dolphin-2_6-phi-2-llamafile", "author": "rabil", "sha": "3e4ccd1756c937f7560552d0e4250802408b010a", "lastModified": "2024-01-07T18:11:52.000Z", "private": false, "disabled": false, "gated": false, "tags": ["llamafile", "GGUF", "base_model:TheBloke/dolphin-2_6-phi-2-GGUF", "region:us"], "downloads": 32, "likes": 0, "model-index": null, "cardData": {"tags": ["llamafile", "GGUF"], "base_model": "TheBloke/dolphin-2_6-phi-2-GGUF"}, "siblings": [{"rfilename": ".gitattributes"}, {"rfilename": "README.md"}, {"rfilename": "dolphin-2_6-phi-2.Q2_K-server.llamafile"}, {"rfilename": "dolphin-2_6-phi-2.Q4_K_M-server.llamafile"}, {"rfilename": "dolphin-2_6-phi-2.Q5_K_M-server.llamafile"}, {"rfilename": "dolphin-2_6-phi-2.Q8_0-server.llamafile"}], "spaces": [], "createdAt": "2024-01-07T17:55:40.000Z", "inferenceStatus": "not-loaded"}