{"_id": "65a9826e206a2a9fd07dfdaa", "id": "Rabidclue/QueeBeeAmiv2", "modelId": "Rabidclue/QueeBeeAmiv2", "author": "Rabidclue", "sha": "b6bdddccff794da8897bcd814ec5377b877098d5", "lastModified": "2024-01-18T19:57:09.000Z", "private": false, "disabled": false, "gated": false, "tags": ["region:us"], "downloads": 0, "likes": 0, "siblings": [{"rfilename": ".gitattributes"}, {"rfilename": "octopssy_v4LOR-lor-24.safetensors"}], "spaces": [], "createdAt": "2024-01-18T19:56:30.000Z", "inferenceStatus": "not-loaded"}