{"_id": "660594cfd02e2cd7006596da", "id": "rabil/Lily-Cybersecurity-7B-v0.2", "modelId": "rabil/Lily-Cybersecurity-7B-v0.2", "author": "rabil", "sha": "748b3aa62c248fdc8323ceb32ce58614c5492cb9", "lastModified": "2024-03-28T16:08:46.000Z", "private": false, "disabled": false, "gated": false, "tags": ["llamafile", "GGUF", "base_model:segolilylabs/Lily-Cybersecurity-7B-v0.2-GGUF", "region:us"], "downloads": 14, "likes": 1, "model-index": null, "cardData": {"tags": ["llamafile", "GGUF"], "base_model": "segolilylabs/Lily-Cybersecurity-7B-v0.2-GGUF"}, "siblings": [{"rfilename": ".gitattributes"}, {"rfilename": "Lily-7B-Instruct-v0.2.Q5_K_M.llamafile"}, {"rfilename": "README.md"}], "spaces": [], "createdAt": "2024-03-28T16:03:27.000Z", "inferenceStatus": "not-loaded"}