{"_id": "65abd3086a55aac02a0edf8e", "id": "Rabidclue/PantyLineLoRa", "modelId": "Rabidclue/PantyLineLoRa", "author": "Rabidclue", "sha": "cab579e4c708e17b6573d57e1e0fec49fbc66dc9", "lastModified": "2024-01-20T14:07:43.000Z", "private": false, "disabled": false, "gated": false, "tags": ["region:us"], "downloads": 0, "likes": 0, "siblings": [{"rfilename": ".gitattributes"}, {"rfilename": "Ten_v2.1.safetensors"}], "spaces": [], "createdAt": "2024-01-20T14:04:56.000Z", "inferenceStatus": "not-loaded"}