{"_id": "65a96d0e2ed95c799fc3eab1", "id": "Rabidclue/SuckingHerOwnNipple", "modelId": "Rabidclue/SuckingHerOwnNipple", "author": "Rabidclue", "sha": "76c33f6d10d2f9075ce63ee1eed7aec0127d9e22", "lastModified": "2024-01-18T18:25:59.000Z", "private": false, "disabled": false, "gated": false, "tags": ["region:us"], "downloads": 0, "likes": 1, "siblings": [{"rfilename": ".gitattributes"}, {"rfilename": "SHONXplicitContent.safetensors"}], "spaces": [], "createdAt": "2024-01-18T18:25:18.000Z", "inferenceStatus": "not-loaded"}