{"_id": "65a6e52fcc67787a8de83585", "id": "Rabidclue/hardcoreHentai12_v12BakedVAE", "modelId": "Rabidclue/hardcoreHentai12_v12BakedVAE", "author": "Rabidclue", "sha": "e45e720f4436b18d286e48c13b8a4bb991f217b8", "lastModified": "2024-01-17T05:26:45.000Z", "private": false, "disabled": false, "gated": false, "tags": ["region:us"], "downloads": 0, "likes": 1, "siblings": [{"rfilename": "hardcoreHentai12_v12BakedVAE.safetensors"}], "spaces": [], "createdAt": "2024-01-16T20:21:03.000Z", "inferenceStatus": "not-loaded"}