{"_id": "661df5b134a48176273613e6", "id": "rabimba/Gemma-COT-Q4_K_M-GGUF", "modelId": "rabimba/Gemma-COT-Q4_K_M-GGUF", "author": "rabimba", "sha": "6205c906d643ccee061c7adbbaa3fccf73e98d02", "lastModified": "2024-04-17T02:20:26.000Z", "private": false, "disabled": false, "gated": false, "tags": ["gguf", "llama-cpp", "gguf-my-repo", "region:us"], "downloads": 18, "likes": 0, "model-index": null, "cardData": {"tags": ["llama-cpp", "gguf-my-repo"]}, "siblings": [{"rfilename": ".gitattributes"}, {"rfilename": "README.md"}, {"rfilename": "gemma-cot.Q4_K_M.gguf"}], "spaces": [], "createdAt": "2024-04-16T03:51:13.000Z", "inferenceStatus": "not-loaded"}