{"_id": "668fea7a5d0a25eea598c422", "id": "RabidUmarell/toxic-mbert", "modelId": "RabidUmarell/toxic-mbert", "author": "RabidUmarell", "sha": "9ce4bb585bbce4ac62747c17a9f61d824970a084", "lastModified": "2024-07-11T15:10:09.000Z", "private": false, "disabled": false, "gated": false, "pipeline_tag": "text-classification", "tags": ["transformers", "safetensors", "bert", "text-classification", "hu", "license:agpl-3.0", "autotrain_compatible", "endpoints_compatible", "region:us"], "downloads": 0, "library_name": "transformers", "mask_token": "[MASK]", "widgetData": [{"text": "Majd \u00fagy csin\u00e1lj\u00e1k, hogy a Timmermans-f\u00e9le g\u00f6r\u00f6gdinnye z\u0151dkomcsik nyerjenek."}, {"text": "Ha van valami kisebb kih\u00e1g\u00e1suk, nem felelnek meg az eg\u00e9szs\u00e9g\u00fcgyi, munka\u00fcgyi k\u00f6vetelm\u00e9nyeknek, akkor bez\u00e1rni a boltot \u00e9s kipaterolni \u0151ket."}, {"text": "A Nagy-Alb\u00e1nia-elk\u00e9pzel\u00e9s, azaz a minden alb\u00e1n egy \u00e1llamban val\u00f3 \u00f6sszefog\u00e1s\u00e1nak elm\u00e9lete hossz\u00fa m\u00faltra tekint vissza"}], "likes": 0, "model-index": null, "config": {"architectures": ["BertForSequenceClassification"], "model_type": "bert", "tokenizer_config": {"cls_token": "[CLS]", "mask_token": "[MASK]", "pad_token": "[PAD]", "sep_token": "[SEP]", "unk_token": "[UNK]"}}, "cardData": {"license": "agpl-3.0", "language": ["hu"], "metrics": ["f1"], "pipeline_tag": "text-classification", "widget": [{"text": "Majd \u00fagy csin\u00e1lj\u00e1k, hogy a Timmermans-f\u00e9le g\u00f6r\u00f6gdinnye z\u0151dkomcsik nyerjenek."}, {"text": "Ha van valami kisebb kih\u00e1g\u00e1suk, nem felelnek meg az eg\u00e9szs\u00e9g\u00fcgyi, munka\u00fcgyi k\u00f6vetelm\u00e9nyeknek, akkor bez\u00e1rni a boltot \u00e9s kipaterolni \u0151ket."}, {"text": "A Nagy-Alb\u00e1nia-elk\u00e9pzel\u00e9s, azaz a minden alb\u00e1n egy \u00e1llamban val\u00f3 \u00f6sszefog\u00e1s\u00e1nak elm\u00e9lete hossz\u00fa m\u00faltra tekint vissza"}]}, "transformersInfo": {"auto_model": "AutoModelForSequenceClassification", "pipeline_tag": "text-classification", "processor": "AutoTokenizer"}, "siblings": [{"rfilename": ".gitattributes"}, {"rfilename": "README.md"}, {"rfilename": "config.json"}, {"rfilename": "model.safetensors"}, {"rfilename": "optimizer.pt"}, {"rfilename": "rng_state.pth"}, {"rfilename": "scheduler.pt"}, {"rfilename": "special_tokens_map.json"}, {"rfilename": "tokenizer.json"}, {"rfilename": "tokenizer_config.json"}, {"rfilename": "trainer_state.json"}, {"rfilename": "training_args.bin"}, {"rfilename": "vocab.txt"}], "spaces": [], "createdAt": "2024-07-11T14:21:46.000Z", "safetensors": {"parameters": {"F32": 177858054}, "total": 177858054}, "inferenceStatus": "not-loaded"}