{"_id": "65dac648be18bfea69351048", "id": "rabib03/color-concept-arts", "modelId": "rabib03/color-concept-arts", "author": "rabib03", "sha": "5a312ea776f1840a2213925de9d246fd3d796104", "lastModified": "2024-02-25T04:47:04.000Z", "private": false, "disabled": false, "gated": false, "tags": ["license:c-uda", "region:us"], "downloads": 0, "likes": 0, "model-index": null, "cardData": {"license": "c-uda"}, "siblings": [{"rfilename": ".gitattributes"}, {"rfilename": "README.md"}], "spaces": [], "createdAt": "2024-02-25T04:47:04.000Z", "inferenceStatus": "not-loaded"}