{"_id": "6364810cf2984121733e53c1", "id": "rabidgremlin/sd-db-block-world-rtx", "modelId": "rabidgremlin/sd-db-block-world-rtx", "author": "rabidgremlin", "sha": "62dc6f54c45b0e4c654c0d8b72025fdefa0aded6", "lastModified": "2023-05-16T09:25:08.000Z", "private": false, "disabled": false, "gated": false, "pipeline_tag": "text-to-image", "tags": ["diffusers", "stable-diffusion", "stable-diffusion-diffusers", "text-to-image", "license:creativeml-openrail-m", "autotrain_compatible", "endpoints_compatible", "diffusers:StableDiffusionPipeline", "region:us"], "downloads": 26, "library_name": "diffusers", "likes": 10, "model-index": null, "config": {"diffusers": {"_class_name": "StableDiffusionPipeline"}}, "cardData": {"license": "creativeml-openrail-m", "tags": ["stable-diffusion", "stable-diffusion-diffusers", "text-to-image"]}, "siblings": [{"rfilename": ".gitattributes"}, {"rfilename": "BlockWorldRTX.ckpt"}, {"rfilename": "README.md"}, {"rfilename": "example_outputs.jpg"}, {"rfilename": "feature_extractor/preprocessor_config.json"}, {"rfilename": "instance_images/BlockWorldRTX_(1).jpg"}, {"rfilename": "instance_images/BlockWorldRTX_(10).jpg"}, {"rfilename": "instance_images/BlockWorldRTX_(11).jpg"}, {"rfilename": "instance_images/BlockWorldRTX_(12).jpg"}, {"rfilename": "instance_images/BlockWorldRTX_(13).jpg"}, {"rfilename": "instance_images/BlockWorldRTX_(14).jpg"}, {"rfilename": "instance_images/BlockWorldRTX_(15).jpg"}, {"rfilename": "instance_images/BlockWorldRTX_(16).jpg"}, {"rfilename": "instance_images/BlockWorldRTX_(17).jpg"}, {"rfilename": "instance_images/BlockWorldRTX_(18).jpg"}, {"rfilename": "instance_images/BlockWorldRTX_(19).jpg"}, {"rfilename": "instance_images/BlockWorldRTX_(2).jpg"}, {"rfilename": "instance_images/BlockWorldRTX_(20).jpg"}, {"rfilename": "instance_images/BlockWorldRTX_(21).jpg"}, {"rfilename": "instance_images/BlockWorldRTX_(22).jpg"}, {"rfilename": "instance_images/BlockWorldRTX_(23).jpg"}, {"rfilename": "instance_images/BlockWorldRTX_(24).jpg"}, {"rfilename": "instance_images/BlockWorldRTX_(25).jpg"}, {"rfilename": "instance_images/BlockWorldRTX_(26).jpg"}, {"rfilename": "instance_images/BlockWorldRTX_(27).jpg"}, {"rfilename": "instance_images/BlockWorldRTX_(28).jpg"}, {"rfilename": "instance_images/BlockWorldRTX_(29).jpg"}, {"rfilename": "instance_images/BlockWorldRTX_(3).jpg"}, {"rfilename": "instance_images/BlockWorldRTX_(30).jpg"}, {"rfilename": "instance_images/BlockWorldRTX_(31).jpg"}, {"rfilename": "instance_images/BlockWorldRTX_(32).jpg"}, {"rfilename": "instance_images/BlockWorldRTX_(33).jpg"}, {"rfilename": "instance_images/BlockWorldRTX_(34).jpg"}, {"rfilename": "instance_images/BlockWorldRTX_(35).jpg"}, {"rfilename": "instance_images/BlockWorldRTX_(36).jpg"}, {"rfilename": "instance_images/BlockWorldRTX_(37).jpg"}, {"rfilename": "instance_images/BlockWorldRTX_(38).jpg"}, {"rfilename": "instance_images/BlockWorldRTX_(39).jpg"}, {"rfilename": "instance_images/BlockWorldRTX_(4).jpg"}, {"rfilename": "instance_images/BlockWorldRTX_(40).jpg"}, {"rfilename": "instance_images/BlockWorldRTX_(41).jpg"}, {"rfilename": "instance_images/BlockWorldRTX_(42).jpg"}, {"rfilename": "instance_images/BlockWorldRTX_(43).jpg"}, {"rfilename": "instance_images/BlockWorldRTX_(44).jpg"}, {"rfilename": "instance_images/BlockWorldRTX_(45).jpg"}, {"rfilename": "instance_images/BlockWorldRTX_(46).jpg"}, {"rfilename": "instance_images/BlockWorldRTX_(47).jpg"}, {"rfilename": "instance_images/BlockWorldRTX_(48).jpg"}, {"rfilename": "instance_images/BlockWorldRTX_(49).jpg"}, {"rfilename": "instance_images/BlockWorldRTX_(5).jpg"}, {"rfilename": "instance_images/BlockWorldRTX_(50).jpg"}, {"rfilename": "instance_images/BlockWorldRTX_(6).jpg"}, {"rfilename": "instance_images/BlockWorldRTX_(7).jpg"}, {"rfilename": "instance_images/BlockWorldRTX_(8).jpg"}, {"rfilename": "instance_images/BlockWorldRTX_(9).jpg"}, {"rfilename": "model_index.json"}, {"rfilename": "safety_checker/config.json"}, {"rfilename": "safety_checker/pytorch_model.bin"}, {"rfilename": "scheduler/scheduler_config.json"}, {"rfilename": "text_encoder/config.json"}, {"rfilename": "text_encoder/pytorch_model.bin"}, {"rfilename": "tokenizer/merges.txt"}, {"rfilename": "tokenizer/special_tokens_map.json"}, {"rfilename": "tokenizer/tokenizer_config.json"}, {"rfilename": "tokenizer/vocab.json"}, {"rfilename": "unet/config.json"}, {"rfilename": "unet/diffusion_pytorch_model.bin"}, {"rfilename": "vae/config.json"}, {"rfilename": "vae/diffusion_pytorch_model.bin"}], "spaces": [], "createdAt": "2022-11-04T03:03:40.000Z", "inferenceStatus": "not-loaded"}