{"_id": "658c2f3d74e79b9a8ea3cc68", "id": "rabil/mistral-ft-optimized-1218-llamafile", "modelId": "rabil/mistral-ft-optimized-1218-llamafile", "author": "rabil", "sha": "11db94c453ba34491e6e62112a3d2dca68b4b940", "lastModified": "2023-12-27T14:09:43.000Z", "private": false, "disabled": false, "gated": false, "tags": ["llamafile", "region:us"], "downloads": 11, "likes": 0, "siblings": [{"rfilename": ".gitattributes"}, {"rfilename": "README.md"}, {"rfilename": "mistral-ft-optimized-1218.Q4_K_M-server.llamafile"}, {"rfilename": "mistral-ft-optimized-1218.Q5_K_M-server.llamafile"}, {"rfilename": "mistral-ft-optimized-1218.Q8_0-server.llamafile"}], "spaces": [], "createdAt": "2023-12-27T14:05:49.000Z", "inferenceStatus": "not-loaded"}