{"_id": "6675f0faa845e4470f7c04f6", "id": "J-AI/principal", "modelId": "J-AI/principal", "author": "J-AI", "sha": "d054ce3339303254e1f2e8e2da2f06072a69784d", "lastModified": "2024-06-21T21:34:01.000Z", "private": false, "disabled": false, "gated": false, "pipeline_tag": "text-generation", "tags": ["transformers", "safetensors", "mistral", "text-generation", "text-generation-inference", "unsloth", "trl", "conversational", "en", "base_model:JJhooww/MistralReloadBR_v2_ptbr", "license:apache-2.0", "autotrain_compatible", "endpoints_compatible", "region:us"], "downloads": 1, "library_name": "transformers", "widgetData": [{"text": "Hey my name is Julien! How are you?"}, {"text": "Hey my name is Thomas! How are you?"}, {"text": "Hey my name is Mariama! How are you?"}, {"text": "Hey my name is Clara! How are you?"}, {"text": "Hey my name is Julien! How are you?"}, {"text": "Hi."}], "likes": 0, "model-index": null, "config": {"architectures": ["MistralForCausalLM"], "model_type": "mistral", "tokenizer_config": {"bos_token": "<s>", "chat_template": "{% for message in messages %}{% if message['from'] == 'human' %}{{'<|im_start|>user\n' + message['value'] + '<|im_end|>\n'}}{% elif message['from'] == 'gpt' %}{{'<|im_start|>assistant\n' + message['value'] + '<|im_end|>\n' }}{% else %}{{ '<|im_start|>system\n' + message['value'] + '<|im_end|>\n' }}{% endif %}{% endfor %}{% if add_generation_prompt %}{{ '<|im_start|>assistant\n' }}{% endif %}", "eos_token": "<|im_end|>", "pad_token": "<unk>", "unk_token": "<unk>", "use_default_system_prompt": false}}, "cardData": {"base_model": "JJhooww/MistralReloadBR_v2_ptbr", "language": ["en"], "license": "apache-2.0", "tags": ["text-generation-inference", "transformers", "unsloth", "mistral", "trl"]}, "transformersInfo": {"auto_model": "AutoModelForCausalLM", "pipeline_tag": "text-generation", "processor": "AutoTokenizer"}, "siblings": [{"rfilename": ".gitattributes"}, {"rfilename": "README.md"}, {"rfilename": "config.json"}, {"rfilename": "generation_config.json"}, {"rfilename": "model-00001-of-00003.safetensors"}, {"rfilename": "model-00002-of-00003.safetensors"}, {"rfilename": "model-00003-of-00003.safetensors"}, {"rfilename": "model.safetensors.index.json"}, {"rfilename": "special_tokens_map.json"}, {"rfilename": "tokenizer.json"}, {"rfilename": "tokenizer_config.json"}], "spaces": [], "createdAt": "2024-06-21T21:30:34.000Z", "safetensors": {"parameters": {"BF16": 7241732096}, "total": 7241732096}, "inferenceStatus": "not-loaded"}