{"_id": "6675ed91b93db62b252a183a", "id": "J-AI/Lora_principal", "modelId": "J-AI/Lora_principal", "author": "J-AI", "sha": "a5dc69781dacdc9cef1afc8c015ee9fe77c5d4c7", "lastModified": "2024-06-21T21:30:33.000Z", "private": false, "disabled": false, "gated": false, "tags": ["transformers", "safetensors", "gguf", "mistral", "unsloth", "arxiv:1910.09700", "text-generation-inference", "endpoints_compatible", "region:us"], "downloads": 3011, "library_name": "transformers", "likes": 0, "model-index": null, "config": {"model_type": "mistral", "tokenizer_config": {"bos_token": "<s>", "chat_template": "{% for message in messages %}{% if message['from'] == 'human' %}{{'<|im_start|>user\n' + message['value'] + '<|im_end|>\n'}}{% elif message['from'] == 'gpt' %}{{'<|im_start|>assistant\n' + message['value'] + '<|im_end|>\n' }}{% else %}{{ '<|im_start|>system\n' + message['value'] + '<|im_end|>\n' }}{% endif %}{% endfor %}{% if add_generation_prompt %}{{ '<|im_start|>assistant\n' }}{% endif %}", "eos_token": "<|im_end|>", "pad_token": "<unk>", "unk_token": "<unk>", "use_default_system_prompt": false}}, "cardData": {"library_name": "transformers", "tags": ["unsloth"]}, "transformersInfo": {"auto_model": "AutoModel"}, "siblings": [{"rfilename": ".gitattributes"}, {"rfilename": "Modelfile"}, {"rfilename": "README.md"}, {"rfilename": "adapter_config.json"}, {"rfilename": "adapter_model.safetensors"}, {"rfilename": "config.json"}, {"rfilename": "special_tokens_map.json"}, {"rfilename": "tokenizer.json"}, {"rfilename": "tokenizer_config.json"}, {"rfilename": "unsloth.BF16.gguf"}, {"rfilename": "unsloth.Q4_K_M.gguf"}], "spaces": [], "createdAt": "2024-06-21T21:16:01.000Z", "inferenceStatus": "not-loaded"}