{"_id": "65d7909c2c9f76a077c52828", "id": "j-carp/llama-7b-qlora-ultrachat", "modelId": "j-carp/llama-7b-qlora-ultrachat", "author": "j-carp", "sha": "09f60ea797f21fb744cf8ed08fad5d0247436aa0", "lastModified": "2024-03-01T14:40:44.000Z", "private": false, "disabled": false, "gated": false, "tags": ["tensorboard", "safetensors", "region:us"], "downloads": 0, "likes": 0, "config": {"tokenizer_config": {"bos_token": "<s>", "eos_token": "</s>", "pad_token": "<PAD>", "unk_token": "<unk>", "use_default_system_prompt": false}}, "siblings": [{"rfilename": ".gitattributes"}, {"rfilename": "adapter_config.json"}, {"rfilename": "adapter_model.safetensors"}, {"rfilename": "added_tokens.json"}, {"rfilename": "runs/Feb22_18-20-40_fff2dd20b545/events.out.tfevents.1708626080.fff2dd20b545.361.0"}, {"rfilename": "runs/Feb23_14-31-40_b23789d9438b/events.out.tfevents.1708698740.b23789d9438b.249.0"}, {"rfilename": "runs/Feb27_15-06-32_df02a42729f3/events.out.tfevents.1709046393.df02a42729f3.483.0"}, {"rfilename": "runs/Feb27_17-49-53_9eeb1299a95a/events.out.tfevents.1709056228.9eeb1299a95a.2636.0"}, {"rfilename": "runs/Feb28_15-26-19_6fadc6b31e20/events.out.tfevents.1709134154.6fadc6b31e20.765.0"}, {"rfilename": "runs/Mar01_13-02-14_e4cc1c09d7ec/events.out.tfevents.1709298162.e4cc1c09d7ec.176.0"}, {"rfilename": "runs/Mar01_13-05-56_e4cc1c09d7ec/events.out.tfevents.1709298380.e4cc1c09d7ec.176.1"}, {"rfilename": "special_tokens_map.json"}, {"rfilename": "tokenizer.json"}, {"rfilename": "tokenizer.model"}, {"rfilename": "tokenizer_config.json"}, {"rfilename": "training_args.bin"}], "spaces": [], "createdAt": "2024-02-22T18:21:16.000Z", "inferenceStatus": "not-loaded"}