{"_id": "64a761d30164625450706c4d", "id": "J-Douglas/pixel-character-lora", "modelId": "J-Douglas/pixel-character-lora", "author": "J-Douglas", "sha": "3d4f084a663fb5a17c1e77027ba70ecef0800020", "lastModified": "2023-07-07T18:41:40.000Z", "private": false, "disabled": false, "gated": false, "pipeline_tag": "text-to-image", "tags": ["diffusers", "stable-diffusion", "stable-diffusion-diffusers", "text-to-image", "lora", "base_model:CompVis/stable-diffusion-v1-1", "license:creativeml-openrail-m", "region:us"], "downloads": 33, "library_name": "diffusers", "likes": 1, "model-index": null, "cardData": {"license": "creativeml-openrail-m", "base_model": "CompVis/stable-diffusion-v1-1", "tags": ["stable-diffusion", "stable-diffusion-diffusers", "text-to-image", "diffusers", "lora"], "inference": true}, "siblings": [{"rfilename": ".gitattributes"}, {"rfilename": "README.md"}, {"rfilename": "checkpoint-1000/optimizer.bin"}, {"rfilename": "checkpoint-1000/pytorch_model.bin"}, {"rfilename": "checkpoint-1000/random_states_0.pkl"}, {"rfilename": "checkpoint-1000/scaler.pt"}, {"rfilename": "checkpoint-1000/scheduler.bin"}, {"rfilename": "checkpoint-1500/optimizer.bin"}, {"rfilename": "checkpoint-1500/pytorch_model.bin"}, {"rfilename": "checkpoint-1500/random_states_0.pkl"}, {"rfilename": "checkpoint-1500/scaler.pt"}, {"rfilename": "checkpoint-1500/scheduler.bin"}, {"rfilename": "checkpoint-2000/optimizer.bin"}, {"rfilename": "checkpoint-2000/pytorch_model.bin"}, {"rfilename": "checkpoint-2000/random_states_0.pkl"}, {"rfilename": "checkpoint-2000/scaler.pt"}, {"rfilename": "checkpoint-2000/scheduler.bin"}, {"rfilename": "checkpoint-2500/optimizer.bin"}, {"rfilename": "checkpoint-2500/pytorch_model.bin"}, {"rfilename": "checkpoint-2500/random_states_0.pkl"}, {"rfilename": "checkpoint-2500/scaler.pt"}, {"rfilename": "checkpoint-2500/scheduler.bin"}, {"rfilename": "checkpoint-3000/optimizer.bin"}, {"rfilename": "checkpoint-3000/pytorch_model.bin"}, {"rfilename": "checkpoint-3000/random_states_0.pkl"}, {"rfilename": "checkpoint-3000/scaler.pt"}, {"rfilename": "checkpoint-3000/scheduler.bin"}, {"rfilename": "checkpoint-3500/optimizer.bin"}, {"rfilename": "checkpoint-3500/pytorch_model.bin"}, {"rfilename": "checkpoint-3500/random_states_0.pkl"}, {"rfilename": "checkpoint-3500/scaler.pt"}, {"rfilename": "checkpoint-3500/scheduler.bin"}, {"rfilename": "checkpoint-4000/optimizer.bin"}, {"rfilename": "checkpoint-4000/pytorch_model.bin"}, {"rfilename": "checkpoint-4000/random_states_0.pkl"}, {"rfilename": "checkpoint-4000/scaler.pt"}, {"rfilename": "checkpoint-4000/scheduler.bin"}, {"rfilename": "checkpoint-4500/optimizer.bin"}, {"rfilename": "checkpoint-4500/pytorch_model.bin"}, {"rfilename": "checkpoint-4500/random_states_0.pkl"}, {"rfilename": "checkpoint-4500/scaler.pt"}, {"rfilename": "checkpoint-4500/scheduler.bin"}, {"rfilename": "checkpoint-500/optimizer.bin"}, {"rfilename": "checkpoint-500/pytorch_model.bin"}, {"rfilename": "checkpoint-500/random_states_0.pkl"}, {"rfilename": "checkpoint-500/scaler.pt"}, {"rfilename": "checkpoint-500/scheduler.bin"}, {"rfilename": "checkpoint-5000/optimizer.bin"}, {"rfilename": "checkpoint-5000/pytorch_model.bin"}, {"rfilename": "checkpoint-5000/random_states_0.pkl"}, {"rfilename": "checkpoint-5000/scaler.pt"}, {"rfilename": "checkpoint-5000/scheduler.bin"}, {"rfilename": "image_0.png"}, {"rfilename": "image_1.png"}, {"rfilename": "image_2.png"}, {"rfilename": "image_3.png"}, {"rfilename": "pytorch_lora_weights.bin"}], "spaces": [], "createdAt": "2023-07-07T00:52:35.000Z", "inferenceStatus": "not-loaded"}