{"_id": "64f2e188a9f36eff6c69e080", "id": "J-flexIndonesia/J-flexIndonesia", "modelId": "J-flexIndonesia/J-flexIndonesia", "author": "J-flexIndonesia", "sha": "2835c77ec7a0cbb6cf7733a2f90e630217a9928c", "lastModified": "2023-09-02T07:19:31.000Z", "private": false, "disabled": false, "gated": false, "tags": ["region:us"], "downloads": 0, "likes": 0, "siblings": [{"rfilename": ".gitattributes"}, {"rfilename": "README.md"}], "spaces": [], "createdAt": "2023-09-02T07:17:28.000Z", "inferenceStatus": "not-loaded"}