{"_id": "6414c4a053d2aee4d4490a2a", "id": "J-G-P/dialogoamable", "modelId": "J-G-P/dialogoamable", "author": "J-G-P", "sha": "f3a0ed90401b18cb4c1346a1632405acd9846cbd", "lastModified": "2023-03-17T19:50:56.000Z", "private": false, "disabled": false, "gated": false, "tags": ["license:unknown", "region:us"], "downloads": 0, "likes": 0, "model-index": null, "cardData": {"license": "unknown"}, "siblings": [{"rfilename": ".gitattributes"}, {"rfilename": "README.md"}], "spaces": [], "createdAt": "2023-03-17T19:50:56.000Z", "inferenceStatus": "not-loaded"}