{"_id": "65ed20f1d7d63c2ed0e2c3ae", "id": "j-gc/T5-BASE_Model_News_Summarization", "modelId": "j-gc/T5-BASE_Model_News_Summarization", "author": "j-gc", "sha": "dc0d16c0442cd701a312a5978461e9ddccbfd53c", "lastModified": "2024-03-10T06:25:33.000Z", "private": false, "disabled": false, "gated": false, "pipeline_tag": "text2text-generation", "tags": ["transformers", "tf", "t5", "text2text-generation", "generated_from_keras_callback", "base_model:t5-base", "license:apache-2.0", "autotrain_compatible", "text-generation-inference", "endpoints_compatible", "region:us"], "downloads": 0, "library_name": "transformers", "likes": 0, "model-index": [{"name": "j-gc/T5-BASE_Model_News_Summarization", "results": []}], "config": {"architectures": ["T5ForConditionalGeneration"], "model_type": "t5", "tokenizer_config": {"eos_token": "</s>", "pad_token": "<pad>", "unk_token": "<unk>"}}, "cardData": {"license": "apache-2.0", "base_model": "t5-base", "tags": ["generated_from_keras_callback"], "model-index": [{"name": "j-gc/T5-BASE_Model_News_Summarization", "results": []}]}, "transformersInfo": {"auto_model": "AutoModelForSeq2SeqLM", "pipeline_tag": "text2text-generation", "processor": "AutoTokenizer"}, "siblings": [{"rfilename": ".gitattributes"}, {"rfilename": "README.md"}, {"rfilename": "config.json"}, {"rfilename": "generation_config.json"}, {"rfilename": "special_tokens_map.json"}, {"rfilename": "spiece.model"}, {"rfilename": "tf_model.h5"}, {"rfilename": "tokenizer.json"}, {"rfilename": "tokenizer_config.json"}], "spaces": [], "createdAt": "2024-03-10T02:54:41.000Z", "inferenceStatus": "not-loaded"}