{"_id": "621ffdc136468d709f17c9d1", "id": "j-hartmann/emotion-english-roberta-large", "modelId": "j-hartmann/emotion-english-roberta-large", "author": "j-hartmann", "sha": "ab319b8cfc7ca91478e74bce639ed8b8e0927d0c", "lastModified": "2021-08-29T11:48:09.000Z", "private": false, "disabled": false, "gated": false, "pipeline_tag": "text-classification", "tags": ["transformers", "pytorch", "roberta", "text-classification", "sentiment", "emotion", "twitter", "reddit", "en", "autotrain_compatible", "endpoints_compatible", "region:us"], "downloads": 1250, "library_name": "transformers", "mask_token": "<mask>", "widgetData": [{"text": "Oh wow. I didn't know that."}, {"text": "This movie always makes me cry.."}, {"text": "Oh Happy Day"}], "likes": 13, "model-index": null, "config": {"architectures": ["RobertaForSequenceClassification"], "model_type": "roberta", "tokenizer_config": {"unk_token": "<unk>", "bos_token": "<s>", "eos_token": "</s>", "sep_token": "</s>", "cls_token": "<s>", "pad_token": "<pad>", "mask_token": "<mask>"}}, "cardData": {"language": "en", "tags": ["roberta", "sentiment", "emotion", "twitter", "reddit"], "widget": [{"text": "Oh wow. I didn't know that."}, {"text": "This movie always makes me cry.."}, {"text": "Oh Happy Day"}]}, "transformersInfo": {"auto_model": "AutoModelForSequenceClassification", "pipeline_tag": "text-classification", "processor": "AutoTokenizer"}, "siblings": [{"rfilename": ".gitattributes"}, {"rfilename": "README.md"}, {"rfilename": "config.json"}, {"rfilename": "merges.txt"}, {"rfilename": "pytorch_model.bin"}, {"rfilename": "special_tokens_map.json"}, {"rfilename": "tokenizer.json"}, {"rfilename": "tokenizer_config.json"}, {"rfilename": "training_args.bin"}, {"rfilename": "vocab.json"}], "spaces": ["MingGatsby/multi-query-sentiment", "BotneySpears/j-hartmann-emotion-english-roberta-large"], "createdAt": "2022-03-02T23:29:05.000Z", "inferenceStatus": "not-loaded"}