{"_id": "6678fd78f8189e648c312599", "id": "J-LAB/BRisa_Mistral_7b_PTBR-Q4_K_M-GGUF", "modelId": "J-LAB/BRisa_Mistral_7b_PTBR-Q4_K_M-GGUF", "author": "J-LAB", "sha": "a3604ec21654034ffd26465e82c6e461bba36a2c", "lastModified": "2024-06-24T05:01:40.000Z", "private": false, "disabled": false, "gated": false, "tags": ["gguf", "llama-cpp", "gguf-my-repo", "base_model:J-LAB/BRisa_Mistral_7b_PTBR", "region:us"], "downloads": 399, "likes": 0, "model-index": null, "cardData": {"tags": ["llama-cpp", "gguf-my-repo"], "base_model": "J-LAB/BRisa_Mistral_7b_PTBR"}, "siblings": [{"rfilename": ".gitattributes"}, {"rfilename": "README.md"}, {"rfilename": "brisa_mistral_7b_ptbr-q4_k_m.gguf"}], "spaces": [], "createdAt": "2024-06-24T05:00:40.000Z", "inferenceStatus": "not-loaded"}