{"_id": "6422490e5754084035203ead", "id": "j-min/HiREST-baseline", "modelId": "j-min/HiREST-baseline", "author": "j-min", "sha": "54e2f8da7a4384fec8a137011399f5e104069032", "lastModified": "2023-03-30T02:27:48.000Z", "private": false, "disabled": false, "gated": false, "tags": ["license:mit", "region:us"], "downloads": 0, "likes": 0, "model-index": null, "cardData": {"license": "mit"}, "siblings": [{"rfilename": ".gitattributes"}, {"rfilename": "4Gx9W0XFAkA.mp4"}, {"rfilename": "ASR.zip"}, {"rfilename": "ASR_feats_all-MiniLM-L6-v2.zip"}, {"rfilename": "HiREST_BEST.pth"}, {"rfilename": "README.md"}, {"rfilename": "clip4caption_vit-b-32_model.bin"}, {"rfilename": "eva_clip_features.zip"}, {"rfilename": "eva_clip_features_32_frame.zip"}], "spaces": [], "createdAt": "2023-03-28T01:55:26.000Z", "inferenceStatus": "not-loaded"}