{"_id": "654a8dd44666b903b7b419c9", "id": "j-min/reco_sd14_coco", "modelId": "j-min/reco_sd14_coco", "author": "j-min", "sha": "11a062da5a0a84501047cb19e113f520eb610415", "lastModified": "2023-11-07T22:39:54.000Z", "private": false, "disabled": false, "gated": false, "pipeline_tag": "text-to-image", "tags": ["diffusers", "reco", "text-to-image", "layout-to-image", "en", "arxiv:2211.15518", "autotrain_compatible", "endpoints_compatible", "diffusers:StableDiffusionPipeline", "region:us"], "downloads": 1, "library_name": "diffusers", "widgetData": [{"text": "A box contains six donuts with varying types of glazes and toppings. <|endoftext|> <bin514> <bin575> <bin741> <bin765> <|startoftext|> chocolate donut. <|endoftext|> <bin237> <bin517> <bin520> <bin784> <|startoftext|> dark vanilla donut. <|endoftext|> <bin763> <bin575> <bin988> <bin745> <|startoftext|> donut with sprinkles. <|endoftext|> <bin234> <bin281> <bin524> <bin527> <|startoftext|> donut with powdered sugar. <|endoftext|> <bin515> <bin259> <bin767> <bin514> <|startoftext|> pink donut. <|endoftext|> <bin753> <bin289> <bin958> <bin506> <|startoftext|> brown donut. <|endoftext|>"}], "likes": 3, "model-index": null, "config": {"diffusers": {"_class_name": "StableDiffusionPipeline"}}, "cardData": {"language": ["en"], "tags": ["reco", "text-to-image", "layout-to-image"], "pipeline_tag": "text-to-image", "widget": [{"text": "A box contains six donuts with varying types of glazes and toppings. <|endoftext|> <bin514> <bin575> <bin741> <bin765> <|startoftext|> chocolate donut. <|endoftext|> <bin237> <bin517> <bin520> <bin784> <|startoftext|> dark vanilla donut. <|endoftext|> <bin763> <bin575> <bin988> <bin745> <|startoftext|> donut with sprinkles. <|endoftext|> <bin234> <bin281> <bin524> <bin527> <|startoftext|> donut with powdered sugar. <|endoftext|> <bin515> <bin259> <bin767> <bin514> <|startoftext|> pink donut. <|endoftext|> <bin753> <bin289> <bin958> <bin506> <|startoftext|> brown donut. <|endoftext|>"}]}, "siblings": [{"rfilename": ".gitattributes"}, {"rfilename": "README.md"}, {"rfilename": "feature_extractor/preprocessor_config.json"}, {"rfilename": "model_index.json"}, {"rfilename": "safety_checker/config.json"}, {"rfilename": "safety_checker/pytorch_model.bin"}, {"rfilename": "scheduler/scheduler_config.json"}, {"rfilename": "text_encoder/config.json"}, {"rfilename": "text_encoder/pytorch_model.bin"}, {"rfilename": "tokenizer/added_tokens.json"}, {"rfilename": "tokenizer/merges.txt"}, {"rfilename": "tokenizer/special_tokens_map.json"}, {"rfilename": "tokenizer/tokenizer_config.json"}, {"rfilename": "tokenizer/vocab.json"}, {"rfilename": "unet/config.json"}, {"rfilename": "unet/diffusion_pytorch_model.bin"}, {"rfilename": "vae/config.json"}, {"rfilename": "vae/diffusion_pytorch_model.bin"}], "spaces": [], "createdAt": "2023-11-07T19:19:48.000Z", "inferenceStatus": "not-loaded"}