{"_id": "6435fd6c57c3f4b161f834b3", "id": "j-min/IterInpaint-CLEVR-original", "modelId": "j-min/IterInpaint-CLEVR-original", "author": "j-min", "sha": "4c54f900222dd7f4f786cb17350c996f93959f3c", "lastModified": "2023-04-12T15:29:55.000Z", "private": false, "disabled": false, "gated": false, "tags": ["license:mit", "region:us"], "downloads": 0, "likes": 0, "model-index": null, "cardData": {"license": "mit"}, "siblings": [{"rfilename": ".gitattributes"}, {"rfilename": "README.md"}, {"rfilename": "clevr_data2023-03-02T11-07-16-lightning.yaml"}, {"rfilename": "clevr_data2023-03-02T11-07-16-project.yaml"}, {"rfilename": "iterinpaint_CLEVR_FG30.ckpt"}], "spaces": [], "createdAt": "2023-04-12T00:38:04.000Z", "inferenceStatus": "not-loaded"}