{"_id": "643610edadb7b87154ec4d33", "id": "j-min/LayoutBench-DETR", "modelId": "j-min/LayoutBench-DETR", "author": "j-min", "sha": "f4f4306f00fd7175950b59de2239fa58db7ca7af", "lastModified": "2023-04-12T02:22:26.000Z", "private": false, "disabled": false, "gated": false, "tags": ["license:mit", "region:us"], "downloads": 0, "likes": 0, "model-index": null, "cardData": {"license": "mit"}, "siblings": [{"rfilename": ".gitattributes"}, {"rfilename": "README.md"}, {"rfilename": "checkpoint.pth"}], "spaces": [], "createdAt": "2023-04-12T02:01:17.000Z", "inferenceStatus": "not-loaded"}