{"_id": "657f2b732bffc5568a13d138", "id": "j-mohammadi/ppo-Huggy", "modelId": "j-mohammadi/ppo-Huggy", "author": "j-mohammadi", "sha": "f4241bc050bddbdb19b6f1d6e7edcbd5eb85a2c4", "lastModified": "2023-12-17T17:10:16.000Z", "private": false, "disabled": false, "gated": false, "pipeline_tag": "reinforcement-learning", "tags": ["ml-agents", "tensorboard", "onnx", "Huggy", "deep-reinforcement-learning", "reinforcement-learning", "ML-Agents-Huggy", "region:us"], "downloads": 49, "library_name": "ml-agents", "likes": 0, "model-index": null, "config": {}, "cardData": {"library_name": "ml-agents", "tags": ["Huggy", "deep-reinforcement-learning", "reinforcement-learning", "ML-Agents-Huggy"]}, "siblings": [{"rfilename": ".gitattributes"}, {"rfilename": "Huggy.onnx"}, {"rfilename": "Huggy/Huggy-1199976.onnx"}, {"rfilename": "Huggy/Huggy-1199976.pt"}, {"rfilename": "Huggy/Huggy-1399988.onnx"}, {"rfilename": "Huggy/Huggy-1399988.pt"}, {"rfilename": "Huggy/Huggy-1599996.onnx"}, {"rfilename": "Huggy/Huggy-1599996.pt"}, {"rfilename": "Huggy/Huggy-1799956.onnx"}, {"rfilename": "Huggy/Huggy-1799956.pt"}, {"rfilename": "Huggy/Huggy-199968.onnx"}, {"rfilename": "Huggy/Huggy-199968.pt"}, {"rfilename": "Huggy/Huggy-1999925.onnx"}, {"rfilename": "Huggy/Huggy-1999925.pt"}, {"rfilename": "Huggy/Huggy-2000041.onnx"}, {"rfilename": "Huggy/Huggy-2000041.pt"}, {"rfilename": "Huggy/Huggy-399944.onnx"}, {"rfilename": "Huggy/Huggy-399944.pt"}, {"rfilename": "Huggy/Huggy-599963.onnx"}, {"rfilename": "Huggy/Huggy-599963.pt"}, {"rfilename": "Huggy/Huggy-799942.onnx"}, {"rfilename": "Huggy/Huggy-799942.pt"}, {"rfilename": "Huggy/Huggy-999885.onnx"}, {"rfilename": "Huggy/Huggy-999885.pt"}, {"rfilename": "Huggy/checkpoint.pt"}, {"rfilename": "Huggy/events.out.tfevents.1702830274.f206315ee340.2294.0"}, {"rfilename": "README.md"}, {"rfilename": "config.json"}, {"rfilename": "configuration.yaml"}, {"rfilename": "run_logs/Player-0.log"}, {"rfilename": "run_logs/timers.json"}, {"rfilename": "run_logs/training_status.json"}], "spaces": [], "createdAt": "2023-12-17T17:10:11.000Z", "inferenceStatus": "not-loaded"}