{"_id": "64fb003eb60e2c9ddd03ae6d", "id": "J-RUM/professions", "modelId": "J-RUM/professions", "author": "J-RUM", "sha": "f584d5ce86200aada94d60e610641f55f9ba538f", "lastModified": "2023-09-08T11:44:55.000Z", "private": false, "disabled": false, "gated": false, "pipeline_tag": "image-classification", "tags": ["transformers", "pytorch", "tensorboard", "vit", "image-classification", "huggingpics", "model-index", "autotrain_compatible", "endpoints_compatible", "region:us"], "downloads": 1, "library_name": "transformers", "likes": 0, "model-index": [{"name": "professions", "results": [{"task": {"name": "Image Classification", "type": "image-classification"}, "metrics": [{"name": "Accuracy", "type": "accuracy", "value": 0.75, "verified": false}]}]}], "config": {"architectures": ["ViTForImageClassification"], "model_type": "vit"}, "cardData": {"tags": ["image-classification", "pytorch", "huggingpics"], "metrics": ["accuracy"], "model-index": [{"name": "professions", "results": [{"task": {"name": "Image Classification", "type": "image-classification"}, "metrics": [{"name": "Accuracy", "type": "accuracy", "value": 0.75, "verified": false}]}]}]}, "transformersInfo": {"auto_model": "AutoModelForImageClassification", "pipeline_tag": "image-classification", "processor": "AutoImageProcessor"}, "siblings": [{"rfilename": ".gitattributes"}, {"rfilename": "README.md"}, {"rfilename": "config.json"}, {"rfilename": "images/doctor.jpg"}, {"rfilename": "images/engineer.jpg"}, {"rfilename": "images/nurse.jpg"}, {"rfilename": "images/professor.jpg"}, {"rfilename": "images/teacher.jpg"}, {"rfilename": "preprocessor_config.json"}, {"rfilename": "pytorch_model.bin"}, {"rfilename": "runs/events.out.tfevents.1694171007.a9e904e0d472.2369.0"}, {"rfilename": "runs/events.out.tfevents.1694171903.a9e904e0d472.7654.0"}, {"rfilename": "runs/events.out.tfevents.1694173356.a9e904e0d472.7654.1"}], "spaces": [], "createdAt": "2023-09-08T11:06:38.000Z", "inferenceStatus": "not-loaded"}