{"_id": "668653d0d8d8ba414225f06e", "id": "J-sh1/vit-base-beans-demo-v5", "modelId": "J-sh1/vit-base-beans-demo-v5", "author": "J-sh1", "sha": "d9584ee526cfacbbfe4338c7e6eeb64e9d17731b", "lastModified": "2024-07-04T07:48:50.000Z", "private": false, "disabled": false, "gated": false, "pipeline_tag": "image-classification", "tags": ["transformers", "tensorboard", "safetensors", "vit", "image-classification", "ViT", "generated_from_trainer", "base_model:google/vit-base-patch16-224-in21k", "license:apache-2.0", "autotrain_compatible", "endpoints_compatible", "region:us"], "downloads": 2, "library_name": "transformers", "likes": 0, "model-index": [{"name": "vit-base-beans-demo-v5", "results": []}], "config": {"architectures": ["ViTForImageClassification"], "model_type": "vit"}, "cardData": {"license": "apache-2.0", "base_model": "google/vit-base-patch16-224-in21k", "tags": ["image-classification", "ViT", "generated_from_trainer"], "metrics": ["accuracy"], "model-index": [{"name": "vit-base-beans-demo-v5", "results": []}]}, "transformersInfo": {"auto_model": "AutoModelForImageClassification", "pipeline_tag": "image-classification", "processor": "AutoImageProcessor"}, "siblings": [{"rfilename": ".gitattributes"}, {"rfilename": "README.md"}, {"rfilename": "all_results.json"}, {"rfilename": "config.json"}, {"rfilename": "model.safetensors"}, {"rfilename": "preprocessor_config.json"}, {"rfilename": "runs/Jul04_07-32-24_802a4fe34170/events.out.tfevents.1720078583.802a4fe34170.2318.0"}, {"rfilename": "runs/Jul04_07-41-33_802a4fe34170/events.out.tfevents.1720078899.802a4fe34170.2318.1"}, {"rfilename": "train_results.json"}, {"rfilename": "trainer_state.json"}, {"rfilename": "training_args.bin"}], "spaces": [], "createdAt": "2024-07-04T07:48:32.000Z", "safetensors": {"parameters": {"F32": 85800963}, "total": 85800963}, "inferenceStatus": "not-loaded"}