{"_id": "6572d48c9755888b1d67bc73", "id": "J-YOON/animate-lora-sd1.5", "modelId": "J-YOON/animate-lora-sd1.5", "author": "J-YOON", "sha": "c8016d1e6c5bfe9d12e0cfc738532053dfd48693", "lastModified": "2023-12-08T08:33:08.000Z", "private": false, "disabled": false, "gated": false, "pipeline_tag": "text-to-image", "tags": ["diffusers", "pytorch", "text-to-image", "stable-diffusion", "lora", "template:sd-lora", "base_model:runwayml/stable-diffusion-v1-5", "license:mit", "region:us"], "downloads": 95, "library_name": "diffusers", "widgetData": [{"text": "dog,  <lora:animate_v1:1>, sms landscape", "output": {"url": "https://huggingface.co/J-YOON/animate-lora-sd1.5/resolve/main/images/00014-1562931731.png"}}], "likes": 0, "model-index": null, "cardData": {"tags": ["text-to-image", "stable-diffusion", "lora", "diffusers", "template:sd-lora"], "widget": [{"text": "dog,  <lora:animate_v1:1>, sms landscape", "output": {"url": "https://huggingface.co/J-YOON/animate-lora-sd1.5/resolve/main/images/00014-1562931731.png"}}], "base_model": "runwayml/stable-diffusion-v1-5", "instance_prompt": "landscape, sms landscape.", "license": "mit"}, "siblings": [{"rfilename": ".gitattributes"}, {"rfilename": "README.md"}, {"rfilename": "animate_v1-000005.safetensors"}, {"rfilename": "images/00014-1562931731.png"}, {"rfilename": "optimizer.bin"}, {"rfilename": "pytorch_model.bin"}, {"rfilename": "pytorch_model_1.bin"}, {"rfilename": "pytorch_model_2.bin"}, {"rfilename": "random_states_0.pkl"}, {"rfilename": "scaler.pt"}, {"rfilename": "scheduler.bin"}], "spaces": [], "createdAt": "2023-12-08T08:32:12.000Z", "inferenceStatus": "not-loaded"}