{"_id": "6594ea02ccbc1e2cc7a0500d", "id": "J001/distilhubert-finetuned-gtzan", "modelId": "J001/distilhubert-finetuned-gtzan", "author": "J001", "sha": "2f9dde13b4352a3da13798038715cec74e7bb784", "lastModified": "2024-01-03T06:22:52.000Z", "private": false, "disabled": false, "gated": false, "pipeline_tag": "audio-classification", "tags": ["transformers", "tensorboard", "safetensors", "hubert", "audio-classification", "generated_from_trainer", "dataset:marsyas/gtzan", "base_model:ntu-spml/distilhubert", "license:apache-2.0", "endpoints_compatible", "region:us"], "downloads": 0, "library_name": "transformers", "likes": 0, "model-index": [{"name": "distilhubert-finetuned-gtzan", "results": []}], "config": {"architectures": ["HubertForSequenceClassification"], "model_type": "hubert"}, "cardData": {"license": "apache-2.0", "base_model": "ntu-spml/distilhubert", "tags": ["generated_from_trainer"], "datasets": ["marsyas/gtzan"], "model-index": [{"name": "distilhubert-finetuned-gtzan", "results": []}]}, "transformersInfo": {"auto_model": "AutoModelForAudioClassification", "pipeline_tag": "audio-classification", "processor": "AutoProcessor"}, "siblings": [{"rfilename": ".gitattributes"}, {"rfilename": "README.md"}, {"rfilename": "config.json"}, {"rfilename": "model.safetensors"}, {"rfilename": "preprocessor_config.json"}, {"rfilename": "runs/Jan03_13-00-10_DESKTOP-LJCQHK9/events.out.tfevents.1704258052.DESKTOP-LJCQHK9.17212.0"}, {"rfilename": "runs/Jan03_13-06-57_DESKTOP-LJCQHK9/events.out.tfevents.1704258649.DESKTOP-LJCQHK9.13124.0"}, {"rfilename": "runs/Jan03_13-18-25_DESKTOP-LJCQHK9/events.out.tfevents.1704259109.DESKTOP-LJCQHK9.23540.0"}, {"rfilename": "runs/Jan03_13-27-17_DESKTOP-LJCQHK9/events.out.tfevents.1704259641.DESKTOP-LJCQHK9.5892.0"}, {"rfilename": "runs/Jan03_13-27-17_DESKTOP-LJCQHK9/events.out.tfevents.1704260030.DESKTOP-LJCQHK9.5892.1"}, {"rfilename": "runs/Jan03_13-27-17_DESKTOP-LJCQHK9/events.out.tfevents.1704260141.DESKTOP-LJCQHK9.5892.2"}, {"rfilename": "runs/Jan03_13-27-17_DESKTOP-LJCQHK9/events.out.tfevents.1704260197.DESKTOP-LJCQHK9.5892.3"}, {"rfilename": "runs/Jan03_13-27-17_DESKTOP-LJCQHK9/events.out.tfevents.1704260220.DESKTOP-LJCQHK9.5892.4"}, {"rfilename": "runs/Jan03_13-27-17_DESKTOP-LJCQHK9/events.out.tfevents.1704260228.DESKTOP-LJCQHK9.5892.5"}, {"rfilename": "runs/Jan03_13-27-17_DESKTOP-LJCQHK9/events.out.tfevents.1704260357.DESKTOP-LJCQHK9.5892.6"}, {"rfilename": "runs/Jan03_13-27-17_DESKTOP-LJCQHK9/events.out.tfevents.1704260649.DESKTOP-LJCQHK9.5892.7"}, {"rfilename": "runs/Jan03_13-45-11_DESKTOP-LJCQHK9/events.out.tfevents.1704260715.DESKTOP-LJCQHK9.7400.0"}, {"rfilename": "runs/Jan03_14-14-13_DESKTOP-LJCQHK9/events.out.tfevents.1704262461.DESKTOP-LJCQHK9.7400.1"}, {"rfilename": "training_args.bin"}], "spaces": [], "createdAt": "2024-01-03T05:00:50.000Z", "safetensors": {"parameters": {"F32": 23691402}, "total": 23691402}, "inferenceStatus": "not-loaded"}