{"_id": "645355fb1a1281d4279f87b3", "id": "J001/marian-finetuned-kde4-en-to-fr", "modelId": "J001/marian-finetuned-kde4-en-to-fr", "author": "J001", "sha": "cfc631cff49f66d862aafa5bbd731e7adea49d0c", "lastModified": "2023-05-04T06:51:39.000Z", "private": false, "disabled": false, "gated": false, "tags": ["license:apache-2.0", "region:us"], "downloads": 0, "likes": 0, "model-index": null, "cardData": {"license": "apache-2.0"}, "siblings": [{"rfilename": ".gitattributes"}, {"rfilename": "README.md"}], "spaces": [], "createdAt": "2023-05-04T06:51:39.000Z", "inferenceStatus": "not-loaded"}