{"_id": "647f13ef1a446a624a3c71f2", "id": "J001/bnb-4bit-text-v2", "modelId": "J001/bnb-4bit-text-v2", "author": "J001", "sha": "38d9f426a64327476e0b4de86c8073a01ee13e47", "lastModified": "2023-06-06T11:09:43.000Z", "private": false, "disabled": false, "gated": false, "tags": ["peft", "region:us"], "downloads": 0, "library_name": "peft", "likes": 0, "model-index": null, "config": {"peft": {"base_model_name_or_path": "TheBloke/guanaco-13B-HF", "task_type": "CAUSAL_LM"}}, "cardData": {"library_name": "peft"}, "siblings": [{"rfilename": ".gitattributes"}, {"rfilename": "README.md"}, {"rfilename": "adapter_config.json"}, {"rfilename": "adapter_model.bin"}], "spaces": [], "createdAt": "2023-06-06T11:09:35.000Z", "inferenceStatus": "not-loaded"}