{"_id": "65fe69e25c6c7162e437bd66", "id": "J053/tcp2023", "modelId": "J053/tcp2023", "author": "J053", "sha": "401549496b5d826d91fc0c72b0803025e615a10b", "lastModified": "2024-03-23T05:34:26.000Z", "private": false, "disabled": false, "gated": false, "tags": ["license:apache-2.0", "region:us"], "downloads": 0, "likes": 0, "model-index": null, "cardData": {"license": "apache-2.0"}, "siblings": [{"rfilename": ".gitattributes"}, {"rfilename": "README.md"}], "spaces": [], "createdAt": "2024-03-23T05:34:26.000Z", "inferenceStatus": "not-loaded"}