{"_id": "632ddd5097bf54d2a75860d3", "id": "j0hngou/t5-small-finetuned-en-to-fr", "modelId": "j0hngou/t5-small-finetuned-en-to-fr", "author": "j0hngou", "sha": "71e9a7cdf103253f4a5c687c21143f0fb017877a", "lastModified": "2022-09-26T16:35:12.000Z", "private": false, "disabled": false, "gated": false, "tags": ["en", "fr", "region:us"], "downloads": 0, "likes": 0, "model-index": null, "cardData": {"language": ["en", "fr"]}, "siblings": [{"rfilename": ".gitattributes"}, {"rfilename": "README.md"}], "spaces": [], "createdAt": "2022-09-23T16:22:40.000Z", "inferenceStatus": "not-loaded"}