{"_id": "632da5222aabd87df294141b", "id": "j0hngou/t5-small-finetuned-en-to-it", "modelId": "j0hngou/t5-small-finetuned-en-to-it", "author": "j0hngou", "sha": "7bc5a21f6b4cac08b8103b09c669a691eaa13a17", "lastModified": "2023-04-11T20:35:25.000Z", "private": false, "disabled": false, "gated": false, "pipeline_tag": "text2text-generation", "tags": ["transformers", "pytorch", "tensorboard", "t5", "text2text-generation", "generated_from_trainer", "en", "it", "multilingual", "dataset:ccmatrix", "license:apache-2.0", "autotrain_compatible", "text-generation-inference", "endpoints_compatible", "region:us"], "downloads": 6, "library_name": "transformers", "likes": 0, "model-index": [{"name": "t5-small-finetuned-en-to-it", "results": []}], "config": {"architectures": ["T5ForConditionalGeneration"], "model_type": "t5", "tokenizer_config": {"eos_token": "</s>", "pad_token": "<pad>", "unk_token": "<unk>"}}, "cardData": {"language": ["en", "it", "multilingual"], "license": "apache-2.0", "tags": ["generated_from_trainer"], "datasets": ["ccmatrix"], "model-index": [{"name": "t5-small-finetuned-en-to-it", "results": []}]}, "transformersInfo": {"auto_model": "AutoModelForSeq2SeqLM", "pipeline_tag": "text2text-generation", "processor": "AutoTokenizer"}, "siblings": [{"rfilename": ".gitattributes"}, {"rfilename": ".gitignore"}, {"rfilename": "README.md"}, {"rfilename": "config.json"}, {"rfilename": "pytorch_model.bin"}, {"rfilename": "runs/Sep23_12-22-37_bd6754d92eab/1663935791.8785026/events.out.tfevents.1663935791.bd6754d92eab.65.1"}, {"rfilename": "runs/Sep23_12-22-37_bd6754d92eab/events.out.tfevents.1663935791.bd6754d92eab.65.0"}, {"rfilename": "runs/Sep23_12-38-49_bd6754d92eab/1663936748.307583/events.out.tfevents.1663936748.bd6754d92eab.65.3"}, {"rfilename": "runs/Sep23_12-38-49_bd6754d92eab/1663936939.1913738/events.out.tfevents.1663936939.bd6754d92eab.65.5"}, {"rfilename": "runs/Sep23_12-38-49_bd6754d92eab/events.out.tfevents.1663936748.bd6754d92eab.65.2"}, {"rfilename": "runs/Sep23_12-38-49_bd6754d92eab/events.out.tfevents.1663936927.bd6754d92eab.65.4"}, {"rfilename": "runs/Sep23_12-48-02_bd6754d92eab/1663937337.8885522/events.out.tfevents.1663937337.bd6754d92eab.65.7"}, {"rfilename": "runs/Sep23_12-48-02_bd6754d92eab/events.out.tfevents.1663937321.bd6754d92eab.65.6"}, {"rfilename": "runs/Sep23_12-54-50_bd6754d92eab/events.out.tfevents.1663937731.bd6754d92eab.65.8"}, {"rfilename": "runs/Sep23_12-58-41_bd6754d92eab/1663937950.8704464/events.out.tfevents.1663937950.bd6754d92eab.1302.1"}, {"rfilename": "runs/Sep23_12-58-41_bd6754d92eab/events.out.tfevents.1663937950.bd6754d92eab.1302.0"}, {"rfilename": "runs/Sep23_13-48-40_bd6754d92eab/1663941051.2858653/events.out.tfevents.1663941051.bd6754d92eab.2424.1"}, {"rfilename": "runs/Sep23_13-48-40_bd6754d92eab/events.out.tfevents.1663941011.bd6754d92eab.2424.0"}, {"rfilename": "runs/Sep23_14-00-08_bd6754d92eab/1663941700.829491/events.out.tfevents.1663941700.bd6754d92eab.2932.1"}, {"rfilename": "runs/Sep23_14-00-08_bd6754d92eab/events.out.tfevents.1663941690.bd6754d92eab.2932.0"}, {"rfilename": "special_tokens_map.json"}, {"rfilename": "spiece.model"}, {"rfilename": "tokenizer.json"}, {"rfilename": "tokenizer_config.json"}, {"rfilename": "training_args.bin"}], "spaces": [], "createdAt": "2022-09-23T12:22:58.000Z", "inferenceStatus": "not-loaded"}