{"_id": "65651ef875968d50cc03a62f", "id": "J0N45/Gaussian-Splats", "modelId": "J0N45/Gaussian-Splats", "author": "J0N45", "sha": "b4dacdb45867888b542d77b985b3422cf26d210c", "lastModified": "2024-02-10T12:54:03.000Z", "private": false, "disabled": false, "gated": false, "tags": ["region:us"], "downloads": 0, "likes": 1, "siblings": [{"rfilename": ".gitattributes"}, {"rfilename": "220716_1620_Carport_Dedelstorf.splat"}, {"rfilename": "240211_Dedelstorf_Carport_Bestand_Cutout.splat"}, {"rfilename": "Bergstrasse_19a.splat"}, {"rfilename": "Bergstrasse_19a_30K-Iterations_Compressed.splat"}, {"rfilename": "Screenshot 2023-12-30 145927.png"}, {"rfilename": "Screenshot_2023-12-30_145927_32x32.png"}, {"rfilename": "bin-gaussian.splat"}, {"rfilename": "converted_file (1).splat"}, {"rfilename": "converted_file.ksplat"}, {"rfilename": "jOp5EUDcVm.splat"}, {"rfilename": "kasel_natursteinmauer.ply"}, {"rfilename": "kasel_natursteinmauer_original.ply"}, {"rfilename": "point_cloud.compressed (1).splat"}, {"rfilename": "synthetic_house.splat"}, {"rfilename": "synthetic_tree.splat"}], "spaces": [], "createdAt": "2023-11-27T22:58:00.000Z", "inferenceStatus": "not-loaded"}