{"_id": "6620417d0e8d8b41b2a8ac33", "id": "J0nathan18/7b_v1", "modelId": "J0nathan18/7b_v1", "author": "J0nathan18", "sha": "35354a3c04472df7d29e66f2f7a3181a13cd639e", "lastModified": "2024-04-17T21:42:46.000Z", "private": false, "disabled": false, "gated": false, "pipeline_tag": "text-generation", "tags": ["transformers", "safetensors", "falcon", "text-generation", "custom_code", "arxiv:1910.09700", "autotrain_compatible", "text-generation-inference", "endpoints_compatible", "region:us"], "downloads": 1, "library_name": "transformers", "widgetData": [{"text": "My name is Julien and I like to"}, {"text": "My name is Thomas and my main"}, {"text": "My name is Mariama, my favorite"}, {"text": "My name is Clara and I am"}, {"text": "My name is Lewis and I like to"}, {"text": "My name is Merve and my favorite"}, {"text": "My name is Teven and I am"}, {"text": "Once upon a time,"}], "likes": 0, "model-index": null, "config": {"architectures": ["FalconForCausalLM"], "auto_map": {"AutoConfig": "tiiuae/falcon-7b--configuration_falcon.FalconConfig", "AutoModel": "tiiuae/falcon-7b--modeling_falcon.FalconModel", "AutoModelForCausalLM": "tiiuae/falcon-7b--modeling_falcon.FalconForCausalLM", "AutoModelForQuestionAnswering": "tiiuae/falcon-7b--modeling_falcon.FalconForQuestionAnswering", "AutoModelForSequenceClassification": "tiiuae/falcon-7b--modeling_falcon.FalconForSequenceClassification", "AutoModelForTokenClassification": "tiiuae/falcon-7b--modeling_falcon.FalconForTokenClassification"}, "model_type": "falcon"}, "cardData": {"library_name": "transformers", "tags": []}, "transformersInfo": {"auto_model": "AutoModelForCausalLM", "pipeline_tag": "text-generation", "processor": "AutoTokenizer"}, "siblings": [{"rfilename": ".gitattributes"}, {"rfilename": "README.md"}, {"rfilename": "config.json"}, {"rfilename": "generation_config.json"}, {"rfilename": "model-00001-of-00003.safetensors"}, {"rfilename": "model-00002-of-00003.safetensors"}, {"rfilename": "model-00003-of-00003.safetensors"}, {"rfilename": "model.safetensors.index.json"}], "spaces": [], "createdAt": "2024-04-17T21:39:09.000Z", "safetensors": {"parameters": {"BF16": 6874776640}, "total": 6874776640}, "inferenceStatus": "not-loaded"}