{"_id": "65dddbcdbe767eb08d27bd67", "id": "j0sch111/flan-t5-base-imdb-text-classification", "modelId": "j0sch111/flan-t5-base-imdb-text-classification", "author": "j0sch111", "sha": "30e42c4fc031d713a0d6df43e808bff5dd5385c9", "lastModified": "2024-02-27T12:55:42.000Z", "private": false, "disabled": false, "gated": false, "tags": ["region:us"], "downloads": 0, "likes": 0, "siblings": [{"rfilename": ".gitattributes"}], "spaces": [], "createdAt": "2024-02-27T12:55:41.000Z", "inferenceStatus": "not-loaded"}