{"_id": "65dc0ebed6961d2df44f6e9d", "id": "J1k/windowpane_LoRA", "modelId": "J1k/windowpane_LoRA", "author": "J1k", "sha": "9a8394994ef73ec2136f867208621e193f32d3ec", "lastModified": "2024-02-26T04:11:27.000Z", "private": false, "disabled": false, "gated": false, "pipeline_tag": "text-to-image", "tags": ["diffusers", "tensorboard", "text-to-image", "stable-diffusion-xl", "stable-diffusion-xl-diffusers", "lora", "template:sd-lora", "base_model:stabilityai/stable-diffusion-xl-base-1.0", "license:openrail++", "region:us"], "downloads": 19, "library_name": "diffusers", "widgetData": [], "likes": 1, "model-index": null, "cardData": {"license": "openrail++", "library_name": "diffusers", "tags": ["text-to-image", "stable-diffusion-xl", "stable-diffusion-xl-diffusers", "text-to-image", "diffusers", "lora", "template:sd-lora"], "base_model": "stabilityai/stable-diffusion-xl-base-1.0", "instance_prompt": "a photo of windowpane pattern fabic", "widget": []}, "siblings": [{"rfilename": ".gitattributes"}, {"rfilename": "README.md"}, {"rfilename": "checkpoint-500/optimizer.bin"}, {"rfilename": "checkpoint-500/pytorch_lora_weights.safetensors"}, {"rfilename": "checkpoint-500/random_states_0.pkl"}, {"rfilename": "checkpoint-500/scaler.pt"}, {"rfilename": "checkpoint-500/scheduler.bin"}, {"rfilename": "logs/dreambooth-lora-sd-xl/1708917314.5516233/events.out.tfevents.1708917314.b81b30342ef9.3801.1"}, {"rfilename": "logs/dreambooth-lora-sd-xl/1708917314.5536954/hparams.yml"}, {"rfilename": "logs/dreambooth-lora-sd-xl/events.out.tfevents.1708917314.b81b30342ef9.3801.0"}, {"rfilename": "pytorch_lora_weights.safetensors"}, {"rfilename": "windowpane/1.png"}, {"rfilename": "windowpane/10.png"}, {"rfilename": "windowpane/11.png"}, {"rfilename": "windowpane/12.png"}, {"rfilename": "windowpane/13.png"}, {"rfilename": "windowpane/14.png"}, {"rfilename": "windowpane/15.png"}, {"rfilename": "windowpane/16.png"}, {"rfilename": "windowpane/17.png"}, {"rfilename": "windowpane/18.png"}, {"rfilename": "windowpane/19.png"}, {"rfilename": "windowpane/2.png"}, {"rfilename": "windowpane/20.png"}, {"rfilename": "windowpane/21.png"}, {"rfilename": "windowpane/3.png"}, {"rfilename": "windowpane/4.png"}, {"rfilename": "windowpane/5.png"}, {"rfilename": "windowpane/6.png"}, {"rfilename": "windowpane/7.png"}, {"rfilename": "windowpane/8.png"}, {"rfilename": "windowpane/9.png"}, {"rfilename": "windowpane/metadata.jsonl"}], "spaces": ["allknowingroger/Image-Models-Test333"], "createdAt": "2024-02-26T04:08:30.000Z", "inferenceStatus": "not-loaded"}