{"_id": "6548f42eeb90d8e63289ced8", "id": "J1mb0o/bert-finetuned-ner-noval", "modelId": "J1mb0o/bert-finetuned-ner-noval", "author": "J1mb0o", "sha": "4cf599bd180661b38343daa892780d40e4f0f75e", "lastModified": "2023-11-06T14:16:23.000Z", "private": false, "disabled": false, "gated": false, "pipeline_tag": "token-classification", "tags": ["transformers", "tf", "bert", "token-classification", "generated_from_keras_callback", "base_model:bert-base-cased", "license:apache-2.0", "autotrain_compatible", "endpoints_compatible", "region:us"], "downloads": 1, "library_name": "transformers", "mask_token": "[MASK]", "widgetData": [{"text": "My name is Wolfgang and I live in Berlin"}, {"text": "My name is Sarah and I live in London"}, {"text": "My name is Clara and I live in Berkeley, California."}], "likes": 0, "model-index": [{"name": "J1mb0o/bert-finetuned-ner-noval", "results": []}], "config": {"architectures": ["BertForTokenClassification"], "model_type": "bert", "tokenizer_config": {"cls_token": "[CLS]", "mask_token": "[MASK]", "pad_token": "[PAD]", "sep_token": "[SEP]", "unk_token": "[UNK]"}}, "cardData": {"license": "apache-2.0", "base_model": "bert-base-cased", "tags": ["generated_from_keras_callback"], "model-index": [{"name": "J1mb0o/bert-finetuned-ner-noval", "results": []}]}, "transformersInfo": {"auto_model": "AutoModelForTokenClassification", "pipeline_tag": "token-classification", "processor": "AutoTokenizer"}, "siblings": [{"rfilename": ".gitattributes"}, {"rfilename": "README.md"}, {"rfilename": "config.json"}, {"rfilename": "special_tokens_map.json"}, {"rfilename": "tf_model.h5"}, {"rfilename": "tokenizer.json"}, {"rfilename": "tokenizer_config.json"}, {"rfilename": "vocab.txt"}], "spaces": [], "createdAt": "2023-11-06T14:11:58.000Z", "inferenceStatus": "not-loaded"}