{"_id": "65490c971a604f15a5cbd5b0", "id": "J1mb0o/bert-finetuned-batch32-lr3e-5", "modelId": "J1mb0o/bert-finetuned-batch32-lr3e-5", "author": "J1mb0o", "sha": "73657e4cb5fb36600d6c56065f92dca89d48fd91", "lastModified": "2023-11-06T16:00:10.000Z", "private": false, "disabled": false, "gated": false, "pipeline_tag": "token-classification", "tags": ["transformers", "tf", "bert", "token-classification", "generated_from_keras_callback", "base_model:bert-base-cased", "license:apache-2.0", "autotrain_compatible", "endpoints_compatible", "region:us"], "downloads": 2, "library_name": "transformers", "mask_token": "[MASK]", "widgetData": [{"text": "My name is Wolfgang and I live in Berlin"}, {"text": "My name is Sarah and I live in London"}, {"text": "My name is Clara and I live in Berkeley, California."}], "likes": 0, "model-index": [{"name": "J1mb0o/bert-finetuned-batch32-lr3e-5", "results": []}], "config": {"architectures": ["BertForTokenClassification"], "model_type": "bert", "tokenizer_config": {"cls_token": "[CLS]", "mask_token": "[MASK]", "pad_token": "[PAD]", "sep_token": "[SEP]", "unk_token": "[UNK]"}}, "cardData": {"license": "apache-2.0", "base_model": "bert-base-cased", "tags": ["generated_from_keras_callback"], "model-index": [{"name": "J1mb0o/bert-finetuned-batch32-lr3e-5", "results": []}]}, "transformersInfo": {"auto_model": "AutoModelForTokenClassification", "pipeline_tag": "token-classification", "processor": "AutoTokenizer"}, "siblings": [{"rfilename": ".gitattributes"}, {"rfilename": "README.md"}, {"rfilename": "config.json"}, {"rfilename": "special_tokens_map.json"}, {"rfilename": "tf_model.h5"}, {"rfilename": "tokenizer.json"}, {"rfilename": "tokenizer_config.json"}, {"rfilename": "vocab.txt"}], "spaces": [], "createdAt": "2023-11-06T15:56:07.000Z", "inferenceStatus": "not-loaded"}