{"_id": "63ee0ca9049599a8df895a24", "id": "j2i5ll/distilbert-base-uncased-finetuned_emotion", "modelId": "j2i5ll/distilbert-base-uncased-finetuned_emotion", "author": "j2i5ll", "sha": "52c0eeba5bb4642e8ce4f72a2d4583314075fb81", "lastModified": "2023-02-16T11:21:45.000Z", "private": false, "disabled": false, "gated": false, "pipeline_tag": "text-classification", "tags": ["transformers", "pytorch", "tensorboard", "distilbert", "text-classification", "generated_from_trainer", "dataset:emotion", "license:apache-2.0", "model-index", "autotrain_compatible", "endpoints_compatible", "region:us"], "downloads": 3, "library_name": "transformers", "mask_token": "[MASK]", "widgetData": [{"text": "I like you. I love you"}], "likes": 0, "model-index": [{"name": "distilbert-base-uncased-finetuned_emotion", "results": [{"task": {"name": "Text Classification", "type": "text-classification"}, "dataset": {"name": "emotion", "type": "emotion", "config": "split", "split": "validation", "args": "split"}, "metrics": [{"name": "Accuracy", "type": "accuracy", "value": 0.933, "verified": false}, {"name": "F1", "type": "f1", "value": 0.9332978051607186, "verified": false}]}]}], "config": {"architectures": ["DistilBertForSequenceClassification"], "model_type": "distilbert", "tokenizer_config": {"cls_token": "[CLS]", "mask_token": "[MASK]", "pad_token": "[PAD]", "sep_token": "[SEP]", "unk_token": "[UNK]"}}, "cardData": {"license": "apache-2.0", "tags": ["generated_from_trainer"], "datasets": ["emotion"], "metrics": ["accuracy", "f1"], "model-index": [{"name": "distilbert-base-uncased-finetuned_emotion", "results": [{"task": {"name": "Text Classification", "type": "text-classification"}, "dataset": {"name": "emotion", "type": "emotion", "config": "split", "split": "validation", "args": "split"}, "metrics": [{"name": "Accuracy", "type": "accuracy", "value": 0.933, "verified": false}, {"name": "F1", "type": "f1", "value": 0.9332978051607186, "verified": false}]}]}]}, "transformersInfo": {"auto_model": "AutoModelForSequenceClassification", "pipeline_tag": "text-classification", "processor": "AutoTokenizer"}, "siblings": [{"rfilename": ".gitattributes"}, {"rfilename": ".gitignore"}, {"rfilename": "README.md"}, {"rfilename": "config.json"}, {"rfilename": "pytorch_model.bin"}, {"rfilename": "runs/Feb16_10-58-15_aecaee7b667c/1676545199.8639698/events.out.tfevents.1676545199.aecaee7b667c.228.1"}, {"rfilename": "runs/Feb16_10-58-15_aecaee7b667c/1676545391.737543/events.out.tfevents.1676545391.aecaee7b667c.228.3"}, {"rfilename": "runs/Feb16_10-58-15_aecaee7b667c/events.out.tfevents.1676545199.aecaee7b667c.228.0"}, {"rfilename": "runs/Feb16_10-58-15_aecaee7b667c/events.out.tfevents.1676545391.aecaee7b667c.228.2"}, {"rfilename": "special_tokens_map.json"}, {"rfilename": "tokenizer.json"}, {"rfilename": "tokenizer_config.json"}, {"rfilename": "training_args.bin"}, {"rfilename": "vocab.txt"}], "spaces": [], "createdAt": "2023-02-16T10:59:53.000Z", "inferenceStatus": "not-loaded"}