{"_id": "661ad9bcea3df2195adb83dc", "id": "j2slab/pegasus-xsum-finetuned-appstore_books-en", "modelId": "j2slab/pegasus-xsum-finetuned-appstore_books-en", "author": "j2slab", "sha": "e39f1e1ecf081de02431faa829f1ebe97da7fb26", "lastModified": "2024-04-13T19:15:08.000Z", "private": false, "disabled": false, "gated": false, "tags": ["region:us"], "downloads": 0, "likes": 0, "siblings": [{"rfilename": ".gitattributes"}], "spaces": [], "createdAt": "2024-04-13T19:15:08.000Z", "inferenceStatus": "not-loaded"}