{"_id": "64ad6fa1b7e557b2b9785f7c", "id": "J3/distilhubert-finetuned-gtzan-v3-finetuned-gtzan", "modelId": "J3/distilhubert-finetuned-gtzan-v3-finetuned-gtzan", "author": "J3", "sha": "e0775c4bb2c5d1c25a53b099bab1b83973704703", "lastModified": "2023-07-14T12:39:24.000Z", "private": false, "disabled": false, "gated": false, "pipeline_tag": "audio-classification", "tags": ["transformers", "pytorch", "tensorboard", "hubert", "audio-classification", "generated_from_trainer", "dataset:marsyas/gtzan", "license:apache-2.0", "endpoints_compatible", "region:us"], "downloads": 2, "library_name": "transformers", "likes": 0, "model-index": [{"name": "distilhubert-finetuned-gtzan-v3-finetuned-gtzan", "results": []}], "config": {"architectures": ["HubertForSequenceClassification"], "model_type": "hubert"}, "cardData": {"license": "apache-2.0", "tags": ["generated_from_trainer"], "datasets": ["marsyas/gtzan"], "metrics": ["accuracy"], "model-index": [{"name": "distilhubert-finetuned-gtzan-v3-finetuned-gtzan", "results": []}]}, "transformersInfo": {"auto_model": "AutoModelForAudioClassification", "pipeline_tag": "audio-classification", "processor": "AutoProcessor"}, "siblings": [{"rfilename": ".gitattributes"}, {"rfilename": ".gitignore"}, {"rfilename": "README.md"}, {"rfilename": "config.json"}, {"rfilename": "preprocessor_config.json"}, {"rfilename": "pytorch_model.bin"}, {"rfilename": "runs/Jul11_15-04-44_ff3b8a7af93f/events.out.tfevents.1689087910.ff3b8a7af93f.76.0"}, {"rfilename": "runs/Jul11_16-27-08_ff3b8a7af93f/events.out.tfevents.1689092841.ff3b8a7af93f.1685.0"}, {"rfilename": "runs/Jul11_17-15-14_a444c419c3c4/events.out.tfevents.1689095758.a444c419c3c4.28.0"}, {"rfilename": "runs/Jul14_11-37-44_4b13ec31e0f8/events.out.tfevents.1689334719.4b13ec31e0f8.28.0"}, {"rfilename": "training_args.bin"}], "spaces": [], "createdAt": "2023-07-11T15:05:05.000Z", "inferenceStatus": "not-loaded"}