{"_id": "6437050ff8962b4332bad87f", "id": "J3/poca-SoccerTwos_ver1", "modelId": "J3/poca-SoccerTwos_ver1", "author": "J3", "sha": "85cc48852734b9766fc60cb0635785b2e4c7bf3e", "lastModified": "2023-04-12T19:23:15.000Z", "private": false, "disabled": false, "gated": false, "pipeline_tag": "reinforcement-learning", "tags": ["ml-agents", "tensorboard", "onnx", "unity-ml-agents", "deep-reinforcement-learning", "reinforcement-learning", "ML-Agents-SoccerTwos", "region:us"], "downloads": 2, "library_name": "ml-agents", "likes": 0, "model-index": null, "config": {}, "cardData": {"tags": ["unity-ml-agents", "ml-agents", "deep-reinforcement-learning", "reinforcement-learning", "ML-Agents-SoccerTwos"], "library_name": "ml-agents"}, "siblings": [{"rfilename": ".gitattributes"}, {"rfilename": "README.md"}, {"rfilename": "SoccerTwos.onnx"}, {"rfilename": "SoccerTwos/SoccerTwos-48499920.onnx"}, {"rfilename": "SoccerTwos/SoccerTwos-48499920.pt"}, {"rfilename": "SoccerTwos/SoccerTwos-48999995.onnx"}, {"rfilename": "SoccerTwos/SoccerTwos-48999995.pt"}, {"rfilename": "SoccerTwos/SoccerTwos-49499978.onnx"}, {"rfilename": "SoccerTwos/SoccerTwos-49499978.pt"}, {"rfilename": "SoccerTwos/SoccerTwos-49999990.onnx"}, {"rfilename": "SoccerTwos/SoccerTwos-49999990.pt"}, {"rfilename": "SoccerTwos/SoccerTwos-50000034.onnx"}, {"rfilename": "SoccerTwos/SoccerTwos-50000034.pt"}, {"rfilename": "SoccerTwos/checkpoint.pt"}, {"rfilename": "SoccerTwos/events.out.tfevents.1681243182.DESKTOP-81MTJCD.16960.0"}, {"rfilename": "config.json"}, {"rfilename": "configuration.yaml"}, {"rfilename": "run_logs/Player-0.log"}, {"rfilename": "run_logs/timers.json"}, {"rfilename": "run_logs/training_status.json"}], "spaces": [], "createdAt": "2023-04-12T19:22:55.000Z", "inferenceStatus": "not-loaded"}