{"_id": "6412d61bb9c4d0e1b73eedad", "id": "J3/a2c-AntBulletEnv-v0", "modelId": "J3/a2c-AntBulletEnv-v0", "author": "J3", "sha": "76040df9497c83897a1e3701bb88474be3c3e2b3", "lastModified": "2023-03-16T08:42:11.000Z", "private": false, "disabled": false, "gated": false, "pipeline_tag": "reinforcement-learning", "tags": ["stable-baselines3", "AntBulletEnv-v0", "deep-reinforcement-learning", "reinforcement-learning", "model-index", "region:us"], "downloads": 0, "library_name": "stable-baselines3", "likes": 0, "model-index": [{"name": "A2C", "results": [{"task": {"type": "reinforcement-learning", "name": "reinforcement-learning"}, "dataset": {"name": "AntBulletEnv-v0", "type": "AntBulletEnv-v0"}, "metrics": [{"type": "mean_reward", "value": "2120.98 +/- 75.90", "name": "mean_reward", "verified": false}]}]}], "config": {}, "cardData": {"library_name": "stable-baselines3", "tags": ["AntBulletEnv-v0", "deep-reinforcement-learning", "reinforcement-learning", "stable-baselines3"], "model-index": [{"name": "A2C", "results": [{"task": {"type": "reinforcement-learning", "name": "reinforcement-learning"}, "dataset": {"name": "AntBulletEnv-v0", "type": "AntBulletEnv-v0"}, "metrics": [{"type": "mean_reward", "value": "2120.98 +/- 75.90", "name": "mean_reward", "verified": false}]}]}]}, "siblings": [{"rfilename": ".gitattributes"}, {"rfilename": "README.md"}, {"rfilename": "a2c-AntBulletEnv-v0.zip"}, {"rfilename": "a2c-AntBulletEnv-v0/_stable_baselines3_version"}, {"rfilename": "a2c-AntBulletEnv-v0/data"}, {"rfilename": "a2c-AntBulletEnv-v0/policy.optimizer.pth"}, {"rfilename": "a2c-AntBulletEnv-v0/policy.pth"}, {"rfilename": "a2c-AntBulletEnv-v0/pytorch_variables.pth"}, {"rfilename": "a2c-AntBulletEnv-v0/system_info.txt"}, {"rfilename": "config.json"}, {"rfilename": "replay.mp4"}, {"rfilename": "results.json"}, {"rfilename": "vec_normalize.pkl"}], "spaces": [], "createdAt": "2023-03-16T08:40:59.000Z", "inferenceStatus": "not-loaded"}