{"_id": "639ab708c63cdf993269e167", "id": "J3/PPO-LunarLander", "modelId": "J3/PPO-LunarLander", "author": "J3", "sha": "f781f450728941c89dd0326d8a24c17584aa0580", "lastModified": "2022-12-15T06:18:49.000Z", "private": false, "disabled": false, "gated": false, "pipeline_tag": "reinforcement-learning", "tags": ["stable-baselines3", "LunarLander-v2", "deep-reinforcement-learning", "reinforcement-learning", "model-index", "region:us"], "downloads": 0, "library_name": "stable-baselines3", "likes": 0, "model-index": [{"name": "PPO", "results": [{"task": {"type": "reinforcement-learning", "name": "reinforcement-learning"}, "dataset": {"name": "LunarLander-v2", "type": "LunarLander-v2"}, "metrics": [{"type": "mean_reward", "value": "287.45 +/- 14.49", "name": "mean_reward", "verified": false}]}]}], "config": {}, "cardData": {"library_name": "stable-baselines3", "tags": ["LunarLander-v2", "deep-reinforcement-learning", "reinforcement-learning", "stable-baselines3"], "model-index": [{"name": "PPO", "results": [{"task": {"type": "reinforcement-learning", "name": "reinforcement-learning"}, "dataset": {"name": "LunarLander-v2", "type": "LunarLander-v2"}, "metrics": [{"type": "mean_reward", "value": "287.45 +/- 14.49", "name": "mean_reward", "verified": false}]}]}]}, "siblings": [{"rfilename": ".gitattributes"}, {"rfilename": "README.md"}, {"rfilename": "config.json"}, {"rfilename": "ppo-LunarLander.zip"}, {"rfilename": "ppo-LunarLander/_stable_baselines3_version"}, {"rfilename": "ppo-LunarLander/data"}, {"rfilename": "ppo-LunarLander/policy.optimizer.pth"}, {"rfilename": "ppo-LunarLander/policy.pth"}, {"rfilename": "ppo-LunarLander/pytorch_variables.pth"}, {"rfilename": "ppo-LunarLander/system_info.txt"}, {"rfilename": "results.json"}], "spaces": [], "createdAt": "2022-12-15T05:56:24.000Z", "inferenceStatus": "not-loaded"}