{"_id": "661509f7f0f0b8185a116830", "id": "J3nsenn/fine-tuned-distilbertv3", "modelId": "J3nsenn/fine-tuned-distilbertv3", "author": "J3nsenn", "sha": "239801435acee033e4cce01b83878c0c74eca000", "lastModified": "2024-04-09T09:27:40.000Z", "private": false, "disabled": false, "gated": false, "pipeline_tag": "text-classification", "tags": ["transformers", "safetensors", "distilbert", "text-classification", "arxiv:1910.09700", "autotrain_compatible", "endpoints_compatible", "region:us"], "downloads": 2, "library_name": "transformers", "mask_token": "[MASK]", "widgetData": [{"text": "I like you. I love you"}], "likes": 0, "model-index": null, "config": {"architectures": ["DistilBertForSequenceClassification"], "model_type": "distilbert"}, "cardData": {"library_name": "transformers", "tags": []}, "transformersInfo": {"auto_model": "AutoModelForSequenceClassification", "pipeline_tag": "text-classification", "processor": "AutoTokenizer"}, "siblings": [{"rfilename": ".gitattributes"}, {"rfilename": "README.md"}, {"rfilename": "config.json"}, {"rfilename": "model.safetensors"}], "spaces": [], "createdAt": "2024-04-09T09:27:19.000Z", "safetensors": {"parameters": {"F32": 66955010}, "total": 66955010}, "inferenceStatus": "not-loaded"}