{"_id": "65f98d882730c9f20e797d5b", "id": "J3nsenn/fine-tuned-distilbertv1", "modelId": "J3nsenn/fine-tuned-distilbertv1", "author": "J3nsenn", "sha": "005d2b7cac39950f656d7d2820a99219ceaa5a5d", "lastModified": "2024-03-19T13:05:43.000Z", "private": false, "disabled": false, "gated": false, "pipeline_tag": "text-classification", "tags": ["transformers", "safetensors", "distilbert", "text-classification", "arxiv:1910.09700", "autotrain_compatible", "endpoints_compatible", "region:us"], "downloads": 2, "library_name": "transformers", "mask_token": "[MASK]", "widgetData": [{"text": "I like you. I love you"}], "likes": 0, "model-index": null, "config": {"architectures": ["DistilBertForSequenceClassification"], "model_type": "distilbert"}, "cardData": {"library_name": "transformers", "tags": []}, "transformersInfo": {"auto_model": "AutoModelForSequenceClassification", "pipeline_tag": "text-classification", "processor": "AutoTokenizer"}, "siblings": [{"rfilename": ".gitattributes"}, {"rfilename": "README.md"}, {"rfilename": "config.json"}, {"rfilename": "model.safetensors"}], "spaces": [], "createdAt": "2024-03-19T13:05:12.000Z", "safetensors": {"parameters": {"F32": 66955010}, "total": 66955010}, "inferenceStatus": "not-loaded"}