{"_id": "64ca4ce57846f146bd225629", "id": "J3ws3r/results", "modelId": "J3ws3r/results", "author": "J3ws3r", "sha": "e4f713463dabecfd55df227e9ef43e5600335d8a", "lastModified": "2023-08-02T12:34:26.000Z", "private": false, "disabled": false, "gated": false, "pipeline_tag": "token-classification", "tags": ["transformers", "pytorch", "layoutlmv3", "token-classification", "generated_from_trainer", "autotrain_compatible", "endpoints_compatible", "region:us"], "downloads": 2, "library_name": "transformers", "widgetData": [{"text": "My name is Wolfgang and I live in Berlin"}, {"text": "My name is Sarah and I live in London"}, {"text": "My name is Clara and I live in Berkeley, California."}], "likes": 0, "model-index": [{"name": "results", "results": []}], "config": {"architectures": ["LayoutLMv3ForTokenClassification"], "model_type": "layoutlmv3"}, "cardData": {"tags": ["generated_from_trainer"], "model-index": [{"name": "results", "results": []}]}, "transformersInfo": {"auto_model": "AutoModelForTokenClassification", "pipeline_tag": "token-classification", "processor": "AutoProcessor"}, "siblings": [{"rfilename": ".gitattributes"}, {"rfilename": ".gitignore"}, {"rfilename": "README.md"}, {"rfilename": "config.json"}, {"rfilename": "pytorch_model.bin"}, {"rfilename": "training_args.bin"}], "spaces": [], "createdAt": "2023-08-02T12:32:37.000Z", "inferenceStatus": "not-loaded"}