{"_id": "64ca4a8d4dcdaead7adc7b35", "id": "J3ws3r/lmv3invoice-small", "modelId": "J3ws3r/lmv3invoice-small", "author": "J3ws3r", "sha": "49f27de454ec2fca3266a00fc171937ad45a3789", "lastModified": "2023-08-02T12:22:37.000Z", "private": false, "disabled": false, "gated": false, "tags": ["license:cc-by-nc-sa-4.0", "region:us"], "downloads": 0, "likes": 0, "model-index": null, "cardData": {"license": "cc-by-nc-sa-4.0"}, "siblings": [{"rfilename": ".gitattributes"}, {"rfilename": "README.md"}], "spaces": [], "createdAt": "2023-08-02T12:22:37.000Z", "inferenceStatus": "not-loaded"}