{"_id": "63a9f87857ca9193a679a0b3", "id": "j3x/cosmos", "modelId": "j3x/cosmos", "author": "j3x", "sha": "bca4c776ae40ba05d54d580062d7305df539201f", "lastModified": "2022-12-26T19:39:36.000Z", "private": false, "disabled": false, "gated": false, "tags": ["license:openrail", "region:us"], "downloads": 0, "likes": 0, "model-index": null, "cardData": {"license": "openrail"}, "siblings": [{"rfilename": ".gitattributes"}, {"rfilename": "README.md"}], "spaces": [], "createdAt": "2022-12-26T19:39:36.000Z", "inferenceStatus": "not-loaded"}