{"_id": "639e0264f87da5e2eb157a93", "id": "J4F4N4F/Huggy", "modelId": "J4F4N4F/Huggy", "author": "J4F4N4F", "sha": "554c31ce9e666df1f4934adf2c97065c4e655283", "lastModified": "2022-12-17T17:54:57.000Z", "private": false, "disabled": false, "gated": false, "pipeline_tag": "reinforcement-learning", "tags": ["ml-agents", "tensorboard", "onnx", "unity-ml-agents", "deep-reinforcement-learning", "reinforcement-learning", "ML-Agents-Huggy", "region:us"], "downloads": 5, "library_name": "ml-agents", "likes": 0, "model-index": null, "config": {}, "cardData": {"tags": ["unity-ml-agents", "ml-agents", "deep-reinforcement-learning", "reinforcement-learning", "ML-Agents-Huggy"], "library_name": "ml-agents"}, "siblings": [{"rfilename": ".gitattributes"}, {"rfilename": "Huggy.onnx"}, {"rfilename": "Huggy/Huggy-1199971.onnx"}, {"rfilename": "Huggy/Huggy-1199971.pt"}, {"rfilename": "Huggy/Huggy-1399936.onnx"}, {"rfilename": "Huggy/Huggy-1399936.pt"}, {"rfilename": "Huggy/Huggy-1599262.onnx"}, {"rfilename": "Huggy/Huggy-1599262.pt"}, {"rfilename": "Huggy/Huggy-1799999.onnx"}, {"rfilename": "Huggy/Huggy-1799999.pt"}, {"rfilename": "Huggy/Huggy-199730.onnx"}, {"rfilename": "Huggy/Huggy-199730.pt"}, {"rfilename": "Huggy/Huggy-1999254.onnx"}, {"rfilename": "Huggy/Huggy-1999254.pt"}, {"rfilename": "Huggy/Huggy-2000004.onnx"}, {"rfilename": "Huggy/Huggy-2000004.pt"}, {"rfilename": "Huggy/Huggy-399967.onnx"}, {"rfilename": "Huggy/Huggy-399967.pt"}, {"rfilename": "Huggy/Huggy-599611.onnx"}, {"rfilename": "Huggy/Huggy-599611.pt"}, {"rfilename": "Huggy/Huggy-799964.onnx"}, {"rfilename": "Huggy/Huggy-799964.pt"}, {"rfilename": "Huggy/Huggy-999908.onnx"}, {"rfilename": "Huggy/Huggy-999908.pt"}, {"rfilename": "Huggy/checkpoint.pt"}, {"rfilename": "Huggy/events.out.tfevents.1671297421.02e44619393e.246.0"}, {"rfilename": "README.md"}, {"rfilename": "config.json"}, {"rfilename": "configuration.yaml"}, {"rfilename": "run_logs/Player-0.log"}, {"rfilename": "run_logs/timers.json"}, {"rfilename": "run_logs/training_status.json"}], "spaces": [], "createdAt": "2022-12-17T17:54:44.000Z", "inferenceStatus": "not-loaded"}