{"_id": "6495af31bf3e1e1d0306869b", "id": "J4m35M4xw3ll/ppo-Huggy", "modelId": "J4m35M4xw3ll/ppo-Huggy", "author": "J4m35M4xw3ll", "sha": "cc94f486599c4d6367bb95c68c1137fb80459fb2", "lastModified": "2023-06-23T14:41:57.000Z", "private": false, "disabled": false, "gated": false, "pipeline_tag": "reinforcement-learning", "tags": ["ml-agents", "tensorboard", "onnx", "Huggy", "deep-reinforcement-learning", "reinforcement-learning", "ML-Agents-Huggy", "region:us"], "downloads": 0, "library_name": "ml-agents", "likes": 0, "model-index": null, "config": {}, "cardData": {"library_name": "ml-agents", "tags": ["Huggy", "deep-reinforcement-learning", "reinforcement-learning", "ML-Agents-Huggy"]}, "siblings": [{"rfilename": ".gitattributes"}, {"rfilename": "Huggy.onnx"}, {"rfilename": "Huggy/Huggy-199741.onnx"}, {"rfilename": "Huggy/Huggy-199741.pt"}, {"rfilename": "Huggy/Huggy-200184.onnx"}, {"rfilename": "Huggy/Huggy-200184.pt"}, {"rfilename": "Huggy/checkpoint.pt"}, {"rfilename": "Huggy/events.out.tfevents.1687530986.38422d79332d.3625.0"}, {"rfilename": "README.md"}, {"rfilename": "config.json"}, {"rfilename": "configuration.yaml"}, {"rfilename": "run_logs/Player-0.log"}, {"rfilename": "run_logs/timers.json"}, {"rfilename": "run_logs/training_status.json"}], "spaces": [], "createdAt": "2023-06-23T14:41:53.000Z", "inferenceStatus": "not-loaded"}