{"_id": "649967e2b5c741184fd6f665", "id": "J4m35M4xw3ll/q-FrozenLake-v1-4x4-Slippery", "modelId": "J4m35M4xw3ll/q-FrozenLake-v1-4x4-Slippery", "author": "J4m35M4xw3ll", "sha": "ea67748ce95a7a83da06447eac62017d344da8a8", "lastModified": "2023-06-26T10:26:44.000Z", "private": false, "disabled": false, "gated": false, "pipeline_tag": "reinforcement-learning", "tags": ["FrozenLake-v1-4x4", "q-learning", "reinforcement-learning", "custom-implementation", "model-index", "region:us"], "downloads": 0, "likes": 0, "model-index": [{"name": "q-FrozenLake-v1-4x4-Slippery", "results": [{"task": {"type": "reinforcement-learning", "name": "reinforcement-learning"}, "dataset": {"name": "FrozenLake-v1-4x4", "type": "FrozenLake-v1-4x4"}, "metrics": [{"type": "mean_reward", "value": "0.77 +/- 0.42", "name": "mean_reward", "verified": false}]}]}], "cardData": {"tags": ["FrozenLake-v1-4x4", "q-learning", "reinforcement-learning", "custom-implementation"], "model-index": [{"name": "q-FrozenLake-v1-4x4-Slippery", "results": [{"task": {"type": "reinforcement-learning", "name": "reinforcement-learning"}, "dataset": {"name": "FrozenLake-v1-4x4", "type": "FrozenLake-v1-4x4"}, "metrics": [{"type": "mean_reward", "value": "0.77 +/- 0.42", "name": "mean_reward", "verified": false}]}]}]}, "siblings": [{"rfilename": ".gitattributes"}, {"rfilename": "README.md"}, {"rfilename": "q-learning.pkl"}, {"rfilename": "replay.mp4"}, {"rfilename": "results.json"}], "spaces": [], "createdAt": "2023-06-26T10:26:42.000Z", "inferenceStatus": "not-loaded"}