{"_id": "646a453813396ee0a5657ed0", "id": "J4Q8/my_awesome_cosmos_model", "modelId": "J4Q8/my_awesome_cosmos_model", "author": "J4Q8", "sha": "ee3f279afd291ac6d8cf88933dd0b1ef31b01d32", "lastModified": "2023-05-21T17:55:51.000Z", "private": false, "disabled": false, "gated": false, "pipeline_tag": "multiple-choice", "tags": ["transformers", "pytorch", "tensorboard", "bert", "multiple-choice", "endpoints_compatible", "region:us"], "downloads": 0, "library_name": "transformers", "mask_token": "[MASK]", "likes": 0, "config": {"architectures": ["BertForMultipleChoice"], "model_type": "bert", "tokenizer_config": {"cls_token": "[CLS]", "mask_token": "[MASK]", "pad_token": "[PAD]", "sep_token": "[SEP]", "unk_token": "[UNK]"}}, "transformersInfo": {"auto_model": "AutoModelForMultipleChoice", "pipeline_tag": "multiple-choice", "processor": "AutoTokenizer"}, "siblings": [{"rfilename": ".gitattributes"}, {"rfilename": ".gitignore"}, {"rfilename": "config.json"}, {"rfilename": "pytorch_model.bin"}, {"rfilename": "runs/May21_16-36-11_68729b071a61/1684686974.4451249/events.out.tfevents.1684686974.68729b071a61.2195.1"}, {"rfilename": "runs/May21_16-36-11_68729b071a61/events.out.tfevents.1684686974.68729b071a61.2195.0"}, {"rfilename": "special_tokens_map.json"}, {"rfilename": "tokenizer.json"}, {"rfilename": "tokenizer_config.json"}, {"rfilename": "training_args.bin"}, {"rfilename": "vocab.txt"}], "spaces": [], "createdAt": "2023-05-21T16:22:16.000Z", "inferenceStatus": "not-loaded"}