{"_id": "6570da921a22eb9b09a65dd2", "id": "J4ylsk/tourtoise", "modelId": "J4ylsk/tourtoise", "author": "J4ylsk", "sha": "31fcee8796ed3b0b76a8ec528bfe11dadda734cd", "lastModified": "2023-12-06T20:33:23.000Z", "private": false, "disabled": false, "gated": false, "tags": ["license:apache-2.0", "region:us"], "downloads": 0, "likes": 0, "model-index": null, "cardData": {"license": "apache-2.0"}, "siblings": [{"rfilename": ".gitattributes"}, {"rfilename": "README.md"}], "spaces": [], "createdAt": "2023-12-06T20:33:22.000Z", "inferenceStatus": "not-loaded"}