{"_id": "63eadd00e35a4dfbb8e5af13", "id": "J4YL19/my_awesome_BioRED_model", "modelId": "J4YL19/my_awesome_BioRED_model", "author": "J4YL19", "sha": "df4ca40e16e3bdf3cd54b2d5beebaf0ce91e07b0", "lastModified": "2023-04-11T01:00:54.000Z", "private": false, "disabled": false, "gated": false, "pipeline_tag": "token-classification", "tags": ["transformers", "pytorch", "tensorboard", "bert", "token-classification", "autotrain_compatible", "endpoints_compatible", "region:us"], "downloads": 2, "library_name": "transformers", "mask_token": "[MASK]", "widgetData": [{"text": "My name is Wolfgang and I live in Berlin"}, {"text": "My name is Sarah and I live in London"}, {"text": "My name is Clara and I live in Berkeley, California."}], "likes": 0, "config": {"architectures": ["BertForTokenClassification"], "model_type": "bert", "tokenizer_config": {"cls_token": "[CLS]", "mask_token": "[MASK]", "pad_token": "[PAD]", "sep_token": "[SEP]", "unk_token": "[UNK]"}}, "transformersInfo": {"auto_model": "AutoModelForTokenClassification", "pipeline_tag": "token-classification", "processor": "AutoTokenizer"}, "siblings": [{"rfilename": ".gitattributes"}, {"rfilename": ".gitignore"}, {"rfilename": "config.json"}, {"rfilename": "pytorch_model.bin"}, {"rfilename": "runs/Apr05_21-28-24_2dbaf9cab0b9/1680730233.6495473/events.out.tfevents.1680730233.2dbaf9cab0b9.1486.1"}, {"rfilename": "runs/Apr05_21-28-24_2dbaf9cab0b9/events.out.tfevents.1680730233.2dbaf9cab0b9.1486.0"}, {"rfilename": "runs/Apr10_22-47-28_f019277baa4d/1681166995.308598/events.out.tfevents.1681166995.f019277baa4d.3970.1"}, {"rfilename": "runs/Apr10_22-47-28_f019277baa4d/events.out.tfevents.1681166995.f019277baa4d.3970.0"}, {"rfilename": "runs/Apr10_22-55-21_f019277baa4d/1681167325.7865143/events.out.tfevents.1681167325.f019277baa4d.3970.3"}, {"rfilename": "runs/Apr10_22-55-21_f019277baa4d/events.out.tfevents.1681167325.f019277baa4d.3970.2"}, {"rfilename": "runs/Apr10_23-05-56_f019277baa4d/1681167960.9291544/events.out.tfevents.1681167960.f019277baa4d.3970.5"}, {"rfilename": "runs/Apr10_23-05-56_f019277baa4d/events.out.tfevents.1681167960.f019277baa4d.3970.4"}, {"rfilename": "runs/Apr10_23-10-53_f019277baa4d/1681168259.1499174/events.out.tfevents.1681168259.f019277baa4d.3970.7"}, {"rfilename": "runs/Apr10_23-10-53_f019277baa4d/events.out.tfevents.1681168259.f019277baa4d.3970.6"}, {"rfilename": "runs/Apr10_23-20-50_f019277baa4d/1681168858.2637432/events.out.tfevents.1681168858.f019277baa4d.3970.9"}, {"rfilename": "runs/Apr10_23-20-50_f019277baa4d/events.out.tfevents.1681168858.f019277baa4d.3970.8"}, {"rfilename": "runs/Apr11_00-54-42_1e62eaf9872a/1681174611.0022779/events.out.tfevents.1681174611.1e62eaf9872a.159.1"}, {"rfilename": "runs/Apr11_00-54-42_1e62eaf9872a/events.out.tfevents.1681174610.1e62eaf9872a.159.0"}, {"rfilename": "runs/Feb27_07-33-16_7899cb5c7c73/1677483202.358554/events.out.tfevents.1677483202.7899cb5c7c73.207.1"}, {"rfilename": "runs/Feb27_07-33-16_7899cb5c7c73/events.out.tfevents.1677483202.7899cb5c7c73.207.0"}, {"rfilename": "runs/Feb27_17-55-34_1add82f53566/1677520653.4331725/events.out.tfevents.1677520653.1add82f53566.231.1"}, {"rfilename": "runs/Feb27_17-55-34_1add82f53566/events.out.tfevents.1677520653.1add82f53566.231.0"}, {"rfilename": "runs/Mar07_01-47-19_1d87dd7fe57e/1678153768.887893/events.out.tfevents.1678153768.1d87dd7fe57e.130.1"}, {"rfilename": "runs/Mar07_01-47-19_1d87dd7fe57e/events.out.tfevents.1678153768.1d87dd7fe57e.130.0"}, {"rfilename": "runs/Mar08_23-44-50_85305c1a3202/1678319207.6161387/events.out.tfevents.1678319207.85305c1a3202.123.1"}, {"rfilename": "runs/Mar08_23-44-50_85305c1a3202/events.out.tfevents.1678319207.85305c1a3202.123.0"}, {"rfilename": "runs/Mar09_04-28-36_9cc745af2cee/1678336240.6416256/events.out.tfevents.1678336240.9cc745af2cee.116.1"}, {"rfilename": "runs/Mar09_04-28-36_9cc745af2cee/events.out.tfevents.1678336240.9cc745af2cee.116.0"}, {"rfilename": "special_tokens_map.json"}, {"rfilename": "tokenizer.json"}, {"rfilename": "tokenizer_config.json"}, {"rfilename": "training_args.bin"}, {"rfilename": "vocab.txt"}], "spaces": [], "createdAt": "2023-02-14T00:59:44.000Z", "inferenceStatus": "not-loaded"}