{"_id": "640b9da29d5ede2c89409365", "id": "J4YL19/New_BioRED_model", "modelId": "J4YL19/New_BioRED_model", "author": "J4YL19", "sha": "b387dfc68a1be9d33a49dec4f42951bd5cdc5131", "lastModified": "2023-03-19T05:50:16.000Z", "private": false, "disabled": false, "gated": false, "pipeline_tag": "token-classification", "tags": ["transformers", "pytorch", "tensorboard", "bert", "token-classification", "autotrain_compatible", "endpoints_compatible", "region:us"], "downloads": 5, "library_name": "transformers", "mask_token": "[MASK]", "widgetData": [{"text": "My name is Wolfgang and I live in Berlin"}, {"text": "My name is Sarah and I live in London"}, {"text": "My name is Clara and I live in Berkeley, California."}], "likes": 0, "config": {"architectures": ["BertForTokenClassification"], "model_type": "bert", "tokenizer_config": {"cls_token": "[CLS]", "mask_token": "[MASK]", "pad_token": "[PAD]", "sep_token": "[SEP]", "unk_token": "[UNK]"}}, "transformersInfo": {"auto_model": "AutoModelForTokenClassification", "pipeline_tag": "token-classification", "processor": "AutoTokenizer"}, "siblings": [{"rfilename": ".gitattributes"}, {"rfilename": ".gitignore"}, {"rfilename": "config.json"}, {"rfilename": "pytorch_model.bin"}, {"rfilename": "runs/Mar17_20-54-03_node1.podcluster/1679111708.7992795/events.out.tfevents.1679111708.node1.podcluster.256499.1"}, {"rfilename": "runs/Mar17_20-54-03_node1.podcluster/events.out.tfevents.1679111708.node1.podcluster.256499.0"}, {"rfilename": "runs/Mar18_13-35-08_node1.podcluster/1679171732.174718/events.out.tfevents.1679171732.node1.podcluster.316862.1"}, {"rfilename": "runs/Mar18_13-35-08_node1.podcluster/events.out.tfevents.1679171732.node1.podcluster.316862.0"}, {"rfilename": "special_tokens_map.json"}, {"rfilename": "tokenizer.json"}, {"rfilename": "tokenizer_config.json"}, {"rfilename": "training_args.bin"}, {"rfilename": "vocab.txt"}], "spaces": [], "createdAt": "2023-03-10T21:14:10.000Z", "inferenceStatus": "not-loaded"}