{"_id": "647c3b5583c62f3249103fa5", "id": "j5ng/et5-typos-corrector", "modelId": "j5ng/et5-typos-corrector", "author": "j5ng", "sha": "80b905789c39ce3fb5340873d6e7de265a89bb70", "lastModified": "2023-06-05T07:41:33.000Z", "private": false, "disabled": false, "gated": false, "pipeline_tag": "text2text-generation", "tags": ["transformers", "pytorch", "t5", "text2text-generation", "ko", "license:apache-2.0", "autotrain_compatible", "text-generation-inference", "endpoints_compatible", "region:us"], "downloads": 825, "library_name": "transformers", "likes": 4, "model-index": null, "config": {"architectures": ["T5ForConditionalGeneration"], "model_type": "t5", "tokenizer_config": {"eos_token": "</s>", "pad_token": "<pad>", "unk_token": "<unk>"}}, "cardData": {"language": ["ko"], "pipeline_tag": "text2text-generation", "license": "apache-2.0"}, "transformersInfo": {"auto_model": "AutoModelForSeq2SeqLM", "pipeline_tag": "text2text-generation", "processor": "AutoTokenizer"}, "siblings": [{"rfilename": ".gitattributes"}, {"rfilename": "README.md"}, {"rfilename": "config.json"}, {"rfilename": "generation_config.json"}, {"rfilename": "pytorch_model.bin"}, {"rfilename": "special_tokens_map.json"}, {"rfilename": "spiece.model"}, {"rfilename": "tokenizer_config.json"}], "spaces": [], "createdAt": "2023-06-04T07:20:53.000Z", "inferenceStatus": "not-loaded"}