{"_id": "66692e99fcb86e24dcd89cc5", "id": "j5ng/doctor-closing-classifier", "modelId": "j5ng/doctor-closing-classifier", "author": "j5ng", "sha": "f4e9b762f793a5e1e7634a9d208215d4dcd51de5", "lastModified": "2024-06-12T05:14:53.000Z", "private": false, "disabled": false, "gated": false, "pipeline_tag": "text-classification", "tags": ["transformers", "pytorch", "roberta", "text-classification", "autotrain_compatible", "endpoints_compatible", "region:us"], "downloads": 40, "library_name": "transformers", "mask_token": "<mask>", "widgetData": [{"text": "I like you. I love you"}], "likes": 0, "config": {"architectures": ["RobertaForSequenceClassification"], "model_type": "roberta", "tokenizer_config": {"bos_token": "[CLS]", "cls_token": "[CLS]", "eos_token": "[SEP]", "mask_token": "[MASK]", "pad_token": "[PAD]", "sep_token": "[SEP]", "unk_token": "[UNK]"}}, "transformersInfo": {"auto_model": "AutoModelForSequenceClassification", "pipeline_tag": "text-classification", "processor": "AutoTokenizer"}, "siblings": [{"rfilename": ".gitattributes"}, {"rfilename": "config.json"}, {"rfilename": "pytorch_model.bin"}, {"rfilename": "special_tokens_map.json"}, {"rfilename": "tokenizer.json"}, {"rfilename": "tokenizer_config.json"}, {"rfilename": "vocab.txt"}], "spaces": [], "createdAt": "2024-06-12T05:14:01.000Z", "inferenceStatus": "not-loaded"}