{"_id": "6472f33163001a0002c2a9ed", "id": "j5ng/et5-base", "modelId": "j5ng/et5-base", "author": "j5ng", "sha": "ed43a08c5a9a81a210342dac6bd8e92aa82b9a7d", "lastModified": "2023-05-28T06:31:28.000Z", "private": false, "disabled": false, "gated": false, "pipeline_tag": "text2text-generation", "tags": ["transformers", "pytorch", "t5", "text2text-generation", "autotrain_compatible", "text-generation-inference", "endpoints_compatible", "region:us"], "downloads": 22, "library_name": "transformers", "likes": 2, "config": {"architectures": ["T5ForConditionalGeneration"], "model_type": "t5", "tokenizer_config": {"eos_token": "</s>", "unk_token": "<unk>", "pad_token": "<pad>"}}, "transformersInfo": {"auto_model": "AutoModelForSeq2SeqLM", "pipeline_tag": "text2text-generation", "processor": "AutoTokenizer"}, "siblings": [{"rfilename": ".gitattributes"}, {"rfilename": "LICENSE.txt"}, {"rfilename": "README.txt"}, {"rfilename": "config.json"}, {"rfilename": "pytorch_model.bin"}, {"rfilename": "spiece.model"}, {"rfilename": "tokenizer_config.json"}], "spaces": [], "createdAt": "2023-05-28T06:22:41.000Z", "inferenceStatus": "not-loaded"}