{"_id": "647d916af14eafc3b4451fee", "id": "j5ng/kcbert-formal-classifier", "modelId": "j5ng/kcbert-formal-classifier", "author": "j5ng", "sha": "35a522cf46897045a31514d33186920f7aa384c8", "lastModified": "2023-06-05T09:17:16.000Z", "private": false, "disabled": false, "gated": false, "pipeline_tag": "text-classification", "tags": ["transformers", "pytorch", "bert", "text-classification", "ko", "license:apache-2.0", "autotrain_compatible", "endpoints_compatible", "region:us"], "downloads": 39, "library_name": "transformers", "mask_token": "[MASK]", "likes": 0, "model-index": null, "config": {"architectures": ["BertForSequenceClassification"], "model_type": "bert", "tokenizer_config": {}}, "cardData": {"license": "apache-2.0", "language": ["ko"], "pipeline_tag": "text-classification"}, "transformersInfo": {"auto_model": "AutoModelForSequenceClassification", "pipeline_tag": "text-classification", "processor": "AutoTokenizer"}, "siblings": [{"rfilename": ".gitattributes"}, {"rfilename": "README.md"}, {"rfilename": "config.json"}, {"rfilename": "pytorch_model.bin"}, {"rfilename": "tokenizer_config.json"}, {"rfilename": "vocab.txt"}], "spaces": ["livekhh/formal_project"], "createdAt": "2023-06-05T07:40:26.000Z", "inferenceStatus": "not-loaded"}