{"_id": "651926102b4fffcb41f58b2c", "id": "j5ng/et5-sentence-comfort", "modelId": "j5ng/et5-sentence-comfort", "author": "j5ng", "sha": "770fe9ce5a91c3c3bc32d13dd6b63d6091b07201", "lastModified": "2023-10-01T12:12:46.000Z", "private": false, "disabled": false, "gated": false, "tags": ["transformers", "pytorch", "t5", "license:apache-2.0", "text-generation-inference", "endpoints_compatible", "region:us"], "downloads": 41, "library_name": "transformers", "likes": 0, "model-index": null, "config": {"architectures": ["T5EncoderModel"], "model_type": "t5"}, "cardData": {"license": "apache-2.0"}, "transformersInfo": {"auto_model": "AutoModel", "processor": "AutoTokenizer"}, "siblings": [{"rfilename": ".gitattributes"}, {"rfilename": "1_Pooling/config.json"}, {"rfilename": "README.md"}, {"rfilename": "config.json"}, {"rfilename": "config_sentence_transformers.json"}, {"rfilename": "modules.json"}, {"rfilename": "pytorch_model.bin"}, {"rfilename": "sentence_bert_config.json"}, {"rfilename": "special_tokens_map.json"}, {"rfilename": "spiece.model"}, {"rfilename": "tokenizer.json"}], "spaces": [], "createdAt": "2023-10-01T07:56:00.000Z", "inferenceStatus": "not-loaded"}