{"_id": "6365d436e7a78348d8253d7e", "id": "j7r7c/j7r7c1", "modelId": "j7r7c/j7r7c1", "author": "j7r7c", "sha": "65938e929b127325978db8b69d099ba316387a7a", "lastModified": "2022-11-05T03:10:46.000Z", "private": false, "disabled": false, "gated": false, "tags": ["license:mit", "region:us"], "downloads": 0, "likes": 0, "model-index": null, "cardData": {"license": "mit"}, "siblings": [{"rfilename": ".gitattributes"}, {"rfilename": "README.md"}], "spaces": [], "createdAt": "2022-11-05T03:10:46.000Z", "inferenceStatus": "not-loaded"}