{"_id": "66822974d3321fbad768aee4", "id": "j9uv1n0/cl", "modelId": "j9uv1n0/cl", "author": "j9uv1n0", "sha": "35b22866394b1c82feadded493da1b17bb23c061", "lastModified": "2024-07-01T03:59:10.000Z", "private": false, "disabled": false, "gated": false, "tags": ["license:openrail", "region:us"], "downloads": 0, "likes": 0, "model-index": null, "cardData": {"license": "openrail"}, "siblings": [{"rfilename": ".gitattributes"}, {"rfilename": "CL (2NE1) - Weights.gg Model.zip"}, {"rfilename": "README.md"}], "spaces": [], "createdAt": "2024-07-01T03:58:44.000Z", "inferenceStatus": "not-loaded"}