{"_id": "650e67ff6620b0c57e208c6a", "id": "j9uv1n0/reginev", "modelId": "j9uv1n0/reginev", "author": "j9uv1n0", "sha": "92528b503675965a1e5331c974f66b80cecad77f", "lastModified": "2023-09-23T08:20:00.000Z", "private": false, "disabled": false, "gated": false, "tags": ["license:openrail", "region:us"], "downloads": 0, "likes": 1, "model-index": null, "cardData": {"license": "openrail"}, "siblings": [{"rfilename": ".gitattributes"}, {"rfilename": "README.md"}, {"rfilename": "regineve.zip"}], "spaces": [], "createdAt": "2023-09-23T04:22:23.000Z", "inferenceStatus": "not-loaded"}