{"_id": "6551b439743e6349aab41e7d", "id": "j9uv1n0/JK", "modelId": "j9uv1n0/JK", "author": "j9uv1n0", "sha": "313963c9955d1410032977840657b0da33fe5223", "lastModified": "2023-11-13T05:30:03.000Z", "private": false, "disabled": false, "gated": false, "tags": ["license:openrail", "region:us"], "downloads": 0, "likes": 0, "model-index": null, "cardData": {"license": "openrail"}, "siblings": [{"rfilename": ".gitattributes"}, {"rfilename": "JUNGKOOK RVC2 (Mentos&Rice).zip"}, {"rfilename": "README.md"}], "spaces": [], "createdAt": "2023-11-13T05:29:29.000Z", "inferenceStatus": "not-loaded"}