{"_id": "658d39043823e3d1e5fd87d7", "id": "j9uv1n0/tonig", "modelId": "j9uv1n0/tonig", "author": "j9uv1n0", "sha": "51f320846191f3d96356590d24290cafd500091e", "lastModified": "2023-12-28T09:00:32.000Z", "private": false, "disabled": false, "gated": false, "tags": ["license:openrail", "region:us"], "downloads": 0, "likes": 0, "model-index": null, "cardData": {"license": "openrail"}, "siblings": [{"rfilename": ".gitattributes"}, {"rfilename": "README.md"}, {"rfilename": "tonig.zip"}], "spaces": [], "createdAt": "2023-12-28T08:59:48.000Z", "inferenceStatus": "not-loaded"}