{"_id": "66010cd6651ed609ec28e8ec", "id": "j9uv1n0/dara", "modelId": "j9uv1n0/dara", "author": "j9uv1n0", "sha": "73edd11f6ccad5afe5d0997bd14891c3e1850180", "lastModified": "2024-03-25T05:34:36.000Z", "private": false, "disabled": false, "gated": false, "tags": ["license:openrail", "region:us"], "downloads": 0, "likes": 0, "model-index": null, "cardData": {"license": "openrail"}, "siblings": [{"rfilename": ".gitattributes"}, {"rfilename": "README.md"}, {"rfilename": "dara.zip"}], "spaces": [], "createdAt": "2024-03-25T05:34:14.000Z", "inferenceStatus": "not-loaded"}