{"_id": "66581bc7d96b0e5e78617de0", "id": "Ja-ck/Yes24-Tag-Extractor-v4", "modelId": "Ja-ck/Yes24-Tag-Extractor-v4", "author": "Ja-ck", "sha": "0560bd697649b65a075a7c844d8973f5db086ad3", "lastModified": "2024-05-30T06:33:03.000Z", "private": false, "disabled": false, "gated": false, "pipeline_tag": "text-generation", "tags": ["transformers", "pytorch", "mistral", "text-generation", "conversational", "license:apache-2.0", "autotrain_compatible", "text-generation-inference", "endpoints_compatible", "region:us"], "downloads": 2, "library_name": "transformers", "widgetData": [{"text": "Hey my name is Julien! How are you?"}, {"text": "Hey my name is Thomas! How are you?"}, {"text": "Hey my name is Mariama! How are you?"}, {"text": "Hey my name is Clara! How are you?"}, {"text": "Hey my name is Julien! How are you?"}, {"text": "Hi."}], "likes": 0, "model-index": null, "config": {"architectures": ["MistralForCausalLM"], "model_type": "mistral", "tokenizer_config": {"bos_token": "<s>", "chat_template": "{% for message in messages %}{% if message['role'] == 'system' %}{% if message['content']%}{{'### System:\n' + message['content']+'\n\n'}}{% endif %}{% elif message['role'] == 'user' %}{{'### \uc9c8\ubb38: \uc544\ub798 \ud14d\uc2a4\ud2b8\uc5d0\uc11c \uc8fc\uc81c\uc5b4\ub97c \ucd5c\ub300 20\uac1c \ucd94\ucd9c\ud574\uc8fc\uc138\uc694. \ucd9c\ub825 \ud615\uc2dd\uc740 {{\"topics\": [ \"\uc8fc\uc81c\uc5b41\",\"\uc8fc\uc81c\uc5b42\", \"\uc8fc\uc81c\uc5b43\", ...] }}\uacfc \ub3d9\uc77c\ud55c \ud615\uc2dd\uc73c\ub85c \ud569\ub2c8\ub2e4.\n\uc9e7\uc740 \ub2e8\uc5b4 \ubcf4\ub2e4\ub294 \ub450\uac1c \uc774\uc0c1\uc758 \ub2e8\uc5b4\ub4e4\ub85c \uc8fc\uc81c\uc5b4\ub97c \ucd94\ucd9c\ud569\ub2c8\ub2e4. \uba85\uc0ac\ub098 \uba85\uc0ac\uad6c\uac00 \uc88b\uc2b5\ub2c8\ub2e4. \uc911\ubcf5\ub418\ub294 \uc8fc\uc81c\uc5b4\ub294 \uc81c\uc678\ud569\ub2c8\ub2e4.\n\ud14d\uc2a4\ud2b8: ' + message['content']+'\n\n'}}{% elif message['role'] == 'assistant' %}{{'### \ub2f5\ubcc0: '  + message['content']}}{% endif %}{% if loop.last and add_generation_prompt %}{{ '### \ub2f5\ubcc0: ' }}{% endif %}{% endfor %}", "eos_token": "</s>", "pad_token": "</s>", "unk_token": "<unk>", "use_default_system_prompt": false}}, "cardData": {"license": "apache-2.0"}, "transformersInfo": {"auto_model": "AutoModelForCausalLM", "pipeline_tag": "text-generation", "processor": "AutoTokenizer"}, "siblings": [{"rfilename": ".gitattributes"}, {"rfilename": "README.md"}, {"rfilename": "config.json"}, {"rfilename": "generation_config.json"}, {"rfilename": "pytorch_model-00001-of-00003.bin"}, {"rfilename": "pytorch_model-00002-of-00003.bin"}, {"rfilename": "pytorch_model-00003-of-00003.bin"}, {"rfilename": "pytorch_model.bin.index.json"}, {"rfilename": "special_tokens_map.json"}, {"rfilename": "tokenizer.json"}, {"rfilename": "tokenizer.model"}, {"rfilename": "tokenizer_config.json"}], "spaces": [], "createdAt": "2024-05-30T06:25:11.000Z", "inferenceStatus": "not-loaded"}