{"_id": "6576ae6bec3bf96e4396805e", "id": "Ja-ck/Mistral-instruct-IPO-Y24-v1", "modelId": "Ja-ck/Mistral-instruct-IPO-Y24-v1", "author": "Ja-ck", "sha": "322906ac8b7dd81de714569db3848eda97d5d40f", "lastModified": "2023-12-11T06:51:07.000Z", "private": false, "disabled": false, "gated": false, "pipeline_tag": "text-generation", "tags": ["transformers", "safetensors", "mistral", "text-generation", "ko", "license:apache-2.0", "autotrain_compatible", "text-generation-inference", "endpoints_compatible", "region:us"], "downloads": 1204, "library_name": "transformers", "likes": 0, "model-index": null, "config": {"architectures": ["MistralForCausalLM"], "model_type": "mistral", "tokenizer_config": {"bos_token": "<s>", "eos_token": "</s>", "pad_token": "<unk>", "unk_token": "<unk>", "use_default_system_prompt": true}}, "cardData": {"license": "apache-2.0", "language": ["ko"], "pipeline_tag": "text-generation"}, "transformersInfo": {"auto_model": "AutoModelForCausalLM", "pipeline_tag": "text-generation", "processor": "AutoTokenizer"}, "siblings": [{"rfilename": ".gitattributes"}, {"rfilename": "README.md"}, {"rfilename": "config.json"}, {"rfilename": "generation_config.json"}, {"rfilename": "model-00001-of-00003.safetensors"}, {"rfilename": "model-00002-of-00003.safetensors"}, {"rfilename": "model-00003-of-00003.safetensors"}, {"rfilename": "model.safetensors.index.json"}, {"rfilename": "special_tokens_map.json"}, {"rfilename": "tokenizer.json"}, {"rfilename": "tokenizer_config.json"}], "spaces": [], "createdAt": "2023-12-11T06:38:35.000Z", "safetensors": {"parameters": {"BF16": 7241732096}, "total": 7241732096}, "inferenceStatus": "not-loaded"}