{"_id": "649e8cefbe8c506b0cb0de02", "id": "Ja-ck/lora-tag-generate-1000-step", "modelId": "Ja-ck/lora-tag-generate-1000-step", "author": "Ja-ck", "sha": "d361859b804902fc99de3feaf77185fe4ea90f5b", "lastModified": "2023-06-30T08:06:27.000Z", "private": false, "disabled": false, "gated": false, "tags": ["region:us"], "downloads": 0, "likes": 1, "siblings": [{"rfilename": ".gitattributes"}, {"rfilename": "adapter_config.json"}, {"rfilename": "adapter_model.bin"}], "spaces": [], "createdAt": "2023-06-30T08:06:07.000Z", "inferenceStatus": "not-loaded"}