{"_id": "6541528162e82d932fdb7f8b", "id": "Ja-le/result", "modelId": "Ja-le/result", "author": "Ja-le", "sha": "03094b9951e336064d34337b7aad16a3d687af17", "lastModified": "2023-10-31T19:16:37.000Z", "private": false, "disabled": false, "gated": false, "pipeline_tag": "automatic-speech-recognition", "tags": ["transformers", "pytorch", "wav2vec2", "automatic-speech-recognition", "generated_from_trainer", "base_model:facebook/wav2vec2-base", "license:apache-2.0", "endpoints_compatible", "region:us"], "downloads": 1, "library_name": "transformers", "likes": 0, "model-index": [{"name": "result", "results": []}], "config": {"architectures": ["Wav2Vec2ForCTC"], "model_type": "wav2vec2"}, "cardData": {"license": "apache-2.0", "base_model": "facebook/wav2vec2-base", "tags": ["generated_from_trainer"], "model-index": [{"name": "result", "results": []}]}, "transformersInfo": {"auto_model": "AutoModelForCTC", "pipeline_tag": "automatic-speech-recognition", "processor": "AutoProcessor"}, "siblings": [{"rfilename": ".gitattributes"}, {"rfilename": "README.md"}, {"rfilename": "config.json"}, {"rfilename": "preprocessor_config.json"}, {"rfilename": "pytorch_model.bin"}, {"rfilename": "training_args.bin"}], "spaces": [], "createdAt": "2023-10-31T19:16:17.000Z", "inferenceStatus": "not-loaded"}