{"_id": "6563653af231380a6c184d82", "id": "ja-nina/distilroberta-base-dietdupe-foodb-desc", "modelId": "ja-nina/distilroberta-base-dietdupe-foodb-desc", "author": "ja-nina", "sha": "8f99f86149213fdf56c185893a3b3816e7967285", "lastModified": "2023-11-26T15:37:12.000Z", "private": false, "disabled": false, "gated": false, "pipeline_tag": "fill-mask", "tags": ["transformers", "tensorboard", "safetensors", "roberta", "fill-mask", "generated_from_trainer", "base_model:distilroberta-base", "license:apache-2.0", "autotrain_compatible", "endpoints_compatible", "region:us"], "downloads": 1, "library_name": "transformers", "mask_token": "<mask>", "widgetData": [{"text": "Paris is the <mask> of France."}, {"text": "The goal of life is <mask>."}], "likes": 0, "model-index": [{"name": "distilroberta-base-dietdupe-foodb-desc", "results": []}], "config": {"architectures": ["RobertaForMaskedLM"], "model_type": "roberta"}, "cardData": {"license": "apache-2.0", "base_model": "distilroberta-base", "tags": ["generated_from_trainer"], "model-index": [{"name": "distilroberta-base-dietdupe-foodb-desc", "results": []}]}, "transformersInfo": {"auto_model": "AutoModelForMaskedLM", "pipeline_tag": "fill-mask", "processor": "AutoTokenizer"}, "siblings": [{"rfilename": ".gitattributes"}, {"rfilename": "README.md"}, {"rfilename": "config.json"}, {"rfilename": "model.safetensors"}, {"rfilename": "runs/Nov26_15-33-09_a4c1e4c05f5c/events.out.tfevents.1701012795.a4c1e4c05f5c.3557.0"}, {"rfilename": "runs/Nov26_15-33-09_a4c1e4c05f5c/events.out.tfevents.1701012979.a4c1e4c05f5c.3557.1"}, {"rfilename": "training_args.bin"}], "spaces": [], "createdAt": "2023-11-26T15:33:14.000Z", "safetensors": {"parameters": {"F32": 82170201}, "total": 82170201}, "inferenceStatus": "not-loaded"}