{"_id": "659615da11fb097719f4865c", "id": "Jaaaviii15/Lexi15Consult5.0", "modelId": "Jaaaviii15/Lexi15Consult5.0", "author": "Jaaaviii15", "sha": "51f1aa482d89090d535b39043cd70fcc1b85549a", "lastModified": "2024-01-04T02:35:09.000Z", "private": false, "disabled": false, "gated": false, "pipeline_tag": "fill-mask", "tags": ["transformers", "safetensors", "bert", "fill-mask", "license:apache-2.0", "autotrain_compatible", "endpoints_compatible", "region:us"], "downloads": 0, "library_name": "transformers", "mask_token": "[MASK]", "widgetData": [{"text": "Paris is the [MASK] of France."}, {"text": "The goal of life is [MASK]."}], "likes": 0, "model-index": null, "config": {"architectures": ["BertForMaskedLM"], "model_type": "bert"}, "cardData": {"license": "apache-2.0"}, "transformersInfo": {"auto_model": "AutoModelForMaskedLM", "pipeline_tag": "fill-mask", "processor": "AutoTokenizer"}, "siblings": [{"rfilename": ".gitattributes"}, {"rfilename": "README.md"}, {"rfilename": "config.json"}, {"rfilename": "generation_config.json"}, {"rfilename": "model.safetensors"}], "spaces": [], "createdAt": "2024-01-04T02:20:10.000Z", "safetensors": {"parameters": {"F32": 177974523}, "total": 177974523}, "inferenceStatus": "not-loaded"}