{"_id": "668fe80c76c0fa097f614344", "id": "Jaafer/diseaseBertTokenizer", "modelId": "Jaafer/diseaseBertTokenizer", "author": "Jaafer", "sha": "4fdbdf10dc0834440ded94c0137e7bea0ac9b7d0", "lastModified": "2024-07-11T14:11:25.000Z", "private": false, "disabled": false, "gated": false, "tags": ["transformers", "arxiv:1910.09700", "endpoints_compatible", "region:us"], "downloads": 0, "library_name": "transformers", "likes": 0, "model-index": null, "config": {"tokenizer_config": {"cls_token": "[CLS]", "mask_token": "[MASK]", "pad_token": "[PAD]", "sep_token": "[SEP]", "unk_token": "[UNK]"}}, "cardData": {"library_name": "transformers", "tags": []}, "transformersInfo": {"auto_model": "AutoModel"}, "siblings": [{"rfilename": ".gitattributes"}, {"rfilename": "README.md"}, {"rfilename": "special_tokens_map.json"}, {"rfilename": "tokenizer.json"}, {"rfilename": "tokenizer_config.json"}, {"rfilename": "vocab.txt"}], "spaces": [], "createdAt": "2024-07-11T14:11:24.000Z", "inferenceStatus": "not-loaded"}