{"_id": "664139ae8732bcd07626ef38", "id": "Jaafer/disease-bert-uncased", "modelId": "Jaafer/disease-bert-uncased", "author": "Jaafer", "sha": "c46269560b5b65fb8299cc060c9319e10c6c9dbf", "lastModified": "2024-05-12T22:10:31.000Z", "private": false, "disabled": false, "gated": false, "pipeline_tag": "fill-mask", "tags": ["transformers", "safetensors", "bert", "fill-mask", "license:apache-2.0", "autotrain_compatible", "endpoints_compatible", "region:us"], "downloads": 2, "library_name": "transformers", "mask_token": "[MASK]", "widgetData": [{"text": "Paris is the [MASK] of France."}, {"text": "The goal of life is [MASK]."}], "likes": 0, "model-index": null, "config": {"architectures": ["BertForMaskedLM"], "model_type": "bert"}, "cardData": {"license": "apache-2.0"}, "transformersInfo": {"auto_model": "AutoModelForMaskedLM", "pipeline_tag": "fill-mask", "processor": "AutoTokenizer"}, "siblings": [{"rfilename": ".gitattributes"}, {"rfilename": "README.md"}, {"rfilename": "config.json"}, {"rfilename": "generation_config.json"}, {"rfilename": "model.safetensors"}, {"rfilename": "training_args.bin"}], "spaces": [], "createdAt": "2024-05-12T21:50:38.000Z", "safetensors": {"parameters": {"F32": 109514298}, "total": 109514298}, "inferenceStatus": "not-loaded"}