{"_id": "6678b0018edbae208895e4ba", "id": "Jaafer/bert_disease", "modelId": "Jaafer/bert_disease", "author": "Jaafer", "sha": "b692d65814a9d649ac0e8b665bf15e93b5f0b048", "lastModified": "2024-06-26T21:05:17.000Z", "private": false, "disabled": false, "gated": false, "tags": ["transformers", "arxiv:1910.09700", "endpoints_compatible", "region:us"], "downloads": 0, "library_name": "transformers", "likes": 0, "model-index": null, "config": {"tokenizer_config": {"cls_token": "[CLS]", "mask_token": "[MASK]", "pad_token": "[PAD]", "sep_token": "[SEP]", "unk_token": "[UNK]"}}, "cardData": {"library_name": "transformers", "tags": []}, "transformersInfo": {"auto_model": "AutoModel"}, "siblings": [{"rfilename": ".gitattributes"}, {"rfilename": "README.md"}, {"rfilename": "special_tokens_map.json"}, {"rfilename": "tokenizer.json"}, {"rfilename": "tokenizer_config.json"}, {"rfilename": "vocab.txt"}], "spaces": [], "createdAt": "2024-06-23T23:30:09.000Z", "inferenceStatus": "not-loaded"}