{"_id": "640f525d56a3dda8aece7252", "id": "Jaagup/etnc19_reference_corpus_6000000_web_2019_600000", "modelId": "Jaagup/etnc19_reference_corpus_6000000_web_2019_600000", "author": "Jaagup", "sha": "d47db939e040f29c154ea398518872b7378486dd", "lastModified": "2023-03-13T16:46:30.000Z", "private": false, "disabled": false, "gated": false, "tags": ["region:us"], "downloads": 0, "likes": 0, "siblings": [{"rfilename": ".gitattributes"}, {"rfilename": "etnc19_reference_corpus_6000000_web_2019_600000.bin"}], "spaces": [], "createdAt": "2023-03-13T16:42:05.000Z", "inferenceStatus": "not-loaded"}