{"_id": "6559ef98c692310739c29988", "id": "Jaagup/errors_corrections_min3", "modelId": "Jaagup/errors_corrections_min3", "author": "Jaagup", "sha": "db260a91fc5e7c36f78ae3f7d07d8c27057d9035", "lastModified": "2023-12-01T06:50:50.000Z", "private": false, "disabled": false, "gated": false, "tags": ["license:mit", "region:us"], "downloads": 0, "likes": 0, "model-index": null, "cardData": {"license": "mit"}, "siblings": [{"rfilename": ".gitattributes"}, {"rfilename": "README.md"}, {"rfilename": "correction_list.csv"}], "spaces": [], "createdAt": "2023-11-19T11:20:56.000Z", "inferenceStatus": "not-loaded"}