{"_id": "649b15a500f8bbeefb898c9a", "id": "JaakeB/ppo-Huggy", "modelId": "JaakeB/ppo-Huggy", "author": "JaakeB", "sha": "a83445719e3f3eb39fa0758cb186caf5a1cf7b1d", "lastModified": "2023-06-27T17:00:25.000Z", "private": false, "disabled": false, "gated": false, "pipeline_tag": "reinforcement-learning", "tags": ["ml-agents", "tensorboard", "onnx", "Huggy", "deep-reinforcement-learning", "reinforcement-learning", "ML-Agents-Huggy", "region:us"], "downloads": 13, "library_name": "ml-agents", "likes": 0, "model-index": null, "config": {}, "cardData": {"library_name": "ml-agents", "tags": ["Huggy", "deep-reinforcement-learning", "reinforcement-learning", "ML-Agents-Huggy"]}, "siblings": [{"rfilename": ".gitattributes"}, {"rfilename": "Huggy.onnx"}, {"rfilename": "Huggy/Huggy-1199964.onnx"}, {"rfilename": "Huggy/Huggy-1199964.pt"}, {"rfilename": "Huggy/Huggy-1399919.onnx"}, {"rfilename": "Huggy/Huggy-1399919.pt"}, {"rfilename": "Huggy/Huggy-1599956.onnx"}, {"rfilename": "Huggy/Huggy-1599956.pt"}, {"rfilename": "Huggy/Huggy-1799620.onnx"}, {"rfilename": "Huggy/Huggy-1799620.pt"}, {"rfilename": "Huggy/Huggy-199991.onnx"}, {"rfilename": "Huggy/Huggy-199991.pt"}, {"rfilename": "Huggy/Huggy-1999996.onnx"}, {"rfilename": "Huggy/Huggy-1999996.pt"}, {"rfilename": "Huggy/Huggy-2000069.onnx"}, {"rfilename": "Huggy/Huggy-2000069.pt"}, {"rfilename": "Huggy/Huggy-399851.onnx"}, {"rfilename": "Huggy/Huggy-399851.pt"}, {"rfilename": "Huggy/Huggy-599895.onnx"}, {"rfilename": "Huggy/Huggy-599895.pt"}, {"rfilename": "Huggy/Huggy-799982.onnx"}, {"rfilename": "Huggy/Huggy-799982.pt"}, {"rfilename": "Huggy/Huggy-999946.onnx"}, {"rfilename": "Huggy/Huggy-999946.pt"}, {"rfilename": "Huggy/checkpoint.pt"}, {"rfilename": "Huggy/events.out.tfevents.1687882505.9da7a1f6548a.1962.0"}, {"rfilename": "README.md"}, {"rfilename": "config.json"}, {"rfilename": "configuration.yaml"}, {"rfilename": "run_logs/Player-0.log"}, {"rfilename": "run_logs/timers.json"}, {"rfilename": "run_logs/training_status.json"}], "spaces": [], "createdAt": "2023-06-27T17:00:21.000Z", "inferenceStatus": "not-loaded"}