{"_id": "65c48040c25d25e40049e9c8", "id": "jaamcontact/actor", "modelId": "jaamcontact/actor", "author": "jaamcontact", "sha": "6ca2d94a048c9e2138f326031a280cc1e3313e2f", "lastModified": "2024-02-08T07:18:24.000Z", "private": false, "disabled": false, "gated": false, "tags": ["license:apache-2.0", "region:us"], "downloads": 0, "likes": 0, "model-index": null, "cardData": {"license": "apache-2.0"}, "siblings": [{"rfilename": ".gitattributes"}, {"rfilename": "README.md"}], "spaces": [], "createdAt": "2024-02-08T07:18:24.000Z", "inferenceStatus": "not-loaded"}