{"_id": "6643b65e4b853d366922dc34", "id": "jab11769/fine-tune-wangchanberta-stock-thai-PAF", "modelId": "jab11769/fine-tune-wangchanberta-stock-thai-PAF", "author": "jab11769", "sha": "1ee104b804ea54c1a1be5c75b6970c6ec3eb2d1b", "lastModified": "2024-05-14T19:07:33.000Z", "private": false, "disabled": false, "gated": false, "pipeline_tag": "text-classification", "tags": ["transformers", "safetensors", "camembert", "text-classification", "arxiv:1910.09700", "autotrain_compatible", "endpoints_compatible", "region:us"], "downloads": 4, "library_name": "transformers", "mask_token": "<mask>", "widgetData": [{"text": "I like you. I love you"}], "likes": 0, "model-index": null, "config": {"architectures": ["CamembertForSequenceClassification"], "model_type": "camembert", "tokenizer_config": {"bos_token": "<s>", "cls_token": "<s>", "eos_token": "</s>", "mask_token": "<mask>", "pad_token": "<pad>", "sep_token": "</s>", "unk_token": "<unk>"}}, "cardData": {"library_name": "transformers", "tags": []}, "transformersInfo": {"auto_model": "AutoModelForSequenceClassification", "pipeline_tag": "text-classification", "processor": "AutoTokenizer"}, "siblings": [{"rfilename": ".gitattributes"}, {"rfilename": "README.md"}, {"rfilename": "config.json"}, {"rfilename": "model.safetensors"}, {"rfilename": "sentencepiece.bpe.model"}, {"rfilename": "special_tokens_map.json"}, {"rfilename": "tokenizer.json"}, {"rfilename": "tokenizer_config.json"}], "spaces": [], "createdAt": "2024-05-14T19:07:10.000Z", "safetensors": {"parameters": {"F32": 105246723}, "total": 105246723}, "inferenceStatus": "not-loaded"}