{"_id": "6645beb412347a5fa176ffb9", "id": "jab11769/fine-tune-xlm-roberta-TNR-split-headline1", "modelId": "jab11769/fine-tune-xlm-roberta-TNR-split-headline1", "author": "jab11769", "sha": "282fc6904a067857565fbd7e69d96209b22e7ea1", "lastModified": "2024-05-16T08:08:23.000Z", "private": false, "disabled": false, "gated": false, "pipeline_tag": "text-classification", "tags": ["transformers", "safetensors", "xlm-roberta", "text-classification", "arxiv:1910.09700", "autotrain_compatible", "endpoints_compatible", "region:us"], "downloads": 4, "library_name": "transformers", "mask_token": "<mask>", "widgetData": [{"text": "I like you. I love you"}], "likes": 0, "model-index": null, "config": {"architectures": ["XLMRobertaForSequenceClassification"], "model_type": "xlm-roberta", "tokenizer_config": {"bos_token": "<s>", "cls_token": "<s>", "eos_token": "</s>", "mask_token": "<mask>", "pad_token": "<pad>", "sep_token": "</s>", "unk_token": "<unk>"}}, "cardData": {"library_name": "transformers", "tags": []}, "transformersInfo": {"auto_model": "AutoModelForSequenceClassification", "pipeline_tag": "text-classification", "processor": "AutoTokenizer"}, "siblings": [{"rfilename": ".gitattributes"}, {"rfilename": "README.md"}, {"rfilename": "config.json"}, {"rfilename": "model.safetensors"}, {"rfilename": "sentencepiece.bpe.model"}, {"rfilename": "special_tokens_map.json"}, {"rfilename": "tokenizer.json"}, {"rfilename": "tokenizer_config.json"}], "spaces": [], "createdAt": "2024-05-16T08:07:16.000Z", "safetensors": {"parameters": {"F32": 559893507}, "total": 559893507}, "inferenceStatus": "not-loaded"}