{"_id": "65349e37d34e9f02b9b2f345", "id": "jab11769/bert-multilingual-cased-finetuned-mrpc", "modelId": "jab11769/bert-multilingual-cased-finetuned-mrpc", "author": "jab11769", "sha": "9746fe1b0b037d32e3fddb62be6c6f274066d5e3", "lastModified": "2023-10-22T04:00:28.000Z", "private": false, "disabled": false, "gated": false, "pipeline_tag": "text-classification", "tags": ["transformers", "tf", "bert", "text-classification", "generated_from_keras_callback", "base_model:bert-base-multilingual-cased", "license:apache-2.0", "autotrain_compatible", "endpoints_compatible", "region:us"], "downloads": 3, "library_name": "transformers", "mask_token": "[MASK]", "widgetData": [{"text": "I like you. I love you"}], "likes": 0, "model-index": [{"name": "bert-multilingual-cased-finetuned-mrpc", "results": []}], "config": {"architectures": ["BertForSequenceClassification"], "model_type": "bert", "tokenizer_config": {"cls_token": "[CLS]", "mask_token": "[MASK]", "pad_token": "[PAD]", "sep_token": "[SEP]", "unk_token": "[UNK]"}}, "cardData": {"license": "apache-2.0", "base_model": "bert-base-multilingual-cased", "tags": ["generated_from_keras_callback"], "model-index": [{"name": "bert-multilingual-cased-finetuned-mrpc", "results": []}]}, "transformersInfo": {"auto_model": "AutoModelForSequenceClassification", "pipeline_tag": "text-classification", "processor": "AutoTokenizer"}, "siblings": [{"rfilename": ".gitattributes"}, {"rfilename": "README.md"}, {"rfilename": "config.json"}, {"rfilename": "special_tokens_map.json"}, {"rfilename": "tf_model.h5"}, {"rfilename": "tokenizer.json"}, {"rfilename": "tokenizer_config.json"}, {"rfilename": "vocab.txt"}], "spaces": [], "createdAt": "2023-10-22T03:59:51.000Z", "inferenceStatus": "not-loaded"}