{"_id": "6639c4d5b029cb7942180d68", "id": "jab11769/output", "modelId": "jab11769/output", "author": "jab11769", "sha": "8e3bc46550d083593faf472e167953f25eb5c645", "lastModified": "2024-05-07T06:47:59.000Z", "private": false, "disabled": false, "gated": false, "pipeline_tag": "text-classification", "tags": ["transformers", "safetensors", "bert", "text-classification", "generated_from_trainer", "base_model:bert-base-multilingual-cased", "license:apache-2.0", "autotrain_compatible", "endpoints_compatible", "region:us"], "downloads": 3, "library_name": "transformers", "mask_token": "[MASK]", "widgetData": [{"text": "I like you. I love you"}], "likes": 0, "model-index": [{"name": "finetuned-bert-test-load", "results": []}], "config": {"architectures": ["BertForSequenceClassification"], "model_type": "bert", "tokenizer_config": {"cls_token": "[CLS]", "mask_token": "[MASK]", "pad_token": "[PAD]", "sep_token": "[SEP]", "unk_token": "[UNK]"}}, "cardData": {"license": "apache-2.0", "base_model": "bert-base-multilingual-cased", "tags": ["generated_from_trainer"], "metrics": ["accuracy"], "model-index": [{"name": "finetuned-bert-test-load", "results": []}]}, "transformersInfo": {"auto_model": "AutoModelForSequenceClassification", "pipeline_tag": "text-classification", "processor": "AutoTokenizer"}, "siblings": [{"rfilename": ".gitattributes"}, {"rfilename": "README.md"}, {"rfilename": "TEST concate Numerical and Text Model2.ipynb"}, {"rfilename": "config.json"}, {"rfilename": "model.safetensors"}, {"rfilename": "special_tokens_map.json"}, {"rfilename": "tokenizer.json"}, {"rfilename": "tokenizer_config.json"}, {"rfilename": "training_args.bin"}], "spaces": [], "createdAt": "2024-05-07T06:06:13.000Z", "safetensors": {"parameters": {"F32": 177855747}, "total": 177855747}, "inferenceStatus": "not-loaded"}