{"_id": "663a151261481eeaf1b23646", "id": "jab11769/fine-tune-bert-stock-thai", "modelId": "jab11769/fine-tune-bert-stock-thai", "author": "jab11769", "sha": "310986ccb19f7b278cc11dfd8d7c54ed6a9390a9", "lastModified": "2024-05-15T08:55:06.000Z", "private": false, "disabled": false, "gated": false, "pipeline_tag": "text-classification", "tags": ["transformers", "safetensors", "bert", "text-classification", "generated_from_trainer", "base_model:bert-base-multilingual-cased", "license:apache-2.0", "autotrain_compatible", "endpoints_compatible", "region:us"], "downloads": 3, "library_name": "transformers", "mask_token": "[MASK]", "widgetData": [{"text": "I like you. I love you"}], "likes": 0, "model-index": [{"name": "fine-tune-bert-stock-thai", "results": []}], "config": {"architectures": ["BertForSequenceClassification"], "model_type": "bert", "tokenizer_config": {"cls_token": "[CLS]", "mask_token": "[MASK]", "pad_token": "[PAD]", "sep_token": "[SEP]", "unk_token": "[UNK]"}}, "cardData": {"license": "apache-2.0", "base_model": "bert-base-multilingual-cased", "tags": ["generated_from_trainer"], "metrics": ["accuracy"], "model-index": [{"name": "fine-tune-bert-stock-thai", "results": []}]}, "transformersInfo": {"auto_model": "AutoModelForSequenceClassification", "pipeline_tag": "text-classification", "processor": "AutoTokenizer"}, "siblings": [{"rfilename": ".gitattributes"}, {"rfilename": "README.md"}, {"rfilename": "config.json"}, {"rfilename": "model.safetensors"}, {"rfilename": "special_tokens_map.json"}, {"rfilename": "tokenizer.json"}, {"rfilename": "tokenizer_config.json"}, {"rfilename": "training_args.bin"}, {"rfilename": "vocab.txt"}], "spaces": [], "createdAt": "2024-05-07T11:48:34.000Z", "safetensors": {"parameters": {"F32": 177855747}, "total": 177855747}, "inferenceStatus": "not-loaded"}