{"_id": "6645bc9923afd358a1b0501f", "id": "jab11769/fine-tune-xlm-roberta-PAF-split-headline1", "modelId": "jab11769/fine-tune-xlm-roberta-PAF-split-headline1", "author": "jab11769", "sha": "db7d5cc4939dfdd4a4e26cf7250aa5be78d4637d", "lastModified": "2024-05-16T08:07:16.000Z", "private": false, "disabled": false, "gated": false, "pipeline_tag": "text-classification", "tags": ["transformers", "safetensors", "xlm-roberta", "text-classification", "generated_from_trainer", "base_model:FacebookAI/xlm-roberta-large", "license:mit", "autotrain_compatible", "endpoints_compatible", "region:us"], "downloads": 4, "library_name": "transformers", "mask_token": "<mask>", "widgetData": [{"text": "I like you. I love you"}], "likes": 0, "model-index": [{"name": "fine-tune-xlm-roberta-PAF-split-headline1", "results": []}], "config": {"architectures": ["XLMRobertaForSequenceClassification"], "model_type": "xlm-roberta", "tokenizer_config": {"bos_token": "<s>", "cls_token": "<s>", "eos_token": "</s>", "mask_token": "<mask>", "pad_token": "<pad>", "sep_token": "</s>", "unk_token": "<unk>"}}, "cardData": {"license": "mit", "base_model": "FacebookAI/xlm-roberta-large", "tags": ["generated_from_trainer"], "metrics": ["accuracy"], "model-index": [{"name": "fine-tune-xlm-roberta-PAF-split-headline1", "results": []}]}, "transformersInfo": {"auto_model": "AutoModelForSequenceClassification", "pipeline_tag": "text-classification", "processor": "AutoTokenizer"}, "siblings": [{"rfilename": ".gitattributes"}, {"rfilename": "README.md"}, {"rfilename": "config.json"}, {"rfilename": "model.safetensors"}, {"rfilename": "sentencepiece.bpe.model"}, {"rfilename": "special_tokens_map.json"}, {"rfilename": "tokenizer.json"}, {"rfilename": "tokenizer_config.json"}, {"rfilename": "training_args.bin"}], "spaces": [], "createdAt": "2024-05-16T07:58:17.000Z", "safetensors": {"parameters": {"F32": 559893507}, "total": 559893507}, "inferenceStatus": "not-loaded"}