{"_id": "6643ab16e2d88f56e1af7b1f", "id": "jab11769/fine-tune-wangchanberta-stock-thai", "modelId": "jab11769/fine-tune-wangchanberta-stock-thai", "author": "jab11769", "sha": "7ddb401d31b70db4e98096c4f3cdd725a24237ea", "lastModified": "2024-05-17T16:29:25.000Z", "private": false, "disabled": false, "gated": false, "pipeline_tag": "text-classification", "tags": ["transformers", "safetensors", "camembert", "text-classification", "generated_from_trainer", "base_model:airesearch/wangchanberta-base-att-spm-uncased", "autotrain_compatible", "endpoints_compatible", "region:us"], "downloads": 3, "library_name": "transformers", "mask_token": "<mask>", "widgetData": [{"text": "I like you. I love you"}], "likes": 0, "model-index": [{"name": "fine-tune-wangchanberta-stock-thai", "results": []}], "config": {"architectures": ["CamembertForSequenceClassification"], "model_type": "camembert"}, "cardData": {"base_model": "airesearch/wangchanberta-base-att-spm-uncased", "tags": ["generated_from_trainer"], "metrics": ["accuracy", "precision", "recall", "f1"], "model-index": [{"name": "fine-tune-wangchanberta-stock-thai", "results": []}]}, "transformersInfo": {"auto_model": "AutoModelForSequenceClassification", "pipeline_tag": "text-classification", "processor": "AutoTokenizer"}, "siblings": [{"rfilename": ".gitattributes"}, {"rfilename": "README.md"}, {"rfilename": "config.json"}, {"rfilename": "model.safetensors"}, {"rfilename": "training_args.bin"}], "spaces": [], "createdAt": "2024-05-14T18:19:02.000Z", "safetensors": {"parameters": {"F32": 105246723}, "total": 105246723}, "inferenceStatus": "not-loaded"}