{"_id": "6645b99080ee4eb5ddb86dff", "id": "jab11769/fine-tune-wangchanberta-AJA-split-headline1", "modelId": "jab11769/fine-tune-wangchanberta-AJA-split-headline1", "author": "jab11769", "sha": "2b54e201d6c13c8ffca355d843f8c40ef414268c", "lastModified": "2024-05-16T07:45:41.000Z", "private": false, "disabled": false, "gated": false, "pipeline_tag": "text-classification", "tags": ["transformers", "safetensors", "camembert", "text-classification", "generated_from_trainer", "base_model:airesearch/wangchanberta-base-att-spm-uncased", "autotrain_compatible", "endpoints_compatible", "region:us"], "downloads": 4, "library_name": "transformers", "mask_token": "<mask>", "widgetData": [{"text": "I like you. I love you"}], "likes": 0, "model-index": [{"name": "fine-tune-wangchanberta-AJA-split-headline1", "results": []}], "config": {"architectures": ["CamembertForSequenceClassification"], "model_type": "camembert", "tokenizer_config": {"bos_token": "<s>", "cls_token": "<s>", "eos_token": "</s>", "mask_token": "<mask>", "pad_token": "<pad>", "sep_token": "</s>", "unk_token": "<unk>"}}, "cardData": {"tags": ["generated_from_trainer"], "base_model": "airesearch/wangchanberta-base-att-spm-uncased", "metrics": ["accuracy"], "model-index": [{"name": "fine-tune-wangchanberta-AJA-split-headline1", "results": []}]}, "transformersInfo": {"auto_model": "AutoModelForSequenceClassification", "pipeline_tag": "text-classification", "processor": "AutoTokenizer"}, "siblings": [{"rfilename": ".gitattributes"}, {"rfilename": "README.md"}, {"rfilename": "config.json"}, {"rfilename": "model.safetensors"}, {"rfilename": "sentencepiece.bpe.model"}, {"rfilename": "special_tokens_map.json"}, {"rfilename": "tokenizer.json"}, {"rfilename": "tokenizer_config.json"}, {"rfilename": "training_args.bin"}], "spaces": [], "createdAt": "2024-05-16T07:45:20.000Z", "safetensors": {"parameters": {"F32": 105246723}, "total": 105246723}, "inferenceStatus": "not-loaded"}