{"_id": "64a19a2d2925c3f5519f1aab", "id": "JabaNS/JABAaiVoice", "modelId": "JabaNS/JABAaiVoice", "author": "JabaNS", "sha": "9a42cc189c3ba592c004ee6959ee6e0418fb6f95", "lastModified": "2023-07-02T15:40:10.000Z", "private": false, "disabled": false, "gated": false, "tags": ["license:openrail", "region:us"], "downloads": 0, "likes": 0, "model-index": null, "cardData": {"license": "openrail"}, "siblings": [{"rfilename": ".gitattributes"}, {"rfilename": "README.md"}, {"rfilename": "jaba ai.zip"}], "spaces": [], "createdAt": "2023-07-02T15:39:25.000Z", "inferenceStatus": "not-loaded"}