{"_id": "6448e4efd16a70c0158d3460", "id": "Jabbari/AsA", "modelId": "Jabbari/AsA", "author": "Jabbari", "sha": "6d9b65b075da54b5b1c272f8b98fc97fe19c1ad2", "lastModified": "2023-04-26T08:50:32.000Z", "private": false, "disabled": false, "gated": false, "pipeline_tag": "text-classification", "tags": ["transformers", "Reviews", "feedback", "text-classification", "ar", "license:mit", "endpoints_compatible", "region:us"], "downloads": 0, "library_name": "transformers", "widgetData": [{"text": "\u0623\u062d\u0628\u0643. \u0623\u0647\u0648\u0627\u0643"}], "likes": 0, "model-index": null, "cardData": {"license": "mit", "language": ["ar"], "library_name": "transformers", "pipeline_tag": "text-classification", "tags": ["Reviews", "feedback"]}, "transformersInfo": {"auto_model": "AutoModel"}, "siblings": [{"rfilename": ".gitattributes"}, {"rfilename": "README.md"}, {"rfilename": "model.py"}], "spaces": [], "createdAt": "2023-04-26T08:46:39.000Z", "inferenceStatus": "not-loaded"}