{"_id": "644ad37ed4483bfaa07010d8", "id": "jabedbd/sd-controlnet-canny1.1", "modelId": "jabedbd/sd-controlnet-canny1.1", "author": "jabedbd", "sha": "6ba7889c3f91dbea66bd17e5be94704783901664", "lastModified": "2023-04-27T19:56:46.000Z", "private": false, "disabled": false, "gated": false, "tags": ["license:other", "region:us"], "downloads": 0, "likes": 0, "model-index": null, "cardData": {"license": "other"}, "siblings": [{"rfilename": ".gitattributes"}, {"rfilename": "README.md"}], "spaces": [], "createdAt": "2023-04-27T19:56:46.000Z", "inferenceStatus": "not-loaded"}