{"_id": "649209b729ca84736035ce2d", "id": "Jabka/Neue_Model", "modelId": "Jabka/Neue_Model", "author": "Jabka", "sha": "cac32b0b1e1f7e5956a615927e07d34e9b2cf162", "lastModified": "2023-06-20T21:07:44.000Z", "private": false, "disabled": false, "gated": false, "tags": ["keras", "tf-keras", "ru", "region:us"], "downloads": 0, "library_name": "keras", "likes": 0, "model-index": null, "cardData": {"language": ["ru"], "library_name": "keras"}, "siblings": [{"rfilename": ".gitattributes"}, {"rfilename": "Itog.jpg"}, {"rfilename": "Param.jpg"}, {"rfilename": "README.md"}, {"rfilename": "model.png"}, {"rfilename": "my_model/fingerprint.pb"}, {"rfilename": "my_model/keras_metadata.pb"}, {"rfilename": "my_model/saved_model.pb"}, {"rfilename": "my_model/variables/variables.data-00000-of-00001"}, {"rfilename": "my_model/variables/variables.index"}, {"rfilename": "raZ.jpg"}, {"rfilename": "\u0417\u0430\u0447\u0451\u0442\u043d\u043e\u0435_\u0437\u0430\u0434\u0430\u043d\u0438\u0435.ipynb"}], "spaces": [], "createdAt": "2023-06-20T20:19:03.000Z", "inferenceStatus": "not-loaded"}