{"_id": "647f56622a7bcaa307a84a66", "id": "Jabka/digits", "modelId": "Jabka/digits", "author": "Jabka", "sha": "5385cd679909c17198b45491c813919b49b6a9af", "lastModified": "2023-06-06T16:17:45.000Z", "private": false, "disabled": false, "gated": false, "tags": ["keras", "tf-keras", "ru", "region:us"], "downloads": 1, "library_name": "keras", "likes": 0, "model-index": null, "cardData": {"language": ["ru"], "library_name": "keras"}, "siblings": [{"rfilename": ".gitattributes"}, {"rfilename": "README.md"}, {"rfilename": "fingerprint.pb"}, {"rfilename": "keras_metadata.pb"}, {"rfilename": "saved_model.pb"}, {"rfilename": "variables.data-00000-of-00001"}, {"rfilename": "variables.index"}], "spaces": [], "createdAt": "2023-06-06T15:53:06.000Z", "inferenceStatus": "not-loaded"}