{"_id": "627bd7e8bec91eb17206ee3e", "id": "jabot/PPPO_LunarLanderV2_2000000Steps_schLR_schCR", "modelId": "jabot/PPPO_LunarLanderV2_2000000Steps_schLR_schCR", "author": "jabot", "sha": "6fcd05979e35d06a4b507755eb300074722b38d9", "lastModified": "2022-05-11T18:28:39.000Z", "private": false, "disabled": false, "gated": false, "pipeline_tag": "reinforcement-learning", "tags": ["stable-baselines3", "LunarLander-v2", "deep-reinforcement-learning", "reinforcement-learning", "model-index", "region:us"], "downloads": 0, "library_name": "stable-baselines3", "likes": 0, "model-index": [{"name": "PPO", "results": [{"metrics": [{"type": "mean_reward", "value": "282.91 +/- 19.46", "name": "mean_reward", "verified": false}], "task": {"type": "reinforcement-learning", "name": "reinforcement-learning"}, "dataset": {"name": "LunarLander-v2", "type": "LunarLander-v2"}}]}], "config": {}, "cardData": {"library_name": "stable-baselines3", "tags": ["LunarLander-v2", "deep-reinforcement-learning", "reinforcement-learning", "stable-baselines3"], "model-index": [{"name": "PPO", "results": [{"metrics": [{"type": "mean_reward", "value": "282.91 +/- 19.46", "name": "mean_reward", "verified": false}], "task": {"type": "reinforcement-learning", "name": "reinforcement-learning"}, "dataset": {"name": "LunarLander-v2", "type": "LunarLander-v2"}}]}]}, "siblings": [{"rfilename": ".gitattributes"}, {"rfilename": "PPPO_LunarLanderV2_2000000Steps.zip"}, {"rfilename": "PPPO_LunarLanderV2_2000000Steps/_stable_baselines3_version"}, {"rfilename": "PPPO_LunarLanderV2_2000000Steps/data"}, {"rfilename": "PPPO_LunarLanderV2_2000000Steps/policy.optimizer.pth"}, {"rfilename": "PPPO_LunarLanderV2_2000000Steps/policy.pth"}, {"rfilename": "PPPO_LunarLanderV2_2000000Steps/pytorch_variables.pth"}, {"rfilename": "PPPO_LunarLanderV2_2000000Steps/system_info.txt"}, {"rfilename": "README.md"}, {"rfilename": "config.json"}, {"rfilename": "replay.mp4"}, {"rfilename": "results.json"}], "spaces": [], "createdAt": "2022-05-11T15:36:08.000Z", "inferenceStatus": "not-loaded"}