{"_id": "627ac750e75d606b3995358c", "id": "jabot/PPPO_LunarLanderV2_1000000Steps_schLR_schCR", "modelId": "jabot/PPPO_LunarLanderV2_1000000Steps_schLR_schCR", "author": "jabot", "sha": "1fb35ebd53c2d3511c5e0910932531b4d453f61f", "lastModified": "2022-05-10T21:27:50.000Z", "private": false, "disabled": false, "gated": false, "pipeline_tag": "reinforcement-learning", "tags": ["stable-baselines3", "LunarLander-v2", "deep-reinforcement-learning", "reinforcement-learning", "model-index", "region:us"], "downloads": 1, "library_name": "stable-baselines3", "likes": 0, "model-index": [{"name": "PPO", "results": [{"metrics": [{"type": "mean_reward", "value": "266.98 +/- 12.23", "name": "mean_reward", "verified": false}], "task": {"type": "reinforcement-learning", "name": "reinforcement-learning"}, "dataset": {"name": "LunarLander-v2", "type": "LunarLander-v2"}}]}], "config": {}, "cardData": {"library_name": "stable-baselines3", "tags": ["LunarLander-v2", "deep-reinforcement-learning", "reinforcement-learning", "stable-baselines3"], "model-index": [{"name": "PPO", "results": [{"metrics": [{"type": "mean_reward", "value": "266.98 +/- 12.23", "name": "mean_reward", "verified": false}], "task": {"type": "reinforcement-learning", "name": "reinforcement-learning"}, "dataset": {"name": "LunarLander-v2", "type": "LunarLander-v2"}}]}]}, "siblings": [{"rfilename": ".gitattributes"}, {"rfilename": "PPPO_LunarLanderV2_1000000Steps.zip"}, {"rfilename": "PPPO_LunarLanderV2_1000000Steps/_stable_baselines3_version"}, {"rfilename": "PPPO_LunarLanderV2_1000000Steps/data"}, {"rfilename": "PPPO_LunarLanderV2_1000000Steps/policy.optimizer.pth"}, {"rfilename": "PPPO_LunarLanderV2_1000000Steps/policy.pth"}, {"rfilename": "PPPO_LunarLanderV2_1000000Steps/pytorch_variables.pth"}, {"rfilename": "PPPO_LunarLanderV2_1000000Steps/system_info.txt"}, {"rfilename": "README.md"}, {"rfilename": "config.json"}, {"rfilename": "replay.mp4"}, {"rfilename": "results.json"}], "spaces": [], "createdAt": "2022-05-10T20:13:04.000Z", "inferenceStatus": "not-loaded"}