{"_id": "6666aa0a5dbff220795de6d4", "id": "jabo/deit-base-page-filter", "modelId": "jabo/deit-base-page-filter", "author": "jabo", "sha": "ebf5f984b34c4d07f194631f1635a15afebc4614", "lastModified": "2024-06-13T09:24:19.000Z", "private": false, "disabled": false, "gated": false, "pipeline_tag": "image-classification", "tags": ["transformers", "pytorch", "safetensors", "vit", "image-classification", "en", "license:mit", "autotrain_compatible", "endpoints_compatible", "region:us"], "downloads": 1327, "library_name": "transformers", "likes": 0, "model-index": null, "config": {"architectures": ["ViTForImageClassification"], "model_type": "vit"}, "cardData": {"language": "en", "license": "mit"}, "transformersInfo": {"auto_model": "AutoModelForImageClassification", "pipeline_tag": "image-classification", "processor": "AutoImageProcessor"}, "siblings": [{"rfilename": ".gitattributes"}, {"rfilename": "README.md"}, {"rfilename": "config.json"}, {"rfilename": "model.safetensors"}, {"rfilename": "preprocessor_config.json"}, {"rfilename": "pytorch_model.bin"}], "spaces": [], "createdAt": "2024-06-10T07:23:54.000Z", "safetensors": {"parameters": {"F32": 86093572}, "total": 86093572}, "inferenceStatus": "not-loaded"}