{"_id": "627c2400f19c5eb46d562c29", "id": "jabot/PPPO_LunarLanderV2_4000000Steps_schLR_schCR", "modelId": "jabot/PPPO_LunarLanderV2_4000000Steps_schLR_schCR", "author": "jabot", "sha": "b7fc7e030adad5d627e20a27af49c3f8b0510e8e", "lastModified": "2022-05-11T21:00:48.000Z", "private": false, "disabled": false, "gated": false, "tags": ["region:us"], "downloads": 0, "likes": 0, "siblings": [{"rfilename": ".gitattributes"}], "spaces": [], "createdAt": "2022-05-11T21:00:48.000Z", "inferenceStatus": "not-loaded"}