{"_id": "627c2433f19c5eb46d562d5c", "id": "jabot/PPO_LunarLanderV2", "modelId": "jabot/PPO_LunarLanderV2", "author": "jabot", "sha": "895adacabfe3cebe50380f9fd5abaa307944b194", "lastModified": "2022-05-12T11:59:38.000Z", "private": false, "disabled": false, "gated": false, "pipeline_tag": "reinforcement-learning", "tags": ["stable-baselines3", "LunarLander-v2", "deep-reinforcement-learning", "reinforcement-learning", "model-index", "region:us"], "downloads": 0, "library_name": "stable-baselines3", "likes": 0, "model-index": [{"name": "PPO", "results": [{"metrics": [{"type": "mean_reward", "value": "293.18 +/- 13.38", "name": "mean_reward", "verified": false}], "task": {"type": "reinforcement-learning", "name": "reinforcement-learning"}, "dataset": {"name": "LunarLander-v2", "type": "LunarLander-v2"}}]}], "config": {}, "cardData": {"library_name": "stable-baselines3", "tags": ["LunarLander-v2", "deep-reinforcement-learning", "reinforcement-learning", "stable-baselines3"], "model-index": [{"name": "PPO", "results": [{"metrics": [{"type": "mean_reward", "value": "293.18 +/- 13.38", "name": "mean_reward", "verified": false}], "task": {"type": "reinforcement-learning", "name": "reinforcement-learning"}, "dataset": {"name": "LunarLander-v2", "type": "LunarLander-v2"}}]}]}, "siblings": [{"rfilename": ".gitattributes"}, {"rfilename": "PPO_LunarLanderV2_10000000Steps.zip"}, {"rfilename": "PPO_LunarLanderV2_10000000Steps/_stable_baselines3_version"}, {"rfilename": "PPO_LunarLanderV2_10000000Steps/data"}, {"rfilename": "PPO_LunarLanderV2_10000000Steps/policy.optimizer.pth"}, {"rfilename": "PPO_LunarLanderV2_10000000Steps/policy.pth"}, {"rfilename": "PPO_LunarLanderV2_10000000Steps/pytorch_variables.pth"}, {"rfilename": "PPO_LunarLanderV2_10000000Steps/system_info.txt"}, {"rfilename": "PPO_LunarLanderV2_8000000Steps.zip"}, {"rfilename": "PPO_LunarLanderV2_8000000Steps/_stable_baselines3_version"}, {"rfilename": "PPO_LunarLanderV2_8000000Steps/data"}, {"rfilename": "PPO_LunarLanderV2_8000000Steps/policy.optimizer.pth"}, {"rfilename": "PPO_LunarLanderV2_8000000Steps/policy.pth"}, {"rfilename": "PPO_LunarLanderV2_8000000Steps/pytorch_variables.pth"}, {"rfilename": "PPO_LunarLanderV2_8000000Steps/system_info.txt"}, {"rfilename": "README.md"}, {"rfilename": "config.json"}, {"rfilename": "replay.mp4"}, {"rfilename": "results.json"}], "spaces": [], "createdAt": "2022-05-11T21:01:39.000Z", "inferenceStatus": "not-loaded"}