{"_id": "64df2b746466b911722d6336", "id": "JabrilJacobs/rl_course_vizdoom_health_gathering_supreme", "modelId": "JabrilJacobs/rl_course_vizdoom_health_gathering_supreme", "author": "JabrilJacobs", "sha": "583775043a6ed3482f5dc1f82c47456c2b1bdc2d", "lastModified": "2023-08-18T08:27:40.000Z", "private": false, "disabled": false, "gated": false, "pipeline_tag": "reinforcement-learning", "tags": ["sample-factory", "tensorboard", "deep-reinforcement-learning", "reinforcement-learning", "model-index", "region:us"], "downloads": 0, "library_name": "sample-factory", "likes": 0, "model-index": [{"name": "APPO", "results": [{"task": {"type": "reinforcement-learning", "name": "reinforcement-learning"}, "dataset": {"name": "doom_health_gathering_supreme", "type": "doom_health_gathering_supreme"}, "metrics": [{"type": "mean_reward", "value": "11.35 +/- 5.36", "name": "mean_reward", "verified": false}]}]}], "config": {}, "cardData": {"library_name": "sample-factory", "tags": ["deep-reinforcement-learning", "reinforcement-learning", "sample-factory"], "model-index": [{"name": "APPO", "results": [{"task": {"type": "reinforcement-learning", "name": "reinforcement-learning"}, "dataset": {"name": "doom_health_gathering_supreme", "type": "doom_health_gathering_supreme"}, "metrics": [{"type": "mean_reward", "value": "11.35 +/- 5.36", "name": "mean_reward", "verified": false}]}]}]}, "siblings": [{"rfilename": ".gitattributes"}, {"rfilename": ".summary/0/events.out.tfevents.1692345625.5fa5fc60f8d3"}, {"rfilename": "README.md"}, {"rfilename": "checkpoint_p0/best_000000970_3973120_reward_26.547.pth"}, {"rfilename": "checkpoint_p0/checkpoint_000000895_3665920.pth"}, {"rfilename": "checkpoint_p0/checkpoint_000000978_4005888.pth"}, {"rfilename": "config.json"}, {"rfilename": "replay.mp4"}], "spaces": [], "createdAt": "2023-08-18T08:27:32.000Z", "inferenceStatus": "not-loaded"}