{"_id": "64d3f2e2ac500d78b284d529", "id": "JabrilJacobs/poca-SoccerTwos", "modelId": "JabrilJacobs/poca-SoccerTwos", "author": "JabrilJacobs", "sha": "99760f4949479a3ff304c88d9084e07861773482", "lastModified": "2023-08-09T20:13:59.000Z", "private": false, "disabled": false, "gated": false, "pipeline_tag": "reinforcement-learning", "tags": ["ml-agents", "tensorboard", "onnx", "SoccerTwos", "deep-reinforcement-learning", "reinforcement-learning", "ML-Agents-SoccerTwos", "region:us"], "downloads": 23, "library_name": "ml-agents", "likes": 0, "model-index": null, "config": {}, "cardData": {"library_name": "ml-agents", "tags": ["SoccerTwos", "deep-reinforcement-learning", "reinforcement-learning", "ML-Agents-SoccerTwos"]}, "siblings": [{"rfilename": ".gitattributes"}, {"rfilename": "README.md"}, {"rfilename": "SoccerTwos.onnx"}, {"rfilename": "SoccerTwos/SoccerTwos-10232572.onnx"}, {"rfilename": "SoccerTwos/SoccerTwos-10232572.pt"}, {"rfilename": "SoccerTwos/SoccerTwos-499768.pt"}, {"rfilename": "SoccerTwos/SoccerTwos-8499978.onnx"}, {"rfilename": "SoccerTwos/SoccerTwos-8499978.pt"}, {"rfilename": "SoccerTwos/SoccerTwos-8999955.onnx"}, {"rfilename": "SoccerTwos/SoccerTwos-8999955.pt"}, {"rfilename": "SoccerTwos/SoccerTwos-9499975.onnx"}, {"rfilename": "SoccerTwos/SoccerTwos-9499975.pt"}, {"rfilename": "SoccerTwos/SoccerTwos-9999931.onnx"}, {"rfilename": "SoccerTwos/SoccerTwos-9999931.pt"}, {"rfilename": "SoccerTwos/checkpoint.pt"}, {"rfilename": "SoccerTwos/events.out.tfevents.1691557999.LQ-14944.2700.0"}, {"rfilename": "SoccerTwos/events.out.tfevents.1691562314.LQ-14944.7768.0"}, {"rfilename": "config.json"}, {"rfilename": "configuration.yaml"}, {"rfilename": "run_logs/Player-0.log"}, {"rfilename": "run_logs/timers.json"}, {"rfilename": "run_logs/training_status.json"}], "spaces": [], "createdAt": "2023-08-09T20:11:14.000Z", "inferenceStatus": "not-loaded"}