{"_id": "64d1e122d8d0927372016d7e", "id": "JabrilJacobs/ppo-Pyramids", "modelId": "JabrilJacobs/ppo-Pyramids", "author": "JabrilJacobs", "sha": "5988ca3926274e1600ad964203112ba2397e6508", "lastModified": "2023-08-08T06:32:51.000Z", "private": false, "disabled": false, "gated": false, "pipeline_tag": "reinforcement-learning", "tags": ["ml-agents", "tensorboard", "onnx", "Pyramids", "deep-reinforcement-learning", "reinforcement-learning", "ML-Agents-Pyramids", "region:us"], "downloads": 7, "library_name": "ml-agents", "likes": 0, "model-index": null, "config": {}, "cardData": {"library_name": "ml-agents", "tags": ["Pyramids", "deep-reinforcement-learning", "reinforcement-learning", "ML-Agents-Pyramids"]}, "siblings": [{"rfilename": ".gitattributes"}, {"rfilename": "Pyramids.onnx"}, {"rfilename": "Pyramids/Pyramids-1000126.onnx"}, {"rfilename": "Pyramids/Pyramids-1000126.pt"}, {"rfilename": "Pyramids/Pyramids-499953.onnx"}, {"rfilename": "Pyramids/Pyramids-499953.pt"}, {"rfilename": "Pyramids/Pyramids-999998.onnx"}, {"rfilename": "Pyramids/Pyramids-999998.pt"}, {"rfilename": "Pyramids/checkpoint.pt"}, {"rfilename": "Pyramids/events.out.tfevents.1691473851.729237c9e662.7786.0"}, {"rfilename": "README.md"}, {"rfilename": "config.json"}, {"rfilename": "configuration.yaml"}, {"rfilename": "run_logs/Player-0.log"}, {"rfilename": "run_logs/timers.json"}, {"rfilename": "run_logs/training_status.json"}], "spaces": [], "createdAt": "2023-08-08T06:30:58.000Z", "inferenceStatus": "not-loaded"}