{"_id": "64d2aa0fcb202a31a0db304e", "id": "JabrilJacobs/a2c-PandaReachDense-v3", "modelId": "JabrilJacobs/a2c-PandaReachDense-v3", "author": "JabrilJacobs", "sha": "0e296d1d340b409e18644230e9438ded41bd1cd3", "lastModified": "2023-08-08T20:56:18.000Z", "private": false, "disabled": false, "gated": false, "pipeline_tag": "reinforcement-learning", "tags": ["stable-baselines3", "PandaReachDense-v3", "deep-reinforcement-learning", "reinforcement-learning", "model-index", "region:us"], "downloads": 0, "library_name": "stable-baselines3", "likes": 0, "model-index": [{"name": "A2C", "results": [{"task": {"type": "reinforcement-learning", "name": "reinforcement-learning"}, "dataset": {"name": "PandaReachDense-v3", "type": "PandaReachDense-v3"}, "metrics": [{"type": "mean_reward", "value": "-0.25 +/- 0.11", "name": "mean_reward", "verified": false}]}]}], "config": {}, "cardData": {"library_name": "stable-baselines3", "tags": ["PandaReachDense-v3", "deep-reinforcement-learning", "reinforcement-learning", "stable-baselines3"], "model-index": [{"name": "A2C", "results": [{"task": {"type": "reinforcement-learning", "name": "reinforcement-learning"}, "dataset": {"name": "PandaReachDense-v3", "type": "PandaReachDense-v3"}, "metrics": [{"type": "mean_reward", "value": "-0.25 +/- 0.11", "name": "mean_reward", "verified": false}]}]}]}, "siblings": [{"rfilename": ".gitattributes"}, {"rfilename": "README.md"}, {"rfilename": "a2c-PandaReachDense-v3.zip"}, {"rfilename": "a2c-PandaReachDense-v3/_stable_baselines3_version"}, {"rfilename": "a2c-PandaReachDense-v3/data"}, {"rfilename": "a2c-PandaReachDense-v3/policy.optimizer.pth"}, {"rfilename": "a2c-PandaReachDense-v3/policy.pth"}, {"rfilename": "a2c-PandaReachDense-v3/pytorch_variables.pth"}, {"rfilename": "a2c-PandaReachDense-v3/system_info.txt"}, {"rfilename": "config.json"}, {"rfilename": "replay.mp4"}, {"rfilename": "results.json"}, {"rfilename": "vec_normalize.pkl"}], "spaces": [], "createdAt": "2023-08-08T20:48:15.000Z", "inferenceStatus": "not-loaded"}