{"_id": "64483c533e498d66919a44c5", "id": "Jabran/whisper-timestamped", "modelId": "Jabran/whisper-timestamped", "author": "Jabran", "sha": "ad17e38cf7bf393f6f7c65582376836f8268b16f", "lastModified": "2023-04-25T20:47:15.000Z", "private": false, "disabled": false, "gated": false, "tags": ["license:apache-2.0", "region:us"], "downloads": 0, "likes": 0, "model-index": null, "cardData": {"license": "apache-2.0"}, "siblings": [{"rfilename": ".gitattributes"}, {"rfilename": "README.md"}], "spaces": [], "createdAt": "2023-04-25T20:47:15.000Z", "inferenceStatus": "not-loaded"}