{"_id": "6508e2543f8a38f064693eb4", "id": "jac12/jen", "modelId": "jac12/jen", "author": "jac12", "sha": "4476e2ee0558e456bf1cae1b2b0e78e578976919", "lastModified": "2023-09-18T23:53:58.000Z", "private": false, "disabled": false, "gated": false, "tags": ["arxiv:2211.06679", "region:us"], "downloads": 0, "likes": 0, "siblings": [{"rfilename": ".eslintignore"}, {"rfilename": ".eslintrc.js"}, {"rfilename": ".git-blame-ignore-revs"}, {"rfilename": ".gitattributes"}, {"rfilename": ".github/ISSUE_TEMPLATE/bug_report.yml"}, {"rfilename": ".github/ISSUE_TEMPLATE/config.yml"}, {"rfilename": ".github/ISSUE_TEMPLATE/feature_request.yml"}, {"rfilename": ".github/pull_request_template.md"}, {"rfilename": ".github/workflows/on_pull_request.yaml"}, {"rfilename": ".github/workflows/run_tests.yaml"}, {"rfilename": ".github/workflows/warns_merge_master.yml"}, {"rfilename": ".gitignore"}, {"rfilename": ".pylintrc"}, {"rfilename": "CHANGELOG.md"}, {"rfilename": "CITATION.cff"}, {"rfilename": "CODEOWNERS"}, {"rfilename": "LICENSE.txt"}, {"rfilename": "README.md"}, {"rfilename": "configs/alt-diffusion-inference.yaml"}, {"rfilename": "configs/instruct-pix2pix.yaml"}, {"rfilename": "configs/v1-inference.yaml"}, {"rfilename": "configs/v1-inpainting-inference.yaml"}, {"rfilename": "embeddings/Place Textual Inversion embeddings here.txt"}, {"rfilename": "environment-wsl2.yaml"}, {"rfilename": "extensions-builtin/LDSR/ldsr_model_arch.py"}, {"rfilename": "extensions-builtin/LDSR/preload.py"}, {"rfilename": "extensions-builtin/LDSR/scripts/ldsr_model.py"}, {"rfilename": "extensions-builtin/LDSR/sd_hijack_autoencoder.py"}, {"rfilename": "extensions-builtin/LDSR/sd_hijack_ddpm_v1.py"}, {"rfilename": "extensions-builtin/LDSR/vqvae_quantize.py"}, {"rfilename": "extensions-builtin/Lora/extra_networks_lora.py"}, {"rfilename": "extensions-builtin/Lora/lora.py"}, {"rfilename": "extensions-builtin/Lora/lora_patches.py"}, {"rfilename": "extensions-builtin/Lora/lyco_helpers.py"}, {"rfilename": "extensions-builtin/Lora/network.py"}, {"rfilename": "extensions-builtin/Lora/network_full.py"}, {"rfilename": "extensions-builtin/Lora/network_hada.py"}, {"rfilename": "extensions-builtin/Lora/network_ia3.py"}, {"rfilename": "extensions-builtin/Lora/network_lokr.py"}, {"rfilename": "extensions-builtin/Lora/network_lora.py"}, {"rfilename": "extensions-builtin/Lora/network_norm.py"}, {"rfilename": "extensions-builtin/Lora/networks.py"}, {"rfilename": "extensions-builtin/Lora/preload.py"}, {"rfilename": "extensions-builtin/Lora/scripts/lora_script.py"}, {"rfilename": "extensions-builtin/Lora/ui_edit_user_metadata.py"}, {"rfilename": "extensions-builtin/Lora/ui_extra_networks_lora.py"}, {"rfilename": "extensions-builtin/ScuNET/preload.py"}, {"rfilename": "extensions-builtin/ScuNET/scripts/scunet_model.py"}, {"rfilename": "extensions-builtin/ScuNET/scunet_model_arch.py"}, {"rfilename": "extensions-builtin/SwinIR/preload.py"}, {"rfilename": "extensions-builtin/SwinIR/scripts/swinir_model.py"}, {"rfilename": "extensions-builtin/SwinIR/swinir_model_arch.py"}, {"rfilename": "extensions-builtin/SwinIR/swinir_model_arch_v2.py"}, {"rfilename": "extensions-builtin/canvas-zoom-and-pan/javascript/zoom.js"}, {"rfilename": "extensions-builtin/canvas-zoom-and-pan/scripts/hotkey_config.py"}, {"rfilename": "extensions-builtin/canvas-zoom-and-pan/style.css"}, {"rfilename": "extensions-builtin/extra-options-section/scripts/extra_options_section.py"}, {"rfilename": "extensions-builtin/mobile/javascript/mobile.js"}, {"rfilename": "extensions-builtin/prompt-bracket-checker/javascript/prompt-bracket-checker.js"}, {"rfilename": "extensions/put extensions here.txt"}, {"rfilename": "html/card-no-preview.png"}, {"rfilename": "html/extra-networks-card.html"}, {"rfilename": "html/extra-networks-no-cards.html"}, {"rfilename": "html/footer.html"}, {"rfilename": "html/licenses.html"}, {"rfilename": "javascript/aspectRatioOverlay.js"}, {"rfilename": "javascript/contextMenus.js"}, {"rfilename": "javascript/dragdrop.js"}, {"rfilename": "javascript/edit-attention.js"}, {"rfilename": "javascript/edit-order.js"}, {"rfilename": "javascript/extensions.js"}, {"rfilename": "javascript/extraNetworks.js"}, {"rfilename": "javascript/generationParams.js"}, {"rfilename": "javascript/hints.js"}, {"rfilename": "javascript/hires_fix.js"}, {"rfilename": "javascript/imageMaskFix.js"}, {"rfilename": "javascript/imageviewer.js"}, {"rfilename": "javascript/imageviewerGamepad.js"}, {"rfilename": "javascript/inputAccordion.js"}, {"rfilename": "javascript/localStorage.js"}, {"rfilename": "javascript/localization.js"}, {"rfilename": "javascript/notification.js"}, {"rfilename": "javascript/profilerVisualization.js"}, {"rfilename": "javascript/progressbar.js"}, {"rfilename": "javascript/resizeHandle.js"}, {"rfilename": "javascript/textualInversion.js"}, {"rfilename": "javascript/token-counters.js"}, {"rfilename": "javascript/ui.js"}, {"rfilename": "javascript/ui_settings_hints.js"}, {"rfilename": "launch.py"}, {"rfilename": "localizations/Put localization files here.txt"}, {"rfilename": "models/Stable-diffusion/Put Stable Diffusion checkpoints here.txt"}, {"rfilename": "models/VAE-approx/model.pt"}, {"rfilename": "models/VAE/Put VAE here.txt"}, {"rfilename": "models/deepbooru/Put your deepbooru release project folder here.txt"}, {"rfilename": "models/karlo/ViT-L-14_stats.th"}, {"rfilename": "modules/Roboto-Regular.ttf"}, {"rfilename": "modules/api/api.py"}, {"rfilename": "modules/api/models.py"}, {"rfilename": "modules/cache.py"}, {"rfilename": "modules/call_queue.py"}, {"rfilename": "modules/cmd_args.py"}, {"rfilename": "modules/codeformer/codeformer_arch.py"}, {"rfilename": "modules/codeformer/vqgan_arch.py"}, {"rfilename": "modules/codeformer_model.py"}, {"rfilename": "modules/config_states.py"}, {"rfilename": "modules/deepbooru.py"}, {"rfilename": "modules/deepbooru_model.py"}, {"rfilename": "modules/devices.py"}, {"rfilename": "modules/errors.py"}, {"rfilename": "modules/esrgan_model.py"}, {"rfilename": "modules/esrgan_model_arch.py"}, {"rfilename": "modules/extensions.py"}, {"rfilename": "modules/extra_networks.py"}, {"rfilename": "modules/extra_networks_hypernet.py"}, {"rfilename": "modules/extras.py"}, {"rfilename": "modules/face_restoration.py"}, {"rfilename": "modules/fifo_lock.py"}, {"rfilename": "modules/generation_parameters_copypaste.py"}, {"rfilename": "modules/gfpgan_model.py"}, {"rfilename": "modules/gitpython_hack.py"}, {"rfilename": "modules/gradio_extensons.py"}, {"rfilename": "modules/hashes.py"}, {"rfilename": "modules/hypernetworks/hypernetwork.py"}, {"rfilename": "modules/hypernetworks/ui.py"}, {"rfilename": "modules/images.py"}, {"rfilename": "modules/img2img.py"}, {"rfilename": "modules/import_hook.py"}, {"rfilename": "modules/initialize.py"}, {"rfilename": "modules/initialize_util.py"}, {"rfilename": "modules/interrogate.py"}, {"rfilename": "modules/launch_utils.py"}, {"rfilename": "modules/localization.py"}, {"rfilename": "modules/logging_config.py"}, {"rfilename": "modules/lowvram.py"}, {"rfilename": "modules/mac_specific.py"}, {"rfilename": "modules/masking.py"}, {"rfilename": "modules/memmon.py"}, {"rfilename": "modules/modelloader.py"}, {"rfilename": "modules/models/diffusion/ddpm_edit.py"}, {"rfilename": "modules/models/diffusion/uni_pc/__init__.py"}, {"rfilename": "modules/models/diffusion/uni_pc/sampler.py"}, {"rfilename": "modules/models/diffusion/uni_pc/uni_pc.py"}, {"rfilename": "modules/ngrok.py"}, {"rfilename": "modules/options.py"}, {"rfilename": "modules/patches.py"}, {"rfilename": "modules/paths.py"}, {"rfilename": "modules/paths_internal.py"}, {"rfilename": "modules/postprocessing.py"}, {"rfilename": "modules/processing.py"}, {"rfilename": "modules/processing_scripts/refiner.py"}, {"rfilename": "modules/processing_scripts/seed.py"}, {"rfilename": "modules/progress.py"}, {"rfilename": "modules/prompt_parser.py"}, {"rfilename": "modules/realesrgan_model.py"}, {"rfilename": "modules/restart.py"}, {"rfilename": "modules/rng.py"}, {"rfilename": "modules/rng_philox.py"}, {"rfilename": "modules/safe.py"}, {"rfilename": "modules/script_callbacks.py"}, {"rfilename": "modules/script_loading.py"}, {"rfilename": "modules/scripts.py"}, {"rfilename": "modules/scripts_auto_postprocessing.py"}, {"rfilename": "modules/scripts_postprocessing.py"}, {"rfilename": "modules/sd_disable_initialization.py"}, {"rfilename": "modules/sd_hijack.py"}, {"rfilename": "modules/sd_hijack_checkpoint.py"}, {"rfilename": "modules/sd_hijack_clip.py"}, {"rfilename": "modules/sd_hijack_clip_old.py"}, {"rfilename": "modules/sd_hijack_ip2p.py"}, {"rfilename": "modules/sd_hijack_open_clip.py"}, {"rfilename": "modules/sd_hijack_optimizations.py"}, {"rfilename": "modules/sd_hijack_unet.py"}, {"rfilename": "modules/sd_hijack_utils.py"}, {"rfilename": "modules/sd_hijack_xlmr.py"}, {"rfilename": "modules/sd_models.py"}, {"rfilename": "modules/sd_models_config.py"}, {"rfilename": "modules/sd_models_types.py"}, {"rfilename": "modules/sd_models_xl.py"}, {"rfilename": "modules/sd_samplers.py"}, {"rfilename": "modules/sd_samplers_cfg_denoiser.py"}, {"rfilename": "modules/sd_samplers_common.py"}, {"rfilename": "modules/sd_samplers_compvis.py"}, {"rfilename": "modules/sd_samplers_extra.py"}, {"rfilename": "modules/sd_samplers_kdiffusion.py"}, {"rfilename": "modules/sd_samplers_timesteps.py"}, {"rfilename": "modules/sd_samplers_timesteps_impl.py"}, {"rfilename": "modules/sd_unet.py"}, {"rfilename": "modules/sd_vae.py"}, {"rfilename": "modules/sd_vae_approx.py"}, {"rfilename": "modules/sd_vae_taesd.py"}, {"rfilename": "modules/shared.py"}, {"rfilename": "modules/shared_cmd_options.py"}, {"rfilename": "modules/shared_gradio_themes.py"}, {"rfilename": "modules/shared_init.py"}, {"rfilename": "modules/shared_items.py"}, {"rfilename": "modules/shared_options.py"}, {"rfilename": "modules/shared_state.py"}, {"rfilename": "modules/shared_total_tqdm.py"}, {"rfilename": "modules/styles.py"}, {"rfilename": "modules/sub_quadratic_attention.py"}, {"rfilename": "modules/sysinfo.py"}, {"rfilename": "modules/textual_inversion/autocrop.py"}, {"rfilename": "modules/textual_inversion/dataset.py"}, {"rfilename": "modules/textual_inversion/image_embedding.py"}, {"rfilename": "modules/textual_inversion/learn_schedule.py"}, {"rfilename": "modules/textual_inversion/logging.py"}, {"rfilename": "modules/textual_inversion/preprocess.py"}, {"rfilename": "modules/textual_inversion/test_embedding.png"}, {"rfilename": "modules/textual_inversion/textual_inversion.py"}, {"rfilename": "modules/textual_inversion/ui.py"}, {"rfilename": "modules/timer.py"}, {"rfilename": "modules/txt2img.py"}, {"rfilename": "modules/ui.py"}, {"rfilename": "modules/ui_checkpoint_merger.py"}, {"rfilename": "modules/ui_common.py"}, {"rfilename": "modules/ui_components.py"}, {"rfilename": "modules/ui_extensions.py"}, {"rfilename": "modules/ui_extra_networks.py"}, {"rfilename": "modules/ui_extra_networks_checkpoints.py"}, {"rfilename": "modules/ui_extra_networks_checkpoints_user_metadata.py"}, {"rfilename": "modules/ui_extra_networks_hypernets.py"}, {"rfilename": "modules/ui_extra_networks_textual_inversion.py"}, {"rfilename": "modules/ui_extra_networks_user_metadata.py"}, {"rfilename": "modules/ui_gradio_extensions.py"}, {"rfilename": "modules/ui_loadsave.py"}, {"rfilename": "modules/ui_postprocessing.py"}, {"rfilename": "modules/ui_prompt_styles.py"}, {"rfilename": "modules/ui_settings.py"}, {"rfilename": "modules/ui_tempdir.py"}, {"rfilename": "modules/upscaler.py"}, {"rfilename": "modules/util.py"}, {"rfilename": "modules/xlmr.py"}, {"rfilename": "package.json"}, {"rfilename": "pyproject.toml"}, {"rfilename": "requirements-test.txt"}, {"rfilename": "requirements.txt"}, {"rfilename": "requirements_versions.txt"}, {"rfilename": "screenshot.png"}, {"rfilename": "script.js"}, {"rfilename": "scripts/custom_code.py"}, {"rfilename": "scripts/img2imgalt.py"}, {"rfilename": "scripts/loopback.py"}, {"rfilename": "scripts/outpainting_mk_2.py"}, {"rfilename": "scripts/poor_mans_outpainting.py"}, {"rfilename": "scripts/postprocessing_codeformer.py"}, {"rfilename": "scripts/postprocessing_gfpgan.py"}, {"rfilename": "scripts/postprocessing_upscale.py"}, {"rfilename": "scripts/prompt_matrix.py"}, {"rfilename": "scripts/prompts_from_file.py"}, {"rfilename": "scripts/sd_upscale.py"}, {"rfilename": "scripts/xyz_grid.py"}, {"rfilename": "style.css"}, {"rfilename": "test/__init__.py"}, {"rfilename": "test/conftest.py"}, {"rfilename": "test/test_extras.py"}, {"rfilename": "test/test_files/empty.pt"}, {"rfilename": "test/test_files/img2img_basic.png"}, {"rfilename": "test/test_files/mask_basic.png"}, {"rfilename": "test/test_img2img.py"}, {"rfilename": "test/test_txt2img.py"}, {"rfilename": "test/test_utils.py"}, {"rfilename": "textual_inversion_templates/hypernetwork.txt"}, {"rfilename": "textual_inversion_templates/none.txt"}, {"rfilename": "textual_inversion_templates/style.txt"}, {"rfilename": "textual_inversion_templates/style_filewords.txt"}, {"rfilename": "textual_inversion_templates/subject.txt"}, {"rfilename": "textual_inversion_templates/subject_filewords.txt"}, {"rfilename": "webui-macos-env.sh"}, {"rfilename": "webui-user.bat"}, {"rfilename": "webui-user.sh"}, {"rfilename": "webui.bat"}, {"rfilename": "webui.py"}, {"rfilename": "webui.sh"}], "spaces": [], "createdAt": "2023-09-18T23:50:44.000Z", "inferenceStatus": "not-loaded"}