{"_id": "63cb854f312febded98f7849", "id": "jaCappella/XUMX_jaCappella_VES_48k", "modelId": "jaCappella/XUMX_jaCappella_VES_48k", "author": "jaCappella", "sha": "175c8ca436b94cc435ddd963bbe7b2bb79624c6a", "lastModified": "2024-02-12T14:54:38.000Z", "private": false, "disabled": false, "gated": false, "pipeline_tag": "audio-to-audio", "tags": ["music", "speech", "audio", "audio-to-audio", "a cappella", "vocal ensemble", "ja", "dataset:jaCappella", "arxiv:2211.16028", "license:cc-by-nc-4.0", "region:us"], "downloads": 0, "likes": 0, "model-index": null, "cardData": {"license": "cc-by-nc-4.0", "language": ["ja"], "tags": ["music", "speech", "audio", "audio-to-audio", "a cappella", "vocal ensemble"], "datasets": ["jaCappella"], "metrics": ["SI-SDR"]}, "siblings": [{"rfilename": ".gitattributes"}, {"rfilename": "README.md"}, {"rfilename": "best_model.pth"}], "spaces": [], "createdAt": "2023-01-21T06:25:19.000Z", "inferenceStatus": "not-loaded"}