{"_id": "652a2cae72280df42616aedd", "id": "Jacaranda/UlizaLlama", "modelId": "Jacaranda/UlizaLlama", "author": "Jacaranda", "sha": "6775e74bddd064bae0aef38f93423f52bb0fd00a", "lastModified": "2023-11-22T05:22:03.000Z", "private": false, "disabled": false, "gated": false, "pipeline_tag": "question-answering", "tags": ["transformers", "pytorch", "llama", "text-generation", "question-answering", "sw", "en", "autotrain_compatible", "text-generation-inference", "endpoints_compatible", "region:us"], "downloads": 15, "library_name": "transformers", "likes": 15, "model-index": null, "config": {"architectures": ["LlamaForCausalLM"], "model_type": "llama", "tokenizer_config": {"bos_token": {"__type": "AddedToken", "content": "<s>", "lstrip": false, "normalized": true, "rstrip": false, "single_word": false}, "eos_token": {"__type": "AddedToken", "content": "</s>", "lstrip": false, "normalized": true, "rstrip": false, "single_word": false}, "pad_token": null, "unk_token": {"__type": "AddedToken", "content": "<unk>", "lstrip": false, "normalized": true, "rstrip": false, "single_word": false}, "use_default_system_prompt": true}}, "cardData": {"language": ["sw", "en"], "metrics": ["perplexity", "bleu"], "pipeline_tag": "question-answering"}, "transformersInfo": {"auto_model": "AutoModelForCausalLM", "pipeline_tag": "text-generation", "processor": "AutoTokenizer"}, "siblings": [{"rfilename": ".gitattributes"}, {"rfilename": "README.md"}, {"rfilename": "config.json"}, {"rfilename": "generation_config.json"}, {"rfilename": "pytorch_model-00001-of-00002.bin"}, {"rfilename": "pytorch_model-00002-of-00002.bin"}, {"rfilename": "pytorch_model.bin.index.json"}, {"rfilename": "special_tokens_map.json"}, {"rfilename": "tokenizer.model"}, {"rfilename": "tokenizer_config.json"}], "spaces": ["kalebu/Jacaranda-UlizaLlama", "saffr0n/jacaranda-swahili-ai-assistant"], "createdAt": "2023-10-14T05:52:46.000Z", "inferenceStatus": "not-loaded"}