{"_id": "63cb69fdc831302cb8fbdc9a", "id": "jaCappella/MRDLA_jaCappella_VES_48k", "modelId": "jaCappella/MRDLA_jaCappella_VES_48k", "author": "jaCappella", "sha": "c485899332b70a1c7dcb49f7763b70974b0b4d76", "lastModified": "2024-02-12T14:54:15.000Z", "private": false, "disabled": false, "gated": false, "pipeline_tag": "audio-to-audio", "tags": ["music", "speech", "audio", "audio-to-audio", "a cappella", "vocal ensemble", "ja", "dataset:jaCappella", "arxiv:2211.16028", "license:cc-by-nc-4.0", "region:us"], "downloads": 0, "likes": 0, "model-index": null, "cardData": {"license": "cc-by-nc-4.0", "language": ["ja"], "tags": ["music", "speech", "audio", "audio-to-audio", "a cappella", "vocal ensemble"], "datasets": ["jaCappella"], "metrics": ["SI-SDR"]}, "siblings": [{"rfilename": ".gitattributes"}, {"rfilename": "README.md"}, {"rfilename": "best_model.pth"}, {"rfilename": "conf.yml"}], "spaces": [], "createdAt": "2023-01-21T04:28:45.000Z", "inferenceStatus": "not-loaded"}