{"_id": "66733157a9d2378f4bf1da17", "id": "Jaccocoo/whisper-large-v3-hi", "modelId": "Jaccocoo/whisper-large-v3-hi", "author": "Jaccocoo", "sha": "8b6df363ce8ebe25d0adecd6426e10971fcfb1ad", "lastModified": "2024-06-19T21:50:36.000Z", "private": false, "disabled": false, "gated": false, "pipeline_tag": "automatic-speech-recognition", "tags": ["transformers", "tensorboard", "safetensors", "whisper", "automatic-speech-recognition", "generated_from_trainer", "hi", "dataset:mozilla-foundation/common_voice_11_0", "base_model:openai/whisper-small", "license:apache-2.0", "model-index", "endpoints_compatible", "region:us"], "downloads": 10, "library_name": "transformers", "likes": 0, "model-index": [{"name": "Whisper Small Finetuned", "results": [{"task": {"name": "Automatic Speech Recognition", "type": "automatic-speech-recognition"}, "dataset": {"name": "Common Voice", "type": "mozilla-foundation/common_voice_11_0", "config": "hi", "split": "test", "args": "config: hi, split: test"}, "metrics": [{"name": "Wer", "type": "wer", "value": 155.20612884110724, "verified": false}]}]}], "config": {"architectures": ["WhisperForConditionalGeneration"], "model_type": "whisper", "tokenizer_config": {"bos_token": "<|endoftext|>", "eos_token": "<|endoftext|>", "pad_token": "<|endoftext|>", "unk_token": "<|endoftext|>"}}, "cardData": {"language": ["hi"], "license": "apache-2.0", "base_model": "openai/whisper-small", "tags": ["generated_from_trainer"], "datasets": ["mozilla-foundation/common_voice_11_0"], "metrics": ["wer"], "model-index": [{"name": "Whisper Small Finetuned", "results": [{"task": {"name": "Automatic Speech Recognition", "type": "automatic-speech-recognition"}, "dataset": {"name": "Common Voice", "type": "mozilla-foundation/common_voice_11_0", "config": "hi", "split": "test", "args": "config: hi, split: test"}, "metrics": [{"name": "Wer", "type": "wer", "value": 155.20612884110724, "verified": false}]}]}]}, "transformersInfo": {"auto_model": "AutoModelForSpeechSeq2Seq", "pipeline_tag": "automatic-speech-recognition", "processor": "AutoProcessor"}, "siblings": [{"rfilename": ".gitattributes"}, {"rfilename": "README.md"}, {"rfilename": "added_tokens.json"}, {"rfilename": "config.json"}, {"rfilename": "generation_config.json"}, {"rfilename": "merges.txt"}, {"rfilename": "model.safetensors"}, {"rfilename": "normalizer.json"}, {"rfilename": "preprocessor_config.json"}, {"rfilename": "runs/Jun19_19-25-09_ccead51e4ce0/events.out.tfevents.1718825308.ccead51e4ce0.160.0"}, {"rfilename": "runs/Jun19_19-29-18_ccead51e4ce0/events.out.tfevents.1718825362.ccead51e4ce0.160.1"}, {"rfilename": "runs/Jun19_19-30-33_ccead51e4ce0/events.out.tfevents.1718825438.ccead51e4ce0.160.2"}, {"rfilename": "runs/Jun19_19-31-05_ccead51e4ce0/events.out.tfevents.1718825478.ccead51e4ce0.160.3"}, {"rfilename": "runs/Jun19_19-32-11_ccead51e4ce0/events.out.tfevents.1718825567.ccead51e4ce0.160.4"}, {"rfilename": "runs/Jun19_19-33-07_ccead51e4ce0/events.out.tfevents.1718825594.ccead51e4ce0.160.5"}, {"rfilename": "runs/Jun19_19-34-14_ccead51e4ce0/events.out.tfevents.1718825656.ccead51e4ce0.160.6"}, {"rfilename": "runs/Jun19_19-58-14_404b1cc646a5/events.out.tfevents.1718827095.404b1cc646a5.305.0"}, {"rfilename": "runs/Jun19_20-08-25_404b1cc646a5/events.out.tfevents.1718827705.404b1cc646a5.6955.0"}, {"rfilename": "runs/Jun19_20-26-45_404b1cc646a5/events.out.tfevents.1718828809.404b1cc646a5.8447.0"}, {"rfilename": "runs/Jun19_20-57-54_eff90a73455d/events.out.tfevents.1718830683.eff90a73455d.4173.0"}, {"rfilename": "runs/Jun19_20-58-57_eff90a73455d/events.out.tfevents.1718830741.eff90a73455d.4173.1"}, {"rfilename": "runs/Jun19_21-01-33_eff90a73455d/events.out.tfevents.1718830896.eff90a73455d.4173.2"}, {"rfilename": "runs/Jun19_21-03-14_eff90a73455d/events.out.tfevents.1718831000.eff90a73455d.4173.3"}, {"rfilename": "runs/Jun19_21-09-30_eff90a73455d/events.out.tfevents.1718831377.eff90a73455d.4173.4"}, {"rfilename": "runs/Jun19_21-09-48_eff90a73455d/events.out.tfevents.1718831396.eff90a73455d.4173.5"}, {"rfilename": "runs/Jun19_21-10-50_eff90a73455d/events.out.tfevents.1718831456.eff90a73455d.4173.6"}, {"rfilename": "runs/Jun19_21-11-39_eff90a73455d/events.out.tfevents.1718831506.eff90a73455d.4173.7"}, {"rfilename": "runs/Jun19_21-12-39_eff90a73455d/events.out.tfevents.1718831571.eff90a73455d.4173.8"}, {"rfilename": "special_tokens_map.json"}, {"rfilename": "tokenizer_config.json"}, {"rfilename": "training_args.bin"}, {"rfilename": "vocab.json"}], "spaces": [], "createdAt": "2024-06-19T19:28:23.000Z", "safetensors": {"parameters": {"F32": 241734912}, "total": 241734912}, "inferenceStatus": "not-loaded"}