{"_id": "663cc8d5e2a8a709667add80", "id": "jacccc/whisper-small-yo", "modelId": "jacccc/whisper-small-yo", "author": "jacccc", "sha": "4187d4e6b7bf9c43023f962416e8258afeb87539", "lastModified": "2024-05-09T17:43:18.000Z", "private": false, "disabled": false, "gated": false, "pipeline_tag": "automatic-speech-recognition", "tags": ["transformers", "tensorboard", "safetensors", "whisper", "automatic-speech-recognition", "generated_from_trainer", "yo", "dataset:mozilla-foundation/common_voice_17_0", "base_model:openai/whisper-small", "license:apache-2.0", "model-index", "endpoints_compatible", "region:us"], "downloads": 1, "library_name": "transformers", "likes": 0, "model-index": [{"name": "Whisper Small Yo", "results": [{"task": {"name": "Automatic Speech Recognition", "type": "automatic-speech-recognition"}, "dataset": {"name": "Common Voice 17.0", "type": "mozilla-foundation/common_voice_17_0", "config": "yo", "split": "None", "args": "config: yo, split: test"}, "metrics": [{"name": "Wer", "type": "wer", "value": 70.65155267670032, "verified": false}]}]}], "config": {"architectures": ["WhisperForConditionalGeneration"], "model_type": "whisper", "tokenizer_config": {"bos_token": "<|endoftext|>", "eos_token": "<|endoftext|>", "pad_token": "<|endoftext|>", "unk_token": "<|endoftext|>"}}, "cardData": {"language": ["yo"], "license": "apache-2.0", "base_model": "openai/whisper-small", "tags": ["generated_from_trainer"], "datasets": ["mozilla-foundation/common_voice_17_0"], "metrics": ["wer"], "model-index": [{"name": "Whisper Small Yo", "results": [{"task": {"name": "Automatic Speech Recognition", "type": "automatic-speech-recognition"}, "dataset": {"name": "Common Voice 17.0", "type": "mozilla-foundation/common_voice_17_0", "config": "yo", "split": "None", "args": "config: yo, split: test"}, "metrics": [{"name": "Wer", "type": "wer", "value": 70.65155267670032, "verified": false}]}]}]}, "transformersInfo": {"auto_model": "AutoModelForSpeechSeq2Seq", "pipeline_tag": "automatic-speech-recognition", "processor": "AutoProcessor"}, "siblings": [{"rfilename": ".gitattributes"}, {"rfilename": "README.md"}, {"rfilename": "added_tokens.json"}, {"rfilename": "config.json"}, {"rfilename": "generation_config.json"}, {"rfilename": "merges.txt"}, {"rfilename": "model.safetensors"}, {"rfilename": "normalizer.json"}, {"rfilename": "preprocessor_config.json"}, {"rfilename": "runs/May09_14-35-49_71e7109803b7/events.out.tfevents.1715265381.71e7109803b7.6713.0"}, {"rfilename": "special_tokens_map.json"}, {"rfilename": "tokenizer_config.json"}, {"rfilename": "training_args.bin"}, {"rfilename": "vocab.json"}], "spaces": [], "createdAt": "2024-05-09T13:00:05.000Z", "safetensors": {"parameters": {"F32": 241734912}, "total": 241734912}, "inferenceStatus": "not-loaded"}