{"_id": "65ddaddd600aae4def27e62b", "id": "jacdab/Mi7B-text-to-sparql", "modelId": "jacdab/Mi7B-text-to-sparql", "author": "jacdab", "sha": "3fa174733d2c26d70e7771260ef7231b1b91cd10", "lastModified": "2024-02-27T10:31:23.000Z", "private": false, "disabled": false, "gated": false, "tags": ["transformers", "safetensors", "arxiv:1910.09700", "endpoints_compatible", "region:us"], "downloads": 0, "library_name": "transformers", "likes": 0, "model-index": null, "cardData": {"library_name": "transformers", "tags": []}, "transformersInfo": {"auto_model": "AutoModel"}, "siblings": [{"rfilename": ".gitattributes"}, {"rfilename": "README.md"}, {"rfilename": "adapter_config.json"}, {"rfilename": "adapter_model.safetensors"}], "spaces": [], "createdAt": "2024-02-27T09:39:41.000Z", "inferenceStatus": "not-loaded"}