{"_id": "646084e4bf985b8b4eb311d8", "id": "Jaceanxde/Exywjsn", "modelId": "Jaceanxde/Exywjsn", "author": "Jaceanxde", "sha": "ad86419d9a1082af3f7e8e9b527a29b27be7a731", "lastModified": "2023-05-14T06:51:16.000Z", "private": false, "disabled": false, "gated": false, "tags": ["license:openrail", "region:us"], "downloads": 0, "likes": 0, "model-index": null, "cardData": {"license": "openrail"}, "siblings": [{"rfilename": ".gitattributes"}, {"rfilename": "README.md"}], "spaces": [], "createdAt": "2023-05-14T06:51:16.000Z", "inferenceStatus": "not-loaded"}