{"_id": "624f4e84c87ca13f0c624b93", "id": "jachansantiago/CartPole-v0", "modelId": "jachansantiago/CartPole-v0", "author": "jachansantiago", "sha": "9fdf71b8c5fa1f207f1c1e50916dde173516448d", "lastModified": "2022-04-07T20:50:12.000Z", "private": false, "disabled": false, "gated": false, "tags": ["license:mit", "region:us"], "downloads": 0, "likes": 0, "model-index": null, "cardData": {"license": "mit"}, "siblings": [{"rfilename": ".gitattributes"}, {"rfilename": "README.md"}], "spaces": [], "createdAt": "2022-04-07T20:50:12.000Z", "inferenceStatus": "not-loaded"}