{"_id": "65c586ced1dcbd30d89c7797", "id": "Jack51003/ppo-Huggy", "modelId": "Jack51003/ppo-Huggy", "author": "Jack51003", "sha": "dbf089808baa66c8ff116ac396b07b085f5c85d0", "lastModified": "2024-02-09T01:58:43.000Z", "private": false, "disabled": false, "gated": false, "pipeline_tag": "reinforcement-learning", "tags": ["ml-agents", "tensorboard", "onnx", "Huggy", "deep-reinforcement-learning", "reinforcement-learning", "ML-Agents-Huggy", "region:us"], "downloads": 36, "library_name": "ml-agents", "likes": 0, "model-index": null, "config": {}, "cardData": {"library_name": "ml-agents", "tags": ["Huggy", "deep-reinforcement-learning", "reinforcement-learning", "ML-Agents-Huggy"]}, "siblings": [{"rfilename": ".gitattributes"}, {"rfilename": "Huggy.onnx"}, {"rfilename": "Huggy/Huggy-1199491.onnx"}, {"rfilename": "Huggy/Huggy-1199491.pt"}, {"rfilename": "Huggy/Huggy-1399976.onnx"}, {"rfilename": "Huggy/Huggy-1399976.pt"}, {"rfilename": "Huggy/Huggy-1599965.onnx"}, {"rfilename": "Huggy/Huggy-1599965.pt"}, {"rfilename": "Huggy/Huggy-1799960.onnx"}, {"rfilename": "Huggy/Huggy-1799960.pt"}, {"rfilename": "Huggy/Huggy-199992.onnx"}, {"rfilename": "Huggy/Huggy-199992.pt"}, {"rfilename": "Huggy/Huggy-1999996.onnx"}, {"rfilename": "Huggy/Huggy-1999996.pt"}, {"rfilename": "Huggy/Huggy-2000029.onnx"}, {"rfilename": "Huggy/Huggy-2000029.pt"}, {"rfilename": "Huggy/Huggy-399958.onnx"}, {"rfilename": "Huggy/Huggy-399958.pt"}, {"rfilename": "Huggy/Huggy-599926.onnx"}, {"rfilename": "Huggy/Huggy-599926.pt"}, {"rfilename": "Huggy/Huggy-799983.onnx"}, {"rfilename": "Huggy/Huggy-799983.pt"}, {"rfilename": "Huggy/Huggy-999897.onnx"}, {"rfilename": "Huggy/Huggy-999897.pt"}, {"rfilename": "Huggy/checkpoint.pt"}, {"rfilename": "Huggy/events.out.tfevents.1707441519.65cd55bbba6b.5636.0"}, {"rfilename": "README.md"}, {"rfilename": "config.json"}, {"rfilename": "configuration.yaml"}, {"rfilename": "run_logs/Player-0.log"}, {"rfilename": "run_logs/timers.json"}, {"rfilename": "run_logs/training_status.json"}], "spaces": [], "createdAt": "2024-02-09T01:58:38.000Z", "inferenceStatus": "not-loaded"}