{"_id": "6333ecf342eafe78e1525717", "id": "jack-berry4/Chairman-Model-1", "modelId": "jack-berry4/Chairman-Model-1", "author": "jack-berry4", "sha": "e092f6c362f4a54aced65c891f1c4ea4942737ec", "lastModified": "2022-09-28T06:42:59.000Z", "private": false, "disabled": false, "gated": false, "tags": ["license:creativeml-openrail-m", "region:us"], "downloads": 0, "likes": 0, "model-index": null, "cardData": {"license": "creativeml-openrail-m"}, "siblings": [{"rfilename": ".gitattributes"}, {"rfilename": "README.md"}], "spaces": [], "createdAt": "2022-09-28T06:42:59.000Z", "inferenceStatus": "not-loaded"}