{"_id": "64c7d0b5f723215b6daa7331", "id": "jack-seeone/newmodel", "modelId": "jack-seeone/newmodel", "author": "jack-seeone", "sha": "4f9ab7fb5e5a348c94af960122864c043f15d440", "lastModified": "2023-07-31T15:30:10.000Z", "private": false, "disabled": false, "gated": false, "tags": ["license:other", "region:us"], "downloads": 0, "likes": 0, "model-index": null, "cardData": {"license": "other"}, "siblings": [{"rfilename": ".gitattributes"}, {"rfilename": "README.md"}, {"rfilename": "animevae.pt"}, {"rfilename": "cuteTMix.ckpt"}, {"rfilename": "cuteTMix2.ckpt"}, {"rfilename": "kl-f8-anime2.ckpt"}, {"rfilename": "vae-ft-mse-840000-ema-pruned.safetensors"}], "spaces": [], "createdAt": "2023-07-31T15:18:13.000Z", "inferenceStatus": "not-loaded"}