{"_id": "65799821bd9ea8b29c3c12ea", "id": "jack-brolin/sdxl-jack-brolin-face", "modelId": "jack-brolin/sdxl-jack-brolin-face", "author": "jack-brolin", "sha": "7dd5b35c40fdfab9209f8849c82e610450649cae", "lastModified": "2023-12-13T17:52:21.000Z", "private": false, "disabled": false, "gated": false, "pipeline_tag": "text-to-image", "tags": ["diffusers", "tensorboard", "stable-diffusion-xl", "stable-diffusion-xl-diffusers", "text-to-image", "lora", "base_model:stabilityai/stable-diffusion-xl-base-1.0", "license:creativeml-openrail-m", "region:us"], "downloads": 28, "library_name": "diffusers", "likes": 1, "model-index": null, "cardData": {"license": "creativeml-openrail-m", "base_model": "stabilityai/stable-diffusion-xl-base-1.0", "dataset": "None", "tags": ["stable-diffusion-xl", "stable-diffusion-xl-diffusers", "text-to-image", "diffusers", "lora"], "inference": true}, "siblings": [{"rfilename": ".gitattributes"}, {"rfilename": ".ipynb_checkpoints/README-checkpoint.md"}, {"rfilename": "README.md"}, {"rfilename": "checkpoint-100/optimizer.bin"}, {"rfilename": "checkpoint-100/pytorch_lora_weights.safetensors"}, {"rfilename": "checkpoint-100/random_states_0.pkl"}, {"rfilename": "checkpoint-100/scaler.pt"}, {"rfilename": "checkpoint-100/scheduler.bin"}, {"rfilename": "checkpoint-1000/optimizer.bin"}, {"rfilename": "checkpoint-1000/pytorch_lora_weights.safetensors"}, {"rfilename": "checkpoint-1000/random_states_0.pkl"}, {"rfilename": "checkpoint-1000/scaler.pt"}, {"rfilename": "checkpoint-1000/scheduler.bin"}, {"rfilename": "checkpoint-200/optimizer.bin"}, {"rfilename": "checkpoint-200/pytorch_lora_weights.safetensors"}, {"rfilename": "checkpoint-200/random_states_0.pkl"}, {"rfilename": "checkpoint-200/scaler.pt"}, {"rfilename": "checkpoint-200/scheduler.bin"}, {"rfilename": "checkpoint-300/optimizer.bin"}, {"rfilename": "checkpoint-300/pytorch_lora_weights.safetensors"}, {"rfilename": "checkpoint-300/random_states_0.pkl"}, {"rfilename": "checkpoint-300/scaler.pt"}, {"rfilename": "checkpoint-300/scheduler.bin"}, {"rfilename": "checkpoint-400/optimizer.bin"}, {"rfilename": "checkpoint-400/pytorch_lora_weights.safetensors"}, {"rfilename": "checkpoint-400/random_states_0.pkl"}, {"rfilename": "checkpoint-400/scaler.pt"}, {"rfilename": "checkpoint-400/scheduler.bin"}, {"rfilename": "checkpoint-500/optimizer.bin"}, {"rfilename": "checkpoint-500/pytorch_lora_weights.safetensors"}, {"rfilename": "checkpoint-500/random_states_0.pkl"}, {"rfilename": "checkpoint-500/scaler.pt"}, {"rfilename": "checkpoint-500/scheduler.bin"}, {"rfilename": "checkpoint-600/optimizer.bin"}, {"rfilename": "checkpoint-600/pytorch_lora_weights.safetensors"}, {"rfilename": "checkpoint-600/random_states_0.pkl"}, {"rfilename": "checkpoint-600/scaler.pt"}, {"rfilename": "checkpoint-600/scheduler.bin"}, {"rfilename": "checkpoint-700/optimizer.bin"}, {"rfilename": "checkpoint-700/pytorch_lora_weights.safetensors"}, {"rfilename": "checkpoint-700/random_states_0.pkl"}, {"rfilename": "checkpoint-700/scaler.pt"}, {"rfilename": "checkpoint-700/scheduler.bin"}, {"rfilename": "checkpoint-800/optimizer.bin"}, {"rfilename": "checkpoint-800/pytorch_lora_weights.safetensors"}, {"rfilename": "checkpoint-800/random_states_0.pkl"}, {"rfilename": "checkpoint-800/scaler.pt"}, {"rfilename": "checkpoint-800/scheduler.bin"}, {"rfilename": "checkpoint-900/optimizer.bin"}, {"rfilename": "checkpoint-900/pytorch_lora_weights.safetensors"}, {"rfilename": "checkpoint-900/random_states_0.pkl"}, {"rfilename": "checkpoint-900/scaler.pt"}, {"rfilename": "checkpoint-900/scheduler.bin"}, {"rfilename": "image_0.png"}, {"rfilename": "image_1.png"}, {"rfilename": "image_2.png"}, {"rfilename": "image_3.png"}, {"rfilename": "logs/text2image-fine-tune/1702468027.986447/events.out.tfevents.1702468027.ip-172-16-81-8.ec2.internal.2885.1"}, {"rfilename": "logs/text2image-fine-tune/1702468027.9874556/hparams.yml"}, {"rfilename": "logs/text2image-fine-tune/1702473289.8677003/events.out.tfevents.1702473289.ip-172-16-81-8.ec2.internal.4181.1"}, {"rfilename": "logs/text2image-fine-tune/1702473289.8691254/hparams.yml"}, {"rfilename": "logs/text2image-fine-tune/events.out.tfevents.1702468027.ip-172-16-81-8.ec2.internal.2885.0"}, {"rfilename": "logs/text2image-fine-tune/events.out.tfevents.1702473289.ip-172-16-81-8.ec2.internal.4181.0"}, {"rfilename": "pytorch_lora_weights.safetensors"}], "spaces": ["allknowingroger/Image-Models-Test246"], "createdAt": "2023-12-13T11:40:17.000Z", "inferenceStatus": "not-loaded"}