{"_id": "65895490003ceee693504852", "id": "jack-huang/esm2_t12_35M_UR50D-finetuned-localization", "modelId": "jack-huang/esm2_t12_35M_UR50D-finetuned-localization", "author": "jack-huang", "sha": "1c9f1cd40f25b42ad5505b11248c9b4b02e8fd8f", "lastModified": "2023-12-25T19:03:11.000Z", "private": false, "disabled": false, "gated": false, "pipeline_tag": "text-classification", "tags": ["transformers", "tensorboard", "safetensors", "esm", "text-classification", "autotrain_compatible", "endpoints_compatible", "region:us"], "downloads": 1, "library_name": "transformers", "widgetData": [{"text": "I like you. I love you"}], "likes": 0, "config": {"architectures": ["EsmForSequenceClassification"], "model_type": "esm", "tokenizer_config": {"cls_token": "<cls>", "eos_token": "<eos>", "mask_token": "<mask>", "pad_token": "<pad>", "unk_token": "<unk>"}}, "transformersInfo": {"auto_model": "AutoModelForSequenceClassification", "pipeline_tag": "text-classification", "processor": "AutoTokenizer"}, "siblings": [{"rfilename": ".gitattributes"}, {"rfilename": "config.json"}, {"rfilename": "model.safetensors"}, {"rfilename": "runs/Dec25_10-08-02_78dfb38f94ce/events.out.tfevents.1703498904.78dfb38f94ce.591.0"}, {"rfilename": "runs/Dec25_16-34-49_b20eccdb62ca/events.out.tfevents.1703529124.b20eccdb62ca.474.0"}, {"rfilename": "runs/Dec25_16-34-49_b20eccdb62ca/events.out.tfevents.1703529410.b20eccdb62ca.474.1"}, {"rfilename": "runs/Dec25_16-34-49_b20eccdb62ca/events.out.tfevents.1703530210.b20eccdb62ca.474.2"}, {"rfilename": "runs/Dec25_16-34-49_b20eccdb62ca/events.out.tfevents.1703530268.b20eccdb62ca.474.3"}, {"rfilename": "special_tokens_map.json"}, {"rfilename": "tokenizer_config.json"}, {"rfilename": "training_args.bin"}, {"rfilename": "vocab.txt"}], "spaces": [], "createdAt": "2023-12-25T10:08:16.000Z", "safetensors": {"parameters": {"F32": 33993987}, "total": 33993987}, "inferenceStatus": "not-loaded"}