{"_id": "658a6662438d7b1ccf70244a", "id": "jack-huang/esm2_t12_35M_UR50D-finetuned-localization-hw", "modelId": "jack-huang/esm2_t12_35M_UR50D-finetuned-localization-hw", "author": "jack-huang", "sha": "afc577c75d841c30b14a06eabb9024626d686885", "lastModified": "2023-12-26T14:40:30.000Z", "private": false, "disabled": false, "gated": false, "pipeline_tag": "text-classification", "tags": ["transformers", "tensorboard", "safetensors", "esm", "text-classification", "autotrain_compatible", "endpoints_compatible", "region:us"], "downloads": 2, "library_name": "transformers", "widgetData": [{"text": "I like you. I love you"}], "likes": 0, "config": {"architectures": ["EsmForSequenceClassification"], "model_type": "esm", "tokenizer_config": {"cls_token": "<cls>", "eos_token": "<eos>", "mask_token": "<mask>", "pad_token": "<pad>", "unk_token": "<unk>"}}, "transformersInfo": {"auto_model": "AutoModelForSequenceClassification", "pipeline_tag": "text-classification", "processor": "AutoTokenizer"}, "siblings": [{"rfilename": ".gitattributes"}, {"rfilename": "config.json"}, {"rfilename": "model.safetensors"}, {"rfilename": "runs/Dec26_06-32-46_cef61cc1d3c1/events.out.tfevents.1703572390.cef61cc1d3c1.268.0"}, {"rfilename": "runs/Dec26_07-10-43_cef61cc1d3c1/events.out.tfevents.1703574648.cef61cc1d3c1.268.1"}, {"rfilename": "runs/Dec26_07-12-51_cef61cc1d3c1/events.out.tfevents.1703574778.cef61cc1d3c1.268.2"}, {"rfilename": "runs/Dec26_07-14-32_cef61cc1d3c1/events.out.tfevents.1703574881.cef61cc1d3c1.268.3"}, {"rfilename": "runs/Dec26_07-14-32_cef61cc1d3c1/events.out.tfevents.1703576786.cef61cc1d3c1.268.4"}, {"rfilename": "runs/Dec26_07-14-32_cef61cc1d3c1/events.out.tfevents.1703578369.cef61cc1d3c1.268.5"}, {"rfilename": "runs/Dec26_08-37-42_cef61cc1d3c1/events.out.tfevents.1703579893.cef61cc1d3c1.268.6"}, {"rfilename": "runs/Dec26_08-37-42_cef61cc1d3c1/events.out.tfevents.1703583814.cef61cc1d3c1.268.7"}, {"rfilename": "runs/Dec26_08-37-42_cef61cc1d3c1/events.out.tfevents.1703584355.cef61cc1d3c1.268.8"}, {"rfilename": "runs/Dec26_10-27-25_cef61cc1d3c1/events.out.tfevents.1703586456.cef61cc1d3c1.268.9"}, {"rfilename": "runs/Dec26_10-52-52_cef61cc1d3c1/events.out.tfevents.1703587986.cef61cc1d3c1.268.10"}, {"rfilename": "runs/Dec26_11-25-00_e33740aa858a/events.out.tfevents.1703589910.e33740aa858a.463.0"}, {"rfilename": "runs/Dec26_11-25-00_e33740aa858a/events.out.tfevents.1703591169.e33740aa858a.463.1"}, {"rfilename": "runs/Dec26_11-25-00_e33740aa858a/events.out.tfevents.1703595971.e33740aa858a.463.2"}, {"rfilename": "runs/Dec26_13-13-19_e33740aa858a/events.out.tfevents.1703596462.e33740aa858a.463.3"}, {"rfilename": "runs/Dec26_13-13-19_e33740aa858a/events.out.tfevents.1703599365.e33740aa858a.463.4"}, {"rfilename": "runs/Dec26_14-19-14_e33740aa858a/events.out.tfevents.1703600365.e33740aa858a.463.5"}, {"rfilename": "special_tokens_map.json"}, {"rfilename": "tokenizer_config.json"}, {"rfilename": "training_args.bin"}, {"rfilename": "vocab.txt"}], "spaces": [], "createdAt": "2023-12-26T05:36:34.000Z", "safetensors": {"parameters": {"F32": 7842416}, "total": 7842416}, "inferenceStatus": "not-loaded"}