{"_id": "64900e179e303415c30ef9dd", "id": "jack6543/lora111", "modelId": "jack6543/lora111", "author": "jack6543", "sha": "9ba310b79eeb5d25f8a46bb76b45fdd7e812c655", "lastModified": "2023-06-21T07:25:34.000Z", "private": false, "disabled": false, "gated": false, "tags": ["license:openrail", "region:us"], "downloads": 0, "likes": 1, "model-index": null, "cardData": {"license": "openrail"}, "siblings": [{"rfilename": ".gitattributes"}, {"rfilename": "FilmG2.safetensors"}, {"rfilename": "FilmG4.safetensors"}, {"rfilename": "GIRL-09.safetensors"}, {"rfilename": "GirlfriendMix2.safetensors"}, {"rfilename": "README.md"}, {"rfilename": "asianGirlsFace1_dreamyFace.safetensors"}, {"rfilename": "asianGirlsFace_v1.safetensors"}, {"rfilename": "cuteGirlMix4_v10.safetensors"}, {"rfilename": "hanfu20.safetensors"}, {"rfilename": "hanfu_v28.safetensors"}, {"rfilename": "jk uniform.safetensors"}, {"rfilename": "keai.safetensors"}, {"rfilename": "koreanDollLikeness_v10.safetensors"}, {"rfilename": "white.safetensors"}, {"rfilename": "xiaobb.safetensors"}, {"rfilename": "yurisaLora_v40.safetensors"}], "spaces": [], "createdAt": "2023-06-19T08:13:11.000Z", "inferenceStatus": "not-loaded"}