{"_id": "64c7d06bb18936750d3b9947", "id": "jack-seeone/model", "modelId": "jack-seeone/model", "author": "jack-seeone", "sha": "8af6be8f074f2cd2c095883740728b9593b50d3c", "lastModified": "2023-07-31T15:16:59.000Z", "private": false, "disabled": false, "gated": false, "tags": ["license:other", "region:us"], "downloads": 0, "likes": 0, "model-index": null, "cardData": {"license": "other"}, "siblings": [{"rfilename": ".gitattributes"}, {"rfilename": "README.md"}], "spaces": [], "createdAt": "2023-07-31T15:16:59.000Z", "inferenceStatus": "not-loaded"}