{"_id": "668d91e016006f60d0755e9a", "id": "jack8885/google-gemma-2b-1720553952", "modelId": "jack8885/google-gemma-2b-1720553952", "author": "jack8885", "sha": "b810a51bb647e05db08d02acfd4c4f220aa75b7d", "lastModified": "2024-07-09T19:39:17.000Z", "private": false, "disabled": false, "gated": false, "tags": ["peft", "safetensors", "arxiv:1910.09700", "base_model:google/gemma-2b", "region:us"], "downloads": 22, "library_name": "peft", "likes": 0, "model-index": null, "config": {"tokenizer_config": {"bos_token": "<bos>", "eos_token": "<eos>", "pad_token": "<pad>", "unk_token": "<unk>", "use_default_system_prompt": false}, "peft": {"base_model_name_or_path": "google/gemma-2b", "task_type": "CAUSAL_LM"}}, "cardData": {"base_model": "google/gemma-2b", "library_name": "peft"}, "siblings": [{"rfilename": ".gitattributes"}, {"rfilename": "README.md"}, {"rfilename": "adapter_config.json"}, {"rfilename": "adapter_model.safetensors"}, {"rfilename": "special_tokens_map.json"}, {"rfilename": "tokenizer.json"}, {"rfilename": "tokenizer.model"}, {"rfilename": "tokenizer_config.json"}, {"rfilename": "training_args.bin"}], "spaces": [], "createdAt": "2024-07-09T19:39:12.000Z", "inferenceStatus": "not-loaded"}