{"_id": "6541da8e992ac570f0340362", "id": "G-dawg/table_exp_2", "modelId": "G-dawg/table_exp_2", "author": "G-dawg", "sha": "f24b4c7a04184192de1b3dbb00952fd87535e53f", "lastModified": "2023-11-01T05:02:44.000Z", "private": false, "disabled": false, "gated": false, "pipeline_tag": "object-detection", "tags": ["transformers", "pytorch", "table-transformer", "object-detection", "endpoints_compatible", "region:us"], "downloads": 1, "library_name": "transformers", "likes": 0, "config": {"architectures": ["TableTransformerForObjectDetection"], "model_type": "table-transformer"}, "transformersInfo": {"auto_model": "AutoModelForObjectDetection", "pipeline_tag": "object-detection", "processor": "AutoImageProcessor"}, "siblings": [{"rfilename": ".gitattributes"}, {"rfilename": "config.json"}, {"rfilename": "preprocessor_config.json"}, {"rfilename": "pytorch_model.bin"}], "spaces": [], "createdAt": "2023-11-01T04:56:46.000Z", "inferenceStatus": "not-loaded"}