{"_id": "6538f01757a5ee1d303df734", "id": "G-dawg/Table-detection-detr", "modelId": "G-dawg/Table-detection-detr", "author": "G-dawg", "sha": "7f98f5aa333de42a443d4b0763239c668da3b9a2", "lastModified": "2023-10-26T04:20:09.000Z", "private": false, "disabled": false, "gated": false, "pipeline_tag": "object-detection", "tags": ["transformers", "pytorch", "table-transformer", "object-detection", "endpoints_compatible", "region:us"], "downloads": 4, "library_name": "transformers", "likes": 0, "config": {"architectures": ["TableTransformerForObjectDetection"], "model_type": "table-transformer"}, "transformersInfo": {"auto_model": "AutoModelForObjectDetection", "pipeline_tag": "object-detection", "processor": "AutoImageProcessor"}, "siblings": [{"rfilename": ".gitattributes"}, {"rfilename": "config.json"}, {"rfilename": "preprocessor_config.json"}, {"rfilename": "pytorch_model.bin"}], "spaces": [], "createdAt": "2023-10-25T10:38:15.000Z", "inferenceStatus": "not-loaded"}