{"_id": "6425486134ca0511c7f2bf3f", "id": "G-e-o-r-g-e/poca-SoccerTwos", "modelId": "G-e-o-r-g-e/poca-SoccerTwos", "author": "G-e-o-r-g-e", "sha": "5d154d16a7bbb39543f262e5658456cd5e7793de", "lastModified": "2023-03-30T08:29:31.000Z", "private": false, "disabled": false, "gated": false, "pipeline_tag": "reinforcement-learning", "tags": ["ml-agents", "tensorboard", "onnx", "unity-ml-agents", "deep-reinforcement-learning", "reinforcement-learning", "ML-Agents-SoccerTwos", "region:us"], "downloads": 0, "library_name": "ml-agents", "likes": 0, "model-index": null, "config": {}, "cardData": {"tags": ["unity-ml-agents", "ml-agents", "deep-reinforcement-learning", "reinforcement-learning", "ML-Agents-SoccerTwos"], "library_name": "ml-agents"}, "siblings": [{"rfilename": ".gitattributes"}, {"rfilename": "README.md"}, {"rfilename": "SoccerTwos.onnx"}, {"rfilename": "SoccerTwos/SoccerTwos-0.onnx"}, {"rfilename": "SoccerTwos/SoccerTwos-0.pt"}, {"rfilename": "SoccerTwos/SoccerTwos-3499916.onnx"}, {"rfilename": "SoccerTwos/SoccerTwos-3499916.pt"}, {"rfilename": "SoccerTwos/SoccerTwos-3999922.onnx"}, {"rfilename": "SoccerTwos/SoccerTwos-3999922.pt"}, {"rfilename": "SoccerTwos/SoccerTwos-4499981.onnx"}, {"rfilename": "SoccerTwos/SoccerTwos-4499981.pt"}, {"rfilename": "SoccerTwos/SoccerTwos-4999938.onnx"}, {"rfilename": "SoccerTwos/SoccerTwos-4999938.pt"}, {"rfilename": "SoccerTwos/SoccerTwos-5000132.onnx"}, {"rfilename": "SoccerTwos/SoccerTwos-5000132.pt"}, {"rfilename": "SoccerTwos/checkpoint.pt"}, {"rfilename": "SoccerTwos/events.out.tfevents.1680082406.LAPTOP-GPEPNGFH.13283.0"}, {"rfilename": "config.json"}, {"rfilename": "configuration.yaml"}, {"rfilename": "run_logs/Player-0.log"}, {"rfilename": "run_logs/timers.json"}, {"rfilename": "run_logs/training_status.json"}], "spaces": [], "createdAt": "2023-03-30T08:29:21.000Z", "inferenceStatus": "not-loaded"}