{"_id": "63d78c64f8fb9f0e9eea1811", "id": "G-e-o-r-g-e/Pixelcopter-PLE-v0", "modelId": "G-e-o-r-g-e/Pixelcopter-PLE-v0", "author": "G-e-o-r-g-e", "sha": "bf84375ea676d6ba8e5a0001e171cf767e22141d", "lastModified": "2023-01-30T09:22:49.000Z", "private": false, "disabled": false, "gated": false, "pipeline_tag": "reinforcement-learning", "tags": ["Pixelcopter-PLE-v0", "reinforce", "reinforcement-learning", "custom-implementation", "deep-rl-class", "model-index", "region:us"], "downloads": 0, "likes": 0, "model-index": [{"name": "Pixelcopter-PLE-v0", "results": [{"task": {"type": "reinforcement-learning", "name": "reinforcement-learning"}, "dataset": {"name": "Pixelcopter-PLE-v0", "type": "Pixelcopter-PLE-v0"}, "metrics": [{"type": "mean_reward", "value": "21.30 +/- 21.11", "name": "mean_reward", "verified": false}]}]}], "cardData": {"tags": ["Pixelcopter-PLE-v0", "reinforce", "reinforcement-learning", "custom-implementation", "deep-rl-class"], "model-index": [{"name": "Pixelcopter-PLE-v0", "results": [{"task": {"type": "reinforcement-learning", "name": "reinforcement-learning"}, "dataset": {"name": "Pixelcopter-PLE-v0", "type": "Pixelcopter-PLE-v0"}, "metrics": [{"type": "mean_reward", "value": "21.30 +/- 21.11", "name": "mean_reward", "verified": false}]}]}]}, "siblings": [{"rfilename": ".gitattributes"}, {"rfilename": "README.md"}, {"rfilename": "hyperparameters.json"}, {"rfilename": "model.pt"}, {"rfilename": "replay.mp4"}, {"rfilename": "results.json"}], "spaces": [], "createdAt": "2023-01-30T09:22:44.000Z", "inferenceStatus": "not-loaded"}