{"_id": "63fbdc88f0818c9bfbeb88d5", "id": "G-e-o-r-g-e/a2c-AntBulletEnv-v0", "modelId": "G-e-o-r-g-e/a2c-AntBulletEnv-v0", "author": "G-e-o-r-g-e", "sha": "2b65a937f8a796cb09d9ccb147ca51994820f6fb", "lastModified": "2023-02-26T22:27:28.000Z", "private": false, "disabled": false, "gated": false, "pipeline_tag": "reinforcement-learning", "tags": ["stable-baselines3", "AntBulletEnv-v0", "deep-reinforcement-learning", "reinforcement-learning", "model-index", "region:us"], "downloads": 0, "library_name": "stable-baselines3", "likes": 0, "model-index": [{"name": "A2C", "results": [{"task": {"type": "reinforcement-learning", "name": "reinforcement-learning"}, "dataset": {"name": "AntBulletEnv-v0", "type": "AntBulletEnv-v0"}, "metrics": [{"type": "mean_reward", "value": "961.13 +/- 105.71", "name": "mean_reward", "verified": false}]}]}], "config": {}, "cardData": {"library_name": "stable-baselines3", "tags": ["AntBulletEnv-v0", "deep-reinforcement-learning", "reinforcement-learning", "stable-baselines3"], "model-index": [{"name": "A2C", "results": [{"task": {"type": "reinforcement-learning", "name": "reinforcement-learning"}, "dataset": {"name": "AntBulletEnv-v0", "type": "AntBulletEnv-v0"}, "metrics": [{"type": "mean_reward", "value": "961.13 +/- 105.71", "name": "mean_reward", "verified": false}]}]}]}, "siblings": [{"rfilename": ".gitattributes"}, {"rfilename": "README.md"}, {"rfilename": "a2c-AntBulletEnv-v0.zip"}, {"rfilename": "a2c-AntBulletEnv-v0/_stable_baselines3_version"}, {"rfilename": "a2c-AntBulletEnv-v0/data"}, {"rfilename": "a2c-AntBulletEnv-v0/policy.optimizer.pth"}, {"rfilename": "a2c-AntBulletEnv-v0/policy.pth"}, {"rfilename": "a2c-AntBulletEnv-v0/pytorch_variables.pth"}, {"rfilename": "a2c-AntBulletEnv-v0/system_info.txt"}, {"rfilename": "config.json"}, {"rfilename": "replay.mp4"}, {"rfilename": "results.json"}, {"rfilename": "vec_normalize.pkl"}], "spaces": [], "createdAt": "2023-02-26T22:26:16.000Z", "inferenceStatus": "not-loaded"}