{"_id": "63ad85e4554f7aa08048f85d", "id": "G-e-o-r-g-e/ppo-Huggy", "modelId": "G-e-o-r-g-e/ppo-Huggy", "author": "G-e-o-r-g-e", "sha": "0afc1a749a75c49472f5ea58d84171cc1f32126d", "lastModified": "2022-12-29T12:19:57.000Z", "private": false, "disabled": false, "gated": false, "pipeline_tag": "reinforcement-learning", "tags": ["ml-agents", "tensorboard", "onnx", "unity-ml-agents", "deep-reinforcement-learning", "reinforcement-learning", "ML-Agents-Huggy", "region:us"], "downloads": 7, "library_name": "ml-agents", "likes": 0, "model-index": null, "config": {}, "cardData": {"tags": ["unity-ml-agents", "ml-agents", "deep-reinforcement-learning", "reinforcement-learning", "ML-Agents-Huggy"], "library_name": "ml-agents"}, "siblings": [{"rfilename": ".gitattributes"}, {"rfilename": "Huggy.onnx"}, {"rfilename": "Huggy/Huggy-1199921.onnx"}, {"rfilename": "Huggy/Huggy-1199921.pt"}, {"rfilename": "Huggy/Huggy-1399959.onnx"}, {"rfilename": "Huggy/Huggy-1399959.pt"}, {"rfilename": "Huggy/Huggy-1599986.onnx"}, {"rfilename": "Huggy/Huggy-1599986.pt"}, {"rfilename": "Huggy/Huggy-1799955.onnx"}, {"rfilename": "Huggy/Huggy-1799955.pt"}, {"rfilename": "Huggy/Huggy-199936.onnx"}, {"rfilename": "Huggy/Huggy-199936.pt"}, {"rfilename": "Huggy/Huggy-1999411.onnx"}, {"rfilename": "Huggy/Huggy-1999411.pt"}, {"rfilename": "Huggy/Huggy-2000161.onnx"}, {"rfilename": "Huggy/Huggy-2000161.pt"}, {"rfilename": "Huggy/Huggy-399955.onnx"}, {"rfilename": "Huggy/Huggy-399955.pt"}, {"rfilename": "Huggy/Huggy-599999.onnx"}, {"rfilename": "Huggy/Huggy-599999.pt"}, {"rfilename": "Huggy/Huggy-799967.onnx"}, {"rfilename": "Huggy/Huggy-799967.pt"}, {"rfilename": "Huggy/Huggy-999861.onnx"}, {"rfilename": "Huggy/Huggy-999861.pt"}, {"rfilename": "Huggy/checkpoint.pt"}, {"rfilename": "Huggy/events.out.tfevents.1672311825.597990a6f258.3607.0"}, {"rfilename": "README.md"}, {"rfilename": "config.json"}, {"rfilename": "configuration.yaml"}, {"rfilename": "run_logs/Player-0.log"}, {"rfilename": "run_logs/timers.json"}, {"rfilename": "run_logs/training_status.json"}], "spaces": [], "createdAt": "2022-12-29T12:19:48.000Z", "inferenceStatus": "not-loaded"}