{"_id": "63ab2cd2e0e2bf05cd4cf2c8", "id": "G-e-o-r-g-e/ppo-LunarLander-v2", "modelId": "G-e-o-r-g-e/ppo-LunarLander-v2", "author": "G-e-o-r-g-e", "sha": "81e6b4f7d7f05336dcd0d50f532c7d69a15a5b6e", "lastModified": "2022-12-28T08:24:22.000Z", "private": false, "disabled": false, "gated": false, "pipeline_tag": "reinforcement-learning", "tags": ["stable-baselines3", "LunarLander-v2", "deep-reinforcement-learning", "reinforcement-learning", "model-index", "region:us"], "downloads": 0, "library_name": "stable-baselines3", "likes": 0, "model-index": [{"name": "PPO", "results": [{"task": {"type": "reinforcement-learning", "name": "reinforcement-learning"}, "dataset": {"name": "LunarLander-v2", "type": "LunarLander-v2"}, "metrics": [{"type": "mean_reward", "value": "263.95 +/- 54.23", "name": "mean_reward", "verified": false}]}]}], "config": {}, "cardData": {"library_name": "stable-baselines3", "tags": ["LunarLander-v2", "deep-reinforcement-learning", "reinforcement-learning", "stable-baselines3"], "model-index": [{"name": "PPO", "results": [{"task": {"type": "reinforcement-learning", "name": "reinforcement-learning"}, "dataset": {"name": "LunarLander-v2", "type": "LunarLander-v2"}, "metrics": [{"type": "mean_reward", "value": "263.95 +/- 54.23", "name": "mean_reward", "verified": false}]}]}]}, "siblings": [{"rfilename": ".gitattributes"}, {"rfilename": "README.md"}, {"rfilename": "config.json"}, {"rfilename": "gk-ppo-LunarLander-v2.zip"}, {"rfilename": "gk-ppo-LunarLander-v2/_stable_baselines3_version"}, {"rfilename": "gk-ppo-LunarLander-v2/data"}, {"rfilename": "gk-ppo-LunarLander-v2/policy.optimizer.pth"}, {"rfilename": "gk-ppo-LunarLander-v2/policy.pth"}, {"rfilename": "gk-ppo-LunarLander-v2/pytorch_variables.pth"}, {"rfilename": "gk-ppo-LunarLander-v2/system_info.txt"}, {"rfilename": "replay.mp4"}, {"rfilename": "results.json"}], "spaces": [], "createdAt": "2022-12-27T17:35:14.000Z", "inferenceStatus": "not-loaded"}