{"_id": "63b2111ff9ddaf1a16b51836", "id": "G-e-o-r-g-e/dqn-SpaceInvadersNoFrameskip-v4", "modelId": "G-e-o-r-g-e/dqn-SpaceInvadersNoFrameskip-v4", "author": "G-e-o-r-g-e", "sha": "41e0d76964b6ce6c2ffbfd017c7d2459345a8888", "lastModified": "2023-04-07T11:04:04.000Z", "private": false, "disabled": false, "gated": false, "pipeline_tag": "reinforcement-learning", "tags": ["stable-baselines3", "SpaceInvadersNoFrameskip-v4", "deep-reinforcement-learning", "reinforcement-learning", "model-index", "region:us"], "downloads": 0, "library_name": "stable-baselines3", "likes": 0, "model-index": [{"name": "DQN", "results": [{"task": {"type": "reinforcement-learning", "name": "reinforcement-learning"}, "dataset": {"name": "SpaceInvadersNoFrameskip-v4", "type": "SpaceInvadersNoFrameskip-v4"}, "metrics": [{"type": "mean_reward", "value": "656.00 +/- 285.75", "name": "mean_reward", "verified": false}]}]}], "cardData": {"library_name": "stable-baselines3", "tags": ["SpaceInvadersNoFrameskip-v4", "deep-reinforcement-learning", "reinforcement-learning", "stable-baselines3"], "model-index": [{"name": "DQN", "results": [{"task": {"type": "reinforcement-learning", "name": "reinforcement-learning"}, "dataset": {"name": "SpaceInvadersNoFrameskip-v4", "type": "SpaceInvadersNoFrameskip-v4"}, "metrics": [{"type": "mean_reward", "value": "656.00 +/- 285.75", "name": "mean_reward", "verified": false}]}]}]}, "siblings": [{"rfilename": ".gitattributes"}, {"rfilename": "README.md"}, {"rfilename": "args.yml"}, {"rfilename": "config.yml"}, {"rfilename": "dqn-SpaceInvadersNoFrameskip-v4.zip"}, {"rfilename": "dqn-SpaceInvadersNoFrameskip-v4/_stable_baselines3_version"}, {"rfilename": "dqn-SpaceInvadersNoFrameskip-v4/data"}, {"rfilename": "dqn-SpaceInvadersNoFrameskip-v4/policy.optimizer.pth"}, {"rfilename": "dqn-SpaceInvadersNoFrameskip-v4/policy.pth"}, {"rfilename": "dqn-SpaceInvadersNoFrameskip-v4/pytorch_variables.pth"}, {"rfilename": "dqn-SpaceInvadersNoFrameskip-v4/system_info.txt"}, {"rfilename": "env_kwargs.yml"}, {"rfilename": "replay.mp4"}, {"rfilename": "results.json"}, {"rfilename": "train_eval_metrics.zip"}], "spaces": [], "createdAt": "2023-01-01T23:02:55.000Z", "inferenceStatus": "not-loaded"}