{"_id": "63d7ba05143d89ad807ff934", "id": "G-e-o-r-g-e/ppo-SnowballTarget", "modelId": "G-e-o-r-g-e/ppo-SnowballTarget", "author": "G-e-o-r-g-e", "sha": "2ebff404d807ee8f02191f0bfc8c04e5d059d62e", "lastModified": "2023-01-30T12:37:31.000Z", "private": false, "disabled": false, "gated": false, "pipeline_tag": "reinforcement-learning", "tags": ["ml-agents", "tensorboard", "onnx", "unity-ml-agents", "deep-reinforcement-learning", "reinforcement-learning", "ML-Agents-SnowballTarget", "region:us"], "downloads": 2, "library_name": "ml-agents", "likes": 0, "model-index": null, "config": {}, "cardData": {"tags": ["unity-ml-agents", "ml-agents", "deep-reinforcement-learning", "reinforcement-learning", "ML-Agents-SnowballTarget"], "library_name": "ml-agents"}, "siblings": [{"rfilename": ".gitattributes"}, {"rfilename": "README.md"}, {"rfilename": "SnowballTarget.onnx"}, {"rfilename": "SnowballTarget/SnowballTarget-149984.onnx"}, {"rfilename": "SnowballTarget/SnowballTarget-149984.pt"}, {"rfilename": "SnowballTarget/SnowballTarget-199984.onnx"}, {"rfilename": "SnowballTarget/SnowballTarget-199984.pt"}, {"rfilename": "SnowballTarget/SnowballTarget-200200.onnx"}, {"rfilename": "SnowballTarget/SnowballTarget-200200.pt"}, {"rfilename": "SnowballTarget/SnowballTarget-49936.onnx"}, {"rfilename": "SnowballTarget/SnowballTarget-49936.pt"}, {"rfilename": "SnowballTarget/SnowballTarget-99960.onnx"}, {"rfilename": "SnowballTarget/SnowballTarget-99960.pt"}, {"rfilename": "SnowballTarget/checkpoint.pt"}, {"rfilename": "SnowballTarget/events.out.tfevents.1675080112.65058abf813e.1639.0"}, {"rfilename": "config.json"}, {"rfilename": "configuration.yaml"}, {"rfilename": "run_logs/Player-0.log"}, {"rfilename": "run_logs/timers.json"}, {"rfilename": "run_logs/training_status.json"}], "spaces": [], "createdAt": "2023-01-30T12:37:25.000Z", "inferenceStatus": "not-loaded"}