{"_id": "6599b29258608c40448d37d7", "id": "g-luo/readout-guidance", "modelId": "g-luo/readout-guidance", "author": "g-luo", "sha": "863f04f188382468af63f8ea4444ce0ad28a1846", "lastModified": "2024-04-30T18:06:27.000Z", "private": false, "disabled": false, "gated": false, "tags": ["arxiv:1812.08008", "arxiv:1907.01341", "arxiv:1504.06375", "license:apache-2.0", "region:us"], "downloads": 0, "likes": 3, "model-index": null, "cardData": {"license": "apache-2.0"}, "siblings": [{"rfilename": ".gitattributes"}, {"rfilename": "README.md"}, {"rfilename": "readout_pose/readout_sdv15_pose_keypoint.pt"}, {"rfilename": "readout_pose/readout_sdxl_pose_keypoint.pt"}, {"rfilename": "weights/readout_sdv15_drag_appearance.pt"}, {"rfilename": "weights/readout_sdv15_drag_correspondence.pt"}, {"rfilename": "weights/readout_sdv15_spatial_depth.pt"}, {"rfilename": "weights/readout_sdv15_spatial_edge.pt"}, {"rfilename": "weights/readout_sdv15_spatial_pose.pt"}, {"rfilename": "weights/readout_sdxl_drag_appearance.pt"}, {"rfilename": "weights/readout_sdxl_drag_correspondence.pt"}, {"rfilename": "weights/readout_sdxl_spatial_depth.pt"}, {"rfilename": "weights/readout_sdxl_spatial_edge.pt"}, {"rfilename": "weights/readout_sdxl_spatial_pose.pt"}], "spaces": [], "createdAt": "2024-01-06T20:05:38.000Z", "inferenceStatus": "not-loaded"}