{"_id": "65f5b854dd3cc437a8007db1", "id": "G-ML-Hyly/gls_v2", "modelId": "G-ML-Hyly/gls_v2", "author": "G-ML-Hyly", "sha": "607a6721d8687146aa1b6028e69022a0a6856768", "lastModified": "2024-03-16T15:19:16.000Z", "private": false, "disabled": false, "gated": false, "pipeline_tag": "text-classification", "tags": ["transformers", "tensorboard", "safetensors", "distilbert", "text-classification", "generated_from_trainer", "base_model:distilbert-base-uncased", "license:apache-2.0", "autotrain_compatible", "endpoints_compatible", "region:us"], "downloads": 2, "library_name": "transformers", "mask_token": "[MASK]", "widgetData": [{"text": "I like you. I love you"}], "likes": 0, "model-index": [{"name": "gls_v2", "results": []}], "config": {"architectures": ["DistilBertForSequenceClassification"], "model_type": "distilbert", "tokenizer_config": {"cls_token": "[CLS]", "mask_token": "[MASK]", "pad_token": "[PAD]", "sep_token": "[SEP]", "unk_token": "[UNK]"}}, "cardData": {"license": "apache-2.0", "base_model": "distilbert-base-uncased", "tags": ["generated_from_trainer"], "model-index": [{"name": "gls_v2", "results": []}]}, "transformersInfo": {"auto_model": "AutoModelForSequenceClassification", "pipeline_tag": "text-classification", "processor": "AutoTokenizer"}, "siblings": [{"rfilename": ".gitattributes"}, {"rfilename": "README.md"}, {"rfilename": "config.json"}, {"rfilename": "model.safetensors"}, {"rfilename": "runs/Feb06_22-57-23_LAPTOP-BN4LH857/events.out.tfevents.1707242246.LAPTOP-BN4LH857.35660.0"}, {"rfilename": "runs/Feb06_23-03-08_LAPTOP-BN4LH857/events.out.tfevents.1707242590.LAPTOP-BN4LH857.35660.1"}, {"rfilename": "runs/Feb07_08-14-18_LAPTOP-BN4LH857/events.out.tfevents.1707275659.LAPTOP-BN4LH857.21796.0"}, {"rfilename": "runs/Feb07_08-19-47_LAPTOP-BN4LH857/events.out.tfevents.1707275987.LAPTOP-BN4LH857.21796.1"}, {"rfilename": "runs/Mar15_12-59-18_LAPTOP-BN4LH857/events.out.tfevents.1710489563.LAPTOP-BN4LH857.35824.0"}, {"rfilename": "runs/Mar15_20-46-04_LAPTOP-BN4LH857/events.out.tfevents.1710517568.LAPTOP-BN4LH857.35824.1"}, {"rfilename": "runs/Mar16_14-53-27_LAPTOP-BN4LH857/events.out.tfevents.1710582812.LAPTOP-BN4LH857.30684.0"}, {"rfilename": "runs/Mar16_14-56-20_LAPTOP-BN4LH857/events.out.tfevents.1710582985.LAPTOP-BN4LH857.30684.1"}, {"rfilename": "runs/Mar16_14-57-58_LAPTOP-BN4LH857/events.out.tfevents.1710583079.LAPTOP-BN4LH857.30684.2"}, {"rfilename": "runs/Mar16_15-44-43_LAPTOP-BN4LH857/events.out.tfevents.1710585887.LAPTOP-BN4LH857.10060.0"}, {"rfilename": "runs/Mar16_19-13-06_LAPTOP-BN4LH857/events.out.tfevents.1710598392.LAPTOP-BN4LH857.10060.1"}, {"rfilename": "special_tokens_map.json"}, {"rfilename": "tokenizer.json"}, {"rfilename": "tokenizer_config.json"}, {"rfilename": "training_args.bin"}, {"rfilename": "vocab.txt"}], "spaces": [], "createdAt": "2024-03-16T15:18:44.000Z", "safetensors": {"parameters": {"F32": 66978849}, "total": 66978849}, "inferenceStatus": "not-loaded"}