{"_id": "65f47044a0a591aefd733608", "id": "G-ML-Hyly/cdp-gls", "modelId": "G-ML-Hyly/cdp-gls", "author": "G-ML-Hyly", "sha": "8dde83e02b2228fddf75930a6b59dfe2fe11ec3a", "lastModified": "2024-03-15T16:04:09.000Z", "private": false, "disabled": false, "gated": false, "pipeline_tag": "text-classification", "tags": ["transformers", "tensorboard", "safetensors", "distilbert", "text-classification", "generated_from_trainer", "base_model:distilbert-base-uncased", "license:apache-2.0", "autotrain_compatible", "endpoints_compatible", "region:us"], "downloads": 2, "library_name": "transformers", "mask_token": "[MASK]", "widgetData": [{"text": "I like you. I love you"}], "likes": 0, "model-index": [{"name": "cdp-gls", "results": []}], "config": {"architectures": ["DistilBertForSequenceClassification"], "model_type": "distilbert", "tokenizer_config": {"cls_token": "[CLS]", "mask_token": "[MASK]", "pad_token": "[PAD]", "sep_token": "[SEP]", "unk_token": "[UNK]"}}, "cardData": {"license": "apache-2.0", "tags": ["generated_from_trainer"], "metrics": ["accuracy"], "base_model": "distilbert-base-uncased", "model-index": [{"name": "cdp-gls", "results": []}]}, "transformersInfo": {"auto_model": "AutoModelForSequenceClassification", "pipeline_tag": "text-classification", "processor": "AutoTokenizer"}, "siblings": [{"rfilename": ".gitattributes"}, {"rfilename": "README.md"}, {"rfilename": "config.json"}, {"rfilename": "model.safetensors"}, {"rfilename": "runs/Feb06_22-57-23_LAPTOP-BN4LH857/events.out.tfevents.1707242246.LAPTOP-BN4LH857.35660.0"}, {"rfilename": "runs/Feb06_23-03-08_LAPTOP-BN4LH857/events.out.tfevents.1707242590.LAPTOP-BN4LH857.35660.1"}, {"rfilename": "runs/Feb07_08-14-18_LAPTOP-BN4LH857/events.out.tfevents.1707275659.LAPTOP-BN4LH857.21796.0"}, {"rfilename": "runs/Feb07_08-19-47_LAPTOP-BN4LH857/events.out.tfevents.1707275987.LAPTOP-BN4LH857.21796.1"}, {"rfilename": "runs/Mar15_12-59-18_LAPTOP-BN4LH857/events.out.tfevents.1710489563.LAPTOP-BN4LH857.35824.0"}, {"rfilename": "runs/Mar15_20-46-04_LAPTOP-BN4LH857/events.out.tfevents.1710517568.LAPTOP-BN4LH857.35824.1"}, {"rfilename": "special_tokens_map.json"}, {"rfilename": "tokenizer.json"}, {"rfilename": "tokenizer_config.json"}, {"rfilename": "training_args.bin"}, {"rfilename": "vocab.txt"}], "spaces": [], "createdAt": "2024-03-15T15:59:00.000Z", "safetensors": {"parameters": {"F32": 66978849}, "total": 66978849}, "inferenceStatus": "not-loaded"}