{"_id": "65a6d9e1306c1b1ae72f7d2d", "id": "G-ML-Hyly/hyl_mb_vb", "modelId": "G-ML-Hyly/hyl_mb_vb", "author": "G-ML-Hyly", "sha": "0e0d38dacddfd79bbcbf64c79f1e7c7844097b42", "lastModified": "2024-01-16T19:52:44.000Z", "private": false, "disabled": false, "gated": false, "pipeline_tag": "text-classification", "tags": ["transformers", "tensorboard", "safetensors", "distilbert", "text-classification", "generated_from_trainer", "base_model:distilbert-base-uncased", "license:apache-2.0", "autotrain_compatible", "endpoints_compatible", "region:us"], "downloads": 2, "library_name": "transformers", "mask_token": "[MASK]", "widgetData": [{"text": "I like you. I love you"}], "likes": 0, "model-index": [{"name": "hyl_mb_vb", "results": []}], "config": {"architectures": ["DistilBertForSequenceClassification"], "model_type": "distilbert", "tokenizer_config": {"cls_token": "[CLS]", "mask_token": "[MASK]", "pad_token": "[PAD]", "sep_token": "[SEP]", "unk_token": "[UNK]"}}, "cardData": {"license": "apache-2.0", "base_model": "distilbert-base-uncased", "tags": ["generated_from_trainer"], "model-index": [{"name": "hyl_mb_vb", "results": []}]}, "transformersInfo": {"auto_model": "AutoModelForSequenceClassification", "pipeline_tag": "text-classification", "processor": "AutoTokenizer"}, "siblings": [{"rfilename": ".gitattributes"}, {"rfilename": "README.md"}, {"rfilename": "config.json"}, {"rfilename": "model.safetensors"}, {"rfilename": "runs/Dec31_21-38-36_LAPTOP-BN4LH857/events.out.tfevents.1704040733.LAPTOP-BN4LH857"}, {"rfilename": "runs/Dec31_21-43-00_LAPTOP-BN4LH857/events.out.tfevents.1704040981.LAPTOP-BN4LH857"}, {"rfilename": "runs/Dec31_21-46-57_LAPTOP-BN4LH857/events.out.tfevents.1704041217.LAPTOP-BN4LH857"}, {"rfilename": "runs/Jan02_10-08-22_LAPTOP-BN4LH857/events.out.tfevents.1704172103.LAPTOP-BN4LH857"}, {"rfilename": "runs/Jan02_10-14-16_LAPTOP-BN4LH857/events.out.tfevents.1704172457.LAPTOP-BN4LH857"}, {"rfilename": "runs/Jan02_10-20-42_LAPTOP-BN4LH857/events.out.tfevents.1704172842.LAPTOP-BN4LH857"}, {"rfilename": "runs/Jan02_10-28-50_LAPTOP-BN4LH857/events.out.tfevents.1704173330.LAPTOP-BN4LH857"}, {"rfilename": "runs/Jan03_20-53-12_LAPTOP-BN4LH857/events.out.tfevents.1704297197.LAPTOP-BN4LH857"}, {"rfilename": "runs/Jan04_15-19-33_LAPTOP-BN4LH857/events.out.tfevents.1704363576.LAPTOP-BN4LH857"}, {"rfilename": "runs/Jan04_19-18-33_LAPTOP-BN4LH857/events.out.tfevents.1704377919.LAPTOP-BN4LH857"}, {"rfilename": "runs/Jan04_19-22-49_LAPTOP-BN4LH857/events.out.tfevents.1704378171.LAPTOP-BN4LH857"}, {"rfilename": "runs/Jan04_21-34-54_LAPTOP-BN4LH857/events.out.tfevents.1704386095.LAPTOP-BN4LH857"}, {"rfilename": "runs/Jan04_22-27-55_LAPTOP-BN4LH857/events.out.tfevents.1704389275.LAPTOP-BN4LH857"}, {"rfilename": "runs/Jan04_22-35-20_LAPTOP-BN4LH857/events.out.tfevents.1704389720.LAPTOP-BN4LH857"}, {"rfilename": "runs/Jan04_22-37-17_LAPTOP-BN4LH857/events.out.tfevents.1704389837.LAPTOP-BN4LH857"}, {"rfilename": "runs/Jan04_22-40-44_LAPTOP-BN4LH857/events.out.tfevents.1704390044.LAPTOP-BN4LH857"}, {"rfilename": "runs/Jan04_22-43-31_LAPTOP-BN4LH857/events.out.tfevents.1704390211.LAPTOP-BN4LH857"}, {"rfilename": "runs/Jan04_22-48-19_LAPTOP-BN4LH857/events.out.tfevents.1704390500.LAPTOP-BN4LH857"}, {"rfilename": "runs/Jan04_22-52-29_LAPTOP-BN4LH857/events.out.tfevents.1704390749.LAPTOP-BN4LH857"}, {"rfilename": "runs/Jan04_22-57-51_LAPTOP-BN4LH857/events.out.tfevents.1704391072.LAPTOP-BN4LH857"}, {"rfilename": "runs/Jan04_22-59-53_LAPTOP-BN4LH857/events.out.tfevents.1704391193.LAPTOP-BN4LH857"}, {"rfilename": "runs/Jan04_23-09-37_LAPTOP-BN4LH857/events.out.tfevents.1704391777.LAPTOP-BN4LH857"}, {"rfilename": "runs/Jan04_23-21-55_LAPTOP-BN4LH857/events.out.tfevents.1704392518.LAPTOP-BN4LH857"}, {"rfilename": "runs/Jan04_23-26-27_LAPTOP-BN4LH857/events.out.tfevents.1704392787.LAPTOP-BN4LH857"}, {"rfilename": "runs/Jan04_23-33-27_LAPTOP-BN4LH857/events.out.tfevents.1704393207.LAPTOP-BN4LH857"}, {"rfilename": "runs/Jan05_00-27-33_LAPTOP-BN4LH857/events.out.tfevents.1704396453.LAPTOP-BN4LH857"}, {"rfilename": "runs/Jan05_00-30-39_LAPTOP-BN4LH857/events.out.tfevents.1704396640.LAPTOP-BN4LH857"}, {"rfilename": "runs/Jan05_00-35-11_LAPTOP-BN4LH857/events.out.tfevents.1704396911.LAPTOP-BN4LH857"}, {"rfilename": "runs/Jan05_00-47-52_LAPTOP-BN4LH857/events.out.tfevents.1704397674.LAPTOP-BN4LH857"}, {"rfilename": "runs/Jan05_00-47-52_LAPTOP-BN4LH857/events.out.tfevents.1704398425.LAPTOP-BN4LH857"}, {"rfilename": "runs/Jan05_01-00-53_LAPTOP-BN4LH857/events.out.tfevents.1704398453.LAPTOP-BN4LH857"}, {"rfilename": "runs/Jan05_01-02-06_LAPTOP-BN4LH857/events.out.tfevents.1704398526.LAPTOP-BN4LH857"}, {"rfilename": "runs/Jan05_01-05-53_LAPTOP-BN4LH857/events.out.tfevents.1704398754.LAPTOP-BN4LH857"}, {"rfilename": "runs/Jan05_01-07-11_LAPTOP-BN4LH857/events.out.tfevents.1704398831.LAPTOP-BN4LH857"}, {"rfilename": "runs/Jan05_01-08-06_LAPTOP-BN4LH857/events.out.tfevents.1704398886.LAPTOP-BN4LH857"}, {"rfilename": "runs/Jan05_01-10-48_LAPTOP-BN4LH857/events.out.tfevents.1704399048.LAPTOP-BN4LH857"}, {"rfilename": "runs/Jan05_01-12-31_LAPTOP-BN4LH857/events.out.tfevents.1704399151.LAPTOP-BN4LH857"}, {"rfilename": "runs/Jan05_01-16-55_LAPTOP-BN4LH857/events.out.tfevents.1704399416.LAPTOP-BN4LH857"}, {"rfilename": "runs/Jan05_01-18-30_LAPTOP-BN4LH857/events.out.tfevents.1704399510.LAPTOP-BN4LH857"}, {"rfilename": "runs/Jan05_01-20-21_LAPTOP-BN4LH857/events.out.tfevents.1704399621.LAPTOP-BN4LH857"}, {"rfilename": "runs/Jan05_01-21-53_LAPTOP-BN4LH857/events.out.tfevents.1704399713.LAPTOP-BN4LH857"}, {"rfilename": "runs/Jan05_01-22-29_LAPTOP-BN4LH857/events.out.tfevents.1704399749.LAPTOP-BN4LH857"}, {"rfilename": "runs/Jan05_01-26-14_LAPTOP-BN4LH857/events.out.tfevents.1704399974.LAPTOP-BN4LH857"}, {"rfilename": "runs/Jan05_09-50-55_LAPTOP-BN4LH857/events.out.tfevents.1704430258.LAPTOP-BN4LH857"}, {"rfilename": "runs/Jan05_09-52-01_LAPTOP-BN4LH857/events.out.tfevents.1704430321.LAPTOP-BN4LH857"}, {"rfilename": "runs/Jan05_09-57-11_LAPTOP-BN4LH857/events.out.tfevents.1704430632.LAPTOP-BN4LH857"}, {"rfilename": "runs/Jan05_09-59-05_LAPTOP-BN4LH857/events.out.tfevents.1704430746.LAPTOP-BN4LH857"}, {"rfilename": "runs/Jan05_10-00-58_LAPTOP-BN4LH857/events.out.tfevents.1704430858.LAPTOP-BN4LH857"}, {"rfilename": "runs/Jan05_10-05-52_LAPTOP-BN4LH857/events.out.tfevents.1704431152.LAPTOP-BN4LH857"}, {"rfilename": "runs/Jan05_10-09-40_LAPTOP-BN4LH857/events.out.tfevents.1704431380.LAPTOP-BN4LH857"}, {"rfilename": "runs/Jan05_10-14-14_LAPTOP-BN4LH857/events.out.tfevents.1704431655.LAPTOP-BN4LH857"}, {"rfilename": "runs/Jan05_10-18-19_LAPTOP-BN4LH857/events.out.tfevents.1704431899.LAPTOP-BN4LH857"}, {"rfilename": "runs/Jan05_10-24-15_LAPTOP-BN4LH857/events.out.tfevents.1704432255.LAPTOP-BN4LH857"}, {"rfilename": "runs/Jan05_10-28-42_LAPTOP-BN4LH857/events.out.tfevents.1704432522.LAPTOP-BN4LH857"}, {"rfilename": "runs/Jan05_10-36-39_LAPTOP-BN4LH857/events.out.tfevents.1704432999.LAPTOP-BN4LH857"}, {"rfilename": "runs/Jan05_11-21-49_LAPTOP-BN4LH857/events.out.tfevents.1704435710.LAPTOP-BN4LH857"}, {"rfilename": "runs/Jan05_11-26-24_LAPTOP-BN4LH857/events.out.tfevents.1704435984.LAPTOP-BN4LH857"}, {"rfilename": "runs/Jan05_11-29-44_LAPTOP-BN4LH857/events.out.tfevents.1704436185.LAPTOP-BN4LH857"}, {"rfilename": "runs/Jan05_11-51-03_LAPTOP-BN4LH857/events.out.tfevents.1704437463.LAPTOP-BN4LH857"}, {"rfilename": "runs/Jan05_19-05-27_LAPTOP-BN4LH857/events.out.tfevents.1704463531.LAPTOP-BN4LH857"}, {"rfilename": "runs/Jan05_19-13-24_LAPTOP-BN4LH857/events.out.tfevents.1704464005.LAPTOP-BN4LH857"}, {"rfilename": "runs/Jan05_19-39-31_LAPTOP-BN4LH857/events.out.tfevents.1704465571.LAPTOP-BN4LH857"}, {"rfilename": "runs/Jan10_14-26-50_LAPTOP-BN4LH857/events.out.tfevents.1704878813.LAPTOP-BN4LH857"}, {"rfilename": "runs/Jan10_19-41-03_LAPTOP-BN4LH857/events.out.tfevents.1704897666.LAPTOP-BN4LH857"}, {"rfilename": "runs/Jan10_20-16-18_LAPTOP-BN4LH857/events.out.tfevents.1704899779.LAPTOP-BN4LH857"}, {"rfilename": "runs/Jan10_20-36-18_LAPTOP-BN4LH857/events.out.tfevents.1704900978.LAPTOP-BN4LH857"}, {"rfilename": "runs/Jan10_20-44-16_LAPTOP-BN4LH857/events.out.tfevents.1704901456.LAPTOP-BN4LH857"}, {"rfilename": "runs/Jan10_20-46-23_LAPTOP-BN4LH857/events.out.tfevents.1704901588.LAPTOP-BN4LH857"}, {"rfilename": "runs/Jan11_19-27-46_LAPTOP-BN4LH857/events.out.tfevents.1704983271.LAPTOP-BN4LH857"}, {"rfilename": "runs/Jan11_20-38-23_LAPTOP-BN4LH857/events.out.tfevents.1704987503.LAPTOP-BN4LH857"}, {"rfilename": "runs/Jan11_20-50-08_LAPTOP-BN4LH857/events.out.tfevents.1704988208.LAPTOP-BN4LH857"}, {"rfilename": "runs/Jan12_17-08-48_LAPTOP-BN4LH857/events.out.tfevents.1705061331.LAPTOP-BN4LH857"}, {"rfilename": "runs/Jan12_17-23-09_LAPTOP-BN4LH857/events.out.tfevents.1705062190.LAPTOP-BN4LH857"}, {"rfilename": "runs/Jan12_17-56-45_LAPTOP-BN4LH857/events.out.tfevents.1705064207.LAPTOP-BN4LH857"}, {"rfilename": "runs/Jan12_18-01-36_LAPTOP-BN4LH857/events.out.tfevents.1705064498.LAPTOP-BN4LH857"}, {"rfilename": "runs/Jan15_19-00-10_LAPTOP-BN4LH857/events.out.tfevents.1705327213.LAPTOP-BN4LH857"}, {"rfilename": "runs/Jan15_19-07-28_LAPTOP-BN4LH857/events.out.tfevents.1705327648.LAPTOP-BN4LH857"}, {"rfilename": "runs/Jan15_19-19-45_LAPTOP-BN4LH857/events.out.tfevents.1705328385.LAPTOP-BN4LH857"}, {"rfilename": "runs/Jan15_19-28-47_LAPTOP-BN4LH857/events.out.tfevents.1705328927.LAPTOP-BN4LH857"}, {"rfilename": "runs/Jan15_19-40-16_LAPTOP-BN4LH857/events.out.tfevents.1705329616.LAPTOP-BN4LH857"}, {"rfilename": "runs/Jan15_20-20-31_LAPTOP-BN4LH857/events.out.tfevents.1705332043.LAPTOP-BN4LH857"}, {"rfilename": "runs/Jan15_20-29-41_LAPTOP-BN4LH857/events.out.tfevents.1705332581.LAPTOP-BN4LH857"}, {"rfilename": "runs/Jan15_20-46-06_LAPTOP-BN4LH857/events.out.tfevents.1705333566.LAPTOP-BN4LH857"}, {"rfilename": "runs/Jan15_20-58-15_LAPTOP-BN4LH857/events.out.tfevents.1705334295.LAPTOP-BN4LH857"}, {"rfilename": "runs/Jan15_21-13-40_LAPTOP-BN4LH857/events.out.tfevents.1705335220.LAPTOP-BN4LH857"}, {"rfilename": "runs/Jan15_21-21-06_LAPTOP-BN4LH857/events.out.tfevents.1705335666.LAPTOP-BN4LH857"}, {"rfilename": "runs/Jan15_21-50-03_LAPTOP-BN4LH857/events.out.tfevents.1705337404.LAPTOP-BN4LH857"}, {"rfilename": "runs/Jan15_22-06-25_LAPTOP-BN4LH857/events.out.tfevents.1705338388.LAPTOP-BN4LH857"}, {"rfilename": "runs/Jan15_23-24-16_LAPTOP-BN4LH857/events.out.tfevents.1705343057.LAPTOP-BN4LH857"}, {"rfilename": "runs/Jan16_00-05-29_LAPTOP-BN4LH857/events.out.tfevents.1705345533.LAPTOP-BN4LH857"}, {"rfilename": "runs/Jan16_00-08-47_LAPTOP-BN4LH857/events.out.tfevents.1705345729.LAPTOP-BN4LH857"}, {"rfilename": "runs/Jan16_09-56-38_LAPTOP-BN4LH857/events.out.tfevents.1705381001.LAPTOP-BN4LH857"}, {"rfilename": "runs/Jan16_10-07-08_LAPTOP-BN4LH857/events.out.tfevents.1705381629.LAPTOP-BN4LH857"}, {"rfilename": "runs/Jan16_10-16-25_LAPTOP-BN4LH857/events.out.tfevents.1705382185.LAPTOP-BN4LH857"}, {"rfilename": "runs/Jan16_10-35-24_LAPTOP-BN4LH857/events.out.tfevents.1705383325.LAPTOP-BN4LH857"}, {"rfilename": "runs/Jan16_11-01-03_LAPTOP-BN4LH857/events.out.tfevents.1705384865.LAPTOP-BN4LH857"}, {"rfilename": "runs/Jan16_17-01-07_LAPTOP-BN4LH857/events.out.tfevents.1705406600.LAPTOP-BN4LH857"}, {"rfilename": "runs/Jan17_00-02-26_LAPTOP-BN4LH857/events.out.tfevents.1705431769.LAPTOP-BN4LH857"}, {"rfilename": "runs/Jan17_00-03-54_LAPTOP-BN4LH857/events.out.tfevents.1705431836.LAPTOP-BN4LH857"}, {"rfilename": "runs/Jan17_00-22-52_LAPTOP-BN4LH857/events.out.tfevents.1705432977.LAPTOP-BN4LH857"}, {"rfilename": "special_tokens_map.json"}, {"rfilename": "tokenizer.json"}, {"rfilename": "tokenizer_config.json"}, {"rfilename": "training_args.bin"}, {"rfilename": "vocab.txt"}], "spaces": [], "createdAt": "2024-01-16T19:32:49.000Z", "safetensors": {"parameters": {"F32": 66958086}, "total": 66958086}, "inferenceStatus": "not-loaded"}