{"_id": "6597fb30c7a30c638b3dd92a", "id": "G-ML-Hyly/BERT_fine_tuned_fd_cdp_ca", "modelId": "G-ML-Hyly/BERT_fine_tuned_fd_cdp_ca", "author": "G-ML-Hyly", "sha": "92293637850f2f0741f7f22d44fdc1f28f86f01d", "lastModified": "2024-01-05T12:51:06.000Z", "private": false, "disabled": false, "gated": false, "pipeline_tag": "text-classification", "tags": ["transformers", "safetensors", "distilbert", "text-classification", "autotrain_compatible", "endpoints_compatible", "region:us"], "downloads": 2, "library_name": "transformers", "mask_token": "[MASK]", "widgetData": [{"text": "I like you. I love you"}], "likes": 0, "config": {"architectures": ["DistilBertForSequenceClassification"], "model_type": "distilbert", "tokenizer_config": {"cls_token": "[CLS]", "mask_token": "[MASK]", "pad_token": "[PAD]", "sep_token": "[SEP]", "unk_token": "[UNK]"}}, "transformersInfo": {"auto_model": "AutoModelForSequenceClassification", "pipeline_tag": "text-classification", "processor": "AutoTokenizer"}, "siblings": [{"rfilename": ".gitattributes"}, {"rfilename": "config.json"}, {"rfilename": "model.safetensors"}, {"rfilename": "special_tokens_map.json"}, {"rfilename": "tokenizer.json"}, {"rfilename": "tokenizer_config.json"}, {"rfilename": "vocab.txt"}], "spaces": [], "createdAt": "2024-01-05T12:50:56.000Z", "safetensors": {"parameters": {"F32": 66955010}, "total": 66955010}, "inferenceStatus": "not-loaded"}