{"_id": "6647e493691370727c1c165d", "id": "G-R-A-V-I-T-Y/flan-t5-base-samsum", "modelId": "G-R-A-V-I-T-Y/flan-t5-base-samsum", "author": "G-R-A-V-I-T-Y", "sha": "aef35b4507fe567421f3be4e92a32a1673c3664e", "lastModified": "2024-05-17T23:53:18.000Z", "private": false, "disabled": false, "gated": false, "pipeline_tag": "text2text-generation", "tags": ["transformers", "tensorboard", "safetensors", "t5", "text2text-generation", "generated_from_trainer", "dataset:samsum", "base_model:google/flan-t5-base", "license:apache-2.0", "model-index", "autotrain_compatible", "text-generation-inference", "endpoints_compatible", "region:us"], "downloads": 1, "library_name": "transformers", "likes": 0, "model-index": [{"name": "flan-t5-base-samsum", "results": [{"task": {"name": "Sequence-to-sequence Language Modeling", "type": "text2text-generation"}, "dataset": {"name": "samsum", "type": "samsum", "config": "samsum", "split": "test", "args": "samsum"}, "metrics": [{"name": "Rouge1", "type": "rouge", "value": 21.1255, "verified": false}]}]}], "config": {"architectures": ["T5ForConditionalGeneration"], "model_type": "t5", "tokenizer_config": {"eos_token": "</s>", "pad_token": "<pad>", "unk_token": "<unk>"}}, "cardData": {"license": "apache-2.0", "base_model": "google/flan-t5-base", "tags": ["generated_from_trainer"], "datasets": ["samsum"], "metrics": ["rouge"], "model-index": [{"name": "flan-t5-base-samsum", "results": [{"task": {"name": "Sequence-to-sequence Language Modeling", "type": "text2text-generation"}, "dataset": {"name": "samsum", "type": "samsum", "config": "samsum", "split": "test", "args": "samsum"}, "metrics": [{"name": "Rouge1", "type": "rouge", "value": 21.1255, "verified": false}]}]}]}, "transformersInfo": {"auto_model": "AutoModelForSeq2SeqLM", "pipeline_tag": "text2text-generation", "processor": "AutoTokenizer"}, "siblings": [{"rfilename": ".gitattributes"}, {"rfilename": "README.md"}, {"rfilename": "config.json"}, {"rfilename": "generation_config.json"}, {"rfilename": "logs/events.out.tfevents.1715966331.Chris_PC.16476.0"}, {"rfilename": "logs/events.out.tfevents.1715986563.Chris_PC.8044.0"}, {"rfilename": "logs/events.out.tfevents.1715986666.Chris_PC.8044.1"}, {"rfilename": "logs/events.out.tfevents.1715987634.Chris_PC.29664.0"}, {"rfilename": "logs/events.out.tfevents.1715987741.Chris_PC.29664.1"}, {"rfilename": "logs/events.out.tfevents.1715987871.Chris_PC.19116.0"}, {"rfilename": "logs/events.out.tfevents.1715987977.Chris_PC.19116.1"}, {"rfilename": "logs/events.out.tfevents.1715988263.Chris_PC.26680.0"}, {"rfilename": "logs/events.out.tfevents.1715988395.Chris_PC.26680.1"}, {"rfilename": "model.safetensors"}, {"rfilename": "special_tokens_map.json"}, {"rfilename": "spiece.model"}, {"rfilename": "tokenizer.json"}, {"rfilename": "tokenizer_config.json"}, {"rfilename": "training_args.bin"}], "spaces": [], "createdAt": "2024-05-17T23:13:23.000Z", "safetensors": {"parameters": {"F32": 247577856}, "total": 247577856}, "inferenceStatus": "not-loaded"}