{"_id": "6660be31189e16cefc1752f5", "id": "G-R-A-V-I-T-Y/flan-t5-base-Mistral7BI-LORA-V1", "modelId": "G-R-A-V-I-T-Y/flan-t5-base-Mistral7BI-LORA-V1", "author": "G-R-A-V-I-T-Y", "sha": "b11ac77f0498d8cb981e77c8eac2f4687f863cf5", "lastModified": "2024-06-05T19:36:29.000Z", "private": false, "disabled": false, "gated": false, "tags": ["peft", "tensorboard", "safetensors", "generated_from_trainer", "base_model:google/flan-t5-base", "license:apache-2.0", "region:us"], "downloads": 1, "library_name": "peft", "likes": 0, "model-index": [{"name": "flan-t5-base-Mistral7BI-LORA-V1", "results": []}], "config": {"tokenizer_config": {"eos_token": "</s>", "pad_token": "<pad>", "unk_token": "<unk>"}, "peft": {"base_model_name_or_path": "google/flan-t5-base", "task_type": "SEQ_2_SEQ_LM"}}, "cardData": {"license": "apache-2.0", "library_name": "peft", "tags": ["generated_from_trainer"], "base_model": "google/flan-t5-base", "model-index": [{"name": "flan-t5-base-Mistral7BI-LORA-V1", "results": []}]}, "siblings": [{"rfilename": ".gitattributes"}, {"rfilename": "README.md"}, {"rfilename": "adapter_config.json"}, {"rfilename": "adapter_model.safetensors"}, {"rfilename": "logs/events.out.tfevents.1717547420.Chris_PC.15792.0"}, {"rfilename": "logs/events.out.tfevents.1717549304.Chris_PC.15792.1"}, {"rfilename": "logs/events.out.tfevents.1717558969.Chris_PC.5516.0"}, {"rfilename": "special_tokens_map.json"}, {"rfilename": "spiece.model"}, {"rfilename": "tokenizer.json"}, {"rfilename": "tokenizer_config.json"}, {"rfilename": "training_args.bin"}], "spaces": [], "createdAt": "2024-06-05T19:36:17.000Z", "inferenceStatus": "not-loaded"}