{"_id": "6659f033e6bf741ec88e7b23", "id": "G-R-A-V-I-T-Y/flan-t5-base-AR-LORA-V1", "modelId": "G-R-A-V-I-T-Y/flan-t5-base-AR-LORA-V1", "author": "G-R-A-V-I-T-Y", "sha": "1d6ced1c445a3831a04222c62194f8fdcdfc1b0b", "lastModified": "2024-06-02T02:39:11.000Z", "private": false, "disabled": false, "gated": false, "tags": ["peft", "tensorboard", "safetensors", "generated_from_trainer", "base_model:google/flan-t5-base", "license:apache-2.0", "region:us"], "downloads": 3, "library_name": "peft", "likes": 0, "model-index": [{"name": "flan-t5-base-AR-LORA-V1", "results": []}], "config": {"tokenizer_config": {"eos_token": "</s>", "pad_token": "<pad>", "unk_token": "<unk>"}, "peft": {"base_model_name_or_path": "google/flan-t5-base", "task_type": "SEQ_2_SEQ_LM"}}, "cardData": {"license": "apache-2.0", "library_name": "peft", "tags": ["generated_from_trainer"], "base_model": "google/flan-t5-base", "model-index": [{"name": "flan-t5-base-AR-LORA-V1", "results": []}]}, "siblings": [{"rfilename": ".gitattributes"}, {"rfilename": "README.md"}, {"rfilename": "adapter_config.json"}, {"rfilename": "adapter_model.safetensors"}, {"rfilename": "logs/events.out.tfevents.1717109686.Chris_PC.20460.0"}, {"rfilename": "logs/events.out.tfevents.1717168990.Chris_PC.20460.1"}, {"rfilename": "logs/events.out.tfevents.1717169422.Chris_PC.20460.2"}, {"rfilename": "logs/events.out.tfevents.1717170112.Chris_PC.28696.0"}, {"rfilename": "logs/events.out.tfevents.1717170370.Chris_PC.28696.1"}, {"rfilename": "logs/events.out.tfevents.1717278471.Chris_PC.28696.2"}, {"rfilename": "logs/events.out.tfevents.1717295939.Chris_PC.28696.3"}, {"rfilename": "special_tokens_map.json"}, {"rfilename": "spiece.model"}, {"rfilename": "tokenizer.json"}, {"rfilename": "tokenizer_config.json"}, {"rfilename": "training_args.bin"}], "spaces": [], "createdAt": "2024-05-31T15:43:47.000Z", "inferenceStatus": "not-loaded"}