{"_id": "66526403ff6ccc0ef5804be2", "id": "G-R-A-V-I-T-Y/flan-t5-base-ARv1-ARv2", "modelId": "G-R-A-V-I-T-Y/flan-t5-base-ARv1-ARv2", "author": "G-R-A-V-I-T-Y", "sha": "1b093bc1f3fb883ba447a21245bcd72fc455ae77", "lastModified": "2024-05-25T22:46:08.000Z", "private": false, "disabled": false, "gated": false, "pipeline_tag": "text2text-generation", "tags": ["transformers", "tensorboard", "safetensors", "t5", "text2text-generation", "generated_from_trainer", "base_model:G-R-A-V-I-T-Y/flan-t5-base-ARv1", "license:apache-2.0", "autotrain_compatible", "text-generation-inference", "endpoints_compatible", "region:us"], "downloads": 2, "library_name": "transformers", "likes": 0, "model-index": [{"name": "flan-t5-base-ARv1-ARv2", "results": []}], "config": {"architectures": ["T5ForConditionalGeneration"], "model_type": "t5", "tokenizer_config": {"eos_token": "</s>", "pad_token": "<pad>", "unk_token": "<unk>"}}, "cardData": {"license": "apache-2.0", "base_model": "G-R-A-V-I-T-Y/flan-t5-base-ARv1", "tags": ["generated_from_trainer"], "model-index": [{"name": "flan-t5-base-ARv1-ARv2", "results": []}]}, "transformersInfo": {"auto_model": "AutoModelForSeq2SeqLM", "pipeline_tag": "text2text-generation", "processor": "AutoTokenizer"}, "siblings": [{"rfilename": ".gitattributes"}, {"rfilename": "README.md"}, {"rfilename": "config.json"}, {"rfilename": "generation_config.json"}, {"rfilename": "logs/events.out.tfevents.1716667289.Chris_PC.15220.7"}, {"rfilename": "logs/events.out.tfevents.1716674159.Chris_PC.15220.8"}, {"rfilename": "logs/events.out.tfevents.1716674308.Chris_PC.25044.0"}, {"rfilename": "logs/events.out.tfevents.1716675572.Chris_PC.25044.1"}, {"rfilename": "model.safetensors"}, {"rfilename": "special_tokens_map.json"}, {"rfilename": "spiece.model"}, {"rfilename": "tokenizer.json"}, {"rfilename": "tokenizer_config.json"}, {"rfilename": "training_args.bin"}], "spaces": [], "createdAt": "2024-05-25T22:19:47.000Z", "safetensors": {"parameters": {"F32": 247577856}, "total": 247577856}, "inferenceStatus": "not-loaded"}