{"_id": "6435807d79c45fcf1ad9935c", "id": "G-Rahul/whisper-tiny-v2-ta_55", "modelId": "G-Rahul/whisper-tiny-v2-ta_55", "author": "G-Rahul", "sha": "a0e57fdfe0b87328be9a55f9bc8aa29aa342109e", "lastModified": "2023-04-11T16:05:46.000Z", "private": false, "disabled": false, "gated": false, "pipeline_tag": "automatic-speech-recognition", "tags": ["transformers", "pytorch", "tensorboard", "whisper", "automatic-speech-recognition", "generated_from_trainer", "license:apache-2.0", "endpoints_compatible", "region:us"], "downloads": 1, "library_name": "transformers", "likes": 0, "model-index": [{"name": "whisper-tiny-v2-ta_55", "results": []}], "config": {"architectures": ["WhisperForConditionalGeneration"], "model_type": "whisper", "tokenizer_config": {"bos_token": {"__type": "AddedToken", "content": "<|endoftext|>", "lstrip": false, "normalized": true, "rstrip": false, "single_word": false}, "eos_token": {"__type": "AddedToken", "content": "<|endoftext|>", "lstrip": false, "normalized": true, "rstrip": false, "single_word": false}, "pad_token": null, "unk_token": {"__type": "AddedToken", "content": "<|endoftext|>", "lstrip": false, "normalized": true, "rstrip": false, "single_word": false}}}, "cardData": {"license": "apache-2.0", "tags": ["generated_from_trainer"], "metrics": ["wer"], "model-index": [{"name": "whisper-tiny-v2-ta_55", "results": []}]}, "transformersInfo": {"auto_model": "AutoModelForSpeechSeq2Seq", "pipeline_tag": "automatic-speech-recognition", "processor": "AutoProcessor"}, "siblings": [{"rfilename": ".gitattributes"}, {"rfilename": ".gitignore"}, {"rfilename": "README.md"}, {"rfilename": "added_tokens.json"}, {"rfilename": "config.json"}, {"rfilename": "generation_config.json"}, {"rfilename": "merges.txt"}, {"rfilename": "normalizer.json"}, {"rfilename": "preprocessor_config.json"}, {"rfilename": "pytorch_model.bin"}, {"rfilename": "runs/Apr11_15-44-20_129-159-47-80/1681227912.2035084/events.out.tfevents.1681227912.129-159-47-80.68729.3"}, {"rfilename": "runs/Apr11_15-44-20_129-159-47-80/events.out.tfevents.1681227912.129-159-47-80.68729.2"}, {"rfilename": "special_tokens_map.json"}, {"rfilename": "tokenizer_config.json"}, {"rfilename": "training_args.bin"}, {"rfilename": "vocab.json"}], "spaces": [], "createdAt": "2023-04-11T15:45:01.000Z", "inferenceStatus": "not-loaded"}