{"_id": "6618466e7eae03933ff8709d", "id": "G-reen/EXPERIMENT-SFT-m7b2-1-lora", "modelId": "G-reen/EXPERIMENT-SFT-m7b2-1-lora", "author": "G-reen", "sha": "fdc8ba142d7267b295ac5b889e033fa9afb834be", "lastModified": "2024-04-11T21:44:47.000Z", "private": false, "disabled": false, "gated": false, "tags": ["safetensors", "region:us"], "downloads": 0, "likes": 0, "siblings": [{"rfilename": ".gitattributes"}, {"rfilename": "README.md"}, {"rfilename": "adapter_config.json"}, {"rfilename": "adapter_model.safetensors"}], "spaces": [], "createdAt": "2024-04-11T20:22:06.000Z", "inferenceStatus": "not-loaded"}