{"_id": "65b69a2e146b62d67fccc80b", "id": "G-reen/TheatreLM-m7b-v1.0-DPO-GGUF-Q4_K_M", "modelId": "G-reen/TheatreLM-m7b-v1.0-DPO-GGUF-Q4_K_M", "author": "G-reen", "sha": "c5bf03e9d6af55f05172c70ead3b160b246bf6bf", "lastModified": "2024-01-28T18:53:05.000Z", "private": false, "disabled": false, "gated": false, "tags": ["gguf", "region:us"], "downloads": 26, "likes": 0, "siblings": [{"rfilename": ".gitattributes"}, {"rfilename": "README.md"}, {"rfilename": "TheatreLM-m7b-v1.0-DPO-GGUF-Q4_K_M.gguf"}], "spaces": [], "createdAt": "2024-01-28T18:17:18.000Z", "inferenceStatus": "not-loaded"}