{"_id": "65b079da7b63500ee03d2300", "id": "G-reen/TheatreLM-m7b-v1.0-chat-lora-adapter", "modelId": "G-reen/TheatreLM-m7b-v1.0-chat-lora-adapter", "author": "G-reen", "sha": "0e8f0988ef73becd0d69258eb277c1c72218c016", "lastModified": "2024-01-25T01:31:54.000Z", "private": false, "disabled": false, "gated": false, "tags": ["safetensors", "region:us"], "downloads": 0, "likes": 0, "siblings": [{"rfilename": ".gitattributes"}, {"rfilename": "README.md"}, {"rfilename": "adapter_config.json"}, {"rfilename": "adapter_model.safetensors"}], "spaces": [], "createdAt": "2024-01-24T02:45:46.000Z", "inferenceStatus": "not-loaded"}