{"_id": "64aca68709d1b58891de4ebf", "id": "g-rocha1904/distilbert-base-uncased-finetuned-cola", "modelId": "g-rocha1904/distilbert-base-uncased-finetuned-cola", "author": "g-rocha1904", "sha": "f7511fa7365876815047cfab382a4f22d9c4fd88", "lastModified": "2023-07-11T01:47:10.000Z", "private": false, "disabled": false, "gated": false, "pipeline_tag": "text-classification", "tags": ["transformers", "tf", "tensorboard", "distilbert", "text-classification", "generated_from_keras_callback", "license:apache-2.0", "autotrain_compatible", "endpoints_compatible", "region:us"], "downloads": 3, "library_name": "transformers", "mask_token": "[MASK]", "widgetData": [{"text": "I like you. I love you"}], "likes": 0, "model-index": [{"name": "g-rocha1904/distilbert-base-uncased-finetuned-cola", "results": []}], "config": {"architectures": ["DistilBertForSequenceClassification"], "model_type": "distilbert", "tokenizer_config": {"cls_token": "[CLS]", "mask_token": "[MASK]", "pad_token": "[PAD]", "sep_token": "[SEP]", "unk_token": "[UNK]"}}, "cardData": {"license": "apache-2.0", "tags": ["generated_from_keras_callback"], "model-index": [{"name": "g-rocha1904/distilbert-base-uncased-finetuned-cola", "results": []}]}, "transformersInfo": {"auto_model": "AutoModelForSequenceClassification", "pipeline_tag": "text-classification", "processor": "AutoTokenizer"}, "siblings": [{"rfilename": ".gitattributes"}, {"rfilename": "README.md"}, {"rfilename": "config.json"}, {"rfilename": "logs/train/events.out.tfevents.1689036425.f52bb09cbfec.161.0.v2"}, {"rfilename": "logs/train/events.out.tfevents.1689036462.f52bb09cbfec.161.1.v2"}, {"rfilename": "logs/validation/events.out.tfevents.1689037514.f52bb09cbfec.161.2.v2"}, {"rfilename": "special_tokens_map.json"}, {"rfilename": "tf_model.h5"}, {"rfilename": "tokenizer.json"}, {"rfilename": "tokenizer_config.json"}, {"rfilename": "vocab.txt"}], "spaces": [], "createdAt": "2023-07-11T00:47:03.000Z", "inferenceStatus": "not-loaded"}