{"_id": "65bdd9d0b18d4a39b55a7bf7", "id": "g-ronimo/phi-2-OpenHermes-2.5", "modelId": "g-ronimo/phi-2-OpenHermes-2.5", "author": "g-ronimo", "sha": "6e91efdcdc83eea8d0bc432c6698e5779f02fd65", "lastModified": "2024-02-05T17:33:27.000Z", "private": false, "disabled": false, "gated": false, "pipeline_tag": "text-generation", "tags": ["transformers", "safetensors", "phi", "text-generation", "conversational", "custom_code", "dataset:teknium/OpenHermes-2.5", "license:mit", "autotrain_compatible", "text-generation-inference", "endpoints_compatible", "region:us"], "downloads": 585, "library_name": "transformers", "widgetData": [{"text": "Hey my name is Julien! How are you?"}, {"text": "Hey my name is Thomas! How are you?"}, {"text": "Hey my name is Mariama! How are you?"}, {"text": "Hey my name is Clara! How are you?"}, {"text": "Hey my name is Julien! How are you?"}, {"text": "Hi."}], "likes": 10, "model-index": null, "config": {"architectures": ["PhiForCausalLM"], "auto_map": {"AutoConfig": "microsoft/phi-2--configuration_phi.PhiConfig", "AutoModelForCausalLM": "microsoft/phi-2--modeling_phi.PhiForCausalLM"}, "model_type": "phi", "tokenizer_config": {"bos_token": "<|endoftext|>", "chat_template": "{% if not add_generation_prompt is defined %}{% set add_generation_prompt = false %}{% endif %}{% for message in messages %}{{'<|im_start|>' + message['role'] + '\n' + message['content'] + '<|im_end|>' + '\n'}}{% endfor %}{% if add_generation_prompt %}{{ '<|im_start|>assistant\n' }}{% endif %}", "eos_token": "<|im_end|>", "pad_token": "<PAD>", "unk_token": "<|endoftext|>"}}, "cardData": {"library_name": "transformers", "license": "mit", "datasets": ["teknium/OpenHermes-2.5"]}, "transformersInfo": {"auto_model": "AutoModelForCausalLM", "pipeline_tag": "text-generation", "processor": "AutoTokenizer"}, "siblings": [{"rfilename": ".gitattributes"}, {"rfilename": "README.md"}, {"rfilename": "added_tokens.json"}, {"rfilename": "code/qlora.py"}, {"rfilename": "config.json"}, {"rfilename": "generation_config.json"}, {"rfilename": "merges.txt"}, {"rfilename": "model-00001-of-00002.safetensors"}, {"rfilename": "model-00002-of-00002.safetensors"}, {"rfilename": "model.safetensors.index.json"}, {"rfilename": "special_tokens_map.json"}, {"rfilename": "tokenizer.json"}, {"rfilename": "tokenizer_config.json"}, {"rfilename": "vocab.json"}], "spaces": [], "createdAt": "2024-02-03T06:14:40.000Z", "safetensors": {"parameters": {"BF16": 2779683840}, "total": 2779683840}, "inferenceStatus": "not-loaded"}