{"_id": "645df78806166ed4d9e28cf3", "id": "g-singh/aqi-prediction-model", "modelId": "g-singh/aqi-prediction-model", "author": "g-singh", "sha": "5cbe3dec08c27678f6949186f5b66dd79b723591", "lastModified": "2023-05-23T08:17:25.000Z", "private": false, "disabled": false, "gated": false, "tags": ["region:us"], "downloads": 0, "likes": 0, "siblings": [{"rfilename": ".gitattributes"}, {"rfilename": "model.pkl"}], "spaces": ["g-singh/aqi-predict"], "createdAt": "2023-05-12T08:23:36.000Z", "inferenceStatus": "not-loaded"}