{"_id": "62a167fba14606333e4adfc1", "id": "G-WOO/model_150mil-CodeBERTa-small-v1", "modelId": "G-WOO/model_150mil-CodeBERTa-small-v1", "author": "G-WOO", "sha": "8a760eefef9204c948b8d042c0b8e9c5063ee3d2", "lastModified": "2022-06-09T03:25:00.000Z", "private": false, "disabled": false, "gated": false, "pipeline_tag": "text-classification", "tags": ["transformers", "pytorch", "roberta", "text-classification", "autotrain_compatible", "endpoints_compatible", "region:us"], "downloads": 1, "library_name": "transformers", "mask_token": "<mask>", "widgetData": [{"text": "I like you. I love you"}], "likes": 0, "config": {"architectures": ["RobertaForSequenceClassification"], "model_type": "roberta"}, "transformersInfo": {"auto_model": "AutoModelForSequenceClassification", "pipeline_tag": "text-classification", "processor": "AutoTokenizer"}, "siblings": [{"rfilename": ".gitattributes"}, {"rfilename": "config.json"}, {"rfilename": "pytorch_model.bin"}], "spaces": [], "createdAt": "2022-06-09T03:24:43.000Z", "inferenceStatus": "not-loaded"}