{"_id": "63718c22f0fe906bdc59c4b4", "id": "G009/Girl", "modelId": "G009/Girl", "author": "G009", "sha": "63796fbf326ffa18d8a34104f2bda59e5ebb40c5", "lastModified": "2022-11-14T00:30:26.000Z", "private": false, "disabled": false, "gated": false, "tags": ["license:openrail", "region:us"], "downloads": 0, "likes": 0, "model-index": null, "cardData": {"license": "openrail"}, "siblings": [{"rfilename": ".gitattributes"}, {"rfilename": "README.md"}], "spaces": [], "createdAt": "2022-11-14T00:30:26.000Z", "inferenceStatus": "not-loaded"}