{"_id": "64dbe77b210fa7992a7c8d50", "id": "G0sht4v0/Meus_Modelos", "modelId": "G0sht4v0/Meus_Modelos", "author": "G0sht4v0", "sha": "d3c642116cd0661581dc020ed32ea35201b4479d", "lastModified": "2024-05-12T13:39:30.000Z", "private": false, "disabled": false, "gated": false, "tags": ["region:us"], "downloads": 0, "likes": 0, "siblings": [{"rfilename": ".gitattributes"}, {"rfilename": "Gustavo.zip"}, {"rfilename": "Lario.zip"}, {"rfilename": "Mario-do-64.zip"}, {"rfilename": "Pou.zip"}, {"rfilename": "Tijolinho.zip"}, {"rfilename": "boyfriend.zip"}, {"rfilename": "cheezburguer.zip"}, {"rfilename": "cheguei.zip"}, {"rfilename": "denovo-nao.zip"}, {"rfilename": "enderman.zip"}, {"rfilename": "fala-serio.zip"}, {"rfilename": "fredbear.zip"}, {"rfilename": "goofy.zip"}, {"rfilename": "jevil.zip"}, {"rfilename": "los_piguinos.zip"}, {"rfilename": "lufez.zip"}, {"rfilename": "peppino.zip"}, {"rfilename": "pico.zip"}, {"rfilename": "pillager.zip"}, {"rfilename": "pizza.zip"}, {"rfilename": "playtime.zip"}, {"rfilename": "principal.zip"}, {"rfilename": "save-manual.zip"}, {"rfilename": "yoshi.zip"}], "spaces": [], "createdAt": "2023-08-15T21:00:43.000Z", "inferenceStatus": "not-loaded"}