{"_id": "659c4dd95a9dd8cbb6e8be33", "id": "G0sht4v0/tiktok", "modelId": "G0sht4v0/tiktok", "author": "G0sht4v0", "sha": "0e18862fc802107ee687562f2b248483d1c5478f", "lastModified": "2024-01-12T13:39:06.000Z", "private": false, "disabled": false, "gated": false, "tags": ["region:us"], "downloads": 0, "likes": 0, "siblings": [{"rfilename": ".gitattributes"}, {"rfilename": "king.zip"}, {"rfilename": "lufez.zip"}], "spaces": [], "createdAt": "2024-01-08T19:32:41.000Z", "inferenceStatus": "not-loaded"}