{"_id": "6578527ef7d98f6f61164ef3", "id": "G0sht4v0/datasets", "modelId": "G0sht4v0/datasets", "author": "G0sht4v0", "sha": "7873dc48268765e50545035d9dd18b49eaf41b1a", "lastModified": "2024-05-12T11:55:08.000Z", "private": false, "disabled": false, "gated": false, "tags": ["region:us"], "downloads": 0, "likes": 0, "siblings": [{"rfilename": ".gitattributes"}, {"rfilename": "bf-pixel.zip"}, {"rfilename": "boyfriend.zip"}, {"rfilename": "los_piguinos.zip"}, {"rfilename": "pico.zip"}, {"rfilename": "playtime.zip"}, {"rfilename": "principal.zip"}], "spaces": [], "createdAt": "2023-12-12T12:30:54.000Z", "inferenceStatus": "not-loaded"}