{"_id": "6644b93602a823615d0d6cf6", "id": "g0ster/MNIST-practice", "modelId": "g0ster/MNIST-practice", "author": "g0ster", "sha": "714c4750c60943de4fa2aefa39ba0c64c303e9cb", "lastModified": "2024-05-15T14:16:06.000Z", "private": false, "disabled": false, "gated": false, "tags": ["license:mit", "region:us"], "downloads": 0, "likes": 0, "model-index": null, "cardData": {"license": "mit"}, "siblings": [{"rfilename": ".gitattributes"}, {"rfilename": "README.md"}, {"rfilename": "mnist.ipynb"}, {"rfilename": "mnist_test.ipynb"}, {"rfilename": "mnistmodel.pt"}], "spaces": [], "createdAt": "2024-05-15T13:31:34.000Z", "inferenceStatus": "not-loaded"}