{"_id": "645c8f964435a8ae3fc0ada9", "id": "G12345/segformer-b0-finetuned-segments-sidewalk-oct-22-13", "modelId": "G12345/segformer-b0-finetuned-segments-sidewalk-oct-22-13", "author": "G12345", "sha": "69ab49293c49c44ec130ee0cc4964b43cb248ab4", "lastModified": "2023-05-11T07:13:45.000Z", "private": false, "disabled": false, "gated": false, "tags": ["transformers", "pytorch", "segformer", "endpoints_compatible", "region:us"], "downloads": 1, "library_name": "transformers", "likes": 0, "config": {"architectures": ["SegformerForSemanticSegmentation"], "model_type": "segformer"}, "transformersInfo": {"auto_model": "SegformerForSemanticSegmentation", "processor": "AutoImageProcessor"}, "siblings": [{"rfilename": ".gitattributes"}, {"rfilename": "config.json"}, {"rfilename": "preprocessor_config.json"}, {"rfilename": "pytorch_model.bin"}, {"rfilename": "training_args.bin"}], "spaces": [], "createdAt": "2023-05-11T06:47:50.000Z", "inferenceStatus": "not-loaded"}