{"_id": "645c67c3caa32ee39f8f7f3e", "id": "G12345/segformer-b0-finetuned-segments-sidewalk-12", "modelId": "G12345/segformer-b0-finetuned-segments-sidewalk-12", "author": "G12345", "sha": "30b140e3a6818b1d2ea65702c8c8199a107aee09", "lastModified": "2023-05-11T03:57:55.000Z", "private": false, "disabled": false, "gated": false, "tags": ["region:us"], "downloads": 0, "likes": 0, "siblings": [{"rfilename": ".gitattributes"}], "spaces": [], "createdAt": "2023-05-11T03:57:55.000Z", "inferenceStatus": "not-loaded"}