{"_id": "6464a23a4855e06b95013c19", "id": "G12345/segformer-b0-finetuned-segments-sidewalk-oct-22-14", "modelId": "G12345/segformer-b0-finetuned-segments-sidewalk-oct-22-14", "author": "G12345", "sha": "914433799916e0f152b94f1d2dc02189d2bd531c", "lastModified": "2023-05-17T09:45:31.000Z", "private": false, "disabled": false, "gated": false, "tags": ["region:us"], "downloads": 0, "likes": 0, "siblings": [{"rfilename": ".gitattributes"}], "spaces": [], "createdAt": "2023-05-17T09:45:30.000Z", "inferenceStatus": "not-loaded"}