{"_id": "645c6e66a24f01bb0b30fff5", "id": "G12345/segformer-b0-finetuned-segments-sidewalk-oct-22-10", "modelId": "G12345/segformer-b0-finetuned-segments-sidewalk-oct-22-10", "author": "G12345", "sha": "19d615b07cbe3fa73504551a580e1b94c5e4b251", "lastModified": "2023-05-11T06:00:09.000Z", "private": false, "disabled": false, "gated": false, "tags": ["transformers", "pytorch", "segformer", "endpoints_compatible", "region:us"], "downloads": 6, "library_name": "transformers", "likes": 0, "config": {"architectures": ["SegformerForSemanticSegmentation"], "model_type": "segformer"}, "transformersInfo": {"auto_model": "SegformerForSemanticSegmentation", "processor": "AutoImageProcessor"}, "siblings": [{"rfilename": ".gitattributes"}, {"rfilename": "205"}, {"rfilename": "config.json"}, {"rfilename": "preprocessor_config.json"}, {"rfilename": "pytorch_model.bin"}, {"rfilename": "training_args.bin"}], "spaces": [], "createdAt": "2023-05-11T04:26:14.000Z", "inferenceStatus": "not-loaded"}