{"_id": "65ca22aa957afc29ced9539e", "id": "g12ll210/55453ov3", "modelId": "g12ll210/55453ov3", "author": "g12ll210", "sha": "9760c57384d75bec5aba0e48bf32038e6d2fa4ad", "lastModified": "2024-02-12T13:52:43.000Z", "private": false, "disabled": false, "gated": false, "tags": ["license:unknown", "region:us"], "downloads": 0, "likes": 0, "model-index": null, "cardData": {"license": "unknown"}, "siblings": [{"rfilename": ".gitattributes"}, {"rfilename": "README.md"}], "spaces": [], "createdAt": "2024-02-12T13:52:42.000Z", "inferenceStatus": "not-loaded"}