{"_id": "62b0d2f117fa24819dd4462e", "id": "G1AnN1/Hvcxffd", "modelId": "G1AnN1/Hvcxffd", "author": "G1AnN1", "sha": "fdd0f00b3571046ef4148f66a0e4027a849a7e5e", "lastModified": "2022-06-20T20:05:05.000Z", "private": false, "disabled": false, "gated": false, "tags": ["license:afl-3.0", "region:us"], "downloads": 0, "likes": 0, "model-index": null, "cardData": {"license": "afl-3.0"}, "siblings": [{"rfilename": ".gitattributes"}, {"rfilename": "README.md"}], "spaces": [], "createdAt": "2022-06-20T20:05:05.000Z", "inferenceStatus": "not-loaded"}