{"_id": "65fdc63f976ef3991681051e", "id": "G232/Henmix_Real", "modelId": "G232/Henmix_Real", "author": "G232", "sha": "76b20803c2695597b1dfea347ae6e3593f1e503d", "lastModified": "2024-03-23T15:21:44.000Z", "private": false, "disabled": false, "gated": false, "tags": ["region:us"], "downloads": 0, "likes": 1, "siblings": [{"rfilename": ".gitattributes"}, {"rfilename": "cirrostratus_v25.safetensors"}, {"rfilename": "henmixReal_v5c.safetensors"}, {"rfilename": "pornmasterPro_proDPOV1.safetensors"}], "spaces": [], "createdAt": "2024-03-22T17:56:15.000Z", "inferenceStatus": "not-loaded"}