{"_id": "63519ae007eb2953e5a4d810", "id": "g30rv17ys/ddpm-hkuoct-wamd-1000ep", "modelId": "g30rv17ys/ddpm-hkuoct-wamd-1000ep", "author": "g30rv17ys", "sha": "44ec3c701a91a4d01489e16d4fd656b9a778f8d9", "lastModified": "2022-10-20T23:26:06.000Z", "private": false, "disabled": false, "gated": false, "tags": ["diffusers", "tensorboard", "en", "dataset:imagefolder", "license:apache-2.0", "diffusers:DDPMPipeline", "region:us"], "downloads": 0, "library_name": "diffusers", "likes": 0, "model-index": null, "config": {"diffusers": {"_class_name": "DDPMPipeline"}}, "cardData": {"language": "en", "license": "apache-2.0", "library_name": "diffusers", "tags": [], "datasets": "imagefolder", "metrics": []}, "siblings": [{"rfilename": ".gitattributes"}, {"rfilename": ".gitignore"}, {"rfilename": "README.md"}, {"rfilename": "logs/train_example/events.out.tfevents.1666292455.e2e-95-129.714758.0"}, {"rfilename": "model_index.json"}, {"rfilename": "samples/0009.png"}, {"rfilename": "samples/0019.png"}, {"rfilename": "samples/0029.png"}, {"rfilename": "samples/0039.png"}, {"rfilename": "samples/0049.png"}, {"rfilename": "samples/0059.png"}, {"rfilename": "samples/0069.png"}, {"rfilename": "samples/0079.png"}, {"rfilename": "samples/0089.png"}, {"rfilename": "samples/0099.png"}, {"rfilename": "samples/0109.png"}, {"rfilename": "samples/0119.png"}, {"rfilename": "samples/0129.png"}, {"rfilename": "samples/0139.png"}, {"rfilename": "samples/0149.png"}, {"rfilename": "samples/0159.png"}, {"rfilename": "samples/0169.png"}, {"rfilename": "samples/0179.png"}, {"rfilename": "samples/0189.png"}, {"rfilename": "samples/0199.png"}, {"rfilename": "samples/0209.png"}, {"rfilename": "samples/0219.png"}, {"rfilename": "samples/0229.png"}, {"rfilename": "samples/0239.png"}, {"rfilename": "samples/0249.png"}, {"rfilename": "samples/0259.png"}, {"rfilename": "samples/0269.png"}, {"rfilename": "samples/0279.png"}, {"rfilename": "samples/0289.png"}, {"rfilename": "samples/0299.png"}, {"rfilename": "samples/0309.png"}, {"rfilename": "samples/0319.png"}, {"rfilename": "samples/0329.png"}, {"rfilename": "samples/0339.png"}, {"rfilename": "samples/0349.png"}, {"rfilename": "samples/0359.png"}, {"rfilename": "samples/0369.png"}, {"rfilename": "samples/0379.png"}, {"rfilename": "samples/0389.png"}, {"rfilename": "samples/0399.png"}, {"rfilename": "samples/0409.png"}, {"rfilename": "samples/0419.png"}, {"rfilename": "samples/0429.png"}, {"rfilename": "samples/0439.png"}, {"rfilename": "samples/0449.png"}, {"rfilename": "samples/0459.png"}, {"rfilename": "samples/0469.png"}, {"rfilename": "samples/0479.png"}, {"rfilename": "samples/0489.png"}, {"rfilename": "samples/0499.png"}, {"rfilename": "samples/0509.png"}, {"rfilename": "samples/0519.png"}, {"rfilename": "samples/0529.png"}, {"rfilename": "samples/0539.png"}, {"rfilename": "samples/0549.png"}, {"rfilename": "samples/0559.png"}, {"rfilename": "samples/0569.png"}, {"rfilename": "samples/0579.png"}, {"rfilename": "samples/0589.png"}, {"rfilename": "samples/0599.png"}, {"rfilename": "samples/0609.png"}, {"rfilename": "samples/0619.png"}, {"rfilename": "samples/0629.png"}, {"rfilename": "samples/0639.png"}, {"rfilename": "samples/0649.png"}, {"rfilename": "samples/0659.png"}, {"rfilename": "samples/0669.png"}, {"rfilename": "samples/0679.png"}, {"rfilename": "samples/0689.png"}, {"rfilename": "samples/0699.png"}, {"rfilename": "samples/0709.png"}, {"rfilename": "samples/0719.png"}, {"rfilename": "samples/0729.png"}, {"rfilename": "samples/0739.png"}, {"rfilename": "samples/0749.png"}, {"rfilename": "samples/0759.png"}, {"rfilename": "samples/0769.png"}, {"rfilename": "samples/0779.png"}, {"rfilename": "samples/0789.png"}, {"rfilename": "samples/0799.png"}, {"rfilename": "samples/0809.png"}, {"rfilename": "samples/0819.png"}, {"rfilename": "samples/0829.png"}, {"rfilename": "samples/0839.png"}, {"rfilename": "samples/0849.png"}, {"rfilename": "samples/0859.png"}, {"rfilename": "samples/0869.png"}, {"rfilename": "samples/0879.png"}, {"rfilename": "samples/0889.png"}, {"rfilename": "samples/0899.png"}, {"rfilename": "samples/0909.png"}, {"rfilename": "samples/0919.png"}, {"rfilename": "samples/0929.png"}, {"rfilename": "samples/0939.png"}, {"rfilename": "samples/0949.png"}, {"rfilename": "samples/0959.png"}, {"rfilename": "samples/0969.png"}, {"rfilename": "samples/0979.png"}, {"rfilename": "samples/0989.png"}, {"rfilename": "samples/0999.png"}, {"rfilename": "scheduler/scheduler_config.json"}, {"rfilename": "unet/config.json"}, {"rfilename": "unet/diffusion_pytorch_model.bin"}], "spaces": [], "createdAt": "2022-10-20T19:00:48.000Z", "inferenceStatus": "not-loaded"}