{"_id": "6352e22a69bb7b1f63d5ac60", "id": "g30rv17ys/tjkicksmodel3", "modelId": "g30rv17ys/tjkicksmodel3", "author": "g30rv17ys", "sha": "75ced916ff5496f524b0875f9766bb16c53d579c", "lastModified": "2022-10-21T18:17:46.000Z", "private": false, "disabled": false, "gated": false, "tags": ["diffusers", "tensorboard", "en", "dataset:geevegeorge/tjkicksdb3", "license:apache-2.0", "diffusers:AudioDiffusionPipeline", "region:us"], "downloads": 0, "library_name": "diffusers", "likes": 0, "model-index": null, "config": {"diffusers": {"_class_name": "AudioDiffusionPipeline"}}, "cardData": {"language": "en", "license": "apache-2.0", "library_name": "diffusers", "tags": [], "datasets": "geevegeorge/tjkicksdb3", "metrics": []}, "siblings": [{"rfilename": ".gitattributes"}, {"rfilename": ".gitignore"}, {"rfilename": "README.md"}, {"rfilename": "logs/train_unconditional/events.out.tfevents.1666376241.e2e-95-129.974591.0"}, {"rfilename": "model_index.json"}, {"rfilename": "scheduler/scheduler_config.json"}, {"rfilename": "unet/config.json"}, {"rfilename": "unet/diffusion_pytorch_model.bin"}], "spaces": [], "createdAt": "2022-10-21T18:17:14.000Z", "inferenceStatus": "not-loaded"}