{"_id": "63fcbae7abd98a1e107f5653", "id": "g30rv17ys/HKDB_SDFT_Balanced", "modelId": "g30rv17ys/HKDB_SDFT_Balanced", "author": "g30rv17ys", "sha": "fedf69f986631b6062843f4cfd22195fbfc54135", "lastModified": "2023-02-27T14:16:34.000Z", "private": false, "disabled": false, "gated": false, "pipeline_tag": "image-classification", "tags": ["transformers", "pytorch", "tensorboard", "vit", "image-classification", "model-index", "autotrain_compatible", "endpoints_compatible", "region:us"], "downloads": 1, "library_name": "transformers", "likes": 0, "model-index": [{"name": "HKDB_SDFT_Balanced", "results": [{"task": {"name": "Image Classification", "type": "image-classification"}, "metrics": [{"name": "Accuracy", "type": "accuracy", "value": 0.9230769276618958, "verified": false}]}]}], "config": {"architectures": ["ViTForImageClassification"], "model_type": "vit"}, "cardData": {"metrics": ["accuracy"], "model-index": [{"name": "HKDB_SDFT_Balanced", "results": [{"task": {"name": "Image Classification", "type": "image-classification"}, "metrics": [{"name": "Accuracy", "type": "accuracy", "value": 0.9230769276618958, "verified": false}]}]}]}, "transformersInfo": {"auto_model": "AutoModelForImageClassification", "pipeline_tag": "image-classification", "processor": "AutoImageProcessor"}, "siblings": [{"rfilename": ".gitattributes"}, {"rfilename": "README.md"}, {"rfilename": "config.json"}, {"rfilename": "images/HMR.jpeg"}, {"rfilename": "images/RS.jpeg"}, {"rfilename": "images/RVO.jpeg"}, {"rfilename": "images/WAMD.jpeg"}, {"rfilename": "preprocessor_config.json"}, {"rfilename": "pytorch_model.bin"}, {"rfilename": "runs/events.out.tfevents.1677507168.00415d0102e9.695.3"}], "spaces": [], "createdAt": "2023-02-27T14:15:03.000Z", "inferenceStatus": "not-loaded"}