{"_id": "634cdbd988c6b621d3583b0d", "id": "g30rv17ys/Syn10kPlusOG-oct-ViT-Base-8Epochs-v1", "modelId": "g30rv17ys/Syn10kPlusOG-oct-ViT-Base-8Epochs-v1", "author": "g30rv17ys", "sha": "3d6b831f6c34da3d11beda9839729a69ba3b5ed1", "lastModified": "2022-10-17T04:36:50.000Z", "private": false, "disabled": false, "gated": false, "pipeline_tag": "image-classification", "tags": ["transformers", "pytorch", "tensorboard", "vit", "image-classification", "model-index", "autotrain_compatible", "endpoints_compatible", "region:us"], "downloads": 1, "library_name": "transformers", "likes": 0, "model-index": [{"name": "Syn10kPlusOG-oct-ViT-Base-8Epochs-v1", "results": [{"task": {"name": "Image Classification", "type": "image-classification"}, "metrics": [{"name": "Accuracy", "type": "accuracy", "value": 0.8866666555404663, "verified": false}]}]}], "config": {"architectures": ["ViTForImageClassification"], "model_type": "vit"}, "cardData": {"tags": ["image-classification", "pytorch"], "metrics": ["accuracy"], "model-index": [{"name": "Syn10kPlusOG-oct-ViT-Base-8Epochs-v1", "results": [{"task": {"name": "Image Classification", "type": "image-classification"}, "metrics": [{"name": "Accuracy", "type": "accuracy", "value": 0.8866666555404663, "verified": false}]}]}]}, "transformersInfo": {"auto_model": "AutoModelForImageClassification", "pipeline_tag": "image-classification", "processor": "AutoImageProcessor"}, "siblings": [{"rfilename": ".gitattributes"}, {"rfilename": "README.md"}, {"rfilename": "config.json"}, {"rfilename": "preprocessor_config.json"}, {"rfilename": "pytorch_model.bin"}, {"rfilename": "runs/events.out.tfevents.1665980888.6890b63d470c.17.1"}], "spaces": [], "createdAt": "2022-10-17T04:36:41.000Z", "inferenceStatus": "not-loaded"}