{"_id": "6339b98037faf14d3a9759c9", "id": "g30rv17ys/ddpm-geeve-cnv-1500-300ep", "modelId": "g30rv17ys/ddpm-geeve-cnv-1500-300ep", "author": "g30rv17ys", "sha": "79a43bcf6de90537aff43921f5b9983f33ad82ec", "lastModified": "2022-10-03T01:51:32.000Z", "private": false, "disabled": false, "gated": false, "tags": ["diffusers", "tensorboard", "en", "dataset:imagefolder", "license:apache-2.0", "diffusers:DDPMPipeline", "region:us"], "downloads": 0, "library_name": "diffusers", "likes": 0, "model-index": null, "config": {"diffusers": {"_class_name": "DDPMPipeline"}}, "cardData": {"language": "en", "license": "apache-2.0", "library_name": "diffusers", "tags": [], "datasets": "imagefolder", "metrics": []}, "siblings": [{"rfilename": ".gitattributes"}, {"rfilename": ".gitignore"}, {"rfilename": "README.md"}, {"rfilename": "logs/train_example/events.out.tfevents.1664727434.00b4d73cc1ad.18.0"}, {"rfilename": "model_index.json"}, {"rfilename": "samples/0009.png"}, {"rfilename": "samples/0019.png"}, {"rfilename": "samples/0029.png"}, {"rfilename": "samples/0039.png"}, {"rfilename": "samples/0049.png"}, {"rfilename": "samples/0059.png"}, {"rfilename": "samples/0069.png"}, {"rfilename": "samples/0079.png"}, {"rfilename": "samples/0089.png"}, {"rfilename": "samples/0099.png"}, {"rfilename": "samples/0109.png"}, {"rfilename": "samples/0119.png"}, {"rfilename": "samples/0129.png"}, {"rfilename": "samples/0139.png"}, {"rfilename": "samples/0149.png"}, {"rfilename": "samples/0159.png"}, {"rfilename": "samples/0169.png"}, {"rfilename": "samples/0179.png"}, {"rfilename": "samples/0189.png"}, {"rfilename": "samples/0199.png"}, {"rfilename": "samples/0209.png"}, {"rfilename": "samples/0219.png"}, {"rfilename": "samples/0229.png"}, {"rfilename": "samples/0239.png"}, {"rfilename": "samples/0249.png"}, {"rfilename": "samples/0259.png"}, {"rfilename": "samples/0269.png"}, {"rfilename": "samples/0279.png"}, {"rfilename": "samples/0289.png"}, {"rfilename": "samples/0299.png"}, {"rfilename": "scheduler/scheduler_config.json"}, {"rfilename": "unet/config.json"}, {"rfilename": "unet/diffusion_pytorch_model.bin"}], "spaces": [], "createdAt": "2022-10-02T16:17:04.000Z", "inferenceStatus": "not-loaded"}