{"_id": "6362bdc22a84d82a8c9145a3", "id": "g30rv17ys/customdbmodelv4", "modelId": "g30rv17ys/customdbmodelv4", "author": "g30rv17ys", "sha": "9901c7604bff09aa15ed1fc3aa951b4ad7cd0870", "lastModified": "2022-11-03T04:52:22.000Z", "private": false, "disabled": false, "gated": false, "tags": ["diffusers", "tensorboard", "en", "dataset:geevegeorge/customdbv3", "license:apache-2.0", "diffusers:AudioDiffusionPipeline", "region:us"], "downloads": 0, "library_name": "diffusers", "likes": 0, "model-index": null, "config": {"diffusers": {"_class_name": "AudioDiffusionPipeline"}}, "cardData": {"language": "en", "license": "apache-2.0", "library_name": "diffusers", "tags": [], "datasets": "geevegeorge/customdbv3", "metrics": []}, "siblings": [{"rfilename": ".gitattributes"}, {"rfilename": ".gitignore"}, {"rfilename": "README.md"}, {"rfilename": "logs/train_unconditional/events.out.tfevents.1667415498.e2e-95-129.3886654.0"}, {"rfilename": "model_index.json"}, {"rfilename": "scheduler/scheduler_config.json"}, {"rfilename": "unet/config.json"}, {"rfilename": "unet/diffusion_pytorch_model.bin"}], "spaces": [], "createdAt": "2022-11-02T18:58:10.000Z", "inferenceStatus": "not-loaded"}