{"_id": "6346d173b21bd5e350c44ac0", "id": "g30rv17ys/ddpm-geeve-dme-10k-200ep", "modelId": "g30rv17ys/ddpm-geeve-dme-10k-200ep", "author": "g30rv17ys", "sha": "d718fde0b40f0b00bcd7ab14b7534cfec8f500ce", "lastModified": "2022-10-13T05:07:02.000Z", "private": false, "disabled": false, "gated": false, "tags": ["diffusers", "tensorboard", "en", "dataset:imagefolder", "license:apache-2.0", "diffusers:DDPMPipeline", "region:us"], "downloads": 0, "library_name": "diffusers", "likes": 0, "model-index": null, "config": {"diffusers": {"_class_name": "DDPMPipeline"}}, "cardData": {"language": "en", "license": "apache-2.0", "library_name": "diffusers", "tags": [], "datasets": "imagefolder", "metrics": []}, "siblings": [{"rfilename": ".gitattributes"}, {"rfilename": ".gitignore"}, {"rfilename": "README.md"}, {"rfilename": "logs/train_example/events.out.tfevents.1665585530.e2e-95-129.2484792.0"}, {"rfilename": "model_index.json"}, {"rfilename": "samples/0009.png"}, {"rfilename": "samples/0019.png"}, {"rfilename": "samples/0029.png"}, {"rfilename": "samples/0039.png"}, {"rfilename": "samples/0049.png"}, {"rfilename": "samples/0059.png"}, {"rfilename": "samples/0069.png"}, {"rfilename": "samples/0079.png"}, {"rfilename": "samples/0089.png"}, {"rfilename": "samples/0099.png"}, {"rfilename": "samples/0109.png"}, {"rfilename": "samples/0119.png"}, {"rfilename": "samples/0129.png"}, {"rfilename": "samples/0139.png"}, {"rfilename": "samples/0149.png"}, {"rfilename": "samples/0159.png"}, {"rfilename": "samples/0169.png"}, {"rfilename": "samples/0179.png"}, {"rfilename": "samples/0189.png"}, {"rfilename": "samples/0199.png"}, {"rfilename": "scheduler/scheduler_config.json"}, {"rfilename": "unet/config.json"}, {"rfilename": "unet/diffusion_pytorch_model.bin"}], "spaces": [], "createdAt": "2022-10-12T14:38:43.000Z", "inferenceStatus": "not-loaded"}