{"_id": "632b553b0a9dc02985ae5c52", "id": "g30rv17ys/ddpm-geeve-dme-2000-128", "modelId": "g30rv17ys/ddpm-geeve-dme-2000-128", "author": "g30rv17ys", "sha": "8c6ff21b649dbedd42147b8ce7a9d606588e94a4", "lastModified": "2022-09-22T00:01:13.000Z", "private": false, "disabled": false, "gated": false, "tags": ["diffusers", "tensorboard", "en", "dataset:imagefolder", "license:apache-2.0", "diffusers:DDPMPipeline", "region:us"], "downloads": 0, "library_name": "diffusers", "likes": 0, "model-index": null, "config": {"diffusers": {"_class_name": "DDPMPipeline"}}, "cardData": {"language": "en", "license": "apache-2.0", "library_name": "diffusers", "tags": [], "datasets": "imagefolder", "metrics": []}, "siblings": [{"rfilename": ".gitattributes"}, {"rfilename": ".gitignore"}, {"rfilename": "README.md"}, {"rfilename": "logs/train_example/events.out.tfevents.1663784258.0c78126df1a9.71.0"}, {"rfilename": "model_index.json"}, {"rfilename": "samples/0009.png"}, {"rfilename": "samples/0019.png"}, {"rfilename": "samples/0029.png"}, {"rfilename": "samples/0039.png"}, {"rfilename": "samples/0049.png"}, {"rfilename": "samples/0059.png"}, {"rfilename": "samples/0069.png"}, {"rfilename": "samples/0079.png"}, {"rfilename": "samples/0089.png"}, {"rfilename": "samples/0099.png"}, {"rfilename": "samples/0109.png"}, {"rfilename": "samples/0119.png"}, {"rfilename": "samples/0129.png"}, {"rfilename": "samples/0139.png"}, {"rfilename": "samples/0149.png"}, {"rfilename": "scheduler/scheduler_config.json"}, {"rfilename": "unet/config.json"}, {"rfilename": "unet/diffusion_pytorch_model.bin"}], "spaces": [], "createdAt": "2022-09-21T18:17:31.000Z", "inferenceStatus": "not-loaded"}