{"_id": "63e0bf7d6424db8e471c4f5f", "id": "g30rv17ys/OCTFusion-Exp1-HKDB-Unbalanced", "modelId": "g30rv17ys/OCTFusion-Exp1-HKDB-Unbalanced", "author": "g30rv17ys", "sha": "cac4e713389d5f304794e43fd3cb915153980d4b", "lastModified": "2023-02-06T08:51:19.000Z", "private": false, "disabled": false, "gated": false, "pipeline_tag": "image-classification", "tags": ["transformers", "pytorch", "tensorboard", "vit", "image-classification", "model-index", "autotrain_compatible", "endpoints_compatible", "region:us"], "downloads": 1, "library_name": "transformers", "likes": 0, "model-index": [{"name": "OCTFusion-Exp1-HKDB-Unbalanced", "results": [{"task": {"name": "Image Classification", "type": "image-classification"}, "metrics": [{"name": "Accuracy", "type": "accuracy", "value": 0.800000011920929, "verified": false}]}]}], "config": {"architectures": ["ViTForImageClassification"], "model_type": "vit"}, "cardData": {"tags": ["image-classification", "pytorch"], "metrics": ["accuracy"], "model-index": [{"name": "OCTFusion-Exp1-HKDB-Unbalanced", "results": [{"task": {"name": "Image Classification", "type": "image-classification"}, "metrics": [{"name": "Accuracy", "type": "accuracy", "value": 0.800000011920929, "verified": false}]}]}]}, "transformersInfo": {"auto_model": "AutoModelForImageClassification", "pipeline_tag": "image-classification", "processor": "AutoImageProcessor"}, "siblings": [{"rfilename": ".gitattributes"}, {"rfilename": "README.md"}, {"rfilename": "config.json"}, {"rfilename": "preprocessor_config.json"}, {"rfilename": "pytorch_model.bin"}, {"rfilename": "runs/events.out.tfevents.1675673354.7693b7bccc64.23.0"}], "spaces": [], "createdAt": "2023-02-06T08:51:09.000Z", "inferenceStatus": "not-loaded"}