{"_id": "63657c75daa65e06f90f2673", "id": "g30rv17ys/customdbmodelv7", "modelId": "g30rv17ys/customdbmodelv7", "author": "g30rv17ys", "sha": "e9f293959179d00a17f4162b7c76913608d08f3b", "lastModified": "2022-11-05T04:36:37.000Z", "private": false, "disabled": false, "gated": false, "tags": ["diffusers", "tensorboard", "en", "dataset:geevegeorge/customdbv7", "license:apache-2.0", "diffusers:AudioDiffusionPipeline", "region:us"], "downloads": 0, "library_name": "diffusers", "likes": 0, "model-index": null, "config": {"diffusers": {"_class_name": "AudioDiffusionPipeline"}}, "cardData": {"language": "en", "license": "apache-2.0", "library_name": "diffusers", "tags": [], "datasets": "geevegeorge/customdbv7", "metrics": []}, "siblings": [{"rfilename": ".gitattributes"}, {"rfilename": ".gitignore"}, {"rfilename": "README.md"}, {"rfilename": "logs/train_unconditional/events.out.tfevents.1667595388.e2e-95-129.131695.0"}, {"rfilename": "model_index.json"}, {"rfilename": "scheduler/scheduler_config.json"}, {"rfilename": "unet/config.json"}, {"rfilename": "unet/diffusion_pytorch_model.bin"}], "spaces": [], "createdAt": "2022-11-04T20:56:21.000Z", "inferenceStatus": "not-loaded"}