{"_id": "639b6833f33236acff6dc574", "id": "g30rv17ys/ddpm-hkdb-nor-256-200ep", "modelId": "g30rv17ys/ddpm-hkdb-nor-256-200ep", "author": "g30rv17ys", "sha": "e2d6bd06b0a02d7c8bb1c36cffdeccd866a0ad9f", "lastModified": "2022-12-16T03:55:11.000Z", "private": false, "disabled": false, "gated": false, "tags": ["diffusers", "tensorboard", "en", "dataset:imagefolder", "license:apache-2.0", "diffusers:DDPMPipeline", "region:us"], "downloads": 0, "library_name": "diffusers", "likes": 0, "model-index": null, "config": {"diffusers": {"_class_name": "DDPMPipeline"}}, "cardData": {"language": "en", "license": "apache-2.0", "library_name": "diffusers", "tags": [], "datasets": "imagefolder", "metrics": []}, "siblings": [{"rfilename": ".gitattributes"}, {"rfilename": ".gitignore"}, {"rfilename": "README.md"}, {"rfilename": "logs/train_example/events.out.tfevents.1671129184.e2e-95-129.44336.0"}, {"rfilename": "model_index.json"}, {"rfilename": "samples/0009.png"}, {"rfilename": "samples/0019.png"}, {"rfilename": "samples/0029.png"}, {"rfilename": "samples/0039.png"}, {"rfilename": "samples/0049.png"}, {"rfilename": "samples/0059.png"}, {"rfilename": "samples/0069.png"}, {"rfilename": "samples/0079.png"}, {"rfilename": "samples/0089.png"}, {"rfilename": "samples/0099.png"}, {"rfilename": "samples/0109.png"}, {"rfilename": "samples/0119.png"}, {"rfilename": "samples/0129.png"}, {"rfilename": "samples/0139.png"}, {"rfilename": "samples/0149.png"}, {"rfilename": "samples/0159.png"}, {"rfilename": "samples/0169.png"}, {"rfilename": "samples/0179.png"}, {"rfilename": "samples/0189.png"}, {"rfilename": "samples/0199.png"}, {"rfilename": "scheduler/scheduler_config.json"}, {"rfilename": "unet/config.json"}, {"rfilename": "unet/diffusion_pytorch_model.bin"}], "spaces": [], "createdAt": "2022-12-15T18:32:19.000Z", "inferenceStatus": "not-loaded"}