{"_id": "636285acd3be91534c2d47bc", "id": "g30rv17ys/customdbmodelv3", "modelId": "g30rv17ys/customdbmodelv3", "author": "g30rv17ys", "sha": "d52be0b1b7f8ea1a434cf864d91da40eee1fd500", "lastModified": "2022-11-02T16:43:03.000Z", "private": false, "disabled": false, "gated": false, "tags": ["diffusers", "tensorboard", "region:us"], "downloads": 0, "library_name": "diffusers", "likes": 0, "siblings": [{"rfilename": ".gitattributes"}, {"rfilename": ".gitignore"}, {"rfilename": "logs/train_unconditional/events.out.tfevents.1667401139.559b2c93dd5b.673.0"}, {"rfilename": "model_index.json"}, {"rfilename": "scheduler/scheduler_config.json"}, {"rfilename": "unet/config.json"}, {"rfilename": "unet/diffusion_pytorch_model.bin"}], "spaces": [], "createdAt": "2022-11-02T14:58:52.000Z", "inferenceStatus": "not-loaded"}