{"_id": "636422407cf2c0b4f0a1daab", "id": "g30rv17ys/customdbmodelv6", "modelId": "g30rv17ys/customdbmodelv6", "author": "g30rv17ys", "sha": "50a363128e6804e4ddd4af00daab88dd509fb484", "lastModified": "2022-11-04T01:35:01.000Z", "private": false, "disabled": false, "gated": false, "tags": ["diffusers", "tensorboard", "en", "dataset:geevegeorge/customdbv6", "license:apache-2.0", "diffusers:AudioDiffusionPipeline", "region:us"], "downloads": 0, "library_name": "diffusers", "likes": 0, "model-index": null, "config": {"diffusers": {"_class_name": "AudioDiffusionPipeline"}}, "cardData": {"language": "en", "license": "apache-2.0", "library_name": "diffusers", "tags": [], "datasets": "geevegeorge/customdbv6", "metrics": []}, "siblings": [{"rfilename": ".gitattributes"}, {"rfilename": ".gitignore"}, {"rfilename": "README.md"}, {"rfilename": "logs/train_unconditional/events.out.tfevents.1667506759.e2e-95-129.4115146.0"}, {"rfilename": "model_index.json"}, {"rfilename": "scheduler/scheduler_config.json"}, {"rfilename": "unet/config.json"}, {"rfilename": "unet/diffusion_pytorch_model.bin"}], "spaces": [], "createdAt": "2022-11-03T20:19:12.000Z", "inferenceStatus": "not-loaded"}