{"_id": "63348a84259c518276ebe4ad", "id": "g30rv17ys/syn-oct-ViT-Large-8Epochs-35c-run1", "modelId": "g30rv17ys/syn-oct-ViT-Large-8Epochs-35c-run1", "author": "g30rv17ys", "sha": "adc8a051f8265b1475b7479cc05bf5bb1b71be1a", "lastModified": "2022-09-28T17:55:42.000Z", "private": false, "disabled": false, "gated": false, "pipeline_tag": "image-classification", "tags": ["transformers", "pytorch", "tensorboard", "vit", "image-classification", "model-index", "autotrain_compatible", "endpoints_compatible", "region:us"], "downloads": 1, "library_name": "transformers", "likes": 0, "model-index": [{"name": "syn-oct-ViT-Large-8Epochs-35c-run1", "results": [{"task": {"name": "Image Classification", "type": "image-classification"}, "metrics": [{"name": "Accuracy", "type": "accuracy", "value": 0.9435483813285828, "verified": false}]}]}], "config": {"architectures": ["ViTForImageClassification"], "model_type": "vit"}, "cardData": {"tags": ["image-classification", "pytorch"], "metrics": ["accuracy"], "model-index": [{"name": "syn-oct-ViT-Large-8Epochs-35c-run1", "results": [{"task": {"name": "Image Classification", "type": "image-classification"}, "metrics": [{"name": "Accuracy", "type": "accuracy", "value": 0.9435483813285828, "verified": false}]}]}]}, "transformersInfo": {"auto_model": "AutoModelForImageClassification", "pipeline_tag": "image-classification", "processor": "AutoImageProcessor"}, "siblings": [{"rfilename": ".gitattributes"}, {"rfilename": "README.md"}, {"rfilename": "config.json"}, {"rfilename": "preprocessor_config.json"}, {"rfilename": "pytorch_model.bin"}, {"rfilename": "runs/events.out.tfevents.1664386885.fdccdeb3a410.18.0"}], "spaces": [], "createdAt": "2022-09-28T17:55:16.000Z", "inferenceStatus": "not-loaded"}