{"_id": "634cd1cc002a36a2bdba94c6", "id": "g30rv17ys/Syn10k-oct-ViT-Base-8Epochs-v1", "modelId": "g30rv17ys/Syn10k-oct-ViT-Base-8Epochs-v1", "author": "g30rv17ys", "sha": "e2c8c5f34e13885ad29c5c8f0f3dd7b67af59d39", "lastModified": "2022-10-17T03:53:56.000Z", "private": false, "disabled": false, "gated": false, "pipeline_tag": "image-classification", "tags": ["transformers", "pytorch", "tensorboard", "vit", "image-classification", "model-index", "autotrain_compatible", "endpoints_compatible", "region:us"], "downloads": 1, "library_name": "transformers", "likes": 0, "model-index": [{"name": "Syn10k-oct-ViT-Base-8Epochs-v1", "results": [{"task": {"name": "Image Classification", "type": "image-classification"}, "metrics": [{"name": "Accuracy", "type": "accuracy", "value": 0.925000011920929, "verified": false}]}]}], "config": {"architectures": ["ViTForImageClassification"], "model_type": "vit"}, "cardData": {"tags": ["image-classification", "pytorch"], "metrics": ["accuracy"], "model-index": [{"name": "Syn10k-oct-ViT-Base-8Epochs-v1", "results": [{"task": {"name": "Image Classification", "type": "image-classification"}, "metrics": [{"name": "Accuracy", "type": "accuracy", "value": 0.925000011920929, "verified": false}]}]}]}, "transformersInfo": {"auto_model": "AutoModelForImageClassification", "pipeline_tag": "image-classification", "processor": "AutoImageProcessor"}, "siblings": [{"rfilename": ".gitattributes"}, {"rfilename": "README.md"}, {"rfilename": "config.json"}, {"rfilename": "preprocessor_config.json"}, {"rfilename": "pytorch_model.bin"}, {"rfilename": "runs/events.out.tfevents.1665978584.6890b63d470c.17.0"}], "spaces": [], "createdAt": "2022-10-17T03:53:48.000Z", "inferenceStatus": "not-loaded"}