{"_id": "6342ee29aa45ed8ecf9511b7", "id": "g30rv17ys/OG-oct-ViT-Base-8Epochs-v1", "modelId": "g30rv17ys/OG-oct-ViT-Base-8Epochs-v1", "author": "g30rv17ys", "sha": "243d69e8e28e41a0c30c6236d833f7d11de4bcfe", "lastModified": "2022-10-09T15:52:19.000Z", "private": false, "disabled": false, "gated": false, "pipeline_tag": "image-classification", "tags": ["transformers", "pytorch", "tensorboard", "vit", "image-classification", "model-index", "autotrain_compatible", "endpoints_compatible", "region:us"], "downloads": 1, "library_name": "transformers", "likes": 0, "model-index": [{"name": "OG-oct-ViT-Base-8Epochs-v1", "results": [{"task": {"name": "Image Classification", "type": "image-classification"}, "metrics": [{"name": "Accuracy", "type": "accuracy", "value": 0.8333333134651184, "verified": false}]}]}], "config": {"architectures": ["ViTForImageClassification"], "model_type": "vit"}, "cardData": {"tags": ["image-classification", "pytorch"], "metrics": ["accuracy"], "model-index": [{"name": "OG-oct-ViT-Base-8Epochs-v1", "results": [{"task": {"name": "Image Classification", "type": "image-classification"}, "metrics": [{"name": "Accuracy", "type": "accuracy", "value": 0.8333333134651184, "verified": false}]}]}]}, "transformersInfo": {"auto_model": "AutoModelForImageClassification", "pipeline_tag": "image-classification", "processor": "AutoImageProcessor"}, "siblings": [{"rfilename": ".gitattributes"}, {"rfilename": "README.md"}, {"rfilename": "config.json"}, {"rfilename": "preprocessor_config.json"}, {"rfilename": "pytorch_model.bin"}, {"rfilename": "runs/events.out.tfevents.1665330603.fee3106c8d73.17.0"}], "spaces": [], "createdAt": "2022-10-09T15:52:09.000Z", "inferenceStatus": "not-loaded"}