{"_id": "634ada6a3a0cd2d4985faf67", "id": "g30rv17ys/ddpm-geeve-normal-10k-200ep", "modelId": "g30rv17ys/ddpm-geeve-normal-10k-200ep", "author": "g30rv17ys", "sha": "6e0cec51a3e59f704d0aaa7abb542fbb6bc122c7", "lastModified": "2022-10-16T05:34:15.000Z", "private": false, "disabled": false, "gated": false, "tags": ["diffusers", "tensorboard", "en", "dataset:imagefolder", "license:apache-2.0", "diffusers:DDPMPipeline", "region:us"], "downloads": 0, "library_name": "diffusers", "likes": 0, "model-index": null, "config": {"diffusers": {"_class_name": "DDPMPipeline"}}, "cardData": {"language": "en", "license": "apache-2.0", "library_name": "diffusers", "tags": [], "datasets": "imagefolder", "metrics": []}, "siblings": [{"rfilename": ".gitattributes"}, {"rfilename": ".gitignore"}, {"rfilename": "README.md"}, {"rfilename": "logs/train_example/events.out.tfevents.1665849969.e2e-95-129.3443910.0"}, {"rfilename": "model_index.json"}, {"rfilename": "samples/0009.png"}, {"rfilename": "samples/0019.png"}, {"rfilename": "samples/0029.png"}, {"rfilename": "samples/0039.png"}, {"rfilename": "samples/0049.png"}, {"rfilename": "samples/0059.png"}, {"rfilename": "samples/0069.png"}, {"rfilename": "samples/0079.png"}, {"rfilename": "samples/0089.png"}, {"rfilename": "samples/0099.png"}, {"rfilename": "samples/0109.png"}, {"rfilename": "samples/0119.png"}, {"rfilename": "samples/0129.png"}, {"rfilename": "samples/0139.png"}, {"rfilename": "samples/0149.png"}, {"rfilename": "samples/0159.png"}, {"rfilename": "samples/0169.png"}, {"rfilename": "samples/0179.png"}, {"rfilename": "samples/0189.png"}, {"rfilename": "samples/0199.png"}, {"rfilename": "scheduler/scheduler_config.json"}, {"rfilename": "unet/config.json"}, {"rfilename": "unet/diffusion_pytorch_model.bin"}], "spaces": [], "createdAt": "2022-10-15T16:06:02.000Z", "inferenceStatus": "not-loaded"}