{"_id": "633053ee2f289a0e1b18df76", "id": "g30rv17ys/syn-oct-ViT-Large-8Epochs-run1", "modelId": "g30rv17ys/syn-oct-ViT-Large-8Epochs-run1", "author": "g30rv17ys", "sha": "74b40fc63d9f9f2bec7d94a4588289294642cc93", "lastModified": "2022-09-25T13:13:44.000Z", "private": false, "disabled": false, "gated": false, "pipeline_tag": "image-classification", "tags": ["transformers", "pytorch", "tensorboard", "vit", "image-classification", "model-index", "autotrain_compatible", "endpoints_compatible", "region:us"], "downloads": 4, "library_name": "transformers", "likes": 0, "model-index": [{"name": "syn-oct-ViT-Large-8Epochs-run1", "results": [{"task": {"name": "Image Classification", "type": "image-classification"}, "metrics": [{"name": "Accuracy", "type": "accuracy", "value": 0.9666666388511658, "verified": false}]}]}], "config": {"architectures": ["ViTForImageClassification"], "model_type": "vit"}, "cardData": {"tags": ["image-classification", "pytorch"], "metrics": ["accuracy"], "model-index": [{"name": "syn-oct-ViT-Large-8Epochs-run1", "results": [{"task": {"name": "Image Classification", "type": "image-classification"}, "metrics": [{"name": "Accuracy", "type": "accuracy", "value": 0.9666666388511658, "verified": false}]}]}]}, "transformersInfo": {"auto_model": "AutoModelForImageClassification", "pipeline_tag": "image-classification", "processor": "AutoImageProcessor"}, "siblings": [{"rfilename": ".gitattributes"}, {"rfilename": "README.md"}, {"rfilename": "config.json"}, {"rfilename": "preprocessor_config.json"}, {"rfilename": "pytorch_model.bin"}, {"rfilename": "runs/events.out.tfevents.1664110977.19c780d63b94.17.0"}], "spaces": [], "createdAt": "2022-09-25T13:13:18.000Z", "inferenceStatus": "not-loaded"}