{"_id": "64c0718084191336fafde27d", "id": "g3kdigital/b", "modelId": "g3kdigital/b", "author": "g3kdigital", "sha": "8a41c725a8fa07c7cca6d7ac8b579c997b274f54", "lastModified": "2023-07-26T01:06:08.000Z", "private": false, "disabled": false, "gated": false, "tags": ["license:openrail", "region:us"], "downloads": 0, "likes": 0, "model-index": null, "cardData": {"license": "openrail"}, "siblings": [{"rfilename": ".gitattributes"}, {"rfilename": "README.md"}], "spaces": [], "createdAt": "2023-07-26T01:06:08.000Z", "inferenceStatus": "not-loaded"}