{"_id": "6679fa48776e9e9d876a2a8d", "id": "G3LSON/SagaBoys", "modelId": "G3LSON/SagaBoys", "author": "G3LSON", "sha": "878f876a4f196c3c1443119ca6f2aa4f3f3eb31e", "lastModified": "2024-06-24T22:59:20.000Z", "private": false, "disabled": false, "gated": false, "tags": ["license:apache-2.0", "region:us"], "downloads": 0, "likes": 0, "model-index": null, "cardData": {"license": "apache-2.0"}, "siblings": [{"rfilename": ".gitattributes"}, {"rfilename": "README.md"}], "spaces": [], "createdAt": "2024-06-24T22:59:20.000Z", "inferenceStatus": "not-loaded"}