{"_id": "644588e453ecc52f50f414e0", "id": "g5fighter/quevedo", "modelId": "g5fighter/quevedo", "author": "g5fighter", "sha": "c26f36c98f38c3019254fe6fe46dbf03352c81d9", "lastModified": "2023-09-23T11:06:57.000Z", "private": false, "disabled": false, "gated": false, "pipeline_tag": "audio-to-audio", "tags": ["transformers", "music", "art", "audio-to-audio", "endpoints_compatible", "region:us"], "downloads": 1, "library_name": "transformers", "likes": 0, "model-index": null, "config": {}, "cardData": {"pipeline_tag": "audio-to-audio", "tags": ["music", "art"]}, "transformersInfo": {"auto_model": "AutoModel"}, "siblings": [{"rfilename": ".gitattributes"}, {"rfilename": "G_777.pth"}, {"rfilename": "README.md"}, {"rfilename": "config.json"}, {"rfilename": "so_vits_svc_fork.log"}], "spaces": [], "createdAt": "2023-04-23T19:37:08.000Z", "inferenceStatus": "not-loaded"}