{"_id": "63c25cb3aa5c9b84170463dd", "id": "G80/detr-resnet-50_finetuned_cppe5", "modelId": "G80/detr-resnet-50_finetuned_cppe5", "author": "G80", "sha": "ac6b75409f4830c26a3214b83ab67257699c1f7b", "lastModified": "2023-01-14T08:15:27.000Z", "private": false, "disabled": false, "gated": false, "pipeline_tag": "object-detection", "tags": ["transformers", "pytorch", "tensorboard", "detr", "object-detection", "generated_from_trainer", "dataset:cppe-5", "license:apache-2.0", "endpoints_compatible", "region:us"], "downloads": 1, "library_name": "transformers", "likes": 0, "model-index": [{"name": "detr-resnet-50_finetuned_cppe5", "results": []}], "config": {"architectures": ["DetrForObjectDetection"], "model_type": "detr"}, "cardData": {"license": "apache-2.0", "tags": ["generated_from_trainer"], "datasets": ["cppe-5"], "model-index": [{"name": "detr-resnet-50_finetuned_cppe5", "results": []}]}, "transformersInfo": {"auto_model": "AutoModelForObjectDetection", "pipeline_tag": "object-detection", "processor": "AutoImageProcessor"}, "siblings": [{"rfilename": ".gitattributes"}, {"rfilename": ".gitignore"}, {"rfilename": "README.md"}, {"rfilename": "config.json"}, {"rfilename": "preprocessor_config.json"}, {"rfilename": "pytorch_model.bin"}, {"rfilename": "runs/Jan14_07-41-23_6832a173c04c/1673682105.7650626/events.out.tfevents.1673682105.6832a173c04c.662.1"}, {"rfilename": "runs/Jan14_07-41-23_6832a173c04c/events.out.tfevents.1673682105.6832a173c04c.662.0"}, {"rfilename": "training_args.bin"}], "spaces": [], "createdAt": "2023-01-14T07:41:39.000Z", "inferenceStatus": "not-loaded"}