{"_id": "63d944b9ce501245c0702dfd", "id": "g8a9/roberta-tiny-10M", "modelId": "g8a9/roberta-tiny-10M", "author": "g8a9", "sha": "ca35cfc6404ae93a50ff0761b8445e65d77bb341", "lastModified": "2023-02-14T11:01:05.000Z", "private": false, "disabled": false, "gated": false, "pipeline_tag": "fill-mask", "tags": ["transformers", "pytorch", "tensorboard", "roberta", "fill-mask", "generated_from_trainer", "autotrain_compatible", "endpoints_compatible", "region:us"], "downloads": 1, "library_name": "transformers", "mask_token": "<mask>", "widgetData": [{"text": "Paris is the <mask> of France."}, {"text": "The goal of life is <mask>."}], "likes": 1, "model-index": [{"name": "roberta-tiny-10M", "results": []}], "config": {"architectures": ["RobertaForMaskedLM"], "model_type": "roberta", "tokenizer_config": {"bos_token": "<s>", "cls_token": "<s>", "eos_token": "</s>", "mask_token": "<mask>", "pad_token": "<pad>", "sep_token": "</s>", "unk_token": "<unk>"}}, "cardData": {"tags": ["generated_from_trainer"], "metrics": ["accuracy"], "model-index": [{"name": "roberta-tiny-10M", "results": []}]}, "transformersInfo": {"auto_model": "AutoModelForMaskedLM", "pipeline_tag": "fill-mask", "processor": "AutoTokenizer"}, "siblings": [{"rfilename": ".gitattributes"}, {"rfilename": ".gitignore"}, {"rfilename": "README.md"}, {"rfilename": "all_results.json"}, {"rfilename": "best_trial.txt"}, {"rfilename": "config.json"}, {"rfilename": "emissions.csv"}, {"rfilename": "eval_results.json"}, {"rfilename": "merges.txt"}, {"rfilename": "pytorch_model.bin"}, {"rfilename": "runs/Feb14_00-12-10_monica.sm.unibocconi.it/1676330009.9275696/events.out.tfevents.1676330009.monica.sm.unibocconi.it.4164817.1"}, {"rfilename": "runs/Feb14_00-12-10_monica.sm.unibocconi.it/events.out.tfevents.1676330009.monica.sm.unibocconi.it.4164817.0"}, {"rfilename": "runs/Feb14_00-12-10_monica.sm.unibocconi.it/events.out.tfevents.1676372443.monica.sm.unibocconi.it.4164817.2"}, {"rfilename": "special_tokens_map.json"}, {"rfilename": "tokenizer.json"}, {"rfilename": "tokenizer_config.json"}, {"rfilename": "train_results.json"}, {"rfilename": "trainer_state.json"}, {"rfilename": "training_args.bin"}, {"rfilename": "vocab.json"}], "spaces": [], "createdAt": "2023-01-31T16:41:29.000Z", "inferenceStatus": "not-loaded"}