{"_id": "6294bea3f937190946df5a78", "id": "g8a9/bert-base-italian-cased_ami20", "modelId": "g8a9/bert-base-italian-cased_ami20", "author": "g8a9", "sha": "69caa4ec07bea9e93aefbe91cc3e729d81f00d21", "lastModified": "2022-05-30T12:55:07.000Z", "private": false, "disabled": false, "gated": false, "pipeline_tag": "text-classification", "tags": ["transformers", "pytorch", "bert", "text-classification", "autotrain_compatible", "endpoints_compatible", "region:us"], "downloads": 4, "library_name": "transformers", "mask_token": "[MASK]", "widgetData": [{"text": "I like you. I love you"}], "likes": 0, "config": {"architectures": ["BertForSequenceClassification"], "model_type": "bert"}, "transformersInfo": {"auto_model": "AutoModelForSequenceClassification", "pipeline_tag": "text-classification", "processor": "AutoTokenizer"}, "siblings": [{"rfilename": ".gitattributes"}, {"rfilename": "config.json"}, {"rfilename": "pytorch_model.bin"}], "spaces": [], "createdAt": "2022-05-30T12:54:59.000Z", "inferenceStatus": "not-loaded"}