{"_id": "63eea8d783dab7ab07bbf66c", "id": "g8a9/roberta-tiny-8l-10M", "modelId": "g8a9/roberta-tiny-8l-10M", "author": "g8a9", "sha": "191c1bcc434e997518257e0f1c19f417e31bccbc", "lastModified": "2023-02-17T01:15:57.000Z", "private": false, "disabled": false, "gated": false, "pipeline_tag": "fill-mask", "tags": ["transformers", "pytorch", "tensorboard", "roberta", "fill-mask", "generated_from_trainer", "autotrain_compatible", "endpoints_compatible", "region:us"], "downloads": 1, "library_name": "transformers", "mask_token": "<mask>", "widgetData": [{"text": "Paris is the <mask> of France."}, {"text": "The goal of life is <mask>."}], "likes": 0, "model-index": [{"name": "roberta-tiny-8l-10M", "results": []}], "config": {"architectures": ["RobertaForMaskedLM"], "model_type": "roberta", "tokenizer_config": {"bos_token": "<s>", "cls_token": "<s>", "eos_token": "</s>", "mask_token": "<mask>", "pad_token": "<pad>", "sep_token": "</s>", "unk_token": "<unk>"}}, "cardData": {"tags": ["generated_from_trainer"], "metrics": ["accuracy"], "model-index": [{"name": "roberta-tiny-8l-10M", "results": []}]}, "transformersInfo": {"auto_model": "AutoModelForMaskedLM", "pipeline_tag": "fill-mask", "processor": "AutoTokenizer"}, "siblings": [{"rfilename": ".gitattributes"}, {"rfilename": ".gitignore"}, {"rfilename": "README.md"}, {"rfilename": "all_results.json"}, {"rfilename": "config.json"}, {"rfilename": "emissions.csv"}, {"rfilename": "eval_results.json"}, {"rfilename": "merges.txt"}, {"rfilename": "pytorch_model.bin"}, {"rfilename": "runs/Feb16_23-05-57_monica.sm.unibocconi.it/1676585181.8824654/events.out.tfevents.1676585181.monica.sm.unibocconi.it.1910604.1"}, {"rfilename": "runs/Feb16_23-05-57_monica.sm.unibocconi.it/events.out.tfevents.1676585181.monica.sm.unibocconi.it.1910604.0"}, {"rfilename": "runs/Feb16_23-05-57_monica.sm.unibocconi.it/events.out.tfevents.1676596535.monica.sm.unibocconi.it.1910604.2"}, {"rfilename": "special_tokens_map.json"}, {"rfilename": "tokenizer.json"}, {"rfilename": "tokenizer_config.json"}, {"rfilename": "train_results.json"}, {"rfilename": "trainer_state.json"}, {"rfilename": "training_args.bin"}, {"rfilename": "vocab.json"}], "spaces": [], "createdAt": "2023-02-16T22:06:15.000Z", "inferenceStatus": "not-loaded"}