{"_id": "621ffdc136468d709f17b310", "id": "g8a9/vit-geppetto-captioning", "modelId": "g8a9/vit-geppetto-captioning", "author": "g8a9", "sha": "7f05a9fc08fdfc88d676fb17232fdd5a98b608ec", "lastModified": "2021-11-29T09:57:21.000Z", "private": false, "disabled": false, "gated": false, "tags": ["transformers", "pytorch", "vision-encoder-decoder", "endpoints_compatible", "region:us"], "downloads": 1, "library_name": "transformers", "likes": 0, "config": {"architectures": ["VisionEncoderDecoderModel"], "model_type": "vision-encoder-decoder", "tokenizer_config": {"unk_token": {"content": "<|endoftext|>", "single_word": false, "lstrip": false, "rstrip": false, "normalized": true, "__type": "AddedToken"}, "bos_token": {"content": "<|endoftext|>", "single_word": false, "lstrip": false, "rstrip": false, "normalized": true, "__type": "AddedToken"}, "eos_token": {"content": "<|endoftext|>", "single_word": false, "lstrip": false, "rstrip": false, "normalized": true, "__type": "AddedToken"}}}, "transformersInfo": {"auto_model": "AutoModel", "processor": "AutoTokenizer"}, "siblings": [{"rfilename": ".gitattributes"}, {"rfilename": "added_tokens.json"}, {"rfilename": "config.json"}, {"rfilename": "merges.txt"}, {"rfilename": "preprocessor_config.json"}, {"rfilename": "pytorch_model.bin"}, {"rfilename": "special_tokens_map.json"}, {"rfilename": "tokenizer.json"}, {"rfilename": "tokenizer_config.json"}, {"rfilename": "vocab.json"}], "spaces": ["g8a9/vit-gpt-italian-captioning"], "createdAt": "2022-03-02T23:29:05.000Z", "inferenceStatus": "not-loaded"}