{"_id": "63ed5fb2eba811fd64350bf2", "id": "g8a9/roberta-tiny-4l-10M", "modelId": "g8a9/roberta-tiny-4l-10M", "author": "g8a9", "sha": "18fd09c2b9c8defad3216e33ff9e58f465cd6772", "lastModified": "2023-02-16T01:45:04.000Z", "private": false, "disabled": false, "gated": false, "pipeline_tag": "fill-mask", "tags": ["transformers", "pytorch", "tensorboard", "roberta", "fill-mask", "generated_from_trainer", "autotrain_compatible", "endpoints_compatible", "region:us"], "downloads": 2, "library_name": "transformers", "mask_token": "<mask>", "widgetData": [{"text": "Paris is the <mask> of France."}, {"text": "The goal of life is <mask>."}], "likes": 0, "model-index": [{"name": "roberta-tiny-4l-10M", "results": []}], "config": {"architectures": ["RobertaForMaskedLM"], "model_type": "roberta", "tokenizer_config": {"bos_token": "<s>", "cls_token": "<s>", "eos_token": "</s>", "mask_token": "<mask>", "pad_token": "<pad>", "sep_token": "</s>", "unk_token": "<unk>"}}, "cardData": {"tags": ["generated_from_trainer"], "metrics": ["accuracy"], "model-index": [{"name": "roberta-tiny-4l-10M", "results": []}]}, "transformersInfo": {"auto_model": "AutoModelForMaskedLM", "pipeline_tag": "fill-mask", "processor": "AutoTokenizer"}, "siblings": [{"rfilename": ".gitattributes"}, {"rfilename": ".gitignore"}, {"rfilename": "README.md"}, {"rfilename": "all_results.json"}, {"rfilename": "config.json"}, {"rfilename": "emissions.csv"}, {"rfilename": "eval_results.json"}, {"rfilename": "merges.txt"}, {"rfilename": "pytorch_model.bin"}, {"rfilename": "runs/Feb15_23-41-37_monica.sm.unibocconi.it/1676500920.3926218/events.out.tfevents.1676500920.monica.sm.unibocconi.it.1476047.1"}, {"rfilename": "runs/Feb15_23-41-37_monica.sm.unibocconi.it/events.out.tfevents.1676500920.monica.sm.unibocconi.it.1476047.0"}, {"rfilename": "runs/Feb15_23-43-00_monica.sm.unibocconi.it/1676500999.9689746/events.out.tfevents.1676500999.monica.sm.unibocconi.it.1476666.1"}, {"rfilename": "runs/Feb15_23-43-00_monica.sm.unibocconi.it/events.out.tfevents.1676500999.monica.sm.unibocconi.it.1476666.0"}, {"rfilename": "runs/Feb15_23-43-00_monica.sm.unibocconi.it/events.out.tfevents.1676511884.monica.sm.unibocconi.it.1476666.2"}, {"rfilename": "special_tokens_map.json"}, {"rfilename": "tokenizer.json"}, {"rfilename": "tokenizer_config.json"}, {"rfilename": "train_results.json"}, {"rfilename": "trainer_state.json"}, {"rfilename": "training_args.bin"}, {"rfilename": "vocab.json"}], "spaces": [], "createdAt": "2023-02-15T22:41:54.000Z", "inferenceStatus": "not-loaded"}