{"_id": "6605150d3b5605dcf7ef96d2", "id": "G999n/finetunedPYTHON_starcoder2", "modelId": "G999n/finetunedPYTHON_starcoder2", "author": "G999n", "sha": "04797ad9a12596203372c677bd68bbff2521d287", "lastModified": "2024-03-28T07:00:33.000Z", "private": false, "disabled": false, "gated": false, "tags": ["peft", "safetensors", "trl", "sft", "generated_from_trainer", "base_model:bigcode/starcoder2-3b", "license:bigcode-openrail-m", "region:us"], "downloads": 0, "library_name": "peft", "likes": 0, "model-index": [{"name": "finetunedPYTHON_starcoder2", "results": []}], "config": {"tokenizer_config": {"bos_token": "<|endoftext|>", "eos_token": "<|endoftext|>", "pad_token": "<|endoftext|>", "unk_token": "<|endoftext|>"}, "peft": {"base_model_name_or_path": "bigcode/starcoder2-3b", "task_type": "CAUSAL_LM"}}, "cardData": {"license": "bigcode-openrail-m", "library_name": "peft", "tags": ["trl", "sft", "generated_from_trainer"], "base_model": "bigcode/starcoder2-3b", "model-index": [{"name": "finetunedPYTHON_starcoder2", "results": []}]}, "siblings": [{"rfilename": ".gitattributes"}, {"rfilename": "README.md"}, {"rfilename": "adapter_config.json"}, {"rfilename": "adapter_model.safetensors"}, {"rfilename": "final_checkpoint/config.json"}, {"rfilename": "final_checkpoint/generation_config.json"}, {"rfilename": "final_checkpoint/model.safetensors"}, {"rfilename": "merges.txt"}, {"rfilename": "special_tokens_map.json"}, {"rfilename": "tokenizer.json"}, {"rfilename": "tokenizer_config.json"}, {"rfilename": "training_args.bin"}, {"rfilename": "vocab.json"}], "spaces": [], "createdAt": "2024-03-28T06:58:21.000Z", "inferenceStatus": "not-loaded"}