{"_id": "66860b79bf8002d8e3f698e2", "id": "G9nine/vit-base-beans-demo-v5", "modelId": "G9nine/vit-base-beans-demo-v5", "author": "G9nine", "sha": "68ab80fc2d1912b953821cfac6191de6c6be0e5e", "lastModified": "2024-07-04T02:42:40.000Z", "private": false, "disabled": false, "gated": false, "pipeline_tag": "image-classification", "tags": ["transformers", "tensorboard", "safetensors", "vit", "image-classification", "ViT", "generated_from_trainer", "base_model:google/vit-base-patch16-224-in21k", "license:apache-2.0", "autotrain_compatible", "endpoints_compatible", "region:us"], "downloads": 2, "library_name": "transformers", "likes": 0, "model-index": [{"name": "vit-base-beans-demo-v5", "results": []}], "config": {"architectures": ["ViTForImageClassification"], "model_type": "vit"}, "cardData": {"license": "apache-2.0", "base_model": "google/vit-base-patch16-224-in21k", "tags": ["image-classification", "ViT", "generated_from_trainer"], "metrics": ["accuracy"], "model-index": [{"name": "vit-base-beans-demo-v5", "results": []}]}, "transformersInfo": {"auto_model": "AutoModelForImageClassification", "pipeline_tag": "image-classification", "processor": "AutoImageProcessor"}, "siblings": [{"rfilename": ".gitattributes"}, {"rfilename": "README.md"}, {"rfilename": "all_results.json"}, {"rfilename": "config.json"}, {"rfilename": "model.safetensors"}, {"rfilename": "preprocessor_config.json"}, {"rfilename": "runs/Jul04_01-50-28_d7a7610b417f/events.out.tfevents.1720059243.d7a7610b417f.3894.0"}, {"rfilename": "runs/Jul04_01-50-28_d7a7610b417f/events.out.tfevents.1720059367.d7a7610b417f.3894.1"}, {"rfilename": "runs/Jul04_01-50-28_d7a7610b417f/events.out.tfevents.1720059520.d7a7610b417f.3894.2"}, {"rfilename": "runs/Jul04_01-50-28_d7a7610b417f/events.out.tfevents.1720059741.d7a7610b417f.3894.3"}, {"rfilename": "runs/Jul04_01-50-28_d7a7610b417f/events.out.tfevents.1720060010.d7a7610b417f.3894.4"}, {"rfilename": "text_results.json"}, {"rfilename": "train_results.json"}, {"rfilename": "trainer_state.json"}, {"rfilename": "training_args.bin"}], "spaces": [], "createdAt": "2024-07-04T02:39:53.000Z", "safetensors": {"parameters": {"F32": 85800963}, "total": 85800963}, "inferenceStatus": "not-loaded"}