{"_id": "621ffdc136468d709f17b313", "id": "g9rant/wav2vec2-large-xls-r-300m-en-colab", "modelId": "g9rant/wav2vec2-large-xls-r-300m-en-colab", "author": "g9rant", "sha": "540679bdfcea93468beb3eedc53430f7d96a7ad5", "lastModified": "2021-12-16T00:40:30.000Z", "private": false, "disabled": false, "gated": false, "tags": ["tensorboard", "region:us"], "downloads": 0, "likes": 0, "config": {"tokenizer_config": {"unk_token": "[UNK]", "bos_token": "<s>", "eos_token": "</s>", "pad_token": "[PAD]"}}, "siblings": [{"rfilename": ".gitattributes"}, {"rfilename": ".gitignore"}, {"rfilename": "added_tokens.json"}, {"rfilename": "runs/Dec16_02-50-36_local-server-2/1639603982.692795/events.out.tfevents.1639603982.local-server-2.241479.1"}, {"rfilename": "runs/Dec16_02-50-36_local-server-2/events.out.tfevents.1639603982.local-server-2.241479.0"}, {"rfilename": "special_tokens_map.json"}, {"rfilename": "tokenizer_config.json"}, {"rfilename": "vocab.json"}], "spaces": [], "createdAt": "2022-03-02T23:29:05.000Z", "inferenceStatus": "not-loaded"}