{"_id": "621ffdc136468d709f17b311", "id": "g9rant/wav2vec2-base-timit-demo-colab", "modelId": "g9rant/wav2vec2-base-timit-demo-colab", "author": "g9rant", "sha": "03452f2e6bd24e7c5550817897a8f66b2480d4a6", "lastModified": "2021-12-15T09:43:16.000Z", "private": false, "disabled": false, "gated": false, "tags": ["region:us"], "downloads": 0, "likes": 0, "config": {"tokenizer_config": {"unk_token": "[UNK]", "bos_token": "<s>", "eos_token": "</s>", "pad_token": "[PAD]"}}, "siblings": [{"rfilename": ".gitattributes"}, {"rfilename": "special_tokens_map.json"}, {"rfilename": "tokenizer_config.json"}, {"rfilename": "vocab.json"}], "spaces": [], "createdAt": "2022-03-02T23:29:05.000Z", "inferenceStatus": "not-loaded"}