{"_id": "65ac93c4abf6d1ccb712c577", "id": "ga1asta/dave", "modelId": "ga1asta/dave", "author": "ga1asta", "sha": "9f3f8251c3ea30fc5972e3b441229815df85dbd2", "lastModified": "2024-01-21T03:47:41.000Z", "private": false, "disabled": false, "gated": false, "tags": ["license:isc", "region:us"], "downloads": 0, "likes": 0, "model-index": null, "cardData": {"license": "isc"}, "siblings": [{"rfilename": ".gitattributes"}, {"rfilename": "DavyToon.zip"}, {"rfilename": "README.md"}], "spaces": [], "createdAt": "2024-01-21T03:47:16.000Z", "inferenceStatus": "not-loaded"}