{"_id": "63bb54609a85232538e3dcca", "id": "gaalocastillo/wav2vec2-large-xls-r-300m-asp-project-bribri", "modelId": "gaalocastillo/wav2vec2-large-xls-r-300m-asp-project-bribri", "author": "gaalocastillo", "sha": "e21b83bdf666b66476db6a2c53b4c345bfe52655", "lastModified": "2023-01-09T00:12:44.000Z", "private": false, "disabled": false, "gated": false, "pipeline_tag": "automatic-speech-recognition", "tags": ["transformers", "pytorch", "tensorboard", "wav2vec2", "automatic-speech-recognition", "generated_from_trainer", "license:apache-2.0", "endpoints_compatible", "region:us"], "downloads": 1, "library_name": "transformers", "likes": 0, "model-index": [{"name": "wav2vec2-large-xls-r-300m-asp-project-bribri", "results": []}], "config": {"architectures": ["Wav2Vec2ForCTC"], "model_type": "wav2vec2", "tokenizer_config": {"bos_token": "<s>", "eos_token": "</s>", "pad_token": "[PAD]", "unk_token": "[UNK]"}}, "cardData": {"license": "apache-2.0", "tags": ["generated_from_trainer"], "model-index": [{"name": "wav2vec2-large-xls-r-300m-asp-project-bribri", "results": []}]}, "transformersInfo": {"auto_model": "AutoModelForCTC", "pipeline_tag": "automatic-speech-recognition", "processor": "AutoProcessor"}, "siblings": [{"rfilename": ".gitattributes"}, {"rfilename": ".gitignore"}, {"rfilename": "README.md"}, {"rfilename": "config.json"}, {"rfilename": "preprocessor_config.json"}, {"rfilename": "pytorch_model.bin"}, {"rfilename": "runs/Jan08_23-48-25_605d2eef2630/1673221730.8502593/events.out.tfevents.1673221730.605d2eef2630.206.4"}, {"rfilename": "runs/Jan08_23-48-25_605d2eef2630/events.out.tfevents.1673221730.605d2eef2630.206.3"}, {"rfilename": "special_tokens_map.json"}, {"rfilename": "tokenizer_config.json"}, {"rfilename": "training_args.bin"}, {"rfilename": "vocab.json"}], "spaces": [], "createdAt": "2023-01-08T23:40:16.000Z", "inferenceStatus": "not-loaded"}