{"_id": "63bb8a13f948864bc8ef144f", "id": "gaalocastillo/wav2vec2-large-xls-r-300m-asp-project-quechua", "modelId": "gaalocastillo/wav2vec2-large-xls-r-300m-asp-project-quechua", "author": "gaalocastillo", "sha": "8d4ed3153bcdb5f6c3f62ab0bf75f2f56629e595", "lastModified": "2023-01-09T04:03:35.000Z", "private": false, "disabled": false, "gated": false, "pipeline_tag": "automatic-speech-recognition", "tags": ["transformers", "pytorch", "tensorboard", "wav2vec2", "automatic-speech-recognition", "generated_from_trainer", "license:apache-2.0", "endpoints_compatible", "region:us"], "downloads": 1, "library_name": "transformers", "likes": 0, "model-index": [{"name": "wav2vec2-large-xls-r-300m-asp-project-quechua", "results": []}], "config": {"architectures": ["Wav2Vec2ForCTC"], "model_type": "wav2vec2", "tokenizer_config": {"bos_token": "<s>", "eos_token": "</s>", "pad_token": "[PAD]", "unk_token": "[UNK]"}}, "cardData": {"license": "apache-2.0", "tags": ["generated_from_trainer"], "model-index": [{"name": "wav2vec2-large-xls-r-300m-asp-project-quechua", "results": []}]}, "transformersInfo": {"auto_model": "AutoModelForCTC", "pipeline_tag": "automatic-speech-recognition", "processor": "AutoProcessor"}, "siblings": [{"rfilename": ".gitattributes"}, {"rfilename": ".gitignore"}, {"rfilename": "README.md"}, {"rfilename": "config.json"}, {"rfilename": "preprocessor_config.json"}, {"rfilename": "pytorch_model.bin"}, {"rfilename": "runs/Jan09_03-30-39_f455d438c85b/1673235065.8546453/events.out.tfevents.1673235065.f455d438c85b.206.1"}, {"rfilename": "runs/Jan09_03-30-39_f455d438c85b/events.out.tfevents.1673235065.f455d438c85b.206.0"}, {"rfilename": "special_tokens_map.json"}, {"rfilename": "tokenizer_config.json"}, {"rfilename": "training_args.bin"}, {"rfilename": "vocab.json"}], "spaces": ["tostado/gaalocastillo-wav2vec2-large-xls-r-300m-asp-project-quechua"], "createdAt": "2023-01-09T03:29:23.000Z", "inferenceStatus": "not-loaded"}