{"_id": "6652890b83fac8ccdc96ef0a", "id": "gaalcoro/Logomarca", "modelId": "gaalcoro/Logomarca", "author": "gaalcoro", "sha": "6ef1b66d25786df0bc7947448adaf353bfe09a9f", "lastModified": "2024-05-26T00:57:47.000Z", "private": false, "disabled": false, "gated": false, "tags": ["license:apache-2.0", "region:us"], "downloads": 0, "likes": 0, "model-index": null, "cardData": {"license": "apache-2.0"}, "siblings": [{"rfilename": ".gitattributes"}, {"rfilename": "README.md"}], "spaces": [], "createdAt": "2024-05-26T00:57:47.000Z", "inferenceStatus": "not-loaded"}