{"_id": "64446c3d3dc2837763341263", "id": "gaarsmu/poca-SoccerTwos", "modelId": "gaarsmu/poca-SoccerTwos", "author": "gaarsmu", "sha": "88cdc1b94208b3f8aa21da9ae5991686b127c813", "lastModified": "2023-04-22T23:28:38.000Z", "private": false, "disabled": false, "gated": false, "pipeline_tag": "reinforcement-learning", "tags": ["ml-agents", "tensorboard", "onnx", "unity-ml-agents", "deep-reinforcement-learning", "reinforcement-learning", "ML-Agents-SoccerTwos", "region:us"], "downloads": 0, "library_name": "ml-agents", "likes": 0, "model-index": null, "config": {}, "cardData": {"tags": ["unity-ml-agents", "ml-agents", "deep-reinforcement-learning", "reinforcement-learning", "ML-Agents-SoccerTwos"], "library_name": "ml-agents"}, "siblings": [{"rfilename": ".gitattributes"}, {"rfilename": "README.md"}, {"rfilename": "SoccerTwos.onnx"}, {"rfilename": "SoccerTwos/SoccerTwos-3499962.onnx"}, {"rfilename": "SoccerTwos/SoccerTwos-3499962.pt"}, {"rfilename": "SoccerTwos/SoccerTwos-3999998.onnx"}, {"rfilename": "SoccerTwos/SoccerTwos-3999998.pt"}, {"rfilename": "SoccerTwos/SoccerTwos-4499987.onnx"}, {"rfilename": "SoccerTwos/SoccerTwos-4499987.pt"}, {"rfilename": "SoccerTwos/SoccerTwos-4999951.onnx"}, {"rfilename": "SoccerTwos/SoccerTwos-4999951.pt"}, {"rfilename": "SoccerTwos/SoccerTwos-5124704.onnx"}, {"rfilename": "SoccerTwos/SoccerTwos-5124704.pt"}, {"rfilename": "SoccerTwos/checkpoint.pt"}, {"rfilename": "SoccerTwos/events.out.tfevents.1682198947.scc-f03.16565.0"}, {"rfilename": "config.json"}, {"rfilename": "configuration.yaml"}, {"rfilename": "run_logs/Player-0.log"}, {"rfilename": "run_logs/timers.json"}, {"rfilename": "run_logs/training_status.json"}], "spaces": [], "createdAt": "2023-04-22T23:22:37.000Z", "inferenceStatus": "not-loaded"}