{"_id": "6449d678a281f51a62b6c5cf", "id": "gaarsmu/rl_course_vizdoom_health_gathering_supreme", "modelId": "gaarsmu/rl_course_vizdoom_health_gathering_supreme", "author": "gaarsmu", "sha": "75928d5efdfeccef31b0f4ad0bf0b1b53a873534", "lastModified": "2023-04-27T01:57:30.000Z", "private": false, "disabled": false, "gated": false, "pipeline_tag": "reinforcement-learning", "tags": ["sample-factory", "tensorboard", "deep-reinforcement-learning", "reinforcement-learning", "model-index", "region:us"], "downloads": 0, "library_name": "sample-factory", "likes": 0, "model-index": [{"name": "APPO", "results": [{"task": {"type": "reinforcement-learning", "name": "reinforcement-learning"}, "dataset": {"name": "doom_health_gathering_supreme", "type": "doom_health_gathering_supreme"}, "metrics": [{"type": "mean_reward", "value": "9.70 +/- 3.42", "name": "mean_reward", "verified": false}]}]}], "config": {}, "cardData": {"library_name": "sample-factory", "tags": ["deep-reinforcement-learning", "reinforcement-learning", "sample-factory"], "model-index": [{"name": "APPO", "results": [{"task": {"type": "reinforcement-learning", "name": "reinforcement-learning"}, "dataset": {"name": "doom_health_gathering_supreme", "type": "doom_health_gathering_supreme"}, "metrics": [{"type": "mean_reward", "value": "9.70 +/- 3.42", "name": "mean_reward", "verified": false}]}]}]}, "siblings": [{"rfilename": ".gitattributes"}, {"rfilename": ".summary/0/events.out.tfevents.1682559278.db2adb9a0e41"}, {"rfilename": "README.md"}, {"rfilename": "checkpoint_p0/best_000000963_3944448_reward_29.264.pth"}, {"rfilename": "checkpoint_p0/checkpoint_000000951_3895296.pth"}, {"rfilename": "checkpoint_p0/checkpoint_000000978_4005888.pth"}, {"rfilename": "config.json"}, {"rfilename": "replay.mp4"}], "spaces": [], "createdAt": "2023-04-27T01:57:12.000Z", "inferenceStatus": "not-loaded"}