{"_id": "641f883c9c1013836ce665d7", "id": "gaarsmu/a2c-PandaReachDense-v2", "modelId": "gaarsmu/a2c-PandaReachDense-v2", "author": "gaarsmu", "sha": "aab3f0bfa3870eecff95871b5e6a60b3d2947af0", "lastModified": "2023-03-25T23:50:35.000Z", "private": false, "disabled": false, "gated": false, "pipeline_tag": "reinforcement-learning", "tags": ["stable-baselines3", "PandaReachDense-v2", "deep-reinforcement-learning", "reinforcement-learning", "model-index", "region:us"], "downloads": 0, "library_name": "stable-baselines3", "likes": 0, "model-index": [{"name": "A2C", "results": [{"task": {"type": "reinforcement-learning", "name": "reinforcement-learning"}, "dataset": {"name": "PandaReachDense-v2", "type": "PandaReachDense-v2"}, "metrics": [{"type": "mean_reward", "value": "-1.49 +/- 0.21", "name": "mean_reward", "verified": false}]}]}], "config": {}, "cardData": {"library_name": "stable-baselines3", "tags": ["PandaReachDense-v2", "deep-reinforcement-learning", "reinforcement-learning", "stable-baselines3"], "model-index": [{"name": "A2C", "results": [{"task": {"type": "reinforcement-learning", "name": "reinforcement-learning"}, "dataset": {"name": "PandaReachDense-v2", "type": "PandaReachDense-v2"}, "metrics": [{"type": "mean_reward", "value": "-1.49 +/- 0.21", "name": "mean_reward", "verified": false}]}]}]}, "siblings": [{"rfilename": ".gitattributes"}, {"rfilename": "README.md"}, {"rfilename": "a2c-PandaReachDense-v2.zip"}, {"rfilename": "a2c-PandaReachDense-v2/_stable_baselines3_version"}, {"rfilename": "a2c-PandaReachDense-v2/data"}, {"rfilename": "a2c-PandaReachDense-v2/policy.optimizer.pth"}, {"rfilename": "a2c-PandaReachDense-v2/policy.pth"}, {"rfilename": "a2c-PandaReachDense-v2/pytorch_variables.pth"}, {"rfilename": "a2c-PandaReachDense-v2/system_info.txt"}, {"rfilename": "config.json"}, {"rfilename": "replay.mp4"}, {"rfilename": "results.json"}, {"rfilename": "vec_normalize.pkl"}], "spaces": [], "createdAt": "2023-03-25T23:48:12.000Z", "inferenceStatus": "not-loaded"}