{"_id": "665b0b1e8f5228c496692c65", "id": "gaarafacehugger/deformedIDs", "modelId": "gaarafacehugger/deformedIDs", "author": "gaarafacehugger", "sha": "fe3835a22bf0437cc0dea5db7021cb4a33e778c3", "lastModified": "2024-06-01T12:03:38.000Z", "private": false, "disabled": false, "gated": false, "tags": ["region:us"], "downloads": 0, "likes": 0, "siblings": [{"rfilename": ".gitattributes"}, {"rfilename": "network-snapshot-000064.pkl"}], "spaces": [], "createdAt": "2024-06-01T11:50:54.000Z", "inferenceStatus": "not-loaded"}