{"_id": "6511e732d6e446efb3afcc7a", "id": "Gaartok/ppo-Huggy", "modelId": "Gaartok/ppo-Huggy", "author": "Gaartok", "sha": "26b9e8fbe70c0a7f7df38e085fc86688869ece4a", "lastModified": "2023-09-25T20:02:00.000Z", "private": false, "disabled": false, "gated": false, "pipeline_tag": "reinforcement-learning", "tags": ["ml-agents", "tensorboard", "onnx", "Huggy", "deep-reinforcement-learning", "reinforcement-learning", "ML-Agents-Huggy", "region:us"], "downloads": 82, "library_name": "ml-agents", "likes": 0, "model-index": null, "config": {}, "cardData": {"library_name": "ml-agents", "tags": ["Huggy", "deep-reinforcement-learning", "reinforcement-learning", "ML-Agents-Huggy"]}, "siblings": [{"rfilename": ".gitattributes"}, {"rfilename": "Huggy.onnx"}, {"rfilename": "Huggy/Huggy-1199970.onnx"}, {"rfilename": "Huggy/Huggy-1199970.pt"}, {"rfilename": "Huggy/Huggy-1399984.onnx"}, {"rfilename": "Huggy/Huggy-1399984.pt"}, {"rfilename": "Huggy/Huggy-1599801.onnx"}, {"rfilename": "Huggy/Huggy-1599801.pt"}, {"rfilename": "Huggy/Huggy-1799997.onnx"}, {"rfilename": "Huggy/Huggy-1799997.pt"}, {"rfilename": "Huggy/Huggy-199808.onnx"}, {"rfilename": "Huggy/Huggy-199808.pt"}, {"rfilename": "Huggy/Huggy-1999939.onnx"}, {"rfilename": "Huggy/Huggy-1999939.pt"}, {"rfilename": "Huggy/Huggy-2000041.onnx"}, {"rfilename": "Huggy/Huggy-2000041.pt"}, {"rfilename": "Huggy/Huggy-399907.onnx"}, {"rfilename": "Huggy/Huggy-399907.pt"}, {"rfilename": "Huggy/Huggy-599869.onnx"}, {"rfilename": "Huggy/Huggy-599869.pt"}, {"rfilename": "Huggy/Huggy-799962.onnx"}, {"rfilename": "Huggy/Huggy-799962.pt"}, {"rfilename": "Huggy/Huggy-999933.onnx"}, {"rfilename": "Huggy/Huggy-999933.pt"}, {"rfilename": "Huggy/checkpoint.pt"}, {"rfilename": "Huggy/events.out.tfevents.1695668998.02d97750c759.4681.0"}, {"rfilename": "README.md"}, {"rfilename": "config.json"}, {"rfilename": "configuration.yaml"}, {"rfilename": "run_logs/Player-0.log"}, {"rfilename": "run_logs/timers.json"}, {"rfilename": "run_logs/training_status.json"}], "spaces": [], "createdAt": "2023-09-25T20:01:54.000Z", "inferenceStatus": "not-loaded"}