{"_id": "63b388626c3e6df5c3907ef5", "id": "gababas/ggaabboommeerr", "modelId": "gababas/ggaabboommeerr", "author": "gababas", "sha": "94712002b5ab06f64ee66f9fd11b8ebf3e2d1ebe", "lastModified": "2023-01-03T01:46:04.000Z", "private": false, "disabled": false, "gated": false, "pipeline_tag": "text-to-image", "tags": ["diffusers", "text-to-image", "stable-diffusion", "license:creativeml-openrail-m", "autotrain_compatible", "endpoints_compatible", "diffusers:StableDiffusionPipeline", "region:us"], "downloads": 24, "library_name": "diffusers", "likes": 0, "model-index": null, "config": {"diffusers": {"_class_name": "StableDiffusionPipeline"}}, "cardData": {"license": "creativeml-openrail-m", "tags": ["text-to-image", "stable-diffusion"]}, "siblings": [{"rfilename": ".gitattributes"}, {"rfilename": "README.md"}, {"rfilename": "feature_extractor/preprocessor_config.json"}, {"rfilename": "ggaabboommeerr.ckpt"}, {"rfilename": "model_index.json"}, {"rfilename": "scheduler/scheduler_config.json"}, {"rfilename": "text_encoder/config.json"}, {"rfilename": "text_encoder/pytorch_model.bin"}, {"rfilename": "tokenizer/merges.txt"}, {"rfilename": "tokenizer/special_tokens_map.json"}, {"rfilename": "tokenizer/tokenizer_config.json"}, {"rfilename": "tokenizer/vocab.json"}, {"rfilename": "unet/config.json"}, {"rfilename": "unet/diffusion_pytorch_model.bin"}, {"rfilename": "vae/config.json"}, {"rfilename": "vae/diffusion_pytorch_model.bin"}], "spaces": [], "createdAt": "2023-01-03T01:44:02.000Z", "inferenceStatus": "not-loaded"}