{"_id": "6642750b7ff1758e489c03f4", "id": "gabbybilka/ppo-Huggy", "modelId": "gabbybilka/ppo-Huggy", "author": "gabbybilka", "sha": "8d2cdd680c18bb7d94e1b429608e3c5e173df399", "lastModified": "2024-05-13T20:16:50.000Z", "private": false, "disabled": false, "gated": false, "pipeline_tag": "reinforcement-learning", "tags": ["ml-agents", "tensorboard", "onnx", "Huggy", "deep-reinforcement-learning", "reinforcement-learning", "ML-Agents-Huggy", "region:us"], "downloads": 29, "library_name": "ml-agents", "likes": 0, "model-index": null, "config": {}, "cardData": {"library_name": "ml-agents", "tags": ["Huggy", "deep-reinforcement-learning", "reinforcement-learning", "ML-Agents-Huggy"]}, "siblings": [{"rfilename": ".gitattributes"}, {"rfilename": "Huggy.onnx"}, {"rfilename": "Huggy/Huggy-1199950.onnx"}, {"rfilename": "Huggy/Huggy-1199950.pt"}, {"rfilename": "Huggy/Huggy-1399922.onnx"}, {"rfilename": "Huggy/Huggy-1399922.pt"}, {"rfilename": "Huggy/Huggy-1599965.onnx"}, {"rfilename": "Huggy/Huggy-1599965.pt"}, {"rfilename": "Huggy/Huggy-1799963.onnx"}, {"rfilename": "Huggy/Huggy-1799963.pt"}, {"rfilename": "Huggy/Huggy-1999497.onnx"}, {"rfilename": "Huggy/Huggy-1999497.pt"}, {"rfilename": "Huggy/Huggy-199955.onnx"}, {"rfilename": "Huggy/Huggy-199955.pt"}, {"rfilename": "Huggy/Huggy-2000227.onnx"}, {"rfilename": "Huggy/Huggy-2000227.pt"}, {"rfilename": "Huggy/Huggy-399852.onnx"}, {"rfilename": "Huggy/Huggy-399852.pt"}, {"rfilename": "Huggy/Huggy-599920.onnx"}, {"rfilename": "Huggy/Huggy-599920.pt"}, {"rfilename": "Huggy/Huggy-799935.onnx"}, {"rfilename": "Huggy/Huggy-799935.pt"}, {"rfilename": "Huggy/Huggy-999944.onnx"}, {"rfilename": "Huggy/Huggy-999944.pt"}, {"rfilename": "Huggy/checkpoint.pt"}, {"rfilename": "Huggy/events.out.tfevents.1715628358.aedb7568526a.2641.0"}, {"rfilename": "README.md"}, {"rfilename": "config.json"}, {"rfilename": "configuration.yaml"}, {"rfilename": "run_logs/Player-0.log"}, {"rfilename": "run_logs/timers.json"}, {"rfilename": "run_logs/training_status.json"}], "spaces": [], "createdAt": "2024-05-13T20:16:11.000Z", "inferenceStatus": "not-loaded"}