{"_id": "65a304dd215aabac48675cb7", "id": "GABBINOHDReal/CaineImpressionRosino", "modelId": "GABBINOHDReal/CaineImpressionRosino", "author": "GABBINOHDReal", "sha": "db4da0fc2b1e8fdcc01212cfa3faa507bd033e8c", "lastModified": "2024-01-13T21:50:19.000Z", "private": false, "disabled": false, "gated": false, "tags": ["license:openrail", "region:us"], "downloads": 0, "likes": 0, "model-index": null, "cardData": {"license": "openrail"}, "siblings": [{"rfilename": ".gitattributes"}, {"rfilename": "README.md"}, {"rfilename": "caine_rosino.zip"}], "spaces": [], "createdAt": "2024-01-13T21:47:09.000Z", "inferenceStatus": "not-loaded"}