{"_id": "64ba5a2090dfdda6ab7833ea", "id": "gabbarthecoder/falcon_tts", "modelId": "gabbarthecoder/falcon_tts", "author": "gabbarthecoder", "sha": "2255ba19c1ad30517e2bc69f0a1f1b330f25afae", "lastModified": "2023-07-21T10:12:48.000Z", "private": false, "disabled": false, "gated": false, "tags": ["license:apache-2.0", "region:us"], "downloads": 0, "likes": 0, "model-index": null, "cardData": {"license": "apache-2.0"}, "siblings": [{"rfilename": ".gitattributes"}, {"rfilename": "README.md"}], "spaces": [], "createdAt": "2023-07-21T10:12:48.000Z", "inferenceStatus": "not-loaded"}