{"_id": "66453eb07eebfc1c769efb3d", "id": "gabbbyy/gabby", "modelId": "gabbbyy/gabby", "author": "gabbbyy", "sha": "ee80ad5dd891d6edd6ee1c8f9ed9b13efa19ecf3", "lastModified": "2024-05-15T23:01:51.000Z", "private": false, "disabled": false, "gated": false, "tags": ["license:afl-3.0", "region:us"], "downloads": 0, "likes": 0, "model-index": null, "cardData": {"license": "afl-3.0"}, "siblings": [{"rfilename": ".gitattributes"}, {"rfilename": "Grabaci\u00f3n (13).m4a"}, {"rfilename": "README.md"}], "spaces": [], "createdAt": "2024-05-15T23:01:04.000Z", "inferenceStatus": "not-loaded"}