{"_id": "64cd6ebb1b981b2e0c8ef572", "id": "gabbymax/ppo-LunarLander-v2", "modelId": "gabbymax/ppo-LunarLander-v2", "author": "gabbymax", "sha": "0505439cb70340c4b591b865ebfad215f4985e5f", "lastModified": "2023-08-04T21:34:09.000Z", "private": false, "disabled": false, "gated": false, "pipeline_tag": "reinforcement-learning", "tags": ["stable-baselines3", "LunarLander-v2", "deep-reinforcement-learning", "reinforcement-learning", "model-index", "region:us"], "downloads": 0, "library_name": "stable-baselines3", "likes": 0, "model-index": [{"name": "PPO", "results": [{"task": {"type": "reinforcement-learning", "name": "reinforcement-learning"}, "dataset": {"name": "LunarLander-v2", "type": "LunarLander-v2"}, "metrics": [{"type": "mean_reward", "value": "253.47 +/- 17.02", "name": "mean_reward", "verified": false}]}]}], "config": {}, "cardData": {"library_name": "stable-baselines3", "tags": ["LunarLander-v2", "deep-reinforcement-learning", "reinforcement-learning", "stable-baselines3"], "model-index": [{"name": "PPO", "results": [{"task": {"type": "reinforcement-learning", "name": "reinforcement-learning"}, "dataset": {"name": "LunarLander-v2", "type": "LunarLander-v2"}, "metrics": [{"type": "mean_reward", "value": "253.47 +/- 17.02", "name": "mean_reward", "verified": false}]}]}]}, "siblings": [{"rfilename": ".gitattributes"}, {"rfilename": "README.md"}, {"rfilename": "config.json"}, {"rfilename": "gabby_lunar_landing.zip"}, {"rfilename": "gabby_lunar_landing/_stable_baselines3_version"}, {"rfilename": "gabby_lunar_landing/data"}, {"rfilename": "gabby_lunar_landing/policy.optimizer.pth"}, {"rfilename": "gabby_lunar_landing/policy.pth"}, {"rfilename": "gabby_lunar_landing/pytorch_variables.pth"}, {"rfilename": "gabby_lunar_landing/system_info.txt"}, {"rfilename": "replay.mp4"}, {"rfilename": "results.json"}], "spaces": [], "createdAt": "2023-08-04T21:33:47.000Z", "inferenceStatus": "not-loaded"}