{"_id": "6355aa5ea5546ae4c5caa248", "id": "Gabbea22/Emma", "modelId": "Gabbea22/Emma", "author": "Gabbea22", "sha": "f6888dc49eb6717fb07362eb96d47e7b9c54a7a8", "lastModified": "2022-10-23T20:55:58.000Z", "private": false, "disabled": false, "gated": false, "tags": ["license:openrail", "region:us"], "downloads": 0, "likes": 0, "model-index": null, "cardData": {"license": "openrail"}, "siblings": [{"rfilename": ".gitattributes"}, {"rfilename": "README.md"}], "spaces": [], "createdAt": "2022-10-23T20:55:58.000Z", "inferenceStatus": "not-loaded"}