{"_id": "63e9e2af369270b75a7f3824", "id": "gabbmania/AI-NFT-Generator", "modelId": "gabbmania/AI-NFT-Generator", "author": "gabbmania", "sha": "3a7933242283dfec5cbc0a6ad0c3504f71dcb69c", "lastModified": "2023-02-13T07:11:43.000Z", "private": false, "disabled": false, "gated": false, "tags": ["license:mit", "region:us"], "downloads": 0, "likes": 0, "model-index": null, "cardData": {"license": "mit"}, "siblings": [{"rfilename": ".gitattributes"}, {"rfilename": "README.md"}], "spaces": [], "createdAt": "2023-02-13T07:11:43.000Z", "inferenceStatus": "not-loaded"}