{"_id": "6377c5bd9224a7d5583f8a13", "id": "GabCcr99/Clasificador-Ojos-XD", "modelId": "GabCcr99/Clasificador-Ojos-XD", "author": "GabCcr99", "sha": "ebadacf9a4b86a75bdd337635d747df005cb7a9d", "lastModified": "2022-11-18T17:54:36.000Z", "private": false, "disabled": false, "gated": false, "pipeline_tag": "image-classification", "tags": ["transformers", "pytorch", "tensorboard", "vit", "image-classification", "huggingpics", "model-index", "autotrain_compatible", "endpoints_compatible", "region:us"], "downloads": 1, "library_name": "transformers", "likes": 0, "model-index": [{"name": "Clasificador-Ojos-XD", "results": [{"task": {"name": "Image Classification", "type": "image-classification"}, "metrics": [{"name": "Accuracy", "type": "accuracy", "value": 0.9696969985961914, "verified": false}]}]}], "config": {"architectures": ["ViTForImageClassification"], "model_type": "vit"}, "cardData": {"tags": ["image-classification", "pytorch", "huggingpics"], "metrics": ["accuracy"], "model-index": [{"name": "Clasificador-Ojos-XD", "results": [{"task": {"name": "Image Classification", "type": "image-classification"}, "metrics": [{"name": "Accuracy", "type": "accuracy", "value": 0.9696969985961914, "verified": false}]}]}]}, "transformersInfo": {"auto_model": "AutoModelForImageClassification", "pipeline_tag": "image-classification", "processor": "AutoImageProcessor"}, "siblings": [{"rfilename": ".gitattributes"}, {"rfilename": "README.md"}, {"rfilename": "config.json"}, {"rfilename": "preprocessor_config.json"}, {"rfilename": "pytorch_model.bin"}, {"rfilename": "runs/events.out.tfevents.1668793324.726d7ba8787b.78.2"}], "spaces": [], "createdAt": "2022-11-18T17:49:49.000Z", "inferenceStatus": "not-loaded"}