{"_id": "640bb1e6548fcf9a11909be3", "id": "Gabcsor/poca-SoccerTwos", "modelId": "Gabcsor/poca-SoccerTwos", "author": "Gabcsor", "sha": "192850618caa0403112963e84ccad9d78bf8f355", "lastModified": "2023-03-10T22:44:17.000Z", "private": false, "disabled": false, "gated": false, "pipeline_tag": "reinforcement-learning", "tags": ["ml-agents", "unity-ml-agents", "deep-reinforcement-learning", "reinforcement-learning", "ML-Agents-SoccerTwos", "region:us"], "downloads": 0, "library_name": "ml-agents", "likes": 0, "model-index": null, "config": {}, "cardData": {"tags": ["unity-ml-agents", "ml-agents", "deep-reinforcement-learning", "reinforcement-learning", "ML-Agents-SoccerTwos"], "library_name": "ml-agents"}, "siblings": [{"rfilename": ".gitattributes"}, {"rfilename": "README.md"}, {"rfilename": "config.json"}, {"rfilename": "configuration.yaml"}, {"rfilename": "run_logs/timers.json"}, {"rfilename": "run_logs/training_status.json"}], "spaces": [], "createdAt": "2023-03-10T22:40:38.000Z", "inferenceStatus": "not-loaded"}