{"_id": "637798ae714b1913603866a7", "id": "GabCcr99/Clasificador-animales", "modelId": "GabCcr99/Clasificador-animales", "author": "GabCcr99", "sha": "9e56221b817d56729df2ee8c3f9dd78cdff2d93f", "lastModified": "2022-11-18T14:37:47.000Z", "private": false, "disabled": false, "gated": false, "pipeline_tag": "image-classification", "tags": ["transformers", "pytorch", "tensorboard", "vit", "image-classification", "huggingpics", "model-index", "autotrain_compatible", "endpoints_compatible", "region:us"], "downloads": 1, "library_name": "transformers", "likes": 0, "model-index": [{"name": "Clasificador-animales", "results": [{"task": {"name": "Image Classification", "type": "image-classification"}, "metrics": [{"name": "Accuracy", "type": "accuracy", "value": 1, "verified": false}]}]}], "config": {"architectures": ["ViTForImageClassification"], "model_type": "vit"}, "cardData": {"tags": ["image-classification", "pytorch", "huggingpics"], "metrics": ["accuracy"], "model-index": [{"name": "Clasificador-animales", "results": [{"task": {"name": "Image Classification", "type": "image-classification"}, "metrics": [{"name": "Accuracy", "type": "accuracy", "value": 1, "verified": false}]}]}]}, "transformersInfo": {"auto_model": "AutoModelForImageClassification", "pipeline_tag": "image-classification", "processor": "AutoImageProcessor"}, "siblings": [{"rfilename": ".gitattributes"}, {"rfilename": "README.md"}, {"rfilename": "config.json"}, {"rfilename": "images/cat.jpg"}, {"rfilename": "images/dog.jpg"}, {"rfilename": "images/snake.jpg"}, {"rfilename": "images/tiger.jpg"}, {"rfilename": "preprocessor_config.json"}, {"rfilename": "pytorch_model.bin"}, {"rfilename": "runs/events.out.tfevents.1668781496.726d7ba8787b.78.0"}], "spaces": [], "createdAt": "2022-11-18T14:37:34.000Z", "inferenceStatus": "not-loaded"}