{"_id": "64062b5a83b59abcdddf9166", "id": "Gabcsor/ppo_3-Optuna-LunarLander-v2_2", "modelId": "Gabcsor/ppo_3-Optuna-LunarLander-v2_2", "author": "Gabcsor", "sha": "1f9d295561ba36b781c4ff1de5ba1aaebfc45100", "lastModified": "2023-03-06T18:06:07.000Z", "private": false, "disabled": false, "gated": false, "pipeline_tag": "reinforcement-learning", "tags": ["stable-baselines3", "LunarLander-v2", "deep-reinforcement-learning", "reinforcement-learning", "model-index", "region:us"], "downloads": 0, "library_name": "stable-baselines3", "likes": 0, "model-index": [{"name": "PPO", "results": [{"task": {"type": "reinforcement-learning", "name": "reinforcement-learning"}, "dataset": {"name": "LunarLander-v2", "type": "LunarLander-v2"}, "metrics": [{"type": "mean_reward", "value": "296.17 +/- 23.52", "name": "mean_reward", "verified": false}]}]}], "config": {}, "cardData": {"library_name": "stable-baselines3", "tags": ["LunarLander-v2", "deep-reinforcement-learning", "reinforcement-learning", "stable-baselines3"], "model-index": [{"name": "PPO", "results": [{"task": {"type": "reinforcement-learning", "name": "reinforcement-learning"}, "dataset": {"name": "LunarLander-v2", "type": "LunarLander-v2"}, "metrics": [{"type": "mean_reward", "value": "296.17 +/- 23.52", "name": "mean_reward", "verified": false}]}]}]}, "siblings": [{"rfilename": ".gitattributes"}, {"rfilename": "README.md"}, {"rfilename": "config.json"}, {"rfilename": "lander_optuna_2.zip"}, {"rfilename": "lander_optuna_2/_stable_baselines3_version"}, {"rfilename": "lander_optuna_2/data"}, {"rfilename": "lander_optuna_2/policy.optimizer.pth"}, {"rfilename": "lander_optuna_2/policy.pth"}, {"rfilename": "lander_optuna_2/pytorch_variables.pth"}, {"rfilename": "lander_optuna_2/system_info.txt"}, {"rfilename": "lander_optuna_2_222.zip"}, {"rfilename": "lander_optuna_2_222/_stable_baselines3_version"}, {"rfilename": "lander_optuna_2_222/data"}, {"rfilename": "lander_optuna_2_222/policy.optimizer.pth"}, {"rfilename": "lander_optuna_2_222/policy.pth"}, {"rfilename": "lander_optuna_2_222/pytorch_variables.pth"}, {"rfilename": "lander_optuna_2_222/system_info.txt"}, {"rfilename": "replay.mp4"}, {"rfilename": "results.json"}], "spaces": [], "createdAt": "2023-03-06T18:05:14.000Z", "inferenceStatus": "not-loaded"}