{"_id": "64bf424a5c457ccaa456a4db", "id": "gabc6200/Character", "modelId": "gabc6200/Character", "author": "gabc6200", "sha": "299cbbcda8fda9366a4d9e01f50bb05c614a4926", "lastModified": "2023-08-02T14:24:38.000Z", "private": false, "disabled": false, "gated": false, "tags": ["region:us"], "downloads": 0, "likes": 0, "siblings": [{"rfilename": ".gitattributes"}, {"rfilename": "Ada.safetensors"}, {"rfilename": "Alvara1.safetensors"}, {"rfilename": "Angel.safetensors"}, {"rfilename": "CBAV-kaoru.safetensors"}, {"rfilename": "ChunLi_v1.safetensors"}, {"rfilename": "ChunLingerie.safetensors"}, {"rfilename": "ELF v1.safetensors"}, {"rfilename": "GiselV2.safetensors"}, {"rfilename": "Indo_Angelkaramoy.safetensors"}, {"rfilename": "Indo_CK.safetensors"}, {"rfilename": "Indo_JocelineS-Kanpiro.safetensors"}, {"rfilename": "Indo_Leanna.safetensors"}, {"rfilename": "Indo_Rachel-Kanpiro.safetensors"}, {"rfilename": "Indo_Vonzy-Kanpiro.safetensors"}, {"rfilename": "Indo_anastasyakosasih_v1.0.safetensors"}, {"rfilename": "Indo_berlianalovel.safetensors"}, {"rfilename": "Indo_cishani.safetensors"}, {"rfilename": "Indo_clairineclay.safetensors"}, {"rfilename": "Indo_marsyaayunisa.safetensors"}, {"rfilename": "Indo_prillylatuBRA.safetensors"}, {"rfilename": "Indo_rachelvnya.safetensors"}, {"rfilename": "Indo_rchelcia_v01.safetensors"}, {"rfilename": "JAV_Anri_O_v1.0.safetensors"}, {"rfilename": "MaiMS.safetensors"}, {"rfilename": "Shiranui Mai (Fatal Fury).safetensors"}, {"rfilename": "Sindel.safetensors"}, {"rfilename": "TheCat.safetensors"}, {"rfilename": "ancient_princess_menace.safetensors"}, {"rfilename": "android_18_v110.safetensors"}, {"rfilename": "ashley.mk01.safetensors"}, {"rfilename": "babyfe.safetensors"}, {"rfilename": "catheez.safetensors"}, {"rfilename": "elsaj.safetensors"}, {"rfilename": "inara.safetensors"}, {"rfilename": "iris.safetensors"}, {"rfilename": "jademk-10.safetensors"}, {"rfilename": "maiShiranui_v1.safetensors"}, {"rfilename": "mary-nikke-richy-v1.safetensors"}, {"rfilename": "maya-natsume-kj.safetensors"}, {"rfilename": "nanafey.safetensors"}, {"rfilename": "rangiku-000006.safetensors"}], "spaces": [], "createdAt": "2023-07-25T03:32:26.000Z", "inferenceStatus": "not-loaded"}