{"_id": "64bf30d0d05a97d722e13c55", "id": "gabc6200/pose", "modelId": "gabc6200/pose", "author": "gabc6200", "sha": "cadccb150d5de906efbc913a240d4b0426950be4", "lastModified": "2023-07-25T02:26:28.000Z", "private": false, "disabled": false, "gated": false, "tags": ["region:us"], "downloads": 0, "likes": 0, "siblings": [{"rfilename": ".gitattributes"}, {"rfilename": "PSCowgirl.safetensors"}, {"rfilename": "RealDownblouse15_v2.08.safetensors"}, {"rfilename": "SelfBreastGrab.safetensors"}, {"rfilename": "Titfuck_Realistic.safetensors"}, {"rfilename": "ahegao,rolling_eyes-000014.safetensors"}, {"rfilename": "breasts_smother_v0.1.safetensors"}, {"rfilename": "masturbation_female.safetensors"}, {"rfilename": "upshirt-000015.safetensors"}], "spaces": [], "createdAt": "2023-07-25T02:17:52.000Z", "inferenceStatus": "not-loaded"}