{"_id": "640f3eed56a3dda8aecda8bd", "id": "Gabcsor/rl_course_vizdoom_health_gathering_supreme", "modelId": "Gabcsor/rl_course_vizdoom_health_gathering_supreme", "author": "Gabcsor", "sha": "defa37b8a4fd06e2fad839377279366ffd99a3df", "lastModified": "2023-03-13T15:19:19.000Z", "private": false, "disabled": false, "gated": false, "pipeline_tag": "reinforcement-learning", "tags": ["sample-factory", "tensorboard", "deep-reinforcement-learning", "reinforcement-learning", "model-index", "region:us"], "downloads": 0, "library_name": "sample-factory", "likes": 0, "model-index": [{"name": "APPO", "results": [{"task": {"type": "reinforcement-learning", "name": "reinforcement-learning"}, "dataset": {"name": "doom_health_gathering_supreme", "type": "doom_health_gathering_supreme"}, "metrics": [{"type": "mean_reward", "value": "11.26 +/- 4.56", "name": "mean_reward", "verified": false}]}]}], "config": {}, "cardData": {"library_name": "sample-factory", "tags": ["deep-reinforcement-learning", "reinforcement-learning", "sample-factory"], "model-index": [{"name": "APPO", "results": [{"task": {"type": "reinforcement-learning", "name": "reinforcement-learning"}, "dataset": {"name": "doom_health_gathering_supreme", "type": "doom_health_gathering_supreme"}, "metrics": [{"type": "mean_reward", "value": "11.26 +/- 4.56", "name": "mean_reward", "verified": false}]}]}]}, "siblings": [{"rfilename": ".gitattributes"}, {"rfilename": ".summary/0/events.out.tfevents.1678719395.336791d8172d"}, {"rfilename": "README.md"}, {"rfilename": "checkpoint_p0/best_000000969_3969024_reward_25.079.pth"}, {"rfilename": "checkpoint_p0/checkpoint_000000960_3932160.pth"}, {"rfilename": "checkpoint_p0/checkpoint_000000978_4005888.pth"}, {"rfilename": "config.json"}, {"rfilename": "replay.mp4"}], "spaces": [], "createdAt": "2023-03-13T15:19:09.000Z", "inferenceStatus": "not-loaded"}