{"_id": "64bf36b31f38bef571ddd274", "id": "gabc6200/clothing", "modelId": "gabc6200/clothing", "author": "gabc6200", "sha": "28c3fbb7cd50b039d8484e554b97598db42515d9", "lastModified": "2023-08-13T13:00:28.000Z", "private": false, "disabled": false, "gated": false, "tags": ["region:us"], "downloads": 0, "likes": 0, "siblings": [{"rfilename": ".gitattributes"}, {"rfilename": "ARWJavaWeddingWoman.safetensors"}, {"rfilename": "HairCensorV1-000008.safetensors"}, {"rfilename": "JPNewsAnchorsInBigScreen.safetensors"}, {"rfilename": "KebayaMerge.safetensors"}, {"rfilename": "TWGirlInCheongsamMix1.safetensors"}, {"rfilename": "anauniform_lora-06.safetensors"}, {"rfilename": "balinese.safetensors"}, {"rfilename": "baseball_uniform.safetensors"}, {"rfilename": "basket_uniform-10.safetensors"}, {"rfilename": "bralessv2.safetensors"}, {"rfilename": "cheongsam_sideboob_side slit.safetensors"}, {"rfilename": "hijabholic01.safetensors"}, {"rfilename": "kebaya.safetensors"}, {"rfilename": "kebayaHjbV1.0.safetensors"}, {"rfilename": "kebayabali.safetensors"}, {"rfilename": "mathayom_uniform16.safetensors"}, {"rfilename": "milf_downblouse.v10.1-e100.safetensors"}, {"rfilename": "see_trough_dress06.safetensors"}, {"rfilename": "sukebra_bsb_fsb.safetensors"}, {"rfilename": "wedding_princess.safetensors"}], "spaces": [], "createdAt": "2023-07-25T02:42:59.000Z", "inferenceStatus": "not-loaded"}