{"_id": "64e54d7b2680064a9ef18da1", "id": "gabejohnson/ppo-Huggy", "modelId": "gabejohnson/ppo-Huggy", "author": "gabejohnson", "sha": "40e1f3874bdc65a675d8a5b618c53fe376ec95fa", "lastModified": "2023-08-23T00:58:43.000Z", "private": false, "disabled": false, "gated": false, "pipeline_tag": "reinforcement-learning", "tags": ["ml-agents", "tensorboard", "onnx", "Huggy", "deep-reinforcement-learning", "reinforcement-learning", "ML-Agents-Huggy", "region:us"], "downloads": 57, "library_name": "ml-agents", "likes": 0, "model-index": null, "config": {}, "cardData": {"library_name": "ml-agents", "tags": ["Huggy", "deep-reinforcement-learning", "reinforcement-learning", "ML-Agents-Huggy"]}, "siblings": [{"rfilename": ".gitattributes"}, {"rfilename": "Huggy.onnx"}, {"rfilename": "Huggy/Huggy-1049933.onnx"}, {"rfilename": "Huggy/Huggy-1049933.pt"}, {"rfilename": "Huggy/Huggy-1099982.onnx"}, {"rfilename": "Huggy/Huggy-1099982.pt"}, {"rfilename": "Huggy/Huggy-1149933.onnx"}, {"rfilename": "Huggy/Huggy-1149933.pt"}, {"rfilename": "Huggy/Huggy-1199997.onnx"}, {"rfilename": "Huggy/Huggy-1199997.pt"}, {"rfilename": "Huggy/Huggy-1249956.onnx"}, {"rfilename": "Huggy/Huggy-1249956.pt"}, {"rfilename": "Huggy/Huggy-1299990.onnx"}, {"rfilename": "Huggy/Huggy-1299990.pt"}, {"rfilename": "Huggy/Huggy-1349911.onnx"}, {"rfilename": "Huggy/Huggy-1349911.pt"}, {"rfilename": "Huggy/Huggy-1349940.onnx"}, {"rfilename": "Huggy/Huggy-1349940.pt"}, {"rfilename": "Huggy/Huggy-1399871.onnx"}, {"rfilename": "Huggy/Huggy-1399871.pt"}, {"rfilename": "Huggy/Huggy-1399985.onnx"}, {"rfilename": "Huggy/Huggy-1399985.pt"}, {"rfilename": "Huggy/Huggy-1449932.onnx"}, {"rfilename": "Huggy/Huggy-1449932.pt"}, {"rfilename": "Huggy/Huggy-1449977.onnx"}, {"rfilename": "Huggy/Huggy-1449977.pt"}, {"rfilename": "Huggy/Huggy-149788.onnx"}, {"rfilename": "Huggy/Huggy-149788.pt"}, {"rfilename": "Huggy/Huggy-1499296.onnx"}, {"rfilename": "Huggy/Huggy-1499296.pt"}, {"rfilename": "Huggy/Huggy-1499879.onnx"}, {"rfilename": "Huggy/Huggy-1499879.pt"}, {"rfilename": "Huggy/Huggy-1549962.onnx"}, {"rfilename": "Huggy/Huggy-1549962.pt"}, {"rfilename": "Huggy/Huggy-1549970.onnx"}, {"rfilename": "Huggy/Huggy-1549970.pt"}, {"rfilename": "Huggy/Huggy-1599274.onnx"}, {"rfilename": "Huggy/Huggy-1599274.pt"}, {"rfilename": "Huggy/Huggy-1599922.onnx"}, {"rfilename": "Huggy/Huggy-1599922.pt"}, {"rfilename": "Huggy/Huggy-1649823.onnx"}, {"rfilename": "Huggy/Huggy-1649823.pt"}, {"rfilename": "Huggy/Huggy-1649985.onnx"}, {"rfilename": "Huggy/Huggy-1649985.pt"}, {"rfilename": "Huggy/Huggy-1699902.onnx"}, {"rfilename": "Huggy/Huggy-1699902.pt"}, {"rfilename": "Huggy/Huggy-1699917.onnx"}, {"rfilename": "Huggy/Huggy-1699917.pt"}, {"rfilename": "Huggy/Huggy-1749754.onnx"}, {"rfilename": "Huggy/Huggy-1749754.pt"}, {"rfilename": "Huggy/Huggy-1749972.onnx"}, {"rfilename": "Huggy/Huggy-1749972.pt"}, {"rfilename": "Huggy/Huggy-1799951.onnx"}, {"rfilename": "Huggy/Huggy-1799951.pt"}, {"rfilename": "Huggy/Huggy-1799992.onnx"}, {"rfilename": "Huggy/Huggy-1799992.pt"}, {"rfilename": "Huggy/Huggy-1849951.onnx"}, {"rfilename": "Huggy/Huggy-1849951.pt"}, {"rfilename": "Huggy/Huggy-1849973.onnx"}, {"rfilename": "Huggy/Huggy-1849973.pt"}, {"rfilename": "Huggy/Huggy-1899929.onnx"}, {"rfilename": "Huggy/Huggy-1899929.pt"}, {"rfilename": "Huggy/Huggy-1899938.onnx"}, {"rfilename": "Huggy/Huggy-1899938.pt"}, {"rfilename": "Huggy/Huggy-1949365.onnx"}, {"rfilename": "Huggy/Huggy-1949365.pt"}, {"rfilename": "Huggy/Huggy-1949893.onnx"}, {"rfilename": "Huggy/Huggy-1949893.pt"}, {"rfilename": "Huggy/Huggy-199790.onnx"}, {"rfilename": "Huggy/Huggy-199790.pt"}, {"rfilename": "Huggy/Huggy-1999740.onnx"}, {"rfilename": "Huggy/Huggy-1999740.pt"}, {"rfilename": "Huggy/Huggy-1999947.onnx"}, {"rfilename": "Huggy/Huggy-1999947.pt"}, {"rfilename": "Huggy/Huggy-2000012.onnx"}, {"rfilename": "Huggy/Huggy-2000012.pt"}, {"rfilename": "Huggy/Huggy-2000490.onnx"}, {"rfilename": "Huggy/Huggy-2000490.pt"}, {"rfilename": "Huggy/Huggy-249869.onnx"}, {"rfilename": "Huggy/Huggy-249869.pt"}, {"rfilename": "Huggy/Huggy-299928.onnx"}, {"rfilename": "Huggy/Huggy-299928.pt"}, {"rfilename": "Huggy/Huggy-349947.onnx"}, {"rfilename": "Huggy/Huggy-349947.pt"}, {"rfilename": "Huggy/Huggy-399936.onnx"}, {"rfilename": "Huggy/Huggy-399936.pt"}, {"rfilename": "Huggy/Huggy-449896.onnx"}, {"rfilename": "Huggy/Huggy-449896.pt"}, {"rfilename": "Huggy/Huggy-499866.onnx"}, {"rfilename": "Huggy/Huggy-499866.pt"}, {"rfilename": "Huggy/Huggy-549926.onnx"}, {"rfilename": "Huggy/Huggy-549926.pt"}, {"rfilename": "Huggy/Huggy-599975.onnx"}, {"rfilename": "Huggy/Huggy-599975.pt"}, {"rfilename": "Huggy/Huggy-649999.onnx"}, {"rfilename": "Huggy/Huggy-649999.pt"}, {"rfilename": "Huggy/Huggy-699909.onnx"}, {"rfilename": "Huggy/Huggy-699909.pt"}, {"rfilename": "Huggy/Huggy-749930.onnx"}, {"rfilename": "Huggy/Huggy-749930.pt"}, {"rfilename": "Huggy/Huggy-799937.onnx"}, {"rfilename": "Huggy/Huggy-799937.pt"}, {"rfilename": "Huggy/Huggy-849987.onnx"}, {"rfilename": "Huggy/Huggy-849987.pt"}, {"rfilename": "Huggy/Huggy-899898.onnx"}, {"rfilename": "Huggy/Huggy-899898.pt"}, {"rfilename": "Huggy/Huggy-949951.onnx"}, {"rfilename": "Huggy/Huggy-949951.pt"}, {"rfilename": "Huggy/Huggy-99802.onnx"}, {"rfilename": "Huggy/Huggy-99802.pt"}, {"rfilename": "Huggy/Huggy-999935.onnx"}, {"rfilename": "Huggy/Huggy-999935.pt"}, {"rfilename": "Huggy/checkpoint.pt"}, {"rfilename": "Huggy/events.out.tfevents.1692745865.cdc307adae71.2390.0"}, {"rfilename": "Huggy/events.out.tfevents.1692749561.cdc307adae71.18156.0"}, {"rfilename": "README.md"}, {"rfilename": "config.json"}, {"rfilename": "configuration.yaml"}, {"rfilename": "run_logs/Player-0.log"}, {"rfilename": "run_logs/timers.json"}, {"rfilename": "run_logs/training_status.json"}], "spaces": [], "createdAt": "2023-08-23T00:06:19.000Z", "inferenceStatus": "not-loaded"}