{"_id": "6518b7bb1ed9cd2cadbcf800", "id": "GabeIsHaxkee/A", "modelId": "GabeIsHaxkee/A", "author": "GabeIsHaxkee", "sha": "692b1a42c3e638cc606b2968410c197bfbfa3629", "lastModified": "2023-10-01T00:05:15.000Z", "private": false, "disabled": false, "gated": false, "tags": ["license:deepfloyd-if-license", "region:us"], "downloads": 0, "likes": 0, "model-index": null, "cardData": {"license": "deepfloyd-if-license"}, "siblings": [{"rfilename": ".gitattributes"}, {"rfilename": "README.md"}], "spaces": [], "createdAt": "2023-10-01T00:05:15.000Z", "inferenceStatus": "not-loaded"}