{"_id": "63b727ce1b10e5b4493ce54d", "id": "gabella/bert-emotion", "modelId": "gabella/bert-emotion", "author": "gabella", "sha": "99b4b85a9c2296de5f2f6242989ddc73a750fcb8", "lastModified": "2023-01-11T16:51:12.000Z", "private": false, "disabled": false, "gated": false, "pipeline_tag": "text-classification", "tags": ["transformers", "pytorch", "tensorboard", "distilbert", "text-classification", "generated_from_trainer", "dataset:tweet_eval", "license:apache-2.0", "model-index", "autotrain_compatible", "endpoints_compatible", "region:us"], "downloads": 12, "library_name": "transformers", "mask_token": "[MASK]", "widgetData": [{"text": "I like you. I love you"}], "likes": 0, "model-index": [{"name": "bert-emotion", "results": [{"task": {"name": "Text Classification", "type": "text-classification"}, "dataset": {"name": "tweet_eval", "type": "tweet_eval", "config": "emotion", "split": "train", "args": "emotion"}, "metrics": [{"name": "Precision", "type": "precision", "value": 0.7350080900694398, "verified": false}, {"name": "Recall", "type": "recall", "value": 0.7334480130231172, "verified": false}]}]}], "config": {"architectures": ["DistilBertForSequenceClassification"], "model_type": "distilbert", "tokenizer_config": {"cls_token": "[CLS]", "mask_token": "[MASK]", "pad_token": "[PAD]", "sep_token": "[SEP]", "unk_token": "[UNK]"}}, "cardData": {"license": "apache-2.0", "tags": ["generated_from_trainer"], "datasets": ["tweet_eval"], "metrics": ["precision", "recall"], "model-index": [{"name": "bert-emotion", "results": [{"task": {"name": "Text Classification", "type": "text-classification"}, "dataset": {"name": "tweet_eval", "type": "tweet_eval", "config": "emotion", "split": "train", "args": "emotion"}, "metrics": [{"name": "Precision", "type": "precision", "value": 0.7350080900694398, "verified": false}, {"name": "Recall", "type": "recall", "value": 0.7334480130231172, "verified": false}]}]}]}, "transformersInfo": {"auto_model": "AutoModelForSequenceClassification", "pipeline_tag": "text-classification", "processor": "AutoTokenizer"}, "siblings": [{"rfilename": ".gitattributes"}, {"rfilename": ".gitignore"}, {"rfilename": "README.md"}, {"rfilename": "config.json"}, {"rfilename": "pytorch_model.bin"}, {"rfilename": "runs/Jan05_19-40-55_c8b9fbb1ba6c/1672947709.6998668/events.out.tfevents.1672947709.c8b9fbb1ba6c.1068.1"}, {"rfilename": "runs/Jan05_19-40-55_c8b9fbb1ba6c/events.out.tfevents.1672947709.c8b9fbb1ba6c.1068.0"}, {"rfilename": "runs/Jan11_03-32-14_55e73c6cfebe/1673408035.6966527/events.out.tfevents.1673408035.55e73c6cfebe.487.1"}, {"rfilename": "runs/Jan11_03-32-14_55e73c6cfebe/events.out.tfevents.1673408035.55e73c6cfebe.487.0"}, {"rfilename": "runs/Jan11_16-40-31_9d56e791b1ea/1673455238.9066126/events.out.tfevents.1673455238.9d56e791b1ea.576.1"}, {"rfilename": "runs/Jan11_16-40-31_9d56e791b1ea/events.out.tfevents.1673455238.9d56e791b1ea.576.0"}, {"rfilename": "runs/Jan11_16-45-26_9d56e791b1ea/1673455579.8273373/events.out.tfevents.1673455579.9d56e791b1ea.576.3"}, {"rfilename": "runs/Jan11_16-45-26_9d56e791b1ea/events.out.tfevents.1673455579.9d56e791b1ea.576.2"}, {"rfilename": "special_tokens_map.json"}, {"rfilename": "tokenizer.json"}, {"rfilename": "tokenizer_config.json"}, {"rfilename": "training_args.bin"}, {"rfilename": "vocab.txt"}], "spaces": [], "createdAt": "2023-01-05T19:41:02.000Z", "inferenceStatus": "not-loaded"}