{"_id": "660d2586eda4a381c19678ee", "id": "Gabescu/distilbert-base-uncased-finetuned-ner", "modelId": "Gabescu/distilbert-base-uncased-finetuned-ner", "author": "Gabescu", "sha": "5356eb609ac0a9c27604af23ff1e2151db25e55c", "lastModified": "2024-04-03T09:55:32.000Z", "private": false, "disabled": false, "gated": false, "pipeline_tag": "token-classification", "tags": ["transformers", "tensorboard", "safetensors", "distilbert", "token-classification", "generated_from_trainer", "base_model:distilbert-base-uncased", "license:apache-2.0", "autotrain_compatible", "endpoints_compatible", "region:us"], "downloads": 0, "library_name": "transformers", "mask_token": "[MASK]", "widgetData": [{"text": "My name is Wolfgang and I live in Berlin"}, {"text": "My name is Sarah and I live in London"}, {"text": "My name is Clara and I live in Berkeley, California."}], "likes": 0, "model-index": [{"name": "distilbert-base-uncased-finetuned-ner", "results": []}], "config": {"architectures": ["DistilBertForTokenClassification"], "model_type": "distilbert", "tokenizer_config": {"cls_token": "[CLS]", "mask_token": "[MASK]", "pad_token": "[PAD]", "sep_token": "[SEP]", "unk_token": "[UNK]"}}, "cardData": {"license": "apache-2.0", "base_model": "distilbert-base-uncased", "tags": ["generated_from_trainer"], "metrics": ["precision", "recall", "f1", "accuracy"], "model-index": [{"name": "distilbert-base-uncased-finetuned-ner", "results": []}]}, "transformersInfo": {"auto_model": "AutoModelForTokenClassification", "pipeline_tag": "token-classification", "processor": "AutoTokenizer"}, "siblings": [{"rfilename": ".gitattributes"}, {"rfilename": "README.md"}, {"rfilename": "config.json"}, {"rfilename": "model.safetensors"}, {"rfilename": "runs/Apr03_09-38-44_eb8a8fe74478/events.out.tfevents.1712137617.eb8a8fe74478.8346.0"}, {"rfilename": "runs/Apr03_09-38-44_eb8a8fe74478/events.out.tfevents.1712137971.eb8a8fe74478.8346.1"}, {"rfilename": "special_tokens_map.json"}, {"rfilename": "tokenizer.json"}, {"rfilename": "tokenizer_config.json"}, {"rfilename": "training_args.bin"}, {"rfilename": "vocab.txt"}], "spaces": [], "createdAt": "2024-04-03T09:46:46.000Z", "safetensors": {"parameters": {"F32": 66369801}, "total": 66369801}, "inferenceStatus": "not-loaded"}