{"_id": "64c40864538d4f17b5f7ec62", "id": "Gabelster/Sonic_Jason_Griffith", "modelId": "Gabelster/Sonic_Jason_Griffith", "author": "Gabelster", "sha": "8752a2953e157eb5061c76cd48f99c4d4c3b99bc", "lastModified": "2023-07-28T18:27:42.000Z", "private": false, "disabled": false, "gated": false, "tags": ["license:openrail", "region:us"], "downloads": 0, "likes": 1, "model-index": null, "cardData": {"license": "openrail"}, "siblings": [{"rfilename": ".gitattributes"}, {"rfilename": "README.md"}, {"rfilename": "Sonic_Jason_Griffith.zip"}], "spaces": [], "createdAt": "2023-07-28T18:26:44.000Z", "inferenceStatus": "not-loaded"}