{"_id": "64b3fd15b6b73d7584fa8bcf", "id": "GabeRaptor/Sisyphus_Prime", "modelId": "GabeRaptor/Sisyphus_Prime", "author": "GabeRaptor", "sha": "cb939dc6489e3a060d5aca0f75a7cec7ed4a1829", "lastModified": "2023-07-16T14:24:00.000Z", "private": false, "disabled": false, "gated": false, "tags": ["region:us"], "downloads": 0, "likes": 0, "siblings": [{"rfilename": ".gitattributes"}, {"rfilename": "sisyphusprime.rar"}], "spaces": [], "createdAt": "2023-07-16T14:22:13.000Z", "inferenceStatus": "not-loaded"}