{"_id": "64c17f8f77655fcf3fdad675", "id": "GabeLB/GabeLBRVC", "modelId": "GabeLB/GabeLBRVC", "author": "GabeLB", "sha": "948c7b011c28e88e7ed181655447267cccb6fb43", "lastModified": "2023-07-26T20:25:06.000Z", "private": false, "disabled": false, "gated": false, "tags": ["license:openrail", "region:us"], "downloads": 0, "likes": 0, "model-index": null, "cardData": {"license": "openrail"}, "siblings": [{"rfilename": ".gitattributes"}, {"rfilename": "README.md"}, {"rfilename": "yoshiki.zip"}], "spaces": [], "createdAt": "2023-07-26T20:18:23.000Z", "inferenceStatus": "not-loaded"}