{"_id": "65a93f439c81170e31594ad1", "id": "gabena/distilbert-base-uncased-finetuned-cola", "modelId": "gabena/distilbert-base-uncased-finetuned-cola", "author": "gabena", "sha": "595e9fdb787d614414a7ee0f4247217a81b52601", "lastModified": "2024-01-18T17:17:26.000Z", "private": false, "disabled": false, "gated": false, "pipeline_tag": "text-classification", "tags": ["transformers", "tensorboard", "safetensors", "distilbert", "text-classification", "generated_from_trainer", "base_model:distilbert-base-uncased", "license:apache-2.0", "autotrain_compatible", "endpoints_compatible", "region:us"], "downloads": 2, "library_name": "transformers", "mask_token": "[MASK]", "widgetData": [{"text": "I like you. I love you"}], "likes": 0, "model-index": [{"name": "distilbert-base-uncased-finetuned-cola", "results": []}], "config": {"architectures": ["DistilBertForSequenceClassification"], "model_type": "distilbert", "tokenizer_config": {"cls_token": "[CLS]", "mask_token": "[MASK]", "pad_token": "[PAD]", "sep_token": "[SEP]", "unk_token": "[UNK]"}}, "cardData": {"license": "apache-2.0", "base_model": "distilbert-base-uncased", "tags": ["generated_from_trainer"], "metrics": ["matthews_correlation"], "model-index": [{"name": "distilbert-base-uncased-finetuned-cola", "results": []}]}, "transformersInfo": {"auto_model": "AutoModelForSequenceClassification", "pipeline_tag": "text-classification", "processor": "AutoTokenizer"}, "siblings": [{"rfilename": ".gitattributes"}, {"rfilename": "README.md"}, {"rfilename": "config.json"}, {"rfilename": "model.safetensors"}, {"rfilename": "run-0/checkpoint-1070/config.json"}, {"rfilename": "run-0/checkpoint-1070/model.safetensors"}, {"rfilename": "run-0/checkpoint-1070/optimizer.pt"}, {"rfilename": "run-0/checkpoint-1070/rng_state.pth"}, {"rfilename": "run-0/checkpoint-1070/scheduler.pt"}, {"rfilename": "run-0/checkpoint-1070/special_tokens_map.json"}, {"rfilename": "run-0/checkpoint-1070/tokenizer.json"}, {"rfilename": "run-0/checkpoint-1070/tokenizer_config.json"}, {"rfilename": "run-0/checkpoint-1070/trainer_state.json"}, {"rfilename": "run-0/checkpoint-1070/training_args.bin"}, {"rfilename": "run-0/checkpoint-1070/vocab.txt"}, {"rfilename": "run-0/checkpoint-535/config.json"}, {"rfilename": "run-0/checkpoint-535/model.safetensors"}, {"rfilename": "run-0/checkpoint-535/optimizer.pt"}, {"rfilename": "run-0/checkpoint-535/rng_state.pth"}, {"rfilename": "run-0/checkpoint-535/scheduler.pt"}, {"rfilename": "run-0/checkpoint-535/special_tokens_map.json"}, {"rfilename": "run-0/checkpoint-535/tokenizer.json"}, {"rfilename": "run-0/checkpoint-535/tokenizer_config.json"}, {"rfilename": "run-0/checkpoint-535/trainer_state.json"}, {"rfilename": "run-0/checkpoint-535/training_args.bin"}, {"rfilename": "run-0/checkpoint-535/vocab.txt"}, {"rfilename": "run-1/checkpoint-1069/config.json"}, {"rfilename": "run-1/checkpoint-1069/model.safetensors"}, {"rfilename": "run-1/checkpoint-1069/optimizer.pt"}, {"rfilename": "run-1/checkpoint-1069/rng_state.pth"}, {"rfilename": "run-1/checkpoint-1069/scheduler.pt"}, {"rfilename": "run-1/checkpoint-1069/special_tokens_map.json"}, {"rfilename": "run-1/checkpoint-1069/tokenizer.json"}, {"rfilename": "run-1/checkpoint-1069/tokenizer_config.json"}, {"rfilename": "run-1/checkpoint-1069/trainer_state.json"}, {"rfilename": "run-1/checkpoint-1069/training_args.bin"}, {"rfilename": "run-1/checkpoint-1069/vocab.txt"}, {"rfilename": "run-2/checkpoint-1070/config.json"}, {"rfilename": "run-2/checkpoint-1070/model.safetensors"}, {"rfilename": "run-2/checkpoint-1070/optimizer.pt"}, {"rfilename": "run-2/checkpoint-1070/rng_state.pth"}, {"rfilename": "run-2/checkpoint-1070/scheduler.pt"}, {"rfilename": "run-2/checkpoint-1070/special_tokens_map.json"}, {"rfilename": "run-2/checkpoint-1070/tokenizer.json"}, {"rfilename": "run-2/checkpoint-1070/tokenizer_config.json"}, {"rfilename": "run-2/checkpoint-1070/trainer_state.json"}, {"rfilename": "run-2/checkpoint-1070/training_args.bin"}, {"rfilename": "run-2/checkpoint-1070/vocab.txt"}, {"rfilename": "run-2/checkpoint-1605/config.json"}, {"rfilename": "run-2/checkpoint-1605/model.safetensors"}, {"rfilename": "run-2/checkpoint-1605/optimizer.pt"}, {"rfilename": "run-2/checkpoint-1605/rng_state.pth"}, {"rfilename": "run-2/checkpoint-1605/scheduler.pt"}, {"rfilename": "run-2/checkpoint-1605/special_tokens_map.json"}, {"rfilename": "run-2/checkpoint-1605/tokenizer.json"}, {"rfilename": "run-2/checkpoint-1605/tokenizer_config.json"}, {"rfilename": "run-2/checkpoint-1605/trainer_state.json"}, {"rfilename": "run-2/checkpoint-1605/training_args.bin"}, {"rfilename": "run-2/checkpoint-1605/vocab.txt"}, {"rfilename": "run-2/checkpoint-2140/config.json"}, {"rfilename": "run-2/checkpoint-2140/model.safetensors"}, {"rfilename": "run-2/checkpoint-2140/optimizer.pt"}, {"rfilename": "run-2/checkpoint-2140/rng_state.pth"}, {"rfilename": "run-2/checkpoint-2140/scheduler.pt"}, {"rfilename": "run-2/checkpoint-2140/special_tokens_map.json"}, {"rfilename": "run-2/checkpoint-2140/tokenizer.json"}, {"rfilename": "run-2/checkpoint-2140/tokenizer_config.json"}, {"rfilename": "run-2/checkpoint-2140/trainer_state.json"}, {"rfilename": "run-2/checkpoint-2140/training_args.bin"}, {"rfilename": "run-2/checkpoint-2140/vocab.txt"}, {"rfilename": "run-2/checkpoint-2675/config.json"}, {"rfilename": "run-2/checkpoint-2675/model.safetensors"}, {"rfilename": "run-2/checkpoint-2675/optimizer.pt"}, {"rfilename": "run-2/checkpoint-2675/rng_state.pth"}, {"rfilename": "run-2/checkpoint-2675/scheduler.pt"}, {"rfilename": "run-2/checkpoint-2675/special_tokens_map.json"}, {"rfilename": "run-2/checkpoint-2675/tokenizer.json"}, {"rfilename": "run-2/checkpoint-2675/tokenizer_config.json"}, {"rfilename": "run-2/checkpoint-2675/trainer_state.json"}, {"rfilename": "run-2/checkpoint-2675/training_args.bin"}, {"rfilename": "run-2/checkpoint-2675/vocab.txt"}, {"rfilename": "run-2/checkpoint-535/config.json"}, {"rfilename": "run-2/checkpoint-535/model.safetensors"}, {"rfilename": "run-2/checkpoint-535/optimizer.pt"}, {"rfilename": "run-2/checkpoint-535/rng_state.pth"}, {"rfilename": "run-2/checkpoint-535/scheduler.pt"}, {"rfilename": "run-2/checkpoint-535/special_tokens_map.json"}, {"rfilename": "run-2/checkpoint-535/tokenizer.json"}, {"rfilename": "run-2/checkpoint-535/tokenizer_config.json"}, {"rfilename": "run-2/checkpoint-535/trainer_state.json"}, {"rfilename": "run-2/checkpoint-535/training_args.bin"}, {"rfilename": "run-2/checkpoint-535/vocab.txt"}, {"rfilename": "run-3/checkpoint-1069/config.json"}, {"rfilename": "run-3/checkpoint-1069/model.safetensors"}, {"rfilename": "run-3/checkpoint-1069/optimizer.pt"}, {"rfilename": "run-3/checkpoint-1069/rng_state.pth"}, {"rfilename": "run-3/checkpoint-1069/scheduler.pt"}, {"rfilename": "run-3/checkpoint-1069/special_tokens_map.json"}, {"rfilename": "run-3/checkpoint-1069/tokenizer.json"}, {"rfilename": "run-3/checkpoint-1069/tokenizer_config.json"}, {"rfilename": "run-3/checkpoint-1069/trainer_state.json"}, {"rfilename": "run-3/checkpoint-1069/training_args.bin"}, {"rfilename": "run-3/checkpoint-1069/vocab.txt"}, {"rfilename": "run-3/checkpoint-2138/config.json"}, {"rfilename": "run-3/checkpoint-2138/model.safetensors"}, {"rfilename": "run-3/checkpoint-2138/optimizer.pt"}, {"rfilename": "run-3/checkpoint-2138/rng_state.pth"}, {"rfilename": "run-3/checkpoint-2138/scheduler.pt"}, {"rfilename": "run-3/checkpoint-2138/special_tokens_map.json"}, {"rfilename": "run-3/checkpoint-2138/tokenizer.json"}, {"rfilename": "run-3/checkpoint-2138/tokenizer_config.json"}, {"rfilename": "run-3/checkpoint-2138/trainer_state.json"}, {"rfilename": "run-3/checkpoint-2138/training_args.bin"}, {"rfilename": "run-3/checkpoint-2138/vocab.txt"}, {"rfilename": "run-4/checkpoint-134/config.json"}, {"rfilename": "run-4/checkpoint-134/model.safetensors"}, {"rfilename": "run-4/checkpoint-134/optimizer.pt"}, {"rfilename": "run-4/checkpoint-134/rng_state.pth"}, {"rfilename": "run-4/checkpoint-134/scheduler.pt"}, {"rfilename": "run-4/checkpoint-134/special_tokens_map.json"}, {"rfilename": "run-4/checkpoint-134/tokenizer.json"}, {"rfilename": "run-4/checkpoint-134/tokenizer_config.json"}, {"rfilename": "run-4/checkpoint-134/trainer_state.json"}, {"rfilename": "run-4/checkpoint-134/training_args.bin"}, {"rfilename": "run-4/checkpoint-134/vocab.txt"}, {"rfilename": "run-4/checkpoint-268/config.json"}, {"rfilename": "run-4/checkpoint-268/model.safetensors"}, {"rfilename": "run-4/checkpoint-268/optimizer.pt"}, {"rfilename": "run-4/checkpoint-268/rng_state.pth"}, {"rfilename": "run-4/checkpoint-268/scheduler.pt"}, {"rfilename": "run-4/checkpoint-268/special_tokens_map.json"}, {"rfilename": "run-4/checkpoint-268/tokenizer.json"}, {"rfilename": "run-4/checkpoint-268/tokenizer_config.json"}, {"rfilename": "run-4/checkpoint-268/trainer_state.json"}, {"rfilename": "run-4/checkpoint-268/training_args.bin"}, {"rfilename": "run-4/checkpoint-268/vocab.txt"}, {"rfilename": "runs/Jan18_15-09-54_848abcdffa44/events.out.tfevents.1705590596.848abcdffa44.4075.0"}, {"rfilename": "runs/Jan18_15-09-54_848abcdffa44/events.out.tfevents.1705590777.848abcdffa44.4075.1"}, {"rfilename": "runs/Jan18_16-55-51_4829fab76bcc/events.out.tfevents.1705597033.4829fab76bcc.1263.0"}, {"rfilename": "runs/Jan18_16-55-51_4829fab76bcc/events.out.tfevents.1705597220.4829fab76bcc.1263.1"}, {"rfilename": "runs/Jan18_16-55-51_4829fab76bcc/events.out.tfevents.1705597247.4829fab76bcc.1263.2"}, {"rfilename": "runs/Jan18_16-55-51_4829fab76bcc/events.out.tfevents.1705597351.4829fab76bcc.1263.3"}, {"rfilename": "runs/Jan18_16-55-51_4829fab76bcc/events.out.tfevents.1705597435.4829fab76bcc.1263.4"}, {"rfilename": "runs/Jan18_16-55-51_4829fab76bcc/events.out.tfevents.1705597666.4829fab76bcc.1263.5"}, {"rfilename": "runs/Jan18_16-55-51_4829fab76bcc/events.out.tfevents.1705597832.4829fab76bcc.1263.6"}, {"rfilename": "runs/Jan18_16-55-51_4829fab76bcc/events.out.tfevents.1705597949.4829fab76bcc.1263.7"}, {"rfilename": "runs/Jan18_16-55-51_4829fab76bcc/events.out.tfevents.1705598051.4829fab76bcc.1263.8"}, {"rfilename": "runs/Jan18_16-55-51_4829fab76bcc/events.out.tfevents.1705598074.4829fab76bcc.1263.9"}, {"rfilename": "runs/Jan18_16-55-51_4829fab76bcc/events.out.tfevents.1705598097.4829fab76bcc.1263.10"}, {"rfilename": "runs/Jan18_16-55-51_4829fab76bcc/events.out.tfevents.1705598121.4829fab76bcc.1263.11"}, {"rfilename": "runs/Jan18_16-55-51_4829fab76bcc/events.out.tfevents.1705598143.4829fab76bcc.1263.12"}, {"rfilename": "special_tokens_map.json"}, {"rfilename": "tokenizer.json"}, {"rfilename": "tokenizer_config.json"}, {"rfilename": "training_args.bin"}, {"rfilename": "vocab.txt"}], "spaces": [], "createdAt": "2024-01-18T15:09:55.000Z", "safetensors": {"parameters": {"F32": 66955010}, "total": 66955010}, "inferenceStatus": "not-loaded"}