{"_id": "6600858d997ede4f9bf64950", "id": "Gabe-Thomp/path-to-save-model", "modelId": "Gabe-Thomp/path-to-save-model", "author": "Gabe-Thomp", "sha": "1edae48b79214cb656cdf851135eb7dc390c3317", "lastModified": "2024-03-24T20:02:05.000Z", "private": false, "disabled": false, "gated": false, "pipeline_tag": "text-to-image", "tags": ["diffusers", "tensorboard", "safetensors", "text-to-image", "dreambooth", "diffusers-training", "stable-diffusion", "stable-diffusion-diffusers", "base_model:CompVis/stable-diffusion-v1-4", "license:creativeml-openrail-m", "autotrain_compatible", "endpoints_compatible", "diffusers:StableDiffusionPipeline", "region:us"], "downloads": 0, "library_name": "diffusers", "likes": 0, "model-index": null, "config": {"diffusers": {"_class_name": "StableDiffusionPipeline"}}, "cardData": {"license": "creativeml-openrail-m", "library_name": "diffusers", "tags": ["text-to-image", "dreambooth", "diffusers-training", "stable-diffusion", "stable-diffusion-diffusers"], "base_model": "CompVis/stable-diffusion-v1-4", "inference": true, "instance_prompt": "a photo of sks dog"}, "siblings": [{"rfilename": ".gitattributes"}, {"rfilename": "README.md"}, {"rfilename": "feature_extractor/preprocessor_config.json"}, {"rfilename": "logs/dreambooth/1711310272.8119948/events.out.tfevents.1711310272.everlast.ece.ncsu.edu.1293680.1"}, {"rfilename": "logs/dreambooth/1711310272.812747/hparams.yml"}, {"rfilename": "logs/dreambooth/events.out.tfevents.1711310272.everlast.ece.ncsu.edu.1293680.0"}, {"rfilename": "model_index.json"}, {"rfilename": "safety_checker/config.json"}, {"rfilename": "safety_checker/model.safetensors"}, {"rfilename": "scheduler/scheduler_config.json"}, {"rfilename": "text_encoder/config.json"}, {"rfilename": "text_encoder/model.safetensors"}, {"rfilename": "tokenizer/merges.txt"}, {"rfilename": "tokenizer/special_tokens_map.json"}, {"rfilename": "tokenizer/tokenizer_config.json"}, {"rfilename": "tokenizer/vocab.json"}, {"rfilename": "unet/config.json"}, {"rfilename": "unet/diffusion_pytorch_model.safetensors"}, {"rfilename": "vae/config.json"}, {"rfilename": "vae/diffusion_pytorch_model.safetensors"}], "spaces": [], "createdAt": "2024-03-24T19:57:01.000Z", "inferenceStatus": "not-loaded"}