{"_id": "65c699ef73080759616808f3", "id": "gabejohnson/dummy-model", "modelId": "gabejohnson/dummy-model", "author": "gabejohnson", "sha": "d2b20d81d1356c0ce32af25b05e1431a23daaff6", "lastModified": "2024-02-09T21:32:58.000Z", "private": false, "disabled": false, "gated": false, "pipeline_tag": "fill-mask", "tags": ["transformers", "safetensors", "camembert", "fill-mask", "arxiv:1910.09700", "autotrain_compatible", "endpoints_compatible", "region:us"], "downloads": 0, "library_name": "transformers", "mask_token": "<mask>", "widgetData": [{"text": "Paris is the <mask> of France."}, {"text": "The goal of life is <mask>."}], "likes": 0, "model-index": null, "config": {"architectures": ["CamembertForMaskedLM"], "model_type": "camembert"}, "cardData": {"library_name": "transformers", "tags": []}, "transformersInfo": {"auto_model": "AutoModelForMaskedLM", "pipeline_tag": "fill-mask", "processor": "AutoTokenizer"}, "siblings": [{"rfilename": ".gitattributes"}, {"rfilename": "README.md"}, {"rfilename": "config.json"}, {"rfilename": "model.safetensors"}], "spaces": [], "createdAt": "2024-02-09T21:32:31.000Z", "safetensors": {"parameters": {"F32": 110655493}, "total": 110655493}, "inferenceStatus": "not-loaded"}