{"_id": "65f1f0f02afcb4b1c46f9a36", "id": "gabehubner/layoutlm-funsd", "modelId": "gabehubner/layoutlm-funsd", "author": "gabehubner", "sha": "0b51dfcac34691dea7ce5c64c71341edbce1a5ab", "lastModified": "2024-03-13T18:46:40.000Z", "private": false, "disabled": false, "gated": false, "pipeline_tag": "token-classification", "tags": ["transformers", "tensorboard", "safetensors", "layoutlm", "token-classification", "generated_from_trainer", "dataset:funsd", "base_model:microsoft/layoutlm-base-uncased", "license:mit", "autotrain_compatible", "endpoints_compatible", "region:us"], "downloads": 1, "library_name": "transformers", "widgetData": [{"text": "My name is Wolfgang and I live in Berlin"}, {"text": "My name is Sarah and I live in London"}, {"text": "My name is Clara and I live in Berkeley, California."}], "likes": 0, "model-index": [{"name": "layoutlm-funsd", "results": []}], "config": {"architectures": ["LayoutLMForTokenClassification"], "model_type": "layoutlm", "tokenizer_config": {"cls_token": "[CLS]", "mask_token": "[MASK]", "pad_token": "[PAD]", "sep_token": "[SEP]", "unk_token": "[UNK]"}}, "cardData": {"license": "mit", "base_model": "microsoft/layoutlm-base-uncased", "tags": ["generated_from_trainer"], "datasets": ["funsd"], "model-index": [{"name": "layoutlm-funsd", "results": []}]}, "transformersInfo": {"auto_model": "AutoModelForTokenClassification", "pipeline_tag": "token-classification", "processor": "AutoTokenizer"}, "siblings": [{"rfilename": ".gitattributes"}, {"rfilename": "README.md"}, {"rfilename": "config.json"}, {"rfilename": "logs/events.out.tfevents.1710354675.1b7450536ea5.3929.0"}, {"rfilename": "logs/events.out.tfevents.1710355327.1b7450536ea5.7044.0"}, {"rfilename": "model.safetensors"}, {"rfilename": "preprocessor_config.json"}, {"rfilename": "special_tokens_map.json"}, {"rfilename": "tokenizer.json"}, {"rfilename": "tokenizer_config.json"}, {"rfilename": "training_args.bin"}, {"rfilename": "vocab.txt"}], "spaces": [], "createdAt": "2024-03-13T18:31:12.000Z", "safetensors": {"parameters": {"F32": 112633351}, "total": 112633351}, "inferenceStatus": "not-loaded"}