{"_id": "65413582f096c4b9eaec1596", "id": "gabeswts/Oi", "modelId": "gabeswts/Oi", "author": "gabeswts", "sha": "e3b82f897563443d3f2ac82f56d87ae3ac730e01", "lastModified": "2023-10-31T17:16:59.000Z", "private": false, "disabled": false, "gated": false, "tags": ["license:openrail", "region:us"], "downloads": 0, "likes": 0, "model-index": null, "cardData": {"license": "openrail"}, "siblings": [{"rfilename": ".gitattributes"}, {"rfilename": "README.md"}, {"rfilename": "mariajosee (1) (1).zip"}, {"rfilename": "mariajosee (1).zip"}], "spaces": [], "createdAt": "2023-10-31T17:12:34.000Z", "inferenceStatus": "not-loaded"}