{"_id": "64c319a213dc689c2f043a58", "id": "Gabelster/Charlie_B_Barkin", "modelId": "Gabelster/Charlie_B_Barkin", "author": "Gabelster", "sha": "cf3b5d8130400348113adb4170aeb1645931c1aa", "lastModified": "2023-07-28T01:29:56.000Z", "private": false, "disabled": false, "gated": false, "tags": ["license:openrail", "region:us"], "downloads": 0, "likes": 0, "model-index": null, "cardData": {"license": "openrail"}, "siblings": [{"rfilename": ".gitattributes"}, {"rfilename": "Charlie_Barkin.zip"}, {"rfilename": "README.md"}], "spaces": [], "createdAt": "2023-07-28T01:28:02.000Z", "inferenceStatus": "not-loaded"}