{"_id": "66008b769c59dc93e7214410", "id": "Gabe-Thomp/ju-path-to-save-model", "modelId": "Gabe-Thomp/ju-path-to-save-model", "author": "Gabe-Thomp", "sha": "ff07d90dec0b062ae37cf62d5ecad79fd6df50f2", "lastModified": "2024-03-24T23:48:53.000Z", "private": false, "disabled": false, "gated": false, "pipeline_tag": "text-to-image", "tags": ["diffusers", "tensorboard", "safetensors", "text-to-image", "dreambooth", "diffusers-training", "stable-diffusion", "stable-diffusion-diffusers", "base_model:CompVis/stable-diffusion-v1-4", "license:creativeml-openrail-m", "autotrain_compatible", "endpoints_compatible", "diffusers:StableDiffusionPipeline", "region:us"], "downloads": 0, "library_name": "diffusers", "likes": 1, "model-index": null, "config": {"diffusers": {"_class_name": "StableDiffusionPipeline"}}, "cardData": {"license": "creativeml-openrail-m", "library_name": "diffusers", "tags": ["text-to-image", "dreambooth", "diffusers-training", "stable-diffusion", "stable-diffusion-diffusers", "text-to-image", "dreambooth", "diffusers-training", "stable-diffusion", "stable-diffusion-diffusers"], "base_model": "CompVis/stable-diffusion-v1-4", "inference": true, "instance_prompt": "a photo of a human name ju"}, "siblings": [{"rfilename": ".gitattributes"}, {"rfilename": "README.md"}, {"rfilename": "feature_extractor/preprocessor_config.json"}, {"rfilename": "logs/dreambooth/1711311736.7077353/events.out.tfevents.1711311736.everlast.ece.ncsu.edu.1295761.1"}, {"rfilename": "logs/dreambooth/1711311736.7084496/hparams.yml"}, {"rfilename": "logs/dreambooth/1711323926.3930097/events.out.tfevents.1711323926.everlast.ece.ncsu.edu.1301538.1"}, {"rfilename": "logs/dreambooth/1711323926.3938746/hparams.yml"}, {"rfilename": "logs/dreambooth/events.out.tfevents.1711311736.everlast.ece.ncsu.edu.1295761.0"}, {"rfilename": "logs/dreambooth/events.out.tfevents.1711323926.everlast.ece.ncsu.edu.1301538.0"}, {"rfilename": "model_index.json"}, {"rfilename": "safety_checker/config.json"}, {"rfilename": "safety_checker/model.safetensors"}, {"rfilename": "scheduler/scheduler_config.json"}, {"rfilename": "text_encoder/config.json"}, {"rfilename": "text_encoder/model.safetensors"}, {"rfilename": "tokenizer/merges.txt"}, {"rfilename": "tokenizer/special_tokens_map.json"}, {"rfilename": "tokenizer/tokenizer_config.json"}, {"rfilename": "tokenizer/vocab.json"}, {"rfilename": "unet/config.json"}, {"rfilename": "unet/diffusion_pytorch_model.safetensors"}, {"rfilename": "vae/config.json"}, {"rfilename": "vae/diffusion_pytorch_model.safetensors"}], "spaces": [], "createdAt": "2024-03-24T20:22:14.000Z", "inferenceStatus": "not-loaded"}