{"_id": "64eb5bc534d4f8996629dce7", "id": "Gabizu/StanCarlaCardoso", "modelId": "Gabizu/StanCarlaCardoso", "author": "Gabizu", "sha": "9a2a08ce02d3f43cb3654726a30b8a370fbd7e5b", "lastModified": "2023-08-27T14:22:28.000Z", "private": false, "disabled": false, "gated": false, "tags": ["license:openrail", "region:us"], "downloads": 0, "likes": 0, "model-index": null, "cardData": {"license": "openrail"}, "siblings": [{"rfilename": ".gitattributes"}, {"rfilename": "README.md"}, {"rfilename": "StanCarlaCardoso.zip"}], "spaces": [], "createdAt": "2023-08-27T14:20:53.000Z", "inferenceStatus": "not-loaded"}