{"_id": "65db71a04e23db813d6d52fa", "id": "Gabizu/TioLegado", "modelId": "Gabizu/TioLegado", "author": "Gabizu", "sha": "3a94484effbfcfac7b892ba2c0895e010dafd9e5", "lastModified": "2024-02-25T17:10:56.000Z", "private": false, "disabled": false, "gated": false, "tags": ["license:openrail", "region:us"], "downloads": 0, "likes": 0, "model-index": null, "cardData": {"license": "openrail"}, "siblings": [{"rfilename": ".gitattributes"}, {"rfilename": "README.md"}, {"rfilename": "TioLegado.zip"}], "spaces": [], "createdAt": "2024-02-25T16:58:08.000Z", "inferenceStatus": "not-loaded"}