{"_id": "62431616b1fc6718f4fad8c5", "id": "gabitoo1234/autotrain-mut_all_text-680820343", "modelId": "gabitoo1234/autotrain-mut_all_text-680820343", "author": "gabitoo1234", "sha": "3f55b781642e6f5e5149ae409d3a41e58a556504", "lastModified": "2022-03-29T16:09:31.000Z", "private": false, "disabled": false, "gated": false, "pipeline_tag": "text-classification", "tags": ["transformers", "pytorch", "bert", "text-classification", "autotrain", "es", "dataset:gabitoo1234/autotrain-data-mut_all_text", "co2_eq_emissions", "autotrain_compatible", "endpoints_compatible", "region:us"], "downloads": 2, "library_name": "transformers", "mask_token": "[MASK]", "widgetData": [{"text": "I love AutoTrain \ud83e\udd17"}], "likes": 0, "model-index": null, "config": {"architectures": ["BertForSequenceClassification"], "model_type": "bert", "tokenizer_config": {"unk_token": "[UNK]", "sep_token": "[SEP]", "pad_token": "[PAD]", "cls_token": "[CLS]", "mask_token": "[MASK]"}}, "cardData": {"tags": "autotrain", "language": "es", "widget": [{"text": "I love AutoTrain \ud83e\udd17"}], "datasets": ["gabitoo1234/autotrain-data-mut_all_text"], "co2_eq_emissions": 115.48848403681228}, "transformersInfo": {"auto_model": "AutoModelForSequenceClassification", "pipeline_tag": "text-classification", "processor": "AutoTokenizer"}, "siblings": [{"rfilename": ".gitattributes"}, {"rfilename": "README.md"}, {"rfilename": "config.json"}, {"rfilename": "pytorch_model.bin"}, {"rfilename": "sample_input.pkl"}, {"rfilename": "special_tokens_map.json"}, {"rfilename": "tokenizer.json"}, {"rfilename": "tokenizer_config.json"}, {"rfilename": "vocab.txt"}], "spaces": [], "createdAt": "2022-03-29T14:22:14.000Z", "inferenceStatus": "not-loaded"}