{"_id": "658c9534f075fa6df19e29a3", "id": "Gabizu/JigsawMoreno", "modelId": "Gabizu/JigsawMoreno", "author": "Gabizu", "sha": "ab0277f52453289cbc0cc1a6b4038a8838a0a403", "lastModified": "2023-12-27T21:21:33.000Z", "private": false, "disabled": false, "gated": false, "tags": ["license:openrail", "region:us"], "downloads": 0, "likes": 0, "model-index": null, "cardData": {"license": "openrail"}, "siblings": [{"rfilename": ".gitattributes"}, {"rfilename": "JigsawMoreno.zip"}, {"rfilename": "README.md"}], "spaces": [], "createdAt": "2023-12-27T21:20:52.000Z", "inferenceStatus": "not-loaded"}