{"_id": "64f55242df582525edbdb7f1", "id": "Gabizu/TweekMariaRocha", "modelId": "Gabizu/TweekMariaRocha", "author": "Gabizu", "sha": "9496df81d5b9a38e92c21e7241fafdfc8d69f77f", "lastModified": "2023-09-04T03:43:26.000Z", "private": false, "disabled": false, "gated": false, "tags": ["license:openrail", "region:us"], "downloads": 0, "likes": 0, "model-index": null, "cardData": {"license": "openrail"}, "siblings": [{"rfilename": ".gitattributes"}, {"rfilename": "README.md"}, {"rfilename": "TweekMariaRocha.zip"}], "spaces": [], "createdAt": "2023-09-04T03:42:58.000Z", "inferenceStatus": "not-loaded"}