{"_id": "6687f33f7a67e6a352bf7aa5", "id": "gabidelmar/Morpheus", "modelId": "gabidelmar/Morpheus", "author": "gabidelmar", "sha": "28d901a66dc8e8557ec0369c1ede9b33aefb6da3", "lastModified": "2024-07-05T13:21:03.000Z", "private": false, "disabled": false, "gated": false, "tags": ["license:openrail", "region:us"], "downloads": 0, "likes": 0, "model-index": null, "cardData": {"license": "openrail"}, "siblings": [{"rfilename": ".gitattributes"}, {"rfilename": "README.md"}], "spaces": [], "createdAt": "2024-07-05T13:21:03.000Z", "inferenceStatus": "not-loaded"}