{"_id": "65ccec86f0cac465b1fcf043", "id": "Gabizu/MickeyMouseRyanpc_", "modelId": "Gabizu/MickeyMouseRyanpc_", "author": "Gabizu", "sha": "7d80b195cc5ad06ccfddcb8874ace1896194e90d", "lastModified": "2024-02-14T16:39:26.000Z", "private": false, "disabled": false, "gated": false, "tags": ["license:openrail", "region:us"], "downloads": 0, "likes": 0, "model-index": null, "cardData": {"license": "openrail"}, "siblings": [{"rfilename": ".gitattributes"}, {"rfilename": "MickeyMouseRyanpc_.zip"}, {"rfilename": "README.md"}], "spaces": [], "createdAt": "2024-02-14T16:38:30.000Z", "inferenceStatus": "not-loaded"}