{"_id": "65dab69aec3dc9ccf7a67f12", "id": "Gabizu/KyleBroflovskiGabizu", "modelId": "Gabizu/KyleBroflovskiGabizu", "author": "Gabizu", "sha": "56cb79ab87c664ae60eaac88e3604ee23af93040", "lastModified": "2024-02-25T03:41:02.000Z", "private": false, "disabled": false, "gated": false, "tags": ["license:openrail", "region:us"], "downloads": 0, "likes": 0, "model-index": null, "cardData": {"license": "openrail"}, "siblings": [{"rfilename": ".gitattributes"}, {"rfilename": "KyleBroflovskiGabizu.zip"}, {"rfilename": "README.md"}], "spaces": [], "createdAt": "2024-02-25T03:40:10.000Z", "inferenceStatus": "not-loaded"}