{"_id": "63f5c64bfe4d47d01f653f3a", "id": "gabihp30/base", "modelId": "gabihp30/base", "author": "gabihp30", "sha": "0aa4bceb4547dd4df0ccb6378b5d1d2cce146b6e", "lastModified": "2023-02-22T13:29:53.000Z", "private": false, "disabled": false, "gated": false, "tags": ["transformers", "pytorch", "tensorboard", "donut", "endpoints_compatible", "region:us"], "downloads": 0, "library_name": "transformers", "likes": 0, "config": {"architectures": ["DonutModel"], "model_type": "donut", "tokenizer_config": {"bos_token": "<s>", "cls_token": "<s>", "eos_token": "</s>", "mask_token": {"__type": "AddedToken", "content": "<mask>", "lstrip": true, "normalized": true, "rstrip": false, "single_word": false}, "pad_token": "<pad>", "sep_token": "</s>", "unk_token": "<unk>"}}, "transformersInfo": {"auto_model": "AutoModel"}, "siblings": [{"rfilename": ".gitattributes"}, {"rfilename": "added_tokens.json"}, {"rfilename": "artifacts.ckpt"}, {"rfilename": "config.json"}, {"rfilename": "config.yaml"}, {"rfilename": "events.out.tfevents.1676770516.server.16270.0"}, {"rfilename": "hparams.yaml"}, {"rfilename": "pytorch_model.bin"}, {"rfilename": "sentencepiece.bpe.model"}, {"rfilename": "special_tokens_map.json"}, {"rfilename": "tokenizer_config.json"}], "spaces": [], "createdAt": "2023-02-22T07:37:47.000Z", "inferenceStatus": "not-loaded"}