{"_id": "65cbba2f30aee38c65ebcf43", "id": "Gabizu/EricCartmanGabizu", "modelId": "Gabizu/EricCartmanGabizu", "author": "Gabizu", "sha": "ac1f2b427558ec42f9c98d0e434a14ba2c374db4", "lastModified": "2024-02-13T18:52:59.000Z", "private": false, "disabled": false, "gated": false, "tags": ["license:openrail", "region:us"], "downloads": 0, "likes": 0, "model-index": null, "cardData": {"license": "openrail"}, "siblings": [{"rfilename": ".gitattributes"}, {"rfilename": "EricCartmanGabizu.zip"}, {"rfilename": "README.md"}], "spaces": [], "createdAt": "2024-02-13T18:51:27.000Z", "inferenceStatus": "not-loaded"}