{"_id": "646d36e62abe5323fe1db63c", "id": "gabikreal/vasyalozhkin", "modelId": "gabikreal/vasyalozhkin", "author": "gabikreal", "sha": "6c4798b9c33320ef69de81dc442673f8f36f261a", "lastModified": "2023-05-23T21:57:58.000Z", "private": false, "disabled": false, "gated": false, "tags": ["license:unknown", "region:us"], "downloads": 0, "likes": 0, "model-index": null, "cardData": {"license": "unknown"}, "siblings": [{"rfilename": ".gitattributes"}, {"rfilename": "README.md"}], "spaces": [], "createdAt": "2023-05-23T21:57:58.000Z", "inferenceStatus": "not-loaded"}