{"_id": "6521e60d6b01183a67d49064", "id": "Gabizu/ToadOberdanJunior", "modelId": "Gabizu/ToadOberdanJunior", "author": "Gabizu", "sha": "3f4733e34f61200023e64b0c08ba157f3c01c1dc", "lastModified": "2023-10-07T23:13:47.000Z", "private": false, "disabled": false, "gated": false, "tags": ["license:openrail", "region:us"], "downloads": 0, "likes": 0, "model-index": null, "cardData": {"license": "openrail"}, "siblings": [{"rfilename": ".gitattributes"}, {"rfilename": "README.md"}, {"rfilename": "ToadOberdanJunior.zip"}], "spaces": [], "createdAt": "2023-10-07T23:13:17.000Z", "inferenceStatus": "not-loaded"}