{"_id": "644e7ab7cf72e60a5b7a82ed", "id": "gabluz/loras-ggml", "modelId": "gabluz/loras-ggml", "author": "gabluz", "sha": "cf7232f7ed55f3cf6cd45bd9e4e19edfefaf72ad", "lastModified": "2023-04-30T15:47:26.000Z", "private": false, "disabled": false, "gated": false, "tags": ["pt", "en", "es", "ca", "region:us"], "downloads": 0, "likes": 1, "model-index": null, "cardData": {"language": ["pt", "en", "es", "ca"]}, "siblings": [{"rfilename": ".gitattributes"}, {"rfilename": "README.md"}, {"rfilename": "ggml-alpaca-lora-65b-en-pt-es-ca.bin"}, {"rfilename": "ggml-alpaca-lora-ptbr-7b.bin"}], "spaces": [], "createdAt": "2023-04-30T14:27:03.000Z", "inferenceStatus": "not-loaded"}