{"_id": "646a738296cfe72aef7d6e6a", "id": "gabluz/ggml-whisper-tiny-quantized", "modelId": "gabluz/ggml-whisper-tiny-quantized", "author": "gabluz", "sha": "528b4671a14976ef1e98d2a0c89d5f53d1c8af5e", "lastModified": "2023-05-21T19:40:20.000Z", "private": false, "disabled": false, "gated": false, "tags": ["region:us"], "downloads": 0, "likes": 0, "siblings": [{"rfilename": ".gitattributes"}, {"rfilename": "qqml-tiny-q5_1.bin"}], "spaces": [], "createdAt": "2023-05-21T19:39:46.000Z", "inferenceStatus": "not-loaded"}