{"_id": "64672646ab75d9cb3c40c630", "id": "gabluz/ggml-whisper-large-quantized", "modelId": "gabluz/ggml-whisper-large-quantized", "author": "gabluz", "sha": "180186c906e2365d7c0b3b31d418cdfc218e1ff6", "lastModified": "2023-05-22T12:01:59.000Z", "private": false, "disabled": false, "gated": false, "tags": ["region:us"], "downloads": 0, "likes": 6, "siblings": [{"rfilename": ".gitattributes"}, {"rfilename": "README.md"}, {"rfilename": "ggml-large-v2-q5_1.bin"}, {"rfilename": "large_q5_0.bin"}], "spaces": [], "createdAt": "2023-05-19T07:33:26.000Z", "inferenceStatus": "not-loaded"}