{"_id": "6603f80d0570fee3e558913c", "id": "GaborMadarasz/code-search-net-tokenizer", "modelId": "GaborMadarasz/code-search-net-tokenizer", "author": "GaborMadarasz", "sha": "2f90421c57aff5db92f4758b79b6deca8801d0c6", "lastModified": "2024-03-27T12:39:35.000Z", "private": false, "disabled": false, "gated": false, "tags": ["transformers", "dataset:huggingface-course/codeparrot-ds-train", "arxiv:1910.09700", "endpoints_compatible", "region:us"], "downloads": 0, "library_name": "transformers", "likes": 0, "model-index": null, "config": {"tokenizer_config": {"bos_token": "<|endoftext|>", "eos_token": "<|endoftext|>", "unk_token": "<|endoftext|>"}}, "cardData": {"library_name": "transformers", "datasets": ["huggingface-course/codeparrot-ds-train"]}, "transformersInfo": {"auto_model": "AutoModel"}, "siblings": [{"rfilename": ".gitattributes"}, {"rfilename": "README.md"}, {"rfilename": "merges.txt"}, {"rfilename": "special_tokens_map.json"}, {"rfilename": "tokenizer.json"}, {"rfilename": "tokenizer_config.json"}, {"rfilename": "vocab.json"}], "spaces": [], "createdAt": "2024-03-27T10:42:21.000Z", "inferenceStatus": "not-loaded"}