{"_id": "658a0d0015b65eb9ba1da9ba", "id": "GaboChoropan/bonzi", "modelId": "GaboChoropan/bonzi", "author": "GaboChoropan", "sha": "6d022ba7c9873ebbe9b22181ae41881ee3115c17", "lastModified": "2023-12-25T23:16:05.000Z", "private": false, "disabled": false, "gated": false, "tags": ["region:us"], "downloads": 0, "likes": 0, "siblings": [{"rfilename": ".gitattributes"}, {"rfilename": "config.yaml"}, {"rfilename": "model_ckpt_steps_256000.ckpt"}], "spaces": [], "createdAt": "2023-12-25T23:15:12.000Z", "inferenceStatus": "not-loaded"}