{"_id": "66682138c6352592db96819e", "id": "GaborMadarasz/ocr-T5", "modelId": "GaborMadarasz/ocr-T5", "author": "GaborMadarasz", "sha": "71a5729a29585f16b990b1657cf7482318709415", "lastModified": "2024-06-18T10:19:09.000Z", "private": false, "disabled": false, "gated": false, "pipeline_tag": "text2text-generation", "tags": ["transformers", "pytorch", "mt5", "text2text-generation", "hu", "license:apache-2.0", "autotrain_compatible", "endpoints_compatible", "region:us"], "downloads": 569, "library_name": "transformers", "widgetData": [{"text": "ocr: A m\u00fatt h\u00e9 ten m\u00e9g gyeng\u00fctt a magyar fizet\u00f3eszk\u00f6z az eur\u00f3val szemben."}], "likes": 0, "model-index": null, "config": {"architectures": ["MT5ForConditionalGeneration"], "model_type": "mt5", "tokenizer_config": {"eos_token": "</s>", "unk_token": "<unk>", "pad_token": "<pad>"}}, "cardData": {"language": ["hu"], "widget": [{"text": "ocr: A m\u00fatt h\u00e9 ten m\u00e9g gyeng\u00fctt a magyar fizet\u00f3eszk\u00f6z az eur\u00f3val szemben."}], "license": "apache-2.0", "metrics": ["bleu"]}, "transformersInfo": {"auto_model": "AutoModelForSeq2SeqLM", "pipeline_tag": "text2text-generation", "processor": "AutoTokenizer"}, "siblings": [{"rfilename": ".gitattributes"}, {"rfilename": "README.md"}, {"rfilename": "config.json"}, {"rfilename": "eval_results.txt"}, {"rfilename": "generation_config.json"}, {"rfilename": "model_args.json"}, {"rfilename": "optimizer.pt"}, {"rfilename": "pytorch_model.bin"}, {"rfilename": "scheduler.pt"}, {"rfilename": "special_tokens_map.json"}, {"rfilename": "spiece.model"}, {"rfilename": "tokenizer_config.json"}, {"rfilename": "training_args.bin"}], "spaces": [], "createdAt": "2024-06-11T10:04:40.000Z", "inferenceStatus": "not-loaded"}