{"_id": "634c421f002a36a2bdb71709", "id": "Gaborandi/Medicaldistilbert", "modelId": "Gaborandi/Medicaldistilbert", "author": "Gaborandi", "sha": "4f6de4cebaedc7adf3bbaf2ab812ff30a01c3649", "lastModified": "2023-03-22T04:39:13.000Z", "private": false, "disabled": false, "gated": false, "pipeline_tag": "fill-mask", "tags": ["transformers", "pytorch", "safetensors", "distilbert", "fill-mask", "autotrain_compatible", "endpoints_compatible", "region:us"], "downloads": 0, "library_name": "transformers", "mask_token": "[MASK]", "widgetData": [{"text": "Paris is the [MASK] of France."}, {"text": "The goal of life is [MASK]."}], "likes": 0, "config": {"architectures": ["DistilBertForMaskedLM"], "model_type": "distilbert", "tokenizer_config": {"unk_token": "[UNK]", "sep_token": "[SEP]", "pad_token": "[PAD]", "cls_token": "[CLS]", "mask_token": "[MASK]"}}, "transformersInfo": {"auto_model": "AutoModelForMaskedLM", "pipeline_tag": "fill-mask", "processor": "AutoTokenizer"}, "siblings": [{"rfilename": ".gitattributes"}, {"rfilename": "config.json"}, {"rfilename": "model.safetensors"}, {"rfilename": "pytorch_model.bin"}, {"rfilename": "special_tokens_map.json"}, {"rfilename": "tokenizer.json"}, {"rfilename": "tokenizer_config.json"}, {"rfilename": "vocab.txt"}], "spaces": [], "createdAt": "2022-10-16T17:40:47.000Z", "safetensors": {"parameters": {"F32": 66985530}, "total": 66985530}, "inferenceStatus": "not-loaded"}