{"_id": "64abac73baf671fbebf6015e", "id": "Gabosr/Logo", "modelId": "Gabosr/Logo", "author": "Gabosr", "sha": "71ddb940fdabf935e1c4f7a55e19a864ad39566e", "lastModified": "2023-07-10T07:00:03.000Z", "private": false, "disabled": false, "gated": false, "tags": ["license:openrail", "region:us"], "downloads": 0, "likes": 0, "model-index": null, "cardData": {"license": "openrail"}, "siblings": [{"rfilename": ".gitattributes"}, {"rfilename": "README.md"}], "spaces": [], "createdAt": "2023-07-10T07:00:03.000Z", "inferenceStatus": "not-loaded"}