{"_id": "659c0661f8d1b25a5013177d", "id": "GaborMadarasz/hut5-base", "modelId": "GaborMadarasz/hut5-base", "author": "GaborMadarasz", "sha": "980e08792fac5af79315928e5b1281fbb07cebdf", "lastModified": "2024-03-13T12:17:17.000Z", "private": false, "disabled": false, "gated": false, "pipeline_tag": "text2text-generation", "tags": ["transformers", "safetensors", "t5", "text2text-generation", "hu", "arxiv:1910.09700", "license:afl-3.0", "autotrain_compatible", "text-generation-inference", "endpoints_compatible", "region:us"], "downloads": 0, "library_name": "transformers", "likes": 3, "model-index": null, "config": {"architectures": ["T5ForConditionalGeneration"], "model_type": "t5", "tokenizer_config": {"eos_token": "</s>", "pad_token": "<pad>", "unk_token": "<unk>"}}, "cardData": {"license": "afl-3.0", "language": ["hu"]}, "transformersInfo": {"auto_model": "AutoModelForSeq2SeqLM", "pipeline_tag": "text2text-generation", "processor": "AutoTokenizer"}, "siblings": [{"rfilename": ".gitattributes"}, {"rfilename": "README.md"}, {"rfilename": "config.json"}, {"rfilename": "generation_config.json"}, {"rfilename": "model.safetensors"}, {"rfilename": "special_tokens_map.json"}, {"rfilename": "spiece.model"}, {"rfilename": "tokenizer_config.json"}], "spaces": [], "createdAt": "2024-01-08T14:27:45.000Z", "safetensors": {"parameters": {"F32": 244309248}, "total": 244309248}, "inferenceStatus": "not-loaded"}