{"_id": "65b0fd0e266937a1f9d265e5", "id": "GaborMadarasz/Finetuned-huBERT-Dr", "modelId": "GaborMadarasz/Finetuned-huBERT-Dr", "author": "GaborMadarasz", "sha": "67bd66789885dd3155e02087ee03b2259dc3414c", "lastModified": "2024-01-24T13:27:46.000Z", "private": false, "disabled": false, "gated": false, "pipeline_tag": "sentence-similarity", "tags": ["sentence-transformers", "safetensors", "bert", "feature-extraction", "sentence-similarity", "transformers", "hu", "license:apache-2.0", "autotrain_compatible", "text-embeddings-inference", "endpoints_compatible", "region:us"], "downloads": 6, "library_name": "sentence-transformers", "mask_token": "[MASK]", "likes": 0, "model-index": null, "config": {"architectures": ["BertModel"], "model_type": "bert", "tokenizer_config": {"cls_token": "[CLS]", "mask_token": "[MASK]", "pad_token": "[PAD]", "sep_token": "[SEP]", "unk_token": "[UNK]"}}, "cardData": {"pipeline_tag": "sentence-similarity", "tags": ["sentence-transformers", "feature-extraction", "sentence-similarity", "transformers"], "license": "apache-2.0", "language": ["hu"]}, "transformersInfo": {"auto_model": "AutoModel", "pipeline_tag": "feature-extraction", "processor": "AutoTokenizer"}, "siblings": [{"rfilename": ".gitattributes"}, {"rfilename": "1_Pooling/config.json"}, {"rfilename": "README.md"}, {"rfilename": "config.json"}, {"rfilename": "config_sentence_transformers.json"}, {"rfilename": "model.safetensors"}, {"rfilename": "modules.json"}, {"rfilename": "sentence_bert_config.json"}, {"rfilename": "special_tokens_map.json"}, {"rfilename": "tokenizer.json"}, {"rfilename": "tokenizer_config.json"}, {"rfilename": "vocab.txt"}], "spaces": [], "createdAt": "2024-01-24T12:05:34.000Z", "safetensors": {"parameters": {"F32": 110618112}, "total": 110618112}, "inferenceStatus": "not-loaded"}