{"_id": "636f35616769279814a2e236", "id": "Gaborandi/Clinical-Longformer-breastcancer", "modelId": "Gaborandi/Clinical-Longformer-breastcancer", "author": "Gaborandi", "sha": "d63c2fe6cde52881a57dfd3b95258937ad6644de", "lastModified": "2022-11-12T16:04:20.000Z", "private": false, "disabled": false, "gated": false, "pipeline_tag": "fill-mask", "tags": ["transformers", "pytorch", "tensorboard", "longformer", "fill-mask", "generated_from_trainer", "autotrain_compatible", "endpoints_compatible", "region:us"], "downloads": 6, "library_name": "transformers", "mask_token": "<mask>", "widgetData": [{"text": "Paris is the <mask> of France."}, {"text": "The goal of life is <mask>."}], "likes": 1, "model-index": [{"name": "Clinical-Longformer-breastcancer", "results": []}], "config": {"architectures": ["LongformerForMaskedLM"], "model_type": "longformer", "tokenizer_config": {"bos_token": "<s>", "eos_token": "</s>", "sep_token": "</s>", "cls_token": "<s>", "unk_token": "<unk>", "pad_token": "<pad>", "mask_token": "<mask>"}}, "cardData": {"tags": ["generated_from_trainer"], "model-index": [{"name": "Clinical-Longformer-breastcancer", "results": []}]}, "transformersInfo": {"auto_model": "AutoModelForMaskedLM", "pipeline_tag": "fill-mask", "processor": "AutoTokenizer"}, "siblings": [{"rfilename": ".gitattributes"}, {"rfilename": ".gitignore"}, {"rfilename": "README.md"}, {"rfilename": "config.json"}, {"rfilename": "merges.txt"}, {"rfilename": "pytorch_model.bin"}, {"rfilename": "runs/Nov12_00-55-26_node2077.palmetto.clemson.edu/1668232667.2705839/events.out.tfevents.1668232667.node2077.palmetto.clemson.edu.210256.1"}, {"rfilename": "runs/Nov12_00-55-26_node2077.palmetto.clemson.edu/events.out.tfevents.1668232615.node2077.palmetto.clemson.edu.210256.0"}, {"rfilename": "runs/Nov12_00-55-26_node2077.palmetto.clemson.edu/events.out.tfevents.1668244751.node2077.palmetto.clemson.edu.210256.2"}, {"rfilename": "special_tokens_map.json"}, {"rfilename": "tokenizer.json"}, {"rfilename": "tokenizer_config.json"}, {"rfilename": "training_args.bin"}, {"rfilename": "vocab.json"}], "spaces": [], "createdAt": "2022-11-12T05:55:45.000Z", "inferenceStatus": "not-loaded"}