{"_id": "658e4363a6567cb93c0a40aa", "id": "GaboChoropan/King-harkinian", "modelId": "GaboChoropan/King-harkinian", "author": "GaboChoropan", "sha": "8c3341bc49383f9fca5f0e14006527d36afa6e42", "lastModified": "2023-12-29T03:57:16.000Z", "private": false, "disabled": false, "gated": false, "tags": ["region:us"], "downloads": 0, "likes": 0, "siblings": [{"rfilename": ".gitattributes"}, {"rfilename": "king-harkinian-2.zip"}], "spaces": [], "createdAt": "2023-12-29T03:56:19.000Z", "inferenceStatus": "not-loaded"}