{"_id": "6555f4a4ef6e96329fd59e7d", "id": "GaborMadarasz/finetuned-hubert-popkultura", "modelId": "GaborMadarasz/finetuned-hubert-popkultura", "author": "GaborMadarasz", "sha": "08094133bfa461db330cb10d74da9cb128bd7232", "lastModified": "2023-11-21T13:30:57.000Z", "private": false, "disabled": false, "gated": false, "pipeline_tag": "sentence-similarity", "tags": ["sentence-transformers", "safetensors", "bert", "feature-extraction", "sentence-similarity", "transformers", "hu", "license:apache-2.0", "autotrain_compatible", "text-embeddings-inference", "endpoints_compatible", "region:us"], "downloads": 4, "library_name": "sentence-transformers", "mask_token": "[MASK]", "likes": 0, "model-index": null, "config": {"architectures": ["BertModel"], "model_type": "bert", "tokenizer_config": {"cls_token": "[CLS]", "mask_token": "[MASK]", "pad_token": "[PAD]", "sep_token": "[SEP]", "unk_token": "[UNK]"}}, "cardData": {"pipeline_tag": "sentence-similarity", "tags": ["sentence-transformers", "feature-extraction", "sentence-similarity", "transformers"], "license": "apache-2.0", "language": ["hu"]}, "transformersInfo": {"auto_model": "AutoModel", "pipeline_tag": "feature-extraction", "processor": "AutoTokenizer"}, "siblings": [{"rfilename": ".gitattributes"}, {"rfilename": "1_Pooling/config.json"}, {"rfilename": "README.md"}, {"rfilename": "config.json"}, {"rfilename": "config_sentence_transformers.json"}, {"rfilename": "model.safetensors"}, {"rfilename": "modules.json"}, {"rfilename": "sentence_bert_config.json"}, {"rfilename": "special_tokens_map.json"}, {"rfilename": "tokenizer.json"}, {"rfilename": "tokenizer_config.json"}, {"rfilename": "vocab.txt"}], "spaces": [], "createdAt": "2023-11-16T10:53:24.000Z", "safetensors": {"parameters": {"F32": 110618112}, "total": 110618112}, "inferenceStatus": "not-loaded"}