{"_id": "654c20ed63c58a252c2c22f6", "id": "gaborcselle/font-identifier", "modelId": "gaborcselle/font-identifier", "author": "gaborcselle", "sha": "31f4fc6ac302c2c6beede9822737de00f0e2fdad", "lastModified": "2023-11-17T06:48:58.000Z", "private": false, "disabled": false, "gated": false, "pipeline_tag": "image-classification", "tags": ["transformers", "tensorboard", "safetensors", "resnet", "image-classification", "generated_from_trainer", "en", "dataset:gaborcselle/font-examples", "base_model:microsoft/resnet-18", "license:mit", "model-index", "autotrain_compatible", "endpoints_compatible", "region:us"], "downloads": 1672, "library_name": "transformers", "widgetData": [{"src": "https://huggingface.co/gaborcselle/font-identifier/resolve/main/hf_samples/ArchitectsDaughter-Regular_1.png", "example_title": "Architects Daughter"}, {"src": "https://huggingface.co/gaborcselle/font-identifier/resolve/main/main/hf_samples/Courier_28.png", "example_title": "Courier"}, {"src": "https://huggingface.co/gaborcselle/font-identifier/resolve/main/main/hf_samples/Helvetica_3.png", "example_title": "Helvetica"}, {"src": "https://huggingface.co/gaborcselle/font-identifier/resolve/main/hf_samples/IBMPlexSans-Regular_25.png", "example_title": "IBM Plex Sans"}, {"src": "https://huggingface.co/gaborcselle/font-identifier/resolve/main/hf_samples/Inter-Regular_43.png", "example_title": "Inter"}, {"src": "https://huggingface.co/gaborcselle/font-identifier/resolve/main/hf_samples/Lobster-Regular_25.png", "example_title": "Lobster"}, {"src": "https://huggingface.co/gaborcselle/font-identifier/resolve/main/hf_samples/Trebuchet_MS_11.png", "example_title": "Trebuchet MS"}, {"src": "https://huggingface.co/gaborcselle/font-identifier/resolve/main/hf_samples/Verdana_Bold_43.png", "example_title": "Verdana Bold"}], "likes": 7, "model-index": [{"name": "font-identifier", "results": [{"task": {"name": "Image Classification", "type": "image-classification"}, "dataset": {"name": "imagefolder", "type": "imagefolder", "config": "default", "split": "test", "args": "default"}, "metrics": [{"name": "Accuracy", "type": "accuracy", "value": 0.963265306122449, "verified": false}]}]}], "config": {"architectures": ["ResNetForImageClassification"], "model_type": "resnet"}, "cardData": {"license": "mit", "base_model": "microsoft/resnet-18", "tags": ["generated_from_trainer"], "datasets": ["gaborcselle/font-examples"], "metrics": ["accuracy"], "model-index": [{"name": "font-identifier", "results": [{"task": {"name": "Image Classification", "type": "image-classification"}, "dataset": {"name": "imagefolder", "type": "imagefolder", "config": "default", "split": "test", "args": "default"}, "metrics": [{"name": "Accuracy", "type": "accuracy", "value": 0.963265306122449, "verified": false}]}]}], "widget": [{"src": "https://huggingface.co/gaborcselle/font-identifier/resolve/main/hf_samples/ArchitectsDaughter-Regular_1.png", "example_title": "Architects Daughter"}, {"src": "https://huggingface.co/gaborcselle/font-identifier/resolve/main/main/hf_samples/Courier_28.png", "example_title": "Courier"}, {"src": "https://huggingface.co/gaborcselle/font-identifier/resolve/main/main/hf_samples/Helvetica_3.png", "example_title": "Helvetica"}, {"src": "https://huggingface.co/gaborcselle/font-identifier/resolve/main/hf_samples/IBMPlexSans-Regular_25.png", "example_title": "IBM Plex Sans"}, {"src": "https://huggingface.co/gaborcselle/font-identifier/resolve/main/hf_samples/Inter-Regular_43.png", "example_title": "Inter"}, {"src": "https://huggingface.co/gaborcselle/font-identifier/resolve/main/hf_samples/Lobster-Regular_25.png", "example_title": "Lobster"}, {"src": "https://huggingface.co/gaborcselle/font-identifier/resolve/main/hf_samples/Trebuchet_MS_11.png", "example_title": "Trebuchet MS"}, {"src": "https://huggingface.co/gaborcselle/font-identifier/resolve/main/hf_samples/Verdana_Bold_43.png", "example_title": "Verdana Bold"}], "language": ["en"]}, "transformersInfo": {"auto_model": "AutoModelForImageClassification", "pipeline_tag": "image-classification", "processor": "AutoImageProcessor"}, "siblings": [{"rfilename": ".gitattributes"}, {"rfilename": ".gitignore"}, {"rfilename": "LICENSE"}, {"rfilename": "README.md"}, {"rfilename": "arrange_train_test_images.py"}, {"rfilename": "config.json"}, {"rfilename": "consts.py"}, {"rfilename": "font-identifier_confusion-matrix.png"}, {"rfilename": "gen_sample_data.py"}, {"rfilename": "hf_samples/ArchitectsDaughter-Regular_1.png"}, {"rfilename": "hf_samples/Arial Bold_39.png"}, {"rfilename": "hf_samples/Courier_28.png"}, {"rfilename": "hf_samples/Helvetica_3.png"}, {"rfilename": "hf_samples/IBMPlexSans-Regular_25.png"}, {"rfilename": "hf_samples/Inter-Regular_43.png"}, {"rfilename": "hf_samples/Lobster-Regular_25.png"}, {"rfilename": "hf_samples/Lobster-Regular_34.png"}, {"rfilename": "hf_samples/Merriweather-Regular_1.png"}, {"rfilename": "hf_samples/Merriweather-Regular_12.png"}, {"rfilename": "hf_samples/Poppins-Regular_22.png"}, {"rfilename": "hf_samples/RobotoMono-Regular_38.png"}, {"rfilename": "hf_samples/Times New Roman Bold Italic_26.png"}, {"rfilename": "hf_samples/Times New Roman Italic_16.png"}, {"rfilename": "hf_samples/TitilliumWeb-Regular_5.png"}, {"rfilename": "hf_samples/Trebuchet MS Italic_47.png"}, {"rfilename": "hf_samples/Trebuchet MS_11.png"}, {"rfilename": "hf_samples/Verdana Bold_43.png"}, {"rfilename": "model.safetensors"}, {"rfilename": "preprocessor_config.json"}, {"rfilename": "requirements.txt"}, {"rfilename": "runs/Nov09_12-05-45_GMac/1699560349.585563/events.out.tfevents.1699560349.GMac.62683.1"}, {"rfilename": "runs/Nov09_12-05-45_GMac/events.out.tfevents.1699560349.GMac.62683.0"}, {"rfilename": "runs/Nov14_10-23-20_GMac/events.out.tfevents.1699986200.GMac.76822.0"}, {"rfilename": "runs/Nov14_10-24-21_GMac/events.out.tfevents.1699986261.GMac.76938.0"}, {"rfilename": "runs/Nov14_10-27-57_GMac/events.out.tfevents.1699986482.GMac.78085.0"}, {"rfilename": "runs/Nov14_10-30-19_GMac/events.out.tfevents.1699986619.GMac.78428.0"}, {"rfilename": "runs/Nov14_10-31-40_GMac/events.out.tfevents.1699986701.GMac.78604.0"}, {"rfilename": "runs/Nov14_10-33-17_GMac/events.out.tfevents.1699986797.GMac.78757.0"}, {"rfilename": "runs/Nov14_15-54-18_GMac/events.out.tfevents.1700006059.GMac.81201.0"}, {"rfilename": "runs/Nov14_15-55-30_GMac/events.out.tfevents.1700006131.GMac.81338.0"}, {"rfilename": "runs/Nov14_15-57-48_GMac/events.out.tfevents.1700006268.GMac.81510.0"}, {"rfilename": "runs/Nov14_15-59-45_GMac/events.out.tfevents.1700006395.GMac.81660.0"}, {"rfilename": "runs/Nov14_16-03-07_GMac/events.out.tfevents.1700006587.GMac.81992.0"}, {"rfilename": "runs/Nov14_16-07-04_GMac/events.out.tfevents.1700006824.GMac.88693.0"}, {"rfilename": "runs/Nov14_16-07-17_GMac/events.out.tfevents.1700006838.GMac.88902.0"}, {"rfilename": "runs/Nov14_16-10-10_GMac/events.out.tfevents.1700007010.GMac.89317.0"}, {"rfilename": "runs/Nov14_16-11-35_GMac/events.out.tfevents.1700007095.GMac.89487.0"}, {"rfilename": "runs/Nov14_16-12-08_GMac/events.out.tfevents.1700007128.GMac.89537.0"}, {"rfilename": "runs/Nov14_16-12-59_GMac/events.out.tfevents.1700007179.GMac.89616.0"}, {"rfilename": "runs/Nov14_16-14-08_GMac/events.out.tfevents.1700007254.GMac.89668.0"}, {"rfilename": "runs/Nov14_16-16-38_GMac/events.out.tfevents.1700007398.GMac.89927.0"}, {"rfilename": "runs/Nov14_16-17-01_GMac/events.out.tfevents.1700007421.GMac.89966.0"}, {"rfilename": "runs/Nov14_16-17-20_GMac/events.out.tfevents.1700007440.GMac.90029.0"}, {"rfilename": "runs/Nov14_16-18-39_GMac/events.out.tfevents.1700007519.GMac.90140.0"}, {"rfilename": "runs/Nov14_16-19-56_GMac/events.out.tfevents.1700007596.GMac.90250.0"}, {"rfilename": "runs/Nov14_16-20-12_GMac/events.out.tfevents.1700007613.GMac.90287.0"}, {"rfilename": "runs/Nov14_16-21-31_GMac/events.out.tfevents.1700007691.GMac.90411.0"}, {"rfilename": "runs/Nov14_16-22-14_GMac/events.out.tfevents.1700007743.GMac.90473.0"}, {"rfilename": "runs/Nov14_16-23-08_GMac/events.out.tfevents.1700007788.GMac.90561.0"}, {"rfilename": "runs/Nov14_16-24-13_GMac/events.out.tfevents.1700007853.GMac.90687.0"}, {"rfilename": "runs/Nov14_16-26-54_GMac/events.out.tfevents.1700008014.GMac.90904.0"}, {"rfilename": "runs/Nov14_16-27-47_GMac/events.out.tfevents.1700008067.GMac.90982.0"}, {"rfilename": "runs/Nov14_16-29-51_GMac/events.out.tfevents.1700008192.GMac.91182.0"}, {"rfilename": "runs/Nov14_16-32-48_GMac/events.out.tfevents.1700008368.GMac.91425.0"}, {"rfilename": "runs/Nov14_16-34-27_GMac/events.out.tfevents.1700008467.GMac.91558.0"}, {"rfilename": "runs/Nov14_16-36-07_GMac/events.out.tfevents.1700008568.GMac.91722.0"}, {"rfilename": "runs/Nov14_16-38-03_GMac/events.out.tfevents.1700008683.GMac.91889.0"}, {"rfilename": "runs/Nov14_16-38-57_GMac/events.out.tfevents.1700008737.GMac.92012.0"}, {"rfilename": "runs/Nov14_16-40-39_GMac/events.out.tfevents.1700008839.GMac.92171.0"}, {"rfilename": "runs/Nov14_16-43-11_GMac/events.out.tfevents.1700008991.GMac.92441.0"}, {"rfilename": "runs/Nov14_17-03-08_GMac/events.out.tfevents.1700010188.GMac.94605.0"}, {"rfilename": "runs/Nov14_20-58-34_GMac/events.out.tfevents.1700024314.GMac.10426.0"}, {"rfilename": "train_font_identifier.py"}, {"rfilename": "visualize.ipynb"}], "spaces": ["klick/gaborcselle-font-identifier"], "createdAt": "2023-11-08T23:59:41.000Z", "safetensors": {"parameters": {"F32": 11211249}, "total": 11211249}, "inferenceStatus": "not-loaded"}