{"_id": "638a286d3b6a74c1a0203dfe", "id": "Gaboxddd/patines", "modelId": "Gaboxddd/patines", "author": "Gaboxddd", "sha": "386bad1235ac076abb30ae233a46301e9cf213b0", "lastModified": "2022-12-02T16:31:41.000Z", "private": false, "disabled": false, "gated": false, "tags": ["license:cc-by-nc-sa-2.0", "region:us"], "downloads": 0, "likes": 0, "model-index": null, "cardData": {"license": "cc-by-nc-sa-2.0"}, "siblings": [{"rfilename": ".gitattributes"}, {"rfilename": "README.md"}], "spaces": [], "createdAt": "2022-12-02T16:31:41.000Z", "inferenceStatus": "not-loaded"}