{"_id": "63632d0e8f43a912fc762b51", "id": "Gaborandi/Clinical-Longformer-SurgicalCardiothoracic", "modelId": "Gaborandi/Clinical-Longformer-SurgicalCardiothoracic", "author": "Gaborandi", "sha": "6b0928e1aa406b118086937396475c19484b0575", "lastModified": "2022-11-03T12:43:10.000Z", "private": false, "disabled": false, "gated": false, "pipeline_tag": "fill-mask", "tags": ["transformers", "pytorch", "tensorboard", "longformer", "fill-mask", "generated_from_trainer", "autotrain_compatible", "endpoints_compatible", "region:us"], "downloads": 5, "library_name": "transformers", "mask_token": "<mask>", "widgetData": [{"text": "Paris is the <mask> of France."}, {"text": "The goal of life is <mask>."}], "likes": 0, "model-index": [{"name": "Clinical-Longformer-SurgicalCardiothoracic", "results": []}], "config": {"architectures": ["LongformerForMaskedLM"], "model_type": "longformer", "tokenizer_config": {"bos_token": "<s>", "eos_token": "</s>", "sep_token": "</s>", "cls_token": "<s>", "unk_token": "<unk>", "pad_token": "<pad>", "mask_token": "<mask>"}}, "cardData": {"tags": ["generated_from_trainer"], "model-index": [{"name": "Clinical-Longformer-SurgicalCardiothoracic", "results": []}]}, "transformersInfo": {"auto_model": "AutoModelForMaskedLM", "pipeline_tag": "fill-mask", "processor": "AutoTokenizer"}, "siblings": [{"rfilename": ".gitattributes"}, {"rfilename": ".gitignore"}, {"rfilename": "README.md"}, {"rfilename": "config.json"}, {"rfilename": "merges.txt"}, {"rfilename": "pytorch_model.bin"}, {"rfilename": "runs/Nov02_22-52-48_node2071.palmetto.clemson.edu/events.out.tfevents.1667444056.node2071.palmetto.clemson.edu.771317.0"}, {"rfilename": "runs/Nov02_22-54-38_node2071.palmetto.clemson.edu/1667444196.6673782/events.out.tfevents.1667444196.node2071.palmetto.clemson.edu.771317.2"}, {"rfilename": "runs/Nov02_22-54-38_node2071.palmetto.clemson.edu/events.out.tfevents.1667444153.node2071.palmetto.clemson.edu.771317.1"}, {"rfilename": "runs/Nov02_22-54-38_node2071.palmetto.clemson.edu/events.out.tfevents.1667457300.node2071.palmetto.clemson.edu.771317.3"}, {"rfilename": "special_tokens_map.json"}, {"rfilename": "tokenizer.json"}, {"rfilename": "tokenizer_config.json"}, {"rfilename": "training_args.bin"}, {"rfilename": "vocab.json"}], "spaces": [], "createdAt": "2022-11-03T02:53:02.000Z", "inferenceStatus": "not-loaded"}