{"_id": "65153bac48219121f284058d", "id": "gabpalmeri/classifier_model_classifier_model_27-09-2023_21-39-56", "modelId": "gabpalmeri/classifier_model_classifier_model_27-09-2023_21-39-56", "author": "gabpalmeri", "sha": "65c1782f3bf97a48a9b3448e2f797669ee602c30", "lastModified": "2023-09-28T08:39:08.000Z", "private": false, "disabled": false, "gated": false, "tags": ["region:us"], "downloads": 0, "likes": 0, "siblings": [{"rfilename": ".gitattributes"}], "spaces": [], "createdAt": "2023-09-28T08:39:08.000Z", "inferenceStatus": "not-loaded"}