{"_id": "6514a117f624f38acb14ff6b", "id": "gabpalmeri/classifier_model_27-09-2023_21-39-34", "modelId": "gabpalmeri/classifier_model_27-09-2023_21-39-34", "author": "gabpalmeri", "sha": "0fe487e9f6cfc971d6bb7ebdf5ca350c2935f6d8", "lastModified": "2023-09-27T21:39:35.000Z", "private": false, "disabled": false, "gated": false, "tags": ["region:us"], "downloads": 0, "likes": 0, "siblings": [{"rfilename": ".gitattributes"}], "spaces": [], "createdAt": "2023-09-27T21:39:35.000Z", "inferenceStatus": "not-loaded"}