{"_id": "65153b81ee24d3b4e3a3d158", "id": "gabpalmeri/classifier_model_28-09-2023_08-38-25", "modelId": "gabpalmeri/classifier_model_28-09-2023_08-38-25", "author": "gabpalmeri", "sha": "53259afd5b5ef98381f2344cd0ffabe5576dbd8e", "lastModified": "2023-09-28T08:38:25.000Z", "private": false, "disabled": false, "gated": false, "tags": ["region:us"], "downloads": 0, "likes": 0, "siblings": [{"rfilename": ".gitattributes"}], "spaces": [], "createdAt": "2023-09-28T08:38:25.000Z", "inferenceStatus": "not-loaded"}