{"_id": "659c6dcb38186a51f10ea77a", "id": "Gabriel1945/VelhaWolf", "modelId": "Gabriel1945/VelhaWolf", "author": "Gabriel1945", "sha": "0d21fe87ec562788a367c819f684575d96d49520", "lastModified": "2024-01-08T21:49:53.000Z", "private": false, "disabled": false, "gated": false, "tags": ["license:openrail", "region:us"], "downloads": 0, "likes": 0, "model-index": null, "cardData": {"license": "openrail"}, "siblings": [{"rfilename": ".gitattributes"}, {"rfilename": "README.md"}, {"rfilename": "VelhaWolf.zip"}], "spaces": [], "createdAt": "2024-01-08T21:48:59.000Z", "inferenceStatus": "not-loaded"}