{"_id": "6610754f66d71ef25e25ea3e", "id": "Gabriel-Chung/falcon7B_FineTuning_Experiment2_QLORA_7perParam_rlhf", "modelId": "Gabriel-Chung/falcon7B_FineTuning_Experiment2_QLORA_7perParam_rlhf", "author": "Gabriel-Chung", "sha": "302fb8cad5e0f4b87d8e53847ac7983ceb0f77a1", "lastModified": "2024-04-05T22:14:30.000Z", "private": false, "disabled": false, "gated": false, "tags": ["safetensors", "license:apache-2.0", "region:us"], "downloads": 0, "likes": 0, "model-index": null, "cardData": {"license": "apache-2.0"}, "siblings": [{"rfilename": ".gitattributes"}, {"rfilename": "README.md"}, {"rfilename": "adapter_config.json"}, {"rfilename": "adapter_model.safetensors"}, {"rfilename": "generation_config.json"}], "spaces": [], "createdAt": "2024-04-05T22:03:59.000Z", "inferenceStatus": "not-loaded"}