{"_id": "660e5be4c3e008c26c26f310", "id": "gabri21/gigimelo", "modelId": "gabri21/gigimelo", "author": "gabri21", "sha": "cb836341e685c8d505c678266f7bebc0d8237a05", "lastModified": "2024-04-04T07:52:14.000Z", "private": false, "disabled": false, "gated": false, "tags": ["license:openrail", "region:us"], "downloads": 0, "likes": 0, "model-index": null, "cardData": {"license": "openrail"}, "siblings": [{"rfilename": ".gitattributes"}, {"rfilename": "Giorgia Meloni (italian politician) - Weights.gg Model.zip"}, {"rfilename": "README.md"}], "spaces": [], "createdAt": "2024-04-04T07:51:00.000Z", "inferenceStatus": "not-loaded"}