{"_id": "659afdcd3b0b56c5e02b23db", "id": "Gabriel1945/Velha", "modelId": "Gabriel1945/Velha", "author": "Gabriel1945", "sha": "ac7aad0b73d8ee9343b6d7b3dadda16163375163", "lastModified": "2024-01-07T19:39:16.000Z", "private": false, "disabled": false, "gated": false, "tags": ["license:openrail", "region:us"], "downloads": 0, "likes": 0, "model-index": null, "cardData": {"license": "openrail"}, "siblings": [{"rfilename": ".gitattributes"}, {"rfilename": "README.md"}, {"rfilename": "Velha_Gostosa.zip"}], "spaces": [], "createdAt": "2024-01-07T19:38:53.000Z", "inferenceStatus": "not-loaded"}