{"_id": "66025148c618afa8d7995a27", "id": "Gabriel-Chung/marley_reward_model_v3", "modelId": "Gabriel-Chung/marley_reward_model_v3", "author": "Gabriel-Chung", "sha": "6df68148b3c38776a6a65286d7ae627c8b4737a3", "lastModified": "2024-03-26T05:25:27.000Z", "private": false, "disabled": false, "gated": false, "pipeline_tag": "text-classification", "tags": ["transformers", "safetensors", "roberta", "text-classification", "license:apache-2.0", "autotrain_compatible", "endpoints_compatible", "region:us"], "downloads": 2, "library_name": "transformers", "mask_token": "<mask>", "widgetData": [{"text": "I like you. I love you"}], "likes": 0, "model-index": null, "config": {"architectures": ["RobertaForSequenceClassification"], "model_type": "roberta"}, "cardData": {"license": "apache-2.0"}, "transformersInfo": {"auto_model": "AutoModelForSequenceClassification", "pipeline_tag": "text-classification", "processor": "AutoTokenizer"}, "siblings": [{"rfilename": ".gitattributes"}, {"rfilename": "README.md"}, {"rfilename": "config.json"}, {"rfilename": "model.safetensors"}], "spaces": [], "createdAt": "2024-03-26T04:38:32.000Z", "safetensors": {"parameters": {"F32": 82119169}, "total": 82119169}, "inferenceStatus": "not-loaded"}