{"_id": "66592fef3498a9ef52600423", "id": "Gabriel-Messias/modelos-treinados", "modelId": "Gabriel-Messias/modelos-treinados", "author": "Gabriel-Messias", "sha": "744c36f73c04ded64c4dc6506bfcd953700abfe5", "lastModified": "2024-06-22T02:55:42.000Z", "private": false, "disabled": false, "gated": false, "tags": ["region:us"], "downloads": 0, "likes": 0, "siblings": [{"rfilename": ".gitattributes"}, {"rfilename": "avril-lavigne-bite-me-treinada-vg.zip"}, {"rfilename": "chester-treinado-300-epoch.zip"}, {"rfilename": "voz-gabriel.zip"}], "spaces": [], "createdAt": "2024-05-31T02:03:27.000Z", "inferenceStatus": "not-loaded"}