{"_id": "660b6512050d4aecdf0b9193", "id": "Gabriel-Chung/flan-t5-base-dog-full-augmented-rlhf", "modelId": "Gabriel-Chung/flan-t5-base-dog-full-augmented-rlhf", "author": "Gabriel-Chung", "sha": "a3b64d702fb636a116729a293378d6c076bf4f44", "lastModified": "2024-04-02T01:55:05.000Z", "private": false, "disabled": false, "gated": false, "pipeline_tag": "text2text-generation", "tags": ["transformers", "safetensors", "t5", "text2text-generation", "license:apache-2.0", "autotrain_compatible", "text-generation-inference", "endpoints_compatible", "region:us"], "downloads": 0, "library_name": "transformers", "likes": 0, "model-index": null, "config": {"architectures": ["T5ForConditionalGeneration"], "model_type": "t5"}, "cardData": {"license": "apache-2.0"}, "transformersInfo": {"auto_model": "AutoModelForSeq2SeqLM", "pipeline_tag": "text2text-generation", "processor": "AutoTokenizer"}, "siblings": [{"rfilename": ".gitattributes"}, {"rfilename": "README.md"}, {"rfilename": "config.json"}, {"rfilename": "generation_config.json"}, {"rfilename": "model.safetensors"}], "spaces": [], "createdAt": "2024-04-02T01:53:22.000Z", "safetensors": {"parameters": {"F32": 247577856}, "total": 247577856}, "inferenceStatus": "not-loaded"}