{"_id": "660278a8e9f756120cb116d9", "id": "Gabriel-Chung/marley_reward_model_v2", "modelId": "Gabriel-Chung/marley_reward_model_v2", "author": "Gabriel-Chung", "sha": "2cd159e0642eeade2f4c00dd3f9aa7561f682ea4", "lastModified": "2024-03-26T07:27:37.000Z", "private": false, "disabled": false, "gated": false, "pipeline_tag": "text-classification", "tags": ["transformers", "safetensors", "roberta", "text-classification", "license:apache-2.0", "autotrain_compatible", "endpoints_compatible", "region:us"], "downloads": 2, "library_name": "transformers", "mask_token": "<mask>", "widgetData": [{"text": "I like you. I love you"}], "likes": 0, "model-index": null, "config": {"architectures": ["RobertaForSequenceClassification"], "model_type": "roberta"}, "cardData": {"license": "apache-2.0"}, "transformersInfo": {"auto_model": "AutoModelForSequenceClassification", "pipeline_tag": "text-classification", "processor": "AutoTokenizer"}, "siblings": [{"rfilename": ".gitattributes"}, {"rfilename": "README.md"}, {"rfilename": "config.json"}, {"rfilename": "model.safetensors"}], "spaces": [], "createdAt": "2024-03-26T07:26:32.000Z", "safetensors": {"parameters": {"F32": 82119169}, "total": 82119169}, "inferenceStatus": "not-loaded"}