{"_id": "644ed443bf9683cba468b591", "id": "gabr1elt/path-to-save-model", "modelId": "gabr1elt/path-to-save-model", "author": "gabr1elt", "sha": "464746b3429dd7f3bb41640b63ad3637ff09c911", "lastModified": "2023-04-30T22:13:26.000Z", "private": false, "disabled": false, "gated": false, "pipeline_tag": "text-to-image", "tags": ["diffusers", "tensorboard", "stable-diffusion", "stable-diffusion-diffusers", "text-to-image", "dreambooth", "base_model:CompVis/stable-diffusion-v1-4", "license:creativeml-openrail-m", "autotrain_compatible", "endpoints_compatible", "diffusers:StableDiffusionPipeline", "region:us"], "downloads": 0, "library_name": "diffusers", "likes": 0, "model-index": null, "config": {"diffusers": {"_class_name": "StableDiffusionPipeline"}}, "cardData": {"license": "creativeml-openrail-m", "base_model": "CompVis/stable-diffusion-v1-4", "instance_prompt": "a photo of sks dog", "tags": ["stable-diffusion", "stable-diffusion-diffusers", "text-to-image", "diffusers", "dreambooth"], "inference": true}, "siblings": [{"rfilename": ".gitattributes"}, {"rfilename": "README.md"}, {"rfilename": "feature_extractor/preprocessor_config.json"}, {"rfilename": "logs/dreambooth/1682888280.3489654/events.out.tfevents.1682888280.e997cfb45eb9.5529.1"}, {"rfilename": "logs/dreambooth/1682888280.350271/hparams.yml"}, {"rfilename": "logs/dreambooth/1682888552.4714026/events.out.tfevents.1682888552.e997cfb45eb9.5630.1"}, {"rfilename": "logs/dreambooth/1682888552.472702/hparams.yml"}, {"rfilename": "logs/dreambooth/1682888589.3155382/events.out.tfevents.1682888589.e997cfb45eb9.5698.1"}, {"rfilename": "logs/dreambooth/1682888589.3165112/hparams.yml"}, {"rfilename": "logs/dreambooth/1682888655.1384037/events.out.tfevents.1682888655.e997cfb45eb9.5796.1"}, {"rfilename": "logs/dreambooth/1682888655.1393201/hparams.yml"}, {"rfilename": "logs/dreambooth/1682888750.2707272/events.out.tfevents.1682888750.e997cfb45eb9.5930.1"}, {"rfilename": "logs/dreambooth/1682888750.2716331/hparams.yml"}, {"rfilename": "logs/dreambooth/1682888793.5808437/events.out.tfevents.1682888793.e997cfb45eb9.5998.1"}, {"rfilename": "logs/dreambooth/1682888793.58195/hparams.yml"}, {"rfilename": "logs/dreambooth/events.out.tfevents.1682888280.e997cfb45eb9.5529.0"}, {"rfilename": "logs/dreambooth/events.out.tfevents.1682888552.e997cfb45eb9.5630.0"}, {"rfilename": "logs/dreambooth/events.out.tfevents.1682888589.e997cfb45eb9.5698.0"}, {"rfilename": "logs/dreambooth/events.out.tfevents.1682888655.e997cfb45eb9.5796.0"}, {"rfilename": "logs/dreambooth/events.out.tfevents.1682888750.e997cfb45eb9.5930.0"}, {"rfilename": "logs/dreambooth/events.out.tfevents.1682888793.e997cfb45eb9.5998.0"}, {"rfilename": "model_index.json"}, {"rfilename": "safety_checker/config.json"}, {"rfilename": "safety_checker/pytorch_model.bin"}, {"rfilename": "scheduler/scheduler_config.json"}, {"rfilename": "text_encoder/config.json"}, {"rfilename": "text_encoder/pytorch_model.bin"}, {"rfilename": "tokenizer/merges.txt"}, {"rfilename": "tokenizer/special_tokens_map.json"}, {"rfilename": "tokenizer/tokenizer_config.json"}, {"rfilename": "tokenizer/vocab.json"}, {"rfilename": "unet/config.json"}, {"rfilename": "unet/diffusion_pytorch_model.bin"}, {"rfilename": "vae/config.json"}, {"rfilename": "vae/diffusion_pytorch_model.bin"}], "spaces": [], "createdAt": "2023-04-30T20:49:07.000Z", "inferenceStatus": "not-loaded"}