{"_id": "6489b02525a2f4948de6a407", "id": "Gabriel-Dee/Trials", "modelId": "Gabriel-Dee/Trials", "author": "Gabriel-Dee", "sha": "269aee212df9a863da4247b466ad42642573a37e", "lastModified": "2023-06-14T12:30:42.000Z", "private": false, "disabled": false, "gated": false, "tags": ["arxiv:1910.09700", "region:us"], "downloads": 0, "likes": 0, "model-index": null, "cardData": {}, "siblings": [{"rfilename": ".gitattributes"}, {"rfilename": "README.md"}], "spaces": [], "createdAt": "2023-06-14T12:18:45.000Z", "inferenceStatus": "not-loaded"}