{"_id": "667172a8a659710ca82e3d3f", "id": "n-akimasa/dqn-SpaceInvadersNoFrameskip-v4", "modelId": "n-akimasa/dqn-SpaceInvadersNoFrameskip-v4", "author": "n-akimasa", "sha": "84c5a6851bba7ffce15a909bcf24bf6c68d4ac63", "lastModified": "2024-06-18T11:43:09.000Z", "private": false, "disabled": false, "gated": false, "pipeline_tag": "reinforcement-learning", "tags": ["stable-baselines3", "SpaceInvadersNoFrameskip-v4", "deep-reinforcement-learning", "reinforcement-learning", "model-index", "region:us"], "downloads": 18, "library_name": "stable-baselines3", "likes": 0, "model-index": [{"name": "DQN", "results": [{"task": {"type": "reinforcement-learning", "name": "reinforcement-learning"}, "dataset": {"name": "SpaceInvadersNoFrameskip-v4", "type": "SpaceInvadersNoFrameskip-v4"}, "metrics": [{"type": "mean_reward", "value": "594.50 +/- 146.76", "name": "mean_reward", "verified": false}]}]}], "cardData": {"library_name": "stable-baselines3", "tags": ["SpaceInvadersNoFrameskip-v4", "deep-reinforcement-learning", "reinforcement-learning", "stable-baselines3"], "model-index": [{"name": "DQN", "results": [{"task": {"type": "reinforcement-learning", "name": "reinforcement-learning"}, "dataset": {"name": "SpaceInvadersNoFrameskip-v4", "type": "SpaceInvadersNoFrameskip-v4"}, "metrics": [{"type": "mean_reward", "value": "594.50 +/- 146.76", "name": "mean_reward", "verified": false}]}]}]}, "siblings": [{"rfilename": ".gitattributes"}, {"rfilename": "README.md"}, {"rfilename": "args.yml"}, {"rfilename": "config.yml"}, {"rfilename": "dqn-SpaceInvadersNoFrameskip-v4.zip"}, {"rfilename": "dqn-SpaceInvadersNoFrameskip-v4/_stable_baselines3_version"}, {"rfilename": "dqn-SpaceInvadersNoFrameskip-v4/data"}, {"rfilename": "dqn-SpaceInvadersNoFrameskip-v4/policy.optimizer.pth"}, {"rfilename": "dqn-SpaceInvadersNoFrameskip-v4/policy.pth"}, {"rfilename": "dqn-SpaceInvadersNoFrameskip-v4/pytorch_variables.pth"}, {"rfilename": "dqn-SpaceInvadersNoFrameskip-v4/system_info.txt"}, {"rfilename": "env_kwargs.yml"}, {"rfilename": "replay.mp4"}, {"rfilename": "results.json"}, {"rfilename": "train_eval_metrics.zip"}], "spaces": [], "createdAt": "2024-06-18T11:42:32.000Z", "inferenceStatus": "not-loaded"}