{"_id": "649197b01e161baf7891c6a2", "id": "n-protsiv/falcon-7b-finetuned-healhcaremagic-1k", "modelId": "n-protsiv/falcon-7b-finetuned-healhcaremagic-1k", "author": "n-protsiv", "sha": "987c6d609a087c9b1378e3803dded0dc00a5e672", "lastModified": "2023-06-20T12:12:33.000Z", "private": false, "disabled": false, "gated": false, "tags": ["region:us"], "downloads": 0, "likes": 0, "siblings": [{"rfilename": ".gitattributes"}, {"rfilename": "adapter_config.json"}, {"rfilename": "adapter_model.bin"}], "spaces": [], "createdAt": "2023-06-20T12:12:32.000Z", "inferenceStatus": "not-loaded"}