{"_id": "667e0fa72553b00c7a0963ff", "id": "N00203979/Pregunta5_Arbol", "modelId": "N00203979/Pregunta5_Arbol", "author": "N00203979", "sha": "64ec0d60d33ff5346dbe794c28a8bd97c2a3d16f", "lastModified": "2024-06-28T01:21:09.000Z", "private": false, "disabled": false, "gated": false, "tags": ["region:us"], "downloads": 0, "likes": 0, "siblings": [{"rfilename": ".gitattributes"}, {"rfilename": "app (1).py"}, {"rfilename": "decision_tree_model.pkl"}, {"rfilename": "pregunta5.ipynb"}, {"rfilename": "requirements (1).txt"}, {"rfilename": "titanic (1).csv"}], "spaces": [], "createdAt": "2024-06-28T01:19:35.000Z", "inferenceStatus": "not-loaded"}