{"_id": "662bdcab04f9341b56101719", "id": "n00854180t/ErisMaidFlame-7B-Q4_K_M-GGUF", "modelId": "n00854180t/ErisMaidFlame-7B-Q4_K_M-GGUF", "author": "n00854180t", "sha": "80055ffbb8ff4256387d66ee2b7a2948e59dce50", "lastModified": "2024-04-26T16:56:25.000Z", "private": false, "disabled": false, "gated": false, "tags": ["transformers", "gguf", "mergekit", "merge", "llama-cpp", "gguf-my-repo", "base_model:nbeerbower/MaidFlameSoup-7B", "base_model:ChaoticNeutrals/Eris_Remix_DPO_7B", "endpoints_compatible", "region:us"], "downloads": 13, "library_name": "transformers", "likes": 0, "model-index": null, "cardData": {"library_name": "transformers", "tags": ["mergekit", "merge", "llama-cpp", "gguf-my-repo"], "base_model": ["nbeerbower/MaidFlameSoup-7B", "ChaoticNeutrals/Eris_Remix_DPO_7B"]}, "transformersInfo": {"auto_model": "AutoModel"}, "siblings": [{"rfilename": ".gitattributes"}, {"rfilename": "README.md"}, {"rfilename": "erismaidflame-7b.Q4_K_M.gguf"}], "spaces": [], "createdAt": "2024-04-26T16:56:11.000Z", "inferenceStatus": "not-loaded"}