{"_id": "66509b02dd005bf37b864f70", "id": "n01e1se/loras_model", "modelId": "n01e1se/loras_model", "author": "n01e1se", "sha": "fca373dded572d1b72c6a9e83674fcd5d9963768", "lastModified": "2024-07-04T17:39:58.000Z", "private": false, "disabled": false, "gated": false, "tags": ["region:us"], "downloads": 0, "likes": 0, "siblings": [{"rfilename": ".gitattributes"}, {"rfilename": "11a11aV2-disney-000012.safetensors"}, {"rfilename": "Aisha_Brown-Shay_Mitchell-Jug-000006.safetensors"}, {"rfilename": "Aisha_Brown-Shay_Mitchell-Jug.safetensors"}, {"rfilename": "Alexa_Gonzales-Gal_Gadot-juggernautXL.safetensors"}, {"rfilename": "Alice_River-Phoebe_Dynevor-juggernautXL.safetensors"}, {"rfilename": "Ari__Park_Min-young__jug.safetensors"}, {"rfilename": "AshleyR-Jayme_Lawson-Jug-000012.safetensors"}, {"rfilename": "AshleyR-Jayme_Lawson-Jug.safetensors"}, {"rfilename": "Domenica-Isabela_Moner_Jug.safetensors"}, {"rfilename": "HeMi11_disney.safetensors"}, {"rfilename": "Hitoshi_disney.safetensors"}, {"rfilename": "Ian _1111an _jug-000012.safetensors"}, {"rfilename": "IndiaG_Nikkita-Chadha_Jug.safetensors"}, {"rfilename": "Irina-Charlize_Theron-Jug.safetensors"}, {"rfilename": "Isabella_Galan_Geraldine_Viswanathan_juggernautXL.safetensors"}, {"rfilename": "Leon-Gabriel_Aubry-photomix-000009.safetensors"}, {"rfilename": "MSMith_Rihanna_jug-000012.safetensors"}, {"rfilename": "Mahura-Park_Min-young-Jug.safetensors"}, {"rfilename": "Namjoon-Seo_Kang-joon-jug.safetensors"}, {"rfilename": "Nancy-Kat_Graham-photomix-000009.safetensors"}, {"rfilename": "Naomi_Clar-Jaylen_Barron-Jug.safetensors"}, {"rfilename": "Phoebe-Lily_Collins-Jug.safetensors"}, {"rfilename": "README.md"}, {"rfilename": "Ruth_Young-Ji-woon_Kim-Jug.safetensors"}, {"rfilename": "YuanLi-Jug.safetensors"}, {"rfilename": "a111ysa_pancilV400-000012.safetensors"}, {"rfilename": "alexa_gonzales-Kardashian-photomix-000012.safetensors"}, {"rfilename": "alice-Sophia_Tatum-photomix-000018.safetensors"}, {"rfilename": "aliceJon-Naomi_Campbell-photomix-000009.safetensors"}, {"rfilename": "alise_river-Sophia_Tatum-photomix-000003.safetensors"}, {"rfilename": "amina-Kardashian-photomix.safetensors"}, {"rfilename": "an111ma-pancil-000006.safetensors"}, {"rfilename": "anna-Kaya_Scodelario -Jug-000008.safetensors"}, {"rfilename": "anna-Kaya_Scodelario -Jug.safetensors"}, {"rfilename": "anna-Kaya_Scodelario-Jug-000010.safetensors"}, {"rfilename": "ari_ParkMin-young-RealMix-000009.safetensors"}, {"rfilename": "ari_ParkMin-young-RealMix-000012.safetensors"}, {"rfilename": "arina-Nicola_Peltz-photomix-000009.safetensors"}, {"rfilename": "avitty-Beyoncet-photomix.safetensors"}, {"rfilename": "d111ana_disney-000012.safetensors"}, {"rfilename": "dada-Tanya_Reynoldsbll-Jug-000015.safetensors"}, {"rfilename": "dada-Tanya_Reynoldsbll-Jug.safetensors"}, {"rfilename": "e111za_pancilV400.safetensors"}, {"rfilename": "emm00_pancilv400-000012.safetensors"}, {"rfilename": "er111n_disney-000008.safetensors"}, {"rfilename": "er111n_disney-000012.safetensors"}, {"rfilename": "er111n_disney.safetensors"}, {"rfilename": "faris-Shahid_Kapoor-Jug-000012.safetensors"}, {"rfilename": "faris-Shahid_Kapoor-Jug.safetensors"}, {"rfilename": "jadieS-Mina_El_Hammani-photomix-000012.safetensors"}, {"rfilename": "jadieS-Mina_El_Hammani-photomix.safetensors"}, {"rfilename": "k111ba-pancilv400.safetensors"}, {"rfilename": "k111iford-pancil.safetensors"}, {"rfilename": "kaaapo_pancilV400.safetensors"}, {"rfilename": "khaira-Nikkita_Chadha-photomix-000003.safetensors"}, {"rfilename": "khaira-Nikkita_Chadha-photomix-000009.safetensors"}, {"rfilename": "kumikiM-Zhu_Zhu-photomix-000003.safetensors"}, {"rfilename": "leeY-Brenda_Song-photomix.safetensors"}, {"rfilename": "lida-Stephanie_Pratt-photomix.safetensors"}, {"rfilename": "linda_carmenElectra-photomix-000012.safetensors"}, {"rfilename": "masako_Brenda-Song_photomix-000003.safetensors"}, {"rfilename": "na111na_aniPancilV400-000012.safetensors"}, {"rfilename": "nad111a_disney-000012.safetensors"}, {"rfilename": "nina_Nicola-Peltz_jug-000010.safetensors"}, {"rfilename": "raisa_Kylie-Jenner_jug-000006.safetensors"}, {"rfilename": "ranisha_Michelle-Obama_jug.safetensors"}, {"rfilename": "rum111_pancilV400.safetensors"}, {"rfilename": "sandra_Lily-Collins_jug-000012.safetensors"}, {"rfilename": "sarahC-Amber_Heard-photomix-000003.safetensors"}, {"rfilename": "satya-Geraldine_Viswanathan-PhotoMix-000012.safetensors"}, {"rfilename": "satya-Geraldine_Viswanathan-photomix-000003.safetensors"}, {"rfilename": "skott_Ian-Harding_12.safetensors"}, {"rfilename": "slava-Julianne_Hough-Jug-000010.safetensors"}, {"rfilename": "slava-Julianne_Hough-Jug.safetensors"}, {"rfilename": "taiS-Park-Min-young-photomix-000009.safetensors"}, {"rfilename": "taiS-Park-Min-young-photomix-000012.safetensors"}, {"rfilename": "vici-Sophie_Turner-Jug-000006.safetensors"}, {"rfilename": "wi111-pancilV400-000009.safetensors"}, {"rfilename": "wi111-pancilV400.safetensors"}, {"rfilename": "y0001ki_aniPacilV400.safetensors"}, {"rfilename": "zar111na-disney-000006.safetensors"}], "spaces": [], "createdAt": "2024-05-24T13:49:54.000Z", "inferenceStatus": "not-loaded"}