{"_id": "664a43b9febdc298f7be7fc7", "id": "n01e1se/Loras", "modelId": "n01e1se/Loras", "author": "n01e1se", "sha": "b965ae1bac3b4fda34d52c2e2d10379ce4d9b67f", "lastModified": "2024-06-21T06:15:12.000Z", "private": false, "disabled": false, "gated": false, "tags": ["license:mit", "region:us"], "downloads": 0, "likes": 0, "model-index": null, "cardData": {"license": "mit"}, "siblings": [{"rfilename": ".gitattributes"}, {"rfilename": "README.md"}], "spaces": [], "createdAt": "2024-05-19T18:23:53.000Z", "inferenceStatus": "not-loaded"}