{"_id": "64decef0bbbb7e908cb6c02e", "id": "N093/final_tts", "modelId": "N093/final_tts", "author": "N093", "sha": "af7a528dfeb673b32f44915c79a5352d868cc468", "lastModified": "2023-08-18T07:54:48.000Z", "private": false, "disabled": false, "gated": false, "pipeline_tag": "text-to-audio", "tags": ["transformers", "pytorch", "speecht5", "text-to-audio", "endpoints_compatible", "region:us"], "downloads": 1, "library_name": "transformers", "likes": 0, "config": {"architectures": ["SpeechT5ForTextToSpeech"], "model_type": "speecht5", "tokenizer_config": {"bos_token": "<s>", "eos_token": "</s>", "pad_token": "<pad>", "unk_token": "<unk>"}}, "transformersInfo": {"auto_model": "AutoModelForTextToSpectrogram", "pipeline_tag": "text-to-audio", "processor": "AutoProcessor"}, "siblings": [{"rfilename": ".gitattributes"}, {"rfilename": "added_tokens.json"}, {"rfilename": "config.json"}, {"rfilename": "generation_config.json"}, {"rfilename": "preprocessor_config.json"}, {"rfilename": "pytorch_model.bin"}, {"rfilename": "special_tokens_map.json"}, {"rfilename": "spm_char.model"}, {"rfilename": "tokenizer_config.json"}, {"rfilename": "training_args.bin"}], "spaces": ["N093/final_tts_mix"], "createdAt": "2023-08-18T01:52:48.000Z", "inferenceStatus": "not-loaded"}