{"_id": "6594187cc0a266442684fdf7", "id": "N0elle-08/vit-base-patch16-224-finetuned-flower", "modelId": "N0elle-08/vit-base-patch16-224-finetuned-flower", "author": "N0elle-08", "sha": "1b7677c329398ff0317845fdb436646f2a6512ab", "lastModified": "2024-01-02T14:17:01.000Z", "private": false, "disabled": false, "gated": false, "pipeline_tag": "image-classification", "tags": ["transformers", "pytorch", "vit", "image-classification", "generated_from_trainer", "dataset:imagefolder", "license:apache-2.0", "autotrain_compatible", "endpoints_compatible", "region:us"], "downloads": 2, "library_name": "transformers", "likes": 0, "model-index": [{"name": "vit-base-patch16-224-finetuned-flower", "results": []}], "config": {"architectures": ["ViTForImageClassification"], "model_type": "vit"}, "cardData": {"license": "apache-2.0", "tags": ["generated_from_trainer"], "datasets": ["imagefolder"], "model-index": [{"name": "vit-base-patch16-224-finetuned-flower", "results": []}]}, "transformersInfo": {"auto_model": "AutoModelForImageClassification", "pipeline_tag": "image-classification", "processor": "AutoImageProcessor"}, "siblings": [{"rfilename": ".gitattributes"}, {"rfilename": ".gitignore"}, {"rfilename": "README.md"}, {"rfilename": "config.json"}, {"rfilename": "preprocessor_config.json"}, {"rfilename": "pytorch_model.bin"}, {"rfilename": "training_args.bin"}], "spaces": ["N0elle-08/Flower_Classification"], "createdAt": "2024-01-02T14:06:52.000Z", "inferenceStatus": "not-loaded"}