{"_id": "6545fa2a448673272020769a", "id": "n0madic/MOHAWK_v18VAEBaked", "modelId": "n0madic/MOHAWK_v18VAEBaked", "author": "n0madic", "sha": "41e831684ef3d2429788bdb7929ffb17de6dc08e", "lastModified": "2023-11-04T08:51:23.000Z", "private": false, "disabled": false, "gated": false, "pipeline_tag": "text-to-image", "tags": ["diffusers", "safetensors", "autotrain_compatible", "endpoints_compatible", "diffusers:StableDiffusionXLPipeline", "region:us"], "downloads": 145, "library_name": "diffusers", "likes": 0, "config": {"diffusers": {"_class_name": "StableDiffusionXLPipeline"}}, "siblings": [{"rfilename": ".gitattributes"}, {"rfilename": "MOHAWK_v18VAEBaked.safetensors"}, {"rfilename": "README.md"}, {"rfilename": "model_index.json"}, {"rfilename": "scheduler/scheduler_config.json"}, {"rfilename": "text_encoder/config.json"}, {"rfilename": "text_encoder/model.fp16.safetensors"}, {"rfilename": "text_encoder/model.safetensors"}, {"rfilename": "text_encoder_2/config.json"}, {"rfilename": "text_encoder_2/model.fp16.safetensors"}, {"rfilename": "text_encoder_2/model.safetensors"}, {"rfilename": "tokenizer/merges.txt"}, {"rfilename": "tokenizer/special_tokens_map.json"}, {"rfilename": "tokenizer/tokenizer_config.json"}, {"rfilename": "tokenizer/vocab.json"}, {"rfilename": "tokenizer_2/merges.txt"}, {"rfilename": "tokenizer_2/special_tokens_map.json"}, {"rfilename": "tokenizer_2/tokenizer_config.json"}, {"rfilename": "tokenizer_2/vocab.json"}, {"rfilename": "unet/config.json"}, {"rfilename": "unet/diffusion_pytorch_model.fp16.safetensors"}, {"rfilename": "unet/diffusion_pytorch_model.safetensors"}, {"rfilename": "vae/config.json"}, {"rfilename": "vae/diffusion_pytorch_model.fp16.safetensors"}, {"rfilename": "vae/diffusion_pytorch_model.safetensors"}], "spaces": [], "createdAt": "2023-11-04T08:00:42.000Z", "inferenceStatus": "not-loaded"}