{"_id": "64b2db41faa3181a5e77ab1b", "id": "n0n1m/rvc-krosh", "modelId": "n0n1m/rvc-krosh", "author": "n0n1m", "sha": "d289bd444b6910eeece48ef758317868101fd673", "lastModified": "2023-07-16T16:08:15.000Z", "private": false, "disabled": false, "gated": false, "pipeline_tag": "audio-to-audio", "tags": ["audio-to-audio", "license:openrail", "region:us"], "downloads": 0, "likes": 0, "model-index": null, "cardData": {"license": "openrail", "pipeline_tag": "audio-to-audio"}, "siblings": [{"rfilename": ".gitattributes"}, {"rfilename": "README.md"}, {"rfilename": "krash.zip"}], "spaces": [], "createdAt": "2023-07-15T17:45:37.000Z", "inferenceStatus": "not-loaded"}