{"_id": "665f7a8874f7b13a26ddd44b", "id": "n0w0f/MatText", "modelId": "n0w0f/MatText", "author": "n0w0f", "sha": "6db78335ed09cbbc0d35cd52fc772d1902c23f75", "lastModified": "2024-06-04T21:47:11.000Z", "private": false, "disabled": false, "gated": false, "pipeline_tag": "feature-extraction", "tags": ["transformers", "safetensors", "bert", "feature-extraction", "license:mit", "text-embeddings-inference", "endpoints_compatible", "region:us"], "downloads": 2, "library_name": "transformers", "mask_token": "[MASK]", "likes": 0, "model-index": null, "config": {"architectures": ["BertModel"], "model_type": "bert"}, "cardData": {"license": "mit"}, "transformersInfo": {"auto_model": "AutoModel", "pipeline_tag": "feature-extraction", "processor": "AutoTokenizer"}, "siblings": [{"rfilename": ".gitattributes"}, {"rfilename": "README.md"}, {"rfilename": "config.json"}, {"rfilename": "model.safetensors"}], "spaces": [], "createdAt": "2024-06-04T20:35:20.000Z", "safetensors": {"parameters": {"F32": 33224192}, "total": 33224192}, "inferenceStatus": "not-loaded"}