{"_id": "665fe0ce4058eea6b22b779e", "id": "n0w0f/MatText-atom-seq-2m", "modelId": "n0w0f/MatText-atom-seq-2m", "author": "n0w0f", "sha": "de0714f407ac2f8fa021500fc61b80d56eb530f3", "lastModified": "2024-06-28T15:15:57.000Z", "private": false, "disabled": false, "gated": false, "pipeline_tag": "feature-extraction", "tags": ["transformers", "safetensors", "bert", "feature-extraction", "chemistry", "materials", "pretrained", "en", "dataset:n0w0f/MatText", "arxiv:1910.09700", "arxiv:2406.17295", "license:mit", "text-embeddings-inference", "endpoints_compatible", "region:us"], "downloads": 2, "library_name": "transformers", "mask_token": "[MASK]", "likes": 0, "model-index": null, "config": {"architectures": ["BertModel"], "model_type": "bert"}, "cardData": {"library_name": "transformers", "tags": ["chemistry", "bert", "materials", "pretrained"], "license": "mit", "datasets": ["n0w0f/MatText"], "language": ["en"]}, "transformersInfo": {"auto_model": "AutoModel", "pipeline_tag": "feature-extraction", "processor": "AutoTokenizer"}, "siblings": [{"rfilename": ".gitattributes"}, {"rfilename": "README.md"}, {"rfilename": "config.json"}, {"rfilename": "model.safetensors"}], "spaces": [], "createdAt": "2024-06-05T03:51:42.000Z", "safetensors": {"parameters": {"F32": 32716288}, "total": 32716288}, "inferenceStatus": "not-loaded"}