{"_id": "665fde4409adf89a01600059", "id": "n0w0f/MatText-slices-2m", "modelId": "n0w0f/MatText-slices-2m", "author": "n0w0f", "sha": "c21d7e29ccc7759b40fe2f3f0fe32a65f51b734e", "lastModified": "2024-06-28T15:14:30.000Z", "private": false, "disabled": false, "gated": false, "pipeline_tag": "feature-extraction", "tags": ["transformers", "safetensors", "bert", "feature-extraction", "chemistry", "materials", "pretrained", "en", "dataset:n0w0f/MatText", "arxiv:1910.09700", "arxiv:2406.17295", "license:mit", "text-embeddings-inference", "endpoints_compatible", "region:us"], "downloads": 2, "library_name": "transformers", "mask_token": "[MASK]", "likes": 0, "model-index": null, "config": {"architectures": ["BertModel"], "model_type": "bert"}, "cardData": {"library_name": "transformers", "tags": ["chemistry", "bert", "materials", "pretrained"], "license": "mit", "datasets": ["n0w0f/MatText"], "language": ["en"]}, "transformersInfo": {"auto_model": "AutoModel", "pipeline_tag": "feature-extraction", "processor": "AutoTokenizer"}, "siblings": [{"rfilename": ".gitattributes"}, {"rfilename": "README.md"}, {"rfilename": "config.json"}, {"rfilename": "model.safetensors"}], "spaces": [], "createdAt": "2024-06-05T03:40:52.000Z", "safetensors": {"parameters": {"F32": 32962048}, "total": 32962048}, "inferenceStatus": "not-loaded"}