{"_id": "665fe15a477383baa793e98d", "id": "n0w0f/MatText-composition-2m", "modelId": "n0w0f/MatText-composition-2m", "author": "n0w0f", "sha": "6a99cae1f3124dd8b2a3902a0a6a587356d5bb8c", "lastModified": "2024-06-05T06:16:30.000Z", "private": false, "disabled": false, "gated": false, "pipeline_tag": "feature-extraction", "tags": ["transformers", "safetensors", "bert", "feature-extraction", "chemistry", "materials", "pretrained", "en", "dataset:n0w0f/MatText", "arxiv:1910.09700", "license:mit", "text-embeddings-inference", "endpoints_compatible", "region:us"], "downloads": 2, "library_name": "transformers", "mask_token": "[MASK]", "likes": 0, "model-index": null, "config": {"architectures": ["BertModel"], "model_type": "bert"}, "cardData": {"library_name": "transformers", "tags": ["chemistry", "bert", "materials", "pretrained"], "license": "mit", "datasets": ["n0w0f/MatText"], "language": ["en"]}, "transformersInfo": {"auto_model": "AutoModel", "pipeline_tag": "feature-extraction", "processor": "AutoTokenizer"}, "siblings": [{"rfilename": ".gitattributes"}, {"rfilename": "README.md"}, {"rfilename": "config.json"}, {"rfilename": "model.safetensors"}], "spaces": [], "createdAt": "2024-06-05T03:54:02.000Z", "safetensors": {"parameters": {"F32": 32716288}, "total": 32716288}, "inferenceStatus": "not-loaded"}