{"_id": "630ef1ff32e039c6c34b58ec", "id": "N123nashat/12nash", "modelId": "N123nashat/12nash", "author": "N123nashat", "sha": "593bf373a528fdde3af058d76cf585a2ac36d048", "lastModified": "2022-08-31T05:30:39.000Z", "private": false, "disabled": false, "gated": false, "tags": ["license:afl-3.0", "region:us"], "downloads": 0, "likes": 0, "model-index": null, "cardData": {"license": "afl-3.0"}, "siblings": [{"rfilename": ".gitattributes"}, {"rfilename": "README.md"}], "spaces": [], "createdAt": "2022-08-31T05:30:39.000Z", "inferenceStatus": "not-loaded"}