{"_id": "6566039fd4b0cda0f43a6035", "id": "n1da/apache-2.0", "modelId": "n1da/apache-2.0", "author": "n1da", "sha": "e507bcf9d03b15f198e007a8745d4df3579eb859", "lastModified": "2023-11-28T15:13:35.000Z", "private": false, "disabled": false, "gated": false, "tags": ["license:apache-2.0", "region:us"], "downloads": 0, "likes": 0, "model-index": null, "cardData": {"license": "apache-2.0"}, "siblings": [{"rfilename": ".gitattributes"}, {"rfilename": "README.md"}], "spaces": [], "createdAt": "2023-11-28T15:13:35.000Z", "inferenceStatus": "not-loaded"}