{"_id": "6518c4c166074c0926ffc12d", "id": "n1nza/fizik", "modelId": "n1nza/fizik", "author": "n1nza", "sha": "ffed0a2db5e0e27707a9ee641dcfaf1096bdc6ff", "lastModified": "2023-10-01T01:05:55.000Z", "private": false, "disabled": false, "gated": false, "tags": ["region:us"], "downloads": 0, "likes": 0, "siblings": [{"rfilename": ".gitattributes"}, {"rfilename": "fiziks.zip"}, {"rfilename": "mi-test_e20_s180.pth"}], "spaces": [], "createdAt": "2023-10-01T01:00:49.000Z", "inferenceStatus": "not-loaded"}