{"_id": "667dba96d21bdcf60a903414", "id": "n1ra/phi3-aid-v6-GGUF", "modelId": "n1ra/phi3-aid-v6-GGUF", "author": "n1ra", "sha": "d630202b522b8a64f9c344f05de9963014a74c9e", "lastModified": "2024-06-27T20:00:50.000Z", "private": false, "disabled": false, "gated": false, "tags": ["gguf", "region:us"], "downloads": 2965, "likes": 0, "siblings": [{"rfilename": ".gitattributes"}, {"rfilename": "phi3-aid-v6.Q2_K.gguf"}, {"rfilename": "phi3-aid-v6.Q4_K_M.gguf"}, {"rfilename": "phi3-aid-v6.Q8_0.gguf"}, {"rfilename": "phi3-aid-v6.fp16.gguf"}], "spaces": [], "createdAt": "2024-06-27T19:16:38.000Z", "inferenceStatus": "not-loaded"}