{"_id": "6677060dd229a7f8305b9e34", "id": "n1x-ax/ln-mox", "modelId": "n1x-ax/ln-mox", "author": "n1x-ax", "sha": "b89dba8784e194cb4972f65fedc6d2a504806273", "lastModified": "2024-06-22T17:19:03.000Z", "private": false, "disabled": false, "gated": false, "pipeline_tag": "text-to-image", "tags": ["diffusers", "text-to-image", "stable-diffusion", "lora", "template:sd-lora", "base_model:runwayml/stable-diffusion-v1-5", "license:cc-by-nc-4.0", "region:us"], "downloads": 563, "library_name": "diffusers", "widgetData": [{"text": "ln-mox", "output": {"url": "https://huggingface.co/n1x-ax/ln-mox/resolve/main/images/F7hrrKnWkAAaRzi.jpeg"}}], "likes": 1, "model-index": null, "cardData": {"tags": ["text-to-image", "stable-diffusion", "lora", "diffusers", "template:sd-lora"], "widget": [{"text": "ln-mox", "output": {"url": "https://huggingface.co/n1x-ax/ln-mox/resolve/main/images/F7hrrKnWkAAaRzi.jpeg"}}], "base_model": "runwayml/stable-diffusion-v1-5", "instance_prompt": "ln-mox", "license": "cc-by-nc-4.0"}, "siblings": [{"rfilename": ".gitattributes"}, {"rfilename": "LN-Mox.ckpt"}, {"rfilename": "README.md"}, {"rfilename": "images/F7hrrKnWkAAaRzi.jpeg"}], "spaces": ["n1x-ax/n1x-ax-ln-mox"], "createdAt": "2024-06-22T17:12:45.000Z", "inferenceStatus": "not-loaded"}