{"_id": "65e1f33e13643593afcb3ec3", "id": "n2ygk/whisper-tiny-minds", "modelId": "n2ygk/whisper-tiny-minds", "author": "n2ygk", "sha": "8d838933c96f517eec0cc5b3575a7b5ddf632729", "lastModified": "2024-03-04T15:15:20.000Z", "private": false, "disabled": false, "gated": false, "pipeline_tag": "automatic-speech-recognition", "tags": ["transformers", "tensorboard", "safetensors", "whisper", "automatic-speech-recognition", "generated_from_trainer", "dataset:PolyAI/minds14", "base_model:openai/whisper-tiny", "license:apache-2.0", "model-index", "endpoints_compatible", "region:us"], "downloads": 0, "library_name": "transformers", "likes": 0, "model-index": [{"name": "whisper-tiny-minds", "results": [{"task": {"name": "Automatic Speech Recognition", "type": "automatic-speech-recognition"}, "dataset": {"name": "PolyAI/minds14", "type": "PolyAI/minds14", "config": "en-US", "split": "train", "args": "en-US"}, "metrics": [{"name": "Wer", "type": "wer", "value": 0.3282172373081464, "verified": false}]}]}], "config": {"architectures": ["WhisperForConditionalGeneration"], "model_type": "whisper", "tokenizer_config": {"bos_token": "<|endoftext|>", "eos_token": "<|endoftext|>", "pad_token": "<|endoftext|>", "unk_token": "<|endoftext|>"}}, "cardData": {"license": "apache-2.0", "base_model": "openai/whisper-tiny", "tags": ["generated_from_trainer"], "datasets": ["PolyAI/minds14"], "metrics": ["wer"], "model-index": [{"name": "whisper-tiny-minds", "results": [{"task": {"name": "Automatic Speech Recognition", "type": "automatic-speech-recognition"}, "dataset": {"name": "PolyAI/minds14", "type": "PolyAI/minds14", "config": "en-US", "split": "train", "args": "en-US"}, "metrics": [{"name": "Wer", "type": "wer", "value": 0.3282172373081464, "verified": false}]}]}]}, "transformersInfo": {"auto_model": "AutoModelForSpeechSeq2Seq", "pipeline_tag": "automatic-speech-recognition", "processor": "AutoProcessor"}, "siblings": [{"rfilename": ".gitattributes"}, {"rfilename": "README.md"}, {"rfilename": "added_tokens.json"}, {"rfilename": "config.json"}, {"rfilename": "generation_config.json"}, {"rfilename": "merges.txt"}, {"rfilename": "model.safetensors"}, {"rfilename": "normalizer.json"}, {"rfilename": "preprocessor_config.json"}, {"rfilename": "runs/Mar01_15-24-46_10c33cc35d47/events.out.tfevents.1709306687.10c33cc35d47.1957.0"}, {"rfilename": "runs/Mar01_15-47-21_10c33cc35d47/events.out.tfevents.1709308049.10c33cc35d47.1957.1"}, {"rfilename": "runs/Mar01_16-48-33_10c33cc35d47/events.out.tfevents.1709311731.10c33cc35d47.1957.2"}, {"rfilename": "runs/Mar01_17-48-47_10c33cc35d47/events.out.tfevents.1709315334.10c33cc35d47.1957.3"}, {"rfilename": "runs/Mar01_18-41-12_66106ac3495c/events.out.tfevents.1709318473.66106ac3495c.978.0"}, {"rfilename": "runs/Mar01_19-24-32_66106ac3495c/events.out.tfevents.1709321080.66106ac3495c.978.1"}, {"rfilename": "runs/Mar04_14-31-00_728f83ee7730/events.out.tfevents.1709562661.728f83ee7730.725.0"}, {"rfilename": "special_tokens_map.json"}, {"rfilename": "tokenizer_config.json"}, {"rfilename": "training_args.bin"}, {"rfilename": "vocab.json"}], "spaces": [], "createdAt": "2024-03-01T15:24:46.000Z", "safetensors": {"parameters": {"F32": 37760640}, "total": 37760640}, "inferenceStatus": "not-loaded"}