{"_id": "64b729882fbbea73ad83d187", "id": "n3bbb/bert_uncased_L-12_H-768_A-12-finetuned-cola", "modelId": "n3bbb/bert_uncased_L-12_H-768_A-12-finetuned-cola", "author": "n3bbb", "sha": "987803879e2e5584b6da87d4239298e58f17fad4", "lastModified": "2023-07-19T00:08:40.000Z", "private": false, "disabled": false, "gated": false, "tags": ["region:us"], "downloads": 0, "likes": 0, "siblings": [{"rfilename": ".gitattributes"}], "spaces": [], "createdAt": "2023-07-19T00:08:40.000Z", "inferenceStatus": "not-loaded"}