{"_id": "65a7048b12a69b973734b7c6", "id": "N3gat1v3Z3r0/BrendonUrie", "modelId": "N3gat1v3Z3r0/BrendonUrie", "author": "N3gat1v3Z3r0", "sha": "280048901525826f8789784046df0fad67ba86b7", "lastModified": "2024-01-16T22:35:47.000Z", "private": false, "disabled": false, "gated": false, "tags": ["license:unknown", "region:us"], "downloads": 0, "likes": 0, "model-index": null, "cardData": {"license": "unknown"}, "siblings": [{"rfilename": ".gitattributes"}, {"rfilename": "README.md"}, {"rfilename": "brendon_urie.zip"}], "spaces": [], "createdAt": "2024-01-16T22:34:51.000Z", "inferenceStatus": "not-loaded"}