{"_id": "65f12aeb6f1fb544c2471462", "id": "N3gat1v3Z3r0/Emma", "modelId": "N3gat1v3Z3r0/Emma", "author": "N3gat1v3Z3r0", "sha": "66856bfae95b3ef8e46e636b248f7401e094329e", "lastModified": "2024-03-13T04:27:27.000Z", "private": false, "disabled": false, "gated": false, "tags": ["license:unknown", "region:us"], "downloads": 0, "likes": 0, "model-index": null, "cardData": {"license": "unknown"}, "siblings": [{"rfilename": ".gitattributes"}, {"rfilename": "README.md"}, {"rfilename": "emma.zip"}], "spaces": [], "createdAt": "2024-03-13T04:26:19.000Z", "inferenceStatus": "not-loaded"}