{"_id": "65a74801c2cf664a51b36e1b", "id": "N3gat1v3Z3r0/HatsuneMiku", "modelId": "N3gat1v3Z3r0/HatsuneMiku", "author": "N3gat1v3Z3r0", "sha": "fe8c401c363fdb569cb24aea03ded12cee7f2c44", "lastModified": "2024-01-17T03:25:08.000Z", "private": false, "disabled": false, "gated": false, "tags": ["license:unknown", "region:us"], "downloads": 0, "likes": 0, "model-index": null, "cardData": {"license": "unknown"}, "siblings": [{"rfilename": ".gitattributes"}, {"rfilename": "MikuAI.zip"}, {"rfilename": "README.md"}], "spaces": [], "createdAt": "2024-01-17T03:22:41.000Z", "inferenceStatus": "not-loaded"}