{"_id": "646bb881f85ebf65c5397609", "id": "n3wtou/mt5-small-finedtuned-4-swahili", "modelId": "n3wtou/mt5-small-finedtuned-4-swahili", "author": "n3wtou", "sha": "5862801379dc655aa07b6426209d89ec1dc8318e", "lastModified": "2023-06-14T07:19:01.000Z", "private": false, "disabled": false, "gated": false, "pipeline_tag": "text2text-generation", "tags": ["transformers", "tf", "mt5", "text2text-generation", "generated_from_keras_callback", "sw", "dataset:csebuetnlp/xlsum", "license:apache-2.0", "autotrain_compatible", "endpoints_compatible", "region:us"], "downloads": 1, "library_name": "transformers", "likes": 0, "model-index": [{"name": "n3wtou/mt5-small-finedtuned-4-swahili", "results": []}], "config": {"architectures": ["MT5ForConditionalGeneration"], "model_type": "mt5", "tokenizer_config": {"eos_token": "</s>", "pad_token": "<pad>", "unk_token": "<unk>"}}, "cardData": {"license": "apache-2.0", "tags": ["generated_from_keras_callback"], "model-index": [{"name": "n3wtou/mt5-small-finedtuned-4-swahili", "results": []}], "datasets": ["csebuetnlp/xlsum"], "language": ["sw"], "metrics": ["f1", "rouge"]}, "transformersInfo": {"auto_model": "AutoModelForSeq2SeqLM", "pipeline_tag": "text2text-generation", "processor": "AutoTokenizer"}, "siblings": [{"rfilename": ".gitattributes"}, {"rfilename": "README.md"}, {"rfilename": "config.json"}, {"rfilename": "generation_config.json"}, {"rfilename": "special_tokens_map.json"}, {"rfilename": "spiece.model"}, {"rfilename": "tf_model.h5"}, {"rfilename": "tokenizer.json"}, {"rfilename": "tokenizer_config.json"}], "spaces": [], "createdAt": "2023-05-22T18:46:25.000Z", "inferenceStatus": "not-loaded"}