{"_id": "646e43d234fde71fda959e17", "id": "n3wtou/swa_t5", "modelId": "n3wtou/swa_t5", "author": "n3wtou", "sha": "9e38eaf24f48d8d59970c3df05922f565ea263b8", "lastModified": "2023-05-24T17:13:14.000Z", "private": false, "disabled": false, "gated": false, "pipeline_tag": "text2text-generation", "tags": ["transformers", "pytorch", "t5", "text2text-generation", "autotrain_compatible", "text-generation-inference", "endpoints_compatible", "region:us"], "downloads": 1, "library_name": "transformers", "likes": 0, "config": {"architectures": ["T5ForConditionalGeneration"], "model_type": "t5", "tokenizer_config": {"eos_token": "</s>", "pad_token": "<pad>", "unk_token": "<unk>"}}, "transformersInfo": {"auto_model": "AutoModelForSeq2SeqLM", "pipeline_tag": "text2text-generation", "processor": "AutoTokenizer"}, "siblings": [{"rfilename": ".gitattributes"}, {"rfilename": "config.json"}, {"rfilename": "generation_config.json"}, {"rfilename": "pytorch_model.bin"}, {"rfilename": "special_tokens_map.json"}, {"rfilename": "spiece.model"}, {"rfilename": "tokenizer_config.json"}], "spaces": [], "createdAt": "2023-05-24T17:05:22.000Z", "inferenceStatus": "not-loaded"}