{"_id": "65ef6211d08d92badadb7bf4", "id": "N3XuSik/NeXuSik", "modelId": "N3XuSik/NeXuSik", "author": "N3XuSik", "sha": "1e1c15bc5e3aee21ea53f4202b928433ff287173", "lastModified": "2024-03-11T19:57:05.000Z", "private": false, "disabled": false, "gated": false, "tags": ["license:unknown", "region:us"], "downloads": 0, "likes": 0, "model-index": null, "cardData": {"license": "unknown"}, "siblings": [{"rfilename": ".gitattributes"}, {"rfilename": "README.md"}], "spaces": [], "createdAt": "2024-03-11T19:57:05.000Z", "inferenceStatus": "not-loaded"}