{"_id": "6426a8def310d2ad74b5c4ad", "id": "n6ai-archive/lowdef", "modelId": "n6ai-archive/lowdef", "author": "n6ai-archive", "sha": "c3b8c8c76f286baf761e3447e93c3c7a8503192a", "lastModified": "2023-03-31T17:13:44.000Z", "private": false, "disabled": false, "gated": false, "tags": ["stable diffusion", "style", "hypernetwork", "base_model:runwayml/stable-diffusion-v1-5", "license:creativeml-openrail-m", "region:us"], "downloads": 0, "likes": 1, "model-index": null, "cardData": {"license": "creativeml-openrail-m", "task_categories": ["text-to-image"], "tags": ["stable diffusion", "style", "hypernetwork"], "pretty_name": "lowdef", "base_model": "runwayml/stable-diffusion-v1-5"}, "siblings": [{"rfilename": ".gitattributes"}, {"rfilename": ".huggingface/preview.png"}, {"rfilename": "README.md"}, {"rfilename": "lowdef.pt"}], "spaces": [], "createdAt": "2023-03-31T09:33:18.000Z", "inferenceStatus": "not-loaded"}