{"_id": "6419e821e4e6552b05dca5e1", "id": "n6ai/bert-large-uncased-en-ner", "modelId": "n6ai/bert-large-uncased-en-ner", "author": "n6ai", "sha": "1c6ea195cc6128d30c7e9388b8480cfb26250917", "lastModified": "2023-04-02T17:44:34.000Z", "private": false, "disabled": false, "gated": false, "pipeline_tag": "token-classification", "tags": ["transformers", "pytorch", "safetensors", "bert", "token-classification", "generated_from_trainer", "en", "dataset:conll2003", "license:apache-2.0", "model-index", "autotrain_compatible", "endpoints_compatible", "region:us"], "downloads": 3, "library_name": "transformers", "mask_token": "[MASK]", "widgetData": [{"text": "My name is Wolfgang and I live in Berlin"}, {"text": "My name is Sarah and I live in London"}, {"text": "My name is Clara and I live in Berkeley, California."}], "likes": 1, "model-index": [{"name": "bert-large-uncased-en-ner", "results": [{"task": {"name": "Token Classification", "type": "token-classification"}, "dataset": {"name": "conll2003", "type": "conll2003", "config": "conll2003", "split": "test", "args": "conll2003"}, "metrics": [{"name": "Precision", "type": "precision", "value": 0.9094335178424214, "verified": false}, {"name": "Recall", "type": "recall", "value": 0.9164490861618799, "verified": false}, {"name": "F1", "type": "f1", "value": 0.9129278240822842, "verified": false}, {"name": "Accuracy", "type": "accuracy", "value": 0.979076030660866, "verified": false}]}]}], "config": {"architectures": ["BertForTokenClassification"], "model_type": "bert", "tokenizer_config": {"cls_token": "[CLS]", "mask_token": "[MASK]", "pad_token": "[PAD]", "sep_token": "[SEP]", "unk_token": "[UNK]"}}, "cardData": {"license": "apache-2.0", "tags": ["generated_from_trainer"], "datasets": ["conll2003"], "metrics": ["precision", "recall", "f1", "accuracy"], "model-index": [{"name": "bert-large-uncased-en-ner", "results": [{"task": {"name": "Token Classification", "type": "token-classification"}, "dataset": {"name": "conll2003", "type": "conll2003", "config": "conll2003", "split": "test", "args": "conll2003"}, "metrics": [{"name": "Precision", "type": "precision", "value": 0.9094335178424214, "verified": false}, {"name": "Recall", "type": "recall", "value": 0.9164490861618799, "verified": false}, {"name": "F1", "type": "f1", "value": 0.9129278240822842, "verified": false}, {"name": "Accuracy", "type": "accuracy", "value": 0.979076030660866, "verified": false}]}]}], "language": ["en"], "library_name": "transformers"}, "transformersInfo": {"auto_model": "AutoModelForTokenClassification", "pipeline_tag": "token-classification", "processor": "AutoTokenizer"}, "siblings": [{"rfilename": ".gitattributes"}, {"rfilename": ".gitignore"}, {"rfilename": "README.md"}, {"rfilename": "config.json"}, {"rfilename": "model.safetensors"}, {"rfilename": "pytorch_model.bin"}, {"rfilename": "special_tokens_map.json"}, {"rfilename": "tokenizer.json"}, {"rfilename": "tokenizer_config.json"}, {"rfilename": "training_args.bin"}, {"rfilename": "vocab.txt"}], "spaces": [], "createdAt": "2023-03-21T17:23:45.000Z", "safetensors": {"parameters": {"I64": 512, "F32": 334101513}, "total": 334102025}, "inferenceStatus": "not-loaded"}