{"_id": "6419d0723a524ff07ef6988b", "id": "n6ai/bert-base-uncased-en-ner", "modelId": "n6ai/bert-base-uncased-en-ner", "author": "n6ai", "sha": "4b195a02f8de9c82e9afff144abbfc96d884d6ec", "lastModified": "2023-04-02T17:45:08.000Z", "private": false, "disabled": false, "gated": false, "pipeline_tag": "token-classification", "tags": ["transformers", "pytorch", "tensorboard", "safetensors", "bert", "token-classification", "generated_from_trainer", "en", "dataset:conll2003", "license:apache-2.0", "model-index", "autotrain_compatible", "endpoints_compatible", "region:us"], "downloads": 3, "library_name": "transformers", "mask_token": "[MASK]", "widgetData": [{"text": "My name is Wolfgang and I live in Berlin"}, {"text": "My name is Sarah and I live in London"}, {"text": "My name is Clara and I live in Berkeley, California."}], "likes": 0, "model-index": [{"name": "bert-base-uncased-en-ner", "results": [{"task": {"name": "Token Classification", "type": "token-classification"}, "dataset": {"name": "conll2003", "type": "conll2003", "config": "conll2003", "split": "test", "args": "conll2003"}, "metrics": [{"name": "Precision", "type": "precision", "value": 0.9000587199060481, "verified": false}, {"name": "Recall", "type": "recall", "value": 0.909565630192262, "verified": false}, {"name": "F1", "type": "f1", "value": 0.9047872026444719, "verified": false}, {"name": "Accuracy", "type": "accuracy", "value": 0.977246046543747, "verified": false}]}]}], "config": {"architectures": ["BertForTokenClassification"], "model_type": "bert", "tokenizer_config": {"cls_token": "[CLS]", "mask_token": "[MASK]", "pad_token": "[PAD]", "sep_token": "[SEP]", "unk_token": "[UNK]"}}, "cardData": {"license": "apache-2.0", "tags": ["generated_from_trainer"], "datasets": ["conll2003"], "metrics": ["precision", "recall", "f1", "accuracy"], "model-index": [{"name": "bert-base-uncased-en-ner", "results": [{"task": {"name": "Token Classification", "type": "token-classification"}, "dataset": {"name": "conll2003", "type": "conll2003", "config": "conll2003", "split": "test", "args": "conll2003"}, "metrics": [{"name": "Precision", "type": "precision", "value": 0.9000587199060481, "verified": false}, {"name": "Recall", "type": "recall", "value": 0.909565630192262, "verified": false}, {"name": "F1", "type": "f1", "value": 0.9047872026444719, "verified": false}, {"name": "Accuracy", "type": "accuracy", "value": 0.977246046543747, "verified": false}]}]}], "language": ["en"], "library_name": "transformers"}, "transformersInfo": {"auto_model": "AutoModelForTokenClassification", "pipeline_tag": "token-classification", "processor": "AutoTokenizer"}, "siblings": [{"rfilename": ".gitattributes"}, {"rfilename": ".gitignore"}, {"rfilename": "README.md"}, {"rfilename": "config.json"}, {"rfilename": "model.safetensors"}, {"rfilename": "pytorch_model.bin"}, {"rfilename": "runs/Mar21_15-58-31_f855e59e4ef5/1679414317.4617348/events.out.tfevents.1679414317.f855e59e4ef5.428.13"}, {"rfilename": "runs/Mar21_15-58-31_f855e59e4ef5/events.out.tfevents.1679414317.f855e59e4ef5.428.12"}, {"rfilename": "special_tokens_map.json"}, {"rfilename": "tokenizer.json"}, {"rfilename": "tokenizer_config.json"}, {"rfilename": "training_args.bin"}, {"rfilename": "vocab.txt"}], "spaces": [], "createdAt": "2023-03-21T15:42:42.000Z", "safetensors": {"parameters": {"I64": 512, "F32": 108898569}, "total": 108899081}, "inferenceStatus": "not-loaded"}