{"_id": "63a52c74e3623e6684338a3a", "id": "N75242/monstermash_anyv3", "modelId": "N75242/monstermash_anyv3", "author": "N75242", "sha": "859520ef30db744bb62305fd42704a990bc167fd", "lastModified": "2022-12-23T04:28:20.000Z", "private": false, "disabled": false, "gated": false, "tags": ["license:openrail", "region:us"], "downloads": 0, "likes": 9, "model-index": null, "cardData": {"license": "openrail"}, "siblings": [{"rfilename": ".gitattributes"}, {"rfilename": "README.md"}, {"rfilename": "monstermash4+anyv3.safetensors"}, {"rfilename": "monstermash6+anyv3.safetensors"}], "spaces": [], "createdAt": "2022-12-23T04:20:04.000Z", "inferenceStatus": "not-loaded"}