{"_id": "6581b475a1291cc3c77994c0", "id": "N7D7/lucia_LoRA_1200", "modelId": "N7D7/lucia_LoRA_1200", "author": "N7D7", "sha": "abb6e9e329f79dc0d4c66f3dd6cb6b3be11ce775", "lastModified": "2023-12-19T15:19:25.000Z", "private": false, "disabled": false, "gated": false, "pipeline_tag": "text-to-image", "tags": ["diffusers", "tensorboard", "stable-diffusion-xl", "stable-diffusion-xl-diffusers", "text-to-image", "lora", "template:sd-lora", "base_model:stablediffusionapi/juggernaut-xl-v7", "license:openrail++", "region:us"], "downloads": 16, "library_name": "diffusers", "likes": 0, "model-index": null, "cardData": {"tags": ["stable-diffusion-xl", "stable-diffusion-xl-diffusers", "text-to-image", "diffusers", "lora", "template:sd-lora"], "base_model": "stablediffusionapi/juggernaut-xl-v7", "instance_prompt": "a photo of TOK luciavarelaarroyo", "license": "openrail++"}, "siblings": [{"rfilename": ".gitattributes"}, {"rfilename": "README.md"}, {"rfilename": "logs/dreambooth-lora-sd-xl/1702994233.6360996/events.out.tfevents.1702994233.bee02d5706ca.25267.1"}, {"rfilename": "logs/dreambooth-lora-sd-xl/1702994233.6381874/hparams.yml"}, {"rfilename": "logs/dreambooth-lora-sd-xl/1702994313.458259/events.out.tfevents.1702994313.bee02d5706ca.25631.1"}, {"rfilename": "logs/dreambooth-lora-sd-xl/1702994313.4603446/hparams.yml"}, {"rfilename": "logs/dreambooth-lora-sd-xl/events.out.tfevents.1702994233.bee02d5706ca.25267.0"}, {"rfilename": "logs/dreambooth-lora-sd-xl/events.out.tfevents.1702994313.bee02d5706ca.25631.0"}, {"rfilename": "pytorch_lora_weights.safetensors"}], "spaces": [], "createdAt": "2023-12-19T15:19:17.000Z", "inferenceStatus": "not-loaded"}