{"_id": "65819a2326e759e7d29792a3", "id": "N7D7/lucia_LoRA", "modelId": "N7D7/lucia_LoRA", "author": "N7D7", "sha": "38a7d53bdcfee2514e139ff76ac96de4f6852a41", "lastModified": "2023-12-19T13:27:06.000Z", "private": false, "disabled": false, "gated": false, "pipeline_tag": "text-to-image", "tags": ["diffusers", "tensorboard", "stable-diffusion-xl", "stable-diffusion-xl-diffusers", "text-to-image", "lora", "template:sd-lora", "base_model:stablediffusionapi/juggernaut-xl-v7", "license:openrail++", "region:us"], "downloads": 18, "library_name": "diffusers", "likes": 0, "model-index": null, "cardData": {"tags": ["stable-diffusion-xl", "stable-diffusion-xl-diffusers", "text-to-image", "diffusers", "lora", "template:sd-lora"], "base_model": "stablediffusionapi/juggernaut-xl-v7", "instance_prompt": "a photo of TOK luciavarelaarroyo", "license": "openrail++"}, "siblings": [{"rfilename": ".gitattributes"}, {"rfilename": "README.md"}, {"rfilename": "logs/dreambooth-lora-sd-xl/1702990347.9104195/events.out.tfevents.1702990347.bee02d5706ca.8813.1"}, {"rfilename": "logs/dreambooth-lora-sd-xl/1702990347.9122999/hparams.yml"}, {"rfilename": "logs/dreambooth-lora-sd-xl/events.out.tfevents.1702990347.bee02d5706ca.8813.0"}, {"rfilename": "pytorch_lora_weights.safetensors"}], "spaces": [], "createdAt": "2023-12-19T13:26:59.000Z", "inferenceStatus": "not-loaded"}