{"_id": "643e7badab725487d8e80be5", "id": "n87u6thyjy/qasf", "modelId": "n87u6thyjy/qasf", "author": "n87u6thyjy", "sha": "2390d5007b0256c6469dc8f4c4fe1a09fbedf593", "lastModified": "2023-04-18T11:14:54.000Z", "private": false, "disabled": false, "gated": false, "tags": ["license:openrail", "region:us"], "downloads": 0, "likes": 0, "model-index": null, "cardData": {"license": "openrail"}, "siblings": [{"rfilename": ".gitattributes"}, {"rfilename": "README.md"}], "spaces": [], "createdAt": "2023-04-18T11:14:53.000Z", "inferenceStatus": "not-loaded"}