{"_id": "621ffdc036468d709f176b9f", "id": "N8Daawg/chat_bot", "modelId": "N8Daawg/chat_bot", "author": "N8Daawg", "sha": "e82708873c6b10ad82be342d4c5ed2b2dce49d12", "lastModified": "2021-06-04T01:24:16.000Z", "private": false, "disabled": false, "gated": false, "tags": ["conversational", "region:us"], "downloads": 0, "likes": 0, "model-index": null, "cardData": {"tags": ["conversational"]}, "siblings": [{"rfilename": ".gitattributes"}, {"rfilename": "README.md"}], "spaces": [], "createdAt": "2022-03-02T23:29:04.000Z", "inferenceStatus": "not-loaded"}