{"_id": "658a3751d1331d552b23f94a", "id": "N8Programs/Nous-Hermes-2-Yi-34B-GGUF", "modelId": "N8Programs/Nous-Hermes-2-Yi-34B-GGUF", "author": "N8Programs", "sha": "39a6f8e34f5888ed3bc541028a33d9e45db79f14", "lastModified": "2023-12-26T02:49:14.000Z", "private": false, "disabled": false, "gated": false, "tags": ["gguf", "region:us"], "downloads": 21, "likes": 5, "siblings": [{"rfilename": ".gitattributes"}, {"rfilename": "README.md"}, {"rfilename": "nous-hermes-2-yi-34b.Q4_K_M.gguf"}], "spaces": [], "createdAt": "2023-12-26T02:15:45.000Z", "inferenceStatus": "not-loaded"}