{"_id": "65a08ed0dce7f9ec81bb0a51", "id": "N8Programs/ThaliaAlpha", "modelId": "N8Programs/ThaliaAlpha", "author": "N8Programs", "sha": "891e3ef658cdfaf8d5b10256f6bece629bd019c2", "lastModified": "2024-01-12T03:28:58.000Z", "private": false, "disabled": false, "gated": false, "tags": ["mlx", "safetensors", "mistral", "license:apache-2.0", "region:us"], "downloads": 0, "library_name": "mlx", "likes": 0, "model-index": null, "config": {"architectures": ["MistralForCausalLM"], "model_type": "mistral", "tokenizer_config": {"bos_token": "<s>", "chat_template": "{% for message in messages %}{{'<|im_start|>' + message['role'] + '\n' + message['content'] + '<|im_end|>' + '\n'}}{% endfor %}{% if add_generation_prompt %}{{ '<|im_start|>assistant\n' }}{% endif %}", "eos_token": "<|im_end|>", "pad_token": null, "unk_token": "<unk>", "use_default_system_prompt": true}}, "cardData": {"license": "apache-2.0", "tags": ["mlx"]}, "siblings": [{"rfilename": ".gitattributes"}, {"rfilename": "README.md"}, {"rfilename": "added_tokens.json"}, {"rfilename": "config.json"}, {"rfilename": "model-00001-of-00001.safetensors"}, {"rfilename": "model.safetensors.index.json"}, {"rfilename": "special_tokens_map.json"}, {"rfilename": "tokenizer.json"}, {"rfilename": "tokenizer.model"}, {"rfilename": "tokenizer_config.json"}], "spaces": [], "createdAt": "2024-01-12T00:58:56.000Z", "safetensors": {"parameters": {"F16": 7241748480}, "total": 7241748480}, "inferenceStatus": "not-loaded"}