{"_id": "6620327840d4df94bf8a8af1", "id": "N8Programs/Coxcomb-GGUF", "modelId": "N8Programs/Coxcomb-GGUF", "author": "N8Programs", "sha": "dc2c1b3cac3565c95189649b76a4130f80beb68d", "lastModified": "2024-04-17T23:52:35.000Z", "private": false, "disabled": false, "gated": false, "pipeline_tag": "text-generation", "tags": ["gguf", "text-generation", "en", "dataset:N8Programs/CreativeGPT", "license:apache-2.0", "region:us"], "downloads": 305, "widgetData": [{"text": "My name is Julien and I like to"}, {"text": "My name is Thomas and my main"}, {"text": "My name is Mariama, my favorite"}, {"text": "My name is Clara and I am"}, {"text": "My name is Lewis and I like to"}, {"text": "My name is Merve and my favorite"}, {"text": "My name is Teven and I am"}, {"text": "Once upon a time,"}], "likes": 4, "model-index": null, "cardData": {"license": "apache-2.0", "datasets": ["N8Programs/CreativeGPT"], "language": ["en"], "pipeline_tag": "text-generation"}, "siblings": [{"rfilename": ".gitattributes"}, {"rfilename": "Coxcomb-f16.gguf"}, {"rfilename": "Coxcomb.IQ3_M.gguf"}, {"rfilename": "Coxcomb.IQ3_S.gguf"}, {"rfilename": "Coxcomb.IQ4_XS.gguf"}, {"rfilename": "Coxcomb.IQS_M.gguf"}, {"rfilename": "Coxcomb.Q4_K_M.gguf"}, {"rfilename": "Coxcomb.Q4_K_S.gguf"}, {"rfilename": "Coxcomb.Q5_K_M.gguf"}, {"rfilename": "Coxcomb.Q5_K_S.gguf"}, {"rfilename": "Coxcomb.Q6_K.gguf"}, {"rfilename": "Coxcomb.Q8_0.gguf"}, {"rfilename": "README.md"}], "spaces": [], "createdAt": "2024-04-17T20:35:04.000Z", "inferenceStatus": "not-loaded"}