{"_id": "665cbe9730f53b392f6167c0", "id": "N8Programs/Coxcomb-Long", "modelId": "N8Programs/Coxcomb-Long", "author": "N8Programs", "sha": "5e61c7c83f9704a23c964e82db750db723a83f3e", "lastModified": "2024-06-02T18:56:09.000Z", "private": false, "disabled": false, "gated": false, "tags": ["transformers", "gguf", "mistral", "license:apache-2.0", "text-generation-inference", "endpoints_compatible", "region:us"], "downloads": 23, "library_name": "transformers", "likes": 0, "model-index": null, "config": {"model_type": "mistral"}, "cardData": {"license": "apache-2.0"}, "transformersInfo": {"auto_model": "AutoModel"}, "siblings": [{"rfilename": ".gitattributes"}, {"rfilename": "Coxcomb-Long-unsloth.Q4_K_M.gguf"}, {"rfilename": "README.md"}, {"rfilename": "config.json"}], "spaces": [], "createdAt": "2024-06-02T18:48:55.000Z", "inferenceStatus": "not-loaded"}