{"_id": "65d3f20c5d57496374ac9293", "id": "N8Programs/Hermes-2-TinyLlama", "modelId": "N8Programs/Hermes-2-TinyLlama", "author": "N8Programs", "sha": "566f8ccb038dadbdf0399de7d55ba7616f078f06", "lastModified": "2024-02-20T20:30:17.000Z", "private": false, "disabled": false, "gated": false, "tags": ["gguf", "license:apache-2.0", "region:us"], "downloads": 68, "likes": 0, "model-index": null, "cardData": {"license": "apache-2.0"}, "siblings": [{"rfilename": ".gitattributes"}, {"rfilename": "README.md"}, {"rfilename": "tinyhermes-2-f32.gguf"}, {"rfilename": "tinyhermes-f32.gguf"}], "spaces": [], "createdAt": "2024-02-20T00:27:56.000Z", "inferenceStatus": "not-loaded"}