{"_id": "63d3f1a4108305eda758db21", "id": "na12/nara", "modelId": "na12/nara", "author": "na12", "sha": "6d5f031dbc6dc59307359f326df5349c0065f233", "lastModified": "2023-01-27T15:45:40.000Z", "private": false, "disabled": false, "gated": false, "tags": ["license:creativeml-openrail-m", "region:us"], "downloads": 0, "likes": 0, "model-index": null, "cardData": {"license": "creativeml-openrail-m"}, "siblings": [{"rfilename": ".gitattributes"}, {"rfilename": "README.md"}], "spaces": [], "createdAt": "2023-01-27T15:45:40.000Z", "inferenceStatus": "not-loaded"}