{"_id": "66386a775bb2226a57fa895e", "id": "na1taneja2821/diffusers", "modelId": "na1taneja2821/diffusers", "author": "na1taneja2821", "sha": "aac2f644477f144817998b662eb829092b74619f", "lastModified": "2024-05-06T19:06:55.000Z", "private": false, "disabled": false, "gated": false, "pipeline_tag": "text-to-image", "tags": ["diffusers", "text-to-image", "lora", "diffusers-training", "stable-diffusion", "stable-diffusion-diffusers", "base_model:runwayml/stable-diffusion-v1-5", "license:creativeml-openrail-m", "region:us"], "downloads": 15, "library_name": "diffusers", "likes": 0, "model-index": null, "cardData": {"license": "creativeml-openrail-m", "library_name": "diffusers", "tags": ["text-to-image", "diffusers", "lora", "diffusers-training", "stable-diffusion", "stable-diffusion-diffusers", "text-to-image", "diffusers", "lora", "diffusers-training", "stable-diffusion", "stable-diffusion-diffusers"], "base_model": "runwayml/stable-diffusion-v1-5", "inference": true, "instance_prompt": "a photo of sks dog"}, "siblings": [{"rfilename": ".gitattributes"}, {"rfilename": ".github/ISSUE_TEMPLATE/bug-report.yml"}, {"rfilename": ".github/ISSUE_TEMPLATE/config.yml"}, {"rfilename": ".github/ISSUE_TEMPLATE/feature_request.md"}, {"rfilename": ".github/ISSUE_TEMPLATE/feedback.md"}, {"rfilename": ".github/ISSUE_TEMPLATE/new-model-addition.yml"}, {"rfilename": ".github/ISSUE_TEMPLATE/translate.md"}, {"rfilename": ".github/PULL_REQUEST_TEMPLATE.md"}, {"rfilename": ".github/actions/setup-miniconda/action.yml"}, {"rfilename": ".github/workflows/benchmark.yml"}, {"rfilename": ".github/workflows/build_docker_images.yml"}, {"rfilename": ".github/workflows/build_documentation.yml"}, {"rfilename": ".github/workflows/build_pr_documentation.yml"}, {"rfilename": ".github/workflows/nightly_tests.yml"}, {"rfilename": ".github/workflows/notify_slack_about_release.yml"}, {"rfilename": ".github/workflows/pr_dependency_test.yml"}, {"rfilename": ".github/workflows/pr_flax_dependency_test.yml"}, {"rfilename": ".github/workflows/pr_test_fetcher.yml"}, {"rfilename": ".github/workflows/pr_test_peft_backend.yml"}, {"rfilename": ".github/workflows/pr_tests.yml"}, {"rfilename": ".github/workflows/pr_torch_dependency_test.yml"}, {"rfilename": ".github/workflows/push_tests.yml"}, {"rfilename": ".github/workflows/push_tests_fast.yml"}, {"rfilename": ".github/workflows/push_tests_mps.yml"}, {"rfilename": ".github/workflows/pypi_publish.yaml"}, {"rfilename": ".github/workflows/ssh-runner.yml"}, {"rfilename": ".github/workflows/stale.yml"}, {"rfilename": ".github/workflows/typos.yml"}, {"rfilename": ".github/workflows/update_metadata.yml"}, {"rfilename": ".github/workflows/upload_pr_documentation.yml"}, {"rfilename": ".gitignore"}, {"rfilename": "CITATION.cff"}, {"rfilename": "CODE_OF_CONDUCT.md"}, {"rfilename": "CONTRIBUTING.md"}, {"rfilename": "LICENSE"}, {"rfilename": "MANIFEST.in"}, {"rfilename": "Makefile"}, {"rfilename": "PHILOSOPHY.md"}, {"rfilename": "README.md"}, {"rfilename": "_typos.toml"}, {"rfilename": "benchmarks/base_classes.py"}, {"rfilename": "benchmarks/benchmark_controlnet.py"}, {"rfilename": "benchmarks/benchmark_ip_adapters.py"}, {"rfilename": "benchmarks/benchmark_sd_img.py"}, {"rfilename": "benchmarks/benchmark_sd_inpainting.py"}, {"rfilename": "benchmarks/benchmark_t2i_adapter.py"}, {"rfilename": "benchmarks/benchmark_t2i_lcm_lora.py"}, {"rfilename": "benchmarks/benchmark_text_to_image.py"}, {"rfilename": "benchmarks/push_results.py"}, {"rfilename": "benchmarks/run_all.py"}, {"rfilename": "benchmarks/utils.py"}, {"rfilename": "checkpoint-100/optimizer.bin"}, {"rfilename": "checkpoint-100/pytorch_lora_weights.safetensors"}, {"rfilename": "checkpoint-100/random_states_0.pkl"}, {"rfilename": "checkpoint-100/scaler.pt"}, {"rfilename": "checkpoint-100/scheduler.bin"}, {"rfilename": "checkpoint-200/optimizer.bin"}, {"rfilename": "checkpoint-200/pytorch_lora_weights.safetensors"}, {"rfilename": "checkpoint-200/random_states_0.pkl"}, {"rfilename": "checkpoint-200/scaler.pt"}, {"rfilename": "checkpoint-200/scheduler.bin"}, {"rfilename": "checkpoint-300/optimizer.bin"}, {"rfilename": "checkpoint-300/pytorch_lora_weights.safetensors"}, {"rfilename": "checkpoint-300/random_states_0.pkl"}, {"rfilename": "checkpoint-300/scaler.pt"}, {"rfilename": "checkpoint-300/scheduler.bin"}, {"rfilename": "checkpoint-400/optimizer.bin"}, {"rfilename": "checkpoint-400/pytorch_lora_weights.safetensors"}, {"rfilename": "checkpoint-400/random_states_0.pkl"}, {"rfilename": "checkpoint-400/scaler.pt"}, {"rfilename": "checkpoint-400/scheduler.bin"}, {"rfilename": "checkpoint-500/optimizer.bin"}, {"rfilename": "checkpoint-500/pytorch_lora_weights.safetensors"}, {"rfilename": "checkpoint-500/random_states_0.pkl"}, {"rfilename": "checkpoint-500/scaler.pt"}, {"rfilename": "checkpoint-500/scheduler.bin"}, {"rfilename": "docker/diffusers-flax-cpu/Dockerfile"}, {"rfilename": "docker/diffusers-flax-tpu/Dockerfile"}, {"rfilename": "docker/diffusers-onnxruntime-cpu/Dockerfile"}, {"rfilename": "docker/diffusers-onnxruntime-cuda/Dockerfile"}, {"rfilename": "docker/diffusers-pytorch-compile-cuda/Dockerfile"}, {"rfilename": "docker/diffusers-pytorch-cpu/Dockerfile"}, {"rfilename": "docker/diffusers-pytorch-cuda/Dockerfile"}, {"rfilename": "docker/diffusers-pytorch-xformers-cuda/Dockerfile"}, {"rfilename": "docs/README.md"}, {"rfilename": "docs/TRANSLATING.md"}, {"rfilename": "docs/source/_config.py"}, {"rfilename": "docs/source/en/_toctree.yml"}, {"rfilename": "docs/source/en/api/activations.md"}, {"rfilename": "docs/source/en/api/attnprocessor.md"}, {"rfilename": "docs/source/en/api/configuration.md"}, {"rfilename": "docs/source/en/api/image_processor.md"}, {"rfilename": "docs/source/en/api/internal_classes_overview.md"}, {"rfilename": "docs/source/en/api/loaders/ip_adapter.md"}, {"rfilename": "docs/source/en/api/loaders/lora.md"}, {"rfilename": "docs/source/en/api/loaders/peft.md"}, {"rfilename": "docs/source/en/api/loaders/single_file.md"}, {"rfilename": "docs/source/en/api/loaders/textual_inversion.md"}, {"rfilename": "docs/source/en/api/loaders/unet.md"}, {"rfilename": "docs/source/en/api/logging.md"}, {"rfilename": "docs/source/en/api/models/asymmetricautoencoderkl.md"}, {"rfilename": "docs/source/en/api/models/autoencoder_tiny.md"}, {"rfilename": "docs/source/en/api/models/autoencoderkl.md"}, {"rfilename": "docs/source/en/api/models/consistency_decoder_vae.md"}, {"rfilename": "docs/source/en/api/models/controlnet.md"}, {"rfilename": "docs/source/en/api/models/overview.md"}, {"rfilename": "docs/source/en/api/models/prior_transformer.md"}, {"rfilename": "docs/source/en/api/models/transformer2d.md"}, {"rfilename": "docs/source/en/api/models/transformer_temporal.md"}, {"rfilename": "docs/source/en/api/models/unet-motion.md"}, {"rfilename": "docs/source/en/api/models/unet.md"}, {"rfilename": "docs/source/en/api/models/unet2d-cond.md"}, {"rfilename": "docs/source/en/api/models/unet2d.md"}, {"rfilename": "docs/source/en/api/models/unet3d-cond.md"}, {"rfilename": "docs/source/en/api/models/uvit2d.md"}, {"rfilename": "docs/source/en/api/models/vq.md"}, {"rfilename": "docs/source/en/api/normalization.md"}, {"rfilename": "docs/source/en/api/outputs.md"}, {"rfilename": "docs/source/en/api/pipelines/amused.md"}, {"rfilename": "docs/source/en/api/pipelines/animatediff.md"}, {"rfilename": "docs/source/en/api/pipelines/attend_and_excite.md"}, {"rfilename": "docs/source/en/api/pipelines/audioldm.md"}, {"rfilename": "docs/source/en/api/pipelines/audioldm2.md"}, {"rfilename": "docs/source/en/api/pipelines/auto_pipeline.md"}, {"rfilename": "docs/source/en/api/pipelines/blip_diffusion.md"}, {"rfilename": "docs/source/en/api/pipelines/consistency_models.md"}, {"rfilename": "docs/source/en/api/pipelines/controlnet.md"}, {"rfilename": "docs/source/en/api/pipelines/controlnet_sdxl.md"}, {"rfilename": "docs/source/en/api/pipelines/controlnetxs.md"}, {"rfilename": "docs/source/en/api/pipelines/controlnetxs_sdxl.md"}, {"rfilename": "docs/source/en/api/pipelines/dance_diffusion.md"}, {"rfilename": "docs/source/en/api/pipelines/ddim.md"}, {"rfilename": "docs/source/en/api/pipelines/ddpm.md"}, {"rfilename": "docs/source/en/api/pipelines/deepfloyd_if.md"}, {"rfilename": "docs/source/en/api/pipelines/diffedit.md"}, {"rfilename": "docs/source/en/api/pipelines/dit.md"}, {"rfilename": "docs/source/en/api/pipelines/i2vgenxl.md"}, {"rfilename": "docs/source/en/api/pipelines/kandinsky.md"}, {"rfilename": "docs/source/en/api/pipelines/kandinsky3.md"}, {"rfilename": "docs/source/en/api/pipelines/kandinsky_v22.md"}, {"rfilename": "docs/source/en/api/pipelines/latent_consistency_models.md"}, {"rfilename": "docs/source/en/api/pipelines/latent_diffusion.md"}, {"rfilename": "docs/source/en/api/pipelines/ledits_pp.md"}, {"rfilename": "docs/source/en/api/pipelines/musicldm.md"}, {"rfilename": "docs/source/en/api/pipelines/overview.md"}, {"rfilename": "docs/source/en/api/pipelines/paint_by_example.md"}, {"rfilename": "docs/source/en/api/pipelines/panorama.md"}, {"rfilename": "docs/source/en/api/pipelines/pia.md"}, {"rfilename": "docs/source/en/api/pipelines/pix2pix.md"}, {"rfilename": "docs/source/en/api/pipelines/pixart.md"}, {"rfilename": "docs/source/en/api/pipelines/self_attention_guidance.md"}, {"rfilename": "docs/source/en/api/pipelines/semantic_stable_diffusion.md"}, {"rfilename": "docs/source/en/api/pipelines/shap_e.md"}, {"rfilename": "docs/source/en/api/pipelines/stable_cascade.md"}, {"rfilename": "docs/source/en/api/pipelines/stable_diffusion/adapter.md"}, {"rfilename": "docs/source/en/api/pipelines/stable_diffusion/depth2img.md"}, {"rfilename": "docs/source/en/api/pipelines/stable_diffusion/gligen.md"}, {"rfilename": "docs/source/en/api/pipelines/stable_diffusion/image_variation.md"}, {"rfilename": "docs/source/en/api/pipelines/stable_diffusion/img2img.md"}, {"rfilename": "docs/source/en/api/pipelines/stable_diffusion/inpaint.md"}, {"rfilename": "docs/source/en/api/pipelines/stable_diffusion/k_diffusion.md"}, {"rfilename": "docs/source/en/api/pipelines/stable_diffusion/latent_upscale.md"}, {"rfilename": "docs/source/en/api/pipelines/stable_diffusion/ldm3d_diffusion.md"}, {"rfilename": "docs/source/en/api/pipelines/stable_diffusion/overview.md"}, {"rfilename": "docs/source/en/api/pipelines/stable_diffusion/sdxl_turbo.md"}, {"rfilename": "docs/source/en/api/pipelines/stable_diffusion/stable_diffusion_2.md"}, {"rfilename": "docs/source/en/api/pipelines/stable_diffusion/stable_diffusion_safe.md"}, {"rfilename": "docs/source/en/api/pipelines/stable_diffusion/stable_diffusion_xl.md"}, {"rfilename": "docs/source/en/api/pipelines/stable_diffusion/svd.md"}, {"rfilename": "docs/source/en/api/pipelines/stable_diffusion/text2img.md"}, {"rfilename": "docs/source/en/api/pipelines/stable_diffusion/upscale.md"}, {"rfilename": "docs/source/en/api/pipelines/stable_unclip.md"}, {"rfilename": "docs/source/en/api/pipelines/text_to_video.md"}, {"rfilename": "docs/source/en/api/pipelines/text_to_video_zero.md"}, {"rfilename": "docs/source/en/api/pipelines/unclip.md"}, {"rfilename": "docs/source/en/api/pipelines/unidiffuser.md"}, {"rfilename": "docs/source/en/api/pipelines/value_guided_sampling.md"}, {"rfilename": "docs/source/en/api/pipelines/wuerstchen.md"}, {"rfilename": "docs/source/en/api/schedulers/cm_stochastic_iterative.md"}, {"rfilename": "docs/source/en/api/schedulers/consistency_decoder.md"}, {"rfilename": "docs/source/en/api/schedulers/ddim.md"}, {"rfilename": "docs/source/en/api/schedulers/ddim_inverse.md"}, {"rfilename": "docs/source/en/api/schedulers/ddpm.md"}, {"rfilename": "docs/source/en/api/schedulers/deis.md"}, {"rfilename": "docs/source/en/api/schedulers/dpm_discrete.md"}, {"rfilename": "docs/source/en/api/schedulers/dpm_discrete_ancestral.md"}, {"rfilename": "docs/source/en/api/schedulers/dpm_sde.md"}, {"rfilename": "docs/source/en/api/schedulers/edm_euler.md"}, {"rfilename": "docs/source/en/api/schedulers/edm_multistep_dpm_solver.md"}, {"rfilename": "docs/source/en/api/schedulers/euler.md"}, {"rfilename": "docs/source/en/api/schedulers/euler_ancestral.md"}, {"rfilename": "docs/source/en/api/schedulers/heun.md"}, {"rfilename": "docs/source/en/api/schedulers/ipndm.md"}, {"rfilename": "docs/source/en/api/schedulers/lcm.md"}, {"rfilename": "docs/source/en/api/schedulers/lms_discrete.md"}, {"rfilename": "docs/source/en/api/schedulers/multistep_dpm_solver.md"}, {"rfilename": "docs/source/en/api/schedulers/multistep_dpm_solver_inverse.md"}, {"rfilename": "docs/source/en/api/schedulers/overview.md"}, {"rfilename": "docs/source/en/api/schedulers/pndm.md"}, {"rfilename": "docs/source/en/api/schedulers/repaint.md"}, {"rfilename": "docs/source/en/api/schedulers/score_sde_ve.md"}, {"rfilename": "docs/source/en/api/schedulers/score_sde_vp.md"}, {"rfilename": "docs/source/en/api/schedulers/singlestep_dpm_solver.md"}, {"rfilename": "docs/source/en/api/schedulers/stochastic_karras_ve.md"}, {"rfilename": "docs/source/en/api/schedulers/tcd.md"}, {"rfilename": "docs/source/en/api/schedulers/unipc.md"}, {"rfilename": "docs/source/en/api/schedulers/vq_diffusion.md"}, {"rfilename": "docs/source/en/api/utilities.md"}, {"rfilename": "docs/source/en/conceptual/contribution.md"}, {"rfilename": "docs/source/en/conceptual/ethical_guidelines.md"}, {"rfilename": "docs/source/en/conceptual/evaluation.md"}, {"rfilename": "docs/source/en/conceptual/philosophy.md"}, {"rfilename": "docs/source/en/imgs/access_request.png"}, {"rfilename": "docs/source/en/imgs/diffusers_library.jpg"}, {"rfilename": "docs/source/en/index.md"}, {"rfilename": "docs/source/en/installation.md"}, {"rfilename": "docs/source/en/optimization/coreml.md"}, {"rfilename": "docs/source/en/optimization/deepcache.md"}, {"rfilename": "docs/source/en/optimization/fp16.md"}, {"rfilename": "docs/source/en/optimization/habana.md"}, {"rfilename": "docs/source/en/optimization/memory.md"}, {"rfilename": "docs/source/en/optimization/mps.md"}, {"rfilename": "docs/source/en/optimization/onnx.md"}, {"rfilename": "docs/source/en/optimization/open_vino.md"}, {"rfilename": "docs/source/en/optimization/tgate.md"}, {"rfilename": "docs/source/en/optimization/tome.md"}, {"rfilename": "docs/source/en/optimization/torch2.0.md"}, {"rfilename": "docs/source/en/optimization/xformers.md"}, {"rfilename": "docs/source/en/quicktour.md"}, {"rfilename": "docs/source/en/stable_diffusion.md"}, {"rfilename": "docs/source/en/training/adapt_a_model.md"}, {"rfilename": "docs/source/en/training/controlnet.md"}, {"rfilename": "docs/source/en/training/create_dataset.md"}, {"rfilename": "docs/source/en/training/custom_diffusion.md"}, {"rfilename": "docs/source/en/training/ddpo.md"}, {"rfilename": "docs/source/en/training/distributed_inference.md"}, {"rfilename": "docs/source/en/training/dreambooth.md"}, {"rfilename": "docs/source/en/training/instructpix2pix.md"}, {"rfilename": "docs/source/en/training/kandinsky.md"}, {"rfilename": "docs/source/en/training/lcm_distill.md"}, {"rfilename": "docs/source/en/training/lora.md"}, {"rfilename": "docs/source/en/training/overview.md"}, {"rfilename": "docs/source/en/training/sdxl.md"}, {"rfilename": "docs/source/en/training/t2i_adapters.md"}, {"rfilename": "docs/source/en/training/text2image.md"}, {"rfilename": "docs/source/en/training/text_inversion.md"}, {"rfilename": "docs/source/en/training/unconditional_training.md"}, {"rfilename": "docs/source/en/training/wuerstchen.md"}, {"rfilename": "docs/source/en/tutorials/autopipeline.md"}, {"rfilename": "docs/source/en/tutorials/basic_training.md"}, {"rfilename": "docs/source/en/tutorials/fast_diffusion.md"}, {"rfilename": "docs/source/en/tutorials/tutorial_overview.md"}, {"rfilename": "docs/source/en/tutorials/using_peft_for_inference.md"}, {"rfilename": "docs/source/en/using-diffusers/callback.md"}, {"rfilename": "docs/source/en/using-diffusers/conditional_image_generation.md"}, {"rfilename": "docs/source/en/using-diffusers/controlling_generation.md"}, {"rfilename": "docs/source/en/using-diffusers/controlnet.md"}, {"rfilename": "docs/source/en/using-diffusers/custom_pipeline_overview.md"}, {"rfilename": "docs/source/en/using-diffusers/depth2img.md"}, {"rfilename": "docs/source/en/using-diffusers/diffedit.md"}, {"rfilename": "docs/source/en/using-diffusers/distilled_sd.md"}, {"rfilename": "docs/source/en/using-diffusers/image_quality.md"}, {"rfilename": "docs/source/en/using-diffusers/img2img.md"}, {"rfilename": "docs/source/en/using-diffusers/inference_with_lcm.md"}, {"rfilename": "docs/source/en/using-diffusers/inference_with_tcd_lora.md"}, {"rfilename": "docs/source/en/using-diffusers/inpaint.md"}, {"rfilename": "docs/source/en/using-diffusers/ip_adapter.md"}, {"rfilename": "docs/source/en/using-diffusers/kandinsky.md"}, {"rfilename": "docs/source/en/using-diffusers/loading.md"}, {"rfilename": "docs/source/en/using-diffusers/loading_adapters.md"}, {"rfilename": "docs/source/en/using-diffusers/merge_loras.md"}, {"rfilename": "docs/source/en/using-diffusers/other-formats.md"}, {"rfilename": "docs/source/en/using-diffusers/overview_techniques.md"}, {"rfilename": "docs/source/en/using-diffusers/push_to_hub.md"}, {"rfilename": "docs/source/en/using-diffusers/reusing_seeds.md"}, {"rfilename": "docs/source/en/using-diffusers/schedulers.md"}, {"rfilename": "docs/source/en/using-diffusers/sdxl.md"}, {"rfilename": "docs/source/en/using-diffusers/sdxl_turbo.md"}, {"rfilename": "docs/source/en/using-diffusers/shap-e.md"}, {"rfilename": "docs/source/en/using-diffusers/stable_diffusion_jax_how_to.md"}, {"rfilename": "docs/source/en/using-diffusers/svd.md"}, {"rfilename": "docs/source/en/using-diffusers/t2i_adapter.md"}, {"rfilename": "docs/source/en/using-diffusers/text-img2vid.md"}, {"rfilename": "docs/source/en/using-diffusers/textual_inversion_inference.md"}, {"rfilename": "docs/source/en/using-diffusers/unconditional_image_generation.md"}, {"rfilename": "docs/source/en/using-diffusers/using_safetensors.md"}, {"rfilename": "docs/source/en/using-diffusers/weighted_prompts.md"}, {"rfilename": "docs/source/en/using-diffusers/write_own_pipeline.md"}, {"rfilename": "docs/source/ja/_toctree.yml"}, {"rfilename": "docs/source/ja/index.md"}, {"rfilename": "docs/source/ja/installation.md"}, {"rfilename": "docs/source/ja/quicktour.md"}, {"rfilename": "docs/source/ja/stable_diffusion.md"}, {"rfilename": "docs/source/ja/tutorials/autopipeline.md"}, {"rfilename": "docs/source/ja/tutorials/tutorial_overview.md"}, {"rfilename": "docs/source/ko/_toctree.yml"}, {"rfilename": "docs/source/ko/api/pipelines/stable_diffusion/stable_diffusion_xl.md"}, {"rfilename": "docs/source/ko/in_translation.md"}, {"rfilename": "docs/source/ko/index.md"}, {"rfilename": "docs/source/ko/installation.md"}, {"rfilename": "docs/source/ko/optimization/coreml.md"}, {"rfilename": "docs/source/ko/optimization/fp16.md"}, {"rfilename": "docs/source/ko/optimization/habana.md"}, {"rfilename": "docs/source/ko/optimization/mps.md"}, {"rfilename": "docs/source/ko/optimization/onnx.md"}, {"rfilename": "docs/source/ko/optimization/open_vino.md"}, {"rfilename": "docs/source/ko/optimization/opt_overview.md"}, {"rfilename": "docs/source/ko/optimization/tome.md"}, {"rfilename": "docs/source/ko/optimization/torch2.0.md"}, {"rfilename": "docs/source/ko/optimization/xformers.md"}, {"rfilename": "docs/source/ko/quicktour.md"}, {"rfilename": "docs/source/ko/stable_diffusion.md"}, {"rfilename": "docs/source/ko/training/adapt_a_model.md"}, {"rfilename": "docs/source/ko/training/controlnet.md"}, {"rfilename": "docs/source/ko/training/create_dataset.md"}, {"rfilename": "docs/source/ko/training/custom_diffusion.md"}, {"rfilename": "docs/source/ko/training/distributed_inference.md"}, {"rfilename": "docs/source/ko/training/dreambooth.md"}, {"rfilename": "docs/source/ko/training/instructpix2pix.md"}, {"rfilename": "docs/source/ko/training/lora.md"}, {"rfilename": "docs/source/ko/training/overview.md"}, {"rfilename": "docs/source/ko/training/text2image.md"}, {"rfilename": "docs/source/ko/training/text_inversion.md"}, {"rfilename": "docs/source/ko/training/unconditional_training.md"}, {"rfilename": "docs/source/ko/tutorials/basic_training.md"}, {"rfilename": "docs/source/ko/tutorials/tutorial_overview.md"}, {"rfilename": "docs/source/ko/using-diffusers/conditional_image_generation.md"}, {"rfilename": "docs/source/ko/using-diffusers/contribute_pipeline.md"}, {"rfilename": "docs/source/ko/using-diffusers/control_brightness.md"}, {"rfilename": "docs/source/ko/using-diffusers/controlling_generation.md"}, {"rfilename": "docs/source/ko/using-diffusers/custom_pipeline_examples.md"}, {"rfilename": "docs/source/ko/using-diffusers/custom_pipeline_overview.md"}, {"rfilename": "docs/source/ko/using-diffusers/depth2img.md"}, {"rfilename": "docs/source/ko/using-diffusers/img2img.md"}, {"rfilename": "docs/source/ko/using-diffusers/inpaint.md"}, {"rfilename": "docs/source/ko/using-diffusers/loading.md"}, {"rfilename": "docs/source/ko/using-diffusers/loading_overview.md"}, {"rfilename": "docs/source/ko/using-diffusers/other-formats.md"}, {"rfilename": "docs/source/ko/using-diffusers/pipeline_overview.md"}, {"rfilename": "docs/source/ko/using-diffusers/reproducibility.md"}, {"rfilename": "docs/source/ko/using-diffusers/reusing_seeds.md"}, {"rfilename": "docs/source/ko/using-diffusers/schedulers.md"}, {"rfilename": "docs/source/ko/using-diffusers/stable_diffusion_jax_how_to.md"}, {"rfilename": "docs/source/ko/using-diffusers/textual_inversion_inference.md"}, {"rfilename": "docs/source/ko/using-diffusers/unconditional_image_generation.md"}, {"rfilename": "docs/source/ko/using-diffusers/using_safetensors.md"}, {"rfilename": "docs/source/ko/using-diffusers/weighted_prompts.md"}, {"rfilename": "docs/source/ko/using-diffusers/write_own_pipeline.md"}, {"rfilename": "docs/source/pt/_toctree.yml"}, {"rfilename": "docs/source/pt/index.md"}, {"rfilename": "docs/source/pt/installation.md"}, {"rfilename": "docs/source/pt/quicktour.md"}, {"rfilename": "docs/source/zh/_toctree.yml"}, {"rfilename": "docs/source/zh/index.md"}, {"rfilename": "docs/source/zh/installation.md"}, {"rfilename": "docs/source/zh/quicktour.md"}, {"rfilename": "docs/source/zh/stable_diffusion.md"}, {"rfilename": "examples/README.md"}, {"rfilename": "examples/advanced_diffusion_training/README.md"}, {"rfilename": "examples/advanced_diffusion_training/requirements.txt"}, {"rfilename": "examples/advanced_diffusion_training/train_dreambooth_lora_sd15_advanced.py"}, {"rfilename": "examples/advanced_diffusion_training/train_dreambooth_lora_sdxl_advanced.py"}, {"rfilename": "examples/amused/README.md"}, {"rfilename": "examples/amused/train_amused.py"}, {"rfilename": "examples/community/README.md"}, {"rfilename": "examples/community/README_community_scripts.md"}, {"rfilename": "examples/community/bit_diffusion.py"}, {"rfilename": "examples/community/checkpoint_merger.py"}, {"rfilename": "examples/community/clip_guided_images_mixing_stable_diffusion.py"}, {"rfilename": "examples/community/clip_guided_stable_diffusion.py"}, {"rfilename": "examples/community/clip_guided_stable_diffusion_img2img.py"}, {"rfilename": "examples/community/composable_stable_diffusion.py"}, {"rfilename": "examples/community/ddim_noise_comparative_analysis.py"}, {"rfilename": "examples/community/dps_pipeline.py"}, {"rfilename": "examples/community/edict_pipeline.py"}, {"rfilename": "examples/community/gluegen.py"}, {"rfilename": "examples/community/hd_painter.py"}, {"rfilename": "examples/community/iadb.py"}, {"rfilename": "examples/community/imagic_stable_diffusion.py"}, {"rfilename": "examples/community/img2img_inpainting.py"}, {"rfilename": "examples/community/instaflow_one_step.py"}, {"rfilename": "examples/community/interpolate_stable_diffusion.py"}, {"rfilename": "examples/community/ip_adapter_face_id.py"}, {"rfilename": "examples/community/latent_consistency_img2img.py"}, {"rfilename": "examples/community/latent_consistency_interpolate.py"}, {"rfilename": "examples/community/latent_consistency_txt2img.py"}, {"rfilename": "examples/community/llm_grounded_diffusion.py"}, {"rfilename": "examples/community/lpw_stable_diffusion.py"}, {"rfilename": "examples/community/lpw_stable_diffusion_onnx.py"}, {"rfilename": "examples/community/lpw_stable_diffusion_xl.py"}, {"rfilename": "examples/community/magic_mix.py"}, {"rfilename": "examples/community/marigold_depth_estimation.py"}, {"rfilename": "examples/community/masked_stable_diffusion_img2img.py"}, {"rfilename": "examples/community/mixture_canvas.py"}, {"rfilename": "examples/community/mixture_tiling.py"}, {"rfilename": "examples/community/multilingual_stable_diffusion.py"}, {"rfilename": "examples/community/one_step_unet.py"}, {"rfilename": "examples/community/pipeline_animatediff_controlnet.py"}, {"rfilename": "examples/community/pipeline_animatediff_img2video.py"}, {"rfilename": "examples/community/pipeline_demofusion_sdxl.py"}, {"rfilename": "examples/community/pipeline_fabric.py"}, {"rfilename": "examples/community/pipeline_null_text_inversion.py"}, {"rfilename": "examples/community/pipeline_prompt2prompt.py"}, {"rfilename": "examples/community/pipeline_sdxl_style_aligned.py"}, {"rfilename": "examples/community/pipeline_stable_diffusion_pag.py"}, {"rfilename": "examples/community/pipeline_stable_diffusion_upscale_ldm3d.py"}, {"rfilename": "examples/community/pipeline_stable_diffusion_xl_controlnet_adapter.py"}, {"rfilename": "examples/community/pipeline_stable_diffusion_xl_controlnet_adapter_inpaint.py"}, {"rfilename": "examples/community/pipeline_stable_diffusion_xl_differential_img2img.py"}, {"rfilename": "examples/community/pipeline_stable_diffusion_xl_instandid_img2img.py"}, {"rfilename": "examples/community/pipeline_stable_diffusion_xl_instantid.py"}, {"rfilename": "examples/community/pipeline_stable_diffusion_xl_ipex.py"}, {"rfilename": "examples/community/pipeline_zero1to3.py"}, {"rfilename": "examples/community/regional_prompting_stable_diffusion.py"}, {"rfilename": "examples/community/rerender_a_video.py"}, {"rfilename": "examples/community/run_onnx_controlnet.py"}, {"rfilename": "examples/community/run_tensorrt_controlnet.py"}, {"rfilename": "examples/community/scheduling_ufogen.py"}, {"rfilename": "examples/community/sd_text2img_k_diffusion.py"}, {"rfilename": "examples/community/sde_drag.py"}, {"rfilename": "examples/community/seed_resize_stable_diffusion.py"}, {"rfilename": "examples/community/speech_to_image_diffusion.py"}, {"rfilename": "examples/community/stable_diffusion_comparison.py"}, {"rfilename": "examples/community/stable_diffusion_controlnet_img2img.py"}, {"rfilename": "examples/community/stable_diffusion_controlnet_inpaint.py"}, {"rfilename": "examples/community/stable_diffusion_controlnet_inpaint_img2img.py"}, {"rfilename": "examples/community/stable_diffusion_controlnet_reference.py"}, {"rfilename": "examples/community/stable_diffusion_ipex.py"}, {"rfilename": "examples/community/stable_diffusion_mega.py"}, {"rfilename": "examples/community/stable_diffusion_reference.py"}, {"rfilename": "examples/community/stable_diffusion_repaint.py"}, {"rfilename": "examples/community/stable_diffusion_tensorrt_img2img.py"}, {"rfilename": "examples/community/stable_diffusion_tensorrt_inpaint.py"}, {"rfilename": "examples/community/stable_diffusion_tensorrt_txt2img.py"}, {"rfilename": "examples/community/stable_diffusion_xl_reference.py"}, {"rfilename": "examples/community/stable_unclip.py"}, {"rfilename": "examples/community/text_inpainting.py"}, {"rfilename": "examples/community/tiled_upscaling.py"}, {"rfilename": "examples/community/unclip_image_interpolation.py"}, {"rfilename": "examples/community/unclip_text_interpolation.py"}, {"rfilename": "examples/community/wildcard_stable_diffusion.py"}, {"rfilename": "examples/conftest.py"}, {"rfilename": "examples/consistency_distillation/README.md"}, {"rfilename": "examples/consistency_distillation/README_sdxl.md"}, {"rfilename": "examples/consistency_distillation/requirements.txt"}, {"rfilename": "examples/consistency_distillation/test_lcm_lora.py"}, {"rfilename": "examples/consistency_distillation/train_lcm_distill_lora_sd_wds.py"}, {"rfilename": "examples/consistency_distillation/train_lcm_distill_lora_sdxl.py"}, {"rfilename": "examples/consistency_distillation/train_lcm_distill_lora_sdxl_wds.py"}, {"rfilename": "examples/consistency_distillation/train_lcm_distill_sd_wds.py"}, {"rfilename": "examples/consistency_distillation/train_lcm_distill_sdxl_wds.py"}, {"rfilename": "examples/controlnet/README.md"}, {"rfilename": "examples/controlnet/README_sdxl.md"}, {"rfilename": "examples/controlnet/requirements.txt"}, {"rfilename": "examples/controlnet/requirements_flax.txt"}, {"rfilename": "examples/controlnet/requirements_sdxl.txt"}, {"rfilename": "examples/controlnet/test_controlnet.py"}, {"rfilename": "examples/controlnet/train_controlnet.py"}, {"rfilename": "examples/controlnet/train_controlnet_flax.py"}, {"rfilename": "examples/controlnet/train_controlnet_sdxl.py"}, {"rfilename": "examples/custom_diffusion/README.md"}, {"rfilename": "examples/custom_diffusion/requirements.txt"}, {"rfilename": "examples/custom_diffusion/retrieve.py"}, {"rfilename": "examples/custom_diffusion/test_custom_diffusion.py"}, {"rfilename": "examples/custom_diffusion/train_custom_diffusion.py"}, {"rfilename": "examples/dreambooth/README.md"}, {"rfilename": "examples/dreambooth/README_sdxl.md"}, {"rfilename": "examples/dreambooth/requirements.txt"}, {"rfilename": "examples/dreambooth/requirements_flax.txt"}, {"rfilename": "examples/dreambooth/requirements_sdxl.txt"}, {"rfilename": "examples/dreambooth/test_dreambooth.py"}, {"rfilename": "examples/dreambooth/test_dreambooth_lora.py"}, {"rfilename": "examples/dreambooth/test_dreambooth_lora_edm.py"}, {"rfilename": "examples/dreambooth/train_dreambooth.py"}, {"rfilename": "examples/dreambooth/train_dreambooth_flax.py"}, {"rfilename": "examples/dreambooth/train_dreambooth_lora.py"}, {"rfilename": "examples/dreambooth/train_dreambooth_lora_sdxl.py"}, {"rfilename": "examples/inference/README.md"}, {"rfilename": "examples/inference/image_to_image.py"}, {"rfilename": "examples/inference/inpainting.py"}, {"rfilename": "examples/instruct_pix2pix/README.md"}, {"rfilename": "examples/instruct_pix2pix/README_sdxl.md"}, {"rfilename": "examples/instruct_pix2pix/requirements.txt"}, {"rfilename": "examples/instruct_pix2pix/test_instruct_pix2pix.py"}, {"rfilename": "examples/instruct_pix2pix/train_instruct_pix2pix.py"}, {"rfilename": "examples/instruct_pix2pix/train_instruct_pix2pix_sdxl.py"}, {"rfilename": "examples/kandinsky2_2/text_to_image/README.md"}, {"rfilename": "examples/kandinsky2_2/text_to_image/requirements.txt"}, {"rfilename": "examples/kandinsky2_2/text_to_image/train_text_to_image_decoder.py"}, {"rfilename": "examples/kandinsky2_2/text_to_image/train_text_to_image_lora_decoder.py"}, {"rfilename": "examples/kandinsky2_2/text_to_image/train_text_to_image_lora_prior.py"}, {"rfilename": "examples/kandinsky2_2/text_to_image/train_text_to_image_prior.py"}, {"rfilename": "examples/reinforcement_learning/README.md"}, {"rfilename": "examples/reinforcement_learning/run_diffuser_locomotion.py"}, {"rfilename": "examples/research_projects/README.md"}, {"rfilename": "examples/research_projects/colossalai/README.md"}, {"rfilename": "examples/research_projects/colossalai/inference.py"}, {"rfilename": "examples/research_projects/colossalai/requirement.txt"}, {"rfilename": "examples/research_projects/colossalai/train_dreambooth_colossalai.py"}, {"rfilename": "examples/research_projects/consistency_training/README.md"}, {"rfilename": "examples/research_projects/consistency_training/requirements.txt"}, {"rfilename": "examples/research_projects/consistency_training/train_cm_ct_unconditional.py"}, {"rfilename": "examples/research_projects/controlnet/train_controlnet_webdataset.py"}, {"rfilename": "examples/research_projects/diffusion_dpo/README.md"}, {"rfilename": "examples/research_projects/diffusion_dpo/requirements.txt"}, {"rfilename": "examples/research_projects/diffusion_dpo/train_diffusion_dpo.py"}, {"rfilename": "examples/research_projects/diffusion_dpo/train_diffusion_dpo_sdxl.py"}, {"rfilename": "examples/research_projects/diffusion_orpo/README.md"}, {"rfilename": "examples/research_projects/diffusion_orpo/requirements.txt"}, {"rfilename": "examples/research_projects/diffusion_orpo/train_diffusion_orpo_sdxl_lora.py"}, {"rfilename": "examples/research_projects/diffusion_orpo/train_diffusion_orpo_sdxl_lora_wds.py"}, {"rfilename": "examples/research_projects/dreambooth_inpaint/README.md"}, {"rfilename": "examples/research_projects/dreambooth_inpaint/requirements.txt"}, {"rfilename": "examples/research_projects/dreambooth_inpaint/train_dreambooth_inpaint.py"}, {"rfilename": "examples/research_projects/dreambooth_inpaint/train_dreambooth_inpaint_lora.py"}, {"rfilename": "examples/research_projects/geodiff/README.md"}, {"rfilename": "examples/research_projects/geodiff/geodiff_molecule_conformation.ipynb"}, {"rfilename": "examples/research_projects/instructpix2pix_lora/README.md"}, {"rfilename": "examples/research_projects/instructpix2pix_lora/train_instruct_pix2pix_lora.py"}, {"rfilename": "examples/research_projects/intel_opts/README.md"}, {"rfilename": "examples/research_projects/intel_opts/inference_bf16.py"}, {"rfilename": "examples/research_projects/intel_opts/textual_inversion/README.md"}, {"rfilename": "examples/research_projects/intel_opts/textual_inversion/requirements.txt"}, {"rfilename": "examples/research_projects/intel_opts/textual_inversion/textual_inversion_bf16.py"}, {"rfilename": "examples/research_projects/intel_opts/textual_inversion_dfq/README.md"}, {"rfilename": "examples/research_projects/intel_opts/textual_inversion_dfq/requirements.txt"}, {"rfilename": "examples/research_projects/intel_opts/textual_inversion_dfq/text2images.py"}, {"rfilename": "examples/research_projects/intel_opts/textual_inversion_dfq/textual_inversion.py"}, {"rfilename": "examples/research_projects/lora/README.md"}, {"rfilename": "examples/research_projects/lora/requirements.txt"}, {"rfilename": "examples/research_projects/lora/train_text_to_image_lora.py"}, {"rfilename": "examples/research_projects/multi_subject_dreambooth/README.md"}, {"rfilename": "examples/research_projects/multi_subject_dreambooth/requirements.txt"}, {"rfilename": "examples/research_projects/multi_subject_dreambooth/train_multi_subject_dreambooth.py"}, {"rfilename": "examples/research_projects/multi_subject_dreambooth_inpainting/README.md"}, {"rfilename": "examples/research_projects/multi_subject_dreambooth_inpainting/requirements.txt"}, {"rfilename": "examples/research_projects/multi_subject_dreambooth_inpainting/train_multi_subject_dreambooth_inpainting.py"}, {"rfilename": "examples/research_projects/multi_token_textual_inversion/README.md"}, {"rfilename": "examples/research_projects/multi_token_textual_inversion/multi_token_clip.py"}, {"rfilename": "examples/research_projects/multi_token_textual_inversion/requirements.txt"}, {"rfilename": "examples/research_projects/multi_token_textual_inversion/requirements_flax.txt"}, {"rfilename": "examples/research_projects/multi_token_textual_inversion/textual_inversion.py"}, {"rfilename": "examples/research_projects/multi_token_textual_inversion/textual_inversion_flax.py"}, {"rfilename": "examples/research_projects/onnxruntime/README.md"}, {"rfilename": "examples/research_projects/onnxruntime/text_to_image/README.md"}, {"rfilename": "examples/research_projects/onnxruntime/text_to_image/requirements.txt"}, {"rfilename": "examples/research_projects/onnxruntime/text_to_image/train_text_to_image.py"}, {"rfilename": "examples/research_projects/onnxruntime/textual_inversion/README.md"}, {"rfilename": "examples/research_projects/onnxruntime/textual_inversion/requirements.txt"}, {"rfilename": "examples/research_projects/onnxruntime/textual_inversion/textual_inversion.py"}, {"rfilename": "examples/research_projects/onnxruntime/unconditional_image_generation/README.md"}, {"rfilename": "examples/research_projects/onnxruntime/unconditional_image_generation/requirements.txt"}, {"rfilename": "examples/research_projects/onnxruntime/unconditional_image_generation/train_unconditional.py"}, {"rfilename": "examples/research_projects/promptdiffusion/README.md"}, {"rfilename": "examples/research_projects/promptdiffusion/convert_original_promptdiffusion_to_diffusers.py"}, {"rfilename": "examples/research_projects/promptdiffusion/pipeline_prompt_diffusion.py"}, {"rfilename": "examples/research_projects/promptdiffusion/promptdiffusioncontrolnet.py"}, {"rfilename": "examples/research_projects/rdm/README.md"}, {"rfilename": "examples/research_projects/rdm/pipeline_rdm.py"}, {"rfilename": "examples/research_projects/rdm/retriever.py"}, {"rfilename": "examples/research_projects/realfill/README.md"}, {"rfilename": "examples/research_projects/realfill/infer.py"}, {"rfilename": "examples/research_projects/realfill/requirements.txt"}, {"rfilename": "examples/research_projects/realfill/train_realfill.py"}, {"rfilename": "examples/research_projects/scheduled_huber_loss_training/README.md"}, {"rfilename": "examples/research_projects/scheduled_huber_loss_training/dreambooth/train_dreambooth.py"}, {"rfilename": "examples/research_projects/scheduled_huber_loss_training/dreambooth/train_dreambooth_lora.py"}, {"rfilename": "examples/research_projects/scheduled_huber_loss_training/dreambooth/train_dreambooth_lora_sdxl.py"}, {"rfilename": "examples/research_projects/scheduled_huber_loss_training/text_to_image/train_text_to_image.py"}, {"rfilename": "examples/research_projects/scheduled_huber_loss_training/text_to_image/train_text_to_image_lora.py"}, {"rfilename": "examples/research_projects/scheduled_huber_loss_training/text_to_image/train_text_to_image_lora_sdxl.py"}, {"rfilename": "examples/research_projects/scheduled_huber_loss_training/text_to_image/train_text_to_image_sdxl.py"}, {"rfilename": "examples/research_projects/sdxl_flax/README.md"}, {"rfilename": "examples/research_projects/sdxl_flax/sdxl_single.py"}, {"rfilename": "examples/research_projects/sdxl_flax/sdxl_single_aot.py"}, {"rfilename": "examples/t2i_adapter/README.md"}, {"rfilename": "examples/t2i_adapter/README_sdxl.md"}, {"rfilename": "examples/t2i_adapter/requirements.txt"}, {"rfilename": "examples/t2i_adapter/test_t2i_adapter.py"}, {"rfilename": "examples/t2i_adapter/train_t2i_adapter_sdxl.py"}, {"rfilename": "examples/test_examples_utils.py"}, {"rfilename": "examples/text_to_image/README.md"}, {"rfilename": "examples/text_to_image/README_sdxl.md"}, {"rfilename": "examples/text_to_image/requirements.txt"}, {"rfilename": "examples/text_to_image/requirements_flax.txt"}, {"rfilename": "examples/text_to_image/requirements_sdxl.txt"}, {"rfilename": "examples/text_to_image/test_text_to_image.py"}, {"rfilename": "examples/text_to_image/test_text_to_image_lora.py"}, {"rfilename": "examples/text_to_image/train_text_to_image.py"}, {"rfilename": "examples/text_to_image/train_text_to_image_flax.py"}, {"rfilename": "examples/text_to_image/train_text_to_image_lora.py"}, {"rfilename": "examples/text_to_image/train_text_to_image_lora_sdxl.py"}, {"rfilename": "examples/text_to_image/train_text_to_image_sdxl.py"}, {"rfilename": "examples/textual_inversion/README.md"}, {"rfilename": "examples/textual_inversion/README_sdxl.md"}, {"rfilename": "examples/textual_inversion/requirements.txt"}, {"rfilename": "examples/textual_inversion/requirements_flax.txt"}, {"rfilename": "examples/textual_inversion/test_textual_inversion.py"}, {"rfilename": "examples/textual_inversion/test_textual_inversion_sdxl.py"}, {"rfilename": "examples/textual_inversion/textual_inversion.py"}, {"rfilename": "examples/textual_inversion/textual_inversion_flax.py"}, {"rfilename": "examples/textual_inversion/textual_inversion_sdxl.py"}, {"rfilename": "examples/unconditional_image_generation/README.md"}, {"rfilename": "examples/unconditional_image_generation/requirements.txt"}, {"rfilename": "examples/unconditional_image_generation/test_unconditional.py"}, {"rfilename": "examples/unconditional_image_generation/train_unconditional.py"}, {"rfilename": "examples/wuerstchen/text_to_image/README.md"}, {"rfilename": "examples/wuerstchen/text_to_image/__init__.py"}, {"rfilename": "examples/wuerstchen/text_to_image/modeling_efficient_net_encoder.py"}, {"rfilename": "examples/wuerstchen/text_to_image/requirements.txt"}, {"rfilename": "examples/wuerstchen/text_to_image/train_text_to_image_lora_prior.py"}, {"rfilename": "examples/wuerstchen/text_to_image/train_text_to_image_prior.py"}, {"rfilename": "image_0.png"}, {"rfilename": "image_1.png"}, {"rfilename": "image_2.png"}, {"rfilename": "image_3.png"}, {"rfilename": "pyproject.toml"}, {"rfilename": "pytorch_lora_weights.safetensors"}, {"rfilename": "scripts/__init__.py"}, {"rfilename": "scripts/change_naming_configs_and_checkpoints.py"}, {"rfilename": "scripts/conversion_ldm_uncond.py"}, {"rfilename": "scripts/convert_amused.py"}, {"rfilename": "scripts/convert_animatediff_motion_lora_to_diffusers.py"}, {"rfilename": "scripts/convert_animatediff_motion_module_to_diffusers.py"}, {"rfilename": "scripts/convert_asymmetric_vqgan_to_diffusers.py"}, {"rfilename": "scripts/convert_blipdiffusion_to_diffusers.py"}, {"rfilename": "scripts/convert_consistency_decoder.py"}, {"rfilename": "scripts/convert_consistency_to_diffusers.py"}, {"rfilename": "scripts/convert_dance_diffusion_to_diffusers.py"}, {"rfilename": "scripts/convert_ddpm_original_checkpoint_to_diffusers.py"}, {"rfilename": "scripts/convert_diffusers_sdxl_lora_to_webui.py"}, {"rfilename": "scripts/convert_diffusers_to_original_sdxl.py"}, {"rfilename": "scripts/convert_diffusers_to_original_stable_diffusion.py"}, {"rfilename": "scripts/convert_dit_to_diffusers.py"}, {"rfilename": "scripts/convert_gligen_to_diffusers.py"}, {"rfilename": "scripts/convert_i2vgen_to_diffusers.py"}, {"rfilename": "scripts/convert_if.py"}, {"rfilename": "scripts/convert_k_upscaler_to_diffusers.py"}, {"rfilename": "scripts/convert_kakao_brain_unclip_to_diffusers.py"}, {"rfilename": "scripts/convert_kandinsky3_unet.py"}, {"rfilename": "scripts/convert_kandinsky_to_diffusers.py"}, {"rfilename": "scripts/convert_ldm_original_checkpoint_to_diffusers.py"}, {"rfilename": "scripts/convert_lora_safetensor_to_diffusers.py"}, {"rfilename": "scripts/convert_models_diffuser_to_diffusers.py"}, {"rfilename": "scripts/convert_ms_text_to_video_to_diffusers.py"}, {"rfilename": "scripts/convert_music_spectrogram_to_diffusers.py"}, {"rfilename": "scripts/convert_ncsnpp_original_checkpoint_to_diffusers.py"}, {"rfilename": "scripts/convert_original_audioldm2_to_diffusers.py"}, {"rfilename": "scripts/convert_original_audioldm_to_diffusers.py"}, {"rfilename": "scripts/convert_original_controlnet_to_diffusers.py"}, {"rfilename": "scripts/convert_original_musicldm_to_diffusers.py"}, {"rfilename": "scripts/convert_original_stable_diffusion_to_diffusers.py"}, {"rfilename": "scripts/convert_original_t2i_adapter.py"}, {"rfilename": "scripts/convert_pixart_alpha_to_diffusers.py"}, {"rfilename": "scripts/convert_pixart_sigma_to_diffusers.py"}, {"rfilename": "scripts/convert_shap_e_to_diffusers.py"}, {"rfilename": "scripts/convert_stable_cascade.py"}, {"rfilename": "scripts/convert_stable_cascade_lite.py"}, {"rfilename": "scripts/convert_stable_diffusion_checkpoint_to_onnx.py"}, {"rfilename": "scripts/convert_stable_diffusion_controlnet_to_onnx.py"}, {"rfilename": "scripts/convert_stable_diffusion_controlnet_to_tensorrt.py"}, {"rfilename": "scripts/convert_svd_to_diffusers.py"}, {"rfilename": "scripts/convert_tiny_autoencoder_to_diffusers.py"}, {"rfilename": "scripts/convert_unclip_txt2img_to_image_variation.py"}, {"rfilename": "scripts/convert_unidiffuser_to_diffusers.py"}, {"rfilename": "scripts/convert_vae_diff_to_onnx.py"}, {"rfilename": "scripts/convert_vae_pt_to_diffusers.py"}, {"rfilename": "scripts/convert_versatile_diffusion_to_diffusers.py"}, {"rfilename": "scripts/convert_vq_diffusion_to_diffusers.py"}, {"rfilename": "scripts/convert_wuerstchen.py"}, {"rfilename": "scripts/convert_zero123_to_diffusers.py"}, {"rfilename": "scripts/generate_logits.py"}, {"rfilename": "scripts/log_reports.py"}, {"rfilename": "setup.py"}, {"rfilename": "src/diffusers/__init__.py"}, {"rfilename": "src/diffusers/commands/__init__.py"}, {"rfilename": "src/diffusers/commands/diffusers_cli.py"}, {"rfilename": "src/diffusers/commands/env.py"}, {"rfilename": "src/diffusers/commands/fp16_safetensors.py"}, {"rfilename": "src/diffusers/configuration_utils.py"}, {"rfilename": "src/diffusers/dependency_versions_check.py"}, {"rfilename": "src/diffusers/dependency_versions_table.py"}, {"rfilename": "src/diffusers/experimental/README.md"}, {"rfilename": "src/diffusers/experimental/__init__.py"}, {"rfilename": "src/diffusers/experimental/rl/__init__.py"}, {"rfilename": "src/diffusers/experimental/rl/value_guided_sampling.py"}, {"rfilename": "src/diffusers/image_processor.py"}, {"rfilename": "src/diffusers/loaders/__init__.py"}, {"rfilename": "src/diffusers/loaders/autoencoder.py"}, {"rfilename": "src/diffusers/loaders/controlnet.py"}, {"rfilename": "src/diffusers/loaders/ip_adapter.py"}, {"rfilename": "src/diffusers/loaders/lora.py"}, {"rfilename": "src/diffusers/loaders/lora_conversion_utils.py"}, {"rfilename": "src/diffusers/loaders/peft.py"}, {"rfilename": "src/diffusers/loaders/single_file.py"}, {"rfilename": "src/diffusers/loaders/single_file_utils.py"}, {"rfilename": "src/diffusers/loaders/textual_inversion.py"}, {"rfilename": "src/diffusers/loaders/unet.py"}, {"rfilename": "src/diffusers/loaders/unet_loader_utils.py"}, {"rfilename": "src/diffusers/loaders/utils.py"}, {"rfilename": "src/diffusers/models/README.md"}, {"rfilename": "src/diffusers/models/__init__.py"}, {"rfilename": "src/diffusers/models/activations.py"}, {"rfilename": "src/diffusers/models/adapter.py"}, {"rfilename": "src/diffusers/models/attention.py"}, {"rfilename": "src/diffusers/models/attention_flax.py"}, {"rfilename": "src/diffusers/models/attention_processor.py"}, {"rfilename": "src/diffusers/models/autoencoders/__init__.py"}, {"rfilename": "src/diffusers/models/autoencoders/autoencoder_asym_kl.py"}, {"rfilename": "src/diffusers/models/autoencoders/autoencoder_kl.py"}, {"rfilename": "src/diffusers/models/autoencoders/autoencoder_kl_temporal_decoder.py"}, {"rfilename": "src/diffusers/models/autoencoders/autoencoder_tiny.py"}, {"rfilename": "src/diffusers/models/autoencoders/consistency_decoder_vae.py"}, {"rfilename": "src/diffusers/models/autoencoders/vae.py"}, {"rfilename": "src/diffusers/models/controlnet.py"}, {"rfilename": "src/diffusers/models/controlnet_flax.py"}, {"rfilename": "src/diffusers/models/controlnet_xs.py"}, {"rfilename": "src/diffusers/models/downsampling.py"}, {"rfilename": "src/diffusers/models/dual_transformer_2d.py"}, {"rfilename": "src/diffusers/models/embeddings.py"}, {"rfilename": "src/diffusers/models/embeddings_flax.py"}, {"rfilename": "src/diffusers/models/lora.py"}, {"rfilename": "src/diffusers/models/modeling_flax_pytorch_utils.py"}, {"rfilename": "src/diffusers/models/modeling_flax_utils.py"}, {"rfilename": "src/diffusers/models/modeling_outputs.py"}, {"rfilename": "src/diffusers/models/modeling_pytorch_flax_utils.py"}, {"rfilename": "src/diffusers/models/modeling_utils.py"}, {"rfilename": "src/diffusers/models/normalization.py"}, {"rfilename": "src/diffusers/models/prior_transformer.py"}, {"rfilename": "src/diffusers/models/resnet.py"}, {"rfilename": "src/diffusers/models/resnet_flax.py"}, {"rfilename": "src/diffusers/models/t5_film_transformer.py"}, {"rfilename": "src/diffusers/models/transformer_2d.py"}, {"rfilename": "src/diffusers/models/transformer_temporal.py"}, {"rfilename": "src/diffusers/models/transformers/__init__.py"}, {"rfilename": "src/diffusers/models/transformers/dual_transformer_2d.py"}, {"rfilename": "src/diffusers/models/transformers/prior_transformer.py"}, {"rfilename": "src/diffusers/models/transformers/t5_film_transformer.py"}, {"rfilename": "src/diffusers/models/transformers/transformer_2d.py"}, {"rfilename": "src/diffusers/models/transformers/transformer_temporal.py"}, {"rfilename": "src/diffusers/models/unet_1d.py"}, {"rfilename": "src/diffusers/models/unet_1d_blocks.py"}, {"rfilename": "src/diffusers/models/unet_2d.py"}, {"rfilename": "src/diffusers/models/unet_2d_blocks.py"}, {"rfilename": "src/diffusers/models/unet_2d_condition.py"}, {"rfilename": "src/diffusers/models/unets/__init__.py"}, {"rfilename": "src/diffusers/models/unets/unet_1d.py"}, {"rfilename": "src/diffusers/models/unets/unet_1d_blocks.py"}, {"rfilename": "src/diffusers/models/unets/unet_2d.py"}, {"rfilename": "src/diffusers/models/unets/unet_2d_blocks.py"}, {"rfilename": "src/diffusers/models/unets/unet_2d_blocks_flax.py"}, {"rfilename": "src/diffusers/models/unets/unet_2d_condition.py"}, {"rfilename": "src/diffusers/models/unets/unet_2d_condition_flax.py"}, {"rfilename": "src/diffusers/models/unets/unet_3d_blocks.py"}, {"rfilename": "src/diffusers/models/unets/unet_3d_condition.py"}, {"rfilename": "src/diffusers/models/unets/unet_i2vgen_xl.py"}, {"rfilename": "src/diffusers/models/unets/unet_kandinsky3.py"}, {"rfilename": "src/diffusers/models/unets/unet_motion_model.py"}, {"rfilename": "src/diffusers/models/unets/unet_spatio_temporal_condition.py"}, {"rfilename": "src/diffusers/models/unets/unet_stable_cascade.py"}, {"rfilename": "src/diffusers/models/unets/uvit_2d.py"}, {"rfilename": "src/diffusers/models/upsampling.py"}, {"rfilename": "src/diffusers/models/vae_flax.py"}, {"rfilename": "src/diffusers/models/vq_model.py"}, {"rfilename": "src/diffusers/optimization.py"}, {"rfilename": "src/diffusers/pipelines/README.md"}, {"rfilename": "src/diffusers/pipelines/__init__.py"}, {"rfilename": "src/diffusers/pipelines/amused/__init__.py"}, {"rfilename": "src/diffusers/pipelines/amused/pipeline_amused.py"}, {"rfilename": "src/diffusers/pipelines/amused/pipeline_amused_img2img.py"}, {"rfilename": "src/diffusers/pipelines/amused/pipeline_amused_inpaint.py"}, {"rfilename": "src/diffusers/pipelines/animatediff/__init__.py"}, {"rfilename": "src/diffusers/pipelines/animatediff/pipeline_animatediff.py"}, {"rfilename": "src/diffusers/pipelines/animatediff/pipeline_animatediff_video2video.py"}, {"rfilename": "src/diffusers/pipelines/animatediff/pipeline_output.py"}, {"rfilename": "src/diffusers/pipelines/audioldm/__init__.py"}, {"rfilename": "src/diffusers/pipelines/audioldm/pipeline_audioldm.py"}, {"rfilename": "src/diffusers/pipelines/audioldm2/__init__.py"}, {"rfilename": "src/diffusers/pipelines/audioldm2/modeling_audioldm2.py"}, {"rfilename": "src/diffusers/pipelines/audioldm2/pipeline_audioldm2.py"}, {"rfilename": "src/diffusers/pipelines/auto_pipeline.py"}, {"rfilename": "src/diffusers/pipelines/blip_diffusion/__init__.py"}, {"rfilename": "src/diffusers/pipelines/blip_diffusion/blip_image_processing.py"}, {"rfilename": "src/diffusers/pipelines/blip_diffusion/modeling_blip2.py"}, {"rfilename": "src/diffusers/pipelines/blip_diffusion/modeling_ctx_clip.py"}, {"rfilename": "src/diffusers/pipelines/blip_diffusion/pipeline_blip_diffusion.py"}, {"rfilename": "src/diffusers/pipelines/consistency_models/__init__.py"}, {"rfilename": "src/diffusers/pipelines/consistency_models/pipeline_consistency_models.py"}, {"rfilename": "src/diffusers/pipelines/controlnet/__init__.py"}, {"rfilename": "src/diffusers/pipelines/controlnet/multicontrolnet.py"}, {"rfilename": "src/diffusers/pipelines/controlnet/pipeline_controlnet.py"}, {"rfilename": "src/diffusers/pipelines/controlnet/pipeline_controlnet_blip_diffusion.py"}, {"rfilename": "src/diffusers/pipelines/controlnet/pipeline_controlnet_img2img.py"}, {"rfilename": "src/diffusers/pipelines/controlnet/pipeline_controlnet_inpaint.py"}, {"rfilename": "src/diffusers/pipelines/controlnet/pipeline_controlnet_inpaint_sd_xl.py"}, {"rfilename": "src/diffusers/pipelines/controlnet/pipeline_controlnet_sd_xl.py"}, {"rfilename": "src/diffusers/pipelines/controlnet/pipeline_controlnet_sd_xl_img2img.py"}, {"rfilename": "src/diffusers/pipelines/controlnet/pipeline_flax_controlnet.py"}, {"rfilename": "src/diffusers/pipelines/controlnet_xs/__init__.py"}, {"rfilename": "src/diffusers/pipelines/controlnet_xs/pipeline_controlnet_xs.py"}, {"rfilename": "src/diffusers/pipelines/controlnet_xs/pipeline_controlnet_xs_sd_xl.py"}, {"rfilename": "src/diffusers/pipelines/dance_diffusion/__init__.py"}, {"rfilename": "src/diffusers/pipelines/dance_diffusion/pipeline_dance_diffusion.py"}, {"rfilename": "src/diffusers/pipelines/ddim/__init__.py"}, {"rfilename": "src/diffusers/pipelines/ddim/pipeline_ddim.py"}, {"rfilename": "src/diffusers/pipelines/ddpm/__init__.py"}, {"rfilename": "src/diffusers/pipelines/ddpm/pipeline_ddpm.py"}, {"rfilename": "src/diffusers/pipelines/deepfloyd_if/__init__.py"}, {"rfilename": "src/diffusers/pipelines/deepfloyd_if/pipeline_if.py"}, {"rfilename": "src/diffusers/pipelines/deepfloyd_if/pipeline_if_img2img.py"}, {"rfilename": "src/diffusers/pipelines/deepfloyd_if/pipeline_if_img2img_superresolution.py"}, {"rfilename": "src/diffusers/pipelines/deepfloyd_if/pipeline_if_inpainting.py"}, {"rfilename": "src/diffusers/pipelines/deepfloyd_if/pipeline_if_inpainting_superresolution.py"}, {"rfilename": "src/diffusers/pipelines/deepfloyd_if/pipeline_if_superresolution.py"}, {"rfilename": "src/diffusers/pipelines/deepfloyd_if/pipeline_output.py"}, {"rfilename": "src/diffusers/pipelines/deepfloyd_if/safety_checker.py"}, {"rfilename": "src/diffusers/pipelines/deepfloyd_if/timesteps.py"}, {"rfilename": "src/diffusers/pipelines/deepfloyd_if/watermark.py"}, {"rfilename": "src/diffusers/pipelines/deprecated/README.md"}, {"rfilename": "src/diffusers/pipelines/deprecated/__init__.py"}, {"rfilename": "src/diffusers/pipelines/deprecated/alt_diffusion/__init__.py"}, {"rfilename": "src/diffusers/pipelines/deprecated/alt_diffusion/modeling_roberta_series.py"}, {"rfilename": "src/diffusers/pipelines/deprecated/alt_diffusion/pipeline_alt_diffusion.py"}, {"rfilename": "src/diffusers/pipelines/deprecated/alt_diffusion/pipeline_alt_diffusion_img2img.py"}, {"rfilename": "src/diffusers/pipelines/deprecated/alt_diffusion/pipeline_output.py"}, {"rfilename": "src/diffusers/pipelines/deprecated/audio_diffusion/__init__.py"}, {"rfilename": "src/diffusers/pipelines/deprecated/audio_diffusion/mel.py"}, {"rfilename": "src/diffusers/pipelines/deprecated/audio_diffusion/pipeline_audio_diffusion.py"}, {"rfilename": "src/diffusers/pipelines/deprecated/latent_diffusion_uncond/__init__.py"}, {"rfilename": "src/diffusers/pipelines/deprecated/latent_diffusion_uncond/pipeline_latent_diffusion_uncond.py"}, {"rfilename": "src/diffusers/pipelines/deprecated/pndm/__init__.py"}, {"rfilename": "src/diffusers/pipelines/deprecated/pndm/pipeline_pndm.py"}, {"rfilename": "src/diffusers/pipelines/deprecated/repaint/__init__.py"}, {"rfilename": "src/diffusers/pipelines/deprecated/repaint/pipeline_repaint.py"}, {"rfilename": "src/diffusers/pipelines/deprecated/score_sde_ve/__init__.py"}, {"rfilename": "src/diffusers/pipelines/deprecated/score_sde_ve/pipeline_score_sde_ve.py"}, {"rfilename": "src/diffusers/pipelines/deprecated/spectrogram_diffusion/__init__.py"}, {"rfilename": "src/diffusers/pipelines/deprecated/spectrogram_diffusion/continuous_encoder.py"}, {"rfilename": "src/diffusers/pipelines/deprecated/spectrogram_diffusion/midi_utils.py"}, {"rfilename": "src/diffusers/pipelines/deprecated/spectrogram_diffusion/notes_encoder.py"}, {"rfilename": "src/diffusers/pipelines/deprecated/spectrogram_diffusion/pipeline_spectrogram_diffusion.py"}, {"rfilename": "src/diffusers/pipelines/deprecated/stable_diffusion_variants/__init__.py"}, {"rfilename": "src/diffusers/pipelines/deprecated/stable_diffusion_variants/pipeline_cycle_diffusion.py"}, {"rfilename": "src/diffusers/pipelines/deprecated/stable_diffusion_variants/pipeline_onnx_stable_diffusion_inpaint_legacy.py"}, {"rfilename": "src/diffusers/pipelines/deprecated/stable_diffusion_variants/pipeline_stable_diffusion_inpaint_legacy.py"}, {"rfilename": "src/diffusers/pipelines/deprecated/stable_diffusion_variants/pipeline_stable_diffusion_model_editing.py"}, {"rfilename": "src/diffusers/pipelines/deprecated/stable_diffusion_variants/pipeline_stable_diffusion_paradigms.py"}, {"rfilename": "src/diffusers/pipelines/deprecated/stable_diffusion_variants/pipeline_stable_diffusion_pix2pix_zero.py"}, {"rfilename": "src/diffusers/pipelines/deprecated/stochastic_karras_ve/__init__.py"}, {"rfilename": "src/diffusers/pipelines/deprecated/stochastic_karras_ve/pipeline_stochastic_karras_ve.py"}, {"rfilename": "src/diffusers/pipelines/deprecated/versatile_diffusion/__init__.py"}, {"rfilename": "src/diffusers/pipelines/deprecated/versatile_diffusion/modeling_text_unet.py"}, {"rfilename": "src/diffusers/pipelines/deprecated/versatile_diffusion/pipeline_versatile_diffusion.py"}, {"rfilename": "src/diffusers/pipelines/deprecated/versatile_diffusion/pipeline_versatile_diffusion_dual_guided.py"}, {"rfilename": "src/diffusers/pipelines/deprecated/versatile_diffusion/pipeline_versatile_diffusion_image_variation.py"}, {"rfilename": "src/diffusers/pipelines/deprecated/versatile_diffusion/pipeline_versatile_diffusion_text_to_image.py"}, {"rfilename": "src/diffusers/pipelines/deprecated/vq_diffusion/__init__.py"}, {"rfilename": "src/diffusers/pipelines/deprecated/vq_diffusion/pipeline_vq_diffusion.py"}, {"rfilename": "src/diffusers/pipelines/dit/__init__.py"}, {"rfilename": "src/diffusers/pipelines/dit/pipeline_dit.py"}, {"rfilename": "src/diffusers/pipelines/free_init_utils.py"}, {"rfilename": "src/diffusers/pipelines/i2vgen_xl/__init__.py"}, {"rfilename": "src/diffusers/pipelines/i2vgen_xl/pipeline_i2vgen_xl.py"}, {"rfilename": "src/diffusers/pipelines/kandinsky/__init__.py"}, {"rfilename": "src/diffusers/pipelines/kandinsky/pipeline_kandinsky.py"}, {"rfilename": "src/diffusers/pipelines/kandinsky/pipeline_kandinsky_combined.py"}, {"rfilename": "src/diffusers/pipelines/kandinsky/pipeline_kandinsky_img2img.py"}, {"rfilename": "src/diffusers/pipelines/kandinsky/pipeline_kandinsky_inpaint.py"}, {"rfilename": "src/diffusers/pipelines/kandinsky/pipeline_kandinsky_prior.py"}, {"rfilename": "src/diffusers/pipelines/kandinsky/text_encoder.py"}, {"rfilename": "src/diffusers/pipelines/kandinsky2_2/__init__.py"}, {"rfilename": "src/diffusers/pipelines/kandinsky2_2/pipeline_kandinsky2_2.py"}, {"rfilename": "src/diffusers/pipelines/kandinsky2_2/pipeline_kandinsky2_2_combined.py"}, {"rfilename": "src/diffusers/pipelines/kandinsky2_2/pipeline_kandinsky2_2_controlnet.py"}, {"rfilename": "src/diffusers/pipelines/kandinsky2_2/pipeline_kandinsky2_2_controlnet_img2img.py"}, {"rfilename": "src/diffusers/pipelines/kandinsky2_2/pipeline_kandinsky2_2_img2img.py"}, {"rfilename": "src/diffusers/pipelines/kandinsky2_2/pipeline_kandinsky2_2_inpainting.py"}, {"rfilename": "src/diffusers/pipelines/kandinsky2_2/pipeline_kandinsky2_2_prior.py"}, {"rfilename": "src/diffusers/pipelines/kandinsky2_2/pipeline_kandinsky2_2_prior_emb2emb.py"}, {"rfilename": "src/diffusers/pipelines/kandinsky3/__init__.py"}, {"rfilename": "src/diffusers/pipelines/kandinsky3/convert_kandinsky3_unet.py"}, {"rfilename": "src/diffusers/pipelines/kandinsky3/pipeline_kandinsky3.py"}, {"rfilename": "src/diffusers/pipelines/kandinsky3/pipeline_kandinsky3_img2img.py"}, {"rfilename": "src/diffusers/pipelines/latent_consistency_models/__init__.py"}, {"rfilename": "src/diffusers/pipelines/latent_consistency_models/pipeline_latent_consistency_img2img.py"}, {"rfilename": "src/diffusers/pipelines/latent_consistency_models/pipeline_latent_consistency_text2img.py"}, {"rfilename": "src/diffusers/pipelines/latent_diffusion/__init__.py"}, {"rfilename": "src/diffusers/pipelines/latent_diffusion/pipeline_latent_diffusion.py"}, {"rfilename": "src/diffusers/pipelines/latent_diffusion/pipeline_latent_diffusion_superresolution.py"}, {"rfilename": "src/diffusers/pipelines/ledits_pp/__init__.py"}, {"rfilename": "src/diffusers/pipelines/ledits_pp/pipeline_leditspp_stable_diffusion.py"}, {"rfilename": "src/diffusers/pipelines/ledits_pp/pipeline_leditspp_stable_diffusion_xl.py"}, {"rfilename": "src/diffusers/pipelines/ledits_pp/pipeline_output.py"}, {"rfilename": "src/diffusers/pipelines/musicldm/__init__.py"}, {"rfilename": "src/diffusers/pipelines/musicldm/pipeline_musicldm.py"}, {"rfilename": "src/diffusers/pipelines/onnx_utils.py"}, {"rfilename": "src/diffusers/pipelines/paint_by_example/__init__.py"}, {"rfilename": "src/diffusers/pipelines/paint_by_example/image_encoder.py"}, {"rfilename": "src/diffusers/pipelines/paint_by_example/pipeline_paint_by_example.py"}, {"rfilename": "src/diffusers/pipelines/pia/__init__.py"}, {"rfilename": "src/diffusers/pipelines/pia/pipeline_pia.py"}, {"rfilename": "src/diffusers/pipelines/pipeline_flax_utils.py"}, {"rfilename": "src/diffusers/pipelines/pipeline_loading_utils.py"}, {"rfilename": "src/diffusers/pipelines/pipeline_utils.py"}, {"rfilename": "src/diffusers/pipelines/pixart_alpha/__init__.py"}, {"rfilename": "src/diffusers/pipelines/pixart_alpha/pipeline_pixart_alpha.py"}, {"rfilename": "src/diffusers/pipelines/pixart_alpha/pipeline_pixart_sigma.py"}, {"rfilename": "src/diffusers/pipelines/semantic_stable_diffusion/__init__.py"}, {"rfilename": "src/diffusers/pipelines/semantic_stable_diffusion/pipeline_output.py"}, {"rfilename": "src/diffusers/pipelines/semantic_stable_diffusion/pipeline_semantic_stable_diffusion.py"}, {"rfilename": "src/diffusers/pipelines/shap_e/__init__.py"}, {"rfilename": "src/diffusers/pipelines/shap_e/camera.py"}, {"rfilename": "src/diffusers/pipelines/shap_e/pipeline_shap_e.py"}, {"rfilename": "src/diffusers/pipelines/shap_e/pipeline_shap_e_img2img.py"}, {"rfilename": "src/diffusers/pipelines/shap_e/renderer.py"}, {"rfilename": "src/diffusers/pipelines/stable_cascade/__init__.py"}, {"rfilename": "src/diffusers/pipelines/stable_cascade/pipeline_stable_cascade.py"}, {"rfilename": "src/diffusers/pipelines/stable_cascade/pipeline_stable_cascade_combined.py"}, {"rfilename": "src/diffusers/pipelines/stable_cascade/pipeline_stable_cascade_prior.py"}, {"rfilename": "src/diffusers/pipelines/stable_diffusion/README.md"}, {"rfilename": "src/diffusers/pipelines/stable_diffusion/__init__.py"}, {"rfilename": "src/diffusers/pipelines/stable_diffusion/clip_image_project_model.py"}, {"rfilename": "src/diffusers/pipelines/stable_diffusion/convert_from_ckpt.py"}, {"rfilename": "src/diffusers/pipelines/stable_diffusion/pipeline_flax_stable_diffusion.py"}, {"rfilename": "src/diffusers/pipelines/stable_diffusion/pipeline_flax_stable_diffusion_img2img.py"}, {"rfilename": "src/diffusers/pipelines/stable_diffusion/pipeline_flax_stable_diffusion_inpaint.py"}, {"rfilename": "src/diffusers/pipelines/stable_diffusion/pipeline_onnx_stable_diffusion.py"}, {"rfilename": "src/diffusers/pipelines/stable_diffusion/pipeline_onnx_stable_diffusion_img2img.py"}, {"rfilename": "src/diffusers/pipelines/stable_diffusion/pipeline_onnx_stable_diffusion_inpaint.py"}, {"rfilename": "src/diffusers/pipelines/stable_diffusion/pipeline_onnx_stable_diffusion_upscale.py"}, {"rfilename": "src/diffusers/pipelines/stable_diffusion/pipeline_output.py"}, {"rfilename": "src/diffusers/pipelines/stable_diffusion/pipeline_stable_diffusion.py"}, {"rfilename": "src/diffusers/pipelines/stable_diffusion/pipeline_stable_diffusion_depth2img.py"}, {"rfilename": "src/diffusers/pipelines/stable_diffusion/pipeline_stable_diffusion_image_variation.py"}, {"rfilename": "src/diffusers/pipelines/stable_diffusion/pipeline_stable_diffusion_img2img.py"}, {"rfilename": "src/diffusers/pipelines/stable_diffusion/pipeline_stable_diffusion_inpaint.py"}, {"rfilename": "src/diffusers/pipelines/stable_diffusion/pipeline_stable_diffusion_instruct_pix2pix.py"}, {"rfilename": "src/diffusers/pipelines/stable_diffusion/pipeline_stable_diffusion_latent_upscale.py"}, {"rfilename": "src/diffusers/pipelines/stable_diffusion/pipeline_stable_diffusion_upscale.py"}, {"rfilename": "src/diffusers/pipelines/stable_diffusion/pipeline_stable_unclip.py"}, {"rfilename": "src/diffusers/pipelines/stable_diffusion/pipeline_stable_unclip_img2img.py"}, {"rfilename": "src/diffusers/pipelines/stable_diffusion/safety_checker.py"}, {"rfilename": "src/diffusers/pipelines/stable_diffusion/safety_checker_flax.py"}, {"rfilename": "src/diffusers/pipelines/stable_diffusion/stable_unclip_image_normalizer.py"}, {"rfilename": "src/diffusers/pipelines/stable_diffusion_attend_and_excite/__init__.py"}, {"rfilename": "src/diffusers/pipelines/stable_diffusion_attend_and_excite/pipeline_stable_diffusion_attend_and_excite.py"}, {"rfilename": "src/diffusers/pipelines/stable_diffusion_diffedit/__init__.py"}, {"rfilename": "src/diffusers/pipelines/stable_diffusion_diffedit/pipeline_stable_diffusion_diffedit.py"}, {"rfilename": "src/diffusers/pipelines/stable_diffusion_gligen/__init__.py"}, {"rfilename": "src/diffusers/pipelines/stable_diffusion_gligen/pipeline_stable_diffusion_gligen.py"}, {"rfilename": "src/diffusers/pipelines/stable_diffusion_gligen/pipeline_stable_diffusion_gligen_text_image.py"}, {"rfilename": "src/diffusers/pipelines/stable_diffusion_k_diffusion/__init__.py"}, {"rfilename": "src/diffusers/pipelines/stable_diffusion_k_diffusion/pipeline_stable_diffusion_k_diffusion.py"}, {"rfilename": "src/diffusers/pipelines/stable_diffusion_k_diffusion/pipeline_stable_diffusion_xl_k_diffusion.py"}, {"rfilename": "src/diffusers/pipelines/stable_diffusion_ldm3d/__init__.py"}, {"rfilename": "src/diffusers/pipelines/stable_diffusion_ldm3d/pipeline_stable_diffusion_ldm3d.py"}, {"rfilename": "src/diffusers/pipelines/stable_diffusion_panorama/__init__.py"}, {"rfilename": "src/diffusers/pipelines/stable_diffusion_panorama/pipeline_stable_diffusion_panorama.py"}, {"rfilename": "src/diffusers/pipelines/stable_diffusion_safe/__init__.py"}, {"rfilename": "src/diffusers/pipelines/stable_diffusion_safe/pipeline_output.py"}, {"rfilename": "src/diffusers/pipelines/stable_diffusion_safe/pipeline_stable_diffusion_safe.py"}, {"rfilename": "src/diffusers/pipelines/stable_diffusion_safe/safety_checker.py"}, {"rfilename": "src/diffusers/pipelines/stable_diffusion_sag/__init__.py"}, {"rfilename": "src/diffusers/pipelines/stable_diffusion_sag/pipeline_stable_diffusion_sag.py"}, {"rfilename": "src/diffusers/pipelines/stable_diffusion_xl/__init__.py"}, {"rfilename": "src/diffusers/pipelines/stable_diffusion_xl/pipeline_flax_stable_diffusion_xl.py"}, {"rfilename": "src/diffusers/pipelines/stable_diffusion_xl/pipeline_output.py"}, {"rfilename": "src/diffusers/pipelines/stable_diffusion_xl/pipeline_stable_diffusion_xl.py"}, {"rfilename": "src/diffusers/pipelines/stable_diffusion_xl/pipeline_stable_diffusion_xl_img2img.py"}, {"rfilename": "src/diffusers/pipelines/stable_diffusion_xl/pipeline_stable_diffusion_xl_inpaint.py"}, {"rfilename": "src/diffusers/pipelines/stable_diffusion_xl/pipeline_stable_diffusion_xl_instruct_pix2pix.py"}, {"rfilename": "src/diffusers/pipelines/stable_diffusion_xl/watermark.py"}, {"rfilename": "src/diffusers/pipelines/stable_video_diffusion/__init__.py"}, {"rfilename": "src/diffusers/pipelines/stable_video_diffusion/pipeline_stable_video_diffusion.py"}, {"rfilename": "src/diffusers/pipelines/t2i_adapter/__init__.py"}, {"rfilename": "src/diffusers/pipelines/t2i_adapter/pipeline_stable_diffusion_adapter.py"}, {"rfilename": "src/diffusers/pipelines/t2i_adapter/pipeline_stable_diffusion_xl_adapter.py"}, {"rfilename": "src/diffusers/pipelines/text_to_video_synthesis/__init__.py"}, {"rfilename": "src/diffusers/pipelines/text_to_video_synthesis/pipeline_output.py"}, {"rfilename": "src/diffusers/pipelines/text_to_video_synthesis/pipeline_text_to_video_synth.py"}, {"rfilename": "src/diffusers/pipelines/text_to_video_synthesis/pipeline_text_to_video_synth_img2img.py"}, {"rfilename": "src/diffusers/pipelines/text_to_video_synthesis/pipeline_text_to_video_zero.py"}, {"rfilename": "src/diffusers/pipelines/text_to_video_synthesis/pipeline_text_to_video_zero_sdxl.py"}, {"rfilename": "src/diffusers/pipelines/unclip/__init__.py"}, {"rfilename": "src/diffusers/pipelines/unclip/pipeline_unclip.py"}, {"rfilename": "src/diffusers/pipelines/unclip/pipeline_unclip_image_variation.py"}, {"rfilename": "src/diffusers/pipelines/unclip/text_proj.py"}, {"rfilename": "src/diffusers/pipelines/unidiffuser/__init__.py"}, {"rfilename": "src/diffusers/pipelines/unidiffuser/modeling_text_decoder.py"}, {"rfilename": "src/diffusers/pipelines/unidiffuser/modeling_uvit.py"}, {"rfilename": "src/diffusers/pipelines/unidiffuser/pipeline_unidiffuser.py"}, {"rfilename": "src/diffusers/pipelines/wuerstchen/__init__.py"}, {"rfilename": "src/diffusers/pipelines/wuerstchen/modeling_paella_vq_model.py"}, {"rfilename": "src/diffusers/pipelines/wuerstchen/modeling_wuerstchen_common.py"}, {"rfilename": "src/diffusers/pipelines/wuerstchen/modeling_wuerstchen_diffnext.py"}, {"rfilename": "src/diffusers/pipelines/wuerstchen/modeling_wuerstchen_prior.py"}, {"rfilename": "src/diffusers/pipelines/wuerstchen/pipeline_wuerstchen.py"}, {"rfilename": "src/diffusers/pipelines/wuerstchen/pipeline_wuerstchen_combined.py"}, {"rfilename": "src/diffusers/pipelines/wuerstchen/pipeline_wuerstchen_prior.py"}, {"rfilename": "src/diffusers/py.typed"}, {"rfilename": "src/diffusers/schedulers/README.md"}, {"rfilename": "src/diffusers/schedulers/__init__.py"}, {"rfilename": "src/diffusers/schedulers/deprecated/__init__.py"}, {"rfilename": "src/diffusers/schedulers/deprecated/scheduling_karras_ve.py"}, {"rfilename": "src/diffusers/schedulers/deprecated/scheduling_sde_vp.py"}, {"rfilename": "src/diffusers/schedulers/scheduling_amused.py"}, {"rfilename": "src/diffusers/schedulers/scheduling_consistency_decoder.py"}, {"rfilename": "src/diffusers/schedulers/scheduling_consistency_models.py"}, {"rfilename": "src/diffusers/schedulers/scheduling_ddim.py"}, {"rfilename": "src/diffusers/schedulers/scheduling_ddim_flax.py"}, {"rfilename": "src/diffusers/schedulers/scheduling_ddim_inverse.py"}, {"rfilename": "src/diffusers/schedulers/scheduling_ddim_parallel.py"}, {"rfilename": "src/diffusers/schedulers/scheduling_ddpm.py"}, {"rfilename": "src/diffusers/schedulers/scheduling_ddpm_flax.py"}, {"rfilename": "src/diffusers/schedulers/scheduling_ddpm_parallel.py"}, {"rfilename": "src/diffusers/schedulers/scheduling_ddpm_wuerstchen.py"}, {"rfilename": "src/diffusers/schedulers/scheduling_deis_multistep.py"}, {"rfilename": "src/diffusers/schedulers/scheduling_dpmsolver_multistep.py"}, {"rfilename": "src/diffusers/schedulers/scheduling_dpmsolver_multistep_flax.py"}, {"rfilename": "src/diffusers/schedulers/scheduling_dpmsolver_multistep_inverse.py"}, {"rfilename": "src/diffusers/schedulers/scheduling_dpmsolver_sde.py"}, {"rfilename": "src/diffusers/schedulers/scheduling_dpmsolver_singlestep.py"}, {"rfilename": "src/diffusers/schedulers/scheduling_edm_dpmsolver_multistep.py"}, {"rfilename": "src/diffusers/schedulers/scheduling_edm_euler.py"}, {"rfilename": "src/diffusers/schedulers/scheduling_euler_ancestral_discrete.py"}, {"rfilename": "src/diffusers/schedulers/scheduling_euler_discrete.py"}, {"rfilename": "src/diffusers/schedulers/scheduling_euler_discrete_flax.py"}, {"rfilename": "src/diffusers/schedulers/scheduling_heun_discrete.py"}, {"rfilename": "src/diffusers/schedulers/scheduling_ipndm.py"}, {"rfilename": "src/diffusers/schedulers/scheduling_k_dpm_2_ancestral_discrete.py"}, {"rfilename": "src/diffusers/schedulers/scheduling_k_dpm_2_discrete.py"}, {"rfilename": "src/diffusers/schedulers/scheduling_karras_ve_flax.py"}, {"rfilename": "src/diffusers/schedulers/scheduling_lcm.py"}, {"rfilename": "src/diffusers/schedulers/scheduling_lms_discrete.py"}, {"rfilename": "src/diffusers/schedulers/scheduling_lms_discrete_flax.py"}, {"rfilename": "src/diffusers/schedulers/scheduling_pndm.py"}, {"rfilename": "src/diffusers/schedulers/scheduling_pndm_flax.py"}, {"rfilename": "src/diffusers/schedulers/scheduling_repaint.py"}, {"rfilename": "src/diffusers/schedulers/scheduling_sasolver.py"}, {"rfilename": "src/diffusers/schedulers/scheduling_sde_ve.py"}, {"rfilename": "src/diffusers/schedulers/scheduling_sde_ve_flax.py"}, {"rfilename": "src/diffusers/schedulers/scheduling_tcd.py"}, {"rfilename": "src/diffusers/schedulers/scheduling_unclip.py"}, {"rfilename": "src/diffusers/schedulers/scheduling_unipc_multistep.py"}, {"rfilename": "src/diffusers/schedulers/scheduling_utils.py"}, {"rfilename": "src/diffusers/schedulers/scheduling_utils_flax.py"}, {"rfilename": "src/diffusers/schedulers/scheduling_vq_diffusion.py"}, {"rfilename": "src/diffusers/training_utils.py"}, {"rfilename": "src/diffusers/utils/__init__.py"}, {"rfilename": "src/diffusers/utils/accelerate_utils.py"}, {"rfilename": "src/diffusers/utils/constants.py"}, {"rfilename": "src/diffusers/utils/deprecation_utils.py"}, {"rfilename": "src/diffusers/utils/doc_utils.py"}, {"rfilename": "src/diffusers/utils/dummy_flax_and_transformers_objects.py"}, {"rfilename": "src/diffusers/utils/dummy_flax_objects.py"}, {"rfilename": "src/diffusers/utils/dummy_note_seq_objects.py"}, {"rfilename": "src/diffusers/utils/dummy_onnx_objects.py"}, {"rfilename": "src/diffusers/utils/dummy_pt_objects.py"}, {"rfilename": "src/diffusers/utils/dummy_torch_and_librosa_objects.py"}, {"rfilename": "src/diffusers/utils/dummy_torch_and_scipy_objects.py"}, {"rfilename": "src/diffusers/utils/dummy_torch_and_torchsde_objects.py"}, {"rfilename": "src/diffusers/utils/dummy_torch_and_transformers_and_k_diffusion_objects.py"}, {"rfilename": "src/diffusers/utils/dummy_torch_and_transformers_and_onnx_objects.py"}, {"rfilename": "src/diffusers/utils/dummy_torch_and_transformers_objects.py"}, {"rfilename": "src/diffusers/utils/dummy_transformers_and_torch_and_note_seq_objects.py"}, {"rfilename": "src/diffusers/utils/dynamic_modules_utils.py"}, {"rfilename": "src/diffusers/utils/export_utils.py"}, {"rfilename": "src/diffusers/utils/hub_utils.py"}, {"rfilename": "src/diffusers/utils/import_utils.py"}, {"rfilename": "src/diffusers/utils/loading_utils.py"}, {"rfilename": "src/diffusers/utils/logging.py"}, {"rfilename": "src/diffusers/utils/model_card_template.md"}, {"rfilename": "src/diffusers/utils/outputs.py"}, {"rfilename": "src/diffusers/utils/peft_utils.py"}, {"rfilename": "src/diffusers/utils/pil_utils.py"}, {"rfilename": "src/diffusers/utils/state_dict_utils.py"}, {"rfilename": "src/diffusers/utils/testing_utils.py"}, {"rfilename": "src/diffusers/utils/torch_utils.py"}, {"rfilename": "src/diffusers/utils/versions.py"}, {"rfilename": "test.png"}, {"rfilename": "tests/__init__.py"}, {"rfilename": "tests/conftest.py"}, {"rfilename": "tests/fixtures/custom_pipeline/pipeline.py"}, {"rfilename": "tests/fixtures/custom_pipeline/what_ever.py"}, {"rfilename": "tests/fixtures/elise_format0.mid"}, {"rfilename": "tests/lora/test_lora_layers_sd.py"}, {"rfilename": "tests/lora/test_lora_layers_sdxl.py"}, {"rfilename": "tests/lora/utils.py"}, {"rfilename": "tests/models/__init__.py"}, {"rfilename": "tests/models/autoencoders/__init__.py"}, {"rfilename": "tests/models/autoencoders/test_models_vae.py"}, {"rfilename": "tests/models/autoencoders/test_models_vae_flax.py"}, {"rfilename": "tests/models/autoencoders/test_models_vq.py"}, {"rfilename": "tests/models/test_activations.py"}, {"rfilename": "tests/models/test_attention_processor.py"}, {"rfilename": "tests/models/test_layers_utils.py"}, {"rfilename": "tests/models/test_modeling_common.py"}, {"rfilename": "tests/models/test_modeling_common_flax.py"}, {"rfilename": "tests/models/transformers/__init__.py"}, {"rfilename": "tests/models/transformers/test_models_prior.py"}, {"rfilename": "tests/models/unets/__init__.py"}, {"rfilename": "tests/models/unets/test_models_unet_1d.py"}, {"rfilename": "tests/models/unets/test_models_unet_2d.py"}, {"rfilename": "tests/models/unets/test_models_unet_2d_condition.py"}, {"rfilename": "tests/models/unets/test_models_unet_2d_flax.py"}, {"rfilename": "tests/models/unets/test_models_unet_3d_condition.py"}, {"rfilename": "tests/models/unets/test_models_unet_controlnetxs.py"}, {"rfilename": "tests/models/unets/test_models_unet_motion.py"}, {"rfilename": "tests/models/unets/test_models_unet_spatiotemporal.py"}, {"rfilename": "tests/models/unets/test_models_unet_stable_cascade.py"}, {"rfilename": "tests/models/unets/test_unet_2d_blocks.py"}, {"rfilename": "tests/models/unets/test_unet_blocks_common.py"}, {"rfilename": "tests/others/test_check_copies.py"}, {"rfilename": "tests/others/test_check_dummies.py"}, {"rfilename": "tests/others/test_config.py"}, {"rfilename": "tests/others/test_dependencies.py"}, {"rfilename": "tests/others/test_ema.py"}, {"rfilename": "tests/others/test_hub_utils.py"}, {"rfilename": "tests/others/test_image_processor.py"}, {"rfilename": "tests/others/test_outputs.py"}, {"rfilename": "tests/others/test_training.py"}, {"rfilename": "tests/others/test_utils.py"}, {"rfilename": "tests/pipelines/__init__.py"}, {"rfilename": "tests/pipelines/amused/__init__.py"}, {"rfilename": "tests/pipelines/amused/test_amused.py"}, {"rfilename": "tests/pipelines/amused/test_amused_img2img.py"}, {"rfilename": "tests/pipelines/amused/test_amused_inpaint.py"}, {"rfilename": "tests/pipelines/animatediff/__init__.py"}, {"rfilename": "tests/pipelines/animatediff/test_animatediff.py"}, {"rfilename": "tests/pipelines/animatediff/test_animatediff_video2video.py"}, {"rfilename": "tests/pipelines/audioldm/__init__.py"}, {"rfilename": "tests/pipelines/audioldm/test_audioldm.py"}, {"rfilename": "tests/pipelines/audioldm2/__init__.py"}, {"rfilename": "tests/pipelines/audioldm2/test_audioldm2.py"}, {"rfilename": "tests/pipelines/blipdiffusion/__init__.py"}, {"rfilename": "tests/pipelines/blipdiffusion/test_blipdiffusion.py"}, {"rfilename": "tests/pipelines/consistency_models/__init__.py"}, {"rfilename": "tests/pipelines/consistency_models/test_consistency_models.py"}, {"rfilename": "tests/pipelines/controlnet/__init__.py"}, {"rfilename": "tests/pipelines/controlnet/test_controlnet.py"}, {"rfilename": "tests/pipelines/controlnet/test_controlnet_blip_diffusion.py"}, {"rfilename": "tests/pipelines/controlnet/test_controlnet_img2img.py"}, {"rfilename": "tests/pipelines/controlnet/test_controlnet_inpaint.py"}, {"rfilename": "tests/pipelines/controlnet/test_controlnet_inpaint_sdxl.py"}, {"rfilename": "tests/pipelines/controlnet/test_controlnet_sdxl.py"}, {"rfilename": "tests/pipelines/controlnet/test_controlnet_sdxl_img2img.py"}, {"rfilename": "tests/pipelines/controlnet/test_flax_controlnet.py"}, {"rfilename": "tests/pipelines/controlnet_xs/__init__.py"}, {"rfilename": "tests/pipelines/controlnet_xs/test_controlnetxs.py"}, {"rfilename": "tests/pipelines/controlnet_xs/test_controlnetxs_sdxl.py"}, {"rfilename": "tests/pipelines/dance_diffusion/__init__.py"}, {"rfilename": "tests/pipelines/dance_diffusion/test_dance_diffusion.py"}, {"rfilename": "tests/pipelines/ddim/__init__.py"}, {"rfilename": "tests/pipelines/ddim/test_ddim.py"}, {"rfilename": "tests/pipelines/ddpm/__init__.py"}, {"rfilename": "tests/pipelines/ddpm/test_ddpm.py"}, {"rfilename": "tests/pipelines/deepfloyd_if/__init__.py"}, {"rfilename": "tests/pipelines/deepfloyd_if/test_if.py"}, {"rfilename": "tests/pipelines/deepfloyd_if/test_if_img2img.py"}, {"rfilename": "tests/pipelines/deepfloyd_if/test_if_img2img_superresolution.py"}, {"rfilename": "tests/pipelines/deepfloyd_if/test_if_inpainting.py"}, {"rfilename": "tests/pipelines/deepfloyd_if/test_if_inpainting_superresolution.py"}, {"rfilename": "tests/pipelines/deepfloyd_if/test_if_superresolution.py"}, {"rfilename": "tests/pipelines/dit/__init__.py"}, {"rfilename": "tests/pipelines/dit/test_dit.py"}, {"rfilename": "tests/pipelines/i2vgen_xl/__init__.py"}, {"rfilename": "tests/pipelines/i2vgen_xl/test_i2vgenxl.py"}, {"rfilename": "tests/pipelines/ip_adapters/test_ip_adapter_stable_diffusion.py"}, {"rfilename": "tests/pipelines/kandinsky/__init__.py"}, {"rfilename": "tests/pipelines/kandinsky/test_kandinsky.py"}, {"rfilename": "tests/pipelines/kandinsky/test_kandinsky_combined.py"}, {"rfilename": "tests/pipelines/kandinsky/test_kandinsky_img2img.py"}, {"rfilename": "tests/pipelines/kandinsky/test_kandinsky_inpaint.py"}, {"rfilename": "tests/pipelines/kandinsky/test_kandinsky_prior.py"}, {"rfilename": "tests/pipelines/kandinsky2_2/__init__.py"}, {"rfilename": "tests/pipelines/kandinsky2_2/test_kandinsky.py"}, {"rfilename": "tests/pipelines/kandinsky2_2/test_kandinsky_combined.py"}, {"rfilename": "tests/pipelines/kandinsky2_2/test_kandinsky_controlnet.py"}, {"rfilename": "tests/pipelines/kandinsky2_2/test_kandinsky_controlnet_img2img.py"}, {"rfilename": "tests/pipelines/kandinsky2_2/test_kandinsky_img2img.py"}, {"rfilename": "tests/pipelines/kandinsky2_2/test_kandinsky_inpaint.py"}, {"rfilename": "tests/pipelines/kandinsky2_2/test_kandinsky_prior.py"}, {"rfilename": "tests/pipelines/kandinsky2_2/test_kandinsky_prior_emb2emb.py"}, {"rfilename": "tests/pipelines/kandinsky3/__init__.py"}, {"rfilename": "tests/pipelines/kandinsky3/test_kandinsky3.py"}, {"rfilename": "tests/pipelines/kandinsky3/test_kandinsky3_img2img.py"}, {"rfilename": "tests/pipelines/latent_consistency_models/__init__.py"}, {"rfilename": "tests/pipelines/latent_consistency_models/test_latent_consistency_models.py"}, {"rfilename": "tests/pipelines/latent_consistency_models/test_latent_consistency_models_img2img.py"}, {"rfilename": "tests/pipelines/latent_diffusion/__init__.py"}, {"rfilename": "tests/pipelines/latent_diffusion/test_latent_diffusion.py"}, {"rfilename": "tests/pipelines/latent_diffusion/test_latent_diffusion_superresolution.py"}, {"rfilename": "tests/pipelines/ledits_pp/__init__.py"}, {"rfilename": "tests/pipelines/ledits_pp/test_ledits_pp_stable_diffusion.py"}, {"rfilename": "tests/pipelines/ledits_pp/test_ledits_pp_stable_diffusion_xl.py"}, {"rfilename": "tests/pipelines/musicldm/__init__.py"}, {"rfilename": "tests/pipelines/musicldm/test_musicldm.py"}, {"rfilename": "tests/pipelines/paint_by_example/__init__.py"}, {"rfilename": "tests/pipelines/paint_by_example/test_paint_by_example.py"}, {"rfilename": "tests/pipelines/pia/__init__.py"}, {"rfilename": "tests/pipelines/pia/test_pia.py"}, {"rfilename": "tests/pipelines/pipeline_params.py"}, {"rfilename": "tests/pipelines/pixart_alpha/__init__.py"}, {"rfilename": "tests/pipelines/pixart_alpha/test_pixart.py"}, {"rfilename": "tests/pipelines/pixart_sigma/__init__.py"}, {"rfilename": "tests/pipelines/pixart_sigma/test_pixart.py"}, {"rfilename": "tests/pipelines/pndm/__init__.py"}, {"rfilename": "tests/pipelines/pndm/test_pndm.py"}, {"rfilename": "tests/pipelines/semantic_stable_diffusion/__init__.py"}, {"rfilename": "tests/pipelines/semantic_stable_diffusion/test_semantic_diffusion.py"}, {"rfilename": "tests/pipelines/shap_e/__init__.py"}, {"rfilename": "tests/pipelines/shap_e/test_shap_e.py"}, {"rfilename": "tests/pipelines/shap_e/test_shap_e_img2img.py"}, {"rfilename": "tests/pipelines/stable_cascade/__init__.py"}, {"rfilename": "tests/pipelines/stable_cascade/test_stable_cascade_combined.py"}, {"rfilename": "tests/pipelines/stable_cascade/test_stable_cascade_decoder.py"}, {"rfilename": "tests/pipelines/stable_cascade/test_stable_cascade_prior.py"}, {"rfilename": "tests/pipelines/stable_diffusion/__init__.py"}, {"rfilename": "tests/pipelines/stable_diffusion/test_onnx_stable_diffusion.py"}, {"rfilename": "tests/pipelines/stable_diffusion/test_onnx_stable_diffusion_img2img.py"}, {"rfilename": "tests/pipelines/stable_diffusion/test_onnx_stable_diffusion_inpaint.py"}, {"rfilename": "tests/pipelines/stable_diffusion/test_onnx_stable_diffusion_upscale.py"}, {"rfilename": "tests/pipelines/stable_diffusion/test_stable_diffusion.py"}, {"rfilename": "tests/pipelines/stable_diffusion/test_stable_diffusion_img2img.py"}, {"rfilename": "tests/pipelines/stable_diffusion/test_stable_diffusion_inpaint.py"}, {"rfilename": "tests/pipelines/stable_diffusion/test_stable_diffusion_instruction_pix2pix.py"}, {"rfilename": "tests/pipelines/stable_diffusion_2/__init__.py"}, {"rfilename": "tests/pipelines/stable_diffusion_2/test_stable_diffusion.py"}, {"rfilename": "tests/pipelines/stable_diffusion_2/test_stable_diffusion_attend_and_excite.py"}, {"rfilename": "tests/pipelines/stable_diffusion_2/test_stable_diffusion_depth.py"}, {"rfilename": "tests/pipelines/stable_diffusion_2/test_stable_diffusion_diffedit.py"}, {"rfilename": "tests/pipelines/stable_diffusion_2/test_stable_diffusion_flax.py"}, {"rfilename": "tests/pipelines/stable_diffusion_2/test_stable_diffusion_flax_inpaint.py"}, {"rfilename": "tests/pipelines/stable_diffusion_2/test_stable_diffusion_inpaint.py"}, {"rfilename": "tests/pipelines/stable_diffusion_2/test_stable_diffusion_latent_upscale.py"}, {"rfilename": "tests/pipelines/stable_diffusion_2/test_stable_diffusion_upscale.py"}, {"rfilename": "tests/pipelines/stable_diffusion_2/test_stable_diffusion_v_pred.py"}, {"rfilename": "tests/pipelines/stable_diffusion_adapter/__init__.py"}, {"rfilename": "tests/pipelines/stable_diffusion_adapter/test_stable_diffusion_adapter.py"}, {"rfilename": "tests/pipelines/stable_diffusion_gligen/__init__.py"}, {"rfilename": "tests/pipelines/stable_diffusion_gligen/test_stable_diffusion_gligen.py"}, {"rfilename": "tests/pipelines/stable_diffusion_gligen_text_image/__init__.py"}, {"rfilename": "tests/pipelines/stable_diffusion_gligen_text_image/test_stable_diffusion_gligen_text_image.py"}, {"rfilename": "tests/pipelines/stable_diffusion_image_variation/__init__.py"}, {"rfilename": "tests/pipelines/stable_diffusion_image_variation/test_stable_diffusion_image_variation.py"}, {"rfilename": "tests/pipelines/stable_diffusion_k_diffusion/__init__.py"}, {"rfilename": "tests/pipelines/stable_diffusion_k_diffusion/test_stable_diffusion_k_diffusion.py"}, {"rfilename": "tests/pipelines/stable_diffusion_ldm3d/__init__.py"}, {"rfilename": "tests/pipelines/stable_diffusion_ldm3d/test_stable_diffusion_ldm3d.py"}, {"rfilename": "tests/pipelines/stable_diffusion_panorama/__init__.py"}, {"rfilename": "tests/pipelines/stable_diffusion_panorama/test_stable_diffusion_panorama.py"}, {"rfilename": "tests/pipelines/stable_diffusion_safe/__init__.py"}, {"rfilename": "tests/pipelines/stable_diffusion_safe/test_safe_diffusion.py"}, {"rfilename": "tests/pipelines/stable_diffusion_sag/__init__.py"}, {"rfilename": "tests/pipelines/stable_diffusion_sag/test_stable_diffusion_sag.py"}, {"rfilename": "tests/pipelines/stable_diffusion_xl/__init__.py"}, {"rfilename": "tests/pipelines/stable_diffusion_xl/test_stable_diffusion_xl.py"}, {"rfilename": "tests/pipelines/stable_diffusion_xl/test_stable_diffusion_xl_adapter.py"}, {"rfilename": "tests/pipelines/stable_diffusion_xl/test_stable_diffusion_xl_img2img.py"}, {"rfilename": "tests/pipelines/stable_diffusion_xl/test_stable_diffusion_xl_inpaint.py"}, {"rfilename": "tests/pipelines/stable_diffusion_xl/test_stable_diffusion_xl_instruction_pix2pix.py"}, {"rfilename": "tests/pipelines/stable_diffusion_xl/test_stable_diffusion_xl_k_diffusion.py"}, {"rfilename": "tests/pipelines/stable_unclip/__init__.py"}, {"rfilename": "tests/pipelines/stable_unclip/test_stable_unclip.py"}, {"rfilename": "tests/pipelines/stable_unclip/test_stable_unclip_img2img.py"}, {"rfilename": "tests/pipelines/stable_video_diffusion/__init__.py"}, {"rfilename": "tests/pipelines/stable_video_diffusion/test_stable_video_diffusion.py"}, {"rfilename": "tests/pipelines/test_pipeline_utils.py"}, {"rfilename": "tests/pipelines/test_pipelines.py"}, {"rfilename": "tests/pipelines/test_pipelines_auto.py"}, {"rfilename": "tests/pipelines/test_pipelines_combined.py"}, {"rfilename": "tests/pipelines/test_pipelines_common.py"}, {"rfilename": "tests/pipelines/test_pipelines_flax.py"}, {"rfilename": "tests/pipelines/test_pipelines_onnx_common.py"}, {"rfilename": "tests/pipelines/text_to_video_synthesis/__init__.py"}, {"rfilename": "tests/pipelines/text_to_video_synthesis/test_text_to_video.py"}, {"rfilename": "tests/pipelines/text_to_video_synthesis/test_text_to_video_zero.py"}, {"rfilename": "tests/pipelines/text_to_video_synthesis/test_text_to_video_zero_sdxl.py"}, {"rfilename": "tests/pipelines/text_to_video_synthesis/test_video_to_video.py"}, {"rfilename": "tests/pipelines/unclip/__init__.py"}, {"rfilename": "tests/pipelines/unclip/test_unclip.py"}, {"rfilename": "tests/pipelines/unclip/test_unclip_image_variation.py"}, {"rfilename": "tests/pipelines/unidiffuser/__init__.py"}, {"rfilename": "tests/pipelines/unidiffuser/test_unidiffuser.py"}, {"rfilename": "tests/pipelines/wuerstchen/__init__.py"}, {"rfilename": "tests/pipelines/wuerstchen/test_wuerstchen_combined.py"}, {"rfilename": "tests/pipelines/wuerstchen/test_wuerstchen_decoder.py"}, {"rfilename": "tests/pipelines/wuerstchen/test_wuerstchen_prior.py"}, {"rfilename": "tests/schedulers/__init__.py"}, {"rfilename": "tests/schedulers/test_scheduler_consistency_model.py"}, {"rfilename": "tests/schedulers/test_scheduler_ddim.py"}, {"rfilename": "tests/schedulers/test_scheduler_ddim_inverse.py"}, {"rfilename": "tests/schedulers/test_scheduler_ddim_parallel.py"}, {"rfilename": "tests/schedulers/test_scheduler_ddpm.py"}, {"rfilename": "tests/schedulers/test_scheduler_ddpm_parallel.py"}, {"rfilename": "tests/schedulers/test_scheduler_deis.py"}, {"rfilename": "tests/schedulers/test_scheduler_dpm_multi.py"}, {"rfilename": "tests/schedulers/test_scheduler_dpm_multi_inverse.py"}, {"rfilename": "tests/schedulers/test_scheduler_dpm_sde.py"}, {"rfilename": "tests/schedulers/test_scheduler_dpm_single.py"}, {"rfilename": "tests/schedulers/test_scheduler_edm_dpmsolver_multistep.py"}, {"rfilename": "tests/schedulers/test_scheduler_edm_euler.py"}, {"rfilename": "tests/schedulers/test_scheduler_euler.py"}, {"rfilename": "tests/schedulers/test_scheduler_euler_ancestral.py"}, {"rfilename": "tests/schedulers/test_scheduler_flax.py"}, {"rfilename": "tests/schedulers/test_scheduler_heun.py"}, {"rfilename": "tests/schedulers/test_scheduler_ipndm.py"}, {"rfilename": "tests/schedulers/test_scheduler_kdpm2_ancestral.py"}, {"rfilename": "tests/schedulers/test_scheduler_kdpm2_discrete.py"}, {"rfilename": "tests/schedulers/test_scheduler_lcm.py"}, {"rfilename": "tests/schedulers/test_scheduler_lms.py"}, {"rfilename": "tests/schedulers/test_scheduler_pndm.py"}, {"rfilename": "tests/schedulers/test_scheduler_sasolver.py"}, {"rfilename": "tests/schedulers/test_scheduler_score_sde_ve.py"}, {"rfilename": "tests/schedulers/test_scheduler_tcd.py"}, {"rfilename": "tests/schedulers/test_scheduler_unclip.py"}, {"rfilename": "tests/schedulers/test_scheduler_unipc.py"}, {"rfilename": "tests/schedulers/test_scheduler_vq_diffusion.py"}, {"rfilename": "tests/schedulers/test_schedulers.py"}, {"rfilename": "utils/check_config_docstrings.py"}, {"rfilename": "utils/check_copies.py"}, {"rfilename": "utils/check_doc_toc.py"}, {"rfilename": "utils/check_dummies.py"}, {"rfilename": "utils/check_inits.py"}, {"rfilename": "utils/check_repo.py"}, {"rfilename": "utils/check_table.py"}, {"rfilename": "utils/custom_init_isort.py"}, {"rfilename": "utils/fetch_latest_release_branch.py"}, {"rfilename": "utils/fetch_torch_cuda_pipeline_test_matrix.py"}, {"rfilename": "utils/get_modified_files.py"}, {"rfilename": "utils/notify_slack_about_release.py"}, {"rfilename": "utils/overwrite_expected_slice.py"}, {"rfilename": "utils/print_env.py"}, {"rfilename": "utils/release.py"}, {"rfilename": "utils/stale.py"}, {"rfilename": "utils/tests_fetcher.py"}, {"rfilename": "utils/update_metadata.py"}], "spaces": [], "createdAt": "2024-05-06T05:28:23.000Z", "inferenceStatus": "not-loaded"}