{"_id": "64b3c71828fd98e7cc0640b3", "id": "na213/cottage", "modelId": "na213/cottage", "author": "na213", "sha": "1fd996c91070ebfccd05eba225eaa16f99ff2d8f", "lastModified": "2023-07-16T10:33:29.000Z", "private": false, "disabled": false, "gated": false, "tags": ["license:other", "region:us"], "downloads": 0, "likes": 0, "model-index": null, "cardData": {"license": "other"}, "siblings": [{"rfilename": ".gitattributes"}, {"rfilename": "README.md"}, {"rfilename": "cottage.safetensors"}], "spaces": [], "createdAt": "2023-07-16T10:31:52.000Z", "inferenceStatus": "not-loaded"}