{"_id": "64b3d5899826b935a2e7f737", "id": "na213/hs", "modelId": "na213/hs", "author": "na213", "sha": "c0bee48ccb701df167c88a70f03e2bbf81c25654", "lastModified": "2023-07-16T11:38:33.000Z", "private": false, "disabled": false, "gated": false, "tags": ["license:other", "region:us"], "downloads": 0, "likes": 0, "model-index": null, "cardData": {"license": "other"}, "siblings": [{"rfilename": ".gitattributes"}, {"rfilename": "README.md"}, {"rfilename": "haruhisky-000004.safetensors"}], "spaces": [], "createdAt": "2023-07-16T11:33:29.000Z", "inferenceStatus": "not-loaded"}