{"_id": "62e5123f972081fe55797459", "id": "NAACL2022/cogmen", "modelId": "NAACL2022/cogmen", "author": "NAACL2022", "sha": "e6addf1d5f61d4cee2918059be1094f3daf02607", "lastModified": "2022-07-30T11:16:43.000Z", "private": false, "disabled": false, "gated": false, "tags": ["arxiv:2205.02455", "license:cc-by-nc-4.0", "region:us"], "downloads": 0, "likes": 16, "model-index": null, "cardData": {"license": "cc-by-nc-4.0"}, "siblings": [{"rfilename": ".gitattributes"}, {"rfilename": "COGMEN_architecture.png"}, {"rfilename": "README.md"}, {"rfilename": "iemocap_4_best_dev_f1_model_atv.pt"}], "spaces": [], "createdAt": "2022-07-30T11:13:03.000Z", "inferenceStatus": "not-loaded"}