{"_id": "62c9d005814c1fd1fc42366d", "id": "NAACL2022/spider-nq-ctx-encoder", "modelId": "NAACL2022/spider-nq-ctx-encoder", "author": "NAACL2022", "sha": "421284fcf5d863bfe4408d2bd55bbdc263892ae3", "lastModified": "2022-07-09T19:20:32.000Z", "private": false, "disabled": false, "gated": false, "tags": ["transformers", "pytorch", "dpr", "arxiv:2112.07708", "endpoints_compatible", "region:us"], "downloads": 1, "library_name": "transformers", "likes": 4, "config": {"architectures": ["DPRContextEncoder"], "model_type": "dpr", "tokenizer_config": {"unk_token": "[UNK]", "sep_token": "[SEP]", "pad_token": "[PAD]", "cls_token": "[CLS]", "mask_token": "[MASK]"}}, "transformersInfo": {"auto_model": "DPRContextEncoder", "processor": "AutoTokenizer"}, "siblings": [{"rfilename": ".gitattributes"}, {"rfilename": "README.md"}, {"rfilename": "config.json"}, {"rfilename": "pytorch_model.bin"}, {"rfilename": "special_tokens_map.json"}, {"rfilename": "tokenizer.json"}, {"rfilename": "tokenizer_config.json"}, {"rfilename": "vocab.txt"}], "spaces": [], "createdAt": "2022-07-09T18:59:17.000Z", "inferenceStatus": "not-loaded"}