{"_id": "6484a929e31b9c59d09cc039", "id": "naailkhan28/thermo_stabilizer_v2_3", "modelId": "naailkhan28/thermo_stabilizer_v2_3", "author": "naailkhan28", "sha": "491b4dd0977e0be0630a6ac79c04f7a7f90d0077", "lastModified": "2023-06-10T16:49:16.000Z", "private": false, "disabled": false, "gated": false, "pipeline_tag": "text-classification", "tags": ["transformers", "pytorch", "esm", "text-classification", "generated_from_trainer", "autotrain_compatible", "endpoints_compatible", "region:us"], "downloads": 3, "library_name": "transformers", "widgetData": [{"text": "I like you. I love you"}], "likes": 0, "model-index": [{"name": "thermo_stabilizer_v2_3", "results": []}], "config": {"architectures": ["EsmForSequenceClassification"], "model_type": "esm"}, "cardData": {"tags": ["generated_from_trainer"], "model-index": [{"name": "thermo_stabilizer_v2_3", "results": []}]}, "transformersInfo": {"auto_model": "AutoModelForSequenceClassification", "pipeline_tag": "text-classification", "processor": "AutoTokenizer"}, "siblings": [{"rfilename": ".gitattributes"}, {"rfilename": ".gitignore"}, {"rfilename": "README.md"}, {"rfilename": "config.json"}, {"rfilename": "pytorch_model.bin"}, {"rfilename": "training_args.bin"}], "spaces": [], "createdAt": "2023-06-10T16:47:37.000Z", "inferenceStatus": "not-loaded"}