{"_id": "648498dd823d8e55e35ef1aa", "id": "naailkhan28/thermo_stabilizer_v1_1", "modelId": "naailkhan28/thermo_stabilizer_v1_1", "author": "naailkhan28", "sha": "0fb01734327f64446991c7b0140e39c43edaaeb4", "lastModified": "2023-06-10T15:39:39.000Z", "private": false, "disabled": false, "gated": false, "pipeline_tag": "text-classification", "tags": ["transformers", "pytorch", "esm", "text-classification", "generated_from_trainer", "autotrain_compatible", "endpoints_compatible", "region:us"], "downloads": 3, "library_name": "transformers", "widgetData": [{"text": "I like you. I love you"}], "likes": 0, "model-index": [{"name": "thermo_stabilizer_v1_1", "results": []}], "config": {"architectures": ["EsmForSequenceClassification"], "model_type": "esm"}, "cardData": {"tags": ["generated_from_trainer"], "model-index": [{"name": "thermo_stabilizer_v1_1", "results": []}]}, "transformersInfo": {"auto_model": "AutoModelForSequenceClassification", "pipeline_tag": "text-classification", "processor": "AutoTokenizer"}, "siblings": [{"rfilename": ".gitattributes"}, {"rfilename": ".gitignore"}, {"rfilename": "README.md"}, {"rfilename": "config.json"}, {"rfilename": "pytorch_model.bin"}, {"rfilename": "training_args.bin"}], "spaces": [], "createdAt": "2023-06-10T15:38:05.000Z", "inferenceStatus": "not-loaded"}