{"_id": "64849ceddd59b053f90d1789", "id": "naailkhan28/thermo_stabilizer_v1_2", "modelId": "naailkhan28/thermo_stabilizer_v1_2", "author": "naailkhan28", "sha": "2bf28a77b3fd9f046602a354d0bc85d17daa5118", "lastModified": "2023-06-10T15:57:03.000Z", "private": false, "disabled": false, "gated": false, "pipeline_tag": "text-classification", "tags": ["transformers", "pytorch", "esm", "text-classification", "generated_from_trainer", "autotrain_compatible", "endpoints_compatible", "region:us"], "downloads": 3, "library_name": "transformers", "widgetData": [{"text": "I like you. I love you"}], "likes": 0, "model-index": [{"name": "thermo_stabilizer_v1_2", "results": []}], "config": {"architectures": ["EsmForSequenceClassification"], "model_type": "esm"}, "cardData": {"tags": ["generated_from_trainer"], "model-index": [{"name": "thermo_stabilizer_v1_2", "results": []}]}, "transformersInfo": {"auto_model": "AutoModelForSequenceClassification", "pipeline_tag": "text-classification", "processor": "AutoTokenizer"}, "siblings": [{"rfilename": ".gitattributes"}, {"rfilename": ".gitignore"}, {"rfilename": "README.md"}, {"rfilename": "config.json"}, {"rfilename": "pytorch_model.bin"}, {"rfilename": "training_args.bin"}], "spaces": [], "createdAt": "2023-06-10T15:55:25.000Z", "inferenceStatus": "not-loaded"}