{"_id": "622367691dedc9092a5ed105", "id": "naam/xlm-roberta-base-finetuned-panx-de", "modelId": "naam/xlm-roberta-base-finetuned-panx-de", "author": "naam", "sha": "9674c14b9cfbb6f7c0c97de5b204e4994ca8342a", "lastModified": "2022-03-05T13:48:33.000Z", "private": false, "disabled": false, "gated": false, "pipeline_tag": "token-classification", "tags": ["transformers", "pytorch", "tensorboard", "xlm-roberta", "token-classification", "generated_from_trainer", "dataset:xtreme", "license:mit", "model-index", "autotrain_compatible", "endpoints_compatible", "region:us"], "downloads": 13, "library_name": "transformers", "mask_token": "<mask>", "widgetData": [{"text": "My name is Wolfgang and I live in Berlin"}, {"text": "My name is Sarah and I live in London"}, {"text": "My name is Clara and I live in Berkeley, California."}], "likes": 0, "model-index": [{"name": "xlm-roberta-base-finetuned-panx-de", "results": [{"task": {"name": "Token Classification", "type": "token-classification"}, "dataset": {"name": "xtreme", "type": "xtreme", "args": "PAN-X.de"}, "metrics": [{"name": "F1", "type": "f1", "value": 0.8594910162670748, "verified": false}]}]}], "config": {"architectures": ["XLMRobertaForTokenClassification"], "model_type": "xlm-roberta", "tokenizer_config": {"bos_token": "<s>", "eos_token": "</s>", "sep_token": "</s>", "cls_token": "<s>", "unk_token": "<unk>", "pad_token": "<pad>", "mask_token": {"content": "<mask>", "single_word": false, "lstrip": true, "rstrip": false, "normalized": true, "__type": "AddedToken"}}}, "cardData": {"license": "mit", "tags": ["generated_from_trainer"], "datasets": ["xtreme"], "metrics": ["f1"], "model-index": [{"name": "xlm-roberta-base-finetuned-panx-de", "results": [{"task": {"name": "Token Classification", "type": "token-classification"}, "dataset": {"name": "xtreme", "type": "xtreme", "args": "PAN-X.de"}, "metrics": [{"name": "F1", "type": "f1", "value": 0.8594910162670748, "verified": false}]}]}]}, "transformersInfo": {"auto_model": "AutoModelForTokenClassification", "pipeline_tag": "token-classification", "processor": "AutoTokenizer"}, "siblings": [{"rfilename": ".gitattributes"}, {"rfilename": ".gitignore"}, {"rfilename": "README.md"}, {"rfilename": "config.json"}, {"rfilename": "pytorch_model.bin"}, {"rfilename": "runs/Mar05_13-02-41_3ea9d6a02194/1646487412.2239819/events.out.tfevents.1646487412.3ea9d6a02194.33.1"}, {"rfilename": "runs/Mar05_13-02-41_3ea9d6a02194/events.out.tfevents.1646487412.3ea9d6a02194.33.0"}, {"rfilename": "sentencepiece.bpe.model"}, {"rfilename": "special_tokens_map.json"}, {"rfilename": "tokenizer.json"}, {"rfilename": "tokenizer_config.json"}, {"rfilename": "training_args.bin"}], "spaces": [], "createdAt": "2022-03-05T13:36:41.000Z", "inferenceStatus": "not-loaded"}