{"_id": "64d0285a6f107411daaa0433", "id": "naasirfar/distilbert-base-uncased-finetuned-emotion", "modelId": "naasirfar/distilbert-base-uncased-finetuned-emotion", "author": "naasirfar", "sha": "a9e8bf8d9cd3fc76977cdc05b2d2d1e74bdf6eca", "lastModified": "2023-08-06T23:52:39.000Z", "private": false, "disabled": false, "gated": false, "pipeline_tag": "text-classification", "tags": ["transformers", "pytorch", "tensorboard", "distilbert", "text-classification", "generated_from_trainer", "dataset:emotion", "license:apache-2.0", "model-index", "autotrain_compatible", "endpoints_compatible", "region:us"], "downloads": 3, "library_name": "transformers", "mask_token": "[MASK]", "widgetData": [{"text": "I like you. I love you"}], "likes": 0, "model-index": [{"name": "distilbert-base-uncased-finetuned-emotion", "results": [{"task": {"name": "Text Classification", "type": "text-classification"}, "dataset": {"name": "emotion", "type": "emotion", "args": "split"}, "metrics": [{"name": "Accuracy", "type": "accuracy", "value": 0.9295, "verified": false}, {"name": "F1", "type": "f1", "value": 0.9294307352150123, "verified": false}]}]}], "config": {"architectures": ["DistilBertForSequenceClassification"], "model_type": "distilbert", "tokenizer_config": {"unk_token": "[UNK]", "sep_token": "[SEP]", "pad_token": "[PAD]", "cls_token": "[CLS]", "mask_token": "[MASK]"}}, "cardData": {"license": "apache-2.0", "tags": ["generated_from_trainer"], "datasets": ["emotion"], "metrics": ["accuracy", "f1"], "model-index": [{"name": "distilbert-base-uncased-finetuned-emotion", "results": [{"task": {"name": "Text Classification", "type": "text-classification"}, "dataset": {"name": "emotion", "type": "emotion", "args": "split"}, "metrics": [{"name": "Accuracy", "type": "accuracy", "value": 0.9295, "verified": false}, {"name": "F1", "type": "f1", "value": 0.9294307352150123, "verified": false}]}]}]}, "transformersInfo": {"auto_model": "AutoModelForSequenceClassification", "pipeline_tag": "text-classification", "processor": "AutoTokenizer"}, "siblings": [{"rfilename": ".gitattributes"}, {"rfilename": ".gitignore"}, {"rfilename": "README.md"}, {"rfilename": "config.json"}, {"rfilename": "pytorch_model.bin"}, {"rfilename": "runs/Aug06_23-06-41_603aa1edcb2a/1691363429.5131836/events.out.tfevents.1691363429.603aa1edcb2a.600.1"}, {"rfilename": "runs/Aug06_23-06-41_603aa1edcb2a/events.out.tfevents.1691363429.603aa1edcb2a.600.0"}, {"rfilename": "special_tokens_map.json"}, {"rfilename": "tokenizer.json"}, {"rfilename": "tokenizer_config.json"}, {"rfilename": "training_args.bin"}, {"rfilename": "vocab.txt"}], "spaces": [], "createdAt": "2023-08-06T23:10:18.000Z", "inferenceStatus": "not-loaded"}