{"_id": "659d1627ce79ded6bd4a7aa4", "id": "Naati101/tb", "modelId": "Naati101/tb", "author": "Naati101", "sha": "3374acee1eb285c0bad635e8264adf5a953c6723", "lastModified": "2024-01-09T09:47:58.000Z", "private": false, "disabled": false, "gated": false, "pipeline_tag": "image-classification", "tags": ["keras", "tf-keras", "image-classification", "medical", "region:us"], "downloads": 5, "library_name": "keras", "likes": 0, "model-index": null, "cardData": {"library_name": "keras", "tags": ["image-classification", "medical"]}, "siblings": [{"rfilename": ".gitattributes"}, {"rfilename": "README.md"}, {"rfilename": "fingerprint.pb"}, {"rfilename": "keras_metadata.pb"}, {"rfilename": "model.png"}, {"rfilename": "saved_model.pb"}, {"rfilename": "variables/variables.data-00000-of-00001"}, {"rfilename": "variables/variables.index"}], "spaces": [], "createdAt": "2024-01-09T09:47:19.000Z", "inferenceStatus": "not-loaded"}