{"_id": "659d5f2ebf24f57e93e70c9e", "id": "Naati101/modeltb", "modelId": "Naati101/modeltb", "author": "Naati101", "sha": "e2786cb6b2a460096724579b30d75d3480236b33", "lastModified": "2024-01-09T15:11:29.000Z", "private": false, "disabled": false, "gated": false, "pipeline_tag": "image-classification", "tags": ["keras", "tf-keras", "image-classification", "region:us"], "downloads": 8, "library_name": "keras", "likes": 0, "model-index": null, "config": {}, "cardData": {"library_name": "keras", "pipeline_tag": "image-classification"}, "siblings": [{"rfilename": ".gitattributes"}, {"rfilename": "README.md"}, {"rfilename": "config.json"}, {"rfilename": "fingerprint.pb"}, {"rfilename": "history.json"}, {"rfilename": "keras_metadata.pb"}, {"rfilename": "model.png"}, {"rfilename": "saved_model.pb"}, {"rfilename": "variables/variables.data-00000-of-00001"}, {"rfilename": "variables/variables.index"}], "spaces": ["Naati101/tuberculosis"], "createdAt": "2024-01-09T14:58:54.000Z", "inferenceStatus": "not-loaded"}