{"_id": "659c0b377a555271f49b9c6f", "id": "Naati101/bioscan_tb", "modelId": "Naati101/bioscan_tb", "author": "Naati101", "sha": "42ea810f5c1857138db7c71fb27935cb72b304d0", "lastModified": "2024-01-09T12:12:36.000Z", "private": false, "disabled": false, "gated": false, "pipeline_tag": "image-classification", "tags": ["keras", "tf-keras", "image-classification", "medical", "region:us"], "downloads": 8, "library_name": "keras", "likes": 1, "model-index": null, "config": {}, "cardData": {"library_name": "keras", "tags": ["image-classification", "medical"]}, "siblings": [{"rfilename": ".gitattributes"}, {"rfilename": "README.md"}, {"rfilename": "bioscan_tb.h5"}, {"rfilename": "config.json"}, {"rfilename": "fingerprint.pb"}, {"rfilename": "keras_metadata.pb"}, {"rfilename": "model.png"}, {"rfilename": "saved_model.pb"}, {"rfilename": "variables/variables.data-00000-of-00001"}, {"rfilename": "variables/variables.index"}], "spaces": [], "createdAt": "2024-01-08T14:48:23.000Z", "inferenceStatus": "not-loaded"}