{"_id": "652ee832aeb9826ab9d3e223", "id": "NAB1108/StockNewsClassifier", "modelId": "NAB1108/StockNewsClassifier", "author": "NAB1108", "sha": "6e07365bc162b01b26c114e2c08b42b3e09b2962", "lastModified": "2023-10-18T00:23:12.000Z", "private": false, "disabled": false, "gated": false, "pipeline_tag": "text-classification", "tags": ["sentence-transformers", "pytorch", "mpnet", "setfit", "text-classification", "arxiv:2209.11055", "license:apache-2.0", "region:us"], "downloads": 2, "library_name": "sentence-transformers", "widgetData": [{"text": "I like you. I love you"}], "likes": 0, "model-index": null, "config": {"architectures": ["MPNetModel"], "model_type": "mpnet", "tokenizer_config": {"bos_token": "<s>", "cls_token": "<s>", "eos_token": "</s>", "mask_token": "<mask>", "pad_token": "<pad>", "sep_token": "</s>", "unk_token": "[UNK]"}}, "cardData": {"license": "apache-2.0", "tags": ["setfit", "sentence-transformers", "text-classification"], "pipeline_tag": "text-classification"}, "siblings": [{"rfilename": ".gitattributes"}, {"rfilename": "1_Pooling/config.json"}, {"rfilename": "README.md"}, {"rfilename": "added_tokens.json"}, {"rfilename": "config.json"}, {"rfilename": "config_sentence_transformers.json"}, {"rfilename": "model_head.pkl"}, {"rfilename": "modules.json"}, {"rfilename": "pytorch_model.bin"}, {"rfilename": "sentence_bert_config.json"}, {"rfilename": "special_tokens_map.json"}, {"rfilename": "tokenizer.json"}, {"rfilename": "tokenizer_config.json"}, {"rfilename": "vocab.txt"}], "spaces": [], "createdAt": "2023-10-17T20:01:54.000Z", "inferenceStatus": "not-loaded"}