{"_id": "657c19dfe5e3a1934a3a3ec7", "id": "Nabarajsub/nepali_image_captioning", "modelId": "Nabarajsub/nepali_image_captioning", "author": "Nabarajsub", "sha": "39a50d6adf899d9247a79feab1b8917b634a26f0", "lastModified": "2023-12-15T09:25:59.000Z", "private": false, "disabled": false, "gated": false, "tags": ["license:mit", "region:us"], "downloads": 0, "likes": 0, "model-index": null, "cardData": {"license": "mit"}, "siblings": [{"rfilename": ".gitattributes"}, {"rfilename": "README.md"}, {"rfilename": "cultural-captioning.ipynb"}, {"rfilename": "cultural_caption_checkpoint_100.h5"}], "spaces": [], "createdAt": "2023-12-15T09:18:23.000Z", "inferenceStatus": "not-loaded"}