{"_id": "65b8d9818a26b4e3d1728fd6", "id": "Nabarajsub/finetuning", "modelId": "Nabarajsub/finetuning", "author": "Nabarajsub", "sha": "06988be67b6d755b1a6a1fc97b88ea18809f4b6f", "lastModified": "2024-01-30T11:12:03.000Z", "private": false, "disabled": false, "gated": false, "tags": ["license:apache-2.0", "region:us"], "downloads": 0, "likes": 0, "model-index": null, "cardData": {"license": "apache-2.0"}, "siblings": [{"rfilename": ".gitattributes"}, {"rfilename": "README.md"}], "spaces": [], "createdAt": "2024-01-30T11:12:01.000Z", "inferenceStatus": "not-loaded"}