{"_id": "668ab1bd7d3f73951e036ae7", "id": "Nabeelbhat/sd-class-butterflies-32", "modelId": "Nabeelbhat/sd-class-butterflies-32", "author": "Nabeelbhat", "sha": "2f3706c0733b5741a48d052ab4642e03ab76f98f", "lastModified": "2024-07-07T15:19:02.000Z", "private": false, "disabled": false, "gated": false, "pipeline_tag": "unconditional-image-generation", "tags": ["diffusers", "safetensors", "pytorch", "unconditional-image-generation", "diffusion-models-class", "license:mit", "diffusers:DDPMPipeline", "region:us"], "downloads": 12, "library_name": "diffusers", "likes": 0, "model-index": null, "config": {"diffusers": {"_class_name": "DDPMPipeline"}}, "cardData": {"license": "mit", "tags": ["pytorch", "diffusers", "unconditional-image-generation", "diffusion-models-class"]}, "siblings": [{"rfilename": ".gitattributes"}, {"rfilename": "README.md"}, {"rfilename": "config.json"}, {"rfilename": "diffusion_pytorch_model.safetensors"}, {"rfilename": "model_index.json"}, {"rfilename": "scheduler_config.json"}], "spaces": [], "createdAt": "2024-07-07T15:18:21.000Z", "inferenceStatus": "not-loaded"}