{"_id": "665039ce5c0a304ee1809b07", "id": "nabeel03/resnet18-random", "modelId": "nabeel03/resnet18-random", "author": "nabeel03", "sha": "26cb257103427cbf2603cb530458355997a1b096", "lastModified": "2024-05-24T07:03:05.000Z", "private": false, "disabled": false, "gated": false, "pipeline_tag": "image-classification", "tags": ["timm", "pytorch", "image-classification", "license:apache-2.0", "region:us"], "downloads": 27, "library_name": "timm", "likes": 0, "model-index": null, "config": {}, "cardData": {"tags": ["image-classification", "timm"], "library_name": "timm", "license": "apache-2.0"}, "siblings": [{"rfilename": ".gitattributes"}, {"rfilename": "README.md"}, {"rfilename": "config.json"}, {"rfilename": "pytorch_model.bin"}], "spaces": [], "createdAt": "2024-05-24T06:55:10.000Z", "inferenceStatus": "not-loaded"}