{"_id": "65217f71df23774e3bf09c07", "id": "nabeelcmusthafa1/apache-2.0", "modelId": "nabeelcmusthafa1/apache-2.0", "author": "nabeelcmusthafa1", "sha": "6ff0d0274558b9367ce62724b07ef10ec6bd8aff", "lastModified": "2023-10-07T15:55:29.000Z", "private": false, "disabled": false, "gated": false, "tags": ["license:artistic-2.0", "region:us"], "downloads": 0, "likes": 0, "model-index": null, "cardData": {"license": "artistic-2.0"}, "siblings": [{"rfilename": ".gitattributes"}, {"rfilename": "README.md"}], "spaces": [], "createdAt": "2023-10-07T15:55:29.000Z", "inferenceStatus": "not-loaded"}