{"_id": "657d6d187295872e012d1c7d", "id": "NabeelShar/essay_dec", "modelId": "NabeelShar/essay_dec", "author": "NabeelShar", "sha": "5eb10a0c1bd6224855a39eb9ac029233ad6f6281", "lastModified": "2023-12-16T11:08:27.000Z", "private": false, "disabled": false, "gated": false, "pipeline_tag": "text-generation", "tags": ["safetensors", "autotrain", "text-generation", "license:other", "region:us"], "downloads": 0, "widgetData": [{"text": "I love AutoTrain because "}], "likes": 0, "model-index": null, "config": {"tokenizer_config": {"bos_token": "<s>", "eos_token": "</s>", "pad_token": "<unk>", "unk_token": "<unk>", "use_default_system_prompt": false}}, "cardData": {"tags": ["autotrain", "text-generation"], "widget": [{"text": "I love AutoTrain because "}], "license": "other"}, "siblings": [{"rfilename": ".gitattributes"}, {"rfilename": "README.md"}, {"rfilename": "adapter_config.json"}, {"rfilename": "adapter_model.safetensors"}, {"rfilename": "added_tokens.json"}, {"rfilename": "checkpoint-250/README.md"}, {"rfilename": "checkpoint-250/adapter_config.json"}, {"rfilename": "checkpoint-250/adapter_model.safetensors"}, {"rfilename": "checkpoint-250/added_tokens.json"}, {"rfilename": "checkpoint-250/optimizer.pt"}, {"rfilename": "checkpoint-250/pytorch_model.bin"}, {"rfilename": "checkpoint-250/rng_state.pth"}, {"rfilename": "checkpoint-250/scheduler.pt"}, {"rfilename": "checkpoint-250/special_tokens_map.json"}, {"rfilename": "checkpoint-250/tokenizer.json"}, {"rfilename": "checkpoint-250/tokenizer.model"}, {"rfilename": "checkpoint-250/tokenizer_config.json"}, {"rfilename": "checkpoint-250/trainer_state.json"}, {"rfilename": "checkpoint-250/training_args.bin"}, {"rfilename": "special_tokens_map.json"}, {"rfilename": "tokenizer.json"}, {"rfilename": "tokenizer.model"}, {"rfilename": "tokenizer_config.json"}, {"rfilename": "training_args.bin"}, {"rfilename": "training_params.json"}], "spaces": [], "createdAt": "2023-12-16T09:25:44.000Z", "inferenceStatus": "not-loaded"}