{"_id": "65cdf52b3840fbae1ed45141", "id": "nabilayumnan/emotion_classification", "modelId": "nabilayumnan/emotion_classification", "author": "nabilayumnan", "sha": "b6e319e5078f2af0828fdaeaaac48cacfd80e5a7", "lastModified": "2024-02-15T12:03:53.000Z", "private": false, "disabled": false, "gated": false, "pipeline_tag": "image-classification", "tags": ["transformers", "tensorboard", "safetensors", "vit", "image-classification", "generated_from_trainer", "dataset:imagefolder", "base_model:google/vit-base-patch16-224-in21k", "license:apache-2.0", "model-index", "autotrain_compatible", "endpoints_compatible", "region:us"], "downloads": 0, "library_name": "transformers", "likes": 0, "model-index": [{"name": "emotion_classification", "results": [{"task": {"name": "Image Classification", "type": "image-classification"}, "dataset": {"name": "imagefolder", "type": "imagefolder", "config": "default", "split": "train[:800]", "args": "default"}, "metrics": [{"name": "Accuracy", "type": "accuracy", "value": 0.5, "verified": false}]}]}], "config": {"architectures": ["ViTForImageClassification"], "model_type": "vit"}, "cardData": {"license": "apache-2.0", "base_model": "google/vit-base-patch16-224-in21k", "tags": ["generated_from_trainer"], "datasets": ["imagefolder"], "metrics": ["accuracy"], "model-index": [{"name": "emotion_classification", "results": [{"task": {"name": "Image Classification", "type": "image-classification"}, "dataset": {"name": "imagefolder", "type": "imagefolder", "config": "default", "split": "train[:800]", "args": "default"}, "metrics": [{"name": "Accuracy", "type": "accuracy", "value": 0.5, "verified": false}]}]}]}, "transformersInfo": {"auto_model": "AutoModelForImageClassification", "pipeline_tag": "image-classification", "processor": "AutoImageProcessor"}, "siblings": [{"rfilename": ".gitattributes"}, {"rfilename": "README.md"}, {"rfilename": "config.json"}, {"rfilename": "model.safetensors"}, {"rfilename": "preprocessor_config.json"}, {"rfilename": "runs/Feb15_11-27-34_15be2b9ac985/events.out.tfevents.1707996464.15be2b9ac985.551.4"}, {"rfilename": "runs/Feb15_11-50-50_43977e6d37a6/events.out.tfevents.1707997865.43977e6d37a6.1522.0"}, {"rfilename": "runs/Feb15_11-56-48_43977e6d37a6/events.out.tfevents.1707998216.43977e6d37a6.1522.1"}, {"rfilename": "runs/Feb15_11-56-48_43977e6d37a6/events.out.tfevents.1707998621.43977e6d37a6.1522.2"}, {"rfilename": "training_args.bin"}], "spaces": [], "createdAt": "2024-02-15T11:27:39.000Z", "safetensors": {"parameters": {"F32": 85804808}, "total": 85804808}, "inferenceStatus": "not-loaded"}