{"_id": "6621c21b554c2c5025b48d84", "id": "Nabin1995/asian_hd_99", "modelId": "Nabin1995/asian_hd_99", "author": "Nabin1995", "sha": "314cda057de986c236b61ab4f96ffe7bdb1a7525", "lastModified": "2024-04-19T10:24:34.000Z", "private": false, "disabled": false, "gated": false, "tags": ["transformers", "safetensors", "vision-encoder-decoder", "arxiv:1910.09700", "endpoints_compatible", "region:us"], "downloads": 2, "library_name": "transformers", "likes": 0, "model-index": null, "config": {"architectures": ["VisionEncoderDecoderModel"], "model_type": "vision-encoder-decoder", "tokenizer_config": {"bos_token": "<s>", "cls_token": "<s>", "eos_token": "</s>", "mask_token": "<mask>", "pad_token": "<pad>", "sep_token": "</s>", "unk_token": "<unk>"}}, "cardData": {"library_name": "transformers", "tags": []}, "transformersInfo": {"auto_model": "AutoModel", "processor": "AutoTokenizer"}, "siblings": [{"rfilename": ".gitattributes"}, {"rfilename": "README.md"}, {"rfilename": "added_tokens.json"}, {"rfilename": "config.json"}, {"rfilename": "generation_config.json"}, {"rfilename": "model.safetensors"}, {"rfilename": "preprocessor_config.json"}, {"rfilename": "sentencepiece.bpe.model"}, {"rfilename": "special_tokens_map.json"}, {"rfilename": "tokenizer.json"}, {"rfilename": "tokenizer_config.json"}], "spaces": [], "createdAt": "2024-04-19T01:00:11.000Z", "safetensors": {"parameters": {"I64": 200000, "F32": 201901176}, "total": 202101176}, "inferenceStatus": "not-loaded"}