{"_id": "628cdc3930d48c565bae5a7d", "id": "NabilOulbaz/bertweet_retrained_semEval2019", "modelId": "NabilOulbaz/bertweet_retrained_semEval2019", "author": "NabilOulbaz", "sha": "f7822d0a52beb47dd71eb0fa430c8797778b8769", "lastModified": "2022-05-24T13:31:09.000Z", "private": false, "disabled": false, "gated": false, "pipeline_tag": "fill-mask", "tags": ["transformers", "pytorch", "roberta", "fill-mask", "autotrain_compatible", "endpoints_compatible", "region:us"], "downloads": 1, "library_name": "transformers", "mask_token": "<mask>", "widgetData": [{"text": "Paris is the <mask> of France."}, {"text": "The goal of life is <mask>."}], "likes": 0, "config": {"architectures": ["RobertaForMaskedLM"], "model_type": "roberta"}, "transformersInfo": {"auto_model": "AutoModelForMaskedLM", "pipeline_tag": "fill-mask", "processor": "AutoTokenizer"}, "siblings": [{"rfilename": ".gitattributes"}, {"rfilename": "bpe.codes"}, {"rfilename": "config.json"}, {"rfilename": "pytorch_model.bin"}, {"rfilename": "tokenizer.json"}, {"rfilename": "training_args.bin"}, {"rfilename": "vocab.txt"}], "spaces": [], "createdAt": "2022-05-24T13:23:05.000Z", "inferenceStatus": "not-loaded"}