{"_id": "6300ef80c1e149ceaff92254", "id": "Nabila/nab", "modelId": "Nabila/nab", "author": "Nabila", "sha": "f966f3cec55928fc36f764b4c919ad64a649c5aa", "lastModified": "2022-08-20T14:28:18.000Z", "private": false, "disabled": false, "gated": false, "tags": ["license:apache-2.0", "region:us"], "downloads": 0, "likes": 0, "model-index": null, "cardData": {"license": "apache-2.0"}, "siblings": [{"rfilename": ".gitattributes"}, {"rfilename": "README.md"}], "spaces": [], "createdAt": "2022-08-20T14:28:16.000Z", "inferenceStatus": "not-loaded"}