{"_id": "661f2c86c77e497b8811a2e4", "id": "Nabin1995/geepos_invoice_237", "modelId": "Nabin1995/geepos_invoice_237", "author": "Nabin1995", "sha": "160b4cf7a48e54789cdc8a59231bb3fb7823d060", "lastModified": "2024-04-17T13:36:20.000Z", "private": false, "disabled": false, "gated": false, "tags": ["transformers", "safetensors", "vision-encoder-decoder", "arxiv:1910.09700", "endpoints_compatible", "region:us"], "downloads": 1, "library_name": "transformers", "likes": 0, "model-index": null, "config": {"architectures": ["VisionEncoderDecoderModel"], "model_type": "vision-encoder-decoder", "tokenizer_config": {"bos_token": "<s>", "cls_token": "<s>", "eos_token": "</s>", "mask_token": "<mask>", "pad_token": "<pad>", "sep_token": "</s>", "unk_token": "<unk>"}}, "cardData": {"library_name": "transformers", "tags": []}, "transformersInfo": {"auto_model": "AutoModel", "processor": "AutoTokenizer"}, "siblings": [{"rfilename": ".gitattributes"}, {"rfilename": "README.md"}, {"rfilename": "added_tokens.json"}, {"rfilename": "config.json"}, {"rfilename": "generation_config.json"}, {"rfilename": "model.safetensors"}, {"rfilename": "preprocessor_config.json"}, {"rfilename": "sentencepiece.bpe.model"}, {"rfilename": "special_tokens_map.json"}, {"rfilename": "tokenizer.json"}, {"rfilename": "tokenizer_config.json"}], "spaces": [], "createdAt": "2024-04-17T01:57:26.000Z", "safetensors": {"parameters": {"I64": 200000, "F32": 201911416}, "total": 202111416}, "inferenceStatus": "not-loaded"}