{"_id": "661a3e546a2892cc27ce57a2", "id": "Nabin1995/invoice_asian_99_new", "modelId": "Nabin1995/invoice_asian_99_new", "author": "Nabin1995", "sha": "361e605a4cbf801e20628dce02fde39b14a08fce", "lastModified": "2024-04-16T06:46:01.000Z", "private": false, "disabled": false, "gated": false, "tags": ["transformers", "safetensors", "vision-encoder-decoder", "arxiv:1910.09700", "endpoints_compatible", "region:us"], "downloads": 2, "library_name": "transformers", "likes": 0, "model-index": null, "config": {"architectures": ["VisionEncoderDecoderModel"], "model_type": "vision-encoder-decoder", "tokenizer_config": {"bos_token": "<s>", "cls_token": "<s>", "eos_token": "</s>", "mask_token": "<mask>", "pad_token": "<pad>", "sep_token": "</s>", "unk_token": "<unk>"}}, "cardData": {"library_name": "transformers", "tags": []}, "transformersInfo": {"auto_model": "AutoModel", "processor": "AutoTokenizer"}, "siblings": [{"rfilename": ".gitattributes"}, {"rfilename": "README.md"}, {"rfilename": "added_tokens.json"}, {"rfilename": "config.json"}, {"rfilename": "generation_config.json"}, {"rfilename": "model.safetensors"}, {"rfilename": "preprocessor_config.json"}, {"rfilename": "sentencepiece.bpe.model"}, {"rfilename": "special_tokens_map.json"}, {"rfilename": "tokenizer.json"}, {"rfilename": "tokenizer_config.json"}], "spaces": [], "createdAt": "2024-04-13T08:12:04.000Z", "safetensors": {"parameters": {"I64": 200000, "F32": 201901176}, "total": 202101176}, "inferenceStatus": "not-loaded"}