{"_id": "64261bd237a416bff53f034b", "id": "nabilahannania/lora-bahasa", "modelId": "nabilahannania/lora-bahasa", "author": "nabilahannania", "sha": "db2440d0ec7637045cdd2ff60631d4475b84348a", "lastModified": "2023-03-30T23:34:09.000Z", "private": false, "disabled": false, "gated": false, "tags": ["region:us"], "downloads": 0, "likes": 0, "siblings": [{"rfilename": ".gitattributes"}, {"rfilename": "adapter_config.json"}, {"rfilename": "adapter_model.bin"}], "spaces": [], "createdAt": "2023-03-30T23:31:30.000Z", "inferenceStatus": "not-loaded"}