{"_id": "644f8b85d5f7dafcfa5ab4e4", "id": "Nachi-hai/models", "modelId": "Nachi-hai/models", "author": "Nachi-hai", "sha": "913eea7efc23b61e9d02f57df6ef762832015520", "lastModified": "2023-05-01T10:23:59.000Z", "private": false, "disabled": false, "gated": false, "tags": ["region:us"], "downloads": 0, "likes": 0, "siblings": [{"rfilename": ".gitattributes"}, {"rfilename": "kl-f8-anime2.ckpt"}, {"rfilename": "storeBoughtGyozaMix_v3.safetensors"}], "spaces": [], "createdAt": "2023-05-01T09:51:01.000Z", "inferenceStatus": "not-loaded"}