{"_id": "6567bb7492d9319907381c6e", "id": "Nachuwu/wav2vec2-fleur-mms-batch6-epoch16-finetunning-2", "modelId": "Nachuwu/wav2vec2-fleur-mms-batch6-epoch16-finetunning-2", "author": "Nachuwu", "sha": "1ebe6dc65c474dbd6647e7f3ec3b2307a6139ba1", "lastModified": "2023-11-30T01:11:08.000Z", "private": false, "disabled": false, "gated": false, "pipeline_tag": "automatic-speech-recognition", "tags": ["transformers", "tensorboard", "safetensors", "wav2vec2", "automatic-speech-recognition", "generated_from_trainer", "dataset:audiofolder", "base_model:Nachuwu/wav2vec2-fleur-mms-batch6-epoch16-finetunning", "license:cc-by-nc-4.0", "model-index", "endpoints_compatible", "region:us"], "downloads": 0, "library_name": "transformers", "likes": 0, "model-index": [{"name": "wav2vec2-fleur-mms-batch6-epoch16-finetunning-2", "results": [{"task": {"name": "Automatic Speech Recognition", "type": "automatic-speech-recognition"}, "dataset": {"name": "audiofolder", "type": "audiofolder", "config": "default", "split": "test", "args": "default"}, "metrics": [{"name": "Wer", "type": "wer", "value": 0.5148173673328739, "verified": false}]}]}], "config": {"architectures": ["Wav2Vec2ForCTC"], "model_type": "wav2vec2", "tokenizer_config": {"bos_token": "<s>", "eos_token": "</s>", "pad_token": "[PAD]", "unk_token": "[UNK]"}}, "cardData": {"license": "cc-by-nc-4.0", "base_model": "Nachuwu/wav2vec2-fleur-mms-batch6-epoch16-finetunning", "tags": ["generated_from_trainer"], "datasets": ["audiofolder"], "metrics": ["wer"], "model-index": [{"name": "wav2vec2-fleur-mms-batch6-epoch16-finetunning-2", "results": [{"task": {"name": "Automatic Speech Recognition", "type": "automatic-speech-recognition"}, "dataset": {"name": "audiofolder", "type": "audiofolder", "config": "default", "split": "test", "args": "default"}, "metrics": [{"name": "Wer", "type": "wer", "value": 0.5148173673328739, "verified": false}]}]}]}, "transformersInfo": {"auto_model": "AutoModelForCTC", "pipeline_tag": "automatic-speech-recognition", "processor": "AutoProcessor"}, "siblings": [{"rfilename": ".gitattributes"}, {"rfilename": "README.md"}, {"rfilename": "adapter.spa.safetensors"}, {"rfilename": "added_tokens.json"}, {"rfilename": "config.json"}, {"rfilename": "model.safetensors"}, {"rfilename": "preprocessor_config.json"}, {"rfilename": "runs/Nov29_22-35-01_e03587e4926e/events.out.tfevents.1701297378.e03587e4926e.149.0"}, {"rfilename": "special_tokens_map.json"}, {"rfilename": "tokenizer_config.json"}, {"rfilename": "training_args.bin"}, {"rfilename": "vocab.json"}], "spaces": [], "createdAt": "2023-11-29T22:30:12.000Z", "safetensors": {"parameters": {"F32": 964722874}, "total": 964722874}, "inferenceStatus": "not-loaded"}