{"_id": "65444d111fbb9024029592ca", "id": "Nacholmo/ignore-RVC-models", "modelId": "Nacholmo/ignore-RVC-models", "author": "Nacholmo", "sha": "fddb7ca4f4e4a83eb857858e095d59f7a34f3e30", "lastModified": "2023-11-04T05:02:10.000Z", "private": false, "disabled": false, "gated": false, "tags": ["region:us"], "downloads": 0, "likes": 0, "siblings": [{"rfilename": ".gitattributes"}, {"rfilename": "model-hkr.zip"}, {"rfilename": "model-mth.zip"}, {"rfilename": "model-mth650e.zip"}], "spaces": [], "createdAt": "2023-11-03T01:29:53.000Z", "inferenceStatus": "not-loaded"}