{"_id": "6563f49384a9fbe32217853b", "id": "Nachuwu/wav2vec2-fleur-mms-batch6-epoch16-finetunning", "modelId": "Nachuwu/wav2vec2-fleur-mms-batch6-epoch16-finetunning", "author": "Nachuwu", "sha": "a22e5f327a60ab78738e5e4eed99398db85eb7b2", "lastModified": "2023-11-27T14:58:30.000Z", "private": false, "disabled": false, "gated": false, "pipeline_tag": "automatic-speech-recognition", "tags": ["transformers", "tensorboard", "safetensors", "wav2vec2", "automatic-speech-recognition", "generated_from_trainer", "dataset:audiofolder", "base_model:Nachuwu/wav2vec2-fleur-mms-batch6-epoch16", "license:cc-by-nc-4.0", "model-index", "endpoints_compatible", "region:us"], "downloads": 1, "library_name": "transformers", "likes": 0, "model-index": [{"name": "wav2vec2-fleur-mms-batch6-epoch16-finetunning", "results": [{"task": {"name": "Automatic Speech Recognition", "type": "automatic-speech-recognition"}, "dataset": {"name": "audiofolder", "type": "audiofolder", "config": "default", "split": "test", "args": "default"}, "metrics": [{"name": "Wer", "type": "wer", "value": 0.5251550654720882, "verified": false}]}]}], "config": {"architectures": ["Wav2Vec2ForCTC"], "model_type": "wav2vec2", "tokenizer_config": {"bos_token": "<s>", "eos_token": "</s>", "pad_token": "[PAD]", "unk_token": "[UNK]"}}, "cardData": {"license": "cc-by-nc-4.0", "base_model": "Nachuwu/wav2vec2-fleur-mms-batch6-epoch16", "tags": ["generated_from_trainer"], "datasets": ["audiofolder"], "metrics": ["wer"], "model-index": [{"name": "wav2vec2-fleur-mms-batch6-epoch16-finetunning", "results": [{"task": {"name": "Automatic Speech Recognition", "type": "automatic-speech-recognition"}, "dataset": {"name": "audiofolder", "type": "audiofolder", "config": "default", "split": "test", "args": "default"}, "metrics": [{"name": "Wer", "type": "wer", "value": 0.5251550654720882, "verified": false}]}]}]}, "transformersInfo": {"auto_model": "AutoModelForCTC", "pipeline_tag": "automatic-speech-recognition", "processor": "AutoProcessor"}, "siblings": [{"rfilename": ".gitattributes"}, {"rfilename": "README.md"}, {"rfilename": "adapter.spa.safetensors"}, {"rfilename": "added_tokens.json"}, {"rfilename": "config.json"}, {"rfilename": "model.safetensors"}, {"rfilename": "preprocessor_config.json"}, {"rfilename": "runs/Nov27_01-52-56_d02553c390a9/events.out.tfevents.1701050072.d02553c390a9.459.0"}, {"rfilename": "runs/Nov27_11-48-16_4dd1cc0d9e7a/events.out.tfevents.1701085776.4dd1cc0d9e7a.965.0"}, {"rfilename": "special_tokens_map.json"}, {"rfilename": "tokenizer_config.json"}, {"rfilename": "training_args.bin"}, {"rfilename": "vocab.json"}], "spaces": [], "createdAt": "2023-11-27T01:44:51.000Z", "safetensors": {"parameters": {"F32": 964722874}, "total": 964722874}, "inferenceStatus": "not-loaded"}