{"_id": "64058d7c9abef9e39346a34c", "id": "nacharya114/my_awesome_asr_mind_model", "modelId": "nacharya114/my_awesome_asr_mind_model", "author": "nacharya114", "sha": "4bb58126989009446f1017f59c3e3eff30b0661e", "lastModified": "2023-03-06T08:06:40.000Z", "private": false, "disabled": false, "gated": false, "pipeline_tag": "automatic-speech-recognition", "tags": ["transformers", "pytorch", "wav2vec2", "automatic-speech-recognition", "endpoints_compatible", "region:us"], "downloads": 1, "library_name": "transformers", "likes": 0, "config": {"architectures": ["Wav2Vec2ForCTC"], "model_type": "wav2vec2"}, "transformersInfo": {"auto_model": "AutoModelForCTC", "pipeline_tag": "automatic-speech-recognition", "processor": "AutoProcessor"}, "siblings": [{"rfilename": ".gitattributes"}, {"rfilename": ".gitignore"}, {"rfilename": "config.json"}, {"rfilename": "preprocessor_config.json"}, {"rfilename": "pytorch_model.bin"}, {"rfilename": "training_args.bin"}], "spaces": [], "createdAt": "2023-03-06T06:51:40.000Z", "inferenceStatus": "not-loaded"}