{"_id": "6675dc5532dff6fb97d7cce2", "id": "nachors/llama-finetune", "modelId": "nachors/llama-finetune", "author": "nachors", "sha": "967b8ea78560754810f1553f729a035b03ec4e40", "lastModified": "2024-06-22T04:23:17.000Z", "private": false, "disabled": false, "gated": false, "tags": ["transformers", "safetensors", "unsloth", "arxiv:1910.09700", "endpoints_compatible", "region:us"], "downloads": 0, "library_name": "transformers", "likes": 0, "model-index": null, "config": {"tokenizer_config": {"bos_token": "<|begin_of_text|>", "eos_token": "<|end_of_text|>", "pad_token": "<|reserved_special_token_250|>"}}, "cardData": {"library_name": "transformers", "tags": ["unsloth"]}, "transformersInfo": {"auto_model": "AutoModel"}, "siblings": [{"rfilename": ".gitattributes"}, {"rfilename": "README.md"}, {"rfilename": "adapter_config.json"}, {"rfilename": "adapter_model.safetensors"}, {"rfilename": "special_tokens_map.json"}, {"rfilename": "tokenizer.json"}, {"rfilename": "tokenizer_config.json"}], "spaces": [], "createdAt": "2024-06-21T20:02:29.000Z", "inferenceStatus": "not-loaded"}