{"_id": "6507785f338e4879e4604802", "id": "Nacholmo/controlnet-qr-pattern-sdxl", "modelId": "Nacholmo/controlnet-qr-pattern-sdxl", "author": "Nacholmo", "sha": "a9ebde76ce98ae9d9aec433f4aeede7c4ceed50f", "lastModified": "2023-11-09T19:05:41.000Z", "private": false, "disabled": false, "gated": false, "tags": ["diffusers", "safetensors", "controlnet", "stable-diffusion-xl", "stable-diffusion-xl-diffusers", "license:creativeml-openrail-m", "region:us"], "downloads": 83, "library_name": "diffusers", "likes": 44, "model-index": null, "config": {}, "cardData": {"license": "creativeml-openrail-m", "tags": ["controlnet", "stable-diffusion-xl", "stable-diffusion-xl-diffusers"]}, "siblings": [{"rfilename": ".gitattributes"}, {"rfilename": "README.md"}, {"rfilename": "automatic1111/control_v01u_sdxl_opticalpattern.safetensors"}, {"rfilename": "automatic1111/control_v01u_sdxl_qrpattern.safetensors"}, {"rfilename": "automatic1111/control_v02u_sdxl_opticalpattern.safetensors"}, {"rfilename": "automatic1111/control_v02u_sdxl_qrpattern.safetensors"}, {"rfilename": "automatic1111/control_v04u_sdxl_opticalpattern-half.safetensors"}, {"rfilename": "automatic1111/control_v04u_sdxl_opticalpattern.safetensors"}, {"rfilename": "automatic1111/control_v10e_sdxl_opticalpattern.safetensors"}, {"rfilename": "checkpoint-13000.zip"}, {"rfilename": "config.json"}, {"rfilename": "diffusers/README.md"}, {"rfilename": "diffusers/controlnet/config.json"}, {"rfilename": "diffusers/controlnet/diffusion_pytorch_model.safetensors"}, {"rfilename": "diffusers/optimizer.bin"}, {"rfilename": "diffusers/random_states_0.pkl"}, {"rfilename": "diffusers/scaler.pt"}, {"rfilename": "diffusers/scheduler.bin"}, {"rfilename": "diffusion_pytorch_model.safetensors"}, {"rfilename": "old_readme.md"}, {"rfilename": "workflow.png"}], "spaces": [], "createdAt": "2023-09-17T22:06:23.000Z", "inferenceStatus": "not-loaded"}