{"_id": "63e6a93b63037c7d9620ba65", "id": "Nacholmo/Counterfeit-V2.5-vae-swapped", "modelId": "Nacholmo/Counterfeit-V2.5-vae-swapped", "author": "Nacholmo", "sha": "c8c84dfc88a3c4886c158e342860b7fa76bdf6db", "lastModified": "2023-06-21T16:34:48.000Z", "private": false, "disabled": false, "gated": false, "pipeline_tag": "text-to-image", "tags": ["diffusers", "text-to-image", "license:creativeml-openrail-m", "autotrain_compatible", "endpoints_compatible", "diffusers:StableDiffusionPipeline", "region:us"], "downloads": 25, "library_name": "diffusers", "likes": 2, "model-index": null, "config": {"diffusers": {"_class_name": "StableDiffusionPipeline"}}, "cardData": {"license": "creativeml-openrail-m", "library_name": "diffusers", "pipeline_tag": "text-to-image"}, "siblings": [{"rfilename": ".gitattributes"}, {"rfilename": "Counterfeit-V2.5-vae-swapped.ckpt"}, {"rfilename": "README.md"}, {"rfilename": "feature_extractor/preprocessor_config.json"}, {"rfilename": "model_index.json"}, {"rfilename": "safety_checker/config.json"}, {"rfilename": "safety_checker/model.fp16.safetensors"}, {"rfilename": "safety_checker/pytorch_model.bin"}, {"rfilename": "safety_checker/pytorch_model.fp16.bin"}, {"rfilename": "scheduler/scheduler_config.json"}, {"rfilename": "text_encoder/config.json"}, {"rfilename": "text_encoder/model.fp16.safetensors"}, {"rfilename": "text_encoder/pytorch_model.bin"}, {"rfilename": "text_encoder/pytorch_model.fp16.bin"}, {"rfilename": "tokenizer/merges.txt"}, {"rfilename": "tokenizer/special_tokens_map.json"}, {"rfilename": "tokenizer/tokenizer_config.json"}, {"rfilename": "tokenizer/vocab.json"}, {"rfilename": "unet/config.json"}, {"rfilename": "unet/diffusion_pytorch_model.bin"}, {"rfilename": "unet/diffusion_pytorch_model.fp16.bin"}, {"rfilename": "unet/diffusion_pytorch_model.fp16.safetensors"}, {"rfilename": "vae/config.json"}, {"rfilename": "vae/diffusion_pytorch_model.bin"}, {"rfilename": "vae/diffusion_pytorch_model.fp16.bin"}, {"rfilename": "vae/diffusion_pytorch_model.fp16.safetensors"}], "spaces": ["allknowingroger/Image-Models-Test6", "LeviathAnjelo/Image-Models-Test6"], "createdAt": "2023-02-10T20:29:47.000Z", "inferenceStatus": "not-loaded"}