{"_id": "656bcfd790d556ffa6e5d391", "id": "Nachuwu/wav2vec2-fleur-mms-batch6-epoch24-finetunning-3", "modelId": "Nachuwu/wav2vec2-fleur-mms-batch6-epoch24-finetunning-3", "author": "Nachuwu", "sha": "b161f18b81ec4a0f77dd416eb15ed2e9e677c38e", "lastModified": "2023-12-03T01:27:58.000Z", "private": false, "disabled": false, "gated": false, "pipeline_tag": "automatic-speech-recognition", "tags": ["transformers", "tensorboard", "safetensors", "wav2vec2", "automatic-speech-recognition", "generated_from_trainer", "dataset:audiofolder", "base_model:Nachuwu/wav2vec2-fleur-mms-batch6-epoch16", "license:cc-by-nc-4.0", "model-index", "endpoints_compatible", "region:us"], "downloads": 1, "library_name": "transformers", "likes": 0, "model-index": [{"name": "wav2vec2-fleur-mms-batch6-epoch24-finetunning-3", "results": [{"task": {"name": "Automatic Speech Recognition", "type": "automatic-speech-recognition"}, "dataset": {"name": "audiofolder", "type": "audiofolder", "config": "default", "split": "test+validation", "args": "default"}, "metrics": [{"name": "Wer", "type": "wer", "value": 0.6017069701280228, "verified": false}]}]}], "config": {"architectures": ["Wav2Vec2ForCTC"], "model_type": "wav2vec2", "tokenizer_config": {"bos_token": "<s>", "eos_token": "</s>", "pad_token": "[PAD]", "unk_token": "[UNK]"}}, "cardData": {"license": "cc-by-nc-4.0", "base_model": "Nachuwu/wav2vec2-fleur-mms-batch6-epoch16", "tags": ["generated_from_trainer"], "datasets": ["audiofolder"], "metrics": ["wer"], "model-index": [{"name": "wav2vec2-fleur-mms-batch6-epoch24-finetunning-3", "results": [{"task": {"name": "Automatic Speech Recognition", "type": "automatic-speech-recognition"}, "dataset": {"name": "audiofolder", "type": "audiofolder", "config": "default", "split": "test+validation", "args": "default"}, "metrics": [{"name": "Wer", "type": "wer", "value": 0.6017069701280228, "verified": false}]}]}]}, "transformersInfo": {"auto_model": "AutoModelForCTC", "pipeline_tag": "automatic-speech-recognition", "processor": "AutoProcessor"}, "siblings": [{"rfilename": ".gitattributes"}, {"rfilename": "README.md"}, {"rfilename": "adapter.spa.safetensors"}, {"rfilename": "added_tokens.json"}, {"rfilename": "config.json"}, {"rfilename": "model.safetensors"}, {"rfilename": "preprocessor_config.json"}, {"rfilename": "runs/Dec03_00-48-51_b81e75b68095/events.out.tfevents.1701564571.b81e75b68095.2207.0"}, {"rfilename": "special_tokens_map.json"}, {"rfilename": "tokenizer_config.json"}, {"rfilename": "training_args.bin"}, {"rfilename": "vocab.json"}], "spaces": [], "createdAt": "2023-12-03T00:46:15.000Z", "safetensors": {"parameters": {"F32": 964713907}, "total": 964713907}, "inferenceStatus": "not-loaded"}