{"_id": "63c90d23988796b9db51d6f8", "id": "nachshonc/SnowballTarget", "modelId": "nachshonc/SnowballTarget", "author": "nachshonc", "sha": "4d2ad125e56fcf17191ab693b0dcbaf422c43f4a", "lastModified": "2023-01-19T09:33:44.000Z", "private": false, "disabled": false, "gated": false, "pipeline_tag": "reinforcement-learning", "tags": ["ml-agents", "tensorboard", "onnx", "unity-ml-agents", "deep-reinforcement-learning", "reinforcement-learning", "ML-Agents-SnowballTarget", "region:us"], "downloads": 2, "library_name": "ml-agents", "likes": 0, "model-index": null, "config": {}, "cardData": {"tags": ["unity-ml-agents", "ml-agents", "deep-reinforcement-learning", "reinforcement-learning", "ML-Agents-SnowballTarget"], "library_name": "ml-agents"}, "siblings": [{"rfilename": ".gitattributes"}, {"rfilename": "README.md"}, {"rfilename": "SnowballTarget.onnx"}, {"rfilename": "SnowballTarget/SnowballTarget-149984.onnx"}, {"rfilename": "SnowballTarget/SnowballTarget-149984.pt"}, {"rfilename": "SnowballTarget/SnowballTarget-199984.onnx"}, {"rfilename": "SnowballTarget/SnowballTarget-199984.pt"}, {"rfilename": "SnowballTarget/SnowballTarget-200200.onnx"}, {"rfilename": "SnowballTarget/SnowballTarget-200200.pt"}, {"rfilename": "SnowballTarget/SnowballTarget-49936.onnx"}, {"rfilename": "SnowballTarget/SnowballTarget-49936.pt"}, {"rfilename": "SnowballTarget/SnowballTarget-99960.onnx"}, {"rfilename": "SnowballTarget/SnowballTarget-99960.pt"}, {"rfilename": "SnowballTarget/checkpoint.pt"}, {"rfilename": "SnowballTarget/events.out.tfevents.1674119672.4475fe32a6a0.1696.0"}, {"rfilename": "config.json"}, {"rfilename": "configuration.yaml"}, {"rfilename": "run_logs/Player-0.log"}, {"rfilename": "run_logs/timers.json"}, {"rfilename": "run_logs/training_status.json"}], "spaces": [], "createdAt": "2023-01-19T09:28:03.000Z", "inferenceStatus": "not-loaded"}