{"_id": "64054b039abef9e393198df9", "id": "Nacholmo/meinamixv7-diffusers", "modelId": "Nacholmo/meinamixv7-diffusers", "author": "Nacholmo", "sha": "64267b5aa8c2ef6a14b6459553e8818fdba3a06a", "lastModified": "2023-06-21T16:34:39.000Z", "private": false, "disabled": false, "gated": false, "pipeline_tag": "text-to-image", "tags": ["diffusers", "text-to-image", "license:creativeml-openrail-m", "autotrain_compatible", "endpoints_compatible", "diffusers:StableDiffusionPipeline", "region:us"], "downloads": 37, "library_name": "diffusers", "likes": 1, "model-index": null, "config": {"diffusers": {"_class_name": "StableDiffusionPipeline"}}, "cardData": {"license": "creativeml-openrail-m", "library_name": "diffusers", "pipeline_tag": "text-to-image"}, "siblings": [{"rfilename": ".gitattributes"}, {"rfilename": "README.md"}, {"rfilename": "feature_extractor/preprocessor_config.json"}, {"rfilename": "model_index.json"}, {"rfilename": "safety_checker/config.json"}, {"rfilename": "safety_checker/model.fp16.safetensors"}, {"rfilename": "safety_checker/pytorch_model.bin"}, {"rfilename": "safety_checker/pytorch_model.fp16.bin"}, {"rfilename": "scheduler/scheduler_config.json"}, {"rfilename": "text_encoder/config.json"}, {"rfilename": "text_encoder/model.fp16.safetensors"}, {"rfilename": "text_encoder/pytorch_model.bin"}, {"rfilename": "text_encoder/pytorch_model.fp16.bin"}, {"rfilename": "tokenizer/merges.txt"}, {"rfilename": "tokenizer/special_tokens_map.json"}, {"rfilename": "tokenizer/tokenizer_config.json"}, {"rfilename": "tokenizer/vocab.json"}, {"rfilename": "unet/config.json"}, {"rfilename": "unet/diffusion_pytorch_model.bin"}, {"rfilename": "unet/diffusion_pytorch_model.fp16.bin"}, {"rfilename": "unet/diffusion_pytorch_model.fp16.safetensors"}, {"rfilename": "vae/config.json"}, {"rfilename": "vae/diffusion_pytorch_model.bin"}, {"rfilename": "vae/diffusion_pytorch_model.fp16.bin"}, {"rfilename": "vae/diffusion_pytorch_model.fp16.safetensors"}], "spaces": ["Yntec/ToyWorld", "Yntec/Diffusion80XX", "Yntec/PrintingPress", "ennov8ion/3dart-Models", "sanaweb/text-to-image", "Vedits/6x_Image_diffusion", "phenixrhyder/Realistic-NSFW", "ennov8ion/comicbook-models", "mindtube/Diffusion50XX", "TheKitten/Fast-Images-Creature", "ennov8ion/stablediffusion-models", "PeepDaSlan9/B2BMGMT_Diffusion60XX", "phenixrhyder/PrintingPress", "grzegorz2047/fast_diffusion", "Rifd/Sdallmodels", "Alfasign/dIFFU", "ennov8ion/Scifi-Models", "ennov8ion/semirealistic-models", "ennov8ion/FantasyArt-Models", "ennov8ion/dreamlike-models", "noes14155/img_All_models", "AnimeStudio/anime-models", "phenixrhyder/NSFW-ToyWorld", "Dagfinn1962/stablediffusion-members", "RhythmRemix14/PrintingPressDx", "Daniela-C/6x_Image_diffusion", "PeepDaSlan9/B2BMGMT_ToyWorld", "mindtube/maximum_multiplier_places", "animeartstudio/AnimeArtmodels2", "animeartstudio/AnimeModels", "pikto/Elite-Scifi-Models", "Binettebob22/fast_diffusion2", "PixelistStudio/3dart-Models", "TheKitten/Images", "ennov8ion/anime-models", "xxfdsf/zexxiai", "jordonpeter01/Diffusion70", "ennov8ion/Landscapes-models", "sohoso/anime348756", "manivannan7gp/Words2Image", "ennov8ion/art-models", "ennov8ion/photo-models", "ennov8ion/art-multi", "ucmisanddisinfo/thisApp", "johann22/chat-diffusion", "Nymbo/Diffusion60XX", "Nymbo/PrintingPress", "K00B404/generate_many_models", "sohoso/PrintingPress", "ennov8ion/abstractart-models", "ennov8ion/Scifiart-Models", "ennov8ion/interior-models", "ennov8ion/room-interior-models", "animeartstudio/AnimeArtModels1", "Yntec/top_100_diffusion", "AIlexDev/Diffusion60XX", "flatindo/all-models", "flatindo/img_All_models", "flatindo/all-models-v1", "GAIneZis/FantasyArt-Models", "ennov8ion/picasso-diffusion", "ennov8ion/anime-multi", "ennov8ion/photo-multi", "ennov8ion/anime-new-models", "ennov8ion/anime-multi-new-models", "Ashrafb/comicbook-models", "einfachalf/ImageTool", "johann22/chat-diffusion-describe", "wideprism/Ultimate-Model-Collection", "TheMaisk/Einfach.ImageAI"], "createdAt": "2023-03-06T02:08:03.000Z", "inferenceStatus": "not-loaded"}