{"_id": "642afea596cd8ffa39e6fc73", "id": "nacho2904/PPO-LunarLander-v2", "modelId": "nacho2904/PPO-LunarLander-v2", "author": "nacho2904", "sha": "6dd29202271e12a48bca476ddd9e7603c0ccf723", "lastModified": "2023-04-03T16:51:32.000Z", "private": false, "disabled": false, "gated": false, "tags": ["region:us"], "downloads": 0, "likes": 0, "siblings": [{"rfilename": ".gitattributes"}, {"rfilename": "lunar_lander_1.zip"}], "spaces": [], "createdAt": "2023-04-03T16:28:21.000Z", "inferenceStatus": "not-loaded"}