{"_id": "65611d417065690d7f18ba5d", "id": "Nachuwu/wav2vec2-fleur-mms-batch6-epoch16", "modelId": "Nachuwu/wav2vec2-fleur-mms-batch6-epoch16", "author": "Nachuwu", "sha": "dc318551975b9450542f04a66fd74b8cfb08f320", "lastModified": "2023-11-25T00:02:54.000Z", "private": false, "disabled": false, "gated": false, "pipeline_tag": "automatic-speech-recognition", "tags": ["transformers", "tensorboard", "safetensors", "wav2vec2", "automatic-speech-recognition", "generated_from_trainer", "dataset:audiofolder", "base_model:facebook/mms-1b-FL102", "license:cc-by-nc-4.0", "model-index", "endpoints_compatible", "region:us"], "downloads": 1, "library_name": "transformers", "likes": 0, "model-index": [{"name": "wav2vec2-fleur-mms-batch6-epoch16", "results": [{"task": {"name": "Automatic Speech Recognition", "type": "automatic-speech-recognition"}, "dataset": {"name": "audiofolder", "type": "audiofolder", "config": "default", "split": "test", "args": "default"}, "metrics": [{"name": "Wer", "type": "wer", "value": 0.4602803738317757, "verified": false}]}]}], "config": {"architectures": ["Wav2Vec2ForCTC"], "model_type": "wav2vec2", "tokenizer_config": {"bos_token": "<s>", "eos_token": "</s>", "pad_token": "[PAD]", "unk_token": "[UNK]"}}, "cardData": {"license": "cc-by-nc-4.0", "base_model": "facebook/mms-1b-FL102", "tags": ["generated_from_trainer"], "datasets": ["audiofolder"], "metrics": ["wer"], "model-index": [{"name": "wav2vec2-fleur-mms-batch6-epoch16", "results": [{"task": {"name": "Automatic Speech Recognition", "type": "automatic-speech-recognition"}, "dataset": {"name": "audiofolder", "type": "audiofolder", "config": "default", "split": "test", "args": "default"}, "metrics": [{"name": "Wer", "type": "wer", "value": 0.4602803738317757, "verified": false}]}]}]}, "transformersInfo": {"auto_model": "AutoModelForCTC", "pipeline_tag": "automatic-speech-recognition", "processor": "AutoProcessor"}, "siblings": [{"rfilename": ".gitattributes"}, {"rfilename": "README.md"}, {"rfilename": "adapter.spa.safetensors"}, {"rfilename": "added_tokens.json"}, {"rfilename": "config.json"}, {"rfilename": "model.safetensors"}, {"rfilename": "preprocessor_config.json"}, {"rfilename": "runs/Nov24_22-14-28_14ddb10d6014/events.out.tfevents.1700864188.14ddb10d6014.245.0"}, {"rfilename": "special_tokens_map.json"}, {"rfilename": "tokenizer_config.json"}, {"rfilename": "training_args.bin"}, {"rfilename": "vocab.json"}], "spaces": [], "createdAt": "2023-11-24T22:01:37.000Z", "safetensors": {"parameters": {"F32": 964719031}, "total": 964719031}, "inferenceStatus": "not-loaded"}