{"_id": "644fbe2b577838187ef91025", "id": "Nachi-hai/pt", "modelId": "Nachi-hai/pt", "author": "Nachi-hai", "sha": "4107037c857da8bad46ab94a0295a3c4c31377c0", "lastModified": "2023-05-01T13:33:00.000Z", "private": false, "disabled": false, "gated": false, "tags": ["region:us"], "downloads": 0, "likes": 0, "siblings": [{"rfilename": ".gitattributes"}, {"rfilename": "detection_Resnet50_Final.pth"}, {"rfilename": "model-resnet_custom_v3.pt"}], "spaces": [], "createdAt": "2023-05-01T13:27:07.000Z", "inferenceStatus": "not-loaded"}