{"_id": "63e4b8032251c5154c4f9897", "id": "Nacholmo/AbyssOrangeMix2-hard-vae-swapped", "modelId": "Nacholmo/AbyssOrangeMix2-hard-vae-swapped", "author": "Nacholmo", "sha": "7ffbdcc009e0afe6b9fd4791b0a5a085c93e181b", "lastModified": "2023-06-21T16:33:45.000Z", "private": false, "disabled": false, "gated": false, "pipeline_tag": "text-to-image", "tags": ["diffusers", "text-to-image", "license:creativeml-openrail-m", "autotrain_compatible", "endpoints_compatible", "diffusers:StableDiffusionPipeline", "region:us"], "downloads": 3, "library_name": "diffusers", "likes": 6, "model-index": null, "config": {"diffusers": {"_class_name": "StableDiffusionPipeline"}}, "cardData": {"license": "creativeml-openrail-m", "library_name": "diffusers", "pipeline_tag": "text-to-image"}, "siblings": [{"rfilename": ".gitattributes"}, {"rfilename": "README.md"}, {"rfilename": "feature_extractor/preprocessor_config.json"}, {"rfilename": "model_index.json"}, {"rfilename": "safety_checker/config.json"}, {"rfilename": "safety_checker/model.fp16.safetensors"}, {"rfilename": "safety_checker/pytorch_model.bin"}, {"rfilename": "safety_checker/pytorch_model.fp16.bin"}, {"rfilename": "scheduler/scheduler_config.json"}, {"rfilename": "text_encoder/config.json"}, {"rfilename": "text_encoder/model.fp16.safetensors"}, {"rfilename": "text_encoder/pytorch_model.bin"}, {"rfilename": "text_encoder/pytorch_model.fp16.bin"}, {"rfilename": "tokenizer/merges.txt"}, {"rfilename": "tokenizer/special_tokens_map.json"}, {"rfilename": "tokenizer/tokenizer_config.json"}, {"rfilename": "tokenizer/vocab.json"}, {"rfilename": "unet/config.json"}, {"rfilename": "unet/diffusion_pytorch_model.bin"}, {"rfilename": "unet/diffusion_pytorch_model.fp16.bin"}, {"rfilename": "unet/diffusion_pytorch_model.fp16.safetensors"}, {"rfilename": "vae/config.json"}, {"rfilename": "vae/diffusion_pytorch_model.bin"}, {"rfilename": "vae/diffusion_pytorch_model.fp16.bin"}, {"rfilename": "vae/diffusion_pytorch_model.fp16.safetensors"}], "spaces": [], "createdAt": "2023-02-09T09:08:19.000Z", "inferenceStatus": "not-loaded"}