{"_id": "6681f0d238b74c4931307be9", "id": "nachors/llama-finetuned", "modelId": "nachors/llama-finetuned", "author": "nachors", "sha": "6057d5fff88df46863804201b1db7e9be48f0604", "lastModified": "2024-06-30T23:57:38.000Z", "private": false, "disabled": false, "gated": false, "tags": ["transformers", "safetensors", "text-generation-inference", "unsloth", "llama", "trl", "en", "base_model:acunamartin1426/hola", "license:apache-2.0", "endpoints_compatible", "region:us"], "downloads": 0, "library_name": "transformers", "likes": 0, "model-index": null, "cardData": {"base_model": "acunamartin1426/hola", "language": ["en"], "license": "apache-2.0", "tags": ["text-generation-inference", "transformers", "unsloth", "llama", "trl"]}, "transformersInfo": {"auto_model": "AutoModel"}, "siblings": [{"rfilename": ".gitattributes"}, {"rfilename": "README.md"}, {"rfilename": "adapter_config.json"}, {"rfilename": "adapter_model.safetensors"}], "spaces": [], "createdAt": "2024-06-30T23:57:06.000Z", "inferenceStatus": "not-loaded"}