{"_id": "667ce4353e64d73d9b091938", "id": "nachus2/modeltest", "modelId": "nachus2/modeltest", "author": "nachus2", "sha": "5465d9e335ba6cf5aef67a8445968d4d80829916", "lastModified": "2024-06-27T04:03:32.000Z", "private": false, "disabled": false, "gated": false, "pipeline_tag": "audio-classification", "tags": ["asteroid", "biology", "chemistry", "climate", "audio-classification", "ar", "license:artistic-2.0", "region:us"], "downloads": 0, "library_name": "asteroid", "likes": 0, "model-index": null, "cardData": {"license": "artistic-2.0", "language": ["ar"], "metrics": ["accuracy", "bleu", "character"], "library_name": "asteroid", "pipeline_tag": "audio-classification", "tags": ["biology", "chemistry", "climate"]}, "siblings": [{"rfilename": ".gitattributes"}, {"rfilename": "README.md"}], "spaces": [], "createdAt": "2024-06-27T04:01:57.000Z", "inferenceStatus": "not-loaded"}