{"_id": "644df02e0dc952d245aef5f0", "id": "Nachi-hai/sd-lora", "modelId": "Nachi-hai/sd-lora", "author": "Nachi-hai", "sha": "6bf23883477be25208b8ed7d84e9e69350c332bd", "lastModified": "2023-05-01T15:03:34.000Z", "private": false, "disabled": false, "gated": false, "tags": ["region:us"], "downloads": 0, "likes": 0, "siblings": [{"rfilename": ".gitattributes"}, {"rfilename": "Gacha Splash mid shot.safetensors"}, {"rfilename": "GachaSplash4.safetensors"}, {"rfilename": "Gacha_Splash_mid_shot"}, {"rfilename": "codeformer.pth"}, {"rfilename": "face_ilb"}], "spaces": [], "createdAt": "2023-04-30T04:35:58.000Z", "inferenceStatus": "not-loaded"}