{"_id": "63ffa197ea1782e758c988b0", "id": "nachshonc/PPO_Lunarv2", "modelId": "nachshonc/PPO_Lunarv2", "author": "nachshonc", "sha": "52393b85637161772a80ca50fc79067a7ecaf23a", "lastModified": "2023-03-01T19:46:13.000Z", "private": false, "disabled": false, "gated": false, "pipeline_tag": "reinforcement-learning", "tags": ["tensorboard", "LunarLander-v2", "ppo", "deep-reinforcement-learning", "reinforcement-learning", "custom-implementation", "deep-rl-course", "model-index", "region:us"], "downloads": 0, "likes": 0, "model-index": [{"name": "PPO", "results": [{"task": {"type": "reinforcement-learning", "name": "reinforcement-learning"}, "dataset": {"name": "LunarLander-v2", "type": "LunarLander-v2"}, "metrics": [{"type": "mean_reward", "value": "29.71 +/- 115.22", "name": "mean_reward", "verified": false}]}]}], "cardData": {"tags": ["LunarLander-v2", "ppo", "deep-reinforcement-learning", "reinforcement-learning", "custom-implementation", "deep-rl-course"], "model-index": [{"name": "PPO", "results": [{"task": {"type": "reinforcement-learning", "name": "reinforcement-learning"}, "dataset": {"name": "LunarLander-v2", "type": "LunarLander-v2"}, "metrics": [{"type": "mean_reward", "value": "29.71 +/- 115.22", "name": "mean_reward", "verified": false}]}]}]}, "siblings": [{"rfilename": ".gitattributes"}, {"rfilename": "README.md"}, {"rfilename": "logs/events.out.tfevents.1677697385.3fc115447c45.9382.0"}, {"rfilename": "logs/events.out.tfevents.1677697464.3fc115447c45.9780.0"}, {"rfilename": "model.pt"}, {"rfilename": "replay.mp4"}, {"rfilename": "results.json"}], "spaces": [], "createdAt": "2023-03-01T19:03:51.000Z", "inferenceStatus": "not-loaded"}