{"_id": "64c8f8a83d5a0dfed5ca6d9d", "id": "nacielo/privatemodel", "modelId": "nacielo/privatemodel", "author": "nacielo", "sha": "5c2e70eb0da96a0db6d2f87abe21eda203a166c4", "lastModified": "2023-08-01T12:22:43.000Z", "private": false, "disabled": false, "gated": false, "pipeline_tag": "automatic-speech-recognition", "tags": ["transformers", "pytorch", "speech-encoder-decoder", "automatic-speech-recognition", "endpoints_compatible", "region:us"], "downloads": 1, "library_name": "transformers", "likes": 0, "config": {"architectures": ["SpeechEncoderDecoderModel"], "model_type": "speech-encoder-decoder", "tokenizer_config": {"bos_token": "<|endoftext|>", "eos_token": "<|endoftext|>", "unk_token": "<|endoftext|>"}}, "transformersInfo": {"auto_model": "AutoModelForSpeechSeq2Seq", "pipeline_tag": "automatic-speech-recognition", "processor": "AutoTokenizer"}, "siblings": [{"rfilename": ".gitattributes"}, {"rfilename": "config.json"}, {"rfilename": "generation_config.json"}, {"rfilename": "merges.txt"}, {"rfilename": "preprocessor_config.json"}, {"rfilename": "pytorch_model.bin"}, {"rfilename": "special_tokens_map.json"}, {"rfilename": "tokenizer.json"}, {"rfilename": "tokenizer_config.json"}, {"rfilename": "vocab.json"}], "spaces": [], "createdAt": "2023-08-01T12:20:56.000Z", "inferenceStatus": "not-loaded"}