{"_id": "64dd13d84e2c7863c317fe3a", "id": "nacielo/hubert2BertMusicTestL5e7", "modelId": "nacielo/hubert2BertMusicTestL5e7", "author": "nacielo", "sha": "f7129504d7e123a75b8fc064fbbe2eeaf8d0d3a6", "lastModified": "2023-08-16T19:49:09.000Z", "private": false, "disabled": false, "gated": false, "pipeline_tag": "automatic-speech-recognition", "tags": ["transformers", "pytorch", "tensorboard", "speech-encoder-decoder", "automatic-speech-recognition", "generated_from_trainer", "endpoints_compatible", "region:us"], "downloads": 1, "library_name": "transformers", "likes": 0, "model-index": [{"name": "hubert2BertMusicTestL5e7", "results": []}], "config": {"architectures": ["SpeechEncoderDecoderModel"], "model_type": "speech-encoder-decoder", "tokenizer_config": {"bos_token": "<s>", "cls_token": "<s>", "eos_token": "</s>", "mask_token": "<mask>", "pad_token": "<pad>", "sep_token": "</s>", "unk_token": "<unk>"}}, "cardData": {"tags": ["generated_from_trainer"], "metrics": ["rouge"], "model-index": [{"name": "hubert2BertMusicTestL5e7", "results": []}]}, "transformersInfo": {"auto_model": "AutoModelForSpeechSeq2Seq", "pipeline_tag": "automatic-speech-recognition", "processor": "AutoTokenizer"}, "siblings": [{"rfilename": ".gitattributes"}, {"rfilename": ".gitignore"}, {"rfilename": "README.md"}, {"rfilename": "config.json"}, {"rfilename": "generation_config.json"}, {"rfilename": "merges.txt"}, {"rfilename": "preprocessor_config.json"}, {"rfilename": "pytorch_model.bin"}, {"rfilename": "runs/Aug16_19-22-13_node800.pri.csf3.alces.network/events.out.tfevents.1692210140.node800.pri.csf3.alces.network.29612.0"}, {"rfilename": "special_tokens_map.json"}, {"rfilename": "tokenizer.json"}, {"rfilename": "tokenizer_config.json"}, {"rfilename": "training_args.bin"}, {"rfilename": "vocab.json"}], "spaces": [], "createdAt": "2023-08-16T18:22:16.000Z", "inferenceStatus": "not-loaded"}