{"_id": "62f4ca9d62d21b23a9509942", "id": "nacigokhan/twitterbertmodel", "modelId": "nacigokhan/twitterbertmodel", "author": "nacigokhan", "sha": "0522930431ea8a2e7ccd54506c7b77c809566752", "lastModified": "2022-08-11T09:23:41.000Z", "private": false, "disabled": false, "gated": false, "tags": ["license:apache-2.0", "region:us"], "downloads": 0, "likes": 0, "model-index": null, "cardData": {"license": "apache-2.0"}, "siblings": [{"rfilename": ".gitattributes"}, {"rfilename": "README.md"}], "spaces": [], "createdAt": "2022-08-11T09:23:41.000Z", "inferenceStatus": "not-loaded"}