{"_id": "64dce8fb4808593afa99752c", "id": "nacielo/hubert2BertMusicTestL1e5", "modelId": "nacielo/hubert2BertMusicTestL1e5", "author": "nacielo", "sha": "50b3cd8c3aae33a654404f007e2c855937c44af4", "lastModified": "2023-08-16T16:22:51.000Z", "private": false, "disabled": false, "gated": false, "pipeline_tag": "automatic-speech-recognition", "tags": ["transformers", "pytorch", "tensorboard", "speech-encoder-decoder", "automatic-speech-recognition", "generated_from_trainer", "endpoints_compatible", "region:us"], "downloads": 2, "library_name": "transformers", "likes": 0, "model-index": [{"name": "hubert2BertMusicTestL1e5", "results": []}], "config": {"architectures": ["SpeechEncoderDecoderModel"], "model_type": "speech-encoder-decoder", "tokenizer_config": {"bos_token": "<s>", "cls_token": "<s>", "eos_token": "</s>", "mask_token": "<mask>", "pad_token": "<pad>", "sep_token": "</s>", "unk_token": "<unk>"}}, "cardData": {"tags": ["generated_from_trainer"], "metrics": ["rouge"], "model-index": [{"name": "hubert2BertMusicTestL1e5", "results": []}]}, "transformersInfo": {"auto_model": "AutoModelForSpeechSeq2Seq", "pipeline_tag": "automatic-speech-recognition", "processor": "AutoTokenizer"}, "siblings": [{"rfilename": ".gitattributes"}, {"rfilename": ".gitignore"}, {"rfilename": "README.md"}, {"rfilename": "config.json"}, {"rfilename": "generation_config.json"}, {"rfilename": "merges.txt"}, {"rfilename": "preprocessor_config.json"}, {"rfilename": "pytorch_model.bin"}, {"rfilename": "runs/Aug16_16-19-20_node800.pri.csf3.alces.network/events.out.tfevents.1692199168.node800.pri.csf3.alces.network.23266.0"}, {"rfilename": "special_tokens_map.json"}, {"rfilename": "tokenizer.json"}, {"rfilename": "tokenizer_config.json"}, {"rfilename": "training_args.bin"}, {"rfilename": "vocab.json"}], "spaces": [], "createdAt": "2023-08-16T15:19:23.000Z", "inferenceStatus": "not-loaded"}