{"_id": "659506e5754092f6b161ee3b", "id": "nacianil/mistral-naci", "modelId": "nacianil/mistral-naci", "author": "nacianil", "sha": "766c4b5f4baf70214e997939e6079a44d3df37e9", "lastModified": "2024-01-03T07:04:05.000Z", "private": false, "disabled": false, "gated": false, "tags": ["license:mit", "region:us"], "downloads": 0, "likes": 0, "model-index": null, "cardData": {"license": "mit"}, "siblings": [{"rfilename": ".gitattributes"}, {"rfilename": "README.md"}], "spaces": [], "createdAt": "2024-01-03T07:04:05.000Z", "inferenceStatus": "not-loaded"}