{"_id": "64dd8a81cd2dc3dc38075fd1", "id": "nacielo/hubert2BertMusicwithNewS", "modelId": "nacielo/hubert2BertMusicwithNewS", "author": "nacielo", "sha": "80503e832fcf2bff518ee233c611416a6709f804", "lastModified": "2023-08-17T04:36:06.000Z", "private": false, "disabled": false, "gated": false, "pipeline_tag": "automatic-speech-recognition", "tags": ["transformers", "pytorch", "tensorboard", "speech-encoder-decoder", "automatic-speech-recognition", "generated_from_trainer", "endpoints_compatible", "region:us"], "downloads": 8, "library_name": "transformers", "likes": 0, "model-index": [{"name": "hubert2BertMusicwithNewS", "results": []}], "config": {"architectures": ["SpeechEncoderDecoderModel"], "model_type": "speech-encoder-decoder", "tokenizer_config": {"bos_token": "<s>", "cls_token": "<s>", "eos_token": "</s>", "mask_token": "<mask>", "pad_token": "<pad>", "sep_token": "</s>", "unk_token": "<unk>"}}, "cardData": {"tags": ["generated_from_trainer"], "metrics": ["rouge"], "model-index": [{"name": "hubert2BertMusicwithNewS", "results": []}]}, "transformersInfo": {"auto_model": "AutoModelForSpeechSeq2Seq", "pipeline_tag": "automatic-speech-recognition", "processor": "AutoTokenizer"}, "siblings": [{"rfilename": ".gitattributes"}, {"rfilename": ".gitignore"}, {"rfilename": "README.md"}, {"rfilename": "config.json"}, {"rfilename": "generation_config.json"}, {"rfilename": "merges.txt"}, {"rfilename": "preprocessor_config.json"}, {"rfilename": "pytorch_model.bin"}, {"rfilename": "runs/Aug17_03-48-30_node807.pri.csf3.alces.network/events.out.tfevents.1692240518.node807.pri.csf3.alces.network.128096.0"}, {"rfilename": "runs/Aug17_03-48-30_node807.pri.csf3.alces.network/events.out.tfevents.1692242076.node807.pri.csf3.alces.network.128096.1"}, {"rfilename": "runs/Aug17_03-48-30_node807.pri.csf3.alces.network/events.out.tfevents.1692244711.node807.pri.csf3.alces.network.128096.2"}, {"rfilename": "special_tokens_map.json"}, {"rfilename": "tokenizer.json"}, {"rfilename": "tokenizer_config.json"}, {"rfilename": "training_args.bin"}, {"rfilename": "vocab.json"}], "spaces": [], "createdAt": "2023-08-17T02:48:33.000Z", "inferenceStatus": "not-loaded"}