{"_id": "64df97f92436a8c76264309a", "id": "nacielo/hubert2BertMusic200", "modelId": "nacielo/hubert2BertMusic200", "author": "nacielo", "sha": "77d28bc9a804feebf3d95da16219250acd2b0c39", "lastModified": "2023-08-19T06:34:41.000Z", "private": false, "disabled": false, "gated": false, "pipeline_tag": "automatic-speech-recognition", "tags": ["transformers", "pytorch", "tensorboard", "speech-encoder-decoder", "automatic-speech-recognition", "generated_from_trainer", "endpoints_compatible", "region:us"], "downloads": 1, "library_name": "transformers", "likes": 0, "model-index": [{"name": "hubert2BertMusic200", "results": []}], "config": {"architectures": ["SpeechEncoderDecoderModel"], "model_type": "speech-encoder-decoder", "tokenizer_config": {"bos_token": "<s>", "cls_token": "<s>", "eos_token": "</s>", "mask_token": "<mask>", "pad_token": "<pad>", "sep_token": "</s>", "unk_token": "<unk>"}}, "cardData": {"tags": ["generated_from_trainer"], "metrics": ["rouge"], "model-index": [{"name": "hubert2BertMusic200", "results": []}]}, "transformersInfo": {"auto_model": "AutoModelForSpeechSeq2Seq", "pipeline_tag": "automatic-speech-recognition", "processor": "AutoTokenizer"}, "siblings": [{"rfilename": ".gitattributes"}, {"rfilename": ".gitignore"}, {"rfilename": "README.md"}, {"rfilename": "config.json"}, {"rfilename": "generation_config.json"}, {"rfilename": "merges.txt"}, {"rfilename": "preprocessor_config.json"}, {"rfilename": "pytorch_model.bin"}, {"rfilename": "runs/Aug18_17-10-30_node814.pri.csf3.alces.network/events.out.tfevents.1692375038.node814.pri.csf3.alces.network.101351.0"}, {"rfilename": "runs/Aug18_17-10-30_node814.pri.csf3.alces.network/events.out.tfevents.1692379729.node814.pri.csf3.alces.network.101351.1"}, {"rfilename": "runs/Aug18_17-10-30_node814.pri.csf3.alces.network/events.out.tfevents.1692387850.node814.pri.csf3.alces.network.101351.2"}, {"rfilename": "runs/Aug18_22-31-15_node814.pri.csf3.alces.network/events.out.tfevents.1692394278.node814.pri.csf3.alces.network.101351.3"}, {"rfilename": "runs/Aug18_22-31-15_node814.pri.csf3.alces.network/events.out.tfevents.1692398946.node814.pri.csf3.alces.network.101351.4"}, {"rfilename": "runs/Aug18_22-31-15_node814.pri.csf3.alces.network/events.out.tfevents.1692407141.node814.pri.csf3.alces.network.101351.5"}, {"rfilename": "runs/Aug19_04-00-20_node814.pri.csf3.alces.network/events.out.tfevents.1692414023.node814.pri.csf3.alces.network.101351.6"}, {"rfilename": "special_tokens_map.json"}, {"rfilename": "tokenizer.json"}, {"rfilename": "tokenizer_config.json"}, {"rfilename": "training_args.bin"}, {"rfilename": "vocab.json"}], "spaces": [], "createdAt": "2023-08-18T16:10:33.000Z", "inferenceStatus": "not-loaded"}