{"_id": "64deeeb8d47c2794d601c899", "id": "nacielo/hubert2BertMusic100", "modelId": "nacielo/hubert2BertMusic100", "author": "nacielo", "sha": "c9ac7f688097f7cde4941ac22d9c1052d0474b6a", "lastModified": "2023-08-18T14:52:04.000Z", "private": false, "disabled": false, "gated": false, "pipeline_tag": "automatic-speech-recognition", "tags": ["transformers", "pytorch", "tensorboard", "speech-encoder-decoder", "automatic-speech-recognition", "generated_from_trainer", "endpoints_compatible", "region:us"], "downloads": 1, "library_name": "transformers", "likes": 0, "model-index": [{"name": "hubert2BertMusic100", "results": []}], "config": {"architectures": ["SpeechEncoderDecoderModel"], "model_type": "speech-encoder-decoder", "tokenizer_config": {"bos_token": "<s>", "cls_token": "<s>", "eos_token": "</s>", "mask_token": "<mask>", "pad_token": "<pad>", "sep_token": "</s>", "unk_token": "<unk>"}}, "cardData": {"tags": ["generated_from_trainer"], "metrics": ["rouge"], "model-index": [{"name": "hubert2BertMusic100", "results": []}]}, "transformersInfo": {"auto_model": "AutoModelForSpeechSeq2Seq", "pipeline_tag": "automatic-speech-recognition", "processor": "AutoTokenizer"}, "siblings": [{"rfilename": ".gitattributes"}, {"rfilename": ".gitignore"}, {"rfilename": "README.md"}, {"rfilename": "config.json"}, {"rfilename": "generation_config.json"}, {"rfilename": "merges.txt"}, {"rfilename": "preprocessor_config.json"}, {"rfilename": "pytorch_model.bin"}, {"rfilename": "runs/Aug18_05-07-59_node803.pri.csf3.alces.network/events.out.tfevents.1692331709.node803.pri.csf3.alces.network.213824.0"}, {"rfilename": "runs/Aug18_05-07-59_node803.pri.csf3.alces.network/events.out.tfevents.1692336389.node803.pri.csf3.alces.network.213824.1"}, {"rfilename": "runs/Aug18_05-07-59_node803.pri.csf3.alces.network/events.out.tfevents.1692344469.node803.pri.csf3.alces.network.213824.2"}, {"rfilename": "runs/Aug18_10-27-55_node803.pri.csf3.alces.network/events.out.tfevents.1692350878.node803.pri.csf3.alces.network.213824.3"}, {"rfilename": "runs/Aug18_10-27-55_node803.pri.csf3.alces.network/events.out.tfevents.1692355582.node803.pri.csf3.alces.network.213824.4"}, {"rfilename": "runs/Aug18_10-27-55_node803.pri.csf3.alces.network/events.out.tfevents.1692363682.node803.pri.csf3.alces.network.213824.5"}, {"rfilename": "special_tokens_map.json"}, {"rfilename": "tokenizer.json"}, {"rfilename": "tokenizer_config.json"}, {"rfilename": "training_args.bin"}, {"rfilename": "vocab.json"}], "spaces": [], "createdAt": "2023-08-18T04:08:24.000Z", "inferenceStatus": "not-loaded"}