{"_id": "64de74e7a9bcacc18ba76479", "id": "nacielo/whispherMusic", "modelId": "nacielo/whispherMusic", "author": "nacielo", "sha": "f053505bf8bd6acd6e1e404ea99c6a4473538801", "lastModified": "2023-08-18T04:05:04.000Z", "private": false, "disabled": false, "gated": false, "pipeline_tag": "automatic-speech-recognition", "tags": ["transformers", "pytorch", "tensorboard", "whisper", "automatic-speech-recognition", "generated_from_trainer", "base_model:openai/whisper-base.en", "license:apache-2.0", "endpoints_compatible", "region:us"], "downloads": 2, "library_name": "transformers", "likes": 0, "model-index": [{"name": "whispherMusic", "results": []}], "config": {"architectures": ["WhisperForConditionalGeneration"], "model_type": "whisper", "tokenizer_config": {"bos_token": {"__type": "AddedToken", "content": "<|endoftext|>", "lstrip": false, "normalized": true, "rstrip": false, "single_word": false}, "eos_token": {"__type": "AddedToken", "content": "<|endoftext|>", "lstrip": false, "normalized": true, "rstrip": false, "single_word": false}, "pad_token": null, "unk_token": {"__type": "AddedToken", "content": "<|endoftext|>", "lstrip": false, "normalized": true, "rstrip": false, "single_word": false}}}, "cardData": {"license": "apache-2.0", "base_model": "openai/whisper-base.en", "tags": ["generated_from_trainer"], "metrics": ["rouge"], "model-index": [{"name": "whispherMusic", "results": []}]}, "transformersInfo": {"auto_model": "AutoModelForSpeechSeq2Seq", "pipeline_tag": "automatic-speech-recognition", "processor": "AutoProcessor"}, "siblings": [{"rfilename": ".gitattributes"}, {"rfilename": ".gitignore"}, {"rfilename": "README.md"}, {"rfilename": "added_tokens.json"}, {"rfilename": "config.json"}, {"rfilename": "generation_config.json"}, {"rfilename": "merges.txt"}, {"rfilename": "normalizer.json"}, {"rfilename": "preprocessor_config.json"}, {"rfilename": "pytorch_model.bin"}, {"rfilename": "runs/Aug17_20-28-36_node806.pri.csf3.alces.network/events.out.tfevents.1692300524.node806.pri.csf3.alces.network.106863.0"}, {"rfilename": "runs/Aug17_20-28-36_node806.pri.csf3.alces.network/events.out.tfevents.1692303628.node806.pri.csf3.alces.network.106863.1"}, {"rfilename": "runs/Aug17_20-28-36_node806.pri.csf3.alces.network/events.out.tfevents.1692306692.node806.pri.csf3.alces.network.106863.2"}, {"rfilename": "runs/Aug17_23-24-32_node806.pri.csf3.alces.network/events.out.tfevents.1692311075.node806.pri.csf3.alces.network.106863.3"}, {"rfilename": "runs/Aug17_23-24-32_node806.pri.csf3.alces.network/events.out.tfevents.1692317130.node806.pri.csf3.alces.network.106863.4"}, {"rfilename": "runs/Aug17_23-24-32_node806.pri.csf3.alces.network/events.out.tfevents.1692323105.node806.pri.csf3.alces.network.106863.5"}, {"rfilename": "special_tokens_map.json"}, {"rfilename": "tokenizer.json"}, {"rfilename": "tokenizer_config.json"}, {"rfilename": "training_args.bin"}, {"rfilename": "vocab.json"}], "spaces": [], "createdAt": "2023-08-17T19:28:39.000Z", "inferenceStatus": "not-loaded"}