{"_id": "646af6fa96cfe72aef8666aa", "id": "naclbit/trin_tokenizer_v3", "modelId": "naclbit/trin_tokenizer_v3", "author": "naclbit", "sha": "c23f0b597769bc4543213371000a483aa0643f32", "lastModified": "2023-06-23T21:25:37.000Z", "private": false, "disabled": false, "gated": false, "tags": ["transformers", "ja", "license:mit", "region:us"], "downloads": 2, "library_name": "transformers", "likes": 0, "model-index": null, "config": {"tokenizer_config": {"bos_token": "<s>", "eos_token": "</s>", "unk_token": "<unk>", "pad_token": "<pad>", "sep_token": "<sep>", "cls_token": "<cls>"}}, "cardData": {"inference": false, "license": "mit", "language": ["ja"]}, "transformersInfo": {"auto_model": "AutoModel"}, "siblings": [{"rfilename": ".gitattributes"}, {"rfilename": "README.md"}, {"rfilename": "config.json"}, {"rfilename": "special_tokens_map.json"}, {"rfilename": "spiece.model"}, {"rfilename": "spiece.vocab"}, {"rfilename": "tokenizer_config.json"}], "spaces": [], "createdAt": "2023-05-22T05:00:42.000Z", "inferenceStatus": "not-loaded"}