{"_id": "630b5f7386b8b9904c2fed94", "id": "naclbit/trinart_stable_diffusion", "modelId": "naclbit/trinart_stable_diffusion", "author": "naclbit", "sha": "d3ecfe69d927901ac2ec48c9de61da01fec4b327", "lastModified": "2022-10-18T15:36:34.000Z", "private": false, "disabled": false, "gated": false, "pipeline_tag": "text-to-image", "tags": ["stable-diffusion", "stable-diffusion-diffusers", "text-to-image", "license:creativeml-openrail-m", "region:us"], "downloads": 0, "likes": 59, "model-index": null, "cardData": {"inference": false, "tags": ["stable-diffusion", "stable-diffusion-diffusers", "text-to-image"], "license": "creativeml-openrail-m"}, "siblings": [{"rfilename": ".gitattributes"}, {"rfilename": "README.md"}], "spaces": [], "createdAt": "2022-08-28T12:28:35.000Z", "inferenceStatus": "not-loaded"}