{"_id": "6404dec3dfde643e0611704b", "id": "nacnudmai/modelname", "modelId": "nacnudmai/modelname", "author": "nacnudmai", "sha": "44ad87ce7331c38603f0d9d89c12178cb3ac7970", "lastModified": "2023-03-05T18:26:11.000Z", "private": false, "disabled": false, "gated": false, "tags": ["license:openrail", "region:us"], "downloads": 0, "likes": 0, "model-index": null, "cardData": {"license": "openrail"}, "siblings": [{"rfilename": ".gitattributes"}, {"rfilename": "README.md"}], "spaces": [], "createdAt": "2023-03-05T18:26:11.000Z", "inferenceStatus": "not-loaded"}