{"_id": "637203eff9d8a80027a6c26a", "id": "nadanainone/popnm", "modelId": "nadanainone/popnm", "author": "nadanainone", "sha": "0672b8a443b3e254a26a8eaa8c55f9c3029f3bf4", "lastModified": "2022-12-13T05:33:37.000Z", "private": false, "disabled": false, "gated": false, "pipeline_tag": "text-to-image", "tags": ["diffusers", "stable-diffusion", "stable-diffusion-diffusers", "text-to-image", "safetensors", "en", "license:creativeml-openrail-m", "region:us"], "downloads": 21, "library_name": "diffusers", "likes": 3, "model-index": null, "cardData": {"language": ["en"], "license": "creativeml-openrail-m", "tags": ["stable-diffusion", "stable-diffusion-diffusers", "text-to-image", "diffusers", "safetensors"], "inference": false}, "siblings": [{"rfilename": ".gitattributes"}, {"rfilename": "README.md"}, {"rfilename": "popnm_10000.safetensors"}], "spaces": [], "createdAt": "2022-11-14T09:01:35.000Z", "inferenceStatus": "not-loaded"}