{"_id": "621ffdc136468d709f17e430", "id": "nada1999A/sinai-voice-ar-stt-demo-colabb", "modelId": "nada1999A/sinai-voice-ar-stt-demo-colabb", "author": "nada1999A", "sha": "e7c711883672cc939dad0bfbeacf1bcf26cbf577", "lastModified": "2022-03-01T00:09:45.000Z", "private": false, "disabled": false, "gated": false, "tags": ["tensorboard", "region:us"], "downloads": 0, "likes": 0, "config": {"tokenizer_config": {"unk_token": "[UNK]", "bos_token": "<s>", "eos_token": "</s>", "pad_token": "[PAD]"}}, "siblings": [{"rfilename": ".gitattributes"}, {"rfilename": ".gitignore"}, {"rfilename": "added_tokens.json"}, {"rfilename": "runs/Feb28_23-43-27_05c444581058/1646091996.9017951/events.out.tfevents.1646091996.05c444581058.69.1"}, {"rfilename": "runs/Feb28_23-43-27_05c444581058/events.out.tfevents.1646091996.05c444581058.69.0"}, {"rfilename": "runs/Mar01_00-01-41_05c444581058/1646093100.580004/events.out.tfevents.1646093100.05c444581058.69.3"}, {"rfilename": "runs/Mar01_00-01-41_05c444581058/events.out.tfevents.1646093100.05c444581058.69.2"}, {"rfilename": "special_tokens_map.json"}, {"rfilename": "tokenizer_config.json"}, {"rfilename": "vocab.json"}], "spaces": [], "createdAt": "2022-03-02T23:29:05.000Z", "inferenceStatus": "not-loaded"}