{"_id": "6373f697c1142685da8891a8", "id": "nadanainone/istolemyownwheat", "modelId": "nadanainone/istolemyownwheat", "author": "nadanainone", "sha": "bebf4bfd6f9916b5b993d93a7a16788252a083a4", "lastModified": "2022-12-13T05:33:53.000Z", "private": false, "disabled": false, "gated": false, "pipeline_tag": "text-to-image", "tags": ["diffusers", "stable-diffusion", "stable-diffusion-diffusers", "text-to-image", "safetensors", "en", "license:creativeml-openrail-m", "region:us"], "downloads": 70, "library_name": "diffusers", "likes": 1, "model-index": null, "cardData": {"language": ["en"], "license": "creativeml-openrail-m", "tags": ["stable-diffusion", "stable-diffusion-diffusers", "text-to-image", "diffusers", "safetensors"], "inference": false}, "siblings": [{"rfilename": ".gitattributes"}, {"rfilename": "README.md"}, {"rfilename": "istolemyownwheat_10000.safetensors"}, {"rfilename": "istolemyownwheat_15000.safetensors"}, {"rfilename": "istolemyownwheat_5000.safetensors"}], "spaces": [], "createdAt": "2022-11-15T20:29:11.000Z", "inferenceStatus": "not-loaded"}