{"_id": "63dc4056344e6b984c825d53", "id": "nadanainone/tondelora", "modelId": "nadanainone/tondelora", "author": "nadanainone", "sha": "ef0795f3d183c4be09fb87bc58c123c073216784", "lastModified": "2023-02-04T09:34:11.000Z", "private": false, "disabled": false, "gated": false, "pipeline_tag": "text-to-image", "tags": ["diffusers", "stable-diffusion", "stable-diffusion-diffusers", "text-to-image", "safetensors", "lora", "en", "license:creativeml-openrail-m", "region:us"], "downloads": 26, "library_name": "diffusers", "likes": 0, "model-index": null, "cardData": {"language": ["en"], "license": "creativeml-openrail-m", "tags": ["stable-diffusion", "stable-diffusion-diffusers", "text-to-image", "diffusers", "safetensors", "lora"], "inference": false}, "siblings": [{"rfilename": ".gitattributes"}, {"rfilename": "README.md"}, {"rfilename": "tonde.safetensors"}, {"rfilename": "tonde2.safetensors"}], "spaces": [], "createdAt": "2023-02-02T22:59:34.000Z", "inferenceStatus": "not-loaded"}