{"_id": "6398020e72f3f170d418ac7e", "id": "nadanainone/gigaschizonegs", "modelId": "nadanainone/gigaschizonegs", "author": "nadanainone", "sha": "68baac8430a43f60709daf90a8fad7e0409386ab", "lastModified": "2022-12-13T05:53:34.000Z", "private": false, "disabled": false, "gated": false, "pipeline_tag": "text-to-image", "tags": ["stable-diffusion", "text-to-image", "en", "license:creativeml-openrail-m", "region:us"], "downloads": 0, "likes": 4, "model-index": null, "cardData": {"language": ["en"], "license": "creativeml-openrail-m", "tags": ["stable-diffusion", "text-to-image"], "inference": false}, "siblings": [{"rfilename": ".gitattributes"}, {"rfilename": "README.md"}, {"rfilename": "gigaschizonegs.pt"}], "spaces": ["JoPmt/Img2Img_SD_Control_Canny_Pose_Multi", "JoPmt/Multi-SD_Cntrl_Cny_Pse_Img2Img", "JoPmt/Txt2Img_SD_LORA_MixMatch_Multi", "JoPmt/Canny_Qr_Cntrl_Multi-SD"], "createdAt": "2022-12-13T04:39:42.000Z", "inferenceStatus": "not-loaded"}