{"_id": "644c1189ed08a4fdf4def28a", "id": "NadaElmasry/vit-base-patch16-224-finetuned-imageclds", "modelId": "NadaElmasry/vit-base-patch16-224-finetuned-imageclds", "author": "NadaElmasry", "sha": "5cf87748124b6075ed1373d75da6fd98e0532bd8", "lastModified": "2023-04-28T22:20:22.000Z", "private": false, "disabled": false, "gated": false, "pipeline_tag": "image-classification", "tags": ["transformers", "pytorch", "tensorboard", "vit", "image-classification", "generated_from_trainer", "dataset:image_folder", "license:apache-2.0", "model-index", "autotrain_compatible", "endpoints_compatible", "region:us"], "downloads": 2, "library_name": "transformers", "likes": 0, "model-index": [{"name": "vit-base-patch16-224-finetuned-imageclds", "results": [{"task": {"name": "Image Classification", "type": "image-classification"}, "dataset": {"name": "image_folder", "type": "image_folder", "config": "default", "split": "train", "args": "default"}, "metrics": [{"name": "Accuracy", "type": "accuracy", "value": 0.9997405293201869, "verified": false}]}]}], "config": {"architectures": ["ViTForImageClassification"], "model_type": "vit"}, "cardData": {"license": "apache-2.0", "tags": ["generated_from_trainer"], "datasets": ["image_folder"], "metrics": ["accuracy"], "model-index": [{"name": "vit-base-patch16-224-finetuned-imageclds", "results": [{"task": {"name": "Image Classification", "type": "image-classification"}, "dataset": {"name": "image_folder", "type": "image_folder", "config": "default", "split": "train", "args": "default"}, "metrics": [{"name": "Accuracy", "type": "accuracy", "value": 0.9997405293201869, "verified": false}]}]}]}, "transformersInfo": {"auto_model": "AutoModelForImageClassification", "pipeline_tag": "image-classification", "processor": "AutoImageProcessor"}, "siblings": [{"rfilename": ".gitattributes"}, {"rfilename": ".gitignore"}, {"rfilename": "README.md"}, {"rfilename": "all_results.json"}, {"rfilename": "config.json"}, {"rfilename": "eval_results.json"}, {"rfilename": "preprocessor_config.json"}, {"rfilename": "pytorch_model.bin"}, {"rfilename": "runs/Apr28_18-33-30_d12d149dc86f/1682706970.620407/events.out.tfevents.1682706970.d12d149dc86f.23.1"}, {"rfilename": "runs/Apr28_18-33-30_d12d149dc86f/events.out.tfevents.1682706970.d12d149dc86f.23.0"}, {"rfilename": "runs/Apr28_20-35-03_c1405b8164b1/1682714213.4147148/events.out.tfevents.1682714213.c1405b8164b1.22.1"}, {"rfilename": "runs/Apr28_20-35-03_c1405b8164b1/events.out.tfevents.1682714213.c1405b8164b1.22.0"}, {"rfilename": "runs/Apr28_20-35-03_c1405b8164b1/events.out.tfevents.1682720412.c1405b8164b1.22.2"}, {"rfilename": "train_results.json"}, {"rfilename": "trainer_state.json"}, {"rfilename": "training_args.bin"}], "spaces": [], "createdAt": "2023-04-28T18:33:45.000Z", "inferenceStatus": "not-loaded"}