{"_id": "6449d25c1af713976c37c7d5", "id": "NadaElmasry/swin-tiny-patch4-window7-224-finetuned-imageds", "modelId": "NadaElmasry/swin-tiny-patch4-window7-224-finetuned-imageds", "author": "NadaElmasry", "sha": "04dd4fdb18b101ccb9ab9ea1a52353d41b6ba56b", "lastModified": "2023-04-27T01:39:40.000Z", "private": false, "disabled": false, "gated": false, "tags": ["region:us"], "downloads": 0, "likes": 0, "siblings": [{"rfilename": ".gitattributes"}], "spaces": [], "createdAt": "2023-04-27T01:39:40.000Z", "inferenceStatus": "not-loaded"}