{"_id": "6499d3fc12dc78ff5197fa0a", "id": "nadabrahman/dope", "modelId": "nadabrahman/dope", "author": "nadabrahman", "sha": "410da24b16a6a7b1f1b7112165759b3ac1cc7c82", "lastModified": "2023-06-26T18:07:56.000Z", "private": false, "disabled": false, "gated": false, "tags": ["license:openrail", "region:us"], "downloads": 0, "likes": 0, "model-index": null, "cardData": {"license": "openrail"}, "siblings": [{"rfilename": ".gitattributes"}, {"rfilename": "README.md"}], "spaces": [], "createdAt": "2023-06-26T18:07:56.000Z", "inferenceStatus": "not-loaded"}