{"_id": "6371b59015aafbe23139eeb4", "id": "nadanainone/tonde", "modelId": "nadanainone/tonde", "author": "nadanainone", "sha": "c136ad5ed81726f60a055c83f6a74605888e6137", "lastModified": "2022-12-13T05:32:41.000Z", "private": false, "disabled": false, "gated": false, "pipeline_tag": "text-to-image", "tags": ["diffusers", "stable-diffusion", "stable-diffusion-diffusers", "text-to-image", "safetensors", "en", "license:creativeml-openrail-m", "region:us"], "downloads": 16, "library_name": "diffusers", "likes": 1, "model-index": null, "cardData": {"language": ["en"], "license": "creativeml-openrail-m", "tags": ["stable-diffusion", "stable-diffusion-diffusers", "text-to-image", "diffusers", "safetensors"], "inference": false}, "siblings": [{"rfilename": ".gitattributes"}, {"rfilename": "README.md"}, {"rfilename": "tonde_10000.safetensors"}, {"rfilename": "tondehn1-10000.pt"}], "spaces": [], "createdAt": "2022-11-14T03:27:12.000Z", "inferenceStatus": "not-loaded"}