{"_id": "6441ef75a839ee8033224c38", "id": "Nada-Mohammed-Moawad/vit-base-patch16-224-in21k-euroSat", "modelId": "Nada-Mohammed-Moawad/vit-base-patch16-224-in21k-euroSat", "author": "Nada-Mohammed-Moawad", "sha": "0f7c92399e3b69d74e32ce7d2c2e18ea30de9e66", "lastModified": "2023-04-21T02:05:41.000Z", "private": false, "disabled": false, "gated": false, "tags": ["region:us"], "downloads": 0, "likes": 0, "siblings": [{"rfilename": ".gitattributes"}], "spaces": [], "createdAt": "2023-04-21T02:05:41.000Z", "inferenceStatus": "not-loaded"}