{"_id": "6643f0440cb343054e8934bd", "id": "Nadahass/MREG-Orig-LORA8-13b-4batches-300epochs-q8-3e-4", "modelId": "Nadahass/MREG-Orig-LORA8-13b-4batches-300epochs-q8-3e-4", "author": "Nadahass", "sha": "84e0f6ebf2a5990c5b81606bb2c84a39aba2f206", "lastModified": "2024-05-14T23:14:15.000Z", "private": false, "disabled": false, "gated": false, "tags": ["transformers", "safetensors", "arxiv:1910.09700", "endpoints_compatible", "region:us"], "downloads": 0, "library_name": "transformers", "likes": 0, "model-index": null, "cardData": {"library_name": "transformers", "tags": []}, "transformersInfo": {"auto_model": "AutoModel"}, "siblings": [{"rfilename": ".gitattributes"}, {"rfilename": "README.md"}, {"rfilename": "adapter_config.json"}, {"rfilename": "adapter_model.safetensors"}, {"rfilename": "generation_config.json"}], "spaces": [], "createdAt": "2024-05-14T23:14:12.000Z", "inferenceStatus": "not-loaded"}