{"_id": "621ffdc136468d709f17e433", "id": "nadaAlnada/sinai-voice-ar-stt-demo-colab1", "modelId": "nadaAlnada/sinai-voice-ar-stt-demo-colab1", "author": "nadaAlnada", "sha": "eea0017dda4d31e04b97d7adec3fddffbda5db45", "lastModified": "2022-03-01T00:26:38.000Z", "private": false, "disabled": false, "gated": false, "tags": ["region:us"], "downloads": 0, "likes": 0, "config": {"tokenizer_config": {"unk_token": "[UNK]", "bos_token": "<s>", "eos_token": "</s>", "pad_token": "[PAD]"}}, "siblings": [{"rfilename": ".gitattributes"}, {"rfilename": "added_tokens.json"}, {"rfilename": "special_tokens_map.json"}, {"rfilename": "tokenizer_config.json"}, {"rfilename": "vocab.json"}], "spaces": [], "createdAt": "2022-03-02T23:29:05.000Z", "inferenceStatus": "not-loaded"}