{"_id": "6685f57cda1e42c1de37f7b8", "id": "Nada2125/paligemma-3b-arabic-handwritten-ocr-1", "modelId": "Nada2125/paligemma-3b-arabic-handwritten-ocr-1", "author": "Nada2125", "sha": "249a87a5eae6d34c81e76903c4662fb3be1288df", "lastModified": "2024-07-04T11:50:50.000Z", "private": false, "disabled": false, "gated": false, "tags": ["transformers", "safetensors", "paligemma", "pretraining", "arxiv:1910.09700", "text-generation-inference", "endpoints_compatible", "region:us"], "downloads": 6, "library_name": "transformers", "likes": 0, "model-index": null, "config": {"architectures": ["PaliGemmaForConditionalGeneration"], "model_type": "paligemma", "tokenizer_config": {"bos_token": "<bos>", "eos_token": "<eos>", "pad_token": "<pad>", "unk_token": "<unk>", "use_default_system_prompt": false}}, "cardData": {"library_name": "transformers", "tags": []}, "transformersInfo": {"auto_model": "AutoModelForPreTraining", "pipeline_tag": "pretraining", "processor": "AutoProcessor"}, "siblings": [{"rfilename": ".gitattributes"}, {"rfilename": "README.md"}, {"rfilename": "adapter_config.json"}, {"rfilename": "adapter_model.safetensors"}, {"rfilename": "added_tokens.json"}, {"rfilename": "config.json"}, {"rfilename": "preprocessor_config.json"}, {"rfilename": "special_tokens_map.json"}, {"rfilename": "tokenizer.json"}, {"rfilename": "tokenizer.model"}, {"rfilename": "tokenizer_config.json"}], "spaces": [], "createdAt": "2024-07-04T01:06:04.000Z", "inferenceStatus": "not-loaded"}