{"_id": "66674991c6352592db5ad2aa", "id": "nada5/nvembeds_sentence", "modelId": "nada5/nvembeds_sentence", "author": "nada5", "sha": "8563d3c7f55d061be472c1dd7f275f79a9791e9b", "lastModified": "2024-06-10T21:26:54.000Z", "private": false, "disabled": false, "gated": false, "pipeline_tag": "sentence-similarity", "tags": ["sentence-transformers", "safetensors", "nvembed", "feature-extraction", "sentence-similarity", "transformers", "custom_code", "autotrain_compatible", "endpoints_compatible", "region:us"], "downloads": 17, "library_name": "sentence-transformers", "widgetData": [{"source_sentence": "That is a happy person", "sentences": ["That is a happy dog", "That is a very happy person", "Today is a sunny day"]}], "likes": 0, "model-index": null, "config": {"architectures": ["NVEmbedModel"], "auto_map": {"AutoConfig": "configuration_nvembed.NVEmbedConfig", "AutoModel": "modeling_nvembed.NVEmbedModel"}, "model_type": "nvembed", "tokenizer_config": {"bos_token": "<s>", "eos_token": "</s>", "pad_token": "</s>", "unk_token": "<unk>", "use_default_system_prompt": false}}, "cardData": {"library_name": "sentence-transformers", "pipeline_tag": "sentence-similarity", "tags": ["sentence-transformers", "feature-extraction", "sentence-similarity", "transformers"]}, "transformersInfo": {"auto_model": "AutoModel", "custom_class": "modeling_nvembed.NVEmbedModel", "pipeline_tag": "feature-extraction"}, "siblings": [{"rfilename": ".gitattributes"}, {"rfilename": "1_Pooling/config.json"}, {"rfilename": "README.md"}, {"rfilename": "config.json"}, {"rfilename": "config_sentence_transformers.json"}, {"rfilename": "configuration_nvembed.py"}, {"rfilename": "model-00001-of-00007.safetensors"}, {"rfilename": "model-00002-of-00007.safetensors"}, {"rfilename": "model-00003-of-00007.safetensors"}, {"rfilename": "model-00004-of-00007.safetensors"}, {"rfilename": "model-00005-of-00007.safetensors"}, {"rfilename": "model-00006-of-00007.safetensors"}, {"rfilename": "model-00007-of-00007.safetensors"}, {"rfilename": "model.safetensors.index.json"}, {"rfilename": "modeling_nvembed.py"}, {"rfilename": "modules.json"}, {"rfilename": "sentence_bert_config.json"}, {"rfilename": "special_tokens_map.json"}, {"rfilename": "tokenizer.json"}, {"rfilename": "tokenizer.model"}, {"rfilename": "tokenizer_config.json"}], "spaces": [], "createdAt": "2024-06-10T18:44:33.000Z", "safetensors": {"parameters": {"F32": 7851016192}, "total": 7851016192}, "inferenceStatus": "not-loaded"}