{"_id": "65fd84034865af0ea5cdc8d0", "id": "Nada25/mistral-finetuned-alpaca", "modelId": "Nada25/mistral-finetuned-alpaca", "author": "Nada25", "sha": "3a11da7325e1f6c6dd4cde5673f9b90be083ebcf", "lastModified": "2024-03-22T14:55:23.000Z", "private": false, "disabled": false, "gated": false, "tags": ["tensorboard", "safetensors", "region:us"], "downloads": 0, "likes": 0, "config": {"tokenizer_config": {"bos_token": "<s>", "chat_template": "{{ bos_token }}{% for message in messages %}{% if (message['role'] == 'user') != (loop.index0 % 2 == 0) %}{{ raise_exception('Conversation roles must alternate user/assistant/user/assistant/...') }}{% endif %}{% if message['role'] == 'user' %}{{ '[INST] ' + message['content'] + ' [/INST]' }}{% elif message['role'] == 'assistant' %}{{ message['content'] + eos_token + ' ' }}{% else %}{{ raise_exception('Only user and assistant roles are supported!') }}{% endif %}{% endfor %}", "eos_token": "</s>", "pad_token": "</s>", "unk_token": "<unk>", "use_default_system_prompt": true}}, "siblings": [{"rfilename": ".gitattributes"}, {"rfilename": "adapter_config.json"}, {"rfilename": "adapter_model.safetensors"}, {"rfilename": "runs/Mar22_13-13-38_ac608f6c374b/events.out.tfevents.1711113220.ac608f6c374b.1263.0"}, {"rfilename": "runs/Mar22_14-41-27_ac608f6c374b/events.out.tfevents.1711118491.ac608f6c374b.1263.1"}, {"rfilename": "special_tokens_map.json"}, {"rfilename": "tokenizer.json"}, {"rfilename": "tokenizer.model"}, {"rfilename": "tokenizer_config.json"}, {"rfilename": "training_args.bin"}], "spaces": [], "createdAt": "2024-03-22T13:13:39.000Z", "inferenceStatus": "not-loaded"}