{"_id": "644f9a95577838187ef5ceef", "id": "Nada-Mohammed-Moawad/swin-tiny-patch4-window7-224-finetuned-eurosat", "modelId": "Nada-Mohammed-Moawad/swin-tiny-patch4-window7-224-finetuned-eurosat", "author": "Nada-Mohammed-Moawad", "sha": "f762583f1da9096b8f37e0a5bd2cb10b3c714b0c", "lastModified": "2023-05-01T10:55:17.000Z", "private": false, "disabled": false, "gated": false, "tags": ["region:us"], "downloads": 0, "likes": 0, "siblings": [{"rfilename": ".gitattributes"}], "spaces": [], "createdAt": "2023-05-01T10:55:17.000Z", "inferenceStatus": "not-loaded"}