{"_id": "621ffdc136468d709f17e434", "id": "nadaAlnada/sinai-voice-ar-stt-demo-colabb", "modelId": "nadaAlnada/sinai-voice-ar-stt-demo-colabb", "author": "nadaAlnada", "sha": "7b22a492c12d7365e6eff35ce4da7518b8210f06", "lastModified": "2022-03-01T00:19:53.000Z", "private": false, "disabled": false, "gated": false, "tags": ["region:us"], "downloads": 0, "likes": 0, "siblings": [{"rfilename": ".gitattributes"}], "spaces": [], "createdAt": "2022-03-02T23:29:05.000Z", "inferenceStatus": "not-loaded"}