{"_id": "63dc91d66598672a44be20c1", "id": "nadanainone/popnlora", "modelId": "nadanainone/popnlora", "author": "nadanainone", "sha": "fd6713c7d5f3c692d13bd6ea5b1c0739d5ea28d4", "lastModified": "2023-02-04T07:39:30.000Z", "private": false, "disabled": false, "gated": false, "pipeline_tag": "text-to-image", "tags": ["diffusers", "stable-diffusion", "stable-diffusion-diffusers", "text-to-image", "safetensors", "lora", "en", "license:creativeml-openrail-m", "region:us"], "downloads": 26, "library_name": "diffusers", "likes": 1, "model-index": null, "cardData": {"language": ["en"], "license": "creativeml-openrail-m", "tags": ["stable-diffusion", "stable-diffusion-diffusers", "text-to-image", "diffusers", "safetensors", "lora"], "inference": false}, "siblings": [{"rfilename": ".gitattributes"}, {"rfilename": "README.md"}, {"rfilename": "popn.safetensors"}, {"rfilename": "popn2.safetensors"}], "spaces": [], "createdAt": "2023-02-03T04:47:18.000Z", "inferenceStatus": "not-loaded"}