{"_id": "643ab74cf6ef50c310d70291", "id": "Nada2001/streamlitSegmentation", "modelId": "Nada2001/streamlitSegmentation", "author": "Nada2001", "sha": "9dd338ef6e92f7053cf0cd63d2003f26a1dbf9ed", "lastModified": "2023-06-30T13:23:41.000Z", "private": false, "disabled": false, "gated": false, "tags": ["region:us"], "downloads": 0, "likes": 0, "siblings": [{"rfilename": ".gitattributes"}, {"rfilename": "1.jpg"}, {"rfilename": "2.jpg"}, {"rfilename": "3.jpg"}, {"rfilename": "UNet data xray_model3.h5"}, {"rfilename": "app.py"}], "spaces": [], "createdAt": "2023-04-15T14:40:12.000Z", "inferenceStatus": "not-loaded"}