{"_id": "6612e522e607f4af923361d9", "id": "Nada81/Nada_Model", "modelId": "Nada81/Nada_Model", "author": "Nada81", "sha": "257397a93b788b2bec91409f737ced854d8d7c5a", "lastModified": "2024-04-07T19:16:35.000Z", "private": false, "disabled": false, "gated": false, "pipeline_tag": "feature-extraction", "tags": ["transformers", "safetensors", "xlm-roberta", "feature-extraction", "ar", "en", "multilingual", "license:mit", "text-embeddings-inference", "endpoints_compatible", "region:us"], "downloads": 1, "library_name": "transformers", "mask_token": "<mask>", "likes": 0, "model-index": null, "config": {"architectures": ["XLMRobertaModel"], "model_type": "xlm-roberta"}, "cardData": {"language": ["ar", "en", "multilingual"], "license": "mit"}, "transformersInfo": {"auto_model": "AutoModel", "pipeline_tag": "feature-extraction", "processor": "AutoTokenizer"}, "siblings": [{"rfilename": ".gitattributes"}, {"rfilename": "README.md"}, {"rfilename": "config.json"}, {"rfilename": "model.safetensors"}], "spaces": [], "createdAt": "2024-04-07T18:25:38.000Z", "safetensors": {"parameters": {"F32": 559890432}, "total": 559890432}, "inferenceStatus": "not-loaded"}