{"_id": "644b40ebcb45734dfd4fde8a", "id": "NadaElmasry/resnet-50-finetuned-imageclds", "modelId": "NadaElmasry/resnet-50-finetuned-imageclds", "author": "NadaElmasry", "sha": "0ea951dc1796e6d00accacf55ac6e830579b645b", "lastModified": "2023-04-28T21:08:57.000Z", "private": false, "disabled": false, "gated": false, "pipeline_tag": "image-classification", "tags": ["transformers", "pytorch", "tensorboard", "resnet", "image-classification", "generated_from_trainer", "dataset:image_folder", "license:apache-2.0", "model-index", "autotrain_compatible", "endpoints_compatible", "region:us"], "downloads": 2, "library_name": "transformers", "likes": 0, "model-index": [{"name": "resnet-50-finetuned-imageclds", "results": [{"task": {"name": "Image Classification", "type": "image-classification"}, "dataset": {"name": "image_folder", "type": "image_folder", "config": "default", "split": "train", "args": "default"}, "metrics": [{"name": "Accuracy", "type": "accuracy", "value": 0.9992215879605605, "verified": false}]}]}], "config": {"architectures": ["ResNetForImageClassification"], "model_type": "resnet"}, "cardData": {"license": "apache-2.0", "tags": ["generated_from_trainer"], "datasets": ["image_folder"], "metrics": ["accuracy"], "model-index": [{"name": "resnet-50-finetuned-imageclds", "results": [{"task": {"name": "Image Classification", "type": "image-classification"}, "dataset": {"name": "image_folder", "type": "image_folder", "config": "default", "split": "train", "args": "default"}, "metrics": [{"name": "Accuracy", "type": "accuracy", "value": 0.9992215879605605, "verified": false}]}]}]}, "transformersInfo": {"auto_model": "AutoModelForImageClassification", "pipeline_tag": "image-classification", "processor": "AutoImageProcessor"}, "siblings": [{"rfilename": ".gitattributes"}, {"rfilename": ".gitignore"}, {"rfilename": "README.md"}, {"rfilename": "all_results.json"}, {"rfilename": "config.json"}, {"rfilename": "eval_results.json"}, {"rfilename": "preprocessor_config.json"}, {"rfilename": "pytorch_model.bin"}, {"rfilename": "runs/Apr28_03-43-31_9ebcc5b79a08/1682653493.1851392/events.out.tfevents.1682653493.9ebcc5b79a08.6233.1"}, {"rfilename": "runs/Apr28_03-43-31_9ebcc5b79a08/events.out.tfevents.1682653493.9ebcc5b79a08.6233.0"}, {"rfilename": "runs/Apr28_14-26-41_ae7c318a8ff7/1682692040.75314/events.out.tfevents.1682692040.ae7c318a8ff7.23.1"}, {"rfilename": "runs/Apr28_14-26-41_ae7c318a8ff7/events.out.tfevents.1682692040.ae7c318a8ff7.23.0"}, {"rfilename": "runs/Apr28_16-05-27_35526ea9e790/1682698071.838544/events.out.tfevents.1682698071.35526ea9e790.23.1"}, {"rfilename": "runs/Apr28_16-05-27_35526ea9e790/events.out.tfevents.1682698071.35526ea9e790.23.0"}, {"rfilename": "runs/Apr28_16-23-06_35526ea9e790/1682699214.8996613/events.out.tfevents.1682699214.35526ea9e790.23.3"}, {"rfilename": "runs/Apr28_16-23-06_35526ea9e790/1682699824.1480787/events.out.tfevents.1682699824.35526ea9e790.23.5"}, {"rfilename": "runs/Apr28_16-23-06_35526ea9e790/1682700784.2936368/events.out.tfevents.1682700784.35526ea9e790.23.7"}, {"rfilename": "runs/Apr28_16-23-06_35526ea9e790/1682701437.6762671/events.out.tfevents.1682701437.35526ea9e790.23.9"}, {"rfilename": "runs/Apr28_16-23-06_35526ea9e790/1682702135.701292/events.out.tfevents.1682702135.35526ea9e790.23.11"}, {"rfilename": "runs/Apr28_16-23-06_35526ea9e790/events.out.tfevents.1682699214.35526ea9e790.23.2"}, {"rfilename": "runs/Apr28_16-23-06_35526ea9e790/events.out.tfevents.1682699824.35526ea9e790.23.4"}, {"rfilename": "runs/Apr28_16-23-06_35526ea9e790/events.out.tfevents.1682700784.35526ea9e790.23.6"}, {"rfilename": "runs/Apr28_16-23-06_35526ea9e790/events.out.tfevents.1682701437.35526ea9e790.23.8"}, {"rfilename": "runs/Apr28_16-23-06_35526ea9e790/events.out.tfevents.1682702135.35526ea9e790.23.10"}, {"rfilename": "runs/Apr28_18-28-44_b46e74ac7925/1682706562.1193743/events.out.tfevents.1682706562.b46e74ac7925.23.1"}, {"rfilename": "runs/Apr28_18-28-44_b46e74ac7925/events.out.tfevents.1682706562.b46e74ac7925.23.0"}, {"rfilename": "runs/Apr28_20-16-07_db1c4b2291fe/1682713004.1736424/events.out.tfevents.1682713004.db1c4b2291fe.23.1"}, {"rfilename": "runs/Apr28_20-16-07_db1c4b2291fe/events.out.tfevents.1682713004.db1c4b2291fe.23.0"}, {"rfilename": "runs/Apr28_20-16-07_db1c4b2291fe/events.out.tfevents.1682716098.db1c4b2291fe.23.2"}, {"rfilename": "train_results.json"}, {"rfilename": "trainer_state.json"}, {"rfilename": "training_args.bin"}], "spaces": [], "createdAt": "2023-04-28T03:43:39.000Z", "inferenceStatus": "not-loaded"}