{"_id": "621ffdc136468d709f17e431", "id": "nada1999A/wav2vec2-large-xlsr-53-demo-colab", "modelId": "nada1999A/wav2vec2-large-xlsr-53-demo-colab", "author": "nada1999A", "sha": "3eb773319d6d0ee7c1c0e4e3823230a2485e5443", "lastModified": "2022-02-28T10:30:05.000Z", "private": false, "disabled": false, "gated": false, "tags": ["region:us"], "downloads": 0, "likes": 0, "config": {"tokenizer_config": {"unk_token": "[UNK]", "bos_token": "<s>", "eos_token": "</s>", "pad_token": "[PAD]"}}, "siblings": [{"rfilename": ".gitattributes"}, {"rfilename": "added_tokens.json"}, {"rfilename": "special_tokens_map.json"}, {"rfilename": "tokenizer_config.json"}, {"rfilename": "vocab.json"}], "spaces": [], "createdAt": "2022-03-02T23:29:05.000Z", "inferenceStatus": "not-loaded"}