{"_id": "63716dba67cd0e881504b62f", "id": "nadanainone/istolemyownart", "modelId": "nadanainone/istolemyownart", "author": "nadanainone", "sha": "9f57c7e7da1e54834851851c2c6ed6f724c4ccef", "lastModified": "2022-12-13T05:33:16.000Z", "private": false, "disabled": false, "gated": false, "pipeline_tag": "text-to-image", "tags": ["diffusers", "stable-diffusion", "stable-diffusion-diffusers", "text-to-image", "safetensors", "en", "license:creativeml-openrail-m", "region:us"], "downloads": 18, "library_name": "diffusers", "likes": 3, "model-index": null, "cardData": {"language": ["en"], "license": "creativeml-openrail-m", "tags": ["stable-diffusion", "stable-diffusion-diffusers", "text-to-image", "diffusers", "safetensors"], "inference": false}, "siblings": [{"rfilename": ".gitattributes"}, {"rfilename": "README.md"}, {"rfilename": "istolemyownart_10000.safetensors"}, {"rfilename": "istolemyownhypernetwork.pt"}], "spaces": [], "createdAt": "2022-11-13T22:20:42.000Z", "inferenceStatus": "not-loaded"}