{"_id": "661d9074fdbc9c247f0206fb", "id": "Nada81/FineTunedModelTest", "modelId": "Nada81/FineTunedModelTest", "author": "Nada81", "sha": "89dafb0c5944e0eb196123c59ed3f0f077d509ff", "lastModified": "2024-04-15T21:23:00.000Z", "private": false, "disabled": false, "gated": false, "pipeline_tag": "text-classification", "tags": ["transformers", "tensorboard", "safetensors", "gpt2", "text-classification", "generated_from_trainer", "base_model:gpt2", "license:mit", "autotrain_compatible", "text-generation-inference", "endpoints_compatible", "region:us"], "downloads": 4, "library_name": "transformers", "widgetData": [{"text": "I like you. I love you"}], "likes": 0, "model-index": [{"name": "FineTunedModelTest", "results": []}], "config": {"architectures": ["GPT2ForSequenceClassification"], "model_type": "gpt2"}, "cardData": {"license": "mit", "base_model": "gpt2", "tags": ["generated_from_trainer"], "model-index": [{"name": "FineTunedModelTest", "results": []}]}, "transformersInfo": {"auto_model": "AutoModelForSequenceClassification", "pipeline_tag": "text-classification", "processor": "AutoTokenizer"}, "siblings": [{"rfilename": ".gitattributes"}, {"rfilename": "README.md"}, {"rfilename": "config.json"}, {"rfilename": "model.safetensors"}, {"rfilename": "runs/Apr15_13-36-17_df15903fd99b/events.out.tfevents.1713188177.df15903fd99b.418.0"}, {"rfilename": "runs/Apr15_20-39-15_d96420e053a1/events.out.tfevents.1713213557.d96420e053a1.222.0"}, {"rfilename": "training_args.bin"}], "spaces": [], "createdAt": "2024-04-15T20:39:16.000Z", "safetensors": {"parameters": {"F32": 124441344}, "total": 124441344}, "inferenceStatus": "not-loaded"}