{"_id": "63db070cca02a16f043780eb", "id": "nadanainone/istolemyownlora", "modelId": "nadanainone/istolemyownlora", "author": "nadanainone", "sha": "fa7a07599a1f59803035b9a8aff885d9bb3a338f", "lastModified": "2023-02-04T04:31:28.000Z", "private": false, "disabled": false, "gated": false, "pipeline_tag": "text-to-image", "tags": ["diffusers", "stable-diffusion", "stable-diffusion-diffusers", "text-to-image", "safetensors", "lora", "en", "license:creativeml-openrail-m", "region:us"], "downloads": 35, "library_name": "diffusers", "likes": 1, "model-index": null, "cardData": {"language": ["en"], "license": "creativeml-openrail-m", "tags": ["stable-diffusion", "stable-diffusion-diffusers", "text-to-image", "diffusers", "safetensors", "lora"], "inference": false}, "siblings": [{"rfilename": ".gitattributes"}, {"rfilename": "README.md"}, {"rfilename": "istolemyownlora.safetensors"}, {"rfilename": "istolemyownlora2.safetensors"}, {"rfilename": "istolemyownlora3.safetensors"}], "spaces": [], "createdAt": "2023-02-02T00:42:52.000Z", "inferenceStatus": "not-loaded"}