{"_id": "6555e86a38985840b37dec84", "id": "3104FYPHuggingFace/TestModel2", "modelId": "3104FYPHuggingFace/TestModel2", "author": "3104FYPHuggingFace", "sha": "69308dec22bb8c95f82e52c5ed7fd0ba97818587", "lastModified": "2023-11-16T10:42:12.000Z", "private": false, "disabled": false, "gated": false, "tags": ["pytorch", "region:us"], "downloads": 0, "likes": 0, "siblings": [{"rfilename": ".gitattributes"}, {"rfilename": "optimizer.bin"}, {"rfilename": "pytorch_model.bin"}, {"rfilename": "random_states_0.pkl"}, {"rfilename": "scheduler.bin"}], "spaces": [], "createdAt": "2023-11-16T10:01:14.000Z", "inferenceStatus": "not-loaded"}