{"_id": "6555f52b7890a098986487e0", "id": "3104FYPHuggingFace/TestModel3", "modelId": "3104FYPHuggingFace/TestModel3", "author": "3104FYPHuggingFace", "sha": "5b6d45afcaa8e584e134fec66fc9818ece05e225", "lastModified": "2023-11-16T11:01:21.000Z", "private": false, "disabled": false, "gated": false, "tags": ["pytorch", "region:us"], "downloads": 0, "likes": 0, "siblings": [{"rfilename": ".gitattributes"}, {"rfilename": "optimizer.bin"}, {"rfilename": "pytorch_model.bin"}, {"rfilename": "random_states_0.pkl"}, {"rfilename": "scheduler.bin"}], "spaces": [], "createdAt": "2023-11-16T10:55:39.000Z", "inferenceStatus": "not-loaded"}