{"_id": "65d36715b333cd6754e1e7fb", "id": "316usman/lawep-thematic4a", "modelId": "316usman/lawep-thematic4a", "author": "316usman", "sha": "992a3f986d410024e16d4774b1526248da1369db", "lastModified": "2024-02-19T14:35:01.000Z", "private": false, "disabled": false, "gated": false, "tags": ["license:bsd", "region:us"], "downloads": 0, "likes": 0, "model-index": null, "cardData": {"license": "bsd"}, "siblings": [{"rfilename": ".gitattributes"}, {"rfilename": "README.md"}], "spaces": [], "createdAt": "2024-02-19T14:35:01.000Z", "inferenceStatus": "not-loaded"}