{"_id": "64cd3aef4e3372f9eb4f537f", "id": "31Geovane/Tico", "modelId": "31Geovane/Tico", "author": "31Geovane", "sha": "22bd604fd7c268cb2953ed13a2b2dc31e266882e", "lastModified": "2023-08-04T17:52:47.000Z", "private": false, "disabled": false, "gated": false, "tags": ["license:openrail", "region:us"], "downloads": 0, "likes": 0, "model-index": null, "cardData": {"license": "openrail"}, "siblings": [{"rfilename": ".gitattributes"}, {"rfilename": "README.md"}], "spaces": [], "createdAt": "2023-08-04T17:52:47.000Z", "inferenceStatus": "not-loaded"}