{"_id": "6684d42616dcef322c0b9ad7", "id": "31MVoicesArchive/Tulio-31-Minutos-RVC-By-Cobblestone1890-and-Venussblue", "modelId": "31MVoicesArchive/Tulio-31-Minutos-RVC-By-Cobblestone1890-and-Venussblue", "author": "31MVoicesArchive", "sha": "9fa88ad17cda3f205e9fa9913d3812748c56aebe", "lastModified": "2024-07-03T04:37:42.000Z", "private": false, "disabled": false, "gated": false, "tags": ["license:openrail", "region:us"], "downloads": 0, "likes": 0, "model-index": null, "cardData": {"license": "openrail"}, "siblings": [{"rfilename": ".gitattributes"}, {"rfilename": "README.md"}, {"rfilename": "TulioRVCv2.zip"}], "spaces": [], "createdAt": "2024-07-03T04:31:34.000Z", "inferenceStatus": "not-loaded"}