{"_id": "6644699c9d42d1d77c4facaf", "id": "32health/merged_phi3_v1", "modelId": "32health/merged_phi3_v1", "author": "32health", "sha": "d07be6e4f4ee3354af2940076f9b61d9ba76bc9d", "lastModified": "2024-05-15T11:21:44.000Z", "private": false, "disabled": false, "gated": false, "pipeline_tag": "text-generation", "tags": ["transformers", "safetensors", "phi3", "text-generation", "conversational", "custom_code", "arxiv:1910.09700", "autotrain_compatible", "endpoints_compatible", "region:us"], "downloads": 3, "library_name": "transformers", "widgetData": [{"text": "Hey my name is Julien! How are you?"}, {"text": "Hey my name is Thomas! How are you?"}, {"text": "Hey my name is Mariama! How are you?"}, {"text": "Hey my name is Clara! How are you?"}, {"text": "Hey my name is Julien! How are you?"}, {"text": "Hi."}], "likes": 0, "model-index": null, "config": {"architectures": ["Phi3ForCausalLM"], "auto_map": {"AutoConfig": "microsoft/Phi-3-mini-4k-instruct--configuration_phi3.Phi3Config", "AutoModelForCausalLM": "microsoft/Phi-3-mini-4k-instruct--modeling_phi3.Phi3ForCausalLM"}, "model_type": "phi3", "tokenizer_config": {"bos_token": "<s>", "chat_template": "{{ bos_token }}{% for message in messages %}{% if (message['role'] == 'user') %}{{'<|user|>' + '\n' + message['content'] + '<|end|>' + '\n' + '<|assistant|>' + '\n'}}{% elif (message['role'] == 'assistant') %}{{message['content'] + '<|end|>' + '\n'}}{% endif %}{% endfor %}", "eos_token": "<|endoftext|>", "pad_token": "<unk>", "unk_token": "<unk>", "use_default_system_prompt": false}}, "cardData": {"library_name": "transformers"}, "transformersInfo": {"auto_model": "AutoModelForCausalLM", "pipeline_tag": "text-generation", "processor": "AutoTokenizer"}, "siblings": [{"rfilename": ".gitattributes"}, {"rfilename": "README.md"}, {"rfilename": "added_tokens.json"}, {"rfilename": "config.json"}, {"rfilename": "generation_config.json"}, {"rfilename": "model-00001-of-00002.safetensors"}, {"rfilename": "model-00002-of-00002.safetensors"}, {"rfilename": "model.safetensors.index.json"}, {"rfilename": "special_tokens_map.json"}, {"rfilename": "tokenizer.json"}, {"rfilename": "tokenizer.model"}, {"rfilename": "tokenizer_config.json"}], "spaces": [], "createdAt": "2024-05-15T07:51:56.000Z", "safetensors": {"parameters": {"BF16": 3820753920}, "total": 3820753920}, "inferenceStatus": "not-loaded"}