{"_id": "6574a2ddc79162da90c6dce9", "id": "34254te5rytyj/123454321", "modelId": "34254te5rytyj/123454321", "author": "34254te5rytyj", "sha": "cbaf4cbd2f798c6f5cb5b73aa9cfece8f7a51604", "lastModified": "2023-12-09T17:30:30.000Z", "private": false, "disabled": false, "gated": false, "tags": ["license:openrail", "region:us"], "downloads": 0, "likes": 0, "model-index": null, "cardData": {"license": "openrail"}, "siblings": [{"rfilename": ".gitattributes"}, {"rfilename": "BL\u00d8F met Geike Arnaert - Zoutelande (official lyric video).zip"}, {"rfilename": "Het Allerbeste van Geert Wilders Compilatie #1 Partijleider PVV  2e kamer debat.zip"}, {"rfilename": "README.md"}], "spaces": [], "createdAt": "2023-12-09T17:24:45.000Z", "inferenceStatus": "not-loaded"}