{"_id": "6328f4f21558dac67c48ba80", "id": "34324324esfesf/autotrain-tfgt-1512454907", "modelId": "34324324esfesf/autotrain-tfgt-1512454907", "author": "34324324esfesf", "sha": "01c9dcd55ab87ca5fe44dbaf174dd6583bf6ab60", "lastModified": "2022-09-19T23:03:29.000Z", "private": false, "disabled": false, "gated": false, "tags": ["transformers", "pytorch", "endpoints_compatible", "region:us"], "downloads": 1, "library_name": "transformers", "likes": 0, "transformersInfo": {"auto_model": "AutoModel"}, "siblings": [{"rfilename": ".gitattributes"}, {"rfilename": "config.json"}, {"rfilename": "merges.txt"}, {"rfilename": "pytorch_model.bin"}, {"rfilename": "special_tokens_map.json"}, {"rfilename": "tokenizer.json"}, {"rfilename": "tokenizer_config.json"}, {"rfilename": "vocab.json"}], "spaces": [], "createdAt": "2022-09-19T23:02:10.000Z", "inferenceStatus": "not-loaded"}