{"_id": "6329ccbdafa9d2dcccde0338", "id": "34324324esfesf/autotrain-sds-1516354966", "modelId": "34324324esfesf/autotrain-sds-1516354966", "author": "34324324esfesf", "sha": "9d3c8439feace21e98d462714c9f09db414e76cb", "lastModified": "2022-09-20T14:23:57.000Z", "private": false, "disabled": false, "gated": false, "tags": ["transformers", "pytorch", "endpoints_compatible", "region:us"], "downloads": 1, "library_name": "transformers", "likes": 0, "transformersInfo": {"auto_model": "AutoModel"}, "siblings": [{"rfilename": ".gitattributes"}, {"rfilename": "config.json"}, {"rfilename": "merges.txt"}, {"rfilename": "pytorch_model.bin"}, {"rfilename": "special_tokens_map.json"}, {"rfilename": "tokenizer.json"}, {"rfilename": "tokenizer_config.json"}, {"rfilename": "vocab.json"}], "spaces": [], "createdAt": "2022-09-20T14:22:53.000Z", "inferenceStatus": "not-loaded"}