{"_id": "63f4b0e29801da0debee4dd8", "id": "346368616E/Kawaii_LoRA", "modelId": "346368616E/Kawaii_LoRA", "author": "346368616E", "sha": "3b84908e5b90373bf1f8a4040b15307294402ae1", "lastModified": "2023-03-21T04:40:32.000Z", "private": false, "disabled": false, "gated": false, "tags": ["license:creativeml-openrail-m", "region:us"], "downloads": 0, "likes": 0, "model-index": null, "cardData": {"license": "creativeml-openrail-m"}, "siblings": [{"rfilename": ".gitattributes"}, {"rfilename": "Kawaii/aletta_sky/Aletta-Hard.safetensors"}, {"rfilename": "Kawaii/aletta_sky/Aletta-Med.safetensors"}, {"rfilename": "Kawaii/aletta_sky/Aletta-Soft.safetensors"}, {"rfilename": "Kawaii/charlotte_suzu/Charzu-Hard.safetensors"}, {"rfilename": "Kawaii/charlotte_suzu/Charzu-Med.safetensors"}, {"rfilename": "Kawaii/charlotte_suzu/Charzu-Soft.safetensors"}, {"rfilename": "Kawaii/isla_coleman/Isla-Hard.safetensors"}, {"rfilename": "Kawaii/isla_coleman/Isla-Med.safetensors"}, {"rfilename": "Kawaii/isla_coleman/Isla-Soft.safetensors"}, {"rfilename": "Kawaii/lua_asuka/Lua-Hard.safetensors"}, {"rfilename": "Kawaii/lua_asuka/Lua-Med.safetensors"}, {"rfilename": "Kawaii/lua_asuka/Lua-Soft.safetensors"}, {"rfilename": "Kawaii/lua_asuka/Lua2.safetensors"}, {"rfilename": "Kawaii/miryu_kotofuji/Miryu-Hard.safetensors"}, {"rfilename": "Kawaii/miryu_kotofuji/Miryu-Med.safetensors"}, {"rfilename": "Kawaii/miryu_kotofuji/Miryu-Soft.safetensors"}, {"rfilename": "Kawaii/namiji_freesia/Nami-Hard.safetensors"}, {"rfilename": "Kawaii/namiji_freesia/Nami-Med.safetensors"}, {"rfilename": "Kawaii/namiji_freesia/Nami-Soft.safetensors"}, {"rfilename": "Kawaii/nene_amano/Nene-Hard.safetensors"}, {"rfilename": "Kawaii/nene_amano/Nene-Med.safetensors"}, {"rfilename": "Kawaii/nene_amano/Nene-Soft.safetensors"}, {"rfilename": "Kawaii/peony_aeria/Peony2-Hard.safetensors"}, {"rfilename": "Kawaii/peony_aeria/Peony2-Med.safetensors"}, {"rfilename": "Kawaii/peony_aeria/Peony2-Soft.safetensors"}, {"rfilename": "Kawaii/reina_sun/Reina-Hard.safetensors"}, {"rfilename": "Kawaii/reina_sun/Reina-Med.safetensors"}, {"rfilename": "Kawaii/reina_sun/Reina-Soft.safetensors"}, {"rfilename": "Kawaii/sava_safari/Sava2-Hard.safetensors"}, {"rfilename": "Kawaii/sava_safari/Sava2-Med.safetensors"}, {"rfilename": "Kawaii/sava_safari/Sava2-Soft.safetensors"}, {"rfilename": "Kawaii/shee_icho/Shee-Hard.safetensors"}, {"rfilename": "Kawaii/shee_icho/Shee-Med.safetensors"}, {"rfilename": "Kawaii/shee_icho/Shee-Soft.safetensors"}, {"rfilename": "README.md"}], "spaces": [], "createdAt": "2023-02-21T11:54:10.000Z", "inferenceStatus": "not-loaded"}