{"_id": "66100c985a39fcf641880eec", "id": "3534t853y7/Wiutrapezioia", "modelId": "3534t853y7/Wiutrapezioia", "author": "3534t853y7", "sha": "de8dbab3dd14ef2241f721e9fb6fc7386cd0a304", "lastModified": "2024-04-05T14:39:27.000Z", "private": false, "disabled": false, "gated": false, "tags": ["license:openrail", "region:us"], "downloads": 0, "likes": 0, "model-index": null, "cardData": {"license": "openrail"}, "siblings": [{"rfilename": ".gitattributes"}, {"rfilename": "README.md"}, {"rfilename": "wiumodelnovo.pth"}], "spaces": [], "createdAt": "2024-04-05T14:37:12.000Z", "inferenceStatus": "not-loaded"}