{"_id": "660cde704958307419a2d5bf", "id": "3534t853y7/teto2024.pth", "modelId": "3534t853y7/teto2024.pth", "author": "3534t853y7", "sha": "ea32d1e4d37461e8f7fb866a8304cee891dd0657", "lastModified": "2024-04-03T04:45:28.000Z", "private": false, "disabled": false, "gated": false, "tags": ["license:openrail", "region:us"], "downloads": 0, "likes": 0, "model-index": null, "cardData": {"license": "openrail"}, "siblings": [{"rfilename": ".gitattributes"}, {"rfilename": "README.md"}, {"rfilename": "teto2024.pth"}], "spaces": [], "createdAt": "2024-04-03T04:43:28.000Z", "inferenceStatus": "not-loaded"}