{"_id": "65c59ce5c83b7f1e35ed72e8", "id": "3arya/Arya", "modelId": "3arya/Arya", "author": "3arya", "sha": "eb87db801a849e20ea208fd39da5b48b6ad7611f", "lastModified": "2024-02-09T03:32:53.000Z", "private": false, "disabled": false, "gated": false, "tags": ["license:apache-2.0", "region:us"], "downloads": 0, "likes": 0, "model-index": null, "cardData": {"license": "apache-2.0"}, "siblings": [{"rfilename": ".gitattributes"}, {"rfilename": "README.md"}], "spaces": [], "createdAt": "2024-02-09T03:32:53.000Z", "inferenceStatus": "not-loaded"}