{"_id": "64b099472068a8e9fceb8fd7", "id": "3b3r/vit_model", "modelId": "3b3r/vit_model", "author": "3b3r", "sha": "5cb8efa295a5541f08a4eedb29cdd54b731069e4", "lastModified": "2023-07-14T12:58:50.000Z", "private": false, "disabled": false, "gated": false, "pipeline_tag": "image-classification", "tags": ["transformers", "pytorch", "tensorboard", "vit", "image-classification", "generated_from_trainer", "dataset:beans", "license:apache-2.0", "model-index", "autotrain_compatible", "endpoints_compatible", "region:us"], "downloads": 2, "library_name": "transformers", "likes": 1, "model-index": [{"name": "vit_model", "results": [{"task": {"name": "Image Classification", "type": "image-classification"}, "dataset": {"name": "beans", "type": "beans", "config": "default", "split": "validation", "args": "default"}, "metrics": [{"name": "Accuracy", "type": "accuracy", "value": 0.9924812030075187, "verified": false}]}]}], "config": {"architectures": ["ViTForImageClassification"], "model_type": "vit"}, "cardData": {"license": "apache-2.0", "tags": ["generated_from_trainer"], "datasets": ["beans"], "metrics": ["accuracy"], "model-index": [{"name": "vit_model", "results": [{"task": {"name": "Image Classification", "type": "image-classification"}, "dataset": {"name": "beans", "type": "beans", "config": "default", "split": "validation", "args": "default"}, "metrics": [{"name": "Accuracy", "type": "accuracy", "value": 0.9924812030075187, "verified": false}]}]}]}, "transformersInfo": {"auto_model": "AutoModelForImageClassification", "pipeline_tag": "image-classification", "processor": "AutoImageProcessor"}, "siblings": [{"rfilename": ".gitattributes"}, {"rfilename": ".gitignore"}, {"rfilename": "README.md"}, {"rfilename": "config.json"}, {"rfilename": "preprocessor_config.json"}, {"rfilename": "pytorch_model.bin"}, {"rfilename": "runs/Jul14_12-53-41_799fd2554ea9/events.out.tfevents.1689339251.799fd2554ea9.786.0"}, {"rfilename": "training_args.bin"}], "spaces": [], "createdAt": "2023-07-14T00:39:35.000Z", "inferenceStatus": "not-loaded"}