{"_id": "651883658da5a69248b959ee", "id": "3b3r/text-classifier-DBpedia", "modelId": "3b3r/text-classifier-DBpedia", "author": "3b3r", "sha": "b1697e205e79b9c022bbae0d9a49c98df83e280a", "lastModified": "2023-09-30T21:13:21.000Z", "private": false, "disabled": false, "gated": false, "tags": ["region:us"], "downloads": 0, "likes": 1, "siblings": [{"rfilename": ".gitattributes"}, {"rfilename": "model_checkpoint.pth"}], "spaces": [], "createdAt": "2023-09-30T20:21:57.000Z", "inferenceStatus": "not-loaded"}