{"_id": "66221843b4ee48c6f7746d43", "id": "3bdoo/bart-large-cnn-finetuned-xsum", "modelId": "3bdoo/bart-large-cnn-finetuned-xsum", "author": "3bdoo", "sha": "2de25e37dbd672095c55461d0bb6f88fd6141494", "lastModified": "2024-04-19T08:43:47.000Z", "private": false, "disabled": false, "gated": false, "pipeline_tag": "text2text-generation", "tags": ["transformers", "tensorboard", "safetensors", "bart", "text2text-generation", "autotrain_compatible", "endpoints_compatible", "region:us"], "downloads": 2, "library_name": "transformers", "mask_token": "<mask>", "likes": 0, "config": {"architectures": ["BartForConditionalGeneration"], "model_type": "bart", "tokenizer_config": {"bos_token": "<s>", "cls_token": "<s>", "eos_token": "</s>", "mask_token": "<mask>", "pad_token": "<pad>", "sep_token": "</s>", "unk_token": "<unk>"}}, "transformersInfo": {"auto_model": "AutoModelForSeq2SeqLM", "pipeline_tag": "text2text-generation", "processor": "AutoTokenizer"}, "siblings": [{"rfilename": ".gitattributes"}, {"rfilename": "config.json"}, {"rfilename": "merges.txt"}, {"rfilename": "model.safetensors"}, {"rfilename": "runs/Apr19_07-05-32_d2c0d4fcc1c3/events.out.tfevents.1713510505.d2c0d4fcc1c3.23843.0"}, {"rfilename": "runs/Apr19_07-11-53_d2c0d4fcc1c3/events.out.tfevents.1713510732.d2c0d4fcc1c3.23843.1"}, {"rfilename": "special_tokens_map.json"}, {"rfilename": "tokenizer.json"}, {"rfilename": "tokenizer_config.json"}, {"rfilename": "training_args.bin"}, {"rfilename": "vocab.json"}], "spaces": [], "createdAt": "2024-04-19T07:07:47.000Z", "safetensors": {"parameters": {"F32": 406340696}, "total": 406340696}, "inferenceStatus": "not-loaded"}