{"_id": "6624174fb93582874b492974", "id": "3bdoo/bart-large-cnn", "modelId": "3bdoo/bart-large-cnn", "author": "3bdoo", "sha": "567607f3ea86b816706a9f2a94975b65f4dc3095", "lastModified": "2024-04-20T20:45:12.000Z", "private": false, "disabled": false, "gated": false, "pipeline_tag": "text2text-generation", "tags": ["transformers", "tensorboard", "safetensors", "bart", "text2text-generation", "autotrain_compatible", "endpoints_compatible", "region:us"], "downloads": 2, "library_name": "transformers", "mask_token": "<mask>", "likes": 0, "config": {"architectures": ["BartForConditionalGeneration"], "model_type": "bart", "tokenizer_config": {"bos_token": "<s>", "cls_token": "<s>", "eos_token": "</s>", "mask_token": "<mask>", "pad_token": "<pad>", "sep_token": "</s>", "unk_token": "<unk>"}}, "transformersInfo": {"auto_model": "AutoModelForSeq2SeqLM", "pipeline_tag": "text2text-generation", "processor": "AutoTokenizer"}, "siblings": [{"rfilename": ".gitattributes"}, {"rfilename": "config.json"}, {"rfilename": "merges.txt"}, {"rfilename": "model.safetensors"}, {"rfilename": "runs/Apr20_19-40-07_77c1486686ba/events.out.tfevents.1713642015.77c1486686ba.311.0"}, {"rfilename": "runs/Apr20_19-40-50_77c1486686ba/events.out.tfevents.1713642054.77c1486686ba.311.1"}, {"rfilename": "runs/Apr20_19-47-26_77c1486686ba/events.out.tfevents.1713642454.77c1486686ba.3644.0"}, {"rfilename": "special_tokens_map.json"}, {"rfilename": "tokenizer.json"}, {"rfilename": "tokenizer_config.json"}, {"rfilename": "training_args.bin"}, {"rfilename": "vocab.json"}], "spaces": [], "createdAt": "2024-04-20T19:28:15.000Z", "safetensors": {"parameters": {"F32": 406340696}, "total": 406340696}, "inferenceStatus": "not-loaded"}