{"_id": "650619bfc3d1e53166be3c4a", "id": "3braheem/PPO-LunarLander-v2", "modelId": "3braheem/PPO-LunarLander-v2", "author": "3braheem", "sha": "5f7af08736878ff690c30ecdca64c6a8232a162c", "lastModified": "2023-09-16T21:10:41.000Z", "private": false, "disabled": false, "gated": false, "pipeline_tag": "reinforcement-learning", "tags": ["stable-baselines3", "LunarLander-v2", "deep-reinforcement-learning", "reinforcement-learning", "model-index", "region:us"], "downloads": 1, "library_name": "stable-baselines3", "likes": 0, "model-index": [{"name": "PPO", "results": [{"task": {"type": "reinforcement-learning", "name": "reinforcement-learning"}, "dataset": {"name": "LunarLander-v2", "type": "LunarLander-v2"}, "metrics": [{"type": "mean_reward", "value": "283.84 +/- 18.01", "name": "mean_reward", "verified": false}]}]}], "config": {}, "cardData": {"library_name": "stable-baselines3", "tags": ["LunarLander-v2", "deep-reinforcement-learning", "reinforcement-learning", "stable-baselines3"], "model-index": [{"name": "PPO", "results": [{"task": {"type": "reinforcement-learning", "name": "reinforcement-learning"}, "dataset": {"name": "LunarLander-v2", "type": "LunarLander-v2"}, "metrics": [{"type": "mean_reward", "value": "283.84 +/- 18.01", "name": "mean_reward", "verified": false}]}]}]}, "siblings": [{"rfilename": ".gitattributes"}, {"rfilename": "README.md"}, {"rfilename": "config.json"}, {"rfilename": "ppo_lunar.zip"}, {"rfilename": "ppo_lunar/_stable_baselines3_version"}, {"rfilename": "ppo_lunar/data"}, {"rfilename": "ppo_lunar/policy.optimizer.pth"}, {"rfilename": "ppo_lunar/policy.pth"}, {"rfilename": "ppo_lunar/pytorch_variables.pth"}, {"rfilename": "ppo_lunar/system_info.txt"}, {"rfilename": "replay.mp4"}, {"rfilename": "results.json"}], "spaces": [], "createdAt": "2023-09-16T21:10:23.000Z", "inferenceStatus": "not-loaded"}