{"_id": "65077079d8d96e913b4b8a25", "id": "3braheem/ppo-Huggy", "modelId": "3braheem/ppo-Huggy", "author": "3braheem", "sha": "d7285a957ef522a36c36601dbd5b327576c87d2e", "lastModified": "2023-09-17T21:32:54.000Z", "private": false, "disabled": false, "gated": false, "pipeline_tag": "reinforcement-learning", "tags": ["ml-agents", "tensorboard", "onnx", "Huggy", "deep-reinforcement-learning", "reinforcement-learning", "ML-Agents-Huggy", "region:us"], "downloads": 66, "library_name": "ml-agents", "likes": 0, "model-index": null, "config": {}, "cardData": {"library_name": "ml-agents", "tags": ["Huggy", "deep-reinforcement-learning", "reinforcement-learning", "ML-Agents-Huggy"]}, "siblings": [{"rfilename": ".gitattributes"}, {"rfilename": "Huggy.onnx"}, {"rfilename": "Huggy/Huggy-1199954.onnx"}, {"rfilename": "Huggy/Huggy-1199954.pt"}, {"rfilename": "Huggy/Huggy-1399976.onnx"}, {"rfilename": "Huggy/Huggy-1399976.pt"}, {"rfilename": "Huggy/Huggy-1599945.onnx"}, {"rfilename": "Huggy/Huggy-1599945.pt"}, {"rfilename": "Huggy/Huggy-1799358.onnx"}, {"rfilename": "Huggy/Huggy-1799358.pt"}, {"rfilename": "Huggy/Huggy-199710.onnx"}, {"rfilename": "Huggy/Huggy-199710.pt"}, {"rfilename": "Huggy/Huggy-1999333.onnx"}, {"rfilename": "Huggy/Huggy-1999333.pt"}, {"rfilename": "Huggy/Huggy-2000083.onnx"}, {"rfilename": "Huggy/Huggy-2000083.pt"}, {"rfilename": "Huggy/Huggy-399998.onnx"}, {"rfilename": "Huggy/Huggy-399998.pt"}, {"rfilename": "Huggy/Huggy-599882.onnx"}, {"rfilename": "Huggy/Huggy-599882.pt"}, {"rfilename": "Huggy/Huggy-799399.onnx"}, {"rfilename": "Huggy/Huggy-799399.pt"}, {"rfilename": "Huggy/Huggy-999976.onnx"}, {"rfilename": "Huggy/Huggy-999976.pt"}, {"rfilename": "Huggy/checkpoint.pt"}, {"rfilename": "Huggy/events.out.tfevents.1694983011.a33e43247160.3964.0"}, {"rfilename": "README.md"}, {"rfilename": "config.json"}, {"rfilename": "configuration.yaml"}, {"rfilename": "run_logs/Player-0.log"}, {"rfilename": "run_logs/timers.json"}, {"rfilename": "run_logs/training_status.json"}], "spaces": [], "createdAt": "2023-09-17T21:32:41.000Z", "inferenceStatus": "not-loaded"}