{"_id": "6645a2b4621ded608bde235b", "id": "3chez/layoutxlm-finetuned-xfund-fr", "modelId": "3chez/layoutxlm-finetuned-xfund-fr", "author": "3chez", "sha": "26fa8cfcb46f6cc1634f2192fc17041cb0804a07", "lastModified": "2024-05-16T08:47:11.000Z", "private": false, "disabled": false, "gated": false, "pipeline_tag": "token-classification", "tags": ["transformers", "tensorboard", "safetensors", "layoutlmv2", "token-classification", "generated_from_trainer", "dataset:nielsr/XFUN", "base_model:microsoft/layoutxlm-base", "license:cc-by-nc-sa-4.0", "autotrain_compatible", "region:us"], "downloads": 3, "library_name": "transformers", "widgetData": [{"text": "My name is Wolfgang and I live in Berlin"}, {"text": "My name is Sarah and I live in London"}, {"text": "My name is Clara and I live in Berkeley, California."}], "likes": 0, "model-index": [{"name": "layoutxlm-finetuned-xfund-fr", "results": []}], "config": {"architectures": ["LayoutLMv2ForTokenClassification"], "model_type": "layoutlmv2", "tokenizer_config": {"bos_token": "<s>", "cls_token": "<s>", "eos_token": "</s>", "mask_token": "<mask>", "pad_token": "<pad>", "sep_token": "</s>", "unk_token": "<unk>"}}, "cardData": {"license": "cc-by-nc-sa-4.0", "tags": ["generated_from_trainer"], "base_model": "microsoft/layoutxlm-base", "datasets": ["nielsr/XFUN"], "inference": false, "model-index": [{"name": "layoutxlm-finetuned-xfund-fr", "results": []}]}, "transformersInfo": {"auto_model": "AutoModelForTokenClassification", "pipeline_tag": "token-classification", "processor": "AutoProcessor"}, "siblings": [{"rfilename": ".gitattributes"}, {"rfilename": "README.md"}, {"rfilename": "config.json"}, {"rfilename": "model.safetensors"}, {"rfilename": "preprocessor_config.json"}, {"rfilename": "runs/May16_06-07-47_d6750c3beba1/events.out.tfevents.1715839669.d6750c3beba1.596.0"}, {"rfilename": "runs/May16_06-43-43_d6750c3beba1/events.out.tfevents.1715841825.d6750c3beba1.596.1"}, {"rfilename": "runs/May16_08-03-25_7299b205dec4/events.out.tfevents.1715846606.7299b205dec4.2577.0"}, {"rfilename": "runs/May16_08-28-48_7299b205dec4/events.out.tfevents.1715848129.7299b205dec4.2577.1"}, {"rfilename": "sentencepiece.bpe.model"}, {"rfilename": "special_tokens_map.json"}, {"rfilename": "tokenizer.json"}, {"rfilename": "tokenizer_config.json"}, {"rfilename": "training_args.bin"}], "spaces": [], "createdAt": "2024-05-16T06:07:48.000Z", "safetensors": {"parameters": {"F32": 369062599}, "total": 369062599}, "inferenceStatus": "not-loaded"}