{"_id": "668fac8057188a0640ab890f", "id": "3dalgo/language_table_mini", "modelId": "3dalgo/language_table_mini", "author": "3dalgo", "sha": "d968ab5685347fba7b917a5da9d2b14e829d42f4", "lastModified": "2024-07-11T11:21:13.000Z", "private": false, "disabled": false, "gated": false, "tags": ["peft", "safetensors", "generated_from_trainer", "base_model:google/paligemma-3b-pt-224", "license:gemma", "region:us"], "downloads": 0, "library_name": "peft", "likes": 0, "model-index": [{"name": "language_table_mini", "results": []}], "config": {"peft": {"base_model_name_or_path": "google/paligemma-3b-pt-224", "task_type": "CAUSAL_LM"}}, "cardData": {"base_model": "google/paligemma-3b-pt-224", "library_name": "peft", "license": "gemma", "tags": ["generated_from_trainer"], "model-index": [{"name": "language_table_mini", "results": []}]}, "siblings": [{"rfilename": ".gitattributes"}, {"rfilename": "README.md"}, {"rfilename": "adapter_config.json"}, {"rfilename": "adapter_model.safetensors"}, {"rfilename": "training_args.bin"}], "spaces": [], "createdAt": "2024-07-11T09:57:20.000Z", "inferenceStatus": "not-loaded"}