{"_id": "641e5781becfffe22fd591c8", "id": "3dgrafited/croa", "modelId": "3dgrafited/croa", "author": "3dgrafited", "sha": "bcb32b157c6e47afba8497a813eb6efe2c6b60e9", "lastModified": "2023-03-25T02:08:01.000Z", "private": false, "disabled": false, "gated": false, "tags": ["license:openrail", "region:us"], "downloads": 0, "likes": 0, "model-index": null, "cardData": {"license": "openrail"}, "siblings": [{"rfilename": ".gitattributes"}, {"rfilename": "README.md"}], "spaces": [], "createdAt": "2023-03-25T02:08:01.000Z", "inferenceStatus": "not-loaded"}