{"_id": "6407d6cc878f41283b289127", "id": "3Dietrich/explain_to_a_4_year_old_child", "modelId": "3Dietrich/explain_to_a_4_year_old_child", "author": "3Dietrich", "sha": "fc4b6199ebca63bc8528c7bbf71528d481beb092", "lastModified": "2023-03-08T01:14:17.000Z", "private": false, "disabled": false, "gated": false, "tags": ["de", "en", "license:unknown", "region:us"], "downloads": 0, "likes": 0, "model-index": null, "cardData": {"license": "unknown", "language": ["de", "en"]}, "siblings": [{"rfilename": ".gitattributes"}, {"rfilename": "03 chatgpt chat assistant website.py"}, {"rfilename": "README.md"}], "spaces": [], "createdAt": "2023-03-08T00:29:00.000Z", "inferenceStatus": "not-loaded"}