{"_id": "64ca69d796a31741f187265f", "id": "3dkarpuz/Zeki_Muren", "modelId": "3dkarpuz/Zeki_Muren", "author": "3dkarpuz", "sha": "e325de06f89857e5d151b9436cf9e1b4dc6cc98e", "lastModified": "2023-08-02T14:47:07.000Z", "private": false, "disabled": false, "gated": false, "tags": ["license:openrail", "region:us"], "downloads": 0, "likes": 0, "model-index": null, "cardData": {"license": "openrail"}, "siblings": [{"rfilename": ".gitattributes"}, {"rfilename": "README.md"}, {"rfilename": "zekimurenV2_RVC.zip"}], "spaces": [], "createdAt": "2023-08-02T14:36:07.000Z", "inferenceStatus": "not-loaded"}