{"_id": "64428adb752c03e8d2db8d99", "id": "3filmy/vod", "modelId": "3filmy/vod", "author": "3filmy", "sha": "72109e7c9cb9474df19877f31c0d5717381fac79", "lastModified": "2023-04-21T13:15:34.000Z", "private": false, "disabled": false, "gated": false, "tags": ["region:us"], "downloads": 0, "likes": 0, "siblings": [{"rfilename": ".gitattributes"}, {"rfilename": "John Wick 4 ca\u0142y film"}, {"rfilename": "JohnWick4-caly-film"}, {"rfilename": "README.md"}], "spaces": [], "createdAt": "2023-04-21T13:08:43.000Z", "inferenceStatus": "not-loaded"}