{"_id": "660d308fe0b2265faec28517", "id": "3funnn/wav2vec2-base-common-voice", "modelId": "3funnn/wav2vec2-base-common-voice", "author": "3funnn", "sha": "d0ac4a526db0cfaa91a0c7f6d877bc3afceca0f2", "lastModified": "2024-04-03T20:10:14.000Z", "private": false, "disabled": false, "gated": false, "pipeline_tag": "automatic-speech-recognition", "tags": ["transformers", "safetensors", "wav2vec2", "automatic-speech-recognition", "arxiv:1910.09700", "endpoints_compatible", "region:us"], "downloads": 31, "library_name": "transformers", "likes": 0, "model-index": null, "config": {"architectures": ["Wav2Vec2ForCTC"], "model_type": "wav2vec2", "tokenizer_config": {"bos_token": "<s>", "eos_token": "</s>", "pad_token": "[PAD]", "unk_token": "[UNK]"}}, "cardData": {"library_name": "transformers", "tags": []}, "transformersInfo": {"auto_model": "AutoModelForCTC", "pipeline_tag": "automatic-speech-recognition", "processor": "AutoProcessor"}, "siblings": [{"rfilename": ".gitattributes"}, {"rfilename": "README.md"}, {"rfilename": "added_tokens.json"}, {"rfilename": "config.json"}, {"rfilename": "model.safetensors"}, {"rfilename": "preprocessor_config.json"}, {"rfilename": "special_tokens_map.json"}, {"rfilename": "tokenizer_config.json"}, {"rfilename": "vocab.json"}], "spaces": [], "createdAt": "2024-04-03T10:33:51.000Z", "safetensors": {"parameters": {"F32": 94396320}, "total": 94396320}, "inferenceStatus": "not-loaded"}