{"_id": "660dbadd9f07499ea9e70f5e", "id": "3funnn/wav2vec2-base-minilibrispeech-lm", "modelId": "3funnn/wav2vec2-base-minilibrispeech-lm", "author": "3funnn", "sha": "7eb038f679f2b515f5fa6e37ec407511e030fe92", "lastModified": "2024-04-03T21:35:06.000Z", "private": false, "disabled": false, "gated": false, "tags": ["region:us"], "downloads": 0, "likes": 0, "config": {"tokenizer_config": {"bos_token": "<s>", "eos_token": "</s>", "pad_token": "[PAD]", "unk_token": "[UNK]"}}, "siblings": [{"rfilename": ".gitattributes"}, {"rfilename": "added_tokens.json"}, {"rfilename": "alphabet.json"}, {"rfilename": "language_model/5gram.bin"}, {"rfilename": "language_model/attrs.json"}, {"rfilename": "language_model/unigrams.txt"}, {"rfilename": "preprocessor_config.json"}, {"rfilename": "special_tokens_map.json"}, {"rfilename": "tokenizer_config.json"}, {"rfilename": "vocab.json"}], "spaces": [], "createdAt": "2024-04-03T20:23:57.000Z", "inferenceStatus": "not-loaded"}