{"_id": "6632cb6d16c27a0763efd4aa", "id": "3funnn/bert-topic-classification", "modelId": "3funnn/bert-topic-classification", "author": "3funnn", "sha": "5d2afcf4741247ed5f35987e3d3e78091c876a62", "lastModified": "2024-05-01T23:10:07.000Z", "private": false, "disabled": false, "gated": false, "pipeline_tag": "text-classification", "tags": ["transformers", "safetensors", "bert", "text-classification", "autotrain_compatible", "endpoints_compatible", "region:us"], "downloads": 23, "library_name": "transformers", "mask_token": "[MASK]", "widgetData": [{"text": "I like you. I love you"}], "likes": 0, "config": {"architectures": ["BertForSequenceClassification"], "model_type": "bert", "tokenizer_config": {"cls_token": "[CLS]", "mask_token": "[MASK]", "pad_token": "[PAD]", "sep_token": "[SEP]", "unk_token": "[UNK]"}}, "transformersInfo": {"auto_model": "AutoModelForSequenceClassification", "pipeline_tag": "text-classification", "processor": "AutoTokenizer"}, "siblings": [{"rfilename": ".gitattributes"}, {"rfilename": "config.json"}, {"rfilename": "model.safetensors"}, {"rfilename": "special_tokens_map.json"}, {"rfilename": "tokenizer_config.json"}, {"rfilename": "vocab.txt"}], "spaces": [], "createdAt": "2024-05-01T23:08:29.000Z", "safetensors": {"parameters": {"F32": 109486085}, "total": 109486085}, "inferenceStatus": "not-loaded"}