{"_id": "660301d83a3e3d2d9eafdbf2", "id": "3funnn/wav2vec2-base-minilibrispeech", "modelId": "3funnn/wav2vec2-base-minilibrispeech", "author": "3funnn", "sha": "2bb36ebb95dbaf926bc6b4cf42ea56af2069104e", "lastModified": "2024-03-26T20:08:17.000Z", "private": false, "disabled": false, "gated": false, "pipeline_tag": "automatic-speech-recognition", "tags": ["transformers", "tensorboard", "safetensors", "wav2vec2", "automatic-speech-recognition", "generated_from_trainer", "endpoints_compatible", "region:us"], "downloads": 10, "library_name": "transformers", "likes": 1, "model-index": [{"name": "wav2vec2-base-minilibrispeech", "results": []}], "config": {"architectures": ["Wav2Vec2ForCTC"], "model_type": "wav2vec2", "tokenizer_config": {"bos_token": "<s>", "eos_token": "</s>", "pad_token": "[PAD]", "unk_token": "[UNK]"}}, "cardData": {"tags": ["generated_from_trainer"], "model-index": [{"name": "wav2vec2-base-minilibrispeech", "results": []}]}, "transformersInfo": {"auto_model": "AutoModelForCTC", "pipeline_tag": "automatic-speech-recognition", "processor": "AutoProcessor"}, "siblings": [{"rfilename": ".gitattributes"}, {"rfilename": "README.md"}, {"rfilename": "added_tokens.json"}, {"rfilename": "config.json"}, {"rfilename": "model.safetensors"}, {"rfilename": "preprocessor_config.json"}, {"rfilename": "runs/Mar26_18-08-34_62c47632fa83/events.out.tfevents.1711476569.62c47632fa83.237.0"}, {"rfilename": "special_tokens_map.json"}, {"rfilename": "tokenizer_config.json"}, {"rfilename": "training_args.bin"}, {"rfilename": "vocab.json"}], "spaces": [], "createdAt": "2024-03-26T17:11:52.000Z", "safetensors": {"parameters": {"F32": 94396320}, "total": 94396320}, "inferenceStatus": "not-loaded"}