{"_id": "65e4935e4dbf9514fbd17920", "id": "3funnn/wav2vec2-base-cv-corpus", "modelId": "3funnn/wav2vec2-base-cv-corpus", "author": "3funnn", "sha": "c55ef82c4b5fe9e1a29cdb029b361c12acd38f92", "lastModified": "2024-03-04T21:13:06.000Z", "private": false, "disabled": false, "gated": false, "pipeline_tag": "automatic-speech-recognition", "tags": ["transformers", "safetensors", "wav2vec2", "automatic-speech-recognition", "generated_from_trainer", "base_model:facebook/wav2vec2-base", "license:apache-2.0", "endpoints_compatible", "region:us"], "downloads": 0, "library_name": "transformers", "likes": 0, "model-index": [{"name": "wav2vec2-base-cv-corpus", "results": []}], "config": {"architectures": ["Wav2Vec2ForCTC"], "model_type": "wav2vec2", "tokenizer_config": {"bos_token": "<s>", "eos_token": "</s>", "pad_token": "[PAD]", "unk_token": "[UNK]"}}, "cardData": {"license": "apache-2.0", "base_model": "facebook/wav2vec2-base", "tags": ["generated_from_trainer"], "model-index": [{"name": "wav2vec2-base-cv-corpus", "results": []}]}, "transformersInfo": {"auto_model": "AutoModelForCTC", "pipeline_tag": "automatic-speech-recognition", "processor": "AutoProcessor"}, "siblings": [{"rfilename": ".gitattributes"}, {"rfilename": "README.md"}, {"rfilename": "added_tokens.json"}, {"rfilename": "config.json"}, {"rfilename": "model.safetensors"}, {"rfilename": "preprocessor_config.json"}, {"rfilename": "special_tokens_map.json"}, {"rfilename": "tokenizer_config.json"}, {"rfilename": "training_args.bin"}, {"rfilename": "vocab.json"}], "spaces": [], "createdAt": "2024-03-03T15:12:30.000Z", "safetensors": {"parameters": {"F32": 94396320}, "total": 94396320}, "inferenceStatus": "not-loaded"}