{"_id": "6611c7f3418fa04633b1b3da", "id": "3funnn/wav2vec2-base-common-voice-lm", "modelId": "3funnn/wav2vec2-base-common-voice-lm", "author": "3funnn", "sha": "698fea5029cd768ac21288143eb42b2f5903b7fd", "lastModified": "2024-04-06T22:19:05.000Z", "private": false, "disabled": false, "gated": false, "tags": ["region:us"], "downloads": 0, "likes": 0, "config": {"tokenizer_config": {"bos_token": "<s>", "eos_token": "</s>", "pad_token": "[PAD]", "unk_token": "[UNK]"}}, "siblings": [{"rfilename": ".gitattributes"}, {"rfilename": "added_tokens.json"}, {"rfilename": "alphabet.json"}, {"rfilename": "language_model/5gram.bin"}, {"rfilename": "language_model/attrs.json"}, {"rfilename": "language_model/unigrams.txt"}, {"rfilename": "preprocessor_config.json"}, {"rfilename": "special_tokens_map.json"}, {"rfilename": "tokenizer_config.json"}, {"rfilename": "vocab.json"}], "spaces": [], "createdAt": "2024-04-06T22:08:51.000Z", "inferenceStatus": "not-loaded"}