{"_id": "6650c342708dc5107aa6f2f5", "id": "3funnn/wav2vec2-base-minilibrispeech-2", "modelId": "3funnn/wav2vec2-base-minilibrispeech-2", "author": "3funnn", "sha": "e8ddbd1424893a78489c77599a468a2bb85ee735", "lastModified": "2024-05-24T17:40:33.000Z", "private": false, "disabled": false, "gated": false, "pipeline_tag": "automatic-speech-recognition", "tags": ["transformers", "tensorboard", "safetensors", "wav2vec2", "automatic-speech-recognition", "generated_from_trainer", "base_model:facebook/wav2vec2-base", "license:apache-2.0", "endpoints_compatible", "region:us"], "downloads": 2, "library_name": "transformers", "likes": 0, "model-index": [{"name": "wav2vec2-base-minilibrispeech-2", "results": []}], "config": {"architectures": ["Wav2Vec2ForCTC"], "model_type": "wav2vec2", "tokenizer_config": {"bos_token": "<s>", "eos_token": "</s>", "pad_token": "[PAD]", "unk_token": "[UNK]"}}, "cardData": {"license": "apache-2.0", "base_model": "facebook/wav2vec2-base", "tags": ["generated_from_trainer"], "model-index": [{"name": "wav2vec2-base-minilibrispeech-2", "results": []}]}, "transformersInfo": {"auto_model": "AutoModelForCTC", "pipeline_tag": "automatic-speech-recognition", "processor": "AutoProcessor"}, "siblings": [{"rfilename": ".gitattributes"}, {"rfilename": "README.md"}, {"rfilename": "added_tokens.json"}, {"rfilename": "config.json"}, {"rfilename": "model.safetensors"}, {"rfilename": "preprocessor_config.json"}, {"rfilename": "runs/May24_16-44-22_05b2ac62699e/events.out.tfevents.1716569142.05b2ac62699e.5464.0"}, {"rfilename": "special_tokens_map.json"}, {"rfilename": "tokenizer_config.json"}, {"rfilename": "training_args.bin"}, {"rfilename": "vocab.json"}], "spaces": [], "createdAt": "2024-05-24T16:41:38.000Z", "safetensors": {"parameters": {"F32": 94396320}, "total": 94396320}, "inferenceStatus": "not-loaded"}