{"_id": "64a8f578c5a0593b3088875c", "id": "3harath/Blah", "modelId": "3harath/Blah", "author": "3harath", "sha": "c38515fbb9a9104296d617995aa91c181690c787", "lastModified": "2023-07-08T05:34:48.000Z", "private": false, "disabled": false, "gated": false, "tags": ["license:openrail", "region:us"], "downloads": 0, "likes": 0, "model-index": null, "cardData": {"license": "openrail"}, "siblings": [{"rfilename": ".gitattributes"}, {"rfilename": "README.md"}], "spaces": [], "createdAt": "2023-07-08T05:34:48.000Z", "inferenceStatus": "not-loaded"}