{"_id": "65f3c80bc9940817ca8a619a", "id": "3loi/SER-Odyssey-Baseline-WavLM-Arousal", "modelId": "3loi/SER-Odyssey-Baseline-WavLM-Arousal", "author": "3loi", "sha": "780cd4deacd9faa27d438abe3a4d4ed5ca733935", "lastModified": "2024-06-12T20:35:00.000Z", "private": false, "disabled": false, "gated": false, "pipeline_tag": "audio-classification", "tags": ["transformers", "pytorch", "safetensors", "ser", "audio-classification", "wavlm", "msp-podcast", "emotion-recognition", "audio", "speech", "arousal", "lucas", "speech-emotion-recognition", "custom_code", "en", "license:mit", "region:us"], "downloads": 2, "library_name": "transformers", "likes": 0, "model-index": null, "config": {"architectures": ["SERModel"], "auto_map": {"AutoConfig": "pipeline_utils.SERConfig", "AutoModelForAudioClassification": "pipeline_utils.SERModel"}, "model_type": "ser"}, "cardData": {"license": "mit", "language": ["en"], "pipeline_tag": "audio-classification", "tags": ["wavlm", "msp-podcast", "emotion-recognition", "audio", "speech", "arousal", "lucas", "speech-emotion-recognition"]}, "transformersInfo": {"auto_model": "AutoModelForAudioClassification", "custom_class": "pipeline_utils.SERModel", "pipeline_tag": "audio-classification"}, "siblings": [{"rfilename": ".gitattributes"}, {"rfilename": "README.md"}, {"rfilename": "config.json"}, {"rfilename": "model.safetensors"}, {"rfilename": "pipeline_utils.py"}, {"rfilename": "pytorch_model.bin"}], "spaces": [], "createdAt": "2024-03-15T04:01:15.000Z", "safetensors": {"parameters": {"F32": 318604993}, "total": 318604993}, "inferenceStatus": "not-loaded"}