{"_id": "65e9e87488cb0da4667dffb9", "id": "3loi/SER-Odyssey-Baseline-WavLM-Categorical", "modelId": "3loi/SER-Odyssey-Baseline-WavLM-Categorical", "author": "3loi", "sha": "50632bbc8b89cbaa45077f1404601d9776cfe387", "lastModified": "2024-06-12T20:35:57.000Z", "private": false, "disabled": false, "gated": false, "pipeline_tag": "audio-classification", "tags": ["transformers", "pytorch", "safetensors", "ser", "audio-classification", "wavlm", "msp-podcast", "emotion-recognition", "audio", "speech", "categorical", "lucas", "speech-emotion-recognition", "custom_code", "en", "license:mit", "region:us"], "downloads": 1674, "library_name": "transformers", "likes": 4, "model-index": null, "config": {"architectures": ["SERModel"], "auto_map": {"AutoConfig": "pipeline_utils.SERConfig", "AutoModelForAudioClassification": "pipeline_utils.SERModel"}, "model_type": "ser"}, "cardData": {"license": "mit", "language": ["en"], "pipeline_tag": "audio-classification", "tags": ["wavlm", "msp-podcast", "emotion-recognition", "audio", "speech", "categorical", "lucas", "speech-emotion-recognition"]}, "transformersInfo": {"auto_model": "AutoModelForAudioClassification", "custom_class": "pipeline_utils.SERModel", "pipeline_tag": "audio-classification"}, "siblings": [{"rfilename": ".gitattributes"}, {"rfilename": "README.md"}, {"rfilename": "config.json"}, {"rfilename": "model.safetensors"}, {"rfilename": "pipeline_utils.py"}, {"rfilename": "pytorch_model.bin"}], "spaces": [], "createdAt": "2024-03-07T16:16:52.000Z", "safetensors": {"parameters": {"F32": 318612168}, "total": 318612168}, "inferenceStatus": "not-loaded"}