{"_id": "65f3c69014b4341648b87a48", "id": "3loi/SER-Odyssey-Baseline-WavLM-Dominance", "modelId": "3loi/SER-Odyssey-Baseline-WavLM-Dominance", "author": "3loi", "sha": "4cfdd73d9f51ac7315a0524f09640fac02db511c", "lastModified": "2024-06-12T20:33:23.000Z", "private": false, "disabled": false, "gated": false, "pipeline_tag": "audio-classification", "tags": ["transformers", "pytorch", "safetensors", "ser", "audio-classification", "wavlm", "msp-podcast", "emotion-recognition", "audio", "speech", "dominance", "lucas", "speech-emotion-recognition", "custom_code", "en", "license:mit", "region:us"], "downloads": 0, "library_name": "transformers", "likes": 0, "model-index": null, "config": {"architectures": ["SERModel"], "auto_map": {"AutoConfig": "pipeline_utils.SERConfig", "AutoModelForAudioClassification": "pipeline_utils.SERModel"}, "model_type": "ser"}, "cardData": {"license": "mit", "language": ["en"], "pipeline_tag": "audio-classification", "tags": ["wavlm", "msp-podcast", "emotion-recognition", "audio", "speech", "dominance", "lucas", "speech-emotion-recognition"]}, "transformersInfo": {"auto_model": "AutoModelForAudioClassification", "custom_class": "pipeline_utils.SERModel", "pipeline_tag": "audio-classification"}, "siblings": [{"rfilename": ".gitattributes"}, {"rfilename": "README.md"}, {"rfilename": "config.json"}, {"rfilename": "model.safetensors"}, {"rfilename": "pipeline_utils.py"}, {"rfilename": "pytorch_model.bin"}], "spaces": [], "createdAt": "2024-03-15T03:54:56.000Z", "safetensors": {"parameters": {"F32": 318604993}, "total": 318604993}, "inferenceStatus": "not-loaded"}