{"_id": "6531199a9c6a7334b4931f9a", "id": "3lolooo97/Palestine", "modelId": "3lolooo97/Palestine", "author": "3lolooo97", "sha": "571b16deffc47cb38baa2787c59273236e62d068", "lastModified": "2023-10-19T11:57:14.000Z", "private": false, "disabled": false, "gated": false, "tags": ["license:mit", "region:us"], "downloads": 0, "likes": 0, "model-index": null, "cardData": {"license": "mit"}, "siblings": [{"rfilename": ".gitattributes"}, {"rfilename": "README.md"}], "spaces": [], "createdAt": "2023-10-19T11:57:14.000Z", "inferenceStatus": "not-loaded"}