{"_id": "64deca802aeee679693da47f", "id": "3m377/InuYasha", "modelId": "3m377/InuYasha", "author": "3m377", "sha": "5a1510915b38ad547362428a139fda508f3191e3", "lastModified": "2023-08-18T01:34:11.000Z", "private": false, "disabled": false, "gated": false, "tags": ["license:openrail", "region:us"], "downloads": 0, "likes": 0, "model-index": null, "cardData": {"license": "openrail"}, "siblings": [{"rfilename": ".gitattributes"}, {"rfilename": "InuYasha.zip"}, {"rfilename": "README.md"}], "spaces": [], "createdAt": "2023-08-18T01:33:52.000Z", "inferenceStatus": "not-loaded"}