{"_id": "649fc500e634fdbf5d2f20d9", "id": "3m377/VSauceMichael", "modelId": "3m377/VSauceMichael", "author": "3m377", "sha": "dd55bcd109cdbed9af0ae4569b2e30012072faeb", "lastModified": "2023-07-01T06:19:08.000Z", "private": false, "disabled": false, "gated": false, "tags": ["license:openrail", "region:us"], "downloads": 0, "likes": 0, "model-index": null, "cardData": {"license": "openrail"}, "siblings": [{"rfilename": ".gitattributes"}, {"rfilename": "README.md"}, {"rfilename": "VSauceMichael.zip"}], "spaces": [], "createdAt": "2023-07-01T06:17:36.000Z", "inferenceStatus": "not-loaded"}