{"_id": "64af784ab3f90b8813ca0d5c", "id": "3m377/narpy", "modelId": "3m377/narpy", "author": "3m377", "sha": "dc304e0a72fb2405fd065451228332d391b5c50c", "lastModified": "2023-07-13T04:07:12.000Z", "private": false, "disabled": false, "gated": false, "tags": ["license:openrail", "region:us"], "downloads": 0, "likes": 0, "model-index": null, "cardData": {"license": "openrail"}, "siblings": [{"rfilename": ".gitattributes"}, {"rfilename": "README.md"}, {"rfilename": "narpy.zip"}], "spaces": [], "createdAt": "2023-07-13T04:06:34.000Z", "inferenceStatus": "not-loaded"}