{"_id": "64b78fb01149daae4c7fffc6", "id": "3m377/QueenElizabeth", "modelId": "3m377/QueenElizabeth", "author": "3m377", "sha": "719530c5061c93fba975d92a1540349da5334331", "lastModified": "2023-07-19T07:24:56.000Z", "private": false, "disabled": false, "gated": false, "tags": ["license:openrail", "region:us"], "downloads": 0, "likes": 0, "model-index": null, "cardData": {"license": "openrail"}, "siblings": [{"rfilename": ".gitattributes"}, {"rfilename": "QueenElizabeth.zip"}, {"rfilename": "README.md"}], "spaces": [], "createdAt": "2023-07-19T07:24:32.000Z", "inferenceStatus": "not-loaded"}