{"_id": "64b3202f4dd3e2489502493b", "id": "3m377/OR3O", "modelId": "3m377/OR3O", "author": "3m377", "sha": "89c0f21787e5dec8de1004bd81a51862fc0f40ef", "lastModified": "2023-07-15T22:40:26.000Z", "private": false, "disabled": false, "gated": false, "tags": ["license:openrail", "region:us"], "downloads": 0, "likes": 0, "model-index": null, "cardData": {"license": "openrail"}, "siblings": [{"rfilename": ".gitattributes"}, {"rfilename": "OR3O.zip"}, {"rfilename": "README.md"}], "spaces": [], "createdAt": "2023-07-15T22:39:43.000Z", "inferenceStatus": "not-loaded"}