{"_id": "649e5138a8314342768d905d", "id": "3m377/DannyDeVito", "modelId": "3m377/DannyDeVito", "author": "3m377", "sha": "1ced7b1c014195af1283aa1a0b81d7434110bce6", "lastModified": "2023-06-30T03:52:01.000Z", "private": false, "disabled": false, "gated": false, "tags": ["license:openrail", "region:us"], "downloads": 0, "likes": 0, "model-index": null, "cardData": {"license": "openrail"}, "siblings": [{"rfilename": ".gitattributes"}, {"rfilename": "DannyDeVito.zip"}, {"rfilename": "README.md"}], "spaces": [], "createdAt": "2023-06-30T03:51:20.000Z", "inferenceStatus": "not-loaded"}