{"_id": "64a10b34f20126f9d0d017a9", "id": "3m377/FortniteScar", "modelId": "3m377/FortniteScar", "author": "3m377", "sha": "1df407f697020fe680181df81f51ace0192e8c7d", "lastModified": "2023-07-02T05:31:09.000Z", "private": false, "disabled": false, "gated": false, "tags": ["license:openrail", "region:us"], "downloads": 0, "likes": 0, "model-index": null, "cardData": {"license": "openrail"}, "siblings": [{"rfilename": ".gitattributes"}, {"rfilename": "FortniteScar.zip"}, {"rfilename": "README.md"}], "spaces": [], "createdAt": "2023-07-02T05:29:24.000Z", "inferenceStatus": "not-loaded"}