{"_id": "649f851f83476d091224b6c5", "id": "3m377/TornadoSiren", "modelId": "3m377/TornadoSiren", "author": "3m377", "sha": "78988b5696d7afb3dbc26729bab46ae649b3b08f", "lastModified": "2023-07-01T01:45:20.000Z", "private": false, "disabled": false, "gated": false, "tags": ["license:openrail", "region:us"], "downloads": 0, "likes": 0, "model-index": null, "cardData": {"license": "openrail"}, "siblings": [{"rfilename": ".gitattributes"}, {"rfilename": "README.md"}, {"rfilename": "TornadoSiren.zip"}], "spaces": [], "createdAt": "2023-07-01T01:45:03.000Z", "inferenceStatus": "not-loaded"}