{"_id": "64eb092c1d8b651a9af4e835", "id": "3m377/VSauceMichaelV2", "modelId": "3m377/VSauceMichaelV2", "author": "3m377", "sha": "e8343212a331a98ab3b78614da258a5acaa06889", "lastModified": "2023-09-01T22:56:24.000Z", "private": false, "disabled": false, "gated": false, "tags": ["license:openrail", "region:us"], "downloads": 0, "likes": 0, "model-index": null, "cardData": {"license": "openrail"}, "siblings": [{"rfilename": ".gitattributes"}, {"rfilename": "README.md"}, {"rfilename": "VSauceMichaelV2.zip"}], "spaces": [], "createdAt": "2023-08-27T08:28:28.000Z", "inferenceStatus": "not-loaded"}