{"_id": "649f6ecc2bf2e21d955a9816", "id": "3m377/FireAlarm", "modelId": "3m377/FireAlarm", "author": "3m377", "sha": "835337650bc7fb68846c99fd7348916281b4bae0", "lastModified": "2023-07-01T00:10:05.000Z", "private": false, "disabled": false, "gated": false, "tags": ["license:openrail", "region:us"], "downloads": 0, "likes": 0, "model-index": null, "cardData": {"license": "openrail"}, "siblings": [{"rfilename": ".gitattributes"}, {"rfilename": "FireAlarm.zip"}, {"rfilename": "README.md"}], "spaces": [], "createdAt": "2023-07-01T00:09:48.000Z", "inferenceStatus": "not-loaded"}