{"_id": "64f2ffe34f66086629dbb081", "id": "3m377/JessicaChastain", "modelId": "3m377/JessicaChastain", "author": "3m377", "sha": "96b75bb1298da7e0556738ffaa7974b7f8263c98", "lastModified": "2023-09-12T00:53:02.000Z", "private": false, "disabled": false, "gated": false, "tags": ["license:openrail", "region:us"], "downloads": 0, "likes": 0, "model-index": null, "cardData": {"license": "openrail"}, "siblings": [{"rfilename": ".gitattributes"}, {"rfilename": "JessicaChastain.zip"}, {"rfilename": "README.md"}], "spaces": [], "createdAt": "2023-09-02T09:26:59.000Z", "inferenceStatus": "not-loaded"}