{"_id": "64c4f0d461cc71b9c0a4a21b", "id": "3m377/KarlFairburne", "modelId": "3m377/KarlFairburne", "author": "3m377", "sha": "42729dd6717e143160ea9849894b76c679e37056", "lastModified": "2023-07-29T10:58:42.000Z", "private": false, "disabled": false, "gated": false, "tags": ["license:openrail", "region:us"], "downloads": 0, "likes": 0, "model-index": null, "cardData": {"license": "openrail"}, "siblings": [{"rfilename": ".gitattributes"}, {"rfilename": "KarlFairburne.zip"}, {"rfilename": "README.md"}], "spaces": [], "createdAt": "2023-07-29T10:58:28.000Z", "inferenceStatus": "not-loaded"}