{"_id": "6507ac594a8839a8bd9717eb", "id": "3m377/MicrosoftZira", "modelId": "3m377/MicrosoftZira", "author": "3m377", "sha": "b9f5ca3d072e242896a21654501ad8489373a08f", "lastModified": "2023-09-18T01:48:27.000Z", "private": false, "disabled": false, "gated": false, "tags": ["license:openrail", "region:us"], "downloads": 0, "likes": 0, "model-index": null, "cardData": {"license": "openrail"}, "siblings": [{"rfilename": ".gitattributes"}, {"rfilename": "MicrosoftZira.zip"}, {"rfilename": "README.md"}], "spaces": [], "createdAt": "2023-09-18T01:48:09.000Z", "inferenceStatus": "not-loaded"}