{"_id": "64b67e46084870d05d665a6d", "id": "3m377/BetaEtaDelota", "modelId": "3m377/BetaEtaDelota", "author": "3m377", "sha": "cae7bf2f2579724ea74d27c21158b90b75c6ee17", "lastModified": "2023-07-18T11:58:44.000Z", "private": false, "disabled": false, "gated": false, "tags": ["license:openrail", "region:us"], "downloads": 0, "likes": 0, "model-index": null, "cardData": {"license": "openrail"}, "siblings": [{"rfilename": ".gitattributes"}, {"rfilename": "BetaEtaDelota.zip"}, {"rfilename": "README.md"}], "spaces": [], "createdAt": "2023-07-18T11:57:58.000Z", "inferenceStatus": "not-loaded"}