{"_id": "649e1a95be8c506b0ca58768", "id": "3m377/JustinTimberlake", "modelId": "3m377/JustinTimberlake", "author": "3m377", "sha": "0dc137433998734f8db87834dd7bddf2b119f5c1", "lastModified": "2023-06-29T23:58:59.000Z", "private": false, "disabled": false, "gated": false, "tags": ["license:openrail", "region:us"], "downloads": 0, "likes": 0, "model-index": null, "cardData": {"license": "openrail"}, "siblings": [{"rfilename": ".gitattributes"}, {"rfilename": "JustinTimberlake.zip"}, {"rfilename": "README.md"}], "spaces": [], "createdAt": "2023-06-29T23:58:13.000Z", "inferenceStatus": "not-loaded"}