{"_id": "64a06e411dcdd7e9e090e312", "id": "3m377/jigsjiggyy", "modelId": "3m377/jigsjiggyy", "author": "3m377", "sha": "eb64dffc679fdf2b7edcbc4ff3b475e7294e28d5", "lastModified": "2023-07-01T18:19:59.000Z", "private": false, "disabled": false, "gated": false, "tags": ["license:openrail", "region:us"], "downloads": 0, "likes": 0, "model-index": null, "cardData": {"license": "openrail"}, "siblings": [{"rfilename": ".gitattributes"}, {"rfilename": "README.md"}, {"rfilename": "jigsjiggyy.zip"}], "spaces": [], "createdAt": "2023-07-01T18:19:45.000Z", "inferenceStatus": "not-loaded"}