{"_id": "662a6dfce98dfd7229a9d74f", "id": "3mar2000/SambaLingo-Arabic-Chat-gguf", "modelId": "3mar2000/SambaLingo-Arabic-Chat-gguf", "author": "3mar2000", "sha": "edc18779f0b2f118599a0cf0f4895568bb3fefa9", "lastModified": "2024-04-25T14:58:10.000Z", "private": false, "disabled": false, "gated": false, "tags": ["gguf", "region:us"], "downloads": 19, "likes": 0, "config": {"tokenizer_config": {"bos_token": "<s>", "chat_template": "{% for message in messages %}\n{% if message['role'] == 'user' %}\n{{ '<|user|>\n' + message['content'] + eos_token }}\n{% elif message['role'] == 'system' %}\n{{ '<|system|>\n' + message['content'] + eos_token }}\n{% elif message['role'] == 'assistant' %}\n{{ '<|assistant|>\n'  + message['content'] + eos_token }}\n{% endif %}\n{% if loop.last and add_generation_prompt %}\n{{ '<|assistant|>' }}\n{% endif %}\n{% endfor %}", "eos_token": "</s>", "pad_token": "</s>", "unk_token": "<unk>", "use_default_system_prompt": true}}, "siblings": [{"rfilename": ".gitattributes"}, {"rfilename": "Q4_K_M.gguf"}, {"rfilename": "special_tokens_map.json"}, {"rfilename": "tokenizer.model"}, {"rfilename": "tokenizer_config.json"}], "spaces": [], "createdAt": "2024-04-25T14:51:40.000Z", "inferenceStatus": "not-loaded"}