{"_id": "65b28d29ed210707569eed66", "id": "3mptyblank/Sopleli", "modelId": "3mptyblank/Sopleli", "author": "3mptyblank", "sha": "5a629730193b1dba048a1d7d8e035b0018229e72", "lastModified": "2024-01-25T16:43:42.000Z", "private": false, "disabled": false, "gated": false, "tags": ["region:us"], "downloads": 0, "likes": 0, "siblings": [{"rfilename": ".gitattributes"}, {"rfilename": "1683201127546.jpeg"}, {"rfilename": "README.md"}, {"rfilename": "download.jpeg"}], "spaces": [], "createdAt": "2024-01-25T16:32:41.000Z", "inferenceStatus": "not-loaded"}