{"_id": "6327b5a33476801d8f28512a", "id": "3N7R41L5/game_texture", "modelId": "3N7R41L5/game_texture", "author": "3N7R41L5", "sha": "06060bf5028be87c24485e4d4fa7131aff2a6b12", "lastModified": "2022-09-19T00:19:47.000Z", "private": false, "disabled": false, "gated": false, "tags": ["license:unknown", "region:us"], "downloads": 0, "likes": 0, "model-index": null, "cardData": {"license": "unknown"}, "siblings": [{"rfilename": ".gitattributes"}, {"rfilename": "README.md"}], "spaces": [], "createdAt": "2022-09-19T00:19:47.000Z", "inferenceStatus": "not-loaded"}