{"_id": "6357bf4f1041490dc80e5f92", "id": "3nzalore/ScraperDataFrame", "modelId": "3nzalore/ScraperDataFrame", "author": "3nzalore", "sha": "dff7798f2111bfa41b5f1c5754a30f9756d4f7bd", "lastModified": "2022-10-25T11:24:43.000Z", "private": false, "disabled": false, "gated": false, "pipeline_tag": "text-generation", "tags": ["transformers", "gptj", "text-generation", "autotrain_compatible", "endpoints_compatible", "region:us"], "downloads": 11, "library_name": "transformers", "widgetData": [{"text": "My name is Julien and I like to"}, {"text": "My name is Thomas and my main"}, {"text": "My name is Mariama, my favorite"}, {"text": "My name is Clara and I am"}, {"text": "My name is Lewis and I like to"}, {"text": "My name is Merve and my favorite"}, {"text": "My name is Teven and I am"}, {"text": "Once upon a time,"}], "likes": 0, "config": {"architectures": ["GPTJForCausalLM"], "model_type": "gptj"}, "transformersInfo": {"auto_model": "AutoModelForCausalLM", "pipeline_tag": "text-generation", "processor": "AutoTokenizer"}, "siblings": [{"rfilename": ".gitattributes"}, {"rfilename": "config.json"}], "spaces": [], "createdAt": "2022-10-25T10:49:51.000Z", "inferenceStatus": "not-loaded"}