{"_id": "64415d6b006550f1ed709562", "id": "3rdEyeArt/Marc21", "modelId": "3rdEyeArt/Marc21", "author": "3rdEyeArt", "sha": "dfe85d59b564f41c22e5b18ca609829873f4a44c", "lastModified": "2023-04-20T15:42:35.000Z", "private": false, "disabled": false, "gated": false, "tags": ["license:cc-by-nc-2.0", "region:us"], "downloads": 0, "likes": 0, "model-index": null, "cardData": {"license": "cc-by-nc-2.0"}, "siblings": [{"rfilename": ".gitattributes"}, {"rfilename": "README.md"}], "spaces": [], "createdAt": "2023-04-20T15:42:35.000Z", "inferenceStatus": "not-loaded"}