{"_id": "6279bf0533a43d6bf6f22eec", "id": "3rnt/finetuning-sentiment-bert-base-multilingual-uncased-indolu-smsa", "modelId": "3rnt/finetuning-sentiment-bert-base-multilingual-uncased-indolu-smsa", "author": "3rnt", "sha": "362f887f0015ec08c95c08871441550901cf3a6e", "lastModified": "2022-05-10T01:25:25.000Z", "private": false, "disabled": false, "gated": false, "tags": ["region:us"], "downloads": 0, "likes": 0, "siblings": [{"rfilename": ".gitattributes"}], "spaces": [], "createdAt": "2022-05-10T01:25:25.000Z", "inferenceStatus": "not-loaded"}