{"_id": "649d9ad9dd8bb1e7f36d48a2", "id": "3steb4n/genshin", "modelId": "3steb4n/genshin", "author": "3steb4n", "sha": "a3ee892256f8bcf2691a806ec562af3282ca655a", "lastModified": "2023-07-18T23:20:45.000Z", "private": false, "disabled": false, "gated": false, "tags": ["transformers", "endpoints_compatible", "region:us"], "downloads": 1, "library_name": "transformers", "likes": 0, "config": {}, "transformersInfo": {"auto_model": "AutoModel"}, "siblings": [{"rfilename": ".gitattributes"}, {"rfilename": "DUKI75K.zip"}, {"rfilename": "D_75000.pth"}, {"rfilename": "G_75000.pth"}, {"rfilename": "config.json"}, {"rfilename": "hutao-jp.zip"}, {"rfilename": "hutao.rar"}, {"rfilename": "rie_takahashi.zip"}], "spaces": [], "createdAt": "2023-06-29T14:53:13.000Z", "inferenceStatus": "not-loaded"}