{"_id": "65f1649c5843c2e8d2d07a5e", "id": "3TAOmigos/gkv6T1A7UE", "modelId": "3TAOmigos/gkv6T1A7UE", "author": "3TAOmigos", "sha": "0cae7b070a1d29868c384f4c6652ed5245249074", "lastModified": "2024-03-16T16:50:42.000Z", "private": false, "disabled": false, "gated": false, "tags": ["tf-keras", "region:us"], "downloads": 31, "library_name": "tf-keras", "likes": 0, "siblings": [{"rfilename": ".gitattributes"}, {"rfilename": "fingerprint.pb"}, {"rfilename": "keras_metadata.pb"}, {"rfilename": "saved_model.pb"}, {"rfilename": "variables/variables.data-00000-of-00001"}, {"rfilename": "variables/variables.index"}], "spaces": [], "createdAt": "2024-03-13T08:32:28.000Z", "inferenceStatus": "not-loaded"}