{"_id": "6569164e2b9131fe8a54d405", "id": "3una/beit-base-patch16-224-pt22k-ft22k-finetuned-FER2013", "modelId": "3una/beit-base-patch16-224-pt22k-ft22k-finetuned-FER2013", "author": "3una", "sha": "7a89890cd34eacb619b2328f5d71e4ef81dd755f", "lastModified": "2023-11-30T23:10:06.000Z", "private": false, "disabled": false, "gated": false, "tags": ["region:us"], "downloads": 0, "likes": 0, "siblings": [{"rfilename": ".gitattributes"}], "spaces": [], "createdAt": "2023-11-30T23:10:06.000Z", "inferenceStatus": "not-loaded"}