{"_id": "6569de2b7e172c34cac4ef3e", "id": "3una/finetuned-FER2013", "modelId": "3una/finetuned-FER2013", "author": "3una", "sha": "582d532b5c580fac11ccecd2eedf93c0b1a65d2a", "lastModified": "2024-01-05T10:32:08.000Z", "private": false, "disabled": false, "gated": false, "pipeline_tag": "image-classification", "tags": ["transformers", "tensorboard", "safetensors", "beit", "image-classification", "generated_from_trainer", "dataset:imagefolder", "base_model:microsoft/beit-base-patch16-224-pt22k-ft22k", "license:apache-2.0", "model-index", "autotrain_compatible", "endpoints_compatible", "region:us"], "downloads": 1, "library_name": "transformers", "likes": 0, "model-index": [{"name": "finetuned-FER2013", "results": [{"task": {"name": "Image Classification", "type": "image-classification"}, "dataset": {"name": "imagefolder", "type": "imagefolder", "config": "default", "split": "train", "args": "default"}, "metrics": [{"name": "Accuracy", "type": "accuracy", "value": 0.7081156391501219, "verified": false}]}]}], "config": {"architectures": ["BeitForImageClassification"], "model_type": "beit"}, "cardData": {"license": "apache-2.0", "base_model": "microsoft/beit-base-patch16-224-pt22k-ft22k", "tags": ["generated_from_trainer"], "datasets": ["imagefolder"], "metrics": ["accuracy"], "model-index": [{"name": "finetuned-FER2013", "results": [{"task": {"name": "Image Classification", "type": "image-classification"}, "dataset": {"name": "imagefolder", "type": "imagefolder", "config": "default", "split": "train", "args": "default"}, "metrics": [{"name": "Accuracy", "type": "accuracy", "value": 0.7081156391501219, "verified": false}]}]}]}, "transformersInfo": {"auto_model": "AutoModelForImageClassification", "pipeline_tag": "image-classification", "processor": "AutoImageProcessor"}, "siblings": [{"rfilename": ".gitattributes"}, {"rfilename": "README.md"}, {"rfilename": "all_results.json"}, {"rfilename": "config.json"}, {"rfilename": "eval_results.json"}, {"rfilename": "model.safetensors"}, {"rfilename": "preprocessor_config.json"}, {"rfilename": "runs/Dec01_14-31-44_64e8875e3df2/events.out.tfevents.1701441133.64e8875e3df2.1443.0"}, {"rfilename": "runs/Dec06_01-33-30_db1de5d6d3d6/events.out.tfevents.1701826704.db1de5d6d3d6.6963.0"}, {"rfilename": "runs/Dec06_01-50-33_db1de5d6d3d6/events.out.tfevents.1701827449.db1de5d6d3d6.6963.1"}, {"rfilename": "runs/Dec14_01-34-05_270c0d0b6263/events.out.tfevents.1702517671.270c0d0b6263.1607.0"}, {"rfilename": "runs/Dec21_00-22-33_5961b61e33cc/events.out.tfevents.1703118177.5961b61e33cc.1725.0"}, {"rfilename": "runs/Dec21_21-01-53_3daf2584bc44/events.out.tfevents.1703192532.3daf2584bc44.599.0"}, {"rfilename": "runs/Dec21_21-01-53_3daf2584bc44/events.out.tfevents.1703212113.3daf2584bc44.599.1"}, {"rfilename": "runs/Dec27_23-01-07_20bb25bfd9f5/events.out.tfevents.1703718187.20bb25bfd9f5.1122.0"}, {"rfilename": "runs/Dec27_23-01-07_20bb25bfd9f5/events.out.tfevents.1703775322.20bb25bfd9f5.1122.1"}, {"rfilename": "runs/Jan03_10-09-12_ddff6f055ea2/events.out.tfevents.1704276692.ddff6f055ea2.1743.0"}, {"rfilename": "runs/Jan05_01-53-19_2bac6663ad64/events.out.tfevents.1704419624.2bac6663ad64.2551.0"}, {"rfilename": "train_results.json"}, {"rfilename": "trainer_state.json"}, {"rfilename": "training_args.bin"}], "spaces": [], "createdAt": "2023-12-01T13:22:51.000Z", "safetensors": {"parameters": {"F32": 85767367}, "total": 85767367}, "inferenceStatus": "not-loaded"}