{"_id": "65c003172e67686440550420", "id": "3WaD/RunPod-Fooocus-API", "modelId": "3WaD/RunPod-Fooocus-API", "author": "3WaD", "sha": "ad591f1cacbf2d79b3d8832aeddf6e4846de6454", "lastModified": "2024-06-28T20:45:17.000Z", "private": false, "disabled": false, "gated": false, "tags": ["region:us"], "downloads": 0, "likes": 0, "siblings": [{"rfilename": ".gitattributes"}, {"rfilename": "v0.3.30/clip_vision_vit_h.safetensors"}, {"rfilename": "v0.3.30/control-lora-canny-rank128.safetensors"}, {"rfilename": "v0.3.30/detection_Resnet50_Final.pth"}, {"rfilename": "v0.3.30/detection_mobilenet0.25_Final.pth"}, {"rfilename": "v0.3.30/fooocus_expansion.bin"}, {"rfilename": "v0.3.30/fooocus_inpaint_head.pth"}, {"rfilename": "v0.3.30/fooocus_ip_negative.safetensors"}, {"rfilename": "v0.3.30/fooocus_upscaler_s409985e5.bin"}, {"rfilename": "v0.3.30/fooocus_xl_cpds_128.safetensors"}, {"rfilename": "v0.3.30/inpaint.fooocus.patch"}, {"rfilename": "v0.3.30/inpaint_v25.fooocus.patch"}, {"rfilename": "v0.3.30/inpaint_v26.fooocus.patch"}, {"rfilename": "v0.3.30/ip-adapter-plus-face_sdxl_vit-h.bin"}, {"rfilename": "v0.3.30/ip-adapter-plus_sdxl_vit-h.bin"}, {"rfilename": "v0.3.30/model_base_caption_capfilt_large.pth"}, {"rfilename": "v0.3.30/parsing_bisenet.pth"}, {"rfilename": "v0.3.30/parsing_parsenet.pth"}, {"rfilename": "v0.3.30/sdxl_hyper_sd_4step_lora.safetensors"}, {"rfilename": "v0.3.30/sdxl_lcm_lora.safetensors"}, {"rfilename": "v0.3.30/sdxl_lightning_4step_lora.safetensors"}, {"rfilename": "v0.3.30/stable-diffusion-safety-checker.bin"}, {"rfilename": "v0.3.30/vaeapp_sd15.pt"}, {"rfilename": "v0.3.30/xl-to-v1_interposer-v3.1.safetensors"}, {"rfilename": "v0.3.30/xlvaeapp.pth"}], "spaces": [], "createdAt": "2024-02-04T21:35:19.000Z", "inferenceStatus": "not-loaded"}