{"_id": "640ba9f0c1a2a0d21fc5150e", "id": "3xec/Prueba_Exec_Languaje", "modelId": "3xec/Prueba_Exec_Languaje", "author": "3xec", "sha": "c926edf694a27168a749c45bb798e413ab3d721c", "lastModified": "2023-03-10T22:06:40.000Z", "private": false, "disabled": false, "gated": false, "tags": ["license:apache-2.0", "region:us"], "downloads": 0, "likes": 0, "model-index": null, "cardData": {"license": "apache-2.0"}, "siblings": [{"rfilename": ".gitattributes"}, {"rfilename": "README.md"}], "spaces": [], "createdAt": "2023-03-10T22:06:40.000Z", "inferenceStatus": "not-loaded"}