{"_id": "663d37f5023f6bd2ef9848d6", "id": "3y3X/EyeWitneX", "modelId": "3y3X/EyeWitneX", "author": "3y3X", "sha": "8e437cfc8e36284119d89296f0e1902277493d4e", "lastModified": "2024-05-09T20:54:13.000Z", "private": false, "disabled": false, "gated": false, "tags": ["license:apache-2.0", "region:us"], "downloads": 0, "likes": 0, "model-index": null, "cardData": {"license": "apache-2.0"}, "siblings": [{"rfilename": ".gitattributes"}, {"rfilename": "README.md"}], "spaces": [], "createdAt": "2024-05-09T20:54:13.000Z", "inferenceStatus": "not-loaded"}