{"directed": true, "multigraph": false, "graph": {}, "nodes": [{"id": "nachuwu/wav2vec2-fleur-mms-batch6-epoch16-finetunning-4"}, {"id": "nachuwu/wav2vec2-fleur-mms-batch6-epoch24-finetunning-3"}, {"id": "nachuwu/wav2vec2-fleur-mms-batch6-epoch16"}, {"id": "facebook/mms-1b-fl102"}], "links": [{"source": "nachuwu/wav2vec2-fleur-mms-batch6-epoch24-finetunning-3", "target": "nachuwu/wav2vec2-fleur-mms-batch6-epoch16-finetunning-4"}, {"source": "nachuwu/wav2vec2-fleur-mms-batch6-epoch16", "target": "nachuwu/wav2vec2-fleur-mms-batch6-epoch24-finetunning-3"}, {"source": "facebook/mms-1b-fl102", "target": "nachuwu/wav2vec2-fleur-mms-batch6-epoch16"}]}