{"_id": "6497999186aa7fff1564a527", "id": "8-bitdoge/dallaspayday2RVC", "modelId": "8-bitdoge/dallaspayday2RVC", "author": "8-bitdoge", "sha": "7542a7fbd2e409287fa69a483650a8ac2fc9e596", "lastModified": "2023-09-30T01:05:59.000Z", "private": false, "disabled": false, "gated": false, "tags": ["license:openrail", "region:us"], "downloads": 0, "likes": 0, "model-index": null, "cardData": {"license": "openrail"}, "siblings": [{"rfilename": ".gitattributes"}, {"rfilename": "Cod_old_mw2_ghost_v1 (1).zip"}, {"rfilename": "README.md"}, {"rfilename": "dallaspayday2 ai.zip"}, {"rfilename": "ghost(old)"}, {"rfilename": "jacket ai.zip"}, {"rfilename": "jimbo ai.zip"}, {"rfilename": "swaggersouls ai.zip"}], "spaces": [], "createdAt": "2023-06-25T01:34:09.000Z", "inferenceStatus": "not-loaded"}