{"_id": "64b9b8cd80da1f3fe2cb2cd6", "id": "808swerve/GringoV1", "modelId": "808swerve/GringoV1", "author": "808swerve", "sha": "87951f3dd931c088bb9d38bf9768c9cfdd4e2473", "lastModified": "2023-07-20T23:48:26.000Z", "private": false, "disabled": false, "gated": false, "tags": ["license:unknown", "region:us"], "downloads": 0, "likes": 0, "model-index": null, "cardData": {"license": "unknown"}, "siblings": [{"rfilename": ".gitattributes"}, {"rfilename": "GRINGO PART&ADDLIPS OUTRO.wav"}, {"rfilename": "README.md"}, {"rfilename": "g 4.wav"}, {"rfilename": "gringo acca 3.wav"}, {"rfilename": "gringo accapela 2.wav"}, {"rfilename": "gringo accapella.wav"}, {"rfilename": "noah ai.zip"}], "spaces": [], "createdAt": "2023-07-20T22:44:29.000Z", "inferenceStatus": "not-loaded"}