{"_id": "64365a4f68a053f73e74e9e2", "id": "80nenndai/AOM3A3", "modelId": "80nenndai/AOM3A3", "author": "80nenndai", "sha": "bc3c8ef1d7915aa99cb5300c7587b9589763b317", "lastModified": "2023-04-12T07:21:18.000Z", "private": false, "disabled": false, "gated": false, "tags": ["license:other", "region:us"], "downloads": 0, "likes": 3, "model-index": null, "cardData": {"license": "other"}, "siblings": [{"rfilename": ".gitattributes"}, {"rfilename": "AOM3A3_orangemixs.safetensors"}, {"rfilename": "README.md"}], "spaces": [], "createdAt": "2023-04-12T07:14:23.000Z", "inferenceStatus": "not-loaded"}