{"_id": "64263e7d973402b9bd1d679e", "id": "80nenndai/90", "modelId": "80nenndai/90", "author": "80nenndai", "sha": "39697449b6515076847feedd5e13aa29217f0d18", "lastModified": "2023-03-31T02:00:46.000Z", "private": false, "disabled": false, "gated": false, "tags": ["license:other", "region:us"], "downloads": 0, "likes": 0, "model-index": null, "cardData": {"license": "other"}, "siblings": [{"rfilename": ".gitattributes"}, {"rfilename": "1990sAnimeStyleLora_1.safetensors"}, {"rfilename": "README.md"}], "spaces": [], "createdAt": "2023-03-31T01:59:25.000Z", "inferenceStatus": "not-loaded"}