{"_id": "64365131a38b21abf93f5d8d", "id": "80nenndai/EstheticUrushiharaSatoshi", "modelId": "80nenndai/EstheticUrushiharaSatoshi", "author": "80nenndai", "sha": "cd4808b5fda4a208cf85dc9856bc56d25f0b3926", "lastModified": "2023-04-12T06:37:40.000Z", "private": false, "disabled": false, "gated": false, "tags": ["license:other", "region:us"], "downloads": 0, "likes": 0, "model-index": null, "cardData": {"license": "other"}, "siblings": [{"rfilename": ".gitattributes"}, {"rfilename": "README.md"}, {"rfilename": "estheticUrushihara_uruv1.safetensors"}], "spaces": [], "createdAt": "2023-04-12T06:35:29.000Z", "inferenceStatus": "not-loaded"}