{"_id": "6436bf72a9ac163631ab5350", "id": "80nenndai/sailorjupiter", "modelId": "80nenndai/sailorjupiter", "author": "80nenndai", "sha": "4474d0de099ee309f49a42c7008fb1b5ca0aa3e7", "lastModified": "2023-04-12T14:25:54.000Z", "private": false, "disabled": false, "gated": false, "tags": ["license:other", "region:us"], "downloads": 0, "likes": 0, "model-index": null, "cardData": {"license": "other"}, "siblings": [{"rfilename": ".gitattributes"}, {"rfilename": "README.md"}], "spaces": [], "createdAt": "2023-04-12T14:25:54.000Z", "inferenceStatus": "not-loaded"}