{"_id": "64c89b3bdc59e43a61f33b1c", "id": "834188divi/rare-puppers", "modelId": "834188divi/rare-puppers", "author": "834188divi", "sha": "f75ee0e1b74d978810e6303fd6724944b0d60348", "lastModified": "2023-08-01T05:42:25.000Z", "private": false, "disabled": false, "gated": false, "pipeline_tag": "image-classification", "tags": ["transformers", "pytorch", "tensorboard", "vit", "image-classification", "huggingpics", "model-index", "autotrain_compatible", "endpoints_compatible", "region:us"], "downloads": 1, "library_name": "transformers", "likes": 0, "model-index": [{"name": "rare-puppers", "results": [{"task": {"name": "Image Classification", "type": "image-classification"}, "metrics": [{"name": "Accuracy", "type": "accuracy", "value": 0.8656716346740723, "verified": false}]}]}], "config": {"architectures": ["ViTForImageClassification"], "model_type": "vit"}, "cardData": {"tags": ["image-classification", "pytorch", "huggingpics"], "metrics": ["accuracy"], "model-index": [{"name": "rare-puppers", "results": [{"task": {"name": "Image Classification", "type": "image-classification"}, "metrics": [{"name": "Accuracy", "type": "accuracy", "value": 0.8656716346740723, "verified": false}]}]}]}, "transformersInfo": {"auto_model": "AutoModelForImageClassification", "pipeline_tag": "image-classification", "processor": "AutoImageProcessor"}, "siblings": [{"rfilename": ".gitattributes"}, {"rfilename": "README.md"}, {"rfilename": "config.json"}, {"rfilename": "images/corgi.jpg"}, {"rfilename": "images/samoyed.jpg"}, {"rfilename": "images/shiba_inu.jpg"}, {"rfilename": "preprocessor_config.json"}, {"rfilename": "pytorch_model.bin"}, {"rfilename": "runs/events.out.tfevents.1690868376.994d1fb6e1f2.385.0"}], "spaces": [], "createdAt": "2023-08-01T05:42:19.000Z", "inferenceStatus": "not-loaded"}