{"_id": "6475b7d6ab17a37d0b1860e5", "id": "86Jeremy/thai-girl", "modelId": "86Jeremy/thai-girl", "author": "86Jeremy", "sha": "40c6f0802cba3b9746f93b0ecd31710dee089204", "lastModified": "2023-05-30T08:46:14.000Z", "private": false, "disabled": false, "gated": false, "tags": ["license:openrail", "region:us"], "downloads": 0, "likes": 0, "model-index": null, "cardData": {"license": "openrail"}, "siblings": [{"rfilename": ".gitattributes"}, {"rfilename": "README.md"}], "spaces": [], "createdAt": "2023-05-30T08:46:14.000Z", "inferenceStatus": "not-loaded"}