{"_id": "6475dd2209e773226338654a", "id": "86Jeremy/Thai", "modelId": "86Jeremy/Thai", "author": "86Jeremy", "sha": "f64b85ec96b657a1d6d85c1a6000bd5ff59b61d0", "lastModified": "2023-05-30T11:25:22.000Z", "private": false, "disabled": false, "gated": false, "tags": ["license:bigscience-openrail-m", "region:us"], "downloads": 0, "likes": 0, "model-index": null, "cardData": {"license": "bigscience-openrail-m"}, "siblings": [{"rfilename": ".gitattributes"}, {"rfilename": "README.md"}], "spaces": [], "createdAt": "2023-05-30T11:25:22.000Z", "inferenceStatus": "not-loaded"}