{"_id": "621ffdc036468d709f1743cc", "id": "873101411/distilbert-base-uncased-finetuned-squad", "modelId": "873101411/distilbert-base-uncased-finetuned-squad", "author": "873101411", "sha": "d8bad57738bc80415d24e0d8611ceb96aa37885a", "lastModified": "2021-12-12T15:31:53.000Z", "private": false, "disabled": false, "gated": false, "tags": ["region:us"], "downloads": 0, "likes": 0, "siblings": [{"rfilename": ".gitattributes"}], "spaces": [], "createdAt": "2022-03-02T23:29:04.000Z", "inferenceStatus": "not-loaded"}