{"_id": "65a96192cb5b4fb08e6d7170", "id": "8arber/ironmna", "modelId": "8arber/ironmna", "author": "8arber", "sha": "a306789cabc24c545a41962bad891dbd6a74e0df", "lastModified": "2024-01-18T17:39:13.000Z", "private": false, "disabled": false, "gated": false, "tags": ["transformers", "tensorboard", "endpoints_compatible", "region:us"], "downloads": 0, "library_name": "transformers", "likes": 0, "config": {}, "transformersInfo": {"auto_model": "AutoModel"}, "siblings": [{"rfilename": ".gitattributes"}, {"rfilename": "D_2333333.pth"}, {"rfilename": "G_2333333.pth"}, {"rfilename": "config.json"}, {"rfilename": "events.out.tfevents.1705597166.198a85e3c9e1.4305.0"}, {"rfilename": "ironman.pth"}, {"rfilename": "rvcLogs.zip"}], "spaces": [], "createdAt": "2024-01-18T17:36:18.000Z", "inferenceStatus": "not-loaded"}