{"_id": "64c8c4977fe12ecd0a810ac5", "id": "8clabs/sketch-model-1", "modelId": "8clabs/sketch-model-1", "author": "8clabs", "sha": "68ee76c397ca9bf13302e2d7f30c1c820bc36225", "lastModified": "2023-08-01T10:50:29.000Z", "private": false, "disabled": false, "gated": false, "pipeline_tag": "text-to-image", "tags": ["diffusers", "safetensors", "stable-diffusion", "stable-diffusion-diffusers", "text-to-image", "license:unknown", "autotrain_compatible", "endpoints_compatible", "diffusers:StableDiffusionPipeline", "region:us"], "downloads": 30, "library_name": "diffusers", "likes": 0, "model-index": null, "config": {"diffusers": {"_class_name": "StableDiffusionPipeline"}}, "cardData": {"license": "unknown", "tags": ["stable-diffusion", "stable-diffusion-diffusers", "text-to-image"], "inference": true, "library_name": "diffusers", "pipeline_tag": "text-to-image"}, "siblings": [{"rfilename": ".gitattributes"}, {"rfilename": "README.md"}, {"rfilename": "feature_extractor/preprocessor_config.json"}, {"rfilename": "model.safetensors"}, {"rfilename": "model_index.json"}, {"rfilename": "safety_checker/config.json"}, {"rfilename": "scheduler/scheduler_config.json"}, {"rfilename": "text_encoder/config.json"}, {"rfilename": "tokenizer/merges.txt"}, {"rfilename": "tokenizer/special_tokens_map.json"}, {"rfilename": "tokenizer/tokenizer_config.json"}, {"rfilename": "tokenizer/vocab.json"}, {"rfilename": "unet/config.json"}, {"rfilename": "vae/config.json"}], "spaces": [], "createdAt": "2023-08-01T08:38:47.000Z", "safetensors": {"parameters": {"F16": 1066235307}, "total": 1066235307}, "inferenceStatus": "not-loaded"}