{"_id": "6478ddda25e06d2ffe8aacae", "id": "8CSI/Sentimental_Travel", "modelId": "8CSI/Sentimental_Travel", "author": "8CSI", "sha": "922e7dd3946878a4933bda8a98e9ad9117711a88", "lastModified": "2023-06-01T18:05:54.000Z", "private": false, "disabled": false, "gated": false, "tags": ["arxiv:1910.09700", "region:us"], "downloads": 0, "likes": 0, "model-index": null, "cardData": {}, "siblings": [{"rfilename": ".gitattributes"}, {"rfilename": "README.md"}], "spaces": [], "createdAt": "2023-06-01T18:05:14.000Z", "inferenceStatus": "not-loaded"}