{"_id": "652a617ff12059832267ecb6", "id": "8f8f/Mandyyy", "modelId": "8f8f/Mandyyy", "author": "8f8f", "sha": "cfa7dfa4fbcba1c30ee5852f4fb1e3cd896d501f", "lastModified": "2023-10-14T09:38:30.000Z", "private": false, "disabled": false, "gated": false, "tags": ["arxiv:1910.09700", "region:us"], "downloads": 0, "likes": 0, "model-index": null, "cardData": {}, "siblings": [{"rfilename": ".gitattributes"}, {"rfilename": "README.md"}], "spaces": [], "createdAt": "2023-10-14T09:38:07.000Z", "inferenceStatus": "not-loaded"}