{"_id": "65b1b6373a41095a5639ccf7", "id": "8glabs/lyf-sdxl-lora", "modelId": "8glabs/lyf-sdxl-lora", "author": "8glabs", "sha": "7ca8741bfdac7a789401d17a8a3839016e15f6b3", "lastModified": "2024-01-25T02:05:33.000Z", "private": false, "disabled": false, "gated": false, "pipeline_tag": "text-to-image", "tags": ["diffusers", "tensorboard", "stable-diffusion-xl", "stable-diffusion-xl-diffusers", "text-to-image", "lora", "template:sd-lora", "base_model:stabilityai/stable-diffusion-xl-base-1.0", "license:openrail++", "region:us"], "downloads": 49, "library_name": "diffusers", "widgetData": [{"text": "A <s0><s1> character riding a horse", "output": {"url": "https://huggingface.co/8glabs/lyf-sdxl-lora/resolve/main/image_0.png"}}, {"text": "A <s0><s1> character riding a horse", "output": {"url": "https://huggingface.co/8glabs/lyf-sdxl-lora/resolve/main/image_1.png"}}, {"text": "A <s0><s1> character riding a horse", "output": {"url": "https://huggingface.co/8glabs/lyf-sdxl-lora/resolve/main/image_2.png"}}, {"text": "A <s0><s1> character riding a horse", "output": {"url": "https://huggingface.co/8glabs/lyf-sdxl-lora/resolve/main/image_3.png"}}], "likes": 1, "model-index": null, "cardData": {"tags": ["stable-diffusion-xl", "stable-diffusion-xl-diffusers", "text-to-image", "diffusers", "lora", "template:sd-lora"], "widget": [{"text": "A <s0><s1> character riding a horse", "output": {"url": "https://huggingface.co/8glabs/lyf-sdxl-lora/resolve/main/image_0.png"}}, {"text": "A <s0><s1> character riding a horse", "output": {"url": "https://huggingface.co/8glabs/lyf-sdxl-lora/resolve/main/image_1.png"}}, {"text": "A <s0><s1> character riding a horse", "output": {"url": "https://huggingface.co/8glabs/lyf-sdxl-lora/resolve/main/image_2.png"}}, {"text": "A <s0><s1> character riding a horse", "output": {"url": "https://huggingface.co/8glabs/lyf-sdxl-lora/resolve/main/image_3.png"}}], "base_model": "stabilityai/stable-diffusion-xl-base-1.0", "instance_prompt": "A <s0><s1> character", "license": "openrail++"}, "siblings": [{"rfilename": ".gitattributes"}, {"rfilename": "README.md"}, {"rfilename": "image_0.png"}, {"rfilename": "image_1.png"}, {"rfilename": "image_2.png"}, {"rfilename": "image_3.png"}, {"rfilename": "logs/dreambooth-lora-sd-xl/1706145457.3364167/events.out.tfevents.1706145457.5ddc25a43a24.408.1"}, {"rfilename": "logs/dreambooth-lora-sd-xl/1706145457.3384435/hparams.yml"}, {"rfilename": "logs/dreambooth-lora-sd-xl/events.out.tfevents.1706145457.5ddc25a43a24.408.0"}, {"rfilename": "lyf-sdxl-lora.safetensors"}, {"rfilename": "lyf-sdxl-lora_emb.safetensors"}, {"rfilename": "pytorch_lora_weights.safetensors"}], "spaces": ["allknowingroger/Image-Models-Test296"], "createdAt": "2024-01-25T01:15:35.000Z", "inferenceStatus": "not-loaded"}