{"_id": "63ec823294d31c12e4166c16", "id": "8glabs/trained_models_osbi", "modelId": "8glabs/trained_models_osbi", "author": "8glabs", "sha": "79170db7aba6f97fd5ae3255d64d313fbbcd9fce", "lastModified": "2023-02-15T06:58:49.000Z", "private": false, "disabled": false, "gated": false, "pipeline_tag": "text-to-image", "tags": ["diffusers", "tensorboard", "autotrain_compatible", "endpoints_compatible", "diffusers:StableDiffusionPipeline", "region:us"], "downloads": 12, "library_name": "diffusers", "likes": 0, "config": {"diffusers": {"_class_name": "StableDiffusionPipeline"}}, "siblings": [{"rfilename": ".gitattributes"}, {"rfilename": "feature_extractor/preprocessor_config.json"}, {"rfilename": "logs/dreambooth-lora/1676441439.7469375/events.out.tfevents.1676441439.6ac8d9ead5f1.8223.1"}, {"rfilename": "logs/dreambooth-lora/1676441439.748729/hparams.yml"}, {"rfilename": "logs/dreambooth-lora/1676442450.140655/events.out.tfevents.1676442450.6ac8d9ead5f1.8835.1"}, {"rfilename": "logs/dreambooth-lora/1676442450.1429026/hparams.yml"}, {"rfilename": "logs/dreambooth-lora/events.out.tfevents.1676441439.6ac8d9ead5f1.8223.0"}, {"rfilename": "logs/dreambooth-lora/events.out.tfevents.1676442450.6ac8d9ead5f1.8835.0"}, {"rfilename": "model_index.json"}, {"rfilename": "pytorch_lora_weights.bin"}, {"rfilename": "safety_checker/config.json"}, {"rfilename": "safety_checker/pytorch_model.bin"}, {"rfilename": "scheduler/scheduler_config.json"}, {"rfilename": "text_encoder/config.json"}, {"rfilename": "text_encoder/pytorch_model.bin"}, {"rfilename": "tokenizer/merges.txt"}, {"rfilename": "tokenizer/special_tokens_map.json"}, {"rfilename": "tokenizer/tokenizer_config.json"}, {"rfilename": "tokenizer/vocab.json"}, {"rfilename": "unet/config.json"}, {"rfilename": "unet/diffusion_pytorch_model.bin"}, {"rfilename": "vae/config.json"}, {"rfilename": "vae/diffusion_pytorch_model.bin"}], "spaces": [], "createdAt": "2023-02-15T06:56:50.000Z", "inferenceStatus": "not-loaded"}