{"_id": "63f5b782cc1dd316869d44dc", "id": "8glabs/Deliberate_mfer_a100", "modelId": "8glabs/Deliberate_mfer_a100", "author": "8glabs", "sha": "20e412d8321988f5e7b27fb9cb656024705906c5", "lastModified": "2023-02-22T06:35:35.000Z", "private": false, "disabled": false, "gated": false, "pipeline_tag": "text-to-image", "tags": ["diffusers", "tensorboard", "autotrain_compatible", "endpoints_compatible", "diffusers:StableDiffusionPipeline", "region:us"], "downloads": 0, "library_name": "diffusers", "likes": 0, "config": {"diffusers": {"_class_name": "StableDiffusionPipeline"}}, "siblings": [{"rfilename": ".gitattributes"}, {"rfilename": "feature_extractor/preprocessor_config.json"}, {"rfilename": "logs/dreambooth/1677047086.7138586/events.out.tfevents.1677047086.2b06010bf333.290.1"}, {"rfilename": "logs/dreambooth/1677047086.7156014/hparams.yml"}, {"rfilename": "logs/dreambooth/events.out.tfevents.1677047086.2b06010bf333.290.0"}, {"rfilename": "model_index.json"}, {"rfilename": "safety_checker/config.json"}, {"rfilename": "safety_checker/pytorch_model.bin"}, {"rfilename": "scheduler/scheduler_config.json"}, {"rfilename": "text_encoder/config.json"}, {"rfilename": "text_encoder/pytorch_model.bin"}, {"rfilename": "tokenizer/merges.txt"}, {"rfilename": "tokenizer/special_tokens_map.json"}, {"rfilename": "tokenizer/tokenizer_config.json"}, {"rfilename": "tokenizer/vocab.json"}, {"rfilename": "unet/config.json"}, {"rfilename": "unet/diffusion_pytorch_model.bin"}, {"rfilename": "vae/config.json"}, {"rfilename": "vae/diffusion_pytorch_model.bin"}], "spaces": [], "createdAt": "2023-02-22T06:34:42.000Z", "inferenceStatus": "not-loaded"}