{"_id": "63ef064783dab7ab07c1661a", "id": "8glabs/Deliberate_lisa", "modelId": "8glabs/Deliberate_lisa", "author": "8glabs", "sha": "3f30d7576b47cd7ebe825de2db01b72e4a1d3bf5", "lastModified": "2023-02-17T04:45:52.000Z", "private": false, "disabled": false, "gated": false, "pipeline_tag": "text-to-image", "tags": ["diffusers", "tensorboard", "autotrain_compatible", "endpoints_compatible", "diffusers:StableDiffusionPipeline", "region:us"], "downloads": 0, "library_name": "diffusers", "likes": 0, "config": {"diffusers": {"_class_name": "StableDiffusionPipeline"}}, "siblings": [{"rfilename": ".gitattributes"}, {"rfilename": "feature_extractor/preprocessor_config.json"}, {"rfilename": "logs/dreambooth/1676517159.5953474/events.out.tfevents.1676517159.6ac8d9ead5f1.10560.7"}, {"rfilename": "logs/dreambooth/1676517159.597216/hparams.yml"}, {"rfilename": "logs/dreambooth/events.out.tfevents.1676517159.6ac8d9ead5f1.10560.6"}, {"rfilename": "model_index.json"}, {"rfilename": "safety_checker/config.json"}, {"rfilename": "safety_checker/pytorch_model.bin"}, {"rfilename": "scheduler/scheduler_config.json"}, {"rfilename": "text_encoder/config.json"}, {"rfilename": "text_encoder/pytorch_model.bin"}, {"rfilename": "tokenizer/merges.txt"}, {"rfilename": "tokenizer/special_tokens_map.json"}, {"rfilename": "tokenizer/tokenizer_config.json"}, {"rfilename": "tokenizer/vocab.json"}, {"rfilename": "unet/config.json"}, {"rfilename": "unet/diffusion_pytorch_model.bin"}, {"rfilename": "vae/config.json"}, {"rfilename": "vae/diffusion_pytorch_model.bin"}], "spaces": [], "createdAt": "2023-02-17T04:44:55.000Z", "inferenceStatus": "not-loaded"}