{"_id": "63ef0554abaac0cb4c785342", "id": "8glabs/Deliberate_chasebailey", "modelId": "8glabs/Deliberate_chasebailey", "author": "8glabs", "sha": "2a0b4f6fc917f6095bc7f3bfd148e1bd91cc6941", "lastModified": "2023-02-17T04:42:22.000Z", "private": false, "disabled": false, "gated": false, "pipeline_tag": "text-to-image", "tags": ["diffusers", "tensorboard", "autotrain_compatible", "endpoints_compatible", "diffusers:StableDiffusionPipeline", "region:us"], "downloads": 0, "library_name": "diffusers", "likes": 0, "config": {"diffusers": {"_class_name": "StableDiffusionPipeline"}}, "siblings": [{"rfilename": ".gitattributes"}, {"rfilename": "feature_extractor/preprocessor_config.json"}, {"rfilename": "logs/dreambooth/1676206271.4923003/events.out.tfevents.1676206271.6ac8d9ead5f1.45.77"}, {"rfilename": "logs/dreambooth/1676206271.4940631/hparams.yml"}, {"rfilename": "logs/dreambooth/events.out.tfevents.1676206271.6ac8d9ead5f1.45.76"}, {"rfilename": "model_index.json"}, {"rfilename": "safety_checker/config.json"}, {"rfilename": "safety_checker/pytorch_model.bin"}, {"rfilename": "scheduler/scheduler_config.json"}, {"rfilename": "text_encoder/config.json"}, {"rfilename": "text_encoder/pytorch_model.bin"}, {"rfilename": "tokenizer/merges.txt"}, {"rfilename": "tokenizer/special_tokens_map.json"}, {"rfilename": "tokenizer/tokenizer_config.json"}, {"rfilename": "tokenizer/vocab.json"}, {"rfilename": "unet/config.json"}, {"rfilename": "unet/diffusion_pytorch_model.bin"}, {"rfilename": "vae/config.json"}, {"rfilename": "vae/diffusion_pytorch_model.bin"}], "spaces": [], "createdAt": "2023-02-17T04:40:52.000Z", "inferenceStatus": "not-loaded"}