{"_id": "63ef06fcabaac0cb4c786c2e", "id": "8glabs/Deliberate_osbi", "modelId": "8glabs/Deliberate_osbi", "author": "8glabs", "sha": "489fe57402734d53c5c47f0cbe95f9f544c94e0e", "lastModified": "2023-02-17T04:48:51.000Z", "private": false, "disabled": false, "gated": false, "pipeline_tag": "text-to-image", "tags": ["diffusers", "tensorboard", "autotrain_compatible", "endpoints_compatible", "diffusers:StableDiffusionPipeline", "region:us"], "downloads": 0, "library_name": "diffusers", "likes": 0, "config": {"diffusers": {"_class_name": "StableDiffusionPipeline"}}, "siblings": [{"rfilename": ".gitattributes"}, {"rfilename": "feature_extractor/preprocessor_config.json"}, {"rfilename": "logs/dreambooth/1676608321.510423/events.out.tfevents.1676608321.6ac8d9ead5f1.10560.13"}, {"rfilename": "logs/dreambooth/1676608321.5122073/hparams.yml"}, {"rfilename": "logs/dreambooth/events.out.tfevents.1676608321.6ac8d9ead5f1.10560.12"}, {"rfilename": "model_index.json"}, {"rfilename": "safety_checker/config.json"}, {"rfilename": "safety_checker/pytorch_model.bin"}, {"rfilename": "scheduler/scheduler_config.json"}, {"rfilename": "text_encoder/config.json"}, {"rfilename": "text_encoder/pytorch_model.bin"}, {"rfilename": "tokenizer/merges.txt"}, {"rfilename": "tokenizer/special_tokens_map.json"}, {"rfilename": "tokenizer/tokenizer_config.json"}, {"rfilename": "tokenizer/vocab.json"}, {"rfilename": "unet/config.json"}, {"rfilename": "unet/diffusion_pytorch_model.bin"}, {"rfilename": "vae/config.json"}, {"rfilename": "vae/diffusion_pytorch_model.bin"}], "spaces": [], "createdAt": "2023-02-17T04:47:56.000Z", "inferenceStatus": "not-loaded"}