{"_id": "65b118f51dbd85fd0c5a1f77", "id": "8glabs/3d-icon-sdxl-lora", "modelId": "8glabs/3d-icon-sdxl-lora", "author": "8glabs", "sha": "0a473b37503d31edb1f490d046e1c4a552169709", "lastModified": "2024-01-24T16:25:43.000Z", "private": false, "disabled": false, "gated": false, "pipeline_tag": "text-to-image", "tags": ["diffusers", "tensorboard", "stable-diffusion-xl", "stable-diffusion-xl-diffusers", "text-to-image", "lora", "template:sd-lora", "base_model:stabilityai/stable-diffusion-xl-base-1.0", "license:openrail++", "region:us"], "downloads": 65, "library_name": "diffusers", "widgetData": [{"text": "a <s0><s1> icon of an astronaut riding a horse, in the style of <s0><s1>", "output": {"url": "https://huggingface.co/8glabs/3d-icon-sdxl-lora/resolve/main/image_0.png"}}, {"text": "a <s0><s1> icon of an astronaut riding a horse, in the style of <s0><s1>", "output": {"url": "https://huggingface.co/8glabs/3d-icon-sdxl-lora/resolve/main/image_1.png"}}, {"text": "a <s0><s1> icon of an astronaut riding a horse, in the style of <s0><s1>", "output": {"url": "https://huggingface.co/8glabs/3d-icon-sdxl-lora/resolve/main/image_2.png"}}, {"text": "a <s0><s1> icon of an astronaut riding a horse, in the style of <s0><s1>", "output": {"url": "https://huggingface.co/8glabs/3d-icon-sdxl-lora/resolve/main/image_3.png"}}], "likes": 2, "model-index": null, "cardData": {"tags": ["stable-diffusion-xl", "stable-diffusion-xl-diffusers", "text-to-image", "diffusers", "lora", "template:sd-lora"], "widget": [{"text": "a <s0><s1> icon of an astronaut riding a horse, in the style of <s0><s1>", "output": {"url": "https://huggingface.co/8glabs/3d-icon-sdxl-lora/resolve/main/image_0.png"}}, {"text": "a <s0><s1> icon of an astronaut riding a horse, in the style of <s0><s1>", "output": {"url": "https://huggingface.co/8glabs/3d-icon-sdxl-lora/resolve/main/image_1.png"}}, {"text": "a <s0><s1> icon of an astronaut riding a horse, in the style of <s0><s1>", "output": {"url": "https://huggingface.co/8glabs/3d-icon-sdxl-lora/resolve/main/image_2.png"}}, {"text": "a <s0><s1> icon of an astronaut riding a horse, in the style of <s0><s1>", "output": {"url": "https://huggingface.co/8glabs/3d-icon-sdxl-lora/resolve/main/image_3.png"}}], "base_model": "stabilityai/stable-diffusion-xl-base-1.0", "instance_prompt": "3d icon in the style of <s0><s1>", "license": "openrail++"}, "siblings": [{"rfilename": ".gitattributes"}, {"rfilename": ".ipynb_checkpoints/README-checkpoint.md"}, {"rfilename": ".ipynb_checkpoints/image_0-checkpoint.png"}, {"rfilename": ".ipynb_checkpoints/image_1-checkpoint.png"}, {"rfilename": ".ipynb_checkpoints/image_2-checkpoint.png"}, {"rfilename": ".ipynb_checkpoints/image_3-checkpoint.png"}, {"rfilename": "3d-icon-sdxl-lora.safetensors"}, {"rfilename": "3d-icon-sdxl-lora_emb.safetensors"}, {"rfilename": "README.md"}, {"rfilename": "image_0.png"}, {"rfilename": "image_1.png"}, {"rfilename": "image_2.png"}, {"rfilename": "image_3.png"}, {"rfilename": "logs/dreambooth-lora-sd-xl/1706105322.8293128/events.out.tfevents.1706105322.5ddc25a43a24.414.1"}, {"rfilename": "logs/dreambooth-lora-sd-xl/1706105322.8315356/hparams.yml"}, {"rfilename": "logs/dreambooth-lora-sd-xl/1706106433.6470418/events.out.tfevents.1706106433.5ddc25a43a24.259.1"}, {"rfilename": "logs/dreambooth-lora-sd-xl/1706106433.64954/hparams.yml"}, {"rfilename": "logs/dreambooth-lora-sd-xl/1706107908.186663/events.out.tfevents.1706107908.5ddc25a43a24.449.1"}, {"rfilename": "logs/dreambooth-lora-sd-xl/1706107908.188729/hparams.yml"}, {"rfilename": "logs/dreambooth-lora-sd-xl/1706108763.8524618/events.out.tfevents.1706108763.5ddc25a43a24.260.1"}, {"rfilename": "logs/dreambooth-lora-sd-xl/1706108763.8549922/hparams.yml"}, {"rfilename": "logs/dreambooth-lora-sd-xl/1706109369.391219/events.out.tfevents.1706109369.5ddc25a43a24.707.1"}, {"rfilename": "logs/dreambooth-lora-sd-xl/1706109369.3931785/hparams.yml"}, {"rfilename": "logs/dreambooth-lora-sd-xl/1706109768.2837665/events.out.tfevents.1706109768.5ddc25a43a24.1825.1"}, {"rfilename": "logs/dreambooth-lora-sd-xl/1706109768.285734/hparams.yml"}, {"rfilename": "logs/dreambooth-lora-sd-xl/1706110683.3978927/events.out.tfevents.1706110683.5ddc25a43a24.4243.1"}, {"rfilename": "logs/dreambooth-lora-sd-xl/1706110683.3999639/hparams.yml"}, {"rfilename": "logs/dreambooth-lora-sd-xl/events.out.tfevents.1706105322.5ddc25a43a24.414.0"}, {"rfilename": "logs/dreambooth-lora-sd-xl/events.out.tfevents.1706106433.5ddc25a43a24.259.0"}, {"rfilename": "logs/dreambooth-lora-sd-xl/events.out.tfevents.1706107908.5ddc25a43a24.449.0"}, {"rfilename": "logs/dreambooth-lora-sd-xl/events.out.tfevents.1706108763.5ddc25a43a24.260.0"}, {"rfilename": "logs/dreambooth-lora-sd-xl/events.out.tfevents.1706109369.5ddc25a43a24.707.0"}, {"rfilename": "logs/dreambooth-lora-sd-xl/events.out.tfevents.1706109768.5ddc25a43a24.1825.0"}, {"rfilename": "logs/dreambooth-lora-sd-xl/events.out.tfevents.1706110683.5ddc25a43a24.4243.0"}, {"rfilename": "pytorch_lora_weights.safetensors"}], "spaces": ["allknowingroger/Image-Models-Test296"], "createdAt": "2024-01-24T14:04:37.000Z", "inferenceStatus": "not-loaded"}