{"_id": "63bbdfba18e2f66c5e98f993", "id": "8glabs/trained_models_textual_azuki", "modelId": "8glabs/trained_models_textual_azuki", "author": "8glabs", "sha": "c23968c39d20663285e38645482b50b65ad48dbb", "lastModified": "2023-01-09T09:38:00.000Z", "private": false, "disabled": false, "gated": false, "pipeline_tag": "text-to-image", "tags": ["diffusers", "autotrain_compatible", "endpoints_compatible", "diffusers:StableDiffusionPipeline", "region:us"], "downloads": 103, "library_name": "diffusers", "likes": 0, "config": {"diffusers": {"_class_name": "StableDiffusionPipeline"}}, "siblings": [{"rfilename": ".gitattributes"}, {"rfilename": "feature_extractor/preprocessor_config.json"}, {"rfilename": "learned_embeds-step-1000.bin"}, {"rfilename": "learned_embeds-step-1250.bin"}, {"rfilename": "learned_embeds-step-1500.bin"}, {"rfilename": "learned_embeds-step-1750.bin"}, {"rfilename": "learned_embeds-step-2000.bin"}, {"rfilename": "learned_embeds-step-250.bin"}, {"rfilename": "learned_embeds-step-500.bin"}, {"rfilename": "learned_embeds-step-750.bin"}, {"rfilename": "learned_embeds.bin"}, {"rfilename": "model_index.json"}, {"rfilename": "scheduler/scheduler_config.json"}, {"rfilename": "text_encoder/config.json"}, {"rfilename": "text_encoder/pytorch_model.bin"}, {"rfilename": "tokenizer/added_tokens.json"}, {"rfilename": "tokenizer/merges.txt"}, {"rfilename": "tokenizer/special_tokens_map.json"}, {"rfilename": "tokenizer/tokenizer_config.json"}, {"rfilename": "tokenizer/vocab.json"}, {"rfilename": "unet/config.json"}, {"rfilename": "unet/diffusion_pytorch_model.bin"}, {"rfilename": "vae/config.json"}, {"rfilename": "vae/diffusion_pytorch_model.bin"}], "spaces": [], "createdAt": "2023-01-09T09:34:50.000Z", "inferenceStatus": "not-loaded"}