{"_id": "63ef06a87b7380ffc6a72b92", "id": "8glabs/Deliberate_Meishmoe", "modelId": "8glabs/Deliberate_Meishmoe", "author": "8glabs", "sha": "6c8f7abcc95192bcd9a65548dacda53b75ca8d8a", "lastModified": "2023-02-17T04:47:34.000Z", "private": false, "disabled": false, "gated": false, "pipeline_tag": "text-to-image", "tags": ["diffusers", "tensorboard", "autotrain_compatible", "endpoints_compatible", "diffusers:StableDiffusionPipeline", "region:us"], "downloads": 0, "library_name": "diffusers", "likes": 0, "config": {"diffusers": {"_class_name": "StableDiffusionPipeline"}}, "siblings": [{"rfilename": ".gitattributes"}, {"rfilename": "feature_extractor/preprocessor_config.json"}, {"rfilename": "logs/dreambooth/1676205548.222955/events.out.tfevents.1676205548.6ac8d9ead5f1.45.73"}, {"rfilename": "logs/dreambooth/1676205548.2248008/hparams.yml"}, {"rfilename": "logs/dreambooth/events.out.tfevents.1676205548.6ac8d9ead5f1.45.72"}, {"rfilename": "model_index.json"}, {"rfilename": "safety_checker/config.json"}, {"rfilename": "safety_checker/pytorch_model.bin"}, {"rfilename": "scheduler/scheduler_config.json"}, {"rfilename": "text_encoder/config.json"}, {"rfilename": "text_encoder/pytorch_model.bin"}, {"rfilename": "tokenizer/merges.txt"}, {"rfilename": "tokenizer/special_tokens_map.json"}, {"rfilename": "tokenizer/tokenizer_config.json"}, {"rfilename": "tokenizer/vocab.json"}, {"rfilename": "unet/config.json"}, {"rfilename": "unet/diffusion_pytorch_model.bin"}, {"rfilename": "vae/config.json"}, {"rfilename": "vae/diffusion_pytorch_model.bin"}], "spaces": [], "createdAt": "2023-02-17T04:46:32.000Z", "inferenceStatus": "not-loaded"}