{"_id": "63f9694962c1f8ed2e5766d4", "id": "8kkillian/autotrain-weather-classification-3723199087", "modelId": "8kkillian/autotrain-weather-classification-3723199087", "author": "8kkillian", "sha": "ed14b7a439564d9e2b4f6e1eaaceb10f967e0bde", "lastModified": "2023-02-25T01:50:39.000Z", "private": false, "disabled": false, "gated": false, "pipeline_tag": "image-classification", "tags": ["transformers", "pytorch", "resnet", "image-classification", "autotrain", "vision", "dataset:8kkillian/autotrain-data-weather-classification", "co2_eq_emissions", "autotrain_compatible", "endpoints_compatible", "region:us"], "downloads": 1, "library_name": "transformers", "widgetData": [{"src": "https://huggingface.co/datasets/mishig/sample_images/resolve/main/tiger.jpg", "example_title": "Tiger"}, {"src": "https://huggingface.co/datasets/mishig/sample_images/resolve/main/teapot.jpg", "example_title": "Teapot"}, {"src": "https://huggingface.co/datasets/mishig/sample_images/resolve/main/palace.jpg", "example_title": "Palace"}], "likes": 0, "model-index": null, "config": {"architectures": ["ResNetForImageClassification"], "model_type": "resnet"}, "cardData": {"tags": ["autotrain", "vision", "image-classification"], "datasets": ["8kkillian/autotrain-data-weather-classification"], "widget": [{"src": "https://huggingface.co/datasets/mishig/sample_images/resolve/main/tiger.jpg", "example_title": "Tiger"}, {"src": "https://huggingface.co/datasets/mishig/sample_images/resolve/main/teapot.jpg", "example_title": "Teapot"}, {"src": "https://huggingface.co/datasets/mishig/sample_images/resolve/main/palace.jpg", "example_title": "Palace"}], "co2_eq_emissions": {"emissions": 0.0034994299454859396}}, "transformersInfo": {"auto_model": "AutoModelForImageClassification", "pipeline_tag": "image-classification", "processor": "AutoImageProcessor"}, "siblings": [{"rfilename": ".gitattributes"}, {"rfilename": "README.md"}, {"rfilename": "config.json"}, {"rfilename": "preprocessor_config.json"}, {"rfilename": "pytorch_model.bin"}], "spaces": ["8kkillian/WeatherConditions_ResNet"], "createdAt": "2023-02-25T01:50:01.000Z", "inferenceStatus": "not-loaded"}