{"_id": "62c285f336b8256050a81062", "id": "8X7K/anime-sentiment-analysis", "modelId": "8X7K/anime-sentiment-analysis", "author": "8X7K", "sha": "0a948e7ca1a3b20c802c9c5a4283c9ab1774556c", "lastModified": "2022-07-04T06:29:50.000Z", "private": false, "disabled": false, "gated": false, "tags": ["transformers", "pytorch", "bert", "endpoints_compatible", "region:us"], "downloads": 1, "library_name": "transformers", "mask_token": "[MASK]", "likes": 1, "config": {"architectures": ["BertRegressionMulti"], "model_type": "bert", "tokenizer_config": {"unk_token": "[UNK]", "sep_token": "[SEP]", "pad_token": "[PAD]", "cls_token": "[CLS]", "mask_token": "[MASK]"}}, "transformersInfo": {"auto_model": "BertRegressionMulti", "processor": "AutoTokenizer"}, "siblings": [{"rfilename": ".gitattributes"}, {"rfilename": "config.json"}, {"rfilename": "pytorch_model.bin"}, {"rfilename": "rng_state.pth"}, {"rfilename": "scheduler.pt"}, {"rfilename": "special_tokens_map.json"}, {"rfilename": "tokenizer_config.json"}, {"rfilename": "trainer_state.json"}, {"rfilename": "training_args.bin"}, {"rfilename": "vocab.txt"}], "spaces": [], "createdAt": "2022-07-04T06:17:23.000Z", "inferenceStatus": "not-loaded"}