{"_id": "62eb7901777722a2771ea2aa", "id": "L-macc/autotrain-Biomedical_sc_summ-1217846144", "modelId": "L-macc/autotrain-Biomedical_sc_summ-1217846144", "author": "L-macc", "sha": "ed04ed832869335df5aa022789b2bb0cf52bb477", "lastModified": "2022-08-06T13:18:01.000Z", "private": false, "disabled": false, "gated": false, "pipeline_tag": "summarization", "tags": ["transformers", "pytorch", "longt5", "text2text-generation", "autotrain", "summarization", "unk", "dataset:L-macc/autotrain-data-Biomedical_sc_summ", "model-index", "co2_eq_emissions", "autotrain_compatible", "endpoints_compatible", "region:us"], "downloads": 2, "library_name": "transformers", "widgetData": [{"text": "I love AutoTrain \ud83e\udd17"}], "likes": 1, "model-index": [{"name": "L-macc/autotrain-Biomedical_sc_summ-1217846144", "results": [{"task": {"type": "summarization", "name": "Summarization"}, "dataset": {"name": "Blaise-g/SumPubmed", "type": "Blaise-g/SumPubmed", "config": "Blaise-g--SumPubmed", "split": "test"}, "metrics": [{"name": "ROUGE-1", "type": "rouge", "value": 39.4086, "verified": false}, {"name": "ROUGE-2", "type": "rouge", "value": 12.8115, "verified": false}, {"name": "ROUGE-L", "type": "rouge", "value": 21.9191, "verified": false}, {"name": "ROUGE-LSUM", "type": "rouge", "value": 35.2431, "verified": false}, {"name": "loss", "type": "loss", "value": 2.2001051902770996, "verified": false}, {"name": "gen_len", "type": "gen_len", "value": 133.8541, "verified": false}]}]}], "config": {"architectures": ["LongT5ForConditionalGeneration"], "model_type": "longt5", "tokenizer_config": {"eos_token": "</s>", "pad_token": "<pad>", "unk_token": "<unk>"}}, "cardData": {"tags": ["autotrain", "summarization"], "language": ["unk"], "widget": [{"text": "I love AutoTrain \ud83e\udd17"}], "datasets": ["L-macc/autotrain-data-Biomedical_sc_summ"], "co2_eq_emissions": {"emissions": 3198.3976606503647}, "model-index": [{"name": "L-macc/autotrain-Biomedical_sc_summ-1217846144", "results": [{"task": {"type": "summarization", "name": "Summarization"}, "dataset": {"name": "Blaise-g/SumPubmed", "type": "Blaise-g/SumPubmed", "config": "Blaise-g--SumPubmed", "split": "test"}, "metrics": [{"name": "ROUGE-1", "type": "rouge", "value": 39.4086, "verified": false}, {"name": "ROUGE-2", "type": "rouge", "value": 12.8115, "verified": false}, {"name": "ROUGE-L", "type": "rouge", "value": 21.9191, "verified": false}, {"name": "ROUGE-LSUM", "type": "rouge", "value": 35.2431, "verified": false}, {"name": "loss", "type": "loss", "value": 2.2001051902770996, "verified": false}, {"name": "gen_len", "type": "gen_len", "value": 133.8541, "verified": false}]}]}]}, "transformersInfo": {"auto_model": "AutoModelForSeq2SeqLM", "pipeline_tag": "text2text-generation", "processor": "AutoTokenizer"}, "siblings": [{"rfilename": ".gitattributes"}, {"rfilename": "README.md"}, {"rfilename": "config.json"}, {"rfilename": "pytorch_model.bin"}, {"rfilename": "special_tokens_map.json"}, {"rfilename": "tokenizer.json"}, {"rfilename": "tokenizer_config.json"}], "spaces": [], "createdAt": "2022-08-04T07:45:05.000Z", "inferenceStatus": "not-loaded"}