{"_id": "62eb791120ded250f53170a6", "id": "L-macc/autotrain-Biomedical_sc_summ-1217846148", "modelId": "L-macc/autotrain-Biomedical_sc_summ-1217846148", "author": "L-macc", "sha": "bfc9eb6b1853db0983104444630a71234982ad8d", "lastModified": "2022-08-06T12:54:46.000Z", "private": false, "disabled": false, "gated": false, "pipeline_tag": "summarization", "tags": ["transformers", "pytorch", "longt5", "text2text-generation", "autotrain", "summarization", "unk", "dataset:L-macc/autotrain-data-Biomedical_sc_summ", "model-index", "co2_eq_emissions", "autotrain_compatible", "endpoints_compatible", "region:us"], "downloads": 2, "library_name": "transformers", "widgetData": [{"text": "I love AutoTrain \ud83e\udd17"}], "likes": 0, "model-index": [{"name": "L-macc/autotrain-Biomedical_sc_summ-1217846148", "results": [{"task": {"type": "summarization", "name": "Summarization"}, "dataset": {"name": "Blaise-g/SumPubmed", "type": "Blaise-g/SumPubmed", "config": "Blaise-g--SumPubmed", "split": "test"}, "metrics": [{"name": "ROUGE-1", "type": "rouge", "value": 40.1043, "verified": false}, {"name": "ROUGE-2", "type": "rouge", "value": 13.0457, "verified": false}, {"name": "ROUGE-L", "type": "rouge", "value": 22.2288, "verified": false}, {"name": "ROUGE-LSUM", "type": "rouge", "value": 35.9295, "verified": false}, {"name": "loss", "type": "loss", "value": 2.090137004852295, "verified": false}, {"name": "gen_len", "type": "gen_len", "value": 139.7369, "verified": false}]}]}], "config": {"architectures": ["LongT5ForConditionalGeneration"], "model_type": "longt5", "tokenizer_config": {"eos_token": "</s>", "pad_token": "<pad>", "unk_token": "<unk>"}}, "cardData": {"tags": ["autotrain", "summarization"], "language": ["unk"], "widget": [{"text": "I love AutoTrain \ud83e\udd17"}], "datasets": ["L-macc/autotrain-data-Biomedical_sc_summ"], "co2_eq_emissions": {"emissions": 13.651986586580765}, "model-index": [{"name": "L-macc/autotrain-Biomedical_sc_summ-1217846148", "results": [{"task": {"type": "summarization", "name": "Summarization"}, "dataset": {"name": "Blaise-g/SumPubmed", "type": "Blaise-g/SumPubmed", "config": "Blaise-g--SumPubmed", "split": "test"}, "metrics": [{"name": "ROUGE-1", "type": "rouge", "value": 40.1043, "verified": false}, {"name": "ROUGE-2", "type": "rouge", "value": 13.0457, "verified": false}, {"name": "ROUGE-L", "type": "rouge", "value": 22.2288, "verified": false}, {"name": "ROUGE-LSUM", "type": "rouge", "value": 35.9295, "verified": false}, {"name": "loss", "type": "loss", "value": 2.090137004852295, "verified": false}, {"name": "gen_len", "type": "gen_len", "value": 139.7369, "verified": false}]}]}]}, "transformersInfo": {"auto_model": "AutoModelForSeq2SeqLM", "pipeline_tag": "text2text-generation", "processor": "AutoTokenizer"}, "siblings": [{"rfilename": ".gitattributes"}, {"rfilename": "README.md"}, {"rfilename": "config.json"}, {"rfilename": "pytorch_model.bin"}, {"rfilename": "special_tokens_map.json"}, {"rfilename": "tokenizer.json"}, {"rfilename": "tokenizer_config.json"}], "spaces": ["ramyakr06/L-macc-autotrain-Biomedical_sc_summ-1217846148"], "createdAt": "2022-08-04T07:45:21.000Z", "inferenceStatus": "not-loaded"}