{"_id": "6650828c7cabf972c880d10d", "id": "L-NLProc/PredEx_InCaseLaw_Pred", "modelId": "L-NLProc/PredEx_InCaseLaw_Pred", "author": "L-NLProc", "sha": "1a80347a9e808c2747b7a5cc54a86fa9937a28cd", "lastModified": "2024-05-24T13:05:16.000Z", "private": false, "disabled": false, "gated": false, "pipeline_tag": "feature-extraction", "tags": ["transformers", "safetensors", "bert", "feature-extraction", "license:apache-2.0", "text-embeddings-inference", "endpoints_compatible", "region:us"], "downloads": 3, "library_name": "transformers", "mask_token": "[MASK]", "likes": 0, "model-index": null, "config": {"architectures": ["BertModel"], "model_type": "bert", "tokenizer_config": {"cls_token": "[CLS]", "mask_token": "[MASK]", "pad_token": "[PAD]", "sep_token": "[SEP]", "unk_token": "[UNK]"}}, "cardData": {"license": "apache-2.0"}, "transformersInfo": {"auto_model": "AutoModel", "pipeline_tag": "feature-extraction", "processor": "AutoTokenizer"}, "siblings": [{"rfilename": ".gitattributes"}, {"rfilename": "README.md"}, {"rfilename": "config.json"}, {"rfilename": "model.safetensors"}, {"rfilename": "special_tokens_map.json"}, {"rfilename": "tokenizer.json"}, {"rfilename": "tokenizer_config.json"}, {"rfilename": "vocab.txt"}], "spaces": [], "createdAt": "2024-05-24T12:05:32.000Z", "safetensors": {"parameters": {"F32": 109482240}, "total": 109482240}, "inferenceStatus": "not-loaded"}