{"_id": "6650827b9525389ad79d7a83", "id": "L-NLProc/PredEx_Zephyr_Pred", "modelId": "L-NLProc/PredEx_Zephyr_Pred", "author": "L-NLProc", "sha": "3d43ed7542b95ff82f41b363865254815b748cf8", "lastModified": "2024-05-24T12:05:15.000Z", "private": false, "disabled": false, "gated": false, "tags": ["license:apache-2.0", "region:us"], "downloads": 0, "likes": 0, "model-index": null, "cardData": {"license": "apache-2.0"}, "siblings": [{"rfilename": ".gitattributes"}, {"rfilename": "README.md"}], "spaces": [], "createdAt": "2024-05-24T12:05:15.000Z", "inferenceStatus": "not-loaded"}