{"_id": "6362a45e4c9f829ef7fafeaf", "id": "L-oenai/layoutxlm-finetuned-xfund-pt", "modelId": "L-oenai/layoutxlm-finetuned-xfund-pt", "author": "L-oenai", "sha": "83bc84c38c81a688c54a51ec28299f005d33207f", "lastModified": "2022-11-02T18:16:11.000Z", "private": false, "disabled": false, "gated": false, "pipeline_tag": "token-classification", "tags": ["transformers", "pytorch", "tensorboard", "layoutlmv2", "token-classification", "generated_from_trainer", "dataset:xfun", "license:cc-by-nc-sa-4.0", "autotrain_compatible", "endpoints_compatible", "region:us"], "downloads": 2, "library_name": "transformers", "widgetData": [{"text": "My name is Wolfgang and I live in Berlin"}, {"text": "My name is Sarah and I live in London"}, {"text": "My name is Clara and I live in Berkeley, California."}], "likes": 0, "model-index": [{"name": "layoutxlm-finetuned-xfund-pt", "results": []}], "config": {"architectures": ["LayoutLMv2ForTokenClassification"], "model_type": "layoutlmv2", "tokenizer_config": {"bos_token": "<s>", "cls_token": "<s>", "eos_token": "</s>", "mask_token": {"__type": "AddedToken", "content": "<mask>", "lstrip": true, "normalized": true, "rstrip": false, "single_word": false}, "pad_token": "<pad>", "sep_token": "</s>", "unk_token": "<unk>"}}, "cardData": {"license": "cc-by-nc-sa-4.0", "tags": ["generated_from_trainer"], "datasets": ["xfun"], "model-index": [{"name": "layoutxlm-finetuned-xfund-pt", "results": []}]}, "transformersInfo": {"auto_model": "AutoModelForTokenClassification", "pipeline_tag": "token-classification", "processor": "AutoProcessor"}, "siblings": [{"rfilename": ".gitattributes"}, {"rfilename": ".gitignore"}, {"rfilename": "README.md"}, {"rfilename": "config.json"}, {"rfilename": "pytorch_model.bin"}, {"rfilename": "runs/Nov02_17-09-48_3e06779304e8/1667409011.8622143/events.out.tfevents.1667409011.3e06779304e8.77.1"}, {"rfilename": "runs/Nov02_17-09-48_3e06779304e8/events.out.tfevents.1667409011.3e06779304e8.77.0"}, {"rfilename": "sentencepiece.bpe.model"}, {"rfilename": "special_tokens_map.json"}, {"rfilename": "tokenizer_config.json"}, {"rfilename": "training_args.bin"}], "spaces": [], "createdAt": "2022-11-02T17:09:50.000Z", "inferenceStatus": "not-loaded"}