{"_id": "662f0cbb8082c634bb94e697", "id": "L-Sinapis/code-search-net-tokenizer", "modelId": "L-Sinapis/code-search-net-tokenizer", "author": "L-Sinapis", "sha": "1682badf386bd0f5553303eb0baed8c0063b8fed", "lastModified": "2024-04-29T02:58:08.000Z", "private": false, "disabled": false, "gated": false, "tags": ["transformers", "arxiv:1910.09700", "endpoints_compatible", "region:us"], "downloads": 0, "library_name": "transformers", "likes": 0, "model-index": null, "config": {"tokenizer_config": {"bos_token": "<|endoftext|>", "eos_token": "<|endoftext|>", "unk_token": "<|endoftext|>"}}, "cardData": {"library_name": "transformers", "tags": []}, "transformersInfo": {"auto_model": "AutoModel"}, "siblings": [{"rfilename": ".gitattributes"}, {"rfilename": "README.md"}, {"rfilename": "merges.txt"}, {"rfilename": "special_tokens_map.json"}, {"rfilename": "tokenizer.json"}, {"rfilename": "tokenizer_config.json"}, {"rfilename": "vocab.json"}], "spaces": [], "createdAt": "2024-04-29T02:58:03.000Z", "inferenceStatus": "not-loaded"}