{"_id": "63d99f5b0733a71e932ad17c", "id": "l-tran/distilroberta-base-OLID-MLM-sexist-task2-epoch2", "modelId": "l-tran/distilroberta-base-OLID-MLM-sexist-task2-epoch2", "author": "l-tran", "sha": "ac9bd4605b17923361bc191ace23c50ba957ff33", "lastModified": "2023-01-31T23:08:11.000Z", "private": false, "disabled": false, "gated": false, "tags": ["region:us"], "downloads": 0, "likes": 0, "siblings": [{"rfilename": ".gitattributes"}], "spaces": [], "createdAt": "2023-01-31T23:08:11.000Z", "inferenceStatus": "not-loaded"}