{"_id": "63d987384d48d0f19a13c206", "id": "l-tran/distilroberta-base-OLID-MLM", "modelId": "l-tran/distilroberta-base-OLID-MLM", "author": "l-tran", "sha": "2acc941aac39a2587e174f3b1f039e4b51973c06", "lastModified": "2023-01-31T21:31:38.000Z", "private": false, "disabled": false, "gated": false, "pipeline_tag": "text-generation", "tags": ["transformers", "pytorch", "tensorboard", "roberta", "text-generation", "generated_from_trainer", "license:apache-2.0", "autotrain_compatible", "endpoints_compatible", "region:us"], "downloads": 2, "library_name": "transformers", "mask_token": "<mask>", "widgetData": [{"text": "My name is Julien and I like to"}, {"text": "My name is Thomas and my main"}, {"text": "My name is Mariama, my favorite"}, {"text": "My name is Clara and I am"}, {"text": "My name is Lewis and I like to"}, {"text": "My name is Merve and my favorite"}, {"text": "My name is Teven and I am"}, {"text": "Once upon a time,"}], "likes": 0, "model-index": [{"name": "distilroberta-base-OLID-MLM", "results": []}], "config": {"architectures": ["RobertaForCausalLM"], "model_type": "roberta"}, "cardData": {"license": "apache-2.0", "tags": ["generated_from_trainer"], "model-index": [{"name": "distilroberta-base-OLID-MLM", "results": []}]}, "transformersInfo": {"auto_model": "AutoModelForCausalLM", "pipeline_tag": "text-generation", "processor": "AutoTokenizer"}, "siblings": [{"rfilename": ".gitattributes"}, {"rfilename": ".gitignore"}, {"rfilename": "README.md"}, {"rfilename": "config.json"}, {"rfilename": "generation_config.json"}, {"rfilename": "pytorch_model.bin"}, {"rfilename": "runs/Jan31_21-25-02_7ffccb7b9618/1675200320.2953904/events.out.tfevents.1675200320.7ffccb7b9618.148.1"}, {"rfilename": "runs/Jan31_21-25-02_7ffccb7b9618/events.out.tfevents.1675200320.7ffccb7b9618.148.0"}, {"rfilename": "training_args.bin"}], "spaces": [], "createdAt": "2023-01-31T21:25:12.000Z", "inferenceStatus": "not-loaded"}