{"_id": "63d99b434d48d0f19a17bc2f", "id": "l-tran/distilroberta-base-OLID-MLM-sexist-epoch2", "modelId": "l-tran/distilroberta-base-OLID-MLM-sexist-epoch2", "author": "l-tran", "sha": "23a9fe3122a80c31de48bed59845d25ec8524861", "lastModified": "2023-01-31T22:50:43.000Z", "private": false, "disabled": false, "gated": false, "tags": ["region:us"], "downloads": 0, "likes": 0, "siblings": [{"rfilename": ".gitattributes"}], "spaces": [], "createdAt": "2023-01-31T22:50:43.000Z", "inferenceStatus": "not-loaded"}