{"_id": "63d3d64d108305eda74fccc8", "id": "l-tran/bert-base-uncased-hatexplain-rationale-two-sexist", "modelId": "l-tran/bert-base-uncased-hatexplain-rationale-two-sexist", "author": "l-tran", "sha": "6130ea0fea8530f432013a9ae51ce88b73744a32", "lastModified": "2023-01-27T13:49:01.000Z", "private": false, "disabled": false, "gated": false, "tags": ["region:us"], "downloads": 0, "likes": 0, "siblings": [{"rfilename": ".gitattributes"}], "spaces": [], "createdAt": "2023-01-27T13:49:01.000Z", "inferenceStatus": "not-loaded"}