{"_id": "663fe500b98ddf3fe4f643bc", "id": "L010101/opt-6.7b-lora", "modelId": "L010101/opt-6.7b-lora", "author": "L010101", "sha": "9910ce81e34465a644e1a7fba17e68e52c2afc65", "lastModified": "2024-05-11T21:37:09.000Z", "private": false, "disabled": false, "gated": false, "tags": ["transformers", "safetensors", "arxiv:1910.09700", "endpoints_compatible", "region:us"], "downloads": 0, "library_name": "transformers", "likes": 0, "model-index": null, "cardData": {"library_name": "transformers", "tags": []}, "transformersInfo": {"auto_model": "AutoModel"}, "siblings": [{"rfilename": ".gitattributes"}, {"rfilename": "README.md"}, {"rfilename": "adapter_config.json"}, {"rfilename": "adapter_model.safetensors"}], "spaces": [], "createdAt": "2024-05-11T21:37:04.000Z", "inferenceStatus": "not-loaded"}