{"_id": "62ce9beed50076ca36fac01c", "id": "L0CHINBEK/wav2vec2-large-xls-r-300m-turkish-colab", "modelId": "L0CHINBEK/wav2vec2-large-xls-r-300m-turkish-colab", "author": "L0CHINBEK", "sha": "9b4de90d96fa7d07e08b0cd043aefec8cd25f305", "lastModified": "2022-07-14T08:06:33.000Z", "private": false, "disabled": false, "gated": false, "tags": ["region:us"], "downloads": 0, "likes": 0, "config": {"tokenizer_config": {"unk_token": "[UNK]", "bos_token": "<s>", "eos_token": "</s>", "pad_token": "[PAD]"}}, "siblings": [{"rfilename": ".gitattributes"}, {"rfilename": "added_tokens.json"}, {"rfilename": "special_tokens_map.json"}, {"rfilename": "tokenizer_config.json"}, {"rfilename": "vocab.json"}], "spaces": [], "createdAt": "2022-07-13T10:18:22.000Z", "inferenceStatus": "not-loaded"}