{"_id": "6534ce408bde2fae19966fee", "id": "l0ngg/bad_reppoints", "modelId": "l0ngg/bad_reppoints", "author": "l0ngg", "sha": "6ba9ef5cf2b4eb9ee787803e5386119a1dc787b7", "lastModified": "2023-10-22T11:42:50.000Z", "private": false, "disabled": false, "gated": false, "tags": ["license:mit", "region:us"], "downloads": 0, "likes": 0, "model-index": null, "cardData": {"license": "mit"}, "siblings": [{"rfilename": ".gitattributes"}, {"rfilename": "README.md"}, {"rfilename": "epoch_3.pth"}], "spaces": [], "createdAt": "2023-10-22T07:24:48.000Z", "inferenceStatus": "not-loaded"}