{"_id": "64c50b9717bd8060451d2104", "id": "l0ngg/mmdet-reppoints", "modelId": "l0ngg/mmdet-reppoints", "author": "l0ngg", "sha": "2c42399dbddf050c31399d18019f135a470ef7e1", "lastModified": "2023-07-29T12:52:39.000Z", "private": false, "disabled": false, "gated": false, "tags": ["license:mit", "region:us"], "downloads": 0, "likes": 0, "model-index": null, "cardData": {"license": "mit"}, "siblings": [{"rfilename": ".gitattributes"}, {"rfilename": "README.md"}], "spaces": [], "createdAt": "2023-07-29T12:52:39.000Z", "inferenceStatus": "not-loaded"}