{"_id": "65dda1e55012ec503f2d9884", "id": "L1-m1ng/autofinetune-awq-bf16-fp32", "modelId": "L1-m1ng/autofinetune-awq-bf16-fp32", "author": "L1-m1ng", "sha": "edb436c10b22516f63d0cc0df6c1c63a102c4918", "lastModified": "2024-02-27T09:02:31.000Z", "private": false, "disabled": false, "gated": false, "pipeline_tag": "text-generation", "tags": ["transformers", "safetensors", "qwen", "text-generation", "custom_code", "autotrain_compatible", "4-bit", "awq", "region:us"], "downloads": 1, "library_name": "transformers", "widgetData": [{"text": "My name is Julien and I like to"}, {"text": "My name is Thomas and my main"}, {"text": "My name is Mariama, my favorite"}, {"text": "My name is Clara and I am"}, {"text": "My name is Lewis and I like to"}, {"text": "My name is Merve and my favorite"}, {"text": "My name is Teven and I am"}, {"text": "Once upon a time,"}], "likes": 0, "config": {"architectures": ["QWenLMHeadModel"], "auto_map": {"AutoConfig": "configuration_qwen.QWenConfig", "AutoModelForCausalLM": "modeling_qwen.QWenLMHeadModel"}, "model_type": "qwen", "quantization_config": {"bits": 4, "quant_method": "awq"}, "tokenizer_config": {}}, "transformersInfo": {"auto_model": "AutoModelForCausalLM", "custom_class": "modeling_qwen.QWenLMHeadModel", "pipeline_tag": "text-generation"}, "siblings": [{"rfilename": ".gitattributes"}, {"rfilename": "config.json"}, {"rfilename": "configuration_qwen.py"}, {"rfilename": "cpp_kernels.py"}, {"rfilename": "generation_config.json"}, {"rfilename": "model-00001-of-00002.safetensors"}, {"rfilename": "model-00002-of-00002.safetensors"}, {"rfilename": "model.safetensors.index.json"}, {"rfilename": "modeling_qwen.py"}, {"rfilename": "qwen.tiktoken"}, {"rfilename": "qwen_generation_utils.py"}, {"rfilename": "special_tokens_map.json"}, {"rfilename": "tokenizer_config.json"}], "spaces": [], "createdAt": "2024-02-27T08:48:37.000Z", "safetensors": {"parameters": {"I32": 815857664, "BF16": 1244925952, "F16": 51249152}, "total": 2112032768}, "inferenceStatus": "not-loaded"}