{"_id": "65e40ef72877f6390f89bd69", "id": "l1006986533/34b-beta-q8_0", "modelId": "l1006986533/34b-beta-q8_0", "author": "l1006986533", "sha": "7bd40476ae6d229b14ea69f938f40806d2938a41", "lastModified": "2024-03-03T07:04:49.000Z", "private": false, "disabled": false, "gated": false, "tags": ["gguf", "license:mit", "region:us"], "downloads": 21, "likes": 0, "model-index": null, "cardData": {"license": "mit"}, "siblings": [{"rfilename": ".gitattributes"}, {"rfilename": "README.md"}, {"rfilename": "ggml-model-q8_0.gguf"}], "spaces": [], "createdAt": "2024-03-03T05:47:35.000Z", "inferenceStatus": "not-loaded"}