{"_id": "63dfd2c5809a891ee93541be", "id": "l19sch/SQuAD05", "modelId": "l19sch/SQuAD05", "author": "l19sch", "sha": "80979c4575740554c2f311736643a5d0cf932ebe", "lastModified": "2023-02-05T16:01:09.000Z", "private": false, "disabled": false, "gated": false, "tags": ["license:unknown", "region:us"], "downloads": 0, "likes": 0, "model-index": null, "cardData": {"license": "unknown"}, "siblings": [{"rfilename": ".gitattributes"}, {"rfilename": "README.md"}], "spaces": [], "createdAt": "2023-02-05T16:01:09.000Z", "inferenceStatus": "not-loaded"}