{"_id": "63d40a3d85118edc04403620", "id": "L1mbo/segformer-b0-finetuned-segments-sidewalk-oct-22", "modelId": "L1mbo/segformer-b0-finetuned-segments-sidewalk-oct-22", "author": "L1mbo", "sha": "7168c97b9357c8dee2b72846466ad5f1ac1bba4e", "lastModified": "2023-01-28T02:53:53.000Z", "private": false, "disabled": false, "gated": false, "tags": ["region:us"], "downloads": 0, "likes": 0, "siblings": [{"rfilename": ".gitattributes"}, {"rfilename": "preprocessor_config.json"}], "spaces": [], "createdAt": "2023-01-27T17:30:37.000Z", "inferenceStatus": "not-loaded"}