{"_id": "63b5bb5b58b5e43bddeea131", "id": "L1mbo/videomae-base-finetuned-kinetics-finetuned-ucf101-subset-finetuned-ucf101-subset", "modelId": "L1mbo/videomae-base-finetuned-kinetics-finetuned-ucf101-subset-finetuned-ucf101-subset", "author": "L1mbo", "sha": "f62ed1d122e1099239f338ab54354025b157355f", "lastModified": "2023-01-05T15:38:05.000Z", "private": false, "disabled": false, "gated": false, "pipeline_tag": "video-classification", "tags": ["transformers", "pytorch", "tensorboard", "videomae", "video-classification", "generated_from_trainer", "license:cc-by-nc-4.0", "endpoints_compatible", "region:us"], "downloads": 1, "library_name": "transformers", "likes": 0, "model-index": [{"name": "videomae-base-finetuned-kinetics-finetuned-ucf101-subset-finetuned-ucf101-subset", "results": []}], "config": {"architectures": ["VideoMAEForVideoClassification"], "model_type": "videomae"}, "cardData": {"license": "cc-by-nc-4.0", "tags": ["generated_from_trainer"], "metrics": ["accuracy"], "model-index": [{"name": "videomae-base-finetuned-kinetics-finetuned-ucf101-subset-finetuned-ucf101-subset", "results": []}]}, "transformersInfo": {"auto_model": "AutoModelForVideoClassification", "pipeline_tag": "video-classification", "processor": "AutoImageProcessor"}, "siblings": [{"rfilename": ".gitattributes"}, {"rfilename": ".gitignore"}, {"rfilename": "README.md"}, {"rfilename": "config.json"}, {"rfilename": "preprocessor_config.json"}, {"rfilename": "pytorch_model.bin"}, {"rfilename": "runs/Jan04_19-44-24_alim-ROG-Strix-G512LWS/1672854386.0490034/events.out.tfevents.1672854386.alim-ROG-Strix-G512LWS.22171.1"}, {"rfilename": "runs/Jan04_19-44-24_alim-ROG-Strix-G512LWS/events.out.tfevents.1672854386.alim-ROG-Strix-G512LWS.22171.0"}, {"rfilename": "runs/Jan04_20-29-58_alim-ROG-Strix-G512LWS/1672857037.6065655/events.out.tfevents.1672857037.alim-ROG-Strix-G512LWS.27929.1"}, {"rfilename": "runs/Jan04_20-29-58_alim-ROG-Strix-G512LWS/events.out.tfevents.1672857037.alim-ROG-Strix-G512LWS.27929.0"}, {"rfilename": "runs/Jan04_20-45-47_alim-ROG-Strix-G512LWS/1672857962.909635/events.out.tfevents.1672857962.alim-ROG-Strix-G512LWS.32892.1"}, {"rfilename": "runs/Jan04_20-45-47_alim-ROG-Strix-G512LWS/events.out.tfevents.1672857962.alim-ROG-Strix-G512LWS.32892.0"}, {"rfilename": "runs/Jan05_13-23-21_alim-ROG-Strix-G512LWS/1672917818.9923759/events.out.tfevents.1672917818.alim-ROG-Strix-G512LWS.3291.1"}, {"rfilename": "runs/Jan05_13-23-21_alim-ROG-Strix-G512LWS/events.out.tfevents.1672917818.alim-ROG-Strix-G512LWS.3291.0"}, {"rfilename": "runs/Jan05_14-33-18_alim-ROG-Strix-G512LWS/1672922009.0350778/events.out.tfevents.1672922009.alim-ROG-Strix-G512LWS.4852.1"}, {"rfilename": "runs/Jan05_14-33-18_alim-ROG-Strix-G512LWS/events.out.tfevents.1672922009.alim-ROG-Strix-G512LWS.4852.0"}, {"rfilename": "runs/Jan05_14-33-18_alim-ROG-Strix-G512LWS/events.out.tfevents.1672923449.alim-ROG-Strix-G512LWS.4852.2"}, {"rfilename": "runs/Jan05_17-14-40_alim-ROG-Strix-G512LWS/1672931691.0970664/events.out.tfevents.1672931691.alim-ROG-Strix-G512LWS.3487.1"}, {"rfilename": "runs/Jan05_17-14-40_alim-ROG-Strix-G512LWS/events.out.tfevents.1672931691.alim-ROG-Strix-G512LWS.3487.0"}, {"rfilename": "trainer_state.json"}, {"rfilename": "training_args.bin"}], "spaces": [], "createdAt": "2023-01-04T17:46:03.000Z", "inferenceStatus": "not-loaded"}