{"_id": "66102904f6334cd8ac975841", "id": "l1rio/clasificador-muchocine", "modelId": "l1rio/clasificador-muchocine", "author": "l1rio", "sha": "58193b58526e0659ee02e78dc3ee89ee70fe02ba", "lastModified": "2024-04-05T16:39:18.000Z", "private": false, "disabled": false, "gated": false, "pipeline_tag": "text-classification", "tags": ["transformers", "safetensors", "electra", "text-classification", "classification", "generated_from_trainer", "base_model:mrm8488/electricidad-base-discriminator", "autotrain_compatible", "endpoints_compatible", "region:us"], "downloads": 2, "library_name": "transformers", "mask_token": "[MASK]", "widgetData": [{"text": "I like you. I love you"}], "likes": 0, "model-index": [{"name": "clasificador-muchocine", "results": []}], "config": {"architectures": ["ElectraForSequenceClassification"], "model_type": "electra", "tokenizer_config": {"cls_token": "[CLS]", "mask_token": "[MASK]", "pad_token": "[PAD]", "sep_token": "[SEP]", "unk_token": "[UNK]"}}, "cardData": {"base_model": "mrm8488/electricidad-base-discriminator", "tags": ["classification", "generated_from_trainer"], "metrics": ["accuracy"], "model-index": [{"name": "clasificador-muchocine", "results": []}]}, "transformersInfo": {"auto_model": "AutoModelForSequenceClassification", "pipeline_tag": "text-classification", "processor": "AutoTokenizer"}, "siblings": [{"rfilename": ".gitattributes"}, {"rfilename": "README.md"}, {"rfilename": "config.json"}, {"rfilename": "model.safetensors"}, {"rfilename": "special_tokens_map.json"}, {"rfilename": "tokenizer.json"}, {"rfilename": "tokenizer_config.json"}, {"rfilename": "training_args.bin"}, {"rfilename": "vocab.txt"}], "spaces": [], "createdAt": "2024-04-05T16:38:28.000Z", "safetensors": {"parameters": {"F32": 109854725}, "total": 109854725}, "inferenceStatus": "not-loaded"}