{"_id": "656a6fd3edd446c42b0117c4", "id": "l24michel/ppo-LunarLander-v2", "modelId": "l24michel/ppo-LunarLander-v2", "author": "l24michel", "sha": "521ace9f09be70ba38b1a484c5ddf922948586f6", "lastModified": "2023-12-01T23:45:15.000Z", "private": false, "disabled": false, "gated": false, "tags": ["region:us"], "downloads": 0, "likes": 0, "siblings": [{"rfilename": ".gitattributes"}, {"rfilename": "README.md"}], "spaces": [], "createdAt": "2023-12-01T23:44:19.000Z", "inferenceStatus": "not-loaded"}