{"_id": "661c3a0bea926e8f86d3e804", "id": "l337chode/db2", "modelId": "l337chode/db2", "author": "l337chode", "sha": "d4e016a6a1a48c0aec9af6cae61fb8d67d09eff9", "lastModified": "2024-04-14T21:22:58.000Z", "private": false, "disabled": false, "gated": false, "pipeline_tag": "object-detection", "tags": ["tf-keras", "tflite", "object-detection", "region:us"], "downloads": 10, "library_name": "tf-keras", "likes": 0, "model-index": null, "cardData": {"pipeline_tag": "object-detection"}, "siblings": [{"rfilename": ".gitattributes"}, {"rfilename": "README.md"}, {"rfilename": "app.py"}, {"rfilename": "best_float16.tflite"}, {"rfilename": "best_float32.tflite"}, {"rfilename": "fingerprint.pb"}, {"rfilename": "metadata.yaml"}, {"rfilename": "saved_model.pb"}, {"rfilename": "variables/variables.data-00000-of-00001"}, {"rfilename": "variables/variables.index"}], "spaces": [], "createdAt": "2024-04-14T20:18:19.000Z", "inferenceStatus": "not-loaded"}