{"_id": "65368056d325b3f02f922f8b", "id": "l3afai/markrvc", "modelId": "l3afai/markrvc", "author": "l3afai", "sha": "0a2e755542d4f790849963712aaa6cc6d7011793", "lastModified": "2023-10-23T14:28:04.000Z", "private": false, "disabled": false, "gated": false, "tags": ["transformers", "endpoints_compatible", "region:us"], "downloads": 1, "library_name": "transformers", "likes": 0, "config": {}, "transformersInfo": {"auto_model": "AutoModel"}, "siblings": [{"rfilename": ".gitattributes"}, {"rfilename": "config.json"}, {"rfilename": "metadata.json"}, {"rfilename": "model.index"}, {"rfilename": "model.pth"}], "spaces": [], "createdAt": "2023-10-23T14:16:54.000Z", "inferenceStatus": "not-loaded"}