{"_id": "645cf494f1e3b219cb0a5516", "id": "L3an3r/ccr", "modelId": "L3an3r/ccr", "author": "L3an3r", "sha": "cafaa525363cca53d7d658a11347f5c3ed30b0d2", "lastModified": "2023-05-12T16:24:22.000Z", "private": false, "disabled": false, "gated": false, "tags": ["region:us"], "downloads": 0, "likes": 0, "siblings": [{"rfilename": ".gitattributes"}, {"rfilename": "app.py"}, {"rfilename": "courses.pkl"}, {"rfilename": "requirements.txt"}, {"rfilename": "similarity.pkl"}], "spaces": [], "createdAt": "2023-05-11T13:58:44.000Z", "inferenceStatus": "not-loaded"}