{"_id": "6547ad64c1949364696b9923", "id": "l3cube-pune/hing-fast-text-embedding", "modelId": "l3cube-pune/hing-fast-text-embedding", "author": "l3cube-pune", "sha": "41d60e5cc505a3dacbd3904be9c1e822fb0a8ea2", "lastModified": "2023-11-05T15:34:31.000Z", "private": false, "disabled": false, "gated": false, "tags": ["hi", "en", "codemix", "multilingual", "dataset:L3Cube-HingCorpus", "arxiv:2204.08398", "license:cc-by-4.0", "region:us"], "downloads": 0, "likes": 0, "model-index": null, "cardData": {"language": ["hi", "en", "multilingual"], "license": "cc-by-4.0", "tags": ["hi", "en", "codemix"], "datasets": ["L3Cube-HingCorpus"]}, "siblings": [{"rfilename": ".gitattributes"}, {"rfilename": "HingFT_script_mixed.bin"}, {"rfilename": "HingFT_script_mixed.vec"}, {"rfilename": "README.md"}], "spaces": [], "createdAt": "2023-11-05T14:57:40.000Z", "inferenceStatus": "not-loaded"}