{"_id": "6471e7b397a75cc77aa95dd6", "id": "l3cube-pune/marathi-ner-iob", "modelId": "l3cube-pune/marathi-ner-iob", "author": "l3cube-pune", "sha": "10a21999cc909e32d50a928b458bf69bcf4c03ef", "lastModified": "2023-12-31T09:43:21.000Z", "private": false, "disabled": false, "gated": false, "pipeline_tag": "token-classification", "tags": ["transformers", "pytorch", "safetensors", "bert", "token-classification", "mr", "dataset:L3Cube-MahaNER", "arxiv:2204.06029", "license:cc-by-4.0", "autotrain_compatible", "endpoints_compatible", "region:us"], "downloads": 13, "library_name": "transformers", "mask_token": "[MASK]", "widgetData": [{"text": "\u092a\u0941\u0923\u0947 \u0935\u093f\u0926\u094d\u092f\u093e\u092a\u0940\u0920\u093e\u091a\u0940 \u092e\u0945\u0928\u0947\u091c\u092e\u0947\u0902\u091f \u0915\u094c\u0928\u094d\u0938\u093f\u0932\u091a\u0940 \u092c\u0948\u0920\u0915 \u0936\u0928\u093f\u0935\u093e\u0930\u0940 \u092a\u093e\u0930 \u092a\u0921\u0932\u0940. \u092f\u093e \u0935\u0947\u0933\u0940 \u0938\u0926\u0938\u094d\u092f \u0930\u093e\u091c\u0947\u0902\u0926\u094d\u0930 \u0935\u093f\u0916\u0947 \u092a\u093e\u091f\u0940\u0932, \u0921\u0949. \u0928\u093f\u0924\u0940\u0928 \u0918\u094b\u0930\u092a\u0921\u0947, \u092a\u094d\u0930\u093e. \u0927\u094b\u0902\u0921\u093f\u0930\u093e\u092e \u092a\u0935\u093e\u0930, \u092c\u093e\u0917\u0947\u0936\u094d\u0930\u0940 \u092e\u0902\u0920\u093e\u0933\u0915\u0930 \u0906\u0926\u0940 \u0909\u092a\u0938\u094d\u0925\u093f\u0924 \u0939\u094b\u0924\u0947."}], "likes": 0, "model-index": null, "config": {"architectures": ["BertForTokenClassification"], "model_type": "bert", "tokenizer_config": {"cls_token": "[CLS]", "mask_token": "[MASK]", "pad_token": "[PAD]", "sep_token": "[SEP]", "unk_token": "[UNK]"}}, "cardData": {"language": "mr", "license": "cc-by-4.0", "datasets": ["L3Cube-MahaNER"], "widget": [{"text": "\u092a\u0941\u0923\u0947 \u0935\u093f\u0926\u094d\u092f\u093e\u092a\u0940\u0920\u093e\u091a\u0940 \u092e\u0945\u0928\u0947\u091c\u092e\u0947\u0902\u091f \u0915\u094c\u0928\u094d\u0938\u093f\u0932\u091a\u0940 \u092c\u0948\u0920\u0915 \u0936\u0928\u093f\u0935\u093e\u0930\u0940 \u092a\u093e\u0930 \u092a\u0921\u0932\u0940. \u092f\u093e \u0935\u0947\u0933\u0940 \u0938\u0926\u0938\u094d\u092f \u0930\u093e\u091c\u0947\u0902\u0926\u094d\u0930 \u0935\u093f\u0916\u0947 \u092a\u093e\u091f\u0940\u0932, \u0921\u0949. \u0928\u093f\u0924\u0940\u0928 \u0918\u094b\u0930\u092a\u0921\u0947, \u092a\u094d\u0930\u093e. \u0927\u094b\u0902\u0921\u093f\u0930\u093e\u092e \u092a\u0935\u093e\u0930, \u092c\u093e\u0917\u0947\u0936\u094d\u0930\u0940 \u092e\u0902\u0920\u093e\u0933\u0915\u0930 \u0906\u0926\u0940 \u0909\u092a\u0938\u094d\u0925\u093f\u0924 \u0939\u094b\u0924\u0947."}]}, "transformersInfo": {"auto_model": "AutoModelForTokenClassification", "pipeline_tag": "token-classification", "processor": "AutoTokenizer"}, "siblings": [{"rfilename": ".gitattributes"}, {"rfilename": "README.md"}, {"rfilename": "config.json"}, {"rfilename": "model.safetensors"}, {"rfilename": "pytorch_model.bin"}, {"rfilename": "special_tokens_map.json"}, {"rfilename": "tokenizer.json"}, {"rfilename": "tokenizer_config.json"}, {"rfilename": "vocab.txt"}], "spaces": [], "createdAt": "2023-05-27T11:21:23.000Z", "safetensors": {"parameters": {"I64": 512, "F32": 177274383}, "total": 177274895}, "inferenceStatus": "not-loaded"}