{"_id": "65477e238db75bfe5d79857a", "id": "l3cube-pune/marathi-mixed-ner", "modelId": "l3cube-pune/marathi-mixed-ner", "author": "l3cube-pune", "sha": "d6688092ea2f9f4763fee3545dfe1277f6cea87c", "lastModified": "2024-01-03T10:01:52.000Z", "private": false, "disabled": false, "gated": false, "pipeline_tag": "token-classification", "tags": ["transformers", "pytorch", "bert", "token-classification", "mr", "dataset:L3Cube-MahaSocialNER", "dataset:L3Cube-MahaNER", "arxiv:2401.00170", "license:cc-by-4.0", "autotrain_compatible", "endpoints_compatible", "region:us"], "downloads": 5, "library_name": "transformers", "mask_token": "[MASK]", "widgetData": [{"text": "\u0938\u094b\u0932\u093e\u092a\u0942\u0930 \u091c\u093f\u0932\u094d\u0939\u094d\u092f\u093e\u0924\u0940\u0932 \u092e\u093e\u0933\u0936\u093f\u0930\u0938 \u0924\u093e\u0932\u0941\u0915\u094d\u092f\u093e\u0924 \u091c\u093e\u0927\u0935\u0935\u093e\u0921\u0940 \u092f\u0947\u0925\u0947 \u0935\u093f\u091c\u092f \u0917\u0902\u0917\u093e\u092a\u094d\u0930\u0915\u0932\u094d\u092a\u093e\u091a\u093e \u0936\u0941\u092d\u093e\u0930\u0902\u092d \u0915\u0947\u0932\u093e \u0939\u0947 \u091c\u0932\u0938\u0902\u0927\u093e\u0930\u0923\u093e\u091a\u0947 \u090f\u0915\u0942\u0923 28 \u0915\u093f\u092e\u0940\u091a\u0947 3 \u091f\u092a\u094d\u092a\u094d\u092f\u093e\u0924 \u0915\u093e\u092e \u0939\u094b\u0924 \u0905\u0938\u0942\u0928 \u092a\u0939\u093f\u0932\u094d\u092f\u093e 10 \u0915\u093f\u092e\u0940\u091a\u0947 \u0915\u093e\u092e \u092a\u0942\u0930\u094d\u0923 \u091d\u093e\u0932\u0947 \u0906\u0939\u0947"}], "likes": 0, "model-index": null, "config": {"architectures": ["BertForTokenClassification"], "model_type": "bert", "tokenizer_config": {"cls_token": "[CLS]", "mask_token": "[MASK]", "pad_token": "[PAD]", "sep_token": "[SEP]", "unk_token": "[UNK]"}}, "cardData": {"language": "mr", "license": "cc-by-4.0", "datasets": ["L3Cube-MahaSocialNER", "L3Cube-MahaNER"], "widget": [{"text": "\u0938\u094b\u0932\u093e\u092a\u0942\u0930 \u091c\u093f\u0932\u094d\u0939\u094d\u092f\u093e\u0924\u0940\u0932 \u092e\u093e\u0933\u0936\u093f\u0930\u0938 \u0924\u093e\u0932\u0941\u0915\u094d\u092f\u093e\u0924 \u091c\u093e\u0927\u0935\u0935\u093e\u0921\u0940 \u092f\u0947\u0925\u0947 \u0935\u093f\u091c\u092f \u0917\u0902\u0917\u093e\u092a\u094d\u0930\u0915\u0932\u094d\u092a\u093e\u091a\u093e \u0936\u0941\u092d\u093e\u0930\u0902\u092d \u0915\u0947\u0932\u093e \u0939\u0947 \u091c\u0932\u0938\u0902\u0927\u093e\u0930\u0923\u093e\u091a\u0947 \u090f\u0915\u0942\u0923 28 \u0915\u093f\u092e\u0940\u091a\u0947 3 \u091f\u092a\u094d\u092a\u094d\u092f\u093e\u0924 \u0915\u093e\u092e \u0939\u094b\u0924 \u0905\u0938\u0942\u0928 \u092a\u0939\u093f\u0932\u094d\u092f\u093e 10 \u0915\u093f\u092e\u0940\u091a\u0947 \u0915\u093e\u092e \u092a\u0942\u0930\u094d\u0923 \u091d\u093e\u0932\u0947 \u0906\u0939\u0947"}]}, "transformersInfo": {"auto_model": "AutoModelForTokenClassification", "pipeline_tag": "token-classification", "processor": "AutoTokenizer"}, "siblings": [{"rfilename": ".gitattributes"}, {"rfilename": "README.md"}, {"rfilename": "config.json"}, {"rfilename": "pytorch_model.bin"}, {"rfilename": "special_tokens_map.json"}, {"rfilename": "tokenizer.json"}, {"rfilename": "tokenizer_config.json"}, {"rfilename": "vocab.txt"}], "spaces": [], "createdAt": "2023-11-05T11:36:03.000Z", "inferenceStatus": "not-loaded"}