{"_id": "647c412660dfe0f35d4923b7", "id": "l3cube-pune/marathi-sentiment-tweets", "modelId": "l3cube-pune/marathi-sentiment-tweets", "author": "l3cube-pune", "sha": "a1174bc901ed226af8c6addb1114e2b216ff0dc1", "lastModified": "2023-07-01T07:07:53.000Z", "private": false, "disabled": false, "gated": false, "pipeline_tag": "text-classification", "tags": ["transformers", "pytorch", "safetensors", "bert", "text-classification", "mr", "dataset:L3Cube-MahaSent-MD", "arxiv:2306.13888", "license:cc-by-4.0", "autotrain_compatible", "endpoints_compatible", "region:us"], "downloads": 9, "library_name": "transformers", "mask_token": "[MASK]", "widgetData": [{"text": "I like you. </s></s> I love you."}], "likes": 0, "model-index": null, "config": {"architectures": ["BertForSequenceClassification"], "model_type": "bert", "tokenizer_config": {"cls_token": "[CLS]", "mask_token": "[MASK]", "pad_token": "[PAD]", "sep_token": "[SEP]", "unk_token": "[UNK]"}}, "cardData": {"language": "mr", "tags": ["bert"], "license": "cc-by-4.0", "datasets": ["L3Cube-MahaSent-MD"], "widget": [{"text": "I like you. </s></s> I love you."}]}, "transformersInfo": {"auto_model": "AutoModelForSequenceClassification", "pipeline_tag": "text-classification", "processor": "AutoTokenizer"}, "siblings": [{"rfilename": ".gitattributes"}, {"rfilename": "README.md"}, {"rfilename": "config.json"}, {"rfilename": "model.safetensors"}, {"rfilename": "pytorch_model.bin"}, {"rfilename": "special_tokens_map.json"}, {"rfilename": "tokenizer.json"}, {"rfilename": "tokenizer_config.json"}, {"rfilename": "vocab.txt"}], "spaces": [], "createdAt": "2023-06-04T07:45:42.000Z", "safetensors": {"parameters": {"I64": 512, "F32": 237558531}, "total": 237559043}, "inferenceStatus": "not-loaded"}