{"_id": "6379d4898a37df6c50db65e5", "id": "l3cube-pune/telugu-bert", "modelId": "l3cube-pune/telugu-bert", "author": "l3cube-pune", "sha": "2cfc9388cef17425735a3017f5b545273c13c285", "lastModified": "2023-06-24T11:58:13.000Z", "private": false, "disabled": false, "gated": false, "pipeline_tag": "fill-mask", "tags": ["transformers", "pytorch", "safetensors", "bert", "fill-mask", "te", "arxiv:2211.11418", "license:cc-by-4.0", "autotrain_compatible", "endpoints_compatible", "region:us"], "downloads": 31, "library_name": "transformers", "mask_token": "[MASK]", "likes": 3, "model-index": null, "config": {"architectures": ["BertForMaskedLM"], "model_type": "bert", "tokenizer_config": {"cls_token": "[CLS]", "mask_token": "[MASK]", "pad_token": "[PAD]", "sep_token": "[SEP]", "unk_token": "[UNK]"}}, "cardData": {"license": "cc-by-4.0", "language": "te"}, "transformersInfo": {"auto_model": "AutoModelForMaskedLM", "pipeline_tag": "fill-mask", "processor": "AutoTokenizer"}, "siblings": [{"rfilename": ".gitattributes"}, {"rfilename": "README.md"}, {"rfilename": "config.json"}, {"rfilename": "model.safetensors"}, {"rfilename": "pytorch_model.bin"}, {"rfilename": "special_tokens_map.json"}, {"rfilename": "tokenizer.json"}, {"rfilename": "tokenizer_config.json"}, {"rfilename": "vocab.txt"}], "spaces": [], "createdAt": "2022-11-20T07:17:29.000Z", "safetensors": {"parameters": {"I64": 512, "F32": 237755045}, "total": 237755557}, "inferenceStatus": "not-loaded"}