{"_id": "621ffdc136468d709f17d48a", "id": "l3cube-pune/hate-roberta-hasoc-hindi", "modelId": "l3cube-pune/hate-roberta-hasoc-hindi", "author": "l3cube-pune", "sha": "fe2d502752368769ed907c62936c0e1496736a59", "lastModified": "2023-04-20T15:20:27.000Z", "private": false, "disabled": false, "gated": false, "pipeline_tag": "text-classification", "tags": ["transformers", "pytorch", "tf", "safetensors", "roberta", "text-classification", "hi", "arxiv:2110.12200", "license:cc-by-4.0", "autotrain_compatible", "endpoints_compatible", "region:us"], "downloads": 37, "library_name": "transformers", "mask_token": "<mask>", "widgetData": [{"text": "I like you. </s></s> I love you."}], "likes": 0, "model-index": null, "config": {"architectures": ["RobertaForSequenceClassification"], "model_type": "roberta", "tokenizer_config": {"unk_token": "<unk>", "bos_token": "<s>", "eos_token": "</s>", "sep_token": "</s>", "cls_token": "<s>", "pad_token": "<pad>", "mask_token": "<mask>"}}, "cardData": {"language": "hi", "tags": ["roberta"], "license": "cc-by-4.0", "widget": [{"text": "I like you. </s></s> I love you."}]}, "transformersInfo": {"auto_model": "AutoModelForSequenceClassification", "pipeline_tag": "text-classification", "processor": "AutoTokenizer"}, "siblings": [{"rfilename": ".gitattributes"}, {"rfilename": "README.md"}, {"rfilename": "config.json"}, {"rfilename": "merges.txt"}, {"rfilename": "model.safetensors"}, {"rfilename": "pytorch_model.bin"}, {"rfilename": "special_tokens_map.json"}, {"rfilename": "tf_model.h5"}, {"rfilename": "tokenizer.json"}, {"rfilename": "tokenizer_config.json"}, {"rfilename": "vocab.json"}], "spaces": [], "createdAt": "2022-03-02T23:29:05.000Z", "safetensors": {"parameters": {"I64": 514, "F32": 124647170}, "total": 124647684}, "inferenceStatus": "not-loaded"}