{"_id": "647c420d60dfe0f35d493da4", "id": "l3cube-pune/marathi-sentiment-md", "modelId": "l3cube-pune/marathi-sentiment-md", "author": "l3cube-pune", "sha": "2f781c73f3d5ec8c2003e683eb05720150e5683d", "lastModified": "2023-07-01T07:07:14.000Z", "private": false, "disabled": false, "gated": false, "pipeline_tag": "text-classification", "tags": ["transformers", "pytorch", "safetensors", "bert", "text-classification", "mr", "dataset:L3Cube-MahaSent-MD", "arxiv:2306.13888", "license:cc-by-4.0", "autotrain_compatible", "endpoints_compatible", "region:us"], "downloads": 35, "library_name": "transformers", "mask_token": "[MASK]", "widgetData": [{"text": "\u0924\u0947 \u092b\u0941\u0932\u093e\u0902\u091a\u0947 \u0938\u094c\u0902\u0926\u0930\u094d\u092f \u0906\u0939\u0947 \u091c\u0947 \u0915\u0935\u0940 \u0906\u0923\u093f \u0932\u0947\u0916\u0915\u093e\u0902\u0928\u093e \u0924\u094d\u092f\u093e\u0902\u091a\u094d\u092f\u093e\u091c\u0935\u0933 \u0907\u0924\u0915\u0947 \u0906\u0915\u0930\u094d\u0937\u093f\u0924 \u0915\u0930\u0924\u0947, \u0906\u0923\u093f \u0906\u092a\u0923 \u0924\u0947 \u0924\u094d\u092f\u093e\u0902\u091a\u094d\u092f\u093e \u0932\u0947\u0916\u0928\u093e \u092e\u0927\u0942\u0928 \u092c\u0918\u0942 \u0936\u0915\u0924\u093e\u0924"}], "likes": 1, "model-index": null, "config": {"architectures": ["BertForSequenceClassification"], "model_type": "bert", "tokenizer_config": {"cls_token": "[CLS]", "mask_token": "[MASK]", "pad_token": "[PAD]", "sep_token": "[SEP]", "unk_token": "[UNK]"}}, "cardData": {"language": "mr", "tags": ["bert"], "license": "cc-by-4.0", "datasets": ["L3Cube-MahaSent-MD"], "widget": [{"text": "\u0924\u0947 \u092b\u0941\u0932\u093e\u0902\u091a\u0947 \u0938\u094c\u0902\u0926\u0930\u094d\u092f \u0906\u0939\u0947 \u091c\u0947 \u0915\u0935\u0940 \u0906\u0923\u093f \u0932\u0947\u0916\u0915\u093e\u0902\u0928\u093e \u0924\u094d\u092f\u093e\u0902\u091a\u094d\u092f\u093e\u091c\u0935\u0933 \u0907\u0924\u0915\u0947 \u0906\u0915\u0930\u094d\u0937\u093f\u0924 \u0915\u0930\u0924\u0947, \u0906\u0923\u093f \u0906\u092a\u0923 \u0924\u0947 \u0924\u094d\u092f\u093e\u0902\u091a\u094d\u092f\u093e \u0932\u0947\u0916\u0928\u093e \u092e\u0927\u0942\u0928 \u092c\u0918\u0942 \u0936\u0915\u0924\u093e\u0924"}]}, "transformersInfo": {"auto_model": "AutoModelForSequenceClassification", "pipeline_tag": "text-classification", "processor": "AutoTokenizer"}, "siblings": [{"rfilename": ".gitattributes"}, {"rfilename": "README.md"}, {"rfilename": "config.json"}, {"rfilename": "model.safetensors"}, {"rfilename": "pytorch_model.bin"}, {"rfilename": "special_tokens_map.json"}, {"rfilename": "tokenizer.json"}, {"rfilename": "tokenizer_config.json"}, {"rfilename": "vocab.txt"}], "spaces": [], "createdAt": "2023-06-04T07:49:33.000Z", "safetensors": {"parameters": {"I64": 512, "F32": 237558531}, "total": 237559043}, "inferenceStatus": "not-loaded"}