{"_id": "632a06c2cf7d40df9b3cc333", "id": "l3cube-pune/hindi-tweets-bert-v2", "modelId": "l3cube-pune/hindi-tweets-bert-v2", "author": "l3cube-pune", "sha": "1ae0f70baf77d8e3e1148652728fa5750490ba1b", "lastModified": "2023-04-20T13:06:37.000Z", "private": false, "disabled": false, "gated": false, "pipeline_tag": "fill-mask", "tags": ["transformers", "pytorch", "bert", "fill-mask", "hi", "arxiv:2210.04267", "license:cc-by-4.0", "autotrain_compatible", "endpoints_compatible", "region:us"], "downloads": 4, "library_name": "transformers", "mask_token": "[MASK]", "likes": 0, "model-index": null, "config": {"architectures": ["BertForMaskedLM"], "model_type": "bert", "tokenizer_config": {"cls_token": "[CLS]", "mask_token": "[MASK]", "pad_token": "[PAD]", "sep_token": "[SEP]", "unk_token": "[UNK]"}}, "cardData": {"license": "cc-by-4.0", "language": "hi"}, "transformersInfo": {"auto_model": "AutoModelForMaskedLM", "pipeline_tag": "fill-mask", "processor": "AutoTokenizer"}, "siblings": [{"rfilename": ".gitattributes"}, {"rfilename": "README.md"}, {"rfilename": "config.json"}, {"rfilename": "pytorch_model.bin"}, {"rfilename": "special_tokens_map.json"}, {"rfilename": "tokenizer.json"}, {"rfilename": "tokenizer_config.json"}, {"rfilename": "vocab.txt"}], "spaces": [], "createdAt": "2022-09-20T18:30:26.000Z", "inferenceStatus": "not-loaded"}