{"_id": "622261e2516ffe7b2895722d", "id": "l3cube-pune/hing-roberta", "modelId": "l3cube-pune/hing-roberta", "author": "l3cube-pune", "sha": "f714c4bdce6b008a2fbb84193eee99e651c59e15", "lastModified": "2023-07-20T09:48:36.000Z", "private": false, "disabled": false, "gated": false, "pipeline_tag": "fill-mask", "tags": ["transformers", "pytorch", "xlm-roberta", "fill-mask", "hi", "en", "codemix", "multilingual", "dataset:L3Cube-HingCorpus", "arxiv:2204.08398", "license:cc-by-4.0", "autotrain_compatible", "endpoints_compatible", "region:us"], "downloads": 491, "library_name": "transformers", "mask_token": "<mask>", "likes": 0, "model-index": null, "config": {"architectures": ["XLMRobertaForMaskedLM"], "model_type": "xlm-roberta", "tokenizer_config": {"bos_token": "<s>", "eos_token": "</s>", "sep_token": "</s>", "cls_token": "<s>", "unk_token": "<unk>", "pad_token": "<pad>", "mask_token": {"content": "<mask>", "single_word": false, "lstrip": true, "rstrip": false, "normalized": true, "__type": "AddedToken"}}}, "cardData": {"language": ["hi", "en", "multilingual"], "license": "cc-by-4.0", "tags": ["hi", "en", "codemix"], "datasets": ["L3Cube-HingCorpus"]}, "transformersInfo": {"auto_model": "AutoModelForMaskedLM", "pipeline_tag": "fill-mask", "processor": "AutoTokenizer"}, "siblings": [{"rfilename": ".gitattributes"}, {"rfilename": "README.md"}, {"rfilename": "config.json"}, {"rfilename": "pytorch_model.bin"}, {"rfilename": "special_tokens_map.json"}, {"rfilename": "tokenizer.json"}, {"rfilename": "tokenizer_config.json"}], "spaces": [], "createdAt": "2022-03-04T19:00:50.000Z", "inferenceStatus": "not-loaded"}