{"_id": "6402f7aa66f4a994f1ab62e0", "id": "l3cube-pune/indic-sentence-bert-nli", "modelId": "l3cube-pune/indic-sentence-bert-nli", "author": "l3cube-pune", "sha": "aab1d6a0ace569c670f54173e1b0f0bb607f13c8", "lastModified": "2023-06-11T14:59:00.000Z", "private": false, "disabled": false, "gated": false, "pipeline_tag": "sentence-similarity", "tags": ["sentence-transformers", "pytorch", "bert", "feature-extraction", "sentence-similarity", "transformers", "multilingual", "en", "hi", "mr", "kn", "ta", "te", "ml", "gu", "or", "pa", "bn", "arxiv:2304.11434", "arxiv:2211.11187", "license:cc-by-4.0", "autotrain_compatible", "text-embeddings-inference", "endpoints_compatible", "region:us"], "downloads": 540, "library_name": "sentence-transformers", "mask_token": "[MASK]", "widgetData": [{"source_sentence": "\u0926\u093f\u0935\u093e\u0933\u0940 \u0906\u092a\u0923 \u092e\u094b\u0920\u094d\u092f\u093e \u0909\u0924\u094d\u0938\u093e\u0939\u093e\u0928\u0947 \u0938\u093e\u091c\u0930\u0940 \u0915\u0930\u0924\u094b", "sentences": ["\u0926\u093f\u0935\u093e\u0933\u0940 \u0906\u092a\u0923 \u0906\u0928\u0902\u0926\u093e\u0928\u0947 \u0938\u093e\u091c\u0930\u0940 \u0915\u0930\u0924\u094b", "\u0926\u093f\u0935\u093e\u0933\u0940 \u0939\u093e \u0926\u093f\u0935\u094d\u092f\u093e\u0902\u091a\u093e \u0938\u0923 \u0906\u0939\u0947"], "example_title": "Monolingual- Marathi"}, {"source_sentence": "\u0939\u092e \u0926\u0940\u092a\u093e\u0935\u0932\u0940 \u0909\u0924\u094d\u0938\u093e\u0939 \u0915\u0947 \u0938\u093e\u0925 \u092e\u0928\u093e\u0924\u0947 \u0939\u0948\u0902", "sentences": ["\u0939\u092e \u0926\u0940\u092a\u093e\u0935\u0932\u0940 \u0916\u0941\u0936\u093f\u092f\u094b\u0902 \u0938\u0947 \u092e\u0928\u093e\u0924\u0947 \u0939\u0948\u0902", "\u0926\u093f\u0935\u093e\u0932\u0940 \u0930\u094b\u0936\u0928\u0940 \u0915\u093e \u0924\u094d\u092f\u094b\u0939\u093e\u0930 \u0939\u0948"], "example_title": "Monolingual- Hindi"}, {"source_sentence": "\u0a85\u0aae\u0ac7 \u0a89\u0aa4\u0acd\u0ab8\u0abe\u0ab9\u0aa5\u0ac0 \u0aa6\u0abf\u0ab5\u0abe\u0ab3\u0ac0 \u0a89\u0a9c\u0ab5\u0ac0\u0a8f \u0a9b\u0ac0\u0a8f", "sentences": ["\u0aa6\u0abf\u0ab5\u0abe\u0ab3\u0ac0 \u0a86\u0aaa\u0aa3\u0ac7 \u0a96\u0ac1\u0ab6\u0ac0\u0a93\u0aa5\u0ac0 \u0a89\u0a9c\u0ab5\u0ac0\u0a8f \u0a9b\u0ac0\u0a8f", "\u0aa6\u0abf\u0ab5\u0abe\u0ab3\u0ac0 \u0a8f \u0ab0\u0acb\u0ab6\u0aa8\u0ac0\u0aa8\u0acb \u0aa4\u0ab9\u0ac7\u0ab5\u0abe\u0ab0 \u0a9b\u0ac7"], "example_title": "Monolingual- Gujarati"}, {"source_sentence": "\u0906\u092e\u094d\u0939\u093e\u0932\u093e \u092d\u093e\u0930\u0924\u0940\u092f \u0905\u0938\u0932\u094d\u092f\u093e\u091a\u093e \u0905\u092d\u093f\u092e\u093e\u0928 \u0906\u0939\u0947", "sentences": ["\u0939\u092e\u0947\u0902 \u092d\u093e\u0930\u0924\u0940\u092f \u0939\u094b\u0928\u0947 \u092a\u0930 \u0917\u0930\u094d\u0935 \u0939\u0948", "\u0c2d\u0c3e\u0c30\u0c24\u0c40\u0c2f\u0c41\u0c32\u0c2e\u0c48\u0c28\u0c02\u0c26\u0c41\u0c15\u0c41 \u0c17\u0c30\u0c4d\u0c35\u0c3f\u0c38\u0c4d\u0c24\u0c41\u0c28\u0c4d\u0c28\u0c3e\u0c02", "\u0a85\u0aae\u0aa8\u0ac7 \u0aad\u0abe\u0ab0\u0aa4\u0ac0\u0aaf \u0ab9\u0acb\u0ab5\u0abe\u0aa8\u0acb \u0a97\u0ab0\u0acd\u0ab5 \u0a9b\u0ac7"], "example_title": "Cross-lingual 1"}, {"source_sentence": "\u0a2c\u0a3e\u0a30\u0a3f\u0a38\u0a3c \u0a24\u0a4b\u0a02 \u0a2c\u0a3e\u0a05\u0a26 \u0a2c\u0a17\u0a40\u0a1a\u0a3e \u0a38\u0a41\u0a70\u0a26\u0a30 \u0a26\u0a3f\u0a16\u0a3e\u0a08 \u0a26\u0a3f\u0a70\u0a26\u0a3e \u0a39\u0a48", "sentences": ["\u0d2e\u0d34\u0d2f\u0d4d\u0d15\u0d4d\u0d15\u0d4d \u0d36\u0d47\u0d37\u0d02 \u0d2a\u0d42\u0d28\u0d4d\u0d24\u0d4b\u0d1f\u0d4d\u0d1f\u0d02 \u0d2e\u0d28\u0d4b\u0d39\u0d30\u0d2e\u0d3e\u0d2f\u0d3f \u0d15\u0d3e\u0d23\u0d2a\u0d4d\u0d2a\u0d46\u0d1f\u0d41\u0d28\u0d4d\u0d28\u0d41", "\u0b2c\u0b30\u0b4d\u0b37\u0b3e \u0b2a\u0b30\u0b47 \u0b2c\u0b17\u0b3f\u0b1a\u0b3e \u0b38\u0b41\u0b28\u0b4d\u0b26\u0b30 \u0b26\u0b47\u0b16\u0b3e\u0b2f\u0b3e\u0b0f |", "\u092c\u093e\u0930\u093f\u0936 \u0915\u0947 \u092c\u093e\u0926 \u092c\u0917\u0940\u091a\u093e \u0938\u0941\u0902\u0926\u0930 \u0926\u093f\u0916\u0924\u093e \u0939\u0948"], "example_title": "Cross-lingual 2"}], "likes": 1, "model-index": null, "config": {"architectures": ["BertModel"], "model_type": "bert", "tokenizer_config": {"cls_token": "[CLS]", "mask_token": "[MASK]", "pad_token": "[PAD]", "sep_token": "[SEP]", "unk_token": "[UNK]"}}, "cardData": {"pipeline_tag": "sentence-similarity", "license": "cc-by-4.0", "tags": ["sentence-transformers", "feature-extraction", "sentence-similarity", "transformers"], "language": ["multilingual", "en", "hi", "mr", "kn", "ta", "te", "ml", "gu", "or", "pa", "bn"], "widget": [{"source_sentence": "\u0926\u093f\u0935\u093e\u0933\u0940 \u0906\u092a\u0923 \u092e\u094b\u0920\u094d\u092f\u093e \u0909\u0924\u094d\u0938\u093e\u0939\u093e\u0928\u0947 \u0938\u093e\u091c\u0930\u0940 \u0915\u0930\u0924\u094b", "sentences": ["\u0926\u093f\u0935\u093e\u0933\u0940 \u0906\u092a\u0923 \u0906\u0928\u0902\u0926\u093e\u0928\u0947 \u0938\u093e\u091c\u0930\u0940 \u0915\u0930\u0924\u094b", "\u0926\u093f\u0935\u093e\u0933\u0940 \u0939\u093e \u0926\u093f\u0935\u094d\u092f\u093e\u0902\u091a\u093e \u0938\u0923 \u0906\u0939\u0947"], "example_title": "Monolingual- Marathi"}, {"source_sentence": "\u0939\u092e \u0926\u0940\u092a\u093e\u0935\u0932\u0940 \u0909\u0924\u094d\u0938\u093e\u0939 \u0915\u0947 \u0938\u093e\u0925 \u092e\u0928\u093e\u0924\u0947 \u0939\u0948\u0902", "sentences": ["\u0939\u092e \u0926\u0940\u092a\u093e\u0935\u0932\u0940 \u0916\u0941\u0936\u093f\u092f\u094b\u0902 \u0938\u0947 \u092e\u0928\u093e\u0924\u0947 \u0939\u0948\u0902", "\u0926\u093f\u0935\u093e\u0932\u0940 \u0930\u094b\u0936\u0928\u0940 \u0915\u093e \u0924\u094d\u092f\u094b\u0939\u093e\u0930 \u0939\u0948"], "example_title": "Monolingual- Hindi"}, {"source_sentence": "\u0a85\u0aae\u0ac7 \u0a89\u0aa4\u0acd\u0ab8\u0abe\u0ab9\u0aa5\u0ac0 \u0aa6\u0abf\u0ab5\u0abe\u0ab3\u0ac0 \u0a89\u0a9c\u0ab5\u0ac0\u0a8f \u0a9b\u0ac0\u0a8f", "sentences": ["\u0aa6\u0abf\u0ab5\u0abe\u0ab3\u0ac0 \u0a86\u0aaa\u0aa3\u0ac7 \u0a96\u0ac1\u0ab6\u0ac0\u0a93\u0aa5\u0ac0 \u0a89\u0a9c\u0ab5\u0ac0\u0a8f \u0a9b\u0ac0\u0a8f", "\u0aa6\u0abf\u0ab5\u0abe\u0ab3\u0ac0 \u0a8f \u0ab0\u0acb\u0ab6\u0aa8\u0ac0\u0aa8\u0acb \u0aa4\u0ab9\u0ac7\u0ab5\u0abe\u0ab0 \u0a9b\u0ac7"], "example_title": "Monolingual- Gujarati"}, {"source_sentence": "\u0906\u092e\u094d\u0939\u093e\u0932\u093e \u092d\u093e\u0930\u0924\u0940\u092f \u0905\u0938\u0932\u094d\u092f\u093e\u091a\u093e \u0905\u092d\u093f\u092e\u093e\u0928 \u0906\u0939\u0947", "sentences": ["\u0939\u092e\u0947\u0902 \u092d\u093e\u0930\u0924\u0940\u092f \u0939\u094b\u0928\u0947 \u092a\u0930 \u0917\u0930\u094d\u0935 \u0939\u0948", "\u0c2d\u0c3e\u0c30\u0c24\u0c40\u0c2f\u0c41\u0c32\u0c2e\u0c48\u0c28\u0c02\u0c26\u0c41\u0c15\u0c41 \u0c17\u0c30\u0c4d\u0c35\u0c3f\u0c38\u0c4d\u0c24\u0c41\u0c28\u0c4d\u0c28\u0c3e\u0c02", "\u0a85\u0aae\u0aa8\u0ac7 \u0aad\u0abe\u0ab0\u0aa4\u0ac0\u0aaf \u0ab9\u0acb\u0ab5\u0abe\u0aa8\u0acb \u0a97\u0ab0\u0acd\u0ab5 \u0a9b\u0ac7"], "example_title": "Cross-lingual 1"}, {"source_sentence": "\u0a2c\u0a3e\u0a30\u0a3f\u0a38\u0a3c \u0a24\u0a4b\u0a02 \u0a2c\u0a3e\u0a05\u0a26 \u0a2c\u0a17\u0a40\u0a1a\u0a3e \u0a38\u0a41\u0a70\u0a26\u0a30 \u0a26\u0a3f\u0a16\u0a3e\u0a08 \u0a26\u0a3f\u0a70\u0a26\u0a3e \u0a39\u0a48", "sentences": ["\u0d2e\u0d34\u0d2f\u0d4d\u0d15\u0d4d\u0d15\u0d4d \u0d36\u0d47\u0d37\u0d02 \u0d2a\u0d42\u0d28\u0d4d\u0d24\u0d4b\u0d1f\u0d4d\u0d1f\u0d02 \u0d2e\u0d28\u0d4b\u0d39\u0d30\u0d2e\u0d3e\u0d2f\u0d3f \u0d15\u0d3e\u0d23\u0d2a\u0d4d\u0d2a\u0d46\u0d1f\u0d41\u0d28\u0d4d\u0d28\u0d41", "\u0b2c\u0b30\u0b4d\u0b37\u0b3e \u0b2a\u0b30\u0b47 \u0b2c\u0b17\u0b3f\u0b1a\u0b3e \u0b38\u0b41\u0b28\u0b4d\u0b26\u0b30 \u0b26\u0b47\u0b16\u0b3e\u0b2f\u0b3e\u0b0f |", "\u092c\u093e\u0930\u093f\u0936 \u0915\u0947 \u092c\u093e\u0926 \u092c\u0917\u0940\u091a\u093e \u0938\u0941\u0902\u0926\u0930 \u0926\u093f\u0916\u0924\u093e \u0939\u0948"], "example_title": "Cross-lingual 2"}]}, "transformersInfo": {"auto_model": "AutoModel", "pipeline_tag": "feature-extraction", "processor": "AutoTokenizer"}, "siblings": [{"rfilename": ".gitattributes"}, {"rfilename": "1_Pooling/config.json"}, {"rfilename": "README.md"}, {"rfilename": "config.json"}, {"rfilename": "config_sentence_transformers.json"}, {"rfilename": "modules.json"}, {"rfilename": "pytorch_model.bin"}, {"rfilename": "sentence_bert_config.json"}, {"rfilename": "special_tokens_map.json"}, {"rfilename": "tokenizer.json"}, {"rfilename": "tokenizer_config.json"}, {"rfilename": "vocab.txt"}], "spaces": [], "createdAt": "2023-03-04T07:47:54.000Z", "inferenceStatus": "not-loaded"}