{"_id": "6624a6d6c322e4c148bcbab8", "id": "l3cube-pune/english-topic-all-doc", "modelId": "l3cube-pune/english-topic-all-doc", "author": "l3cube-pune", "sha": "1b5afc8ec251f619ccc31db4f1d3b1e81aa4c6cf", "lastModified": "2024-04-21T07:38:57.000Z", "private": false, "disabled": false, "gated": false, "pipeline_tag": "text-classification", "tags": ["transformers", "safetensors", "bert", "text-classification", "en", "dataset:L3Cube-IndicNews", "arxiv:2401.02254", "license:cc-by-4.0", "autotrain_compatible", "endpoints_compatible", "region:us"], "downloads": 5, "library_name": "transformers", "mask_token": "[MASK]", "widgetData": [{"text": "BCCI took action against Mumbai Indians batter Tim David and batting coach Kieron Pollard after they were found guilty of breaching the IPL Code of Conduct during their match against the Punjab Kings in Mullanpur on Thursday. \"Mumbai Indians batter Tim David and batting coach Kieron Pollard have been fined for breaching the IPL\u2019s Code of Conduct during their team\u2019s Tata Indian Premier League (IPL) 2024 match against Punjab Kings at the PCA New International Cricket Stadium, Mullanpur on April 18,\" BCCI said."}], "likes": 0, "model-index": null, "config": {"architectures": ["BertForSequenceClassification"], "model_type": "bert", "tokenizer_config": {"cls_token": "[CLS]", "mask_token": "[MASK]", "pad_token": "[PAD]", "sep_token": "[SEP]", "unk_token": "[UNK]"}}, "cardData": {"license": "cc-by-4.0", "language": ["en"], "tags": ["bert"], "datasets": ["L3Cube-IndicNews"], "widget": [{"text": "BCCI took action against Mumbai Indians batter Tim David and batting coach Kieron Pollard after they were found guilty of breaching the IPL Code of Conduct during their match against the Punjab Kings in Mullanpur on Thursday. \"Mumbai Indians batter Tim David and batting coach Kieron Pollard have been fined for breaching the IPL\u2019s Code of Conduct during their team\u2019s Tata Indian Premier League (IPL) 2024 match against Punjab Kings at the PCA New International Cricket Stadium, Mullanpur on April 18,\" BCCI said."}]}, "transformersInfo": {"auto_model": "AutoModelForSequenceClassification", "pipeline_tag": "text-classification", "processor": "AutoTokenizer"}, "siblings": [{"rfilename": ".gitattributes"}, {"rfilename": "README.md"}, {"rfilename": "config.json"}, {"rfilename": "model.safetensors"}, {"rfilename": "special_tokens_map.json"}, {"rfilename": "tokenizer.json"}, {"rfilename": "tokenizer_config.json"}, {"rfilename": "vocab.txt"}], "spaces": [], "createdAt": "2024-04-21T05:40:38.000Z", "safetensors": {"parameters": {"F32": 109489930}, "total": 109489930}, "inferenceStatus": "not-loaded"}