{"_id": "62ffd91e0b32bce367c2c1dc", "id": "l3cube-pune/hindi-bert-v1", "modelId": "l3cube-pune/hindi-bert-v1", "author": "l3cube-pune", "sha": "612fef14b52d42d63f5dbffc2d0b32b7e3fcab19", "lastModified": "2022-12-25T07:06:48.000Z", "private": false, "disabled": false, "gated": false, "pipeline_tag": "fill-mask", "tags": ["transformers", "pytorch", "bert", "fill-mask", "hi", "arxiv:2211.11418", "license:cc-by-4.0", "autotrain_compatible", "endpoints_compatible", "region:us"], "downloads": 1, "library_name": "transformers", "mask_token": "[MASK]", "likes": 0, "model-index": null, "config": {"architectures": ["BertForMaskedLM"], "model_type": "bert", "tokenizer_config": {"cls_token": "[CLS]", "mask_token": "[MASK]", "pad_token": "[PAD]", "sep_token": "[SEP]", "unk_token": "[UNK]"}}, "cardData": {"license": "cc-by-4.0", "language": "hi"}, "transformersInfo": {"auto_model": "AutoModelForMaskedLM", "pipeline_tag": "fill-mask", "processor": "AutoTokenizer"}, "siblings": [{"rfilename": ".gitattributes"}, {"rfilename": "README.md"}, {"rfilename": "config.json"}, {"rfilename": "pytorch_model.bin"}, {"rfilename": "special_tokens_map.json"}, {"rfilename": "tokenizer.json"}, {"rfilename": "tokenizer_config.json"}, {"rfilename": "vocab.txt"}], "spaces": [], "createdAt": "2022-08-19T18:40:30.000Z", "inferenceStatus": "not-loaded"}