{"_id": "62ffd9ada80e701897ae47ce", "id": "l3cube-pune/hindi-bert-v2", "modelId": "l3cube-pune/hindi-bert-v2", "author": "l3cube-pune", "sha": "e2c49b5d2ff8341acaef6a2d2ea46e86197319c7", "lastModified": "2023-07-30T08:10:38.000Z", "private": false, "disabled": false, "gated": false, "pipeline_tag": "fill-mask", "tags": ["transformers", "pytorch", "safetensors", "bert", "fill-mask", "hi", "arxiv:2211.11418", "license:cc-by-4.0", "autotrain_compatible", "endpoints_compatible", "region:us"], "downloads": 68, "library_name": "transformers", "mask_token": "[MASK]", "likes": 3, "model-index": null, "config": {"architectures": ["BertForMaskedLM"], "model_type": "bert", "tokenizer_config": {"cls_token": "[CLS]", "mask_token": "[MASK]", "pad_token": "[PAD]", "sep_token": "[SEP]", "unk_token": "[UNK]"}}, "cardData": {"license": "cc-by-4.0", "language": "hi"}, "transformersInfo": {"auto_model": "AutoModelForMaskedLM", "pipeline_tag": "fill-mask", "processor": "AutoTokenizer"}, "siblings": [{"rfilename": ".gitattributes"}, {"rfilename": "README.md"}, {"rfilename": "config.json"}, {"rfilename": "model.safetensors"}, {"rfilename": "pytorch_model.bin"}, {"rfilename": "special_tokens_map.json"}, {"rfilename": "tokenizer.json"}, {"rfilename": "tokenizer_config.json"}, {"rfilename": "vocab.txt"}], "spaces": [], "createdAt": "2022-08-19T18:42:53.000Z", "safetensors": {"parameters": {"I64": 512, "F32": 237755045}, "total": 237755557}, "inferenceStatus": "not-loaded"}