{"_id": "64b4281f99ba6b1302271e34", "id": "l3cube-pune/me-lid-bert", "modelId": "l3cube-pune/me-lid-bert", "author": "l3cube-pune", "sha": "998c0b37a545a574c9dde8e0ac823d335f7cf62e", "lastModified": "2023-07-22T08:36:49.000Z", "private": false, "disabled": false, "gated": false, "pipeline_tag": "token-classification", "tags": ["transformers", "pytorch", "safetensors", "bert", "token-classification", "mr", "en", "codemix", "multilingual", "dataset:L3Cube-MeCorpus", "dataset:L3Cube-MeLID", "arxiv:2306.14030", "license:cc-by-4.0", "autotrain_compatible", "endpoints_compatible", "region:us"], "downloads": 18, "library_name": "transformers", "mask_token": "[MASK]", "likes": 0, "model-index": null, "config": {"architectures": ["BertForTokenClassification"], "model_type": "bert", "tokenizer_config": {"cls_token": "[CLS]", "mask_token": "[MASK]", "pad_token": "[PAD]", "sep_token": "[SEP]", "unk_token": "[UNK]"}}, "cardData": {"language": ["mr", "en", "multilingual"], "license": "cc-by-4.0", "tags": ["mr", "en", "codemix"], "datasets": ["L3Cube-MeCorpus", "L3Cube-MeLID"]}, "transformersInfo": {"auto_model": "AutoModelForTokenClassification", "pipeline_tag": "token-classification", "processor": "AutoTokenizer"}, "siblings": [{"rfilename": ".gitattributes"}, {"rfilename": "README.md"}, {"rfilename": "config.json"}, {"rfilename": "model.safetensors"}, {"rfilename": "pytorch_model.bin"}, {"rfilename": "special_tokens_map.json"}, {"rfilename": "tokenizer.json"}, {"rfilename": "tokenizer_config.json"}, {"rfilename": "vocab.txt"}], "spaces": [], "createdAt": "2023-07-16T17:25:51.000Z", "safetensors": {"parameters": {"I64": 512, "F32": 236967939}, "total": 236968451}, "inferenceStatus": "not-loaded"}