{"_id": "65965139522c0e4b43e232b1", "id": "l3cube-pune/gujarati-topic-all-doc", "modelId": "l3cube-pune/gujarati-topic-all-doc", "author": "l3cube-pune", "sha": "932d94066e754f6559a75f5c741dfe3981bde132", "lastModified": "2024-04-21T07:40:28.000Z", "private": false, "disabled": false, "gated": false, "pipeline_tag": "text-classification", "tags": ["transformers", "safetensors", "bert", "text-classification", "gu", "dataset:L3Cube-IndicNews", "arxiv:2401.02254", "license:cc-by-4.0", "autotrain_compatible", "endpoints_compatible", "region:us"], "downloads": 3, "library_name": "transformers", "mask_token": "[MASK]", "widgetData": [{"text": "\u0a9c\u0ac7\u0ab2\u0aae\u0abe\u0a82 \u0aac\u0a82\u0aa7 \u0a97\u0ac7\u0a82\u0a97\u0ab8\u0acd\u0a9f\u0ab0 \u0ab8\u0ac1\u0a95\u0ac7\u0ab6 \u0a9a\u0a82\u0aa6\u0acd\u0ab0\u0ab6\u0ac7\u0a96\u0ab0\u0ac7 \u0aab\u0ab0\u0ac0 \u0a8f\u0a95\u0ab5\u0abe\u0ab0 \u0aac\u0acb\u0ab2\u0abf\u0ab5\u0ac2\u0aa1 \u0a85\u0aad\u0abf\u0aa8\u0ac7\u0aa4\u0acd\u0ab0\u0ac0 \u0a9c\u0ac7\u0a95\u0ab2\u0ac0\u0aa8 \u0aab\u0ab0\u0acd\u0aa8\u0abe\u0aa8\u0acd\u0aa1\u0abf\u0ab8\u0aa8\u0ac7 \u0aaf\u0abe\u0aa6 \u0a95\u0ab0\u0ac0 \u0a9b\u0ac7. \u0ab8\u0ac1\u0a95\u0ac7\u0ab6 \u0a9a\u0a82\u0aa6\u0acd\u0ab0\u0ab6\u0ac7\u0a96\u0ab0\u0ac7 \u0a9c\u0ac7\u0ab2\u0aae\u0abe\u0a82\u0aa5\u0ac0 \u0a9c \u0a8f\u0a95 \u0aaa\u0aa4\u0acd\u0ab0 \u0ab2\u0a96\u0acd\u0aaf\u0acb \u0a9b\u0ac7. \u0aa4\u0ab8\u0ab5\u0ac0\u0ab0 \u0ab8\u0acb\u0ab6\u0abf\u0aaf\u0ab2 \u0aae\u0ac0\u0aa1\u0abf\u0aaf\u0abe\u0a9c\u0ac7\u0ab2\u0aae\u0abe\u0a82 \u0aac\u0a82\u0aa7 \u0a97\u0ac7\u0a82\u0a97\u0ab8\u0acd\u0a9f\u0ab0 \u0ab8\u0ac1\u0a95\u0ac7\u0ab6 \u0a9a\u0a82\u0aa6\u0acd\u0ab0\u0ab6\u0ac7\u0a96\u0ab0\u0ac7 \u0aab\u0ab0\u0ac0 \u0a8f\u0a95\u0ab5\u0abe\u0ab0 \u0aac\u0acb\u0ab2\u0abf\u0ab5\u0ac2\u0aa1 \u0a85\u0aad\u0abf\u0aa8\u0ac7\u0aa4\u0acd\u0ab0\u0ac0 \u0a9c\u0ac7\u0a95\u0ab2\u0ac0\u0aa8 \u0aab\u0ab0\u0acd\u0aa8\u0abe\u0aa8\u0acd\u0aa1\u0abf\u0ab8\u0aa8\u0ac7 \u0aaf\u0abe\u0aa6 \u0a95\u0ab0\u0ac0 \u0a9b\u0ac7. \u0ab8\u0ac1\u0a95\u0ac7\u0ab6 \u0a9a\u0a82\u0aa6\u0acd\u0ab0\u0ab6\u0ac7\u0a96\u0ab0\u0ac7 \u0a9c\u0ac7\u0ab2\u0aae\u0abe\u0a82\u0aa5\u0ac0 \u0a9c \u0a8f\u0a95 \u0aaa\u0aa4\u0acd\u0ab0 \u0ab2\u0a96\u0acd\u0aaf\u0acb \u0a9b\u0ac7, \u0a9c\u0ac7\u0aae\u0abe\u0a82 \u0aa4\u0ac7\u0aa3\u0ac7 \u0a85\u0aad\u0abf\u0aa8\u0ac7\u0aa4\u0acd\u0ab0\u0ac0\u0aa8\u0ac7 \u0aac\u0ac7\u0aac\u0ac0 \u0a95\u0ab9\u0ac0\u0aa8\u0ac7 \u0ab8\u0a82\u0aac\u0acb\u0aa7\u0ac0 \u0a9b\u0ac7. \u0a86 \u0aaa\u0ab9\u0ac7\u0ab2\u0abe \u0aaa\u0aa3 \u0ab8\u0ac1\u0a95\u0ac7\u0ab6 \u0a9a\u0a82\u0aa6\u0acd\u0ab0\u0ab6\u0ac7\u0a96\u0ab0\u0ac7 \u0aaa\u0acb\u0aa4\u0abe\u0aa8\u0abe \u0aaa\u0aa4\u0acd\u0ab0\u0acb\u0aae\u0abe\u0a82 \u0a9c\u0ac7\u0a95\u0ab2\u0ac0\u0aa8\u0aa8\u0acb \u0a89\u0ab2\u0acd\u0ab2\u0ac7\u0a96 \u0a95\u0ab0\u0ac0 \u0a9a\u0ac1\u0a95\u0acd\u0aaf\u0acb \u0a9b\u0ac7 \u0a85\u0aa8\u0ac7 \u0aa4\u0ac7\u0aa8\u0ac7 \u0aa4\u0aa8\u0ac7 \u0aaa\u0acd\u0ab0\u0ac7\u0aae \u0a95\u0ab0\u0aa4\u0acb \u0ab9\u0acb\u0ab5\u0abe\u0aa8\u0ac1\u0a82 \u0aaa\u0aa3 \u0a95\u0ab9\u0acd\u0aaf\u0ac1\u0a82 \u0ab9\u0aa4\u0ac1\u0a82. \u0ab8\u0ac1\u0a95\u0ac7\u0ab6 \u0a9a\u0a82\u0aa6\u0acd\u0ab0\u0ab6\u0ac7\u0a96\u0ab0 \u0aa6\u0abf\u0ab2\u0acd\u0ab9\u0ac0\u0aa8\u0ac0 \u0aa4\u0abf\u0ab9\u0abe\u0ab0 \u0a9c\u0ac7\u0ab2\u0aae\u0abe\u0a82 \u0aac\u0a82\u0aa7 \u0a9b\u0ac7 \u0a85\u0aa8\u0ac7 \u0aa4\u0ac7\u0aa8\u0abe \u0aaa\u0ab0 200 \u0a95\u0ab0\u0acb\u0aa1\u0aa8\u0ac0 \u0aae\u0aa8\u0ac0 \u0ab2\u0acb\u0aa8\u0acd\u0aa1\u0ab0\u0abf\u0a82\u0a97\u0aa8\u0acb \u0a95\u0ac7\u0ab8 \u0aa8\u0acb\u0a82\u0aa7\u0abe\u0aaf\u0ac7\u0ab2\u0acb \u0a9b\u0ac7. \u0a86 \u0aae\u0abe\u0aae\u0ab2\u0abe\u0aae\u0abe\u0a82 \u0a9c\u0ac7\u0a95\u0ab2\u0ac0\u0aa8 \u0aab\u0ab0\u0acd\u0aa8\u0abe\u0aa8\u0acd\u0aa1\u0abf\u0ab8\u0aa5\u0ac0 \u0ab2\u0a88\u0aa8\u0ac7 \u0a98\u0aa3\u0ac0 \u0a85\u0aad\u0abf\u0aa8\u0ac7\u0aa4\u0acd\u0ab0\u0ac0\u0a93\u0aa8\u0abe \u0aa8\u0abe\u0aae \u0ab8\u0abe\u0aae\u0ac7 \u0a86\u0ab5\u0acd\u0aaf\u0abe \u0ab9\u0aa4\u0abe. \u0aa4\u0aaa\u0abe\u0ab8 \u0a8f\u0a9c\u0aa8\u0acd\u0ab8\u0ac0 \u0aa6\u0acd\u0ab5\u0abe\u0ab0\u0abe \u0a9c\u0ac7\u0a95\u0ab2\u0ac0\u0aa8\u0aa8\u0ac0 \u0a85\u0aa8\u0ac7\u0a95\u0ab5\u0abe\u0ab0 \u0aaa\u0ac2\u0a9b\u0aaa\u0ab0\u0a9b \u0aaa\u0aa3 \u0a95\u0ab0\u0ab5\u0abe\u0aae\u0abe\u0a82 \u0a86\u0ab5\u0ac0 \u0a9b\u0ac7.\u0ab8\u0ac1\u0a95\u0ac7\u0ab6 \u0a9a\u0a82\u0aa6\u0acd\u0ab0\u0ab6\u0ac7\u0a96\u0ab0\u0ac7 \u0a86 \u0aaa\u0aa4\u0acd\u0ab0 \u0aa4\u0ac7\u0aae\u0aa8\u0abe \u0a9c\u0aa8\u0acd\u0aae\u0aa6\u0abf\u0ab5\u0ab8 25 \u0aae\u0abe\u0ab0\u0acd\u0a9a\u0ac7 \u0ab2\u0a96\u0acd\u0aaf\u0acb \u0ab9\u0aa4\u0acb. \u0ab8\u0ac1\u0a95\u0ac7\u0ab6 \u0a9a\u0a82\u0aa6\u0acd\u0ab0\u0ab6\u0ac7\u0a96\u0ab0\u0ac7 \u0aaa\u0aa4\u0acd\u0ab0\u0aae\u0abe\u0a82 \u0aa4\u0ac7\u0aa3\u0ac7 \u0a9c\u0ac7\u0a95\u0ab2\u0ac0\u0aa8\u0aa8\u0ac7 \u0aac\u0ac7\u0aac\u0ac0 \u0a97\u0aa3\u0abe\u0ab5\u0ac0 \u0ab9\u0aa4\u0ac0 \u0a85\u0aa8\u0ac7 \u0ab2\u0a96\u0acd\u0aaf\u0ac1\u0a82 \u0ab9\u0aa4\u0ac1\u0a82 \u0a95\u0ac7, \u0aa4\u0ac7 \u0aa4\u0ac7\u0aa8\u0ac7 \u0aae\u0abf\u0ab8 \u0a95\u0ab0\u0ac0 \u0ab0\u0ab9\u0acd\u0aaf\u0acb \u0a9b\u0ac7. \u0aa0\u0a97\u0ac7 \u0ab2\u0a96\u0acd\u0aaf\u0ac1\u0a82 \u0a9b\u0ac7 \u0a95\u0ac7, \u0aa4\u0ac7\u0aa8\u0acb \u0aaa\u0acd\u0ab0\u0ac7\u0aae \u0aa4\u0ac7\u0aa8\u0acb \u0a9c\u0aa8\u0acd\u0aae\u0aa6\u0abf\u0ab5\u0ab8 \u0a9b\u0ac7.\u0ab8\u0ac1\u0a95\u0ac7\u0ab6\u0ac7 \u0ab2\u0a96\u0acd\u0aaf\u0ac1\u0a82 \u0a95\u0ac7- \u0ab9\u0aa4\u0ac1\u0a82 \u0a95\u0ac7 , \u0aae\u0abe\u0ab0\u0abe \u0aac\u0acb\u0aae\u0acd\u0aae\u0abe, \u0aae\u0abe\u0ab0\u0abe \u0a9c\u0aa8\u0acd\u0aae\u0aa6\u0abf\u0ab5\u0ab8 \u0aaa\u0ab0 \u0ab9\u0ac1\u0a82 \u0aa4\u0aa8\u0ac7 \u0a96\u0ac2\u0aac \u0a9c \u0aaf\u0abe\u0aa6 \u0a95\u0ab0\u0ac1\u0a82 \u0a9b\u0ac1\u0a82. \u0ab9\u0ac1\u0a82 \u0aae\u0abe\u0ab0\u0ac0 \u0a86\u0ab8\u0aaa\u0abe\u0ab8 \u0aa4\u0abe\u0ab0\u0ac0 \u0a8a\u0ab0\u0acd\u0a9c\u0abe \u0a85\u0aa8\u0ac1\u0aad\u0ab5\u0ac1\u0a82 \u0a9b\u0ac1\u0a82. \u0aae\u0abe\u0ab0\u0ac0 \u0aaa\u0abe\u0ab8\u0ac7 \u0a95\u0acb\u0a88 \u0ab6\u0aac\u0acd\u0aa6\u0acb \u0aa8\u0aa5\u0ac0, \u0aaa\u0ab0\u0a82\u0aa4\u0ac1 \u0ab9\u0ac1\u0a82 \u0a9c\u0abe\u0aa3\u0ac1\u0a82 \u0a9b\u0ac1\u0a82 \u0a95\u0ac7 \u0aae\u0abe\u0ab0\u0abe \u0aae\u0abe\u0a9f\u0ac7\u0aa8\u0acb \u0aa4\u0abe\u0ab0\u0acb \u0aaa\u0acd\u0ab0\u0ac7\u0aae \u0a95\u0acd\u0aaf\u0abe\u0ab0\u0ac7\u0aaf \u0ab8\u0aae\u0abe\u0aaa\u0acd\u0aa4 \u0aa8\u0ab9\u0ac0\u0a82 \u0aa5\u0abe\u0aaf. \u0ab9\u0ac1\u0a82 \u0a9c\u0abe\u0aa3\u0ac1\u0a82 \u0a9b\u0ac1\u0a82 \u0a95\u0ac7, \u0aa4\u0abe\u0ab0\u0abe \u0ab8\u0ac1\u0a82\u0aa6\u0ab0 \u0ab9\u0ac3\u0aa6\u0aaf\u0aae\u0abe\u0a82 \u0ab6\u0ac1\u0a82 \u0a9b\u0ac7. \u0aae\u0aa8\u0ac7 \u0aaa\u0ac1\u0ab0\u0abe\u0ab5\u0abe\u0aa8\u0ac0 \u0a9c\u0ab0\u0ac2\u0ab0 \u0aa8\u0aa5\u0ac0 \u0a85\u0aa8\u0ac7 \u0aae\u0abe\u0ab0\u0abe \u0aae\u0abe\u0a9f\u0ac7 \u0a9c\u0ac7 \u0aae\u0ab9\u0aa4\u0acd\u0ab5\u0aa8\u0ac1\u0a82 \u0a9b\u0ac7 \u0aa4\u0ac7 \u0aa4\u0abe\u0ab0\u0acb \u0aaa\u0acd\u0ab0\u0ac7\u0aae \u0a9b\u0ac7, \u0aac\u0ac7\u0aac\u0ac0. - \u0ab8\u0ac1\u0a95\u0ac7\u0ab6 \u0a9a\u0a82\u0aa6\u0acd\u0ab0\u0ab6\u0ac7\u0a96\u0ab0\u0aa0\u0a97 \u0ab8\u0ac1\u0a95\u0ac7\u0ab6\u0ac7 \u0a95\u0ab0\u0acd\u0aaf\u0acb \u0aa6\u0abe\u0ab5\u0acb\u0aa4\u0ac7\u0aa8\u0abe \u0a9c\u0aa8\u0acd\u0aae\u0aa6\u0abf\u0ab5\u0ab8\u0aa8\u0ac0 \u0aa8\u0acb\u0a82\u0aa7\u0aae\u0abe\u0a82, \u0ab8\u0ac1\u0a95\u0ac7\u0ab6\u0ac7 \u0aa6\u0abe\u0ab5\u0acb \u0a95\u0ab0\u0acd\u0aaf\u0acb \u0ab9\u0aa4\u0acb \u0a95\u0ac7, \u0aa4\u0ac7\u0aa8\u0abe \u0a98\u0aa3\u0abe \u0a9a\u0abe\u0ab9\u0a95\u0acb \u0a9b\u0ac7 \u0a9c\u0ac7 \u0aa4\u0ac7\u0aa8\u0ac7 \u0aaa\u0aa4\u0acd\u0ab0 \u0ab2\u0a96\u0ac7 \u0a9b\u0ac7. \u0aa4\u0ac7\u0aa8\u0abe \u0a9c\u0aa8\u0acd\u0aae\u0aa6\u0abf\u0ab5\u0ab8 \u0aa8\u0abf\u0aae\u0abf\u0aa4\u0acd\u0aa4\u0ac7 \u0aa4\u0ac7\u0aae\u0aa8\u0ac7 \u0ab8\u0ac7\u0a82\u0a95\u0aa1\u0acb \u0aaa\u0aa4\u0acd\u0ab0\u0acb \u0aae\u0ab3\u0acd\u0aaf\u0abe \u0a9b\u0ac7. \u0a9c\u0ac7\u0a95\u0ab2\u0ac0\u0aa8\u0aa8\u0ac0 \u0ab8\u0abe\u0aa5\u0ac7 \u0aae\u0ab9\u0abe\u0aa0\u0a97\u0ac7 \u0aa4\u0ac7\u0aa8\u0abe \u0a9a\u0abe\u0ab9\u0a95\u0acb \u0a85\u0aa8\u0ac7 \u0aae\u0abf\u0aa4\u0acd\u0ab0\u0acb\u0aa8\u0acb \u0aaa\u0aa3 \u0a86\u0aad\u0abe\u0ab0 \u0aae\u0abe\u0aa8\u0acd\u0aaf\u0acb \u0ab9\u0aa4\u0acb.\u0ab8\u0ac1\u0a95\u0ac7\u0ab6\u0ac7 \u0a86\u0a97\u0ab3 \u0ab2\u0a96\u0acd\u0aaf\u0ac1\u0a82- \u0aa4\u0ac1 \u0a9c\u0abe\u0aa3\u0ac7 \u0a9b\u0ac7 \u0aa8\u0ac7, \u0aad\u0ab2\u0ac7 \u0a97\u0aae\u0ac7 \u0aa4\u0ac7 \u0aa5\u0a88 \u0a9c\u0abe\u0aaf, \u0ab9\u0ac1\u0a82 \u0ab9\u0a82\u0aae\u0ac7\u0ab6\u0abe \u0aa4\u0abe\u0ab0\u0abe \u0aae\u0abe\u0a9f\u0ac7 \u0a89\u0aad\u0acb \u0ab0\u0ab9\u0acd\u0aaf\u0acb \u0a9b\u0ac1\u0a82. \u0ab2\u0ab5 \u0aaf\u0ac1 \u0aae\u0abe\u0aaf \u0aac\u0ac7\u0aac\u0ac0, \u0aae\u0aa8\u0ac7 \u0aa4\u0abe\u0ab0\u0ac1\u0a82 \u0aa6\u0abf\u0ab2 \u0a86\u0aaa\u0ab5\u0abe \u0aac\u0aa6\u0ab2 \u0a86\u0aad\u0abe\u0ab0. \u0aae\u0abe\u0ab0\u0abe \u0a9c\u0aa8\u0acd\u0aae\u0aa6\u0abf\u0ab5\u0ab8\u0aa8\u0ac0 \u0ab6\u0ac1\u0aad\u0ac7\u0a9a\u0acd\u0a9b\u0abe\u0a93 \u0aae\u0abe\u0a9f\u0ac7 \u0ab9\u0ac1\u0a82 \u0aae\u0abe\u0ab0\u0abe \u0aac\u0aa7\u0abe \u0ab8\u0aae\u0ab0\u0acd\u0aa5\u0a95\u0acb \u0a85\u0aa8\u0ac7 \u0aae\u0abf\u0aa4\u0acd\u0ab0\u0acb\u0aa8\u0acb \u0aaa\u0aa3 \u0a86\u0aad\u0abe\u0ab0 \u0aae\u0abe\u0aa8\u0ac1\u0a82 \u0a9b\u0ac1\u0a82. \u0aae\u0aa8\u0ac7 \u0ab8\u0ac7\u0a82\u0a95\u0aa1\u0acb \u0aaa\u0aa4\u0acd\u0ab0\u0acb \u0aae\u0ab3\u0acd\u0aaf\u0abe \u0a9b\u0ac7, \u0a85\u0aad\u0abf\u0aa8\u0a82\u0aa6\u0aa8. \u0ab9\u0ac1\u0a82 \u0aa7\u0aa8\u0acd\u0aaf \u0a85\u0aa8\u0ac1\u0aad\u0ab5\u0ac1\u0a82 \u0a9b\u0ac1\u0a82, \u0a86\u0aad\u0abe\u0ab0. - \u0ab8\u0ac1\u0a95\u0ac7\u0ab6 \u0a9a\u0a82\u0aa6\u0acd\u0ab0\u0ab6\u0ac7\u0a96\u0ab0\u0ab9\u0acb\u0ab3\u0ac0 \u0aaa\u0ab0 \u0aaa\u0aa3 \u0ab2\u0a96\u0ab5\u0abe\u0aae\u0abe\u0a82 \u0a86\u0ab5\u0acd\u0aaf\u0acb \u0ab9\u0aa4\u0acb \u0aaa\u0aa4\u0acd\u0ab0\u0a89\u0ab2\u0acd\u0ab2\u0ac7\u0a96\u0aa8\u0ac0\u0aaf \u0a9b\u0ac7 \u0a95\u0ac7, \u0a86 \u0aaa\u0ab9\u0ac7\u0ab2\u0abe \u0ab8\u0ac1\u0a95\u0ac7\u0ab6\u0ac7 \u0ab9\u0acb\u0ab3\u0ac0\u0aa8\u0abe \u0aa4\u0ab9\u0ac7\u0ab5\u0abe\u0ab0\u0ac7 \u0aaa\u0aa3 \u0a8f\u0a95 \u0aaa\u0aa4\u0acd\u0ab0 \u0ab2\u0a96\u0acd\u0aaf\u0acb \u0ab9\u0aa4\u0acb. \u0a86 \u0aaa\u0aa4\u0acd\u0ab0\u0aae\u0abe\u0a82 \u0a9c\u0ac7\u0a95\u0acd\u0ab2\u0ac0\u0aa8\u0aa8\u0acb \u0a89\u0ab2\u0acd\u0ab2\u0ac7\u0a96 \u0a95\u0ab0\u0ac0\u0aa8\u0ac7 \u0aa4\u0ac7\u0aa3\u0ac7 \u0a95\u0ab9\u0acd\u0aaf\u0ac1\u0a82 \u0ab9\u0aa4\u0ac1\u0a82 \u0a95\u0ac7, \u0aae\u0abe\u0ab0\u0ac0 \u0ab8\u0ac1\u0a82\u0aa6\u0ab0 \u0a9c\u0ac7\u0a95\u0ab2\u0ac0\u0aa8\u0aa8\u0ac7 \u0ab9\u0acb\u0ab3\u0ac0\u0aa8\u0ac0 \u0ab6\u0ac1\u0aad\u0ac7\u0a9a\u0acd\u0a9b\u0abe. \u0aa4\u0ac7\u0aa3\u0ac7 \u0aa4\u0ac7\u0aa8\u0abe \u0a9c\u0ac0\u0ab5\u0aa8\u0aae\u0abe\u0a82 \u0aa4\u0aae\u0abe\u0aae \u0ab0\u0a82\u0a97\u0acb\u0aa8\u0ac7 \u0aae\u0abf\u0ab6\u0acd\u0ab0\u0abf\u0aa4 \u0a95\u0ab0\u0acd\u0aaf\u0abe \u0a9b\u0ac7. \u0ab9\u0ac1\u0a82 \u0ab5\u0a9a\u0aa8 \u0a86\u0aaa\u0ac1\u0a82 \u0a9b\u0ac1\u0a82 \u0a95\u0ac7, \u0ab9\u0ac1\u0a82 \u0aa4\u0ac7\u0aa8\u0ac7 \u0aac\u0aa7\u0ac0 \u0a96\u0ac1\u0ab6\u0ac0\u0a93 \u0a86\u0aaa\u0ac0\u0ab6.\u0a9c\u0ac7\u0a95\u0ab2\u0ac0\u0aa8 \u0aab\u0ab0\u0acd\u0aa8\u0abe\u0aa8\u0acd\u0aa1\u0abf\u0ab8 \u0aaa\u0ab0 \u0ab6\u0ac1\u0a82 \u0a9b\u0ac7 \u0a86\u0ab0\u0acb\u0aaa?\u0aa8\u0acb\u0a82\u0aa7\u0aaa\u0abe\u0aa4\u0acd\u0ab0 \u0ab0\u0ac0\u0aa4\u0ac7, \u0a9c\u0ac7\u0a95\u0ab2\u0ac0\u0aa8 \u0aab\u0ab0\u0acd\u0aa8\u0abe\u0aa8\u0acd\u0aa1\u0abf\u0ab8 \u0aaa\u0ab0 \u0a86\u0ab0\u0acb\u0aaa \u0a9b\u0ac7 \u0a95\u0ac7, \u0aa4\u0ac7 \u0aa4\u0aae\u0abe\u0aae \u0ab8\u0aa4\u0acd\u0aaf \u0a9c\u0abe\u0aa3\u0aa4\u0ac0 \u0ab9\u0acb\u0ab5\u0abe \u0a9b\u0aa4\u0abe\u0a82 \u0ab8\u0ac1\u0a95\u0ac7\u0ab6 \u0a9a\u0a82\u0aa6\u0acd\u0ab0\u0ab6\u0ac7\u0a96\u0ab0\u0aa8\u0abe \u0ab8\u0a82\u0aaa\u0ab0\u0acd\u0a95\u0aae\u0abe\u0a82 \u0ab9\u0aa4\u0ac0. \u0aa4\u0ac7\u0aa3\u0ac7 \u0aa4\u0ac7\u0aa8\u0ac0 \u0aaa\u0abe\u0ab8\u0ac7\u0aa5\u0ac0 \u0a98\u0aa3\u0ac0 \u0aae\u0acb\u0a82\u0a98\u0ac0 \u0aad\u0ac7\u0a9f \u0ab2\u0ac0\u0aa7\u0ac0 \u0ab9\u0aa4\u0ac0. \u0aac\u0a82\u0aa8\u0ac7 \u0ab5\u0a9a\u0acd\u0a9a\u0ac7 \u0a85\u0aab\u0ac7\u0ab0 \u0ab9\u0acb\u0ab5\u0abe\u0aa8\u0ac0 \u0ab5\u0abe\u0aa4 \u0aaa\u0aa3 \u0ab8\u0abe\u0aae\u0ac7 \u0a86\u0ab5\u0ac0 \u0ab9\u0aa4\u0ac0. \u0a86 \u0a95\u0ac7\u0ab8\u0aae\u0abe\u0a82 \u0aa8\u0acb\u0ab0\u0abe \u0aab\u0aa4\u0ac7\u0ab9\u0ac0\u0aa8\u0ac0 \u0aaa\u0aa3 \u0aaa\u0ac2\u0a9b\u0aaa\u0ab0\u0a9b \u0a95\u0ab0\u0ab5\u0abe\u0aae\u0abe\u0a82 \u0a86\u0ab5\u0ac0 \u0ab9\u0aa4\u0ac0."}, {"text": "\u0ab8\u0acc\u0ab0\u0abe\u0ab7\u0acd\u0a9f\u0acd\u0ab0 \u0a95\u0acd\u0ab0\u0abf\u0a95\u0ac7\u0a9f \u0a8f\u0ab8\u0acb\u0ab8\u0ac0\u0a8f\u0ab6\u0aa8\u0aa8\u0ac0 \u0a8f\u0a9c\u0ac0\u0a8f\u0aae \u0a96\u0a82\u0aa2\u0ac7\u0ab0\u0ac0 \u0aa8\u0a9c\u0ac0\u0a95\u0aa8\u0abe \u0a86\u0aa7\u0ac1\u0aa8\u0abf\u0a95 \u0a95\u0acd\u0ab0\u0abf\u0a95\u0ac7\u0a9f \u0ab8\u0acd\u0a9f\u0ac7\u0aa1\u0ac0\u0aaf\u0aae \u0a96\u0abe\u0aa4\u0ac7 \u0aae\u0ab3\u0ac0 \u0ab9\u0aa4\u0ac0 \u0a9c\u0ac7\u0aae\u0abe\u0a82 \u0ab8\u0acc\u0ab0\u0abe\u0ab7\u0acd\u0a9f\u0acd\u0ab0-\u0a95\u0a9a\u0acd\u0a9b\u0aa8\u0abe \u0aa4\u0aae\u0abe\u0aae \u0a95\u0acd\u0ab0\u0abf\u0a95\u0ac7\u0a9f \u0a8f\u0ab8\u0acb\u0ab8\u0ac0\u0a8f\u0ab6\u0aa8\u0aa8\u0abe \u0ab8\u0aad\u0acd\u0aaf, \u0a97\u0ab5\u0ab0\u0acd\u0aa8\u0ac0\u0a97 \u0a95\u0aae\u0ac0\u0a9f\u0ac0\u0aa8\u0abe \u0ab9\u0acb\u0aa6\u0acd\u0aa6\u0ac7\u0aa6\u0abe\u0ab0\u0acb \u0a85\u0aa8\u0ac7 \u0ab8\u0aa6\u0ab8\u0acd\u0aaf\u0acb \u0a89\u0aaa\u0ab8\u0acd\u0aa5\u0abf\u0aa4 \u0ab0\u0ab9\u0acd\u0aaf\u0abe \u0ab9\u0aa4\u0abe. \u0aab\u0abe\u0a88\u0ab2 \u0aa4\u0ab8\u0ab5\u0ac0\u0ab0Rajkot Cricket Stadium Name Change: \u0a85\u0aae\u0aa6\u0abe\u0ab5\u0abe\u0aa6 \u0aac\u0abe\u0aa6 \u0ab0\u0abe\u0a9c\u0a95\u0acb\u0a9f \u0a96\u0a82\u0aa2\u0ac7\u0ab0\u0ac0 \u0ab8\u0acd\u0a9f\u0ac7\u0aa1\u0abf\u0aaf\u0aae\u0aa8\u0ac1\u0a82 \u0aa8\u0abe\u0aae \u0aac\u0aa6\u0ab2\u0ab5\u0abe\u0aae\u0abe\u0a82 \u0a86\u0ab5\u0acd\u0aaf\u0ac1\u0a82 \u0a9b\u0ac7. \u0a96\u0a82\u0aa2\u0ac7\u0ab0\u0ac0 \u0ab8\u0acd\u0a9f\u0ac7\u0aa1\u0abf\u0aaf\u0aae\u0aa8\u0ac7 \u0aa8\u0abf\u0a82\u0ab0\u0a9c\u0aa8 \u0ab6\u0abe\u0ab9 \u0ab8\u0acd\u0a9f\u0ac7\u0aa1\u0abf\u0aaf\u0aae \u0aa8\u0abe\u0aae \u0a86\u0aaa\u0ab5\u0abe\u0aae\u0abe\u0a82 \u0a86\u0ab5\u0acd\u0aaf\u0ac1\u0a82 \u0a9b\u0ac7. SCA \u0ab8\u0acd\u0a9f\u0ac7\u0aa1\u0abf\u0aaf\u0aae \u0ab9\u0ab5\u0ac7 \u0aa8\u0abf\u0ab0\u0a82\u0a9c\u0aa8 \u0ab6\u0abe\u0ab9 \u0aa8\u0abe\u0aae\u0aa5\u0ac0 \u0a93\u0ab3\u0a96\u0abe\u0ab6\u0ac7. 1987\u0aae\u0abe\u0a82 \u0aaa\u0ac7\u0ab9\u0ab2\u0ac0 \u0a86\u0a82\u0aa4\u0ab0\u0ab0\u0abe\u0ab7\u0acd\u0a9f\u0acd\u0ab0\u0ac0\u0aaf \u0ab5\u0aa8 \u0aa1\u0ac7 \u0aae\u0ac7\u0a9a \u0ab2\u0abe\u0ab5\u0ab5\u0abe\u0aae\u0abe\u0a82 \u0ab6\u0abe\u0ab9\u0aa8\u0ac0 \u0aae\u0ac1\u0a96\u0acd\u0aaf \u0aad\u0ac2\u0aae\u0abf\u0a95\u0abe \u0ab9\u0aa4\u0ac0. \u0a97\u0a88\u0a95\u0abe\u0ab2\u0ac7 \u0ab8\u0acb\u0ab0\u0abe\u0ab7\u0acd\u0a9f\u0acd\u0ab0 \u0a95\u0acd\u0ab0\u0abf\u0a95\u0ac7\u0a9f \u0a8f\u0ab8\u0ab8\u0abf\u0aaf\u0ac7\u0ab6\u0aa8 AGM\u0aa8\u0ac0 \u0aac\u0ac7\u0aa0\u0a95\u0aae\u0abe\u0a82 \u0aa8\u0abf\u0ab0\u0acd\u0aa3\u0aaf \u0ab2\u0ac7\u0ab5\u0abe\u0aae\u0abe\u0a82 \u0a86\u0ab5\u0acd\u0aaf\u0acb \u0ab9\u0aa4\u0acb. \u0aa8\u0abf\u0ab0\u0a82\u0a9c\u0aa8 \u0ab6\u0abe\u0ab9 2 \u0ab5\u0a96\u0aa4 BCCI \u0aa8\u0abe \u0ab8\u0ac7\u0a95\u0acd\u0ab0\u0ac7\u0a9f\u0ab0\u0ac0 \u0ab0\u0ab9\u0ac0 \u0a9a\u0ac2\u0a95\u0acd\u0aaf\u0abe \u0a9b\u0ac7 \u0a85\u0aa8\u0ac7 \u0aa4\u0ac7\u0aae\u0aa8\u0abe \u0a9c \u0aaa\u0acd\u0ab0\u0aaf\u0abe\u0ab8\u0acb\u0aa5\u0ac0 \u0a86 \u0aa8\u0ab5\u0ac1\u0a82 \u0ab8\u0acd\u0a9f\u0ac7\u0aa1\u0abf\u0aaf\u0aae \u0aac\u0aa8\u0abe\u0ab5\u0ab5\u0abe\u0aae\u0abe\u0a82 \u0a86\u0ab5\u0acd\u0aaf\u0ac1\u0a82 \u0a9b\u0ac7. \u0a9c\u0ac7 \u0ab2\u0acb\u0ab0\u0acd\u0aa1\u0acd\u0ab8\u0aa8\u0abe \u0aae\u0ac7\u0aa6\u0abe\u0aa8 \u0a9c\u0ac7\u0ab5\u0ac1\u0a82 \u0ab2\u0abe\u0a97\u0ac7 \u0a9b\u0ac7.\u0ab8\u0acc\u0ab0\u0abe\u0ab7\u0acd\u0a9f\u0acd\u0ab0 \u0a95\u0acd\u0ab0\u0abf\u0a95\u0ac7\u0a9f \u0a8f\u0ab8\u0acb\u0ab8\u0ac0\u0a8f\u0ab6\u0aa8\u0aa8\u0ac0 \u0a8f\u0a9c\u0ac0\u0a8f\u0aae \u0a96\u0a82\u0aa2\u0ac7\u0ab0\u0ac0 \u0aa8\u0a9c\u0ac0\u0a95\u0aa8\u0abe \u0a86\u0aa7\u0ac1\u0aa8\u0abf\u0a95 \u0a95\u0acd\u0ab0\u0abf\u0a95\u0ac7\u0a9f \u0ab8\u0acd\u0a9f\u0ac7\u0aa1\u0ac0\u0aaf\u0aae \u0a96\u0abe\u0aa4\u0ac7 \u0aae\u0ab3\u0ac0 \u0ab9\u0aa4\u0ac0 \u0a9c\u0ac7\u0aae\u0abe\u0a82 \u0ab8\u0acc\u0ab0\u0abe\u0ab7\u0acd\u0a9f\u0acd\u0ab0-\u0a95\u0a9a\u0acd\u0a9b\u0aa8\u0abe \u0aa4\u0aae\u0abe\u0aae \u0a95\u0acd\u0ab0\u0abf\u0a95\u0ac7\u0a9f \u0a8f\u0ab8\u0acb\u0ab8\u0ac0\u0a8f\u0ab6\u0aa8\u0aa8\u0abe \u0ab8\u0aad\u0acd\u0aaf, \u0a97\u0ab5\u0ab0\u0acd\u0aa8\u0ac0\u0a97 \u0a95\u0aae\u0ac0\u0a9f\u0ac0\u0aa8\u0abe \u0ab9\u0acb\u0aa6\u0acd\u0aa6\u0ac7\u0aa6\u0abe\u0ab0\u0acb \u0a85\u0aa8\u0ac7 \u0ab8\u0aa6\u0ab8\u0acd\u0aaf\u0acb \u0a89\u0aaa\u0ab8\u0acd\u0aa5\u0abf\u0aa4 \u0ab0\u0ab9\u0acd\u0aaf\u0abe \u0ab9\u0aa4\u0abe. \u0a86 \u0aac\u0ac7\u0aa0\u0a95\u0aae\u0abe\u0a82 \u0ab8\u0acc\u0ab0\u0abe\u0ab7\u0acd\u0a9f\u0acd\u0ab0 \u0a95\u0acd\u0ab0\u0abf\u0a95\u0ac7\u0a9f \u0a8f\u0ab8\u0acb. \u0ab8\u0a82\u0a9a\u0abe\u0ab2\u0ac0\u0aa4 \u0a86 \u0a95\u0acd\u0ab0\u0abf\u0a95\u0ac7\u0a9f \u0ab8\u0acd\u0a9f\u0ac7\u0aa1\u0ac0\u0aaf\u0aae\u0aa8\u0ac1\u0a82 \u0aa8\u0abe\u0aae\u0a95\u0ab0\u0aa3 \u2018\u0aa8\u0abf\u0ab0\u0a82\u0a9c\u0aa8 \u0ab6\u0abe\u0ab9\u2019 \u0a95\u0ab0\u0ab5\u0abe \u0aa8\u0abf\u0ab0\u0acd\u0aa3\u0aaf \u0ab2\u0ac7\u0ab5\u0abe\u0aae\u0abe\u0a82 \u0a86\u0ab5\u0acd\u0aaf\u0acb \u0ab9\u0aa4\u0acb. \u0ab9\u0ab5\u0ac7\u0aa5\u0ac0 \u0ab0\u0abe\u0a9c\u0a95\u0acb\u0a9f\u0aa8\u0ac1\u0a82 \u0a86\u0a82\u0aa4\u0ab0\u0ab0\u0abe\u0ab7\u0acd\u0a9f\u0acd\u0ab0\u0ac0\u0aaf \u0a95\u0acd\u0ab0\u0abf\u0a95\u0ac7\u0a9f \u0ab8\u0acd\u0a9f\u0ac7\u0aa1\u0ac0\u0aaf\u0aae \u2018\u0aa8\u0abf\u0ab0\u0a82\u0a9c\u0aa8 \u0ab6\u0abe\u0ab9\u2019 \u0ab8\u0acd\u0a9f\u0ac7\u0aa1\u0ac0\u0aaf\u0aae \u0aa4\u0ab0\u0ac0\u0a95\u0ac7 \u0a93\u0ab3\u0a96\u0abe\u0ab6\u0ac7. \u0ab0\u0abe\u0a9c\u0a95\u0acb\u0a9f \u0ab8\u0ab9\u0abf\u0aa4 \u0ab8\u0acc\u0ab0\u0abe\u0ab7\u0acd\u0a9f\u0acd\u0ab0\u0aa8\u0abe \u0a95\u0acd\u0ab0\u0abf\u0a95\u0ac7\u0a9f \u0a9c\u0a97\u0aa4\u0aae\u0abe\u0a82 \u0aa8\u0abf\u0ab0\u0a82\u0a9c\u0aa8\u0aad\u0abe\u0a87 \u0ab6\u0abe\u0ab9\u0aa8\u0ac1\u0a82 \u0aaa\u0abe\u0aaf\u0abe\u0aa5\u0ac0 \u0aaf\u0acb\u0a97\u0aa6\u0abe\u0aa8 \u0a9b\u0ac7.1987\u0aae\u0abe\u0a82 \u0ab8\u0acc \u0aaa\u0acd\u0ab0\u0aa5\u0aae \u0a86\u0a82\u0aa4\u0ab0\u0ab0\u0abe\u0ab7\u0acd\u0a9f\u0acd\u0ab0\u0ac0\u0aaf \u0ab5\u0aa8-\u0aa1\u0ac7 \u0aae\u0ac7\u0a9a \u0ab0\u0abe\u0a9c\u0a95\u0acb\u0a9f \u0ab2\u0abe\u0ab5\u0ab5\u0abe\u0aa8\u0acb \u0ab6\u0acd\u0ab0\u0ac7\u0aaf \u0aa8\u0abf\u0ab0\u0a82\u0a9c\u0aa8 \u0ab6\u0abe\u0ab9\u0aa8\u0ac7\u0aac\u0ac7 \u0aa6\u0abe\u0aaf\u0a95\u0abe \u0aaa\u0ab9\u0ac7\u0ab2\u0abe \u0aa4\u0aae\u0abe\u0aae \u0a86\u0a82\u0aa4\u0ab0\u0ab0\u0abe\u0ab7\u0acd\u0a9f\u0acd\u0ab0\u0ac0\u0aaf \u0aae\u0ac7\u0a9a \u0ab0\u0ac7\u0ab8\u0a95\u0acb\u0ab0\u0acd\u0ab7 \u0aae\u0ac7\u0aa6\u0abe\u0aa8\u0aae\u0abe\u0a82 \u0ab0\u0aae\u0abe\u0aa4\u0abe \u0ab9\u0aa4\u0abe. 1987\u0aae\u0abe\u0a82 \u0ab8\u0acc \u0aaa\u0ab9\u0ac7\u0ab2\u0acb \u0a86\u0a82\u0aa4\u0ab0\u0ab0\u0abe\u0ab7\u0acd\u0a9f\u0acd\u0ab0\u0ac0\u0aaf \u0ab5\u0aa8-\u0aa1\u0ac7 \u0aae\u0ac7\u0a9a \u0ab0\u0abe\u0a9c\u0a95\u0acb\u0a9f \u0ab2\u0abe\u0ab5\u0ab5\u0abe\u0aa8\u0acb \u0ab6\u0acd\u0ab0\u0ac7\u0aaf \u0aa8\u0abf\u0ab0\u0a82\u0a9c\u0aa8 \u0ab6\u0abe\u0ab9\u0aa8\u0ac7 \u0a9c\u0abe\u0aaf \u0a9b\u0ac7. \u0ab0\u0ac7\u0ab8\u0a95\u0acb\u0ab0\u0acd\u0ab7\u0aa5\u0ac0 \u0aae\u0abe\u0a82\u0aa1\u0ac0 \u0a96\u0a82\u0aa2\u0ac7\u0ab0\u0ac0 \u0aaa\u0abe\u0ab8\u0ac7\u0aa8\u0abe \u0a95\u0acd\u0ab0\u0abf\u0a95\u0ac7\u0a9f \u0ab8\u0acd\u0a9f\u0ac7\u0aa1\u0ac0\u0aaf\u0aae \u0ab8\u0ac1\u0aa7\u0ac0\u0aa8\u0ac0 \u0ab8\u0aab\u0ab0\u0aa8\u0abe \u0aa4\u0ac7\u0a93 \u0aae\u0ac1\u0a96\u0acd\u0aaf \u0ab8\u0abe\u0ab0\u0aa5\u0ac0 \u0aac\u0aa8\u0acd\u0aaf\u0abe \u0a9b\u0ac7. \u0ab0\u0ac7\u0ab8\u0a95\u0acb\u0ab0\u0acd\u0ab7\u0aa5\u0ac0 \u0aae\u0abe\u0a82\u0aa1\u0ac0 \u0ab9\u0ab5\u0ac7 \u0a96\u0a82\u0aa2\u0ac7\u0ab0\u0ac0 \u0aaa\u0abe\u0ab8\u0ac7\u0aa8\u0abe \u0a95\u0acd\u0ab0\u0abf\u0a95\u0ac7\u0a9f \u0ab8\u0acd\u0a9f\u0ac7\u0aa1\u0ac0\u0aaf\u0aae\u0aae\u0abe\u0a82 \u0a85\u0aa8\u0ac7\u0a95 \u0a95\u0acd\u0ab0\u0abf\u0a95\u0ac7\u0a9f \u0ab8\u0abf\u0aa4\u0abe\u0ab0\u0abe \u0aa4\u0ac8\u0aaf\u0abe\u0ab0 \u0aa5\u0aaf\u0abe \u0a9b\u0ac7 \u0a85\u0aa8\u0ac7 \u0ab9\u0a9c\u0ac1 \u0aa4\u0ac8\u0aaf\u0abe\u0ab0 \u0aa5\u0a87\u0aa8\u0ac7 \u0ab0\u0abe\u0ab7\u0acd\u0a9f\u0acd\u0ab0\u0ac0\u0aaf \u0a9f\u0ac0\u0aae\u0aae\u0abe\u0a82 \u0aaa\u0ab9\u0acb\u0a82\u0a9a\u0ac0 \u0ab0\u0ab9\u0acd\u0aaf\u0abe \u0a9b\u0ac7. \u0aa4\u0ac7\u0a93 \u0aae\u0abe\u0a9f\u0ac7\u0aa8\u0ac0 \u0ab8\u0ac1\u0ab5\u0abf\u0aa7\u0abe\u0aae\u0abe\u0a82 \u0aa8\u0abf\u0ab0\u0a82\u0a9c\u0aa8\u0aad\u0abe\u0a87 \u0ab6\u0abe\u0ab9 \u0ab8\u0aa4\u0aa4 \u0ab5\u0aa7\u0abe\u0ab0\u0acb \u0a95\u0ab0\u0aa4\u0abe \u0ab0\u0ab9\u0acd\u0aaf\u0abe \u0a9b\u0ac7. \u0a9b\u0ac7\u0ab2\u0acd\u0ab2\u0abe \u0ab5\u0ab0\u0acd\u0ab7\u0acb\u0aae\u0abe\u0a82 \u0ab0\u0aa3\u0a9c\u0ac0 \u0a9f\u0acd\u0ab0\u0acb\u0aab\u0ac0\u0aae\u0abe\u0a82 \u0ab8\u0acc\u0ab0\u0abe\u0ab7\u0acd\u0a9f\u0acd\u0ab0\u0aa8\u0ac0 \u0a9f\u0ac0\u0aae\u0ac7 \u0ab5\u0abf\u0a9c\u0aaf\u0ac0 \u0a9b\u0ab2\u0abe\u0a82\u0a97 \u0ab2\u0a97\u0abe\u0ab5\u0ac0 \u0a9b\u0ac7.\u0ab8\u0acc\u0ab0\u0abe\u0ab7\u0acd\u0a9f\u0acd\u0ab0 \u0ab8\u0acc\u0aaa\u0acd\u0ab0\u0aa5\u0aae \u0ab5\u0a96\u0aa4 \u0ab0\u0aa3\u0a9c\u0ac0 \u0a9f\u0acd\u0ab0\u0acb\u0aab\u0ac0 \u0a9a\u0ac7\u0aae\u0acd\u0aaa\u0ac0\u0aaf\u0aa8 \u0aac\u0aa8\u0acd\u0aaf\u0ac1 \u0ab9\u0aa4\u0ac1\u0a82. \u0ab9\u0abe\u0ab2 \u0a95\u0acd\u0ab0\u0abf\u0a95\u0ac7\u0a9f \u0ab5\u0abf\u0ab6\u0acd\u0ab5 \u0a95\u0aaa \u0a9a\u0abe\u0ab2\u0ac0 \u0ab0\u0ab9\u0acd\u0aaf\u0acb \u0a9b\u0ac7 \u0aa4\u0acd\u0aaf\u0abe\u0ab0\u0ac7 \u0a9c \u0a86 \u0ab8\u0acd\u0a9f\u0ac7\u0aa1\u0ac0\u0aaf\u0aae\u0aa8\u0ac1\u0a82 \u0aa8\u0abe\u0aae\u0a95\u0ab0\u0aa3 \u0aa5\u0aa4\u0abe \u0aaa\u0ac2\u0ab0\u0abe \u0aa6\u0ac7\u0ab6\u0aae\u0abe\u0a82\u0aa5\u0ac0 \u0a85\u0aad\u0abf\u0aa8\u0a82\u0aa6\u0aa8 \u0a85\u0aa8\u0ac7 \u0ab6\u0ac1\u0aad\u0ac7\u0a9a\u0acd\u0a9b\u0abe\u0aa8\u0acb \u0ab5\u0ab0\u0ab8\u0abe\u0aa6 \u0ab6\u0ab0\u0ac2 \u0aa5\u0aaf\u0acb \u0a9b\u0ac7. \u0aa8\u0abf\u0ab0\u0a82\u0a9c\u0aa8 \u0ab6\u0abe\u0ab9\u0ac7 \u0aaa\u0abe\u0a82\u0a9a \u0aa6\u0abe\u0aaf\u0a95\u0abe \u0ab8\u0ac1\u0aa7\u0ac0 \u0ab8\u0acc\u0ab0\u0abe\u0ab7\u0acd\u0a9f\u0acd\u0ab0 \u0a95\u0acd\u0ab0\u0abf\u0a95\u0ac7\u0a9f \u0a8f\u0ab8\u0acb.\u0aa8\u0abe \u0ab8\u0ac7\u0a95\u0acd\u0ab0\u0ac7\u0a9f\u0ab0\u0ac0 \u0aa4\u0ab0\u0ac0\u0a95\u0ac7 \u0ab8\u0ac7\u0ab5\u0abe \u0a86\u0aaa\u0ac0 \u0a9b\u0ac7. \u0aa4\u0acb \u0ab0\u0abe\u0a9c\u0a95\u0acb\u0a9f\u0aa8\u0abe \u0a97\u0acc\u0ab0\u0ab5\u0aa8\u0ac0 \u0a9c\u0ac7\u0aae \u0a95\u0acd\u0ab0\u0abf\u0a95\u0ac7\u0a9f \u0a95\u0a82\u0a9f\u0acd\u0ab0\u0acb\u0ab2 \u0aac\u0acb\u0ab0\u0acd\u0aa1 \u0a93\u0aab \u0a87\u0aa8\u0acd\u0aa1\u0ac0\u0aaf\u0abe (\u0aac\u0ac0\u0ab8\u0ac0\u0ab8\u0ac0\u0a86\u0a87)\u0aa8\u0abe \u0ab8\u0ac7\u0a95\u0acd\u0ab0\u0ac7\u0a9f\u0ab0\u0ac0 \u0aa4\u0ab0\u0ac0\u0a95\u0ac7 \u0aac\u0ac7 \u0ab5\u0a96\u0aa4 \u0a95\u0abe\u0aae \u0a95\u0ab0\u0acd\u0aaf\u0ac1 \u0a9b\u0ac7. \u0aa4\u0ac7\u0aae\u0aa8\u0ac0 \u0a86 \u0a95\u0acd\u0ab0\u0abf\u0a95\u0ac7\u0a9f \u0a9c\u0a97\u0aa4 \u0a96\u0abe\u0aa4\u0ac7\u0aa8\u0ac0 \u0ab8\u0ac1\u0ab5\u0ab0\u0acd\u0aa3 \u0aaf\u0abe\u0aa4\u0acd\u0ab0\u0abe\u0aa8\u0ac0 \u0aaf\u0abe\u0aa6\u0ac0 \u0ab0\u0ac2\u0aaa\u0ac7 \u0aaa\u0ac2\u0ab0\u0abe \u0a8f\u0ab8\u0acb. \u0aa6\u0acd\u0ab5\u0abe\u0ab0\u0abe \u0a86\u0a9c\u0ac7 \u0a86 \u0a97\u0acc\u0ab0\u0ab5\u0aad\u0ab0\u0acd\u0aaf\u0acb \u0aa8\u0abf\u0ab0\u0acd\u0aa3\u0aaf \u0ab2\u0ac7\u0ab5\u0abe\u0aae\u0abe\u0a82 \u0a86\u0ab5\u0acd\u0aaf\u0acb \u0a9b\u0ac7 \u0a85\u0aa8\u0ac7 \u0aa8\u0abe\u0aae\u0a95\u0ab0\u0aa3\u0aa8\u0acb \u0aa0\u0ab0\u0abe\u0ab5 \u0a95\u0ab0\u0abe\u0aa4\u0abe \u0aaa\u0ac2\u0ab0\u0abe \u0ab8\u0acc\u0ab0\u0abe\u0ab7\u0acd\u0a9f\u0acd\u0ab0\u0aa8\u0abe \u0a9c\u0ac1\u0aa6\u0abe \u0a9c\u0ac1\u0aa6\u0abe \u0a95\u0acd\u0ab0\u0abf\u0a95\u0ac7\u0a9f \u0a8f\u0ab8\u0acb.\u0aae\u0abe\u0a82 \u0a96\u0ac1\u0ab6\u0ac0\u0aa8\u0ac0 \u0ab2\u0abe\u0a97\u0aa3\u0ac0 \u0a9b\u0ab5\u0abe\u0a87 \u0a97\u0a87 \u0a9b\u0ac7."}], "likes": 0, "model-index": null, "config": {"architectures": ["BertForSequenceClassification"], "model_type": "bert", "tokenizer_config": {"cls_token": "[CLS]", "mask_token": "[MASK]", "pad_token": "[PAD]", "sep_token": "[SEP]", "unk_token": "[UNK]"}}, "cardData": {"license": "cc-by-4.0", "language": ["gu"], "tags": ["bert"], "datasets": ["L3Cube-IndicNews"], "widget": [{"text": "\u0a9c\u0ac7\u0ab2\u0aae\u0abe\u0a82 \u0aac\u0a82\u0aa7 \u0a97\u0ac7\u0a82\u0a97\u0ab8\u0acd\u0a9f\u0ab0 \u0ab8\u0ac1\u0a95\u0ac7\u0ab6 \u0a9a\u0a82\u0aa6\u0acd\u0ab0\u0ab6\u0ac7\u0a96\u0ab0\u0ac7 \u0aab\u0ab0\u0ac0 \u0a8f\u0a95\u0ab5\u0abe\u0ab0 \u0aac\u0acb\u0ab2\u0abf\u0ab5\u0ac2\u0aa1 \u0a85\u0aad\u0abf\u0aa8\u0ac7\u0aa4\u0acd\u0ab0\u0ac0 \u0a9c\u0ac7\u0a95\u0ab2\u0ac0\u0aa8 \u0aab\u0ab0\u0acd\u0aa8\u0abe\u0aa8\u0acd\u0aa1\u0abf\u0ab8\u0aa8\u0ac7 \u0aaf\u0abe\u0aa6 \u0a95\u0ab0\u0ac0 \u0a9b\u0ac7. \u0ab8\u0ac1\u0a95\u0ac7\u0ab6 \u0a9a\u0a82\u0aa6\u0acd\u0ab0\u0ab6\u0ac7\u0a96\u0ab0\u0ac7 \u0a9c\u0ac7\u0ab2\u0aae\u0abe\u0a82\u0aa5\u0ac0 \u0a9c \u0a8f\u0a95 \u0aaa\u0aa4\u0acd\u0ab0 \u0ab2\u0a96\u0acd\u0aaf\u0acb \u0a9b\u0ac7. \u0aa4\u0ab8\u0ab5\u0ac0\u0ab0 \u0ab8\u0acb\u0ab6\u0abf\u0aaf\u0ab2 \u0aae\u0ac0\u0aa1\u0abf\u0aaf\u0abe\u0a9c\u0ac7\u0ab2\u0aae\u0abe\u0a82 \u0aac\u0a82\u0aa7 \u0a97\u0ac7\u0a82\u0a97\u0ab8\u0acd\u0a9f\u0ab0 \u0ab8\u0ac1\u0a95\u0ac7\u0ab6 \u0a9a\u0a82\u0aa6\u0acd\u0ab0\u0ab6\u0ac7\u0a96\u0ab0\u0ac7 \u0aab\u0ab0\u0ac0 \u0a8f\u0a95\u0ab5\u0abe\u0ab0 \u0aac\u0acb\u0ab2\u0abf\u0ab5\u0ac2\u0aa1 \u0a85\u0aad\u0abf\u0aa8\u0ac7\u0aa4\u0acd\u0ab0\u0ac0 \u0a9c\u0ac7\u0a95\u0ab2\u0ac0\u0aa8 \u0aab\u0ab0\u0acd\u0aa8\u0abe\u0aa8\u0acd\u0aa1\u0abf\u0ab8\u0aa8\u0ac7 \u0aaf\u0abe\u0aa6 \u0a95\u0ab0\u0ac0 \u0a9b\u0ac7. \u0ab8\u0ac1\u0a95\u0ac7\u0ab6 \u0a9a\u0a82\u0aa6\u0acd\u0ab0\u0ab6\u0ac7\u0a96\u0ab0\u0ac7 \u0a9c\u0ac7\u0ab2\u0aae\u0abe\u0a82\u0aa5\u0ac0 \u0a9c \u0a8f\u0a95 \u0aaa\u0aa4\u0acd\u0ab0 \u0ab2\u0a96\u0acd\u0aaf\u0acb \u0a9b\u0ac7, \u0a9c\u0ac7\u0aae\u0abe\u0a82 \u0aa4\u0ac7\u0aa3\u0ac7 \u0a85\u0aad\u0abf\u0aa8\u0ac7\u0aa4\u0acd\u0ab0\u0ac0\u0aa8\u0ac7 \u0aac\u0ac7\u0aac\u0ac0 \u0a95\u0ab9\u0ac0\u0aa8\u0ac7 \u0ab8\u0a82\u0aac\u0acb\u0aa7\u0ac0 \u0a9b\u0ac7. \u0a86 \u0aaa\u0ab9\u0ac7\u0ab2\u0abe \u0aaa\u0aa3 \u0ab8\u0ac1\u0a95\u0ac7\u0ab6 \u0a9a\u0a82\u0aa6\u0acd\u0ab0\u0ab6\u0ac7\u0a96\u0ab0\u0ac7 \u0aaa\u0acb\u0aa4\u0abe\u0aa8\u0abe \u0aaa\u0aa4\u0acd\u0ab0\u0acb\u0aae\u0abe\u0a82 \u0a9c\u0ac7\u0a95\u0ab2\u0ac0\u0aa8\u0aa8\u0acb \u0a89\u0ab2\u0acd\u0ab2\u0ac7\u0a96 \u0a95\u0ab0\u0ac0 \u0a9a\u0ac1\u0a95\u0acd\u0aaf\u0acb \u0a9b\u0ac7 \u0a85\u0aa8\u0ac7 \u0aa4\u0ac7\u0aa8\u0ac7 \u0aa4\u0aa8\u0ac7 \u0aaa\u0acd\u0ab0\u0ac7\u0aae \u0a95\u0ab0\u0aa4\u0acb \u0ab9\u0acb\u0ab5\u0abe\u0aa8\u0ac1\u0a82 \u0aaa\u0aa3 \u0a95\u0ab9\u0acd\u0aaf\u0ac1\u0a82 \u0ab9\u0aa4\u0ac1\u0a82. \u0ab8\u0ac1\u0a95\u0ac7\u0ab6 \u0a9a\u0a82\u0aa6\u0acd\u0ab0\u0ab6\u0ac7\u0a96\u0ab0 \u0aa6\u0abf\u0ab2\u0acd\u0ab9\u0ac0\u0aa8\u0ac0 \u0aa4\u0abf\u0ab9\u0abe\u0ab0 \u0a9c\u0ac7\u0ab2\u0aae\u0abe\u0a82 \u0aac\u0a82\u0aa7 \u0a9b\u0ac7 \u0a85\u0aa8\u0ac7 \u0aa4\u0ac7\u0aa8\u0abe \u0aaa\u0ab0 200 \u0a95\u0ab0\u0acb\u0aa1\u0aa8\u0ac0 \u0aae\u0aa8\u0ac0 \u0ab2\u0acb\u0aa8\u0acd\u0aa1\u0ab0\u0abf\u0a82\u0a97\u0aa8\u0acb \u0a95\u0ac7\u0ab8 \u0aa8\u0acb\u0a82\u0aa7\u0abe\u0aaf\u0ac7\u0ab2\u0acb \u0a9b\u0ac7. \u0a86 \u0aae\u0abe\u0aae\u0ab2\u0abe\u0aae\u0abe\u0a82 \u0a9c\u0ac7\u0a95\u0ab2\u0ac0\u0aa8 \u0aab\u0ab0\u0acd\u0aa8\u0abe\u0aa8\u0acd\u0aa1\u0abf\u0ab8\u0aa5\u0ac0 \u0ab2\u0a88\u0aa8\u0ac7 \u0a98\u0aa3\u0ac0 \u0a85\u0aad\u0abf\u0aa8\u0ac7\u0aa4\u0acd\u0ab0\u0ac0\u0a93\u0aa8\u0abe \u0aa8\u0abe\u0aae \u0ab8\u0abe\u0aae\u0ac7 \u0a86\u0ab5\u0acd\u0aaf\u0abe \u0ab9\u0aa4\u0abe. \u0aa4\u0aaa\u0abe\u0ab8 \u0a8f\u0a9c\u0aa8\u0acd\u0ab8\u0ac0 \u0aa6\u0acd\u0ab5\u0abe\u0ab0\u0abe \u0a9c\u0ac7\u0a95\u0ab2\u0ac0\u0aa8\u0aa8\u0ac0 \u0a85\u0aa8\u0ac7\u0a95\u0ab5\u0abe\u0ab0 \u0aaa\u0ac2\u0a9b\u0aaa\u0ab0\u0a9b \u0aaa\u0aa3 \u0a95\u0ab0\u0ab5\u0abe\u0aae\u0abe\u0a82 \u0a86\u0ab5\u0ac0 \u0a9b\u0ac7.\u0ab8\u0ac1\u0a95\u0ac7\u0ab6 \u0a9a\u0a82\u0aa6\u0acd\u0ab0\u0ab6\u0ac7\u0a96\u0ab0\u0ac7 \u0a86 \u0aaa\u0aa4\u0acd\u0ab0 \u0aa4\u0ac7\u0aae\u0aa8\u0abe \u0a9c\u0aa8\u0acd\u0aae\u0aa6\u0abf\u0ab5\u0ab8 25 \u0aae\u0abe\u0ab0\u0acd\u0a9a\u0ac7 \u0ab2\u0a96\u0acd\u0aaf\u0acb \u0ab9\u0aa4\u0acb. \u0ab8\u0ac1\u0a95\u0ac7\u0ab6 \u0a9a\u0a82\u0aa6\u0acd\u0ab0\u0ab6\u0ac7\u0a96\u0ab0\u0ac7 \u0aaa\u0aa4\u0acd\u0ab0\u0aae\u0abe\u0a82 \u0aa4\u0ac7\u0aa3\u0ac7 \u0a9c\u0ac7\u0a95\u0ab2\u0ac0\u0aa8\u0aa8\u0ac7 \u0aac\u0ac7\u0aac\u0ac0 \u0a97\u0aa3\u0abe\u0ab5\u0ac0 \u0ab9\u0aa4\u0ac0 \u0a85\u0aa8\u0ac7 \u0ab2\u0a96\u0acd\u0aaf\u0ac1\u0a82 \u0ab9\u0aa4\u0ac1\u0a82 \u0a95\u0ac7, \u0aa4\u0ac7 \u0aa4\u0ac7\u0aa8\u0ac7 \u0aae\u0abf\u0ab8 \u0a95\u0ab0\u0ac0 \u0ab0\u0ab9\u0acd\u0aaf\u0acb \u0a9b\u0ac7. \u0aa0\u0a97\u0ac7 \u0ab2\u0a96\u0acd\u0aaf\u0ac1\u0a82 \u0a9b\u0ac7 \u0a95\u0ac7, \u0aa4\u0ac7\u0aa8\u0acb \u0aaa\u0acd\u0ab0\u0ac7\u0aae \u0aa4\u0ac7\u0aa8\u0acb \u0a9c\u0aa8\u0acd\u0aae\u0aa6\u0abf\u0ab5\u0ab8 \u0a9b\u0ac7.\u0ab8\u0ac1\u0a95\u0ac7\u0ab6\u0ac7 \u0ab2\u0a96\u0acd\u0aaf\u0ac1\u0a82 \u0a95\u0ac7- \u0ab9\u0aa4\u0ac1\u0a82 \u0a95\u0ac7 , \u0aae\u0abe\u0ab0\u0abe \u0aac\u0acb\u0aae\u0acd\u0aae\u0abe, \u0aae\u0abe\u0ab0\u0abe \u0a9c\u0aa8\u0acd\u0aae\u0aa6\u0abf\u0ab5\u0ab8 \u0aaa\u0ab0 \u0ab9\u0ac1\u0a82 \u0aa4\u0aa8\u0ac7 \u0a96\u0ac2\u0aac \u0a9c \u0aaf\u0abe\u0aa6 \u0a95\u0ab0\u0ac1\u0a82 \u0a9b\u0ac1\u0a82. \u0ab9\u0ac1\u0a82 \u0aae\u0abe\u0ab0\u0ac0 \u0a86\u0ab8\u0aaa\u0abe\u0ab8 \u0aa4\u0abe\u0ab0\u0ac0 \u0a8a\u0ab0\u0acd\u0a9c\u0abe \u0a85\u0aa8\u0ac1\u0aad\u0ab5\u0ac1\u0a82 \u0a9b\u0ac1\u0a82. \u0aae\u0abe\u0ab0\u0ac0 \u0aaa\u0abe\u0ab8\u0ac7 \u0a95\u0acb\u0a88 \u0ab6\u0aac\u0acd\u0aa6\u0acb \u0aa8\u0aa5\u0ac0, \u0aaa\u0ab0\u0a82\u0aa4\u0ac1 \u0ab9\u0ac1\u0a82 \u0a9c\u0abe\u0aa3\u0ac1\u0a82 \u0a9b\u0ac1\u0a82 \u0a95\u0ac7 \u0aae\u0abe\u0ab0\u0abe \u0aae\u0abe\u0a9f\u0ac7\u0aa8\u0acb \u0aa4\u0abe\u0ab0\u0acb \u0aaa\u0acd\u0ab0\u0ac7\u0aae \u0a95\u0acd\u0aaf\u0abe\u0ab0\u0ac7\u0aaf \u0ab8\u0aae\u0abe\u0aaa\u0acd\u0aa4 \u0aa8\u0ab9\u0ac0\u0a82 \u0aa5\u0abe\u0aaf. \u0ab9\u0ac1\u0a82 \u0a9c\u0abe\u0aa3\u0ac1\u0a82 \u0a9b\u0ac1\u0a82 \u0a95\u0ac7, \u0aa4\u0abe\u0ab0\u0abe \u0ab8\u0ac1\u0a82\u0aa6\u0ab0 \u0ab9\u0ac3\u0aa6\u0aaf\u0aae\u0abe\u0a82 \u0ab6\u0ac1\u0a82 \u0a9b\u0ac7. \u0aae\u0aa8\u0ac7 \u0aaa\u0ac1\u0ab0\u0abe\u0ab5\u0abe\u0aa8\u0ac0 \u0a9c\u0ab0\u0ac2\u0ab0 \u0aa8\u0aa5\u0ac0 \u0a85\u0aa8\u0ac7 \u0aae\u0abe\u0ab0\u0abe \u0aae\u0abe\u0a9f\u0ac7 \u0a9c\u0ac7 \u0aae\u0ab9\u0aa4\u0acd\u0ab5\u0aa8\u0ac1\u0a82 \u0a9b\u0ac7 \u0aa4\u0ac7 \u0aa4\u0abe\u0ab0\u0acb \u0aaa\u0acd\u0ab0\u0ac7\u0aae \u0a9b\u0ac7, \u0aac\u0ac7\u0aac\u0ac0. - \u0ab8\u0ac1\u0a95\u0ac7\u0ab6 \u0a9a\u0a82\u0aa6\u0acd\u0ab0\u0ab6\u0ac7\u0a96\u0ab0\u0aa0\u0a97 \u0ab8\u0ac1\u0a95\u0ac7\u0ab6\u0ac7 \u0a95\u0ab0\u0acd\u0aaf\u0acb \u0aa6\u0abe\u0ab5\u0acb\u0aa4\u0ac7\u0aa8\u0abe \u0a9c\u0aa8\u0acd\u0aae\u0aa6\u0abf\u0ab5\u0ab8\u0aa8\u0ac0 \u0aa8\u0acb\u0a82\u0aa7\u0aae\u0abe\u0a82, \u0ab8\u0ac1\u0a95\u0ac7\u0ab6\u0ac7 \u0aa6\u0abe\u0ab5\u0acb \u0a95\u0ab0\u0acd\u0aaf\u0acb \u0ab9\u0aa4\u0acb \u0a95\u0ac7, \u0aa4\u0ac7\u0aa8\u0abe \u0a98\u0aa3\u0abe \u0a9a\u0abe\u0ab9\u0a95\u0acb \u0a9b\u0ac7 \u0a9c\u0ac7 \u0aa4\u0ac7\u0aa8\u0ac7 \u0aaa\u0aa4\u0acd\u0ab0 \u0ab2\u0a96\u0ac7 \u0a9b\u0ac7. \u0aa4\u0ac7\u0aa8\u0abe \u0a9c\u0aa8\u0acd\u0aae\u0aa6\u0abf\u0ab5\u0ab8 \u0aa8\u0abf\u0aae\u0abf\u0aa4\u0acd\u0aa4\u0ac7 \u0aa4\u0ac7\u0aae\u0aa8\u0ac7 \u0ab8\u0ac7\u0a82\u0a95\u0aa1\u0acb \u0aaa\u0aa4\u0acd\u0ab0\u0acb \u0aae\u0ab3\u0acd\u0aaf\u0abe \u0a9b\u0ac7. \u0a9c\u0ac7\u0a95\u0ab2\u0ac0\u0aa8\u0aa8\u0ac0 \u0ab8\u0abe\u0aa5\u0ac7 \u0aae\u0ab9\u0abe\u0aa0\u0a97\u0ac7 \u0aa4\u0ac7\u0aa8\u0abe \u0a9a\u0abe\u0ab9\u0a95\u0acb \u0a85\u0aa8\u0ac7 \u0aae\u0abf\u0aa4\u0acd\u0ab0\u0acb\u0aa8\u0acb \u0aaa\u0aa3 \u0a86\u0aad\u0abe\u0ab0 \u0aae\u0abe\u0aa8\u0acd\u0aaf\u0acb \u0ab9\u0aa4\u0acb.\u0ab8\u0ac1\u0a95\u0ac7\u0ab6\u0ac7 \u0a86\u0a97\u0ab3 \u0ab2\u0a96\u0acd\u0aaf\u0ac1\u0a82- \u0aa4\u0ac1 \u0a9c\u0abe\u0aa3\u0ac7 \u0a9b\u0ac7 \u0aa8\u0ac7, \u0aad\u0ab2\u0ac7 \u0a97\u0aae\u0ac7 \u0aa4\u0ac7 \u0aa5\u0a88 \u0a9c\u0abe\u0aaf, \u0ab9\u0ac1\u0a82 \u0ab9\u0a82\u0aae\u0ac7\u0ab6\u0abe \u0aa4\u0abe\u0ab0\u0abe \u0aae\u0abe\u0a9f\u0ac7 \u0a89\u0aad\u0acb \u0ab0\u0ab9\u0acd\u0aaf\u0acb \u0a9b\u0ac1\u0a82. \u0ab2\u0ab5 \u0aaf\u0ac1 \u0aae\u0abe\u0aaf \u0aac\u0ac7\u0aac\u0ac0, \u0aae\u0aa8\u0ac7 \u0aa4\u0abe\u0ab0\u0ac1\u0a82 \u0aa6\u0abf\u0ab2 \u0a86\u0aaa\u0ab5\u0abe \u0aac\u0aa6\u0ab2 \u0a86\u0aad\u0abe\u0ab0. \u0aae\u0abe\u0ab0\u0abe \u0a9c\u0aa8\u0acd\u0aae\u0aa6\u0abf\u0ab5\u0ab8\u0aa8\u0ac0 \u0ab6\u0ac1\u0aad\u0ac7\u0a9a\u0acd\u0a9b\u0abe\u0a93 \u0aae\u0abe\u0a9f\u0ac7 \u0ab9\u0ac1\u0a82 \u0aae\u0abe\u0ab0\u0abe \u0aac\u0aa7\u0abe \u0ab8\u0aae\u0ab0\u0acd\u0aa5\u0a95\u0acb \u0a85\u0aa8\u0ac7 \u0aae\u0abf\u0aa4\u0acd\u0ab0\u0acb\u0aa8\u0acb \u0aaa\u0aa3 \u0a86\u0aad\u0abe\u0ab0 \u0aae\u0abe\u0aa8\u0ac1\u0a82 \u0a9b\u0ac1\u0a82. \u0aae\u0aa8\u0ac7 \u0ab8\u0ac7\u0a82\u0a95\u0aa1\u0acb \u0aaa\u0aa4\u0acd\u0ab0\u0acb \u0aae\u0ab3\u0acd\u0aaf\u0abe \u0a9b\u0ac7, \u0a85\u0aad\u0abf\u0aa8\u0a82\u0aa6\u0aa8. \u0ab9\u0ac1\u0a82 \u0aa7\u0aa8\u0acd\u0aaf \u0a85\u0aa8\u0ac1\u0aad\u0ab5\u0ac1\u0a82 \u0a9b\u0ac1\u0a82, \u0a86\u0aad\u0abe\u0ab0. - \u0ab8\u0ac1\u0a95\u0ac7\u0ab6 \u0a9a\u0a82\u0aa6\u0acd\u0ab0\u0ab6\u0ac7\u0a96\u0ab0\u0ab9\u0acb\u0ab3\u0ac0 \u0aaa\u0ab0 \u0aaa\u0aa3 \u0ab2\u0a96\u0ab5\u0abe\u0aae\u0abe\u0a82 \u0a86\u0ab5\u0acd\u0aaf\u0acb \u0ab9\u0aa4\u0acb \u0aaa\u0aa4\u0acd\u0ab0\u0a89\u0ab2\u0acd\u0ab2\u0ac7\u0a96\u0aa8\u0ac0\u0aaf \u0a9b\u0ac7 \u0a95\u0ac7, \u0a86 \u0aaa\u0ab9\u0ac7\u0ab2\u0abe \u0ab8\u0ac1\u0a95\u0ac7\u0ab6\u0ac7 \u0ab9\u0acb\u0ab3\u0ac0\u0aa8\u0abe \u0aa4\u0ab9\u0ac7\u0ab5\u0abe\u0ab0\u0ac7 \u0aaa\u0aa3 \u0a8f\u0a95 \u0aaa\u0aa4\u0acd\u0ab0 \u0ab2\u0a96\u0acd\u0aaf\u0acb \u0ab9\u0aa4\u0acb. \u0a86 \u0aaa\u0aa4\u0acd\u0ab0\u0aae\u0abe\u0a82 \u0a9c\u0ac7\u0a95\u0acd\u0ab2\u0ac0\u0aa8\u0aa8\u0acb \u0a89\u0ab2\u0acd\u0ab2\u0ac7\u0a96 \u0a95\u0ab0\u0ac0\u0aa8\u0ac7 \u0aa4\u0ac7\u0aa3\u0ac7 \u0a95\u0ab9\u0acd\u0aaf\u0ac1\u0a82 \u0ab9\u0aa4\u0ac1\u0a82 \u0a95\u0ac7, \u0aae\u0abe\u0ab0\u0ac0 \u0ab8\u0ac1\u0a82\u0aa6\u0ab0 \u0a9c\u0ac7\u0a95\u0ab2\u0ac0\u0aa8\u0aa8\u0ac7 \u0ab9\u0acb\u0ab3\u0ac0\u0aa8\u0ac0 \u0ab6\u0ac1\u0aad\u0ac7\u0a9a\u0acd\u0a9b\u0abe. \u0aa4\u0ac7\u0aa3\u0ac7 \u0aa4\u0ac7\u0aa8\u0abe \u0a9c\u0ac0\u0ab5\u0aa8\u0aae\u0abe\u0a82 \u0aa4\u0aae\u0abe\u0aae \u0ab0\u0a82\u0a97\u0acb\u0aa8\u0ac7 \u0aae\u0abf\u0ab6\u0acd\u0ab0\u0abf\u0aa4 \u0a95\u0ab0\u0acd\u0aaf\u0abe \u0a9b\u0ac7. \u0ab9\u0ac1\u0a82 \u0ab5\u0a9a\u0aa8 \u0a86\u0aaa\u0ac1\u0a82 \u0a9b\u0ac1\u0a82 \u0a95\u0ac7, \u0ab9\u0ac1\u0a82 \u0aa4\u0ac7\u0aa8\u0ac7 \u0aac\u0aa7\u0ac0 \u0a96\u0ac1\u0ab6\u0ac0\u0a93 \u0a86\u0aaa\u0ac0\u0ab6.\u0a9c\u0ac7\u0a95\u0ab2\u0ac0\u0aa8 \u0aab\u0ab0\u0acd\u0aa8\u0abe\u0aa8\u0acd\u0aa1\u0abf\u0ab8 \u0aaa\u0ab0 \u0ab6\u0ac1\u0a82 \u0a9b\u0ac7 \u0a86\u0ab0\u0acb\u0aaa?\u0aa8\u0acb\u0a82\u0aa7\u0aaa\u0abe\u0aa4\u0acd\u0ab0 \u0ab0\u0ac0\u0aa4\u0ac7, \u0a9c\u0ac7\u0a95\u0ab2\u0ac0\u0aa8 \u0aab\u0ab0\u0acd\u0aa8\u0abe\u0aa8\u0acd\u0aa1\u0abf\u0ab8 \u0aaa\u0ab0 \u0a86\u0ab0\u0acb\u0aaa \u0a9b\u0ac7 \u0a95\u0ac7, \u0aa4\u0ac7 \u0aa4\u0aae\u0abe\u0aae \u0ab8\u0aa4\u0acd\u0aaf \u0a9c\u0abe\u0aa3\u0aa4\u0ac0 \u0ab9\u0acb\u0ab5\u0abe \u0a9b\u0aa4\u0abe\u0a82 \u0ab8\u0ac1\u0a95\u0ac7\u0ab6 \u0a9a\u0a82\u0aa6\u0acd\u0ab0\u0ab6\u0ac7\u0a96\u0ab0\u0aa8\u0abe \u0ab8\u0a82\u0aaa\u0ab0\u0acd\u0a95\u0aae\u0abe\u0a82 \u0ab9\u0aa4\u0ac0. \u0aa4\u0ac7\u0aa3\u0ac7 \u0aa4\u0ac7\u0aa8\u0ac0 \u0aaa\u0abe\u0ab8\u0ac7\u0aa5\u0ac0 \u0a98\u0aa3\u0ac0 \u0aae\u0acb\u0a82\u0a98\u0ac0 \u0aad\u0ac7\u0a9f \u0ab2\u0ac0\u0aa7\u0ac0 \u0ab9\u0aa4\u0ac0. \u0aac\u0a82\u0aa8\u0ac7 \u0ab5\u0a9a\u0acd\u0a9a\u0ac7 \u0a85\u0aab\u0ac7\u0ab0 \u0ab9\u0acb\u0ab5\u0abe\u0aa8\u0ac0 \u0ab5\u0abe\u0aa4 \u0aaa\u0aa3 \u0ab8\u0abe\u0aae\u0ac7 \u0a86\u0ab5\u0ac0 \u0ab9\u0aa4\u0ac0. \u0a86 \u0a95\u0ac7\u0ab8\u0aae\u0abe\u0a82 \u0aa8\u0acb\u0ab0\u0abe \u0aab\u0aa4\u0ac7\u0ab9\u0ac0\u0aa8\u0ac0 \u0aaa\u0aa3 \u0aaa\u0ac2\u0a9b\u0aaa\u0ab0\u0a9b \u0a95\u0ab0\u0ab5\u0abe\u0aae\u0abe\u0a82 \u0a86\u0ab5\u0ac0 \u0ab9\u0aa4\u0ac0."}, {"text": "\u0ab8\u0acc\u0ab0\u0abe\u0ab7\u0acd\u0a9f\u0acd\u0ab0 \u0a95\u0acd\u0ab0\u0abf\u0a95\u0ac7\u0a9f \u0a8f\u0ab8\u0acb\u0ab8\u0ac0\u0a8f\u0ab6\u0aa8\u0aa8\u0ac0 \u0a8f\u0a9c\u0ac0\u0a8f\u0aae \u0a96\u0a82\u0aa2\u0ac7\u0ab0\u0ac0 \u0aa8\u0a9c\u0ac0\u0a95\u0aa8\u0abe \u0a86\u0aa7\u0ac1\u0aa8\u0abf\u0a95 \u0a95\u0acd\u0ab0\u0abf\u0a95\u0ac7\u0a9f \u0ab8\u0acd\u0a9f\u0ac7\u0aa1\u0ac0\u0aaf\u0aae \u0a96\u0abe\u0aa4\u0ac7 \u0aae\u0ab3\u0ac0 \u0ab9\u0aa4\u0ac0 \u0a9c\u0ac7\u0aae\u0abe\u0a82 \u0ab8\u0acc\u0ab0\u0abe\u0ab7\u0acd\u0a9f\u0acd\u0ab0-\u0a95\u0a9a\u0acd\u0a9b\u0aa8\u0abe \u0aa4\u0aae\u0abe\u0aae \u0a95\u0acd\u0ab0\u0abf\u0a95\u0ac7\u0a9f \u0a8f\u0ab8\u0acb\u0ab8\u0ac0\u0a8f\u0ab6\u0aa8\u0aa8\u0abe \u0ab8\u0aad\u0acd\u0aaf, \u0a97\u0ab5\u0ab0\u0acd\u0aa8\u0ac0\u0a97 \u0a95\u0aae\u0ac0\u0a9f\u0ac0\u0aa8\u0abe \u0ab9\u0acb\u0aa6\u0acd\u0aa6\u0ac7\u0aa6\u0abe\u0ab0\u0acb \u0a85\u0aa8\u0ac7 \u0ab8\u0aa6\u0ab8\u0acd\u0aaf\u0acb \u0a89\u0aaa\u0ab8\u0acd\u0aa5\u0abf\u0aa4 \u0ab0\u0ab9\u0acd\u0aaf\u0abe \u0ab9\u0aa4\u0abe. \u0aab\u0abe\u0a88\u0ab2 \u0aa4\u0ab8\u0ab5\u0ac0\u0ab0Rajkot Cricket Stadium Name Change: \u0a85\u0aae\u0aa6\u0abe\u0ab5\u0abe\u0aa6 \u0aac\u0abe\u0aa6 \u0ab0\u0abe\u0a9c\u0a95\u0acb\u0a9f \u0a96\u0a82\u0aa2\u0ac7\u0ab0\u0ac0 \u0ab8\u0acd\u0a9f\u0ac7\u0aa1\u0abf\u0aaf\u0aae\u0aa8\u0ac1\u0a82 \u0aa8\u0abe\u0aae \u0aac\u0aa6\u0ab2\u0ab5\u0abe\u0aae\u0abe\u0a82 \u0a86\u0ab5\u0acd\u0aaf\u0ac1\u0a82 \u0a9b\u0ac7. \u0a96\u0a82\u0aa2\u0ac7\u0ab0\u0ac0 \u0ab8\u0acd\u0a9f\u0ac7\u0aa1\u0abf\u0aaf\u0aae\u0aa8\u0ac7 \u0aa8\u0abf\u0a82\u0ab0\u0a9c\u0aa8 \u0ab6\u0abe\u0ab9 \u0ab8\u0acd\u0a9f\u0ac7\u0aa1\u0abf\u0aaf\u0aae \u0aa8\u0abe\u0aae \u0a86\u0aaa\u0ab5\u0abe\u0aae\u0abe\u0a82 \u0a86\u0ab5\u0acd\u0aaf\u0ac1\u0a82 \u0a9b\u0ac7. SCA \u0ab8\u0acd\u0a9f\u0ac7\u0aa1\u0abf\u0aaf\u0aae \u0ab9\u0ab5\u0ac7 \u0aa8\u0abf\u0ab0\u0a82\u0a9c\u0aa8 \u0ab6\u0abe\u0ab9 \u0aa8\u0abe\u0aae\u0aa5\u0ac0 \u0a93\u0ab3\u0a96\u0abe\u0ab6\u0ac7. 1987\u0aae\u0abe\u0a82 \u0aaa\u0ac7\u0ab9\u0ab2\u0ac0 \u0a86\u0a82\u0aa4\u0ab0\u0ab0\u0abe\u0ab7\u0acd\u0a9f\u0acd\u0ab0\u0ac0\u0aaf \u0ab5\u0aa8 \u0aa1\u0ac7 \u0aae\u0ac7\u0a9a \u0ab2\u0abe\u0ab5\u0ab5\u0abe\u0aae\u0abe\u0a82 \u0ab6\u0abe\u0ab9\u0aa8\u0ac0 \u0aae\u0ac1\u0a96\u0acd\u0aaf \u0aad\u0ac2\u0aae\u0abf\u0a95\u0abe \u0ab9\u0aa4\u0ac0. \u0a97\u0a88\u0a95\u0abe\u0ab2\u0ac7 \u0ab8\u0acb\u0ab0\u0abe\u0ab7\u0acd\u0a9f\u0acd\u0ab0 \u0a95\u0acd\u0ab0\u0abf\u0a95\u0ac7\u0a9f \u0a8f\u0ab8\u0ab8\u0abf\u0aaf\u0ac7\u0ab6\u0aa8 AGM\u0aa8\u0ac0 \u0aac\u0ac7\u0aa0\u0a95\u0aae\u0abe\u0a82 \u0aa8\u0abf\u0ab0\u0acd\u0aa3\u0aaf \u0ab2\u0ac7\u0ab5\u0abe\u0aae\u0abe\u0a82 \u0a86\u0ab5\u0acd\u0aaf\u0acb \u0ab9\u0aa4\u0acb. \u0aa8\u0abf\u0ab0\u0a82\u0a9c\u0aa8 \u0ab6\u0abe\u0ab9 2 \u0ab5\u0a96\u0aa4 BCCI \u0aa8\u0abe \u0ab8\u0ac7\u0a95\u0acd\u0ab0\u0ac7\u0a9f\u0ab0\u0ac0 \u0ab0\u0ab9\u0ac0 \u0a9a\u0ac2\u0a95\u0acd\u0aaf\u0abe \u0a9b\u0ac7 \u0a85\u0aa8\u0ac7 \u0aa4\u0ac7\u0aae\u0aa8\u0abe \u0a9c \u0aaa\u0acd\u0ab0\u0aaf\u0abe\u0ab8\u0acb\u0aa5\u0ac0 \u0a86 \u0aa8\u0ab5\u0ac1\u0a82 \u0ab8\u0acd\u0a9f\u0ac7\u0aa1\u0abf\u0aaf\u0aae \u0aac\u0aa8\u0abe\u0ab5\u0ab5\u0abe\u0aae\u0abe\u0a82 \u0a86\u0ab5\u0acd\u0aaf\u0ac1\u0a82 \u0a9b\u0ac7. \u0a9c\u0ac7 \u0ab2\u0acb\u0ab0\u0acd\u0aa1\u0acd\u0ab8\u0aa8\u0abe \u0aae\u0ac7\u0aa6\u0abe\u0aa8 \u0a9c\u0ac7\u0ab5\u0ac1\u0a82 \u0ab2\u0abe\u0a97\u0ac7 \u0a9b\u0ac7.\u0ab8\u0acc\u0ab0\u0abe\u0ab7\u0acd\u0a9f\u0acd\u0ab0 \u0a95\u0acd\u0ab0\u0abf\u0a95\u0ac7\u0a9f \u0a8f\u0ab8\u0acb\u0ab8\u0ac0\u0a8f\u0ab6\u0aa8\u0aa8\u0ac0 \u0a8f\u0a9c\u0ac0\u0a8f\u0aae \u0a96\u0a82\u0aa2\u0ac7\u0ab0\u0ac0 \u0aa8\u0a9c\u0ac0\u0a95\u0aa8\u0abe \u0a86\u0aa7\u0ac1\u0aa8\u0abf\u0a95 \u0a95\u0acd\u0ab0\u0abf\u0a95\u0ac7\u0a9f \u0ab8\u0acd\u0a9f\u0ac7\u0aa1\u0ac0\u0aaf\u0aae \u0a96\u0abe\u0aa4\u0ac7 \u0aae\u0ab3\u0ac0 \u0ab9\u0aa4\u0ac0 \u0a9c\u0ac7\u0aae\u0abe\u0a82 \u0ab8\u0acc\u0ab0\u0abe\u0ab7\u0acd\u0a9f\u0acd\u0ab0-\u0a95\u0a9a\u0acd\u0a9b\u0aa8\u0abe \u0aa4\u0aae\u0abe\u0aae \u0a95\u0acd\u0ab0\u0abf\u0a95\u0ac7\u0a9f \u0a8f\u0ab8\u0acb\u0ab8\u0ac0\u0a8f\u0ab6\u0aa8\u0aa8\u0abe \u0ab8\u0aad\u0acd\u0aaf, \u0a97\u0ab5\u0ab0\u0acd\u0aa8\u0ac0\u0a97 \u0a95\u0aae\u0ac0\u0a9f\u0ac0\u0aa8\u0abe \u0ab9\u0acb\u0aa6\u0acd\u0aa6\u0ac7\u0aa6\u0abe\u0ab0\u0acb \u0a85\u0aa8\u0ac7 \u0ab8\u0aa6\u0ab8\u0acd\u0aaf\u0acb \u0a89\u0aaa\u0ab8\u0acd\u0aa5\u0abf\u0aa4 \u0ab0\u0ab9\u0acd\u0aaf\u0abe \u0ab9\u0aa4\u0abe. \u0a86 \u0aac\u0ac7\u0aa0\u0a95\u0aae\u0abe\u0a82 \u0ab8\u0acc\u0ab0\u0abe\u0ab7\u0acd\u0a9f\u0acd\u0ab0 \u0a95\u0acd\u0ab0\u0abf\u0a95\u0ac7\u0a9f \u0a8f\u0ab8\u0acb. \u0ab8\u0a82\u0a9a\u0abe\u0ab2\u0ac0\u0aa4 \u0a86 \u0a95\u0acd\u0ab0\u0abf\u0a95\u0ac7\u0a9f \u0ab8\u0acd\u0a9f\u0ac7\u0aa1\u0ac0\u0aaf\u0aae\u0aa8\u0ac1\u0a82 \u0aa8\u0abe\u0aae\u0a95\u0ab0\u0aa3 \u2018\u0aa8\u0abf\u0ab0\u0a82\u0a9c\u0aa8 \u0ab6\u0abe\u0ab9\u2019 \u0a95\u0ab0\u0ab5\u0abe \u0aa8\u0abf\u0ab0\u0acd\u0aa3\u0aaf \u0ab2\u0ac7\u0ab5\u0abe\u0aae\u0abe\u0a82 \u0a86\u0ab5\u0acd\u0aaf\u0acb \u0ab9\u0aa4\u0acb. \u0ab9\u0ab5\u0ac7\u0aa5\u0ac0 \u0ab0\u0abe\u0a9c\u0a95\u0acb\u0a9f\u0aa8\u0ac1\u0a82 \u0a86\u0a82\u0aa4\u0ab0\u0ab0\u0abe\u0ab7\u0acd\u0a9f\u0acd\u0ab0\u0ac0\u0aaf \u0a95\u0acd\u0ab0\u0abf\u0a95\u0ac7\u0a9f \u0ab8\u0acd\u0a9f\u0ac7\u0aa1\u0ac0\u0aaf\u0aae \u2018\u0aa8\u0abf\u0ab0\u0a82\u0a9c\u0aa8 \u0ab6\u0abe\u0ab9\u2019 \u0ab8\u0acd\u0a9f\u0ac7\u0aa1\u0ac0\u0aaf\u0aae \u0aa4\u0ab0\u0ac0\u0a95\u0ac7 \u0a93\u0ab3\u0a96\u0abe\u0ab6\u0ac7. \u0ab0\u0abe\u0a9c\u0a95\u0acb\u0a9f \u0ab8\u0ab9\u0abf\u0aa4 \u0ab8\u0acc\u0ab0\u0abe\u0ab7\u0acd\u0a9f\u0acd\u0ab0\u0aa8\u0abe \u0a95\u0acd\u0ab0\u0abf\u0a95\u0ac7\u0a9f \u0a9c\u0a97\u0aa4\u0aae\u0abe\u0a82 \u0aa8\u0abf\u0ab0\u0a82\u0a9c\u0aa8\u0aad\u0abe\u0a87 \u0ab6\u0abe\u0ab9\u0aa8\u0ac1\u0a82 \u0aaa\u0abe\u0aaf\u0abe\u0aa5\u0ac0 \u0aaf\u0acb\u0a97\u0aa6\u0abe\u0aa8 \u0a9b\u0ac7.1987\u0aae\u0abe\u0a82 \u0ab8\u0acc \u0aaa\u0acd\u0ab0\u0aa5\u0aae \u0a86\u0a82\u0aa4\u0ab0\u0ab0\u0abe\u0ab7\u0acd\u0a9f\u0acd\u0ab0\u0ac0\u0aaf \u0ab5\u0aa8-\u0aa1\u0ac7 \u0aae\u0ac7\u0a9a \u0ab0\u0abe\u0a9c\u0a95\u0acb\u0a9f \u0ab2\u0abe\u0ab5\u0ab5\u0abe\u0aa8\u0acb \u0ab6\u0acd\u0ab0\u0ac7\u0aaf \u0aa8\u0abf\u0ab0\u0a82\u0a9c\u0aa8 \u0ab6\u0abe\u0ab9\u0aa8\u0ac7\u0aac\u0ac7 \u0aa6\u0abe\u0aaf\u0a95\u0abe \u0aaa\u0ab9\u0ac7\u0ab2\u0abe \u0aa4\u0aae\u0abe\u0aae \u0a86\u0a82\u0aa4\u0ab0\u0ab0\u0abe\u0ab7\u0acd\u0a9f\u0acd\u0ab0\u0ac0\u0aaf \u0aae\u0ac7\u0a9a \u0ab0\u0ac7\u0ab8\u0a95\u0acb\u0ab0\u0acd\u0ab7 \u0aae\u0ac7\u0aa6\u0abe\u0aa8\u0aae\u0abe\u0a82 \u0ab0\u0aae\u0abe\u0aa4\u0abe \u0ab9\u0aa4\u0abe. 1987\u0aae\u0abe\u0a82 \u0ab8\u0acc \u0aaa\u0ab9\u0ac7\u0ab2\u0acb \u0a86\u0a82\u0aa4\u0ab0\u0ab0\u0abe\u0ab7\u0acd\u0a9f\u0acd\u0ab0\u0ac0\u0aaf \u0ab5\u0aa8-\u0aa1\u0ac7 \u0aae\u0ac7\u0a9a \u0ab0\u0abe\u0a9c\u0a95\u0acb\u0a9f \u0ab2\u0abe\u0ab5\u0ab5\u0abe\u0aa8\u0acb \u0ab6\u0acd\u0ab0\u0ac7\u0aaf \u0aa8\u0abf\u0ab0\u0a82\u0a9c\u0aa8 \u0ab6\u0abe\u0ab9\u0aa8\u0ac7 \u0a9c\u0abe\u0aaf \u0a9b\u0ac7. \u0ab0\u0ac7\u0ab8\u0a95\u0acb\u0ab0\u0acd\u0ab7\u0aa5\u0ac0 \u0aae\u0abe\u0a82\u0aa1\u0ac0 \u0a96\u0a82\u0aa2\u0ac7\u0ab0\u0ac0 \u0aaa\u0abe\u0ab8\u0ac7\u0aa8\u0abe \u0a95\u0acd\u0ab0\u0abf\u0a95\u0ac7\u0a9f \u0ab8\u0acd\u0a9f\u0ac7\u0aa1\u0ac0\u0aaf\u0aae \u0ab8\u0ac1\u0aa7\u0ac0\u0aa8\u0ac0 \u0ab8\u0aab\u0ab0\u0aa8\u0abe \u0aa4\u0ac7\u0a93 \u0aae\u0ac1\u0a96\u0acd\u0aaf \u0ab8\u0abe\u0ab0\u0aa5\u0ac0 \u0aac\u0aa8\u0acd\u0aaf\u0abe \u0a9b\u0ac7. \u0ab0\u0ac7\u0ab8\u0a95\u0acb\u0ab0\u0acd\u0ab7\u0aa5\u0ac0 \u0aae\u0abe\u0a82\u0aa1\u0ac0 \u0ab9\u0ab5\u0ac7 \u0a96\u0a82\u0aa2\u0ac7\u0ab0\u0ac0 \u0aaa\u0abe\u0ab8\u0ac7\u0aa8\u0abe \u0a95\u0acd\u0ab0\u0abf\u0a95\u0ac7\u0a9f \u0ab8\u0acd\u0a9f\u0ac7\u0aa1\u0ac0\u0aaf\u0aae\u0aae\u0abe\u0a82 \u0a85\u0aa8\u0ac7\u0a95 \u0a95\u0acd\u0ab0\u0abf\u0a95\u0ac7\u0a9f \u0ab8\u0abf\u0aa4\u0abe\u0ab0\u0abe \u0aa4\u0ac8\u0aaf\u0abe\u0ab0 \u0aa5\u0aaf\u0abe \u0a9b\u0ac7 \u0a85\u0aa8\u0ac7 \u0ab9\u0a9c\u0ac1 \u0aa4\u0ac8\u0aaf\u0abe\u0ab0 \u0aa5\u0a87\u0aa8\u0ac7 \u0ab0\u0abe\u0ab7\u0acd\u0a9f\u0acd\u0ab0\u0ac0\u0aaf \u0a9f\u0ac0\u0aae\u0aae\u0abe\u0a82 \u0aaa\u0ab9\u0acb\u0a82\u0a9a\u0ac0 \u0ab0\u0ab9\u0acd\u0aaf\u0abe \u0a9b\u0ac7. \u0aa4\u0ac7\u0a93 \u0aae\u0abe\u0a9f\u0ac7\u0aa8\u0ac0 \u0ab8\u0ac1\u0ab5\u0abf\u0aa7\u0abe\u0aae\u0abe\u0a82 \u0aa8\u0abf\u0ab0\u0a82\u0a9c\u0aa8\u0aad\u0abe\u0a87 \u0ab6\u0abe\u0ab9 \u0ab8\u0aa4\u0aa4 \u0ab5\u0aa7\u0abe\u0ab0\u0acb \u0a95\u0ab0\u0aa4\u0abe \u0ab0\u0ab9\u0acd\u0aaf\u0abe \u0a9b\u0ac7. \u0a9b\u0ac7\u0ab2\u0acd\u0ab2\u0abe \u0ab5\u0ab0\u0acd\u0ab7\u0acb\u0aae\u0abe\u0a82 \u0ab0\u0aa3\u0a9c\u0ac0 \u0a9f\u0acd\u0ab0\u0acb\u0aab\u0ac0\u0aae\u0abe\u0a82 \u0ab8\u0acc\u0ab0\u0abe\u0ab7\u0acd\u0a9f\u0acd\u0ab0\u0aa8\u0ac0 \u0a9f\u0ac0\u0aae\u0ac7 \u0ab5\u0abf\u0a9c\u0aaf\u0ac0 \u0a9b\u0ab2\u0abe\u0a82\u0a97 \u0ab2\u0a97\u0abe\u0ab5\u0ac0 \u0a9b\u0ac7.\u0ab8\u0acc\u0ab0\u0abe\u0ab7\u0acd\u0a9f\u0acd\u0ab0 \u0ab8\u0acc\u0aaa\u0acd\u0ab0\u0aa5\u0aae \u0ab5\u0a96\u0aa4 \u0ab0\u0aa3\u0a9c\u0ac0 \u0a9f\u0acd\u0ab0\u0acb\u0aab\u0ac0 \u0a9a\u0ac7\u0aae\u0acd\u0aaa\u0ac0\u0aaf\u0aa8 \u0aac\u0aa8\u0acd\u0aaf\u0ac1 \u0ab9\u0aa4\u0ac1\u0a82. \u0ab9\u0abe\u0ab2 \u0a95\u0acd\u0ab0\u0abf\u0a95\u0ac7\u0a9f \u0ab5\u0abf\u0ab6\u0acd\u0ab5 \u0a95\u0aaa \u0a9a\u0abe\u0ab2\u0ac0 \u0ab0\u0ab9\u0acd\u0aaf\u0acb \u0a9b\u0ac7 \u0aa4\u0acd\u0aaf\u0abe\u0ab0\u0ac7 \u0a9c \u0a86 \u0ab8\u0acd\u0a9f\u0ac7\u0aa1\u0ac0\u0aaf\u0aae\u0aa8\u0ac1\u0a82 \u0aa8\u0abe\u0aae\u0a95\u0ab0\u0aa3 \u0aa5\u0aa4\u0abe \u0aaa\u0ac2\u0ab0\u0abe \u0aa6\u0ac7\u0ab6\u0aae\u0abe\u0a82\u0aa5\u0ac0 \u0a85\u0aad\u0abf\u0aa8\u0a82\u0aa6\u0aa8 \u0a85\u0aa8\u0ac7 \u0ab6\u0ac1\u0aad\u0ac7\u0a9a\u0acd\u0a9b\u0abe\u0aa8\u0acb \u0ab5\u0ab0\u0ab8\u0abe\u0aa6 \u0ab6\u0ab0\u0ac2 \u0aa5\u0aaf\u0acb \u0a9b\u0ac7. \u0aa8\u0abf\u0ab0\u0a82\u0a9c\u0aa8 \u0ab6\u0abe\u0ab9\u0ac7 \u0aaa\u0abe\u0a82\u0a9a \u0aa6\u0abe\u0aaf\u0a95\u0abe \u0ab8\u0ac1\u0aa7\u0ac0 \u0ab8\u0acc\u0ab0\u0abe\u0ab7\u0acd\u0a9f\u0acd\u0ab0 \u0a95\u0acd\u0ab0\u0abf\u0a95\u0ac7\u0a9f \u0a8f\u0ab8\u0acb.\u0aa8\u0abe \u0ab8\u0ac7\u0a95\u0acd\u0ab0\u0ac7\u0a9f\u0ab0\u0ac0 \u0aa4\u0ab0\u0ac0\u0a95\u0ac7 \u0ab8\u0ac7\u0ab5\u0abe \u0a86\u0aaa\u0ac0 \u0a9b\u0ac7. \u0aa4\u0acb \u0ab0\u0abe\u0a9c\u0a95\u0acb\u0a9f\u0aa8\u0abe \u0a97\u0acc\u0ab0\u0ab5\u0aa8\u0ac0 \u0a9c\u0ac7\u0aae \u0a95\u0acd\u0ab0\u0abf\u0a95\u0ac7\u0a9f \u0a95\u0a82\u0a9f\u0acd\u0ab0\u0acb\u0ab2 \u0aac\u0acb\u0ab0\u0acd\u0aa1 \u0a93\u0aab \u0a87\u0aa8\u0acd\u0aa1\u0ac0\u0aaf\u0abe (\u0aac\u0ac0\u0ab8\u0ac0\u0ab8\u0ac0\u0a86\u0a87)\u0aa8\u0abe \u0ab8\u0ac7\u0a95\u0acd\u0ab0\u0ac7\u0a9f\u0ab0\u0ac0 \u0aa4\u0ab0\u0ac0\u0a95\u0ac7 \u0aac\u0ac7 \u0ab5\u0a96\u0aa4 \u0a95\u0abe\u0aae \u0a95\u0ab0\u0acd\u0aaf\u0ac1 \u0a9b\u0ac7. \u0aa4\u0ac7\u0aae\u0aa8\u0ac0 \u0a86 \u0a95\u0acd\u0ab0\u0abf\u0a95\u0ac7\u0a9f \u0a9c\u0a97\u0aa4 \u0a96\u0abe\u0aa4\u0ac7\u0aa8\u0ac0 \u0ab8\u0ac1\u0ab5\u0ab0\u0acd\u0aa3 \u0aaf\u0abe\u0aa4\u0acd\u0ab0\u0abe\u0aa8\u0ac0 \u0aaf\u0abe\u0aa6\u0ac0 \u0ab0\u0ac2\u0aaa\u0ac7 \u0aaa\u0ac2\u0ab0\u0abe \u0a8f\u0ab8\u0acb. \u0aa6\u0acd\u0ab5\u0abe\u0ab0\u0abe \u0a86\u0a9c\u0ac7 \u0a86 \u0a97\u0acc\u0ab0\u0ab5\u0aad\u0ab0\u0acd\u0aaf\u0acb \u0aa8\u0abf\u0ab0\u0acd\u0aa3\u0aaf \u0ab2\u0ac7\u0ab5\u0abe\u0aae\u0abe\u0a82 \u0a86\u0ab5\u0acd\u0aaf\u0acb \u0a9b\u0ac7 \u0a85\u0aa8\u0ac7 \u0aa8\u0abe\u0aae\u0a95\u0ab0\u0aa3\u0aa8\u0acb \u0aa0\u0ab0\u0abe\u0ab5 \u0a95\u0ab0\u0abe\u0aa4\u0abe \u0aaa\u0ac2\u0ab0\u0abe \u0ab8\u0acc\u0ab0\u0abe\u0ab7\u0acd\u0a9f\u0acd\u0ab0\u0aa8\u0abe \u0a9c\u0ac1\u0aa6\u0abe \u0a9c\u0ac1\u0aa6\u0abe \u0a95\u0acd\u0ab0\u0abf\u0a95\u0ac7\u0a9f \u0a8f\u0ab8\u0acb.\u0aae\u0abe\u0a82 \u0a96\u0ac1\u0ab6\u0ac0\u0aa8\u0ac0 \u0ab2\u0abe\u0a97\u0aa3\u0ac0 \u0a9b\u0ab5\u0abe\u0a87 \u0a97\u0a87 \u0a9b\u0ac7."}]}, "transformersInfo": {"auto_model": "AutoModelForSequenceClassification", "pipeline_tag": "text-classification", "processor": "AutoTokenizer"}, "siblings": [{"rfilename": ".gitattributes"}, {"rfilename": "README.md"}, {"rfilename": "config.json"}, {"rfilename": "model.safetensors"}, {"rfilename": "special_tokens_map.json"}, {"rfilename": "tokenizer.json"}, {"rfilename": "tokenizer_config.json"}, {"rfilename": "vocab.txt"}], "spaces": [], "createdAt": "2024-01-04T06:33:29.000Z", "safetensors": {"parameters": {"F32": 237563914}, "total": 237563914}, "inferenceStatus": "not-loaded"}