{"_id": "6402eea0eec7c327548ee549", "id": "l3cube-pune/gujarati-sentence-bert-nli", "modelId": "l3cube-pune/gujarati-sentence-bert-nli", "author": "l3cube-pune", "sha": "c3935b3ea1eb4cf9d43800105b8d62f223004f44", "lastModified": "2023-06-11T14:57:45.000Z", "private": false, "disabled": false, "gated": false, "pipeline_tag": "sentence-similarity", "tags": ["sentence-transformers", "pytorch", "bert", "feature-extraction", "sentence-similarity", "transformers", "gu", "arxiv:2304.11434", "arxiv:2211.11187", "license:cc-by-4.0", "autotrain_compatible", "text-embeddings-inference", "endpoints_compatible", "region:us"], "downloads": 4, "library_name": "sentence-transformers", "mask_token": "[MASK]", "widgetData": [{"source_sentence": "\u0a8f\u0a95 \u0aae\u0abe\u0aa3\u0ab8 \u0aa6\u0acb\u0ab0\u0aa1\u0abe \u0aaa\u0ab0 \u0a9a\u0aa2\u0ac0 \u0ab0\u0ab9\u0acd\u0aaf\u0acb \u0a9b\u0ac7", "sentences": ["\u0a8f\u0a95 \u0aae\u0abe\u0aa3\u0ab8 \u0aa6\u0acb\u0ab0\u0aa1\u0abe \u0aaa\u0ab0 \u0a9a\u0aa2\u0ac7 \u0a9b\u0ac7", "\u0a8f\u0a95 \u0aae\u0abe\u0aa3\u0ab8 \u0aa6\u0abf\u0ab5\u0abe\u0ab2 \u0aaa\u0ab0 \u0a9a\u0aa2\u0ac0 \u0ab0\u0ab9\u0acd\u0aaf\u0acb \u0a9b\u0ac7", "\u0a8f\u0a95 \u0aae\u0abe\u0aa3\u0ab8 \u0ab5\u0abe\u0a82\u0ab8\u0ab3\u0ac0 \u0ab5\u0a97\u0abe\u0aa1\u0ac0 \u0ab0\u0ab9\u0acd\u0aaf\u0acb \u0a9b\u0ac7"], "example_title": "Example 1"}, {"source_sentence": "\u0a95\u0ac7\u0a9f\u0ab2\u0abe\u0a95 \u0ab2\u0acb\u0a95\u0acb \u0a97\u0abe\u0aa4\u0abe \u0ab9\u0acb\u0aaf \u0a9b\u0ac7", "sentences": ["\u0ab2\u0acb\u0a95\u0acb\u0aa8\u0ac1\u0a82 \u0a8f\u0a95 \u0a9c\u0ac2\u0aa5 \u0a97\u0abe\u0aaf \u0a9b\u0ac7", "\u0a8f\u0a95 \u0aac\u0abf\u0ab2\u0abe\u0aa1\u0ac0 \u0aa6\u0ac2\u0aa7 \u0aaa\u0ac0 \u0ab0\u0ab9\u0ac0 \u0a9b\u0ac7", "\u0aac\u0ac7 \u0aae\u0abe\u0aa3\u0ab8\u0acb \u0ab2\u0aa1\u0ac0 \u0ab0\u0ab9\u0acd\u0aaf\u0abe \u0a9b\u0ac7"], "example_title": "Example 2"}, {"source_sentence": "\u0ab9\u0ac1\u0a82 \u0aaa\u0ab9\u0ac7\u0ab2\u0ac0\u0ab5\u0abe\u0ab0 \u0ab5\u0abf\u0aae\u0abe\u0aa8\u0aae\u0abe\u0a82 \u0aac\u0ac7\u0aa0\u0acb", "sentences": ["\u0aa4\u0ac7 \u0aae\u0abe\u0ab0\u0ac0 \u0aaa\u0acd\u0ab0\u0aa5\u0aae \u0ab5\u0abf\u0aae\u0abe\u0aa8\u0aa8\u0ac0 \u0aae\u0ac1\u0ab8\u0abe\u0aab\u0ab0\u0ac0 \u0ab9\u0aa4\u0ac0", "\u0ab9\u0ac1\u0a82 \u0aaa\u0ab9\u0ac7\u0ab2\u0ac0\u0ab5\u0abe\u0ab0 \u0a9f\u0acd\u0ab0\u0ac7\u0aa8\u0aae\u0abe\u0a82 \u0aac\u0ac7\u0aa0\u0acb", "\u0aae\u0aa8\u0ac7 \u0aa8\u0ab5\u0ac0 \u0a9c\u0a97\u0acd\u0aaf\u0abe\u0a93 \u0aaa\u0ab0 \u0aab\u0ab0\u0ab5\u0abe\u0aa8\u0ac1\u0a82 \u0aaa\u0ab8\u0a82\u0aa6 \u0a9b\u0ac7"], "example_title": "Example 3"}], "likes": 1, "model-index": null, "config": {"architectures": ["BertModel"], "model_type": "bert", "tokenizer_config": {"cls_token": "[CLS]", "mask_token": "[MASK]", "pad_token": "[PAD]", "sep_token": "[SEP]", "unk_token": "[UNK]"}}, "cardData": {"pipeline_tag": "sentence-similarity", "tags": ["sentence-transformers", "feature-extraction", "sentence-similarity", "transformers"], "license": "cc-by-4.0", "language": "gu", "widget": [{"source_sentence": "\u0a8f\u0a95 \u0aae\u0abe\u0aa3\u0ab8 \u0aa6\u0acb\u0ab0\u0aa1\u0abe \u0aaa\u0ab0 \u0a9a\u0aa2\u0ac0 \u0ab0\u0ab9\u0acd\u0aaf\u0acb \u0a9b\u0ac7", "sentences": ["\u0a8f\u0a95 \u0aae\u0abe\u0aa3\u0ab8 \u0aa6\u0acb\u0ab0\u0aa1\u0abe \u0aaa\u0ab0 \u0a9a\u0aa2\u0ac7 \u0a9b\u0ac7", "\u0a8f\u0a95 \u0aae\u0abe\u0aa3\u0ab8 \u0aa6\u0abf\u0ab5\u0abe\u0ab2 \u0aaa\u0ab0 \u0a9a\u0aa2\u0ac0 \u0ab0\u0ab9\u0acd\u0aaf\u0acb \u0a9b\u0ac7", "\u0a8f\u0a95 \u0aae\u0abe\u0aa3\u0ab8 \u0ab5\u0abe\u0a82\u0ab8\u0ab3\u0ac0 \u0ab5\u0a97\u0abe\u0aa1\u0ac0 \u0ab0\u0ab9\u0acd\u0aaf\u0acb \u0a9b\u0ac7"], "example_title": "Example 1"}, {"source_sentence": "\u0a95\u0ac7\u0a9f\u0ab2\u0abe\u0a95 \u0ab2\u0acb\u0a95\u0acb \u0a97\u0abe\u0aa4\u0abe \u0ab9\u0acb\u0aaf \u0a9b\u0ac7", "sentences": ["\u0ab2\u0acb\u0a95\u0acb\u0aa8\u0ac1\u0a82 \u0a8f\u0a95 \u0a9c\u0ac2\u0aa5 \u0a97\u0abe\u0aaf \u0a9b\u0ac7", "\u0a8f\u0a95 \u0aac\u0abf\u0ab2\u0abe\u0aa1\u0ac0 \u0aa6\u0ac2\u0aa7 \u0aaa\u0ac0 \u0ab0\u0ab9\u0ac0 \u0a9b\u0ac7", "\u0aac\u0ac7 \u0aae\u0abe\u0aa3\u0ab8\u0acb \u0ab2\u0aa1\u0ac0 \u0ab0\u0ab9\u0acd\u0aaf\u0abe \u0a9b\u0ac7"], "example_title": "Example 2"}, {"source_sentence": "\u0ab9\u0ac1\u0a82 \u0aaa\u0ab9\u0ac7\u0ab2\u0ac0\u0ab5\u0abe\u0ab0 \u0ab5\u0abf\u0aae\u0abe\u0aa8\u0aae\u0abe\u0a82 \u0aac\u0ac7\u0aa0\u0acb", "sentences": ["\u0aa4\u0ac7 \u0aae\u0abe\u0ab0\u0ac0 \u0aaa\u0acd\u0ab0\u0aa5\u0aae \u0ab5\u0abf\u0aae\u0abe\u0aa8\u0aa8\u0ac0 \u0aae\u0ac1\u0ab8\u0abe\u0aab\u0ab0\u0ac0 \u0ab9\u0aa4\u0ac0", "\u0ab9\u0ac1\u0a82 \u0aaa\u0ab9\u0ac7\u0ab2\u0ac0\u0ab5\u0abe\u0ab0 \u0a9f\u0acd\u0ab0\u0ac7\u0aa8\u0aae\u0abe\u0a82 \u0aac\u0ac7\u0aa0\u0acb", "\u0aae\u0aa8\u0ac7 \u0aa8\u0ab5\u0ac0 \u0a9c\u0a97\u0acd\u0aaf\u0abe\u0a93 \u0aaa\u0ab0 \u0aab\u0ab0\u0ab5\u0abe\u0aa8\u0ac1\u0a82 \u0aaa\u0ab8\u0a82\u0aa6 \u0a9b\u0ac7"], "example_title": "Example 3"}]}, "transformersInfo": {"auto_model": "AutoModel", "pipeline_tag": "feature-extraction", "processor": "AutoTokenizer"}, "siblings": [{"rfilename": ".gitattributes"}, {"rfilename": "1_Pooling/config.json"}, {"rfilename": "README.md"}, {"rfilename": "config.json"}, {"rfilename": "config_sentence_transformers.json"}, {"rfilename": "modules.json"}, {"rfilename": "pytorch_model.bin"}, {"rfilename": "sentence_bert_config.json"}, {"rfilename": "special_tokens_map.json"}, {"rfilename": "tokenizer.json"}, {"rfilename": "tokenizer_config.json"}, {"rfilename": "vocab.txt"}], "spaces": [], "createdAt": "2023-03-04T07:09:20.000Z", "inferenceStatus": "not-loaded"}