{"_id": "622b66ef1adb7889d2336ca0", "id": "l3cube-pune/mahahate-bert", "modelId": "l3cube-pune/mahahate-bert", "author": "l3cube-pune", "sha": "ec2d15fef70e3533c8249f4dd296162a92d86a5d", "lastModified": "2023-06-11T14:33:26.000Z", "private": false, "disabled": false, "gated": false, "pipeline_tag": "text-classification", "tags": ["transformers", "pytorch", "safetensors", "bert", "text-classification", "mr", "dataset:L3Cube-MahaHate", "arxiv:2203.13778", "license:cc-by-4.0", "autotrain_compatible", "endpoints_compatible", "region:us"], "downloads": 20, "library_name": "transformers", "mask_token": "[MASK]", "widgetData": [{"text": "I like you. </s></s> I love you."}], "likes": 0, "model-index": null, "config": {"architectures": ["BertForSequenceClassification"], "model_type": "bert", "tokenizer_config": {"unk_token": "[UNK]", "sep_token": "[SEP]", "pad_token": "[PAD]", "cls_token": "[CLS]", "mask_token": "[MASK]"}}, "cardData": {"language": "mr", "license": "cc-by-4.0", "datasets": ["L3Cube-MahaHate"], "widget": [{"text": "I like you. </s></s> I love you."}]}, "transformersInfo": {"auto_model": "AutoModelForSequenceClassification", "pipeline_tag": "text-classification", "processor": "AutoTokenizer"}, "siblings": [{"rfilename": ".gitattributes"}, {"rfilename": "README.md"}, {"rfilename": "config.json"}, {"rfilename": "model.safetensors"}, {"rfilename": "pytorch_model.bin"}, {"rfilename": "special_tokens_map.json"}, {"rfilename": "tokenizer.json"}, {"rfilename": "tokenizer_config.json"}, {"rfilename": "vocab.txt"}], "spaces": [], "createdAt": "2022-03-11T15:12:47.000Z", "safetensors": {"parameters": {"I64": 512, "F32": 177854978}, "total": 177855490}, "inferenceStatus": "not-loaded"}