{"_id": "62225e35136da4026d8d40f4", "id": "l3cube-pune/hing-mbert", "modelId": "l3cube-pune/hing-mbert", "author": "l3cube-pune", "sha": "8de0a17b6cda3e7bc50e586654eecc1fc2671141", "lastModified": "2023-07-20T09:47:51.000Z", "private": false, "disabled": false, "gated": false, "pipeline_tag": "fill-mask", "tags": ["transformers", "pytorch", "safetensors", "bert", "fill-mask", "hi", "en", "codemix", "multilingual", "dataset:L3Cube-HingCorpus", "arxiv:2204.08398", "license:cc-by-4.0", "autotrain_compatible", "endpoints_compatible", "region:us"], "downloads": 7, "library_name": "transformers", "mask_token": "[MASK]", "likes": 2, "model-index": null, "config": {"architectures": ["BertForMaskedLM"], "model_type": "bert", "tokenizer_config": {"unk_token": "[UNK]", "sep_token": "[SEP]", "pad_token": "[PAD]", "cls_token": "[CLS]", "mask_token": "[MASK]"}}, "cardData": {"language": ["hi", "en", "multilingual"], "license": "cc-by-4.0", "tags": ["hi", "en", "codemix"], "datasets": ["L3Cube-HingCorpus"]}, "transformersInfo": {"auto_model": "AutoModelForMaskedLM", "pipeline_tag": "fill-mask", "processor": "AutoTokenizer"}, "siblings": [{"rfilename": ".gitattributes"}, {"rfilename": "README.md"}, {"rfilename": "config.json"}, {"rfilename": "model.safetensors"}, {"rfilename": "pytorch_model.bin"}, {"rfilename": "special_tokens_map.json"}, {"rfilename": "tokenizer.json"}, {"rfilename": "tokenizer_config.json"}, {"rfilename": "vocab.txt"}], "spaces": [], "createdAt": "2022-03-04T18:45:09.000Z", "safetensors": {"parameters": {"I64": 512, "F32": 177974523}, "total": 177975035}, "inferenceStatus": "not-loaded"}