{"_id": "659656162ae03e5816b575ad", "id": "l3cube-pune/tamil-topic-all-doc", "modelId": "l3cube-pune/tamil-topic-all-doc", "author": "l3cube-pune", "sha": "b8a4622900aa34233e477c0f5cf1d9e60f84082d", "lastModified": "2024-04-21T07:40:13.000Z", "private": false, "disabled": false, "gated": false, "pipeline_tag": "text-classification", "tags": ["transformers", "safetensors", "bert", "text-classification", "ta", "dataset:L3Cube-IndicNews", "arxiv:2401.02254", "license:cc-by-4.0", "autotrain_compatible", "endpoints_compatible", "region:us"], "downloads": 6, "library_name": "transformers", "mask_token": "[MASK]", "widgetData": [{"text": "\u0baa\u0bca\u0bb0\u0bc1\u0bb3\u0bbe\u0ba4\u0bbe\u0bb0 \u0ba8\u0bc6\u0bb0\u0bc1\u0b95\u0bcd\u0b95\u0b9f\u0bbf\u0baf\u0bc8\u0ba4\u0bcd \u0ba4\u0b9f\u0bc1\u0b95\u0bcd\u0b95 \u0b8e\u0bb2\u0bcd\u0bb2\u0bbe \u0ba8\u0b9f\u0bb5\u0b9f\u0bbf\u0b95\u0bcd\u0b95\u0bc8\u0b95\u0bb3\u0bc8\u0baf\u0bc1\u0bae\u0bcd \u0b8e\u0b9f\u0bc1\u0ba4\u0bcd\u0ba4\u0ba4\u0bbe\u0b95 \u0b87\u0bb2\u0b99\u0bcd\u0b95\u0bc8 \u0bae\u0bc1\u0ba9\u0bcd\u0ba9\u0bbe\u0bb3\u0bcd \u0b85\u0ba4\u0bbf\u0baa\u0bb0\u0bcd \u0b95\u0bcb\u0ba4\u0bcd\u0ba4\u0baa\u0baf \u0bb0\u0bbe\u0b9c\u0baa\u0b95\u0bcd\u0b9a \u0ba4\u0bc6\u0bb0\u0bbf\u0bb5\u0bbf\u0ba4\u0bcd\u0ba4\u0bc1\u0bb3\u0bcd\u0bb3\u0bbe\u0bb0\u0bcd.\u0b95\u0b9f\u0bc1\u0bae\u0bcd \u0baa\u0bca\u0bb0\u0bc1\u0bb3\u0bbe\u0ba4\u0bbe\u0bb0 \u0ba8\u0bc6\u0bb0\u0bc1\u0b95\u0bcd\u0b95\u0b9f\u0bbf\u0baf\u0bc8 \u0b9a\u0ba8\u0bcd\u0ba4\u0bbf\u0ba4\u0bcd\u0ba4\u0bc1\u0bb3\u0bcd\u0bb3 \u0b87\u0bb2\u0b99\u0bcd\u0b95\u0bc8\u0baf\u0bbf\u0bb2\u0bcd, \u0bae\u0b95\u0bcd\u0b95\u0bb3\u0bcd \u0baa\u0bcb\u0bb0\u0bbe\u0b9f\u0bcd\u0b9f\u0bae\u0bcd \u0bb5\u0bb2\u0bc1\u0ba4\u0bcd\u0ba4\u0ba4\u0bc1. \u0b85\u0bb5\u0bb0\u0bcd\u0b95\u0bb3\u0bcd \u0b85\u0ba4\u0bbf\u0baa\u0bb0\u0bcd \u0bae\u0bbe\u0bb3\u0bbf\u0b95\u0bc8\u0baf\u0bc8 \u0bae\u0bc1\u0bb1\u0bcd\u0bb1\u0bc1\u0b95\u0bc8\u0baf\u0bbf\u0b9f\u0bcd\u0b9f\u0bc1 \u0baa\u0bcb\u0bb0\u0bbe\u0b9f\u0bcd\u0b9f\u0bae\u0bcd \u0ba8\u0b9f\u0ba4\u0bcd\u0ba4\u0bbf\u0ba9\u0bb0\u0bcd. \u0b87\u0ba4\u0ba9\u0bbe\u0bb2\u0bcd \u0b85\u0ba4\u0bbf\u0baa\u0bb0\u0bbe\u0b95 \u0b87\u0bb0\u0bc1\u0ba8\u0bcd\u0ba4 \u0b95\u0bcb\u0ba4\u0bcd\u0ba4\u0baa\u0baf \u0bb0\u0bbe\u0b9c\u0baa\u0b95\u0bcd\u0b9a, \u0bae\u0bbe\u0bb2\u0ba4\u0bcd\u0ba4\u0bc0\u0bb5\u0bc1 \u0ba4\u0baa\u0bcd\u0baa\u0bbf\u0b9a\u0bcd\u0b9a\u0bc6\u0ba9\u0bcd\u0bb1\u0bc1, \u0b85\u0b99\u0bcd\u0b95\u0bbf\u0bb0\u0bc1\u0ba8\u0bcd\u0ba4\u0bc1 \u0b9a\u0bbf\u0b99\u0bcd\u0b95\u0baa\u0bcd\u0baa\u0bc2\u0bb0\u0bcd \u0b9a\u0bc6\u0ba9\u0bcd\u0bb1\u0bbe\u0bb0\u0bcd. \u0b85\u0bb5\u0bb0\u0bcd \u0ba4\u0ba9\u0ba4\u0bc1 \u0bb0\u0bbe\u0b9c\u0bbf\u0ba9\u0bbe\u0bae\u0bbe \u0b95\u0b9f\u0bbf\u0ba4\u0ba4\u0bcd\u0ba4\u0bc8 \u0b9a\u0baa\u0bbe\u0ba8\u0bbe\u0baf\u0b95\u0bb0\u0bcd \u0baf\u0baa\u0bbe \u0b85\u0baa\u0bc7\u0bb5\u0bb0\u0bcd\u0ba4\u0bcd\u0ba4\u0ba9\u0bbe\u0bb5\u0bc1\u0b95\u0bcd\u0b95\u0bc1 \u0b85\u0ba9\u0bc1\u0baa\u0bcd\u0baa\u0bbf\u0ba9\u0bbe\u0bb0\u0bcd. \u0b85\u0ba4\u0bc8 \u0b85\u0bb5\u0bb0\u0bcd \u0b8f\u0bb1\u0bcd\u0bb1\u0bc1\u0b95\u0bcd\u0b95\u0bca\u0ba3\u0bcd\u0b9f\u0bbe\u0bb0\u0bcd.\u0ba8\u0bbe\u0b9f\u0bcd\u0b9f\u0bc8 \u0bb5\u0bbf\u0b9f\u0bcd\u0b9f\u0bc1 \u0bb5\u0bc6\u0bb3\u0bbf\u0baf\u0bc7\u0bb1\u0bc1\u0bae\u0bcd \u0bae\u0bc1\u0ba9\u0bcd\u0baa\u0bbe\u0b95, \u0baa\u0bbf\u0bb0\u0ba4\u0bae\u0bb0\u0bcd \u0bb0\u0ba3\u0bbf\u0bb2\u0bcd \u0bb5\u0bbf\u0b95\u0bcd\u0bb0\u0bae\u0b9a\u0bbf\u0b99\u0bcd\u0b95\u0bb5\u0bc8 \u0b87\u0b9f\u0bc8\u0b95\u0bcd\u0b95\u0bbe\u0bb2 \u0b85\u0ba4\u0bbf\u0baa\u0bb0\u0bbe\u0b95 \u0b95\u0bcb\u0ba4\u0bcd\u0ba4\u0baa\u0baf \u0ba8\u0bbf\u0baf\u0bae\u0bbf\u0ba4\u0bcd\u0ba4\u0bbf\u0bb0\u0bc1\u0ba8\u0bcd\u0ba4\u0bbe\u0bb0\u0bcd. \u0b85\u0ba4\u0ba9\u0bcd\u0baa\u0b9f\u0bbf, \u0b87\u0b9f\u0bc8\u0b95\u0bcd\u0b95\u0bbe\u0bb2 \u0b85\u0ba4\u0bbf\u0baa\u0bb0\u0bbe\u0b95 \u0bb0\u0ba3\u0bbf\u0bb2\u0bcd \u0bb5\u0bbf\u0b95\u0bcd\u0bb0\u0bae\u0b9a\u0bbf\u0b99\u0bcd\u0b95\u0bc7 \u0ba8\u0bc7\u0bb1\u0bcd\u0bb1\u0bc1 \u0baa\u0ba4\u0bb5\u0bbf\u0baf\u0bc7\u0bb1\u0bcd\u0bb1\u0bc1\u0b95\u0bcd \u0b95\u0bca\u0ba3\u0bcd\u0b9f\u0bbe\u0bb0\u0bcd. \u0b85\u0bb5\u0bb0\u0bc1\u0b95\u0bcd\u0b95\u0bc1 \u0ba4\u0bb2\u0bc8\u0bae\u0bc8 \u0ba8\u0bc0\u0ba4\u0bbf\u0baa\u0ba4\u0bbf \u0baa\u0ba4\u0bb5\u0bbf\u0baa\u0bcd \u0baa\u0bbf\u0bb0\u0bae\u0bbe\u0ba3\u0bae\u0bcd \u0b9a\u0bc6\u0baf\u0bcd\u0ba4\u0bc1 \u0bb5\u0bc8\u0ba4\u0bcd\u0ba4\u0bbe\u0bb0\u0bcd. \u0baa\u0bc1\u0ba4\u0bbf\u0baf \u0b85\u0ba4\u0bbf\u0baa\u0bb0\u0bc8 \u0ba4\u0bc7\u0bb0\u0bcd\u0bb5\u0bc1 \u0b9a\u0bc6\u0baf\u0bcd\u0baf\u0bc1\u0bae\u0bcd \u0baa\u0ba3\u0bbf \u0b87\u0ba9\u0bcd\u0ba9\u0bc1\u0bae\u0bcd \u0b92\u0bb0\u0bc1 \u0bb5\u0bbe\u0bb0\u0ba4\u0bcd\u0ba4\u0bbf\u0bb2\u0bcd \u0bae\u0bc1\u0b9f\u0bbf\u0bb5\u0b9f\u0bc8\u0baf\u0bc1\u0bae\u0bcd \u0b8e\u0ba9 \u0b9a\u0baa\u0bbe\u0ba8\u0bbe\u0baf\u0b95\u0bb0\u0bcd \u0b85\u0bb1\u0bbf\u0bb5\u0bbf\u0ba4\u0bcd\u0ba4\u0bc1\u0bb3\u0bcd\u0bb3\u0bbe\u0bb0\u0bcd. \u0baa\u0bc1\u0ba4\u0bbf\u0baf \u0b85\u0ba4\u0bbf\u0baa\u0bb0\u0bc8 \u0ba4\u0bc7\u0bb0\u0bcd\u0bb5\u0bc1 \u0b9a\u0bc6\u0baf\u0bcd\u0baf, \u0ba8\u0bbe\u0b9f\u0bbe\u0bb3\u0bc1\u0bae\u0ba9\u0bcd\u0bb1\u0ba4\u0bcd\u0ba4\u0bbf\u0bb2\u0bcd \u0bb5\u0bb0\u0bc1\u0bae\u0bcd 20-\u0bae\u0bcd\u0ba4\u0bc7\u0ba4\u0bbf \u0bb5\u0bbe\u0b95\u0bcd\u0b95\u0bc6\u0b9f\u0bc1\u0baa\u0bcd\u0baa\u0bc1 \u0ba8\u0b9f\u0ba4\u0bcd\u0ba4\u0baa\u0bcd\u0baa\u0b9f \u0b89\u0bb3\u0bcd\u0bb3\u0ba4\u0bc1.\u0b87\u0ba8\u0bcd\u0ba4 \u0ba8\u0bbf\u0bb2\u0bc8\u0baf\u0bbf\u0bb2\u0bcd \u0b95\u0bcb\u0ba4\u0bcd\u0ba4\u0baa\u0baf \u0bb0\u0bbe\u0b9c\u0baa\u0b95\u0bcd\u0b9a\u0bc7\u0bb5\u0bbf\u0ba9\u0bcd \u0bb0\u0bbe\u0b9c\u0bbf\u0ba9\u0bbe\u0bae\u0bbe \u0b95\u0b9f\u0bbf\u0ba4\u0ba4\u0bcd\u0ba4\u0bc8 \u0b87\u0bb2\u0b99\u0bcd\u0b95\u0bc8 \u0ba8\u0bbe\u0b9f\u0bbe\u0bb3\u0bc1\u0bae\u0ba9\u0bcd\u0bb1\u0ba4\u0bcd\u0ba4\u0bbf\u0ba9\u0bcd \u0ba4\u0bc1\u0ba3\u0bc8 \u0b9a\u0bc6\u0baf\u0bb2\u0bbe\u0bb3\u0bb0\u0bcd \u0ba4\u0bbe\u0bae\u0bbf\u0b95\u0bbe \u0ba4\u0b9a\u0ba9\u0bbe\u0baf\u0b95\u0bcd\u0b95\u0bc7 \u0baa\u0ba4\u0bcd\u0ba4\u0bbf\u0bb0\u0bbf\u0b95\u0bc8\u0baf\u0bbe\u0bb3\u0bb0\u0bcd \u0b9a\u0ba8\u0bcd\u0ba4\u0bbf\u0baa\u0bcd\u0baa\u0bbf\u0bb2\u0bcd \u0bb5\u0bbe\u0b9a\u0bbf\u0ba4\u0bcd\u0ba4\u0bbe\u0bb0\u0bcd.\u0b85\u0ba4\u0bbf\u0bb2\u0bcd \u0b95\u0bc2\u0bb1\u0baa\u0bcd\u0baa\u0b9f\u0bcd\u0b9f\u0bc1\u0bb3\u0bcd\u0bb3\u0ba4\u0bbe\u0bb5\u0ba4\u0bc1, \u201c \u0b85\u0ba9\u0bc8\u0ba4\u0bcd\u0ba4\u0bc1 \u0b95\u0b9f\u0bcd\u0b9a\u0bbf \u0ba4\u0bb2\u0bc8\u0bae\u0bc8\u0baf\u0bbf\u0bb2\u0bbe\u0ba9 \u0b85\u0bb0\u0b9a\u0bc8 \u0b85\u0bae\u0bc8\u0baa\u0bcd\u0baa\u0ba4\u0bb1\u0bcd\u0b95\u0bbe\u0ba9 \u0bae\u0bc1\u0baf\u0bb1\u0bcd\u0b9a\u0bbf \u0b89\u0b9f\u0bcd\u0baa\u0b9f, \u0baa\u0bca\u0bb0\u0bc1\u0bb3\u0bbe\u0ba4\u0bbe\u0bb0 \u0ba8\u0bc6\u0bb0\u0bc1\u0b95\u0bcd\u0b95\u0b9f\u0bbf\u0baf\u0bc8\u0ba4\u0bcd \u0ba4\u0bc0\u0bb0\u0bcd\u0baa\u0bcd\u0baa\u0ba4\u0bb1\u0bcd\u0b95\u0bc1 \u0b9a\u0bbe\u0ba4\u0bcd\u0ba4\u0bbf\u0baf\u0bae\u0bbe\u0ba9 \u0b85\u0ba9\u0bc8\u0ba4\u0bcd\u0ba4\u0bc1 \u0ba8\u0b9f\u0bb5\u0b9f\u0bbf\u0b95\u0bcd\u0b95\u0bc8\u0b95\u0bb3\u0bc8\u0baf\u0bc1\u0bae\u0bcd \u0b8e\u0b9f\u0bc1\u0ba4\u0bcd\u0ba4\u0bc7\u0ba9\u0bcd \u0b8e\u0ba9\u0bcd\u0baa\u0ba4\u0bc1 \u0b8e\u0ba9\u0ba4\u0bc1 \u0ba4\u0ba9\u0bbf\u0baa\u0bcd\u0baa\u0b9f\u0bcd\u0b9f \u0ba8\u0bae\u0bcd\u0baa\u0bbf\u0b95\u0bcd\u0b95\u0bc8.\u201d \u0b8e\u0ba9\u0bcd\u0bb1\u0bc1 \u0b95\u0bcb\u0ba4\u0bcd\u0ba4\u0baa\u0baf \u0bb0\u0bbe\u0b9c\u0baa\u0b95\u0bcd\u0b9a \u0ba4\u0bc6\u0bb0\u0bbf\u0bb5\u0bbf\u0ba4\u0bcd\u0ba4\u0bbf\u0bb0\u0bc1\u0b95\u0bcd\u0b95\u0bbf\u0bb1\u0bbe\u0bb0\u0bcd."}, {"text": "\u0b9a\u0bc6\u0ba9\u0bcd\u0ba9\u0bc8: \u0b95\u0bbe\u0bb2\u0bcd\u0baa\u0ba8\u0bcd\u0ba4\u0bbe\u0b9f\u0bcd\u0b9f \u0b89\u0bb2\u0b95\u0bbf\u0ba9\u0bcd \u0b86\u0bb2\u0bcd-\u0b9f\u0bc8\u0bae\u0bcd \u0b9a\u0bbf\u0bb1\u0ba8\u0bcd\u0ba4 \u0bb5\u0bc0\u0bb0\u0bb0\u0bcd\u0b95\u0bb3\u0bbf\u0bb2\u0bcd \u0b85\u0bb0\u0bcd\u0b9c\u0bc6\u0ba9\u0bcd\u0b9f\u0bbf\u0ba9\u0bbe\u0bb5\u0bbf\u0ba9\u0bcd \u0bae\u0bc6\u0bb8\u0bcd\u0bb8\u0bbf\u0baf\u0bc1\u0bae\u0bcd, \u0baa\u0bcb\u0bb0\u0bcd\u0b9a\u0bcd\u0b9a\u0bc1\u0b95\u0bb2\u0bbf\u0ba9\u0bcd \u0bb0\u0bca\u0ba9\u0bbe\u0bb2\u0bcd\u0b9f\u0bcb\u0bb5\u0bc1\u0bae\u0bcd \u0ba8\u0bbf\u0b9a\u0bcd\u0b9a\u0baf\u0bae\u0bcd \u0b87\u0bb0\u0bc1\u0baa\u0bcd\u0baa\u0bbe\u0bb0\u0bcd\u0b95\u0bb3\u0bcd. \u0b87\u0ba8\u0bcd\u0ba4\u0b9a\u0bcd \u0b9a\u0bc2\u0bb4\u0bb2\u0bbf\u0bb2\u0bcd \u0b87\u0bb0\u0bc1\u0bb5\u0bb0\u0bc1\u0bae\u0bcd \u0bae\u0bc0\u0ba3\u0bcd\u0b9f\u0bc1\u0bae\u0bcd \u0ba8\u0bc7\u0bb0\u0bc1\u0b95\u0bcd\u0b95\u0bc1 \u0ba8\u0bc7\u0bb0\u0bcd \u0baa\u0bb2\u0baa\u0bcd\u0baa\u0bb0\u0bc0\u0b9f\u0bcd\u0b9a\u0bc8 \u0b9a\u0bc6\u0baf\u0bcd\u0baf\u0bc1\u0bae\u0bcd \u0bb5\u0bbe\u0baf\u0bcd\u0baa\u0bcd\u0baa\u0bc1 \u0b85\u0bae\u0bc8\u0ba8\u0bcd\u0ba4\u0bc1\u0bb3\u0bcd\u0bb3\u0ba4\u0bc1. \u0b87\u0bb0\u0bc1\u0bb5\u0bb0\u0bc1\u0bae\u0bcd \u0ba4\u0b99\u0bcd\u0b95\u0bb3\u0bcd \u0b95\u0bbf\u0bb3\u0baa\u0bcd \u0b85\u0ba3\u0bbf\u0b95\u0bcd\u0b95\u0bbe\u0b95 \u0b92\u0bb0\u0bc7 \u0baa\u0bcb\u0b9f\u0bcd\u0b9f\u0bbf\u0baf\u0bbf\u0bb2\u0bcd \u0b8e\u0ba4\u0bbf\u0bb0\u0bc6\u0ba4\u0bbf\u0bb0\u0bbe\u0b95 \u0bb5\u0bbf\u0bb3\u0bc8\u0baf\u0bbe\u0b9f\u0bc1\u0bae\u0bcd \u0bb5\u0bbe\u0baf\u0bcd\u0baa\u0bcd\u0baa\u0bc1 \u0b85\u0bae\u0bc8\u0ba8\u0bcd\u0ba4\u0bc1\u0bb3\u0bcd\u0bb3\u0ba4\u0bc1.\u0bae\u0bc6\u0bb8\u0bcd\u0bb8\u0bbf, \u0baa\u0bbf\u0bb0\u0bbe\u0ba9\u0bcd\u0bb8\u0bcd \u0ba8\u0bbe\u0b9f\u0bcd\u0b9f\u0bc8 \u0b9a\u0bc7\u0bb0\u0bcd\u0ba8\u0bcd\u0ba4 \u0baa\u0bbf\u0b8e\u0bb8\u0bcd\u0b9c\u0bbf \u0b95\u0bbf\u0bb3\u0baa\u0bcd \u0b85\u0ba3\u0bbf\u0b95\u0bcd\u0b95\u0bbe\u0b95 \u0bb5\u0bbf\u0bb3\u0bc8\u0baf\u0bbe\u0b9f\u0bbf \u0bb5\u0bb0\u0bc1\u0b95\u0bbf\u0bb1\u0bbe\u0bb0\u0bcd. \u0bb0\u0bca\u0ba9\u0bbe\u0bb2\u0bcd\u0b9f\u0bcb, \u0b9a\u0bb5\u0bc1\u0ba4\u0bbf \u0b85\u0bb0\u0bc7\u0baa\u0bbf\u0baf\u0bbe\u0bb5\u0bc8 \u0b9a\u0bc7\u0bb0\u0bcd\u0ba8\u0bcd\u0ba4 \u0b85\u0bb2\u0bcd-\u0ba8\u0b9a\u0bb0\u0bcd \u0b95\u0bbf\u0bb3\u0baa\u0bcd \u0b85\u0ba3\u0bbf\u0baf\u0bbf\u0bb2\u0bcd \u0b87\u0ba3\u0bc8\u0ba8\u0bcd\u0ba4\u0bc1\u0bb3\u0bcd\u0bb3\u0bbe\u0bb0\u0bcd. \u0b85\u0bb5\u0bb0\u0bcd \u0b85\u0ba8\u0bcd\u0ba4 \u0b85\u0ba3\u0bbf\u0b95\u0bcd\u0b95\u0bbe\u0b95 \u0bb5\u0bbf\u0bb3\u0bc8\u0baf\u0bbe\u0b9f \u0b87\u0bb0\u0bc1\u0ba8\u0bcd\u0ba4 \u0bae\u0bc1\u0ba4\u0bb2\u0bcd \u0baa\u0bcb\u0b9f\u0bcd\u0b9f\u0bbf \u0bae\u0bb4\u0bc8\u0baf\u0bbf\u0ba9\u0bbe\u0bb2\u0bcd \u0bb0\u0ba4\u0bcd\u0ba4\u0bc1 \u0b9a\u0bc6\u0baf\u0bcd\u0baf\u0baa\u0bcd\u0baa\u0b9f\u0bcd\u0b9f\u0bc1\u0bb3\u0bcd\u0bb3\u0ba4\u0bbe\u0b95 \u0ba4\u0b95\u0bb5\u0bb2\u0bcd.\u0b87\u0ba8\u0bcd\u0ba4\u0b9a\u0bcd \u0b9a\u0bc2\u0bb4\u0bb2\u0bbf\u0bb2\u0bcd \u0baa\u0bbf\u0b8e\u0bb8\u0bcd\u0b9c\u0bbf \u0b85\u0ba3\u0bbf, \u0b9a\u0bb5\u0bc1\u0ba4\u0bbf\u0baf\u0bbf\u0bb2\u0bcd \u0b85\u0bb2\u0bcd-\u0ba8\u0b9a\u0bb0\u0bcd \u0b85\u0ba3\u0bbf\u0baf\u0bc1\u0b9f\u0ba9\u0bcd \u0bb5\u0bbf\u0bb3\u0bc8\u0baf\u0bbe\u0b9f \u0b89\u0bb3\u0bcd\u0bb3\u0ba4\u0bbe\u0b95 \u0ba4\u0b95\u0bb5\u0bb2\u0bcd \u0b95\u0bbf\u0b9f\u0bc8\u0ba4\u0bcd\u0ba4\u0bc1\u0bb3\u0bcd\u0bb3\u0ba4\u0bc1. \u0b85\u0ba4\u0bc1\u0bb5\u0bc1\u0bae\u0bcd \u0b87\u0ba4\u0bc1 \u0ba8\u0b9f\u0baa\u0bcd\u0baa\u0bc1 \u0bae\u0bbe\u0ba4\u0bae\u0bbe\u0ba9 \u0b9c\u0ba9\u0bb5\u0bb0\u0bbf\u0baf\u0bbf\u0bb2\u0bcd \u0ba8\u0b9f\u0b95\u0bcd\u0b95 \u0b89\u0bb3\u0bcd\u0bb3\u0ba4\u0bbe\u0b95\u0bb5\u0bc1\u0bae\u0bcd \u0b9a\u0bca\u0bb2\u0bcd\u0bb2\u0baa\u0bcd\u0baa\u0b9f\u0bc1\u0b95\u0bbf\u0bb1\u0ba4\u0bc1. \u0b95\u0b9f\u0ba8\u0bcd\u0ba4 \u0b86\u0ba3\u0bcd\u0b9f\u0bc1 \u0b9c\u0ba9\u0bb5\u0bb0\u0bbf\u0baf\u0bbf\u0bb2\u0bcd \u0baa\u0bbf\u0b8e\u0bb8\u0bcd\u0b9c\u0bbf \u0b85\u0ba3\u0bbf \u0b9a\u0bb5\u0bc1\u0ba4\u0bbf\u0baf\u0bbf\u0bb2\u0bcd \u0b85\u0bb2\u0bcd-\u0ba8\u0b9a\u0bb0\u0bc1\u0b9f\u0ba9\u0bcd \u0ba8\u0b9f\u0bcd\u0baa\u0bc1 \u0bb0\u0bc0\u0ba4\u0bbf\u0baf\u0bbf\u0bb2\u0bbe\u0ba9 \u0baa\u0bcb\u0b9f\u0bcd\u0b9f\u0bbf\u0baf\u0bbf\u0bb2\u0bcd \u0bb5\u0bbf\u0bb3\u0bc8\u0baf\u0bbe\u0b9f\u0bbf \u0b87\u0bb0\u0bc1\u0b95\u0bcd\u0b95 \u0bb5\u0bc7\u0ba3\u0bcd\u0b9f\u0bc1\u0bae\u0bcd. \u0b86\u0ba9\u0bbe\u0bb2\u0bcd, \u0b95\u0bb0\u0bcb\u0ba9\u0bbe \u0ba4\u0bca\u0bb1\u0bcd\u0bb1\u0bc1 \u0baa\u0bb0\u0bb5\u0bb2\u0bcd \u0b95\u0bbe\u0bb0\u0ba3\u0bae\u0bbe\u0b95 \u0b85\u0ba4\u0bc1 \u0ba4\u0bb3\u0bcd\u0bb3\u0bbf\u0baa\u0bcd\u0baa\u0bcb\u0ba9\u0ba4\u0bc1.\u0b87\u0ba8\u0bcd\u0ba4 \u0ba8\u0bbf\u0bb2\u0bc8\u0baf\u0bbf\u0bb2\u0bcd, \u0b92\u0baa\u0bcd\u0baa\u0ba8\u0bcd\u0ba4\u0ba4\u0bcd\u0ba4\u0bbf\u0ba9\u0bcd\u0baa\u0b9f\u0bbf \u0baa\u0bbf\u0b8e\u0bb8\u0bcd\u0b9c\u0bbf \u0b85\u0ba3\u0bbf \u0ba4\u0bb3\u0bcd\u0bb3\u0bbf\u0baa\u0bcd\u0baa\u0bcb\u0ba9 \u0b85\u0ba8\u0bcd\u0ba4\u0baa\u0bcd \u0baa\u0bcb\u0b9f\u0bcd\u0b9f\u0bbf\u0baf\u0bbf\u0bb2\u0bcd \u0b87\u0baa\u0bcd\u0baa\u0bcb\u0ba4\u0bc1 \u0bb5\u0bbf\u0bb3\u0bc8\u0baf\u0bbe\u0b9f \u0b89\u0bb3\u0bcd\u0bb3\u0ba4\u0bbe\u0bae\u0bcd. \u0b85\u0ba4\u0ba9\u0bbe\u0bb2\u0bcd \u0baa\u0bbf\u0b8e\u0bb8\u0bcd\u0b9c\u0bbf, \u0b85\u0bb2\u0bcd-\u0ba8\u0b9a\u0bb0\u0bc1\u0b9f\u0ba9\u0bcd \u0bb5\u0bbf\u0bb3\u0bc8\u0baf\u0bbe\u0b9f\u0bbf\u0ba9\u0bbe\u0bb2\u0bcd \u0bae\u0bc6\u0bb8\u0bcd\u0bb8\u0bbf\u0baf\u0bc1\u0bae\u0bcd, \u0bb0\u0bca\u0ba9\u0bbe\u0bb2\u0bcd\u0b9f\u0bcb\u0bb5\u0bc1\u0bae\u0bcd \u0ba8\u0bc7\u0bb0\u0bc1\u0b95\u0bcd\u0b95\u0bc1 \u0ba8\u0bc7\u0bb0\u0bbe\u0b95 \u0baa\u0bb2\u0baa\u0bcd\u0baa\u0bb0\u0bc0\u0b9f\u0bcd\u0b9a\u0bc8 \u0b9a\u0bc6\u0baf\u0bcd\u0ba4\u0bc1 \u0bb5\u0bbf\u0bb3\u0bc8\u0baf\u0bbe\u0b9f\u0bc1\u0bae\u0bcd \u0bb5\u0bbe\u0baf\u0bcd\u0baa\u0bcd\u0baa\u0bc1 \u0b85\u0bae\u0bc8\u0ba8\u0bcd\u0ba4\u0bc1\u0bb3\u0bcd\u0bb3\u0ba4\u0bc1. \u0baa\u0bbf\u0b8e\u0bb8\u0bcd\u0b9c\u0bbf \u0b85\u0ba3\u0bbf\u0baf\u0bbf\u0bb2\u0bcd \u0bae\u0bc6\u0bb8\u0bcd\u0bb8\u0bbf \u0bae\u0b9f\u0bcd\u0b9f\u0bc1\u0bae\u0bb2\u0bcd\u0bb2\u0bbe\u0ba4\u0bc1 \u0ba8\u0bc6\u0baf\u0bcd\u0bae\u0bb0\u0bcd, \u0b8e\u0bae\u0bcd\u0baa\u0bbe\u0baa\u0bcd\u0baa\u0bc7, \u0bb9\u0b95\u0bcd\u0b95\u0bbf\u0bae\u0bbf \u0baa\u0bcb\u0ba9\u0bcd\u0bb1 \u0ba8\u0b9f\u0bcd\u0b9a\u0ba4\u0bcd\u0ba4\u0bbf\u0bb0 \u0bb5\u0bc0\u0bb0\u0bb0\u0bcd\u0b95\u0bb3\u0bcd \u0b89\u0bb3\u0bcd\u0bb3\u0ba9\u0bb0\u0bcd \u0b8e\u0ba9\u0bcd\u0baa\u0ba4\u0bc1 \u0b95\u0bc1\u0bb1\u0bbf\u0baa\u0bcd\u0baa\u0bbf\u0b9f\u0ba4\u0bcd\u0ba4\u0b95\u0bcd\u0b95\u0ba4\u0bc1."}], "likes": 1, "model-index": null, "config": {"architectures": ["BertForSequenceClassification"], "model_type": "bert", "tokenizer_config": {"cls_token": "[CLS]", "mask_token": "[MASK]", "pad_token": "[PAD]", "sep_token": "[SEP]", "unk_token": "[UNK]"}}, "cardData": {"license": "cc-by-4.0", "language": ["ta"], "tags": ["bert"], "datasets": ["L3Cube-IndicNews"], "widget": [{"text": "\u0baa\u0bca\u0bb0\u0bc1\u0bb3\u0bbe\u0ba4\u0bbe\u0bb0 \u0ba8\u0bc6\u0bb0\u0bc1\u0b95\u0bcd\u0b95\u0b9f\u0bbf\u0baf\u0bc8\u0ba4\u0bcd \u0ba4\u0b9f\u0bc1\u0b95\u0bcd\u0b95 \u0b8e\u0bb2\u0bcd\u0bb2\u0bbe \u0ba8\u0b9f\u0bb5\u0b9f\u0bbf\u0b95\u0bcd\u0b95\u0bc8\u0b95\u0bb3\u0bc8\u0baf\u0bc1\u0bae\u0bcd \u0b8e\u0b9f\u0bc1\u0ba4\u0bcd\u0ba4\u0ba4\u0bbe\u0b95 \u0b87\u0bb2\u0b99\u0bcd\u0b95\u0bc8 \u0bae\u0bc1\u0ba9\u0bcd\u0ba9\u0bbe\u0bb3\u0bcd \u0b85\u0ba4\u0bbf\u0baa\u0bb0\u0bcd \u0b95\u0bcb\u0ba4\u0bcd\u0ba4\u0baa\u0baf \u0bb0\u0bbe\u0b9c\u0baa\u0b95\u0bcd\u0b9a \u0ba4\u0bc6\u0bb0\u0bbf\u0bb5\u0bbf\u0ba4\u0bcd\u0ba4\u0bc1\u0bb3\u0bcd\u0bb3\u0bbe\u0bb0\u0bcd.\u0b95\u0b9f\u0bc1\u0bae\u0bcd \u0baa\u0bca\u0bb0\u0bc1\u0bb3\u0bbe\u0ba4\u0bbe\u0bb0 \u0ba8\u0bc6\u0bb0\u0bc1\u0b95\u0bcd\u0b95\u0b9f\u0bbf\u0baf\u0bc8 \u0b9a\u0ba8\u0bcd\u0ba4\u0bbf\u0ba4\u0bcd\u0ba4\u0bc1\u0bb3\u0bcd\u0bb3 \u0b87\u0bb2\u0b99\u0bcd\u0b95\u0bc8\u0baf\u0bbf\u0bb2\u0bcd, \u0bae\u0b95\u0bcd\u0b95\u0bb3\u0bcd \u0baa\u0bcb\u0bb0\u0bbe\u0b9f\u0bcd\u0b9f\u0bae\u0bcd \u0bb5\u0bb2\u0bc1\u0ba4\u0bcd\u0ba4\u0ba4\u0bc1. \u0b85\u0bb5\u0bb0\u0bcd\u0b95\u0bb3\u0bcd \u0b85\u0ba4\u0bbf\u0baa\u0bb0\u0bcd \u0bae\u0bbe\u0bb3\u0bbf\u0b95\u0bc8\u0baf\u0bc8 \u0bae\u0bc1\u0bb1\u0bcd\u0bb1\u0bc1\u0b95\u0bc8\u0baf\u0bbf\u0b9f\u0bcd\u0b9f\u0bc1 \u0baa\u0bcb\u0bb0\u0bbe\u0b9f\u0bcd\u0b9f\u0bae\u0bcd \u0ba8\u0b9f\u0ba4\u0bcd\u0ba4\u0bbf\u0ba9\u0bb0\u0bcd. \u0b87\u0ba4\u0ba9\u0bbe\u0bb2\u0bcd \u0b85\u0ba4\u0bbf\u0baa\u0bb0\u0bbe\u0b95 \u0b87\u0bb0\u0bc1\u0ba8\u0bcd\u0ba4 \u0b95\u0bcb\u0ba4\u0bcd\u0ba4\u0baa\u0baf \u0bb0\u0bbe\u0b9c\u0baa\u0b95\u0bcd\u0b9a, \u0bae\u0bbe\u0bb2\u0ba4\u0bcd\u0ba4\u0bc0\u0bb5\u0bc1 \u0ba4\u0baa\u0bcd\u0baa\u0bbf\u0b9a\u0bcd\u0b9a\u0bc6\u0ba9\u0bcd\u0bb1\u0bc1, \u0b85\u0b99\u0bcd\u0b95\u0bbf\u0bb0\u0bc1\u0ba8\u0bcd\u0ba4\u0bc1 \u0b9a\u0bbf\u0b99\u0bcd\u0b95\u0baa\u0bcd\u0baa\u0bc2\u0bb0\u0bcd \u0b9a\u0bc6\u0ba9\u0bcd\u0bb1\u0bbe\u0bb0\u0bcd. \u0b85\u0bb5\u0bb0\u0bcd \u0ba4\u0ba9\u0ba4\u0bc1 \u0bb0\u0bbe\u0b9c\u0bbf\u0ba9\u0bbe\u0bae\u0bbe \u0b95\u0b9f\u0bbf\u0ba4\u0ba4\u0bcd\u0ba4\u0bc8 \u0b9a\u0baa\u0bbe\u0ba8\u0bbe\u0baf\u0b95\u0bb0\u0bcd \u0baf\u0baa\u0bbe \u0b85\u0baa\u0bc7\u0bb5\u0bb0\u0bcd\u0ba4\u0bcd\u0ba4\u0ba9\u0bbe\u0bb5\u0bc1\u0b95\u0bcd\u0b95\u0bc1 \u0b85\u0ba9\u0bc1\u0baa\u0bcd\u0baa\u0bbf\u0ba9\u0bbe\u0bb0\u0bcd. \u0b85\u0ba4\u0bc8 \u0b85\u0bb5\u0bb0\u0bcd \u0b8f\u0bb1\u0bcd\u0bb1\u0bc1\u0b95\u0bcd\u0b95\u0bca\u0ba3\u0bcd\u0b9f\u0bbe\u0bb0\u0bcd.\u0ba8\u0bbe\u0b9f\u0bcd\u0b9f\u0bc8 \u0bb5\u0bbf\u0b9f\u0bcd\u0b9f\u0bc1 \u0bb5\u0bc6\u0bb3\u0bbf\u0baf\u0bc7\u0bb1\u0bc1\u0bae\u0bcd \u0bae\u0bc1\u0ba9\u0bcd\u0baa\u0bbe\u0b95, \u0baa\u0bbf\u0bb0\u0ba4\u0bae\u0bb0\u0bcd \u0bb0\u0ba3\u0bbf\u0bb2\u0bcd \u0bb5\u0bbf\u0b95\u0bcd\u0bb0\u0bae\u0b9a\u0bbf\u0b99\u0bcd\u0b95\u0bb5\u0bc8 \u0b87\u0b9f\u0bc8\u0b95\u0bcd\u0b95\u0bbe\u0bb2 \u0b85\u0ba4\u0bbf\u0baa\u0bb0\u0bbe\u0b95 \u0b95\u0bcb\u0ba4\u0bcd\u0ba4\u0baa\u0baf \u0ba8\u0bbf\u0baf\u0bae\u0bbf\u0ba4\u0bcd\u0ba4\u0bbf\u0bb0\u0bc1\u0ba8\u0bcd\u0ba4\u0bbe\u0bb0\u0bcd. \u0b85\u0ba4\u0ba9\u0bcd\u0baa\u0b9f\u0bbf, \u0b87\u0b9f\u0bc8\u0b95\u0bcd\u0b95\u0bbe\u0bb2 \u0b85\u0ba4\u0bbf\u0baa\u0bb0\u0bbe\u0b95 \u0bb0\u0ba3\u0bbf\u0bb2\u0bcd \u0bb5\u0bbf\u0b95\u0bcd\u0bb0\u0bae\u0b9a\u0bbf\u0b99\u0bcd\u0b95\u0bc7 \u0ba8\u0bc7\u0bb1\u0bcd\u0bb1\u0bc1 \u0baa\u0ba4\u0bb5\u0bbf\u0baf\u0bc7\u0bb1\u0bcd\u0bb1\u0bc1\u0b95\u0bcd \u0b95\u0bca\u0ba3\u0bcd\u0b9f\u0bbe\u0bb0\u0bcd. \u0b85\u0bb5\u0bb0\u0bc1\u0b95\u0bcd\u0b95\u0bc1 \u0ba4\u0bb2\u0bc8\u0bae\u0bc8 \u0ba8\u0bc0\u0ba4\u0bbf\u0baa\u0ba4\u0bbf \u0baa\u0ba4\u0bb5\u0bbf\u0baa\u0bcd \u0baa\u0bbf\u0bb0\u0bae\u0bbe\u0ba3\u0bae\u0bcd \u0b9a\u0bc6\u0baf\u0bcd\u0ba4\u0bc1 \u0bb5\u0bc8\u0ba4\u0bcd\u0ba4\u0bbe\u0bb0\u0bcd. \u0baa\u0bc1\u0ba4\u0bbf\u0baf \u0b85\u0ba4\u0bbf\u0baa\u0bb0\u0bc8 \u0ba4\u0bc7\u0bb0\u0bcd\u0bb5\u0bc1 \u0b9a\u0bc6\u0baf\u0bcd\u0baf\u0bc1\u0bae\u0bcd \u0baa\u0ba3\u0bbf \u0b87\u0ba9\u0bcd\u0ba9\u0bc1\u0bae\u0bcd \u0b92\u0bb0\u0bc1 \u0bb5\u0bbe\u0bb0\u0ba4\u0bcd\u0ba4\u0bbf\u0bb2\u0bcd \u0bae\u0bc1\u0b9f\u0bbf\u0bb5\u0b9f\u0bc8\u0baf\u0bc1\u0bae\u0bcd \u0b8e\u0ba9 \u0b9a\u0baa\u0bbe\u0ba8\u0bbe\u0baf\u0b95\u0bb0\u0bcd \u0b85\u0bb1\u0bbf\u0bb5\u0bbf\u0ba4\u0bcd\u0ba4\u0bc1\u0bb3\u0bcd\u0bb3\u0bbe\u0bb0\u0bcd. \u0baa\u0bc1\u0ba4\u0bbf\u0baf \u0b85\u0ba4\u0bbf\u0baa\u0bb0\u0bc8 \u0ba4\u0bc7\u0bb0\u0bcd\u0bb5\u0bc1 \u0b9a\u0bc6\u0baf\u0bcd\u0baf, \u0ba8\u0bbe\u0b9f\u0bbe\u0bb3\u0bc1\u0bae\u0ba9\u0bcd\u0bb1\u0ba4\u0bcd\u0ba4\u0bbf\u0bb2\u0bcd \u0bb5\u0bb0\u0bc1\u0bae\u0bcd 20-\u0bae\u0bcd\u0ba4\u0bc7\u0ba4\u0bbf \u0bb5\u0bbe\u0b95\u0bcd\u0b95\u0bc6\u0b9f\u0bc1\u0baa\u0bcd\u0baa\u0bc1 \u0ba8\u0b9f\u0ba4\u0bcd\u0ba4\u0baa\u0bcd\u0baa\u0b9f \u0b89\u0bb3\u0bcd\u0bb3\u0ba4\u0bc1.\u0b87\u0ba8\u0bcd\u0ba4 \u0ba8\u0bbf\u0bb2\u0bc8\u0baf\u0bbf\u0bb2\u0bcd \u0b95\u0bcb\u0ba4\u0bcd\u0ba4\u0baa\u0baf \u0bb0\u0bbe\u0b9c\u0baa\u0b95\u0bcd\u0b9a\u0bc7\u0bb5\u0bbf\u0ba9\u0bcd \u0bb0\u0bbe\u0b9c\u0bbf\u0ba9\u0bbe\u0bae\u0bbe \u0b95\u0b9f\u0bbf\u0ba4\u0ba4\u0bcd\u0ba4\u0bc8 \u0b87\u0bb2\u0b99\u0bcd\u0b95\u0bc8 \u0ba8\u0bbe\u0b9f\u0bbe\u0bb3\u0bc1\u0bae\u0ba9\u0bcd\u0bb1\u0ba4\u0bcd\u0ba4\u0bbf\u0ba9\u0bcd \u0ba4\u0bc1\u0ba3\u0bc8 \u0b9a\u0bc6\u0baf\u0bb2\u0bbe\u0bb3\u0bb0\u0bcd \u0ba4\u0bbe\u0bae\u0bbf\u0b95\u0bbe \u0ba4\u0b9a\u0ba9\u0bbe\u0baf\u0b95\u0bcd\u0b95\u0bc7 \u0baa\u0ba4\u0bcd\u0ba4\u0bbf\u0bb0\u0bbf\u0b95\u0bc8\u0baf\u0bbe\u0bb3\u0bb0\u0bcd \u0b9a\u0ba8\u0bcd\u0ba4\u0bbf\u0baa\u0bcd\u0baa\u0bbf\u0bb2\u0bcd \u0bb5\u0bbe\u0b9a\u0bbf\u0ba4\u0bcd\u0ba4\u0bbe\u0bb0\u0bcd.\u0b85\u0ba4\u0bbf\u0bb2\u0bcd \u0b95\u0bc2\u0bb1\u0baa\u0bcd\u0baa\u0b9f\u0bcd\u0b9f\u0bc1\u0bb3\u0bcd\u0bb3\u0ba4\u0bbe\u0bb5\u0ba4\u0bc1, \u201c \u0b85\u0ba9\u0bc8\u0ba4\u0bcd\u0ba4\u0bc1 \u0b95\u0b9f\u0bcd\u0b9a\u0bbf \u0ba4\u0bb2\u0bc8\u0bae\u0bc8\u0baf\u0bbf\u0bb2\u0bbe\u0ba9 \u0b85\u0bb0\u0b9a\u0bc8 \u0b85\u0bae\u0bc8\u0baa\u0bcd\u0baa\u0ba4\u0bb1\u0bcd\u0b95\u0bbe\u0ba9 \u0bae\u0bc1\u0baf\u0bb1\u0bcd\u0b9a\u0bbf \u0b89\u0b9f\u0bcd\u0baa\u0b9f, \u0baa\u0bca\u0bb0\u0bc1\u0bb3\u0bbe\u0ba4\u0bbe\u0bb0 \u0ba8\u0bc6\u0bb0\u0bc1\u0b95\u0bcd\u0b95\u0b9f\u0bbf\u0baf\u0bc8\u0ba4\u0bcd \u0ba4\u0bc0\u0bb0\u0bcd\u0baa\u0bcd\u0baa\u0ba4\u0bb1\u0bcd\u0b95\u0bc1 \u0b9a\u0bbe\u0ba4\u0bcd\u0ba4\u0bbf\u0baf\u0bae\u0bbe\u0ba9 \u0b85\u0ba9\u0bc8\u0ba4\u0bcd\u0ba4\u0bc1 \u0ba8\u0b9f\u0bb5\u0b9f\u0bbf\u0b95\u0bcd\u0b95\u0bc8\u0b95\u0bb3\u0bc8\u0baf\u0bc1\u0bae\u0bcd \u0b8e\u0b9f\u0bc1\u0ba4\u0bcd\u0ba4\u0bc7\u0ba9\u0bcd \u0b8e\u0ba9\u0bcd\u0baa\u0ba4\u0bc1 \u0b8e\u0ba9\u0ba4\u0bc1 \u0ba4\u0ba9\u0bbf\u0baa\u0bcd\u0baa\u0b9f\u0bcd\u0b9f \u0ba8\u0bae\u0bcd\u0baa\u0bbf\u0b95\u0bcd\u0b95\u0bc8.\u201d \u0b8e\u0ba9\u0bcd\u0bb1\u0bc1 \u0b95\u0bcb\u0ba4\u0bcd\u0ba4\u0baa\u0baf \u0bb0\u0bbe\u0b9c\u0baa\u0b95\u0bcd\u0b9a \u0ba4\u0bc6\u0bb0\u0bbf\u0bb5\u0bbf\u0ba4\u0bcd\u0ba4\u0bbf\u0bb0\u0bc1\u0b95\u0bcd\u0b95\u0bbf\u0bb1\u0bbe\u0bb0\u0bcd."}, {"text": "\u0b9a\u0bc6\u0ba9\u0bcd\u0ba9\u0bc8: \u0b95\u0bbe\u0bb2\u0bcd\u0baa\u0ba8\u0bcd\u0ba4\u0bbe\u0b9f\u0bcd\u0b9f \u0b89\u0bb2\u0b95\u0bbf\u0ba9\u0bcd \u0b86\u0bb2\u0bcd-\u0b9f\u0bc8\u0bae\u0bcd \u0b9a\u0bbf\u0bb1\u0ba8\u0bcd\u0ba4 \u0bb5\u0bc0\u0bb0\u0bb0\u0bcd\u0b95\u0bb3\u0bbf\u0bb2\u0bcd \u0b85\u0bb0\u0bcd\u0b9c\u0bc6\u0ba9\u0bcd\u0b9f\u0bbf\u0ba9\u0bbe\u0bb5\u0bbf\u0ba9\u0bcd \u0bae\u0bc6\u0bb8\u0bcd\u0bb8\u0bbf\u0baf\u0bc1\u0bae\u0bcd, \u0baa\u0bcb\u0bb0\u0bcd\u0b9a\u0bcd\u0b9a\u0bc1\u0b95\u0bb2\u0bbf\u0ba9\u0bcd \u0bb0\u0bca\u0ba9\u0bbe\u0bb2\u0bcd\u0b9f\u0bcb\u0bb5\u0bc1\u0bae\u0bcd \u0ba8\u0bbf\u0b9a\u0bcd\u0b9a\u0baf\u0bae\u0bcd \u0b87\u0bb0\u0bc1\u0baa\u0bcd\u0baa\u0bbe\u0bb0\u0bcd\u0b95\u0bb3\u0bcd. \u0b87\u0ba8\u0bcd\u0ba4\u0b9a\u0bcd \u0b9a\u0bc2\u0bb4\u0bb2\u0bbf\u0bb2\u0bcd \u0b87\u0bb0\u0bc1\u0bb5\u0bb0\u0bc1\u0bae\u0bcd \u0bae\u0bc0\u0ba3\u0bcd\u0b9f\u0bc1\u0bae\u0bcd \u0ba8\u0bc7\u0bb0\u0bc1\u0b95\u0bcd\u0b95\u0bc1 \u0ba8\u0bc7\u0bb0\u0bcd \u0baa\u0bb2\u0baa\u0bcd\u0baa\u0bb0\u0bc0\u0b9f\u0bcd\u0b9a\u0bc8 \u0b9a\u0bc6\u0baf\u0bcd\u0baf\u0bc1\u0bae\u0bcd \u0bb5\u0bbe\u0baf\u0bcd\u0baa\u0bcd\u0baa\u0bc1 \u0b85\u0bae\u0bc8\u0ba8\u0bcd\u0ba4\u0bc1\u0bb3\u0bcd\u0bb3\u0ba4\u0bc1. \u0b87\u0bb0\u0bc1\u0bb5\u0bb0\u0bc1\u0bae\u0bcd \u0ba4\u0b99\u0bcd\u0b95\u0bb3\u0bcd \u0b95\u0bbf\u0bb3\u0baa\u0bcd \u0b85\u0ba3\u0bbf\u0b95\u0bcd\u0b95\u0bbe\u0b95 \u0b92\u0bb0\u0bc7 \u0baa\u0bcb\u0b9f\u0bcd\u0b9f\u0bbf\u0baf\u0bbf\u0bb2\u0bcd \u0b8e\u0ba4\u0bbf\u0bb0\u0bc6\u0ba4\u0bbf\u0bb0\u0bbe\u0b95 \u0bb5\u0bbf\u0bb3\u0bc8\u0baf\u0bbe\u0b9f\u0bc1\u0bae\u0bcd \u0bb5\u0bbe\u0baf\u0bcd\u0baa\u0bcd\u0baa\u0bc1 \u0b85\u0bae\u0bc8\u0ba8\u0bcd\u0ba4\u0bc1\u0bb3\u0bcd\u0bb3\u0ba4\u0bc1.\u0bae\u0bc6\u0bb8\u0bcd\u0bb8\u0bbf, \u0baa\u0bbf\u0bb0\u0bbe\u0ba9\u0bcd\u0bb8\u0bcd \u0ba8\u0bbe\u0b9f\u0bcd\u0b9f\u0bc8 \u0b9a\u0bc7\u0bb0\u0bcd\u0ba8\u0bcd\u0ba4 \u0baa\u0bbf\u0b8e\u0bb8\u0bcd\u0b9c\u0bbf \u0b95\u0bbf\u0bb3\u0baa\u0bcd \u0b85\u0ba3\u0bbf\u0b95\u0bcd\u0b95\u0bbe\u0b95 \u0bb5\u0bbf\u0bb3\u0bc8\u0baf\u0bbe\u0b9f\u0bbf \u0bb5\u0bb0\u0bc1\u0b95\u0bbf\u0bb1\u0bbe\u0bb0\u0bcd. \u0bb0\u0bca\u0ba9\u0bbe\u0bb2\u0bcd\u0b9f\u0bcb, \u0b9a\u0bb5\u0bc1\u0ba4\u0bbf \u0b85\u0bb0\u0bc7\u0baa\u0bbf\u0baf\u0bbe\u0bb5\u0bc8 \u0b9a\u0bc7\u0bb0\u0bcd\u0ba8\u0bcd\u0ba4 \u0b85\u0bb2\u0bcd-\u0ba8\u0b9a\u0bb0\u0bcd \u0b95\u0bbf\u0bb3\u0baa\u0bcd \u0b85\u0ba3\u0bbf\u0baf\u0bbf\u0bb2\u0bcd \u0b87\u0ba3\u0bc8\u0ba8\u0bcd\u0ba4\u0bc1\u0bb3\u0bcd\u0bb3\u0bbe\u0bb0\u0bcd. \u0b85\u0bb5\u0bb0\u0bcd \u0b85\u0ba8\u0bcd\u0ba4 \u0b85\u0ba3\u0bbf\u0b95\u0bcd\u0b95\u0bbe\u0b95 \u0bb5\u0bbf\u0bb3\u0bc8\u0baf\u0bbe\u0b9f \u0b87\u0bb0\u0bc1\u0ba8\u0bcd\u0ba4 \u0bae\u0bc1\u0ba4\u0bb2\u0bcd \u0baa\u0bcb\u0b9f\u0bcd\u0b9f\u0bbf \u0bae\u0bb4\u0bc8\u0baf\u0bbf\u0ba9\u0bbe\u0bb2\u0bcd \u0bb0\u0ba4\u0bcd\u0ba4\u0bc1 \u0b9a\u0bc6\u0baf\u0bcd\u0baf\u0baa\u0bcd\u0baa\u0b9f\u0bcd\u0b9f\u0bc1\u0bb3\u0bcd\u0bb3\u0ba4\u0bbe\u0b95 \u0ba4\u0b95\u0bb5\u0bb2\u0bcd.\u0b87\u0ba8\u0bcd\u0ba4\u0b9a\u0bcd \u0b9a\u0bc2\u0bb4\u0bb2\u0bbf\u0bb2\u0bcd \u0baa\u0bbf\u0b8e\u0bb8\u0bcd\u0b9c\u0bbf \u0b85\u0ba3\u0bbf, \u0b9a\u0bb5\u0bc1\u0ba4\u0bbf\u0baf\u0bbf\u0bb2\u0bcd \u0b85\u0bb2\u0bcd-\u0ba8\u0b9a\u0bb0\u0bcd \u0b85\u0ba3\u0bbf\u0baf\u0bc1\u0b9f\u0ba9\u0bcd \u0bb5\u0bbf\u0bb3\u0bc8\u0baf\u0bbe\u0b9f \u0b89\u0bb3\u0bcd\u0bb3\u0ba4\u0bbe\u0b95 \u0ba4\u0b95\u0bb5\u0bb2\u0bcd \u0b95\u0bbf\u0b9f\u0bc8\u0ba4\u0bcd\u0ba4\u0bc1\u0bb3\u0bcd\u0bb3\u0ba4\u0bc1. \u0b85\u0ba4\u0bc1\u0bb5\u0bc1\u0bae\u0bcd \u0b87\u0ba4\u0bc1 \u0ba8\u0b9f\u0baa\u0bcd\u0baa\u0bc1 \u0bae\u0bbe\u0ba4\u0bae\u0bbe\u0ba9 \u0b9c\u0ba9\u0bb5\u0bb0\u0bbf\u0baf\u0bbf\u0bb2\u0bcd \u0ba8\u0b9f\u0b95\u0bcd\u0b95 \u0b89\u0bb3\u0bcd\u0bb3\u0ba4\u0bbe\u0b95\u0bb5\u0bc1\u0bae\u0bcd \u0b9a\u0bca\u0bb2\u0bcd\u0bb2\u0baa\u0bcd\u0baa\u0b9f\u0bc1\u0b95\u0bbf\u0bb1\u0ba4\u0bc1. \u0b95\u0b9f\u0ba8\u0bcd\u0ba4 \u0b86\u0ba3\u0bcd\u0b9f\u0bc1 \u0b9c\u0ba9\u0bb5\u0bb0\u0bbf\u0baf\u0bbf\u0bb2\u0bcd \u0baa\u0bbf\u0b8e\u0bb8\u0bcd\u0b9c\u0bbf \u0b85\u0ba3\u0bbf \u0b9a\u0bb5\u0bc1\u0ba4\u0bbf\u0baf\u0bbf\u0bb2\u0bcd \u0b85\u0bb2\u0bcd-\u0ba8\u0b9a\u0bb0\u0bc1\u0b9f\u0ba9\u0bcd \u0ba8\u0b9f\u0bcd\u0baa\u0bc1 \u0bb0\u0bc0\u0ba4\u0bbf\u0baf\u0bbf\u0bb2\u0bbe\u0ba9 \u0baa\u0bcb\u0b9f\u0bcd\u0b9f\u0bbf\u0baf\u0bbf\u0bb2\u0bcd \u0bb5\u0bbf\u0bb3\u0bc8\u0baf\u0bbe\u0b9f\u0bbf \u0b87\u0bb0\u0bc1\u0b95\u0bcd\u0b95 \u0bb5\u0bc7\u0ba3\u0bcd\u0b9f\u0bc1\u0bae\u0bcd. \u0b86\u0ba9\u0bbe\u0bb2\u0bcd, \u0b95\u0bb0\u0bcb\u0ba9\u0bbe \u0ba4\u0bca\u0bb1\u0bcd\u0bb1\u0bc1 \u0baa\u0bb0\u0bb5\u0bb2\u0bcd \u0b95\u0bbe\u0bb0\u0ba3\u0bae\u0bbe\u0b95 \u0b85\u0ba4\u0bc1 \u0ba4\u0bb3\u0bcd\u0bb3\u0bbf\u0baa\u0bcd\u0baa\u0bcb\u0ba9\u0ba4\u0bc1.\u0b87\u0ba8\u0bcd\u0ba4 \u0ba8\u0bbf\u0bb2\u0bc8\u0baf\u0bbf\u0bb2\u0bcd, \u0b92\u0baa\u0bcd\u0baa\u0ba8\u0bcd\u0ba4\u0ba4\u0bcd\u0ba4\u0bbf\u0ba9\u0bcd\u0baa\u0b9f\u0bbf \u0baa\u0bbf\u0b8e\u0bb8\u0bcd\u0b9c\u0bbf \u0b85\u0ba3\u0bbf \u0ba4\u0bb3\u0bcd\u0bb3\u0bbf\u0baa\u0bcd\u0baa\u0bcb\u0ba9 \u0b85\u0ba8\u0bcd\u0ba4\u0baa\u0bcd \u0baa\u0bcb\u0b9f\u0bcd\u0b9f\u0bbf\u0baf\u0bbf\u0bb2\u0bcd \u0b87\u0baa\u0bcd\u0baa\u0bcb\u0ba4\u0bc1 \u0bb5\u0bbf\u0bb3\u0bc8\u0baf\u0bbe\u0b9f \u0b89\u0bb3\u0bcd\u0bb3\u0ba4\u0bbe\u0bae\u0bcd. \u0b85\u0ba4\u0ba9\u0bbe\u0bb2\u0bcd \u0baa\u0bbf\u0b8e\u0bb8\u0bcd\u0b9c\u0bbf, \u0b85\u0bb2\u0bcd-\u0ba8\u0b9a\u0bb0\u0bc1\u0b9f\u0ba9\u0bcd \u0bb5\u0bbf\u0bb3\u0bc8\u0baf\u0bbe\u0b9f\u0bbf\u0ba9\u0bbe\u0bb2\u0bcd \u0bae\u0bc6\u0bb8\u0bcd\u0bb8\u0bbf\u0baf\u0bc1\u0bae\u0bcd, \u0bb0\u0bca\u0ba9\u0bbe\u0bb2\u0bcd\u0b9f\u0bcb\u0bb5\u0bc1\u0bae\u0bcd \u0ba8\u0bc7\u0bb0\u0bc1\u0b95\u0bcd\u0b95\u0bc1 \u0ba8\u0bc7\u0bb0\u0bbe\u0b95 \u0baa\u0bb2\u0baa\u0bcd\u0baa\u0bb0\u0bc0\u0b9f\u0bcd\u0b9a\u0bc8 \u0b9a\u0bc6\u0baf\u0bcd\u0ba4\u0bc1 \u0bb5\u0bbf\u0bb3\u0bc8\u0baf\u0bbe\u0b9f\u0bc1\u0bae\u0bcd \u0bb5\u0bbe\u0baf\u0bcd\u0baa\u0bcd\u0baa\u0bc1 \u0b85\u0bae\u0bc8\u0ba8\u0bcd\u0ba4\u0bc1\u0bb3\u0bcd\u0bb3\u0ba4\u0bc1. \u0baa\u0bbf\u0b8e\u0bb8\u0bcd\u0b9c\u0bbf \u0b85\u0ba3\u0bbf\u0baf\u0bbf\u0bb2\u0bcd \u0bae\u0bc6\u0bb8\u0bcd\u0bb8\u0bbf \u0bae\u0b9f\u0bcd\u0b9f\u0bc1\u0bae\u0bb2\u0bcd\u0bb2\u0bbe\u0ba4\u0bc1 \u0ba8\u0bc6\u0baf\u0bcd\u0bae\u0bb0\u0bcd, \u0b8e\u0bae\u0bcd\u0baa\u0bbe\u0baa\u0bcd\u0baa\u0bc7, \u0bb9\u0b95\u0bcd\u0b95\u0bbf\u0bae\u0bbf \u0baa\u0bcb\u0ba9\u0bcd\u0bb1 \u0ba8\u0b9f\u0bcd\u0b9a\u0ba4\u0bcd\u0ba4\u0bbf\u0bb0 \u0bb5\u0bc0\u0bb0\u0bb0\u0bcd\u0b95\u0bb3\u0bcd \u0b89\u0bb3\u0bcd\u0bb3\u0ba9\u0bb0\u0bcd \u0b8e\u0ba9\u0bcd\u0baa\u0ba4\u0bc1 \u0b95\u0bc1\u0bb1\u0bbf\u0baa\u0bcd\u0baa\u0bbf\u0b9f\u0ba4\u0bcd\u0ba4\u0b95\u0bcd\u0b95\u0ba4\u0bc1."}]}, "transformersInfo": {"auto_model": "AutoModelForSequenceClassification", "pipeline_tag": "text-classification", "processor": "AutoTokenizer"}, "siblings": [{"rfilename": ".gitattributes"}, {"rfilename": "README.md"}, {"rfilename": "config.json"}, {"rfilename": "model.safetensors"}, {"rfilename": "special_tokens_map.json"}, {"rfilename": "tokenizer.json"}, {"rfilename": "tokenizer_config.json"}, {"rfilename": "vocab.txt"}], "spaces": [], "createdAt": "2024-01-04T06:54:14.000Z", "safetensors": {"parameters": {"F32": 237563914}, "total": 237563914}, "inferenceStatus": "not-loaded"}