{"_id": "660eb63de2f7f0d0d5b16570", "id": "l3cube-pune/marathi-short-topic-bert-pruned-distill", "modelId": "l3cube-pune/marathi-short-topic-bert-pruned-distill", "author": "l3cube-pune", "sha": "34210e0dda3694c2a0fe1f09cddfc73406389f68", "lastModified": "2024-04-04T14:40:08.000Z", "private": false, "disabled": false, "gated": false, "pipeline_tag": "text-classification", "tags": ["transformers", "safetensors", "bert", "text-classification", "mr", "dataset:L3Cube-IndicNews", "arxiv:2401.02254", "license:cc-by-4.0", "autotrain_compatible", "endpoints_compatible", "region:us"], "downloads": 2, "library_name": "transformers", "mask_token": "[MASK]", "widgetData": [{"text": "IND vs IRE : \u0906\u092f\u0930\u094d\u0932\u0902\u0921\u091a\u094d\u092f\u093e \u0926\u094c\u0931\u094d\u092f\u093e\u0938\u093e\u0920\u0940 \u0915\u0938\u093e \u0906\u0939\u0947 \u092d\u093e\u0930\u0924\u0940\u092f \u0938\u0902\u0918, \u091c\u093e\u0923\u0942\u0928 \u0918\u094d\u092f\u093e \u0915\u094b\u0923\u093e\u0932\u093e \u092e\u093f\u0933\u093e\u0932\u0940 \u0938\u0902\u0927\u0940..."}], "likes": 0, "model-index": null, "config": {"architectures": ["BertForSequenceClassification"], "model_type": "bert", "tokenizer_config": {"cls_token": "[CLS]", "mask_token": "[MASK]", "pad_token": "[PAD]", "sep_token": "[SEP]", "unk_token": "[UNK]"}}, "cardData": {"license": "cc-by-4.0", "language": ["mr"], "tags": ["bert"], "datasets": ["L3Cube-IndicNews"], "widget": [{"text": "IND vs IRE : \u0906\u092f\u0930\u094d\u0932\u0902\u0921\u091a\u094d\u092f\u093e \u0926\u094c\u0931\u094d\u092f\u093e\u0938\u093e\u0920\u0940 \u0915\u0938\u093e \u0906\u0939\u0947 \u092d\u093e\u0930\u0924\u0940\u092f \u0938\u0902\u0918, \u091c\u093e\u0923\u0942\u0928 \u0918\u094d\u092f\u093e \u0915\u094b\u0923\u093e\u0932\u093e \u092e\u093f\u0933\u093e\u0932\u0940 \u0938\u0902\u0927\u0940..."}]}, "transformersInfo": {"auto_model": "AutoModelForSequenceClassification", "pipeline_tag": "text-classification", "processor": "AutoTokenizer"}, "siblings": [{"rfilename": ".gitattributes"}, {"rfilename": "README.md"}, {"rfilename": "config.json"}, {"rfilename": "model.safetensors"}, {"rfilename": "special_tokens_map.json"}, {"rfilename": "tokenizer.json"}, {"rfilename": "tokenizer_config.json"}, {"rfilename": "vocab.txt"}], "spaces": [], "createdAt": "2024-04-04T14:16:29.000Z", "safetensors": {"parameters": {"F32": 223400460}, "total": 223400460}, "inferenceStatus": "not-loaded"}