{"_id": "621ffdc136468d709f17d48b", "id": "l3cube-pune/marathi-albert", "modelId": "l3cube-pune/marathi-albert", "author": "l3cube-pune", "sha": "8dd096516c5cf6663920a49b577e1ba2b5cc9d8f", "lastModified": "2023-06-17T15:31:02.000Z", "private": false, "disabled": false, "gated": false, "pipeline_tag": "fill-mask", "tags": ["transformers", "pytorch", "albert", "fill-mask", "mr", "dataset:L3Cube-MahaCorpus", "arxiv:2202.01159", "license:cc-by-4.0", "autotrain_compatible", "endpoints_compatible", "region:us"], "downloads": 27, "library_name": "transformers", "mask_token": "[MASK]", "likes": 0, "model-index": null, "config": {"architectures": ["AlbertForMaskedLM"], "model_type": "albert", "tokenizer_config": {"bos_token": "[CLS]", "eos_token": "[SEP]", "unk_token": "<unk>", "sep_token": "[SEP]", "pad_token": "<pad>", "cls_token": "[CLS]", "mask_token": {"content": "[MASK]", "single_word": false, "lstrip": true, "rstrip": false, "normalized": true, "__type": "AddedToken"}}}, "cardData": {"license": "cc-by-4.0", "language": "mr", "datasets": ["L3Cube-MahaCorpus"]}, "transformersInfo": {"auto_model": "AutoModelForMaskedLM", "pipeline_tag": "fill-mask", "processor": "AutoTokenizer"}, "siblings": [{"rfilename": ".gitattributes"}, {"rfilename": "README.md"}, {"rfilename": "added_tokens.json"}, {"rfilename": "config.json"}, {"rfilename": "pytorch_model.bin"}, {"rfilename": "special_tokens_map.json"}, {"rfilename": "spiece.model"}, {"rfilename": "tokenizer.json"}, {"rfilename": "tokenizer_config.json"}], "spaces": [], "createdAt": "2022-03-02T23:29:05.000Z", "inferenceStatus": "not-loaded"}