{"_id": "63fa0a105560a18b1fd02327", "id": "l3cube-pune/tamil-sentence-similarity-sbert", "modelId": "l3cube-pune/tamil-sentence-similarity-sbert", "author": "l3cube-pune", "sha": "dedd832eb882df103162dfdf59fdbfdc1c879bbc", "lastModified": "2023-06-11T15:07:28.000Z", "private": false, "disabled": false, "gated": false, "pipeline_tag": "sentence-similarity", "tags": ["sentence-transformers", "pytorch", "bert", "feature-extraction", "sentence-similarity", "transformers", "ta", "arxiv:2304.11434", "arxiv:2211.11187", "license:cc-by-4.0", "autotrain_compatible", "text-embeddings-inference", "endpoints_compatible", "region:us"], "downloads": 79, "library_name": "sentence-transformers", "mask_token": "[MASK]", "widgetData": [{"source_sentence": "\u0bae\u0b95\u0bcd\u0b95\u0bb3\u0bcd \u0b95\u0bc1\u0bb4\u0bc1 \u0baa\u0bbe\u0b9f\u0bc1\u0b95\u0bbf\u0bb1\u0ba4\u0bc1", "sentences": ["\u0b9a\u0bbf\u0bb2\u0bb0\u0bcd \u0baa\u0bbe\u0b9f\u0bc1\u0b95\u0bbf\u0bb1\u0bbe\u0bb0\u0bcd\u0b95\u0bb3\u0bcd", "\u0b92\u0bb0\u0bc1 \u0b87\u0bb3\u0bc8\u0b9e\u0ba9\u0bcd \u0baa\u0bbf\u0baf\u0bbe\u0ba9\u0bcb \u0baa\u0bbe\u0b9f\u0bc1\u0b95\u0bbf\u0bb1\u0bbe\u0ba9\u0bcd", "\u0bae\u0ba9\u0bbf\u0ba4\u0ba9\u0bcd \u0b92\u0bb0\u0bc1 \u0b95\u0b9f\u0bbf\u0ba4\u0bae\u0bcd \u0b8e\u0bb4\u0bc1\u0ba4\u0bc1\u0b95\u0bbf\u0bb1\u0bbe\u0ba9\u0bcd"], "example_title": "Example 1"}, {"source_sentence": "\u0ba8\u0bbe\u0baf\u0bcd \u0baa\u0bca\u0bae\u0bcd\u0bae\u0bc8\u0baf\u0bc8 \u0b95\u0bc1\u0bb0\u0bc8\u0b95\u0bcd\u0b95\u0bbf\u0bb1\u0ba4\u0bc1", "sentences": ["\u0b92\u0bb0\u0bc1 \u0ba8\u0bbe\u0baf\u0bcd \u0b92\u0bb0\u0bc1 \u0baa\u0bca\u0bae\u0bcd\u0bae\u0bc8\u0baf\u0bbf\u0bb2\u0bcd \u0b95\u0bc1\u0bb0\u0bc8\u0b95\u0bcd\u0b95\u0bbf\u0bb1\u0ba4\u0bc1", "\u0b92\u0bb0\u0bc1 \u0baa\u0bc2\u0ba9\u0bc8 \u0baa\u0bbe\u0bb2\u0bcd \u0b95\u0bc1\u0b9f\u0bbf\u0b95\u0bcd\u0b95\u0bbf\u0bb1\u0ba4\u0bc1", "\u0b92\u0bb0\u0bc1 \u0ba8\u0bbe\u0baf\u0bcd \u0b92\u0bb0\u0bc1 \u0baa\u0ba8\u0bcd\u0ba4\u0bc8\u0ba4\u0bcd \u0ba4\u0bc1\u0bb0\u0ba4\u0bcd\u0ba4\u0bc1\u0b95\u0bbf\u0bb1\u0ba4\u0bc1"], "example_title": "Example 2"}, {"source_sentence": "\u0ba8\u0bbe\u0ba9\u0bcd \u0bae\u0bc1\u0ba4\u0bb2\u0bcd \u0bae\u0bc1\u0bb1\u0bc8\u0baf\u0bbe\u0b95 \u0bb5\u0bbf\u0bae\u0bbe\u0ba9\u0ba4\u0bcd\u0ba4\u0bbf\u0bb2\u0bcd \u0b85\u0bae\u0bb0\u0bcd\u0ba8\u0bcd\u0ba4\u0bc7\u0ba9\u0bcd", "sentences": ["\u0b85\u0ba4\u0bc1 \u0b8e\u0ba9\u0ba4\u0bc1 \u0bae\u0bc1\u0ba4\u0bb2\u0bcd \u0bb5\u0bbf\u0bae\u0bbe\u0ba9\u0baa\u0bcd \u0baa\u0baf\u0ba3\u0bae\u0bcd ", "\u0bae\u0bc1\u0ba4\u0bb2\u0bcd \u0bae\u0bc1\u0bb1\u0bc8\u0baf\u0bbe\u0b95 \u0bb0\u0baf\u0bbf\u0bb2\u0bbf\u0bb2\u0bcd \u0b85\u0bae\u0bb0\u0bcd\u0ba8\u0bcd\u0ba4\u0bc7\u0ba9\u0bcd", "\u0baa\u0bc1\u0ba4\u0bbf\u0baf \u0b87\u0b9f\u0b99\u0bcd\u0b95\u0bb3\u0bc1\u0b95\u0bcd\u0b95\u0bc1 \u0baa\u0baf\u0ba3\u0bae\u0bcd \u0b9a\u0bc6\u0baf\u0bcd\u0bb5\u0ba4\u0bc1 \u0b8e\u0ba9\u0b95\u0bcd\u0b95\u0bc1 \u0bae\u0bbf\u0b95\u0bb5\u0bc1\u0bae\u0bcd \u0baa\u0bbf\u0b9f\u0bbf\u0b95\u0bcd\u0b95\u0bc1\u0bae\u0bcd"], "example_title": "Example 3"}], "likes": 1, "model-index": null, "config": {"architectures": ["BertModel"], "model_type": "bert", "tokenizer_config": {"cls_token": "[CLS]", "mask_token": "[MASK]", "pad_token": "[PAD]", "sep_token": "[SEP]", "unk_token": "[UNK]"}}, "cardData": {"pipeline_tag": "sentence-similarity", "tags": ["sentence-transformers", "feature-extraction", "sentence-similarity", "transformers"], "license": "cc-by-4.0", "language": "ta", "widget": [{"source_sentence": "\u0bae\u0b95\u0bcd\u0b95\u0bb3\u0bcd \u0b95\u0bc1\u0bb4\u0bc1 \u0baa\u0bbe\u0b9f\u0bc1\u0b95\u0bbf\u0bb1\u0ba4\u0bc1", "sentences": ["\u0b9a\u0bbf\u0bb2\u0bb0\u0bcd \u0baa\u0bbe\u0b9f\u0bc1\u0b95\u0bbf\u0bb1\u0bbe\u0bb0\u0bcd\u0b95\u0bb3\u0bcd", "\u0b92\u0bb0\u0bc1 \u0b87\u0bb3\u0bc8\u0b9e\u0ba9\u0bcd \u0baa\u0bbf\u0baf\u0bbe\u0ba9\u0bcb \u0baa\u0bbe\u0b9f\u0bc1\u0b95\u0bbf\u0bb1\u0bbe\u0ba9\u0bcd", "\u0bae\u0ba9\u0bbf\u0ba4\u0ba9\u0bcd \u0b92\u0bb0\u0bc1 \u0b95\u0b9f\u0bbf\u0ba4\u0bae\u0bcd \u0b8e\u0bb4\u0bc1\u0ba4\u0bc1\u0b95\u0bbf\u0bb1\u0bbe\u0ba9\u0bcd"], "example_title": "Example 1"}, {"source_sentence": "\u0ba8\u0bbe\u0baf\u0bcd \u0baa\u0bca\u0bae\u0bcd\u0bae\u0bc8\u0baf\u0bc8 \u0b95\u0bc1\u0bb0\u0bc8\u0b95\u0bcd\u0b95\u0bbf\u0bb1\u0ba4\u0bc1", "sentences": ["\u0b92\u0bb0\u0bc1 \u0ba8\u0bbe\u0baf\u0bcd \u0b92\u0bb0\u0bc1 \u0baa\u0bca\u0bae\u0bcd\u0bae\u0bc8\u0baf\u0bbf\u0bb2\u0bcd \u0b95\u0bc1\u0bb0\u0bc8\u0b95\u0bcd\u0b95\u0bbf\u0bb1\u0ba4\u0bc1", "\u0b92\u0bb0\u0bc1 \u0baa\u0bc2\u0ba9\u0bc8 \u0baa\u0bbe\u0bb2\u0bcd \u0b95\u0bc1\u0b9f\u0bbf\u0b95\u0bcd\u0b95\u0bbf\u0bb1\u0ba4\u0bc1", "\u0b92\u0bb0\u0bc1 \u0ba8\u0bbe\u0baf\u0bcd \u0b92\u0bb0\u0bc1 \u0baa\u0ba8\u0bcd\u0ba4\u0bc8\u0ba4\u0bcd \u0ba4\u0bc1\u0bb0\u0ba4\u0bcd\u0ba4\u0bc1\u0b95\u0bbf\u0bb1\u0ba4\u0bc1"], "example_title": "Example 2"}, {"source_sentence": "\u0ba8\u0bbe\u0ba9\u0bcd \u0bae\u0bc1\u0ba4\u0bb2\u0bcd \u0bae\u0bc1\u0bb1\u0bc8\u0baf\u0bbe\u0b95 \u0bb5\u0bbf\u0bae\u0bbe\u0ba9\u0ba4\u0bcd\u0ba4\u0bbf\u0bb2\u0bcd \u0b85\u0bae\u0bb0\u0bcd\u0ba8\u0bcd\u0ba4\u0bc7\u0ba9\u0bcd", "sentences": ["\u0b85\u0ba4\u0bc1 \u0b8e\u0ba9\u0ba4\u0bc1 \u0bae\u0bc1\u0ba4\u0bb2\u0bcd \u0bb5\u0bbf\u0bae\u0bbe\u0ba9\u0baa\u0bcd \u0baa\u0baf\u0ba3\u0bae\u0bcd ", "\u0bae\u0bc1\u0ba4\u0bb2\u0bcd \u0bae\u0bc1\u0bb1\u0bc8\u0baf\u0bbe\u0b95 \u0bb0\u0baf\u0bbf\u0bb2\u0bbf\u0bb2\u0bcd \u0b85\u0bae\u0bb0\u0bcd\u0ba8\u0bcd\u0ba4\u0bc7\u0ba9\u0bcd", "\u0baa\u0bc1\u0ba4\u0bbf\u0baf \u0b87\u0b9f\u0b99\u0bcd\u0b95\u0bb3\u0bc1\u0b95\u0bcd\u0b95\u0bc1 \u0baa\u0baf\u0ba3\u0bae\u0bcd \u0b9a\u0bc6\u0baf\u0bcd\u0bb5\u0ba4\u0bc1 \u0b8e\u0ba9\u0b95\u0bcd\u0b95\u0bc1 \u0bae\u0bbf\u0b95\u0bb5\u0bc1\u0bae\u0bcd \u0baa\u0bbf\u0b9f\u0bbf\u0b95\u0bcd\u0b95\u0bc1\u0bae\u0bcd"], "example_title": "Example 3"}]}, "transformersInfo": {"auto_model": "AutoModel", "pipeline_tag": "feature-extraction", "processor": "AutoTokenizer"}, "siblings": [{"rfilename": ".gitattributes"}, {"rfilename": "1_Pooling/config.json"}, {"rfilename": "README.md"}, {"rfilename": "config.json"}, {"rfilename": "config_sentence_transformers.json"}, {"rfilename": "modules.json"}, {"rfilename": "pytorch_model.bin"}, {"rfilename": "sentence_bert_config.json"}, {"rfilename": "special_tokens_map.json"}, {"rfilename": "tokenizer.json"}, {"rfilename": "tokenizer_config.json"}, {"rfilename": "vocab.txt"}], "spaces": [], "createdAt": "2023-02-25T13:16:00.000Z", "inferenceStatus": "not-loaded"}