{"_id": "63063325cb5492c9859d49ea", "id": "l3cube-pune/mr-ht-5m", "modelId": "l3cube-pune/mr-ht-5m", "author": "l3cube-pune", "sha": "530448c7caec95bd4b068844abf5399b38245d55", "lastModified": "2023-04-20T13:13:38.000Z", "private": false, "disabled": false, "gated": false, "pipeline_tag": "fill-mask", "tags": ["transformers", "pytorch", "bert", "fill-mask", "autotrain_compatible", "endpoints_compatible", "region:us"], "downloads": 1, "library_name": "transformers", "mask_token": "[MASK]", "widgetData": [{"text": "Paris is the [MASK] of France."}, {"text": "The goal of life is [MASK]."}], "likes": 0, "config": {"architectures": ["BertForMaskedLM"], "model_type": "bert", "tokenizer_config": {"cls_token": "[CLS]", "mask_token": "[MASK]", "pad_token": "[PAD]", "sep_token": "[SEP]", "unk_token": "[UNK]"}}, "transformersInfo": {"auto_model": "AutoModelForMaskedLM", "pipeline_tag": "fill-mask", "processor": "AutoTokenizer"}, "siblings": [{"rfilename": ".gitattributes"}, {"rfilename": "config.json"}, {"rfilename": "pytorch_model.bin"}, {"rfilename": "special_tokens_map.json"}, {"rfilename": "tokenizer.json"}, {"rfilename": "tokenizer_config.json"}, {"rfilename": "vocab.txt"}], "spaces": [], "createdAt": "2022-08-24T14:18:13.000Z", "inferenceStatus": "not-loaded"}