{"_id": "6309d6744bee441367aceb6c", "id": "l3cube-pune/mr-random-twt-1m", "modelId": "l3cube-pune/mr-random-twt-1m", "author": "l3cube-pune", "sha": "582a773f86e92caa90b1d6c240940d6d1b1e5ae8", "lastModified": "2023-04-20T13:14:40.000Z", "private": false, "disabled": false, "gated": false, "pipeline_tag": "fill-mask", "tags": ["transformers", "pytorch", "bert", "fill-mask", "mr", "dataset:L3Cube-MahaCorpus", "arxiv:2210.04267", "license:cc-by-4.0", "autotrain_compatible", "endpoints_compatible", "region:us"], "downloads": 1, "library_name": "transformers", "mask_token": "[MASK]", "likes": 0, "model-index": null, "config": {"architectures": ["BertForMaskedLM"], "model_type": "bert", "tokenizer_config": {"cls_token": "[CLS]", "mask_token": "[MASK]", "pad_token": "[PAD]", "sep_token": "[SEP]", "unk_token": "[UNK]"}}, "cardData": {"license": "cc-by-4.0", "language": "mr", "datasets": ["L3Cube-MahaCorpus"]}, "transformersInfo": {"auto_model": "AutoModelForMaskedLM", "pipeline_tag": "fill-mask", "processor": "AutoTokenizer"}, "siblings": [{"rfilename": ".gitattributes"}, {"rfilename": "README.md"}, {"rfilename": "config.json"}, {"rfilename": "pytorch_model.bin"}, {"rfilename": "special_tokens_map.json"}, {"rfilename": "tokenizer.json"}, {"rfilename": "tokenizer_config.json"}, {"rfilename": "vocab.txt"}], "spaces": [], "createdAt": "2022-08-27T08:31:48.000Z", "inferenceStatus": "not-loaded"}