{"_id": "62224f99cf6e2213ef53ae93", "id": "l3cube-pune/marathi-albert-v2", "modelId": "l3cube-pune/marathi-albert-v2", "author": "l3cube-pune", "sha": "76ef3b6421baf9bb747e102310594550f4627587", "lastModified": "2022-06-26T15:13:43.000Z", "private": false, "disabled": false, "gated": false, "pipeline_tag": "fill-mask", "tags": ["transformers", "pytorch", "albert", "fill-mask", "mr", "dataset:L3Cube-MahaCorpus", "arxiv:2202.01159", "license:cc-by-4.0", "autotrain_compatible", "endpoints_compatible", "region:us"], "downloads": 5, "library_name": "transformers", "mask_token": "[MASK]", "likes": 1, "model-index": null, "config": {"architectures": ["AlbertForMaskedLM"], "model_type": "albert", "tokenizer_config": {"bos_token": "[CLS]", "eos_token": "[SEP]", "unk_token": "<unk>", "sep_token": "[SEP]", "pad_token": "<pad>", "cls_token": "[CLS]", "mask_token": {"content": "[MASK]", "single_word": false, "lstrip": true, "rstrip": false, "normalized": false, "__type": "AddedToken"}}}, "cardData": {"license": "cc-by-4.0", "language": "mr", "datasets": ["L3Cube-MahaCorpus"]}, "transformersInfo": {"auto_model": "AutoModelForMaskedLM", "pipeline_tag": "fill-mask", "processor": "AutoTokenizer"}, "siblings": [{"rfilename": ".gitattributes"}, {"rfilename": "README.md"}, {"rfilename": "config.json"}, {"rfilename": "pytorch_model.bin"}, {"rfilename": "special_tokens_map.json"}, {"rfilename": "spiece.model"}, {"rfilename": "tokenizer.json"}, {"rfilename": "tokenizer_config.json"}], "spaces": [], "createdAt": "2022-03-04T17:42:49.000Z", "inferenceStatus": "not-loaded"}