{"_id": "6496ff945d127f28d628819b", "id": "l3cube-pune/me-lid-roberta", "modelId": "l3cube-pune/me-lid-roberta", "author": "l3cube-pune", "sha": "e260d4837116170cea184532d1de74020ed6a94e", "lastModified": "2023-07-22T08:35:03.000Z", "private": false, "disabled": false, "gated": false, "pipeline_tag": "token-classification", "tags": ["transformers", "pytorch", "safetensors", "roberta", "token-classification", "mr", "en", "codemix", "multilingual", "dataset:L3Cube-MeCorpus", "dataset:L3Cube-MeLID", "arxiv:2306.14030", "license:cc-by-4.0", "autotrain_compatible", "endpoints_compatible", "region:us"], "downloads": 2, "library_name": "transformers", "mask_token": "<mask>", "likes": 0, "model-index": null, "config": {"architectures": ["RobertaForTokenClassification"], "model_type": "roberta", "tokenizer_config": {"bos_token": "<s>", "cls_token": "<s>", "eos_token": "</s>", "mask_token": "<mask>", "pad_token": "<pad>", "sep_token": "</s>", "unk_token": "<unk>"}}, "cardData": {"language": ["mr", "en", "multilingual"], "license": "cc-by-4.0", "tags": ["mr", "en", "codemix"], "datasets": ["L3Cube-MeCorpus", "L3Cube-MeLID"]}, "transformersInfo": {"auto_model": "AutoModelForTokenClassification", "pipeline_tag": "token-classification", "processor": "AutoTokenizer"}, "siblings": [{"rfilename": ".gitattributes"}, {"rfilename": "README.md"}, {"rfilename": "config.json"}, {"rfilename": "merges.txt"}, {"rfilename": "model.safetensors"}, {"rfilename": "pytorch_model.bin"}, {"rfilename": "special_tokens_map.json"}, {"rfilename": "tokenizer.json"}, {"rfilename": "tokenizer_config.json"}, {"rfilename": "vocab.json"}], "spaces": [], "createdAt": "2023-06-24T14:37:08.000Z", "safetensors": {"parameters": {"I64": 514, "F32": 124057347}, "total": 124057861}, "inferenceStatus": "not-loaded"}