{"_id": "63fa0e76b018e56ef7b5ed0f", "id": "l3cube-pune/odia-sentence-similarity-sbert", "modelId": "l3cube-pune/odia-sentence-similarity-sbert", "author": "l3cube-pune", "sha": "2a47feb9f564c9d9819da734196cf23883f534ab", "lastModified": "2023-06-11T15:08:02.000Z", "private": false, "disabled": false, "gated": false, "pipeline_tag": "sentence-similarity", "tags": ["sentence-transformers", "pytorch", "bert", "feature-extraction", "sentence-similarity", "transformers", "or", "arxiv:2304.11434", "arxiv:2211.11187", "license:cc-by-4.0", "autotrain_compatible", "text-embeddings-inference", "endpoints_compatible", "region:us"], "downloads": 3, "library_name": "sentence-transformers", "mask_token": "[MASK]", "widgetData": [{"source_sentence": "\u09b2\u09cb\u0995\u099f\u09bf \u0995\u09c1\u09a1\u09bc\u09be\u09b2 \u09a6\u09bf\u09af\u09bc\u09c7 \u098f\u0995\u099f\u09bf \u0997\u09be\u099b \u0995\u09c7\u099f\u09c7 \u09ab\u09c7\u09b2\u09b2", "sentences": ["\u098f\u0995\u099c\u09a8 \u09b2\u09cb\u0995 \u0995\u09c1\u09a1\u09bc\u09be\u09b2 \u09a6\u09bf\u09af\u09bc\u09c7 \u098f\u0995\u099f\u09bf \u0997\u09be\u099b\u09c7\u09b0 \u09a8\u09bf\u099a\u09c7 \u099a\u09aa \u0995\u09b0\u09c7", "\u098f\u0995\u099c\u09a8 \u09b2\u09cb\u0995 \u0997\u09bf\u099f\u09be\u09b0 \u09ac\u09be\u099c\u099b\u09c7", "\u098f\u0995\u099c\u09a8 \u09ae\u09b9\u09bf\u09b2\u09be \u0998\u09cb\u09a1\u09bc\u09be\u09af\u09bc \u099a\u09a1\u09bc\u09c7"], "example_title": "Example 1"}, {"source_sentence": "\u098f\u0995\u099f\u09bf \u0997\u09cb\u09b2\u09be\u09aa\u09c0 \u09b8\u09be\u0987\u0995\u09c7\u09b2 \u098f\u0995\u099f\u09bf \u09ac\u09bf\u09b2\u09cd\u09a1\u09bf\u0982\u09af\u09bc\u09c7\u09b0 \u09b8\u09be\u09ae\u09a8\u09c7 \u09b0\u09af\u09bc\u09c7\u099b\u09c7", "sentences": ["\u0995\u09bf\u099b\u09c1 \u09a7\u09cd\u09ac\u0982\u09b8\u09be\u09ac\u09b6\u09c7\u09b7\u09c7\u09b0 \u09b8\u09be\u09ae\u09a8\u09c7 \u098f\u0995\u099f\u09bf \u09b8\u09be\u0987\u0995\u09c7\u09b2", "\u0997\u09cb\u09b2\u09be\u09aa\u09c0 \u09a6\u09c1\u099f\u09bf \u099b\u09cb\u099f \u09ae\u09c7\u09af\u09bc\u09c7 \u09a8\u09be\u099a\u099b\u09c7", "\u09ad\u09c7\u09a1\u09bc\u09be \u0997\u09be\u099b\u09c7\u09b0 \u09b2\u09be\u0987\u09a8\u09c7\u09b0 \u09b8\u09be\u09ae\u09a8\u09c7 \u09ae\u09be\u09a0\u09c7 \u099a\u09be\u09b0\u09a3 \u0995\u09b0\u099b\u09c7"], "example_title": "Example 2"}, {"source_sentence": "\u0986\u09b2\u09cb\u09b0 \u0997\u09a4\u09bf \u09b8\u09b8\u09c0\u09ae \u09b9\u0993\u09af\u09bc\u09be\u09b0 \u0997\u09a4\u09bf \u0986\u09ae\u09be\u09a6\u09c7\u09b0 \u09ae\u09b9\u09be\u09ac\u09bf\u09b6\u09cd\u09ac\u09c7\u09b0 \u0985\u09a8\u09cd\u09af\u09a4\u09ae \u09ae\u09cc\u09b2\u09bf\u0995", "sentences": ["\u0986\u09b2\u09cb\u09b0 \u0997\u09a4\u09bf \u0995\u09a4?", "\u0986\u09b2\u09cb\u09b0 \u0997\u09a4\u09bf \u09b8\u09b8\u09c0\u09ae", "\u0986\u09b2\u09cb \u09ae\u09b9\u09be\u09ac\u09bf\u09b6\u09cd\u09ac\u09c7\u09b0 \u09a6\u09cd\u09b0\u09c1\u09a4\u09a4\u09ae \u099c\u09bf\u09a8\u09bf\u09b8"], "example_title": "Example 3"}], "likes": 1, "model-index": null, "config": {"architectures": ["BertModel"], "model_type": "bert", "tokenizer_config": {"cls_token": "[CLS]", "mask_token": "[MASK]", "pad_token": "[PAD]", "sep_token": "[SEP]", "unk_token": "[UNK]"}}, "cardData": {"pipeline_tag": "sentence-similarity", "tags": ["sentence-transformers", "feature-extraction", "sentence-similarity", "transformers"], "license": "cc-by-4.0", "language": "or", "widget": [{"source_sentence": "\u09b2\u09cb\u0995\u099f\u09bf \u0995\u09c1\u09a1\u09bc\u09be\u09b2 \u09a6\u09bf\u09af\u09bc\u09c7 \u098f\u0995\u099f\u09bf \u0997\u09be\u099b \u0995\u09c7\u099f\u09c7 \u09ab\u09c7\u09b2\u09b2", "sentences": ["\u098f\u0995\u099c\u09a8 \u09b2\u09cb\u0995 \u0995\u09c1\u09a1\u09bc\u09be\u09b2 \u09a6\u09bf\u09af\u09bc\u09c7 \u098f\u0995\u099f\u09bf \u0997\u09be\u099b\u09c7\u09b0 \u09a8\u09bf\u099a\u09c7 \u099a\u09aa \u0995\u09b0\u09c7", "\u098f\u0995\u099c\u09a8 \u09b2\u09cb\u0995 \u0997\u09bf\u099f\u09be\u09b0 \u09ac\u09be\u099c\u099b\u09c7", "\u098f\u0995\u099c\u09a8 \u09ae\u09b9\u09bf\u09b2\u09be \u0998\u09cb\u09a1\u09bc\u09be\u09af\u09bc \u099a\u09a1\u09bc\u09c7"], "example_title": "Example 1"}, {"source_sentence": "\u098f\u0995\u099f\u09bf \u0997\u09cb\u09b2\u09be\u09aa\u09c0 \u09b8\u09be\u0987\u0995\u09c7\u09b2 \u098f\u0995\u099f\u09bf \u09ac\u09bf\u09b2\u09cd\u09a1\u09bf\u0982\u09af\u09bc\u09c7\u09b0 \u09b8\u09be\u09ae\u09a8\u09c7 \u09b0\u09af\u09bc\u09c7\u099b\u09c7", "sentences": ["\u0995\u09bf\u099b\u09c1 \u09a7\u09cd\u09ac\u0982\u09b8\u09be\u09ac\u09b6\u09c7\u09b7\u09c7\u09b0 \u09b8\u09be\u09ae\u09a8\u09c7 \u098f\u0995\u099f\u09bf \u09b8\u09be\u0987\u0995\u09c7\u09b2", "\u0997\u09cb\u09b2\u09be\u09aa\u09c0 \u09a6\u09c1\u099f\u09bf \u099b\u09cb\u099f \u09ae\u09c7\u09af\u09bc\u09c7 \u09a8\u09be\u099a\u099b\u09c7", "\u09ad\u09c7\u09a1\u09bc\u09be \u0997\u09be\u099b\u09c7\u09b0 \u09b2\u09be\u0987\u09a8\u09c7\u09b0 \u09b8\u09be\u09ae\u09a8\u09c7 \u09ae\u09be\u09a0\u09c7 \u099a\u09be\u09b0\u09a3 \u0995\u09b0\u099b\u09c7"], "example_title": "Example 2"}, {"source_sentence": "\u0986\u09b2\u09cb\u09b0 \u0997\u09a4\u09bf \u09b8\u09b8\u09c0\u09ae \u09b9\u0993\u09af\u09bc\u09be\u09b0 \u0997\u09a4\u09bf \u0986\u09ae\u09be\u09a6\u09c7\u09b0 \u09ae\u09b9\u09be\u09ac\u09bf\u09b6\u09cd\u09ac\u09c7\u09b0 \u0985\u09a8\u09cd\u09af\u09a4\u09ae \u09ae\u09cc\u09b2\u09bf\u0995", "sentences": ["\u0986\u09b2\u09cb\u09b0 \u0997\u09a4\u09bf \u0995\u09a4?", "\u0986\u09b2\u09cb\u09b0 \u0997\u09a4\u09bf \u09b8\u09b8\u09c0\u09ae", "\u0986\u09b2\u09cb \u09ae\u09b9\u09be\u09ac\u09bf\u09b6\u09cd\u09ac\u09c7\u09b0 \u09a6\u09cd\u09b0\u09c1\u09a4\u09a4\u09ae \u099c\u09bf\u09a8\u09bf\u09b8"], "example_title": "Example 3"}]}, "transformersInfo": {"auto_model": "AutoModel", "pipeline_tag": "feature-extraction", "processor": "AutoTokenizer"}, "siblings": [{"rfilename": ".gitattributes"}, {"rfilename": "1_Pooling/config.json"}, {"rfilename": "README.md"}, {"rfilename": "config.json"}, {"rfilename": "config_sentence_transformers.json"}, {"rfilename": "modules.json"}, {"rfilename": "pytorch_model.bin"}, {"rfilename": "sentence_bert_config.json"}, {"rfilename": "special_tokens_map.json"}, {"rfilename": "tokenizer.json"}, {"rfilename": "tokenizer_config.json"}, {"rfilename": "vocab.txt"}], "spaces": [], "createdAt": "2023-02-25T13:34:46.000Z", "inferenceStatus": "not-loaded"}