{"_id": "64392c934407be0bc2dfb8a5", "id": "l3cube-pune/me-roberta-mixed", "modelId": "l3cube-pune/me-roberta-mixed", "author": "l3cube-pune", "sha": "b95b71dfca276b687670bdd2201fa7f00c2cba34", "lastModified": "2023-07-22T08:29:00.000Z", "private": false, "disabled": false, "gated": false, "pipeline_tag": "fill-mask", "tags": ["transformers", "pytorch", "xlm-roberta", "fill-mask", "mr", "en", "codemix", "multilingual", "dataset:L3Cube-MeCorpus", "arxiv:2306.14030", "license:cc-by-4.0", "autotrain_compatible", "endpoints_compatible", "region:us"], "downloads": 2, "library_name": "transformers", "mask_token": "<mask>", "likes": 0, "model-index": null, "config": {"architectures": ["XLMRobertaForMaskedLM"], "model_type": "xlm-roberta", "tokenizer_config": {"bos_token": "<s>", "cls_token": "<s>", "eos_token": "</s>", "mask_token": {"__type": "AddedToken", "content": "<mask>", "lstrip": true, "normalized": true, "rstrip": false, "single_word": false}, "pad_token": "<pad>", "sep_token": "</s>", "unk_token": "<unk>"}}, "cardData": {"language": ["mr", "en", "multilingual"], "license": "cc-by-4.0", "tags": ["mr", "en", "codemix"], "datasets": ["L3Cube-MeCorpus"]}, "transformersInfo": {"auto_model": "AutoModelForMaskedLM", "pipeline_tag": "fill-mask", "processor": "AutoTokenizer"}, "siblings": [{"rfilename": ".gitattributes"}, {"rfilename": "README.md"}, {"rfilename": "config.json"}, {"rfilename": "pytorch_model.bin"}, {"rfilename": "special_tokens_map.json"}, {"rfilename": "tokenizer.json"}, {"rfilename": "tokenizer_config.json"}], "spaces": [], "createdAt": "2023-04-14T10:36:03.000Z", "inferenceStatus": "not-loaded"}