{"_id": "63fa11b65560a18b1fd0731b", "id": "l3cube-pune/punjabi-sentence-similarity-sbert", "modelId": "l3cube-pune/punjabi-sentence-similarity-sbert", "author": "l3cube-pune", "sha": "f0f70a7c92a148a891b37e39c2ae3b69bf38e12a", "lastModified": "2023-06-11T15:08:32.000Z", "private": false, "disabled": false, "gated": false, "pipeline_tag": "sentence-similarity", "tags": ["sentence-transformers", "pytorch", "bert", "feature-extraction", "sentence-similarity", "transformers", "pa", "arxiv:2304.11434", "arxiv:2211.11187", "license:cc-by-4.0", "autotrain_compatible", "text-embeddings-inference", "endpoints_compatible", "region:us"], "downloads": 2, "library_name": "sentence-transformers", "mask_token": "[MASK]", "widgetData": [{"source_sentence": "\u0a2a\u0a47\u0a02\u0a1f\u0a3f\u0a70\u0a17 \u0a2e\u0a47\u0a30\u0a3e \u0a38\u0a3c\u0a4c\u0a15 \u0a39\u0a48", "sentences": ["\u0a28\u0a71\u0a1a\u0a23\u0a3e \u0a2e\u0a47\u0a30\u0a3e \u0a38\u0a3c\u0a4c\u0a15 \u0a39\u0a48", "\u0a2e\u0a47\u0a30\u0a47 \u0a2c\u0a39\u0a41\u0a24 \u0a38\u0a3e\u0a30\u0a47 \u0a38\u0a3c\u0a4c\u0a15 \u0a39\u0a28", "\u0a2e\u0a48\u0a28\u0a42\u0a70 \u0a2a\u0a47\u0a02\u0a1f\u0a3f\u0a70\u0a17 \u0a05\u0a24\u0a47 \u0a21\u0a3e\u0a02\u0a38 \u0a26\u0a4b\u0a35\u0a3e\u0a02 \u0a26\u0a3e \u0a06\u0a28\u0a70\u0a26 \u0a06\u0a09\u0a02\u0a26\u0a3e \u0a39\u0a48"], "example_title": "Example 1"}, {"source_sentence": "\u0a15\u0a41\u0a1d \u0a32\u0a4b\u0a15 \u0a17\u0a3e \u0a30\u0a39\u0a47 \u0a39\u0a28", "sentences": ["\u0a32\u0a4b\u0a15\u0a3e\u0a02 \u0a26\u0a3e \u0a07\u0a71\u0a15 \u0a38\u0a2e\u0a42\u0a39 \u0a17\u0a3e \u0a30\u0a3f\u0a39\u0a3e \u0a39\u0a48", "\u0a07\u0a71\u0a15 \u0a2c\u0a3f\u0a71\u0a32\u0a40 \u0a26\u0a41\u0a71\u0a27 \u0a2a\u0a40 \u0a30\u0a39\u0a40 \u0a39\u0a48", "\u0a26\u0a4b \u0a06\u0a26\u0a2e\u0a40 \u0a32\u0a5c \u0a30\u0a39\u0a47 \u0a39\u0a28"], "example_title": "Example 2"}, {"source_sentence": "\u0a2e\u0a47\u0a30\u0a47 \u0a18\u0a30 \u0a35\u0a3f\u0a71\u0a1a \u0a24\u0a41\u0a39\u0a3e\u0a21\u0a3e \u0a38\u0a41\u0a06\u0a17\u0a24 \u0a39\u0a48", "sentences": ["\u0a2e\u0a48\u0a02 \u0a24\u0a41\u0a39\u0a3e\u0a21\u0a47 \u0a18\u0a30 \u0a35\u0a3f\u0a71\u0a1a \u0a24\u0a41\u0a39\u0a3e\u0a21\u0a3e \u0a38\u0a41\u0a06\u0a17\u0a24 \u0a15\u0a30\u0a3e\u0a02\u0a17\u0a3e ", "\u0a2e\u0a47\u0a30\u0a3e \u0a18\u0a30 \u0a15\u0a3e\u0a2b\u0a40 \u0a35\u0a71\u0a21\u0a3e \u0a39\u0a48", "\u0a05\u0a71\u0a1c \u0a2e\u0a47\u0a30\u0a47 \u0a18\u0a30 \u0a35\u0a3f\u0a71\u0a1a \u0a30\u0a39\u0a4b"], "example_title": "Example 3"}], "likes": 1, "model-index": null, "config": {"architectures": ["BertModel"], "model_type": "bert", "tokenizer_config": {"cls_token": "[CLS]", "mask_token": "[MASK]", "pad_token": "[PAD]", "sep_token": "[SEP]", "unk_token": "[UNK]"}}, "cardData": {"pipeline_tag": "sentence-similarity", "tags": ["sentence-transformers", "feature-extraction", "sentence-similarity", "transformers"], "license": "cc-by-4.0", "language": "pa", "widget": [{"source_sentence": "\u0a2a\u0a47\u0a02\u0a1f\u0a3f\u0a70\u0a17 \u0a2e\u0a47\u0a30\u0a3e \u0a38\u0a3c\u0a4c\u0a15 \u0a39\u0a48", "sentences": ["\u0a28\u0a71\u0a1a\u0a23\u0a3e \u0a2e\u0a47\u0a30\u0a3e \u0a38\u0a3c\u0a4c\u0a15 \u0a39\u0a48", "\u0a2e\u0a47\u0a30\u0a47 \u0a2c\u0a39\u0a41\u0a24 \u0a38\u0a3e\u0a30\u0a47 \u0a38\u0a3c\u0a4c\u0a15 \u0a39\u0a28", "\u0a2e\u0a48\u0a28\u0a42\u0a70 \u0a2a\u0a47\u0a02\u0a1f\u0a3f\u0a70\u0a17 \u0a05\u0a24\u0a47 \u0a21\u0a3e\u0a02\u0a38 \u0a26\u0a4b\u0a35\u0a3e\u0a02 \u0a26\u0a3e \u0a06\u0a28\u0a70\u0a26 \u0a06\u0a09\u0a02\u0a26\u0a3e \u0a39\u0a48"], "example_title": "Example 1"}, {"source_sentence": "\u0a15\u0a41\u0a1d \u0a32\u0a4b\u0a15 \u0a17\u0a3e \u0a30\u0a39\u0a47 \u0a39\u0a28", "sentences": ["\u0a32\u0a4b\u0a15\u0a3e\u0a02 \u0a26\u0a3e \u0a07\u0a71\u0a15 \u0a38\u0a2e\u0a42\u0a39 \u0a17\u0a3e \u0a30\u0a3f\u0a39\u0a3e \u0a39\u0a48", "\u0a07\u0a71\u0a15 \u0a2c\u0a3f\u0a71\u0a32\u0a40 \u0a26\u0a41\u0a71\u0a27 \u0a2a\u0a40 \u0a30\u0a39\u0a40 \u0a39\u0a48", "\u0a26\u0a4b \u0a06\u0a26\u0a2e\u0a40 \u0a32\u0a5c \u0a30\u0a39\u0a47 \u0a39\u0a28"], "example_title": "Example 2"}, {"source_sentence": "\u0a2e\u0a47\u0a30\u0a47 \u0a18\u0a30 \u0a35\u0a3f\u0a71\u0a1a \u0a24\u0a41\u0a39\u0a3e\u0a21\u0a3e \u0a38\u0a41\u0a06\u0a17\u0a24 \u0a39\u0a48", "sentences": ["\u0a2e\u0a48\u0a02 \u0a24\u0a41\u0a39\u0a3e\u0a21\u0a47 \u0a18\u0a30 \u0a35\u0a3f\u0a71\u0a1a \u0a24\u0a41\u0a39\u0a3e\u0a21\u0a3e \u0a38\u0a41\u0a06\u0a17\u0a24 \u0a15\u0a30\u0a3e\u0a02\u0a17\u0a3e ", "\u0a2e\u0a47\u0a30\u0a3e \u0a18\u0a30 \u0a15\u0a3e\u0a2b\u0a40 \u0a35\u0a71\u0a21\u0a3e \u0a39\u0a48", "\u0a05\u0a71\u0a1c \u0a2e\u0a47\u0a30\u0a47 \u0a18\u0a30 \u0a35\u0a3f\u0a71\u0a1a \u0a30\u0a39\u0a4b"], "example_title": "Example 3"}]}, "transformersInfo": {"auto_model": "AutoModel", "pipeline_tag": "feature-extraction", "processor": "AutoTokenizer"}, "siblings": [{"rfilename": ".gitattributes"}, {"rfilename": "1_Pooling/config.json"}, {"rfilename": "README.md"}, {"rfilename": "config.json"}, {"rfilename": "config_sentence_transformers.json"}, {"rfilename": "modules.json"}, {"rfilename": "pytorch_model.bin"}, {"rfilename": "sentence_bert_config.json"}, {"rfilename": "special_tokens_map.json"}, {"rfilename": "tokenizer.json"}, {"rfilename": "tokenizer_config.json"}, {"rfilename": "vocab.txt"}], "spaces": [], "createdAt": "2023-02-25T13:48:38.000Z", "inferenceStatus": "not-loaded"}