{"_id": "6402f455eec7c3275491deef", "id": "l3cube-pune/telugu-sentence-bert-nli", "modelId": "l3cube-pune/telugu-sentence-bert-nli", "author": "l3cube-pune", "sha": "9dadfb0b2bbf1bf59c76f231b349fd47ed6f777a", "lastModified": "2023-06-11T15:03:55.000Z", "private": false, "disabled": false, "gated": false, "pipeline_tag": "sentence-similarity", "tags": ["sentence-transformers", "pytorch", "bert", "feature-extraction", "sentence-similarity", "transformers", "te", "arxiv:2304.11434", "arxiv:2211.11187", "license:cc-by-4.0", "autotrain_compatible", "text-embeddings-inference", "endpoints_compatible", "region:us"], "downloads": 12, "library_name": "sentence-transformers", "mask_token": "[MASK]", "widgetData": [{"source_sentence": "\u0c12\u0c15 \u0c2e\u0c39\u0c3f\u0c33 \u0c09\u0c32\u0c4d\u0c32\u0c3f\u0c2a\u0c3e\u0c2f\u0c28\u0c41 \u0c15\u0c24\u0c4d\u0c24\u0c3f\u0c38\u0c4d\u0c24\u0c4b\u0c02\u0c26\u0c3f", "sentences": ["\u0c12\u0c15 \u0c38\u0c4d\u0c24\u0c4d\u0c30\u0c40 \u0c09\u0c32\u0c4d\u0c32\u0c3f\u0c2a\u0c3e\u0c2f\u0c32\u0c41 \u0c15\u0c4b\u0c38\u0c4d\u0c24\u0c4b\u0c02\u0c26\u0c3f", "\u0c12\u0c15 \u0c38\u0c4d\u0c24\u0c4d\u0c30\u0c40 \u0c2c\u0c02\u0c17\u0c3e\u0c33\u0c3e\u0c26\u0c41\u0c02\u0c2a\u0c28\u0c41 \u0c24\u0c4a\u0c15\u0c4d\u0c15\u0c21\u0c02", "\u0c12\u0c15 \u0c2a\u0c3f\u0c32\u0c4d\u0c32\u0c3f \u0c07\u0c02\u0c1f\u0c3f \u0c1a\u0c41\u0c1f\u0c4d\u0c1f\u0c42 \u0c28\u0c21\u0c41\u0c38\u0c4d\u0c24\u0c4b\u0c02\u0c26\u0c3f"], "example_title": "Example 1"}, {"source_sentence": "\u0c2a\u0c3f\u0c32\u0c4d\u0c32\u0c32 \u0c2c\u0c43\u0c02\u0c26\u0c02 \u0c1c\u0c02\u0c2a\u0c3f\u0c02\u0c17\u0c4d \u0c2a\u0c4b\u0c1f\u0c40\u0c28\u0c3f \u0c28\u0c3f\u0c30\u0c4d\u0c35\u0c39\u0c3f\u0c38\u0c4d\u0c24\u0c4b\u0c02\u0c26\u0c3f", "sentences": ["\u0c2a\u0c3f\u0c32\u0c4d\u0c32\u0c32 \u0c17\u0c41\u0c02\u0c2a\u0c41 \u0c38\u0c30\u0c26\u0c3e\u0c17\u0c3e \u0c17\u0c21\u0c41\u0c2a\u0c41\u0c24\u0c4b\u0c02\u0c26\u0c3f", "\u0c2a\u0c3f\u0c32\u0c4d\u0c32\u0c32\u0c41 \u0c2a\u0c3e\u0c30\u0c4d\u0c15\u0c41\u0c32\u0c4b \u0c06\u0c21\u0c41\u0c15\u0c4b\u0c35\u0c21\u0c3e\u0c28\u0c3f\u0c15\u0c3f \u0c07\u0c37\u0c4d\u0c1f\u0c2a\u0c21\u0c24\u0c3e\u0c30\u0c41", "\u0c2e\u0c41\u0c17\u0c4d\u0c17\u0c41\u0c30\u0c41 \u0c05\u0c2c\u0c4d\u0c2c\u0c3e\u0c2f\u0c3f\u0c32\u0c41 \u0c28\u0c21\u0c41\u0c38\u0c4d\u0c24\u0c41\u0c28\u0c4d\u0c28\u0c3e\u0c30\u0c41"], "example_title": "Example 2"}, {"source_sentence": "\u0c2e\u0c40 \u0c30\u0c46\u0c02\u0c21\u0c41 \u0c2a\u0c4d\u0c30\u0c36\u0c4d\u0c28\u0c32\u0c15\u0c41 \u0c05\u0c35\u0c41\u0c28\u0c28\u0c47 \u0c38\u0c2e\u0c3e\u0c27\u0c3e\u0c28\u0c02 \u0c35\u0c38\u0c4d\u0c24\u0c41\u0c02\u0c26\u0c3f", "sentences": ["\u0c30\u0c46\u0c02\u0c21\u0c41 \u0c2a\u0c4d\u0c30\u0c36\u0c4d\u0c28\u0c32\u0c15\u0c41 \u0c05\u0c35\u0c41\u0c28\u0c28\u0c47 \u0c38\u0c2e\u0c3e\u0c27\u0c3e\u0c28\u0c02 \u0c35\u0c38\u0c4d\u0c24\u0c4b\u0c02\u0c26\u0c3f", "\u0c2e\u0c47\u0c2e\u0c41 \u0c2e\u0c40 \u0c05\u0c28\u0c4d\u0c28\u0c3f \u0c2a\u0c4d\u0c30\u0c36\u0c4d\u0c28\u0c32\u0c15\u0c41 \u0c38\u0c2e\u0c3e\u0c27\u0c3e\u0c28\u0c2e\u0c3f\u0c1a\u0c4d\u0c1a\u0c3e\u0c2e\u0c41", "\u0c28\u0c47\u0c28\u0c41 \u0c08 \u0c2a\u0c4d\u0c30\u0c36\u0c4d\u0c28\u0c15\u0c41 \u0c38\u0c2e\u0c3e\u0c27\u0c3e\u0c28\u0c02 \u0c07\u0c38\u0c4d\u0c24\u0c3e\u0c28\u0c41"], "example_title": "Example 3"}], "likes": 1, "model-index": null, "config": {"architectures": ["BertModel"], "model_type": "bert", "tokenizer_config": {"cls_token": "[CLS]", "mask_token": "[MASK]", "pad_token": "[PAD]", "sep_token": "[SEP]", "unk_token": "[UNK]"}}, "cardData": {"pipeline_tag": "sentence-similarity", "tags": ["sentence-transformers", "feature-extraction", "sentence-similarity", "transformers"], "license": "cc-by-4.0", "language": "te", "widget": [{"source_sentence": "\u0c12\u0c15 \u0c2e\u0c39\u0c3f\u0c33 \u0c09\u0c32\u0c4d\u0c32\u0c3f\u0c2a\u0c3e\u0c2f\u0c28\u0c41 \u0c15\u0c24\u0c4d\u0c24\u0c3f\u0c38\u0c4d\u0c24\u0c4b\u0c02\u0c26\u0c3f", "sentences": ["\u0c12\u0c15 \u0c38\u0c4d\u0c24\u0c4d\u0c30\u0c40 \u0c09\u0c32\u0c4d\u0c32\u0c3f\u0c2a\u0c3e\u0c2f\u0c32\u0c41 \u0c15\u0c4b\u0c38\u0c4d\u0c24\u0c4b\u0c02\u0c26\u0c3f", "\u0c12\u0c15 \u0c38\u0c4d\u0c24\u0c4d\u0c30\u0c40 \u0c2c\u0c02\u0c17\u0c3e\u0c33\u0c3e\u0c26\u0c41\u0c02\u0c2a\u0c28\u0c41 \u0c24\u0c4a\u0c15\u0c4d\u0c15\u0c21\u0c02", "\u0c12\u0c15 \u0c2a\u0c3f\u0c32\u0c4d\u0c32\u0c3f \u0c07\u0c02\u0c1f\u0c3f \u0c1a\u0c41\u0c1f\u0c4d\u0c1f\u0c42 \u0c28\u0c21\u0c41\u0c38\u0c4d\u0c24\u0c4b\u0c02\u0c26\u0c3f"], "example_title": "Example 1"}, {"source_sentence": "\u0c2a\u0c3f\u0c32\u0c4d\u0c32\u0c32 \u0c2c\u0c43\u0c02\u0c26\u0c02 \u0c1c\u0c02\u0c2a\u0c3f\u0c02\u0c17\u0c4d \u0c2a\u0c4b\u0c1f\u0c40\u0c28\u0c3f \u0c28\u0c3f\u0c30\u0c4d\u0c35\u0c39\u0c3f\u0c38\u0c4d\u0c24\u0c4b\u0c02\u0c26\u0c3f", "sentences": ["\u0c2a\u0c3f\u0c32\u0c4d\u0c32\u0c32 \u0c17\u0c41\u0c02\u0c2a\u0c41 \u0c38\u0c30\u0c26\u0c3e\u0c17\u0c3e \u0c17\u0c21\u0c41\u0c2a\u0c41\u0c24\u0c4b\u0c02\u0c26\u0c3f", "\u0c2a\u0c3f\u0c32\u0c4d\u0c32\u0c32\u0c41 \u0c2a\u0c3e\u0c30\u0c4d\u0c15\u0c41\u0c32\u0c4b \u0c06\u0c21\u0c41\u0c15\u0c4b\u0c35\u0c21\u0c3e\u0c28\u0c3f\u0c15\u0c3f \u0c07\u0c37\u0c4d\u0c1f\u0c2a\u0c21\u0c24\u0c3e\u0c30\u0c41", "\u0c2e\u0c41\u0c17\u0c4d\u0c17\u0c41\u0c30\u0c41 \u0c05\u0c2c\u0c4d\u0c2c\u0c3e\u0c2f\u0c3f\u0c32\u0c41 \u0c28\u0c21\u0c41\u0c38\u0c4d\u0c24\u0c41\u0c28\u0c4d\u0c28\u0c3e\u0c30\u0c41"], "example_title": "Example 2"}, {"source_sentence": "\u0c2e\u0c40 \u0c30\u0c46\u0c02\u0c21\u0c41 \u0c2a\u0c4d\u0c30\u0c36\u0c4d\u0c28\u0c32\u0c15\u0c41 \u0c05\u0c35\u0c41\u0c28\u0c28\u0c47 \u0c38\u0c2e\u0c3e\u0c27\u0c3e\u0c28\u0c02 \u0c35\u0c38\u0c4d\u0c24\u0c41\u0c02\u0c26\u0c3f", "sentences": ["\u0c30\u0c46\u0c02\u0c21\u0c41 \u0c2a\u0c4d\u0c30\u0c36\u0c4d\u0c28\u0c32\u0c15\u0c41 \u0c05\u0c35\u0c41\u0c28\u0c28\u0c47 \u0c38\u0c2e\u0c3e\u0c27\u0c3e\u0c28\u0c02 \u0c35\u0c38\u0c4d\u0c24\u0c4b\u0c02\u0c26\u0c3f", "\u0c2e\u0c47\u0c2e\u0c41 \u0c2e\u0c40 \u0c05\u0c28\u0c4d\u0c28\u0c3f \u0c2a\u0c4d\u0c30\u0c36\u0c4d\u0c28\u0c32\u0c15\u0c41 \u0c38\u0c2e\u0c3e\u0c27\u0c3e\u0c28\u0c2e\u0c3f\u0c1a\u0c4d\u0c1a\u0c3e\u0c2e\u0c41", "\u0c28\u0c47\u0c28\u0c41 \u0c08 \u0c2a\u0c4d\u0c30\u0c36\u0c4d\u0c28\u0c15\u0c41 \u0c38\u0c2e\u0c3e\u0c27\u0c3e\u0c28\u0c02 \u0c07\u0c38\u0c4d\u0c24\u0c3e\u0c28\u0c41"], "example_title": "Example 3"}]}, "transformersInfo": {"auto_model": "AutoModel", "pipeline_tag": "feature-extraction", "processor": "AutoTokenizer"}, "siblings": [{"rfilename": ".gitattributes"}, {"rfilename": "1_Pooling/config.json"}, {"rfilename": "README.md"}, {"rfilename": "config.json"}, {"rfilename": "config_sentence_transformers.json"}, {"rfilename": "modules.json"}, {"rfilename": "pytorch_model.bin"}, {"rfilename": "sentence_bert_config.json"}, {"rfilename": "special_tokens_map.json"}, {"rfilename": "tokenizer.json"}, {"rfilename": "tokenizer_config.json"}, {"rfilename": "vocab.txt"}], "spaces": [], "createdAt": "2023-03-04T07:33:41.000Z", "inferenceStatus": "not-loaded"}