{"_id": "63946a18dda2f4142a359296", "id": "l3cube-pune/english-pegasus-summary", "modelId": "l3cube-pune/english-pegasus-summary", "author": "l3cube-pune", "sha": "e083eaf413a56c9749ef08ab588df53a93ec4a0a", "lastModified": "2023-09-18T11:46:03.000Z", "private": false, "disabled": false, "gated": false, "pipeline_tag": "text2text-generation", "tags": ["transformers", "pytorch", "pegasus", "text2text-generation", "en", "arxiv:2212.05702", "license:cc-by-4.0", "autotrain_compatible", "endpoints_compatible", "region:us"], "downloads": 1, "library_name": "transformers", "likes": 0, "model-index": null, "config": {"architectures": ["PegasusForConditionalGeneration"], "model_type": "pegasus", "tokenizer_config": {"eos_token": "</s>", "mask_token": "<mask_2>", "pad_token": "<pad>", "unk_token": "<unk>"}}, "cardData": {"license": "cc-by-4.0", "language": "en"}, "transformersInfo": {"auto_model": "AutoModelForSeq2SeqLM", "pipeline_tag": "text2text-generation", "processor": "AutoTokenizer"}, "siblings": [{"rfilename": ".gitattributes"}, {"rfilename": "README.md"}, {"rfilename": "config.json"}, {"rfilename": "pytorch_model.bin"}, {"rfilename": "special_tokens_map.json"}, {"rfilename": "spiece.model"}, {"rfilename": "tokenizer.json"}, {"rfilename": "tokenizer_config.json"}], "spaces": [], "createdAt": "2022-12-10T11:14:32.000Z", "inferenceStatus": "not-loaded"}