{"_id": "6322c57a9c5c75a5b5e1015c", "id": "l3cube-pune/hindi-tweets-bert-hateful", "modelId": "l3cube-pune/hindi-tweets-bert-hateful", "author": "l3cube-pune", "sha": "d5cb0acdf0d644fa574522d9e19ae0f155bc32b1", "lastModified": "2023-04-20T13:11:56.000Z", "private": false, "disabled": false, "gated": false, "pipeline_tag": "fill-mask", "tags": ["transformers", "pytorch", "safetensors", "bert", "fill-mask", "hi", "arxiv:2210.04267", "license:cc-by-4.0", "autotrain_compatible", "endpoints_compatible", "region:us"], "downloads": 2, "library_name": "transformers", "mask_token": "[MASK]", "likes": 0, "model-index": null, "config": {"architectures": ["BertForMaskedLM"], "model_type": "bert", "tokenizer_config": {"cls_token": "[CLS]", "mask_token": "[MASK]", "pad_token": "[PAD]", "sep_token": "[SEP]", "unk_token": "[UNK]"}}, "cardData": {"license": "cc-by-4.0", "language": "hi"}, "transformersInfo": {"auto_model": "AutoModelForMaskedLM", "pipeline_tag": "fill-mask", "processor": "AutoTokenizer"}, "siblings": [{"rfilename": ".gitattributes"}, {"rfilename": "README.md"}, {"rfilename": "config.json"}, {"rfilename": "model.safetensors"}, {"rfilename": "pytorch_model.bin"}, {"rfilename": "special_tokens_map.json"}, {"rfilename": "tokenizer.json"}, {"rfilename": "tokenizer_config.json"}, {"rfilename": "vocab.txt"}], "spaces": [], "createdAt": "2022-09-15T06:26:02.000Z", "safetensors": {"parameters": {"I64": 512, "F32": 237755045}, "total": 237755557}, "inferenceStatus": "not-loaded"}