{"_id": "6402f25666f4a994f1a89659", "id": "l3cube-pune/kannada-sentence-bert-nli", "modelId": "l3cube-pune/kannada-sentence-bert-nli", "author": "l3cube-pune", "sha": "ca0470e7c6640f55f51cb0ca6b0470feed2e6fb8", "lastModified": "2023-06-11T15:04:17.000Z", "private": false, "disabled": false, "gated": false, "pipeline_tag": "sentence-similarity", "tags": ["sentence-transformers", "pytorch", "bert", "feature-extraction", "sentence-similarity", "transformers", "kn", "arxiv:2304.11434", "arxiv:2211.11187", "license:cc-by-4.0", "autotrain_compatible", "text-embeddings-inference", "endpoints_compatible", "region:us"], "downloads": 67, "library_name": "sentence-transformers", "mask_token": "[MASK]", "widgetData": [{"source_sentence": "\u0ca8\u0cae\u0ccd\u0cae \u0caa\u0cb0\u0cbf\u0cb8\u0cb0\u0ca6 \u0cac\u0c97\u0ccd\u0c97\u0cc6 \u0ca8\u0cbe\u0cb5\u0cc1 \u0c95\u0cbe\u0cb3\u0c9c\u0cbf \u0cb5\u0cb9\u0cbf\u0cb8\u0cac\u0cc7\u0c95\u0cc1", "sentences": ["\u0ca8\u0cae\u0ccd\u0cae \u0caa\u0cb0\u0cbf\u0cb8\u0cb0\u0cb5\u0ca8\u0ccd\u0ca8\u0cc1 \u0cb8\u0ccd\u0cb5\u0c9a\u0ccd\u0c9b\u0cb5\u0cbe\u0c97\u0cbf\u0c9f\u0ccd\u0c9f\u0cc1\u0c95\u0cca\u0cb3\u0ccd\u0cb3\u0ccb\u0ca3", "\u0c9c\u0cbe\u0c97\u0ca4\u0cbf\u0c95 \u0ca4\u0cbe\u0caa\u0cae\u0cbe\u0ca8\u0cb5\u0cc1 \u0c97\u0c82\u0cad\u0cc0\u0cb0 \u0cb8\u0cae\u0cb8\u0ccd\u0caf\u0cc6\u0caf\u0cbe\u0c97\u0cbf\u0ca6\u0cc6", "\u0cb9\u0cc6\u0c9a\u0ccd\u0c9a\u0cc1 \u0cae\u0cb0\u0c97\u0cb3\u0ca8\u0ccd\u0ca8\u0cc1 \u0ca8\u0cc6\u0ca1\u0cbf"], "example_title": "Example 1"}, {"source_sentence": "\u0c95\u0cc6\u0cb2\u0cb5\u0cb0\u0cc1 \u0cb9\u0cbe\u0ca1\u0cc1\u0ca4\u0ccd\u0ca4\u0cbf\u0ca6\u0ccd\u0ca6\u0cbe\u0cb0\u0cc6", "sentences": ["\u0c9c\u0ca8\u0cb0 \u0c97\u0cc1\u0c82\u0caa\u0cc1 \u0cb9\u0cbe\u0ca1\u0cc1\u0ca4\u0ccd\u0ca4\u0cbf\u0ca6\u0cc6", "\u0cac\u0cc6\u0c95\u0ccd\u0c95\u0cc1 \u0cb9\u0cbe\u0cb2\u0cc1 \u0c95\u0cc1\u0ca1\u0cbf\u0caf\u0cc1\u0ca4\u0ccd\u0ca4\u0cbf\u0ca6\u0cc6", "\u0c87\u0cac\u0ccd\u0cac\u0cb0\u0cc1 \u0caa\u0cc1\u0cb0\u0cc1\u0cb7\u0cb0\u0cc1 \u0c9c\u0c97\u0cb3\u0cb5\u0cbe\u0ca1\u0cc1\u0ca4\u0ccd\u0ca4\u0cbf\u0ca6\u0ccd\u0ca6\u0cbe\u0cb0\u0cc6"], "example_title": "Example 2"}, {"source_sentence": "\u0cab\u0cc6\u0ca1\u0cb0\u0cb0\u0ccd \u0cb5\u0cbf\u0c82\u0cac\u0cb2\u0ccd\u0ca1\u0ca8\u0ccd \u0caa\u0ccd\u0cb0\u0cb6\u0cb8\u0ccd\u0ca4\u0cbf \u0c97\u0cc6\u0ca6\u0ccd\u0ca6\u0cbf\u0ca6\u0ccd\u0ca6\u0cbe\u0cb0\u0cc6", "sentences": ["\u0cab\u0cc6\u0ca1\u0cb0\u0cb0\u0ccd \u0ca4\u0cae\u0ccd\u0cae \u0cb5\u0cc3\u0ca4\u0ccd\u0ca4\u0cbf\u0c9c\u0cc0\u0cb5\u0ca8\u0ca6\u0cb2\u0ccd\u0cb2\u0cbf \u0c92\u0c9f\u0ccd\u0c9f\u0cc1 20 \u0c97\u0ccd\u0cb0\u0ccd\u0caf\u0cbe\u0ca8\u0ccd \u0cb8\u0ccd\u0cb2\u0cbe\u0cae\u0ccd \u0caa\u0ccd\u0cb0\u0cb6\u0cb8\u0ccd\u0ca4\u0cbf\u0c97\u0cb3\u0ca8\u0ccd\u0ca8\u0cc1 \u0c97\u0cc6\u0ca6\u0ccd\u0ca6\u0cbf\u0ca6\u0ccd\u0ca6\u0cbe\u0cb0\u0cc6 ", "\u0cab\u0cc6\u0ca1\u0cb0\u0cb0\u0ccd \u0cb8\u0cc6\u0caa\u0ccd\u0c9f\u0cc6\u0c82\u0cac\u0cb0\u0ccd\u200c\u0ca8\u0cb2\u0ccd\u0cb2\u0cbf \u0ca8\u0cbf\u0cb5\u0cc3\u0ca4\u0ccd\u0ca4\u0cbf \u0c98\u0ccb\u0cb7\u0cbf\u0cb8\u0cbf\u0ca6\u0cb0\u0cc1", "\u0c92\u0cac\u0ccd\u0cac \u0cae\u0ca8\u0cc1\u0cb7\u0ccd\u0caf \u0c92\u0c82\u0ca6\u0cc1 \u0caa\u0cbe\u0ca4\u0ccd\u0cb0\u0cc6\u0caf\u0cb2\u0ccd\u0cb2\u0cbf \u0cb8\u0ccd\u0cb5\u0cb2\u0ccd\u0caa \u0c85\u0ca1\u0cc1\u0c97\u0cc6 \u0c8e\u0ca3\u0ccd\u0ca3\u0cc6\u0caf\u0ca8\u0ccd\u0ca8\u0cc1 \u0cb8\u0cc1\u0cb0\u0cbf\u0caf\u0cc1\u0ca4\u0ccd\u0ca4\u0cbe\u0ca8\u0cc6"], "example_title": "Example 3"}], "likes": 2, "model-index": null, "config": {"architectures": ["BertModel"], "model_type": "bert", "tokenizer_config": {"cls_token": "[CLS]", "mask_token": "[MASK]", "pad_token": "[PAD]", "sep_token": "[SEP]", "unk_token": "[UNK]"}}, "cardData": {"pipeline_tag": "sentence-similarity", "tags": ["sentence-transformers", "feature-extraction", "sentence-similarity", "transformers"], "license": "cc-by-4.0", "language": "kn", "widget": [{"source_sentence": "\u0ca8\u0cae\u0ccd\u0cae \u0caa\u0cb0\u0cbf\u0cb8\u0cb0\u0ca6 \u0cac\u0c97\u0ccd\u0c97\u0cc6 \u0ca8\u0cbe\u0cb5\u0cc1 \u0c95\u0cbe\u0cb3\u0c9c\u0cbf \u0cb5\u0cb9\u0cbf\u0cb8\u0cac\u0cc7\u0c95\u0cc1", "sentences": ["\u0ca8\u0cae\u0ccd\u0cae \u0caa\u0cb0\u0cbf\u0cb8\u0cb0\u0cb5\u0ca8\u0ccd\u0ca8\u0cc1 \u0cb8\u0ccd\u0cb5\u0c9a\u0ccd\u0c9b\u0cb5\u0cbe\u0c97\u0cbf\u0c9f\u0ccd\u0c9f\u0cc1\u0c95\u0cca\u0cb3\u0ccd\u0cb3\u0ccb\u0ca3", "\u0c9c\u0cbe\u0c97\u0ca4\u0cbf\u0c95 \u0ca4\u0cbe\u0caa\u0cae\u0cbe\u0ca8\u0cb5\u0cc1 \u0c97\u0c82\u0cad\u0cc0\u0cb0 \u0cb8\u0cae\u0cb8\u0ccd\u0caf\u0cc6\u0caf\u0cbe\u0c97\u0cbf\u0ca6\u0cc6", "\u0cb9\u0cc6\u0c9a\u0ccd\u0c9a\u0cc1 \u0cae\u0cb0\u0c97\u0cb3\u0ca8\u0ccd\u0ca8\u0cc1 \u0ca8\u0cc6\u0ca1\u0cbf"], "example_title": "Example 1"}, {"source_sentence": "\u0c95\u0cc6\u0cb2\u0cb5\u0cb0\u0cc1 \u0cb9\u0cbe\u0ca1\u0cc1\u0ca4\u0ccd\u0ca4\u0cbf\u0ca6\u0ccd\u0ca6\u0cbe\u0cb0\u0cc6", "sentences": ["\u0c9c\u0ca8\u0cb0 \u0c97\u0cc1\u0c82\u0caa\u0cc1 \u0cb9\u0cbe\u0ca1\u0cc1\u0ca4\u0ccd\u0ca4\u0cbf\u0ca6\u0cc6", "\u0cac\u0cc6\u0c95\u0ccd\u0c95\u0cc1 \u0cb9\u0cbe\u0cb2\u0cc1 \u0c95\u0cc1\u0ca1\u0cbf\u0caf\u0cc1\u0ca4\u0ccd\u0ca4\u0cbf\u0ca6\u0cc6", "\u0c87\u0cac\u0ccd\u0cac\u0cb0\u0cc1 \u0caa\u0cc1\u0cb0\u0cc1\u0cb7\u0cb0\u0cc1 \u0c9c\u0c97\u0cb3\u0cb5\u0cbe\u0ca1\u0cc1\u0ca4\u0ccd\u0ca4\u0cbf\u0ca6\u0ccd\u0ca6\u0cbe\u0cb0\u0cc6"], "example_title": "Example 2"}, {"source_sentence": "\u0cab\u0cc6\u0ca1\u0cb0\u0cb0\u0ccd \u0cb5\u0cbf\u0c82\u0cac\u0cb2\u0ccd\u0ca1\u0ca8\u0ccd \u0caa\u0ccd\u0cb0\u0cb6\u0cb8\u0ccd\u0ca4\u0cbf \u0c97\u0cc6\u0ca6\u0ccd\u0ca6\u0cbf\u0ca6\u0ccd\u0ca6\u0cbe\u0cb0\u0cc6", "sentences": ["\u0cab\u0cc6\u0ca1\u0cb0\u0cb0\u0ccd \u0ca4\u0cae\u0ccd\u0cae \u0cb5\u0cc3\u0ca4\u0ccd\u0ca4\u0cbf\u0c9c\u0cc0\u0cb5\u0ca8\u0ca6\u0cb2\u0ccd\u0cb2\u0cbf \u0c92\u0c9f\u0ccd\u0c9f\u0cc1 20 \u0c97\u0ccd\u0cb0\u0ccd\u0caf\u0cbe\u0ca8\u0ccd \u0cb8\u0ccd\u0cb2\u0cbe\u0cae\u0ccd \u0caa\u0ccd\u0cb0\u0cb6\u0cb8\u0ccd\u0ca4\u0cbf\u0c97\u0cb3\u0ca8\u0ccd\u0ca8\u0cc1 \u0c97\u0cc6\u0ca6\u0ccd\u0ca6\u0cbf\u0ca6\u0ccd\u0ca6\u0cbe\u0cb0\u0cc6 ", "\u0cab\u0cc6\u0ca1\u0cb0\u0cb0\u0ccd \u0cb8\u0cc6\u0caa\u0ccd\u0c9f\u0cc6\u0c82\u0cac\u0cb0\u0ccd\u200c\u0ca8\u0cb2\u0ccd\u0cb2\u0cbf \u0ca8\u0cbf\u0cb5\u0cc3\u0ca4\u0ccd\u0ca4\u0cbf \u0c98\u0ccb\u0cb7\u0cbf\u0cb8\u0cbf\u0ca6\u0cb0\u0cc1", "\u0c92\u0cac\u0ccd\u0cac \u0cae\u0ca8\u0cc1\u0cb7\u0ccd\u0caf \u0c92\u0c82\u0ca6\u0cc1 \u0caa\u0cbe\u0ca4\u0ccd\u0cb0\u0cc6\u0caf\u0cb2\u0ccd\u0cb2\u0cbf \u0cb8\u0ccd\u0cb5\u0cb2\u0ccd\u0caa \u0c85\u0ca1\u0cc1\u0c97\u0cc6 \u0c8e\u0ca3\u0ccd\u0ca3\u0cc6\u0caf\u0ca8\u0ccd\u0ca8\u0cc1 \u0cb8\u0cc1\u0cb0\u0cbf\u0caf\u0cc1\u0ca4\u0ccd\u0ca4\u0cbe\u0ca8\u0cc6"], "example_title": "Example 3"}]}, "transformersInfo": {"auto_model": "AutoModel", "pipeline_tag": "feature-extraction", "processor": "AutoTokenizer"}, "siblings": [{"rfilename": ".gitattributes"}, {"rfilename": "1_Pooling/config.json"}, {"rfilename": "README.md"}, {"rfilename": "config.json"}, {"rfilename": "config_sentence_transformers.json"}, {"rfilename": "modules.json"}, {"rfilename": "pytorch_model.bin"}, {"rfilename": "sentence_bert_config.json"}, {"rfilename": "special_tokens_map.json"}, {"rfilename": "tokenizer.json"}, {"rfilename": "tokenizer_config.json"}, {"rfilename": "vocab.txt"}], "spaces": [], "createdAt": "2023-03-04T07:25:10.000Z", "inferenceStatus": "not-loaded"}