{"_id": "63fa174d5560a18b1fd0b2b2", "id": "l3cube-pune/malayalam-sentence-similarity-sbert", "modelId": "l3cube-pune/malayalam-sentence-similarity-sbert", "author": "l3cube-pune", "sha": "c9697959cc78d0da917f5a01aa724b80d9b68e35", "lastModified": "2023-06-11T15:07:15.000Z", "private": false, "disabled": false, "gated": false, "pipeline_tag": "sentence-similarity", "tags": ["sentence-transformers", "pytorch", "bert", "feature-extraction", "sentence-similarity", "transformers", "ml", "arxiv:2304.11434", "arxiv:2211.11187", "autotrain_compatible", "text-embeddings-inference", "endpoints_compatible", "region:us"], "downloads": 6, "library_name": "sentence-transformers", "mask_token": "[MASK]", "widgetData": [{"source_sentence": "\u0d1a\u0d3f\u0d32 \u0d2a\u0d41\u0d30\u0d41\u0d37\u0d28\u0d4d\u0d2e\u0d3e\u0d7c \u0d2f\u0d41\u0d26\u0d4d\u0d27\u0d02 \u0d1a\u0d46\u0d2f\u0d4d\u0d2f\u0d41\u0d28\u0d4d\u0d28\u0d41", "sentences": ["\u0d30\u0d23\u0d4d\u0d1f\u0d41\u0d2a\u0d47\u0d7c \u0d2f\u0d41\u0d26\u0d4d\u0d27\u0d02 \u0d1a\u0d46\u0d2f\u0d4d\u0d2f\u0d41\u0d28\u0d4d\u0d28\u0d41", "\u0d12\u0d30\u0d41 \u0d38\u0d4d\u0d24\u0d4d\u0d30\u0d40 \u0d0e\u0d34\u0d41\u0d24\u0d41\u0d28\u0d4d\u0d28\u0d41", "\u0d06 \u0d2e\u0d28\u0d41\u0d37\u0d4d\u0d2f\u0d7b \u0d12\u0d30\u0d41 \u0d15\u0d41\u0d24\u0d3f\u0d30\u0d2f\u0d46 \u0d13\u0d1f\u0d3f\u0d15\u0d4d\u0d15\u0d41\u0d28\u0d4d\u0d28\u0d41"], "example_title": "Example 1"}, {"source_sentence": "\u0d12\u0d30\u0d41 \u0d38\u0d4d\u0d24\u0d4d\u0d30\u0d40 \u0d12\u0d30\u0d41 \u0d24\u0d2f\u0d4d\u0d2f\u0d7d \u0d2e\u0d46\u0d37\u0d40\u0d7b \u0d09\u0d2a\u0d2f\u0d4b\u0d17\u0d3f\u0d15\u0d4d\u0d15\u0d41\u0d28\u0d4d\u0d28\u0d41", "sentences": ["\u0d12\u0d30\u0d41 \u0d38\u0d4d\u0d24\u0d4d\u0d30\u0d40 \u0d12\u0d30\u0d41 \u0d2f\u0d28\u0d4d\u0d24\u0d4d\u0d30\u0d24\u0d4d\u0d24\u0d3f\u0d7d \u0d24\u0d2f\u0d4d\u0d2f\u0d7d \u0d09\u0d23\u0d4d\u0d1f\u0d4d", "\u0d12\u0d30\u0d41 \u0d38\u0d4d\u0d24\u0d4d\u0d30\u0d40 \u0d2a\u0d41\u0d32\u0d4d\u0d32\u0d3e\u0d19\u0d4d\u0d15\u0d41\u0d34\u0d7d \u0d15\u0d33\u0d3f\u0d15\u0d4d\u0d15\u0d41\u0d28\u0d4d\u0d28\u0d41", "\u0d07\u0d28\u0d4d\u0d28\u0d4d \u0d12\u0d30\u0d41 \u0d24\u0d2f\u0d4d\u0d2f\u0d7d\u0d15\u0d4d\u0d15\u0d3e\u0d30\u0d28\u0d46\u0d15\u0d4d\u0d15\u0d4a\u0d23\u0d4d\u0d1f\u0d4d \u0d0e\u0d28\u0d4d\u0d31\u0d46 \u0d21\u0d4d\u0d30\u0d38\u0d4d\u0d38\u0d4d \u0d24\u0d41\u0d28\u0d4d\u0d28\u0d3f\u0d1a\u0d4d\u0d1a\u0d41"], "example_title": "Example 2"}, {"source_sentence": "\u0d06\u0d33\u0d41\u0d15\u0d7e \u0d12\u0d30\u0d41 \u0d1f\u0d4d\u0d30\u0d46\u0d2f\u0d3f\u0d28\u0d3f\u0d7d \u0d28\u0d3f\u0d28\u0d4d\u0d28\u0d4d \u0d1a\u0d41\u0d35\u0d1f\u0d41\u0d35\u0d46\u0d15\u0d4d\u0d15\u0d41\u0d28\u0d4d\u0d28\u0d41", "sentences": ["\u0d12\u0d30\u0d41 \u0d15\u0d42\u0d1f\u0d4d\u0d1f\u0d02 \u0d06\u0d33\u0d41\u0d15\u0d7e \u0d1f\u0d4d\u0d30\u0d46\u0d2f\u0d3f\u0d28\u0d3f\u0d7d \u0d28\u0d3f\u0d28\u0d4d\u0d28\u0d4d \u0d07\u0d31\u0d19\u0d4d\u0d19\u0d41\u0d28\u0d4d\u0d28\u0d41", "\u0d06\u0d28\u0d15\u0d7e \u0d24\u0d19\u0d4d\u0d19\u0d33\u0d46\u0d24\u0d4d\u0d24\u0d28\u0d4d\u0d28\u0d46 \u0d35\u0d46\u0d33\u0d4d\u0d33\u0d02 \u0d24\u0d33\u0d3f\u0d1a\u0d4d\u0d1a\u0d41", "\u0d15\u0d43\u0d24\u0d4d\u0d2f\u0d38\u0d2e\u0d2f\u0d24\u0d4d\u0d24\u0d4d \u0d1f\u0d4d\u0d30\u0d46\u0d2f\u0d3f\u0d7b \u0d38\u0d4d\u0d31\u0d4d\u0d31\u0d47\u0d37\u0d28\u0d3f\u0d7d \u0d0e\u0d24\u0d4d\u0d24\u0d3f"], "example_title": "Example 3"}], "likes": 1, "model-index": null, "config": {"architectures": ["BertModel"], "model_type": "bert", "tokenizer_config": {"cls_token": "[CLS]", "mask_token": "[MASK]", "pad_token": "[PAD]", "sep_token": "[SEP]", "unk_token": "[UNK]"}}, "cardData": {"pipeline_tag": "sentence-similarity", "tags": ["sentence-transformers", "feature-extraction", "sentence-similarity", "transformers"], "language": ["ml"], "widget": [{"source_sentence": "\u0d1a\u0d3f\u0d32 \u0d2a\u0d41\u0d30\u0d41\u0d37\u0d28\u0d4d\u0d2e\u0d3e\u0d7c \u0d2f\u0d41\u0d26\u0d4d\u0d27\u0d02 \u0d1a\u0d46\u0d2f\u0d4d\u0d2f\u0d41\u0d28\u0d4d\u0d28\u0d41", "sentences": ["\u0d30\u0d23\u0d4d\u0d1f\u0d41\u0d2a\u0d47\u0d7c \u0d2f\u0d41\u0d26\u0d4d\u0d27\u0d02 \u0d1a\u0d46\u0d2f\u0d4d\u0d2f\u0d41\u0d28\u0d4d\u0d28\u0d41", "\u0d12\u0d30\u0d41 \u0d38\u0d4d\u0d24\u0d4d\u0d30\u0d40 \u0d0e\u0d34\u0d41\u0d24\u0d41\u0d28\u0d4d\u0d28\u0d41", "\u0d06 \u0d2e\u0d28\u0d41\u0d37\u0d4d\u0d2f\u0d7b \u0d12\u0d30\u0d41 \u0d15\u0d41\u0d24\u0d3f\u0d30\u0d2f\u0d46 \u0d13\u0d1f\u0d3f\u0d15\u0d4d\u0d15\u0d41\u0d28\u0d4d\u0d28\u0d41"], "example_title": "Example 1"}, {"source_sentence": "\u0d12\u0d30\u0d41 \u0d38\u0d4d\u0d24\u0d4d\u0d30\u0d40 \u0d12\u0d30\u0d41 \u0d24\u0d2f\u0d4d\u0d2f\u0d7d \u0d2e\u0d46\u0d37\u0d40\u0d7b \u0d09\u0d2a\u0d2f\u0d4b\u0d17\u0d3f\u0d15\u0d4d\u0d15\u0d41\u0d28\u0d4d\u0d28\u0d41", "sentences": ["\u0d12\u0d30\u0d41 \u0d38\u0d4d\u0d24\u0d4d\u0d30\u0d40 \u0d12\u0d30\u0d41 \u0d2f\u0d28\u0d4d\u0d24\u0d4d\u0d30\u0d24\u0d4d\u0d24\u0d3f\u0d7d \u0d24\u0d2f\u0d4d\u0d2f\u0d7d \u0d09\u0d23\u0d4d\u0d1f\u0d4d", "\u0d12\u0d30\u0d41 \u0d38\u0d4d\u0d24\u0d4d\u0d30\u0d40 \u0d2a\u0d41\u0d32\u0d4d\u0d32\u0d3e\u0d19\u0d4d\u0d15\u0d41\u0d34\u0d7d \u0d15\u0d33\u0d3f\u0d15\u0d4d\u0d15\u0d41\u0d28\u0d4d\u0d28\u0d41", "\u0d07\u0d28\u0d4d\u0d28\u0d4d \u0d12\u0d30\u0d41 \u0d24\u0d2f\u0d4d\u0d2f\u0d7d\u0d15\u0d4d\u0d15\u0d3e\u0d30\u0d28\u0d46\u0d15\u0d4d\u0d15\u0d4a\u0d23\u0d4d\u0d1f\u0d4d \u0d0e\u0d28\u0d4d\u0d31\u0d46 \u0d21\u0d4d\u0d30\u0d38\u0d4d\u0d38\u0d4d \u0d24\u0d41\u0d28\u0d4d\u0d28\u0d3f\u0d1a\u0d4d\u0d1a\u0d41"], "example_title": "Example 2"}, {"source_sentence": "\u0d06\u0d33\u0d41\u0d15\u0d7e \u0d12\u0d30\u0d41 \u0d1f\u0d4d\u0d30\u0d46\u0d2f\u0d3f\u0d28\u0d3f\u0d7d \u0d28\u0d3f\u0d28\u0d4d\u0d28\u0d4d \u0d1a\u0d41\u0d35\u0d1f\u0d41\u0d35\u0d46\u0d15\u0d4d\u0d15\u0d41\u0d28\u0d4d\u0d28\u0d41", "sentences": ["\u0d12\u0d30\u0d41 \u0d15\u0d42\u0d1f\u0d4d\u0d1f\u0d02 \u0d06\u0d33\u0d41\u0d15\u0d7e \u0d1f\u0d4d\u0d30\u0d46\u0d2f\u0d3f\u0d28\u0d3f\u0d7d \u0d28\u0d3f\u0d28\u0d4d\u0d28\u0d4d \u0d07\u0d31\u0d19\u0d4d\u0d19\u0d41\u0d28\u0d4d\u0d28\u0d41", "\u0d06\u0d28\u0d15\u0d7e \u0d24\u0d19\u0d4d\u0d19\u0d33\u0d46\u0d24\u0d4d\u0d24\u0d28\u0d4d\u0d28\u0d46 \u0d35\u0d46\u0d33\u0d4d\u0d33\u0d02 \u0d24\u0d33\u0d3f\u0d1a\u0d4d\u0d1a\u0d41", "\u0d15\u0d43\u0d24\u0d4d\u0d2f\u0d38\u0d2e\u0d2f\u0d24\u0d4d\u0d24\u0d4d \u0d1f\u0d4d\u0d30\u0d46\u0d2f\u0d3f\u0d7b \u0d38\u0d4d\u0d31\u0d4d\u0d31\u0d47\u0d37\u0d28\u0d3f\u0d7d \u0d0e\u0d24\u0d4d\u0d24\u0d3f"], "example_title": "Example 3"}]}, "transformersInfo": {"auto_model": "AutoModel", "pipeline_tag": "feature-extraction", "processor": "AutoTokenizer"}, "siblings": [{"rfilename": ".gitattributes"}, {"rfilename": "1_Pooling/config.json"}, {"rfilename": "README.md"}, {"rfilename": "config.json"}, {"rfilename": "config_sentence_transformers.json"}, {"rfilename": "modules.json"}, {"rfilename": "pytorch_model.bin"}, {"rfilename": "sentence_bert_config.json"}, {"rfilename": "special_tokens_map.json"}, {"rfilename": "tokenizer.json"}, {"rfilename": "tokenizer_config.json"}, {"rfilename": "vocab.txt"}], "spaces": [], "createdAt": "2023-02-25T14:12:29.000Z", "inferenceStatus": "not-loaded"}