{"_id": "6342f0eae2647466b42a07c6", "id": "l3cube-pune/hi-bert-embed", "modelId": "l3cube-pune/hi-bert-embed", "author": "l3cube-pune", "sha": "fb62089791e865c27b9e03e9fff9df5abe441563", "lastModified": "2023-04-20T13:18:51.000Z", "private": false, "disabled": false, "gated": false, "pipeline_tag": "fill-mask", "tags": ["transformers", "pytorch", "bert", "fill-mask", "autotrain_compatible", "endpoints_compatible", "region:us"], "downloads": 1, "library_name": "transformers", "mask_token": "[MASK]", "widgetData": [{"text": "Paris is the [MASK] of France."}, {"text": "The goal of life is [MASK]."}], "likes": 0, "config": {"architectures": ["BertForMaskedLM"], "model_type": "bert", "tokenizer_config": {"cls_token": "[CLS]", "mask_token": "[MASK]", "pad_token": "[PAD]", "sep_token": "[SEP]", "unk_token": "[UNK]"}}, "transformersInfo": {"auto_model": "AutoModelForMaskedLM", "pipeline_tag": "fill-mask", "processor": "AutoTokenizer"}, "siblings": [{"rfilename": ".gitattributes"}, {"rfilename": "config.json"}, {"rfilename": "pytorch_model.bin"}, {"rfilename": "special_tokens_map.json"}, {"rfilename": "tokenizer.json"}, {"rfilename": "tokenizer_config.json"}, {"rfilename": "vocab.txt"}], "spaces": [], "createdAt": "2022-10-09T16:03:54.000Z", "inferenceStatus": "not-loaded"}