{"_id": "64392a50bda65f2f5c8c67f9", "id": "l3cube-pune/me-bert-mixed", "modelId": "l3cube-pune/me-bert-mixed", "author": "l3cube-pune", "sha": "fcb779a5a4f677d639caa595d9ac5978a423a338", "lastModified": "2023-07-22T08:26:18.000Z", "private": false, "disabled": false, "gated": false, "pipeline_tag": "fill-mask", "tags": ["transformers", "pytorch", "bert", "fill-mask", "mr", "en", "codemix", "multilingual", "dataset:L3Cube-MeCorpus", "arxiv:2306.14030", "license:cc-by-4.0", "autotrain_compatible", "endpoints_compatible", "region:us"], "downloads": 1, "library_name": "transformers", "mask_token": "[MASK]", "likes": 0, "model-index": null, "config": {"architectures": ["BertForMaskedLM"], "model_type": "bert", "tokenizer_config": {"cls_token": "[CLS]", "mask_token": "[MASK]", "pad_token": "[PAD]", "sep_token": "[SEP]", "unk_token": "[UNK]"}}, "cardData": {"language": ["mr", "en", "multilingual"], "license": "cc-by-4.0", "tags": ["mr", "en", "codemix"], "datasets": ["L3Cube-MeCorpus"]}, "transformersInfo": {"auto_model": "AutoModelForMaskedLM", "pipeline_tag": "fill-mask", "processor": "AutoTokenizer"}, "siblings": [{"rfilename": ".gitattributes"}, {"rfilename": "README.md"}, {"rfilename": "config.json"}, {"rfilename": "generation_config.json"}, {"rfilename": "pytorch_model.bin"}, {"rfilename": "special_tokens_map.json"}, {"rfilename": "tokenizer.json"}, {"rfilename": "tokenizer_config.json"}, {"rfilename": "vocab.txt"}], "spaces": [], "createdAt": "2023-04-14T10:26:24.000Z", "inferenceStatus": "not-loaded"}