{"_id": "6379d11b806b18943e438c22", "id": "l3cube-pune/kannada-bert", "modelId": "l3cube-pune/kannada-bert", "author": "l3cube-pune", "sha": "1e191f1012ba03a87e62a067ebf83688cf5c625d", "lastModified": "2023-06-17T15:32:28.000Z", "private": false, "disabled": false, "gated": false, "pipeline_tag": "fill-mask", "tags": ["transformers", "pytorch", "safetensors", "bert", "fill-mask", "kn", "arxiv:2211.11418", "license:cc-by-4.0", "autotrain_compatible", "endpoints_compatible", "region:us"], "downloads": 164, "library_name": "transformers", "mask_token": "[MASK]", "likes": 0, "model-index": null, "config": {"architectures": ["BertForMaskedLM"], "model_type": "bert", "tokenizer_config": {"cls_token": "[CLS]", "mask_token": "[MASK]", "pad_token": "[PAD]", "sep_token": "[SEP]", "unk_token": "[UNK]"}}, "cardData": {"license": "cc-by-4.0", "language": "kn"}, "transformersInfo": {"auto_model": "AutoModelForMaskedLM", "pipeline_tag": "fill-mask", "processor": "AutoTokenizer"}, "siblings": [{"rfilename": ".gitattributes"}, {"rfilename": "README.md"}, {"rfilename": "config.json"}, {"rfilename": "model.safetensors"}, {"rfilename": "pytorch_model.bin"}, {"rfilename": "special_tokens_map.json"}, {"rfilename": "tokenizer.json"}, {"rfilename": "tokenizer_config.json"}, {"rfilename": "vocab.txt"}], "spaces": [], "createdAt": "2022-11-20T07:02:51.000Z", "safetensors": {"parameters": {"I64": 512, "F32": 237755045}, "total": 237755557}, "inferenceStatus": "not-loaded"}