{"_id": "62d0cc12c375d0c8425a9ef3", "id": "L3mos/Prueba", "modelId": "L3mos/Prueba", "author": "L3mos", "sha": "af52de79d0e742735c6d99a6f51f39f1d5865cf6", "lastModified": "2022-07-15T02:08:18.000Z", "private": false, "disabled": false, "gated": false, "tags": ["license:artistic-2.0", "region:us"], "downloads": 0, "likes": 0, "model-index": null, "cardData": {"license": "artistic-2.0"}, "siblings": [{"rfilename": ".gitattributes"}, {"rfilename": "README.md"}], "spaces": [], "createdAt": "2022-07-15T02:08:18.000Z", "inferenceStatus": "not-loaded"}