{"_id": "65e1bcba76a325638e215731", "id": "l3thanhvuvnr/sqlcodervnr", "modelId": "l3thanhvuvnr/sqlcodervnr", "author": "l3thanhvuvnr", "sha": "476e951699c6748555acfa77f8dbe89039d0d1c7", "lastModified": "2024-03-01T11:33:22.000Z", "private": false, "disabled": false, "gated": false, "tags": ["peft", "safetensors", "llama-factory", "lora", "generated_from_trainer", "base_model:defog/sqlcoder-7b-2", "license:other", "region:us"], "downloads": 0, "library_name": "peft", "likes": 0, "model-index": [{"name": "train_2024-02-27-09-48-46", "results": []}], "config": {"tokenizer_config": {"bos_token": "<s>", "eos_token": "</s>", "pad_token": "</s>", "unk_token": "<unk>", "use_default_system_prompt": false}, "peft": {"base_model_name_or_path": "defog/sqlcoder-7b-2", "task_type": "CAUSAL_LM"}}, "cardData": {"license": "other", "library_name": "peft", "tags": ["llama-factory", "lora", "generated_from_trainer"], "base_model": "defog/sqlcoder-7b-2", "model-index": [{"name": "train_2024-02-27-09-48-46", "results": []}]}, "siblings": [{"rfilename": ".gitattributes"}, {"rfilename": "README.md"}, {"rfilename": "adapter_config.json"}, {"rfilename": "adapter_model.safetensors"}, {"rfilename": "all_results.json"}, {"rfilename": "special_tokens_map.json"}, {"rfilename": "tokenizer.model"}, {"rfilename": "tokenizer_config.json"}, {"rfilename": "train_results.json"}, {"rfilename": "trainer_log.jsonl"}, {"rfilename": "trainer_state.json"}, {"rfilename": "training_args.bin"}], "spaces": [], "createdAt": "2024-03-01T11:32:10.000Z", "inferenceStatus": "not-loaded"}