{"_id": "6606c0b840f658e3babe73a0", "id": "l3tterman/finetune_practice", "modelId": "l3tterman/finetune_practice", "author": "l3tterman", "sha": "3d878f1e04d1aefc19285c1a556cfe72e0492445", "lastModified": "2024-03-29T13:23:06.000Z", "private": false, "disabled": false, "gated": false, "tags": ["transformers", "arxiv:1910.09700", "endpoints_compatible", "region:us"], "downloads": 0, "library_name": "transformers", "likes": 0, "model-index": null, "config": {"tokenizer_config": {"cls_token": "[CLS]", "mask_token": "[MASK]", "pad_token": "[PAD]", "sep_token": "[SEP]", "unk_token": "[UNK]"}}, "cardData": {"library_name": "transformers", "tags": []}, "transformersInfo": {"auto_model": "AutoModel"}, "siblings": [{"rfilename": ".gitattributes"}, {"rfilename": "README.md"}, {"rfilename": "special_tokens_map.json"}, {"rfilename": "tokenizer.json"}, {"rfilename": "tokenizer_config.json"}, {"rfilename": "vocab.txt"}], "spaces": [], "createdAt": "2024-03-29T13:23:04.000Z", "inferenceStatus": "not-loaded"}