{"_id": "64510ba7b3f75261a7d10cff", "id": "l3unny/Polar", "modelId": "l3unny/Polar", "author": "l3unny", "sha": "2f122a3b0129d08c2f099b80b8f7408b232aa5de", "lastModified": "2023-05-02T13:09:59.000Z", "private": false, "disabled": false, "gated": false, "tags": ["license:other", "region:us"], "downloads": 0, "likes": 0, "model-index": null, "cardData": {"license": "other"}, "siblings": [{"rfilename": ".gitattributes"}, {"rfilename": "README.md"}], "spaces": [], "createdAt": "2023-05-02T13:09:59.000Z", "inferenceStatus": "not-loaded"}