{"_id": "64c47ec15671d42e0aafe482", "id": "l3unny/RVCVoicebanks", "modelId": "l3unny/RVCVoicebanks", "author": "l3unny", "sha": "5affdd4725ee7c415d858d305bf38f07e4f0641d", "lastModified": "2023-07-29T05:11:45.000Z", "private": false, "disabled": false, "gated": false, "tags": ["license:other", "region:us"], "downloads": 0, "likes": 0, "model-index": null, "cardData": {"license": "other"}, "siblings": [{"rfilename": ".gitattributes"}, {"rfilename": "Polar.zip"}, {"rfilename": "README.md"}], "spaces": [], "createdAt": "2023-07-29T02:51:45.000Z", "inferenceStatus": "not-loaded"}