{"_id": "662a1f710b9836d27efa5d75", "id": "l3utterfly/phi-3-mini-128k-instruct-gguf", "modelId": "l3utterfly/phi-3-mini-128k-instruct-gguf", "author": "l3utterfly", "sha": "6233e47509c220618b8f9e0fb0526b1c716f9297", "lastModified": "2024-05-23T14:14:56.000Z", "private": false, "disabled": false, "gated": false, "tags": ["gguf", "license:mit", "region:us"], "downloads": 350, "likes": 1, "model-index": null, "cardData": {"license": "mit"}, "siblings": [{"rfilename": ".gitattributes"}, {"rfilename": "Phi-3-mini-128k-instruct-Q2_K.gguf"}, {"rfilename": "Phi-3-mini-128k-instruct-Q3_K.gguf"}, {"rfilename": "Phi-3-mini-128k-instruct-Q4_K.gguf"}, {"rfilename": "Phi-3-mini-128k-instruct-Q5_K.gguf"}, {"rfilename": "Phi-3-mini-128k-instruct-Q6_K.gguf"}, {"rfilename": "Phi-3-mini-128k-instruct-Q8_0.gguf"}, {"rfilename": "Phi-3-mini-128k-instruct-f16.gguf"}, {"rfilename": "README.md"}], "spaces": [], "createdAt": "2024-04-25T09:16:33.000Z", "inferenceStatus": "not-loaded"}