{"_id": "660a2ccb5814b3dfc39c35fd", "id": "l3utterfly/tinyllama-1.1b-layla-v4-gguf", "modelId": "l3utterfly/tinyllama-1.1b-layla-v4-gguf", "author": "l3utterfly", "sha": "e917c930c7abc29e89e40b173d69ab3827b16c87", "lastModified": "2024-04-01T03:58:45.000Z", "private": false, "disabled": false, "gated": false, "tags": ["gguf", "license:apache-2.0", "region:us"], "downloads": 54, "likes": 0, "model-index": null, "cardData": {"license": "apache-2.0"}, "siblings": [{"rfilename": ".gitattributes"}, {"rfilename": "README.md"}, {"rfilename": "tinyllama-1.1b-layla-v4-Q4_K.gguf"}, {"rfilename": "tinyllama-1.1b-layla-v4-f32.gguf"}], "spaces": [], "createdAt": "2024-04-01T03:40:59.000Z", "inferenceStatus": "not-loaded"}