{"_id": "65eeb3765c337fcfa0aabc19", "id": "l3utterfly/phi-2-layla-v1-chatml", "modelId": "l3utterfly/phi-2-layla-v1-chatml", "author": "l3utterfly", "sha": "e11b1ae73a8d65b37e80f65531c717e44408e865", "lastModified": "2024-03-15T09:48:41.000Z", "private": false, "disabled": false, "gated": false, "pipeline_tag": "text-generation", "tags": ["transformers", "safetensors", "phi", "text-generation", "conversational", "custom_code", "en", "license:mit", "autotrain_compatible", "text-generation-inference", "endpoints_compatible", "region:us"], "downloads": 1201, "library_name": "transformers", "widgetData": [{"text": "Hey my name is Julien! How are you?"}, {"text": "Hey my name is Thomas! How are you?"}, {"text": "Hey my name is Mariama! How are you?"}, {"text": "Hey my name is Clara! How are you?"}, {"text": "Hey my name is Julien! How are you?"}, {"text": "Hi."}], "likes": 11, "model-index": null, "config": {"architectures": ["PhiForCausalLM"], "auto_map": {"AutoConfig": "configuration_phi.PhiConfig", "AutoModelForCausalLM": "modeling_phi.PhiForCausalLM"}, "model_type": "phi", "tokenizer_config": {"bos_token": "<|endoftext|>", "eos_token": "<|endoftext|>", "pad_token": "<|endoftext|>", "unk_token": "<|endoftext|>", "chat_template": "{% for message in messages %}{{'<|im_start|>' + message['role'] + '\n' + message['content'] + '<|im_end|>' + '\n'}}{% endfor %}{% if add_generation_prompt %}{{ '<|im_start|>assistant\n' }}{% endif %}"}}, "cardData": {"license": "mit", "language": ["en"]}, "transformersInfo": {"auto_model": "AutoModelForCausalLM", "pipeline_tag": "text-generation", "processor": "AutoTokenizer"}, "siblings": [{"rfilename": ".gitattributes"}, {"rfilename": "README.md"}, {"rfilename": "added_tokens.json"}, {"rfilename": "config.json"}, {"rfilename": "configuration_phi.py"}, {"rfilename": "generation_config.json"}, {"rfilename": "merges.txt"}, {"rfilename": "model.safetensors"}, {"rfilename": "modeling_phi.py"}, {"rfilename": "special_tokens_map.json"}, {"rfilename": "tokenizer.json"}, {"rfilename": "tokenizer_config.json"}, {"rfilename": "vocab.json"}], "spaces": [], "createdAt": "2024-03-11T07:32:06.000Z", "safetensors": {"parameters": {"BF16": 2779683840}, "total": 2779683840}, "inferenceStatus": "not-loaded"}