{"_id": "65e1da88d43183f8db4b4883", "id": "l3utterfly/phi-2-layla-v1-gguf", "modelId": "l3utterfly/phi-2-layla-v1-gguf", "author": "l3utterfly", "sha": "9cf4cd640df305cc76d9eed759c9b26291f9d440", "lastModified": "2024-03-05T04:00:58.000Z", "private": false, "disabled": false, "gated": false, "tags": ["gguf", "license:mit", "region:us"], "downloads": 211, "likes": 5, "model-index": null, "cardData": {"license": "mit"}, "siblings": [{"rfilename": ".gitattributes"}, {"rfilename": "README.md"}, {"rfilename": "phi-2-layla-v1-Q2_K.gguf"}, {"rfilename": "phi-2-layla-v1-Q3_K.gguf"}, {"rfilename": "phi-2-layla-v1-Q4_K.gguf"}, {"rfilename": "phi-2-layla-v1-Q5_K.gguf"}, {"rfilename": "phi-2-layla-v1-Q6_K.gguf"}, {"rfilename": "phi-2-layla-v1-Q8_0.gguf"}, {"rfilename": "phi-2-layla-v1-f16.gguf"}], "spaces": [], "createdAt": "2024-03-01T13:39:20.000Z", "inferenceStatus": "not-loaded"}