{"_id": "65ddeac96b89e8c589946b41", "id": "L4NLP/ChunkLlama-sft-7b-16k", "modelId": "L4NLP/ChunkLlama-sft-7b-16k", "author": "L4NLP", "sha": "18a3e0e12ddf53ece92ce619bfe492adc4819d48", "lastModified": "2024-02-27T13:59:37.000Z", "private": false, "disabled": false, "gated": false, "tags": ["license:apache-2.0", "region:us"], "downloads": 0, "likes": 1, "model-index": null, "cardData": {"license": "apache-2.0"}, "siblings": [{"rfilename": ".gitattributes"}, {"rfilename": "README.md"}], "spaces": [], "createdAt": "2024-02-27T13:59:37.000Z", "inferenceStatus": "not-loaded"}