{"_id": "667e34f41f251a385c1c6439", "id": "l4urentz/Pregunta5", "modelId": "l4urentz/Pregunta5", "author": "l4urentz", "sha": "47b6493526a1de7cabc9fb7a920bd3368f46c3dd", "lastModified": "2024-06-28T04:00:07.000Z", "private": false, "disabled": false, "gated": false, "tags": ["region:us"], "downloads": 0, "likes": 0, "siblings": [{"rfilename": ".gitattributes"}, {"rfilename": "Pregunta5.ipynb"}, {"rfilename": "app.py"}, {"rfilename": "requirements.txt"}, {"rfilename": "titanic_decision_tree.pkl"}, {"rfilename": "train_and_test2.csv"}], "spaces": [], "createdAt": "2024-06-28T03:58:44.000Z", "inferenceStatus": "not-loaded"}