{"_id": "667e2688ddca7a5233b717cf", "id": "l4urentz/T3", "modelId": "l4urentz/T3", "author": "l4urentz", "sha": "f4ce9895338419b8ec97d38e019f4df4ec0d268c", "lastModified": "2024-06-28T03:03:39.000Z", "private": false, "disabled": false, "gated": false, "tags": ["region:us"], "downloads": 0, "likes": 0, "siblings": [{"rfilename": ".gitattributes"}, {"rfilename": "T3.ipynb"}, {"rfilename": "app.py"}, {"rfilename": "requirements.txt"}, {"rfilename": "train_and_test2.csv"}], "spaces": [], "createdAt": "2024-06-28T02:57:12.000Z", "inferenceStatus": "not-loaded"}