{"_id": "65cea9854396608345a7627b", "id": "l52227215/123", "modelId": "l52227215/123", "author": "l52227215", "sha": "66d1b30f5380346f01efadb32c4578c688cfd444", "lastModified": "2024-02-16T00:17:09.000Z", "private": false, "disabled": false, "gated": false, "tags": ["license:other", "region:us"], "downloads": 0, "likes": 0, "model-index": null, "cardData": {"license": "other", "license_name": "123", "license_link": "LICENSE"}, "siblings": [{"rfilename": ".gitattributes"}, {"rfilename": "LICENSE"}, {"rfilename": "README.md"}], "spaces": [], "createdAt": "2024-02-16T00:17:09.000Z", "inferenceStatus": "not-loaded"}