{"_id": "65bee518c6d92daea53a2ac9", "id": "l52mas/ironiaL52_roberta", "modelId": "l52mas/ironiaL52_roberta", "author": "l52mas", "sha": "57da0bda682d0532916f74c5f05fa9fc5d8ee496", "lastModified": "2024-03-14T05:19:21.000Z", "private": false, "disabled": false, "gated": false, "pipeline_tag": "text-classification", "tags": ["transformers", "safetensors", "roberta", "text-classification", "es", "arxiv:1910.09700", "license:cc-by-nc-sa-4.0", "autotrain_compatible", "endpoints_compatible", "region:us"], "downloads": 4, "library_name": "transformers", "mask_token": "<mask>", "widgetData": [{"text": "Chicos busquen en el diccionario 'sarcasmo', 'iron\u00eda', y 'peronismo inteligente'. Dos de esas existen."}, {"text": "Oh, brillante..."}, {"text": "Anoche llovi\u00f3 muy fuerte."}], "likes": 0, "model-index": null, "config": {"architectures": ["RobertaForSequenceClassification"], "model_type": "roberta", "tokenizer_config": {"bos_token": "<s>", "cls_token": "<s>", "eos_token": "</s>", "mask_token": "<mask>", "pad_token": "<pad>", "sep_token": "</s>", "unk_token": "<unk>"}}, "cardData": {"language": ["es"], "pipeline_tag": "text-classification", "widget": [{"text": "Chicos busquen en el diccionario 'sarcasmo', 'iron\u00eda', y 'peronismo inteligente'. Dos de esas existen."}, {"text": "Oh, brillante..."}, {"text": "Anoche llovi\u00f3 muy fuerte."}], "license": "cc-by-nc-sa-4.0"}, "transformersInfo": {"auto_model": "AutoModelForSequenceClassification", "pipeline_tag": "text-classification", "processor": "AutoTokenizer"}, "siblings": [{"rfilename": ".gitattributes"}, {"rfilename": "Conjunto_entr_final_con_datos_heili.csv"}, {"rfilename": "README.md"}, {"rfilename": "config.json"}, {"rfilename": "merges.txt"}, {"rfilename": "model.safetensors"}, {"rfilename": "special_tokens_map.json"}, {"rfilename": "tokenizer.json"}, {"rfilename": "tokenizer_config.json"}, {"rfilename": "vocab.json"}], "spaces": [], "createdAt": "2024-02-04T01:15:04.000Z", "safetensors": {"parameters": {"F32": 124647170}, "total": 124647170}, "inferenceStatus": "not-loaded"}