{"_id": "62286e6e080040f7388fd40e", "id": "l53513955/PAQ_256", "modelId": "l53513955/PAQ_256", "author": "l53513955", "sha": "9d609fb6fae14b5488c9d9e56d8acd57a60718c5", "lastModified": "2022-03-09T09:09:48.000Z", "private": false, "disabled": false, "gated": false, "pipeline_tag": "feature-extraction", "tags": ["transformers", "pytorch", "albert", "feature-extraction", "endpoints_compatible", "region:us"], "downloads": 2, "library_name": "transformers", "mask_token": "[MASK]", "likes": 0, "config": {"architectures": ["AlbertModel"], "model_type": "albert"}, "transformersInfo": {"auto_model": "AutoModel", "pipeline_tag": "feature-extraction", "processor": "AutoTokenizer"}, "siblings": [{"rfilename": ".gitattributes"}, {"rfilename": "config.json"}, {"rfilename": "pytorch_model.bin"}, {"rfilename": "spiece.model"}], "spaces": [], "createdAt": "2022-03-09T09:07:58.000Z", "inferenceStatus": "not-loaded"}