{"_id": "64c8b681dc59e43a61f6ae87", "id": "L88888888/8888", "modelId": "L88888888/8888", "author": "L88888888", "sha": "947894e0e706637ce047471feb1fab3529bc1020", "lastModified": "2023-08-02T17:21:16.000Z", "private": false, "disabled": false, "gated": false, "tags": ["dataset:Open-Orca/OpenOrca", "arxiv:1910.09700", "license:openrail", "region:us"], "downloads": 0, "likes": 0, "model-index": null, "cardData": {"license": "openrail", "datasets": ["Open-Orca/OpenOrca"]}, "siblings": [{"rfilename": ".gitattributes"}, {"rfilename": "README.md"}], "spaces": [], "createdAt": "2023-08-01T07:38:41.000Z", "inferenceStatus": "not-loaded"}