{"_id": "666d6f8f1f975c1f86156fed", "id": "la-min/GENI_Llama_Tokenizer", "modelId": "la-min/GENI_Llama_Tokenizer", "author": "la-min", "sha": "38e90aeddb9f1b0c4c5b7cc80e265ab181988db9", "lastModified": "2024-06-16T07:10:36.000Z", "private": false, "disabled": false, "gated": false, "tags": ["license:apache-2.0", "region:us"], "downloads": 0, "likes": 0, "model-index": null, "config": {"tokenizer_config": {"bos_token": "<s>", "eos_token": "</s>", "pad_token": "<unk>", "unk_token": "<unk>", "use_default_system_prompt": false}}, "cardData": {"license": "apache-2.0"}, "siblings": [{"rfilename": ".gitattributes"}, {"rfilename": "README.md"}, {"rfilename": "special_tokens_map.json"}, {"rfilename": "tokenizer.json"}, {"rfilename": "tokenizer.model"}, {"rfilename": "tokenizer_config.json"}], "spaces": [], "createdAt": "2024-06-15T10:40:15.000Z", "inferenceStatus": "not-loaded"}