{"_id": "666001a6b07c7a0778051643", "id": "la-min/BLINKpedia", "modelId": "la-min/BLINKpedia", "author": "la-min", "sha": "b9f78999b911922bf1f81c99a41954ca6b38e9fa", "lastModified": "2024-06-06T17:12:05.000Z", "private": false, "disabled": false, "gated": false, "pipeline_tag": "text-generation", "tags": ["transformers", "safetensors", "llama", "text-generation", "text-generation-inference", "en", "license:apache-2.0", "autotrain_compatible", "endpoints_compatible", "region:us"], "downloads": 8, "library_name": "transformers", "widgetData": [{"text": "My name is Julien and I like to"}, {"text": "My name is Thomas and my main"}, {"text": "My name is Mariama, my favorite"}, {"text": "My name is Clara and I am"}, {"text": "My name is Lewis and I like to"}, {"text": "My name is Merve and my favorite"}, {"text": "My name is Teven and I am"}, {"text": "Once upon a time,"}], "likes": 0, "model-index": null, "config": {"architectures": ["LlamaForCausalLM"], "model_type": "llama", "tokenizer_config": {"bos_token": "<s>", "eos_token": "</s>", "pad_token": "<unk>", "unk_token": "<unk>", "use_default_system_prompt": false}}, "cardData": {"license": "apache-2.0", "language": ["en"], "pipeline_tag": "text-generation", "tags": ["text-generation-inference"]}, "transformersInfo": {"auto_model": "AutoModelForCausalLM", "pipeline_tag": "text-generation", "processor": "AutoTokenizer"}, "siblings": [{"rfilename": ".gitattributes"}, {"rfilename": "BLINKpedia.png"}, {"rfilename": "README.md"}, {"rfilename": "config.json"}, {"rfilename": "generation_config.json"}, {"rfilename": "model.safetensors"}, {"rfilename": "special_tokens_map.json"}, {"rfilename": "tokenizer.json"}, {"rfilename": "tokenizer.model"}, {"rfilename": "tokenizer_config.json"}], "spaces": ["la-min/BLINKpedia"], "createdAt": "2024-06-05T06:11:50.000Z", "safetensors": {"parameters": {"F32": 1100048384}, "total": 1100048384}, "inferenceStatus": "not-loaded"}