{"_id": "65bf4c200a0c57943f0317e3", "id": "la-min/sealion-health-faq", "modelId": "la-min/sealion-health-faq", "author": "la-min", "sha": "5e9d611eb9df662d4c0be74713ba69d8c48a88d1", "lastModified": "2024-02-04T12:34:04.000Z", "private": false, "disabled": false, "gated": false, "pipeline_tag": "text-generation", "tags": ["transformers", "safetensors", "text-generation-inference", "text-generation", "my", "arxiv:1910.09700", "endpoints_compatible", "region:us"], "downloads": 0, "library_name": "transformers", "likes": 0, "model-index": null, "config": {"tokenizer_config": {"bos_token": null, "eos_token": "<|endoftext|>", "pad_token": "<|endoftext|>", "unk_token": "<unk>"}}, "cardData": {"library_name": "transformers", "tags": ["text-generation-inference"], "language": ["my"], "pipeline_tag": "text-generation"}, "transformersInfo": {"auto_model": "AutoModel"}, "siblings": [{"rfilename": ".gitattributes"}, {"rfilename": "README.md"}, {"rfilename": "adapter_config.json"}, {"rfilename": "adapter_model.safetensors"}, {"rfilename": "special_tokens_map.json"}, {"rfilename": "tokenizer.model"}, {"rfilename": "tokenizer_config.json"}], "spaces": [], "createdAt": "2024-02-04T08:34:40.000Z", "inferenceStatus": "not-loaded"}