{"_id": "666c7134c71d61f107fad4df", "id": "la-min/GENI_tokenizer", "modelId": "la-min/GENI_tokenizer", "author": "la-min", "sha": "4289ddde9a112758afc399812f4675c927525cc6", "lastModified": "2024-06-19T06:43:05.000Z", "private": false, "disabled": false, "gated": false, "tags": ["license:apache-2.0", "region:us"], "downloads": 0, "likes": 0, "model-index": null, "config": {"tokenizer_config": {"bos_token": "<|endoftext|>", "eos_token": "<|endoftext|>", "unk_token": "<|endoftext|>"}}, "cardData": {"license": "apache-2.0"}, "siblings": [{"rfilename": ".gitattributes"}, {"rfilename": "README.md"}, {"rfilename": "merges.txt"}, {"rfilename": "special_tokens_map.json"}, {"rfilename": "tokenizer.json"}, {"rfilename": "tokenizer_config.json"}, {"rfilename": "vocab.json"}], "spaces": [], "createdAt": "2024-06-14T16:35:00.000Z", "inferenceStatus": "not-loaded"}