{"_id": "6641aadd50a41eda517815ba", "id": "LA1512/led-pubmed-20K", "modelId": "LA1512/led-pubmed-20K", "author": "LA1512", "sha": "978fc50d3c21fd18984b4f713a7b0fe47f12fef3", "lastModified": "2024-05-21T01:21:15.000Z", "private": false, "disabled": false, "gated": false, "pipeline_tag": "text2text-generation", "tags": ["transformers", "safetensors", "led", "text2text-generation", "generated_from_trainer", "base_model:LA1512/led-pubmed-20K", "autotrain_compatible", "endpoints_compatible", "region:us"], "downloads": 2, "library_name": "transformers", "likes": 0, "model-index": [{"name": "results", "results": []}], "config": {"architectures": ["LEDForConditionalGeneration"], "model_type": "led", "tokenizer_config": {"bos_token": "<s>", "cls_token": "<s>", "eos_token": "</s>", "mask_token": "<mask>", "pad_token": "<pad>", "sep_token": "</s>", "unk_token": "<unk>"}}, "cardData": {"base_model": "LA1512/led-pubmed-20K", "tags": ["generated_from_trainer"], "model-index": [{"name": "results", "results": []}]}, "transformersInfo": {"auto_model": "AutoModelForSeq2SeqLM", "pipeline_tag": "text2text-generation", "processor": "AutoTokenizer"}, "siblings": [{"rfilename": ".gitattributes"}, {"rfilename": "README.md"}, {"rfilename": "config.json"}, {"rfilename": "generation_config.json"}, {"rfilename": "merges.txt"}, {"rfilename": "model.safetensors"}, {"rfilename": "special_tokens_map.json"}, {"rfilename": "tokenizer.json"}, {"rfilename": "tokenizer_config.json"}, {"rfilename": "training_args.bin"}, {"rfilename": "vocab.json"}], "spaces": [], "createdAt": "2024-05-13T05:53:33.000Z", "safetensors": {"parameters": {"F32": 161894745}, "total": 161894745}, "inferenceStatus": "not-loaded"}