{"_id": "662230e3f8081a068b4951b0", "id": "LA1512/bart-fine-tuning-FindSum-TextOnly", "modelId": "LA1512/bart-fine-tuning-FindSum-TextOnly", "author": "LA1512", "sha": "34e1c2d4c93eac00ac2bace08c876731a6d49538", "lastModified": "2024-04-20T03:54:38.000Z", "private": false, "disabled": false, "gated": false, "pipeline_tag": "text2text-generation", "tags": ["transformers", "safetensors", "bart", "text2text-generation", "generated_from_trainer", "base_model:sshleifer/distilbart-xsum-12-3", "license:apache-2.0", "autotrain_compatible", "endpoints_compatible", "region:us"], "downloads": 2, "library_name": "transformers", "mask_token": "<mask>", "likes": 0, "model-index": [{"name": "results", "results": []}], "config": {"architectures": ["BartForConditionalGeneration"], "model_type": "bart", "tokenizer_config": {"bos_token": "<s>", "cls_token": "<s>", "eos_token": "</s>", "mask_token": "<mask>", "pad_token": "<pad>", "sep_token": "</s>", "unk_token": "<unk>"}}, "cardData": {"license": "apache-2.0", "base_model": "sshleifer/distilbart-xsum-12-3", "tags": ["generated_from_trainer"], "metrics": ["rouge"], "model-index": [{"name": "results", "results": []}]}, "transformersInfo": {"auto_model": "AutoModelForSeq2SeqLM", "pipeline_tag": "text2text-generation", "processor": "AutoTokenizer"}, "siblings": [{"rfilename": ".gitattributes"}, {"rfilename": "README.md"}, {"rfilename": "config.json"}, {"rfilename": "generation_config.json"}, {"rfilename": "merges.txt"}, {"rfilename": "model.safetensors"}, {"rfilename": "special_tokens_map.json"}, {"rfilename": "tokenizer.json"}, {"rfilename": "tokenizer_config.json"}, {"rfilename": "training_args.bin"}, {"rfilename": "vocab.json"}], "spaces": [], "createdAt": "2024-04-19T08:52:51.000Z", "safetensors": {"parameters": {"F32": 255170648}, "total": 255170648}, "inferenceStatus": "not-loaded"}