{"_id": "666d2631ec7f949866e40292", "id": "LA1512/bart_1024", "modelId": "LA1512/bart_1024", "author": "LA1512", "sha": "d341469d3dff15a21f27d247cbf0488c4ee9d0b7", "lastModified": "2024-06-15T05:41:48.000Z", "private": false, "disabled": false, "gated": false, "pipeline_tag": "text2text-generation", "tags": ["transformers", "safetensors", "bart", "text2text-generation", "autotrain_compatible", "endpoints_compatible", "region:us"], "downloads": 3, "library_name": "transformers", "mask_token": "<mask>", "likes": 0, "config": {"architectures": ["BartForConditionalGeneration"], "model_type": "bart", "tokenizer_config": {"bos_token": "<s>", "cls_token": "<s>", "eos_token": "</s>", "mask_token": "<mask>", "pad_token": "<pad>", "sep_token": "</s>", "unk_token": "<unk>"}}, "transformersInfo": {"auto_model": "AutoModelForSeq2SeqLM", "pipeline_tag": "text2text-generation", "processor": "AutoTokenizer"}, "siblings": [{"rfilename": ".gitattributes"}, {"rfilename": "config.json"}, {"rfilename": "generation_config.json"}, {"rfilename": "merges.txt"}, {"rfilename": "model.safetensors"}, {"rfilename": "special_tokens_map.json"}, {"rfilename": "tokenizer.json"}, {"rfilename": "tokenizer_config.json"}, {"rfilename": "vocab.json"}], "spaces": [], "createdAt": "2024-06-15T05:27:13.000Z", "safetensors": {"parameters": {"F32": 406340696}, "total": 406340696}, "inferenceStatus": "not-loaded"}