{"_id": "665202d615e4f1cd0ca5af5d", "id": "LA1512/led-pubmed-20K-8192-epoch2", "modelId": "LA1512/led-pubmed-20K-8192-epoch2", "author": "LA1512", "sha": "5fc809f03bc459303d72d1517ecc0ffc74545cf0", "lastModified": "2024-05-25T15:35:19.000Z", "private": false, "disabled": false, "gated": false, "pipeline_tag": "text2text-generation", "tags": ["transformers", "safetensors", "led", "text2text-generation", "generated_from_trainer", "base_model:LA1512/led-pubmed-20K-8192-v2", "license:bsd-3-clause", "autotrain_compatible", "endpoints_compatible", "region:us"], "downloads": 6, "library_name": "transformers", "likes": 0, "model-index": [{"name": "results", "results": []}], "config": {"architectures": ["LEDForConditionalGeneration"], "model_type": "led", "tokenizer_config": {"bos_token": "<s>", "cls_token": "<s>", "eos_token": "</s>", "mask_token": "<mask>", "pad_token": "<pad>", "sep_token": "</s>", "unk_token": "<unk>"}}, "cardData": {"license": "bsd-3-clause", "base_model": "LA1512/led-pubmed-20K-8192-v2", "tags": ["generated_from_trainer"], "model-index": [{"name": "results", "results": []}]}, "transformersInfo": {"auto_model": "AutoModelForSeq2SeqLM", "pipeline_tag": "text2text-generation", "processor": "AutoTokenizer"}, "siblings": [{"rfilename": ".gitattributes"}, {"rfilename": "README.md"}, {"rfilename": "config.json"}, {"rfilename": "generation_config.json"}, {"rfilename": "merges.txt"}, {"rfilename": "model.safetensors"}, {"rfilename": "special_tokens_map.json"}, {"rfilename": "tokenizer.json"}, {"rfilename": "tokenizer_config.json"}, {"rfilename": "training_args.bin"}, {"rfilename": "vocab.json"}], "spaces": [], "createdAt": "2024-05-25T15:25:10.000Z", "safetensors": {"parameters": {"F32": 161894745}, "total": 161894745}, "inferenceStatus": "not-loaded"}