{"_id": "66411908695975af2ca1e5ba", "id": "LA1512/led-1000-epoch-1", "modelId": "LA1512/led-1000-epoch-1", "author": "LA1512", "sha": "137af529051d227bad957fd72417700b4b44370a", "lastModified": "2024-05-12T19:31:39.000Z", "private": false, "disabled": false, "gated": false, "pipeline_tag": "text2text-generation", "tags": ["transformers", "safetensors", "led", "text2text-generation", "generated_from_trainer", "dataset:pubmed-summarization", "base_model:pszemraj/led-base-book-summary", "license:bsd-3-clause", "model-index", "autotrain_compatible", "endpoints_compatible", "region:us"], "downloads": 2, "library_name": "transformers", "likes": 0, "model-index": [{"name": "results", "results": [{"task": {"name": "Sequence-to-sequence Language Modeling", "type": "text2text-generation"}, "dataset": {"name": "pubmed-summarization", "type": "pubmed-summarization", "config": "section", "split": "validation", "args": "section"}, "metrics": [{"name": "Rouge1", "type": "rouge", "value": 42.9685, "verified": false}]}]}], "config": {"architectures": ["LEDForConditionalGeneration"], "model_type": "led", "tokenizer_config": {"bos_token": "<s>", "cls_token": "<s>", "eos_token": "</s>", "mask_token": "<mask>", "pad_token": "<pad>", "sep_token": "</s>", "unk_token": "<unk>"}}, "cardData": {"license": "bsd-3-clause", "base_model": "pszemraj/led-base-book-summary", "tags": ["generated_from_trainer"], "datasets": ["pubmed-summarization"], "metrics": ["rouge"], "model-index": [{"name": "results", "results": [{"task": {"name": "Sequence-to-sequence Language Modeling", "type": "text2text-generation"}, "dataset": {"name": "pubmed-summarization", "type": "pubmed-summarization", "config": "section", "split": "validation", "args": "section"}, "metrics": [{"name": "Rouge1", "type": "rouge", "value": 42.9685, "verified": false}]}]}]}, "transformersInfo": {"auto_model": "AutoModelForSeq2SeqLM", "pipeline_tag": "text2text-generation", "processor": "AutoTokenizer"}, "siblings": [{"rfilename": ".gitattributes"}, {"rfilename": "README.md"}, {"rfilename": "config.json"}, {"rfilename": "generation_config.json"}, {"rfilename": "merges.txt"}, {"rfilename": "model.safetensors"}, {"rfilename": "special_tokens_map.json"}, {"rfilename": "tokenizer.json"}, {"rfilename": "tokenizer_config.json"}, {"rfilename": "training_args.bin"}, {"rfilename": "vocab.json"}], "spaces": [], "createdAt": "2024-05-12T19:31:20.000Z", "safetensors": {"parameters": {"F32": 161894745}, "total": 161894745}, "inferenceStatus": "not-loaded"}