{"_id": "665c5a261b7d93be15651d7c", "id": "LA1512/T5-pubmed-3072-ORC-epoch2", "modelId": "LA1512/T5-pubmed-3072-ORC-epoch2", "author": "LA1512", "sha": "38dc6e5e5ea8c879dccc90f19ddf7f3034810d1c", "lastModified": "2024-06-02T11:40:52.000Z", "private": false, "disabled": false, "gated": false, "pipeline_tag": "text2text-generation", "tags": ["transformers", "safetensors", "longt5", "text2text-generation", "generated_from_trainer", "base_model:pszemraj/long-t5-tglobal-base-16384-book-summary", "license:bsd-3-clause", "autotrain_compatible", "endpoints_compatible", "region:us"], "downloads": 1, "library_name": "transformers", "likes": 0, "model-index": [{"name": "results", "results": []}], "config": {"architectures": ["LongT5ForConditionalGeneration"], "model_type": "longt5", "tokenizer_config": {"eos_token": "</s>", "pad_token": "<pad>", "unk_token": "<unk>"}}, "cardData": {"license": "bsd-3-clause", "base_model": "pszemraj/long-t5-tglobal-base-16384-book-summary", "tags": ["generated_from_trainer"], "model-index": [{"name": "results", "results": []}]}, "transformersInfo": {"auto_model": "AutoModelForSeq2SeqLM", "pipeline_tag": "text2text-generation", "processor": "AutoTokenizer"}, "siblings": [{"rfilename": ".gitattributes"}, {"rfilename": "README.md"}, {"rfilename": "config.json"}, {"rfilename": "generation_config.json"}, {"rfilename": "model.safetensors"}, {"rfilename": "special_tokens_map.json"}, {"rfilename": "spiece.model"}, {"rfilename": "tokenizer.json"}, {"rfilename": "tokenizer_config.json"}, {"rfilename": "training_args.bin"}], "spaces": [], "createdAt": "2024-06-02T11:40:22.000Z", "safetensors": {"parameters": {"F32": 247587456}, "total": 247587456}, "inferenceStatus": "not-loaded"}