{"_id": "664c923c72484e774bcd925c", "id": "LA1512/led-pubmed-20K-8192", "modelId": "LA1512/led-pubmed-20K-8192", "author": "LA1512", "sha": "dd874b98b69ec4eb8963c73a3f96a9e9e61819cf", "lastModified": "2024-05-21T12:23:42.000Z", "private": false, "disabled": false, "gated": false, "pipeline_tag": "text2text-generation", "tags": ["transformers", "safetensors", "led", "text2text-generation", "generated_from_trainer", "base_model:pszemraj/led-base-book-summary", "license:bsd-3-clause", "autotrain_compatible", "endpoints_compatible", "region:us"], "downloads": 1, "library_name": "transformers", "likes": 0, "model-index": [{"name": "results", "results": []}], "config": {"architectures": ["LEDForConditionalGeneration"], "model_type": "led", "tokenizer_config": {"bos_token": "<s>", "cls_token": "<s>", "eos_token": "</s>", "mask_token": "<mask>", "pad_token": "<pad>", "sep_token": "</s>", "unk_token": "<unk>"}}, "cardData": {"license": "bsd-3-clause", "base_model": "pszemraj/led-base-book-summary", "tags": ["generated_from_trainer"], "model-index": [{"name": "results", "results": []}]}, "transformersInfo": {"auto_model": "AutoModelForSeq2SeqLM", "pipeline_tag": "text2text-generation", "processor": "AutoTokenizer"}, "siblings": [{"rfilename": ".gitattributes"}, {"rfilename": "README.md"}, {"rfilename": "config.json"}, {"rfilename": "generation_config.json"}, {"rfilename": "merges.txt"}, {"rfilename": "model.safetensors"}, {"rfilename": "special_tokens_map.json"}, {"rfilename": "tokenizer.json"}, {"rfilename": "tokenizer_config.json"}, {"rfilename": "training_args.bin"}, {"rfilename": "vocab.json"}], "spaces": [], "createdAt": "2024-05-21T12:23:24.000Z", "safetensors": {"parameters": {"F32": 161894745}, "total": 161894745}, "inferenceStatus": "not-loaded"}