{"_id": "665d2edab2cb36249a0bc47d", "id": "laalays/mms1b-finetuned-somali", "modelId": "laalays/mms1b-finetuned-somali", "author": "laalays", "sha": "6d449f3049a000405e2977fe0fefa12aaf56a332", "lastModified": "2024-06-03T11:18:46.000Z", "private": false, "disabled": false, "gated": false, "pipeline_tag": "automatic-speech-recognition", "tags": ["transformers", "tensorboard", "safetensors", "wav2vec2", "automatic-speech-recognition", "arxiv:1910.09700", "endpoints_compatible", "region:us"], "downloads": 0, "library_name": "transformers", "likes": 0, "model-index": null, "config": {"architectures": ["Wav2Vec2ForCTC"], "model_type": "wav2vec2", "tokenizer_config": {"bos_token": "<s>", "eos_token": "</s>", "pad_token": "[PAD]", "unk_token": "[UNK]"}}, "cardData": {"library_name": "transformers", "tags": []}, "transformersInfo": {"auto_model": "AutoModelForCTC", "pipeline_tag": "automatic-speech-recognition", "processor": "AutoProcessor"}, "siblings": [{"rfilename": ".gitattributes"}, {"rfilename": "README.md"}, {"rfilename": "added_tokens.json"}, {"rfilename": "config.json"}, {"rfilename": "model.safetensors"}, {"rfilename": "preprocessor_config.json"}, {"rfilename": "runs/Jun03_08-44-02_0dfdb3de5c3d/events.out.tfevents.1717404281.0dfdb3de5c3d.277.0"}, {"rfilename": "runs/Jun03_08-54-49_0dfdb3de5c3d/events.out.tfevents.1717405070.0dfdb3de5c3d.277.1"}, {"rfilename": "runs/Jun03_09-23-39_0dfdb3de5c3d/events.out.tfevents.1717406798.0dfdb3de5c3d.277.2"}, {"rfilename": "runs/Jun03_09-41-24_0dfdb3de5c3d/events.out.tfevents.1717407851.0dfdb3de5c3d.277.3"}, {"rfilename": "special_tokens_map.json"}, {"rfilename": "tokenizer_config.json"}, {"rfilename": "training_args.bin"}, {"rfilename": "vocab.json"}], "spaces": [], "createdAt": "2024-06-03T02:47:54.000Z", "safetensors": {"parameters": {"F32": 964685725}, "total": 964685725}, "inferenceStatus": "not-loaded"}