{"_id": "64030207eec7c32754995404", "id": "laamaai/bart-large-neutralization", "modelId": "laamaai/bart-large-neutralization", "author": "laamaai", "sha": "6f779bee3a3f1b8eab3afa5f8b126469bfcba2c8", "lastModified": "2023-03-04T08:52:47.000Z", "private": false, "disabled": false, "gated": false, "pipeline_tag": "text2text-generation", "tags": ["transformers", "pytorch", "tensorboard", "bart", "text2text-generation", "autotrain_compatible", "endpoints_compatible", "region:us"], "downloads": 2, "library_name": "transformers", "mask_token": "<mask>", "likes": 0, "config": {"architectures": ["BartForConditionalGeneration"], "model_type": "bart", "tokenizer_config": {"bos_token": "<s>", "cls_token": "<s>", "eos_token": "</s>", "mask_token": "<mask>", "pad_token": "<pad>", "sep_token": "</s>", "unk_token": "<unk>"}}, "transformersInfo": {"auto_model": "AutoModelForSeq2SeqLM", "pipeline_tag": "text2text-generation", "processor": "AutoTokenizer"}, "siblings": [{"rfilename": ".gitattributes"}, {"rfilename": ".gitignore"}, {"rfilename": "bart-large-neutralization/README.md"}, {"rfilename": "bart-large-neutralization/config.json"}, {"rfilename": "bart-large-neutralization/generation_config.json"}, {"rfilename": "bart-large-neutralization/merges.txt"}, {"rfilename": "bart-large-neutralization/pytorch_model.bin"}, {"rfilename": "bart-large-neutralization/special_tokens_map.json"}, {"rfilename": "bart-large-neutralization/tokenizer.json"}, {"rfilename": "bart-large-neutralization/tokenizer_config.json"}, {"rfilename": "bart-large-neutralization/training_args.bin"}, {"rfilename": "bart-large-neutralization/vocab.json"}, {"rfilename": "config.json"}, {"rfilename": "generation_config.json"}, {"rfilename": "merges.txt"}, {"rfilename": "pytorch_model.bin"}, {"rfilename": "runs/Mar04_08-37-07_1a96dca20ad9/1677919064.8739865/events.out.tfevents.1677919064.1a96dca20ad9.239.1"}, {"rfilename": "runs/Mar04_08-37-07_1a96dca20ad9/events.out.tfevents.1677919064.1a96dca20ad9.239.0"}, {"rfilename": "special_tokens_map.json"}, {"rfilename": "tokenizer.json"}, {"rfilename": "tokenizer_config.json"}, {"rfilename": "training_args.bin"}, {"rfilename": "vocab.json"}], "spaces": [], "createdAt": "2023-03-04T08:32:07.000Z", "inferenceStatus": "not-loaded"}