{"_id": "6405df656cd88c469f1d7e5d", "id": "laamaai/tiny-mbart", "modelId": "laamaai/tiny-mbart", "author": "laamaai", "sha": "73ae3a0df3d96a4da6f9c170ba5afd97ae310a6d", "lastModified": "2023-03-06T13:49:52.000Z", "private": false, "disabled": false, "gated": false, "pipeline_tag": "text2text-generation", "tags": ["transformers", "pytorch", "tensorboard", "mbart", "text2text-generation", "autotrain_compatible", "endpoints_compatible", "region:us"], "downloads": 2, "library_name": "transformers", "likes": 0, "config": {"architectures": ["MBartForConditionalGeneration"], "model_type": "mbart", "tokenizer_config": {"bos_token": "<s>", "cls_token": "<s>", "eos_token": "</s>", "mask_token": {"__type": "AddedToken", "content": "<mask>", "lstrip": true, "normalized": true, "rstrip": false, "single_word": false}, "pad_token": "<pad>", "sep_token": "</s>", "unk_token": "<unk>"}}, "transformersInfo": {"auto_model": "AutoModelForSeq2SeqLM", "pipeline_tag": "text2text-generation", "processor": "AutoTokenizer"}, "siblings": [{"rfilename": ".gitattributes"}, {"rfilename": ".gitignore"}, {"rfilename": "config.json"}, {"rfilename": "pytorch_model.bin"}, {"rfilename": "runs/Mar06_12-40-47_44c845a0a897/1678106482.454463/events.out.tfevents.1678106482.44c845a0a897.210.1"}, {"rfilename": "runs/Mar06_12-40-47_44c845a0a897/events.out.tfevents.1678106482.44c845a0a897.210.0"}, {"rfilename": "sentencepiece.bpe.model"}, {"rfilename": "special_tokens_map.json"}, {"rfilename": "tiny-mbart/README.md"}, {"rfilename": "tiny-mbart/config.json"}, {"rfilename": "tiny-mbart/generation_config.json"}, {"rfilename": "tiny-mbart/pytorch_model.bin"}, {"rfilename": "tiny-mbart/sentencepiece.bpe.model"}, {"rfilename": "tiny-mbart/special_tokens_map.json"}, {"rfilename": "tiny-mbart/tokenizer.json"}, {"rfilename": "tiny-mbart/tokenizer_config.json"}, {"rfilename": "tiny-mbart/training_args.bin"}, {"rfilename": "tokenizer.json"}, {"rfilename": "tokenizer_config.json"}, {"rfilename": "training_args.bin"}], "spaces": [], "createdAt": "2023-03-06T12:41:09.000Z", "inferenceStatus": "not-loaded"}