{"_id": "6401b8bfc4e9d984b7e99ebc", "id": "laamaai/mbart-neutralization", "modelId": "laamaai/mbart-neutralization", "author": "laamaai", "sha": "89426f80d21795605f69b0812b8d2fdcf3bf6487", "lastModified": "2023-03-03T09:26:20.000Z", "private": false, "disabled": false, "gated": false, "pipeline_tag": "text2text-generation", "tags": ["transformers", "pytorch", "tensorboard", "mbart", "text2text-generation", "autotrain_compatible", "endpoints_compatible", "region:us"], "downloads": 1, "library_name": "transformers", "likes": 0, "config": {"architectures": ["MBartForConditionalGeneration"], "model_type": "mbart", "tokenizer_config": {"bos_token": "<s>", "cls_token": "<s>", "eos_token": "</s>", "mask_token": {"__type": "AddedToken", "content": "<mask>", "lstrip": true, "normalized": true, "rstrip": false, "single_word": false}, "pad_token": "<pad>", "sep_token": "</s>", "unk_token": "<unk>"}}, "transformersInfo": {"auto_model": "AutoModelForSeq2SeqLM", "pipeline_tag": "text2text-generation", "processor": "AutoTokenizer"}, "siblings": [{"rfilename": ".gitattributes"}, {"rfilename": ".gitignore"}, {"rfilename": "config.json"}, {"rfilename": "mbart-neutralization/README.md"}, {"rfilename": "mbart-neutralization/config.json"}, {"rfilename": "mbart-neutralization/generation_config.json"}, {"rfilename": "mbart-neutralization/pytorch_model.bin"}, {"rfilename": "mbart-neutralization/sentencepiece.bpe.model"}, {"rfilename": "mbart-neutralization/special_tokens_map.json"}, {"rfilename": "mbart-neutralization/tokenizer.json"}, {"rfilename": "mbart-neutralization/tokenizer_config.json"}, {"rfilename": "mbart-neutralization/training_args.bin"}, {"rfilename": "pytorch_model.bin"}, {"rfilename": "runs/Mar03_09-03-16_c8585e517336/1677834441.233355/events.out.tfevents.1677834441.c8585e517336.203.1"}, {"rfilename": "runs/Mar03_09-03-16_c8585e517336/events.out.tfevents.1677834441.c8585e517336.203.0"}, {"rfilename": "sentencepiece.bpe.model"}, {"rfilename": "special_tokens_map.json"}, {"rfilename": "tokenizer.json"}, {"rfilename": "tokenizer_config.json"}, {"rfilename": "training_args.bin"}], "spaces": [], "createdAt": "2023-03-03T09:07:11.000Z", "inferenceStatus": "not-loaded"}