{"_id": "64e86b51fb0dc2f84cae9ff3", "id": "laampt/vn_instructions_10000_steps", "modelId": "laampt/vn_instructions_10000_steps", "author": "laampt", "sha": "e18abfb871afeb861fc0e54dd98258731fe95327", "lastModified": "2023-08-25T08:50:41.000Z", "private": false, "disabled": false, "gated": false, "pipeline_tag": "text-generation", "tags": ["transformers", "pytorch", "gpt_neox", "text-generation", "autotrain_compatible", "text-generation-inference", "endpoints_compatible", "region:us"], "downloads": 2, "library_name": "transformers", "widgetData": [{"text": "My name is Julien and I like to"}, {"text": "My name is Thomas and my main"}, {"text": "My name is Mariama, my favorite"}, {"text": "My name is Clara and I am"}, {"text": "My name is Lewis and I like to"}, {"text": "My name is Merve and my favorite"}, {"text": "My name is Teven and I am"}, {"text": "Once upon a time,"}], "likes": 0, "config": {"architectures": ["GPTNeoXForCausalLM"], "model_type": "gpt_neox"}, "transformersInfo": {"auto_model": "AutoModelForCausalLM", "pipeline_tag": "text-generation", "processor": "AutoTokenizer"}, "siblings": [{"rfilename": ".gitattributes"}, {"rfilename": "config.json"}, {"rfilename": "generation_config.json"}, {"rfilename": "pytorch_model.bin"}], "spaces": [], "createdAt": "2023-08-25T08:50:25.000Z", "inferenceStatus": "not-loaded"}