{"_id": "63faaf36b018e56ef7bcc59a", "id": "Laani/Laani", "modelId": "Laani/Laani", "author": "Laani", "sha": "9fa12be6f624cf9ff39b06306c84b3df61be1841", "lastModified": "2023-02-26T01:00:38.000Z", "private": false, "disabled": false, "gated": false, "tags": ["license:openrail", "region:us"], "downloads": 0, "likes": 0, "model-index": null, "cardData": {"license": "openrail"}, "siblings": [{"rfilename": ".gitattributes"}, {"rfilename": "README.md"}], "spaces": [], "createdAt": "2023-02-26T01:00:38.000Z", "inferenceStatus": "not-loaded"}