{"_id": "65e6b871c53335d0e7344cee", "id": "laanhtu/flan-t5-base-finetuned-gsm8k", "modelId": "laanhtu/flan-t5-base-finetuned-gsm8k", "author": "laanhtu", "sha": "7f49ab303f1250483cbea340807110f9cbff2930", "lastModified": "2024-03-05T09:02:15.000Z", "private": false, "disabled": false, "gated": false, "pipeline_tag": "text2text-generation", "tags": ["transformers", "safetensors", "t5", "text2text-generation", "generated_from_trainer", "base_model:google/flan-t5-base", "license:apache-2.0", "autotrain_compatible", "text-generation-inference", "endpoints_compatible", "region:us"], "downloads": 0, "library_name": "transformers", "likes": 0, "model-index": [{"name": "flan-t5-base-finetuned-gsm8k", "results": []}], "config": {"architectures": ["T5ForConditionalGeneration"], "model_type": "t5", "tokenizer_config": {"eos_token": "</s>", "pad_token": "<pad>", "unk_token": "<unk>"}}, "cardData": {"license": "apache-2.0", "base_model": "google/flan-t5-base", "tags": ["generated_from_trainer"], "model-index": [{"name": "flan-t5-base-finetuned-gsm8k", "results": []}]}, "transformersInfo": {"auto_model": "AutoModelForSeq2SeqLM", "pipeline_tag": "text2text-generation", "processor": "AutoTokenizer"}, "siblings": [{"rfilename": ".gitattributes"}, {"rfilename": "README.md"}, {"rfilename": "config.json"}, {"rfilename": "generation_config.json"}, {"rfilename": "model.safetensors"}, {"rfilename": "special_tokens_map.json"}, {"rfilename": "spiece.model"}, {"rfilename": "tokenizer.json"}, {"rfilename": "tokenizer_config.json"}, {"rfilename": "training_args.bin"}], "spaces": [], "createdAt": "2024-03-05T06:15:13.000Z", "safetensors": {"parameters": {"F32": 247577856}, "total": 247577856}, "inferenceStatus": "not-loaded"}