{"_id": "649a88902e34c690155fcc4c", "id": "laaraap/anomaly-detection-using-autoencoders", "modelId": "laaraap/anomaly-detection-using-autoencoders", "author": "laaraap", "sha": "a652694e7b46d4b0616f04ecf6691b8fe616d845", "lastModified": "2023-06-27T06:58:24.000Z", "private": false, "disabled": false, "gated": false, "tags": ["region:us"], "downloads": 0, "likes": 0, "siblings": [{"rfilename": ".gitattributes"}], "spaces": [], "createdAt": "2023-06-27T06:58:24.000Z", "inferenceStatus": "not-loaded"}