{"_id": "6400c9fec90f6cbdf7a28b5f", "id": "laaraap/intel-image-classification", "modelId": "laaraap/intel-image-classification", "author": "laaraap", "sha": "4a3bf13436b0e05dfdb485055374078888ddc175", "lastModified": "2023-03-02T16:36:22.000Z", "private": false, "disabled": false, "gated": false, "tags": ["fastai", "region:us"], "downloads": 0, "library_name": "fastai", "likes": 0, "model-index": null, "cardData": {"tags": ["fastai"]}, "siblings": [{"rfilename": ".gitattributes"}, {"rfilename": "README.md"}, {"rfilename": "model.pkl"}, {"rfilename": "pyproject.toml"}], "spaces": ["laaraap/Practica1"], "createdAt": "2023-03-02T16:08:30.000Z", "inferenceStatus": "not-loaded"}