{"_id": "666bc28f4f1e3bc3e1d913ef", "id": "LAB-IA-UFBA/myeloma-yolo7-model", "modelId": "LAB-IA-UFBA/myeloma-yolo7-model", "author": "LAB-IA-UFBA", "sha": "c4b6ca73ca7d0c8d3a8b07e6f31fcfb83e1e8d28", "lastModified": "2024-06-14T04:57:54.000Z", "private": false, "disabled": false, "gated": false, "tags": ["yolo7", "dataset:LAB-IA-UFBA/myeloma-dataset", "license:apache-2.0", "region:us"], "downloads": 0, "likes": 0, "model-index": null, "cardData": {"license": "apache-2.0", "datasets": ["LAB-IA-UFBA/myeloma-dataset"], "tags": ["yolo7"]}, "siblings": [{"rfilename": ".gitattributes"}, {"rfilename": "README.md"}, {"rfilename": "weights.pt"}], "spaces": [], "createdAt": "2024-06-14T04:09:51.000Z", "inferenceStatus": "not-loaded"}