{"_id": "6618147408ef6c5b4e488423", "id": "Labagaite/gemma-Summarizer-2b-it-bnb-4bit", "modelId": "Labagaite/gemma-Summarizer-2b-it-bnb-4bit", "author": "Labagaite", "sha": "b5e20b838b060c7cffa50e831d1eb913147bf287", "lastModified": "2024-04-14T18:13:34.000Z", "private": false, "disabled": false, "gated": false, "pipeline_tag": "text-generation", "tags": ["transformers", "safetensors", "gemma", "text-generation", "text-generation-inference", "unsloth", "summarizer", "4bit", "conversational", "fr", "base_model:unsloth/gemma-2b-it-bnb-4bit", "license:apache-2.0", "autotrain_compatible", "endpoints_compatible", "4-bit", "bitsandbytes", "region:us"], "downloads": 4, "library_name": "transformers", "likes": 0, "model-index": null, "config": {"architectures": ["GemmaForCausalLM"], "model_type": "gemma", "quantization_config": {"load_in_4bit": true, "load_in_8bit": false, "quant_method": "bitsandbytes"}, "tokenizer_config": {"bos_token": "<bos>", "chat_template": "{{ bos_token }}{% if messages[0]['role'] == 'system' %}{{ raise_exception('System role not supported') }}{% endif %}{% for message in messages %}{% if (message['role'] == 'user') != (loop.index0 % 2 == 0) %}{{ raise_exception('Conversation roles must alternate user/assistant/user/assistant/...') }}{% endif %}{% if (message['role'] == 'assistant') %}{% set role = 'model' %}{% else %}{% set role = message['role'] %}{% endif %}{{ '<start_of_turn>' + role + '\n' + message['content'] | trim + '<end_of_turn>\n' }}{% endfor %}{% if add_generation_prompt %}{{'<start_of_turn>model\n'}}{% endif %}", "eos_token": "<eos>", "pad_token": "<pad>", "unk_token": "<unk>", "use_default_system_prompt": false}}, "cardData": {"language": ["fr"], "license": "apache-2.0", "tags": ["text-generation-inference", "transformers", "unsloth", "gemma", "summarizer", "4bit"], "base_model": "unsloth/gemma-2b-it-bnb-4bit"}, "transformersInfo": {"auto_model": "AutoModelForCausalLM", "pipeline_tag": "text-generation", "processor": "AutoTokenizer"}, "siblings": [{"rfilename": ".gitattributes"}, {"rfilename": "README.md"}, {"rfilename": "adapter_config.json"}, {"rfilename": "adapter_model.safetensors"}, {"rfilename": "config.json"}, {"rfilename": "eval_loss_plot.png"}, {"rfilename": "generation_config.json"}, {"rfilename": "model.safetensors"}, {"rfilename": "special_tokens_map.json"}, {"rfilename": "tokenizer.json"}, {"rfilename": "tokenizer.model"}, {"rfilename": "tokenizer_config.json"}], "spaces": [], "createdAt": "2024-04-11T16:48:52.000Z", "safetensors": {"parameters": {"F32": 155232, "F16": 524363776, "U8": 1021891716}, "total": 1546410724}, "inferenceStatus": "not-loaded"}