{"_id": "65130c1c408d3000f0601d77", "id": "Labbeti/conette", "modelId": "Labbeti/conette", "author": "Labbeti", "sha": "f7c6d0338832ee22df1e7c9d579cf5911a1a115d", "lastModified": "2023-11-09T16:50:29.000Z", "private": false, "disabled": false, "gated": false, "tags": ["transformers", "pytorch", "audio", "captioning", "text", "audio-captioning", "automated-audio-captioning", "en", "arxiv:2309.00454", "license:mit", "endpoints_compatible", "region:us"], "downloads": 945, "library_name": "transformers", "likes": 0, "model-index": null, "config": {"architectures": ["CoNeTTEModel"]}, "cardData": {"language": "en", "license": "mit", "tags": ["audio", "captioning", "text", "audio-captioning", "automated-audio-captioning"], "model_name": "CoNeTTE", "task_categories": ["audio-captioning"]}, "transformersInfo": {"auto_model": "AutoModel"}, "siblings": [{"rfilename": ".gitattributes"}, {"rfilename": "README.md"}, {"rfilename": "config.json"}, {"rfilename": "pytorch_model.bin"}], "spaces": ["Labbeti/conette"], "createdAt": "2023-09-26T16:51:40.000Z", "inferenceStatus": "not-loaded"}