{"_id": "65338f921922c31a9be3b15f", "id": "labDaVinci/labDaVinci_vacuumPump_LoRA_models_v1.0", "modelId": "labDaVinci/labDaVinci_vacuumPump_LoRA_models_v1.0", "author": "labDaVinci", "sha": "909a7f29115ec9db52c185149e86330f08e5fe5b", "lastModified": "2023-10-21T09:09:45.000Z", "private": false, "disabled": false, "gated": false, "tags": ["region:us"], "downloads": 0, "likes": 0, "siblings": [{"rfilename": ".gitattributes"}, {"rfilename": "1.safetensors"}, {"rfilename": "10.safetensors"}, {"rfilename": "2.safetensors"}, {"rfilename": "3.safetensors"}, {"rfilename": "4.safetensors"}, {"rfilename": "5.safetensors"}, {"rfilename": "6.safetensors"}, {"rfilename": "7.safetensors"}, {"rfilename": "8.safetensors"}, {"rfilename": "9.safetensors"}], "spaces": [], "createdAt": "2023-10-21T08:45:06.000Z", "inferenceStatus": "not-loaded"}