{"_id": "624590890ce0af01b5957b50", "id": "labdmitriy/code-search-net-tokenizer", "modelId": "labdmitriy/code-search-net-tokenizer", "author": "labdmitriy", "sha": "c632ea13144d121588a699d3bae3dbe3bf9850d3", "lastModified": "2022-03-31T11:29:19.000Z", "private": false, "disabled": false, "gated": false, "tags": ["region:us"], "downloads": 0, "likes": 0, "config": {"tokenizer_config": {"unk_token": "<|endoftext|>", "bos_token": "<|endoftext|>", "eos_token": "<|endoftext|>"}}, "siblings": [{"rfilename": ".gitattributes"}, {"rfilename": "merges.txt"}, {"rfilename": "special_tokens_map.json"}, {"rfilename": "tokenizer.json"}, {"rfilename": "tokenizer_config.json"}, {"rfilename": "vocab.json"}], "spaces": [], "createdAt": "2022-03-31T11:29:13.000Z", "inferenceStatus": "not-loaded"}