{"_id": "653366ec392f3bcb32392d2c", "id": "labDaVinci/labDaVinci_erlenmeyerFlask_LoRA_models_v1.0", "modelId": "labDaVinci/labDaVinci_erlenmeyerFlask_LoRA_models_v1.0", "author": "labDaVinci", "sha": "5a00548af5de5a382a6f7aab9db64a8df6975e25", "lastModified": "2023-10-21T06:21:55.000Z", "private": false, "disabled": false, "gated": false, "tags": ["region:us"], "downloads": 0, "likes": 0, "siblings": [{"rfilename": ".gitattributes"}, {"rfilename": "1.safetensors"}, {"rfilename": "10.safetensors"}, {"rfilename": "2.safetensors"}, {"rfilename": "3.safetensors"}, {"rfilename": "4.safetensors"}, {"rfilename": "5.safetensors"}, {"rfilename": "6.safetensors"}, {"rfilename": "7.safetensors"}, {"rfilename": "8.safetensors"}, {"rfilename": "9.safetensors"}], "spaces": [], "createdAt": "2023-10-21T05:51:40.000Z", "inferenceStatus": "not-loaded"}