{"_id": "653353ec1922c31a9bdd0228", "id": "labDaVinci/labDaVinci_crucibleTongs_LoRA_models_v1.0", "modelId": "labDaVinci/labDaVinci_crucibleTongs_LoRA_models_v1.0", "author": "labDaVinci", "sha": "42cf9c2489dc794b8f7c762db8d0af79093e904b", "lastModified": "2023-10-21T04:42:03.000Z", "private": false, "disabled": false, "gated": false, "tags": ["license:unknown", "region:us"], "downloads": 0, "likes": 0, "model-index": null, "cardData": {"license": "unknown"}, "siblings": [{"rfilename": ".gitattributes"}, {"rfilename": "01.safetensors"}, {"rfilename": "02.safetensors"}, {"rfilename": "03.safetensors"}, {"rfilename": "04.safetensors"}, {"rfilename": "05.safetensors"}, {"rfilename": "06.safetensors"}, {"rfilename": "07.safetensors"}, {"rfilename": "08.safetensors"}, {"rfilename": "09.safetensors"}, {"rfilename": "10.safetensors"}, {"rfilename": "README.md"}], "spaces": [], "createdAt": "2023-10-21T04:30:36.000Z", "inferenceStatus": "not-loaded"}