{"_id": "6530d0d62499487872aa2d46", "id": "labDaVinci/labDaVinci_beaker_LoRA_models_v1.0", "modelId": "labDaVinci/labDaVinci_beaker_LoRA_models_v1.0", "author": "labDaVinci", "sha": "f0d6f9c8bfce076c4b43bc121159a7973c17550c", "lastModified": "2023-10-19T06:50:27.000Z", "private": false, "disabled": false, "gated": false, "tags": ["license:unknown", "region:us"], "downloads": 0, "likes": 0, "model-index": null, "cardData": {"license": "unknown"}, "siblings": [{"rfilename": ".gitattributes"}, {"rfilename": "README.md"}, {"rfilename": "labDaVinci_1.safetensors"}, {"rfilename": "labDaVinci_10.safetensors"}, {"rfilename": "labDaVinci_2.safetensors"}, {"rfilename": "labDaVinci_3.safetensors"}, {"rfilename": "labDaVinci_4.safetensors"}, {"rfilename": "labDaVinci_5.safetensors"}, {"rfilename": "labDaVinci_6.safetensors"}, {"rfilename": "labDaVinci_7.safetensors"}, {"rfilename": "labDaVinci_8.safetensors"}, {"rfilename": "labDaVinci_9.safetensors"}], "spaces": [], "createdAt": "2023-10-19T06:46:46.000Z", "inferenceStatus": "not-loaded"}