{"_id": "65f4c6e1b85e7972195d8b59", "id": "labicquette/camembert-base-naive-weights", "modelId": "labicquette/camembert-base-naive-weights", "author": "labicquette", "sha": "cf6c658a3856b74d9bc2aef0dd65fdc6126fcec0", "lastModified": "2024-03-15T22:11:56.000Z", "private": false, "disabled": false, "gated": false, "tags": ["tensorboard", "safetensors", "region:us"], "downloads": 0, "likes": 0, "siblings": [{"rfilename": ".gitattributes"}, {"rfilename": "almanach_camembert-base-ft-BUILD/checkpoint-1900/config.json"}, {"rfilename": "almanach_camembert-base-ft-BUILD/checkpoint-1900/model.safetensors"}, {"rfilename": "almanach_camembert-base-ft-BUILD/checkpoint-1900/optimizer.pt"}, {"rfilename": "almanach_camembert-base-ft-BUILD/checkpoint-1900/rng_state.pth"}, {"rfilename": "almanach_camembert-base-ft-BUILD/checkpoint-1900/scheduler.pt"}, {"rfilename": "almanach_camembert-base-ft-BUILD/checkpoint-1900/trainer_state.json"}, {"rfilename": "almanach_camembert-base-ft-BUILD/checkpoint-1900/training_args.bin"}, {"rfilename": "almanach_camembert-base-ft-BUILD/logs/events.out.tfevents.1710517532.DESKTOP-VOM7ARG.17936.0"}], "spaces": [], "createdAt": "2024-03-15T22:08:33.000Z", "inferenceStatus": "not-loaded"}