{"_id": "663a2094ec1aafe3d623dfa4", "id": "Labib11/PMC_bge", "modelId": "Labib11/PMC_bge", "author": "Labib11", "sha": "daf0c3980eb041a89c76a11dd1aebccd27640087", "lastModified": "2024-05-07T16:25:17.000Z", "private": false, "disabled": false, "gated": false, "pipeline_tag": "feature-extraction", "tags": ["transformers", "safetensors", "bert", "feature-extraction", "generated_from_trainer", "base_model:BAAI/bge-large-en-v1.5", "license:mit", "text-embeddings-inference", "endpoints_compatible", "region:us"], "downloads": 2, "library_name": "transformers", "mask_token": "[MASK]", "likes": 0, "model-index": [{"name": "PMC_bge", "results": []}], "config": {"architectures": ["BertModel"], "model_type": "bert", "tokenizer_config": {"cls_token": "[CLS]", "mask_token": "[MASK]", "pad_token": "[PAD]", "sep_token": "[SEP]", "unk_token": "[UNK]"}}, "cardData": {"license": "mit", "base_model": "BAAI/bge-large-en-v1.5", "tags": ["generated_from_trainer"], "model-index": [{"name": "PMC_bge", "results": []}]}, "transformersInfo": {"auto_model": "AutoModel", "pipeline_tag": "feature-extraction", "processor": "AutoTokenizer"}, "siblings": [{"rfilename": ".gitattributes"}, {"rfilename": "1_Pooling/config.json"}, {"rfilename": "README.md"}, {"rfilename": "config.json"}, {"rfilename": "config_sentence_transformers.json"}, {"rfilename": "model.safetensors"}, {"rfilename": "modules.json"}, {"rfilename": "sentence_bert_config.json"}, {"rfilename": "special_tokens_map.json"}, {"rfilename": "tokenizer.json"}, {"rfilename": "tokenizer_config.json"}, {"rfilename": "training_args.bin"}, {"rfilename": "vocab.txt"}], "spaces": [], "createdAt": "2024-05-07T12:37:40.000Z", "safetensors": {"parameters": {"F32": 335141888}, "total": 335141888}, "inferenceStatus": "not-loaded"}