{"_id": "6460c0bd232a700f26590916", "id": "labicquette/a2c-PandaReachDense-v2", "modelId": "labicquette/a2c-PandaReachDense-v2", "author": "labicquette", "sha": "29092e8cc5058069798dd1668c61ad49e0f758c9", "lastModified": "2023-05-14T11:34:09.000Z", "private": false, "disabled": false, "gated": false, "pipeline_tag": "reinforcement-learning", "tags": ["stable-baselines3", "PandaReachDense-v2", "deep-reinforcement-learning", "reinforcement-learning", "model-index", "region:us"], "downloads": 0, "library_name": "stable-baselines3", "likes": 0, "model-index": [{"name": "A2C", "results": [{"task": {"type": "reinforcement-learning", "name": "reinforcement-learning"}, "dataset": {"name": "PandaReachDense-v2", "type": "PandaReachDense-v2"}, "metrics": [{"type": "mean_reward", "value": "-1.36 +/- 0.36", "name": "mean_reward", "verified": false}]}]}], "config": {}, "cardData": {"library_name": "stable-baselines3", "tags": ["PandaReachDense-v2", "deep-reinforcement-learning", "reinforcement-learning", "stable-baselines3"], "model-index": [{"name": "A2C", "results": [{"task": {"type": "reinforcement-learning", "name": "reinforcement-learning"}, "dataset": {"name": "PandaReachDense-v2", "type": "PandaReachDense-v2"}, "metrics": [{"type": "mean_reward", "value": "-1.36 +/- 0.36", "name": "mean_reward", "verified": false}]}]}]}, "siblings": [{"rfilename": ".gitattributes"}, {"rfilename": "README.md"}, {"rfilename": "a2c-PandaReachDense-v2.zip"}, {"rfilename": "a2c-PandaReachDense-v2/_stable_baselines3_version"}, {"rfilename": "a2c-PandaReachDense-v2/data"}, {"rfilename": "a2c-PandaReachDense-v2/policy.optimizer.pth"}, {"rfilename": "a2c-PandaReachDense-v2/policy.pth"}, {"rfilename": "a2c-PandaReachDense-v2/pytorch_variables.pth"}, {"rfilename": "a2c-PandaReachDense-v2/system_info.txt"}, {"rfilename": "config.json"}, {"rfilename": "results.json"}, {"rfilename": "vec_normalize.pkl"}], "spaces": [], "createdAt": "2023-05-14T11:06:37.000Z", "inferenceStatus": "not-loaded"}