{"_id": "64625f83904bbc4cf2e032bf", "id": "labicquette/poca-SoccetTwos", "modelId": "labicquette/poca-SoccetTwos", "author": "labicquette", "sha": "731485a70b97b3a12e02529655de95abf9bc13ee", "lastModified": "2023-05-15T16:36:23.000Z", "private": false, "disabled": false, "gated": false, "pipeline_tag": "reinforcement-learning", "tags": ["ml-agents", "tensorboard", "onnx", "unity-ml-agents", "deep-reinforcement-learning", "reinforcement-learning", "ML-Agents-SoccerTwos", "region:us"], "downloads": 15, "library_name": "ml-agents", "likes": 0, "model-index": null, "config": {}, "cardData": {"tags": ["unity-ml-agents", "ml-agents", "deep-reinforcement-learning", "reinforcement-learning", "ML-Agents-SoccerTwos"], "library_name": "ml-agents"}, "siblings": [{"rfilename": ".gitattributes"}, {"rfilename": "README.md"}, {"rfilename": "SoccerTwos.onnx"}, {"rfilename": "SoccerTwos/SoccerTwos-3499949.onnx"}, {"rfilename": "SoccerTwos/SoccerTwos-3499949.pt"}, {"rfilename": "SoccerTwos/SoccerTwos-3999960.onnx"}, {"rfilename": "SoccerTwos/SoccerTwos-3999960.pt"}, {"rfilename": "SoccerTwos/SoccerTwos-41958.onnx"}, {"rfilename": "SoccerTwos/SoccerTwos-41958.pt"}, {"rfilename": "SoccerTwos/SoccerTwos-4499973.onnx"}, {"rfilename": "SoccerTwos/SoccerTwos-4499973.pt"}, {"rfilename": "SoccerTwos/SoccerTwos-499014.pt"}, {"rfilename": "SoccerTwos/SoccerTwos-4999997.onnx"}, {"rfilename": "SoccerTwos/SoccerTwos-4999997.pt"}, {"rfilename": "SoccerTwos/SoccerTwos-5000082.onnx"}, {"rfilename": "SoccerTwos/SoccerTwos-5000082.pt"}, {"rfilename": "SoccerTwos/checkpoint.pt"}, {"rfilename": "SoccerTwos/events.out.tfevents.1684151286.DESKTOP-EK1KRNF.8249.0"}, {"rfilename": "config.json"}, {"rfilename": "configuration.yaml"}, {"rfilename": "run_logs/Player-0.log"}, {"rfilename": "run_logs/timers.json"}, {"rfilename": "run_logs/training_status.json"}], "spaces": [], "createdAt": "2023-05-15T16:36:19.000Z", "inferenceStatus": "not-loaded"}