{"_id": "663b9d83d6acd1aa1227e7c8", "id": "Labib11/PMC_bge_1600", "modelId": "Labib11/PMC_bge_1600", "author": "Labib11", "sha": "c275ebfaed0bb6886e4aafc4c8d36aa40ca937ae", "lastModified": "2024-05-08T15:44:13.000Z", "private": false, "disabled": false, "gated": false, "pipeline_tag": "sentence-similarity", "tags": ["sentence-transformers", "safetensors", "bert", "feature-extraction", "sentence-similarity", "autotrain_compatible", "text-embeddings-inference", "endpoints_compatible", "region:us"], "downloads": 16, "library_name": "sentence-transformers", "mask_token": "[MASK]", "widgetData": [{"source_sentence": "That is a happy person", "sentences": ["That is a happy dog", "That is a very happy person", "Today is a sunny day"]}], "likes": 0, "model-index": null, "config": {"architectures": ["BertModel"], "model_type": "bert", "tokenizer_config": {"cls_token": "[CLS]", "mask_token": "[MASK]", "pad_token": "[PAD]", "sep_token": "[SEP]", "unk_token": "[UNK]"}}, "cardData": {"library_name": "sentence-transformers", "pipeline_tag": "sentence-similarity", "tags": ["sentence-transformers", "feature-extraction", "sentence-similarity"]}, "siblings": [{"rfilename": ".gitattributes"}, {"rfilename": "1_Pooling/config.json"}, {"rfilename": "README.md"}, {"rfilename": "config.json"}, {"rfilename": "config_sentence_transformers.json"}, {"rfilename": "model.safetensors"}, {"rfilename": "modules.json"}, {"rfilename": "optimizer.pt"}, {"rfilename": "rng_state_0.pth"}, {"rfilename": "rng_state_1.pth"}, {"rfilename": "rng_state_2.pth"}, {"rfilename": "rng_state_3.pth"}, {"rfilename": "rng_state_4.pth"}, {"rfilename": "rng_state_5.pth"}, {"rfilename": "rng_state_6.pth"}, {"rfilename": "rng_state_7.pth"}, {"rfilename": "scheduler.pt"}, {"rfilename": "sentence_bert_config.json"}, {"rfilename": "special_tokens_map.json"}, {"rfilename": "tokenizer.json"}, {"rfilename": "tokenizer_config.json"}, {"rfilename": "trainer_state.json"}, {"rfilename": "training_args.bin"}, {"rfilename": "vocab.txt"}], "spaces": [], "createdAt": "2024-05-08T15:42:59.000Z", "safetensors": {"parameters": {"F32": 335141888}, "total": 335141888}, "inferenceStatus": "not-loaded"}