{"_id": "667bffa99c709592775c9a5a", "id": "Labib11/MUG-B-1.6-onnx", "modelId": "Labib11/MUG-B-1.6-onnx", "author": "Labib11", "sha": "77c31d41f3b9dccab78f2bcfc7c87f85d27b2a04", "lastModified": "2024-06-26T12:57:22.000Z", "private": false, "disabled": false, "gated": false, "pipeline_tag": "feature-extraction", "tags": ["transformers", "onnx", "bert", "feature-extraction", "license:cc-by-nc-4.0", "text-embeddings-inference", "endpoints_compatible", "region:us"], "downloads": 6, "library_name": "transformers", "mask_token": "[MASK]", "likes": 0, "model-index": null, "config": {"architectures": ["BertModel"], "model_type": "bert", "tokenizer_config": {"cls_token": "[CLS]", "mask_token": "[MASK]", "pad_token": "[PAD]", "sep_token": "[SEP]", "unk_token": "[UNK]"}}, "cardData": {"license": "cc-by-nc-4.0"}, "transformersInfo": {"auto_model": "AutoModel", "pipeline_tag": "feature-extraction", "processor": "AutoTokenizer"}, "siblings": [{"rfilename": ".gitattributes"}, {"rfilename": "README.md"}, {"rfilename": "config.json"}, {"rfilename": "model.onnx"}, {"rfilename": "special_tokens_map.json"}, {"rfilename": "tokenizer.json"}, {"rfilename": "tokenizer_config.json"}, {"rfilename": "vocab.txt"}], "spaces": [], "createdAt": "2024-06-26T11:46:49.000Z", "inferenceStatus": "not-loaded"}