{"_id": "654c5d3363c58a252c35b23d", "id": "labitacoradev/Farid_Dieck", "modelId": "labitacoradev/Farid_Dieck", "author": "labitacoradev", "sha": "2cabdf8f79a6a26c7da8f26ed16bf4fec51fcd13", "lastModified": "2023-11-09T04:16:51.000Z", "private": false, "disabled": false, "gated": false, "tags": ["license:apache-2.0", "region:us"], "downloads": 0, "likes": 0, "model-index": null, "cardData": {"license": "apache-2.0"}, "siblings": [{"rfilename": ".gitattributes"}, {"rfilename": "README.md"}], "spaces": [], "createdAt": "2023-11-09T04:16:51.000Z", "inferenceStatus": "not-loaded"}