{"_id": "645f62cd446a4fa469559f08", "id": "labicquette/ppo-PyramidsRND", "modelId": "labicquette/ppo-PyramidsRND", "author": "labicquette", "sha": "ce3b19d7aaa2e1df02a36fc3ff6a4345ecd3f9f1", "lastModified": "2023-05-13T10:13:38.000Z", "private": false, "disabled": false, "gated": false, "pipeline_tag": "reinforcement-learning", "tags": ["ml-agents", "tensorboard", "onnx", "Pyramids", "deep-reinforcement-learning", "reinforcement-learning", "ML-Agents-Pyramids", "region:us"], "downloads": 0, "library_name": "ml-agents", "likes": 0, "model-index": null, "config": {}, "cardData": {"library_name": "ml-agents", "tags": ["Pyramids", "deep-reinforcement-learning", "reinforcement-learning", "ML-Agents-Pyramids"]}, "siblings": [{"rfilename": ".gitattributes"}, {"rfilename": "Pyramids.onnx"}, {"rfilename": "Pyramids/Pyramids-1000042.onnx"}, {"rfilename": "Pyramids/Pyramids-1000042.pt"}, {"rfilename": "Pyramids/Pyramids-499920.onnx"}, {"rfilename": "Pyramids/Pyramids-499920.pt"}, {"rfilename": "Pyramids/Pyramids-999914.onnx"}, {"rfilename": "Pyramids/Pyramids-999914.pt"}, {"rfilename": "Pyramids/checkpoint.pt"}, {"rfilename": "Pyramids/events.out.tfevents.1683970714.8a552c9604f2.11231.0"}, {"rfilename": "README.md"}, {"rfilename": "config.json"}, {"rfilename": "configuration.yaml"}, {"rfilename": "run_logs/Player-0.log"}, {"rfilename": "run_logs/timers.json"}, {"rfilename": "run_logs/training_status.json"}], "spaces": [], "createdAt": "2023-05-13T10:13:33.000Z", "inferenceStatus": "not-loaded"}