{"_id": "660c8615104a1e3659100245", "id": "labicquette/distilbert-v0", "modelId": "labicquette/distilbert-v0", "author": "labicquette", "sha": "696a9b0af03afedcdb56e132ee11d44b3d166dab", "lastModified": "2024-04-02T22:26:59.000Z", "private": false, "disabled": false, "gated": false, "pipeline_tag": "token-classification", "tags": ["transformers", "tensorboard", "safetensors", "distilbert", "token-classification", "generated_from_trainer", "base_model:distilbert/distilbert-base-cased", "license:apache-2.0", "autotrain_compatible", "endpoints_compatible", "region:us"], "downloads": 1, "library_name": "transformers", "mask_token": "[MASK]", "widgetData": [{"text": "My name is Wolfgang and I live in Berlin"}, {"text": "My name is Sarah and I live in London"}, {"text": "My name is Clara and I live in Berkeley, California."}], "likes": 0, "model-index": [{"name": "distilbert-v0", "results": []}], "config": {"architectures": ["DistilBertForTokenClassification"], "model_type": "distilbert", "tokenizer_config": {"cls_token": "[CLS]", "mask_token": "[MASK]", "pad_token": "[PAD]", "sep_token": "[SEP]", "unk_token": "[UNK]"}}, "cardData": {"license": "apache-2.0", "base_model": "distilbert/distilbert-base-cased", "tags": ["generated_from_trainer"], "metrics": ["precision", "recall", "f1", "accuracy"], "model-index": [{"name": "distilbert-v0", "results": []}]}, "transformersInfo": {"auto_model": "AutoModelForTokenClassification", "pipeline_tag": "token-classification", "processor": "AutoTokenizer"}, "siblings": [{"rfilename": ".gitattributes"}, {"rfilename": "README.md"}, {"rfilename": "config.json"}, {"rfilename": "model.safetensors"}, {"rfilename": "runs/Apr02_21-08-53_DESKTOP-VOM7ARG/events.out.tfevents.1712084935.DESKTOP-VOM7ARG.1437.0"}, {"rfilename": "runs/Apr02_21-26-25_DESKTOP-VOM7ARG/events.out.tfevents.1712085985.DESKTOP-VOM7ARG.1437.1"}, {"rfilename": "runs/Apr02_21-30-09_DESKTOP-VOM7ARG/events.out.tfevents.1712086209.DESKTOP-VOM7ARG.1437.2"}, {"rfilename": "runs/Apr02_22-04-42_DESKTOP-VOM7ARG/events.out.tfevents.1712088282.DESKTOP-VOM7ARG.1437.3"}, {"rfilename": "runs/Apr02_22-34-55_DESKTOP-VOM7ARG/events.out.tfevents.1712090095.DESKTOP-VOM7ARG.1437.4"}, {"rfilename": "runs/Apr02_22-51-26_DESKTOP-VOM7ARG/events.out.tfevents.1712091086.DESKTOP-VOM7ARG.1437.5"}, {"rfilename": "runs/Apr02_22-52-39_DESKTOP-VOM7ARG/events.out.tfevents.1712091159.DESKTOP-VOM7ARG.1437.6"}, {"rfilename": "runs/Apr02_22-54-00_DESKTOP-VOM7ARG/events.out.tfevents.1712091240.DESKTOP-VOM7ARG.1437.7"}, {"rfilename": "runs/Apr02_23-09-15_DESKTOP-VOM7ARG/events.out.tfevents.1712092155.DESKTOP-VOM7ARG.1437.8"}, {"rfilename": "runs/Apr02_23-35-10_DESKTOP-VOM7ARG/events.out.tfevents.1712093711.DESKTOP-VOM7ARG.1437.9"}, {"rfilename": "runs/Apr02_23-42-20_DESKTOP-VOM7ARG/events.out.tfevents.1712094140.DESKTOP-VOM7ARG.1437.10"}, {"rfilename": "runs/Apr02_23-46-04_DESKTOP-VOM7ARG/events.out.tfevents.1712094364.DESKTOP-VOM7ARG.1437.11"}, {"rfilename": "runs/Apr02_23-46-33_DESKTOP-VOM7ARG/events.out.tfevents.1712094394.DESKTOP-VOM7ARG.1437.12"}, {"rfilename": "runs/Apr02_23-49-34_DESKTOP-VOM7ARG/events.out.tfevents.1712094574.DESKTOP-VOM7ARG.1437.13"}, {"rfilename": "runs/Apr02_23-54-06_DESKTOP-VOM7ARG/events.out.tfevents.1712094846.DESKTOP-VOM7ARG.1437.14"}, {"rfilename": "runs/Apr02_23-57-37_DESKTOP-VOM7ARG/events.out.tfevents.1712095058.DESKTOP-VOM7ARG.1437.15"}, {"rfilename": "runs/Apr03_00-01-08_DESKTOP-VOM7ARG/events.out.tfevents.1712095268.DESKTOP-VOM7ARG.1437.16"}, {"rfilename": "runs/Apr03_00-05-27_DESKTOP-VOM7ARG/events.out.tfevents.1712095527.DESKTOP-VOM7ARG.1437.17"}, {"rfilename": "runs/Apr03_00-06-10_DESKTOP-VOM7ARG/events.out.tfevents.1712095570.DESKTOP-VOM7ARG.1437.18"}, {"rfilename": "runs/Apr03_00-14-16_DESKTOP-VOM7ARG/events.out.tfevents.1712096057.DESKTOP-VOM7ARG.1437.19"}, {"rfilename": "runs/Apr03_00-22-03_DESKTOP-VOM7ARG/events.out.tfevents.1712096524.DESKTOP-VOM7ARG.99759.0"}, {"rfilename": "runs/Apr03_00-23-36_DESKTOP-VOM7ARG/events.out.tfevents.1712096616.DESKTOP-VOM7ARG.99759.1"}, {"rfilename": "runs/Mar13_12-58-52_X395/events.out.tfevents.1710331132.X395.71472.0"}, {"rfilename": "runs/Mar13_15-36-25_X395/events.out.tfevents.1710340586.X395.71472.1"}, {"rfilename": "runs/Mar13_15-37-00_X395/events.out.tfevents.1710340621.X395.71472.2"}, {"rfilename": "runs/Mar13_16-48-45_X395/events.out.tfevents.1710344926.X395.71472.3"}, {"rfilename": "runs/Mar13_16-49-02_X395/events.out.tfevents.1710344944.X395.71472.4"}, {"rfilename": "runs/Mar24_11-53-49_DESKTOP-VOM7ARG/events.out.tfevents.1711277630.DESKTOP-VOM7ARG.1179.0"}, {"rfilename": "runs/Mar24_12-29-27_DESKTOP-VOM7ARG/events.out.tfevents.1711279767.DESKTOP-VOM7ARG.1179.1"}, {"rfilename": "runs/Mar24_12-30-42_DESKTOP-VOM7ARG/events.out.tfevents.1711279843.DESKTOP-VOM7ARG.26544.0"}, {"rfilename": "runs/Mar24_12-33-58_DESKTOP-VOM7ARG/events.out.tfevents.1711280038.DESKTOP-VOM7ARG.26544.1"}, {"rfilename": "runs/Mar24_12-35-02_DESKTOP-VOM7ARG/events.out.tfevents.1711280102.DESKTOP-VOM7ARG.26544.2"}, {"rfilename": "runs/Mar24_12-35-48_DESKTOP-VOM7ARG/events.out.tfevents.1711280148.DESKTOP-VOM7ARG.26544.3"}, {"rfilename": "runs/Mar24_12-36-17_DESKTOP-VOM7ARG/events.out.tfevents.1711280177.DESKTOP-VOM7ARG.26544.4"}, {"rfilename": "runs/Mar24_13-14-49_DESKTOP-VOM7ARG/events.out.tfevents.1711282489.DESKTOP-VOM7ARG.26544.5"}, {"rfilename": "runs/Mar24_13-15-35_DESKTOP-VOM7ARG/events.out.tfevents.1711282535.DESKTOP-VOM7ARG.26544.6"}, {"rfilename": "runs/Mar24_13-19-19_DESKTOP-VOM7ARG/events.out.tfevents.1711282759.DESKTOP-VOM7ARG.26544.7"}, {"rfilename": "runs/Mar24_13-20-54_DESKTOP-VOM7ARG/events.out.tfevents.1711282854.DESKTOP-VOM7ARG.26544.8"}, {"rfilename": "runs/Mar24_13-21-50_DESKTOP-VOM7ARG/events.out.tfevents.1711282910.DESKTOP-VOM7ARG.26544.9"}, {"rfilename": "runs/Mar24_13-24-51_DESKTOP-VOM7ARG/events.out.tfevents.1711283091.DESKTOP-VOM7ARG.26544.10"}, {"rfilename": "runs/Mar24_13-31-11_DESKTOP-VOM7ARG/events.out.tfevents.1711283471.DESKTOP-VOM7ARG.26544.11"}, {"rfilename": "runs/Mar24_13-32-21_DESKTOP-VOM7ARG/events.out.tfevents.1711283541.DESKTOP-VOM7ARG.26544.12"}, {"rfilename": "runs/Mar24_13-34-59_DESKTOP-VOM7ARG/events.out.tfevents.1711283699.DESKTOP-VOM7ARG.26544.13"}, {"rfilename": "runs/Mar24_13-35-55_DESKTOP-VOM7ARG/events.out.tfevents.1711283755.DESKTOP-VOM7ARG.26544.14"}, {"rfilename": "runs/Mar24_13-43-04_DESKTOP-VOM7ARG/events.out.tfevents.1711284185.DESKTOP-VOM7ARG.26544.15"}, {"rfilename": "runs/Mar24_13-43-36_DESKTOP-VOM7ARG/events.out.tfevents.1711284216.DESKTOP-VOM7ARG.26544.16"}, {"rfilename": "runs/Mar24_13-44-10_DESKTOP-VOM7ARG/events.out.tfevents.1711284250.DESKTOP-VOM7ARG.26544.17"}, {"rfilename": "runs/Mar24_13-57-48_DESKTOP-VOM7ARG/events.out.tfevents.1711285068.DESKTOP-VOM7ARG.26544.18"}, {"rfilename": "runs/Mar24_14-02-10_DESKTOP-VOM7ARG/events.out.tfevents.1711285330.DESKTOP-VOM7ARG.26544.19"}, {"rfilename": "runs/Mar24_14-03-01_DESKTOP-VOM7ARG/events.out.tfevents.1711285382.DESKTOP-VOM7ARG.69739.0"}, {"rfilename": "runs/Mar24_14-04-06_DESKTOP-VOM7ARG/events.out.tfevents.1711285447.DESKTOP-VOM7ARG.70711.0"}, {"rfilename": "runs/Mar24_14-04-52_DESKTOP-VOM7ARG/events.out.tfevents.1711285493.DESKTOP-VOM7ARG.70711.1"}, {"rfilename": "runs/Mar24_14-08-36_DESKTOP-VOM7ARG/events.out.tfevents.1711285716.DESKTOP-VOM7ARG.70711.2"}, {"rfilename": "runs/Mar24_14-09-18_DESKTOP-VOM7ARG/events.out.tfevents.1711285759.DESKTOP-VOM7ARG.70711.3"}, {"rfilename": "runs/Mar24_14-10-01_DESKTOP-VOM7ARG/events.out.tfevents.1711285801.DESKTOP-VOM7ARG.70711.4"}, {"rfilename": "runs/Mar24_14-10-36_DESKTOP-VOM7ARG/events.out.tfevents.1711285837.DESKTOP-VOM7ARG.70711.5"}, {"rfilename": "runs/Mar24_14-12-00_DESKTOP-VOM7ARG/events.out.tfevents.1711285920.DESKTOP-VOM7ARG.70711.6"}, {"rfilename": "runs/Mar24_14-13-48_DESKTOP-VOM7ARG/events.out.tfevents.1711286028.DESKTOP-VOM7ARG.70711.7"}, {"rfilename": "runs/Mar24_14-15-57_DESKTOP-VOM7ARG/events.out.tfevents.1711286158.DESKTOP-VOM7ARG.70711.8"}, {"rfilename": "runs/Mar24_14-16-57_DESKTOP-VOM7ARG/events.out.tfevents.1711286217.DESKTOP-VOM7ARG.80045.0"}, {"rfilename": "runs/Mar24_14-21-00_DESKTOP-VOM7ARG/events.out.tfevents.1711286460.DESKTOP-VOM7ARG.80045.1"}, {"rfilename": "runs/Mar24_14-27-50_DESKTOP-VOM7ARG/events.out.tfevents.1711286871.DESKTOP-VOM7ARG.80045.2"}, {"rfilename": "runs/Mar24_14-28-25_DESKTOP-VOM7ARG/events.out.tfevents.1711286906.DESKTOP-VOM7ARG.80045.3"}, {"rfilename": "runs/Mar24_14-29-00_DESKTOP-VOM7ARG/events.out.tfevents.1711286941.DESKTOP-VOM7ARG.87840.0"}, {"rfilename": "runs/Mar24_14-29-54_DESKTOP-VOM7ARG/events.out.tfevents.1711286994.DESKTOP-VOM7ARG.87840.1"}, {"rfilename": "runs/Mar24_14-31-24_DESKTOP-VOM7ARG/events.out.tfevents.1711287084.DESKTOP-VOM7ARG.87840.2"}, {"rfilename": "runs/Mar24_15-46-45_DESKTOP-VOM7ARG/events.out.tfevents.1711291606.DESKTOP-VOM7ARG.87840.3"}, {"rfilename": "runs/Mar24_15-47-31_DESKTOP-VOM7ARG/events.out.tfevents.1711291652.DESKTOP-VOM7ARG.87840.4"}, {"rfilename": "runs/Mar26_10-52-10_DESKTOP-VOM7ARG/events.out.tfevents.1711446734.DESKTOP-VOM7ARG.1255.0"}, {"rfilename": "runs/Mar26_10-52-56_DESKTOP-VOM7ARG/events.out.tfevents.1711446777.DESKTOP-VOM7ARG.10148.0"}, {"rfilename": "runs/Mar26_10-53-29_DESKTOP-VOM7ARG/events.out.tfevents.1711446809.DESKTOP-VOM7ARG.10148.1"}, {"rfilename": "runs/Mar26_11-07-47_DESKTOP-VOM7ARG/events.out.tfevents.1711447667.DESKTOP-VOM7ARG.10148.2"}, {"rfilename": "runs/Mar26_11-10-12_DESKTOP-VOM7ARG/events.out.tfevents.1711447813.DESKTOP-VOM7ARG.10148.3"}, {"rfilename": "runs/Mar26_11-20-34_DESKTOP-VOM7ARG/events.out.tfevents.1711448435.DESKTOP-VOM7ARG.10148.4"}, {"rfilename": "runs/Mar26_11-21-23_DESKTOP-VOM7ARG/events.out.tfevents.1711448483.DESKTOP-VOM7ARG.10148.5"}, {"rfilename": "runs/Mar26_11-21-53_DESKTOP-VOM7ARG/events.out.tfevents.1711448513.DESKTOP-VOM7ARG.10148.6"}, {"rfilename": "runs/Mar26_11-30-11_DESKTOP-VOM7ARG/events.out.tfevents.1711449011.DESKTOP-VOM7ARG.10148.7"}, {"rfilename": "runs/Mar26_11-31-23_DESKTOP-VOM7ARG/events.out.tfevents.1711449084.DESKTOP-VOM7ARG.34395.0"}, {"rfilename": "runs/Mar26_11-36-27_DESKTOP-VOM7ARG/events.out.tfevents.1711449387.DESKTOP-VOM7ARG.34395.1"}, {"rfilename": "runs/Mar26_11-43-54_DESKTOP-VOM7ARG/events.out.tfevents.1711449834.DESKTOP-VOM7ARG.34395.2"}, {"rfilename": "runs/Mar26_13-20-44_DESKTOP-VOM7ARG/events.out.tfevents.1711455644.DESKTOP-VOM7ARG.34395.3"}, {"rfilename": "runs/Mar26_14-20-01_DESKTOP-VOM7ARG/events.out.tfevents.1711459201.DESKTOP-VOM7ARG.34395.4"}, {"rfilename": "runs/Mar26_14-21-32_DESKTOP-VOM7ARG/events.out.tfevents.1711459293.DESKTOP-VOM7ARG.34395.5"}, {"rfilename": "runs/Mar26_14-32-21_DESKTOP-VOM7ARG/events.out.tfevents.1711459941.DESKTOP-VOM7ARG.34395.6"}, {"rfilename": "special_tokens_map.json"}, {"rfilename": "tokenizer.json"}, {"rfilename": "tokenizer_config.json"}, {"rfilename": "training_args.bin"}, {"rfilename": "vocab.txt"}], "spaces": [], "createdAt": "2024-04-02T22:26:29.000Z", "safetensors": {"parameters": {"F32": 65199371}, "total": 65199371}, "inferenceStatus": "not-loaded"}