{"_id": "6454ea54fe2f48cb4b62c7fb", "id": "labicquette/ppo-Huggy2", "modelId": "labicquette/ppo-Huggy2", "author": "labicquette", "sha": "9bdf4474befc944d3420187d2933cfdc135777e4", "lastModified": "2023-05-05T11:37:00.000Z", "private": false, "disabled": false, "gated": false, "pipeline_tag": "reinforcement-learning", "tags": ["ml-agents", "tensorboard", "onnx", "Huggy", "deep-reinforcement-learning", "reinforcement-learning", "ML-Agents-Huggy", "region:us"], "downloads": 5, "library_name": "ml-agents", "likes": 0, "model-index": null, "config": {}, "cardData": {"library_name": "ml-agents", "tags": ["Huggy", "deep-reinforcement-learning", "reinforcement-learning", "ML-Agents-Huggy"]}, "siblings": [{"rfilename": ".gitattributes"}, {"rfilename": "Huggy.onnx"}, {"rfilename": "Huggy/Huggy-1199870.onnx"}, {"rfilename": "Huggy/Huggy-1199870.pt"}, {"rfilename": "Huggy/Huggy-1399942.onnx"}, {"rfilename": "Huggy/Huggy-1399942.pt"}, {"rfilename": "Huggy/Huggy-1599498.onnx"}, {"rfilename": "Huggy/Huggy-1599498.pt"}, {"rfilename": "Huggy/Huggy-1799995.onnx"}, {"rfilename": "Huggy/Huggy-1799995.pt"}, {"rfilename": "Huggy/Huggy-199922.onnx"}, {"rfilename": "Huggy/Huggy-199922.pt"}, {"rfilename": "Huggy/Huggy-1999680.onnx"}, {"rfilename": "Huggy/Huggy-1999680.pt"}, {"rfilename": "Huggy/Huggy-2000430.onnx"}, {"rfilename": "Huggy/Huggy-2000430.pt"}, {"rfilename": "Huggy/Huggy-399897.onnx"}, {"rfilename": "Huggy/Huggy-399897.pt"}, {"rfilename": "Huggy/Huggy-599964.onnx"}, {"rfilename": "Huggy/Huggy-599964.pt"}, {"rfilename": "Huggy/Huggy-799935.onnx"}, {"rfilename": "Huggy/Huggy-799935.pt"}, {"rfilename": "Huggy/Huggy-999985.onnx"}, {"rfilename": "Huggy/Huggy-999985.pt"}, {"rfilename": "Huggy/checkpoint.pt"}, {"rfilename": "Huggy/events.out.tfevents.1683283762.ed6b07c9da72.4400.0"}, {"rfilename": "README.md"}, {"rfilename": "config.json"}, {"rfilename": "configuration.yaml"}, {"rfilename": "run_logs/Player-0.log"}, {"rfilename": "run_logs/timers.json"}, {"rfilename": "run_logs/training_status.json"}], "spaces": [], "createdAt": "2023-05-05T11:36:52.000Z", "inferenceStatus": "not-loaded"}