{"_id": "64538dafdc897edfd157d928", "id": "labicquette/ppo-LunarLander-v2", "modelId": "labicquette/ppo-LunarLander-v2", "author": "labicquette", "sha": "50cc93b6bbc2349604767298b19ed30a4fcf8a98", "lastModified": "2023-05-16T11:19:50.000Z", "private": false, "disabled": false, "gated": false, "pipeline_tag": "reinforcement-learning", "tags": ["stable-baselines3", "tensorboard", "LunarLander-v2", "deep-reinforcement-learning", "reinforcement-learning", "model-index", "region:us"], "downloads": 0, "library_name": "stable-baselines3", "likes": 0, "model-index": [{"name": "PPO", "results": [{"task": {"type": "reinforcement-learning", "name": "reinforcement-learning"}, "dataset": {"name": "LunarLander-v2", "type": "LunarLander-v2"}, "metrics": [{"type": "mean_reward", "value": "257.12 +/- 15.74", "name": "mean_reward", "verified": false}]}]}], "config": {}, "cardData": {"library_name": "stable-baselines3", "tags": ["LunarLander-v2", "deep-reinforcement-learning", "reinforcement-learning", "stable-baselines3"], "model-index": [{"name": "PPO", "results": [{"task": {"type": "reinforcement-learning", "name": "reinforcement-learning"}, "dataset": {"name": "LunarLander-v2", "type": "LunarLander-v2"}, "metrics": [{"type": "mean_reward", "value": "257.12 +/- 15.74", "name": "mean_reward", "verified": false}]}]}]}, "siblings": [{"rfilename": ".gitattributes"}, {"rfilename": "README.md"}, {"rfilename": "config.json"}, {"rfilename": "logs/events.out.tfevents.1684232568.DESKTOP-EK1KRNF.1396.0"}, {"rfilename": "model.pt"}, {"rfilename": "ppo-LunarLander-v2.zip"}, {"rfilename": "ppo-LunarLander-v2/_stable_baselines3_version"}, {"rfilename": "ppo-LunarLander-v2/data"}, {"rfilename": "ppo-LunarLander-v2/policy.optimizer.pth"}, {"rfilename": "ppo-LunarLander-v2/policy.pth"}, {"rfilename": "ppo-LunarLander-v2/pytorch_variables.pth"}, {"rfilename": "ppo-LunarLander-v2/system_info.txt"}, {"rfilename": "ppoMoonLanderv1.zip"}, {"rfilename": "ppoMoonLanderv1/_stable_baselines3_version"}, {"rfilename": "ppoMoonLanderv1/data"}, {"rfilename": "ppoMoonLanderv1/policy.optimizer.pth"}, {"rfilename": "ppoMoonLanderv1/policy.pth"}, {"rfilename": "ppoMoonLanderv1/pytorch_variables.pth"}, {"rfilename": "ppoMoonLanderv1/system_info.txt"}, {"rfilename": "replay.mp4"}, {"rfilename": "results.json"}], "spaces": [], "createdAt": "2023-05-04T10:49:19.000Z", "inferenceStatus": "not-loaded"}