{"_id": "64c6757d15bd12e57987d106", "id": "d-karpone/whisper-small-dv", "modelId": "d-karpone/whisper-small-dv", "author": "d-karpone", "sha": "ea88e1f46b06e1ab7989fe6ed07e0d94ea88b046", "lastModified": "2023-07-30T15:14:26.000Z", "private": false, "disabled": false, "gated": false, "pipeline_tag": "automatic-speech-recognition", "tags": ["transformers", "pytorch", "tensorboard", "whisper", "automatic-speech-recognition", "generated_from_trainer", "dataset:PolyAI/minds14", "license:apache-2.0", "model-index", "endpoints_compatible", "region:us"], "downloads": 1, "library_name": "transformers", "likes": 0, "model-index": [{"name": "whisper-small-dv", "results": [{"task": {"name": "Automatic Speech Recognition", "type": "automatic-speech-recognition"}, "dataset": {"name": "PolyAI/minds14", "type": "PolyAI/minds14", "config": "en-US", "split": "train", "args": "en-US"}, "metrics": [{"name": "Wer", "type": "wer", "value": 0.3305785123966942, "verified": false}]}]}], "config": {"architectures": ["WhisperForConditionalGeneration"], "model_type": "whisper", "tokenizer_config": {"bos_token": {"__type": "AddedToken", "content": "<|endoftext|>", "lstrip": false, "normalized": true, "rstrip": false, "single_word": false}, "eos_token": {"__type": "AddedToken", "content": "<|endoftext|>", "lstrip": false, "normalized": true, "rstrip": false, "single_word": false}, "pad_token": null, "unk_token": {"__type": "AddedToken", "content": "<|endoftext|>", "lstrip": false, "normalized": true, "rstrip": false, "single_word": false}}}, "cardData": {"license": "apache-2.0", "tags": ["generated_from_trainer"], "datasets": ["PolyAI/minds14"], "metrics": ["wer"], "model-index": [{"name": "whisper-small-dv", "results": [{"task": {"name": "Automatic Speech Recognition", "type": "automatic-speech-recognition"}, "dataset": {"name": "PolyAI/minds14", "type": "PolyAI/minds14", "config": "en-US", "split": "train", "args": "en-US"}, "metrics": [{"name": "Wer", "type": "wer", "value": 0.3305785123966942, "verified": false}]}]}]}, "transformersInfo": {"auto_model": "AutoModelForSpeechSeq2Seq", "pipeline_tag": "automatic-speech-recognition", "processor": "AutoProcessor"}, "siblings": [{"rfilename": ".gitattributes"}, {"rfilename": ".gitignore"}, {"rfilename": "README.md"}, {"rfilename": "added_tokens.json"}, {"rfilename": "config.json"}, {"rfilename": "generation_config.json"}, {"rfilename": "merges.txt"}, {"rfilename": "normalizer.json"}, {"rfilename": "preprocessor_config.json"}, {"rfilename": "pytorch_model.bin"}, {"rfilename": "runs/Jul30_17-32-23_ubuntu/1690727834.5088558/events.out.tfevents.1690727834.ubuntu"}, {"rfilename": "runs/Jul30_17-32-23_ubuntu/1690728936.386025/events.out.tfevents.1690728936.ubuntu"}, {"rfilename": "runs/Jul30_17-32-23_ubuntu/events.out.tfevents.1690727834.ubuntu"}, {"rfilename": "runs/Jul30_17-32-23_ubuntu/events.out.tfevents.1690728936.ubuntu"}, {"rfilename": "runs/Jul30_17-57-26_ubuntu/1690729054.0466793/events.out.tfevents.1690729054.ubuntu"}, {"rfilename": "runs/Jul30_17-57-26_ubuntu/events.out.tfevents.1690729054.ubuntu"}, {"rfilename": "special_tokens_map.json"}, {"rfilename": "tokenizer_config.json"}, {"rfilename": "training_args.bin"}, {"rfilename": "vocab.json"}], "spaces": [], "createdAt": "2023-07-30T14:36:45.000Z", "inferenceStatus": "not-loaded"}