{"_id": "657ea73af4f72f2c4c3a6c20", "id": "D-rkMatter/CapitalFiller", "modelId": "D-rkMatter/CapitalFiller", "author": "D-rkMatter", "sha": "50419a14b7fc5b3f035bc9c1f712f7c05e6eb021", "lastModified": "2023-12-17T10:51:10.000Z", "private": false, "disabled": false, "gated": false, "pipeline_tag": "fill-mask", "tags": ["transformers", "tf", "bert", "fill-mask", "generated_from_keras_callback", "base_model:bert-base-uncased", "license:apache-2.0", "autotrain_compatible", "endpoints_compatible", "region:us"], "downloads": 0, "library_name": "transformers", "mask_token": "[MASK]", "widgetData": [{"text": "Paris is the [MASK] of France."}, {"text": "The goal of life is [MASK]."}], "likes": 0, "model-index": [{"name": "D-rkMatter/CapitalFiller", "results": []}], "config": {"architectures": ["BertForMaskedLM"], "model_type": "bert", "tokenizer_config": {"cls_token": "[CLS]", "mask_token": "[MASK]", "pad_token": "[PAD]", "sep_token": "[SEP]", "unk_token": "[UNK]"}}, "cardData": {"license": "apache-2.0", "base_model": "bert-base-uncased", "tags": ["generated_from_keras_callback"], "model-index": [{"name": "D-rkMatter/CapitalFiller", "results": []}]}, "transformersInfo": {"auto_model": "AutoModelForMaskedLM", "pipeline_tag": "fill-mask", "processor": "AutoTokenizer"}, "siblings": [{"rfilename": ".gitattributes"}, {"rfilename": "README.md"}, {"rfilename": "config.json"}, {"rfilename": "special_tokens_map.json"}, {"rfilename": "tf_model.h5"}, {"rfilename": "tokenizer.json"}, {"rfilename": "tokenizer_config.json"}, {"rfilename": "vocab.txt"}], "spaces": [], "createdAt": "2023-12-17T07:46:02.000Z", "inferenceStatus": "not-loaded"}