{"_id": "668e462d57468d9834f11e6f", "id": "d-vs/llama-qat", "modelId": "d-vs/llama-qat", "author": "d-vs", "sha": "eafd83115f1faaf18b4fb84c8ef7239651f6821c", "lastModified": "2024-07-10T11:59:41.000Z", "private": false, "disabled": false, "gated": false, "tags": ["license:apache-2.0", "region:us"], "downloads": 0, "likes": 0, "model-index": null, "cardData": {"license": "apache-2.0"}, "siblings": [{"rfilename": ".gitattributes"}, {"rfilename": "README.md"}, {"rfilename": "ds_test.data"}, {"rfilename": "ds_test.meta"}, {"rfilename": "intro.txt"}, {"rfilename": "list.txt"}, {"rfilename": "models.bin"}, {"rfilename": "models.pth"}, {"rfilename": "resnet50_regularization_acc_stats_model4.npz"}], "spaces": [], "createdAt": "2024-07-10T08:28:29.000Z", "inferenceStatus": "not-loaded"}