{"_id": "64f1a808963e4bc2b7ce21c4", "id": "d08922008/bloom_prompt_tuning_1693557650.6360865", "modelId": "d08922008/bloom_prompt_tuning_1693557650.6360865", "author": "d08922008", "sha": "81e3c5e6ab4cc7f99f6951cce53d7aaabc2c4c3a", "lastModified": "2023-09-01T08:59:52.000Z", "private": false, "disabled": false, "gated": false, "tags": ["region:us"], "downloads": 0, "likes": 0, "siblings": [{"rfilename": ".gitattributes"}], "spaces": [], "createdAt": "2023-09-01T08:59:52.000Z", "inferenceStatus": "not-loaded"}