{"_id": "6605a66d511831c2def682d0", "id": "d0ct0r/gndm", "modelId": "d0ct0r/gndm", "author": "d0ct0r", "sha": "3bd17a823556ae0083386682b3d826d8787c74dc", "lastModified": "2024-03-28T17:25:28.000Z", "private": false, "disabled": false, "gated": false, "tags": ["diffusers", "region:us"], "downloads": 14, "library_name": "diffusers", "likes": 0, "siblings": [{"rfilename": ".gitattributes"}, {"rfilename": "diffusion_pytorch_model.bin"}, {"rfilename": "wwww"}], "spaces": [], "createdAt": "2024-03-28T17:18:37.000Z", "inferenceStatus": "not-loaded"}