{"_id": "6416ff8ac5e5d7e5aca9cfe3", "id": "D0k-tor/a2c-AntBulletEnv-v0", "modelId": "D0k-tor/a2c-AntBulletEnv-v0", "author": "D0k-tor", "sha": "9b759ac164c4830d2004a13e79bf1ccda7746953", "lastModified": "2023-03-19T12:27:59.000Z", "private": false, "disabled": false, "gated": false, "pipeline_tag": "reinforcement-learning", "tags": ["stable-baselines3", "AntBulletEnv-v0", "deep-reinforcement-learning", "reinforcement-learning", "model-index", "region:us"], "downloads": 2, "library_name": "stable-baselines3", "likes": 0, "model-index": [{"name": "A2C", "results": [{"task": {"type": "reinforcement-learning", "name": "reinforcement-learning"}, "dataset": {"name": "AntBulletEnv-v0", "type": "AntBulletEnv-v0"}, "metrics": [{"type": "mean_reward", "value": "1621.79 +/- 179.73", "name": "mean_reward", "verified": false}]}]}], "config": {}, "cardData": {"library_name": "stable-baselines3", "tags": ["AntBulletEnv-v0", "deep-reinforcement-learning", "reinforcement-learning", "stable-baselines3"], "model-index": [{"name": "A2C", "results": [{"task": {"type": "reinforcement-learning", "name": "reinforcement-learning"}, "dataset": {"name": "AntBulletEnv-v0", "type": "AntBulletEnv-v0"}, "metrics": [{"type": "mean_reward", "value": "1621.79 +/- 179.73", "name": "mean_reward", "verified": false}]}]}]}, "siblings": [{"rfilename": ".gitattributes"}, {"rfilename": "README.md"}, {"rfilename": "a2c-AntBulletEnv-v0.zip"}, {"rfilename": "a2c-AntBulletEnv-v0/_stable_baselines3_version"}, {"rfilename": "a2c-AntBulletEnv-v0/data"}, {"rfilename": "a2c-AntBulletEnv-v0/policy.optimizer.pth"}, {"rfilename": "a2c-AntBulletEnv-v0/policy.pth"}, {"rfilename": "a2c-AntBulletEnv-v0/pytorch_variables.pth"}, {"rfilename": "a2c-AntBulletEnv-v0/system_info.txt"}, {"rfilename": "config.json"}, {"rfilename": "replay.mp4"}, {"rfilename": "results.json"}, {"rfilename": "vec_normalize.pkl"}], "spaces": [], "createdAt": "2023-03-19T12:26:50.000Z", "inferenceStatus": "not-loaded"}