{"_id": "640eea20b63b6f1852290e15", "id": "D0k-tor/ppo-Pyramids-Training", "modelId": "D0k-tor/ppo-Pyramids-Training", "author": "D0k-tor", "sha": "4403b61b2ddfdbaf350ec189aca8bf261a52f113", "lastModified": "2023-03-13T09:17:25.000Z", "private": false, "disabled": false, "gated": false, "pipeline_tag": "reinforcement-learning", "tags": ["ml-agents", "tensorboard", "onnx", "Pyramids", "deep-reinforcement-learning", "reinforcement-learning", "ML-Agents-Pyramids", "region:us"], "downloads": 12, "library_name": "ml-agents", "likes": 0, "model-index": null, "config": {}, "cardData": {"library_name": "ml-agents", "tags": ["Pyramids", "deep-reinforcement-learning", "reinforcement-learning", "ML-Agents-Pyramids"]}, "siblings": [{"rfilename": ".gitattributes"}, {"rfilename": "Pyramids.onnx"}, {"rfilename": "Pyramids/Pyramids-1000075.onnx"}, {"rfilename": "Pyramids/Pyramids-1000075.pt"}, {"rfilename": "Pyramids/Pyramids-499911.onnx"}, {"rfilename": "Pyramids/Pyramids-499911.pt"}, {"rfilename": "Pyramids/Pyramids-999967.onnx"}, {"rfilename": "Pyramids/Pyramids-999967.pt"}, {"rfilename": "Pyramids/checkpoint.pt"}, {"rfilename": "Pyramids/events.out.tfevents.1678694945.999effb5e63a.6202.0"}, {"rfilename": "README.md"}, {"rfilename": "config.json"}, {"rfilename": "configuration.yaml"}, {"rfilename": "run_logs/Player-0.log"}, {"rfilename": "run_logs/timers.json"}, {"rfilename": "run_logs/training_status.json"}], "spaces": [], "createdAt": "2023-03-13T09:17:20.000Z", "inferenceStatus": "not-loaded"}