{"_id": "640ed9b5df24a851b3712e4f", "id": "D0k-tor/ppo-SnowballTarget", "modelId": "D0k-tor/ppo-SnowballTarget", "author": "D0k-tor", "sha": "239237936533c2fbf06f5b911e4bfb100b0b0618", "lastModified": "2023-03-13T08:07:22.000Z", "private": false, "disabled": false, "gated": false, "pipeline_tag": "reinforcement-learning", "tags": ["ml-agents", "tensorboard", "onnx", "SnowballTarget", "deep-reinforcement-learning", "reinforcement-learning", "ML-Agents-SnowballTarget", "region:us"], "downloads": 4, "library_name": "ml-agents", "likes": 0, "model-index": null, "config": {}, "cardData": {"library_name": "ml-agents", "tags": ["SnowballTarget", "deep-reinforcement-learning", "reinforcement-learning", "ML-Agents-SnowballTarget"]}, "siblings": [{"rfilename": ".gitattributes"}, {"rfilename": "README.md"}, {"rfilename": "SnowballTarget.onnx"}, {"rfilename": "SnowballTarget/SnowballTarget-149984.onnx"}, {"rfilename": "SnowballTarget/SnowballTarget-149984.pt"}, {"rfilename": "SnowballTarget/SnowballTarget-199984.onnx"}, {"rfilename": "SnowballTarget/SnowballTarget-199984.pt"}, {"rfilename": "SnowballTarget/SnowballTarget-200112.onnx"}, {"rfilename": "SnowballTarget/SnowballTarget-200112.pt"}, {"rfilename": "SnowballTarget/SnowballTarget-49936.onnx"}, {"rfilename": "SnowballTarget/SnowballTarget-49936.pt"}, {"rfilename": "SnowballTarget/SnowballTarget-99960.onnx"}, {"rfilename": "SnowballTarget/SnowballTarget-99960.pt"}, {"rfilename": "SnowballTarget/checkpoint.pt"}, {"rfilename": "SnowballTarget/events.out.tfevents.1678693807.999effb5e63a.1295.0"}, {"rfilename": "config.json"}, {"rfilename": "configuration.yaml"}, {"rfilename": "run_logs/Player-0.log"}, {"rfilename": "run_logs/timers.json"}, {"rfilename": "run_logs/training_status.json"}], "spaces": [], "createdAt": "2023-03-13T08:07:17.000Z", "inferenceStatus": "not-loaded"}