{"_id": "65ac41f839cb91f1fa4092ad", "id": "d0mb0t/dommyllama-lora", "modelId": "d0mb0t/dommyllama-lora", "author": "d0mb0t", "sha": "613681136d1baa118ded8c4fed54488a8467a7a2", "lastModified": "2024-01-20T21:59:29.000Z", "private": false, "disabled": false, "gated": false, "tags": ["peft", "safetensors", "trl", "sft", "generated_from_trainer", "base_model:TinyLlama/TinyLlama-1.1B-Chat-v1.0", "license:apache-2.0", "region:us"], "downloads": 0, "library_name": "peft", "likes": 0, "model-index": [{"name": "dommyllama-lora", "results": []}], "config": {"tokenizer_config": {"bos_token": "<s>", "chat_template": "{% for message in messages %}\n{% if message['role'] == 'user' %}\n{{ '<|user|>\n' + message['content'] + eos_token }}\n{% elif message['role'] == 'system' %}\n{{ '<|system|>\n' + message['content'] + eos_token }}\n{% elif message['role'] == 'assistant' %}\n{{ '<|assistant|>\n'  + message['content'] + eos_token }}\n{% endif %}\n{% if loop.last and add_generation_prompt %}\n{{ '<|assistant|>' }}\n{% endif %}\n{% endfor %}", "eos_token": "</s>", "pad_token": "</s>", "unk_token": "<unk>", "use_default_system_prompt": false}, "peft": {"base_model_name_or_path": "TinyLlama/TinyLlama-1.1B-Chat-v1.0", "task_type": "CAUSAL_LM"}}, "cardData": {"license": "apache-2.0", "library_name": "peft", "tags": ["trl", "sft", "generated_from_trainer"], "base_model": "TinyLlama/TinyLlama-1.1B-Chat-v1.0", "model-index": [{"name": "dommyllama-lora", "results": []}]}, "siblings": [{"rfilename": ".gitattributes"}, {"rfilename": "README.md"}, {"rfilename": "adapter_config.json"}, {"rfilename": "adapter_model.safetensors"}, {"rfilename": "special_tokens_map.json"}, {"rfilename": "tokenizer.json"}, {"rfilename": "tokenizer.model"}, {"rfilename": "tokenizer_config.json"}, {"rfilename": "training_args.bin"}], "spaces": [], "createdAt": "2024-01-20T21:58:16.000Z", "inferenceStatus": "not-loaded"}