{"_id": "62ef305a4ef4858b1d4b85d3", "id": "D0minus/LunarLander", "modelId": "D0minus/LunarLander", "author": "D0minus", "sha": "2883b0bdf68d65931e086e1cdef8c2cabf31ae1a", "lastModified": "2022-08-07T03:24:10.000Z", "private": false, "disabled": false, "gated": false, "tags": ["license:afl-3.0", "region:us"], "downloads": 0, "likes": 0, "model-index": null, "cardData": {"license": "afl-3.0"}, "siblings": [{"rfilename": ".gitattributes"}, {"rfilename": "README.md"}], "spaces": [], "createdAt": "2022-08-07T03:24:10.000Z", "inferenceStatus": "not-loaded"}