{"_id": "64f30b8c7244601d8f46be81", "id": "D0NT/Nagi_Seishiro", "modelId": "D0NT/Nagi_Seishiro", "author": "D0NT", "sha": "3ccfb1ce2fc580082618a106ca77cd79ac9ad508", "lastModified": "2023-09-02T10:17:36.000Z", "private": false, "disabled": false, "gated": false, "tags": ["license:openrail", "region:us"], "downloads": 0, "likes": 0, "model-index": null, "cardData": {"license": "openrail"}, "siblings": [{"rfilename": ".gitattributes"}, {"rfilename": "Nagi Seishiro.zip"}, {"rfilename": "README.md"}], "spaces": [], "createdAt": "2023-09-02T10:16:44.000Z", "inferenceStatus": "not-loaded"}