{"_id": "66791768d229a7f83034f7a9", "id": "d0ntcare/PINet", "modelId": "d0ntcare/PINet", "author": "d0ntcare", "sha": "e1571918e3e9797d8e6fe98f9b6eea62b9413e95", "lastModified": "2024-06-24T07:22:50.000Z", "private": false, "disabled": false, "gated": false, "tags": ["license:mit", "region:us"], "downloads": 0, "likes": 0, "model-index": null, "cardData": {"license": "mit"}, "siblings": [{"rfilename": ".gitattributes"}, {"rfilename": "README.md"}, {"rfilename": "coco/checkpoint.pth.tar"}, {"rfilename": "crowdpose/checkpoint.pth.tar"}, {"rfilename": "imagenet/hrnet_w32-36af842e.pth"}, {"rfilename": "ochuman/checkpoint.pth.tar"}], "spaces": [], "createdAt": "2024-06-24T06:51:20.000Z", "inferenceStatus": "not-loaded"}