{"_id": "64f2f6104a335daab4763372", "id": "D0NT/Itoshi_Sae", "modelId": "D0NT/Itoshi_Sae", "author": "D0NT", "sha": "4b107ad0359cd887a2191c31f03d04a0bcc15777", "lastModified": "2023-09-02T08:47:24.000Z", "private": false, "disabled": false, "gated": false, "tags": ["license:openrail", "region:us"], "downloads": 0, "likes": 0, "model-index": null, "cardData": {"license": "openrail"}, "siblings": [{"rfilename": ".gitattributes"}, {"rfilename": "Itoshi Sae voice model.zip"}, {"rfilename": "README.md"}], "spaces": [], "createdAt": "2023-09-02T08:45:04.000Z", "inferenceStatus": "not-loaded"}