{"_id": "666182014553e1deef3ced25", "id": "d0ntcare/SAR", "modelId": "d0ntcare/SAR", "author": "d0ntcare", "sha": "c0344e7369eb10eda275a3737d9ffd4a9be9e92f", "lastModified": "2024-06-15T13:45:25.000Z", "private": false, "disabled": false, "gated": false, "tags": ["license:mit", "region:us"], "downloads": 0, "likes": 0, "model-index": null, "cardData": {"license": "mit"}, "siblings": [{"rfilename": ".gitattributes"}, {"rfilename": "README.md"}, {"rfilename": "coco-hr48/best_coco_AP_epoch_210.pth"}, {"rfilename": "coco-res50/best_coco_AP_epoch_210.pth"}, {"rfilename": "wholebody-hr48/best_coco-wholebody_AP_epoch_210.pth"}], "spaces": [], "createdAt": "2024-06-06T09:31:45.000Z", "inferenceStatus": "not-loaded"}