{"_id": "66790ef0aacacf620e42f9b8", "id": "d0ntcare/SGRE", "modelId": "d0ntcare/SGRE", "author": "d0ntcare", "sha": "1edfe093a9ed151a4b43bdd735de0690390dd71d", "lastModified": "2024-06-24T07:32:15.000Z", "private": false, "disabled": false, "gated": false, "tags": ["license:mit", "region:us"], "downloads": 0, "likes": 0, "model-index": null, "cardData": {"license": "mit"}, "siblings": [{"rfilename": ".gitattributes"}, {"rfilename": "README.md"}, {"rfilename": "exp_09-01_09_32/checkpoint/snapshot_10.pth.tar"}, {"rfilename": "tool/snapshot_0.pth.tar"}], "spaces": [], "createdAt": "2024-06-24T06:15:12.000Z", "inferenceStatus": "not-loaded"}