{"_id": "65def87f5c7a1d80ae0d1d7d", "id": "d0p3/o3ap-ai-en-tf", "modelId": "d0p3/o3ap-ai-en-tf", "author": "d0p3", "sha": "7fd82d7b8f265462e1291af6b6844ec8f334eb0b", "lastModified": "2024-02-28T09:12:11.000Z", "private": false, "disabled": false, "gated": false, "tags": ["tf-keras", "tf", "tflite", "t5", "region:us"], "downloads": 0, "library_name": "tf-keras", "likes": 1, "config": {"architectures": ["T5ForConditionalGeneration"], "model_type": "t5"}, "siblings": [{"rfilename": ".gitattributes"}, {"rfilename": "config.json"}, {"rfilename": "generation_config.json"}, {"rfilename": "saved_model/1/fingerprint.pb"}, {"rfilename": "saved_model/1/keras_metadata.pb"}, {"rfilename": "saved_model/1/saved_model.pb"}, {"rfilename": "saved_model/1/variables/variables.data-00000-of-00001"}, {"rfilename": "saved_model/1/variables/variables.index"}, {"rfilename": "t5-small-dailycnn.tflite"}, {"rfilename": "tf_model.h5"}], "spaces": [], "createdAt": "2024-02-28T09:10:23.000Z", "inferenceStatus": "not-loaded"}