{"_id": "6273be27f6d63a28483e81f4", "id": "d0r1h/led-base-ilc", "modelId": "d0r1h/led-base-ilc", "author": "d0r1h", "sha": "08a1d521150602fa95f0f4abdaa6f807c22d1988", "lastModified": "2022-05-06T08:17:46.000Z", "private": false, "disabled": false, "gated": false, "pipeline_tag": "summarization", "tags": ["transformers", "pytorch", "led", "text2text-generation", "summarization", "dataset:ilc", "arxiv:2004.05150", "license:apache-2.0", "autotrain_compatible", "endpoints_compatible", "region:us"], "downloads": 5, "library_name": "transformers", "widgetData": [{"text": "IN THE HIGH COURT OF JUDICATURE AT PATNA CRIMINAL MISCELLANEOUS No. 229121 Arising Out of PS. Case No. 127 Year 2020 Thana DUMRAON District Buxar 1. Ramlal Goswami aged about 44 years Male S o Late Gauri Shankar 2. Dharmshila Devi @ Savita Devi aged about 35 years wife of Ramlal Both resident of village Badka Dhakaich P.S. Krishna Brahm District ... Petitioner s ... Opposite Party s The State of Bihar Appearance : For the Petitioner s For the State CORAM: HONOURABLE MR. JUSTICE AHSANUDDIN AMANULLAH ORAL JUDGMENT Mr. Manoj Kumar with Mr. Anil Kumar Roy Advocates Mr. Ram Sumiran Roy APP The matter has been heard via video conferencing. 2. Heard Mr. Manoj Kumar learned counsel along with Mr. Anil Kumar Roy learned counsel for the petitioners and Mr. Ram Sumiran Roy learned Additional Public Prosecutorfor the State. 3. Learned counsel for the petitioners submitted that he may be permitted to add alias name of petitioner no. 2 which is Savita Devi. 4. Prayer allowed. 5. Let necessary correction be made in the cause title Date : 03 08 2021 Patna High Court CR. MISC. No. 229121 dt.03 08 2021 2 4 by learned counsel for the petitioners through e mode by day after tomorrow. 6. The petitioners apprehend arrest in connection with Dumraon PS Case No. 1220 dated 15.04.2020 instituted under Sections 406 420 467 468 471 448 506 34 of the Indian Penal Code. 7. The allegation against the petitioners is that the informant who is the cousin brother of petitioner no. 1 had bought land through the petitioner no. 1 but he was cheated both with regard to the rates as also that the same piece of land being sold by the petitioners to two different persons. 8. Learned counsel for the petitioners submitted that in the FIR itself it has been stated that the informant had sold his land at a much higher price than the price he was paying for the land which he alleges to have been negotiated by the petitioner no. 1 for him. Further it was submitted that all such dispute relating to money is a purely civil in nature for which criminal case is an abuse of the process of the Court. Learned counsel submitted that the informant being the first cousin of the petitioner no. 1 and having sold his land was very well aware of the ground realities and cannot take a stand that he was ignorant of what was the actual position. Further it was submitted that Patna High Court CR. MISC. No. 229121 dt.03 08 2021 3 4 the petitioners have filed a supplementary affidavit in which a categorical stand has been taken on oath that the petitioners have not sold the same piece of land to two different persons. Learned counsel submitted that the petitioners are simple citizens being husband and wife and have no other criminal antecedent. It was submitted that had the allegation been correct the other person aggrieved would also have filed a case and most importantly neither any name of any person has been taken nor details of any document that the same piece of land was transferred to two persons has been either mentioned or brought on record. 9. Learned APP submitted that the petitioners are alleged to have cheated the informant and have got the same piece of land registered in favour of two persons. 10. Having considered the facts and circumstances of the case and submissions of learned counsel for the parties in the event of arrest or surrender before the Court below within six weeks from today the petitioners be released on bail upon furnishing bail bonds of Rs. 25 000 each with two sureties of the like amount each to the satisfaction of the learned Chief Judicial Magistrate Buxar in Dumrao PS Case No. 127 of 2020 subject to the conditions laid down in Patna High Court CR. MISC. No. 229121 dt.03 08 2021 4 4 Section 438(2) of the Code of Criminal Procedure 1973 and furtherthat one of the bailors shall be a close relative of the petitioners andthat the petitioners shall cooperate with the Court and the police prosecution. Failure to cooperate shall lead to cancellation of their bail bonds. 11. It shall also be open for the prosecution to bring any violation of the foregoing conditions of bail by the petitioners to the notice of the Court concerned which shall take immediate action on the same after giving opportunity of hearing to the aforementioned terms. 12. The petition stands disposed of Anjani "}], "likes": 0, "model-index": null, "config": {"architectures": ["LEDForConditionalGeneration"], "model_type": "led", "tokenizer_config": {"bos_token": {"content": "<s>", "single_word": false, "lstrip": false, "rstrip": false, "normalized": true, "__type": "AddedToken"}, "eos_token": {"content": "</s>", "single_word": false, "lstrip": false, "rstrip": false, "normalized": true, "__type": "AddedToken"}, "sep_token": {"content": "</s>", "single_word": false, "lstrip": false, "rstrip": false, "normalized": true, "__type": "AddedToken"}, "cls_token": {"content": "<s>", "single_word": false, "lstrip": false, "rstrip": false, "normalized": true, "__type": "AddedToken"}, "unk_token": {"content": "<unk>", "single_word": false, "lstrip": false, "rstrip": false, "normalized": true, "__type": "AddedToken"}, "pad_token": {"content": "<pad>", "single_word": false, "lstrip": false, "rstrip": false, "normalized": true, "__type": "AddedToken"}, "mask_token": {"content": "<mask>", "single_word": false, "lstrip": true, "rstrip": false, "normalized": true, "__type": "AddedToken"}}}, "cardData": {"license": "apache-2.0", "datasets": "ilc", "tags": ["summarization"], "metrics": ["rouge"], "widget": [{"text": "IN THE HIGH COURT OF JUDICATURE AT PATNA CRIMINAL MISCELLANEOUS No. 229121 Arising Out of PS. Case No. 127 Year 2020 Thana DUMRAON District Buxar 1. Ramlal Goswami aged about 44 years Male S o Late Gauri Shankar 2. Dharmshila Devi @ Savita Devi aged about 35 years wife of Ramlal Both resident of village Badka Dhakaich P.S. Krishna Brahm District ... Petitioner s ... Opposite Party s The State of Bihar Appearance : For the Petitioner s For the State CORAM: HONOURABLE MR. JUSTICE AHSANUDDIN AMANULLAH ORAL JUDGMENT Mr. Manoj Kumar with Mr. Anil Kumar Roy Advocates Mr. Ram Sumiran Roy APP The matter has been heard via video conferencing. 2. Heard Mr. Manoj Kumar learned counsel along with Mr. Anil Kumar Roy learned counsel for the petitioners and Mr. Ram Sumiran Roy learned Additional Public Prosecutorfor the State. 3. Learned counsel for the petitioners submitted that he may be permitted to add alias name of petitioner no. 2 which is Savita Devi. 4. Prayer allowed. 5. Let necessary correction be made in the cause title Date : 03 08 2021 Patna High Court CR. MISC. No. 229121 dt.03 08 2021 2 4 by learned counsel for the petitioners through e mode by day after tomorrow. 6. The petitioners apprehend arrest in connection with Dumraon PS Case No. 1220 dated 15.04.2020 instituted under Sections 406 420 467 468 471 448 506 34 of the Indian Penal Code. 7. The allegation against the petitioners is that the informant who is the cousin brother of petitioner no. 1 had bought land through the petitioner no. 1 but he was cheated both with regard to the rates as also that the same piece of land being sold by the petitioners to two different persons. 8. Learned counsel for the petitioners submitted that in the FIR itself it has been stated that the informant had sold his land at a much higher price than the price he was paying for the land which he alleges to have been negotiated by the petitioner no. 1 for him. Further it was submitted that all such dispute relating to money is a purely civil in nature for which criminal case is an abuse of the process of the Court. Learned counsel submitted that the informant being the first cousin of the petitioner no. 1 and having sold his land was very well aware of the ground realities and cannot take a stand that he was ignorant of what was the actual position. Further it was submitted that Patna High Court CR. MISC. No. 229121 dt.03 08 2021 3 4 the petitioners have filed a supplementary affidavit in which a categorical stand has been taken on oath that the petitioners have not sold the same piece of land to two different persons. Learned counsel submitted that the petitioners are simple citizens being husband and wife and have no other criminal antecedent. It was submitted that had the allegation been correct the other person aggrieved would also have filed a case and most importantly neither any name of any person has been taken nor details of any document that the same piece of land was transferred to two persons has been either mentioned or brought on record. 9. Learned APP submitted that the petitioners are alleged to have cheated the informant and have got the same piece of land registered in favour of two persons. 10. Having considered the facts and circumstances of the case and submissions of learned counsel for the parties in the event of arrest or surrender before the Court below within six weeks from today the petitioners be released on bail upon furnishing bail bonds of Rs. 25 000 each with two sureties of the like amount each to the satisfaction of the learned Chief Judicial Magistrate Buxar in Dumrao PS Case No. 127 of 2020 subject to the conditions laid down in Patna High Court CR. MISC. No. 229121 dt.03 08 2021 4 4 Section 438(2) of the Code of Criminal Procedure 1973 and furtherthat one of the bailors shall be a close relative of the petitioners andthat the petitioners shall cooperate with the Court and the police prosecution. Failure to cooperate shall lead to cancellation of their bail bonds. 11. It shall also be open for the prosecution to bring any violation of the foregoing conditions of bail by the petitioners to the notice of the Court concerned which shall take immediate action on the same after giving opportunity of hearing to the aforementioned terms. 12. The petition stands disposed of Anjani "}]}, "transformersInfo": {"auto_model": "AutoModelForSeq2SeqLM", "pipeline_tag": "text2text-generation", "processor": "AutoTokenizer"}, "siblings": [{"rfilename": ".gitattributes"}, {"rfilename": "README.md"}, {"rfilename": "config.json"}, {"rfilename": "merges.txt"}, {"rfilename": "optimizer.pt"}, {"rfilename": "pytorch_model.bin"}, {"rfilename": "rng_state.pth"}, {"rfilename": "scaler.pt"}, {"rfilename": "scheduler.pt"}, {"rfilename": "special_tokens_map.json"}, {"rfilename": "tokenizer.json"}, {"rfilename": "tokenizer_config.json"}, {"rfilename": "trainer_state.json"}, {"rfilename": "training_args.bin"}, {"rfilename": "vocab.json"}], "spaces": ["d0r1h/LegSum"], "createdAt": "2022-05-05T12:08:07.000Z", "inferenceStatus": "not-loaded"}