{"_id": "64ec541696f42afd62a84e83", "id": "d0rj/FRED-T5-large-instruct", "modelId": "d0rj/FRED-T5-large-instruct", "author": "d0rj", "sha": "fd14579f6535bb830601af4ce2d7a1b01678e857", "lastModified": "2023-09-04T09:56:16.000Z", "private": false, "disabled": false, "gated": false, "pipeline_tag": "text2text-generation", "tags": ["transformers", "pytorch", "safetensors", "t5", "text2text-generation", "instruct", "ru", "dataset:d0rj/OpenOrca-ru", "dataset:d0rj/dolphin-ru", "dataset:d0rj/gsm8k-ru", "dataset:d0rj/alpaca-cleaned-ru", "dataset:dwarf2/databricks-dolly-15k-ru", "dataset:AlexWortega/flan_translated_300k", "base_model:ai-forever/FRED-T5-large", "license:apache-2.0", "autotrain_compatible", "text-generation-inference", "endpoints_compatible", "region:us"], "downloads": 8, "library_name": "transformers", "widgetData": [{"text": "<SC6>\u0422\u044b - \u043f\u043e\u043c\u043e\u0449\u043d\u0438\u043a \u0418\u0418. \u0422\u0435\u0431\u0435 \u0434\u0430\u0434\u0443\u0442 \u0437\u0430\u0434\u0430\u043d\u0438\u0435. \u0422\u044b \u0434\u043e\u043b\u0436\u0435\u043d \u0434\u0430\u0442\u044c \u043f\u043e\u0434\u0440\u043e\u0431\u043d\u044b\u0439 \u0438 \u0434\u043b\u0438\u043d\u043d\u044b\u0439 \u043e\u0442\u0432\u0435\u0442. \u041f\u0440\u0438\u0434\u0443\u043c\u0430\u0439 \u0441\u043a\u0430\u0437\u043a\u0443 \u043f\u0440\u043e \u043a\u0440\u0430\u0441\u043d\u0443\u044e \u043b\u044f\u0433\u0443\u0448\u043a\u0443<extra_id_0>", "example_title": "\u0421\u043e\u0447\u0438\u043d\u0438\u0442\u044c"}, {"text": "<SC6>\u041a\u0430\u043a \u0443 \u0442\u0435\u0431\u044f \u0434\u0435\u043b\u0430?<extra_id_0>", "example_title": "Chit-chat"}, {"text": "<SC6>\u0422\u044b - \u043f\u043e\u043c\u043e\u0449\u043d\u0438\u043a \u0418\u0418. \u0422\u0435\u0431\u0435 \u0434\u0430\u0434\u0443\u0442 \u0437\u0430\u0434\u0430\u043d\u0438\u0435. \u0422\u044b \u0434\u043e\u043b\u0436\u0435\u043d \u0434\u0430\u0442\u044c \u043f\u043e\u0434\u0440\u043e\u0431\u043d\u044b\u0439 \u0438 \u0434\u043b\u0438\u043d\u043d\u044b\u0439 \u043e\u0442\u0432\u0435\u0442. \u041a\u0430\u043a \u0437\u043e\u0432\u0443\u0442 \u043f\u0435\u0440\u0432\u043e\u0433\u043e \u043f\u0440\u0435\u0437\u0438\u0434\u0435\u043d\u0442\u0430 \u0420\u043e\u0441\u0441\u0438\u0439\u0441\u043a\u043e\u0439 \u0424\u0435\u0434\u0435\u0440\u0430\u0446\u0438\u0438?<extra_id_0>", "example_title": "\u0424\u0430\u043a\u0442\u043e\u043b\u043e\u0433\u0438\u044f"}], "likes": 1, "model-index": null, "config": {"architectures": ["T5ForConditionalGeneration"], "model_type": "t5", "tokenizer_config": {"bos_token": {"__type": "AddedToken", "content": "<s>", "lstrip": false, "normalized": true, "rstrip": false, "single_word": false}, "eos_token": {"__type": "AddedToken", "content": "</s>", "lstrip": false, "normalized": true, "rstrip": false, "single_word": false}, "pad_token": {"__type": "AddedToken", "content": "<pad>", "lstrip": false, "normalized": true, "rstrip": false, "single_word": false}, "unk_token": {"__type": "AddedToken", "content": "<|endoftext|>", "lstrip": false, "normalized": true, "rstrip": false, "single_word": false}}}, "cardData": {"license": "apache-2.0", "language": ["ru"], "tags": ["instruct"], "datasets": ["d0rj/OpenOrca-ru", "d0rj/dolphin-ru", "d0rj/gsm8k-ru", "d0rj/alpaca-cleaned-ru", "dwarf2/databricks-dolly-15k-ru", "AlexWortega/flan_translated_300k"], "base_model": "ai-forever/FRED-T5-large", "library_name": "transformers", "pipeline_tag": "text2text-generation", "inference": {"parameters": {"top_k": 3, "repetition_penalty": 1.2, "temperature": 1.07, "max_new_tokens": 250}}, "widget": [{"text": "<SC6>\u0422\u044b - \u043f\u043e\u043c\u043e\u0449\u043d\u0438\u043a \u0418\u0418. \u0422\u0435\u0431\u0435 \u0434\u0430\u0434\u0443\u0442 \u0437\u0430\u0434\u0430\u043d\u0438\u0435. \u0422\u044b \u0434\u043e\u043b\u0436\u0435\u043d \u0434\u0430\u0442\u044c \u043f\u043e\u0434\u0440\u043e\u0431\u043d\u044b\u0439 \u0438 \u0434\u043b\u0438\u043d\u043d\u044b\u0439 \u043e\u0442\u0432\u0435\u0442. \u041f\u0440\u0438\u0434\u0443\u043c\u0430\u0439 \u0441\u043a\u0430\u0437\u043a\u0443 \u043f\u0440\u043e \u043a\u0440\u0430\u0441\u043d\u0443\u044e \u043b\u044f\u0433\u0443\u0448\u043a\u0443<extra_id_0>", "example_title": "\u0421\u043e\u0447\u0438\u043d\u0438\u0442\u044c"}, {"text": "<SC6>\u041a\u0430\u043a \u0443 \u0442\u0435\u0431\u044f \u0434\u0435\u043b\u0430?<extra_id_0>", "example_title": "Chit-chat"}, {"text": "<SC6>\u0422\u044b - \u043f\u043e\u043c\u043e\u0449\u043d\u0438\u043a \u0418\u0418. \u0422\u0435\u0431\u0435 \u0434\u0430\u0434\u0443\u0442 \u0437\u0430\u0434\u0430\u043d\u0438\u0435. \u0422\u044b \u0434\u043e\u043b\u0436\u0435\u043d \u0434\u0430\u0442\u044c \u043f\u043e\u0434\u0440\u043e\u0431\u043d\u044b\u0439 \u0438 \u0434\u043b\u0438\u043d\u043d\u044b\u0439 \u043e\u0442\u0432\u0435\u0442. \u041a\u0430\u043a \u0437\u043e\u0432\u0443\u0442 \u043f\u0435\u0440\u0432\u043e\u0433\u043e \u043f\u0440\u0435\u0437\u0438\u0434\u0435\u043d\u0442\u0430 \u0420\u043e\u0441\u0441\u0438\u0439\u0441\u043a\u043e\u0439 \u0424\u0435\u0434\u0435\u0440\u0430\u0446\u0438\u0438?<extra_id_0>", "example_title": "\u0424\u0430\u043a\u0442\u043e\u043b\u043e\u0433\u0438\u044f"}]}, "transformersInfo": {"auto_model": "AutoModelForSeq2SeqLM", "pipeline_tag": "text2text-generation", "processor": "AutoTokenizer"}, "siblings": [{"rfilename": ".gitattributes"}, {"rfilename": "README.md"}, {"rfilename": "added_tokens.json"}, {"rfilename": "config.json"}, {"rfilename": "generation_config.json"}, {"rfilename": "merges.txt"}, {"rfilename": "model.safetensors"}, {"rfilename": "optimizer.pt"}, {"rfilename": "pytorch_model.bin"}, {"rfilename": "rng_state.pth"}, {"rfilename": "scheduler.pt"}, {"rfilename": "special_tokens_map.json"}, {"rfilename": "tokenizer_config.json"}, {"rfilename": "trainer_state.json"}, {"rfilename": "training_args.bin"}, {"rfilename": "vocab.json"}], "spaces": [], "createdAt": "2023-08-28T08:00:22.000Z", "safetensors": {"parameters": {"F32": 768924672}, "total": 768924672}, "inferenceStatus": "not-loaded"}