{"_id": "650c02e9a17882d7e09448e9", "id": "d0rj/e5-base-en-ru", "modelId": "d0rj/e5-base-en-ru", "author": "d0rj", "sha": "66f0bcb0463a15dbd7bff5b3311e2a3b1fcdd1ac", "lastModified": "2024-04-12T15:07:36.000Z", "private": false, "disabled": false, "gated": false, "pipeline_tag": "sentence-similarity", "tags": ["transformers", "pytorch", "safetensors", "xlm-roberta", "feature-extraction", "mteb", "retrieval", "retriever", "pruned", "e5", "sentence-transformers", "sentence-similarity", "en", "ru", "license:mit", "text-embeddings-inference", "endpoints_compatible", "region:us"], "downloads": 874, "library_name": "transformers", "mask_token": "<mask>", "widgetData": [{"source_sentence": "That is a happy person", "sentences": ["That is a happy dog", "That is a very happy person", "Today is a sunny day"]}], "likes": 8, "model-index": null, "config": {"architectures": ["XLMRobertaModel"], "model_type": "xlm-roberta", "tokenizer_config": {"bos_token": "<s>", "cls_token": "<s>", "eos_token": "</s>", "mask_token": {"__type": "AddedToken", "content": "<mask>", "lstrip": true, "normalized": true, "rstrip": false, "single_word": false}, "pad_token": "<pad>", "sep_token": "</s>", "unk_token": "<unk>"}}, "cardData": {"license": "mit", "language": ["en", "ru"], "metrics": ["accuracy", "f1", "recall"], "library_name": "transformers", "pipeline_tag": "sentence-similarity", "tags": ["mteb", "retrieval", "retriever", "pruned", "e5", "sentence-transformers", "feature-extraction", "sentence-similarity"]}, "transformersInfo": {"auto_model": "AutoModel", "pipeline_tag": "feature-extraction", "processor": "AutoTokenizer"}, "siblings": [{"rfilename": ".gitattributes"}, {"rfilename": "1_Pooling/config.json"}, {"rfilename": "README.md"}, {"rfilename": "config.json"}, {"rfilename": "config_sentence_transformers.json"}, {"rfilename": "model.safetensors"}, {"rfilename": "modules.json"}, {"rfilename": "pytorch_model.bin"}, {"rfilename": "sentence_bert_config.json"}, {"rfilename": "sentencepiece.bpe.model"}, {"rfilename": "special_tokens_map.json"}, {"rfilename": "tokenizer.json"}, {"rfilename": "tokenizer_config.json"}], "spaces": ["abidlabs/mteb-leaderboard", "rodrigomasini/data-only-mteb-leaderboard"], "createdAt": "2023-09-21T08:46:33.000Z", "safetensors": {"parameters": {"F32": 132354048}, "total": 132354048}, "inferenceStatus": "not-loaded"}