{"_id": "65fe4b0f300c46750f39db1a", "id": "D1047139/phi-2-qlora", "modelId": "D1047139/phi-2-qlora", "author": "D1047139", "sha": "f8427d0fbfa437815b5f8ef1ab1beacca29fac20", "lastModified": "2024-03-23T03:23:02.000Z", "private": false, "disabled": false, "gated": false, "tags": ["peft", "safetensors", "arxiv:1910.09700", "base_model:microsoft/phi-2", "region:us"], "downloads": 0, "library_name": "peft", "likes": 0, "model-index": null, "config": {"peft": {"base_model_name_or_path": "microsoft/phi-2", "task_type": "CAUSAL_LM"}}, "cardData": {"library_name": "peft", "base_model": "microsoft/phi-2"}, "siblings": [{"rfilename": ".gitattributes"}, {"rfilename": "README.md"}, {"rfilename": "adapter_config.json"}, {"rfilename": "adapter_model.safetensors"}, {"rfilename": "training_args.bin"}], "spaces": [], "createdAt": "2024-03-23T03:22:55.000Z", "inferenceStatus": "not-loaded"}