{"_id": "65fe51b6997ede4f9b53976d", "id": "D1047139/TinyLlama-1.1B-intermediate-step-1431k-3T-qlora", "modelId": "D1047139/TinyLlama-1.1B-intermediate-step-1431k-3T-qlora", "author": "D1047139", "sha": "31909afe62b02136f4936ca4ac9fd9a13e800b24", "lastModified": "2024-03-23T03:51:18.000Z", "private": false, "disabled": false, "gated": false, "tags": ["region:us"], "downloads": 0, "likes": 0, "siblings": [{"rfilename": ".gitattributes"}], "spaces": [], "createdAt": "2024-03-23T03:51:18.000Z", "inferenceStatus": "not-loaded"}