{"_id": "64440806c63001ae63520ce6", "id": "d1111111/333", "modelId": "d1111111/333", "author": "d1111111", "sha": "aaec3b471b3ac2aa86b402ab7b24b1a89baf1c03", "lastModified": "2024-07-06T12:28:05.000Z", "private": false, "disabled": false, "gated": false, "tags": ["region:us"], "downloads": 0, "likes": 3, "siblings": [{"rfilename": ".gitattributes"}, {"rfilename": "1.py"}, {"rfilename": "1.zip"}, {"rfilename": "4x-UltraSharp.pth"}, {"rfilename": "8.6sdxllora-scripts.zip"}, {"rfilename": "AI\u4e8c\u7ef4\u7801\u6a21\u578b.zip"}, {"rfilename": "commoncn.zip"}, {"rfilename": "install.bash"}, {"rfilename": "lora-scripts.zip"}, {"rfilename": "lora.ckpt"}, {"rfilename": "lorawebUI.zip"}, {"rfilename": "magicqinglonghuggingface.zip"}, {"rfilename": "run.bash"}, {"rfilename": "sdxllora-scripts.zip"}, {"rfilename": "weblora-scripts.zip"}, {"rfilename": "\u963f\u91cc\u4e91\u4e91\u7aef\u90e8\u7f72\u8bad\u7ec31lora (1).ipynb"}], "spaces": [], "createdAt": "2023-04-22T16:15:02.000Z", "inferenceStatus": "not-loaded"}