{"_id": "65d382e1da8363f10b7c3c2c", "id": "D12345321/das", "modelId": "D12345321/das", "author": "D12345321", "sha": "2ecfc2e4017955cf263a76257aa3b12b3a7cb61d", "lastModified": "2024-02-19T16:33:37.000Z", "private": false, "disabled": false, "gated": false, "tags": ["license:apache-2.0", "region:us"], "downloads": 0, "likes": 0, "model-index": null, "cardData": {"license": "apache-2.0"}, "siblings": [{"rfilename": ".gitattributes"}, {"rfilename": "README.md"}], "spaces": [], "createdAt": "2024-02-19T16:33:37.000Z", "inferenceStatus": "not-loaded"}