{"_id": "63bcb1af3c229a497bb4f53a", "id": "d223chen/chatbot1", "modelId": "d223chen/chatbot1", "author": "d223chen", "sha": "8eeb24b41f103a8c9068b676daa46d925e8e4389", "lastModified": "2023-01-10T01:11:04.000Z", "private": false, "disabled": false, "gated": false, "tags": ["region:us"], "downloads": 0, "likes": 0, "model-index": null, "cardData": {}, "siblings": [{"rfilename": ".gitattributes"}, {"rfilename": "README.md"}, {"rfilename": "main.py"}], "spaces": [], "createdAt": "2023-01-10T00:30:39.000Z", "inferenceStatus": "not-loaded"}