{"_id": "65ef544e1c862f3aa0a730a0", "id": "d2creation/language-detection-fine-tuned-on-xlm-roberta-base", "modelId": "d2creation/language-detection-fine-tuned-on-xlm-roberta-base", "author": "d2creation", "sha": "df8121e27aa905e86db477f82421c66ad07ffe2e", "lastModified": "2024-04-29T13:29:42.000Z", "private": false, "disabled": false, "gated": false, "pipeline_tag": "text-classification", "tags": ["transformers", "tensorboard", "safetensors", "xlm-roberta", "text-classification", "generated_from_trainer", "base_model:xlm-roberta-base", "license:mit", "autotrain_compatible", "endpoints_compatible", "region:us"], "downloads": 2, "library_name": "transformers", "mask_token": "<mask>", "widgetData": [{"text": "I like you. I love you"}], "likes": 0, "model-index": [{"name": "language-detection-fine-tuned-on-xlm-roberta-base", "results": []}], "config": {"architectures": ["XLMRobertaForSequenceClassification"], "model_type": "xlm-roberta", "tokenizer_config": {"bos_token": "<s>", "cls_token": "<s>", "eos_token": "</s>", "mask_token": "<mask>", "pad_token": "<pad>", "sep_token": "</s>", "unk_token": "<unk>"}}, "cardData": {"license": "mit", "base_model": "xlm-roberta-base", "tags": ["generated_from_trainer"], "metrics": ["accuracy"], "model-index": [{"name": "language-detection-fine-tuned-on-xlm-roberta-base", "results": []}]}, "transformersInfo": {"auto_model": "AutoModelForSequenceClassification", "pipeline_tag": "text-classification", "processor": "AutoTokenizer"}, "siblings": [{"rfilename": ".gitattributes"}, {"rfilename": "README.md"}, {"rfilename": "config.json"}, {"rfilename": "model.safetensors"}, {"rfilename": "runs/Apr20_13-57-33_ad1a4aabb64f/events.out.tfevents.1713621459.ad1a4aabb64f.4326.0"}, {"rfilename": "runs/Apr20_13-57-33_ad1a4aabb64f/events.out.tfevents.1713622999.ad1a4aabb64f.4326.1"}, {"rfilename": "runs/Apr29_11-40-17_035e4f5b2f0b/events.out.tfevents.1714390826.035e4f5b2f0b.1185.0"}, {"rfilename": "runs/Apr29_11-40-17_035e4f5b2f0b/events.out.tfevents.1714392306.035e4f5b2f0b.1185.1"}, {"rfilename": "runs/Apr29_12-17-38_035e4f5b2f0b/events.out.tfevents.1714393060.035e4f5b2f0b.18746.0"}, {"rfilename": "runs/Apr29_12-17-38_035e4f5b2f0b/events.out.tfevents.1714394561.035e4f5b2f0b.18746.1"}, {"rfilename": "runs/Mar11_18-58-15_aa2d7da79ee6/events.out.tfevents.1710183502.aa2d7da79ee6.4258.0"}, {"rfilename": "runs/Mar11_18-58-15_aa2d7da79ee6/events.out.tfevents.1710187182.aa2d7da79ee6.4258.1"}, {"rfilename": "sentencepiece.bpe.model"}, {"rfilename": "special_tokens_map.json"}, {"rfilename": "tokenizer.json"}, {"rfilename": "tokenizer_config.json"}, {"rfilename": "training_args.bin"}], "spaces": [], "createdAt": "2024-03-11T18:58:22.000Z", "safetensors": {"parameters": {"F32": 278078253}, "total": 278078253}, "inferenceStatus": "not-loaded"}