{"_id": "6352b9646cfb8f1498156a1c", "id": "d2lee/finetuning-sentiment-model-3000-samples", "modelId": "d2lee/finetuning-sentiment-model-3000-samples", "author": "d2lee", "sha": "887fb019c8dd318955f9a88003bcde653ca8a1fe", "lastModified": "2022-10-21T18:43:29.000Z", "private": false, "disabled": false, "gated": false, "pipeline_tag": "text-classification", "tags": ["transformers", "pytorch", "tensorboard", "distilbert", "text-classification", "generated_from_trainer", "dataset:imdb", "license:apache-2.0", "model-index", "autotrain_compatible", "endpoints_compatible", "region:us"], "downloads": 1, "library_name": "transformers", "mask_token": "[MASK]", "widgetData": [{"text": "I like you. I love you"}], "likes": 0, "model-index": [{"name": "finetuning-sentiment-model-3000-samples", "results": [{"task": {"name": "Text Classification", "type": "text-classification"}, "dataset": {"name": "imdb", "type": "imdb", "config": "plain_text", "split": "train", "args": "plain_text"}, "metrics": [{"name": "Accuracy", "type": "accuracy", "value": 0.8633333333333333, "verified": false}, {"name": "F1", "type": "f1", "value": 0.8655737704918034, "verified": false}]}]}], "config": {"architectures": ["DistilBertForSequenceClassification"], "model_type": "distilbert", "tokenizer_config": {"cls_token": "[CLS]", "mask_token": "[MASK]", "pad_token": "[PAD]", "sep_token": "[SEP]", "unk_token": "[UNK]"}}, "cardData": {"license": "apache-2.0", "tags": ["generated_from_trainer"], "datasets": ["imdb"], "metrics": ["accuracy", "f1"], "model-index": [{"name": "finetuning-sentiment-model-3000-samples", "results": [{"task": {"name": "Text Classification", "type": "text-classification"}, "dataset": {"name": "imdb", "type": "imdb", "config": "plain_text", "split": "train", "args": "plain_text"}, "metrics": [{"name": "Accuracy", "type": "accuracy", "value": 0.8633333333333333, "verified": false}, {"name": "F1", "type": "f1", "value": 0.8655737704918034, "verified": false}]}]}]}, "transformersInfo": {"auto_model": "AutoModelForSequenceClassification", "pipeline_tag": "text-classification", "processor": "AutoTokenizer"}, "siblings": [{"rfilename": ".gitattributes"}, {"rfilename": ".gitignore"}, {"rfilename": "README.md"}, {"rfilename": "config.json"}, {"rfilename": "pytorch_model.bin"}, {"rfilename": "runs/Oct21_11-23-14_ATLM002658904/1666365836.676194/events.out.tfevents.1666365836.ATLM002658904.48717.1"}, {"rfilename": "runs/Oct21_11-23-14_ATLM002658904/events.out.tfevents.1666365836.ATLM002658904.48717.0"}, {"rfilename": "runs/Oct21_11-23-14_ATLM002658904/events.out.tfevents.1666377762.ATLM002658904.48717.2"}, {"rfilename": "special_tokens_map.json"}, {"rfilename": "tokenizer.json"}, {"rfilename": "tokenizer_config.json"}, {"rfilename": "training_args.bin"}, {"rfilename": "vocab.txt"}], "spaces": [], "createdAt": "2022-10-21T15:23:16.000Z", "inferenceStatus": "not-loaded"}