{"_id": "634d6a5e4fdf2751a73430b8", "id": "d2niraj555/mt5-eng2nep", "modelId": "d2niraj555/mt5-eng2nep", "author": "d2niraj555", "sha": "f0f5e0d840a6af48ecf90199003cfb55d99034a1", "lastModified": "2022-10-25T04:03:45.000Z", "private": false, "disabled": false, "gated": false, "pipeline_tag": "text2text-generation", "tags": ["transformers", "pytorch", "tensorboard", "mt5", "text2text-generation", "English to Nepali Translator", "MT5 Fine Tuned", "Nepali Translator Dataset", "ne", "en", "license:apache-2.0", "autotrain_compatible", "endpoints_compatible", "region:us"], "downloads": 28, "library_name": "transformers", "likes": 0, "model-index": [{"name": "mt5-eng2nep", "results": []}], "config": {"architectures": ["MT5ForConditionalGeneration"], "model_type": "mt5", "tokenizer_config": {"eos_token": "</s>", "unk_token": "<unk>", "pad_token": "<pad>"}}, "cardData": {"license": "apache-2.0", "language": ["ne", "en"], "tags": ["English to Nepali Translator", "MT5 Fine Tuned", "Nepali Translator Dataset"], "model-index": [{"name": "mt5-eng2nep", "results": []}]}, "transformersInfo": {"auto_model": "AutoModelForSeq2SeqLM", "pipeline_tag": "text2text-generation", "processor": "AutoTokenizer"}, "siblings": [{"rfilename": ".gitattributes"}, {"rfilename": ".gitignore"}, {"rfilename": "README.md"}, {"rfilename": "config.json"}, {"rfilename": "pytorch_model.bin"}, {"rfilename": "runs/Oct23_08-34-02_fd2ce786b44f/1666514082.3189692/events.out.tfevents.1666514082.fd2ce786b44f.18.1"}, {"rfilename": "runs/Oct23_08-34-02_fd2ce786b44f/events.out.tfevents.1666514082.fd2ce786b44f.18.0"}, {"rfilename": "runs/Oct23_14-09-14_8c7e194ae605/1666535422.398985/events.out.tfevents.1666535422.8c7e194ae605.17.1"}, {"rfilename": "runs/Oct23_14-09-14_8c7e194ae605/events.out.tfevents.1666535422.8c7e194ae605.17.0"}, {"rfilename": "runs/Oct23_14-30-37_8c7e194ae605/1666535466.9840264/events.out.tfevents.1666535466.8c7e194ae605.17.3"}, {"rfilename": "runs/Oct23_14-30-37_8c7e194ae605/events.out.tfevents.1666535466.8c7e194ae605.17.2"}, {"rfilename": "runs/Oct24_13-15-07_37c90f5137ba/1666618613.4465837/events.out.tfevents.1666618613.37c90f5137ba.17.1"}, {"rfilename": "runs/Oct24_13-15-07_37c90f5137ba/events.out.tfevents.1666618613.37c90f5137ba.17.0"}, {"rfilename": "special_tokens_map.json"}, {"rfilename": "spiece.model"}, {"rfilename": "tokenizer_config.json"}, {"rfilename": "training_args.bin"}], "spaces": [], "createdAt": "2022-10-17T14:44:46.000Z", "inferenceStatus": "not-loaded"}