{"_id": "6552f03b124c2c4af87bc9d3", "id": "d33plearning/blip2-20epochs-2mrandom1k", "modelId": "d33plearning/blip2-20epochs-2mrandom1k", "author": "d33plearning", "sha": "03b17f566475350cdd08bc61b88ca98a86184682", "lastModified": "2023-11-14T03:57:54.000Z", "private": false, "disabled": false, "gated": false, "tags": ["peft", "safetensors", "arxiv:1910.09700", "base_model:ybelkada/blip2-opt-2.7b-fp16-sharded", "region:us"], "downloads": 0, "library_name": "peft", "likes": 0, "model-index": null, "config": {"peft": {"base_model_name_or_path": "ybelkada/blip2-opt-2.7b-fp16-sharded"}}, "cardData": {"library_name": "peft", "base_model": "ybelkada/blip2-opt-2.7b-fp16-sharded"}, "siblings": [{"rfilename": ".gitattributes"}, {"rfilename": "README.md"}, {"rfilename": "adapter_config.json"}, {"rfilename": "adapter_model.safetensors"}], "spaces": [], "createdAt": "2023-11-14T03:57:47.000Z", "inferenceStatus": "not-loaded"}