{"_id": "65e97df8a4aedac9a9ba0d2e", "id": "d3F4ulT-A/mydbdp", "modelId": "d3F4ulT-A/mydbdp", "author": "d3F4ulT-A", "sha": "f22febc17395a4160b0b6027133d2db518d6ce8a", "lastModified": "2024-03-07T09:56:37.000Z", "private": false, "disabled": false, "gated": false, "pipeline_tag": "text-to-image", "tags": ["diffusers", "text-to-image", "autotrain", "base_model:stabilityai/stable-diffusion-xl-base-1.0", "region:us"], "downloads": 23, "library_name": "diffusers", "likes": 1, "model-index": null, "cardData": {"base_model": "stabilityai/stable-diffusion-xl-base-1.0", "instance_prompt": "photo of aqleem", "tags": ["text-to-image", "diffusers", "autotrain"], "inference": true}, "siblings": [{"rfilename": ".gitattributes"}, {"rfilename": "README.md"}, {"rfilename": "prompt.txt"}, {"rfilename": "pytorch_lora_weights.safetensors"}, {"rfilename": "training_params.json"}], "spaces": ["allknowingroger/Image-Models-Test341"], "createdAt": "2024-03-07T08:42:32.000Z", "inferenceStatus": "not-loaded"}