{"_id": "64f0e8c762a7109a6e5e51aa", "id": "D3fendom/Guest", "modelId": "D3fendom/Guest", "author": "D3fendom", "sha": "7696455ebb8472e74be87513695614f2a1ea8ec5", "lastModified": "2023-08-31T19:28:49.000Z", "private": false, "disabled": false, "gated": false, "tags": ["license:openrail", "region:us"], "downloads": 0, "likes": 0, "model-index": null, "cardData": {"license": "openrail"}, "siblings": [{"rfilename": ".gitattributes"}, {"rfilename": "README.md"}, {"rfilename": "drive-download-20230831T185520Z-001.zip"}], "spaces": [], "createdAt": "2023-08-31T19:23:51.000Z", "inferenceStatus": "not-loaded"}