{"_id": "66803a9bf35c3ff47a0ce76d", "id": "D3MI4N/taxi-v3-dem", "modelId": "D3MI4N/taxi-v3-dem", "author": "D3MI4N", "sha": "0e12acac9d45e239595b69be71be60fb6efe149f", "lastModified": "2024-06-29T16:47:24.000Z", "private": false, "disabled": false, "gated": false, "pipeline_tag": "reinforcement-learning", "tags": ["Taxi-v3", "q-learning", "reinforcement-learning", "custom-implementation", "model-index", "region:us"], "downloads": 0, "likes": 0, "model-index": [{"name": "taxi-v3-dem", "results": [{"task": {"type": "reinforcement-learning", "name": "reinforcement-learning"}, "dataset": {"name": "Taxi-v3", "type": "Taxi-v3"}, "metrics": [{"type": "mean_reward", "value": "7.54 +/- 2.73", "name": "mean_reward", "verified": false}]}]}], "cardData": {"tags": ["Taxi-v3", "q-learning", "reinforcement-learning", "custom-implementation"], "model-index": [{"name": "taxi-v3-dem", "results": [{"task": {"type": "reinforcement-learning", "name": "reinforcement-learning"}, "dataset": {"name": "Taxi-v3", "type": "Taxi-v3"}, "metrics": [{"type": "mean_reward", "value": "7.54 +/- 2.73", "name": "mean_reward", "verified": false}]}]}]}, "siblings": [{"rfilename": ".gitattributes"}, {"rfilename": "README.md"}, {"rfilename": "q-learning.pkl"}, {"rfilename": "replay.mp4"}, {"rfilename": "results.json"}], "spaces": [], "createdAt": "2024-06-29T16:47:23.000Z", "inferenceStatus": "not-loaded"}