{"_id": "667525731192e834e9a7dc7a", "id": "D3MI4N/ppo-Huggy", "modelId": "D3MI4N/ppo-Huggy", "author": "D3MI4N", "sha": "5e0eb4c0ab06b372edd5593ec4e113c549622057", "lastModified": "2024-06-21T07:11:04.000Z", "private": false, "disabled": false, "gated": false, "pipeline_tag": "reinforcement-learning", "tags": ["ml-agents", "tensorboard", "onnx", "Huggy", "deep-reinforcement-learning", "reinforcement-learning", "ML-Agents-Huggy", "region:us"], "downloads": 44, "library_name": "ml-agents", "likes": 0, "model-index": null, "config": {}, "cardData": {"library_name": "ml-agents", "tags": ["Huggy", "deep-reinforcement-learning", "reinforcement-learning", "ML-Agents-Huggy"]}, "siblings": [{"rfilename": ".gitattributes"}, {"rfilename": "Huggy.onnx"}, {"rfilename": "Huggy/Huggy-1199957.onnx"}, {"rfilename": "Huggy/Huggy-1199957.pt"}, {"rfilename": "Huggy/Huggy-1399941.onnx"}, {"rfilename": "Huggy/Huggy-1399941.pt"}, {"rfilename": "Huggy/Huggy-1599662.onnx"}, {"rfilename": "Huggy/Huggy-1599662.pt"}, {"rfilename": "Huggy/Huggy-1799535.onnx"}, {"rfilename": "Huggy/Huggy-1799535.pt"}, {"rfilename": "Huggy/Huggy-199908.onnx"}, {"rfilename": "Huggy/Huggy-199908.pt"}, {"rfilename": "Huggy/Huggy-1999944.onnx"}, {"rfilename": "Huggy/Huggy-1999944.pt"}, {"rfilename": "Huggy/Huggy-2000057.onnx"}, {"rfilename": "Huggy/Huggy-2000057.pt"}, {"rfilename": "Huggy/Huggy-399983.onnx"}, {"rfilename": "Huggy/Huggy-399983.pt"}, {"rfilename": "Huggy/Huggy-599861.onnx"}, {"rfilename": "Huggy/Huggy-599861.pt"}, {"rfilename": "Huggy/Huggy-799952.onnx"}, {"rfilename": "Huggy/Huggy-799952.pt"}, {"rfilename": "Huggy/Huggy-999923.onnx"}, {"rfilename": "Huggy/Huggy-999923.pt"}, {"rfilename": "Huggy/checkpoint.pt"}, {"rfilename": "Huggy/events.out.tfevents.1718950474.b34c98d6a2b6.1945.0"}, {"rfilename": "README.md"}, {"rfilename": "config.json"}, {"rfilename": "configuration.yaml"}, {"rfilename": "run_logs/Player-0.log"}, {"rfilename": "run_logs/timers.json"}, {"rfilename": "run_logs/training_status.json"}], "spaces": [], "createdAt": "2024-06-21T07:02:11.000Z", "inferenceStatus": "not-loaded"}