{"_id": "6491b9a1b972f05f166f24e6", "id": "D3nkik/My_task", "modelId": "D3nkik/My_task", "author": "D3nkik", "sha": "19d99a1384514319fec9f12308458cfa72e54c33", "lastModified": "2023-06-20T16:17:51.000Z", "private": false, "disabled": false, "gated": false, "tags": ["keras", "images", "ru", "dataset:fashion_mnist", "region:us"], "downloads": 0, "library_name": "keras", "likes": 1, "model-index": null, "cardData": {"datasets": ["fashion_mnist"], "language": ["ru"], "metrics": ["accuracy"], "library_name": "keras", "tags": ["images"]}, "siblings": [{"rfilename": ".gitattributes"}, {"rfilename": "3.png"}, {"rfilename": "5.png"}, {"rfilename": "6.png"}, {"rfilename": "Mytask.ipynb"}, {"rfilename": "README.md"}, {"rfilename": "fashion_mnist_model.h5"}, {"rfilename": "image1.png"}], "spaces": [], "createdAt": "2023-06-20T14:37:21.000Z", "inferenceStatus": "not-loaded"}