{"_id": "65e241f599d809668fe9c5b6", "id": "d3vnerd/wav2vec2-large-xls-r-twi-finetuning", "modelId": "d3vnerd/wav2vec2-large-xls-r-twi-finetuning", "author": "d3vnerd", "sha": "5f058175ef6aa8022bc1df8ac8f2f4133d88eed2", "lastModified": "2024-03-01T23:53:42.000Z", "private": false, "disabled": false, "gated": false, "pipeline_tag": "automatic-speech-recognition", "tags": ["transformers", "tensorboard", "safetensors", "wav2vec2", "automatic-speech-recognition", "arxiv:1910.09700", "endpoints_compatible", "region:us"], "downloads": 2, "library_name": "transformers", "likes": 0, "model-index": null, "config": {"architectures": ["Wav2Vec2ForCTC"], "model_type": "wav2vec2", "tokenizer_config": {"bos_token": "<s>", "eos_token": "</s>", "pad_token": "[PAD]", "unk_token": "[UNK]"}}, "cardData": {"library_name": "transformers", "tags": []}, "transformersInfo": {"auto_model": "AutoModelForCTC", "pipeline_tag": "automatic-speech-recognition", "processor": "AutoProcessor"}, "siblings": [{"rfilename": ".gitattributes"}, {"rfilename": "README.md"}, {"rfilename": "added_tokens.json"}, {"rfilename": "config.json"}, {"rfilename": "model.safetensors"}, {"rfilename": "preprocessor_config.json"}, {"rfilename": "runs/Mar01_21-55-47_5e1330319238/events.out.tfevents.1709330244.5e1330319238.6139.0"}, {"rfilename": "special_tokens_map.json"}, {"rfilename": "tokenizer_config.json"}, {"rfilename": "training_args.bin"}, {"rfilename": "vocab.json"}], "spaces": ["Amasa5646/d3vnerd-wav2vec2-large-xls-r-twi-finetuning", "d3vnerd/Twi-fine-tuned-Wav2vec2"], "createdAt": "2024-03-01T21:00:37.000Z", "safetensors": {"parameters": {"F32": 315470495}, "total": 315470495}, "inferenceStatus": "not-loaded"}