{"_id": "621ffdc036468d709f17501a", "id": "D3xter1922/electra-base-discriminator-finetuned-mnli", "modelId": "D3xter1922/electra-base-discriminator-finetuned-mnli", "author": "D3xter1922", "sha": "db6c57e553bd15049f3f2c57942c7d930f8fa952", "lastModified": "2022-01-20T01:07:49.000Z", "private": false, "disabled": false, "gated": false, "tags": ["region:us"], "downloads": 0, "likes": 0, "siblings": [{"rfilename": ".gitattributes"}], "spaces": [], "createdAt": "2022-03-02T23:29:04.000Z", "inferenceStatus": "not-loaded"}