{"_id": "621ffdc036468d709f175018", "id": "D3xter1922/distilbert-base-uncased-finetuned-cola", "modelId": "D3xter1922/distilbert-base-uncased-finetuned-cola", "author": "D3xter1922", "sha": "e57f9dcca8fe0cc9fab828a5f7e37dbb0a83633d", "lastModified": "2022-01-20T00:37:33.000Z", "private": false, "disabled": false, "gated": false, "tags": ["region:us"], "downloads": 0, "likes": 0, "siblings": [{"rfilename": ".gitattributes"}], "spaces": [], "createdAt": "2022-03-02T23:29:04.000Z", "inferenceStatus": "not-loaded"}