{"_id": "660332b6f46bb66291931c71", "id": "D3XX3R/Eric-Cartman-en", "modelId": "D3XX3R/Eric-Cartman-en", "author": "D3XX3R", "sha": "4ffb64d8d86d316f8fe9d4075c750599552371d7", "lastModified": "2024-03-26T21:08:13.000Z", "private": false, "disabled": false, "gated": false, "tags": ["license:openrail", "region:us"], "downloads": 0, "likes": 0, "model-index": null, "cardData": {"license": "openrail"}, "siblings": [{"rfilename": ".gitattributes"}, {"rfilename": "Eric-Cartman-(en)-8e_SoVITS-20e_GPT.zip"}, {"rfilename": "Eric-Cartman-(en)-e14_SoVITS-e20_GPT.zip"}, {"rfilename": "README.md"}], "spaces": [], "createdAt": "2024-03-26T20:40:22.000Z", "inferenceStatus": "not-loaded"}