{"_id": "621ffdc136468d709f17a2df", "id": "d42kw01f/Tamil-RoBERTa", "modelId": "d42kw01f/Tamil-RoBERTa", "author": "d42kw01f", "sha": "df391c767fb008f02c5601062e4f18a639f58a1f", "lastModified": "2021-11-09T16:04:44.000Z", "private": false, "disabled": false, "gated": false, "pipeline_tag": "fill-mask", "tags": ["transformers", "pytorch", "roberta", "fill-mask", "autotrain_compatible", "endpoints_compatible", "region:us"], "downloads": 1, "library_name": "transformers", "mask_token": "<mask>", "widgetData": [{"text": "Paris is the <mask> of France."}, {"text": "The goal of life is <mask>."}], "likes": 1, "config": {"architectures": ["RobertaForMaskedLM"], "model_type": "roberta", "tokenizer_config": {"unk_token": {"content": "<unk>", "single_word": false, "lstrip": false, "rstrip": false, "normalized": true, "__type": "AddedToken"}, "bos_token": {"content": "<s>", "single_word": false, "lstrip": false, "rstrip": false, "normalized": true, "__type": "AddedToken"}, "eos_token": {"content": "</s>", "single_word": false, "lstrip": false, "rstrip": false, "normalized": true, "__type": "AddedToken"}, "sep_token": {"content": "</s>", "single_word": false, "lstrip": false, "rstrip": false, "normalized": true, "__type": "AddedToken"}, "cls_token": {"content": "<s>", "single_word": false, "lstrip": false, "rstrip": false, "normalized": true, "__type": "AddedToken"}, "pad_token": {"content": "<pad>", "single_word": false, "lstrip": false, "rstrip": false, "normalized": true, "__type": "AddedToken"}, "mask_token": {"content": "<mask>", "single_word": false, "lstrip": true, "rstrip": false, "normalized": true, "__type": "AddedToken"}}}, "transformersInfo": {"auto_model": "AutoModelForMaskedLM", "pipeline_tag": "fill-mask", "processor": "AutoTokenizer"}, "siblings": [{"rfilename": ".gitattributes"}, {"rfilename": "README.md"}, {"rfilename": "config.json"}, {"rfilename": "merges.txt"}, {"rfilename": "pytorch_model.bin"}, {"rfilename": "special_tokens_map.json"}, {"rfilename": "tokenizer_config.json"}, {"rfilename": "vocab.json"}], "spaces": [], "createdAt": "2022-03-02T23:29:05.000Z", "inferenceStatus": "not-loaded"}