{"_id": "632309a1186e9fe72c0ba915", "id": "d42kw01f/EastAsianEthnicityClassification", "modelId": "d42kw01f/EastAsianEthnicityClassification", "author": "d42kw01f", "sha": "a80080f94583eab99880e304bc9464381fefb83c", "lastModified": "2022-09-15T12:10:02.000Z", "private": false, "disabled": false, "gated": false, "pipeline_tag": "image-classification", "tags": ["transformers", "pytorch", "tensorboard", "vit", "image-classification", "huggingpics", "model-index", "autotrain_compatible", "endpoints_compatible", "region:us"], "downloads": 2, "library_name": "transformers", "likes": 0, "model-index": [{"name": "EastAsianEthnicityClassification", "results": [{"task": {"name": "Image Classification", "type": "image-classification"}, "metrics": [{"name": "Accuracy", "type": "accuracy", "value": 0.9988962411880493, "verified": false}]}]}], "config": {"architectures": ["ViTForImageClassification"], "model_type": "vit"}, "cardData": {"tags": ["image-classification", "pytorch", "huggingpics"], "metrics": ["accuracy"], "model-index": [{"name": "EastAsianEthnicityClassification", "results": [{"task": {"name": "Image Classification", "type": "image-classification"}, "metrics": [{"name": "Accuracy", "type": "accuracy", "value": 0.9988962411880493, "verified": false}]}]}]}, "transformersInfo": {"auto_model": "AutoModelForImageClassification", "pipeline_tag": "image-classification", "processor": "AutoImageProcessor"}, "siblings": [{"rfilename": ".gitattributes"}, {"rfilename": "README.md"}, {"rfilename": "config.json"}, {"rfilename": "images/Chinese.jpeg"}, {"rfilename": "images/Japanese.jpeg"}, {"rfilename": "images/North_Korean.jpeg"}, {"rfilename": "images/South_Korean.jpeg"}, {"rfilename": "preprocessor_config.json"}, {"rfilename": "pytorch_model.bin"}, {"rfilename": "runs/events.out.tfevents.1663240020.a6fd8d09dccf.70.0"}], "spaces": [], "createdAt": "2022-09-15T11:16:49.000Z", "inferenceStatus": "not-loaded"}