{"_id": "621ffdc136468d709f17a2e1", "id": "d4data/en_pipeline", "modelId": "d4data/en_pipeline", "author": "d4data", "sha": "0ee5e4b80fc3fbb121cc7ebe0fa0b9a283ae010e", "lastModified": "2022-08-09T02:41:35.000Z", "private": false, "disabled": false, "gated": false, "pipeline_tag": "token-classification", "tags": ["spacy", "token-classification", "en", "model-index", "region:us"], "downloads": 209, "library_name": "spacy", "widgetData": [{"text": "Billie Eilish issues apology for mouthing an anti-Asian derogatory term in a resurfaced video.", "example_title": "Biased example 1"}, {"text": "Christians should make clear that the perpetuation of objectionable vaccines and the lack of alternatives is a kind of coercion.", "example_title": "Biased example 2"}, {"text": "But, whether this switch constitutes a true win for the racist right or not, it\u2019s clear that MAGA conservatives are highly attuned to how decisions are made in the White House and which positions they want to control.", "example_title": "Biased example 3"}, {"text": "The fact that the abortion rate among American blacks is far higher than the rate for whites is routinely chronicled and mourned.", "example_title": "Biased example 4"}], "likes": 3, "model-index": [{"name": "en_bias", "results": [{"task": {"name": "NER", "type": "token-classification"}, "metrics": [{"name": "NER Precision", "type": "precision", "value": 0.6642, "verified": false}, {"name": "NER Recall", "type": "recall", "value": 0.6485, "verified": false}, {"name": "NER F Score", "type": "f_score", "value": 0.6022, "verified": false}]}]}], "cardData": {"tags": ["spacy", "token-classification"], "language": ["en"], "widget": [{"text": "Billie Eilish issues apology for mouthing an anti-Asian derogatory term in a resurfaced video.", "example_title": "Biased example 1"}, {"text": "Christians should make clear that the perpetuation of objectionable vaccines and the lack of alternatives is a kind of coercion.", "example_title": "Biased example 2"}, {"text": "But, whether this switch constitutes a true win for the racist right or not, it\u2019s clear that MAGA conservatives are highly attuned to how decisions are made in the White House and which positions they want to control.", "example_title": "Biased example 3"}, {"text": "The fact that the abortion rate among American blacks is far higher than the rate for whites is routinely chronicled and mourned.", "example_title": "Biased example 4"}], "model-index": [{"name": "en_bias", "results": [{"task": {"name": "NER", "type": "token-classification"}, "metrics": [{"name": "NER Precision", "type": "precision", "value": 0.6642, "verified": false}, {"name": "NER Recall", "type": "recall", "value": 0.6485, "verified": false}, {"name": "NER F Score", "type": "f_score", "value": 0.6022, "verified": false}]}]}]}, "siblings": [{"rfilename": ".gitattributes"}, {"rfilename": "README.md"}, {"rfilename": "config.cfg"}, {"rfilename": "en_pipeline-any-py3-none-any.whl"}, {"rfilename": "meta.json"}, {"rfilename": "ner/cfg"}, {"rfilename": "ner/model"}, {"rfilename": "ner/moves"}, {"rfilename": "tokenizer"}, {"rfilename": "transformer/cfg"}, {"rfilename": "transformer/model"}, {"rfilename": "vocab/key2row"}, {"rfilename": "vocab/lookups.bin"}, {"rfilename": "vocab/strings.json"}, {"rfilename": "vocab/vectors"}, {"rfilename": "vocab/vectors.cfg"}], "spaces": [], "createdAt": "2022-03-02T23:29:05.000Z", "inferenceStatus": "not-loaded"}