{"_id": "632871b6f9a3a8d7e3072e50", "id": "D4LLE/Robots", "modelId": "D4LLE/Robots", "author": "D4LLE", "sha": "7297a1d2474510906e373ca270eb93547ecded8d", "lastModified": "2022-09-19T13:42:14.000Z", "private": false, "disabled": false, "gated": false, "tags": ["license:apache-2.0", "region:us"], "downloads": 0, "likes": 0, "model-index": null, "cardData": {"license": "apache-2.0"}, "siblings": [{"rfilename": ".gitattributes"}, {"rfilename": "README.md"}], "spaces": [], "createdAt": "2022-09-19T13:42:14.000Z", "inferenceStatus": "not-loaded"}