{"_id": "6456344703625871eb71f5ef", "id": "d4niel92/my-segmentation-model", "modelId": "d4niel92/my-segmentation-model", "author": "d4niel92", "sha": "6380d203c094c9f9d3527f30152dbb36ccb3f7fc", "lastModified": "2023-05-06T11:36:29.000Z", "private": false, "disabled": false, "gated": false, "tags": ["transformers", "pytorch", "segformer", "endpoints_compatible", "region:us"], "downloads": 4, "library_name": "transformers", "likes": 0, "config": {"architectures": ["SegformerForSemanticSegmentation"], "model_type": "segformer"}, "transformersInfo": {"auto_model": "SegformerForSemanticSegmentation", "processor": "AutoImageProcessor"}, "siblings": [{"rfilename": ".gitattributes"}, {"rfilename": "README.md"}, {"rfilename": "config.json"}, {"rfilename": "preprocessor_config.json"}, {"rfilename": "pytorch_model.bin"}], "spaces": ["d4niel92/surface-classification"], "createdAt": "2023-05-06T11:04:39.000Z", "inferenceStatus": "not-loaded"}