{"_id": "6546131ab6a8bd2c901d2f2a", "id": "d4niel92/uplimit-project-3-phi-1.5", "modelId": "d4niel92/uplimit-project-3-phi-1.5", "author": "d4niel92", "sha": "3107ca65a34e128b3f4c2e007ed998df3449fa16", "lastModified": "2023-11-05T05:04:37.000Z", "private": false, "disabled": false, "gated": false, "tags": ["tensorboard", "safetensors", "generated_from_trainer", "dataset:scitldr", "base_model:microsoft/phi-1_5", "license:other", "region:us"], "downloads": 0, "likes": 0, "model-index": [{"name": "uplimit-project-3-phi-1.5", "results": []}], "config": {"tokenizer_config": {"bos_token": "<|endoftext|>", "eos_token": "<|endoftext|>", "pad_token": "<|endoftext|>", "unk_token": "<|endoftext|>"}}, "cardData": {"license": "other", "base_model": "microsoft/phi-1_5", "tags": ["generated_from_trainer"], "datasets": ["scitldr"], "model-index": [{"name": "uplimit-project-3-phi-1.5", "results": []}]}, "siblings": [{"rfilename": ".gitattributes"}, {"rfilename": "README.md"}, {"rfilename": "adapter_config.json"}, {"rfilename": "adapter_model.bin"}, {"rfilename": "adapter_model.safetensors"}, {"rfilename": "added_tokens.json"}, {"rfilename": "merges.txt"}, {"rfilename": "runs/Nov04_09-38-51_08dc797c0590/events.out.tfevents.1699090738.08dc797c0590.2682.0"}, {"rfilename": "runs/Nov05_04-50-42_fe5fd819d094/events.out.tfevents.1699159855.fe5fd819d094.4206.0"}, {"rfilename": "special_tokens_map.json"}, {"rfilename": "tokenizer.json"}, {"rfilename": "tokenizer_config.json"}, {"rfilename": "training_args.bin"}, {"rfilename": "vocab.json"}], "spaces": [], "createdAt": "2023-11-04T09:47:06.000Z", "inferenceStatus": "not-loaded"}