{"_id": "647484e982907acdddeaf793", "id": "d4niel92/surface-segmentation-model", "modelId": "d4niel92/surface-segmentation-model", "author": "d4niel92", "sha": "2136430485e1659880462bc19f7cd52dd61b2096", "lastModified": "2023-05-29T10:56:59.000Z", "private": false, "disabled": false, "gated": false, "tags": ["transformers", "pytorch", "segformer", "endpoints_compatible", "region:us"], "downloads": 1, "library_name": "transformers", "likes": 0, "config": {"architectures": ["SegformerForSemanticSegmentation"], "model_type": "segformer"}, "transformersInfo": {"auto_model": "SegformerForSemanticSegmentation", "processor": "AutoImageProcessor"}, "siblings": [{"rfilename": ".gitattributes"}, {"rfilename": "config.json"}, {"rfilename": "preprocessor_config.json"}, {"rfilename": "pytorch_model.bin"}], "spaces": [], "createdAt": "2023-05-29T10:56:41.000Z", "inferenceStatus": "not-loaded"}