{"_id": "62daa88c4be126e22e8e4bcb", "id": "d4niel92/distilbert-base-uncased-finetuned-emotion", "modelId": "d4niel92/distilbert-base-uncased-finetuned-emotion", "author": "d4niel92", "sha": "8763b3521c23745e6a382f00ec323cd227455e8e", "lastModified": "2023-12-20T16:20:05.000Z", "private": false, "disabled": false, "gated": false, "pipeline_tag": "text-classification", "tags": ["transformers", "pytorch", "tensorboard", "distilbert", "text-classification", "generated_from_trainer", "dataset:emotion", "base_model:distilbert-base-uncased", "license:apache-2.0", "model-index", "autotrain_compatible", "endpoints_compatible", "region:us"], "downloads": 3, "library_name": "transformers", "mask_token": "[MASK]", "widgetData": [{"text": "I like you. I love you"}], "likes": 0, "model-index": [{"name": "distilbert-base-uncased-finetuned-emotion", "results": [{"task": {"type": "text-classification", "name": "Text Classification"}, "dataset": {"name": "emotion", "type": "emotion", "config": "default", "split": "train", "args": "default"}, "metrics": [{"type": "accuracy", "value": 0.924, "name": "Accuracy", "verified": false}, {"type": "f1", "value": 0.9238434600787808, "name": "F1", "verified": false}]}]}], "config": {"architectures": ["DistilBertForSequenceClassification"], "model_type": "distilbert", "tokenizer_config": {"cls_token": "[CLS]", "mask_token": "[MASK]", "pad_token": "[PAD]", "sep_token": "[SEP]", "unk_token": "[UNK]"}}, "cardData": {"license": "apache-2.0", "tags": ["generated_from_trainer"], "datasets": ["emotion"], "metrics": ["accuracy", "f1"], "base_model": "distilbert-base-uncased", "model-index": [{"name": "distilbert-base-uncased-finetuned-emotion", "results": [{"task": {"type": "text-classification", "name": "Text Classification"}, "dataset": {"name": "emotion", "type": "emotion", "config": "default", "split": "train", "args": "default"}, "metrics": [{"type": "accuracy", "value": 0.924, "name": "Accuracy", "verified": false}, {"type": "f1", "value": 0.9238434600787808, "name": "F1", "verified": false}]}]}]}, "transformersInfo": {"auto_model": "AutoModelForSequenceClassification", "pipeline_tag": "text-classification", "processor": "AutoTokenizer"}, "siblings": [{"rfilename": ".gitattributes"}, {"rfilename": ".gitignore"}, {"rfilename": "README.md"}, {"rfilename": "config.json"}, {"rfilename": "pytorch_model.bin"}, {"rfilename": "runs/Jul29_09-19-38_004ef4c942fc/1659086386.5537722/events.out.tfevents.1659086386.004ef4c942fc.70.1"}, {"rfilename": "runs/Jul29_09-19-38_004ef4c942fc/events.out.tfevents.1659086386.004ef4c942fc.70.0"}, {"rfilename": "special_tokens_map.json"}, {"rfilename": "tokenizer.json"}, {"rfilename": "tokenizer_config.json"}, {"rfilename": "training_args.bin"}, {"rfilename": "vocab.txt"}], "spaces": [], "createdAt": "2022-07-22T13:39:24.000Z", "inferenceStatus": "not-loaded"}