{"_id": "653bcb1de819da8e0b41a506", "id": "d4niel92/phrasebank-sentiment-analysis", "modelId": "d4niel92/phrasebank-sentiment-analysis", "author": "d4niel92", "sha": "5f36fda859ef1e4750e504040423a51741bde801", "lastModified": "2023-10-27T14:37:54.000Z", "private": false, "disabled": false, "gated": false, "pipeline_tag": "text-classification", "tags": ["transformers", "pytorch", "bert", "text-classification", "generated_from_trainer", "dataset:financial_phrasebank", "base_model:bert-base-uncased", "license:apache-2.0", "model-index", "autotrain_compatible", "endpoints_compatible", "region:us"], "downloads": 3, "library_name": "transformers", "mask_token": "[MASK]", "widgetData": [{"text": "I like you. I love you"}], "likes": 0, "model-index": [{"name": "phrasebank-sentiment-analysis", "results": [{"task": {"name": "Text Classification", "type": "text-classification"}, "dataset": {"name": "financial_phrasebank", "type": "financial_phrasebank", "config": "sentences_50agree", "split": "train", "args": "sentences_50agree"}, "metrics": [{"name": "F1", "type": "f1", "value": 0.8411237775158847, "verified": false}, {"name": "Accuracy", "type": "accuracy", "value": 0.8459422283356258, "verified": false}]}]}], "config": {"architectures": ["BertForSequenceClassification"], "model_type": "bert", "tokenizer_config": {"cls_token": "[CLS]", "mask_token": "[MASK]", "pad_token": "[PAD]", "sep_token": "[SEP]", "unk_token": "[UNK]"}}, "cardData": {"license": "apache-2.0", "base_model": "bert-base-uncased", "tags": ["generated_from_trainer"], "datasets": ["financial_phrasebank"], "metrics": ["f1", "accuracy"], "model-index": [{"name": "phrasebank-sentiment-analysis", "results": [{"task": {"name": "Text Classification", "type": "text-classification"}, "dataset": {"name": "financial_phrasebank", "type": "financial_phrasebank", "config": "sentences_50agree", "split": "train", "args": "sentences_50agree"}, "metrics": [{"name": "F1", "type": "f1", "value": 0.8411237775158847, "verified": false}, {"name": "Accuracy", "type": "accuracy", "value": 0.8459422283356258, "verified": false}]}]}]}, "transformersInfo": {"auto_model": "AutoModelForSequenceClassification", "pipeline_tag": "text-classification", "processor": "AutoTokenizer"}, "siblings": [{"rfilename": ".gitattributes"}, {"rfilename": "README.md"}, {"rfilename": "config.json"}, {"rfilename": "pytorch_model.bin"}, {"rfilename": "special_tokens_map.json"}, {"rfilename": "tokenizer.json"}, {"rfilename": "tokenizer_config.json"}, {"rfilename": "training_args.bin"}, {"rfilename": "vocab.txt"}], "spaces": [], "createdAt": "2023-10-27T14:37:17.000Z", "inferenceStatus": "not-loaded"}