{"_id": "64d27d8b15ea2b12d14ab699", "id": "D4ve-R/wav2vec2-large-xlsr-53-german", "modelId": "D4ve-R/wav2vec2-large-xlsr-53-german", "author": "D4ve-R", "sha": "034a83071ba9e42cbf2dd65efdfa96a8446b2a52", "lastModified": "2023-08-09T11:08:22.000Z", "private": false, "disabled": false, "gated": false, "pipeline_tag": "automatic-speech-recognition", "tags": ["transformers", "pytorch", "tensorboard", "wav2vec2", "automatic-speech-recognition", "endpoints_compatible", "region:us"], "downloads": 0, "library_name": "transformers", "likes": 0, "config": {"architectures": ["Wav2Vec2ForCTC"], "model_type": "wav2vec2", "tokenizer_config": {"bos_token": "<s>", "eos_token": "</s>", "pad_token": "<pad>", "unk_token": "<unk>"}}, "transformersInfo": {"auto_model": "AutoModelForCTC", "pipeline_tag": "automatic-speech-recognition", "processor": "AutoProcessor"}, "siblings": [{"rfilename": ".gitattributes"}, {"rfilename": ".gitignore"}, {"rfilename": "config.json"}, {"rfilename": "preprocessor_config.json"}, {"rfilename": "pytorch_model.bin"}, {"rfilename": "runs/Aug08_17-38-54_86c198d83486/events.out.tfevents.1691516342.86c198d83486.3372.0"}, {"rfilename": "runs/Aug08_17-40-22_86c198d83486/events.out.tfevents.1691516428.86c198d83486.3372.1"}, {"rfilename": "runs/Aug08_17-43-07_86c198d83486/events.out.tfevents.1691516593.86c198d83486.3372.2"}, {"rfilename": "runs/Aug08_18-25-55_86c198d83486/events.out.tfevents.1691519163.86c198d83486.3372.3"}, {"rfilename": "runs/Aug08_19-30-21_aedd16ecb7cb/events.out.tfevents.1691523360.aedd16ecb7cb.822.0"}, {"rfilename": "runs/Aug08_21-00-06_b9a5769710e1/events.out.tfevents.1691528714.b9a5769710e1.187.0"}, {"rfilename": "runs/Aug08_21-13-08_b9a5769710e1/events.out.tfevents.1691529209.b9a5769710e1.187.1"}, {"rfilename": "special_tokens_map.json"}, {"rfilename": "tokenizer_config.json"}, {"rfilename": "training_args.bin"}, {"rfilename": "vocab.json"}], "spaces": [], "createdAt": "2023-08-08T17:38:19.000Z", "inferenceStatus": "not-loaded"}