{"_id": "64d7c177505306fcd2e15c22", "id": "D4ve-R/yellow-lora-sd15", "modelId": "D4ve-R/yellow-lora-sd15", "author": "D4ve-R", "sha": "c38eb8b22b99d1b2b0f3578255ae2a4d0e3dedd5", "lastModified": "2023-08-13T23:09:19.000Z", "private": false, "disabled": false, "gated": false, "pipeline_tag": "text-to-image", "tags": ["diffusers", "tensorboard", "stable-diffusion", "stable-diffusion-diffusers", "text-to-image", "lora", "base_model:runwayml/stable-diffusion-v1-5", "license:creativeml-openrail-m", "region:us"], "downloads": 12, "library_name": "diffusers", "likes": 0, "model-index": null, "cardData": {"license": "creativeml-openrail-m", "base_model": "runwayml/stable-diffusion-v1-5", "tags": ["stable-diffusion", "stable-diffusion-diffusers", "text-to-image", "diffusers", "lora"], "inference": true}, "siblings": [{"rfilename": ".gitattributes"}, {"rfilename": "README.md"}, {"rfilename": "checkpoint-1000/optimizer.bin"}, {"rfilename": "checkpoint-1000/pytorch_model.bin"}, {"rfilename": "checkpoint-1000/random_states_0.pkl"}, {"rfilename": "checkpoint-1000/scaler.pt"}, {"rfilename": "checkpoint-1000/scheduler.bin"}, {"rfilename": "checkpoint-10000/optimizer.bin"}, {"rfilename": "checkpoint-10000/pytorch_model.bin"}, {"rfilename": "checkpoint-10000/random_states_0.pkl"}, {"rfilename": "checkpoint-10000/scaler.pt"}, {"rfilename": "checkpoint-10000/scheduler.bin"}, {"rfilename": "checkpoint-1500/optimizer.bin"}, {"rfilename": "checkpoint-1500/pytorch_model.bin"}, {"rfilename": "checkpoint-1500/random_states_0.pkl"}, {"rfilename": "checkpoint-1500/scaler.pt"}, {"rfilename": "checkpoint-1500/scheduler.bin"}, {"rfilename": "checkpoint-2000/optimizer.bin"}, {"rfilename": "checkpoint-2000/pytorch_model.bin"}, {"rfilename": "checkpoint-2000/random_states_0.pkl"}, {"rfilename": "checkpoint-2000/scaler.pt"}, {"rfilename": "checkpoint-2000/scheduler.bin"}, {"rfilename": "checkpoint-2500/optimizer.bin"}, {"rfilename": "checkpoint-2500/pytorch_model.bin"}, {"rfilename": "checkpoint-2500/random_states_0.pkl"}, {"rfilename": "checkpoint-2500/scaler.pt"}, {"rfilename": "checkpoint-2500/scheduler.bin"}, {"rfilename": "checkpoint-3000/optimizer.bin"}, {"rfilename": "checkpoint-3000/pytorch_model.bin"}, {"rfilename": "checkpoint-3000/random_states_0.pkl"}, {"rfilename": "checkpoint-3000/scaler.pt"}, {"rfilename": "checkpoint-3000/scheduler.bin"}, {"rfilename": "checkpoint-4000/optimizer.bin"}, {"rfilename": "checkpoint-4000/pytorch_model.bin"}, {"rfilename": "checkpoint-4000/random_states_0.pkl"}, {"rfilename": "checkpoint-4000/scaler.pt"}, {"rfilename": "checkpoint-4000/scheduler.bin"}, {"rfilename": "checkpoint-500/optimizer.bin"}, {"rfilename": "checkpoint-500/pytorch_model.bin"}, {"rfilename": "checkpoint-500/random_states_0.pkl"}, {"rfilename": "checkpoint-500/scaler.pt"}, {"rfilename": "checkpoint-500/scheduler.bin"}, {"rfilename": "checkpoint-5000/optimizer.bin"}, {"rfilename": "checkpoint-5000/pytorch_model.bin"}, {"rfilename": "checkpoint-5000/random_states_0.pkl"}, {"rfilename": "checkpoint-5000/scaler.pt"}, {"rfilename": "checkpoint-5000/scheduler.bin"}, {"rfilename": "checkpoint-6000/optimizer.bin"}, {"rfilename": "checkpoint-6000/pytorch_model.bin"}, {"rfilename": "checkpoint-6000/random_states_0.pkl"}, {"rfilename": "checkpoint-6000/scaler.pt"}, {"rfilename": "checkpoint-6000/scheduler.bin"}, {"rfilename": "checkpoint-7000/optimizer.bin"}, {"rfilename": "checkpoint-7000/pytorch_model.bin"}, {"rfilename": "checkpoint-7000/random_states_0.pkl"}, {"rfilename": "checkpoint-7000/scaler.pt"}, {"rfilename": "checkpoint-7000/scheduler.bin"}, {"rfilename": "checkpoint-8000/optimizer.bin"}, {"rfilename": "checkpoint-8000/pytorch_model.bin"}, {"rfilename": "checkpoint-8000/random_states_0.pkl"}, {"rfilename": "checkpoint-8000/scaler.pt"}, {"rfilename": "checkpoint-8000/scheduler.bin"}, {"rfilename": "checkpoint-9000/optimizer.bin"}, {"rfilename": "checkpoint-9000/pytorch_model.bin"}, {"rfilename": "checkpoint-9000/random_states_0.pkl"}, {"rfilename": "checkpoint-9000/scaler.pt"}, {"rfilename": "checkpoint-9000/scheduler.bin"}, {"rfilename": "image_0.png"}, {"rfilename": "image_1.png"}, {"rfilename": "image_2.png"}, {"rfilename": "image_3.png"}, {"rfilename": "logs/text2image-fine-tune/1691882631.0909703/events.out.tfevents.1691882631.ubuntu22.17479.1"}, {"rfilename": "logs/text2image-fine-tune/1691882631.0925674/hparams.yml"}, {"rfilename": "logs/text2image-fine-tune/1691909069.990855/events.out.tfevents.1691909069.ubuntu22.2154.1"}, {"rfilename": "logs/text2image-fine-tune/1691909069.9927096/hparams.yml"}, {"rfilename": "logs/text2image-fine-tune/1691957630.0389569/events.out.tfevents.1691957630.ubuntu22.5056.1"}, {"rfilename": "logs/text2image-fine-tune/1691957630.0405414/hparams.yml"}, {"rfilename": "logs/text2image-fine-tune/events.out.tfevents.1691882631.ubuntu22.17479.0"}, {"rfilename": "logs/text2image-fine-tune/events.out.tfevents.1691909069.ubuntu22.2154.0"}, {"rfilename": "logs/text2image-fine-tune/events.out.tfevents.1691957630.ubuntu22.5056.0"}, {"rfilename": "pytorch_lora_weights.bin"}], "spaces": [], "createdAt": "2023-08-12T17:29:27.000Z", "inferenceStatus": "not-loaded"}