{"_id": "65e5efda5e6ac0324f546b70", "id": "D4ve-R/stablelm-2-1_6b-sentiment", "modelId": "D4ve-R/stablelm-2-1_6b-sentiment", "author": "D4ve-R", "sha": "129b8ac754e389aef8694d14b089339f1ace5aec", "lastModified": "2024-03-05T12:58:23.000Z", "private": false, "disabled": false, "gated": false, "pipeline_tag": "text-classification", "tags": ["transformers", "safetensors", "stablelm", "text-classification", "arxiv:1910.09700", "autotrain_compatible", "endpoints_compatible", "region:us"], "downloads": 2, "library_name": "transformers", "widgetData": [{"text": "I like you. I love you"}], "likes": 0, "model-index": null, "config": {"architectures": ["StableLmForSequenceClassification"], "model_type": "stablelm"}, "cardData": {"library_name": "transformers", "tags": []}, "transformersInfo": {"auto_model": "AutoModelForSequenceClassification", "pipeline_tag": "text-classification", "processor": "AutoTokenizer"}, "siblings": [{"rfilename": ".gitattributes"}, {"rfilename": "README.md"}, {"rfilename": "config.json"}, {"rfilename": "model-00001-of-00002.safetensors"}, {"rfilename": "model-00002-of-00002.safetensors"}, {"rfilename": "model.safetensors.index.json"}], "spaces": [], "createdAt": "2024-03-04T15:59:22.000Z", "safetensors": {"parameters": {"F32": 1439000576}, "total": 1439000576}, "inferenceStatus": "not-loaded"}