{"_id": "65d7463abe9c9ab2d1f3e920", "id": "D4ve-R/wavlm-base-plus-sv", "modelId": "D4ve-R/wavlm-base-plus-sv", "author": "D4ve-R", "sha": "19786a33597930483b3468a2b68188f60ad03a8d", "lastModified": "2024-02-28T18:29:26.000Z", "private": false, "disabled": false, "gated": false, "tags": ["transformers.js", "onnx", "wavlm", "audio-xvector", "speech", "en", "arxiv:1912.07875", "arxiv:2106.06909", "arxiv:2101.00390", "arxiv:2110.13900", "region:us"], "downloads": 0, "library_name": "transformers.js", "likes": 2, "model-index": null, "config": {"architectures": ["WavLMForXVector"], "model_type": "wavlm"}, "cardData": {"language": ["en"], "tags": ["speech"], "library_name": "transformers.js"}, "transformersInfo": {"auto_model": "AutoModelForAudioXVector", "pipeline_tag": "audio-xvector", "processor": "AutoProcessor"}, "siblings": [{"rfilename": ".gitattributes"}, {"rfilename": "README.md"}, {"rfilename": "config.json"}, {"rfilename": "onnx/model.onnx"}, {"rfilename": "onnx/model_quantized.onnx"}, {"rfilename": "preprocessor_config.json"}, {"rfilename": "quantize_config.json"}], "spaces": [], "createdAt": "2024-02-22T13:03:54.000Z", "inferenceStatus": "not-loaded"}