{"_id": "6656380c65c1fef981a4a440", "id": "D4ve-R/faster-whisper-large-v3-german", "modelId": "D4ve-R/faster-whisper-large-v3-german", "author": "D4ve-R", "sha": "2c70f80057c03e68950869859525a8d26dc12007", "lastModified": "2024-05-28T20:03:53.000Z", "private": false, "disabled": false, "gated": false, "tags": ["transformers", "license:apache-2.0", "endpoints_compatible", "region:us"], "downloads": 1, "library_name": "transformers", "likes": 0, "model-index": null, "config": {"tokenizer_config": {"bos_token": "<|endoftext|>", "eos_token": "<|endoftext|>", "pad_token": "<|endoftext|>", "unk_token": "<|endoftext|>"}}, "cardData": {"license": "apache-2.0"}, "transformersInfo": {"auto_model": "AutoModel"}, "siblings": [{"rfilename": ".gitattributes"}, {"rfilename": "README.md"}, {"rfilename": "added_tokens.json"}, {"rfilename": "config.json"}, {"rfilename": "generation_config.json"}, {"rfilename": "model.bin"}, {"rfilename": "special_tokens_map.json"}, {"rfilename": "tokenizer_config.json"}, {"rfilename": "vocab.json"}, {"rfilename": "vocabulary.json"}], "spaces": [], "createdAt": "2024-05-28T20:01:16.000Z", "inferenceStatus": "not-loaded"}