{"_id": "639b06afd8847b1b449dc921", "id": "d8888/nlpstudy_spanbert", "modelId": "d8888/nlpstudy_spanbert", "author": "d8888", "sha": "c4c50df6268f8865f4a8b95489e1f7e91a8d83d0", "lastModified": "2022-12-15T13:46:05.000Z", "private": false, "disabled": false, "gated": false, "pipeline_tag": "token-classification", "tags": ["transformers", "pytorch", "bert", "token-classification", "autotrain_compatible", "endpoints_compatible", "region:us"], "downloads": 3, "library_name": "transformers", "mask_token": "[MASK]", "widgetData": [{"text": "My name is Wolfgang and I live in Berlin"}, {"text": "My name is Sarah and I live in London"}, {"text": "My name is Clara and I live in Berkeley, California."}], "likes": 0, "config": {"architectures": ["BertForTokenClassification"], "model_type": "bert", "tokenizer_config": {"cls_token": "[CLS]", "mask_token": "[MASK]", "pad_token": "[PAD]", "sep_token": "[SEP]", "unk_token": "[UNK]"}}, "transformersInfo": {"auto_model": "AutoModelForTokenClassification", "pipeline_tag": "token-classification", "processor": "AutoTokenizer"}, "siblings": [{"rfilename": ".gitattributes"}, {"rfilename": "config.json"}, {"rfilename": "pytorch_model.bin"}, {"rfilename": "special_tokens_map.json"}, {"rfilename": "tokenizer.json"}, {"rfilename": "tokenizer_config.json"}, {"rfilename": "vocab.txt"}], "spaces": [], "createdAt": "2022-12-15T11:36:15.000Z", "inferenceStatus": "not-loaded"}