{"_id": "64ad7a092d29d3bdcd5617d2", "id": "d9021001/mms-1b-l1107-nan", "modelId": "d9021001/mms-1b-l1107-nan", "author": "d9021001", "sha": "e05b1f7941126b02c3012fa43bcb156ada7522ea", "lastModified": "2023-07-11T16:49:35.000Z", "private": false, "disabled": false, "gated": false, "pipeline_tag": "automatic-speech-recognition", "tags": ["transformers", "pytorch", "tensorboard", "wav2vec2", "automatic-speech-recognition", "generated_from_trainer", "dataset:common_voice_11_0", "model-index", "endpoints_compatible", "region:us"], "downloads": 1, "library_name": "transformers", "likes": 0, "model-index": [{"name": "mms-1b-l1107-nan", "results": [{"task": {"name": "Automatic Speech Recognition", "type": "automatic-speech-recognition"}, "dataset": {"name": "common_voice_11_0", "type": "common_voice_11_0", "config": "nan-tw", "split": "test", "args": "nan-tw"}, "metrics": [{"name": "Wer", "type": "wer", "value": 1.005720823798627, "verified": false}]}]}], "config": {"architectures": ["Wav2Vec2ForCTC"], "model_type": "wav2vec2", "tokenizer_config": {"bos_token": "<s>", "eos_token": "</s>", "pad_token": "[PAD]", "unk_token": "[UNK]"}}, "cardData": {"tags": ["generated_from_trainer"], "datasets": ["common_voice_11_0"], "metrics": ["wer"], "model-index": [{"name": "mms-1b-l1107-nan", "results": [{"task": {"name": "Automatic Speech Recognition", "type": "automatic-speech-recognition"}, "dataset": {"name": "common_voice_11_0", "type": "common_voice_11_0", "config": "nan-tw", "split": "test", "args": "nan-tw"}, "metrics": [{"name": "Wer", "type": "wer", "value": 1.005720823798627, "verified": false}]}]}]}, "transformersInfo": {"auto_model": "AutoModelForCTC", "pipeline_tag": "automatic-speech-recognition", "processor": "AutoProcessor"}, "siblings": [{"rfilename": ".gitattributes"}, {"rfilename": ".gitignore"}, {"rfilename": "README.md"}, {"rfilename": "adapter.nan.safetensors"}, {"rfilename": "added_tokens.json"}, {"rfilename": "config.json"}, {"rfilename": "preprocessor_config.json"}, {"rfilename": "pytorch_model.bin"}, {"rfilename": "runs/Jul11_23-50-09_DESKTOP-H5SB3AK/events.out.tfevents.1689090657.DESKTOP-H5SB3AK.153871.0"}, {"rfilename": "special_tokens_map.json"}, {"rfilename": "tokenizer_config.json"}, {"rfilename": "training_args.bin"}, {"rfilename": "vocab.json"}], "spaces": [], "createdAt": "2023-07-11T15:49:29.000Z", "inferenceStatus": "not-loaded"}