{"_id": "65e71f5e30abfaf12579c48f", "id": "Da-Hui/stable-diffusion-v1-5", "modelId": "Da-Hui/stable-diffusion-v1-5", "author": "Da-Hui", "sha": "bd72c7b29a1e8dc24219cac9b82a17e9d3405de8", "lastModified": "2024-06-24T11:19:43.000Z", "private": false, "disabled": false, "gated": false, "tags": ["region:us"], "downloads": 0, "likes": 0, "siblings": [{"rfilename": ".gitattributes"}, {"rfilename": "stable-diffusion-v1-5.zip"}, {"rfilename": "text_to_image-2.zip"}], "spaces": [], "createdAt": "2024-03-05T13:34:22.000Z", "inferenceStatus": "not-loaded"}