{"_id": "66387a3d7517eefed694d066", "id": "da-xiong/tku2024", "modelId": "da-xiong/tku2024", "author": "da-xiong", "sha": "bcf0c9d6a8d3fdb5b9f0018ab2b11ac3d20266a2", "lastModified": "2024-05-30T02:32:15.000Z", "private": false, "disabled": false, "gated": false, "tags": ["transformers", "endpoints_compatible", "region:us"], "downloads": 2, "library_name": "transformers", "likes": 0, "config": {}, "transformersInfo": {"auto_model": "AutoModel"}, "siblings": [{"rfilename": ".gitattributes"}, {"rfilename": "best.pt"}, {"rfilename": "config.json"}], "spaces": ["da-xiong/tku2024"], "createdAt": "2024-05-06T06:35:41.000Z", "inferenceStatus": "not-loaded"}