{"_id": "65daf27a8c1745678fd8adec", "id": "da24/model", "modelId": "da24/model", "author": "da24", "sha": "abccb8f165c923ee448b125aaf3b80132ef7af54", "lastModified": "2024-02-25T07:57:11.000Z", "private": false, "disabled": false, "gated": false, "tags": ["license:openrail", "region:us"], "downloads": 0, "likes": 0, "model-index": null, "cardData": {"license": "openrail"}, "siblings": [{"rfilename": ".gitattributes"}, {"rfilename": "My-Vocal_e500_s11500.rar"}, {"rfilename": "README.md"}], "spaces": [], "createdAt": "2024-02-25T07:55:38.000Z", "inferenceStatus": "not-loaded"}