{"_id": "655f981b0bda1e8ff84cb3e2", "id": "Da24Ve/D29", "modelId": "Da24Ve/D29", "author": "Da24Ve", "sha": "e73fa8689fdbd1e1751a656040703d665ed56fd1", "lastModified": "2023-11-23T18:21:15.000Z", "private": false, "disabled": false, "gated": false, "tags": ["license:apache-2.0", "region:us"], "downloads": 0, "likes": 0, "model-index": null, "cardData": {"license": "apache-2.0"}, "siblings": [{"rfilename": ".gitattributes"}, {"rfilename": "README.md"}], "spaces": [], "createdAt": "2023-11-23T18:21:15.000Z", "inferenceStatus": "not-loaded"}