{"_id": "666d6b4cf98a92bc8932adbb", "id": "da2el/ioliPonyMix", "modelId": "da2el/ioliPonyMix", "author": "da2el", "sha": "0a15da5d5def0480730b5d6a37f7eb3a602125ab", "lastModified": "2024-07-11T07:15:48.000Z", "private": false, "disabled": false, "gated": false, "tags": ["Text-to-Image", "stable-diffusion", "license:creativeml-openrail-m", "region:us"], "downloads": 0, "likes": 13, "model-index": null, "cardData": {"license": "creativeml-openrail-m", "tags": ["Text-to-Image", "stable-diffusion"]}, "siblings": [{"rfilename": ".gitattributes"}, {"rfilename": "README.md"}, {"rfilename": "img/image_01.webp"}, {"rfilename": "img/image_02.webp"}, {"rfilename": "img/image_03.webp"}, {"rfilename": "img/image_04.webp"}, {"rfilename": "img/image_05.webp"}, {"rfilename": "img/image_06.webp"}, {"rfilename": "img/image_07.webp"}, {"rfilename": "img/image_08.webp"}, {"rfilename": "img/v3_v2_01.jpg"}, {"rfilename": "img/v3_v2_02.jpg"}, {"rfilename": "ioliPonyMix_v1_20240615.safetensors"}, {"rfilename": "ioliPonyMix_v2_20240616.safetensors"}, {"rfilename": "ioliPonyMix_v3.1_20240711.safetensors"}], "spaces": [], "createdAt": "2024-06-15T10:22:04.000Z", "inferenceStatus": "not-loaded"}