{"_id": "6463ffca6e4f6dc601587e1f", "id": "Daaaaamian/med2-trained", "modelId": "Daaaaamian/med2-trained", "author": "Daaaaamian", "sha": "9475139c25d981917285ae388bc968efac03b307", "lastModified": "2023-05-16T22:37:33.000Z", "private": false, "disabled": false, "gated": false, "pipeline_tag": "text-to-image", "tags": ["diffusers", "text-to-image", "stable-diffusion", "license:creativeml-openrail-m", "autotrain_compatible", "endpoints_compatible", "diffusers:StableDiffusionPipeline", "region:us"], "downloads": 9, "library_name": "diffusers", "likes": 0, "model-index": null, "config": {"diffusers": {"_class_name": "StableDiffusionPipeline"}}, "cardData": {"license": "creativeml-openrail-m", "tags": ["text-to-image", "stable-diffusion"]}, "siblings": [{"rfilename": ".gitattributes"}, {"rfilename": "README.md"}, {"rfilename": "feature_extractor/preprocessor_config.json"}, {"rfilename": "med2.ckpt"}, {"rfilename": "model_index.json"}, {"rfilename": "safety_checker/config.json"}, {"rfilename": "sample_images/0_PAY-WOMAN-WARNS-OTHERS-TO-WEAR-SUN-CREAM-AFTER-SUFFERING-SERIOUS-ALLERGIC-REACTION-TO-THE-SUN.jpg"}, {"rfilename": "sample_images/1260435364.jpg"}, {"rfilename": "sample_images/13017_2008_Article_128_Fig1_HTML.jpg"}, {"rfilename": "sample_images/193108_2_En_62_Fig18_HTML.jpg"}, {"rfilename": "sample_images/193108_2_En_62_Fig24_HTML.jpg"}, {"rfilename": "sample_images/2-Figure1-1.png"}, {"rfilename": "sample_images/2-Figure2-1.png"}, {"rfilename": "sample_images/2.jpg"}, {"rfilename": "sample_images/3-Figure4-1.png"}, {"rfilename": "sample_images/300px-Poly_kidney_and_normal_kidney.jpg"}, {"rfilename": "sample_images/31374_033.14a2cc3a9dc8.jpg"}, {"rfilename": "sample_images/40902_2015_1_Fig1_HTML.png"}, {"rfilename": "sample_images/Circumvallate_placenta_(533599728).jpg"}, {"rfilename": "sample_images/IE.jpg"}, {"rfilename": "sample_images/LatifKhatana-_tfbb.jpg"}, {"rfilename": "sample_images/Mateusz-Sadowski_fot.-Zachar-Szerstobitow-2022.jpg"}, {"rfilename": "sample_images/Mohammad-Latif-Khatana-man-with-no-face1.jpg"}, {"rfilename": "sample_images/NINTCHDBPICT000627184344.jpg"}, {"rfilename": "sample_images/NYC_EMSnecrotizingfasciitis.jpg"}, {"rfilename": "sample_images/PAY-Autumn-Everitt-Brick.jpg"}, {"rfilename": "sample_images/PIc-5-242526.webp"}, {"rfilename": "sample_images/Pan_Oro-Facial_Trauma.webp"}, {"rfilename": "sample_images/Placenta_human_newborn.jpg"}, {"rfilename": "sample_images/RENAL049.jpg"}, {"rfilename": "sample_images/Severe-allergic-reaction-example-834px.jpg"}, {"rfilename": "sample_images/Zrzut_ekranu_2023-05-01_144953.png"}, {"rfilename": "sample_images/Zrzut_ekranu_2023-05-01_145029.png"}, {"rfilename": "sample_images/Zrzut_ekranu_2023-05-01_145047.png"}, {"rfilename": "sample_images/Zrzut_ekranu_2023-05-01_145107.png"}, {"rfilename": "sample_images/Zrzut_ekranu_2023-05-01_145150.png"}, {"rfilename": "sample_images/Zrzut_ekranu_2023-05-01_145209.png"}, {"rfilename": "sample_images/Zrzut_ekranu_2023-05-01_145228.png"}, {"rfilename": "sample_images/Zrzut_ekranu_2023-05-01_145236.png"}, {"rfilename": "sample_images/Zrzut_ekranu_2023-05-01_145351.png"}, {"rfilename": "sample_images/Zrzut_ekranu_2023-05-01_145403.png"}, {"rfilename": "sample_images/Zrzut_ekranu_2023-05-01_145514.png"}, {"rfilename": "sample_images/Zrzut_ekranu_2023-05-01_145533.png"}, {"rfilename": "sample_images/Zrzut_ekranu_2023-05-01_145547.png"}, {"rfilename": "sample_images/Zrzut_ekranu_2023-05-01_145644.png"}, {"rfilename": "sample_images/Zrzut_ekranu_2023-05-01_145652.png"}, {"rfilename": "sample_images/Zrzut_ekranu_2023-05-01_145703.png"}, {"rfilename": "sample_images/Zrzut_ekranu_2023-05-01_145801.png"}, {"rfilename": "sample_images/Zrzut_ekranu_2023-05-01_145843.png"}, {"rfilename": "sample_images/Zrzut_ekranu_2023-05-01_150003.png"}, {"rfilename": "sample_images/Zrzut_ekranu_2023-05-01_150039.png"}, {"rfilename": "sample_images/Zrzut_ekranu_2023-05-01_150134.png"}, {"rfilename": "sample_images/Zrzut_ekranu_2023-05-01_150159.png"}, {"rfilename": "sample_images/Zrzut_ekranu_2023-05-01_150323.png"}, {"rfilename": "sample_images/Zrzut_ekranu_2023-05-01_150336.png"}, {"rfilename": "sample_images/Zrzut_ekranu_2023-05-01_150525.png"}, {"rfilename": "sample_images/Zrzut_ekranu_2023-05-01_150645.png"}, {"rfilename": "sample_images/Zrzut_ekranu_2023-05-01_150724.png"}, {"rfilename": "sample_images/Zrzut_ekranu_2023-05-01_150754.png"}, {"rfilename": "sample_images/Zrzut_ekranu_2023-05-01_150845.png"}, {"rfilename": "sample_images/Zrzut_ekranu_2023-05-01_150944.png"}, {"rfilename": "sample_images/Zrzut_ekranu_2023-05-01_151002.png"}, {"rfilename": "sample_images/Zrzut_ekranu_2023-05-16_171018.png"}, {"rfilename": "sample_images/Zrzut_ekranu_2023-05-16_171134.png"}, {"rfilename": "sample_images/Zrzut_ekranu_2023-05-16_171210.png"}, {"rfilename": "sample_images/Zrzut_ekranu_2023-05-16_171225.png"}, {"rfilename": "sample_images/Zrzut_ekranu_2023-05-16_171244.png"}, {"rfilename": "sample_images/Zrzut_ekranu_2023-05-16_171313.png"}, {"rfilename": "sample_images/Zrzut_ekranu_2023-05-16_171328.png"}, {"rfilename": "sample_images/Zrzut_ekranu_2023-05-16_171354.png"}, {"rfilename": "sample_images/Zrzut_ekranu_2023-05-16_171417.png"}, {"rfilename": "sample_images/Zrzut_ekranu_2023-05-16_171438.png"}, {"rfilename": "sample_images/Zrzut_ekranu_2023-05-16_171500.png"}, {"rfilename": "sample_images/Zrzut_ekranu_2023-05-16_171733.png"}, {"rfilename": "sample_images/Zrzut_ekranu_2023-05-16_171908.png"}, {"rfilename": "sample_images/Zrzut_ekranu_2023-05-16_171935.png"}, {"rfilename": "sample_images/Zrzut_ekranu_2023-05-16_171949.png"}, {"rfilename": "sample_images/Zrzut_ekranu_2023-05-16_172013.png"}, {"rfilename": "sample_images/Zrzut_ekranu_2023-05-16_172025.png"}, {"rfilename": "sample_images/Zrzut_ekranu_2023-05-16_172041.png"}, {"rfilename": "sample_images/Zrzut_ekranu_2023-05-16_172112.png"}, {"rfilename": "sample_images/Zrzut_ekranu_2023-05-16_172140.png"}, {"rfilename": "sample_images/Zrzut_ekranu_2023-05-16_173023.png"}, {"rfilename": "sample_images/Zrzut_ekranu_2023-05-16_173035.png"}, {"rfilename": "sample_images/Zrzut_ekranu_2023-05-16_173046.png"}, {"rfilename": "sample_images/Zrzut_ekranu_2023-05-16_173057.png"}, {"rfilename": "sample_images/Zrzut_ekranu_2023-05-16_173112.png"}, {"rfilename": "sample_images/Zrzut_ekranu_2023-05-16_173126.png"}, {"rfilename": "sample_images/Zrzut_ekranu_2023-05-16_173136.png"}, {"rfilename": "sample_images/Zrzut_ekranu_2023-05-16_173146.png"}, {"rfilename": "sample_images/Zrzut_ekranu_2023-05-16_173155.png"}, {"rfilename": "sample_images/Zrzut_ekranu_2023-05-16_173205.png"}, {"rfilename": "sample_images/Zrzut_ekranu_2023-05-16_173215.png"}, {"rfilename": "sample_images/Zrzut_ekranu_2023-05-16_173226.png"}, {"rfilename": "sample_images/Zrzut_ekranu_2023-05-16_173236.png"}, {"rfilename": "sample_images/Zrzut_ekranu_2023-05-16_173244.png"}, {"rfilename": "sample_images/Zrzut_ekranu_2023-05-16_173333.png"}, {"rfilename": "sample_images/Zrzut_ekranu_2023-05-16_173344.png"}, {"rfilename": "sample_images/Zrzut_ekranu_2023-05-16_173401.png"}, {"rfilename": "sample_images/Zrzut_ekranu_2023-05-16_173411.png"}, {"rfilename": "sample_images/Zrzut_ekranu_2023-05-16_173420.png"}, {"rfilename": "sample_images/Zrzut_ekranu_2023-05-16_173429.png"}, {"rfilename": "sample_images/Zrzut_ekranu_2023-05-16_173651.png"}, {"rfilename": "sample_images/Zrzut_ekranu_2023-05-16_173700.png"}, {"rfilename": "sample_images/Zrzut_ekranu_2023-05-16_173744.png"}, {"rfilename": "sample_images/Zrzut_ekranu_2023-05-16_173824.png"}, {"rfilename": "sample_images/Zrzut_ekranu_2023-05-16_174325.png"}, {"rfilename": "sample_images/Zrzut_ekranu_2023-05-16_174339.png"}, {"rfilename": "sample_images/Zrzut_ekranu_2023-05-16_174354.png"}, {"rfilename": "sample_images/Zrzut_ekranu_2023-05-16_174416.png"}, {"rfilename": "sample_images/Zrzut_ekranu_2023-05-16_174450.png"}, {"rfilename": "sample_images/Zrzut_ekranu_2023-05-16_174532.png"}, {"rfilename": "sample_images/Zrzut_ekranu_2023-05-16_174556.png"}, {"rfilename": "sample_images/Zrzut_ekranu_2023-05-16_174608.png"}, {"rfilename": "sample_images/Zrzut_ekranu_2023-05-16_174619.png"}, {"rfilename": "sample_images/Zrzut_ekranu_2023-05-16_174948.png"}, {"rfilename": "sample_images/Zrzut_ekranu_2023-05-16_175414.png"}, {"rfilename": "sample_images/Zrzut_ekranu_2023-05-16_175430.png"}, {"rfilename": "sample_images/Zrzut_ekranu_2023-05-16_175556.png"}, {"rfilename": "sample_images/Zrzut_ekranu_2023-05-16_175556_Cropped.jpg"}, {"rfilename": "sample_images/Zrzut_ekranu_2023-05-16_175604.png"}, {"rfilename": "sample_images/Zrzut_ekranu_2023-05-16_175645.png"}, {"rfilename": "sample_images/Zrzut_ekranu_2023-05-16_175936.png"}, {"rfilename": "sample_images/Zrzut_ekranu_2023-05-16_175947.png"}, {"rfilename": "sample_images/Zrzut_ekranu_2023-05-16_175955.png"}, {"rfilename": "sample_images/Zrzut_ekranu_2023-05-16_180140.png"}, {"rfilename": "sample_images/Zrzut_ekranu_2023-05-16_180241.png"}, {"rfilename": "sample_images/Zrzut_ekranu_2023-05-16_180313.png"}, {"rfilename": "sample_images/Zrzut_ekranu_2023-05-16_180431.png"}, {"rfilename": "sample_images/Zrzut_ekranu_2023-05-16_180439.png"}, {"rfilename": "sample_images/Zrzut_ekranu_2023-05-16_180455.png"}, {"rfilename": "sample_images/Zrzut_ekranu_2023-05-16_180511.png"}, {"rfilename": "sample_images/Zrzut_ekranu_2023-05-16_185236.png"}, {"rfilename": "sample_images/casereports-2017-August-2017---F1.large.jpg"}, {"rfilename": "sample_images/casereports-2017-August-2017---F2.large.jpg"}, {"rfilename": "sample_images/ccr34620-fig-0001-m.jpg"}, {"rfilename": "sample_images/craniofacial-fibrous-dysplasia-v0-6pwzc8i2phj81.jpg"}, {"rfilename": "sample_images/craniofacial-fibrous-dysplasia-v0-cmatrbi2phj81.jpg"}, {"rfilename": "sample_images/d36-XXX+10+6+05+006.jpg"}, {"rfilename": "sample_images/dgf.jpg"}, {"rfilename": "sample_images/fig14_1.jpg"}, {"rfilename": "sample_images/fig14_1_(1).jpg"}, {"rfilename": "sample_images/https___scontent-lht6-1.cdninstagram.com_vp_25cf82b810ea8247ca9cbbb62daf38de_5C99DED4_t51.2885-15_e35_47205365_2149172338668473_2489757670142254139_n.jpg__nc_ht=scontent-lht6-1.cdninstagram.webp"}, {"rfilename": "sample_images/https___scontent.cdninstagram.com_t51.2885-15_e35_16124123_1369278993113582_3259726903166107648_n.jpg_ig_cache_key=MTQzMjU1OTA0OTYzMDg5MDQ0OQ%3D%3D.webp"}, {"rfilename": "sample_images/images.jpg"}, {"rfilename": "sample_images/images_(1).jpg"}, {"rfilename": "sample_images/jgj.jpg"}, {"rfilename": "sample_images/jkk.jpg"}, {"rfilename": "sample_images/kedziora-3.jpg"}, {"rfilename": "sample_images/kidneytumoradultpkdzynger1.jpg"}, {"rfilename": "sample_images/kidneytumoradultpkdzynger2.jpg"}, {"rfilename": "sample_images/kidneytumoradultpkdzynger3.jpg"}, {"rfilename": "sample_images/lightbox_8c9b0510a7cc11edbf5fbf6576d5c716-Screen-Shot-2023-02-05-at-10.45.53-PM.png"}, {"rfilename": "sample_images/mateusz-sadowski-fot-anna-glowin-ska,pic1,1200,120781,202760,show2.jpg"}, {"rfilename": "sample_images/p303-f1.jpg"}, {"rfilename": "sample_images/pala.jpg"}, {"rfilename": "sample_images/pq0415988001.jpg"}, {"rfilename": "sample_images/standard_Placenta.jpeg"}, {"rfilename": "sample_images/xfg.jpg"}, {"rfilename": "sample_images/zhc0151193650001.jpeg"}, {"rfilename": "scheduler/scheduler_config.json"}, {"rfilename": "text_encoder/config.json"}, {"rfilename": "text_encoder/pytorch_model.bin"}, {"rfilename": "tokenizer/merges.txt"}, {"rfilename": "tokenizer/special_tokens_map.json"}, {"rfilename": "tokenizer/tokenizer_config.json"}, {"rfilename": "tokenizer/vocab.json"}, {"rfilename": "unet/config.json"}, {"rfilename": "unet/diffusion_pytorch_model.bin"}, {"rfilename": "vae/config.json"}, {"rfilename": "vae/diffusion_pytorch_model.bin"}], "spaces": [], "createdAt": "2023-05-16T22:12:26.000Z", "inferenceStatus": "not-loaded"}