{"_id": "63f9868cc8ecab9123a0d69b", "id": "DAAAAA/nva-ShiraMari", "modelId": "DAAAAA/nva-ShiraMari", "author": "DAAAAA", "sha": "3a6f35061b04fcedf44d879942981eb671b8b04a", "lastModified": "2023-02-25T03:55:11.000Z", "private": false, "disabled": false, "gated": false, "tags": ["region:us"], "downloads": 0, "likes": 0, "siblings": [{"rfilename": ".gitattributes"}, {"rfilename": "ShiraMari-000001.safetensors"}, {"rfilename": "ShiraMari-000002.safetensors"}, {"rfilename": "ShiraMari-000003.safetensors"}, {"rfilename": "ShiraMari-000004.safetensors"}, {"rfilename": "ShiraMari-000005.safetensors"}, {"rfilename": "ShiraMari-000006.safetensors"}, {"rfilename": "ShiraMari-000007.safetensors"}, {"rfilename": "ShiraMari-000008.safetensors"}, {"rfilename": "ShiraMari-000009.safetensors"}, {"rfilename": "ShiraMari.safetensors"}], "spaces": [], "createdAt": "2023-02-25T03:54:52.000Z", "inferenceStatus": "not-loaded"}