{"_id": "63eb7bb0c6beb750e2d04c81", "id": "DAAAAA/nva-HolaRo", "modelId": "DAAAAA/nva-HolaRo", "author": "DAAAAA", "sha": "07ccabde8d6255f97a857e1e663c2515cb59fab4", "lastModified": "2023-02-14T12:17:23.000Z", "private": false, "disabled": false, "gated": false, "tags": ["region:us"], "downloads": 0, "likes": 0, "siblings": [{"rfilename": ".gitattributes"}, {"rfilename": "HolaRo-000001.safetensors"}, {"rfilename": "HolaRo-000002.safetensors"}, {"rfilename": "HolaRo-000003.safetensors"}, {"rfilename": "HolaRo-000004.safetensors"}, {"rfilename": "HolaRo-000005.safetensors"}, {"rfilename": "HolaRo-000006.safetensors"}, {"rfilename": "HolaRo-000007.safetensors"}, {"rfilename": "HolaRo-000008.safetensors"}, {"rfilename": "HolaRo-000009.safetensors"}, {"rfilename": "HolaRo.safetensors"}], "spaces": [], "createdAt": "2023-02-14T12:16:48.000Z", "inferenceStatus": "not-loaded"}