{"_id": "640436bb723a03e6261ad344", "id": "DAAAAA/nva-Hisano2", "modelId": "DAAAAA/nva-Hisano2", "author": "DAAAAA", "sha": "3e1259c7efb41bd15cbc7e69286e06d69d53a52b", "lastModified": "2023-03-05T06:29:38.000Z", "private": false, "disabled": false, "gated": false, "tags": ["region:us"], "downloads": 0, "likes": 0, "siblings": [{"rfilename": ".gitattributes"}, {"rfilename": "Hisano2-000001.safetensors"}, {"rfilename": "Hisano2-000002.safetensors"}, {"rfilename": "Hisano2-000003.safetensors"}, {"rfilename": "Hisano2-000004.safetensors"}, {"rfilename": "Hisano2-000005.safetensors"}, {"rfilename": "Hisano2-000006.safetensors"}, {"rfilename": "Hisano2-000007.safetensors"}, {"rfilename": "Hisano2-000008.safetensors"}, {"rfilename": "Hisano2-000009.safetensors"}, {"rfilename": "Hisano2.safetensors"}], "spaces": [], "createdAt": "2023-03-05T06:29:15.000Z", "inferenceStatus": "not-loaded"}