{"_id": "63f29b363403f45dc622f89c", "id": "DAAAAA/nva-naganamisama", "modelId": "DAAAAA/nva-naganamisama", "author": "DAAAAA", "sha": "1eb6e2ec7d0839708c0fb6011b5472d007f3a59e", "lastModified": "2023-02-19T21:57:32.000Z", "private": false, "disabled": false, "gated": false, "tags": ["region:us"], "downloads": 0, "likes": 0, "siblings": [{"rfilename": ".gitattributes"}, {"rfilename": "naganamisama-000001.safetensors"}, {"rfilename": "naganamisama-000002.safetensors"}, {"rfilename": "naganamisama-000003.safetensors"}, {"rfilename": "naganamisama-000004.safetensors"}, {"rfilename": "naganamisama-000005.safetensors"}, {"rfilename": "naganamisama-000006.safetensors"}, {"rfilename": "naganamisama-000007.safetensors"}, {"rfilename": "naganamisama-000008.safetensors"}, {"rfilename": "naganamisama-000009.safetensors"}, {"rfilename": "naganamisama.safetensors"}], "spaces": [], "createdAt": "2023-02-19T21:57:10.000Z", "inferenceStatus": "not-loaded"}