{"_id": "661c412ecd5055e1e8f56230", "id": "daanjiri/Biomistral_7b_bhc_10", "modelId": "daanjiri/Biomistral_7b_bhc_10", "author": "daanjiri", "sha": "38c1e1cedc3df8b7a7d50fb283ac6c51d23b860a", "lastModified": "2024-04-14T20:54:17.000Z", "private": false, "disabled": false, "gated": false, "pipeline_tag": "text-generation", "tags": ["transformers", "safetensors", "mistral", "text-generation", "arxiv:1910.09700", "autotrain_compatible", "text-generation-inference", "endpoints_compatible", "4-bit", "bitsandbytes", "region:us"], "downloads": 3, "library_name": "transformers", "widgetData": [{"text": "My name is Julien and I like to"}, {"text": "My name is Thomas and my main"}, {"text": "My name is Mariama, my favorite"}, {"text": "My name is Clara and I am"}, {"text": "My name is Lewis and I like to"}, {"text": "My name is Merve and my favorite"}, {"text": "My name is Teven and I am"}, {"text": "Once upon a time,"}], "likes": 0, "model-index": null, "config": {"architectures": ["MistralForCausalLM"], "model_type": "mistral", "quantization_config": {"load_in_4bit": true, "load_in_8bit": false, "quant_method": "bitsandbytes"}}, "cardData": {"library_name": "transformers", "tags": []}, "transformersInfo": {"auto_model": "AutoModelForCausalLM", "pipeline_tag": "text-generation", "processor": "AutoTokenizer"}, "siblings": [{"rfilename": ".gitattributes"}, {"rfilename": "README.md"}, {"rfilename": "adapter_config.json"}, {"rfilename": "adapter_model.safetensors"}, {"rfilename": "config.json"}], "spaces": [], "createdAt": "2024-04-14T20:48:46.000Z", "inferenceStatus": "not-loaded"}