{"_id": "65d0ef9ca25e1317255feba0", "id": "daanjiri/lab1_random", "modelId": "daanjiri/lab1_random", "author": "daanjiri", "sha": "51c958d72cad036e465f1d27c751c0ef2404c86f", "lastModified": "2024-02-17T18:57:17.000Z", "private": false, "disabled": false, "gated": false, "pipeline_tag": "text2text-generation", "tags": ["transformers", "safetensors", "marian", "text2text-generation", "generated_from_trainer", "dataset:kde4", "base_model:Helsinki-NLP/opus-mt-en-fr", "license:apache-2.0", "model-index", "autotrain_compatible", "endpoints_compatible", "region:us"], "downloads": 0, "library_name": "transformers", "likes": 0, "model-index": [{"name": "lab1_random", "results": [{"task": {"name": "Sequence-to-sequence Language Modeling", "type": "text2text-generation"}, "dataset": {"name": "kde4", "type": "kde4", "config": "en-fr", "split": "train", "args": "en-fr"}, "metrics": [{"name": "Bleu", "type": "bleu", "value": 13.64635977688655, "verified": false}]}]}], "config": {"architectures": ["MarianMTModel"], "model_type": "marian", "tokenizer_config": {"eos_token": "</s>", "pad_token": "<pad>", "unk_token": "<unk>"}}, "cardData": {"license": "apache-2.0", "base_model": "Helsinki-NLP/opus-mt-en-fr", "tags": ["generated_from_trainer"], "datasets": ["kde4"], "metrics": ["bleu"], "model-index": [{"name": "lab1_random", "results": [{"task": {"name": "Sequence-to-sequence Language Modeling", "type": "text2text-generation"}, "dataset": {"name": "kde4", "type": "kde4", "config": "en-fr", "split": "train", "args": "en-fr"}, "metrics": [{"name": "Bleu", "type": "bleu", "value": 13.64635977688655, "verified": false}]}]}]}, "transformersInfo": {"auto_model": "AutoModelForSeq2SeqLM", "pipeline_tag": "text2text-generation", "processor": "AutoTokenizer"}, "siblings": [{"rfilename": ".gitattributes"}, {"rfilename": "README.md"}, {"rfilename": "config.json"}, {"rfilename": "generation_config.json"}, {"rfilename": "model.safetensors"}, {"rfilename": "source.spm"}, {"rfilename": "special_tokens_map.json"}, {"rfilename": "target.spm"}, {"rfilename": "tokenizer_config.json"}, {"rfilename": "training_args.bin"}, {"rfilename": "vocab.json"}], "spaces": [], "createdAt": "2024-02-17T17:40:44.000Z", "safetensors": {"parameters": {"F32": 74669178}, "total": 74669178}, "inferenceStatus": "not-loaded"}