{"_id": "6496f7ca38e398e7243d6789", "id": "daan1213/my_awesome_model", "modelId": "daan1213/my_awesome_model", "author": "daan1213", "sha": "2e79a789463e37501af0713886438f44c866f3f5", "lastModified": "2023-06-24T14:52:31.000Z", "private": false, "disabled": false, "gated": false, "pipeline_tag": "text-classification", "tags": ["transformers", "pytorch", "tensorboard", "distilbert", "text-classification", "generated_from_trainer", "dataset:financial_phrasebank", "license:apache-2.0", "model-index", "autotrain_compatible", "endpoints_compatible", "region:us"], "downloads": 5, "library_name": "transformers", "mask_token": "[MASK]", "widgetData": [{"text": "I like you. I love you"}], "likes": 0, "model-index": [{"name": "my_awesome_model", "results": [{"task": {"name": "Text Classification", "type": "text-classification"}, "dataset": {"name": "financial_phrasebank", "type": "financial_phrasebank", "config": "sentences_allagree", "split": "train", "args": "sentences_allagree"}, "metrics": [{"name": "Accuracy", "type": "accuracy", "value": 0.9668874172185431, "verified": false}]}]}], "config": {"architectures": ["DistilBertForSequenceClassification"], "model_type": "distilbert", "tokenizer_config": {"cls_token": "[CLS]", "mask_token": "[MASK]", "pad_token": "[PAD]", "sep_token": "[SEP]", "unk_token": "[UNK]"}}, "cardData": {"license": "apache-2.0", "tags": ["generated_from_trainer"], "datasets": ["financial_phrasebank"], "metrics": ["accuracy"], "model-index": [{"name": "my_awesome_model", "results": [{"task": {"name": "Text Classification", "type": "text-classification"}, "dataset": {"name": "financial_phrasebank", "type": "financial_phrasebank", "config": "sentences_allagree", "split": "train", "args": "sentences_allagree"}, "metrics": [{"name": "Accuracy", "type": "accuracy", "value": 0.9668874172185431, "verified": false}]}]}]}, "transformersInfo": {"auto_model": "AutoModelForSequenceClassification", "pipeline_tag": "text-classification", "processor": "AutoTokenizer"}, "siblings": [{"rfilename": ".gitattributes"}, {"rfilename": ".gitignore"}, {"rfilename": "README.md"}, {"rfilename": "config.json"}, {"rfilename": "pytorch_model.bin"}, {"rfilename": "runs/Jun24_14-50-50_b2feeb6450c0/events.out.tfevents.1687618260.b2feeb6450c0.7004.0"}, {"rfilename": "special_tokens_map.json"}, {"rfilename": "tokenizer.json"}, {"rfilename": "tokenizer_config.json"}, {"rfilename": "training_args.bin"}, {"rfilename": "vocab.txt"}], "spaces": [], "createdAt": "2023-06-24T14:03:54.000Z", "inferenceStatus": "not-loaded"}