{"_id": "64c8de0c7dba66c3a7d62c39", "id": "daaniichencho/rauw", "modelId": "daaniichencho/rauw", "author": "daaniichencho", "sha": "c95c25b114ef766c1409378fd38a4c4221b5447e", "lastModified": "2023-08-01T10:27:24.000Z", "private": false, "disabled": false, "gated": false, "tags": ["license:unknown", "region:us"], "downloads": 0, "likes": 0, "model-index": null, "cardData": {"license": "unknown"}, "siblings": [{"rfilename": ".gitattributes"}, {"rfilename": "README.md"}], "spaces": [], "createdAt": "2023-08-01T10:27:24.000Z", "inferenceStatus": "not-loaded"}