{"_id": "661a05566920308735465a06", "id": "daanjiri/Biomistral_7b_bhc", "modelId": "daanjiri/Biomistral_7b_bhc", "author": "daanjiri", "sha": "c0ad18b5adafdfcefcd594125fc503327217c10b", "lastModified": "2024-04-13T21:02:05.000Z", "private": false, "disabled": false, "gated": false, "tags": ["transformers", "safetensors", "arxiv:1910.09700", "endpoints_compatible", "region:us"], "downloads": 0, "library_name": "transformers", "likes": 0, "model-index": null, "cardData": {"library_name": "transformers", "tags": []}, "transformersInfo": {"auto_model": "AutoModel"}, "siblings": [{"rfilename": ".gitattributes"}, {"rfilename": "README.md"}, {"rfilename": "adapter_config.json"}, {"rfilename": "adapter_model.safetensors"}], "spaces": [], "createdAt": "2024-04-13T04:08:54.000Z", "inferenceStatus": "not-loaded"}