{"_id": "6554057beeb42b373ff8fd1d", "id": "daanib/translation", "modelId": "daanib/translation", "author": "daanib", "sha": "eb81b55f1e44408b63b3e986125d5cd6657dfdbe", "lastModified": "2023-11-14T23:40:44.000Z", "private": false, "disabled": false, "gated": false, "tags": ["license:apache-2.0", "region:us"], "downloads": 0, "likes": 0, "model-index": null, "cardData": {"license": "apache-2.0"}, "siblings": [{"rfilename": ".gitattributes"}, {"rfilename": "README.md"}], "spaces": [], "createdAt": "2023-11-14T23:40:43.000Z", "inferenceStatus": "not-loaded"}