{"_id": "644b214df9f1b0cd3d95a39c", "id": "daasd/tmndMix_tmndMixIIIPruned.safetensors", "modelId": "daasd/tmndMix_tmndMixIIIPruned.safetensors", "author": "daasd", "sha": "2b7d43577f0532eee7b855f75a381d11e4726ea4", "lastModified": "2023-04-28T01:40:31.000Z", "private": false, "disabled": false, "gated": false, "tags": ["region:us"], "downloads": 0, "likes": 2, "siblings": [{"rfilename": ".gitattributes"}, {"rfilename": "README.md"}, {"rfilename": "tmndMix_tmndMixIIIPruned.safetensors"}], "spaces": [], "createdAt": "2023-04-28T01:28:45.000Z", "inferenceStatus": "not-loaded"}