{"_id": "65565d60f7457c98b2e5b859", "id": "daasshole/gummy_bear_russian", "modelId": "daasshole/gummy_bear_russian", "author": "daasshole", "sha": "5071227683681cd4d521af62caf2c24878c7a990", "lastModified": "2023-11-16T18:23:09.000Z", "private": false, "disabled": false, "gated": false, "tags": ["license:unknown", "region:us"], "downloads": 0, "likes": 0, "model-index": null, "cardData": {"license": "unknown"}, "siblings": [{"rfilename": ".gitattributes"}, {"rfilename": "README.md"}, {"rfilename": "gummy_bear_russian.zip"}], "spaces": [], "createdAt": "2023-11-16T18:20:16.000Z", "inferenceStatus": "not-loaded"}