{"_id": "646109ac3cc3259ce059f517", "id": "daayuu/q-Taxi-v3", "modelId": "daayuu/q-Taxi-v3", "author": "daayuu", "sha": "b6d567c65f7a7475bc62e499ce266253a6fa3085", "lastModified": "2023-05-14T16:36:14.000Z", "private": false, "disabled": false, "gated": false, "pipeline_tag": "reinforcement-learning", "tags": ["Taxi-v3", "q-learning", "reinforcement-learning", "custom-implementation", "model-index", "region:us"], "downloads": 0, "likes": 0, "model-index": [{"name": "q-Taxi-v3", "results": [{"task": {"type": "reinforcement-learning", "name": "reinforcement-learning"}, "dataset": {"name": "Taxi-v3", "type": "Taxi-v3"}, "metrics": [{"type": "mean_reward", "value": "7.56 +/- 2.71", "name": "mean_reward", "verified": false}]}]}], "cardData": {"tags": ["Taxi-v3", "q-learning", "reinforcement-learning", "custom-implementation"], "model-index": [{"name": "q-Taxi-v3", "results": [{"task": {"type": "reinforcement-learning", "name": "reinforcement-learning"}, "dataset": {"name": "Taxi-v3", "type": "Taxi-v3"}, "metrics": [{"type": "mean_reward", "value": "7.56 +/- 2.71", "name": "mean_reward", "verified": false}]}]}]}, "siblings": [{"rfilename": ".gitattributes"}, {"rfilename": "README.md"}, {"rfilename": "q-learning.pkl"}, {"rfilename": "replay.mp4"}, {"rfilename": "results.json"}], "spaces": [], "createdAt": "2023-05-14T16:17:48.000Z", "inferenceStatus": "not-loaded"}