{"_id": "645dd4418a63155046e2010c", "id": "daayuu/ppo-Huggy", "modelId": "daayuu/ppo-Huggy", "author": "daayuu", "sha": "6cb8695b4ae569ee97674f7b826c50c809c52123", "lastModified": "2023-05-12T05:54:28.000Z", "private": false, "disabled": false, "gated": false, "pipeline_tag": "reinforcement-learning", "tags": ["ml-agents", "tensorboard", "onnx", "Huggy", "deep-reinforcement-learning", "reinforcement-learning", "ML-Agents-Huggy", "region:us"], "downloads": 5, "library_name": "ml-agents", "likes": 0, "model-index": null, "config": {}, "cardData": {"library_name": "ml-agents", "tags": ["Huggy", "deep-reinforcement-learning", "reinforcement-learning", "ML-Agents-Huggy"]}, "siblings": [{"rfilename": ".gitattributes"}, {"rfilename": "Huggy.onnx"}, {"rfilename": "Huggy/Huggy-1199960.onnx"}, {"rfilename": "Huggy/Huggy-1199960.pt"}, {"rfilename": "Huggy/Huggy-1399989.onnx"}, {"rfilename": "Huggy/Huggy-1399989.pt"}, {"rfilename": "Huggy/Huggy-1599958.onnx"}, {"rfilename": "Huggy/Huggy-1599958.pt"}, {"rfilename": "Huggy/Huggy-1799990.onnx"}, {"rfilename": "Huggy/Huggy-1799990.pt"}, {"rfilename": "Huggy/Huggy-199978.onnx"}, {"rfilename": "Huggy/Huggy-199978.pt"}, {"rfilename": "Huggy/Huggy-1999949.onnx"}, {"rfilename": "Huggy/Huggy-1999949.pt"}, {"rfilename": "Huggy/Huggy-2000321.onnx"}, {"rfilename": "Huggy/Huggy-2000321.pt"}, {"rfilename": "Huggy/Huggy-399958.pt"}, {"rfilename": "Huggy/Huggy-599966.onnx"}, {"rfilename": "Huggy/Huggy-599966.pt"}, {"rfilename": "Huggy/Huggy-799983.onnx"}, {"rfilename": "Huggy/Huggy-799983.pt"}, {"rfilename": "Huggy/Huggy-999978.onnx"}, {"rfilename": "Huggy/Huggy-999978.pt"}, {"rfilename": "Huggy/checkpoint.pt"}, {"rfilename": "Huggy/events.out.tfevents.1683868051.43d4c7f574b2.1362.0"}, {"rfilename": "README.md"}, {"rfilename": "config.json"}, {"rfilename": "configuration.yaml"}, {"rfilename": "run_logs/Player-0.log"}, {"rfilename": "run_logs/timers.json"}, {"rfilename": "run_logs/training_status.json"}], "spaces": [], "createdAt": "2023-05-12T05:53:05.000Z", "inferenceStatus": "not-loaded"}