{"_id": "665fd41a7a11bb02a7550c61", "id": "dabagyan/yo_nllb_lora_r2", "modelId": "dabagyan/yo_nllb_lora_r2", "author": "dabagyan", "sha": "3d1cd03177f12c1656f81ae692d65b8cab810eb9", "lastModified": "2024-06-05T03:17:19.000Z", "private": false, "disabled": false, "gated": false, "tags": ["pytorch", "region:us"], "downloads": 0, "likes": 0, "config": {"tokenizer_config": {"bos_token": "<s>", "cls_token": "<s>", "eos_token": "</s>", "mask_token": "<mask>", "pad_token": "<pad>", "sep_token": "</s>", "unk_token": "<unk>"}}, "siblings": [{"rfilename": ".gitattributes"}, {"rfilename": "pytorch_model.bin"}, {"rfilename": "sentencepiece.bpe.model"}, {"rfilename": "special_tokens_map.json"}, {"rfilename": "tokenizer.json"}, {"rfilename": "tokenizer_config.json"}, {"rfilename": "training_args.bin"}], "spaces": [], "createdAt": "2024-06-05T02:57:30.000Z", "inferenceStatus": "not-loaded"}