{"_id": "665b8890d94d2b10674e5c2d", "id": "dabagyan/yo_nllb_lr2e-05_b48", "modelId": "dabagyan/yo_nllb_lr2e-05_b48", "author": "dabagyan", "sha": "178ae3d0f7e3e8df1e74771087e684a9f525cb67", "lastModified": "2024-06-01T22:02:22.000Z", "private": false, "disabled": false, "gated": false, "pipeline_tag": "text2text-generation", "tags": ["transformers", "safetensors", "m2m_100", "text2text-generation", "autotrain_compatible", "endpoints_compatible", "region:us"], "downloads": 1, "library_name": "transformers", "likes": 0, "config": {"architectures": ["M2M100ForConditionalGeneration"], "model_type": "m2m_100", "tokenizer_config": {"bos_token": "<s>", "cls_token": "<s>", "eos_token": "</s>", "mask_token": "<mask>", "pad_token": "<pad>", "sep_token": "</s>", "unk_token": "<unk>"}}, "transformersInfo": {"auto_model": "AutoModelForSeq2SeqLM", "pipeline_tag": "text2text-generation", "processor": "AutoTokenizer"}, "siblings": [{"rfilename": ".gitattributes"}, {"rfilename": "config.json"}, {"rfilename": "model.safetensors"}, {"rfilename": "sentencepiece.bpe.model"}, {"rfilename": "special_tokens_map.json"}, {"rfilename": "tmp-checkpoint-1/config.json"}, {"rfilename": "tmp-checkpoint-1/generation_config.json"}, {"rfilename": "tmp-checkpoint-1/model.safetensors"}, {"rfilename": "tmp-checkpoint-1/optimizer.pt"}, {"rfilename": "tmp-checkpoint-1/rng_state.pth"}, {"rfilename": "tmp-checkpoint-1/scheduler.pt"}, {"rfilename": "tmp-checkpoint-1/sentencepiece.bpe.model"}, {"rfilename": "tmp-checkpoint-1/special_tokens_map.json"}, {"rfilename": "tmp-checkpoint-1/tokenizer.json"}, {"rfilename": "tmp-checkpoint-1/tokenizer_config.json"}, {"rfilename": "tmp-checkpoint-1/trainer_state.json"}, {"rfilename": "tmp-checkpoint-1/training_args.bin"}, {"rfilename": "tokenizer.json"}, {"rfilename": "tokenizer_config.json"}, {"rfilename": "training_args.bin"}], "spaces": [], "createdAt": "2024-06-01T20:46:08.000Z", "safetensors": {"parameters": {"F32": 615073792}, "total": 615073792}, "inferenceStatus": "not-loaded"}