{"_id": "6647ec4b8fa42b4fe72bd7a9", "id": "dabagyan/yoruba_dialects_joint_comet", "modelId": "dabagyan/yoruba_dialects_joint_comet", "author": "dabagyan", "sha": "5c4190deff487e157bc27354f4d5e7a1239e95c5", "lastModified": "2024-05-18T00:36:39.000Z", "private": false, "disabled": false, "gated": false, "pipeline_tag": "text2text-generation", "tags": ["transformers", "tensorboard", "safetensors", "m2m_100", "text2text-generation", "autotrain_compatible", "endpoints_compatible", "region:us"], "downloads": 1, "library_name": "transformers", "likes": 0, "config": {"architectures": ["M2M100ForConditionalGeneration"], "model_type": "m2m_100", "tokenizer_config": {"bos_token": "<s>", "cls_token": "<s>", "eos_token": "</s>", "mask_token": "<mask>", "pad_token": "<pad>", "sep_token": "</s>", "unk_token": "<unk>"}}, "transformersInfo": {"auto_model": "AutoModelForSeq2SeqLM", "pipeline_tag": "text2text-generation", "processor": "AutoTokenizer"}, "siblings": [{"rfilename": ".gitattributes"}, {"rfilename": "config.json"}, {"rfilename": "model.safetensors"}, {"rfilename": "runs/May17_16-42-51_moana.cs.washington.edu/events.out.tfevents.1715989372.moana.cs.washington.edu"}, {"rfilename": "runs/May17_16-47-40_moana.cs.washington.edu/events.out.tfevents.1715989661.moana.cs.washington.edu"}, {"rfilename": "runs/May17_17-01-29_moana.cs.washington.edu/events.out.tfevents.1715990490.moana.cs.washington.edu"}, {"rfilename": "runs/May17_17-07-38_moana.cs.washington.edu/events.out.tfevents.1715990859.moana.cs.washington.edu"}, {"rfilename": "runs/May17_17-08-57_moana.cs.washington.edu/events.out.tfevents.1715991028.moana.cs.washington.edu"}, {"rfilename": "sentencepiece.bpe.model"}, {"rfilename": "special_tokens_map.json"}, {"rfilename": "tokenizer.json"}, {"rfilename": "tokenizer_config.json"}, {"rfilename": "training_args.bin"}], "spaces": [], "createdAt": "2024-05-17T23:46:19.000Z", "safetensors": {"parameters": {"F32": 615073792}, "total": 615073792}, "inferenceStatus": "not-loaded"}