{"_id": "644cda7e0dc952d245955350", "id": "dababestie/Shilorastica", "modelId": "dababestie/Shilorastica", "author": "dababestie", "sha": "d092a179874e456e57da659126bbdfb0c8c97591", "lastModified": "2023-04-29T08:54:07.000Z", "private": false, "disabled": false, "gated": false, "tags": ["region:us"], "downloads": 0, "likes": 0, "siblings": [{"rfilename": ".gitattributes"}, {"rfilename": "Shilorastica.safetensors"}], "spaces": [], "createdAt": "2023-04-29T08:51:10.000Z", "inferenceStatus": "not-loaded"}