{"_id": "665b85340e92f92b0e90d72c", "id": "dabagyan/yo_nllb_lr2e-05_b16", "modelId": "dabagyan/yo_nllb_lr2e-05_b16", "author": "dabagyan", "sha": "4a4ce33458f378e2daa4594b7f07725255df7af8", "lastModified": "2024-06-01T21:25:30.000Z", "private": false, "disabled": false, "gated": false, "pipeline_tag": "text2text-generation", "tags": ["transformers", "safetensors", "m2m_100", "text2text-generation", "autotrain_compatible", "endpoints_compatible", "region:us"], "downloads": 1, "library_name": "transformers", "likes": 0, "config": {"architectures": ["M2M100ForConditionalGeneration"], "model_type": "m2m_100", "tokenizer_config": {"bos_token": "<s>", "cls_token": "<s>", "eos_token": "</s>", "mask_token": "<mask>", "pad_token": "<pad>", "sep_token": "</s>", "unk_token": "<unk>"}}, "transformersInfo": {"auto_model": "AutoModelForSeq2SeqLM", "pipeline_tag": "text2text-generation", "processor": "AutoTokenizer"}, "siblings": [{"rfilename": ".gitattributes"}, {"rfilename": "config.json"}, {"rfilename": "model.safetensors"}, {"rfilename": "sentencepiece.bpe.model"}, {"rfilename": "special_tokens_map.json"}, {"rfilename": "tokenizer.json"}, {"rfilename": "tokenizer_config.json"}, {"rfilename": "training_args.bin"}], "spaces": [], "createdAt": "2024-06-01T20:31:48.000Z", "safetensors": {"parameters": {"F32": 615073792}, "total": 615073792}, "inferenceStatus": "not-loaded"}