{"_id": "66480289670447760e8aa3a3", "id": "dabagyan/yoruba_dialects_with_menyo", "modelId": "dabagyan/yoruba_dialects_with_menyo", "author": "dabagyan", "sha": "d9d1a9d747c6c7851c245630314d9a7159cd67c5", "lastModified": "2024-05-18T22:39:04.000Z", "private": false, "disabled": false, "gated": false, "pipeline_tag": "text2text-generation", "tags": ["transformers", "tensorboard", "safetensors", "m2m_100", "text2text-generation", "autotrain_compatible", "endpoints_compatible", "region:us"], "downloads": 2, "library_name": "transformers", "likes": 0, "config": {"architectures": ["M2M100ForConditionalGeneration"], "model_type": "m2m_100", "tokenizer_config": {"bos_token": "<s>", "cls_token": "<s>", "eos_token": "</s>", "mask_token": "<mask>", "pad_token": "<pad>", "sep_token": "</s>", "unk_token": "<unk>"}}, "transformersInfo": {"auto_model": "AutoModelForSeq2SeqLM", "pipeline_tag": "text2text-generation", "processor": "AutoTokenizer"}, "siblings": [{"rfilename": ".gitattributes"}, {"rfilename": "config.json"}, {"rfilename": "model.safetensors"}, {"rfilename": "runs/May17_18-17-44_moana.cs.washington.edu/events.out.tfevents.1715995155.moana.cs.washington.edu"}, {"rfilename": "runs/May17_18-21-27_moana.cs.washington.edu/events.out.tfevents.1715995377.moana.cs.washington.edu"}, {"rfilename": "runs/May17_18-25-53_moana.cs.washington.edu/events.out.tfevents.1715995644.moana.cs.washington.edu"}, {"rfilename": "runs/May18_10-57-46_moana.cs.washington.edu/events.out.tfevents.1716055163.moana.cs.washington.edu"}, {"rfilename": "runs/May18_11-03-51_moana.cs.washington.edu/events.out.tfevents.1716055526.moana.cs.washington.edu"}, {"rfilename": "runs/May18_11-13-35_moana.cs.washington.edu/events.out.tfevents.1716056111.moana.cs.washington.edu"}, {"rfilename": "runs/May18_12-28-48_moana.cs.washington.edu/events.out.tfevents.1716060654.moana.cs.washington.edu"}, {"rfilename": "runs/May18_13-18-45_moana.cs.washington.edu/events.out.tfevents.1716063713.moana.cs.washington.edu"}, {"rfilename": "sentencepiece.bpe.model"}, {"rfilename": "special_tokens_map.json"}, {"rfilename": "tokenizer.json"}, {"rfilename": "tokenizer_config.json"}, {"rfilename": "training_args.bin"}], "spaces": [], "createdAt": "2024-05-18T01:21:13.000Z", "safetensors": {"parameters": {"F32": 615073792}, "total": 615073792}, "inferenceStatus": "not-loaded"}