{"_id": "6635944df7acbb051b4ad5c3", "id": "dabagyan/roberta-sarcasm-model", "modelId": "dabagyan/roberta-sarcasm-model", "author": "dabagyan", "sha": "bf1cc6a7eecd2bb0555c6e4ff8c1101f0b7fb333", "lastModified": "2024-05-04T18:31:19.000Z", "private": false, "disabled": false, "gated": false, "pipeline_tag": "text-classification", "tags": ["transformers", "safetensors", "roberta", "text-classification", "arxiv:1910.09700", "autotrain_compatible", "endpoints_compatible", "region:us"], "downloads": 3, "library_name": "transformers", "mask_token": "<mask>", "widgetData": [{"text": "I like you. I love you"}], "likes": 0, "model-index": null, "config": {"architectures": ["RobertaForSequenceClassification"], "model_type": "roberta"}, "cardData": {"library_name": "transformers", "tags": []}, "transformersInfo": {"auto_model": "AutoModelForSequenceClassification", "pipeline_tag": "text-classification", "processor": "AutoTokenizer"}, "siblings": [{"rfilename": ".gitattributes"}, {"rfilename": "README.md"}, {"rfilename": "config.json"}, {"rfilename": "model.safetensors"}], "spaces": [], "createdAt": "2024-05-04T01:50:05.000Z", "safetensors": {"parameters": {"F32": 124647170}, "total": 124647170}, "inferenceStatus": "not-loaded"}