{"_id": "65b9a58a9c4955ae7ae108a6", "id": "dababy6420/autotrain-tw00tb00t", "modelId": "dababy6420/autotrain-tw00tb00t", "author": "dababy6420", "sha": "23a0d78802aaddec5bfde09cfc7bf6b11944c63e", "lastModified": "2024-01-31T01:42:39.000Z", "private": false, "disabled": false, "gated": false, "pipeline_tag": "text-generation", "tags": ["tensorboard", "safetensors", "autotrain", "text-generation", "conversational", "license:other", "endpoints_compatible", "region:us"], "downloads": 0, "widgetData": [{"text": "I love AutoTrain because "}], "likes": 0, "model-index": null, "config": {"tokenizer_config": {"bos_token": "<s>", "chat_template": "{% if not add_generation_prompt is defined %}{% set add_generation_prompt = false %}{% endif %}{% for message in messages %}{{'<|im_start|>' + message['role'] + '\n' + message['content'] + '<|im_end|>' + '\n'}}{% endfor %}{% if add_generation_prompt %}{{ '<|im_start|>assistant\n' }}{% endif %}", "eos_token": "<|im_end|>", "pad_token": "</s>", "unk_token": "<unk>", "use_default_system_prompt": true}}, "cardData": {"tags": ["autotrain", "text-generation"], "widget": [{"text": "I love AutoTrain because "}], "license": "other"}, "siblings": [{"rfilename": ".gitattributes"}, {"rfilename": "README.md"}, {"rfilename": "adapter_config.json"}, {"rfilename": "adapter_model.safetensors"}, {"rfilename": "added_tokens.json"}, {"rfilename": "checkpoint-120/README.md"}, {"rfilename": "checkpoint-120/adapter_config.json"}, {"rfilename": "checkpoint-120/adapter_model.safetensors"}, {"rfilename": "checkpoint-120/added_tokens.json"}, {"rfilename": "checkpoint-120/optimizer.pt"}, {"rfilename": "checkpoint-120/pytorch_model.bin"}, {"rfilename": "checkpoint-120/rng_state.pth"}, {"rfilename": "checkpoint-120/scheduler.pt"}, {"rfilename": "checkpoint-120/special_tokens_map.json"}, {"rfilename": "checkpoint-120/tokenizer.json"}, {"rfilename": "checkpoint-120/tokenizer.model"}, {"rfilename": "checkpoint-120/tokenizer_config.json"}, {"rfilename": "checkpoint-120/trainer_state.json"}, {"rfilename": "checkpoint-120/training_args.bin"}, {"rfilename": "handler.py"}, {"rfilename": "requirements.txt"}, {"rfilename": "runs/Jan31_01-36-38_r-dababy6420-newnewnew112312-wdhvu8he-e11dc-8w4dk/events.out.tfevents.1706664999.r-dababy6420-newnewnew112312-wdhvu8he-e11dc-8w4dk.54.0"}, {"rfilename": "special_tokens_map.json"}, {"rfilename": "tokenizer.json"}, {"rfilename": "tokenizer.model"}, {"rfilename": "tokenizer_config.json"}, {"rfilename": "training_args.bin"}, {"rfilename": "training_params.json"}], "spaces": [], "createdAt": "2024-01-31T01:42:34.000Z", "inferenceStatus": "not-loaded"}