{"_id": "664ac26764454e8f1cb0a079", "id": "dabagyan/yoruba_dialects_loss", "modelId": "dabagyan/yoruba_dialects_loss", "author": "dabagyan", "sha": "ec4048217b8192fd0a6df2402fce4f81d1c66c08", "lastModified": "2024-05-20T04:28:11.000Z", "private": false, "disabled": false, "gated": false, "pipeline_tag": "text2text-generation", "tags": ["transformers", "tensorboard", "safetensors", "m2m_100", "text2text-generation", "autotrain_compatible", "endpoints_compatible", "region:us"], "downloads": 1, "library_name": "transformers", "likes": 0, "config": {"architectures": ["M2M100ForConditionalGeneration"], "model_type": "m2m_100", "tokenizer_config": {"bos_token": "<s>", "cls_token": "<s>", "eos_token": "</s>", "mask_token": "<mask>", "pad_token": "<pad>", "sep_token": "</s>", "unk_token": "<unk>"}}, "transformersInfo": {"auto_model": "AutoModelForSeq2SeqLM", "pipeline_tag": "text2text-generation", "processor": "AutoTokenizer"}, "siblings": [{"rfilename": ".gitattributes"}, {"rfilename": "config.json"}, {"rfilename": "model.safetensors"}, {"rfilename": "runs/May19_20-20-56_moana.cs.washington.edu/events.out.tfevents.1716175434.moana.cs.washington.edu"}, {"rfilename": "runs/May19_20-36-49_moana.cs.washington.edu/events.out.tfevents.1716176385.moana.cs.washington.edu"}, {"rfilename": "sentencepiece.bpe.model"}, {"rfilename": "special_tokens_map.json"}, {"rfilename": "tokenizer.json"}, {"rfilename": "tokenizer_config.json"}, {"rfilename": "training_args.bin"}], "spaces": [], "createdAt": "2024-05-20T03:24:23.000Z", "safetensors": {"parameters": {"F32": 615073792}, "total": 615073792}, "inferenceStatus": "not-loaded"}