{"_id": "665fd8c94058eea6b227b040", "id": "dabagyan/yo_nllb_lora_r4", "modelId": "dabagyan/yo_nllb_lora_r4", "author": "dabagyan", "sha": "3e784e245b44844e9b8d5fbd9518d63a27434856", "lastModified": "2024-06-05T03:29:47.000Z", "private": false, "disabled": false, "gated": false, "tags": ["pytorch", "region:us"], "downloads": 0, "likes": 0, "config": {"tokenizer_config": {"bos_token": "<s>", "cls_token": "<s>", "eos_token": "</s>", "mask_token": "<mask>", "pad_token": "<pad>", "sep_token": "</s>", "unk_token": "<unk>"}}, "siblings": [{"rfilename": ".gitattributes"}, {"rfilename": "pytorch_model.bin"}, {"rfilename": "sentencepiece.bpe.model"}, {"rfilename": "special_tokens_map.json"}, {"rfilename": "tokenizer.json"}, {"rfilename": "tokenizer_config.json"}, {"rfilename": "training_args.bin"}], "spaces": [], "createdAt": "2024-06-05T03:17:29.000Z", "inferenceStatus": "not-loaded"}