{"_id": "665fdbb6c42cab782fc58e8f", "id": "dabagyan/yo_nllb_lora_r8", "modelId": "dabagyan/yo_nllb_lora_r8", "author": "dabagyan", "sha": "a9c67d19ab54595db27e579b01c740e059556fed", "lastModified": "2024-06-05T03:42:35.000Z", "private": false, "disabled": false, "gated": false, "tags": ["pytorch", "region:us"], "downloads": 0, "likes": 0, "config": {"tokenizer_config": {"bos_token": "<s>", "cls_token": "<s>", "eos_token": "</s>", "mask_token": "<mask>", "pad_token": "<pad>", "sep_token": "</s>", "unk_token": "<unk>"}}, "siblings": [{"rfilename": ".gitattributes"}, {"rfilename": "pytorch_model.bin"}, {"rfilename": "sentencepiece.bpe.model"}, {"rfilename": "special_tokens_map.json"}, {"rfilename": "tokenizer.json"}, {"rfilename": "tokenizer_config.json"}, {"rfilename": "training_args.bin"}], "spaces": [], "createdAt": "2024-06-05T03:29:58.000Z", "inferenceStatus": "not-loaded"}