{"_id": "665f8a3bd66e21cbdc91bfb1", "id": "dabagyan/yo_nllb_lora", "modelId": "dabagyan/yo_nllb_lora", "author": "dabagyan", "sha": "8fb77810d8b9de2fd6eeb01247f7a00e8b38eea8", "lastModified": "2024-06-04T23:32:07.000Z", "private": false, "disabled": false, "gated": false, "tags": ["pytorch", "tensorboard", "region:us"], "downloads": 0, "likes": 0, "config": {"tokenizer_config": {"bos_token": "<s>", "cls_token": "<s>", "eos_token": "</s>", "mask_token": "<mask>", "pad_token": "<pad>", "sep_token": "</s>", "unk_token": "<unk>"}}, "siblings": [{"rfilename": ".gitattributes"}, {"rfilename": "pytorch_model.bin"}, {"rfilename": "runs/Jun04_15-09-42_moana.cs.washington.edu/events.out.tfevents.1717538986.moana.cs.washington.edu"}, {"rfilename": "runs/Jun04_15-17-35_moana.cs.washington.edu/events.out.tfevents.1717539458.moana.cs.washington.edu"}, {"rfilename": "runs/Jun04_15-20-37_moana.cs.washington.edu/events.out.tfevents.1717539640.moana.cs.washington.edu"}, {"rfilename": "sentencepiece.bpe.model"}, {"rfilename": "special_tokens_map.json"}, {"rfilename": "tokenizer.json"}, {"rfilename": "tokenizer_config.json"}, {"rfilename": "training_args.bin"}], "spaces": [], "createdAt": "2024-06-04T21:42:19.000Z", "inferenceStatus": "not-loaded"}