{"_id": "6448e6daab5abd92785c3b54", "id": "dababestie/Bestielyrna", "modelId": "dababestie/Bestielyrna", "author": "dababestie", "sha": "73b481069613c4543cbb21a06f5c9044056dd4d4", "lastModified": "2023-04-26T08:56:33.000Z", "private": false, "disabled": false, "gated": false, "tags": ["region:us"], "downloads": 0, "likes": 0, "siblings": [{"rfilename": ".gitattributes"}, {"rfilename": "Bestielyrna.safetensors"}], "spaces": [], "createdAt": "2023-04-26T08:54:50.000Z", "inferenceStatus": "not-loaded"}