{"_id": "642af8ce422abb901600bc11", "id": "Dabe/ppo-LunarLander-v2-2", "modelId": "Dabe/ppo-LunarLander-v2-2", "author": "Dabe", "sha": "fbaf67596ea36e319bc2c8a34d897b128ecc62f3", "lastModified": "2023-04-03T16:03:53.000Z", "private": false, "disabled": false, "gated": false, "pipeline_tag": "reinforcement-learning", "tags": ["stable-baselines3", "LunarLander-v2", "deep-reinforcement-learning", "reinforcement-learning", "model-index", "region:us"], "downloads": 1, "library_name": "stable-baselines3", "likes": 0, "model-index": [{"name": "PPO", "results": [{"task": {"type": "reinforcement-learning", "name": "reinforcement-learning"}, "dataset": {"name": "LunarLander-v2", "type": "LunarLander-v2"}, "metrics": [{"type": "mean_reward", "value": "248.73 +/- 18.61", "name": "mean_reward", "verified": false}]}]}], "config": {}, "cardData": {"library_name": "stable-baselines3", "tags": ["LunarLander-v2", "deep-reinforcement-learning", "reinforcement-learning", "stable-baselines3"], "model-index": [{"name": "PPO", "results": [{"task": {"type": "reinforcement-learning", "name": "reinforcement-learning"}, "dataset": {"name": "LunarLander-v2", "type": "LunarLander-v2"}, "metrics": [{"type": "mean_reward", "value": "248.73 +/- 18.61", "name": "mean_reward", "verified": false}]}]}]}, "siblings": [{"rfilename": ".gitattributes"}, {"rfilename": "README.md"}, {"rfilename": "config.json"}, {"rfilename": "ppo-LunarLander-v2-1000000.zip"}, {"rfilename": "ppo-LunarLander-v2-1000000/_stable_baselines3_version"}, {"rfilename": "ppo-LunarLander-v2-1000000/data"}, {"rfilename": "ppo-LunarLander-v2-1000000/policy.optimizer.pth"}, {"rfilename": "ppo-LunarLander-v2-1000000/policy.pth"}, {"rfilename": "ppo-LunarLander-v2-1000000/pytorch_variables.pth"}, {"rfilename": "ppo-LunarLander-v2-1000000/system_info.txt"}, {"rfilename": "replay.mp4"}, {"rfilename": "results.json"}], "spaces": [], "createdAt": "2023-04-03T16:03:26.000Z", "inferenceStatus": "not-loaded"}