{"_id": "63fd410f0ac35c2dfbaec382", "id": "Dabe/LunarLanderPPO", "modelId": "Dabe/LunarLanderPPO", "author": "Dabe", "sha": "dd71d6dc3eeb29e94993a1fcec25141a4ac97bb3", "lastModified": "2023-02-28T00:09:42.000Z", "private": false, "disabled": false, "gated": false, "pipeline_tag": "reinforcement-learning", "tags": ["stable-baselines3", "LunarLander-v2", "deep-reinforcement-learning", "reinforcement-learning", "model-index", "region:us"], "downloads": 0, "library_name": "stable-baselines3", "likes": 0, "model-index": [{"name": "PPO", "results": [{"task": {"type": "reinforcement-learning", "name": "reinforcement-learning"}, "dataset": {"name": "LunarLander-v2", "type": "LunarLander-v2"}, "metrics": [{"type": "mean_reward", "value": "-71.24 +/- 99.95", "name": "mean_reward", "verified": false}]}]}], "config": {}, "cardData": {"library_name": "stable-baselines3", "tags": ["LunarLander-v2", "deep-reinforcement-learning", "reinforcement-learning", "stable-baselines3"], "model-index": [{"name": "PPO", "results": [{"task": {"type": "reinforcement-learning", "name": "reinforcement-learning"}, "dataset": {"name": "LunarLander-v2", "type": "LunarLander-v2"}, "metrics": [{"type": "mean_reward", "value": "-71.24 +/- 99.95", "name": "mean_reward", "verified": false}]}]}]}, "siblings": [{"rfilename": ".gitattributes"}, {"rfilename": "Lunar_Lander.zip"}, {"rfilename": "Lunar_Lander/_stable_baselines3_version"}, {"rfilename": "Lunar_Lander/data"}, {"rfilename": "Lunar_Lander/policy.optimizer.pth"}, {"rfilename": "Lunar_Lander/policy.pth"}, {"rfilename": "Lunar_Lander/pytorch_variables.pth"}, {"rfilename": "Lunar_Lander/system_info.txt"}, {"rfilename": "README.md"}, {"rfilename": "config.json"}, {"rfilename": "replay.mp4"}, {"rfilename": "results.json"}], "spaces": [], "createdAt": "2023-02-27T23:47:27.000Z", "inferenceStatus": "not-loaded"}