{"_id": "642d657bf75f04997c00a5d7", "id": "Dabe/dqn-LunarLander-v2-2", "modelId": "Dabe/dqn-LunarLander-v2-2", "author": "Dabe", "sha": "49dcc2f8929b0e0d38233eb9a55b8c24d1be9b8c", "lastModified": "2023-04-05T12:15:53.000Z", "private": false, "disabled": false, "gated": false, "pipeline_tag": "reinforcement-learning", "tags": ["stable-baselines3", "LunarLander-v2", "deep-reinforcement-learning", "reinforcement-learning", "model-index", "region:us"], "downloads": 1, "library_name": "stable-baselines3", "likes": 0, "model-index": [{"name": "DQN", "results": [{"task": {"type": "reinforcement-learning", "name": "reinforcement-learning"}, "dataset": {"name": "LunarLander-v2", "type": "LunarLander-v2"}, "metrics": [{"type": "mean_reward", "value": "105.21 +/- 93.66", "name": "mean_reward", "verified": false}]}]}], "config": {}, "cardData": {"library_name": "stable-baselines3", "tags": ["LunarLander-v2", "deep-reinforcement-learning", "reinforcement-learning", "stable-baselines3"], "model-index": [{"name": "DQN", "results": [{"task": {"type": "reinforcement-learning", "name": "reinforcement-learning"}, "dataset": {"name": "LunarLander-v2", "type": "LunarLander-v2"}, "metrics": [{"type": "mean_reward", "value": "105.21 +/- 93.66", "name": "mean_reward", "verified": false}]}]}]}, "siblings": [{"rfilename": ".gitattributes"}, {"rfilename": "README.md"}, {"rfilename": "config.json"}, {"rfilename": "dqn-LunarLander-v2-seed42-2.zip"}, {"rfilename": "dqn-LunarLander-v2-seed42-2/_stable_baselines3_version"}, {"rfilename": "dqn-LunarLander-v2-seed42-2/data"}, {"rfilename": "dqn-LunarLander-v2-seed42-2/policy.optimizer.pth"}, {"rfilename": "dqn-LunarLander-v2-seed42-2/policy.pth"}, {"rfilename": "dqn-LunarLander-v2-seed42-2/pytorch_variables.pth"}, {"rfilename": "dqn-LunarLander-v2-seed42-2/system_info.txt"}, {"rfilename": "replay.mp4"}, {"rfilename": "results.json"}], "spaces": [], "createdAt": "2023-04-05T12:11:39.000Z", "inferenceStatus": "not-loaded"}