{"_id": "63fe31e649632f13d06b9384", "id": "Dabe/ppo-Huggy", "modelId": "Dabe/ppo-Huggy", "author": "Dabe", "sha": "9da150226e657b8f9fad65c6074fdccdd95d4494", "lastModified": "2023-02-28T16:55:09.000Z", "private": false, "disabled": false, "gated": false, "pipeline_tag": "reinforcement-learning", "tags": ["ml-agents", "tensorboard", "onnx", "unity-ml-agents", "deep-reinforcement-learning", "reinforcement-learning", "ML-Agents-Huggy", "region:us"], "downloads": 2, "library_name": "ml-agents", "likes": 0, "model-index": null, "config": {}, "cardData": {"tags": ["unity-ml-agents", "ml-agents", "deep-reinforcement-learning", "reinforcement-learning", "ML-Agents-Huggy"], "library_name": "ml-agents"}, "siblings": [{"rfilename": ".gitattributes"}, {"rfilename": "Huggy.onnx"}, {"rfilename": "Huggy/Huggy-1199966.onnx"}, {"rfilename": "Huggy/Huggy-1199966.pt"}, {"rfilename": "Huggy/Huggy-1399673.onnx"}, {"rfilename": "Huggy/Huggy-1399673.pt"}, {"rfilename": "Huggy/Huggy-1599957.onnx"}, {"rfilename": "Huggy/Huggy-1599957.pt"}, {"rfilename": "Huggy/Huggy-1799952.onnx"}, {"rfilename": "Huggy/Huggy-1799952.pt"}, {"rfilename": "Huggy/Huggy-199790.onnx"}, {"rfilename": "Huggy/Huggy-199790.pt"}, {"rfilename": "Huggy/Huggy-1999931.onnx"}, {"rfilename": "Huggy/Huggy-1999931.pt"}, {"rfilename": "Huggy/Huggy-2000681.onnx"}, {"rfilename": "Huggy/Huggy-2000681.pt"}, {"rfilename": "Huggy/Huggy-399980.onnx"}, {"rfilename": "Huggy/Huggy-399980.pt"}, {"rfilename": "Huggy/Huggy-599988.onnx"}, {"rfilename": "Huggy/Huggy-599988.pt"}, {"rfilename": "Huggy/Huggy-799928.onnx"}, {"rfilename": "Huggy/Huggy-799928.pt"}, {"rfilename": "Huggy/Huggy-999993.onnx"}, {"rfilename": "Huggy/Huggy-999993.pt"}, {"rfilename": "Huggy/checkpoint.pt"}, {"rfilename": "Huggy/events.out.tfevents.1677600838.f3f9ccf3f0d6.3384.0"}, {"rfilename": "README.md"}, {"rfilename": "config.json"}, {"rfilename": "configuration.yaml"}, {"rfilename": "run_logs/Player-0.log"}, {"rfilename": "run_logs/timers.json"}, {"rfilename": "run_logs/training_status.json"}], "spaces": [], "createdAt": "2023-02-28T16:55:02.000Z", "inferenceStatus": "not-loaded"}