{"_id": "65b16230f5d7620899e4afcf", "id": "dabelitecapusle/Dabelitecapsule", "modelId": "dabelitecapusle/Dabelitecapsule", "author": "dabelitecapusle", "sha": "ac3b0d2c7a9a865f12cd7b30ea00883a10ff567d", "lastModified": "2024-01-24T19:18:13.000Z", "private": false, "disabled": false, "gated": false, "tags": ["region:us"], "downloads": 0, "likes": 0, "siblings": [{"rfilename": ".gitattributes"}, {"rfilename": "README.md"}], "spaces": [], "createdAt": "2024-01-24T19:17:04.000Z", "inferenceStatus": "not-loaded"}