{"_id": "642d56539c58e9c723d6f70e", "id": "Dabe/dqn-LunarLander-v2-1", "modelId": "Dabe/dqn-LunarLander-v2-1", "author": "Dabe", "sha": "921c6c770b1f380c5214fd0b53b702d7921469a1", "lastModified": "2023-04-05T11:07:43.000Z", "private": false, "disabled": false, "gated": false, "pipeline_tag": "reinforcement-learning", "tags": ["stable-baselines3", "LunarLander-v2", "deep-reinforcement-learning", "reinforcement-learning", "model-index", "region:us"], "downloads": 1, "library_name": "stable-baselines3", "likes": 0, "model-index": [{"name": "DQN", "results": [{"task": {"type": "reinforcement-learning", "name": "reinforcement-learning"}, "dataset": {"name": "LunarLander-v2", "type": "LunarLander-v2"}, "metrics": [{"type": "mean_reward", "value": "75.22 +/- 112.40", "name": "mean_reward", "verified": false}]}]}], "config": {}, "cardData": {"library_name": "stable-baselines3", "tags": ["LunarLander-v2", "deep-reinforcement-learning", "reinforcement-learning", "stable-baselines3"], "model-index": [{"name": "DQN", "results": [{"task": {"type": "reinforcement-learning", "name": "reinforcement-learning"}, "dataset": {"name": "LunarLander-v2", "type": "LunarLander-v2"}, "metrics": [{"type": "mean_reward", "value": "75.22 +/- 112.40", "name": "mean_reward", "verified": false}]}]}]}, "siblings": [{"rfilename": ".gitattributes"}, {"rfilename": "README.md"}, {"rfilename": "config.json"}, {"rfilename": "ppo-LunarLander-v2-1000000.zip"}, {"rfilename": "ppo-LunarLander-v2-1000000/_stable_baselines3_version"}, {"rfilename": "ppo-LunarLander-v2-1000000/data"}, {"rfilename": "ppo-LunarLander-v2-1000000/policy.optimizer.pth"}, {"rfilename": "ppo-LunarLander-v2-1000000/policy.pth"}, {"rfilename": "ppo-LunarLander-v2-1000000/pytorch_variables.pth"}, {"rfilename": "ppo-LunarLander-v2-1000000/system_info.txt"}, {"rfilename": "replay.mp4"}, {"rfilename": "results.json"}], "spaces": [], "createdAt": "2023-04-05T11:06:59.000Z", "inferenceStatus": "not-loaded"}