{"_id": "65eb24922dcb1707394d6a28", "id": "dabitbol/bge-m3-sparse-elastic", "modelId": "dabitbol/bge-m3-sparse-elastic", "author": "dabitbol", "sha": "81fee2222e333d5532a7ffa7b58b887949f3380a", "lastModified": "2024-03-08T15:17:00.000Z", "private": false, "disabled": false, "gated": false, "pipeline_tag": "sentence-similarity", "tags": ["sentence-transformers", "pytorch", "safetensors", "xlm-roberta", "feature-extraction", "sentence-similarity", "arxiv:2402.03216", "arxiv:2004.04906", "arxiv:2106.14807", "arxiv:2107.05720", "arxiv:2004.12832", "license:mit", "autotrain_compatible", "text-embeddings-inference", "endpoints_compatible", "region:us"], "downloads": 23, "library_name": "sentence-transformers", "mask_token": "<mask>", "widgetData": [{"source_sentence": "That is a happy person", "sentences": ["That is a happy dog", "That is a very happy person", "Today is a sunny day"]}], "likes": 0, "model-index": null, "config": {"architectures": ["XLMRobertaModel"], "model_type": "xlm-roberta", "tokenizer_config": {"bos_token": "<s>", "cls_token": "<s>", "eos_token": "</s>", "mask_token": {"__type": "AddedToken", "content": "<mask>", "lstrip": true, "normalized": true, "rstrip": false, "single_word": false}, "pad_token": "<pad>", "sep_token": "</s>", "unk_token": "<unk>"}}, "cardData": {"pipeline_tag": "sentence-similarity", "tags": ["sentence-transformers", "feature-extraction", "sentence-similarity"], "license": "mit"}, "siblings": [{"rfilename": ".gitattributes"}, {"rfilename": "1_Pooling/config.json"}, {"rfilename": "README.md"}, {"rfilename": "colbert_linear.pt"}, {"rfilename": "config.json"}, {"rfilename": "config_sentence_transformers.json"}, {"rfilename": "handler.py"}, {"rfilename": "imgs/.DS_Store"}, {"rfilename": "imgs/bm25.jpg"}, {"rfilename": "imgs/long.jpg"}, {"rfilename": "imgs/miracl.jpg"}, {"rfilename": "imgs/mkqa.jpg"}, {"rfilename": "imgs/nqa.jpg"}, {"rfilename": "imgs/others.webp"}, {"rfilename": "long.jpg"}, {"rfilename": "model.safetensors"}, {"rfilename": "modules.json"}, {"rfilename": "pytorch_model.bin"}, {"rfilename": "requirements.txt"}, {"rfilename": "sentence_bert_config.json"}, {"rfilename": "sentencepiece.bpe.model"}, {"rfilename": "sparse_linear.pt"}, {"rfilename": "special_tokens_map.json"}, {"rfilename": "tokenizer_config.json"}], "spaces": [], "createdAt": "2024-03-08T14:45:38.000Z", "safetensors": {"parameters": {"F32": 567754752}, "total": 567754752}, "inferenceStatus": "not-loaded"}