{"_id": "63f6f784e978ea6ad26b16de", "id": "Dabid/abusive-tagalog-profanity-detection", "modelId": "Dabid/abusive-tagalog-profanity-detection", "author": "Dabid", "sha": "1a58228797ba086f7f184e6d103b731c491a98b1", "lastModified": "2023-02-23T05:58:13.000Z", "private": false, "disabled": false, "gated": false, "pipeline_tag": "text-classification", "tags": ["transformers", "pytorch", "tensorboard", "bert", "text-classification", "generated_from_trainer", "license:gpl-3.0", "autotrain_compatible", "endpoints_compatible", "region:us"], "downloads": 25, "library_name": "transformers", "mask_token": "[MASK]", "widgetData": [{"text": "I like you. I love you"}], "likes": 2, "model-index": [{"name": "test2", "results": []}], "config": {"architectures": ["BertForSequenceClassification"], "model_type": "bert", "tokenizer_config": {"cls_token": "[CLS]", "mask_token": "[MASK]", "pad_token": "[PAD]", "sep_token": "[SEP]", "unk_token": "[UNK]"}}, "cardData": {"license": "gpl-3.0", "tags": ["generated_from_trainer"], "metrics": ["accuracy", "precision", "recall", "f1"], "model-index": [{"name": "test2", "results": []}], "pipeline_tag": "text-classification"}, "transformersInfo": {"auto_model": "AutoModelForSequenceClassification", "pipeline_tag": "text-classification", "processor": "AutoTokenizer"}, "siblings": [{"rfilename": ".gitattributes"}, {"rfilename": ".gitignore"}, {"rfilename": "README.md"}, {"rfilename": "config.json"}, {"rfilename": "pytorch_model.bin"}, {"rfilename": "runs/Feb23_05-19-56_cf90fc974401/1677129612.031721/events.out.tfevents.1677129612.cf90fc974401.394.5"}, {"rfilename": "runs/Feb23_05-19-56_cf90fc974401/events.out.tfevents.1677129612.cf90fc974401.394.4"}, {"rfilename": "special_tokens_map.json"}, {"rfilename": "tokenizer.json"}, {"rfilename": "tokenizer_config.json"}, {"rfilename": "training_args.bin"}, {"rfilename": "vocab.txt"}], "spaces": ["mginoben/tagalog-profanity-classification", "srini047/saliency-profanity-detection"], "createdAt": "2023-02-23T05:20:04.000Z", "inferenceStatus": "not-loaded"}