{"_id": "6640fc741a964314275035a9", "id": "Dabococo/OWAI_01", "modelId": "Dabococo/OWAI_01", "author": "Dabococo", "sha": "4507f7d1061c7a2f76698f964901a84a29cbac95", "lastModified": "2024-05-12T20:15:38.000Z", "private": false, "disabled": false, "gated": false, "tags": ["gguf", "license:apache-2.0", "region:us"], "downloads": 334, "likes": 0, "model-index": null, "cardData": {"license": "apache-2.0"}, "siblings": [{"rfilename": ".gitattributes"}, {"rfilename": "OWAI-model-0_1.F16.gguf"}, {"rfilename": "OWAI-model-0_1.Q4_K_M.gguf"}, {"rfilename": "README.md"}, {"rfilename": "model-unsloth.F16.gguf"}, {"rfilename": "model-unsloth.Q4_K_M.gguf"}], "spaces": [], "createdAt": "2024-05-12T17:29:24.000Z", "inferenceStatus": "not-loaded"}