{"_id": "66377ffe42fbbd291b1e7331", "id": "Dabococo/Minecraft_Flans_Mod", "modelId": "Dabococo/Minecraft_Flans_Mod", "author": "Dabococo", "sha": "05f2c880b0cc35cbf4440f9c4fdca674c3ea3490", "lastModified": "2024-05-08T20:51:43.000Z", "private": false, "disabled": false, "gated": false, "tags": ["gguf", "fr", "dataset:Dabococo/Flans_Mod_Dataset_For_WW2_server", "arxiv:1910.09700", "license:apache-2.0", "region:us"], "downloads": 53, "likes": 0, "model-index": null, "cardData": {"license": "apache-2.0", "datasets": ["Dabococo/Flans_Mod_Dataset_For_WW2_server"], "language": ["fr"]}, "siblings": [{"rfilename": ".gitattributes"}, {"rfilename": "FullPrecision_WW2-Server_Model.F16.gguf"}, {"rfilename": "README.md"}, {"rfilename": "WW2-Server_Model.Q4_K_M.gguf"}], "spaces": [], "createdAt": "2024-05-05T12:47:58.000Z", "inferenceStatus": "not-loaded"}