{"_id": "666b7b9e62be0c4af52abf1d", "id": "Dabococo/OWAI_04", "modelId": "Dabococo/OWAI_04", "author": "Dabococo", "sha": "ddec0b88070f943cb3762cbffd6442c07cfa4b8b", "lastModified": "2024-06-13T23:20:51.000Z", "private": false, "disabled": false, "gated": false, "tags": ["gguf", "license:mit", "region:us"], "downloads": 51, "likes": 0, "model-index": null, "cardData": {"license": "mit"}, "siblings": [{"rfilename": ".gitattributes"}, {"rfilename": "README.md"}, {"rfilename": "model-unsloth.F16.gguf"}, {"rfilename": "model-unsloth.Q4_K_M.gguf"}], "spaces": [], "createdAt": "2024-06-13T23:07:10.000Z", "inferenceStatus": "not-loaded"}