{"_id": "6676da324b9f3c19e8d67ec6", "id": "Dabococo/OWAI_042csv", "modelId": "Dabococo/OWAI_042csv", "author": "Dabococo", "sha": "2951545e02b5577adf0e11574a9db7e9fb94d738", "lastModified": "2024-06-23T19:00:08.000Z", "private": false, "disabled": false, "gated": false, "tags": ["gguf", "fr", "en", "dataset:Dabococo/OWAI_042", "license:mit", "region:us"], "downloads": 1675, "likes": 0, "model-index": null, "cardData": {"license": "mit", "datasets": ["Dabococo/OWAI_042"], "language": ["fr", "en"]}, "siblings": [{"rfilename": ".gitattributes"}, {"rfilename": "README.md"}, {"rfilename": "unsloth.F16.gguf"}, {"rfilename": "unsloth.Q4_K_M.gguf"}], "spaces": [], "createdAt": "2024-06-22T14:05:38.000Z", "inferenceStatus": "not-loaded"}