{"_id": "640004deea1782e758d09c86", "id": "daburan/findpatient", "modelId": "daburan/findpatient", "author": "daburan", "sha": "9cdabc1d25f95aa6067660542c20637734f4af36", "lastModified": "2023-03-02T02:07:26.000Z", "private": false, "disabled": false, "gated": false, "tags": ["license:openrail", "region:us"], "downloads": 0, "likes": 0, "model-index": null, "cardData": {"license": "openrail"}, "siblings": [{"rfilename": ".gitattributes"}, {"rfilename": "README.md"}], "spaces": [], "createdAt": "2023-03-02T02:07:26.000Z", "inferenceStatus": "not-loaded"}