{"_id": "64c00015fd4b08daadb4b6d4", "id": "dacayant/videomae-base-finetuned-unbc-restricted-e10-batch-4-lr-5e-4", "modelId": "dacayant/videomae-base-finetuned-unbc-restricted-e10-batch-4-lr-5e-4", "author": "dacayant", "sha": "2a357ee04e18cd7573a933cd2c4d134bdc834c81", "lastModified": "2023-07-25T17:02:13.000Z", "private": false, "disabled": false, "gated": false, "tags": ["region:us"], "downloads": 0, "likes": 0, "siblings": [{"rfilename": ".gitattributes"}], "spaces": [], "createdAt": "2023-07-25T17:02:13.000Z", "inferenceStatus": "not-loaded"}