{"_id": "64ac594e5a4a601569039aa5", "id": "dacayant/videomae-base-finetuned-ucf101-subset", "modelId": "dacayant/videomae-base-finetuned-ucf101-subset", "author": "dacayant", "sha": "a847127c1ec9d0673002689d3f0158b3e6a7c7fc", "lastModified": "2023-07-10T19:17:34.000Z", "private": false, "disabled": false, "gated": false, "tags": ["region:us"], "downloads": 0, "likes": 0, "siblings": [{"rfilename": ".gitattributes"}], "spaces": [], "createdAt": "2023-07-10T19:17:34.000Z", "inferenceStatus": "not-loaded"}