{"_id": "64c003977bdeeb22f385c543", "id": "dacayant/videomae-base-finetuned-unbc-restricted-e10-batch-4-lr-1e-4", "modelId": "dacayant/videomae-base-finetuned-unbc-restricted-e10-batch-4-lr-1e-4", "author": "dacayant", "sha": "86bab0918ec0d8fa17a393855e621fc295a72efe", "lastModified": "2023-07-25T17:17:11.000Z", "private": false, "disabled": false, "gated": false, "tags": ["region:us"], "downloads": 0, "likes": 0, "siblings": [{"rfilename": ".gitattributes"}], "spaces": [], "createdAt": "2023-07-25T17:17:11.000Z", "inferenceStatus": "not-loaded"}