{"_id": "668e466441fd2d124b9db6cb", "id": "daccuong2002/PhoBert-SingleLabel-KMeans", "modelId": "daccuong2002/PhoBert-SingleLabel-KMeans", "author": "daccuong2002", "sha": "3ef705e8fe1d7955a5946e58d449ac363d46b173", "lastModified": "2024-07-10T13:23:16.000Z", "private": false, "disabled": false, "gated": false, "pipeline_tag": "text-classification", "tags": ["transformers", "tensorboard", "safetensors", "bert", "text-classification", "autotrain", "base_model:google-bert/bert-base-uncased", "autotrain_compatible", "endpoints_compatible", "region:us"], "downloads": 1, "library_name": "transformers", "mask_token": "[MASK]", "widgetData": [{"text": "I love AutoTrain"}], "likes": 0, "model-index": null, "config": {"architectures": ["BertForSequenceClassification"], "model_type": "bert", "tokenizer_config": {"cls_token": "[CLS]", "mask_token": "[MASK]", "pad_token": "[PAD]", "sep_token": "[SEP]", "unk_token": "[UNK]"}}, "cardData": {"tags": ["autotrain", "text-classification"], "base_model": "google-bert/bert-base-uncased", "widget": [{"text": "I love AutoTrain"}]}, "transformersInfo": {"auto_model": "AutoModelForSequenceClassification", "pipeline_tag": "text-classification", "processor": "AutoTokenizer"}, "siblings": [{"rfilename": ".gitattributes"}, {"rfilename": "README.md"}, {"rfilename": "checkpoint-2014/config.json"}, {"rfilename": "checkpoint-2014/model.safetensors"}, {"rfilename": "checkpoint-2014/optimizer.pt"}, {"rfilename": "checkpoint-2014/rng_state.pth"}, {"rfilename": "checkpoint-2014/scheduler.pt"}, {"rfilename": "checkpoint-2014/trainer_state.json"}, {"rfilename": "checkpoint-2014/training_args.bin"}, {"rfilename": "config.json"}, {"rfilename": "model.safetensors"}, {"rfilename": "runs/Jul10_08-29-24_r-daccuong2002-runmay4-nn91nvsr-1415b-z0cbz/events.out.tfevents.1720600165.r-daccuong2002-runmay4-nn91nvsr-1415b-z0cbz.100.0"}, {"rfilename": "runs/Jul10_08-29-24_r-daccuong2002-runmay4-nn91nvsr-1415b-z0cbz/events.out.tfevents.1720617781.r-daccuong2002-runmay4-nn91nvsr-1415b-z0cbz.100.1"}, {"rfilename": "special_tokens_map.json"}, {"rfilename": "tokenizer.json"}, {"rfilename": "tokenizer_config.json"}, {"rfilename": "training_args.bin"}, {"rfilename": "training_params.json"}, {"rfilename": "vocab.txt"}], "spaces": [], "createdAt": "2024-07-10T08:29:24.000Z", "safetensors": {"parameters": {"F32": 109486854}, "total": 109486854}, "inferenceStatus": "not-loaded"}