{"_id": "668e4612e7cc32ad4dd02ab7", "id": "daccuong2002/PhoBert-MultiLabel-KMeans", "modelId": "daccuong2002/PhoBert-MultiLabel-KMeans", "author": "daccuong2002", "sha": "b8775328654767a6dec621592ecdb51915adc5eb", "lastModified": "2024-07-10T14:20:11.000Z", "private": false, "disabled": false, "gated": false, "pipeline_tag": "text-classification", "tags": ["transformers", "tensorboard", "safetensors", "roberta", "text-classification", "autotrain", "base_model:vinai/phobert-base-v2", "autotrain_compatible", "endpoints_compatible", "region:us"], "downloads": 2, "library_name": "transformers", "mask_token": "<mask>", "widgetData": [{"text": "I love AutoTrain"}], "likes": 0, "model-index": null, "config": {"architectures": ["RobertaForSequenceClassification"], "model_type": "roberta", "tokenizer_config": {"bos_token": "<s>", "cls_token": "<s>", "eos_token": "</s>", "mask_token": "<mask>", "pad_token": "<pad>", "sep_token": "</s>", "unk_token": "<unk>"}}, "cardData": {"tags": ["autotrain", "text-classification"], "base_model": "vinai/phobert-base-v2", "widget": [{"text": "I love AutoTrain"}]}, "transformersInfo": {"auto_model": "AutoModelForSequenceClassification", "pipeline_tag": "text-classification", "processor": "AutoTokenizer"}, "siblings": [{"rfilename": ".gitattributes"}, {"rfilename": "README.md"}, {"rfilename": "added_tokens.json"}, {"rfilename": "bpe.codes"}, {"rfilename": "checkpoint-3450/config.json"}, {"rfilename": "checkpoint-3450/model.safetensors"}, {"rfilename": "checkpoint-3450/optimizer.pt"}, {"rfilename": "checkpoint-3450/rng_state.pth"}, {"rfilename": "checkpoint-3450/scheduler.pt"}, {"rfilename": "checkpoint-3450/trainer_state.json"}, {"rfilename": "checkpoint-3450/training_args.bin"}, {"rfilename": "config.json"}, {"rfilename": "model.safetensors"}, {"rfilename": "runs/Jul10_08-28-03_r-daccuong2002-runmay3-3v5qyu8b-694cd-9iegf/events.out.tfevents.1720600083.r-daccuong2002-runmay3-3v5qyu8b-694cd-9iegf.98.0"}, {"rfilename": "runs/Jul10_08-28-03_r-daccuong2002-runmay3-3v5qyu8b-694cd-9iegf/events.out.tfevents.1720621192.r-daccuong2002-runmay3-3v5qyu8b-694cd-9iegf.98.1"}, {"rfilename": "special_tokens_map.json"}, {"rfilename": "tokenizer_config.json"}, {"rfilename": "training_args.bin"}, {"rfilename": "training_params.json"}, {"rfilename": "vocab.txt"}], "spaces": [], "createdAt": "2024-07-10T08:28:02.000Z", "safetensors": {"parameters": {"F32": 135002886}, "total": 135002886}, "inferenceStatus": "not-loaded"}