{"_id": "668e45bf61b6eff5a8ba3e38", "id": "daccuong2002/PhoBert-SingleLabel", "modelId": "daccuong2002/PhoBert-SingleLabel", "author": "daccuong2002", "sha": "49ff9191b4b53f666fddabf61ab9de29682ac4cb", "lastModified": "2024-07-10T19:30:37.000Z", "private": false, "disabled": false, "gated": false, "pipeline_tag": "text-classification", "tags": ["transformers", "tensorboard", "safetensors", "roberta", "text-classification", "autotrain", "base_model:vinai/phobert-base-v2", "autotrain_compatible", "endpoints_compatible", "region:us"], "downloads": 0, "library_name": "transformers", "mask_token": "<mask>", "widgetData": [{"text": "I love AutoTrain"}], "likes": 0, "model-index": null, "config": {"architectures": ["RobertaForSequenceClassification"], "model_type": "roberta", "tokenizer_config": {"bos_token": "<s>", "cls_token": "<s>", "eos_token": "</s>", "mask_token": "<mask>", "pad_token": "<pad>", "sep_token": "</s>", "unk_token": "<unk>"}}, "cardData": {"tags": ["autotrain", "text-classification"], "base_model": "vinai/phobert-base-v2", "widget": [{"text": "I love AutoTrain"}]}, "transformersInfo": {"auto_model": "AutoModelForSequenceClassification", "pipeline_tag": "text-classification", "processor": "AutoTokenizer"}, "siblings": [{"rfilename": ".gitattributes"}, {"rfilename": "README.md"}, {"rfilename": "added_tokens.json"}, {"rfilename": "bpe.codes"}, {"rfilename": "checkpoint-2353/config.json"}, {"rfilename": "checkpoint-2353/model.safetensors"}, {"rfilename": "checkpoint-2353/optimizer.pt"}, {"rfilename": "checkpoint-2353/rng_state.pth"}, {"rfilename": "checkpoint-2353/scheduler.pt"}, {"rfilename": "checkpoint-2353/trainer_state.json"}, {"rfilename": "checkpoint-2353/training_args.bin"}, {"rfilename": "config.json"}, {"rfilename": "model.safetensors"}, {"rfilename": "runs/Jul10_08-26-39_r-daccuong2002-runmay2-0s8cnzsl-83f73-jyzgi/events.out.tfevents.1720599999.r-daccuong2002-runmay2-0s8cnzsl-83f73-jyzgi.98.0"}, {"rfilename": "runs/Jul10_08-26-39_r-daccuong2002-runmay2-0s8cnzsl-83f73-jyzgi/events.out.tfevents.1720639817.r-daccuong2002-runmay2-0s8cnzsl-83f73-jyzgi.98.1"}, {"rfilename": "special_tokens_map.json"}, {"rfilename": "tokenizer_config.json"}, {"rfilename": "training_args.bin"}, {"rfilename": "training_params.json"}, {"rfilename": "vocab.txt"}], "spaces": [], "createdAt": "2024-07-10T08:26:39.000Z", "safetensors": {"parameters": {"F32": 135002886}, "total": 135002886}, "inferenceStatus": "not-loaded"}