{"_id": "651d7f2d48ba5e3ca3ccddff", "id": "dacorvo/mnist-mlp", "modelId": "dacorvo/mnist-mlp", "author": "dacorvo", "sha": "e8adde1dd34f71857c4f73734f2a8953057cb0e5", "lastModified": "2023-10-04T15:05:18.000Z", "private": false, "disabled": false, "gated": false, "pipeline_tag": "image-classification", "tags": ["transformers", "pytorch", "mlp", "feature-extraction", "pretrained", "image-classification", "custom_code", "license:apache-2.0", "region:us"], "downloads": 500, "library_name": "transformers", "likes": 0, "model-index": null, "config": {"architectures": ["MLP"], "auto_map": {"AutoConfig": "configuration_mlp.MLPConfig", "AutoModel": "modeling_mlp.MLP"}, "model_type": "mlp"}, "cardData": {"license": "apache-2.0", "pipeline_tag": "image-classification", "tags": ["pretrained"]}, "transformersInfo": {"auto_model": "AutoModel", "custom_class": "modeling_mlp.MLP", "pipeline_tag": "feature-extraction"}, "siblings": [{"rfilename": ".gitattributes"}, {"rfilename": "README.md"}, {"rfilename": "config.json"}, {"rfilename": "configuration_mlp.py"}, {"rfilename": "modeling_mlp.py"}, {"rfilename": "pytorch_model.bin"}], "spaces": [], "createdAt": "2023-10-04T15:05:17.000Z", "inferenceStatus": "not-loaded"}