{"_id": "64a448cd33ded98516c24a40", "id": "dacoolkid44/Anime-RVC", "modelId": "dacoolkid44/Anime-RVC", "author": "dacoolkid44", "sha": "a760f5b326351a7118f677f919e813c710bae031", "lastModified": "2024-01-07T02:34:38.000Z", "private": false, "disabled": false, "gated": false, "tags": ["license:openrail", "region:us"], "downloads": 0, "likes": 2, "model-index": null, "cardData": {"license": "openrail"}, "siblings": [{"rfilename": ".gitattributes"}, {"rfilename": "Akane Higuchi (Sentimental Death Loop).zip"}, {"rfilename": "Bailu_EN_and_JP.zip"}, {"rfilename": "Don Quixote (Limbus Company)/added_IVF1268_Flat_nprobe_1_donquixotev3_v2.index"}, {"rfilename": "Don Quixote (Limbus Company)/donquixotev3_e900_s17100.pth"}, {"rfilename": "Herta_EN_and_JP.zip"}, {"rfilename": "Lovelia (Trouble Days)/added_IVF412_Flat_nprobe_1_erochan_v2.index"}, {"rfilename": "Lovelia (Trouble Days)/erochan_e220_s20020.pth"}, {"rfilename": "Nemu Tsukishiro (Sentimental Death Loop).zip"}, {"rfilename": "Noa Asahi (Sentimental Death Loop).zip"}, {"rfilename": "README.md"}], "spaces": [], "createdAt": "2023-07-04T16:29:01.000Z", "inferenceStatus": "not-loaded"}