{"_id": "652094edfb5b5f51e6c5726f", "id": "DaColdest/ppo-Huggy", "modelId": "DaColdest/ppo-Huggy", "author": "DaColdest", "sha": "014cf6f2d1dd9aa8ed06e9fb3caebbb535242ab0", "lastModified": "2023-10-06T23:14:57.000Z", "private": false, "disabled": false, "gated": false, "pipeline_tag": "reinforcement-learning", "tags": ["ml-agents", "tensorboard", "onnx", "Huggy", "deep-reinforcement-learning", "reinforcement-learning", "ML-Agents-Huggy", "region:us"], "downloads": 95, "library_name": "ml-agents", "likes": 0, "model-index": null, "config": {}, "cardData": {"library_name": "ml-agents", "tags": ["Huggy", "deep-reinforcement-learning", "reinforcement-learning", "ML-Agents-Huggy"]}, "siblings": [{"rfilename": ".gitattributes"}, {"rfilename": "Huggy.onnx"}, {"rfilename": "Huggy/Huggy-1199955.onnx"}, {"rfilename": "Huggy/Huggy-1199955.pt"}, {"rfilename": "Huggy/Huggy-1399934.onnx"}, {"rfilename": "Huggy/Huggy-1399934.pt"}, {"rfilename": "Huggy/Huggy-1599992.onnx"}, {"rfilename": "Huggy/Huggy-1599992.pt"}, {"rfilename": "Huggy/Huggy-1799968.onnx"}, {"rfilename": "Huggy/Huggy-1799968.pt"}, {"rfilename": "Huggy/Huggy-1999442.onnx"}, {"rfilename": "Huggy/Huggy-1999442.pt"}, {"rfilename": "Huggy/Huggy-199946.onnx"}, {"rfilename": "Huggy/Huggy-199946.pt"}, {"rfilename": "Huggy/Huggy-2000192.onnx"}, {"rfilename": "Huggy/Huggy-2000192.pt"}, {"rfilename": "Huggy/Huggy-399931.onnx"}, {"rfilename": "Huggy/Huggy-399931.pt"}, {"rfilename": "Huggy/Huggy-599895.onnx"}, {"rfilename": "Huggy/Huggy-599895.pt"}, {"rfilename": "Huggy/Huggy-799977.onnx"}, {"rfilename": "Huggy/Huggy-799977.pt"}, {"rfilename": "Huggy/Huggy-999956.onnx"}, {"rfilename": "Huggy/Huggy-999956.pt"}, {"rfilename": "Huggy/checkpoint.pt"}, {"rfilename": "Huggy/events.out.tfevents.1696630661.cdc7f126cca9.1361.0"}, {"rfilename": "README.md"}, {"rfilename": "config.json"}, {"rfilename": "configuration.yaml"}, {"rfilename": "run_logs/Player-0.log"}, {"rfilename": "run_logs/timers.json"}, {"rfilename": "run_logs/training_status.json"}], "spaces": [], "createdAt": "2023-10-06T23:14:53.000Z", "inferenceStatus": "not-loaded"}