{"_id": "651da4f98ee74a460c10fdb3", "id": "DaColdest/ppo-lunarlander-v2", "modelId": "DaColdest/ppo-lunarlander-v2", "author": "DaColdest", "sha": "8dbf26783db85d9a38a4524404c3f1f50f7db2fe", "lastModified": "2023-11-28T16:40:31.000Z", "private": false, "disabled": false, "gated": false, "pipeline_tag": "reinforcement-learning", "tags": ["stable-baselines3", "tensorboard", "LunarLander-v2", "deep-reinforcement-learning", "reinforcement-learning", "model-index", "region:us"], "downloads": 2, "library_name": "stable-baselines3", "likes": 0, "model-index": [{"name": "PPO", "results": [{"task": {"type": "reinforcement-learning", "name": "reinforcement-learning"}, "dataset": {"name": "LunarLander-v2", "type": "LunarLander-v2"}, "metrics": [{"type": "mean_reward", "value": "254.22 +/- 24.08", "name": "mean_reward", "verified": false}]}]}], "config": {}, "cardData": {"library_name": "stable-baselines3", "tags": ["LunarLander-v2", "deep-reinforcement-learning", "reinforcement-learning", "stable-baselines3"], "model-index": [{"name": "PPO", "results": [{"task": {"type": "reinforcement-learning", "name": "reinforcement-learning"}, "dataset": {"name": "LunarLander-v2", "type": "LunarLander-v2"}, "metrics": [{"type": "mean_reward", "value": "254.22 +/- 24.08", "name": "mean_reward", "verified": false}]}]}]}, "siblings": [{"rfilename": ".gitattributes"}, {"rfilename": "README.md"}, {"rfilename": "config.json"}, {"rfilename": "logs/events.out.tfevents.1701141996.c17c1dc1b690.14868.0"}, {"rfilename": "model.pt"}, {"rfilename": "ppo-LunarLander-v2.zip"}, {"rfilename": "ppo-LunarLander-v2/_stable_baselines3_version"}, {"rfilename": "ppo-LunarLander-v2/data"}, {"rfilename": "ppo-LunarLander-v2/policy.optimizer.pth"}, {"rfilename": "ppo-LunarLander-v2/policy.pth"}, {"rfilename": "ppo-LunarLander-v2/pytorch_variables.pth"}, {"rfilename": "ppo-LunarLander-v2/system_info.txt"}, {"rfilename": "ppo-lunarlander-v2.zip"}, {"rfilename": "ppo-lunarlander-v2/_stable_baselines3_version"}, {"rfilename": "ppo-lunarlander-v2/data"}, {"rfilename": "ppo-lunarlander-v2/policy.optimizer.pth"}, {"rfilename": "ppo-lunarlander-v2/policy.pth"}, {"rfilename": "ppo-lunarlander-v2/pytorch_variables.pth"}, {"rfilename": "ppo-lunarlander-v2/system_info.txt"}, {"rfilename": "replay.mp4"}, {"rfilename": "results.json"}], "spaces": [], "createdAt": "2023-10-04T17:46:33.000Z", "inferenceStatus": "not-loaded"}