{"_id": "63b99708a7c8c806006268c1", "id": "dacquaviva/focacciabarese-pizza", "modelId": "dacquaviva/focacciabarese-pizza", "author": "dacquaviva", "sha": "6455621eb742f002516a464c83a074d65690f601", "lastModified": "2023-01-07T17:46:16.000Z", "private": false, "disabled": false, "gated": false, "pipeline_tag": "text-to-image", "tags": ["diffusers", "pytorch", "stable-diffusion", "text-to-image", "diffusion-models-class", "dreambooth-hackathon", "food", "license:creativeml-openrail-m", "autotrain_compatible", "endpoints_compatible", "diffusers:StableDiffusionPipeline", "region:us"], "downloads": 0, "library_name": "diffusers", "widgetData": [{"text": "focacciabarese pizza with a nice sea view."}], "likes": 1, "model-index": null, "config": {"diffusers": {"_class_name": "StableDiffusionPipeline"}}, "cardData": {"license": "creativeml-openrail-m", "tags": ["pytorch", "diffusers", "stable-diffusion", "text-to-image", "diffusion-models-class", "dreambooth-hackathon", "food"], "widget": [{"text": "focacciabarese pizza with a nice sea view."}]}, "siblings": [{"rfilename": ".gitattributes"}, {"rfilename": "README.md"}, {"rfilename": "feature_extractor/preprocessor_config.json"}, {"rfilename": "model_index.json"}, {"rfilename": "scheduler/scheduler_config.json"}, {"rfilename": "text_encoder/config.json"}, {"rfilename": "text_encoder/pytorch_model.bin"}, {"rfilename": "tokenizer/merges.txt"}, {"rfilename": "tokenizer/special_tokens_map.json"}, {"rfilename": "tokenizer/tokenizer_config.json"}, {"rfilename": "tokenizer/vocab.json"}, {"rfilename": "unet/config.json"}, {"rfilename": "unet/diffusion_pytorch_model.bin"}, {"rfilename": "vae/config.json"}, {"rfilename": "vae/diffusion_pytorch_model.bin"}], "spaces": [], "createdAt": "2023-01-07T16:00:08.000Z", "inferenceStatus": "not-loaded"}