{"_id": "647608ba43d8733241b14d3f", "id": "dad2481995/Mm", "modelId": "dad2481995/Mm", "author": "dad2481995", "sha": "a1a320ac99ae6d150521542dc8786bc5b407f34b", "lastModified": "2023-05-30T14:31:22.000Z", "private": false, "disabled": false, "gated": false, "tags": ["license:openrail", "region:us"], "downloads": 0, "likes": 0, "model-index": null, "cardData": {"license": "openrail"}, "siblings": [{"rfilename": ".gitattributes"}, {"rfilename": "README.md"}], "spaces": [], "createdAt": "2023-05-30T14:31:22.000Z", "inferenceStatus": "not-loaded"}