{"_id": "64f7272cb23f1414f7406988", "id": "dad32/abdulo", "modelId": "dad32/abdulo", "author": "dad32", "sha": "226e73f3cc5a2fd3fa05463e408e26534e9c6423", "lastModified": "2023-09-05T13:05:06.000Z", "private": false, "disabled": false, "gated": false, "tags": ["license:openrail", "region:us"], "downloads": 0, "likes": 0, "model-index": null, "cardData": {"license": "openrail"}, "siblings": [{"rfilename": ".gitattributes"}, {"rfilename": "README.md"}, {"rfilename": "audio full.mp3"}], "spaces": [], "createdAt": "2023-09-05T13:03:40.000Z", "inferenceStatus": "not-loaded"}