{"_id": "6374cfff6e0d6f1f3c096fcc", "id": "dadale414/A-Portrait-of-Dadale", "modelId": "dadale414/A-Portrait-of-Dadale", "author": "dadale414", "sha": "fe9a3bf85e74e3abb749a5ab2b94e47c4e1ce4c5", "lastModified": "2022-11-16T11:56:47.000Z", "private": false, "disabled": false, "gated": false, "tags": ["license:mit", "region:us"], "downloads": 0, "likes": 0, "model-index": null, "cardData": {"license": "mit"}, "siblings": [{"rfilename": ".gitattributes"}, {"rfilename": "README.md"}], "spaces": [], "createdAt": "2022-11-16T11:56:47.000Z", "inferenceStatus": "not-loaded"}