{"_id": "657b6c75837e0145ea2c7549", "id": "dadashzadeh/bert-base-news-or-informational-nft-english", "modelId": "dadashzadeh/bert-base-news-or-informational-nft-english", "author": "dadashzadeh", "sha": "1349078a87f9751fa8206f4c20a9c6955abd2e2f", "lastModified": "2023-12-15T11:09:25.000Z", "private": false, "disabled": false, "gated": false, "pipeline_tag": "text-classification", "tags": ["transformers", "tensorboard", "safetensors", "bert", "text-classification", "generated_from_trainer", "base_model:bert-base-cased", "license:apache-2.0", "autotrain_compatible", "endpoints_compatible", "region:us"], "downloads": 2, "library_name": "transformers", "mask_token": "[MASK]", "widgetData": [{"text": "I like you. I love you"}], "likes": 0, "model-index": [{"name": "bert-base-Classification-news-or-informational-nft", "results": []}], "config": {"architectures": ["BertForSequenceClassification"], "model_type": "bert", "tokenizer_config": {"cls_token": "[CLS]", "mask_token": "[MASK]", "pad_token": "[PAD]", "sep_token": "[SEP]", "unk_token": "[UNK]"}}, "cardData": {"license": "apache-2.0", "base_model": "bert-base-cased", "tags": ["generated_from_trainer"], "metrics": ["accuracy"], "model-index": [{"name": "bert-base-Classification-news-or-informational-nft", "results": []}]}, "transformersInfo": {"auto_model": "AutoModelForSequenceClassification", "pipeline_tag": "text-classification", "processor": "AutoTokenizer"}, "siblings": [{"rfilename": ".gitattributes"}, {"rfilename": "README.md"}, {"rfilename": "config.json"}, {"rfilename": "model.safetensors"}, {"rfilename": "runs/Dec14_20-32-26_5c37a46dd234/events.out.tfevents.1702585963.5c37a46dd234.224.0"}, {"rfilename": "runs/Dec14_20-32-26_5c37a46dd234/events.out.tfevents.1702587470.5c37a46dd234.224.1"}, {"rfilename": "runs/Dec15_08-38-42_40f3a3b152a2/events.out.tfevents.1702629530.40f3a3b152a2.566.0"}, {"rfilename": "runs/Dec15_08-38-42_40f3a3b152a2/events.out.tfevents.1702629877.40f3a3b152a2.566.1"}, {"rfilename": "runs/Dec15_09-16-27_40f3a3b152a2/events.out.tfevents.1702631795.40f3a3b152a2.566.2"}, {"rfilename": "runs/Dec15_09-16-27_40f3a3b152a2/events.out.tfevents.1702632111.40f3a3b152a2.566.3"}, {"rfilename": "runs/Dec15_09-39-13_40f3a3b152a2/events.out.tfevents.1702633154.40f3a3b152a2.566.4"}, {"rfilename": "runs/Dec15_09-39-13_40f3a3b152a2/events.out.tfevents.1702633474.40f3a3b152a2.566.5"}, {"rfilename": "runs/Dec15_11-00-44_101cf65a9687/events.out.tfevents.1702638052.101cf65a9687.496.0"}, {"rfilename": "runs/Dec15_11-00-44_101cf65a9687/events.out.tfevents.1702638478.101cf65a9687.496.1"}, {"rfilename": "special_tokens_map.json"}, {"rfilename": "tokenizer.json"}, {"rfilename": "tokenizer_config.json"}, {"rfilename": "training_args.bin"}, {"rfilename": "vocab.txt"}], "spaces": [], "createdAt": "2023-12-14T20:58:29.000Z", "safetensors": {"parameters": {"F32": 108311810}, "total": 108311810}, "inferenceStatus": "not-loaded"}