{"_id": "63f82bde0296d285a1607720", "id": "dada7887/scene_segmentation", "modelId": "dada7887/scene_segmentation", "author": "dada7887", "sha": "b443049822677d7bed90aea4bcc31e7fc16811ae", "lastModified": "2023-02-24T04:01:20.000Z", "private": false, "disabled": false, "gated": false, "tags": ["transformers", "tf", "segformer", "generated_from_keras_callback", "license:other", "endpoints_compatible", "region:us"], "downloads": 2, "library_name": "transformers", "likes": 0, "model-index": [{"name": "dada7887/scene_segmentation", "results": []}], "config": {"architectures": ["SegformerForSemanticSegmentation"], "model_type": "segformer"}, "cardData": {"license": "other", "tags": ["generated_from_keras_callback"], "model-index": [{"name": "dada7887/scene_segmentation", "results": []}]}, "transformersInfo": {"auto_model": "SegformerForSemanticSegmentation", "processor": "AutoImageProcessor"}, "siblings": [{"rfilename": ".gitattributes"}, {"rfilename": "README.md"}, {"rfilename": "config.json"}, {"rfilename": "preprocessor_config.json"}, {"rfilename": "tf_model.h5"}], "spaces": [], "createdAt": "2023-02-24T03:15:42.000Z", "inferenceStatus": "not-loaded"}