{"_id": "621ffdc136468d709f17a2f4", "id": "dadangheksa/finetuning-sentiment-model-3000-samples", "modelId": "dadangheksa/finetuning-sentiment-model-3000-samples", "author": "dadangheksa", "sha": "afec9318c97c99fcd36281865ec1d05d0a6ba2d4", "lastModified": "2022-02-12T16:39:21.000Z", "private": false, "disabled": false, "gated": false, "tags": ["region:us"], "downloads": 0, "likes": 0, "siblings": [{"rfilename": ".gitattributes"}], "spaces": [], "createdAt": "2022-03-02T23:29:05.000Z", "inferenceStatus": "not-loaded"}