{"_id": "666718c32bf3c40168c5fa46", "id": "dadabu/testloragguf", "modelId": "dadabu/testloragguf", "author": "dadabu", "sha": "40c84b4c524d396d2ea530fe07f2d55f519ccb81", "lastModified": "2024-06-10T15:23:01.000Z", "private": false, "disabled": false, "gated": false, "tags": ["transformers", "gguf", "llama", "text-generation-inference", "endpoints_compatible", "region:us"], "downloads": 134, "library_name": "transformers", "likes": 0, "config": {"model_type": "llama"}, "transformersInfo": {"auto_model": "AutoModel"}, "siblings": [{"rfilename": ".gitattributes"}, {"rfilename": "config.json"}, {"rfilename": "testloragguf-unsloth.Q8_0.gguf"}], "spaces": [], "createdAt": "2024-06-10T15:16:19.000Z", "inferenceStatus": "not-loaded"}