{"_id": "666d3ff10de9ee884bc2f6a3", "id": "dadabu/testtiny_q4_k_m_gguf", "modelId": "dadabu/testtiny_q4_k_m_gguf", "author": "dadabu", "sha": "da79c559036f09e6d72f5a29f59df878d04cdea5", "lastModified": "2024-06-15T07:17:30.000Z", "private": false, "disabled": false, "gated": false, "tags": ["transformers", "gguf", "llama", "text-generation-inference", "unsloth", "en", "base_model:unsloth/tinyllama-bnb-4bit", "license:apache-2.0", "endpoints_compatible", "region:us"], "downloads": 84, "library_name": "transformers", "likes": 0, "model-index": null, "config": {"model_type": "llama"}, "cardData": {"language": ["en"], "license": "apache-2.0", "tags": ["text-generation-inference", "transformers", "unsloth", "llama", "gguf"], "base_model": "unsloth/tinyllama-bnb-4bit"}, "transformersInfo": {"auto_model": "AutoModel"}, "siblings": [{"rfilename": ".gitattributes"}, {"rfilename": "README.md"}, {"rfilename": "config.json"}, {"rfilename": "testtiny_q4_k_m_gguf-unsloth.Q4_K_M.gguf"}], "spaces": [], "createdAt": "2024-06-15T07:17:05.000Z", "inferenceStatus": "not-loaded"}