{"_id": "621ffdc136468d709f17a2f0", "id": "dadada/opus-mt-zh-en-ep1-renri-zh-to-en", "modelId": "dadada/opus-mt-zh-en-ep1-renri-zh-to-en", "author": "dadada", "sha": "e6c208e18c39a3149fccfd87fffe0ca3477f0c67", "lastModified": "2021-08-22T06:54:09.000Z", "private": false, "disabled": false, "gated": false, "pipeline_tag": "text2text-generation", "tags": ["transformers", "pytorch", "tensorboard", "marian", "text2text-generation", "generated_from_trainer", "license:apache-2.0", "autotrain_compatible", "endpoints_compatible", "region:us"], "downloads": 5, "library_name": "transformers", "likes": 0, "model-index": null, "config": {"architectures": ["MarianMTModel"], "model_type": "marian", "tokenizer_config": {"unk_token": "<unk>", "eos_token": "</s>", "pad_token": "<pad>"}}, "cardData": {"license": "apache-2.0", "tags": ["generated_from_trainer"], "metrics": ["bleu"], "model_index": [{"name": "opus-mt-zh-en-ep1-renri-zh-to-en", "results": [{"task": {"name": "Sequence-to-sequence Language Modeling", "type": "text2text-generation"}, "metric": {"name": "Bleu", "type": "bleu", "value": 18.2579}}]}]}, "transformersInfo": {"auto_model": "AutoModelForSeq2SeqLM", "pipeline_tag": "text2text-generation", "processor": "AutoTokenizer"}, "siblings": [{"rfilename": ".gitattributes"}, {"rfilename": ".gitignore"}, {"rfilename": "README.md"}, {"rfilename": "config.json"}, {"rfilename": "pytorch_model.bin"}, {"rfilename": "runs/Aug22_02-46-14_7e49732c97b7/1629600384.3153653/events.out.tfevents.1629600384.7e49732c97b7.180.1"}, {"rfilename": "runs/Aug22_02-46-14_7e49732c97b7/events.out.tfevents.1629600384.7e49732c97b7.180.0"}, {"rfilename": "source.spm"}, {"rfilename": "special_tokens_map.json"}, {"rfilename": "target.spm"}, {"rfilename": "tokenizer_config.json"}, {"rfilename": "training_args.bin"}, {"rfilename": "vocab.json"}], "spaces": [], "createdAt": "2022-03-02T23:29:05.000Z", "inferenceStatus": "not-loaded"}