{"_id": "65403248a369c00075e783fc", "id": "dadashzadeh/cryptocurrency-intent-search-detection", "modelId": "dadashzadeh/cryptocurrency-intent-search-detection", "author": "dadashzadeh", "sha": "540508163dc475544134378289099932c66d95b4", "lastModified": "2023-11-01T21:00:40.000Z", "private": false, "disabled": false, "gated": false, "pipeline_tag": "text-classification", "tags": ["transformers", "pytorch", "xlm-roberta", "text-classification", "generated_from_trainer", "en", "base_model:xlm-roberta-base", "license:mit", "autotrain_compatible", "endpoints_compatible", "region:us"], "downloads": 14, "library_name": "transformers", "mask_token": "<mask>", "widgetData": [{"text": "I like you. I love you"}], "likes": 0, "model-index": [{"name": "test-trainer", "results": []}], "config": {"architectures": ["XLMRobertaForSequenceClassification"], "model_type": "xlm-roberta", "tokenizer_config": {"bos_token": "<s>", "cls_token": "<s>", "eos_token": "</s>", "mask_token": "<mask>", "pad_token": "<pad>", "sep_token": "</s>", "unk_token": "<unk>"}}, "cardData": {"license": "mit", "base_model": "xlm-roberta-base", "tags": ["generated_from_trainer"], "metrics": ["accuracy"], "model-index": [{"name": "test-trainer", "results": []}], "language": ["en"]}, "transformersInfo": {"auto_model": "AutoModelForSequenceClassification", "pipeline_tag": "text-classification", "processor": "AutoTokenizer"}, "siblings": [{"rfilename": ".gitattributes"}, {"rfilename": "README.md"}, {"rfilename": "config.json"}, {"rfilename": "merges.txt"}, {"rfilename": "pytorch_model.bin"}, {"rfilename": "sentencepiece.bpe.model"}, {"rfilename": "special_tokens_map.json"}, {"rfilename": "tokenizer.json"}, {"rfilename": "tokenizer_config.json"}, {"rfilename": "training_args.bin"}, {"rfilename": "vocab.json"}], "spaces": ["dadashzadeh/dadashzadeh-cryptocurrency-intent-search-detection"], "createdAt": "2023-10-30T22:46:32.000Z", "inferenceStatus": "not-loaded"}