{"_id": "663f82ba4b2bc635c9b5af0e", "id": "dadada/wav2vec2-xlsr-multilingual-56-finetuned-ks", "modelId": "dadada/wav2vec2-xlsr-multilingual-56-finetuned-ks", "author": "dadada", "sha": "943302ec42f18958a1bb51e23b6d2ca13ba87b72", "lastModified": "2024-05-11T15:25:54.000Z", "private": false, "disabled": false, "gated": false, "pipeline_tag": "audio-classification", "tags": ["transformers", "pytorch", "tensorboard", "wav2vec2", "audio-classification", "endpoints_compatible", "region:us"], "downloads": 2, "library_name": "transformers", "likes": 0, "config": {"architectures": ["Wav2Vec2ForSequenceClassification"], "model_type": "wav2vec2"}, "transformersInfo": {"auto_model": "AutoModelForAudioClassification", "pipeline_tag": "audio-classification", "processor": "AutoProcessor"}, "siblings": [{"rfilename": ".gitattributes"}, {"rfilename": ".gitignore"}, {"rfilename": "config.json"}, {"rfilename": "preprocessor_config.json"}, {"rfilename": "pytorch_model.bin"}, {"rfilename": "runs/May11_22-37-38_Alan/events.out.tfevents.1715438511.Alan.450.0"}, {"rfilename": "training_args.bin"}], "spaces": [], "createdAt": "2024-05-11T14:37:46.000Z", "inferenceStatus": "not-loaded"}