{"_id": "65533b8cc3b5e18cc76d9ae8", "id": "dadadar/4483_project", "modelId": "dadadar/4483_project", "author": "dadadar", "sha": "19ee4ae1ff6f722ede2c744d714fd059acf3a73d", "lastModified": "2023-11-14T09:31:22.000Z", "private": false, "disabled": false, "gated": false, "tags": ["region:us"], "downloads": 0, "likes": 0, "siblings": [{"rfilename": ".gitattributes"}, {"rfilename": "666cifar_model_resnet101_lr0.0001.pth"}, {"rfilename": "666cifar_model_resnet18_lr0.00001.pth"}, {"rfilename": "666cifar_model_resnet18_lr0.0001.pth"}, {"rfilename": "666cifar_model_resnet18_lr0.0001_unbalanced_crossentropy.pth"}, {"rfilename": "666cifar_model_resnet18_lr0.0001_unbalanced_sampling.pth"}, {"rfilename": "666cifar_model_resnet18_lr0.0001_unbalanced_without_trick.pth"}, {"rfilename": "README.md"}, {"rfilename": "cifar_resnet18.py"}, {"rfilename": "cifar_unbalanced.py"}, {"rfilename": "cifar_unbalanced_sampling.py"}, {"rfilename": "model_epoch10.pth"}, {"rfilename": "model_epoch10_lr0.0001_best_epoch.pth"}, {"rfilename": "model_epoch10_lr0.001.pth"}, {"rfilename": "model_epoch20_lr0.0001_best_epoch2.pth"}, {"rfilename": "model_epoch20_lr0.001.pth"}, {"rfilename": "model_epoch20_lr0.01_best_epoch.pth"}, {"rfilename": "model_epoch5.pth"}, {"rfilename": "model_resnet101_epoch5_lr0.0001_best_epoch.pth"}, {"rfilename": "model_resnet50_epoch5_lr0.0001_best_epoch.pth"}, {"rfilename": "plot.py"}, {"rfilename": "plot_accuracy.py"}, {"rfilename": "plot_normal.py"}, {"rfilename": "plot_unbalanced.py"}, {"rfilename": "resnet.py"}, {"rfilename": "resnet_test.py"}, {"rfilename": "resnet_train.py"}], "spaces": [], "createdAt": "2023-11-14T09:19:08.000Z", "inferenceStatus": "not-loaded"}