{"_id": "66560235868d2c5a7c9de41c", "id": "Dadaism6/chenda_metavqa_videollava", "modelId": "Dadaism6/chenda_metavqa_videollava", "author": "Dadaism6", "sha": "171e82ec5e8c16818ab4d35c2e1118f70b437e35", "lastModified": "2024-06-01T15:24:35.000Z", "private": false, "disabled": false, "gated": false, "tags": ["safetensors", "license:mit", "region:us"], "downloads": 0, "likes": 0, "model-index": null, "config": {"tokenizer_config": {"bos_token": "<s>", "eos_token": "</s>", "pad_token": "<pad>", "unk_token": "<unk>", "use_default_system_prompt": false}}, "cardData": {"license": "mit"}, "siblings": [{"rfilename": ".gitattributes"}, {"rfilename": "README.md"}, {"rfilename": "adapter_config.json"}, {"rfilename": "adapter_model.safetensors"}, {"rfilename": "added_tokens.json"}, {"rfilename": "preprocessor_config.json"}, {"rfilename": "special_tokens_map.json"}, {"rfilename": "tokenizer.json"}, {"rfilename": "tokenizer.model"}, {"rfilename": "tokenizer_config.json"}], "spaces": [], "createdAt": "2024-05-28T16:11:33.000Z", "inferenceStatus": "not-loaded"}