{"_id": "6479610dfaa0a209531dbc6e", "id": "dadadadadad11111/DAS", "modelId": "dadadadadad11111/DAS", "author": "dadadadadad11111", "sha": "ef85cc37fabf2220b5b37f39c8ecd60c5f4a3f5e", "lastModified": "2023-06-02T03:25:01.000Z", "private": false, "disabled": false, "gated": false, "tags": ["license:openrail", "region:us"], "downloads": 0, "likes": 0, "model-index": null, "cardData": {"license": "openrail"}, "siblings": [{"rfilename": ".gitattributes"}, {"rfilename": "README.md"}], "spaces": [], "createdAt": "2023-06-02T03:25:01.000Z", "inferenceStatus": "not-loaded"}