{"_id": "643ec95f4c5309c244948572", "id": "dadaner/dadanermix_real_v1.0", "modelId": "dadaner/dadanermix_real_v1.0", "author": "dadaner", "sha": "18e1669d272e51ac9e9378174155b80bddd2756c", "lastModified": "2023-04-19T01:33:10.000Z", "private": false, "disabled": false, "gated": false, "tags": ["region:us"], "downloads": 0, "likes": 0, "siblings": [{"rfilename": ".gitattributes"}, {"rfilename": "dadanermix_real_1.0.safetensors"}], "spaces": [], "createdAt": "2023-04-18T16:46:23.000Z", "inferenceStatus": "not-loaded"}