{"_id": "66364b77e07328b789b4958e", "id": "h-alice/memma-1-2b-cmb-seq2seq-hf", "modelId": "h-alice/memma-1-2b-cmb-seq2seq-hf", "author": "h-alice", "sha": "2b8fb6de5eb012d852c4a50e87e742adf6f5857d", "lastModified": "2024-05-04T15:40:35.000Z", "private": false, "disabled": false, "gated": false, "pipeline_tag": "text-generation", "tags": ["transformers", "safetensors", "gemma", "text-generation", "license:apache-2.0", "autotrain_compatible", "text-generation-inference", "endpoints_compatible", "region:us"], "downloads": 2, "library_name": "transformers", "widgetData": [{"text": "\u96f7\u6069\uff0c\u4f60\u70ba\u4ec0\u9ebc\u9084\u8981\u62ff\u4e03\u661f\u5200", "example_title": "\u96f7\u6069\u7684\u4e03\u661f\u5200"}], "likes": 0, "model-index": null, "config": {"architectures": ["GemmaForCausalLM"], "model_type": "gemma", "tokenizer_config": {"bos_token": "<bos>", "eos_token": "<eos>", "pad_token": "<pad>", "unk_token": "<unk>", "use_default_system_prompt": false}}, "cardData": {"license": "apache-2.0", "widget": [{"text": "\u96f7\u6069\uff0c\u4f60\u70ba\u4ec0\u9ebc\u9084\u8981\u62ff\u4e03\u661f\u5200", "example_title": "\u96f7\u6069\u7684\u4e03\u661f\u5200"}], "inference": {"parameters": {"do_sample": true, "top_k": 60, "top_p": 0.9, "temperature": 0.3, "max_length": 50}}}, "transformersInfo": {"auto_model": "AutoModelForCausalLM", "pipeline_tag": "text-generation", "processor": "AutoTokenizer"}, "siblings": [{"rfilename": ".gitattributes"}, {"rfilename": "README.md"}, {"rfilename": "config.json"}, {"rfilename": "generation_config.json"}, {"rfilename": "model-00001-of-00002.safetensors"}, {"rfilename": "model-00002-of-00002.safetensors"}, {"rfilename": "model.safetensors.index.json"}, {"rfilename": "special_tokens_map.json"}, {"rfilename": "tokenizer.json"}, {"rfilename": "tokenizer.model"}, {"rfilename": "tokenizer_config.json"}], "spaces": [], "createdAt": "2024-05-04T14:51:35.000Z", "safetensors": {"parameters": {"BF16": 2506172416}, "total": 2506172416}, "inferenceStatus": "not-loaded"}