{"_id": "65a13160b430dfb7e005dc85", "id": "h-asterix/shakul-22", "modelId": "h-asterix/shakul-22", "author": "h-asterix", "sha": "54822bb8534c401743c5d8c84c2aa61da8973780", "lastModified": "2024-01-12T12:53:37.000Z", "private": false, "disabled": false, "gated": false, "pipeline_tag": "text-generation", "tags": ["transformers", "safetensors", "mixtral", "text-generation", "autotrain_compatible", "text-generation-inference", "endpoints_compatible", "4-bit", "bitsandbytes", "region:us"], "downloads": 1, "library_name": "transformers", "widgetData": [{"text": "My name is Julien and I like to"}, {"text": "My name is Thomas and my main"}, {"text": "My name is Mariama, my favorite"}, {"text": "My name is Clara and I am"}, {"text": "My name is Lewis and I like to"}, {"text": "My name is Merve and my favorite"}, {"text": "My name is Teven and I am"}, {"text": "Once upon a time,"}], "likes": 0, "config": {"architectures": ["MixtralForCausalLM"], "model_type": "mixtral", "quantization_config": {"load_in_4bit": true, "load_in_8bit": false, "quant_method": "bitsandbytes"}, "tokenizer_config": {"bos_token": "<s>", "eos_token": "</s>", "pad_token": null, "unk_token": "<unk>", "use_default_system_prompt": false}}, "transformersInfo": {"auto_model": "AutoModelForCausalLM", "pipeline_tag": "text-generation", "processor": "AutoTokenizer"}, "siblings": [{"rfilename": ".gitattributes"}, {"rfilename": "config.json"}, {"rfilename": "generation_config.json"}, {"rfilename": "model-00001-of-00005.safetensors"}, {"rfilename": "model-00002-of-00005.safetensors"}, {"rfilename": "model-00003-of-00005.safetensors"}, {"rfilename": "model-00004-of-00005.safetensors"}, {"rfilename": "model-00005-of-00005.safetensors"}, {"rfilename": "model.safetensors.index.json"}, {"rfilename": "special_tokens_map.json"}, {"rfilename": "tokenizer.json"}, {"rfilename": "tokenizer_config.json"}], "spaces": [], "createdAt": "2024-01-12T12:32:32.000Z", "safetensors": {"parameters": {"F32": 3086912, "F16": 262410240, "U8": 23945982080}, "total": 24211479232}, "inferenceStatus": "not-loaded"}