{"_id": "648b19d7d2ba2d42f925ffe9", "id": "h-d-h/ppo-Huggy", "modelId": "h-d-h/ppo-Huggy", "author": "h-d-h", "sha": "3927d7f1a3adde7964b2a1693fc9efe529bcd003", "lastModified": "2023-06-15T14:02:10.000Z", "private": false, "disabled": false, "gated": false, "pipeline_tag": "reinforcement-learning", "tags": ["ml-agents", "tensorboard", "onnx", "Huggy", "deep-reinforcement-learning", "reinforcement-learning", "ML-Agents-Huggy", "region:us"], "downloads": 2, "library_name": "ml-agents", "likes": 0, "model-index": null, "config": {}, "cardData": {"library_name": "ml-agents", "tags": ["Huggy", "deep-reinforcement-learning", "reinforcement-learning", "ML-Agents-Huggy"]}, "siblings": [{"rfilename": ".gitattributes"}, {"rfilename": "Huggy.onnx"}, {"rfilename": "Huggy/Huggy-1199935.onnx"}, {"rfilename": "Huggy/Huggy-1199935.pt"}, {"rfilename": "Huggy/Huggy-1399876.onnx"}, {"rfilename": "Huggy/Huggy-1399876.pt"}, {"rfilename": "Huggy/Huggy-1599937.onnx"}, {"rfilename": "Huggy/Huggy-1599937.pt"}, {"rfilename": "Huggy/Huggy-1799995.onnx"}, {"rfilename": "Huggy/Huggy-1799995.pt"}, {"rfilename": "Huggy/Huggy-199905.onnx"}, {"rfilename": "Huggy/Huggy-199905.pt"}, {"rfilename": "Huggy/Huggy-1999971.onnx"}, {"rfilename": "Huggy/Huggy-1999971.pt"}, {"rfilename": "Huggy/Huggy-2000018.onnx"}, {"rfilename": "Huggy/Huggy-2000018.pt"}, {"rfilename": "Huggy/Huggy-399774.onnx"}, {"rfilename": "Huggy/Huggy-399774.pt"}, {"rfilename": "Huggy/Huggy-599989.onnx"}, {"rfilename": "Huggy/Huggy-599989.pt"}, {"rfilename": "Huggy/Huggy-799975.onnx"}, {"rfilename": "Huggy/Huggy-799975.pt"}, {"rfilename": "Huggy/Huggy-999933.onnx"}, {"rfilename": "Huggy/Huggy-999933.pt"}, {"rfilename": "Huggy/checkpoint.pt"}, {"rfilename": "Huggy/events.out.tfevents.1686833799.4c3a966bb6b9.10701.0"}, {"rfilename": "README.md"}, {"rfilename": "config.json"}, {"rfilename": "configuration.yaml"}, {"rfilename": "run_logs/Player-0.log"}, {"rfilename": "run_logs/timers.json"}, {"rfilename": "run_logs/training_status.json"}], "spaces": [], "createdAt": "2023-06-15T14:01:59.000Z", "inferenceStatus": "not-loaded"}