{"_id": "6649e561f60408190397799a", "id": "H-D-T/Buzz-3b-small-v0.6.3", "modelId": "H-D-T/Buzz-3b-small-v0.6.3", "author": "H-D-T", "sha": "d0caeeddaaba226e27c88bf00def46844dac94d3", "lastModified": "2024-05-23T07:49:27.000Z", "private": false, "disabled": false, "gated": false, "pipeline_tag": "text-generation", "tags": ["transformers", "safetensors", "llama", "text-generation", "axolotl", "conversational", "dataset:H-D-T/Buzz", "dataset:H-D-T/Buzz-slice-1-10", "dataset:H-D-T/Buzz-slice-2-10", "base_model:H-D-T/Buzz-3b-small-v0.6.3", "license:apache-2.0", "autotrain_compatible", "text-generation-inference", "endpoints_compatible", "region:us"], "downloads": 5, "library_name": "transformers", "widgetData": [{"text": "Hey my name is Julien! How are you?"}, {"text": "Hey my name is Thomas! How are you?"}, {"text": "Hey my name is Mariama! How are you?"}, {"text": "Hey my name is Clara! How are you?"}, {"text": "Hey my name is Julien! How are you?"}, {"text": "Hi."}], "likes": 1, "model-index": null, "config": {"architectures": ["LlamaForCausalLM"], "model_type": "llama", "tokenizer_config": {"bos_token": "<|begin_of_text|>", "chat_template": "{% if not add_generation_prompt is defined %}{% set add_generation_prompt = false %}{% endif %}{% set loop_messages = messages %}{% for message in loop_messages %}{% set content = '<|start_header_id|>' + message['role'] + '<|end_header_id|>\n\n'+ message['content'] | trim + '<|eot_id|>' %}{% if loop.index0 == 0 %}{% set content = bos_token + content %}{% endif %}{{ content }}{% endfor %}{% if add_generation_prompt %}{{ '<|start_header_id|>assistant<|end_header_id|>\n\n' }}{% else %}{{ eos_token }}{% endif %}", "eos_token": "<|eot_id|>", "pad_token": "<|end_of_text|>"}}, "cardData": {"base_model": "H-D-T/Buzz-3b-small-v0.6.3", "tags": ["axolotl"], "license": "apache-2.0", "datasets": ["H-D-T/Buzz", "H-D-T/Buzz-slice-1-10", "H-D-T/Buzz-slice-2-10"], "pipeline_tag": "text-generation"}, "transformersInfo": {"auto_model": "AutoModelForCausalLM", "pipeline_tag": "text-generation", "processor": "AutoTokenizer"}, "siblings": [{"rfilename": ".gitattributes"}, {"rfilename": "README.md"}, {"rfilename": "config.json"}, {"rfilename": "generation_config.json"}, {"rfilename": "model-00001-of-00002.safetensors"}, {"rfilename": "model-00002-of-00002.safetensors"}, {"rfilename": "model.safetensors.index.json"}, {"rfilename": "special_tokens_map.json"}, {"rfilename": "tokenizer.json"}, {"rfilename": "tokenizer_config.json"}], "spaces": ["Alignment-Lab-AI/H-D-T-Buzz-3b-small-v0.6.3"], "createdAt": "2024-05-19T11:41:21.000Z", "safetensors": {"parameters": {"BF16": 4322357248}, "total": 4322357248}, "inferenceStatus": "not-loaded"}