{"_id": "66700f903b570f44d7209333", "id": "h-uns/RS_66_hv_noneng_nw", "modelId": "h-uns/RS_66_hv_noneng_nw", "author": "h-uns", "sha": "03f13cab76525a19c7b81db63ad97b8ff596ea3a", "lastModified": "2024-06-17T10:40:55.000Z", "private": false, "disabled": false, "gated": false, "pipeline_tag": "text-classification", "tags": ["transformers", "safetensors", "xlm-roberta", "text-classification", "arxiv:1910.09700", "autotrain_compatible", "endpoints_compatible", "region:us"], "downloads": 7, "library_name": "transformers", "mask_token": "<mask>", "widgetData": [{"text": "I like you. I love you"}], "likes": 0, "model-index": null, "config": {"architectures": ["XLMRobertaForSequenceClassification"], "model_type": "xlm-roberta"}, "cardData": {"library_name": "transformers", "tags": []}, "transformersInfo": {"auto_model": "AutoModelForSequenceClassification", "pipeline_tag": "text-classification", "processor": "AutoTokenizer"}, "siblings": [{"rfilename": ".gitattributes"}, {"rfilename": "README.md"}, {"rfilename": "config.json"}, {"rfilename": "model.safetensors"}], "spaces": [], "createdAt": "2024-06-17T10:27:28.000Z", "safetensors": {"parameters": {"F32": 559909907}, "total": 559909907}, "inferenceStatus": "not-loaded"}