{"_id": "66700fb522073d70a13d1f97", "id": "h-uns/RS_66_attn_noneng_nw", "modelId": "h-uns/RS_66_attn_noneng_nw", "author": "h-uns", "sha": "6cb04daac2a744ebc3e166cca415aab82e893064", "lastModified": "2024-06-17T10:49:14.000Z", "private": false, "disabled": false, "gated": false, "pipeline_tag": "text-classification", "tags": ["transformers", "safetensors", "xlm-roberta", "text-classification", "arxiv:1910.09700", "autotrain_compatible", "endpoints_compatible", "region:us"], "downloads": 7, "library_name": "transformers", "mask_token": "<mask>", "widgetData": [{"text": "I like you. I love you"}], "likes": 0, "model-index": null, "config": {"architectures": ["XLMRobertaForSequenceClassification"], "model_type": "xlm-roberta"}, "cardData": {"library_name": "transformers", "tags": []}, "transformersInfo": {"auto_model": "AutoModelForSequenceClassification", "pipeline_tag": "text-classification", "processor": "AutoTokenizer"}, "siblings": [{"rfilename": ".gitattributes"}, {"rfilename": "README.md"}, {"rfilename": "config.json"}, {"rfilename": "model.safetensors"}], "spaces": [], "createdAt": "2024-06-17T10:28:05.000Z", "safetensors": {"parameters": {"F32": 559892482}, "total": 559892482}, "inferenceStatus": "not-loaded"}