{"_id": "66700faf333a05439eaedb46", "id": "h-uns/RS_66_attn_eng_nw", "modelId": "h-uns/RS_66_attn_eng_nw", "author": "h-uns", "sha": "2a7910cb9f5f5a51fa86b55b79b9da0ef0ee9a3d", "lastModified": "2024-06-17T10:47:46.000Z", "private": false, "disabled": false, "gated": false, "pipeline_tag": "text-classification", "tags": ["transformers", "safetensors", "deberta-v2", "text-classification", "arxiv:1910.09700", "autotrain_compatible", "endpoints_compatible", "region:us"], "downloads": 5, "library_name": "transformers", "mask_token": "[MASK]", "widgetData": [{"text": "I like you. I love you"}], "likes": 0, "model-index": null, "config": {"architectures": ["DebertaV2ForSequenceClassification"], "model_type": "deberta-v2"}, "cardData": {"library_name": "transformers", "tags": []}, "transformersInfo": {"auto_model": "AutoModelForSequenceClassification", "pipeline_tag": "text-classification", "processor": "AutoTokenizer"}, "siblings": [{"rfilename": ".gitattributes"}, {"rfilename": "README.md"}, {"rfilename": "config.json"}, {"rfilename": "model-00001-of-00002.safetensors"}, {"rfilename": "model-00002-of-00002.safetensors"}, {"rfilename": "model.safetensors.index.json"}], "spaces": [], "createdAt": "2024-06-17T10:27:59.000Z", "safetensors": {"parameters": {"F32": 1566913538}, "total": 1566913538}, "inferenceStatus": "not-loaded"}