{"_id": "664f04942cf54e22ee005ead", "id": "H-yiheng/StableMoFusion", "modelId": "H-yiheng/StableMoFusion", "author": "H-yiheng", "sha": "ba753ce04a5f01bdc06da678819abdba7f324a04", "lastModified": "2024-05-23T08:55:48.000Z", "private": false, "disabled": false, "gated": false, "tags": ["license:mit", "region:us"], "downloads": 0, "likes": 0, "model-index": null, "cardData": {"license": "mit"}, "siblings": [{"rfilename": ".gitattributes"}, {"rfilename": "README.md"}], "spaces": [], "createdAt": "2024-05-23T08:55:48.000Z", "inferenceStatus": "not-loaded"}