{"_id": "6667eea4a5b10a7be9fa8044", "id": "H012/animals", "modelId": "H012/animals", "author": "H012", "sha": "42e5b6611b6a5c1fd8940f14d1eaebd04c3785ae", "lastModified": "2024-06-11T06:28:58.000Z", "private": false, "disabled": false, "gated": false, "pipeline_tag": "image-classification", "tags": ["transformers", "tensorboard", "safetensors", "vit", "image-classification", "pytorch", "huggingpics", "model-index", "autotrain_compatible", "endpoints_compatible", "region:us"], "downloads": 3, "library_name": "transformers", "likes": 0, "model-index": [{"name": "animals", "results": [{"task": {"name": "Image Classification", "type": "image-classification"}, "metrics": [{"name": "Accuracy", "type": "accuracy", "value": 0.9375, "verified": false}]}]}], "config": {"architectures": ["ViTForImageClassification"], "model_type": "vit"}, "cardData": {"tags": ["image-classification", "pytorch", "huggingpics"], "metrics": ["accuracy"], "model-index": [{"name": "animals", "results": [{"task": {"name": "Image Classification", "type": "image-classification"}, "metrics": [{"name": "Accuracy", "type": "accuracy", "value": 0.9375, "verified": false}]}]}]}, "transformersInfo": {"auto_model": "AutoModelForImageClassification", "pipeline_tag": "image-classification", "processor": "AutoImageProcessor"}, "siblings": [{"rfilename": ".gitattributes"}, {"rfilename": "README.md"}, {"rfilename": "config.json"}, {"rfilename": "images/Elephant.jpg"}, {"rfilename": "images/Tiger.jpg"}, {"rfilename": "images/Zebra.jpg"}, {"rfilename": "images/dog.jpg"}, {"rfilename": "images/lion.jpg"}, {"rfilename": "model.safetensors"}, {"rfilename": "preprocessor_config.json"}, {"rfilename": "runs/events.out.tfevents.1718086961.e93002632595.779.0"}], "spaces": [], "createdAt": "2024-06-11T06:28:52.000Z", "safetensors": {"parameters": {"F32": 85802501}, "total": 85802501}, "inferenceStatus": "not-loaded"}