{"_id": "655dc9e48b77e2c30b5b2063", "id": "h1t/oms_b_openclip_15_21", "modelId": "h1t/oms_b_openclip_15_21", "author": "h1t", "sha": "39ed881e2b7d017767e0055f6f49d38da1eeddc6", "lastModified": "2023-11-23T09:21:05.000Z", "private": false, "disabled": false, "gated": false, "pipeline_tag": "text-to-image", "tags": ["diffusers", "text-to-image", "base_model:stabilityai/stable-diffusion-xl-base-1.0", "license:openrail++", "diffusers:OMSPipeline", "region:us"], "downloads": 0, "library_name": "diffusers", "likes": 0, "model-index": null, "config": {"diffusers": {"_class_name": "OMSPipeline"}}, "cardData": {"library_name": "diffusers", "base_model": "stabilityai/stable-diffusion-xl-base-1.0", "tags": ["text-to-image"], "license": "openrail++", "inference": false}, "siblings": [{"rfilename": ".gitattributes"}, {"rfilename": "README.md"}, {"rfilename": "model_index.json"}, {"rfilename": "oms_module/config.json"}, {"rfilename": "oms_module/diffusion_pytorch_model.fp16.safetensors"}, {"rfilename": "oms_module/unet_2d_condition_woct.py"}, {"rfilename": "oms_text_encoder/.DS_Store"}, {"rfilename": "oms_text_encoder/config.json"}, {"rfilename": "oms_tokenizer/config.json"}, {"rfilename": "sd15_oms.png"}, {"rfilename": "sd15_wo_oms.png"}], "spaces": [], "createdAt": "2023-11-22T09:29:08.000Z", "inferenceStatus": "not-loaded"}