{"_id": "655eca45bf8ce78ef909c6f7", "id": "h1t/oms_l_mixclip_xl", "modelId": "h1t/oms_l_mixclip_xl", "author": "h1t", "sha": "74ffe741f541cc7a5b96d9ec501019c8c56e8c23", "lastModified": "2023-11-23T10:15:46.000Z", "private": false, "disabled": false, "gated": false, "pipeline_tag": "text-to-image", "tags": ["diffusers", "text-to-image", "base_model:stabilityai/stable-diffusion-xl-base-1.0", "license:openrail++", "diffusers:OMSPipeline", "region:us"], "downloads": 0, "library_name": "diffusers", "likes": 1, "model-index": null, "config": {"diffusers": {"_class_name": "OMSPipeline"}}, "cardData": {"library_name": "diffusers", "base_model": "stabilityai/stable-diffusion-xl-base-1.0", "tags": ["text-to-image"], "license": "openrail++", "inference": false}, "siblings": [{"rfilename": ".gitattributes"}, {"rfilename": "README.md"}, {"rfilename": "model_index.json"}, {"rfilename": "oms_module/config.json"}, {"rfilename": "oms_module/diffusion_pytorch_model.fp16.safetensors"}, {"rfilename": "oms_module/unet_2d_condition_woct.py"}, {"rfilename": "oms_text_encoder/config.json"}, {"rfilename": "oms_text_encoder/encoder_wrapper.py"}, {"rfilename": "oms_tokenizer/config.json"}, {"rfilename": "oms_tokenizer/tokenizer_wrapper.py"}], "spaces": [], "createdAt": "2023-11-23T03:43:01.000Z", "inferenceStatus": "not-loaded"}