{"_id": "64757ea2f9e3e0b312fb0562", "id": "h1t/cocktail", "modelId": "h1t/cocktail", "author": "h1t", "sha": "2ff6ace8fa62e8f642cb9671a631efe2e65eea0a", "lastModified": "2023-05-30T05:22:18.000Z", "private": false, "disabled": false, "gated": false, "tags": ["license:mit", "region:us"], "downloads": 0, "likes": 0, "model-index": null, "cardData": {"license": "mit"}, "siblings": [{"rfilename": ".gitattributes"}, {"rfilename": "README.md"}, {"rfilename": "cocktail-laion-512-epoch19.ckpt"}], "spaces": [], "createdAt": "2023-05-30T04:42:10.000Z", "inferenceStatus": "not-loaded"}