{"_id": "65e0547bbc97d1cd10e530d3", "id": "h1t/TCD-SDXL-LoRA", "modelId": "h1t/TCD-SDXL-LoRA", "author": "h1t", "sha": "ea69e290a201cbb9ac232be2d5c81ef6dc0fc3a2", "lastModified": "2024-04-16T14:56:30.000Z", "private": false, "disabled": false, "gated": false, "pipeline_tag": "text-to-image", "tags": ["diffusers", "lora", "text-to-image", "arxiv:2402.19159", "arxiv:2303.01469", "base_model:stabilityai/stable-diffusion-xl-base-1.0", "license:mit", "region:us"], "downloads": 19016, "library_name": "diffusers", "likes": 99, "model-index": null, "cardData": {"library_name": "diffusers", "base_model": "stabilityai/stable-diffusion-xl-base-1.0", "tags": ["lora", "text-to-image"], "license": "mit", "inference": false}, "siblings": [{"rfilename": ".gitattributes"}, {"rfilename": "README.md"}, {"rfilename": "assets/animagine_xl.png"}, {"rfilename": "assets/compare_sdxl_lightning.png"}, {"rfilename": "assets/controlnet_depth_sdxl.png"}, {"rfilename": "assets/inpainting_sdxl.png"}, {"rfilename": "assets/ip_adapter.png"}, {"rfilename": "assets/styled_lora.png"}, {"rfilename": "assets/t2i_sdxl.png"}, {"rfilename": "assets/teaser.jpeg"}, {"rfilename": "assets/teaser_fig.png"}, {"rfilename": "assets/versatility.png"}, {"rfilename": "pytorch_lora_weights.safetensors"}], "spaces": ["h1t/TCD", "Nymbo/image_gen_supaqueue", "michaelj/dreamshaperx-v2-Img2Img-CPU"], "createdAt": "2024-02-29T09:55:07.000Z", "inferenceStatus": "not-loaded"}