{"_id": "655dbc7dfe21f05d2a4d118c", "id": "h1t/oms_b_openclip_xl", "modelId": "h1t/oms_b_openclip_xl", "author": "h1t", "sha": "b3605085abdd1a1448222ceb213cc5bac4e9f0a1", "lastModified": "2023-11-23T09:16:14.000Z", "private": false, "disabled": false, "gated": false, "pipeline_tag": "text-to-image", "tags": ["diffusers", "text-to-image", "base_model:stabilityai/stable-diffusion-xl-base-1.0", "license:openrail++", "diffusers:OMSPipeline", "region:us"], "downloads": 0, "library_name": "diffusers", "likes": 2, "model-index": null, "config": {"diffusers": {"_class_name": "OMSPipeline"}}, "cardData": {"library_name": "diffusers", "base_model": "stabilityai/stable-diffusion-xl-base-1.0", "tags": ["text-to-image"], "license": "openrail++", "inference": false}, "siblings": [{"rfilename": ".gitattributes"}, {"rfilename": "README.md"}, {"rfilename": "model_index.json"}, {"rfilename": "oms_module/config.json"}, {"rfilename": "oms_module/diffusion_pytorch_model.fp16.safetensors"}, {"rfilename": "oms_module/unet_2d_condition_woct.py"}, {"rfilename": "oms_text_encoder/config.json"}, {"rfilename": "oms_tokenizer/config.json"}, {"rfilename": "sdxl_oms.png"}, {"rfilename": "sdxl_wo_oms.png"}], "spaces": ["h1t/oms_sdxl_lcm"], "createdAt": "2023-11-22T08:31:57.000Z", "inferenceStatus": "not-loaded"}