{"_id": "64abfb413215a18926ed7198", "id": "H2020SELMA/XLSR128_SELMA19_SSLFT_3K", "modelId": "H2020SELMA/XLSR128_SELMA19_SSLFT_3K", "author": "H2020SELMA", "sha": "c77ad88a4399921a994cdae2fee93ad4e14f98a7", "lastModified": "2023-07-10T12:38:59.000Z", "private": false, "disabled": false, "gated": false, "pipeline_tag": "feature-extraction", "tags": ["transformers", "wav2vec2", "feature-extraction", "endpoints_compatible", "region:us"], "downloads": 2, "library_name": "transformers", "likes": 0, "config": {"architectures": ["Wav2Vec2Model"], "model_type": "wav2vec2"}, "transformersInfo": {"auto_model": "AutoModel", "pipeline_tag": "feature-extraction", "processor": "AutoProcessor"}, "siblings": [{"rfilename": ".gitattributes"}, {"rfilename": "config.json"}, {"rfilename": "preprocessor_config.json"}, {"rfilename": "wav2vec2.ckpt"}], "spaces": [], "createdAt": "2023-07-10T12:36:17.000Z", "inferenceStatus": "not-loaded"}