{"_id": "65ad5af53e7c8dcbbe8f08dd", "id": "h2m/BurningBruce-003-exl2-b8.0", "modelId": "h2m/BurningBruce-003-exl2-b8.0", "author": "h2m", "sha": "95a5f81796e170825363b3c4ced78feabd79eda1", "lastModified": "2024-01-21T18:46:29.000Z", "private": false, "disabled": false, "gated": false, "pipeline_tag": "text-generation", "tags": ["transformers", "safetensors", "mixtral", "text-generation", "merge", "moe", "conversational", "en", "arxiv:2101.03961", "license:apache-2.0", "autotrain_compatible", "text-generation-inference", "endpoints_compatible", "region:us"], "downloads": 1, "library_name": "transformers", "widgetData": [{"text": "Hey my name is Julien! How are you?"}, {"text": "Hey my name is Thomas! How are you?"}, {"text": "Hey my name is Mariama! How are you?"}, {"text": "Hey my name is Clara! How are you?"}, {"text": "Hey my name is Julien! How are you?"}, {"text": "Hi."}], "likes": 1, "model-index": null, "config": {"architectures": ["MixtralForCausalLM"], "model_type": "mixtral", "tokenizer_config": {"bos_token": "<s>", "chat_template": "{% for message in messages %}{{'<|im_start|>' + message['role'] + '\n' + message['content'] + '<|im_end|>' + '\n'}}{% endfor %}{% if add_generation_prompt %}{{ '<|im_start|>assistant\n' }}{% endif %}", "eos_token": "<|im_end|>", "pad_token": "<s>", "unk_token": "<unk>", "use_default_system_prompt": true}}, "cardData": {"license": "apache-2.0", "tags": ["merge", "moe"], "language": ["en"]}, "transformersInfo": {"auto_model": "AutoModelForCausalLM", "pipeline_tag": "text-generation", "processor": "AutoTokenizer"}, "siblings": [{"rfilename": ".gitattributes"}, {"rfilename": "README.md"}, {"rfilename": "added_tokens.json"}, {"rfilename": "config.json"}, {"rfilename": "measurement.json"}, {"rfilename": "mergekit_moe_config.yml"}, {"rfilename": "model.safetensors.index.json"}, {"rfilename": "output-00001-of-00003.safetensors"}, {"rfilename": "output-00002-of-00003.safetensors"}, {"rfilename": "output-00003-of-00003.safetensors"}, {"rfilename": "special_tokens_map.json"}, {"rfilename": "tokenizer.json"}, {"rfilename": "tokenizer.model"}, {"rfilename": "tokenizer_config.json"}], "spaces": [], "createdAt": "2024-01-21T17:57:09.000Z", "inferenceStatus": "not-loaded"}