{"_id": "65cdb10dc52afc14ceed4836", "id": "h2m/Convex-Workshop-8x7B-Adapter", "modelId": "h2m/Convex-Workshop-8x7B-Adapter", "author": "h2m", "sha": "9b5f23073548a5a707113804af4b8be3cfcf03e3", "lastModified": "2024-02-15T06:40:48.000Z", "private": false, "disabled": false, "gated": false, "tags": ["peft", "safetensors", "llama-factory", "lora", "generated_from_trainer", "base_model:mistralai/Mixtral-8x7B-Instruct-v0.1", "license:other", "region:us"], "downloads": 0, "library_name": "peft", "likes": 0, "model-index": [{"name": "train_2024-02-15-06-06-50", "results": []}], "config": {"tokenizer_config": {"bos_token": "<s>", "chat_template": "{{ bos_token }}{% for message in messages %}{% if (message['role'] == 'user') != (loop.index0 % 2 == 0) %}{{ raise_exception('Conversation roles must alternate user/assistant/user/assistant/...') }}{% endif %}{% if message['role'] == 'user' %}{{ '[INST] ' + message['content'] + ' [/INST]' }}{% elif message['role'] == 'assistant' %}{{ message['content'] + eos_token}}{% else %}{{ raise_exception('Only user and assistant roles are supported!') }}{% endif %}{% endfor %}", "eos_token": "</s>", "pad_token": "</s>", "unk_token": "<unk>", "use_default_system_prompt": false}, "peft": {"base_model_name_or_path": "mistralai/Mixtral-8x7B-Instruct-v0.1", "task_type": "CAUSAL_LM"}}, "cardData": {"license": "other", "library_name": "peft", "tags": ["llama-factory", "lora", "generated_from_trainer"], "base_model": "mistralai/Mixtral-8x7B-Instruct-v0.1", "model-index": [{"name": "train_2024-02-15-06-06-50", "results": []}]}, "siblings": [{"rfilename": ".gitattributes"}, {"rfilename": ".ipynb_checkpoints/README-checkpoint.md"}, {"rfilename": ".ipynb_checkpoints/all_results-checkpoint.json"}, {"rfilename": ".ipynb_checkpoints/tokenizer_config-checkpoint.json"}, {"rfilename": "README.md"}, {"rfilename": "adapter_config.json"}, {"rfilename": "adapter_model.safetensors"}, {"rfilename": "all_results.json"}, {"rfilename": "special_tokens_map.json"}, {"rfilename": "tokenizer.model"}, {"rfilename": "tokenizer_config.json"}, {"rfilename": "train_results.json"}, {"rfilename": "trainer_log.jsonl"}, {"rfilename": "trainer_state.json"}, {"rfilename": "training_args.bin"}], "spaces": [], "createdAt": "2024-02-15T06:37:01.000Z", "inferenceStatus": "not-loaded"}