{"_id": "65a7d0f98581aad8c9ffc329", "id": "h2m/mhm-8x7B-FrankenMoE-v1.0", "modelId": "h2m/mhm-8x7B-FrankenMoE-v1.0", "author": "h2m", "sha": "2f9b50a70193d3f14acf94b4b578e3220f8961cc", "lastModified": "2024-01-24T05:03:35.000Z", "private": false, "disabled": false, "gated": false, "pipeline_tag": "text-generation", "tags": ["transformers", "safetensors", "mixtral", "text-generation", "merge", "moe", "en", "license:apache-2.0", "autotrain_compatible", "text-generation-inference", "endpoints_compatible", "region:us"], "downloads": 1209, "library_name": "transformers", "widgetData": [{"text": "My name is Julien and I like to"}, {"text": "My name is Thomas and my main"}, {"text": "My name is Mariama, my favorite"}, {"text": "My name is Clara and I am"}, {"text": "My name is Lewis and I like to"}, {"text": "My name is Merve and my favorite"}, {"text": "My name is Teven and I am"}, {"text": "Once upon a time,"}], "likes": 2, "model-index": null, "config": {"architectures": ["MixtralForCausalLM"], "model_type": "mixtral", "tokenizer_config": {"bos_token": "<s>", "eos_token": "</s>", "pad_token": "<s>", "unk_token": "<unk>", "use_default_system_prompt": true}}, "cardData": {"license": "apache-2.0", "language": ["en"], "tags": ["merge", "moe"]}, "transformersInfo": {"auto_model": "AutoModelForCausalLM", "pipeline_tag": "text-generation", "processor": "AutoTokenizer"}, "siblings": [{"rfilename": ".gitattributes"}, {"rfilename": ".ipynb_checkpoints/config-checkpoint.json"}, {"rfilename": ".ipynb_checkpoints/mergekit_moe_config-checkpoint.yml"}, {"rfilename": "README.md"}, {"rfilename": "config.json"}, {"rfilename": "mergekit_moe_config.yml"}, {"rfilename": "model-00001-of-00010.safetensors"}, {"rfilename": "model-00002-of-00010.safetensors"}, {"rfilename": "model-00003-of-00010.safetensors"}, {"rfilename": "model-00004-of-00010.safetensors"}, {"rfilename": "model-00005-of-00010.safetensors"}, {"rfilename": "model-00006-of-00010.safetensors"}, {"rfilename": "model-00007-of-00010.safetensors"}, {"rfilename": "model-00008-of-00010.safetensors"}, {"rfilename": "model-00009-of-00010.safetensors"}, {"rfilename": "model-00010-of-00010.safetensors"}, {"rfilename": "model.safetensors.index.json"}, {"rfilename": "special_tokens_map.json"}, {"rfilename": "tokenizer.json"}, {"rfilename": "tokenizer.model"}, {"rfilename": "tokenizer_config.json"}], "spaces": [], "createdAt": "2024-01-17T13:07:05.000Z", "safetensors": {"parameters": {"BF16": 46702792704}, "total": 46702792704}, "inferenceStatus": "not-loaded"}