{"_id": "662f932765b89d0588870290", "id": "h2mrind/finetuning-sentiment-model-3000-samples", "modelId": "h2mrind/finetuning-sentiment-model-3000-samples", "author": "h2mrind", "sha": "8c4ab603401413a177815d8b1ef72352cbcb6daf", "lastModified": "2024-04-29T12:38:10.000Z", "private": false, "disabled": false, "gated": false, "pipeline_tag": "text-classification", "tags": ["transformers", "tensorboard", "safetensors", "distilbert", "text-classification", "autotrain_compatible", "endpoints_compatible", "region:us"], "downloads": 2, "library_name": "transformers", "mask_token": "[MASK]", "widgetData": [{"text": "I like you. I love you"}], "likes": 0, "config": {"architectures": ["DistilBertForSequenceClassification"], "model_type": "distilbert", "tokenizer_config": {"cls_token": "[CLS]", "mask_token": "[MASK]", "pad_token": "[PAD]", "sep_token": "[SEP]", "unk_token": "[UNK]"}}, "transformersInfo": {"auto_model": "AutoModelForSequenceClassification", "pipeline_tag": "text-classification", "processor": "AutoTokenizer"}, "siblings": [{"rfilename": ".gitattributes"}, {"rfilename": "config.json"}, {"rfilename": "model.safetensors"}, {"rfilename": "runs/Apr29_12-31-34_4a7b1c97c945/events.out.tfevents.1714393900.4a7b1c97c945.446.0"}, {"rfilename": "runs/Apr29_12-37-11_4a7b1c97c945/events.out.tfevents.1714394234.4a7b1c97c945.446.1"}, {"rfilename": "special_tokens_map.json"}, {"rfilename": "tokenizer.json"}, {"rfilename": "tokenizer_config.json"}, {"rfilename": "training_args.bin"}, {"rfilename": "vocab.txt"}], "spaces": [], "createdAt": "2024-04-29T12:31:35.000Z", "safetensors": {"parameters": {"F32": 66955010}, "total": 66955010}, "inferenceStatus": "not-loaded"}