{"_id": "65aaf6113b9e1f0f30e9c39e", "id": "H2O234/Piesc_zaglady_pl", "modelId": "H2O234/Piesc_zaglady_pl", "author": "H2O234", "sha": "b1a97c4baf3488ca8c86c19fac6f740201af2eb3", "lastModified": "2024-01-19T22:28:28.000Z", "private": false, "disabled": false, "gated": false, "tags": ["region:us"], "downloads": 0, "likes": 0, "siblings": [{"rfilename": ".gitattributes"}, {"rfilename": "Pi\u0119\u015b\u0107 zag\u0142ady.zip"}], "spaces": [], "createdAt": "2024-01-19T22:22:09.000Z", "inferenceStatus": "not-loaded"}