{"_id": "66834f3ff4dd16f51204424e", "id": "h2oai/deberta_finetuned_pii", "modelId": "h2oai/deberta_finetuned_pii", "author": "h2oai", "sha": "2476be7bc8d53646ea0ccc4284ec77733f2fadfb", "lastModified": "2024-07-02T01:01:43.000Z", "private": false, "disabled": false, "gated": false, "pipeline_tag": "token-classification", "tags": ["transformers", "pytorch", "deberta", "token-classification", "en", "license:mit", "autotrain_compatible", "endpoints_compatible", "region:us"], "downloads": 181, "library_name": "transformers", "mask_token": "[MASK]", "widgetData": [{"text": "My name is Wolfgang and I live in Berlin"}, {"text": "My name is Sarah and I live in London"}, {"text": "My name is Clara and I live in Berkeley, California."}], "likes": 0, "model-index": null, "config": {"architectures": ["DebertaForTokenClassification"], "model_type": "deberta", "tokenizer_config": {"bos_token": "[CLS]", "cls_token": "[CLS]", "eos_token": "[SEP]", "mask_token": "[MASK]", "pad_token": "[PAD]", "sep_token": "[SEP]", "unk_token": "[UNK]"}}, "cardData": {"license": "mit", "language": ["en"], "pipeline_tag": "token-classification"}, "transformersInfo": {"auto_model": "AutoModelForTokenClassification", "pipeline_tag": "token-classification", "processor": "AutoTokenizer"}, "siblings": [{"rfilename": ".gitattributes"}, {"rfilename": "README.md"}, {"rfilename": "added_tokens.json"}, {"rfilename": "config.json"}, {"rfilename": "gitattributes"}, {"rfilename": "merges.txt"}, {"rfilename": "optimizer.pt"}, {"rfilename": "pytorch_model.bin"}, {"rfilename": "rng_state.pth"}, {"rfilename": "scheduler.pt"}, {"rfilename": "special_tokens_map.json"}, {"rfilename": "tokenizer.json"}, {"rfilename": "tokenizer_config.json"}, {"rfilename": "trainer_state.json"}, {"rfilename": "training_args.bin"}, {"rfilename": "vocab.json"}], "spaces": [], "createdAt": "2024-07-02T00:52:15.000Z", "inferenceStatus": "not-loaded"}