{"_id": "665706c4482e3ad17d17a4e8", "id": "h2oai/h2o-danube2-1.8b-chat-GGUF", "modelId": "h2oai/h2o-danube2-1.8b-chat-GGUF", "author": "h2oai", "sha": "8683c1aff099497d64785336532113f61ddf161d", "lastModified": "2024-05-29T11:22:14.000Z", "private": false, "disabled": false, "gated": false, "pipeline_tag": "text-generation", "tags": ["transformers", "gguf", "gpt", "llm", "large language model", "h2o-llmstudio", "text-generation", "en", "arxiv:2306.05685", "license:apache-2.0", "endpoints_compatible", "region:us"], "downloads": 640, "library_name": "transformers", "widgetData": [{"text": "My name is Julien and I like to"}, {"text": "My name is Thomas and my main"}, {"text": "My name is Mariama, my favorite"}, {"text": "My name is Clara and I am"}, {"text": "My name is Lewis and I like to"}, {"text": "My name is Merve and my favorite"}, {"text": "My name is Teven and I am"}, {"text": "Once upon a time,"}], "likes": 5, "model-index": null, "cardData": {"language": ["en"], "library_name": "transformers", "license": "apache-2.0", "tags": ["gpt", "llm", "large language model", "h2o-llmstudio"], "thumbnail": "https://h2o.ai/etc.clientlibs/h2o/clientlibs/clientlib-site/resources/images/favicon.ico", "pipeline_tag": "text-generation", "quantized_by": "h2oai"}, "transformersInfo": {"auto_model": "AutoModel"}, "siblings": [{"rfilename": ".gitattributes"}, {"rfilename": "README.md"}, {"rfilename": "h2o-danube2-1.8b-chat-BF16.gguf"}, {"rfilename": "h2o-danube2-1.8b-chat-F16.gguf"}, {"rfilename": "h2o-danube2-1.8b-chat-F32.gguf"}, {"rfilename": "h2o-danube2-1.8b-chat-Q2_K.gguf"}, {"rfilename": "h2o-danube2-1.8b-chat-Q3_K_L.gguf"}, {"rfilename": "h2o-danube2-1.8b-chat-Q3_K_M.gguf"}, {"rfilename": "h2o-danube2-1.8b-chat-Q3_K_S.gguf"}, {"rfilename": "h2o-danube2-1.8b-chat-Q4_K_M.gguf"}, {"rfilename": "h2o-danube2-1.8b-chat-Q4_K_S.gguf"}, {"rfilename": "h2o-danube2-1.8b-chat-Q5_K_M.gguf"}, {"rfilename": "h2o-danube2-1.8b-chat-Q5_K_S.gguf"}, {"rfilename": "h2o-danube2-1.8b-chat-Q6_K.gguf"}, {"rfilename": "h2o-danube2-1.8b-chat-Q8_0.gguf"}], "spaces": [], "createdAt": "2024-05-29T10:43:16.000Z", "inferenceStatus": "not-loaded"}