{"_id": "660fec5c3a5913155a68725a", "id": "h2oai/h2o-danube2-1.8b-sft", "modelId": "h2oai/h2o-danube2-1.8b-sft", "author": "h2oai", "sha": "f7c8f1812d72ac3f4da8379151fdee4a3b213c1b", "lastModified": "2024-04-22T10:32:51.000Z", "private": false, "disabled": false, "gated": false, "pipeline_tag": "text-generation", "tags": ["transformers", "safetensors", "mistral", "text-generation", "gpt", "llm", "large language model", "h2o-llmstudio", "conversational", "en", "arxiv:2401.16818", "license:apache-2.0", "autotrain_compatible", "text-generation-inference", "endpoints_compatible", "region:us"], "downloads": 4352, "library_name": "transformers", "widgetData": [{"text": "Hey my name is Julien! How are you?"}, {"text": "Hey my name is Thomas! How are you?"}, {"text": "Hey my name is Mariama! How are you?"}, {"text": "Hey my name is Clara! How are you?"}, {"text": "Hey my name is Julien! How are you?"}, {"text": "Hi."}], "likes": 5, "model-index": null, "config": {"architectures": ["MistralForCausalLM"], "model_type": "mistral", "tokenizer_config": {"chat_template": "{% for message in messages %}{% if message['role'] == 'user' %}{{ '<|prompt|>' + message['content'] + eos_token }}{% elif message['role'] == 'system' %}{{ raise_exception('System role not supported') }}{% elif message['role'] == 'assistant' %}{{ '<|answer|>'  + message['content'] + eos_token }}{% endif %}{% if loop.last and add_generation_prompt %}{{ '<|answer|>' }}{% endif %}{% endfor %}", "bos_token": "<s>", "cls_token": "</s>", "eos_token": "</s>", "pad_token": "<unk>", "sep_token": "</s>", "unk_token": "<unk>", "use_default_system_prompt": false}}, "cardData": {"language": ["en"], "library_name": "transformers", "license": "apache-2.0", "tags": ["gpt", "llm", "large language model", "h2o-llmstudio"], "thumbnail": "https://h2o.ai/etc.clientlibs/h2o/clientlibs/clientlib-site/resources/images/favicon.ico", "pipeline_tag": "text-generation"}, "transformersInfo": {"auto_model": "AutoModelForCausalLM", "pipeline_tag": "text-generation", "processor": "AutoTokenizer"}, "siblings": [{"rfilename": ".gitattributes"}, {"rfilename": "README.md"}, {"rfilename": "config.json"}, {"rfilename": "generation_config.json"}, {"rfilename": "model.safetensors"}, {"rfilename": "special_tokens_map.json"}, {"rfilename": "tokenizer.json"}, {"rfilename": "tokenizer.model"}, {"rfilename": "tokenizer_config.json"}], "spaces": ["eduagarcia/open_pt_llm_leaderboard"], "createdAt": "2024-04-05T12:19:40.000Z", "safetensors": {"parameters": {"BF16": 1831201280}, "total": 1831201280}, "inferenceStatus": "not-loaded"}