{"_id": "6473d15c63001a0002d1e829", "id": "h2oai/ggml", "modelId": "h2oai/ggml", "author": "h2oai", "sha": "ad548c1a3f84b1e61346b82bf8dd40cfd6fcb307", "lastModified": "2023-05-30T09:17:49.000Z", "private": false, "disabled": false, "gated": false, "tags": ["license:other", "region:us"], "downloads": 0, "likes": 1, "model-index": null, "cardData": {"license": "other"}, "siblings": [{"rfilename": ".gitattributes"}, {"rfilename": "README.md"}, {"rfilename": "WizardLM-7B-uncensored.ggmlv3.q8_0.bin"}, {"rfilename": "ggml-model-q4_0_13b.bin"}, {"rfilename": "ggml-model-q4_0_7b.bin"}], "spaces": ["akashkj/H2OGPT", "ariel0330/h2osiri", "kelvin-t-lu/chatbot"], "createdAt": "2023-05-28T22:10:36.000Z", "inferenceStatus": "not-loaded"}