{"_id": "65ddcca954a95b60de682b1d", "id": "H336104/mymodel", "modelId": "H336104/mymodel", "author": "H336104", "sha": "e9f07776d5b46ba830e0ba345a87dedc0d8c0b14", "lastModified": "2024-02-27T15:22:40.000Z", "private": false, "disabled": false, "gated": false, "pipeline_tag": "token-classification", "tags": ["transformers", "tensorboard", "safetensors", "bert", "token-classification", "generated_from_trainer", "dataset:conll2003", "base_model:bert-base-uncased", "license:apache-2.0", "model-index", "autotrain_compatible", "endpoints_compatible", "region:us"], "downloads": 1, "library_name": "transformers", "mask_token": "[MASK]", "widgetData": [{"text": "My name is Wolfgang and I live in Berlin"}, {"text": "My name is Sarah and I live in London"}, {"text": "My name is Clara and I live in Berkeley, California."}], "likes": 0, "model-index": [{"name": "mymodel", "results": [{"task": {"name": "Token Classification", "type": "token-classification"}, "dataset": {"name": "conll2003", "type": "conll2003", "config": "conll2003", "split": "validation", "args": "conll2003"}, "metrics": [{"name": "F1", "type": "f1", "value": 0.8445432910132625, "verified": false}, {"name": "Precision", "type": "precision", "value": 0.8428359044175097, "verified": false}, {"name": "Recall", "type": "recall", "value": 0.8473199717355161, "verified": false}]}]}], "config": {"architectures": ["BertForTokenClassification"], "model_type": "bert", "tokenizer_config": {"cls_token": "[CLS]", "mask_token": "[MASK]", "pad_token": "[PAD]", "sep_token": "[SEP]", "unk_token": "[UNK]"}}, "cardData": {"license": "apache-2.0", "base_model": "bert-base-uncased", "tags": ["generated_from_trainer"], "datasets": ["conll2003"], "metrics": ["f1", "precision", "recall"], "model-index": [{"name": "mymodel", "results": [{"task": {"name": "Token Classification", "type": "token-classification"}, "dataset": {"name": "conll2003", "type": "conll2003", "config": "conll2003", "split": "validation", "args": "conll2003"}, "metrics": [{"name": "F1", "type": "f1", "value": 0.8445432910132625, "verified": false}, {"name": "Precision", "type": "precision", "value": 0.8428359044175097, "verified": false}, {"name": "Recall", "type": "recall", "value": 0.8473199717355161, "verified": false}]}]}]}, "transformersInfo": {"auto_model": "AutoModelForTokenClassification", "pipeline_tag": "token-classification", "processor": "AutoTokenizer"}, "siblings": [{"rfilename": ".gitattributes"}, {"rfilename": "README.md"}, {"rfilename": "config.json"}, {"rfilename": "model.safetensors"}, {"rfilename": "runs/Feb27_11-51-04_c6f8277b4081/events.out.tfevents.1709034666.c6f8277b4081.34.0"}, {"rfilename": "runs/Feb27_15-14-07_be68ce37e8b0/events.out.tfevents.1709046849.be68ce37e8b0.34.0"}, {"rfilename": "special_tokens_map.json"}, {"rfilename": "tokenizer.json"}, {"rfilename": "tokenizer_config.json"}, {"rfilename": "training_args.bin"}, {"rfilename": "vocab.txt"}], "spaces": [], "createdAt": "2024-02-27T11:51:05.000Z", "safetensors": {"parameters": {"F32": 334095363}, "total": 334095363}, "inferenceStatus": "not-loaded"}