{"_id": "65fa8c15c7eb2c2a64aca690", "id": "H336104/NERBorder", "modelId": "H336104/NERBorder", "author": "H336104", "sha": "fe6bea7027860adf06dfa59d279664d86582e7c8", "lastModified": "2024-03-25T12:31:49.000Z", "private": false, "disabled": false, "gated": false, "pipeline_tag": "token-classification", "tags": ["transformers", "tensorboard", "safetensors", "bert", "token-classification", "generated_from_trainer", "dataset:generator", "base_model:google-bert/bert-base-chinese", "model-index", "autotrain_compatible", "endpoints_compatible", "region:us"], "downloads": 1, "library_name": "transformers", "mask_token": "[MASK]", "widgetData": [{"text": "My name is Wolfgang and I live in Berlin"}, {"text": "My name is Sarah and I live in London"}, {"text": "My name is Clara and I live in Berkeley, California."}], "likes": 0, "model-index": [{"name": "NERBorder", "results": [{"task": {"name": "Token Classification", "type": "token-classification"}, "dataset": {"name": "generator", "type": "generator", "config": "default", "split": "train", "args": "default"}, "metrics": [{"name": "Precision", "type": "precision", "value": 0.901610712050607, "verified": false}, {"name": "Recall", "type": "recall", "value": 0.8982985303950894, "verified": false}, {"name": "F1", "type": "f1", "value": 0.8999515736949341, "verified": false}]}]}], "config": {"architectures": ["BertForTokenClassification"], "model_type": "bert", "tokenizer_config": {"cls_token": "[CLS]", "mask_token": "[MASK]", "pad_token": "[PAD]", "sep_token": "[SEP]", "unk_token": "[UNK]"}}, "cardData": {"base_model": "google-bert/bert-base-chinese", "tags": ["generated_from_trainer"], "datasets": ["generator"], "metrics": ["precision", "recall", "f1"], "model-index": [{"name": "NERBorder", "results": [{"task": {"name": "Token Classification", "type": "token-classification"}, "dataset": {"name": "generator", "type": "generator", "config": "default", "split": "train", "args": "default"}, "metrics": [{"name": "Precision", "type": "precision", "value": 0.901610712050607, "verified": false}, {"name": "Recall", "type": "recall", "value": 0.8982985303950894, "verified": false}, {"name": "F1", "type": "f1", "value": 0.8999515736949341, "verified": false}]}]}]}, "transformersInfo": {"auto_model": "AutoModelForTokenClassification", "pipeline_tag": "token-classification", "processor": "AutoTokenizer"}, "siblings": [{"rfilename": ".gitattributes"}, {"rfilename": "README.md"}, {"rfilename": "config.json"}, {"rfilename": "model.safetensors"}, {"rfilename": "runs/Mar20_15-06-46_supermicro/events.out.tfevents.1710918408.supermicro.2660342.0"}, {"rfilename": "runs/Mar20_15-10-29_supermicro/events.out.tfevents.1710918632.supermicro.2661526.0"}, {"rfilename": "runs/Mar20_15-17-51_supermicro/events.out.tfevents.1710919073.supermicro.2662640.0"}, {"rfilename": "runs/Mar20_15-19-53_supermicro/events.out.tfevents.1710919196.supermicro.2663303.0"}, {"rfilename": "runs/Mar25_17-17-44_supermicro/events.out.tfevents.1711358266.supermicro.3476667.0"}, {"rfilename": "runs/Mar25_17-19-08_supermicro/events.out.tfevents.1711358351.supermicro.3477082.0"}, {"rfilename": "runs/Mar25_17-21-29_supermicro/events.out.tfevents.1711358491.supermicro.3477633.0"}, {"rfilename": "runs/Mar25_17-23-20_supermicro/events.out.tfevents.1711358602.supermicro.3477976.0"}, {"rfilename": "runs/Mar25_17-47-44_supermicro/events.out.tfevents.1711360076.supermicro.3481966.0"}, {"rfilename": "runs/Mar25_20-07-49_supermicro/events.out.tfevents.1711368471.supermicro.3520570.0"}, {"rfilename": "special_tokens_map.json"}, {"rfilename": "tokenizer.json"}, {"rfilename": "tokenizer_config.json"}, {"rfilename": "training_args.bin"}, {"rfilename": "vocab.txt"}], "spaces": [], "createdAt": "2024-03-20T07:11:17.000Z", "safetensors": {"parameters": {"F32": 101679363}, "total": 101679363}, "inferenceStatus": "not-loaded"}