{"_id": "64d1a974c9d00e3847281fac", "id": "H3LLYALL/Melanie", "modelId": "H3LLYALL/Melanie", "author": "H3LLYALL", "sha": "70e16fade2d56ae60abd9a762a4c5339b0e8a624", "lastModified": "2023-08-08T02:33:24.000Z", "private": false, "disabled": false, "gated": false, "tags": ["license:unknown", "region:us"], "downloads": 0, "likes": 0, "model-index": null, "cardData": {"license": "unknown"}, "siblings": [{"rfilename": ".gitattributes"}, {"rfilename": "README.md"}], "spaces": [], "createdAt": "2023-08-08T02:33:24.000Z", "inferenceStatus": "not-loaded"}