{"_id": "6664f17af6aef6af991d4055", "id": "H3lt3r-Sk3lt3r/Run4", "modelId": "H3lt3r-Sk3lt3r/Run4", "author": "H3lt3r-Sk3lt3r", "sha": "90393d0b92d62169b6f9cf0f2d2996ac71e2b94d", "lastModified": "2024-06-09T00:05:16.000Z", "private": false, "disabled": false, "gated": false, "pipeline_tag": "reinforcement-learning", "tags": ["ml-agents", "tensorboard", "onnx", "SoccerTwos", "deep-reinforcement-learning", "reinforcement-learning", "ML-Agents-SoccerTwos", "region:us"], "downloads": 24, "library_name": "ml-agents", "likes": 0, "model-index": null, "config": {}, "cardData": {"library_name": "ml-agents", "tags": ["SoccerTwos", "deep-reinforcement-learning", "reinforcement-learning", "ML-Agents-SoccerTwos"]}, "siblings": [{"rfilename": ".gitattributes"}, {"rfilename": "README.md"}, {"rfilename": "SoccerTwos.onnx"}, {"rfilename": "SoccerTwos/SoccerTwos-5499990.onnx"}, {"rfilename": "SoccerTwos/SoccerTwos-5499990.pt"}, {"rfilename": "SoccerTwos/SoccerTwos-5999791.onnx"}, {"rfilename": "SoccerTwos/SoccerTwos-5999791.pt"}, {"rfilename": "SoccerTwos/SoccerTwos-6499938.onnx"}, {"rfilename": "SoccerTwos/SoccerTwos-6499938.pt"}, {"rfilename": "SoccerTwos/SoccerTwos-6999972.onnx"}, {"rfilename": "SoccerTwos/SoccerTwos-6999972.pt"}, {"rfilename": "SoccerTwos/SoccerTwos-7000010.onnx"}, {"rfilename": "SoccerTwos/SoccerTwos-7000010.pt"}, {"rfilename": "SoccerTwos/checkpoint.pt"}, {"rfilename": "SoccerTwos/events.out.tfevents.1717833628.DESKTOP-VA12GP7.5900.0"}, {"rfilename": "config.json"}, {"rfilename": "configuration.yaml"}, {"rfilename": "run_logs/Player-0.log"}, {"rfilename": "run_logs/timers.json"}, {"rfilename": "run_logs/training_status.json"}], "spaces": [], "createdAt": "2024-06-09T00:04:10.000Z", "inferenceStatus": "not-loaded"}