{"_id": "66623c6bec18341b26964e18", "id": "H3lt3r-Sk3lt3r/poca-SoccerTwosV2", "modelId": "H3lt3r-Sk3lt3r/poca-SoccerTwosV2", "author": "H3lt3r-Sk3lt3r", "sha": "ef777cfca2e732cf61f3cfa621f27bb363a21cde", "lastModified": "2024-06-06T22:48:13.000Z", "private": false, "disabled": false, "gated": false, "pipeline_tag": "reinforcement-learning", "tags": ["ml-agents", "tensorboard", "onnx", "SoccerTwos", "deep-reinforcement-learning", "reinforcement-learning", "ML-Agents-SoccerTwos", "region:us"], "downloads": 27, "library_name": "ml-agents", "likes": 0, "model-index": null, "config": {}, "cardData": {"library_name": "ml-agents", "tags": ["SoccerTwos", "deep-reinforcement-learning", "reinforcement-learning", "ML-Agents-SoccerTwos"]}, "siblings": [{"rfilename": ".gitattributes"}, {"rfilename": "README.md"}, {"rfilename": "SoccerTwos.onnx"}, {"rfilename": "SoccerTwos/SoccerTwos-10000120.onnx"}, {"rfilename": "SoccerTwos/SoccerTwos-10000120.pt"}, {"rfilename": "SoccerTwos/SoccerTwos-8499974.onnx"}, {"rfilename": "SoccerTwos/SoccerTwos-8499974.pt"}, {"rfilename": "SoccerTwos/SoccerTwos-8999838.onnx"}, {"rfilename": "SoccerTwos/SoccerTwos-8999838.pt"}, {"rfilename": "SoccerTwos/SoccerTwos-9499718.onnx"}, {"rfilename": "SoccerTwos/SoccerTwos-9499718.pt"}, {"rfilename": "SoccerTwos/SoccerTwos-9999956.onnx"}, {"rfilename": "SoccerTwos/SoccerTwos-9999956.pt"}, {"rfilename": "SoccerTwos/checkpoint.pt"}, {"rfilename": "SoccerTwos/events.out.tfevents.1717621707.DESKTOP-VA12GP7.11480.0"}, {"rfilename": "SoccerTwos/events.out.tfevents.1717661186.DESKTOP-VA12GP7.13216.0"}, {"rfilename": "config.json"}, {"rfilename": "configuration.yaml"}, {"rfilename": "run_logs/Player-0.log"}, {"rfilename": "run_logs/timers.json"}, {"rfilename": "run_logs/training_status.json"}], "spaces": [], "createdAt": "2024-06-06T22:47:07.000Z", "inferenceStatus": "not-loaded"}