{"_id": "65dd0de0a8bdde3babc6f465", "id": "h4c5/sts-distilcamembert-base", "modelId": "h4c5/sts-distilcamembert-base", "author": "h4c5", "sha": "357942a17fb86ae7c1c527dc27b16a1c5ba43f2c", "lastModified": "2024-03-03T17:15:24.000Z", "private": false, "disabled": false, "gated": false, "pipeline_tag": "feature-extraction", "tags": ["sentence-transformers", "safetensors", "camembert", "feature-extraction", "sentence-similarity", "transformers", "fr", "dataset:stsb_multi_mt", "arxiv:2205.11111", "arxiv:1911.03894", "arxiv:1908.10084", "arxiv:1910.01108", "base_model:cmarkea/distilcamembert-base", "license:mit", "model-index", "autotrain_compatible", "text-embeddings-inference", "endpoints_compatible", "region:us"], "downloads": 1, "library_name": "sentence-transformers", "mask_token": "<mask>", "likes": 0, "model-index": [{"name": "sts-distilcamembert-base", "results": [{"task": {"name": "Sentence Similarity", "type": "sentence-similarity"}, "dataset": {"name": "STSb French", "type": "stsb_multi_mt", "args": "fr"}, "metrics": [{"name": "Pearson Correlation - stsb_multi_mt fr", "type": "pearsonr", "value": 0.8165, "verified": false}]}]}], "config": {"architectures": ["CamembertModel"], "model_type": "camembert", "tokenizer_config": {"bos_token": "<s>", "cls_token": "<s>", "eos_token": "</s>", "mask_token": "<mask>", "pad_token": "<pad>", "sep_token": "</s>", "unk_token": "<unk>"}}, "cardData": {"language": "fr", "license": "mit", "library_name": "sentence-transformers", "pipeline_tag": "feature-extraction", "tags": ["sentence-transformers", "feature-extraction", "sentence-similarity", "transformers"], "datasets": ["stsb_multi_mt"], "metrics": ["pearsonr"], "base_model": "cmarkea/distilcamembert-base", "model-index": [{"name": "sts-distilcamembert-base", "results": [{"task": {"name": "Sentence Similarity", "type": "sentence-similarity"}, "dataset": {"name": "STSb French", "type": "stsb_multi_mt", "args": "fr"}, "metrics": [{"name": "Pearson Correlation - stsb_multi_mt fr", "type": "pearsonr", "value": 0.8165, "verified": false}]}]}]}, "transformersInfo": {"auto_model": "AutoModel", "pipeline_tag": "feature-extraction", "processor": "AutoTokenizer"}, "siblings": [{"rfilename": ".gitattributes"}, {"rfilename": "1_Pooling/config.json"}, {"rfilename": "README.md"}, {"rfilename": "config.json"}, {"rfilename": "config_sentence_transformers.json"}, {"rfilename": "model.safetensors"}, {"rfilename": "modules.json"}, {"rfilename": "sentence_bert_config.json"}, {"rfilename": "sentencepiece.bpe.model"}, {"rfilename": "special_tokens_map.json"}, {"rfilename": "tokenizer.json"}, {"rfilename": "tokenizer_config.json"}], "spaces": [], "createdAt": "2024-02-26T22:17:04.000Z", "safetensors": {"parameters": {"F32": 68094720}, "total": 68094720}, "inferenceStatus": "not-loaded"}