{"_id": "626ed7d094dcda3e5fbd63c6", "id": "h4d35/Translator", "modelId": "h4d35/Translator", "author": "h4d35", "sha": "83862843027e6a4249bf7c07e75ef1e6fb47dd9f", "lastModified": "2022-05-01T19:35:32.000Z", "private": false, "disabled": false, "gated": false, "pipeline_tag": "text2text-generation", "tags": ["transformers", "pytorch", "m2m_100", "text2text-generation", "autotrain_compatible", "endpoints_compatible", "region:us"], "downloads": 3, "library_name": "transformers", "likes": 0, "config": {"architectures": ["M2M100ForConditionalGeneration"], "model_type": "m2m_100", "tokenizer_config": {"bos_token": "<s>", "eos_token": "</s>", "sep_token": "</s>", "unk_token": "<unk>", "pad_token": "<pad>"}}, "transformersInfo": {"auto_model": "AutoModelForSeq2SeqLM", "pipeline_tag": "text2text-generation", "processor": "AutoTokenizer"}, "siblings": [{"rfilename": ".gitattributes"}, {"rfilename": "config.json"}, {"rfilename": "pytorch_model.bin"}, {"rfilename": "sentencepiece.bpe.model"}, {"rfilename": "special_tokens_map.json"}, {"rfilename": "tokenizer_config.json"}, {"rfilename": "vocab.json"}], "spaces": ["h4d35/Hi2En_translation"], "createdAt": "2022-05-01T18:56:16.000Z", "inferenceStatus": "not-loaded"}