{"_id": "663a04981640a650c0a7d94d", "id": "h4g3n/paraphrase-multilingual-mini-de-en-es-fr-it-nl-pl-pt", "modelId": "h4g3n/paraphrase-multilingual-mini-de-en-es-fr-it-nl-pl-pt", "author": "h4g3n", "sha": "5407f5e0afd5b2ceb7940ca955b948f6ce96a38c", "lastModified": "2024-05-07T10:46:01.000Z", "private": false, "disabled": false, "gated": false, "pipeline_tag": "feature-extraction", "tags": ["transformers", "safetensors", "bert", "feature-extraction", "arxiv:1910.09700", "text-embeddings-inference", "endpoints_compatible", "region:us"], "downloads": 5, "library_name": "transformers", "mask_token": "[MASK]", "likes": 0, "model-index": null, "config": {"architectures": ["BertModel"], "model_type": "bert", "tokenizer_config": {"bos_token": "<s>", "cls_token": "<s>", "eos_token": "</s>", "mask_token": "<mask>", "pad_token": "<pad>", "sep_token": "</s>", "unk_token": "<unk>"}}, "cardData": {"library_name": "transformers", "tags": []}, "transformersInfo": {"auto_model": "AutoModel", "pipeline_tag": "feature-extraction", "processor": "AutoTokenizer"}, "siblings": [{"rfilename": ".gitattributes"}, {"rfilename": "README.md"}, {"rfilename": "config.json"}, {"rfilename": "model.safetensors"}, {"rfilename": "special_tokens_map.json"}, {"rfilename": "tokenizer.json"}, {"rfilename": "tokenizer_config.json"}, {"rfilename": "unigram.json"}], "spaces": [], "createdAt": "2024-05-07T10:38:16.000Z", "safetensors": {"parameters": {"F32": 103458048}, "total": 103458048}, "inferenceStatus": "not-loaded"}