{"_id": "6532e6477b2219fdc0958c31", "id": "H4jyyy/Jennie", "modelId": "H4jyyy/Jennie", "author": "H4jyyy", "sha": "750389a9575130f21f1331df2e0bdb1a9a89e218", "lastModified": "2023-10-20T20:47:03.000Z", "private": false, "disabled": false, "gated": false, "pipeline_tag": "feature-extraction", "tags": ["music", "legal", "singer", "blackpink", "kpop", "korea", "famous", "coachella", "solo", "you and me", "feature-extraction", "ko", "dataset:Open-Orca/OpenOrca", "license:creativeml-openrail-m", "region:us"], "downloads": 0, "likes": 0, "model-index": null, "cardData": {"license": "creativeml-openrail-m", "datasets": ["Open-Orca/OpenOrca"], "language": ["ko"], "metrics": ["character"], "pipeline_tag": "feature-extraction", "tags": ["music", "legal", "singer", "blackpink", "kpop", "korea", "famous", "coachella", "solo", "you and me"]}, "siblings": [{"rfilename": ".gitattributes"}, {"rfilename": "README.md"}], "spaces": [], "createdAt": "2023-10-20T20:42:47.000Z", "inferenceStatus": "not-loaded"}