{"_id": "650bda1334abfe2dc356252b", "id": "h4lo/my_awesome_billsum_model_0921", "modelId": "h4lo/my_awesome_billsum_model_0921", "author": "h4lo", "sha": "e870ccb720574667b87419ae21848315b7c77b58", "lastModified": "2023-09-21T06:09:15.000Z", "private": false, "disabled": false, "gated": false, "pipeline_tag": "text2text-generation", "tags": ["transformers", "pytorch", "tensorboard", "t5", "text2text-generation", "generated_from_trainer", "dataset:billsum", "license:apache-2.0", "model-index", "autotrain_compatible", "text-generation-inference", "endpoints_compatible", "region:us"], "downloads": 1, "library_name": "transformers", "likes": 0, "model-index": [{"name": "my_awesome_eli5_clm-model", "results": [{"task": {"name": "Sequence-to-sequence Language Modeling", "type": "text2text-generation"}, "dataset": {"name": "billsum", "type": "billsum", "config": "default", "split": "ca_test", "args": "default"}, "metrics": [{"name": "Rouge1", "type": "rouge", "value": 0.1959, "verified": false}]}]}], "config": {"architectures": ["T5ForConditionalGeneration"], "model_type": "t5", "tokenizer_config": {"eos_token": "</s>", "pad_token": "<pad>", "unk_token": "<unk>"}}, "cardData": {"license": "apache-2.0", "tags": ["generated_from_trainer"], "datasets": ["billsum"], "metrics": ["rouge"], "model-index": [{"name": "my_awesome_eli5_clm-model", "results": [{"task": {"name": "Sequence-to-sequence Language Modeling", "type": "text2text-generation"}, "dataset": {"name": "billsum", "type": "billsum", "config": "default", "split": "ca_test", "args": "default"}, "metrics": [{"name": "Rouge1", "type": "rouge", "value": 0.1959, "verified": false}]}]}]}, "transformersInfo": {"auto_model": "AutoModelForSeq2SeqLM", "pipeline_tag": "text2text-generation", "processor": "AutoTokenizer"}, "siblings": [{"rfilename": ".gitattributes"}, {"rfilename": ".gitignore"}, {"rfilename": "README.md"}, {"rfilename": "config.json"}, {"rfilename": "generation_config.json"}, {"rfilename": "pytorch_model.bin"}, {"rfilename": "runs/Sep21_06-04-17_cad18e968dc9/1695276261.9296148/events.out.tfevents.1695276261.cad18e968dc9.227.1"}, {"rfilename": "runs/Sep21_06-04-17_cad18e968dc9/events.out.tfevents.1695276261.cad18e968dc9.227.0"}, {"rfilename": "special_tokens_map.json"}, {"rfilename": "tokenizer.json"}, {"rfilename": "tokenizer_config.json"}, {"rfilename": "training_args.bin"}], "spaces": [], "createdAt": "2023-09-21T05:52:19.000Z", "inferenceStatus": "not-loaded"}