{"_id": "64418bb8e46e14ed5595a8dd", "id": "h4rr9/mnist_9bit", "modelId": "h4rr9/mnist_9bit", "author": "h4rr9", "sha": "f246a3b81731b06c208fae33b0ee5a9021a2c381", "lastModified": "2023-04-20T23:46:09.000Z", "private": false, "disabled": false, "gated": false, "tags": ["transformers", "pytorch", "opt", "text-generation-inference", "endpoints_compatible", "region:us"], "downloads": 2, "library_name": "transformers", "likes": 0, "config": {"architectures": ["Tim"], "model_type": "opt", "tokenizer_config": {"bos_token": {"__type": "AddedToken", "content": "</s>", "lstrip": false, "normalized": true, "rstrip": false, "single_word": false}, "eos_token": {"__type": "AddedToken", "content": "</s>", "lstrip": false, "normalized": true, "rstrip": false, "single_word": false}, "pad_token": {"__type": "AddedToken", "content": "<pad>", "lstrip": false, "normalized": true, "rstrip": false, "single_word": false}, "unk_token": {"__type": "AddedToken", "content": "</s>", "lstrip": false, "normalized": true, "rstrip": false, "single_word": false}}}, "transformersInfo": {"auto_model": "Tim", "processor": "AutoTokenizer"}, "siblings": [{"rfilename": ".gitattributes"}, {"rfilename": ".gitignore"}, {"rfilename": "added_tokens.json"}, {"rfilename": "all_results.json"}, {"rfilename": "config.json"}, {"rfilename": "generation_config.json"}, {"rfilename": "merges.txt"}, {"rfilename": "pytorch_model.bin"}, {"rfilename": "special_tokens_map.json"}, {"rfilename": "tokenizer.json"}, {"rfilename": "tokenizer_config.json"}, {"rfilename": "vocab.json"}], "spaces": [], "createdAt": "2023-04-20T19:00:08.000Z", "inferenceStatus": "not-loaded"}