{"_id": "644ead68a00f4b11d3977eb2", "id": "h4rr9/mnist_1bit_text", "modelId": "h4rr9/mnist_1bit_text", "author": "h4rr9", "sha": "bfa2580612e718ba1860d61932c7e2fea576b6c6", "lastModified": "2023-05-01T03:11:01.000Z", "private": false, "disabled": false, "gated": false, "tags": ["transformers", "pytorch", "opt", "text-generation-inference", "endpoints_compatible", "region:us"], "downloads": 2, "library_name": "transformers", "likes": 0, "config": {"architectures": ["Tim"], "model_type": "opt", "tokenizer_config": {"bos_token": {"__type": "AddedToken", "content": "</s>", "lstrip": false, "normalized": true, "rstrip": false, "single_word": false}, "eos_token": {"__type": "AddedToken", "content": "</s>", "lstrip": false, "normalized": true, "rstrip": false, "single_word": false}, "pad_token": {"__type": "AddedToken", "content": "<pad>", "lstrip": false, "normalized": true, "rstrip": false, "single_word": false}, "unk_token": {"__type": "AddedToken", "content": "</s>", "lstrip": false, "normalized": true, "rstrip": false, "single_word": false}}}, "transformersInfo": {"auto_model": "Tim", "processor": "AutoTokenizer"}, "siblings": [{"rfilename": ".gitattributes"}, {"rfilename": ".gitignore"}, {"rfilename": "added_tokens.json"}, {"rfilename": "config.json"}, {"rfilename": "generation_config.json"}, {"rfilename": "merges.txt"}, {"rfilename": "pytorch_model.bin"}, {"rfilename": "special_tokens_map.json"}, {"rfilename": "tokenizer.json"}, {"rfilename": "tokenizer_config.json"}, {"rfilename": "vocab.json"}], "spaces": [], "createdAt": "2023-04-30T18:03:20.000Z", "inferenceStatus": "not-loaded"}