{"_id": "6451004eb3f75261a7cff869", "id": "h4rr9/mnist_9bit_new", "modelId": "h4rr9/mnist_9bit_new", "author": "h4rr9", "sha": "ef93ccbc25360debac4655f1c84c261953f6215b", "lastModified": "2023-05-03T00:13:04.000Z", "private": false, "disabled": false, "gated": false, "tags": ["transformers", "pytorch", "opt", "text-generation-inference", "endpoints_compatible", "region:us"], "downloads": 1, "library_name": "transformers", "likes": 0, "config": {"architectures": ["Tim"], "model_type": "opt", "tokenizer_config": {"bos_token": {"__type": "AddedToken", "content": "</s>", "lstrip": false, "normalized": true, "rstrip": false, "single_word": false}, "eos_token": {"__type": "AddedToken", "content": "</s>", "lstrip": false, "normalized": true, "rstrip": false, "single_word": false}, "pad_token": {"__type": "AddedToken", "content": "<pad>", "lstrip": false, "normalized": true, "rstrip": false, "single_word": false}, "unk_token": {"__type": "AddedToken", "content": "</s>", "lstrip": false, "normalized": true, "rstrip": false, "single_word": false}}}, "transformersInfo": {"auto_model": "Tim", "processor": "AutoTokenizer"}, "siblings": [{"rfilename": ".gitattributes"}, {"rfilename": ".gitignore"}, {"rfilename": "added_tokens.json"}, {"rfilename": "config.json"}, {"rfilename": "generation_config.json"}, {"rfilename": "merges.txt"}, {"rfilename": "pytorch_model.bin"}, {"rfilename": "special_tokens_map.json"}, {"rfilename": "tokenizer.json"}, {"rfilename": "tokenizer_config.json"}, {"rfilename": "vocab.json"}], "spaces": [], "createdAt": "2023-05-02T12:21:34.000Z", "inferenceStatus": "not-loaded"}