{"_id": "65ccbb10b2045f8a9808150a", "id": "h4rz3rk4s3/TinyPoliticaLlama-1.1B-slerp", "modelId": "h4rz3rk4s3/TinyPoliticaLlama-1.1B-slerp", "author": "h4rz3rk4s3", "sha": "e653fa922edb32d53d97dfc340e2c910eca11456", "lastModified": "2024-02-14T13:09:04.000Z", "private": false, "disabled": false, "gated": false, "pipeline_tag": "text-generation", "tags": ["transformers", "safetensors", "llama", "text-generation", "merge", "mergekit", "lazymergekit", "h4rz3rk4s3/TinyNewsLlama-1.1B", "h4rz3rk4s3/TinyParlaMintLlama-1.1B", "conversational", "base_model:h4rz3rk4s3/TinyNewsLlama-1.1B", "base_model:h4rz3rk4s3/TinyParlaMintLlama-1.1B", "autotrain_compatible", "text-generation-inference", "endpoints_compatible", "4-bit", "bitsandbytes", "region:us"], "downloads": 1, "library_name": "transformers", "widgetData": [{"text": "Hey my name is Julien! How are you?"}, {"text": "Hey my name is Thomas! How are you?"}, {"text": "Hey my name is Mariama! How are you?"}, {"text": "Hey my name is Clara! How are you?"}, {"text": "Hey my name is Julien! How are you?"}, {"text": "Hi."}], "likes": 0, "model-index": null, "config": {"architectures": ["LlamaForCausalLM"], "model_type": "llama", "quantization_config": {"load_in_4bit": true, "load_in_8bit": false, "quant_method": "bitsandbytes"}, "tokenizer_config": {"bos_token": "<s>", "chat_template": "{% for message in messages %}\n{% if message['role'] == 'user' %}\n{{ '<|user|>\n' + message['content'] + eos_token }}\n{% elif message['role'] == 'system' %}\n{{ '<|system|>\n' + message['content'] + eos_token }}\n{% elif message['role'] == 'assistant' %}\n{{ '<|assistant|>\n'  + message['content'] + eos_token }}\n{% endif %}\n{% if loop.last and add_generation_prompt %}\n{{ '<|assistant|>' }}\n{% endif %}\n{% endfor %}", "eos_token": "</s>", "pad_token": "</s>", "unk_token": "<unk>", "use_default_system_prompt": false}}, "cardData": {"tags": ["merge", "mergekit", "lazymergekit", "h4rz3rk4s3/TinyNewsLlama-1.1B", "h4rz3rk4s3/TinyParlaMintLlama-1.1B"], "base_model": ["h4rz3rk4s3/TinyNewsLlama-1.1B", "h4rz3rk4s3/TinyParlaMintLlama-1.1B"]}, "transformersInfo": {"auto_model": "AutoModelForCausalLM", "pipeline_tag": "text-generation", "processor": "AutoTokenizer"}, "siblings": [{"rfilename": ".gitattributes"}, {"rfilename": "README.md"}, {"rfilename": "config.json"}, {"rfilename": "mergekit_config.yml"}, {"rfilename": "model-00001-of-00001.safetensors"}, {"rfilename": "model.safetensors.index.json"}, {"rfilename": "special_tokens_map.json"}, {"rfilename": "tokenizer.json"}, {"rfilename": "tokenizer_config.json"}], "spaces": [], "createdAt": "2024-02-14T13:07:28.000Z", "safetensors": {"parameters": {"BF16": 593582080}, "total": 593582080}, "inferenceStatus": "not-loaded"}