{"_id": "667330157313fa15708948b7", "id": "H83/PHI_medium-4bnb-TimeCoder_540_steps_2_batchsize", "modelId": "H83/PHI_medium-4bnb-TimeCoder_540_steps_2_batchsize", "author": "H83", "sha": "651da19bf23238a952bf241ebeb0980c07aa22bb", "lastModified": "2024-06-19T19:23:54.000Z", "private": false, "disabled": false, "gated": false, "tags": ["transformers", "safetensors", "arxiv:1910.09700", "endpoints_compatible", "region:us"], "downloads": 0, "library_name": "transformers", "likes": 0, "model-index": null, "cardData": {"library_name": "transformers", "tags": []}, "transformersInfo": {"auto_model": "AutoModel"}, "siblings": [{"rfilename": ".gitattributes"}, {"rfilename": "README.md"}, {"rfilename": "adapter_config.json"}, {"rfilename": "adapter_model.safetensors"}], "spaces": [], "createdAt": "2024-06-19T19:23:01.000Z", "inferenceStatus": "not-loaded"}