{"_id": "632eb7e0062c0ae2e3fd3ad9", "id": "h8theFather/dom1", "modelId": "h8theFather/dom1", "author": "h8theFather", "sha": "3a837a9d301e6110f8c29e5568a49436d7ddffb1", "lastModified": "2022-09-24T07:55:12.000Z", "private": false, "disabled": false, "gated": false, "tags": ["license:other", "region:us"], "downloads": 0, "likes": 0, "model-index": null, "cardData": {"license": "other"}, "siblings": [{"rfilename": ".gitattributes"}, {"rfilename": "README.md"}], "spaces": [], "createdAt": "2022-09-24T07:55:12.000Z", "inferenceStatus": "not-loaded"}