{"_id": "63f672ff52799101f3d2b42c", "id": "h90a00l/meow_tagging", "modelId": "h90a00l/meow_tagging", "author": "h90a00l", "sha": "adcd46f061b56064504a6458af6fa4a500413c2a", "lastModified": "2023-02-23T00:22:59.000Z", "private": false, "disabled": false, "gated": false, "pipeline_tag": "token-classification", "tags": ["transformers", "pytorch", "tensorboard", "distilbert", "token-classification", "generated_from_trainer", "license:apache-2.0", "autotrain_compatible", "endpoints_compatible", "region:us"], "downloads": 4, "library_name": "transformers", "mask_token": "[MASK]", "widgetData": [{"text": "My name is Wolfgang and I live in Berlin"}, {"text": "My name is Sarah and I live in London"}, {"text": "My name is Clara and I live in Berkeley, California."}], "likes": 0, "model-index": [{"name": "meow_tagging", "results": []}], "config": {"architectures": ["DistilBertForTokenClassification"], "model_type": "distilbert", "tokenizer_config": {"cls_token": "[CLS]", "mask_token": "[MASK]", "pad_token": "[PAD]", "sep_token": "[SEP]", "unk_token": "[UNK]"}}, "cardData": {"license": "apache-2.0", "tags": ["generated_from_trainer"], "metrics": ["precision", "recall", "f1", "accuracy"], "model-index": [{"name": "meow_tagging", "results": []}]}, "transformersInfo": {"auto_model": "AutoModelForTokenClassification", "pipeline_tag": "token-classification", "processor": "AutoTokenizer"}, "siblings": [{"rfilename": ".gitattributes"}, {"rfilename": ".gitignore"}, {"rfilename": "README.md"}, {"rfilename": "config.json"}, {"rfilename": "pytorch_model.bin"}, {"rfilename": "runs/Feb22_19-54-38_b887c88b6d17/1677095685.1393044/events.out.tfevents.1677095685.b887c88b6d17.274.15"}, {"rfilename": "runs/Feb22_19-54-38_b887c88b6d17/events.out.tfevents.1677095685.b887c88b6d17.274.14"}, {"rfilename": "runs/Feb22_20-28-13_b887c88b6d17/1677097700.9038372/events.out.tfevents.1677097700.b887c88b6d17.274.17"}, {"rfilename": "runs/Feb22_20-28-13_b887c88b6d17/events.out.tfevents.1677097700.b887c88b6d17.274.16"}, {"rfilename": "runs/Feb22_20-49-25_b887c88b6d17/1677098969.4304256/events.out.tfevents.1677098969.b887c88b6d17.274.19"}, {"rfilename": "runs/Feb22_20-49-25_b887c88b6d17/events.out.tfevents.1677098969.b887c88b6d17.274.18"}, {"rfilename": "runs/Feb23_00-02-52_ede1c5c36560/1677110645.9687123/events.out.tfevents.1677110645.ede1c5c36560.559.1"}, {"rfilename": "runs/Feb23_00-02-52_ede1c5c36560/events.out.tfevents.1677110645.ede1c5c36560.559.0"}, {"rfilename": "runs/Feb23_00-12-23_ede1c5c36560/1677111146.4005044/events.out.tfevents.1677111146.ede1c5c36560.559.3"}, {"rfilename": "runs/Feb23_00-12-23_ede1c5c36560/events.out.tfevents.1677111146.ede1c5c36560.559.2"}, {"rfilename": "special_tokens_map.json"}, {"rfilename": "tokenizer.json"}, {"rfilename": "tokenizer_config.json"}, {"rfilename": "training_args.bin"}, {"rfilename": "vocab.txt"}], "spaces": [], "createdAt": "2023-02-22T19:54:39.000Z", "inferenceStatus": "not-loaded"}