{"_id": "64dc4d731d19239f50867b34", "id": "h94/IP-Adapter", "modelId": "h94/IP-Adapter", "author": "h94", "sha": "018e402774aeeddd60609b4ecdb7e298259dc729", "lastModified": "2024-03-27T08:33:41.000Z", "private": false, "disabled": false, "gated": false, "pipeline_tag": "text-to-image", "tags": ["diffusers", "safetensors", "text-to-image", "stable-diffusion", "en", "arxiv:2308.06721", "license:apache-2.0", "region:us"], "downloads": 0, "library_name": "diffusers", "likes": 890, "model-index": null, "cardData": {"tags": ["text-to-image", "stable-diffusion"], "license": "apache-2.0", "language": ["en"], "library_name": "diffusers"}, "siblings": [{"rfilename": ".gitattributes"}, {"rfilename": "README.md"}, {"rfilename": "fig1.png"}, {"rfilename": "models/image_encoder/config.json"}, {"rfilename": "models/image_encoder/model.safetensors"}, {"rfilename": "models/image_encoder/pytorch_model.bin"}, {"rfilename": "models/ip-adapter-full-face_sd15.bin"}, {"rfilename": "models/ip-adapter-full-face_sd15.safetensors"}, {"rfilename": "models/ip-adapter-plus-face_sd15.bin"}, {"rfilename": "models/ip-adapter-plus-face_sd15.safetensors"}, {"rfilename": "models/ip-adapter-plus_sd15.bin"}, {"rfilename": "models/ip-adapter-plus_sd15.safetensors"}, {"rfilename": "models/ip-adapter_sd15.bin"}, {"rfilename": "models/ip-adapter_sd15.safetensors"}, {"rfilename": "models/ip-adapter_sd15_light.bin"}, {"rfilename": "models/ip-adapter_sd15_light.safetensors"}, {"rfilename": "models/ip-adapter_sd15_light_v11.bin"}, {"rfilename": "models/ip-adapter_sd15_vit-G.bin"}, {"rfilename": "models/ip-adapter_sd15_vit-G.safetensors"}, {"rfilename": "sdxl_models/image_encoder/config.json"}, {"rfilename": "sdxl_models/image_encoder/model.safetensors"}, {"rfilename": "sdxl_models/image_encoder/pytorch_model.bin"}, {"rfilename": "sdxl_models/ip-adapter-plus-face_sdxl_vit-h.bin"}, {"rfilename": "sdxl_models/ip-adapter-plus-face_sdxl_vit-h.safetensors"}, {"rfilename": "sdxl_models/ip-adapter-plus_sdxl_vit-h.bin"}, {"rfilename": "sdxl_models/ip-adapter-plus_sdxl_vit-h.safetensors"}, {"rfilename": "sdxl_models/ip-adapter_sdxl.bin"}, {"rfilename": "sdxl_models/ip-adapter_sdxl.safetensors"}, {"rfilename": "sdxl_models/ip-adapter_sdxl_vit-h.bin"}, {"rfilename": "sdxl_models/ip-adapter_sdxl_vit-h.safetensors"}], "spaces": ["Wuvin/Unique3D", "okaris/omni-zero", "InstantX/InstantStyle", "fffiloni/ZeST", "Leoxing/PIA", "AP123/AnimateImage", "ozgurkara/RAVE", "MykolaL/StableDesign", "ymzhang319/FoleyCrafter", "radames/InstantStyle-SDXL-Lightning", "ameerazam08/InstantStyle-GPU-Demo", "AP123/InstaSoyjak", "Yiyuan/InteractiveVideo", "radames/InstantStyle-Hyper-SD", "jeasinema/UltraEdit-SD3", "rynmurdock/generative_recsys", "ironbar/IP-Adapter-FaceID-Plus", "radames/InstantStyle-Hyper-SDXL", "tonyassi/IP-Adapter-Playground", "clinteroni/outpainting-with-differential-diffusion-demo", "samir-fama/Image-Adapter-With-Face-ID", "kadirnar/ZeST", "polymathai/AnimationDiff", "Hatman/pixel-prompt", "Dzkaka/remix-yourself", "doevent/ZeST", "Kutches/IP-Adapter-FaceID-Plus", "dmaniloff/API-InstantStyle-SDXL-Lightning", "hideosnes/Zero-Shot-Material-Transfer", "cris2312/pepe", "cocktailpeanut/InstantStyle", "rynmurdock/Blue_Tigers", "Hev832/IP-Adapter-FaceID-Plus", "Deadmon/InstantStyle-SDXL-Lightning", "Deadmon/InstantStyle-Hyper-SD", "neil-ni/Unique3D", "alischme/h94-IP-Adapter", "poetrychor/h94-IP-Adapter", "Sparkles-AI/sd-automatic111", "QAGITECH/h94-IP-Adapter", "poetrychor/h94-IP-Adapterji", "Sagar7777/h94-IP-Adapter", "vaikl/h94-IP-Adapter", "limm2023/h94-IP-Adapter", "duu12/h94-IP-Adapter", "Omega-02/h94-IP-Adapter", "rocky678/h94-IP-Adapter", "johnnygjj/h94-IP-Adapter", "Saketh1430/h94-IP-Adapter", "hycsy2024/h94-IP-Adapter", "Abhinav268/h94-IP-Adapter", "insync17/h94-IP-Adapter", "samuel171731/h94-IP-Adapter", "fraggy2323/h94-IP-Adapter", "youngwoo-dev/test1", "divyanshudk142/h94-IP-Adapter", "Darkknight123a/h94-IP-Adapter", "pablofucu/h94-IP-Adapter", "emrekkklks/h94-IP-Adapter", "unve/h94-IP-Adapter", "cocktailpeanut/generative_recsys", "cocktailpeanut/InstantStyle-SDXL-Lightning", "shivguddadmath/Hyper-SDXL", "cocktailpeanut/ZeST", "hideosnes/SDXL-Lightning", "kartiikx3/h94-IP-Adapter", "tsi-org/Zero-Shot-Material-Transfer", "juntan0101/h94-IP-Adapter", "Deadmon/InstantStyle-Hyper-SDXL", "joelosiris11/h94-IP-Adapter", "TDN-M/StableZip", "mohammadhakimi/ip-adapter", "hypno-ai/InstantStyle", "triangle32/h94-IP-Adapter", "aichampions/omni-zero", "Augustindroid/omni-zero", "eclipsepoc/omni-zero", "Deadmon/omni-zero", "yuezheng/omni-zero-demo", "Gyufyjk/Unique3D", "jantriage/omni-zero-public", "abreza/Unique3D", "utkarshpophli/virtual-try-on-outfit-change", "Nymbo/Style-Transfer", "crossadd6/InstantStyle", "cavargas10/Unico3D", "Gyufyjk/FoleyCrafter"], "createdAt": "2023-08-16T04:15:47.000Z", "inferenceStatus": "not-loaded"}