{"_id": "6659918d390ffe79ba064d73", "id": "h98359311/8527318", "modelId": "h98359311/8527318", "author": "h98359311", "sha": "9b7920b70c3cfcc7b54cc9f293a7a50607577160", "lastModified": "2024-05-31T09:10:43.000Z", "private": false, "disabled": false, "gated": false, "tags": ["license:openrail", "region:us"], "downloads": 0, "likes": 0, "model-index": null, "cardData": {"license": "openrail"}, "siblings": [{"rfilename": ".gitattributes"}, {"rfilename": "ND-\u6210\u719f\u4e8c\u6b21\u5143.safetensors"}, {"rfilename": "README.md"}], "spaces": [], "createdAt": "2024-05-31T08:59:57.000Z", "inferenceStatus": "not-loaded"}