{"_id": "63daf5c2ca02a16f042c53a7", "id": "h9LtLSb/whisper-small-uk", "modelId": "h9LtLSb/whisper-small-uk", "author": "h9LtLSb", "sha": "032e976aa06f3899e9c92db11a391a22530bc9db", "lastModified": "2023-02-03T02:38:23.000Z", "private": false, "disabled": false, "gated": false, "pipeline_tag": "automatic-speech-recognition", "tags": ["transformers", "pytorch", "tensorboard", "whisper", "automatic-speech-recognition", "endpoints_compatible", "region:us"], "downloads": 1, "library_name": "transformers", "likes": 0, "config": {"architectures": ["WhisperForConditionalGeneration"], "model_type": "whisper", "tokenizer_config": {"bos_token": {"__type": "AddedToken", "content": "<|endoftext|>", "lstrip": false, "normalized": true, "rstrip": false, "single_word": false}, "eos_token": {"__type": "AddedToken", "content": "<|endoftext|>", "lstrip": false, "normalized": true, "rstrip": false, "single_word": false}, "pad_token": null, "unk_token": {"__type": "AddedToken", "content": "<|endoftext|>", "lstrip": false, "normalized": true, "rstrip": false, "single_word": false}}}, "transformersInfo": {"auto_model": "AutoModelForSpeechSeq2Seq", "pipeline_tag": "automatic-speech-recognition", "processor": "AutoProcessor"}, "siblings": [{"rfilename": ".gitattributes"}, {"rfilename": ".gitignore"}, {"rfilename": "added_tokens.json"}, {"rfilename": "config.json"}, {"rfilename": "merges.txt"}, {"rfilename": "normalizer.json"}, {"rfilename": "preprocessor_config.json"}, {"rfilename": "pytorch_model.bin"}, {"rfilename": "runs/Feb02_13-32-24_sls-a5-2.csail.mit.edu/1675362795.8382773/events.out.tfevents.1675362795.sls-a5-2.csail.mit.edu.59645.1"}, {"rfilename": "runs/Feb02_13-32-24_sls-a5-2.csail.mit.edu/events.out.tfevents.1675362795.sls-a5-2.csail.mit.edu.59645.0"}, {"rfilename": "runs/Feb02_13-50-05_sls-a5-2.csail.mit.edu/1675363889.3309095/events.out.tfevents.1675363889.sls-a5-2.csail.mit.edu.63087.1"}, {"rfilename": "runs/Feb02_13-50-05_sls-a5-2.csail.mit.edu/events.out.tfevents.1675363889.sls-a5-2.csail.mit.edu.63087.0"}, {"rfilename": "special_tokens_map.json"}, {"rfilename": "tokenizer_config.json"}, {"rfilename": "training_args.bin"}, {"rfilename": "vocab.json"}], "spaces": [], "createdAt": "2023-02-01T23:29:06.000Z", "inferenceStatus": "not-loaded"}