{"_id": "6253577ca06ec75172ef19d4", "id": "h9LtLSb/wav2vec2-large-xls-r-300m-turkish-colab", "modelId": "h9LtLSb/wav2vec2-large-xls-r-300m-turkish-colab", "author": "h9LtLSb", "sha": "76e0a78ace41628cd4c8e0f047903494fdb3a9ad", "lastModified": "2022-04-10T22:23:09.000Z", "private": false, "disabled": false, "gated": false, "tags": ["region:us"], "downloads": 0, "likes": 0, "config": {"tokenizer_config": {"unk_token": "[UNK]", "bos_token": "<s>", "eos_token": "</s>", "pad_token": "[PAD]"}}, "siblings": [{"rfilename": ".gitattributes"}, {"rfilename": "added_tokens.json"}, {"rfilename": "special_tokens_map.json"}, {"rfilename": "tokenizer_config.json"}, {"rfilename": "vocab.json"}], "spaces": [], "createdAt": "2022-04-10T22:17:32.000Z", "inferenceStatus": "not-loaded"}