{"_id": "66687c1238f0c4e56a9a8b74", "id": "H9V8/finetuning-sentiment-model-3000-samples", "modelId": "H9V8/finetuning-sentiment-model-3000-samples", "author": "H9V8", "sha": "02274aee0bd5638961de1a2a70465deb52883f1c", "lastModified": "2024-06-11T16:33:35.000Z", "private": false, "disabled": false, "gated": false, "pipeline_tag": "text-classification", "tags": ["transformers", "tensorboard", "safetensors", "distilbert", "text-classification", "autotrain_compatible", "endpoints_compatible", "region:us"], "downloads": 3, "library_name": "transformers", "mask_token": "[MASK]", "widgetData": [{"text": "I like you. I love you"}], "likes": 0, "config": {"architectures": ["DistilBertForSequenceClassification"], "model_type": "distilbert", "tokenizer_config": {"cls_token": "[CLS]", "mask_token": "[MASK]", "pad_token": "[PAD]", "sep_token": "[SEP]", "unk_token": "[UNK]"}}, "transformersInfo": {"auto_model": "AutoModelForSequenceClassification", "pipeline_tag": "text-classification", "processor": "AutoTokenizer"}, "siblings": [{"rfilename": ".gitattributes"}, {"rfilename": "config.json"}, {"rfilename": "model.safetensors"}, {"rfilename": "runs/Jun11_16-32-32_a708e6db4fad/events.out.tfevents.1718123555.a708e6db4fad.271.0"}, {"rfilename": "special_tokens_map.json"}, {"rfilename": "tokenizer.json"}, {"rfilename": "tokenizer_config.json"}, {"rfilename": "training_args.bin"}, {"rfilename": "vocab.txt"}], "spaces": [], "createdAt": "2024-06-11T16:32:18.000Z", "safetensors": {"parameters": {"F32": 66955779}, "total": 66955779}, "inferenceStatus": "not-loaded"}