{"_id": "63e5174e83f598f276dac003", "id": "ha222222/temp", "modelId": "ha222222/temp", "author": "ha222222", "sha": "8ce71ce64f1c180fa64f0ceeb06fc7f6824e99ab", "lastModified": "2023-04-17T09:17:48.000Z", "private": false, "disabled": false, "gated": false, "tags": ["region:us"], "downloads": 0, "likes": 0, "siblings": [{"rfilename": ".gitattributes"}, {"rfilename": "1_Concept.zip"}, {"rfilename": "230324.zip"}, {"rfilename": "3_Style.zip"}, {"rfilename": "4-13.zip"}, {"rfilename": "A2B.safetensors"}, {"rfilename": "ARS.safetensors"}, {"rfilename": "A_Concept.zip"}, {"rfilename": "CMN.safetensors"}, {"rfilename": "C_Style.rar"}, {"rfilename": "L.zip"}, {"rfilename": "L_2.zip"}, {"rfilename": "M.zip"}, {"rfilename": "M_2.zip"}, {"rfilename": "Nfp16.safetensors"}, {"rfilename": "RDM.safetensors"}, {"rfilename": "already_shared.zip"}, {"rfilename": "chr.zip"}, {"rfilename": "common.zip"}, {"rfilename": "dg.zip"}, {"rfilename": "ff.zip"}, {"rfilename": "inp-ahh.inpainting.ckpt"}, {"rfilename": "inp-tpp.inpainting.ckpt"}, {"rfilename": "tppfp16.safetensors"}, {"rfilename": "vv.zip"}], "spaces": [], "createdAt": "2023-02-09T15:54:54.000Z", "inferenceStatus": "not-loaded"}