{"_id": "648ac6b317c89a045a093a52", "id": "ha4219/detr-resnet-50_finetuned_cppe5", "modelId": "ha4219/detr-resnet-50_finetuned_cppe5", "author": "ha4219", "sha": "a9369b31e2f91dfefcd01f6d96e38763f65b6ae0", "lastModified": "2023-06-15T11:03:04.000Z", "private": false, "disabled": false, "gated": false, "pipeline_tag": "object-detection", "tags": ["transformers", "pytorch", "tensorboard", "detr", "object-detection", "endpoints_compatible", "region:us"], "downloads": 1, "library_name": "transformers", "likes": 0, "config": {"architectures": ["DetrForObjectDetection"], "model_type": "detr"}, "transformersInfo": {"auto_model": "AutoModelForObjectDetection", "pipeline_tag": "object-detection", "processor": "AutoImageProcessor"}, "siblings": [{"rfilename": ".gitattributes"}, {"rfilename": ".gitignore"}, {"rfilename": "config.json"}, {"rfilename": "preprocessor_config.json"}, {"rfilename": "pytorch_model.bin"}, {"rfilename": "runs/Jun15_10-45-53_fe86738ae74e/events.out.tfevents.1686825968.fe86738ae74e.2286.0"}, {"rfilename": "training_args.bin"}], "spaces": [], "createdAt": "2023-06-15T08:07:15.000Z", "inferenceStatus": "not-loaded"}