{"_id": "631444b300600df6872aa265", "id": "ha5b/Testmodel", "modelId": "ha5b/Testmodel", "author": "ha5b", "sha": "cb821f8c838b0198b1ad678288a24456cf2dea4b", "lastModified": "2022-09-04T06:24:51.000Z", "private": false, "disabled": false, "gated": false, "tags": ["license:cc", "region:us"], "downloads": 0, "likes": 0, "model-index": null, "cardData": {"license": "cc"}, "siblings": [{"rfilename": ".gitattributes"}, {"rfilename": "README.md"}], "spaces": [], "createdAt": "2022-09-04T06:24:51.000Z", "inferenceStatus": "not-loaded"}