{"_id": "6543e43ded476297b38bde18", "id": "haalaari/KatarinaLoL", "modelId": "haalaari/KatarinaLoL", "author": "haalaari", "sha": "b3927b20b7d7f45ba8e72ade1bca236796c2168b", "lastModified": "2023-11-02T19:04:37.000Z", "private": false, "disabled": false, "gated": false, "tags": ["license:openrail", "region:us"], "downloads": 0, "likes": 0, "model-index": null, "cardData": {"license": "openrail"}, "siblings": [{"rfilename": ".gitattributes"}, {"rfilename": "BoljaKataLol"}, {"rfilename": "Katarina.zip"}, {"rfilename": "README.md"}], "spaces": [], "createdAt": "2023-11-02T18:02:37.000Z", "inferenceStatus": "not-loaded"}