{"_id": "6543d9eab4a3f3a2f4684bbc", "id": "haalaari/Katarina", "modelId": "haalaari/Katarina", "author": "haalaari", "sha": "fe86692243cba4a071b535efd498fa5b45edc6d8", "lastModified": "2023-11-05T13:52:29.000Z", "private": false, "disabled": false, "gated": false, "tags": ["region:us"], "downloads": 0, "likes": 0, "siblings": [{"rfilename": ".gitattributes"}, {"rfilename": "kata.zip"}, {"rfilename": "tahm.zip"}], "spaces": [], "createdAt": "2023-11-02T17:18:34.000Z", "inferenceStatus": "not-loaded"}