{"_id": "64013f73df246dca23fdd546", "id": "haanjack/poca-SoccerTwos", "modelId": "haanjack/poca-SoccerTwos", "author": "haanjack", "sha": "c1f56f521ebdd789f82a9a9adedfc42b89888dc0", "lastModified": "2023-03-11T20:46:27.000Z", "private": false, "disabled": false, "gated": false, "pipeline_tag": "reinforcement-learning", "tags": ["ml-agents", "tensorboard", "onnx", "unity-ml-agents", "deep-reinforcement-learning", "reinforcement-learning", "ML-Agents-SoccerTwos", "region:us"], "downloads": 1, "library_name": "ml-agents", "likes": 0, "model-index": null, "config": {}, "cardData": {"tags": ["unity-ml-agents", "ml-agents", "deep-reinforcement-learning", "reinforcement-learning", "ML-Agents-SoccerTwos"], "library_name": "ml-agents"}, "siblings": [{"rfilename": ".gitattributes"}, {"rfilename": "README.md"}, {"rfilename": "SoccerTwos/SoccerTwos-5499962.onnx"}, {"rfilename": "SoccerTwos/SoccerTwos-5499962.pt"}, {"rfilename": "SoccerTwos/SoccerTwos-5999992.onnx"}, {"rfilename": "SoccerTwos/SoccerTwos-5999992.pt"}, {"rfilename": "SoccerTwos/SoccerTwos-6499956.onnx"}, {"rfilename": "SoccerTwos/SoccerTwos-6499956.pt"}, {"rfilename": "SoccerTwos/SoccerTwos-6999878.onnx"}, {"rfilename": "SoccerTwos/SoccerTwos-6999878.pt"}, {"rfilename": "SoccerTwos/SoccerTwos-7499935.onnx"}, {"rfilename": "SoccerTwos/SoccerTwos-7499935.pt"}, {"rfilename": "SoccerTwos/checkpoint.pt"}, {"rfilename": "SoccerTwos/events.out.tfevents.1677797127.node1.106279.0"}, {"rfilename": "config.json"}, {"rfilename": "configuration.yaml"}, {"rfilename": "run_logs/Player-0.log"}, {"rfilename": "run_logs/timers.json"}, {"rfilename": "run_logs/training_status.json"}], "spaces": [], "createdAt": "2023-03-03T00:29:39.000Z", "inferenceStatus": "not-loaded"}