{"_id": "64011c64df246dca23f14b38", "id": "haanjack/ppo-pyramids", "modelId": "haanjack/ppo-pyramids", "author": "haanjack", "sha": "8633fe8da5a061f3b51bf362592c81605a75c6e8", "lastModified": "2023-03-02T22:01:12.000Z", "private": false, "disabled": false, "gated": false, "pipeline_tag": "reinforcement-learning", "tags": ["ml-agents", "tensorboard", "onnx", "unity-ml-agents", "deep-reinforcement-learning", "reinforcement-learning", "ML-Agents-Pyramids", "region:us"], "downloads": 1, "library_name": "ml-agents", "likes": 0, "model-index": null, "config": {}, "cardData": {"tags": ["unity-ml-agents", "ml-agents", "deep-reinforcement-learning", "reinforcement-learning", "ML-Agents-Pyramids"], "library_name": "ml-agents"}, "siblings": [{"rfilename": ".gitattributes"}, {"rfilename": "Pyramids.onnx"}, {"rfilename": "Pyramids/Pyramids-1000025.onnx"}, {"rfilename": "Pyramids/Pyramids-1000025.pt"}, {"rfilename": "Pyramids/Pyramids-499967.onnx"}, {"rfilename": "Pyramids/Pyramids-499967.pt"}, {"rfilename": "Pyramids/Pyramids-999978.onnx"}, {"rfilename": "Pyramids/Pyramids-999978.pt"}, {"rfilename": "Pyramids/checkpoint.pt"}, {"rfilename": "Pyramids/events.out.tfevents.1677792130.d505c052930c.4446.0"}, {"rfilename": "README.md"}, {"rfilename": "config.json"}, {"rfilename": "configuration.yaml"}, {"rfilename": "run_logs/Player-0.log"}, {"rfilename": "run_logs/timers.json"}, {"rfilename": "run_logs/training_status.json"}], "spaces": [], "createdAt": "2023-03-02T22:00:04.000Z", "inferenceStatus": "not-loaded"}