{"_id": "640d2ee79421e73471bebfc8", "id": "haanjack/sd-class-butterflies-32", "modelId": "haanjack/sd-class-butterflies-32", "author": "haanjack", "sha": "f1474e151471ab984a8560bc1f9a25f78c7772e0", "lastModified": "2023-03-12T01:46:18.000Z", "private": false, "disabled": false, "gated": false, "tags": ["region:us"], "downloads": 0, "likes": 0, "siblings": [{"rfilename": ".gitattributes"}, {"rfilename": "scheduler_config.json"}], "spaces": [], "createdAt": "2023-03-12T01:46:15.000Z", "inferenceStatus": "not-loaded"}