{"_id": "63b18c861bc4bb9da2170790", "id": "haanba/itscalling-mob-umamusume-concept", "modelId": "haanba/itscalling-mob-umamusume-concept", "author": "haanba", "sha": "0fc1b6a71c2359c93abc0d216c9c8d1b8125b5bb", "lastModified": "2023-01-01T16:18:43.000Z", "private": false, "disabled": false, "gated": false, "pipeline_tag": "text-to-image", "tags": ["tensorboard", "stable-diffusion", "text-to-image", "en", "license:mit", "region:us"], "downloads": 0, "likes": 0, "model-index": null, "cardData": {"language": ["en"], "tags": ["stable-diffusion", "text-to-image"], "inference": false, "license": "mit"}, "siblings": [{"rfilename": ".gitattributes"}, {"rfilename": "LICENSE"}, {"rfilename": "README.md"}, {"rfilename": "checkpoint-5000/custom_checkpoint_0.pkl"}, {"rfilename": "checkpoint-5000/optimizer.bin"}, {"rfilename": "checkpoint-5000/pytorch_model.bin"}, {"rfilename": "checkpoint-5000/random_states_0.pkl"}, {"rfilename": "checkpoint-5000/scheduler.bin"}, {"rfilename": "concept_images/91370005_p0_transparent_512x512.png"}, {"rfilename": "concept_images/FH5MdF7acAA42RG_512x512.png"}, {"rfilename": "concept_images/FRXH5ibUcAE4KLZ_512x512.png"}, {"rfilename": "concept_images/FgzUbx1aEAEFDdO_512x512.png"}, {"rfilename": "concept_images/Fklj8U4aYAIOAGP_512x512.png"}, {"rfilename": "datasets/raw.7z"}, {"rfilename": "datasets/train.7z"}, {"rfilename": "examples/000013.63c4d22c.3505534900.png"}, {"rfilename": "examples/000019.37833118.821696414.png"}, {"rfilename": "examples/000020.58cf5625.460073536.png"}, {"rfilename": "examples/000032.f35340f2.1869090925.png"}, {"rfilename": "learned_embeds.bin"}, {"rfilename": "logs/textual_inversion/1672583939.5176692/events.out.tfevents.1672583939.896729394cea.2319.1"}, {"rfilename": "logs/textual_inversion/1672583939.5238233/hparams.yml"}, {"rfilename": "logs/textual_inversion/events.out.tfevents.1672583939.896729394cea.2319.0"}, {"rfilename": "token_identifier.txt"}, {"rfilename": "type_of_concept.txt"}], "spaces": [], "createdAt": "2023-01-01T13:37:10.000Z", "inferenceStatus": "not-loaded"}