{"_id": "6682267f5f3099b62d498a58", "id": "Haary/TinyLlama-1.1B-gguf-Unsloth", "modelId": "Haary/TinyLlama-1.1B-gguf-Unsloth", "author": "Haary", "sha": "1f25ae59eecf7f51c026f7e57d68cfe46a26eeee", "lastModified": "2024-07-01T03:50:26.000Z", "private": false, "disabled": false, "gated": false, "tags": ["transformers", "gguf", "llama", "text-generation-inference", "unsloth", "en", "base_model:unsloth/tinyllama-chat-bnb-4bit", "license:apache-2.0", "endpoints_compatible", "region:us"], "downloads": 676, "library_name": "transformers", "likes": 0, "model-index": null, "config": {"model_type": "llama"}, "cardData": {"base_model": "unsloth/tinyllama-chat-bnb-4bit", "language": ["en"], "license": "apache-2.0", "tags": ["text-generation-inference", "transformers", "unsloth", "llama", "gguf"]}, "transformersInfo": {"auto_model": "AutoModel"}, "siblings": [{"rfilename": ".gitattributes"}, {"rfilename": "README.md"}, {"rfilename": "config.json"}, {"rfilename": "unsloth.F16.gguf"}, {"rfilename": "unsloth.Q4_K_M.gguf"}, {"rfilename": "unsloth.Q5_K_M.gguf"}], "spaces": [], "createdAt": "2024-07-01T03:46:07.000Z", "inferenceStatus": "not-loaded"}