{"_id": "65d61575900872477fc978aa", "id": "Haary/haryra-7B-gguf", "modelId": "Haary/haryra-7B-gguf", "author": "Haary", "sha": "521e3476cfb7d44938cf8df3a462c6ca525676f3", "lastModified": "2024-02-23T03:21:48.000Z", "private": false, "disabled": false, "gated": false, "tags": ["gguf", "license:apache-2.0", "region:us"], "downloads": 19, "likes": 0, "model-index": null, "cardData": {"license": "apache-2.0"}, "siblings": [{"rfilename": ".gitattributes"}, {"rfilename": "README.md"}, {"rfilename": "haryra-7B.gguf"}], "spaces": [], "createdAt": "2024-02-21T15:23:33.000Z", "inferenceStatus": "not-loaded"}