{"_id": "648bc6a8b814a53a8a7f7f6e", "id": "haarme/falcon-7b-qlora-chat-support-bot-faq", "modelId": "haarme/falcon-7b-qlora-chat-support-bot-faq", "author": "haarme", "sha": "25e5561509c86efe5a86066152549ca28f71ab67", "lastModified": "2023-06-16T07:00:09.000Z", "private": false, "disabled": false, "gated": false, "tags": ["region:us"], "downloads": 0, "likes": 0, "siblings": [{"rfilename": ".gitattributes"}, {"rfilename": "adapter_config.json"}, {"rfilename": "adapter_model.bin"}], "spaces": [], "createdAt": "2023-06-16T02:19:20.000Z", "inferenceStatus": "not-loaded"}