{"_id": "667fe66f7ad6fe37b1c8b6d6", "id": "Haary/USK_Mistral_7B_Unsloth_GGUF", "modelId": "Haary/USK_Mistral_7B_Unsloth_GGUF", "author": "Haary", "sha": "8f3b1c335592cc507f83a49fb7b840e4831b3c6c", "lastModified": "2024-06-29T11:29:20.000Z", "private": false, "disabled": false, "gated": false, "tags": ["transformers", "gguf", "mistral", "text-generation-inference", "unsloth", "en", "id", "dataset:Haary/QA_USK_dataset", "base_model:Ichsan2895/Merak-7B-v4", "license:apache-2.0", "endpoints_compatible", "region:us"], "downloads": 2797, "library_name": "transformers", "likes": 0, "model-index": null, "config": {"model_type": "mistral"}, "cardData": {"base_model": "Ichsan2895/Merak-7B-v4", "language": ["en", "id"], "license": "apache-2.0", "tags": ["text-generation-inference", "transformers", "unsloth", "mistral", "gguf"], "datasets": ["Haary/QA_USK_dataset"]}, "transformersInfo": {"auto_model": "AutoModel"}, "siblings": [{"rfilename": ".gitattributes"}, {"rfilename": "README.md"}, {"rfilename": "config.json"}, {"rfilename": "unsloth.F16.gguf"}, {"rfilename": "unsloth.Q4_K_M.gguf"}, {"rfilename": "unsloth.Q5_K_M.gguf"}], "spaces": [], "createdAt": "2024-06-29T10:48:15.000Z", "inferenceStatus": "not-loaded"}