{"_id": "659e036644f145a7925654c0", "id": "Haary/tinyllama-hary-v1", "modelId": "Haary/tinyllama-hary-v1", "author": "Haary", "sha": "50b1f0d85594e9aad74dd05358ed1bb7230faaef", "lastModified": "2024-01-10T02:39:53.000Z", "private": false, "disabled": false, "gated": false, "tags": ["peft", "safetensors", "arxiv:1910.09700", "base_model:TinyLlama/TinyLlama-1.1B-Chat-v1.0", "region:us"], "downloads": 0, "library_name": "peft", "likes": 0, "model-index": null, "config": {"tokenizer_config": {"bos_token": "<s>", "chat_template": "{% for message in messages %}\n{% if message['role'] == 'user' %}\n{{ '<|user|>\n' + message['content'] + eos_token }}\n{% elif message['role'] == 'system' %}\n{{ '<|system|>\n' + message['content'] + eos_token }}\n{% elif message['role'] == 'assistant' %}\n{{ '<|assistant|>\n'  + message['content'] + eos_token }}\n{% endif %}\n{% if loop.last and add_generation_prompt %}\n{{ '<|assistant|>' }}\n{% endif %}\n{% endfor %}", "eos_token": "</s>", "pad_token": "</s>", "unk_token": "<unk>", "use_default_system_prompt": false}, "peft": {"base_model_name_or_path": "TinyLlama/TinyLlama-1.1B-Chat-v1.0", "task_type": "CAUSAL_LM"}}, "cardData": {"library_name": "peft", "base_model": "TinyLlama/TinyLlama-1.1B-Chat-v1.0"}, "siblings": [{"rfilename": ".gitattributes"}, {"rfilename": "README.md"}, {"rfilename": "adapter_config.json"}, {"rfilename": "adapter_model.safetensors"}, {"rfilename": "special_tokens_map.json"}, {"rfilename": "tokenizer.json"}, {"rfilename": "tokenizer.model"}, {"rfilename": "tokenizer_config.json"}], "spaces": [], "createdAt": "2024-01-10T02:39:34.000Z", "inferenceStatus": "not-loaded"}