{"_id": "667fcb563dd5f4c44ce77892", "id": "Haary/USK_Mistral_7B_Unsloth_adapter", "modelId": "Haary/USK_Mistral_7B_Unsloth_adapter", "author": "Haary", "sha": "48a753c377431de7b26da862b204f5e4a76f8826", "lastModified": "2024-06-29T09:16:33.000Z", "private": false, "disabled": false, "gated": false, "tags": ["transformers", "safetensors", "text-generation-inference", "unsloth", "mistral", "trl", "en", "id", "dataset:Haary/QA_USK_dataset", "base_model:Ichsan2895/Merak-7B-v4", "license:apache-2.0", "endpoints_compatible", "region:us"], "downloads": 0, "library_name": "transformers", "likes": 0, "model-index": null, "config": {"tokenizer_config": {"bos_token": "<s>", "chat_template": "{% if not add_generation_prompt is defined %}{% set add_generation_prompt = false %}{% endif %}{% for message in messages %}{{'<|im_start|>' + message['role'] + '\n' + message['content'] + '<|im_end|>' + '\n'}}{% endfor %}{% if add_generation_prompt %}{{ '<|im_start|>assistant\n' }}{% endif %}", "eos_token": "</s>", "pad_token": "<unk>", "unk_token": "<unk>", "use_default_system_prompt": true}}, "cardData": {"base_model": "Ichsan2895/Merak-7B-v4", "language": ["en", "id"], "license": "apache-2.0", "tags": ["text-generation-inference", "transformers", "unsloth", "mistral", "trl"], "datasets": ["Haary/QA_USK_dataset"]}, "transformersInfo": {"auto_model": "AutoModel"}, "siblings": [{"rfilename": ".gitattributes"}, {"rfilename": "README.md"}, {"rfilename": "adapter_config.json"}, {"rfilename": "adapter_model.safetensors"}, {"rfilename": "added_tokens.json"}, {"rfilename": "special_tokens_map.json"}, {"rfilename": "tokenizer.json"}, {"rfilename": "tokenizer.model"}, {"rfilename": "tokenizer_config.json"}], "spaces": [], "createdAt": "2024-06-29T08:52:38.000Z", "inferenceStatus": "not-loaded"}