{"_id": "662564d9b93582874bbc7261", "id": "habahbeh/xlm-roberta-base-finetuned-panx-ar", "modelId": "habahbeh/xlm-roberta-base-finetuned-panx-ar", "author": "habahbeh", "sha": "9556dd044e021d08e9d0a11fcb458b8edf7ba70a", "lastModified": "2024-05-30T18:43:35.000Z", "private": false, "disabled": false, "gated": false, "pipeline_tag": "token-classification", "tags": ["transformers", "tensorboard", "safetensors", "xlm-roberta", "token-classification", "generated_from_trainer", "base_model:tner/xlm-roberta-base-panx-dataset-ar", "autotrain_compatible", "endpoints_compatible", "region:us"], "downloads": 4, "library_name": "transformers", "mask_token": "<mask>", "widgetData": [{"text": "My name is Wolfgang and I live in Berlin"}, {"text": "My name is Sarah and I live in London"}, {"text": "My name is Clara and I live in Berkeley, California."}], "likes": 0, "model-index": [{"name": "xlm-roberta-base-finetuned-panx-ar", "results": []}], "config": {"architectures": ["XLMRobertaForTokenClassification"], "model_type": "xlm-roberta", "tokenizer_config": {"bos_token": "<s>", "cls_token": "<s>", "eos_token": "</s>", "mask_token": "<mask>", "pad_token": "<pad>", "sep_token": "</s>", "unk_token": "<unk>"}}, "cardData": {"base_model": "tner/xlm-roberta-base-panx-dataset-ar", "tags": ["generated_from_trainer"], "metrics": ["accuracy", "f1", "precision", "recall"], "model-index": [{"name": "xlm-roberta-base-finetuned-panx-ar", "results": []}]}, "transformersInfo": {"auto_model": "AutoModelForTokenClassification", "pipeline_tag": "token-classification", "processor": "AutoTokenizer"}, "siblings": [{"rfilename": ".gitattributes"}, {"rfilename": "README.md"}, {"rfilename": "config.json"}, {"rfilename": "model.safetensors"}, {"rfilename": "runs/Apr21_19-08-29_79c6d00dcfb8/events.out.tfevents.1713726690.79c6d00dcfb8.2187.0"}, {"rfilename": "runs/Apr21_19-08-29_79c6d00dcfb8/events.out.tfevents.1713728278.79c6d00dcfb8.2187.1"}, {"rfilename": "runs/May30_18-19-33_f5ae1d1afe19/events.out.tfevents.1717093354.f5ae1d1afe19.897.0"}, {"rfilename": "runs/May30_18-19-33_f5ae1d1afe19/events.out.tfevents.1717093624.f5ae1d1afe19.897.1"}, {"rfilename": "runs/May30_18-36-42_f5ae1d1afe19/events.out.tfevents.1717094250.f5ae1d1afe19.897.2"}, {"rfilename": "runs/May30_18-36-42_f5ae1d1afe19/events.out.tfevents.1717094571.f5ae1d1afe19.897.3"}, {"rfilename": "sentencepiece.bpe.model"}, {"rfilename": "special_tokens_map.json"}, {"rfilename": "tokenizer.json"}, {"rfilename": "tokenizer_config.json"}, {"rfilename": "training_args.bin"}], "spaces": [], "createdAt": "2024-04-21T19:11:21.000Z", "safetensors": {"parameters": {"F32": 277458439}, "total": 277458439}, "inferenceStatus": "not-loaded"}