{"_id": "63bbec4bebc6b720d60354b1", "id": "habanoz/ppo-LunarLander-v2", "modelId": "habanoz/ppo-LunarLander-v2", "author": "habanoz", "sha": "0154ce8b3d1f6486874f2ec493fc2a8821afe47b", "lastModified": "2023-02-26T15:09:23.000Z", "private": false, "disabled": false, "gated": false, "pipeline_tag": "reinforcement-learning", "tags": ["transformers", "tensorboard", "LunarLander-v2", "ppo", "deep-reinforcement-learning", "reinforcement-learning", "custom-implementation", "deep-rl-course", "model-index", "endpoints_compatible", "region:us"], "downloads": 3, "library_name": "transformers", "likes": 0, "model-index": [{"name": "PPO", "results": [{"task": {"type": "reinforcement-learning", "name": "reinforcement-learning"}, "dataset": {"name": "LunarLander-v2", "type": "LunarLander-v2"}, "metrics": [{"type": "mean_reward", "value": "116.92 +/- 41.03", "name": "mean_reward", "verified": false}]}]}], "config": {}, "cardData": {"tags": ["LunarLander-v2", "ppo", "deep-reinforcement-learning", "reinforcement-learning", "custom-implementation", "deep-rl-course"], "model-index": [{"name": "PPO", "results": [{"task": {"type": "reinforcement-learning", "name": "reinforcement-learning"}, "dataset": {"name": "LunarLander-v2", "type": "LunarLander-v2"}, "metrics": [{"type": "mean_reward", "value": "116.92 +/- 41.03", "name": "mean_reward", "verified": false}]}]}]}, "transformersInfo": {"auto_model": "AutoModel"}, "siblings": [{"rfilename": ".gitattributes"}, {"rfilename": "README.md"}, {"rfilename": "config.json"}, {"rfilename": "logs/events.out.tfevents.1677423335.185a80c4e60f.297.1"}, {"rfilename": "model.pt"}, {"rfilename": "ppo-LunarLander-v2-ts1M.zip"}, {"rfilename": "ppo-LunarLander-v2-ts1M/_stable_baselines3_version"}, {"rfilename": "ppo-LunarLander-v2-ts1M/data"}, {"rfilename": "ppo-LunarLander-v2-ts1M/policy.optimizer.pth"}, {"rfilename": "ppo-LunarLander-v2-ts1M/policy.pth"}, {"rfilename": "ppo-LunarLander-v2-ts1M/pytorch_variables.pth"}, {"rfilename": "ppo-LunarLander-v2-ts1M/system_info.txt"}, {"rfilename": "replay.mp4"}, {"rfilename": "results.json"}], "spaces": [], "createdAt": "2023-01-09T10:28:27.000Z", "inferenceStatus": "not-loaded"}