{"_id": "6262ee2d3662a749162cb664", "id": "Habana/bert-large-uncased-whole-word-masking", "modelId": "Habana/bert-large-uncased-whole-word-masking", "author": "Habana", "sha": "61f4c938feea01de068b68aac1ee1dfac0743066", "lastModified": "2023-09-08T16:18:32.000Z", "private": false, "disabled": false, "gated": false, "tags": ["optimum_habana", "license:apache-2.0", "region:us"], "downloads": 15131, "likes": 0, "model-index": null, "cardData": {"license": "apache-2.0"}, "siblings": [{"rfilename": ".gitattributes"}, {"rfilename": "README.md"}, {"rfilename": "gaudi_config.json"}], "spaces": [], "createdAt": "2022-04-22T18:04:29.000Z", "inferenceStatus": "not-loaded"}