{"_id": "63723dd43010b4dd308784f9", "id": "Habana/stable-diffusion", "modelId": "Habana/stable-diffusion", "author": "Habana", "sha": "60ee357057ec90d2b183de22d0327ddd5d5a6db9", "lastModified": "2023-09-07T11:08:09.000Z", "private": false, "disabled": false, "gated": false, "tags": ["optimum_habana", "license:apache-2.0", "region:us"], "downloads": 4821, "likes": 1, "model-index": null, "cardData": {"license": "apache-2.0"}, "siblings": [{"rfilename": ".gitattributes"}, {"rfilename": "README.md"}, {"rfilename": "gaudi_config.json"}], "spaces": ["MMPano/MMPano"], "createdAt": "2022-11-14T13:08:36.000Z", "inferenceStatus": "not-loaded"}