{"_id": "655ea918337a5d2e37a51fd5", "id": "habanoz/phi-1_5-lr-5-3epch-airoboros3.1-1k-instruct-V1", "modelId": "habanoz/phi-1_5-lr-5-3epch-airoboros3.1-1k-instruct-V1", "author": "habanoz", "sha": "21e221f27e4cfdafde91634d415a350eb824328e", "lastModified": "2023-11-23T04:44:29.000Z", "private": false, "disabled": false, "gated": false, "pipeline_tag": "text-generation", "tags": ["transformers", "safetensors", "phi", "text-generation", "custom_code", "en", "dataset:habanoz/airoboros-3.1-no-mathjson-max-1k", "base_model:microsoft/phi-1_5", "license:apache-2.0", "autotrain_compatible", "text-generation-inference", "endpoints_compatible", "region:us"], "downloads": 1, "library_name": "transformers", "widgetData": [{"text": "My name is Julien and I like to"}, {"text": "My name is Thomas and my main"}, {"text": "My name is Mariama, my favorite"}, {"text": "My name is Clara and I am"}, {"text": "My name is Lewis and I like to"}, {"text": "My name is Merve and my favorite"}, {"text": "My name is Teven and I am"}, {"text": "Once upon a time,"}], "likes": 0, "model-index": null, "config": {"architectures": ["PhiForCausalLM"], "auto_map": {"AutoConfig": "microsoft/phi-1_5--configuration_phi.PhiConfig", "AutoModelForCausalLM": "microsoft/phi-1_5--modeling_phi.PhiForCausalLM"}, "model_type": "phi", "tokenizer_config": {"bos_token": "<|endoftext|>", "eos_token": "<|endoftext|>", "unk_token": "<|endoftext|>"}}, "cardData": {"license": "apache-2.0", "datasets": ["habanoz/airoboros-3.1-no-mathjson-max-1k"], "language": ["en"], "library_name": "transformers", "pipeline_tag": "text-generation", "base_model": "microsoft/phi-1_5"}, "transformersInfo": {"auto_model": "AutoModelForCausalLM", "pipeline_tag": "text-generation", "processor": "AutoTokenizer"}, "siblings": [{"rfilename": ".gitattributes"}, {"rfilename": "README.md"}, {"rfilename": "added_tokens.json"}, {"rfilename": "config.json"}, {"rfilename": "generation_config.json"}, {"rfilename": "merges.txt"}, {"rfilename": "model.safetensors"}, {"rfilename": "special_tokens_map.json"}, {"rfilename": "tokenizer.json"}, {"rfilename": "tokenizer_config.json"}, {"rfilename": "vocab.json"}], "spaces": [], "createdAt": "2023-11-23T01:21:28.000Z", "safetensors": {"parameters": {"BF16": 1418270720}, "total": 1418270720}, "inferenceStatus": "not-loaded"}