{"_id": "63fb7823e7c66d1eab126393", "id": "habanoz/ppo-clip-LunarLander-v2", "modelId": "habanoz/ppo-clip-LunarLander-v2", "author": "habanoz", "sha": "4f6235e2b31013c0d4f7e007d66fc937c0852b03", "lastModified": "2023-02-26T15:18:20.000Z", "private": false, "disabled": false, "gated": false, "pipeline_tag": "reinforcement-learning", "tags": ["tensorboard", "LunarLander-v2", "ppo", "deep-reinforcement-learning", "reinforcement-learning", "custom-implementation", "deep-rl-course", "model-index", "region:us"], "downloads": 0, "likes": 0, "model-index": [{"name": "PPO", "results": [{"task": {"type": "reinforcement-learning", "name": "reinforcement-learning"}, "dataset": {"name": "LunarLander-v2", "type": "LunarLander-v2"}, "metrics": [{"type": "mean_reward", "value": "115.05 +/- 39.60", "name": "mean_reward", "verified": false}]}]}], "cardData": {"tags": ["LunarLander-v2", "ppo", "deep-reinforcement-learning", "reinforcement-learning", "custom-implementation", "deep-rl-course"], "model-index": [{"name": "PPO", "results": [{"task": {"type": "reinforcement-learning", "name": "reinforcement-learning"}, "dataset": {"name": "LunarLander-v2", "type": "LunarLander-v2"}, "metrics": [{"type": "mean_reward", "value": "115.05 +/- 39.60", "name": "mean_reward", "verified": false}]}]}]}, "siblings": [{"rfilename": ".gitattributes"}, {"rfilename": "README.md"}, {"rfilename": "logs/events.out.tfevents.1677423335.185a80c4e60f.297.1"}, {"rfilename": "model.pt"}, {"rfilename": "replay.mp4"}, {"rfilename": "results.json"}], "spaces": [], "createdAt": "2023-02-26T15:17:55.000Z", "inferenceStatus": "not-loaded"}