{"_id": "6262ee93d73a349ca94458c0", "id": "Habana/distilbert-base-uncased", "modelId": "Habana/distilbert-base-uncased", "author": "Habana", "sha": "145f34dd74c48c864a3aa8c508c8aa7028f1cecc", "lastModified": "2023-08-18T16:52:57.000Z", "private": false, "disabled": false, "gated": false, "tags": ["optimum_habana", "license:apache-2.0", "region:us"], "downloads": 4263, "likes": 0, "model-index": null, "cardData": {"license": "apache-2.0"}, "siblings": [{"rfilename": ".gitattributes"}, {"rfilename": "README.md"}, {"rfilename": "gaudi_config.json"}], "spaces": [], "createdAt": "2022-04-22T18:06:11.000Z", "inferenceStatus": "not-loaded"}