{"_id": "6262ee53c868d5aa55147786", "id": "Habana/albert-large-v2", "modelId": "Habana/albert-large-v2", "author": "Habana", "sha": "86011539e3366fbf301963f3ac2e0880be9c500e", "lastModified": "2024-02-20T23:53:51.000Z", "private": false, "disabled": false, "gated": false, "tags": ["optimum_habana", "license:apache-2.0", "region:us"], "downloads": 1404, "likes": 0, "model-index": null, "cardData": {"license": "apache-2.0"}, "siblings": [{"rfilename": ".gitattributes"}, {"rfilename": "README.md"}, {"rfilename": "gaudi_config.json"}], "spaces": [], "createdAt": "2022-04-22T18:05:07.000Z", "inferenceStatus": "not-loaded"}