{"_id": "64a7c554b5e5c56860ba6047", "id": "Habana/bart", "modelId": "Habana/bart", "author": "Habana", "sha": "ad060e7952df5942dcfefbfcb4712e840c9ba48b", "lastModified": "2023-10-17T11:27:05.000Z", "private": false, "disabled": false, "gated": false, "tags": ["optimum_habana", "license:apache-2.0", "region:us"], "downloads": 93, "likes": 0, "model-index": null, "cardData": {"license": "apache-2.0"}, "siblings": [{"rfilename": ".gitattributes"}, {"rfilename": "README.md"}, {"rfilename": "gaudi_config.json"}], "spaces": [], "createdAt": "2023-07-07T07:57:08.000Z", "inferenceStatus": "not-loaded"}