{"_id": "6262ee6f2597e1cb7c761d6b", "id": "Habana/albert-xxlarge-v1", "modelId": "Habana/albert-xxlarge-v1", "author": "Habana", "sha": "3e6f94f45289e22cffd026ad70667c07e6bd4a85", "lastModified": "2024-02-16T08:04:52.000Z", "private": false, "disabled": false, "gated": false, "tags": ["optimum_habana", "license:apache-2.0", "region:us"], "downloads": 1311, "likes": 0, "model-index": null, "cardData": {"license": "apache-2.0"}, "siblings": [{"rfilename": ".gitattributes"}, {"rfilename": "README.md"}, {"rfilename": "gaudi_config.json"}], "spaces": [], "createdAt": "2022-04-22T18:05:35.000Z", "inferenceStatus": "not-loaded"}