{"_id": "63fb47d4a36232b5b1d663cd", "id": "habanoz/ppo-CartPole-v1", "modelId": "habanoz/ppo-CartPole-v1", "author": "habanoz", "sha": "07a93e21f8df5f610a9d1c047fc7635db1342e67", "lastModified": "2023-02-26T14:52:23.000Z", "private": false, "disabled": false, "gated": false, "pipeline_tag": "reinforcement-learning", "tags": ["tensorboard", "CartPole-v1", "ppo", "deep-reinforcement-learning", "reinforcement-learning", "custom-implementation", "deep-rl-course", "model-index", "region:us"], "downloads": 0, "likes": 0, "model-index": [{"name": "PPO", "results": [{"task": {"type": "reinforcement-learning", "name": "reinforcement-learning"}, "dataset": {"name": "CartPole-v1", "type": "CartPole-v1"}, "metrics": [{"type": "mean_reward", "value": "417.10 +/- 88.68", "name": "mean_reward", "verified": false}]}]}], "cardData": {"tags": ["CartPole-v1", "ppo", "deep-reinforcement-learning", "reinforcement-learning", "custom-implementation", "deep-rl-course"], "model-index": [{"name": "PPO", "results": [{"task": {"type": "reinforcement-learning", "name": "reinforcement-learning"}, "dataset": {"name": "CartPole-v1", "type": "CartPole-v1"}, "metrics": [{"type": "mean_reward", "value": "417.10 +/- 88.68", "name": "mean_reward", "verified": false}]}]}]}, "siblings": [{"rfilename": ".gitattributes"}, {"rfilename": "README.md"}, {"rfilename": "logs/events.out.tfevents.1677411901.911fa8ac39d2.105.1"}, {"rfilename": "logs/events.out.tfevents.1677412534.911fa8ac39d2.105.2"}, {"rfilename": "logs/events.out.tfevents.1677422045.185a80c4e60f.297.0"}, {"rfilename": "model.pt"}, {"rfilename": "replay.mp4"}, {"rfilename": "results.json"}], "spaces": [], "createdAt": "2023-02-26T11:51:48.000Z", "inferenceStatus": "not-loaded"}