{"_id": "663277bec57e46020d58c215", "id": "Habana/falcon", "modelId": "Habana/falcon", "author": "Habana", "sha": "6fda724d3024060b67135cbb67fbe2eb0f8b8572", "lastModified": "2024-05-01T17:13:46.000Z", "private": false, "disabled": false, "gated": false, "tags": ["optimum_habana", "license:apache-2.0", "region:us"], "downloads": 229, "likes": 0, "model-index": null, "cardData": {"license": "apache-2.0"}, "siblings": [{"rfilename": ".gitattributes"}, {"rfilename": "README.md"}, {"rfilename": "gaudi_config.json"}], "spaces": [], "createdAt": "2024-05-01T17:11:26.000Z", "inferenceStatus": "not-loaded"}