{"_id": "634af99af5a75f538f6c854a", "id": "Habana/wav2vec2", "modelId": "Habana/wav2vec2", "author": "Habana", "sha": "8728903e93bdfe1e8a26463c2f8e441357c4312c", "lastModified": "2023-11-27T18:44:01.000Z", "private": false, "disabled": false, "gated": false, "tags": ["optimum_habana", "license:apache-2.0", "region:us"], "downloads": 9373, "likes": 0, "model-index": null, "cardData": {"license": "apache-2.0"}, "siblings": [{"rfilename": ".gitattributes"}, {"rfilename": "README.md"}, {"rfilename": "gaudi_config.json"}], "spaces": [], "createdAt": "2022-10-15T18:19:06.000Z", "inferenceStatus": "not-loaded"}