{"_id": "63048b9134c824b1724c1b1a", "id": "Habana/swin", "modelId": "Habana/swin", "author": "Habana", "sha": "0f0e61012c1683cc079477efc03235fce076bf20", "lastModified": "2023-07-25T21:36:24.000Z", "private": false, "disabled": false, "gated": false, "tags": ["optimum_habana", "license:apache-2.0", "region:us"], "downloads": 8946, "likes": 0, "model-index": null, "cardData": {"license": "apache-2.0"}, "siblings": [{"rfilename": ".gitattributes"}, {"rfilename": "README.md"}, {"rfilename": "gaudi_config.json"}], "spaces": [], "createdAt": "2022-08-23T08:10:57.000Z", "inferenceStatus": "not-loaded"}