{"_id": "64438c573dc2837763264f89", "id": "Habana/stable-diffusion-2", "modelId": "Habana/stable-diffusion-2", "author": "Habana", "sha": "2f59071eb910baef2664177e4182b83e95e9adaf", "lastModified": "2024-01-17T18:05:33.000Z", "private": false, "disabled": false, "gated": false, "tags": ["optimum_habana", "license:apache-2.0", "region:us"], "downloads": 284, "likes": 1, "model-index": null, "cardData": {"license": "apache-2.0"}, "siblings": [{"rfilename": ".gitattributes"}, {"rfilename": "README.md"}, {"rfilename": "gaudi_config.json"}], "spaces": [], "createdAt": "2023-04-22T07:27:19.000Z", "inferenceStatus": "not-loaded"}