{"_id": "629b7dadb406bbde07e8f537", "id": "Habana/t5", "modelId": "Habana/t5", "author": "Habana", "sha": "40e664bf7dbd1d2189133b5adb456a09d265e67b", "lastModified": "2024-04-19T10:45:13.000Z", "private": false, "disabled": false, "gated": false, "tags": ["optimum_habana", "license:apache-2.0", "region:us"], "downloads": 13331, "likes": 0, "model-index": null, "cardData": {"license": "apache-2.0"}, "siblings": [{"rfilename": ".gitattributes"}, {"rfilename": "README.md"}, {"rfilename": "gaudi_config.json"}], "spaces": [], "createdAt": "2022-06-04T15:43:41.000Z", "inferenceStatus": "not-loaded"}