{"_id": "63fb7b80a36232b5b1d8a267", "id": "habanoz/ppo-sb3-lunarlander-v2", "modelId": "habanoz/ppo-sb3-lunarlander-v2", "author": "habanoz", "sha": "e2bad566b362cdb32b89ac6a00919e486ddb81a4", "lastModified": "2023-02-26T17:20:00.000Z", "private": false, "disabled": false, "gated": false, "pipeline_tag": "reinforcement-learning", "tags": ["stable-baselines3", "LunarLander-v2", "deep-reinforcement-learning", "reinforcement-learning", "model-index", "region:us"], "downloads": 0, "library_name": "stable-baselines3", "likes": 0, "model-index": [{"name": "ppo-mlp", "results": [{"task": {"type": "reinforcement-learning", "name": "reinforcement-learning"}, "dataset": {"name": "LunarLander-v2", "type": "LunarLander-v2"}, "metrics": [{"type": "mean_reward", "value": "260.06 +/- 17.30", "name": "mean_reward", "verified": false}]}]}], "config": {}, "cardData": {"library_name": "stable-baselines3", "tags": ["LunarLander-v2", "deep-reinforcement-learning", "reinforcement-learning", "stable-baselines3"], "model-index": [{"name": "ppo-mlp", "results": [{"task": {"type": "reinforcement-learning", "name": "reinforcement-learning"}, "dataset": {"name": "LunarLander-v2", "type": "LunarLander-v2"}, "metrics": [{"type": "mean_reward", "value": "260.06 +/- 17.30", "name": "mean_reward", "verified": false}]}]}]}, "siblings": [{"rfilename": ".gitattributes"}, {"rfilename": "README.md"}, {"rfilename": "config.json"}, {"rfilename": "lunalar-lander-v2-ppo-mlp-1.zip"}, {"rfilename": "lunalar-lander-v2-ppo-mlp-1/_stable_baselines3_version"}, {"rfilename": "lunalar-lander-v2-ppo-mlp-1/data"}, {"rfilename": "lunalar-lander-v2-ppo-mlp-1/policy.optimizer.pth"}, {"rfilename": "lunalar-lander-v2-ppo-mlp-1/policy.pth"}, {"rfilename": "lunalar-lander-v2-ppo-mlp-1/pytorch_variables.pth"}, {"rfilename": "lunalar-lander-v2-ppo-mlp-1/system_info.txt"}, {"rfilename": "replay.mp4"}, {"rfilename": "results.json"}], "spaces": [], "createdAt": "2023-02-26T15:32:16.000Z", "inferenceStatus": "not-loaded"}