{"_id": "66672770f0e3bf0881862841", "id": "habedi/deberta-v3-small-kaggle-mlm", "modelId": "habedi/deberta-v3-small-kaggle-mlm", "author": "habedi", "sha": "197bb38753e9a83f8e13e49ca32b1226b8ba513c", "lastModified": "2024-06-10T20:02:08.000Z", "private": false, "disabled": false, "gated": false, "pipeline_tag": "fill-mask", "tags": ["transformers", "safetensors", "deberta-v2", "fill-mask", "generated_from_trainer", "base_model:microsoft/deberta-v3-small", "license:mit", "autotrain_compatible", "endpoints_compatible", "region:us"], "downloads": 1, "library_name": "transformers", "mask_token": "[MASK]", "widgetData": [{"text": "Paris is the [MASK] of France."}, {"text": "The goal of life is [MASK]."}], "likes": 0, "model-index": [{"name": "deberta-v3-small-kaggle-mlm", "results": []}], "config": {"architectures": ["DebertaV2ForMaskedLM"], "model_type": "deberta-v2"}, "cardData": {"license": "mit", "base_model": "microsoft/deberta-v3-small", "tags": ["generated_from_trainer"], "model-index": [{"name": "deberta-v3-small-kaggle-mlm", "results": []}]}, "transformersInfo": {"auto_model": "AutoModelForMaskedLM", "pipeline_tag": "fill-mask", "processor": "AutoTokenizer"}, "siblings": [{"rfilename": ".gitattributes"}, {"rfilename": "README.md"}, {"rfilename": "config.json"}, {"rfilename": "model.safetensors"}, {"rfilename": "training_args.bin"}], "spaces": [], "createdAt": "2024-06-10T16:18:56.000Z", "safetensors": {"parameters": {"F32": 142024548}, "total": 142024548}, "inferenceStatus": "not-loaded"}