{"_id": "665b7447e0e2374ca26b47b0", "id": "Habeebbk950/Habeebbk", "modelId": "Habeebbk950/Habeebbk", "author": "Habeebbk950", "sha": "7cf6b5c8dffac3c5391abb73f1bcef77197c07e8", "lastModified": "2024-06-01T19:20:14.000Z", "private": false, "disabled": false, "gated": false, "pipeline_tag": "summarization", "tags": ["adapter-transformers", "biology", "summarization", "aa", "dataset:HuggingFaceFW/fineweb", "license:apache-2.0", "region:us"], "downloads": 0, "library_name": "adapter-transformers", "likes": 0, "model-index": null, "cardData": {"license": "apache-2.0", "datasets": ["HuggingFaceFW/fineweb"], "language": ["aa"], "metrics": ["accuracy"], "library_name": "adapter-transformers", "pipeline_tag": "summarization", "tags": ["biology"]}, "siblings": [{"rfilename": ".gitattributes"}, {"rfilename": "README.md"}], "spaces": [], "createdAt": "2024-06-01T19:19:35.000Z", "inferenceStatus": "not-loaded"}