{"_id": "6667c14483de542b7273cf0c", "id": "habedi/deberta-v3-large-kaggle-mlm", "modelId": "habedi/deberta-v3-large-kaggle-mlm", "author": "habedi", "sha": "c3644023bfa59255ba9c2d161380c8882d864004", "lastModified": "2024-06-11T11:15:37.000Z", "private": false, "disabled": false, "gated": false, "pipeline_tag": "fill-mask", "tags": ["transformers", "safetensors", "deberta-v2", "fill-mask", "generated_from_trainer", "base_model:microsoft/deberta-v3-large", "license:mit", "autotrain_compatible", "endpoints_compatible", "region:us"], "downloads": 0, "library_name": "transformers", "mask_token": "[MASK]", "widgetData": [{"text": "Paris is the [MASK] of France."}, {"text": "The goal of life is [MASK]."}], "likes": 0, "model-index": [{"name": "deberta-v3-large-kaggle-mlm", "results": []}], "config": {"architectures": ["DebertaV2ForMaskedLM"], "model_type": "deberta-v2"}, "cardData": {"license": "mit", "base_model": "microsoft/deberta-v3-large", "tags": ["generated_from_trainer"], "model-index": [{"name": "deberta-v3-large-kaggle-mlm", "results": []}]}, "transformersInfo": {"auto_model": "AutoModelForMaskedLM", "pipeline_tag": "fill-mask", "processor": "AutoTokenizer"}, "siblings": [{"rfilename": ".gitattributes"}, {"rfilename": "README.md"}, {"rfilename": "config.json"}, {"rfilename": "model.safetensors"}, {"rfilename": "training_args.bin"}], "spaces": [], "createdAt": "2024-06-11T03:15:16.000Z", "safetensors": {"parameters": {"F32": 435191908}, "total": 435191908}, "inferenceStatus": "not-loaded"}