{"_id": "66725f99f36f8683935fea7d", "id": "habin/EEVE-Korean-kornerstone-10.8B-v1.0", "modelId": "habin/EEVE-Korean-kornerstone-10.8B-v1.0", "author": "habin", "sha": "1b3b46cf31065bf021cb6b9e98aeed8e5cea8d2e", "lastModified": "2024-06-19T05:03:07.000Z", "private": false, "disabled": false, "gated": false, "pipeline_tag": "text-generation", "tags": ["transformers", "safetensors", "llama", "text-generation", "conversational", "arxiv:1910.09700", "autotrain_compatible", "text-generation-inference", "endpoints_compatible", "region:us"], "downloads": 2, "library_name": "transformers", "widgetData": [{"text": "Hey my name is Julien! How are you?"}, {"text": "Hey my name is Thomas! How are you?"}, {"text": "Hey my name is Mariama! How are you?"}, {"text": "Hey my name is Clara! How are you?"}, {"text": "Hey my name is Julien! How are you?"}, {"text": "Hi."}], "likes": 0, "model-index": null, "config": {"architectures": ["LlamaForCausalLM"], "model_type": "llama", "tokenizer_config": {"bos_token": "<s>", "chat_template": "{% if messages[0]['role'] == 'system' %}{% set loop_messages = messages[1:] %}{% set system_message = messages[0]['content'] %}{% else %}{% set loop_messages = messages %}{% set system_message = 'You are a helpful assistant.' %}{% endif %}{% if not add_generation_prompt is defined %}{% set add_generation_prompt = false %}{% endif %}{% for message in loop_messages %}{% if loop.index0 == 0 %}{{'<|im_start|>system\n' + system_message + '<|im_end|>\n'}}{% endif %}{{'<|im_start|>' + message['role'] + '\n' + message['content'] + '<|im_end|>' + '\n'}}{% endfor %}{% if add_generation_prompt %}{{ '<|im_start|>assistant\n' }}{% endif %}", "eos_token": "<|im_end|>", "pad_token": "<|im_end|>", "unk_token": "<unk>", "use_default_system_prompt": false}}, "cardData": {"library_name": "transformers", "tags": []}, "transformersInfo": {"auto_model": "AutoModelForCausalLM", "pipeline_tag": "text-generation", "processor": "AutoTokenizer"}, "siblings": [{"rfilename": ".gitattributes"}, {"rfilename": "README.md"}, {"rfilename": "config.json"}, {"rfilename": "generation_config.json"}, {"rfilename": "model-00001-of-00005.safetensors"}, {"rfilename": "model-00002-of-00005.safetensors"}, {"rfilename": "model-00003-of-00005.safetensors"}, {"rfilename": "model-00004-of-00005.safetensors"}, {"rfilename": "model-00005-of-00005.safetensors"}, {"rfilename": "model.safetensors.index.json"}, {"rfilename": "special_tokens_map.json"}, {"rfilename": "tokenizer.json"}, {"rfilename": "tokenizer_config.json"}], "spaces": [], "createdAt": "2024-06-19T04:33:29.000Z", "safetensors": {"parameters": {"F16": 10804924416}, "total": 10804924416}, "inferenceStatus": "not-loaded"}