{"_id": "668506d8e3415c7a888a47d2", "id": "habibi26/ktp-crop-clip", "modelId": "habibi26/ktp-crop-clip", "author": "habibi26", "sha": "c4a213bfbd1b57d68036d77c0c5ddf07e2489e0a", "lastModified": "2024-07-03T08:14:50.000Z", "private": false, "disabled": false, "gated": false, "pipeline_tag": "image-classification", "tags": ["transformers", "tensorboard", "safetensors", "clip", "image-classification", "generated_from_trainer", "dataset:imagefolder", "base_model:openai/clip-vit-base-patch32", "model-index", "autotrain_compatible", "endpoints_compatible", "region:us"], "downloads": 1, "library_name": "transformers", "likes": 0, "model-index": [{"name": "ktp-crop-clip", "results": [{"task": {"name": "Image Classification", "type": "image-classification"}, "dataset": {"name": "imagefolder", "type": "imagefolder", "config": "default", "split": "validation", "args": "default"}, "metrics": [{"name": "Accuracy", "type": "accuracy", "value": 0.9864864864864865, "verified": false}]}]}], "config": {"architectures": ["CLIPForImageClassification"], "model_type": "clip"}, "cardData": {"base_model": "openai/clip-vit-base-patch32", "tags": ["generated_from_trainer"], "datasets": ["imagefolder"], "metrics": ["accuracy"], "model-index": [{"name": "ktp-crop-clip", "results": [{"task": {"name": "Image Classification", "type": "image-classification"}, "dataset": {"name": "imagefolder", "type": "imagefolder", "config": "default", "split": "validation", "args": "default"}, "metrics": [{"name": "Accuracy", "type": "accuracy", "value": 0.9864864864864865, "verified": false}]}]}]}, "transformersInfo": {"auto_model": "AutoModelForImageClassification", "pipeline_tag": "image-classification", "processor": "AutoProcessor"}, "siblings": [{"rfilename": ".gitattributes"}, {"rfilename": "README.md"}, {"rfilename": "config.json"}, {"rfilename": "model.safetensors"}, {"rfilename": "preprocessor_config.json"}, {"rfilename": "runs/Jul03_08-07-46_199eb666e01e/events.out.tfevents.1719994075.199eb666e01e.34.0"}, {"rfilename": "runs/Jul03_08-08-24_199eb666e01e/events.out.tfevents.1719994113.199eb666e01e.34.1"}, {"rfilename": "runs/Jul03_08-08-57_199eb666e01e/events.out.tfevents.1719994146.199eb666e01e.34.2"}, {"rfilename": "runs/Jul03_08-09-48_199eb666e01e/events.out.tfevents.1719994197.199eb666e01e.34.3"}, {"rfilename": "runs/Jul03_08-10-40_199eb666e01e/events.out.tfevents.1719994251.199eb666e01e.34.4"}, {"rfilename": "training_args.bin"}], "spaces": [], "createdAt": "2024-07-03T08:07:52.000Z", "safetensors": {"parameters": {"F32": 87457538}, "total": 87457538}, "inferenceStatus": "not-loaded"}