{"_id": "621ffdc136468d709f17b8c7", "id": "habiba/wav2vec2-large-xls-r-300m-turkish-colab", "modelId": "habiba/wav2vec2-large-xls-r-300m-turkish-colab", "author": "habiba", "sha": "1f9a04a73ecd9b901c840037d2d8cff9a15a1e48", "lastModified": "2021-12-22T19:15:37.000Z", "private": false, "disabled": false, "gated": false, "tags": ["region:us"], "downloads": 0, "likes": 0, "config": {"tokenizer_config": {"unk_token": "[UNK]", "bos_token": "<s>", "eos_token": "</s>", "pad_token": "[PAD]"}}, "siblings": [{"rfilename": ".gitattributes"}, {"rfilename": "added_tokens.json"}, {"rfilename": "special_tokens_map.json"}, {"rfilename": "tokenizer_config.json"}, {"rfilename": "vocab.json"}], "spaces": [], "createdAt": "2022-03-02T23:29:05.000Z", "inferenceStatus": "not-loaded"}