{"_id": "645de205faa533bececf9d74", "id": "habib91/new121", "modelId": "habib91/new121", "author": "habib91", "sha": "08459d38943bed087be1fd0a5d7a7b2e8541050e", "lastModified": "2023-07-25T09:36:01.000Z", "private": false, "disabled": false, "gated": false, "tags": ["region:us"], "downloads": 0, "likes": 0, "siblings": [{"rfilename": ".gitattributes"}, {"rfilename": "illuminatiDiffusionV1_v11-unclip-h-fp16.safetensors"}, {"rfilename": "illuminatiDiffusionV1_v11.safetensors"}, {"rfilename": "sd_xl_refiner_0.9.safetensors"}, {"rfilename": "sdxl_base_pruned_no-ema.safetensors"}], "spaces": [], "createdAt": "2023-05-12T06:51:49.000Z", "inferenceStatus": "not-loaded"}