{"_id": "668f8d9f35cddb688ad61198", "id": "habibi26/document-spoof", "modelId": "habibi26/document-spoof", "author": "habibi26", "sha": "90ed2ad87fd2d933ba6ed8b536f76319f71acde0", "lastModified": "2024-07-11T08:01:41.000Z", "private": false, "disabled": false, "gated": false, "pipeline_tag": "image-classification", "tags": ["transformers", "tensorboard", "safetensors", "clip", "image-classification", "generated_from_trainer", "dataset:imagefolder", "base_model:openai/clip-vit-base-patch32", "model-index", "autotrain_compatible", "endpoints_compatible", "region:us"], "downloads": 0, "library_name": "transformers", "likes": 0, "model-index": [{"name": "document-spoof", "results": [{"task": {"name": "Image Classification", "type": "image-classification"}, "dataset": {"name": "imagefolder", "type": "imagefolder", "config": "default", "split": "validation", "args": "default"}, "metrics": [{"name": "Accuracy", "type": "accuracy", "value": 0.9767441860465116, "verified": false}]}]}], "config": {"architectures": ["CLIPForImageClassification"], "model_type": "clip"}, "cardData": {"base_model": "openai/clip-vit-base-patch32", "tags": ["generated_from_trainer"], "datasets": ["imagefolder"], "metrics": ["accuracy"], "model-index": [{"name": "document-spoof", "results": [{"task": {"name": "Image Classification", "type": "image-classification"}, "dataset": {"name": "imagefolder", "type": "imagefolder", "config": "default", "split": "validation", "args": "default"}, "metrics": [{"name": "Accuracy", "type": "accuracy", "value": 0.9767441860465116, "verified": false}]}]}]}, "transformersInfo": {"auto_model": "AutoModelForImageClassification", "pipeline_tag": "image-classification", "processor": "AutoProcessor"}, "siblings": [{"rfilename": ".gitattributes"}, {"rfilename": "README.md"}, {"rfilename": "config.json"}, {"rfilename": "model.safetensors"}, {"rfilename": "preprocessor_config.json"}, {"rfilename": "runs/Jul11_07-45-17_ae4bfc0ca446/events.out.tfevents.1720683938.ae4bfc0ca446.34.0"}, {"rfilename": "training_args.bin"}], "spaces": [], "createdAt": "2024-07-11T07:45:35.000Z", "safetensors": {"parameters": {"F32": 87457538}, "total": 87457538}, "inferenceStatus": "not-loaded"}