{"_id": "6669df5d6cf1faccbd1d768f", "id": "habibi26/ktp-spoof-clip", "modelId": "habibi26/ktp-spoof-clip", "author": "habibi26", "sha": "fb6a8a0b94ad6bd1cf34e00f8b17bd4aefed766b", "lastModified": "2024-06-13T02:56:40.000Z", "private": false, "disabled": false, "gated": false, "pipeline_tag": "image-classification", "tags": ["transformers", "tensorboard", "safetensors", "clip", "image-classification", "generated_from_trainer", "dataset:imagefolder", "base_model:openai/clip-vit-base-patch32", "model-index", "autotrain_compatible", "endpoints_compatible", "region:us"], "downloads": 2, "library_name": "transformers", "likes": 0, "model-index": [{"name": "ktp-spoof-clip", "results": [{"task": {"name": "Image Classification", "type": "image-classification"}, "dataset": {"name": "imagefolder", "type": "imagefolder", "config": "default", "split": "validation", "args": "default"}, "metrics": [{"name": "Accuracy", "type": "accuracy", "value": 0.9852941176470589, "verified": false}]}]}], "config": {"architectures": ["CLIPForImageClassification"], "model_type": "clip"}, "cardData": {"base_model": "openai/clip-vit-base-patch32", "tags": ["generated_from_trainer"], "datasets": ["imagefolder"], "metrics": ["accuracy"], "model-index": [{"name": "ktp-spoof-clip", "results": [{"task": {"name": "Image Classification", "type": "image-classification"}, "dataset": {"name": "imagefolder", "type": "imagefolder", "config": "default", "split": "validation", "args": "default"}, "metrics": [{"name": "Accuracy", "type": "accuracy", "value": 0.9852941176470589, "verified": false}]}]}]}, "transformersInfo": {"auto_model": "AutoModelForImageClassification", "pipeline_tag": "image-classification", "processor": "AutoProcessor"}, "siblings": [{"rfilename": ".gitattributes"}, {"rfilename": "README.md"}, {"rfilename": "config.json"}, {"rfilename": "model.safetensors"}, {"rfilename": "preprocessor_config.json"}, {"rfilename": "runs/Jun12_17-47-52_c2b45a28ca08/events.out.tfevents.1718214501.c2b45a28ca08.34.1"}, {"rfilename": "runs/Jun12_17-48-59_c2b45a28ca08/events.out.tfevents.1718214553.c2b45a28ca08.34.2"}, {"rfilename": "runs/Jun12_17-51-28_c2b45a28ca08/events.out.tfevents.1718214702.c2b45a28ca08.34.3"}, {"rfilename": "runs/Jun12_17-54-45_c2b45a28ca08/events.out.tfevents.1718214903.c2b45a28ca08.34.4"}, {"rfilename": "runs/Jun12_18-00-49_c2b45a28ca08/events.out.tfevents.1718215273.c2b45a28ca08.34.5"}, {"rfilename": "runs/Jun12_18-11-18_c2b45a28ca08/events.out.tfevents.1718215893.c2b45a28ca08.34.6"}, {"rfilename": "runs/Jun13_02-48-33_42b349f9f0c6/events.out.tfevents.1718246971.42b349f9f0c6.34.0"}, {"rfilename": "training_args.bin"}], "spaces": [], "createdAt": "2024-06-12T17:48:13.000Z", "safetensors": {"parameters": {"F32": 87457538}, "total": 87457538}, "inferenceStatus": "not-loaded"}