{"_id": "66687555ac980edb21aa10ae", "id": "habibi26/clip-vit-base-patch32-finetuned-eurosat", "modelId": "habibi26/clip-vit-base-patch32-finetuned-eurosat", "author": "habibi26", "sha": "9c263d9503e6ee9276324db0c59d48c62689958e", "lastModified": "2024-06-12T17:42:45.000Z", "private": false, "disabled": false, "gated": false, "pipeline_tag": "image-classification", "tags": ["transformers", "tensorboard", "safetensors", "clip", "image-classification", "generated_from_trainer", "base_model:openai/clip-vit-base-patch32", "autotrain_compatible", "endpoints_compatible", "region:us"], "downloads": 1, "library_name": "transformers", "likes": 0, "model-index": [{"name": "clip-vit-base-patch32-finetuned-eurosat", "results": []}], "config": {"architectures": ["CLIPForImageClassification"], "model_type": "clip"}, "cardData": {"base_model": "openai/clip-vit-base-patch32", "tags": ["generated_from_trainer"], "metrics": ["accuracy"], "model-index": [{"name": "clip-vit-base-patch32-finetuned-eurosat", "results": []}]}, "transformersInfo": {"auto_model": "AutoModelForImageClassification", "pipeline_tag": "image-classification", "processor": "AutoProcessor"}, "siblings": [{"rfilename": ".gitattributes"}, {"rfilename": "README.md"}, {"rfilename": "all_results.json"}, {"rfilename": "config.json"}, {"rfilename": "model.safetensors"}, {"rfilename": "preprocessor_config.json"}, {"rfilename": "runs/Jun12_03-29-52_65ff55f6246e/events.out.tfevents.1718163046.65ff55f6246e.34.0"}, {"rfilename": "runs/Jun12_03-36-53_65ff55f6246e/events.out.tfevents.1718163428.65ff55f6246e.34.1"}, {"rfilename": "runs/Jun12_04-27-17_65ff55f6246e/events.out.tfevents.1718166451.65ff55f6246e.34.2"}, {"rfilename": "runs/Jun12_17-10-06_c2b45a28ca08/events.out.tfevents.1718212234.c2b45a28ca08.34.0"}, {"rfilename": "train_results.json"}, {"rfilename": "trainer_state.json"}, {"rfilename": "training_args.bin"}], "spaces": [], "createdAt": "2024-06-11T16:03:33.000Z", "safetensors": {"parameters": {"F32": 87463690}, "total": 87463690}, "inferenceStatus": "not-loaded"}