{"_id": "64e8b7c3d884b768fc791045", "id": "X-CONG/CONG.V.01", "modelId": "X-CONG/CONG.V.01", "author": "X-CONG", "sha": "f14d6cb3f9d7c9d6bbadcc8cc52484b4c911111c", "lastModified": "2023-08-25T16:29:47.000Z", "private": false, "disabled": false, "gated": false, "tags": ["region:us"], "downloads": 0, "likes": 0, "siblings": [{"rfilename": ".gitattributes"}, {"rfilename": "@>GANZER-)) Ponyherz Stream film Stream HD \u2014 kostenlos! DEUTSCH.md"}, {"rfilename": "FILM \u25b7 Doggy Style (2023) Stream KinoX Deutsch Ganzer Film.md"}, {"rfilename": "GANZER HD \u25b7 Joy Ride - The Trip \u30102023\u3011 Film Stream Deutsch.md"}, {"rfilename": "GANZER*Film!! Joy Ride - The Trip (2023) Stream Deutsch HD Online anschauen.md"}, {"rfilename": "KINO HD \u25b7 The Equalizer 3 - The Final Chapter \u30102023\u3011 Ganzer Film Stream Deutsch.md"}, {"rfilename": "KINO~HD] Ponyherz (2023) Ganzer Film Deutsch.md"}, {"rfilename": "[GANZER-HD]\u00bb Doggy Style Stream Deutsch Kostenlos!!.md"}, {"rfilename": "[Ganzer-Film] Psycho-Pass: Providence (2023) FILM VOLLST\u00c4NDIG Auf Deutsch.md"}, {"rfilename": "\u1405 Psycho-Pass: Providence [HD] Kinox Stream DEUTSCH ANSCHAUEN HD 2023.md"}, {"rfilename": "\u1405\u1405 StreamCloud] Sophia, der Tod und ich 2023 | Ganzer Film Deutsch Stream GERMAN-HD.md"}, {"rfilename": "\u2714\ufe0f [UPDATED-FIlM] The Equalizer 3 - The Final Chapter - Stream HD Deutsch Kostenlos.md"}, {"rfilename": "\uff62Streamc-loud\uff63 Sophia, der Tod und ich (2023) Ganzer Film Auf Deutsch Online Kostenlos.md"}], "spaces": [], "createdAt": "2023-08-25T14:16:35.000Z", "inferenceStatus": "not-loaded"}