{"_id": "64c324dffcc9fa13aaed3437", "id": "X-D-Lab/MindChat-baichuan-13B", "modelId": "X-D-Lab/MindChat-baichuan-13B", "author": "X-D-Lab", "sha": "a999a69507797de9d987f5f5a9c05e8379e65f4e", "lastModified": "2023-07-28T11:52:16.000Z", "private": false, "disabled": false, "gated": false, "pipeline_tag": "text-generation", "tags": ["transformers", "pytorch", "baichuan", "text-generation", "custom_code", "license:gpl-3.0", "autotrain_compatible", "region:us"], "downloads": 3, "library_name": "transformers", "widgetData": [{"text": "My name is Julien and I like to"}, {"text": "My name is Thomas and my main"}, {"text": "My name is Mariama, my favorite"}, {"text": "My name is Clara and I am"}, {"text": "My name is Lewis and I like to"}, {"text": "My name is Merve and my favorite"}, {"text": "My name is Teven and I am"}, {"text": "Once upon a time,"}], "likes": 7, "model-index": null, "config": {"architectures": ["BaichuanForCausalLM"], "auto_map": {"AutoConfig": "configuration_baichuan.BaichuanConfig", "AutoModelForCausalLM": "modeling_baichuan.BaichuanForCausalLM"}, "model_type": "baichuan", "tokenizer_config": {"bos_token": {"__type": "AddedToken", "content": "<s>", "lstrip": false, "normalized": true, "rstrip": false, "single_word": true}, "eos_token": {"__type": "AddedToken", "content": "</s>", "lstrip": false, "normalized": true, "rstrip": false, "single_word": true}, "pad_token": {"__type": "AddedToken", "content": "<unk>", "lstrip": false, "normalized": true, "rstrip": false, "single_word": true}, "unk_token": {"__type": "AddedToken", "content": "<unk>", "lstrip": false, "normalized": true, "rstrip": false, "single_word": true}}}, "cardData": {"license": "gpl-3.0"}, "transformersInfo": {"auto_model": "AutoModelForCausalLM", "custom_class": "modeling_baichuan.BaichuanForCausalLM", "pipeline_tag": "text-generation"}, "siblings": [{"rfilename": ".gitattributes"}, {"rfilename": "README.md"}, {"rfilename": "config.json"}, {"rfilename": "configuration.json"}, {"rfilename": "configuration_baichuan.py"}, {"rfilename": "generation_config.json"}, {"rfilename": "logo-github.png"}, {"rfilename": "modeling_baichuan.py"}, {"rfilename": "pytorch_model-00001-of-00003.bin"}, {"rfilename": "pytorch_model-00002-of-00003.bin"}, {"rfilename": "pytorch_model-00003-of-00003.bin"}, {"rfilename": "pytorch_model.bin.index.json"}, {"rfilename": "quantizer.py"}, {"rfilename": "special_tokens_map.json"}, {"rfilename": "tokenization_baichuan.py"}, {"rfilename": "tokenizer.model"}, {"rfilename": "tokenizer_config.json"}], "spaces": [], "createdAt": "2023-07-28T02:15:59.000Z", "inferenceStatus": "not-loaded"}