{"_id": "64c00ff07665d190377412e7", "id": "X-D-Lab/MindChat-7B", "modelId": "X-D-Lab/MindChat-7B", "author": "X-D-Lab", "sha": "68994b92e3a8cab5efce234f2f3c4f626f312d1b", "lastModified": "2023-07-28T11:53:08.000Z", "private": false, "disabled": false, "gated": false, "pipeline_tag": "feature-extraction", "tags": ["transformers", "pytorch", "internlm", "feature-extraction", "custom_code", "license:gpl-3.0", "region:us"], "downloads": 3, "library_name": "transformers", "likes": 3, "model-index": null, "config": {"architectures": ["InternLMForCausalLM"], "auto_map": {"AutoConfig": "configuration_internlm.InternLMConfig", "AutoModel": "modeling_internlm.InternLMForCausalLM", "AutoModelForCausalLM": "modeling_internlm.InternLMForCausalLM"}, "model_type": "internlm", "tokenizer_config": {"bos_token": "<s>", "eos_token": "</s>", "pad_token": "</s>", "unk_token": "<unk>"}}, "cardData": {"license": "gpl-3.0"}, "transformersInfo": {"auto_model": "AutoModel", "custom_class": "modeling_internlm.InternLMForCausalLM", "pipeline_tag": "feature-extraction"}, "siblings": [{"rfilename": ".gitattributes"}, {"rfilename": "README.md"}, {"rfilename": "config.json"}, {"rfilename": "configuration.json"}, {"rfilename": "configuration_internlm.py"}, {"rfilename": "generation_config.json"}, {"rfilename": "logo-github.png"}, {"rfilename": "modeling_internlm.py"}, {"rfilename": "pytorch_model-00001-of-00002.bin"}, {"rfilename": "pytorch_model-00002-of-00002.bin"}, {"rfilename": "pytorch_model.bin.index.json"}, {"rfilename": "special_tokens_map.json"}, {"rfilename": "tokenization_internlm.py"}, {"rfilename": "tokenizer.model"}, {"rfilename": "tokenizer_config.json"}], "spaces": [], "createdAt": "2023-07-25T18:09:52.000Z", "inferenceStatus": "not-loaded"}