{"_id": "66475912910693d9a2e9016f", "id": "X-MEM/fabio-barba", "modelId": "X-MEM/fabio-barba", "author": "X-MEM", "sha": "8c9c1d4e3f593a823e15f9dcf9b02d54e1026bd1", "lastModified": "2024-05-17T13:18:10.000Z", "private": false, "disabled": false, "gated": false, "tags": ["license:apache-2.0", "region:us"], "downloads": 0, "likes": 0, "model-index": null, "cardData": {"license": "apache-2.0"}, "siblings": [{"rfilename": ".gitattributes"}, {"rfilename": "README.md"}], "spaces": [], "createdAt": "2024-05-17T13:18:10.000Z", "inferenceStatus": "not-loaded"}