{"_id": "64a94055eaf3ada4ec6654c4", "id": "X-Wang/pruned-mt5-small", "modelId": "X-Wang/pruned-mt5-small", "author": "X-Wang", "sha": "89b7d23f697b7f40b3f03c4a97fba0e17157216c", "lastModified": "2023-07-28T10:49:26.000Z", "private": false, "disabled": false, "gated": false, "pipeline_tag": "text2text-generation", "tags": ["transformers", "pytorch", "mt5", "text2text-generation", "generated_from_trainer", "ja", "zh", "dataset:Helsinki-NLP/tatoeba_mt", "base_model:X-Wang/pruned-mt5-small", "autotrain_compatible", "endpoints_compatible", "region:us"], "downloads": 1, "library_name": "transformers", "likes": 0, "model-index": [{"name": "pruned-mt5-small", "results": []}], "config": {"architectures": ["MT5ForConditionalGeneration"], "model_type": "mt5", "tokenizer_config": {"eos_token": "</s>", "pad_token": "<pad>", "unk_token": "<unk>"}}, "cardData": {"base_model": "X-Wang/pruned-mt5-small", "tags": ["generated_from_trainer"], "metrics": ["bleu"], "model-index": [{"name": "pruned-mt5-small", "results": []}], "datasets": ["Helsinki-NLP/tatoeba_mt"], "language": ["ja", "zh"]}, "transformersInfo": {"auto_model": "AutoModelForSeq2SeqLM", "pipeline_tag": "text2text-generation", "processor": "AutoTokenizer"}, "siblings": [{"rfilename": ".gitattributes"}, {"rfilename": ".gitignore"}, {"rfilename": "README.md"}, {"rfilename": "config.json"}, {"rfilename": "generation_config.json"}, {"rfilename": "new2old.txt"}, {"rfilename": "pytorch_model.bin"}, {"rfilename": "special_tokens_map.json"}, {"rfilename": "spiece.model"}, {"rfilename": "tokenizer.json"}, {"rfilename": "tokenizer_config.json"}, {"rfilename": "training_args.bin"}], "spaces": [], "createdAt": "2023-07-08T10:54:13.000Z", "inferenceStatus": "not-loaded"}