{"_id": "64bce697da140e461946d251", "id": "X-Wang/pruned_mt5_small_unfinetuned", "modelId": "X-Wang/pruned_mt5_small_unfinetuned", "author": "X-Wang", "sha": "b5262b32bbfd946638dada07472221f1a2e7c2bc", "lastModified": "2023-07-23T08:36:57.000Z", "private": false, "disabled": false, "gated": false, "pipeline_tag": "text2text-generation", "tags": ["transformers", "pytorch", "mt5", "text2text-generation", "autotrain_compatible", "endpoints_compatible", "region:us"], "downloads": 1, "library_name": "transformers", "likes": 0, "config": {"architectures": ["MT5ForConditionalGeneration"], "model_type": "mt5", "tokenizer_config": {"eos_token": "</s>", "pad_token": "<pad>", "unk_token": "<unk>"}}, "transformersInfo": {"auto_model": "AutoModelForSeq2SeqLM", "pipeline_tag": "text2text-generation", "processor": "AutoTokenizer"}, "siblings": [{"rfilename": ".gitattributes"}, {"rfilename": "config.json"}, {"rfilename": "generation_config.json"}, {"rfilename": "pytorch_model.bin"}, {"rfilename": "special_tokens_map.json"}, {"rfilename": "spiece.model"}, {"rfilename": "tokenizer.json"}, {"rfilename": "tokenizer_config.json"}], "spaces": [], "createdAt": "2023-07-23T08:36:39.000Z", "inferenceStatus": "not-loaded"}