{"_id": "668f28a30704700fdfc2b29b", "id": "x0000001/porpcat-yuXHW2Foa6-Q8_0-GGUF", "modelId": "x0000001/porpcat-yuXHW2Foa6-Q8_0-GGUF", "author": "x0000001", "sha": "20e1322d3dd6c1fe759a807760ad42a7c63402b9", "lastModified": "2024-07-11T04:20:39.000Z", "private": false, "disabled": false, "gated": false, "tags": ["transformers", "gguf", "llama", "mergekit", "merge", "llama-cpp", "base_model:ofjsdofdopsfpds/fdjsfjpfjpe", "endpoints_compatible", "region:us"], "downloads": 1, "library_name": "transformers", "likes": 0, "model-index": null, "cardData": {"base_model": "ofjsdofdopsfpds/fdjsfjpfjpe", "library_name": "transformers", "tags": ["llama", "mergekit", "merge", "gguf", "llama-cpp"]}, "transformersInfo": {"auto_model": "AutoModel"}, "siblings": [{"rfilename": ".gitattributes"}, {"rfilename": "README.md"}, {"rfilename": "l3-8b-vintagefeline-q8_0.gguf"}], "spaces": [], "createdAt": "2024-07-11T00:34:43.000Z", "inferenceStatus": "not-loaded"}