{"_id": "6679fe9ee737163dcb1255b0", "id": "X01D/6DRepNET-RepVGGA0", "modelId": "X01D/6DRepNET-RepVGGA0", "author": "X01D", "sha": "fe6c7bc23c3ac1082a516e326ab435b8a010ec3a", "lastModified": "2024-06-24T23:43:29.000Z", "private": false, "disabled": false, "gated": false, "pipeline_tag": "image-classification", "tags": ["transformers", "safetensors", "model_hub_mixin", "pytorch_model_hub_mixin", "image-classification", "en", "dataset:ETHZurich/biwi_kinect_head_pose", "license:apache-2.0", "model-index", "endpoints_compatible", "region:us"], "downloads": 3, "library_name": "transformers", "likes": 0, "model-index": [{"name": "6DRepNet-RepVGGA0", "results": [{"task": {"type": "Image-Classification"}, "dataset": {"name": "BIWI", "type": "Benchmarkingdataset"}, "metrics": [{"name": "MAE", "type": "MAE", "value": 3.7, "verified": false}]}]}], "config": {}, "cardData": {"tags": ["model_hub_mixin", "pytorch_model_hub_mixin"], "license": "apache-2.0", "language": ["en"], "metrics": ["mae"], "datasets": ["ETHZurich/biwi_kinect_head_pose"], "pipeline_tag": "image-classification", "model-index": [{"name": "6DRepNet-RepVGGA0", "results": [{"task": {"type": "Image-Classification"}, "dataset": {"name": "BIWI", "type": "Benchmarkingdataset"}, "metrics": [{"name": "MAE", "type": "MAE", "value": 3.7, "verified": false}]}]}]}, "transformersInfo": {"auto_model": "AutoModel"}, "siblings": [{"rfilename": ".gitattributes"}, {"rfilename": "README.md"}, {"rfilename": "config.json"}, {"rfilename": "model.safetensors"}], "spaces": [], "createdAt": "2024-06-24T23:17:50.000Z", "safetensors": {"parameters": {"F32": 7036070}, "total": 7036070}, "inferenceStatus": "not-loaded"}