{"_id": "621ffdc136468d709f18192e", "id": "x06bettylan/distilbert-base-uncased-finetuned-aave_sae", "modelId": "x06bettylan/distilbert-base-uncased-finetuned-aave_sae", "author": "x06bettylan", "sha": "9bdba949984f5f3f8f2b35c0181ac83871d3fd6e", "lastModified": "2021-10-26T20:28:19.000Z", "private": false, "disabled": false, "gated": false, "tags": ["region:us"], "downloads": 0, "likes": 0, "siblings": [{"rfilename": ".gitattributes"}], "spaces": [], "createdAt": "2022-03-02T23:29:05.000Z", "inferenceStatus": "not-loaded"}