{"_id": "621ffdc136468d709f18192f", "id": "x06bettylan/distilbert-base-uncased-finetuned-cola", "modelId": "x06bettylan/distilbert-base-uncased-finetuned-cola", "author": "x06bettylan", "sha": "0ec296a1b5129a1b362cdc5d98bb2bc87edc00cd", "lastModified": "2021-10-26T01:38:13.000Z", "private": false, "disabled": false, "gated": false, "tags": ["region:us"], "downloads": 0, "likes": 0, "siblings": [{"rfilename": ".gitattributes"}], "spaces": [], "createdAt": "2022-03-02T23:29:05.000Z", "inferenceStatus": "not-loaded"}