{"_id": "668207fcfcfdfa8c5a1ee7c8", "id": "X0x0G/Ashesi_Capstone", "modelId": "X0x0G/Ashesi_Capstone", "author": "X0x0G", "sha": "2147c24f8f1a3dc0a53bdf0f2d2ebf813af2331e", "lastModified": "2024-07-01T01:49:03.000Z", "private": false, "disabled": false, "gated": false, "tags": ["region:us"], "downloads": 0, "likes": 0, "siblings": [{"rfilename": ".gitattributes"}, {"rfilename": "High_accuracy_SST/High_accuracy_STT_Librispeech.ipynb"}, {"rfilename": "High_accuracy_SST/final_model/added_tokens.json"}, {"rfilename": "High_accuracy_SST/final_model/config.json"}, {"rfilename": "High_accuracy_SST/final_model/preprocessor_config.json"}, {"rfilename": "High_accuracy_SST/final_model/pytorch_model.bin"}, {"rfilename": "High_accuracy_SST/final_model/special_tokens_map.json"}, {"rfilename": "High_accuracy_SST/final_model/tokenizer_config.json"}, {"rfilename": "High_accuracy_SST/final_model/vocab.json"}, {"rfilename": "High_accuracy_SST/tokenizer/special_tokens_map.json"}, {"rfilename": "High_accuracy_SST/tokenizer/tokenizer_config.json"}, {"rfilename": "High_accuracy_SST/tokenizer/vocab.json"}, {"rfilename": "High_accuracy_SST/trainer/trainer/config.json"}, {"rfilename": "High_accuracy_SST/trainer/trainer/preprocessor_config.json"}, {"rfilename": "High_accuracy_SST/trainer/trainer/pytorch_model.bin"}, {"rfilename": "High_accuracy_SST/trainer/trainer/training_args.bin"}], "spaces": [], "createdAt": "2024-07-01T01:35:56.000Z", "inferenceStatus": "not-loaded"}