{"_id": "640b7d9718e4fd9a31dd081d", "id": "x1021572260/bebebe", "modelId": "x1021572260/bebebe", "author": "x1021572260", "sha": "a7985d435ed856bf357edd94f5036efdb654bc81", "lastModified": "2023-03-10T18:57:27.000Z", "private": false, "disabled": false, "gated": false, "tags": ["license:afl-3.0", "region:us"], "downloads": 0, "likes": 0, "model-index": null, "cardData": {"license": "afl-3.0"}, "siblings": [{"rfilename": ".gitattributes"}, {"rfilename": "README.md"}], "spaces": [], "createdAt": "2023-03-10T18:57:27.000Z", "inferenceStatus": "not-loaded"}