{"_id": "6500a58bea5699b59aa276eb", "id": "x1101/UI", "modelId": "x1101/UI", "author": "x1101", "sha": "a23fa039e7d9cf4cd66f3978c7d215367a2d4334", "lastModified": "2024-06-06T02:02:21.000Z", "private": false, "disabled": false, "gated": false, "tags": ["region:us"], "downloads": 0, "likes": 0, "siblings": [{"rfilename": ".gitattributes"}, {"rfilename": "4x-UltraSharp.pth"}, {"rfilename": "colab/fuk_gigle.zip"}, {"rfilename": "config.yaml"}, {"rfilename": "new_tunnel"}, {"rfilename": "ui.so"}, {"rfilename": "ui.tar.lz4"}, {"rfilename": "venv.tar.lz4"}, {"rfilename": "venv_torch230.tar.lz4"}, {"rfilename": "zip/AstolfoBestWaifu-1.zip"}, {"rfilename": "zip/astolfobestwaifu.zip"}, {"rfilename": "zip/fastrepo_ext.zip"}, {"rfilename": "zip/fastrepo_ext_def.zip"}, {"rfilename": "zip/plapplapplapgetpergant.zip"}, {"rfilename": "zrok"}], "spaces": [], "createdAt": "2023-09-12T17:53:15.000Z", "inferenceStatus": "not-loaded"}