{"_id": "63ce50d2397bae2ea2d4bd77", "id": "x1101/anything-v3-backup", "modelId": "x1101/anything-v3-backup", "author": "x1101", "sha": "602b43523168b095cc036abf9869d3d69e478dd5", "lastModified": "2023-01-23T09:36:46.000Z", "private": false, "disabled": false, "gated": false, "pipeline_tag": "text-to-image", "tags": ["diffusers", "en", "license:apache-2.0", "autotrain_compatible", "endpoints_compatible", "diffusers:StableDiffusionPipeline", "region:us"], "downloads": 73, "library_name": "diffusers", "likes": 0, "model-index": null, "config": {"diffusers": {"_class_name": "StableDiffusionPipeline"}}, "cardData": {"license": "apache-2.0", "language": ["en"], "library_name": "diffusers"}, "siblings": [{"rfilename": ".gitattributes"}, {"rfilename": "Anything-V3-full-pruned.safetensors"}, {"rfilename": "Anything-V3-full.safetensors"}, {"rfilename": "README.md"}, {"rfilename": "model_index.json"}, {"rfilename": "scheduler/scheduler_config.json"}, {"rfilename": "text_encoder/config.json"}, {"rfilename": "text_encoder/pytorch_model.bin"}, {"rfilename": "tokenizer/merges.txt"}, {"rfilename": "tokenizer/special_tokens_map.json"}, {"rfilename": "tokenizer/tokenizer_config.json"}, {"rfilename": "tokenizer/vocab.json"}, {"rfilename": "unet/config.json"}, {"rfilename": "unet/diffusion_pytorch_model.bin"}, {"rfilename": "vae/config.json"}, {"rfilename": "vae/diffusion_pytorch_model.bin"}], "spaces": [], "createdAt": "2023-01-23T09:18:10.000Z", "inferenceStatus": "not-loaded"}