{"_id": "642028fc9d8b37582b6a1d45", "id": "x1101/any", "modelId": "x1101/any", "author": "x1101", "sha": "7ebe6481d4a05ce162c26db5d150f7b14702be5d", "lastModified": "2023-04-05T19:58:02.000Z", "private": false, "disabled": false, "gated": false, "tags": ["transformers", "endpoints_compatible", "region:us"], "downloads": 1, "library_name": "transformers", "likes": 0, "config": {}, "transformersInfo": {"auto_model": "AutoModel"}, "siblings": [{"rfilename": ".gitattributes"}, {"rfilename": "config.json"}, {"rfilename": "tag_autocomplete_helper.py"}], "spaces": [], "createdAt": "2023-03-26T11:14:04.000Z", "inferenceStatus": "not-loaded"}