{"_id": "66565e9b1b4aa2651ab33b34", "id": "X1Rexords/RVC-AI-Voices", "modelId": "X1Rexords/RVC-AI-Voices", "author": "X1Rexords", "sha": "12b32859cac2f6b9999cd0c0e3e5feb4edc75071", "lastModified": "2024-05-30T17:39:26.000Z", "private": false, "disabled": false, "gated": false, "tags": ["license:openrail", "region:us"], "downloads": 0, "likes": 0, "model-index": null, "cardData": {"license": "openrail"}, "siblings": [{"rfilename": ".gitattributes"}, {"rfilename": "README.md"}, {"rfilename": "Sidhu Moosewala (1000 Epoch).zip"}, {"rfilename": "Sidhu Moosewala RVC v2 (Epoch 1000)"}], "spaces": [], "createdAt": "2024-05-28T22:45:47.000Z", "inferenceStatus": "not-loaded"}