{"_id": "6682415a7b50b433cd010bb0", "id": "X27/vit-Facial-Expression-Recognition", "modelId": "X27/vit-Facial-Expression-Recognition", "author": "X27", "sha": "d3abc8656ea6510777992023fb10ec6eea64f052", "lastModified": "2024-07-01T08:41:21.000Z", "private": false, "disabled": false, "gated": false, "pipeline_tag": "image-classification", "tags": ["transformers", "safetensors", "vit", "image-classification", "autotrain_compatible", "endpoints_compatible", "region:us"], "downloads": 1, "library_name": "transformers", "likes": 0, "config": {"architectures": ["ViTForImageClassification"], "model_type": "vit"}, "transformersInfo": {"auto_model": "AutoModelForImageClassification", "pipeline_tag": "image-classification", "processor": "AutoImageProcessor"}, "siblings": [{"rfilename": ".gitattributes"}, {"rfilename": "config.json"}, {"rfilename": "model.safetensors"}, {"rfilename": "preprocessor_config.json"}, {"rfilename": "training_args.bin"}], "spaces": [], "createdAt": "2024-07-01T05:40:42.000Z", "safetensors": {"parameters": {"F32": 85804039}, "total": 85804039}, "inferenceStatus": "not-loaded"}