{"_id": "65d5fb7688196f0541051118", "id": "x28x28x28/carielestita", "modelId": "x28x28x28/carielestita", "author": "x28x28x28", "sha": "3576dcc327a0fce043b279b9136d41f2087a3ad0", "lastModified": "2024-02-21T15:20:07.000Z", "private": false, "disabled": false, "gated": false, "pipeline_tag": "text-to-image", "tags": ["diffusers", "text-to-image", "autotrain", "base_model:stabilityai/stable-diffusion-xl-base-1.0", "region:us"], "downloads": 17, "library_name": "diffusers", "likes": 0, "model-index": null, "cardData": {"base_model": "stabilityai/stable-diffusion-xl-base-1.0", "instance_prompt": "carielestita", "tags": ["text-to-image", "diffusers", "autotrain"], "inference": true}, "siblings": [{"rfilename": ".gitattributes"}, {"rfilename": "README.md"}, {"rfilename": "prompt.txt"}, {"rfilename": "pytorch_lora_weights.safetensors"}, {"rfilename": "training_params.json"}], "spaces": ["allknowingroger/Image-Models-Test329"], "createdAt": "2024-02-21T13:32:38.000Z", "inferenceStatus": "not-loaded"}