{"_id": "664f046254518864d0aa49da", "id": "x2bee/POLAR-14B-DPO-v1.3", "modelId": "x2bee/POLAR-14B-DPO-v1.3", "author": "x2bee", "sha": "337edbed4c86db2da27e3b0e07086134f8d27a09", "lastModified": "2024-05-28T02:23:43.000Z", "private": false, "disabled": false, "gated": false, "pipeline_tag": "text-generation", "tags": ["transformers", "safetensors", "llama", "text-generation", "ko", "dataset:We-Want-GPU/Yi-Ko-DPO-Orca-DPO-Pairs", "arxiv:1910.09700", "license:apache-2.0", "autotrain_compatible", "text-generation-inference", "endpoints_compatible", "region:us"], "downloads": 1657, "library_name": "transformers", "likes": 0, "model-index": null, "config": {"architectures": ["LlamaForCausalLM"], "model_type": "llama", "tokenizer_config": {"bos_token": "<s>", "eos_token": "</s>", "pad_token": "</s>", "unk_token": "<unk>", "use_default_system_prompt": true}}, "cardData": {"library_name": "transformers", "license": "apache-2.0", "datasets": ["We-Want-GPU/Yi-Ko-DPO-Orca-DPO-Pairs"], "language": ["ko"], "pipeline_tag": "text-generation"}, "transformersInfo": {"auto_model": "AutoModelForCausalLM", "pipeline_tag": "text-generation", "processor": "AutoTokenizer"}, "siblings": [{"rfilename": ".gitattributes"}, {"rfilename": "README.md"}, {"rfilename": "config.json"}, {"rfilename": "generation_config.json"}, {"rfilename": "model-00001-of-00006.safetensors"}, {"rfilename": "model-00002-of-00006.safetensors"}, {"rfilename": "model-00003-of-00006.safetensors"}, {"rfilename": "model-00004-of-00006.safetensors"}, {"rfilename": "model-00005-of-00006.safetensors"}, {"rfilename": "model-00006-of-00006.safetensors"}, {"rfilename": "model.safetensors.index.json"}, {"rfilename": "special_tokens_map.json"}, {"rfilename": "tokenizer.json"}, {"rfilename": "tokenizer_config.json"}], "spaces": [], "createdAt": "2024-05-23T08:54:58.000Z", "safetensors": {"parameters": {"F16": 14221316096}, "total": 14221316096}, "inferenceStatus": "not-loaded"}