{"_id": "665eaef8020d8b66a5c2a034", "id": "x2bee/POLAR-14B-v0.5", "modelId": "x2bee/POLAR-14B-v0.5", "author": "x2bee", "sha": "74a1ef65a8d650e5358be229def31688738d8c6a", "lastModified": "2024-06-11T00:55:54.000Z", "private": false, "disabled": false, "gated": false, "pipeline_tag": "text-generation", "tags": ["transformers", "safetensors", "llama", "text-generation", "ko", "arxiv:1910.09700", "license:apache-2.0", "autotrain_compatible", "text-generation-inference", "endpoints_compatible", "region:us"], "downloads": 1466, "library_name": "transformers", "likes": 0, "model-index": null, "config": {"architectures": ["LlamaForCausalLM"], "model_type": "llama", "tokenizer_config": {"bos_token": "<s>", "eos_token": "</s>", "pad_token": "</s>", "unk_token": "<unk>", "use_default_system_prompt": true}}, "cardData": {"license": "apache-2.0", "language": ["ko"], "library_name": "transformers"}, "transformersInfo": {"auto_model": "AutoModelForCausalLM", "pipeline_tag": "text-generation", "processor": "AutoTokenizer"}, "siblings": [{"rfilename": ".gitattributes"}, {"rfilename": "README.md"}, {"rfilename": "config.json"}, {"rfilename": "generation_config.json"}, {"rfilename": "model-00001-of-00006.safetensors"}, {"rfilename": "model-00002-of-00006.safetensors"}, {"rfilename": "model-00003-of-00006.safetensors"}, {"rfilename": "model-00004-of-00006.safetensors"}, {"rfilename": "model-00005-of-00006.safetensors"}, {"rfilename": "model-00006-of-00006.safetensors"}, {"rfilename": "model.safetensors.index.json"}, {"rfilename": "special_tokens_map.json"}, {"rfilename": "tokenizer.json"}, {"rfilename": "tokenizer.model"}, {"rfilename": "tokenizer_config.json"}], "spaces": [], "createdAt": "2024-06-04T06:06:48.000Z", "safetensors": {"parameters": {"F16": 14221316096}, "total": 14221316096}, "inferenceStatus": "not-loaded"}