{"_id": "65906907e7b4143ec8d14049", "id": "x35/TestModel01", "modelId": "x35/TestModel01", "author": "x35", "sha": "7b1e45cc44733b7a224a99308ec5b3443489e61f", "lastModified": "2023-12-30T19:01:27.000Z", "private": false, "disabled": false, "gated": false, "tags": ["license:mit", "region:us"], "downloads": 0, "likes": 0, "model-index": null, "cardData": {"license": "mit"}, "siblings": [{"rfilename": ".gitattributes"}, {"rfilename": "README.md"}], "spaces": [], "createdAt": "2023-12-30T19:01:27.000Z", "inferenceStatus": "not-loaded"}