{"_id": "660632a9020a2735b4ae047d", "id": "x47bsaltydog/comics-lora-bw", "modelId": "x47bsaltydog/comics-lora-bw", "author": "x47bsaltydog", "sha": "49267dfca538e52320adb295e9d5af9419bd6327", "lastModified": "2024-03-29T03:27:11.000Z", "private": false, "disabled": false, "gated": false, "tags": ["region:us"], "downloads": 0, "likes": 0, "siblings": [{"rfilename": ".gitattributes"}, {"rfilename": "SCComix.safetensors"}], "spaces": [], "createdAt": "2024-03-29T03:16:57.000Z", "inferenceStatus": "not-loaded"}