{"_id": "660648ba3c37e535de9b5ae0", "id": "x47bsaltydog/line-lora", "modelId": "x47bsaltydog/line-lora", "author": "x47bsaltydog", "sha": "ca65e1abc36dcd534425d99c74a49b1d895837cd", "lastModified": "2024-03-29T04:51:47.000Z", "private": false, "disabled": false, "gated": false, "tags": ["region:us"], "downloads": 0, "likes": 0, "siblings": [{"rfilename": ".gitattributes"}, {"rfilename": "Line_LoRA_white.safetensors"}], "spaces": [], "createdAt": "2024-03-29T04:51:06.000Z", "inferenceStatus": "not-loaded"}