{"_id": "6498a3792ca6f96c8b7e46fe", "id": "x51xxx/opus-mt-ru-uk-finetuned-ru-to-uk", "modelId": "x51xxx/opus-mt-ru-uk-finetuned-ru-to-uk", "author": "x51xxx", "sha": "f62760132c25e055d47a9e94aebc42bb79a42904", "lastModified": "2023-07-06T13:26:38.000Z", "private": false, "disabled": false, "gated": false, "pipeline_tag": "text2text-generation", "tags": ["transformers", "pytorch", "tensorboard", "marian", "text2text-generation", "generated_from_trainer", "dataset:para_pat", "license:apache-2.0", "model-index", "autotrain_compatible", "endpoints_compatible", "region:us"], "downloads": 1, "library_name": "transformers", "likes": 0, "model-index": [{"name": "opus-mt-ru-uk-finetuned-ru-to-uk", "results": [{"task": {"name": "Sequence-to-sequence Language Modeling", "type": "text2text-generation"}, "dataset": {"name": "para_pat", "type": "para_pat", "config": "ru-uk", "split": "train", "args": "ru-uk"}, "metrics": [{"name": "Bleu", "type": "bleu", "value": 60.8071, "verified": false}]}]}], "config": {"architectures": ["MarianMTModel"], "model_type": "marian", "tokenizer_config": {"eos_token": "</s>", "pad_token": "<pad>", "unk_token": "<unk>"}}, "cardData": {"license": "apache-2.0", "tags": ["generated_from_trainer"], "datasets": ["para_pat"], "metrics": ["bleu"], "model-index": [{"name": "opus-mt-ru-uk-finetuned-ru-to-uk", "results": [{"task": {"name": "Sequence-to-sequence Language Modeling", "type": "text2text-generation"}, "dataset": {"name": "para_pat", "type": "para_pat", "config": "ru-uk", "split": "train", "args": "ru-uk"}, "metrics": [{"name": "Bleu", "type": "bleu", "value": 60.8071, "verified": false}]}]}]}, "transformersInfo": {"auto_model": "AutoModelForSeq2SeqLM", "pipeline_tag": "text2text-generation", "processor": "AutoTokenizer"}, "siblings": [{"rfilename": ".gitattributes"}, {"rfilename": ".gitignore"}, {"rfilename": "README.md"}, {"rfilename": "config.json"}, {"rfilename": "generation_config.json"}, {"rfilename": "pytorch_model.bin"}, {"rfilename": "runs/Jul01_08-54-54_a8243a0166c2/events.out.tfevents.1688202269.a8243a0166c2.343.0"}, {"rfilename": "runs/Jul01_14-52-22_77db6ecaf6d8/events.out.tfevents.1688223221.77db6ecaf6d8.326.0"}, {"rfilename": "runs/Jul02_14-32-27_3cee6ec72ee5/events.out.tfevents.1688308436.3cee6ec72ee5.1447.0"}, {"rfilename": "runs/Jul05_10-34-41_bc0aee445fd5/events.out.tfevents.1688553359.bc0aee445fd5.550.0"}, {"rfilename": "runs/Jul06_12-52-26_1a3528ce9706/events.out.tfevents.1688649099.1a3528ce9706.579.0"}, {"rfilename": "runs/Jun25_20-52-09_b980e5a0c011/events.out.tfevents.1687726366.b980e5a0c011.203.0"}, {"rfilename": "runs/Jun26_08-54-52_d7097ec902ad/events.out.tfevents.1687769866.d7097ec902ad.219.0"}, {"rfilename": "runs/Jun26_10-30-01_d7097ec902ad/events.out.tfevents.1687775432.d7097ec902ad.219.1"}, {"rfilename": "runs/Jun27_10-26-08_8b1d6d92854c/events.out.tfevents.1687861645.8b1d6d92854c.1221.0"}, {"rfilename": "runs/Jun28_14-22-20_f900a3047668/events.out.tfevents.1687962235.f900a3047668.228.0"}, {"rfilename": "source.spm"}, {"rfilename": "special_tokens_map.json"}, {"rfilename": "target.spm"}, {"rfilename": "tokenizer_config.json"}, {"rfilename": "training_args.bin"}, {"rfilename": "vocab.json"}], "spaces": [], "createdAt": "2023-06-25T20:28:41.000Z", "inferenceStatus": "not-loaded"}