{"_id": "63dc6b5e2a0239d22112ab8b", "id": "x67/shortjourney", "modelId": "x67/shortjourney", "author": "x67", "sha": "0af5a2a025e040734c9924c122201e57da556cf0", "lastModified": "2023-02-05T01:24:07.000Z", "private": false, "disabled": false, "gated": false, "pipeline_tag": "text-to-image", "tags": ["diffusers", "stable-diffusion", "text-to-image", "en", "license:creativeml-openrail-m", "autotrain_compatible", "endpoints_compatible", "diffusers:StableDiffusionPipeline", "region:us"], "downloads": 558, "library_name": "diffusers", "likes": 4, "model-index": null, "config": {"diffusers": {"_class_name": "StableDiffusionPipeline"}}, "cardData": {"inference": true, "language": ["en"], "tags": ["stable-diffusion", "text-to-image"], "license": "creativeml-openrail-m"}, "siblings": [{"rfilename": ".gitattributes"}, {"rfilename": "README.md"}, {"rfilename": "args.json"}, {"rfilename": "examples/1.png"}, {"rfilename": "examples/4.png"}, {"rfilename": "examples/6.png"}, {"rfilename": "examples/7.png"}, {"rfilename": "feature_extractor/Icon\r"}, {"rfilename": "feature_extractor/preprocessor_config.json"}, {"rfilename": "model.ckpt"}, {"rfilename": "model_index.json"}, {"rfilename": "samples/0.png"}, {"rfilename": "samples/1.png"}, {"rfilename": "samples/2.png"}, {"rfilename": "samples/3.png"}, {"rfilename": "samples/Icon\r"}, {"rfilename": "scheduler/Icon\r"}, {"rfilename": "scheduler/scheduler_config.json"}, {"rfilename": "text_encoder/Icon\r"}, {"rfilename": "text_encoder/config.json"}, {"rfilename": "text_encoder/pytorch_model.bin"}, {"rfilename": "tokenizer/Icon\r"}, {"rfilename": "tokenizer/merges.txt"}, {"rfilename": "tokenizer/special_tokens_map.json"}, {"rfilename": "tokenizer/tokenizer_config.json"}, {"rfilename": "tokenizer/vocab.json"}, {"rfilename": "unet/Icon\r"}, {"rfilename": "unet/config.json"}, {"rfilename": "unet/diffusion_pytorch_model.bin"}, {"rfilename": "vae/Icon\r"}, {"rfilename": "vae/config.json"}, {"rfilename": "vae/diffusion_pytorch_model.bin"}], "spaces": ["Yntec/ToyWorld", "Yntec/Diffusion80XX", "Yntec/PrintingPress", "sanaweb/text-to-image", "Vedits/6x_Image_diffusion", "phenixrhyder/Realistic-NSFW", "Yntec/fast_diffusion", "SUPERSHANKY/Finetuned_Diffusion_Max", "TheKitten/Fast-Images-Creature", "PeepDaSlan9/B2BMGMT_Diffusion60XX", "phenixrhyder/PrintingPress", "grzegorz2047/fast_diffusion", "Rifd/Sdallmodels", "Alfasign/dIFFU", "ennov8ion/500models", "phenixrhyder/NSFW-ToyWorld", "RhythmRemix14/PrintingPressDx", "Daniela-C/6x_Image_diffusion", "PeepDaSlan9/B2BMGMT_ToyWorld", "Harshveer/Finetuned_Diffusion_Max", "Binettebob22/fast_diffusion2", "TheKitten/Images", "xxfdsf/zexxiai", "jordonpeter01/Diffusion70", "ivanmeyer/Finetuned_Diffusion_Max", "ygtrfed/pp-web-ui", "manivannan7gp/Words2Image", "vih-v/x_mod", "ucmisanddisinfo/thisApp", "johann22/chat-diffusion", "Nymbo/Diffusion60XX", "Nymbo/PrintingPress", "sohoso/PrintingPress", "Yntec/top_100_diffusion", "AIlexDev/Diffusion60XX", "flatindo/all-models-v1", "einfachalf/ImageTool", "johann22/chat-diffusion-describe", "wideprism/Ultimate-Model-Collection", "ReiPlush64/Finetuned_Diffusion_Max"], "createdAt": "2023-02-03T02:03:10.000Z", "inferenceStatus": "not-loaded"}