{"_id": "6606d824fb31ce4e83eeaf47", "id": "x7modox/mahmoud", "modelId": "x7modox/mahmoud", "author": "x7modox", "sha": "942970b8cfe7835d6f42cca670f25f1a24df4f57", "lastModified": "2024-03-29T15:03:00.000Z", "private": false, "disabled": false, "gated": false, "tags": ["license:apache-2.0", "region:us"], "downloads": 0, "likes": 0, "model-index": null, "cardData": {"license": "apache-2.0"}, "siblings": [{"rfilename": ".gitattributes"}, {"rfilename": "README.md"}], "spaces": [], "createdAt": "2024-03-29T15:03:00.000Z", "inferenceStatus": "not-loaded"}