{"_id": "62cc7894bcaa438a5db82a1c", "id": "x81k25/model1", "modelId": "x81k25/model1", "author": "x81k25", "sha": "843889bf07b16d249cdf818b19b8d39c9e6e8f15", "lastModified": "2022-07-11T19:23:22.000Z", "private": false, "disabled": false, "gated": false, "tags": ["region:us"], "downloads": 0, "likes": 0, "config": {"tokenizer_config": {"cls_token": "[CLS]", "mask_token": "[MASK]", "pad_token": "[PAD]", "sep_token": "[SEP]", "unk_token": "[UNK]"}}, "siblings": [{"rfilename": ".gitattributes"}, {"rfilename": "special_tokens_map.json"}, {"rfilename": "tokenizer.json"}, {"rfilename": "tokenizer_config.json"}, {"rfilename": "vocab.txt"}], "spaces": [], "createdAt": "2022-07-11T19:23:00.000Z", "inferenceStatus": "not-loaded"}