{"_id": "62cc7943376917c0223dc5f7", "id": "x81k25/my-finetuned-bert", "modelId": "x81k25/my-finetuned-bert", "author": "x81k25", "sha": "93cb3ebec59dbcbb6abb9808438a2a50379044fa", "lastModified": "2022-07-11T19:26:04.000Z", "private": false, "disabled": false, "gated": false, "pipeline_tag": "feature-extraction", "tags": ["transformers", "pytorch", "bert", "feature-extraction", "text-embeddings-inference", "endpoints_compatible", "region:us"], "downloads": 4, "library_name": "transformers", "mask_token": "[MASK]", "likes": 0, "config": {"architectures": ["BertModel"], "model_type": "bert"}, "transformersInfo": {"auto_model": "AutoModel", "pipeline_tag": "feature-extraction", "processor": "AutoTokenizer"}, "siblings": [{"rfilename": ".gitattributes"}, {"rfilename": "config.json"}, {"rfilename": "pytorch_model.bin"}], "spaces": [], "createdAt": "2022-07-11T19:25:55.000Z", "inferenceStatus": "not-loaded"}