{"_id": "65e52e4d2cdbd1f4a303bae9", "id": "x831617/20240304", "modelId": "x831617/20240304", "author": "x831617", "sha": "634016a8e7c8147f4c9c6cb1453f5c3f0562b316", "lastModified": "2024-03-04T02:47:52.000Z", "private": false, "disabled": false, "gated": false, "pipeline_tag": "text-classification", "tags": ["transformers", "tensorboard", "safetensors", "distilbert", "text-classification", "generated_from_trainer", "base_model:distilbert-base-uncased", "license:apache-2.0", "autotrain_compatible", "endpoints_compatible", "region:us"], "downloads": 2, "library_name": "transformers", "mask_token": "[MASK]", "widgetData": [{"text": "I like you. I love you"}], "likes": 0, "model-index": [{"name": "20240304", "results": []}], "config": {"architectures": ["DistilBertForSequenceClassification"], "model_type": "distilbert", "tokenizer_config": {"cls_token": "[CLS]", "mask_token": "[MASK]", "pad_token": "[PAD]", "sep_token": "[SEP]", "unk_token": "[UNK]"}}, "cardData": {"license": "apache-2.0", "base_model": "distilbert-base-uncased", "tags": ["generated_from_trainer"], "metrics": ["matthews_correlation"], "model-index": [{"name": "20240304", "results": []}]}, "transformersInfo": {"auto_model": "AutoModelForSequenceClassification", "pipeline_tag": "text-classification", "processor": "AutoTokenizer"}, "siblings": [{"rfilename": ".gitattributes"}, {"rfilename": "README.md"}, {"rfilename": "config.json"}, {"rfilename": "model.safetensors"}, {"rfilename": "run-0/checkpoint-1070/config.json"}, {"rfilename": "run-0/checkpoint-1070/model.safetensors"}, {"rfilename": "run-0/checkpoint-1070/optimizer.pt"}, {"rfilename": "run-0/checkpoint-1070/rng_state.pth"}, {"rfilename": "run-0/checkpoint-1070/scheduler.pt"}, {"rfilename": "run-0/checkpoint-1070/special_tokens_map.json"}, {"rfilename": "run-0/checkpoint-1070/tokenizer.json"}, {"rfilename": "run-0/checkpoint-1070/tokenizer_config.json"}, {"rfilename": "run-0/checkpoint-1070/trainer_state.json"}, {"rfilename": "run-0/checkpoint-1070/training_args.bin"}, {"rfilename": "run-0/checkpoint-1070/vocab.txt"}, {"rfilename": "run-0/checkpoint-535/config.json"}, {"rfilename": "run-0/checkpoint-535/model.safetensors"}, {"rfilename": "run-0/checkpoint-535/optimizer.pt"}, {"rfilename": "run-0/checkpoint-535/rng_state.pth"}, {"rfilename": "run-0/checkpoint-535/scheduler.pt"}, {"rfilename": "run-0/checkpoint-535/special_tokens_map.json"}, {"rfilename": "run-0/checkpoint-535/tokenizer.json"}, {"rfilename": "run-0/checkpoint-535/tokenizer_config.json"}, {"rfilename": "run-0/checkpoint-535/trainer_state.json"}, {"rfilename": "run-0/checkpoint-535/training_args.bin"}, {"rfilename": "run-0/checkpoint-535/vocab.txt"}, {"rfilename": "run-1/checkpoint-1072/config.json"}, {"rfilename": "run-1/checkpoint-1072/model.safetensors"}, {"rfilename": "run-1/checkpoint-1072/optimizer.pt"}, {"rfilename": "run-1/checkpoint-1072/rng_state.pth"}, {"rfilename": "run-1/checkpoint-1072/scheduler.pt"}, {"rfilename": "run-1/checkpoint-1072/special_tokens_map.json"}, {"rfilename": "run-1/checkpoint-1072/tokenizer.json"}, {"rfilename": "run-1/checkpoint-1072/tokenizer_config.json"}, {"rfilename": "run-1/checkpoint-1072/trainer_state.json"}, {"rfilename": "run-1/checkpoint-1072/training_args.bin"}, {"rfilename": "run-1/checkpoint-1072/vocab.txt"}, {"rfilename": "run-1/checkpoint-1340/config.json"}, {"rfilename": "run-1/checkpoint-1340/model.safetensors"}, {"rfilename": "run-1/checkpoint-1340/optimizer.pt"}, {"rfilename": "run-1/checkpoint-1340/rng_state.pth"}, {"rfilename": "run-1/checkpoint-1340/scheduler.pt"}, {"rfilename": "run-1/checkpoint-1340/special_tokens_map.json"}, {"rfilename": "run-1/checkpoint-1340/tokenizer.json"}, {"rfilename": "run-1/checkpoint-1340/tokenizer_config.json"}, {"rfilename": "run-1/checkpoint-1340/trainer_state.json"}, {"rfilename": "run-1/checkpoint-1340/training_args.bin"}, {"rfilename": "run-1/checkpoint-1340/vocab.txt"}, {"rfilename": "run-1/checkpoint-268/config.json"}, {"rfilename": "run-1/checkpoint-268/model.safetensors"}, {"rfilename": "run-1/checkpoint-268/optimizer.pt"}, {"rfilename": "run-1/checkpoint-268/rng_state.pth"}, {"rfilename": "run-1/checkpoint-268/scheduler.pt"}, {"rfilename": "run-1/checkpoint-268/special_tokens_map.json"}, {"rfilename": "run-1/checkpoint-268/tokenizer.json"}, {"rfilename": "run-1/checkpoint-268/tokenizer_config.json"}, {"rfilename": "run-1/checkpoint-268/trainer_state.json"}, {"rfilename": "run-1/checkpoint-268/training_args.bin"}, {"rfilename": "run-1/checkpoint-268/vocab.txt"}, {"rfilename": "run-1/checkpoint-536/config.json"}, {"rfilename": "run-1/checkpoint-536/model.safetensors"}, {"rfilename": "run-1/checkpoint-536/optimizer.pt"}, {"rfilename": "run-1/checkpoint-536/rng_state.pth"}, {"rfilename": "run-1/checkpoint-536/scheduler.pt"}, {"rfilename": "run-1/checkpoint-536/special_tokens_map.json"}, {"rfilename": "run-1/checkpoint-536/tokenizer.json"}, {"rfilename": "run-1/checkpoint-536/tokenizer_config.json"}, {"rfilename": "run-1/checkpoint-536/trainer_state.json"}, {"rfilename": "run-1/checkpoint-536/training_args.bin"}, {"rfilename": "run-1/checkpoint-536/vocab.txt"}, {"rfilename": "run-1/checkpoint-804/config.json"}, {"rfilename": "run-1/checkpoint-804/model.safetensors"}, {"rfilename": "run-1/checkpoint-804/optimizer.pt"}, {"rfilename": "run-1/checkpoint-804/rng_state.pth"}, {"rfilename": "run-1/checkpoint-804/scheduler.pt"}, {"rfilename": "run-1/checkpoint-804/special_tokens_map.json"}, {"rfilename": "run-1/checkpoint-804/tokenizer.json"}, {"rfilename": "run-1/checkpoint-804/tokenizer_config.json"}, {"rfilename": "run-1/checkpoint-804/trainer_state.json"}, {"rfilename": "run-1/checkpoint-804/training_args.bin"}, {"rfilename": "run-1/checkpoint-804/vocab.txt"}, {"rfilename": "run-2/checkpoint-268/config.json"}, {"rfilename": "run-2/checkpoint-268/model.safetensors"}, {"rfilename": "run-2/checkpoint-268/optimizer.pt"}, {"rfilename": "run-2/checkpoint-268/rng_state.pth"}, {"rfilename": "run-2/checkpoint-268/scheduler.pt"}, {"rfilename": "run-2/checkpoint-268/special_tokens_map.json"}, {"rfilename": "run-2/checkpoint-268/tokenizer.json"}, {"rfilename": "run-2/checkpoint-268/tokenizer_config.json"}, {"rfilename": "run-2/checkpoint-268/trainer_state.json"}, {"rfilename": "run-2/checkpoint-268/training_args.bin"}, {"rfilename": "run-2/checkpoint-268/vocab.txt"}, {"rfilename": "run-2/checkpoint-536/config.json"}, {"rfilename": "run-2/checkpoint-536/model.safetensors"}, {"rfilename": "run-2/checkpoint-536/optimizer.pt"}, {"rfilename": "run-2/checkpoint-536/rng_state.pth"}, {"rfilename": "run-2/checkpoint-536/scheduler.pt"}, {"rfilename": "run-2/checkpoint-536/special_tokens_map.json"}, {"rfilename": "run-2/checkpoint-536/tokenizer.json"}, {"rfilename": "run-2/checkpoint-536/tokenizer_config.json"}, {"rfilename": "run-2/checkpoint-536/trainer_state.json"}, {"rfilename": "run-2/checkpoint-536/training_args.bin"}, {"rfilename": "run-2/checkpoint-536/vocab.txt"}, {"rfilename": "run-3/checkpoint-2138/config.json"}, {"rfilename": "run-3/checkpoint-2138/model.safetensors"}, {"rfilename": "run-3/checkpoint-2138/optimizer.pt"}, {"rfilename": "run-3/checkpoint-2138/rng_state.pth"}, {"rfilename": "run-3/checkpoint-2138/scheduler.pt"}, {"rfilename": "run-3/checkpoint-2138/special_tokens_map.json"}, {"rfilename": "run-3/checkpoint-2138/tokenizer.json"}, {"rfilename": "run-3/checkpoint-2138/tokenizer_config.json"}, {"rfilename": "run-3/checkpoint-2138/trainer_state.json"}, {"rfilename": "run-3/checkpoint-2138/training_args.bin"}, {"rfilename": "run-3/checkpoint-2138/vocab.txt"}, {"rfilename": "run-3/checkpoint-4276/config.json"}, {"rfilename": "run-3/checkpoint-4276/model.safetensors"}, {"rfilename": "run-3/checkpoint-4276/optimizer.pt"}, {"rfilename": "run-3/checkpoint-4276/rng_state.pth"}, {"rfilename": "run-3/checkpoint-4276/scheduler.pt"}, {"rfilename": "run-3/checkpoint-4276/special_tokens_map.json"}, {"rfilename": "run-3/checkpoint-4276/tokenizer.json"}, {"rfilename": "run-3/checkpoint-4276/tokenizer_config.json"}, {"rfilename": "run-3/checkpoint-4276/trainer_state.json"}, {"rfilename": "run-3/checkpoint-4276/training_args.bin"}, {"rfilename": "run-3/checkpoint-4276/vocab.txt"}, {"rfilename": "runs/Mar04_02-27-51_60f895590520/events.out.tfevents.1709519289.60f895590520.565.0"}, {"rfilename": "runs/Mar04_02-27-51_60f895590520/events.out.tfevents.1709519604.60f895590520.565.1"}, {"rfilename": "runs/Mar04_02-27-51_60f895590520/events.out.tfevents.1709519809.60f895590520.565.2"}, {"rfilename": "runs/Mar04_02-27-51_60f895590520/events.out.tfevents.1709519913.60f895590520.565.3"}, {"rfilename": "runs/Mar04_02-27-51_60f895590520/events.out.tfevents.1709520104.60f895590520.565.4"}, {"rfilename": "runs/Mar04_02-27-51_60f895590520/events.out.tfevents.1709520166.60f895590520.565.5"}, {"rfilename": "special_tokens_map.json"}, {"rfilename": "tokenizer.json"}, {"rfilename": "tokenizer_config.json"}, {"rfilename": "training_args.bin"}, {"rfilename": "vocab.txt"}], "spaces": [], "createdAt": "2024-03-04T02:13:33.000Z", "safetensors": {"parameters": {"F32": 66955010}, "total": 66955010}, "inferenceStatus": "not-loaded"}