{"_id": "66662b436fc71646ee9a2336", "id": "xabby/hq", "modelId": "xabby/hq", "author": "xabby", "sha": "899cdf3225cc31fd9afa52672cf0a71e2c81a9d1", "lastModified": "2024-06-09T22:22:59.000Z", "private": false, "disabled": false, "gated": false, "tags": ["license:apache-2.0", "region:us"], "downloads": 0, "likes": 0, "model-index": null, "cardData": {"license": "apache-2.0"}, "siblings": [{"rfilename": ".gitattributes"}, {"rfilename": "README.md"}], "spaces": [], "createdAt": "2024-06-09T22:22:59.000Z", "inferenceStatus": "not-loaded"}