{"_id": "6419a659574e08d85606e345", "id": "XabierJJ/es_ner_edictos", "modelId": "XabierJJ/es_ner_edictos", "author": "XabierJJ", "sha": "ea4be9a590bee0273b48856218dcee6a97f3010c", "lastModified": "2023-03-21T12:43:27.000Z", "private": false, "disabled": false, "gated": false, "pipeline_tag": "token-classification", "tags": ["spacy", "token-classification", "es", "model-index", "region:us"], "downloads": 3, "library_name": "spacy", "widgetData": [{"text": "Me llamo Wolfgang y vivo en Berlin"}], "likes": 0, "model-index": [{"name": "es_ner_edictos", "results": [{"task": {"name": "NER", "type": "token-classification"}, "metrics": [{"name": "NER Precision", "type": "precision", "value": 0.8786885246, "verified": false}, {"name": "NER Recall", "type": "recall", "value": 0.9273356401, "verified": false}, {"name": "NER F Score", "type": "f_score", "value": 0.9023569024, "verified": false}]}]}], "cardData": {"tags": ["spacy", "token-classification"], "language": ["es"], "model-index": [{"name": "es_ner_edictos", "results": [{"task": {"name": "NER", "type": "token-classification"}, "metrics": [{"name": "NER Precision", "type": "precision", "value": 0.8786885246, "verified": false}, {"name": "NER Recall", "type": "recall", "value": 0.9273356401, "verified": false}, {"name": "NER F Score", "type": "f_score", "value": 0.9023569024, "verified": false}]}]}]}, "siblings": [{"rfilename": ".gitattributes"}, {"rfilename": "README.md"}, {"rfilename": "config.cfg"}, {"rfilename": "es_ner_edictos-any-py3-none-any.whl"}, {"rfilename": "meta.json"}, {"rfilename": "ner/cfg"}, {"rfilename": "ner/model"}, {"rfilename": "ner/moves"}, {"rfilename": "tokenizer"}, {"rfilename": "transformer/cfg"}, {"rfilename": "transformer/model"}, {"rfilename": "vocab/key2row"}, {"rfilename": "vocab/lookups.bin"}, {"rfilename": "vocab/strings.json"}, {"rfilename": "vocab/vectors"}, {"rfilename": "vocab/vectors.cfg"}], "spaces": [], "createdAt": "2023-03-21T12:43:05.000Z", "inferenceStatus": "not-loaded"}