{"_id": "650178f8f322f91566972ab0", "id": "Xackerr/XRV_pre", "modelId": "Xackerr/XRV_pre", "author": "Xackerr", "sha": "fa15d479a10953702cb400f23bae4b42298e841e", "lastModified": "2023-10-21T21:54:36.000Z", "private": false, "disabled": false, "gated": false, "tags": ["region:us"], "downloads": 0, "likes": 0, "siblings": [{"rfilename": ".gitattributes"}, {"rfilename": "hubert_base.pt"}, {"rfilename": "myenv.zip"}, {"rfilename": "pretr_v2/D32k.pth"}, {"rfilename": "pretr_v2/D40k.pth"}, {"rfilename": "pretr_v2/D48k.pth"}, {"rfilename": "pretr_v2/G32k.pth"}, {"rfilename": "pretr_v2/G40k.pth"}, {"rfilename": "pretr_v2/G48k.pth"}, {"rfilename": "pretr_v2/da.txt"}, {"rfilename": "pretr_v2/f0D32k.pth"}, {"rfilename": "pretr_v2/f0D40k.pth"}, {"rfilename": "pretr_v2/f0D48k.pth"}, {"rfilename": "pretr_v2/f0G32k.pth"}, {"rfilename": "pretr_v2/f0G40k.pth"}, {"rfilename": "pretr_v2/f0G48k.pth"}, {"rfilename": "rmvpe.pt"}], "spaces": [], "createdAt": "2023-09-13T08:55:20.000Z", "inferenceStatus": "not-loaded"}