{"_id": "64b5d021c1452d75f34f4e04", "id": "xacl/wav2vec2-base-timit-demo-colab", "modelId": "xacl/wav2vec2-base-timit-demo-colab", "author": "xacl", "sha": "183ebc9e31e4ff20683998ba48a3c1d03e0b32e7", "lastModified": "2023-07-18T19:09:44.000Z", "private": false, "disabled": false, "gated": false, "pipeline_tag": "automatic-speech-recognition", "tags": ["transformers", "pytorch", "tensorboard", "wav2vec2", "automatic-speech-recognition", "generated_from_trainer", "base_model:facebook/wav2vec2-base", "license:apache-2.0", "endpoints_compatible", "region:us"], "downloads": 0, "library_name": "transformers", "likes": 0, "model-index": [{"name": "wav2vec2-base-timit-demo-colab", "results": []}], "config": {"architectures": ["Wav2Vec2ForCTC"], "model_type": "wav2vec2", "tokenizer_config": {"bos_token": "<s>", "eos_token": "</s>", "pad_token": "[PAD]", "unk_token": "[UNK]"}}, "cardData": {"license": "apache-2.0", "base_model": "facebook/wav2vec2-base", "tags": ["generated_from_trainer"], "metrics": ["wer"], "model-index": [{"name": "wav2vec2-base-timit-demo-colab", "results": []}]}, "transformersInfo": {"auto_model": "AutoModelForCTC", "pipeline_tag": "automatic-speech-recognition", "processor": "AutoProcessor"}, "siblings": [{"rfilename": ".gitattributes"}, {"rfilename": ".gitignore"}, {"rfilename": "README.md"}, {"rfilename": "config.json"}, {"rfilename": "preprocessor_config.json"}, {"rfilename": "pytorch_model.bin"}, {"rfilename": "runs/Jul18_16-38-12_fa4617732f58/events.out.tfevents.1689698371.fa4617732f58.48688.0"}, {"rfilename": "special_tokens_map.json"}, {"rfilename": "tokenizer_config.json"}, {"rfilename": "training_args.bin"}, {"rfilename": "vocab.json"}], "spaces": [], "createdAt": "2023-07-17T23:34:57.000Z", "inferenceStatus": "not-loaded"}