{"_id": "640211b1c4e9d984b71d3403", "id": "xaeroq/a2c-PandaReachDense-v2", "modelId": "xaeroq/a2c-PandaReachDense-v2", "author": "xaeroq", "sha": "1c94c3756763c93b3bd261e9eaba3193d5721016", "lastModified": "2023-03-06T04:25:03.000Z", "private": false, "disabled": false, "gated": false, "pipeline_tag": "reinforcement-learning", "tags": ["stable-baselines3", "PandaReachDense-v2", "deep-reinforcement-learning", "reinforcement-learning", "model-index", "region:us"], "downloads": 0, "library_name": "stable-baselines3", "likes": 0, "model-index": [{"name": "A2C", "results": [{"task": {"type": "reinforcement-learning", "name": "reinforcement-learning"}, "dataset": {"name": "PandaReachDense-v2", "type": "PandaReachDense-v2"}, "metrics": [{"type": "mean_reward", "value": "-7.02 +/- 1.68", "name": "mean_reward", "verified": false}]}]}], "config": {}, "cardData": {"library_name": "stable-baselines3", "tags": ["PandaReachDense-v2", "deep-reinforcement-learning", "reinforcement-learning", "stable-baselines3"], "model-index": [{"name": "A2C", "results": [{"task": {"type": "reinforcement-learning", "name": "reinforcement-learning"}, "dataset": {"name": "PandaReachDense-v2", "type": "PandaReachDense-v2"}, "metrics": [{"type": "mean_reward", "value": "-7.02 +/- 1.68", "name": "mean_reward", "verified": false}]}]}]}, "siblings": [{"rfilename": ".gitattributes"}, {"rfilename": "README.md"}, {"rfilename": "a2c-PandaReachDense-v2.zip"}, {"rfilename": "a2c-PandaReachDense-v2/_stable_baselines3_version"}, {"rfilename": "a2c-PandaReachDense-v2/data"}, {"rfilename": "a2c-PandaReachDense-v2/policy.optimizer.pth"}, {"rfilename": "a2c-PandaReachDense-v2/policy.pth"}, {"rfilename": "a2c-PandaReachDense-v2/pytorch_variables.pth"}, {"rfilename": "a2c-PandaReachDense-v2/system_info.txt"}, {"rfilename": "config.json"}, {"rfilename": "replay.mp4"}, {"rfilename": "results.json"}, {"rfilename": "vec_normalize.pkl"}], "spaces": [], "createdAt": "2023-03-03T15:26:41.000Z", "inferenceStatus": "not-loaded"}