{"_id": "637ec0851618112bdd7f29e5", "id": "xaeroq/ppo-MsPacman-v5", "modelId": "xaeroq/ppo-MsPacman-v5", "author": "xaeroq", "sha": "738629efded0d391873d10bad6d25eea7f670723", "lastModified": "2022-11-24T11:47:06.000Z", "private": false, "disabled": false, "gated": false, "pipeline_tag": "reinforcement-learning", "tags": ["stable-baselines3", "ALE/MsPacman-v5", "deep-reinforcement-learning", "reinforcement-learning", "model-index", "region:us"], "downloads": 4, "library_name": "stable-baselines3", "likes": 0, "model-index": [{"name": "PPO", "results": [{"task": {"type": "reinforcement-learning", "name": "reinforcement-learning"}, "dataset": {"name": "ALE/MsPacman-v5", "type": "ALE/MsPacman-v5"}, "metrics": [{"type": "mean_reward", "value": "2934.00 +/- 982.27", "name": "mean_reward", "verified": false}]}]}], "cardData": {"library_name": "stable-baselines3", "tags": ["ALE/MsPacman-v5", "deep-reinforcement-learning", "reinforcement-learning", "stable-baselines3"], "model-index": [{"name": "PPO", "results": [{"task": {"type": "reinforcement-learning", "name": "reinforcement-learning"}, "dataset": {"name": "ALE/MsPacman-v5", "type": "ALE/MsPacman-v5"}, "metrics": [{"type": "mean_reward", "value": "2934.00 +/- 982.27", "name": "mean_reward", "verified": false}]}]}]}, "siblings": [{"rfilename": ".gitattributes"}, {"rfilename": "README.md"}, {"rfilename": "args.yml"}, {"rfilename": "config.yml"}, {"rfilename": "env_kwargs.yml"}, {"rfilename": "ppo-ALE-MsPacman-v5.zip"}, {"rfilename": "ppo-ALE-MsPacman-v5/_stable_baselines3_version"}, {"rfilename": "ppo-ALE-MsPacman-v5/data"}, {"rfilename": "ppo-ALE-MsPacman-v5/policy.optimizer.pth"}, {"rfilename": "ppo-ALE-MsPacman-v5/policy.pth"}, {"rfilename": "ppo-ALE-MsPacman-v5/pytorch_variables.pth"}, {"rfilename": "ppo-ALE-MsPacman-v5/system_info.txt"}, {"rfilename": "replay.mp4"}, {"rfilename": "results.json"}, {"rfilename": "train_eval_metrics.zip"}], "spaces": [], "createdAt": "2022-11-24T00:53:25.000Z", "inferenceStatus": "not-loaded"}