{"_id": "657447de5f7efec0ae1b70c3", "id": "xahilmalik/bert-banking-intent-classifier", "modelId": "xahilmalik/bert-banking-intent-classifier", "author": "xahilmalik", "sha": "a0824a40b535a03b39dcc00dacd759abdf4a98ae", "lastModified": "2023-12-09T10:56:30.000Z", "private": false, "disabled": false, "gated": false, "tags": ["region:us"], "downloads": 0, "likes": 0, "config": {"tokenizer_config": {"cls_token": "[CLS]", "mask_token": "[MASK]", "pad_token": "[PAD]", "sep_token": "[SEP]", "unk_token": "[UNK]"}}, "siblings": [{"rfilename": ".gitattributes"}, {"rfilename": "special_tokens_map.json"}, {"rfilename": "tokenizer.json"}, {"rfilename": "tokenizer_config.json"}, {"rfilename": "vocab.txt"}], "spaces": [], "createdAt": "2023-12-09T10:56:30.000Z", "inferenceStatus": "not-loaded"}