{"_id": "65f683e9df29f02c6da01279", "id": "xai-org/grok-1", "modelId": "xai-org/grok-1", "author": "xai-org", "sha": "5de83eb225f49624b424f1c8aa74f96983b5885c", "lastModified": "2024-03-28T16:25:32.000Z", "private": false, "disabled": false, "gated": false, "pipeline_tag": "text-generation", "tags": ["grok", "grok-1", "text-generation", "license:apache-2.0", "region:us"], "downloads": 655, "library_name": "grok", "widgetData": [{"text": "My name is Julien and I like to"}, {"text": "My name is Thomas and my main"}, {"text": "My name is Mariama, my favorite"}, {"text": "My name is Clara and I am"}, {"text": "My name is Lewis and I like to"}, {"text": "My name is Merve and my favorite"}, {"text": "My name is Teven and I am"}, {"text": "Once upon a time,"}], "likes": 2128, "model-index": null, "cardData": {"license": "apache-2.0", "pipeline_tag": "text-generation", "library_name": "grok", "tags": ["grok-1"]}, "siblings": [{"rfilename": ".gitattributes"}, {"rfilename": "README.md"}, {"rfilename": "RELEASE"}, {"rfilename": "ckpt-0/tensor00000_000"}, {"rfilename": "ckpt-0/tensor00001_000"}, {"rfilename": "ckpt-0/tensor00002_000"}, {"rfilename": "ckpt-0/tensor00003_000"}, {"rfilename": "ckpt-0/tensor00004_000"}, {"rfilename": "ckpt-0/tensor00005_000"}, {"rfilename": "ckpt-0/tensor00006_000"}, {"rfilename": "ckpt-0/tensor00007_000"}, {"rfilename": "ckpt-0/tensor00008_000"}, {"rfilename": "ckpt-0/tensor00009_000"}, {"rfilename": "ckpt-0/tensor00010_000"}, {"rfilename": "ckpt-0/tensor00011_000"}, {"rfilename": "ckpt-0/tensor00012_000"}, {"rfilename": "ckpt-0/tensor00013_000"}, {"rfilename": "ckpt-0/tensor00014_000"}, {"rfilename": "ckpt-0/tensor00015_000"}, {"rfilename": "ckpt-0/tensor00016_000"}, {"rfilename": "ckpt-0/tensor00017_000"}, {"rfilename": "ckpt-0/tensor00018_000"}, {"rfilename": "ckpt-0/tensor00019_000"}, {"rfilename": "ckpt-0/tensor00020_000"}, {"rfilename": "ckpt-0/tensor00021_000"}, {"rfilename": "ckpt-0/tensor00022_000"}, {"rfilename": "ckpt-0/tensor00023_000"}, {"rfilename": "ckpt-0/tensor00024_000"}, {"rfilename": "ckpt-0/tensor00025_000"}, {"rfilename": "ckpt-0/tensor00026_000"}, {"rfilename": "ckpt-0/tensor00027_000"}, {"rfilename": "ckpt-0/tensor00028_000"}, {"rfilename": "ckpt-0/tensor00029_000"}, {"rfilename": "ckpt-0/tensor00030_000"}, {"rfilename": "ckpt-0/tensor00031_000"}, {"rfilename": "ckpt-0/tensor00032_000"}, {"rfilename": "ckpt-0/tensor00033_000"}, {"rfilename": "ckpt-0/tensor00034_000"}, {"rfilename": "ckpt-0/tensor00035_000"}, {"rfilename": "ckpt-0/tensor00036_000"}, {"rfilename": "ckpt-0/tensor00037_000"}, {"rfilename": "ckpt-0/tensor00038_000"}, {"rfilename": "ckpt-0/tensor00039_000"}, {"rfilename": "ckpt-0/tensor00040_000"}, {"rfilename": "ckpt-0/tensor00041_000"}, {"rfilename": "ckpt-0/tensor00042_000"}, {"rfilename": "ckpt-0/tensor00043_000"}, {"rfilename": "ckpt-0/tensor00044_000"}, {"rfilename": "ckpt-0/tensor00045_000"}, {"rfilename": "ckpt-0/tensor00046_000"}, {"rfilename": "ckpt-0/tensor00047_000"}, {"rfilename": "ckpt-0/tensor00048_000"}, {"rfilename": "ckpt-0/tensor00049_000"}, {"rfilename": "ckpt-0/tensor00050_000"}, {"rfilename": "ckpt-0/tensor00051_000"}, {"rfilename": "ckpt-0/tensor00052_000"}, {"rfilename": "ckpt-0/tensor00053_000"}, {"rfilename": "ckpt-0/tensor00054_000"}, {"rfilename": "ckpt-0/tensor00055_000"}, {"rfilename": "ckpt-0/tensor00056_000"}, {"rfilename": "ckpt-0/tensor00057_000"}, {"rfilename": "ckpt-0/tensor00058_000"}, {"rfilename": "ckpt-0/tensor00059_000"}, {"rfilename": "ckpt-0/tensor00060_000"}, {"rfilename": "ckpt-0/tensor00061_000"}, {"rfilename": "ckpt-0/tensor00062_000"}, {"rfilename": "ckpt-0/tensor00063_000"}, {"rfilename": "ckpt-0/tensor00064_000"}, {"rfilename": "ckpt-0/tensor00065_000"}, {"rfilename": "ckpt-0/tensor00066_000"}, {"rfilename": "ckpt-0/tensor00067_000"}, {"rfilename": "ckpt-0/tensor00068_000"}, {"rfilename": "ckpt-0/tensor00069_000"}, {"rfilename": "ckpt-0/tensor00070_000"}, {"rfilename": "ckpt-0/tensor00071_000"}, {"rfilename": "ckpt-0/tensor00072_000"}, {"rfilename": "ckpt-0/tensor00073_000"}, {"rfilename": "ckpt-0/tensor00074_000"}, {"rfilename": "ckpt-0/tensor00075_000"}, {"rfilename": "ckpt-0/tensor00076_000"}, {"rfilename": "ckpt-0/tensor00077_000"}, {"rfilename": "ckpt-0/tensor00078_000"}, {"rfilename": "ckpt-0/tensor00079_000"}, {"rfilename": "ckpt-0/tensor00080_000"}, {"rfilename": "ckpt-0/tensor00081_000"}, {"rfilename": "ckpt-0/tensor00082_000"}, {"rfilename": "ckpt-0/tensor00083_000"}, {"rfilename": "ckpt-0/tensor00084_000"}, {"rfilename": "ckpt-0/tensor00085_000"}, {"rfilename": "ckpt-0/tensor00086_000"}, {"rfilename": "ckpt-0/tensor00087_000"}, {"rfilename": "ckpt-0/tensor00088_000"}, {"rfilename": "ckpt-0/tensor00089_000"}, {"rfilename": "ckpt-0/tensor00090_000"}, {"rfilename": "ckpt-0/tensor00091_000"}, {"rfilename": "ckpt-0/tensor00092_000"}, {"rfilename": "ckpt-0/tensor00093_000"}, {"rfilename": "ckpt-0/tensor00094_000"}, {"rfilename": "ckpt-0/tensor00095_000"}, {"rfilename": "ckpt-0/tensor00096_000"}, {"rfilename": "ckpt-0/tensor00097_000"}, {"rfilename": "ckpt-0/tensor00098_000"}, {"rfilename": "ckpt-0/tensor00099_000"}, {"rfilename": "ckpt-0/tensor00100_000"}, {"rfilename": "ckpt-0/tensor00101_000"}, {"rfilename": "ckpt-0/tensor00102_000"}, {"rfilename": "ckpt-0/tensor00103_000"}, {"rfilename": "ckpt-0/tensor00104_000"}, {"rfilename": "ckpt-0/tensor00105_000"}, {"rfilename": "ckpt-0/tensor00106_000"}, {"rfilename": "ckpt-0/tensor00107_000"}, {"rfilename": "ckpt-0/tensor00108_000"}, {"rfilename": "ckpt-0/tensor00109_000"}, {"rfilename": "ckpt-0/tensor00110_000"}, {"rfilename": "ckpt-0/tensor00111_000"}, {"rfilename": "ckpt-0/tensor00112_000"}, {"rfilename": "ckpt-0/tensor00113_000"}, {"rfilename": "ckpt-0/tensor00114_000"}, {"rfilename": "ckpt-0/tensor00115_000"}, {"rfilename": "ckpt-0/tensor00116_000"}, {"rfilename": "ckpt-0/tensor00117_000"}, {"rfilename": "ckpt-0/tensor00118_000"}, {"rfilename": "ckpt-0/tensor00119_000"}, {"rfilename": "ckpt-0/tensor00120_000"}, {"rfilename": "ckpt-0/tensor00121_000"}, {"rfilename": "ckpt-0/tensor00122_000"}, {"rfilename": "ckpt-0/tensor00123_000"}, {"rfilename": "ckpt-0/tensor00124_000"}, {"rfilename": "ckpt-0/tensor00125_000"}, {"rfilename": "ckpt-0/tensor00126_000"}, {"rfilename": "ckpt-0/tensor00127_000"}, {"rfilename": "ckpt-0/tensor00128_000"}, {"rfilename": "ckpt-0/tensor00129_000"}, {"rfilename": "ckpt-0/tensor00130_000"}, {"rfilename": "ckpt-0/tensor00131_000"}, {"rfilename": "ckpt-0/tensor00132_000"}, {"rfilename": "ckpt-0/tensor00133_000"}, {"rfilename": "ckpt-0/tensor00134_000"}, {"rfilename": "ckpt-0/tensor00135_000"}, {"rfilename": "ckpt-0/tensor00136_000"}, {"rfilename": "ckpt-0/tensor00137_000"}, {"rfilename": "ckpt-0/tensor00138_000"}, {"rfilename": "ckpt-0/tensor00139_000"}, {"rfilename": "ckpt-0/tensor00140_000"}, {"rfilename": "ckpt-0/tensor00141_000"}, {"rfilename": "ckpt-0/tensor00142_000"}, {"rfilename": "ckpt-0/tensor00143_000"}, {"rfilename": "ckpt-0/tensor00144_000"}, {"rfilename": "ckpt-0/tensor00145_000"}, {"rfilename": "ckpt-0/tensor00146_000"}, {"rfilename": "ckpt-0/tensor00147_000"}, {"rfilename": "ckpt-0/tensor00148_000"}, {"rfilename": "ckpt-0/tensor00149_000"}, {"rfilename": "ckpt-0/tensor00150_000"}, {"rfilename": "ckpt-0/tensor00151_000"}, {"rfilename": "ckpt-0/tensor00152_000"}, {"rfilename": "ckpt-0/tensor00153_000"}, {"rfilename": "ckpt-0/tensor00154_000"}, {"rfilename": "ckpt-0/tensor00155_000"}, {"rfilename": "ckpt-0/tensor00156_000"}, {"rfilename": "ckpt-0/tensor00157_000"}, {"rfilename": "ckpt-0/tensor00158_000"}, {"rfilename": "ckpt-0/tensor00159_000"}, {"rfilename": "ckpt-0/tensor00160_000"}, {"rfilename": "ckpt-0/tensor00161_000"}, {"rfilename": "ckpt-0/tensor00162_000"}, {"rfilename": "ckpt-0/tensor00163_000"}, {"rfilename": "ckpt-0/tensor00164_000"}, {"rfilename": "ckpt-0/tensor00165_000"}, {"rfilename": "ckpt-0/tensor00166_000"}, {"rfilename": "ckpt-0/tensor00167_000"}, {"rfilename": "ckpt-0/tensor00168_000"}, {"rfilename": "ckpt-0/tensor00169_000"}, {"rfilename": "ckpt-0/tensor00170_000"}, {"rfilename": "ckpt-0/tensor00171_000"}, {"rfilename": "ckpt-0/tensor00172_000"}, {"rfilename": "ckpt-0/tensor00173_000"}, {"rfilename": "ckpt-0/tensor00174_000"}, {"rfilename": "ckpt-0/tensor00175_000"}, {"rfilename": "ckpt-0/tensor00176_000"}, {"rfilename": "ckpt-0/tensor00177_000"}, {"rfilename": "ckpt-0/tensor00178_000"}, {"rfilename": "ckpt-0/tensor00179_000"}, {"rfilename": "ckpt-0/tensor00180_000"}, {"rfilename": "ckpt-0/tensor00181_000"}, {"rfilename": "ckpt-0/tensor00182_000"}, {"rfilename": "ckpt-0/tensor00183_000"}, {"rfilename": "ckpt-0/tensor00184_000"}, {"rfilename": "ckpt-0/tensor00185_000"}, {"rfilename": "ckpt-0/tensor00186_000"}, {"rfilename": "ckpt-0/tensor00187_000"}, {"rfilename": "ckpt-0/tensor00188_000"}, {"rfilename": "ckpt-0/tensor00189_000"}, {"rfilename": "ckpt-0/tensor00190_000"}, {"rfilename": "ckpt-0/tensor00191_000"}, {"rfilename": "ckpt-0/tensor00192_000"}, {"rfilename": "ckpt-0/tensor00193_000"}, {"rfilename": "ckpt-0/tensor00194_000"}, {"rfilename": "ckpt-0/tensor00195_000"}, {"rfilename": "ckpt-0/tensor00196_000"}, {"rfilename": "ckpt-0/tensor00197_000"}, {"rfilename": "ckpt-0/tensor00198_000"}, {"rfilename": "ckpt-0/tensor00199_000"}, {"rfilename": "ckpt-0/tensor00200_000"}, {"rfilename": "ckpt-0/tensor00201_000"}, {"rfilename": "ckpt-0/tensor00202_000"}, {"rfilename": "ckpt-0/tensor00203_000"}, {"rfilename": "ckpt-0/tensor00204_000"}, {"rfilename": "ckpt-0/tensor00205_000"}, {"rfilename": "ckpt-0/tensor00206_000"}, {"rfilename": "ckpt-0/tensor00207_000"}, {"rfilename": "ckpt-0/tensor00208_000"}, {"rfilename": "ckpt-0/tensor00209_000"}, {"rfilename": "ckpt-0/tensor00210_000"}, {"rfilename": "ckpt-0/tensor00211_000"}, {"rfilename": "ckpt-0/tensor00212_000"}, {"rfilename": "ckpt-0/tensor00213_000"}, {"rfilename": "ckpt-0/tensor00214_000"}, {"rfilename": "ckpt-0/tensor00215_000"}, {"rfilename": "ckpt-0/tensor00216_000"}, {"rfilename": "ckpt-0/tensor00217_000"}, {"rfilename": "ckpt-0/tensor00218_000"}, {"rfilename": "ckpt-0/tensor00219_000"}, {"rfilename": "ckpt-0/tensor00220_000"}, {"rfilename": "ckpt-0/tensor00221_000"}, {"rfilename": "ckpt-0/tensor00222_000"}, {"rfilename": "ckpt-0/tensor00223_000"}, {"rfilename": "ckpt-0/tensor00224_000"}, {"rfilename": "ckpt-0/tensor00225_000"}, {"rfilename": "ckpt-0/tensor00226_000"}, {"rfilename": "ckpt-0/tensor00227_000"}, {"rfilename": "ckpt-0/tensor00228_000"}, {"rfilename": "ckpt-0/tensor00229_000"}, {"rfilename": "ckpt-0/tensor00230_000"}, {"rfilename": "ckpt-0/tensor00231_000"}, {"rfilename": "ckpt-0/tensor00232_000"}, {"rfilename": "ckpt-0/tensor00233_000"}, {"rfilename": "ckpt-0/tensor00234_000"}, {"rfilename": "ckpt-0/tensor00235_000"}, {"rfilename": "ckpt-0/tensor00236_000"}, {"rfilename": "ckpt-0/tensor00237_000"}, {"rfilename": "ckpt-0/tensor00238_000"}, {"rfilename": "ckpt-0/tensor00239_000"}, {"rfilename": "ckpt-0/tensor00240_000"}, {"rfilename": "ckpt-0/tensor00241_000"}, {"rfilename": "ckpt-0/tensor00242_000"}, {"rfilename": "ckpt-0/tensor00243_000"}, {"rfilename": "ckpt-0/tensor00244_000"}, {"rfilename": "ckpt-0/tensor00245_000"}, {"rfilename": "ckpt-0/tensor00246_000"}, {"rfilename": "ckpt-0/tensor00247_000"}, {"rfilename": "ckpt-0/tensor00248_000"}, {"rfilename": "ckpt-0/tensor00249_000"}, {"rfilename": "ckpt-0/tensor00250_000"}, {"rfilename": "ckpt-0/tensor00251_000"}, {"rfilename": "ckpt-0/tensor00252_000"}, {"rfilename": "ckpt-0/tensor00253_000"}, {"rfilename": "ckpt-0/tensor00254_000"}, {"rfilename": "ckpt-0/tensor00255_000"}, {"rfilename": "ckpt-0/tensor00256_000"}, {"rfilename": "ckpt-0/tensor00257_000"}, {"rfilename": "ckpt-0/tensor00258_000"}, {"rfilename": "ckpt-0/tensor00259_000"}, {"rfilename": "ckpt-0/tensor00260_000"}, {"rfilename": "ckpt-0/tensor00261_000"}, {"rfilename": "ckpt-0/tensor00262_000"}, {"rfilename": "ckpt-0/tensor00263_000"}, {"rfilename": "ckpt-0/tensor00264_000"}, {"rfilename": "ckpt-0/tensor00265_000"}, {"rfilename": "ckpt-0/tensor00266_000"}, {"rfilename": "ckpt-0/tensor00267_000"}, {"rfilename": "ckpt-0/tensor00268_000"}, {"rfilename": "ckpt-0/tensor00269_000"}, {"rfilename": "ckpt-0/tensor00270_000"}, {"rfilename": "ckpt-0/tensor00271_000"}, {"rfilename": "ckpt-0/tensor00272_000"}, {"rfilename": "ckpt-0/tensor00273_000"}, {"rfilename": "ckpt-0/tensor00274_000"}, {"rfilename": "ckpt-0/tensor00275_000"}, {"rfilename": "ckpt-0/tensor00276_000"}, {"rfilename": "ckpt-0/tensor00277_000"}, {"rfilename": "ckpt-0/tensor00278_000"}, {"rfilename": "ckpt-0/tensor00279_000"}, {"rfilename": "ckpt-0/tensor00280_000"}, {"rfilename": "ckpt-0/tensor00281_000"}, {"rfilename": "ckpt-0/tensor00282_000"}, {"rfilename": "ckpt-0/tensor00283_000"}, {"rfilename": "ckpt-0/tensor00284_000"}, {"rfilename": "ckpt-0/tensor00285_000"}, {"rfilename": "ckpt-0/tensor00286_000"}, {"rfilename": "ckpt-0/tensor00287_000"}, {"rfilename": "ckpt-0/tensor00288_000"}, {"rfilename": "ckpt-0/tensor00289_000"}, {"rfilename": "ckpt-0/tensor00290_000"}, {"rfilename": "ckpt-0/tensor00291_000"}, {"rfilename": "ckpt-0/tensor00292_000"}, {"rfilename": "ckpt-0/tensor00293_000"}, {"rfilename": "ckpt-0/tensor00294_000"}, {"rfilename": "ckpt-0/tensor00295_000"}, {"rfilename": "ckpt-0/tensor00296_000"}, {"rfilename": "ckpt-0/tensor00297_000"}, {"rfilename": "ckpt-0/tensor00298_000"}, {"rfilename": "ckpt-0/tensor00299_000"}, {"rfilename": "ckpt-0/tensor00300_000"}, {"rfilename": "ckpt-0/tensor00301_000"}, {"rfilename": "ckpt-0/tensor00302_000"}, {"rfilename": "ckpt-0/tensor00303_000"}, {"rfilename": "ckpt-0/tensor00304_000"}, {"rfilename": "ckpt-0/tensor00305_000"}, {"rfilename": "ckpt-0/tensor00306_000"}, {"rfilename": "ckpt-0/tensor00307_000"}, {"rfilename": "ckpt-0/tensor00308_000"}, {"rfilename": "ckpt-0/tensor00309_000"}, {"rfilename": "ckpt-0/tensor00310_000"}, {"rfilename": "ckpt-0/tensor00311_000"}, {"rfilename": "ckpt-0/tensor00312_000"}, {"rfilename": "ckpt-0/tensor00313_000"}, {"rfilename": "ckpt-0/tensor00314_000"}, {"rfilename": "ckpt-0/tensor00315_000"}, {"rfilename": "ckpt-0/tensor00316_000"}, {"rfilename": "ckpt-0/tensor00317_000"}, {"rfilename": "ckpt-0/tensor00318_000"}, {"rfilename": "ckpt-0/tensor00319_000"}, {"rfilename": "ckpt-0/tensor00320_000"}, {"rfilename": "ckpt-0/tensor00321_000"}, {"rfilename": "ckpt-0/tensor00322_000"}, {"rfilename": "ckpt-0/tensor00323_000"}, {"rfilename": "ckpt-0/tensor00324_000"}, {"rfilename": "ckpt-0/tensor00325_000"}, {"rfilename": "ckpt-0/tensor00326_000"}, {"rfilename": "ckpt-0/tensor00327_000"}, {"rfilename": "ckpt-0/tensor00328_000"}, {"rfilename": "ckpt-0/tensor00329_000"}, {"rfilename": "ckpt-0/tensor00330_000"}, {"rfilename": "ckpt-0/tensor00331_000"}, {"rfilename": "ckpt-0/tensor00332_000"}, {"rfilename": "ckpt-0/tensor00333_000"}, {"rfilename": "ckpt-0/tensor00334_000"}, {"rfilename": "ckpt-0/tensor00335_000"}, {"rfilename": "ckpt-0/tensor00336_000"}, {"rfilename": "ckpt-0/tensor00337_000"}, {"rfilename": "ckpt-0/tensor00338_000"}, {"rfilename": "ckpt-0/tensor00339_000"}, {"rfilename": "ckpt-0/tensor00340_000"}, {"rfilename": "ckpt-0/tensor00341_000"}, {"rfilename": "ckpt-0/tensor00342_000"}, {"rfilename": "ckpt-0/tensor00343_000"}, {"rfilename": "ckpt-0/tensor00344_000"}, {"rfilename": "ckpt-0/tensor00345_000"}, {"rfilename": "ckpt-0/tensor00346_000"}, {"rfilename": "ckpt-0/tensor00347_000"}, {"rfilename": "ckpt-0/tensor00348_000"}, {"rfilename": "ckpt-0/tensor00349_000"}, {"rfilename": "ckpt-0/tensor00350_000"}, {"rfilename": "ckpt-0/tensor00351_000"}, {"rfilename": "ckpt-0/tensor00352_000"}, {"rfilename": "ckpt-0/tensor00353_000"}, {"rfilename": "ckpt-0/tensor00354_000"}, {"rfilename": "ckpt-0/tensor00355_000"}, {"rfilename": "ckpt-0/tensor00356_000"}, {"rfilename": "ckpt-0/tensor00357_000"}, {"rfilename": "ckpt-0/tensor00358_000"}, {"rfilename": "ckpt-0/tensor00359_000"}, {"rfilename": "ckpt-0/tensor00360_000"}, {"rfilename": "ckpt-0/tensor00361_000"}, {"rfilename": "ckpt-0/tensor00362_000"}, {"rfilename": "ckpt-0/tensor00363_000"}, {"rfilename": "ckpt-0/tensor00364_000"}, {"rfilename": "ckpt-0/tensor00365_000"}, {"rfilename": "ckpt-0/tensor00366_000"}, {"rfilename": "ckpt-0/tensor00367_000"}, {"rfilename": "ckpt-0/tensor00368_000"}, {"rfilename": "ckpt-0/tensor00369_000"}, {"rfilename": "ckpt-0/tensor00370_000"}, {"rfilename": "ckpt-0/tensor00371_000"}, {"rfilename": "ckpt-0/tensor00372_000"}, {"rfilename": "ckpt-0/tensor00373_000"}, {"rfilename": "ckpt-0/tensor00374_000"}, {"rfilename": "ckpt-0/tensor00375_000"}, {"rfilename": "ckpt-0/tensor00376_000"}, {"rfilename": "ckpt-0/tensor00377_000"}, {"rfilename": "ckpt-0/tensor00378_000"}, {"rfilename": "ckpt-0/tensor00379_000"}, {"rfilename": "ckpt-0/tensor00380_000"}, {"rfilename": "ckpt-0/tensor00381_000"}, {"rfilename": "ckpt-0/tensor00382_000"}, {"rfilename": "ckpt-0/tensor00383_000"}, {"rfilename": "ckpt-0/tensor00384_000"}, {"rfilename": "ckpt-0/tensor00385_000"}, {"rfilename": "ckpt-0/tensor00386_000"}, {"rfilename": "ckpt-0/tensor00387_000"}, {"rfilename": "ckpt-0/tensor00388_000"}, {"rfilename": "ckpt-0/tensor00389_000"}, {"rfilename": "ckpt-0/tensor00390_000"}, {"rfilename": "ckpt-0/tensor00391_000"}, {"rfilename": "ckpt-0/tensor00392_000"}, {"rfilename": "ckpt-0/tensor00393_000"}, {"rfilename": "ckpt-0/tensor00394_000"}, {"rfilename": "ckpt-0/tensor00395_000"}, {"rfilename": "ckpt-0/tensor00396_000"}, {"rfilename": "ckpt-0/tensor00397_000"}, {"rfilename": "ckpt-0/tensor00398_000"}, {"rfilename": "ckpt-0/tensor00399_000"}, {"rfilename": "ckpt-0/tensor00400_000"}, {"rfilename": "ckpt-0/tensor00401_000"}, {"rfilename": "ckpt-0/tensor00402_000"}, {"rfilename": "ckpt-0/tensor00403_000"}, {"rfilename": "ckpt-0/tensor00404_000"}, {"rfilename": "ckpt-0/tensor00405_000"}, {"rfilename": "ckpt-0/tensor00406_000"}, {"rfilename": "ckpt-0/tensor00407_000"}, {"rfilename": "ckpt-0/tensor00408_000"}, {"rfilename": "ckpt-0/tensor00409_000"}, {"rfilename": "ckpt-0/tensor00410_000"}, {"rfilename": "ckpt-0/tensor00411_000"}, {"rfilename": "ckpt-0/tensor00412_000"}, {"rfilename": "ckpt-0/tensor00413_000"}, {"rfilename": "ckpt-0/tensor00414_000"}, {"rfilename": "ckpt-0/tensor00415_000"}, {"rfilename": "ckpt-0/tensor00416_000"}, {"rfilename": "ckpt-0/tensor00417_000"}, {"rfilename": "ckpt-0/tensor00418_000"}, {"rfilename": "ckpt-0/tensor00419_000"}, {"rfilename": "ckpt-0/tensor00420_000"}, {"rfilename": "ckpt-0/tensor00421_000"}, {"rfilename": "ckpt-0/tensor00422_000"}, {"rfilename": "ckpt-0/tensor00423_000"}, {"rfilename": "ckpt-0/tensor00424_000"}, {"rfilename": "ckpt-0/tensor00425_000"}, {"rfilename": "ckpt-0/tensor00426_000"}, {"rfilename": "ckpt-0/tensor00427_000"}, {"rfilename": "ckpt-0/tensor00428_000"}, {"rfilename": "ckpt-0/tensor00429_000"}, {"rfilename": "ckpt-0/tensor00430_000"}, {"rfilename": "ckpt-0/tensor00431_000"}, {"rfilename": "ckpt-0/tensor00432_000"}, {"rfilename": "ckpt-0/tensor00433_000"}, {"rfilename": "ckpt-0/tensor00434_000"}, {"rfilename": "ckpt-0/tensor00435_000"}, {"rfilename": "ckpt-0/tensor00436_000"}, {"rfilename": "ckpt-0/tensor00437_000"}, {"rfilename": "ckpt-0/tensor00438_000"}, {"rfilename": "ckpt-0/tensor00439_000"}, {"rfilename": "ckpt-0/tensor00440_000"}, {"rfilename": "ckpt-0/tensor00441_000"}, {"rfilename": "ckpt-0/tensor00442_000"}, {"rfilename": "ckpt-0/tensor00443_000"}, {"rfilename": "ckpt-0/tensor00444_000"}, {"rfilename": "ckpt-0/tensor00445_000"}, {"rfilename": "ckpt-0/tensor00446_000"}, {"rfilename": "ckpt-0/tensor00447_000"}, {"rfilename": "ckpt-0/tensor00448_000"}, {"rfilename": "ckpt-0/tensor00449_000"}, {"rfilename": "ckpt-0/tensor00450_000"}, {"rfilename": "ckpt-0/tensor00451_000"}, {"rfilename": "ckpt-0/tensor00452_000"}, {"rfilename": "ckpt-0/tensor00453_000"}, {"rfilename": "ckpt-0/tensor00454_000"}, {"rfilename": "ckpt-0/tensor00455_000"}, {"rfilename": "ckpt-0/tensor00456_000"}, {"rfilename": "ckpt-0/tensor00457_000"}, {"rfilename": "ckpt-0/tensor00458_000"}, {"rfilename": "ckpt-0/tensor00459_000"}, {"rfilename": "ckpt-0/tensor00460_000"}, {"rfilename": "ckpt-0/tensor00461_000"}, {"rfilename": "ckpt-0/tensor00462_000"}, {"rfilename": "ckpt-0/tensor00463_000"}, {"rfilename": "ckpt-0/tensor00464_000"}, {"rfilename": "ckpt-0/tensor00465_000"}, {"rfilename": "ckpt-0/tensor00466_000"}, {"rfilename": "ckpt-0/tensor00467_000"}, {"rfilename": "ckpt-0/tensor00468_000"}, {"rfilename": "ckpt-0/tensor00469_000"}, {"rfilename": "ckpt-0/tensor00470_000"}, {"rfilename": "ckpt-0/tensor00471_000"}, {"rfilename": "ckpt-0/tensor00472_000"}, {"rfilename": "ckpt-0/tensor00473_000"}, {"rfilename": "ckpt-0/tensor00474_000"}, {"rfilename": "ckpt-0/tensor00475_000"}, {"rfilename": "ckpt-0/tensor00476_000"}, {"rfilename": "ckpt-0/tensor00477_000"}, {"rfilename": "ckpt-0/tensor00478_000"}, {"rfilename": "ckpt-0/tensor00479_000"}, {"rfilename": "ckpt-0/tensor00480_000"}, {"rfilename": "ckpt-0/tensor00481_000"}, {"rfilename": "ckpt-0/tensor00482_000"}, {"rfilename": "ckpt-0/tensor00483_000"}, {"rfilename": "ckpt-0/tensor00484_000"}, {"rfilename": "ckpt-0/tensor00485_000"}, {"rfilename": "ckpt-0/tensor00486_000"}, {"rfilename": "ckpt-0/tensor00487_000"}, {"rfilename": "ckpt-0/tensor00488_000"}, {"rfilename": "ckpt-0/tensor00489_000"}, {"rfilename": "ckpt-0/tensor00490_000"}, {"rfilename": "ckpt-0/tensor00491_000"}, {"rfilename": "ckpt-0/tensor00492_000"}, {"rfilename": "ckpt-0/tensor00493_000"}, {"rfilename": "ckpt-0/tensor00494_000"}, {"rfilename": "ckpt-0/tensor00495_000"}, {"rfilename": "ckpt-0/tensor00496_000"}, {"rfilename": "ckpt-0/tensor00497_000"}, {"rfilename": "ckpt-0/tensor00498_000"}, {"rfilename": "ckpt-0/tensor00499_000"}, {"rfilename": "ckpt-0/tensor00500_000"}, {"rfilename": "ckpt-0/tensor00501_000"}, {"rfilename": "ckpt-0/tensor00502_000"}, {"rfilename": "ckpt-0/tensor00503_000"}, {"rfilename": "ckpt-0/tensor00504_000"}, {"rfilename": "ckpt-0/tensor00505_000"}, {"rfilename": "ckpt-0/tensor00506_000"}, {"rfilename": "ckpt-0/tensor00507_000"}, {"rfilename": "ckpt-0/tensor00508_000"}, {"rfilename": "ckpt-0/tensor00509_000"}, {"rfilename": "ckpt-0/tensor00510_000"}, {"rfilename": "ckpt-0/tensor00511_000"}, {"rfilename": "ckpt-0/tensor00512_000"}, {"rfilename": "ckpt-0/tensor00513_000"}, {"rfilename": "ckpt-0/tensor00514_000"}, {"rfilename": "ckpt-0/tensor00515_000"}, {"rfilename": "ckpt-0/tensor00516_000"}, {"rfilename": "ckpt-0/tensor00517_000"}, {"rfilename": "ckpt-0/tensor00518_000"}, {"rfilename": "ckpt-0/tensor00519_000"}, {"rfilename": "ckpt-0/tensor00520_000"}, {"rfilename": "ckpt-0/tensor00521_000"}, {"rfilename": "ckpt-0/tensor00522_000"}, {"rfilename": "ckpt-0/tensor00523_000"}, {"rfilename": "ckpt-0/tensor00524_000"}, {"rfilename": "ckpt-0/tensor00525_000"}, {"rfilename": "ckpt-0/tensor00526_000"}, {"rfilename": "ckpt-0/tensor00527_000"}, {"rfilename": "ckpt-0/tensor00528_000"}, {"rfilename": "ckpt-0/tensor00529_000"}, {"rfilename": "ckpt-0/tensor00530_000"}, {"rfilename": "ckpt-0/tensor00531_000"}, {"rfilename": "ckpt-0/tensor00532_000"}, {"rfilename": "ckpt-0/tensor00533_000"}, {"rfilename": "ckpt-0/tensor00534_000"}, {"rfilename": "ckpt-0/tensor00535_000"}, {"rfilename": "ckpt-0/tensor00536_000"}, {"rfilename": "ckpt-0/tensor00537_000"}, {"rfilename": "ckpt-0/tensor00538_000"}, {"rfilename": "ckpt-0/tensor00539_000"}, {"rfilename": "ckpt-0/tensor00540_000"}, {"rfilename": "ckpt-0/tensor00541_000"}, {"rfilename": "ckpt-0/tensor00542_000"}, {"rfilename": "ckpt-0/tensor00543_000"}, {"rfilename": "ckpt-0/tensor00544_000"}, {"rfilename": "ckpt-0/tensor00545_000"}, {"rfilename": "ckpt-0/tensor00546_000"}, {"rfilename": "ckpt-0/tensor00547_000"}, {"rfilename": "ckpt-0/tensor00548_000"}, {"rfilename": "ckpt-0/tensor00549_000"}, {"rfilename": "ckpt-0/tensor00550_000"}, {"rfilename": "ckpt-0/tensor00551_000"}, {"rfilename": "ckpt-0/tensor00552_000"}, {"rfilename": "ckpt-0/tensor00553_000"}, {"rfilename": "ckpt-0/tensor00554_000"}, {"rfilename": "ckpt-0/tensor00555_000"}, {"rfilename": "ckpt-0/tensor00556_000"}, {"rfilename": "ckpt-0/tensor00557_000"}, {"rfilename": "ckpt-0/tensor00558_000"}, {"rfilename": "ckpt-0/tensor00559_000"}, {"rfilename": "ckpt-0/tensor00560_000"}, {"rfilename": "ckpt-0/tensor00561_000"}, {"rfilename": "ckpt-0/tensor00562_000"}, {"rfilename": "ckpt-0/tensor00563_000"}, {"rfilename": "ckpt-0/tensor00564_000"}, {"rfilename": "ckpt-0/tensor00565_000"}, {"rfilename": "ckpt-0/tensor00566_000"}, {"rfilename": "ckpt-0/tensor00567_000"}, {"rfilename": "ckpt-0/tensor00568_000"}, {"rfilename": "ckpt-0/tensor00569_000"}, {"rfilename": "ckpt-0/tensor00570_000"}, {"rfilename": "ckpt-0/tensor00571_000"}, {"rfilename": "ckpt-0/tensor00572_000"}, {"rfilename": "ckpt-0/tensor00573_000"}, {"rfilename": "ckpt-0/tensor00574_000"}, {"rfilename": "ckpt-0/tensor00575_000"}, {"rfilename": "ckpt-0/tensor00576_000"}, {"rfilename": "ckpt-0/tensor00577_000"}, {"rfilename": "ckpt-0/tensor00578_000"}, {"rfilename": "ckpt-0/tensor00579_000"}, {"rfilename": "ckpt-0/tensor00580_000"}, {"rfilename": "ckpt-0/tensor00581_000"}, {"rfilename": "ckpt-0/tensor00582_000"}, {"rfilename": "ckpt-0/tensor00583_000"}, {"rfilename": "ckpt-0/tensor00584_000"}, {"rfilename": "ckpt-0/tensor00585_000"}, {"rfilename": "ckpt-0/tensor00586_000"}, {"rfilename": "ckpt-0/tensor00587_000"}, {"rfilename": "ckpt-0/tensor00588_000"}, {"rfilename": "ckpt-0/tensor00589_000"}, {"rfilename": "ckpt-0/tensor00590_000"}, {"rfilename": "ckpt-0/tensor00591_000"}, {"rfilename": "ckpt-0/tensor00592_000"}, {"rfilename": "ckpt-0/tensor00593_000"}, {"rfilename": "ckpt-0/tensor00594_000"}, {"rfilename": "ckpt-0/tensor00595_000"}, {"rfilename": "ckpt-0/tensor00596_000"}, {"rfilename": "ckpt-0/tensor00597_000"}, {"rfilename": "ckpt-0/tensor00598_000"}, {"rfilename": "ckpt-0/tensor00599_000"}, {"rfilename": "ckpt-0/tensor00600_000"}, {"rfilename": "ckpt-0/tensor00601_000"}, {"rfilename": "ckpt-0/tensor00602_000"}, {"rfilename": "ckpt-0/tensor00603_000"}, {"rfilename": "ckpt-0/tensor00604_000"}, {"rfilename": "ckpt-0/tensor00605_000"}, {"rfilename": "ckpt-0/tensor00606_000"}, {"rfilename": "ckpt-0/tensor00607_000"}, {"rfilename": "ckpt-0/tensor00608_000"}, {"rfilename": "ckpt-0/tensor00609_000"}, {"rfilename": "ckpt-0/tensor00610_000"}, {"rfilename": "ckpt-0/tensor00611_000"}, {"rfilename": "ckpt-0/tensor00612_000"}, {"rfilename": "ckpt-0/tensor00613_000"}, {"rfilename": "ckpt-0/tensor00614_000"}, {"rfilename": "ckpt-0/tensor00615_000"}, {"rfilename": "ckpt-0/tensor00616_000"}, {"rfilename": "ckpt-0/tensor00617_000"}, {"rfilename": "ckpt-0/tensor00618_000"}, {"rfilename": "ckpt-0/tensor00619_000"}, {"rfilename": "ckpt-0/tensor00620_000"}, {"rfilename": "ckpt-0/tensor00621_000"}, {"rfilename": "ckpt-0/tensor00622_000"}, {"rfilename": "ckpt-0/tensor00623_000"}, {"rfilename": "ckpt-0/tensor00624_000"}, {"rfilename": "ckpt-0/tensor00625_000"}, {"rfilename": "ckpt-0/tensor00626_000"}, {"rfilename": "ckpt-0/tensor00627_000"}, {"rfilename": "ckpt-0/tensor00628_000"}, {"rfilename": "ckpt-0/tensor00629_000"}, {"rfilename": "ckpt-0/tensor00630_000"}, {"rfilename": "ckpt-0/tensor00631_000"}, {"rfilename": "ckpt-0/tensor00632_000"}, {"rfilename": "ckpt-0/tensor00633_000"}, {"rfilename": "ckpt-0/tensor00634_000"}, {"rfilename": "ckpt-0/tensor00635_000"}, {"rfilename": "ckpt-0/tensor00636_000"}, {"rfilename": "ckpt-0/tensor00637_000"}, {"rfilename": "ckpt-0/tensor00638_000"}, {"rfilename": "ckpt-0/tensor00639_000"}, {"rfilename": "ckpt-0/tensor00640_000"}, {"rfilename": "ckpt-0/tensor00641_000"}, {"rfilename": "ckpt-0/tensor00642_000"}, {"rfilename": "ckpt-0/tensor00643_000"}, {"rfilename": "ckpt-0/tensor00644_000"}, {"rfilename": "ckpt-0/tensor00645_000"}, {"rfilename": "ckpt-0/tensor00646_000"}, {"rfilename": "ckpt-0/tensor00647_000"}, {"rfilename": "ckpt-0/tensor00648_000"}, {"rfilename": "ckpt-0/tensor00649_000"}, {"rfilename": "ckpt-0/tensor00650_000"}, {"rfilename": "ckpt-0/tensor00651_000"}, {"rfilename": "ckpt-0/tensor00652_000"}, {"rfilename": "ckpt-0/tensor00653_000"}, {"rfilename": "ckpt-0/tensor00654_000"}, {"rfilename": "ckpt-0/tensor00655_000"}, {"rfilename": "ckpt-0/tensor00656_000"}, {"rfilename": "ckpt-0/tensor00657_000"}, {"rfilename": "ckpt-0/tensor00658_000"}, {"rfilename": "ckpt-0/tensor00659_000"}, {"rfilename": "ckpt-0/tensor00660_000"}, {"rfilename": "ckpt-0/tensor00661_000"}, {"rfilename": "ckpt-0/tensor00662_000"}, {"rfilename": "ckpt-0/tensor00663_000"}, {"rfilename": "ckpt-0/tensor00664_000"}, {"rfilename": "ckpt-0/tensor00665_000"}, {"rfilename": "ckpt-0/tensor00666_000"}, {"rfilename": "ckpt-0/tensor00667_000"}, {"rfilename": "ckpt-0/tensor00668_000"}, {"rfilename": "ckpt-0/tensor00669_000"}, {"rfilename": "ckpt-0/tensor00670_000"}, {"rfilename": "ckpt-0/tensor00671_000"}, {"rfilename": "ckpt-0/tensor00672_000"}, {"rfilename": "ckpt-0/tensor00673_000"}, {"rfilename": "ckpt-0/tensor00674_000"}, {"rfilename": "ckpt-0/tensor00675_000"}, {"rfilename": "ckpt-0/tensor00676_000"}, {"rfilename": "ckpt-0/tensor00677_000"}, {"rfilename": "ckpt-0/tensor00678_000"}, {"rfilename": "ckpt-0/tensor00679_000"}, {"rfilename": "ckpt-0/tensor00680_000"}, {"rfilename": "ckpt-0/tensor00681_000"}, {"rfilename": "ckpt-0/tensor00682_000"}, {"rfilename": "ckpt-0/tensor00683_000"}, {"rfilename": "ckpt-0/tensor00684_000"}, {"rfilename": "ckpt-0/tensor00685_000"}, {"rfilename": "ckpt-0/tensor00686_000"}, {"rfilename": "ckpt-0/tensor00687_000"}, {"rfilename": "ckpt-0/tensor00688_000"}, {"rfilename": "ckpt-0/tensor00689_000"}, {"rfilename": "ckpt-0/tensor00690_000"}, {"rfilename": "ckpt-0/tensor00691_000"}, {"rfilename": "ckpt-0/tensor00692_000"}, {"rfilename": "ckpt-0/tensor00693_000"}, {"rfilename": "ckpt-0/tensor00694_000"}, {"rfilename": "ckpt-0/tensor00695_000"}, {"rfilename": "ckpt-0/tensor00696_000"}, {"rfilename": "ckpt-0/tensor00697_000"}, {"rfilename": "ckpt-0/tensor00698_000"}, {"rfilename": "ckpt-0/tensor00699_000"}, {"rfilename": "ckpt-0/tensor00700_000"}, {"rfilename": "ckpt-0/tensor00701_000"}, {"rfilename": "ckpt-0/tensor00702_000"}, {"rfilename": "ckpt-0/tensor00703_000"}, {"rfilename": "ckpt-0/tensor00704_000"}, {"rfilename": "ckpt-0/tensor00705_000"}, {"rfilename": "ckpt-0/tensor00706_000"}, {"rfilename": "ckpt-0/tensor00707_000"}, {"rfilename": "ckpt-0/tensor00708_000"}, {"rfilename": "ckpt-0/tensor00709_000"}, {"rfilename": "ckpt-0/tensor00710_000"}, {"rfilename": "ckpt-0/tensor00711_000"}, {"rfilename": "ckpt-0/tensor00712_000"}, {"rfilename": "ckpt-0/tensor00713_000"}, {"rfilename": "ckpt-0/tensor00714_000"}, {"rfilename": "ckpt-0/tensor00715_000"}, {"rfilename": "ckpt-0/tensor00716_000"}, {"rfilename": "ckpt-0/tensor00717_000"}, {"rfilename": "ckpt-0/tensor00718_000"}, {"rfilename": "ckpt-0/tensor00719_000"}, {"rfilename": "ckpt-0/tensor00720_000"}, {"rfilename": "ckpt-0/tensor00721_000"}, {"rfilename": "ckpt-0/tensor00722_000"}, {"rfilename": "ckpt-0/tensor00723_000"}, {"rfilename": "ckpt-0/tensor00724_000"}, {"rfilename": "ckpt-0/tensor00725_000"}, {"rfilename": "ckpt-0/tensor00726_000"}, {"rfilename": "ckpt-0/tensor00727_000"}, {"rfilename": "ckpt-0/tensor00728_000"}, {"rfilename": "ckpt-0/tensor00729_000"}, {"rfilename": "ckpt-0/tensor00730_000"}, {"rfilename": "ckpt-0/tensor00731_000"}, {"rfilename": "ckpt-0/tensor00732_000"}, {"rfilename": "ckpt-0/tensor00733_000"}, {"rfilename": "ckpt-0/tensor00734_000"}, {"rfilename": "ckpt-0/tensor00735_000"}, {"rfilename": "ckpt-0/tensor00736_000"}, {"rfilename": "ckpt-0/tensor00737_000"}, {"rfilename": "ckpt-0/tensor00738_000"}, {"rfilename": "ckpt-0/tensor00739_000"}, {"rfilename": "ckpt-0/tensor00740_000"}, {"rfilename": "ckpt-0/tensor00741_000"}, {"rfilename": "ckpt-0/tensor00742_000"}, {"rfilename": "ckpt-0/tensor00743_000"}, {"rfilename": "ckpt-0/tensor00744_000"}, {"rfilename": "ckpt-0/tensor00745_000"}, {"rfilename": "ckpt-0/tensor00746_000"}, {"rfilename": "ckpt-0/tensor00747_000"}, {"rfilename": "ckpt-0/tensor00748_000"}, {"rfilename": "ckpt-0/tensor00749_000"}, {"rfilename": "ckpt-0/tensor00750_000"}, {"rfilename": "ckpt-0/tensor00751_000"}, {"rfilename": "ckpt-0/tensor00752_000"}, {"rfilename": "ckpt-0/tensor00753_000"}, {"rfilename": "ckpt-0/tensor00754_000"}, {"rfilename": "ckpt-0/tensor00755_000"}, {"rfilename": "ckpt-0/tensor00756_000"}, {"rfilename": "ckpt-0/tensor00757_000"}, {"rfilename": "ckpt-0/tensor00758_000"}, {"rfilename": "ckpt-0/tensor00759_000"}, {"rfilename": "ckpt-0/tensor00760_000"}, {"rfilename": "ckpt-0/tensor00761_000"}, {"rfilename": "ckpt-0/tensor00762_000"}, {"rfilename": "ckpt-0/tensor00763_000"}, {"rfilename": "ckpt-0/tensor00764_000"}, {"rfilename": "ckpt-0/tensor00765_000"}, {"rfilename": "ckpt-0/tensor00766_000"}, {"rfilename": "ckpt-0/tensor00767_000"}, {"rfilename": "ckpt-0/tensor00768_000"}, {"rfilename": "ckpt-0/tensor00769_000"}], "spaces": ["Xenova/the-tokenizer-playground", "Omnibus/grok-1-test", "yhavinga/dutch-tokenizer-arena", "shams1992/the-tokenizer-playground", "Itsmade/Grok", "DearGreen/MySpace_04", "prompts-dot-com/Prompts.com-grok-1", "doctorsafe/the-tokenizer-playground", "marlonbarrios/the-tokenizer-playground", "CLSDNZ/the-tokenizer-playground", "nakcnx/thai-tokenizer"], "createdAt": "2024-03-17T05:47:21.000Z", "inferenceStatus": "not-loaded"}