{"_id": "64148d553f66b0ab3998da30", "id": "xalphi/Trust", "modelId": "xalphi/Trust", "author": "xalphi", "sha": "ff04253e25b36bdfd2e9b00091e93b47ba9ad053", "lastModified": "2023-03-17T15:55:01.000Z", "private": false, "disabled": false, "gated": false, "tags": ["license:mit", "region:us"], "downloads": 0, "likes": 0, "model-index": null, "cardData": {"license": "mit"}, "siblings": [{"rfilename": ".gitattributes"}, {"rfilename": "README.md"}], "spaces": [], "createdAt": "2023-03-17T15:55:01.000Z", "inferenceStatus": "not-loaded"}