{"_id": "668f75c69e13b040eb8506a3", "id": "Xalphinions/UltraFeedback_with_tie_strict", "modelId": "Xalphinions/UltraFeedback_with_tie_strict", "author": "Xalphinions", "sha": "b16b196881066c4376312c36f98c1046ae171853", "lastModified": "2024-07-11T06:03:50.000Z", "private": false, "disabled": false, "gated": false, "tags": ["region:us"], "downloads": 0, "likes": 0, "siblings": [{"rfilename": ".gitattributes"}], "spaces": [], "createdAt": "2024-07-11T06:03:50.000Z", "inferenceStatus": "not-loaded"}