{"_id": "64629d93cce92c7d882f2b67", "id": "XanaduCore/kirara", "modelId": "XanaduCore/kirara", "author": "XanaduCore", "sha": "15187cddccf7c0d41c7ea52e1aa3df0f35f65d8a", "lastModified": "2023-05-15T21:01:07.000Z", "private": false, "disabled": false, "gated": false, "tags": ["license:cc-by-nc-sa-4.0", "region:us"], "downloads": 0, "likes": 0, "model-index": null, "cardData": {"license": "cc-by-nc-sa-4.0"}, "siblings": [{"rfilename": ".gitattributes"}, {"rfilename": "README.md"}], "spaces": [], "createdAt": "2023-05-15T21:01:07.000Z", "inferenceStatus": "not-loaded"}