{"_id": "659a1e6b2f42fd55b9c7e6df", "id": "xanaxft/luiz", "modelId": "xanaxft/luiz", "author": "xanaxft", "sha": "7ef9369d6df9a203c08941dc18f30664341efe38", "lastModified": "2024-01-07T03:46:33.000Z", "private": false, "disabled": false, "gated": false, "tags": ["license:openrail", "region:us"], "downloads": 0, "likes": 0, "model-index": null, "cardData": {"license": "openrail"}, "siblings": [{"rfilename": ".gitattributes"}, {"rfilename": "README.md"}, {"rfilename": "luiz.zip"}], "spaces": [], "createdAt": "2024-01-07T03:45:47.000Z", "inferenceStatus": "not-loaded"}