{"_id": "64a9013da8e86b27d0981bd8", "id": "Xanadu00/galaxy_classifier_mobilevit_3", "modelId": "Xanadu00/galaxy_classifier_mobilevit_3", "author": "Xanadu00", "sha": "48b204065aa7d9ecaa5fc707e9de91ee72780bf6", "lastModified": "2023-07-08T10:57:13.000Z", "private": false, "disabled": false, "gated": false, "pipeline_tag": "image-classification", "tags": ["transformers", "tf", "mobilevit", "image-classification", "generated_from_keras_callback", "license:other", "autotrain_compatible", "endpoints_compatible", "region:us"], "downloads": 1, "library_name": "transformers", "likes": 0, "model-index": [{"name": "Xanadu00/galaxy_classifier_mobilevit_3", "results": []}], "config": {"architectures": ["MobileViTForImageClassification"], "model_type": "mobilevit"}, "cardData": {"license": "other", "tags": ["generated_from_keras_callback"], "model-index": [{"name": "Xanadu00/galaxy_classifier_mobilevit_3", "results": []}]}, "transformersInfo": {"auto_model": "AutoModelForImageClassification", "pipeline_tag": "image-classification", "processor": "AutoImageProcessor"}, "siblings": [{"rfilename": ".gitattributes"}, {"rfilename": "README.md"}, {"rfilename": "config.json"}, {"rfilename": "preprocessor_config.json"}, {"rfilename": "tf_model.h5"}], "spaces": [], "createdAt": "2023-07-08T06:25:01.000Z", "inferenceStatus": "not-loaded"}