{"_id": "65b0ffec6eaa79e35828e1f7", "id": "XanderJC/phi2-sft-tldr-merged", "modelId": "XanderJC/phi2-sft-tldr-merged", "author": "XanderJC", "sha": "924854fb7c60ab032d6b56477be04e66edd2f8c1", "lastModified": "2024-01-24T14:49:32.000Z", "private": false, "disabled": false, "gated": false, "pipeline_tag": "text-generation", "tags": ["transformers", "safetensors", "phi", "text-generation", "custom_code", "autotrain_compatible", "text-generation-inference", "endpoints_compatible", "region:us"], "downloads": 1, "library_name": "transformers", "widgetData": [{"text": "My name is Julien and I like to"}, {"text": "My name is Thomas and my main"}, {"text": "My name is Mariama, my favorite"}, {"text": "My name is Clara and I am"}, {"text": "My name is Lewis and I like to"}, {"text": "My name is Merve and my favorite"}, {"text": "My name is Teven and I am"}, {"text": "Once upon a time,"}], "likes": 0, "config": {"architectures": ["PhiForCausalLM"], "auto_map": {"AutoConfig": "microsoft/phi-2--configuration_phi.PhiConfig", "AutoModelForCausalLM": "microsoft/phi-2--modeling_phi.PhiForCausalLM"}, "model_type": "phi", "tokenizer_config": {"bos_token": "<|endoftext|>", "eos_token": "<|endoftext|>", "pad_token": "<|endoftext|>", "unk_token": "<|endoftext|>"}}, "transformersInfo": {"auto_model": "AutoModelForCausalLM", "pipeline_tag": "text-generation", "processor": "AutoTokenizer"}, "siblings": [{"rfilename": ".gitattributes"}, {"rfilename": "added_tokens.json"}, {"rfilename": "config.json"}, {"rfilename": "generation_config.json"}, {"rfilename": "merges.txt"}, {"rfilename": "model-00001-of-00003.safetensors"}, {"rfilename": "model-00002-of-00003.safetensors"}, {"rfilename": "model-00003-of-00003.safetensors"}, {"rfilename": "model.safetensors.index.json"}, {"rfilename": "special_tokens_map.json"}, {"rfilename": "tokenizer.json"}, {"rfilename": "tokenizer_config.json"}, {"rfilename": "vocab.json"}], "spaces": [], "createdAt": "2024-01-24T12:17:48.000Z", "safetensors": {"parameters": {"F32": 2779683840}, "total": 2779683840}, "inferenceStatus": "not-loaded"}