{"_id": "665617bafda461267c29cbe5", "id": "XandraFlorist/d1fb58b98e", "modelId": "XandraFlorist/d1fb58b98e", "author": "XandraFlorist", "sha": "efb5b94465d1fa66072f26bc2c67469edd63de39", "lastModified": "2024-05-28T17:44:18.000Z", "private": false, "disabled": false, "gated": false, "pipeline_tag": "text-generation", "tags": ["transformers", "safetensors", "stablelm", "text-generation", "autotrain_compatible", "endpoints_compatible", "region:us"], "downloads": 10, "library_name": "transformers", "widgetData": [{"text": "My name is Julien and I like to"}, {"text": "My name is Thomas and my main"}, {"text": "My name is Mariama, my favorite"}, {"text": "My name is Clara and I am"}, {"text": "My name is Lewis and I like to"}, {"text": "My name is Merve and my favorite"}, {"text": "My name is Teven and I am"}, {"text": "Once upon a time,"}], "likes": 0, "config": {"architectures": ["StableLmForCausalLM"], "model_type": "stablelm", "tokenizer_config": {"bos_token": "<|endoftext|>", "eos_token": "<|endoftext|>", "pad_token": "<|endoftext|>", "unk_token": "<|endoftext|>"}}, "transformersInfo": {"auto_model": "AutoModelForCausalLM", "pipeline_tag": "text-generation", "processor": "AutoTokenizer"}, "siblings": [{"rfilename": ".gitattributes"}, {"rfilename": "config.json"}, {"rfilename": "generation_config.json"}, {"rfilename": "merges.txt"}, {"rfilename": "model-00001-of-00004.safetensors"}, {"rfilename": "model-00002-of-00004.safetensors"}, {"rfilename": "model-00003-of-00004.safetensors"}, {"rfilename": "model-00004-of-00004.safetensors"}, {"rfilename": "model.safetensors.index.json"}, {"rfilename": "special_tokens_map.json"}, {"rfilename": "tokenizer.json"}, {"rfilename": "tokenizer_config.json"}, {"rfilename": "vocab.json"}], "spaces": [], "createdAt": "2024-05-28T17:43:22.000Z", "safetensors": {"parameters": {"BF16": 1644515328}, "total": 1644515328}, "inferenceStatus": "not-loaded"}