{"_id": "64ace22a0fb9b20dbab80ac0", "id": "XanderC/yolos-tiny-coreml", "modelId": "XanderC/yolos-tiny-coreml", "author": "XanderC", "sha": "f14229b706b30cf436048388c4c6ed410edc33d0", "lastModified": "2023-07-11T05:32:41.000Z", "private": false, "disabled": false, "gated": false, "tags": ["coreml", "region:us"], "downloads": 0, "likes": 0, "siblings": [{"rfilename": ".gitattributes"}, {"rfilename": "coreml/feature-extraction/float32_model.mlpackage/Data/com.apple.CoreML/model.mlmodel"}, {"rfilename": "coreml/feature-extraction/float32_model.mlpackage/Data/com.apple.CoreML/weights/weight.bin"}, {"rfilename": "coreml/feature-extraction/float32_model.mlpackage/Manifest.json"}, {"rfilename": "coreml/object-detection/float32_model.mlpackage/Data/com.apple.CoreML/model.mlmodel"}, {"rfilename": "coreml/object-detection/float32_model.mlpackage/Data/com.apple.CoreML/weights/weight.bin"}, {"rfilename": "coreml/object-detection/float32_model.mlpackage/Manifest.json"}], "spaces": [], "createdAt": "2023-07-11T05:01:30.000Z", "inferenceStatus": "not-loaded"}