{"_id": "6498666c6a7013b36934efae", "id": "Xanderrock98/HogRider", "modelId": "Xanderrock98/HogRider", "author": "Xanderrock98", "sha": "63fc16aa65d5217719331b366b591f58d7d73531", "lastModified": "2023-06-25T16:09:10.000Z", "private": false, "disabled": false, "gated": false, "tags": ["license:openrail", "region:us"], "downloads": 0, "likes": 0, "model-index": null, "cardData": {"license": "openrail"}, "siblings": [{"rfilename": ".gitattributes"}, {"rfilename": "HogRider.zip"}, {"rfilename": "README.md"}], "spaces": [], "createdAt": "2023-06-25T16:08:12.000Z", "inferenceStatus": "not-loaded"}