{"_id": "6587c9072021ba68d78200dc", "id": "xanderhuang/controlnet-normal-sd1.5", "modelId": "xanderhuang/controlnet-normal-sd1.5", "author": "xanderhuang", "sha": "54f6e35c60b441c0d3635391137c0ecbc935e56f", "lastModified": "2023-12-24T07:23:39.000Z", "private": false, "disabled": false, "gated": false, "tags": ["diffusers", "license:apache-2.0", "region:us"], "downloads": 19, "library_name": "diffusers", "likes": 1, "model-index": null, "config": {}, "cardData": {"license": "apache-2.0"}, "siblings": [{"rfilename": ".gitattributes"}, {"rfilename": "README.md"}, {"rfilename": "config.json"}, {"rfilename": "diffusion_pytorch_model.bin"}], "spaces": [], "createdAt": "2023-12-24T06:00:39.000Z", "inferenceStatus": "not-loaded"}