{"_id": "663152a038af94f590efbfc8", "id": "xandykati98/tobias-0.0.5", "modelId": "xandykati98/tobias-0.0.5", "author": "xandykati98", "sha": "e496319c6276f3d7c411308168af0725f77a8300", "lastModified": "2024-04-30T21:42:10.000Z", "private": false, "disabled": false, "gated": false, "tags": ["transformers", "safetensors", "trl", "sft", "endpoints_compatible", "region:us"], "downloads": 0, "library_name": "transformers", "likes": 0, "model-index": null, "cardData": {"library_name": "transformers", "tags": ["trl", "sft"]}, "transformersInfo": {"auto_model": "AutoModel"}, "siblings": [{"rfilename": ".gitattributes"}, {"rfilename": "README.md"}, {"rfilename": "adapter_config.json"}, {"rfilename": "adapter_model.safetensors"}, {"rfilename": "generation_config.json"}], "spaces": [], "createdAt": "2024-04-30T20:20:48.000Z", "inferenceStatus": "not-loaded"}