{"_id": "6388f66b184615e463a7eba8", "id": "xander71988/jl-distilbert-de-finetuned-ner", "modelId": "xander71988/jl-distilbert-de-finetuned-ner", "author": "xander71988", "sha": "1ddeb1eade09dc74bf98ad606eb40fe45ecb918d", "lastModified": "2022-12-01T19:33:05.000Z", "private": false, "disabled": false, "gated": false, "pipeline_tag": "token-classification", "tags": ["transformers", "pytorch", "tensorboard", "distilbert", "token-classification", "autotrain_compatible", "endpoints_compatible", "region:us"], "downloads": 3, "library_name": "transformers", "mask_token": "[MASK]", "widgetData": [{"text": "My name is Wolfgang and I live in Berlin"}, {"text": "My name is Sarah and I live in London"}, {"text": "My name is Clara and I live in Berkeley, California."}], "likes": 0, "config": {"architectures": ["DistilBertForTokenClassification"], "model_type": "distilbert", "tokenizer_config": {"unk_token": "[UNK]", "sep_token": "[SEP]", "pad_token": "[PAD]", "cls_token": "[CLS]", "mask_token": "[MASK]"}}, "transformersInfo": {"auto_model": "AutoModelForTokenClassification", "pipeline_tag": "token-classification", "processor": "AutoTokenizer"}, "siblings": [{"rfilename": ".gitattributes"}, {"rfilename": ".gitignore"}, {"rfilename": "config.json"}, {"rfilename": "pytorch_model.bin"}, {"rfilename": "runs/Dec01_18-45-40_recommender-system-gpu-2/1669920368.60061/events.out.tfevents.1669920368.recommender-system-gpu-2.5296.1"}, {"rfilename": "runs/Dec01_18-45-40_recommender-system-gpu-2/events.out.tfevents.1669920368.recommender-system-gpu-2.5296.0"}, {"rfilename": "runs/Dec01_18-49-18_recommender-system-gpu-2/1669920678.1120787/events.out.tfevents.1669920678.recommender-system-gpu-2.8950.1"}, {"rfilename": "runs/Dec01_18-49-18_recommender-system-gpu-2/events.out.tfevents.1669920678.recommender-system-gpu-2.8950.0"}, {"rfilename": "special_tokens_map.json"}, {"rfilename": "tokenizer.json"}, {"rfilename": "tokenizer_config.json"}, {"rfilename": "training_args.bin"}, {"rfilename": "vocab.txt"}], "spaces": [], "createdAt": "2022-12-01T18:46:03.000Z", "inferenceStatus": "not-loaded"}