{"_id": "63dcc0e4859fb9947b84e08c", "id": "xander71988/mt5-small-finetuned-amazon-en-es", "modelId": "xander71988/mt5-small-finetuned-amazon-en-es", "author": "xander71988", "sha": "01edddc492ed67d1c8c0c1500a39337d7971338e", "lastModified": "2023-02-03T08:08:04.000Z", "private": false, "disabled": false, "gated": false, "tags": ["region:us"], "downloads": 0, "likes": 0, "siblings": [{"rfilename": ".gitattributes"}], "spaces": [], "createdAt": "2023-02-03T08:08:04.000Z", "inferenceStatus": "not-loaded"}