{"_id": "641b0000d211522281180f03", "id": "XaneWayner/ppo-LunarLander-v2", "modelId": "XaneWayner/ppo-LunarLander-v2", "author": "XaneWayner", "sha": "007d0f9c5da7493c384561b0cd355123c250775c", "lastModified": "2023-03-22T13:18:24.000Z", "private": false, "disabled": false, "gated": false, "pipeline_tag": "reinforcement-learning", "tags": ["stable-baselines3", "LunarLander-v2", "deep-reinforcement-learning", "reinforcement-learning", "model-index", "region:us"], "downloads": 0, "library_name": "stable-baselines3", "likes": 0, "model-index": [{"name": "PPO", "results": [{"task": {"type": "reinforcement-learning", "name": "reinforcement-learning"}, "dataset": {"name": "LunarLander-v2", "type": "LunarLander-v2"}, "metrics": [{"type": "mean_reward", "value": "275.38 +/- 17.28", "name": "mean_reward", "verified": false}]}]}], "config": {}, "cardData": {"library_name": "stable-baselines3", "tags": ["LunarLander-v2", "deep-reinforcement-learning", "reinforcement-learning", "stable-baselines3"], "model-index": [{"name": "PPO", "results": [{"task": {"type": "reinforcement-learning", "name": "reinforcement-learning"}, "dataset": {"name": "LunarLander-v2", "type": "LunarLander-v2"}, "metrics": [{"type": "mean_reward", "value": "275.38 +/- 17.28", "name": "mean_reward", "verified": false}]}]}]}, "siblings": [{"rfilename": ".gitattributes"}, {"rfilename": "README.md"}, {"rfilename": "config.json"}, {"rfilename": "lunar_training_PPO.zip"}, {"rfilename": "lunar_training_PPO/_stable_baselines3_version"}, {"rfilename": "lunar_training_PPO/data"}, {"rfilename": "lunar_training_PPO/policy.optimizer.pth"}, {"rfilename": "lunar_training_PPO/policy.pth"}, {"rfilename": "lunar_training_PPO/pytorch_variables.pth"}, {"rfilename": "lunar_training_PPO/system_info.txt"}, {"rfilename": "replay.mp4"}, {"rfilename": "results.json"}], "spaces": [], "createdAt": "2023-03-22T13:17:52.000Z", "inferenceStatus": "not-loaded"}