{"_id": "65fb7e57ca9a46d48441bb25", "id": "Xanonymous/cs918-assignment2", "modelId": "Xanonymous/cs918-assignment2", "author": "Xanonymous", "sha": "c83577eb9ffc7a437e05204b01534db4c0c03b1b", "lastModified": "2024-03-21T00:57:48.000Z", "private": false, "disabled": false, "gated": false, "pipeline_tag": "text-classification", "tags": ["not-for-all-audiences", "pytorch", "text-classification", "en", "license:apache-2.0", "region:us"], "downloads": 0, "widgetData": [{"text": "I like you. I love you"}], "likes": 0, "model-index": null, "cardData": {"license": "apache-2.0", "language": ["en"], "pipeline_tag": "text-classification", "metrics": ["accuracy"], "tags": ["not-for-all-audiences", "pytorch"]}, "siblings": [{"rfilename": ".gitattributes"}, {"rfilename": "README.md"}, {"rfilename": "bert_model.model"}, {"rfilename": "logistic_model.model"}, {"rfilename": "lstm_model.model"}, {"rfilename": "svm_model.model"}], "spaces": [], "createdAt": "2024-03-21T00:24:55.000Z", "inferenceStatus": "not-loaded"}