{"_id": "6588834974d1a1cbd01ce2a0", "id": "xanore/mytt", "modelId": "xanore/mytt", "author": "xanore", "sha": "897f6dff6c8d8da043273c80aebc4d24f92343fa", "lastModified": "2023-12-24T20:59:50.000Z", "private": false, "disabled": false, "gated": false, "pipeline_tag": "text-classification", "tags": ["transformers", "tensorboard", "safetensors", "bert", "text-classification", "generated_from_trainer", "dataset:banking77", "base_model:philschmid/BERT-Banking77", "model-index", "autotrain_compatible", "endpoints_compatible", "region:us"], "downloads": 2, "library_name": "transformers", "mask_token": "[MASK]", "widgetData": [{"text": "I like you. I love you"}], "likes": 0, "model-index": [{"name": "mytt", "results": [{"task": {"name": "Text Classification", "type": "text-classification"}, "dataset": {"name": "banking77", "type": "banking77", "config": "default", "split": "test", "args": "default"}, "metrics": [{"name": "F1", "type": "f1", "value": 0.9341176169061475, "verified": false}]}]}], "config": {"architectures": ["BertForSequenceClassification"], "model_type": "bert", "tokenizer_config": {"cls_token": "[CLS]", "mask_token": "[MASK]", "pad_token": "[PAD]", "sep_token": "[SEP]", "unk_token": "[UNK]"}}, "cardData": {"base_model": "philschmid/BERT-Banking77", "tags": ["generated_from_trainer"], "datasets": ["banking77"], "metrics": ["f1"], "model-index": [{"name": "mytt", "results": [{"task": {"name": "Text Classification", "type": "text-classification"}, "dataset": {"name": "banking77", "type": "banking77", "config": "default", "split": "test", "args": "default"}, "metrics": [{"name": "F1", "type": "f1", "value": 0.9341176169061475, "verified": false}]}]}]}, "transformersInfo": {"auto_model": "AutoModelForSequenceClassification", "pipeline_tag": "text-classification", "processor": "AutoTokenizer"}, "siblings": [{"rfilename": ".gitattributes"}, {"rfilename": "README.md"}, {"rfilename": "adapter_config.json"}, {"rfilename": "adapter_model.safetensors"}, {"rfilename": "config.json"}, {"rfilename": "model.safetensors"}, {"rfilename": "runs/Dec24_22-15-20_DESKTOP-4PF3H2T/events.out.tfevents.1703445322.DESKTOP-4PF3H2T.32008.0"}, {"rfilename": "runs/Dec24_22-30-58_DESKTOP-4PF3H2T/events.out.tfevents.1703446260.DESKTOP-4PF3H2T.15176.0"}, {"rfilename": "runs/Dec24_22-32-53_DESKTOP-4PF3H2T/events.out.tfevents.1703446375.DESKTOP-4PF3H2T.44492.0"}, {"rfilename": "runs/Dec24_22-33-46_DESKTOP-4PF3H2T/events.out.tfevents.1703446429.DESKTOP-4PF3H2T.45352.0"}, {"rfilename": "runs/Dec24_22-34-12_DESKTOP-4PF3H2T/events.out.tfevents.1703446454.DESKTOP-4PF3H2T.45352.2"}, {"rfilename": "runs/Dec24_22-35-41_DESKTOP-4PF3H2T/events.out.tfevents.1703446542.DESKTOP-4PF3H2T.45352.3"}, {"rfilename": "runs/Dec24_22-36-06_DESKTOP-4PF3H2T/events.out.tfevents.1703446568.DESKTOP-4PF3H2T.45352.4"}, {"rfilename": "runs/Dec24_22-37-02_DESKTOP-4PF3H2T/events.out.tfevents.1703446624.DESKTOP-4PF3H2T.45352.5"}, {"rfilename": "runs/Dec24_22-37-40_DESKTOP-4PF3H2T/events.out.tfevents.1703446662.DESKTOP-4PF3H2T.45352.6"}, {"rfilename": "runs/Dec24_22-39-59_DESKTOP-4PF3H2T/events.out.tfevents.1703446801.DESKTOP-4PF3H2T.45352.7"}, {"rfilename": "runs/Dec24_22-40-53_DESKTOP-4PF3H2T/events.out.tfevents.1703446856.DESKTOP-4PF3H2T.40928.0"}, {"rfilename": "runs/Dec24_22-41-45_DESKTOP-4PF3H2T/events.out.tfevents.1703446907.DESKTOP-4PF3H2T.40928.1"}, {"rfilename": "runs/Dec24_22-42-45_DESKTOP-4PF3H2T/events.out.tfevents.1703446967.DESKTOP-4PF3H2T.18248.0"}, {"rfilename": "runs/Dec24_22-47-25_DESKTOP-4PF3H2T/events.out.tfevents.1703447247.DESKTOP-4PF3H2T.35132.0"}, {"rfilename": "runs/Dec24_22-51-32_DESKTOP-4PF3H2T/events.out.tfevents.1703447495.DESKTOP-4PF3H2T.45280.0"}, {"rfilename": "runs/Dec24_22-54-24_DESKTOP-4PF3H2T/events.out.tfevents.1703447666.DESKTOP-4PF3H2T.32608.0"}, {"rfilename": "runs/Dec24_22-56-02_DESKTOP-4PF3H2T/events.out.tfevents.1703447764.DESKTOP-4PF3H2T.43708.0"}, {"rfilename": "runs/Dec24_22-56-02_DESKTOP-4PF3H2T/events.out.tfevents.1703448128.DESKTOP-4PF3H2T.43708.1"}, {"rfilename": "runs/Dec24_23-44-27_DESKTOP-4PF3H2T/events.out.tfevents.1703450669.DESKTOP-4PF3H2T.36824.0"}, {"rfilename": "runs/Dec24_23-45-07_DESKTOP-4PF3H2T/events.out.tfevents.1703450708.DESKTOP-4PF3H2T.26212.0"}, {"rfilename": "runs/Dec24_23-46-01_DESKTOP-4PF3H2T/events.out.tfevents.1703450762.DESKTOP-4PF3H2T.21216.0"}, {"rfilename": "runs/Dec24_23-54-04_DESKTOP-4PF3H2T/events.out.tfevents.1703451244.DESKTOP-4PF3H2T.36688.0"}, {"rfilename": "runs/Dec24_23-54-04_DESKTOP-4PF3H2T/events.out.tfevents.1703451586.DESKTOP-4PF3H2T.36688.1"}, {"rfilename": "special_tokens_map.json"}, {"rfilename": "tokenizer.json"}, {"rfilename": "tokenizer_config.json"}, {"rfilename": "training_args.bin"}, {"rfilename": "vocab.txt"}], "spaces": [], "createdAt": "2023-12-24T19:15:21.000Z", "safetensors": {"parameters": {"F32": 109541453}, "total": 109541453}, "inferenceStatus": "not-loaded"}