{"_id": "6588046d9835f3cce2b9e4a6", "id": "xanore/my_awesome_model", "modelId": "xanore/my_awesome_model", "author": "xanore", "sha": "72b3969ea67eb4d72705c58e53001450035416d6", "lastModified": "2023-12-24T13:17:14.000Z", "private": false, "disabled": false, "gated": false, "pipeline_tag": "text-classification", "tags": ["transformers", "tensorboard", "safetensors", "bert", "text-classification", "autotrain_compatible", "endpoints_compatible", "region:us"], "downloads": 1, "library_name": "transformers", "mask_token": "[MASK]", "widgetData": [{"text": "I like you. I love you"}], "likes": 0, "config": {"architectures": ["BertForSequenceClassification"], "model_type": "bert", "tokenizer_config": {"cls_token": "[CLS]", "mask_token": "[MASK]", "pad_token": "[PAD]", "sep_token": "[SEP]", "unk_token": "[UNK]"}}, "transformersInfo": {"auto_model": "AutoModelForSequenceClassification", "pipeline_tag": "text-classification", "processor": "AutoTokenizer"}, "siblings": [{"rfilename": ".gitattributes"}, {"rfilename": "adapter_config.json"}, {"rfilename": "adapter_model.safetensors"}, {"rfilename": "config.json"}, {"rfilename": "model.safetensors"}, {"rfilename": "runs/Dec24_13-14-11_DESKTOP-4PF3H2T/events.out.tfevents.1703412857.DESKTOP-4PF3H2T.24084.3"}, {"rfilename": "runs/Dec24_16-09-50_DESKTOP-4PF3H2T/events.out.tfevents.1703423398.DESKTOP-4PF3H2T.16840.4"}, {"rfilename": "runs/Dec24_16-09-50_DESKTOP-4PF3H2T/events.out.tfevents.1703423638.DESKTOP-4PF3H2T.16840.5"}, {"rfilename": "special_tokens_map.json"}, {"rfilename": "tokenizer.json"}, {"rfilename": "tokenizer_config.json"}, {"rfilename": "training_args.bin"}, {"rfilename": "vocab.txt"}], "spaces": [], "createdAt": "2023-12-24T10:14:05.000Z", "safetensors": {"parameters": {"F32": 109541453}, "total": 109541453}, "inferenceStatus": "not-loaded"}