{"_id": "65e1372d6cecfaaf0f725301", "id": "XAnonymX/Schwarzbart", "modelId": "XAnonymX/Schwarzbart", "author": "XAnonymX", "sha": "ac451751911112ff1d289c66ee32b34993a26944", "lastModified": "2024-03-01T02:03:18.000Z", "private": false, "disabled": false, "gated": false, "tags": ["license:openrail", "region:us"], "downloads": 0, "likes": 0, "model-index": null, "cardData": {"license": "openrail"}, "siblings": [{"rfilename": ".gitattributes"}, {"rfilename": "Blackbeard.zip"}, {"rfilename": "README.md"}], "spaces": [], "createdAt": "2024-03-01T02:02:21.000Z", "inferenceStatus": "not-loaded"}