{"_id": "641bf9d1626780412cb57770", "id": "Xanthius/alpaca7B-ES-lora", "modelId": "Xanthius/alpaca7B-ES-lora", "author": "Xanthius", "sha": "e52245200f4f6fe8a9d393952db68464dabfbd9a", "lastModified": "2023-03-23T07:23:27.000Z", "private": false, "disabled": false, "gated": false, "tags": ["region:us"], "downloads": 0, "likes": 3, "siblings": [{"rfilename": ".gitattributes"}, {"rfilename": "README.md"}, {"rfilename": "adapter_config.json"}, {"rfilename": "adapter_model.bin"}], "spaces": [], "createdAt": "2023-03-23T07:03:45.000Z", "inferenceStatus": "not-loaded"}