{"_id": "63b8fea57703ead546aea8d0", "id": "Xanthius/SD2-1_Navi_Avatar", "modelId": "Xanthius/SD2-1_Navi_Avatar", "author": "Xanthius", "sha": "e2d79acfe446744c8b68974713d3d71ed04ff1b5", "lastModified": "2023-01-07T05:22:39.000Z", "private": false, "disabled": false, "gated": false, "tags": ["license:mit", "region:us"], "downloads": 0, "likes": 6, "model-index": null, "cardData": {"license": "mit"}, "siblings": [{"rfilename": ".gitattributes"}, {"rfilename": "README.md"}, {"rfilename": "avatar_model_1k.ckpt"}, {"rfilename": "avatar_model_1k.yaml"}], "spaces": [], "createdAt": "2023-01-07T05:09:57.000Z", "inferenceStatus": "not-loaded"}