{"_id": "624c48521fb0c140d4eb9dfe", "id": "xaqren/sentiment_analysis", "modelId": "xaqren/sentiment_analysis", "author": "xaqren", "sha": "b539ca0c9dd51e962fabde4f7c4093ff0f185466", "lastModified": "2022-04-08T14:59:55.000Z", "private": false, "disabled": false, "gated": false, "pipeline_tag": "text-classification", "tags": ["transformers", "pytorch", "distilbert", "text-classification", "exbert", "en", "dataset:Confidential", "arxiv:1810.04805", "license:apache-2.0", "autotrain_compatible", "endpoints_compatible", "region:us"], "downloads": 7, "library_name": "transformers", "mask_token": "[MASK]", "widgetData": [{"text": "I like you. I love you"}], "likes": 1, "model-index": null, "config": {"architectures": ["DistilBertForSequenceClassification"], "model_type": "distilbert", "tokenizer_config": {"unk_token": "[UNK]", "sep_token": "[SEP]", "pad_token": "[PAD]", "cls_token": "[CLS]", "mask_token": "[MASK]"}}, "cardData": {"language": "en", "tags": ["exbert"], "license": "apache-2.0", "datasets": ["Confidential"]}, "transformersInfo": {"auto_model": "AutoModelForSequenceClassification", "pipeline_tag": "text-classification", "processor": "AutoTokenizer"}, "siblings": [{"rfilename": ".gitattributes"}, {"rfilename": "README.md"}, {"rfilename": "config.json"}, {"rfilename": "pytorch_model.bin"}, {"rfilename": "special_tokens_map.json"}, {"rfilename": "tokenizer.json"}, {"rfilename": "tokenizer_config.json"}, {"rfilename": "training_args.bin"}, {"rfilename": "vocab.txt"}], "spaces": [], "createdAt": "2022-04-05T13:46:58.000Z", "inferenceStatus": "not-loaded"}