{"_id": "64deef5d39ac80b71fd8ed4a", "id": "xarlauss/Demaster", "modelId": "xarlauss/Demaster", "author": "xarlauss", "sha": "4bb74104651ab9cb5b5547434ff59cfe19d8e3c4", "lastModified": "2023-08-18T04:13:06.000Z", "private": false, "disabled": false, "gated": false, "tags": ["license:openrail", "region:us"], "downloads": 0, "likes": 0, "model-index": null, "cardData": {"license": "openrail"}, "siblings": [{"rfilename": ".gitattributes"}, {"rfilename": "Demaster.zip"}, {"rfilename": "README.md"}], "spaces": [], "createdAt": "2023-08-18T04:11:09.000Z", "inferenceStatus": "not-loaded"}