{"_id": "64d1d20573dc458c165f67e2", "id": "xarlauss/pudge", "modelId": "xarlauss/pudge", "author": "xarlauss", "sha": "0c9cf555582304efe2a10f7cf20e29c994b66b00", "lastModified": "2023-08-08T05:28:50.000Z", "private": false, "disabled": false, "gated": false, "tags": ["license:openrail", "region:us"], "downloads": 0, "likes": 0, "model-index": null, "cardData": {"license": "openrail"}, "siblings": [{"rfilename": ".gitattributes"}, {"rfilename": "README.md"}, {"rfilename": "added_IVF433_Flat_nprobe_1_pudge_v2.index"}, {"rfilename": "pudge.pth"}], "spaces": [], "createdAt": "2023-08-08T05:26:29.000Z", "inferenceStatus": "not-loaded"}