{"_id": "65393393913294ff66d07f08", "id": "Xarminson/distilbert-base-uncased-finetuned-emotion", "modelId": "Xarminson/distilbert-base-uncased-finetuned-emotion", "author": "Xarminson", "sha": "1184521533ffa5cb8681735aa8a7b75465ba4596", "lastModified": "2023-11-09T13:01:40.000Z", "private": false, "disabled": false, "gated": false, "pipeline_tag": "text-classification", "tags": ["transformers", "pytorch", "tensorboard", "safetensors", "distilbert", "text-classification", "generated_from_trainer", "base_model:distilbert-base-uncased", "license:apache-2.0", "autotrain_compatible", "endpoints_compatible", "region:us"], "downloads": 3, "library_name": "transformers", "mask_token": "[MASK]", "widgetData": [{"text": "I like you. I love you"}], "likes": 0, "model-index": [{"name": "distilbert-base-uncased-finetuned-emotion", "results": []}], "config": {"architectures": ["DistilBertForSequenceClassification"], "model_type": "distilbert", "tokenizer_config": {"cls_token": "[CLS]", "mask_token": "[MASK]", "pad_token": "[PAD]", "sep_token": "[SEP]", "unk_token": "[UNK]"}}, "cardData": {"license": "apache-2.0", "base_model": "distilbert-base-uncased", "tags": ["generated_from_trainer"], "model-index": [{"name": "distilbert-base-uncased-finetuned-emotion", "results": []}]}, "transformersInfo": {"auto_model": "AutoModelForSequenceClassification", "pipeline_tag": "text-classification", "processor": "AutoTokenizer"}, "siblings": [{"rfilename": ".gitattributes"}, {"rfilename": "README.md"}, {"rfilename": "config.json"}, {"rfilename": "model.safetensors"}, {"rfilename": "pytorch_model.bin"}, {"rfilename": "runs/Nov07_08-20-37_2296e886424d/events.out.tfevents.1699345238.2296e886424d.312.0"}, {"rfilename": "runs/Nov07_08-23-39_2296e886424d/events.out.tfevents.1699345420.2296e886424d.312.1"}, {"rfilename": "runs/Nov07_08-37-26_2296e886424d/events.out.tfevents.1699346247.2296e886424d.312.2"}, {"rfilename": "runs/Nov07_08-53-12_2296e886424d/events.out.tfevents.1699347192.2296e886424d.312.3"}, {"rfilename": "runs/Nov07_09-09-46_2296e886424d/events.out.tfevents.1699348187.2296e886424d.312.4"}, {"rfilename": "runs/Nov07_09-22-51_2296e886424d/events.out.tfevents.1699348972.2296e886424d.312.5"}, {"rfilename": "runs/Nov07_09-34-21_2296e886424d/events.out.tfevents.1699349662.2296e886424d.312.6"}, {"rfilename": "runs/Nov07_09-48-54_2296e886424d/events.out.tfevents.1699350534.2296e886424d.312.7"}, {"rfilename": "runs/Nov07_10-12-16_2296e886424d/events.out.tfevents.1699351936.2296e886424d.312.8"}, {"rfilename": "runs/Nov07_11-17-49_2296e886424d/events.out.tfevents.1699355870.2296e886424d.312.9"}, {"rfilename": "runs/Nov07_11-28-18_2296e886424d/events.out.tfevents.1699356499.2296e886424d.312.10"}, {"rfilename": "runs/Nov07_11-48-08_2296e886424d/events.out.tfevents.1699357689.2296e886424d.312.11"}, {"rfilename": "runs/Nov07_12-43-41_2296e886424d/events.out.tfevents.1699361022.2296e886424d.312.12"}, {"rfilename": "runs/Nov07_12-51-32_2296e886424d/events.out.tfevents.1699361493.2296e886424d.312.13"}, {"rfilename": "runs/Nov07_13-00-51_2296e886424d/events.out.tfevents.1699362051.2296e886424d.312.14"}, {"rfilename": "runs/Nov07_13-45-12_2296e886424d/events.out.tfevents.1699364713.2296e886424d.312.15"}, {"rfilename": "runs/Nov07_13-49-08_2296e886424d/events.out.tfevents.1699364949.2296e886424d.312.16"}, {"rfilename": "runs/Nov07_13-55-02_2296e886424d/events.out.tfevents.1699365303.2296e886424d.312.17"}, {"rfilename": "runs/Nov07_15-20-20_af63bc4a3688/events.out.tfevents.1699370420.af63bc4a3688.317.0"}, {"rfilename": "runs/Nov07_15-32-31_af63bc4a3688/events.out.tfevents.1699371153.af63bc4a3688.317.1"}, {"rfilename": "runs/Nov07_15-43-37_17c6cd975058/events.out.tfevents.1699371818.17c6cd975058.539.0"}, {"rfilename": "runs/Nov07_15-43-41_af63bc4a3688/events.out.tfevents.1699371822.af63bc4a3688.317.2"}, {"rfilename": "runs/Nov07_15-54-37_17c6cd975058/events.out.tfevents.1699372478.17c6cd975058.539.1"}, {"rfilename": "runs/Nov07_15-57-35_af63bc4a3688/events.out.tfevents.1699372655.af63bc4a3688.317.3"}, {"rfilename": "runs/Nov07_16-09-00_d8289798ae76/events.out.tfevents.1699373340.d8289798ae76.642.0"}, {"rfilename": "runs/Nov08_09-23-13_8d5b32c9e9b5/events.out.tfevents.1699435394.8d5b32c9e9b5.185.0"}, {"rfilename": "runs/Nov08_09-29-26_297df54cedce/events.out.tfevents.1699435767.297df54cedce.274.0"}, {"rfilename": "runs/Nov08_09-34-50_8d5b32c9e9b5/events.out.tfevents.1699436091.8d5b32c9e9b5.185.1"}, {"rfilename": "runs/Nov08_09-53-57_8d5b32c9e9b5/events.out.tfevents.1699437238.8d5b32c9e9b5.185.2"}, {"rfilename": "runs/Nov08_10-06-12_8d5b32c9e9b5/events.out.tfevents.1699437974.8d5b32c9e9b5.185.3"}, {"rfilename": "runs/Nov08_11-22-05_3ba8356e5996/events.out.tfevents.1699442526.3ba8356e5996.657.0"}, {"rfilename": "runs/Nov08_11-33-42_3ba8356e5996/events.out.tfevents.1699443223.3ba8356e5996.657.1"}, {"rfilename": "runs/Nov08_11-55-08_3ba8356e5996/events.out.tfevents.1699444509.3ba8356e5996.657.2"}, {"rfilename": "runs/Nov08_12-12-48_3ba8356e5996/events.out.tfevents.1699445569.3ba8356e5996.657.3"}, {"rfilename": "runs/Nov08_12-32-33_3ba8356e5996/events.out.tfevents.1699446754.3ba8356e5996.657.4"}, {"rfilename": "runs/Nov08_12-50-07_3ba8356e5996/events.out.tfevents.1699447807.3ba8356e5996.657.5"}, {"rfilename": "runs/Nov08_13-06-24_3ba8356e5996/events.out.tfevents.1699448785.3ba8356e5996.657.6"}, {"rfilename": "runs/Nov08_13-09-41_3ba8356e5996/events.out.tfevents.1699448982.3ba8356e5996.657.7"}, {"rfilename": "runs/Nov08_13-30-32_3ba8356e5996/events.out.tfevents.1699450233.3ba8356e5996.657.8"}, {"rfilename": "runs/Nov09_12-47-14_0594cd3e27b7/events.out.tfevents.1699534034.0594cd3e27b7.201.0"}, {"rfilename": "special_tokens_map.json"}, {"rfilename": "tokenizer.json"}, {"rfilename": "tokenizer_config.json"}, {"rfilename": "training_args.bin"}, {"rfilename": "vocab.txt"}], "spaces": [], "createdAt": "2023-10-25T15:26:11.000Z", "safetensors": {"parameters": {"F32": 66968139}, "total": 66968139}, "inferenceStatus": "not-loaded"}