{"_id": "64624b85d290a75bd98cb54d", "id": "xarthurx/diffuser-models", "modelId": "xarthurx/diffuser-models", "author": "xarthurx", "sha": "db8a217b0a8d5fa69061d87a8ddb1abf6ded1f4a", "lastModified": "2023-05-15T15:17:26.000Z", "private": false, "disabled": false, "gated": false, "tags": ["diffusers", "region:us"], "downloads": 0, "library_name": "diffusers", "likes": 0, "siblings": [{"rfilename": ".gitattributes"}, {"rfilename": "office-dbModel-v0-3/.ipynb_checkpoints/model_index-checkpoint.json"}, {"rfilename": "office-dbModel-v0-3/feature_extractor/preprocessor_config.json"}, {"rfilename": "office-dbModel-v0-3/model_index.json"}, {"rfilename": "office-dbModel-v0-3/scheduler/scheduler_config.json"}, {"rfilename": "office-dbModel-v0-3/text_encoder/config.json"}, {"rfilename": "office-dbModel-v0-3/text_encoder/pytorch_model.bin"}, {"rfilename": "office-dbModel-v0-3/tokenizer/merges.txt"}, {"rfilename": "office-dbModel-v0-3/tokenizer/special_tokens_map.json"}, {"rfilename": "office-dbModel-v0-3/tokenizer/tokenizer_config.json"}, {"rfilename": "office-dbModel-v0-3/tokenizer/vocab.json"}, {"rfilename": "office-dbModel-v0-3/unet/config.json"}, {"rfilename": "office-dbModel-v0-3/unet/diffusion_pytorch_model.bin"}, {"rfilename": "office-dbModel-v0-3/vae/config.json"}, {"rfilename": "office-dbModel-v0-3/vae/diffusion_pytorch_model.bin"}], "spaces": [], "createdAt": "2023-05-15T15:11:01.000Z", "inferenceStatus": "not-loaded"}