{"_id": "6462520fc87d09bb4a8bbb18", "id": "xarthurx/office-dbModel-v0-4", "modelId": "xarthurx/office-dbModel-v0-4", "author": "xarthurx", "sha": "893f05802481704fb79ef4ef848d35ebacb4113a", "lastModified": "2023-05-15T16:08:05.000Z", "private": false, "disabled": false, "gated": false, "tags": ["diffusers", "tensorboard", "region:us"], "downloads": 0, "library_name": "diffusers", "likes": 0, "siblings": [{"rfilename": ".gitattributes"}, {"rfilename": "checkpoint-2600/optimizer.bin"}, {"rfilename": "checkpoint-2600/random_states_0.pkl"}, {"rfilename": "checkpoint-2600/scaler.pt"}, {"rfilename": "checkpoint-2600/scheduler.bin"}, {"rfilename": "checkpoint-2600/text_encoder/config.json"}, {"rfilename": "checkpoint-2600/text_encoder/pytorch_model.bin"}, {"rfilename": "checkpoint-2600/unet/config.json"}, {"rfilename": "checkpoint-2600/unet/diffusion_pytorch_model.bin"}, {"rfilename": "checkpoint-2800/optimizer.bin"}, {"rfilename": "checkpoint-2800/random_states_0.pkl"}, {"rfilename": "checkpoint-2800/scaler.pt"}, {"rfilename": "checkpoint-2800/scheduler.bin"}, {"rfilename": "checkpoint-2800/text_encoder/config.json"}, {"rfilename": "checkpoint-2800/text_encoder/pytorch_model.bin"}, {"rfilename": "checkpoint-2800/unet/config.json"}, {"rfilename": "checkpoint-2800/unet/diffusion_pytorch_model.bin"}, {"rfilename": "checkpoint-3000/optimizer.bin"}, {"rfilename": "checkpoint-3000/random_states_0.pkl"}, {"rfilename": "checkpoint-3000/scaler.pt"}, {"rfilename": "checkpoint-3000/scheduler.bin"}, {"rfilename": "checkpoint-3000/text_encoder/config.json"}, {"rfilename": "checkpoint-3000/text_encoder/pytorch_model.bin"}, {"rfilename": "checkpoint-3000/unet/config.json"}, {"rfilename": "checkpoint-3000/unet/diffusion_pytorch_model.bin"}, {"rfilename": "checkpoint-3200/optimizer.bin"}, {"rfilename": "checkpoint-3200/text_encoder/config.json"}, {"rfilename": "checkpoint-3200/text_encoder/pytorch_model.bin"}, {"rfilename": "checkpoint-3200/unet/config.json"}, {"rfilename": "checkpoint-3200/unet/diffusion_pytorch_model.bin"}, {"rfilename": "logs/dreambooth/1684156168.9564312/events.out.tfevents.1684156168.3144edec4884.489.1"}, {"rfilename": "logs/dreambooth/1684156168.9588692/.ipynb_checkpoints/hparams-checkpoint.yml"}, {"rfilename": "logs/dreambooth/1684156168.9588692/hparams.yml"}, {"rfilename": "logs/dreambooth/events.out.tfevents.1684156168.3144edec4884.489.0"}], "spaces": [], "createdAt": "2023-05-15T15:38:55.000Z", "inferenceStatus": "not-loaded"}