{"_id": "6461f814e7de30225dab0149", "id": "xarthurx/office-dbModel-v0-3", "modelId": "xarthurx/office-dbModel-v0-3", "author": "xarthurx", "sha": "da951f7fa9cfa09ef4d0e80d49e64a6f3367d439", "lastModified": "2023-05-15T09:47:28.000Z", "private": false, "disabled": false, "gated": false, "pipeline_tag": "text-to-image", "tags": ["diffusers", "tensorboard", "autotrain_compatible", "endpoints_compatible", "diffusers:StableDiffusionPipeline", "region:us"], "downloads": 0, "library_name": "diffusers", "likes": 0, "config": {"diffusers": {"_class_name": "StableDiffusionPipeline"}}, "siblings": [{"rfilename": ".gitattributes"}, {"rfilename": "checkpoint-1000/optimizer.bin"}, {"rfilename": "checkpoint-1000/random_states_0.pkl"}, {"rfilename": "checkpoint-1000/scaler.pt"}, {"rfilename": "checkpoint-1000/scheduler.bin"}, {"rfilename": "checkpoint-1000/text_encoder/config.json"}, {"rfilename": "checkpoint-1000/text_encoder/pytorch_model.bin"}, {"rfilename": "checkpoint-1000/unet/config.json"}, {"rfilename": "checkpoint-1000/unet/diffusion_pytorch_model.bin"}, {"rfilename": "checkpoint-2000/optimizer.bin"}, {"rfilename": "checkpoint-2000/random_states_0.pkl"}, {"rfilename": "checkpoint-2000/scaler.pt"}, {"rfilename": "checkpoint-2000/scheduler.bin"}, {"rfilename": "checkpoint-2000/text_encoder/config.json"}, {"rfilename": "checkpoint-2000/text_encoder/pytorch_model.bin"}, {"rfilename": "checkpoint-2000/unet/config.json"}, {"rfilename": "checkpoint-2000/unet/diffusion_pytorch_model.bin"}, {"rfilename": "checkpoint-3000/optimizer.bin"}, {"rfilename": "checkpoint-3000/random_states_0.pkl"}, {"rfilename": "checkpoint-3000/scaler.pt"}, {"rfilename": "checkpoint-3000/scheduler.bin"}, {"rfilename": "checkpoint-3000/text_encoder/config.json"}, {"rfilename": "checkpoint-3000/text_encoder/pytorch_model.bin"}, {"rfilename": "checkpoint-3000/unet/config.json"}, {"rfilename": "checkpoint-3000/unet/diffusion_pytorch_model.bin"}, {"rfilename": "feature_extractor/preprocessor_config.json"}, {"rfilename": "logs/dreambooth/1684134445.407711/events.out.tfevents.1684134445.3144edec4884.691.1"}, {"rfilename": "logs/dreambooth/1684134445.4103186/hparams.yml"}, {"rfilename": "logs/dreambooth/1684134521.9282608/events.out.tfevents.1684134521.3144edec4884.742.1"}, {"rfilename": "logs/dreambooth/1684134521.9308062/hparams.yml"}, {"rfilename": "logs/dreambooth/1684134566.1052556/events.out.tfevents.1684134566.3144edec4884.780.1"}, {"rfilename": "logs/dreambooth/1684134566.1079392/hparams.yml"}, {"rfilename": "logs/dreambooth/1684134653.766244/events.out.tfevents.1684134653.3144edec4884.823.1"}, {"rfilename": "logs/dreambooth/1684134653.7687936/hparams.yml"}, {"rfilename": "logs/dreambooth/1684134713.7159472/events.out.tfevents.1684134713.3144edec4884.864.1"}, {"rfilename": "logs/dreambooth/1684134713.7184079/hparams.yml"}, {"rfilename": "logs/dreambooth/events.out.tfevents.1684134445.3144edec4884.691.0"}, {"rfilename": "logs/dreambooth/events.out.tfevents.1684134521.3144edec4884.742.0"}, {"rfilename": "logs/dreambooth/events.out.tfevents.1684134566.3144edec4884.780.0"}, {"rfilename": "logs/dreambooth/events.out.tfevents.1684134653.3144edec4884.823.0"}, {"rfilename": "logs/dreambooth/events.out.tfevents.1684134713.3144edec4884.864.0"}, {"rfilename": "model_index.json"}, {"rfilename": "scheduler/scheduler_config.json"}, {"rfilename": "text_encoder/config.json"}, {"rfilename": "text_encoder/pytorch_model.bin"}, {"rfilename": "tokenizer/merges.txt"}, {"rfilename": "tokenizer/special_tokens_map.json"}, {"rfilename": "tokenizer/tokenizer_config.json"}, {"rfilename": "tokenizer/vocab.json"}, {"rfilename": "unet/config.json"}, {"rfilename": "unet/diffusion_pytorch_model.bin"}, {"rfilename": "vae/config.json"}, {"rfilename": "vae/diffusion_pytorch_model.bin"}], "spaces": [], "createdAt": "2023-05-15T09:15:00.000Z", "inferenceStatus": "not-loaded"}