{"_id": "6685a7a3c5fd33b1fcab2dc7", "id": "xaskasdf/codellama-python-13b-gguf", "modelId": "xaskasdf/codellama-python-13b-gguf", "author": "xaskasdf", "sha": "53058ec6271275029a32b6ef20d0b604f3580d6a", "lastModified": "2024-07-03T19:55:27.000Z", "private": false, "disabled": false, "gated": false, "tags": ["gguf", "region:us"], "downloads": 93, "likes": 0, "siblings": [{"rfilename": ".gitattributes"}, {"rfilename": "codellama-13b-python-f16.gguf"}, {"rfilename": "codellama-13b-python-q8_0.gguf"}], "spaces": [], "createdAt": "2024-07-03T19:33:55.000Z", "inferenceStatus": "not-loaded"}