{"_id": "66881c16b1be5e7d0e671c71", "id": "xaskasdf/phi-3-mini-4k-instruct-07-24-gguf", "modelId": "xaskasdf/phi-3-mini-4k-instruct-07-24-gguf", "author": "xaskasdf", "sha": "c04ae69914a92748168c26bb733a6585e00f64eb", "lastModified": "2024-07-05T16:22:00.000Z", "private": false, "disabled": false, "gated": false, "tags": ["gguf", "region:us"], "downloads": 74, "likes": 0, "siblings": [{"rfilename": ".gitattributes"}, {"rfilename": "phi-3-mini-4k-instruct-f16.gguf"}, {"rfilename": "phi-3-mini-4k-instruct-q6_k.gguf"}, {"rfilename": "phi-3-mini-4k-instruct-q8_0.gguf"}], "spaces": [], "createdAt": "2024-07-05T16:15:18.000Z", "inferenceStatus": "not-loaded"}