{"_id": "668579319bd2f319fc2f2f42", "id": "xaskasdf/phi-3-mini-128k-instruct-04-24-gguf", "modelId": "xaskasdf/phi-3-mini-128k-instruct-04-24-gguf", "author": "xaskasdf", "sha": "17269760e26877306f1a5217c846d41b0b94511b", "lastModified": "2024-07-03T16:27:17.000Z", "private": false, "disabled": false, "gated": false, "tags": ["gguf", "region:us"], "downloads": 153, "likes": 1, "siblings": [{"rfilename": ".gitattributes"}, {"rfilename": "phi-3-mini-128k-instruct-f16.gguf"}, {"rfilename": "phi-3-mini-128k-instruct-q8_0.gguf"}, {"rfilename": "phi-3-mini-128k-instruct.gguf"}], "spaces": [], "createdAt": "2024-07-03T16:15:45.000Z", "inferenceStatus": "not-loaded"}