{"_id": "668828d27bd1c857e9fd902b", "id": "xaskasdf/phi-3-medium-4k-gguf", "modelId": "xaskasdf/phi-3-medium-4k-gguf", "author": "xaskasdf", "sha": "e211dab3a6ebb3bb0663411098d9acf435933c56", "lastModified": "2024-07-05T18:11:08.000Z", "private": false, "disabled": false, "gated": false, "tags": ["gguf", "region:us"], "downloads": 39, "likes": 0, "siblings": [{"rfilename": ".gitattributes"}, {"rfilename": "phi-3-medium-4k-instruct-q2_k.gguf"}, {"rfilename": "phi-3-medium-4k-instruct-q4_k.gguf"}, {"rfilename": "phi-3-medium-4k-instruct-q8_0.gguf"}, {"rfilename": "phi-3-medium-4k-instruct.gguf"}], "spaces": [], "createdAt": "2024-07-05T17:09:38.000Z", "inferenceStatus": "not-loaded"}