{"_id": "668573b6d4f14bff313c9bf7", "id": "xaskasdf/phi-2-gguf", "modelId": "xaskasdf/phi-2-gguf", "author": "xaskasdf", "sha": "bb395a3ae67338e132ede74dc278fa29ca97fae5", "lastModified": "2024-07-03T15:57:24.000Z", "private": false, "disabled": false, "gated": false, "tags": ["gguf", "region:us"], "downloads": 41, "likes": 0, "siblings": [{"rfilename": ".gitattributes"}, {"rfilename": "phi-2-f16.gguf"}, {"rfilename": "phi-2-q8_0.gguf"}], "spaces": [], "createdAt": "2024-07-03T15:52:22.000Z", "inferenceStatus": "not-loaded"}