{"_id": "6688199c6e1e6d4d9b0d9f01", "id": "xaskasdf/phi-3-mini-128k-instruct-07-24-gguf", "modelId": "xaskasdf/phi-3-mini-128k-instruct-07-24-gguf", "author": "xaskasdf", "sha": "b7d1ac289e002b9c82e2c9bbfcec63a8a72615b4", "lastModified": "2024-07-05T16:13:08.000Z", "private": false, "disabled": false, "gated": false, "tags": ["gguf", "region:us"], "downloads": 75, "likes": 0, "siblings": [{"rfilename": ".gitattributes"}, {"rfilename": "phi-3-mini-128k-instruct-f16.gguf"}, {"rfilename": "phi-3-mini-128k-instruct-q6_k.gguf"}, {"rfilename": "phi-3-mini-128k-instruct-q8_0.gguf"}], "spaces": [], "createdAt": "2024-07-05T16:04:44.000Z", "inferenceStatus": "not-loaded"}