{"_id": "6685a35f17285e9db4f727de", "id": "xaskasdf/codellama-python-7b-gguf", "modelId": "xaskasdf/codellama-python-7b-gguf", "author": "xaskasdf", "sha": "e8850f45de84480892056e33aee433aea5ffc114", "lastModified": "2024-07-03T19:41:04.000Z", "private": false, "disabled": false, "gated": false, "tags": ["gguf", "region:us"], "downloads": 95, "likes": 0, "siblings": [{"rfilename": ".gitattributes"}, {"rfilename": "codellama-7b-python-f16.gguf"}, {"rfilename": "codellama-7b-python-q8_0.gguf"}], "spaces": [], "createdAt": "2024-07-03T19:15:43.000Z", "inferenceStatus": "not-loaded"}