{"_id": "64415c9ce46e14ed55906419", "id": "xaverus/bargeldtussi", "modelId": "xaverus/bargeldtussi", "author": "xaverus", "sha": "62a9da504e46def3b4d773e92f86d150859111b6", "lastModified": "2023-04-20T15:39:08.000Z", "private": false, "disabled": false, "gated": false, "tags": ["license:openrail", "region:us"], "downloads": 0, "likes": 0, "model-index": null, "cardData": {"license": "openrail"}, "siblings": [{"rfilename": ".gitattributes"}, {"rfilename": "README.md"}], "spaces": [], "createdAt": "2023-04-20T15:39:08.000Z", "inferenceStatus": "not-loaded"}