{"_id": "64b44ac1f44fd95749227a8d", "id": "Xavier2213/Chamber", "modelId": "Xavier2213/Chamber", "author": "Xavier2213", "sha": "3d13217a6ee08303996ff4f7deb92874118d1087", "lastModified": "2023-07-16T19:55:38.000Z", "private": false, "disabled": false, "gated": false, "tags": ["license:other", "region:us"], "downloads": 0, "likes": 0, "model-index": null, "cardData": {"license": "other"}, "siblings": [{"rfilename": ".gitattributes"}, {"rfilename": "Chambersito.zip"}, {"rfilename": "README.md"}], "spaces": [], "createdAt": "2023-07-16T19:53:37.000Z", "inferenceStatus": "not-loaded"}