{"_id": "65957547372a71b317a84302", "id": "xaviviro/FLAMA-0.5-3B-GGUF", "modelId": "xaviviro/FLAMA-0.5-3B-GGUF", "author": "xaviviro", "sha": "ea423c106f8a89c515c8162205578fe8d139fc47", "lastModified": "2024-01-03T15:29:27.000Z", "private": false, "disabled": false, "gated": false, "tags": ["gguf", "ca", "es", "en", "base_model:xaviviro/FLAMA-0.5-3B", "license:apache-2.0", "region:us"], "downloads": 271, "likes": 0, "model-index": null, "cardData": {"license": "apache-2.0", "base_model": "xaviviro/FLAMA-0.5-3B", "language": ["ca", "es", "en"], "model_creator": "xaviviro", "model_name": "FLAMA-0.5-3B", "prompt_template": "<|im_start|>user\\n{instruction}<|im_end|>\\n<|im_start|>assistant\\n", "quantized_by": "xaviviro"}, "siblings": [{"rfilename": ".gitattributes"}, {"rfilename": "FLAMA-0.5-3B_f16.gguf"}, {"rfilename": "FLAMA-0.5-3B_q2_k.gguf"}, {"rfilename": "FLAMA-0.5-3B_q3_k_l.gguf"}, {"rfilename": "FLAMA-0.5-3B_q3_k_m.gguf"}, {"rfilename": "FLAMA-0.5-3B_q3_k_s.gguf"}, {"rfilename": "FLAMA-0.5-3B_q4_0.gguf"}, {"rfilename": "FLAMA-0.5-3B_q4_1.gguf"}, {"rfilename": "FLAMA-0.5-3B_q4_k_m.gguf"}, {"rfilename": "FLAMA-0.5-3B_q4_k_s.gguf"}, {"rfilename": "FLAMA-0.5-3B_q5_0.gguf"}, {"rfilename": "FLAMA-0.5-3B_q5_1.gguf"}, {"rfilename": "FLAMA-0.5-3B_q5_k_m.gguf"}, {"rfilename": "FLAMA-0.5-3B_q5_k_s.gguf"}, {"rfilename": "FLAMA-0.5-3B_q6_k.gguf"}, {"rfilename": "FLAMA-0.5-3B_q8_0.gguf"}, {"rfilename": "README.md"}, {"rfilename": "flama05.png"}], "spaces": [], "createdAt": "2024-01-03T14:55:03.000Z", "inferenceStatus": "not-loaded"}