{"_id": "62aa8d23cb80ae99f23e4dbd", "id": "xavierp/ppp13", "modelId": "xavierp/ppp13", "author": "xavierp", "sha": "706eb948ca47204603a9532b8e69fdb7454da0ed", "lastModified": "2022-06-16T02:24:03.000Z", "private": false, "disabled": false, "gated": false, "tags": ["region:us"], "downloads": 0, "likes": 0, "siblings": [{"rfilename": ".gitattributes"}, {"rfilename": "albert-xxlarge-v1_fold0_best.pth"}, {"rfilename": "albert-xxlarge-v1_fold1_best.pth"}, {"rfilename": "albert-xxlarge-v1_fold2_best.pth"}, {"rfilename": "albert-xxlarge-v1_fold3_best.pth"}, {"rfilename": "albert-xxlarge-v1_fold4_best.pth"}, {"rfilename": "albert_xxl_v1_5folds.log"}, {"rfilename": "albert_xxl_v1_5folds.py"}, {"rfilename": "oof_df_albert_xxl_v1_5folds.pkl"}], "spaces": [], "createdAt": "2022-06-16T01:53:39.000Z", "inferenceStatus": "not-loaded"}