{"_id": "658910e315b65eb9bafa2ad8", "id": "xaviviro/FLOR-6.3B-Instructed-GGUF", "modelId": "xaviviro/FLOR-6.3B-Instructed-GGUF", "author": "xaviviro", "sha": "3a3aef6e0119ecb4995c600bab1e0116e4f7896b", "lastModified": "2024-01-04T17:23:57.000Z", "private": false, "disabled": false, "gated": false, "tags": ["gguf", "en", "es", "ca", "base_model:projecte-aina/FLOR-6.3B-Instructed", "region:us"], "downloads": 248, "likes": 0, "model-index": null, "cardData": {"base_model": "projecte-aina/FLOR-6.3B-Instructed", "language": ["en", "es", "ca"], "model_creator": "projecte-aina", "model_name": "FLOR-6.3B-Instructed", "model_type": "bloom", "prompt_template": "PROMPT: Tot seguit ve una instrucci\u00f3 que has de respondre de la millor manera possible.\\n###Instruction:\\n{User}\\n### Answer:\\n{Assistant}", "quantized_by": "xaviviro"}, "siblings": [{"rfilename": ".gitattributes"}, {"rfilename": "FLOR-6.3B-Instructed_f16.gguf"}, {"rfilename": "FLOR-6.3B-Instructed_q2_k.gguf"}, {"rfilename": "FLOR-6.3B-Instructed_q3_k_l.gguf"}, {"rfilename": "FLOR-6.3B-Instructed_q3_k_m.gguf"}, {"rfilename": "FLOR-6.3B-Instructed_q3_k_s.gguf"}, {"rfilename": "FLOR-6.3B-Instructed_q4_0.gguf"}, {"rfilename": "FLOR-6.3B-Instructed_q4_1.gguf"}, {"rfilename": "FLOR-6.3B-Instructed_q4_k_m.gguf"}, {"rfilename": "FLOR-6.3B-Instructed_q4_k_s.gguf"}, {"rfilename": "FLOR-6.3B-Instructed_q5_0.gguf"}, {"rfilename": "FLOR-6.3B-Instructed_q5_1.gguf"}, {"rfilename": "FLOR-6.3B-Instructed_q5_k_m.gguf"}, {"rfilename": "FLOR-6.3B-Instructed_q5_k_s.gguf"}, {"rfilename": "FLOR-6.3B-Instructed_q6_k.gguf"}, {"rfilename": "FLOR-6.3B-Instructed_q8_0.gguf"}, {"rfilename": "README.md"}], "spaces": [], "createdAt": "2023-12-25T05:19:31.000Z", "inferenceStatus": "not-loaded"}