{"_id": "62a84dc404d6da9242c31d27", "id": "xavierp/ppp9", "modelId": "xavierp/ppp9", "author": "xavierp", "sha": "17fceb08518a309bc50e233705b607e0d0180400", "lastModified": "2022-06-14T11:13:45.000Z", "private": false, "disabled": false, "gated": false, "tags": ["region:us"], "downloads": 0, "likes": 0, "siblings": [{"rfilename": ".gitattributes"}, {"rfilename": "deberta-large_att_v1_5folds.log"}, {"rfilename": "deberta-large_att_v1_5folds.py"}, {"rfilename": "microsoft-deberta-large_fold0_best.pth"}, {"rfilename": "microsoft-deberta-large_fold1_best.pth"}, {"rfilename": "microsoft-deberta-large_fold2_best.pth"}, {"rfilename": "microsoft-deberta-large_fold3_best.pth"}, {"rfilename": "microsoft-deberta-large_fold4_best.pth"}], "spaces": [], "createdAt": "2022-06-14T08:58:44.000Z", "inferenceStatus": "not-loaded"}