{"_id": "658a3aa6dda02636b0168c37", "id": "xavierp/UBC-models", "modelId": "xavierp/UBC-models", "author": "xavierp", "sha": "3e84968066c5e76f140e5648c8fde68df7d11f86", "lastModified": "2023-12-26T03:38:36.000Z", "private": false, "disabled": false, "gated": false, "tags": ["region:us"], "downloads": 0, "likes": 0, "siblings": [{"rfilename": ".gitattributes"}, {"rfilename": "resnest200e.in1k_bestAcc0.950_imgsize_1024_onlyRedMaskTileImg_stainmix.pt"}, {"rfilename": "resnest200e.in1k_bestRecall0.751_imgsize_1024_onlyRedMaskTileImg_stainmix_v3.pt"}, {"rfilename": "resnest200e.in1k_bestRecall0.752_imgsize_1024_onlyRedMaskTileImg_stainmix_v3.pt"}, {"rfilename": "resnest200e.in1k_bestRecall0.764_imgsize_1024_onlyRedMaskTileImg_stainmix_v3.pt"}, {"rfilename": "resnest200e.in1k_bestRecall0.780_imgsize_1024_onlyRedMaskTileImg_stainmix_v2.pt"}, {"rfilename": "tf_efficientnet_b5.ns_jft_in1k_bestRecall0.719_imgsize_1024_onlyMaskTileImg_stainmix.pt"}, {"rfilename": "tf_efficientnetv2_s.in21k_ft_in1k_swa_imgsize_1024_onlyMaskTileImg_stainmix.pt"}], "spaces": [], "createdAt": "2023-12-26T02:29:58.000Z", "inferenceStatus": "not-loaded"}