{"_id": "656f6f61d6654551561c7b5f", "id": "xaviviro/aguila-7b-8bit", "modelId": "xaviviro/aguila-7b-8bit", "author": "xaviviro", "sha": "21017b8143d8bff7c568d5d026b9d753ccc535df", "lastModified": "2023-12-05T19:22:57.000Z", "private": false, "disabled": false, "gated": false, "pipeline_tag": "text-generation", "tags": ["transformers", "RefinedWebModel", "text-generation", "custom_code", "autotrain_compatible", "text-generation-inference", "endpoints_compatible", "region:us"], "downloads": 2, "library_name": "transformers", "widgetData": [{"text": "My name is Julien and I like to"}, {"text": "My name is Thomas and my main"}, {"text": "My name is Mariama, my favorite"}, {"text": "My name is Clara and I am"}, {"text": "My name is Lewis and I like to"}, {"text": "My name is Merve and my favorite"}, {"text": "My name is Teven and I am"}, {"text": "Once upon a time,"}], "likes": 1, "config": {"architectures": ["RWForCausalLM"], "auto_map": {"AutoConfig": "configuration_RW.RWConfig", "AutoModel": "projecte-aina/aguila-7b--modelling_RW.RWModel", "AutoModelForCausalLM": "projecte-aina/aguila-7b--modelling_RW.RWForCausalLM", "AutoModelForQuestionAnswering": "projecte-aina/aguila-7b--modelling_RW.RWForQuestionAnswering", "AutoModelForSequenceClassification": "projecte-aina/aguila-7b--modelling_RW.RWForSequenceClassification", "AutoModelForTokenClassification": "projecte-aina/aguila-7b--modelling_RW.RWForTokenClassification"}, "model_type": "RefinedWebModel"}, "transformersInfo": {"auto_model": "AutoModelForCausalLM", "custom_class": "projecte-aina/aguila-7b--modelling_RW.RWForCausalLM", "pipeline_tag": "text-generation"}, "siblings": [{"rfilename": ".gitattributes"}, {"rfilename": "config.json"}, {"rfilename": "configuration_RW.py"}, {"rfilename": "gptq_model-8bit-128g.bin"}, {"rfilename": "gptq_model-8bit-128g.safetensors"}, {"rfilename": "quantize_config.json"}], "spaces": [], "createdAt": "2023-12-05T18:43:45.000Z", "inferenceStatus": "not-loaded"}