{"_id": "62aae42d0a9f69508663bd9a", "id": "xavierp/ppp14", "modelId": "xavierp/ppp14", "author": "xavierp", "sha": "86c57df0e6e6069507076e339ec8c5783ea08401", "lastModified": "2022-06-16T23:48:05.000Z", "private": false, "disabled": false, "gated": false, "tags": ["region:us"], "downloads": 0, "likes": 0, "siblings": [{"rfilename": ".gitattributes"}, {"rfilename": "deberta_xl_v1_5folds.log"}, {"rfilename": "deberta_xl_v1_5folds.py"}, {"rfilename": "microsoft-deberta-xlarge_fold0_best.pth"}, {"rfilename": "microsoft-deberta-xlarge_fold1_best.pth"}, {"rfilename": "microsoft-deberta-xlarge_fold2_best.pth"}, {"rfilename": "microsoft-deberta-xlarge_fold3_best.pth"}, {"rfilename": "microsoft-deberta-xlarge_fold4_best.pth"}], "spaces": [], "createdAt": "2022-06-16T08:05:01.000Z", "inferenceStatus": "not-loaded"}