{"_id": "65a3d9e99f0a34c173e80f60", "id": "xavierp/detect2", "modelId": "xavierp/detect2", "author": "xavierp", "sha": "7974d20ffc488db944a009af8a70712a2f2de300", "lastModified": "2024-01-22T12:20:08.000Z", "private": false, "disabled": false, "gated": false, "tags": ["region:us"], "downloads": 0, "likes": 0, "siblings": [{"rfilename": ".gitattributes"}, {"rfilename": "all_filter3.csv"}, {"rfilename": "all_filter_pos32158.csv"}, {"rfilename": "all_with_variousLLM_filter_pos42915.csv"}, {"rfilename": "edubirdie.zip"}, {"rfilename": "evaluating-student-writing_filter.csv"}, {"rfilename": "train_final.csv"}], "spaces": [], "createdAt": "2024-01-14T12:56:09.000Z", "inferenceStatus": "not-loaded"}