{"_id": "62a6a658db0b844f8b1ad546", "id": "xavierp/ppp6", "modelId": "xavierp/ppp6", "author": "xavierp", "sha": "129e126e04ddaad3d5c6c071eef7c587e0af8ed1", "lastModified": "2022-06-13T04:49:16.000Z", "private": false, "disabled": false, "gated": false, "tags": ["region:us"], "downloads": 0, "likes": 0, "siblings": [{"rfilename": ".gitattributes"}, {"rfilename": "funnel-transformer-xlarge_fold0_best.pth"}, {"rfilename": "funnel-transformer-xlarge_fold1_best.pth"}, {"rfilename": "funnel-transformer-xlarge_fold2_best.pth"}, {"rfilename": "funnel-transformer-xlarge_fold3_best.pth"}, {"rfilename": "funnel-transformer-xlarge_fold4_best.pth"}, {"rfilename": "funnelxl_v1_5folds.log"}, {"rfilename": "funnelxl_v1_5folds.py"}, {"rfilename": "oof_df_funnelxl_v1_5folds.pkl"}], "spaces": [], "createdAt": "2022-06-13T02:52:08.000Z", "inferenceStatus": "not-loaded"}