{"_id": "65edd227e34f519151464d47", "id": "XavierScor/ppo-scratch-LunarLander-v2", "modelId": "XavierScor/ppo-scratch-LunarLander-v2", "author": "XavierScor", "sha": "c057f2d6abafebc9b42cd2571ef88164c915dd95", "lastModified": "2024-03-10T15:30:52.000Z", "private": false, "disabled": false, "gated": false, "pipeline_tag": "reinforcement-learning", "tags": ["tensorboard", "LunarLander-v2", "ppo", "deep-reinforcement-learning", "reinforcement-learning", "custom-implementation", "deep-rl-course", "model-index", "region:us"], "downloads": 0, "likes": 0, "model-index": [{"name": "PPO", "results": [{"task": {"type": "reinforcement-learning", "name": "reinforcement-learning"}, "dataset": {"name": "LunarLander-v2", "type": "LunarLander-v2"}, "metrics": [{"type": "mean_reward", "value": "-155.25 +/- 76.37", "name": "mean_reward", "verified": false}]}]}], "cardData": {"tags": ["LunarLander-v2", "ppo", "deep-reinforcement-learning", "reinforcement-learning", "custom-implementation", "deep-rl-course"], "model-index": [{"name": "PPO", "results": [{"task": {"type": "reinforcement-learning", "name": "reinforcement-learning"}, "dataset": {"name": "LunarLander-v2", "type": "LunarLander-v2"}, "metrics": [{"type": "mean_reward", "value": "-155.25 +/- 76.37", "name": "mean_reward", "verified": false}]}]}]}, "siblings": [{"rfilename": ".gitattributes"}, {"rfilename": "README.md"}, {"rfilename": "logs/events.out.tfevents.1710084611.ab14ddf81864.4977.0"}, {"rfilename": "model.pt"}, {"rfilename": "replay.mp4"}, {"rfilename": "results.json"}], "spaces": [], "createdAt": "2024-03-10T15:30:47.000Z", "inferenceStatus": "not-loaded"}