{"_id": "658bddf1ab4c8f1078e282c5", "id": "xaviviro/FLAMA-0.1-3B-GGUF", "modelId": "xaviviro/FLAMA-0.1-3B-GGUF", "author": "xaviviro", "sha": "65a2bc7f299c46b4f3198c1e54d0268399d97b2c", "lastModified": "2024-01-10T08:17:44.000Z", "private": false, "disabled": false, "gated": false, "tags": ["gguf", "ca", "en", "base_model:xaviviro/FLAMA-0.1-3B", "license:apache-2.0", "region:us"], "downloads": 238, "likes": 0, "model-index": null, "cardData": {"license": "apache-2.0", "base_model": "xaviviro/FLAMA-0.1-3B", "language": ["ca", "en"], "model_creator": "xaviviro", "model_name": "FLAMA-0.1-3B", "prompt_template": "<|im_start|>user\\n{instruction}<|im_end|>\\n<|im_start|>assistant\\n", "quantized_by": "xaviviro"}, "siblings": [{"rfilename": ".gitattributes"}, {"rfilename": "FLAMA-0.1-3B_f16.gguf"}, {"rfilename": "FLAMA-0.1-3B_q2_k.gguf"}, {"rfilename": "FLAMA-0.1-3B_q3_k_l.gguf"}, {"rfilename": "FLAMA-0.1-3B_q3_k_m.gguf"}, {"rfilename": "FLAMA-0.1-3B_q3_k_s.gguf"}, {"rfilename": "FLAMA-0.1-3B_q4_0.gguf"}, {"rfilename": "FLAMA-0.1-3B_q4_1.gguf"}, {"rfilename": "FLAMA-0.1-3B_q4_k_m.gguf"}, {"rfilename": "FLAMA-0.1-3B_q4_k_s.gguf"}, {"rfilename": "FLAMA-0.1-3B_q5_0.gguf"}, {"rfilename": "FLAMA-0.1-3B_q5_1.gguf"}, {"rfilename": "FLAMA-0.1-3B_q5_k_m.gguf"}, {"rfilename": "FLAMA-0.1-3B_q5_k_s.gguf"}, {"rfilename": "FLAMA-0.1-3B_q6_k.gguf"}, {"rfilename": "FLAMA-0.1-3B_q8_0.gguf"}, {"rfilename": "README.md"}, {"rfilename": "flama.png"}], "spaces": [], "createdAt": "2023-12-27T08:18:57.000Z", "inferenceStatus": "not-loaded"}