{"_id": "65c05c4f8e15032884014332", "id": "xaviviro/OpenHermes-2.5-FLOR-6.3B-GGUF", "modelId": "xaviviro/OpenHermes-2.5-FLOR-6.3B-GGUF", "author": "xaviviro", "sha": "2ced13a07d8582fc1f6c03392fafdb30d5a8354c", "lastModified": "2024-02-05T04:26:23.000Z", "private": false, "disabled": false, "gated": false, "tags": ["gguf", "region:us"], "downloads": 32, "likes": 1, "siblings": [{"rfilename": ".gitattributes"}, {"rfilename": "OpenHermes-2.5-FLOR-6.3B-q5_K_M.gguf"}, {"rfilename": "OpenHermes-2.5-FLOR-6.3B-q8_0.gguf"}], "spaces": [], "createdAt": "2024-02-05T03:55:59.000Z", "inferenceStatus": "not-loaded"}