{"_id": "640fd613fafdc2ecff58c72e", "id": "xavierp/LECR_P11", "modelId": "xavierp/LECR_P11", "author": "xavierp", "sha": "17bb9422467fa9e08589176e5b43574c19f7366e", "lastModified": "2023-03-14T02:33:17.000Z", "private": false, "disabled": false, "gated": false, "tags": ["region:us"], "downloads": 0, "likes": 0, "siblings": [{"rfilename": ".gitattributes"}, {"rfilename": "Retriever.py"}, {"rfilename": "classifier.py"}, {"rfilename": "classifier.txt"}, {"rfilename": "mpnet_base_fold4_42_content_top30.pth"}, {"rfilename": "multilingual-mpnet-base-exp_fold4_epochs10-20230313T104739Z-001.zip"}], "spaces": [], "createdAt": "2023-03-14T02:04:03.000Z", "inferenceStatus": "not-loaded"}