{"_id": "659659648174ea23bce8f704", "id": "xaviviro/ElChato-0.1-1.1b-GGUF", "modelId": "xaviviro/ElChato-0.1-1.1b-GGUF", "author": "xaviviro", "sha": "1b33aaab15703d12b15bf61a26a9852323a9f201", "lastModified": "2024-01-12T21:38:18.000Z", "private": false, "disabled": false, "gated": false, "tags": ["gguf", "es", "license:apache-2.0", "region:us"], "downloads": 314, "likes": 2, "model-index": null, "cardData": {"license": "apache-2.0", "language": ["es"], "model_creator": "xaviviro", "model_name": "PetitXat-0.1-1.1b", "prompt_template": "<|system|>\\n{system}</s>\\n<|user|>{instruction}</s>\\n<|assistant|>\\n"}, "siblings": [{"rfilename": ".gitattributes"}, {"rfilename": "ElChato-0.1-1.1b_f16.gguf"}, {"rfilename": "ElChato-0.1-1.1b_q2_k.gguf"}, {"rfilename": "ElChato-0.1-1.1b_q3_k_l.gguf"}, {"rfilename": "ElChato-0.1-1.1b_q3_k_m.gguf"}, {"rfilename": "ElChato-0.1-1.1b_q3_k_s.gguf"}, {"rfilename": "ElChato-0.1-1.1b_q4_0.gguf"}, {"rfilename": "ElChato-0.1-1.1b_q4_1.gguf"}, {"rfilename": "ElChato-0.1-1.1b_q4_k_m.gguf"}, {"rfilename": "ElChato-0.1-1.1b_q4_k_s.gguf"}, {"rfilename": "ElChato-0.1-1.1b_q5_0.gguf"}, {"rfilename": "ElChato-0.1-1.1b_q5_1.gguf"}, {"rfilename": "ElChato-0.1-1.1b_q5_k_m.gguf"}, {"rfilename": "ElChato-0.1-1.1b_q5_k_s.gguf"}, {"rfilename": "ElChato-0.1-1.1b_q6_k.gguf"}, {"rfilename": "ElChato-0.1-1.1b_q8_0.gguf"}, {"rfilename": "README.md"}, {"rfilename": "elchato.png"}], "spaces": [], "createdAt": "2024-01-04T07:08:20.000Z", "inferenceStatus": "not-loaded"}