{"_id": "65fd53a01a58717c800c4936", "id": "xaviergillard/brabant-xvii-from-scratch", "modelId": "xaviergillard/brabant-xvii-from-scratch", "author": "xaviergillard", "sha": "d64050dd2ba57939a0830102a21ec90cbc15a52d", "lastModified": "2024-03-29T13:05:06.000Z", "private": false, "disabled": false, "gated": false, "pipeline_tag": "fill-mask", "tags": ["transformers", "tensorboard", "safetensors", "bert", "fill-mask", "nl", "fr", "dataset:arch-be/brabant-xvii", "license:mit", "autotrain_compatible", "endpoints_compatible", "region:us"], "downloads": 1, "library_name": "transformers", "mask_token": "[MASK]", "widgetData": [{"text": "by den ontfanger van de exploiten gecollacionneert tegens [MASK] brieven by my", "output": [{"label": "onsen", "score": 0.326}, {"label": "onse", "score": 0.247}, {"label": "doriginale", "score": 0.17}, {"label": "synen", "score": 0.046}, {"label": "zynen", "score": 0.011}]}, {"text": "[MASK] par la grace de dieu etc savoir faisons a tous presens et avenir \nnous avoir receu lumble supplication de jehannet austin", "output": [{"label": "maximilian", "score": 0.958}, {"label": "philippe", "score": 0.017}, {"label": "phelippe", "score": 0.016}]}, {"text": "[MASK] byder gracien gods roomsch keyser altyt vermeerder tsrycx coninck van \ngermanien van castillien van leon van arragon van navarre van napels van secillien \nvan maiorque van sardine vanden eylanden van indien vander vaster eerden ende zee \nocceane eertshertoge van oistenrycke hertoge van bourgoingnen van lothric van brabant \nvan limborch van luxemborch etc.", "output": [{"label": "philips", "score": 0.968}, {"label": "kaerle", "score": 0.027}, {"label": "maximiliaen", "score": 0.002}]}, {"text": "Cornelia de Ghijs\nJoos de Medraige.\nGedaen ende alzoo gepasseert inder stadt van Bruessele\nden tweesten dach der maendt van [MASK] int jaer\nduijsent vijffhondert tachtentich", "output": [{"label": "julio", "score": 0.428}, {"label": "augusto", "score": 0.111}, {"label": "aprille", "score": 0.107}, {"label": "februario", "score": 0.053}, {"label": "januario", "score": 0.042}]}], "likes": 1, "model-index": null, "config": {"architectures": ["BertForMaskedLM"], "model_type": "bert", "tokenizer_config": {"cls_token": "[CLS]", "mask_token": "[MASK]", "pad_token": "[PAD]", "sep_token": "[SEP]", "unk_token": "[UNK]"}}, "cardData": {"pipeline_tag": "fill-mask", "datasets": ["arch-be/brabant-xvii"], "language": ["nl", "fr"], "widget": [{"text": "by den ontfanger van de exploiten gecollacionneert tegens [MASK] brieven by my", "output": [{"label": "onsen", "score": 0.326}, {"label": "onse", "score": 0.247}, {"label": "doriginale", "score": 0.17}, {"label": "synen", "score": 0.046}, {"label": "zynen", "score": 0.011}]}, {"text": "[MASK] par la grace de dieu etc savoir faisons a tous presens et avenir \nnous avoir receu lumble supplication de jehannet austin", "output": [{"label": "maximilian", "score": 0.958}, {"label": "philippe", "score": 0.017}, {"label": "phelippe", "score": 0.016}]}, {"text": "[MASK] byder gracien gods roomsch keyser altyt vermeerder tsrycx coninck van \ngermanien van castillien van leon van arragon van navarre van napels van secillien \nvan maiorque van sardine vanden eylanden van indien vander vaster eerden ende zee \nocceane eertshertoge van oistenrycke hertoge van bourgoingnen van lothric van brabant \nvan limborch van luxemborch etc.", "output": [{"label": "philips", "score": 0.968}, {"label": "kaerle", "score": 0.027}, {"label": "maximiliaen", "score": 0.002}]}, {"text": "Cornelia de Ghijs\nJoos de Medraige.\nGedaen ende alzoo gepasseert inder stadt van Bruessele\nden tweesten dach der maendt van [MASK] int jaer\nduijsent vijffhondert tachtentich", "output": [{"label": "julio", "score": 0.428}, {"label": "augusto", "score": 0.111}, {"label": "aprille", "score": 0.107}, {"label": "februario", "score": 0.053}, {"label": "januario", "score": 0.042}]}], "license": "mit"}, "transformersInfo": {"auto_model": "AutoModelForMaskedLM", "pipeline_tag": "fill-mask", "processor": "AutoTokenizer"}, "siblings": [{"rfilename": ".gitattributes"}, {"rfilename": "README.md"}, {"rfilename": "added_tokens.json"}, {"rfilename": "brabant-xvii-tokenizer-sentencepiece"}, {"rfilename": "config.json"}, {"rfilename": "last-checkpoint/config.json"}, {"rfilename": "last-checkpoint/model.safetensors"}, {"rfilename": "last-checkpoint/optimizer.pt"}, {"rfilename": "last-checkpoint/rng_state.pth"}, {"rfilename": "last-checkpoint/scheduler.pt"}, {"rfilename": "last-checkpoint/special_tokens_map.json"}, {"rfilename": "last-checkpoint/tokenizer.json"}, {"rfilename": "last-checkpoint/tokenizer_config.json"}, {"rfilename": "last-checkpoint/trainer_state.json"}, {"rfilename": "last-checkpoint/training_args.bin"}, {"rfilename": "last-checkpoint/vocab.txt"}, {"rfilename": "model.safetensors"}, {"rfilename": "pretrained/config.json"}, {"rfilename": "pretrained/generation_config.json"}, {"rfilename": "pretrained/model.safetensors"}, {"rfilename": "runs/Mar22_09-58-32_2219fb93e46b/events.out.tfevents.1711101543.2219fb93e46b.3827.0"}, {"rfilename": "runs/Mar25_10-13-41_7cb2519f8d33/events.out.tfevents.1711361627.7cb2519f8d33.7223.0"}, {"rfilename": "runs/Mar25_10-15-33_7cb2519f8d33/events.out.tfevents.1711361737.7cb2519f8d33.7223.1"}, {"rfilename": "runs/Mar25_15-37-08_21b37dc907a2/events.out.tfevents.1711381032.21b37dc907a2.4143.0"}, {"rfilename": "runs/Mar25_15-42-05_21b37dc907a2/events.out.tfevents.1711381327.21b37dc907a2.4143.1"}, {"rfilename": "runs/Mar25_15-42-27_21b37dc907a2/events.out.tfevents.1711381350.21b37dc907a2.4143.2"}, {"rfilename": "runs/Mar25_15-44-00_21b37dc907a2/events.out.tfevents.1711381440.21b37dc907a2.9402.0"}, {"rfilename": "runs/Mar25_16-00-27_58580b4dc807/events.out.tfevents.1711382438.58580b4dc807.1112.0"}, {"rfilename": "runs/Mar25_16-02-48_58580b4dc807/events.out.tfevents.1711382574.58580b4dc807.1112.1"}, {"rfilename": "runs/Mar25_16-02-48_58580b4dc807/events.out.tfevents.1711384656.58580b4dc807.1112.2"}, {"rfilename": "runs/Mar25_16-02-48_58580b4dc807/events.out.tfevents.1711386840.58580b4dc807.1112.3"}, {"rfilename": "runs/Mar25_17-51-04_58580b4dc807/events.out.tfevents.1711389156.58580b4dc807.1112.4"}, {"rfilename": "runs/Mar25_17-56-39_58580b4dc807/events.out.tfevents.1711389401.58580b4dc807.1112.5"}, {"rfilename": "runs/Mar25_18-08-17_58580b4dc807/events.out.tfevents.1711390108.58580b4dc807.1112.6"}, {"rfilename": "runs/Mar25_20-49-48_0f516cd1b7dd/events.out.tfevents.1711399797.0f516cd1b7dd.1005.0"}, {"rfilename": "runs/Mar25_20-54-24_0f516cd1b7dd/events.out.tfevents.1711400082.0f516cd1b7dd.2989.0"}, {"rfilename": "runs/Mar26_08-00-05_9c5f9f451790/events.out.tfevents.1711440014.9c5f9f451790.4769.0"}, {"rfilename": "runs/Mar26_08-01-36_9c5f9f451790/events.out.tfevents.1711440122.9c5f9f451790.4769.1"}, {"rfilename": "runs/Mar26_08-02-50_9c5f9f451790/events.out.tfevents.1711440171.9c5f9f451790.4769.2"}, {"rfilename": "runs/Mar26_08-04-11_9c5f9f451790/events.out.tfevents.1711440255.9c5f9f451790.4769.3"}, {"rfilename": "runs/Mar26_11-25-15_9c5f9f451790/events.out.tfevents.1711452318.9c5f9f451790.4769.4"}, {"rfilename": "runs/Mar28_15-18-19_78cacfdf5a24/events.out.tfevents.1711639103.78cacfdf5a24.3605.0"}, {"rfilename": "runs/Mar28_16-55-13_3c8f2da1e302/events.out.tfevents.1711644948.3c8f2da1e302.591.1"}, {"rfilename": "runs/Mar29_10-03-38_9490f0f81a5a/events.out.tfevents.1711706622.9490f0f81a5a.965.1"}, {"rfilename": "runs/Mar29_10-06-24_9490f0f81a5a/events.out.tfevents.1711706789.9490f0f81a5a.6789.0"}, {"rfilename": "runs/Mar29_10-16-32_9490f0f81a5a/events.out.tfevents.1711707399.9490f0f81a5a.6789.1"}, {"rfilename": "runs/Mar29_12-17-31_9490f0f81a5a/events.out.tfevents.1711714654.9490f0f81a5a.6789.2"}, {"rfilename": "runs/Mar29_12-22-27_9490f0f81a5a/events.out.tfevents.1711714960.9490f0f81a5a.6789.3"}, {"rfilename": "runs/Mar29_12-25-55_9490f0f81a5a/events.out.tfevents.1711715160.9490f0f81a5a.42615.0"}, {"rfilename": "runs/Mar29_12-29-20_9490f0f81a5a/events.out.tfevents.1711715361.9490f0f81a5a.42615.1"}, {"rfilename": "runs/Mar29_12-38-58_9490f0f81a5a/events.out.tfevents.1711715939.9490f0f81a5a.42615.2"}, {"rfilename": "special_tokens_map.json"}, {"rfilename": "tokenizer.json"}, {"rfilename": "tokenizer_config.json"}, {"rfilename": "training_args.bin"}, {"rfilename": "vocab.txt"}], "spaces": [], "createdAt": "2024-03-22T09:47:12.000Z", "safetensors": {"parameters": {"F32": 104701127}, "total": 104701127}, "inferenceStatus": "not-loaded"}