{"_id": "657353d905e57307151574ad", "id": "xaviviro/MusicGen-Sardana-Catalan-Music", "modelId": "xaviviro/MusicGen-Sardana-Catalan-Music", "author": "xaviviro", "sha": "b0819a430ca07eeba94e0fe6b2d7ad3e8eb0324b", "lastModified": "2023-12-08T18:20:02.000Z", "private": false, "disabled": false, "gated": false, "tags": ["license:mit", "region:us"], "downloads": 0, "likes": 0, "model-index": null, "cardData": {"license": "mit"}, "siblings": [{"rfilename": ".gitattributes"}, {"rfilename": "README.md"}, {"rfilename": "checkpoint.th"}], "spaces": [], "createdAt": "2023-12-08T17:35:21.000Z", "inferenceStatus": "not-loaded"}