{"_id": "648db9e36d4a743c54ccc784", "id": "xavierbarbier/nutriscore", "modelId": "xavierbarbier/nutriscore", "author": "xavierbarbier", "sha": "4980f202bb851dd023349b2b8afe8d706577e4e4", "lastModified": "2023-06-17T13:52:23.000Z", "private": false, "disabled": false, "gated": false, "tags": ["license:unknown", "region:us"], "downloads": 0, "likes": 0, "model-index": null, "cardData": {"license": "unknown"}, "siblings": [{"rfilename": ".gitattributes"}, {"rfilename": "README.md"}, {"rfilename": "labelencoder.pkl"}, {"rfilename": "nutriscore_knn_model.pkl"}, {"rfilename": "std_scale.pkl"}], "spaces": [], "createdAt": "2023-06-17T13:49:23.000Z", "inferenceStatus": "not-loaded"}