{"_id": "658bd12ed5e9e3819e1b6747", "id": "xaviviro/FLAMA-0.1-3B", "modelId": "xaviviro/FLAMA-0.1-3B", "author": "xaviviro", "sha": "4165bc1eae36873841b49f0c0aedb7fe370f42be", "lastModified": "2024-01-16T13:07:49.000Z", "private": false, "disabled": false, "gated": false, "pipeline_tag": "text-generation", "tags": ["transformers", "pytorch", "llama", "text-generation", "finetune", "chatml", "gpt4", "catalan", "catala", "ca", "en", "dataset:xaviviro/oasst1_ca_chatml", "base_model:openlm-research/open_llama_3b_v2", "license:apache-2.0", "autotrain_compatible", "text-generation-inference", "endpoints_compatible", "region:us"], "downloads": 8, "library_name": "transformers", "widgetData": [{"text": "<|im_start|>user\n Qui va ser Isaac Newton?<|im_end|>\n<|im_start|>assistant\n"}], "likes": 0, "model-index": [{"name": "FLAMA-0.1-3B", "results": []}], "config": {"architectures": ["LlamaForCausalLM"], "model_type": "llama", "tokenizer_config": {"bos_token": "<s>", "eos_token": "</s>", "pad_token": "</s>", "unk_token": "<unk>", "use_default_system_prompt": false}}, "cardData": {"license": "apache-2.0", "base_model": "openlm-research/open_llama_3b_v2", "datasets": ["xaviviro/oasst1_ca_chatml"], "tags": ["finetune", "chatml", "gpt4", "catalan", "catala"], "model-index": [{"name": "FLAMA-0.1-3B", "results": []}], "library_name": "transformers", "widget": [{"text": "<|im_start|>user\n Qui va ser Isaac Newton?<|im_end|>\n<|im_start|>assistant\n"}], "language": ["ca", "en"]}, "transformersInfo": {"auto_model": "AutoModelForCausalLM", "pipeline_tag": "text-generation", "processor": "AutoTokenizer"}, "siblings": [{"rfilename": ".gitattributes"}, {"rfilename": "README.md"}, {"rfilename": "config.json"}, {"rfilename": "flama.png"}, {"rfilename": "generation_config.json"}, {"rfilename": "pytorch_model-00001-of-00002.bin"}, {"rfilename": "pytorch_model-00002-of-00002.bin"}, {"rfilename": "pytorch_model.bin.index.json"}, {"rfilename": "special_tokens_map.json"}, {"rfilename": "tokenizer.model"}, {"rfilename": "tokenizer_config.json"}], "spaces": [], "createdAt": "2023-12-27T07:24:30.000Z", "inferenceStatus": "not-loaded"}