{"_id": "6512f448332b85e7cf8e1cc6", "id": "xavierbarbier/lora-flan-t5-small-ameli_qa_1k", "modelId": "xavierbarbier/lora-flan-t5-small-ameli_qa_1k", "author": "xavierbarbier", "sha": "a217c212d3b593d313d1e1d7faa6f74636094be7", "lastModified": "2023-09-26T15:10:07.000Z", "private": false, "disabled": false, "gated": false, "tags": ["region:us"], "downloads": 0, "likes": 0, "config": {"tokenizer_config": {"eos_token": "</s>", "pad_token": "<pad>", "unk_token": "<unk>"}}, "siblings": [{"rfilename": ".gitattributes"}, {"rfilename": "adapter_config.json"}, {"rfilename": "adapter_model.bin"}, {"rfilename": "special_tokens_map.json"}, {"rfilename": "spiece.model"}, {"rfilename": "tokenizer.json"}, {"rfilename": "tokenizer_config.json"}], "spaces": [], "createdAt": "2023-09-26T15:10:00.000Z", "inferenceStatus": "not-loaded"}