{"_id": "65ac118430225893719cbad4", "id": "xaviviro/mms-tts-spa-train", "modelId": "xaviviro/mms-tts-spa-train", "author": "xaviviro", "sha": "032910184b560f07e643e06e214957eddb09b850", "lastModified": "2024-01-29T01:24:39.000Z", "private": false, "disabled": false, "gated": false, "tags": ["transformers", "safetensors", "vits", "endpoints_compatible", "region:us"], "downloads": 0, "library_name": "transformers", "likes": 0, "config": {"architectures": ["VitsModelForPreTraining"], "model_type": "vits", "tokenizer_config": {"pad_token": "7", "unk_token": "<unk>"}}, "transformersInfo": {"auto_model": "AutoModelForPreTraining", "processor": "AutoTokenizer"}, "siblings": [{"rfilename": ".gitattributes"}, {"rfilename": "added_tokens.json"}, {"rfilename": "config.json"}, {"rfilename": "model.safetensors"}, {"rfilename": "preprocessor_config.json"}, {"rfilename": "special_tokens_map.json"}, {"rfilename": "tokenizer_config.json"}, {"rfilename": "vocab.json"}], "spaces": [], "createdAt": "2024-01-20T18:31:32.000Z", "safetensors": {"parameters": {"F32": 83016054}, "total": 83016054}, "inferenceStatus": "not-loaded"}