{"_id": "6571ff25f7292d498cd80798", "id": "xaviviro/openHermes_mistral_eugenio_7b-quantized-gguf", "modelId": "xaviviro/openHermes_mistral_eugenio_7b-quantized-gguf", "author": "xaviviro", "sha": "f781d90bee760c42208c79059d03ffb053103199", "lastModified": "2023-12-07T17:39:36.000Z", "private": false, "disabled": false, "gated": false, "tags": ["gguf", "es", "dataset:xaviviro/chistes_eugenio", "license:mit", "region:us"], "downloads": 52, "likes": 2, "model-index": null, "cardData": {"license": "mit", "datasets": ["xaviviro/chistes_eugenio"], "language": ["es"]}, "siblings": [{"rfilename": ".gitattributes"}, {"rfilename": "README.md"}, {"rfilename": "openHermes_mistral_eugenio_7b-fp16.gguf"}, {"rfilename": "openHermes_mistral_eugenio_7b-q4_k_s.gguf"}, {"rfilename": "openHermes_mistral_eugenio_7b-q8_0.gguf"}], "spaces": [], "createdAt": "2023-12-07T17:21:41.000Z", "inferenceStatus": "not-loaded"}