{"_id": "64cccf35e60d2cddfae4f419", "id": "xavierp/Contrails1", "modelId": "xavierp/Contrails1", "author": "xavierp", "sha": "6b0f99d447b7590ad8237d695600b6f89960c625", "lastModified": "2023-08-08T02:22:43.000Z", "private": false, "disabled": false, "gated": false, "tags": ["region:us"], "downloads": 0, "likes": 0, "siblings": [{"rfilename": ".gitattributes"}, {"rfilename": "Unet++_timm-resnest269e_512_dice665.ckpt"}, {"rfilename": "Unet++_tu-tf_efficientnetv2_xl_768_dice671.ckpt"}, {"rfilename": "Unet_timm-resnest269e_768_dice669.ckpt"}, {"rfilename": "Unet_tu-tf_efficientnetv2_xl_768_dice671.ckpt"}, {"rfilename": "Unet_tu-tf_efficientnetv2_xl_864_dice672.ckpt"}], "spaces": [], "createdAt": "2023-08-04T10:13:09.000Z", "inferenceStatus": "not-loaded"}