{"_id": "621ffdc136468d709f181945", "id": "xavierbarbier/camembert-flue", "modelId": "xavierbarbier/camembert-flue", "author": "xavierbarbier", "sha": "b793593948615601c7b181c68f7192863cebfaae", "lastModified": "2022-02-17T16:45:56.000Z", "private": false, "disabled": false, "gated": false, "pipeline_tag": "text-classification", "tags": ["transformers", "tf", "camembert", "text-classification", "autotrain_compatible", "endpoints_compatible", "region:us"], "downloads": 4, "library_name": "transformers", "mask_token": "<mask>", "widgetData": [{"text": "I like you. I love you"}], "likes": 0, "config": {"architectures": ["CamembertForSequenceClassification"], "model_type": "camembert"}, "transformersInfo": {"auto_model": "AutoModelForSequenceClassification", "pipeline_tag": "text-classification", "processor": "AutoTokenizer"}, "siblings": [{"rfilename": ".gitattributes"}, {"rfilename": "config.json"}, {"rfilename": "tf_model.h5"}, {"rfilename": "tokenizer.json"}], "spaces": [], "createdAt": "2022-03-02T23:29:05.000Z", "inferenceStatus": "not-loaded"}