{"_id": "657449a230b7331979248c18", "id": "xaviviro/minichat-1.5-3B-eugenio-gguf", "modelId": "xaviviro/minichat-1.5-3B-eugenio-gguf", "author": "xaviviro", "sha": "e2bd6dcf3f627d6261434eb8131a440e9f5e5fb8", "lastModified": "2023-12-09T11:10:20.000Z", "private": false, "disabled": false, "gated": false, "tags": ["gguf", "en", "es", "dataset:xaviviro/chistes_eugenio", "license:mit", "region:us"], "downloads": 19, "likes": 1, "model-index": null, "cardData": {"license": "mit", "datasets": ["xaviviro/chistes_eugenio"], "language": ["en", "es"]}, "siblings": [{"rfilename": ".gitattributes"}, {"rfilename": "README.md"}, {"rfilename": "minichat-1.5-3B-eugenio-q8_0.gguf"}], "spaces": [], "createdAt": "2023-12-09T11:04:02.000Z", "inferenceStatus": "not-loaded"}