{"_id": "659a052b2f42fd55b9c01d0a", "id": "xaviviro/FLOR-1.3B-xat", "modelId": "xaviviro/FLOR-1.3B-xat", "author": "xaviviro", "sha": "35cdda0d2b7ade43fd39f3fb4ffad25f0c2730ea", "lastModified": "2024-01-07T02:00:52.000Z", "private": false, "disabled": false, "gated": false, "pipeline_tag": "text-generation", "tags": ["transformers", "safetensors", "bloom", "text-generation", "finetune", "chatml", "gpt4", "catalan", "ca", "en", "es", "dataset:xaviviro/oasst2_ca_gpt", "base_model:projecte-aina/FLOR-1.3B", "license:apache-2.0", "autotrain_compatible", "text-generation-inference", "endpoints_compatible", "region:us"], "downloads": 7, "library_name": "transformers", "widgetData": [{"text": "<|im_start|>user\n Qui va ser Isaac Newton?<|im_end|>\n<|im_start|>assistant\n"}], "likes": 0, "model-index": [{"name": "FLOR-1.3B-xat", "results": []}], "config": {"architectures": ["BloomForCausalLM"], "model_type": "bloom", "tokenizer_config": {"bos_token": "<|endoftext|>", "eos_token": "<|endoftext|>", "pad_token": null, "unk_token": "<|endoftext|>"}}, "cardData": {"license": "apache-2.0", "base_model": "projecte-aina/FLOR-1.3B", "datasets": ["xaviviro/oasst2_ca_gpt"], "tags": ["finetune", "chatml", "gpt4", "catalan"], "model-index": [{"name": "FLOR-1.3B-xat", "results": []}], "library_name": "transformers", "widget": [{"text": "<|im_start|>user\n Qui va ser Isaac Newton?<|im_end|>\n<|im_start|>assistant\n"}], "language": ["ca", "en", "es"]}, "transformersInfo": {"auto_model": "AutoModelForCausalLM", "pipeline_tag": "text-generation", "processor": "AutoTokenizer"}, "siblings": [{"rfilename": ".gitattributes"}, {"rfilename": "README.md"}, {"rfilename": "config.json"}, {"rfilename": "generation_config.json"}, {"rfilename": "merges.txt"}, {"rfilename": "model.safetensors"}, {"rfilename": "special_tokens_map.json"}, {"rfilename": "tokenizer.json"}, {"rfilename": "tokenizer_config.json"}, {"rfilename": "vocab.json"}], "spaces": [], "createdAt": "2024-01-07T01:58:03.000Z", "safetensors": {"parameters": {"F16": 1311533056}, "total": 1311533056}, "inferenceStatus": "not-loaded"}