{"_id": "640fd621b63b6f185231c900", "id": "xavierp/LECR_P12", "modelId": "xavierp/LECR_P12", "author": "xavierp", "sha": "3b77bd4c48728203d765fced2b5436864272f6ec", "lastModified": "2023-03-14T07:37:28.000Z", "private": false, "disabled": false, "gated": false, "tags": ["region:us"], "downloads": 0, "likes": 0, "siblings": [{"rfilename": ".gitattributes"}, {"rfilename": "Retriever_large.py"}, {"rfilename": "cls.txt"}, {"rfilename": "cluster.py"}, {"rfilename": "xlm-roberta-large-exp_fold2_epochs20-20230314T012337Z-002.zip"}, {"rfilename": "xlm_large_fold2_42_content_top15.pth"}], "spaces": [], "createdAt": "2023-03-14T02:04:17.000Z", "inferenceStatus": "not-loaded"}