{"_id": "656f7187e542334e13595af4", "id": "xaviviro/aguila-7b-4bit", "modelId": "xaviviro/aguila-7b-4bit", "author": "xaviviro", "sha": "edd8daecdd4ca00bbbef0d26eea188b3ba3a358f", "lastModified": "2023-12-05T19:15:44.000Z", "private": false, "disabled": false, "gated": false, "pipeline_tag": "text-generation", "tags": ["transformers", "RefinedWebModel", "text-generation", "custom_code", "autotrain_compatible", "text-generation-inference", "endpoints_compatible", "region:us"], "downloads": 2, "library_name": "transformers", "widgetData": [{"text": "My name is Julien and I like to"}, {"text": "My name is Thomas and my main"}, {"text": "My name is Mariama, my favorite"}, {"text": "My name is Clara and I am"}, {"text": "My name is Lewis and I like to"}, {"text": "My name is Merve and my favorite"}, {"text": "My name is Teven and I am"}, {"text": "Once upon a time,"}], "likes": 0, "config": {"architectures": ["RWForCausalLM"], "auto_map": {"AutoConfig": "configuration_RW.RWConfig", "AutoModel": "projecte-aina/aguila-7b--modelling_RW.RWModel", "AutoModelForCausalLM": "projecte-aina/aguila-7b--modelling_RW.RWForCausalLM", "AutoModelForQuestionAnswering": "projecte-aina/aguila-7b--modelling_RW.RWForQuestionAnswering", "AutoModelForSequenceClassification": "projecte-aina/aguila-7b--modelling_RW.RWForSequenceClassification", "AutoModelForTokenClassification": "projecte-aina/aguila-7b--modelling_RW.RWForTokenClassification"}, "model_type": "RefinedWebModel"}, "transformersInfo": {"auto_model": "AutoModelForCausalLM", "custom_class": "projecte-aina/aguila-7b--modelling_RW.RWForCausalLM", "pipeline_tag": "text-generation"}, "siblings": [{"rfilename": ".gitattributes"}, {"rfilename": "config.json"}, {"rfilename": "configuration_RW.py"}, {"rfilename": "gptq_model-4bit-128g.bin"}, {"rfilename": "gptq_model-4bit-128g.safetensors"}, {"rfilename": "quantize_config.json"}], "spaces": [], "createdAt": "2023-12-05T18:52:55.000Z", "inferenceStatus": "not-loaded"}