{"_id": "62a5d567b399d5b63fb71b32", "id": "xavierp/ppp4", "modelId": "xavierp/ppp4", "author": "xavierp", "sha": "fe30419c2fb7dd0ea79d3677a2ff245a5da0e85c", "lastModified": "2022-06-12T16:04:04.000Z", "private": false, "disabled": false, "gated": false, "tags": ["region:us"], "downloads": 0, "likes": 0, "siblings": [{"rfilename": ".gitattributes"}, {"rfilename": "anferico-bert-for-patents-v5_5folds.log"}, {"rfilename": "anferico-bert-for-patents-v5_5folds.py"}, {"rfilename": "anferico-bert-for-patents_fold0_best.pth"}, {"rfilename": "anferico-bert-for-patents_fold1_best.pth"}, {"rfilename": "anferico-bert-for-patents_fold2_best.pth"}, {"rfilename": "anferico-bert-for-patents_fold3_best.pth"}, {"rfilename": "anferico-bert-for-patents_fold4_best.pth"}, {"rfilename": "oof_df_anferico-bert-for-patents-v5_5folds.pkl"}], "spaces": [], "createdAt": "2022-06-12T12:00:39.000Z", "inferenceStatus": "not-loaded"}