{"_id": "63808b441e0bac4f0f5ac68e", "id": "xavierp/lsg_distilroberta_base_4096", "modelId": "xavierp/lsg_distilroberta_base_4096", "author": "xavierp", "sha": "430736c0fa2c91623d877a13aeb1c3a7d6b3016e", "lastModified": "2022-11-25T09:51:13.000Z", "private": false, "disabled": false, "gated": false, "tags": ["region:us"], "downloads": 0, "likes": 0, "siblings": [{"rfilename": ".gitattributes"}, {"rfilename": "lsg_distilroberta_base_4096.zip"}], "spaces": [], "createdAt": "2022-11-25T09:30:44.000Z", "inferenceStatus": "not-loaded"}