{"_id": "65965b4ea0d3edf4be1484e2", "id": "xaviviro/PetitXat-0.1-1.1b-GGUF", "modelId": "xaviviro/PetitXat-0.1-1.1b-GGUF", "author": "xaviviro", "sha": "683e03529363e303d4cd8bfce4843e519bd6d9a8", "lastModified": "2024-01-04T07:55:32.000Z", "private": false, "disabled": false, "gated": false, "tags": ["gguf", "ca", "license:apache-2.0", "region:us"], "downloads": 229, "likes": 0, "model-index": null, "cardData": {"license": "apache-2.0", "language": ["ca"], "model_creator": "xaviviro", "model_name": "PetitXat-0.1-1.1b", "prompt_template": "<|system|>\\n{system}</s>\\n<|user|>{instruction}</s>\\n<|assistant|>\\n"}, "siblings": [{"rfilename": ".gitattributes"}, {"rfilename": "PetitXat-0.1-1.1b_f16.gguf"}, {"rfilename": "PetitXat-0.1-1.1b_q2_k.gguf"}, {"rfilename": "PetitXat-0.1-1.1b_q3_k_l.gguf"}, {"rfilename": "PetitXat-0.1-1.1b_q3_k_m.gguf"}, {"rfilename": "PetitXat-0.1-1.1b_q3_k_s.gguf"}, {"rfilename": "PetitXat-0.1-1.1b_q4_0.gguf"}, {"rfilename": "PetitXat-0.1-1.1b_q4_1.gguf"}, {"rfilename": "PetitXat-0.1-1.1b_q4_k_m.gguf"}, {"rfilename": "PetitXat-0.1-1.1b_q4_k_s.gguf"}, {"rfilename": "PetitXat-0.1-1.1b_q5_0.gguf"}, {"rfilename": "PetitXat-0.1-1.1b_q5_1.gguf"}, {"rfilename": "PetitXat-0.1-1.1b_q5_k_m.gguf"}, {"rfilename": "PetitXat-0.1-1.1b_q5_k_s.gguf"}, {"rfilename": "PetitXat-0.1-1.1b_q6_k.gguf"}, {"rfilename": "PetitXat-0.1-1.1b_q8_0.gguf"}, {"rfilename": "README.md"}, {"rfilename": "petitxat.png"}], "spaces": [], "createdAt": "2024-01-04T07:16:30.000Z", "inferenceStatus": "not-loaded"}