{"_id": "64b4d7b2102ed6e7ae0fb58f", "id": "xavierp/mmdet", "modelId": "xavierp/mmdet", "author": "xavierp", "sha": "3f97d89dd1531e22a394883635e212888c0a0af0", "lastModified": "2023-07-17T11:29:45.000Z", "private": false, "disabled": false, "gated": false, "tags": ["region:us"], "downloads": 0, "likes": 0, "siblings": [{"rfilename": ".gitattributes"}, {"rfilename": "convext_1.zip"}, {"rfilename": "convext_2.zip"}, {"rfilename": "convext_3.zip"}, {"rfilename": "convext_xl_1.zip"}, {"rfilename": "convextlarge_1.zip"}, {"rfilename": "convextlarge_2.zip"}, {"rfilename": "swin_1.zip"}, {"rfilename": "swin_2.zip"}, {"rfilename": "swin_3.zip"}, {"rfilename": "swin_l_1.zip"}], "spaces": [], "createdAt": "2023-07-17T05:54:58.000Z", "inferenceStatus": "not-loaded"}