{"_id": "65eb346685cb3a3386fe2358", "id": "XavierScor/ppo-Huggy", "modelId": "XavierScor/ppo-Huggy", "author": "XavierScor", "sha": "65b04ef4c623b2f76cde9c0bbb53b0eb43884c07", "lastModified": "2024-03-08T15:55:09.000Z", "private": false, "disabled": false, "gated": false, "pipeline_tag": "reinforcement-learning", "tags": ["ml-agents", "tensorboard", "onnx", "Huggy", "deep-reinforcement-learning", "reinforcement-learning", "ML-Agents-Huggy", "region:us"], "downloads": 42, "library_name": "ml-agents", "likes": 0, "model-index": null, "config": {}, "cardData": {"library_name": "ml-agents", "tags": ["Huggy", "deep-reinforcement-learning", "reinforcement-learning", "ML-Agents-Huggy"]}, "siblings": [{"rfilename": ".gitattributes"}, {"rfilename": "Huggy.onnx"}, {"rfilename": "Huggy/Huggy-1199932.onnx"}, {"rfilename": "Huggy/Huggy-1199932.pt"}, {"rfilename": "Huggy/Huggy-1399570.onnx"}, {"rfilename": "Huggy/Huggy-1399570.pt"}, {"rfilename": "Huggy/Huggy-1599939.onnx"}, {"rfilename": "Huggy/Huggy-1599939.pt"}, {"rfilename": "Huggy/Huggy-1799963.onnx"}, {"rfilename": "Huggy/Huggy-1799963.pt"}, {"rfilename": "Huggy/Huggy-199720.onnx"}, {"rfilename": "Huggy/Huggy-199720.pt"}, {"rfilename": "Huggy/Huggy-1999972.onnx"}, {"rfilename": "Huggy/Huggy-1999972.pt"}, {"rfilename": "Huggy/Huggy-2000014.onnx"}, {"rfilename": "Huggy/Huggy-2000014.pt"}, {"rfilename": "Huggy/Huggy-399822.onnx"}, {"rfilename": "Huggy/Huggy-399822.pt"}, {"rfilename": "Huggy/Huggy-599931.onnx"}, {"rfilename": "Huggy/Huggy-599931.pt"}, {"rfilename": "Huggy/Huggy-799862.onnx"}, {"rfilename": "Huggy/Huggy-799862.pt"}, {"rfilename": "Huggy/Huggy-999766.onnx"}, {"rfilename": "Huggy/Huggy-999766.pt"}, {"rfilename": "Huggy/checkpoint.pt"}, {"rfilename": "Huggy/events.out.tfevents.1709910756.76c0279f1c59.2054.0"}, {"rfilename": "README.md"}, {"rfilename": "config.json"}, {"rfilename": "configuration.yaml"}, {"rfilename": "run_logs/Player-0.log"}, {"rfilename": "run_logs/timers.json"}, {"rfilename": "run_logs/training_status.json"}], "spaces": [], "createdAt": "2024-03-08T15:53:10.000Z", "inferenceStatus": "not-loaded"}