{"_id": "65957262e589f84445dfbfb5", "id": "xaviviro/FLAMA-0.5-3B", "modelId": "xaviviro/FLAMA-0.5-3B", "author": "xaviviro", "sha": "f9a604c24b3d882c862dc0aead739ec8c953bf71", "lastModified": "2024-03-05T04:52:10.000Z", "private": false, "disabled": false, "gated": false, "pipeline_tag": "text-generation", "tags": ["transformers", "pytorch", "llama", "text-generation", "finetune", "chatml", "gpt4", "catalan", "ca", "es", "en", "dataset:xaviviro/oasst2_ca_gpt", "dataset:xaviviro/oasst2_es_gpt", "base_model:openlm-research/open_llama_3b_v2", "license:apache-2.0", "autotrain_compatible", "text-generation-inference", "endpoints_compatible", "region:us"], "downloads": 8, "library_name": "transformers", "widgetData": [{"text": "<|im_start|>user\n Qui va ser Isaac Newton?<|im_end|>\n<|im_start|>assistant\n"}, {"text": "<|im_start|>user\n \u00bfQui\u00e9n fue Isaac Newton?<|im_end|>\n<|im_start|>assistant\n"}], "likes": 2, "model-index": [{"name": "FLAMA-0.5-3B", "results": []}], "config": {"architectures": ["LlamaForCausalLM"], "model_type": "llama", "tokenizer_config": {"bos_token": "<s>", "eos_token": "</s>", "pad_token": "</s>", "unk_token": "<unk>", "use_default_system_prompt": false}}, "cardData": {"language": ["ca", "es", "en"], "license": "apache-2.0", "library_name": "transformers", "tags": ["finetune", "chatml", "gpt4", "catalan"], "datasets": ["xaviviro/oasst2_ca_gpt", "xaviviro/oasst2_es_gpt"], "base_model": "openlm-research/open_llama_3b_v2", "widget": [{"text": "<|im_start|>user\n Qui va ser Isaac Newton?<|im_end|>\n<|im_start|>assistant\n"}, {"text": "<|im_start|>user\n \u00bfQui\u00e9n fue Isaac Newton?<|im_end|>\n<|im_start|>assistant\n"}], "model-index": [{"name": "FLAMA-0.5-3B", "results": []}]}, "transformersInfo": {"auto_model": "AutoModelForCausalLM", "pipeline_tag": "text-generation", "processor": "AutoTokenizer"}, "siblings": [{"rfilename": ".gitattributes"}, {"rfilename": "README.md"}, {"rfilename": "config.json"}, {"rfilename": "flama05.png"}, {"rfilename": "generation_config.json"}, {"rfilename": "pytorch_model-00001-of-00002.bin"}, {"rfilename": "pytorch_model-00002-of-00002.bin"}, {"rfilename": "pytorch_model.bin.index.json"}, {"rfilename": "special_tokens_map.json"}, {"rfilename": "tokenizer.model"}, {"rfilename": "tokenizer_config.json"}], "spaces": [], "createdAt": "2024-01-03T14:42:42.000Z", "inferenceStatus": "not-loaded"}