{"_id": "665b57eb0f35c005de9a7525", "id": "Xavikla/yoz059elx", "modelId": "Xavikla/yoz059elx", "author": "Xavikla", "sha": "794f271c4f1e7c6372ccd01ba52283dc854611f4", "lastModified": "2024-06-01T17:53:30.000Z", "private": false, "disabled": false, "gated": false, "tags": ["region:us"], "downloads": 0, "likes": 0, "siblings": [{"rfilename": ".gitattributes"}, {"rfilename": "DziarmaV2/DziarmaV2.zip"}, {"rfilename": "DziarmaV2/model.rvc"}, {"rfilename": "Que/sda.wav"}], "spaces": [], "createdAt": "2024-06-01T17:18:35.000Z", "inferenceStatus": "not-loaded"}