{"_id": "6599b54b0c972f4c77bf8353", "id": "xaviviro/FLOR-6.3B-xat", "modelId": "xaviviro/FLOR-6.3B-xat", "author": "xaviviro", "sha": "adee1d5edb5a9aa56fc9b89b94cc681d64950049", "lastModified": "2024-03-05T04:51:31.000Z", "private": false, "disabled": false, "gated": false, "pipeline_tag": "text-generation", "tags": ["transformers", "safetensors", "bloom", "text-generation", "finetune", "chatml", "gpt4", "catalan", "ca", "en", "es", "dataset:xaviviro/oasst2_ca_gpt", "base_model:projecte-aina/FLOR-6.3B", "license:apache-2.0", "autotrain_compatible", "text-generation-inference", "endpoints_compatible", "region:us"], "downloads": 8, "library_name": "transformers", "widgetData": [{"text": "<|im_start|>user\n Qui va ser Isaac Newton?<|im_end|>\n<|im_start|>assistant\n"}], "likes": 0, "model-index": [{"name": "FLOR-6.3B-xat", "results": []}], "config": {"architectures": ["BloomForCausalLM"], "model_type": "bloom", "tokenizer_config": {"bos_token": "<|endoftext|>", "eos_token": "<|endoftext|>", "pad_token": "<|endoftext|>", "unk_token": "<|endoftext|>"}}, "cardData": {"language": ["ca", "en", "es"], "license": "apache-2.0", "library_name": "transformers", "tags": ["finetune", "chatml", "gpt4", "catalan"], "datasets": ["xaviviro/oasst2_ca_gpt"], "base_model": "projecte-aina/FLOR-6.3B", "widget": [{"text": "<|im_start|>user\n Qui va ser Isaac Newton?<|im_end|>\n<|im_start|>assistant\n"}], "model-index": [{"name": "FLOR-6.3B-xat", "results": []}]}, "transformersInfo": {"auto_model": "AutoModelForCausalLM", "pipeline_tag": "text-generation", "processor": "AutoTokenizer"}, "siblings": [{"rfilename": ".gitattributes"}, {"rfilename": "README.md"}, {"rfilename": "config.json"}, {"rfilename": "generation_config.json"}, {"rfilename": "merges.txt"}, {"rfilename": "model-00001-of-00003.safetensors"}, {"rfilename": "model-00002-of-00003.safetensors"}, {"rfilename": "model-00003-of-00003.safetensors"}, {"rfilename": "model.safetensors.index.json"}, {"rfilename": "special_tokens_map.json"}, {"rfilename": "tokenizer.json"}, {"rfilename": "tokenizer_config.json"}, {"rfilename": "vocab.json"}], "spaces": [], "createdAt": "2024-01-06T20:17:15.000Z", "safetensors": {"parameters": {"F16": 6247264256}, "total": 6247264256}, "inferenceStatus": "not-loaded"}