{"_id": "6620860a9d720aec346640c6", "id": "xavierp/PII1", "modelId": "xavierp/PII1", "author": "xavierp", "sha": "902eb48c3f56e304f4de3a187b7d35fecd743504", "lastModified": "2024-04-20T07:44:25.000Z", "private": false, "disabled": false, "gated": false, "tags": ["region:us"], "downloads": 0, "likes": 0, "siblings": [{"rfilename": ".gitattributes"}, {"rfilename": "dbtv3-l-lc-962.zip"}, {"rfilename": "mpware-dbtv3.zip"}], "spaces": [], "createdAt": "2024-04-18T02:31:38.000Z", "inferenceStatus": "not-loaded"}