{"_id": "667a144cbee0df974e31fd92", "id": "Xawet/Xiau", "modelId": "Xawet/Xiau", "author": "Xawet", "sha": "634d67cf858b8ede7e2041cac4c3bcd6297d8025", "lastModified": "2024-06-25T01:00:18.000Z", "private": false, "disabled": false, "gated": false, "tags": ["license:unknown", "region:us"], "downloads": 0, "likes": 0, "model-index": null, "cardData": {"license": "unknown"}, "siblings": [{"rfilename": ".gitattributes"}, {"rfilename": "README.md"}, {"rfilename": "Xiau.safetensors"}], "spaces": [], "createdAt": "2024-06-25T00:50:20.000Z", "inferenceStatus": "not-loaded"}