{"_id": "645d99914435a8ae3fcade04", "id": "Xaxalas/1FBM", "modelId": "Xaxalas/1FBM", "author": "Xaxalas", "sha": "4892551c0c8113673bba0260469134477e3e0431", "lastModified": "2023-05-12T03:37:47.000Z", "private": false, "disabled": false, "gated": false, "tags": ["license:openrail", "region:us"], "downloads": 0, "likes": 0, "model-index": null, "cardData": {"license": "openrail"}, "siblings": [{"rfilename": ".gitattributes"}, {"rfilename": "FBM.safetensors"}, {"rfilename": "FBMVAE.ckpt"}, {"rfilename": "README.md"}], "spaces": [], "createdAt": "2023-05-12T01:42:41.000Z", "inferenceStatus": "not-loaded"}