{"_id": "668e9759018e2ade3ca190b5", "id": "XaXaUrtiz/corgy_dog_LoRA", "modelId": "XaXaUrtiz/corgy_dog_LoRA", "author": "XaXaUrtiz", "sha": "da717ac5711217eb2f529a830de862680df6ec48", "lastModified": "2024-07-10T14:17:27.000Z", "private": false, "disabled": false, "gated": false, "pipeline_tag": "text-to-image", "tags": ["diffusers", "tensorboard", "text-to-image", "diffusers-training", "lora", "template:sd-lora", "stable-diffusion-xl", "stable-diffusion-xl-diffusers", "base_model:stabilityai/stable-diffusion-xl-base-1.0", "license:openrail++", "region:us"], "downloads": 19, "library_name": "diffusers", "widgetData": [], "likes": 0, "model-index": null, "cardData": {"base_model": "stabilityai/stable-diffusion-xl-base-1.0", "library_name": "diffusers", "license": "openrail++", "tags": ["text-to-image", "text-to-image", "diffusers-training", "diffusers", "lora", "template:sd-lora", "stable-diffusion-xl", "stable-diffusion-xl-diffusers"], "instance_prompt": "a photo of TOK dog", "widget": []}, "siblings": [{"rfilename": ".gitattributes"}, {"rfilename": "README.md"}, {"rfilename": "logs/dreambooth-lora-sd-xl/1720616642.5861208/events.out.tfevents.1720616642.fc6995ea1a0f.4352.1"}, {"rfilename": "logs/dreambooth-lora-sd-xl/1720616642.5881655/hparams.yml"}, {"rfilename": "logs/dreambooth-lora-sd-xl/events.out.tfevents.1720616642.fc6995ea1a0f.4352.0"}, {"rfilename": "pytorch_lora_weights.safetensors"}], "spaces": [], "createdAt": "2024-07-10T14:14:49.000Z", "inferenceStatus": "not-loaded"}