{"_id": "64cef39c44d373d70616e573", "id": "Xaxalas/Model", "modelId": "Xaxalas/Model", "author": "Xaxalas", "sha": "165f414593ca43b7da5f71c9767caad434bbae92", "lastModified": "2023-09-06T12:10:45.000Z", "private": false, "disabled": false, "gated": false, "tags": ["region:us"], "downloads": 0, "likes": 0, "siblings": [{"rfilename": ".gitattributes"}, {"rfilename": "Nullstyle_v20.safetensors"}, {"rfilename": "a7b3_v10.safetensors"}, {"rfilename": "majicmixRealistic_v6.safetensors"}, {"rfilename": "nightSkyYOZORAStyle_yozoraV1Origin.safetensors"}, {"rfilename": "xxmix9realistic_v40.safetensors"}], "spaces": [], "createdAt": "2023-08-06T01:13:00.000Z", "inferenceStatus": "not-loaded"}