{"_id": "668fc15590a83f3e2587b3ff", "id": "XaXaUrtiz/dukky_LoRaV3", "modelId": "XaXaUrtiz/dukky_LoRaV3", "author": "XaXaUrtiz", "sha": "7cfd7450ffc8b7a5b1355d1c4593051ac18d2d0d", "lastModified": "2024-07-11T11:26:22.000Z", "private": false, "disabled": false, "gated": false, "pipeline_tag": "text-to-image", "tags": ["diffusers", "tensorboard", "text-to-image", "diffusers-training", "lora", "template:sd-lora", "stable-diffusion-xl", "stable-diffusion-xl-diffusers", "base_model:stabilityai/stable-diffusion-xl-base-1.0", "license:openrail++", "region:us"], "downloads": 0, "library_name": "diffusers", "widgetData": [], "likes": 0, "model-index": null, "cardData": {"base_model": "stabilityai/stable-diffusion-xl-base-1.0", "library_name": "diffusers", "license": "openrail++", "tags": ["text-to-image", "text-to-image", "diffusers-training", "diffusers", "lora", "template:sd-lora", "stable-diffusion-xl", "stable-diffusion-xl-diffusers"], "instance_prompt": "a photo of TOK dog", "widget": []}, "siblings": [{"rfilename": ".gitattributes"}, {"rfilename": "README.md"}, {"rfilename": "checkpoint-717/optimizer.bin"}, {"rfilename": "checkpoint-717/pytorch_lora_weights.safetensors"}, {"rfilename": "checkpoint-717/random_states_0.pkl"}, {"rfilename": "checkpoint-717/scaler.pt"}, {"rfilename": "checkpoint-717/scheduler.bin"}, {"rfilename": "logs/dreambooth-lora-sd-xl/1720688184.7681234/events.out.tfevents.1720688184.9f71800454a1.4269.1"}, {"rfilename": "logs/dreambooth-lora-sd-xl/1720688184.7710311/hparams.yml"}, {"rfilename": "logs/dreambooth-lora-sd-xl/events.out.tfevents.1720688184.9f71800454a1.4269.0"}, {"rfilename": "pytorch_lora_weights.safetensors"}], "spaces": [], "createdAt": "2024-07-11T11:26:13.000Z", "inferenceStatus": "not-loaded"}