{"_id": "668f1ad89e13b040eb64f42f", "id": "XaXaUrtiz/dukky_LoRaV2", "modelId": "XaXaUrtiz/dukky_LoRaV2", "author": "XaXaUrtiz", "sha": "113d02664ff156e585ba5c1d4384f9ea7a5240ec", "lastModified": "2024-07-10T23:35:57.000Z", "private": false, "disabled": false, "gated": false, "pipeline_tag": "text-to-image", "tags": ["diffusers", "tensorboard", "text-to-image", "diffusers-training", "lora", "template:sd-lora", "stable-diffusion-xl", "stable-diffusion-xl-diffusers", "base_model:stabilityai/stable-diffusion-xl-base-1.0", "license:openrail++", "region:us"], "downloads": 4, "library_name": "diffusers", "widgetData": [], "likes": 0, "model-index": null, "cardData": {"base_model": "stabilityai/stable-diffusion-xl-base-1.0", "library_name": "diffusers", "license": "openrail++", "tags": ["text-to-image", "text-to-image", "diffusers-training", "diffusers", "lora", "template:sd-lora", "stable-diffusion-xl", "stable-diffusion-xl-diffusers"], "instance_prompt": "a photo of TOK dog", "widget": []}, "siblings": [{"rfilename": ".gitattributes"}, {"rfilename": "README.md"}, {"rfilename": "checkpoint-717/optimizer.bin"}, {"rfilename": "checkpoint-717/pytorch_lora_weights.safetensors"}, {"rfilename": "checkpoint-717/random_states_0.pkl"}, {"rfilename": "checkpoint-717/scaler.pt"}, {"rfilename": "checkpoint-717/scheduler.bin"}, {"rfilename": "logs/dreambooth-lora-sd-xl/1720645958.815443/events.out.tfevents.1720645958.842f802036b4.5131.1"}, {"rfilename": "logs/dreambooth-lora-sd-xl/1720645958.818614/hparams.yml"}, {"rfilename": "logs/dreambooth-lora-sd-xl/events.out.tfevents.1720645958.842f802036b4.5131.0"}, {"rfilename": "pytorch_lora_weights.safetensors"}], "spaces": [], "createdAt": "2024-07-10T23:35:52.000Z", "inferenceStatus": "not-loaded"}