{"_id": "645d9c874438da4fcc22aa23", "id": "Xaxalas/2Alstro25D", "modelId": "Xaxalas/2Alstro25D", "author": "Xaxalas", "sha": "9820b773b0d109d6d588a3d8716b561f7b8aa14e", "lastModified": "2023-05-12T03:52:36.000Z", "private": false, "disabled": false, "gated": false, "tags": ["license:openrail", "region:us"], "downloads": 0, "likes": 0, "model-index": null, "cardData": {"license": "openrail"}, "siblings": [{"rfilename": ".gitattributes"}, {"rfilename": "Alstro22D.safetensors"}, {"rfilename": "Alstro25D.safetensors"}, {"rfilename": "Alstro2D.safetensors"}, {"rfilename": "README.md"}], "spaces": [], "createdAt": "2023-05-12T01:55:19.000Z", "inferenceStatus": "not-loaded"}