{"_id": "6462d8d7d290a75bd9914281", "id": "Xaxalas/Real4Rev3Abyss3", "modelId": "Xaxalas/Real4Rev3Abyss3", "author": "Xaxalas", "sha": "5352071e7e417a1d6c428bf6fd1e5d29e351645d", "lastModified": "2023-05-16T05:13:39.000Z", "private": false, "disabled": false, "gated": false, "tags": ["license:openrail", "region:us"], "downloads": 0, "likes": 0, "model-index": null, "cardData": {"license": "openrail"}, "siblings": [{"rfilename": ".gitattributes"}, {"rfilename": "README.md"}, {"rfilename": "Real4.ckpt"}, {"rfilename": "Real4Rev3.ckpt"}, {"rfilename": "Real4Rev3Abyss3.ckpt"}], "spaces": [], "createdAt": "2023-05-16T01:13:59.000Z", "inferenceStatus": "not-loaded"}