{"_id": "6463696fab15db2fa567854e", "id": "Xaxalas/meinaunreal_v3", "modelId": "Xaxalas/meinaunreal_v3", "author": "Xaxalas", "sha": "edf87b2c869c8c232f2d4d0c04a550e6a6830f24", "lastModified": "2023-05-16T12:33:05.000Z", "private": false, "disabled": false, "gated": false, "tags": ["region:us"], "downloads": 0, "likes": 1, "siblings": [{"rfilename": ".gitattributes"}, {"rfilename": "meinaunreal_v3.safetensors"}], "spaces": [], "createdAt": "2023-05-16T11:30:55.000Z", "inferenceStatus": "not-loaded"}