{"_id": "624061e9ed76d6eadde6a031", "id": "T-202/code-search-net-tokenizer", "modelId": "T-202/code-search-net-tokenizer", "author": "T-202", "sha": "ab665b4e384176d212ff972a72d30d0d39c717a1", "lastModified": "2022-03-27T13:09:04.000Z", "private": false, "disabled": false, "gated": false, "tags": ["region:us"], "downloads": 0, "likes": 0, "config": {"tokenizer_config": {"unk_token": "<|endoftext|>", "bos_token": "<|endoftext|>", "eos_token": "<|endoftext|>"}}, "siblings": [{"rfilename": ".gitattributes"}, {"rfilename": "merges.txt"}, {"rfilename": "special_tokens_map.json"}, {"rfilename": "tokenizer.json"}, {"rfilename": "tokenizer_config.json"}, {"rfilename": "vocab.json"}], "spaces": [], "createdAt": "2022-03-27T13:08:57.000Z", "inferenceStatus": "not-loaded"}