{"_id": "6295eb59b5ff03c830161c14", "id": "t-bank-ai/response-quality-classifier-large", "modelId": "t-bank-ai/response-quality-classifier-large", "author": "t-bank-ai", "sha": "e64393251b97d9e1dec23e2e9e8b6eb29b3625eb", "lastModified": "2022-06-01T06:34:44.000Z", "private": false, "disabled": false, "gated": false, "pipeline_tag": "text-classification", "tags": ["transformers", "pytorch", "roberta", "text-classification", "conversational", "ru", "license:mit", "autotrain_compatible", "endpoints_compatible", "region:us"], "downloads": 98, "library_name": "transformers", "mask_token": "<mask>", "widgetData": [{"text": "[CLS]\u043f\u0440\u0438\u0432\u0435\u0442[SEP]\u043f\u0440\u0438\u0432\u0435\u0442![SEP]\u043a\u0430\u043a \u0434\u0435\u043b\u0430?[RESPONSE_TOKEN]\u0441\u0443\u043f\u0435\u0440, \u0432\u043e\u0442 \u0442\u043e\u043b\u044c\u043a\u043e \u043f\u0440\u043e\u0441\u043d\u0443\u043b\u0441\u044f, \u0443 \u0442\u0435\u0431\u044f \u043a\u0430\u043a?", "example_title": "Dialog example 1"}, {"text": "[CLS]\u043f\u0440\u0438\u0432\u0435\u0442[SEP]\u043f\u0440\u0438\u0432\u0435\u0442![SEP]\u043a\u0430\u043a \u0434\u0435\u043b\u0430?[RESPONSE_TOKEN]\u043d\u043e\u0440\u043c", "example_title": "Dialog example 2"}, {"text": "[CLS]\u043f\u0440\u0438\u0432\u0435\u0442[SEP]\u043f\u0440\u0438\u0432\u0435\u0442![SEP]\u043a\u0430\u043a \u0434\u0435\u043b\u0430?[RESPONSE_TOKEN]\u043d\u043e\u0440\u043c, \u0443 \u0442\u044f \u043a\u0430\u043a?", "example_title": "Dialog example 3"}], "likes": 8, "model-index": null, "config": {"architectures": ["RobertaForSequenceClassification"], "model_type": "roberta", "tokenizer_config": {"unk_token": {"content": "<unk>", "single_word": false, "lstrip": false, "rstrip": false, "normalized": true, "__type": "AddedToken"}, "bos_token": {"content": "<s>", "single_word": false, "lstrip": false, "rstrip": false, "normalized": true, "__type": "AddedToken"}, "eos_token": {"content": "</s>", "single_word": false, "lstrip": false, "rstrip": false, "normalized": true, "__type": "AddedToken"}, "sep_token": {"content": "</s>", "single_word": false, "lstrip": false, "rstrip": false, "normalized": true, "__type": "AddedToken"}, "cls_token": {"content": "<s>", "single_word": false, "lstrip": false, "rstrip": false, "normalized": true, "__type": "AddedToken"}, "pad_token": {"content": "<pad>", "single_word": false, "lstrip": false, "rstrip": false, "normalized": true, "__type": "AddedToken"}, "mask_token": {"content": "<mask>", "single_word": false, "lstrip": true, "rstrip": false, "normalized": true, "__type": "AddedToken"}}}, "cardData": {"license": "mit", "widget": [{"text": "[CLS]\u043f\u0440\u0438\u0432\u0435\u0442[SEP]\u043f\u0440\u0438\u0432\u0435\u0442![SEP]\u043a\u0430\u043a \u0434\u0435\u043b\u0430?[RESPONSE_TOKEN]\u0441\u0443\u043f\u0435\u0440, \u0432\u043e\u0442 \u0442\u043e\u043b\u044c\u043a\u043e \u043f\u0440\u043e\u0441\u043d\u0443\u043b\u0441\u044f, \u0443 \u0442\u0435\u0431\u044f \u043a\u0430\u043a?", "example_title": "Dialog example 1"}, {"text": "[CLS]\u043f\u0440\u0438\u0432\u0435\u0442[SEP]\u043f\u0440\u0438\u0432\u0435\u0442![SEP]\u043a\u0430\u043a \u0434\u0435\u043b\u0430?[RESPONSE_TOKEN]\u043d\u043e\u0440\u043c", "example_title": "Dialog example 2"}, {"text": "[CLS]\u043f\u0440\u0438\u0432\u0435\u0442[SEP]\u043f\u0440\u0438\u0432\u0435\u0442![SEP]\u043a\u0430\u043a \u0434\u0435\u043b\u0430?[RESPONSE_TOKEN]\u043d\u043e\u0440\u043c, \u0443 \u0442\u044f \u043a\u0430\u043a?", "example_title": "Dialog example 3"}], "language": ["ru"], "tags": ["conversational"]}, "transformersInfo": {"auto_model": "AutoModelForSequenceClassification", "pipeline_tag": "text-classification", "processor": "AutoTokenizer"}, "siblings": [{"rfilename": ".gitattributes"}, {"rfilename": "README.md"}, {"rfilename": "added_tokens.json"}, {"rfilename": "config.json"}, {"rfilename": "pytorch_model.bin"}, {"rfilename": "special_tokens_map.json"}, {"rfilename": "tokenizer.json"}, {"rfilename": "tokenizer_config.json"}], "spaces": ["t-bank-ai/response-quality-classifiers"], "createdAt": "2022-05-31T10:18:01.000Z", "inferenceStatus": "not-loaded"}