{"_id": "6295d288b5ff03c830158b2b", "id": "t-bank-ai/response-quality-classifier-tiny", "modelId": "t-bank-ai/response-quality-classifier-tiny", "author": "t-bank-ai", "sha": "deb23997f1c61ec9aa292847d226557b979e6f3e", "lastModified": "2022-06-01T06:34:56.000Z", "private": false, "disabled": false, "gated": false, "pipeline_tag": "text-classification", "tags": ["transformers", "pytorch", "bert", "text-classification", "conversational", "ru", "license:mit", "autotrain_compatible", "endpoints_compatible", "region:us"], "downloads": 151, "library_name": "transformers", "mask_token": "[MASK]", "widgetData": [{"text": "[CLS]\u043f\u0440\u0438\u0432\u0435\u0442[SEP]\u043f\u0440\u0438\u0432\u0435\u0442![SEP]\u043a\u0430\u043a \u0434\u0435\u043b\u0430?[RESPONSE_TOKEN]\u0441\u0443\u043f\u0435\u0440, \u0432\u043e\u0442 \u0442\u043e\u043b\u044c\u043a\u043e \u043f\u0440\u043e\u0441\u043d\u0443\u043b\u0441\u044f, \u0443 \u0442\u0435\u0431\u044f \u043a\u0430\u043a?", "example_title": "Dialog example 1"}, {"text": "[CLS]\u043f\u0440\u0438\u0432\u0435\u0442[SEP]\u043f\u0440\u0438\u0432\u0435\u0442![SEP]\u043a\u0430\u043a \u0434\u0435\u043b\u0430?[RESPONSE_TOKEN]\u043d\u043e\u0440\u043c", "example_title": "Dialog example 2"}, {"text": "[CLS]\u043f\u0440\u0438\u0432\u0435\u0442[SEP]\u043f\u0440\u0438\u0432\u0435\u0442![SEP]\u043a\u0430\u043a \u0434\u0435\u043b\u0430?[RESPONSE_TOKEN]\u043d\u043e\u0440\u043c, \u0443 \u0442\u044f \u043a\u0430\u043a?", "example_title": "Dialog example 3"}], "likes": 3, "model-index": null, "config": {"architectures": ["BertForSequenceClassification"], "model_type": "bert", "tokenizer_config": {"unk_token": "[UNK]", "sep_token": "[SEP]", "pad_token": "[PAD]", "cls_token": "[CLS]", "mask_token": "[MASK]"}}, "cardData": {"license": "mit", "widget": [{"text": "[CLS]\u043f\u0440\u0438\u0432\u0435\u0442[SEP]\u043f\u0440\u0438\u0432\u0435\u0442![SEP]\u043a\u0430\u043a \u0434\u0435\u043b\u0430?[RESPONSE_TOKEN]\u0441\u0443\u043f\u0435\u0440, \u0432\u043e\u0442 \u0442\u043e\u043b\u044c\u043a\u043e \u043f\u0440\u043e\u0441\u043d\u0443\u043b\u0441\u044f, \u0443 \u0442\u0435\u0431\u044f \u043a\u0430\u043a?", "example_title": "Dialog example 1"}, {"text": "[CLS]\u043f\u0440\u0438\u0432\u0435\u0442[SEP]\u043f\u0440\u0438\u0432\u0435\u0442![SEP]\u043a\u0430\u043a \u0434\u0435\u043b\u0430?[RESPONSE_TOKEN]\u043d\u043e\u0440\u043c", "example_title": "Dialog example 2"}, {"text": "[CLS]\u043f\u0440\u0438\u0432\u0435\u0442[SEP]\u043f\u0440\u0438\u0432\u0435\u0442![SEP]\u043a\u0430\u043a \u0434\u0435\u043b\u0430?[RESPONSE_TOKEN]\u043d\u043e\u0440\u043c, \u0443 \u0442\u044f \u043a\u0430\u043a?", "example_title": "Dialog example 3"}], "language": ["ru"], "tags": ["conversational"]}, "transformersInfo": {"auto_model": "AutoModelForSequenceClassification", "pipeline_tag": "text-classification", "processor": "AutoTokenizer"}, "siblings": [{"rfilename": ".gitattributes"}, {"rfilename": "README.md"}, {"rfilename": "added_tokens.json"}, {"rfilename": "config.json"}, {"rfilename": "pytorch_model.bin"}, {"rfilename": "special_tokens_map.json"}, {"rfilename": "tokenizer.json"}, {"rfilename": "tokenizer_config.json"}, {"rfilename": "vocab.txt"}], "spaces": ["t-bank-ai/response-quality-classifiers"], "createdAt": "2022-05-31T08:32:08.000Z", "inferenceStatus": "not-loaded"}