{"_id": "653274b3dc1c6f1ed7b86fe0", "id": "T-Brockhouse/lilt-en-funsd", "modelId": "T-Brockhouse/lilt-en-funsd", "author": "T-Brockhouse", "sha": "6f541cbb9706658f99ec29f0b5f05f6cda8dd1f4", "lastModified": "2023-11-06T12:56:38.000Z", "private": false, "disabled": false, "gated": false, "pipeline_tag": "token-classification", "tags": ["transformers", "pytorch", "tensorboard", "safetensors", "lilt", "token-classification", "generated_from_trainer", "dataset:funsd-layoutlmv3", "base_model:SCUT-DLVCLab/lilt-roberta-en-base", "license:mit", "autotrain_compatible", "endpoints_compatible", "region:us"], "downloads": 2, "library_name": "transformers", "widgetData": [{"text": "My name is Wolfgang and I live in Berlin"}, {"text": "My name is Sarah and I live in London"}, {"text": "My name is Clara and I live in Berkeley, California."}], "likes": 0, "model-index": [{"name": "lilt-en-funsd", "results": []}], "config": {"architectures": ["LiltForTokenClassification"], "model_type": "lilt", "tokenizer_config": {"bos_token": "<s>", "cls_token": "<s>", "eos_token": "</s>", "mask_token": "<mask>", "pad_token": "<pad>", "sep_token": "</s>", "unk_token": "<unk>"}}, "cardData": {"license": "mit", "base_model": "SCUT-DLVCLab/lilt-roberta-en-base", "tags": ["generated_from_trainer"], "datasets": ["funsd-layoutlmv3"], "model-index": [{"name": "lilt-en-funsd", "results": []}]}, "transformersInfo": {"auto_model": "AutoModelForTokenClassification", "pipeline_tag": "token-classification", "processor": "AutoTokenizer"}, "siblings": [{"rfilename": ".gitattributes"}, {"rfilename": "README.md"}, {"rfilename": "config.json"}, {"rfilename": "logs/events.out.tfevents.1699273959.6e757f4abd68.3488.0"}, {"rfilename": "logs/events.out.tfevents.1699275390.6e757f4abd68.3488.1"}, {"rfilename": "merges.txt"}, {"rfilename": "model.safetensors"}, {"rfilename": "preprocessor_config.json"}, {"rfilename": "pytorch_model.bin"}, {"rfilename": "special_tokens_map.json"}, {"rfilename": "tokenizer.json"}, {"rfilename": "tokenizer_config.json"}, {"rfilename": "training_args.bin"}, {"rfilename": "vocab.json"}], "spaces": [], "createdAt": "2023-10-20T12:38:11.000Z", "safetensors": {"parameters": {"F32": 130169799}, "total": 130169799}, "inferenceStatus": "not-loaded"}