{"_id": "6613c888f96823866261597c", "id": "T-GEN/vvv-TajMahal", "modelId": "T-GEN/vvv-TajMahal", "author": "T-GEN", "sha": "37e3c81988c24b74a44cf62ff05a1e35b146a235", "lastModified": "2024-04-08T10:38:16.000Z", "private": false, "disabled": false, "gated": false, "pipeline_tag": "text-to-image", "tags": ["diffusers", "safetensors", "pytorch", "stable-diffusion", "text-to-image", "diffusion-models-class", "dreambooth-hackathon", "wildcard", "license:creativeml-openrail-m", "autotrain_compatible", "endpoints_compatible", "diffusers:StableDiffusionPipeline", "region:us"], "downloads": 0, "library_name": "diffusers", "widgetData": [{"text": "a pop art of vvv Taj Mahal ,illuminated by a full moon and twinkling stars,hd,vivid,"}], "likes": 3, "model-index": null, "config": {"diffusers": {"_class_name": "StableDiffusionPipeline"}}, "cardData": {"license": "creativeml-openrail-m", "tags": ["pytorch", "diffusers", "stable-diffusion", "text-to-image", "diffusion-models-class", "dreambooth-hackathon", "wildcard"], "widget": [{"text": "a pop art of vvv Taj Mahal ,illuminated by a full moon and twinkling stars,hd,vivid,"}]}, "siblings": [{"rfilename": ".gitattributes"}, {"rfilename": "README.md"}, {"rfilename": "feature_extractor/preprocessor_config.json"}, {"rfilename": "model_index.json"}, {"rfilename": "safety_checker/config.json"}, {"rfilename": "safety_checker/model.safetensors"}, {"rfilename": "scheduler/scheduler_config.json"}, {"rfilename": "text_encoder/config.json"}, {"rfilename": "text_encoder/model.safetensors"}, {"rfilename": "tokenizer/merges.txt"}, {"rfilename": "tokenizer/special_tokens_map.json"}, {"rfilename": "tokenizer/tokenizer_config.json"}, {"rfilename": "tokenizer/vocab.json"}, {"rfilename": "unet/config.json"}, {"rfilename": "unet/diffusion_pytorch_model.safetensors"}, {"rfilename": "vae/config.json"}, {"rfilename": "vae/diffusion_pytorch_model.safetensors"}], "spaces": [], "createdAt": "2024-04-08T10:35:52.000Z", "inferenceStatus": "not-loaded"}