{"_id": "664709bdf29f724e5625ff0f", "id": "T-GEN/MughalMarvel-TajMahal", "modelId": "T-GEN/MughalMarvel-TajMahal", "author": "T-GEN", "sha": "0b81546702b79bd7a4ee3cc62a450e8acaafd568", "lastModified": "2024-05-17T07:41:46.000Z", "private": false, "disabled": false, "gated": false, "pipeline_tag": "text-to-image", "tags": ["diffusers", "safetensors", "pytorch", "stable-diffusion", "text-to-image", "diffusion-models-class", "dreambooth-hackathon", "landscape", "license:creativeml-openrail-m", "autotrain_compatible", "endpoints_compatible", "diffusers:StableDiffusionPipeline", "region:us"], "downloads": 0, "library_name": "diffusers", "widgetData": [{"text": "The MughalMarvel Taj Mahal hidden in a mystical forest, with ancient trees covered in moss, glowing fireflies illuminating the pathways, and a soft moonlight casting ethereal shadows on the monument."}], "likes": 0, "model-index": null, "config": {"diffusers": {"_class_name": "StableDiffusionPipeline"}}, "cardData": {"license": "creativeml-openrail-m", "tags": ["pytorch", "diffusers", "stable-diffusion", "text-to-image", "diffusion-models-class", "dreambooth-hackathon", "landscape"], "widget": [{"text": "The MughalMarvel Taj Mahal hidden in a mystical forest, with ancient trees covered in moss, glowing fireflies illuminating the pathways, and a soft moonlight casting ethereal shadows on the monument."}]}, "siblings": [{"rfilename": ".gitattributes"}, {"rfilename": "README.md"}, {"rfilename": "feature_extractor/preprocessor_config.json"}, {"rfilename": "model_index.json"}, {"rfilename": "safety_checker/config.json"}, {"rfilename": "safety_checker/model.safetensors"}, {"rfilename": "scheduler/scheduler_config.json"}, {"rfilename": "text_encoder/config.json"}, {"rfilename": "text_encoder/model.safetensors"}, {"rfilename": "tokenizer/merges.txt"}, {"rfilename": "tokenizer/special_tokens_map.json"}, {"rfilename": "tokenizer/tokenizer_config.json"}, {"rfilename": "tokenizer/vocab.json"}, {"rfilename": "unet/config.json"}, {"rfilename": "unet/diffusion_pytorch_model.safetensors"}, {"rfilename": "vae/config.json"}, {"rfilename": "vae/diffusion_pytorch_model.safetensors"}], "spaces": [], "createdAt": "2024-05-17T07:39:41.000Z", "inferenceStatus": "not-loaded"}