{"_id": "649308881d369c5629ffb1f2", "id": "T-Nishida/distilbert-base-uncased-finetuned-emotion", "modelId": "T-Nishida/distilbert-base-uncased-finetuned-emotion", "author": "T-Nishida", "sha": "5eff15e008fd37a31a7456f8462ec9085cd3b10b", "lastModified": "2023-12-31T08:31:30.000Z", "private": false, "disabled": false, "gated": false, "pipeline_tag": "text-classification", "tags": ["transformers", "pytorch", "tensorboard", "distilbert", "text-classification", "generated_from_trainer", "dataset:emotion", "license:apache-2.0", "model-index", "autotrain_compatible", "endpoints_compatible", "region:us"], "downloads": 3, "library_name": "transformers", "mask_token": "[MASK]", "widgetData": [{"text": "I like you. I love you"}], "likes": 0, "model-index": [{"name": "distilbert-base-uncased-finetuned-emotion", "results": [{"task": {"name": "Text Classification", "type": "text-classification"}, "dataset": {"name": "emotion", "type": "emotion", "args": "split"}, "metrics": [{"name": "Accuracy", "type": "accuracy", "value": 0.927, "verified": false}, {"name": "F1", "type": "f1", "value": 0.9270602530979738, "verified": false}]}]}], "config": {"architectures": ["DistilBertForSequenceClassification"], "model_type": "distilbert", "tokenizer_config": {"unk_token": "[UNK]", "sep_token": "[SEP]", "pad_token": "[PAD]", "cls_token": "[CLS]", "mask_token": "[MASK]"}}, "cardData": {"license": "apache-2.0", "tags": ["generated_from_trainer"], "datasets": ["emotion"], "metrics": ["accuracy", "f1"], "model-index": [{"name": "distilbert-base-uncased-finetuned-emotion", "results": [{"task": {"name": "Text Classification", "type": "text-classification"}, "dataset": {"name": "emotion", "type": "emotion", "args": "split"}, "metrics": [{"name": "Accuracy", "type": "accuracy", "value": 0.927, "verified": false}, {"name": "F1", "type": "f1", "value": 0.9270602530979738, "verified": false}]}]}]}, "transformersInfo": {"auto_model": "AutoModelForSequenceClassification", "pipeline_tag": "text-classification", "processor": "AutoTokenizer"}, "siblings": [{"rfilename": ".gitattributes"}, {"rfilename": ".gitignore"}, {"rfilename": "README.md"}, {"rfilename": "config.json"}, {"rfilename": "pytorch_model.bin"}, {"rfilename": "runs/Dec31_08-19-55_29ccb7cc912e/1704010856.4842114/events.out.tfevents.1704010856.29ccb7cc912e.505.1"}, {"rfilename": "runs/Dec31_08-19-55_29ccb7cc912e/events.out.tfevents.1704010856.29ccb7cc912e.505.0"}, {"rfilename": "runs/Jun21_14-37-08_f6cdcf7cba0d/1687358232.7806623/events.out.tfevents.1687358232.f6cdcf7cba0d.437.1"}, {"rfilename": "runs/Jun21_14-37-08_f6cdcf7cba0d/events.out.tfevents.1687358232.f6cdcf7cba0d.437.0"}, {"rfilename": "runs/Jun25_20-55-49_ff4c408b9366/1687726612.173785/events.out.tfevents.1687726612.ff4c408b9366.1442.1"}, {"rfilename": "runs/Jun25_20-55-49_ff4c408b9366/events.out.tfevents.1687726612.ff4c408b9366.1442.0"}, {"rfilename": "special_tokens_map.json"}, {"rfilename": "tokenizer.json"}, {"rfilename": "tokenizer_config.json"}, {"rfilename": "training_args.bin"}, {"rfilename": "vocab.txt"}], "spaces": [], "createdAt": "2023-06-21T14:26:16.000Z", "inferenceStatus": "not-loaded"}