{"_id": "621ffdc136468d709f17777d", "id": "T-Systems-onsite/cross-en-de-it-roberta-sentence-transformer", "modelId": "T-Systems-onsite/cross-en-de-it-roberta-sentence-transformer", "author": "T-Systems-onsite", "sha": "ce69332b6c7d7ff3d92752389d0c421018005803", "lastModified": "2022-08-23T07:18:34.000Z", "private": false, "disabled": false, "gated": false, "pipeline_tag": "feature-extraction", "tags": ["transformers", "pytorch", "tf", "xlm-roberta", "feature-extraction", "sentence_embedding", "en", "de", "it", "license:mit", "text-embeddings-inference", "endpoints_compatible", "region:us"], "downloads": 2, "library_name": "transformers", "mask_token": "<mask>", "likes": 0, "model-index": null, "config": {"architectures": ["XLMRobertaModel"], "model_type": "xlm-roberta", "tokenizer_config": {"bos_token": "<s>", "eos_token": "</s>", "unk_token": "<unk>", "sep_token": "</s>", "cls_token": "<s>", "pad_token": "<pad>", "mask_token": "<mask>"}}, "cardData": {"language": ["en", "de", "it"], "license": "mit", "tags": ["sentence_embedding"]}, "transformersInfo": {"auto_model": "AutoModel", "pipeline_tag": "feature-extraction", "processor": "AutoTokenizer"}, "siblings": [{"rfilename": ".gitattributes"}, {"rfilename": "README.md"}, {"rfilename": "config.json"}, {"rfilename": "pytorch_model.bin"}, {"rfilename": "sentence_bert_config.json"}, {"rfilename": "sentencepiece.bpe.model"}, {"rfilename": "special_tokens_map.json"}, {"rfilename": "tf_model.h5"}, {"rfilename": "tokenizer_config.json"}], "spaces": [], "createdAt": "2022-03-02T23:29:05.000Z", "inferenceStatus": "not-loaded"}