{"_id": "621ffdc136468d709f177786", "id": "T-Systems-onsite/cross-en-fr-roberta-sentence-transformer", "modelId": "T-Systems-onsite/cross-en-fr-roberta-sentence-transformer", "author": "T-Systems-onsite", "sha": "fb5cee10498cdadda0db535b00535665194a4b8b", "lastModified": "2023-04-27T07:55:39.000Z", "private": false, "disabled": false, "gated": false, "pipeline_tag": "feature-extraction", "tags": ["transformers", "pytorch", "tf", "safetensors", "xlm-roberta", "feature-extraction", "sentence_embedding", "search", "roberta", "xlm-r-distilroberta-base-paraphrase-v1", "fr", "en", "multilingual", "dataset:stsb_multi_mt", "license:mit", "text-embeddings-inference", "endpoints_compatible", "region:us"], "downloads": 47, "library_name": "transformers", "mask_token": "<mask>", "likes": 1, "model-index": null, "config": {"architectures": ["XLMRobertaModel"], "model_type": "xlm-roberta", "tokenizer_config": {"bos_token": "<s>", "eos_token": "</s>", "unk_token": "<unk>", "sep_token": "</s>", "cls_token": "<s>", "pad_token": "<pad>", "mask_token": "<mask>"}}, "cardData": {"language": ["fr", "en", "multilingual"], "license": "mit", "tags": ["sentence_embedding", "search", "pytorch", "xlm-roberta", "roberta", "xlm-r-distilroberta-base-paraphrase-v1"], "datasets": ["stsb_multi_mt"], "metrics": ["Spearman\u2019s rank correlation", "cosine similarity"]}, "transformersInfo": {"auto_model": "AutoModel", "pipeline_tag": "feature-extraction", "processor": "AutoTokenizer"}, "siblings": [{"rfilename": ".gitattributes"}, {"rfilename": "README.md"}, {"rfilename": "config.json"}, {"rfilename": "model.safetensors"}, {"rfilename": "pytorch_model.bin"}, {"rfilename": "sentence_bert_config.json"}, {"rfilename": "sentencepiece.bpe.model"}, {"rfilename": "special_tokens_map.json"}, {"rfilename": "test_results.json"}, {"rfilename": "tf_model.h5"}, {"rfilename": "tokenizer_config.json"}], "spaces": [], "createdAt": "2022-03-02T23:29:05.000Z", "safetensors": {"parameters": {"I64": 514, "F32": 278043648}, "total": 278044162}, "inferenceStatus": "not-loaded"}