{"_id": "621ffdc136468d709f177791", "id": "T-Systems-onsite/mt5-small-sum-de-en-v2", "modelId": "T-Systems-onsite/mt5-small-sum-de-en-v2", "author": "T-Systems-onsite", "sha": "ac9a09c209590bde223088067f8f2d194b857891", "lastModified": "2024-04-07T21:22:12.000Z", "private": false, "disabled": false, "gated": false, "pipeline_tag": "summarization", "tags": ["transformers", "pytorch", "safetensors", "mt5", "text2text-generation", "summarization", "de", "en", "multilingual", "dataset:cnn_dailymail", "dataset:xsum", "dataset:mlsum", "dataset:swiss_text_2019", "license:cc-by-nc-sa-4.0", "autotrain_compatible", "endpoints_compatible", "region:us"], "downloads": 1661, "library_name": "transformers", "likes": 7, "model-index": null, "config": {"architectures": ["MT5ForConditionalGeneration"], "model_type": "mt5", "tokenizer_config": {"eos_token": "</s>", "unk_token": "<unk>", "pad_token": "<pad>"}}, "cardData": {"language": ["de", "en", "multilingual"], "license": "cc-by-nc-sa-4.0", "tags": ["summarization"], "datasets": ["cnn_dailymail", "xsum", "mlsum", "swiss_text_2019"]}, "transformersInfo": {"auto_model": "AutoModelForSeq2SeqLM", "pipeline_tag": "text2text-generation", "processor": "AutoTokenizer"}, "siblings": [{"rfilename": ".gitattributes"}, {"rfilename": "README.md"}, {"rfilename": "config.json"}, {"rfilename": "model.safetensors"}, {"rfilename": "pytorch_model.bin"}, {"rfilename": "special_tokens_map.json"}, {"rfilename": "spiece.model"}, {"rfilename": "tokenizer_config.json"}], "spaces": [], "createdAt": "2022-03-02T23:29:05.000Z", "safetensors": {"parameters": {"F32": 300164480}, "total": 300164480}, "inferenceStatus": "not-loaded"}