{"_id": "621ffdc136468d709f177772", "id": "T-Systems-onsite/bert-german-dbmdz-uncased-sentence-stsb", "modelId": "T-Systems-onsite/bert-german-dbmdz-uncased-sentence-stsb", "author": "T-Systems-onsite", "sha": "f705726b20ef67609b4fff3bcbd7f1cc57024896", "lastModified": "2023-07-18T20:03:16.000Z", "private": false, "disabled": false, "gated": false, "pipeline_tag": "feature-extraction", "tags": ["transformers", "pytorch", "tf", "jax", "safetensors", "bert", "feature-extraction", "de", "license:mit", "text-embeddings-inference", "endpoints_compatible", "region:us"], "downloads": 41, "library_name": "transformers", "mask_token": "[MASK]", "likes": 0, "model-index": null, "config": {"architectures": ["BertModel"], "model_type": "bert", "tokenizer_config": {}}, "cardData": {"language": "de", "license": "mit"}, "transformersInfo": {"auto_model": "AutoModel", "pipeline_tag": "feature-extraction", "processor": "AutoTokenizer"}, "siblings": [{"rfilename": ".gitattributes"}, {"rfilename": "README.md"}, {"rfilename": "config.json"}, {"rfilename": "flax_model.msgpack"}, {"rfilename": "model.safetensors"}, {"rfilename": "pytorch_model.bin"}, {"rfilename": "sentence_bert_config.json"}, {"rfilename": "special_tokens_map.json"}, {"rfilename": "tf_model.h5"}, {"rfilename": "tokenizer_config.json"}, {"rfilename": "vocab.txt"}], "spaces": [], "createdAt": "2022-03-02T23:29:05.000Z", "safetensors": {"parameters": {"F32": 109927680}, "total": 109927680}, "inferenceStatus": "not-loaded"}