{"_id": "621ffdc136468d709f177781", "id": "T-Systems-onsite/cross-en-de-roberta-sentence-transformer", "modelId": "T-Systems-onsite/cross-en-de-roberta-sentence-transformer", "author": "T-Systems-onsite", "sha": "3c7a3896257dcd9f99da58dd729cb80b0f968143", "lastModified": "2024-04-07T21:18:12.000Z", "private": false, "disabled": false, "gated": false, "pipeline_tag": "feature-extraction", "tags": ["transformers", "pytorch", "tf", "safetensors", "xlm-roberta", "feature-extraction", "sentence_embedding", "search", "roberta", "xlm-r-distilroberta-base-paraphrase-v1", "paraphrase", "de", "en", "multilingual", "dataset:stsb_multi_mt", "arxiv:1908.10084", "license:mit", "text-embeddings-inference", "endpoints_compatible", "region:us"], "downloads": 584034, "library_name": "transformers", "mask_token": "<mask>", "likes": 54, "model-index": null, "config": {"architectures": ["XLMRobertaModel"], "model_type": "xlm-roberta", "tokenizer_config": {}}, "cardData": {"language": ["de", "en", "multilingual"], "license": "mit", "tags": ["sentence_embedding", "search", "pytorch", "xlm-roberta", "roberta", "xlm-r-distilroberta-base-paraphrase-v1", "paraphrase"], "datasets": ["stsb_multi_mt"], "metrics": ["Spearman\u2019s rank correlation", "cosine similarity"]}, "transformersInfo": {"auto_model": "AutoModel", "pipeline_tag": "feature-extraction", "processor": "AutoTokenizer"}, "siblings": [{"rfilename": ".gitattributes"}, {"rfilename": "LICENSE"}, {"rfilename": "README.md"}, {"rfilename": "config.json"}, {"rfilename": "model.safetensors"}, {"rfilename": "pytorch_model.bin"}, {"rfilename": "sentence_bert_config.json"}, {"rfilename": "sentencepiece.bpe.model"}, {"rfilename": "special_tokens_map.json"}, {"rfilename": "tf_model.h5"}, {"rfilename": "tokenizer_config.json"}], "spaces": ["AFischer1985/AI-RAG-Interface-to-Hub", "abidlabs/mteb-leaderboard", "AFischer1985/RAG-Interface", "AFischer1985/RAG-Interface-to-Hub", "AFischer1985/BERUFENET.AI", "AFischer1985/Advanced-RAG-Demo", "AFischer1985/AI-Interface_memRAG", "AFischer1985/Schreibassistenz", "Thiloid/Chaetti", "nestole/Chaetti"], "createdAt": "2022-03-02T23:29:05.000Z", "safetensors": {"parameters": {"I64": 514, "F32": 278043648}, "total": 278044162}, "inferenceStatus": "not-loaded"}