{"_id": "6644c0d98abc30971f94c8b6", "id": "t-vishnu/flan-t5-base-task6-flan-classification", "modelId": "t-vishnu/flan-t5-base-task6-flan-classification", "author": "t-vishnu", "sha": "230b59b3421995d6b6644999d00d09c8a07719a2", "lastModified": "2024-05-15T14:53:12.000Z", "private": false, "disabled": false, "gated": false, "pipeline_tag": "text2text-generation", "tags": ["transformers", "pytorch", "tensorboard", "t5", "text2text-generation", "generated_from_trainer", "license:apache-2.0", "autotrain_compatible", "text-generation-inference", "endpoints_compatible", "region:us"], "downloads": 2, "library_name": "transformers", "likes": 0, "model-index": [{"name": "flan-t5-base-task6-flan-classification", "results": []}], "config": {"architectures": ["T5ForConditionalGeneration"], "model_type": "t5", "tokenizer_config": {"eos_token": "</s>", "pad_token": "<pad>", "unk_token": "<unk>"}}, "cardData": {"license": "apache-2.0", "tags": ["generated_from_trainer"], "metrics": ["f1"], "model-index": [{"name": "flan-t5-base-task6-flan-classification", "results": []}]}, "transformersInfo": {"auto_model": "AutoModelForSeq2SeqLM", "pipeline_tag": "text2text-generation", "processor": "AutoTokenizer"}, "siblings": [{"rfilename": ".gitattributes"}, {"rfilename": ".gitignore"}, {"rfilename": "README.md"}, {"rfilename": "config.json"}, {"rfilename": "generation_config.json"}, {"rfilename": "logs/1715781868.987971/events.out.tfevents.1715781868.22795cd560d8.2206.1"}, {"rfilename": "logs/events.out.tfevents.1715781868.22795cd560d8.2206.0"}, {"rfilename": "logs/events.out.tfevents.1715784747.22795cd560d8.2206.2"}, {"rfilename": "pytorch_model.bin"}, {"rfilename": "special_tokens_map.json"}, {"rfilename": "spiece.model"}, {"rfilename": "tokenizer.json"}, {"rfilename": "tokenizer_config.json"}, {"rfilename": "training_args.bin"}], "spaces": [], "createdAt": "2024-05-15T14:04:09.000Z", "inferenceStatus": "not-loaded"}