{"_id": "66103278b5e6420d0398bae7", "id": "t0m1ab/alphazero-othello", "modelId": "t0m1ab/alphazero-othello", "author": "t0m1ab", "sha": "f59684442596b22fbba41438427741385dee2b93", "lastModified": "2024-04-05T17:18:58.000Z", "private": false, "disabled": false, "gated": false, "tags": ["transformers", "endpoints_compatible", "region:us"], "downloads": 1, "library_name": "transformers", "likes": 0, "config": {}, "transformersInfo": {"auto_model": "AutoModel"}, "siblings": [{"rfilename": ".gitattributes"}, {"rfilename": "alphazero-othello.pt"}, {"rfilename": "config.json"}], "spaces": [], "createdAt": "2024-04-05T17:18:48.000Z", "inferenceStatus": "not-loaded"}