{"_id": "660ffd74ac50abb8d56a4332", "id": "t0m1ab/alphazero-tictactoe", "modelId": "t0m1ab/alphazero-tictactoe", "author": "t0m1ab", "sha": "c3d65d66c4646389357f688ef847f9e6d0305a5a", "lastModified": "2024-04-05T13:32:43.000Z", "private": false, "disabled": false, "gated": false, "tags": ["transformers", "endpoints_compatible", "region:us"], "downloads": 1, "library_name": "transformers", "likes": 0, "config": {}, "transformersInfo": {"auto_model": "AutoModel"}, "siblings": [{"rfilename": ".gitattributes"}, {"rfilename": "alphazero-tictactoe.pt"}, {"rfilename": "config.json"}], "spaces": [], "createdAt": "2024-04-05T13:32:36.000Z", "inferenceStatus": "not-loaded"}