{"_id": "65fb0c6c82254f113f3bd087", "id": "t0m1ab/mva-delires-data", "modelId": "t0m1ab/mva-delires-data", "author": "t0m1ab", "sha": "423ddfdede0b4924834e45598d8e5908d232666b", "lastModified": "2024-03-26T14:45:41.000Z", "private": false, "disabled": false, "gated": false, "tags": ["license:mit", "region:us"], "downloads": 0, "likes": 0, "model-index": null, "cardData": {"license": "mit"}, "siblings": [{"rfilename": ".gitattributes"}, {"rfilename": "AA2-Labiausse-Terrisse-rapport.pdf"}, {"rfilename": "Levin09.mat"}, {"rfilename": "README.md"}, {"rfilename": "custom_blur_centered.mat"}, {"rfilename": "diffusion_ffhq_10m.pt"}, {"rfilename": "kernels_12.mat"}, {"rfilename": "kernels_bicubicx234.mat"}], "spaces": [], "createdAt": "2024-03-20T16:18:52.000Z", "inferenceStatus": "not-loaded"}