{"_id": "64bf69aa81caff7f1863f5a8", "id": "t10gyal/my_awesome_wnut_model", "modelId": "t10gyal/my_awesome_wnut_model", "author": "t10gyal", "sha": "1f1b91524c39c435ff5c34352962851dea7b5704", "lastModified": "2023-07-25T06:55:47.000Z", "private": false, "disabled": false, "gated": false, "pipeline_tag": "token-classification", "tags": ["transformers", "pytorch", "tensorboard", "gpt2", "token-classification", "autotrain_compatible", "text-generation-inference", "endpoints_compatible", "region:us"], "downloads": 2, "library_name": "transformers", "widgetData": [{"text": "My name is Wolfgang and I live in Berlin"}, {"text": "My name is Sarah and I live in London"}, {"text": "My name is Clara and I live in Berkeley, California."}], "likes": 0, "config": {"architectures": ["GPT2ForTokenClassification"], "model_type": "gpt2", "tokenizer_config": {"bos_token": "<|endoftext|>", "eos_token": "<|endoftext|>", "unk_token": "<|endoftext|>"}}, "transformersInfo": {"auto_model": "AutoModelForTokenClassification", "pipeline_tag": "token-classification", "processor": "AutoTokenizer"}, "siblings": [{"rfilename": ".gitattributes"}, {"rfilename": ".gitignore"}, {"rfilename": "config.json"}, {"rfilename": "merges.txt"}, {"rfilename": "pytorch_model.bin"}, {"rfilename": "runs/Jul25_06-20-18_68551202228a/events.out.tfevents.1690266031.68551202228a.18622.0"}, {"rfilename": "runs/Jul25_06-21-00_68551202228a/events.out.tfevents.1690266077.68551202228a.18622.1"}, {"rfilename": "runs/Jul25_06-22-14_68551202228a/events.out.tfevents.1690266139.68551202228a.18622.2"}, {"rfilename": "runs/Jul25_06-22-53_68551202228a/events.out.tfevents.1690266179.68551202228a.18622.3"}, {"rfilename": "runs/Jul25_06-35-16_68551202228a/events.out.tfevents.1690266927.68551202228a.23702.0"}, {"rfilename": "runs/Jul25_06-39-59_68551202228a/events.out.tfevents.1690267212.68551202228a.23702.1"}, {"rfilename": "runs/Jul25_06-40-30_68551202228a/events.out.tfevents.1690267234.68551202228a.23702.2"}, {"rfilename": "runs/Jul25_06-40-54_68551202228a/events.out.tfevents.1690267257.68551202228a.23702.3"}, {"rfilename": "runs/Jul25_06-43-15_68551202228a/events.out.tfevents.1690267398.68551202228a.23702.4"}, {"rfilename": "runs/Jul25_06-43-38_68551202228a/events.out.tfevents.1690267422.68551202228a.23702.5"}, {"rfilename": "runs/Jul25_06-44-48_68551202228a/events.out.tfevents.1690267492.68551202228a.23702.6"}, {"rfilename": "runs/Jul25_06-47-08_68551202228a/events.out.tfevents.1690267631.68551202228a.23702.7"}, {"rfilename": "runs/Jul25_06-50-48_68551202228a/events.out.tfevents.1690267852.68551202228a.23702.8"}, {"rfilename": "runs/Jul25_06-52-54_68551202228a/events.out.tfevents.1690267978.68551202228a.23702.9"}, {"rfilename": "runs/Jul25_06-54-36_68551202228a/events.out.tfevents.1690268079.68551202228a.23702.10"}, {"rfilename": "special_tokens_map.json"}, {"rfilename": "tokenizer.json"}, {"rfilename": "tokenizer_config.json"}, {"rfilename": "training_args.bin"}, {"rfilename": "vocab.json"}, {"rfilename": "vocab.txt"}], "spaces": [], "createdAt": "2023-07-25T06:20:26.000Z", "inferenceStatus": "not-loaded"}