{"_id": "6489704a06884ea0ecc6c277", "id": "t1101675/UDIT_No_Label_Data", "modelId": "t1101675/UDIT_No_Label_Data", "author": "t1101675", "sha": "81a10db214d0823d7e6a6c65bf3739555a06e15e", "lastModified": "2023-06-14T07:58:30.000Z", "private": false, "disabled": false, "gated": false, "tags": ["license:mit", "region:us"], "downloads": 0, "likes": 0, "model-index": null, "cardData": {"license": "mit"}, "siblings": [{"rfilename": ".gitattributes"}, {"rfilename": "README.md"}, {"rfilename": "latest"}, {"rfilename": "latest_checkpointed_iteration.txt"}, {"rfilename": "mp_rank_00_model_states.pt"}], "spaces": [], "createdAt": "2023-06-14T07:46:18.000Z", "inferenceStatus": "not-loaded"}