{"_id": "6413a9332f36ddb7e2e42116", "id": "T1231415/autotrain-wx-en-zh-41586107006", "modelId": "T1231415/autotrain-wx-en-zh-41586107006", "author": "T1231415", "sha": "eba1ca1161f8a44d0329a7dff66d83c0809d405f", "lastModified": "2023-03-16T23:43:46.000Z", "private": false, "disabled": false, "gated": false, "pipeline_tag": "translation", "tags": ["transformers", "pytorch", "marian", "text2text-generation", "autotrain", "translation", "unk", "dataset:T1231415/autotrain-data-wx-en-zh", "co2_eq_emissions", "autotrain_compatible", "endpoints_compatible", "region:us"], "downloads": 1, "library_name": "transformers", "likes": 0, "model-index": null, "config": {"architectures": ["MarianMTModel"], "model_type": "marian", "tokenizer_config": {"eos_token": "</s>", "pad_token": "<pad>", "unk_token": "<unk>"}}, "cardData": {"tags": ["autotrain", "translation"], "language": ["unk", "unk"], "datasets": ["T1231415/autotrain-data-wx-en-zh"], "co2_eq_emissions": {"emissions": 0.0037032259466193047}}, "transformersInfo": {"auto_model": "AutoModelForSeq2SeqLM", "pipeline_tag": "text2text-generation", "processor": "AutoTokenizer"}, "siblings": [{"rfilename": ".gitattributes"}, {"rfilename": "README.md"}, {"rfilename": "config.json"}, {"rfilename": "pytorch_model.bin"}, {"rfilename": "source.spm"}, {"rfilename": "special_tokens_map.json"}, {"rfilename": "target.spm"}, {"rfilename": "tokenizer_config.json"}, {"rfilename": "vocab.json"}], "spaces": [], "createdAt": "2023-03-16T23:41:39.000Z", "inferenceStatus": "not-loaded"}