{"_id": "6573c947015c459f1b6925bf", "id": "t1annnnn/albert-bi-LSTM", "modelId": "t1annnnn/albert-bi-LSTM", "author": "t1annnnn", "sha": "8e2372eae8cfd4d70325d7f6e6d31d8a916667b6", "lastModified": "2023-12-12T11:36:34.000Z", "private": false, "disabled": false, "gated": false, "tags": ["transformers", "safetensors", "license:mit", "endpoints_compatible", "region:us"], "downloads": 1, "library_name": "transformers", "likes": 0, "model-index": null, "config": {"architectures": ["Model"], "tokenizer_config": {"bos_token": "[CLS]", "cls_token": "[CLS]", "eos_token": "[SEP]", "mask_token": "[MASK]", "pad_token": "<pad>", "sep_token": "[SEP]", "unk_token": "<unk>"}}, "cardData": {"license": "mit"}, "transformersInfo": {"auto_model": "AutoModel"}, "siblings": [{"rfilename": ".gitattributes"}, {"rfilename": "README.md"}, {"rfilename": "config.json"}, {"rfilename": "model.safetensors"}, {"rfilename": "special_tokens_map.json"}, {"rfilename": "spiece.model"}, {"rfilename": "tokenizer_config.json"}], "spaces": [], "createdAt": "2023-12-09T01:56:23.000Z", "safetensors": {"parameters": {"F32": 12998914}, "total": 12998914}, "inferenceStatus": "not-loaded"}