{"_id": "6627c8076e0624f3d782f066", "id": "t1msan/swinv2-tiny-patch4-window8-256-Kontur-competition-1.3K", "modelId": "t1msan/swinv2-tiny-patch4-window8-256-Kontur-competition-1.3K", "author": "t1msan", "sha": "c4860ce861e66f387334b15c602ca12f2763cdfd", "lastModified": "2024-04-23T15:00:26.000Z", "private": false, "disabled": false, "gated": false, "pipeline_tag": "image-classification", "tags": ["transformers", "tensorboard", "safetensors", "swinv2", "image-classification", "generated_from_trainer", "dataset:imagefolder", "base_model:microsoft/swinv2-tiny-patch4-window8-256", "license:apache-2.0", "autotrain_compatible", "endpoints_compatible", "region:us"], "downloads": 2, "library_name": "transformers", "likes": 0, "model-index": [{"name": "swinv2-tiny-patch4-window8-256-Kontur-competition-1.3K", "results": []}], "config": {"architectures": ["Swinv2ForImageClassification"], "model_type": "swinv2"}, "cardData": {"license": "apache-2.0", "base_model": "microsoft/swinv2-tiny-patch4-window8-256", "tags": ["generated_from_trainer"], "datasets": ["imagefolder"], "model-index": [{"name": "swinv2-tiny-patch4-window8-256-Kontur-competition-1.3K", "results": []}]}, "transformersInfo": {"auto_model": "AutoModelForImageClassification", "pipeline_tag": "image-classification", "processor": "AutoImageProcessor"}, "siblings": [{"rfilename": ".gitattributes"}, {"rfilename": "README.md"}, {"rfilename": "all_results.json"}, {"rfilename": "config.json"}, {"rfilename": "eval_results.json"}, {"rfilename": "model.safetensors"}, {"rfilename": "preprocessor_config.json"}, {"rfilename": "runs/Apr23_14-39-00_a738cf30c8c2/events.out.tfevents.1713883145.a738cf30c8c2.34.0"}, {"rfilename": "runs/Apr23_14-39-00_a738cf30c8c2/events.out.tfevents.1713883484.a738cf30c8c2.34.1"}, {"rfilename": "runs/Apr23_14-49-28_a738cf30c8c2/events.out.tfevents.1713883772.a738cf30c8c2.34.2"}, {"rfilename": "runs/Apr23_14-49-28_a738cf30c8c2/events.out.tfevents.1713884210.a738cf30c8c2.34.3"}, {"rfilename": "train_results.json"}, {"rfilename": "trainer_state.json"}, {"rfilename": "training_args.bin"}], "spaces": [], "createdAt": "2024-04-23T14:39:03.000Z", "safetensors": {"parameters": {"F32": 27579692}, "total": 27579692}, "inferenceStatus": "not-loaded"}