{"_id": "6619a74b384fcf383290d4f7", "id": "t1msan/ViT_generated_or_not", "modelId": "t1msan/ViT_generated_or_not", "author": "t1msan", "sha": "0e37833d96aca4a78532c9bc31f0a54d8e335c6c", "lastModified": "2024-04-12T21:43:09.000Z", "private": false, "disabled": false, "gated": false, "pipeline_tag": "image-classification", "tags": ["transformers", "safetensors", "vit", "image-classification", "autotrain_compatible", "endpoints_compatible", "region:us"], "downloads": 3, "library_name": "transformers", "likes": 0, "config": {"architectures": ["ViTForImageClassification"], "model_type": "vit"}, "transformersInfo": {"auto_model": "AutoModelForImageClassification", "pipeline_tag": "image-classification", "processor": "AutoImageProcessor"}, "siblings": [{"rfilename": ".gitattributes"}, {"rfilename": "checkpoint-550/config.json"}, {"rfilename": "checkpoint-550/model.safetensors"}, {"rfilename": "checkpoint-550/optimizer.pt"}, {"rfilename": "checkpoint-550/preprocessor_config.json"}, {"rfilename": "checkpoint-550/rng_state.pth"}, {"rfilename": "checkpoint-550/scheduler.pt"}, {"rfilename": "checkpoint-550/trainer_state.json"}, {"rfilename": "checkpoint-550/training_args.bin"}, {"rfilename": "config.json"}, {"rfilename": "model.safetensors"}, {"rfilename": "preprocessor_config.json"}, {"rfilename": "training_args.bin"}], "spaces": [], "createdAt": "2024-04-12T21:27:39.000Z", "safetensors": {"parameters": {"F32": 85800194}, "total": 85800194}, "inferenceStatus": "not-loaded"}