{"_id": "662806f70d2a04bef4ccfe39", "id": "t1msan/convnext-base-384-22k-1k-Kontur-competition-1.3K", "modelId": "t1msan/convnext-base-384-22k-1k-Kontur-competition-1.3K", "author": "t1msan", "sha": "56bd729a80ae2c31ee5b35133ed3f80a4a7bfc87", "lastModified": "2024-04-23T19:36:12.000Z", "private": false, "disabled": false, "gated": false, "pipeline_tag": "image-classification", "tags": ["transformers", "tensorboard", "safetensors", "convnext", "image-classification", "generated_from_trainer", "dataset:imagefolder", "base_model:facebook/convnext-base-384-22k-1k", "license:apache-2.0", "autotrain_compatible", "endpoints_compatible", "region:us"], "downloads": 2, "library_name": "transformers", "likes": 0, "model-index": [{"name": "convnext-base-384-22k-1k-Kontur-competition-1.3K", "results": []}], "config": {"architectures": ["ConvNextForImageClassification"], "model_type": "convnext"}, "cardData": {"license": "apache-2.0", "base_model": "facebook/convnext-base-384-22k-1k", "tags": ["generated_from_trainer"], "datasets": ["imagefolder"], "model-index": [{"name": "convnext-base-384-22k-1k-Kontur-competition-1.3K", "results": []}]}, "transformersInfo": {"auto_model": "AutoModelForImageClassification", "pipeline_tag": "image-classification", "processor": "AutoImageProcessor"}, "siblings": [{"rfilename": ".gitattributes"}, {"rfilename": "README.md"}, {"rfilename": "all_results.json"}, {"rfilename": "config.json"}, {"rfilename": "eval_results.json"}, {"rfilename": "model.safetensors"}, {"rfilename": "preprocessor_config.json"}, {"rfilename": "runs/Apr23_19-07-34_abf93a4c4e7c/events.out.tfevents.1713899256.abf93a4c4e7c.34.1"}, {"rfilename": "runs/Apr23_19-08-32_abf93a4c4e7c/events.out.tfevents.1713899318.abf93a4c4e7c.34.2"}, {"rfilename": "runs/Apr23_19-10-48_abf93a4c4e7c/events.out.tfevents.1713899449.abf93a4c4e7c.34.3"}, {"rfilename": "runs/Apr23_19-10-48_abf93a4c4e7c/events.out.tfevents.1713900955.abf93a4c4e7c.34.4"}, {"rfilename": "train_results.json"}, {"rfilename": "trainer_state.json"}, {"rfilename": "training_args.bin"}], "spaces": [], "createdAt": "2024-04-23T19:07:35.000Z", "safetensors": {"parameters": {"F32": 87568514}, "total": 87568514}, "inferenceStatus": "not-loaded"}