{"_id": "66280638c50dba0fabc2ada2", "id": "t1msan/convnext-large-384-22k-1k-Kontur-competition-1.3K", "modelId": "t1msan/convnext-large-384-22k-1k-Kontur-competition-1.3K", "author": "t1msan", "sha": "b45ddb62a431103464e40a6932f4966bf9242fad", "lastModified": "2024-04-23T19:04:26.000Z", "private": false, "disabled": false, "gated": false, "tags": ["region:us"], "downloads": 0, "likes": 0, "siblings": [{"rfilename": ".gitattributes"}], "spaces": [], "createdAt": "2024-04-23T19:04:24.000Z", "inferenceStatus": "not-loaded"}