{"_id": "661afdf6f1f6710262c2971e", "id": "t1msan/swin-tiny-patch4-window7-224-finetuned-eurosat", "modelId": "t1msan/swin-tiny-patch4-window7-224-finetuned-eurosat", "author": "t1msan", "sha": "825f060dbbc4511bef0cd69097962c5ac70b5372", "lastModified": "2024-04-14T08:32:30.000Z", "private": false, "disabled": false, "gated": false, "pipeline_tag": "image-classification", "tags": ["transformers", "tensorboard", "safetensors", "swin", "image-classification", "generated_from_trainer", "dataset:imagefolder", "base_model:microsoft/swin-tiny-patch4-window7-224", "license:apache-2.0", "model-index", "autotrain_compatible", "endpoints_compatible", "region:us"], "downloads": 2, "library_name": "transformers", "likes": 0, "model-index": [{"name": "swin-tiny-patch4-window7-224-finetuned-eurosat", "results": [{"task": {"name": "Image Classification", "type": "image-classification"}, "dataset": {"name": "imagefolder", "type": "imagefolder", "config": "default", "split": "train", "args": "default"}, "metrics": [{"name": "Accuracy", "type": "accuracy", "value": 0.9705882352941176, "verified": false}]}]}], "config": {"architectures": ["SwinForImageClassification"], "model_type": "swin"}, "cardData": {"license": "apache-2.0", "base_model": "microsoft/swin-tiny-patch4-window7-224", "tags": ["generated_from_trainer"], "datasets": ["imagefolder"], "metrics": ["accuracy"], "model-index": [{"name": "swin-tiny-patch4-window7-224-finetuned-eurosat", "results": [{"task": {"name": "Image Classification", "type": "image-classification"}, "dataset": {"name": "imagefolder", "type": "imagefolder", "config": "default", "split": "train", "args": "default"}, "metrics": [{"name": "Accuracy", "type": "accuracy", "value": 0.9705882352941176, "verified": false}]}]}]}, "transformersInfo": {"auto_model": "AutoModelForImageClassification", "pipeline_tag": "image-classification", "processor": "AutoImageProcessor"}, "siblings": [{"rfilename": ".gitattributes"}, {"rfilename": "README.md"}, {"rfilename": "all_results.json"}, {"rfilename": "config.json"}, {"rfilename": "eval_results.json"}, {"rfilename": "model.safetensors"}, {"rfilename": "preprocessor_config.json"}, {"rfilename": "runs/Apr13_22-49-57_4be1ebc4f459/events.out.tfevents.1713048622.4be1ebc4f459.34.0"}, {"rfilename": "runs/Apr13_22-49-57_4be1ebc4f459/events.out.tfevents.1713048796.4be1ebc4f459.34.1"}, {"rfilename": "runs/Apr13_22-54-29_4be1ebc4f459/events.out.tfevents.1713048879.4be1ebc4f459.34.2"}, {"rfilename": "runs/Apr14_08-27-30_fca42a7decc4/events.out.tfevents.1713083258.fca42a7decc4.34.0"}, {"rfilename": "runs/Apr14_08-27-53_fca42a7decc4/events.out.tfevents.1713083282.fca42a7decc4.34.1"}, {"rfilename": "train_results.json"}, {"rfilename": "trainer_state.json"}, {"rfilename": "training_args.bin"}], "spaces": [], "createdAt": "2024-04-13T21:49:42.000Z", "safetensors": {"parameters": {"I64": 28812, "F32": 27520892}, "total": 27549704}, "inferenceStatus": "not-loaded"}