{"_id": "661b977a22ca1dfd3f9d11bb", "id": "t1msan/ai_vs_real-finetuned-eurosat", "modelId": "t1msan/ai_vs_real-finetuned-eurosat", "author": "t1msan", "sha": "88e21a3be399b176b4b077fe08421411a464c94c", "lastModified": "2024-04-14T08:48:32.000Z", "private": false, "disabled": false, "gated": false, "pipeline_tag": "image-classification", "tags": ["transformers", "tensorboard", "safetensors", "swin", "image-classification", "generated_from_trainer", "dataset:imagefolder", "base_model:microsoft/swin-tiny-patch4-window7-224", "license:apache-2.0", "model-index", "autotrain_compatible", "endpoints_compatible", "region:us"], "downloads": 2, "library_name": "transformers", "likes": 0, "model-index": [{"name": "ai_vs_real-finetuned-eurosat", "results": [{"task": {"name": "Image Classification", "type": "image-classification"}, "dataset": {"name": "imagefolder", "type": "imagefolder", "config": "default", "split": "train", "args": "default"}, "metrics": [{"name": "Accuracy", "type": "accuracy", "value": 0.9901960784313726, "verified": false}]}]}], "config": {"architectures": ["SwinForImageClassification"], "model_type": "swin"}, "cardData": {"license": "apache-2.0", "base_model": "microsoft/swin-tiny-patch4-window7-224", "tags": ["generated_from_trainer"], "datasets": ["imagefolder"], "metrics": ["accuracy"], "model-index": [{"name": "ai_vs_real-finetuned-eurosat", "results": [{"task": {"name": "Image Classification", "type": "image-classification"}, "dataset": {"name": "imagefolder", "type": "imagefolder", "config": "default", "split": "train", "args": "default"}, "metrics": [{"name": "Accuracy", "type": "accuracy", "value": 0.9901960784313726, "verified": false}]}]}]}, "transformersInfo": {"auto_model": "AutoModelForImageClassification", "pipeline_tag": "image-classification", "processor": "AutoImageProcessor"}, "siblings": [{"rfilename": ".gitattributes"}, {"rfilename": "README.md"}, {"rfilename": "config.json"}, {"rfilename": "model.safetensors"}, {"rfilename": "preprocessor_config.json"}, {"rfilename": "runs/Apr14_08-44-36_fca42a7decc4/events.out.tfevents.1713084285.fca42a7decc4.34.3"}, {"rfilename": "training_args.bin"}], "spaces": [], "createdAt": "2024-04-14T08:44:42.000Z", "safetensors": {"parameters": {"I64": 28812, "F32": 27520892}, "total": 27549704}, "inferenceStatus": "not-loaded"}