{"_id": "6621792a086f1fe37a739260", "id": "t1msan/swin-base-patch4-window7-224-in22k-Kontur-competition-1.3K", "modelId": "t1msan/swin-base-patch4-window7-224-in22k-Kontur-competition-1.3K", "author": "t1msan", "sha": "418438eaf28acb5f181b66b2043ef069cd659e86", "lastModified": "2024-04-19T13:17:28.000Z", "private": false, "disabled": false, "gated": false, "pipeline_tag": "image-classification", "tags": ["transformers", "tensorboard", "safetensors", "swin", "image-classification", "generated_from_trainer", "dataset:imagefolder", "base_model:microsoft/swin-base-patch4-window7-224-in22k", "license:apache-2.0", "autotrain_compatible", "endpoints_compatible", "region:us"], "downloads": 2, "library_name": "transformers", "likes": 0, "model-index": [{"name": "swin-base-patch4-window7-224-in22k-Kontur-competition-1.3K", "results": []}], "config": {"architectures": ["SwinForImageClassification"], "model_type": "swin"}, "cardData": {"license": "apache-2.0", "base_model": "microsoft/swin-base-patch4-window7-224-in22k", "tags": ["generated_from_trainer"], "datasets": ["imagefolder"], "model-index": [{"name": "swin-base-patch4-window7-224-in22k-Kontur-competition-1.3K", "results": []}]}, "transformersInfo": {"auto_model": "AutoModelForImageClassification", "pipeline_tag": "image-classification", "processor": "AutoImageProcessor"}, "siblings": [{"rfilename": ".gitattributes"}, {"rfilename": "README.md"}, {"rfilename": "all_results.json"}, {"rfilename": "config.json"}, {"rfilename": "eval_results.json"}, {"rfilename": "model.safetensors"}, {"rfilename": "preprocessor_config.json"}, {"rfilename": "runs/Apr18_19-48-53_c91955ade82b/events.out.tfevents.1713469746.c91955ade82b.34.0"}, {"rfilename": "runs/Apr18_19-54-13_c91955ade82b/events.out.tfevents.1713470054.c91955ade82b.34.1"}, {"rfilename": "runs/Apr18_19-54-13_c91955ade82b/events.out.tfevents.1713470470.c91955ade82b.34.2"}, {"rfilename": "runs/Apr19_11-49-01_c9d5019042b9/events.out.tfevents.1713527345.c9d5019042b9.34.0"}, {"rfilename": "runs/Apr19_11-49-01_c9d5019042b9/events.out.tfevents.1713532637.c9d5019042b9.34.1"}, {"rfilename": "train_results.json"}, {"rfilename": "trainer_state.json"}, {"rfilename": "training_args.bin"}], "spaces": [], "createdAt": "2024-04-18T19:48:58.000Z", "safetensors": {"parameters": {"I64": 57624, "F32": 86745274}, "total": 86802898}, "inferenceStatus": "not-loaded"}