{"_id": "64aeeedb20836b0dc387cd5e", "id": "t23e2/poca-SoccerTwos", "modelId": "t23e2/poca-SoccerTwos", "author": "t23e2", "sha": "85afd59b1d9bb07a273e777f23b605741751c89c", "lastModified": "2023-07-12T18:20:17.000Z", "private": false, "disabled": false, "gated": false, "pipeline_tag": "reinforcement-learning", "tags": ["ml-agents", "tensorboard", "onnx", "SoccerTwos", "deep-reinforcement-learning", "reinforcement-learning", "ML-Agents-SoccerTwos", "region:us"], "downloads": 2, "library_name": "ml-agents", "likes": 0, "model-index": null, "config": {}, "cardData": {"library_name": "ml-agents", "tags": ["SoccerTwos", "deep-reinforcement-learning", "reinforcement-learning", "ML-Agents-SoccerTwos"]}, "siblings": [{"rfilename": ".gitattributes"}, {"rfilename": "README.md"}, {"rfilename": "SoccerTwos.onnx"}, {"rfilename": "SoccerTwos/SoccerTwos-3499757.onnx"}, {"rfilename": "SoccerTwos/SoccerTwos-3499757.pt"}, {"rfilename": "SoccerTwos/SoccerTwos-3999668.onnx"}, {"rfilename": "SoccerTwos/SoccerTwos-3999668.pt"}, {"rfilename": "SoccerTwos/SoccerTwos-4499048.onnx"}, {"rfilename": "SoccerTwos/SoccerTwos-4499048.pt"}, {"rfilename": "SoccerTwos/SoccerTwos-499284.pt"}, {"rfilename": "SoccerTwos/SoccerTwos-4999822.onnx"}, {"rfilename": "SoccerTwos/SoccerTwos-4999822.pt"}, {"rfilename": "SoccerTwos/SoccerTwos-499992.pt"}, {"rfilename": "SoccerTwos/SoccerTwos-5078668.onnx"}, {"rfilename": "SoccerTwos/SoccerTwos-5078668.pt"}, {"rfilename": "SoccerTwos/checkpoint.pt"}, {"rfilename": "SoccerTwos/events.out.tfevents.1689169040.DESKTOP-77EJIUT.19280.0"}, {"rfilename": "SoccerTwos/events.out.tfevents.1689171492.DESKTOP-77EJIUT.13268.0"}, {"rfilename": "config.json"}, {"rfilename": "configuration.yaml"}, {"rfilename": "run_logs/Player-0.log"}, {"rfilename": "run_logs/timers.json"}, {"rfilename": "run_logs/training_status.json"}], "spaces": [], "createdAt": "2023-07-12T18:20:11.000Z", "inferenceStatus": "not-loaded"}