{"_id": "647f090d9c310244579c4287", "id": "t2binh/falcon-7b-qlora-chat-support-bot-faq", "modelId": "t2binh/falcon-7b-qlora-chat-support-bot-faq", "author": "t2binh", "sha": "b2b78cfe952ef3552d77f1b2661fd2d8f4236f84", "lastModified": "2023-06-06T10:23:09.000Z", "private": false, "disabled": false, "gated": false, "tags": ["license:mit", "region:us"], "downloads": 0, "likes": 0, "model-index": null, "cardData": {"license": "mit"}, "siblings": [{"rfilename": ".gitattributes"}, {"rfilename": "README.md"}], "spaces": [], "createdAt": "2023-06-06T10:23:09.000Z", "inferenceStatus": "not-loaded"}