{"_id": "6668fb64c3f9344f9bdac5ec", "id": "T2ragnar/honrado", "modelId": "T2ragnar/honrado", "author": "T2ragnar", "sha": "454211bd712629b25e302fc27b799a97afe05a55", "lastModified": "2024-06-12T03:28:47.000Z", "private": false, "disabled": false, "gated": false, "tags": ["license:openrail", "region:us"], "downloads": 0, "likes": 0, "model-index": null, "cardData": {"license": "openrail"}, "siblings": [{"rfilename": ".gitattributes"}, {"rfilename": "README.md"}, {"rfilename": "honrado.zip"}], "spaces": [], "createdAt": "2024-06-12T01:35:32.000Z", "inferenceStatus": "not-loaded"}