{"_id": "666a18b81537c1bb0fa32327", "id": "T2ragnar/satorugojot2", "modelId": "T2ragnar/satorugojot2", "author": "T2ragnar", "sha": "34f4cd4405b196bc0a5f7fbb3dceac966d0ec9e9", "lastModified": "2024-06-12T22:13:16.000Z", "private": false, "disabled": false, "gated": false, "tags": ["license:openrail", "region:us"], "downloads": 0, "likes": 0, "model-index": null, "cardData": {"license": "openrail"}, "siblings": [{"rfilename": ".gitattributes"}, {"rfilename": "README.md"}], "spaces": [], "createdAt": "2024-06-12T21:52:56.000Z", "inferenceStatus": "not-loaded"}