{"_id": "63ab7705e0e2bf05cd50d4a0", "id": "t3chsp3c/downloadModelTest", "modelId": "t3chsp3c/downloadModelTest", "author": "t3chsp3c", "sha": "794e0090140289d473bdd32a917ae1625cdb6e12", "lastModified": "2022-12-28T15:26:19.000Z", "private": false, "disabled": false, "gated": false, "tags": ["region:us"], "downloads": 0, "likes": 0, "siblings": [{"rfilename": ".gitattributes"}, {"rfilename": "test_compiled.zip"}, {"rfilename": "test_compiled_1.zip"}], "spaces": [], "createdAt": "2022-12-27T22:51:49.000Z", "inferenceStatus": "not-loaded"}