{"_id": "63dcfd62ecc0c6cc5f1ef90a", "id": "t3dw/sd-class-butts-64", "modelId": "t3dw/sd-class-butts-64", "author": "t3dw", "sha": "d4d2376aae9033a7e54eba028e78ce35e3254f56", "lastModified": "2023-02-03T14:35:50.000Z", "private": false, "disabled": false, "gated": false, "pipeline_tag": "unconditional-image-generation", "tags": ["diffusers", "pytorch", "unconditional-image-generation", "diffusion-models-class", "license:mit", "diffusers:DDPMPipeline", "region:us"], "downloads": 10, "library_name": "diffusers", "likes": 0, "model-index": null, "config": {"diffusers": {"_class_name": "DDPMPipeline"}}, "cardData": {"license": "mit", "tags": ["pytorch", "diffusers", "unconditional-image-generation", "diffusion-models-class"]}, "siblings": [{"rfilename": ".gitattributes"}, {"rfilename": "README.md"}, {"rfilename": "config.json"}, {"rfilename": "diffusion_pytorch_model.bin"}, {"rfilename": "model_index.json"}, {"rfilename": "scheduler_config.json"}], "spaces": [], "createdAt": "2023-02-03T12:26:10.000Z", "inferenceStatus": "not-loaded"}