{"_id": "63dce73a5782b63c6f884361", "id": "t3dw/sd-class-butts-32", "modelId": "t3dw/sd-class-butts-32", "author": "t3dw", "sha": "0c181bcb1f3878bfae82c143b51d79b88b924f2f", "lastModified": "2023-02-03T10:53:44.000Z", "private": false, "disabled": false, "gated": false, "pipeline_tag": "unconditional-image-generation", "tags": ["diffusers", "pytorch", "unconditional-image-generation", "diffusion-models-class", "license:mit", "diffusers:DDPMPipeline", "region:us"], "downloads": 8, "library_name": "diffusers", "likes": 0, "model-index": null, "config": {"diffusers": {"_class_name": "DDPMPipeline"}}, "cardData": {"license": "mit", "tags": ["pytorch", "diffusers", "unconditional-image-generation", "diffusion-models-class"]}, "siblings": [{"rfilename": ".gitattributes"}, {"rfilename": "README.md"}, {"rfilename": "config.json"}, {"rfilename": "diffusion_pytorch_model.bin"}, {"rfilename": "model_index.json"}, {"rfilename": "scheduler_config.json"}], "spaces": [], "createdAt": "2023-02-03T10:51:38.000Z", "inferenceStatus": "not-loaded"}