{"_id": "65a2a75d9b0ac6aafc597a6c", "id": "T3e0o/Teo", "modelId": "T3e0o/Teo", "author": "T3e0o", "sha": "dd479555cabc564f3eab17249e06c46a72de3e06", "lastModified": "2024-01-13T15:08:13.000Z", "private": false, "disabled": false, "gated": false, "tags": ["license:mit", "region:us"], "downloads": 0, "likes": 0, "model-index": null, "cardData": {"license": "mit"}, "siblings": [{"rfilename": ".gitattributes"}, {"rfilename": "README.md"}], "spaces": [], "createdAt": "2024-01-13T15:08:13.000Z", "inferenceStatus": "not-loaded"}