{"_id": "649cf521dd87dd9ef76fe7cd", "id": "t3PbMvBN6SXv/ppo-PyramidsRND", "modelId": "t3PbMvBN6SXv/ppo-PyramidsRND", "author": "t3PbMvBN6SXv", "sha": "7587f8fc165eb40c8b90101b8e432675124f922e", "lastModified": "2023-06-29T03:07:04.000Z", "private": false, "disabled": false, "gated": false, "pipeline_tag": "reinforcement-learning", "tags": ["ml-agents", "tensorboard", "onnx", "Pyramids", "deep-reinforcement-learning", "reinforcement-learning", "ML-Agents-Pyramids", "region:us"], "downloads": 0, "library_name": "ml-agents", "likes": 0, "model-index": null, "config": {}, "cardData": {"library_name": "ml-agents", "tags": ["Pyramids", "deep-reinforcement-learning", "reinforcement-learning", "ML-Agents-Pyramids"]}, "siblings": [{"rfilename": ".gitattributes"}, {"rfilename": "Pyramids.onnx"}, {"rfilename": "Pyramids/Pyramids-1000097.onnx"}, {"rfilename": "Pyramids/Pyramids-1000097.pt"}, {"rfilename": "Pyramids/Pyramids-499997.onnx"}, {"rfilename": "Pyramids/Pyramids-499997.pt"}, {"rfilename": "Pyramids/Pyramids-999969.onnx"}, {"rfilename": "Pyramids/Pyramids-999969.pt"}, {"rfilename": "Pyramids/checkpoint.pt"}, {"rfilename": "Pyramids/events.out.tfevents.1688005830.3bad80e7764c.12052.0"}, {"rfilename": "README.md"}, {"rfilename": "config.json"}, {"rfilename": "configuration.yaml"}, {"rfilename": "run_logs/Player-0.log"}, {"rfilename": "run_logs/timers.json"}, {"rfilename": "run_logs/training_status.json"}], "spaces": [], "createdAt": "2023-06-29T03:06:09.000Z", "inferenceStatus": "not-loaded"}