{"_id": "649e4471ed55df9fd2445172", "id": "t3PbMvBN6SXv/LunarLander-v2", "modelId": "t3PbMvBN6SXv/LunarLander-v2", "author": "t3PbMvBN6SXv", "sha": "a7d3ba6960d391fcb44026ba1954929739335206", "lastModified": "2023-06-30T02:56:55.000Z", "private": false, "disabled": false, "gated": false, "pipeline_tag": "reinforcement-learning", "tags": ["tensorboard", "LunarLander-v2", "ppo", "deep-reinforcement-learning", "reinforcement-learning", "custom-implementation", "deep-rl-course", "model-index", "region:us"], "downloads": 0, "likes": 0, "model-index": [{"name": "PPO", "results": [{"task": {"type": "reinforcement-learning", "name": "reinforcement-learning"}, "dataset": {"name": "LunarLander-v2", "type": "LunarLander-v2"}, "metrics": [{"type": "mean_reward", "value": "-182.81 +/- 98.66", "name": "mean_reward", "verified": false}]}]}], "cardData": {"tags": ["LunarLander-v2", "ppo", "deep-reinforcement-learning", "reinforcement-learning", "custom-implementation", "deep-rl-course"], "model-index": [{"name": "PPO", "results": [{"task": {"type": "reinforcement-learning", "name": "reinforcement-learning"}, "dataset": {"name": "LunarLander-v2", "type": "LunarLander-v2"}, "metrics": [{"type": "mean_reward", "value": "-182.81 +/- 98.66", "name": "mean_reward", "verified": false}]}]}]}, "siblings": [{"rfilename": ".gitattributes"}, {"rfilename": "README.md"}, {"rfilename": "logs/events.out.tfevents.1688093758.b268cf6112d3.3713.0"}, {"rfilename": "model.pt"}, {"rfilename": "replay.mp4"}, {"rfilename": "results.json"}], "spaces": [], "createdAt": "2023-06-30T02:56:49.000Z", "inferenceStatus": "not-loaded"}