{"_id": "64149feb38f177995f328ce7", "id": "t3te/camel", "modelId": "t3te/camel", "author": "t3te", "sha": "e2aa4964dcff43cef5c81041996e46415253c6ec", "lastModified": "2023-03-17T21:01:51.000Z", "private": false, "disabled": false, "gated": false, "tags": ["license:other", "region:us"], "downloads": 0, "likes": 0, "model-index": null, "cardData": {"license": "other"}, "siblings": [{"rfilename": ".gitattributes"}, {"rfilename": "12311"}, {"rfilename": "NSFWTentaclesLora_v2Epochs20.safetensors"}, {"rfilename": "README.md"}, {"rfilename": "camelliamix25D_v10.safetensors"}, {"rfilename": "goldenside_v202T4Ft.safetensors"}, {"rfilename": "kl-f8-anime2.ckpt"}, {"rfilename": "lottalewdsBandaid_v1.safetensors"}, {"rfilename": "pantyPullPantyDrop_pantypullPantydropV1.safetensors"}, {"rfilename": "realisticVaginasGodPussy_godpussy2Innie.safetensors"}, {"rfilename": "ridingDildoSexActLora_v10.safetensors"}, {"rfilename": "skirtliftTheAstonishing_skirtliftv1.safetensors"}, {"rfilename": "sparklingmix_v10.safetensors"}], "spaces": [], "createdAt": "2023-03-17T17:14:19.000Z", "inferenceStatus": "not-loaded"}