{"_id": "64533ac83a794b2d9b21aebc", "id": "t4-project/limmud-alephBERT", "modelId": "t4-project/limmud-alephBERT", "author": "t4-project", "sha": "8185444b25ee6e969ec468c886ed252be1ce42f1", "lastModified": "2023-05-04T04:59:00.000Z", "private": false, "disabled": false, "gated": false, "pipeline_tag": "text-classification", "tags": ["transformers", "pytorch", "bert", "text-classification", "autotrain_compatible", "endpoints_compatible", "region:us"], "downloads": 3, "library_name": "transformers", "mask_token": "[MASK]", "widgetData": [{"text": "I like you. I love you"}], "likes": 0, "config": {"architectures": ["BertForSequenceClassification"], "model_type": "bert"}, "transformersInfo": {"auto_model": "AutoModelForSequenceClassification", "pipeline_tag": "text-classification", "processor": "AutoTokenizer"}, "siblings": [{"rfilename": ".gitattributes"}, {"rfilename": "config.json"}, {"rfilename": "pytorch_model.bin"}, {"rfilename": "training_args.bin"}], "spaces": [], "createdAt": "2023-05-04T04:55:36.000Z", "inferenceStatus": "not-loaded"}