{"_id": "6453311ca0c0a664a25491c6", "id": "t4-project/yisrael-BEREL", "modelId": "t4-project/yisrael-BEREL", "author": "t4-project", "sha": "9c6c804b2fa15a91b430847dbbb8ba1ecdadc15c", "lastModified": "2023-05-04T04:19:05.000Z", "private": false, "disabled": false, "gated": false, "pipeline_tag": "text-classification", "tags": ["transformers", "pytorch", "bert", "text-classification", "autotrain_compatible", "endpoints_compatible", "region:us"], "downloads": 2, "library_name": "transformers", "mask_token": "[MASK]", "widgetData": [{"text": "I like you. I love you"}], "likes": 0, "config": {"architectures": ["BertForSequenceClassification"], "model_type": "bert"}, "transformersInfo": {"auto_model": "AutoModelForSequenceClassification", "pipeline_tag": "text-classification", "processor": "AutoTokenizer"}, "siblings": [{"rfilename": ".gitattributes"}, {"rfilename": "config.json"}, {"rfilename": "pytorch_model.bin"}, {"rfilename": "training_args.bin"}], "spaces": [], "createdAt": "2023-05-04T04:14:20.000Z", "inferenceStatus": "not-loaded"}