{"_id": "645e8e65340d0b66d143418e", "id": "t4-project/BEREL-base", "modelId": "t4-project/BEREL-base", "author": "t4-project", "sha": "e8978680f0f9f220b458e66203b9270ab3f17132", "lastModified": "2023-05-12T19:13:42.000Z", "private": false, "disabled": false, "gated": false, "pipeline_tag": "fill-mask", "tags": ["transformers", "pytorch", "bert", "fill-mask", "autotrain_compatible", "endpoints_compatible", "region:us"], "downloads": 1, "library_name": "transformers", "mask_token": "[MASK]", "widgetData": [{"text": "Paris is the [MASK] of France."}, {"text": "The goal of life is [MASK]."}], "likes": 0, "config": {"architectures": ["BertForMaskedLM"], "model_type": "bert"}, "transformersInfo": {"auto_model": "AutoModelForMaskedLM", "pipeline_tag": "fill-mask", "processor": "AutoTokenizer"}, "siblings": [{"rfilename": ".gitattributes"}, {"rfilename": "Readme.txt"}, {"rfilename": "config.json"}, {"rfilename": "pytorch_model.bin"}, {"rfilename": "rabtokenizer.py"}, {"rfilename": "vocab.txt"}], "spaces": [], "createdAt": "2023-05-12T19:07:17.000Z", "inferenceStatus": "not-loaded"}