{"_id": "645338358fe6558e328f1eec", "id": "t4-project/tefillah-alephBERT", "modelId": "t4-project/tefillah-alephBERT", "author": "t4-project", "sha": "c8b3c4ee12d7ed5abf387d4b0969c1ee85779f8e", "lastModified": "2023-05-04T04:47:56.000Z", "private": false, "disabled": false, "gated": false, "pipeline_tag": "text-classification", "tags": ["transformers", "pytorch", "bert", "text-classification", "autotrain_compatible", "endpoints_compatible", "region:us"], "downloads": 3, "library_name": "transformers", "mask_token": "[MASK]", "widgetData": [{"text": "I like you. I love you"}], "likes": 0, "config": {"architectures": ["BertForSequenceClassification"], "model_type": "bert"}, "transformersInfo": {"auto_model": "AutoModelForSequenceClassification", "pipeline_tag": "text-classification", "processor": "AutoTokenizer"}, "siblings": [{"rfilename": ".gitattributes"}, {"rfilename": "config.json"}, {"rfilename": "pytorch_model.bin"}, {"rfilename": "training_args.bin"}], "spaces": [], "createdAt": "2023-05-04T04:44:37.000Z", "inferenceStatus": "not-loaded"}