{"_id": "64533cbca0c0a664a2558f74", "id": "t4-project/limmud-heBERT", "modelId": "t4-project/limmud-heBERT", "author": "t4-project", "sha": "216382ddeb118ee82e1f989cc37e448b74abd355", "lastModified": "2023-05-04T05:06:50.000Z", "private": false, "disabled": false, "gated": false, "pipeline_tag": "text-classification", "tags": ["transformers", "pytorch", "bert", "text-classification", "autotrain_compatible", "endpoints_compatible", "region:us"], "downloads": 4, "library_name": "transformers", "mask_token": "[MASK]", "widgetData": [{"text": "I like you. I love you"}], "likes": 0, "config": {"architectures": ["BertForSequenceClassification"], "model_type": "bert"}, "transformersInfo": {"auto_model": "AutoModelForSequenceClassification", "pipeline_tag": "text-classification", "processor": "AutoTokenizer"}, "siblings": [{"rfilename": ".gitattributes"}, {"rfilename": "config.json"}, {"rfilename": "pytorch_model.bin"}, {"rfilename": "training_args.bin"}], "spaces": [], "createdAt": "2023-05-04T05:03:56.000Z", "inferenceStatus": "not-loaded"}