{"_id": "645334eb5ac68a5b01b0c94d", "id": "t4-project/torah-heBERT", "modelId": "t4-project/torah-heBERT", "author": "t4-project", "sha": "bc23f65844043b717e7ef36ebc88011494f02071", "lastModified": "2023-05-04T04:33:32.000Z", "private": false, "disabled": false, "gated": false, "pipeline_tag": "text-classification", "tags": ["transformers", "pytorch", "bert", "text-classification", "autotrain_compatible", "endpoints_compatible", "region:us"], "downloads": 2, "library_name": "transformers", "mask_token": "[MASK]", "widgetData": [{"text": "I like you. I love you"}], "likes": 0, "config": {"architectures": ["BertForSequenceClassification"], "model_type": "bert"}, "transformersInfo": {"auto_model": "AutoModelForSequenceClassification", "pipeline_tag": "text-classification", "processor": "AutoTokenizer"}, "siblings": [{"rfilename": ".gitattributes"}, {"rfilename": "config.json"}, {"rfilename": "pytorch_model.bin"}, {"rfilename": "training_args.bin"}], "spaces": [], "createdAt": "2023-05-04T04:30:35.000Z", "inferenceStatus": "not-loaded"}