{"_id": "64533a1a3a794b2d9b21a18f", "id": "t4-project/tefillah-heBERT", "modelId": "t4-project/tefillah-heBERT", "author": "t4-project", "sha": "a0b0695b6733de2e8475d739142258789e732a20", "lastModified": "2023-05-04T04:55:36.000Z", "private": false, "disabled": false, "gated": false, "pipeline_tag": "text-classification", "tags": ["transformers", "pytorch", "bert", "text-classification", "autotrain_compatible", "endpoints_compatible", "region:us"], "downloads": 3, "library_name": "transformers", "mask_token": "[MASK]", "widgetData": [{"text": "I like you. I love you"}], "likes": 0, "config": {"architectures": ["BertForSequenceClassification"], "model_type": "bert"}, "transformersInfo": {"auto_model": "AutoModelForSequenceClassification", "pipeline_tag": "text-classification", "processor": "AutoTokenizer"}, "siblings": [{"rfilename": ".gitattributes"}, {"rfilename": "config.json"}, {"rfilename": "pytorch_model.bin"}, {"rfilename": "training_args.bin"}], "spaces": [], "createdAt": "2023-05-04T04:52:42.000Z", "inferenceStatus": "not-loaded"}