{"_id": "645330423a794b2d9b20c746", "id": "t4-project/yisrael-alephBERT", "modelId": "t4-project/yisrael-alephBERT", "author": "t4-project", "sha": "79db97cdcb27c0b6d7f1f14e5e459892c95c6133", "lastModified": "2023-05-04T04:14:20.000Z", "private": false, "disabled": false, "gated": false, "pipeline_tag": "text-classification", "tags": ["transformers", "pytorch", "bert", "text-classification", "autotrain_compatible", "endpoints_compatible", "region:us"], "downloads": 4, "library_name": "transformers", "mask_token": "[MASK]", "widgetData": [{"text": "I like you. I love you"}], "likes": 0, "config": {"architectures": ["BertForSequenceClassification"], "model_type": "bert"}, "transformersInfo": {"auto_model": "AutoModelForSequenceClassification", "pipeline_tag": "text-classification", "processor": "AutoTokenizer"}, "siblings": [{"rfilename": ".gitattributes"}, {"rfilename": "config.json"}, {"rfilename": "pytorch_model.bin"}, {"rfilename": "training_args.bin"}], "spaces": [], "createdAt": "2023-05-04T04:10:42.000Z", "inferenceStatus": "not-loaded"}