{"_id": "645338fc8fe6558e328f2fa5", "id": "t4-project/tefillah-BEREL", "modelId": "t4-project/tefillah-BEREL", "author": "t4-project", "sha": "13d02ba4d555ceef4b8a0795263ab94e8b70d154", "lastModified": "2023-05-04T04:52:42.000Z", "private": false, "disabled": false, "gated": false, "pipeline_tag": "text-classification", "tags": ["transformers", "pytorch", "bert", "text-classification", "autotrain_compatible", "endpoints_compatible", "region:us"], "downloads": 2, "library_name": "transformers", "mask_token": "[MASK]", "widgetData": [{"text": "I like you. I love you"}], "likes": 0, "config": {"architectures": ["BertForSequenceClassification"], "model_type": "bert"}, "transformersInfo": {"auto_model": "AutoModelForSequenceClassification", "pipeline_tag": "text-classification", "processor": "AutoTokenizer"}, "siblings": [{"rfilename": ".gitattributes"}, {"rfilename": "config.json"}, {"rfilename": "pytorch_model.bin"}, {"rfilename": "training_args.bin"}], "spaces": [], "createdAt": "2023-05-04T04:47:56.000Z", "inferenceStatus": "not-loaded"}