{"_id": "652aca74802e3d1a4fa84ab3", "id": "t4ai/finetuning-classification-model-t4-roberta2", "modelId": "t4ai/finetuning-classification-model-t4-roberta2", "author": "t4ai", "sha": "fdb7794cbef11bbd5fbb76393441a9b0a8508fd0", "lastModified": "2023-10-14T20:41:23.000Z", "private": false, "disabled": false, "gated": false, "pipeline_tag": "text-classification", "tags": ["transformers", "tf", "roberta", "text-classification", "generated_from_keras_callback", "base_model:roberta-base", "license:mit", "autotrain_compatible", "endpoints_compatible", "region:us"], "downloads": 3, "library_name": "transformers", "mask_token": "<mask>", "widgetData": [{"text": "I like you. I love you"}], "likes": 0, "model-index": [{"name": "t4ai/finetuning-classification-model-t4-roberta2", "results": []}], "config": {"architectures": ["RobertaForSequenceClassification"], "model_type": "roberta", "tokenizer_config": {"bos_token": "<s>", "cls_token": "<s>", "eos_token": "</s>", "mask_token": "<mask>", "pad_token": "<pad>", "sep_token": "</s>", "unk_token": "<unk>"}}, "cardData": {"license": "mit", "base_model": "roberta-base", "tags": ["generated_from_keras_callback"], "model-index": [{"name": "t4ai/finetuning-classification-model-t4-roberta2", "results": []}]}, "transformersInfo": {"auto_model": "AutoModelForSequenceClassification", "pipeline_tag": "text-classification", "processor": "AutoTokenizer"}, "siblings": [{"rfilename": ".gitattributes"}, {"rfilename": "README.md"}, {"rfilename": "added_tokens.json"}, {"rfilename": "config.json"}, {"rfilename": "merges.txt"}, {"rfilename": "special_tokens_map.json"}, {"rfilename": "tf_model.h5"}, {"rfilename": "tokenizer.json"}, {"rfilename": "tokenizer_config.json"}, {"rfilename": "vocab.json"}], "spaces": [], "createdAt": "2023-10-14T17:05:56.000Z", "inferenceStatus": "not-loaded"}