{"_id": "663160503852a37ce3a53b10", "id": "t4coxt00t/Radio_Daemon", "modelId": "t4coxt00t/Radio_Daemon", "author": "t4coxt00t", "sha": "0c1a0d0635755f6c6dbc27311a2bf2be370db3ab", "lastModified": "2024-04-30T21:20:04.000Z", "private": false, "disabled": false, "gated": false, "tags": ["tensorboard", "safetensors", "region:us"], "downloads": 0, "likes": 0, "siblings": [{"rfilename": ".gitattributes"}, {"rfilename": "https:/huggingface.co/t4coxt00t/Radio-Daemon/README.md"}, {"rfilename": "https:/huggingface.co/t4coxt00t/Radio-Daemon/adapter_config.json"}, {"rfilename": "https:/huggingface.co/t4coxt00t/Radio-Daemon/adapter_model.safetensors"}, {"rfilename": "https:/huggingface.co/t4coxt00t/Radio-Daemon/added_tokens.json"}, {"rfilename": "https:/huggingface.co/t4coxt00t/Radio-Daemon/runs/Apr30_01-53-28_t4cox-supreme/events.out.tfevents.1714442015.t4cox-supreme.457.0"}, {"rfilename": "https:/huggingface.co/t4coxt00t/Radio-Daemon/special_tokens_map.json"}, {"rfilename": "https:/huggingface.co/t4coxt00t/Radio-Daemon/tokenizer.json"}, {"rfilename": "https:/huggingface.co/t4coxt00t/Radio-Daemon/tokenizer.model"}, {"rfilename": "https:/huggingface.co/t4coxt00t/Radio-Daemon/tokenizer_config.json"}, {"rfilename": "https:/huggingface.co/t4coxt00t/Radio-Daemon/training_args.bin"}, {"rfilename": "https:/huggingface.co/t4coxt00t/Radio-Daemon/training_params.json"}, {"rfilename": "https:/huggingface.co/t4coxt00t/Radio-Daemon/tree/main/README.md"}, {"rfilename": "https:/huggingface.co/t4coxt00t/Radio-Daemon/tree/main/adapter_config.json"}, {"rfilename": "https:/huggingface.co/t4coxt00t/Radio-Daemon/tree/main/adapter_model.safetensors"}, {"rfilename": "https:/huggingface.co/t4coxt00t/Radio-Daemon/tree/main/added_tokens.json"}, {"rfilename": "https:/huggingface.co/t4coxt00t/Radio-Daemon/tree/main/runs/Apr30_01-53-28_t4cox-supreme/events.out.tfevents.1714442015.t4cox-supreme.457.0"}, {"rfilename": "https:/huggingface.co/t4coxt00t/Radio-Daemon/tree/main/special_tokens_map.json"}, {"rfilename": "https:/huggingface.co/t4coxt00t/Radio-Daemon/tree/main/tokenizer.json"}, {"rfilename": "https:/huggingface.co/t4coxt00t/Radio-Daemon/tree/main/tokenizer.model"}, {"rfilename": "https:/huggingface.co/t4coxt00t/Radio-Daemon/tree/main/tokenizer_config.json"}, {"rfilename": "https:/huggingface.co/t4coxt00t/Radio-Daemon/tree/main/training_args.bin"}, {"rfilename": "https:/huggingface.co/t4coxt00t/Radio-Daemon/tree/main/training_params.json"}], "spaces": [], "createdAt": "2024-04-30T21:19:12.000Z", "inferenceStatus": "not-loaded"}