{"_id": "65d72ca3f8729e23335e5c2a", "id": "t4deu/medbriefer", "modelId": "t4deu/medbriefer", "author": "t4deu", "sha": "746a5d16a2b9f0d05500c796e4c24183438d9f29", "lastModified": "2024-02-22T12:12:39.000Z", "private": false, "disabled": false, "gated": false, "tags": ["safetensors", "license:mit", "region:us"], "downloads": 0, "likes": 0, "model-index": null, "cardData": {"license": "mit"}, "siblings": [{"rfilename": ".gitattributes"}, {"rfilename": "README.md"}, {"rfilename": "description.json"}, {"rfilename": "model/.DS_Store"}, {"rfilename": "model/logs/.gitignore"}, {"rfilename": "model/model_hyperparameters.json"}, {"rfilename": "model/model_weights/README.md"}, {"rfilename": "model/model_weights/adapter_config.json"}, {"rfilename": "model/model_weights/adapter_model.safetensors"}, {"rfilename": "model/training_checkpoints/.gitignore"}, {"rfilename": "model/training_checkpoints/best.ckpt"}, {"rfilename": "model/training_checkpoints/latest.ckpt"}, {"rfilename": "model/training_progress.json"}, {"rfilename": "model/training_set_metadata.json"}, {"rfilename": "training_statistics.json"}], "spaces": [], "createdAt": "2024-02-22T11:14:43.000Z", "inferenceStatus": "not-loaded"}