{"_id": "6401f27b9fe2fcff94c2197f", "id": "ta4180903/pablo", "modelId": "ta4180903/pablo", "author": "ta4180903", "sha": "8a3beb40fef34aa2b8ba0e277ff5b986d33aed61", "lastModified": "2023-03-03T13:13:31.000Z", "private": false, "disabled": false, "gated": false, "tags": ["license:artistic-2.0", "region:us"], "downloads": 0, "likes": 0, "model-index": null, "cardData": {"license": "artistic-2.0"}, "siblings": [{"rfilename": ".gitattributes"}, {"rfilename": "README.md"}], "spaces": [], "createdAt": "2023-03-03T13:13:31.000Z", "inferenceStatus": "not-loaded"}