{"_id": "6642e814450bf9a547a45c33", "id": "ta4tsering/Lhasa_Kanjur_TrOCR", "modelId": "ta4tsering/Lhasa_Kanjur_TrOCR", "author": "ta4tsering", "sha": "a6e2c8e7316b722d7776c00ecc46f12b4501cb06", "lastModified": "2024-05-14T04:27:39.000Z", "private": false, "disabled": false, "gated": false, "tags": ["transformers", "safetensors", "vision-encoder-decoder", "endpoints_compatible", "region:us"], "downloads": 1, "library_name": "transformers", "likes": 0, "config": {"architectures": ["VisionEncoderDecoderModel"], "model_type": "vision-encoder-decoder"}, "transformersInfo": {"auto_model": "AutoModel", "processor": "AutoTokenizer"}, "siblings": [{"rfilename": ".gitattributes"}, {"rfilename": "config.json"}, {"rfilename": "generation_config.json"}, {"rfilename": "model.safetensors"}, {"rfilename": "optimizer.pt"}, {"rfilename": "preprocessor_config.json"}, {"rfilename": "rng_state.pth"}, {"rfilename": "scheduler.pt"}, {"rfilename": "trainer_state.json"}, {"rfilename": "training_args.bin"}], "spaces": [], "createdAt": "2024-05-14T04:27:00.000Z", "safetensors": {"parameters": {"F32": 184077088}, "total": 184077088}, "inferenceStatus": "not-loaded"}