{"_id": "63df3b82edf4471493a57587", "id": "ta6o-yamanaka/nva-Covers", "modelId": "ta6o-yamanaka/nva-Covers", "author": "ta6o-yamanaka", "sha": "1783d20602f4797984c6d569e652b4c8856819ea", "lastModified": "2023-02-05T11:26:46.000Z", "private": false, "disabled": false, "gated": false, "tags": ["region:us"], "downloads": 0, "likes": 0, "siblings": [{"rfilename": ".gitattributes"}, {"rfilename": "Covers-000001.safetensors"}, {"rfilename": "Covers-000002.safetensors"}, {"rfilename": "Covers-000003.safetensors"}, {"rfilename": "Covers-000004.safetensors"}, {"rfilename": "Covers-000005.safetensors"}, {"rfilename": "Covers-000006.safetensors"}, {"rfilename": "Covers-000007.safetensors"}, {"rfilename": "Covers-000008.safetensors"}, {"rfilename": "Covers-000009.safetensors"}, {"rfilename": "Covers.safetensors"}, {"rfilename": "kurorichin.zip"}, {"rfilename": "sunga.zip"}, {"rfilename": "syunga.zip"}], "spaces": [], "createdAt": "2023-02-05T05:15:46.000Z", "inferenceStatus": "not-loaded"}