{"_id": "63df9fa465a66d9a458ca761", "id": "ta6o-yamanaka/nva-sunga", "modelId": "ta6o-yamanaka/nva-sunga", "author": "ta6o-yamanaka", "sha": "8ae659a09fe31e4e207f082e805453f6c73a0722", "lastModified": "2023-02-05T12:23:27.000Z", "private": false, "disabled": false, "gated": false, "tags": ["region:us"], "downloads": 0, "likes": 0, "siblings": [{"rfilename": ".gitattributes"}, {"rfilename": "sunga-000001.safetensors"}, {"rfilename": "sunga-000002.safetensors"}, {"rfilename": "sunga-000003.safetensors"}, {"rfilename": "sunga-000004.safetensors"}, {"rfilename": "sunga-000005.safetensors"}, {"rfilename": "sunga-000006.safetensors"}, {"rfilename": "sunga-000007.safetensors"}, {"rfilename": "sunga-000008.safetensors"}, {"rfilename": "sunga-000009.safetensors"}, {"rfilename": "sunga.safetensors"}], "spaces": [], "createdAt": "2023-02-05T12:23:00.000Z", "inferenceStatus": "not-loaded"}