{"_id": "667986c0335cad277ce5c693", "id": "taa/ChatTTS_colab", "modelId": "taa/ChatTTS_colab", "author": "taa", "sha": "1f78d397ededbcf29bf6e07ce4614bd15d32da13", "lastModified": "2024-06-24T15:08:19.000Z", "private": false, "disabled": false, "gated": false, "tags": ["license:mit", "region:us"], "downloads": 0, "likes": 0, "model-index": null, "cardData": {"license": "mit"}, "siblings": [{"rfilename": ".gitattributes"}, {"rfilename": "ChatTTS_colab_offline-0.0.6.7z"}, {"rfilename": "README.md"}], "spaces": [], "createdAt": "2024-06-24T14:46:24.000Z", "inferenceStatus": "not-loaded"}