{"_id": "621ffdc136468d709f1777b0", "id": "TaahaKazi/joke-identifier-bert", "modelId": "TaahaKazi/joke-identifier-bert", "author": "TaahaKazi", "sha": "612adce17ee53d71b9be68406197a3da919ba240", "lastModified": "2021-04-11T08:41:10.000Z", "private": false, "disabled": false, "gated": false, "tags": ["region:us"], "downloads": 0, "likes": 0, "siblings": [{"rfilename": ".gitattributes"}, {"rfilename": "README.md"}], "spaces": [], "createdAt": "2022-03-02T23:29:05.000Z", "inferenceStatus": "not-loaded"}