{"_id": "64e311b9d2af12910d6f140a", "id": "taareshg/falcon-7b-sharded-python-code-instruct", "modelId": "taareshg/falcon-7b-sharded-python-code-instruct", "author": "taareshg", "sha": "b21f6034c62d74912c2a1876218eab1a837d4b9a", "lastModified": "2023-08-23T12:26:49.000Z", "private": false, "disabled": false, "gated": false, "tags": ["tensorboard", "generated_from_trainer", "dataset:iamtarun/python_code_instructions_18k_alpaca", "base_model:ybelkada/falcon-7b-sharded-bf16", "region:us"], "downloads": 0, "likes": 0, "model-index": [{"name": "falcon-7b-sharded-python-code-instruct", "results": []}], "config": {"tokenizer_config": {"eos_token": "<|endoftext|>"}}, "cardData": {"base_model": "ybelkada/falcon-7b-sharded-bf16", "tags": ["generated_from_trainer"], "model-index": [{"name": "falcon-7b-sharded-python-code-instruct", "results": []}], "datasets": ["iamtarun/python_code_instructions_18k_alpaca"]}, "siblings": [{"rfilename": ".gitattributes"}, {"rfilename": ".gitignore"}, {"rfilename": "README.md"}, {"rfilename": "adapter_config.json"}, {"rfilename": "adapter_model.bin"}, {"rfilename": "runs/Aug21_07-26-49_467f12c25673/events.out.tfevents.1692602814.467f12c25673.23.0"}, {"rfilename": "special_tokens_map.json"}, {"rfilename": "tokenizer.json"}, {"rfilename": "tokenizer_config.json"}, {"rfilename": "training_args.bin"}], "spaces": [], "createdAt": "2023-08-21T07:26:49.000Z", "inferenceStatus": "not-loaded"}