{"_id": "6576c551addd9129ffbb0145", "id": "tabahiro/sd-class-butterflies-32", "modelId": "tabahiro/sd-class-butterflies-32", "author": "tabahiro", "sha": "37f3cc2345d80bd0e62f4712f49f04531f52fb0a", "lastModified": "2023-12-11T08:16:24.000Z", "private": false, "disabled": false, "gated": false, "pipeline_tag": "unconditional-image-generation", "tags": ["diffusers", "safetensors", "pytorch", "unconditional-image-generation", "diffusion-models-class", "license:mit", "diffusers:DDPMPipeline", "region:us"], "downloads": 19, "library_name": "diffusers", "likes": 0, "model-index": null, "config": {"diffusers": {"_class_name": "DDPMPipeline"}}, "cardData": {"license": "mit", "tags": ["pytorch", "diffusers", "unconditional-image-generation", "diffusion-models-class"]}, "siblings": [{"rfilename": ".gitattributes"}, {"rfilename": "README.md"}, {"rfilename": "config.json"}, {"rfilename": "diffusion_pytorch_model.safetensors"}, {"rfilename": "model_index.json"}, {"rfilename": "scheduler_config.json"}], "spaces": [], "createdAt": "2023-12-11T08:16:17.000Z", "inferenceStatus": "not-loaded"}