{"_id": "64bbd3f48496ee0fb6d0c09e", "id": "tabbyqwq/SephirothRVC2", "modelId": "tabbyqwq/SephirothRVC2", "author": "tabbyqwq", "sha": "5a6c739243eb8804d90065d94853747e54afbfc6", "lastModified": "2023-07-22T13:07:26.000Z", "private": false, "disabled": false, "gated": false, "tags": ["license:openrail", "region:us"], "downloads": 0, "likes": 1, "model-index": null, "cardData": {"license": "openrail"}, "siblings": [{"rfilename": ".gitattributes"}, {"rfilename": "README.md"}, {"rfilename": "sephiroth-crepe-250e.zip"}], "spaces": [], "createdAt": "2023-07-22T13:04:52.000Z", "inferenceStatus": "not-loaded"}