{"_id": "65e93cbc014f4be34f631127", "id": "TabbyML/models", "modelId": "TabbyML/models", "author": "TabbyML", "sha": "f0d46dd2120ad97bdd4651020891252381fee3f8", "lastModified": "2024-04-09T20:57:03.000Z", "private": false, "disabled": false, "gated": false, "tags": ["gguf", "region:us"], "downloads": 4323, "likes": 6, "siblings": [{"rfilename": ".gitattributes"}, {"rfilename": "codegemma-2b.Q8_0.gguf"}, {"rfilename": "codegemma-7b-it.Q8_0.gguf"}, {"rfilename": "codegemma-7b.Q8_0.gguf"}, {"rfilename": "starcoder2-3B.Q8_0.gguf"}, {"rfilename": "starcoder2-7B.Q8_0.gguf"}, {"rfilename": "starcoderbase-1B.Q8_0.gguf"}, {"rfilename": "starcoderbase-3B.Q8_0.gguf"}, {"rfilename": "starcoderbase-7B.Q8_0.gguf"}, {"rfilename": "wizardcoder-3B.Q8_0.gguf"}], "spaces": [], "createdAt": "2024-03-07T04:04:12.000Z", "inferenceStatus": "not-loaded"}