{"_id": "6647d4ec88f930340c5d1cae", "id": "tabbas97/distilbert-base-uncased-finetuned-pubmed-lora-trained-tabbas97", "modelId": "tabbas97/distilbert-base-uncased-finetuned-pubmed-lora-trained-tabbas97", "author": "tabbas97", "sha": "7949fef2cc518d715e0a2dd3b72747ce9391c3a4", "lastModified": "2024-05-18T03:47:46.000Z", "private": false, "disabled": false, "gated": false, "tags": ["peft", "safetensors", "generated_from_trainer", "dataset:pubmed-summarization", "base_model:distilbert-base-uncased", "license:apache-2.0", "region:us"], "downloads": 2, "library_name": "peft", "likes": 0, "model-index": [{"name": "distilbert-base-uncased-finetuned-pubmed-lora-trained-tabbas97", "results": []}], "config": {"tokenizer_config": {"cls_token": "[CLS]", "mask_token": "[MASK]", "pad_token": "[PAD]", "sep_token": "[SEP]", "unk_token": "[UNK]"}, "peft": {"base_model_name_or_path": "distilbert-base-uncased", "task_type": "FEATURE_EXTRACTION"}}, "cardData": {"license": "apache-2.0", "library_name": "peft", "tags": ["generated_from_trainer"], "base_model": "distilbert-base-uncased", "datasets": ["pubmed-summarization"], "model-index": [{"name": "distilbert-base-uncased-finetuned-pubmed-lora-trained-tabbas97", "results": []}]}, "siblings": [{"rfilename": ".gitattributes"}, {"rfilename": "README.md"}, {"rfilename": "adapter_config.json"}, {"rfilename": "adapter_model.safetensors"}, {"rfilename": "special_tokens_map.json"}, {"rfilename": "tokenizer.json"}, {"rfilename": "tokenizer_config.json"}, {"rfilename": "training_args.bin"}, {"rfilename": "vocab.txt"}], "spaces": [], "createdAt": "2024-05-17T22:06:36.000Z", "inferenceStatus": "not-loaded"}