{"_id": "664629f831aa3954d21a3afb", "id": "tabbas97/distilbert-base-uncased-finetuned-pubmed-tabbas97", "modelId": "tabbas97/distilbert-base-uncased-finetuned-pubmed-tabbas97", "author": "tabbas97", "sha": "6b3627de11b7822de1b0d9804a556591708d6277", "lastModified": "2024-05-16T16:06:29.000Z", "private": false, "disabled": false, "gated": false, "pipeline_tag": "fill-mask", "tags": ["transformers", "tf", "distilbert", "fill-mask", "generated_from_keras_callback", "base_model:distilbert-base-uncased", "license:apache-2.0", "autotrain_compatible", "endpoints_compatible", "region:us"], "downloads": 2, "library_name": "transformers", "mask_token": "[MASK]", "widgetData": [{"text": "Paris is the [MASK] of France."}, {"text": "The goal of life is [MASK]."}], "likes": 0, "model-index": [{"name": "tabbas97/distilbert-base-uncased-finetuned-pubmed-tabbas97", "results": []}], "config": {"architectures": ["DistilBertForMaskedLM"], "model_type": "distilbert", "tokenizer_config": {"cls_token": "[CLS]", "mask_token": "[MASK]", "pad_token": "[PAD]", "sep_token": "[SEP]", "unk_token": "[UNK]"}}, "cardData": {"license": "apache-2.0", "base_model": "distilbert-base-uncased", "tags": ["generated_from_keras_callback"], "model-index": [{"name": "tabbas97/distilbert-base-uncased-finetuned-pubmed-tabbas97", "results": []}]}, "transformersInfo": {"auto_model": "AutoModelForMaskedLM", "pipeline_tag": "fill-mask", "processor": "AutoTokenizer"}, "siblings": [{"rfilename": ".gitattributes"}, {"rfilename": "README.md"}, {"rfilename": "config.json"}, {"rfilename": "special_tokens_map.json"}, {"rfilename": "tf_model.h5"}, {"rfilename": "tokenizer.json"}, {"rfilename": "tokenizer_config.json"}, {"rfilename": "vocab.txt"}], "spaces": [], "createdAt": "2024-05-16T15:44:56.000Z", "inferenceStatus": "not-loaded"}