{"_id": "65fe4161a90f36cf8f596d77", "id": "Tabiboott/Ps2", "modelId": "Tabiboott/Ps2", "author": "Tabiboott", "sha": "210008d4c9195b843fc4c060965af5f27fb926c9", "lastModified": "2024-03-23T02:46:08.000Z", "private": false, "disabled": false, "gated": false, "pipeline_tag": "image-to-image", "tags": ["image-to-image", "region:us"], "downloads": 0, "likes": 0, "model-index": null, "cardData": {"pipeline_tag": "image-to-image"}, "siblings": [{"rfilename": ".gitattributes"}, {"rfilename": "README.md"}], "spaces": [], "createdAt": "2024-03-23T02:41:37.000Z", "inferenceStatus": "not-loaded"}