{"_id": "64a8ed22a8e86b27d0966891", "id": "TabiDarril/Ebardo", "modelId": "TabiDarril/Ebardo", "author": "TabiDarril", "sha": "9117eb8537fee498c41f79214717aec56a2b9e5f", "lastModified": "2023-07-08T05:06:57.000Z", "private": false, "disabled": false, "gated": false, "tags": ["en", "ru", "region:us"], "downloads": 0, "likes": 0, "model-index": null, "cardData": {"language": ["en", "ru"]}, "siblings": [{"rfilename": ".gitattributes"}, {"rfilename": "README.md"}, {"rfilename": "ebardo.zip"}], "spaces": [], "createdAt": "2023-07-08T04:59:14.000Z", "inferenceStatus": "not-loaded"}