{"_id": "62ecc8f42242018cc7fcad62", "id": "tabilzeya/yeni", "modelId": "tabilzeya/yeni", "author": "tabilzeya", "sha": "89a3c2d5ea0211de89e2a36ee009ebd8869f6215", "lastModified": "2022-08-05T07:38:28.000Z", "private": false, "disabled": false, "gated": false, "tags": ["license:afl-3.0", "region:us"], "downloads": 0, "likes": 0, "model-index": null, "cardData": {"license": "afl-3.0"}, "siblings": [{"rfilename": ".gitattributes"}, {"rfilename": "README.md"}], "spaces": [], "createdAt": "2022-08-05T07:38:28.000Z", "inferenceStatus": "not-loaded"}