{"_id": "66261da3773d4d30fa649cfb", "id": "TableCheck/flan-t5-small-query-extraction", "modelId": "TableCheck/flan-t5-small-query-extraction", "author": "TableCheck", "sha": "9abcd6e07fea3a8f2123418d94ef1b1513cc4ee7", "lastModified": "2024-04-22T08:20:29.000Z", "private": false, "disabled": false, "gated": false, "pipeline_tag": "text2text-generation", "tags": ["transformers", "tensorboard", "safetensors", "t5", "text2text-generation", "generated_from_trainer", "base_model:google/flan-t5-small", "license:apache-2.0", "autotrain_compatible", "text-generation-inference", "endpoints_compatible", "region:us"], "downloads": 79, "library_name": "transformers", "likes": 0, "model-index": [{"name": "flant-t5-small-function-calling", "results": []}], "config": {"architectures": ["T5ForConditionalGeneration"], "model_type": "t5", "tokenizer_config": {"eos_token": "</s>", "pad_token": "<pad>", "unk_token": "<unk>"}}, "cardData": {"license": "apache-2.0", "base_model": "google/flan-t5-small", "tags": ["generated_from_trainer"], "metrics": ["rouge"], "model-index": [{"name": "flant-t5-small-function-calling", "results": []}]}, "transformersInfo": {"auto_model": "AutoModelForSeq2SeqLM", "pipeline_tag": "text2text-generation", "processor": "AutoTokenizer"}, "siblings": [{"rfilename": ".gitattributes"}, {"rfilename": "README.md"}, {"rfilename": "added_tokens.json"}, {"rfilename": "config.json"}, {"rfilename": "generation_config.json"}, {"rfilename": "logs/events.out.tfevents.1713760581.b8a55287aee4.388.0"}, {"rfilename": "logs/events.out.tfevents.1713773845.b8a55287aee4.388.1"}, {"rfilename": "model.safetensors"}, {"rfilename": "special_tokens_map.json"}, {"rfilename": "spiece.model"}, {"rfilename": "tokenizer.json"}, {"rfilename": "tokenizer_config.json"}, {"rfilename": "training_args.bin"}], "spaces": [], "createdAt": "2024-04-22T08:19:47.000Z", "safetensors": {"parameters": {"F32": 76934528}, "total": 76934528}, "inferenceStatus": "not-loaded"}