{"_id": "662890e275e847e38a1970ab", "id": "TableCheck/flan-t5-small-query-extraction-v2", "modelId": "TableCheck/flan-t5-small-query-extraction-v2", "author": "TableCheck", "sha": "33fe960ee34a411605a9fcf5b90869b24a596955", "lastModified": "2024-04-24T04:56:22.000Z", "private": false, "disabled": false, "gated": false, "pipeline_tag": "text2text-generation", "tags": ["transformers", "tensorboard", "safetensors", "t5", "text2text-generation", "generated_from_trainer", "base_model:google/flan-t5-small", "license:apache-2.0", "autotrain_compatible", "text-generation-inference", "endpoints_compatible", "region:us"], "downloads": 109, "library_name": "transformers", "likes": 0, "model-index": [{"name": "flant-t5-small-function-calling-v2", "results": []}], "config": {"architectures": ["T5ForConditionalGeneration"], "model_type": "t5", "tokenizer_config": {"eos_token": "</s>", "pad_token": "<pad>", "unk_token": "<unk>"}}, "cardData": {"license": "apache-2.0", "base_model": "google/flan-t5-small", "tags": ["generated_from_trainer"], "metrics": ["rouge"], "model-index": [{"name": "flant-t5-small-function-calling-v2", "results": []}]}, "transformersInfo": {"auto_model": "AutoModelForSeq2SeqLM", "pipeline_tag": "text2text-generation", "processor": "AutoTokenizer"}, "siblings": [{"rfilename": ".gitattributes"}, {"rfilename": "README.md"}, {"rfilename": "added_tokens.json"}, {"rfilename": "config.json"}, {"rfilename": "generation_config.json"}, {"rfilename": "logs/events.out.tfevents.1713917800.4a53dad4bebc.525.0"}, {"rfilename": "logs/events.out.tfevents.1713934561.4a53dad4bebc.525.1"}, {"rfilename": "model.safetensors"}, {"rfilename": "special_tokens_map.json"}, {"rfilename": "spiece.model"}, {"rfilename": "tokenizer.json"}, {"rfilename": "tokenizer_config.json"}, {"rfilename": "training_args.bin"}], "spaces": [], "createdAt": "2024-04-24T04:56:02.000Z", "safetensors": {"parameters": {"F32": 76934528}, "total": 76934528}, "inferenceStatus": "not-loaded"}