{"_id": "62ac737ed88220c9a53be04e", "id": "tabmaster/ds", "modelId": "tabmaster/ds", "author": "tabmaster", "sha": "98c84fa985769e60d483e0cdb6ae58eed879b358", "lastModified": "2022-06-17T12:28:46.000Z", "private": false, "disabled": false, "gated": false, "tags": ["license:afl-3.0", "region:us"], "downloads": 0, "likes": 0, "model-index": null, "cardData": {"license": "afl-3.0"}, "siblings": [{"rfilename": ".gitattributes"}, {"rfilename": "README.md"}], "spaces": [], "createdAt": "2022-06-17T12:28:46.000Z", "inferenceStatus": "not-loaded"}