{"_id": "638ad7f37a6e183d25911b10", "id": "Taboodada/smnbsly", "modelId": "Taboodada/smnbsly", "author": "Taboodada", "sha": "4b7b8749c0cb7de156673ef5a443900eb2d64f80", "lastModified": "2023-01-27T21:37:58.000Z", "private": false, "disabled": false, "gated": false, "pipeline_tag": "text-to-image", "tags": ["diffusers", "text-to-image", "stable-diffusion", "license:creativeml-openrail-m", "autotrain_compatible", "endpoints_compatible", "diffusers:StableDiffusionPipeline", "region:us"], "downloads": 16, "library_name": "diffusers", "likes": 2, "model-index": null, "config": {"diffusers": {"_class_name": "StableDiffusionPipeline"}}, "cardData": {"license": "creativeml-openrail-m", "tags": ["text-to-image", "stable-diffusion"]}, "siblings": [{"rfilename": ".gitattributes"}, {"rfilename": "README.md"}, {"rfilename": "SMNBSLY.ckpt"}, {"rfilename": "SMNBSLY.yaml"}, {"rfilename": "concept_images/conceptimagedb0.jpeg"}, {"rfilename": "concept_images/conceptimagedb1.jpeg"}, {"rfilename": "concept_images/conceptimagedb10.jpeg"}, {"rfilename": "concept_images/conceptimagedb11.jpeg"}, {"rfilename": "concept_images/conceptimagedb12.jpeg"}, {"rfilename": "concept_images/conceptimagedb13.jpeg"}, {"rfilename": "concept_images/conceptimagedb14.jpeg"}, {"rfilename": "concept_images/conceptimagedb15.jpeg"}, {"rfilename": "concept_images/conceptimagedb16.jpeg"}, {"rfilename": "concept_images/conceptimagedb17.jpeg"}, {"rfilename": "concept_images/conceptimagedb18.jpeg"}, {"rfilename": "concept_images/conceptimagedb19.jpeg"}, {"rfilename": "concept_images/conceptimagedb2.jpeg"}, {"rfilename": "concept_images/conceptimagedb20.jpeg"}, {"rfilename": "concept_images/conceptimagedb21.jpeg"}, {"rfilename": "concept_images/conceptimagedb22.jpeg"}, {"rfilename": "concept_images/conceptimagedb23.jpeg"}, {"rfilename": "concept_images/conceptimagedb24.jpeg"}, {"rfilename": "concept_images/conceptimagedb25.jpeg"}, {"rfilename": "concept_images/conceptimagedb26.jpeg"}, {"rfilename": "concept_images/conceptimagedb27.jpeg"}, {"rfilename": "concept_images/conceptimagedb28.jpeg"}, {"rfilename": "concept_images/conceptimagedb29.jpeg"}, {"rfilename": "concept_images/conceptimagedb3.jpeg"}, {"rfilename": "concept_images/conceptimagedb30.jpeg"}, {"rfilename": "concept_images/conceptimagedb31.jpeg"}, {"rfilename": "concept_images/conceptimagedb32.jpeg"}, {"rfilename": "concept_images/conceptimagedb33.jpeg"}, {"rfilename": "concept_images/conceptimagedb34.jpeg"}, {"rfilename": "concept_images/conceptimagedb35.jpeg"}, {"rfilename": "concept_images/conceptimagedb36.jpeg"}, {"rfilename": "concept_images/conceptimagedb37.jpeg"}, {"rfilename": "concept_images/conceptimagedb38.jpeg"}, {"rfilename": "concept_images/conceptimagedb39.jpeg"}, {"rfilename": "concept_images/conceptimagedb4.jpeg"}, {"rfilename": "concept_images/conceptimagedb40.jpeg"}, {"rfilename": "concept_images/conceptimagedb41.jpeg"}, {"rfilename": "concept_images/conceptimagedb42.jpeg"}, {"rfilename": "concept_images/conceptimagedb43.jpeg"}, {"rfilename": "concept_images/conceptimagedb44.jpeg"}, {"rfilename": "concept_images/conceptimagedb45.jpeg"}, {"rfilename": "concept_images/conceptimagedb46.jpeg"}, {"rfilename": "concept_images/conceptimagedb47.jpeg"}, {"rfilename": "concept_images/conceptimagedb48.jpeg"}, {"rfilename": "concept_images/conceptimagedb49.jpeg"}, {"rfilename": "concept_images/conceptimagedb5.jpeg"}, {"rfilename": "concept_images/conceptimagedb50.jpeg"}, {"rfilename": "concept_images/conceptimagedb51.jpeg"}, {"rfilename": "concept_images/conceptimagedb52.jpeg"}, {"rfilename": "concept_images/conceptimagedb53.jpeg"}, {"rfilename": "concept_images/conceptimagedb54.jpeg"}, {"rfilename": "concept_images/conceptimagedb55.jpeg"}, {"rfilename": "concept_images/conceptimagedb56.jpeg"}, {"rfilename": "concept_images/conceptimagedb57.jpeg"}, {"rfilename": "concept_images/conceptimagedb58.jpeg"}, {"rfilename": "concept_images/conceptimagedb59.jpeg"}, {"rfilename": "concept_images/conceptimagedb6.jpeg"}, {"rfilename": "concept_images/conceptimagedb60.jpeg"}, {"rfilename": "concept_images/conceptimagedb61.jpeg"}, {"rfilename": "concept_images/conceptimagedb62.jpeg"}, {"rfilename": "concept_images/conceptimagedb63.jpeg"}, {"rfilename": "concept_images/conceptimagedb64.jpeg"}, {"rfilename": "concept_images/conceptimagedb65.jpeg"}, {"rfilename": "concept_images/conceptimagedb66.jpeg"}, {"rfilename": "concept_images/conceptimagedb67.jpeg"}, {"rfilename": "concept_images/conceptimagedb68.jpeg"}, {"rfilename": "concept_images/conceptimagedb69.jpeg"}, {"rfilename": "concept_images/conceptimagedb7.jpeg"}, {"rfilename": "concept_images/conceptimagedb70.jpeg"}, {"rfilename": "concept_images/conceptimagedb71.jpeg"}, {"rfilename": "concept_images/conceptimagedb72.jpeg"}, {"rfilename": "concept_images/conceptimagedb73.jpeg"}, {"rfilename": "concept_images/conceptimagedb74.jpeg"}, {"rfilename": "concept_images/conceptimagedb75.jpeg"}, {"rfilename": "concept_images/conceptimagedb76.jpeg"}, {"rfilename": "concept_images/conceptimagedb77.jpeg"}, {"rfilename": "concept_images/conceptimagedb78.jpeg"}, {"rfilename": "concept_images/conceptimagedb79.jpeg"}, {"rfilename": "concept_images/conceptimagedb8.jpeg"}, {"rfilename": "concept_images/conceptimagedb80.jpeg"}, {"rfilename": "concept_images/conceptimagedb81.jpeg"}, {"rfilename": "concept_images/conceptimagedb82.jpeg"}, {"rfilename": "concept_images/conceptimagedb83.jpeg"}, {"rfilename": "concept_images/conceptimagedb84.jpeg"}, {"rfilename": "concept_images/conceptimagedb85.jpeg"}, {"rfilename": "concept_images/conceptimagedb86.jpeg"}, {"rfilename": "concept_images/conceptimagedb87.jpeg"}, {"rfilename": "concept_images/conceptimagedb88.jpeg"}, {"rfilename": "concept_images/conceptimagedb89.jpeg"}, {"rfilename": "concept_images/conceptimagedb9.jpeg"}, {"rfilename": "concept_images/conceptimagedb90.jpeg"}, {"rfilename": "concept_images/conceptimagedb91.jpeg"}, {"rfilename": "concept_images/conceptimagedb92.jpeg"}, {"rfilename": "concept_images/conceptimagedb93.jpeg"}, {"rfilename": "concept_images/conceptimagedb94.jpeg"}, {"rfilename": "concept_images/conceptimagedb95.jpeg"}, {"rfilename": "concept_images/conceptimagedb96.jpeg"}, {"rfilename": "concept_images/conceptimagedb97.jpeg"}, {"rfilename": "concept_images/conceptimagedb98.jpeg"}, {"rfilename": "concept_images/conceptimagedb99.jpeg"}, {"rfilename": "instance_images/SMNBSLY-(10).jpeg"}, {"rfilename": "instance_images/SMNBSLY-(11).jpeg"}, {"rfilename": "instance_images/SMNBSLY-(12).jpeg"}, {"rfilename": "instance_images/SMNBSLY-(13).jpeg"}, {"rfilename": "instance_images/SMNBSLY-(14).jpeg"}, {"rfilename": "instance_images/SMNBSLY-(15).jpeg"}, {"rfilename": "instance_images/SMNBSLY-(16).jpeg"}, {"rfilename": "instance_images/SMNBSLY-(17).jpeg"}, {"rfilename": "instance_images/SMNBSLY-(18).jpeg"}, {"rfilename": "instance_images/SMNBSLY-(19).jpeg"}, {"rfilename": "instance_images/SMNBSLY-(2).jpeg"}, {"rfilename": "instance_images/SMNBSLY-(20).jpeg"}, {"rfilename": "instance_images/SMNBSLY-(21).jpeg"}, {"rfilename": "instance_images/SMNBSLY-(22).jpeg"}, {"rfilename": "instance_images/SMNBSLY-(23).jpeg"}, {"rfilename": "instance_images/SMNBSLY-(24).jpeg"}, {"rfilename": "instance_images/SMNBSLY-(247).jpg"}, {"rfilename": "instance_images/SMNBSLY-(248).jpeg"}, {"rfilename": "instance_images/SMNBSLY-(249).jpeg"}, {"rfilename": "instance_images/SMNBSLY-(25).jpeg"}, {"rfilename": "instance_images/SMNBSLY-(250).jpg"}, {"rfilename": "instance_images/SMNBSLY-(26).jpeg"}, {"rfilename": "instance_images/SMNBSLY-(27).jpeg"}, {"rfilename": "instance_images/SMNBSLY-(28).jpeg"}, {"rfilename": "instance_images/SMNBSLY-(29).jpeg"}, {"rfilename": "instance_images/SMNBSLY-(3).jpeg"}, {"rfilename": "instance_images/SMNBSLY-(30).jpeg"}, {"rfilename": "instance_images/SMNBSLY-(31).jpeg"}, {"rfilename": "instance_images/SMNBSLY-(32).jpeg"}, {"rfilename": "instance_images/SMNBSLY-(33).jpeg"}, {"rfilename": "instance_images/SMNBSLY-(34).jpeg"}, {"rfilename": "instance_images/SMNBSLY-(35).jpeg"}, {"rfilename": "instance_images/SMNBSLY-(36).jpeg"}, {"rfilename": "instance_images/SMNBSLY-(37).jpeg"}, {"rfilename": "instance_images/SMNBSLY-(38).jpeg"}, {"rfilename": "instance_images/SMNBSLY-(39).jpeg"}, {"rfilename": "instance_images/SMNBSLY-(4).jpeg"}, {"rfilename": "instance_images/SMNBSLY-(40).jpeg"}, {"rfilename": "instance_images/SMNBSLY-(41).jpeg"}, {"rfilename": "instance_images/SMNBSLY-(42).jpeg"}, {"rfilename": "instance_images/SMNBSLY-(43).jpeg"}, {"rfilename": "instance_images/SMNBSLY-(44).jpeg"}, {"rfilename": "instance_images/SMNBSLY-(45).jpeg"}, {"rfilename": "instance_images/SMNBSLY-(46).jpeg"}, {"rfilename": "instance_images/SMNBSLY-(47).jpeg"}, {"rfilename": "instance_images/SMNBSLY-(48).jpeg"}, {"rfilename": "instance_images/SMNBSLY-(49).jpeg"}, {"rfilename": "instance_images/SMNBSLY-(5).jpeg"}, {"rfilename": "instance_images/SMNBSLY-(50).jpeg"}, {"rfilename": "instance_images/SMNBSLY-(51).jpeg"}, {"rfilename": "instance_images/SMNBSLY-(52).jpeg"}, {"rfilename": "instance_images/SMNBSLY-(53).jpeg"}, {"rfilename": "instance_images/SMNBSLY-(54).jpeg"}, {"rfilename": "instance_images/SMNBSLY-(55).jpeg"}, {"rfilename": "instance_images/SMNBSLY-(56).jpeg"}, {"rfilename": "instance_images/SMNBSLY-(57).jpeg"}, {"rfilename": "instance_images/SMNBSLY-(58).jpeg"}, {"rfilename": "instance_images/SMNBSLY-(59).jpeg"}, {"rfilename": "instance_images/SMNBSLY-(6).jpeg"}, {"rfilename": "instance_images/SMNBSLY-(60).jpeg"}, {"rfilename": "instance_images/SMNBSLY-(61).jpeg"}, {"rfilename": "instance_images/SMNBSLY-(62).jpeg"}, {"rfilename": "instance_images/SMNBSLY-(63).jpeg"}, {"rfilename": "instance_images/SMNBSLY-(64).jpeg"}, {"rfilename": "instance_images/SMNBSLY-(65).jpeg"}, {"rfilename": "instance_images/SMNBSLY-(66).jpeg"}, {"rfilename": "instance_images/SMNBSLY-(67).jpeg"}, {"rfilename": "instance_images/SMNBSLY-(68).jpeg"}, {"rfilename": "instance_images/SMNBSLY-(69).jpeg"}, {"rfilename": "instance_images/SMNBSLY-(7).jpeg"}, {"rfilename": "instance_images/SMNBSLY-(70).jpeg"}, {"rfilename": "instance_images/SMNBSLY-(71).jpeg"}, {"rfilename": "instance_images/SMNBSLY-(72).jpeg"}, {"rfilename": "instance_images/SMNBSLY-(73).jpeg"}, {"rfilename": "instance_images/SMNBSLY-(74).jpeg"}, {"rfilename": "instance_images/SMNBSLY-(75).jpeg"}, {"rfilename": "instance_images/SMNBSLY-(76).jpeg"}, {"rfilename": "instance_images/SMNBSLY-(77).jpeg"}, {"rfilename": "instance_images/SMNBSLY-(78).jpeg"}, {"rfilename": "instance_images/SMNBSLY-(79).jpeg"}, {"rfilename": "instance_images/SMNBSLY-(8).jpeg"}, {"rfilename": "instance_images/SMNBSLY-(80).jpeg"}, {"rfilename": "instance_images/SMNBSLY-(81).jpeg"}, {"rfilename": "instance_images/SMNBSLY-(82).jpeg"}, {"rfilename": "instance_images/SMNBSLY-(83).jpeg"}, {"rfilename": "instance_images/SMNBSLY-(84).jpeg"}, {"rfilename": "instance_images/SMNBSLY-(85).jpeg"}, {"rfilename": "instance_images/SMNBSLY-(86).jpeg"}, {"rfilename": "instance_images/SMNBSLY-(87).jpeg"}, {"rfilename": "instance_images/SMNBSLY-(88).jpeg"}, {"rfilename": "instance_images/SMNBSLY-(89).jpeg"}, {"rfilename": "instance_images/SMNBSLY-(9).jpeg"}, {"rfilename": "instance_images/SMNBSLY-(90).jpeg"}, {"rfilename": "instance_images/SMNBSLY-(91).jpeg"}, {"rfilename": "instance_images/SMNBSLY-(92).jpeg"}, {"rfilename": "instance_images/SMNBSLY-(93).jpeg"}, {"rfilename": "instance_images/SMNBSLY-(94).jpeg"}, {"rfilename": "instance_images/SMNBSLY-(95).jpeg"}, {"rfilename": "instance_images/SMNBSLY-(96).jpeg"}, {"rfilename": "instance_images/SMNBSLY-(97).jpeg"}, {"rfilename": "model_index.json"}, {"rfilename": "sample_images/SMNBSLY_(3).jpeg"}, {"rfilename": "sample_images/SMNBSLY_(6).jpeg"}, {"rfilename": "sample_images/SMNBSLY_(7).jpeg"}, {"rfilename": "scheduler/scheduler_config.json"}, {"rfilename": "text_encoder/config.json"}, {"rfilename": "text_encoder/pytorch_model.bin"}, {"rfilename": "tokenizer/merges.txt"}, {"rfilename": "tokenizer/special_tokens_map.json"}, {"rfilename": "tokenizer/tokenizer_config.json"}, {"rfilename": "tokenizer/vocab.json"}, {"rfilename": "unet/config.json"}, {"rfilename": "unet/diffusion_pytorch_model.bin"}, {"rfilename": "vae/config.json"}, {"rfilename": "vae/diffusion_pytorch_model.bin"}], "spaces": [], "createdAt": "2022-12-03T05:00:35.000Z", "inferenceStatus": "not-loaded"}