{"_id": "6546efe97e0f9132181ed157", "id": "Tabon/bert-finetuned-ner", "modelId": "Tabon/bert-finetuned-ner", "author": "Tabon", "sha": "3de9e1e2ff7b0d7645f680e4b8141c8e6ba046c0", "lastModified": "2023-11-07T13:16:49.000Z", "private": false, "disabled": false, "gated": false, "pipeline_tag": "token-classification", "tags": ["transformers", "tensorboard", "safetensors", "bert", "token-classification", "generated_from_trainer", "base_model:bert-base-cased", "license:apache-2.0", "autotrain_compatible", "endpoints_compatible", "region:us"], "downloads": 2, "library_name": "transformers", "mask_token": "[MASK]", "widgetData": [{"text": "My name is Wolfgang and I live in Berlin"}, {"text": "My name is Sarah and I live in London"}, {"text": "My name is Clara and I live in Berkeley, California."}], "likes": 0, "model-index": [{"name": "bert-finetuned-ner", "results": []}], "config": {"architectures": ["BertForTokenClassification"], "model_type": "bert", "tokenizer_config": {"cls_token": "[CLS]", "mask_token": "[MASK]", "pad_token": "[PAD]", "sep_token": "[SEP]", "unk_token": "[UNK]"}}, "cardData": {"license": "apache-2.0", "base_model": "bert-base-cased", "tags": ["generated_from_trainer"], "metrics": ["precision", "recall", "f1", "accuracy"], "model-index": [{"name": "bert-finetuned-ner", "results": []}]}, "transformersInfo": {"auto_model": "AutoModelForTokenClassification", "pipeline_tag": "token-classification", "processor": "AutoTokenizer"}, "siblings": [{"rfilename": ".gitattributes"}, {"rfilename": "README.md"}, {"rfilename": "config.json"}, {"rfilename": "model.safetensors"}, {"rfilename": "runs/Nov05_12-14-40_8c3f954174db/events.out.tfevents.1699186490.8c3f954174db.2181.0"}, {"rfilename": "runs/Nov05_12-14-40_8c3f954174db/events.out.tfevents.1699186608.8c3f954174db.2181.1"}, {"rfilename": "runs/Nov05_12-23-45_8c3f954174db/events.out.tfevents.1699187042.8c3f954174db.2181.2"}, {"rfilename": "runs/Nov05_13-24-55_8c3f954174db/events.out.tfevents.1699190698.8c3f954174db.2181.3"}, {"rfilename": "runs/Nov07_02-35-05_31ec215ade8c/events.out.tfevents.1699324559.31ec215ade8c.2434.0"}, {"rfilename": "runs/Nov07_02-35-05_31ec215ade8c/events.out.tfevents.1699324637.31ec215ade8c.2434.1"}, {"rfilename": "runs/Nov07_02-45-06_31ec215ade8c/events.out.tfevents.1699325109.31ec215ade8c.2434.2"}, {"rfilename": "runs/Nov07_02-48-12_31ec215ade8c/events.out.tfevents.1699325296.31ec215ade8c.2434.3"}, {"rfilename": "runs/Nov07_02-51-35_31ec215ade8c/events.out.tfevents.1699325497.31ec215ade8c.2434.4"}, {"rfilename": "runs/Nov07_02-53-25_31ec215ade8c/events.out.tfevents.1699325607.31ec215ade8c.2434.5"}, {"rfilename": "runs/Nov07_02-55-11_31ec215ade8c/events.out.tfevents.1699325713.31ec215ade8c.2434.6"}, {"rfilename": "runs/Nov07_02-58-11_31ec215ade8c/events.out.tfevents.1699325898.31ec215ade8c.2434.7"}, {"rfilename": "runs/Nov07_02-59-51_31ec215ade8c/events.out.tfevents.1699325994.31ec215ade8c.2434.8"}, {"rfilename": "runs/Nov07_03-00-24_31ec215ade8c/events.out.tfevents.1699326027.31ec215ade8c.2434.9"}, {"rfilename": "runs/Nov07_03-00-58_31ec215ade8c/events.out.tfevents.1699326061.31ec215ade8c.2434.10"}, {"rfilename": "runs/Nov07_10-33-35_8f3e1c13d3e9/events.out.tfevents.1699353227.8f3e1c13d3e9.3992.0"}, {"rfilename": "runs/Nov07_10-37-37_8f3e1c13d3e9/events.out.tfevents.1699353459.8f3e1c13d3e9.3992.1"}, {"rfilename": "runs/Nov07_10-59-34_7cea1df51e40/events.out.tfevents.1699354785.7cea1df51e40.2525.0"}, {"rfilename": "runs/Nov07_11-17-51_7cea1df51e40/events.out.tfevents.1699355873.7cea1df51e40.2525.1"}, {"rfilename": "runs/Nov07_11-17-51_7cea1df51e40/events.out.tfevents.1699355931.7cea1df51e40.2525.2"}, {"rfilename": "runs/Nov07_11-17-51_7cea1df51e40/events.out.tfevents.1699359968.7cea1df51e40.2525.3"}, {"rfilename": "runs/Nov07_12-35-27_7cea1df51e40/events.out.tfevents.1699360529.7cea1df51e40.2525.4"}, {"rfilename": "runs/Nov07_12-37-12_7cea1df51e40/events.out.tfevents.1699360633.7cea1df51e40.2525.5"}, {"rfilename": "runs/Nov07_12-39-50_7cea1df51e40/events.out.tfevents.1699360792.7cea1df51e40.2525.6"}, {"rfilename": "runs/Nov07_12-40-05_7cea1df51e40/events.out.tfevents.1699360807.7cea1df51e40.2525.7"}, {"rfilename": "runs/Nov07_12-42-34_7cea1df51e40/events.out.tfevents.1699360955.7cea1df51e40.2525.8"}, {"rfilename": "runs/Nov07_12-45-56_7cea1df51e40/events.out.tfevents.1699361164.7cea1df51e40.30466.0"}, {"rfilename": "runs/Nov07_12-46-41_7cea1df51e40/events.out.tfevents.1699361202.7cea1df51e40.30466.1"}, {"rfilename": "runs/Nov07_12-47-29_7cea1df51e40/events.out.tfevents.1699361250.7cea1df51e40.30466.2"}, {"rfilename": "runs/Nov07_12-52-56_fde2dd8f4b9a/events.out.tfevents.1699361584.fde2dd8f4b9a.1061.0"}, {"rfilename": "runs/Nov07_13-15-06_1f72798ed702/events.out.tfevents.1699362915.1f72798ed702.990.0"}, {"rfilename": "special_tokens_map.json"}, {"rfilename": "tokenizer.json"}, {"rfilename": "tokenizer_config.json"}, {"rfilename": "training_args.bin"}, {"rfilename": "vocab.txt"}], "spaces": [], "createdAt": "2023-11-05T01:29:13.000Z", "safetensors": {"parameters": {"F32": 107729677}, "total": 107729677}, "inferenceStatus": "not-loaded"}