{"_id": "6568b8a864a420d59a289808", "id": "tabtoyou/KoLLaVA-v1.5-mlp2x-336px-pretrain-Synatra-7b", "modelId": "tabtoyou/KoLLaVA-v1.5-mlp2x-336px-pretrain-Synatra-7b", "author": "tabtoyou", "sha": "027f52f8f7c4263d9ab4d849e5fc0fd5dc8a560a", "lastModified": "2023-11-30T16:44:23.000Z", "private": false, "disabled": false, "gated": false, "pipeline_tag": "text-generation", "tags": ["transformers", "llava", "text-generation", "license:cc-by-sa-4.0", "autotrain_compatible", "endpoints_compatible", "region:us"], "downloads": 3, "library_name": "transformers", "widgetData": [{"text": "My name is Julien and I like to"}, {"text": "My name is Thomas and my main"}, {"text": "My name is Mariama, my favorite"}, {"text": "My name is Clara and I am"}, {"text": "My name is Lewis and I like to"}, {"text": "My name is Merve and my favorite"}, {"text": "My name is Teven and I am"}, {"text": "Once upon a time,"}], "likes": 1, "model-index": null, "config": {"architectures": ["MistralForCausalLM"], "model_type": "llava"}, "cardData": {"license": "cc-by-sa-4.0"}, "transformersInfo": {"auto_model": "AutoModelForCausalLM", "pipeline_tag": "text-generation", "processor": "AutoProcessor"}, "siblings": [{"rfilename": ".gitattributes"}, {"rfilename": "README.md"}, {"rfilename": "config.json"}, {"rfilename": "mm_projector.bin"}, {"rfilename": "trainer_state.json"}], "spaces": [], "createdAt": "2023-11-30T16:30:32.000Z", "inferenceStatus": "not-loaded"}