{"_id": "6486e20ec9d77c91be1e66a4", "id": "tabtoyou/KoLLaVA-KoVicuna-7b", "modelId": "tabtoyou/KoLLaVA-KoVicuna-7b", "author": "tabtoyou", "sha": "025a479be24d9ce6c94b4a6f68256d6b29fa8077", "lastModified": "2023-06-25T12:32:58.000Z", "private": false, "disabled": false, "gated": false, "pipeline_tag": "text-generation", "tags": ["transformers", "pytorch", "llava", "text-generation", "LLaVA", "KoVicuna", "KoLLaVA", "KoAlpaca", "CLIP", "ko", "dataset:tabtoyou/KoLLaVA-Instruct-150k", "dataset:tabtoyou/KoLLaVA-CC3M-Pretrain-595K", "license:apache-2.0", "autotrain_compatible", "endpoints_compatible", "region:us"], "downloads": 139, "library_name": "transformers", "likes": 12, "model-index": null, "config": {"architectures": ["LlavaLlamaForCausalLM"], "model_type": "llava", "tokenizer_config": {"bos_token": {"__type": "AddedToken", "content": "", "lstrip": false, "normalized": true, "rstrip": false, "single_word": false}, "eos_token": {"__type": "AddedToken", "content": "", "lstrip": false, "normalized": true, "rstrip": false, "single_word": false}, "pad_token": null, "unk_token": {"__type": "AddedToken", "content": "", "lstrip": false, "normalized": true, "rstrip": false, "single_word": false}}}, "cardData": {"license": "apache-2.0", "datasets": ["tabtoyou/KoLLaVA-Instruct-150k", "tabtoyou/KoLLaVA-CC3M-Pretrain-595K"], "language": ["ko"], "library_name": "transformers", "tags": ["LLaVA", "KoVicuna", "KoLLaVA", "KoAlpaca", "CLIP"]}, "transformersInfo": {"auto_model": "AutoModelForCausalLM", "pipeline_tag": "text-generation", "processor": "AutoProcessor"}, "siblings": [{"rfilename": ".gitattributes"}, {"rfilename": "README.md"}, {"rfilename": "added_tokens.json"}, {"rfilename": "config.json"}, {"rfilename": "dog.png"}, {"rfilename": "generation_config.json"}, {"rfilename": "nodeul.jpeg"}, {"rfilename": "pytorch_model-00001-of-00003.bin"}, {"rfilename": "pytorch_model-00002-of-00003.bin"}, {"rfilename": "pytorch_model-00003-of-00003.bin"}, {"rfilename": "pytorch_model.bin.index.json"}, {"rfilename": "special_tokens_map.json"}, {"rfilename": "tokenizer.model"}, {"rfilename": "tokenizer_config.json"}, {"rfilename": "trainer_state.json"}, {"rfilename": "training_args.bin"}], "spaces": [], "createdAt": "2023-06-12T09:14:54.000Z", "inferenceStatus": "not-loaded"}