{"_id": "655e3f5ef9829d0918d72efb", "id": "tabtap/sd-v1-5.safetensor", "modelId": "tabtap/sd-v1-5.safetensor", "author": "tabtap", "sha": "e5bd1a678eb53877c211a0d00badc4206ad3b054", "lastModified": "2023-11-22T17:51:22.000Z", "private": false, "disabled": false, "gated": false, "pipeline_tag": "text-to-image", "tags": ["diffusers", "text-to-image", "stable-diffusion", "lora", "template:sd-lora", "base_model:runwayml/stable-diffusion-v1-5", "region:us"], "downloads": 22, "library_name": "diffusers", "widgetData": [{"text": "china girl hottie,  fine eyes++,  confident,  super seductive,  super alluring creamy,  seductive pose,  brothel,  wet skin,  wet big breasts,  no shirt bra ++, 8k portrait of beautiful  with fine hair,  intricate,  elegant,  highly detailed,  majestic,  digital photography,  art by artgerm and ruan jia and greg rutkowski surreal painting gold butterfly filigree,  broken glass,  (masterpiece,  sidelighting,  finely detailed beautiful eyes: 1.2),  hdr, water magic, corneo_tentacle_sex, feel very enjoy,", "parameters": {"negative_prompt": "(3d,  render CGI,  doll,  painting,  fake,  cartoon,  3d modelling:1.4),  (worst quality,  low quality:1.4),  monochrome,  deformed,  malformed,  deformed face,  bad teeth,  bad hands,  bad fingers,  bad eyes,  long body,  blurry,  duplicate,  cloned,  duplicate body parts,  disfigured,  extra limbs,  fused fingers,  extra fingers,  twisted,  distorted,  malformed hands,  mutated hands and fingers,  conjoined,  missing limbs,  bad anatomy,  bad proportions,  logo,  watermark,  text,  copyright,  signatures,  lo-res,  mutated,  mutilated,  artefacts,  gross,  ugly,  hand in pocket,  too many fingers on one hand,  conjoined bodies,  incomplete fingers,  weird fingernails,  displaced fingernails,  double belly-button"}, "output": {"url": "https://huggingface.co/tabtap/sd-v1-5.safetensor/resolve/main/images/pu5PIZeNNONiFvGdYhrhS.png"}}], "likes": 1, "model-index": null, "cardData": {"tags": ["text-to-image", "stable-diffusion", "lora", "diffusers", "template:sd-lora"], "widget": [{"text": "china girl hottie,  fine eyes++,  confident,  super seductive,  super alluring creamy,  seductive pose,  brothel,  wet skin,  wet big breasts,  no shirt bra ++, 8k portrait of beautiful  with fine hair,  intricate,  elegant,  highly detailed,  majestic,  digital photography,  art by artgerm and ruan jia and greg rutkowski surreal painting gold butterfly filigree,  broken glass,  (masterpiece,  sidelighting,  finely detailed beautiful eyes: 1.2),  hdr, water magic, corneo_tentacle_sex, feel very enjoy,", "parameters": {"negative_prompt": "(3d,  render CGI,  doll,  painting,  fake,  cartoon,  3d modelling:1.4),  (worst quality,  low quality:1.4),  monochrome,  deformed,  malformed,  deformed face,  bad teeth,  bad hands,  bad fingers,  bad eyes,  long body,  blurry,  duplicate,  cloned,  duplicate body parts,  disfigured,  extra limbs,  fused fingers,  extra fingers,  twisted,  distorted,  malformed hands,  mutated hands and fingers,  conjoined,  missing limbs,  bad anatomy,  bad proportions,  logo,  watermark,  text,  copyright,  signatures,  lo-res,  mutated,  mutilated,  artefacts,  gross,  ugly,  hand in pocket,  too many fingers on one hand,  conjoined bodies,  incomplete fingers,  weird fingernails,  displaced fingernails,  double belly-button"}, "output": {"url": "https://huggingface.co/tabtap/sd-v1-5.safetensor/resolve/main/images/pu5PIZeNNONiFvGdYhrhS.png"}}], "base_model": "runwayml/stable-diffusion-v1-5", "instance_prompt": null}, "siblings": [{"rfilename": ".gitattributes"}, {"rfilename": "README.md"}, {"rfilename": "images/pu5PIZeNNONiFvGdYhrhS.png"}, {"rfilename": "sd-v1-5.safetensors"}], "spaces": [], "createdAt": "2023-11-22T17:50:22.000Z", "inferenceStatus": "not-loaded"}