{"_id": "64ccbace8174e45ae0803815", "id": "tabtoyou/KoLLaVA-LLaMA-v2-7b-qlora", "modelId": "tabtoyou/KoLLaVA-LLaMA-v2-7b-qlora", "author": "tabtoyou", "sha": "e709fcf03fe69053e4bed81694b0ca9b5fabcc56", "lastModified": "2023-08-06T14:45:16.000Z", "private": false, "disabled": false, "gated": false, "pipeline_tag": "text-generation", "tags": ["transformers", "pytorch", "llava", "text-generation", "license:cc-by-nc-4.0", "autotrain_compatible", "endpoints_compatible", "4-bit", "region:us"], "downloads": 9, "library_name": "transformers", "widgetData": [{"text": "My name is Julien and I like to"}, {"text": "My name is Thomas and my main"}, {"text": "My name is Mariama, my favorite"}, {"text": "My name is Clara and I am"}, {"text": "My name is Lewis and I like to"}, {"text": "My name is Merve and my favorite"}, {"text": "My name is Teven and I am"}, {"text": "Once upon a time,"}], "likes": 2, "model-index": null, "config": {"architectures": ["LlavaLlamaForCausalLM"], "model_type": "llava", "quantization_config": {"load_in_4bit": true, "load_in_8bit": false}, "tokenizer_config": {"bos_token": {"__type": "AddedToken", "content": "<s>", "lstrip": false, "normalized": false, "rstrip": false, "single_word": false}, "eos_token": {"__type": "AddedToken", "content": "</s>", "lstrip": false, "normalized": false, "rstrip": false, "single_word": false}, "pad_token": null, "unk_token": {"__type": "AddedToken", "content": "<unk>", "lstrip": false, "normalized": false, "rstrip": false, "single_word": false}}}, "cardData": {"license": "cc-by-nc-4.0"}, "transformersInfo": {"auto_model": "AutoModelForCausalLM", "pipeline_tag": "text-generation", "processor": "AutoProcessor"}, "siblings": [{"rfilename": ".gitattributes"}, {"rfilename": "README.md"}, {"rfilename": "config.json"}, {"rfilename": "generation_config.json"}, {"rfilename": "pytorch_model-00001-of-00002.bin"}, {"rfilename": "pytorch_model-00002-of-00002.bin"}, {"rfilename": "pytorch_model.bin.index.json"}, {"rfilename": "special_tokens_map.json"}, {"rfilename": "tokenizer.json"}, {"rfilename": "tokenizer_config.json"}], "spaces": [], "createdAt": "2023-08-04T08:46:06.000Z", "inferenceStatus": "not-loaded"}