{"_id": "6554e0f7fd6dbcfd583a46d8", "id": "Tachi67/WritePlanFlowModule", "modelId": "Tachi67/WritePlanFlowModule", "author": "Tachi67", "sha": "f7fa090dfcdb0cb1699645af072811bda8ed3afc", "lastModified": "2023-11-28T21:51:22.000Z", "private": false, "disabled": false, "gated": false, "tags": ["license:mit", "region:us"], "downloads": 0, "likes": 0, "model-index": null, "cardData": {"license": "mit"}, "siblings": [{"rfilename": ".gitattributes"}, {"rfilename": "PlanFileEditorAtomicFlow.py"}, {"rfilename": "PlanFileEditorAtomicFlow.yaml"}, {"rfilename": "PlanGeneratorAtomicFlow.py"}, {"rfilename": "PlanGeneratorAtomicFlow.yaml"}, {"rfilename": "README.md"}, {"rfilename": "WritePlanFlow.py"}, {"rfilename": "WritePlanFlow.yaml"}, {"rfilename": "__init__.py"}], "spaces": [], "createdAt": "2023-11-15T15:17:11.000Z", "inferenceStatus": "not-loaded"}