{"_id": "658214042db4c45ef3eacc87", "id": "Tachi67/JarvisFlowModule", "modelId": "Tachi67/JarvisFlowModule", "author": "Tachi67", "sha": "5ae0aa00cfd8ca50d41ac95d63240f3fed4d831a", "lastModified": "2024-01-05T00:17:03.000Z", "private": false, "disabled": false, "gated": false, "tags": ["region:us"], "downloads": 0, "likes": 0, "siblings": [{"rfilename": ".gitattributes"}, {"rfilename": "Controller_JarvisFlow.py"}, {"rfilename": "Controller_JarvisFlow.yaml"}, {"rfilename": "CtrlExMem_JarvisFlow.py"}, {"rfilename": "CtrlExMem_JarvisFlow.yaml"}, {"rfilename": "FinalAns_Jarvis.py"}, {"rfilename": "FinalAns_Jarvis.yaml"}, {"rfilename": "IntermediateAns_Jarvis.py"}, {"rfilename": "IntermediateAns_Jarvis.yaml"}, {"rfilename": "Introduction_to_Jarvis.md"}, {"rfilename": "JarvisFlow.py"}, {"rfilename": "JarvisFlow.yaml"}, {"rfilename": "Planner_JarvisFlow.py"}, {"rfilename": "Planner_JarvisFlow.yaml"}, {"rfilename": "README.md"}, {"rfilename": "UpdatePlanAtomicFlow.py"}, {"rfilename": "UpdatePlanAtomicFlow.yaml"}, {"rfilename": "__init__.py"}, {"rfilename": "pip_requirements.txt"}, {"rfilename": "run_Jarvis.py"}], "spaces": [], "createdAt": "2023-12-19T22:07:00.000Z", "inferenceStatus": "not-loaded"}