{"_id": "657581a4f9898ed3ab8974bc", "id": "TachyHealth/Thealthnotus-7b_v1", "modelId": "TachyHealth/Thealthnotus-7b_v1", "author": "TachyHealth", "sha": "b2c4acf459c817703ddcb9d78168f160247981f0", "lastModified": "2023-12-10T09:36:30.000Z", "private": false, "disabled": false, "gated": false, "tags": ["peft", "tensorboard", "safetensors", "arxiv:1910.09700", "base_model:argilla/notus-7b-v1", "region:us"], "downloads": 0, "library_name": "peft", "likes": 0, "model-index": null, "config": {"tokenizer_config": {"bos_token": "<s>", "chat_template": "{% for message in messages %}\n{% if message['role'] == 'user' %}\n{{ '<|user|>\n' + message['content'] + eos_token }}\n{% elif message['role'] == 'system' %}\n{{ '<|system|>\n' + message['content'] + eos_token }}\n{% elif message['role'] == 'assistant' %}\n{{ '<|assistant|>\n'  + message['content'] + eos_token }}\n{% endif %}\n{% if loop.last and add_generation_prompt %}\n{{ '<|assistant|>' }}\n{% endif %}\n{% endfor %}", "eos_token": "</s>", "pad_token": "</s>", "unk_token": "<unk>", "use_default_system_prompt": true}, "peft": {"base_model_name_or_path": "argilla/notus-7b-v1", "task_type": "CAUSAL_LM"}}, "cardData": {"library_name": "peft", "base_model": "argilla/notus-7b-v1"}, "siblings": [{"rfilename": ".gitattributes"}, {"rfilename": "README.md"}, {"rfilename": "adapter_config.json"}, {"rfilename": "adapter_model.safetensors"}, {"rfilename": "last-checkpoint/README.md"}, {"rfilename": "last-checkpoint/adapter_config.json"}, {"rfilename": "last-checkpoint/adapter_model.safetensors"}, {"rfilename": "last-checkpoint/optimizer.pt"}, {"rfilename": "last-checkpoint/rng_state.pth"}, {"rfilename": "last-checkpoint/scheduler.pt"}, {"rfilename": "last-checkpoint/trainer_state.json"}, {"rfilename": "last-checkpoint/training_args.bin"}, {"rfilename": "runs/Dec10_09-04-47_66dddfe6377c/events.out.tfevents.1702199716.66dddfe6377c.2277.0"}, {"rfilename": "runs/Dec10_09-22-01_ed2eda2b1dab/events.out.tfevents.1702200825.ed2eda2b1dab.1854.0"}, {"rfilename": "special_tokens_map.json"}, {"rfilename": "tokenizer.json"}, {"rfilename": "tokenizer.model"}, {"rfilename": "tokenizer_config.json"}, {"rfilename": "training_args.bin"}, {"rfilename": "training_config.json"}], "spaces": [], "createdAt": "2023-12-10T09:15:16.000Z", "inferenceStatus": "not-loaded"}