{"_id": "6639c486c168eec0239b3f21", "id": "Tachi67/temp_model_sft", "modelId": "Tachi67/temp_model_sft", "author": "Tachi67", "sha": "8bd48b6b0d439b73b60e56b1bcda343ff34edf36", "lastModified": "2024-05-07T06:08:54.000Z", "private": false, "disabled": false, "gated": false, "pipeline_tag": "text-generation", "tags": ["transformers", "safetensors", "opt", "text-generation", "trl", "sft", "arxiv:1910.09700", "autotrain_compatible", "text-generation-inference", "endpoints_compatible", "region:us"], "downloads": 2, "library_name": "transformers", "widgetData": [{"text": "My name is Julien and I like to"}, {"text": "My name is Thomas and my main"}, {"text": "My name is Mariama, my favorite"}, {"text": "My name is Clara and I am"}, {"text": "My name is Lewis and I like to"}, {"text": "My name is Merve and my favorite"}, {"text": "My name is Teven and I am"}, {"text": "Once upon a time,"}], "likes": 0, "model-index": null, "config": {"architectures": ["OPTForCausalLM"], "model_type": "opt", "tokenizer_config": {"bos_token": "</s>", "eos_token": "</s>", "pad_token": "<pad>", "unk_token": "</s>"}}, "cardData": {"library_name": "transformers", "tags": ["trl", "sft"]}, "transformersInfo": {"auto_model": "AutoModelForCausalLM", "pipeline_tag": "text-generation", "processor": "AutoTokenizer"}, "siblings": [{"rfilename": ".gitattributes"}, {"rfilename": "README.md"}, {"rfilename": "config.json"}, {"rfilename": "generation_config.json"}, {"rfilename": "merges.txt"}, {"rfilename": "model.safetensors"}, {"rfilename": "special_tokens_map.json"}, {"rfilename": "tokenizer.json"}, {"rfilename": "tokenizer_config.json"}, {"rfilename": "vocab.json"}], "spaces": [], "createdAt": "2024-05-07T06:04:54.000Z", "safetensors": {"parameters": {"F32": 331196416}, "total": 331196416}, "inferenceStatus": "not-loaded"}