{"_id": "65704121a2c7dd8174d4ce0c", "id": "Tachi67/PlanFileEditFlowModule", "modelId": "Tachi67/PlanFileEditFlowModule", "author": "Tachi67", "sha": "644182b2cb6aa5fc880f14763e4609630f75da74", "lastModified": "2023-12-31T14:45:23.000Z", "private": false, "disabled": false, "gated": false, "tags": ["region:us"], "downloads": 0, "likes": 0, "siblings": [{"rfilename": ".gitattributes"}, {"rfilename": "PlanFileEditAtomicFlow.py"}, {"rfilename": "PlanFileEditAtomicFlow.yaml"}, {"rfilename": "README.md"}, {"rfilename": "__init__.py"}, {"rfilename": "pip_requirements.txt"}], "spaces": [], "createdAt": "2023-12-06T09:38:41.000Z", "inferenceStatus": "not-loaded"}