{"_id": "657080cc0ea91e592afba4f2", "id": "TachyHealth/Thealth-Yi-6b_v2", "modelId": "TachyHealth/Thealth-Yi-6b_v2", "author": "TachyHealth", "sha": "304ab90c9c03f61193ad5735847302ed446b374c", "lastModified": "2023-12-07T11:12:21.000Z", "private": false, "disabled": false, "gated": false, "tags": ["peft", "tensorboard", "safetensors", "llama", "en", "dataset:medalpaca/medical_meadow_wikidoc", "arxiv:1910.09700", "base_model:01-ai/Yi-6B", "8-bit", "bitsandbytes", "region:us"], "downloads": 0, "library_name": "peft", "likes": 0, "model-index": null, "config": {"architectures": ["LlamaForCausalLM"], "model_type": "llama", "quantization_config": {"load_in_4bit": false, "load_in_8bit": true, "quant_method": "bitsandbytes"}, "tokenizer_config": {"bos_token": "<|startoftext|>", "eos_token": "<|endoftext|>", "pad_token": "<unk>", "unk_token": "<unk>", "use_default_system_prompt": false}, "peft": {"base_model_name_or_path": "01-ai/Yi-6B", "task_type": "CAUSAL_LM"}}, "cardData": {"library_name": "peft", "base_model": "01-ai/Yi-6B", "datasets": ["medalpaca/medical_meadow_wikidoc"], "language": ["en"]}, "siblings": [{"rfilename": ".gitattributes"}, {"rfilename": "README.md"}, {"rfilename": "adapter_config.json"}, {"rfilename": "adapter_model.safetensors"}, {"rfilename": "config.json"}, {"rfilename": "generation_config.json"}, {"rfilename": "last-checkpoint/README.md"}, {"rfilename": "last-checkpoint/adapter_config.json"}, {"rfilename": "last-checkpoint/adapter_model.safetensors"}, {"rfilename": "last-checkpoint/optimizer.pt"}, {"rfilename": "last-checkpoint/rng_state.pth"}, {"rfilename": "last-checkpoint/scheduler.pt"}, {"rfilename": "last-checkpoint/trainer_state.json"}, {"rfilename": "last-checkpoint/training_args.bin"}, {"rfilename": "model-00001-of-00007.safetensors"}, {"rfilename": "model-00002-of-00007.safetensors"}, {"rfilename": "model-00003-of-00007.safetensors"}, {"rfilename": "model-00004-of-00007.safetensors"}, {"rfilename": "model-00005-of-00007.safetensors"}, {"rfilename": "model-00006-of-00007.safetensors"}, {"rfilename": "model-00007-of-00007.safetensors"}, {"rfilename": "model.safetensors.index.json"}, {"rfilename": "runs/Dec06_13-38-43_a48b6f973322/events.out.tfevents.1701870008.a48b6f973322.184.0"}, {"rfilename": "runs/Dec06_13-52-07_a48b6f973322/events.out.tfevents.1701870760.a48b6f973322.184.1"}, {"rfilename": "runs/Dec06_14-10-11_a48b6f973322/events.out.tfevents.1701871821.a48b6f973322.8635.0"}, {"rfilename": "special_tokens_map.json"}, {"rfilename": "tokenizer.json"}, {"rfilename": "tokenizer.model"}, {"rfilename": "tokenizer_config.json"}, {"rfilename": "training_args.bin"}, {"rfilename": "training_config.json"}], "spaces": [], "createdAt": "2023-12-06T14:10:20.000Z", "safetensors": {"parameters": {"F32": 1130496, "BF16": 524554240, "I8": 5536481280}, "total": 6062166016}, "inferenceStatus": "not-loaded"}