{"_id": "657084d18489a9ee97e3485f", "id": "TachyHealth/Thealth-Falcon-7b", "modelId": "TachyHealth/Thealth-Falcon-7b", "author": "TachyHealth", "sha": "06294e577de64a1ae373c6128febd2ceeefb8590", "lastModified": "2023-12-07T11:13:07.000Z", "private": false, "disabled": false, "gated": false, "tags": ["peft", "tensorboard", "safetensors", "falcon", "en", "dataset:medalpaca/medical_meadow_wikidoc", "arxiv:1910.09700", "base_model:ybelkada/falcon-7b-sharded-bf16", "8-bit", "bitsandbytes", "region:us"], "downloads": 0, "library_name": "peft", "likes": 0, "model-index": null, "config": {"architectures": ["FalconForCausalLM"], "model_type": "falcon", "quantization_config": {"load_in_4bit": false, "load_in_8bit": true, "quant_method": "bitsandbytes"}, "tokenizer_config": {"eos_token": "<|endoftext|>", "pad_token": "<|endoftext|>"}, "peft": {"base_model_name_or_path": "ybelkada/falcon-7b-sharded-bf16", "task_type": "CAUSAL_LM"}}, "cardData": {"library_name": "peft", "base_model": "ybelkada/falcon-7b-sharded-bf16", "datasets": ["medalpaca/medical_meadow_wikidoc"], "language": ["en"]}, "siblings": [{"rfilename": ".gitattributes"}, {"rfilename": "README.md"}, {"rfilename": "adapter_config.json"}, {"rfilename": "adapter_model.safetensors"}, {"rfilename": "config.json"}, {"rfilename": "generation_config.json"}, {"rfilename": "last-checkpoint/README.md"}, {"rfilename": "last-checkpoint/adapter_config.json"}, {"rfilename": "last-checkpoint/adapter_model.safetensors"}, {"rfilename": "last-checkpoint/optimizer.pt"}, {"rfilename": "last-checkpoint/rng_state.pth"}, {"rfilename": "last-checkpoint/scheduler.pt"}, {"rfilename": "last-checkpoint/trainer_state.json"}, {"rfilename": "last-checkpoint/training_args.bin"}, {"rfilename": "model-00001-of-00008.safetensors"}, {"rfilename": "model-00002-of-00008.safetensors"}, {"rfilename": "model-00003-of-00008.safetensors"}, {"rfilename": "model-00004-of-00008.safetensors"}, {"rfilename": "model-00005-of-00008.safetensors"}, {"rfilename": "model-00006-of-00008.safetensors"}, {"rfilename": "model-00007-of-00008.safetensors"}, {"rfilename": "model-00008-of-00008.safetensors"}, {"rfilename": "model.safetensors.index.json"}, {"rfilename": "runs/Dec06_13-38-43_a48b6f973322/events.out.tfevents.1701870008.a48b6f973322.184.0"}, {"rfilename": "runs/Dec06_13-52-07_a48b6f973322/events.out.tfevents.1701870760.a48b6f973322.184.1"}, {"rfilename": "runs/Dec06_14-10-11_a48b6f973322/events.out.tfevents.1701871821.a48b6f973322.8635.0"}, {"rfilename": "runs/Dec06_14-24-22_a48b6f973322/events.out.tfevents.1701872854.a48b6f973322.8635.1"}, {"rfilename": "special_tokens_map.json"}, {"rfilename": "tokenizer.json"}, {"rfilename": "tokenizer_config.json"}, {"rfilename": "training_args.bin"}, {"rfilename": "training_config.json"}], "spaces": [], "createdAt": "2023-12-06T14:27:29.000Z", "safetensors": {"parameters": {"F32": 1021952, "BF16": 295768960, "I8": 6625951744}, "total": 6922742656}, "inferenceStatus": "not-loaded"}