{"_id": "654e7f0dfdaa9304bc20519a", "id": "Tachi67/InterpreterFlowModule", "modelId": "Tachi67/InterpreterFlowModule", "author": "Tachi67", "sha": "8d2de79b25c042e9e31a98ec939c9ecc8b607b53", "lastModified": "2024-01-03T20:49:32.000Z", "private": false, "disabled": false, "gated": false, "tags": ["region:us"], "downloads": 0, "likes": 0, "siblings": [{"rfilename": ".gitattributes"}, {"rfilename": "InterpreterAtomicFlow.py"}, {"rfilename": "InterpreterAtomicFlow.yaml"}, {"rfilename": "README.md"}, {"rfilename": "__init__.py"}, {"rfilename": "code_interpreters/__init__.py"}, {"rfilename": "code_interpreters/base_code_interpreter.py"}, {"rfilename": "code_interpreters/create_code_interpreter.py"}, {"rfilename": "code_interpreters/language_map.py"}, {"rfilename": "code_interpreters/languages/__init__.py"}, {"rfilename": "code_interpreters/languages/applescript.py"}, {"rfilename": "code_interpreters/languages/html.py"}, {"rfilename": "code_interpreters/languages/javascript.py"}, {"rfilename": "code_interpreters/languages/powershell.py"}, {"rfilename": "code_interpreters/languages/python.py"}, {"rfilename": "code_interpreters/languages/r.py"}, {"rfilename": "code_interpreters/languages/shell.py"}, {"rfilename": "code_interpreters/subprocess_code_interpreter.py"}, {"rfilename": "pip_requirements.txt"}], "spaces": [], "createdAt": "2023-11-10T19:05:49.000Z", "inferenceStatus": "not-loaded"}