{"_id": "6567544d2693fa22e1492ea5", "id": "Tachi67/ParseFeedbackFlowModule", "modelId": "Tachi67/ParseFeedbackFlowModule", "author": "Tachi67", "sha": "43e8161fb98da37f8456b266b750bf6313f8afb6", "lastModified": "2023-12-31T14:45:39.000Z", "private": false, "disabled": false, "gated": false, "tags": ["region:us"], "downloads": 0, "likes": 0, "siblings": [{"rfilename": ".gitattributes"}, {"rfilename": "ParseFeedbackAtomicFlow.py"}, {"rfilename": "ParseFeedbackAtomicFlow.yaml"}, {"rfilename": "README.md"}, {"rfilename": "__init__.py"}, {"rfilename": "pip_requirements.txt"}], "spaces": [], "createdAt": "2023-11-29T15:10:05.000Z", "inferenceStatus": "not-loaded"}