{"_id": "656718ac890c3786d7e9818a", "id": "Tachi67/CodeFileEditFlowModule", "modelId": "Tachi67/CodeFileEditFlowModule", "author": "Tachi67", "sha": "479cf02cc45ff17e971419d2e86a664271bbdbb5", "lastModified": "2023-12-31T14:49:12.000Z", "private": false, "disabled": false, "gated": false, "tags": ["region:us"], "downloads": 0, "likes": 0, "siblings": [{"rfilename": ".gitattributes"}, {"rfilename": "CodeFileEditAtomicFlow.py"}, {"rfilename": "CodeFileEditAtomicFlow.yaml"}, {"rfilename": "README.md"}, {"rfilename": "__init__.py"}, {"rfilename": "pip_requirements.txt"}], "spaces": [], "createdAt": "2023-11-29T10:55:40.000Z", "inferenceStatus": "not-loaded"}