{"_id": "635cc1bd5f7e2662f71796fd", "id": "tachiken0210/distilbert-base-uncased-finetuned-emotion", "modelId": "tachiken0210/distilbert-base-uncased-finetuned-emotion", "author": "tachiken0210", "sha": "cee4231217199ec65803aa2f099762c844e77267", "lastModified": "2022-10-29T06:01:33.000Z", "private": false, "disabled": false, "gated": false, "tags": ["region:us"], "downloads": 0, "likes": 0, "siblings": [{"rfilename": ".gitattributes"}], "spaces": [], "createdAt": "2022-10-29T06:01:33.000Z", "inferenceStatus": "not-loaded"}