{"_id": "656d08e07825b3101027ee82", "id": "tachyphylaxis/NyakuraV2-34B-Yi-Llama-GGUF", "modelId": "tachyphylaxis/NyakuraV2-34B-Yi-Llama-GGUF", "author": "tachyphylaxis", "sha": "3454361b488e74cfd5da53f4a24632d79247ffd6", "lastModified": "2023-12-03T23:06:22.000Z", "private": false, "disabled": false, "gated": false, "tags": ["gguf", "region:us"], "downloads": 19, "likes": 0, "siblings": [{"rfilename": ".gitattributes"}, {"rfilename": "NyakuraV2-34B-Yi-Llama.Q4_K_M.gguf"}], "spaces": [], "createdAt": "2023-12-03T23:01:52.000Z", "inferenceStatus": "not-loaded"}