{"_id": "65e3b89675b43b925ed80e9e", "id": "tachyphylaxis/Merged-Vicuna-RP-Stew-34B-GGUF", "modelId": "tachyphylaxis/Merged-Vicuna-RP-Stew-34B-GGUF", "author": "tachyphylaxis", "sha": "0dbcd7f500e6fd3e9786fcc15fb9afdf23ba44e1", "lastModified": "2024-03-03T01:36:10.000Z", "private": false, "disabled": false, "gated": false, "tags": ["gguf", "region:us"], "downloads": 112, "likes": 1, "siblings": [{"rfilename": ".gitattributes"}, {"rfilename": "Merged-Vicuna-RP-Stew-34B.IQ4_NL.gguf"}, {"rfilename": "Merged-Vicuna-RP-Stew-34B.Q4_K_M.gguf"}, {"rfilename": "Merged-Vicuna-RP-Stew-34B.Q5_K_M.gguf"}, {"rfilename": "Merged-Vicuna-RP-Stew-34B.Q6_K.gguf"}, {"rfilename": "Merged-Vicuna-RP-Stew-34B.Q8_0.gguf"}, {"rfilename": "README.md"}], "spaces": [], "createdAt": "2024-03-02T23:39:02.000Z", "inferenceStatus": "not-loaded"}