{"_id": "65782cdd411e14898b940dce", "id": "Tachi67/RunCodeFlowModule", "modelId": "Tachi67/RunCodeFlowModule", "author": "Tachi67", "sha": "1c25f6929a37e62a92227b5ea776f6a119f8981e", "lastModified": "2023-12-31T14:43:24.000Z", "private": false, "disabled": false, "gated": false, "tags": ["region:us"], "downloads": 0, "likes": 0, "siblings": [{"rfilename": ".gitattributes"}, {"rfilename": "ExecuteCodeAtomicFlow.py"}, {"rfilename": "ExecuteCodeAtomicFlow.yaml"}, {"rfilename": "README.md"}, {"rfilename": "RunCodeAskUserFlow.py"}, {"rfilename": "RunCodeAskUserFlow.yaml"}, {"rfilename": "RunCodeFileEditAtomicFlow.py"}, {"rfilename": "RunCodeFileEditAtomicFlow.yaml"}, {"rfilename": "RunCodeFlow.py"}, {"rfilename": "RunCodeFlow.yaml"}, {"rfilename": "__init__.py"}, {"rfilename": "library.py"}, {"rfilename": "pip_requirements.txt"}, {"rfilename": "run.py"}], "spaces": [], "createdAt": "2023-12-12T09:50:21.000Z", "inferenceStatus": "not-loaded"}