{"_id": "65707903642d7f0ac42f1175", "id": "Tachi67/PlanWriterFlowModule", "modelId": "Tachi67/PlanWriterFlowModule", "author": "Tachi67", "sha": "960131e7d0cbd00f7a7f2313a14d690d1af82f59", "lastModified": "2024-01-04T01:12:33.000Z", "private": false, "disabled": false, "gated": false, "tags": ["region:us"], "downloads": 0, "likes": 0, "siblings": [{"rfilename": ".gitattributes"}, {"rfilename": "PlanWriterAskUserFlow.py"}, {"rfilename": "PlanWriterAskUserFlow.yaml"}, {"rfilename": "PlanWriterCtrlFlow.py"}, {"rfilename": "PlanWriterCtrlFlow.yaml"}, {"rfilename": "PlanWriterFlow.py"}, {"rfilename": "PlanWriterFlow.yaml"}, {"rfilename": "README.md"}, {"rfilename": "__init__.py"}, {"rfilename": "pip_requirements.txt"}, {"rfilename": "run_planwriter.py"}], "spaces": [], "createdAt": "2023-12-06T13:37:07.000Z", "inferenceStatus": "not-loaded"}