{"_id": "6622f47f11772517e550c038", "id": "tachyphylaxis/opus-v1.2-70b-marlin", "modelId": "tachyphylaxis/opus-v1.2-70b-marlin", "author": "tachyphylaxis", "sha": "5eec718f88f7f6b7f25a5c4c4263aba3ea67c341", "lastModified": "2024-04-19T22:49:07.000Z", "private": false, "disabled": false, "gated": false, "pipeline_tag": "text-generation", "tags": ["transformers", "safetensors", "llama", "text-generation", "autotrain_compatible", "text-generation-inference", "endpoints_compatible", "marlin", "region:us"], "downloads": 19, "library_name": "transformers", "widgetData": [{"text": "My name is Julien and I like to"}, {"text": "My name is Thomas and my main"}, {"text": "My name is Mariama, my favorite"}, {"text": "My name is Clara and I am"}, {"text": "My name is Lewis and I like to"}, {"text": "My name is Merve and my favorite"}, {"text": "My name is Teven and I am"}, {"text": "Once upon a time,"}], "likes": 0, "config": {"architectures": ["LlamaForCausalLM"], "model_type": "llama", "quantization_config": {"quant_method": "marlin"}, "tokenizer_config": {"bos_token": "<s>", "eos_token": "</s>", "pad_token": "</s>", "unk_token": "<unk>", "use_default_system_prompt": false}}, "transformersInfo": {"auto_model": "AutoModelForCausalLM", "pipeline_tag": "text-generation", "processor": "AutoTokenizer"}, "siblings": [{"rfilename": ".gitattributes"}, {"rfilename": "added_tokens.json"}, {"rfilename": "config.json"}, {"rfilename": "generation_config.json"}, {"rfilename": "model-00001-of-00008.safetensors"}, {"rfilename": "model-00002-of-00008.safetensors"}, {"rfilename": "model-00003-of-00008.safetensors"}, {"rfilename": "model-00004-of-00008.safetensors"}, {"rfilename": "model-00005-of-00008.safetensors"}, {"rfilename": "model-00006-of-00008.safetensors"}, {"rfilename": "model-00007-of-00008.safetensors"}, {"rfilename": "model-00008-of-00008.safetensors"}, {"rfilename": "model.safetensors.index.json"}, {"rfilename": "special_tokens_map.json"}, {"rfilename": "tokenizer.json"}, {"rfilename": "tokenizer.model"}, {"rfilename": "tokenizer_config.json"}], "spaces": [], "createdAt": "2024-04-19T22:47:27.000Z", "safetensors": {"parameters": {"I32": 8556380160, "F16": 1060413440}, "total": 9616793600}, "inferenceStatus": "not-loaded"}