{"_id": "6406b0d26cd88c469f3c1882", "id": "TachibanaKimika/so-vits-svc-4.0-models", "modelId": "TachibanaKimika/so-vits-svc-4.0-models", "author": "TachibanaKimika", "sha": "da02cc1bbb08acf5f20a36294fc2f650fd489477", "lastModified": "2023-08-12T07:13:12.000Z", "private": false, "disabled": false, "gated": false, "tags": ["license:mit", "region:us"], "downloads": 0, "likes": 127, "model-index": null, "cardData": {"license": "mit"}, "siblings": [{"rfilename": ".gitattributes"}, {"rfilename": ".gitignore"}, {"rfilename": "README.md"}, {"rfilename": "aisa/G_aisa_100.pth"}, {"rfilename": "aisa/G_aisa_120.pth"}, {"rfilename": "aisa/G_aisa_130.pth"}, {"rfilename": "aisa/config.json"}, {"rfilename": "aisa/train.log"}, {"rfilename": "assets/aisa_100epoch.png"}, {"rfilename": "assets/aisa_120epoch.png"}, {"rfilename": "assets/hibiki_100epoch.png"}, {"rfilename": "assets/hibiki_38epoch.png"}, {"rfilename": "assets/kageaki_300epoch.png"}, {"rfilename": "assets/kageaki_50epoch.png"}, {"rfilename": "assets/kanae_200epoch.png"}, {"rfilename": "assets/kiriha_100epoch.png"}, {"rfilename": "assets/nozomi_100epoch.png"}, {"rfilename": "assets/riri_220epoch.png"}, {"rfilename": "assets/tubaki_100epoch.png"}, {"rfilename": "assets/tubaki_300epoch.png"}, {"rfilename": "examples/nukitashi/aisa.ogg"}, {"rfilename": "examples/nukitashi/hibiki.ogg"}, {"rfilename": "examples/nukitashi/kageaki.ogg"}, {"rfilename": "examples/nukitashi/kanae.ogg"}, {"rfilename": "examples/nukitashi/kiriha.ogg"}, {"rfilename": "examples/nukitashi/nozomi.ogg"}, {"rfilename": "examples/nukitashi/riri.ogg"}, {"rfilename": "examples/nukitashi/sora.ogg"}, {"rfilename": "examples/nukitashi/tubaki.ogg"}, {"rfilename": "hibiki/G_hibiki_100.pth"}, {"rfilename": "hibiki/G_hibiki_38.pth"}, {"rfilename": "hibiki/G_hibiki_60.pth"}, {"rfilename": "hibiki/config.json"}, {"rfilename": "hibiki/train.log"}, {"rfilename": "ick/G_ick_100.pth"}, {"rfilename": "ick/G_ick_200.pth"}, {"rfilename": "ick/config.json"}, {"rfilename": "kageaki/G_kageaki_100.pth"}, {"rfilename": "kageaki/G_kageaki_200.pth"}, {"rfilename": "kageaki/G_kageaki_300.pth"}, {"rfilename": "kageaki/G_kageaki_50.pth"}, {"rfilename": "kageaki/config.json"}, {"rfilename": "kageaki/train.log"}, {"rfilename": "kanae/G_kanae_100.pth"}, {"rfilename": "kanae/G_kanae_200.pth"}, {"rfilename": "kanae/config.json"}, {"rfilename": "kanae/train.log"}, {"rfilename": "kiriha/G_kiriha_100.pth"}, {"rfilename": "kiriha/G_kiriha_130.pth"}, {"rfilename": "kiriha/config.json"}, {"rfilename": "kiriha/train.log"}, {"rfilename": "nozomi/G_nozomi_100.pth"}, {"rfilename": "nozomi/config.json"}, {"rfilename": "others/D_0.pth"}, {"rfilename": "others/G_0.pth"}, {"rfilename": "others/checkpoint_best_legacy_500.pt"}, {"rfilename": "riri/G_riri_100.pth"}, {"rfilename": "riri/G_riri_150.pth"}, {"rfilename": "riri/G_riri_200.pth"}, {"rfilename": "riri/G_riri_220.pth"}, {"rfilename": "riri/G_riri_80.pth"}, {"rfilename": "riri/config.json"}, {"rfilename": "saki/G_saki_100.pth"}, {"rfilename": "saki/config.json"}, {"rfilename": "sora/G_sora_100.pth"}, {"rfilename": "sora/config.json"}, {"rfilename": "tubaki/G_tubaki_100.pth"}, {"rfilename": "tubaki/G_tubaki_200.pth"}, {"rfilename": "tubaki/G_tubaki_300.pth"}, {"rfilename": "tubaki/config.json"}, {"rfilename": "tubaki/train.log"}], "spaces": [], "createdAt": "2023-03-07T03:34:42.000Z", "inferenceStatus": "not-loaded"}