{"_id": "656f674934440bdf2ec17f92", "id": "Tachi67/TestCodeFlowModule", "modelId": "Tachi67/TestCodeFlowModule", "author": "Tachi67", "sha": "3e7500138283a2debd37cc02e4520b12f553a94e", "lastModified": "2024-01-04T01:19:36.000Z", "private": false, "disabled": false, "gated": false, "tags": ["region:us"], "downloads": 0, "likes": 0, "siblings": [{"rfilename": ".gitattributes"}, {"rfilename": "CodeTestingAtomicFlow.py"}, {"rfilename": "CodeTestingAtomicFlow.yaml"}, {"rfilename": "README.md"}, {"rfilename": "TestCodeFileEditAtomicFlow.py"}, {"rfilename": "TestCodeFileEditAtomicFlow.yaml"}, {"rfilename": "TestCodeFlow.py"}, {"rfilename": "TestCodeFlow.yaml"}, {"rfilename": "__init__.py"}, {"rfilename": "pip_requirements.txt"}], "spaces": [], "createdAt": "2023-12-05T18:09:13.000Z", "inferenceStatus": "not-loaded"}