{"_id": "65666951a5ec0231cb223f91", "id": "Tachi67/CodeGeneratorFlowModule", "modelId": "Tachi67/CodeGeneratorFlowModule", "author": "Tachi67", "sha": "c986ebb8c0eda73cedf3d9c7cbd9e40e40d440c6", "lastModified": "2023-12-31T14:48:57.000Z", "private": false, "disabled": false, "gated": false, "tags": ["region:us"], "downloads": 0, "likes": 0, "siblings": [{"rfilename": ".gitattributes"}, {"rfilename": "CodeGeneratorAtomicFlow.py"}, {"rfilename": "CodeGeneratorAtomicFlow.yaml"}, {"rfilename": "README.md"}, {"rfilename": "__init__.py"}, {"rfilename": "pip_requirements.txt"}], "spaces": [], "createdAt": "2023-11-28T22:27:29.000Z", "inferenceStatus": "not-loaded"}