{"_id": "65f71428be0d2c636f624320", "id": "TachyHealth/Mistral-8x7b-Medical-Finetune_QA_MCQ_Gazal_Ai", "modelId": "TachyHealth/Mistral-8x7b-Medical-Finetune_QA_MCQ_Gazal_Ai", "author": "TachyHealth", "sha": "06cc3a152051743a988320475f2df40667bb0e9f", "lastModified": "2024-03-28T10:06:09.000Z", "private": false, "disabled": false, "gated": false, "tags": ["peft", "safetensors", "mixtral", "trl", "sft", "generated_from_trainer", "base_model:mistralai/Mixtral-8x7B-Instruct-v0.1", "license:apache-2.0", "region:us"], "downloads": 14, "library_name": "peft", "likes": 1, "model-index": [{"name": "Mistral-8x7b-Medical-Finetune_QA_MCQ", "results": []}], "config": {"architectures": ["MixtralForCausalLM"], "model_type": "mixtral", "tokenizer_config": {"bos_token": "<s>", "chat_template": "{{ bos_token }}{% for message in messages %}{% if (message['role'] == 'user') != (loop.index0 % 2 == 0) %}{{ raise_exception('Conversation roles must alternate user/assistant/user/assistant/...') }}{% endif %}{% if message['role'] == 'user' %}{{ '[INST] ' + message['content'] + ' [/INST]' }}{% elif message['role'] == 'assistant' %}{{ message['content'] + eos_token}}{% else %}{{ raise_exception('Only user and assistant roles are supported!') }}{% endif %}{% endfor %}", "eos_token": "</s>", "pad_token": "</s>", "unk_token": "<unk>", "use_default_system_prompt": false}, "peft": {"base_model_name_or_path": "mistralai/Mixtral-8x7B-Instruct-v0.1", "task_type": "CAUSAL_LM"}}, "cardData": {"license": "apache-2.0", "library_name": "peft", "tags": ["trl", "sft", "generated_from_trainer"], "base_model": "mistralai/Mixtral-8x7B-Instruct-v0.1", "model-index": [{"name": "Mistral-8x7b-Medical-Finetune_QA_MCQ", "results": []}]}, "siblings": [{"rfilename": ".gitattributes"}, {"rfilename": "README.md"}, {"rfilename": "adapter_config.json"}, {"rfilename": "adapter_model.safetensors"}, {"rfilename": "config.json"}, {"rfilename": "generation_config.json"}, {"rfilename": "model-00001-of-00019.safetensors"}, {"rfilename": "model-00002-of-00019.safetensors"}, {"rfilename": "model-00003-of-00019.safetensors"}, {"rfilename": "model-00004-of-00019.safetensors"}, {"rfilename": "model-00005-of-00019.safetensors"}, {"rfilename": "model-00006-of-00019.safetensors"}, {"rfilename": "model-00007-of-00019.safetensors"}, {"rfilename": "model-00008-of-00019.safetensors"}, {"rfilename": "model-00009-of-00019.safetensors"}, {"rfilename": "model-00010-of-00019.safetensors"}, {"rfilename": "model-00011-of-00019.safetensors"}, {"rfilename": "model-00012-of-00019.safetensors"}, {"rfilename": "model-00013-of-00019.safetensors"}, {"rfilename": "model-00014-of-00019.safetensors"}, {"rfilename": "model-00015-of-00019.safetensors"}, {"rfilename": "model-00016-of-00019.safetensors"}, {"rfilename": "model-00017-of-00019.safetensors"}, {"rfilename": "model-00018-of-00019.safetensors"}, {"rfilename": "model-00019-of-00019.safetensors"}, {"rfilename": "model.safetensors.index.json"}, {"rfilename": "special_tokens_map.json"}, {"rfilename": "tokenizer.json"}, {"rfilename": "tokenizer.model"}, {"rfilename": "tokenizer_config.json"}, {"rfilename": "training_args.bin"}], "spaces": [], "createdAt": "2024-03-17T16:02:48.000Z", "safetensors": {"parameters": {"F16": 46702792704}, "total": 46702792704}, "inferenceStatus": "not-loaded"}