{"_id": "65687e7f11b2bbd6c2e56f04", "id": "Tachi67/InteractiveCodeGenFlowModule", "modelId": "Tachi67/InteractiveCodeGenFlowModule", "author": "Tachi67", "sha": "8c42c74481ad791de9156a2c78a02f998dea9fd9", "lastModified": "2024-01-04T01:28:59.000Z", "private": false, "disabled": false, "gated": false, "tags": ["region:us"], "downloads": 0, "likes": 0, "siblings": [{"rfilename": ".gitattributes"}, {"rfilename": "InteractiveCodeGenFlow.py"}, {"rfilename": "InteractiveCodeGenFlow.yaml"}, {"rfilename": "README.md"}, {"rfilename": "__init__.py"}, {"rfilename": "pip_requirements.txt"}], "spaces": [], "createdAt": "2023-11-30T12:22:23.000Z", "inferenceStatus": "not-loaded"}