{"_id": "6650bfdb5b8ab1ed4fdcaca3", "id": "Tachi67/mnlp_sft_model_bloom", "modelId": "Tachi67/mnlp_sft_model_bloom", "author": "Tachi67", "sha": "9022a962ae5ec345bea3e5415d3212c189bca601", "lastModified": "2024-05-27T07:34:06.000Z", "private": false, "disabled": false, "gated": false, "tags": ["transformers", "safetensors", "arxiv:1910.09700", "endpoints_compatible", "region:us"], "downloads": 0, "library_name": "transformers", "likes": 0, "model-index": null, "cardData": {"library_name": "transformers", "tags": []}, "transformersInfo": {"auto_model": "AutoModel"}, "siblings": [{"rfilename": ".gitattributes"}, {"rfilename": "README.md"}, {"rfilename": "adapter_config.json"}, {"rfilename": "adapter_model.safetensors"}], "spaces": [], "createdAt": "2024-05-24T16:27:07.000Z", "inferenceStatus": "not-loaded"}