{"_id": "656fd41ea2c7dd8174c09659", "id": "tacit3233/longformer-kor-char-V2", "modelId": "tacit3233/longformer-kor-char-V2", "author": "tacit3233", "sha": "e97f41ea4c1dc5495b3f6a6e3792c4a07c2d5ea2", "lastModified": "2023-12-06T02:25:18.000Z", "private": false, "disabled": false, "gated": false, "pipeline_tag": "fill-mask", "tags": ["transformers", "pytorch", "longformer", "fill-mask", "autotrain_compatible", "endpoints_compatible", "region:us"], "downloads": 1, "library_name": "transformers", "mask_token": "<mask>", "widgetData": [{"text": "Paris is the <mask> of France."}, {"text": "The goal of life is <mask>."}], "likes": 0, "config": {"architectures": ["LongformerForMaskedLM"], "model_type": "longformer", "tokenizer_config": {"bos_token": {"content": "[CLS]", "single_word": false, "lstrip": false, "rstrip": false, "normalized": true, "__type": "AddedToken"}, "eos_token": {"content": "[SEP]", "single_word": false, "lstrip": false, "rstrip": false, "normalized": true, "__type": "AddedToken"}, "unk_token": {"content": "[UNK]", "single_word": false, "lstrip": false, "rstrip": false, "normalized": true, "__type": "AddedToken"}, "sep_token": {"content": "[SEP]", "single_word": false, "lstrip": false, "rstrip": false, "normalized": true, "__type": "AddedToken"}, "cls_token": {"content": "[CLS]", "single_word": false, "lstrip": false, "rstrip": false, "normalized": true, "__type": "AddedToken"}, "pad_token": {"content": "[PAD]", "single_word": false, "lstrip": false, "rstrip": false, "normalized": true, "__type": "AddedToken"}, "mask_token": {"content": "[MASK]", "single_word": false, "lstrip": true, "rstrip": false, "normalized": true, "__type": "AddedToken"}}}, "transformersInfo": {"auto_model": "AutoModelForMaskedLM", "pipeline_tag": "fill-mask", "processor": "AutoTokenizer"}, "siblings": [{"rfilename": ".gitattributes"}, {"rfilename": "config.json"}, {"rfilename": "pytorch_model.bin"}, {"rfilename": "special_tokens_map.json"}, {"rfilename": "tokenizer_config.json"}, {"rfilename": "vocab.json"}], "spaces": [], "createdAt": "2023-12-06T01:53:34.000Z", "inferenceStatus": "not-loaded"}