{"_id": "65a3787adcfd30f7cd792a41", "id": "tackhwa/InternLM-personal", "modelId": "tackhwa/InternLM-personal", "author": "tackhwa", "sha": "e3c0a048cf4e7cb14a6edba0c7a36a50b7964a82", "lastModified": "2024-01-14T07:31:15.000Z", "private": false, "disabled": false, "gated": false, "tags": ["license:mit", "region:us"], "downloads": 0, "likes": 0, "model-index": null, "cardData": {"license": "mit"}, "siblings": [{"rfilename": ".gitattributes"}, {"rfilename": "README.md"}, {"rfilename": "hf.tar.gz"}, {"rfilename": "hf.zip"}], "spaces": [], "createdAt": "2024-01-14T06:00:26.000Z", "inferenceStatus": "not-loaded"}