{"_id": "649e36deab5656f6acbbf2c8", "id": "tackyfrog/sogagyo", "modelId": "tackyfrog/sogagyo", "author": "tackyfrog", "sha": "25757ddb8427c29051e01b1475146fab3b97dab5", "lastModified": "2023-06-30T02:03:11.000Z", "private": false, "disabled": false, "gated": false, "tags": ["license:openrail", "region:us"], "downloads": 0, "likes": 0, "model-index": null, "cardData": {"license": "openrail"}, "siblings": [{"rfilename": ".gitattributes"}, {"rfilename": "README.md"}, {"rfilename": "SoFaygoV2.zip"}], "spaces": [], "createdAt": "2023-06-30T01:58:54.000Z", "inferenceStatus": "not-loaded"}