{"_id": "6590336accbc1e2cc7d706fc", "id": "TacticalDs/dqn-SpaceInvadersNoFrameskip-v4", "modelId": "TacticalDs/dqn-SpaceInvadersNoFrameskip-v4", "author": "TacticalDs", "sha": "bf06f4dc1002fd802b2af681e2bf401101a427af", "lastModified": "2023-12-30T15:13:17.000Z", "private": false, "disabled": false, "gated": false, "pipeline_tag": "reinforcement-learning", "tags": ["stable-baselines3", "SpaceInvadersNoFrameskip-v4", "deep-reinforcement-learning", "reinforcement-learning", "model-index", "region:us"], "downloads": 6, "library_name": "stable-baselines3", "likes": 0, "model-index": [{"name": "DQN", "results": [{"task": {"type": "reinforcement-learning", "name": "reinforcement-learning"}, "dataset": {"name": "SpaceInvadersNoFrameskip-v4", "type": "SpaceInvadersNoFrameskip-v4"}, "metrics": [{"type": "mean_reward", "value": "579.50 +/- 145.09", "name": "mean_reward", "verified": false}]}]}], "cardData": {"library_name": "stable-baselines3", "tags": ["SpaceInvadersNoFrameskip-v4", "deep-reinforcement-learning", "reinforcement-learning", "stable-baselines3"], "model-index": [{"name": "DQN", "results": [{"task": {"type": "reinforcement-learning", "name": "reinforcement-learning"}, "dataset": {"name": "SpaceInvadersNoFrameskip-v4", "type": "SpaceInvadersNoFrameskip-v4"}, "metrics": [{"type": "mean_reward", "value": "579.50 +/- 145.09", "name": "mean_reward", "verified": false}]}]}]}, "siblings": [{"rfilename": ".gitattributes"}, {"rfilename": "README.md"}, {"rfilename": "args.yml"}, {"rfilename": "config.yml"}, {"rfilename": "dqn-SpaceInvadersNoFrameskip-v4.zip"}, {"rfilename": "dqn-SpaceInvadersNoFrameskip-v4/_stable_baselines3_version"}, {"rfilename": "dqn-SpaceInvadersNoFrameskip-v4/data"}, {"rfilename": "dqn-SpaceInvadersNoFrameskip-v4/policy.optimizer.pth"}, {"rfilename": "dqn-SpaceInvadersNoFrameskip-v4/policy.pth"}, {"rfilename": "dqn-SpaceInvadersNoFrameskip-v4/pytorch_variables.pth"}, {"rfilename": "dqn-SpaceInvadersNoFrameskip-v4/system_info.txt"}, {"rfilename": "env_kwargs.yml"}, {"rfilename": "replay.mp4"}, {"rfilename": "results.json"}, {"rfilename": "train_eval_metrics.zip"}], "spaces": [], "createdAt": "2023-12-30T15:12:42.000Z", "inferenceStatus": "not-loaded"}