{"_id": "64a1d853c9e1579f12e25475", "id": "TacticalDevelopers/distilbert-base-uncased-finetuned-emotion", "modelId": "TacticalDevelopers/distilbert-base-uncased-finetuned-emotion", "author": "TacticalDevelopers", "sha": "be432f31986090696e95328c6e0e5b0b3f30f79f", "lastModified": "2023-07-02T20:04:35.000Z", "private": false, "disabled": false, "gated": false, "tags": ["region:us"], "downloads": 0, "likes": 0, "siblings": [{"rfilename": ".gitattributes"}], "spaces": [], "createdAt": "2023-07-02T20:04:35.000Z", "inferenceStatus": "not-loaded"}