{"_id": "653e6b3d3ea696d4636a8349", "id": "tadabd/ppo-Huggy", "modelId": "tadabd/ppo-Huggy", "author": "tadabd", "sha": "221172307d6a1552b8b6aa2efdca0708a3818b52", "lastModified": "2023-10-29T14:25:07.000Z", "private": false, "disabled": false, "gated": false, "pipeline_tag": "reinforcement-learning", "tags": ["ml-agents", "tensorboard", "onnx", "Huggy", "deep-reinforcement-learning", "reinforcement-learning", "ML-Agents-Huggy", "region:us"], "downloads": 35, "library_name": "ml-agents", "likes": 0, "model-index": null, "config": {}, "cardData": {"library_name": "ml-agents", "tags": ["Huggy", "deep-reinforcement-learning", "reinforcement-learning", "ML-Agents-Huggy"]}, "siblings": [{"rfilename": ".gitattributes"}, {"rfilename": "Huggy.onnx"}, {"rfilename": "Huggy/Huggy-1199966.onnx"}, {"rfilename": "Huggy/Huggy-1199966.pt"}, {"rfilename": "Huggy/Huggy-1399931.onnx"}, {"rfilename": "Huggy/Huggy-1399931.pt"}, {"rfilename": "Huggy/Huggy-1599994.onnx"}, {"rfilename": "Huggy/Huggy-1599994.pt"}, {"rfilename": "Huggy/Huggy-1799909.onnx"}, {"rfilename": "Huggy/Huggy-1799909.pt"}, {"rfilename": "Huggy/Huggy-199920.onnx"}, {"rfilename": "Huggy/Huggy-199920.pt"}, {"rfilename": "Huggy/Huggy-1999434.onnx"}, {"rfilename": "Huggy/Huggy-1999434.pt"}, {"rfilename": "Huggy/Huggy-2000345.onnx"}, {"rfilename": "Huggy/Huggy-2000345.pt"}, {"rfilename": "Huggy/Huggy-399905.onnx"}, {"rfilename": "Huggy/Huggy-399905.pt"}, {"rfilename": "Huggy/Huggy-599996.onnx"}, {"rfilename": "Huggy/Huggy-599996.pt"}, {"rfilename": "Huggy/Huggy-799889.onnx"}, {"rfilename": "Huggy/Huggy-799889.pt"}, {"rfilename": "Huggy/Huggy-999963.onnx"}, {"rfilename": "Huggy/Huggy-999963.pt"}, {"rfilename": "Huggy/checkpoint.pt"}, {"rfilename": "Huggy/events.out.tfevents.1698586869.0bd58c1a7169.3274.0"}, {"rfilename": "README.md"}, {"rfilename": "config.json"}, {"rfilename": "configuration.yaml"}, {"rfilename": "run_logs/Player-0.log"}, {"rfilename": "run_logs/timers.json"}, {"rfilename": "run_logs/training_status.json"}], "spaces": [], "createdAt": "2023-10-29T14:25:01.000Z", "inferenceStatus": "not-loaded"}