{"_id": "63e964c25a632a403498c9be", "id": "tadashibr/outputs", "modelId": "tadashibr/outputs", "author": "tadashibr", "sha": "26eadad8f6862e602cd753e754e7806453e36f85", "lastModified": "2023-02-12T22:17:07.000Z", "private": false, "disabled": false, "gated": false, "tags": ["region:us"], "downloads": 0, "likes": 0, "siblings": [{"rfilename": ".gitattributes"}, {"rfilename": "iyuvgiyrtklyhtg (1).png"}, {"rfilename": "iyuvgiyrtklyhtg (10).png"}, {"rfilename": "iyuvgiyrtklyhtg (11).png"}, {"rfilename": "iyuvgiyrtklyhtg (2).png"}, {"rfilename": "iyuvgiyrtklyhtg (3).png"}, {"rfilename": "iyuvgiyrtklyhtg (4).png"}, {"rfilename": "iyuvgiyrtklyhtg (5).png"}, {"rfilename": "iyuvgiyrtklyhtg (6).png"}, {"rfilename": "iyuvgiyrtklyhtg (7).png"}, {"rfilename": "iyuvgiyrtklyhtg (8).png"}, {"rfilename": "iyuvgiyrtklyhtg (9).png"}], "spaces": [], "createdAt": "2023-02-12T22:14:26.000Z", "inferenceStatus": "not-loaded"}