{"_id": "65b4bff20c9514da4f914a8a", "id": "tada20001/prompt-tuning-patent-noise-classification", "modelId": "tada20001/prompt-tuning-patent-noise-classification", "author": "tada20001", "sha": "b574ab822df1beb772873ac8696b36aecb48e914", "lastModified": "2024-01-27T08:34:11.000Z", "private": false, "disabled": false, "gated": false, "tags": ["peft", "safetensors", "arxiv:1910.09700", "base_model:bigscience/bloomz-560m", "region:us"], "downloads": 0, "library_name": "peft", "likes": 0, "model-index": null, "config": {"tokenizer_config": {"bos_token": "<s>", "eos_token": "</s>", "pad_token": "<pad>", "unk_token": "<unk>"}, "peft": {"base_model_name_or_path": "bigscience/bloomz-560m", "task_type": "CAUSAL_LM"}}, "cardData": {"library_name": "peft", "base_model": "bigscience/bloomz-560m"}, "siblings": [{"rfilename": ".gitattributes"}, {"rfilename": "README.md"}, {"rfilename": "adapter_config.json"}, {"rfilename": "adapter_model.safetensors"}, {"rfilename": "special_tokens_map.json"}, {"rfilename": "tokenizer.json"}, {"rfilename": "tokenizer_config.json"}], "spaces": [], "createdAt": "2024-01-27T08:33:54.000Z", "inferenceStatus": "not-loaded"}