{"_id": "63d5aed34bbf17e64796a3bf", "id": "tadeous/distilroberta-base-mrpc-glue-tadeous", "modelId": "tadeous/distilroberta-base-mrpc-glue-tadeous", "author": "tadeous", "sha": "932c50538319d21279b4a4393714ec363863bb8b", "lastModified": "2023-01-28T23:51:46.000Z", "private": false, "disabled": false, "gated": false, "pipeline_tag": "text-classification", "tags": ["transformers", "pytorch", "tensorboard", "roberta", "text-classification", "generated_from_trainer", "dataset:glue", "license:apache-2.0", "model-index", "autotrain_compatible", "endpoints_compatible", "region:us"], "downloads": 1, "library_name": "transformers", "mask_token": "<mask>", "widgetData": [{"text": "I like you. I love you"}], "likes": 0, "model-index": [{"name": "distilroberta-base-mrpc-glue-tadeous", "results": [{"task": {"name": "Text Classification", "type": "text-classification"}, "dataset": {"name": "glue", "type": "glue", "config": "mrpc", "split": "validation", "args": "mrpc"}, "metrics": [{"name": "Accuracy", "type": "accuracy", "value": 0.821078431372549, "verified": false}, {"name": "F1", "type": "f1", "value": 0.8726003490401396, "verified": false}]}]}], "config": {"architectures": ["RobertaForSequenceClassification"], "model_type": "roberta", "tokenizer_config": {"bos_token": "<s>", "cls_token": "<s>", "eos_token": "</s>", "mask_token": "<mask>", "pad_token": "<pad>", "sep_token": "</s>", "unk_token": "<unk>"}}, "cardData": {"license": "apache-2.0", "tags": ["text-classification", "generated_from_trainer"], "datasets": ["glue"], "metrics": ["accuracy", "f1"], "model-index": [{"name": "distilroberta-base-mrpc-glue-tadeous", "results": [{"task": {"name": "Text Classification", "type": "text-classification"}, "dataset": {"name": "glue", "type": "glue", "config": "mrpc", "split": "validation", "args": "mrpc"}, "metrics": [{"name": "Accuracy", "type": "accuracy", "value": 0.821078431372549, "verified": false}, {"name": "F1", "type": "f1", "value": 0.8726003490401396, "verified": false}]}]}]}, "transformersInfo": {"auto_model": "AutoModelForSequenceClassification", "pipeline_tag": "text-classification", "processor": "AutoTokenizer"}, "siblings": [{"rfilename": ".gitattributes"}, {"rfilename": ".gitignore"}, {"rfilename": "README.md"}, {"rfilename": "all_results.json"}, {"rfilename": "config.json"}, {"rfilename": "eval_results.json"}, {"rfilename": "merges.txt"}, {"rfilename": "pytorch_model.bin"}, {"rfilename": "runs/Jan28_23-18-54_01ef7b386c5f/1674948426.6248868/events.out.tfevents.1674948426.01ef7b386c5f.383.1"}, {"rfilename": "runs/Jan28_23-18-54_01ef7b386c5f/1674948927.5211513/events.out.tfevents.1674948927.01ef7b386c5f.383.3"}, {"rfilename": "runs/Jan28_23-18-54_01ef7b386c5f/1674949117.9114473/events.out.tfevents.1674949117.01ef7b386c5f.383.5"}, {"rfilename": "runs/Jan28_23-18-54_01ef7b386c5f/events.out.tfevents.1674948426.01ef7b386c5f.383.0"}, {"rfilename": "runs/Jan28_23-18-54_01ef7b386c5f/events.out.tfevents.1674948927.01ef7b386c5f.383.2"}, {"rfilename": "runs/Jan28_23-18-54_01ef7b386c5f/events.out.tfevents.1674949117.01ef7b386c5f.383.4"}, {"rfilename": "runs/Jan28_23-18-54_01ef7b386c5f/events.out.tfevents.1674949330.01ef7b386c5f.383.6"}, {"rfilename": "special_tokens_map.json"}, {"rfilename": "tokenizer.json"}, {"rfilename": "tokenizer_config.json"}, {"rfilename": "train_results.json"}, {"rfilename": "training_args.bin"}, {"rfilename": "vocab.json"}], "spaces": [], "createdAt": "2023-01-28T23:25:07.000Z", "inferenceStatus": "not-loaded"}