{"_id": "634b4719e97a3d183f2f674f", "id": "tadeyina/Face_Id_Application", "modelId": "tadeyina/Face_Id_Application", "author": "tadeyina", "sha": "7c4239e7018f6191f1aeb8c00b5ed3c03758b238", "lastModified": "2022-10-16T19:54:48.000Z", "private": false, "disabled": false, "gated": false, "tags": ["region:us"], "downloads": 0, "likes": 0, "model-index": null, "cardData": {"title": "Face ID", "emoji": "\u26a1", "colorFrom": "green", "colorTo": "red", "sdk": "gradio", "sdk_version": "3.4.1", "app_file": "app.py", "pinned": false}, "siblings": [{"rfilename": ".gitattributes"}, {"rfilename": "README.md"}, {"rfilename": "app.py"}, {"rfilename": "requirements.txt"}], "spaces": [], "createdAt": "2022-10-15T23:49:45.000Z", "inferenceStatus": "not-loaded"}