{"_id": "64f6956f300314f224448eee", "id": "TadFerreira/chb-falcon-7b", "modelId": "TadFerreira/chb-falcon-7b", "author": "TadFerreira", "sha": "3150ac5aea1294b504264ffbaa112bf6d422959a", "lastModified": "2023-10-11T19:50:43.000Z", "private": false, "disabled": false, "gated": false, "tags": ["region:us"], "downloads": 0, "likes": 0, "siblings": [{"rfilename": ".gitattributes"}, {"rfilename": "adapter_config.json"}, {"rfilename": "adapter_model.bin"}], "spaces": [], "createdAt": "2023-09-05T02:41:51.000Z", "inferenceStatus": "not-loaded"}