{"_id": "629fdcdc48233a170e6c3b59", "id": "Tadija/Tadija", "modelId": "Tadija/Tadija", "author": "Tadija", "sha": "9a4e169dfa6b5340a87e78145722c33fd5b03cd2", "lastModified": "2022-06-07T23:18:52.000Z", "private": false, "disabled": false, "gated": false, "tags": ["license:artistic-2.0", "region:us"], "downloads": 0, "likes": 0, "model-index": null, "cardData": {"license": "artistic-2.0"}, "siblings": [{"rfilename": ".gitattributes"}, {"rfilename": "README.md"}], "spaces": [], "createdAt": "2022-06-07T23:18:52.000Z", "inferenceStatus": "not-loaded"}