{"_id": "64a17c04ddcdc3438edc3e3d", "id": "Tadorne/Political_Parrots", "modelId": "Tadorne/Political_Parrots", "author": "Tadorne", "sha": "4f57c8d6df4cf988862d55e5cb30b1b01f4c0545", "lastModified": "2023-07-03T12:37:20.000Z", "private": false, "disabled": false, "gated": false, "pipeline_tag": "text-generation", "tags": ["political", "gpt", "eu", "\ud83c\uddea\ud83c\uddfa", "legal", "text-generation", "region:us"], "downloads": 0, "widgetData": [{"text": "My name is Julien and I like to"}, {"text": "My name is Thomas and my main"}, {"text": "My name is Mariama, my favorite"}, {"text": "My name is Clara and I am"}, {"text": "My name is Lewis and I like to"}, {"text": "My name is Merve and my favorite"}, {"text": "My name is Teven and I am"}, {"text": "Once upon a time,"}], "likes": 0, "model-index": null, "cardData": {"tags": ["political", "gpt", "eu", "\ud83c\uddea\ud83c\uddfa", "legal"], "pipeline_tag": "text-generation"}, "siblings": [{"rfilename": ".gitattributes"}, {"rfilename": "README.md"}, {"rfilename": "adapter_v2/ecr/lit-llama-adapter-finetuned.pth"}, {"rfilename": "adapter_v2/epp/lit-llama-adapter-finetuned.pth"}, {"rfilename": "adapter_v2/renew/lit-llama-adapter-finetuned.pth"}, {"rfilename": "adapter_v2/sd/lit-llama-adapter-finetuned.pth"}], "spaces": [], "createdAt": "2023-07-02T13:30:44.000Z", "inferenceStatus": "not-loaded"}