{"_id": "65e7d50c9e860e781b25c4cf", "id": "Tadsandy7/LaniLove", "modelId": "Tadsandy7/LaniLove", "author": "Tadsandy7", "sha": "89425aa30f5a9e481c3435e31b136486417496e1", "lastModified": "2024-03-06T02:30:55.000Z", "private": false, "disabled": false, "gated": false, "tags": ["license:mit", "region:us"], "downloads": 0, "likes": 0, "model-index": null, "cardData": {"license": "mit"}, "siblings": [{"rfilename": ".gitattributes"}, {"rfilename": "Lani.zip"}, {"rfilename": "README.md"}], "spaces": [], "createdAt": "2024-03-06T02:29:32.000Z", "inferenceStatus": "not-loaded"}