{"_id": "641f773fce000d32182a3fe6", "id": "tadsatlawa/testModel1", "modelId": "tadsatlawa/testModel1", "author": "tadsatlawa", "sha": "0594959bfb7569b37ddeadb61392d1fe7f318d65", "lastModified": "2023-03-25T22:47:02.000Z", "private": false, "disabled": false, "gated": false, "pipeline_tag": "fill-mask", "tags": ["transformers", "pytorch", "roberta", "fill-mask", "autotrain_compatible", "endpoints_compatible", "region:us"], "downloads": 1, "library_name": "transformers", "mask_token": "<mask>", "widgetData": [{"text": "Paris is the <mask> of France."}, {"text": "The goal of life is <mask>."}], "likes": 0, "config": {"architectures": ["RobertaForMaskedLM"], "model_type": "roberta"}, "transformersInfo": {"auto_model": "AutoModelForMaskedLM", "pipeline_tag": "fill-mask", "processor": "AutoTokenizer"}, "siblings": [{"rfilename": ".gitattributes"}, {"rfilename": "Untitled.ipynb"}, {"rfilename": "config.json"}, {"rfilename": "optimizer.ptrom"}, {"rfilename": "pytorch_model.bin"}, {"rfilename": "rng_state.pth"}, {"rfilename": "scaler.ptrom"}, {"rfilename": "scheduler.ptrom"}, {"rfilename": "trainer_state.json"}, {"rfilename": "training_args.bin"}], "spaces": ["tadsatlawa/testSt"], "createdAt": "2023-03-25T22:35:43.000Z", "inferenceStatus": "not-loaded"}