{"_id": "64cd0c5fc39fe42f853d07f8", "id": "tae98/whisper-base.en-finetuned-gtzan", "modelId": "tae98/whisper-base.en-finetuned-gtzan", "author": "tae98", "sha": "1beac6d7565bb77eff32cb41ccb7fc740fbd7953", "lastModified": "2023-08-04T15:56:34.000Z", "private": false, "disabled": false, "gated": false, "pipeline_tag": "audio-classification", "tags": ["transformers", "pytorch", "tensorboard", "whisper", "audio-classification", "generated_from_trainer", "dataset:marsyas/gtzan", "base_model:openai/whisper-base.en", "license:apache-2.0", "model-index", "endpoints_compatible", "region:us"], "downloads": 2, "library_name": "transformers", "likes": 0, "model-index": [{"name": "whisper-base.en-finetuned-gtzan", "results": [{"task": {"name": "Audio Classification", "type": "audio-classification"}, "dataset": {"name": "GTZAN", "type": "marsyas/gtzan", "config": "default", "split": "train", "args": "default"}, "metrics": [{"name": "Accuracy", "type": "accuracy", "value": 0.88, "verified": false}]}]}], "config": {"architectures": ["WhisperForAudioClassification"], "model_type": "whisper"}, "cardData": {"license": "apache-2.0", "base_model": "openai/whisper-base.en", "tags": ["generated_from_trainer"], "datasets": ["marsyas/gtzan"], "metrics": ["accuracy"], "model-index": [{"name": "whisper-base.en-finetuned-gtzan", "results": [{"task": {"name": "Audio Classification", "type": "audio-classification"}, "dataset": {"name": "GTZAN", "type": "marsyas/gtzan", "config": "default", "split": "train", "args": "default"}, "metrics": [{"name": "Accuracy", "type": "accuracy", "value": 0.88, "verified": false}]}]}]}, "transformersInfo": {"auto_model": "AutoModelForAudioClassification", "pipeline_tag": "audio-classification", "processor": "AutoProcessor"}, "siblings": [{"rfilename": ".gitattributes"}, {"rfilename": ".gitignore"}, {"rfilename": "README.md"}, {"rfilename": "config.json"}, {"rfilename": "preprocessor_config.json"}, {"rfilename": "pytorch_model.bin"}, {"rfilename": "runs/Aug04_14-33-52_f0f8bb5122c0/events.out.tfevents.1691159652.f0f8bb5122c0.11630.0"}, {"rfilename": "runs/Aug04_14-37-54_f0f8bb5122c0/events.out.tfevents.1691159892.f0f8bb5122c0.13201.0"}, {"rfilename": "runs/Aug04_14-40-30_f0f8bb5122c0/events.out.tfevents.1691160044.f0f8bb5122c0.14082.0"}, {"rfilename": "runs/Aug04_14-42-26_f0f8bb5122c0/events.out.tfevents.1691160164.f0f8bb5122c0.14839.0"}, {"rfilename": "training_args.bin"}], "spaces": [], "createdAt": "2023-08-04T14:34:07.000Z", "inferenceStatus": "not-loaded"}