{"_id": "64257f9608e9e0ea8ccdcff9", "id": "taedam/main", "modelId": "taedam/main", "author": "taedam", "sha": "ddb179546aefb446752ff7513cb49c04091ecd8a", "lastModified": "2023-05-02T12:33:53.000Z", "private": false, "disabled": false, "gated": false, "tags": ["region:us"], "downloads": 0, "likes": 4, "siblings": [{"rfilename": ".gitattributes"}, {"rfilename": "AnythingV3V5_v3RE.ckpt"}, {"rfilename": "AnythingV3V5_v5RE.ckpt"}, {"rfilename": "aniflatmixAnimeFlatColorStyle_v10healyong.safetensors"}, {"rfilename": "fp16_anime_loli_A.safetensors"}, {"rfilename": "hassakuHentaiModel_hassakuv1.safetensors"}, {"rfilename": "hassakuHentaiModel_hassakuv1m.safetensors"}, {"rfilename": "healingustyle.ckpt"}, {"rfilename": "komowataHarukaCGStyle_v10.ckpt"}, {"rfilename": "lolimix11.safetensors"}, {"rfilename": "meinapastel_V4.safetensors"}, {"rfilename": "mixProV4_v4.safetensors"}, {"rfilename": "thickerLinesAnimeStyle_checkpointVersion.safetensors"}, {"rfilename": "ttommv2.ckpt"}], "spaces": [], "createdAt": "2023-03-30T12:24:54.000Z", "inferenceStatus": "not-loaded"}