{"_id": "64fc93078f76d450693c13cc", "id": "Taegyuu/qlora-koalpaca-polyglot-12.8b-50step", "modelId": "Taegyuu/qlora-koalpaca-polyglot-12.8b-50step", "author": "Taegyuu", "sha": "817c2de96779893cc49ecd8c7df8152e249ad798", "lastModified": "2023-09-13T23:47:31.000Z", "private": false, "disabled": false, "gated": false, "tags": ["peft", "region:us"], "downloads": 0, "library_name": "peft", "likes": 0, "model-index": null, "config": {"peft": {"base_model_name_or_path": "beomi/polyglot-ko-12.8b-safetensors", "task_type": "CAUSAL_LM"}}, "cardData": {"library_name": "peft"}, "siblings": [{"rfilename": ".gitattributes"}, {"rfilename": "README.md"}, {"rfilename": "adapter_config.json"}, {"rfilename": "adapter_model.bin"}], "spaces": [], "createdAt": "2023-09-09T15:45:11.000Z", "inferenceStatus": "not-loaded"}