{"_id": "621ffdc036468d709f1743c7", "id": "61birds/distilbert-base-uncased-finetuned-cola", "modelId": "61birds/distilbert-base-uncased-finetuned-cola", "author": "61birds", "sha": "270764590bd69d88e2ea3de024a8ff8d8ebdde1d", "lastModified": "2021-10-30T12:29:46.000Z", "private": false, "disabled": false, "gated": false, "tags": ["region:us"], "downloads": 0, "likes": 0, "siblings": [{"rfilename": ".gitattributes"}], "spaces": [], "createdAt": "2022-03-02T23:29:04.000Z", "inferenceStatus": "not-loaded"}