{"_id": "64b7306317570fdff9af4d1e", "id": "64bits/anime", "modelId": "64bits/anime", "author": "64bits", "sha": "3c34334947dd8418df1bf5c43ff9719779f7b4d8", "lastModified": "2023-07-19T00:42:00.000Z", "private": false, "disabled": false, "gated": false, "tags": ["license:other", "region:us"], "downloads": 0, "likes": 0, "model-index": null, "cardData": {"license": "other"}, "siblings": [{"rfilename": ".gitattributes"}, {"rfilename": "README.md"}, {"rfilename": "anime.safetensors"}], "spaces": [], "createdAt": "2023-07-19T00:37:55.000Z", "inferenceStatus": "not-loaded"}