{"_id": "6484157e6fbf526fad17fc0b", "id": "64bits/LexPodLM-13B", "modelId": "64bits/LexPodLM-13B", "author": "64bits", "sha": "6c51225f00f4c8cafef9c037c295b0fcd6adad9b", "lastModified": "2023-11-17T21:38:40.000Z", "private": false, "disabled": false, "gated": false, "pipeline_tag": "text-generation", "tags": ["transformers", "pytorch", "llama", "text-generation", "en", "dataset:64bits/lex_fridman_podcast_for_llm_vicuna", "license:other", "autotrain_compatible", "text-generation-inference", "endpoints_compatible", "region:us"], "downloads": 1433, "library_name": "transformers", "widgetData": [{"text": "My name is Julien and I like to"}, {"text": "My name is Thomas and my main"}, {"text": "My name is Mariama, my favorite"}, {"text": "My name is Clara and I am"}, {"text": "My name is Lewis and I like to"}, {"text": "My name is Merve and my favorite"}, {"text": "My name is Teven and I am"}, {"text": "Once upon a time,"}], "likes": 10, "model-index": null, "config": {"architectures": ["LlamaForCausalLM"], "model_type": "llama", "tokenizer_config": {"bos_token": {"__type": "AddedToken", "content": "<s>", "lstrip": false, "normalized": true, "rstrip": false, "single_word": false}, "eos_token": {"__type": "AddedToken", "content": "</s>", "lstrip": false, "normalized": true, "rstrip": false, "single_word": false}, "pad_token": null, "unk_token": {"__type": "AddedToken", "content": "<unk>", "lstrip": false, "normalized": true, "rstrip": false, "single_word": false}}}, "cardData": {"license": "other", "datasets": ["64bits/lex_fridman_podcast_for_llm_vicuna"], "language": ["en"], "library_name": "transformers", "tags": ["llama", "transformers"]}, "transformersInfo": {"auto_model": "AutoModelForCausalLM", "pipeline_tag": "text-generation", "processor": "AutoTokenizer"}, "siblings": [{"rfilename": ".gitattributes"}, {"rfilename": "README.md"}, {"rfilename": "config.json"}, {"rfilename": "generation_config.json"}, {"rfilename": "pytorch_model.bin"}, {"rfilename": "special_tokens_map.json"}, {"rfilename": "tokenizer.model"}, {"rfilename": "tokenizer_config.json"}, {"rfilename": "trainer_state.json"}, {"rfilename": "training_args.bin"}, {"rfilename": "zero_to_fp32.py"}], "spaces": ["open-llm-leaderboard/open_llm_leaderboard", "Intel/low_bit_open_llm_leaderboard", "BAAI/open_cn_llm_leaderboard", "gsaivinay/open_llm_leaderboard", "CoreyMorris/MMLU-by-task-Leaderboard", "GTBench/GTBench", "felixz/open_llm_leaderboard", "OPTML-Group/UnlearnCanvas-Benchmark", "Vikhrmodels/small-shlepa", "Vikhrmodels/Russian_Arena_Hard", "Docfile/open_llm_leaderboard", "rodrigomasini/data_only_open_llm_leaderboard", "neubla/neubla-llm-evaluation-board", "pngwn/open_llm_leaderboard", "pngwn/open_llm_leaderboard_two", "choco9966/LeaderboardTest", "choco9966/open-ko-llm-leaderboard", "smothiki/open_llm_leaderboard", "asir0z/open_llm_leaderboard", "kbmlcoding/open_llm_leaderboard_free", "pngwn/open_llm_leaderboard-check", "0x1668/open_llm_leaderboard", "aichampions/open_llm_leaderboard", "Adeco/open_llm_leaderboard"], "createdAt": "2023-06-10T06:17:34.000Z", "inferenceStatus": "not-loaded"}