{"_id": "65c27c074aaa26892cad4cdb", "id": "64Bit-768kHz/Backgrounds", "modelId": "64Bit-768kHz/Backgrounds", "author": "64Bit-768kHz", "sha": "6c880e0a7f35e3fbe9f280dc8dc13db6f82cfe45", "lastModified": "2024-02-06T18:53:46.000Z", "private": false, "disabled": false, "gated": false, "tags": ["region:us"], "downloads": 0, "likes": 0, "siblings": [{"rfilename": ".gitattributes"}, {"rfilename": "Lovely - Senko & Nanachi.png"}], "spaces": [], "createdAt": "2024-02-06T18:35:51.000Z", "inferenceStatus": "not-loaded"}