{"_id": "64e737404533ceba081c8625", "id": "64FC/distilhubert-finetuned-gtzan", "modelId": "64FC/distilhubert-finetuned-gtzan", "author": "64FC", "sha": "beec80edfd5e56cad5d59f3429607ba20f1e276a", "lastModified": "2023-08-24T14:22:41.000Z", "private": false, "disabled": false, "gated": false, "pipeline_tag": "audio-classification", "tags": ["transformers", "pytorch", "hubert", "audio-classification", "generated_from_trainer", "dataset:marsyas/gtzan", "base_model:ntu-spml/distilhubert", "license:apache-2.0", "model-index", "endpoints_compatible", "region:us"], "downloads": 0, "library_name": "transformers", "likes": 0, "model-index": [{"name": "distilhubert-finetuned-gtzan", "results": [{"task": {"name": "Audio Classification", "type": "audio-classification"}, "dataset": {"name": "GTZAN", "type": "marsyas/gtzan", "config": "default", "split": "train", "args": "default"}, "metrics": [{"name": "Accuracy", "type": "accuracy", "value": 0.87, "verified": false}]}]}], "config": {"architectures": ["HubertForSequenceClassification"], "model_type": "hubert"}, "cardData": {"license": "apache-2.0", "base_model": "ntu-spml/distilhubert", "tags": ["generated_from_trainer"], "datasets": ["marsyas/gtzan"], "metrics": ["accuracy"], "model-index": [{"name": "distilhubert-finetuned-gtzan", "results": [{"task": {"name": "Audio Classification", "type": "audio-classification"}, "dataset": {"name": "GTZAN", "type": "marsyas/gtzan", "config": "default", "split": "train", "args": "default"}, "metrics": [{"name": "Accuracy", "type": "accuracy", "value": 0.87, "verified": false}]}]}]}, "transformersInfo": {"auto_model": "AutoModelForAudioClassification", "pipeline_tag": "audio-classification", "processor": "AutoProcessor"}, "siblings": [{"rfilename": ".gitattributes"}, {"rfilename": "README.md"}, {"rfilename": "config.json"}, {"rfilename": "preprocessor_config.json"}, {"rfilename": "pytorch_model.bin"}, {"rfilename": "training_args.bin"}], "spaces": [], "createdAt": "2023-08-24T10:56:00.000Z", "inferenceStatus": "not-loaded"}