{"_id": "64e89a1ad50f3979bea447c4", "id": "64FC/speecht5_finetuned_voxpopuli_nl", "modelId": "64FC/speecht5_finetuned_voxpopuli_nl", "author": "64FC", "sha": "8bad591b8d3233b2fd7e7addcfb43b06cd0f3f69", "lastModified": "2023-08-26T10:53:03.000Z", "private": false, "disabled": false, "gated": false, "pipeline_tag": "text-to-speech", "tags": ["transformers", "pytorch", "tensorboard", "speecht5", "text-to-audio", "generated_from_trainer", "text-to-speech", "dataset:voxpopuli", "license:mit", "endpoints_compatible", "region:us"], "downloads": 2, "library_name": "transformers", "likes": 0, "model-index": [{"name": "speecht5_finetuned_voxpopuli_nl", "results": []}], "config": {"architectures": ["SpeechT5ForTextToSpeech"], "model_type": "speecht5", "tokenizer_config": {"bos_token": "<s>", "eos_token": "</s>", "pad_token": "<pad>", "unk_token": "<unk>"}}, "cardData": {"license": "mit", "tags": ["generated_from_trainer"], "datasets": ["voxpopuli"], "model-index": [{"name": "speecht5_finetuned_voxpopuli_nl", "results": []}], "pipeline_tag": "text-to-speech"}, "transformersInfo": {"auto_model": "AutoModelForTextToSpectrogram", "pipeline_tag": "text-to-audio", "processor": "AutoProcessor"}, "siblings": [{"rfilename": ".gitattributes"}, {"rfilename": ".gitignore"}, {"rfilename": "README.md"}, {"rfilename": "added_tokens.json"}, {"rfilename": "config.json"}, {"rfilename": "preprocessor_config.json"}, {"rfilename": "pytorch_model.bin"}, {"rfilename": "runs/Aug25_12-09-48_363e2ecb94e7/events.out.tfevents.1692965424.363e2ecb94e7.20469.0"}, {"rfilename": "special_tokens_map.json"}, {"rfilename": "spm_char.model"}, {"rfilename": "tokenizer_config.json"}, {"rfilename": "training_args.bin"}], "spaces": [], "createdAt": "2023-08-25T12:10:02.000Z", "inferenceStatus": "not-loaded"}