{"_id": "64e82180123d27f6f0642734", "id": "64FC/whisper-small-dv", "modelId": "64FC/whisper-small-dv", "author": "64FC", "sha": "f0a000140a0ddc91639e07005df9d65b42629959", "lastModified": "2023-08-25T05:30:50.000Z", "private": false, "disabled": false, "gated": false, "pipeline_tag": "automatic-speech-recognition", "tags": ["transformers", "pytorch", "whisper", "automatic-speech-recognition", "generated_from_trainer", "dv", "dataset:mozilla-foundation/common_voice_13_0", "base_model:openai/whisper-small", "license:apache-2.0", "model-index", "endpoints_compatible", "region:us"], "downloads": 6, "library_name": "transformers", "likes": 1, "model-index": [{"name": "Whisper Small Dv - Francois Chaumet", "results": [{"task": {"name": "Automatic Speech Recognition", "type": "automatic-speech-recognition"}, "dataset": {"name": "Common Voice 13", "type": "mozilla-foundation/common_voice_13_0", "config": "dv", "split": "test", "args": "dv"}, "metrics": [{"name": "Wer", "type": "wer", "value": 11.703237472615363, "verified": false}]}]}], "config": {"architectures": ["WhisperForConditionalGeneration"], "model_type": "whisper", "tokenizer_config": {"bos_token": {"__type": "AddedToken", "content": "<|endoftext|>", "lstrip": false, "normalized": true, "rstrip": false, "single_word": false}, "eos_token": {"__type": "AddedToken", "content": "<|endoftext|>", "lstrip": false, "normalized": true, "rstrip": false, "single_word": false}, "pad_token": null, "unk_token": {"__type": "AddedToken", "content": "<|endoftext|>", "lstrip": false, "normalized": true, "rstrip": false, "single_word": false}}}, "cardData": {"language": ["dv"], "license": "apache-2.0", "base_model": "openai/whisper-small", "tags": ["generated_from_trainer"], "datasets": ["mozilla-foundation/common_voice_13_0"], "metrics": ["wer"], "model-index": [{"name": "Whisper Small Dv - Francois Chaumet", "results": [{"task": {"name": "Automatic Speech Recognition", "type": "automatic-speech-recognition"}, "dataset": {"name": "Common Voice 13", "type": "mozilla-foundation/common_voice_13_0", "config": "dv", "split": "test", "args": "dv"}, "metrics": [{"name": "Wer", "type": "wer", "value": 11.703237472615363, "verified": false}]}]}]}, "transformersInfo": {"auto_model": "AutoModelForSpeechSeq2Seq", "pipeline_tag": "automatic-speech-recognition", "processor": "AutoProcessor"}, "siblings": [{"rfilename": ".gitattributes"}, {"rfilename": "README.md"}, {"rfilename": "added_tokens.json"}, {"rfilename": "config.json"}, {"rfilename": "generation_config.json"}, {"rfilename": "merges.txt"}, {"rfilename": "normalizer.json"}, {"rfilename": "preprocessor_config.json"}, {"rfilename": "pytorch_model.bin"}, {"rfilename": "special_tokens_map.json"}, {"rfilename": "tokenizer_config.json"}, {"rfilename": "training_args.bin"}, {"rfilename": "vocab.json"}], "spaces": [], "createdAt": "2023-08-25T03:35:28.000Z", "inferenceStatus": "not-loaded"}