{"_id": "663d69e4e812935d5a239dfa", "id": "666Bing666/Deep_Q_Learning_Pong", "modelId": "666Bing666/Deep_Q_Learning_Pong", "author": "666Bing666", "sha": "983938f31f14235d5ff32c4f15a2e155ff594076", "lastModified": "2024-05-10T00:28:58.000Z", "private": false, "disabled": false, "gated": false, "pipeline_tag": "reinforcement-learning", "tags": ["stable-baselines3", "PongNoFrameskip-v4", "deep-reinforcement-learning", "reinforcement-learning", "model-index", "region:us"], "downloads": 10, "library_name": "stable-baselines3", "likes": 0, "model-index": [{"name": "DQN", "results": [{"task": {"type": "reinforcement-learning", "name": "reinforcement-learning"}, "dataset": {"name": "PongNoFrameskip-v4", "type": "PongNoFrameskip-v4"}, "metrics": [{"type": "mean_reward", "value": "-11.50 +/- 1.50", "name": "mean_reward", "verified": false}]}]}], "cardData": {"library_name": "stable-baselines3", "tags": ["PongNoFrameskip-v4", "deep-reinforcement-learning", "reinforcement-learning", "stable-baselines3"], "model-index": [{"name": "DQN", "results": [{"task": {"type": "reinforcement-learning", "name": "reinforcement-learning"}, "dataset": {"name": "PongNoFrameskip-v4", "type": "PongNoFrameskip-v4"}, "metrics": [{"type": "mean_reward", "value": "-11.50 +/- 1.50", "name": "mean_reward", "verified": false}]}]}]}, "siblings": [{"rfilename": ".gitattributes"}, {"rfilename": "README.md"}, {"rfilename": "args.yml"}, {"rfilename": "config.yml"}, {"rfilename": "dqn-PongNoFrameskip-v4.zip"}, {"rfilename": "dqn-PongNoFrameskip-v4/_stable_baselines3_version"}, {"rfilename": "dqn-PongNoFrameskip-v4/data"}, {"rfilename": "dqn-PongNoFrameskip-v4/policy.optimizer.pth"}, {"rfilename": "dqn-PongNoFrameskip-v4/policy.pth"}, {"rfilename": "dqn-PongNoFrameskip-v4/pytorch_variables.pth"}, {"rfilename": "dqn-PongNoFrameskip-v4/system_info.txt"}, {"rfilename": "env_kwargs.yml"}, {"rfilename": "replay.mp4"}, {"rfilename": "results.json"}, {"rfilename": "train_eval_metrics.zip"}], "spaces": [], "createdAt": "2024-05-10T00:27:16.000Z", "inferenceStatus": "not-loaded"}