{"_id": "65a89d7ff0f30f7eeafa7753", "id": "666paranoia666/pasha", "modelId": "666paranoia666/pasha", "author": "666paranoia666", "sha": "07b9d19dc277210788ebdcbca94e46a5e9db84bc", "lastModified": "2024-01-18T03:39:43.000Z", "private": false, "disabled": false, "gated": false, "tags": ["license:apache-2.0", "region:us"], "downloads": 0, "likes": 0, "model-index": null, "cardData": {"license": "apache-2.0"}, "siblings": [{"rfilename": ".gitattributes"}, {"rfilename": "README.md"}], "spaces": [], "createdAt": "2024-01-18T03:39:43.000Z", "inferenceStatus": "not-loaded"}