{"_id": "64bded929f94ea25540c604e", "id": "666zw/LOCR", "modelId": "666zw/LOCR", "author": "666zw", "sha": "4ec5dab62b154699184fa1ae3064c1f58149d8a6", "lastModified": "2023-07-24T03:19:46.000Z", "private": false, "disabled": false, "gated": false, "tags": ["arxiv:1910.09700", "region:us"], "downloads": 0, "likes": 0, "model-index": null, "cardData": {}, "siblings": [{"rfilename": ".gitattributes"}, {"rfilename": "README.md"}], "spaces": [], "createdAt": "2023-07-24T03:18:42.000Z", "inferenceStatus": "not-loaded"}