{"_id": "64c526481d44fc06afd7d6b6", "id": "66UTR/akira_1988", "modelId": "66UTR/akira_1988", "author": "66UTR", "sha": "588690545829ca5fb3aac4d7c5d02049bfe2f025", "lastModified": "2023-07-29T14:47:01.000Z", "private": false, "disabled": false, "gated": false, "tags": ["region:us"], "downloads": 0, "likes": 0, "siblings": [{"rfilename": ".gitattributes"}, {"rfilename": "LoRA/output/akira_1988-000001.safetensors"}, {"rfilename": "LoRA/output/akira_1988-000002.safetensors"}, {"rfilename": "LoRA/output/akira_1988-000003.safetensors"}, {"rfilename": "LoRA/output/akira_1988-000004.safetensors"}, {"rfilename": "LoRA/output/akira_1988-000005.safetensors"}, {"rfilename": "LoRA/output/akira_1988-000006.safetensors"}, {"rfilename": "LoRA/output/akira_1988-000007.safetensors"}, {"rfilename": "LoRA/output/akira_1988-000008.safetensors"}, {"rfilename": "LoRA/output/akira_1988-000009.safetensors"}, {"rfilename": "LoRA/output/akira_1988.safetensors"}, {"rfilename": "LoRA/output/sample/akira_1988_20230729135340_e000001_01.png"}, {"rfilename": "LoRA/output/sample/akira_1988_20230729135930_e000002_01.png"}, {"rfilename": "LoRA/output/sample/akira_1988_20230729140521_e000003_01.png"}, {"rfilename": "LoRA/output/sample/akira_1988_20230729141113_e000004_01.png"}, {"rfilename": "LoRA/output/sample/akira_1988_20230729141704_e000005_01.png"}, {"rfilename": "LoRA/output/sample/akira_1988_20230729142256_e000006_01.png"}, {"rfilename": "LoRA/output/sample/akira_1988_20230729142848_e000007_01.png"}, {"rfilename": "LoRA/output/sample/akira_1988_20230729143439_e000008_01.png"}, {"rfilename": "LoRA/output/sample/akira_1988_20230729144031_e000009_01.png"}, {"rfilename": "LoRA/output/sample/akira_1988_20230729144622_e000010_01.png"}, {"rfilename": "akira_1988_config/config_file.toml"}, {"rfilename": "akira_1988_config/sample_prompt.txt"}], "spaces": [], "createdAt": "2023-07-29T14:46:32.000Z", "inferenceStatus": "not-loaded"}