{"_id": "64bcf30fae436c88130960d4", "id": "66UTR/LoRA_kakros", "modelId": "66UTR/LoRA_kakros", "author": "66UTR", "sha": "2b49dd6d4581747d68e72f4f1d9746a6ded09905", "lastModified": "2023-07-23T09:30:02.000Z", "private": false, "disabled": false, "gated": false, "tags": ["region:us"], "downloads": 0, "likes": 0, "siblings": [{"rfilename": ".gitattributes"}, {"rfilename": "LoRA/output/kakros_LoRA_sd15-000001.safetensors"}, {"rfilename": "LoRA/output/kakros_LoRA_sd15-000002.safetensors"}, {"rfilename": "LoRA/output/kakros_LoRA_sd15-000003.safetensors"}, {"rfilename": "LoRA/output/kakros_LoRA_sd15-000004.safetensors"}, {"rfilename": "LoRA/output/kakros_LoRA_sd15-000005.safetensors"}, {"rfilename": "LoRA/output/kakros_LoRA_sd15-000006.safetensors"}, {"rfilename": "LoRA/output/kakros_LoRA_sd15-000007.safetensors"}, {"rfilename": "LoRA/output/kakros_LoRA_sd15-000008.safetensors"}, {"rfilename": "LoRA/output/kakros_LoRA_sd15-000009.safetensors"}, {"rfilename": "LoRA/output/kakros_LoRA_sd15.safetensors"}, {"rfilename": "kakros_LoRA_sd15_config/config_file.toml"}, {"rfilename": "kakros_LoRA_sd15_config/sample_prompt.txt"}], "spaces": [], "createdAt": "2023-07-23T09:29:51.000Z", "inferenceStatus": "not-loaded"}