{"_id": "649e9da13914db6cf8f29efc", "id": "66UTR/LoRA_daphneblake", "modelId": "66UTR/LoRA_daphneblake", "author": "66UTR", "sha": "83d6e89d25e93558492f025371b2a66971fe10ae", "lastModified": "2023-06-30T09:23:18.000Z", "private": false, "disabled": false, "gated": false, "pipeline_tag": "text-to-image", "tags": ["stable diffusion", "text-to-image", "license:creativeml-openrail-m", "region:us"], "downloads": 0, "likes": 0, "model-index": null, "cardData": {"license": "creativeml-openrail-m", "pipeline_tag": "text-to-image", "tags": ["stable diffusion"]}, "siblings": [{"rfilename": ".gitattributes"}, {"rfilename": "LoRA/daphne_blake-000001.safetensors"}, {"rfilename": "LoRA/daphne_blake-000002.safetensors"}, {"rfilename": "LoRA/daphne_blake-000003.safetensors"}, {"rfilename": "LoRA/daphne_blake-000004.safetensors"}, {"rfilename": "LoRA/daphne_blake-000005.safetensors"}, {"rfilename": "LoRA/daphne_blake-000006.safetensors"}, {"rfilename": "LoRA/daphne_blake-000007.safetensors"}, {"rfilename": "LoRA/daphne_blake-000008.safetensors"}, {"rfilename": "LoRA/daphne_blake-000009.safetensors"}, {"rfilename": "LoRA/daphne_blake.safetensors"}, {"rfilename": "LoRA/readme.txt"}, {"rfilename": "LoRA/sample.rar"}, {"rfilename": "README.md"}], "spaces": [], "createdAt": "2023-06-30T09:17:21.000Z", "inferenceStatus": "not-loaded"}