{"_id": "64bbf7f24d2052b1aaf6f01e", "id": "67616c/67616rvc", "modelId": "67616c/67616rvc", "author": "67616c", "sha": "279f320cb14b0514b064a058da1310dc7e6cf29c", "lastModified": "2023-07-22T16:24:08.000Z", "private": false, "disabled": false, "gated": false, "tags": ["license:openrail", "region:us"], "downloads": 0, "likes": 0, "model-index": null, "cardData": {"license": "openrail"}, "siblings": [{"rfilename": ".gitattributes"}, {"rfilename": "README.md"}, {"rfilename": "kaede_takagaki_200e.zip"}, {"rfilename": "mirei_hayasaka_200e.zip"}], "spaces": [], "createdAt": "2023-07-22T15:38:26.000Z", "inferenceStatus": "not-loaded"}