{"_id": "6655e2fdb47c060e538afb57", "id": "6apadana9/RRR", "modelId": "6apadana9/RRR", "author": "6apadana9", "sha": "f7800b087e250808562e65dcc45199b3c64172a7", "lastModified": "2024-05-28T14:01:31.000Z", "private": false, "disabled": false, "gated": false, "tags": ["license:openrail", "region:us"], "downloads": 0, "likes": 1, "model-index": null, "cardData": {"license": "openrail"}, "siblings": [{"rfilename": ".gitattributes"}, {"rfilename": "README.md"}, {"rfilename": "path.zip"}], "spaces": [], "createdAt": "2024-05-28T13:58:21.000Z", "inferenceStatus": "not-loaded"}