{"_id": "6425c4ee1454fbdb60185b1b", "id": "6DammK9/cagroup3d-win10-scannet", "modelId": "6DammK9/cagroup3d-win10-scannet", "author": "6DammK9", "sha": "d8b057bd1e320ed4d2532056a836a62ed2795f6d", "lastModified": "2023-04-07T18:18:46.000Z", "private": false, "disabled": false, "gated": false, "tags": ["pcdet", "tensorboard", "en", "dataset:scannet", "arxiv:2210.04264", "license:openrail", "region:us"], "downloads": 0, "library_name": "pcdet", "likes": 0, "model-index": null, "cardData": {"library_name": "pcdet", "tags": ["pcdet"], "license": "openrail", "metrics": ["mAP@0.25", "mAP@0.50"], "datasets": ["scannet"], "language": ["en"]}, "siblings": [{"rfilename": ".gitattributes"}, {"rfilename": "CAGroup3D.yaml"}, {"rfilename": "README.md"}, {"rfilename": "ckpt/checkpoint_epoch_1.pth"}, {"rfilename": "ckpt/checkpoint_epoch_9.pth"}, {"rfilename": "eval/epoch_1/val/default/log_eval_20230331-075525.txt"}, {"rfilename": "eval/epoch_1/val/default/log_eval_20230401-003735.txt"}, {"rfilename": "eval/epoch_1/val/default/result.pkl"}, {"rfilename": "eval/epoch_8/val/default/log_eval_20230401-214509.txt"}, {"rfilename": "eval/epoch_8/val/default/result.pkl"}, {"rfilename": "eval/eval_with_train/epoch_9/val/result.pkl"}, {"rfilename": "eval/eval_with_train/eval_list_val.txt"}, {"rfilename": "eval/eval_with_train/tensorboard_val/events.out.tfevents.1680187773.DESKTOP-3FL13RB"}, {"rfilename": "eval/eval_with_train/tensorboard_val/events.out.tfevents.1680871213.DESKTOP-3FL13RB"}, {"rfilename": "log_train_20230326-130440.txt"}, {"rfilename": "log_train_20230402-191900.txt"}, {"rfilename": "tensorboard/events.out.tfevents.1679807081.DESKTOP-3FL13RB"}, {"rfilename": "tensorboard/events.out.tfevents.1680434340.DESKTOP-3FL13RB"}], "spaces": [], "createdAt": "2023-03-30T17:20:46.000Z", "inferenceStatus": "not-loaded"}