{"_id": "65008c9cb0de1665785c3bbd", "id": "6DammK9/AstolfoMix", "modelId": "6DammK9/AstolfoMix", "author": "6DammK9", "sha": "10e37927d33d6ae762b37de44cf561bd49922f57", "lastModified": "2024-07-02T17:07:33.000Z", "private": false, "disabled": false, "gated": false, "pipeline_tag": "text-to-image", "tags": ["diffusers", "stable-diffusion", "stable-diffusion-diffusers", "text-to-image", "safetensors", "merge", "en", "license:creativeml-openrail-m", "autotrain_compatible", "endpoints_compatible", "diffusers:StableDiffusionPipeline", "region:us"], "downloads": 27526, "library_name": "diffusers", "widgetData": [{"text": "aesthetic, quality, 1girl, boy, astolfo"}], "likes": 6, "model-index": null, "config": {"diffusers": {"_class_name": "StableDiffusionPipeline"}}, "cardData": {"language": ["en"], "license": "creativeml-openrail-m", "tags": ["stable-diffusion", "stable-diffusion-diffusers", "text-to-image", "safetensors", "merge"], "inference": true, "thumbnail": "https://huggingface.co/6DammK9/AstolfoMix/resolve/main/231267-1921923808-3584-1536-4.5-256-20231207033217.jpg", "widget": [{"text": "aesthetic, quality, 1girl, boy, astolfo"}], "example_title": "example 1girl boy", "library_name": "diffusers"}, "siblings": [{"rfilename": ".gitattributes"}, {"rfilename": "02-vbp23-cbp2-sd.safetensors"}, {"rfilename": "02a-vbp23-cbp2.safetensors"}, {"rfilename": "02b-AstolfoMix-_01a_02a.safetensors"}, {"rfilename": "03-vcbp-mzpikas_tmnd-sd.safetensors"}, {"rfilename": "03a-vcbp-mzpikas_tmnd.safetensors"}, {"rfilename": "03b-AstolfoMix-_03a_04a.safetensors"}, {"rfilename": "04-vcbp_mzpt_d8-sd.safetensors"}, {"rfilename": "04a-vcbp_mzpt_d8.safetensors"}, {"rfilename": "04b-AstolfoMix-_05a_06a.safetensors"}, {"rfilename": "05-vcbp_mtd8_cwl-sd.safetensors"}, {"rfilename": "05a-vcbp_mtd8_cwl.safetensors"}, {"rfilename": "05b-AstolfoMix-_07a_08a.safetensors"}, {"rfilename": "06-vcbp_mtd8cwl_bd-sd.safetensors"}, {"rfilename": "06a-vcbp_mtd8cwl_bd.safetensors"}, {"rfilename": "06b-AstolfoMix-_09a_10a.safetensors"}, {"rfilename": "07-vcbp_mtd8cwl_bdaw-sd.safetensors"}, {"rfilename": "07a-vcbp_mtd8cwl_bdaw.safetensors"}, {"rfilename": "07b-AstolfoMix-_11a_12a.safetensors"}, {"rfilename": "08-vcbpmt_d8cwlbd_aweb5-sd.safetensors"}, {"rfilename": "08a-vcbpmt_d8cwlbd_aweb5.safetensors"}, {"rfilename": "08b-AstolfoMix-_13a_14a.safetensors"}, {"rfilename": "09-vcbpmt_d8cwlbd_aweb5m-sd.safetensors"}, {"rfilename": "09a-vcbpmt_d8cwlbd_aweb5m.safetensors"}, {"rfilename": "09b-AstolfoMix-_15a_16a.safetensors"}, {"rfilename": "10-vcbpmtd8_cwlbdaw_eb5ms29-sd.safetensors"}, {"rfilename": "10a-vcbpmtd8_cwlbdaw_eb5ms29.safetensors"}, {"rfilename": "10b-AstolfoMix-_17a_18a.safetensors"}, {"rfilename": "11-bp-sd.safetensors"}, {"rfilename": "11a-bp.safetensors"}, {"rfilename": "11b-AstolfoMix-_19a_20a.safetensors"}, {"rfilename": "12-bpcga9-sd.safetensors"}, {"rfilename": "12a-bpcga9.safetensors"}, {"rfilename": "12b-AstolfoMix-02b03b.safetensors"}, {"rfilename": "13-bpcga9-lra-sd.safetensors"}, {"rfilename": "13a-bpcga9-lra.safetensors"}, {"rfilename": "13b-AstolfoMix-04b05b.safetensors"}, {"rfilename": "14-bpcga9-lracrc2-sd.safetensors"}, {"rfilename": "14a-bpcga9-lracrc2.safetensors"}, {"rfilename": "14b-AstolfoMix-06b07b.safetensors"}, {"rfilename": "15-bpcga9-lracrc2-oh-sd.safetensors"}, {"rfilename": "15a-bpcga9-lracrc2-oh.safetensors"}, {"rfilename": "15b-AstolfoMix-08b09b.safetensors"}, {"rfilename": "16-bpcga9-lracrc2-ohb11.safetensors"}, {"rfilename": "16a-bpcga9-lracrc2-ohb11.safetensors"}, {"rfilename": "16b-AstolfoMix-10b11b.safetensors"}, {"rfilename": "17-bpcga9-lracrc2-ohb11i75-sd.safetensors"}, {"rfilename": "17a-bpcga9-lracrc2-ohb11i75.safetensors"}, {"rfilename": "17b-AstolfoMix-12b13b.safetensors"}, {"rfilename": "18-bpcga9-lracrc2-ohb11i75-pvc-sd.safetensors"}, {"rfilename": "18a-bpcga9-lracrc2-ohb11i75-pvc.safetensors"}, {"rfilename": "18b-AstolfoMix-15b16b.safetensors"}, {"rfilename": "19b-AstolfoMix-14b17b.safetensors"}, {"rfilename": "20-bpcga9-lracrc2oh-b11i75pvc-gf34ym34-sd.safetensors"}, {"rfilename": "20a-bpcga9-lracrc2oh-b11i75pvc-gf34ym34-sd.safetensors"}, {"rfilename": "20b-AstolfoMix-18b19b.safetensors"}, {"rfilename": "21-AstolfoMix-2020b.safetensors"}, {"rfilename": "21b-AstolfoMix-2020b.safetensors"}, {"rfilename": "230725-2.jpg"}, {"rfilename": "230926-342433587-2048-1152-4.5-48-20230911080644.png"}, {"rfilename": "230958-132385090-2688-1536-4.5-256-20230930203540.jpg"}, {"rfilename": "231077-3179120050-2688-1536-4.5-64-20230917093912.jpg"}, {"rfilename": "231111-341693176-2688-1536-4-256-20231021050214.jpg"}, {"rfilename": "231267-1921923808-3584-1536-4.5-256-20231207033217.jpg"}, {"rfilename": "231342-142097205-2560-1440-4-256-20231127224612.jpg"}, {"rfilename": "README.md"}, {"rfilename": "feature_extractor/preprocessor_config.json"}, {"rfilename": "model_index.json"}, {"rfilename": "safety_checker/config.json"}, {"rfilename": "safety_checker/pytorch_model.bin"}, {"rfilename": "scheduler/scheduler_config.json"}, {"rfilename": "text_encoder/config.json"}, {"rfilename": "text_encoder/pytorch_model.bin"}, {"rfilename": "tokenizer/merges.txt"}, {"rfilename": "tokenizer/special_tokens_map.json"}, {"rfilename": "tokenizer/tokenizer_config.json"}, {"rfilename": "tokenizer/vocab.json"}, {"rfilename": "unet/config.json"}, {"rfilename": "unet/diffusion_pytorch_model.bin"}, {"rfilename": "vae/config.json"}, {"rfilename": "vae/diffusion_pytorch_model.bin"}, {"rfilename": "xyz_grid-0081-599520664-6144-2017-4.5-48-20230913012204.jpg"}, {"rfilename": "xyz_grid-0083-342433587-10240-1656-4.5-48-20230916031640.jpg"}, {"rfilename": "xyz_grid-0181-3972813705-25600-2067-4.5-48-20230929010338.jpg"}, {"rfilename": "xyz_grid-0182-3972813705-25600-2069-4.5-48-20230929185331.jpg"}, {"rfilename": "xyz_grid-0183-3972813705-25600-2067-4.5-48-20230929231817.jpg"}, {"rfilename": "xyz_grid-0184-3972813705-25600-2067-4.5-48-20230929235846.jpg"}, {"rfilename": "xyz_grid-0328-3972813705-25600-2069-4-48-20231021190402.jpg"}, {"rfilename": "xyz_grid-0329-3972813705-25600-2069-4-48-20231021192917.jpg"}, {"rfilename": "xyz_grid-0330-3972813705-25600-2069-4-48-20231021201454.jpg"}, {"rfilename": "xyz_grid-0331-3972813705-25600-2069-4-48-20231021233059.jpg"}], "spaces": ["Nymbo/image_gen_supaqueue"], "createdAt": "2023-09-12T16:06:52.000Z", "inferenceStatus": "not-loaded"}