{"_id": "65be68f50b3d3ea5260b1006", "id": "6DammK9/AstolfoMix-XL", "modelId": "6DammK9/AstolfoMix-XL", "author": "6DammK9", "sha": "55ba72739bf1e2b42875b14178a4957a289fa6d4", "lastModified": "2024-07-02T16:20:48.000Z", "private": false, "disabled": false, "gated": false, "pipeline_tag": "text-to-image", "tags": ["diffusers", "safetensors", "stable-diffusion", "stable-diffusion-diffusers", "text-to-image", "merge", "en", "arxiv:2403.13257", "arxiv:2403.19522", "arxiv:2311.03099", "arxiv:2306.01708", "arxiv:2203.05482", "license:creativeml-openrail-m", "autotrain_compatible", "endpoints_compatible", "diffusers:StableDiffusionXLPipeline", "region:us"], "downloads": 3481, "library_name": "diffusers", "widgetData": [{"text": "1boy, astolfo"}], "likes": 2, "model-index": null, "config": {"diffusers": {"_class_name": "StableDiffusionXLPipeline"}}, "cardData": {"language": ["en"], "license": "creativeml-openrail-m", "tags": ["stable-diffusion", "stable-diffusion-diffusers", "text-to-image", "safetensors", "merge"], "inference": true, "thumbnail": "https://huggingface.co/6DammK9/AstolfoMix-XL/resolve/main/240672-1526207600-2688-1536-3-256-20240615232306.jpg", "widget": [{"text": "1boy, astolfo"}], "example_title": "astolfo", "library_name": "diffusers"}, "siblings": [{"rfilename": ".gitattributes"}, {"rfilename": "230748.jpg"}, {"rfilename": "240234-2213673007-2016-1152-4.5-192-20240210015331.jpg"}, {"rfilename": "240426-1841382272-2016-1152-4.5-256-20240418043456.png"}, {"rfilename": "24050502.png"}, {"rfilename": "24051202.png"}, {"rfilename": "240564-3134096594-2688-1536-3-256-20240513053626.jpg"}, {"rfilename": "24060801.png"}, {"rfilename": "24061701.png"}, {"rfilename": "240672-1526207600-2688-1536-3-256-20240615232306.jpg"}, {"rfilename": "README.md"}, {"rfilename": "basin-AstolfoMix-24051501-29bac1a.safetensors"}, {"rfilename": "model_index.json"}, {"rfilename": "scheduler/scheduler_config.json"}, {"rfilename": "text_encoder/config.json"}, {"rfilename": "text_encoder/model.safetensors"}, {"rfilename": "text_encoder_2/config.json"}, {"rfilename": "text_encoder_2/model.safetensors"}, {"rfilename": "tokenizer/merges.txt"}, {"rfilename": "tokenizer/special_tokens_map.json"}, {"rfilename": "tokenizer/tokenizer_config.json"}, {"rfilename": "tokenizer/vocab.json"}, {"rfilename": "tokenizer_2/merges.txt"}, {"rfilename": "tokenizer_2/special_tokens_map.json"}, {"rfilename": "tokenizer_2/tokenizer_config.json"}, {"rfilename": "tokenizer_2/vocab.json"}, {"rfilename": "unet/config.json"}, {"rfilename": "unet/diffusion_pytorch_model.safetensors"}, {"rfilename": "vae/config.json"}, {"rfilename": "vae/diffusion_pytorch_model.safetensors"}, {"rfilename": "x101a-AstolfoMix-24050903-4edc67c.safetensors"}, {"rfilename": "x116a-AstolfoMix-24060303-94acc59.safetensors"}, {"rfilename": "x116a-AstolfoMix-24060702-01823a9.safetensors"}, {"rfilename": "x11c-AstolfoMix-x13te0x14te1.safetensors"}, {"rfilename": "x17-AstolfoMix-x13te0x14te1.safetensors"}, {"rfilename": "x51-AstolfoMix-x60te0x41te1-e2e-240407-feefbf4.safetensors"}, {"rfilename": "x72a-AstolfoMix-240421-feefbf4.safetensors"}], "spaces": [], "createdAt": "2024-02-03T16:25:25.000Z", "inferenceStatus": "not-loaded"}