{"_id": "66576b048a4b6898944b082c", "id": "6ixcut/Yassin", "modelId": "6ixcut/Yassin", "author": "6ixcut", "sha": "429df8c41010c93459483a58dfbc1f5665baa0a8", "lastModified": "2024-05-29T17:51:24.000Z", "private": false, "disabled": false, "gated": false, "tags": ["region:us"], "downloads": 0, "likes": 0, "siblings": [{"rfilename": ".gitattributes"}, {"rfilename": "Ilyass_Clone.zip"}, {"rfilename": "Yassin_clone.zip"}], "spaces": [], "createdAt": "2024-05-29T17:51:00.000Z", "inferenceStatus": "not-loaded"}