{"_id": "62e049b24736b5a415681b24", "id": "6izoal5amba6izo/slaves", "modelId": "6izoal5amba6izo/slaves", "author": "6izoal5amba6izo", "sha": "eee92c99ba38509e32291c8117a81c57ff2d1345", "lastModified": "2022-07-26T20:08:18.000Z", "private": false, "disabled": false, "gated": false, "tags": ["license:afl-3.0", "region:us"], "downloads": 0, "likes": 0, "model-index": null, "cardData": {"license": "afl-3.0"}, "siblings": [{"rfilename": ".gitattributes"}, {"rfilename": "README.md"}], "spaces": [], "createdAt": "2022-07-26T20:08:18.000Z", "inferenceStatus": "not-loaded"}