{"_id": "6415b079756ca5c234fbd205", "id": "6mad/wawawa", "modelId": "6mad/wawawa", "author": "6mad", "sha": "d7297a980eefff95e0907c3b9705bbfc7331441c", "lastModified": "2023-03-18T12:37:13.000Z", "private": false, "disabled": false, "gated": false, "tags": ["license:openrail", "region:us"], "downloads": 0, "likes": 0, "model-index": null, "cardData": {"license": "openrail"}, "siblings": [{"rfilename": ".gitattributes"}, {"rfilename": "README.md"}], "spaces": [], "createdAt": "2023-03-18T12:37:13.000Z", "inferenceStatus": "not-loaded"}