{"_id": "653c67ca7117f6b87733a6e1", "id": "6tcyx/lsfchaewon", "modelId": "6tcyx/lsfchaewon", "author": "6tcyx", "sha": "f7b8f096cf65839beac92c1fdc1ca54720a15f8b", "lastModified": "2023-10-28T02:12:35.000Z", "private": false, "disabled": false, "gated": false, "tags": ["region:us"], "downloads": 0, "likes": 0, "siblings": [{"rfilename": ".gitattributes"}, {"rfilename": "added_IVF2910_Flat_nprobe_1_lsf chaewon_v2.index"}, {"rfilename": "lsf chaewon.zip"}], "spaces": [], "createdAt": "2023-10-28T01:45:46.000Z", "inferenceStatus": "not-loaded"}