{"_id": "653d4abd885338b011cf02cb", "id": "6tcyx/huhyunjin", "modelId": "6tcyx/huhyunjin", "author": "6tcyx", "sha": "e33b674bc07ba22ab24390e0d4f762e9fced1bac", "lastModified": "2023-10-28T17:59:59.000Z", "private": false, "disabled": false, "gated": false, "tags": ["license:openrail", "region:us"], "downloads": 0, "likes": 0, "model-index": null, "cardData": {"license": "openrail"}, "siblings": [{"rfilename": ".gitattributes"}, {"rfilename": "Huh Yunjin 5K.zip"}, {"rfilename": "README.md"}], "spaces": [], "createdAt": "2023-10-28T17:54:05.000Z", "inferenceStatus": "not-loaded"}