{"_id": "662db12cd1055e6b3b882edf", "id": "6vice/Lieu4200", "modelId": "6vice/Lieu4200", "author": "6vice", "sha": "7541285c59186b9a2067f3c005fc7758bcf21c82", "lastModified": "2024-04-28T02:16:21.000Z", "private": false, "disabled": false, "gated": false, "tags": ["license:unknown", "region:us"], "downloads": 0, "likes": 0, "model-index": null, "cardData": {"license": "unknown"}, "siblings": [{"rfilename": ".gitattributes"}, {"rfilename": "Lieu4200.zip"}, {"rfilename": "README.md"}], "spaces": [], "createdAt": "2024-04-28T02:15:08.000Z", "inferenceStatus": "not-loaded"}