{"_id": "65f2a9f90d943678884914c2", "id": "w0475858/ppo-Huggy", "modelId": "w0475858/ppo-Huggy", "author": "w0475858", "sha": "6ce5202c9d1ba5f1d3845be15ea7c4349696b9ba", "lastModified": "2024-03-14T07:50:15.000Z", "private": false, "disabled": false, "gated": false, "pipeline_tag": "reinforcement-learning", "tags": ["ml-agents", "tensorboard", "onnx", "Huggy", "deep-reinforcement-learning", "reinforcement-learning", "ML-Agents-Huggy", "region:us"], "downloads": 34, "library_name": "ml-agents", "likes": 0, "model-index": null, "config": {}, "cardData": {"library_name": "ml-agents", "tags": ["Huggy", "deep-reinforcement-learning", "reinforcement-learning", "ML-Agents-Huggy"]}, "siblings": [{"rfilename": ".gitattributes"}, {"rfilename": "Huggy.onnx"}, {"rfilename": "Huggy/Huggy-1199941.onnx"}, {"rfilename": "Huggy/Huggy-1199941.pt"}, {"rfilename": "Huggy/Huggy-1399937.onnx"}, {"rfilename": "Huggy/Huggy-1399937.pt"}, {"rfilename": "Huggy/Huggy-1599264.onnx"}, {"rfilename": "Huggy/Huggy-1599264.pt"}, {"rfilename": "Huggy/Huggy-1799952.onnx"}, {"rfilename": "Huggy/Huggy-1799952.pt"}, {"rfilename": "Huggy/Huggy-199941.onnx"}, {"rfilename": "Huggy/Huggy-199941.pt"}, {"rfilename": "Huggy/Huggy-1999988.onnx"}, {"rfilename": "Huggy/Huggy-1999988.pt"}, {"rfilename": "Huggy/Huggy-2000073.onnx"}, {"rfilename": "Huggy/Huggy-2000073.pt"}, {"rfilename": "Huggy/Huggy-399864.onnx"}, {"rfilename": "Huggy/Huggy-399864.pt"}, {"rfilename": "Huggy/Huggy-599909.onnx"}, {"rfilename": "Huggy/Huggy-599909.pt"}, {"rfilename": "Huggy/Huggy-799944.onnx"}, {"rfilename": "Huggy/Huggy-799944.pt"}, {"rfilename": "Huggy/Huggy-999949.onnx"}, {"rfilename": "Huggy/Huggy-999949.pt"}, {"rfilename": "Huggy/checkpoint.pt"}, {"rfilename": "Huggy/events.out.tfevents.1710398285.22e678ba3691.2548.0"}, {"rfilename": "README.md"}, {"rfilename": "config.json"}, {"rfilename": "configuration.yaml"}, {"rfilename": "run_logs/Player-0.log"}, {"rfilename": "run_logs/timers.json"}, {"rfilename": "run_logs/training_status.json"}], "spaces": [], "createdAt": "2024-03-14T07:40:41.000Z", "inferenceStatus": "not-loaded"}