{"_id": "64d4b9e19a6a7ae984cb327d", "id": "w05230505/LoRA_T5_base_CQA", "modelId": "w05230505/LoRA_T5_base_CQA", "author": "w05230505", "sha": "0b6225546c25a0d169e099b2403b8b971f9e9377", "lastModified": "2023-08-10T15:31:15.000Z", "private": false, "disabled": false, "gated": false, "tags": ["peft", "pytorch", "t5", "region:us"], "downloads": 0, "library_name": "peft", "likes": 0, "model-index": null, "config": {"architectures": ["T5ForConditionalGeneration"], "model_type": "t5", "peft": {"base_model_name_or_path": "t5-base", "task_type": "CAUSAL_LM"}}, "cardData": {"library_name": "peft"}, "siblings": [{"rfilename": ".gitattributes"}, {"rfilename": "README.md"}, {"rfilename": "adapter_config.json"}, {"rfilename": "adapter_model.bin"}, {"rfilename": "config.json"}, {"rfilename": "generation_config.json"}, {"rfilename": "pytorch_model.bin"}], "spaces": [], "createdAt": "2023-08-10T10:20:17.000Z", "inferenceStatus": "not-loaded"}