{"_id": "65229e32728c0b6dc734fd3d", "id": "w0n/flan-t5-large-financial-phrasebank-lora", "modelId": "w0n/flan-t5-large-financial-phrasebank-lora", "author": "w0n", "sha": "03e37b77accf58ac37e7797c473a5f1d20dab1fe", "lastModified": "2023-10-09T11:59:37.000Z", "private": false, "disabled": false, "gated": false, "tags": ["peft", "arxiv:1910.09700", "base_model:google/flan-t5-large", "region:us"], "downloads": 0, "library_name": "peft", "likes": 0, "model-index": null, "config": {"peft": {"base_model_name_or_path": "google/flan-t5-large", "task_type": "SEQ_2_SEQ_LM"}}, "cardData": {"library_name": "peft", "base_model": "google/flan-t5-large"}, "siblings": [{"rfilename": ".gitattributes"}, {"rfilename": "README.md"}, {"rfilename": "adapter_config.json"}, {"rfilename": "adapter_model.bin"}], "spaces": [], "createdAt": "2023-10-08T12:18:58.000Z", "inferenceStatus": "not-loaded"}