{"_id": "65df425943bf08064bd7c3d5", "id": "w0s0/testM0del", "modelId": "w0s0/testM0del", "author": "w0s0", "sha": "996682fb48b0aa2d8601f816ced2704a25466b0d", "lastModified": "2024-02-28T14:25:29.000Z", "private": false, "disabled": false, "gated": false, "tags": ["license:apache-2.0", "region:us"], "downloads": 0, "likes": 0, "model-index": null, "cardData": {"license": "apache-2.0"}, "siblings": [{"rfilename": ".gitattributes"}, {"rfilename": "README.md"}], "spaces": [], "createdAt": "2024-02-28T14:25:29.000Z", "inferenceStatus": "not-loaded"}