{"_id": "64cd2d1a84f20586907c4220", "id": "w0then/WothenRVC", "modelId": "w0then/WothenRVC", "author": "w0then", "sha": "7f49bbc4abb0b2a35cb74e246d70dfdfc6b063c7", "lastModified": "2023-08-04T16:54:59.000Z", "private": false, "disabled": false, "gated": false, "tags": ["license:openrail", "region:us"], "downloads": 0, "likes": 0, "model-index": null, "cardData": {"license": "openrail"}, "siblings": [{"rfilename": ".gitattributes"}, {"rfilename": "Nimona_v2_200e.zip"}, {"rfilename": "README.md"}], "spaces": [], "createdAt": "2023-08-04T16:53:46.000Z", "inferenceStatus": "not-loaded"}