{"_id": "621ffdc136468d709f1815cd", "id": "w11wo/indonesian-roberta-base-sentiment-classifier", "modelId": "w11wo/indonesian-roberta-base-sentiment-classifier", "author": "w11wo", "sha": "ac452dcb0f4966130bba44f4ee0013bb5d52c282", "lastModified": "2023-05-13T04:10:11.000Z", "private": false, "disabled": false, "gated": false, "pipeline_tag": "text-classification", "tags": ["transformers", "pytorch", "tf", "safetensors", "roberta", "text-classification", "indonesian-roberta-base-sentiment-classifier", "id", "dataset:indonlu", "arxiv:1907.11692", "doi:10.57967/hf/0644", "license:mit", "autotrain_compatible", "endpoints_compatible", "region:us"], "downloads": 8507, "library_name": "transformers", "mask_token": "<mask>", "widgetData": [{"text": "Jangan sampai saya telpon bos saya ya!"}], "likes": 34, "model-index": null, "config": {"architectures": ["RobertaForSequenceClassification"], "model_type": "roberta", "tokenizer_config": {"unk_token": "<unk>", "bos_token": "<s>", "eos_token": "</s>", "sep_token": "</s>", "cls_token": "<s>", "pad_token": "<pad>", "mask_token": "<mask>"}}, "cardData": {"language": "id", "tags": ["indonesian-roberta-base-sentiment-classifier"], "license": "mit", "datasets": ["indonlu"], "widget": [{"text": "Jangan sampai saya telpon bos saya ya!"}]}, "transformersInfo": {"auto_model": "AutoModelForSequenceClassification", "pipeline_tag": "text-classification", "processor": "AutoTokenizer"}, "siblings": [{"rfilename": ".gitattributes"}, {"rfilename": "README.md"}, {"rfilename": "config.json"}, {"rfilename": "merges.txt"}, {"rfilename": "model.safetensors"}, {"rfilename": "pytorch_model.bin"}, {"rfilename": "special_tokens_map.json"}, {"rfilename": "tf_model.h5"}, {"rfilename": "tokenizer.json"}, {"rfilename": "tokenizer_config.json"}, {"rfilename": "vocab.json"}], "spaces": ["wiraindrak/entity-based-sentiment-analysis", "wiraindrak/summary-of-summarizer", "LazarusNLP/LazarusNLP", "swastikanata/satriadata-2022-SA", "ds-majoo/w11wo-indonesian-roberta-base-sentiment-classifier", "limadigit/sentiment-analysis", "masmitz/w11wo-indonesian-roberta-base-sentiment-classifier", "flax-community/roberta-indonesian", "FerdiErs/Bank_Reviews", "destiratnakomala/nlp-bank", "Khushter/entity-based-sentiment-analysis", "dhanikitkat/demo-topic-detection", "DerisRizaldi/w11wo-indonesian-roberta-base-sentiment-classifier"], "createdAt": "2022-03-02T23:29:05.000Z", "safetensors": {"parameters": {"I64": 514, "F32": 124647939}, "total": 124648453}, "inferenceStatus": "not-loaded"}