{"_id": "621ffdc136468d709f1815dc", "id": "w11wo/lao-roberta-base", "modelId": "w11wo/lao-roberta-base", "author": "w11wo", "sha": "d12847d430b1d2fa305fcffdf85ed11ad70e18aa", "lastModified": "2023-07-31T04:36:43.000Z", "private": false, "disabled": false, "gated": false, "pipeline_tag": "fill-mask", "tags": ["transformers", "pytorch", "tensorboard", "safetensors", "roberta", "fill-mask", "lao-roberta-base", "lo", "dataset:oscar-corpus/OSCAR-2109", "arxiv:1907.11692", "license:mit", "autotrain_compatible", "endpoints_compatible", "region:us"], "downloads": 10, "library_name": "transformers", "mask_token": "<mask>", "likes": 1, "model-index": null, "config": {"architectures": ["RobertaForMaskedLM"], "model_type": "roberta", "tokenizer_config": {"unk_token": "<unk>", "bos_token": "<s>", "eos_token": "</s>", "sep_token": "</s>", "cls_token": "<s>", "pad_token": "<pad>", "mask_token": "<mask>"}}, "cardData": {"language": "lo", "tags": ["lao-roberta-base"], "license": "mit", "datasets": ["oscar-corpus/OSCAR-2109"]}, "transformersInfo": {"auto_model": "AutoModelForMaskedLM", "pipeline_tag": "fill-mask", "processor": "AutoTokenizer"}, "siblings": [{"rfilename": ".gitattributes"}, {"rfilename": "README.md"}, {"rfilename": "all_results.json"}, {"rfilename": "checkpoint-6264/config.json"}, {"rfilename": "checkpoint-6264/merges.txt"}, {"rfilename": "checkpoint-6264/optimizer.pt"}, {"rfilename": "checkpoint-6264/pytorch_model.bin"}, {"rfilename": "checkpoint-6264/rng_state_0.pth"}, {"rfilename": "checkpoint-6264/rng_state_1.pth"}, {"rfilename": "checkpoint-6264/rng_state_2.pth"}, {"rfilename": "checkpoint-6264/rng_state_3.pth"}, {"rfilename": "checkpoint-6264/rng_state_4.pth"}, {"rfilename": "checkpoint-6264/rng_state_5.pth"}, {"rfilename": "checkpoint-6264/rng_state_6.pth"}, {"rfilename": "checkpoint-6264/rng_state_7.pth"}, {"rfilename": "checkpoint-6264/scheduler.pt"}, {"rfilename": "checkpoint-6264/special_tokens_map.json"}, {"rfilename": "checkpoint-6264/tokenizer.json"}, {"rfilename": "checkpoint-6264/tokenizer_config.json"}, {"rfilename": "checkpoint-6264/trainer_state.json"}, {"rfilename": "checkpoint-6264/training_args.bin"}, {"rfilename": "checkpoint-6264/vocab.json"}, {"rfilename": "checkpoint-6480/config.json"}, {"rfilename": "checkpoint-6480/merges.txt"}, {"rfilename": "checkpoint-6480/optimizer.pt"}, {"rfilename": "checkpoint-6480/pytorch_model.bin"}, {"rfilename": "checkpoint-6480/rng_state_0.pth"}, {"rfilename": "checkpoint-6480/rng_state_1.pth"}, {"rfilename": "checkpoint-6480/rng_state_2.pth"}, {"rfilename": "checkpoint-6480/rng_state_3.pth"}, {"rfilename": "checkpoint-6480/rng_state_4.pth"}, {"rfilename": "checkpoint-6480/rng_state_5.pth"}, {"rfilename": "checkpoint-6480/rng_state_6.pth"}, {"rfilename": "checkpoint-6480/rng_state_7.pth"}, {"rfilename": "checkpoint-6480/scheduler.pt"}, {"rfilename": "checkpoint-6480/special_tokens_map.json"}, {"rfilename": "checkpoint-6480/tokenizer.json"}, {"rfilename": "checkpoint-6480/tokenizer_config.json"}, {"rfilename": "checkpoint-6480/trainer_state.json"}, {"rfilename": "checkpoint-6480/training_args.bin"}, {"rfilename": "checkpoint-6480/vocab.json"}, {"rfilename": "config.json"}, {"rfilename": "eval_results.json"}, {"rfilename": "merges.txt"}, {"rfilename": "model.safetensors"}, {"rfilename": "pytorch_model.bin"}, {"rfilename": "runs/Dec05_03-42-19_bigbird/1638675757.7021885/events.out.tfevents.1638675757.bigbird.14625.1"}, {"rfilename": "runs/Dec05_03-42-19_bigbird/events.out.tfevents.1638675757.bigbird.14625.0"}, {"rfilename": "runs/Dec05_03-42-19_bigbird/events.out.tfevents.1638680810.bigbird.14625.2"}, {"rfilename": "special_tokens_map.json"}, {"rfilename": "tokenizer.json"}, {"rfilename": "tokenizer_config.json"}, {"rfilename": "train_results.json"}, {"rfilename": "trainer_state.json"}, {"rfilename": "training_args.bin"}, {"rfilename": "vocab.json"}], "spaces": [], "createdAt": "2022-03-02T23:29:05.000Z", "safetensors": {"parameters": {"I64": 514, "F32": 124697433}, "total": 124697947}, "inferenceStatus": "not-loaded"}