{"_id": "621ffdc136468d709f1815c6", "id": "w11wo/indonesian-roberta-base-indolem-sentiment-classifier-fold-0", "modelId": "w11wo/indonesian-roberta-base-indolem-sentiment-classifier-fold-0", "author": "w11wo", "sha": "1afecbf280373028ab53b5ab9bdf1052db67367d", "lastModified": "2023-03-20T16:13:42.000Z", "private": false, "disabled": false, "gated": false, "pipeline_tag": "text-classification", "tags": ["transformers", "pytorch", "safetensors", "roberta", "text-classification", "indonesian-roberta-base-indolem-sentiment-classifier-fold-0", "id", "dataset:indolem", "arxiv:1907.11692", "license:mit", "autotrain_compatible", "endpoints_compatible", "region:us"], "downloads": 56, "library_name": "transformers", "mask_token": "<mask>", "widgetData": [{"text": "Pelayanan hotel ini sangat baik."}], "likes": 2, "model-index": null, "config": {"architectures": ["RobertaForSequenceClassification"], "model_type": "roberta", "tokenizer_config": {"unk_token": "<unk>", "bos_token": "<s>", "eos_token": "</s>", "sep_token": "</s>", "cls_token": "<s>", "pad_token": "<pad>", "mask_token": "<mask>"}}, "cardData": {"language": "id", "tags": ["indonesian-roberta-base-indolem-sentiment-classifier-fold-0"], "license": "mit", "datasets": ["indolem"], "widget": [{"text": "Pelayanan hotel ini sangat baik."}]}, "transformersInfo": {"auto_model": "AutoModelForSequenceClassification", "pipeline_tag": "text-classification", "processor": "AutoTokenizer"}, "siblings": [{"rfilename": ".gitattributes"}, {"rfilename": "README.md"}, {"rfilename": "config.json"}, {"rfilename": "merges.txt"}, {"rfilename": "model.safetensors"}, {"rfilename": "pytorch_model.bin"}, {"rfilename": "special_tokens_map.json"}, {"rfilename": "tokenizer.json"}, {"rfilename": "tokenizer_config.json"}, {"rfilename": "training_args.bin"}, {"rfilename": "vocab.json"}], "spaces": [], "createdAt": "2022-03-02T23:29:05.000Z", "safetensors": {"parameters": {"I64": 514, "F32": 124647170}, "total": 124647684}, "inferenceStatus": "not-loaded"}