{"_id": "621ffdc136468d709f1815ec", "id": "w11wo/wav2vec2-xls-r-300m-zh-HK-v2", "modelId": "w11wo/wav2vec2-xls-r-300m-zh-HK-v2", "author": "w11wo", "sha": "ce79a8ce8e224a16f92bab7891442eac24f46b78", "lastModified": "2022-03-23T18:27:41.000Z", "private": false, "disabled": false, "gated": false, "pipeline_tag": "automatic-speech-recognition", "tags": ["transformers", "pytorch", "tensorboard", "wav2vec2", "automatic-speech-recognition", "generated_from_trainer", "hf-asr-leaderboard", "robust-speech-event", "dataset:common_voice", "arxiv:2111.09296", "license:apache-2.0", "model-index", "endpoints_compatible", "region:us"], "downloads": 1, "library_name": "transformers", "likes": 0, "model-index": [{"name": "Wav2Vec2 XLS-R 300M Cantonese (zh-HK)", "results": [{"task": {"name": "Automatic Speech Recognition", "type": "automatic-speech-recognition"}, "dataset": {"name": "Common Voice", "type": "common_voice", "args": "zh-HK"}, "metrics": [{"name": "Test CER", "type": "cer", "value": 31.73, "verified": false}]}, {"task": {"name": "Automatic Speech Recognition", "type": "automatic-speech-recognition"}, "dataset": {"name": "Common Voice 7", "type": "mozilla-foundation/common_voice_7_0", "args": "zh-HK"}, "metrics": [{"name": "Test CER", "type": "cer", "value": 23.11, "verified": false}]}, {"task": {"name": "Automatic Speech Recognition", "type": "automatic-speech-recognition"}, "dataset": {"name": "Common Voice 8", "type": "mozilla-foundation/common_voice_8_0", "args": "zh-HK"}, "metrics": [{"name": "Test CER", "type": "cer", "value": 23.02, "verified": false}]}, {"task": {"name": "Automatic Speech Recognition", "type": "automatic-speech-recognition"}, "dataset": {"name": "Robust Speech Event - Dev Data", "type": "speech-recognition-community-v2/dev_data", "args": "zh-HK"}, "metrics": [{"name": "Test CER", "type": "cer", "value": 56.6, "verified": false}]}, {"task": {"name": "Automatic Speech Recognition", "type": "automatic-speech-recognition"}, "dataset": {"name": "Robust Speech Event - Test Data", "type": "speech-recognition-community-v2/eval_data", "args": "zh-HK"}, "metrics": [{"name": "Test CER", "type": "cer", "value": 55.11, "verified": false}]}]}], "config": {"architectures": ["Wav2Vec2ForCTC"], "model_type": "wav2vec2", "tokenizer_config": {"unk_token": "[UNK]", "bos_token": "<s>", "eos_token": "</s>", "pad_token": "[PAD]"}}, "cardData": {"license": "apache-2.0", "tags": ["automatic-speech-recognition", "generated_from_trainer", "hf-asr-leaderboard", "robust-speech-event"], "datasets": ["common_voice"], "model-index": [{"name": "Wav2Vec2 XLS-R 300M Cantonese (zh-HK)", "results": [{"task": {"name": "Automatic Speech Recognition", "type": "automatic-speech-recognition"}, "dataset": {"name": "Common Voice", "type": "common_voice", "args": "zh-HK"}, "metrics": [{"name": "Test CER", "type": "cer", "value": 31.73, "verified": false}]}, {"task": {"name": "Automatic Speech Recognition", "type": "automatic-speech-recognition"}, "dataset": {"name": "Common Voice 7", "type": "mozilla-foundation/common_voice_7_0", "args": "zh-HK"}, "metrics": [{"name": "Test CER", "type": "cer", "value": 23.11, "verified": false}]}, {"task": {"name": "Automatic Speech Recognition", "type": "automatic-speech-recognition"}, "dataset": {"name": "Common Voice 8", "type": "mozilla-foundation/common_voice_8_0", "args": "zh-HK"}, "metrics": [{"name": "Test CER", "type": "cer", "value": 23.02, "verified": false}]}, {"task": {"name": "Automatic Speech Recognition", "type": "automatic-speech-recognition"}, "dataset": {"name": "Robust Speech Event - Dev Data", "type": "speech-recognition-community-v2/dev_data", "args": "zh-HK"}, "metrics": [{"name": "Test CER", "type": "cer", "value": 56.6, "verified": false}]}, {"task": {"name": "Automatic Speech Recognition", "type": "automatic-speech-recognition"}, "dataset": {"name": "Robust Speech Event - Test Data", "type": "speech-recognition-community-v2/eval_data", "args": "zh-HK"}, "metrics": [{"name": "Test CER", "type": "cer", "value": 55.11, "verified": false}]}]}]}, "transformersInfo": {"auto_model": "AutoModelForCTC", "pipeline_tag": "automatic-speech-recognition", "processor": "AutoProcessor"}, "siblings": [{"rfilename": ".gitattributes"}, {"rfilename": ".gitignore"}, {"rfilename": "README.md"}, {"rfilename": "added_tokens.json"}, {"rfilename": "all_results.json"}, {"rfilename": "config.json"}, {"rfilename": "eval.py"}, {"rfilename": "eval_results.json"}, {"rfilename": "log_mozilla-foundation_common_voice_7_0_zh-HK_test_predictions.txt"}, {"rfilename": "log_mozilla-foundation_common_voice_7_0_zh-HK_test_targets.txt"}, {"rfilename": "log_mozilla-foundation_common_voice_8_0_zh-HK_test_predictions.txt"}, {"rfilename": "log_mozilla-foundation_common_voice_8_0_zh-HK_test_targets.txt"}, {"rfilename": "log_speech-recognition-community-v2_dev_data_zh-HK_validation_predictions.txt"}, {"rfilename": "log_speech-recognition-community-v2_dev_data_zh-HK_validation_targets.txt"}, {"rfilename": "mozilla-foundation_common_voice_7_0_zh-HK_test_eval_results.txt"}, {"rfilename": "mozilla-foundation_common_voice_8_0_zh-HK_test_eval_results.txt"}, {"rfilename": "nohup.out"}, {"rfilename": "preprocessor_config.json"}, {"rfilename": "pytorch_model.bin"}, {"rfilename": "run.sh"}, {"rfilename": "run_eval.sh"}, {"rfilename": "run_speech_recognition_ctc.py"}, {"rfilename": "runs/Feb06_16-31-57_job-cb7cc850-8327-4ab0-bdf4-0ebe63e2788c/1644165171.7227242/events.out.tfevents.1644165171.job-cb7cc850-8327-4ab0-bdf4-0ebe63e2788c"}, {"rfilename": "runs/Feb06_16-31-57_job-cb7cc850-8327-4ab0-bdf4-0ebe63e2788c/events.out.tfevents.1644165171.job-cb7cc850-8327-4ab0-bdf4-0ebe63e2788c"}, {"rfilename": "runs/Feb06_16-31-57_job-cb7cc850-8327-4ab0-bdf4-0ebe63e2788c/events.out.tfevents.1644238077.job-cb7cc850-8327-4ab0-bdf4-0ebe63e2788c"}, {"rfilename": "special_tokens_map.json"}, {"rfilename": "speech-recognition-community-v2_dev_data_zh-HK_validation_eval_results.txt"}, {"rfilename": "tokenizer_config.json"}, {"rfilename": "train_results.json"}, {"rfilename": "trainer_state.json"}, {"rfilename": "training_args.bin"}, {"rfilename": "vocab.json"}], "spaces": [], "createdAt": "2022-03-02T23:29:05.000Z", "inferenceStatus": "not-loaded"}