{"_id": "621ffdc136468d709f1815db", "id": "w11wo/lao-roberta-base-pos-tagger", "modelId": "w11wo/lao-roberta-base-pos-tagger", "author": "w11wo", "sha": "c04d6f9036cf8046589eaec97af97c7fa6066fe3", "lastModified": "2023-03-27T02:35:35.000Z", "private": false, "disabled": false, "gated": false, "pipeline_tag": "token-classification", "tags": ["transformers", "pytorch", "safetensors", "roberta", "token-classification", "lao-roberta-base-pos-tagger", "lo", "arxiv:1907.11692", "license:mit", "autotrain_compatible", "endpoints_compatible", "region:us"], "downloads": 16, "library_name": "transformers", "mask_token": "<mask>", "widgetData": [{"text": "\u0eae\u0ec9\u0ead\u0e87 \u0ea1\u0ec8\u0ea7\u0e99 \u0ec1\u0e97\u0ec9 \u0eaa\u0ebd\u0e87\u0e94\u0eb5 \u0ead\u0eb4\u0eab\u0ebc\u0eb5"}], "likes": 0, "model-index": null, "config": {"architectures": ["RobertaForTokenClassification"], "model_type": "roberta", "tokenizer_config": {"unk_token": "<unk>", "bos_token": "<s>", "eos_token": "</s>", "sep_token": "</s>", "cls_token": "<s>", "pad_token": "<pad>", "mask_token": "<mask>"}}, "cardData": {"language": "lo", "tags": ["lao-roberta-base-pos-tagger"], "license": "mit", "widget": [{"text": "\u0eae\u0ec9\u0ead\u0e87 \u0ea1\u0ec8\u0ea7\u0e99 \u0ec1\u0e97\u0ec9 \u0eaa\u0ebd\u0e87\u0e94\u0eb5 \u0ead\u0eb4\u0eab\u0ebc\u0eb5"}]}, "transformersInfo": {"auto_model": "AutoModelForTokenClassification", "pipeline_tag": "token-classification", "processor": "AutoTokenizer"}, "siblings": [{"rfilename": ".gitattributes"}, {"rfilename": "README.md"}, {"rfilename": "config.json"}, {"rfilename": "merges.txt"}, {"rfilename": "model.safetensors"}, {"rfilename": "pytorch_model.bin"}, {"rfilename": "special_tokens_map.json"}, {"rfilename": "tokenizer.json"}, {"rfilename": "tokenizer_config.json"}, {"rfilename": "training_args.bin"}, {"rfilename": "vocab.json"}], "spaces": [], "createdAt": "2022-03-02T23:29:05.000Z", "safetensors": {"parameters": {"I64": 514, "F32": 124075034}, "total": 124075548}, "inferenceStatus": "not-loaded"}