{"_id": "657b087d6c149b6a9640c9d1", "id": "w11wo/deberta-v3-base-isarcasm", "modelId": "w11wo/deberta-v3-base-isarcasm", "author": "w11wo", "sha": "e713b62a5618ddc237e5fffd2a2cab08e80e869c", "lastModified": "2023-12-14T13:57:55.000Z", "private": false, "disabled": false, "gated": false, "pipeline_tag": "text-classification", "tags": ["transformers", "pytorch", "deberta-v2", "text-classification", "generated_from_trainer", "base_model:microsoft/deberta-v3-base", "license:mit", "model-index", "autotrain_compatible", "endpoints_compatible", "region:us"], "downloads": 2, "library_name": "transformers", "mask_token": "[MASK]", "widgetData": [{"text": "I like you. I love you"}], "likes": 0, "model-index": [{"name": "deberta-v3-base-isarcasm", "results": [{"task": {"type": "text-classification"}, "dataset": {"name": "iSarcasm", "type": "isarcasm", "split": "test"}, "metrics": [{"type": "f1", "value": 0.47887323943661975, "name": "f1", "verified": false}, {"type": "accuracy", "value": 0.8331454340473506, "name": "accuracy", "verified": false}, {"type": "recall", "value": 0.43312101910828027, "name": "recall", "verified": false}, {"type": "precision", "value": 0.5354330708661418, "name": "precision", "verified": false}]}]}], "config": {"architectures": ["DebertaV2ForSequenceClassification"], "model_type": "deberta-v2", "tokenizer_config": {"bos_token": "[CLS]", "cls_token": "[CLS]", "eos_token": "[SEP]", "mask_token": "[MASK]", "pad_token": "[PAD]", "sep_token": "[SEP]", "unk_token": "[UNK]"}}, "cardData": {"license": "mit", "tags": ["generated_from_trainer"], "metrics": ["accuracy", "f1", "precision", "recall"], "base_model": "microsoft/deberta-v3-base", "model-index": [{"name": "deberta-v3-base-isarcasm", "results": [{"task": {"type": "text-classification"}, "dataset": {"name": "iSarcasm", "type": "isarcasm", "split": "test"}, "metrics": [{"type": "f1", "value": 0.47887323943661975, "name": "f1", "verified": false}, {"type": "accuracy", "value": 0.8331454340473506, "name": "accuracy", "verified": false}, {"type": "recall", "value": 0.43312101910828027, "name": "recall", "verified": false}, {"type": "precision", "value": 0.5354330708661418, "name": "precision", "verified": false}]}]}]}, "transformersInfo": {"auto_model": "AutoModelForSequenceClassification", "pipeline_tag": "text-classification", "processor": "AutoTokenizer"}, "siblings": [{"rfilename": ".gitattributes"}, {"rfilename": "README.md"}, {"rfilename": "added_tokens.json"}, {"rfilename": "config.json"}, {"rfilename": "pytorch_model.bin"}, {"rfilename": "special_tokens_map.json"}, {"rfilename": "spm.model"}, {"rfilename": "tokenizer.json"}, {"rfilename": "tokenizer_config.json"}, {"rfilename": "training_args.bin"}], "spaces": [], "createdAt": "2023-12-14T13:51:57.000Z", "inferenceStatus": "not-loaded"}