{"_id": "621ffdc136468d709f1815de", "id": "w11wo/sundanese-bert-base-emotion-classifier", "modelId": "w11wo/sundanese-bert-base-emotion-classifier", "author": "w11wo", "sha": "bc1139a8998e5a2956f0e0741375b9b076fc0fbc", "lastModified": "2023-08-05T16:06:54.000Z", "private": false, "disabled": false, "gated": false, "pipeline_tag": "text-classification", "tags": ["transformers", "pytorch", "tf", "safetensors", "bert", "text-classification", "sundanese-bert-base-emotion-classifier", "su", "arxiv:1810.04805", "license:mit", "autotrain_compatible", "endpoints_compatible", "region:us"], "downloads": 4, "library_name": "transformers", "mask_token": "[MASK]", "widgetData": [{"text": "Punten ini akurat ga ya sieun ihh daerah aku masuk zona merah"}], "likes": 0, "model-index": null, "config": {"architectures": ["BertForSequenceClassification"], "model_type": "bert", "tokenizer_config": {"unk_token": "[UNK]", "sep_token": "[SEP]", "pad_token": "[PAD]", "cls_token": "[CLS]", "mask_token": "[MASK]"}}, "cardData": {"language": "su", "tags": ["sundanese-bert-base-emotion-classifier"], "license": "mit", "widget": [{"text": "Punten ini akurat ga ya sieun ihh daerah aku masuk zona merah"}]}, "transformersInfo": {"auto_model": "AutoModelForSequenceClassification", "pipeline_tag": "text-classification", "processor": "AutoTokenizer"}, "siblings": [{"rfilename": ".gitattributes"}, {"rfilename": "README.md"}, {"rfilename": "config.json"}, {"rfilename": "model.safetensors"}, {"rfilename": "pytorch_model.bin"}, {"rfilename": "special_tokens_map.json"}, {"rfilename": "tf_model.h5"}, {"rfilename": "tokenizer.json"}, {"rfilename": "tokenizer_config.json"}, {"rfilename": "vocab.txt"}], "spaces": [], "createdAt": "2022-03-02T23:29:05.000Z", "safetensors": {"parameters": {"I64": 512, "F32": 109485316}, "total": 109485828}, "inferenceStatus": "not-loaded"}