{"_id": "657b1e80aa07c6e014b9eb6e", "id": "w11wo/roberta-base-lora-isarcasm", "modelId": "w11wo/roberta-base-lora-isarcasm", "author": "w11wo", "sha": "cfba5a4088c382f5a2e3b401b34e5e2117204c31", "lastModified": "2023-12-14T15:27:25.000Z", "private": false, "disabled": false, "gated": false, "tags": ["generated_from_trainer", "base_model:roberta-base", "license:mit", "region:us"], "downloads": 0, "likes": 0, "model-index": [{"name": "roberta-base-lora-isarcasm", "results": []}], "config": {"tokenizer_config": {"bos_token": "<s>", "cls_token": "<s>", "eos_token": "</s>", "mask_token": "<mask>", "pad_token": "<pad>", "sep_token": "</s>", "unk_token": "<unk>"}}, "cardData": {"license": "mit", "base_model": "roberta-base", "tags": ["generated_from_trainer"], "metrics": ["accuracy", "f1", "precision", "recall"], "model-index": [{"name": "roberta-base-lora-isarcasm", "results": []}]}, "siblings": [{"rfilename": ".gitattributes"}, {"rfilename": "README.md"}, {"rfilename": "adapter_config.json"}, {"rfilename": "adapter_model.bin"}, {"rfilename": "merges.txt"}, {"rfilename": "special_tokens_map.json"}, {"rfilename": "tokenizer.json"}, {"rfilename": "tokenizer_config.json"}, {"rfilename": "training_args.bin"}, {"rfilename": "vocab.json"}], "spaces": [], "createdAt": "2023-12-14T15:25:52.000Z", "inferenceStatus": "not-loaded"}