{"_id": "659d486da3d1908ff3bad866", "id": "w11wo/indobert-base-p1-twitter-indonesia-sarcastic", "modelId": "w11wo/indobert-base-p1-twitter-indonesia-sarcastic", "author": "w11wo", "sha": "6477ec055a2603adceeaf61af94620aa268f659d", "lastModified": "2024-01-09T13:27:11.000Z", "private": false, "disabled": false, "gated": false, "pipeline_tag": "text-classification", "tags": ["transformers", "safetensors", "bert", "text-classification", "generated_from_trainer", "base_model:indobenchmark/indobert-base-p1", "license:mit", "autotrain_compatible", "endpoints_compatible", "region:us"], "downloads": 0, "library_name": "transformers", "mask_token": "[MASK]", "widgetData": [{"text": "I like you. I love you"}], "likes": 0, "model-index": [{"name": "indobert-base-p1-twitter-indonesia-sarcastic", "results": []}], "config": {"architectures": ["BertForSequenceClassification"], "model_type": "bert", "tokenizer_config": {"cls_token": "[CLS]", "mask_token": "[MASK]", "pad_token": "[PAD]", "sep_token": "[SEP]", "unk_token": "[UNK]"}}, "cardData": {"license": "mit", "base_model": "indobenchmark/indobert-base-p1", "tags": ["generated_from_trainer"], "metrics": ["accuracy", "f1", "precision", "recall"], "model-index": [{"name": "indobert-base-p1-twitter-indonesia-sarcastic", "results": []}]}, "transformersInfo": {"auto_model": "AutoModelForSequenceClassification", "pipeline_tag": "text-classification", "processor": "AutoTokenizer"}, "siblings": [{"rfilename": ".gitattributes"}, {"rfilename": "README.md"}, {"rfilename": "all_results.json"}, {"rfilename": "config.json"}, {"rfilename": "eval_results.json"}, {"rfilename": "model.safetensors"}, {"rfilename": "predict_results.txt"}, {"rfilename": "special_tokens_map.json"}, {"rfilename": "tokenizer.json"}, {"rfilename": "tokenizer_config.json"}, {"rfilename": "train_results.json"}, {"rfilename": "trainer_state.json"}, {"rfilename": "training_args.bin"}, {"rfilename": "vocab.txt"}], "spaces": [], "createdAt": "2024-01-09T13:21:49.000Z", "safetensors": {"parameters": {"F32": 124442882}, "total": 124442882}, "inferenceStatus": "not-loaded"}