{"_id": "657b008d1dc93d753c34f9b1", "id": "w11wo/bge-small-en-v1.5-isarcasm", "modelId": "w11wo/bge-small-en-v1.5-isarcasm", "author": "w11wo", "sha": "b39e3858bac14199be257df7c453a5dd8def1dba", "lastModified": "2023-12-14T13:20:21.000Z", "private": false, "disabled": false, "gated": false, "pipeline_tag": "text-classification", "tags": ["setfit", "pytorch", "bert", "sentence-transformers", "text-classification", "generated_from_setfit_trainer", "arxiv:2209.11055", "base_model:BAAI/bge-small-en-v1.5", "model-index", "region:us"], "downloads": 2, "library_name": "setfit", "mask_token": "[MASK]", "widgetData": [{"text": "so i am currently stuck in an automatic revolving door ."}, {"text": "ah my favorite pastime , watching logan and crying"}, {"text": "i have a new instagram account ! go give theollyjackson a follow"}, {"text": "guess they are not rich enough to get their precious cars in a garage ."}, {"text": "last day in my twenties"}], "likes": 0, "model-index": [{"name": "SetFit with BAAI/bge-small-en-v1.5", "results": [{"task": {"type": "text-classification", "name": "Text Classification"}, "dataset": {"name": "iSarcasm", "type": "isarcasm", "split": "test"}, "metrics": [{"type": "accuracy", "value": 0.6617812852311161, "name": "Accuracy", "verified": false}, {"type": "f1", "value": 0.3951612903225807, "name": "F1", "verified": false}, {"type": "precision", "value": 0.2890855457227139, "name": "Precision", "verified": false}, {"type": "recall", "value": 0.6242038216560509, "name": "Recall", "verified": false}]}]}], "config": {"architectures": ["BertModel"], "model_type": "bert", "tokenizer_config": {"cls_token": "[CLS]", "mask_token": "[MASK]", "pad_token": "[PAD]", "sep_token": "[SEP]", "unk_token": "[UNK]"}}, "cardData": {"library_name": "setfit", "tags": ["setfit", "sentence-transformers", "text-classification", "generated_from_setfit_trainer"], "metrics": ["accuracy", "f1", "precision", "recall"], "widget": [{"text": "so i am currently stuck in an automatic revolving door ."}, {"text": "ah my favorite pastime , watching logan and crying"}, {"text": "i have a new instagram account ! go give theollyjackson a follow"}, {"text": "guess they are not rich enough to get their precious cars in a garage ."}, {"text": "last day in my twenties"}], "pipeline_tag": "text-classification", "inference": true, "base_model": "BAAI/bge-small-en-v1.5", "model-index": [{"name": "SetFit with BAAI/bge-small-en-v1.5", "results": [{"task": {"type": "text-classification", "name": "Text Classification"}, "dataset": {"name": "iSarcasm", "type": "isarcasm", "split": "test"}, "metrics": [{"type": "accuracy", "value": 0.6617812852311161, "name": "Accuracy", "verified": false}, {"type": "f1", "value": 0.3951612903225807, "name": "F1", "verified": false}, {"type": "precision", "value": 0.2890855457227139, "name": "Precision", "verified": false}, {"type": "recall", "value": 0.6242038216560509, "name": "Recall", "verified": false}]}]}]}, "siblings": [{"rfilename": ".gitattributes"}, {"rfilename": "1_Pooling/config.json"}, {"rfilename": "README.md"}, {"rfilename": "config.json"}, {"rfilename": "config_sentence_transformers.json"}, {"rfilename": "config_setfit.json"}, {"rfilename": "model_head.pkl"}, {"rfilename": "modules.json"}, {"rfilename": "pytorch_model.bin"}, {"rfilename": "sentence_bert_config.json"}, {"rfilename": "special_tokens_map.json"}, {"rfilename": "tokenizer.json"}, {"rfilename": "tokenizer_config.json"}, {"rfilename": "vocab.txt"}], "spaces": [], "createdAt": "2023-12-14T13:18:05.000Z", "inferenceStatus": "not-loaded"}