{"_id": "657b170a429a20edb5ec86c6", "id": "w11wo/deberta-v3-base-lora-isarcasm", "modelId": "w11wo/deberta-v3-base-lora-isarcasm", "author": "w11wo", "sha": "233c70014cde845a7780c2e91444c5dd3652d42b", "lastModified": "2023-12-14T15:24:35.000Z", "private": false, "disabled": false, "gated": false, "tags": ["generated_from_trainer", "base_model:microsoft/deberta-v3-base", "license:mit", "region:us"], "downloads": 0, "likes": 0, "model-index": [{"name": "deberta-v3-base-lora-isarcasm", "results": []}], "config": {"tokenizer_config": {"bos_token": "[CLS]", "cls_token": "[CLS]", "eos_token": "[SEP]", "mask_token": "[MASK]", "pad_token": "[PAD]", "sep_token": "[SEP]", "unk_token": "[UNK]"}}, "cardData": {"license": "mit", "base_model": "microsoft/deberta-v3-base", "tags": ["generated_from_trainer"], "metrics": ["accuracy", "f1", "precision", "recall"], "model-index": [{"name": "deberta-v3-base-lora-isarcasm", "results": []}]}, "siblings": [{"rfilename": ".gitattributes"}, {"rfilename": "README.md"}, {"rfilename": "adapter_config.json"}, {"rfilename": "adapter_model.bin"}, {"rfilename": "added_tokens.json"}, {"rfilename": "special_tokens_map.json"}, {"rfilename": "spm.model"}, {"rfilename": "tokenizer.json"}, {"rfilename": "tokenizer_config.json"}, {"rfilename": "training_args.bin"}], "spaces": [], "createdAt": "2023-12-14T14:54:02.000Z", "inferenceStatus": "not-loaded"}