{"_id": "621ffdc136468d709f1815d9", "id": "w11wo/javanese-roberta-small-imdb", "modelId": "w11wo/javanese-roberta-small-imdb", "author": "w11wo", "sha": "6eebc1eafad67f04403e55e15098a63ef84a9e4c", "lastModified": "2022-02-14T16:17:51.000Z", "private": false, "disabled": false, "gated": false, "pipeline_tag": "fill-mask", "tags": ["transformers", "pytorch", "tf", "jax", "roberta", "fill-mask", "javanese-roberta-small-imdb", "jv", "dataset:w11wo/imdb-javanese", "arxiv:1907.11692", "license:mit", "autotrain_compatible", "endpoints_compatible", "region:us"], "downloads": 1, "library_name": "transformers", "mask_token": "<mask>", "widgetData": [{"text": "Aku bakal menehi rating film iki 5 <mask>."}], "likes": 0, "model-index": null, "config": {"architectures": ["RobertaForMaskedLM"], "model_type": "roberta", "tokenizer_config": {"unk_token": {"content": "<unk>", "single_word": false, "lstrip": false, "rstrip": false, "normalized": true, "__type": "AddedToken"}, "bos_token": {"content": "<s>", "single_word": false, "lstrip": false, "rstrip": false, "normalized": true, "__type": "AddedToken"}, "eos_token": {"content": "</s>", "single_word": false, "lstrip": false, "rstrip": false, "normalized": true, "__type": "AddedToken"}, "sep_token": {"content": "</s>", "single_word": false, "lstrip": false, "rstrip": false, "normalized": true, "__type": "AddedToken"}, "cls_token": {"content": "<s>", "single_word": false, "lstrip": false, "rstrip": false, "normalized": true, "__type": "AddedToken"}, "pad_token": {"content": "<pad>", "single_word": false, "lstrip": false, "rstrip": false, "normalized": true, "__type": "AddedToken"}, "mask_token": {"content": "<mask>", "single_word": false, "lstrip": true, "rstrip": false, "normalized": true, "__type": "AddedToken"}}}, "cardData": {"language": "jv", "tags": ["javanese-roberta-small-imdb"], "license": "mit", "datasets": ["w11wo/imdb-javanese"], "widget": [{"text": "Aku bakal menehi rating film iki 5 <mask>."}]}, "transformersInfo": {"auto_model": "AutoModelForMaskedLM", "pipeline_tag": "fill-mask", "processor": "AutoTokenizer"}, "siblings": [{"rfilename": ".gitattributes"}, {"rfilename": "README.md"}, {"rfilename": "config.json"}, {"rfilename": "flax_model.msgpack"}, {"rfilename": "merges.txt"}, {"rfilename": "pytorch_model.bin"}, {"rfilename": "special_tokens_map.json"}, {"rfilename": "tf_model.h5"}, {"rfilename": "tokenizer.json"}, {"rfilename": "tokenizer_config.json"}, {"rfilename": "vocab.json"}], "spaces": [], "createdAt": "2022-03-02T23:29:05.000Z", "inferenceStatus": "not-loaded"}