{"_id": "64b4d0a5cf2da881124b16a1", "id": "w11wo/ios-onnxruntime", "modelId": "w11wo/ios-onnxruntime", "author": "w11wo", "sha": "a41d032b74742cf8b1e5983911929134696ed887", "lastModified": "2023-08-04T11:41:10.000Z", "private": false, "disabled": false, "gated": false, "tags": ["license:apache-2.0", "region:us"], "downloads": 0, "likes": 0, "model-index": null, "cardData": {"license": "apache-2.0"}, "siblings": [{"rfilename": ".gitattributes"}, {"rfilename": ".gitignore"}, {"rfilename": "1.15.1/onnxruntime.framework/Headers/coreml_provider_factory.h"}, {"rfilename": "1.15.1/onnxruntime.framework/Headers/onnxruntime_c_api.h"}, {"rfilename": "1.15.1/onnxruntime.framework/Headers/onnxruntime_cxx_api.h"}, {"rfilename": "1.15.1/onnxruntime.framework/Headers/onnxruntime_cxx_inline.h"}, {"rfilename": "1.15.1/onnxruntime.framework/Headers/onnxruntime_float16.h"}, {"rfilename": "1.15.1/onnxruntime.framework/Resources/Info.plist"}, {"rfilename": "1.15.1/onnxruntime.framework/Versions/A/Headers/coreml_provider_factory.h"}, {"rfilename": "1.15.1/onnxruntime.framework/Versions/A/Headers/onnxruntime_c_api.h"}, {"rfilename": "1.15.1/onnxruntime.framework/Versions/A/Headers/onnxruntime_cxx_api.h"}, {"rfilename": "1.15.1/onnxruntime.framework/Versions/A/Headers/onnxruntime_cxx_inline.h"}, {"rfilename": "1.15.1/onnxruntime.framework/Versions/A/Headers/onnxruntime_float16.h"}, {"rfilename": "1.15.1/onnxruntime.framework/Versions/A/Resources/Info.plist"}, {"rfilename": "1.15.1/onnxruntime.framework/Versions/A/_CodeSignature/CodeResources"}, {"rfilename": "1.15.1/onnxruntime.framework/Versions/A/onnxruntime"}, {"rfilename": "1.15.1/onnxruntime.framework/Versions/Current/Headers/coreml_provider_factory.h"}, {"rfilename": "1.15.1/onnxruntime.framework/Versions/Current/Headers/onnxruntime_c_api.h"}, {"rfilename": "1.15.1/onnxruntime.framework/Versions/Current/Headers/onnxruntime_cxx_api.h"}, {"rfilename": "1.15.1/onnxruntime.framework/Versions/Current/Headers/onnxruntime_cxx_inline.h"}, {"rfilename": "1.15.1/onnxruntime.framework/Versions/Current/Headers/onnxruntime_float16.h"}, {"rfilename": "1.15.1/onnxruntime.framework/Versions/Current/Resources/Info.plist"}, {"rfilename": "1.15.1/onnxruntime.framework/Versions/Current/_CodeSignature/CodeResources"}, {"rfilename": "1.15.1/onnxruntime.framework/Versions/Current/onnxruntime"}, {"rfilename": "1.15.1/onnxruntime.framework/libonnxruntime.dylib"}, {"rfilename": "1.15.1/onnxruntime.framework/onnxruntime"}, {"rfilename": "1.15.1/onnxruntime.xcframework/Headers/coreml_provider_factory.h"}, {"rfilename": "1.15.1/onnxruntime.xcframework/Headers/cpu_provider_factory.h"}, {"rfilename": "1.15.1/onnxruntime.xcframework/Headers/onnxruntime_c_api.h"}, {"rfilename": "1.15.1/onnxruntime.xcframework/Headers/onnxruntime_cxx_api.h"}, {"rfilename": "1.15.1/onnxruntime.xcframework/Headers/onnxruntime_cxx_inline.h"}, {"rfilename": "1.15.1/onnxruntime.xcframework/Headers/onnxruntime_float16.h"}, {"rfilename": "1.15.1/onnxruntime.xcframework/Info.plist"}, {"rfilename": "1.15.1/onnxruntime.xcframework/ios-arm64/libonnxruntime.a"}, {"rfilename": "1.15.1/onnxruntime.xcframework/ios-arm64/onnxruntime.a"}, {"rfilename": "1.15.1/onnxruntime.xcframework/ios-arm64_x86_64-simulator/libonnxruntime.a"}, {"rfilename": "1.15.1/onnxruntime.xcframework/ios-arm64_x86_64-simulator/onnxruntime.a"}, {"rfilename": "README.md"}, {"rfilename": "create-custom-ops-config.sh"}, {"rfilename": "create-xcframework.sh"}, {"rfilename": "run-ios-arm64.sh"}, {"rfilename": "run-ios-simulator-arm64.sh"}, {"rfilename": "run-ios-simulator-os64.sh"}, {"rfilename": "run-osx-x86_64.sh"}], "spaces": [], "createdAt": "2023-07-17T05:24:53.000Z", "inferenceStatus": "not-loaded"}