{"_id": "621ffdc136468d709f1815d3", "id": "w11wo/javanese-distilbert-small-imdb", "modelId": "w11wo/javanese-distilbert-small-imdb", "author": "w11wo", "sha": "969240eb0f9966c1b304aa8463b150571409a6fa", "lastModified": "2022-02-14T16:18:45.000Z", "private": false, "disabled": false, "gated": false, "pipeline_tag": "fill-mask", "tags": ["transformers", "pytorch", "tf", "distilbert", "fill-mask", "javanese-distilbert-small-imdb", "jv", "dataset:w11wo/imdb-javanese", "arxiv:1910.01108", "license:mit", "autotrain_compatible", "endpoints_compatible", "region:us"], "downloads": 65, "library_name": "transformers", "mask_token": "[MASK]", "widgetData": [{"text": "Film favoritku yaiku Interstellar [MASK] Christopher Nolan."}], "likes": 0, "model-index": null, "config": {"architectures": ["DistilBertForMaskedLM"], "model_type": "distilbert", "tokenizer_config": {"unk_token": "[UNK]", "sep_token": "[SEP]", "pad_token": "[PAD]", "cls_token": "[CLS]", "mask_token": "[MASK]"}}, "cardData": {"language": "jv", "tags": ["javanese-distilbert-small-imdb"], "license": "mit", "datasets": ["w11wo/imdb-javanese"], "widget": [{"text": "Film favoritku yaiku Interstellar [MASK] Christopher Nolan."}]}, "transformersInfo": {"auto_model": "AutoModelForMaskedLM", "pipeline_tag": "fill-mask", "processor": "AutoTokenizer"}, "siblings": [{"rfilename": ".gitattributes"}, {"rfilename": "README.md"}, {"rfilename": "config.json"}, {"rfilename": "pytorch_model.bin"}, {"rfilename": "special_tokens_map.json"}, {"rfilename": "tf_model.h5"}, {"rfilename": "tokenizer_config.json"}, {"rfilename": "vocab.txt"}], "spaces": [], "createdAt": "2022-03-02T23:29:05.000Z", "inferenceStatus": "not-loaded"}