{"_id": "640ec40445fc93e0e6e003e4", "id": "w139700701/BERT2DAb_H", "modelId": "w139700701/BERT2DAb_H", "author": "w139700701", "sha": "f1f1942cdc4ab03058135e0a3f3f425464feda89", "lastModified": "2023-03-13T07:36:10.000Z", "private": false, "disabled": false, "gated": false, "pipeline_tag": "fill-mask", "tags": ["transformers", "pytorch", "bert", "fill-mask", "autotrain_compatible", "endpoints_compatible", "region:us"], "downloads": 5, "library_name": "transformers", "mask_token": "[MASK]", "widgetData": [{"text": "Paris is the [MASK] of France."}, {"text": "The goal of life is [MASK]."}], "likes": 0, "config": {"architectures": ["BertForMaskedLM"], "model_type": "bert", "tokenizer_config": {"unk_token": "[UNK]", "sep_token": "[SEP]", "pad_token": "[PAD]", "cls_token": "[CLS]", "mask_token": "[MASK]"}}, "transformersInfo": {"auto_model": "AutoModelForMaskedLM", "pipeline_tag": "fill-mask", "processor": "AutoTokenizer"}, "siblings": [{"rfilename": ".gitattributes"}, {"rfilename": "config.json"}, {"rfilename": "pytorch_model.bin"}, {"rfilename": "special_tokens_map.json"}, {"rfilename": "tokenizer_config.json"}, {"rfilename": "vocab.txt"}], "spaces": [], "createdAt": "2023-03-13T06:34:44.000Z", "inferenceStatus": "not-loaded"}