{"_id": "6571466ec1b36e8e5796cc5d", "id": "W1lson/zephyr-on-race-200-steps", "modelId": "W1lson/zephyr-on-race-200-steps", "author": "W1lson", "sha": "2a32c8ab143a31ef0a6536704e7dfbf0c31254bd", "lastModified": "2023-12-07T04:16:46.000Z", "private": false, "disabled": false, "gated": false, "tags": ["peft", "safetensors", "arxiv:1910.09700", "base_model:HuggingFaceH4/zephyr-7b-beta", "region:us"], "downloads": 0, "library_name": "peft", "likes": 0, "model-index": null, "config": {"peft": {"base_model_name_or_path": "HuggingFaceH4/zephyr-7b-beta", "task_type": "CAUSAL_LM"}}, "cardData": {"library_name": "peft", "base_model": "HuggingFaceH4/zephyr-7b-beta"}, "siblings": [{"rfilename": ".gitattributes"}, {"rfilename": "README.md"}, {"rfilename": "adapter_config.json"}, {"rfilename": "adapter_model.safetensors"}], "spaces": [], "createdAt": "2023-12-07T04:13:34.000Z", "inferenceStatus": "not-loaded"}