{"_id": "656814f92d73834278970164", "id": "W1lson/zephyr-7b-mental_health_reddit_posts", "modelId": "W1lson/zephyr-7b-mental_health_reddit_posts", "author": "W1lson", "sha": "c3a8a782294ab004dec9413937cf3a596b3b931d", "lastModified": "2023-11-30T04:52:13.000Z", "private": false, "disabled": false, "gated": false, "tags": ["peft", "safetensors", "arxiv:1910.09700", "base_model:TheBloke/zephyr-7B-beta-GPTQ", "region:us"], "downloads": 0, "library_name": "peft", "likes": 0, "model-index": null, "config": {"peft": {"base_model_name_or_path": "TheBloke/zephyr-7B-beta-GPTQ", "task_type": "CAUSAL_LM"}}, "cardData": {"library_name": "peft", "base_model": "TheBloke/zephyr-7B-beta-GPTQ"}, "siblings": [{"rfilename": ".gitattributes"}, {"rfilename": "README.md"}, {"rfilename": "adapter_config.json"}, {"rfilename": "adapter_model.safetensors"}], "spaces": [], "createdAt": "2023-11-30T04:52:09.000Z", "inferenceStatus": "not-loaded"}