{"_id": "657a7413c6240db29ff0551b", "id": "W1lson/mixtral-on-english-qoutes", "modelId": "W1lson/mixtral-on-english-qoutes", "author": "W1lson", "sha": "c249f2d9b0f15d1cecd565102143b82a238183b7", "lastModified": "2023-12-14T03:18:47.000Z", "private": false, "disabled": false, "gated": false, "tags": ["peft", "safetensors", "arxiv:1910.09700", "base_model:mistralai/Mixtral-8x7B-Instruct-v0.1", "region:us"], "downloads": 0, "library_name": "peft", "likes": 0, "model-index": null, "config": {"peft": {"base_model_name_or_path": "mistralai/Mixtral-8x7B-Instruct-v0.1", "task_type": "CAUSAL_LM"}}, "cardData": {"library_name": "peft", "base_model": "mistralai/Mixtral-8x7B-Instruct-v0.1"}, "siblings": [{"rfilename": ".gitattributes"}, {"rfilename": "README.md"}, {"rfilename": "adapter_config.json"}, {"rfilename": "adapter_model.safetensors"}], "spaces": [], "createdAt": "2023-12-14T03:18:43.000Z", "inferenceStatus": "not-loaded"}