{"_id": "6535f28fd434308ba47dcc0b", "id": "W1lson/zephyr-finetuned-on-synthetic-data-2", "modelId": "W1lson/zephyr-finetuned-on-synthetic-data-2", "author": "W1lson", "sha": "7079ba46e38c7aa9104d57c79e87f8d6f126a687", "lastModified": "2023-10-23T04:19:07.000Z", "private": false, "disabled": false, "gated": false, "tags": ["generated_from_trainer", "base_model:TheBloke/zephyr-7B-alpha-GPTQ", "license:mit", "region:us"], "downloads": 0, "likes": 0, "model-index": [{"name": "zephyr-finetuned-on-synthetic-data-2", "results": []}], "config": {"tokenizer_config": {"bos_token": "<s>", "eos_token": "</s>", "pad_token": "</s>", "unk_token": "<unk>", "use_default_system_prompt": true}}, "cardData": {"license": "mit", "base_model": "TheBloke/zephyr-7B-alpha-GPTQ", "tags": ["generated_from_trainer"], "model-index": [{"name": "zephyr-finetuned-on-synthetic-data-2", "results": []}]}, "siblings": [{"rfilename": ".gitattributes"}, {"rfilename": "README.md"}, {"rfilename": "adapter_config.json"}, {"rfilename": "adapter_model.bin"}, {"rfilename": "special_tokens_map.json"}, {"rfilename": "tokenizer.json"}, {"rfilename": "tokenizer.model"}, {"rfilename": "tokenizer_config.json"}, {"rfilename": "training_args.bin"}], "spaces": [], "createdAt": "2023-10-23T04:11:59.000Z", "inferenceStatus": "not-loaded"}