{"_id": "656ffad11b048a9b25e96f63", "id": "W1lson/zephyr-on-synthetic-data-requirement-allocation-target-qkov", "modelId": "W1lson/zephyr-on-synthetic-data-requirement-allocation-target-qkov", "author": "W1lson", "sha": "55c2dea39906eba69d09ebf8252179de75a39444", "lastModified": "2023-12-06T04:42:09.000Z", "private": false, "disabled": false, "gated": false, "tags": ["peft", "safetensors", "arxiv:1910.09700", "base_model:HuggingFaceH4/zephyr-7b-beta", "region:us"], "downloads": 0, "library_name": "peft", "likes": 0, "model-index": null, "config": {"peft": {"base_model_name_or_path": "HuggingFaceH4/zephyr-7b-beta", "task_type": "CAUSAL_LM"}}, "cardData": {"library_name": "peft", "base_model": "HuggingFaceH4/zephyr-7b-beta"}, "siblings": [{"rfilename": ".gitattributes"}, {"rfilename": "README.md"}, {"rfilename": "adapter_config.json"}, {"rfilename": "adapter_model.safetensors"}], "spaces": [], "createdAt": "2023-12-06T04:38:41.000Z", "inferenceStatus": "not-loaded"}