{"_id": "65716367dbe5c19e5899914d", "id": "W1lson/zephyr-on-synthetic-data-requirement-allocation-7th-dec", "modelId": "W1lson/zephyr-on-synthetic-data-requirement-allocation-7th-dec", "author": "W1lson", "sha": "cc9960036416ea705c15f5be1bde699cd55b6970", "lastModified": "2023-12-07T06:17:55.000Z", "private": false, "disabled": false, "gated": false, "tags": ["peft", "safetensors", "arxiv:1910.09700", "base_model:HuggingFaceH4/zephyr-7b-beta", "region:us"], "downloads": 0, "library_name": "peft", "likes": 0, "model-index": null, "config": {"peft": {"base_model_name_or_path": "HuggingFaceH4/zephyr-7b-beta", "task_type": "CAUSAL_LM"}}, "cardData": {"library_name": "peft", "base_model": "HuggingFaceH4/zephyr-7b-beta"}, "siblings": [{"rfilename": ".gitattributes"}, {"rfilename": "README.md"}, {"rfilename": "adapter_config.json"}, {"rfilename": "adapter_model.safetensors"}], "spaces": [], "createdAt": "2023-12-07T06:17:11.000Z", "inferenceStatus": "not-loaded"}