{"_id": "6576527f30b733197983c6df", "id": "W1lson/zephyr-on-commonsenseqa-200-steps", "modelId": "W1lson/zephyr-on-commonsenseqa-200-steps", "author": "W1lson", "sha": "21703ef8e3ea8321022e8d5d4ffa3c2cc7553aa2", "lastModified": "2023-12-11T00:06:26.000Z", "private": false, "disabled": false, "gated": false, "tags": ["peft", "safetensors", "arxiv:1910.09700", "base_model:HuggingFaceH4/zephyr-7b-beta", "region:us"], "downloads": 0, "library_name": "peft", "likes": 0, "model-index": null, "config": {"peft": {"base_model_name_or_path": "HuggingFaceH4/zephyr-7b-beta", "task_type": "CAUSAL_LM"}}, "cardData": {"library_name": "peft", "base_model": "HuggingFaceH4/zephyr-7b-beta"}, "siblings": [{"rfilename": ".gitattributes"}, {"rfilename": "README.md"}, {"rfilename": "adapter_config.json"}, {"rfilename": "adapter_model.safetensors"}], "spaces": [], "createdAt": "2023-12-11T00:06:23.000Z", "inferenceStatus": "not-loaded"}