{"_id": "6535c29d5f5e918bdc14bd2e", "id": "W1lson/zephyr-finetuned-on-synthetic-data-1", "modelId": "W1lson/zephyr-finetuned-on-synthetic-data-1", "author": "W1lson", "sha": "c9c86b7c48c657d3067b2b3e5d0ddbb4c37e3d61", "lastModified": "2023-10-23T01:38:58.000Z", "private": false, "disabled": false, "gated": false, "tags": ["generated_from_trainer", "base_model:TheBloke/zephyr-7B-alpha-GPTQ", "license:mit", "region:us"], "downloads": 0, "likes": 0, "model-index": [{"name": "zephyr-finetuned-on-synthetic-data-1", "results": []}], "config": {"tokenizer_config": {"bos_token": "<s>", "eos_token": "</s>", "pad_token": "</s>", "unk_token": "<unk>", "use_default_system_prompt": true}}, "cardData": {"license": "mit", "base_model": "TheBloke/zephyr-7B-alpha-GPTQ", "tags": ["generated_from_trainer"], "model-index": [{"name": "zephyr-finetuned-on-synthetic-data-1", "results": []}]}, "siblings": [{"rfilename": ".gitattributes"}, {"rfilename": "README.md"}, {"rfilename": "adapter_config.json"}, {"rfilename": "adapter_model.bin"}, {"rfilename": "special_tokens_map.json"}, {"rfilename": "tokenizer.json"}, {"rfilename": "tokenizer.model"}, {"rfilename": "tokenizer_config.json"}, {"rfilename": "training_args.bin"}], "spaces": [], "createdAt": "2023-10-23T00:47:25.000Z", "inferenceStatus": "not-loaded"}