{"_id": "651fd8c9fabe0021d2e5984a", "id": "W1lson/id-and-description-model", "modelId": "W1lson/id-and-description-model", "author": "W1lson", "sha": "ed8fbf1d04ba8f5b698c2e91bb197b30c5e187bf", "lastModified": "2023-10-06T09:52:16.000Z", "private": false, "disabled": false, "gated": false, "tags": ["region:us"], "downloads": 0, "likes": 0, "siblings": [{"rfilename": ".gitattributes"}, {"rfilename": "adapter_config.json"}, {"rfilename": "adapter_model.bin"}], "spaces": [], "createdAt": "2023-10-06T09:52:09.000Z", "inferenceStatus": "not-loaded"}