{"_id": "65197494ed0bef1df007e56b", "id": "w1m1c/DangerLyoha", "modelId": "w1m1c/DangerLyoha", "author": "w1m1c", "sha": "697dad82275e863da64d9ccd21f2a2d5248a6790", "lastModified": "2023-10-01T13:37:02.000Z", "private": false, "disabled": false, "gated": false, "tags": ["license:openrail", "region:us"], "downloads": 0, "likes": 0, "model-index": null, "cardData": {"license": "openrail"}, "siblings": [{"rfilename": ".gitattributes"}, {"rfilename": "README.md"}, {"rfilename": "dangerlyoha.zip"}], "spaces": [], "createdAt": "2023-10-01T13:31:00.000Z", "inferenceStatus": "not-loaded"}