{"_id": "652557969aee934755803509", "id": "w1m1c/ErenYeager", "modelId": "w1m1c/ErenYeager", "author": "w1m1c", "sha": "363e66a9133efb8199d50ef0f742d5fc6a7db470", "lastModified": "2023-10-10T13:59:09.000Z", "private": false, "disabled": false, "gated": false, "tags": ["license:openrail", "region:us"], "downloads": 0, "likes": 0, "model-index": null, "cardData": {"license": "openrail"}, "siblings": [{"rfilename": ".gitattributes"}, {"rfilename": "ErenYeager.zip"}, {"rfilename": "README.md"}], "spaces": [], "createdAt": "2023-10-10T13:54:30.000Z", "inferenceStatus": "not-loaded"}