{"_id": "6511b6441e3b49ac79309e1e", "id": "w1m1c/DepperPinesRU", "modelId": "w1m1c/DepperPinesRU", "author": "w1m1c", "sha": "867e8423011cf112241ad889a990bf6c0b942ac2", "lastModified": "2023-09-25T16:39:34.000Z", "private": false, "disabled": false, "gated": false, "tags": ["license:openrail", "region:us"], "downloads": 0, "likes": 0, "model-index": null, "cardData": {"license": "openrail"}, "siblings": [{"rfilename": ".gitattributes"}, {"rfilename": "DepperPinesRU.zip"}, {"rfilename": "README.md"}], "spaces": [], "createdAt": "2023-09-25T16:33:08.000Z", "inferenceStatus": "not-loaded"}