{"_id": "651c2ba8949d1e0f52a72b14", "id": "w1m1c/zxcursedquinnquetta", "modelId": "w1m1c/zxcursedquinnquetta", "author": "w1m1c", "sha": "5abaf4c9a206b8a16bb9b4fd52cef362a852309a", "lastModified": "2023-10-03T15:10:59.000Z", "private": false, "disabled": false, "gated": false, "tags": ["license:openrail", "region:us"], "downloads": 0, "likes": 0, "model-index": null, "cardData": {"license": "openrail"}, "siblings": [{"rfilename": ".gitattributes"}, {"rfilename": "README.md"}, {"rfilename": "ZXCURSED (1).zip"}], "spaces": [], "createdAt": "2023-10-03T14:56:40.000Z", "inferenceStatus": "not-loaded"}