{"_id": "666163e589864c16c444e504", "id": "W1n/fghfghhjgjhg", "modelId": "W1n/fghfghhjgjhg", "author": "W1n", "sha": "3482df3b66b2a761de40e4bd436f2dfbc6177868", "lastModified": "2024-06-06T07:23:17.000Z", "private": false, "disabled": false, "gated": false, "tags": ["license:openrail", "region:us"], "downloads": 0, "likes": 0, "model-index": null, "cardData": {"license": "openrail"}, "siblings": [{"rfilename": ".gitattributes"}, {"rfilename": "README.md"}], "spaces": [], "createdAt": "2024-06-06T07:23:17.000Z", "inferenceStatus": "not-loaded"}