{"_id": "65b0c90d0e37d746c6c9039a", "id": "W24kh/Mydoctor", "modelId": "W24kh/Mydoctor", "author": "W24kh", "sha": "495606d53a1574e96ec02789e7eddbb33a3e280e", "lastModified": "2024-01-24T08:23:41.000Z", "private": false, "disabled": false, "gated": false, "tags": ["license:apache-2.0", "region:us"], "downloads": 0, "likes": 0, "model-index": null, "cardData": {"license": "apache-2.0"}, "siblings": [{"rfilename": ".gitattributes"}, {"rfilename": "README.md"}], "spaces": [], "createdAt": "2024-01-24T08:23:41.000Z", "inferenceStatus": "not-loaded"}