{"_id": "663e2dca075c0d7dd3ab5368", "id": "w2wyfcss-org/german_uniform", "modelId": "w2wyfcss-org/german_uniform", "author": "w2wyfcss-org", "sha": "0c19112d42f9302ade64579728ce961df80de01d", "lastModified": "2024-05-10T14:25:48.000Z", "private": false, "disabled": false, "gated": false, "pipeline_tag": "text-to-image", "tags": ["diffusers", "text-to-image", "stable-diffusion", "lora", "template:sd-lora", "base_model:stabilityai/stable-diffusion-xl-base-1.0", "license:mit", "region:us"], "downloads": 13, "library_name": "diffusers", "widgetData": [{"text": "(8k, RAW photo, best quality, masterpiece:1.2), (realistic, photo-realistic:1.37),\\(ulzzang-6500-v1.1\\),\\(detailed eyes\\), \\(detailed facial features\\), \\(\\(detailed clothes features\\)\\), (upper body),(large breasts),(face focus),extremely detailed CG unity 8k wallpaper, huge filesize, ultra-detailed, highres, absurdres,beautiful eyes,ray tracing, dramatic shadows,fine detail,dramatic angle,high saturation,lens flare,(standing),soft light,Detailed skin texture, detailed clothing texture,looking at viewer,", "output": {"url": "https://huggingface.co/w2wyfcss-org/german_uniform/resolve/main/images/german_uniform1.jpeg"}}], "likes": 1, "model-index": null, "cardData": {"tags": ["text-to-image", "stable-diffusion", "lora", "diffusers", "template:sd-lora"], "widget": [{"text": "(8k, RAW photo, best quality, masterpiece:1.2), (realistic, photo-realistic:1.37),\\(ulzzang-6500-v1.1\\),\\(detailed eyes\\), \\(detailed facial features\\), \\(\\(detailed clothes features\\)\\), (upper body),(large breasts),(face focus),extremely detailed CG unity 8k wallpaper, huge filesize, ultra-detailed, highres, absurdres,beautiful eyes,ray tracing, dramatic shadows,fine detail,dramatic angle,high saturation,lens flare,(standing),soft light,Detailed skin texture, detailed clothing texture,looking at viewer,", "output": {"url": "https://huggingface.co/w2wyfcss-org/german_uniform/resolve/main/images/german_uniform1.jpeg"}}], "base_model": "stabilityai/stable-diffusion-xl-base-1.0", "instance_prompt": "(8k, RAW photo, best quality, masterpiece:1.2), (realistic, photo-realistic:1.37), \\(ulzzang-6500-v1.1\\), \\(detailed eyes\\), \\(detailed facial features\\), \\(\\(detailed clothes features\\)\\), (upper body), (large breasts), (face focus), extremely detailed CG unity 8k wallpaper, huge filesize, ultra-detailed, highres, absurdres, beautiful eyes, ray tracing, dramatic shadows, fine detail, dramatic angle, high saturation, lens flare, (standing), soft light, Detailed skin texture, detailed clothing texture, looking at viewer", "license": "mit"}, "siblings": [{"rfilename": ".gitattributes"}, {"rfilename": "README.md"}, {"rfilename": "german_uniform1.json"}, {"rfilename": "german_uniform1.safetensors"}, {"rfilename": "images/german_uniform1.jpeg"}], "spaces": [], "createdAt": "2024-05-10T14:23:06.000Z", "inferenceStatus": "not-loaded"}