{"_id": "64b4a3fa7da6a1dca8a85974", "id": "w4yw4rd/Reinforce-1", "modelId": "w4yw4rd/Reinforce-1", "author": "w4yw4rd", "sha": "5a56760f52b1a376184d91b5f8ed06ed27d1b37f", "lastModified": "2023-07-17T02:15:08.000Z", "private": false, "disabled": false, "gated": false, "pipeline_tag": "reinforcement-learning", "tags": ["CartPole-v1", "reinforce", "reinforcement-learning", "custom-implementation", "deep-rl-class", "model-index", "region:us"], "downloads": 0, "likes": 0, "model-index": [{"name": "Reinforce-1", "results": [{"task": {"type": "reinforcement-learning", "name": "reinforcement-learning"}, "dataset": {"name": "CartPole-v1", "type": "CartPole-v1"}, "metrics": [{"type": "mean_reward", "value": "500.00 +/- 0.00", "name": "mean_reward", "verified": false}]}]}], "cardData": {"tags": ["CartPole-v1", "reinforce", "reinforcement-learning", "custom-implementation", "deep-rl-class"], "model-index": [{"name": "Reinforce-1", "results": [{"task": {"type": "reinforcement-learning", "name": "reinforcement-learning"}, "dataset": {"name": "CartPole-v1", "type": "CartPole-v1"}, "metrics": [{"type": "mean_reward", "value": "500.00 +/- 0.00", "name": "mean_reward", "verified": false}]}]}]}, "siblings": [{"rfilename": ".gitattributes"}, {"rfilename": "README.md"}, {"rfilename": "hyperparameters.json"}, {"rfilename": "model.pt"}, {"rfilename": "replay.mp4"}, {"rfilename": "results.json"}], "spaces": [], "createdAt": "2023-07-17T02:14:18.000Z", "inferenceStatus": "not-loaded"}