{"_id": "64c3c2e1fafa16b51426e8ed", "id": "w601sxs/b1ade-1b-orca-chkpt-563k", "modelId": "w601sxs/b1ade-1b-orca-chkpt-563k", "author": "w601sxs", "sha": "a476dbd8588ddbd67fd93c9c8bb6e0b0e1376e47", "lastModified": "2023-07-28T13:30:11.000Z", "private": false, "disabled": false, "gated": false, "tags": ["peft", "region:us"], "downloads": 0, "library_name": "peft", "likes": 0, "model-index": null, "config": {"peft": {"base_model_name_or_path": "w601sxs/b1ade-1b", "task_type": "CAUSAL_LM"}}, "cardData": {"library_name": "peft"}, "siblings": [{"rfilename": ".gitattributes"}, {"rfilename": "README.md"}, {"rfilename": "adapter_config.json"}, {"rfilename": "adapter_model.bin"}], "spaces": [], "createdAt": "2023-07-28T13:30:09.000Z", "inferenceStatus": "not-loaded"}