{"_id": "64b546d11917256b4158fe46", "id": "w601sxs/pythia-70m-instruct-orca-chkpt-1245000", "modelId": "w601sxs/pythia-70m-instruct-orca-chkpt-1245000", "author": "w601sxs", "sha": "50b66dcef7338771ac6b3c8d399ddc04812354bf", "lastModified": "2023-07-17T13:49:10.000Z", "private": false, "disabled": false, "gated": false, "pipeline_tag": "text-generation", "tags": ["transformers", "pytorch", "gpt_neox", "text-generation", "autotrain_compatible", "text-generation-inference", "endpoints_compatible", "region:us"], "downloads": 2, "library_name": "transformers", "widgetData": [{"text": "My name is Julien and I like to"}, {"text": "My name is Thomas and my main"}, {"text": "My name is Mariama, my favorite"}, {"text": "My name is Clara and I am"}, {"text": "My name is Lewis and I like to"}, {"text": "My name is Merve and my favorite"}, {"text": "My name is Teven and I am"}, {"text": "Once upon a time,"}], "likes": 0, "config": {"architectures": ["GPTNeoXForCausalLM"], "model_type": "gpt_neox"}, "transformersInfo": {"auto_model": "AutoModelForCausalLM", "pipeline_tag": "text-generation", "processor": "AutoTokenizer"}, "siblings": [{"rfilename": ".gitattributes"}, {"rfilename": "adapter_config.json"}, {"rfilename": "adapter_model.bin"}, {"rfilename": "config.json"}, {"rfilename": "generation_config.json"}, {"rfilename": "pytorch_model.bin"}], "spaces": [], "createdAt": "2023-07-17T13:49:05.000Z", "inferenceStatus": "not-loaded"}