{"_id": "64c90524c96a10fa85b69153", "id": "w601sxs/b1ade-1b-wizard-chkpt-350k", "modelId": "w601sxs/b1ade-1b-wizard-chkpt-350k", "author": "w601sxs", "sha": "9dec2fee1f6f8f9aba172813bb3fce86b3615a4c", "lastModified": "2023-08-01T13:14:18.000Z", "private": false, "disabled": false, "gated": false, "tags": ["peft", "region:us"], "downloads": 0, "library_name": "peft", "likes": 0, "model-index": null, "config": {"peft": {"base_model_name_or_path": "w601sxs/b1ade-1b", "task_type": "CAUSAL_LM"}}, "cardData": {"library_name": "peft"}, "siblings": [{"rfilename": ".gitattributes"}, {"rfilename": "README.md"}, {"rfilename": "adapter_config.json"}, {"rfilename": "adapter_model.bin"}], "spaces": [], "createdAt": "2023-08-01T13:14:12.000Z", "inferenceStatus": "not-loaded"}