{"_id": "64c904c33a3f428da674f21c", "id": "w601sxs/b1ade-1b-wizard-chkpt", "modelId": "w601sxs/b1ade-1b-wizard-chkpt", "author": "w601sxs", "sha": "e0d77dc4f0c0d3148b02dcceb438ef8486746a55", "lastModified": "2023-08-01T13:13:14.000Z", "private": false, "disabled": false, "gated": false, "tags": ["peft", "pytorch", "gpt_neox", "region:us"], "downloads": 0, "library_name": "peft", "likes": 0, "model-index": null, "config": {"architectures": ["GPTNeoXForCausalLM"], "model_type": "gpt_neox", "peft": {"base_model_name_or_path": "w601sxs/b1ade-1b", "task_type": "CAUSAL_LM"}}, "cardData": {"library_name": "peft"}, "siblings": [{"rfilename": ".gitattributes"}, {"rfilename": "README.md"}, {"rfilename": "adapter_config.json"}, {"rfilename": "adapter_model.bin"}, {"rfilename": "config.json"}, {"rfilename": "generation_config.json"}, {"rfilename": "pytorch_model.bin"}], "spaces": [], "createdAt": "2023-08-01T13:12:35.000Z", "inferenceStatus": "not-loaded"}