{"_id": "651ef8fae0c419d068243612", "id": "w601sxs/b1ade-1b-gsm8k-chkpt", "modelId": "w601sxs/b1ade-1b-gsm8k-chkpt", "author": "w601sxs", "sha": "e65a7f50d98f8b4454244da1c505c48f550a8a09", "lastModified": "2023-10-05T18:43:50.000Z", "private": false, "disabled": false, "gated": false, "tags": ["peft", "pytorch", "gpt_neox", "region:us"], "downloads": 0, "library_name": "peft", "likes": 0, "model-index": null, "config": {"architectures": ["GPTNeoXForCausalLM"], "model_type": "gpt_neox", "peft": {"base_model_name_or_path": "w601sxs/b1ade-1b", "task_type": "CAUSAL_LM"}}, "cardData": {"library_name": "peft"}, "siblings": [{"rfilename": ".gitattributes"}, {"rfilename": "README.md"}, {"rfilename": "adapter_config.json"}, {"rfilename": "adapter_model.bin"}, {"rfilename": "config.json"}, {"rfilename": "generation_config.json"}, {"rfilename": "pytorch_model.bin"}], "spaces": [], "createdAt": "2023-10-05T17:57:14.000Z", "inferenceStatus": "not-loaded"}