{"_id": "651e62869d00025d82e207ba", "id": "w601sxs/b1ade-1b-dolly-chkpt-230k", "modelId": "w601sxs/b1ade-1b-dolly-chkpt-230k", "author": "w601sxs", "sha": "f4338bf9edfddfa73fdd0d2b676bedce21efc26c", "lastModified": "2023-10-05T17:57:14.000Z", "private": false, "disabled": false, "gated": false, "tags": ["peft", "pytorch", "gpt_neox", "region:us"], "downloads": 0, "library_name": "peft", "likes": 0, "model-index": null, "config": {"architectures": ["GPTNeoXForCausalLM"], "model_type": "gpt_neox", "peft": {"base_model_name_or_path": "w601sxs/b1ade-1b", "task_type": "CAUSAL_LM"}}, "cardData": {"library_name": "peft"}, "siblings": [{"rfilename": ".gitattributes"}, {"rfilename": "README.md"}, {"rfilename": "adapter_config.json"}, {"rfilename": "adapter_model.bin"}, {"rfilename": "config.json"}, {"rfilename": "generation_config.json"}, {"rfilename": "pytorch_model.bin"}], "spaces": [], "createdAt": "2023-10-05T07:15:18.000Z", "inferenceStatus": "not-loaded"}