{"_id": "64c3e2132eb0c99c5019ccaf", "id": "w601sxs/b1ade-1b-orca-chkpt-570k", "modelId": "w601sxs/b1ade-1b-orca-chkpt-570k", "author": "w601sxs", "sha": "05b60741a6993ff35ed90f30c95de19f4b79a581", "lastModified": "2023-07-28T15:43:15.000Z", "private": false, "disabled": false, "gated": false, "tags": ["peft", "region:us"], "downloads": 0, "library_name": "peft", "likes": 0, "model-index": null, "config": {"peft": {"base_model_name_or_path": "w601sxs/b1ade-1b", "task_type": "CAUSAL_LM"}}, "cardData": {"library_name": "peft"}, "siblings": [{"rfilename": ".gitattributes"}, {"rfilename": "README.md"}, {"rfilename": "adapter_config.json"}, {"rfilename": "adapter_model.bin"}], "spaces": [], "createdAt": "2023-07-28T15:43:15.000Z", "inferenceStatus": "not-loaded"}