{"_id": "64c18568b005aab93d54dab2", "id": "w601sxs/b1ade-1b-orca-chkpt-440k", "modelId": "w601sxs/b1ade-1b-orca-chkpt-440k", "author": "w601sxs", "sha": "21df9b79f966b800586f9ce6761f1a4ca73a1364", "lastModified": "2023-07-27T18:43:36.000Z", "private": false, "disabled": false, "gated": false, "tags": ["peft", "pytorch", "gpt_neox", "region:us"], "downloads": 0, "library_name": "peft", "likes": 0, "model-index": null, "config": {"architectures": ["GPTNeoXForCausalLM"], "model_type": "gpt_neox", "peft": {"base_model_name_or_path": "w601sxs/b1ade-1b", "task_type": "CAUSAL_LM"}}, "cardData": {"library_name": "peft"}, "siblings": [{"rfilename": ".gitattributes"}, {"rfilename": "README.md"}, {"rfilename": "adapter_config.json"}, {"rfilename": "adapter_model.bin"}, {"rfilename": "config.json"}, {"rfilename": "generation_config.json"}, {"rfilename": "pytorch_model.bin"}], "spaces": [], "createdAt": "2023-07-26T20:43:20.000Z", "inferenceStatus": "not-loaded"}