{"_id": "64c905247dba66c3a7dc603c", "id": "w601sxs/b1ade-1b-wizard-chkpt-799k", "modelId": "w601sxs/b1ade-1b-wizard-chkpt-799k", "author": "w601sxs", "sha": "98ff92a0a732c92ad1fdb4e754e79e3d9b5450c6", "lastModified": "2023-08-01T13:14:14.000Z", "private": false, "disabled": false, "gated": false, "tags": ["peft", "region:us"], "downloads": 0, "library_name": "peft", "likes": 0, "model-index": null, "config": {"peft": {"base_model_name_or_path": "w601sxs/b1ade-1b", "task_type": "CAUSAL_LM"}}, "cardData": {"library_name": "peft"}, "siblings": [{"rfilename": ".gitattributes"}, {"rfilename": "README.md"}, {"rfilename": "adapter_config.json"}, {"rfilename": "adapter_model.bin"}], "spaces": [], "createdAt": "2023-08-01T13:14:12.000Z", "inferenceStatus": "not-loaded"}