{"_id": "64b1967c4e5902e2fda1aee6", "id": "w601sxs/pythia-70m-instruct-orca-chkpt-64000", "modelId": "w601sxs/pythia-70m-instruct-orca-chkpt-64000", "author": "w601sxs", "sha": "99f12eff0d2acc5937b6a865a1dd12ef4654fdab", "lastModified": "2023-07-14T19:16:16.000Z", "private": false, "disabled": false, "gated": false, "pipeline_tag": "text-generation", "tags": ["transformers", "pytorch", "gpt_neox", "text-generation", "dataset:Open-Orca/OpenOrca", "autotrain_compatible", "text-generation-inference", "endpoints_compatible", "region:us"], "downloads": 2, "library_name": "transformers", "widgetData": [{"text": "My name is Julien and I like to"}, {"text": "My name is Thomas and my main"}, {"text": "My name is Mariama, my favorite"}, {"text": "My name is Clara and I am"}, {"text": "My name is Lewis and I like to"}, {"text": "My name is Merve and my favorite"}, {"text": "My name is Teven and I am"}, {"text": "Once upon a time,"}], "likes": 1, "model-index": null, "config": {"architectures": ["GPTNeoXForCausalLM"], "model_type": "gpt_neox"}, "cardData": {"datasets": ["Open-Orca/OpenOrca"]}, "transformersInfo": {"auto_model": "AutoModelForCausalLM", "pipeline_tag": "text-generation", "processor": "AutoTokenizer"}, "siblings": [{"rfilename": ".gitattributes"}, {"rfilename": "README.md"}, {"rfilename": "adapter_config.json"}, {"rfilename": "adapter_model.bin"}, {"rfilename": "config.json"}, {"rfilename": "generation_config.json"}, {"rfilename": "pytorch_model.bin"}], "spaces": [], "createdAt": "2023-07-14T18:39:56.000Z", "inferenceStatus": "not-loaded"}