{"_id": "653630b3484d775cb0fada88", "id": "w95/megachat-zephyr", "modelId": "w95/megachat-zephyr", "author": "w95", "sha": "86987cfd2b00654f3a7d181bcb38e606199d075b", "lastModified": "2023-10-23T08:59:25.000Z", "private": false, "disabled": false, "gated": false, "tags": ["generated_from_trainer", "base_model:TheBloke/zephyr-7B-alpha-GPTQ", "license:mit", "region:us"], "downloads": 0, "likes": 0, "model-index": [{"name": "megachat-zephyr", "results": []}], "config": {"tokenizer_config": {"bos_token": "<s>", "eos_token": "</s>", "pad_token": "</s>", "unk_token": "<unk>", "use_default_system_prompt": true}}, "cardData": {"license": "mit", "base_model": "TheBloke/zephyr-7B-alpha-GPTQ", "tags": ["generated_from_trainer"], "model-index": [{"name": "megachat-zephyr", "results": []}]}, "siblings": [{"rfilename": ".gitattributes"}, {"rfilename": "README.md"}, {"rfilename": "adapter_config.json"}, {"rfilename": "adapter_model.bin"}, {"rfilename": "special_tokens_map.json"}, {"rfilename": "tokenizer.json"}, {"rfilename": "tokenizer.model"}, {"rfilename": "tokenizer_config.json"}, {"rfilename": "training_args.bin"}], "spaces": [], "createdAt": "2023-10-23T08:37:07.000Z", "inferenceStatus": "not-loaded"}