{"_id": "65303c7edb5ea9beb87919f4", "id": "w95/tinyllama-colorist-lora", "modelId": "w95/tinyllama-colorist-lora", "author": "w95", "sha": "a7b63591a22f71e58002d57faf0facdbc3c6844e", "lastModified": "2023-10-18T20:18:51.000Z", "private": false, "disabled": false, "gated": false, "tags": ["generated_from_trainer", "base_model:PY007/TinyLlama-1.1B-Chat-v0.3", "license:apache-2.0", "region:us"], "downloads": 0, "likes": 0, "model-index": [{"name": "tinyllama-colorist-lora", "results": []}], "config": {"tokenizer_config": {"bos_token": "<s>", "eos_token": "</s>", "pad_token": "</s>", "unk_token": "<unk>", "use_default_system_prompt": true}}, "cardData": {"license": "apache-2.0", "base_model": "PY007/TinyLlama-1.1B-Chat-v0.3", "tags": ["generated_from_trainer"], "model-index": [{"name": "tinyllama-colorist-lora", "results": []}]}, "siblings": [{"rfilename": ".gitattributes"}, {"rfilename": "README.md"}, {"rfilename": "adapter_config.json"}, {"rfilename": "adapter_model.bin"}, {"rfilename": "special_tokens_map.json"}, {"rfilename": "tokenizer.json"}, {"rfilename": "tokenizer_config.json"}, {"rfilename": "training_args.bin"}], "spaces": [], "createdAt": "2023-10-18T20:13:50.000Z", "inferenceStatus": "not-loaded"}