{"_id": "6539a811f186c8b4a8a9ff73", "id": "w95/zephyr-support-chatbot", "modelId": "w95/zephyr-support-chatbot", "author": "w95", "sha": "b439a04abd5f81708c47b27f271d5f2ccae46e04", "lastModified": "2023-10-25T23:55:59.000Z", "private": false, "disabled": false, "gated": false, "tags": ["generated_from_trainer", "base_model:TheBloke/zephyr-7B-alpha-GPTQ", "license:mit", "region:us"], "downloads": 0, "likes": 0, "model-index": [{"name": "zephyr-support-chatbot", "results": []}], "config": {"tokenizer_config": {"bos_token": "<s>", "eos_token": "</s>", "pad_token": "</s>", "unk_token": "<unk>", "use_default_system_prompt": true}}, "cardData": {"license": "mit", "base_model": "TheBloke/zephyr-7B-alpha-GPTQ", "tags": ["generated_from_trainer"], "model-index": [{"name": "zephyr-support-chatbot", "results": []}]}, "siblings": [{"rfilename": ".gitattributes"}, {"rfilename": "README.md"}, {"rfilename": "adapter_config.json"}, {"rfilename": "adapter_model.bin"}, {"rfilename": "special_tokens_map.json"}, {"rfilename": "tokenizer.json"}, {"rfilename": "tokenizer.model"}, {"rfilename": "tokenizer_config.json"}, {"rfilename": "training_args.bin"}], "spaces": [], "createdAt": "2023-10-25T23:43:13.000Z", "inferenceStatus": "not-loaded"}