{"_id": "6385d3a806858a85f58f0a42", "id": "wa3dbk/whisper-base-ar", "modelId": "wa3dbk/whisper-base-ar", "author": "wa3dbk", "sha": "068a4906f858128649bf05ab8db8959fcc1a7157", "lastModified": "2022-11-30T00:00:34.000Z", "private": false, "disabled": false, "gated": false, "pipeline_tag": "automatic-speech-recognition", "tags": ["transformers", "pytorch", "tensorboard", "whisper", "automatic-speech-recognition", "endpoints_compatible", "region:us"], "downloads": 1, "library_name": "transformers", "likes": 0, "config": {"architectures": ["WhisperForConditionalGeneration"], "model_type": "whisper"}, "transformersInfo": {"auto_model": "AutoModelForSpeechSeq2Seq", "pipeline_tag": "automatic-speech-recognition", "processor": "AutoProcessor"}, "siblings": [{"rfilename": ".gitattributes"}, {"rfilename": ".gitignore"}, {"rfilename": "config.json"}, {"rfilename": "preprocessor_config.json"}, {"rfilename": "pytorch_model.bin"}, {"rfilename": "runs/Nov29_20-23-58_gpu9/1669749848.28483/events.out.tfevents.1669749848.gpu9.17838.1"}, {"rfilename": "runs/Nov29_20-23-58_gpu9/events.out.tfevents.1669749848.gpu9.17838.0"}, {"rfilename": "training_args.bin"}], "spaces": [], "createdAt": "2022-11-29T09:40:56.000Z", "inferenceStatus": "not-loaded"}