{"_id": "637f9996e0d5fd31995b164a", "id": "wa3dbk/whisper-small-hi", "modelId": "wa3dbk/whisper-small-hi", "author": "wa3dbk", "sha": "47365a97ee1d732e91e30a03669ba35dccee448e", "lastModified": "2022-11-28T17:12:02.000Z", "private": false, "disabled": false, "gated": false, "pipeline_tag": "automatic-speech-recognition", "tags": ["transformers", "pytorch", "tensorboard", "whisper", "automatic-speech-recognition", "endpoints_compatible", "region:us"], "downloads": 8, "library_name": "transformers", "likes": 0, "config": {"architectures": ["WhisperForConditionalGeneration"], "model_type": "whisper"}, "transformersInfo": {"auto_model": "AutoModelForSpeechSeq2Seq", "pipeline_tag": "automatic-speech-recognition", "processor": "AutoProcessor"}, "siblings": [{"rfilename": ".gitattributes"}, {"rfilename": ".gitignore"}, {"rfilename": "README.md"}, {"rfilename": "config.json"}, {"rfilename": "preprocessor_config.json"}, {"rfilename": "pytorch_model.bin"}, {"rfilename": "runs/Nov24_18-04-08_gpu12/1669309458.4345503/events.out.tfevents.1669309458.gpu12.23931.1"}, {"rfilename": "runs/Nov24_18-04-08_gpu12/events.out.tfevents.1669309458.gpu12.23931.0"}, {"rfilename": "runs/Nov24_18-09-42_gpu12/1669309792.901955/events.out.tfevents.1669309792.gpu12.26449.1"}, {"rfilename": "runs/Nov24_18-09-42_gpu12/events.out.tfevents.1669309792.gpu12.26449.0"}, {"rfilename": "runs/Nov24_18-30-38_gpu12/1669311047.8931518/events.out.tfevents.1669311047.gpu12.32351.1"}, {"rfilename": "runs/Nov24_18-30-38_gpu12/events.out.tfevents.1669311047.gpu12.32351.0"}, {"rfilename": "runs/Nov25_13-27-55_gpu9/1669379291.5110216/events.out.tfevents.1669379291.gpu9.9632.1"}, {"rfilename": "runs/Nov25_13-27-55_gpu9/events.out.tfevents.1669379291.gpu9.9632.0"}, {"rfilename": "training_args.bin"}], "spaces": [], "createdAt": "2022-11-24T16:19:34.000Z", "inferenceStatus": "not-loaded"}