{"_id": "6385d8f8b3ef0523c6399a30", "id": "wa3dbk/whisper-tiny-hi", "modelId": "wa3dbk/whisper-tiny-hi", "author": "wa3dbk", "sha": "d4a782f5b5e045e50f7e2af9d3258dc51a881290", "lastModified": "2022-11-29T13:33:59.000Z", "private": false, "disabled": false, "gated": false, "pipeline_tag": "automatic-speech-recognition", "tags": ["transformers", "pytorch", "tensorboard", "whisper", "automatic-speech-recognition", "endpoints_compatible", "region:us"], "downloads": 1, "library_name": "transformers", "likes": 0, "config": {"architectures": ["WhisperForConditionalGeneration"], "model_type": "whisper"}, "transformersInfo": {"auto_model": "AutoModelForSpeechSeq2Seq", "pipeline_tag": "automatic-speech-recognition", "processor": "AutoProcessor"}, "siblings": [{"rfilename": ".gitattributes"}, {"rfilename": ".gitignore"}, {"rfilename": "config.json"}, {"rfilename": "preprocessor_config.json"}, {"rfilename": "pytorch_model.bin"}, {"rfilename": "runs/Nov29_11-47-14_gpu12/1669718847.8304007/events.out.tfevents.1669718847.gpu12.37827.1"}, {"rfilename": "runs/Nov29_11-47-14_gpu12/events.out.tfevents.1669718847.gpu12.37827.0"}, {"rfilename": "runs/Nov29_12-02-21_gpu9/1669719748.0569966/events.out.tfevents.1669719748.gpu9.14756.1"}, {"rfilename": "runs/Nov29_12-02-21_gpu9/events.out.tfevents.1669719747.gpu9.14756.0"}, {"rfilename": "training_args.bin"}], "spaces": [], "createdAt": "2022-11-29T10:03:36.000Z", "inferenceStatus": "not-loaded"}