{"_id": "6385d3818b5acae8d24ba006", "id": "wa3dbk/whisper-tiny-ar", "modelId": "wa3dbk/whisper-tiny-ar", "author": "wa3dbk", "sha": "ce62e481a6706f479407fcfe883a34c5c08b3d90", "lastModified": "2022-11-29T18:55:28.000Z", "private": false, "disabled": false, "gated": false, "pipeline_tag": "automatic-speech-recognition", "tags": ["transformers", "pytorch", "tensorboard", "whisper", "automatic-speech-recognition", "endpoints_compatible", "region:us"], "downloads": 0, "library_name": "transformers", "likes": 0, "config": {"architectures": ["WhisperForConditionalGeneration"], "model_type": "whisper"}, "transformersInfo": {"auto_model": "AutoModelForSpeechSeq2Seq", "pipeline_tag": "automatic-speech-recognition", "processor": "AutoProcessor"}, "siblings": [{"rfilename": ".gitattributes"}, {"rfilename": ".gitignore"}, {"rfilename": "config.json"}, {"rfilename": "preprocessor_config.json"}, {"rfilename": "pytorch_model.bin"}, {"rfilename": "runs/Nov29_15-30-57_gpu9/1669732266.7078192/events.out.tfevents.1669732266.gpu9.30791.1"}, {"rfilename": "runs/Nov29_15-30-57_gpu9/events.out.tfevents.1669732266.gpu9.30791.0"}, {"rfilename": "training_args.bin"}], "spaces": [], "createdAt": "2022-11-29T09:40:17.000Z", "inferenceStatus": "not-loaded"}