{"_id": "646a09ed13396ee0a561ed8d", "id": "wa976/ast_25-finetuned-ICBHI", "modelId": "wa976/ast_25-finetuned-ICBHI", "author": "wa976", "sha": "3c62455bb0c2ab916f0df9323b2563cfb1bf53d4", "lastModified": "2023-05-21T13:38:46.000Z", "private": false, "disabled": false, "gated": false, "pipeline_tag": "audio-classification", "tags": ["transformers", "pytorch", "tensorboard", "audio-spectrogram-transformer", "audio-classification", "endpoints_compatible", "region:us"], "downloads": 0, "library_name": "transformers", "likes": 0, "config": {"architectures": ["ASTForAudioClassification"], "model_type": "audio-spectrogram-transformer"}, "transformersInfo": {"auto_model": "AutoModelForAudioClassification", "pipeline_tag": "audio-classification", "processor": "AutoFeatureExtractor"}, "siblings": [{"rfilename": ".gitattributes"}, {"rfilename": ".gitignore"}, {"rfilename": "config.json"}, {"rfilename": "preprocessor_config.json"}, {"rfilename": "pytorch_model.bin"}, {"rfilename": "runs/May21_12-09-06_50d58c08d32e/1684670962.2854176/events.out.tfevents.1684670962.50d58c08d32e.31644.1"}, {"rfilename": "runs/May21_12-09-06_50d58c08d32e/events.out.tfevents.1684670962.50d58c08d32e.31644.0"}, {"rfilename": "training_args.bin"}], "spaces": [], "createdAt": "2023-05-21T12:09:17.000Z", "inferenceStatus": "not-loaded"}