{"_id": "645f348a4357049a57f1dbda", "id": "wa976/ast_2-finetuned-ICBHI", "modelId": "wa976/ast_2-finetuned-ICBHI", "author": "wa976", "sha": "cdc78d20c78f96dd520085fe983f9606b9ac7107", "lastModified": "2023-05-13T07:33:22.000Z", "private": false, "disabled": false, "gated": false, "pipeline_tag": "audio-classification", "tags": ["transformers", "pytorch", "tensorboard", "audio-spectrogram-transformer", "audio-classification", "endpoints_compatible", "region:us"], "downloads": 1, "library_name": "transformers", "likes": 0, "config": {"architectures": ["ASTForAudioClassification"], "model_type": "audio-spectrogram-transformer"}, "transformersInfo": {"auto_model": "AutoModelForAudioClassification", "pipeline_tag": "audio-classification", "processor": "AutoFeatureExtractor"}, "siblings": [{"rfilename": ".gitattributes"}, {"rfilename": ".gitignore"}, {"rfilename": "config.json"}, {"rfilename": "preprocessor_config.json"}, {"rfilename": "pytorch_model.bin"}, {"rfilename": "runs/May13_06-56-01_bb49eaab4b7f/1683960997.5471454/events.out.tfevents.1683960997.bb49eaab4b7f.21642.3"}, {"rfilename": "runs/May13_06-56-01_bb49eaab4b7f/events.out.tfevents.1683960997.bb49eaab4b7f.21642.2"}, {"rfilename": "training_args.bin"}], "spaces": [], "createdAt": "2023-05-13T06:56:10.000Z", "inferenceStatus": "not-loaded"}