{"_id": "646062dc446a4fa4695c6eb2", "id": "wa976/ast_4-finetuned-ICBHI", "modelId": "wa976/ast_4-finetuned-ICBHI", "author": "wa976", "sha": "437aee95c3c70ea1831ebd8b38f675f09e9a21eb", "lastModified": "2023-05-14T08:15:02.000Z", "private": false, "disabled": false, "gated": false, "pipeline_tag": "audio-classification", "tags": ["transformers", "pytorch", "tensorboard", "audio-spectrogram-transformer", "audio-classification", "endpoints_compatible", "region:us"], "downloads": 1, "library_name": "transformers", "likes": 0, "config": {"architectures": ["ASTForAudioClassification"], "model_type": "audio-spectrogram-transformer"}, "transformersInfo": {"auto_model": "AutoModelForAudioClassification", "pipeline_tag": "audio-classification", "processor": "AutoFeatureExtractor"}, "siblings": [{"rfilename": ".gitattributes"}, {"rfilename": ".gitignore"}, {"rfilename": "config.json"}, {"rfilename": "preprocessor_config.json"}, {"rfilename": "pytorch_model.bin"}, {"rfilename": "runs/May14_05-50-16_0561555632a7/1684043426.689153/events.out.tfevents.1684043426.0561555632a7.13669.1"}, {"rfilename": "runs/May14_05-50-16_0561555632a7/events.out.tfevents.1684043426.0561555632a7.13669.0"}, {"rfilename": "training_args.bin"}], "spaces": [], "createdAt": "2023-05-14T04:26:04.000Z", "inferenceStatus": "not-loaded"}