{"_id": "646a2f7d3721aab2edf42661", "id": "wa976/ast_27-finetuned-ICBHI", "modelId": "wa976/ast_27-finetuned-ICBHI", "author": "wa976", "sha": "8bbf72ec8b4edb3da24f7f91925e3a3bc5f0b498", "lastModified": "2023-05-21T16:34:46.000Z", "private": false, "disabled": false, "gated": false, "pipeline_tag": "audio-classification", "tags": ["transformers", "pytorch", "tensorboard", "audio-spectrogram-transformer", "audio-classification", "endpoints_compatible", "region:us"], "downloads": 0, "library_name": "transformers", "likes": 0, "config": {"architectures": ["ASTForAudioClassification"], "model_type": "audio-spectrogram-transformer"}, "transformersInfo": {"auto_model": "AutoModelForAudioClassification", "pipeline_tag": "audio-classification", "processor": "AutoFeatureExtractor"}, "siblings": [{"rfilename": ".gitattributes"}, {"rfilename": ".gitignore"}, {"rfilename": "config.json"}, {"rfilename": "preprocessor_config.json"}, {"rfilename": "pytorch_model.bin"}, {"rfilename": "runs/May21_14-49-23_50d58c08d32e/1684680578.4196217/events.out.tfevents.1684680578.50d58c08d32e.31644.6"}, {"rfilename": "runs/May21_14-49-23_50d58c08d32e/events.out.tfevents.1684680578.50d58c08d32e.31644.5"}, {"rfilename": "training_args.bin"}], "spaces": [], "createdAt": "2023-05-21T14:49:33.000Z", "inferenceStatus": "not-loaded"}