{"_id": "6467c40bab75d9cb3c4bf5f9", "id": "wa976/ast_20-finetuned-ICBHI", "modelId": "wa976/ast_20-finetuned-ICBHI", "author": "wa976", "sha": "08b26788c5508b0af01285168b9d428d95f7a3c2", "lastModified": "2023-05-19T21:31:34.000Z", "private": false, "disabled": false, "gated": false, "pipeline_tag": "audio-classification", "tags": ["transformers", "pytorch", "tensorboard", "audio-spectrogram-transformer", "audio-classification", "generated_from_trainer", "license:bsd-3-clause", "endpoints_compatible", "region:us"], "downloads": 1, "library_name": "transformers", "likes": 0, "model-index": [{"name": "ast_20-finetuned-ICBHI", "results": []}], "config": {"architectures": ["ASTForAudioClassification"], "model_type": "audio-spectrogram-transformer"}, "cardData": {"license": "bsd-3-clause", "tags": ["generated_from_trainer"], "metrics": ["accuracy"], "model-index": [{"name": "ast_20-finetuned-ICBHI", "results": []}]}, "transformersInfo": {"auto_model": "AutoModelForAudioClassification", "pipeline_tag": "audio-classification", "processor": "AutoFeatureExtractor"}, "siblings": [{"rfilename": ".gitattributes"}, {"rfilename": ".gitignore"}, {"rfilename": "README.md"}, {"rfilename": "config.json"}, {"rfilename": "preprocessor_config.json"}, {"rfilename": "pytorch_model.bin"}, {"rfilename": "runs/May19_18-46-28_1a5e2ea8ac5c/1684522001.218994/events.out.tfevents.1684522001.1a5e2ea8ac5c.175185.5"}, {"rfilename": "runs/May19_18-46-28_1a5e2ea8ac5c/events.out.tfevents.1684522001.1a5e2ea8ac5c.175185.4"}, {"rfilename": "training_args.bin"}], "spaces": [], "createdAt": "2023-05-19T18:46:35.000Z", "inferenceStatus": "not-loaded"}