{"_id": "646adbfff51b56a285c91020", "id": "wa976/ast_29-finetuned-ICBHI", "modelId": "wa976/ast_29-finetuned-ICBHI", "author": "wa976", "sha": "98225a17e176fb4ca4e4336f5824a535701cc730", "lastModified": "2023-05-22T06:17:51.000Z", "private": false, "disabled": false, "gated": false, "pipeline_tag": "audio-classification", "tags": ["transformers", "pytorch", "tensorboard", "audio-spectrogram-transformer", "audio-classification", "endpoints_compatible", "region:us"], "downloads": 2, "library_name": "transformers", "likes": 0, "config": {"architectures": ["ASTForAudioClassification"], "model_type": "audio-spectrogram-transformer"}, "transformersInfo": {"auto_model": "AutoModelForAudioClassification", "pipeline_tag": "audio-classification", "processor": "AutoFeatureExtractor"}, "siblings": [{"rfilename": ".gitattributes"}, {"rfilename": ".gitignore"}, {"rfilename": "config.json"}, {"rfilename": "preprocessor_config.json"}, {"rfilename": "pytorch_model.bin"}, {"rfilename": "runs/May22_03-05-22_50d58c08d32e/1684724740.155466/events.out.tfevents.1684724740.50d58c08d32e.112257.6"}, {"rfilename": "runs/May22_03-05-22_50d58c08d32e/events.out.tfevents.1684724740.50d58c08d32e.112257.5"}, {"rfilename": "training_args.bin"}], "spaces": [], "createdAt": "2023-05-22T03:05:35.000Z", "inferenceStatus": "not-loaded"}