{"_id": "6467a3273a7c8dda2307b60a", "id": "wa976/ast_19-finetuned-ICBHI", "modelId": "wa976/ast_19-finetuned-ICBHI", "author": "wa976", "sha": "7a9fe912207d7b646cb4640a0e9186108c192859", "lastModified": "2023-05-19T18:38:01.000Z", "private": false, "disabled": false, "gated": false, "pipeline_tag": "audio-classification", "tags": ["transformers", "pytorch", "tensorboard", "audio-spectrogram-transformer", "audio-classification", "endpoints_compatible", "region:us"], "downloads": 0, "library_name": "transformers", "likes": 0, "config": {"architectures": ["ASTForAudioClassification"], "model_type": "audio-spectrogram-transformer"}, "transformersInfo": {"auto_model": "AutoModelForAudioClassification", "pipeline_tag": "audio-classification", "processor": "AutoFeatureExtractor"}, "siblings": [{"rfilename": ".gitattributes"}, {"rfilename": ".gitignore"}, {"rfilename": "config.json"}, {"rfilename": "preprocessor_config.json"}, {"rfilename": "pytorch_model.bin"}, {"rfilename": "runs/May19_16-25-57_1a5e2ea8ac5c/1684513602.2264433/events.out.tfevents.1684513602.1a5e2ea8ac5c.175185.3"}, {"rfilename": "runs/May19_16-25-57_1a5e2ea8ac5c/events.out.tfevents.1684513602.1a5e2ea8ac5c.175185.2"}, {"rfilename": "training_args.bin"}], "spaces": [], "createdAt": "2023-05-19T16:26:15.000Z", "inferenceStatus": "not-loaded"}