{"_id": "6462202f6936c15a35a3482c", "id": "wa976/ast_8-finetuned-ICBHI", "modelId": "wa976/ast_8-finetuned-ICBHI", "author": "wa976", "sha": "476e65a92681f770e19138d3178cbef363fae4a2", "lastModified": "2023-05-15T15:46:40.000Z", "private": false, "disabled": false, "gated": false, "pipeline_tag": "audio-classification", "tags": ["transformers", "pytorch", "tensorboard", "audio-spectrogram-transformer", "audio-classification", "generated_from_trainer", "license:bsd-3-clause", "endpoints_compatible", "region:us"], "downloads": 1, "library_name": "transformers", "likes": 0, "model-index": [{"name": "ast_8-finetuned-ICBHI", "results": []}], "config": {"architectures": ["ASTForAudioClassification"], "model_type": "audio-spectrogram-transformer"}, "cardData": {"license": "bsd-3-clause", "tags": ["generated_from_trainer"], "metrics": ["accuracy"], "model-index": [{"name": "ast_8-finetuned-ICBHI", "results": []}]}, "transformersInfo": {"auto_model": "AutoModelForAudioClassification", "pipeline_tag": "audio-classification", "processor": "AutoFeatureExtractor"}, "siblings": [{"rfilename": ".gitattributes"}, {"rfilename": ".gitignore"}, {"rfilename": "README.md"}, {"rfilename": "config.json"}, {"rfilename": "preprocessor_config.json"}, {"rfilename": "pytorch_model.bin"}, {"rfilename": "runs/May15_12-56-33_f2874998f32f/1684155402.9857113/events.out.tfevents.1684155402.f2874998f32f.3737.1"}, {"rfilename": "runs/May15_12-56-33_f2874998f32f/events.out.tfevents.1684155402.f2874998f32f.3737.0"}, {"rfilename": "runs/May15_12-56-33_f2874998f32f/events.out.tfevents.1684165575.f2874998f32f.3737.2"}, {"rfilename": "training_args.bin"}], "spaces": [], "createdAt": "2023-05-15T12:06:07.000Z", "inferenceStatus": "not-loaded"}