{"_id": "64645fe106c6a952bd07849f", "id": "wa976/ast_12-finetuned-ICBHI", "modelId": "wa976/ast_12-finetuned-ICBHI", "author": "wa976", "sha": "b78e1cf281905f78c12dff4c7b5f68950f843167", "lastModified": "2023-05-17T13:11:07.000Z", "private": false, "disabled": false, "gated": false, "pipeline_tag": "audio-classification", "tags": ["transformers", "pytorch", "tensorboard", "audio-spectrogram-transformer", "audio-classification", "generated_from_trainer", "license:bsd-3-clause", "endpoints_compatible", "region:us"], "downloads": 2, "library_name": "transformers", "likes": 0, "model-index": [{"name": "ast_12-finetuned-ICBHI", "results": []}], "config": {"architectures": ["ASTForAudioClassification"], "model_type": "audio-spectrogram-transformer"}, "cardData": {"license": "bsd-3-clause", "tags": ["generated_from_trainer"], "metrics": ["accuracy"], "model-index": [{"name": "ast_12-finetuned-ICBHI", "results": []}]}, "transformersInfo": {"auto_model": "AutoModelForAudioClassification", "pipeline_tag": "audio-classification", "processor": "AutoFeatureExtractor"}, "siblings": [{"rfilename": ".gitattributes"}, {"rfilename": ".gitignore"}, {"rfilename": "README.md"}, {"rfilename": "config.json"}, {"rfilename": "preprocessor_config.json"}, {"rfilename": "pytorch_model.bin"}, {"rfilename": "runs/May17_05-02-23_7912453f18d7/1684299751.0381002/events.out.tfevents.1684299751.7912453f18d7.2274.4"}, {"rfilename": "runs/May17_05-02-23_7912453f18d7/events.out.tfevents.1684299751.7912453f18d7.2274.3"}, {"rfilename": "runs/May17_11-56-49_1af86e19235d/1684324695.6731327/events.out.tfevents.1684324695.1af86e19235d.2505.1"}, {"rfilename": "runs/May17_11-56-49_1af86e19235d/events.out.tfevents.1684324695.1af86e19235d.2505.0"}, {"rfilename": "runs/May17_11-56-49_1af86e19235d/events.out.tfevents.1684329044.1af86e19235d.2505.2"}, {"rfilename": "training_args.bin"}], "spaces": [], "createdAt": "2023-05-17T05:02:25.000Z", "inferenceStatus": "not-loaded"}