{"_id": "645e5bbb5f8408a151fd487e", "id": "wa976/ast-finetuned-ICBHI", "modelId": "wa976/ast-finetuned-ICBHI", "author": "wa976", "sha": "757e2df6b10224c2705e5fd8c474767129d53168", "lastModified": "2024-02-28T12:09:55.000Z", "private": false, "disabled": false, "gated": false, "pipeline_tag": "audio-classification", "tags": ["transformers", "pytorch", "tensorboard", "audio-spectrogram-transformer", "audio-classification", "generated_from_trainer", "license:bsd-3-clause", "endpoints_compatible", "region:us"], "downloads": 3, "library_name": "transformers", "likes": 0, "model-index": [{"name": "ast-finetuned-ICBHI", "results": []}], "config": {"architectures": ["ASTForAudioClassification"], "model_type": "audio-spectrogram-transformer"}, "cardData": {"license": "bsd-3-clause", "tags": ["generated_from_trainer"], "metrics": ["accuracy"], "model-index": [{"name": "ast-finetuned-ICBHI", "results": []}]}, "transformersInfo": {"auto_model": "AutoModelForAudioClassification", "pipeline_tag": "audio-classification", "processor": "AutoFeatureExtractor"}, "siblings": [{"rfilename": ".gitattributes"}, {"rfilename": ".gitignore"}, {"rfilename": "README.md"}, {"rfilename": "config.json"}, {"rfilename": "preprocessor_config.json"}, {"rfilename": "pytorch_model.bin"}, {"rfilename": "runs/May12_15-26-50_38b5304b6d6f/1683905498.542388/events.out.tfevents.1683905498.38b5304b6d6f.5052.1"}, {"rfilename": "runs/May12_15-26-50_38b5304b6d6f/events.out.tfevents.1683905498.38b5304b6d6f.5052.0"}, {"rfilename": "runs/May12_15-35-12_38b5304b6d6f/1683905719.9878924/events.out.tfevents.1683905719.38b5304b6d6f.7047.1"}, {"rfilename": "runs/May12_15-35-12_38b5304b6d6f/1683905814.8576388/events.out.tfevents.1683905814.38b5304b6d6f.7047.2"}, {"rfilename": "runs/May12_15-35-12_38b5304b6d6f/events.out.tfevents.1683905719.38b5304b6d6f.7047.0"}, {"rfilename": "runs/May12_15-40-46_38b5304b6d6f/1683906072.2762125/events.out.tfevents.1683906072.38b5304b6d6f.8446.1"}, {"rfilename": "runs/May12_15-40-46_38b5304b6d6f/events.out.tfevents.1683906072.38b5304b6d6f.8446.0"}, {"rfilename": "runs/May12_15-40-46_38b5304b6d6f/events.out.tfevents.1683916804.38b5304b6d6f.8446.2"}, {"rfilename": "training_args.bin"}], "spaces": [], "createdAt": "2023-05-12T15:31:07.000Z", "inferenceStatus": "not-loaded"}