{"_id": "6468c9f1511e5cdeb0e6cb14", "id": "wa976/ast_22-finetuned-ICBHI", "modelId": "wa976/ast_22-finetuned-ICBHI", "author": "wa976", "sha": "0343bf13da5d6167812b1eb71e1c4e40270230c6", "lastModified": "2023-05-20T19:43:39.000Z", "private": false, "disabled": false, "gated": false, "pipeline_tag": "audio-classification", "tags": ["transformers", "pytorch", "tensorboard", "audio-spectrogram-transformer", "audio-classification", "generated_from_trainer", "license:bsd-3-clause", "endpoints_compatible", "region:us"], "downloads": 2, "library_name": "transformers", "likes": 0, "model-index": [{"name": "ast_22-finetuned-ICBHI", "results": []}], "config": {"architectures": ["ASTForAudioClassification"], "model_type": "audio-spectrogram-transformer"}, "cardData": {"license": "bsd-3-clause", "tags": ["generated_from_trainer"], "metrics": ["accuracy"], "model-index": [{"name": "ast_22-finetuned-ICBHI", "results": []}]}, "transformersInfo": {"auto_model": "AutoModelForAudioClassification", "pipeline_tag": "audio-classification", "processor": "AutoFeatureExtractor"}, "siblings": [{"rfilename": ".gitattributes"}, {"rfilename": ".gitignore"}, {"rfilename": "README.md"}, {"rfilename": "config.json"}, {"rfilename": "preprocessor_config.json"}, {"rfilename": "pytorch_model.bin"}, {"rfilename": "runs/May20_13-23-46_e0b92734be7e/events.out.tfevents.1684589257.e0b92734be7e.119086.0"}, {"rfilename": "runs/May20_13-35-18_e0b92734be7e/1684589730.2425933/events.out.tfevents.1684589730.e0b92734be7e.119086.2"}, {"rfilename": "runs/May20_13-35-18_e0b92734be7e/events.out.tfevents.1684589730.e0b92734be7e.119086.1"}, {"rfilename": "training_args.bin"}], "spaces": [], "createdAt": "2023-05-20T13:24:01.000Z", "inferenceStatus": "not-loaded"}