{"_id": "646b1f1f5d68f5c15a1406d7", "id": "wa976/ast_30-finetuned-ICBHI", "modelId": "wa976/ast_30-finetuned-ICBHI", "author": "wa976", "sha": "13de62333fdfaa10d14d09866d48c5f24ec74391", "lastModified": "2023-05-22T19:13:01.000Z", "private": false, "disabled": false, "gated": false, "pipeline_tag": "audio-classification", "tags": ["transformers", "pytorch", "tensorboard", "audio-spectrogram-transformer", "audio-classification", "endpoints_compatible", "region:us"], "downloads": 2, "library_name": "transformers", "likes": 0, "config": {"architectures": ["ASTForAudioClassification"], "model_type": "audio-spectrogram-transformer"}, "transformersInfo": {"auto_model": "AutoModelForAudioClassification", "pipeline_tag": "audio-classification", "processor": "AutoFeatureExtractor"}, "siblings": [{"rfilename": ".gitattributes"}, {"rfilename": ".gitignore"}, {"rfilename": "config.json"}, {"rfilename": "preprocessor_config.json"}, {"rfilename": "pytorch_model.bin"}, {"rfilename": "runs/May22_11-29-53_0f6be96930a5/1684755016.5362482/events.out.tfevents.1684755016.0f6be96930a5.584.1"}, {"rfilename": "runs/May22_11-29-53_0f6be96930a5/1684755149.0317936/events.out.tfevents.1684755149.0f6be96930a5.584.2"}, {"rfilename": "runs/May22_11-29-53_0f6be96930a5/events.out.tfevents.1684755016.0f6be96930a5.584.0"}, {"rfilename": "runs/May22_11-36-01_0f6be96930a5/1684755390.1356688/events.out.tfevents.1684755390.0f6be96930a5.584.4"}, {"rfilename": "runs/May22_11-36-01_0f6be96930a5/events.out.tfevents.1684755390.0f6be96930a5.584.3"}, {"rfilename": "runs/May22_11-36-52_0f6be96930a5/1684755423.1278505/events.out.tfevents.1684755423.0f6be96930a5.584.6"}, {"rfilename": "runs/May22_11-36-52_0f6be96930a5/events.out.tfevents.1684755423.0f6be96930a5.584.5"}, {"rfilename": "runs/May22_14-11-44_0f6be96930a5/1684764713.6851966/events.out.tfevents.1684764713.0f6be96930a5.44340.1"}, {"rfilename": "runs/May22_14-11-44_0f6be96930a5/events.out.tfevents.1684764713.0f6be96930a5.44340.0"}, {"rfilename": "runs/May22_17-22-11_721cde80df78/1684776246.5182981/events.out.tfevents.1684776246.721cde80df78.2510.1"}, {"rfilename": "runs/May22_17-22-11_721cde80df78/events.out.tfevents.1684776246.721cde80df78.2510.0"}, {"rfilename": "training_args.bin"}], "spaces": [], "createdAt": "2023-05-22T07:51:59.000Z", "inferenceStatus": "not-loaded"}