{"_id": "64665c5ee0fe831b47939431", "id": "wa976/ast_binary_5-finetuned-ICBHI", "modelId": "wa976/ast_binary_5-finetuned-ICBHI", "author": "wa976", "sha": "7e8e3d42def11148a4e61f26ad7bbab8ac613436", "lastModified": "2023-05-18T18:34:16.000Z", "private": false, "disabled": false, "gated": false, "pipeline_tag": "audio-classification", "tags": ["transformers", "pytorch", "tensorboard", "audio-spectrogram-transformer", "audio-classification", "endpoints_compatible", "region:us"], "downloads": 1, "library_name": "transformers", "likes": 0, "config": {"architectures": ["ASTForAudioClassification"], "model_type": "audio-spectrogram-transformer"}, "transformersInfo": {"auto_model": "AutoModelForAudioClassification", "pipeline_tag": "audio-classification", "processor": "AutoFeatureExtractor"}, "siblings": [{"rfilename": ".gitattributes"}, {"rfilename": ".gitignore"}, {"rfilename": "config.json"}, {"rfilename": "preprocessor_config.json"}, {"rfilename": "pytorch_model.bin"}, {"rfilename": "runs/May18_17-11-49_adbdae9bbdd4/1684429923.3780637/events.out.tfevents.1684429923.adbdae9bbdd4.525.9"}, {"rfilename": "runs/May18_17-11-49_adbdae9bbdd4/events.out.tfevents.1684429923.adbdae9bbdd4.525.8"}, {"rfilename": "training_args.bin"}], "spaces": [], "createdAt": "2023-05-18T17:11:58.000Z", "inferenceStatus": "not-loaded"}