{"_id": "6464e7e0a0748f9aa4c362f8", "id": "wa976/ast_13-finetuned-ICBHI", "modelId": "wa976/ast_13-finetuned-ICBHI", "author": "wa976", "sha": "103e835bf056c1caafa5d0b21f8b5b4feb375684", "lastModified": "2023-05-17T16:09:37.000Z", "private": false, "disabled": false, "gated": false, "pipeline_tag": "audio-classification", "tags": ["transformers", "pytorch", "tensorboard", "audio-spectrogram-transformer", "audio-classification", "generated_from_trainer", "license:bsd-3-clause", "endpoints_compatible", "region:us"], "downloads": 1, "library_name": "transformers", "likes": 0, "model-index": [{"name": "ast_13-finetuned-ICBHI", "results": []}], "config": {"architectures": ["ASTForAudioClassification"], "model_type": "audio-spectrogram-transformer"}, "cardData": {"license": "bsd-3-clause", "tags": ["generated_from_trainer"], "metrics": ["accuracy"], "model-index": [{"name": "ast_13-finetuned-ICBHI", "results": []}]}, "transformersInfo": {"auto_model": "AutoModelForAudioClassification", "pipeline_tag": "audio-classification", "processor": "AutoFeatureExtractor"}, "siblings": [{"rfilename": ".gitattributes"}, {"rfilename": ".gitignore"}, {"rfilename": "README.md"}, {"rfilename": "config.json"}, {"rfilename": "preprocessor_config.json"}, {"rfilename": "pytorch_model.bin"}, {"rfilename": "runs/May17_14-42-30_82beddc92b93/1684334565.2082224/events.out.tfevents.1684334565.82beddc92b93.674.1"}, {"rfilename": "runs/May17_14-42-30_82beddc92b93/events.out.tfevents.1684334565.82beddc92b93.674.0"}, {"rfilename": "runs/May17_14-42-30_82beddc92b93/events.out.tfevents.1684339757.82beddc92b93.674.2"}, {"rfilename": "training_args.bin"}], "spaces": [], "createdAt": "2023-05-17T14:42:40.000Z", "inferenceStatus": "not-loaded"}