{"_id": "6467690aab75d9cb3c45c60d", "id": "wa976/ast_18-finetuned-ICBHI", "modelId": "wa976/ast_18-finetuned-ICBHI", "author": "wa976", "sha": "98cc21c6a07a37e81d37a91e7cb2fa331902fb74", "lastModified": "2023-05-19T15:53:50.000Z", "private": false, "disabled": false, "gated": false, "pipeline_tag": "audio-classification", "tags": ["transformers", "pytorch", "tensorboard", "audio-spectrogram-transformer", "audio-classification", "generated_from_trainer", "license:bsd-3-clause", "endpoints_compatible", "region:us"], "downloads": 5, "library_name": "transformers", "likes": 0, "model-index": [{"name": "ast_18-finetuned-ICBHI", "results": []}], "config": {"architectures": ["ASTForAudioClassification"], "model_type": "audio-spectrogram-transformer"}, "cardData": {"license": "bsd-3-clause", "tags": ["generated_from_trainer"], "metrics": ["accuracy"], "model-index": [{"name": "ast_18-finetuned-ICBHI", "results": []}]}, "transformersInfo": {"auto_model": "AutoModelForAudioClassification", "pipeline_tag": "audio-classification", "processor": "AutoFeatureExtractor"}, "siblings": [{"rfilename": ".gitattributes"}, {"rfilename": ".gitignore"}, {"rfilename": "README.md"}, {"rfilename": "config.json"}, {"rfilename": "preprocessor_config.json"}, {"rfilename": "pytorch_model.bin"}, {"rfilename": "runs/May19_12-18-13_1a5e2ea8ac5c/1684498704.5276375/events.out.tfevents.1684498704.1a5e2ea8ac5c.6379.10"}, {"rfilename": "runs/May19_12-18-13_1a5e2ea8ac5c/events.out.tfevents.1684498704.1a5e2ea8ac5c.6379.9"}, {"rfilename": "runs/May19_13-37-19_1a5e2ea8ac5c/1684503450.5950658/events.out.tfevents.1684503450.1a5e2ea8ac5c.6379.12"}, {"rfilename": "runs/May19_13-37-19_1a5e2ea8ac5c/events.out.tfevents.1684503450.1a5e2ea8ac5c.6379.11"}, {"rfilename": "runs/May19_14-01-42_1a5e2ea8ac5c/1684504920.184949/events.out.tfevents.1684504920.1a5e2ea8ac5c.175185.1"}, {"rfilename": "runs/May19_14-01-42_1a5e2ea8ac5c/events.out.tfevents.1684504920.1a5e2ea8ac5c.175185.0"}, {"rfilename": "training_args.bin"}], "spaces": [], "createdAt": "2023-05-19T12:18:18.000Z", "inferenceStatus": "not-loaded"}