{"_id": "64684320e92e2372d5da1200", "id": "wa976/ast_21-finetuned-ICBHI", "modelId": "wa976/ast_21-finetuned-ICBHI", "author": "wa976", "sha": "425e2cc27ad2f76db7f5380fdb40dbb7200fe45d", "lastModified": "2023-05-20T11:51:22.000Z", "private": false, "disabled": false, "gated": false, "pipeline_tag": "audio-classification", "tags": ["transformers", "pytorch", "tensorboard", "audio-spectrogram-transformer", "audio-classification", "generated_from_trainer", "license:bsd-3-clause", "endpoints_compatible", "region:us"], "downloads": 3, "library_name": "transformers", "likes": 0, "model-index": [{"name": "ast_21-finetuned-ICBHI", "results": []}], "config": {"architectures": ["ASTForAudioClassification"], "model_type": "audio-spectrogram-transformer"}, "cardData": {"license": "bsd-3-clause", "tags": ["generated_from_trainer"], "metrics": ["accuracy"], "model-index": [{"name": "ast_21-finetuned-ICBHI", "results": []}]}, "transformersInfo": {"auto_model": "AutoModelForAudioClassification", "pipeline_tag": "audio-classification", "processor": "AutoFeatureExtractor"}, "siblings": [{"rfilename": ".gitattributes"}, {"rfilename": ".gitignore"}, {"rfilename": "README.md"}, {"rfilename": "config.json"}, {"rfilename": "preprocessor_config.json"}, {"rfilename": "pytorch_model.bin"}, {"rfilename": "runs/May20_03-47-59_820ca9443dbd/1684554533.425028/events.out.tfevents.1684554533.820ca9443dbd.5918.1"}, {"rfilename": "runs/May20_03-47-59_820ca9443dbd/events.out.tfevents.1684554533.820ca9443dbd.5918.0"}, {"rfilename": "runs/May20_04-54-00_ce6935c25777/1684558546.1959589/events.out.tfevents.1684558546.ce6935c25777.6825.1"}, {"rfilename": "runs/May20_04-54-00_ce6935c25777/events.out.tfevents.1684558546.ce6935c25777.6825.0"}, {"rfilename": "runs/May20_05-41-44_e0b92734be7e/1684561401.5264304/events.out.tfevents.1684561401.e0b92734be7e.598.1"}, {"rfilename": "runs/May20_05-41-44_e0b92734be7e/events.out.tfevents.1684561401.e0b92734be7e.598.0"}, {"rfilename": "training_args.bin"}], "spaces": [], "createdAt": "2023-05-20T03:48:48.000Z", "inferenceStatus": "not-loaded"}