{"_id": "6460d024604bf8923332a31b", "id": "wa976/ast_5-finetuned-ICBHI", "modelId": "wa976/ast_5-finetuned-ICBHI", "author": "wa976", "sha": "ed075003e1da1407fcf2473c57d73aad187d733d", "lastModified": "2023-05-14T14:50:11.000Z", "private": false, "disabled": false, "gated": false, "pipeline_tag": "audio-classification", "tags": ["transformers", "pytorch", "tensorboard", "audio-spectrogram-transformer", "audio-classification", "generated_from_trainer", "license:bsd-3-clause", "endpoints_compatible", "region:us"], "downloads": 1, "library_name": "transformers", "likes": 0, "model-index": [{"name": "ast_5-finetuned-ICBHI", "results": []}], "config": {"architectures": ["ASTForAudioClassification"], "model_type": "audio-spectrogram-transformer"}, "cardData": {"license": "bsd-3-clause", "tags": ["generated_from_trainer"], "metrics": ["accuracy"], "model-index": [{"name": "ast_5-finetuned-ICBHI", "results": []}]}, "transformersInfo": {"auto_model": "AutoModelForAudioClassification", "pipeline_tag": "audio-classification", "processor": "AutoFeatureExtractor"}, "siblings": [{"rfilename": ".gitattributes"}, {"rfilename": ".gitignore"}, {"rfilename": "README.md"}, {"rfilename": "config.json"}, {"rfilename": "preprocessor_config.json"}, {"rfilename": "pytorch_model.bin"}, {"rfilename": "runs/May14_12-12-04_ba394d5b5770/1684066346.2879143/events.out.tfevents.1684066346.ba394d5b5770.5634.1"}, {"rfilename": "runs/May14_12-12-04_ba394d5b5770/events.out.tfevents.1684066346.ba394d5b5770.5634.0"}, {"rfilename": "runs/May14_12-12-04_ba394d5b5770/events.out.tfevents.1684075790.ba394d5b5770.5634.2"}, {"rfilename": "training_args.bin"}], "spaces": [], "createdAt": "2023-05-14T12:12:20.000Z", "inferenceStatus": "not-loaded"}