{"_id": "6465e9ef3b99ed9970f4f9b3", "id": "wa976/ast_binary_1-finetuned-ICBHI", "modelId": "wa976/ast_binary_1-finetuned-ICBHI", "author": "wa976", "sha": "a8dcb4ab3f5d4d2638139a1e1eefdf6517abb448", "lastModified": "2023-05-18T13:09:07.000Z", "private": false, "disabled": false, "gated": false, "pipeline_tag": "audio-classification", "tags": ["transformers", "pytorch", "tensorboard", "audio-spectrogram-transformer", "audio-classification", "endpoints_compatible", "region:us"], "downloads": 1, "library_name": "transformers", "likes": 0, "config": {"architectures": ["ASTForAudioClassification"], "model_type": "audio-spectrogram-transformer"}, "transformersInfo": {"auto_model": "AutoModelForAudioClassification", "pipeline_tag": "audio-classification", "processor": "AutoFeatureExtractor"}, "siblings": [{"rfilename": ".gitattributes"}, {"rfilename": ".gitignore"}, {"rfilename": "config.json"}, {"rfilename": "preprocessor_config.json"}, {"rfilename": "pytorch_model.bin"}, {"rfilename": "runs/May18_09-01-31_ceb00c821bc4/1684400628.8100243/events.out.tfevents.1684400628.ceb00c821bc4.1762.1"}, {"rfilename": "runs/May18_09-01-31_ceb00c821bc4/events.out.tfevents.1684400628.ceb00c821bc4.1762.0"}, {"rfilename": "runs/May18_11-32-54_45d131e42ee3/1684409698.0818906/events.out.tfevents.1684409698.45d131e42ee3.1484.1"}, {"rfilename": "runs/May18_11-32-54_45d131e42ee3/events.out.tfevents.1684409698.45d131e42ee3.1484.0"}, {"rfilename": "training_args.bin"}], "spaces": [], "createdAt": "2023-05-18T09:03:43.000Z", "inferenceStatus": "not-loaded"}