{"_id": "646670b53b99ed9970ff0c12", "id": "wa976/ast_binary_6-finetuned-ICBHI", "modelId": "wa976/ast_binary_6-finetuned-ICBHI", "author": "wa976", "sha": "fcc94c6cfea3f0c46ab9cbdd7f954c605edc4383", "lastModified": "2023-05-18T20:57:26.000Z", "private": false, "disabled": false, "gated": false, "pipeline_tag": "audio-classification", "tags": ["transformers", "pytorch", "tensorboard", "audio-spectrogram-transformer", "audio-classification", "generated_from_trainer", "license:bsd-3-clause", "endpoints_compatible", "region:us"], "downloads": 3, "library_name": "transformers", "likes": 0, "model-index": [{"name": "ast_binary_6-finetuned-ICBHI", "results": []}], "config": {"architectures": ["ASTForAudioClassification"], "model_type": "audio-spectrogram-transformer"}, "cardData": {"license": "bsd-3-clause", "tags": ["generated_from_trainer"], "metrics": ["accuracy"], "model-index": [{"name": "ast_binary_6-finetuned-ICBHI", "results": []}]}, "transformersInfo": {"auto_model": "AutoModelForAudioClassification", "pipeline_tag": "audio-classification", "processor": "AutoFeatureExtractor"}, "siblings": [{"rfilename": ".gitattributes"}, {"rfilename": ".gitignore"}, {"rfilename": "README.md"}, {"rfilename": "config.json"}, {"rfilename": "preprocessor_config.json"}, {"rfilename": "pytorch_model.bin"}, {"rfilename": "runs/May18_18-38-41_adbdae9bbdd4/1684435131.3069878/events.out.tfevents.1684435131.adbdae9bbdd4.525.11"}, {"rfilename": "runs/May18_18-38-41_adbdae9bbdd4/events.out.tfevents.1684435131.adbdae9bbdd4.525.10"}, {"rfilename": "runs/May18_19-04-23_adbdae9bbdd4/1684436677.1726348/events.out.tfevents.1684436677.adbdae9bbdd4.91300.1"}, {"rfilename": "runs/May18_19-04-23_adbdae9bbdd4/events.out.tfevents.1684436677.adbdae9bbdd4.91300.0"}, {"rfilename": "runs/May18_19-04-23_adbdae9bbdd4/events.out.tfevents.1684443423.adbdae9bbdd4.91300.2"}, {"rfilename": "training_args.bin"}], "spaces": [], "createdAt": "2023-05-18T18:38:45.000Z", "inferenceStatus": "not-loaded"}