{"_id": "646647f7e0fe831b4791badc", "id": "wa976/ast_binary_4-finetuned-ICBHI", "modelId": "wa976/ast_binary_4-finetuned-ICBHI", "author": "wa976", "sha": "0fe13e61ffe6e60373dbd6a8abe86f2608bca843", "lastModified": "2023-05-18T17:09:01.000Z", "private": false, "disabled": false, "gated": false, "pipeline_tag": "audio-classification", "tags": ["transformers", "pytorch", "tensorboard", "audio-spectrogram-transformer", "audio-classification", "endpoints_compatible", "region:us"], "downloads": 1, "library_name": "transformers", "likes": 0, "config": {"architectures": ["ASTForAudioClassification"], "model_type": "audio-spectrogram-transformer"}, "transformersInfo": {"auto_model": "AutoModelForAudioClassification", "pipeline_tag": "audio-classification", "processor": "AutoFeatureExtractor"}, "siblings": [{"rfilename": ".gitattributes"}, {"rfilename": ".gitignore"}, {"rfilename": "config.json"}, {"rfilename": "preprocessor_config.json"}, {"rfilename": "pytorch_model.bin"}, {"rfilename": "runs/May18_15-44-49_adbdae9bbdd4/1684424711.8361752/events.out.tfevents.1684424711.adbdae9bbdd4.525.7"}, {"rfilename": "runs/May18_15-44-49_adbdae9bbdd4/events.out.tfevents.1684424711.adbdae9bbdd4.525.6"}, {"rfilename": "training_args.bin"}], "spaces": [], "createdAt": "2023-05-18T15:44:55.000Z", "inferenceStatus": "not-loaded"}