{"_id": "646734efe92e2372d5c99316", "id": "wa976/ast_17-finetuned-ICBHI", "modelId": "wa976/ast_17-finetuned-ICBHI", "author": "wa976", "sha": "14a9e1f121bc61e274281a05fcc47fc1db360bb5", "lastModified": "2023-05-19T11:10:44.000Z", "private": false, "disabled": false, "gated": false, "pipeline_tag": "audio-classification", "tags": ["transformers", "pytorch", "tensorboard", "audio-spectrogram-transformer", "audio-classification", "endpoints_compatible", "region:us"], "downloads": 2, "library_name": "transformers", "likes": 0, "config": {"architectures": ["ASTForAudioClassification"], "model_type": "audio-spectrogram-transformer"}, "transformersInfo": {"auto_model": "AutoModelForAudioClassification", "pipeline_tag": "audio-classification", "processor": "AutoFeatureExtractor"}, "siblings": [{"rfilename": ".gitattributes"}, {"rfilename": ".gitignore"}, {"rfilename": "config.json"}, {"rfilename": "preprocessor_config.json"}, {"rfilename": "pytorch_model.bin"}, {"rfilename": "runs/May19_08-35-24_1a5e2ea8ac5c/1684485374.835518/events.out.tfevents.1684485374.1a5e2ea8ac5c.6379.8"}, {"rfilename": "runs/May19_08-35-24_1a5e2ea8ac5c/events.out.tfevents.1684485374.1a5e2ea8ac5c.6379.7"}, {"rfilename": "training_args.bin"}], "spaces": [], "createdAt": "2023-05-19T08:35:59.000Z", "inferenceStatus": "not-loaded"}