{"_id": "646116e0a3081fffa05c2a80", "id": "wa976/ast_6-finetuned-ICBHI", "modelId": "wa976/ast_6-finetuned-ICBHI", "author": "wa976", "sha": "6ac8c82558a8910ba9796bd4695736eab2978943", "lastModified": "2023-05-14T20:05:07.000Z", "private": false, "disabled": false, "gated": false, "pipeline_tag": "audio-classification", "tags": ["transformers", "pytorch", "tensorboard", "audio-spectrogram-transformer", "audio-classification", "generated_from_trainer", "license:bsd-3-clause", "endpoints_compatible", "region:us"], "downloads": 3, "library_name": "transformers", "likes": 0, "model-index": [{"name": "ast_6-finetuned-ICBHI", "results": []}], "config": {"architectures": ["ASTForAudioClassification"], "model_type": "audio-spectrogram-transformer"}, "cardData": {"license": "bsd-3-clause", "tags": ["generated_from_trainer"], "metrics": ["accuracy"], "model-index": [{"name": "ast_6-finetuned-ICBHI", "results": []}]}, "transformersInfo": {"auto_model": "AutoModelForAudioClassification", "pipeline_tag": "audio-classification", "processor": "AutoFeatureExtractor"}, "siblings": [{"rfilename": ".gitattributes"}, {"rfilename": ".gitignore"}, {"rfilename": "README.md"}, {"rfilename": "config.json"}, {"rfilename": "preprocessor_config.json"}, {"rfilename": "pytorch_model.bin"}, {"rfilename": "runs/May14_17-13-56_4fc2746d3384/1684084457.0017023/events.out.tfevents.1684084457.4fc2746d3384.4838.1"}, {"rfilename": "runs/May14_17-13-56_4fc2746d3384/events.out.tfevents.1684084456.4fc2746d3384.4838.0"}, {"rfilename": "runs/May14_17-13-56_4fc2746d3384/events.out.tfevents.1684094686.4fc2746d3384.4838.2"}, {"rfilename": "training_args.bin"}], "spaces": [], "createdAt": "2023-05-14T17:14:08.000Z", "inferenceStatus": "not-loaded"}