{"_id": "646a4ffc96cfe72aef7b93b9", "id": "wa976/ast_28-finetuned-ICBHI", "modelId": "wa976/ast_28-finetuned-ICBHI", "author": "wa976", "sha": "4d69aec2b7a17adfabed865c0c44bba5f31378d7", "lastModified": "2023-05-21T22:02:15.000Z", "private": false, "disabled": false, "gated": false, "pipeline_tag": "audio-classification", "tags": ["transformers", "pytorch", "tensorboard", "audio-spectrogram-transformer", "audio-classification", "endpoints_compatible", "region:us"], "downloads": 2, "library_name": "transformers", "likes": 0, "config": {"architectures": ["ASTForAudioClassification"], "model_type": "audio-spectrogram-transformer"}, "transformersInfo": {"auto_model": "AutoModelForAudioClassification", "pipeline_tag": "audio-classification", "processor": "AutoFeatureExtractor"}, "siblings": [{"rfilename": ".gitattributes"}, {"rfilename": ".gitignore"}, {"rfilename": "config.json"}, {"rfilename": "preprocessor_config.json"}, {"rfilename": "pytorch_model.bin"}, {"rfilename": "runs/May21_17-08-01_50d58c08d32e/1684688899.133745/events.out.tfevents.1684688899.50d58c08d32e.31644.8"}, {"rfilename": "runs/May21_17-08-01_50d58c08d32e/events.out.tfevents.1684688899.50d58c08d32e.31644.7"}, {"rfilename": "runs/May21_17-11-12_50d58c08d32e/1684689086.422636/events.out.tfevents.1684689086.50d58c08d32e.112257.1"}, {"rfilename": "runs/May21_17-11-12_50d58c08d32e/1684693166.5946746/events.out.tfevents.1684693166.50d58c08d32e.112257.2"}, {"rfilename": "runs/May21_17-11-12_50d58c08d32e/events.out.tfevents.1684689086.50d58c08d32e.112257.0"}, {"rfilename": "runs/May21_18-19-19_50d58c08d32e/1684693173.7647119/events.out.tfevents.1684693173.50d58c08d32e.112257.4"}, {"rfilename": "runs/May21_18-19-19_50d58c08d32e/events.out.tfevents.1684693173.50d58c08d32e.112257.3"}, {"rfilename": "training_args.bin"}], "spaces": [], "createdAt": "2023-05-21T17:08:12.000Z", "inferenceStatus": "not-loaded"}