{"_id": "6465042fe8e31202cb4e7c1c", "id": "wa976/ast_14-finetuned-ICBHI", "modelId": "wa976/ast_14-finetuned-ICBHI", "author": "wa976", "sha": "eb83a6bf6d7520e758c186f8a9531d6f155b77ab", "lastModified": "2023-05-17T18:02:12.000Z", "private": false, "disabled": false, "gated": false, "pipeline_tag": "audio-classification", "tags": ["transformers", "pytorch", "tensorboard", "audio-spectrogram-transformer", "audio-classification", "endpoints_compatible", "region:us"], "downloads": 3, "library_name": "transformers", "likes": 0, "config": {"architectures": ["ASTForAudioClassification"], "model_type": "audio-spectrogram-transformer"}, "transformersInfo": {"auto_model": "AutoModelForAudioClassification", "pipeline_tag": "audio-classification", "processor": "AutoFeatureExtractor"}, "siblings": [{"rfilename": ".gitattributes"}, {"rfilename": ".gitignore"}, {"rfilename": "config.json"}, {"rfilename": "preprocessor_config.json"}, {"rfilename": "pytorch_model.bin"}, {"rfilename": "runs/May17_16-43-15_82beddc92b93/1684341813.6580665/events.out.tfevents.1684341813.82beddc92b93.41493.1"}, {"rfilename": "runs/May17_16-43-15_82beddc92b93/events.out.tfevents.1684341813.82beddc92b93.41493.0"}, {"rfilename": "training_args.bin"}], "spaces": [], "createdAt": "2023-05-17T16:43:27.000Z", "inferenceStatus": "not-loaded"}