{"_id": "645f76db98464f9fcbfea1c4", "id": "wa976/ast_3-finetuned-ICBHI", "modelId": "wa976/ast_3-finetuned-ICBHI", "author": "wa976", "sha": "d230318ebfe366f40faeaff9a7395efcf62a35ae", "lastModified": "2023-05-13T12:16:13.000Z", "private": false, "disabled": false, "gated": false, "pipeline_tag": "audio-classification", "tags": ["transformers", "pytorch", "tensorboard", "audio-spectrogram-transformer", "audio-classification", "endpoints_compatible", "region:us"], "downloads": 1, "library_name": "transformers", "likes": 0, "config": {"architectures": ["ASTForAudioClassification"], "model_type": "audio-spectrogram-transformer"}, "transformersInfo": {"auto_model": "AutoModelForAudioClassification", "pipeline_tag": "audio-classification", "processor": "AutoFeatureExtractor"}, "siblings": [{"rfilename": ".gitattributes"}, {"rfilename": ".gitignore"}, {"rfilename": "config.json"}, {"rfilename": "preprocessor_config.json"}, {"rfilename": "pytorch_model.bin"}, {"rfilename": "runs/May13_11-38-46_41cf054b76b1/1683977952.5726008/events.out.tfevents.1683977952.41cf054b76b1.4642.1"}, {"rfilename": "runs/May13_11-38-46_41cf054b76b1/events.out.tfevents.1683977952.41cf054b76b1.4642.0"}, {"rfilename": "training_args.bin"}], "spaces": [], "createdAt": "2023-05-13T11:39:07.000Z", "inferenceStatus": "not-loaded"}