{"_id": "646c7313e30444638e080930", "id": "wa976/ast_34-finetuned-ICBHI", "modelId": "wa976/ast_34-finetuned-ICBHI", "author": "wa976", "sha": "e21afa9a0542b2deb04ba87ec5a8b0aac51251de", "lastModified": "2023-05-23T12:20:15.000Z", "private": false, "disabled": false, "gated": false, "pipeline_tag": "audio-classification", "tags": ["transformers", "pytorch", "tensorboard", "audio-spectrogram-transformer", "audio-classification", "endpoints_compatible", "region:us"], "downloads": 8, "library_name": "transformers", "likes": 0, "config": {"architectures": ["ASTForAudioClassification"], "model_type": "audio-spectrogram-transformer"}, "transformersInfo": {"auto_model": "AutoModelForAudioClassification", "pipeline_tag": "audio-classification", "processor": "AutoFeatureExtractor"}, "siblings": [{"rfilename": ".gitattributes"}, {"rfilename": ".gitignore"}, {"rfilename": "config.json"}, {"rfilename": "preprocessor_config.json"}, {"rfilename": "pytorch_model.bin"}, {"rfilename": "runs/May23_08-02-21_46782b7bbecb/1684828952.3782387/events.out.tfevents.1684828952.46782b7bbecb.39196.3"}, {"rfilename": "runs/May23_08-02-21_46782b7bbecb/1684831986.2592883/events.out.tfevents.1684831986.46782b7bbecb.39196.4"}, {"rfilename": "runs/May23_08-02-21_46782b7bbecb/events.out.tfevents.1684828952.46782b7bbecb.39196.2"}, {"rfilename": "runs/May23_09-35-07_46782b7bbecb/1684834521.8781834/events.out.tfevents.1684834521.46782b7bbecb.39196.6"}, {"rfilename": "runs/May23_09-35-07_46782b7bbecb/events.out.tfevents.1684834521.46782b7bbecb.39196.5"}, {"rfilename": "training_args.bin"}], "spaces": [], "createdAt": "2023-05-23T08:02:27.000Z", "inferenceStatus": "not-loaded"}