{"_id": "6466c7a0e65dce8e43314d16", "id": "wa976/ast_binary_7-finetuned-ICBHI", "modelId": "wa976/ast_binary_7-finetuned-ICBHI", "author": "wa976", "sha": "d191743c18f60805a87cf67ab02bbd299aa62b19", "lastModified": "2023-05-19T05:29:29.000Z", "private": false, "disabled": false, "gated": false, "pipeline_tag": "audio-classification", "tags": ["transformers", "pytorch", "tensorboard", "audio-spectrogram-transformer", "audio-classification", "generated_from_trainer", "license:bsd-3-clause", "endpoints_compatible", "region:us"], "downloads": 4, "library_name": "transformers", "likes": 0, "model-index": [{"name": "ast_binary_7-finetuned-ICBHI", "results": []}], "config": {"architectures": ["ASTForAudioClassification"], "model_type": "audio-spectrogram-transformer"}, "cardData": {"license": "bsd-3-clause", "tags": ["generated_from_trainer"], "metrics": ["accuracy"], "model-index": [{"name": "ast_binary_7-finetuned-ICBHI", "results": []}]}, "transformersInfo": {"auto_model": "AutoModelForAudioClassification", "pipeline_tag": "audio-classification", "processor": "AutoFeatureExtractor"}, "siblings": [{"rfilename": ".gitattributes"}, {"rfilename": ".gitignore"}, {"rfilename": "README.md"}, {"rfilename": "config.json"}, {"rfilename": "preprocessor_config.json"}, {"rfilename": "pytorch_model.bin"}, {"rfilename": "runs/May19_00-48-40_ec2800074fc4/1684457383.518402/events.out.tfevents.1684457383.ec2800074fc4.2084.1"}, {"rfilename": "runs/May19_00-48-40_ec2800074fc4/events.out.tfevents.1684457383.ec2800074fc4.2084.0"}, {"rfilename": "runs/May19_03-31-13_1a5e2ea8ac5c/1684467171.9509177/events.out.tfevents.1684467171.1a5e2ea8ac5c.6379.1"}, {"rfilename": "runs/May19_03-31-13_1a5e2ea8ac5c/events.out.tfevents.1684467171.1a5e2ea8ac5c.6379.0"}, {"rfilename": "runs/May19_03-31-13_1a5e2ea8ac5c/events.out.tfevents.1684474145.1a5e2ea8ac5c.6379.2"}, {"rfilename": "training_args.bin"}], "spaces": [], "createdAt": "2023-05-19T00:49:36.000Z", "inferenceStatus": "not-loaded"}