{"_id": "660d2b2865ace2439db41319", "id": "waadarsh/stableLM_finetuned_magnite_Adapter_1", "modelId": "waadarsh/stableLM_finetuned_magnite_Adapter_1", "author": "waadarsh", "sha": "e4814c63271604d127bbab2009c5164aede046f5", "lastModified": "2024-04-03T10:12:24.000Z", "private": false, "disabled": false, "gated": false, "tags": ["peft", "safetensors", "trl", "sft", "generated_from_trainer", "base_model:stabilityai/stablelm-zephyr-3b", "license:other", "region:us"], "downloads": 0, "library_name": "peft", "likes": 0, "model-index": [{"name": "stableLM_finetuned_magnite_Adapter_1", "results": []}], "config": {"tokenizer_config": {"bos_token": "<|endoftext|>", "chat_template": "{% for message in messages %}\n{% if message['role'] == 'user' %}\n{{ '<|user|>\n' + message['content'] + eos_token }}\n{% elif message['role'] == 'system' %}\n{{ '<|system|>\n' + message['content'] + eos_token }}\n{% elif message['role'] == 'assistant' %}\n{{ '<|assistant|>\n'  + message['content'] + eos_token }}\n{% endif %}\n{% if loop.last and add_generation_prompt %}\n{{ '<|assistant|>' }}\n{% endif %}\n{% endfor %}", "eos_token": "<|endoftext|>", "pad_token": "<|endoftext|>", "unk_token": "<|endoftext|>"}, "peft": {"base_model_name_or_path": "stabilityai/stablelm-zephyr-3b", "task_type": "CAUSAL_LM"}}, "cardData": {"license": "other", "library_name": "peft", "tags": ["trl", "sft", "generated_from_trainer"], "base_model": "stabilityai/stablelm-zephyr-3b", "model-index": [{"name": "stableLM_finetuned_magnite_Adapter_1", "results": []}]}, "siblings": [{"rfilename": ".gitattributes"}, {"rfilename": "README.md"}, {"rfilename": "adapter_config.json"}, {"rfilename": "adapter_model.safetensors"}, {"rfilename": "special_tokens_map.json"}, {"rfilename": "tokenizer.json"}, {"rfilename": "tokenizer_config.json"}, {"rfilename": "training_args.bin"}], "spaces": [], "createdAt": "2024-04-03T10:10:48.000Z", "inferenceStatus": "not-loaded"}