{"_id": "65d897781bbb5a6aaadcb6db", "id": "WaadSairolaas/Tiny-Assembely", "modelId": "WaadSairolaas/Tiny-Assembely", "author": "WaadSairolaas", "sha": "a12a31551d2e3e36c25de46482a2430e70420aca", "lastModified": "2024-02-23T13:21:09.000Z", "private": false, "disabled": false, "gated": false, "tags": ["peft", "pytorch", "safetensors", "llama", "arxiv:1910.09700", "base_model:cognitivecomputations/TinyDolphin-2.8-1.1b", "region:us"], "downloads": 0, "library_name": "peft", "likes": 0, "model-index": null, "config": {"architectures": ["LlamaForCausalLM"], "model_type": "llama", "tokenizer_config": {"bos_token": "<s>", "eos_token": "<|im_end|>", "pad_token": "</s>", "unk_token": "<unk>", "use_default_system_prompt": false}, "peft": {"base_model_name_or_path": "cognitivecomputations/TinyDolphin-2.8-1.1b", "task_type": "CAUSAL_LM"}}, "cardData": {"library_name": "peft", "base_model": "cognitivecomputations/TinyDolphin-2.8-1.1b"}, "siblings": [{"rfilename": ".gitattributes"}, {"rfilename": "README.md"}, {"rfilename": "adapter_config.json"}, {"rfilename": "adapter_model.safetensors"}, {"rfilename": "added_tokens.json"}, {"rfilename": "config.json"}, {"rfilename": "generation_config.json"}, {"rfilename": "optimizer.pt"}, {"rfilename": "pytorch_model.bin"}, {"rfilename": "rng_state.pth"}, {"rfilename": "scheduler.pt"}, {"rfilename": "special_tokens_map.json"}, {"rfilename": "tokenizer.json"}, {"rfilename": "tokenizer.model"}, {"rfilename": "tokenizer_config.json"}, {"rfilename": "trainer_state.json"}, {"rfilename": "training_args.bin"}], "spaces": [], "createdAt": "2024-02-23T13:02:48.000Z", "inferenceStatus": "not-loaded"}