{"_id": "65f6c63c4dd45806ec544b87", "id": "waadarsh/magnite-lora", "modelId": "waadarsh/magnite-lora", "author": "waadarsh", "sha": "179e262bc3dd28fb169e9956d6927439f63595d9", "lastModified": "2024-03-17T10:47:31.000Z", "private": false, "disabled": false, "gated": false, "pipeline_tag": "text-to-image", "tags": ["diffusers", "text-to-image", "diffusers-training", "lora", "template:sd-lora", "playground", "playground-diffusers", "base_model:playgroundai/playground-v2.5-1024px-aesthetic", "license:other", "region:us"], "downloads": 17, "library_name": "diffusers", "widgetData": [{"text": "a black and white photo of sks nissan magnite", "output": {"url": "https://huggingface.co/waadarsh/magnite-lora/resolve/main/image_0.png"}}, {"text": "a black and white photo of sks nissan magnite", "output": {"url": "https://huggingface.co/waadarsh/magnite-lora/resolve/main/image_1.png"}}, {"text": "a black and white photo of sks nissan magnite", "output": {"url": "https://huggingface.co/waadarsh/magnite-lora/resolve/main/image_2.png"}}, {"text": "a black and white photo of sks nissan magnite", "output": {"url": "https://huggingface.co/waadarsh/magnite-lora/resolve/main/image_3.png"}}], "likes": 0, "model-index": null, "cardData": {"license": "other", "library_name": "diffusers", "tags": ["text-to-image", "text-to-image", "diffusers-training", "diffusers", "lora", "template:sd-lora", "playground", "playground-diffusers"], "base_model": "playgroundai/playground-v2.5-1024px-aesthetic", "instance_prompt": "a photo of sks nissan magnite", "widget": [{"text": "a black and white photo of sks nissan magnite", "output": {"url": "https://huggingface.co/waadarsh/magnite-lora/resolve/main/image_0.png"}}, {"text": "a black and white photo of sks nissan magnite", "output": {"url": "https://huggingface.co/waadarsh/magnite-lora/resolve/main/image_1.png"}}, {"text": "a black and white photo of sks nissan magnite", "output": {"url": "https://huggingface.co/waadarsh/magnite-lora/resolve/main/image_2.png"}}, {"text": "a black and white photo of sks nissan magnite", "output": {"url": "https://huggingface.co/waadarsh/magnite-lora/resolve/main/image_3.png"}}]}, "siblings": [{"rfilename": ".gitattributes"}, {"rfilename": "README.md"}, {"rfilename": "image_0.png"}, {"rfilename": "image_1.png"}, {"rfilename": "image_2.png"}, {"rfilename": "image_3.png"}, {"rfilename": "pytorch_lora_weights.safetensors"}], "spaces": [], "createdAt": "2024-03-17T10:30:20.000Z", "inferenceStatus": "not-loaded"}