{"_id": "6603abbbbcfbd3029b93fc9a", "id": "waadarsh/mistral_7b_magnite_finetuned-GGUF", "modelId": "waadarsh/mistral_7b_magnite_finetuned-GGUF", "author": "waadarsh", "sha": "4cd3d910635dc5b664af263d53d10958eadbd2a2", "lastModified": "2024-03-27T05:49:26.000Z", "private": false, "disabled": false, "gated": false, "pipeline_tag": "text-generation", "tags": ["gguf", "finetuned", "text-generation", "en", "dataset:waadarsh/magnite-dataset", "base_model:waadarsh/mistral_7b_magnite_finetuned", "license:apache-2.0", "region:us"], "downloads": 37, "widgetData": [{"text": "My name is Julien and I like to"}, {"text": "My name is Thomas and my main"}, {"text": "My name is Mariama, my favorite"}, {"text": "My name is Clara and I am"}, {"text": "My name is Lewis and I like to"}, {"text": "My name is Merve and my favorite"}, {"text": "My name is Teven and I am"}, {"text": "Once upon a time,"}], "likes": 0, "model-index": null, "cardData": {"base_model": "waadarsh/mistral_7b_magnite_finetuned", "inference": false, "license": "apache-2.0", "model_creator": "Mistral AI", "model_name": "mistral_7b_magnite_finetuned", "model_type": "mistral", "pipeline_tag": "text-generation", "prompt_template": "<s>[INST]{prompt} [/INST]\n", "quantized_by": "waadarsh", "tags": ["finetuned"], "datasets": ["waadarsh/magnite-dataset"], "language": ["en"]}, "siblings": [{"rfilename": ".gitattributes"}, {"rfilename": "README.md"}, {"rfilename": "mistral_7b_magnite_finetuned.Q4_K_M.gguf"}, {"rfilename": "mistral_7b_magnite_finetuned.Q5_K_M.gguf"}], "spaces": [], "createdAt": "2024-03-27T05:16:43.000Z", "inferenceStatus": "not-loaded"}