{"_id": "652a528c1ef9983c6dffedd5", "id": "waboucay/xlm-roberta-longformer-base-4096-repnum_wl-rua_wl_3_classes", "modelId": "waboucay/xlm-roberta-longformer-base-4096-repnum_wl-rua_wl_3_classes", "author": "waboucay", "sha": "45419df800dc7a1fa628a38f87dde7c1158605d0", "lastModified": "2023-10-14T09:09:47.000Z", "private": false, "disabled": false, "gated": false, "pipeline_tag": "text-classification", "tags": ["transformers", "pytorch", "xlm-roberta", "text-classification", "nli", "fr", "autotrain_compatible", "endpoints_compatible", "region:us"], "downloads": 3, "library_name": "transformers", "mask_token": "<mask>", "widgetData": [{"text": "Je t'appr\u00e9cie beaucoup. Je t'aime."}], "likes": 0, "model-index": null, "config": {"architectures": ["XLMRobertaForSequenceClassification"], "model_type": "xlm-roberta", "tokenizer_config": {"bos_token": "<s>", "eos_token": "</s>", "sep_token": "</s>", "cls_token": "<s>", "unk_token": "<unk>", "pad_token": "<pad>", "mask_token": {"content": "<mask>", "single_word": false, "lstrip": true, "rstrip": false, "normalized": true, "__type": "AddedToken"}}}, "cardData": {"language": ["fr"], "tags": ["nli"], "metrics": ["f1"]}, "transformersInfo": {"auto_model": "AutoModelForSequenceClassification", "pipeline_tag": "text-classification", "processor": "AutoTokenizer"}, "siblings": [{"rfilename": ".gitattributes"}, {"rfilename": "README.md"}, {"rfilename": "config.json"}, {"rfilename": "pytorch_model.bin"}, {"rfilename": "sentencepiece.bpe.model"}, {"rfilename": "special_tokens_map.json"}, {"rfilename": "tokenizer_config.json"}, {"rfilename": "training_args.bin"}], "spaces": [], "createdAt": "2023-10-14T08:34:20.000Z", "inferenceStatus": "not-loaded"}