{"_id": "662b79a5c7dc585943faca79", "id": "waboucay/bart-base-simplification-wikilarge-original", "modelId": "waboucay/bart-base-simplification-wikilarge-original", "author": "waboucay", "sha": "956f7084a828ebe704d9c0673e197acf7d6d99f9", "lastModified": "2024-04-26T09:56:23.000Z", "private": false, "disabled": false, "gated": false, "pipeline_tag": "text2text-generation", "tags": ["transformers", "safetensors", "bart", "text2text-generation", "sentence-simplification", "en", "autotrain_compatible", "endpoints_compatible", "region:us"], "downloads": 3, "library_name": "transformers", "mask_token": "<mask>", "likes": 1, "model-index": null, "config": {"architectures": ["BartForConditionalGeneration"], "model_type": "bart", "tokenizer_config": {"bos_token": "<s>", "cls_token": "<s>", "eos_token": "</s>", "mask_token": "<mask>", "pad_token": "<pad>", "sep_token": "</s>", "unk_token": "<unk>"}}, "cardData": {"language": ["en"], "tags": ["sentence-simplification"], "metrics": ["sari", "bleu"], "pipeline_tag": "text2text-generation"}, "transformersInfo": {"auto_model": "AutoModelForSeq2SeqLM", "pipeline_tag": "text2text-generation", "processor": "AutoTokenizer"}, "siblings": [{"rfilename": ".gitattributes"}, {"rfilename": "README.md"}, {"rfilename": "config.json"}, {"rfilename": "generation_config.json"}, {"rfilename": "merges.txt"}, {"rfilename": "model.safetensors"}, {"rfilename": "special_tokens_map.json"}, {"rfilename": "tokenizer.json"}, {"rfilename": "tokenizer_config.json"}, {"rfilename": "training_args.bin"}, {"rfilename": "vocab.json"}], "spaces": [], "createdAt": "2024-04-26T09:53:41.000Z", "safetensors": {"parameters": {"F32": 139470681}, "total": 139470681}, "inferenceStatus": "not-loaded"}