{"_id": "6403db19723a03e626e6c016", "id": "Wabole/elmolux", "modelId": "Wabole/elmolux", "author": "Wabole", "sha": "15fee30c18e98e2964a72a03cb1abf57bac3c2b7", "lastModified": "2023-03-04T23:58:17.000Z", "private": false, "disabled": false, "gated": false, "tags": ["license:openrail", "region:us"], "downloads": 0, "likes": 0, "model-index": null, "cardData": {"license": "openrail"}, "siblings": [{"rfilename": ".gitattributes"}, {"rfilename": "README.md"}], "spaces": [], "createdAt": "2023-03-04T23:58:17.000Z", "inferenceStatus": "not-loaded"}