{"_id": "62b022d29b072cfd3c93b4e9", "id": "waboucay/camembert-large-finetuned-repnum_wl-rua_wl_3_classes", "modelId": "waboucay/camembert-large-finetuned-repnum_wl-rua_wl_3_classes", "author": "waboucay", "sha": "b1c348d2270b74ce091266a3556be7e69e113b72", "lastModified": "2022-06-20T07:41:39.000Z", "private": false, "disabled": false, "gated": false, "pipeline_tag": "text-classification", "tags": ["transformers", "pytorch", "camembert", "text-classification", "nli", "fr", "autotrain_compatible", "endpoints_compatible", "region:us"], "downloads": 4, "library_name": "transformers", "mask_token": "<mask>", "widgetData": [{"text": "Je t'appr\u00e9cie beaucoup. Je t'aime."}], "likes": 0, "model-index": null, "config": {"architectures": ["CamembertForSequenceClassification"], "model_type": "camembert", "tokenizer_config": {"bos_token": "<s>", "eos_token": "</s>", "sep_token": "</s>", "cls_token": "<s>", "unk_token": "<unk>", "pad_token": "<pad>", "mask_token": {"content": "<mask>", "single_word": false, "lstrip": true, "rstrip": false, "normalized": true, "__type": "AddedToken"}}}, "cardData": {"language": ["fr"], "tags": ["nli"], "metrics": ["f1"]}, "transformersInfo": {"auto_model": "AutoModelForSequenceClassification", "pipeline_tag": "text-classification", "processor": "AutoTokenizer"}, "siblings": [{"rfilename": ".gitattributes"}, {"rfilename": "README.md"}, {"rfilename": "config.json"}, {"rfilename": "pytorch_model.bin"}, {"rfilename": "sentencepiece.bpe.model"}, {"rfilename": "special_tokens_map.json"}, {"rfilename": "tokenizer.json"}, {"rfilename": "tokenizer_config.json"}, {"rfilename": "training_args.bin"}], "spaces": [], "createdAt": "2022-06-20T07:33:38.000Z", "inferenceStatus": "not-loaded"}