{"_id": "66335bc4fd5dde9237bd89fa", "id": "waboucay/bart-large-simplification-wikilarge-original-penalized", "modelId": "waboucay/bart-large-simplification-wikilarge-original-penalized", "author": "waboucay", "sha": "8bc230a4311a0666e43930db87aeadb14ac92789", "lastModified": "2024-05-02T09:25:34.000Z", "private": false, "disabled": false, "gated": false, "pipeline_tag": "text2text-generation", "tags": ["transformers", "safetensors", "bart", "text2text-generation", "sentence-simplification", "en", "autotrain_compatible", "endpoints_compatible", "region:us"], "downloads": 1, "library_name": "transformers", "mask_token": "<mask>", "likes": 0, "model-index": null, "config": {"architectures": ["BartForConditionalGeneration"], "model_type": "bart", "tokenizer_config": {"bos_token": "<s>", "cls_token": "<s>", "eos_token": "</s>", "mask_token": "<mask>", "pad_token": "<pad>", "sep_token": "</s>", "unk_token": "<unk>"}}, "cardData": {"language": ["en"], "tags": ["sentence-simplification"], "metrics": ["sari", "bleu"], "pipeline_tag": "text2text-generation"}, "transformersInfo": {"auto_model": "AutoModelForSeq2SeqLM", "pipeline_tag": "text2text-generation", "processor": "AutoTokenizer"}, "siblings": [{"rfilename": ".gitattributes"}, {"rfilename": "README.md"}, {"rfilename": "config.json"}, {"rfilename": "generation_config.json"}, {"rfilename": "merges.txt"}, {"rfilename": "model.safetensors"}, {"rfilename": "special_tokens_map.json"}, {"rfilename": "tokenizer.json"}, {"rfilename": "tokenizer_config.json"}, {"rfilename": "training_args.bin"}, {"rfilename": "vocab.json"}], "spaces": [], "createdAt": "2024-05-02T09:24:20.000Z", "safetensors": {"parameters": {"F32": 406341721}, "total": 406341721}, "inferenceStatus": "not-loaded"}