{"_id": "658ad0f21a576242ef6315c5", "id": "wac81/toy_retnet_1.3b", "modelId": "wac81/toy_retnet_1.3b", "author": "wac81", "sha": "a78806eae6a176ea4a692da2a6e6d510ceb72a70", "lastModified": "2023-12-27T02:37:55.000Z", "private": false, "disabled": false, "gated": false, "pipeline_tag": "fill-mask", "tags": ["transformers", "pytorch", "retnet", "fill-mask", "arxiv:2307.08621", "autotrain_compatible", "endpoints_compatible", "region:us"], "downloads": 0, "library_name": "transformers", "widgetData": [{"text": "Paris is the <mask> of France."}, {"text": "The goal of life is <mask>."}], "likes": 0, "config": {"architectures": ["RetNetModelWithLMHead"], "model_type": "retnet", "tokenizer_config": {"bos_token": {"__type": "AddedToken", "content": "<s>", "lstrip": false, "normalized": true, "rstrip": false, "single_word": false}, "eos_token": {"__type": "AddedToken", "content": "</s>", "lstrip": false, "normalized": true, "rstrip": false, "single_word": false}, "pad_token": null, "unk_token": {"__type": "AddedToken", "content": "<unk>", "lstrip": false, "normalized": true, "rstrip": false, "single_word": false}}}, "transformersInfo": {"auto_model": "AutoModelWithLMHead", "pipeline_tag": "fill-mask"}, "siblings": [{"rfilename": ".gitattributes"}, {"rfilename": "LICENSE"}, {"rfilename": "README.md"}, {"rfilename": "config.json"}, {"rfilename": "generation_config.json"}, {"rfilename": "pytorch_model.bin"}, {"rfilename": "rng_state.pth"}, {"rfilename": "scheduler.pt"}, {"rfilename": "special_tokens_map.json"}, {"rfilename": "tokenizer.model"}, {"rfilename": "tokenizer_config.json"}, {"rfilename": "trainer_state.json"}, {"rfilename": "training_args.bin"}], "spaces": [], "createdAt": "2023-12-26T13:11:14.000Z", "inferenceStatus": "not-loaded"}