{"_id": "64c39523007b906a75a73daa", "id": "wachirachris4/finetuned-Sentiment-classfication-BERT-model1", "modelId": "wachirachris4/finetuned-Sentiment-classfication-BERT-model1", "author": "wachirachris4", "sha": "d34950dada7112cff1963b87c1578267a2d9ce8c", "lastModified": "2023-07-28T10:14:59.000Z", "private": false, "disabled": false, "gated": false, "tags": ["license:openrail", "region:us"], "downloads": 0, "likes": 0, "model-index": null, "cardData": {"license": "openrail"}, "siblings": [{"rfilename": ".gitattributes"}, {"rfilename": "README.md"}], "spaces": [], "createdAt": "2023-07-28T10:14:59.000Z", "inferenceStatus": "not-loaded"}