{"_id": "65d21652244b552be03e6dbe", "id": "Wachke/Ss", "modelId": "Wachke/Ss", "author": "Wachke", "sha": "debcbbc4aa205a549c0f3cd63dffffdc06e5035c", "lastModified": "2024-02-18T14:38:10.000Z", "private": false, "disabled": false, "gated": false, "tags": ["license:apache-2.0", "region:us"], "downloads": 0, "likes": 0, "model-index": null, "cardData": {"license": "apache-2.0"}, "siblings": [{"rfilename": ".gitattributes"}, {"rfilename": "README.md"}], "spaces": [], "createdAt": "2024-02-18T14:38:10.000Z", "inferenceStatus": "not-loaded"}