{"_id": "64c90d733d5a0dfed5cdd569", "id": "wachirachris4/finetuned-Sentiment-classfication-XLNet-model", "modelId": "wachirachris4/finetuned-Sentiment-classfication-XLNet-model", "author": "wachirachris4", "sha": "ff8ced4c1e4989d3b9a3e21794697aa3f0d5d265", "lastModified": "2023-08-01T13:49:39.000Z", "private": false, "disabled": false, "gated": false, "tags": ["license:openrail", "region:us"], "downloads": 0, "likes": 0, "model-index": null, "cardData": {"license": "openrail"}, "siblings": [{"rfilename": ".gitattributes"}, {"rfilename": "README.md"}], "spaces": [], "createdAt": "2023-08-01T13:49:39.000Z", "inferenceStatus": "not-loaded"}