{"_id": "66435d3fd78450899aa4414f", "id": "Wacim-octo/corgy_factory_LoRA", "modelId": "Wacim-octo/corgy_factory_LoRA", "author": "Wacim-octo", "sha": "467b1ccea638b76560cbf8168a5d5e21d7544f7d", "lastModified": "2024-05-14T12:55:49.000Z", "private": false, "disabled": false, "gated": false, "pipeline_tag": "text-to-image", "tags": ["diffusers", "text-to-image", "diffusers-training", "dora", "template:sd-lora", "stable-diffusion-xl", "stable-diffusion-xl-diffusers", "base_model:stabilityai/stable-diffusion-xl-base-1.0", "license:openrail++", "region:us"], "downloads": 0, "library_name": "diffusers", "widgetData": [], "likes": 0, "model-index": null, "cardData": {"license": "openrail++", "library_name": "diffusers", "tags": ["text-to-image", "diffusers-training", "diffusers", "dora", "template:sd-lora", "stable-diffusion-xl", "stable-diffusion-xl-diffusers", "text-to-image", "text-to-image", "diffusers-training", "diffusers", "dora", "template:sd-lora", "stable-diffusion-xl", "stable-diffusion-xl-diffusers"], "base_model": "stabilityai/stable-diffusion-xl-base-1.0", "instance_prompt": "a photo of a factury", "widget": []}, "siblings": [{"rfilename": ".gitattributes"}, {"rfilename": "README.md"}], "spaces": [], "createdAt": "2024-05-14T12:46:55.000Z", "inferenceStatus": "not-loaded"}