{"_id": "66434e5ea188ba2aab82027f", "id": "Wacim-octo/corgy_dog_LoRA", "modelId": "Wacim-octo/corgy_dog_LoRA", "author": "Wacim-octo", "sha": "3d8949b67cf472b8c9e3489728806a1776df05e5", "lastModified": "2024-05-14T12:42:08.000Z", "private": false, "disabled": false, "gated": false, "pipeline_tag": "text-to-image", "tags": ["diffusers", "text-to-image", "diffusers-training", "dora", "template:sd-lora", "stable-diffusion-xl", "stable-diffusion-xl-diffusers", "base_model:stabilityai/stable-diffusion-xl-base-1.0", "license:openrail++", "region:us"], "downloads": 0, "library_name": "diffusers", "widgetData": [], "likes": 0, "model-index": null, "cardData": {"license": "openrail++", "library_name": "diffusers", "tags": ["text-to-image", "diffusers-training", "diffusers", "dora", "template:sd-lora", "stable-diffusion-xl", "stable-diffusion-xl-diffusers", "text-to-image", "text-to-image", "diffusers-training", "diffusers", "dora", "template:sd-lora", "stable-diffusion-xl", "stable-diffusion-xl-diffusers"], "base_model": "stabilityai/stable-diffusion-xl-base-1.0", "instance_prompt": "a photo of a factury", "widget": []}, "siblings": [{"rfilename": ".gitattributes"}, {"rfilename": "README.md"}], "spaces": [], "createdAt": "2024-05-14T11:43:26.000Z", "inferenceStatus": "not-loaded"}