{"_id": "63fec9357a7f94a38aea3d88", "id": "waddy11/stablediffusion", "modelId": "waddy11/stablediffusion", "author": "waddy11", "sha": "3d2883bbc8c7a6616b18c0830cd769cf825c2387", "lastModified": "2023-08-20T05:05:45.000Z", "private": false, "disabled": false, "gated": false, "tags": ["region:us"], "downloads": 0, "likes": 0, "siblings": [{"rfilename": ".gitattributes"}, {"rfilename": "lora/Japanese-doll-likeness.safetensors"}, {"rfilename": "lora/Korean-doll-likeness.safetensors"}, {"rfilename": "lora/Taiwan-doll-likeness.safetensors"}, {"rfilename": "lora/boldline.safetensors"}, {"rfilename": "lora/flat2.safetensors"}, {"rfilename": "lora/outline.safetensors"}, {"rfilename": "lora/russianDollLikeness.safetensors"}, {"rfilename": "models/chikmix2d_V1.ckpt"}, {"rfilename": "models/chikmix_V2.safetensors"}, {"rfilename": "models/chilloutmix_NiPrunedFp32Fix.safetensors"}, {"rfilename": "models/ghostmix_v20Bakedvae.safetensors"}, {"rfilename": "models/meinahentai_v21.safetensors"}, {"rfilename": "models/urpmv13.safetensors"}], "spaces": [], "createdAt": "2023-03-01T03:40:37.000Z", "inferenceStatus": "not-loaded"}