{"_id": "6617d094a7f8bb5a9894f99b", "id": "waddledee/bertforsequenceclassification_news_title_classification", "modelId": "waddledee/bertforsequenceclassification_news_title_classification", "author": "waddledee", "sha": "6853653d1ff90ea213a4323e4e2b1cb1ca33bad3", "lastModified": "2024-04-11T12:01:37.000Z", "private": false, "disabled": false, "gated": false, "pipeline_tag": "text-classification", "tags": ["transformers", "safetensors", "bert", "text-classification", "autotrain_compatible", "endpoints_compatible", "region:us"], "downloads": 3, "library_name": "transformers", "mask_token": "[MASK]", "widgetData": [{"text": "I like you. I love you"}], "likes": 0, "config": {"architectures": ["BertForSequenceClassification"], "model_type": "bert", "tokenizer_config": {"cls_token": "[CLS]", "mask_token": "[MASK]", "pad_token": "[PAD]", "sep_token": "[SEP]", "unk_token": "[UNK]"}}, "transformersInfo": {"auto_model": "AutoModelForSequenceClassification", "pipeline_tag": "text-classification", "processor": "AutoTokenizer"}, "siblings": [{"rfilename": ".gitattributes"}, {"rfilename": "config.json"}, {"rfilename": "model.safetensors"}, {"rfilename": "special_tokens_map.json"}, {"rfilename": "tokenizer_config.json"}, {"rfilename": "training_args.bin"}, {"rfilename": "vocab.txt"}], "spaces": [], "createdAt": "2024-04-11T11:59:16.000Z", "safetensors": {"parameters": {"F32": 110624265}, "total": 110624265}, "inferenceStatus": "not-loaded"}