{"_id": "64b79d8ef72c6cd946db3c04", "id": "waddy11/realistic-vision", "modelId": "waddy11/realistic-vision", "author": "waddy11", "sha": "c1650ae347cc01d5f5280f62317518ebd1e3672a", "lastModified": "2023-07-19T08:27:28.000Z", "private": false, "disabled": false, "gated": false, "tags": ["region:us"], "downloads": 0, "likes": 0, "siblings": [{"rfilename": ".gitattributes"}, {"rfilename": "realisticVisionV40_v40VAE.safetensors"}], "spaces": [], "createdAt": "2023-07-19T08:23:42.000Z", "inferenceStatus": "not-loaded"}