{"_id": "65fa555f691908ca8fcaedeb", "id": "waddie/unit1", "modelId": "waddie/unit1", "author": "waddie", "sha": "a311fd2f12cd3474fd1de9aa18d072459bbbc7bb", "lastModified": "2024-03-20T03:18:30.000Z", "private": false, "disabled": false, "gated": false, "pipeline_tag": "reinforcement-learning", "tags": ["stable-baselines3", "LunarLander-v2", "deep-reinforcement-learning", "reinforcement-learning", "model-index", "region:us"], "downloads": 1, "library_name": "stable-baselines3", "likes": 0, "model-index": [{"name": "PPO", "results": [{"task": {"type": "reinforcement-learning", "name": "reinforcement-learning"}, "dataset": {"name": "LunarLander-v2", "type": "LunarLander-v2"}, "metrics": [{"type": "mean_reward", "value": "-69.69 +/- 27.21", "name": "mean_reward", "verified": false}]}]}], "config": {}, "cardData": {"library_name": "stable-baselines3", "tags": ["LunarLander-v2", "deep-reinforcement-learning", "reinforcement-learning", "stable-baselines3"], "model-index": [{"name": "PPO", "results": [{"task": {"type": "reinforcement-learning", "name": "reinforcement-learning"}, "dataset": {"name": "LunarLander-v2", "type": "LunarLander-v2"}, "metrics": [{"type": "mean_reward", "value": "-69.69 +/- 27.21", "name": "mean_reward", "verified": false}]}]}]}, "siblings": [{"rfilename": ".gitattributes"}, {"rfilename": "README.md"}, {"rfilename": "config.json"}, {"rfilename": "ppo-LunarLander-v2.zip"}, {"rfilename": "ppo-LunarLander-v2/_stable_baselines3_version"}, {"rfilename": "ppo-LunarLander-v2/data"}, {"rfilename": "ppo-LunarLander-v2/policy.optimizer.pth"}, {"rfilename": "ppo-LunarLander-v2/policy.pth"}, {"rfilename": "ppo-LunarLander-v2/pytorch_variables.pth"}, {"rfilename": "ppo-LunarLander-v2/system_info.txt"}, {"rfilename": "replay.mp4"}, {"rfilename": "results.json"}], "spaces": [], "createdAt": "2024-03-20T03:17:51.000Z", "inferenceStatus": "not-loaded"}