{"_id": "6661ac2a02a5e5f43781325c", "id": "wadecc/Wat2c", "modelId": "wadecc/Wat2c", "author": "wadecc", "sha": "e7e740ea819fedbc7da19b7a22f82b4b2c049a90", "lastModified": "2024-06-08T00:57:20.000Z", "private": false, "disabled": false, "gated": false, "tags": ["safetensors", "region:us"], "downloads": 0, "likes": 0, "config": {"tokenizer_config": {"bos_token": "<s>", "eos_token": "</s>", "pad_token": "<unk>", "unk_token": "<unk>", "use_default_system_prompt": false}}, "siblings": [{"rfilename": ".gitattributes"}, {"rfilename": "README.md"}, {"rfilename": "adapter_config.json"}, {"rfilename": "adapter_model.safetensors"}, {"rfilename": "special_tokens_map.json"}, {"rfilename": "tokenizer.json"}, {"rfilename": "tokenizer.model"}, {"rfilename": "tokenizer_config.json"}], "spaces": [], "createdAt": "2024-06-06T12:31:38.000Z", "inferenceStatus": "not-loaded"}