{"_id": "64958b8cfcbb6bdbdb027ec2", "id": "Wade007/colab", "modelId": "Wade007/colab", "author": "Wade007", "sha": "dc13d8d22146a0f3ffdb80c40ba3982384ee5860", "lastModified": "2023-06-23T12:23:24.000Z", "private": false, "disabled": false, "gated": false, "tags": ["license:creativeml-openrail-m", "region:us"], "downloads": 0, "likes": 0, "model-index": null, "cardData": {"license": "creativeml-openrail-m"}, "siblings": [{"rfilename": ".gitattributes"}, {"rfilename": "README.md"}, {"rfilename": "dddetailer.zip"}, {"rfilename": "embeddings.zip"}, {"rfilename": "microsoftexcel-images-browser.zip"}, {"rfilename": "microsoftexcel.zip"}, {"rfilename": "microsoftexcel131.zip"}, {"rfilename": "microsoftexceltest.zip"}, {"rfilename": "sd-webui-test.zip"}, {"rfilename": "sd-webui-test2.zip"}, {"rfilename": "sd-webui.zip"}, {"rfilename": "upscalers.zip"}], "spaces": [], "createdAt": "2023-06-23T12:09:48.000Z", "inferenceStatus": "not-loaded"}