{"_id": "65e0b1de7c31efe03748701f", "id": "wadhwani-ai/vakhyansh_en_wav2vec2_copy", "modelId": "wadhwani-ai/vakhyansh_en_wav2vec2_copy", "author": "wadhwani-ai", "sha": "156e117267ff80d228233014b006829d3c1a2c10", "lastModified": "2024-02-29T16:38:32.000Z", "private": false, "disabled": false, "gated": false, "pipeline_tag": "automatic-speech-recognition", "tags": ["transformers", "safetensors", "wav2vec2", "automatic-speech-recognition", "license:apache-2.0", "endpoints_compatible", "region:us"], "downloads": 23, "library_name": "transformers", "likes": 0, "model-index": null, "config": {"architectures": ["Wav2Vec2ForCTC"], "model_type": "wav2vec2", "tokenizer_config": {"bos_token": "<s>", "eos_token": "</s>", "pad_token": "<pad>", "unk_token": "<unk>"}}, "cardData": {"license": "apache-2.0"}, "transformersInfo": {"auto_model": "AutoModelForCTC", "pipeline_tag": "automatic-speech-recognition", "processor": "AutoProcessor"}, "siblings": [{"rfilename": ".gitattributes"}, {"rfilename": "README.md"}, {"rfilename": "config.json"}, {"rfilename": "model.safetensors"}, {"rfilename": "preprocessor_config.json"}, {"rfilename": "special_tokens_map.json"}, {"rfilename": "tokenizer_config.json"}, {"rfilename": "vocab.json"}], "spaces": [], "createdAt": "2024-02-29T16:33:34.000Z", "safetensors": {"parameters": {"F32": 94396320}, "total": 94396320}, "inferenceStatus": "not-loaded"}