{"_id": "662f3c368b8705f303456d01", "id": "wadhwani-ai/orf_gu_wav2vec2_mobile_v1", "modelId": "wadhwani-ai/orf_gu_wav2vec2_mobile_v1", "author": "wadhwani-ai", "sha": "9699b49e7746dd9722f724b8389bdf3e09a93cd6", "lastModified": "2024-04-29T06:21:04.000Z", "private": false, "disabled": false, "gated": false, "pipeline_tag": "automatic-speech-recognition", "tags": ["transformers", "pytorch", "wav2vec2", "automatic-speech-recognition", "endpoints_compatible", "region:us"], "downloads": 4, "library_name": "transformers", "likes": 0, "config": {"architectures": ["Wav2Vec2ForCTC"], "model_type": "wav2vec2", "tokenizer_config": {"bos_token": "<s>", "eos_token": "</s>", "pad_token": "<pad>", "unk_token": "<unk>"}}, "transformersInfo": {"auto_model": "AutoModelForCTC", "pipeline_tag": "automatic-speech-recognition", "processor": "AutoProcessor"}, "siblings": [{"rfilename": ".gitattributes"}, {"rfilename": "config.json"}, {"rfilename": "preprocessor_config.json"}, {"rfilename": "pytorch_model.bin"}, {"rfilename": "special_tokens_map.json"}, {"rfilename": "tokenizer_config.json"}, {"rfilename": "vocab.json"}], "spaces": [], "createdAt": "2024-04-29T06:20:38.000Z", "inferenceStatus": "not-loaded"}