{"_id": "6682348326012bccc0da9efc", "id": "wadhma/Critique-L3-FT-DCR", "modelId": "wadhma/Critique-L3-FT-DCR", "author": "wadhma", "sha": "cf43f89b75718599411fc9982a2002d0d9e034f1", "lastModified": "2024-07-01T04:59:29.000Z", "private": false, "disabled": false, "gated": false, "pipeline_tag": "text-generation", "tags": ["transformers", "safetensors", "llama", "text-generation", "conversational", "arxiv:1910.09700", "autotrain_compatible", "text-generation-inference", "endpoints_compatible", "region:us"], "downloads": 21, "library_name": "transformers", "widgetData": [{"text": "Hey my name is Julien! How are you?"}, {"text": "Hey my name is Thomas! How are you?"}, {"text": "Hey my name is Mariama! How are you?"}, {"text": "Hey my name is Clara! How are you?"}, {"text": "Hey my name is Julien! How are you?"}, {"text": "Hi."}], "likes": 0, "model-index": null, "config": {"architectures": ["LlamaForCausalLM"], "model_type": "llama", "tokenizer_config": {"bos_token": "<|begin_of_text|>", "chat_template": "{% set loop_messages = messages %}{% for message in loop_messages %}{% set content = '<|start_header_id|>' + message['role'] + '<|end_header_id|>\n\n'+ message['content'] | trim + '<|eot_id|>' %}{% if loop.index0 == 0 %}{% set content = bos_token + content %}{% endif %}{{ content }}{% endfor %}{% if add_generation_prompt %}{{ '<|start_header_id|>assistant<|end_header_id|>\n\n' }}{% endif %}", "eos_token": "<|eot_id|>", "pad_token": "[PAD]"}}, "cardData": {"library_name": "transformers", "tags": []}, "transformersInfo": {"auto_model": "AutoModelForCausalLM", "pipeline_tag": "text-generation", "processor": "AutoTokenizer"}, "siblings": [{"rfilename": ".gitattributes"}, {"rfilename": "README.md"}, {"rfilename": "config.json"}, {"rfilename": "generation_config.json"}, {"rfilename": "model-00001-of-00007.safetensors"}, {"rfilename": "model-00002-of-00007.safetensors"}, {"rfilename": "model-00003-of-00007.safetensors"}, {"rfilename": "model-00004-of-00007.safetensors"}, {"rfilename": "model-00005-of-00007.safetensors"}, {"rfilename": "model-00006-of-00007.safetensors"}, {"rfilename": "model-00007-of-00007.safetensors"}, {"rfilename": "model.safetensors.index.json"}, {"rfilename": "special_tokens_map.json"}, {"rfilename": "tokenizer.json"}, {"rfilename": "tokenizer_config.json"}], "spaces": [], "createdAt": "2024-07-01T04:45:55.000Z", "safetensors": {"parameters": {"F32": 8030269440}, "total": 8030269440}, "inferenceStatus": "not-loaded"}