{"_id": "6515296a2f42957595371dfc", "id": "wadoodkhan/wadood", "modelId": "wadoodkhan/wadood", "author": "wadoodkhan", "sha": "e81edb632cac3f44632ef60ca7828fbb7c8d07a9", "lastModified": "2023-09-28T07:21:15.000Z", "private": false, "disabled": false, "gated": false, "tags": ["license:bigscience-bloom-rail-1.0", "region:us"], "downloads": 0, "likes": 0, "model-index": null, "cardData": {"license": "bigscience-bloom-rail-1.0"}, "siblings": [{"rfilename": ".gitattributes"}, {"rfilename": "README.md"}], "spaces": [], "createdAt": "2023-09-28T07:21:14.000Z", "inferenceStatus": "not-loaded"}