{"_id": "64dd06024808593afa9e98c5", "id": "Wadsax/KADlo9", "modelId": "Wadsax/KADlo9", "author": "Wadsax", "sha": "144fa892e8e42dc88021deda62b1a4fb12775c61", "lastModified": "2023-08-16T20:03:12.000Z", "private": false, "disabled": false, "gated": false, "tags": ["region:us"], "downloads": 0, "likes": 0, "siblings": [{"rfilename": ".gitattributes"}, {"rfilename": "HD-KinoX \u2015 Hypnotic STREAM DEUTSCH | Ganzer Film Kostenlos.md"}, {"rfilename": "StreamCloud![HD] Zoe & Sturm Stream DEUTSCH Kinox 2023.md"}, {"rfilename": "[GANZER-FILM] \u2713 Hypnotic Deutsch Online Anschauen.md"}, {"rfilename": "[GANZER-HD]\u00bb Blue Beetle Stream Deutsch Kostenlos!!.md"}, {"rfilename": "[GANZER-HD]\u00bb Rehragout-Rendezvous Stream Deutsch Kostenlos!!.md"}, {"rfilename": "[JETZT.HD] Gran Turismo 2023 Ganzer Film Stream Deutsch Kostenlos.md"}, {"rfilename": "\u1405\u1405 StreamCloud] Zoe & Sturm 2023 | Ganzer Film Deutsch Stream GERMAN-HD.md"}, {"rfilename": "\u279c[StreamCloud] Blue Beetle (2023) Ganzer Filme Komplett Online!!!.md"}, {"rfilename": "\u279c[StreamCloud] Gran Turismo (2023) Ganzer Filme Komplett Online!!!.md"}, {"rfilename": "\u279c[StreamCloud] Rehragout-Rendezvous (2023) Ganzer Filme Komplett Online!!!.md"}], "spaces": [], "createdAt": "2023-08-16T17:23:14.000Z", "inferenceStatus": "not-loaded"}