{"_id": "667a21b555941cab0f4d5592", "id": "WaefreBeorn/CleveRallo", "modelId": "WaefreBeorn/CleveRallo", "author": "WaefreBeorn", "sha": "faacc624d304fe8a80d1b377624b8c1f6b399d72", "lastModified": "2024-06-25T01:50:16.000Z", "private": false, "disabled": false, "gated": false, "tags": ["region:us"], "downloads": 0, "likes": 0, "siblings": [{"rfilename": ".gitattributes"}, {"rfilename": "README.md"}, {"rfilename": "added_IVF199_Flat_nprobe_1_rollo_v2.index"}, {"rfilename": "rollo.pth"}, {"rfilename": "rollo_e400_s11200.pth"}, {"rfilename": "rollo_e50_s1400.pth"}], "spaces": [], "createdAt": "2024-06-25T01:47:33.000Z", "inferenceStatus": "not-loaded"}