{"_id": "667a20bbf05c55d25c0e1188", "id": "WaefreBeorn/CleveJr", "modelId": "WaefreBeorn/CleveJr", "author": "WaefreBeorn", "sha": "701dd1dee148800f9d09db576cbee7e0f880ed32", "lastModified": "2024-06-25T01:47:07.000Z", "private": false, "disabled": false, "gated": false, "tags": ["region:us"], "downloads": 0, "likes": 0, "siblings": [{"rfilename": ".gitattributes"}, {"rfilename": "ClevelandJR.pth"}, {"rfilename": "ClevelandJR_e300_s9300.pth"}, {"rfilename": "README.md"}, {"rfilename": "added_IVF223_Flat_nprobe_1_ClevelandJR_v2.index"}], "spaces": [], "createdAt": "2024-06-25T01:43:23.000Z", "inferenceStatus": "not-loaded"}