{"_id": "66485aee7a1ed3e001658c26", "id": "WaefreBeorn/KAN-Stem", "modelId": "WaefreBeorn/KAN-Stem", "author": "WaefreBeorn", "sha": "a3a347fbbaab4fd38b4410d85f1a42227cdce127", "lastModified": "2024-05-18T08:08:36.000Z", "private": false, "disabled": false, "gated": false, "tags": ["license:mit", "region:us"], "downloads": 0, "likes": 0, "model-index": null, "cardData": {"license": "mit"}, "siblings": [{"rfilename": ".gitattributes"}, {"rfilename": "README.md"}, {"rfilename": "model.ckpt"}], "spaces": [], "createdAt": "2024-05-18T07:38:22.000Z", "inferenceStatus": "not-loaded"}