{"_id": "66017a1257cc48d9d3dd853c", "id": "waelChafei/T5tuned", "modelId": "waelChafei/T5tuned", "author": "waelChafei", "sha": "44f44ba0a59a4a5a57109ee9e7402b50bfc9275e", "lastModified": "2024-04-15T09:11:18.000Z", "private": false, "disabled": false, "gated": false, "pipeline_tag": "text-classification", "tags": ["transformers", "safetensors", "bert", "text-classification", "generated_from_trainer", "base_model:t5-base", "license:apache-2.0", "autotrain_compatible", "endpoints_compatible", "region:us"], "downloads": 2, "library_name": "transformers", "mask_token": "[MASK]", "widgetData": [{"text": "I like you. I love you"}], "likes": 0, "model-index": [{"name": "TTC4900Model", "results": []}], "config": {"architectures": ["BertForSequenceClassification"], "model_type": "bert"}, "cardData": {"license": "apache-2.0", "base_model": "t5-base", "tags": ["generated_from_trainer"], "metrics": ["accuracy", "f1", "precision", "recall"], "model-index": [{"name": "TTC4900Model", "results": []}]}, "transformersInfo": {"auto_model": "AutoModelForSequenceClassification", "pipeline_tag": "text-classification", "processor": "AutoTokenizer"}, "siblings": [{"rfilename": ".gitattributes"}, {"rfilename": "README.md"}, {"rfilename": "config.json"}, {"rfilename": "model.safetensors"}, {"rfilename": "tokenizer.json"}, {"rfilename": "training_args.bin"}], "spaces": [], "createdAt": "2024-03-25T13:20:18.000Z", "safetensors": {"parameters": {"F32": 110721031}, "total": 110721031}, "inferenceStatus": "not-loaded"}