{"_id": "66054d874f41c0c7c0de7dd1", "id": "waelChafei/bertuned", "modelId": "waelChafei/bertuned", "author": "waelChafei", "sha": "d1c59a8175f6b921b653f742a6073d79805e14a0", "lastModified": "2024-04-15T09:47:12.000Z", "private": false, "disabled": false, "gated": false, "pipeline_tag": "text-classification", "tags": ["transformers", "safetensors", "bert", "text-classification", "generated_from_trainer", "base_model:bert-base-uncased", "license:apache-2.0", "autotrain_compatible", "endpoints_compatible", "region:us"], "downloads": 11, "library_name": "transformers", "mask_token": "[MASK]", "widgetData": [{"text": "I like you. I love you"}], "likes": 0, "model-index": [{"name": "TTC4900Model", "results": []}], "config": {"architectures": ["BertForSequenceClassification"], "model_type": "bert", "tokenizer_config": {}}, "cardData": {"license": "apache-2.0", "base_model": "bert-base-uncased", "tags": ["generated_from_trainer"], "metrics": ["accuracy", "f1", "precision", "recall"], "model-index": [{"name": "TTC4900Model", "results": []}]}, "transformersInfo": {"auto_model": "AutoModelForSequenceClassification", "pipeline_tag": "text-classification", "processor": "AutoTokenizer"}, "siblings": [{"rfilename": ".gitattributes"}, {"rfilename": "README.md"}, {"rfilename": "config.json"}, {"rfilename": "gitattributes"}, {"rfilename": "model.safetensors"}, {"rfilename": "tokenizer.json"}, {"rfilename": "tokenizer_config.json"}, {"rfilename": "training_args.bin"}], "spaces": ["waelChafei/waelChafei-bertuned"], "createdAt": "2024-03-28T10:59:19.000Z", "safetensors": {"parameters": {"F32": 109487623}, "total": 109487623}, "inferenceStatus": "not-loaded"}