{"_id": "660ab24aaa4fe6509f90787b", "id": "waelChafei/RobertaTuned", "modelId": "waelChafei/RobertaTuned", "author": "waelChafei", "sha": "5c6391055a6e200221b5053ca50b99bdb273d5c4", "lastModified": "2024-04-15T09:47:32.000Z", "private": false, "disabled": false, "gated": false, "pipeline_tag": "text-classification", "tags": ["transformers", "safetensors", "bert", "text-classification", "generated_from_trainer", "base_model:roberta-base", "license:mit", "autotrain_compatible", "endpoints_compatible", "region:us"], "downloads": 2, "library_name": "transformers", "mask_token": "[MASK]", "widgetData": [{"text": "I like you. I love you"}], "likes": 0, "model-index": [{"name": "TTC4900Model", "results": []}], "config": {"architectures": ["BertForSequenceClassification"], "model_type": "bert", "tokenizer_config": {}}, "cardData": {"license": "mit", "base_model": "roberta-base", "tags": ["generated_from_trainer"], "metrics": ["accuracy", "f1", "precision", "recall"], "model-index": [{"name": "TTC4900Model", "results": []}]}, "transformersInfo": {"auto_model": "AutoModelForSequenceClassification", "pipeline_tag": "text-classification", "processor": "AutoTokenizer"}, "siblings": [{"rfilename": ".gitattributes"}, {"rfilename": "README.md"}, {"rfilename": "config.json"}, {"rfilename": "model.safetensors"}, {"rfilename": "tokenizer.json"}, {"rfilename": "tokenizer_config.json"}, {"rfilename": "training_args.bin"}], "spaces": [], "createdAt": "2024-04-01T13:10:34.000Z", "safetensors": {"parameters": {"F32": 124651015}, "total": 124651015}, "inferenceStatus": "not-loaded"}