{"_id": "64ce36937e20ec9ea08bf0a4", "id": "WaelRash1/distilbert-base-uncased-finetuned-emotion", "modelId": "WaelRash1/distilbert-base-uncased-finetuned-emotion", "author": "WaelRash1", "sha": "45bb60619dd414deb4fce5fc4fd9c71c5cb5feb0", "lastModified": "2023-08-05T13:47:19.000Z", "private": false, "disabled": false, "gated": false, "pipeline_tag": "text-classification", "tags": ["transformers", "pytorch", "tensorboard", "distilbert", "text-classification", "generated_from_trainer", "dataset:emotion", "base_model:WaelRash1/distilbert-base-uncased-finetuned-emotion", "license:apache-2.0", "model-index", "autotrain_compatible", "endpoints_compatible", "region:us"], "downloads": 5, "library_name": "transformers", "mask_token": "[MASK]", "widgetData": [{"text": "I like you. I love you"}], "likes": 0, "model-index": [{"name": "distilbert-base-uncased-finetuned-emotion", "results": [{"task": {"name": "Text Classification", "type": "text-classification"}, "dataset": {"name": "emotion", "type": "emotion", "config": "split", "split": "validation", "args": "split"}, "metrics": [{"name": "Accuracy", "type": "accuracy", "value": 0.9435, "verified": false}, {"name": "F1", "type": "f1", "value": 0.9435641382745099, "verified": false}]}]}], "config": {"architectures": ["DistilBertForSequenceClassification"], "model_type": "distilbert", "tokenizer_config": {"cls_token": "[CLS]", "mask_token": "[MASK]", "pad_token": "[PAD]", "sep_token": "[SEP]", "unk_token": "[UNK]"}}, "cardData": {"license": "apache-2.0", "base_model": "WaelRash1/distilbert-base-uncased-finetuned-emotion", "tags": ["generated_from_trainer"], "datasets": ["emotion"], "metrics": ["accuracy", "f1"], "model-index": [{"name": "distilbert-base-uncased-finetuned-emotion", "results": [{"task": {"name": "Text Classification", "type": "text-classification"}, "dataset": {"name": "emotion", "type": "emotion", "config": "split", "split": "validation", "args": "split"}, "metrics": [{"name": "Accuracy", "type": "accuracy", "value": 0.9435, "verified": false}, {"name": "F1", "type": "f1", "value": 0.9435641382745099, "verified": false}]}]}]}, "transformersInfo": {"auto_model": "AutoModelForSequenceClassification", "pipeline_tag": "text-classification", "processor": "AutoTokenizer"}, "siblings": [{"rfilename": ".gitattributes"}, {"rfilename": ".gitignore"}, {"rfilename": "README.md"}, {"rfilename": "config.json"}, {"rfilename": "pytorch_model.bin"}, {"rfilename": "runs/Aug05_11-44-04_b79659a7c08d/events.out.tfevents.1691235996.b79659a7c08d.8466.0"}, {"rfilename": "runs/Aug05_12-43-27_b79659a7c08d/events.out.tfevents.1691239570.b79659a7c08d.8466.1"}, {"rfilename": "special_tokens_map.json"}, {"rfilename": "tokenizer.json"}, {"rfilename": "tokenizer_config.json"}, {"rfilename": "training_args.bin"}, {"rfilename": "vocab.txt"}], "spaces": [], "createdAt": "2023-08-05T11:46:27.000Z", "inferenceStatus": "not-loaded"}