{"_id": "6684ce0fe2e0c3b215472f50", "id": "WaelSalaheldien/alwkala", "modelId": "WaelSalaheldien/alwkala", "author": "WaelSalaheldien", "sha": "7e3cde47048079cb60d8073fe6155dbde4c2eab1", "lastModified": "2024-07-03T04:05:36.000Z", "private": false, "disabled": false, "gated": false, "tags": ["license:mit", "region:us"], "downloads": 0, "likes": 0, "model-index": null, "cardData": {"license": "mit"}, "siblings": [{"rfilename": ".gitattributes"}, {"rfilename": "README.md"}], "spaces": [], "createdAt": "2024-07-03T04:05:35.000Z", "inferenceStatus": "not-loaded"}