{"_id": "621ffdc136468d709f177b23", "id": "Wafaa/arabic_mod", "modelId": "Wafaa/arabic_mod", "author": "Wafaa", "sha": "1c7efda0c7529e10f9ea408a840a3bce2d65d071", "lastModified": "2021-03-25T12:33:40.000Z", "private": false, "disabled": false, "gated": false, "tags": ["region:us"], "downloads": 0, "likes": 0, "siblings": [{"rfilename": ".gitattributes"}, {"rfilename": "bert_config.json"}, {"rfilename": "bert_model.ckpt.index"}, {"rfilename": "bert_model.ckpt.meta"}, {"rfilename": "vocab.txt"}], "spaces": [], "createdAt": "2022-03-02T23:29:05.000Z", "inferenceStatus": "not-loaded"}