{"_id": "6669aad2f397dd530da7a98b", "id": "waffle900/distilbert-base-uncased-finetuned-spam_email_classification", "modelId": "waffle900/distilbert-base-uncased-finetuned-spam_email_classification", "author": "waffle900", "sha": "294888952b0bb0ac883f0504b5be984f1a8fb2c3", "lastModified": "2024-06-12T15:46:11.000Z", "private": false, "disabled": false, "gated": false, "pipeline_tag": "text-classification", "tags": ["transformers", "tf", "distilbert", "text-classification", "generated_from_keras_callback", "base_model:distilbert-base-uncased", "license:apache-2.0", "autotrain_compatible", "endpoints_compatible", "region:us"], "downloads": 14, "library_name": "transformers", "mask_token": "[MASK]", "widgetData": [{"text": "I like you. I love you"}], "likes": 0, "model-index": [{"name": "waffle900/distilbert-base-uncased-finetuned-spam_email_classification", "results": []}], "config": {"architectures": ["DistilBertForSequenceClassification"], "model_type": "distilbert", "tokenizer_config": {"cls_token": "[CLS]", "mask_token": "[MASK]", "pad_token": "[PAD]", "sep_token": "[SEP]", "unk_token": "[UNK]"}}, "cardData": {"license": "apache-2.0", "base_model": "distilbert-base-uncased", "tags": ["generated_from_keras_callback"], "model-index": [{"name": "waffle900/distilbert-base-uncased-finetuned-spam_email_classification", "results": []}]}, "transformersInfo": {"auto_model": "AutoModelForSequenceClassification", "pipeline_tag": "text-classification", "processor": "AutoTokenizer"}, "siblings": [{"rfilename": ".gitattributes"}, {"rfilename": "README.md"}, {"rfilename": "config.json"}, {"rfilename": "special_tokens_map.json"}, {"rfilename": "tf_model.h5"}, {"rfilename": "tokenizer.json"}, {"rfilename": "tokenizer_config.json"}, {"rfilename": "vocab.txt"}], "spaces": [], "createdAt": "2024-06-12T14:04:02.000Z", "inferenceStatus": "not-loaded"}