{"_id": "63dc8e442a0239d22116907a", "id": "waffle4040/yuuya", "modelId": "waffle4040/yuuya", "author": "waffle4040", "sha": "6bd14e63cb670c5bbed9cf59e4f070de56b46452", "lastModified": "2023-02-03T04:39:02.000Z", "private": false, "disabled": false, "gated": false, "tags": ["region:us"], "downloads": 0, "likes": 1, "siblings": [{"rfilename": ".gitattributes"}, {"rfilename": "README.md"}, {"rfilename": "yuuya-1-000004.safetensors"}, {"rfilename": "yuuya-1-000006.safetensors"}], "spaces": [], "createdAt": "2023-02-03T04:32:04.000Z", "inferenceStatus": "not-loaded"}