{"_id": "6665c22b6c3f21a7c08729b7", "id": "waffle900/distilbert-base-uncased-finetuned-LM_ATT_CK", "modelId": "waffle900/distilbert-base-uncased-finetuned-LM_ATT_CK", "author": "waffle900", "sha": "60e075e6c40a1eee3b4688eaa0a58ddc73ceb399", "lastModified": "2024-06-12T13:32:42.000Z", "private": false, "disabled": false, "gated": false, "pipeline_tag": "fill-mask", "tags": ["transformers", "tf", "distilbert", "fill-mask", "generated_from_keras_callback", "base_model:distilbert-base-uncased", "license:apache-2.0", "autotrain_compatible", "endpoints_compatible", "region:us"], "downloads": 9, "library_name": "transformers", "mask_token": "[MASK]", "widgetData": [{"text": "Paris is the [MASK] of France."}, {"text": "The goal of life is [MASK]."}], "likes": 0, "model-index": [{"name": "waffle900/distilbert-base-uncased-finetuned-LM_ATT_CK", "results": []}], "config": {"architectures": ["DistilBertForMaskedLM"], "model_type": "distilbert", "tokenizer_config": {"cls_token": "[CLS]", "mask_token": "[MASK]", "pad_token": "[PAD]", "sep_token": "[SEP]", "unk_token": "[UNK]"}}, "cardData": {"license": "apache-2.0", "base_model": "distilbert-base-uncased", "tags": ["generated_from_keras_callback"], "model-index": [{"name": "waffle900/distilbert-base-uncased-finetuned-LM_ATT_CK", "results": []}]}, "transformersInfo": {"auto_model": "AutoModelForMaskedLM", "pipeline_tag": "fill-mask", "processor": "AutoTokenizer"}, "siblings": [{"rfilename": ".gitattributes"}, {"rfilename": "README.md"}, {"rfilename": "config.json"}, {"rfilename": "special_tokens_map.json"}, {"rfilename": "tf_model.h5"}, {"rfilename": "tokenizer.json"}, {"rfilename": "tokenizer_config.json"}, {"rfilename": "vocab.txt"}], "spaces": [], "createdAt": "2024-06-09T14:54:35.000Z", "inferenceStatus": "not-loaded"}