{"_id": "63cfd7026ffd32ed00913337", "id": "waffle4040/TOTFN", "modelId": "waffle4040/TOTFN", "author": "waffle4040", "sha": "349f3f846b0b22fc5250bc3e6660f201936846d6", "lastModified": "2023-02-08T09:23:18.000Z", "private": false, "disabled": false, "gated": false, "tags": ["region:us"], "downloads": 0, "likes": 2, "siblings": [{"rfilename": ".gitattributes"}, {"rfilename": "28882-2884576277-1girl,artoria pendragon _(fate_),  (trick or treatment) , bikini,boot,gloves, layered bikini,purple bikini,.png"}, {"rfilename": "28904-690366107-1gir, yakumo yukari,  (trick or treatment,_0.6) , bikini,boot,gloves, layered bikini,purple bikini,pencil skirt, standing on one.png"}, {"rfilename": "28905-3869720829-1gir, yakumo yukari,  (trick or treatment,_0.4) , bikini,boot,gloves, layered bikini,purple bikini,pencil skirt, standing on one.png"}, {"rfilename": "README.md"}, {"rfilename": "TOTFN-2-000002.safetensors"}, {"rfilename": "TOTFN-2-000004.safetensors"}, {"rfilename": "TOTFN-2-000006.safetensors"}, {"rfilename": "TOTFN-2-000008.safetensors"}, {"rfilename": "TOTFN-2-000010.safetensors"}, {"rfilename": "TOTFN-2-000012.safetensors"}, {"rfilename": "TOTFN-2-000014.safetensors"}, {"rfilename": "TOTFN-2-000016.safetensors"}, {"rfilename": "TOTFN-2-000018.safetensors"}, {"rfilename": "TOTFN-2.safetensors"}, {"rfilename": "TOTFN-3-000002.safetensors"}, {"rfilename": "TOTFN-3-000004.safetensors"}, {"rfilename": "TOTFN-3-000006.safetensors"}, {"rfilename": "TOTFN-3-000008.safetensors"}, {"rfilename": "TOTFN-3.safetensors"}, {"rfilename": "TOTFN-5-000025.safetensors"}, {"rfilename": "zatutest"}], "spaces": [], "createdAt": "2023-01-24T13:02:58.000Z", "inferenceStatus": "not-loaded"}