{"_id": "65dcd1d456cdc976b3ebd0d1", "id": "waffless/8_lr1e-05_me5", "modelId": "waffless/8_lr1e-05_me5", "author": "waffless", "sha": "fffc4050716757733607ff3e4502ecc7bc44ff07", "lastModified": "2024-02-26T18:11:37.000Z", "private": false, "disabled": false, "gated": false, "pipeline_tag": "text-classification", "tags": ["transformers", "tensorboard", "safetensors", "bert", "text-classification", "generated_from_trainer", "base_model:google-bert/bert-base-cased", "license:apache-2.0", "autotrain_compatible", "endpoints_compatible", "region:us"], "downloads": 2, "library_name": "transformers", "mask_token": "[MASK]", "widgetData": [{"text": "I like you. I love you"}], "likes": 0, "model-index": [{"name": "8_lr1e-05_me5", "results": []}], "config": {"architectures": ["BertForSequenceClassification"], "model_type": "bert", "tokenizer_config": {"cls_token": "[CLS]", "mask_token": "[MASK]", "pad_token": "[PAD]", "sep_token": "[SEP]", "unk_token": "[UNK]"}}, "cardData": {"license": "apache-2.0", "base_model": "google-bert/bert-base-cased", "tags": ["generated_from_trainer"], "metrics": ["accuracy"], "model-index": [{"name": "8_lr1e-05_me5", "results": []}]}, "transformersInfo": {"auto_model": "AutoModelForSequenceClassification", "pipeline_tag": "text-classification", "processor": "AutoTokenizer"}, "siblings": [{"rfilename": ".gitattributes"}, {"rfilename": "README.md"}, {"rfilename": "all_results.json"}, {"rfilename": "config.json"}, {"rfilename": "eval_results.json"}, {"rfilename": "model.safetensors"}, {"rfilename": "predict_results.txt"}, {"rfilename": "runs/Feb26_18-07-27_058485a58dfa/events.out.tfevents.1708970897.058485a58dfa.1233.0"}, {"rfilename": "runs/Feb26_18-07-27_058485a58dfa/events.out.tfevents.1708971088.058485a58dfa.1233.1"}, {"rfilename": "special_tokens_map.json"}, {"rfilename": "tokenizer.json"}, {"rfilename": "tokenizer_config.json"}, {"rfilename": "train_results.json"}, {"rfilename": "trainer_state.json"}, {"rfilename": "training_args.bin"}, {"rfilename": "vocab.txt"}], "spaces": [], "createdAt": "2024-02-26T18:00:52.000Z", "safetensors": {"parameters": {"F32": 108346415}, "total": 108346415}, "inferenceStatus": "not-loaded"}