{"_id": "63d3a4f510bdff20205f5a2a", "id": "waffle4040/zatutu", "modelId": "waffle4040/zatutu", "author": "waffle4040", "sha": "202dfb7262f86532378ed79d3d15af149393fc45", "lastModified": "2023-01-27T11:06:58.000Z", "private": false, "disabled": false, "gated": false, "tags": ["region:us"], "downloads": 0, "likes": 0, "siblings": [{"rfilename": ".gitattributes"}, {"rfilename": "aiba-000002.safetensors"}, {"rfilename": "aiba-000004.safetensors"}, {"rfilename": "aiba-2-000002.safetensors"}, {"rfilename": "aiba-2-000004.safetensors"}, {"rfilename": "aiba-2-000006.safetensors"}, {"rfilename": "aiba-2-000008.safetensors"}, {"rfilename": "aiba-2.safetensors"}, {"rfilename": "aiba-3-000004.safetensors"}, {"rfilename": "aiba-3-000008.safetensors"}, {"rfilename": "aiba-3-000012.safetensors"}, {"rfilename": "aiba-3-000016.safetensors"}, {"rfilename": "aiba-3.safetensors"}, {"rfilename": "aiba.safetensors"}, {"rfilename": "hmktopt2-000002.safetensors"}, {"rfilename": "hmktopt2-000004.safetensors"}, {"rfilename": "hmktopt2-000006.safetensors"}, {"rfilename": "hmktopt2-000008.safetensors"}, {"rfilename": "hmktopt2.safetensors"}, {"rfilename": "hmktopt3-000002.safetensors"}, {"rfilename": "hmktopt3-000004.safetensors"}, {"rfilename": "hmktopt3.safetensors"}, {"rfilename": "hmktopt4-000002.safetensors"}, {"rfilename": "hmktopt4-000004.safetensors"}, {"rfilename": "hmktopt4.safetensors"}, {"rfilename": "pillory-1-000002.safetensors"}, {"rfilename": "pillory-1-000004.safetensors"}, {"rfilename": "pillory-1-000006.safetensors"}, {"rfilename": "pillory-1-000008.safetensors"}, {"rfilename": "pillory-1-000010.safetensors"}, {"rfilename": "pillory-1-000012.safetensors"}, {"rfilename": "pillory-1-000014.safetensors"}, {"rfilename": "pillory-1-000016.safetensors"}, {"rfilename": "pillory-1-000018.safetensors"}, {"rfilename": "pillory-1.safetensors"}], "spaces": [], "createdAt": "2023-01-27T10:18:29.000Z", "inferenceStatus": "not-loaded"}