{"_id": "64c9b78f203170e13c42d6e2", "id": "wageguagua/Deforum", "modelId": "wageguagua/Deforum", "author": "wageguagua", "sha": "451f69109b17d97aaec5950f61a7eb6f2b49acf0", "lastModified": "2023-08-02T01:55:28.000Z", "private": false, "disabled": false, "gated": false, "tags": ["license:other", "region:us"], "downloads": 0, "likes": 0, "model-index": null, "cardData": {"license": "other"}, "siblings": [{"rfilename": ".gitattributes"}, {"rfilename": "README.md"}], "spaces": [], "createdAt": "2023-08-02T01:55:27.000Z", "inferenceStatus": "not-loaded"}