{"_id": "64c9b7c6baa60107a6c66c7f", "id": "wageguagua/mhzs", "modelId": "wageguagua/mhzs", "author": "wageguagua", "sha": "1ae78d263e01652109195bb1420cd8fcc1d65727", "lastModified": "2023-08-02T03:01:31.000Z", "private": false, "disabled": false, "gated": false, "tags": ["license:other", "region:us"], "downloads": 0, "likes": 0, "model-index": null, "cardData": {"license": "other"}, "siblings": [{"rfilename": ".gitattributes"}, {"rfilename": "README.md"}, {"rfilename": "jubenchajian4_1.py"}, {"rfilename": "jubenchajian4_51.py"}], "spaces": [], "createdAt": "2023-08-02T01:56:22.000Z", "inferenceStatus": "not-loaded"}