{"_id": "64c9b7e87205a6656c36e833", "id": "wageguagua/SR_Model", "modelId": "wageguagua/SR_Model", "author": "wageguagua", "sha": "8cf1519bf774e7a17b34adaee48209a67c413c36", "lastModified": "2023-08-02T09:45:13.000Z", "private": false, "disabled": false, "gated": false, "tags": ["license:other", "region:us"], "downloads": 0, "likes": 0, "model-index": null, "cardData": {"license": "other"}, "siblings": [{"rfilename": ".gitattributes"}, {"rfilename": "README.md"}, {"rfilename": "controlnetQRCode_sd21V1.safetensors"}, {"rfilename": "controlnetQRCode_sd21V1.yaml"}, {"rfilename": "controlnetQRPatternQR_v10.safetensors"}, {"rfilename": "controlnetQRPatternQR_v10.yaml"}], "spaces": [], "createdAt": "2023-08-02T01:56:56.000Z", "inferenceStatus": "not-loaded"}