{"_id": "64c9c2f24841371dc62e3c45", "id": "wageguagua/Customized", "modelId": "wageguagua/Customized", "author": "wageguagua", "sha": "8bd5eb70ae2348c646a5afbebda9045acffb71de", "lastModified": "2023-08-02T02:44:16.000Z", "private": false, "disabled": false, "gated": false, "tags": ["license:other", "region:us"], "downloads": 0, "likes": 0, "model-index": null, "cardData": {"license": "other"}, "siblings": [{"rfilename": ".gitattributes"}, {"rfilename": "README.md"}, {"rfilename": "main.py"}, {"rfilename": "mian_50.py"}], "spaces": [], "createdAt": "2023-08-02T02:44:02.000Z", "inferenceStatus": "not-loaded"}