{"_id": "64c9b7d736c11430f33d8dcf", "id": "wageguagua/sd_config", "modelId": "wageguagua/sd_config", "author": "wageguagua", "sha": "37bfce40526dcaf080864940f278af9f9d76b789", "lastModified": "2023-09-03T23:17:02.000Z", "private": false, "disabled": false, "gated": false, "tags": ["transformers", "license:other", "endpoints_compatible", "region:us"], "downloads": 1, "library_name": "transformers", "likes": 0, "model-index": null, "config": {}, "cardData": {"license": "other"}, "transformersInfo": {"auto_model": "AutoModel"}, "siblings": [{"rfilename": ".gitattributes"}, {"rfilename": "README.md"}, {"rfilename": "config.json"}, {"rfilename": "libtcmalloc_minimal.so.4"}, {"rfilename": "ui-config.json"}], "spaces": [], "createdAt": "2023-08-02T01:56:39.000Z", "inferenceStatus": "not-loaded"}