{"_id": "64f56e2a34e4fb835a5f62d8", "id": "wageguagua/wav2lip", "modelId": "wageguagua/wav2lip", "author": "wageguagua", "sha": "b6c48b1f1ba773a92299b3d1735ca4258e732a72", "lastModified": "2023-09-19T03:57:40.000Z", "private": false, "disabled": false, "gated": false, "tags": ["license:other", "region:us"], "downloads": 0, "likes": 0, "model-index": null, "cardData": {"license": "other"}, "siblings": [{"rfilename": ".gitattributes"}, {"rfilename": "README.md"}, {"rfilename": "s3fd-619a316812.pth"}, {"rfilename": "shape_predictor_68_face_landmarks.dat"}, {"rfilename": "wav2lip.pth"}, {"rfilename": "wav2lip_gan.pth"}], "spaces": [], "createdAt": "2023-09-04T05:42:02.000Z", "inferenceStatus": "not-loaded"}