{"_id": "64c9b7b5203170e13c42dbdf", "id": "wageguagua/main", "modelId": "wageguagua/main", "author": "wageguagua", "sha": "ccc320c554590413c9a707d40699471fd3065974", "lastModified": "2024-02-21T13:54:25.000Z", "private": false, "disabled": false, "gated": false, "tags": ["transformers", "license:other", "endpoints_compatible", "region:us"], "downloads": 1, "library_name": "transformers", "likes": 0, "model-index": null, "config": {}, "cardData": {"license": "other"}, "transformersInfo": {"auto_model": "AutoModel"}, "siblings": [{"rfilename": ".gitattributes"}, {"rfilename": "README.md"}, {"rfilename": "config.json"}, {"rfilename": "main.py"}, {"rfilename": "styles.csv"}, {"rfilename": "wav2lip.pth"}, {"rfilename": "wav2lip_gan.pth"}], "spaces": [], "createdAt": "2023-08-02T01:56:05.000Z", "inferenceStatus": "not-loaded"}