{"_id": "64c9b77d4cc484981372f8ec", "id": "wageguagua/Exclusive", "modelId": "wageguagua/Exclusive", "author": "wageguagua", "sha": "5a0cba324dca3e4a67a12f852771172c52cab469", "lastModified": "2023-09-04T05:41:06.000Z", "private": false, "disabled": false, "gated": false, "tags": ["license:other", "region:us"], "downloads": 0, "likes": 0, "model-index": null, "cardData": {"license": "other"}, "siblings": [{"rfilename": ".gitattributes"}, {"rfilename": "README.md"}, {"rfilename": "main.py"}, {"rfilename": "main_pro.py"}], "spaces": [], "createdAt": "2023-08-02T01:55:09.000Z", "inferenceStatus": "not-loaded"}