{"_id": "65dc8a0a80bafdfb4b7f0893", "id": "waggleton/ppo-Huggy", "modelId": "waggleton/ppo-Huggy", "author": "waggleton", "sha": "31a78050e5cb2734ba368045bdb22a3a1d3b79ad", "lastModified": "2024-02-26T12:56:35.000Z", "private": false, "disabled": false, "gated": false, "pipeline_tag": "reinforcement-learning", "tags": ["ml-agents", "tensorboard", "onnx", "Huggy", "deep-reinforcement-learning", "reinforcement-learning", "ML-Agents-Huggy", "region:us"], "downloads": 36, "library_name": "ml-agents", "likes": 0, "model-index": null, "config": {}, "cardData": {"library_name": "ml-agents", "tags": ["Huggy", "deep-reinforcement-learning", "reinforcement-learning", "ML-Agents-Huggy"]}, "siblings": [{"rfilename": ".gitattributes"}, {"rfilename": "Huggy-1199994.onnx"}, {"rfilename": "Huggy-1199994.pt"}, {"rfilename": "Huggy-1399949.onnx"}, {"rfilename": "Huggy-1399949.pt"}, {"rfilename": "Huggy-1599946.onnx"}, {"rfilename": "Huggy-1599946.pt"}, {"rfilename": "Huggy-1799960.onnx"}, {"rfilename": "Huggy-1799960.pt"}, {"rfilename": "Huggy-199738.onnx"}, {"rfilename": "Huggy-199738.pt"}, {"rfilename": "Huggy-1999921.onnx"}, {"rfilename": "Huggy-1999921.pt"}, {"rfilename": "Huggy-2000050.onnx"}, {"rfilename": "Huggy-2000050.pt"}, {"rfilename": "Huggy-399944.onnx"}, {"rfilename": "Huggy-399944.pt"}, {"rfilename": "Huggy-599989.onnx"}, {"rfilename": "Huggy-599989.pt"}, {"rfilename": "Huggy-799953.onnx"}, {"rfilename": "Huggy-799953.pt"}, {"rfilename": "Huggy-999959.onnx"}, {"rfilename": "Huggy-999959.pt"}, {"rfilename": "Huggy.onnx"}, {"rfilename": "README.md"}, {"rfilename": "checkpoint.pt"}, {"rfilename": "config.json"}, {"rfilename": "configuration.yaml"}, {"rfilename": "events.out.tfevents.1708949050.0d7d0f71d5ae.2447.0"}, {"rfilename": "run_logs/Player-0.log"}, {"rfilename": "run_logs/timers.json"}, {"rfilename": "run_logs/training_status.json"}], "spaces": [], "createdAt": "2024-02-26T12:54:34.000Z", "inferenceStatus": "not-loaded"}