{"_id": "642a68677baf833870ecbe3d", "id": "WagnerDed/Viking", "modelId": "WagnerDed/Viking", "author": "WagnerDed", "sha": "d9597021b5ac58178dbef97b24b4383c4df7a450", "lastModified": "2023-04-03T05:47:19.000Z", "private": false, "disabled": false, "gated": false, "tags": ["license:openrail", "region:us"], "downloads": 0, "likes": 0, "model-index": null, "cardData": {"license": "openrail"}, "siblings": [{"rfilename": ".gitattributes"}, {"rfilename": "README.md"}], "spaces": [], "createdAt": "2023-04-03T05:47:19.000Z", "inferenceStatus": "not-loaded"}