{"_id": "65b66c561e45f6ee8b0a1718", "id": "wahaha1987/poca-SoccerTwos", "modelId": "wahaha1987/poca-SoccerTwos", "author": "wahaha1987", "sha": "96e5162c48007d8be6460067809f8eebc9f09f6c", "lastModified": "2024-01-28T15:01:47.000Z", "private": false, "disabled": false, "gated": false, "pipeline_tag": "reinforcement-learning", "tags": ["ml-agents", "tensorboard", "onnx", "SoccerTwos", "deep-reinforcement-learning", "reinforcement-learning", "ML-Agents-SoccerTwos", "region:us"], "downloads": 11, "library_name": "ml-agents", "likes": 0, "model-index": null, "config": {}, "cardData": {"library_name": "ml-agents", "tags": ["SoccerTwos", "deep-reinforcement-learning", "reinforcement-learning", "ML-Agents-SoccerTwos"]}, "siblings": [{"rfilename": ".gitattributes"}, {"rfilename": "README.md"}, {"rfilename": "SoccerTwos.onnx"}, {"rfilename": "SoccerTwos/SoccerTwos-48499788.onnx"}, {"rfilename": "SoccerTwos/SoccerTwos-48499788.pt"}, {"rfilename": "SoccerTwos/SoccerTwos-48999750.onnx"}, {"rfilename": "SoccerTwos/SoccerTwos-48999750.pt"}, {"rfilename": "SoccerTwos/SoccerTwos-49499988.onnx"}, {"rfilename": "SoccerTwos/SoccerTwos-49499988.pt"}, {"rfilename": "SoccerTwos/SoccerTwos-49999953.onnx"}, {"rfilename": "SoccerTwos/SoccerTwos-49999953.pt"}, {"rfilename": "SoccerTwos/SoccerTwos-50000102.onnx"}, {"rfilename": "SoccerTwos/SoccerTwos-50000102.pt"}, {"rfilename": "SoccerTwos/checkpoint.pt"}, {"rfilename": "SoccerTwos/events.out.tfevents.1706257918.ubuntu.214051.0"}, {"rfilename": "config.json"}, {"rfilename": "configuration.yaml"}, {"rfilename": "run_logs/Player-0.log"}, {"rfilename": "run_logs/timers.json"}, {"rfilename": "run_logs/training_status.json"}], "spaces": [], "createdAt": "2024-01-28T15:01:42.000Z", "inferenceStatus": "not-loaded"}