{"_id": "65a7a02112a69b973770b7dd", "id": "wahaha1987/ppo-Huggy", "modelId": "wahaha1987/ppo-Huggy", "author": "wahaha1987", "sha": "f34ab33a4199e395e2838dcd96ed86ef394fa181", "lastModified": "2024-01-17T09:38:47.000Z", "private": false, "disabled": false, "gated": false, "pipeline_tag": "reinforcement-learning", "tags": ["ml-agents", "tensorboard", "onnx", "Huggy", "deep-reinforcement-learning", "reinforcement-learning", "ML-Agents-Huggy", "region:us"], "downloads": 38, "library_name": "ml-agents", "likes": 0, "model-index": null, "config": {}, "cardData": {"library_name": "ml-agents", "tags": ["Huggy", "deep-reinforcement-learning", "reinforcement-learning", "ML-Agents-Huggy"]}, "siblings": [{"rfilename": ".gitattributes"}, {"rfilename": "Huggy.onnx"}, {"rfilename": "Huggy/Huggy-1199925.onnx"}, {"rfilename": "Huggy/Huggy-1199925.pt"}, {"rfilename": "Huggy/Huggy-1399940.onnx"}, {"rfilename": "Huggy/Huggy-1399940.pt"}, {"rfilename": "Huggy/Huggy-1599908.onnx"}, {"rfilename": "Huggy/Huggy-1599908.pt"}, {"rfilename": "Huggy/Huggy-1799988.onnx"}, {"rfilename": "Huggy/Huggy-1799988.pt"}, {"rfilename": "Huggy/Huggy-199653.onnx"}, {"rfilename": "Huggy/Huggy-199653.pt"}, {"rfilename": "Huggy/Huggy-1999988.onnx"}, {"rfilename": "Huggy/Huggy-1999988.pt"}, {"rfilename": "Huggy/Huggy-2000121.onnx"}, {"rfilename": "Huggy/Huggy-2000121.pt"}, {"rfilename": "Huggy/Huggy-399918.onnx"}, {"rfilename": "Huggy/Huggy-399918.pt"}, {"rfilename": "Huggy/Huggy-599884.onnx"}, {"rfilename": "Huggy/Huggy-599884.pt"}, {"rfilename": "Huggy/Huggy-799966.onnx"}, {"rfilename": "Huggy/Huggy-799966.pt"}, {"rfilename": "Huggy/Huggy-999986.onnx"}, {"rfilename": "Huggy/Huggy-999986.pt"}, {"rfilename": "Huggy/checkpoint.pt"}, {"rfilename": "Huggy/events.out.tfevents.1705480861.c3cf2f0e5db0.12781.0"}, {"rfilename": "README.md"}, {"rfilename": "config.json"}, {"rfilename": "configuration.yaml"}, {"rfilename": "run_logs/Player-0.log"}, {"rfilename": "run_logs/timers.json"}, {"rfilename": "run_logs/training_status.json"}], "spaces": [], "createdAt": "2024-01-17T09:38:41.000Z", "inferenceStatus": "not-loaded"}