{"_id": "65009abe7aa4d88f207e6301", "id": "wahab12/frontkickanalyzer", "modelId": "wahab12/frontkickanalyzer", "author": "wahab12", "sha": "7a98c4273950a3331dc7ac9c3fe8d7ff97f80bfc", "lastModified": "2023-09-12T17:09:05.000Z", "private": false, "disabled": false, "gated": false, "tags": ["en", "region:us"], "downloads": 0, "likes": 0, "model-index": null, "cardData": {"language": ["en"]}, "siblings": [{"rfilename": ".gitattributes"}, {"rfilename": "README.md"}, {"rfilename": "app.yaml"}, {"rfilename": "main.py"}, {"rfilename": "requirements.txt"}], "spaces": [], "createdAt": "2023-09-12T17:07:10.000Z", "inferenceStatus": "not-loaded"}