{"_id": "658696c6367c76b8eed78fc5", "id": "Q-bert/Mamba-1B", "modelId": "Q-bert/Mamba-1B", "author": "Q-bert", "sha": "77d7697b28f370f9671b1019c707b6dea00c7f88", "lastModified": "2024-03-08T06:16:31.000Z", "private": false, "disabled": false, "gated": false, "pipeline_tag": "text-generation", "tags": ["transformers", "pytorch", "mamba", "text-generation", "mamba-hf", "custom_code", "en", "arxiv:2312.00752", "license:apache-2.0", "autotrain_compatible", "endpoints_compatible", "region:us"], "downloads": 492, "library_name": "transformers", "widgetData": [{"text": "My name is Julien and I like to"}, {"text": "My name is Thomas and my main"}, {"text": "My name is Mariama, my favorite"}, {"text": "My name is Clara and I am"}, {"text": "My name is Lewis and I like to"}, {"text": "My name is Merve and my favorite"}, {"text": "My name is Teven and I am"}, {"text": "Once upon a time,"}], "likes": 27, "model-index": null, "config": {"architectures": ["MambaForCausalLM"], "auto_map": {"AutoConfig": "configuration_mamba.MambaConfig", "AutoModelForCausalLM": "modeling_mamba.MambaForCausalLM"}, "model_type": "mamba", "tokenizer_config": {"unk_token": "<|endoftext|>", "bos_token": "<|endoftext|>", "eos_token": "<|endoftext|>"}}, "cardData": {"license": "apache-2.0", "language": ["en"], "tags": ["mamba-hf"]}, "transformersInfo": {"auto_model": "AutoModelForCausalLM", "pipeline_tag": "text-generation", "processor": "AutoTokenizer"}, "siblings": [{"rfilename": ".gitattributes"}, {"rfilename": "README.md"}, {"rfilename": "config.json"}, {"rfilename": "configuration_mamba.py"}, {"rfilename": "generation_config.json"}, {"rfilename": "merges.txt"}, {"rfilename": "modeling_mamba.py"}, {"rfilename": "pytorch_model.bin"}, {"rfilename": "special_tokens_map.json"}, {"rfilename": "tokenizer.json"}, {"rfilename": "tokenizer_config.json"}, {"rfilename": "vocab.json"}], "spaces": [], "createdAt": "2023-12-23T08:13:58.000Z", "inferenceStatus": "not-loaded"}