{"_id": "6578a192411e14898ba901d3", "id": "Q-bert/MetaMath-3B", "modelId": "Q-bert/MetaMath-3B", "author": "Q-bert", "sha": "d3d4860b21b143b53a3e70e7e6978cc9b9c53a2a", "lastModified": "2023-12-13T09:54:49.000Z", "private": false, "disabled": false, "gated": false, "tags": ["tensorboard", "safetensors", "region:us"], "downloads": 0, "likes": 0, "siblings": [{"rfilename": ".gitattributes"}, {"rfilename": "adapter_config.json"}, {"rfilename": "adapter_model.safetensors"}, {"rfilename": "runs/Dec13_06-23-17_4a5b9f9e22e2/events.out.tfevents.1702448598.4a5b9f9e22e2.1185.0"}, {"rfilename": "runs/Dec13_06-36-04_4a5b9f9e22e2/events.out.tfevents.1702449365.4a5b9f9e22e2.3645.0"}, {"rfilename": "runs/Dec13_06-39-06_4a5b9f9e22e2/events.out.tfevents.1702449546.4a5b9f9e22e2.6723.0"}, {"rfilename": "runs/Dec13_06-42-58_4a5b9f9e22e2/events.out.tfevents.1702449779.4a5b9f9e22e2.7932.0"}, {"rfilename": "runs/Dec13_06-56-15_4a5b9f9e22e2/events.out.tfevents.1702450576.4a5b9f9e22e2.9301.0"}, {"rfilename": "runs/Dec13_06-59-41_4a5b9f9e22e2/events.out.tfevents.1702450783.4a5b9f9e22e2.12108.0"}, {"rfilename": "runs/Dec13_07-04-26_4a5b9f9e22e2/events.out.tfevents.1702451067.4a5b9f9e22e2.13381.0"}, {"rfilename": "runs/Dec13_07-08-19_4a5b9f9e22e2/events.out.tfevents.1702451300.4a5b9f9e22e2.14435.0"}, {"rfilename": "training_args.bin"}], "spaces": [], "createdAt": "2023-12-12T18:08:18.000Z", "inferenceStatus": "not-loaded"}