{"_id": "658693f8438d7b1ccff8ba21", "id": "Q-bert/Mamba-370M", "modelId": "Q-bert/Mamba-370M", "author": "Q-bert", "sha": "d1dc38a725302791020db6eb541c9b601c6aa7c6", "lastModified": "2024-03-08T06:15:48.000Z", "private": false, "disabled": false, "gated": false, "pipeline_tag": "text-generation", "tags": ["transformers", "pytorch", "mamba", "text-generation", "mamba-hf", "custom_code", "en", "arxiv:2312.00752", "license:apache-2.0", "autotrain_compatible", "endpoints_compatible", "region:us"], "downloads": 119, "library_name": "transformers", "widgetData": [{"text": "My name is Julien and I like to"}, {"text": "My name is Thomas and my main"}, {"text": "My name is Mariama, my favorite"}, {"text": "My name is Clara and I am"}, {"text": "My name is Lewis and I like to"}, {"text": "My name is Merve and my favorite"}, {"text": "My name is Teven and I am"}, {"text": "Once upon a time,"}], "likes": 4, "model-index": null, "config": {"architectures": ["MambaForCausalLM"], "auto_map": {"AutoConfig": "configuration_mamba.MambaConfig", "AutoModelForCausalLM": "modeling_mamba.MambaForCausalLM"}, "model_type": "mamba", "tokenizer_config": {"unk_token": "<|endoftext|>", "bos_token": "<|endoftext|>", "eos_token": "<|endoftext|>"}}, "cardData": {"license": "apache-2.0", "language": ["en"], "tags": ["mamba-hf"]}, "transformersInfo": {"auto_model": "AutoModelForCausalLM", "pipeline_tag": "text-generation", "processor": "AutoTokenizer"}, "siblings": [{"rfilename": ".gitattributes"}, {"rfilename": "README.md"}, {"rfilename": "config.json"}, {"rfilename": "configuration_mamba.py"}, {"rfilename": "generation_config.json"}, {"rfilename": "merges.txt"}, {"rfilename": "modeling_mamba.py"}, {"rfilename": "pytorch_model.bin"}, {"rfilename": "special_tokens_map.json"}, {"rfilename": "tokenizer.json"}, {"rfilename": "tokenizer_config.json"}, {"rfilename": "vocab.json"}], "spaces": [], "createdAt": "2023-12-23T08:02:00.000Z", "inferenceStatus": "not-loaded"}