{"_id": "658dae704ab7154311766b6f", "id": "Q-bert/MambaHermes-3B", "modelId": "Q-bert/MambaHermes-3B", "author": "Q-bert", "sha": "4662481f118b236f75e7ed3d0094c227d27568ba", "lastModified": "2024-03-08T06:18:34.000Z", "private": false, "disabled": false, "gated": false, "pipeline_tag": "text-generation", "tags": ["transformers", "pytorch", "mamba", "text-generation", "mamba-hf", "custom_code", "en", "arxiv:2312.00752", "license:wtfpl", "autotrain_compatible", "endpoints_compatible", "region:us"], "downloads": 11, "library_name": "transformers", "widgetData": [{"text": "My name is Julien and I like to"}, {"text": "My name is Thomas and my main"}, {"text": "My name is Mariama, my favorite"}, {"text": "My name is Clara and I am"}, {"text": "My name is Lewis and I like to"}, {"text": "My name is Merve and my favorite"}, {"text": "My name is Teven and I am"}, {"text": "Once upon a time,"}], "likes": 10, "model-index": null, "config": {"architectures": ["MambaForCausalLM"], "auto_map": {"AutoConfig": "configuration_mamba.MambaConfig", "AutoModelForCausalLM": "modeling_mamba.MambaForCausalLM"}, "model_type": "mamba", "tokenizer_config": {"unk_token": "<|endoftext|>", "bos_token": "<|endoftext|>", "eos_token": "<|endoftext|>"}}, "cardData": {"license": "wtfpl", "language": ["en"], "tags": ["mamba-hf"]}, "transformersInfo": {"auto_model": "AutoModelForCausalLM", "pipeline_tag": "text-generation", "processor": "AutoTokenizer"}, "siblings": [{"rfilename": ".gitattributes"}, {"rfilename": "README.md"}, {"rfilename": "config.json"}, {"rfilename": "configuration_mamba.py"}, {"rfilename": "generation_config.json"}, {"rfilename": "merges.txt"}, {"rfilename": "modeling_mamba.py"}, {"rfilename": "pytorch_model.bin"}, {"rfilename": "special_tokens_map.json"}, {"rfilename": "tokenizer.json"}, {"rfilename": "tokenizer_config.json"}, {"rfilename": "vocab.json"}], "spaces": [], "createdAt": "2023-12-28T17:20:48.000Z", "inferenceStatus": "not-loaded"}