{"_id": "6487249f759899ef7bebd4c3", "id": "Q-bert/llama-turkish-tokenizer", "modelId": "Q-bert/llama-turkish-tokenizer", "author": "Q-bert", "sha": "59314a36e09a23c8582ca5f0af36c57462c1e775", "lastModified": "2023-06-12T16:11:53.000Z", "private": false, "disabled": false, "gated": false, "tags": ["license:mit", "region:us"], "downloads": 0, "likes": 0, "model-index": null, "cardData": {"license": "mit"}, "siblings": [{"rfilename": ".gitattributes"}, {"rfilename": "README.md"}, {"rfilename": "tokenizer.model"}], "spaces": [], "createdAt": "2023-06-12T13:58:55.000Z", "inferenceStatus": "not-loaded"}