{"_id": "65a7c2b5a50d98af18802849", "id": "Q-bert/dynamo-8B-v0.1-tr", "modelId": "Q-bert/dynamo-8B-v0.1-tr", "author": "Q-bert", "sha": "ee70f7276a2d70865c480b1eeb533cdb6cfc251f", "lastModified": "2024-01-17T15:49:52.000Z", "private": false, "disabled": false, "gated": false, "tags": ["tensorboard", "safetensors", "region:us"], "downloads": 0, "likes": 0, "siblings": [{"rfilename": ".gitattributes"}, {"rfilename": "adapter_config.json"}, {"rfilename": "adapter_model.safetensors"}, {"rfilename": "runs/Jan17_12-20-28_28dd378f4dc0/events.out.tfevents.1705494030.28dd378f4dc0.1387.0"}, {"rfilename": "training_args.bin"}], "spaces": [], "createdAt": "2024-01-17T12:06:13.000Z", "inferenceStatus": "not-loaded"}