{"_id": "6521a3bdc709aaca9a9b19a6", "id": "Q-bert/SMILETokenizer", "modelId": "Q-bert/SMILETokenizer", "author": "Q-bert", "sha": "a01d92ae05a8196c581d7f35e3588838c141de54", "lastModified": "2023-10-07T18:45:30.000Z", "private": false, "disabled": false, "gated": false, "tags": ["region:us"], "downloads": 0, "likes": 0, "config": {"tokenizer_config": {"bos_token": "<|startofmolecule|>", "eos_token": "<|endofmolecule|>", "unk_token": "<|UNK|>"}}, "siblings": [{"rfilename": ".gitattributes"}, {"rfilename": "added_tokens.json"}, {"rfilename": "merges.txt"}, {"rfilename": "special_tokens_map.json"}, {"rfilename": "tokenizer.json"}, {"rfilename": "tokenizer_config.json"}, {"rfilename": "vocab.json"}], "spaces": [], "createdAt": "2023-10-07T18:30:21.000Z", "inferenceStatus": "not-loaded"}