{"_id": "6581e5bf60e64a15efe3b731", "id": "Q-bert/Fistral", "modelId": "Q-bert/Fistral", "author": "Q-bert", "sha": "2ec7353f91129aa8127427559a9302b9acbd0e94", "lastModified": "2023-12-19T18:49:35.000Z", "private": false, "disabled": false, "gated": false, "tags": ["license:mit", "region:us"], "downloads": 0, "likes": 0, "model-index": null, "cardData": {"license": "mit"}, "siblings": [{"rfilename": ".gitattributes"}, {"rfilename": "README.md"}], "spaces": [], "createdAt": "2023-12-19T18:49:35.000Z", "inferenceStatus": "not-loaded"}