{"_id": "6686733a369b09d564c82d7d", "id": "Q-bert/CyclicFormer-wiki-en", "modelId": "Q-bert/CyclicFormer-wiki-en", "author": "Q-bert", "sha": "4e03b5635fa9502ad9c92c337b8f70add269013e", "lastModified": "2024-07-04T13:18:50.000Z", "private": false, "disabled": false, "gated": false, "pipeline_tag": "text-generation", "tags": ["transformers", "safetensors", "cyclicformer", "text-generation", "autotrain_compatible", "endpoints_compatible", "region:us"], "downloads": 11, "library_name": "transformers", "widgetData": [{"text": "My name is Julien and I like to"}, {"text": "My name is Thomas and my main"}, {"text": "My name is Mariama, my favorite"}, {"text": "My name is Clara and I am"}, {"text": "My name is Lewis and I like to"}, {"text": "My name is Merve and my favorite"}, {"text": "My name is Teven and I am"}, {"text": "Once upon a time,"}], "likes": 0, "config": {"architectures": ["CyclicFormerForCausalLM"], "model_type": "cyclicformer"}, "transformersInfo": {"auto_model": "AutoModelForCausalLM", "pipeline_tag": "text-generation"}, "siblings": [{"rfilename": ".gitattributes"}, {"rfilename": "config.json"}, {"rfilename": "model.safetensors"}, {"rfilename": "training_args.bin"}], "spaces": [], "createdAt": "2024-07-04T10:02:34.000Z", "safetensors": {"parameters": {"F32": 51386000}, "total": 51386000}, "inferenceStatus": "not-loaded"}