{"_id": "668bc80244ab5de7e4c16a75", "id": "Q-bert/vit-l", "modelId": "Q-bert/vit-l", "author": "Q-bert", "sha": "5aea88c704195200da5edb82725d4f1e1b5aca54", "lastModified": "2024-07-08T11:25:03.000Z", "private": false, "disabled": false, "gated": false, "pipeline_tag": "feature-extraction", "tags": ["transformers", "safetensors", "clip_vision_model", "feature-extraction", "endpoints_compatible", "8-bit", "region:us"], "downloads": 2, "library_name": "transformers", "likes": 0, "config": {"architectures": ["CLIPVisionModel"], "model_type": "clip_vision_model"}, "transformersInfo": {"auto_model": "AutoModel", "pipeline_tag": "feature-extraction", "processor": "AutoTokenizer"}, "siblings": [{"rfilename": ".gitattributes"}, {"rfilename": "config.json"}, {"rfilename": "model.safetensors"}, {"rfilename": "projector.pth"}], "spaces": [], "createdAt": "2024-07-08T11:05:38.000Z", "safetensors": {"parameters": {"F32": 221184, "F16": 1517568, "I8": 301989888}, "total": 303728640}, "inferenceStatus": "not-loaded"}