{"_id": "656729a6162ad28c04afed10", "id": "Q-bert/xglm-try", "modelId": "Q-bert/xglm-try", "author": "Q-bert", "sha": "35ce2dd637994228cd572f9bdf4fde588665b82f", "lastModified": "2023-11-29T12:52:29.000Z", "private": false, "disabled": false, "gated": false, "pipeline_tag": "text-generation", "tags": ["transformers", "safetensors", "xglm", "text-generation", "license:mit", "autotrain_compatible", "endpoints_compatible", "region:us"], "downloads": 3, "library_name": "transformers", "widgetData": [{"text": "My name is Julien and I like to"}, {"text": "My name is Thomas and my main"}, {"text": "My name is Mariama, my favorite"}, {"text": "My name is Clara and I am"}, {"text": "My name is Lewis and I like to"}, {"text": "My name is Merve and my favorite"}, {"text": "My name is Teven and I am"}, {"text": "Once upon a time,"}], "likes": 0, "model-index": null, "config": {"architectures": ["XGLMForCausalLM"], "model_type": "xglm"}, "cardData": {"license": "mit"}, "transformersInfo": {"auto_model": "AutoModelForCausalLM", "pipeline_tag": "text-generation", "processor": "AutoTokenizer"}, "siblings": [{"rfilename": ".gitattributes"}, {"rfilename": "README.md"}, {"rfilename": "config.json"}, {"rfilename": "configuration_xglm.py"}, {"rfilename": "model.safetensors"}, {"rfilename": "modeling_xglm.py"}], "spaces": [], "createdAt": "2023-11-29T12:08:06.000Z", "safetensors": {"parameters": {"F16": 5076815872}, "total": 5076815872}, "inferenceStatus": "not-loaded"}