{"_id": "650d4b5c2751c84306c3aeb8", "id": "Q-bert/CP-Trainer", "modelId": "Q-bert/CP-Trainer", "author": "Q-bert", "sha": "1807213d93a1b738f0b259903f7c9fa87ee37f6c", "lastModified": "2023-09-22T08:08:00.000Z", "private": false, "disabled": false, "gated": false, "tags": ["peft", "region:us"], "downloads": 0, "library_name": "peft", "likes": 0, "model-index": null, "config": {"peft": {"task_type": "CAUSAL_LM"}}, "cardData": {"library_name": "peft"}, "siblings": [{"rfilename": ".gitattributes"}, {"rfilename": "README.md"}, {"rfilename": "adapter_config.json"}, {"rfilename": "adapter_model.bin"}], "spaces": [], "createdAt": "2023-09-22T08:07:56.000Z", "inferenceStatus": "not-loaded"}