{"_id": "656f7ea07734a829bbc3aba2", "id": "Q-bert/MetaMath-Cybertron-Starling", "modelId": "Q-bert/MetaMath-Cybertron-Starling", "author": "Q-bert", "sha": "af57a4d2d3f2f0f3f5c8006b8dc89d547ab3a44e", "lastModified": "2024-01-25T11:43:57.000Z", "private": false, "disabled": false, "gated": false, "pipeline_tag": "text-generation", "tags": ["transformers", "safetensors", "mistral", "text-generation", "Math", "merge", "en", "dataset:meta-math/MetaMathQA", "base_model:Q-bert/MetaMath-Cybertron", "base_model:berkeley-nest/Starling-LM-7B-alpha", "license:cc-by-nc-4.0", "autotrain_compatible", "text-generation-inference", "endpoints_compatible", "region:us"], "downloads": 1776, "library_name": "transformers", "widgetData": [{"text": "My name is Julien and I like to"}, {"text": "My name is Thomas and my main"}, {"text": "My name is Mariama, my favorite"}, {"text": "My name is Clara and I am"}, {"text": "My name is Lewis and I like to"}, {"text": "My name is Merve and my favorite"}, {"text": "My name is Teven and I am"}, {"text": "Once upon a time,"}], "likes": 39, "model-index": null, "config": {"architectures": ["MistralForCausalLM"], "model_type": "mistral", "tokenizer_config": {"bos_token": "<s>", "eos_token": "</s>", "pad_token": null, "unk_token": "<unk>", "use_default_system_prompt": true}}, "cardData": {"license": "cc-by-nc-4.0", "datasets": ["meta-math/MetaMathQA"], "language": ["en"], "pipeline_tag": "text-generation", "tags": ["Math", "merge"], "base_model": ["Q-bert/MetaMath-Cybertron", "berkeley-nest/Starling-LM-7B-alpha"]}, "transformersInfo": {"auto_model": "AutoModelForCausalLM", "pipeline_tag": "text-generation", "processor": "AutoTokenizer"}, "siblings": [{"rfilename": ".gitattributes"}, {"rfilename": "README.md"}, {"rfilename": "config.json"}, {"rfilename": "model-00001-of-00002.safetensors"}, {"rfilename": "model-00002-of-00002.safetensors"}, {"rfilename": "model.safetensors.index.json"}, {"rfilename": "special_tokens_map.json"}, {"rfilename": "tokenizer.json"}, {"rfilename": "tokenizer.model"}, {"rfilename": "tokenizer_config.json"}], "spaces": [], "createdAt": "2023-12-05T19:48:48.000Z", "safetensors": {"parameters": {"F16": 7241732096}, "total": 7241732096}, "inferenceStatus": "not-loaded"}