{"_id": "65fad20ff3b7e962c1b25197", "id": "q-future/q-align-ft-ytugc", "modelId": "q-future/q-align-ft-ytugc", "author": "q-future", "sha": "ec0082826ef7d7b13a27dc5b19ec9502d4a2c0cc", "lastModified": "2024-03-20T12:11:44.000Z", "private": false, "disabled": false, "gated": false, "pipeline_tag": "feature-extraction", "tags": ["transformers", "pytorch", "mplug_owl2", "feature-extraction", "custom_code", "region:us"], "downloads": 1, "library_name": "transformers", "likes": 0, "config": {"architectures": ["MPLUGOwl2LlamaForCausalLM"], "auto_map": {"AutoConfig": "q-future/one-align--configuration_mplug_owl2.MPLUGOwl2Config", "AutoModel": "q-future/one-align--modeling_mplug_owl2.MPLUGOwl2LlamaForCausalLM", "AutoModelForCausalLM": "q-future/one-align--modeling_mplug_owl2.MPLUGOwl2LlamaForCausalLM"}, "model_type": "mplug_owl2", "tokenizer_config": {"bos_token": "<s>", "eos_token": "</s>", "pad_token": "<unk>", "unk_token": "<unk>", "use_default_system_prompt": false}}, "transformersInfo": {"auto_model": "AutoModel", "custom_class": "q-future/one-align--modeling_mplug_owl2.MPLUGOwl2LlamaForCausalLM", "pipeline_tag": "feature-extraction"}, "siblings": [{"rfilename": ".gitattributes"}, {"rfilename": "config.json"}, {"rfilename": "preprocessor_config.json"}, {"rfilename": "pytorch_model-00001-of-00004.bin"}, {"rfilename": "pytorch_model-00002-of-00004.bin"}, {"rfilename": "pytorch_model-00003-of-00004.bin"}, {"rfilename": "pytorch_model-00004-of-00004.bin"}, {"rfilename": "pytorch_model.bin.index.json"}, {"rfilename": "special_tokens_map.json"}, {"rfilename": "tokenizer.model"}, {"rfilename": "tokenizer_config.json"}, {"rfilename": "trainer_state.json"}, {"rfilename": "training_args.bin"}], "spaces": [], "createdAt": "2024-03-20T12:09:51.000Z", "inferenceStatus": "not-loaded"}