{"_id": "65dc0490d6961d2df44b048c", "id": "q-future/geneva-v0", "modelId": "q-future/geneva-v0", "author": "q-future", "sha": "bc232f3c3248163ff0864278252e2b0647e823db", "lastModified": "2024-02-26T03:26:53.000Z", "private": false, "disabled": false, "gated": false, "pipeline_tag": "text-generation", "tags": ["transformers", "pytorch", "mplug_owl2", "text-generation", "autotrain_compatible", "endpoints_compatible", "region:us"], "downloads": 1, "library_name": "transformers", "widgetData": [{"text": "My name is Julien and I like to"}, {"text": "My name is Thomas and my main"}, {"text": "My name is Mariama, my favorite"}, {"text": "My name is Clara and I am"}, {"text": "My name is Lewis and I like to"}, {"text": "My name is Merve and my favorite"}, {"text": "My name is Teven and I am"}, {"text": "Once upon a time,"}], "likes": 0, "config": {"architectures": ["MPLUGOwl2LlamaForCausalLM"], "model_type": "mplug_owl2", "tokenizer_config": {"bos_token": "<s>", "eos_token": "</s>", "pad_token": "<unk>", "unk_token": "<unk>", "use_default_system_prompt": false}}, "transformersInfo": {"auto_model": "AutoModelForCausalLM", "pipeline_tag": "text-generation"}, "siblings": [{"rfilename": ".gitattributes"}, {"rfilename": "config.json"}, {"rfilename": "preprocessor_config.json"}, {"rfilename": "pytorch_model-00001-of-00004.bin"}, {"rfilename": "pytorch_model-00002-of-00004.bin"}, {"rfilename": "pytorch_model-00003-of-00004.bin"}, {"rfilename": "pytorch_model-00004-of-00004.bin"}, {"rfilename": "pytorch_model.bin.index.json"}, {"rfilename": "special_tokens_map.json"}, {"rfilename": "tokenizer.model"}, {"rfilename": "tokenizer_config.json"}, {"rfilename": "trainer_state.json"}, {"rfilename": "training_args.bin"}], "spaces": [], "createdAt": "2024-02-26T03:25:04.000Z", "inferenceStatus": "not-loaded"}