{"_id": "659a457f8c5c668886b7589d", "id": "q-future/q-align-cgi-lora-1", "modelId": "q-future/q-align-cgi-lora-1", "author": "q-future", "sha": "4f7f75633b39f13dbaf980f0491747e528aa7acc", "lastModified": "2024-01-07T06:32:49.000Z", "private": false, "disabled": false, "gated": false, "tags": ["peft", "mplug_owl2", "custom_code", "region:us"], "downloads": 0, "library_name": "peft", "likes": 0, "model-index": null, "config": {"architectures": ["MPLUGOwl2LlamaForCausalLM"], "auto_map": {"AutoConfig": "q-future/one-align--configuration_mplug_owl2.MPLUGOwl2Config", "AutoModel": "q-future/one-align--modeling_mplug_owl2.MPLUGOwl2LlamaForCausalLM", "AutoModelForCausalLM": "q-future/one-align--modeling_mplug_owl2.MPLUGOwl2LlamaForCausalLM"}, "model_type": "mplug_owl2", "peft": {"base_model_name_or_path": "q-future/one-align", "task_type": "CAUSAL_LM"}}, "cardData": {"library_name": "peft"}, "siblings": [{"rfilename": ".gitattributes"}, {"rfilename": "README.md"}, {"rfilename": "adapter_config.json"}, {"rfilename": "adapter_model.bin"}, {"rfilename": "config.json"}, {"rfilename": "non_lora_trainables.bin"}, {"rfilename": "preprocessor_config.json"}, {"rfilename": "trainer_state.json"}], "spaces": [], "createdAt": "2024-01-07T06:32:31.000Z", "inferenceStatus": "not-loaded"}