{"_id": "6638f3260419b502169b74b5", "id": "Q-I-Phoenix-I-Q/the-feet", "modelId": "Q-I-Phoenix-I-Q/the-feet", "author": "Q-I-Phoenix-I-Q", "sha": "7f611e3a8cb996a09a51e6f278bac3fa5487fab0", "lastModified": "2024-05-06T15:15:03.000Z", "private": false, "disabled": false, "gated": false, "tags": ["region:us"], "downloads": 0, "likes": 0, "siblings": [{"rfilename": ".gitattributes"}, {"rfilename": "feetpose-000006.safetensors"}], "spaces": [], "createdAt": "2024-05-06T15:11:34.000Z", "inferenceStatus": "not-loaded"}