{"_id": "66437ab6e09065791aeae6d4", "id": "Q-I-Phoenix-I-Q/aheo-1", "modelId": "Q-I-Phoenix-I-Q/aheo-1", "author": "Q-I-Phoenix-I-Q", "sha": "4d22cb48415d83f03b9de12eea1d2d3612adf2db", "lastModified": "2024-05-14T14:53:28.000Z", "private": false, "disabled": false, "gated": false, "tags": ["region:us"], "downloads": 0, "likes": 0, "siblings": [{"rfilename": ".gitattributes"}, {"rfilename": "ahegao,rolling_eyes-000014.safetensors"}], "spaces": [], "createdAt": "2024-05-14T14:52:38.000Z", "inferenceStatus": "not-loaded"}