{"_id": "6638f3191064a85108071274", "id": "Q-I-Phoenix-I-Q/the-feet2", "modelId": "Q-I-Phoenix-I-Q/the-feet2", "author": "Q-I-Phoenix-I-Q", "sha": "1edd8eb8d699457592595b0f591a50187e51c675", "lastModified": "2024-05-06T15:18:49.000Z", "private": false, "disabled": false, "gated": false, "tags": ["region:us"], "downloads": 0, "likes": 0, "siblings": [{"rfilename": ".gitattributes"}, {"rfilename": "animefeetv4.safetensors"}], "spaces": [], "createdAt": "2024-05-06T15:11:21.000Z", "inferenceStatus": "not-loaded"}