{"_id": "664252c9f8149cb6234eca34", "id": "Q-I-Phoenix-I-Q/the-feet1", "modelId": "Q-I-Phoenix-I-Q/the-feet1", "author": "Q-I-Phoenix-I-Q", "sha": "91878633b14002aa605f3736f6dfcc886e0bf335", "lastModified": "2024-05-13T17:56:09.000Z", "private": false, "disabled": false, "gated": false, "tags": ["region:us"], "downloads": 0, "likes": 0, "siblings": [{"rfilename": ".gitattributes"}, {"rfilename": "feet v3.safetensors"}], "spaces": [], "createdAt": "2024-05-13T17:50:01.000Z", "inferenceStatus": "not-loaded"}