{"_id": "65b65cd2e02a17f0f88f900c", "id": "Q-MM/clip-vit-large-patch14-336", "modelId": "Q-MM/clip-vit-large-patch14-336", "author": "Q-MM", "sha": "05786fe0293460ef8bde7b4e9bb871c6093e4967", "lastModified": "2024-01-28T14:40:23.000Z", "private": false, "disabled": false, "gated": false, "pipeline_tag": "zero-shot-image-classification", "tags": ["transformers", "pytorch", "clip", "zero-shot-image-classification", "license:apache-2.0", "endpoints_compatible", "region:us"], "downloads": 23, "library_name": "transformers", "likes": 0, "model-index": null, "config": {"architectures": ["CLIPModel"], "model_type": "clip", "tokenizer_config": {"unk_token": {"content": "<|endoftext|>", "single_word": false, "lstrip": false, "rstrip": false, "normalized": true, "__type": "AddedToken"}, "bos_token": {"content": "<|startoftext|>", "single_word": false, "lstrip": false, "rstrip": false, "normalized": true, "__type": "AddedToken"}, "eos_token": {"content": "<|endoftext|>", "single_word": false, "lstrip": false, "rstrip": false, "normalized": true, "__type": "AddedToken"}, "pad_token": "<|endoftext|>"}}, "cardData": {"license": "apache-2.0"}, "transformersInfo": {"auto_model": "AutoModelForZeroShotImageClassification", "pipeline_tag": "zero-shot-image-classification", "processor": "AutoProcessor"}, "siblings": [{"rfilename": ".gitattributes"}, {"rfilename": "README.md"}, {"rfilename": "config.json"}, {"rfilename": "merges.txt"}, {"rfilename": "preprocessor_config.json"}, {"rfilename": "pytorch_model.bin"}, {"rfilename": "special_tokens_map.json"}, {"rfilename": "tokenizer.json"}, {"rfilename": "tokenizer_config.json"}, {"rfilename": "vocab.json"}], "spaces": [], "createdAt": "2024-01-28T13:55:30.000Z", "inferenceStatus": "not-loaded"}