{"_id": "646c436adb697c798a5a1561", "id": "Q-Wind/videomae-base-finetuned-ucf101-subset", "modelId": "Q-Wind/videomae-base-finetuned-ucf101-subset", "author": "Q-Wind", "sha": "4b4db63bae46cad265847f4a7cdd170dbc252f95", "lastModified": "2023-06-30T09:19:04.000Z", "private": false, "disabled": false, "gated": false, "pipeline_tag": "video-classification", "tags": ["transformers", "pytorch", "tensorboard", "videomae", "video-classification", "generated_from_trainer", "license:cc-by-nc-4.0", "endpoints_compatible", "region:us"], "downloads": 1, "library_name": "transformers", "likes": 0, "model-index": [{"name": "videomae-base-finetuned-ucf101-subset", "results": []}], "config": {"architectures": ["VideoMAEForVideoClassification"], "model_type": "videomae"}, "cardData": {"license": "cc-by-nc-4.0", "tags": ["generated_from_trainer"], "metrics": ["accuracy"], "model-index": [{"name": "videomae-base-finetuned-ucf101-subset", "results": []}]}, "transformersInfo": {"auto_model": "AutoModelForVideoClassification", "pipeline_tag": "video-classification", "processor": "AutoImageProcessor"}, "siblings": [{"rfilename": ".gitattributes"}, {"rfilename": ".gitignore"}, {"rfilename": "README.md"}, {"rfilename": "all_results.json"}, {"rfilename": "config.json"}, {"rfilename": "preprocessor_config.json"}, {"rfilename": "pytorch_model.bin"}, {"rfilename": "runs/May23_06-12-39_f9603ed0f98b/1684822395.294654/events.out.tfevents.1684822395.f9603ed0f98b.767.1"}, {"rfilename": "runs/May23_06-12-39_f9603ed0f98b/events.out.tfevents.1684822395.f9603ed0f98b.767.0"}, {"rfilename": "runs/May23_06-12-39_f9603ed0f98b/events.out.tfevents.1684823693.f9603ed0f98b.767.2"}, {"rfilename": "test_results.json"}, {"rfilename": "trainer_state.json"}, {"rfilename": "training_args.bin"}], "spaces": [], "createdAt": "2023-05-23T04:39:06.000Z", "inferenceStatus": "not-loaded"}