{"_id": "649ff7bdca03a1a35e4c2cdb", "id": "Q-Wind/videomae-base-finetuned-ucf101-epoch20", "modelId": "Q-Wind/videomae-base-finetuned-ucf101-epoch20", "author": "Q-Wind", "sha": "8b3eaed2fcac99cb4d3ba9809782ccbecce1bb0b", "lastModified": "2023-07-02T07:41:14.000Z", "private": false, "disabled": false, "gated": false, "pipeline_tag": "video-classification", "tags": ["transformers", "pytorch", "videomae", "video-classification", "generated_from_trainer", "license:cc-by-nc-4.0", "endpoints_compatible", "region:us"], "downloads": 1, "library_name": "transformers", "likes": 0, "model-index": [{"name": "videomae-base-finetuned-ucf101-epoch20", "results": []}], "config": {"architectures": ["VideoMAEForVideoClassification"], "model_type": "videomae"}, "cardData": {"license": "cc-by-nc-4.0", "tags": ["generated_from_trainer"], "metrics": ["accuracy"], "model-index": [{"name": "videomae-base-finetuned-ucf101-epoch20", "results": []}]}, "transformersInfo": {"auto_model": "AutoModelForVideoClassification", "pipeline_tag": "video-classification", "processor": "AutoImageProcessor"}, "siblings": [{"rfilename": ".gitattributes"}, {"rfilename": ".gitignore"}, {"rfilename": "README.md"}, {"rfilename": "all_results.json"}, {"rfilename": "config.json"}, {"rfilename": "preprocessor_config.json"}, {"rfilename": "pytorch_model.bin"}, {"rfilename": "test_results.json"}, {"rfilename": "trainer_state.json"}, {"rfilename": "training_args.bin"}], "spaces": [], "createdAt": "2023-07-01T09:54:05.000Z", "inferenceStatus": "not-loaded"}