{"_id": "649b2d906b9c4cd8eede4ad2", "id": "q0sqiueZ/Slava_marlowV2", "modelId": "q0sqiueZ/Slava_marlowV2", "author": "q0sqiueZ", "sha": "ee731540bed874c3bb710666e8664d79394138fb", "lastModified": "2023-06-27T18:43:27.000Z", "private": false, "disabled": false, "gated": false, "tags": ["license:openrail", "region:us"], "downloads": 0, "likes": 0, "model-index": null, "cardData": {"license": "openrail"}, "siblings": [{"rfilename": ".gitattributes"}, {"rfilename": "README.md"}, {"rfilename": "slavamarlowka.zip"}], "spaces": [], "createdAt": "2023-06-27T18:42:24.000Z", "inferenceStatus": "not-loaded"}