{"_id": "649affa8806fdfeb35076512", "id": "q0sqiueZ/Slavamarlow", "modelId": "q0sqiueZ/Slavamarlow", "author": "q0sqiueZ", "sha": "3a20bd3273562e7d58c0be77d3f2938001caafdb", "lastModified": "2023-06-27T15:28:09.000Z", "private": false, "disabled": false, "gated": false, "tags": ["license:openrail", "region:us"], "downloads": 0, "likes": 0, "model-index": null, "cardData": {"license": "openrail"}, "siblings": [{"rfilename": ".gitattributes"}, {"rfilename": "README.md"}, {"rfilename": "slavamarloow.zip"}], "spaces": [], "createdAt": "2023-06-27T15:26:32.000Z", "inferenceStatus": "not-loaded"}