{"_id": "664aed9ffe822b08e603f691", "id": "q1e123/peft-starcoder-lora-a100", "modelId": "q1e123/peft-starcoder-lora-a100", "author": "q1e123", "sha": "b8acd9c056e62fd8c82736805f7f1d122174a03e", "lastModified": "2024-05-22T08:18:55.000Z", "private": false, "disabled": false, "gated": false, "tags": ["peft", "safetensors", "generated_from_trainer", "base_model:distilbert/distilgpt2", "license:apache-2.0", "region:us"], "downloads": 2, "library_name": "peft", "likes": 0, "model-index": [{"name": "peft-starcoder-lora-a100", "results": []}], "config": {"peft": {"base_model_name_or_path": "distilbert/distilgpt2", "task_type": "CAUSAL_LM"}}, "cardData": {"license": "apache-2.0", "library_name": "peft", "tags": ["generated_from_trainer"], "base_model": "distilbert/distilgpt2", "model-index": [{"name": "peft-starcoder-lora-a100", "results": []}]}, "siblings": [{"rfilename": ".gitattributes"}, {"rfilename": "README.md"}, {"rfilename": "adapter_config.json"}, {"rfilename": "adapter_model.safetensors"}, {"rfilename": "training_args.bin"}], "spaces": [], "createdAt": "2024-05-20T06:28:47.000Z", "inferenceStatus": "not-loaded"}