{"_id": "62a239d49a461d622fa29649", "id": "q2-jlbar/segformer-b0-finetuned-brooks-or-dunn", "modelId": "q2-jlbar/segformer-b0-finetuned-brooks-or-dunn", "author": "q2-jlbar", "sha": "d7017bbe1a73a1c18d49b473b608cf1edff0ebfc", "lastModified": "2022-06-09T19:47:36.000Z", "private": false, "disabled": false, "gated": false, "pipeline_tag": "image-segmentation", "tags": ["transformers", "pytorch", "segformer", "vision", "image-segmentation", "generated_from_trainer", "license:apache-2.0", "endpoints_compatible", "region:us"], "downloads": 1, "library_name": "transformers", "likes": 0, "model-index": [{"name": "segformer-b0-finetuned-brooks-or-dunn", "results": []}], "config": {"architectures": ["SegformerForSemanticSegmentation"], "model_type": "segformer"}, "cardData": {"license": "apache-2.0", "tags": ["vision", "image-segmentation", "generated_from_trainer"], "model-index": [{"name": "segformer-b0-finetuned-brooks-or-dunn", "results": []}]}, "transformersInfo": {"auto_model": "SegformerForSemanticSegmentation", "processor": "AutoImageProcessor"}, "siblings": [{"rfilename": ".gitattributes"}, {"rfilename": ".gitignore"}, {"rfilename": "README.md"}, {"rfilename": "config.json"}, {"rfilename": "preprocessor_config.json"}, {"rfilename": "pytorch_model.bin"}, {"rfilename": "training_args.bin"}], "spaces": [], "createdAt": "2022-06-09T18:20:04.000Z", "inferenceStatus": "not-loaded"}