{"_id": "65030057bdaeae2641847840", "id": "Q317/EmoraBert3", "modelId": "Q317/EmoraBert3", "author": "Q317", "sha": "bf621fe990fcea0a6ddb4771ad967a3a88c60dc6", "lastModified": "2023-09-14T13:27:28.000Z", "private": false, "disabled": false, "gated": false, "pipeline_tag": "text-classification", "tags": ["transformers", "tf", "roberta", "text-classification", "generated_from_keras_callback", "base_model:wonrax/phobert-base-vietnamese-sentiment", "license:mit", "autotrain_compatible", "endpoints_compatible", "region:us"], "downloads": 3, "library_name": "transformers", "mask_token": "<mask>", "widgetData": [{"text": "I like you. I love you"}], "likes": 0, "model-index": [{"name": "Q317/EmoraBert3", "results": []}], "config": {"architectures": ["RobertaForSequenceClassification"], "model_type": "roberta", "tokenizer_config": {"bos_token": "<s>", "cls_token": "<s>", "eos_token": "</s>", "mask_token": "<mask>", "pad_token": "<pad>", "sep_token": "</s>", "unk_token": "<unk>"}}, "cardData": {"license": "mit", "base_model": "wonrax/phobert-base-vietnamese-sentiment", "tags": ["generated_from_keras_callback"], "model-index": [{"name": "Q317/EmoraBert3", "results": []}]}, "transformersInfo": {"auto_model": "AutoModelForSequenceClassification", "pipeline_tag": "text-classification", "processor": "AutoTokenizer"}, "siblings": [{"rfilename": ".gitattributes"}, {"rfilename": "README.md"}, {"rfilename": "added_tokens.json"}, {"rfilename": "bpe.codes"}, {"rfilename": "config.json"}, {"rfilename": "special_tokens_map.json"}, {"rfilename": "tf_model.h5"}, {"rfilename": "tokenizer_config.json"}, {"rfilename": "vocab.txt"}], "spaces": [], "createdAt": "2023-09-14T12:45:11.000Z", "inferenceStatus": "not-loaded"}