{"_id": "6502f030adf89caf5f19bcc6", "id": "Q317/EmoraBert2", "modelId": "Q317/EmoraBert2", "author": "Q317", "sha": "fd611f0eb29245b965b85e1233e6f0991bc5be55", "lastModified": "2023-09-14T12:19:17.000Z", "private": false, "disabled": false, "gated": false, "pipeline_tag": "text-classification", "tags": ["transformers", "tf", "roberta", "text-classification", "generated_from_keras_callback", "base_model:wonrax/phobert-base-vietnamese-sentiment", "license:mit", "autotrain_compatible", "endpoints_compatible", "region:us"], "downloads": 3, "library_name": "transformers", "mask_token": "<mask>", "widgetData": [{"text": "I like you. I love you"}], "likes": 0, "model-index": [{"name": "Q317/EmoraBert2", "results": []}], "config": {"architectures": ["RobertaForSequenceClassification"], "model_type": "roberta", "tokenizer_config": {"bos_token": "<s>", "cls_token": "<s>", "eos_token": "</s>", "mask_token": "<mask>", "pad_token": "<pad>", "sep_token": "</s>", "unk_token": "<unk>"}}, "cardData": {"license": "mit", "base_model": "wonrax/phobert-base-vietnamese-sentiment", "tags": ["generated_from_keras_callback"], "model-index": [{"name": "Q317/EmoraBert2", "results": []}]}, "transformersInfo": {"auto_model": "AutoModelForSequenceClassification", "pipeline_tag": "text-classification", "processor": "AutoTokenizer"}, "siblings": [{"rfilename": ".gitattributes"}, {"rfilename": "README.md"}, {"rfilename": "added_tokens.json"}, {"rfilename": "bpe.codes"}, {"rfilename": "config.json"}, {"rfilename": "special_tokens_map.json"}, {"rfilename": "tf_model.h5"}, {"rfilename": "tokenizer_config.json"}, {"rfilename": "vocab.txt"}], "spaces": [], "createdAt": "2023-09-14T11:36:16.000Z", "inferenceStatus": "not-loaded"}