{"_id": "668cc5f2f8e6657dff4adcf9", "id": "q3eTi/ex3", "modelId": "q3eTi/ex3", "author": "q3eTi", "sha": "e1e4b1f8554546fe9bfadb1db2bf993b7dbc41a2", "lastModified": "2024-07-09T06:15:04.000Z", "private": false, "disabled": false, "gated": false, "pipeline_tag": "text-classification", "tags": ["transformers", "safetensors", "bert", "text-classification", "arxiv:1910.09700", "autotrain_compatible", "endpoints_compatible", "region:us"], "downloads": 1, "library_name": "transformers", "mask_token": "[MASK]", "widgetData": [{"text": "I like you. I love you"}], "likes": 0, "model-index": null, "config": {"architectures": ["BertForSequenceClassification"], "model_type": "bert", "tokenizer_config": {"cls_token": "[CLS]", "mask_token": "[MASK]", "pad_token": "[PAD]", "sep_token": "[SEP]", "unk_token": "[UNK]"}}, "cardData": {"library_name": "transformers", "tags": []}, "transformersInfo": {"auto_model": "AutoModelForSequenceClassification", "pipeline_tag": "text-classification", "processor": "AutoTokenizer"}, "siblings": [{"rfilename": ".gitattributes"}, {"rfilename": "README.md"}, {"rfilename": "config.json"}, {"rfilename": "model.safetensors"}, {"rfilename": "special_tokens_map.json"}, {"rfilename": "tokenizer.json"}, {"rfilename": "tokenizer_config.json"}, {"rfilename": "vocab.txt"}], "spaces": [], "createdAt": "2024-07-09T05:09:06.000Z", "safetensors": {"parameters": {"F32": 108920835}, "total": 108920835}, "inferenceStatus": "not-loaded"}