{"_id": "647976b1ba447930a600a75b", "id": "Q4234/psychologyA-2.8b", "modelId": "Q4234/psychologyA-2.8b", "author": "Q4234", "sha": "9b9f337c1c02389f73fcf4b90f7cd3979177c885", "lastModified": "2023-06-02T05:06:50.000Z", "private": false, "disabled": false, "gated": false, "tags": ["arxiv:2103.15100", "arxiv:2303.15935", "arxiv:1606.00652", "arxiv:2112.03877", "region:us"], "downloads": 0, "likes": 2, "siblings": [{"rfilename": ".gitattributes"}, {"rfilename": "README.md"}, {"rfilename": "adapter_config.json"}, {"rfilename": "adapter_model.bin"}], "spaces": [], "createdAt": "2023-06-02T04:57:21.000Z", "inferenceStatus": "not-loaded"}