{"_id": "641738f20d0b249ae58144b6", "id": "q476346/chinese", "modelId": "q476346/chinese", "author": "q476346", "sha": "148d205ec0489e4e1ebbf3ac410b8f6663a67e57", "lastModified": "2023-03-23T14:23:20.000Z", "private": false, "disabled": false, "gated": false, "tags": ["license:other", "region:us"], "downloads": 0, "likes": 0, "model-index": null, "cardData": {"license": "other"}, "siblings": [{"rfilename": ".gitattributes"}, {"rfilename": "README.md"}, {"rfilename": "chilloutmix_NiCkpt.ckpt"}, {"rfilename": "koreanDollLikeness_v10.safetensors"}], "spaces": [], "createdAt": "2023-03-19T16:31:46.000Z", "inferenceStatus": "not-loaded"}