{"_id": "651face54376ae05d62b99d4", "id": "Qadir786/Dilse", "modelId": "Qadir786/Dilse", "author": "Qadir786", "sha": "cb408c5cdbbe529da05aa89f1106d86221547080", "lastModified": "2023-10-06T06:44:53.000Z", "private": false, "disabled": false, "gated": false, "tags": ["license:apache-2.0", "region:us"], "downloads": 0, "likes": 0, "model-index": null, "cardData": {"license": "apache-2.0"}, "siblings": [{"rfilename": ".gitattributes"}, {"rfilename": "README.md"}], "spaces": [], "createdAt": "2023-10-06T06:44:53.000Z", "inferenceStatus": "not-loaded"}