{"_id": "64b929c6d6c468ac7533ae19", "id": "qadwd/q", "modelId": "qadwd/q", "author": "qadwd", "sha": "12c304fa6f0878b47ea3ba50d28ee5d5bac3931b", "lastModified": "2023-07-20T12:34:14.000Z", "private": false, "disabled": false, "gated": false, "tags": ["license:openrail", "region:us"], "downloads": 0, "likes": 0, "model-index": null, "cardData": {"license": "openrail"}, "siblings": [{"rfilename": ".gitattributes"}, {"rfilename": "README.md"}], "spaces": [], "createdAt": "2023-07-20T12:34:14.000Z", "inferenceStatus": "not-loaded"}