{"_id": "64525a648fe6558e32784996", "id": "qaed/LORA", "modelId": "qaed/LORA", "author": "qaed", "sha": "8b90fc7473aa22b579cadb85d111decbf0b49b41", "lastModified": "2023-05-04T23:06:12.000Z", "private": false, "disabled": false, "gated": false, "tags": ["license:unknown", "region:us"], "downloads": 0, "likes": 0, "model-index": null, "cardData": {"license": "unknown"}, "siblings": [{"rfilename": ".gitattributes"}, {"rfilename": "A-Mecha-REN[color_theme,mecha musume, mechanical parts, robot joints,headgear,full armor].safetensors"}, {"rfilename": "DDcowfeet_v1.safetensors"}, {"rfilename": "EkuneSideDoggy.safetensors"}, {"rfilename": "Horosuketentacle.safetensors"}, {"rfilename": "LookingDisgusted_V1.safetensors"}, {"rfilename": "README.md"}, {"rfilename": "TR5.0.safetensors"}, {"rfilename": "V1.1-17SciencefictioncityonMars.safetensors"}, {"rfilename": "animetarotV51.safetensors"}, {"rfilename": "blacksclera-v1.5-lora-naivae-32dim-6ep.safetensors"}, {"rfilename": "blindbox_v1_mix.safetensors"}, {"rfilename": "fucsil1-000011.safetensors"}, {"rfilename": "imkiss-000015.safetensors"}, {"rfilename": "lucy-000035.safetensors"}, {"rfilename": "makima_offset.safetensors"}, {"rfilename": "mandalorian.safetensors"}, {"rfilename": "maplestory.safetensors"}, {"rfilename": "mythra_pyra_pneuma-000050.safetensors"}, {"rfilename": "storm trooper.safetensors"}, {"rfilename": "waifu_on_Motorcycle_v2.safetensors"}], "spaces": [], "createdAt": "2023-05-03T12:58:12.000Z", "inferenceStatus": "not-loaded"}