{"_id": "65e792f2e3c57eb1d83f98ef", "id": "qaed/realistvis", "modelId": "qaed/realistvis", "author": "qaed", "sha": "857acddd94602231a59bfbc394a755198d248630", "lastModified": "2024-03-05T21:47:30.000Z", "private": false, "disabled": false, "gated": false, "tags": ["license:unknown", "region:us"], "downloads": 0, "likes": 0, "model-index": null, "cardData": {"license": "unknown"}, "siblings": [{"rfilename": ".gitattributes"}, {"rfilename": "README.md"}], "spaces": [], "createdAt": "2024-03-05T21:47:30.000Z", "inferenceStatus": "not-loaded"}