{"_id": "622e8b9fcd9053c15ba57791", "id": "qahq/CL-AraBERTv0.1-base", "modelId": "qahq/CL-AraBERTv0.1-base", "author": "qahq", "sha": "1da981a391df548f060730678b806e0bd79010b5", "lastModified": "2022-03-21T16:04:15.000Z", "private": false, "disabled": false, "gated": false, "pipeline_tag": "fill-mask", "tags": ["transformers", "pytorch", "bert", "fill-mask", "license:apache-2.0", "autotrain_compatible", "endpoints_compatible", "region:us"], "downloads": 10, "library_name": "transformers", "mask_token": "[MASK]", "widgetData": [{"text": "Paris is the [MASK] of France."}, {"text": "The goal of life is [MASK]."}], "likes": 0, "model-index": null, "config": {"architectures": ["BertForMaskedLM"], "model_type": "bert"}, "cardData": {"license": "apache-2.0"}, "transformersInfo": {"auto_model": "AutoModelForMaskedLM", "pipeline_tag": "fill-mask", "processor": "AutoTokenizer"}, "siblings": [{"rfilename": ".gitattributes"}, {"rfilename": "README.md"}, {"rfilename": "cl-arabertv01_model.ckpt.data-00000-of-00001"}, {"rfilename": "cl-arabertv01_model.ckpt.index"}, {"rfilename": "cl-arabertv01_model.ckpt.meta"}, {"rfilename": "config.json"}, {"rfilename": "pytorch_model.bin"}, {"rfilename": "vocab.txt"}], "spaces": [], "createdAt": "2022-03-14T00:26:07.000Z", "inferenceStatus": "not-loaded"}