{"_id": "63e578f117981d16bd41be63", "id": "Qalam/Lei", "modelId": "Qalam/Lei", "author": "Qalam", "sha": "5e419d961ad22322298a8eb8ac943cca632116d6", "lastModified": "2023-02-09T23:14:22.000Z", "private": false, "disabled": false, "gated": false, "pipeline_tag": "text-to-image", "tags": ["text-to-image", "arxiv:2006.11239", "arxiv:2010.02502", "arxiv:2202.09778", "arxiv:2204.13902", "license:apache-2.0", "region:us"], "downloads": 0, "likes": 1, "model-index": null, "cardData": {"license": "apache-2.0", "pipeline_tag": "text-to-image"}, "siblings": [{"rfilename": ".gitattributes"}, {"rfilename": "README.md"}], "spaces": [], "createdAt": "2023-02-09T22:51:29.000Z", "inferenceStatus": "not-loaded"}