{"_id": "6669c12a5f348180422c3ced", "id": "Qali12/adaw", "modelId": "Qali12/adaw", "author": "Qali12", "sha": "c7439d688e9c1dfef3aa62013820fdfe20698c81", "lastModified": "2024-06-12T15:39:22.000Z", "private": false, "disabled": false, "gated": false, "tags": ["license:cc-by-nc-4.0", "region:us"], "downloads": 0, "likes": 0, "model-index": null, "cardData": {"license": "cc-by-nc-4.0"}, "siblings": [{"rfilename": ".gitattributes"}, {"rfilename": "README.md"}], "spaces": [], "createdAt": "2024-06-12T15:39:22.000Z", "inferenceStatus": "not-loaded"}