{"_id": "663e418d9ffeddbfefbbe671", "id": "Qamar110/peft-legal-text-summary-training-1715356045", "modelId": "Qamar110/peft-legal-text-summary-training-1715356045", "author": "Qamar110", "sha": "ed7668f8559faf07637b1444db9f3258986aa677", "lastModified": "2024-05-10T15:47:25.000Z", "private": false, "disabled": false, "gated": false, "tags": ["region:us"], "downloads": 0, "likes": 0, "siblings": [{"rfilename": ".gitattributes"}], "spaces": [], "createdAt": "2024-05-10T15:47:25.000Z", "inferenceStatus": "not-loaded"}