{"_id": "663e3ee7700974c2e9ed41ea", "id": "Qamar110/peft-legal-text-summary-training-1715355367", "modelId": "Qamar110/peft-legal-text-summary-training-1715355367", "author": "Qamar110", "sha": "861772209095c89fe418a2078a66de81921d5f03", "lastModified": "2024-05-10T15:36:07.000Z", "private": false, "disabled": false, "gated": false, "tags": ["region:us"], "downloads": 0, "likes": 0, "siblings": [{"rfilename": ".gitattributes"}], "spaces": [], "createdAt": "2024-05-10T15:36:07.000Z", "inferenceStatus": "not-loaded"}