{"_id": "663e21d49a3aec301fb4d5f6", "id": "Qamar110/peft-legal-text-summary-training-1715347924", "modelId": "Qamar110/peft-legal-text-summary-training-1715347924", "author": "Qamar110", "sha": "894587b69866373d3fa149c9d6c1e45bd0448358", "lastModified": "2024-05-10T15:12:10.000Z", "private": false, "disabled": false, "gated": false, "tags": ["pytorch", "tensorboard", "generated_from_trainer", "license:apache-2.0", "region:us"], "downloads": 0, "likes": 0, "model-index": [{"name": "peft-legal-text-summary-training-1715347924", "results": []}], "cardData": {"license": "apache-2.0", "tags": ["generated_from_trainer"], "model-index": [{"name": "peft-legal-text-summary-training-1715347924", "results": []}]}, "siblings": [{"rfilename": ".gitattributes"}, {"rfilename": ".gitignore"}, {"rfilename": "README.md"}, {"rfilename": "pytorch_model.bin"}, {"rfilename": "runs/May10_13-32-04_1dcf4bc35e6c/1715347969.1352031/events.out.tfevents.1715347969.1dcf4bc35e6c.403.3"}, {"rfilename": "runs/May10_13-32-04_1dcf4bc35e6c/events.out.tfevents.1715347969.1dcf4bc35e6c.403.2"}, {"rfilename": "training_args.bin"}], "spaces": [], "createdAt": "2024-05-10T13:32:04.000Z", "inferenceStatus": "not-loaded"}