{"_id": "663e41059a3aec301fc0ad43", "id": "Qamar110/peft-legal-text-summary-training-1715355908", "modelId": "Qamar110/peft-legal-text-summary-training-1715355908", "author": "Qamar110", "sha": "9bfef09098f9cc5f4186104127bf53ce553f4593", "lastModified": "2024-05-10T15:45:09.000Z", "private": false, "disabled": false, "gated": false, "tags": ["region:us"], "downloads": 0, "likes": 0, "siblings": [{"rfilename": ".gitattributes"}], "spaces": [], "createdAt": "2024-05-10T15:45:09.000Z", "inferenceStatus": "not-loaded"}