{"_id": "663e122edf8bf21c795f188a", "id": "Qamar110/peft-legal-text-summary-training-1715343917", "modelId": "Qamar110/peft-legal-text-summary-training-1715343917", "author": "Qamar110", "sha": "11961b9ac125261e873c1079b883166e4695081d", "lastModified": "2024-05-10T12:25:18.000Z", "private": false, "disabled": false, "gated": false, "tags": ["region:us"], "downloads": 0, "likes": 0, "siblings": [{"rfilename": ".gitattributes"}], "spaces": [], "createdAt": "2024-05-10T12:25:18.000Z", "inferenceStatus": "not-loaded"}