{"_id": "663e1861c719b0b8a3799c2a", "id": "Qamar110/peft-dialogue-summary-training-1715345504", "modelId": "Qamar110/peft-dialogue-summary-training-1715345504", "author": "Qamar110", "sha": "71a38be4780fe562c41ce8c6c79ba163aa32c8bf", "lastModified": "2024-05-10T12:51:45.000Z", "private": false, "disabled": false, "gated": false, "tags": ["region:us"], "downloads": 0, "likes": 0, "siblings": [{"rfilename": ".gitattributes"}], "spaces": [], "createdAt": "2024-05-10T12:51:45.000Z", "inferenceStatus": "not-loaded"}