{"_id": "663e4b5254d6857b61c1ecc9", "id": "Qamar110/peft-legal-text-summary-training-1715357875", "modelId": "Qamar110/peft-legal-text-summary-training-1715357875", "author": "Qamar110", "sha": "d7398f03ebdb0b06f15a7ba19b2da490e28c52dd", "lastModified": "2024-05-10T16:29:06.000Z", "private": false, "disabled": false, "gated": false, "tags": ["region:us"], "downloads": 0, "likes": 0, "siblings": [{"rfilename": ".gitattributes"}], "spaces": [], "createdAt": "2024-05-10T16:29:06.000Z", "inferenceStatus": "not-loaded"}