{"_id": "663d8101b8e687d24743e430", "id": "Qamar110/peft-dialogue-summary-training-1715306753", "modelId": "Qamar110/peft-dialogue-summary-training-1715306753", "author": "Qamar110", "sha": "379ec46854b65f0b5bfd30b4cc85cdcf93d23e8f", "lastModified": "2024-05-10T02:14:09.000Z", "private": false, "disabled": false, "gated": false, "tags": ["pytorch", "tensorboard", "generated_from_trainer", "license:apache-2.0", "region:us"], "downloads": 0, "likes": 0, "model-index": [{"name": "peft-dialogue-summary-training-1715306753", "results": []}], "cardData": {"license": "apache-2.0", "tags": ["generated_from_trainer"], "model-index": [{"name": "peft-dialogue-summary-training-1715306753", "results": []}]}, "siblings": [{"rfilename": ".gitattributes"}, {"rfilename": ".gitignore"}, {"rfilename": "README.md"}, {"rfilename": "pytorch_model.bin"}, {"rfilename": "runs/May10_02-05-53_fc3f33c8cabc/1715306770.575933/events.out.tfevents.1715306770.fc3f33c8cabc.411.5"}, {"rfilename": "runs/May10_02-05-53_fc3f33c8cabc/events.out.tfevents.1715306770.fc3f33c8cabc.411.4"}, {"rfilename": "training_args.bin"}], "spaces": [], "createdAt": "2024-05-10T02:05:53.000Z", "inferenceStatus": "not-loaded"}