{"_id": "663e149dee18fed04561d1dc", "id": "Qamar110/peft-dialogue-summary-training-1715344541", "modelId": "Qamar110/peft-dialogue-summary-training-1715344541", "author": "Qamar110", "sha": "4dc5e6fa89a0f526bd69da77471ba92e23366613", "lastModified": "2024-05-10T12:35:41.000Z", "private": false, "disabled": false, "gated": false, "tags": ["region:us"], "downloads": 0, "likes": 0, "siblings": [{"rfilename": ".gitattributes"}], "spaces": [], "createdAt": "2024-05-10T12:35:41.000Z", "inferenceStatus": "not-loaded"}