{"_id": "663e0570e607f568ffff3f86", "id": "Qamar110/peft-dialogue-summary-training-1715340654", "modelId": "Qamar110/peft-dialogue-summary-training-1715340654", "author": "Qamar110", "sha": "6a95226ec0ec4e7cbdcc33e5ac9ad939eb1319ba", "lastModified": "2024-05-10T11:30:56.000Z", "private": false, "disabled": false, "gated": false, "tags": ["region:us"], "downloads": 0, "likes": 0, "siblings": [{"rfilename": ".gitattributes"}], "spaces": [], "createdAt": "2024-05-10T11:30:56.000Z", "inferenceStatus": "not-loaded"}