{"_id": "663e41332fa08fcbaa04cc7f", "id": "Qamar110/peft-legal-text-summary-training-1715355955", "modelId": "Qamar110/peft-legal-text-summary-training-1715355955", "author": "Qamar110", "sha": "10845f04dbb3dc8a82247fed98f87bbafcaf1950", "lastModified": "2024-05-10T15:45:55.000Z", "private": false, "disabled": false, "gated": false, "tags": ["region:us"], "downloads": 0, "likes": 0, "siblings": [{"rfilename": ".gitattributes"}], "spaces": [], "createdAt": "2024-05-10T15:45:55.000Z", "inferenceStatus": "not-loaded"}