{"_id": "663e12966757087d1abd13c9", "id": "Qamar110/peft-legal-text-summary-training-1715344022", "modelId": "Qamar110/peft-legal-text-summary-training-1715344022", "author": "Qamar110", "sha": "c9d8757fe9ec96166e39cd90cdb9ef26022ffa84", "lastModified": "2024-05-10T12:27:02.000Z", "private": false, "disabled": false, "gated": false, "tags": ["region:us"], "downloads": 0, "likes": 0, "siblings": [{"rfilename": ".gitattributes"}], "spaces": [], "createdAt": "2024-05-10T12:27:02.000Z", "inferenceStatus": "not-loaded"}