{"_id": "663e14e294d780e0584bfe1c", "id": "Qamar110/peft-dialogue-summary-training-1715344610", "modelId": "Qamar110/peft-dialogue-summary-training-1715344610", "author": "Qamar110", "sha": "914146c8e468295aeb0de863b2e02cd39bd57c6e", "lastModified": "2024-05-10T12:36:50.000Z", "private": false, "disabled": false, "gated": false, "tags": ["region:us"], "downloads": 0, "likes": 0, "siblings": [{"rfilename": ".gitattributes"}], "spaces": [], "createdAt": "2024-05-10T12:36:50.000Z", "inferenceStatus": "not-loaded"}