{"_id": "663e132129466a0a48b526ce", "id": "Qamar110/peft-legal-text-summary-training-1715344161", "modelId": "Qamar110/peft-legal-text-summary-training-1715344161", "author": "Qamar110", "sha": "0a80fb56f6d374eaf4f49eda001723446db0e625", "lastModified": "2024-05-10T12:29:21.000Z", "private": false, "disabled": false, "gated": false, "tags": ["region:us"], "downloads": 0, "likes": 0, "siblings": [{"rfilename": ".gitattributes"}], "spaces": [], "createdAt": "2024-05-10T12:29:21.000Z", "inferenceStatus": "not-loaded"}