{"_id": "663e441e7aaaa0a1b4e2edfa", "id": "Qamar110/peft-legal-text-summary-training-1715356702", "modelId": "Qamar110/peft-legal-text-summary-training-1715356702", "author": "Qamar110", "sha": "643b7651567ae0a6d858987587617aa045401954", "lastModified": "2024-05-10T16:07:08.000Z", "private": false, "disabled": false, "gated": false, "tags": ["pytorch", "tensorboard", "generated_from_trainer", "license:apache-2.0", "region:us"], "downloads": 0, "likes": 0, "model-index": [{"name": "peft-legal-text-summary-training-1715356702", "results": []}], "cardData": {"license": "apache-2.0", "tags": ["generated_from_trainer"], "model-index": [{"name": "peft-legal-text-summary-training-1715356702", "results": []}]}, "siblings": [{"rfilename": ".gitattributes"}, {"rfilename": ".gitignore"}, {"rfilename": "README.md"}, {"rfilename": "pytorch_model.bin"}, {"rfilename": "runs/May10_15-58-22_1dcf4bc35e6c/1715356710.8261225/events.out.tfevents.1715356710.1dcf4bc35e6c.40676.15"}, {"rfilename": "runs/May10_15-58-22_1dcf4bc35e6c/events.out.tfevents.1715356710.1dcf4bc35e6c.40676.14"}, {"rfilename": "training_args.bin"}], "spaces": [], "createdAt": "2024-05-10T15:58:22.000Z", "inferenceStatus": "not-loaded"}