{"_id": "663e3ed7c719b0b8a3870e80", "id": "Qamar110/peft-legal-text-summary-trainingv2-1715355351", "modelId": "Qamar110/peft-legal-text-summary-trainingv2-1715355351", "author": "Qamar110", "sha": "1486eac78846903bd08cc7ef406f701681ee4ae1", "lastModified": "2024-05-10T15:35:51.000Z", "private": false, "disabled": false, "gated": false, "tags": ["region:us"], "downloads": 0, "likes": 0, "siblings": [{"rfilename": ".gitattributes"}], "spaces": [], "createdAt": "2024-05-10T15:35:51.000Z", "inferenceStatus": "not-loaded"}