{"_id": "663e414ec3883a30e817d856", "id": "Qamar110/peft-legal-text-summary-training-1715355981", "modelId": "Qamar110/peft-legal-text-summary-training-1715355981", "author": "Qamar110", "sha": "f43c46597397020734363291e78b45315da9f703", "lastModified": "2024-05-10T15:46:22.000Z", "private": false, "disabled": false, "gated": false, "tags": ["region:us"], "downloads": 0, "likes": 0, "siblings": [{"rfilename": ".gitattributes"}], "spaces": [], "createdAt": "2024-05-10T15:46:22.000Z", "inferenceStatus": "not-loaded"}