{"_id": "641ae2d4fc5cd4c70ca73fd9", "id": "qanastek/biomedical-specialities-classifier-french", "modelId": "qanastek/biomedical-specialities-classifier-french", "author": "qanastek", "sha": "931206025353971c4d21fcafa6d985c0650ebb9d", "lastModified": "2023-03-22T12:33:55.000Z", "private": false, "disabled": false, "gated": false, "pipeline_tag": "text-classification", "tags": ["transformers", "pytorch", "camembert", "text-classification", "medical", "chemistry", "biology", "fr", "license:apache-2.0", "autotrain_compatible", "endpoints_compatible", "region:us"], "downloads": 4, "library_name": "transformers", "mask_token": "<mask>", "widgetData": [{"text": "Je t'appr\u00e9cie beaucoup. Je t'aime."}], "likes": 0, "model-index": null, "config": {"architectures": ["CamembertForSequenceClassification"], "model_type": "camembert", "tokenizer_config": {"bos_token": "<s>", "cls_token": "<s>", "eos_token": "</s>", "mask_token": {"__type": "AddedToken", "content": "<mask>", "lstrip": true, "normalized": true, "rstrip": false, "single_word": false}, "pad_token": "<pad>", "sep_token": "</s>", "unk_token": "<unk>"}}, "cardData": {"license": "apache-2.0", "language": ["fr"], "metrics": ["accuracy"], "pipeline_tag": "text-classification", "tags": ["medical", "chemistry", "biology"]}, "transformersInfo": {"auto_model": "AutoModelForSequenceClassification", "pipeline_tag": "text-classification", "processor": "AutoTokenizer"}, "siblings": [{"rfilename": ".gitattributes"}, {"rfilename": "README.md"}, {"rfilename": "config.json"}, {"rfilename": "pytorch_model.bin"}, {"rfilename": "special_tokens_map.json"}, {"rfilename": "tokenizer.json"}, {"rfilename": "tokenizer_config.json"}, {"rfilename": "training_args.bin"}], "spaces": [], "createdAt": "2023-03-22T11:13:24.000Z", "inferenceStatus": "not-loaded"}