{"_id": "621ffdc136468d709f17f149", "id": "qanastek/pos-french-camembert", "modelId": "qanastek/pos-french-camembert", "author": "qanastek", "sha": "a6ad37e00c42ba2cd02313fa59279d44a1422e90", "lastModified": "2022-07-06T23:48:53.000Z", "private": false, "disabled": false, "gated": false, "pipeline_tag": "token-classification", "tags": ["transformers", "pytorch", "camembert", "token-classification", "Transformers", "sequence-tagger-model", "fr", "dataset:qanastek/ANTILLES", "arxiv:1911.03894", "autotrain_compatible", "endpoints_compatible", "region:us"], "downloads": 323, "library_name": "transformers", "mask_token": "<mask>", "widgetData": [{"text": "George Washington est all\u00e9 \u00e0 Washington"}], "likes": 9, "model-index": null, "config": {"architectures": ["CamembertForTokenClassification"], "model_type": "camembert", "tokenizer_config": {"bos_token": "<s>", "eos_token": "</s>", "sep_token": "</s>", "cls_token": "<s>", "unk_token": "<unk>", "pad_token": "<pad>", "mask_token": {"content": "<mask>", "single_word": false, "lstrip": true, "rstrip": false, "normalized": true, "__type": "AddedToken"}}}, "cardData": {"tags": ["Transformers", "token-classification", "sequence-tagger-model"], "language": "fr", "datasets": ["qanastek/ANTILLES"], "widget": [{"text": "George Washington est all\u00e9 \u00e0 Washington"}]}, "transformersInfo": {"auto_model": "AutoModelForTokenClassification", "pipeline_tag": "token-classification", "processor": "AutoTokenizer"}, "siblings": [{"rfilename": ".gitattributes"}, {"rfilename": "README.md"}, {"rfilename": "config.json"}, {"rfilename": "logs/logs.txt"}, {"rfilename": "optimizer.pt"}, {"rfilename": "predict.py"}, {"rfilename": "preview.PNG"}, {"rfilename": "pytorch_model.bin"}, {"rfilename": "rng_state.pth"}, {"rfilename": "scheduler.pt"}, {"rfilename": "sentencepiece.bpe.model"}, {"rfilename": "special_tokens_map.json"}, {"rfilename": "tokenizer.json"}, {"rfilename": "tokenizer_config.json"}, {"rfilename": "trainer_state.json"}, {"rfilename": "training_args.bin"}], "spaces": [], "createdAt": "2022-03-02T23:29:05.000Z", "inferenceStatus": "not-loaded"}