{"_id": "6278368fc5c547c31b8210e0", "id": "qanastek/XLMRoberta-Alexa-Intents-NER-NLU", "modelId": "qanastek/XLMRoberta-Alexa-Intents-NER-NLU", "author": "qanastek", "sha": "f45f70779485ea8efa5df00811f4bae2a30a2499", "lastModified": "2022-05-09T07:02:36.000Z", "private": false, "disabled": false, "gated": false, "pipeline_tag": "token-classification", "tags": ["transformers", "pytorch", "Transformers", "Token Classification", "Slot Annotation", "token-classification", "sequence-tagger-model", "dataset:qanastek/MASSIVE", "license:cc-by-4.0", "endpoints_compatible", "region:us"], "downloads": 87, "library_name": "transformers", "widgetData": [{"text": "wake me up at five am this week"}, {"text": "je veux \u00e9couter la chanson de jacques brel encore une fois"}, {"text": "quiero escuchar la canci\u00f3n de arijit singh una vez m\u00e1s"}, {"text": "olly onde \u00e9 que \u00e1 um parque por perto onde eu possa correr"}, {"text": "\u05e4\u05e8\u05e7 \u05d4\u05d1\u05d0 \u05d1\u05e4\u05d5\u05d3\u05e7\u05d0\u05e1\u05d8 \u05d1\u05d1\u05e7\u05e9\u05d4"}, {"text": "\u4e9a\u9a6c\u900a\u80a1\u4ef7"}, {"text": "\u043d\u0430\u0439\u0434\u0438 \u0431\u0438\u043b\u0435\u0442 \u043d\u0430 \u043f\u043e\u0435\u0437\u0434 \u0432 \u0441\u0430\u043d\u043a\u0442-\u043f\u0435\u0442\u0435\u0440\u0431\u0443\u0440\u0433"}], "likes": 7, "model-index": null, "cardData": {"tags": ["Transformers", "Token Classification", "Slot Annotation", "token-classification", "sequence-tagger-model"], "languages": ["af-ZA", "am-ET", "ar-SA", "az-AZ", "bn-BD", "cy-GB", "da-DK", "de-DE", "el-GR", "en-US", "es-ES", "fa-IR", "fi-FI", "fr-FR", "he-IL", "hi-IN", "hu-HU", "hy-AM", "id-ID", "is-IS", "it-IT", "ja-JP", "jv-ID", "ka-GE", "km-KH", "kn-IN", "ko-KR", "lv-LV", "ml-IN", "mn-MN", "ms-MY", "my-MM", "nb-NO", "nl-NL", "pl-PL", "pt-PT", "ro-RO", "ru-RU", "sl-SL", "sq-AL", "sv-SE", "sw-KE", "ta-IN", "te-IN", "th-TH", "tl-PH", "tr-TR", "ur-PK", "vi-VN", "zh-CN", "zh-TW"], "multilinguality": ["af-ZA", "am-ET", "ar-SA", "az-AZ", "bn-BD", "cy-GB", "da-DK", "de-DE", "el-GR", "en-US", "es-ES", "fa-IR", "fi-FI", "fr-FR", "he-IL", "hi-IN", "hu-HU", "hy-AM", "id-ID", "is-IS", "it-IT", "ja-JP", "jv-ID", "ka-GE", "km-KH", "kn-IN", "ko-KR", "lv-LV", "ml-IN", "mn-MN", "ms-MY", "my-MM", "nb-NO", "nl-NL", "pl-PL", "pt-PT", "ro-RO", "ru-RU", "sl-SL", "sq-AL", "sv-SE", "sw-KE", "ta-IN", "te-IN", "th-TH", "tl-PH", "tr-TR", "ur-PK", "vi-VN", "zh-CN", "zh-TW"], "datasets": ["qanastek/MASSIVE"], "widget": [{"text": "wake me up at five am this week"}, {"text": "je veux \u00e9couter la chanson de jacques brel encore une fois"}, {"text": "quiero escuchar la canci\u00f3n de arijit singh una vez m\u00e1s"}, {"text": "olly onde \u00e9 que \u00e1 um parque por perto onde eu possa correr"}, {"text": "\u05e4\u05e8\u05e7 \u05d4\u05d1\u05d0 \u05d1\u05e4\u05d5\u05d3\u05e7\u05d0\u05e1\u05d8 \u05d1\u05d1\u05e7\u05e9\u05d4"}, {"text": "\u4e9a\u9a6c\u900a\u80a1\u4ef7"}, {"text": "\u043d\u0430\u0439\u0434\u0438 \u0431\u0438\u043b\u0435\u0442 \u043d\u0430 \u043f\u043e\u0435\u0437\u0434 \u0432 \u0441\u0430\u043d\u043a\u0442-\u043f\u0435\u0442\u0435\u0440\u0431\u0443\u0440\u0433"}], "license": "cc-by-4.0"}, "transformersInfo": {"auto_model": "AutoModel"}, "siblings": [{"rfilename": ".gitattributes"}, {"rfilename": "123.png"}, {"rfilename": "README.md"}, {"rfilename": "config.json"}, {"rfilename": "ner_no_bio.log"}, {"rfilename": "optimizer.pt"}, {"rfilename": "predict.py"}, {"rfilename": "pytorch_model.bin"}, {"rfilename": "rng_state.pth"}, {"rfilename": "scheduler.pt"}, {"rfilename": "sentencepiece.bpe.model"}, {"rfilename": "special_tokens_map.json"}, {"rfilename": "tokenizer.json"}, {"rfilename": "tokenizer_config.json"}, {"rfilename": "trainer_state.json"}, {"rfilename": "training_args.bin"}], "spaces": ["Gradio-Blocks/Alexa-NLU-Clone", "qanastek/Alexa-NLU-Clone", "rayadav1005/Entity_Recognition"], "createdAt": "2022-05-08T21:30:55.000Z", "inferenceStatus": "not-loaded"}