{"_id": "621ffdc136468d709f17f148", "id": "qanastek/pos-french-camembert-flair", "modelId": "qanastek/pos-french-camembert-flair", "author": "qanastek", "sha": "ceef7e8e36f3d92621dfefe3c77f94a26c50d3bf", "lastModified": "2022-07-06T23:49:12.000Z", "private": false, "disabled": false, "gated": false, "pipeline_tag": "token-classification", "tags": ["flair", "pytorch", "token-classification", "sequence-tagger-model", "fr", "dataset:qanastek/ANTILLES", "arxiv:1911.03894", "arxiv:1011.4088", "region:us"], "downloads": 34, "library_name": "flair", "widgetData": [{"text": "George Washington est all\u00e9 \u00e0 Washington"}], "likes": 3, "model-index": null, "cardData": {"tags": ["flair", "token-classification", "sequence-tagger-model"], "language": "fr", "datasets": ["qanastek/ANTILLES"], "widget": [{"text": "George Washington est all\u00e9 \u00e0 Washington"}]}, "siblings": [{"rfilename": ".gitattributes"}, {"rfilename": "README.md"}, {"rfilename": "dev.tsv"}, {"rfilename": "loss.tsv"}, {"rfilename": "preview.PNG"}, {"rfilename": "pytorch_model.bin"}, {"rfilename": "requirements.txt"}, {"rfilename": "test.tsv"}, {"rfilename": "train.py"}, {"rfilename": "training.log"}, {"rfilename": "weights.txt"}], "spaces": ["Flux9665/Blizzard2023IMS"], "createdAt": "2022-03-02T23:29:05.000Z", "inferenceStatus": "not-loaded"}