{"_id": "65d76bd1b1ebbaf22bfd5aa1", "id": "qantev/trocr-large-spanish", "modelId": "qantev/trocr-large-spanish", "author": "qantev", "sha": "c61a112034b27bf606ee70b2197b945db06f60a6", "lastModified": "2024-02-22T15:56:04.000Z", "private": false, "disabled": false, "gated": false, "pipeline_tag": "image-to-text", "tags": ["transformers", "pytorch", "vision-encoder-decoder", "trocr", "image-to-text", "es", "en", "arxiv:2109.10282", "license:mit", "endpoints_compatible", "region:us"], "downloads": 244, "library_name": "transformers", "widgetData": [{"src": "https://huggingface.co/qantev/trocr-large-spanish/resolve/main/example_1.png", "example_title": "Example 1"}, {"src": "https://huggingface.co/qantev/trocr-large-spanish/resolve/main/example_2.jpg", "example_title": "Example 2"}, {"src": "https://huggingface.co/qantev/trocr-large-spanish/resolve/main/example_3.jpeg", "example_title": "Example 3"}], "likes": 7, "model-index": null, "config": {"architectures": ["VisionEncoderDecoderModel"], "model_type": "vision-encoder-decoder", "tokenizer_config": {"bos_token": {"__type": "AddedToken", "content": "<s>", "lstrip": false, "normalized": true, "rstrip": false, "single_word": false}, "cls_token": {"__type": "AddedToken", "content": "<s>", "lstrip": false, "normalized": true, "rstrip": false, "single_word": false}, "eos_token": {"__type": "AddedToken", "content": "</s>", "lstrip": false, "normalized": true, "rstrip": false, "single_word": false}, "mask_token": {"__type": "AddedToken", "content": "<mask>", "lstrip": true, "normalized": true, "rstrip": false, "single_word": false}, "pad_token": {"__type": "AddedToken", "content": "<pad>", "lstrip": false, "normalized": true, "rstrip": false, "single_word": false}, "sep_token": {"__type": "AddedToken", "content": "</s>", "lstrip": false, "normalized": true, "rstrip": false, "single_word": false}, "unk_token": {"__type": "AddedToken", "content": "<unk>", "lstrip": false, "normalized": true, "rstrip": false, "single_word": false}}}, "cardData": {"tags": ["trocr", "image-to-text", "pytorch"], "widget": [{"src": "https://huggingface.co/qantev/trocr-large-spanish/resolve/main/example_1.png", "example_title": "Example 1"}, {"src": "https://huggingface.co/qantev/trocr-large-spanish/resolve/main/example_2.jpg", "example_title": "Example 2"}, {"src": "https://huggingface.co/qantev/trocr-large-spanish/resolve/main/example_3.jpeg", "example_title": "Example 3"}], "license": "mit", "language": ["es", "en"], "metrics": ["cer", "wer"], "library_name": "transformers", "pipeline_tag": "image-to-text"}, "transformersInfo": {"auto_model": "AutoModel", "processor": "AutoTokenizer"}, "siblings": [{"rfilename": ".gitattributes"}, {"rfilename": "LICENSE"}, {"rfilename": "README.md"}, {"rfilename": "background_encoder_decoder.png"}, {"rfilename": "config.json"}, {"rfilename": "example_1.png"}, {"rfilename": "example_2.jpg"}, {"rfilename": "example_3.jpeg"}, {"rfilename": "generated_dataset.jpeg"}, {"rfilename": "generation_config.json"}, {"rfilename": "merges.txt"}, {"rfilename": "preprocessor_config.json"}, {"rfilename": "pytorch_model.bin"}, {"rfilename": "special_tokens_map.json"}, {"rfilename": "tokenizer.json"}, {"rfilename": "tokenizer_config.json"}, {"rfilename": "vocab.json"}], "spaces": [], "createdAt": "2024-02-22T15:44:17.000Z", "inferenceStatus": "not-loaded"}