{"_id": "664df78ce99f04a113c65342", "id": "qaolin/cdetr_finetuned_kitti_v3_whole_dataset_targ2", "modelId": "qaolin/cdetr_finetuned_kitti_v3_whole_dataset_targ2", "author": "qaolin", "sha": "c6d7bda9b8140c066ddc1453ae72b7ebcc164349", "lastModified": "2024-05-22T15:54:07.000Z", "private": false, "disabled": false, "gated": false, "pipeline_tag": "object-detection", "tags": ["transformers", "tensorboard", "safetensors", "conditional_detr", "object-detection", "endpoints_compatible", "region:us"], "downloads": 3, "library_name": "transformers", "likes": 0, "config": {"architectures": ["ConditionalDetrForObjectDetection"], "model_type": "conditional_detr"}, "transformersInfo": {"auto_model": "AutoModelForObjectDetection", "pipeline_tag": "object-detection", "processor": "AutoImageProcessor"}, "siblings": [{"rfilename": ".gitattributes"}, {"rfilename": "config.json"}, {"rfilename": "model.safetensors"}, {"rfilename": "preprocessor_config.json"}, {"rfilename": "runs/May22_13-47-56_50a767f063f1/events.out.tfevents.1716385677.50a767f063f1.2058.0"}, {"rfilename": "training_args.bin"}], "spaces": [], "createdAt": "2024-05-22T13:47:56.000Z", "safetensors": {"parameters": {"F32": 43503567}, "total": 43503567}, "inferenceStatus": "not-loaded"}