{"_id": "664de0d8dd8dce8d083efd30", "id": "qaolin/cdetr_finetuned_kitti_v3_whole_dataset_targ1", "modelId": "qaolin/cdetr_finetuned_kitti_v3_whole_dataset_targ1", "author": "qaolin", "sha": "f0461b2f0c4df3fb2f355e5dd689eb073367c15f", "lastModified": "2024-05-22T14:21:20.000Z", "private": false, "disabled": false, "gated": false, "pipeline_tag": "object-detection", "tags": ["transformers", "tensorboard", "safetensors", "conditional_detr", "object-detection", "endpoints_compatible", "region:us"], "downloads": 2, "library_name": "transformers", "likes": 0, "config": {"architectures": ["ConditionalDetrForObjectDetection"], "model_type": "conditional_detr"}, "transformersInfo": {"auto_model": "AutoModelForObjectDetection", "pipeline_tag": "object-detection", "processor": "AutoImageProcessor"}, "siblings": [{"rfilename": ".gitattributes"}, {"rfilename": "config.json"}, {"rfilename": "model.safetensors"}, {"rfilename": "preprocessor_config.json"}, {"rfilename": "runs/May22_12-11-03_ad298bda010c/events.out.tfevents.1716379864.ad298bda010c.1389.0"}, {"rfilename": "runs/May22_12-11-03_ad298bda010c/events.out.tfevents.1716379983.ad298bda010c.1389.1"}, {"rfilename": "runs/May22_12-13-31_ad298bda010c/events.out.tfevents.1716380012.ad298bda010c.1389.2"}, {"rfilename": "runs/May22_12-14-48_ad298bda010c/events.out.tfevents.1716380089.ad298bda010c.13308.0"}, {"rfilename": "runs/May22_12-14-48_ad298bda010c/events.out.tfevents.1716383667.ad298bda010c.13308.1"}, {"rfilename": "runs/May22_12-14-48_ad298bda010c/events.out.tfevents.1716383708.ad298bda010c.13308.2"}, {"rfilename": "runs/May22_13-30-51_ad298bda010c/events.out.tfevents.1716384972.ad298bda010c.31454.0"}, {"rfilename": "runs/May22_13-46-27_78638bdfe5af/events.out.tfevents.1716385588.78638bdfe5af.320.0"}, {"rfilename": "training_args.bin"}], "spaces": [], "createdAt": "2024-05-22T12:11:04.000Z", "safetensors": {"parameters": {"F32": 43503567}, "total": 43503567}, "inferenceStatus": "not-loaded"}