{"_id": "664b64bed51909590a6a8879", "id": "qaolin/cdetr_finetuned_kitti_v3_whole_dataset", "modelId": "qaolin/cdetr_finetuned_kitti_v3_whole_dataset", "author": "qaolin", "sha": "1ed4fadcbfb710ee79bc75fd5d814ad34192d377", "lastModified": "2024-05-20T18:39:41.000Z", "private": false, "disabled": false, "gated": false, "pipeline_tag": "object-detection", "tags": ["transformers", "tensorboard", "safetensors", "conditional_detr", "object-detection", "endpoints_compatible", "region:us"], "downloads": 2, "library_name": "transformers", "likes": 0, "config": {"architectures": ["ConditionalDetrForObjectDetection"], "model_type": "conditional_detr"}, "transformersInfo": {"auto_model": "AutoModelForObjectDetection", "pipeline_tag": "object-detection", "processor": "AutoImageProcessor"}, "siblings": [{"rfilename": ".gitattributes"}, {"rfilename": "config.json"}, {"rfilename": "model.safetensors"}, {"rfilename": "preprocessor_config.json"}, {"rfilename": "runs/May20_14-57-00_64fc34c9b5f5/events.out.tfevents.1716217022.64fc34c9b5f5.164.0"}, {"rfilename": "training_args.bin"}], "spaces": [], "createdAt": "2024-05-20T14:57:02.000Z", "safetensors": {"parameters": {"F32": 43503567}, "total": 43503567}, "inferenceStatus": "not-loaded"}