{"_id": "621ffdc136468d709f17f14f", "id": "qarib/bert-base-qarib_far", "modelId": "qarib/bert-base-qarib_far", "author": "qarib", "sha": "b81ea4c27361557e9b798e23e5ec3a12b2d3bf50", "lastModified": "2021-04-04T07:59:36.000Z", "private": false, "disabled": false, "gated": false, "tags": ["transformers", "pytorch", "tf", "QARiB", "qarib", "ar", "dataset:arabic_billion_words", "dataset:open_subtitles", "dataset:twitter", "dataset:Farasa", "arxiv:2102.10684", "endpoints_compatible", "region:us"], "downloads": 1, "library_name": "transformers", "widgetData": [{"text": "\u0648+\u0642\u0627\u0645 \u0627\u0644+\u0645\u062f\u064a\u0631 [MASK]"}], "likes": 0, "model-index": null, "config": {}, "cardData": {"language": "ar", "tags": ["pytorch", "tf", "QARiB", "qarib"], "datasets": ["arabic_billion_words", "open_subtitles", "twitter", "Farasa"], "metrics": ["f1"], "widget": [{"text": "\u0648+\u0642\u0627\u0645 \u0627\u0644+\u0645\u062f\u064a\u0631 [MASK]"}]}, "transformersInfo": {"auto_model": "AutoModel"}, "siblings": [{"rfilename": ".gitattributes"}, {"rfilename": "README.md"}, {"rfilename": "config.json"}, {"rfilename": "model.ckpt.data-00000-of-00001"}, {"rfilename": "model.ckpt.index"}, {"rfilename": "model.ckpt.meta"}, {"rfilename": "pytorch_model.bin"}, {"rfilename": "vocab.txt"}], "spaces": [], "createdAt": "2022-03-02T23:29:05.000Z", "inferenceStatus": "not-loaded"}