{"_id": "621ffdc136468d709f17f14c", "id": "qarib/bert-base-qarib60_1790k", "modelId": "qarib/bert-base-qarib60_1790k", "author": "qarib", "sha": "86a50f1903c0015d5ee6bd532eec2691e1acad50", "lastModified": "2021-05-20T03:44:18.000Z", "private": false, "disabled": false, "gated": false, "pipeline_tag": "fill-mask", "tags": ["transformers", "pytorch", "jax", "bert", "fill-mask", "tf", "qarib", "qarib60_1790k", "ar", "dataset:arabic_billion_words", "dataset:open_subtitles", "dataset:twitter", "arxiv:2102.10684", "autotrain_compatible", "endpoints_compatible", "region:us"], "downloads": 4, "library_name": "transformers", "mask_token": "[MASK]", "widgetData": [{"text": " \u0634\u0648 \u0639\u0646\u062f\u0643\u0645 \u064a\u0627 [MASK] ."}], "likes": 2, "model-index": null, "config": {"architectures": ["BertForMaskedLM"], "model_type": "bert"}, "cardData": {"language": "ar", "tags": ["pytorch", "tf", "qarib", "qarib60_1790k"], "datasets": ["arabic_billion_words", "open_subtitles", "twitter"], "metrics": ["f1"], "widget": [{"text": " \u0634\u0648 \u0639\u0646\u062f\u0643\u0645 \u064a\u0627 [MASK] ."}]}, "transformersInfo": {"auto_model": "AutoModelForMaskedLM", "pipeline_tag": "fill-mask", "processor": "AutoTokenizer"}, "siblings": [{"rfilename": ".gitattributes"}, {"rfilename": "README.md"}, {"rfilename": "config.json"}, {"rfilename": "flax_model.msgpack"}, {"rfilename": "model.ckpt.data-00000-of-00001"}, {"rfilename": "model.ckpt.index"}, {"rfilename": "model.ckpt.meta"}, {"rfilename": "pytorch_model.bin"}, {"rfilename": "vocab.txt"}], "spaces": [], "createdAt": "2022-03-02T23:29:05.000Z", "inferenceStatus": "not-loaded"}