{"_id": "655fe489baf1f5f9022194c9", "id": "Qasem8408/swin-base-patch4-window7-224-finetuned-lora-food101", "modelId": "Qasem8408/swin-base-patch4-window7-224-finetuned-lora-food101", "author": "Qasem8408", "sha": "dd10ac73b2be01f1ffa43e2001dc235c027e5ea0", "lastModified": "2023-11-23T23:56:24.000Z", "private": false, "disabled": false, "gated": false, "tags": ["tensorboard", "safetensors", "region:us"], "downloads": 0, "likes": 0, "siblings": [{"rfilename": ".gitattributes"}, {"rfilename": "adapter_config.json"}, {"rfilename": "adapter_model.safetensors"}, {"rfilename": "runs/Nov23_23-46-14_1744eeaa4ec3/events.out.tfevents.1700783241.1744eeaa4ec3.636.0"}, {"rfilename": "runs/Nov23_23-49-05_1744eeaa4ec3/events.out.tfevents.1700783353.1744eeaa4ec3.636.1"}, {"rfilename": "runs/Nov23_23-49-35_1744eeaa4ec3/events.out.tfevents.1700783380.1744eeaa4ec3.636.2"}, {"rfilename": "training_args.bin"}], "spaces": [], "createdAt": "2023-11-23T23:47:21.000Z", "inferenceStatus": "not-loaded"}