{"_id": "6496c66833611fb433012d29", "id": "Qasim30/ppo-LunarLander-v2", "modelId": "Qasim30/ppo-LunarLander-v2", "author": "Qasim30", "sha": "08877461768ac71393ef6556d0c487679d2134a6", "lastModified": "2023-06-24T10:33:34.000Z", "private": false, "disabled": false, "gated": false, "pipeline_tag": "reinforcement-learning", "tags": ["stable-baselines3", "LunarLander-v2", "deep-reinforcement-learning", "reinforcement-learning", "model-index", "region:us"], "downloads": 0, "library_name": "stable-baselines3", "likes": 0, "model-index": [{"name": "PPO", "results": [{"task": {"type": "reinforcement-learning", "name": "reinforcement-learning"}, "dataset": {"name": "LunarLander-v2", "type": "LunarLander-v2"}, "metrics": [{"type": "mean_reward", "value": "259.23 +/- 19.96", "name": "mean_reward", "verified": false}]}]}], "config": {}, "cardData": {"library_name": "stable-baselines3", "tags": ["LunarLander-v2", "deep-reinforcement-learning", "reinforcement-learning", "stable-baselines3"], "model-index": [{"name": "PPO", "results": [{"task": {"type": "reinforcement-learning", "name": "reinforcement-learning"}, "dataset": {"name": "LunarLander-v2", "type": "LunarLander-v2"}, "metrics": [{"type": "mean_reward", "value": "259.23 +/- 19.96", "name": "mean_reward", "verified": false}]}]}]}, "siblings": [{"rfilename": ".gitattributes"}, {"rfilename": "README.md"}, {"rfilename": "config.json"}, {"rfilename": "replay.mp4"}, {"rfilename": "results.json"}, {"rfilename": "try.zip"}, {"rfilename": "try/_stable_baselines3_version"}, {"rfilename": "try/data"}, {"rfilename": "try/policy.optimizer.pth"}, {"rfilename": "try/policy.pth"}, {"rfilename": "try/pytorch_variables.pth"}, {"rfilename": "try/system_info.txt"}], "spaces": [], "createdAt": "2023-06-24T10:33:12.000Z", "inferenceStatus": "not-loaded"}