{"_id": "64c653a1468c429ae81a246b", "id": "Qasim30/Reinforce-mycopter", "modelId": "Qasim30/Reinforce-mycopter", "author": "Qasim30", "sha": "a970d57d8695a84c52785feacf34b125898118ad", "lastModified": "2023-07-30T12:45:31.000Z", "private": false, "disabled": false, "gated": false, "pipeline_tag": "reinforcement-learning", "tags": ["Pixelcopter-PLE-v0", "reinforce", "reinforcement-learning", "custom-implementation", "deep-rl-class", "model-index", "region:us"], "downloads": 0, "likes": 0, "model-index": [{"name": "Reinforce-mycopter", "results": [{"task": {"type": "reinforcement-learning", "name": "reinforcement-learning"}, "dataset": {"name": "Pixelcopter-PLE-v0", "type": "Pixelcopter-PLE-v0"}, "metrics": [{"type": "mean_reward", "value": "17.50 +/- 10.12", "name": "mean_reward", "verified": false}]}]}], "cardData": {"tags": ["Pixelcopter-PLE-v0", "reinforce", "reinforcement-learning", "custom-implementation", "deep-rl-class"], "model-index": [{"name": "Reinforce-mycopter", "results": [{"task": {"type": "reinforcement-learning", "name": "reinforcement-learning"}, "dataset": {"name": "Pixelcopter-PLE-v0", "type": "Pixelcopter-PLE-v0"}, "metrics": [{"type": "mean_reward", "value": "17.50 +/- 10.12", "name": "mean_reward", "verified": false}]}]}]}, "siblings": [{"rfilename": ".gitattributes"}, {"rfilename": "README.md"}, {"rfilename": "hyperparameters.json"}, {"rfilename": "model.pt"}, {"rfilename": "replay.mp4"}, {"rfilename": "results.json"}], "spaces": [], "createdAt": "2023-07-30T12:12:17.000Z", "inferenceStatus": "not-loaded"}