{"_id": "6497dd1178128353d7c6d57e", "id": "Qasim30/ppo-Huggy", "modelId": "Qasim30/ppo-Huggy", "author": "Qasim30", "sha": "48970e6c1c953ad4612e34b45fe68be0a9d38860", "lastModified": "2023-06-25T06:22:19.000Z", "private": false, "disabled": false, "gated": false, "pipeline_tag": "reinforcement-learning", "tags": ["ml-agents", "tensorboard", "onnx", "Huggy", "deep-reinforcement-learning", "reinforcement-learning", "ML-Agents-Huggy", "region:us"], "downloads": 3, "library_name": "ml-agents", "likes": 0, "model-index": null, "config": {}, "cardData": {"library_name": "ml-agents", "tags": ["Huggy", "deep-reinforcement-learning", "reinforcement-learning", "ML-Agents-Huggy"]}, "siblings": [{"rfilename": ".gitattributes"}, {"rfilename": "Huggy.onnx"}, {"rfilename": "Huggy/Huggy-1199985.onnx"}, {"rfilename": "Huggy/Huggy-1199985.pt"}, {"rfilename": "Huggy/Huggy-1399891.onnx"}, {"rfilename": "Huggy/Huggy-1399891.pt"}, {"rfilename": "Huggy/Huggy-1599996.onnx"}, {"rfilename": "Huggy/Huggy-1599996.pt"}, {"rfilename": "Huggy/Huggy-1799995.onnx"}, {"rfilename": "Huggy/Huggy-1799995.pt"}, {"rfilename": "Huggy/Huggy-199926.onnx"}, {"rfilename": "Huggy/Huggy-199926.pt"}, {"rfilename": "Huggy/Huggy-1999908.onnx"}, {"rfilename": "Huggy/Huggy-1999908.pt"}, {"rfilename": "Huggy/Huggy-2000033.onnx"}, {"rfilename": "Huggy/Huggy-2000033.pt"}, {"rfilename": "Huggy/Huggy-399978.onnx"}, {"rfilename": "Huggy/Huggy-399978.pt"}, {"rfilename": "Huggy/Huggy-599889.onnx"}, {"rfilename": "Huggy/Huggy-599889.pt"}, {"rfilename": "Huggy/Huggy-799964.onnx"}, {"rfilename": "Huggy/Huggy-799964.pt"}, {"rfilename": "Huggy/Huggy-999651.onnx"}, {"rfilename": "Huggy/Huggy-999651.pt"}, {"rfilename": "Huggy/checkpoint.pt"}, {"rfilename": "Huggy/events.out.tfevents.1687670631.2e9fb2f5a40d.2478.0"}, {"rfilename": "README.md"}, {"rfilename": "config.json"}, {"rfilename": "configuration.yaml"}, {"rfilename": "run_logs/Player-0.log"}, {"rfilename": "run_logs/timers.json"}, {"rfilename": "run_logs/training_status.json"}], "spaces": [], "createdAt": "2023-06-25T06:22:09.000Z", "inferenceStatus": "not-loaded"}