{"_id": "621ffdc036468d709f176ffc", "id": "Qasim/wav2vec2-large-xls-r-300m-turkish-colab", "modelId": "Qasim/wav2vec2-large-xls-r-300m-turkish-colab", "author": "Qasim", "sha": "aeaeafcf4d77a4e3379c8dd1fe76fcd7b21cf193", "lastModified": "2022-01-06T07:39:28.000Z", "private": false, "disabled": false, "gated": false, "tags": ["region:us"], "downloads": 0, "likes": 0, "siblings": [{"rfilename": ".gitattributes"}], "spaces": [], "createdAt": "2022-03-02T23:29:04.000Z", "inferenceStatus": "not-loaded"}