{"_id": "66734dc787a9cc9885824014", "id": "qassim227/Auto-pharmacy-V5", "modelId": "qassim227/Auto-pharmacy-V5", "author": "qassim227", "sha": "ed456eb6d04a0cb9860f40849da210c15ce350b8", "lastModified": "2024-06-20T07:53:08.000Z", "private": false, "disabled": false, "gated": false, "pipeline_tag": "image-to-text", "tags": ["transformers", "safetensors", "vision-encoder-decoder", "generated_from_trainer", "image-to-text", "base_model:microsoft/trocr-small-stage1", "endpoints_compatible", "region:us"], "downloads": 5, "library_name": "transformers", "likes": 0, "model-index": [{"name": "Auto-pharmacy-V5", "results": []}], "config": {"architectures": ["VisionEncoderDecoderModel"], "model_type": "vision-encoder-decoder", "tokenizer_config": {"bos_token": "<s>", "cls_token": "<s>", "eos_token": "</s>", "mask_token": "<mask>", "pad_token": "<pad>", "sep_token": "</s>", "unk_token": "<unk>"}}, "cardData": {"base_model": "microsoft/trocr-small-stage1", "tags": ["generated_from_trainer"], "model-index": [{"name": "Auto-pharmacy-V5", "results": []}], "pipeline_tag": "image-to-text"}, "transformersInfo": {"auto_model": "AutoModel", "processor": "AutoTokenizer"}, "siblings": [{"rfilename": ".gitattributes"}, {"rfilename": "README.md"}, {"rfilename": "config.json"}, {"rfilename": "generation_config.json"}, {"rfilename": "merges.txt"}, {"rfilename": "model.safetensors"}, {"rfilename": "preprocessor_config.json"}, {"rfilename": "special_tokens_map.json"}, {"rfilename": "tokenizer.json"}, {"rfilename": "tokenizer_config.json"}, {"rfilename": "training_args.bin"}, {"rfilename": "vocab.json"}], "spaces": [], "createdAt": "2024-06-19T21:29:43.000Z", "safetensors": {"parameters": {"F32": 54592089}, "total": 54592089}, "inferenceStatus": "not-loaded"}