{"_id": "665f3b59e96b7d6a72fb0667", "id": "qassim227/Auto-pharmacy-V2", "modelId": "qassim227/Auto-pharmacy-V2", "author": "qassim227", "sha": "d1dfb48185b4298b65aef97d60f23230c60748f1", "lastModified": "2024-06-04T17:33:55.000Z", "private": false, "disabled": false, "gated": false, "pipeline_tag": "image-to-text", "tags": ["transformers", "tensorboard", "safetensors", "vision-encoder-decoder", "generated_from_trainer", "image-to-text", "base_model:microsoft/trocr-small-stage1", "endpoints_compatible", "region:us"], "downloads": 3, "library_name": "transformers", "likes": 0, "model-index": [{"name": "Auto-pharmacy-V2", "results": []}], "config": {"architectures": ["VisionEncoderDecoderModel"], "model_type": "vision-encoder-decoder", "tokenizer_config": {"bos_token": "<s>", "cls_token": "<s>", "eos_token": "</s>", "mask_token": "<mask>", "pad_token": "<pad>", "sep_token": "</s>", "unk_token": "<unk>"}}, "cardData": {"base_model": "microsoft/trocr-small-stage1", "tags": ["generated_from_trainer"], "model-index": [{"name": "Auto-pharmacy-V2", "results": []}], "pipeline_tag": "image-to-text"}, "transformersInfo": {"auto_model": "AutoModel", "processor": "AutoTokenizer"}, "siblings": [{"rfilename": ".gitattributes"}, {"rfilename": "README.md"}, {"rfilename": "config.json"}, {"rfilename": "generation_config.json"}, {"rfilename": "merges.txt"}, {"rfilename": "model.safetensors"}, {"rfilename": "preprocessor_config.json"}, {"rfilename": "runs/Jun04_17-08-21_b69cec9ef687/events.out.tfevents.1717520929.b69cec9ef687.34.0"}, {"rfilename": "special_tokens_map.json"}, {"rfilename": "tokenizer.json"}, {"rfilename": "tokenizer_config.json"}, {"rfilename": "training_args.bin"}, {"rfilename": "vocab.json"}], "spaces": [], "createdAt": "2024-06-04T16:05:45.000Z", "safetensors": {"parameters": {"F32": 61596672}, "total": 61596672}, "inferenceStatus": "not-loaded"}