{"_id": "665f2668c794b3ef64ba5df5", "id": "qassim227/auto_pharmacy", "modelId": "qassim227/auto_pharmacy", "author": "qassim227", "sha": "aa28b79734febf234b822f49b941f6d3134166c4", "lastModified": "2024-06-19T19:06:58.000Z", "private": false, "disabled": false, "gated": false, "pipeline_tag": "image-to-text", "tags": ["transformers", "safetensors", "vision-encoder-decoder", "image-to-text", "arxiv:1910.09700", "endpoints_compatible", "region:us"], "downloads": 2, "library_name": "transformers", "likes": 0, "model-index": null, "config": {"architectures": ["VisionEncoderDecoderModel"], "model_type": "vision-encoder-decoder"}, "cardData": {"library_name": "transformers", "pipeline_tag": "image-to-text"}, "transformersInfo": {"auto_model": "AutoModel", "processor": "AutoTokenizer"}, "siblings": [{"rfilename": ".gitattributes"}, {"rfilename": "README.md"}, {"rfilename": "config.json"}, {"rfilename": "generation_config.json"}, {"rfilename": "model.safetensors"}], "spaces": [], "createdAt": "2024-06-04T14:36:24.000Z", "safetensors": {"parameters": {"F32": 54592089}, "total": 54592089}, "inferenceStatus": "not-loaded"}