{"_id": "6503c863f9f01e67ee7fd9d7", "id": "qayqaq/code-search-net-tokenizer", "modelId": "qayqaq/code-search-net-tokenizer", "author": "qayqaq", "sha": "93f8a15bb34afec17e461918f6aadf1386c6d1bf", "lastModified": "2023-09-15T02:58:44.000Z", "private": false, "disabled": false, "gated": false, "tags": ["region:us"], "downloads": 0, "likes": 0, "config": {"tokenizer_config": {"bos_token": "<|endoftext|>", "eos_token": "<|endoftext|>", "unk_token": "<|endoftext|>"}}, "siblings": [{"rfilename": ".gitattributes"}, {"rfilename": "merges.txt"}, {"rfilename": "special_tokens_map.json"}, {"rfilename": "tokenizer.json"}, {"rfilename": "tokenizer_config.json"}, {"rfilename": "vocab.json"}], "spaces": [], "createdAt": "2023-09-15T02:58:43.000Z", "inferenceStatus": "not-loaded"}