{"_id": "651157d83a24d76aa264be98", "id": "qayqaq/my-controlnet-scheduler", "modelId": "qayqaq/my-controlnet-scheduler", "author": "qayqaq", "sha": "f61bce889186ad91ab064a92323f2e8bd33edd52", "lastModified": "2023-09-25T09:50:16.000Z", "private": false, "disabled": false, "gated": false, "tags": ["region:us"], "downloads": 0, "likes": 0, "siblings": [{"rfilename": ".gitattributes"}, {"rfilename": "scheduler_config.json"}], "spaces": [], "createdAt": "2023-09-25T09:50:16.000Z", "inferenceStatus": "not-loaded"}