{"_id": "6570389581e5a9a8fc0b7883", "id": "qazer2525/model-1f7182f3-9416-11ee-a1db-fa2c1eff3073", "modelId": "qazer2525/model-1f7182f3-9416-11ee-a1db-fa2c1eff3073", "author": "qazer2525", "sha": "51ecfadc2b7237a9cf7ed8d5526d0c159a658f18", "lastModified": "2023-12-06T09:02:13.000Z", "private": false, "disabled": false, "gated": false, "tags": ["region:us"], "downloads": 0, "likes": 0, "siblings": [{"rfilename": ".gitattributes"}], "spaces": [], "createdAt": "2023-12-06T09:02:13.000Z", "inferenceStatus": "not-loaded"}