{"_id": "652e4e5af7431c19a99fbdd9", "id": "qazs/ppo-Huggy", "modelId": "qazs/ppo-Huggy", "author": "qazs", "sha": "c3a6655f47cc80ce3aca0030f6d0995410b084d4", "lastModified": "2023-10-17T09:05:35.000Z", "private": false, "disabled": false, "gated": false, "pipeline_tag": "reinforcement-learning", "tags": ["ml-agents", "tensorboard", "onnx", "Huggy", "deep-reinforcement-learning", "reinforcement-learning", "ML-Agents-Huggy", "region:us"], "downloads": 72, "library_name": "ml-agents", "likes": 0, "model-index": null, "config": {}, "cardData": {"library_name": "ml-agents", "tags": ["Huggy", "deep-reinforcement-learning", "reinforcement-learning", "ML-Agents-Huggy"]}, "siblings": [{"rfilename": ".gitattributes"}, {"rfilename": "Huggy.onnx"}, {"rfilename": "Huggy/Huggy-1199975.onnx"}, {"rfilename": "Huggy/Huggy-1199975.pt"}, {"rfilename": "Huggy/Huggy-1399946.onnx"}, {"rfilename": "Huggy/Huggy-1399946.pt"}, {"rfilename": "Huggy/Huggy-1599251.onnx"}, {"rfilename": "Huggy/Huggy-1599251.pt"}, {"rfilename": "Huggy/Huggy-1799992.onnx"}, {"rfilename": "Huggy/Huggy-1799992.pt"}, {"rfilename": "Huggy/Huggy-199738.onnx"}, {"rfilename": "Huggy/Huggy-199738.pt"}, {"rfilename": "Huggy/Huggy-1999982.onnx"}, {"rfilename": "Huggy/Huggy-1999982.pt"}, {"rfilename": "Huggy/Huggy-2000059.onnx"}, {"rfilename": "Huggy/Huggy-2000059.pt"}, {"rfilename": "Huggy/Huggy-399978.onnx"}, {"rfilename": "Huggy/Huggy-399978.pt"}, {"rfilename": "Huggy/Huggy-599931.onnx"}, {"rfilename": "Huggy/Huggy-599931.pt"}, {"rfilename": "Huggy/Huggy-799968.onnx"}, {"rfilename": "Huggy/Huggy-799968.pt"}, {"rfilename": "Huggy/Huggy-999924.onnx"}, {"rfilename": "Huggy/Huggy-999924.pt"}, {"rfilename": "Huggy/checkpoint.pt"}, {"rfilename": "Huggy/events.out.tfevents.1697530762.f7ab387c8b3a.1791.0"}, {"rfilename": "README.md"}, {"rfilename": "config.json"}, {"rfilename": "configuration.yaml"}, {"rfilename": "run_logs/Player-0.log"}, {"rfilename": "run_logs/timers.json"}, {"rfilename": "run_logs/training_status.json"}], "spaces": [], "createdAt": "2023-10-17T09:05:30.000Z", "inferenceStatus": "not-loaded"}