{"_id": "62c47afb7877fdc687c62611", "id": "QBagdope/Storybooker", "modelId": "QBagdope/Storybooker", "author": "QBagdope", "sha": "3c909a0037781bce8a257ee19305ff89947250ae", "lastModified": "2022-07-05T17:55:07.000Z", "private": false, "disabled": false, "gated": false, "tags": ["license:cc0-1.0", "region:us"], "downloads": 0, "likes": 0, "model-index": null, "cardData": {"license": "cc0-1.0"}, "siblings": [{"rfilename": ".gitattributes"}, {"rfilename": "README.md"}], "spaces": [], "createdAt": "2022-07-05T17:55:07.000Z", "inferenceStatus": "not-loaded"}