{"_id": "643bc19649e0fa66dc90ab3a", "id": "qbao775/AMR-LE-DeBERTa-V2-XXLarge-Contraposition-Double-Negation-Implication", "modelId": "qbao775/AMR-LE-DeBERTa-V2-XXLarge-Contraposition-Double-Negation-Implication", "author": "qbao775", "sha": "be1663aabb1cb762659487ec494743ac0adee7f3", "lastModified": "2023-05-28T05:01:05.000Z", "private": false, "disabled": false, "gated": false, "pipeline_tag": "text-classification", "tags": ["transformers", "pytorch", "deberta-v2", "text-classification", "logical-reasoning", "logical-equivalence", "constrastive-learning", "en", "arxiv:2305.12599", "license:mit", "autotrain_compatible", "endpoints_compatible", "region:us"], "downloads": 10, "library_name": "transformers", "mask_token": "[MASK]", "widgetData": [{"text": "I like you. I love you"}], "likes": 1, "model-index": null, "config": {"architectures": ["DebertaV2ForSequenceClassification"], "model_type": "deberta-v2", "tokenizer_config": {"bos_token": "[CLS]", "cls_token": "[CLS]", "eos_token": "[SEP]", "mask_token": "[MASK]", "pad_token": "[PAD]", "sep_token": "[SEP]", "unk_token": "[UNK]"}}, "cardData": {"license": "mit", "language": ["en"], "metrics": ["accuracy"], "library_name": "transformers", "tags": ["logical-reasoning", "logical-equivalence", "constrastive-learning"]}, "transformersInfo": {"auto_model": "AutoModelForSequenceClassification", "pipeline_tag": "text-classification", "processor": "AutoTokenizer"}, "siblings": [{"rfilename": ".gitattributes"}, {"rfilename": "README.md"}, {"rfilename": "added_tokens.json"}, {"rfilename": "all_results.json"}, {"rfilename": "config.json"}, {"rfilename": "pytorch_model.bin"}, {"rfilename": "special_tokens_map.json"}, {"rfilename": "spm.model"}, {"rfilename": "tokenizer.json"}, {"rfilename": "tokenizer_config.json"}], "spaces": [], "createdAt": "2023-04-16T09:36:22.000Z", "inferenceStatus": "not-loaded"}