{"_id": "639d413c24af4747d8d27495", "id": "qbaro/wav2vec2-vi", "modelId": "qbaro/wav2vec2-vi", "author": "qbaro", "sha": "aaee38bac8696c8b8d2549a998ef242402ce4865", "lastModified": "2023-01-18T04:54:00.000Z", "private": false, "disabled": false, "gated": false, "pipeline_tag": "automatic-speech-recognition", "tags": ["transformers", "pytorch", "tensorboard", "wav2vec2", "automatic-speech-recognition", "generated_from_trainer", "dataset:common_voice", "license:apache-2.0", "endpoints_compatible", "region:us"], "downloads": 4, "library_name": "transformers", "likes": 0, "model-index": [{"name": "wav2vec2-vi", "results": []}], "config": {"architectures": ["Wav2Vec2ForCTC"], "model_type": "wav2vec2", "tokenizer_config": {"unk_token": "[UNK]", "bos_token": "<s>", "eos_token": "</s>", "pad_token": "[PAD]"}}, "cardData": {"license": "apache-2.0", "tags": ["generated_from_trainer"], "datasets": ["common_voice"], "model-index": [{"name": "wav2vec2-vi", "results": []}]}, "transformersInfo": {"auto_model": "AutoModelForCTC", "pipeline_tag": "automatic-speech-recognition", "processor": "AutoProcessor"}, "siblings": [{"rfilename": ".gitattributes"}, {"rfilename": ".gitignore"}, {"rfilename": "README.md"}, {"rfilename": "added_tokens.json"}, {"rfilename": "config.json"}, {"rfilename": "optimizer.pt"}, {"rfilename": "preprocessor_config.json"}, {"rfilename": "pytorch_model.bin"}, {"rfilename": "rng_state.pth"}, {"rfilename": "runs/Dec17_04-38-57_b9f97d4a4bc7/1671251987.328258/events.out.tfevents.1671251987.b9f97d4a4bc7.23.1"}, {"rfilename": "runs/Dec17_04-38-57_b9f97d4a4bc7/events.out.tfevents.1671251987.b9f97d4a4bc7.23.0"}, {"rfilename": "runs/Jan17_05-57-20_dfa34576fb6a/1673935499.4076784/events.out.tfevents.1673935499.dfa34576fb6a.22.1"}, {"rfilename": "runs/Jan17_05-57-20_dfa34576fb6a/events.out.tfevents.1673935499.dfa34576fb6a.22.0"}, {"rfilename": "runs/Jan17_07-59-45_58e570142ef9/1673942703.3857741/events.out.tfevents.1673942703.58e570142ef9.23.1"}, {"rfilename": "runs/Jan17_07-59-45_58e570142ef9/events.out.tfevents.1673942703.58e570142ef9.23.0"}, {"rfilename": "scheduler.pt"}, {"rfilename": "special_tokens_map.json"}, {"rfilename": "tokenizer_config.json"}, {"rfilename": "trainer_state.json"}, {"rfilename": "training_args.bin"}, {"rfilename": "vocab.json"}], "spaces": [], "createdAt": "2022-12-17T04:10:36.000Z", "inferenceStatus": "not-loaded"}