{"_id": "63b3a20c54211fcd063359a8", "id": "qbaro/wav2vec2-vi5", "modelId": "qbaro/wav2vec2-vi5", "author": "qbaro", "sha": "b16c4bb43223eaa4fe0f2373a01d26c52fa809f0", "lastModified": "2023-01-31T03:34:52.000Z", "private": false, "disabled": false, "gated": false, "pipeline_tag": "automatic-speech-recognition", "tags": ["transformers", "pytorch", "tensorboard", "wav2vec2", "automatic-speech-recognition", "generated_from_trainer", "license:cc-by-nc-4.0", "endpoints_compatible", "region:us"], "downloads": 20, "library_name": "transformers", "likes": 0, "model-index": [{"name": "wav2vec2-vi5", "results": []}], "config": {"architectures": ["Wav2Vec2ForCTC"], "model_type": "wav2vec2", "tokenizer_config": {"unk_token": "[UNK]", "bos_token": "<s>", "eos_token": "</s>", "pad_token": "[PAD]"}}, "cardData": {"license": "cc-by-nc-4.0", "tags": ["generated_from_trainer"], "model-index": [{"name": "wav2vec2-vi5", "results": []}]}, "transformersInfo": {"auto_model": "AutoModelForCTC", "pipeline_tag": "automatic-speech-recognition", "processor": "AutoProcessor"}, "siblings": [{"rfilename": ".gitattributes"}, {"rfilename": ".gitignore"}, {"rfilename": "README.md"}, {"rfilename": "added_tokens.json"}, {"rfilename": "config.json"}, {"rfilename": "model_handling.py"}, {"rfilename": "preprocessor_config.json"}, {"rfilename": "pytorch_model.bin"}, {"rfilename": "runs/Jan04_03-40-26_494083af41b5/1672803704.1327188/events.out.tfevents.1672803704.494083af41b5.665.1"}, {"rfilename": "runs/Jan04_03-40-26_494083af41b5/events.out.tfevents.1672803704.494083af41b5.665.0"}, {"rfilename": "runs/Jan05_03-17-12_d1a50f34250f/1672888706.040964/events.out.tfevents.1672888706.d1a50f34250f.442.1"}, {"rfilename": "runs/Jan05_03-17-12_d1a50f34250f/events.out.tfevents.1672888706.d1a50f34250f.442.0"}, {"rfilename": "runs/Jan05_03-18-48_d1a50f34250f/1672888798.4773524/events.out.tfevents.1672888798.d1a50f34250f.442.3"}, {"rfilename": "runs/Jan05_03-18-48_d1a50f34250f/events.out.tfevents.1672888798.d1a50f34250f.442.2"}, {"rfilename": "runs/Jan05_03-28-15_d1a50f34250f/1672889365.7280939/events.out.tfevents.1672889365.d1a50f34250f.4850.1"}, {"rfilename": "runs/Jan05_03-28-15_d1a50f34250f/1672890812.8698728/events.out.tfevents.1672890812.d1a50f34250f.4850.2"}, {"rfilename": "runs/Jan05_03-28-15_d1a50f34250f/1672892031.0748987/events.out.tfevents.1672892031.d1a50f34250f.4850.3"}, {"rfilename": "runs/Jan05_03-28-15_d1a50f34250f/events.out.tfevents.1672889365.d1a50f34250f.4850.0"}, {"rfilename": "runs/Jan05_04-55-08_d1a50f34250f/1672894581.5709403/events.out.tfevents.1672894581.d1a50f34250f.26185.1"}, {"rfilename": "runs/Jan05_04-55-08_d1a50f34250f/events.out.tfevents.1672894581.d1a50f34250f.26185.0"}, {"rfilename": "runs/Jan05_08-03-30_8b300e0c7311/1672905972.777644/events.out.tfevents.1672905972.8b300e0c7311.349.1"}, {"rfilename": "runs/Jan05_08-03-30_8b300e0c7311/events.out.tfevents.1672905972.8b300e0c7311.349.0"}, {"rfilename": "runs/Jan18_10-38-57_9e69a8d24a31/1674038659.2804894/events.out.tfevents.1674038659.9e69a8d24a31.23.1"}, {"rfilename": "runs/Jan18_10-38-57_9e69a8d24a31/events.out.tfevents.1674038659.9e69a8d24a31.23.0"}, {"rfilename": "special_tokens_map.json"}, {"rfilename": "tokenizer_config.json"}, {"rfilename": "training_args.bin"}, {"rfilename": "vocab.json"}], "spaces": [], "createdAt": "2023-01-03T03:33:32.000Z", "inferenceStatus": "not-loaded"}