{"_id": "650ab04bd26103b6eee84db5", "id": "Qbeast/memeaiai", "modelId": "Qbeast/memeaiai", "author": "Qbeast", "sha": "d08de32ef7d7385af8c11b00487b8452881c6d06", "lastModified": "2024-01-10T11:08:11.000Z", "private": false, "disabled": false, "gated": false, "pipeline_tag": "text-generation", "tags": ["adapter-transformers", "pytorch", "phi-msft", "Meme", "Qbeast", "text-generation", "custom_code", "en", "region:us"], "downloads": 0, "library_name": "adapter-transformers", "widgetData": [{"text": "My name is Julien and I like to"}, {"text": "My name is Thomas and my main"}, {"text": "My name is Mariama, my favorite"}, {"text": "My name is Clara and I am"}, {"text": "My name is Lewis and I like to"}, {"text": "My name is Merve and my favorite"}, {"text": "My name is Teven and I am"}, {"text": "Once upon a time,"}], "likes": 1, "model-index": null, "config": {"architectures": ["PhiForCausalLM"], "auto_map": {"AutoConfig": "configuration_phi.PhiConfig", "AutoModelForCausalLM": "modeling_phi.PhiForCausalLM"}, "model_type": "phi-msft"}, "cardData": {"language": ["en"], "library_name": "adapter-transformers", "pipeline_tag": "text-generation", "tags": ["Meme", "Qbeast"]}, "siblings": [{"rfilename": ".gitattributes"}, {"rfilename": "README.md"}, {"rfilename": "config.json"}, {"rfilename": "configuration_phi.py"}, {"rfilename": "generation_config.json"}, {"rfilename": "modeling_phi.py"}, {"rfilename": "pytorch_model.bin"}], "spaces": [], "createdAt": "2023-09-20T08:41:47.000Z", "inferenceStatus": "not-loaded"}