{"_id": "6480f6d440facadc55751ec8", "id": "qberg/gpl-23m-bio", "modelId": "qberg/gpl-23m-bio", "author": "qberg", "sha": "790cc7e83d68ce37969d0ecac8c377af03b02211", "lastModified": "2023-06-11T13:21:27.000Z", "private": false, "disabled": false, "gated": false, "pipeline_tag": "sentence-similarity", "tags": ["sentence-transformers", "pytorch", "distilbert", "feature-extraction", "sentence-similarity", "transformers", "autotrain_compatible", "text-embeddings-inference", "endpoints_compatible", "region:us"], "downloads": 8, "library_name": "sentence-transformers", "mask_token": "[MASK]", "widgetData": [{"source_sentence": "That is a happy person", "sentences": ["That is a happy dog", "That is a very happy person", "Today is a sunny day"]}], "likes": 0, "model-index": null, "config": {"architectures": ["DistilBertModel"], "model_type": "distilbert", "tokenizer_config": {"cls_token": "[CLS]", "mask_token": "[MASK]", "pad_token": "[PAD]", "sep_token": "[SEP]", "unk_token": "[UNK]"}}, "cardData": {"pipeline_tag": "sentence-similarity", "tags": ["sentence-transformers", "feature-extraction", "sentence-similarity", "transformers"]}, "transformersInfo": {"auto_model": "AutoModel", "pipeline_tag": "feature-extraction", "processor": "AutoTokenizer"}, "siblings": [{"rfilename": ".gitattributes"}, {"rfilename": "1_Pooling/config.json"}, {"rfilename": "README.md"}, {"rfilename": "config.json"}, {"rfilename": "config_sentence_transformers.json"}, {"rfilename": "modules.json"}, {"rfilename": "pytorch_model.bin"}, {"rfilename": "sentence_bert_config.json"}, {"rfilename": "special_tokens_map.json"}, {"rfilename": "tokenizer.json"}, {"rfilename": "tokenizer_config.json"}, {"rfilename": "vocab.txt"}], "spaces": [], "createdAt": "2023-06-07T21:29:56.000Z", "inferenceStatus": "not-loaded"}