{"_id": "62a008298212d77c23a4a79a", "id": "qbhy/model-example", "modelId": "qbhy/model-example", "author": "qbhy", "sha": "1d4dd8574199e246bb80bbfa3905fc26eca38b02", "lastModified": "2022-06-08T02:25:46.000Z", "private": false, "disabled": false, "gated": false, "tags": ["region:us"], "downloads": 0, "likes": 0, "siblings": [{"rfilename": ".gitattributes"}, {"rfilename": "README.md"}, {"rfilename": "all.tar"}], "spaces": [], "createdAt": "2022-06-08T02:23:37.000Z", "inferenceStatus": "not-loaded"}