{"_id": "6634811502e91ea4265fabb7", "id": "qbitmaze/ibrain_000_tokenizer", "modelId": "qbitmaze/ibrain_000_tokenizer", "author": "qbitmaze", "sha": "8be723441a5ce58cb26af575275ceab9b6050dca", "lastModified": "2024-05-03T06:15:50.000Z", "private": false, "disabled": false, "gated": false, "tags": ["transformers", "unsloth", "arxiv:1910.09700", "endpoints_compatible", "region:us"], "downloads": 0, "library_name": "transformers", "likes": 0, "model-index": null, "config": {"tokenizer_config": {"bos_token": "<s>", "chat_template": "{% for message in messages %}{% if message['from'] == 'human' %}{{'<|im_start|>user\n' + message['value'] + '<|im_end|>\n'}}{% elif message['from'] == 'gpt' %}{{'<|im_start|>assistant\n' + message['value'] + '<|im_end|>\n' }}{% else %}{{ '<|im_start|>system\n' + message['value'] + '<|im_end|>\n' }}{% endif %}{% endfor %}{% if add_generation_prompt %}{{ '<|im_start|>assistant\n' }}{% endif %}", "eos_token": "<|im_end|>", "pad_token": "<|im_end|>", "unk_token": "<unk>", "use_default_system_prompt": false}}, "cardData": {"library_name": "transformers", "tags": ["unsloth"]}, "transformersInfo": {"auto_model": "AutoModel"}, "siblings": [{"rfilename": ".gitattributes"}, {"rfilename": "README.md"}, {"rfilename": "special_tokens_map.json"}, {"rfilename": "tokenizer.json"}, {"rfilename": "tokenizer_config.json"}], "spaces": [], "createdAt": "2024-05-03T06:15:49.000Z", "inferenceStatus": "not-loaded"}