{"_id": "66348110ca8fd5b68913f21b", "id": "qbitmaze/ibrain_000", "modelId": "qbitmaze/ibrain_000", "author": "qbitmaze", "sha": "a0b4447806b0db6d806ad5b62cd8cf928b6b10be", "lastModified": "2024-05-03T06:15:49.000Z", "private": false, "disabled": false, "gated": false, "tags": ["transformers", "safetensors", "text-generation-inference", "unsloth", "llama", "trl", "en", "base_model:TinyLlama/TinyLlama-1.1B-Chat-v1.0", "license:apache-2.0", "endpoints_compatible", "region:us"], "downloads": 0, "library_name": "transformers", "likes": 0, "model-index": null, "cardData": {"language": ["en"], "license": "apache-2.0", "tags": ["text-generation-inference", "transformers", "unsloth", "llama", "trl"], "base_model": "TinyLlama/TinyLlama-1.1B-Chat-v1.0"}, "transformersInfo": {"auto_model": "AutoModel"}, "siblings": [{"rfilename": ".gitattributes"}, {"rfilename": "README.md"}, {"rfilename": "adapter_config.json"}, {"rfilename": "adapter_model.safetensors"}], "spaces": [], "createdAt": "2024-05-03T06:15:44.000Z", "inferenceStatus": "not-loaded"}