{"_id": "66348ee4c9ae011c4736ab5b", "id": "qbitmaze/ibrain_0003", "modelId": "qbitmaze/ibrain_0003", "author": "qbitmaze", "sha": "67bff1a9a083b88a8037ca3d1a13ee82221cec8a", "lastModified": "2024-05-03T07:59:52.000Z", "private": false, "disabled": false, "gated": false, "pipeline_tag": "text-generation", "tags": ["transformers", "pytorch", "llama", "text-generation", "text-generation-inference", "unsloth", "trl", "sft", "conversational", "en", "base_model:TinyLlama/TinyLlama-1.1B-Chat-v1.0", "license:apache-2.0", "autotrain_compatible", "endpoints_compatible", "region:us"], "downloads": 2, "library_name": "transformers", "widgetData": [{"text": "Hey my name is Julien! How are you?"}, {"text": "Hey my name is Thomas! How are you?"}, {"text": "Hey my name is Mariama! How are you?"}, {"text": "Hey my name is Clara! How are you?"}, {"text": "Hey my name is Julien! How are you?"}, {"text": "Hi."}], "likes": 0, "model-index": null, "config": {"architectures": ["LlamaForCausalLM"], "model_type": "llama", "tokenizer_config": {"bos_token": "<s>", "chat_template": "{{ bos_token }}{% if messages[0]['from'] == 'system' %}{{ messages[0]['value'] + '\n' }}{% set loop_messages = messages[1:] %}{% else %}{{ 'You are a helpful assistant to the user\n' }}{% set loop_messages = messages %}{% endif %}{% for message in loop_messages %}{% if message['from'] == 'human' %}{{ '>>> User: ' + message['value'] + '\n' }}{% elif message['from'] == 'gpt' %}{{ '>>> Assistant: ' + message['value'] + eos_token + '\n' }}{% else %}{{ raise_exception('Only user and assistant roles are supported!') }}{% endif %}{% endfor %}{% if add_generation_prompt %}{{ '>>> Assistant: ' }}{% endif %}", "eos_token": "<|im_end|>", "pad_token": "<|im_end|>", "unk_token": "<unk>", "use_default_system_prompt": false}}, "cardData": {"language": ["en"], "license": "apache-2.0", "tags": ["text-generation-inference", "transformers", "unsloth", "llama", "trl", "sft"], "base_model": "TinyLlama/TinyLlama-1.1B-Chat-v1.0"}, "transformersInfo": {"auto_model": "AutoModelForCausalLM", "pipeline_tag": "text-generation", "processor": "AutoTokenizer"}, "siblings": [{"rfilename": ".gitattributes"}, {"rfilename": "README.md"}, {"rfilename": "config.json"}, {"rfilename": "generation_config.json"}, {"rfilename": "pytorch_model.bin"}, {"rfilename": "special_tokens_map.json"}, {"rfilename": "tokenizer.json"}, {"rfilename": "tokenizer_config.json"}], "spaces": [], "createdAt": "2024-05-03T07:14:44.000Z", "inferenceStatus": "not-loaded"}