{"_id": "65d37253f08891235abef301", "id": "QBM5/rag_models_storage", "modelId": "QBM5/rag_models_storage", "author": "QBM5", "sha": "404e554cf6989939d54a3f36390949f66bb5d64a", "lastModified": "2024-02-25T22:44:06.000Z", "private": false, "disabled": false, "gated": false, "tags": ["license:apache-2.0", "region:us"], "downloads": 0, "likes": 0, "model-index": null, "cardData": {"license": "apache-2.0"}, "siblings": [{"rfilename": ".gitattributes"}, {"rfilename": "30 Series models/.gitkeep"}, {"rfilename": "30 Series models/llama/llama13_hf/config.json"}, {"rfilename": "30 Series models/llama/llama13_hf/tokenizer.json"}, {"rfilename": "30 Series models/llama/llama13_hf/tokenizer.model"}, {"rfilename": "30 Series models/llama/llama13_hf/tokenizer_config.json"}, {"rfilename": "30 Series models/llama/llama13_int4_awq_weights/llama_tp1.json"}, {"rfilename": "30 Series models/llama/llama13_int4_awq_weights/llama_tp1_rank0.npz"}, {"rfilename": "30 Series models/llama/llama13_int4_engine/config.json"}, {"rfilename": "30 Series models/llama/llama13_int4_engine/llama_float16_tp1_rank0.engine"}, {"rfilename": "30 Series models/llama/llama13_int4_engine/model.cache"}, {"rfilename": "30 Series models/mistral/mistral7b_hf/config.json"}, {"rfilename": "30 Series models/mistral/mistral7b_hf/tokenizer.json"}, {"rfilename": "30 Series models/mistral/mistral7b_hf/tokenizer.model"}, {"rfilename": "30 Series models/mistral/mistral7b_hf/tokenizer_config.json"}, {"rfilename": "30 Series models/mistral/mistral7b_int4_engine/config.json"}, {"rfilename": "30 Series models/mistral/mistral7b_int4_engine/llama_float16_tp1_rank0.engine"}, {"rfilename": "30 Series models/mistral/mistral7b_int4_engine/model.cache"}, {"rfilename": "30 Series models/mistral/mistral7b_int4_quant_weights/mistral_tp1.json"}, {"rfilename": "30 Series models/mistral/mistral7b_int4_quant_weights/mistral_tp1_rank0.npz"}, {"rfilename": "40 Series models/.gitkeep"}, {"rfilename": "40 Series models/llama/llama13_hf/config.json"}, {"rfilename": "40 Series models/llama/llama13_hf/tokenizer.json"}, {"rfilename": "40 Series models/llama/llama13_hf/tokenizer.model"}, {"rfilename": "40 Series models/llama/llama13_hf/tokenizer_config.json"}, {"rfilename": "40 Series models/llama/llama13_int4_awq_weights/llama_tp1.json"}, {"rfilename": "40 Series models/llama/llama13_int4_awq_weights/llama_tp1_rank0.npz"}, {"rfilename": "40 Series models/llama/llama13_int4_engine/config.json"}, {"rfilename": "40 Series models/llama/llama13_int4_engine/llama_float16_tp1_rank0.engine"}, {"rfilename": "40 Series models/llama/llama13_int4_engine/model.cache"}, {"rfilename": "40 Series models/mistral/mistral7b_hf/config.json"}, {"rfilename": "40 Series models/mistral/mistral7b_hf/tokenizer.json"}, {"rfilename": "40 Series models/mistral/mistral7b_hf/tokenizer.model"}, {"rfilename": "40 Series models/mistral/mistral7b_hf/tokenizer_config.json"}, {"rfilename": "40 Series models/mistral/mistral7b_int4_engine/config.json"}, {"rfilename": "40 Series models/mistral/mistral7b_int4_engine/llama_float16_tp1_rank0.engine"}, {"rfilename": "40 Series models/mistral/mistral7b_int4_engine/model.cache"}, {"rfilename": "40 Series models/mistral/mistral7b_int4_quant_weights/mistral_tp1.json"}, {"rfilename": "40 Series models/mistral/mistral7b_int4_quant_weights/mistral_tp1_rank0.npz"}, {"rfilename": "README.md"}, {"rfilename": "llama.zip"}, {"rfilename": "mistral.zip"}], "spaces": [], "createdAt": "2024-02-19T15:22:59.000Z", "inferenceStatus": "not-loaded"}