{"_id": "6489c55444cfcffe8f4ee213", "id": "qBob/finetuning-sentiment-model-3000-samples", "modelId": "qBob/finetuning-sentiment-model-3000-samples", "author": "qBob", "sha": "6eba4edd085d61a87af5ab81408d4370a71ebb32", "lastModified": "2023-06-14T14:30:34.000Z", "private": false, "disabled": false, "gated": false, "pipeline_tag": "text-classification", "tags": ["transformers", "pytorch", "tensorboard", "distilbert", "text-classification", "generated_from_trainer", "dataset:imdb", "license:apache-2.0", "model-index", "autotrain_compatible", "endpoints_compatible", "region:us"], "downloads": 4, "library_name": "transformers", "mask_token": "[MASK]", "widgetData": [{"text": "I like you. I love you"}], "likes": 0, "model-index": [{"name": "finetuning-sentiment-model-3000-samples", "results": [{"task": {"name": "Text Classification", "type": "text-classification"}, "dataset": {"name": "imdb", "type": "imdb", "config": "plain_text", "split": "test", "args": "plain_text"}, "metrics": [{"name": "Accuracy", "type": "accuracy", "value": 0.8733333333333333, "verified": false}, {"name": "F1", "type": "f1", "value": 0.8782051282051282, "verified": false}]}]}], "config": {"architectures": ["DistilBertForSequenceClassification"], "model_type": "distilbert", "tokenizer_config": {"cls_token": "[CLS]", "mask_token": "[MASK]", "pad_token": "[PAD]", "sep_token": "[SEP]", "unk_token": "[UNK]"}}, "cardData": {"license": "apache-2.0", "tags": ["generated_from_trainer"], "datasets": ["imdb"], "metrics": ["accuracy", "f1"], "model-index": [{"name": "finetuning-sentiment-model-3000-samples", "results": [{"task": {"name": "Text Classification", "type": "text-classification"}, "dataset": {"name": "imdb", "type": "imdb", "config": "plain_text", "split": "test", "args": "plain_text"}, "metrics": [{"name": "Accuracy", "type": "accuracy", "value": 0.8733333333333333, "verified": false}, {"name": "F1", "type": "f1", "value": 0.8782051282051282, "verified": false}]}]}]}, "transformersInfo": {"auto_model": "AutoModelForSequenceClassification", "pipeline_tag": "text-classification", "processor": "AutoTokenizer"}, "siblings": [{"rfilename": ".gitattributes"}, {"rfilename": ".gitignore"}, {"rfilename": "README.md"}, {"rfilename": "config.json"}, {"rfilename": "pytorch_model.bin"}, {"rfilename": "runs/Jun14_13-49-57_3d17ea551c47/events.out.tfevents.1686750604.3d17ea551c47.1015.0"}, {"rfilename": "runs/Jun14_13-50-14_3d17ea551c47/events.out.tfevents.1686750619.3d17ea551c47.1015.1"}, {"rfilename": "runs/Jun14_13-50-14_3d17ea551c47/events.out.tfevents.1686750771.3d17ea551c47.1015.2"}, {"rfilename": "runs/Jun14_14-16-21_3d17ea551c47/events.out.tfevents.1686752185.3d17ea551c47.1015.3"}, {"rfilename": "runs/Jun14_14-16-21_3d17ea551c47/events.out.tfevents.1686753012.3d17ea551c47.1015.4"}, {"rfilename": "special_tokens_map.json"}, {"rfilename": "tokenizer.json"}, {"rfilename": "tokenizer_config.json"}, {"rfilename": "training_args.bin"}, {"rfilename": "vocab.txt"}], "spaces": [], "createdAt": "2023-06-14T13:49:08.000Z", "inferenceStatus": "not-loaded"}