{"_id": "6558eee551ebd26dbc10779a", "id": "qbourbon/convnext-finetuned-wt-data-augm", "modelId": "qbourbon/convnext-finetuned-wt-data-augm", "author": "qbourbon", "sha": "4df18e748b66779af407422e088c853c19d43b65", "lastModified": "2023-11-18T17:05:50.000Z", "private": false, "disabled": false, "gated": false, "pipeline_tag": "image-classification", "tags": ["transformers", "safetensors", "convnext", "image-classification", "autotrain_compatible", "endpoints_compatible", "region:us"], "downloads": 0, "library_name": "transformers", "likes": 0, "config": {"architectures": ["ConvNextForImageClassification"], "model_type": "convnext"}, "transformersInfo": {"auto_model": "AutoModelForImageClassification", "pipeline_tag": "image-classification", "processor": "AutoImageProcessor"}, "siblings": [{"rfilename": ".gitattributes"}, {"rfilename": "config.json"}, {"rfilename": "model.safetensors"}, {"rfilename": "preprocessor_config.json"}], "spaces": [], "createdAt": "2023-11-18T17:05:41.000Z", "safetensors": {"parameters": {"F32": 28013147}, "total": 28013147}, "inferenceStatus": "not-loaded"}