{"_id": "6561dba7b9218ed1a75ff83f", "id": "qbourbon/convnext-main", "modelId": "qbourbon/convnext-main", "author": "qbourbon", "sha": "17e0c5c50ecf0923185c3e9b3bf8c7cb76f7a03d", "lastModified": "2023-11-25T12:53:44.000Z", "private": false, "disabled": false, "gated": false, "pipeline_tag": "image-classification", "tags": ["transformers", "safetensors", "convnext", "image-classification", "autotrain_compatible", "endpoints_compatible", "region:us"], "downloads": 0, "library_name": "transformers", "likes": 0, "config": {"architectures": ["ConvNextForImageClassification"], "model_type": "convnext"}, "transformersInfo": {"auto_model": "AutoModelForImageClassification", "pipeline_tag": "image-classification", "processor": "AutoImageProcessor"}, "siblings": [{"rfilename": ".gitattributes"}, {"rfilename": "config.json"}, {"rfilename": "model.safetensors"}], "spaces": [], "createdAt": "2023-11-25T11:33:59.000Z", "safetensors": {"parameters": {"F32": 87822714}, "total": 87822714}, "inferenceStatus": "not-loaded"}