{"_id": "655b6bff8762c448a162962b", "id": "qbourbon/convnext-finetuned-w-data-augm-3", "modelId": "qbourbon/convnext-finetuned-w-data-augm-3", "author": "qbourbon", "sha": "8672d85e82d34faeec32ed17f4d77213905ef867", "lastModified": "2023-11-20T14:39:47.000Z", "private": false, "disabled": false, "gated": false, "pipeline_tag": "image-classification", "tags": ["transformers", "safetensors", "convnext", "image-classification", "autotrain_compatible", "endpoints_compatible", "region:us"], "downloads": 1, "library_name": "transformers", "likes": 0, "config": {"architectures": ["ConvNextForImageClassification"], "model_type": "convnext"}, "transformersInfo": {"auto_model": "AutoModelForImageClassification", "pipeline_tag": "image-classification", "processor": "AutoImageProcessor"}, "siblings": [{"rfilename": ".gitattributes"}, {"rfilename": "config.json"}, {"rfilename": "model.safetensors"}, {"rfilename": "preprocessor_config.json"}], "spaces": [], "createdAt": "2023-11-20T14:23:59.000Z", "safetensors": {"parameters": {"F32": 28013147}, "total": 28013147}, "inferenceStatus": "not-loaded"}