{"_id": "655f318cd3934dc40216423e", "id": "qbourbon/vit-base-2", "modelId": "qbourbon/vit-base-2", "author": "qbourbon", "sha": "aeec72e2f4cb1736e7beb4c8e1a1e2af4c9f7bd6", "lastModified": "2023-11-23T11:03:53.000Z", "private": false, "disabled": false, "gated": false, "pipeline_tag": "image-classification", "tags": ["transformers", "safetensors", "vit", "image-classification", "autotrain_compatible", "endpoints_compatible", "region:us"], "downloads": 1, "library_name": "transformers", "likes": 0, "config": {"architectures": ["ViTForImageClassification"], "model_type": "vit"}, "transformersInfo": {"auto_model": "AutoModelForImageClassification", "pipeline_tag": "image-classification", "processor": "AutoImageProcessor"}, "siblings": [{"rfilename": ".gitattributes"}, {"rfilename": "config.json"}, {"rfilename": "model.safetensors"}], "spaces": [], "createdAt": "2023-11-23T11:03:40.000Z", "safetensors": {"parameters": {"F32": 85991675}, "total": 85991675}, "inferenceStatus": "not-loaded"}