{"_id": "65154f1ce1d4457a912bad5e", "id": "Qbrick/project-gallery", "modelId": "Qbrick/project-gallery", "author": "Qbrick", "sha": "1475b95d15cb7a7106a7d7e2edfdcc4b14b26119", "lastModified": "2023-09-28T10:02:04.000Z", "private": false, "disabled": false, "gated": false, "tags": ["license:mit", "region:us"], "downloads": 0, "likes": 0, "model-index": null, "cardData": {"license": "mit"}, "siblings": [{"rfilename": ".gitattributes"}, {"rfilename": "README.md"}], "spaces": [], "createdAt": "2023-09-28T10:02:04.000Z", "inferenceStatus": "not-loaded"}