{"_id": "623ecf03676470b50802e66a", "id": "qc7/shad_ml2_transformer", "modelId": "qc7/shad_ml2_transformer", "author": "qc7", "sha": "068eb5c84043aff2c08a51d5401b57d9360d21db", "lastModified": "2022-03-27T09:52:48.000Z", "private": false, "disabled": false, "gated": false, "pipeline_tag": "text-classification", "tags": ["transformers", "pytorch", "distilbert", "text-classification", "license:unlicense", "autotrain_compatible", "endpoints_compatible", "region:us"], "downloads": 4, "library_name": "transformers", "mask_token": "[MASK]", "widgetData": [{"text": "I like you. I love you"}], "likes": 0, "model-index": null, "config": {"architectures": ["DistilBertForSequenceClassification"], "model_type": "distilbert"}, "cardData": {"license": "unlicense"}, "transformersInfo": {"auto_model": "AutoModelForSequenceClassification", "pipeline_tag": "text-classification", "processor": "AutoTokenizer"}, "siblings": [{"rfilename": ".gitattributes"}, {"rfilename": "README.md"}, {"rfilename": "app.py"}, {"rfilename": "config.json"}, {"rfilename": "pytorch_model.bin"}, {"rfilename": "requirements.txt"}], "spaces": [], "createdAt": "2022-03-26T08:29:55.000Z", "inferenceStatus": "not-loaded"}