{"_id": "626900547e4a0f69140d1038", "id": "QCRI/bert-base-multilingual-cased-sem-english", "modelId": "QCRI/bert-base-multilingual-cased-sem-english", "author": "QCRI", "sha": "365645dd9a9e041c1b8fb552257f8ce766a8faa3", "lastModified": "2022-04-27T08:38:32.000Z", "private": false, "disabled": false, "gated": false, "pipeline_tag": "token-classification", "tags": ["transformers", "pytorch", "bert", "token-classification", "license:cc-by-nc-4.0", "autotrain_compatible", "endpoints_compatible", "region:us"], "downloads": 2, "library_name": "transformers", "mask_token": "[MASK]", "widgetData": [{"text": "My name is Wolfgang and I live in Berlin"}, {"text": "My name is Sarah and I live in London"}, {"text": "My name is Clara and I live in Berkeley, California."}], "likes": 0, "model-index": null, "config": {"architectures": ["BertForTokenClassification"], "model_type": "bert", "tokenizer_config": {}}, "cardData": {"license": "cc-by-nc-4.0"}, "transformersInfo": {"auto_model": "AutoModelForTokenClassification", "pipeline_tag": "token-classification", "processor": "AutoTokenizer"}, "siblings": [{"rfilename": ".gitattributes"}, {"rfilename": "README.md"}, {"rfilename": "config.json"}, {"rfilename": "pytorch_model.bin"}, {"rfilename": "special_tokens_map.json"}, {"rfilename": "tokenizer_config.json"}, {"rfilename": "training_args.bin"}, {"rfilename": "vocab.txt"}], "spaces": [], "createdAt": "2022-04-27T08:35:32.000Z", "inferenceStatus": "not-loaded"}