{"_id": "636c5c1caae2da3c76bb82f4", "id": "qcs/ddpm-butterflies-128", "modelId": "qcs/ddpm-butterflies-128", "author": "qcs", "sha": "b11ebfc59f2e341cc6eb067bb28f46429891fd90", "lastModified": "2022-11-10T09:41:34.000Z", "private": false, "disabled": false, "gated": false, "tags": ["diffusers", "tensorboard", "en", "dataset:huggan/smithsonian_butterflies_subset", "license:apache-2.0", "diffusers:DDPMPipeline", "region:us"], "downloads": 1, "library_name": "diffusers", "likes": 0, "model-index": null, "config": {"diffusers": {"_class_name": "DDPMPipeline"}}, "cardData": {"language": "en", "license": "apache-2.0", "library_name": "diffusers", "tags": [], "datasets": "huggan/smithsonian_butterflies_subset", "metrics": []}, "siblings": [{"rfilename": ".gitattributes"}, {"rfilename": ".gitignore"}, {"rfilename": "README.md"}, {"rfilename": "logs/train_example/events.out.tfevents.1668045858.ubuntu-SYS-7049GP-TRT.11838.0"}, {"rfilename": "logs/train_example/events.out.tfevents.1668045943.ubuntu-SYS-7049GP-TRT.11838.1"}, {"rfilename": "logs/train_example/events.out.tfevents.1668046480.ubuntu-SYS-7049GP-TRT.11838.2"}, {"rfilename": "logs/train_example/events.out.tfevents.1668060198.ubuntu-SYS-7049GP-TRT.2125.0"}, {"rfilename": "logs/train_example/events.out.tfevents.1668062971.ubuntu-SYS-7049GP-TRT.2125.1"}, {"rfilename": "logs/train_example/events.out.tfevents.1668063049.ubuntu-SYS-7049GP-TRT.2125.2"}, {"rfilename": "model_index.json"}, {"rfilename": "samples/0009.png"}, {"rfilename": "samples/0019.png"}, {"rfilename": "samples/0029.png"}, {"rfilename": "samples/0039.png"}, {"rfilename": "samples/0049.png"}, {"rfilename": "scheduler/scheduler_config.json"}, {"rfilename": "unet/config.json"}, {"rfilename": "unet/diffusion_pytorch_model.bin"}], "spaces": [], "createdAt": "2022-11-10T02:04:12.000Z", "inferenceStatus": "not-loaded"}