{"_id": "646677f3119ad94383d43c2c", "id": "qcz/en-fr-UFAL-medical", "modelId": "qcz/en-fr-UFAL-medical", "author": "qcz", "sha": "43bd3f1bcc9a50e6cab97b8165047e3b41be512d", "lastModified": "2023-05-18T19:15:45.000Z", "private": false, "disabled": false, "gated": false, "pipeline_tag": "text2text-generation", "tags": ["transformers", "pytorch", "mt5", "text2text-generation", "generated_from_trainer", "en", "fr", "license:apache-2.0", "autotrain_compatible", "endpoints_compatible", "region:us"], "downloads": 1, "library_name": "transformers", "likes": 0, "model-index": [{"name": "en-fr", "results": []}], "config": {"architectures": ["MT5ForConditionalGeneration"], "model_type": "mt5", "tokenizer_config": {"eos_token": "</s>", "pad_token": "<pad>", "unk_token": "<unk>"}}, "cardData": {"language": ["en", "fr"], "license": "apache-2.0", "tags": ["generated_from_trainer"], "metrics": ["bleu"], "model-index": [{"name": "en-fr", "results": []}]}, "transformersInfo": {"auto_model": "AutoModelForSeq2SeqLM", "pipeline_tag": "text2text-generation", "processor": "AutoTokenizer"}, "siblings": [{"rfilename": ".gitattributes"}, {"rfilename": "README.md"}, {"rfilename": "config.json"}, {"rfilename": "generation_config.json"}, {"rfilename": "pytorch_model.bin"}, {"rfilename": "special_tokens_map.json"}, {"rfilename": "spiece.model"}, {"rfilename": "tokenizer.json"}, {"rfilename": "tokenizer_config.json"}], "spaces": [], "createdAt": "2023-05-18T19:09:39.000Z", "inferenceStatus": "not-loaded"}