{"_id": "65e3da882b28b798a07bc41b", "id": "qdas/Nijisanji", "modelId": "qdas/Nijisanji", "author": "qdas", "sha": "388f3b0975484206438ecbd404d6cf5ae80e22cb", "lastModified": "2024-07-07T09:19:54.000Z", "private": false, "disabled": false, "gated": false, "tags": ["region:us"], "downloads": 0, "likes": 0, "siblings": [{"rfilename": ".gitattributes"}, {"rfilename": "AmamiyaKokoroXL-16.safetensors"}, {"rfilename": "AngeKatrinaXL-06.safetensors"}, {"rfilename": "ArsAlmalXL-17.safetensors"}, {"rfilename": "HiguchiKaedeXL-16.safetensors"}, {"rfilename": "InuiTokoXL-16.safetensors"}, {"rfilename": "LainPatersonXL-11.safetensors"}, {"rfilename": "MachitaChimaXL-15.safetensors"}, {"rfilename": "MakainoRirimuXL-19.safetensors"}, {"rfilename": "MatsukaiMaoXL-14.safetensors"}, {"rfilename": "NuiSociereXL-15.safetensors"}, {"rfilename": "RyushenXL-13.safetensors"}, {"rfilename": "SalomeXL-19.safetensors"}, {"rfilename": "SanyaXL-10.safetensors"}, {"rfilename": "ShiinaYuikaXL-20.safetensors"}, {"rfilename": "ShirayukiTomoeXL-17.safetensors"}, {"rfilename": "SisterClaireXL-11.safetensors"}, {"rfilename": "TakamiyaRionXL-13.safetensors"}, {"rfilename": "TsukinoMitoXL-09.safetensors"}, {"rfilename": "YorumiRenaXL-18.safetensors"}], "spaces": [], "createdAt": "2024-03-03T02:03:52.000Z", "inferenceStatus": "not-loaded"}