{"_id": "64bafffaaaccfd28b02187e8", "id": "qdas/Checkpoints", "modelId": "qdas/Checkpoints", "author": "qdas", "sha": "593ada919ac9da2e522927aec515eb3ff582235f", "lastModified": "2024-06-30T06:02:33.000Z", "private": false, "disabled": false, "gated": false, "tags": ["region:us"], "downloads": 0, "likes": 0, "siblings": [{"rfilename": ".gitattributes"}, {"rfilename": "autismmixSDXL_autismmixConfetti.safetensors"}, {"rfilename": "ebara_pony_2.safetensors"}, {"rfilename": "ponyDiffusionV6XL_v6StartWithThisOne.safetensors"}, {"rfilename": "sdxlYamersAnime_stageAnima.safetensors"}], "spaces": [], "createdAt": "2023-07-21T22:00:26.000Z", "inferenceStatus": "not-loaded"}