{"_id": "6438cc011d7a5675bf5496b7", "id": "qdi0/langChain_multiple_pdf", "modelId": "qdi0/langChain_multiple_pdf", "author": "qdi0", "sha": "4d2047353cf5bcbc0244814cbc365a970d0a8119", "lastModified": "2023-04-14T06:04:25.000Z", "private": false, "disabled": false, "gated": false, "tags": ["license:apache-2.0", "region:us"], "downloads": 0, "likes": 3, "model-index": null, "cardData": {"license": "apache-2.0"}, "siblings": [{"rfilename": ".gitattributes"}, {"rfilename": ".gitignore"}, {"rfilename": "README.md"}, {"rfilename": "app.py"}, {"rfilename": "requirements.txt"}, {"rfilename": "src/retrieval_qa/pdf/merge.pdf"}, {"rfilename": "src/retrieval_qa/pdf/\u3042\u306a\u305f\u3092\u6551\u3046\u57f9\u990a\u5e79\u7d30\u80de\u6cbb\u7642.pdf"}], "spaces": [], "createdAt": "2023-04-14T03:44:01.000Z", "inferenceStatus": "not-loaded"}