{"_id": "65a4ce6d9f0a34c17376fa20", "id": "Qdrant/bge-small-en-v1.5-onnx-Q", "modelId": "Qdrant/bge-small-en-v1.5-onnx-Q", "author": "Qdrant", "sha": "8617ad28a45ac436181ff4b88181f34b272d4939", "lastModified": "2024-01-15T07:18:33.000Z", "private": false, "disabled": false, "gated": false, "pipeline_tag": "feature-extraction", "tags": ["transformers", "onnx", "bert", "feature-extraction", "license:apache-2.0", "text-embeddings-inference", "endpoints_compatible", "region:us"], "downloads": 19813, "library_name": "transformers", "mask_token": "[MASK]", "likes": 0, "model-index": null, "config": {"architectures": ["BertModel"], "model_type": "bert", "tokenizer_config": {"cls_token": "[CLS]", "mask_token": "[MASK]", "pad_token": "[PAD]", "sep_token": "[SEP]", "unk_token": "[UNK]"}}, "cardData": {"license": "apache-2.0"}, "transformersInfo": {"auto_model": "AutoModel", "pipeline_tag": "feature-extraction", "processor": "AutoTokenizer"}, "siblings": [{"rfilename": ".gitattributes"}, {"rfilename": "README.md"}, {"rfilename": "config.json"}, {"rfilename": "model_optimized.onnx"}, {"rfilename": "ort_config.json"}, {"rfilename": "special_tokens_map.json"}, {"rfilename": "tokenizer.json"}, {"rfilename": "tokenizer_config.json"}, {"rfilename": "vocab.txt"}], "spaces": [], "createdAt": "2024-01-15T06:19:25.000Z", "inferenceStatus": "not-loaded"}