{"_id": "65a63fe20797583a6882d615", "id": "Qdrant/bge-large-en-v1.5-onnx", "modelId": "Qdrant/bge-large-en-v1.5-onnx", "author": "Qdrant", "sha": "754d074e8c6d933250865888da346773e22bd6e8", "lastModified": "2024-01-16T08:37:14.000Z", "private": false, "disabled": false, "gated": false, "pipeline_tag": "feature-extraction", "tags": ["transformers", "onnx", "bert", "feature-extraction", "text-embeddings-inference", "endpoints_compatible", "region:us"], "downloads": 2453, "library_name": "transformers", "mask_token": "[MASK]", "likes": 0, "config": {"architectures": ["BertModel"], "model_type": "bert", "tokenizer_config": {"cls_token": "[CLS]", "mask_token": "[MASK]", "pad_token": "[PAD]", "sep_token": "[SEP]", "unk_token": "[UNK]"}}, "transformersInfo": {"auto_model": "AutoModel", "pipeline_tag": "feature-extraction", "processor": "AutoTokenizer"}, "siblings": [{"rfilename": ".gitattributes"}, {"rfilename": "config.json"}, {"rfilename": "model.onnx"}, {"rfilename": "special_tokens_map.json"}, {"rfilename": "tokenizer.json"}, {"rfilename": "tokenizer_config.json"}, {"rfilename": "vocab.txt"}], "spaces": [], "createdAt": "2024-01-16T08:35:46.000Z", "inferenceStatus": "not-loaded"}