{"_id": "65a63770bcc380edddda13af", "id": "Qdrant/bge-base-en-v1.5-onnx-Q", "modelId": "Qdrant/bge-base-en-v1.5-onnx-Q", "author": "Qdrant", "sha": "e2a027b50974067b32c27288f3ad76a0406ade97", "lastModified": "2024-01-16T08:00:14.000Z", "private": false, "disabled": false, "gated": false, "pipeline_tag": "feature-extraction", "tags": ["transformers", "onnx", "bert", "feature-extraction", "text-embeddings-inference", "endpoints_compatible", "region:us"], "downloads": 45477, "library_name": "transformers", "mask_token": "[MASK]", "likes": 0, "config": {"architectures": ["BertModel"], "model_type": "bert", "tokenizer_config": {"cls_token": "[CLS]", "mask_token": "[MASK]", "pad_token": "[PAD]", "sep_token": "[SEP]", "unk_token": "[UNK]"}}, "transformersInfo": {"auto_model": "AutoModel", "pipeline_tag": "feature-extraction", "processor": "AutoTokenizer"}, "siblings": [{"rfilename": ".gitattributes"}, {"rfilename": "config.json"}, {"rfilename": "model_optimized.onnx"}, {"rfilename": "ort_config.json"}, {"rfilename": "special_tokens_map.json"}, {"rfilename": "tokenizer.json"}, {"rfilename": "tokenizer_config.json"}, {"rfilename": "vocab.txt"}], "spaces": [], "createdAt": "2024-01-16T07:59:44.000Z", "inferenceStatus": "not-loaded"}