{"_id": "65a639b3f2e68a41486faea7", "id": "Qdrant/all-MiniLM-L6-v2-onnx", "modelId": "Qdrant/all-MiniLM-L6-v2-onnx", "author": "Qdrant", "sha": "cb27c1f221563ca44e58ad2a694965db39c8153d", "lastModified": "2024-01-16T08:09:43.000Z", "private": false, "disabled": false, "gated": false, "pipeline_tag": "feature-extraction", "tags": ["transformers", "onnx", "bert", "feature-extraction", "text-embeddings-inference", "endpoints_compatible", "region:us"], "downloads": 25217, "library_name": "transformers", "mask_token": "[MASK]", "likes": 2, "config": {"architectures": ["BertModel"], "model_type": "bert", "tokenizer_config": {"cls_token": "[CLS]", "mask_token": "[MASK]", "pad_token": "[PAD]", "sep_token": "[SEP]", "unk_token": "[UNK]"}}, "transformersInfo": {"auto_model": "AutoModel", "pipeline_tag": "feature-extraction", "processor": "AutoTokenizer"}, "siblings": [{"rfilename": ".gitattributes"}, {"rfilename": "config.json"}, {"rfilename": "model.onnx"}, {"rfilename": "special_tokens_map.json"}, {"rfilename": "tokenizer.json"}, {"rfilename": "tokenizer_config.json"}, {"rfilename": "vocab.txt"}], "spaces": [], "createdAt": "2024-01-16T08:09:23.000Z", "inferenceStatus": "not-loaded"}