{"_id": "65a63a08f6cfc4b24aabca9e", "id": "Qdrant/multilingual-e5-large-onnx", "modelId": "Qdrant/multilingual-e5-large-onnx", "author": "Qdrant", "sha": "e637e824ea880f7ffab127cef9abb463be0390bd", "lastModified": "2024-01-16T08:13:15.000Z", "private": false, "disabled": false, "gated": false, "pipeline_tag": "feature-extraction", "tags": ["transformers", "onnx", "xlm-roberta", "feature-extraction", "text-embeddings-inference", "endpoints_compatible", "region:us"], "downloads": 4978, "library_name": "transformers", "mask_token": "<mask>", "likes": 2, "config": {"architectures": ["XLMRobertaModel"], "model_type": "xlm-roberta", "tokenizer_config": {"bos_token": "<s>", "cls_token": "<s>", "eos_token": "</s>", "mask_token": "<mask>", "pad_token": "<pad>", "sep_token": "</s>", "unk_token": "<unk>"}}, "transformersInfo": {"auto_model": "AutoModel", "pipeline_tag": "feature-extraction", "processor": "AutoTokenizer"}, "siblings": [{"rfilename": ".gitattributes"}, {"rfilename": "config.json"}, {"rfilename": "model.onnx"}, {"rfilename": "model.onnx_data"}, {"rfilename": "sentencepiece.bpe.model"}, {"rfilename": "special_tokens_map.json"}, {"rfilename": "tokenizer.json"}, {"rfilename": "tokenizer_config.json"}], "spaces": ["DAVENCHI/Qdrant-multilingual-e5-large-onnx"], "createdAt": "2024-01-16T08:10:48.000Z", "inferenceStatus": "not-loaded"}