{"_id": "668e8335a2f3f9d5eddd0654", "id": "Qdrant/Unicom-ViT-B-16", "modelId": "Qdrant/Unicom-ViT-B-16", "author": "Qdrant", "sha": "cacea76d950eb0af00e334e8f014154ed3f3f4a3", "lastModified": "2024-07-10T12:51:10.000Z", "private": false, "disabled": false, "gated": false, "tags": ["onnx", "region:us"], "downloads": 0, "likes": 0, "siblings": [{"rfilename": ".gitattributes"}, {"rfilename": "model.onnx"}, {"rfilename": "preprocessor_config.json"}], "spaces": [], "createdAt": "2024-07-10T12:48:53.000Z", "inferenceStatus": "not-loaded"}