{"_id": "65a63f2408ab08789f26df28", "id": "Qdrant/bge-large-en-v1.5-onnx-Q", "modelId": "Qdrant/bge-large-en-v1.5-onnx-Q", "author": "Qdrant", "sha": "712d3fb451b5f6a118157fb412289418a805bdab", "lastModified": "2024-01-16T08:33:29.000Z", "private": false, "disabled": false, "gated": false, "pipeline_tag": "feature-extraction", "tags": ["transformers", "onnx", "bert", "feature-extraction", "text-embeddings-inference", "endpoints_compatible", "region:us"], "downloads": 61, "library_name": "transformers", "mask_token": "[MASK]", "likes": 0, "config": {"architectures": ["BertModel"], "model_type": "bert", "tokenizer_config": {"cls_token": "[CLS]", "mask_token": "[MASK]", "pad_token": "[PAD]", "sep_token": "[SEP]", "unk_token": "[UNK]"}}, "transformersInfo": {"auto_model": "AutoModel", "pipeline_tag": "feature-extraction", "processor": "AutoTokenizer"}, "siblings": [{"rfilename": ".gitattributes"}, {"rfilename": "config.json"}, {"rfilename": "model_optimized.onnx"}, {"rfilename": "ort_config.json"}, {"rfilename": "special_tokens_map.json"}, {"rfilename": "tokenizer.json"}, {"rfilename": "tokenizer_config.json"}, {"rfilename": "vocab.txt"}], "spaces": [], "createdAt": "2024-01-16T08:32:36.000Z", "inferenceStatus": "not-loaded"}