{"_id": "66312567145afbd3f0a68f6e", "id": "Qdrant/clip-ViT-B-32-vision", "modelId": "Qdrant/clip-ViT-B-32-vision", "author": "Qdrant", "sha": "a7fc0cdef095d788f8c4da0a5980ab524e591a2f", "lastModified": "2024-04-30T17:20:48.000Z", "private": false, "disabled": false, "gated": false, "tags": ["transformers", "onnx", "clip_vision_model", "endpoints_compatible", "region:us"], "downloads": 3012, "library_name": "transformers", "likes": 0, "config": {"model_type": "clip_vision_model"}, "transformersInfo": {"auto_model": "AutoModel"}, "siblings": [{"rfilename": ".gitattributes"}, {"rfilename": "config.json"}, {"rfilename": "model.onnx"}, {"rfilename": "preprocessor_config.json"}], "spaces": [], "createdAt": "2024-04-30T17:07:51.000Z", "inferenceStatus": "not-loaded"}