{"_id": "6659dcb41d1935b885721a1c", "id": "Qdrant/resnet50-onnx", "modelId": "Qdrant/resnet50-onnx", "author": "Qdrant", "sha": "7481a46377557799febc433651daf9efe34a1e9f", "lastModified": "2024-05-31T14:32:37.000Z", "private": false, "disabled": false, "gated": false, "tags": ["transformers", "onnx", "license:apache-2.0", "endpoints_compatible", "region:us"], "downloads": 1205, "library_name": "transformers", "likes": 0, "model-index": null, "config": {}, "cardData": {"license": "apache-2.0"}, "transformersInfo": {"auto_model": "AutoModel"}, "siblings": [{"rfilename": ".gitattributes"}, {"rfilename": "README.md"}, {"rfilename": "config.json"}, {"rfilename": "model.onnx"}, {"rfilename": "preprocessor_config.json"}], "spaces": [], "createdAt": "2024-05-31T14:20:36.000Z", "inferenceStatus": "not-loaded"}