{"_id": "65a642051cc39bf956b8799b", "id": "Qdrant/gte-large-onnx", "modelId": "Qdrant/gte-large-onnx", "author": "Qdrant", "sha": "6a8116bfaf3bd78dd511e94628656d81420e0bb7", "lastModified": "2024-01-16T08:46:20.000Z", "private": false, "disabled": false, "gated": false, "pipeline_tag": "feature-extraction", "tags": ["transformers", "onnx", "bert", "feature-extraction", "text-embeddings-inference", "endpoints_compatible", "region:us"], "downloads": 1760, "library_name": "transformers", "mask_token": "[MASK]", "likes": 0, "config": {"architectures": ["BertModel"], "model_type": "bert", "tokenizer_config": {"cls_token": "[CLS]", "mask_token": "[MASK]", "pad_token": "[PAD]", "sep_token": "[SEP]", "unk_token": "[UNK]"}}, "transformersInfo": {"auto_model": "AutoModel", "pipeline_tag": "feature-extraction", "processor": "AutoTokenizer"}, "siblings": [{"rfilename": ".gitattributes"}, {"rfilename": "config.json"}, {"rfilename": "model.onnx"}, {"rfilename": "special_tokens_map.json"}, {"rfilename": "tokenizer.json"}, {"rfilename": "tokenizer_config.json"}, {"rfilename": "vocab.txt"}], "spaces": [], "createdAt": "2024-01-16T08:44:53.000Z", "inferenceStatus": "not-loaded"}