{"_id": "64476c2ac614eaeed52dfb40", "id": "qeer/Lora", "modelId": "qeer/Lora", "author": "qeer", "sha": "12dda19fe4123099c8f84d76af2678c05309f163", "lastModified": "2023-09-07T08:05:53.000Z", "private": false, "disabled": false, "gated": false, "tags": ["region:us"], "downloads": 0, "likes": 0, "siblings": [{"rfilename": ".gitattributes"}, {"rfilename": "Alia_Mega_Man_X_V-09.safetensors"}, {"rfilename": "Aurahack [MockAi - v1.0].safetensors"}, {"rfilename": "Eigaka [MockAi - v1.0].safetensors"}, {"rfilename": "EkuneCowgirl.safetensors"}, {"rfilename": "EkunePOVFellatioV2.safetensors"}, {"rfilename": "EkuneStandingSplit.safetensors"}, {"rfilename": "HinataV3.safetensors"}, {"rfilename": "LegUpPresenting.safetensors"}, {"rfilename": "LoisLane.safetensors"}, {"rfilename": "POVAssGrab.safetensors"}, {"rfilename": "POVMissionary.safetensors"}, {"rfilename": "ProneV2.safetensors"}, {"rfilename": "RSCongress.safetensors"}, {"rfilename": "SpreadAssMS.safetensors"}, {"rfilename": "Taigerarts [MockAi - v1.0].safetensors"}, {"rfilename": "TheMating.safetensors"}, {"rfilename": "Vermeil-10.safetensors"}, {"rfilename": "YamaLora-40.safetensors"}, {"rfilename": "belli4.safetensors"}, {"rfilename": "belli5.safetensors"}, {"rfilename": "boa_hancock_v1.safetensors"}, {"rfilename": "breasts_smother_v0.1.safetensors"}, {"rfilename": "bubblebutt_270-lr8e-5-2b-8ga-4dim-LoRA_epoc30-v1.ckpt"}, {"rfilename": "caughtCheatingNTR_v03d.safetensors"}, {"rfilename": "celiv5.safetensors"}, {"rfilename": "celiv6.safetensors"}, {"rfilename": "deliaKetchumPokemon_v10Beta.safetensors"}, {"rfilename": "gwendolynTennysonBen_v10.safetensors"}, {"rfilename": "hand_on_anothers_head_v0.1.safetensors"}, {"rfilename": "inoueorihimeTBWtest.safetensors"}, {"rfilename": "mating_press_v0.3.safetensors"}, {"rfilename": "mimosaVermillionBlack_v2.safetensors"}, {"rfilename": "minaAshidoLora_v10.safetensors"}, {"rfilename": "mitsuriDemonSlayerLORA_v2.safetensors"}, {"rfilename": "murkysSpreadAssLora_1.safetensors"}, {"rfilename": "namiV29mb_v2.safetensors"}, {"rfilename": "nejire.safetensors"}, {"rfilename": "noelleSilvaBlack_v1.safetensors"}, {"rfilename": "povImminentPenetration_ipv1.safetensors"}, {"rfilename": "shavingsStyle_v10Standard.safetensors"}, {"rfilename": "tatsumakiOnePunchMan_v11.safetensors"}], "spaces": [], "createdAt": "2023-04-25T05:59:06.000Z", "inferenceStatus": "not-loaded"}