{"_id": "64b8fcffd6c468ac752d8715", "id": "qeer/Hassaku", "modelId": "qeer/Hassaku", "author": "qeer", "sha": "174b2ea3587a65c962e622e2a723914935043e25", "lastModified": "2023-08-27T04:27:27.000Z", "private": false, "disabled": false, "gated": false, "tags": ["region:us"], "downloads": 0, "likes": 0, "siblings": [{"rfilename": ".gitattributes"}, {"rfilename": "EkuneCowgirl.safetensors"}, {"rfilename": "EkunePOVFellatioV2.safetensors"}, {"rfilename": "EkuneStandingSplit.safetensors"}, {"rfilename": "POVAssGrab.safetensors"}, {"rfilename": "POVMissionary.safetensors"}, {"rfilename": "RSCongress.safetensors"}, {"rfilename": "TheMating.safetensors"}, {"rfilename": "against_glass_v0.2.safetensors"}, {"rfilename": "yor-ALK.safetensors"}], "spaces": [], "createdAt": "2023-07-20T09:23:11.000Z", "inferenceStatus": "not-loaded"}