{"_id": "64717873a4fe3fa9f135a300", "id": "QEEWDFHGFH/052723", "modelId": "QEEWDFHGFH/052723", "author": "QEEWDFHGFH", "sha": "3bb9bdb38878cf35961e4681a62ae55c669c6484", "lastModified": "2023-06-16T00:01:14.000Z", "private": false, "disabled": false, "gated": false, "tags": ["license:other", "region:us"], "downloads": 0, "likes": 0, "model-index": null, "cardData": {"license": "other"}, "siblings": [{"rfilename": ".gitattributes"}, {"rfilename": "5.0,,,,,anal,pov,(man),male focus,nude,(penises),Anal Focus,erection,lying,abdomen,open your lges,muscular male,toned,toned male,big pectorals\uff0c.safetensors"}, {"rfilename": "AzurePostProcess.safetensors"}, {"rfilename": "ClearVAE_V2.2.safetensors"}, {"rfilename": "Crayon drawing (1).safetensors"}, {"rfilename": "EmoteMakerLora.safetensors"}, {"rfilename": "EnsembleStarsArtstyle_v10.safetensors"}, {"rfilename": "FastNegativeEmbeddingStrong.pt"}, {"rfilename": "HeadModelSheet.safetensors"}, {"rfilename": "Holographic-V1-000020.safetensors"}, {"rfilename": "IvanFloro-20 (3).safetensors"}, {"rfilename": "JIMA.safetensors"}, {"rfilename": "Kaneni (1).safetensors"}, {"rfilename": "LISTLY_SINGLE_5dlAFb9C_20230527 (1).xlsx"}, {"rfilename": "LISTLY_SINGLE_eMNTPc0u_20230527 (1) (1).xlsx"}, {"rfilename": "LISTLY_SINGLE_neImpuB8_20230527 (1).xlsx"}, {"rfilename": "LLAS_v10.safetensors"}, {"rfilename": "LohaMikozinArtStyle_v1.safetensors"}, {"rfilename": "Marcelmarlier-04.safetensors"}, {"rfilename": "Monochrome_illustration-000018.safetensors"}, {"rfilename": "NGH (3).safetensors"}, {"rfilename": "OilPaintStyle_v1.safetensors"}, {"rfilename": "OsiimiStyleMS (3).safetensors"}, {"rfilename": "PenSketchStyle_v13.safetensors"}, {"rfilename": "README.md"}, {"rfilename": "Rabbit (wlsdnjs950) (2).safetensors"}, {"rfilename": "Ranka Lee v2.safetensors"}, {"rfilename": "STYLE_v10 (1).safetensors"}, {"rfilename": "Sheryl Nome.safetensors"}, {"rfilename": "Style_.safetensors"}, {"rfilename": "Trash.ckpt"}, {"rfilename": "Trush-B.ckpt"}, {"rfilename": "Trush-C.ckpt"}, {"rfilename": "WaterBAsed (2).safetensors"}, {"rfilename": "[LoHa] Iris ensata \u82b1\u83d6\u84b2 Style.safetensors"}, {"rfilename": "[LoRa] Hanamizake  \u82b1\u898b\u9152 Style (With multires noise version) (1).safetensors"}, {"rfilename": "add_brightness (1).safetensors"}, {"rfilename": "add_detail (4).safetensors"}, {"rfilename": "an6.safetensors"}, {"rfilename": "animeoutlineV4_16.safetensors"}, {"rfilename": "arknightsChibiLora_v1.safetensors"}, {"rfilename": "betterfly.safetensors"}, {"rfilename": "betternary.safetensors"}, {"rfilename": "betternary2.safetensors"}, {"rfilename": "chainsawmanStyle_v10.safetensors"}, {"rfilename": "clamp__circle__offset.safetensors"}, {"rfilename": "classic_pen.safetensors"}, {"rfilename": "classical_10.safetensors"}, {"rfilename": "colorloss-000020.ckpt"}, {"rfilename": "concave.safetensors"}, {"rfilename": "dishwasher1910Style_v11.safetensors"}, {"rfilename": "easynegative (1).pt"}, {"rfilename": "easynegative (4).safetensors"}, {"rfilename": "femaleNobleClassHanbok_v10.safetensors"}, {"rfilename": "flat (1).safetensors"}, {"rfilename": "flat.safetensors"}, {"rfilename": "genshinStickerChibi_genshinstickersv1.safetensors"}, {"rfilename": "gumi_v10 (1).safetensors"}, {"rfilename": "hakomayboy_v10.safetensors"}, {"rfilename": "handsome_male-02.safetensors"}, {"rfilename": "hashimotoKanna_v11.safetensors"}, {"rfilename": "husbandoLocon_v33.safetensors"}, {"rfilename": "idc128dim-epoch-000007 (1).safetensors"}, {"rfilename": "inkSketch_V1.safetensors"}, {"rfilename": "inksketchcolour1subtle.pt"}, {"rfilename": "jinze _v10\u4f5c\u8005AkemiTamira (1).safetensors"}, {"rfilename": "kagamineLen_v10.safetensors"}, {"rfilename": "kingHanbokGonryongpo_gonryongpoV8Korea.safetensors"}, {"rfilename": "kingsEunuchHanbok_kingsEunuchHanbokV3.safetensors"}, {"rfilename": "koreanPublicOfficial_hanbokMungwanV4.safetensors"}, {"rfilename": "koreanStudentHanbok_hanbokDoryungV4.safetensors"}, {"rfilename": "kyoani_loha-e2 (1).safetensors"}, {"rfilename": "kyotoAnimation_v10.safetensors"}, {"rfilename": "lLawlietDeathNote_v10.safetensors"}, {"rfilename": "lamStyle_v11.safetensors"}, {"rfilename": "lambstyle_v10.safetensors"}, {"rfilename": "leslieCheungZhang_zhangguorongv10.safetensors"}, {"rfilename": "ligneClaireStyleCogecha_v40.safetensors"}, {"rfilename": "limbusCompany_v10.safetensors"}, {"rfilename": "lineskStyle_v10.safetensors"}, {"rfilename": "loraMarushin0214Style_v10.safetensors"}, {"rfilename": "megurine_luka_V1.safetensors"}, {"rfilename": "min-000018.safetensors"}, {"rfilename": "missionary POV analV4.0 (1).safetensors"}, {"rfilename": "mogglemix_v10 (1).safetensors"}, {"rfilename": "more_details.safetensors"}, {"rfilename": "nekomStyleLora_v10.safetensors"}, {"rfilename": "oldSketchStyle_v1.safetensors"}, {"rfilename": "pensketch_lora_v2.3.safetensors"}, {"rfilename": "plex_v10.safetensors"}, {"rfilename": "projectSekaiAsahina_mafuyuLoha.safetensors"}, {"rfilename": "projectSekaiStyle_prosekai3.safetensors"}, {"rfilename": "projectSekaiStyle_v10.safetensors"}, {"rfilename": "sakuragi_sd_v1.safetensors"}, {"rfilename": "sakuralora.safetensors"}, {"rfilename": "sam_vit_h_4b8939.pth"}, {"rfilename": "sd2ly_line (1).safetensors"}, {"rfilename": "shima920-000010.safetensors"}, {"rfilename": "simpleChibiArtstyle_v10.safetensors"}, {"rfilename": "sketchbookStyleKim_v10 (1).safetensors"}, {"rfilename": "softly_0007 (1).safetensors"}, {"rfilename": "style02_1.safetensors"}, {"rfilename": "style_Pale (1).safetensors"}, {"rfilename": "style_Rella (2).safetensors"}, {"rfilename": "style_mochikei (2).safetensors"}, {"rfilename": "style_mochikei.safetensors"}, {"rfilename": "style_rurudo (1).safetensors"}, {"rfilename": "style_rurudo (2).safetensors"}, {"rfilename": "supicav2-000012.safetensors"}, {"rfilename": "tangbohu-breasts_1.2.safetensors"}, {"rfilename": "tangbohu-detailer_1.0.safetensors"}, {"rfilename": "tangbohu-line_1.0 (1).safetensors"}, {"rfilename": "tangbohu_saturation_v1.0 (1).safetensors"}, {"rfilename": "tecmix-v3-000006.safetensors"}, {"rfilename": "theIdolmSTERCinderellaGirls_v12.safetensors"}, {"rfilename": "twitchEmotesLORA_v13.safetensors"}, {"rfilename": "verybadimagenegative_v1.3 (4).pt"}, {"rfilename": "vividStyleLora_10.safetensors"}, {"rfilename": "vocaloid_kaito-14.safetensors"}, {"rfilename": "water_lily.safetensors"}, {"rfilename": "wedjigamja (2).safetensors"}, {"rfilename": "wedjigamja.safetensors"}, {"rfilename": "wheelchair-20.safetensors"}, {"rfilename": "wildbetterfly.safetensors"}, {"rfilename": "\u6731\u5728\u4eac-000004.safetensors"}], "spaces": [], "createdAt": "2023-05-27T03:26:43.000Z", "inferenceStatus": "not-loaded"}