{"_id": "63edb22ceba811fd643a71bc", "id": "QEEWDFHGFH/image", "modelId": "QEEWDFHGFH/image", "author": "QEEWDFHGFH", "sha": "b9e102d3a04796913dadb7b0a190aea73fb4afab", "lastModified": "2023-04-14T13:52:16.000Z", "private": false, "disabled": false, "gated": false, "tags": ["license:unknown", "region:us"], "downloads": 0, "likes": 0, "model-index": null, "cardData": {"license": "unknown"}, "siblings": [{"rfilename": ".gitattributes"}, {"rfilename": "1.ckpt"}, {"rfilename": "CoverV1.91.ckpt"}, {"rfilename": "CreamLike_B.safetensors"}, {"rfilename": "EasyNegative.safetensors"}, {"rfilename": "OctaFuzz.safetensors"}, {"rfilename": "PenSketchStyle_v13.safetensors"}, {"rfilename": "README.md"}, {"rfilename": "Tangwei_v1 (1).safetensors"}, {"rfilename": "YOZORA.vae.pt"}, {"rfilename": "animeLineartMangaLike_v30MangaLike (1).safetensors"}, {"rfilename": "bad-hands-5.pt"}, {"rfilename": "blueboys2D_v20.safetensors"}, {"rfilename": "cornflowerXStylizedAnime_x.safetensors"}, {"rfilename": "dalcefoV3Painting_dalcefoV3Painting.safetensors"}, {"rfilename": "deepboys25D_v10.safetensors"}, {"rfilename": "emetSelchFinalFantasyXIV_whiteStreakedHair.safetensors"}, {"rfilename": "final-prune.vae.pt"}, {"rfilename": "kl-f8-anime2.ckpt"}, {"rfilename": "leslieCheung_v4 (1).safetensors"}, {"rfilename": "moontea_v20.safetensors"}, {"rfilename": "nai_vae.safetensors"}, {"rfilename": "notsoxjbmix1_nsx1.safetensors"}, {"rfilename": "nullV22_nullV22.safetensors"}, {"rfilename": "nyanMix_230303Absurd2.safetensors"}, {"rfilename": "pastel-vae.pt"}, {"rfilename": "pastel-waifu-diffusion.vae.pt"}, {"rfilename": "pastelboys2D_v20.safetensors"}, {"rfilename": "shadow97sEntropy_m2.safetensors"}, {"rfilename": "sketchbookStyleKim_v10.safetensors"}, {"rfilename": "studioGhibliStyle_offset.safetensors"}], "spaces": [], "createdAt": "2023-02-16T04:33:48.000Z", "inferenceStatus": "not-loaded"}