{"_id": "65f1b1017fb39690832babc3", "id": "QEQ1996/asdads", "modelId": "QEQ1996/asdads", "author": "QEQ1996", "sha": "c94ae1a46d110d45c94055edacf98b572d93f0f4", "lastModified": "2024-03-13T14:00:36.000Z", "private": false, "disabled": false, "gated": false, "pipeline_tag": "text-to-image", "tags": ["diffusers", "text-to-image", "stable-diffusion", "lora", "template:sd-lora", "base_model:runwayml/stable-diffusion-v1-5", "license:creativeml-openrail-m", "region:us"], "downloads": 18, "library_name": "diffusers", "widgetData": [{"text": "cute ((scrawny extremely tall girl)) very busty have (((very huge enormous gigantic boobs))), (full shot), Russian, extremely long legs with very muscular calves, wear tight trendy nice sundress, scrawny but very busty, confidant smile, at nice cozy cottage in small town, outdoors, ultra quality, masterpiece, ultra detailed skin dexture, skin pores, (skin imperfection:0.4), photoshoot by DSLR camera, her bright redhair fluttering in the warm wind, facial features are the embodiment of a goddess, size difference, very lively atmosphere, dust lightly falling on asphalt, 19 year-old, wear very high platform heels, platform heels, a funny but very mesmerizing pose, the sundress has an unusual neckline, very plump lips <lora:chest_adjust:8>, road and traffic lights at background <lora:hyperbreasts_v6:0.45> <lora:minigts_v3_lycoris:0.2> <lora:FakebreastsV4Del:0.3>", "parameters": {"negative_prompt": "deform, (nipples), poorly drawn face, 3d, (small breasts), (nsfw), poorly drawn teeth, makeup, cosmetics, Unspeakable-Horrors-Composition-4v, easynegative, ((car)),  bad-hands-5"}, "output": {"url": "https://huggingface.co/QEQ1996/asdads/resolve/main/images/00007-1408804453.png"}}], "likes": 0, "model-index": null, "cardData": {"tags": ["text-to-image", "stable-diffusion", "lora", "diffusers", "template:sd-lora"], "widget": [{"text": "cute ((scrawny extremely tall girl)) very busty have (((very huge enormous gigantic boobs))), (full shot), Russian, extremely long legs with very muscular calves, wear tight trendy nice sundress, scrawny but very busty, confidant smile, at nice cozy cottage in small town, outdoors, ultra quality, masterpiece, ultra detailed skin dexture, skin pores, (skin imperfection:0.4), photoshoot by DSLR camera, her bright redhair fluttering in the warm wind, facial features are the embodiment of a goddess, size difference, very lively atmosphere, dust lightly falling on asphalt, 19 year-old, wear very high platform heels, platform heels, a funny but very mesmerizing pose, the sundress has an unusual neckline, very plump lips <lora:chest_adjust:8>, road and traffic lights at background <lora:hyperbreasts_v6:0.45> <lora:minigts_v3_lycoris:0.2> <lora:FakebreastsV4Del:0.3>", "parameters": {"negative_prompt": "deform, (nipples), poorly drawn face, 3d, (small breasts), (nsfw), poorly drawn teeth, makeup, cosmetics, Unspeakable-Horrors-Composition-4v, easynegative, ((car)),  bad-hands-5"}, "output": {"url": "https://huggingface.co/QEQ1996/asdads/resolve/main/images/00007-1408804453.png"}}], "base_model": "runwayml/stable-diffusion-v1-5", "instance_prompt": null, "license": "creativeml-openrail-m"}, "siblings": [{"rfilename": ".gitattributes"}, {"rfilename": "BurstingBreasts_Undersized_FefaAIart.safetensors"}, {"rfilename": "README.md"}, {"rfilename": "images/00007-1408804453.png"}], "spaces": [], "createdAt": "2024-03-13T13:58:25.000Z", "inferenceStatus": "not-loaded"}