{"_id": "65f1aef22f8cde8b6c411a1e", "id": "QEQ1996/sds", "modelId": "QEQ1996/sds", "author": "QEQ1996", "sha": "0317f87aec32acc7fb4c9384f415b846fde7d8df", "lastModified": "2024-03-13T13:49:50.000Z", "private": false, "disabled": false, "gated": false, "pipeline_tag": "text-to-image", "tags": ["diffusers", "text-to-image", "stable-diffusion", "lora", "template:sd-lora", "base_model:runwayml/stable-diffusion-v1-5", "license:creativeml-openrail-m", "region:us"], "downloads": 18, "library_name": "diffusers", "widgetData": [{"text": "RAW photo of extremely tall very busty ordinary teen called Katy have ((extremely long muscular legs)), sunset, standing at courtyard in Russian village, (blonde, frecles), uhd, masterpiece, hdr, vivid colors, best quality, depth of field, (gigantic fake breasts), natural lighting, smile, (skirt, blouse), realistic skin detail, (wear pink platform heels, platform heels), detailed face, (skin imperfections:0.4), intricate, standing in normal pose, (skin pores:0.2), slim waist, subsurface scattering, skindentation, remarkable color, ultra realistic, textured skin, remarkable detailed pupils, realistic dull skin noise, visible skin detail, skin fuzz, dry skin, shot with cinematic Nikon camera, (((long shot, full body shot))) <lora:breastsizeslideroffset:1.4> <lora:add_detail:1> <lora:microwaist_4_z:2>", "parameters": {"negative_prompt": "(deformed iris, deformed pupils, semi-realistic, cgi, 3d, render, sketch, cartoon, drawing, anime), text, cropped, out of frame, worst quality, low quality, jpeg artifacts, ugly, duplicate, morbid, mutilated, extra fingers, mutated hands, poorly drawn hands, poorly drawn face, mutation, deformed, blurry, dehydrated, bad anatomy, bad proportions, extra limbs, cloned face, disfigured, gross proportions, malformed limbs, missing arms, missing legs, extra arms, extra legs, fused fingers, too many fingers, long neck,  BadDream,  UnrealisticDream,  epiCNegative, ((cropped)), (close up, medium shot), ((dark hair))"}, "output": {"url": "https://huggingface.co/QEQ1996/sds/resolve/main/images/00000-2666849410.png"}}], "likes": 0, "model-index": null, "cardData": {"tags": ["text-to-image", "stable-diffusion", "lora", "diffusers", "template:sd-lora"], "widget": [{"text": "RAW photo of extremely tall very busty ordinary teen called Katy have ((extremely long muscular legs)), sunset, standing at courtyard in Russian village, (blonde, frecles), uhd, masterpiece, hdr, vivid colors, best quality, depth of field, (gigantic fake breasts), natural lighting, smile, (skirt, blouse), realistic skin detail, (wear pink platform heels, platform heels), detailed face, (skin imperfections:0.4), intricate, standing in normal pose, (skin pores:0.2), slim waist, subsurface scattering, skindentation, remarkable color, ultra realistic, textured skin, remarkable detailed pupils, realistic dull skin noise, visible skin detail, skin fuzz, dry skin, shot with cinematic Nikon camera, (((long shot, full body shot))) <lora:breastsizeslideroffset:1.4> <lora:add_detail:1> <lora:microwaist_4_z:2>", "parameters": {"negative_prompt": "(deformed iris, deformed pupils, semi-realistic, cgi, 3d, render, sketch, cartoon, drawing, anime), text, cropped, out of frame, worst quality, low quality, jpeg artifacts, ugly, duplicate, morbid, mutilated, extra fingers, mutated hands, poorly drawn hands, poorly drawn face, mutation, deformed, blurry, dehydrated, bad anatomy, bad proportions, extra limbs, cloned face, disfigured, gross proportions, malformed limbs, missing arms, missing legs, extra arms, extra legs, fused fingers, too many fingers, long neck,  BadDream,  UnrealisticDream,  epiCNegative, ((cropped)), (close up, medium shot), ((dark hair))"}, "output": {"url": "https://huggingface.co/QEQ1996/sds/resolve/main/images/00000-2666849410.png"}}], "base_model": "runwayml/stable-diffusion-v1-5", "instance_prompt": null, "license": "creativeml-openrail-m"}, "siblings": [{"rfilename": ".gitattributes"}, {"rfilename": "ATBv1-3-03.safetensors"}, {"rfilename": "README.md"}, {"rfilename": "images/00000-2666849410.png"}], "spaces": [], "createdAt": "2024-03-13T13:49:38.000Z", "inferenceStatus": "not-loaded"}