{"_id": "65f305e10312e743cb3546bc", "id": "QEQ1996/wrwr", "modelId": "QEQ1996/wrwr", "author": "QEQ1996", "sha": "1008bbd7544ef20f6b3d9319120a9cafcfb179a8", "lastModified": "2024-03-14T14:13:04.000Z", "private": false, "disabled": false, "gated": false, "pipeline_tag": "text-to-image", "tags": ["diffusers", "text-to-image", "stable-diffusion", "lora", "template:sd-lora", "base_model:runwayml/stable-diffusion-v1-5", "license:creativeml-openrail-m", "region:us"], "downloads": 15, "library_name": "diffusers", "widgetData": [{"text": "very funny photo,RAW photo, very long shot, long distance view, ((very tall extremely muscular gigantic young 18 year old huge-bulged guy)) stand together at his ordinary cozy villa lounge room at Russia together with tiny shrunken sexy teacher, cleavage, she wear nice plain simple sundress, very puffy lips, ((natural beauty)), (shocked female expression:1.2), (detailed skin:1.15), high platform heels, nice high platform heels,ultra highres, photorealistic, high detailed RAW photo, detailed face, (realistic skin texture:1.1), depth of field, very big eyes, DSLR, film grain, natural beautiful lighting, <lora:add-detail-xl:0.9>, size difference, (size difference:1.3), the gigantic huge-bulged guy stand with very short tiny shrunken teacher, he is much bigger than tiny sexy teacher, he has enormous gigantic biceps <lora:ahxl_v1:0.8> he is twice bigger than tiny sexy teacher, he is muscular giant compared to the tiny teacher, the sexy teacher is shocked, vouge fashion, nicely dressed, nice clothes, the shocked shrunken sexy teacher is so tiny compared to the gigantic huge-bulged guy, she is much smaller than the gigantic guy, teacher is twice shorter than the guy, he is so gigantic compared to the teacher, the shocked shrunken teacher is so small and anorexic, size difference is really huge, his gigantic biceps are much bigger than the shocked shrunken teacher, the gigantic muscular guy is really giant, the teacher is anorexic shrunken sexy doll <lora:shrunk_xl:0.8>, his huge bulge is much bigger than the shocked shrunken teacher, his huge hung is much bigger than the teacher, the teacher is so tiny sexy doll, the gigantic guy is hung like a horse, his gigantic biceps much taller than her entire body <lora:bulge:0.8> the gigantic guy is much younger than the teacher, he is really hung like horse, enormous giant biceps, he has enormous giant bulge, the gigantic guy really have giant enormous bulge, the teacher is so shrunken, the teacher is really tiny shrunken sexy doll", "parameters": {"negative_prompt": "(((make up, eyeliner))),  (deformed iris, deformed pupils, semi-realistic, cgi, 3d, render, sketch, cartoon, drawing, anime:1.4), text, close up, cropped, out of frame, worst quality, low quality, jpeg artifacts, ugly, duplicate, morbid, mutilated, (extra fingers:1.2), (mutated hands:1.2), mutation, deformed, blurry, dehydrated, bad anatomy, bad proportions, extra limbs, cloned face, disfigured, gross proportions, malformed limbs, missing arms, missing legs, extra arms, extra legs, (fused fingers:1.2), (too many fingers:1.2), long neck, (((extra limbs))), ((((small breasts)))), (((child, kid))), ((((fat)))), (((teacher is muscular))), ((((solo, alone)))), ((((medium shot, portrait)))) unaestheticXL_Alb2,  ((((young milf))))"}, "output": {"url": "https://huggingface.co/QEQ1996/wrwr/resolve/main/images/00001-3846095755.png"}}], "likes": 0, "model-index": null, "cardData": {"tags": ["text-to-image", "stable-diffusion", "lora", "diffusers", "template:sd-lora"], "widget": [{"text": "very funny photo,RAW photo, very long shot, long distance view, ((very tall extremely muscular gigantic young 18 year old huge-bulged guy)) stand together at his ordinary cozy villa lounge room at Russia together with tiny shrunken sexy teacher, cleavage, she wear nice plain simple sundress, very puffy lips, ((natural beauty)), (shocked female expression:1.2), (detailed skin:1.15), high platform heels, nice high platform heels,ultra highres, photorealistic, high detailed RAW photo, detailed face, (realistic skin texture:1.1), depth of field, very big eyes, DSLR, film grain, natural beautiful lighting, <lora:add-detail-xl:0.9>, size difference, (size difference:1.3), the gigantic huge-bulged guy stand with very short tiny shrunken teacher, he is much bigger than tiny sexy teacher, he has enormous gigantic biceps <lora:ahxl_v1:0.8> he is twice bigger than tiny sexy teacher, he is muscular giant compared to the tiny teacher, the sexy teacher is shocked, vouge fashion, nicely dressed, nice clothes, the shocked shrunken sexy teacher is so tiny compared to the gigantic huge-bulged guy, she is much smaller than the gigantic guy, teacher is twice shorter than the guy, he is so gigantic compared to the teacher, the shocked shrunken teacher is so small and anorexic, size difference is really huge, his gigantic biceps are much bigger than the shocked shrunken teacher, the gigantic muscular guy is really giant, the teacher is anorexic shrunken sexy doll <lora:shrunk_xl:0.8>, his huge bulge is much bigger than the shocked shrunken teacher, his huge hung is much bigger than the teacher, the teacher is so tiny sexy doll, the gigantic guy is hung like a horse, his gigantic biceps much taller than her entire body <lora:bulge:0.8> the gigantic guy is much younger than the teacher, he is really hung like horse, enormous giant biceps, he has enormous giant bulge, the gigantic guy really have giant enormous bulge, the teacher is so shrunken, the teacher is really tiny shrunken sexy doll", "parameters": {"negative_prompt": "(((make up, eyeliner))),  (deformed iris, deformed pupils, semi-realistic, cgi, 3d, render, sketch, cartoon, drawing, anime:1.4), text, close up, cropped, out of frame, worst quality, low quality, jpeg artifacts, ugly, duplicate, morbid, mutilated, (extra fingers:1.2), (mutated hands:1.2), mutation, deformed, blurry, dehydrated, bad anatomy, bad proportions, extra limbs, cloned face, disfigured, gross proportions, malformed limbs, missing arms, missing legs, extra arms, extra legs, (fused fingers:1.2), (too many fingers:1.2), long neck, (((extra limbs))), ((((small breasts)))), (((child, kid))), ((((fat)))), (((teacher is muscular))), ((((solo, alone)))), ((((medium shot, portrait)))) unaestheticXL_Alb2,  ((((young milf))))"}, "output": {"url": "https://huggingface.co/QEQ1996/wrwr/resolve/main/images/00001-3846095755.png"}}], "base_model": "runwayml/stable-diffusion-v1-5", "instance_prompt": null, "license": "creativeml-openrail-m"}, "siblings": [{"rfilename": ".gitattributes"}, {"rfilename": "README.md"}, {"rfilename": "hyperpregnant (3).safetensors"}, {"rfilename": "images/00001-3846095755.png"}], "spaces": [], "createdAt": "2024-03-14T14:12:49.000Z", "inferenceStatus": "not-loaded"}