{"_id": "65e873badeab2699d4e2ed16", "id": "QEQ1996/ger", "modelId": "QEQ1996/ger", "author": "QEQ1996", "sha": "7c918ff685c5a75614a9f349cb4e1c5e5b194587", "lastModified": "2024-03-06T13:46:54.000Z", "private": false, "disabled": false, "gated": false, "pipeline_tag": "text-to-image", "tags": ["diffusers", "text-to-image", "stable-diffusion", "lora", "template:sd-lora", "base_model:runwayml/stable-diffusion-v1-5", "license:creativeml-openrail-m", "region:us"], "downloads": 17, "library_name": "diffusers", "widgetData": [{"text": "-", "output": {"url": "https://huggingface.co/QEQ1996/ger/resolve/main/images/00197-3759391501crop.png"}}], "likes": 0, "model-index": null, "cardData": {"tags": ["text-to-image", "stable-diffusion", "lora", "diffusers", "template:sd-lora"], "widget": [{"text": "-", "output": {"url": "https://huggingface.co/QEQ1996/ger/resolve/main/images/00197-3759391501crop.png"}}], "base_model": "runwayml/stable-diffusion-v1-5", "instance_prompt": null, "license": "creativeml-openrail-m"}, "siblings": [{"rfilename": ".gitattributes"}, {"rfilename": "README.md"}, {"rfilename": "hugetesticles.safetensors"}, {"rfilename": "images/00197-3759391501crop.png"}], "spaces": [], "createdAt": "2024-03-06T13:46:34.000Z", "inferenceStatus": "not-loaded"}