{"_id": "65d85841bec04efbc3bcf104", "id": "QEQ1996/1990", "modelId": "QEQ1996/1990", "author": "QEQ1996", "sha": "3dfa6182d1a0e5dbd940b35b5dffb0acb03be26a", "lastModified": "2024-02-23T08:33:52.000Z", "private": false, "disabled": false, "gated": false, "pipeline_tag": "text-to-image", "tags": ["diffusers", "text-to-image", "stable-diffusion", "lora", "template:sd-lora", "base_model:stabilityai/stable-diffusion-xl-base-1.0", "license:creativeml-openrail-m", "region:us"], "downloads": 17, "library_name": "diffusers", "widgetData": [{"text": "-", "output": {"url": "https://huggingface.co/QEQ1996/1990/resolve/main/images/2613E9E280A3B7C4848E3BF4EC5060815F8D08009B4E3EC536D9EEEC25C02145.jpeg"}}], "likes": 0, "model-index": null, "cardData": {"tags": ["text-to-image", "stable-diffusion", "lora", "diffusers", "template:sd-lora"], "widget": [{"text": "-", "output": {"url": "https://huggingface.co/QEQ1996/1990/resolve/main/images/2613E9E280A3B7C4848E3BF4EC5060815F8D08009B4E3EC536D9EEEC25C02145.jpeg"}}], "base_model": "stabilityai/stable-diffusion-xl-base-1.0", "instance_prompt": null, "license": "creativeml-openrail-m"}, "siblings": [{"rfilename": ".gitattributes"}, {"rfilename": "Busty_1990s_XL.safetensors"}, {"rfilename": "README.md"}, {"rfilename": "images/2613E9E280A3B7C4848E3BF4EC5060815F8D08009B4E3EC536D9EEEC25C02145.jpeg"}], "spaces": ["allknowingroger/Image-Models-Test330"], "createdAt": "2024-02-23T08:33:05.000Z", "inferenceStatus": "not-loaded"}