{"_id": "65d858cbbdb95b4bbc6c9c46", "id": "QEQ1996/clothed", "modelId": "QEQ1996/clothed", "author": "QEQ1996", "sha": "ab03ba3826fc55b08decc38a655d04f97ff32e16", "lastModified": "2024-02-23T08:36:03.000Z", "private": false, "disabled": false, "gated": false, "pipeline_tag": "text-to-image", "tags": ["diffusers", "text-to-image", "stable-diffusion", "lora", "template:sd-lora", "base_model:stabilityai/stable-diffusion-xl-base-1.0", "license:creativeml-openrail-m", "region:us"], "downloads": 18, "library_name": "diffusers", "widgetData": [{"text": "-", "output": {"url": "https://huggingface.co/QEQ1996/clothed/resolve/main/images/0.png"}}], "likes": 0, "model-index": null, "cardData": {"tags": ["text-to-image", "stable-diffusion", "lora", "diffusers", "template:sd-lora"], "widget": [{"text": "-", "output": {"url": "https://huggingface.co/QEQ1996/clothed/resolve/main/images/0.png"}}], "base_model": "stabilityai/stable-diffusion-xl-base-1.0", "instance_prompt": null, "license": "creativeml-openrail-m"}, "siblings": [{"rfilename": ".gitattributes"}, {"rfilename": "README.md"}, {"rfilename": "bsfwxl.safetensors"}, {"rfilename": "images/0.png"}], "spaces": ["allknowingroger/Image-Models-Test330"], "createdAt": "2024-02-23T08:35:23.000Z", "inferenceStatus": "not-loaded"}