{"_id": "65e873818b5be0c451486854", "id": "QEQ1996/wrt", "modelId": "QEQ1996/wrt", "author": "QEQ1996", "sha": "bd8b1d7ca628a5324f337275d7bffff1215f5c5f", "lastModified": "2024-03-06T13:45:37.000Z", "private": false, "disabled": false, "gated": false, "tags": ["license:creativeml-openrail-m", "region:us"], "downloads": 0, "likes": 0, "model-index": null, "cardData": {"license": "creativeml-openrail-m"}, "siblings": [{"rfilename": ".gitattributes"}, {"rfilename": "README.md"}], "spaces": [], "createdAt": "2024-03-06T13:45:37.000Z", "inferenceStatus": "not-loaded"}