{"_id": "63d56dff715d45949457fa93", "id": "qerqer/Colorful_sounds", "modelId": "qerqer/Colorful_sounds", "author": "qerqer", "sha": "4f99b70475c176f48a88cba4b0d84e0e4ea27c08", "lastModified": "2023-01-28T18:48:31.000Z", "private": false, "disabled": false, "gated": false, "tags": ["license:openrail", "region:us"], "downloads": 0, "likes": 0, "model-index": null, "cardData": {"license": "openrail"}, "siblings": [{"rfilename": ".gitattributes"}, {"rfilename": "README.md"}], "spaces": [], "createdAt": "2023-01-28T18:48:31.000Z", "inferenceStatus": "not-loaded"}