{"_id": "64878d8fb35cd8708815bde9", "id": "qeterme/racka-lora-7b-milqa-mod", "modelId": "qeterme/racka-lora-7b-milqa-mod", "author": "qeterme", "sha": "da7e01421632a9437d78bbf2f853bd2c490cc6e8", "lastModified": "2023-06-12T21:26:41.000Z", "private": false, "disabled": false, "gated": false, "tags": ["region:us"], "downloads": 0, "likes": 0, "siblings": [{"rfilename": ".gitattributes"}, {"rfilename": "adapter_config.json"}, {"rfilename": "adapter_model.bin"}], "spaces": [], "createdAt": "2023-06-12T21:26:39.000Z", "inferenceStatus": "not-loaded"}