{"_id": "648910e62eafb7b9117c4a15", "id": "qeterme/racka-lora-7b-milqa-mod-long", "modelId": "qeterme/racka-lora-7b-milqa-mod-long", "author": "qeterme", "sha": "3f5cc317ed29d1986acda01b3bdb72d44d3c49a0", "lastModified": "2023-06-14T01:00:02.000Z", "private": false, "disabled": false, "gated": false, "tags": ["region:us"], "downloads": 0, "likes": 0, "siblings": [{"rfilename": ".gitattributes"}, {"rfilename": "adapter_config.json"}, {"rfilename": "adapter_model.bin"}], "spaces": [], "createdAt": "2023-06-14T00:59:18.000Z", "inferenceStatus": "not-loaded"}