{"_id": "6605b72014594c3e52cedf1c", "id": "qeternity/Starling-LM-7B-beta-Marlin", "modelId": "qeternity/Starling-LM-7B-beta-Marlin", "author": "qeternity", "sha": "5fa1fac7e8d6197c0812aed03a0f3f1d80a782f6", "lastModified": "2024-03-28T18:36:23.000Z", "private": false, "disabled": false, "gated": false, "pipeline_tag": "text-generation", "tags": ["transformers", "safetensors", "mistral", "text-generation", "conversational", "autotrain_compatible", "text-generation-inference", "endpoints_compatible", "4-bit", "gptq", "region:us"], "downloads": 1, "library_name": "transformers", "widgetData": [{"text": "Hey my name is Julien! How are you?"}, {"text": "Hey my name is Thomas! How are you?"}, {"text": "Hey my name is Mariama! How are you?"}, {"text": "Hey my name is Clara! How are you?"}, {"text": "Hey my name is Julien! How are you?"}, {"text": "Hi."}], "likes": 1, "config": {"architectures": ["MistralForCausalLM"], "model_type": "mistral", "quantization_config": {"bits": 4, "quant_method": "gptq"}, "tokenizer_config": {"bos_token": "<s>", "chat_template": "{{ bos_token }}{% for message in messages %}{{ 'GPT4 Correct ' + message['role'].title() + ': ' + message['content'] + '<|end_of_turn|>'}}{% endfor %}{% if add_generation_prompt %}{{ 'GPT4 Correct Assistant:' }}{% endif %}", "eos_token": "<|end_of_turn|>", "pad_token": "<|end_of_turn|>", "unk_token": "<unk>", "use_default_system_prompt": true}}, "transformersInfo": {"auto_model": "AutoModelForCausalLM", "pipeline_tag": "text-generation", "processor": "AutoTokenizer"}, "siblings": [{"rfilename": ".gitattributes"}, {"rfilename": "added_tokens.json"}, {"rfilename": "config.json"}, {"rfilename": "model.safetensors"}, {"rfilename": "quantize_config.json"}, {"rfilename": "special_tokens_map.json"}, {"rfilename": "tokenizer.json"}, {"rfilename": "tokenizer.model"}, {"rfilename": "tokenizer_config.json"}], "spaces": [], "createdAt": "2024-03-28T18:29:52.000Z", "safetensors": {"parameters": {"I32": 872415232, "F16": 316952576}, "total": 1189367808}, "inferenceStatus": "not-loaded"}