{"_id": "66054c829e3555d648b5c0f1", "id": "qeternity/Cerebrum-1.0-7b-Marlin", "modelId": "qeternity/Cerebrum-1.0-7b-Marlin", "author": "qeternity", "sha": "2a6edde818ae180afaa4248fcbb089f23fc5acd1", "lastModified": "2024-03-28T11:01:11.000Z", "private": false, "disabled": false, "gated": false, "pipeline_tag": "text-generation", "tags": ["transformers", "safetensors", "mistral", "text-generation", "conversational", "autotrain_compatible", "text-generation-inference", "endpoints_compatible", "4-bit", "gptq", "region:us"], "downloads": 1, "library_name": "transformers", "widgetData": [{"text": "Hey my name is Julien! How are you?"}, {"text": "Hey my name is Thomas! How are you?"}, {"text": "Hey my name is Mariama! How are you?"}, {"text": "Hey my name is Clara! How are you?"}, {"text": "Hey my name is Julien! How are you?"}, {"text": "Hi."}], "likes": 0, "config": {"architectures": ["MistralForCausalLM"], "model_type": "mistral", "quantization_config": {"bits": 4, "quant_method": "gptq"}, "tokenizer_config": {"bos_token": "<s>", "chat_template": "{% if messages[0]['role'] == 'system' %}{% set loop_messages = messages[1:] %}{% set system_message = messages[0]['content'] %}{% else %}{% set loop_messages = messages %}{% set system_message = 'A chat between a user and a thinking artificial intelligence assistant. The assistant describes its thought process and gives helpful and detailed answers to the user\\'s questions.' %}{% endif %}{% for message in loop_messages %}{% if (message['role'] == 'user') != (loop.index0 % 2 == 0) %}{{ raise_exception('Conversation roles must alternate user/assistant/user/assistant/...') }}{% endif %}{% if message['role'] == 'user' %}{% set content = 'User: ' + message['content'].strip() + '\\n' %}{% elif message['role'] == 'system' %}{% set content = message['content'].strip() + '\\n' %}{% elif message['role'] == 'assistant' %}{% set content = 'AI: '  + message['content'].strip() + '\\n' %}{% endif %}{% if loop.index0 == 0 %}{{ bos_token + system_message + '\\n' + content }}{% else %}{{ content | replace(eos_token, '') }}{% endif %}{% if loop.last and add_generation_prompt %}{{ 'AI:' }}{% endif %}{% endfor %}", "eos_token": "</s>", "pad_token": null, "unk_token": "<unk>", "use_default_system_prompt": false}}, "transformersInfo": {"auto_model": "AutoModelForCausalLM", "pipeline_tag": "text-generation", "processor": "AutoTokenizer"}, "siblings": [{"rfilename": ".gitattributes"}, {"rfilename": "config.json"}, {"rfilename": "model.safetensors"}, {"rfilename": "quantize_config.json"}, {"rfilename": "special_tokens_map.json"}, {"rfilename": "tokenizer.json"}, {"rfilename": "tokenizer.model"}, {"rfilename": "tokenizer_config.json"}], "spaces": [], "createdAt": "2024-03-28T10:54:58.000Z", "safetensors": {"parameters": {"I32": 872415232, "F16": 316936192}, "total": 1189351424}, "inferenceStatus": "not-loaded"}