{"_id": "65a66b3d5c58475cf9b7527c", "id": "qeternity/Nous-Hermes-2-Mixtral-8x7B-SFT-8bpw-h8-exl2", "modelId": "qeternity/Nous-Hermes-2-Mixtral-8x7B-SFT-8bpw-h8-exl2", "author": "qeternity", "sha": "5b1f13c84ad168693b283f2f420762e07b43db6a", "lastModified": "2024-01-16T11:52:25.000Z", "private": false, "disabled": false, "gated": false, "pipeline_tag": "text-generation", "tags": ["transformers", "safetensors", "mixtral", "text-generation", "Mixtral", "instruct", "finetune", "chatml", "DPO", "RLHF", "gpt4", "synthetic data", "distillation", "conversational", "en", "base_model:mistralai/Mixtral-8x7B-v0.1", "license:apache-2.0", "autotrain_compatible", "text-generation-inference", "endpoints_compatible", "region:us"], "downloads": 1, "library_name": "transformers", "widgetData": [{"text": "Hey my name is Julien! How are you?"}, {"text": "Hey my name is Thomas! How are you?"}, {"text": "Hey my name is Mariama! How are you?"}, {"text": "Hey my name is Clara! How are you?"}, {"text": "Hey my name is Julien! How are you?"}, {"text": "Hi."}], "likes": 0, "model-index": [{"name": "Nous-Hermes-2-Mixtral-8x7B-SFT", "results": []}], "config": {"architectures": ["MixtralForCausalLM"], "model_type": "mixtral", "tokenizer_config": {"bos_token": "<s>", "chat_template": "{% for message in messages %}{{'<|im_start|>' + message['role'] + '\n' + message['content'] + '<|im_end|>' + '\n'}}{% endfor %}{% if add_generation_prompt %}{{ '<|im_start|>assistant\n' }}{% endif %}", "eos_token": "<|im_end|>", "pad_token": "</s>", "unk_token": "<unk>", "use_default_system_prompt": false}}, "cardData": {"base_model": "mistralai/Mixtral-8x7B-v0.1", "tags": ["Mixtral", "instruct", "finetune", "chatml", "DPO", "RLHF", "gpt4", "synthetic data", "distillation"], "model-index": [{"name": "Nous-Hermes-2-Mixtral-8x7B-SFT", "results": []}], "license": "apache-2.0", "language": ["en"]}, "transformersInfo": {"auto_model": "AutoModelForCausalLM", "pipeline_tag": "text-generation", "processor": "AutoTokenizer"}, "siblings": [{"rfilename": ".gitattributes"}, {"rfilename": "README.md"}, {"rfilename": "added_tokens.json"}, {"rfilename": "config.json"}, {"rfilename": "generation_config.json"}, {"rfilename": "measurement.json"}, {"rfilename": "model.safetensors.index.json"}, {"rfilename": "output-00001-of-00006.safetensors"}, {"rfilename": "output-00002-of-00006.safetensors"}, {"rfilename": "output-00003-of-00006.safetensors"}, {"rfilename": "output-00004-of-00006.safetensors"}, {"rfilename": "output-00005-of-00006.safetensors"}, {"rfilename": "output-00006-of-00006.safetensors"}, {"rfilename": "special_tokens_map.json"}, {"rfilename": "tokenizer.json"}, {"rfilename": "tokenizer.model"}, {"rfilename": "tokenizer_config.json"}], "spaces": [], "createdAt": "2024-01-16T11:40:45.000Z", "inferenceStatus": "not-loaded"}