{"_id": "665507f9a57d0c3836d25350", "id": "b-collab/vae-16ch-512px-fourier", "modelId": "b-collab/vae-16ch-512px-fourier", "author": "b-collab", "sha": "3198af96b54e36986e2755479b2ba448a5ede364", "lastModified": "2024-05-27T22:25:26.000Z", "private": false, "disabled": false, "gated": false, "tags": ["region:us"], "downloads": 0, "likes": 0, "siblings": [{"rfilename": ".gitattributes"}, {"rfilename": "ep1-ba151911-rank0.pt"}], "spaces": [], "createdAt": "2024-05-27T22:23:53.000Z", "inferenceStatus": "not-loaded"}