{"_id": "6657a9a10328a30516c0adf2", "id": "b-collab/vae-16ch-512px", "modelId": "b-collab/vae-16ch-512px", "author": "b-collab", "sha": "648641cb0c53d139c429fed35878f9f5100a46fa", "lastModified": "2024-05-29T22:18:35.000Z", "private": false, "disabled": false, "gated": false, "tags": ["region:us"], "downloads": 0, "likes": 0, "siblings": [{"rfilename": ".gitattributes"}, {"rfilename": "ep0-ba60000-rank0.pt"}], "spaces": [], "createdAt": "2024-05-29T22:18:09.000Z", "inferenceStatus": "not-loaded"}