{"_id": "6535dfbddc1c6f1ed724a7f7", "id": "b-f/ContinuitySeq-A", "modelId": "b-f/ContinuitySeq-A", "author": "b-f", "sha": "66e512ec6469a09e5e19f0a6bd2846cf1de3e990", "lastModified": "2023-10-23T04:15:57.000Z", "private": false, "disabled": false, "gated": false, "tags": ["diffusers", "license:cc-by-nc-4.0", "diffusers:TextToVideoSDPipeline", "region:us"], "downloads": 0, "library_name": "diffusers", "likes": 0, "model-index": null, "config": {"diffusers": {"_class_name": "TextToVideoSDPipeline"}}, "cardData": {"license": "cc-by-nc-4.0"}, "siblings": [{"rfilename": ".gitattributes"}, {"rfilename": "README.md"}, {"rfilename": "model_index.json"}, {"rfilename": "scheduler/scheduler_config.json"}, {"rfilename": "text_encoder/config.json"}, {"rfilename": "text_encoder/pytorch_model.bin"}, {"rfilename": "tokenizer/merges.txt"}, {"rfilename": "tokenizer/special_tokens_map.json"}, {"rfilename": "tokenizer/tokenizer_config.json"}, {"rfilename": "tokenizer/vocab.json"}, {"rfilename": "unet/config.json"}, {"rfilename": "unet/diffusion_pytorch_model.bin"}, {"rfilename": "vae/config.json"}, {"rfilename": "vae/diffusion_pytorch_model.bin"}], "spaces": [], "createdAt": "2023-10-23T02:51:41.000Z", "inferenceStatus": "not-loaded"}