{"_id": "6677ab9f0f48051159497dd0", "id": "b-fujino/LUM_13bfi_1000_B2", "modelId": "b-fujino/LUM_13bfi_1000_B2", "author": "b-fujino", "sha": "5f7dad67bc330b5ff87cb65a4b197c268a926794", "lastModified": "2024-06-23T05:05:59.000Z", "private": false, "disabled": false, "gated": false, "pipeline_tag": "text-generation", "tags": ["transformers", "pytorch", "llama", "text-generation", "arxiv:1910.09700", "autotrain_compatible", "text-generation-inference", "endpoints_compatible", "region:us"], "downloads": 0, "library_name": "transformers", "widgetData": [{"text": "My name is Julien and I like to"}, {"text": "My name is Thomas and my main"}, {"text": "My name is Mariama, my favorite"}, {"text": "My name is Clara and I am"}, {"text": "My name is Lewis and I like to"}, {"text": "My name is Merve and my favorite"}, {"text": "My name is Teven and I am"}, {"text": "Once upon a time,"}], "likes": 0, "model-index": null, "config": {"architectures": ["LlamaForCausalLM"], "model_type": "llama", "tokenizer_config": {"bos_token": "<s>", "eos_token": "</s>", "pad_token": "<unk>", "unk_token": "<unk>", "use_default_system_prompt": false}}, "cardData": {"library_name": "transformers", "tags": []}, "transformersInfo": {"auto_model": "AutoModelForCausalLM", "pipeline_tag": "text-generation", "processor": "AutoTokenizer"}, "siblings": [{"rfilename": ".gitattributes"}, {"rfilename": "README.md"}, {"rfilename": "config.json"}, {"rfilename": "generation_config.json"}, {"rfilename": "pytorch_model-00001-of-00006.bin"}, {"rfilename": "pytorch_model-00002-of-00006.bin"}, {"rfilename": "pytorch_model-00003-of-00006.bin"}, {"rfilename": "pytorch_model-00004-of-00006.bin"}, {"rfilename": "pytorch_model-00005-of-00006.bin"}, {"rfilename": "pytorch_model-00006-of-00006.bin"}, {"rfilename": "pytorch_model.bin.index.json"}, {"rfilename": "special_tokens_map.json"}, {"rfilename": "tokenizer.model"}, {"rfilename": "tokenizer_config.json"}], "spaces": [], "createdAt": "2024-06-23T04:59:11.000Z", "inferenceStatus": "not-loaded"}