{"_id": "64bb36df565b827f7e768f40", "id": "b-koopman/speecht5_finetuned_voxpopuli_accented_en", "modelId": "b-koopman/speecht5_finetuned_voxpopuli_accented_en", "author": "b-koopman", "sha": "adf8be045fe3ba4e2cd902f524bcbb1ec5fa384f", "lastModified": "2023-08-20T17:45:43.000Z", "private": false, "disabled": false, "gated": false, "pipeline_tag": "text-to-speech", "tags": ["transformers", "pytorch", "tensorboard", "speecht5", "text-to-audio", "generated_from_trainer", "text-to-speech", "en", "dataset:facebook/voxpopuli", "base_model:microsoft/speecht5_tts", "license:mit", "endpoints_compatible", "region:us"], "downloads": 5, "library_name": "transformers", "likes": 0, "model-index": [{"name": "T5 TTS finetuned on accented english - b-koopman", "results": []}], "config": {"architectures": ["SpeechT5ForTextToSpeech"], "model_type": "speecht5", "tokenizer_config": {"bos_token": "<s>", "eos_token": "</s>", "pad_token": "<pad>", "unk_token": "<unk>"}}, "cardData": {"language": ["en"], "license": "mit", "base_model": "microsoft/speecht5_tts", "tags": ["generated_from_trainer"], "datasets": ["facebook/voxpopuli"], "model-index": [{"name": "T5 TTS finetuned on accented english - b-koopman", "results": []}], "pipeline_tag": "text-to-speech"}, "transformersInfo": {"auto_model": "AutoModelForTextToSpectrogram", "pipeline_tag": "text-to-audio", "processor": "AutoProcessor"}, "siblings": [{"rfilename": ".gitattributes"}, {"rfilename": ".gitignore"}, {"rfilename": "README.md"}, {"rfilename": "added_tokens.json"}, {"rfilename": "config.json"}, {"rfilename": "preprocessor_config.json"}, {"rfilename": "pytorch_model.bin"}, {"rfilename": "runs/Jul22_01-52-52_b916b21d2bca/events.out.tfevents.1689990900.b916b21d2bca.3503.0"}, {"rfilename": "runs/Jul22_02-25-01_b916b21d2bca/events.out.tfevents.1689992704.b916b21d2bca.18620.0"}, {"rfilename": "runs/Jul22_02-30-35_b916b21d2bca/events.out.tfevents.1689993049.b916b21d2bca.18620.1"}, {"rfilename": "runs/Jul22_02-30-35_b916b21d2bca/events.out.tfevents.1689996161.b916b21d2bca.18620.2"}, {"rfilename": "special_tokens_map.json"}, {"rfilename": "spm_char.model"}, {"rfilename": "tokenizer_config.json"}, {"rfilename": "training_args.bin"}], "spaces": [], "createdAt": "2023-07-22T01:54:39.000Z", "inferenceStatus": "not-loaded"}