{"_id": "64aba63278e72f36f8ec1697", "id": "b-koopman/whisper-base-finetuned-gtzan", "modelId": "b-koopman/whisper-base-finetuned-gtzan", "author": "b-koopman", "sha": "5d6204cc8f3da7136a7b6ce86d2124e95b4d25e3", "lastModified": "2023-07-10T06:51:15.000Z", "private": false, "disabled": false, "gated": false, "pipeline_tag": "audio-classification", "tags": ["transformers", "pytorch", "tensorboard", "whisper", "audio-classification", "generated_from_trainer", "dataset:marsyas/gtzan", "license:apache-2.0", "endpoints_compatible", "region:us"], "downloads": 1, "library_name": "transformers", "likes": 0, "model-index": [{"name": "whisper-base-finetuned-gtzan", "results": []}], "config": {"architectures": ["WhisperForAudioClassification"], "model_type": "whisper"}, "cardData": {"license": "apache-2.0", "tags": ["generated_from_trainer"], "datasets": ["marsyas/gtzan"], "metrics": ["accuracy"], "model-index": [{"name": "whisper-base-finetuned-gtzan", "results": []}]}, "transformersInfo": {"auto_model": "AutoModelForAudioClassification", "pipeline_tag": "audio-classification", "processor": "AutoProcessor"}, "siblings": [{"rfilename": ".gitattributes"}, {"rfilename": ".gitignore"}, {"rfilename": "README.md"}, {"rfilename": "config.json"}, {"rfilename": "preprocessor_config.json"}, {"rfilename": "pytorch_model.bin"}, {"rfilename": "runs/Jul10_06-33-18_ebb53715223b/events.out.tfevents.1688970806.ebb53715223b.7326.0"}, {"rfilename": "runs/Jul10_06-34-36_ebb53715223b/events.out.tfevents.1688970888.ebb53715223b.7326.1"}, {"rfilename": "runs/Jul10_06-35-54_ebb53715223b/events.out.tfevents.1688970961.ebb53715223b.7326.2"}, {"rfilename": "runs/Jul10_06-37-01_ebb53715223b/events.out.tfevents.1688971028.ebb53715223b.7326.3"}, {"rfilename": "training_args.bin"}], "spaces": [], "createdAt": "2023-07-10T06:33:22.000Z", "inferenceStatus": "not-loaded"}