{"_id": "66089907ec5376b3ad139e3e", "id": "b-r-a-n/summer_LoRA", "modelId": "b-r-a-n/summer_LoRA", "author": "b-r-a-n", "sha": "f727f819e565d6908191b38135b450168e799d54", "lastModified": "2024-03-30T22:58:17.000Z", "private": false, "disabled": false, "gated": false, "pipeline_tag": "text-to-image", "tags": ["diffusers", "tensorboard", "text-to-image", "diffusers-training", "lora", "template:sd-lora", "stable-diffusion-xl", "stable-diffusion-xl-diffusers", "base_model:stabilityai/stable-diffusion-xl-base-1.0", "license:openrail++", "region:us"], "downloads": 16, "library_name": "diffusers", "widgetData": [], "likes": 0, "model-index": null, "cardData": {"license": "openrail++", "library_name": "diffusers", "tags": ["text-to-image", "text-to-image", "diffusers-training", "diffusers", "lora", "template:sd-lora", "stable-diffusion-xl", "stable-diffusion-xl-diffusers"], "base_model": "stabilityai/stable-diffusion-xl-base-1.0", "instance_prompt": "a photo of UJS young girl", "widget": []}, "siblings": [{"rfilename": ".gitattributes"}, {"rfilename": "README.md"}, {"rfilename": "logs/dreambooth-lora-sd-xl/1711834962.3901622/events.out.tfevents.1711834962.ed9cbeffb9f1.3561.1"}, {"rfilename": "logs/dreambooth-lora-sd-xl/1711834962.3923385/hparams.yml"}, {"rfilename": "logs/dreambooth-lora-sd-xl/events.out.tfevents.1711834962.ed9cbeffb9f1.3561.0"}, {"rfilename": "pytorch_lora_weights.safetensors"}], "spaces": [], "createdAt": "2024-03-30T22:58:15.000Z", "inferenceStatus": "not-loaded"}