{"_id": "65c7ad1b15c9950537d56a9f", "id": "b-thiswatch/my_awesome_food_model", "modelId": "b-thiswatch/my_awesome_food_model", "author": "b-thiswatch", "sha": "2b05c0e8692049282610a7ee8864274c05ce0ec5", "lastModified": "2024-02-10T17:08:04.000Z", "private": false, "disabled": false, "gated": false, "pipeline_tag": "image-classification", "tags": ["transformers", "safetensors", "vit", "image-classification", "autotrain_compatible", "endpoints_compatible", "region:us"], "downloads": 0, "library_name": "transformers", "likes": 0, "config": {"architectures": ["ViTForImageClassification"], "model_type": "vit"}, "transformersInfo": {"auto_model": "AutoModelForImageClassification", "pipeline_tag": "image-classification", "processor": "AutoImageProcessor"}, "siblings": [{"rfilename": ".gitattributes"}, {"rfilename": "config.json"}, {"rfilename": "model.safetensors"}, {"rfilename": "preprocessor_config.json"}, {"rfilename": "training_args.bin"}], "spaces": [], "createdAt": "2024-02-10T17:06:35.000Z", "safetensors": {"parameters": {"F32": 85876325}, "total": 85876325}, "inferenceStatus": "not-loaded"}