{"_id": "64ca15d00b2ba05b2f8682bd", "id": "b001/mybert", "modelId": "b001/mybert", "author": "b001", "sha": "604261739534d922d13a928cdba5c9aad599a1c6", "lastModified": "2023-08-02T08:37:36.000Z", "private": false, "disabled": false, "gated": false, "tags": ["license:apache-2.0", "region:us"], "downloads": 0, "likes": 0, "model-index": null, "cardData": {"license": "apache-2.0"}, "siblings": [{"rfilename": ".gitattributes"}, {"rfilename": "README.md"}], "spaces": [], "createdAt": "2023-08-02T08:37:36.000Z", "inferenceStatus": "not-loaded"}