{"_id": "64fecc127ffe31607b590691", "id": "b001/EvolCodeLlama-7b-GGML", "modelId": "b001/EvolCodeLlama-7b-GGML", "author": "b001", "sha": "4fadd0333fcda239f4584fd956bac24216f43875", "lastModified": "2023-09-11T08:20:57.000Z", "private": false, "disabled": false, "gated": false, "tags": ["region:us"], "downloads": 0, "likes": 0, "siblings": [{"rfilename": ".gitattributes"}, {"rfilename": "evolcodellama-7b.gguf.fp16.bin"}, {"rfilename": "evolcodellama-7b.gguf.q4_k_m.bin"}, {"rfilename": "evolcodellama-7b.gguf.q5_k_m.bin"}], "spaces": [], "createdAt": "2023-09-11T08:13:06.000Z", "inferenceStatus": "not-loaded"}