{"_id": "64b42e0c727711e4eade82c9", "id": "B00GMAN-08/B00GMAN08RVC", "modelId": "B00GMAN-08/B00GMAN08RVC", "author": "B00GMAN-08", "sha": "00e6dcaf6f65b54d40bd21e30d197a286818f15e", "lastModified": "2023-07-16T17:52:42.000Z", "private": false, "disabled": false, "gated": false, "tags": ["license:openrail", "region:us"], "downloads": 0, "likes": 0, "model-index": null, "cardData": {"license": "openrail"}, "siblings": [{"rfilename": ".gitattributes"}, {"rfilename": "README.md"}, {"rfilename": "pacman2snes.zip"}], "spaces": [], "createdAt": "2023-07-16T17:51:08.000Z", "inferenceStatus": "not-loaded"}