{"_id": "64470cea1dc59ca8aed52f29", "id": "B01/whispertest", "modelId": "B01/whispertest", "author": "B01", "sha": "82999e7913dbcbcc65105d8040e90f0f3e922b81", "lastModified": "2023-06-07T10:33:33.000Z", "private": false, "disabled": false, "gated": false, "pipeline_tag": "automatic-speech-recognition", "tags": ["transformers", "pytorch", "tensorboard", "whisper", "automatic-speech-recognition", "endpoints_compatible", "region:us"], "downloads": 2, "library_name": "transformers", "likes": 0, "config": {"architectures": ["WhisperForConditionalGeneration"], "model_type": "whisper", "tokenizer_config": {"bos_token": {"__type": "AddedToken", "content": "<|endoftext|>", "lstrip": false, "normalized": true, "rstrip": false, "single_word": false}, "eos_token": {"__type": "AddedToken", "content": "<|endoftext|>", "lstrip": false, "normalized": true, "rstrip": false, "single_word": false}, "pad_token": null, "unk_token": {"__type": "AddedToken", "content": "<|endoftext|>", "lstrip": false, "normalized": true, "rstrip": false, "single_word": false}}}, "transformersInfo": {"auto_model": "AutoModelForSpeechSeq2Seq", "pipeline_tag": "automatic-speech-recognition", "processor": "AutoProcessor"}, "siblings": [{"rfilename": ".gitattributes"}, {"rfilename": ".gitignore"}, {"rfilename": "added_tokens.json"}, {"rfilename": "config.json"}, {"rfilename": "generation_config.json"}, {"rfilename": "merges.txt"}, {"rfilename": "normalizer.json"}, {"rfilename": "preprocessor_config.json"}, {"rfilename": "pytorch_model.bin"}, {"rfilename": "runs/Apr24_23-12-36_6ed09e4f589b/1682377968.772169/events.out.tfevents.1682377968.6ed09e4f589b.154.1"}, {"rfilename": "runs/Apr24_23-12-36_6ed09e4f589b/events.out.tfevents.1682377968.6ed09e4f589b.154.0"}, {"rfilename": "runs/Jun07_01-32-23_1c7b086d159e/1686101785.81953/events.out.tfevents.1686101785.1c7b086d159e.1290.1"}, {"rfilename": "runs/Jun07_01-32-23_1c7b086d159e/events.out.tfevents.1686101785.1c7b086d159e.1290.0"}, {"rfilename": "special_tokens_map.json"}, {"rfilename": "tokenizer_config.json"}, {"rfilename": "training_args.bin"}, {"rfilename": "vocab.json"}], "spaces": [], "createdAt": "2023-04-24T23:12:42.000Z", "inferenceStatus": "not-loaded"}