{"_id": "65e46232d26b426e3e45e9ab", "id": "b07611031/leaftype-swin-tiny-patch4-window7-224-finetuned", "modelId": "b07611031/leaftype-swin-tiny-patch4-window7-224-finetuned", "author": "b07611031", "sha": "53efaa7f89ba360dec66227a9b01742ab61f8b05", "lastModified": "2024-03-03T12:18:53.000Z", "private": false, "disabled": false, "gated": false, "pipeline_tag": "image-classification", "tags": ["transformers", "tensorboard", "safetensors", "swin", "image-classification", "generated_from_trainer", "dataset:imagefolder", "base_model:microsoft/swin-tiny-patch4-window7-224", "license:apache-2.0", "model-index", "autotrain_compatible", "endpoints_compatible", "region:us"], "downloads": 0, "library_name": "transformers", "likes": 0, "model-index": [{"name": "leaftype-swin-tiny-patch4-window7-224-finetuned", "results": [{"task": {"name": "Image Classification", "type": "image-classification"}, "dataset": {"name": "imagefolder", "type": "imagefolder", "config": "default", "split": "validation", "args": "default"}, "metrics": [{"name": "Accuracy", "type": "accuracy", "value": 0.9262899262899262, "verified": false}]}]}], "config": {"architectures": ["SwinForImageClassification"], "model_type": "swin"}, "cardData": {"license": "apache-2.0", "base_model": "microsoft/swin-tiny-patch4-window7-224", "tags": ["generated_from_trainer"], "datasets": ["imagefolder"], "metrics": ["accuracy"], "model-index": [{"name": "leaftype-swin-tiny-patch4-window7-224-finetuned", "results": [{"task": {"name": "Image Classification", "type": "image-classification"}, "dataset": {"name": "imagefolder", "type": "imagefolder", "config": "default", "split": "validation", "args": "default"}, "metrics": [{"name": "Accuracy", "type": "accuracy", "value": 0.9262899262899262, "verified": false}]}]}]}, "transformersInfo": {"auto_model": "AutoModelForImageClassification", "pipeline_tag": "image-classification", "processor": "AutoImageProcessor"}, "siblings": [{"rfilename": ".gitattributes"}, {"rfilename": "README.md"}, {"rfilename": "all_results.json"}, {"rfilename": "config.json"}, {"rfilename": "eval_results.json"}, {"rfilename": "model.safetensors"}, {"rfilename": "preprocessor_config.json"}, {"rfilename": "runs/Mar03_19-38-34_b076110311704803225895/events.out.tfevents.1709466163.b076110311704803225895"}, {"rfilename": "runs/Mar03_19-38-34_b076110311704803225895/events.out.tfevents.1709468328.b076110311704803225895"}, {"rfilename": "train_results.json"}, {"rfilename": "trainer_state.json"}, {"rfilename": "training_args.bin"}], "spaces": [], "createdAt": "2024-03-03T11:42:42.000Z", "safetensors": {"parameters": {"I64": 28812, "F32": 27520892}, "total": 27549704}, "inferenceStatus": "not-loaded"}