{"_id": "660581533d1c41c482e07722", "id": "b07611031/cvt-21-384-22k-finetuned-LeafType", "modelId": "b07611031/cvt-21-384-22k-finetuned-LeafType", "author": "b07611031", "sha": "8f869a083ab2d2fb54bef18d002f3c9bd1ceda92", "lastModified": "2024-03-28T14:40:48.000Z", "private": false, "disabled": false, "gated": false, "pipeline_tag": "image-classification", "tags": ["transformers", "safetensors", "cvt", "image-classification", "generated_from_trainer", "dataset:imagefolder", "base_model:microsoft/cvt-21-384-22k", "license:apache-2.0", "model-index", "autotrain_compatible", "endpoints_compatible", "region:us"], "downloads": 0, "library_name": "transformers", "likes": 0, "model-index": [{"name": "cvt-21-384-22k-finetuned-LeafType", "results": [{"task": {"name": "Image Classification", "type": "image-classification"}, "dataset": {"name": "imagefolder", "type": "imagefolder", "config": "default", "split": "validation", "args": "default"}, "metrics": [{"name": "Accuracy", "type": "accuracy", "value": 0.9310344827586207, "verified": false}]}]}], "config": {"architectures": ["CvtForImageClassification"], "model_type": "cvt"}, "cardData": {"license": "apache-2.0", "base_model": "microsoft/cvt-21-384-22k", "tags": ["generated_from_trainer"], "datasets": ["imagefolder"], "metrics": ["accuracy"], "model-index": [{"name": "cvt-21-384-22k-finetuned-LeafType", "results": [{"task": {"name": "Image Classification", "type": "image-classification"}, "dataset": {"name": "imagefolder", "type": "imagefolder", "config": "default", "split": "validation", "args": "default"}, "metrics": [{"name": "Accuracy", "type": "accuracy", "value": 0.9310344827586207, "verified": false}]}]}]}, "transformersInfo": {"auto_model": "AutoModelForImageClassification", "pipeline_tag": "image-classification", "processor": "AutoImageProcessor"}, "siblings": [{"rfilename": ".gitattributes"}, {"rfilename": "README.md"}, {"rfilename": "config.json"}, {"rfilename": "model.safetensors"}, {"rfilename": "preprocessor_config.json"}, {"rfilename": "training_args.bin"}], "spaces": [], "createdAt": "2024-03-28T14:40:19.000Z", "safetensors": {"parameters": {"F32": 31280322}, "total": 31280322}, "inferenceStatus": "not-loaded"}