{"_id": "661663faf55d3d4ba5ad6c1c", "id": "b07611031/cvt-13-384-22k-finetuned-PinnatelyCompound-v1", "modelId": "b07611031/cvt-13-384-22k-finetuned-PinnatelyCompound-v1", "author": "b07611031", "sha": "2acacdc39533dc0778f6a130252b12f55118a66d", "lastModified": "2024-04-10T10:04:33.000Z", "private": false, "disabled": false, "gated": false, "pipeline_tag": "image-classification", "tags": ["transformers", "safetensors", "cvt", "image-classification", "generated_from_trainer", "dataset:imagefolder", "base_model:microsoft/cvt-13-384-22k", "license:apache-2.0", "model-index", "autotrain_compatible", "endpoints_compatible", "region:us"], "downloads": 0, "library_name": "transformers", "likes": 0, "model-index": [{"name": "cvt-13-384-22k-finetuned-PinnatelyCompound-v1", "results": [{"task": {"name": "Image Classification", "type": "image-classification"}, "dataset": {"name": "imagefolder", "type": "imagefolder", "config": "default", "split": "validation", "args": "default"}, "metrics": [{"name": "Accuracy", "type": "accuracy", "value": 0.9910714285714286, "verified": false}]}]}], "config": {"architectures": ["CvtForImageClassification"], "model_type": "cvt"}, "cardData": {"license": "apache-2.0", "base_model": "microsoft/cvt-13-384-22k", "tags": ["generated_from_trainer"], "datasets": ["imagefolder"], "metrics": ["accuracy"], "model-index": [{"name": "cvt-13-384-22k-finetuned-PinnatelyCompound-v1", "results": [{"task": {"name": "Image Classification", "type": "image-classification"}, "dataset": {"name": "imagefolder", "type": "imagefolder", "config": "default", "split": "validation", "args": "default"}, "metrics": [{"name": "Accuracy", "type": "accuracy", "value": 0.9910714285714286, "verified": false}]}]}]}, "transformersInfo": {"auto_model": "AutoModelForImageClassification", "pipeline_tag": "image-classification", "processor": "AutoImageProcessor"}, "siblings": [{"rfilename": ".gitattributes"}, {"rfilename": "History_graph.svg"}, {"rfilename": "README.md"}, {"rfilename": "config.json"}, {"rfilename": "model.safetensors"}, {"rfilename": "preprocessor_config.json"}, {"rfilename": "training_args.bin"}], "spaces": [], "createdAt": "2024-04-10T10:03:38.000Z", "safetensors": {"parameters": {"F32": 19639363}, "total": 19639363}, "inferenceStatus": "not-loaded"}