{"_id": "66150815d8148d0b66833d8d", "id": "b07611031/cvt-w24-384-22k-finetuned-LeafBack-v2", "modelId": "b07611031/cvt-w24-384-22k-finetuned-LeafBack-v2", "author": "b07611031", "sha": "5a3534b5d6f045bf27a3fb6e39974fd892033d7c", "lastModified": "2024-04-09T09:20:46.000Z", "private": false, "disabled": false, "gated": false, "pipeline_tag": "image-classification", "tags": ["transformers", "safetensors", "cvt", "image-classification", "generated_from_trainer", "dataset:imagefolder", "base_model:microsoft/cvt-w24-384-22k", "license:apache-2.0", "model-index", "autotrain_compatible", "endpoints_compatible", "region:us"], "downloads": 0, "library_name": "transformers", "likes": 0, "model-index": [{"name": "cvt-w24-384-22k-finetuned-LeafBack-v2", "results": [{"task": {"name": "Image Classification", "type": "image-classification"}, "dataset": {"name": "imagefolder", "type": "imagefolder", "config": "default", "split": "validation", "args": "default"}, "metrics": [{"name": "Accuracy", "type": "accuracy", "value": 0.987012987012987, "verified": false}]}]}], "config": {"architectures": ["CvtForImageClassification"], "model_type": "cvt"}, "cardData": {"license": "apache-2.0", "base_model": "microsoft/cvt-w24-384-22k", "tags": ["generated_from_trainer"], "datasets": ["imagefolder"], "metrics": ["accuracy"], "model-index": [{"name": "cvt-w24-384-22k-finetuned-LeafBack-v2", "results": [{"task": {"name": "Image Classification", "type": "image-classification"}, "dataset": {"name": "imagefolder", "type": "imagefolder", "config": "default", "split": "validation", "args": "default"}, "metrics": [{"name": "Accuracy", "type": "accuracy", "value": 0.987012987012987, "verified": false}]}]}]}, "transformersInfo": {"auto_model": "AutoModelForImageClassification", "pipeline_tag": "image-classification", "processor": "AutoImageProcessor"}, "siblings": [{"rfilename": ".gitattributes"}, {"rfilename": "README.md"}, {"rfilename": "config.json"}, {"rfilename": "model.safetensors"}, {"rfilename": "preprocessor_config.json"}, {"rfilename": "training_args.bin"}], "spaces": [], "createdAt": "2024-04-09T09:19:17.000Z", "safetensors": {"parameters": {"F32": 276307842}, "total": 276307842}, "inferenceStatus": "not-loaded"}