{"_id": "660c3929e6569b99a2e2fae8", "id": "b07611031/cvt-21-384-22k-finetuned-PinnatelyCompound-v1", "modelId": "b07611031/cvt-21-384-22k-finetuned-PinnatelyCompound-v1", "author": "b07611031", "sha": "3d48b34f4f84584c025e4161bd914df171e52f78", "lastModified": "2024-04-02T16:59:18.000Z", "private": false, "disabled": false, "gated": false, "pipeline_tag": "image-classification", "tags": ["transformers", "safetensors", "cvt", "image-classification", "generated_from_trainer", "dataset:imagefolder", "base_model:microsoft/cvt-21-384-22k", "license:apache-2.0", "model-index", "autotrain_compatible", "endpoints_compatible", "region:us"], "downloads": 0, "library_name": "transformers", "likes": 0, "model-index": [{"name": "cvt-21-384-22k-finetuned-PinnatelyCompound-v1", "results": [{"task": {"name": "Image Classification", "type": "image-classification"}, "dataset": {"name": "imagefolder", "type": "imagefolder", "config": "default", "split": "validation", "args": "default"}, "metrics": [{"name": "Accuracy", "type": "accuracy", "value": 1, "verified": false}]}]}], "config": {"architectures": ["CvtForImageClassification"], "model_type": "cvt"}, "cardData": {"license": "apache-2.0", "base_model": "microsoft/cvt-21-384-22k", "tags": ["generated_from_trainer"], "datasets": ["imagefolder"], "metrics": ["accuracy"], "model-index": [{"name": "cvt-21-384-22k-finetuned-PinnatelyCompound-v1", "results": [{"task": {"name": "Image Classification", "type": "image-classification"}, "dataset": {"name": "imagefolder", "type": "imagefolder", "config": "default", "split": "validation", "args": "default"}, "metrics": [{"name": "Accuracy", "type": "accuracy", "value": 1, "verified": false}]}]}]}, "transformersInfo": {"auto_model": "AutoModelForImageClassification", "pipeline_tag": "image-classification", "processor": "AutoImageProcessor"}, "siblings": [{"rfilename": ".gitattributes"}, {"rfilename": "README.md"}, {"rfilename": "config.json"}, {"rfilename": "model.safetensors"}, {"rfilename": "preprocessor_config.json"}, {"rfilename": "training_args.bin"}], "spaces": [], "createdAt": "2024-04-02T16:58:17.000Z", "safetensors": {"parameters": {"F32": 31280707}, "total": 31280707}, "inferenceStatus": "not-loaded"}