{"_id": "65e996eee71555ed19350329", "id": "B0808/whisper-small-jotest", "modelId": "B0808/whisper-small-jotest", "author": "B0808", "sha": "623d317cb37016dfd76c381b7a501b729157eb2d", "lastModified": "2024-03-07T10:30:22.000Z", "private": false, "disabled": false, "gated": false, "pipeline_tag": "automatic-speech-recognition", "tags": ["transformers", "tensorboard", "safetensors", "whisper", "automatic-speech-recognition", "hf-asr-leaderboard", "generated_from_trainer", "en", "dataset:MetaDataByAudio", "base_model:openai/whisper-small", "license:apache-2.0", "model-index", "endpoints_compatible", "region:us"], "downloads": 0, "library_name": "transformers", "likes": 0, "model-index": [{"name": "Whisper Small-FineTuning-allKeywords", "results": [{"task": {"name": "Automatic Speech Recognition", "type": "automatic-speech-recognition"}, "dataset": {"name": "Databyaudio", "type": "MetaDataByAudio", "args": "config: en, split: test"}, "metrics": [{"name": "Wer", "type": "wer", "value": 19.226260257913246, "verified": false}]}]}], "config": {"architectures": ["WhisperForConditionalGeneration"], "model_type": "whisper", "tokenizer_config": {"bos_token": "<|endoftext|>", "eos_token": "<|endoftext|>", "pad_token": "<|endoftext|>", "unk_token": "<|endoftext|>"}}, "cardData": {"language": ["en"], "license": "apache-2.0", "base_model": "openai/whisper-small", "tags": ["hf-asr-leaderboard", "generated_from_trainer"], "datasets": ["MetaDataByAudio"], "metrics": ["wer"], "model-index": [{"name": "Whisper Small-FineTuning-allKeywords", "results": [{"task": {"name": "Automatic Speech Recognition", "type": "automatic-speech-recognition"}, "dataset": {"name": "Databyaudio", "type": "MetaDataByAudio", "args": "config: en, split: test"}, "metrics": [{"name": "Wer", "type": "wer", "value": 19.226260257913246, "verified": false}]}]}]}, "transformersInfo": {"auto_model": "AutoModelForSpeechSeq2Seq", "pipeline_tag": "automatic-speech-recognition", "processor": "AutoProcessor"}, "siblings": [{"rfilename": ".gitattributes"}, {"rfilename": "README.md"}, {"rfilename": "added_tokens.json"}, {"rfilename": "config.json"}, {"rfilename": "generation_config.json"}, {"rfilename": "merges.txt"}, {"rfilename": "model.safetensors"}, {"rfilename": "normalizer.json"}, {"rfilename": "preprocessor_config.json"}, {"rfilename": "runs/Mar07_10-18-33_8feafc0d0bb6/events.out.tfevents.1709806727.8feafc0d0bb6.1102.0"}, {"rfilename": "special_tokens_map.json"}, {"rfilename": "tokenizer_config.json"}, {"rfilename": "training_args.bin"}, {"rfilename": "vocab.json"}], "spaces": [], "createdAt": "2024-03-07T10:29:02.000Z", "safetensors": {"parameters": {"F32": 241734912}, "total": 241734912}, "inferenceStatus": "not-loaded"}