{"_id": "657ad7685ab56d3f781d1c6c", "id": "B09602027/esm2_t12_35M_UR50D-finetuned-localization", "modelId": "B09602027/esm2_t12_35M_UR50D-finetuned-localization", "author": "B09602027", "sha": "4fb0df42c729392ce53c5a1095e0e98b63714046", "lastModified": "2023-12-26T12:55:58.000Z", "private": false, "disabled": false, "gated": false, "pipeline_tag": "text-classification", "tags": ["transformers", "tensorboard", "safetensors", "esm", "text-classification", "autotrain_compatible", "endpoints_compatible", "region:us"], "downloads": 2, "library_name": "transformers", "widgetData": [{"text": "I like you. I love you"}], "likes": 0, "config": {"architectures": ["EsmForSequenceClassification"], "model_type": "esm", "tokenizer_config": {"cls_token": "<cls>", "eos_token": "<eos>", "mask_token": "<mask>", "pad_token": "<pad>", "unk_token": "<unk>"}}, "transformersInfo": {"auto_model": "AutoModelForSequenceClassification", "pipeline_tag": "text-classification", "processor": "AutoTokenizer"}, "siblings": [{"rfilename": ".gitattributes"}, {"rfilename": "config.json"}, {"rfilename": "model.safetensors"}, {"rfilename": "runs/Dec15_07-52-18_0529ecb760e7/events.out.tfevents.1702626744.0529ecb760e7.166.0"}, {"rfilename": "runs/Dec15_07-52-18_0529ecb760e7/events.out.tfevents.1702627594.0529ecb760e7.166.1"}, {"rfilename": "runs/Dec15_07-52-18_0529ecb760e7/events.out.tfevents.1702629375.0529ecb760e7.166.2"}, {"rfilename": "runs/Dec15_07-52-18_0529ecb760e7/events.out.tfevents.1702631296.0529ecb760e7.166.3"}, {"rfilename": "runs/Dec15_07-52-18_0529ecb760e7/events.out.tfevents.1702631371.0529ecb760e7.166.4"}, {"rfilename": "runs/Dec25_07-42-49_124c14b932e7/events.out.tfevents.1703490258.124c14b932e7.199.0"}, {"rfilename": "runs/Dec26_01-07-16_jesse1699409695218/events.out.tfevents.1703524870.jesse1699409695218.215.0"}, {"rfilename": "runs/Dec26_01-07-16_jesse1699409695218/events.out.tfevents.1703532763.jesse1699409695218.215.1"}, {"rfilename": "runs/Dec26_01-07-16_jesse1699409695218/events.out.tfevents.1703532973.jesse1699409695218.215.2"}, {"rfilename": "runs/Dec26_01-07-16_jesse1699409695218/events.out.tfevents.1703535729.jesse1699409695218.215.3"}, {"rfilename": "runs/Dec26_12-27-50_5281e2a09bb9/events.out.tfevents.1703593747.5281e2a09bb9.290.0"}, {"rfilename": "runs/Dec26_12-27-50_5281e2a09bb9/events.out.tfevents.1703594581.5281e2a09bb9.290.1"}, {"rfilename": "runs/Dec26_12-27-50_5281e2a09bb9/events.out.tfevents.1703594610.5281e2a09bb9.290.2"}, {"rfilename": "special_tokens_map.json"}, {"rfilename": "tokenizer_config.json"}, {"rfilename": "training_args.bin"}, {"rfilename": "vocab.txt"}], "spaces": [], "createdAt": "2023-12-14T10:22:32.000Z", "safetensors": {"parameters": {"F32": 33993987}, "total": 33993987}, "inferenceStatus": "not-loaded"}