{"_id": "64b540ee61fd81bcefe02849", "id": "B0b91/AILearnsToMultiply2", "modelId": "B0b91/AILearnsToMultiply2", "author": "B0b91", "sha": "c1e2d5ce49579594593aed278dd1177b8e1bd699", "lastModified": "2023-07-17T13:24:04.000Z", "private": false, "disabled": false, "gated": false, "pipeline_tag": "tabular-regression", "tags": ["mlconsole", "tabular-regression", "dataset:house_price_prediction", "license:unknown", "model-index", "region:us"], "downloads": 0, "library_name": "mlconsole", "likes": 0, "model-index": [{"name": "AILearnsToMultiply2", "results": [{"task": {"type": "tabular-regression", "name": "tabular-regression"}, "dataset": {"type": "house_price_prediction", "name": "house_price_prediction"}, "metrics": [{"type": "mae", "name": "Mean absolute error", "value": 4.996237277984619, "verified": false}, {"type": "loss", "name": "Model loss", "value": 45.071861267089844, "verified": false}]}]}], "cardData": {"license": "unknown", "inference": false, "tags": ["mlconsole", "tabular-regression"], "library_name": "mlconsole", "metrics": ["mae", "loss"], "datasets": ["house_price_prediction"], "model-index": [{"name": "AILearnsToMultiply2", "results": [{"task": {"type": "tabular-regression", "name": "tabular-regression"}, "dataset": {"type": "house_price_prediction", "name": "house_price_prediction"}, "metrics": [{"type": "mae", "name": "Mean absolute error", "value": 4.996237277984619, "verified": false}, {"type": "loss", "name": "Model loss", "value": 45.071861267089844, "verified": false}]}]}]}, "siblings": [{"rfilename": ".gitattributes"}, {"rfilename": "README.md"}, {"rfilename": "model.json"}, {"rfilename": "model.weights.bin"}, {"rfilename": "modelRun.json"}], "spaces": [], "createdAt": "2023-07-17T13:23:58.000Z", "inferenceStatus": "not-loaded"}