{"_id": "662fff5b65322f73efda470b", "id": "B0BWAX/MT5-FINETUNED", "modelId": "B0BWAX/MT5-FINETUNED", "author": "B0BWAX", "sha": "e355318b4730e612511672f5be45492553fe8e0e", "lastModified": "2024-04-30T20:07:36.000Z", "private": false, "disabled": false, "gated": false, "pipeline_tag": "translation", "tags": ["transformers", "mt5", "text2text-generation", "translation", "en", "fr", "de", "es", "dataset:xnli", "license:gpl-3.0", "autotrain_compatible", "endpoints_compatible", "region:us"], "downloads": 3, "library_name": "transformers", "widgetData": [{"text": "My name is Wolfgang and I live in Berlin"}, {"text": "My name is Sarah and I live in London"}], "likes": 0, "model-index": null, "config": {"architectures": ["MT5ForConditionalGeneration"], "model_type": "mt5"}, "cardData": {"license": "gpl-3.0", "datasets": ["xnli"], "language": ["en", "fr", "de", "es"], "library_name": "transformers", "pipeline_tag": "translation"}, "transformersInfo": {"auto_model": "AutoModelForSeq2SeqLM", "pipeline_tag": "text2text-generation", "processor": "AutoTokenizer"}, "siblings": [{"rfilename": ".gitattributes"}, {"rfilename": "README.md"}, {"rfilename": "config.json"}, {"rfilename": "mt5_finetuned.pt"}], "spaces": [], "createdAt": "2024-04-29T20:13:15.000Z", "inferenceStatus": "not-loaded"}