{"_id": "662f87f8a9891e43cc5c3aae", "id": "B0BWAX/mt5-small-finetuned-en-to-de", "modelId": "B0BWAX/mt5-small-finetuned-en-to-de", "author": "B0BWAX", "sha": "c9f1d648f4025fda79b1ce54a38eef5fab180677", "lastModified": "2024-04-29T12:55:34.000Z", "private": false, "disabled": false, "gated": false, "pipeline_tag": "text2text-generation", "tags": ["transformers", "tensorboard", "safetensors", "mt5", "text2text-generation", "autotrain_compatible", "endpoints_compatible", "region:us"], "downloads": 2, "library_name": "transformers", "likes": 0, "config": {"architectures": ["MT5ForConditionalGeneration"], "model_type": "mt5", "tokenizer_config": {"eos_token": "</s>", "pad_token": "<pad>", "unk_token": "<unk>"}}, "transformersInfo": {"auto_model": "AutoModelForSeq2SeqLM", "pipeline_tag": "text2text-generation", "processor": "AutoTokenizer"}, "siblings": [{"rfilename": ".gitattributes"}, {"rfilename": "config.json"}, {"rfilename": "model.safetensors"}, {"rfilename": "runs/Apr29_11-43-29_1ba897126f3d/events.out.tfevents.1714391039.1ba897126f3d.13461.2"}, {"rfilename": "runs/Apr29_12-20-55_1ba897126f3d/events.out.tfevents.1714393274.1ba897126f3d.13461.3"}, {"rfilename": "runs/Apr29_12-42-14_1ba897126f3d/events.out.tfevents.1714394548.1ba897126f3d.13461.4"}, {"rfilename": "special_tokens_map.json"}, {"rfilename": "spiece.model"}, {"rfilename": "tokenizer.json"}, {"rfilename": "tokenizer_config.json"}, {"rfilename": "training_args.bin"}], "spaces": [], "createdAt": "2024-04-29T11:43:52.000Z", "safetensors": {"parameters": {"F32": 300176768}, "total": 300176768}, "inferenceStatus": "not-loaded"}