{"_id": "662f7c4695b139610f00cef0", "id": "B0BWAX/mt5-small-finetuned-en-to-ar", "modelId": "B0BWAX/mt5-small-finetuned-en-to-ar", "author": "B0BWAX", "sha": "85c9c39e7daac7fbb310bbb10e6e1dcb71995875", "lastModified": "2024-04-29T11:26:08.000Z", "private": false, "disabled": false, "gated": false, "pipeline_tag": "text2text-generation", "tags": ["transformers", "tensorboard", "safetensors", "mt5", "text2text-generation", "autotrain_compatible", "endpoints_compatible", "region:us"], "downloads": 1, "library_name": "transformers", "likes": 0, "config": {"architectures": ["MT5ForConditionalGeneration"], "model_type": "mt5", "tokenizer_config": {"eos_token": "</s>", "pad_token": "<pad>", "unk_token": "<unk>"}}, "transformersInfo": {"auto_model": "AutoModelForSeq2SeqLM", "pipeline_tag": "text2text-generation", "processor": "AutoTokenizer"}, "siblings": [{"rfilename": ".gitattributes"}, {"rfilename": "config.json"}, {"rfilename": "model.safetensors"}, {"rfilename": "runs/Apr29_10-53-58_1ba897126f3d/events.out.tfevents.1714388040.1ba897126f3d.6126.0"}, {"rfilename": "runs/Apr29_11-09-11_1ba897126f3d/events.out.tfevents.1714389011.1ba897126f3d.10607.0"}, {"rfilename": "runs/Apr29_11-09-11_1ba897126f3d/events.out.tfevents.1714389236.1ba897126f3d.10607.1"}, {"rfilename": "runs/Apr29_11-19-48_1ba897126f3d/events.out.tfevents.1714389653.1ba897126f3d.13461.0"}, {"rfilename": "runs/Apr29_11-22-50_1ba897126f3d/events.out.tfevents.1714389802.1ba897126f3d.13461.1"}, {"rfilename": "special_tokens_map.json"}, {"rfilename": "spiece.model"}, {"rfilename": "tokenizer.json"}, {"rfilename": "tokenizer_config.json"}, {"rfilename": "training_args.bin"}], "spaces": [], "createdAt": "2024-04-29T10:53:58.000Z", "safetensors": {"parameters": {"F32": 300176768}, "total": 300176768}, "inferenceStatus": "not-loaded"}