{"_id": "658f35a9075245eadd809096", "id": "b0nateur/ShacoRVCModel", "modelId": "b0nateur/ShacoRVCModel", "author": "b0nateur", "sha": "b319b1f9d28c936891983a37255065d04e851db2", "lastModified": "2023-12-29T21:12:52.000Z", "private": false, "disabled": false, "gated": false, "tags": ["license:openrail", "region:us"], "downloads": 0, "likes": 0, "model-index": null, "cardData": {"license": "openrail"}, "siblings": [{"rfilename": ".gitattributes"}, {"rfilename": "README.md"}, {"rfilename": "Shaco.zip"}], "spaces": [], "createdAt": "2023-12-29T21:10:01.000Z", "inferenceStatus": "not-loaded"}