{"_id": "658c90db3823e3d1e5e47d01", "id": "b0nateur/KaynRVCModel", "modelId": "b0nateur/KaynRVCModel", "author": "b0nateur", "sha": "d72774e507b3791def8e9dd0d1c9bae30df2d9e7", "lastModified": "2023-12-27T21:03:38.000Z", "private": false, "disabled": false, "gated": false, "tags": ["license:openrail", "region:us"], "downloads": 0, "likes": 0, "model-index": null, "cardData": {"license": "openrail"}, "siblings": [{"rfilename": ".gitattributes"}, {"rfilename": "Kayn.zip"}, {"rfilename": "README.md"}], "spaces": [], "createdAt": "2023-12-27T21:02:19.000Z", "inferenceStatus": "not-loaded"}