{"_id": "6575b3e5b951d40e7a4fcc24", "id": "b0nateur/YungCihad", "modelId": "b0nateur/YungCihad", "author": "b0nateur", "sha": "6533b18ef118c4639bd0072755bd54f2e637dfdb", "lastModified": "2023-12-10T13:17:39.000Z", "private": false, "disabled": false, "gated": false, "tags": ["license:openrail", "region:us"], "downloads": 0, "likes": 0, "model-index": null, "cardData": {"license": "openrail"}, "siblings": [{"rfilename": ".gitattributes"}, {"rfilename": "README.md"}, {"rfilename": "yungcihad.zip"}], "spaces": [], "createdAt": "2023-12-10T12:49:41.000Z", "inferenceStatus": "not-loaded"}