{"_id": "658b44a64dd2ca8497ca5720", "id": "b0nateur/YasuoRVCModel", "modelId": "b0nateur/YasuoRVCModel", "author": "b0nateur", "sha": "32626dc2576a943a9e0abf7a54ac69c4c9ff4dfa", "lastModified": "2023-12-26T21:26:05.000Z", "private": false, "disabled": false, "gated": false, "tags": ["license:openrail", "region:us"], "downloads": 0, "likes": 0, "model-index": null, "cardData": {"license": "openrail"}, "siblings": [{"rfilename": ".gitattributes"}, {"rfilename": "README.md"}, {"rfilename": "Yasuo.zip"}], "spaces": [], "createdAt": "2023-12-26T21:24:54.000Z", "inferenceStatus": "not-loaded"}