{"_id": "6575b1449fe27c093d9e6d13", "id": "b0nateur/TurkceZedRVC", "modelId": "b0nateur/TurkceZedRVC", "author": "b0nateur", "sha": "c7f7f06467d2e80ae1344635e1034586dedcaab9", "lastModified": "2023-12-10T12:40:12.000Z", "private": false, "disabled": false, "gated": false, "tags": ["license:openrail", "region:us"], "downloads": 0, "likes": 0, "model-index": null, "cardData": {"license": "openrail"}, "siblings": [{"rfilename": ".gitattributes"}, {"rfilename": "README.md"}, {"rfilename": "zed250epoch.zip"}], "spaces": [], "createdAt": "2023-12-10T12:38:28.000Z", "inferenceStatus": "not-loaded"}