{"_id": "658c9b0d3823e3d1e5e5e03a", "id": "b0nateur/GKYasuoRVCModel", "modelId": "b0nateur/GKYasuoRVCModel", "author": "b0nateur", "sha": "1e4c5c96c0e85b21705a0463510f3dd3497ca764", "lastModified": "2023-12-27T21:47:31.000Z", "private": false, "disabled": false, "gated": false, "tags": ["license:openrail", "region:us"], "downloads": 0, "likes": 0, "model-index": null, "cardData": {"license": "openrail"}, "siblings": [{"rfilename": ".gitattributes"}, {"rfilename": "GeceninKiliciYasuo.zip"}, {"rfilename": "README.md"}], "spaces": [], "createdAt": "2023-12-27T21:45:49.000Z", "inferenceStatus": "not-loaded"}