{"_id": "658ca1fa6f4d3615bdbb82c1", "id": "b0nateur/KatarinaRVCModel", "modelId": "b0nateur/KatarinaRVCModel", "author": "b0nateur", "sha": "d168c6a4aad05a99785ba45dae2bfb300b028114", "lastModified": "2023-12-27T22:19:09.000Z", "private": false, "disabled": false, "gated": false, "tags": ["license:openrail", "region:us"], "downloads": 0, "likes": 0, "model-index": null, "cardData": {"license": "openrail"}, "siblings": [{"rfilename": ".gitattributes"}, {"rfilename": "Katarina.zip"}, {"rfilename": "README.md"}], "spaces": [], "createdAt": "2023-12-27T22:15:22.000Z", "inferenceStatus": "not-loaded"}