{"_id": "658b4fb83c34b2ccf6eaa483", "id": "b0nateur/GragasRVCModel", "modelId": "b0nateur/GragasRVCModel", "author": "b0nateur", "sha": "b3817390aa3bbc4e2b2e940d982029721c314d62", "lastModified": "2023-12-26T22:13:34.000Z", "private": false, "disabled": false, "gated": false, "tags": ["license:openrail", "region:us"], "downloads": 0, "likes": 0, "model-index": null, "cardData": {"license": "openrail"}, "siblings": [{"rfilename": ".gitattributes"}, {"rfilename": "Gragas.zip"}, {"rfilename": "README.md"}], "spaces": [], "createdAt": "2023-12-26T22:12:08.000Z", "inferenceStatus": "not-loaded"}