{"_id": "6506de849c5e6b2767c253fc", "id": "B0yc4kra/emotion_finetuned_model", "modelId": "B0yc4kra/emotion_finetuned_model", "author": "B0yc4kra", "sha": "ea970e5407105e0fc4dde68b5f0b01bed78a0714", "lastModified": "2023-09-18T08:04:47.000Z", "private": false, "disabled": false, "gated": false, "pipeline_tag": "image-classification", "tags": ["transformers", "pytorch", "vit", "image-classification", "generated_from_trainer", "dataset:imagefolder", "base_model:google/vit-base-patch16-224-in21k", "license:apache-2.0", "model-index", "autotrain_compatible", "endpoints_compatible", "region:us"], "downloads": 3, "library_name": "transformers", "likes": 0, "model-index": [{"name": "emotion_finetuned_model", "results": [{"task": {"name": "Image Classification", "type": "image-classification"}, "dataset": {"name": "imagefolder", "type": "imagefolder", "config": "en-US", "split": "train", "args": "en-US"}, "metrics": [{"name": "Accuracy", "type": "accuracy", "value": 0.5, "verified": false}]}]}], "config": {"architectures": ["ViTForImageClassification"], "model_type": "vit"}, "cardData": {"license": "apache-2.0", "base_model": "google/vit-base-patch16-224-in21k", "tags": ["generated_from_trainer"], "datasets": ["imagefolder"], "metrics": ["accuracy"], "model-index": [{"name": "emotion_finetuned_model", "results": [{"task": {"name": "Image Classification", "type": "image-classification"}, "dataset": {"name": "imagefolder", "type": "imagefolder", "config": "en-US", "split": "train", "args": "en-US"}, "metrics": [{"name": "Accuracy", "type": "accuracy", "value": 0.5, "verified": false}]}]}]}, "transformersInfo": {"auto_model": "AutoModelForImageClassification", "pipeline_tag": "image-classification", "processor": "AutoImageProcessor"}, "siblings": [{"rfilename": ".gitattributes"}, {"rfilename": "README.md"}, {"rfilename": "config.json"}, {"rfilename": "preprocessor_config.json"}, {"rfilename": "pytorch_model.bin"}, {"rfilename": "training_args.bin"}], "spaces": [], "createdAt": "2023-09-17T11:09:56.000Z", "inferenceStatus": "not-loaded"}