{"_id": "6585238fc8b8bd66f7b20d3d", "id": "b10611010/esm2_t12_35M_UR50D-finetuned-localization", "modelId": "b10611010/esm2_t12_35M_UR50D-finetuned-localization", "author": "b10611010", "sha": "4f774c7fce6c496cdfa965173177550e95c3112c", "lastModified": "2023-12-22T11:28:10.000Z", "private": false, "disabled": false, "gated": false, "pipeline_tag": "text-classification", "tags": ["transformers", "tensorboard", "safetensors", "esm", "text-classification", "autotrain_compatible", "endpoints_compatible", "region:us"], "downloads": 2, "library_name": "transformers", "widgetData": [{"text": "I like you. I love you"}], "likes": 0, "config": {"architectures": ["EsmForSequenceClassification"], "model_type": "esm", "tokenizer_config": {"cls_token": "<cls>", "eos_token": "<eos>", "mask_token": "<mask>", "pad_token": "<pad>", "unk_token": "<unk>"}}, "transformersInfo": {"auto_model": "AutoModelForSequenceClassification", "pipeline_tag": "text-classification", "processor": "AutoTokenizer"}, "siblings": [{"rfilename": ".gitattributes"}, {"rfilename": "config.json"}, {"rfilename": "model.safetensors"}, {"rfilename": "runs/Dec22_05-50-03_c5886f180cfd/events.out.tfevents.1703224207.c5886f180cfd.492.3"}, {"rfilename": "runs/Dec22_11-16-01_2ad104bd739b/events.out.tfevents.1703243763.2ad104bd739b.407.2"}, {"rfilename": "special_tokens_map.json"}, {"rfilename": "tokenizer_config.json"}, {"rfilename": "training_args.bin"}, {"rfilename": "vocab.txt"}], "spaces": [], "createdAt": "2023-12-22T05:50:07.000Z", "safetensors": {"parameters": {"F32": 33993987}, "total": 33993987}, "inferenceStatus": "not-loaded"}