{"_id": "651242231e3b49ac7943b785", "id": "b14hr2z/Taiwan-LLaMa-v1.0-GGUF", "modelId": "b14hr2z/Taiwan-LLaMa-v1.0-GGUF", "author": "b14hr2z", "sha": "1e2c20ee7ed38c945ce2aa69cc40705efadf3cd0", "lastModified": "2023-09-26T04:03:56.000Z", "private": false, "disabled": false, "gated": false, "tags": ["transformers", "gguf", "llama", "text-generation-inference", "endpoints_compatible", "region:us"], "downloads": 34, "library_name": "transformers", "likes": 0, "config": {"model_type": "llama"}, "transformersInfo": {"auto_model": "AutoModel"}, "siblings": [{"rfilename": ".gitattributes"}, {"rfilename": "README.md"}, {"rfilename": "Taiwan-LLaMa-13b-1.0.Q4_K_M.gguf"}, {"rfilename": "config.json"}], "spaces": [], "createdAt": "2023-09-26T02:29:55.000Z", "inferenceStatus": "not-loaded"}