{"_id": "665074520f95a80da378fe49", "id": "B1llC/Pests_tfLite", "modelId": "B1llC/Pests_tfLite", "author": "B1llC", "sha": "863649503a85b8d7cbe640fd22199abaf44fc24a", "lastModified": "2024-05-24T11:05:06.000Z", "private": false, "disabled": false, "gated": false, "tags": ["tflite", "region:us"], "downloads": 0, "likes": 0, "siblings": [{"rfilename": ".gitattributes"}, {"rfilename": "Pests_best_float32.tflite"}], "spaces": [], "createdAt": "2024-05-24T11:04:50.000Z", "inferenceStatus": "not-loaded"}