{"_id": "65be967a37491e7adc448f69", "id": "b1n4ryx/bala", "modelId": "b1n4ryx/bala", "author": "b1n4ryx", "sha": "8893b023354ee5afe940429bfd73b0eb8262b36f", "lastModified": "2024-02-03T22:04:53.000Z", "private": false, "disabled": false, "gated": false, "pipeline_tag": "text-to-image", "tags": ["diffusers", "text-to-image", "autotrain", "base_model:stabilityai/stable-diffusion-xl-base-1.0", "region:us"], "downloads": 21, "library_name": "diffusers", "likes": 1, "model-index": null, "cardData": {"base_model": "stabilityai/stable-diffusion-xl-base-1.0", "instance_prompt": "linkedin professional image portrait like black suite", "tags": ["text-to-image", "diffusers", "autotrain"], "inference": true}, "siblings": [{"rfilename": ".gitattributes"}, {"rfilename": "README.md"}, {"rfilename": "prompt.txt"}, {"rfilename": "pytorch_lora_weights.safetensors"}, {"rfilename": "training_params.json"}], "spaces": ["allknowingroger/Image-Models-Test308"], "createdAt": "2024-02-03T19:39:38.000Z", "inferenceStatus": "not-loaded"}