{"_id": "6555c27ed5a72476aef5844a", "id": "B1Nn/112", "modelId": "B1Nn/112", "author": "B1Nn", "sha": "27a2c932eb89300114f3229bc691672e9ae53be6", "lastModified": "2023-11-16T07:19:26.000Z", "private": false, "disabled": false, "gated": false, "tags": ["license:cc-by-nc-sa-3.0", "region:us"], "downloads": 0, "likes": 0, "model-index": null, "cardData": {"license": "cc-by-nc-sa-3.0"}, "siblings": [{"rfilename": ".gitattributes"}, {"rfilename": "README.md"}], "spaces": [], "createdAt": "2023-11-16T07:19:26.000Z", "inferenceStatus": "not-loaded"}