{"_id": "63e7a724b3546d8da00f2c9d", "id": "b1skOwO/near", "modelId": "b1skOwO/near", "author": "b1skOwO", "sha": "440e86310f6aa54e1f445e38e395c63b418a2bfb", "lastModified": "2023-02-11T15:24:46.000Z", "private": false, "disabled": false, "gated": false, "tags": ["license:openrail", "region:us"], "downloads": 0, "likes": 0, "model-index": null, "cardData": {"license": "openrail"}, "siblings": [{"rfilename": ".gitattributes"}, {"rfilename": "README.md"}, {"rfilename": "near.ckpt"}], "spaces": [], "createdAt": "2023-02-11T14:33:08.000Z", "inferenceStatus": "not-loaded"}