{"_id": "6666fc2ade27a0d460112c3a", "id": "b1zk1t1337/Garfield_Lorenzo_Music", "modelId": "b1zk1t1337/Garfield_Lorenzo_Music", "author": "b1zk1t1337", "sha": "71df179fa5a18cbd5758e4fedb978fe5a444fce5", "lastModified": "2024-06-10T13:16:30.000Z", "private": false, "disabled": false, "gated": false, "tags": ["region:us"], "downloads": 0, "likes": 0, "siblings": [{"rfilename": ".gitattributes"}, {"rfilename": "Garfield (Lorenzo Music).zip"}, {"rfilename": "added_IVF335_Flat_nprobe_1_v2.index"}, {"rfilename": "garfield-lorenzo-music_500e_4500s.pth"}], "spaces": [], "createdAt": "2024-06-10T13:14:18.000Z", "inferenceStatus": "not-loaded"}