{"_id": "64dda43e561c87dc4053dc07", "id": "B206/token", "modelId": "B206/token", "author": "B206", "sha": "3a5876f15363ed42a4076319904508190b5ada8a", "lastModified": "2023-08-17T04:38:22.000Z", "private": false, "disabled": false, "gated": false, "tags": ["license:openrail", "region:us"], "downloads": 0, "likes": 0, "model-index": null, "cardData": {"license": "openrail"}, "siblings": [{"rfilename": ".gitattributes"}, {"rfilename": "README.md"}], "spaces": [], "createdAt": "2023-08-17T04:38:22.000Z", "inferenceStatus": "not-loaded"}