{"_id": "654b9919f4a20b21aad51503", "id": "B20DCCN728/sign-language-detection", "modelId": "B20DCCN728/sign-language-detection", "author": "B20DCCN728", "sha": "63f26491ce5281a25f7a06e0570c570a6a955611", "lastModified": "2023-11-08T14:20:09.000Z", "private": false, "disabled": false, "gated": false, "tags": ["license:apache-2.0", "region:us"], "downloads": 0, "likes": 0, "model-index": null, "cardData": {"license": "apache-2.0"}, "siblings": [{"rfilename": ".gitattributes"}, {"rfilename": "README.md"}], "spaces": [], "createdAt": "2023-11-08T14:20:09.000Z", "inferenceStatus": "not-loaded"}