{"_id": "65d02760244b552be0d37ae0", "id": "B2111797/trans-en-vi-v1", "modelId": "B2111797/trans-en-vi-v1", "author": "B2111797", "sha": "92f01abf8e74661f456c814ab1984a0c2c4e3d68", "lastModified": "2024-02-17T03:26:41.000Z", "private": false, "disabled": false, "gated": false, "pipeline_tag": "text2text-generation", "tags": ["transformers", "safetensors", "marian", "text2text-generation", "arxiv:1910.09700", "autotrain_compatible", "endpoints_compatible", "region:us"], "downloads": 0, "library_name": "transformers", "likes": 0, "model-index": null, "config": {"architectures": ["MarianMTModel"], "model_type": "marian", "tokenizer_config": {"eos_token": "</s>", "pad_token": "<pad>", "unk_token": "<unk>"}}, "cardData": {"library_name": "transformers", "tags": []}, "transformersInfo": {"auto_model": "AutoModelForSeq2SeqLM", "pipeline_tag": "text2text-generation", "processor": "AutoTokenizer"}, "siblings": [{"rfilename": ".gitattributes"}, {"rfilename": "README.md"}, {"rfilename": "config.json"}, {"rfilename": "generation_config.json"}, {"rfilename": "model.safetensors"}, {"rfilename": "source.spm"}, {"rfilename": "special_tokens_map.json"}, {"rfilename": "target.spm"}, {"rfilename": "tokenizer_config.json"}, {"rfilename": "vocab.json"}], "spaces": [], "createdAt": "2024-02-17T03:26:24.000Z", "safetensors": {"parameters": {"F32": 71678901}, "total": 71678901}, "inferenceStatus": "not-loaded"}