{"_id": "660eb8da338e9556c90a196e", "id": "B2111797/recipe_v1_lr1e-3_wu4000_epo4", "modelId": "B2111797/recipe_v1_lr1e-3_wu4000_epo4", "author": "B2111797", "sha": "61093de43b292bf15f82400a57657679f56a4224", "lastModified": "2024-04-04T14:27:55.000Z", "private": false, "disabled": false, "gated": false, "pipeline_tag": "text-generation", "tags": ["transformers", "safetensors", "gpt2", "text-generation", "arxiv:1910.09700", "autotrain_compatible", "text-generation-inference", "endpoints_compatible", "region:us"], "downloads": 3, "library_name": "transformers", "widgetData": [{"text": "My name is Julien and I like to"}, {"text": "My name is Thomas and my main"}, {"text": "My name is Mariama, my favorite"}, {"text": "My name is Clara and I am"}, {"text": "My name is Lewis and I like to"}, {"text": "My name is Merve and my favorite"}, {"text": "My name is Teven and I am"}, {"text": "Once upon a time,"}], "likes": 0, "model-index": null, "config": {"architectures": ["GPT2LMHeadModel"], "model_type": "gpt2", "tokenizer_config": {"bos_token": "<|endoftext|>", "eos_token": "<|endoftext|>", "pad_token": "<pad>", "unk_token": "<|endoftext|>"}}, "cardData": {"library_name": "transformers", "tags": []}, "transformersInfo": {"auto_model": "AutoModelForCausalLM", "pipeline_tag": "text-generation", "processor": "AutoTokenizer"}, "siblings": [{"rfilename": ".gitattributes"}, {"rfilename": "README.md"}, {"rfilename": "added_tokens.json"}, {"rfilename": "config.json"}, {"rfilename": "generation_config.json"}, {"rfilename": "merges.txt"}, {"rfilename": "model.safetensors"}, {"rfilename": "special_tokens_map.json"}, {"rfilename": "tokenizer.json"}, {"rfilename": "tokenizer_config.json"}, {"rfilename": "vocab.json"}], "spaces": [], "createdAt": "2024-04-04T14:27:38.000Z", "safetensors": {"parameters": {"F32": 45176832}, "total": 45176832}, "inferenceStatus": "not-loaded"}