{"_id": "667ab13b69c3e097d59b747a", "id": "B3L1EVE/ER", "modelId": "B3L1EVE/ER", "author": "B3L1EVE", "sha": "1161d8e4351a3273c947f994fef73ca3bb5885a9", "lastModified": "2024-06-25T12:00:50.000Z", "private": false, "disabled": false, "gated": false, "tags": ["region:us"], "downloads": 0, "likes": 0, "siblings": [{"rfilename": ".gitattributes"}, {"rfilename": "EmployeeRetention.ipynb"}, {"rfilename": "WA_Fn-UseC_-HR-Employee-Attrition.csv"}], "spaces": [], "createdAt": "2024-06-25T11:59:55.000Z", "inferenceStatus": "not-loaded"}