{"_id": "655b6c84ab0644b531cf015f", "id": "b3x0m/bert-xomlac-ner", "modelId": "b3x0m/bert-xomlac-ner", "author": "b3x0m", "sha": "076198b10123b4b2018bfce1fdd8488db451d00a", "lastModified": "2023-11-24T01:57:30.000Z", "private": false, "disabled": false, "gated": false, "pipeline_tag": "token-classification", "tags": ["transformers", "pytorch", "safetensors", "bert", "token-classification", "zh", "license:apache-2.0", "autotrain_compatible", "endpoints_compatible", "region:us"], "downloads": 5, "library_name": "transformers", "mask_token": "[MASK]", "widgetData": [{"text": "\u6211\u53eb\u6c83\u5c14\u592b\u5188\uff0c\u6211\u4f4f\u5728\u67cf\u6797\u3002"}, {"text": "\u6211\u53eb\u8428\u62c9\uff0c\u6211\u4f4f\u5728\u4f26\u6566\u3002"}, {"text": "\u6211\u53eb\u514b\u62c9\u62c9\uff0c\u6211\u4f4f\u5728\u52a0\u5dde\u4f2f\u514b\u5229\u3002"}], "likes": 3, "model-index": null, "config": {"architectures": ["BertForTokenClassification"], "model_type": "bert", "tokenizer_config": {"cls_token": "[CLS]", "mask_token": "[MASK]", "pad_token": "[PAD]", "sep_token": "[SEP]", "unk_token": "[UNK]"}}, "cardData": {"license": "apache-2.0", "language": ["zh"], "metrics": ["accuracy"], "pipeline_tag": "token-classification"}, "transformersInfo": {"auto_model": "AutoModelForTokenClassification", "pipeline_tag": "token-classification", "processor": "AutoTokenizer"}, "siblings": [{"rfilename": ".gitattributes"}, {"rfilename": "README.md"}, {"rfilename": "config.json"}, {"rfilename": "model.safetensors"}, {"rfilename": "pytorch_model.bin"}, {"rfilename": "special_tokens_map.json"}, {"rfilename": "tokenizer_config.json"}, {"rfilename": "vocab.txt"}], "spaces": [], "createdAt": "2023-11-20T14:26:12.000Z", "safetensors": {"parameters": {"I64": 512, "F32": 101688591}, "total": 101689103}, "inferenceStatus": "not-loaded"}