{"_id": "63f477409801da0debe9db7e", "id": "B4S1C/ailan", "modelId": "B4S1C/ailan", "author": "B4S1C", "sha": "ac092f2b9c5ae984dafbc40e7d97a13a7cdc1b56", "lastModified": "2023-02-21T07:48:16.000Z", "private": false, "disabled": false, "gated": false, "tags": ["license:openrail", "region:us"], "downloads": 0, "likes": 0, "model-index": null, "cardData": {"license": "openrail"}, "siblings": [{"rfilename": ".gitattributes"}, {"rfilename": "README.md"}], "spaces": [], "createdAt": "2023-02-21T07:48:16.000Z", "inferenceStatus": "not-loaded"}