{"_id": "65838aabaf09ca206bc52d46", "id": "B4Z00/pokemons_classifier", "modelId": "B4Z00/pokemons_classifier", "author": "B4Z00", "sha": "ab75a3acff7269174d2896c57b0771f00db9478f", "lastModified": "2023-12-21T06:56:55.000Z", "private": false, "disabled": false, "gated": false, "pipeline_tag": "image-classification", "tags": ["transformers", "tf", "vit", "image-classification", "generated_from_keras_callback", "base_model:google/vit-base-patch16-224-in21k", "license:apache-2.0", "autotrain_compatible", "endpoints_compatible", "region:us"], "downloads": 0, "library_name": "transformers", "likes": 0, "model-index": [{"name": "B4Z00/pokemons_classifier", "results": []}], "config": {"architectures": ["ViTForImageClassification"], "model_type": "vit"}, "cardData": {"license": "apache-2.0", "base_model": "google/vit-base-patch16-224-in21k", "tags": ["generated_from_keras_callback"], "model-index": [{"name": "B4Z00/pokemons_classifier", "results": []}]}, "transformersInfo": {"auto_model": "AutoModelForImageClassification", "pipeline_tag": "image-classification", "processor": "AutoImageProcessor"}, "siblings": [{"rfilename": ".gitattributes"}, {"rfilename": "README.md"}, {"rfilename": "config.json"}, {"rfilename": "preprocessor_config.json"}, {"rfilename": "tf_model.h5"}], "spaces": [], "createdAt": "2023-12-21T00:45:31.000Z", "inferenceStatus": "not-loaded"}