{"_id": "6482e78b7e165f4007d1501d", "id": "ba-claim/bert", "modelId": "ba-claim/bert", "author": "ba-claim", "sha": "8171b0746c24411b11c3456daecaea5f867a9d2d", "lastModified": "2023-07-02T21:18:04.000Z", "private": false, "disabled": false, "gated": false, "pipeline_tag": "text-classification", "tags": ["transformers", "pytorch", "bert", "text-classification", "autotrain_compatible", "endpoints_compatible", "region:us"], "downloads": 3, "library_name": "transformers", "mask_token": "[MASK]", "widgetData": [{"text": "They're able to charge women more for the same exact procedure a man gets.", "example_title": "Example: Yes"}, {"text": "There's no way they would give it up.", "example_title": "Example: No"}], "likes": 0, "model-index": null, "config": {"architectures": ["BertForSequenceClassification"], "model_type": "bert", "tokenizer_config": {"cls_token": "[CLS]", "mask_token": "[MASK]", "pad_token": "[PAD]", "sep_token": "[SEP]", "unk_token": "[UNK]"}}, "cardData": {"widget": [{"text": "They're able to charge women more for the same exact procedure a man gets.", "example_title": "Example: Yes"}, {"text": "There's no way they would give it up.", "example_title": "Example: No"}]}, "transformersInfo": {"auto_model": "AutoModelForSequenceClassification", "pipeline_tag": "text-classification", "processor": "AutoTokenizer"}, "siblings": [{"rfilename": ".gitattributes"}, {"rfilename": "README.md"}, {"rfilename": "config.json"}, {"rfilename": "pytorch_model.bin"}, {"rfilename": "special_tokens_map.json"}, {"rfilename": "tokenizer.json"}, {"rfilename": "tokenizer_config.json"}, {"rfilename": "vocab.txt"}], "spaces": [], "createdAt": "2023-06-09T08:49:15.000Z", "inferenceStatus": "not-loaded"}