{"_id": "6482e7b85e72c4eee9c34b3a", "id": "ba-claim/electra", "modelId": "ba-claim/electra", "author": "ba-claim", "sha": "8d53b9d3895336aa473fc32a29a49b19d9a93df9", "lastModified": "2023-07-02T21:17:13.000Z", "private": false, "disabled": false, "gated": false, "pipeline_tag": "text-classification", "tags": ["transformers", "pytorch", "safetensors", "electra", "text-classification", "autotrain_compatible", "endpoints_compatible", "region:us"], "downloads": 5, "library_name": "transformers", "mask_token": "[MASK]", "widgetData": [{"text": "They're able to charge women more for the same exact procedure a man gets.", "example_title": "Example: Yes"}, {"text": "There's no way they would give it up.", "example_title": "Example: No"}], "likes": 0, "model-index": null, "config": {"architectures": ["ElectraForSequenceClassification"], "model_type": "electra", "tokenizer_config": {"cls_token": "[CLS]", "mask_token": "[MASK]", "pad_token": "[PAD]", "sep_token": "[SEP]", "unk_token": "[UNK]"}}, "cardData": {"widget": [{"text": "They're able to charge women more for the same exact procedure a man gets.", "example_title": "Example: Yes"}, {"text": "There's no way they would give it up.", "example_title": "Example: No"}]}, "transformersInfo": {"auto_model": "AutoModelForSequenceClassification", "pipeline_tag": "text-classification", "processor": "AutoTokenizer"}, "siblings": [{"rfilename": ".gitattributes"}, {"rfilename": "README.md"}, {"rfilename": "config.json"}, {"rfilename": "model.safetensors"}, {"rfilename": "pytorch_model.bin"}, {"rfilename": "special_tokens_map.json"}, {"rfilename": "tokenizer.json"}, {"rfilename": "tokenizer_config.json"}, {"rfilename": "vocab.txt"}], "spaces": [], "createdAt": "2023-06-09T08:50:00.000Z", "safetensors": {"parameters": {"I64": 512, "F32": 33577474}, "total": 33577986}, "inferenceStatus": "not-loaded"}