{"_id": "63d582c68031133803abc7ab", "id": "Ba2han/AnyBerryDreamMix", "modelId": "Ba2han/AnyBerryDreamMix", "author": "Ba2han", "sha": "8685c24dee9c7b73cf5beeaafe99ab71b86d9246", "lastModified": "2023-01-29T10:57:00.000Z", "private": false, "disabled": false, "gated": false, "tags": ["region:us"], "downloads": 0, "likes": 0, "siblings": [{"rfilename": ".gitattributes"}, {"rfilename": "Anys.ckpt"}, {"rfilename": "README.md"}], "spaces": [], "createdAt": "2023-01-28T20:17:10.000Z", "inferenceStatus": "not-loaded"}