{"_id": "65dc390ec8df3e13632a8173", "id": "Ba2han/Cucumber-7b-10k", "modelId": "Ba2han/Cucumber-7b-10k", "author": "Ba2han", "sha": "137a42ed37aa261f95b99ccd0f91952bc7656e1e", "lastModified": "2024-02-26T17:02:21.000Z", "private": false, "disabled": false, "gated": false, "pipeline_tag": "text-generation", "tags": ["transformers", "safetensors", "mistral", "text-generation", "conversational", "dataset:HuggingFaceH4/no_robots", "dataset:Ba2han/Reddit-instruct-curated_rated-1.2k", "dataset:Ba2han/databricks-dolly_rated", "dataset:Open-Orca/OpenOrca", "license:cc-by-4.0", "autotrain_compatible", "text-generation-inference", "endpoints_compatible", "region:us"], "downloads": 585, "library_name": "transformers", "widgetData": [{"text": "Hey my name is Julien! How are you?"}, {"text": "Hey my name is Thomas! How are you?"}, {"text": "Hey my name is Mariama! How are you?"}, {"text": "Hey my name is Clara! How are you?"}, {"text": "Hey my name is Julien! How are you?"}, {"text": "Hi."}], "likes": 0, "model-index": null, "config": {"architectures": ["MistralForCausalLM"], "model_type": "mistral", "tokenizer_config": {"bos_token": "<s>", "chat_template": "{%- set ns = namespace(found=false) -%}{%- for message in messages -%}{%- if message['role'] == 'system' -%}{%- set ns.found = true -%}{%- endif -%}{%- endfor -%}{%- if not ns.found -%}{{- '<|im_start|>system\n' + 'You are an assistant. Take a deep breath, think step by step and help the user.' + '<|im_end|>\n' -}}{%- endif %}{%- for message in messages %}{%- if message['role'] == 'system' -%}{{- '<|im_start|>system\n' + message['content'] + '<|im_end|>\n' -}}{%- else -%}{%- if message['role'] == 'user' -%}{{-'<|im_start|>user\n' + message['content'] + '<|im_end|>\n<|im_start|>'-}}{%- else -%}{{-'assistant\n' + message['content'] + '<|im_end|>\n' -}}{%- endif -%}{%- endif -%}{%- endfor -%}{%- if add_generation_prompt -%}{{-'assistant\n'-}}{%- endif -%}", "eos_token": "<|im_end|>", "pad_token": "</s>", "unk_token": "<unk>", "use_default_system_prompt": false}}, "cardData": {"license": "cc-by-4.0", "datasets": ["HuggingFaceH4/no_robots", "Ba2han/Reddit-instruct-curated_rated-1.2k", "Ba2han/databricks-dolly_rated", "Open-Orca/OpenOrca"]}, "transformersInfo": {"auto_model": "AutoModelForCausalLM", "pipeline_tag": "text-generation", "processor": "AutoTokenizer"}, "siblings": [{"rfilename": ".gitattributes"}, {"rfilename": "README.md"}, {"rfilename": "added_tokens.json"}, {"rfilename": "config.json"}, {"rfilename": "generation_config.json"}, {"rfilename": "model-00001-of-00003.safetensors"}, {"rfilename": "model-00002-of-00003.safetensors"}, {"rfilename": "model-00003-of-00003.safetensors"}, {"rfilename": "model.safetensors.index.json"}, {"rfilename": "special_tokens_map.json"}, {"rfilename": "tokenizer.json"}, {"rfilename": "tokenizer.model"}, {"rfilename": "tokenizer_config.json"}], "spaces": [], "createdAt": "2024-02-26T07:09:02.000Z", "safetensors": {"parameters": {"BF16": 7241748480}, "total": 7241748480}, "inferenceStatus": "not-loaded"}