{"_id": "6616566547ea63479740667b", "id": "Ba2han/BioMistral-v0.2", "modelId": "Ba2han/BioMistral-v0.2", "author": "Ba2han", "sha": "0eeda98c471b25e2ac29e675cca5f77aabe8061b", "lastModified": "2024-04-10T09:57:23.000Z", "private": false, "disabled": false, "gated": false, "pipeline_tag": "text-generation", "tags": ["transformers", "safetensors", "mistral", "text-generation", "conversational", "dataset:camel-ai/biology", "license:cc-by-4.0", "autotrain_compatible", "text-generation-inference", "endpoints_compatible", "region:us"], "downloads": 1, "library_name": "transformers", "widgetData": [{"text": "Hey my name is Julien! How are you?"}, {"text": "Hey my name is Thomas! How are you?"}, {"text": "Hey my name is Mariama! How are you?"}, {"text": "Hey my name is Clara! How are you?"}, {"text": "Hey my name is Julien! How are you?"}, {"text": "Hi."}], "likes": 0, "model-index": null, "config": {"architectures": ["MistralForCausalLM"], "model_type": "mistral", "tokenizer_config": {"bos_token": "<s>", "chat_template": "{%- set ns = namespace(found=false) -%}{%- for message in messages -%}{%- if message['role'] == 'system' -%}{%- set ns.found = true -%}{%- endif -%}{%- endfor -%}{%- if not ns.found -%}{{- '[Context]\n' + 'You are an assistant. Read the instruction and write a response accordingly.' + '\n\n' -}}{%- endif %}{%- for message in messages %}{%- if message['role'] == 'system' -%}{{- '[Context]\n' + message['content'] +'\n\n' -}}{%- else -%}{%- if message['role'] == 'user' -%}{{-'[User]\n' + message['content'] + '\n\n'-}}{%- else -%}{{-'[Assistant]\n' + message['content'] + '</s>' + '\n\n' -}}{%- endif -%}{%- endif -%}{%- endfor -%}{%- if add_generation_prompt -%}{{-'[Response]\n'-}}{%- endif -%}", "eos_token": "</s>", "pad_token": "<unk>", "unk_token": "<unk>", "use_default_system_prompt": false}}, "cardData": {"license": "cc-by-4.0", "datasets": ["camel-ai/biology"]}, "transformersInfo": {"auto_model": "AutoModelForCausalLM", "pipeline_tag": "text-generation", "processor": "AutoTokenizer"}, "siblings": [{"rfilename": ".gitattributes"}, {"rfilename": "README.md"}, {"rfilename": "config.json"}, {"rfilename": "generation_config.json"}, {"rfilename": "model-00001-of-00003.safetensors"}, {"rfilename": "model-00002-of-00003.safetensors"}, {"rfilename": "model-00003-of-00003.safetensors"}, {"rfilename": "model.safetensors.index.json"}, {"rfilename": "special_tokens_map.json"}, {"rfilename": "tokenizer.json"}, {"rfilename": "tokenizer.model"}, {"rfilename": "tokenizer_config.json"}], "spaces": [], "createdAt": "2024-04-10T09:05:41.000Z", "safetensors": {"parameters": {"BF16": 7241732096}, "total": 7241732096}, "inferenceStatus": "not-loaded"}