{"_id": "65b1e52d14031ba2016c163f", "id": "ba8im/phi-2-bash", "modelId": "ba8im/phi-2-bash", "author": "ba8im", "sha": "98b055bd39d17f9cc025f20c353f8fe810592310", "lastModified": "2024-01-27T02:33:32.000Z", "private": false, "disabled": false, "gated": false, "pipeline_tag": "text-generation", "tags": ["transformers", "safetensors", "phi", "text-generation", "autotrain", "custom_code", "license:other", "autotrain_compatible", "text-generation-inference", "endpoints_compatible", "region:us"], "downloads": 1, "library_name": "transformers", "widgetData": [{"text": "I love AutoTrain because "}], "likes": 0, "model-index": null, "config": {"architectures": ["PhiForCausalLM"], "auto_map": {"AutoConfig": "configuration_phi.PhiConfig", "AutoModelForCausalLM": "modeling_phi.PhiForCausalLM"}, "model_type": "phi", "tokenizer_config": {"bos_token": "<|endoftext|>", "eos_token": "<|endoftext|>", "pad_token": "<|endoftext|>", "unk_token": "<|endoftext|>"}}, "cardData": {"tags": ["autotrain", "text-generation"], "widget": [{"text": "I love AutoTrain because "}], "license": "other"}, "transformersInfo": {"auto_model": "AutoModelForCausalLM", "pipeline_tag": "text-generation", "processor": "AutoTokenizer"}, "siblings": [{"rfilename": ".gitattributes"}, {"rfilename": "README.md"}, {"rfilename": "adapter_config.json"}, {"rfilename": "adapter_model.safetensors"}, {"rfilename": "added_tokens.json"}, {"rfilename": "checkpoint-6/README.md"}, {"rfilename": "checkpoint-6/adapter_config.json"}, {"rfilename": "checkpoint-6/adapter_model.safetensors"}, {"rfilename": "checkpoint-6/added_tokens.json"}, {"rfilename": "checkpoint-6/merges.txt"}, {"rfilename": "checkpoint-6/optimizer.pt"}, {"rfilename": "checkpoint-6/pytorch_model.bin"}, {"rfilename": "checkpoint-6/rng_state.pth"}, {"rfilename": "checkpoint-6/scheduler.pt"}, {"rfilename": "checkpoint-6/special_tokens_map.json"}, {"rfilename": "checkpoint-6/tokenizer.json"}, {"rfilename": "checkpoint-6/tokenizer_config.json"}, {"rfilename": "checkpoint-6/trainer_state.json"}, {"rfilename": "checkpoint-6/training_args.bin"}, {"rfilename": "checkpoint-6/vocab.json"}, {"rfilename": "config.json"}, {"rfilename": "handler.py"}, {"rfilename": "merges.txt"}, {"rfilename": "requirements.txt"}, {"rfilename": "special_tokens_map.json"}, {"rfilename": "tokenizer.json"}, {"rfilename": "tokenizer_config.json"}, {"rfilename": "training_args.bin"}, {"rfilename": "training_params.json"}, {"rfilename": "vocab.json"}], "spaces": [], "createdAt": "2024-01-25T04:35:57.000Z", "inferenceStatus": "not-loaded"}