{"_id": "65d45e0e2af7a199b8052598", "id": "ba8im/phi-2-bash-v1", "modelId": "ba8im/phi-2-bash-v1", "author": "ba8im", "sha": "44bdc07fea07655c36928211e33e26fb7bd72993", "lastModified": "2024-02-20T08:36:30.000Z", "private": false, "disabled": false, "gated": false, "pipeline_tag": "text-generation", "tags": ["mlx", "safetensors", "phi", "nlp", "code", "text-generation", "custom_code", "en", "license:mit", "region:us"], "downloads": 1, "library_name": "mlx", "widgetData": [{"text": "My name is Julien and I like to"}, {"text": "My name is Thomas and my main"}, {"text": "My name is Mariama, my favorite"}, {"text": "My name is Clara and I am"}, {"text": "My name is Lewis and I like to"}, {"text": "My name is Merve and my favorite"}, {"text": "My name is Teven and I am"}, {"text": "Once upon a time,"}], "likes": 0, "model-index": null, "config": {"architectures": ["PhiForCausalLM"], "auto_map": {"AutoConfig": "configuration_phi.PhiConfig", "AutoModelForCausalLM": "modeling_phi.PhiForCausalLM"}, "model_type": "phi", "tokenizer_config": {"bos_token": "<|endoftext|>", "eos_token": "<|endoftext|>", "unk_token": "<|endoftext|>"}}, "cardData": {"language": ["en"], "license": "mit", "tags": ["nlp", "code", "mlx"], "license_link": "https://huggingface.co/microsoft/phi-2/resolve/main/LICENSE", "pipeline_tag": "text-generation"}, "siblings": [{"rfilename": ".gitattributes"}, {"rfilename": "README.md"}, {"rfilename": "added_tokens.json"}, {"rfilename": "config.json"}, {"rfilename": "configuration_phi.py"}, {"rfilename": "merges.txt"}, {"rfilename": "model.safetensors"}, {"rfilename": "model.safetensors.index.json"}, {"rfilename": "modeling_phi.py"}, {"rfilename": "special_tokens_map.json"}, {"rfilename": "tokenizer.json"}, {"rfilename": "tokenizer_config.json"}, {"rfilename": "vocab.json"}], "spaces": [], "createdAt": "2024-02-20T08:08:46.000Z", "safetensors": {"parameters": {"F16": 214768640, "U32": 330956800}, "total": 545725440}, "inferenceStatus": "not-loaded"}