{"_id": "6655a46ebb6e96974bcba1a6", "id": "Ba96/fghxc", "modelId": "Ba96/fghxc", "author": "Ba96", "sha": "02dc701c60279c87b5d005417dafeb355384003b", "lastModified": "2024-06-12T05:10:59.000Z", "private": false, "disabled": false, "gated": false, "tags": ["region:us"], "downloads": 0, "likes": 0, "siblings": [{"rfilename": ".gitattributes"}, {"rfilename": "AnimagineXL-31.safetensors"}, {"rfilename": "BB95FurryMix12-1.safetensors"}, {"rfilename": "BB95FurryMix12.safetensors"}, {"rfilename": "BrickAndMortarMix.safetensors"}, {"rfilename": "epicphotogasm_ultimateFidelity.safetensors"}, {"rfilename": "epicrealism_naturalSinRC1VAE.safetensors"}, {"rfilename": "furceptionVAEV10By_v10.safetensors"}, {"rfilename": "furception_vae_1-0.safetensors"}, {"rfilename": "indigoFurryMix_se01Vpred.safetensors"}, {"rfilename": "indigoFurryMix_se01Vpred.yaml"}, {"rfilename": "indigoFurryMix_se02Vpred.safetensors"}, {"rfilename": "indigoFurryMix_se02Vpred.yaml"}, {"rfilename": "niji100.safetensors"}, {"rfilename": "niji70.safetensors"}, {"rfilename": "sdxl_vae.safetensors"}, {"rfilename": "sevensMixFurryModel_7thmixV2OrangebakeS.safetensors"}, {"rfilename": "yiffymix_v37.safetensors"}, {"rfilename": "yiffymix_v43.safetensors"}, {"rfilename": "yiffymix_v43.yaml"}, {"rfilename": "yiffymix_v44.safetensors"}, {"rfilename": "yiffymix_v44.yaml"}], "spaces": [], "createdAt": "2024-05-28T09:31:26.000Z", "inferenceStatus": "not-loaded"}