{"_id": "66305622d2f21fa96c1f3559", "id": "baaaaaaaam/v1", "modelId": "baaaaaaaam/v1", "author": "baaaaaaaam", "sha": "66a123df481b3d5c73cf586b09b3fe1ea1251960", "lastModified": "2024-05-02T01:45:52.000Z", "private": false, "disabled": false, "gated": false, "tags": ["transformers", "safetensors", "arxiv:1910.09700", "endpoints_compatible", "region:us"], "downloads": 0, "library_name": "transformers", "likes": 0, "model-index": null, "config": {"tokenizer_config": {"eos_token": "<|endoftext|>", "pad_token": "<|endoftext|>"}}, "cardData": {"library_name": "transformers", "tags": []}, "transformersInfo": {"auto_model": "AutoModel"}, "siblings": [{"rfilename": ".gitattributes"}, {"rfilename": "README.md"}, {"rfilename": "adapter_config.json"}, {"rfilename": "adapter_model.safetensors"}, {"rfilename": "special_tokens_map.json"}, {"rfilename": "tokenizer.json"}, {"rfilename": "tokenizer_config.json"}], "spaces": [], "createdAt": "2024-04-30T02:23:30.000Z", "inferenceStatus": "not-loaded"}