{"_id": "657a630dc222807b36e7fc68", "id": "BAAI/tokenize-anything", "modelId": "BAAI/tokenize-anything", "author": "BAAI", "sha": "0bd857fb5d2e7725b7839bae578a285eebb1a2f8", "lastModified": "2024-05-28T03:11:06.000Z", "private": false, "disabled": false, "gated": false, "pipeline_tag": "image-to-text", "tags": ["image-to-text", "arxiv:2312.09128", "license:apache-2.0", "region:us"], "downloads": 0, "likes": 13, "model-index": null, "cardData": {"license": "apache-2.0", "pipeline_tag": "image-to-text"}, "siblings": [{"rfilename": ".gitattributes"}, {"rfilename": ".gitignore"}, {"rfilename": "LICENSE"}, {"rfilename": "README.md"}, {"rfilename": "concepts/coco_80.pkl"}, {"rfilename": "concepts/lvis_1203.pkl"}, {"rfilename": "concepts/merged_2560.pkl"}, {"rfilename": "models/tap_vit_b_v1_0.pkl"}, {"rfilename": "models/tap_vit_b_v1_1.pkl"}, {"rfilename": "models/tap_vit_h_v1_1.pkl"}, {"rfilename": "models/tap_vit_l_v1_0.pkl"}, {"rfilename": "models/tap_vit_l_v1_1.pkl"}], "spaces": [], "createdAt": "2023-12-14T02:06:05.000Z", "inferenceStatus": "not-loaded"}