{"_id": "64ce024ac9d00e3847b430e3", "id": "BAAI/bge-small-zh", "modelId": "BAAI/bge-small-zh", "author": "BAAI", "sha": "1d2363c5de6ce9ba9c890c8e23a4c72dce540ca8", "lastModified": "2023-10-12T03:37:29.000Z", "private": false, "disabled": false, "gated": false, "pipeline_tag": "feature-extraction", "tags": ["transformers", "pytorch", "bert", "feature-extraction", "zh", "arxiv:2310.07554", "arxiv:2309.07597", "license:mit", "text-embeddings-inference", "endpoints_compatible", "region:us"], "downloads": 2915, "library_name": "transformers", "mask_token": "[MASK]", "likes": 18, "model-index": null, "config": {"architectures": ["BertModel"], "model_type": "bert", "tokenizer_config": {"cls_token": "[CLS]", "mask_token": "[MASK]", "pad_token": "[PAD]", "sep_token": "[SEP]", "unk_token": "[UNK]"}}, "cardData": {"license": "mit", "language": ["zh"]}, "transformersInfo": {"auto_model": "AutoModel", "pipeline_tag": "feature-extraction", "processor": "AutoTokenizer"}, "siblings": [{"rfilename": ".gitattributes"}, {"rfilename": "1_Pooling/config.json"}, {"rfilename": "README.md"}, {"rfilename": "config.json"}, {"rfilename": "config_sentence_transformers.json"}, {"rfilename": "modules.json"}, {"rfilename": "pytorch_model.bin"}, {"rfilename": "sentence_bert_config.json"}, {"rfilename": "special_tokens_map.json"}, {"rfilename": "tokenizer.json"}, {"rfilename": "tokenizer_config.json"}, {"rfilename": "vocab.txt"}], "spaces": ["Zulelee/langchain-chatchat"], "createdAt": "2023-08-05T08:03:22.000Z", "inferenceStatus": "not-loaded"}