{"_id": "64ca0e2fd33e6a7f82d1ef25", "id": "BAAI/bge-large-zh-noinstruct", "modelId": "BAAI/bge-large-zh-noinstruct", "author": "BAAI", "sha": "18bfe163a26b51512f0fa9e3cb0bcaf6a13fdd4e", "lastModified": "2023-10-12T03:37:57.000Z", "private": false, "disabled": false, "gated": false, "pipeline_tag": "feature-extraction", "tags": ["transformers", "pytorch", "bert", "feature-extraction", "zh", "arxiv:2310.07554", "arxiv:2309.07597", "license:mit", "text-embeddings-inference", "endpoints_compatible", "region:us"], "downloads": 61, "library_name": "transformers", "mask_token": "[MASK]", "likes": 11, "model-index": null, "config": {"architectures": ["BertModel"], "model_type": "bert", "tokenizer_config": {"cls_token": "[CLS]", "mask_token": "[MASK]", "pad_token": "[PAD]", "sep_token": "[SEP]", "unk_token": "[UNK]"}}, "cardData": {"license": "mit", "language": ["zh"]}, "transformersInfo": {"auto_model": "AutoModel", "pipeline_tag": "feature-extraction", "processor": "AutoTokenizer"}, "siblings": [{"rfilename": ".gitattributes"}, {"rfilename": "1_Pooling/config.json"}, {"rfilename": "README.md"}, {"rfilename": "config.json"}, {"rfilename": "config_sentence_transformers.json"}, {"rfilename": "modules.json"}, {"rfilename": "pytorch_model.bin"}, {"rfilename": "sentence_bert_config.json"}, {"rfilename": "special_tokens_map.json"}, {"rfilename": "tokenizer.json"}, {"rfilename": "tokenizer_config.json"}, {"rfilename": "vocab.txt"}], "spaces": ["abidlabs/mteb-leaderboard", "Zulelee/langchain-chatchat"], "createdAt": "2023-08-02T08:05:03.000Z", "inferenceStatus": "not-loaded"}