{"_id": "637305e2112fb535baf2f0be", "id": "BAAI/AltCLIP", "modelId": "BAAI/AltCLIP", "author": "BAAI", "sha": "b989a7bc9f73809acc4df8265e63174c74791ba6", "lastModified": "2022-12-26T01:28:32.000Z", "private": false, "disabled": false, "gated": false, "pipeline_tag": "text-to-image", "tags": ["transformers", "pytorch", "altclip", "zero-shot-image-classification", "stable-diffusion", "stable-diffusion-diffusers", "text-to-image", "bilingual", "en", "English", "zh", "Chinese", "arxiv:2211.06679", "license:creativeml-openrail-m", "region:us"], "downloads": 5690, "library_name": "transformers", "likes": 27, "model-index": null, "config": {"architectures": ["AltCLIPModel"], "model_type": "altclip", "tokenizer_config": {"bos_token": "<s>", "cls_token": "<s>", "eos_token": "</s>", "mask_token": {"__type": "AddedToken", "content": "<mask>", "lstrip": true, "normalized": true, "rstrip": false, "single_word": false}, "pad_token": "<pad>", "sep_token": "</s>", "unk_token": "<unk>"}}, "cardData": {"language": "zh", "license": "creativeml-openrail-m", "tags": ["stable-diffusion", "stable-diffusion-diffusers", "text-to-image", "bilingual", "en", "English", "zh", "Chinese"], "inference": false, "extra_gated_prompt": "One more step before getting this model.\nThis model is open access and available to all, with a CreativeML OpenRAIL-M license further specifying rights and usage.\nThe CreativeML OpenRAIL License specifies: \n\n1. You can't use the model to deliberately produce nor share illegal or harmful outputs or content \n2. BAAI claims no rights on the outputs you generate, you are free to use them and are accountable for their use which must not go against the provisions set in the license\n3. You may re-distribute the weights and use the model commercially and/or as a service. If you do, please be aware you have to include the same use restrictions as the ones in the license and share a copy of the CreativeML OpenRAIL-M to all your users (please read the license entirely and carefully)\nPlease read the full license here: https://huggingface.co/spaces/CompVis/stable-diffusion-license\n\nBy clicking on \"Access repository\" below, you accept that your *contact information* (email address and username) can be shared with the model authors as well.", "extra_gated_fields": {"I have read the License and agree with its terms": "checkbox"}}, "transformersInfo": {"auto_model": "AutoModelForZeroShotImageClassification", "pipeline_tag": "zero-shot-image-classification", "processor": "AutoProcessor"}, "siblings": [{"rfilename": ".gitattributes"}, {"rfilename": ".gitignore"}, {"rfilename": "README.md"}, {"rfilename": "config.json"}, {"rfilename": "preprocessor_config.json"}, {"rfilename": "pytorch_model.bin"}, {"rfilename": "sentencepiece.bpe.model"}, {"rfilename": "special_tokens_map.json"}, {"rfilename": "tokenizer.json"}, {"rfilename": "tokenizer_config.json"}], "spaces": ["ennov8ion/3dart-Models", "ennov8ion/comicbook-models", "Nymbo/image_gen_supaqueue", "mindtube/Diffusion50XX", "ennov8ion/stablediffusion-models", "Dagfinn1962/stablediffusion-articlera", "ennov8ion/Scifi-Models", "ennov8ion/semirealistic-models", "ennov8ion/FantasyArt-Models", "ennov8ion/dreamlike-models", "noes14155/img_All_models", "AnimeStudio/anime-models", "Dagfinn1962/stablediffusion-members", "mindtube/maximum_multiplier_places", "pikto/Elite-Scifi-Models", "PixelistStudio/3dart-Models", "ennov8ion/anime-models", "johko/qdrant_multimodal_search", "ennov8ion/Landscapes-models", "ennov8ion/art-models", "ennov8ion/photo-models", "ennov8ion/art-multi", "ennov8ion/abstractart-models", "ennov8ion/Scifiart-Models", "ennov8ion/interior-models", "ennov8ion/room-interior-models", "flatindo/all-models", "flatindo/img_All_models", "GAIneZis/FantasyArt-Models", "ennov8ion/picasso-diffusion", "ennov8ion/anime-multi", "ennov8ion/photo-multi", "ennov8ion/anime-new-models", "ennov8ion/anime-multi-new-models", "Ashrafb/comicbook-models", "K00B404/stablediffusion-portal"], "createdAt": "2022-11-15T03:22:10.000Z", "inferenceStatus": "not-loaded"}