{"_id": "66690fefaf9b9a66f091004e", "id": "BAAI/AquilaMed-RL", "modelId": "BAAI/AquilaMed-RL", "author": "BAAI", "sha": "0f4f1a313cf8c6dd0062a2a47986713ce4922a92", "lastModified": "2024-06-21T06:13:47.000Z", "private": false, "disabled": false, "gated": false, "pipeline_tag": "text-generation", "tags": ["transformers", "safetensors", "aquila3", "text-generation", "conversational", "custom_code", "dataset:BAAI/AquilaMed-Instruct", "dataset:BAAI/AquilaMed-RL", "arxiv:2406.12182", "license:other", "autotrain_compatible", "endpoints_compatible", "region:us"], "downloads": 27, "library_name": "transformers", "widgetData": [{"text": "Hey my name is Julien! How are you?"}, {"text": "Hey my name is Thomas! How are you?"}, {"text": "Hey my name is Mariama! How are you?"}, {"text": "Hey my name is Clara! How are you?"}, {"text": "Hey my name is Julien! How are you?"}, {"text": "Hi."}], "likes": 6, "model-index": null, "config": {"architectures": ["AquilaForCausalLM"], "auto_map": {"AutoConfig": "configuration_llama.LlamaConfig", "AutoModel": "modeling_llama.LlamaForCausalLM", "AutoModelForCausalLM": "modeling_llama.LlamaForCausalLM"}, "model_type": "aquila3", "tokenizer_config": {"bos_token": "<|extra_203|>", "chat_template": "{% set system_message = 'You are a helpful assistant in medical domain.' %}{% if messages[0]['role'] == 'system' %}{% set system_message = messages[0]['content'] %}{% endif %}{% if system_message is defined %}{{ '<|im_start|>system\\n' + system_message + '<|im_end|>\\n' }}{% endif %}{% for message in messages %}{% set content = message['content'] %}{% if message['role'] == 'user' %}{{ '<|im_start|>user\\n' + content + '<|im_end|>\\n<|im_start|>assistant\\n' }}{% elif message['role'] == 'assistant' %}{{ content + '<|im_end|>' + '\\n' }}{% endif %}{% endfor %}", "eos_token": "<|im_end|>", "pad_token": "<|endoftext|>", "unk_token": "<|endoftext|>"}}, "cardData": {"license": "other", "datasets": ["BAAI/AquilaMed-Instruct", "BAAI/AquilaMed-RL"]}, "transformersInfo": {"auto_model": "AutoModelForCausalLM", "pipeline_tag": "text-generation"}, "siblings": [{"rfilename": ".gitattributes"}, {"rfilename": "BAAI-Aquila-Model-License -Agreement.pdf"}, {"rfilename": "README.md"}, {"rfilename": "config.json"}, {"rfilename": "configuration_llama.py"}, {"rfilename": "generation_config.json"}, {"rfilename": "img/.DS_Store"}, {"rfilename": "img/eval-result-med.png"}, {"rfilename": "img/eval-result.jpeg"}, {"rfilename": "img/pipeline.png"}, {"rfilename": "img/pipline_2.jpg"}, {"rfilename": "img/pipline_2.pdf"}, {"rfilename": "latest"}, {"rfilename": "model-00001-of-00004.safetensors"}, {"rfilename": "model-00002-of-00004.safetensors"}, {"rfilename": "model-00003-of-00004.safetensors"}, {"rfilename": "model-00004-of-00004.safetensors"}, {"rfilename": "model.safetensors.index.json"}, {"rfilename": "modeling_llama.py"}, {"rfilename": "qwen.tiktoken"}, {"rfilename": "special_tokens_map.json"}, {"rfilename": "tokenization_qwen.py"}, {"rfilename": "tokenizer_config.json"}, {"rfilename": "trainer_state.json"}, {"rfilename": "training_args.bin"}, {"rfilename": "zero_to_fp32.py"}], "spaces": ["zhuzzit/BAAI-AquilaMed-RL"], "createdAt": "2024-06-12T03:03:11.000Z", "safetensors": {"parameters": {"BF16": 8223748096}, "total": 8223748096}, "inferenceStatus": "not-loaded"}