{"_id": "652781654e0662402ca73705", "id": "BAAI/Aquila2-34B", "modelId": "BAAI/Aquila2-34B", "author": "BAAI", "sha": "f985e269f5d8c9ab418c50d2a8829e88b189382c", "lastModified": "2024-06-07T07:58:22.000Z", "private": false, "disabled": false, "gated": false, "pipeline_tag": "text-generation", "tags": ["transformers", "safetensors", "aquila", "text-generation", "conversational", "custom_code", "license:other", "autotrain_compatible", "region:us"], "downloads": 3490, "library_name": "transformers", "widgetData": [{"text": "Hey my name is Julien! How are you?"}, {"text": "Hey my name is Thomas! How are you?"}, {"text": "Hey my name is Mariama! How are you?"}, {"text": "Hey my name is Clara! How are you?"}, {"text": "Hey my name is Julien! How are you?"}, {"text": "Hi."}], "likes": 18, "model-index": null, "config": {"architectures": ["AquilaForCausalLM"], "auto_map": {"AutoConfig": "configuration_aquila.AquilaConfig", "AutoModelForCausalLM": "modeling_aquila.AquilaForCausalLM"}, "model_type": "aquila", "tokenizer_config": {"bos_token": "<|begin_of_text|>", "chat_template": "{% set loop_messages = messages %}{% for message in loop_messages %}{% set content = '<|start_header_id|>' + message['role'] + '<|end_header_id|>\n\n'+ message['content'] | trim + '<|eot_id|>' %}{% if loop.index0 == 0 %}{% set content = bos_token + content %}{% endif %}{{ content }}{% endfor %}{{ '<|start_header_id|>assistant<|end_header_id|>\n\n' }}", "eos_token": "<|end_of_text|>", "pad_token": "<|end_of_text|>"}}, "cardData": {"license": "other"}, "transformersInfo": {"auto_model": "AutoModelForCausalLM", "custom_class": "modeling_aquila.AquilaForCausalLM", "pipeline_tag": "text-generation"}, "siblings": [{"rfilename": ".gitattributes"}, {"rfilename": "BAAI-Aquila-Model-License -Agreement.pdf"}, {"rfilename": "LICENSE"}, {"rfilename": "README.md"}, {"rfilename": "README_zh.md"}, {"rfilename": "config.json"}, {"rfilename": "configuration_aquila.py"}, {"rfilename": "generation_config.json"}, {"rfilename": "log.jpeg"}, {"rfilename": "model-00001-of-00016.safetensors"}, {"rfilename": "model-00002-of-00016.safetensors"}, {"rfilename": "model-00003-of-00016.safetensors"}, {"rfilename": "model-00004-of-00016.safetensors"}, {"rfilename": "model-00005-of-00016.safetensors"}, {"rfilename": "model-00006-of-00016.safetensors"}, {"rfilename": "model-00007-of-00016.safetensors"}, {"rfilename": "model-00008-of-00016.safetensors"}, {"rfilename": "model-00009-of-00016.safetensors"}, {"rfilename": "model-00010-of-00016.safetensors"}, {"rfilename": "model-00011-of-00016.safetensors"}, {"rfilename": "model-00012-of-00016.safetensors"}, {"rfilename": "model-00013-of-00016.safetensors"}, {"rfilename": "model-00014-of-00016.safetensors"}, {"rfilename": "model-00015-of-00016.safetensors"}, {"rfilename": "model-00016-of-00016.safetensors"}, {"rfilename": "model.safetensors.index.json"}, {"rfilename": "modeling_aquila.py"}, {"rfilename": "special_tokens_map.json"}, {"rfilename": "tokenizer.json"}, {"rfilename": "tokenizer_config.json"}], "spaces": ["eduagarcia/open_pt_llm_leaderboard"], "createdAt": "2023-10-12T05:17:25.000Z", "safetensors": {"parameters": {"F32": 18243090432}, "total": 18243090432}, "inferenceStatus": "not-loaded"}