{"_id": "64263621973402b9bd1d3cbf", "id": "BAAI/AltDiffusion-m18", "modelId": "BAAI/AltDiffusion-m18", "author": "BAAI", "sha": "b3c429d6aa48346ab421ea314375d4a10b9b66e9", "lastModified": "2023-10-02T10:12:24.000Z", "private": false, "disabled": false, "gated": false, "tags": ["diffusers", "arxiv:2308.09991", "diffusers:AltDiffusionPipeline", "region:us"], "downloads": 25, "library_name": "diffusers", "likes": 28, "config": {"diffusers": {"_class_name": "AltDiffusionPipeline"}}, "siblings": [{"rfilename": ".gitattributes"}, {"rfilename": "README.md"}, {"rfilename": "feature_extractor/preprocessor_config.json"}, {"rfilename": "imgs/boy.SVG"}, {"rfilename": "imgs/boy.png"}, {"rfilename": "imgs/chinese_samples.png"}, {"rfilename": "imgs/chinese_samples.svg"}, {"rfilename": "imgs/corgi_dog.SVG"}, {"rfilename": "imgs/corgi_dog.png"}, {"rfilename": "imgs/long1.SVG"}, {"rfilename": "imgs/long2.SVG"}, {"rfilename": "imgs/model.png"}, {"rfilename": "m18.ckpt"}, {"rfilename": "model_index.json"}, {"rfilename": "safety_checker/config.json"}, {"rfilename": "safety_checker/pytorch_model.bin"}, {"rfilename": "scheduler/scheduler_config.json"}, {"rfilename": "text_encoder/config.json"}, {"rfilename": "text_encoder/pytorch_model.bin"}, {"rfilename": "tokenizer/sentencepiece.bpe.model"}, {"rfilename": "tokenizer/special_tokens_map.json"}, {"rfilename": "tokenizer/tokenizer_config.json"}, {"rfilename": "unet/config.json"}, {"rfilename": "unet/diffusion_pytorch_model.bin"}, {"rfilename": "vae/config.json"}, {"rfilename": "vae/diffusion_pytorch_model.bin"}], "spaces": [], "createdAt": "2023-03-31T01:23:45.000Z", "inferenceStatus": "not-loaded"}