{"_id": "637348d6250cf1379bb9a816", "id": "BAAI/AltDiffusion", "modelId": "BAAI/AltDiffusion", "author": "BAAI", "sha": "42b9d8b2c451594f05f720806af741b37e39ae8d", "lastModified": "2023-08-23T05:24:20.000Z", "private": false, "disabled": false, "gated": false, "pipeline_tag": "text-to-image", "tags": ["diffusers", "stable-diffusion", "stable-diffusion-diffusers", "text-to-image", "bilingual", "zh", "Chinese", "en", "English", "arxiv:2211.06679", "arxiv:2308.09991", "license:creativeml-openrail-m", "diffusers:AltDiffusionPipeline", "region:us"], "downloads": 42, "library_name": "diffusers", "likes": 57, "model-index": null, "config": {"diffusers": {"_class_name": "AltDiffusionPipeline"}}, "cardData": {"language": "zh", "license": "creativeml-openrail-m", "tags": ["stable-diffusion", "stable-diffusion-diffusers", "text-to-image", "bilingual", "zh", "Chinese", "en", "English"], "extra_gated_prompt": "This model is open access and available to all, with a CreativeML OpenRAIL-M license further specifying rights and usage.\nThe CreativeML OpenRAIL License specifies: \n1. You can't use the model to deliberately produce nor share illegal or harmful outputs or content \n2. The authors claim no rights on the outputs you generate, you are free to use them and are accountable for their use which must not go against the provisions set in the license\n3. You may re-distribute the weights and use the model commercially and/or as a service. If you do, please be aware you have to include the same use restrictions as the ones in the license and share a copy of the CreativeML OpenRAIL-M to all your users (please read the license entirely and carefully)\nPlease read the full license carefully here: https://huggingface.co/spaces/CompVis/stable-diffusion-license\n    ", "extra_gated_heading": "Please read the LICENSE to access this model"}, "siblings": [{"rfilename": ".gitattributes"}, {"rfilename": ".gitignore"}, {"rfilename": "README.md"}, {"rfilename": "feature_extractor/preprocessor_config.json"}, {"rfilename": "model_index.json"}, {"rfilename": "safety_checker/config.json"}, {"rfilename": "safety_checker/model.fp16.safetensors"}, {"rfilename": "safety_checker/pytorch_model.bin"}, {"rfilename": "safety_checker/pytorch_model.fp16.bin"}, {"rfilename": "scheduler/scheduler_config.json"}, {"rfilename": "text_encoder/config.json"}, {"rfilename": "text_encoder/model.fp16.safetensors"}, {"rfilename": "text_encoder/pytorch_model.bin"}, {"rfilename": "text_encoder/pytorch_model.fp16.bin"}, {"rfilename": "tokenizer/sentencepiece.bpe.model"}, {"rfilename": "tokenizer/special_tokens_map.json"}, {"rfilename": "tokenizer/tokenizer_config.json"}, {"rfilename": "unet/config.json"}, {"rfilename": "unet/diffusion_pytorch_model.bin"}, {"rfilename": "unet/diffusion_pytorch_model.fp16.bin"}, {"rfilename": "unet/diffusion_pytorch_model.fp16.safetensors"}, {"rfilename": "vae/config.json"}, {"rfilename": "vae/diffusion_pytorch_model.bin"}, {"rfilename": "vae/diffusion_pytorch_model.fp16.bin"}, {"rfilename": "vae/diffusion_pytorch_model.fp16.safetensors"}], "spaces": ["BAAI/dreambooth-altdiffusion", "uuo/BAAI-Alt001"], "createdAt": "2022-11-15T08:07:50.000Z", "inferenceStatus": "not-loaded"}