{"_id": "6528a18d36b7c441d33134ef", "id": "BAAI/AquilaChat2-34B-16K", "modelId": "BAAI/AquilaChat2-34B-16K", "author": "BAAI", "sha": "a06fd164c7170714924d2881c61c8348425ebc94", "lastModified": "2024-01-10T06:16:37.000Z", "private": false, "disabled": false, "gated": false, "pipeline_tag": "text-generation", "tags": ["transformers", "pytorch", "aquila", "text-generation", "custom_code", "license:other", "autotrain_compatible", "region:us"], "downloads": 12360, "library_name": "transformers", "widgetData": [{"text": "My name is Julien and I like to"}, {"text": "My name is Thomas and my main"}, {"text": "My name is Mariama, my favorite"}, {"text": "My name is Clara and I am"}, {"text": "My name is Lewis and I like to"}, {"text": "My name is Merve and my favorite"}, {"text": "My name is Teven and I am"}, {"text": "Once upon a time,"}], "likes": 24, "model-index": null, "config": {"architectures": ["AquilaForCausalLM"], "auto_map": {"AutoConfig": "configuration_aquila.AquilaConfig", "AutoModelForCausalLM": "modeling_aquila.AquilaForCausalLM"}, "model_type": "aquila", "tokenizer_config": {"bos_token": "[CLS]", "eos_token": "</s>", "unk_token": "<|endoftext|>"}}, "cardData": {"license": "other"}, "transformersInfo": {"auto_model": "AutoModelForCausalLM", "custom_class": "modeling_aquila.AquilaForCausalLM", "pipeline_tag": "text-generation"}, "siblings": [{"rfilename": ".gitattributes"}, {"rfilename": "BAAI-Aquila-Model-License -Agreement.pdf"}, {"rfilename": "LICENSE"}, {"rfilename": "README.md"}, {"rfilename": "README_zh.md"}, {"rfilename": "added_tokens.json"}, {"rfilename": "config.json"}, {"rfilename": "configuration_aquila.py"}, {"rfilename": "generation_config.json"}, {"rfilename": "log.jpeg"}, {"rfilename": "merges.txt"}, {"rfilename": "modeling_aquila.py"}, {"rfilename": "predict.py"}, {"rfilename": "pytorch_model-00001-of-00007.bin"}, {"rfilename": "pytorch_model-00002-of-00007.bin"}, {"rfilename": "pytorch_model-00003-of-00007.bin"}, {"rfilename": "pytorch_model-00004-of-00007.bin"}, {"rfilename": "pytorch_model-00005-of-00007.bin"}, {"rfilename": "pytorch_model-00006-of-00007.bin"}, {"rfilename": "pytorch_model-00007-of-00007.bin"}, {"rfilename": "pytorch_model.bin.index.json"}, {"rfilename": "special_tokens_map.json"}, {"rfilename": "tokenizer.json"}, {"rfilename": "tokenizer_config.json"}, {"rfilename": "vocab.json"}], "spaces": ["iblfe/test"], "createdAt": "2023-10-13T01:46:53.000Z", "inferenceStatus": "not-loaded"}