{"_id": "663b69817d5f1fbe0830c932", "id": "BAAI/Bunny-v1_1-4B", "modelId": "BAAI/Bunny-v1_1-4B", "author": "BAAI", "sha": "2faf1780f240d4fc560d61142160a8562bfb6477", "lastModified": "2024-06-24T13:42:10.000Z", "private": false, "disabled": false, "gated": false, "pipeline_tag": "text-generation", "tags": ["transformers", "safetensors", "bunny-phi3", "text-generation", "conversational", "custom_code", "arxiv:2402.11530", "license:apache-2.0", "autotrain_compatible", "region:us"], "downloads": 472, "library_name": "transformers", "widgetData": [{"text": "Hey my name is Julien! How are you?"}, {"text": "Hey my name is Thomas! How are you?"}, {"text": "Hey my name is Mariama! How are you?"}, {"text": "Hey my name is Clara! How are you?"}, {"text": "Hey my name is Julien! How are you?"}, {"text": "Hi."}], "likes": 23, "model-index": null, "config": {"architectures": ["BunnyPhi3ForCausalLM"], "auto_map": {"AutoConfig": "configuration_bunny_phi3.BunnyPhi3Config", "AutoModelForCausalLM": "modeling_bunny_phi3.BunnyPhi3ForCausalLM"}, "model_type": "bunny-phi3", "tokenizer_config": {"bos_token": "<s>", "chat_template": "{{ bos_token }}{% for message in messages %}{% if (message['role'] == 'user') %}{{'<|user|>' + '\n' + message['content'] + '<|end|>' + '\n' + '<|assistant|>' + '\n'}}{% elif (message['role'] == 'assistant') %}{{message['content'] + '<|end|>' + '\n'}}{% endif %}{% endfor %}", "eos_token": "<|endoftext|>", "pad_token": "<|endoftext|>", "unk_token": "<unk>", "use_default_system_prompt": false}}, "cardData": {"inference": false, "license": "apache-2.0"}, "transformersInfo": {"auto_model": "AutoModelForCausalLM", "custom_class": "modeling_bunny_phi3.BunnyPhi3ForCausalLM", "pipeline_tag": "text-generation"}, "siblings": [{"rfilename": ".gitattributes"}, {"rfilename": "README.md"}, {"rfilename": "added_tokens.json"}, {"rfilename": "comparison.png"}, {"rfilename": "config.json"}, {"rfilename": "configuration_bunny_phi3.py"}, {"rfilename": "generation_config.json"}, {"rfilename": "icon.png"}, {"rfilename": "images/example_1.png"}, {"rfilename": "images/example_2.png"}, {"rfilename": "model-00001-of-00002.safetensors"}, {"rfilename": "model-00002-of-00002.safetensors"}, {"rfilename": "model.safetensors.index.json"}, {"rfilename": "modeling_bunny_phi3.py"}, {"rfilename": "special_tokens_map.json"}, {"rfilename": "tokenizer.json"}, {"rfilename": "tokenizer.model"}, {"rfilename": "tokenizer_config.json"}], "spaces": ["BoZhaoHuggingFace/Bunny"], "createdAt": "2024-05-08T12:01:05.000Z", "safetensors": {"parameters": {"F16": 4269039680}, "total": 4269039680}, "inferenceStatus": "not-loaded"}