{"_id": "65c051f8e53307899362de72", "id": "BAAI/bunny-pretrain-phi-2-siglip", "modelId": "BAAI/bunny-pretrain-phi-2-siglip", "author": "BAAI", "sha": "a31864edd4e3e14547c74e6fa42d150079be4d48", "lastModified": "2024-02-13T14:04:14.000Z", "private": false, "disabled": false, "gated": false, "pipeline_tag": "text-generation", "tags": ["transformers", "bunny-phi", "text-generation", "license:apache-2.0", "autotrain_compatible", "region:us"], "downloads": 3, "library_name": "transformers", "widgetData": [{"text": "My name is Julien and I like to"}, {"text": "My name is Thomas and my main"}, {"text": "My name is Mariama, my favorite"}, {"text": "My name is Clara and I am"}, {"text": "My name is Lewis and I like to"}, {"text": "My name is Merve and my favorite"}, {"text": "My name is Teven and I am"}, {"text": "Once upon a time,"}], "likes": 6, "model-index": null, "config": {"architectures": ["PhiForCausalLM"], "model_type": "bunny-phi"}, "cardData": {"inference": false, "license": "apache-2.0"}, "transformersInfo": {"auto_model": "AutoModelForCausalLM", "pipeline_tag": "text-generation"}, "siblings": [{"rfilename": ".gitattributes"}, {"rfilename": "README.md"}, {"rfilename": "config.json"}, {"rfilename": "mm_projector.bin"}, {"rfilename": "trainer_state.json"}], "spaces": [], "createdAt": "2024-02-05T03:11:52.000Z", "inferenceStatus": "not-loaded"}