{"_id": "64b73cecbdf378973076d1ad", "id": "BAAI/AquilaCode-multi", "modelId": "BAAI/AquilaCode-multi", "author": "BAAI", "sha": "fa5b695f492757daf7e58bb7c13110b46e5973fc", "lastModified": "2023-07-24T00:47:10.000Z", "private": false, "disabled": false, "gated": false, "tags": ["transformers", "pytorch", "aquila", "custom_code", "license:other", "endpoints_compatible", "region:us"], "downloads": 6, "library_name": "transformers", "likes": 3, "model-index": null, "config": {"model_type": "aquila", "architectures": ["AquilaModel"], "auto_map": {"AutoConfig": "configuration_aquila.AquilaConfig", "AutoModelForCausalLM": "modeling_aquila.AquilaForCausalLM"}, "tokenizer_config": {"bos_token": "<|endoftext|>", "eos_token": "<|endoftext|>", "unk_token": "<|endoftext|>"}}, "cardData": {"license": "other"}, "transformersInfo": {"auto_model": "AutoModel"}, "siblings": [{"rfilename": ".gitattributes"}, {"rfilename": "BAAI Aquila Model License Agreement.pdf"}, {"rfilename": "README.md"}, {"rfilename": "README_zh.md"}, {"rfilename": "change_log.log"}, {"rfilename": "config.json"}, {"rfilename": "configuration_aquila.py"}, {"rfilename": "cyg_conversation.py"}, {"rfilename": "generation_config.json"}, {"rfilename": "log.jpeg"}, {"rfilename": "merges.txt"}, {"rfilename": "modeling_aquila.py"}, {"rfilename": "pytorch_model-00001-of-00002.bin"}, {"rfilename": "pytorch_model-00002-of-00002.bin"}, {"rfilename": "pytorch_model.bin.index.json"}, {"rfilename": "tokenizer.json"}, {"rfilename": "tokenizer_config.json"}, {"rfilename": "vocab.json"}], "spaces": [], "createdAt": "2023-07-19T01:31:24.000Z", "inferenceStatus": "not-loaded"}