{"_id": "65f58be05f27918caf1237fe", "id": "BAAI/bge-reranker-v2-gemma", "modelId": "BAAI/bge-reranker-v2-gemma", "author": "BAAI", "sha": "1787044f8b6fb740a9de4557c3a12377f84d9e17", "lastModified": "2024-03-19T09:26:32.000Z", "private": false, "disabled": false, "gated": false, "pipeline_tag": "text-classification", "tags": ["sentence-transformers", "safetensors", "gemma", "text-generation", "transformers", "text-classification", "multilingual", "arxiv:2312.15503", "arxiv:2402.03216", "license:apache-2.0", "region:us"], "downloads": 16463, "library_name": "sentence-transformers", "likes": 23, "model-index": null, "config": {"architectures": ["GemmaForCausalLM"], "model_type": "gemma", "tokenizer_config": {"bos_token": "<bos>", "eos_token": "<eos>", "pad_token": "<pad>", "unk_token": "<unk>", "use_default_system_prompt": false}}, "cardData": {"license": "apache-2.0", "pipeline_tag": "text-classification", "tags": ["transformers", "sentence-transformers"], "language": ["multilingual"]}, "transformersInfo": {"auto_model": "AutoModelForCausalLM", "pipeline_tag": "text-generation", "processor": "AutoTokenizer"}, "siblings": [{"rfilename": ".gitattributes"}, {"rfilename": "README.md"}, {"rfilename": "assets/BEIR-bge-en-v1.5.png"}, {"rfilename": "assets/BEIR-e5-mistral.png"}, {"rfilename": "assets/CMTEB-retrieval-bge-zh-v1.5.png"}, {"rfilename": "assets/llama-index.png"}, {"rfilename": "assets/miracl-bge-m3.png"}, {"rfilename": "config.json"}, {"rfilename": "generation_config.json"}, {"rfilename": "model-00001-of-00003.safetensors"}, {"rfilename": "model-00002-of-00003.safetensors"}, {"rfilename": "model-00003-of-00003.safetensors"}, {"rfilename": "model.safetensors.index.json"}, {"rfilename": "special_tokens_map.json"}, {"rfilename": "tokenizer.json"}, {"rfilename": "tokenizer.model"}, {"rfilename": "tokenizer_config.json"}], "spaces": [], "createdAt": "2024-03-16T12:09:04.000Z", "safetensors": {"parameters": {"F32": 2506172416}, "total": 2506172416}, "inferenceStatus": "not-loaded"}