{"_id": "66311fb2e0fe4b8e179fab5f", "id": "BAAI/Bunny-v1_0-4B", "modelId": "BAAI/Bunny-v1_0-4B", "author": "BAAI", "sha": "b4f110ec3381dfe614e0012c28fc8adcfb5d9535", "lastModified": "2024-06-24T13:42:37.000Z", "private": false, "disabled": false, "gated": false, "pipeline_tag": "text-generation", "tags": ["transformers", "safetensors", "bunny-phi3", "text-generation", "conversational", "custom_code", "arxiv:2402.11530", "license:apache-2.0", "autotrain_compatible", "region:us"], "downloads": 51, "library_name": "transformers", "widgetData": [{"text": "Hey my name is Julien! How are you?"}, {"text": "Hey my name is Thomas! How are you?"}, {"text": "Hey my name is Mariama! How are you?"}, {"text": "Hey my name is Clara! How are you?"}, {"text": "Hey my name is Julien! How are you?"}, {"text": "Hi."}], "likes": 8, "model-index": null, "config": {"architectures": ["BunnyPhi3ForCausalLM"], "auto_map": {"AutoConfig": "configuration_bunny_phi3.BunnyPhi3Config", "AutoModelForCausalLM": "modeling_bunny_phi3.BunnyPhi3ForCausalLM"}, "model_type": "bunny-phi3", "tokenizer_config": {"bos_token": "<s>", "chat_template": "{{ bos_token }}{% for message in messages %}{{'<|' + message['role'] + '|>' + '\n' + message['content'] + '<|end|>\n' }}{% endfor %}{% if add_generation_prompt %}{{ '<|assistant|>\n' }}{% else %}{{ eos_token }}{% endif %}", "eos_token": "<|endoftext|>", "pad_token": "<|endoftext|>", "unk_token": "<unk>", "use_default_system_prompt": false}}, "cardData": {"inference": false, "license": "apache-2.0"}, "transformersInfo": {"auto_model": "AutoModelForCausalLM", "custom_class": "modeling_bunny_phi3.BunnyPhi3ForCausalLM", "pipeline_tag": "text-generation"}, "siblings": [{"rfilename": ".gitattributes"}, {"rfilename": "README.md"}, {"rfilename": "added_tokens.json"}, {"rfilename": "comparison.png"}, {"rfilename": "config.json"}, {"rfilename": "configuration_bunny_phi3.py"}, {"rfilename": "generation_config.json"}, {"rfilename": "icon.png"}, {"rfilename": "images/example_1.png"}, {"rfilename": "images/example_2.png"}, {"rfilename": "model-00001-of-00002.safetensors"}, {"rfilename": "model-00002-of-00002.safetensors"}, {"rfilename": "model.safetensors.index.json"}, {"rfilename": "modeling_bunny_phi3.py"}, {"rfilename": "special_tokens_map.json"}, {"rfilename": "tokenizer.json"}, {"rfilename": "tokenizer.model"}, {"rfilename": "tokenizer_config.json"}], "spaces": [], "createdAt": "2024-04-30T16:43:30.000Z", "safetensors": {"parameters": {"F16": 4262127680}, "total": 4262127680}, "inferenceStatus": "not-loaded"}