{"_id": "662091142fbb68cdc3600027", "id": "BAAI/Bunny-v1_0-3B-zh", "modelId": "BAAI/Bunny-v1_0-3B-zh", "author": "BAAI", "sha": "a67cbd092d1d47fa2686d5e9e8744446a249db6e", "lastModified": "2024-06-11T07:42:28.000Z", "private": false, "disabled": false, "gated": false, "pipeline_tag": "text-generation", "tags": ["transformers", "safetensors", "bunny-minicpm", "text-generation", "conversational", "custom_code", "arxiv:2402.11530", "license:apache-2.0", "autotrain_compatible", "region:us"], "downloads": 32, "library_name": "transformers", "widgetData": [{"text": "Hey my name is Julien! How are you?"}, {"text": "Hey my name is Thomas! How are you?"}, {"text": "Hey my name is Mariama! How are you?"}, {"text": "Hey my name is Clara! How are you?"}, {"text": "Hey my name is Julien! How are you?"}, {"text": "Hi."}], "likes": 0, "model-index": null, "config": {"architectures": ["BunnyMiniCPMForCausalLM"], "auto_map": {"AutoConfig": "configuration_bunny_minicpm.BunnyMiniCPMConfig", "AutoModel": "modeling_bunny_minicpm.BunnyMiniCPMModel", "AutoModelForCausalLM": "modeling_bunny_minicpm.BunnyMiniCPMForCausalLM", "AutoModelForSeq2SeqLM": "modeling_bunny_minicpm.MiniCPMForCausalLM", "AutoModelForSequenceClassification": "modeling_bunny_minicpm.MiniCPMForSequenceClassification"}, "model_type": "bunny-minicpm", "tokenizer_config": {"bos_token": "<s>", "chat_template": "{% for message in messages %}{% if message['role'] == 'user' %}{{'<\u7528\u6237>' + message['content'].strip() + '<AI>'}}{% else %}{{message['content'].strip()}}{% endif %}{% endfor %}", "eos_token": "</s>", "pad_token": null, "unk_token": "<unk>", "use_default_system_prompt": false}}, "cardData": {"inference": false, "license": "apache-2.0"}, "transformersInfo": {"auto_model": "AutoModelForCausalLM", "custom_class": "modeling_bunny_minicpm.BunnyMiniCPMForCausalLM", "pipeline_tag": "text-generation"}, "siblings": [{"rfilename": ".gitattributes"}, {"rfilename": "README.md"}, {"rfilename": "config.json"}, {"rfilename": "configuration_bunny_minicpm.py"}, {"rfilename": "generation_config.json"}, {"rfilename": "icon.png"}, {"rfilename": "images/example_1.png"}, {"rfilename": "images/example_2.png"}, {"rfilename": "model-00001-of-00002.safetensors"}, {"rfilename": "model-00002-of-00002.safetensors"}, {"rfilename": "model.safetensors.index.json"}, {"rfilename": "modeling_bunny_minicpm.py"}, {"rfilename": "special_tokens_map.json"}, {"rfilename": "tokenizer.json"}, {"rfilename": "tokenizer.model"}, {"rfilename": "tokenizer_config.json"}], "spaces": [], "createdAt": "2024-04-18T03:18:44.000Z", "safetensors": {"parameters": {"F16": 3161073728}, "total": 3161073728}, "inferenceStatus": "not-loaded"}