{"_id": "63895502d68e37abd5a0142a", "id": "BAAI/DreamBooth-AltDiffusion", "modelId": "BAAI/DreamBooth-AltDiffusion", "author": "BAAI", "sha": "0d75eeea12ec541be3f4e84f7bfc43f5214c4143", "lastModified": "2023-05-16T09:34:12.000Z", "private": false, "disabled": false, "gated": false, "pipeline_tag": "text-to-image", "tags": ["diffusers", "tensorboard", "stable-diffusion", "stable-diffusion-diffusers", "text-to-image", "multilingual", "English(En)", "Chinese(Zh)", "Spanish(Es)", "French(Fr)", "Russian(Ru)", "Japanese(Ja)", "Korean(Ko)", "Arabic(Ar)", "Italian(It)", "zh", "license:creativeml-openrail-m", "diffusers:AltDiffusionPipeline", "region:us"], "downloads": 43, "library_name": "diffusers", "widgetData": [{"text": "\u4e00\u5f20<\u9e23\u4eba>\u7537\u5b69\u7684\u7167\u7247", "example_title": "\u4e00\u5f20<\u9e23\u4eba>\u7537\u5b69\u7684\u7167\u7247"}], "likes": 8, "model-index": null, "config": {"diffusers": {"_class_name": "AltDiffusionPipeline"}}, "cardData": {"language": "zh", "license": "creativeml-openrail-m", "tags": ["stable-diffusion", "stable-diffusion-diffusers", "text-to-image", "multilingual", "English(En)", "Chinese(Zh)", "Spanish(Es)", "French(Fr)", "Russian(Ru)", "Japanese(Ja)", "Korean(Ko)", "Arabic(Ar)", "Italian(It)", "diffusers"], "widget": [{"text": "\u4e00\u5f20<\u9e23\u4eba>\u7537\u5b69\u7684\u7167\u7247", "example_title": "\u4e00\u5f20<\u9e23\u4eba>\u7537\u5b69\u7684\u7167\u7247"}]}, "siblings": [{"rfilename": ".gitattributes"}, {"rfilename": "README.md"}, {"rfilename": "feature_extractor/preprocessor_config.json"}, {"rfilename": "logs/dreambooth/1669210244.6340702/events.out.tfevents.1669210244.yfl-diffusion-jqbcl-829218-worker-0.417508.1"}, {"rfilename": "logs/dreambooth/1669210244.6453846/hparams.yml"}, {"rfilename": "logs/dreambooth/events.out.tfevents.1669210244.yfl-diffusion-jqbcl-829218-worker-0.417508.0"}, {"rfilename": "model_index.json"}, {"rfilename": "safety_checker/config.json"}, {"rfilename": "safety_checker/pytorch_model.bin"}, {"rfilename": "scheduler/scheduler_config.json"}, {"rfilename": "text_encoder/config.json"}, {"rfilename": "text_encoder/pytorch_model.bin"}, {"rfilename": "tokenizer/sentencepiece.bpe.model"}, {"rfilename": "tokenizer/special_tokens_map.json"}, {"rfilename": "tokenizer/tokenizer_config.json"}, {"rfilename": "unet/config.json"}, {"rfilename": "unet/diffusion_pytorch_model.bin"}, {"rfilename": "vae/config.json"}, {"rfilename": "vae/diffusion_pytorch_model.bin"}], "spaces": [], "createdAt": "2022-12-02T01:29:38.000Z", "inferenceStatus": "not-loaded"}