{"_id": "65b62fc2fec79c744516d3ee", "id": "BAAI/bge-m3-retromae", "modelId": "BAAI/bge-m3-retromae", "author": "BAAI", "sha": "95c4f81ef8f7911dcac8e384532489c32c8dea64", "lastModified": "2024-04-02T13:13:26.000Z", "private": false, "disabled": false, "gated": false, "pipeline_tag": "feature-extraction", "tags": ["transformers", "pytorch", "xlm-roberta", "fill-mask", "feature-extraction", "arxiv:2402.03216", "arxiv:2004.04906", "arxiv:2106.14807", "arxiv:2107.05720", "arxiv:2004.12832", "license:mit", "autotrain_compatible", "text-embeddings-inference", "endpoints_compatible", "region:us"], "downloads": 2929, "library_name": "transformers", "mask_token": "<mask>", "likes": 9, "model-index": null, "config": {"architectures": ["XLMRobertaForMaskedLM"], "model_type": "xlm-roberta", "tokenizer_config": {"bos_token": "<s>", "cls_token": "<s>", "eos_token": "</s>", "mask_token": {"__type": "AddedToken", "content": "<mask>", "lstrip": true, "normalized": true, "rstrip": false, "single_word": false}, "pad_token": "<pad>", "sep_token": "</s>", "unk_token": "<unk>"}}, "cardData": {"tags": ["feature-extraction"], "license": "mit"}, "transformersInfo": {"auto_model": "AutoModelForMaskedLM", "pipeline_tag": "fill-mask", "processor": "AutoTokenizer"}, "siblings": [{"rfilename": ".gitattributes"}, {"rfilename": "README.md"}, {"rfilename": "bge-m3-with-deocder/pytorch_model.bin"}, {"rfilename": "config.json"}, {"rfilename": "imgs/.DS_Store"}, {"rfilename": "imgs/long.jpg"}, {"rfilename": "imgs/miracl.jpg"}, {"rfilename": "imgs/mkqa.jpg"}, {"rfilename": "imgs/nqa.jpg"}, {"rfilename": "pytorch_model.bin"}, {"rfilename": "sentencepiece.bpe.model"}, {"rfilename": "special_tokens_map.json"}, {"rfilename": "tokenizer.json"}, {"rfilename": "tokenizer_config.json"}], "spaces": [], "createdAt": "2024-01-28T10:43:14.000Z", "inferenceStatus": "not-loaded"}