{"_id": "64fff58369219ce3e48e1a1a", "id": "BAAI/bge-large-zh-v1.5", "modelId": "BAAI/bge-large-zh-v1.5", "author": "BAAI", "sha": "79e7739b6ab944e86d6171e44d24c997fc1e0116", "lastModified": "2024-04-02T14:00:04.000Z", "private": false, "disabled": false, "gated": false, "pipeline_tag": "feature-extraction", "tags": ["sentence-transformers", "pytorch", "bert", "feature-extraction", "sentence-similarity", "transformers", "zh", "arxiv:2401.03462", "arxiv:2312.15503", "arxiv:2311.13534", "arxiv:2310.07554", "arxiv:2309.07597", "license:mit", "autotrain_compatible", "text-embeddings-inference", "endpoints_compatible", "region:us"], "downloads": 1002071, "library_name": "sentence-transformers", "mask_token": "[MASK]", "likes": 344, "model-index": null, "config": {"architectures": ["BertModel"], "model_type": "bert", "tokenizer_config": {"cls_token": "[CLS]", "mask_token": "[MASK]", "pad_token": "[PAD]", "sep_token": "[SEP]", "unk_token": "[UNK]"}}, "cardData": {"license": "mit", "language": ["zh"], "tags": ["sentence-transformers", "feature-extraction", "sentence-similarity", "transformers"]}, "transformersInfo": {"auto_model": "AutoModel", "pipeline_tag": "feature-extraction", "processor": "AutoTokenizer"}, "siblings": [{"rfilename": ".gitattributes"}, {"rfilename": "1_Pooling/config.json"}, {"rfilename": "README.md"}, {"rfilename": "config.json"}, {"rfilename": "config_sentence_transformers.json"}, {"rfilename": "modules.json"}, {"rfilename": "pytorch_model.bin"}, {"rfilename": "sentence_bert_config.json"}, {"rfilename": "special_tokens_map.json"}, {"rfilename": "tokenizer.json"}, {"rfilename": "tokenizer_config.json"}, {"rfilename": "vocab.txt"}], "spaces": ["IndexTeam/Index-1.9B-Character", "nyust-eb210/bge-large-zh-v1.5_gradio", "abidlabs/mteb-leaderboard", "Zulelee/langchain-chatchat", "TheresaQWQ/BAAI-bge-large-zh-v1.5", "isiriai/BAAI-bge-large-zh-v1.5", "TtKkkk/BAAI-bge-large-zh-v1.5", "TtKkk/BAAI-bge-large-zh-v1.5", "Lisang11/BAAI-bge-large-zh-v1.5", "yulone/bge", "sejamenath2023/BAAI-bge-large-zh-v1.5", "littlezebra/hello-embed", "mengk/BAAI-bge-large-zh-v1.5-new", "hadxu/demo", "allinaigc/llm_knowledge_base", "suanan/ST_search_BP_POC", "niwz/Ming-History-ChatBot", "adevpura/QuoteProject"], "createdAt": "2023-09-12T05:22:11.000Z", "inferenceStatus": "not-loaded"}