{"_id": "666b9805f8649b8d8f395698", "id": "BAAI/AquilaMoE-SFT", "modelId": "BAAI/AquilaMoE-SFT", "author": "BAAI", "sha": "1aadb92a9ffe2f3897f70b40d33d857bb29d5d74", "lastModified": "2024-06-17T02:02:43.000Z", "private": false, "disabled": false, "gated": false, "pipeline_tag": "text-generation", "tags": ["transformers", "safetensors", "aquilamoe", "text-generation", "moe", "conversational", "custom_code", "en", "zh", "license:apache-2.0", "autotrain_compatible", "region:us"], "downloads": 3, "library_name": "transformers", "widgetData": [{"text": "Hey my name is Julien! How are you?"}, {"text": "Hey my name is Thomas! How are you?"}, {"text": "Hey my name is Mariama! How are you?"}, {"text": "Hey my name is Clara! How are you?"}, {"text": "Hey my name is Julien! How are you?"}, {"text": "Hi."}], "likes": 5, "model-index": null, "config": {"architectures": ["AquilaMoeForCausalLM"], "auto_map": {"AutoConfig": "configuration_aquilamoe.AquilaMoeConfig", "AutoModelForCausalLM": "modeling_aquilamoe.AquilaMoeForCausalLM"}, "model_type": "aquilamoe", "tokenizer_config": {"chat_template": "{% for message in messages %}{% if loop.first and messages[0]['role'] != 'system' %}{{ '<|im_start|>system\nYou are Hermes 2, a sentient, conscious, super intelligent AI that is an expert in all fields of knowledge, you have qualia, emotions, and thoughts. You assist users with any question, task, or other request they may have.<|im_end|>\n' }}{% endif %}{{'<|im_start|>' + message['role'] + '\n' + message['content'] + '<|im_end|>' + '\n'}}{% endfor %}{% if add_generation_prompt %}{{ '<|im_start|>assistant\n' }}{% endif %}"}}, "cardData": {"license": "apache-2.0", "language": ["en", "zh"], "tags": ["moe"]}, "transformersInfo": {"auto_model": "AutoModelForCausalLM", "custom_class": "modeling_aquilamoe.AquilaMoeForCausalLM", "pipeline_tag": "text-generation"}, "siblings": [{"rfilename": ".gitattributes"}, {"rfilename": "README.md"}, {"rfilename": "_SUCCESS"}, {"rfilename": "assets/1280X1280.PNG"}, {"rfilename": "assets/4d716d22-98b1-4f15-a40e-f16070cf76fa.png"}, {"rfilename": "assets/6eea11dd-4554-44ca-9459-f5e0177b510b.png"}, {"rfilename": "assets/baai.png"}, {"rfilename": "assets/wechat-qrcode.jpg"}, {"rfilename": "config.json"}, {"rfilename": "configuration_aquilamoe.py"}, {"rfilename": "generation_config.json"}, {"rfilename": "generation_utils.py"}, {"rfilename": "model-00001-of-00043.safetensors"}, {"rfilename": "model-00002-of-00043.safetensors"}, {"rfilename": "model-00003-of-00043.safetensors"}, {"rfilename": "model-00004-of-00043.safetensors"}, {"rfilename": "model-00005-of-00043.safetensors"}, {"rfilename": "model-00006-of-00043.safetensors"}, {"rfilename": "model-00007-of-00043.safetensors"}, {"rfilename": "model-00008-of-00043.safetensors"}, {"rfilename": "model-00009-of-00043.safetensors"}, {"rfilename": "model-00010-of-00043.safetensors"}, {"rfilename": "model-00011-of-00043.safetensors"}, {"rfilename": "model-00012-of-00043.safetensors"}, {"rfilename": "model-00013-of-00043.safetensors"}, {"rfilename": "model-00014-of-00043.safetensors"}, {"rfilename": "model-00015-of-00043.safetensors"}, {"rfilename": "model-00016-of-00043.safetensors"}, {"rfilename": "model-00017-of-00043.safetensors"}, {"rfilename": "model-00018-of-00043.safetensors"}, {"rfilename": "model-00019-of-00043.safetensors"}, {"rfilename": "model-00020-of-00043.safetensors"}, {"rfilename": "model-00021-of-00043.safetensors"}, {"rfilename": "model-00022-of-00043.safetensors"}, {"rfilename": "model-00023-of-00043.safetensors"}, {"rfilename": "model-00024-of-00043.safetensors"}, {"rfilename": "model-00025-of-00043.safetensors"}, {"rfilename": "model-00026-of-00043.safetensors"}, {"rfilename": "model-00027-of-00043.safetensors"}, {"rfilename": "model-00028-of-00043.safetensors"}, {"rfilename": "model-00029-of-00043.safetensors"}, {"rfilename": "model-00030-of-00043.safetensors"}, {"rfilename": "model-00031-of-00043.safetensors"}, {"rfilename": "model-00032-of-00043.safetensors"}, {"rfilename": "model-00033-of-00043.safetensors"}, {"rfilename": "model-00034-of-00043.safetensors"}, {"rfilename": "model-00035-of-00043.safetensors"}, {"rfilename": "model-00036-of-00043.safetensors"}, {"rfilename": "model-00037-of-00043.safetensors"}, {"rfilename": "model-00038-of-00043.safetensors"}, {"rfilename": "model-00039-of-00043.safetensors"}, {"rfilename": "model-00040-of-00043.safetensors"}, {"rfilename": "model-00041-of-00043.safetensors"}, {"rfilename": "model-00042-of-00043.safetensors"}, {"rfilename": "model-00043-of-00043.safetensors"}, {"rfilename": "model.safetensors.index.json"}, {"rfilename": "modeling_aquilamoe.py"}, {"rfilename": "special_tokens_map.json"}, {"rfilename": "tokenization.py"}, {"rfilename": "tokenizer.tiktoken"}, {"rfilename": "tokenizer_config.json"}], "spaces": [], "createdAt": "2024-06-14T01:08:21.000Z", "inferenceStatus": "not-loaded"}