{"_id": "65819f5de9439662c26016a8", "id": "BAAI/Emu2-Gen", "modelId": "BAAI/Emu2-Gen", "author": "BAAI", "sha": "a41a2dcd777a68225dddc72c7213b064ee06f4a0", "lastModified": "2023-12-25T08:14:42.000Z", "private": false, "disabled": false, "gated": false, "tags": ["diffusers", "safetensors", "en", "arxiv:2312.13286", "diffusers:EmuVisualGenerationPipeline", "region:us"], "downloads": 27, "library_name": "diffusers", "likes": 20, "model-index": null, "config": {"diffusers": {"_class_name": "EmuVisualGenerationPipeline"}}, "cardData": {"language": ["en"]}, "siblings": [{"rfilename": ".gitattributes"}, {"rfilename": "README.md"}, {"rfilename": "feature_extractor/preprocessor_config.json"}, {"rfilename": "model_index.json"}, {"rfilename": "multimodal_encoder/config.json"}, {"rfilename": "multimodal_encoder/configuration_emu.py"}, {"rfilename": "multimodal_encoder/constants.py"}, {"rfilename": "multimodal_encoder/model.bf16-00001-of-00008.safetensors"}, {"rfilename": "multimodal_encoder/model.bf16-00002-of-00008.safetensors"}, {"rfilename": "multimodal_encoder/model.bf16-00003-of-00008.safetensors"}, {"rfilename": "multimodal_encoder/model.bf16-00004-of-00008.safetensors"}, {"rfilename": "multimodal_encoder/model.bf16-00005-of-00008.safetensors"}, {"rfilename": "multimodal_encoder/model.bf16-00006-of-00008.safetensors"}, {"rfilename": "multimodal_encoder/model.bf16-00007-of-00008.safetensors"}, {"rfilename": "multimodal_encoder/model.bf16-00008-of-00008.safetensors"}, {"rfilename": "multimodal_encoder/model.safetensors.index.bf16.json"}, {"rfilename": "multimodal_encoder/model.safetensors.index.json"}, {"rfilename": "multimodal_encoder/modeling_emu.py"}, {"rfilename": "multimodal_encoder/modeling_llama.py"}, {"rfilename": "multimodal_encoder/visual.py"}, {"rfilename": "pipeline_emu2_gen.py"}, {"rfilename": "safety_checker/config.json"}, {"rfilename": "safety_checker/model.bf16.safetensors"}, {"rfilename": "scheduler/scheduler_config.json"}, {"rfilename": "tokenizer/added_tokens.json"}, {"rfilename": "tokenizer/special_tokens_map.json"}, {"rfilename": "tokenizer/tokenizer.json"}, {"rfilename": "tokenizer/tokenizer.model"}, {"rfilename": "tokenizer/tokenizer_config.json"}, {"rfilename": "unet/config.json"}, {"rfilename": "unet/diffusion_pytorch_model.bf16.safetensors"}, {"rfilename": "vae/config.json"}, {"rfilename": "vae/diffusion_pytorch_model.bf16.safetensors"}], "spaces": ["BAAI/Emu2", "Strucker/demo"], "createdAt": "2023-12-19T13:49:17.000Z", "inferenceStatus": "not-loaded"}