{"_id": "64818a5717f2fba000876308", "id": "BAAI/AquilaChat-7B", "modelId": "BAAI/AquilaChat-7B", "author": "BAAI", "sha": "d3343583622d8c8e3958c641f716d54b21a7b77e", "lastModified": "2023-09-21T09:38:50.000Z", "private": false, "disabled": false, "gated": false, "tags": ["transformers", "pytorch", "aquila", "custom_code", "license:other", "endpoints_compatible", "region:us"], "downloads": 159, "library_name": "transformers", "likes": 48, "model-index": null, "config": {"model_type": "aquila", "architectures": ["AquilaModel"], "auto_map": {"AutoConfig": "configuration_aquila.AquilaConfig", "AutoModelForCausalLM": "modeling_aquila.AquilaForCausalLM"}, "tokenizer_config": {"bos_token": "<|endoftext|>", "eos_token": "<|endoftext|>", "unk_token": "<|endoftext|>"}}, "cardData": {"license": "other"}, "transformersInfo": {"auto_model": "AutoModel"}, "siblings": [{"rfilename": ".gitattributes"}, {"rfilename": "BAAI Aquila Model License Agreement.pdf"}, {"rfilename": "README.md"}, {"rfilename": "README_zh.md"}, {"rfilename": "change_log.log"}, {"rfilename": "chat_test.py"}, {"rfilename": "config.json"}, {"rfilename": "configuration_aquila.py"}, {"rfilename": "cyg_conversation.py"}, {"rfilename": "generation_config.json"}, {"rfilename": "log.jpeg"}, {"rfilename": "merges.txt"}, {"rfilename": "modeling_aquila.py"}, {"rfilename": "pytorch_model-00001-of-00002.bin"}, {"rfilename": "pytorch_model-00001-of-00003.bin"}, {"rfilename": "pytorch_model-00002-of-00002.bin"}, {"rfilename": "pytorch_model-00002-of-00003.bin"}, {"rfilename": "pytorch_model-00003-of-00003.bin"}, {"rfilename": "pytorch_model.bin.index.json"}, {"rfilename": "tokenizer.json"}, {"rfilename": "tokenizer_config.json"}, {"rfilename": "vocab.json"}], "spaces": ["tianleliphoebe/visual-arena", "Zulelee/langchain-chatchat", "Ashmal/MobiLlama", "gordonchan/embedding-m3e-large", "Bofeee5675/FIRE"], "createdAt": "2023-06-08T07:59:19.000Z", "inferenceStatus": "not-loaded"}