{"_id": "656493f4309b3f27966b4e9f", "id": "BAAI/AquilaChat2-70B-Expr", "modelId": "BAAI/AquilaChat2-70B-Expr", "author": "BAAI", "sha": "0df19b6e10f1a19ca663f7cc1141aae10f1825f4", "lastModified": "2023-12-05T06:51:05.000Z", "private": false, "disabled": false, "gated": false, "pipeline_tag": "text-generation", "tags": ["transformers", "pytorch", "aquila", "text-generation", "license:other", "autotrain_compatible", "endpoints_compatible", "region:us"], "downloads": 4, "library_name": "transformers", "widgetData": [{"text": "My name is Julien and I like to"}, {"text": "My name is Thomas and my main"}, {"text": "My name is Mariama, my favorite"}, {"text": "My name is Clara and I am"}, {"text": "My name is Lewis and I like to"}, {"text": "My name is Merve and my favorite"}, {"text": "My name is Teven and I am"}, {"text": "Once upon a time,"}], "likes": 5, "model-index": null, "config": {"architectures": ["AquilaForCausalLM"], "model_type": "aquila", "tokenizer_config": {"bos_token": "[CLS]", "eos_token": "</s>", "unk_token": "<|endoftext|>"}}, "cardData": {"license": "other"}, "transformersInfo": {"auto_model": "AutoModelForCausalLM", "pipeline_tag": "text-generation"}, "siblings": [{"rfilename": ".gitattributes"}, {"rfilename": "BAAI-Aquila-70B-Model-License-Agreement.pdf.pdf"}, {"rfilename": "LICENSE"}, {"rfilename": "README.md"}, {"rfilename": "README_zh.md"}, {"rfilename": "config.json"}, {"rfilename": "configuration_aquila.py"}, {"rfilename": "generation_config.json"}, {"rfilename": "log.jpeg"}, {"rfilename": "modeling_aquila.py"}, {"rfilename": "predict.py"}, {"rfilename": "pytorch_model-00001-of-00082.bin"}, {"rfilename": "pytorch_model-00002-of-00082.bin"}, {"rfilename": "pytorch_model-00003-of-00082.bin"}, {"rfilename": "pytorch_model-00004-of-00082.bin"}, {"rfilename": "pytorch_model-00005-of-00082.bin"}, {"rfilename": "pytorch_model-00006-of-00082.bin"}, {"rfilename": "pytorch_model-00007-of-00082.bin"}, {"rfilename": "pytorch_model-00008-of-00082.bin"}, {"rfilename": "pytorch_model-00009-of-00082.bin"}, {"rfilename": "pytorch_model-00010-of-00082.bin"}, {"rfilename": "pytorch_model-00011-of-00082.bin"}, {"rfilename": "pytorch_model-00012-of-00082.bin"}, {"rfilename": "pytorch_model-00013-of-00082.bin"}, {"rfilename": "pytorch_model-00014-of-00082.bin"}, {"rfilename": "pytorch_model-00015-of-00082.bin"}, {"rfilename": "pytorch_model-00016-of-00082.bin"}, {"rfilename": "pytorch_model-00017-of-00082.bin"}, {"rfilename": "pytorch_model-00018-of-00082.bin"}, {"rfilename": "pytorch_model-00019-of-00082.bin"}, {"rfilename": "pytorch_model-00020-of-00082.bin"}, {"rfilename": "pytorch_model-00021-of-00082.bin"}, {"rfilename": "pytorch_model-00022-of-00082.bin"}, {"rfilename": "pytorch_model-00023-of-00082.bin"}, {"rfilename": "pytorch_model-00024-of-00082.bin"}, {"rfilename": "pytorch_model-00025-of-00082.bin"}, {"rfilename": "pytorch_model-00026-of-00082.bin"}, {"rfilename": "pytorch_model-00027-of-00082.bin"}, {"rfilename": "pytorch_model-00028-of-00082.bin"}, {"rfilename": "pytorch_model-00029-of-00082.bin"}, {"rfilename": "pytorch_model-00030-of-00082.bin"}, {"rfilename": "pytorch_model-00031-of-00082.bin"}, {"rfilename": "pytorch_model-00032-of-00082.bin"}, {"rfilename": "pytorch_model-00033-of-00082.bin"}, {"rfilename": "pytorch_model-00034-of-00082.bin"}, {"rfilename": "pytorch_model-00035-of-00082.bin"}, {"rfilename": "pytorch_model-00036-of-00082.bin"}, {"rfilename": "pytorch_model-00037-of-00082.bin"}, {"rfilename": "pytorch_model-00038-of-00082.bin"}, {"rfilename": "pytorch_model-00039-of-00082.bin"}, {"rfilename": "pytorch_model-00040-of-00082.bin"}, {"rfilename": "pytorch_model-00041-of-00082.bin"}, {"rfilename": "pytorch_model-00042-of-00082.bin"}, {"rfilename": "pytorch_model-00043-of-00082.bin"}, {"rfilename": "pytorch_model-00044-of-00082.bin"}, {"rfilename": "pytorch_model-00045-of-00082.bin"}, {"rfilename": "pytorch_model-00046-of-00082.bin"}, {"rfilename": "pytorch_model-00047-of-00082.bin"}, {"rfilename": "pytorch_model-00048-of-00082.bin"}, {"rfilename": "pytorch_model-00049-of-00082.bin"}, {"rfilename": "pytorch_model-00050-of-00082.bin"}, {"rfilename": "pytorch_model-00051-of-00082.bin"}, {"rfilename": "pytorch_model-00052-of-00082.bin"}, {"rfilename": "pytorch_model-00053-of-00082.bin"}, {"rfilename": "pytorch_model-00054-of-00082.bin"}, {"rfilename": "pytorch_model-00055-of-00082.bin"}, {"rfilename": "pytorch_model-00056-of-00082.bin"}, {"rfilename": "pytorch_model-00057-of-00082.bin"}, {"rfilename": "pytorch_model-00058-of-00082.bin"}, {"rfilename": "pytorch_model-00059-of-00082.bin"}, {"rfilename": "pytorch_model-00060-of-00082.bin"}, {"rfilename": "pytorch_model-00061-of-00082.bin"}, {"rfilename": "pytorch_model-00062-of-00082.bin"}, {"rfilename": "pytorch_model-00063-of-00082.bin"}, {"rfilename": "pytorch_model-00064-of-00082.bin"}, {"rfilename": "pytorch_model-00065-of-00082.bin"}, {"rfilename": "pytorch_model-00066-of-00082.bin"}, {"rfilename": "pytorch_model-00067-of-00082.bin"}, {"rfilename": "pytorch_model-00068-of-00082.bin"}, {"rfilename": "pytorch_model-00069-of-00082.bin"}, {"rfilename": "pytorch_model-00070-of-00082.bin"}, {"rfilename": "pytorch_model-00071-of-00082.bin"}, {"rfilename": "pytorch_model-00072-of-00082.bin"}, {"rfilename": "pytorch_model-00073-of-00082.bin"}, {"rfilename": "pytorch_model-00074-of-00082.bin"}, {"rfilename": "pytorch_model-00075-of-00082.bin"}, {"rfilename": "pytorch_model-00076-of-00082.bin"}, {"rfilename": "pytorch_model-00077-of-00082.bin"}, {"rfilename": "pytorch_model-00078-of-00082.bin"}, {"rfilename": "pytorch_model-00079-of-00082.bin"}, {"rfilename": "pytorch_model-00080-of-00082.bin"}, {"rfilename": "pytorch_model-00081-of-00082.bin"}, {"rfilename": "pytorch_model-00082-of-00082.bin"}, {"rfilename": "pytorch_model.bin.index.json"}, {"rfilename": "special_tokens_map.json"}, {"rfilename": "tokenizer.json"}, {"rfilename": "tokenizer_config.json"}, {"rfilename": "vocab.json"}], "spaces": [], "createdAt": "2023-11-27T13:04:52.000Z", "inferenceStatus": "not-loaded"}