{"_id": "650a8537ac5108b93aa68415", "id": "BAAI/Uni3D", "modelId": "BAAI/Uni3D", "author": "BAAI", "sha": "3d8233b76aa350d72f6213ecd2123c2026b42355", "lastModified": "2023-12-30T09:06:09.000Z", "private": false, "disabled": false, "gated": false, "tags": ["region:us"], "downloads": 0, "likes": 8, "siblings": [{"rfilename": ".gitattributes"}, {"rfilename": "data/test_datasets.zip"}, {"rfilename": "modelzoo/uni3d-b-no-lvis/model.pt"}, {"rfilename": "modelzoo/uni3d-b/model.pt"}, {"rfilename": "modelzoo/uni3d-g-no-lvis/model.pt"}, {"rfilename": "modelzoo/uni3d-g/lvis/model.pt"}, {"rfilename": "modelzoo/uni3d-g/mnet40/model.pt"}, {"rfilename": "modelzoo/uni3d-g/model.pt"}, {"rfilename": "modelzoo/uni3d-g/scanobjnn/model.pt"}, {"rfilename": "modelzoo/uni3d-l-no-lvis/model.pt"}, {"rfilename": "modelzoo/uni3d-l/model.pt"}, {"rfilename": "modelzoo/uni3d-s-no-lvis/model.pt"}, {"rfilename": "modelzoo/uni3d-s/model.pt"}, {"rfilename": "modelzoo/uni3d-ti-no-lvis/model.pt"}, {"rfilename": "modelzoo/uni3d-ti/model.pt"}], "spaces": ["VAST-AI/LD-T3D"], "createdAt": "2023-09-20T05:37:59.000Z", "inferenceStatus": "not-loaded"}