{"_id": "65819efefc304dcf7b2b7819", "id": "BAAI/Emu2", "modelId": "BAAI/Emu2", "author": "BAAI", "sha": "fa835ec101e52da5e081695107e1ddd3c7c4d88a", "lastModified": "2023-12-21T12:30:50.000Z", "private": false, "disabled": false, "gated": false, "pipeline_tag": "text-generation", "tags": ["transformers", "pytorch", "text-generation", "custom_code", "en", "arxiv:2312.13286", "autotrain_compatible", "region:us"], "downloads": 135, "library_name": "transformers", "widgetData": [{"text": "My name is Julien and I like to"}, {"text": "My name is Thomas and my main"}, {"text": "My name is Mariama, my favorite"}, {"text": "My name is Clara and I am"}, {"text": "My name is Lewis and I like to"}, {"text": "My name is Merve and my favorite"}, {"text": "My name is Teven and I am"}, {"text": "Once upon a time,"}], "likes": 85, "model-index": null, "config": {"architectures": ["EmuForCausalLM"], "auto_map": {"AutoConfig": "configuration_emu.EmuConfig", "AutoModelForCausalLM": "modeling_emu.EmuForCausalLM"}, "tokenizer_config": {"bos_token": {"__type": "AddedToken", "content": "<s>", "lstrip": false, "normalized": true, "rstrip": false, "single_word": false}, "eos_token": {"__type": "AddedToken", "content": "</s>", "lstrip": false, "normalized": true, "rstrip": false, "single_word": false}, "pad_token": null, "unk_token": {"__type": "AddedToken", "content": "<unk>", "lstrip": false, "normalized": true, "rstrip": false, "single_word": false}}}, "cardData": {"language": ["en"]}, "transformersInfo": {"auto_model": "AutoModelForCausalLM", "custom_class": "modeling_emu.EmuForCausalLM", "pipeline_tag": "text-generation"}, "siblings": [{"rfilename": ".gitattributes"}, {"rfilename": "README.md"}, {"rfilename": "added_tokens.json"}, {"rfilename": "config.json"}, {"rfilename": "configuration_emu.py"}, {"rfilename": "constants.py"}, {"rfilename": "modeling_emu.py"}, {"rfilename": "modeling_llama.py"}, {"rfilename": "pytorch_model-00001-of-00015.bin"}, {"rfilename": "pytorch_model-00002-of-00015.bin"}, {"rfilename": "pytorch_model-00003-of-00015.bin"}, {"rfilename": "pytorch_model-00004-of-00015.bin"}, {"rfilename": "pytorch_model-00005-of-00015.bin"}, {"rfilename": "pytorch_model-00006-of-00015.bin"}, {"rfilename": "pytorch_model-00007-of-00015.bin"}, {"rfilename": "pytorch_model-00008-of-00015.bin"}, {"rfilename": "pytorch_model-00009-of-00015.bin"}, {"rfilename": "pytorch_model-00010-of-00015.bin"}, {"rfilename": "pytorch_model-00011-of-00015.bin"}, {"rfilename": "pytorch_model-00012-of-00015.bin"}, {"rfilename": "pytorch_model-00013-of-00015.bin"}, {"rfilename": "pytorch_model-00014-of-00015.bin"}, {"rfilename": "pytorch_model-00015-of-00015.bin"}, {"rfilename": "pytorch_model.bin.index.json"}, {"rfilename": "special_tokens_map.json"}, {"rfilename": "tokenizer.model"}, {"rfilename": "tokenizer_config.json"}, {"rfilename": "visual.py"}], "spaces": ["BAAI/Emu2", "Strucker/demo"], "createdAt": "2023-12-19T13:47:42.000Z", "inferenceStatus": "not-loaded"}