{"_id": "653d32193ea696d46347c40d", "id": "BAAI/JudgeLM-33B-v1.0", "modelId": "BAAI/JudgeLM-33B-v1.0", "author": "BAAI", "sha": "b76b171029dd3650e184ae3d41ab1b73c01d32e9", "lastModified": "2023-10-28T17:06:36.000Z", "private": false, "disabled": false, "gated": false, "pipeline_tag": "text-generation", "tags": ["transformers", "pytorch", "llama", "text-generation", "instruction-finetuning", "en", "arxiv:2310.17631", "autotrain_compatible", "text-generation-inference", "region:us"], "downloads": 51, "library_name": "transformers", "widgetData": [{"text": "My name is Julien and I like to"}, {"text": "My name is Thomas and my main"}, {"text": "My name is Mariama, my favorite"}, {"text": "My name is Clara and I am"}, {"text": "My name is Lewis and I like to"}, {"text": "My name is Merve and my favorite"}, {"text": "My name is Teven and I am"}, {"text": "Once upon a time,"}], "likes": 20, "model-index": null, "config": {"architectures": ["LlamaForCausalLM"], "model_type": "llama", "tokenizer_config": {"bos_token": {"__type": "AddedToken", "content": "<s>", "lstrip": false, "normalized": true, "rstrip": false, "single_word": false}, "eos_token": {"__type": "AddedToken", "content": "</s>", "lstrip": false, "normalized": true, "rstrip": false, "single_word": false}, "pad_token": null, "unk_token": {"__type": "AddedToken", "content": "<unk>", "lstrip": false, "normalized": true, "rstrip": false, "single_word": false}}}, "cardData": {"inference": false, "language": ["en"], "tags": ["instruction-finetuning"], "pretty_name": "JudgeLM-100K", "task_categories": ["text-generation"]}, "transformersInfo": {"auto_model": "AutoModelForCausalLM", "pipeline_tag": "text-generation", "processor": "AutoTokenizer"}, "siblings": [{"rfilename": ".gitattributes"}, {"rfilename": "README.md"}, {"rfilename": "config.json"}, {"rfilename": "generation_config.json"}, {"rfilename": "pytorch_model-00001-of-00007.bin"}, {"rfilename": "pytorch_model-00002-of-00007.bin"}, {"rfilename": "pytorch_model-00003-of-00007.bin"}, {"rfilename": "pytorch_model-00004-of-00007.bin"}, {"rfilename": "pytorch_model-00005-of-00007.bin"}, {"rfilename": "pytorch_model-00006-of-00007.bin"}, {"rfilename": "pytorch_model-00007-of-00007.bin"}, {"rfilename": "pytorch_model.bin.index.json"}, {"rfilename": "special_tokens_map.json"}, {"rfilename": "tokenizer.model"}, {"rfilename": "tokenizer_config.json"}, {"rfilename": "training_args.bin"}], "spaces": [], "createdAt": "2023-10-28T16:08:57.000Z", "inferenceStatus": "not-loaded"}