{"_id": "64b73e3efe6a108d03fd91c6", "id": "BAAI/AquilaCode-py", "modelId": "BAAI/AquilaCode-py", "author": "BAAI", "sha": "f8971be7bfbcb2d6fbcebe1c8a8c480fb71a4f0f", "lastModified": "2023-07-24T00:47:26.000Z", "private": false, "disabled": false, "gated": false, "pipeline_tag": "text-generation", "tags": ["transformers", "pytorch", "aquila", "text-generation", "license:other", "autotrain_compatible", "endpoints_compatible", "region:us"], "downloads": 34, "library_name": "transformers", "widgetData": [{"text": "My name is Julien and I like to"}, {"text": "My name is Thomas and my main"}, {"text": "My name is Mariama, my favorite"}, {"text": "My name is Clara and I am"}, {"text": "My name is Lewis and I like to"}, {"text": "My name is Merve and my favorite"}, {"text": "My name is Teven and I am"}, {"text": "Once upon a time,"}], "likes": 2, "model-index": null, "config": {"architectures": ["LlamaForCausalLM"], "model_type": "aquila", "tokenizer_config": {"bos_token": "<|endoftext|>", "eos_token": "<|endoftext|>", "unk_token": "<|endoftext|>"}}, "cardData": {"license": "other"}, "transformersInfo": {"auto_model": "AutoModelForCausalLM", "pipeline_tag": "text-generation"}, "siblings": [{"rfilename": ".gitattributes"}, {"rfilename": "BAAI Aquila Model License Agreement.pdf"}, {"rfilename": "README.md"}, {"rfilename": "README_zh.md"}, {"rfilename": "change_log.log"}, {"rfilename": "config.json"}, {"rfilename": "generation_config.json"}, {"rfilename": "log.jpeg"}, {"rfilename": "merges.txt"}, {"rfilename": "pytorch_model-00001-of-00002.bin"}, {"rfilename": "pytorch_model-00002-of-00002.bin"}, {"rfilename": "pytorch_model.bin.index.json"}, {"rfilename": "tokenizer.json"}, {"rfilename": "tokenizer_config.json"}, {"rfilename": "vocab.json"}], "spaces": [], "createdAt": "2023-07-19T01:37:02.000Z", "inferenceStatus": "not-loaded"}