{"_id": "65d6b16ebb862d1b36721227", "id": "BAAI/EVA-CLIP-18B", "modelId": "BAAI/EVA-CLIP-18B", "author": "BAAI", "sha": "ecb774f7cbba81ad031555b951e126e78f978186", "lastModified": "2024-03-07T05:34:00.000Z", "private": false, "disabled": false, "gated": false, "pipeline_tag": "feature-extraction", "tags": ["transformers", "pytorch", "clip", "feature-extraction", "custom_code", "dataset:laion/laion2B-en", "dataset:kakaobrain/coyo-700m", "arxiv:2402.04252", "license:apache-2.0", "region:us"], "downloads": 66, "library_name": "transformers", "likes": 5, "model-index": null, "config": {"architectures": ["EvaCLIPModel"], "auto_map": {"AutoConfig": "configuration_evaclip.EvaCLIPConfig", "AutoModel": "modeling_evaclip.EvaCLIPModel"}, "model_type": "clip", "tokenizer_config": {"bos_token": {"__type": "AddedToken", "content": "<|startoftext|>", "lstrip": false, "normalized": true, "rstrip": false, "single_word": false}, "eos_token": {"__type": "AddedToken", "content": "<|endoftext|>", "lstrip": false, "normalized": true, "rstrip": false, "single_word": false}, "pad_token": "<|endoftext|>", "unk_token": {"__type": "AddedToken", "content": "<|endoftext|>", "lstrip": false, "normalized": true, "rstrip": false, "single_word": false}}}, "cardData": {"license": "apache-2.0", "datasets": ["laion/laion2B-en", "kakaobrain/coyo-700m"]}, "transformersInfo": {"auto_model": "AutoModel", "custom_class": "modeling_evaclip.EvaCLIPModel", "pipeline_tag": "feature-extraction", "processor": "AutoProcessor"}, "siblings": [{"rfilename": ".gitattributes"}, {"rfilename": "CLIP.png"}, {"rfilename": "EVA_18B_psz14.fp16.bin"}, {"rfilename": "EVA_CLIP_18B_psz14_s6B.fp16.pt"}, {"rfilename": "README.md"}, {"rfilename": "config.json"}, {"rfilename": "configuration_evaclip.py"}, {"rfilename": "convert_evaclip_18b_pytorch_to_hf.py"}, {"rfilename": "merges.txt"}, {"rfilename": "modeling_evaclip.py"}, {"rfilename": "pytorch_model-00001-of-00008.bin"}, {"rfilename": "pytorch_model-00002-of-00008.bin"}, {"rfilename": "pytorch_model-00003-of-00008.bin"}, {"rfilename": "pytorch_model-00004-of-00008.bin"}, {"rfilename": "pytorch_model-00005-of-00008.bin"}, {"rfilename": "pytorch_model-00006-of-00008.bin"}, {"rfilename": "pytorch_model-00007-of-00008.bin"}, {"rfilename": "pytorch_model-00008-of-00008.bin"}, {"rfilename": "pytorch_model.bin.index.json"}, {"rfilename": "special_tokens_map.json"}, {"rfilename": "teaser.png"}, {"rfilename": "tokenizer_config.json"}, {"rfilename": "vocab.json"}], "spaces": [], "createdAt": "2024-02-22T02:29:02.000Z", "inferenceStatus": "not-loaded"}