{"_id": "64ff084ce69fc4d5269e99f6", "id": "BAAI/bge-reranker-base", "modelId": "BAAI/bge-reranker-base", "author": "BAAI", "sha": "2cfc18c9415c912f9d8155881c133215df768a70", "lastModified": "2024-06-24T14:10:03.000Z", "private": false, "disabled": false, "gated": false, "pipeline_tag": "text-classification", "tags": ["sentence-transformers", "pytorch", "onnx", "safetensors", "xlm-roberta", "mteb", "text-embeddings-inference", "text-classification", "en", "zh", "arxiv:2401.03462", "arxiv:2312.15503", "arxiv:2311.13534", "arxiv:2310.07554", "arxiv:2309.07597", "license:mit", "model-index", "region:us"], "downloads": 469335, "library_name": "sentence-transformers", "mask_token": "<mask>", "widgetData": [{"text": "I like you. I love you"}], "likes": 127, "model-index": [{"name": "bge-reranker-base", "results": [{"task": {"type": "Reranking"}, "dataset": {"type": "C-MTEB/CMedQAv1-reranking", "name": "MTEB CMedQAv1", "config": "default", "split": "test", "revision": "None"}, "metrics": [{"type": "map", "value": 81.27206722525007, "verified": false}, {"type": "mrr", "value": 84.14238095238095, "verified": false}]}, {"task": {"type": "Reranking"}, "dataset": {"type": "C-MTEB/CMedQAv2-reranking", "name": "MTEB CMedQAv2", "config": "default", "split": "test", "revision": "None"}, "metrics": [{"type": "map", "value": 84.10369934291236, "verified": false}, {"type": "mrr", "value": 86.79376984126984, "verified": false}]}, {"task": {"type": "Reranking"}, "dataset": {"type": "C-MTEB/Mmarco-reranking", "name": "MTEB MMarcoReranking", "config": "default", "split": "dev", "revision": "None"}, "metrics": [{"type": "map", "value": 35.4600511272538, "verified": false}, {"type": "mrr", "value": 34.60238095238095, "verified": false}]}, {"task": {"type": "Reranking"}, "dataset": {"type": "C-MTEB/T2Reranking", "name": "MTEB T2Reranking", "config": "default", "split": "dev", "revision": "None"}, "metrics": [{"type": "map", "value": 67.27728847727172, "verified": false}, {"type": "mrr", "value": 77.1315192743764, "verified": false}]}]}], "config": {"architectures": ["XLMRobertaForSequenceClassification"], "model_type": "xlm-roberta", "tokenizer_config": {"bos_token": "<s>", "cls_token": "<s>", "eos_token": "</s>", "mask_token": {"__type": "AddedToken", "content": "<mask>", "lstrip": true, "normalized": true, "rstrip": false, "single_word": false}, "pad_token": "<pad>", "sep_token": "</s>", "unk_token": "<unk>"}}, "cardData": {"license": "mit", "language": ["en", "zh"], "tags": ["mteb", "text-embeddings-inference"], "model-index": [{"name": "bge-reranker-base", "results": [{"task": {"type": "Reranking"}, "dataset": {"type": "C-MTEB/CMedQAv1-reranking", "name": "MTEB CMedQAv1", "config": "default", "split": "test", "revision": "None"}, "metrics": [{"type": "map", "value": 81.27206722525007, "verified": false}, {"type": "mrr", "value": 84.14238095238095, "verified": false}]}, {"task": {"type": "Reranking"}, "dataset": {"type": "C-MTEB/CMedQAv2-reranking", "name": "MTEB CMedQAv2", "config": "default", "split": "test", "revision": "None"}, "metrics": [{"type": "map", "value": 84.10369934291236, "verified": false}, {"type": "mrr", "value": 86.79376984126984, "verified": false}]}, {"task": {"type": "Reranking"}, "dataset": {"type": "C-MTEB/Mmarco-reranking", "name": "MTEB MMarcoReranking", "config": "default", "split": "dev", "revision": "None"}, "metrics": [{"type": "map", "value": 35.4600511272538, "verified": false}, {"type": "mrr", "value": 34.60238095238095, "verified": false}]}, {"task": {"type": "Reranking"}, "dataset": {"type": "C-MTEB/T2Reranking", "name": "MTEB T2Reranking", "config": "default", "split": "dev", "revision": "None"}, "metrics": [{"type": "map", "value": 67.27728847727172, "verified": false}, {"type": "mrr", "value": 77.1315192743764, "verified": false}]}]}], "pipeline_tag": "text-classification", "library_name": "sentence-transformers"}, "siblings": [{"rfilename": ".gitattributes"}, {"rfilename": "README.md"}, {"rfilename": "config.json"}, {"rfilename": "model.safetensors"}, {"rfilename": "onnx/model.onnx"}, {"rfilename": "pytorch_model.bin"}, {"rfilename": "sentencepiece.bpe.model"}, {"rfilename": "special_tokens_map.json"}, {"rfilename": "tokenizer.json"}, {"rfilename": "tokenizer_config.json"}], "spaces": ["lingyit1108/ragtest-sakimilo", "Zulelee/langchain-chatchat", "Warlord-K/AVA-Ollama", "NCTCMumbai/Expenditure_observer_bot", "RAMYASRI-39/CHEERFUL_CBSE-10-sci", "scholarly360/contracts_information_retrieval", "pharma-IA/DEV_PharmaWise_GMP_Peru_rr-5-topk20-temp01-gpt4-turbo_v1", "kpal002/FinWise_Explorer", "kpal002/Epitomea-demo-V2", "makanaiii/ragtest-sakimilo", "frasan/test-flask-app", "NCTCMumbai/HSN_Explanatory_notes_Chat_bot", "NCTCMumbai/Customs_Manual_Chatbot", "humans-tech/epitomea-ai", "abhinavshrivastva/RAG", "mrneuralnet/mle-case-study", "RAMYASRI-39/CHEERFUL_CBSE-10-science", "Arthur-75/Space_forSer", "thenativefox/RAG", "malvika2003/openvino_notebooks"], "createdAt": "2023-09-11T12:30:04.000Z", "safetensors": {"parameters": {"I64": 514, "F32": 278044417}, "total": 278044931}, "inferenceStatus": "not-loaded"}