{"_id": "6641e02dafb424f68e76ac88", "id": "BAAI/LLARA-pretrain", "modelId": "BAAI/LLARA-pretrain", "author": "BAAI", "sha": "fb50352c4156a78e4d015164f34e8c5471b0710b", "lastModified": "2024-05-13T10:29:04.000Z", "private": false, "disabled": false, "gated": false, "pipeline_tag": "sentence-similarity", "tags": ["sentence-transformers", "safetensors", "llama", "feature-extraction", "sentence-similarity", "arxiv:2312.15503", "license:mit", "autotrain_compatible", "endpoints_compatible", "region:us"], "downloads": 3, "library_name": "sentence-transformers", "widgetData": [{"source_sentence": "That is a happy person", "sentences": ["That is a happy dog", "That is a very happy person", "Today is a sunny day"]}], "likes": 0, "model-index": null, "config": {"architectures": ["LlamaForCausalLM"], "model_type": "llama", "tokenizer_config": {"bos_token": "<s>", "eos_token": "</s>", "pad_token": "<unk>", "unk_token": "<unk>", "use_default_system_prompt": true}}, "cardData": {"pipeline_tag": "sentence-similarity", "tags": ["sentence-transformers", "feature-extraction", "sentence-similarity"], "license": "mit"}, "siblings": [{"rfilename": ".gitattributes"}, {"rfilename": "README.md"}, {"rfilename": "added_tokens.json"}, {"rfilename": "config.json"}, {"rfilename": "generation_config.json"}, {"rfilename": "model-00001-of-00006.safetensors"}, {"rfilename": "model-00002-of-00006.safetensors"}, {"rfilename": "model-00003-of-00006.safetensors"}, {"rfilename": "model-00004-of-00006.safetensors"}, {"rfilename": "model-00005-of-00006.safetensors"}, {"rfilename": "model-00006-of-00006.safetensors"}, {"rfilename": "model.safetensors.index.json"}, {"rfilename": "special_tokens_map.json"}, {"rfilename": "tokenizer.json"}, {"rfilename": "tokenizer.model"}, {"rfilename": "tokenizer_config.json"}], "spaces": [], "createdAt": "2024-05-13T09:41:01.000Z", "safetensors": {"parameters": {"F32": 6738546688}, "total": 6738546688}, "inferenceStatus": "not-loaded"}