{"_id": "637add713f8f451d6bd7b6e6", "id": "BAAI/EVA", "modelId": "BAAI/EVA", "author": "BAAI", "sha": "2e248c61b528fc69dd82b0c99ec17fa2ab03f622", "lastModified": "2022-12-07T10:33:59.000Z", "private": false, "disabled": false, "gated": false, "tags": ["arxiv:2211.07636", "license:mit", "region:us"], "downloads": 0, "likes": 30, "model-index": null, "cardData": {"license": "mit"}, "siblings": [{"rfilename": ".gitattributes"}, {"rfilename": "README.md"}, {"rfilename": "eva video data list.zip"}, {"rfilename": "eva_21k_1k_336px_psz14_ema_89p6.pt"}, {"rfilename": "eva_21k_1k_560px_psz14_ema_89p7.pt"}, {"rfilename": "eva_21k_224px_psz14.pt"}, {"rfilename": "eva_clip_psz14.pt"}, {"rfilename": "eva_clip_psz14_vision_enc.pt"}, {"rfilename": "eva_clip_vis_enc_sz224_ftcls_89p1.pt"}, {"rfilename": "eva_clip_vis_enc_sz224_lincls_86p5.pth"}, {"rfilename": "eva_clip_vis_enc_sz336_ftcls_89p4.pt"}, {"rfilename": "eva_clip_vis_enc_sz336_lincls_86p5.pth"}, {"rfilename": "eva_coco_det.pth"}, {"rfilename": "eva_coco_seg.pth"}, {"rfilename": "eva_l_psz14.pt"}, {"rfilename": "eva_l_psz14_196px_1k_ft_88p0.pt"}, {"rfilename": "eva_l_psz14_196px_21k_to_1k_ft_88p6.pt"}, {"rfilename": "eva_l_psz14_21k_ft.pt"}, {"rfilename": "eva_l_psz14_336px_1k_ft_88p65.pt"}, {"rfilename": "eva_l_psz14_336px_21k_to_1k_ft_89p2.pt"}, {"rfilename": "eva_lvis.pth"}, {"rfilename": "eva_mimpt_tb_logs.zip"}, {"rfilename": "eva_o365.pth"}, {"rfilename": "eva_psz14.pt"}, {"rfilename": "eva_psz14to16.pt"}, {"rfilename": "eva_sem_seg_mask2former_ade_relpos_layerscale_9dec_ss61p5_ms62p3.pth"}, {"rfilename": "eva_sem_seg_mask2former_ade_ss61p5_ms62p3.pth"}, {"rfilename": "eva_sem_seg_mask2former_cocostuff_53p4.pth"}, {"rfilename": "eva_sem_seg_mask2former_cocostuff_relpos_layerscale_9dec_53p2.pth"}, {"rfilename": "eva_video_k400.pth"}, {"rfilename": "eva_video_k600.pth"}, {"rfilename": "eva_video_k700.pth"}, {"rfilename": "eva_video_k722.pth"}], "spaces": [], "createdAt": "2022-11-21T02:07:45.000Z", "inferenceStatus": "not-loaded"}