{"_id": "64a2294d649f9b505f465d5d", "id": "BAAI/OPI_full_Galactica-6.7B", "modelId": "BAAI/OPI_full_Galactica-6.7B", "author": "BAAI", "sha": "ab4de138f6a669827dd82d7e8ae298346d3b7e82", "lastModified": "2023-09-01T05:48:06.000Z", "private": false, "disabled": false, "gated": false, "pipeline_tag": "text-generation", "tags": ["transformers", "pytorch", "opt", "text-generation", "biology", "en", "dataset:BAAI/OPI", "license:apache-2.0", "autotrain_compatible", "text-generation-inference", "endpoints_compatible", "region:us"], "downloads": 3, "library_name": "transformers", "widgetData": [{"text": "My name is Julien and I like to"}, {"text": "My name is Thomas and my main"}, {"text": "My name is Mariama, my favorite"}, {"text": "My name is Clara and I am"}, {"text": "My name is Lewis and I like to"}, {"text": "My name is Merve and my favorite"}, {"text": "My name is Teven and I am"}, {"text": "Once upon a time,"}], "likes": 4, "model-index": null, "config": {"architectures": ["OPTForCausalLM"], "model_type": "opt", "tokenizer_config": {}}, "cardData": {"license": "apache-2.0", "datasets": ["BAAI/OPI"], "language": ["en"], "pipeline_tag": "text-generation", "tags": ["biology"]}, "transformersInfo": {"auto_model": "AutoModelForCausalLM", "pipeline_tag": "text-generation", "processor": "AutoTokenizer"}, "siblings": [{"rfilename": ".gitattributes"}, {"rfilename": "OPI_demo.gif"}, {"rfilename": "OPI_logo.png"}, {"rfilename": "Overview.png"}, {"rfilename": "README.md"}, {"rfilename": "config.json"}, {"rfilename": "generation_config.json"}, {"rfilename": "model_comparison/Task1.png"}, {"rfilename": "model_comparison/Task2.png"}, {"rfilename": "model_comparison/Task3.png"}, {"rfilename": "model_comparison/Task4.png"}, {"rfilename": "model_comparison/Task5.png"}, {"rfilename": "model_comparison/Task6.png"}, {"rfilename": "model_comparison/Task7.png"}, {"rfilename": "model_comparison/Task8.png"}, {"rfilename": "model_comparison/Task9.png"}, {"rfilename": "pytorch_model-1-of-32.bin"}, {"rfilename": "pytorch_model-10-of-32.bin"}, {"rfilename": "pytorch_model-11-of-32.bin"}, {"rfilename": "pytorch_model-12-of-32.bin"}, {"rfilename": "pytorch_model-13-of-32.bin"}, {"rfilename": "pytorch_model-14-of-32.bin"}, {"rfilename": "pytorch_model-15-of-32.bin"}, {"rfilename": "pytorch_model-16-of-32.bin"}, {"rfilename": "pytorch_model-17-of-32.bin"}, {"rfilename": "pytorch_model-18-of-32.bin"}, {"rfilename": "pytorch_model-19-of-32.bin"}, {"rfilename": "pytorch_model-2-of-32.bin"}, {"rfilename": "pytorch_model-20-of-32.bin"}, {"rfilename": "pytorch_model-21-of-32.bin"}, {"rfilename": "pytorch_model-22-of-32.bin"}, {"rfilename": "pytorch_model-23-of-32.bin"}, {"rfilename": "pytorch_model-24-of-32.bin"}, {"rfilename": "pytorch_model-25-of-32.bin"}, {"rfilename": "pytorch_model-26-of-32.bin"}, {"rfilename": "pytorch_model-27-of-32.bin"}, {"rfilename": "pytorch_model-28-of-32.bin"}, {"rfilename": "pytorch_model-29-of-32.bin"}, {"rfilename": "pytorch_model-3-of-32.bin"}, {"rfilename": "pytorch_model-30-of-32.bin"}, {"rfilename": "pytorch_model-31-of-32.bin"}, {"rfilename": "pytorch_model-32-of-32.bin"}, {"rfilename": "pytorch_model-4-of-32.bin"}, {"rfilename": "pytorch_model-5-of-32.bin"}, {"rfilename": "pytorch_model-6-of-32.bin"}, {"rfilename": "pytorch_model-7-of-32.bin"}, {"rfilename": "pytorch_model-8-of-32.bin"}, {"rfilename": "pytorch_model-9-of-32.bin"}, {"rfilename": "pytorch_model.bin.index.json"}, {"rfilename": "special_tokens_map.json"}, {"rfilename": "tokenizer.json"}, {"rfilename": "tokenizer_config.json"}, {"rfilename": "trainer_state.json"}, {"rfilename": "training_args.bin"}], "spaces": [], "createdAt": "2023-07-03T01:50:05.000Z", "inferenceStatus": "not-loaded"}