{"_id": "642158b6332961f4dfa77171", "id": "BAAI/AltCLIP-m18", "modelId": "BAAI/AltCLIP-m18", "author": "BAAI", "sha": "4e7c13dba5f09db51efb59429de18d3c81473b0d", "lastModified": "2023-04-18T04:15:01.000Z", "private": false, "disabled": false, "gated": false, "pipeline_tag": "zero-shot-image-classification", "tags": ["transformers", "pytorch", "altclip", "zero-shot-image-classification", "arxiv:2211.06679", "endpoints_compatible", "region:us"], "downloads": 1690, "library_name": "transformers", "likes": 4, "config": {"architectures": ["AltCLIPModel"], "model_type": "altclip", "tokenizer_config": {"bos_token": "<s>", "cls_token": "<s>", "eos_token": "</s>", "mask_token": {"__type": "AddedToken", "content": "<mask>", "lstrip": true, "normalized": true, "rstrip": false, "single_word": false}, "pad_token": "<pad>", "sep_token": "</s>", "unk_token": "<unk>"}}, "transformersInfo": {"auto_model": "AutoModelForZeroShotImageClassification", "pipeline_tag": "zero-shot-image-classification", "processor": "AutoProcessor"}, "siblings": [{"rfilename": ".gitattributes"}, {"rfilename": "README.md"}, {"rfilename": "config.json"}, {"rfilename": "preprocessor_config.json"}, {"rfilename": "pytorch_model.bin"}, {"rfilename": "sentencepiece.bpe.model"}, {"rfilename": "special_tokens_map.json"}, {"rfilename": "tokenizer.json"}, {"rfilename": "tokenizer_config.json"}], "spaces": [], "createdAt": "2023-03-27T08:49:58.000Z", "inferenceStatus": "not-loaded"}