{"_id": "6565b29f74be0169d82f0307", "id": "BAAI/SegVol", "modelId": "BAAI/SegVol", "author": "BAAI", "sha": "516701d5bef430604a13f5db7ce896149d075663", "lastModified": "2024-04-19T08:23:49.000Z", "private": false, "disabled": false, "gated": false, "pipeline_tag": "feature-extraction", "tags": ["transformers", "pytorch", "segvol", "feature-extraction", "custom_code", "arxiv:2311.13385", "region:us"], "downloads": 138, "library_name": "transformers", "likes": 7, "config": {"architectures": ["SegVolModel"], "auto_map": {"AutoConfig": "model_segvol_single.SegVolConfig", "AutoModel": "model_segvol_single.SegVolModel"}, "model_type": "segvol", "tokenizer_config": {"unk_token": {"content": "<|endoftext|>", "single_word": false, "lstrip": false, "rstrip": false, "normalized": true, "__type": "AddedToken"}, "bos_token": {"content": "<|startoftext|>", "single_word": false, "lstrip": false, "rstrip": false, "normalized": true, "__type": "AddedToken"}, "eos_token": {"content": "<|endoftext|>", "single_word": false, "lstrip": false, "rstrip": false, "normalized": true, "__type": "AddedToken"}, "pad_token": "<|endoftext|>"}}, "transformersInfo": {"auto_model": "AutoModel", "custom_class": "model_segvol_single.SegVolModel", "pipeline_tag": "feature-extraction"}, "siblings": [{"rfilename": ".gitattributes"}, {"rfilename": "Case_image_00001_0000.nii.gz"}, {"rfilename": "Case_label_00001.nii.gz"}, {"rfilename": "README.md"}, {"rfilename": "config.json"}, {"rfilename": "merges.txt"}, {"rfilename": "model_segvol_single.py"}, {"rfilename": "pytorch_model.bin"}, {"rfilename": "special_tokens_map.json"}, {"rfilename": "tokenizer.json"}, {"rfilename": "tokenizer_config.json"}, {"rfilename": "vit_pretrain.ckpt"}, {"rfilename": "vocab.json"}], "spaces": ["DiGuaQiu/MRSegmentator"], "createdAt": "2023-11-28T09:27:59.000Z", "inferenceStatus": "not-loaded"}