{"_id": "6481826915c5dc5290627d6b", "id": "BAAI/Aquila-7B", "modelId": "BAAI/Aquila-7B", "author": "BAAI", "sha": "2a5a253870c87efb4bef045081f747d8b4afa80e", "lastModified": "2023-09-18T08:26:37.000Z", "private": false, "disabled": false, "gated": false, "tags": ["transformers", "pytorch", "aquila", "custom_code", "license:other", "endpoints_compatible", "region:us"], "downloads": 1643, "library_name": "transformers", "likes": 16, "model-index": null, "config": {"model_type": "aquila", "architectures": ["AquilaModel"], "auto_map": {"AutoConfig": "configuration_aquila.AquilaConfig", "AutoModelForCausalLM": "modeling_aquila.AquilaForCausalLM"}, "tokenizer_config": {"bos_token": "<|endoftext|>", "eos_token": "<|endoftext|>", "unk_token": "<|endoftext|>"}}, "cardData": {"license": "other"}, "transformersInfo": {"auto_model": "AutoModel"}, "siblings": [{"rfilename": ".gitattributes"}, {"rfilename": "BAAI Aquila Model License Agreement.pdf"}, {"rfilename": "README.md"}, {"rfilename": "README_zh.md"}, {"rfilename": "change_log.log"}, {"rfilename": "config.json"}, {"rfilename": "configuration_aquila.py"}, {"rfilename": "cyg_conversation.py"}, {"rfilename": "generation_config.json"}, {"rfilename": "log.jpeg"}, {"rfilename": "merges.txt"}, {"rfilename": "modeling_aquila.py"}, {"rfilename": "pytorch_model-00001-of-00002.bin"}, {"rfilename": "pytorch_model-00002-of-00002.bin"}, {"rfilename": "pytorch_model.bin.index.json"}, {"rfilename": "tokenizer.json"}, {"rfilename": "tokenizer_config.json"}, {"rfilename": "vocab.json"}], "spaces": ["eduagarcia/open_pt_llm_leaderboard", "Zulelee/langchain-chatchat"], "createdAt": "2023-06-08T07:25:29.000Z", "inferenceStatus": "not-loaded"}