{"_id": "663d0aa1251a8348c3624736", "id": "Baane0690/Crop", "modelId": "Baane0690/Crop", "author": "Baane0690", "sha": "854b81f72e4d438278a75adf59c0242d7383953f", "lastModified": "2024-05-09T17:42:01.000Z", "private": false, "disabled": false, "gated": false, "tags": ["region:us"], "downloads": 0, "likes": 0, "siblings": [{"rfilename": ".gitattributes"}, {"rfilename": "Crop_Sweater+Pencil_Skirt.safetensors"}], "spaces": [], "createdAt": "2024-05-09T17:40:49.000Z", "inferenceStatus": "not-loaded"}