{"_id": "65140a48976c27aa7e27da1f", "id": "baayematar/wolof", "modelId": "baayematar/wolof", "author": "baayematar", "sha": "7ac7cde2c21bd0fbb5ace25bd8d8164b2f70d554", "lastModified": "2023-09-27T11:02:20.000Z", "private": false, "disabled": false, "gated": false, "pipeline_tag": "automatic-speech-recognition", "tags": ["transformers", "pytorch", "wav2vec2", "automatic-speech-recognition", "generated_from_trainer", "base_model:facebook/wav2vec2-xls-r-300m", "license:apache-2.0", "endpoints_compatible", "region:us"], "downloads": 1, "library_name": "transformers", "likes": 0, "model-index": [{"name": "wolof", "results": []}], "config": {"architectures": ["Wav2Vec2ForCTC"], "model_type": "wav2vec2", "tokenizer_config": {"bos_token": "<s>", "eos_token": "</s>", "pad_token": "[PAD]", "unk_token": "[UNK]"}}, "cardData": {"license": "apache-2.0", "base_model": "facebook/wav2vec2-xls-r-300m", "tags": ["generated_from_trainer"], "metrics": ["wer"], "model-index": [{"name": "wolof", "results": []}]}, "transformersInfo": {"auto_model": "AutoModelForCTC", "pipeline_tag": "automatic-speech-recognition", "processor": "AutoProcessor"}, "siblings": [{"rfilename": ".gitattributes"}, {"rfilename": "README.md"}, {"rfilename": "config.json"}, {"rfilename": "preprocessor_config.json"}, {"rfilename": "pytorch_model.bin"}, {"rfilename": "special_tokens_map.json"}, {"rfilename": "tokenizer_config.json"}, {"rfilename": "training_args.bin"}, {"rfilename": "vocab.json"}], "spaces": [], "createdAt": "2023-09-27T10:56:08.000Z", "inferenceStatus": "not-loaded"}