{"_id": "64e73f4dccfe005d2b0f0233", "id": "BabaYaga048/rl_course_vizdoom_health_gathering_supreme", "modelId": "BabaYaga048/rl_course_vizdoom_health_gathering_supreme", "author": "BabaYaga048", "sha": "82378340bfc4957a31bf272b5ae806454aa07dda", "lastModified": "2023-08-24T11:41:13.000Z", "private": false, "disabled": false, "gated": false, "pipeline_tag": "reinforcement-learning", "tags": ["sample-factory", "tensorboard", "deep-reinforcement-learning", "reinforcement-learning", "model-index", "region:us"], "downloads": 0, "library_name": "sample-factory", "likes": 0, "model-index": [{"name": "APPO", "results": [{"task": {"type": "reinforcement-learning", "name": "reinforcement-learning"}, "dataset": {"name": "doom_health_gathering_supreme", "type": "doom_health_gathering_supreme"}, "metrics": [{"type": "mean_reward", "value": "20.56 +/- 1.31", "name": "mean_reward", "verified": false}]}]}], "config": {}, "cardData": {"library_name": "sample-factory", "tags": ["deep-reinforcement-learning", "reinforcement-learning", "sample-factory"], "model-index": [{"name": "APPO", "results": [{"task": {"type": "reinforcement-learning", "name": "reinforcement-learning"}, "dataset": {"name": "doom_health_gathering_supreme", "type": "doom_health_gathering_supreme"}, "metrics": [{"type": "mean_reward", "value": "20.56 +/- 1.31", "name": "mean_reward", "verified": false}]}]}]}, "siblings": [{"rfilename": ".gitattributes"}, {"rfilename": ".summary/0/events.out.tfevents.1666554178.r12i0n7"}, {"rfilename": ".summary/0/events.out.tfevents.1692874414.e2f3e10af158"}, {"rfilename": "README.md"}, {"rfilename": "checkpoint_p0/best_000000622_2547712_reward_5.126.pth"}, {"rfilename": "checkpoint_p0/best_000466273_3819708416_reward_63.056.pth"}, {"rfilename": "checkpoint_p0/checkpoint_000000920_3768320.pth"}, {"rfilename": "checkpoint_p0/checkpoint_000000978_4005888.pth"}, {"rfilename": "checkpoint_p0/checkpoint_000538763_4413546496.pth"}, {"rfilename": "checkpoint_p0/checkpoint_000539850_4422451200.pth"}, {"rfilename": "config.json"}, {"rfilename": "replay.mp4"}], "spaces": [], "createdAt": "2023-08-24T11:30:21.000Z", "inferenceStatus": "not-loaded"}