{"_id": "665c76fe77e7da303f65a85a", "id": "Babareys/Ubel_SDXL", "modelId": "Babareys/Ubel_SDXL", "author": "Babareys", "sha": "c64e0d89ade9c1855804b9e21d57628e767cf04a", "lastModified": "2024-06-02T13:44:57.000Z", "private": false, "disabled": false, "gated": false, "tags": ["region:us"], "downloads": 0, "likes": 0, "siblings": [{"rfilename": ".gitattributes"}, {"rfilename": "Ubel_PonyXL-000015.safetensors"}], "spaces": [], "createdAt": "2024-06-02T13:43:26.000Z", "inferenceStatus": "not-loaded"}