{"_id": "64ec61cd1704bc368978171f", "id": "Babak-Behkamkia/bert_VAST_long3", "modelId": "Babak-Behkamkia/bert_VAST_long3", "author": "Babak-Behkamkia", "sha": "189a52987c963e9207586e4cf2239123f4d12589", "lastModified": "2023-08-28T08:59:10.000Z", "private": false, "disabled": false, "gated": false, "pipeline_tag": "text-classification", "tags": ["transformers", "pytorch", "bert", "text-classification", "autotrain_compatible", "endpoints_compatible", "region:us"], "downloads": 6, "library_name": "transformers", "mask_token": "[MASK]", "widgetData": [{"text": "I like you. I love you"}], "likes": 0, "config": {"architectures": ["BertForSequenceClassification"], "model_type": "bert", "tokenizer_config": {"cls_token": "[CLS]", "mask_token": "[MASK]", "pad_token": "[PAD]", "sep_token": "[SEP]", "unk_token": "[UNK]"}}, "transformersInfo": {"auto_model": "AutoModelForSequenceClassification", "pipeline_tag": "text-classification", "processor": "AutoTokenizer"}, "siblings": [{"rfilename": ".gitattributes"}, {"rfilename": "config.json"}, {"rfilename": "pytorch_model.bin"}, {"rfilename": "special_tokens_map.json"}, {"rfilename": "tokenizer_config.json"}, {"rfilename": "vocab.txt"}], "spaces": [], "createdAt": "2023-08-28T08:58:53.000Z", "inferenceStatus": "not-loaded"}