{"_id": "63b19f71f9b8103903a63db1", "id": "babark/wav2vec2-base-urdu-commonvoice-google-colab", "modelId": "babark/wav2vec2-base-urdu-commonvoice-google-colab", "author": "babark", "sha": "1627cfbb558d3b3f31bd71bcab7023f633a46e9c", "lastModified": "2023-01-02T16:27:09.000Z", "private": false, "disabled": false, "gated": false, "pipeline_tag": "automatic-speech-recognition", "tags": ["transformers", "pytorch", "wav2vec2", "automatic-speech-recognition", "generated_from_trainer", "license:apache-2.0", "endpoints_compatible", "region:us"], "downloads": 2, "library_name": "transformers", "likes": 1, "model-index": [{"name": "wav2vec2-base-urdu-commonvoice-google-colab", "results": []}], "config": {"architectures": ["Wav2Vec2ForCTC"], "model_type": "wav2vec2"}, "cardData": {"license": "apache-2.0", "tags": ["generated_from_trainer"], "model-index": [{"name": "wav2vec2-base-urdu-commonvoice-google-colab", "results": []}]}, "transformersInfo": {"auto_model": "AutoModelForCTC", "pipeline_tag": "automatic-speech-recognition", "processor": "AutoProcessor"}, "siblings": [{"rfilename": " tokenizer_config.json"}, {"rfilename": ".gitattributes"}, {"rfilename": ".gitignore"}, {"rfilename": "README.md"}, {"rfilename": "config.json"}, {"rfilename": "preprocessor_config.json"}, {"rfilename": "pytorch_model.bin"}, {"rfilename": "training_args.bin"}, {"rfilename": "vocab.json"}], "spaces": [], "createdAt": "2023-01-01T14:57:53.000Z", "inferenceStatus": "not-loaded"}