{"_id": "64d7618d2fe2c1126434bf60", "id": "BabaYaga048/ppo-SnowballTarget", "modelId": "BabaYaga048/ppo-SnowballTarget", "author": "BabaYaga048", "sha": "8d3c71d9dcbe81148d465e8a6fa670c4d75fe430", "lastModified": "2023-08-12T10:50:25.000Z", "private": false, "disabled": false, "gated": false, "pipeline_tag": "reinforcement-learning", "tags": ["ml-agents", "tensorboard", "onnx", "SnowballTarget", "deep-reinforcement-learning", "reinforcement-learning", "ML-Agents-SnowballTarget", "region:us"], "downloads": 2, "library_name": "ml-agents", "likes": 0, "model-index": null, "config": {}, "cardData": {"library_name": "ml-agents", "tags": ["SnowballTarget", "deep-reinforcement-learning", "reinforcement-learning", "ML-Agents-SnowballTarget"]}, "siblings": [{"rfilename": ".gitattributes"}, {"rfilename": "README.md"}, {"rfilename": "SnowballTarget.onnx"}, {"rfilename": "SnowballTarget/SnowballTarget-149984.onnx"}, {"rfilename": "SnowballTarget/SnowballTarget-149984.pt"}, {"rfilename": "SnowballTarget/SnowballTarget-199984.onnx"}, {"rfilename": "SnowballTarget/SnowballTarget-199984.pt"}, {"rfilename": "SnowballTarget/SnowballTarget-200112.onnx"}, {"rfilename": "SnowballTarget/SnowballTarget-200112.pt"}, {"rfilename": "SnowballTarget/SnowballTarget-49936.onnx"}, {"rfilename": "SnowballTarget/SnowballTarget-49936.pt"}, {"rfilename": "SnowballTarget/SnowballTarget-99960.onnx"}, {"rfilename": "SnowballTarget/SnowballTarget-99960.pt"}, {"rfilename": "SnowballTarget/checkpoint.pt"}, {"rfilename": "SnowballTarget/events.out.tfevents.1691836936.295e696f2769.2301.0"}, {"rfilename": "config.json"}, {"rfilename": "configuration.yaml"}, {"rfilename": "run_logs/Player-0.log"}, {"rfilename": "run_logs/timers.json"}, {"rfilename": "run_logs/training_status.json"}], "spaces": [], "createdAt": "2023-08-12T10:40:13.000Z", "inferenceStatus": "not-loaded"}