{"_id": "64d7e50dd9d00dcb1192265c", "id": "BabaYaga048/Pyramids", "modelId": "BabaYaga048/Pyramids", "author": "BabaYaga048", "sha": "95e85e1cd48561f26c1dbfa501b34c231f599c73", "lastModified": "2023-08-12T20:01:20.000Z", "private": false, "disabled": false, "gated": false, "pipeline_tag": "reinforcement-learning", "tags": ["ml-agents", "tensorboard", "onnx", "Pyramids", "deep-reinforcement-learning", "reinforcement-learning", "ML-Agents-Pyramids", "region:us"], "downloads": 8, "library_name": "ml-agents", "likes": 0, "model-index": null, "config": {}, "cardData": {"library_name": "ml-agents", "tags": ["Pyramids", "deep-reinforcement-learning", "reinforcement-learning", "ML-Agents-Pyramids"]}, "siblings": [{"rfilename": ".gitattributes"}, {"rfilename": "Pyramids.onnx"}, {"rfilename": "Pyramids/Pyramids-0.onnx"}, {"rfilename": "Pyramids/Pyramids-0.pt"}, {"rfilename": "Pyramids/Pyramids-1000109.onnx"}, {"rfilename": "Pyramids/Pyramids-1000109.pt"}, {"rfilename": "Pyramids/Pyramids-499961.onnx"}, {"rfilename": "Pyramids/Pyramids-499961.pt"}, {"rfilename": "Pyramids/Pyramids-999981.onnx"}, {"rfilename": "Pyramids/Pyramids-999981.pt"}, {"rfilename": "Pyramids/checkpoint.pt"}, {"rfilename": "Pyramids/events.out.tfevents.1691867757.cb0f335f8167.2352.0"}, {"rfilename": "README.md"}, {"rfilename": "config.json"}, {"rfilename": "configuration.yaml"}, {"rfilename": "run_logs/Player-0.log"}, {"rfilename": "run_logs/timers.json"}, {"rfilename": "run_logs/training_status.json"}], "spaces": [], "createdAt": "2023-08-12T20:01:17.000Z", "inferenceStatus": "not-loaded"}