{"_id": "6459851539e6aea69cc72d0e", "id": "BabayTrans/sadas", "modelId": "BabayTrans/sadas", "author": "BabayTrans", "sha": "729d1ff6b3d1cefcbc29ff9f793a5a07a31c7217", "lastModified": "2023-05-08T23:49:46.000Z", "private": false, "disabled": false, "gated": false, "tags": ["license:other", "region:us"], "downloads": 0, "likes": 0, "model-index": null, "cardData": {"license": "other"}, "siblings": [{"rfilename": ".gitattributes"}, {"rfilename": "README.md"}, {"rfilename": "kenshi_01.safetensors"}], "spaces": [], "createdAt": "2023-05-08T23:26:13.000Z", "inferenceStatus": "not-loaded"}