{"_id": "63b00d0d45d9ac7cb69f7ff8", "id": "babark/wav2vec2-base-timit-demo-google-colab", "modelId": "babark/wav2vec2-base-timit-demo-google-colab", "author": "babark", "sha": "4e5d009261333375884d621e7a7995d40253ec3f", "lastModified": "2022-12-31T10:21:01.000Z", "private": false, "disabled": false, "gated": false, "tags": ["region:us"], "downloads": 0, "likes": 0, "siblings": [{"rfilename": ".gitattributes"}], "spaces": [], "createdAt": "2022-12-31T10:21:01.000Z", "inferenceStatus": "not-loaded"}