{"_id": "64d881d8d38302bf80f4b966", "id": "BabaYaga048/a2c-PandaReachDense-v3", "modelId": "BabaYaga048/a2c-PandaReachDense-v3", "author": "BabaYaga048", "sha": "b6230bf7b892cebb309936b249963f10dbe053f9", "lastModified": "2023-08-13T11:25:57.000Z", "private": false, "disabled": false, "gated": false, "pipeline_tag": "reinforcement-learning", "tags": ["stable-baselines3", "PandaReachDense-v3", "deep-reinforcement-learning", "reinforcement-learning", "model-index", "region:us"], "downloads": 1, "library_name": "stable-baselines3", "likes": 0, "model-index": [{"name": "A2C", "results": [{"task": {"type": "reinforcement-learning", "name": "reinforcement-learning"}, "dataset": {"name": "PandaReachDense-v3", "type": "PandaReachDense-v3"}, "metrics": [{"type": "mean_reward", "value": "-0.23 +/- 0.11", "name": "mean_reward", "verified": false}]}]}], "config": {}, "cardData": {"library_name": "stable-baselines3", "tags": ["PandaReachDense-v3", "deep-reinforcement-learning", "reinforcement-learning", "stable-baselines3"], "model-index": [{"name": "A2C", "results": [{"task": {"type": "reinforcement-learning", "name": "reinforcement-learning"}, "dataset": {"name": "PandaReachDense-v3", "type": "PandaReachDense-v3"}, "metrics": [{"type": "mean_reward", "value": "-0.23 +/- 0.11", "name": "mean_reward", "verified": false}]}]}]}, "siblings": [{"rfilename": ".gitattributes"}, {"rfilename": "README.md"}, {"rfilename": "a2c-PandaReachDense-v3.zip"}, {"rfilename": "a2c-PandaReachDense-v3/_stable_baselines3_version"}, {"rfilename": "a2c-PandaReachDense-v3/data"}, {"rfilename": "a2c-PandaReachDense-v3/policy.optimizer.pth"}, {"rfilename": "a2c-PandaReachDense-v3/policy.pth"}, {"rfilename": "a2c-PandaReachDense-v3/pytorch_variables.pth"}, {"rfilename": "a2c-PandaReachDense-v3/system_info.txt"}, {"rfilename": "config.json"}, {"rfilename": "replay.mp4"}, {"rfilename": "results.json"}, {"rfilename": "vec_normalize.pkl"}], "spaces": [], "createdAt": "2023-08-13T07:10:16.000Z", "inferenceStatus": "not-loaded"}