{"_id": "63b1fc3e000cd823284140b5", "id": "babark/wav2vec2-base-urdu-commonvoice-google-colab1", "modelId": "babark/wav2vec2-base-urdu-commonvoice-google-colab1", "author": "babark", "sha": "54a106bd5c75c829cc524cc42ce72d31e5a0986b", "lastModified": "2023-01-01T21:33:50.000Z", "private": false, "disabled": false, "gated": false, "tags": ["region:us"], "downloads": 0, "likes": 0, "siblings": [{"rfilename": ".gitattributes"}], "spaces": [], "createdAt": "2023-01-01T21:33:50.000Z", "inferenceStatus": "not-loaded"}