{"_id": "636bd3817631fe5e860040b7", "id": "babariko/babarikopavel", "modelId": "babariko/babarikopavel", "author": "babariko", "sha": "f73c023abd753adaa5454723657f802e606ded25", "lastModified": "2022-11-09T16:21:21.000Z", "private": false, "disabled": false, "gated": false, "tags": ["license:openrail", "region:us"], "downloads": 0, "likes": 0, "model-index": null, "cardData": {"license": "openrail"}, "siblings": [{"rfilename": ".gitattributes"}, {"rfilename": "README.md"}], "spaces": [], "createdAt": "2022-11-09T16:21:21.000Z", "inferenceStatus": "not-loaded"}