{"_id": "655d320b4471bd9570697067", "id": "Babak-Behkamkia/bert_emotion", "modelId": "Babak-Behkamkia/bert_emotion", "author": "Babak-Behkamkia", "sha": "c7f030b38dfcb38fcc27baebc7b671341d7a805d", "lastModified": "2023-11-21T22:41:51.000Z", "private": false, "disabled": false, "gated": false, "pipeline_tag": "text-classification", "tags": ["transformers", "safetensors", "bert", "text-classification", "autotrain_compatible", "endpoints_compatible", "region:us"], "downloads": 2, "library_name": "transformers", "mask_token": "[MASK]", "widgetData": [{"text": "I like you. I love you"}], "likes": 0, "config": {"architectures": ["BertForSequenceClassification"], "model_type": "bert", "tokenizer_config": {"cls_token": "[CLS]", "mask_token": "[MASK]", "pad_token": "[PAD]", "sep_token": "[SEP]", "unk_token": "[UNK]"}}, "transformersInfo": {"auto_model": "AutoModelForSequenceClassification", "pipeline_tag": "text-classification", "processor": "AutoTokenizer"}, "siblings": [{"rfilename": ".gitattributes"}, {"rfilename": "config.json"}, {"rfilename": "model.safetensors"}, {"rfilename": "special_tokens_map.json"}, {"rfilename": "tokenizer_config.json"}, {"rfilename": "vocab.txt"}], "spaces": [], "createdAt": "2023-11-21T22:41:15.000Z", "safetensors": {"parameters": {"F32": 108316424}, "total": 108316424}, "inferenceStatus": "not-loaded"}