{"_id": "656cc781b9fa60e33dfbbb29", "id": "babak059/Day", "modelId": "babak059/Day", "author": "babak059", "sha": "18a538ebd0c003284a0bd5c11edde43b16858b06", "lastModified": "2023-12-03T18:22:57.000Z", "private": false, "disabled": false, "gated": false, "tags": ["license:afl-3.0", "region:us"], "downloads": 0, "likes": 0, "model-index": null, "cardData": {"license": "afl-3.0"}, "siblings": [{"rfilename": ".gitattributes"}, {"rfilename": "README.md"}], "spaces": [], "createdAt": "2023-12-03T18:22:57.000Z", "inferenceStatus": "not-loaded"}