{"_id": "644ec8d2ddf20748b05e75dd", "id": "Babak-Behkamkia/bert_VAST_train_only", "modelId": "Babak-Behkamkia/bert_VAST_train_only", "author": "Babak-Behkamkia", "sha": "cf9b77bc4cd3533d8cd0f5f1a6f39ed48eda2d02", "lastModified": "2023-08-15T16:51:11.000Z", "private": false, "disabled": false, "gated": false, "pipeline_tag": "text-classification", "tags": ["transformers", "pytorch", "bert", "text-classification", "autotrain_compatible", "endpoints_compatible", "region:us"], "downloads": 10, "library_name": "transformers", "mask_token": "[MASK]", "widgetData": [{"text": "I like you. I love you"}], "likes": 0, "config": {"architectures": ["BertForSequenceClassification"], "model_type": "bert", "tokenizer_config": {"cls_token": "[CLS]", "mask_token": "[MASK]", "pad_token": "[PAD]", "sep_token": "[SEP]", "unk_token": "[UNK]"}}, "transformersInfo": {"auto_model": "AutoModelForSequenceClassification", "pipeline_tag": "text-classification", "processor": "AutoTokenizer"}, "siblings": [{"rfilename": ".gitattributes"}, {"rfilename": "config.json"}, {"rfilename": "pytorch_model.bin"}, {"rfilename": "special_tokens_map.json"}, {"rfilename": "tokenizer.json"}, {"rfilename": "tokenizer_config.json"}, {"rfilename": "vocab.txt"}], "spaces": ["tsaic30/Babak-Behkamkia-bert_VAST_train_only"], "createdAt": "2023-04-30T20:00:18.000Z", "inferenceStatus": "not-loaded"}