{"_id": "63f2e321416e62032b7c2755", "id": "Babbu/Sofia", "modelId": "Babbu/Sofia", "author": "Babbu", "sha": "6e0b6c13a57e813487724c57a9f8f4c225cf1ca6", "lastModified": "2023-02-20T03:04:01.000Z", "private": false, "disabled": false, "gated": false, "tags": ["license:openrail", "region:us"], "downloads": 0, "likes": 0, "model-index": null, "cardData": {"license": "openrail"}, "siblings": [{"rfilename": ".gitattributes"}, {"rfilename": "README.md"}], "spaces": [], "createdAt": "2023-02-20T03:04:01.000Z", "inferenceStatus": "not-loaded"}