{"_id": "64872feb1b860f220a2aeda1", "id": "Babelscape/mrebel-large-32", "modelId": "Babelscape/mrebel-large-32", "author": "Babelscape", "sha": "25cd190ea0ed547cd388b2952bc26a34ccef4eeb", "lastModified": "2023-06-22T16:09:51.000Z", "private": false, "disabled": false, "gated": false, "pipeline_tag": "translation", "tags": ["transformers", "pytorch", "safetensors", "mbart", "text2text-generation", "seq2seq", "relation-extraction", "translation", "ar", "ca", "de", "el", "en", "es", "fr", "hi", "it", "ja", "ko", "nl", "pl", "pt", "ru", "sv", "vi", "zh", "arxiv:2306.09802", "license:cc-by-nc-sa-4.0", "autotrain_compatible", "endpoints_compatible", "region:us"], "downloads": 48, "library_name": "transformers", "widgetData": [{"text": "I Red Hot Chili Peppers sono stati formati a Los Angeles da Kiedis, Flea, il chitarrista Hillel Slovak e il batterista Jack Irons.", "example_title": "Italian"}], "likes": 5, "model-index": null, "config": {"architectures": ["MBartForConditionalGeneration"], "model_type": "mbart", "tokenizer_config": {"eos_token": "</s>", "sep_token": "</s>", "cls_token": "<s>", "unk_token": "<unk>", "pad_token": "<pad>", "mask_token": {"content": "<mask>", "single_word": false, "lstrip": true, "rstrip": false, "normalized": true, "__type": "AddedToken"}, "bos_token": "<s>"}}, "cardData": {"language": ["ar", "ca", "de", "el", "en", "es", "fr", "hi", "it", "ja", "ko", "nl", "pl", "pt", "ru", "sv", "vi", "zh"], "widget": [{"text": "I Red Hot Chili Peppers sono stati formati a Los Angeles da Kiedis, Flea, il chitarrista Hillel Slovak e il batterista Jack Irons.", "example_title": "Italian"}], "inference": {"parameters": {"decoder_start_token_id": 250058, "src_lang": "it_IT", "tgt_lang": "<triplet>"}}, "tags": ["seq2seq", "relation-extraction"], "license": "cc-by-nc-sa-4.0", "pipeline_tag": "translation"}, "transformersInfo": {"auto_model": "AutoModelForSeq2SeqLM", "pipeline_tag": "text2text-generation", "processor": "AutoTokenizer"}, "siblings": [{"rfilename": ".gitattributes"}, {"rfilename": "README.md"}, {"rfilename": "added_tokens.json"}, {"rfilename": "config.json"}, {"rfilename": "model.safetensors"}, {"rfilename": "pytorch_model.bin"}, {"rfilename": "sentencepiece.bpe.model"}, {"rfilename": "special_tokens_map.json"}, {"rfilename": "tokenizer.json"}, {"rfilename": "tokenizer_config.json"}], "spaces": [], "createdAt": "2023-06-12T14:47:07.000Z", "safetensors": {"parameters": {"F32": 611146967}, "total": 611146967}, "inferenceStatus": "not-loaded"}