{"_id": "6487362c4c7e88f5630af4f1", "id": "Babelscape/mrebel-base", "modelId": "Babelscape/mrebel-base", "author": "Babelscape", "sha": "233588d0d9f1d3c00661f52acd19920b21b7424f", "lastModified": "2023-06-22T16:10:08.000Z", "private": false, "disabled": false, "gated": false, "pipeline_tag": "translation", "tags": ["transformers", "pytorch", "safetensors", "m2m_100", "text2text-generation", "seq2seq", "relation-extraction", "translation", "ar", "ca", "de", "el", "en", "es", "fr", "hi", "it", "ja", "ko", "nl", "pl", "pt", "ru", "sv", "vi", "zh", "arxiv:2306.09802", "license:cc-by-nc-sa-4.0", "autotrain_compatible", "endpoints_compatible", "region:us"], "downloads": 38, "library_name": "transformers", "widgetData": [{"text": "The Red Hot Chili Peppers were formed in Los Angeles by Kiedis, Flea, guitarist Hillel Slovak and drummer Jack Irons.", "example_title": "English"}], "likes": 5, "model-index": null, "config": {"architectures": ["M2M100ForConditionalGeneration"], "model_type": "m2m_100", "tokenizer_config": {"bos_token": "<s>", "eos_token": "</s>", "sep_token": "</s>", "unk_token": "<unk>", "pad_token": "<pad>"}}, "cardData": {"language": ["ar", "ca", "de", "el", "en", "es", "fr", "hi", "it", "ja", "ko", "nl", "pl", "pt", "ru", "sv", "vi", "zh"], "widget": [{"text": "The Red Hot Chili Peppers were formed in Los Angeles by Kiedis, Flea, guitarist Hillel Slovak and drummer Jack Irons.", "example_title": "English"}], "inference": {"parameters": {"src_lang": "en", "tgt_lang": "en"}}, "tags": ["seq2seq", "relation-extraction"], "license": "cc-by-nc-sa-4.0", "pipeline_tag": "translation"}, "transformersInfo": {"auto_model": "AutoModelForSeq2SeqLM", "pipeline_tag": "text2text-generation", "processor": "AutoTokenizer"}, "siblings": [{"rfilename": ".gitattributes"}, {"rfilename": "README.md"}, {"rfilename": "added_tokens.json"}, {"rfilename": "config.json"}, {"rfilename": "model.safetensors"}, {"rfilename": "pytorch_model.bin"}, {"rfilename": "sentencepiece.bpe.model"}, {"rfilename": "special_tokens_map.json"}, {"rfilename": "tokenizer_config.json"}, {"rfilename": "vocab.json"}], "spaces": [], "createdAt": "2023-06-12T15:13:48.000Z", "safetensors": {"parameters": {"F32": 483922944}, "total": 483922944}, "inferenceStatus": "not-loaded"}