{"_id": "648b0db9d551afa41345d96a", "id": "Babelscape/mdeberta-v3-base-triplet-critic-xnli", "modelId": "Babelscape/mdeberta-v3-base-triplet-critic-xnli", "author": "Babelscape", "sha": "4b23576933ab640ead99910f894fbcb223d2ab9e", "lastModified": "2023-06-22T16:10:30.000Z", "private": false, "disabled": false, "gated": false, "pipeline_tag": "text-classification", "tags": ["transformers", "pytorch", "safetensors", "deberta-v2", "text-classification", "ar", "fr", "es", "de", "el", "bg", "ru", "tr", "vi", "th", "zh", "hi", "sw", "ur", "dataset:xnli", "dataset:Babelscape/REDFM", "arxiv:2306.09802", "autotrain_compatible", "endpoints_compatible", "region:us"], "downloads": 1795, "library_name": "transformers", "mask_token": "[MASK]", "widgetData": [{"text": "The Red Hot Chili Peppers were formed in Los Angeles by Kiedis, Flea, Hillel Slovak and Jack Irons. [SEP] Jack Irons place of birth Los Angeles"}], "likes": 8, "model-index": null, "config": {"architectures": ["DebertaV2ForSequenceClassification"], "model_type": "deberta-v2", "tokenizer_config": {"bos_token": "[CLS]", "cls_token": "[CLS]", "eos_token": "[SEP]", "mask_token": "[MASK]", "pad_token": "[PAD]", "sep_token": "[SEP]", "unk_token": "[UNK]"}}, "cardData": {"language": ["ar", "fr", "es", "de", "el", "bg", "ru", "tr", "vi", "th", "zh", "hi", "sw", "ur"], "datasets": ["xnli", "Babelscape/REDFM"], "widget": [{"text": "The Red Hot Chili Peppers were formed in Los Angeles by Kiedis, Flea, Hillel Slovak and Jack Irons. [SEP] Jack Irons place of birth Los Angeles"}]}, "transformersInfo": {"auto_model": "AutoModelForSequenceClassification", "pipeline_tag": "text-classification", "processor": "AutoTokenizer"}, "siblings": [{"rfilename": ".gitattributes"}, {"rfilename": "README.md"}, {"rfilename": "added_tokens.json"}, {"rfilename": "config.json"}, {"rfilename": "model.safetensors"}, {"rfilename": "pytorch_model.bin"}, {"rfilename": "special_tokens_map.json"}, {"rfilename": "spm.model"}, {"rfilename": "tokenizer.json"}, {"rfilename": "tokenizer_config.json"}], "spaces": [], "createdAt": "2023-06-15T13:10:17.000Z", "safetensors": {"parameters": {"I64": 512, "F32": 278810882}, "total": 278811394}, "inferenceStatus": "not-loaded"}