{"_id": "66164600f53907cb9c51150e", "id": "Babelscape/cner-base", "modelId": "Babelscape/cner-base", "author": "Babelscape", "sha": "646039ec68dc199f6d002a9aaa1e7e18ffb7a1ea", "lastModified": "2024-06-17T22:22:17.000Z", "private": false, "disabled": false, "gated": false, "pipeline_tag": "token-classification", "tags": ["transformers", "tensorboard", "safetensors", "deberta-v2", "token-classification", "named-entity-recognition", "sequence-tagger-model", "en", "dataset:Babelscape/cner", "autotrain_compatible", "endpoints_compatible", "region:us"], "downloads": 204, "library_name": "transformers", "mask_token": "[MASK]", "widgetData": [{"text": "George Washington went to Washington."}, {"text": "What is the seventh tallest mountain in North America?"}], "likes": 2, "model-index": null, "config": {"architectures": ["DebertaV2ForTokenClassification"], "model_type": "deberta-v2", "tokenizer_config": {"bos_token": "[CLS]", "cls_token": "[CLS]", "eos_token": "[SEP]", "mask_token": "[MASK]", "pad_token": "[PAD]", "sep_token": "[SEP]", "unk_token": "[UNK]"}}, "cardData": {"annotations_creators": ["machine-generated"], "language_creators": ["machine-generated"], "widget": [{"text": "George Washington went to Washington."}, {"text": "What is the seventh tallest mountain in North America?"}], "tags": ["named-entity-recognition", "sequence-tagger-model"], "datasets": ["Babelscape/cner"], "language": ["en"], "pretty_name": "cner-model", "source_datasets": ["original"], "task_categories": ["structure-prediction"], "task_ids": ["named-entity-recognition"]}, "transformersInfo": {"auto_model": "AutoModelForTokenClassification", "pipeline_tag": "token-classification", "processor": "AutoTokenizer"}, "siblings": [{"rfilename": ".gitattributes"}, {"rfilename": "README.md"}, {"rfilename": "added_tokens.json"}, {"rfilename": "config.json"}, {"rfilename": "model.safetensors"}, {"rfilename": "runs/Apr10_07-52-54_ea618de2c517/events.out.tfevents.1712735749.ea618de2c517.5406.0"}, {"rfilename": "runs/Apr10_08-05-49_ea618de2c517/events.out.tfevents.1712736363.ea618de2c517.5406.1"}, {"rfilename": "runs/Apr10_08-13-04_ea618de2c517/events.out.tfevents.1712736966.ea618de2c517.5406.2"}, {"rfilename": "runs/Apr10_09-17-05_ea618de2c517/events.out.tfevents.1712740628.ea618de2c517.26608.0"}, {"rfilename": "special_tokens_map.json"}, {"rfilename": "spm.model"}, {"rfilename": "tokenizer.json"}, {"rfilename": "tokenizer_config.json"}, {"rfilename": "training_args.bin"}], "spaces": [], "createdAt": "2024-04-10T07:55:44.000Z", "safetensors": {"parameters": {"F32": 183876923}, "total": 183876923}, "inferenceStatus": "not-loaded"}