{"_id": "621ffdc036468d709f174c63", "id": "Babelscape/rebel-large", "modelId": "Babelscape/rebel-large", "author": "Babelscape", "sha": "44eb6cb4585df284ce6c4d6a7013f83fe473c052", "lastModified": "2023-06-20T10:17:00.000Z", "private": false, "disabled": false, "gated": false, "pipeline_tag": "text2text-generation", "tags": ["transformers", "pytorch", "safetensors", "bart", "text2text-generation", "seq2seq", "relation-extraction", "en", "dataset:Babelscape/rebel-dataset", "license:cc-by-nc-sa-4.0", "model-index", "autotrain_compatible", "endpoints_compatible", "region:us"], "downloads": 18734, "library_name": "transformers", "mask_token": "<mask>", "widgetData": [{"text": "Punta Cana is a resort town in the municipality of Higuey, in La Altagracia Province, the eastern most province of the Dominican Republic"}], "likes": 197, "model-index": [{"name": "REBEL", "results": [{"task": {"name": "Relation Extraction", "type": "Relation-Extraction"}, "dataset": {"name": "CoNLL04", "type": "CoNLL04"}, "metrics": [{"name": "RE+ Macro F1", "type": "re+ macro f1", "value": 76.65, "verified": false}]}, {"task": {"name": "Relation Extraction", "type": "Relation-Extraction"}, "dataset": {"name": "NYT", "type": "NYT"}, "metrics": [{"name": "F1", "type": "f1", "value": 93.4, "verified": false}]}]}], "config": {"architectures": ["BartForConditionalGeneration"], "model_type": "bart", "tokenizer_config": {"unk_token": {"content": "<unk>", "single_word": false, "lstrip": false, "rstrip": false, "normalized": true, "__type": "AddedToken"}, "bos_token": {"content": "<s>", "single_word": false, "lstrip": false, "rstrip": false, "normalized": true, "__type": "AddedToken"}, "eos_token": {"content": "</s>", "single_word": false, "lstrip": false, "rstrip": false, "normalized": true, "__type": "AddedToken"}, "sep_token": {"content": "</s>", "single_word": false, "lstrip": false, "rstrip": false, "normalized": true, "__type": "AddedToken"}, "cls_token": {"content": "<s>", "single_word": false, "lstrip": false, "rstrip": false, "normalized": true, "__type": "AddedToken"}, "pad_token": {"content": "<pad>", "single_word": false, "lstrip": false, "rstrip": false, "normalized": true, "__type": "AddedToken"}, "mask_token": {"content": "<mask>", "single_word": false, "lstrip": true, "rstrip": false, "normalized": true, "__type": "AddedToken"}}}, "cardData": {"language": ["en"], "widget": [{"text": "Punta Cana is a resort town in the municipality of Higuey, in La Altagracia Province, the eastern most province of the Dominican Republic"}], "tags": ["seq2seq", "relation-extraction"], "datasets": ["Babelscape/rebel-dataset"], "model-index": [{"name": "REBEL", "results": [{"task": {"name": "Relation Extraction", "type": "Relation-Extraction"}, "dataset": {"name": "CoNLL04", "type": "CoNLL04"}, "metrics": [{"name": "RE+ Macro F1", "type": "re+ macro f1", "value": 76.65, "verified": false}]}, {"task": {"name": "Relation Extraction", "type": "Relation-Extraction"}, "dataset": {"name": "NYT", "type": "NYT"}, "metrics": [{"name": "F1", "type": "f1", "value": 93.4, "verified": false}]}]}], "license": "cc-by-nc-sa-4.0"}, "transformersInfo": {"auto_model": "AutoModelForSeq2SeqLM", "pipeline_tag": "text2text-generation", "processor": "AutoTokenizer"}, "siblings": [{"rfilename": ".gitattributes"}, {"rfilename": "README.md"}, {"rfilename": "added_tokens.json"}, {"rfilename": "config.json"}, {"rfilename": "merges.txt"}, {"rfilename": "model.safetensors"}, {"rfilename": "pytorch_model.bin"}, {"rfilename": "special_tokens_map.json"}, {"rfilename": "tokenizer.json"}, {"rfilename": "tokenizer_config.json"}, {"rfilename": "vocab.json"}], "spaces": ["ml6team/Knowledge-graphs", "fabiochiu/text-to-kb", "Babelscape/rebel-demo", "awacke1/Knowledge-graphs", "naqibhakimi/sk", "awacke1/REBEL-Knowledge-Graph-Generator", "DrDominikDellermann/InterviewAnalyzer", "R-ai-den/text-to-kb", "BalajiM/Knowledge-graphs", "blacksquadece/KnowledgeGraph", "blacksquadece/Knowledge-graphs", "blacksquadece/Knowledge_graph_MachineLearning", "BertChristiaens/Knowledge-graphs", "bmorphism/rebel-demo", "Plurigrid/text2kg", "TheAiDad/Babelscape-rebel-large", "sethiuss/entityextraction", "Gary0205/kgraph", "xiaofeibi/Babelscape-rebel-large"], "createdAt": "2022-03-02T23:29:04.000Z", "safetensors": {"parameters": {"F32": 406348896}, "total": 406348896}, "inferenceStatus": "not-loaded"}