{"_id": "63900e491c5a6237272608c4", "id": "Babivill/distilbert-base-uncased-finetuned-squad", "modelId": "Babivill/distilbert-base-uncased-finetuned-squad", "author": "Babivill", "sha": "a071aa8b562db16dc3729be82bab14be16b0bc00", "lastModified": "2022-12-07T03:53:45.000Z", "private": false, "disabled": false, "gated": false, "tags": ["region:us"], "downloads": 0, "likes": 0, "siblings": [{"rfilename": ".gitattributes"}], "spaces": [], "createdAt": "2022-12-07T03:53:45.000Z", "inferenceStatus": "not-loaded"}