{"_id": "662a1d22e12db267c48d24ba", "id": "BABILOON/image_captioning_1", "modelId": "BABILOON/image_captioning_1", "author": "BABILOON", "sha": "4a81a386d6d9d8f829738afeb3cda20474068df8", "lastModified": "2024-04-25T15:17:16.000Z", "private": false, "disabled": false, "gated": false, "pipeline_tag": "image-to-text", "tags": ["transformers", "safetensors", "vision-encoder-decoder", "image-to-text", "arxiv:1910.09700", "endpoints_compatible", "region:us"], "downloads": 2, "library_name": "transformers", "likes": 0, "model-index": null, "config": {"architectures": ["VisionEncoderDecoderModel"], "model_type": "vision-encoder-decoder"}, "cardData": {"library_name": "transformers", "pipeline_tag": "image-to-text"}, "transformersInfo": {"auto_model": "AutoModel", "processor": "AutoTokenizer"}, "siblings": [{"rfilename": ".gitattributes"}, {"rfilename": "README.md"}, {"rfilename": "config.json"}, {"rfilename": "generation_config.json"}, {"rfilename": "model.safetensors"}], "spaces": [], "createdAt": "2024-04-25T09:06:42.000Z", "safetensors": {"parameters": {"F32": 504362413}, "total": 504362413}, "inferenceStatus": "not-loaded"}