{"_id": "64a55dcdb73e0595b72be8b9", "id": "Babiputih/Sarahvil", "modelId": "Babiputih/Sarahvil", "author": "Babiputih", "sha": "efbf99d79b1bc63f5a7f6eea4e514e63f6c34bf3", "lastModified": "2023-07-05T12:21:01.000Z", "private": false, "disabled": false, "gated": false, "tags": ["arxiv:1910.09700", "license:creativeml-openrail-m", "region:us"], "downloads": 0, "likes": 0, "model-index": null, "cardData": {"license": "creativeml-openrail-m"}, "siblings": [{"rfilename": ".gitattributes"}, {"rfilename": "README.md"}, {"rfilename": "Sarahvilo.id-V1.safetensors"}], "spaces": [], "createdAt": "2023-07-05T12:10:53.000Z", "inferenceStatus": "not-loaded"}