{"_id": "659cd7485751112bb942cb23", "id": "babi22/beico", "modelId": "babi22/beico", "author": "babi22", "sha": "c9803e493c7fbfd0b08d7605a8c47b2ff5059a53", "lastModified": "2024-01-09T05:56:53.000Z", "private": false, "disabled": false, "gated": false, "tags": ["license:openrail", "region:us"], "downloads": 0, "likes": 0, "model-index": null, "cardData": {"license": "openrail"}, "siblings": [{"rfilename": ".gitattributes"}, {"rfilename": "O Golpe da Falsa Portabilidade  (Empr\u00e9stimo Consignado)  #Caso01 [vocals] (1).mp3"}, {"rfilename": "O Golpe da Falsa Portabilidade  (Empr\u00e9stimo Consignado)  #Caso01 [vocals] (1).zip"}, {"rfilename": "README.md"}], "spaces": [], "createdAt": "2024-01-09T05:19:04.000Z", "inferenceStatus": "not-loaded"}