{"_id": "6447509d257773309c773dab", "id": "Babiputih/obitlora", "modelId": "Babiputih/obitlora", "author": "Babiputih", "sha": "78cbebf6825ce0a1243e71ab49836bd7b85eae7c", "lastModified": "2023-09-10T07:54:45.000Z", "private": false, "disabled": false, "gated": false, "tags": ["license:openrail", "region:us"], "downloads": 0, "likes": 0, "model-index": null, "cardData": {"license": "openrail"}, "siblings": [{"rfilename": ".gitattributes"}, {"rfilename": "BulanSutenaBra5v.safetensors"}, {"rfilename": "README.md"}, {"rfilename": "obit lora.safetensors"}], "spaces": [], "createdAt": "2023-04-25T04:01:33.000Z", "inferenceStatus": "not-loaded"}