{"_id": "646e749c7a376d3010c5878d", "id": "Babiputih/gelora", "modelId": "Babiputih/gelora", "author": "Babiputih", "sha": "44812edb1c43cf5f0015c05fcd39ef70031f0822", "lastModified": "2023-05-24T20:33:32.000Z", "private": false, "disabled": false, "gated": false, "tags": ["license:creativeml-openrail-m", "region:us"], "downloads": 0, "likes": 0, "model-index": null, "cardData": {"license": "creativeml-openrail-m"}, "siblings": [{"rfilename": ".gitattributes"}, {"rfilename": "README.md"}], "spaces": [], "createdAt": "2023-05-24T20:33:32.000Z", "inferenceStatus": "not-loaded"}