{"_id": "63f2c3ff3403f45dc62585a1", "id": "Babivill/mabezinha", "modelId": "Babivill/mabezinha", "author": "Babivill", "sha": "2306a4284f08e69b239a105a9502962b1a6124b8", "lastModified": "2023-02-20T00:52:37.000Z", "private": false, "disabled": false, "gated": false, "pipeline_tag": "text-to-image", "tags": ["diffusers", "tensorboard", "text-to-image", "license:creativeml-openrail-m", "autotrain_compatible", "endpoints_compatible", "diffusers:StableDiffusionPipeline", "region:us"], "downloads": 18, "library_name": "diffusers", "widgetData": [{"text": "mabezinha"}], "likes": 0, "model-index": null, "config": {"diffusers": {"_class_name": "StableDiffusionPipeline"}}, "cardData": {"license": "creativeml-openrail-m", "tags": ["text-to-image"], "widget": [{"text": "mabezinha"}]}, "siblings": [{"rfilename": ".gitattributes"}, {"rfilename": "README.md"}, {"rfilename": "concept_images/mabezinha_(1).jpg"}, {"rfilename": "concept_images/mabezinha_(2).jpg"}, {"rfilename": "concept_images/mabezinha_(3).jpg"}, {"rfilename": "concept_images/mabezinha_(4).jpg"}, {"rfilename": "feature_extractor/preprocessor_config.json"}, {"rfilename": "logs/dreambooth/1676853643.2038429/events.out.tfevents.1676853643.s-babivill-dreambooth-training-mdcv-copy-4e961-65bfc87cb4-b9rtp.1.1"}, {"rfilename": "logs/dreambooth/events.out.tfevents.1676853643.s-babivill-dreambooth-training-mdcv-copy-4e961-65bfc87cb4-b9rtp.1.0"}, {"rfilename": "model.ckpt"}, {"rfilename": "model_index.json"}, {"rfilename": "safety_checker/config.json"}, {"rfilename": "safety_checker/pytorch_model.bin"}, {"rfilename": "scheduler/scheduler_config.json"}, {"rfilename": "text_encoder/config.json"}, {"rfilename": "text_encoder/pytorch_model.bin"}, {"rfilename": "token_identifier.txt"}, {"rfilename": "tokenizer/merges.txt"}, {"rfilename": "tokenizer/special_tokens_map.json"}, {"rfilename": "tokenizer/tokenizer_config.json"}, {"rfilename": "tokenizer/vocab.json"}, {"rfilename": "unet/config.json"}, {"rfilename": "unet/diffusion_pytorch_model.bin"}, {"rfilename": "vae/config.json"}, {"rfilename": "vae/diffusion_pytorch_model.bin"}], "spaces": ["Babivill/Babivill-mabezinha"], "createdAt": "2023-02-20T00:51:11.000Z", "inferenceStatus": "not-loaded"}