{"_id": "6672a46ac12108af6cf1028b", "id": "bablu532/bablu", "modelId": "bablu532/bablu", "author": "bablu532", "sha": "5d3944ee7b6be0ec3b93e57d1c9d082d18a166e4", "lastModified": "2024-06-19T09:27:06.000Z", "private": false, "disabled": false, "gated": false, "tags": ["license:mit", "region:us"], "downloads": 0, "likes": 0, "model-index": null, "cardData": {"license": "mit"}, "siblings": [{"rfilename": ".gitattributes"}, {"rfilename": "README.md"}], "spaces": [], "createdAt": "2024-06-19T09:27:06.000Z", "inferenceStatus": "not-loaded"}