{"_id": "64c94ce3be8b04314cc0678a", "id": "Babosaa/FNafjumpscareRVCv2", "modelId": "Babosaa/FNafjumpscareRVCv2", "author": "Babosaa", "sha": "654b4007fae095c6a01e08248e024b92b04ede5b", "lastModified": "2023-08-01T18:22:32.000Z", "private": false, "disabled": false, "gated": false, "tags": ["license:openrail", "region:us"], "downloads": 0, "likes": 0, "model-index": null, "cardData": {"license": "openrail"}, "siblings": [{"rfilename": ".gitattributes"}, {"rfilename": "README.md"}, {"rfilename": "boo.zip"}], "spaces": [], "createdAt": "2023-08-01T18:20:19.000Z", "inferenceStatus": "not-loaded"}