{"_id": "645e14cc7b209c97ca1142b8", "id": "babs001seye/your-fast-coref-model-path", "modelId": "babs001seye/your-fast-coref-model-path", "author": "babs001seye", "sha": "457f2b05025868c47c6630c7b2def4f74bd92280", "lastModified": "2023-05-12T10:29:12.000Z", "private": false, "disabled": false, "gated": false, "tags": ["transformers", "pytorch", "roberta", "endpoints_compatible", "region:us"], "downloads": 1, "library_name": "transformers", "mask_token": "<mask>", "likes": 0, "config": {"architectures": ["FCorefModel"], "model_type": "roberta", "tokenizer_config": {"bos_token": "<s>", "cls_token": "<s>", "eos_token": "</s>", "mask_token": "<mask>", "pad_token": "<pad>", "sep_token": "</s>", "unk_token": "<unk>"}}, "transformersInfo": {"auto_model": "AutoModel", "processor": "AutoTokenizer"}, "siblings": [{"rfilename": ".gitattributes"}, {"rfilename": "config.json"}, {"rfilename": "merges.txt"}, {"rfilename": "pytorch_model.bin"}, {"rfilename": "special_tokens_map.json"}, {"rfilename": "tokenizer.json"}, {"rfilename": "tokenizer_config.json"}, {"rfilename": "vocab.json"}], "spaces": [], "createdAt": "2023-05-12T10:28:28.000Z", "inferenceStatus": "not-loaded"}