{"_id": "667cb379ddfdd2dfa9577da2", "id": "babs/vits_finetune_ewe", "modelId": "babs/vits_finetune_ewe", "author": "babs", "sha": "4567b7c418c16c3b93ac7b52612566e0cb7bbdad", "lastModified": "2024-06-27T00:34:12.000Z", "private": false, "disabled": false, "gated": false, "tags": ["transformers", "safetensors", "vits", "endpoints_compatible", "region:us"], "downloads": 13, "library_name": "transformers", "likes": 0, "config": {"architectures": ["VitsModelForPreTraining"], "model_type": "vits", "tokenizer_config": {"pad_token": "r", "unk_token": "<unk>"}}, "transformersInfo": {"auto_model": "AutoModelForPreTraining", "processor": "AutoTokenizer"}, "siblings": [{"rfilename": ".gitattributes"}, {"rfilename": "added_tokens.json"}, {"rfilename": "config.json"}, {"rfilename": "model.safetensors"}, {"rfilename": "preprocessor_config.json"}, {"rfilename": "special_tokens_map.json"}, {"rfilename": "tokenizer_config.json"}, {"rfilename": "vocab.json"}], "spaces": [], "createdAt": "2024-06-27T00:34:01.000Z", "safetensors": {"parameters": {"F32": 83017206}, "total": 83017206}, "inferenceStatus": "not-loaded"}