{"_id": "64e08e636dab6a1d825d3378", "id": "babusha/grid5", "modelId": "babusha/grid5", "author": "babusha", "sha": "8b22f5c4cbfae93f8008e1e3f0c983cb3f934855", "lastModified": "2023-08-19T09:45:24.000Z", "private": false, "disabled": false, "gated": false, "tags": ["license:openrail", "region:us"], "downloads": 0, "likes": 0, "model-index": null, "cardData": {"license": "openrail"}, "siblings": [{"rfilename": ".gitattributes"}, {"rfilename": "README.md"}, {"rfilename": "adapter_config.json"}, {"rfilename": "adapter_model.bin"}], "spaces": [], "createdAt": "2023-08-19T09:41:55.000Z", "inferenceStatus": "not-loaded"}