{"_id": "6265a42ae25d2b490db97fca", "id": "baburav/pega", "modelId": "baburav/pega", "author": "baburav", "sha": "0200c679993c851b0b5ba5f0a86792a629b0122a", "lastModified": "2022-04-24T19:25:30.000Z", "private": false, "disabled": false, "gated": false, "tags": ["license:mit", "region:us"], "downloads": 0, "likes": 2, "model-index": null, "cardData": {"license": "mit"}, "siblings": [{"rfilename": ".gitattributes"}, {"rfilename": "README.md"}], "spaces": [], "createdAt": "2022-04-24T19:25:30.000Z", "inferenceStatus": "not-loaded"}