{"_id": "65cec9298439e7188f19137f", "id": "babybirdprd/LWM-Text-128K-GGUF", "modelId": "babybirdprd/LWM-Text-128K-GGUF", "author": "babybirdprd", "sha": "1bdb7d59da2fc6bdef9845c3130b88a0c2fe06ca", "lastModified": "2024-02-16T02:37:10.000Z", "private": false, "disabled": false, "gated": false, "tags": ["gguf", "region:us"], "downloads": 46, "likes": 0, "siblings": [{"rfilename": ".gitattributes"}, {"rfilename": "lwm-text-128k.Q4_K_M.gguf"}, {"rfilename": "lwm-text-128k.Q5_K_M.gguf"}, {"rfilename": "lwm-text-128k.Q8_0.gguf"}], "spaces": [], "createdAt": "2024-02-16T02:32:09.000Z", "inferenceStatus": "not-loaded"}