{"_id": "621ffdc136468d709f179751", "id": "baby-oogway/wav2vec2-timit_asr-oogway", "modelId": "baby-oogway/wav2vec2-timit_asr-oogway", "author": "baby-oogway", "sha": "dedeb9372ebd873cd5ff68614e7a82da4dfdbdb7", "lastModified": "2021-11-27T20:14:26.000Z", "private": false, "disabled": false, "gated": false, "pipeline_tag": "automatic-speech-recognition", "tags": ["transformers", "pytorch", "tensorboard", "wav2vec2", "automatic-speech-recognition", "generated_from_trainer", "license:apache-2.0", "endpoints_compatible", "region:us"], "downloads": 1, "library_name": "transformers", "likes": 0, "model-index": [{"name": "wav2vec2-timit_asr-oogway", "results": []}], "config": {"architectures": ["Wav2Vec2ForCTC"], "model_type": "wav2vec2", "tokenizer_config": {"unk_token": "[UNK]", "bos_token": "<s>", "eos_token": "</s>", "pad_token": "[PAD]"}}, "cardData": {"license": "apache-2.0", "tags": ["generated_from_trainer"], "model-index": [{"name": "wav2vec2-timit_asr-oogway", "results": []}]}, "transformersInfo": {"auto_model": "AutoModelForCTC", "pipeline_tag": "automatic-speech-recognition", "processor": "AutoProcessor"}, "siblings": [{"rfilename": ".gitattributes"}, {"rfilename": ".gitignore"}, {"rfilename": "README.md"}, {"rfilename": "config.json"}, {"rfilename": "preprocessor_config.json"}, {"rfilename": "pytorch_model.bin"}, {"rfilename": "runs/Nov27_15-22-08_c4797a6e46d0/1638026647.0638626/events.out.tfevents.1638026647.c4797a6e46d0.116.1"}, {"rfilename": "runs/Nov27_15-22-08_c4797a6e46d0/1638043205.6759734/events.out.tfevents.1638043205.c4797a6e46d0.116.3"}, {"rfilename": "runs/Nov27_15-22-08_c4797a6e46d0/events.out.tfevents.1638026647.c4797a6e46d0.116.0"}, {"rfilename": "runs/Nov27_15-22-08_c4797a6e46d0/events.out.tfevents.1638043205.c4797a6e46d0.116.2"}, {"rfilename": "special_tokens_map.json"}, {"rfilename": "tokenizer_config.json"}, {"rfilename": "training_args.bin"}, {"rfilename": "vocab.json"}], "spaces": [], "createdAt": "2022-03-02T23:29:05.000Z", "inferenceStatus": "not-loaded"}