{"_id": "65e2ee2390a87c0f2699af96", "id": "babybirdprd/Experiment26-7B-passthrough-10slice-GGUF", "modelId": "babybirdprd/Experiment26-7B-passthrough-10slice-GGUF", "author": "babybirdprd", "sha": "575493f8da7f7aa4c51ef9b1a96d137e33f660e6", "lastModified": "2024-03-02T09:15:16.000Z", "private": false, "disabled": false, "gated": false, "tags": ["gguf", "region:us"], "downloads": 170, "likes": 0, "siblings": [{"rfilename": ".gitattributes"}, {"rfilename": "experiment26-7b-passthrough-10slice.Q4_K_M.gguf"}, {"rfilename": "experiment26-7b-passthrough-10slice.Q5_K_M.gguf"}], "spaces": [], "createdAt": "2024-03-02T09:15:15.000Z", "inferenceStatus": "not-loaded"}