{"_id": "65e3000526745f14f0590ad3", "id": "babybirdprd/Experiment26-7B-passthrough-6slice-GGUF", "modelId": "babybirdprd/Experiment26-7B-passthrough-6slice-GGUF", "author": "babybirdprd", "sha": "b75a540936e7b79bea91d5678fba1ca5709996c4", "lastModified": "2024-03-02T23:35:27.000Z", "private": false, "disabled": false, "gated": false, "tags": ["gguf", "region:us"], "downloads": 699, "likes": 0, "siblings": [{"rfilename": ".gitattributes"}, {"rfilename": "experiment26-7b-passthrough-6slice.Q4_K_M.gguf"}, {"rfilename": "experiment26-7b-passthrough-6slice.Q5_K_M.gguf"}], "spaces": [], "createdAt": "2024-03-02T10:31:33.000Z", "inferenceStatus": "not-loaded"}