{"_id": "65e2dec29fb58a51152a9918", "id": "babybirdprd/Experiment26-7B-passthrough-10slice", "modelId": "babybirdprd/Experiment26-7B-passthrough-10slice", "author": "babybirdprd", "sha": "e9a7074c3db20fa6fb2b44f22685e139835e049c", "lastModified": "2024-03-02T08:15:59.000Z", "private": false, "disabled": false, "gated": false, "pipeline_tag": "text-generation", "tags": ["transformers", "safetensors", "mistral", "text-generation", "merge", "mergekit", "lazymergekit", "yam-peleg/Experiment26-7B", "base_model:yam-peleg/Experiment26-7B", "autotrain_compatible", "text-generation-inference", "endpoints_compatible", "region:us"], "downloads": 1, "library_name": "transformers", "widgetData": [{"text": "My name is Julien and I like to"}, {"text": "My name is Thomas and my main"}, {"text": "My name is Mariama, my favorite"}, {"text": "My name is Clara and I am"}, {"text": "My name is Lewis and I like to"}, {"text": "My name is Merve and my favorite"}, {"text": "My name is Teven and I am"}, {"text": "Once upon a time,"}], "likes": 0, "model-index": null, "config": {"architectures": ["MistralForCausalLM"], "model_type": "mistral", "tokenizer_config": {"bos_token": "<s>", "eos_token": "</s>", "pad_token": "<unk>", "unk_token": "<unk>", "use_default_system_prompt": false}}, "cardData": {"tags": ["merge", "mergekit", "lazymergekit", "yam-peleg/Experiment26-7B", "yam-peleg/Experiment26-7B", "yam-peleg/Experiment26-7B", "yam-peleg/Experiment26-7B", "yam-peleg/Experiment26-7B", "yam-peleg/Experiment26-7B", "yam-peleg/Experiment26-7B", "yam-peleg/Experiment26-7B", "yam-peleg/Experiment26-7B", "yam-peleg/Experiment26-7B"], "base_model": ["yam-peleg/Experiment26-7B", "yam-peleg/Experiment26-7B", "yam-peleg/Experiment26-7B", "yam-peleg/Experiment26-7B", "yam-peleg/Experiment26-7B", "yam-peleg/Experiment26-7B", "yam-peleg/Experiment26-7B", "yam-peleg/Experiment26-7B", "yam-peleg/Experiment26-7B", "yam-peleg/Experiment26-7B"]}, "transformersInfo": {"auto_model": "AutoModelForCausalLM", "pipeline_tag": "text-generation", "processor": "AutoTokenizer"}, "siblings": [{"rfilename": ".gitattributes"}, {"rfilename": "README.md"}, {"rfilename": "config.json"}, {"rfilename": "mergekit_config.yml"}, {"rfilename": "model-00001-of-00012.safetensors"}, {"rfilename": "model-00002-of-00012.safetensors"}, {"rfilename": "model-00003-of-00012.safetensors"}, {"rfilename": "model-00004-of-00012.safetensors"}, {"rfilename": "model-00005-of-00012.safetensors"}, {"rfilename": "model-00006-of-00012.safetensors"}, {"rfilename": "model-00007-of-00012.safetensors"}, {"rfilename": "model-00008-of-00012.safetensors"}, {"rfilename": "model-00009-of-00012.safetensors"}, {"rfilename": "model-00010-of-00012.safetensors"}, {"rfilename": "model-00011-of-00012.safetensors"}, {"rfilename": "model-00012-of-00012.safetensors"}, {"rfilename": "model.safetensors.index.json"}, {"rfilename": "special_tokens_map.json"}, {"rfilename": "tokenizer.json"}, {"rfilename": "tokenizer.model"}, {"rfilename": "tokenizer_config.json"}], "spaces": [], "createdAt": "2024-03-02T08:09:38.000Z", "safetensors": {"parameters": {"BF16": 11167748096}, "total": 11167748096}, "inferenceStatus": "not-loaded"}