{"_id": "65e3bf4cd82128738335de9f", "id": "babybirdprd/Experiment26-7B-Dareties", "modelId": "babybirdprd/Experiment26-7B-Dareties", "author": "babybirdprd", "sha": "a3d922050b4c35deb12b6f1f41f5d8c5fff819c7", "lastModified": "2024-03-03T00:12:47.000Z", "private": false, "disabled": false, "gated": false, "pipeline_tag": "text-generation", "tags": ["transformers", "safetensors", "mistral", "text-generation", "merge", "mergekit", "lazymergekit", "mlabonne/AlphaMonarch-7B", "base_model:mlabonne/AlphaMonarch-7B", "autotrain_compatible", "text-generation-inference", "endpoints_compatible", "region:us"], "downloads": 1, "library_name": "transformers", "widgetData": [{"text": "My name is Julien and I like to"}, {"text": "My name is Thomas and my main"}, {"text": "My name is Mariama, my favorite"}, {"text": "My name is Clara and I am"}, {"text": "My name is Lewis and I like to"}, {"text": "My name is Merve and my favorite"}, {"text": "My name is Teven and I am"}, {"text": "Once upon a time,"}], "likes": 0, "model-index": null, "config": {"architectures": ["MistralForCausalLM"], "model_type": "mistral", "tokenizer_config": {"bos_token": "<s>", "eos_token": "</s>", "pad_token": "<unk>", "unk_token": "<unk>", "use_default_system_prompt": false}}, "cardData": {"tags": ["merge", "mergekit", "lazymergekit", "mlabonne/AlphaMonarch-7B"], "base_model": ["mlabonne/AlphaMonarch-7B"]}, "transformersInfo": {"auto_model": "AutoModelForCausalLM", "pipeline_tag": "text-generation", "processor": "AutoTokenizer"}, "siblings": [{"rfilename": ".gitattributes"}, {"rfilename": "README.md"}, {"rfilename": "config.json"}, {"rfilename": "mergekit_config.yml"}, {"rfilename": "model-00001-of-00008.safetensors"}, {"rfilename": "model-00002-of-00008.safetensors"}, {"rfilename": "model-00003-of-00008.safetensors"}, {"rfilename": "model-00004-of-00008.safetensors"}, {"rfilename": "model-00005-of-00008.safetensors"}, {"rfilename": "model-00006-of-00008.safetensors"}, {"rfilename": "model-00007-of-00008.safetensors"}, {"rfilename": "model-00008-of-00008.safetensors"}, {"rfilename": "model.safetensors.index.json"}, {"rfilename": "special_tokens_map.json"}, {"rfilename": "tokenizer.json"}, {"rfilename": "tokenizer.model"}, {"rfilename": "tokenizer_config.json"}], "spaces": [], "createdAt": "2024-03-03T00:07:40.000Z", "safetensors": {"parameters": {"BF16": 7241732096}, "total": 7241732096}, "inferenceStatus": "not-loaded"}