{"_id": "641431ddce59212d660858ee", "id": "907508196l/wavlm-libri-clean-100h-base-plus-finetuned-ks", "modelId": "907508196l/wavlm-libri-clean-100h-base-plus-finetuned-ks", "author": "907508196l", "sha": "e7ef1955b29449500717db5c952dd822ddff1604", "lastModified": "2023-03-17T09:37:29.000Z", "private": false, "disabled": false, "gated": false, "pipeline_tag": "audio-classification", "tags": ["transformers", "pytorch", "tensorboard", "wavlm", "audio-classification", "endpoints_compatible", "region:us"], "downloads": 2, "library_name": "transformers", "likes": 0, "config": {"architectures": ["WavLMForSequenceClassification"], "model_type": "wavlm"}, "transformersInfo": {"auto_model": "AutoModelForAudioClassification", "pipeline_tag": "audio-classification", "processor": "AutoProcessor"}, "siblings": [{"rfilename": ".gitattributes"}, {"rfilename": ".gitignore"}, {"rfilename": "config.json"}, {"rfilename": "preprocessor_config.json"}, {"rfilename": "pytorch_model.bin"}, {"rfilename": "runs/Mar17_09-24-40_97486401c545/1679045091.8397136/events.out.tfevents.1679045091.97486401c545.4301.10"}, {"rfilename": "runs/Mar17_09-24-40_97486401c545/events.out.tfevents.1679045091.97486401c545.4301.9"}, {"rfilename": "training_args.bin"}], "spaces": [], "createdAt": "2023-03-17T09:24:45.000Z", "inferenceStatus": "not-loaded"}