{"_id": "63d63d310a79149d1f2d504d", "id": "90DPyo/distilbert-base-uncased-finetuned-clinc", "modelId": "90DPyo/distilbert-base-uncased-finetuned-clinc", "author": "90DPyo", "sha": "f011d070cf48b274740398755d03bfc711cb0f33", "lastModified": "2023-01-29T09:38:52.000Z", "private": false, "disabled": false, "gated": false, "pipeline_tag": "text-classification", "tags": ["transformers", "pytorch", "tensorboard", "distilbert", "text-classification", "generated_from_trainer", "dataset:clinc_oos", "license:apache-2.0", "model-index", "autotrain_compatible", "endpoints_compatible", "region:us"], "downloads": 8, "library_name": "transformers", "mask_token": "[MASK]", "widgetData": [{"text": "I like you. I love you"}], "likes": 0, "model-index": [{"name": "distilbert-base-uncased-finetuned-clinc", "results": [{"task": {"name": "Text Classification", "type": "text-classification"}, "dataset": {"name": "clinc_oos", "type": "clinc_oos", "config": "plus", "split": "validation", "args": "plus"}, "metrics": [{"name": "Accuracy", "type": "accuracy", "value": 0.9183870967741935, "verified": false}]}]}], "config": {"architectures": ["DistilBertForSequenceClassification"], "model_type": "distilbert", "tokenizer_config": {"cls_token": "[CLS]", "mask_token": "[MASK]", "pad_token": "[PAD]", "sep_token": "[SEP]", "unk_token": "[UNK]"}}, "cardData": {"license": "apache-2.0", "tags": ["generated_from_trainer"], "datasets": ["clinc_oos"], "metrics": ["accuracy"], "model-index": [{"name": "distilbert-base-uncased-finetuned-clinc", "results": [{"task": {"name": "Text Classification", "type": "text-classification"}, "dataset": {"name": "clinc_oos", "type": "clinc_oos", "config": "plus", "split": "validation", "args": "plus"}, "metrics": [{"name": "Accuracy", "type": "accuracy", "value": 0.9183870967741935, "verified": false}]}]}]}, "transformersInfo": {"auto_model": "AutoModelForSequenceClassification", "pipeline_tag": "text-classification", "processor": "AutoTokenizer"}, "siblings": [{"rfilename": ".gitattributes"}, {"rfilename": ".gitignore"}, {"rfilename": "README.md"}, {"rfilename": "config.json"}, {"rfilename": "pytorch_model.bin"}, {"rfilename": "runs/Jan29_09-29-06_9a2b80ad2be5/1674984760.229816/events.out.tfevents.1674984760.9a2b80ad2be5.1486.1"}, {"rfilename": "runs/Jan29_09-29-06_9a2b80ad2be5/events.out.tfevents.1674984760.9a2b80ad2be5.1486.0"}, {"rfilename": "special_tokens_map.json"}, {"rfilename": "tokenizer.json"}, {"rfilename": "tokenizer_config.json"}, {"rfilename": "training_args.bin"}, {"rfilename": "vocab.txt"}], "spaces": [], "createdAt": "2023-01-29T09:32:33.000Z", "inferenceStatus": "not-loaded"}