{"_id": "658056faeca6f7745567873c", "id": "90scrybaby/Lyrc", "modelId": "90scrybaby/Lyrc", "author": "90scrybaby", "sha": "20c938e8edf33925fbdb3bc85890c84fda9e2b1e", "lastModified": "2023-12-18T14:30:25.000Z", "private": false, "disabled": false, "gated": false, "tags": ["license:apache-2.0", "region:us"], "downloads": 0, "likes": 0, "model-index": null, "cardData": {"license": "apache-2.0"}, "siblings": [{"rfilename": ".gitattributes"}, {"rfilename": "09FD75E2-9FEB-4A02-9726-9B18A2A0A886.jpeg"}, {"rfilename": "4B078A5B-19BE-4889-BE31-52E6CAFE7201.jpeg"}, {"rfilename": "8AFE4429-F7AF-4A46-BE17-DA6AF5A49F50.jpeg"}, {"rfilename": "90057061-1EAB-4BAA-B322-B0C4EAE0514F.jpeg"}, {"rfilename": "9BC3E3F6-112F-43C6-A099-E1D1A203844B.jpeg"}, {"rfilename": "A2F907A4-C604-4EBC-A3CC-92AD1AC92EC4.jpeg"}, {"rfilename": "AE8C6B80-4834-4039-B34B-00A24F1552EE.jpeg"}, {"rfilename": "CA9E3EFD-421E-4462-BB26-658277B0A266.jpeg"}, {"rfilename": "EB4BAE6F-88B0-4225-A639-BE362CD9E529.jpeg"}, {"rfilename": "EF0900E3-A384-4450-A10E-80B282BC7244.jpeg"}, {"rfilename": "README.md"}], "spaces": [], "createdAt": "2023-12-18T14:28:10.000Z", "inferenceStatus": "not-loaded"}