{"_id": "65671e2f52652936785b18bc", "id": "91stefan/stefan_realvisxl20", "modelId": "91stefan/stefan_realvisxl20", "author": "91stefan", "sha": "58bdc1230d90426494f85ee5b4800390f661d5c7", "lastModified": "2023-11-29T13:37:23.000Z", "private": false, "disabled": false, "gated": false, "pipeline_tag": "text-to-image", "tags": ["diffusers", "safetensors", "autotrain_compatible", "endpoints_compatible", "diffusers:StableDiffusionXLPipeline", "region:us"], "downloads": 0, "library_name": "diffusers", "likes": 0, "config": {"diffusers": {"_class_name": "StableDiffusionXLPipeline"}}, "siblings": [{"rfilename": ".gitattributes"}, {"rfilename": "model_index.json"}, {"rfilename": "scheduler/scheduler_config.json"}, {"rfilename": "text_encoder/config.json"}, {"rfilename": "text_encoder/model.safetensors"}, {"rfilename": "text_encoder_2/config.json"}, {"rfilename": "text_encoder_2/model.safetensors"}, {"rfilename": "tokenizer/merges.txt"}, {"rfilename": "tokenizer/special_tokens_map.json"}, {"rfilename": "tokenizer/tokenizer_config.json"}, {"rfilename": "tokenizer/vocab.json"}, {"rfilename": "tokenizer_2/merges.txt"}, {"rfilename": "tokenizer_2/special_tokens_map.json"}, {"rfilename": "tokenizer_2/tokenizer_config.json"}, {"rfilename": "tokenizer_2/vocab.json"}, {"rfilename": "unet/config.json"}, {"rfilename": "unet/diffusion_pytorch_model.safetensors"}, {"rfilename": "vae/config.json"}, {"rfilename": "vae/diffusion_pytorch_model.safetensors"}], "spaces": [], "createdAt": "2023-11-29T11:19:11.000Z", "inferenceStatus": "not-loaded"}