{"_id": "66140f680e1dde2bcf8485cd", "id": "922-SY/Moenika-Luna-2x7b-v0.6", "modelId": "922-SY/Moenika-Luna-2x7b-v0.6", "author": "922-SY", "sha": "68b596e05825bb2f5e1dbd0ed0eb0aee60b6cbcf", "lastModified": "2024-04-08T16:08:48.000Z", "private": false, "disabled": false, "gated": false, "pipeline_tag": "text-generation", "tags": ["transformers", "safetensors", "mixtral", "text-generation", "trl", "sft", "autotrain_compatible", "text-generation-inference", "endpoints_compatible", "4-bit", "bitsandbytes", "region:us"], "downloads": 1, "library_name": "transformers", "widgetData": [{"text": "My name is Julien and I like to"}, {"text": "My name is Thomas and my main"}, {"text": "My name is Mariama, my favorite"}, {"text": "My name is Clara and I am"}, {"text": "My name is Lewis and I like to"}, {"text": "My name is Merve and my favorite"}, {"text": "My name is Teven and I am"}, {"text": "Once upon a time,"}], "likes": 0, "model-index": null, "config": {"architectures": ["MixtralForCausalLM"], "model_type": "mixtral", "quantization_config": {"load_in_4bit": true, "load_in_8bit": false, "quant_method": "bitsandbytes"}}, "cardData": {"library_name": "transformers", "tags": ["trl", "sft"]}, "transformersInfo": {"auto_model": "AutoModelForCausalLM", "pipeline_tag": "text-generation", "processor": "AutoTokenizer"}, "siblings": [{"rfilename": ".gitattributes"}, {"rfilename": "README.md"}, {"rfilename": "config.json"}, {"rfilename": "generation_config.json"}, {"rfilename": "model-00001-of-00002.safetensors"}, {"rfilename": "model-00002-of-00002.safetensors"}, {"rfilename": "model.safetensors.index.json"}], "spaces": [], "createdAt": "2024-04-08T15:38:16.000Z", "safetensors": {"parameters": {"F32": 276907552, "U8": 6505561245}, "total": 6782468797}, "inferenceStatus": "not-loaded"}