{"_id": "65be2898262a04f94ca933f1", "id": "922-CA/monika_nano_10m", "modelId": "922-CA/monika_nano_10m", "author": "922-CA", "sha": "8581451a58de545a563067c026435b1ac4b1ac0b", "lastModified": "2024-02-03T12:19:23.000Z", "private": false, "disabled": false, "gated": false, "tags": ["dataset:922-CA/MoCha_v1", "license:other", "region:us"], "downloads": 0, "likes": 0, "model-index": null, "cardData": {"license": "other", "datasets": ["922-CA/MoCha_v1"]}, "siblings": [{"rfilename": ".gitattributes"}, {"rfilename": "README.md"}, {"rfilename": "ckpt_monika_nano_10m.pt"}], "spaces": [], "createdAt": "2024-02-03T11:50:48.000Z", "inferenceStatus": "not-loaded"}