{"_id": "65be2a52744da3e639ab3531", "id": "922-Narra/nano_tagalog_models", "modelId": "922-Narra/nano_tagalog_models", "author": "922-Narra", "sha": "c2b337cc398eefa63a31c1b1d15496b6f378c237", "lastModified": "2024-03-15T13:49:50.000Z", "private": false, "disabled": false, "gated": false, "tags": ["dataset:facebook/belebele", "license:other", "region:us"], "downloads": 0, "likes": 0, "model-index": null, "cardData": {"license": "other", "datasets": ["facebook/belebele"]}, "siblings": [{"rfilename": ".gitattributes"}, {"rfilename": "README.md"}, {"rfilename": "unano-ito_35m.pt"}, {"rfilename": "unano_35m.pt"}, {"rfilename": "unano_76m.pt"}], "spaces": [], "createdAt": "2024-02-03T11:58:10.000Z", "inferenceStatus": "not-loaded"}