{"_id": "655c9537621e61063a496449", "id": "922-CA/TestMonika-ddlc-13b-v1-GGUF", "modelId": "922-CA/TestMonika-ddlc-13b-v1-GGUF", "author": "922-CA", "sha": "58d2253d4f7439cec19abd754da5711cca454c34", "lastModified": "2023-11-22T02:03:02.000Z", "private": false, "disabled": false, "gated": false, "tags": ["gguf", "dataset:922-CA/MoCha_v1", "license:cc-by-nc-4.0", "region:us"], "downloads": 21, "likes": 0, "model-index": null, "cardData": {"license": "cc-by-nc-4.0", "datasets": ["922-CA/MoCha_v1"]}, "siblings": [{"rfilename": ".gitattributes"}, {"rfilename": "README.md"}, {"rfilename": "mx-lm-13b-v0.2-test-11212023.Q8_0.gguf"}], "spaces": [], "createdAt": "2023-11-21T11:32:07.000Z", "inferenceStatus": "not-loaded"}