{"_id": "64fab99052e82dd4325d9788", "id": "922-CA/LLilmonix3b-v0.4a-gguf", "modelId": "922-CA/LLilmonix3b-v0.4a-gguf", "author": "922-CA", "sha": "7cc099e629f93fad1d4198d85e2866f104087ba7", "lastModified": "2023-09-08T11:59:09.000Z", "private": false, "disabled": false, "gated": false, "tags": ["gguf", "license:apache-2.0", "region:us"], "downloads": 570, "likes": 0, "model-index": null, "cardData": {"license": "apache-2.0"}, "siblings": [{"rfilename": ".gitattributes"}, {"rfilename": "LLilmonix3b-v0.4-Marxv2-model-q8_0.gguf"}, {"rfilename": "README.md"}], "spaces": [], "createdAt": "2023-09-08T06:05:04.000Z", "inferenceStatus": "not-loaded"}