{"_id": "663e3c0d075c0d7dd3b118ee", "id": "922CA/Moniphi-3-v1-gguf", "modelId": "922CA/Moniphi-3-v1-gguf", "author": "922CA", "sha": "13f14b53e12cfad43004dc8c2404b71051fbeef3", "lastModified": "2024-05-11T18:17:18.000Z", "private": false, "disabled": false, "gated": false, "tags": ["gguf", "license:apache-2.0", "region:us"], "downloads": 46, "likes": 0, "model-index": null, "cardData": {"license": "apache-2.0"}, "siblings": [{"rfilename": ".gitattributes"}, {"rfilename": "README.md"}, {"rfilename": "moniphi-3-v1-fp16.gguf"}, {"rfilename": "moniphi-3-v1-q4_k_m.gguf"}, {"rfilename": "moniphi-3-v1-q5_k_m.gguf"}, {"rfilename": "moniphi-3-v1-q8_0.gguf"}], "spaces": [], "createdAt": "2024-05-10T15:23:57.000Z", "inferenceStatus": "not-loaded"}