{"_id": "65f1bb62e2e458d3ef5c5b88", "id": "922CA/Silicon-Natsuki-7b-v0.5-lora", "modelId": "922CA/Silicon-Natsuki-7b-v0.5-lora", "author": "922CA", "sha": "9f502972f4b6395f5965178080dcc457fea70115", "lastModified": "2024-03-13T14:43:02.000Z", "private": false, "disabled": false, "gated": false, "tags": ["transformers", "safetensors", "text-generation-inference", "unsloth", "mistral", "trl", "en", "base_model:SanjiWatsuki/Silicon-Maid-7B", "license:apache-2.0", "endpoints_compatible", "region:us"], "downloads": 0, "library_name": "transformers", "likes": 0, "model-index": null, "cardData": {"language": ["en"], "license": "apache-2.0", "tags": ["text-generation-inference", "transformers", "unsloth", "mistral", "trl"], "base_model": "SanjiWatsuki/Silicon-Maid-7B"}, "transformersInfo": {"auto_model": "AutoModel"}, "siblings": [{"rfilename": ".gitattributes"}, {"rfilename": "README.md"}, {"rfilename": "adapter_config.json"}, {"rfilename": "adapter_model.safetensors"}], "spaces": [], "createdAt": "2024-03-13T14:42:42.000Z", "inferenceStatus": "not-loaded"}