{"_id": "65f1c06dea7a16c6295a1f83", "id": "922CA/Silicon-Natsuki-7b-v0.5-gguf", "modelId": "922CA/Silicon-Natsuki-7b-v0.5-gguf", "author": "922CA", "sha": "fbfaab1f1af36e694667a915f52d1741477e973e", "lastModified": "2024-03-13T15:08:23.000Z", "private": false, "disabled": false, "gated": false, "tags": ["transformers", "gguf", "mistral", "text-generation-inference", "unsloth", "en", "base_model:SanjiWatsuki/Silicon-Maid-7B", "license:apache-2.0", "endpoints_compatible", "region:us"], "downloads": 20, "library_name": "transformers", "likes": 0, "model-index": null, "config": {"model_type": "mistral"}, "cardData": {"language": ["en"], "license": "apache-2.0", "tags": ["text-generation-inference", "transformers", "unsloth", "mistral", "gguf"], "base_model": "SanjiWatsuki/Silicon-Maid-7B"}, "transformersInfo": {"auto_model": "AutoModel"}, "siblings": [{"rfilename": ".gitattributes"}, {"rfilename": "README.md"}, {"rfilename": "Silicon-Natsuki-7b-v0.5-gguf-unsloth.Q8_0.gguf"}, {"rfilename": "config.json"}], "spaces": [], "createdAt": "2024-03-13T15:04:13.000Z", "inferenceStatus": "not-loaded"}