{"_id": "65f1bbb82f8cde8b6c443e58", "id": "922CA/Silicon-Natsuki-7b-v0.5", "modelId": "922CA/Silicon-Natsuki-7b-v0.5", "author": "922CA", "sha": "d2cc1edd75199adc6b396ad769d85bd03fdfd7d5", "lastModified": "2024-03-14T14:28:05.000Z", "private": false, "disabled": false, "gated": false, "pipeline_tag": "text-generation", "tags": ["transformers", "pytorch", "mistral", "text-generation", "text-generation-inference", "unsloth", "trl", "sft", "en", "dataset:922CA/ln2_03102024_test2_raw_NaChA_2", "base_model:SanjiWatsuki/Silicon-Maid-7B", "license:apache-2.0", "autotrain_compatible", "endpoints_compatible", "region:us"], "downloads": 1, "library_name": "transformers", "widgetData": [{"text": "My name is Julien and I like to"}, {"text": "My name is Thomas and my main"}, {"text": "My name is Mariama, my favorite"}, {"text": "My name is Clara and I am"}, {"text": "My name is Lewis and I like to"}, {"text": "My name is Merve and my favorite"}, {"text": "My name is Teven and I am"}, {"text": "Once upon a time,"}], "likes": 0, "model-index": null, "config": {"architectures": ["MistralForCausalLM"], "model_type": "mistral", "tokenizer_config": {"bos_token": "<s>", "eos_token": "</s>", "pad_token": "<unk>", "unk_token": "<unk>", "use_default_system_prompt": false}}, "cardData": {"language": ["en"], "license": "apache-2.0", "tags": ["text-generation-inference", "transformers", "unsloth", "mistral", "trl", "sft"], "base_model": "SanjiWatsuki/Silicon-Maid-7B", "datasets": ["922CA/ln2_03102024_test2_raw_NaChA_2"]}, "transformersInfo": {"auto_model": "AutoModelForCausalLM", "pipeline_tag": "text-generation", "processor": "AutoTokenizer"}, "siblings": [{"rfilename": ".gitattributes"}, {"rfilename": "README.md"}, {"rfilename": "config.json"}, {"rfilename": "generation_config.json"}, {"rfilename": "pytorch_model-00001-of-00003.bin"}, {"rfilename": "pytorch_model-00002-of-00003.bin"}, {"rfilename": "pytorch_model-00003-of-00003.bin"}, {"rfilename": "pytorch_model.bin.index.json"}, {"rfilename": "special_tokens_map.json"}, {"rfilename": "tokenizer.json"}, {"rfilename": "tokenizer.model"}, {"rfilename": "tokenizer_config.json"}], "spaces": [], "createdAt": "2024-03-13T14:44:08.000Z", "inferenceStatus": "not-loaded"}