{"_id": "65da07eac4e405cdecacc27f", "id": "922CA/Silicon-Monika-7b-lora", "modelId": "922CA/Silicon-Monika-7b-lora", "author": "922CA", "sha": "326238ecdadf03457513a7454f22f5f9afffbf50", "lastModified": "2024-03-02T07:23:43.000Z", "private": false, "disabled": false, "gated": false, "tags": ["transformers", "safetensors", "text-generation-inference", "unsloth", "mistral", "trl", "en", "base_model:SanjiWatsuki/Silicon-Maid-7B", "license:apache-2.0", "endpoints_compatible", "region:us"], "downloads": 0, "library_name": "transformers", "likes": 0, "model-index": null, "cardData": {"language": ["en"], "license": "apache-2.0", "tags": ["text-generation-inference", "transformers", "unsloth", "mistral", "trl"], "base_model": "SanjiWatsuki/Silicon-Maid-7B"}, "transformersInfo": {"auto_model": "AutoModel"}, "siblings": [{"rfilename": ".gitattributes"}, {"rfilename": "README.md"}, {"rfilename": "adapter_config.json"}, {"rfilename": "adapter_model.safetensors"}], "spaces": [], "createdAt": "2024-02-24T15:14:50.000Z", "inferenceStatus": "not-loaded"}