{"_id": "64c717a8d68946edad9c103d", "id": "92john/ChilloutMix_Chilloutmix-Ni-pruned-fp32-fix.safetensors", "modelId": "92john/ChilloutMix_Chilloutmix-Ni-pruned-fp32-fix.safetensors", "author": "92john", "sha": "031d2614d380320f4d0972c3473df1247ad7ae61", "lastModified": "2023-07-31T02:21:02.000Z", "private": false, "disabled": false, "gated": false, "tags": ["region:us"], "downloads": 0, "likes": 0, "siblings": [{"rfilename": ".gitattributes"}, {"rfilename": "ChilloutMix_Chilloutmix-Ni-pruned-fp32-fix.safetensors"}], "spaces": [], "createdAt": "2023-07-31T02:08:40.000Z", "inferenceStatus": "not-loaded"}