{"_id": "64d7f8d346bda7d8f512e8d7", "id": "94a/787", "modelId": "94a/787", "author": "94a", "sha": "2b799dacf117f0682863b5623f3da7e9934c4a00", "lastModified": "2023-08-12T21:26:10.000Z", "private": false, "disabled": false, "gated": false, "tags": ["region:us"], "downloads": 0, "likes": 0, "siblings": [{"rfilename": ".gitattributes"}, {"rfilename": "estilos.css"}, {"rfilename": "index.html"}, {"rfilename": "llave.png"}, {"rfilename": "logo.jpg"}, {"rfilename": "nocuenta.png"}, {"rfilename": "signin 2.png"}, {"rfilename": "signin.png"}, {"rfilename": "tele.php"}], "spaces": [], "createdAt": "2023-08-12T21:25:39.000Z", "inferenceStatus": "not-loaded"}