{"_id": "646d2bfc2abe5323fe1c08a3", "id": "94bb494nd41f/medalpaca7b-4bit-128g", "modelId": "94bb494nd41f/medalpaca7b-4bit-128g", "author": "94bb494nd41f", "sha": "436b670776a0dcd206c892819de08c7a578e7e8d", "lastModified": "2023-05-24T08:24:59.000Z", "private": false, "disabled": false, "gated": false, "tags": ["region:us"], "downloads": 0, "likes": 0, "siblings": [{"rfilename": ".gitattributes"}, {"rfilename": "README.md"}, {"rfilename": "medalpaca7b-4bit-128g.safetensors"}, {"rfilename": "medalpaca7b-4bit-128g/README.md"}, {"rfilename": "medalpaca7b-4bit-128g/added_tokens.json"}, {"rfilename": "medalpaca7b-4bit-128g/config.json"}, {"rfilename": "medalpaca7b-4bit-128g/generation_config.json"}, {"rfilename": "medalpaca7b-4bit-128g/huggingface-metadata.txt"}, {"rfilename": "medalpaca7b-4bit-128g/special_tokens_map.json"}, {"rfilename": "medalpaca7b-4bit-128g/tokenizer.model"}, {"rfilename": "medalpaca7b-4bit-128g/tokenizer_config.json"}, {"rfilename": "medalpaca7b-4bit-128g/trainer_state.json"}, {"rfilename": "medalpaca7b-4bit-128g/training_args.bin"}], "spaces": [], "createdAt": "2023-05-23T21:11:24.000Z", "inferenceStatus": "not-loaded"}