{"_id": "664c85c62de1d750407d2c68", "id": "95harry/dds-ct-aapm", "modelId": "95harry/dds-ct-aapm", "author": "95harry", "sha": "17385d51998ec9d4e14946e2114ba688e252b82d", "lastModified": "2024-05-21T11:38:03.000Z", "private": false, "disabled": false, "gated": false, "tags": ["pytorch", "region:us"], "downloads": 0, "likes": 0, "siblings": [{"rfilename": ".gitattributes"}, {"rfilename": "pytorch_model.bin"}], "spaces": [], "createdAt": "2024-05-21T11:30:14.000Z", "inferenceStatus": "not-loaded"}