{"_id": "63bd103f3b2ae223183eb0b5", "id": "96harsh52/bert_t1", "modelId": "96harsh52/bert_t1", "author": "96harsh52", "sha": "153ed62e8ccf1a713cfb24b5875dc8f538769c1c", "lastModified": "2023-01-10T07:14:07.000Z", "private": false, "disabled": false, "gated": false, "tags": ["license:other", "region:us"], "downloads": 0, "likes": 0, "model-index": null, "cardData": {"license": "other"}, "siblings": [{"rfilename": ".gitattributes"}, {"rfilename": "README.md"}], "spaces": [], "createdAt": "2023-01-10T07:14:07.000Z", "inferenceStatus": "not-loaded"}