{"_id": "64953a91437c269d1fbb78bb", "id": "97jmlr/ppo-LunarLander-v2", "modelId": "97jmlr/ppo-LunarLander-v2", "author": "97jmlr", "sha": "cdcfc1a204930b8cfc717a2bc0015ad31eec255c", "lastModified": "2023-06-23T07:15:01.000Z", "private": false, "disabled": false, "gated": false, "pipeline_tag": "reinforcement-learning", "tags": ["stable-baselines3", "LunarLander-v2", "deep-reinforcement-learning", "reinforcement-learning", "model-index", "region:us"], "downloads": 0, "library_name": "stable-baselines3", "likes": 0, "model-index": [{"name": "PPO", "results": [{"task": {"type": "reinforcement-learning", "name": "reinforcement-learning"}, "dataset": {"name": "LunarLander-v2", "type": "LunarLander-v2"}, "metrics": [{"type": "mean_reward", "value": "259.77 +/- 36.87", "name": "mean_reward", "verified": false}]}]}], "config": {}, "cardData": {"library_name": "stable-baselines3", "tags": ["LunarLander-v2", "deep-reinforcement-learning", "reinforcement-learning", "stable-baselines3"], "model-index": [{"name": "PPO", "results": [{"task": {"type": "reinforcement-learning", "name": "reinforcement-learning"}, "dataset": {"name": "LunarLander-v2", "type": "LunarLander-v2"}, "metrics": [{"type": "mean_reward", "value": "259.77 +/- 36.87", "name": "mean_reward", "verified": false}]}]}]}, "siblings": [{"rfilename": ".gitattributes"}, {"rfilename": "README.md"}, {"rfilename": "config.json"}, {"rfilename": "ppo-LunarLander-v2.zip"}, {"rfilename": "ppo-LunarLander-v2/_stable_baselines3_version"}, {"rfilename": "ppo-LunarLander-v2/data"}, {"rfilename": "ppo-LunarLander-v2/policy.optimizer.pth"}, {"rfilename": "ppo-LunarLander-v2/policy.pth"}, {"rfilename": "ppo-LunarLander-v2/pytorch_variables.pth"}, {"rfilename": "ppo-LunarLander-v2/system_info.txt"}, {"rfilename": "replay.mp4"}, {"rfilename": "results.json"}], "spaces": [], "createdAt": "2023-06-23T06:24:17.000Z", "inferenceStatus": "not-loaded"}