{"_id": "64977171483e1df59333f8aa", "id": "97jmlr/ppo-SnowballTarget", "modelId": "97jmlr/ppo-SnowballTarget", "author": "97jmlr", "sha": "9390932078fbc005656685518b50b68a69d7347e", "lastModified": "2023-06-24T22:43:03.000Z", "private": false, "disabled": false, "gated": false, "pipeline_tag": "reinforcement-learning", "tags": ["ml-agents", "tensorboard", "onnx", "SnowballTarget", "deep-reinforcement-learning", "reinforcement-learning", "ML-Agents-SnowballTarget", "region:us"], "downloads": 1, "library_name": "ml-agents", "likes": 0, "model-index": null, "config": {}, "cardData": {"library_name": "ml-agents", "tags": ["SnowballTarget", "deep-reinforcement-learning", "reinforcement-learning", "ML-Agents-SnowballTarget"]}, "siblings": [{"rfilename": ".gitattributes"}, {"rfilename": "README.md"}, {"rfilename": "SnowballTarget.onnx"}, {"rfilename": "SnowballTarget/SnowballTarget-149984.onnx"}, {"rfilename": "SnowballTarget/SnowballTarget-149984.pt"}, {"rfilename": "SnowballTarget/SnowballTarget-199984.onnx"}, {"rfilename": "SnowballTarget/SnowballTarget-199984.pt"}, {"rfilename": "SnowballTarget/SnowballTarget-200112.onnx"}, {"rfilename": "SnowballTarget/SnowballTarget-200112.pt"}, {"rfilename": "SnowballTarget/SnowballTarget-49936.onnx"}, {"rfilename": "SnowballTarget/SnowballTarget-49936.pt"}, {"rfilename": "SnowballTarget/SnowballTarget-99960.onnx"}, {"rfilename": "SnowballTarget/SnowballTarget-99960.pt"}, {"rfilename": "SnowballTarget/checkpoint.pt"}, {"rfilename": "SnowballTarget/events.out.tfevents.1687645982.878f3e50d019.2454.0"}, {"rfilename": "config.json"}, {"rfilename": "configuration.yaml"}, {"rfilename": "run_logs/Player-0.log"}, {"rfilename": "run_logs/timers.json"}, {"rfilename": "run_logs/training_status.json"}], "spaces": [], "createdAt": "2023-06-24T22:42:57.000Z", "inferenceStatus": "not-loaded"}