{"_id": "6493ff5c6c80f6ef94c594a9", "id": "97jmlr/ddpm-celebahq-finetuned-butterflies-2epochs", "modelId": "97jmlr/ddpm-celebahq-finetuned-butterflies-2epochs", "author": "97jmlr", "sha": "001fca11357de134e58320e9d592b266cabb693e", "lastModified": "2023-06-22T08:00:12.000Z", "private": false, "disabled": false, "gated": false, "pipeline_tag": "unconditional-image-generation", "tags": ["diffusers", "pytorch", "unconditional-image-generation", "diffusion-models-class", "license:mit", "diffusers:DDPMPipeline", "region:us"], "downloads": 12, "library_name": "diffusers", "likes": 0, "model-index": null, "config": {"diffusers": {"_class_name": "DDPMPipeline"}}, "cardData": {"license": "mit", "tags": ["pytorch", "diffusers", "unconditional-image-generation", "diffusion-models-class"]}, "siblings": [{"rfilename": ".gitattributes"}, {"rfilename": "README.md"}, {"rfilename": "config.json"}, {"rfilename": "diffusion_pytorch_model.bin"}, {"rfilename": "model_index.json"}, {"rfilename": "scheduler_config.json"}], "spaces": [], "createdAt": "2023-06-22T07:59:24.000Z", "inferenceStatus": "not-loaded"}