{"_id": "649a1a8a748afb170bc7b790", "id": "97jmlr/rl_course_vizdoom_health_gathering_supreme", "modelId": "97jmlr/rl_course_vizdoom_health_gathering_supreme", "author": "97jmlr", "sha": "bd19609ed92399638fdb21627182ee6936af6334", "lastModified": "2023-06-26T23:09:23.000Z", "private": false, "disabled": false, "gated": false, "pipeline_tag": "reinforcement-learning", "tags": ["sample-factory", "tensorboard", "deep-reinforcement-learning", "reinforcement-learning", "model-index", "region:us"], "downloads": 0, "library_name": "sample-factory", "likes": 0, "model-index": [{"name": "APPO", "results": [{"task": {"type": "reinforcement-learning", "name": "reinforcement-learning"}, "dataset": {"name": "doom_health_gathering_supreme", "type": "doom_health_gathering_supreme"}, "metrics": [{"type": "mean_reward", "value": "19.88 +/- 3.38", "name": "mean_reward", "verified": false}]}]}], "config": {}, "cardData": {"library_name": "sample-factory", "tags": ["deep-reinforcement-learning", "reinforcement-learning", "sample-factory"], "model-index": [{"name": "APPO", "results": [{"task": {"type": "reinforcement-learning", "name": "reinforcement-learning"}, "dataset": {"name": "doom_health_gathering_supreme", "type": "doom_health_gathering_supreme"}, "metrics": [{"type": "mean_reward", "value": "19.88 +/- 3.38", "name": "mean_reward", "verified": false}]}]}]}, "siblings": [{"rfilename": ".gitattributes"}, {"rfilename": ".summary/0/events.out.tfevents.1666554178.r12i0n7"}, {"rfilename": "README.md"}, {"rfilename": "checkpoint_p0/best_000466273_3819708416_reward_63.056.pth"}, {"rfilename": "checkpoint_p0/checkpoint_000538763_4413546496.pth"}, {"rfilename": "checkpoint_p0/checkpoint_000539850_4422451200.pth"}, {"rfilename": "config.json"}, {"rfilename": "replay.mp4"}], "spaces": [], "createdAt": "2023-06-26T23:08:58.000Z", "inferenceStatus": "not-loaded"}