{"_id": "6357d34aa43d8d1bbe6543a0", "id": "990eeb2b15cc7d76c24c2ff085027014/shahed136detection", "modelId": "990eeb2b15cc7d76c24c2ff085027014/shahed136detection", "author": "990eeb2b15cc7d76c24c2ff085027014", "sha": "93ce930f3b1008f4fc89d8713139b73ba9786de2", "lastModified": "2022-10-25T13:04:41.000Z", "private": false, "disabled": false, "gated": false, "tags": ["license:cc0-1.0", "region:us"], "downloads": 0, "likes": 1, "model-index": null, "cardData": {"license": "cc0-1.0"}, "siblings": [{"rfilename": ".gitattributes"}, {"rfilename": "README.md"}, {"rfilename": "clean_mask_yolo.zip"}], "spaces": [], "createdAt": "2022-10-25T12:15:06.000Z", "inferenceStatus": "not-loaded"}