{"_id": "641dd82e9c370b1416656630", "id": "999hien/ayaka", "modelId": "999hien/ayaka", "author": "999hien", "sha": "39996b614d0a4bedf2a8578e204e31742047e1fc", "lastModified": "2023-03-24T17:05:57.000Z", "private": false, "disabled": false, "gated": false, "tags": ["license:apache-2.0", "region:us"], "downloads": 0, "likes": 0, "model-index": null, "cardData": {"license": "apache-2.0"}, "siblings": [{"rfilename": ".gitattributes"}, {"rfilename": "Ayaka.safetensors"}, {"rfilename": "README.md"}], "spaces": [], "createdAt": "2023-03-24T17:04:46.000Z", "inferenceStatus": "not-loaded"}