{"_id": "653ba38ee794d81e9e0cdf83", "id": "999hien/raiden", "modelId": "999hien/raiden", "author": "999hien", "sha": "07e57928e347e0bb400a90be64c0d690a49b9f69", "lastModified": "2023-10-27T11:53:52.000Z", "private": false, "disabled": false, "gated": false, "tags": ["region:us"], "downloads": 0, "likes": 0, "siblings": [{"rfilename": ".gitattributes"}, {"rfilename": "README.md"}, {"rfilename": "raiden_shogun_LoRA.safetensors"}], "spaces": [], "createdAt": "2023-10-27T11:48:30.000Z", "inferenceStatus": "not-loaded"}