{"_id": "6679a4d967be4d7b189abddb", "id": "99eren99/Turkish-BakLLaVa1.5-Mistral", "modelId": "99eren99/Turkish-BakLLaVa1.5-Mistral", "author": "99eren99", "sha": "5c922ab7c27680139a22ead3c84f146ffc7704da", "lastModified": "2024-06-25T00:03:29.000Z", "private": false, "disabled": false, "gated": false, "pipeline_tag": "text-generation", "tags": ["transformers", "pytorch", "llava_mistral", "text-generation", "conversational", "license:cc-by-nc-sa-4.0", "autotrain_compatible", "endpoints_compatible", "region:us"], "downloads": 30, "library_name": "transformers", "widgetData": [{"text": "Hey my name is Julien! How are you?"}, {"text": "Hey my name is Thomas! How are you?"}, {"text": "Hey my name is Mariama! How are you?"}, {"text": "Hey my name is Clara! How are you?"}, {"text": "Hey my name is Julien! How are you?"}, {"text": "Hi."}], "likes": 4, "model-index": null, "config": {"architectures": ["LlavaMistralForCausalLM"], "model_type": "llava_mistral", "tokenizer_config": {"bos_token": "<s>", "chat_template": "{{ bos_token }}{% for message in messages %}{% if (message['role'] == 'user') != (loop.index0 % 2 == 0) %}{{ raise_exception('Conversation roles must alternate user/assistant/user/assistant/...') }}{% endif %}{% if message['role'] == 'user' %}{{ '[INST] ' + message['content'] + ' [/INST]' }}{% elif message['role'] == 'assistant' %}{{ message['content'] + eos_token}}{% else %}{{ raise_exception('Only user and assistant roles are supported!') }}{% endif %}{% endfor %}", "eos_token": "</s>", "pad_token": "</s>", "unk_token": "<unk>", "use_default_system_prompt": false}}, "cardData": {"license": "cc-by-nc-sa-4.0"}, "transformersInfo": {"auto_model": "AutoModelForCausalLM", "pipeline_tag": "text-generation"}, "siblings": [{"rfilename": ".gitattributes"}, {"rfilename": "README.md"}, {"rfilename": "config.json"}, {"rfilename": "generation_config.json"}, {"rfilename": "preprocessor_config.json"}, {"rfilename": "pytorch_model-00001-of-00008.bin"}, {"rfilename": "pytorch_model-00002-of-00008.bin"}, {"rfilename": "pytorch_model-00003-of-00008.bin"}, {"rfilename": "pytorch_model-00004-of-00008.bin"}, {"rfilename": "pytorch_model-00005-of-00008.bin"}, {"rfilename": "pytorch_model-00006-of-00008.bin"}, {"rfilename": "pytorch_model-00007-of-00008.bin"}, {"rfilename": "pytorch_model-00008-of-00008.bin"}, {"rfilename": "pytorch_model.bin.index.json"}, {"rfilename": "special_tokens_map.json"}, {"rfilename": "tokenizer.model"}, {"rfilename": "tokenizer_config.json"}], "spaces": [], "createdAt": "2024-06-24T16:54:49.000Z", "inferenceStatus": "not-loaded"}