{"_id": "63f9eb469fa66a34ee7f2380", "id": "99th/Droooo", "modelId": "99th/Droooo", "author": "99th", "sha": "9bc0710412dad106f2cd4b995ead1b2d04ecb1f5", "lastModified": "2023-02-25T11:04:38.000Z", "private": false, "disabled": false, "gated": false, "tags": ["license:other", "region:us"], "downloads": 0, "likes": 1, "model-index": null, "cardData": {"license": "other"}, "siblings": [{"rfilename": ".gitattributes"}, {"rfilename": "README.md"}], "spaces": [], "createdAt": "2023-02-25T11:04:38.000Z", "inferenceStatus": "not-loaded"}