{"_id": "63db278926ae589b7687fbcb", "id": "9au5a/nlpandweb", "modelId": "9au5a/nlpandweb", "author": "9au5a", "sha": "e25ae068c9ab6a63d37c2b8fea181b7ce899a8db", "lastModified": "2023-02-02T03:04:38.000Z", "private": false, "disabled": false, "gated": false, "pipeline_tag": "question-answering", "tags": ["transformers", "pytorch", "tensorboard", "bert", "question-answering", "generated_from_trainer", "endpoints_compatible", "region:us"], "downloads": 4, "library_name": "transformers", "mask_token": "[MASK]", "widgetData": [{"text": "Where do I live?", "context": "My name is Wolfgang and I live in Berlin"}, {"text": "Where do I live?", "context": "My name is Sarah and I live in London"}, {"text": "What's my name?", "context": "My name is Clara and I live in Berkeley."}, {"text": "Which name is also used to describe the Amazon rainforest in English?", "context": "The Amazon rainforest (Portuguese: Floresta Amaz\u00f4nica or Amaz\u00f4nia; Spanish: Selva Amaz\u00f3nica, Amazon\u00eda or usually Amazonia; French: For\u00eat amazonienne; Dutch: Amazoneregenwoud), also known in English as Amazonia or the Amazon Jungle, is a moist broadleaf forest that covers most of the Amazon basin of South America. This basin encompasses 7,000,000 square kilometres (2,700,000 sq mi), of which 5,500,000 square kilometres (2,100,000 sq mi) are covered by the rainforest. This region includes territory belonging to nine nations. The majority of the forest is contained within Brazil, with 60% of the rainforest, followed by Peru with 13%, Colombia with 10%, and with minor amounts in Venezuela, Ecuador, Bolivia, Guyana, Suriname and French Guiana. States or departments in four nations contain \"Amazonas\" in their names. The Amazon represents over half of the planet's remaining rainforests, and comprises the largest and most biodiverse tract of tropical rainforest in the world, with an estimated 390 billion individual trees divided into 16,000 species."}], "likes": 0, "model-index": [{"name": "result", "results": []}], "config": {"architectures": ["BertForQuestionAnswering"], "model_type": "bert", "tokenizer_config": {"cls_token": "[CLS]", "mask_token": "[MASK]", "pad_token": "[PAD]", "sep_token": "[SEP]", "unk_token": "[UNK]"}}, "cardData": {"tags": ["generated_from_trainer"], "model-index": [{"name": "result", "results": []}]}, "transformersInfo": {"auto_model": "AutoModelForQuestionAnswering", "pipeline_tag": "question-answering", "processor": "AutoTokenizer"}, "siblings": [{"rfilename": ".gitattributes"}, {"rfilename": "README.md"}, {"rfilename": "all_results.json"}, {"rfilename": "checkpoint-1000/config.json"}, {"rfilename": "checkpoint-1000/optimizer.pt"}, {"rfilename": "checkpoint-1000/pytorch_model.bin"}, {"rfilename": "checkpoint-1000/rng_state.pth"}, {"rfilename": "checkpoint-1000/scheduler.pt"}, {"rfilename": "checkpoint-1000/special_tokens_map.json"}, {"rfilename": "checkpoint-1000/tokenizer.json"}, {"rfilename": "checkpoint-1000/tokenizer_config.json"}, {"rfilename": "checkpoint-1000/trainer_state.json"}, {"rfilename": "checkpoint-1000/training_args.bin"}, {"rfilename": "checkpoint-1000/vocab.txt"}, {"rfilename": "checkpoint-10000/config.json"}, {"rfilename": "checkpoint-10000/optimizer.pt"}, {"rfilename": "checkpoint-10000/pytorch_model.bin"}, {"rfilename": "checkpoint-10000/rng_state.pth"}, {"rfilename": "checkpoint-10000/scheduler.pt"}, {"rfilename": "checkpoint-10000/special_tokens_map.json"}, {"rfilename": "checkpoint-10000/tokenizer.json"}, {"rfilename": "checkpoint-10000/tokenizer_config.json"}, {"rfilename": "checkpoint-10000/trainer_state.json"}, {"rfilename": "checkpoint-10000/training_args.bin"}, {"rfilename": "checkpoint-10000/vocab.txt"}, {"rfilename": "checkpoint-10500/config.json"}, {"rfilename": "checkpoint-10500/optimizer.pt"}, {"rfilename": "checkpoint-10500/pytorch_model.bin"}, {"rfilename": "checkpoint-10500/rng_state.pth"}, {"rfilename": "checkpoint-10500/scheduler.pt"}, {"rfilename": "checkpoint-10500/special_tokens_map.json"}, {"rfilename": "checkpoint-10500/tokenizer.json"}, {"rfilename": "checkpoint-10500/tokenizer_config.json"}, {"rfilename": "checkpoint-10500/trainer_state.json"}, {"rfilename": "checkpoint-10500/training_args.bin"}, {"rfilename": "checkpoint-10500/vocab.txt"}, {"rfilename": "checkpoint-11000/config.json"}, {"rfilename": "checkpoint-11000/optimizer.pt"}, {"rfilename": "checkpoint-11000/pytorch_model.bin"}, {"rfilename": "checkpoint-11000/rng_state.pth"}, {"rfilename": "checkpoint-11000/scheduler.pt"}, {"rfilename": "checkpoint-11000/special_tokens_map.json"}, {"rfilename": "checkpoint-11000/tokenizer.json"}, {"rfilename": "checkpoint-11000/tokenizer_config.json"}, {"rfilename": "checkpoint-11000/trainer_state.json"}, {"rfilename": "checkpoint-11000/training_args.bin"}, {"rfilename": "checkpoint-11000/vocab.txt"}, {"rfilename": "checkpoint-11500/config.json"}, {"rfilename": "checkpoint-11500/optimizer.pt"}, {"rfilename": "checkpoint-11500/pytorch_model.bin"}, {"rfilename": "checkpoint-11500/rng_state.pth"}, {"rfilename": "checkpoint-11500/scheduler.pt"}, {"rfilename": "checkpoint-11500/special_tokens_map.json"}, {"rfilename": "checkpoint-11500/tokenizer.json"}, {"rfilename": "checkpoint-11500/tokenizer_config.json"}, {"rfilename": "checkpoint-11500/trainer_state.json"}, {"rfilename": "checkpoint-11500/training_args.bin"}, {"rfilename": "checkpoint-11500/vocab.txt"}, {"rfilename": "checkpoint-12000/config.json"}, {"rfilename": "checkpoint-12000/optimizer.pt"}, {"rfilename": "checkpoint-12000/pytorch_model.bin"}, {"rfilename": "checkpoint-12000/rng_state.pth"}, {"rfilename": "checkpoint-12000/scheduler.pt"}, {"rfilename": "checkpoint-12000/special_tokens_map.json"}, {"rfilename": "checkpoint-12000/tokenizer.json"}, {"rfilename": "checkpoint-12000/tokenizer_config.json"}, {"rfilename": "checkpoint-12000/trainer_state.json"}, {"rfilename": "checkpoint-12000/training_args.bin"}, {"rfilename": "checkpoint-12000/vocab.txt"}, {"rfilename": "checkpoint-12500/config.json"}, {"rfilename": "checkpoint-12500/optimizer.pt"}, {"rfilename": "checkpoint-12500/pytorch_model.bin"}, {"rfilename": "checkpoint-12500/rng_state.pth"}, {"rfilename": "checkpoint-12500/scheduler.pt"}, {"rfilename": "checkpoint-12500/special_tokens_map.json"}, {"rfilename": "checkpoint-12500/tokenizer.json"}, {"rfilename": "checkpoint-12500/tokenizer_config.json"}, {"rfilename": "checkpoint-12500/trainer_state.json"}, {"rfilename": "checkpoint-12500/training_args.bin"}, {"rfilename": "checkpoint-12500/vocab.txt"}, {"rfilename": "checkpoint-13000/config.json"}, {"rfilename": "checkpoint-13000/optimizer.pt"}, {"rfilename": "checkpoint-13000/pytorch_model.bin"}, {"rfilename": "checkpoint-13000/rng_state.pth"}, {"rfilename": "checkpoint-13000/scheduler.pt"}, {"rfilename": "checkpoint-13000/special_tokens_map.json"}, {"rfilename": "checkpoint-13000/tokenizer.json"}, {"rfilename": "checkpoint-13000/tokenizer_config.json"}, {"rfilename": "checkpoint-13000/trainer_state.json"}, {"rfilename": "checkpoint-13000/training_args.bin"}, {"rfilename": "checkpoint-13000/vocab.txt"}, {"rfilename": "checkpoint-13500/config.json"}, {"rfilename": "checkpoint-13500/optimizer.pt"}, {"rfilename": "checkpoint-13500/pytorch_model.bin"}, {"rfilename": "checkpoint-13500/rng_state.pth"}, {"rfilename": "checkpoint-13500/scheduler.pt"}, {"rfilename": "checkpoint-13500/special_tokens_map.json"}, {"rfilename": "checkpoint-13500/tokenizer.json"}, {"rfilename": "checkpoint-13500/tokenizer_config.json"}, {"rfilename": "checkpoint-13500/trainer_state.json"}, {"rfilename": "checkpoint-13500/training_args.bin"}, {"rfilename": "checkpoint-13500/vocab.txt"}, {"rfilename": "checkpoint-14000/config.json"}, {"rfilename": "checkpoint-14000/optimizer.pt"}, {"rfilename": "checkpoint-14000/pytorch_model.bin"}, {"rfilename": "checkpoint-14000/rng_state.pth"}, {"rfilename": "checkpoint-14000/scheduler.pt"}, {"rfilename": "checkpoint-14000/special_tokens_map.json"}, {"rfilename": "checkpoint-14000/tokenizer.json"}, {"rfilename": "checkpoint-14000/tokenizer_config.json"}, {"rfilename": "checkpoint-14000/trainer_state.json"}, {"rfilename": "checkpoint-14000/training_args.bin"}, {"rfilename": "checkpoint-14000/vocab.txt"}, {"rfilename": "checkpoint-14500/config.json"}, {"rfilename": "checkpoint-14500/optimizer.pt"}, {"rfilename": "checkpoint-14500/pytorch_model.bin"}, {"rfilename": "checkpoint-14500/rng_state.pth"}, {"rfilename": "checkpoint-14500/scheduler.pt"}, {"rfilename": "checkpoint-14500/special_tokens_map.json"}, {"rfilename": "checkpoint-14500/tokenizer.json"}, {"rfilename": "checkpoint-14500/tokenizer_config.json"}, {"rfilename": "checkpoint-14500/trainer_state.json"}, {"rfilename": "checkpoint-14500/training_args.bin"}, {"rfilename": "checkpoint-14500/vocab.txt"}, {"rfilename": "checkpoint-1500/config.json"}, {"rfilename": "checkpoint-1500/optimizer.pt"}, {"rfilename": "checkpoint-1500/pytorch_model.bin"}, {"rfilename": "checkpoint-1500/rng_state.pth"}, {"rfilename": "checkpoint-1500/scheduler.pt"}, {"rfilename": "checkpoint-1500/special_tokens_map.json"}, {"rfilename": "checkpoint-1500/tokenizer.json"}, {"rfilename": "checkpoint-1500/tokenizer_config.json"}, {"rfilename": "checkpoint-1500/trainer_state.json"}, {"rfilename": "checkpoint-1500/training_args.bin"}, {"rfilename": "checkpoint-1500/vocab.txt"}, {"rfilename": "checkpoint-2000/config.json"}, {"rfilename": "checkpoint-2000/optimizer.pt"}, {"rfilename": "checkpoint-2000/pytorch_model.bin"}, {"rfilename": "checkpoint-2000/rng_state.pth"}, {"rfilename": "checkpoint-2000/scheduler.pt"}, {"rfilename": "checkpoint-2000/special_tokens_map.json"}, {"rfilename": "checkpoint-2000/tokenizer.json"}, {"rfilename": "checkpoint-2000/tokenizer_config.json"}, {"rfilename": "checkpoint-2000/trainer_state.json"}, {"rfilename": "checkpoint-2000/training_args.bin"}, {"rfilename": "checkpoint-2000/vocab.txt"}, {"rfilename": "checkpoint-2500/config.json"}, {"rfilename": "checkpoint-2500/optimizer.pt"}, {"rfilename": "checkpoint-2500/pytorch_model.bin"}, {"rfilename": "checkpoint-2500/rng_state.pth"}, {"rfilename": "checkpoint-2500/scheduler.pt"}, {"rfilename": "checkpoint-2500/special_tokens_map.json"}, {"rfilename": "checkpoint-2500/tokenizer.json"}, {"rfilename": "checkpoint-2500/tokenizer_config.json"}, {"rfilename": "checkpoint-2500/trainer_state.json"}, {"rfilename": "checkpoint-2500/training_args.bin"}, {"rfilename": "checkpoint-2500/vocab.txt"}, {"rfilename": "checkpoint-3000/config.json"}, {"rfilename": "checkpoint-3000/optimizer.pt"}, {"rfilename": "checkpoint-3000/pytorch_model.bin"}, {"rfilename": "checkpoint-3000/rng_state.pth"}, {"rfilename": "checkpoint-3000/scheduler.pt"}, {"rfilename": "checkpoint-3000/special_tokens_map.json"}, {"rfilename": "checkpoint-3000/tokenizer.json"}, {"rfilename": "checkpoint-3000/tokenizer_config.json"}, {"rfilename": "checkpoint-3000/trainer_state.json"}, {"rfilename": "checkpoint-3000/training_args.bin"}, {"rfilename": "checkpoint-3000/vocab.txt"}, {"rfilename": "checkpoint-3500/config.json"}, {"rfilename": "checkpoint-3500/optimizer.pt"}, {"rfilename": "checkpoint-3500/pytorch_model.bin"}, {"rfilename": "checkpoint-3500/rng_state.pth"}, {"rfilename": "checkpoint-3500/scheduler.pt"}, {"rfilename": "checkpoint-3500/special_tokens_map.json"}, {"rfilename": "checkpoint-3500/tokenizer.json"}, {"rfilename": "checkpoint-3500/tokenizer_config.json"}, {"rfilename": "checkpoint-3500/trainer_state.json"}, {"rfilename": "checkpoint-3500/training_args.bin"}, {"rfilename": "checkpoint-3500/vocab.txt"}, {"rfilename": "checkpoint-4000/config.json"}, {"rfilename": "checkpoint-4000/optimizer.pt"}, {"rfilename": "checkpoint-4000/pytorch_model.bin"}, {"rfilename": "checkpoint-4000/rng_state.pth"}, {"rfilename": "checkpoint-4000/scheduler.pt"}, {"rfilename": "checkpoint-4000/special_tokens_map.json"}, {"rfilename": "checkpoint-4000/tokenizer.json"}, {"rfilename": "checkpoint-4000/tokenizer_config.json"}, {"rfilename": "checkpoint-4000/trainer_state.json"}, {"rfilename": "checkpoint-4000/training_args.bin"}, {"rfilename": "checkpoint-4000/vocab.txt"}, {"rfilename": "checkpoint-4500/config.json"}, {"rfilename": "checkpoint-4500/optimizer.pt"}, {"rfilename": "checkpoint-4500/pytorch_model.bin"}, {"rfilename": "checkpoint-4500/rng_state.pth"}, {"rfilename": "checkpoint-4500/scheduler.pt"}, {"rfilename": "checkpoint-4500/special_tokens_map.json"}, {"rfilename": "checkpoint-4500/tokenizer.json"}, {"rfilename": "checkpoint-4500/tokenizer_config.json"}, {"rfilename": "checkpoint-4500/trainer_state.json"}, {"rfilename": "checkpoint-4500/training_args.bin"}, {"rfilename": "checkpoint-4500/vocab.txt"}, {"rfilename": "checkpoint-500/config.json"}, {"rfilename": "checkpoint-500/optimizer.pt"}, {"rfilename": "checkpoint-500/pytorch_model.bin"}, {"rfilename": "checkpoint-500/rng_state.pth"}, {"rfilename": "checkpoint-500/scheduler.pt"}, {"rfilename": "checkpoint-500/special_tokens_map.json"}, {"rfilename": "checkpoint-500/tokenizer.json"}, {"rfilename": "checkpoint-500/tokenizer_config.json"}, {"rfilename": "checkpoint-500/trainer_state.json"}, {"rfilename": "checkpoint-500/training_args.bin"}, {"rfilename": "checkpoint-500/vocab.txt"}, {"rfilename": "checkpoint-5000/config.json"}, {"rfilename": "checkpoint-5000/optimizer.pt"}, {"rfilename": "checkpoint-5000/pytorch_model.bin"}, {"rfilename": "checkpoint-5000/rng_state.pth"}, {"rfilename": "checkpoint-5000/scheduler.pt"}, {"rfilename": "checkpoint-5000/special_tokens_map.json"}, {"rfilename": "checkpoint-5000/tokenizer.json"}, {"rfilename": "checkpoint-5000/tokenizer_config.json"}, {"rfilename": "checkpoint-5000/trainer_state.json"}, {"rfilename": "checkpoint-5000/training_args.bin"}, {"rfilename": "checkpoint-5000/vocab.txt"}, {"rfilename": "checkpoint-5500/config.json"}, {"rfilename": "checkpoint-5500/optimizer.pt"}, {"rfilename": "checkpoint-5500/pytorch_model.bin"}, {"rfilename": "checkpoint-5500/rng_state.pth"}, {"rfilename": "checkpoint-5500/scheduler.pt"}, {"rfilename": "checkpoint-5500/special_tokens_map.json"}, {"rfilename": "checkpoint-5500/tokenizer.json"}, {"rfilename": "checkpoint-5500/tokenizer_config.json"}, {"rfilename": "checkpoint-5500/trainer_state.json"}, {"rfilename": "checkpoint-5500/training_args.bin"}, {"rfilename": "checkpoint-5500/vocab.txt"}, {"rfilename": "checkpoint-6000/config.json"}, {"rfilename": "checkpoint-6000/optimizer.pt"}, {"rfilename": "checkpoint-6000/pytorch_model.bin"}, {"rfilename": "checkpoint-6000/rng_state.pth"}, {"rfilename": "checkpoint-6000/scheduler.pt"}, {"rfilename": "checkpoint-6000/special_tokens_map.json"}, {"rfilename": "checkpoint-6000/tokenizer.json"}, {"rfilename": "checkpoint-6000/tokenizer_config.json"}, {"rfilename": "checkpoint-6000/trainer_state.json"}, {"rfilename": "checkpoint-6000/training_args.bin"}, {"rfilename": "checkpoint-6000/vocab.txt"}, {"rfilename": "checkpoint-6500/config.json"}, {"rfilename": "checkpoint-6500/optimizer.pt"}, {"rfilename": "checkpoint-6500/pytorch_model.bin"}, {"rfilename": "checkpoint-6500/rng_state.pth"}, {"rfilename": "checkpoint-6500/scheduler.pt"}, {"rfilename": "checkpoint-6500/special_tokens_map.json"}, {"rfilename": "checkpoint-6500/tokenizer.json"}, {"rfilename": "checkpoint-6500/tokenizer_config.json"}, {"rfilename": "checkpoint-6500/trainer_state.json"}, {"rfilename": "checkpoint-6500/training_args.bin"}, {"rfilename": "checkpoint-6500/vocab.txt"}, {"rfilename": "checkpoint-7000/config.json"}, {"rfilename": "checkpoint-7000/optimizer.pt"}, {"rfilename": "checkpoint-7000/pytorch_model.bin"}, {"rfilename": "checkpoint-7000/rng_state.pth"}, {"rfilename": "checkpoint-7000/scheduler.pt"}, {"rfilename": "checkpoint-7000/special_tokens_map.json"}, {"rfilename": "checkpoint-7000/tokenizer.json"}, {"rfilename": "checkpoint-7000/tokenizer_config.json"}, {"rfilename": "checkpoint-7000/trainer_state.json"}, {"rfilename": "checkpoint-7000/training_args.bin"}, {"rfilename": "checkpoint-7000/vocab.txt"}, {"rfilename": "checkpoint-7500/config.json"}, {"rfilename": "checkpoint-7500/optimizer.pt"}, {"rfilename": "checkpoint-7500/pytorch_model.bin"}, {"rfilename": "checkpoint-7500/rng_state.pth"}, {"rfilename": "checkpoint-7500/scheduler.pt"}, {"rfilename": "checkpoint-7500/special_tokens_map.json"}, {"rfilename": "checkpoint-7500/tokenizer.json"}, {"rfilename": "checkpoint-7500/tokenizer_config.json"}, {"rfilename": "checkpoint-7500/trainer_state.json"}, {"rfilename": "checkpoint-7500/training_args.bin"}, {"rfilename": "checkpoint-7500/vocab.txt"}, {"rfilename": "checkpoint-8000/config.json"}, {"rfilename": "checkpoint-8000/optimizer.pt"}, {"rfilename": "checkpoint-8000/pytorch_model.bin"}, {"rfilename": "checkpoint-8000/rng_state.pth"}, {"rfilename": "checkpoint-8000/scheduler.pt"}, {"rfilename": "checkpoint-8000/special_tokens_map.json"}, {"rfilename": "checkpoint-8000/tokenizer.json"}, {"rfilename": "checkpoint-8000/tokenizer_config.json"}, {"rfilename": "checkpoint-8000/trainer_state.json"}, {"rfilename": "checkpoint-8000/training_args.bin"}, {"rfilename": "checkpoint-8000/vocab.txt"}, {"rfilename": "checkpoint-8500/config.json"}, {"rfilename": "checkpoint-8500/optimizer.pt"}, {"rfilename": "checkpoint-8500/pytorch_model.bin"}, {"rfilename": "checkpoint-8500/rng_state.pth"}, {"rfilename": "checkpoint-8500/scheduler.pt"}, {"rfilename": "checkpoint-8500/special_tokens_map.json"}, {"rfilename": "checkpoint-8500/tokenizer.json"}, {"rfilename": "checkpoint-8500/tokenizer_config.json"}, {"rfilename": "checkpoint-8500/trainer_state.json"}, {"rfilename": "checkpoint-8500/training_args.bin"}, {"rfilename": "checkpoint-8500/vocab.txt"}, {"rfilename": "checkpoint-9000/config.json"}, {"rfilename": "checkpoint-9000/optimizer.pt"}, {"rfilename": "checkpoint-9000/pytorch_model.bin"}, {"rfilename": "checkpoint-9000/rng_state.pth"}, {"rfilename": "checkpoint-9000/scheduler.pt"}, {"rfilename": "checkpoint-9000/special_tokens_map.json"}, {"rfilename": "checkpoint-9000/tokenizer.json"}, {"rfilename": "checkpoint-9000/tokenizer_config.json"}, {"rfilename": "checkpoint-9000/trainer_state.json"}, {"rfilename": "checkpoint-9000/training_args.bin"}, {"rfilename": "checkpoint-9000/vocab.txt"}, {"rfilename": "checkpoint-9500/config.json"}, {"rfilename": "checkpoint-9500/optimizer.pt"}, {"rfilename": "checkpoint-9500/pytorch_model.bin"}, {"rfilename": "checkpoint-9500/rng_state.pth"}, {"rfilename": "checkpoint-9500/scheduler.pt"}, {"rfilename": "checkpoint-9500/special_tokens_map.json"}, {"rfilename": "checkpoint-9500/tokenizer.json"}, {"rfilename": "checkpoint-9500/tokenizer_config.json"}, {"rfilename": "checkpoint-9500/trainer_state.json"}, {"rfilename": "checkpoint-9500/training_args.bin"}, {"rfilename": "checkpoint-9500/vocab.txt"}, {"rfilename": "config.json"}, {"rfilename": "eval_nbest_predictions.json"}, {"rfilename": "eval_predictions.json"}, {"rfilename": "eval_results.json"}, {"rfilename": "pytorch_model.bin"}, {"rfilename": "runs/Feb02_02-32-31_d8b32000967a/1675305243.6890106/events.out.tfevents.1675305243.d8b32000967a.814.1"}, {"rfilename": "runs/Feb02_02-32-31_d8b32000967a/events.out.tfevents.1675305243.d8b32000967a.814.0"}, {"rfilename": "runs/Feb02_02-32-31_d8b32000967a/events.out.tfevents.1675306796.d8b32000967a.814.2"}, {"rfilename": "special_tokens_map.json"}, {"rfilename": "tokenizer.json"}, {"rfilename": "tokenizer_config.json"}, {"rfilename": "train_results.json"}, {"rfilename": "trainer_state.json"}, {"rfilename": "training_args.bin"}, {"rfilename": "vocab.txt"}], "spaces": [], "createdAt": "2023-02-02T03:01:29.000Z", "inferenceStatus": "not-loaded"}