{"_id": "641d52fe958040b16bc0de61", "id": "9crk/chatWithMe", "modelId": "9crk/chatWithMe", "author": "9crk", "sha": "64a095b9d6b5969075980fdc257a199b6f29be2d", "lastModified": "2023-03-24T07:36:30.000Z", "private": false, "disabled": false, "gated": false, "tags": ["license:openrail", "region:us"], "downloads": 0, "likes": 0, "model-index": null, "cardData": {"license": "openrail"}, "siblings": [{"rfilename": ".gitattributes"}, {"rfilename": "README.md"}], "spaces": [], "createdAt": "2023-03-24T07:36:30.000Z", "inferenceStatus": "not-loaded"}