{"_id": "664972c2c88927e6dd4e1295", "id": "9Doctor/ajcrowley", "modelId": "9Doctor/ajcrowley", "author": "9Doctor", "sha": "b208fc9341e6b8f2533bcf3ca1732bf5e2c48012", "lastModified": "2024-05-19T03:35:23.000Z", "private": false, "disabled": false, "gated": false, "tags": ["license:openrail", "region:us"], "downloads": 0, "likes": 0, "model-index": null, "cardData": {"license": "openrail"}, "siblings": [{"rfilename": ".gitattributes"}, {"rfilename": "README.md"}, {"rfilename": "ajcrowley.pth"}, {"rfilename": "ajcrowley.zip"}], "spaces": [], "createdAt": "2024-05-19T03:32:18.000Z", "inferenceStatus": "not-loaded"}