{"_id": "64da9af6d4d94f5027095a24", "id": "9duALEX/Carl_Johnson", "modelId": "9duALEX/Carl_Johnson", "author": "9duALEX", "sha": "bc0bc0a53301432087f057ba37c9da33d5f0e244", "lastModified": "2023-08-20T01:12:52.000Z", "private": false, "disabled": false, "gated": false, "tags": ["license:openrail", "region:us"], "downloads": 0, "likes": 0, "model-index": null, "cardData": {"license": "openrail"}, "siblings": [{"rfilename": ".gitattributes"}, {"rfilename": "CJ.zip"}, {"rfilename": "README.md"}], "spaces": [], "createdAt": "2023-08-14T21:21:58.000Z", "inferenceStatus": "not-loaded"}