{"_id": "64f7c4bab2d67ae715ebdd6e", "id": "9duALEX/Mageneker-Animaciones", "modelId": "9duALEX/Mageneker-Animaciones", "author": "9duALEX", "sha": "4d55f83c20e1ff379b8c90c15cc363c11a2bdfef", "lastModified": "2023-09-06T00:17:45.000Z", "private": false, "disabled": false, "gated": false, "tags": ["license:openrail", "region:us"], "downloads": 0, "likes": 0, "model-index": null, "cardData": {"license": "openrail"}, "siblings": [{"rfilename": ".gitattributes"}, {"rfilename": "Mageneker.zip"}, {"rfilename": "README.md"}], "spaces": [], "createdAt": "2023-09-06T00:15:54.000Z", "inferenceStatus": "not-loaded"}