{"_id": "65bd9665259bc6caebf9e7af", "id": "9duALEX/Abuelo", "modelId": "9duALEX/Abuelo", "author": "9duALEX", "sha": "5b1459537c2265c8adbf4761d144410e90d5f957", "lastModified": "2024-02-03T01:28:17.000Z", "private": false, "disabled": false, "gated": false, "tags": ["license:openrail", "region:us"], "downloads": 0, "likes": 0, "model-index": null, "cardData": {"license": "openrail"}, "siblings": [{"rfilename": ".gitattributes"}, {"rfilename": "README.md"}, {"rfilename": "awelo.zip"}], "spaces": [], "createdAt": "2024-02-03T01:27:01.000Z", "inferenceStatus": "not-loaded"}