{"_id": "65728646fc603d4fe261d65b", "id": "9duALEX/Mageneker", "modelId": "9duALEX/Mageneker", "author": "9duALEX", "sha": "38952c79b379cb3a63f4a080f73e4eb3e3708c71", "lastModified": "2023-12-08T03:04:23.000Z", "private": false, "disabled": false, "gated": false, "tags": ["license:openrail", "region:us"], "downloads": 0, "likes": 0, "model-index": null, "cardData": {"license": "openrail"}, "siblings": [{"rfilename": ".gitattributes"}, {"rfilename": "Mageneker.zip"}, {"rfilename": "README.md"}], "spaces": [], "createdAt": "2023-12-08T02:58:14.000Z", "inferenceStatus": "not-loaded"}