{"_id": "64761336c10d696d1b5ea584", "id": "9k/Puk", "modelId": "9k/Puk", "author": "9k", "sha": "c74b8c132d12de128b5eae6f6bf0633867ce8fcf", "lastModified": "2023-05-30T15:16:06.000Z", "private": false, "disabled": false, "gated": false, "tags": ["license:unknown", "region:us"], "downloads": 0, "likes": 0, "model-index": null, "cardData": {"license": "unknown"}, "siblings": [{"rfilename": ".gitattributes"}, {"rfilename": "README.md"}], "spaces": [], "createdAt": "2023-05-30T15:16:06.000Z", "inferenceStatus": "not-loaded"}