{"_id": "646cd985e0c5e39573494e77", "id": "9k/Marichka_Azov-chan", "modelId": "9k/Marichka_Azov-chan", "author": "9k", "sha": "129407dd51ed7bf7bb500c4445df6591104916df", "lastModified": "2023-06-02T15:08:55.000Z", "private": false, "disabled": false, "gated": false, "pipeline_tag": "text-to-image", "tags": ["diffusers", "stable-diffusion", "lora", "stable-diffusion-diffusers", "text-to-image", "license:other", "region:us"], "downloads": 17, "library_name": "diffusers", "likes": 1, "model-index": null, "cardData": {"license": "other", "library_name": "diffusers", "pipeline_tag": "text-to-image", "tags": ["stable-diffusion", "lora", "stable-diffusion-diffusers"], "metrics": ["character"]}, "siblings": [{"rfilename": ".gitattributes"}, {"rfilename": "Marichka v1.safetensors"}, {"rfilename": "Marichka v1_1.png"}, {"rfilename": "Marichka v2.safetensors"}, {"rfilename": "Marichka v2_1.png"}, {"rfilename": "README.md"}], "spaces": [], "createdAt": "2023-05-23T15:19:33.000Z", "inferenceStatus": "not-loaded"}