{"_id": "663c0b49afdb41eb86a4994d", "id": "9meo/idefics2-8b-docvqa-finetuned-tutorial", "modelId": "9meo/idefics2-8b-docvqa-finetuned-tutorial", "author": "9meo", "sha": "93beb3f599a0aba0948227b94c114aba1cada531", "lastModified": "2024-05-08T23:31:49.000Z", "private": false, "disabled": false, "gated": false, "tags": ["safetensors", "generated_from_trainer", "base_model:HuggingFaceM4/idefics2-8b", "license:apache-2.0", "region:us"], "downloads": 0, "likes": 0, "model-index": [{"name": "idefics2-8b-docvqa-finetuned-tutorial", "results": []}], "cardData": {"license": "apache-2.0", "base_model": "HuggingFaceM4/idefics2-8b", "tags": ["generated_from_trainer"], "model-index": [{"name": "idefics2-8b-docvqa-finetuned-tutorial", "results": []}]}, "siblings": [{"rfilename": ".gitattributes"}, {"rfilename": "README.md"}, {"rfilename": "adapter_config.json"}, {"rfilename": "adapter_model.safetensors"}, {"rfilename": "generation_config.json"}, {"rfilename": "training_args.bin"}], "spaces": [], "createdAt": "2024-05-08T23:31:21.000Z", "inferenceStatus": "not-loaded"}