{"_id": "64003fcebda3595930097159", "id": "9o99/embeddings", "modelId": "9o99/embeddings", "author": "9o99", "sha": "963bcc96331b2b1baeeced91ee1ceb00590e1bef", "lastModified": "2023-03-02T06:19:14.000Z", "private": false, "disabled": false, "gated": false, "tags": ["region:us"], "downloads": 0, "likes": 0, "siblings": [{"rfilename": ".gitattributes"}, {"rfilename": "EasyNegative.preview.png"}, {"rfilename": "EasyNegative.safetensors"}, {"rfilename": "PlanIt.preview.png"}, {"rfilename": "PlanIt.pt"}, {"rfilename": "charturnerv2.preview.png"}, {"rfilename": "charturnerv2.pt"}, {"rfilename": "greyscale.preview.png"}, {"rfilename": "greyscale.pt"}, {"rfilename": "hkart.preview.png"}, {"rfilename": "hkart.pt"}, {"rfilename": "hkn.preview.png"}, {"rfilename": "hkn.pt"}], "spaces": [], "createdAt": "2023-03-02T06:18:54.000Z", "inferenceStatus": "not-loaded"}