{"_id": "63f4d77c5d5278a0163a1944", "id": "9o99/models", "modelId": "9o99/models", "author": "9o99", "sha": "4582a14802725d4e38696d4150e74ef9c03d3262", "lastModified": "2023-04-21T10:55:45.000Z", "private": false, "disabled": false, "gated": false, "tags": ["region:us"], "downloads": 0, "likes": 0, "siblings": [{"rfilename": ".gitattributes"}, {"rfilename": "CounterfeitV25.png"}, {"rfilename": "CounterfeitV25.safetensors"}, {"rfilename": "anynice1-32.png"}, {"rfilename": "anynice1-32.safetensors"}, {"rfilename": "anything-v5.png"}, {"rfilename": "anything-v5.safetensors"}, {"rfilename": "camelliamix25D_v10.png"}, {"rfilename": "camelliamix25D_v10.safetensors"}, {"rfilename": "colorBoxModel_colorBOX.png"}, {"rfilename": "colorBoxModel_colorBOX.safetensors"}, {"rfilename": "dalcefoV3Painting.png"}, {"rfilename": "dalcefoV3Painting.safetensors"}, {"rfilename": "lora/ChibiArt_v20.png"}, {"rfilename": "lora/ChibiArt_v20.safetensors"}, {"rfilename": "lora/LORAFlatColor.png"}, {"rfilename": "lora/LORAFlatColor.pt"}, {"rfilename": "lora/animeLikeTarotCardArt_v10.png"}, {"rfilename": "lora/animeLikeTarotCardArt_v10.safetensors"}, {"rfilename": "lora/gachaSplashLORA.png"}, {"rfilename": "lora/gachaSplashLORA.safetensors"}, {"rfilename": "lora/hKHK416Lora_v20.png"}, {"rfilename": "lora/hKHK416Lora_v20.safetensors"}, {"rfilename": "lora/knifeThighStrap_v1.png"}, {"rfilename": "lora/knifeThighStrap_v1.safetensors"}, {"rfilename": "lora/oriArtstyleDreamlike_v8.png"}, {"rfilename": "lora/oriArtstyleDreamlike_v8.safetensors"}, {"rfilename": "lora/sketchQuickDrawLora_v10.png"}, {"rfilename": "lora/sketchQuickDrawLora_v10.safetensors"}, {"rfilename": "lora/studioGhibliStyle_offset.png"}, {"rfilename": "lora/studioGhibliStyle_offset.safetensors"}, {"rfilename": "lora/vynstickBWVinyl_vynstickV1.png"}, {"rfilename": "lora/vynstickBWVinyl_vynstickV1.safetensors"}, {"rfilename": "nijiv5style_v10.ckpt"}, {"rfilename": "nijiv5style_v10.png"}, {"rfilename": "orientalMixV2_v22.ckpt"}, {"rfilename": "pretty25D_Fp16.png"}, {"rfilename": "pretty25D_Fp16.safetensors"}, {"rfilename": "sketchStyleV25.png"}, {"rfilename": "sketchStyleV25.safetensors"}], "spaces": [], "createdAt": "2023-02-21T14:38:52.000Z", "inferenceStatus": "not-loaded"}