{"_id": "64803459bf94ef80ab421046", "id": "9Organization/0607moxing", "modelId": "9Organization/0607moxing", "author": "9Organization", "sha": "d6930bbac9abd94e6e311e5990a03a9679a6494a", "lastModified": "2023-06-07T07:40:09.000Z", "private": false, "disabled": false, "gated": false, "tags": ["license:openrail", "region:us"], "downloads": 0, "likes": 0, "model-index": null, "cardData": {"license": "openrail"}, "siblings": [{"rfilename": ".gitattributes"}, {"rfilename": "README.md"}], "spaces": [], "createdAt": "2023-06-07T07:40:09.000Z", "inferenceStatus": "not-loaded"}