{"_id": "621ffdc036468d709f1743d2", "id": "9pinus/macbert-base-chinese-medicine-recognition", "modelId": "9pinus/macbert-base-chinese-medicine-recognition", "author": "9pinus", "sha": "3a20f1d5d353ee11ce93f9ca885b3d7d859eb33e", "lastModified": "2022-03-02T09:20:41.000Z", "private": false, "disabled": false, "gated": false, "pipeline_tag": "token-classification", "tags": ["transformers", "pytorch", "bert", "token-classification", "Token Classification", "zh", "license:apache-2.0", "autotrain_compatible", "endpoints_compatible", "region:us"], "downloads": 28, "library_name": "transformers", "mask_token": "[MASK]", "widgetData": [{"text": "\u6211\u53eb\u6c83\u5c14\u592b\u5188\uff0c\u6211\u4f4f\u5728\u67cf\u6797\u3002"}, {"text": "\u6211\u53eb\u8428\u62c9\uff0c\u6211\u4f4f\u5728\u4f26\u6566\u3002"}, {"text": "\u6211\u53eb\u514b\u62c9\u62c9\uff0c\u6211\u4f4f\u5728\u52a0\u5dde\u4f2f\u514b\u5229\u3002"}], "likes": 5, "model-index": null, "config": {"architectures": ["BertForTokenClassification"], "model_type": "bert", "tokenizer_config": {"unk_token": "[UNK]", "sep_token": "[SEP]", "pad_token": "[PAD]", "cls_token": "[CLS]", "mask_token": "[MASK]"}}, "cardData": {"license": "apache-2.0", "tags": ["Token Classification"], "language": ["zh"]}, "transformersInfo": {"auto_model": "AutoModelForTokenClassification", "pipeline_tag": "token-classification", "processor": "AutoTokenizer"}, "siblings": [{"rfilename": ".gitattributes"}, {"rfilename": "README.md"}, {"rfilename": "added_tokens.json"}, {"rfilename": "config.json"}, {"rfilename": "pytorch_model.bin"}, {"rfilename": "special_tokens_map.json"}, {"rfilename": "tokenizer.json"}, {"rfilename": "tokenizer_config.json"}, {"rfilename": "vocab.txt"}], "spaces": [], "createdAt": "2022-03-02T23:29:04.000Z", "inferenceStatus": "not-loaded"}