{"_id": "668dce6eda35ce790d8635a5", "id": "9rofe/Wernicke-AI-4", "modelId": "9rofe/Wernicke-AI-4", "author": "9rofe", "sha": "6a8944ecf0c9f564ee8b9b61e13e22429f9c35ac", "lastModified": "2024-07-10T03:41:06.000Z", "private": false, "disabled": false, "gated": false, "pipeline_tag": "text-generation", "tags": ["transformers", "safetensors", "falcon", "text-generation", "custom_code", "arxiv:1910.09700", "autotrain_compatible", "text-generation-inference", "endpoints_compatible", "region:us"], "downloads": 6, "library_name": "transformers", "widgetData": [{"text": "My name is Julien and I like to"}, {"text": "My name is Thomas and my main"}, {"text": "My name is Mariama, my favorite"}, {"text": "My name is Clara and I am"}, {"text": "My name is Lewis and I like to"}, {"text": "My name is Merve and my favorite"}, {"text": "My name is Teven and I am"}, {"text": "Once upon a time,"}], "likes": 0, "model-index": null, "config": {"architectures": ["FalconForCausalLM"], "auto_map": {"AutoConfig": "configuration_falcon.FalconConfig", "AutoModel": "modeling_falcon.FalconModel", "AutoModelForSequenceClassification": "modeling_falcon.FalconForSequenceClassification", "AutoModelForTokenClassification": "modeling_falcon.FalconForTokenClassification", "AutoModelForQuestionAnswering": "modeling_falcon.FalconForQuestionAnswering", "AutoModelForCausalLM": "modeling_falcon.FalconForCausalLM"}, "model_type": "falcon"}, "cardData": {"library_name": "transformers", "tags": []}, "transformersInfo": {"auto_model": "AutoModelForCausalLM", "pipeline_tag": "text-generation", "processor": "AutoTokenizer"}, "siblings": [{"rfilename": ".gitattributes"}, {"rfilename": "README.md"}, {"rfilename": "adapter_config.json"}, {"rfilename": "adapter_model.safetensors"}, {"rfilename": "config.json"}], "spaces": [], "createdAt": "2024-07-09T23:57:34.000Z", "inferenceStatus": "not-loaded"}