{"_id": "6679493b69a4caf2f1d27877", "id": "9rofe/Wernicke-AI2", "modelId": "9rofe/Wernicke-AI2", "author": "9rofe", "sha": "6e6680fb546343aef4227230442be6f810d0ace0", "lastModified": "2024-06-24T10:23:58.000Z", "private": false, "disabled": false, "gated": false, "tags": ["transformers", "safetensors", "arxiv:1910.09700", "endpoints_compatible", "region:us"], "downloads": 0, "library_name": "transformers", "likes": 0, "model-index": null, "cardData": {"library_name": "transformers", "tags": []}, "transformersInfo": {"auto_model": "AutoModel"}, "siblings": [{"rfilename": ".gitattributes"}, {"rfilename": "README.md"}, {"rfilename": "adapter_config.json"}, {"rfilename": "adapter_model.safetensors"}], "spaces": [], "createdAt": "2024-06-24T10:23:55.000Z", "inferenceStatus": "not-loaded"}