{"_id": "649eaa250068a3930ed3f391", "id": "9somboon/ESRGAN", "modelId": "9somboon/ESRGAN", "author": "9somboon", "sha": "719c2d7782e0703027e0af40b1c289c1f0c228ff", "lastModified": "2023-08-08T06:24:53.000Z", "private": false, "disabled": false, "gated": false, "tags": ["region:us"], "downloads": 0, "likes": 0, "siblings": [{"rfilename": ".gitattributes"}, {"rfilename": "4x-UltraMix_Balanced.pth"}, {"rfilename": "4x-UltraMix_Restore.pth"}, {"rfilename": "4x-UltraMix_Smooth.pth"}, {"rfilename": "4x-UltraSharp.pth"}, {"rfilename": "4x_NMKD-Superscale-SP_178000_G.pth"}, {"rfilename": "8x_NMKD-Faces_160000_G.pth"}, {"rfilename": "8x_NMKD-Superscale_150000_G.pth"}, {"rfilename": "ESRGAN_4x.pth"}], "spaces": [], "createdAt": "2023-06-30T10:10:45.000Z", "inferenceStatus": "not-loaded"}