{"_id": "6492bde861c2f48ab3392abf", "id": "9somboon/VAE", "modelId": "9somboon/VAE", "author": "9somboon", "sha": "438c63b6704c1eb8ff541f81deb6b5e323b851cb", "lastModified": "2023-07-20T07:59:57.000Z", "private": false, "disabled": false, "gated": false, "tags": ["region:us"], "downloads": 0, "likes": 0, "siblings": [{"rfilename": ".gitattributes"}, {"rfilename": "difconsistencyRAWVAE_v10Safestensor.safetensors"}, {"rfilename": "toneRangeCompressor_trcvae.safetensors"}, {"rfilename": "vae-ft-mse-840000-ema-pruned.safetensors"}], "spaces": [], "createdAt": "2023-06-21T09:07:52.000Z", "inferenceStatus": "not-loaded"}