{"_id": "63df56b734d45a1ca8e909bf", "id": "9somboon/MyMix", "modelId": "9somboon/MyMix", "author": "9somboon", "sha": "6006bedca7321d350148a393a3d71e126cd11cac", "lastModified": "2024-06-27T19:42:31.000Z", "private": false, "disabled": false, "gated": false, "tags": ["region:us"], "downloads": 0, "likes": 1, "siblings": [{"rfilename": ".gitattributes"}, {"rfilename": "B5R51.safetensors"}, {"rfilename": "B6R51.safetensors"}, {"rfilename": "BRA5-final16.safetensors"}, {"rfilename": "MyMix2.safetensors"}, {"rfilename": "absolutereality_v16.safetensors"}, {"rfilename": "analog-diffusion-f222.safetensors"}, {"rfilename": "awportrait_v10.safetensors"}, {"rfilename": "beautypromix_v1.safetensors"}, {"rfilename": "chilloutmix_NiPrunedFp32Fix.safetensors"}, {"rfilename": "cinema4dreamChadstyle_v11.safetensors"}, {"rfilename": "dalcefo_realistic-gamram.safetensors"}, {"rfilename": "dalcefo_realistic-jagercoke.safetensors"}, {"rfilename": "difconsistencyCheckpoint_v10.safetensors"}, {"rfilename": "dpbo.safetensors"}, {"rfilename": "dreamshaper_7.safetensors"}, {"rfilename": "gameIconInstitute_v30.safetensors"}, {"rfilename": "henmixReal_v40.safetensors"}, {"rfilename": "interiordesignsuperm_v2.safetensors"}, {"rfilename": "izumi_01Safetensors.safetensors"}, {"rfilename": "magmix_v5.safetensors"}, {"rfilename": "magmix_v6.safetensors"}, {"rfilename": "mdjrny-v4.safetensors"}, {"rfilename": "motiondesignv13dartC4D_v10.safetensors"}, {"rfilename": "niji3dstyle_v10.safetensors"}, {"rfilename": "reliberate_v10.safetensors"}, {"rfilename": "revAnimated_v122.safetensors"}, {"rfilename": "uberRealisticPornMerge_urpmv13.safetensors"}], "spaces": [], "createdAt": "2023-02-05T07:11:51.000Z", "inferenceStatus": "not-loaded"}