{"_id": "655b9b83e8a8971e898f2f03", "id": "9voltfan2009/WarioWare-RVC", "modelId": "9voltfan2009/WarioWare-RVC", "author": "9voltfan2009", "sha": "695d9957eb9225324b210ffb02b906ed94c6afb3", "lastModified": "2023-11-20T17:56:06.000Z", "private": false, "disabled": false, "gated": false, "tags": ["region:us"], "downloads": 0, "likes": 1, "siblings": [{"rfilename": ".gitattributes"}, {"rfilename": "9-Volt.zip"}], "spaces": [], "createdAt": "2023-11-20T17:46:43.000Z", "inferenceStatus": "not-loaded"}