{"_id": "645e60146d343f4bb6121aa9", "id": "9wimu9/sinhala-bart-large", "modelId": "9wimu9/sinhala-bart-large", "author": "9wimu9", "sha": "0e2760e0d52e8a677418c77dad5a11a2143efb87", "lastModified": "2023-05-22T17:00:19.000Z", "private": false, "disabled": false, "gated": false, "pipeline_tag": "text2text-generation", "tags": ["transformers", "jax", "tensorboard", "bart", "text2text-generation", "autotrain_compatible", "endpoints_compatible", "region:us"], "downloads": 1, "library_name": "transformers", "mask_token": "<mask>", "likes": 0, "config": {"architectures": ["BartForConditionalGeneration"], "model_type": "bart", "tokenizer_config": {"bos_token": "<s>", "cls_token": "<s>", "eos_token": "</s>", "mask_token": {"__type": "AddedToken", "content": "<mask>", "lstrip": true, "normalized": false, "rstrip": false, "single_word": false}, "pad_token": "<pad>", "sep_token": "</s>", "unk_token": "<unk>"}}, "transformersInfo": {"auto_model": "AutoModelForSeq2SeqLM", "pipeline_tag": "text2text-generation", "processor": "AutoTokenizer"}, "siblings": [{"rfilename": ".gitattributes"}, {"rfilename": "config.json"}, {"rfilename": "events.out.tfevents.1683907052.n8ufkuozzk.1437.0.v2"}, {"rfilename": "events.out.tfevents.1683910044.n8ufkuozzk.3969.0.v2"}, {"rfilename": "events.out.tfevents.1684346508.n83xttcgv5.1396.0.v2"}, {"rfilename": "events.out.tfevents.1684384843.n0yblke70x.1393.0.v2"}, {"rfilename": "events.out.tfevents.1684427108.nkzv53zn9h.1393.0.v2"}, {"rfilename": "events.out.tfevents.1684524310.ndmm9tnwfo.2011.0.v2"}, {"rfilename": "events.out.tfevents.1684559303.ndb824jdtb.1400.0.v2"}, {"rfilename": "events.out.tfevents.1684586553.n029p26gt1.1409.0.v2"}, {"rfilename": "events.out.tfevents.1684613968.nsb5c2wa3n.1431.0.v2"}, {"rfilename": "events.out.tfevents.1684645808.n68hdu0cor.1431.0.v2"}, {"rfilename": "events.out.tfevents.1684689179.nk8uqzm9zf.1427.0.v2"}, {"rfilename": "events.out.tfevents.1684690511.nk8uqzm9zf.3272.0.v2"}, {"rfilename": "events.out.tfevents.1684769506.n11oy9w46o.3786.0.v2"}, {"rfilename": "flax_model.msgpack"}, {"rfilename": "generation_config.json"}, {"rfilename": "merges.txt"}, {"rfilename": "special_tokens_map.json"}, {"rfilename": "tokenizer.json"}, {"rfilename": "tokenizer_config.json"}, {"rfilename": "vocab.json"}], "spaces": [], "createdAt": "2023-05-12T15:49:40.000Z", "inferenceStatus": "not-loaded"}