{"_id": "647fa0a886888bbffbdd7239", "id": "9wimu9/xlm-roberta-large-en-si-only", "modelId": "9wimu9/xlm-roberta-large-en-si-only", "author": "9wimu9", "sha": "4f10e6e9c4ae1c34171d7c0b316e480eab2e933e", "lastModified": "2023-06-06T21:13:22.000Z", "private": false, "disabled": false, "gated": false, "pipeline_tag": "feature-extraction", "tags": ["transformers", "pytorch", "xlm-roberta", "feature-extraction", "text-embeddings-inference", "endpoints_compatible", "region:us"], "downloads": 2, "library_name": "transformers", "mask_token": "<mask>", "likes": 0, "config": {"architectures": ["XLMRobertaModel"], "model_type": "xlm-roberta"}, "transformersInfo": {"auto_model": "AutoModel", "pipeline_tag": "feature-extraction", "processor": "AutoTokenizer"}, "siblings": [{"rfilename": ".gitattributes"}, {"rfilename": "config.json"}, {"rfilename": "pytorch_model.bin"}, {"rfilename": "tokenizer.json"}], "spaces": [], "createdAt": "2023-06-06T21:10:00.000Z", "inferenceStatus": "not-loaded"}