{"_id": "64820b720aad51538449dd18", "id": "9wimu9/mt5-large-en-si-only", "modelId": "9wimu9/mt5-large-en-si-only", "author": "9wimu9", "sha": "b536e260ccaa5f1a535bf7495257bb1cfa000c6c", "lastModified": "2023-06-08T17:12:39.000Z", "private": false, "disabled": false, "gated": false, "pipeline_tag": "feature-extraction", "tags": ["transformers", "pytorch", "mt5", "feature-extraction", "endpoints_compatible", "region:us"], "downloads": 1, "library_name": "transformers", "likes": 0, "config": {"architectures": ["MT5Model"], "model_type": "mt5", "tokenizer_config": {"eos_token": "</s>", "pad_token": "<pad>", "unk_token": "<unk>"}}, "transformersInfo": {"auto_model": "AutoModel", "pipeline_tag": "feature-extraction", "processor": "AutoTokenizer"}, "siblings": [{"rfilename": ".gitattributes"}, {"rfilename": "config.json"}, {"rfilename": "pytorch_model.bin"}, {"rfilename": "tokenizer.json"}, {"rfilename": "tokenizer_config.json"}], "spaces": [], "createdAt": "2023-06-08T17:10:10.000Z", "inferenceStatus": "not-loaded"}