{"_id": "647fa3581637c1c0e6ed97a6", "id": "9wimu9/xlm-roberta-large-si-only", "modelId": "9wimu9/xlm-roberta-large-si-only", "author": "9wimu9", "sha": "73256a882f3f9d6bc2d46f879ba1cb231717ee57", "lastModified": "2023-06-06T21:27:23.000Z", "private": false, "disabled": false, "gated": false, "pipeline_tag": "feature-extraction", "tags": ["transformers", "pytorch", "xlm-roberta", "feature-extraction", "text-embeddings-inference", "endpoints_compatible", "region:us"], "downloads": 3, "library_name": "transformers", "mask_token": "<mask>", "likes": 0, "config": {"architectures": ["XLMRobertaModel"], "model_type": "xlm-roberta"}, "transformersInfo": {"auto_model": "AutoModel", "pipeline_tag": "feature-extraction", "processor": "AutoTokenizer"}, "siblings": [{"rfilename": ".gitattributes"}, {"rfilename": "config.json"}, {"rfilename": "pytorch_model.bin"}, {"rfilename": "tokenizer.json"}], "spaces": [], "createdAt": "2023-06-06T21:21:28.000Z", "inferenceStatus": "not-loaded"}