{"_id": "64ac555109d1b58891d5c08a", "id": "9wimu9/sinhala-bert-1.2", "modelId": "9wimu9/sinhala-bert-1.2", "author": "9wimu9", "sha": "7270c3452a4604fc4f01e3cc14b44794b3a8f6b1", "lastModified": "2023-07-11T14:55:27.000Z", "private": false, "disabled": false, "gated": false, "pipeline_tag": "fill-mask", "tags": ["transformers", "pytorch", "safetensors", "roberta", "feature-extraction", "fill-mask", "endpoints_compatible", "region:us"], "downloads": 5, "library_name": "transformers", "mask_token": "<mask>", "widgetData": [{"text": "Paris is the <mask> of France."}, {"text": "The goal of life is <mask>."}], "likes": 0, "model-index": null, "config": {"architectures": ["RobertaModel"], "model_type": "roberta"}, "cardData": {"pipeline_tag": "fill-mask"}, "transformersInfo": {"auto_model": "AutoModel", "pipeline_tag": "feature-extraction", "processor": "AutoTokenizer"}, "siblings": [{"rfilename": ".gitattributes"}, {"rfilename": "README.md"}, {"rfilename": "config.json"}, {"rfilename": "model.safetensors"}, {"rfilename": "pytorch_model.bin"}, {"rfilename": "tokenizer.json"}, {"rfilename": "trainer.ipynb"}, {"rfilename": "training_args.bin"}], "spaces": [], "createdAt": "2023-07-10T19:00:33.000Z", "safetensors": {"parameters": {"I64": 514, "F32": 316688384}, "total": 316688898}, "inferenceStatus": "not-loaded"}