{"_id": "64a5c61eca4427a0d86d07e0", "id": "9wimu9/sinhala-bert-1", "modelId": "9wimu9/sinhala-bert-1", "author": "9wimu9", "sha": "ce8f262b86d16fabf8a460f3e9f46de1f8be3bdf", "lastModified": "2023-07-05T19:38:39.000Z", "private": false, "disabled": false, "gated": false, "pipeline_tag": "fill-mask", "tags": ["transformers", "roberta", "fill-mask", "autotrain_compatible", "endpoints_compatible", "region:us"], "downloads": 1, "library_name": "transformers", "mask_token": "<mask>", "widgetData": [{"text": "Paris is the <mask> of France."}, {"text": "The goal of life is <mask>."}], "likes": 0, "config": {"architectures": ["RobertaForMaskedLM"], "model_type": "roberta"}, "transformersInfo": {"auto_model": "AutoModelForMaskedLM", "pipeline_tag": "fill-mask", "processor": "AutoTokenizer"}, "siblings": [{"rfilename": ".gitattributes"}, {"rfilename": "config.json"}, {"rfilename": "tokenizer.json"}], "spaces": [], "createdAt": "2023-07-05T19:35:58.000Z", "inferenceStatus": "not-loaded"}