{"_id": "6480594140facadc556a03a0", "id": "9wimu9/xlm-roberta-base-en-si-only", "modelId": "9wimu9/xlm-roberta-base-en-si-only", "author": "9wimu9", "sha": "f04f9d27af36683f2b680e3cc2547c751e8e9e4f", "lastModified": "2023-06-07T10:19:34.000Z", "private": false, "disabled": false, "gated": false, "pipeline_tag": "feature-extraction", "tags": ["transformers", "pytorch", "xlm-roberta", "feature-extraction", "text-embeddings-inference", "endpoints_compatible", "region:us"], "downloads": 3, "library_name": "transformers", "mask_token": "<mask>", "likes": 0, "config": {"architectures": ["XLMRobertaModel"], "model_type": "xlm-roberta"}, "transformersInfo": {"auto_model": "AutoModel", "pipeline_tag": "feature-extraction", "processor": "AutoTokenizer"}, "siblings": [{"rfilename": ".gitattributes"}, {"rfilename": "config.json"}, {"rfilename": "pytorch_model.bin"}, {"rfilename": "tokenizer.json"}], "spaces": [], "createdAt": "2023-06-07T10:17:37.000Z", "inferenceStatus": "not-loaded"}