{"_id": "647f63521a446a624a47289a", "id": "9wimu9/xlm-roberta-large-finetuned-sinquad-v2", "modelId": "9wimu9/xlm-roberta-large-finetuned-sinquad-v2", "author": "9wimu9", "sha": "4ea090b13b316a383a079b422a4f819cd2c895d7", "lastModified": "2023-06-06T17:40:23.000Z", "private": false, "disabled": false, "gated": false, "pipeline_tag": "question-answering", "tags": ["transformers", "pytorch", "xlm-roberta", "question-answering", "generated_from_trainer", "license:mit", "endpoints_compatible", "region:us"], "downloads": 1, "library_name": "transformers", "mask_token": "<mask>", "widgetData": [{"text": "Where do I live?", "context": "My name is Wolfgang and I live in Berlin"}, {"text": "Where do I live?", "context": "My name is Sarah and I live in London"}, {"text": "What's my name?", "context": "My name is Clara and I live in Berkeley."}, {"text": "Which name is also used to describe the Amazon rainforest in English?", "context": "The Amazon rainforest (Portuguese: Floresta Amaz\u00f4nica or Amaz\u00f4nia; Spanish: Selva Amaz\u00f3nica, Amazon\u00eda or usually Amazonia; French: For\u00eat amazonienne; Dutch: Amazoneregenwoud), also known in English as Amazonia or the Amazon Jungle, is a moist broadleaf forest that covers most of the Amazon basin of South America. This basin encompasses 7,000,000 square kilometres (2,700,000 sq mi), of which 5,500,000 square kilometres (2,100,000 sq mi) are covered by the rainforest. This region includes territory belonging to nine nations. The majority of the forest is contained within Brazil, with 60% of the rainforest, followed by Peru with 13%, Colombia with 10%, and with minor amounts in Venezuela, Ecuador, Bolivia, Guyana, Suriname and French Guiana. States or departments in four nations contain \"Amazonas\" in their names. The Amazon represents over half of the planet's remaining rainforests, and comprises the largest and most biodiverse tract of tropical rainforest in the world, with an estimated 390 billion individual trees divided into 16,000 species."}], "likes": 0, "model-index": [{"name": "xlm-roberta-large-finetuned-sinquad-v2", "results": []}], "config": {"architectures": ["XLMRobertaForQuestionAnswering"], "model_type": "xlm-roberta", "tokenizer_config": {"bos_token": "<s>", "cls_token": "<s>", "eos_token": "</s>", "mask_token": {"__type": "AddedToken", "content": "<mask>", "lstrip": true, "normalized": true, "rstrip": false, "single_word": false}, "pad_token": "<pad>", "sep_token": "</s>", "unk_token": "<unk>"}}, "cardData": {"license": "mit", "tags": ["generated_from_trainer"], "model-index": [{"name": "xlm-roberta-large-finetuned-sinquad-v2", "results": []}]}, "transformersInfo": {"auto_model": "AutoModelForQuestionAnswering", "pipeline_tag": "question-answering", "processor": "AutoTokenizer"}, "siblings": [{"rfilename": ".gitattributes"}, {"rfilename": ".gitignore"}, {"rfilename": "README.md"}, {"rfilename": "config.json"}, {"rfilename": "pytorch_model.bin"}, {"rfilename": "sentencepiece.bpe.model"}, {"rfilename": "special_tokens_map.json"}, {"rfilename": "tokenizer.json"}, {"rfilename": "tokenizer_config.json"}, {"rfilename": "training_args.bin"}], "spaces": [], "createdAt": "2023-06-06T16:48:18.000Z", "inferenceStatus": "not-loaded"}