{"_id": "660f2083d5671fdffc72ecce", "id": "0-hero/mistral-speech-to-text", "modelId": "0-hero/mistral-speech-to-text", "author": "0-hero", "sha": "8e80a0c73d95563be9b7127b3e6c709190732191", "lastModified": "2024-04-05T08:37:28.000Z", "private": false, "disabled": false, "gated": false, "pipeline_tag": "text-generation", "tags": ["transformers", "pytorch", "safetensors", "mistral", "text-generation", "conversational", "dataset:0-hero/lj_speech_with_spectogram_conversations", "dataset:0-hero/lj_speech_with_spectogram", "license:apache-2.0", "autotrain_compatible", "text-generation-inference", "endpoints_compatible", "region:us"], "downloads": 3, "library_name": "transformers", "widgetData": [{"text": "Hey my name is Julien! How are you?"}, {"text": "Hey my name is Thomas! How are you?"}, {"text": "Hey my name is Mariama! How are you?"}, {"text": "Hey my name is Clara! How are you?"}, {"text": "Hey my name is Julien! How are you?"}, {"text": "Hi."}], "likes": 0, "model-index": null, "config": {"architectures": ["MistralForCausalLM"], "model_type": "mistral", "tokenizer_config": {"bos_token": "<s>", "chat_template": "{% if not add_generation_prompt is defined %}{% set add_generation_prompt = false %}{% endif %}{% for message in messages %}{{'<|im_start|>' + message['role'] + '\n' + message['content'] + '<|im_end|>' + '\n'}}{% endfor %}{% if add_generation_prompt %}{{ '<|im_start|>assistant\n' }}{% endif %}", "eos_token": "<|im_end|>", "pad_token": "</s>", "unk_token": "<unk>", "use_default_system_prompt": false}}, "cardData": {"license": "apache-2.0", "datasets": ["0-hero/lj_speech_with_spectogram_conversations", "0-hero/lj_speech_with_spectogram"]}, "transformersInfo": {"auto_model": "AutoModelForCausalLM", "pipeline_tag": "text-generation", "processor": "AutoTokenizer"}, "siblings": [{"rfilename": ".gitattributes"}, {"rfilename": "README.md"}, {"rfilename": "added_tokens.json"}, {"rfilename": "config.json"}, {"rfilename": "generation_config.json"}, {"rfilename": "model.safetensors"}, {"rfilename": "pytorch_model.bin"}, {"rfilename": "special_tokens_map.json"}, {"rfilename": "tokenizer.model"}, {"rfilename": "tokenizer_config.json"}], "spaces": [], "createdAt": "2024-04-04T21:49:55.000Z", "safetensors": {"parameters": {"BF16": 7241748480}, "total": 7241748480}, "inferenceStatus": "not-loaded"}