{"_id": "6615abcde63e46517cebe5ef", "id": "0-hero/OLMo-50M-Mixture-of-Depths-Bitnet", "modelId": "0-hero/OLMo-50M-Mixture-of-Depths-Bitnet", "author": "0-hero", "sha": "9054ac112d417e34ab9b6da6de7cd44d01ff496a", "lastModified": "2024-04-10T05:45:17.000Z", "private": false, "disabled": false, "gated": false, "tags": ["dataset:allenai/dolma", "license:apache-2.0", "region:us"], "downloads": 0, "likes": 1, "model-index": null, "cardData": {"license": "apache-2.0", "datasets": ["allenai/dolma"]}, "siblings": [{"rfilename": ".gitattributes"}, {"rfilename": "OLMo-50M-bitlinear.zip"}, {"rfilename": "OLMo-50M-mod-bitlinear.zip"}, {"rfilename": "OLMo-50M-mod.zip"}, {"rfilename": "OLMo-50M.zip"}, {"rfilename": "README.md"}], "spaces": [], "createdAt": "2024-04-09T20:57:49.000Z", "inferenceStatus": "not-loaded"}