{"_id": "63851b5b16ccd1034bb3e4b0", "id": "0-hero/led-large-legal-summary", "modelId": "0-hero/led-large-legal-summary", "author": "0-hero", "sha": "6a2a61bd597bb447fa6d915ec0d5dfb315e67c46", "lastModified": "2023-06-26T10:41:44.000Z", "private": false, "disabled": false, "gated": false, "pipeline_tag": "summarization", "tags": ["transformers", "pytorch", "safetensors", "autotrain", "summarization", "unk", "dataset:0-hero/autotrain-data-legal-summarisation", "co2_eq_emissions", "endpoints_compatible", "region:us"], "downloads": 21, "library_name": "transformers", "widgetData": [{"text": "I love AutoTrain \ud83e\udd17"}], "likes": 2, "model-index": null, "cardData": {"tags": ["autotrain", "summarization"], "language": ["unk"], "widget": [{"text": "I love AutoTrain \ud83e\udd17"}], "datasets": ["0-hero/autotrain-data-legal-summarisation"], "co2_eq_emissions": {"emissions": 0.14139281336849252}}, "transformersInfo": {"auto_model": "AutoModel"}, "siblings": [{"rfilename": ".gitattributes"}, {"rfilename": "README.md"}, {"rfilename": "config.json"}, {"rfilename": "merges.txt"}, {"rfilename": "model.safetensors"}, {"rfilename": "pytorch_model.bin"}, {"rfilename": "special_tokens_map.json"}, {"rfilename": "tokenizer.json"}, {"rfilename": "tokenizer_config.json"}, {"rfilename": "vocab.json"}], "spaces": [], "createdAt": "2022-11-28T20:34:35.000Z", "safetensors": {"parameters": {"F32": 459851865}, "total": 459851865}, "inferenceStatus": "not-loaded"}