{"_id": "65f9769e8213fe9ea8116673", "id": "0-hero/Matter-0.1-7B-DPO-preview", "modelId": "0-hero/Matter-0.1-7B-DPO-preview", "author": "0-hero", "sha": "78040e4754051df49dd907cf1fd46a6b8a6cc30f", "lastModified": "2024-03-23T04:13:08.000Z", "private": false, "disabled": false, "gated": false, "pipeline_tag": "text-generation", "tags": ["transformers", "safetensors", "mistral", "text-generation", "conversational", "en", "dataset:0-hero/Matter-0.1", "license:apache-2.0", "autotrain_compatible", "text-generation-inference", "endpoints_compatible", "region:us"], "downloads": 585, "library_name": "transformers", "widgetData": [{"text": "Hey my name is Julien! How are you?"}, {"text": "Hey my name is Thomas! How are you?"}, {"text": "Hey my name is Mariama! How are you?"}, {"text": "Hey my name is Clara! How are you?"}, {"text": "Hey my name is Julien! How are you?"}, {"text": "Hi."}], "likes": 0, "model-index": null, "config": {"architectures": ["MistralForCausalLM"], "model_type": "mistral", "tokenizer_config": {"bos_token": "<s>", "chat_template": "{% if messages[0]['role'] == 'system' %}{% set loop_messages = messages[1:] %}{% set system_message = messages[0]['content'] %}{% else %}{% set loop_messages = messages %}{% set system_message = 'You are a helpful assistant.' %}{% endif %}{% if not add_generation_prompt is defined %}{% set add_generation_prompt = false %}{% endif %}{% for message in loop_messages %}{% if loop.index0 == 0 %}{{'<|im_start|>system\n' + system_message + '<|im_end|>\n'}}{% endif %}{{'<|im_start|>' + message['role'] + '\n' + message['content'] + '<|im_end|>' + '\n'}}{% endfor %}{% if add_generation_prompt %}{{ '<|im_start|>assistant\n' }}{% endif %}", "eos_token": "<|im_end|>", "pad_token": "</s>", "unk_token": "<unk>", "use_default_system_prompt": false}}, "cardData": {"license": "apache-2.0", "datasets": ["0-hero/Matter-0.1"], "language": ["en"]}, "transformersInfo": {"auto_model": "AutoModelForCausalLM", "pipeline_tag": "text-generation", "processor": "AutoTokenizer"}, "siblings": [{"rfilename": ".gitattributes"}, {"rfilename": "README.md"}, {"rfilename": "added_tokens.json"}, {"rfilename": "config.json"}, {"rfilename": "generation_config.json"}, {"rfilename": "model-00001-of-00003.safetensors"}, {"rfilename": "model-00002-of-00003.safetensors"}, {"rfilename": "model-00003-of-00003.safetensors"}, {"rfilename": "model.safetensors.index.json"}, {"rfilename": "special_tokens_map.json"}, {"rfilename": "tokenizer.model"}, {"rfilename": "tokenizer_config.json"}], "spaces": [], "createdAt": "2024-03-19T11:27:26.000Z", "safetensors": {"parameters": {"BF16": 7241781248}, "total": 7241781248}, "inferenceStatus": "not-loaded"}