{"_id": "64256e477bccde5588b7a00e", "id": "0-hero/flan-alpaca-ul2", "modelId": "0-hero/flan-alpaca-ul2", "author": "0-hero", "sha": "91a03bdacaf6adb86f55bfdd5644eba95673ab29", "lastModified": "2023-03-30T11:59:23.000Z", "private": false, "disabled": false, "gated": false, "pipeline_tag": "text2text-generation", "tags": ["transformers", "pytorch", "t5", "text2text-generation", "dataset:tatsu-lab/alpaca", "arxiv:2210.11416", "license:apache-2.0", "autotrain_compatible", "text-generation-inference", "endpoints_compatible", "region:us"], "downloads": 2, "library_name": "transformers", "likes": 4, "model-index": null, "config": {"architectures": ["T5ForConditionalGeneration"], "model_type": "t5", "tokenizer_config": {"eos_token": "</s>", "pad_token": "<pad>", "unk_token": "<unk>"}}, "cardData": {"license": "apache-2.0", "datasets": ["tatsu-lab/alpaca"]}, "transformersInfo": {"auto_model": "AutoModelForSeq2SeqLM", "pipeline_tag": "text2text-generation", "processor": "AutoTokenizer"}, "siblings": [{"rfilename": ".gitattributes"}, {"rfilename": "README.md"}, {"rfilename": "config.json"}, {"rfilename": "generation_config.json"}, {"rfilename": "pytorch_model-00001-of-00008.bin"}, {"rfilename": "pytorch_model-00002-of-00008.bin"}, {"rfilename": "pytorch_model-00003-of-00008.bin"}, {"rfilename": "pytorch_model-00004-of-00008.bin"}, {"rfilename": "pytorch_model-00005-of-00008.bin"}, {"rfilename": "pytorch_model-00006-of-00008.bin"}, {"rfilename": "pytorch_model-00007-of-00008.bin"}, {"rfilename": "pytorch_model-00008-of-00008.bin"}, {"rfilename": "pytorch_model.bin.index.json"}, {"rfilename": "special_tokens_map.json"}, {"rfilename": "tokenizer.json"}, {"rfilename": "tokenizer_config.json"}], "spaces": [], "createdAt": "2023-03-30T11:11:03.000Z", "inferenceStatus": "not-loaded"}