{"_id": "66672409cdb102103bcc30e3", "id": "000jd/phi-1_5-finetuned-bangla-bot", "modelId": "000jd/phi-1_5-finetuned-bangla-bot", "author": "000jd", "sha": "e56d4ac31509f169c61e454586ca9a7048e1bf0d", "lastModified": "2024-06-12T14:45:40.000Z", "private": false, "disabled": false, "gated": false, "tags": ["peft", "tensorboard", "safetensors", "phi", "generated_from_trainer", "base_model:microsoft/phi-1_5", "license:mit", "region:us"], "downloads": 52, "library_name": "peft", "likes": 0, "model-index": [{"name": "phi-1_5-finetuned-bangla-bot", "results": []}], "config": {"architectures": ["PhiForCausalLM"], "model_type": "phi", "peft": {"base_model_name_or_path": "microsoft/phi-1_5", "task_type": "CAUSAL_LM"}}, "cardData": {"license": "mit", "library_name": "peft", "tags": ["generated_from_trainer"], "base_model": "microsoft/phi-1_5", "model-index": [{"name": "phi-1_5-finetuned-bangla-bot", "results": []}]}, "siblings": [{"rfilename": ".gitattributes"}, {"rfilename": "README.md"}, {"rfilename": "adapter_config.json"}, {"rfilename": "adapter_model.safetensors"}, {"rfilename": "config.json"}, {"rfilename": "generation_config.json"}, {"rfilename": "model-00001-of-00002.safetensors"}, {"rfilename": "model-00002-of-00002.safetensors"}, {"rfilename": "model.safetensors.index.json"}, {"rfilename": "runs/Jun10_16-04-10_166977a57200/events.out.tfevents.1718035465.166977a57200.1310.0"}, {"rfilename": "runs/Jun11_01-59-16_37800b88aefd/events.out.tfevents.1718071157.37800b88aefd.2638.0"}, {"rfilename": "runs/Jun11_02-58-40_37800b88aefd/events.out.tfevents.1718074720.37800b88aefd.16310.0"}, {"rfilename": "runs/Jun11_08-40-01_33852b033174/events.out.tfevents.1718095206.33852b033174.34.0"}, {"rfilename": "runs/Jun11_08-43-10_33852b033174/events.out.tfevents.1718095394.33852b033174.34.1"}, {"rfilename": "runs/Jun11_08-43-10_33852b033174/events.out.tfevents.1718095651.33852b033174.34.2"}, {"rfilename": "runs/Jun12_04-33-16_ecdb1af8e7d8/events.out.tfevents.1718166798.ecdb1af8e7d8.119.0"}, {"rfilename": "training_args.bin"}], "spaces": [], "createdAt": "2024-06-10T16:04:25.000Z", "safetensors": {"parameters": {"F32": 1418270720}, "total": 1418270720}, "inferenceStatus": "not-loaded"}