{"_id": "65684a7992d9319907573335", "id": "002311-A/Robertinho-plus", "modelId": "002311-A/Robertinho-plus", "author": "002311-A", "sha": "9309c6f81414ecf053e135fe0e39de74bb32181f", "lastModified": "2023-11-30T08:43:41.000Z", "private": false, "disabled": false, "gated": false, "pipeline_tag": "text-classification", "tags": ["transformers", "pytorch", "xlm-roberta", "text-classification", "license:mit", "autotrain_compatible", "endpoints_compatible", "region:us"], "downloads": 3, "library_name": "transformers", "mask_token": "<mask>", "widgetData": [{"text": "I like you. I love you"}], "likes": 0, "model-index": null, "config": {"architectures": ["XLMRobertaForSequenceClassification"], "model_type": "xlm-roberta"}, "cardData": {"license": "mit"}, "transformersInfo": {"auto_model": "AutoModelForSequenceClassification", "pipeline_tag": "text-classification", "processor": "AutoTokenizer"}, "siblings": [{"rfilename": ".gitattributes"}, {"rfilename": "README.md"}, {"rfilename": "config.json"}, {"rfilename": "pytorch_model.bin"}], "spaces": [], "createdAt": "2023-11-30T08:40:25.000Z", "inferenceStatus": "not-loaded"}