{"_id": "664b0d10e60e4ffca6109182", "id": "002amine/soccertwos", "modelId": "002amine/soccertwos", "author": "002amine", "sha": "fd2640e688d0c9c66a9c76a9594cf8df6ddfbccf", "lastModified": "2024-05-20T08:47:39.000Z", "private": false, "disabled": false, "gated": false, "pipeline_tag": "reinforcement-learning", "tags": ["ml-agents", "tensorboard", "onnx", "SoccerTwos", "deep-reinforcement-learning", "reinforcement-learning", "ML-Agents-SoccerTwos", "region:us"], "downloads": 17, "library_name": "ml-agents", "likes": 0, "model-index": null, "config": {}, "cardData": {"library_name": "ml-agents", "tags": ["SoccerTwos", "deep-reinforcement-learning", "reinforcement-learning", "ML-Agents-SoccerTwos"]}, "siblings": [{"rfilename": ".gitattributes"}, {"rfilename": "README.md"}, {"rfilename": "SoccerTwos.onnx"}, {"rfilename": "SoccerTwos/SoccerTwos-5499982.onnx"}, {"rfilename": "SoccerTwos/SoccerTwos-5499982.pt"}, {"rfilename": "SoccerTwos/SoccerTwos-5999928.onnx"}, {"rfilename": "SoccerTwos/SoccerTwos-5999928.pt"}, {"rfilename": "SoccerTwos/SoccerTwos-6499994.onnx"}, {"rfilename": "SoccerTwos/SoccerTwos-6499994.pt"}, {"rfilename": "SoccerTwos/SoccerTwos-6999987.onnx"}, {"rfilename": "SoccerTwos/SoccerTwos-6999987.pt"}, {"rfilename": "SoccerTwos/SoccerTwos-7000042.onnx"}, {"rfilename": "SoccerTwos/SoccerTwos-7000042.pt"}, {"rfilename": "SoccerTwos/checkpoint.pt"}, {"rfilename": "SoccerTwos/events.out.tfevents.1713786931.DESKTOP-EC3S5PA.14092.0"}, {"rfilename": "config.json"}, {"rfilename": "configuration.yaml"}, {"rfilename": "run_logs/Player-0.log"}, {"rfilename": "run_logs/timers.json"}, {"rfilename": "run_logs/training_status.json"}], "spaces": [], "createdAt": "2024-05-20T08:42:56.000Z", "inferenceStatus": "not-loaded"}