{"_id": "64b8f0e9047fa3db9427654f", "id": "004alejo/Westcol", "modelId": "004alejo/Westcol", "author": "004alejo", "sha": "44f12dcfe84b22d7361732a01d8c1993d6eb0811", "lastModified": "2023-07-20T08:36:39.000Z", "private": false, "disabled": false, "gated": false, "tags": ["license:openrail", "region:us"], "downloads": 0, "likes": 0, "model-index": null, "cardData": {"license": "openrail"}, "siblings": [{"rfilename": ".gitattributes"}, {"rfilename": "README.md"}, {"rfilename": "Westcol-IA.zip"}], "spaces": [], "createdAt": "2023-07-20T08:31:37.000Z", "inferenceStatus": "not-loaded"}