{"_id": "6575bca17068a850897e165a", "id": "004T/StableXlL", "modelId": "004T/StableXlL", "author": "004T", "sha": "ceeafaf01f29536fb04be35a5cde3888dff94686", "lastModified": "2023-12-10T13:26:57.000Z", "private": false, "disabled": false, "gated": false, "pipeline_tag": "text-to-image", "tags": ["diffusers", "safetensors", "text-to-image", "kandinsky", "license:apache-2.0", "diffusers:KandinskyPipeline", "region:us"], "downloads": 0, "library_name": "diffusers", "likes": 0, "model-index": null, "config": {"diffusers": {"_class_name": "KandinskyPipeline"}}, "cardData": {"license": "apache-2.0", "prior": ["kandinsky-community/kandinsky-2-1-prior"], "tags": ["text-to-image", "kandinsky"], "inference": false}, "siblings": [{"rfilename": ".gitattributes"}, {"rfilename": "README.md"}, {"rfilename": "ddpm_scheduler/scheduler_config.json"}, {"rfilename": "model_index.json"}, {"rfilename": "movq/config.json"}, {"rfilename": "movq/diffusion_pytorch_model.bin"}, {"rfilename": "movq/diffusion_pytorch_model.safetensors"}, {"rfilename": "scheduler/scheduler_config.json"}, {"rfilename": "text_encoder/config.json"}, {"rfilename": "text_encoder/model.safetensors"}, {"rfilename": "text_encoder/pytorch_model.bin"}, {"rfilename": "tokenizer/sentencepiece.bpe.model"}, {"rfilename": "tokenizer/special_tokens_map.json"}, {"rfilename": "tokenizer/tokenizer.json"}, {"rfilename": "tokenizer/tokenizer_config.json"}, {"rfilename": "unet/config.json"}, {"rfilename": "unet/diffusion_pytorch_model.bin"}, {"rfilename": "unet/diffusion_pytorch_model.safetensors"}], "spaces": [], "createdAt": "2023-12-10T13:26:57.000Z", "inferenceStatus": "not-loaded"}