{"_id": "656817059bd68823e2dbe6de", "id": "004T/diffusion_4.0", "modelId": "004T/diffusion_4.0", "author": "004T", "sha": "0c4a6899347ece828293f1f5c1861ca00113f920", "lastModified": "2023-11-30T05:05:25.000Z", "private": false, "disabled": false, "gated": false, "pipeline_tag": "text-to-image", "tags": ["diffusers", "safetensors", "text-to-image", "stable-diffusion", "license:creativeml-openrail-m", "autotrain_compatible", "endpoints_compatible", "diffusers:StableDiffusionPipeline", "region:us"], "downloads": 41, "library_name": "diffusers", "likes": 0, "model-index": null, "config": {"diffusers": {"_class_name": "StableDiffusionPipeline"}}, "cardData": {"license": "creativeml-openrail-m", "tags": ["text-to-image", "stable-diffusion"]}, "siblings": [{"rfilename": ".gitattributes"}, {"rfilename": "README.md"}, {"rfilename": "feature_extractor/preprocessor_config.json"}, {"rfilename": "model_index.json"}, {"rfilename": "scheduler/scheduler_config.json"}, {"rfilename": "text_encoder/config.json"}, {"rfilename": "text_encoder/model.fp16.safetensors"}, {"rfilename": "text_encoder/model.safetensors"}, {"rfilename": "text_encoder/pytorch_model.bin"}, {"rfilename": "text_encoder/pytorch_model.fp16.bin"}, {"rfilename": "tokenizer/merges.txt"}, {"rfilename": "tokenizer/special_tokens_map.json"}, {"rfilename": "tokenizer/tokenizer_config.json"}, {"rfilename": "tokenizer/vocab.json"}, {"rfilename": "unet/config.json"}, {"rfilename": "unet/diffusion_pytorch_model.bin"}, {"rfilename": "unet/diffusion_pytorch_model.fp16.bin"}, {"rfilename": "unet/diffusion_pytorch_model.fp16.safetensors"}, {"rfilename": "unet/diffusion_pytorch_model.safetensors"}, {"rfilename": "v2-1_768-ema-pruned.ckpt"}, {"rfilename": "v2-1_768-ema-pruned.safetensors"}, {"rfilename": "v2-1_768-nonema-pruned.ckpt"}, {"rfilename": "v2-1_768-nonema-pruned.safetensors"}, {"rfilename": "vae/config.json"}, {"rfilename": "vae/diffusion_pytorch_model.bin"}, {"rfilename": "vae/diffusion_pytorch_model.fp16.bin"}, {"rfilename": "vae/diffusion_pytorch_model.fp16.safetensors"}, {"rfilename": "vae/diffusion_pytorch_model.safetensors"}], "spaces": [], "createdAt": "2023-11-30T05:00:53.000Z", "inferenceStatus": "not-loaded"}