{"_id": "64aaaf004135aae75f3962f6", "id": "00a/yuzu", "modelId": "00a/yuzu", "author": "00a", "sha": "391f56dbc3863b2a3f7fd25927b4bc2a9a195b56", "lastModified": "2023-07-09T13:00:23.000Z", "private": false, "disabled": false, "gated": false, "tags": ["license:openrail", "region:us"], "downloads": 0, "likes": 0, "model-index": null, "cardData": {"license": "openrail"}, "siblings": [{"rfilename": ".gitattributes"}, {"rfilename": "README.md"}, {"rfilename": "yuzu.zip"}], "spaces": [], "createdAt": "2023-07-09T12:58:40.000Z", "inferenceStatus": "not-loaded"}