{"_id": "64a2bcfaf8f31cc225d2fea4", "id": "00a/TurnSignal", "modelId": "00a/TurnSignal", "author": "00a", "sha": "99c8f2d2aa400e9d425192982c46f833207c560c", "lastModified": "2023-07-03T12:21:20.000Z", "private": false, "disabled": false, "gated": false, "tags": ["license:openrail", "region:us"], "downloads": 0, "likes": 0, "model-index": null, "cardData": {"license": "openrail"}, "siblings": [{"rfilename": ".gitattributes"}, {"rfilename": "README.md"}, {"rfilename": "TurnSignal.zip"}], "spaces": [], "createdAt": "2023-07-03T12:20:10.000Z", "inferenceStatus": "not-loaded"}