{"_id": "64c38d6ea927548e22dce640", "id": "00a/Yuniiho", "modelId": "00a/Yuniiho", "author": "00a", "sha": "ed2a247f2a76dcdaa1a273b09b7756e20f8a7bf5", "lastModified": "2023-07-28T09:43:42.000Z", "private": false, "disabled": false, "gated": false, "tags": ["license:openrail", "region:us"], "downloads": 0, "likes": 0, "model-index": null, "cardData": {"license": "openrail"}, "siblings": [{"rfilename": ".gitattributes"}, {"rfilename": "README.md"}, {"rfilename": "yuniiho.zip"}], "spaces": [], "createdAt": "2023-07-28T09:42:06.000Z", "inferenceStatus": "not-loaded"}