{"_id": "64a1e8a183648c303acb6243", "id": "00a/Nihmune", "modelId": "00a/Nihmune", "author": "00a", "sha": "0a255e166289ca3d26f9b6e5f11b72e448edc778", "lastModified": "2023-07-02T21:16:12.000Z", "private": false, "disabled": false, "gated": false, "tags": ["license:openrail", "region:us"], "downloads": 0, "likes": 0, "model-index": null, "cardData": {"license": "openrail"}, "siblings": [{"rfilename": ".gitattributes"}, {"rfilename": "README.md"}, {"rfilename": "nihmune.zip"}], "spaces": ["Kit-Lemonfoot/vtuber_rvc_models"], "createdAt": "2023-07-02T21:14:09.000Z", "inferenceStatus": "not-loaded"}