{"_id": "64a2e5240daa18733dd50873", "id": "00a/CarHorn", "modelId": "00a/CarHorn", "author": "00a", "sha": "e6e08f046b8995e495ce7e10cface2b83ea562ed", "lastModified": "2023-07-03T15:12:54.000Z", "private": false, "disabled": false, "gated": false, "tags": ["license:openrail", "region:us"], "downloads": 0, "likes": 0, "model-index": null, "cardData": {"license": "openrail"}, "siblings": [{"rfilename": ".gitattributes"}, {"rfilename": "CarHorn.zip"}, {"rfilename": "README.md"}], "spaces": [], "createdAt": "2023-07-03T15:11:32.000Z", "inferenceStatus": "not-loaded"}