{"_id": "64a1e44198fad0c8a5b4432b", "id": "00a/Amberalert", "modelId": "00a/Amberalert", "author": "00a", "sha": "5f1a77b74357699a28b57b88ba59d3369b39040e", "lastModified": "2023-07-02T20:56:52.000Z", "private": false, "disabled": false, "gated": false, "tags": ["license:openrail", "region:us"], "downloads": 0, "likes": 0, "model-index": null, "cardData": {"license": "openrail"}, "siblings": [{"rfilename": ".gitattributes"}, {"rfilename": "Amberalert.zip"}, {"rfilename": "README.md"}], "spaces": [], "createdAt": "2023-07-02T20:55:29.000Z", "inferenceStatus": "not-loaded"}