{"_id": "64a5796eb88b28c622d8cd4e", "id": "00a/Clock", "modelId": "00a/Clock", "author": "00a", "sha": "f5d09880571dee7eeba9532ddd212d77f656fdea", "lastModified": "2023-07-05T14:10:05.000Z", "private": false, "disabled": false, "gated": false, "tags": ["license:openrail", "region:us"], "downloads": 0, "likes": 0, "model-index": null, "cardData": {"license": "openrail"}, "siblings": [{"rfilename": ".gitattributes"}, {"rfilename": "Clock.zip"}, {"rfilename": "README.md"}], "spaces": [], "createdAt": "2023-07-05T14:08:46.000Z", "inferenceStatus": "not-loaded"}