{"_id": "64a5b019a9d482f3196ba457", "id": "00a/CarBurnout", "modelId": "00a/CarBurnout", "author": "00a", "sha": "993f9246078455008b4dd278f32fa09845c5b3cd", "lastModified": "2023-07-05T18:03:12.000Z", "private": false, "disabled": false, "gated": false, "tags": ["license:openrail", "region:us"], "downloads": 0, "likes": 0, "model-index": null, "cardData": {"license": "openrail"}, "siblings": [{"rfilename": ".gitattributes"}, {"rfilename": "CarBurnout.zip"}, {"rfilename": "README.md"}], "spaces": [], "createdAt": "2023-07-05T18:02:01.000Z", "inferenceStatus": "not-loaded"}