{"_id": "64a1e3a9f7fb823246884a36", "id": "00a/AngleGrinder", "modelId": "00a/AngleGrinder", "author": "00a", "sha": "a207c8c7cc20a240f0bad77ae7794b6e1046bd27", "lastModified": "2023-07-02T20:54:57.000Z", "private": false, "disabled": false, "gated": false, "tags": ["license:openrail", "region:us"], "downloads": 0, "likes": 0, "model-index": null, "cardData": {"license": "openrail"}, "siblings": [{"rfilename": ".gitattributes"}, {"rfilename": "AngleGrinder.zip"}, {"rfilename": "README.md"}], "spaces": [], "createdAt": "2023-07-02T20:52:57.000Z", "inferenceStatus": "not-loaded"}