{"_id": "64c994463cfe45b07172f658", "id": "00a/selfcheckout", "modelId": "00a/selfcheckout", "author": "00a", "sha": "e73c47184f677c69a4a79b505b338e4456b3ef6a", "lastModified": "2023-08-01T23:27:09.000Z", "private": false, "disabled": false, "gated": false, "tags": ["license:openrail", "region:us"], "downloads": 0, "likes": 0, "model-index": null, "cardData": {"license": "openrail"}, "siblings": [{"rfilename": ".gitattributes"}, {"rfilename": "README.md"}, {"rfilename": "selfcheckout.zip"}], "spaces": [], "createdAt": "2023-08-01T23:24:54.000Z", "inferenceStatus": "not-loaded"}