{"_id": "65574aa666423b57b2f939f5", "id": "00a/audiodriversbroke", "modelId": "00a/audiodriversbroke", "author": "00a", "sha": "e67b6cb522af2cc1f3cef03f769de85f26d11650", "lastModified": "2023-11-18T13:12:30.000Z", "private": false, "disabled": false, "gated": false, "tags": ["license:openrail", "region:us"], "downloads": 0, "likes": 0, "model-index": null, "cardData": {"license": "openrail"}, "siblings": [{"rfilename": ".gitattributes"}, {"rfilename": "New Text Document.txt"}, {"rfilename": "README.md"}], "spaces": [], "createdAt": "2023-11-17T11:12:38.000Z", "inferenceStatus": "not-loaded"}