{"_id": "63f5da3952799101f3c7ffd3", "id": "00BER/dc-weather-prediction", "modelId": "00BER/dc-weather-prediction", "author": "00BER", "sha": "9d79f8e8fc27b256c1b102a5e1469110cad7e362", "lastModified": "2023-02-22T09:17:25.000Z", "private": false, "disabled": false, "gated": false, "tags": ["tf-keras", "region:us"], "downloads": 0, "library_name": "tf-keras", "likes": 4, "siblings": [{"rfilename": ".DS_Store"}, {"rfilename": "README.md"}, {"rfilename": "docs/.DS_Store"}, {"rfilename": "docs/base-1.png"}, {"rfilename": "docs/base-2.png"}, {"rfilename": "docs/comparision.png"}, {"rfilename": "docs/correlations.png"}, {"rfilename": "docs/day-of-year.png"}, {"rfilename": "docs/graph-view.png"}, {"rfilename": "docs/interpolation.png"}, {"rfilename": "docs/lstm.png"}, {"rfilename": "docs/main.tex"}, {"rfilename": "docs/model-eval.png"}, {"rfilename": "docs/nan-counts.png"}, {"rfilename": "docs/table-view.png"}, {"rfilename": "docs/time-of-day.png"}, {"rfilename": "docs/time-of-hour.png"}, {"rfilename": "docs/training-data.png"}, {"rfilename": "docs/ui.png"}, {"rfilename": "docs/weather-requests.drawio.png"}, {"rfilename": "training/.DS_Store"}, {"rfilename": "training/.dockerignore"}, {"rfilename": "training/.gitignore"}, {"rfilename": "training/Dockerfile"}, {"rfilename": "training/README.md"}, {"rfilename": "training/docker-compose.yml"}, {"rfilename": "training/requirements.txt"}, {"rfilename": "training/src/.DS_Store"}, {"rfilename": "training/src/.ipynb_checkpoints/MSML-602-Final-Project-checkpoint.ipynb"}, {"rfilename": "training/src/.ipynb_checkpoints/MSML-602-HW1-Q4-checkpoint.ipynb"}, {"rfilename": "training/src/.ipynb_checkpoints/MSML-602-HW1-checkpoint.ipynb"}, {"rfilename": "training/src/.ipynb_checkpoints/MSML602_Midterm_Karki-checkpoint.ipynb"}, {"rfilename": "training/src/MSML-602-Final-Project-Final-Version.ipynb"}, {"rfilename": "training/src/MSML-602-Final-Project.ipynb"}, {"rfilename": "training/src/downloader.py"}, {"rfilename": "web/.DS_Store"}, {"rfilename": "web/.dockerignore"}, {"rfilename": "web/.gitignore"}, {"rfilename": "web/Dockerfile.backend"}, {"rfilename": "web/Dockerfile.frontend"}, {"rfilename": "web/Makefile"}, {"rfilename": "web/README.md"}, {"rfilename": "web/backend/.DS_Store"}, {"rfilename": "web/backend/.dockerignore"}, {"rfilename": "web/backend/.gitignore"}, {"rfilename": "web/backend/README.md"}, {"rfilename": "web/backend/requirements.txt"}, {"rfilename": "web/backend/src/.DS_Store"}, {"rfilename": "web/backend/src/app.py"}, {"rfilename": "web/backend/src/model/keras_metadata.pb"}, {"rfilename": "web/backend/src/model/saved_model.pb"}, {"rfilename": "web/backend/src/model/scaler.pkl"}, {"rfilename": "web/backend/src/model/variables/variables.data-00000-of-00001"}, {"rfilename": "web/backend/src/model/variables/variables.index"}, {"rfilename": "web/docker-compose.prod.yml"}, {"rfilename": "web/docker-compose.yml"}, {"rfilename": "web/frontend/.browserslistrc"}, {"rfilename": "web/frontend/.dockerignore"}, {"rfilename": "web/frontend/.editorconfig"}, {"rfilename": "web/frontend/.github/CODE_OF_CONDUCT.md"}, {"rfilename": "web/frontend/.github/COMMIT_CONVENTION.md"}, {"rfilename": "web/frontend/.github/CONTRIBUTING.md"}, {"rfilename": "web/frontend/.github/FUNDING.yml"}, {"rfilename": "web/frontend/.github/ISSUE_TEMPLATE/bug_report.md"}, {"rfilename": "web/frontend/.github/ISSUE_TEMPLATE/feature_request.md"}, {"rfilename": "web/frontend/.github/SUPPORT.md"}, {"rfilename": "web/frontend/.github/workflows/build-check.yml"}, {"rfilename": "web/frontend/.github/workflows/stale.yml"}, {"rfilename": "web/frontend/.gitignore"}, {"rfilename": "web/frontend/README.md"}, {"rfilename": "web/frontend/angular.json"}, {"rfilename": "web/frontend/karma.conf.js"}, {"rfilename": "web/frontend/package-lock.json"}, {"rfilename": "web/frontend/package.json"}, {"rfilename": "web/frontend/src/app/app-routing.module.ts"}, {"rfilename": "web/frontend/src/app/app.component.spec.ts"}, {"rfilename": "web/frontend/src/app/app.component.ts"}, {"rfilename": "web/frontend/src/app/app.module.ts"}, {"rfilename": "web/frontend/src/app/containers/default-layout/_nav.ts"}, {"rfilename": "web/frontend/src/app/containers/default-layout/default-footer/default-footer.component.html"}, {"rfilename": "web/frontend/src/app/containers/default-layout/default-footer/default-footer.component.scss"}, {"rfilename": "web/frontend/src/app/containers/default-layout/default-footer/default-footer.component.spec.ts"}, {"rfilename": "web/frontend/src/app/containers/default-layout/default-footer/default-footer.component.ts"}, {"rfilename": "web/frontend/src/app/containers/default-layout/default-header/default-header.component.html"}, {"rfilename": "web/frontend/src/app/containers/default-layout/default-header/default-header.component.scss"}, {"rfilename": "web/frontend/src/app/containers/default-layout/default-header/default-header.component.spec.ts"}, {"rfilename": "web/frontend/src/app/containers/default-layout/default-header/default-header.component.ts"}, {"rfilename": "web/frontend/src/app/containers/default-layout/default-layout.component.html"}, {"rfilename": "web/frontend/src/app/containers/default-layout/default-layout.component.ts"}, {"rfilename": "web/frontend/src/app/containers/default-layout/index.ts"}, {"rfilename": "web/frontend/src/app/containers/index.ts"}, {"rfilename": "web/frontend/src/app/icons/icon-subset.ts"}, {"rfilename": "web/frontend/src/app/predictions.service.ts"}, {"rfilename": "web/frontend/src/app/views/about/about-routing.module.ts"}, {"rfilename": "web/frontend/src/app/views/about/about.component.html"}, {"rfilename": "web/frontend/src/app/views/about/about.component.ts"}, {"rfilename": "web/frontend/src/app/views/about/about.module.ts"}, {"rfilename": "web/frontend/src/app/views/dashboard/dashboard-charts-data.ts"}, {"rfilename": "web/frontend/src/app/views/dashboard/dashboard-routing.module.ts"}, {"rfilename": "web/frontend/src/app/views/dashboard/dashboard.component.html"}, {"rfilename": "web/frontend/src/app/views/dashboard/dashboard.component.scss"}, {"rfilename": "web/frontend/src/app/views/dashboard/dashboard.component.ts"}, {"rfilename": "web/frontend/src/app/views/dashboard/dashboard.module.ts"}, {"rfilename": "web/frontend/src/app/views/virtual-scroll/scroller.css"}, {"rfilename": "web/frontend/src/app/views/virtual-scroll/scroller.html"}, {"rfilename": "web/frontend/src/app/views/virtual-scroll/scroller.ts"}, {"rfilename": "web/frontend/src/assets/.gitkeep"}, {"rfilename": "web/frontend/src/assets/angular.ico"}, {"rfilename": "web/frontend/src/assets/favicon.ico"}, {"rfilename": "web/frontend/src/assets/images/angular.jpg"}, {"rfilename": "web/frontend/src/assets/img/avatars/1.jpg"}, {"rfilename": "web/frontend/src/assets/img/avatars/2.jpg"}, {"rfilename": "web/frontend/src/assets/img/avatars/3.jpg"}, {"rfilename": "web/frontend/src/assets/img/avatars/4.jpg"}, {"rfilename": "web/frontend/src/assets/img/avatars/5.jpg"}, {"rfilename": "web/frontend/src/assets/img/avatars/6.jpg"}, {"rfilename": "web/frontend/src/assets/img/avatars/7.jpg"}, {"rfilename": "web/frontend/src/assets/img/avatars/8.jpg"}, {"rfilename": "web/frontend/src/assets/img/avatars/9.jpg"}, {"rfilename": "web/frontend/src/assets/img/brand/coreui-angular.svg"}, {"rfilename": "web/frontend/src/assets/img/brand/coreui-base-white.svg"}, {"rfilename": "web/frontend/src/assets/img/brand/coreui-base.svg"}, {"rfilename": "web/frontend/src/assets/img/brand/coreui-signet-white.svg"}, {"rfilename": "web/frontend/src/assets/img/brand/coreui-signet.svg"}, {"rfilename": "web/frontend/src/assets/img/brand/forecaster.svg"}, {"rfilename": "web/frontend/src/assets/img/logo.png"}, {"rfilename": "web/frontend/src/declarations.d.ts"}, {"rfilename": "web/frontend/src/environments/environment.prod.ts"}, {"rfilename": "web/frontend/src/environments/environment.ts"}, {"rfilename": "web/frontend/src/index.html"}, {"rfilename": "web/frontend/src/main.ts"}, {"rfilename": "web/frontend/src/polyfills.ts"}, {"rfilename": "web/frontend/src/scss/_charts.scss"}, {"rfilename": "web/frontend/src/scss/_custom.scss"}, {"rfilename": "web/frontend/src/scss/_examples.scss"}, {"rfilename": "web/frontend/src/scss/_fixes.scss"}, {"rfilename": "web/frontend/src/scss/_layout.scss"}, {"rfilename": "web/frontend/src/scss/_scrollbar.scss"}, {"rfilename": "web/frontend/src/scss/_variables.scss"}, {"rfilename": "web/frontend/src/scss/styles.scss"}, {"rfilename": "web/frontend/src/test.ts"}, {"rfilename": "web/frontend/tsconfig.app.json"}, {"rfilename": "web/frontend/tsconfig.json"}, {"rfilename": "web/frontend/tsconfig.spec.json"}], "spaces": [], "createdAt": "2023-02-22T09:02:49.000Z", "inferenceStatus": "not-loaded"}