{"_id": "66345362a41adb34338f540e", "id": "00BER/ddpm-transient-attributes-128", "modelId": "00BER/ddpm-transient-attributes-128", "author": "00BER", "sha": "68d4b9cc1a6e753d26ebb5d161432895d363b35d", "lastModified": "2024-05-03T03:03:06.000Z", "private": false, "disabled": false, "gated": false, "tags": ["diffusers", "safetensors", "diffusers:CustomDDIMPipeline", "region:us"], "downloads": 0, "library_name": "diffusers", "likes": 0, "config": {"diffusers": {"_class_name": "CustomDDIMPipeline"}}, "siblings": [{"rfilename": ".gitattributes"}, {"rfilename": "model_index.json"}, {"rfilename": "samples/.ipynb_checkpoints/0009-checkpoint.png"}, {"rfilename": "samples/.ipynb_checkpoints/0019-checkpoint.png"}, {"rfilename": "samples/.ipynb_checkpoints/0029-checkpoint.png"}, {"rfilename": "samples/.ipynb_checkpoints/0039-checkpoint.png"}, {"rfilename": "samples/.ipynb_checkpoints/0049-checkpoint.png"}, {"rfilename": "samples/.ipynb_checkpoints/0059-checkpoint.png"}, {"rfilename": "samples/.ipynb_checkpoints/0069-checkpoint.png"}, {"rfilename": "samples/.ipynb_checkpoints/0079-checkpoint.png"}, {"rfilename": "samples/.ipynb_checkpoints/0089-checkpoint.png"}, {"rfilename": "samples/.ipynb_checkpoints/0099-checkpoint.png"}, {"rfilename": "samples/.ipynb_checkpoints/0109-checkpoint.png"}, {"rfilename": "samples/.ipynb_checkpoints/0119-checkpoint.png"}, {"rfilename": "samples/.ipynb_checkpoints/0129-checkpoint.png"}, {"rfilename": "samples/.ipynb_checkpoints/0139-checkpoint.png"}, {"rfilename": "samples/.ipynb_checkpoints/0149-checkpoint.png"}, {"rfilename": "samples/.ipynb_checkpoints/0159-checkpoint.png"}, {"rfilename": "samples/.ipynb_checkpoints/0179-checkpoint.png"}, {"rfilename": "samples/.ipynb_checkpoints/0189-checkpoint.png"}, {"rfilename": "samples/.ipynb_checkpoints/0199-checkpoint.png"}, {"rfilename": "samples/0009.png"}, {"rfilename": "samples/0019.png"}, {"rfilename": "samples/0029.png"}, {"rfilename": "samples/0039.png"}, {"rfilename": "samples/0049.png"}, {"rfilename": "samples/0059.png"}, {"rfilename": "samples/0069.png"}, {"rfilename": "samples/0079.png"}, {"rfilename": "samples/0089.png"}, {"rfilename": "samples/0099.png"}, {"rfilename": "samples/0109.png"}, {"rfilename": "samples/0119.png"}, {"rfilename": "samples/0129.png"}, {"rfilename": "samples/0139.png"}, {"rfilename": "samples/0149.png"}, {"rfilename": "samples/0159.png"}, {"rfilename": "samples/0169.png"}, {"rfilename": "samples/0179.png"}, {"rfilename": "samples/0189.png"}, {"rfilename": "samples/0199.png"}, {"rfilename": "scheduler/scheduler_config.json"}, {"rfilename": "unet/.ipynb_checkpoints/config-checkpoint.json"}, {"rfilename": "unet/config.json"}, {"rfilename": "unet/diffusion_pytorch_model.safetensors"}], "spaces": [], "createdAt": "2024-05-03T03:00:50.000Z", "inferenceStatus": "not-loaded"}