{"_id": "65759d45597698af2d29055d", "id": "00BER/imbd-roberta-base-sentiment-lora-latest", "modelId": "00BER/imbd-roberta-base-sentiment-lora-latest", "author": "00BER", "sha": "addb4741c8248358d360c8744be7db7cb6ae5fe2", "lastModified": "2023-12-10T12:05:12.000Z", "private": false, "disabled": false, "gated": false, "tags": ["peft", "safetensors", "arxiv:1910.09700", "base_model:cardiffnlp/twitter-roberta-base-sentiment-latest", "region:us"], "downloads": 0, "library_name": "peft", "likes": 0, "model-index": null, "config": {"peft": {"base_model_name_or_path": "cardiffnlp/twitter-roberta-base-sentiment-latest", "task_type": "SEQ_CLS"}}, "cardData": {"library_name": "peft", "base_model": "cardiffnlp/twitter-roberta-base-sentiment-latest"}, "siblings": [{"rfilename": ".gitattributes"}, {"rfilename": "README.md"}, {"rfilename": "adapter_config.json"}, {"rfilename": "adapter_model.safetensors"}], "spaces": [], "createdAt": "2023-12-10T11:13:09.000Z", "inferenceStatus": "not-loaded"}