{"_id": "65759d54f9898ed3ab8e5c8f", "id": "00BER/imbd-roberta-base-sentiment-merged-latest", "modelId": "00BER/imbd-roberta-base-sentiment-merged-latest", "author": "00BER", "sha": "bbf85e39e58f46258fdd0c5d31b4d884e4ea2741", "lastModified": "2023-12-10T12:05:25.000Z", "private": false, "disabled": false, "gated": false, "pipeline_tag": "text-classification", "tags": ["transformers", "safetensors", "roberta", "text-classification", "autotrain_compatible", "endpoints_compatible", "region:us"], "downloads": 2, "library_name": "transformers", "mask_token": "<mask>", "widgetData": [{"text": "I like you. I love you"}], "likes": 0, "config": {"architectures": ["RobertaForSequenceClassification"], "model_type": "roberta"}, "transformersInfo": {"auto_model": "AutoModelForSequenceClassification", "pipeline_tag": "text-classification", "processor": "AutoTokenizer"}, "siblings": [{"rfilename": ".gitattributes"}, {"rfilename": "config.json"}, {"rfilename": "model.safetensors"}], "spaces": [], "createdAt": "2023-12-10T11:13:24.000Z", "safetensors": {"parameters": {"F32": 124647170}, "total": 124647170}, "inferenceStatus": "not-loaded"}