{"_id": "65b3c24044c5e98bda4ca6dc", "id": "00killz/Shinigami_Themimic", "modelId": "00killz/Shinigami_Themimic", "author": "00killz", "sha": "8682876cf90f21beb7f3f18a25d05e87332e24a9", "lastModified": "2024-01-30T06:36:37.000Z", "private": false, "disabled": false, "gated": false, "tags": ["license:openrail", "region:us"], "downloads": 0, "likes": 0, "model-index": null, "cardData": {"license": "openrail"}, "siblings": [{"rfilename": ".gitattributes"}, {"rfilename": "README.md"}, {"rfilename": "shinigami.zip"}, {"rfilename": "shinigami250e.zip"}], "spaces": [], "createdAt": "2024-01-26T14:31:28.000Z", "inferenceStatus": "not-loaded"}