{"_id": "64fb32e584bf01577e5797c3", "id": "00killz/AgatsumaZenitsu", "modelId": "00killz/AgatsumaZenitsu", "author": "00killz", "sha": "143b8c060cca53e7e24f5ac8424b4ae9a7ede618", "lastModified": "2023-10-03T08:16:46.000Z", "private": false, "disabled": false, "gated": false, "tags": ["license:openrail", "region:us"], "downloads": 0, "likes": 0, "model-index": null, "cardData": {"license": "openrail"}, "siblings": [{"rfilename": ".gitattributes"}, {"rfilename": "README.md"}, {"rfilename": "zenitsuJP.zip"}], "spaces": [], "createdAt": "2023-09-08T14:42:45.000Z", "inferenceStatus": "not-loaded"}