{"_id": "636d797c334285592e856ad8", "id": "00rafaprado00/skaleno", "modelId": "00rafaprado00/skaleno", "author": "00rafaprado00", "sha": "5b6b927ca001657f74cc77906558d081a7e6e99d", "lastModified": "2022-11-10T22:21:48.000Z", "private": false, "disabled": false, "gated": false, "tags": ["license:artistic-2.0", "region:us"], "downloads": 0, "likes": 0, "model-index": null, "cardData": {"license": "artistic-2.0"}, "siblings": [{"rfilename": ".gitattributes"}, {"rfilename": "README.md"}], "spaces": [], "createdAt": "2022-11-10T22:21:48.000Z", "inferenceStatus": "not-loaded"}