{"_id": "65a86b2f6cb12bdc271a0265", "id": "00yvl00music/testcartiii", "modelId": "00yvl00music/testcartiii", "author": "00yvl00music", "sha": "5e755a82921f8fccff862beea26c8a8f22e0faad", "lastModified": "2024-01-18T00:05:48.000Z", "private": false, "disabled": false, "gated": false, "tags": ["region:us"], "downloads": 0, "likes": 0, "siblings": [{"rfilename": ".gitattributes"}, {"rfilename": "seeyuhh/SEEYUHH.pth"}, {"rfilename": "seeyuhh/added_IVF145_Flat_nprobe_1_SEEYUHH_v2.index"}], "spaces": [], "createdAt": "2024-01-18T00:05:03.000Z", "inferenceStatus": "not-loaded"}