{"_id": "658909a0003ceee69345bfd9", "id": "01-ai/Yi-VL-6B", "modelId": "01-ai/Yi-VL-6B", "author": "01-ai", "sha": "dab34dabd32b391e4e870b7985180f90f79ad9a0", "lastModified": "2024-06-26T10:45:12.000Z", "private": false, "disabled": false, "gated": false, "pipeline_tag": "image-text-to-text", "tags": ["pytorch", "llava", "image-text-to-text", "arxiv:2403.04652", "license:apache-2.0", "region:us"], "downloads": 898, "library_name": "pytorch", "likes": 112, "model-index": null, "config": {"architectures": ["LlavaLlamaForCausalLM"], "model_type": "llava", "tokenizer_config": {"bos_token": "<|startoftext|>", "chat_template": "{% if not add_generation_prompt is defined %}{% set add_generation_prompt = false %}{% endif %}{% for message in messages %}{{'<|im_start|>' + message['role'] + '\n' + message['content'] + '<|im_end|>' + '\n'}}{% endfor %}{% if add_generation_prompt %}{{ '<|im_start|>assistant\n' }}{% endif %}", "eos_token": "<|endoftext|>", "pad_token": "<unk>", "unk_token": "<unk>", "use_default_system_prompt": true}}, "cardData": {"license": "apache-2.0", "library_name": "pytorch", "tags": ["llava"], "license_name": "yi-license", "license_link": "LICENSE", "pipeline_tag": "image-text-to-text"}, "siblings": [{"rfilename": ".gitattributes"}, {"rfilename": "LICENSE"}, {"rfilename": "NOTICE"}, {"rfilename": "README.md"}, {"rfilename": "added_tokens.json"}, {"rfilename": "config.json"}, {"rfilename": "generation_config.json"}, {"rfilename": "pytorch_model-00001-of-00002.bin"}, {"rfilename": "pytorch_model-00002-of-00002.bin"}, {"rfilename": "pytorch_model.bin.index.json"}, {"rfilename": "special_tokens_map.json"}, {"rfilename": "tokenizer.model"}, {"rfilename": "tokenizer_config.json"}, {"rfilename": "vit/clip-vit-H-14-laion2B-s32B-b79K-yi-vl-6B-448/.gitattributes"}, {"rfilename": "vit/clip-vit-H-14-laion2B-s32B-b79K-yi-vl-6B-448/README.md"}, {"rfilename": "vit/clip-vit-H-14-laion2B-s32B-b79K-yi-vl-6B-448/config.json"}, {"rfilename": "vit/clip-vit-H-14-laion2B-s32B-b79K-yi-vl-6B-448/merges.txt"}, {"rfilename": "vit/clip-vit-H-14-laion2B-s32B-b79K-yi-vl-6B-448/open_clip_config.json"}, {"rfilename": "vit/clip-vit-H-14-laion2B-s32B-b79K-yi-vl-6B-448/open_clip_pytorch_model.bin"}, {"rfilename": "vit/clip-vit-H-14-laion2B-s32B-b79K-yi-vl-6B-448/preprocessor_config.json"}, {"rfilename": "vit/clip-vit-H-14-laion2B-s32B-b79K-yi-vl-6B-448/pytorch_model.bin"}, {"rfilename": "vit/clip-vit-H-14-laion2B-s32B-b79K-yi-vl-6B-448/special_tokens_map.json"}, {"rfilename": "vit/clip-vit-H-14-laion2B-s32B-b79K-yi-vl-6B-448/tokenizer.json"}, {"rfilename": "vit/clip-vit-H-14-laion2B-s32B-b79K-yi-vl-6B-448/tokenizer_config.json"}, {"rfilename": "vit/clip-vit-H-14-laion2B-s32B-b79K-yi-vl-6B-448/vocab.json"}], "spaces": ["shandian/01-ai-Yi-VL-6B", "MStart/01-ai-Yi-VL-6B", "edai/01-ai-Yi-VL-6B", "space35/01-ai-Yi-VL-6B"], "createdAt": "2023-12-25T04:48:32.000Z", "inferenceStatus": "not-loaded"}