{"_id": "663db2d024d6737844c45530", "id": "01-ai/Yi-1.5-9B-Chat", "modelId": "01-ai/Yi-1.5-9B-Chat", "author": "01-ai", "sha": "1a0fc698cf883c4f5c325f026ca79f0ebd9955a5", "lastModified": "2024-06-26T10:41:03.000Z", "private": false, "disabled": false, "gated": false, "pipeline_tag": "text-generation", "tags": ["transformers", "safetensors", "llama", "text-generation", "conversational", "arxiv:2403.04652", "license:apache-2.0", "autotrain_compatible", "text-generation-inference", "endpoints_compatible", "region:us"], "downloads": 14901, "library_name": "transformers", "widgetData": [{"text": "Hey my name is Julien! How are you?"}, {"text": "Hey my name is Thomas! How are you?"}, {"text": "Hey my name is Mariama! How are you?"}, {"text": "Hey my name is Clara! How are you?"}, {"text": "Hey my name is Julien! How are you?"}, {"text": "Hi."}], "likes": 107, "model-index": null, "config": {"architectures": ["LlamaForCausalLM"], "model_type": "llama", "tokenizer_config": {"bos_token": "<|startoftext|>", "chat_template": "{% if messages[0]['role'] == 'system' %}{% set system_message = messages[0]['content'] %}{% endif %}{% if system_message is defined %}{{ system_message }}{% endif %}{% for message in messages %}{% set content = message['content'] %}{% if message['role'] == 'user' %}{{ '<|im_start|>user\\n' + content + '<|im_end|>\\n<|im_start|>assistant\\n' }}{% elif message['role'] == 'assistant' %}{{ content + '<|im_end|>' + '\\n' }}{% endif %}{% endfor %}", "eos_token": "<|im_end|>", "pad_token": "<unk>", "unk_token": "<unk>", "use_default_system_prompt": false}}, "cardData": {"license": "apache-2.0"}, "transformersInfo": {"auto_model": "AutoModelForCausalLM", "pipeline_tag": "text-generation", "processor": "AutoTokenizer"}, "siblings": [{"rfilename": ".gitattributes"}, {"rfilename": "NOTICE"}, {"rfilename": "README.md"}, {"rfilename": "config.json"}, {"rfilename": "generation_config.json"}, {"rfilename": "md5"}, {"rfilename": "model-00001-of-00004.safetensors"}, {"rfilename": "model-00002-of-00004.safetensors"}, {"rfilename": "model-00003-of-00004.safetensors"}, {"rfilename": "model-00004-of-00004.safetensors"}, {"rfilename": "model.safetensors.index.json"}, {"rfilename": "special_tokens_map.json"}, {"rfilename": "tokenizer.json"}, {"rfilename": "tokenizer.model"}, {"rfilename": "tokenizer_config.json"}], "spaces": ["allenai/WildBench", "eduagarcia/open_pt_llm_leaderboard", "Tonic/Yi-9B", "Justinrune/LLaMA-Factory", "kenken999/fastapi_django_main"], "createdAt": "2024-05-10T05:38:24.000Z", "safetensors": {"parameters": {"BF16": 8829407232}, "total": 8829407232}, "inferenceStatus": "not-loaded"}