{"_id": "655dd022d74f417795d99cd8", "id": "01-ai/Yi-6B-Chat-4bits", "modelId": "01-ai/Yi-6B-Chat-4bits", "author": "01-ai", "sha": "beb38fa4d041ea42ebd79d66b3bc91a37e98e1ee", "lastModified": "2024-06-26T10:25:32.000Z", "private": false, "disabled": false, "gated": false, "pipeline_tag": "text-generation", "tags": ["transformers", "safetensors", "llama", "text-generation", "conversational", "arxiv:2403.04652", "arxiv:2311.16502", "arxiv:2401.11944", "license:apache-2.0", "autotrain_compatible", "text-generation-inference", "endpoints_compatible", "4-bit", "awq", "region:us"], "downloads": 889, "library_name": "transformers", "widgetData": [{"example_title": "Yi-34B-Chat", "text": "hi", "output": {"text": " Hello! How can I assist you today?"}}, {"example_title": "Yi-34B", "text": "There's a place where time stands still. A place of breath taking wonder, but also", "output": {"text": " an eerie sense that something is just not right\u2026\nBetween the two worlds lies The Forgotten Kingdom - home to creatures long since thought extinct and ancient magic so strong it defies belief! Only here can you find what has been lost for centuries: An Elixir Of Life which will restore youth and vitality if only those who seek its power are brave enough to face up against all manner of dangers lurking in this mysterious land! But beware; some say there may even exist powerful entities beyond our comprehension whose intentions towards humanity remain unclear at best ---- they might want nothing more than destruction itself rather then anything else from their quest after immortality (and maybe someone should tell them about modern medicine)? In any event though \u2013 one thing remains true regardless : whether or not success comes easy depends entirely upon how much effort we put into conquering whatever challenges lie ahead along with having faith deep down inside ourselves too ;) So let\u2019s get started now shall We?"}}], "likes": 18, "model-index": null, "config": {"architectures": ["LlamaForCausalLM"], "model_type": "llama", "quantization_config": {"bits": 4, "quant_method": "awq"}, "tokenizer_config": {"bos_token": "<|startoftext|>", "chat_template": "{% if not add_generation_prompt is defined %}{% set add_generation_prompt = false %}{% endif %}{% for message in messages %}{{'<|im_start|>' + message['role'] + '\n' + message['content'] + '<|im_end|>' + '\n'}}{% endfor %}{% if add_generation_prompt %}{{ '<|im_start|>assistant\n' }}{% endif %}", "eos_token": "<|endoftext|>", "pad_token": "<unk>", "unk_token": "<unk>", "use_default_system_prompt": true}}, "cardData": {"license": "apache-2.0", "widget": [{"example_title": "Yi-34B-Chat", "text": "hi", "output": {"text": " Hello! How can I assist you today?"}}, {"example_title": "Yi-34B", "text": "There's a place where time stands still. A place of breath taking wonder, but also", "output": {"text": " an eerie sense that something is just not right\u2026\nBetween the two worlds lies The Forgotten Kingdom - home to creatures long since thought extinct and ancient magic so strong it defies belief! Only here can you find what has been lost for centuries: An Elixir Of Life which will restore youth and vitality if only those who seek its power are brave enough to face up against all manner of dangers lurking in this mysterious land! But beware; some say there may even exist powerful entities beyond our comprehension whose intentions towards humanity remain unclear at best ---- they might want nothing more than destruction itself rather then anything else from their quest after immortality (and maybe someone should tell them about modern medicine)? In any event though \u2013 one thing remains true regardless : whether or not success comes easy depends entirely upon how much effort we put into conquering whatever challenges lie ahead along with having faith deep down inside ourselves too ;) So let\u2019s get started now shall We?"}}], "pipeline_tag": "text-generation"}, "transformersInfo": {"auto_model": "AutoModelForCausalLM", "pipeline_tag": "text-generation", "processor": "AutoTokenizer"}, "siblings": [{"rfilename": ".gitattributes"}, {"rfilename": "LICENSE"}, {"rfilename": "README.md"}, {"rfilename": "config.json"}, {"rfilename": "generation_config.json"}, {"rfilename": "model.safetensors"}, {"rfilename": "quant_config.json"}, {"rfilename": "special_tokens_map.json"}, {"rfilename": "tokenizer.model"}, {"rfilename": "tokenizer_config.json"}], "spaces": ["Justinrune/LLaMA-Factory", "kenken999/fastapi_django_main", "kaze12/01-ai-Yi-6B-Chat-4bits", "nubifere/vis-llm-ft"], "createdAt": "2023-11-22T09:55:46.000Z", "safetensors": {"parameters": {"I32": 697466880, "F16": 567808000}, "total": 1265274880}, "inferenceStatus": "not-loaded"}