{"_id": "663f2d01b8f1e7a6aa1f27cc", "id": "01-ai/Yi-1.5-34B", "modelId": "01-ai/Yi-1.5-34B", "author": "01-ai", "sha": "58a29f6dca2a4eda38821c086c29c1906114aabb", "lastModified": "2024-06-26T10:40:42.000Z", "private": false, "disabled": false, "gated": false, "pipeline_tag": "text-generation", "tags": ["transformers", "safetensors", "llama", "text-generation", "arxiv:2403.04652", "license:apache-2.0", "autotrain_compatible", "text-generation-inference", "endpoints_compatible", "region:us"], "downloads": 4942, "library_name": "transformers", "widgetData": [{"text": "My name is Julien and I like to"}, {"text": "My name is Thomas and my main"}, {"text": "My name is Mariama, my favorite"}, {"text": "My name is Clara and I am"}, {"text": "My name is Lewis and I like to"}, {"text": "My name is Merve and my favorite"}, {"text": "My name is Teven and I am"}, {"text": "Once upon a time,"}], "likes": 42, "model-index": null, "config": {"architectures": ["LlamaForCausalLM"], "model_type": "llama", "tokenizer_config": {"unk_token": "<unk>", "bos_token": "<|startoftext|>", "eos_token": "<|endoftext|>", "pad_token": "<unk>"}}, "cardData": {"license": "apache-2.0"}, "transformersInfo": {"auto_model": "AutoModelForCausalLM", "pipeline_tag": "text-generation", "processor": "AutoTokenizer"}, "siblings": [{"rfilename": ".gitattributes"}, {"rfilename": "NOTICE"}, {"rfilename": "README.md"}, {"rfilename": "config.json"}, {"rfilename": "generation_config.json"}, {"rfilename": "md5"}, {"rfilename": "model-00001-of-00015.safetensors"}, {"rfilename": "model-00002-of-00015.safetensors"}, {"rfilename": "model-00003-of-00015.safetensors"}, {"rfilename": "model-00004-of-00015.safetensors"}, {"rfilename": "model-00005-of-00015.safetensors"}, {"rfilename": "model-00006-of-00015.safetensors"}, {"rfilename": "model-00007-of-00015.safetensors"}, {"rfilename": "model-00008-of-00015.safetensors"}, {"rfilename": "model-00009-of-00015.safetensors"}, {"rfilename": "model-00010-of-00015.safetensors"}, {"rfilename": "model-00011-of-00015.safetensors"}, {"rfilename": "model-00012-of-00015.safetensors"}, {"rfilename": "model-00013-of-00015.safetensors"}, {"rfilename": "model-00014-of-00015.safetensors"}, {"rfilename": "model-00015-of-00015.safetensors"}, {"rfilename": "model.safetensors.index.json"}, {"rfilename": "tokenizer.json"}, {"rfilename": "tokenizer.model"}, {"rfilename": "tokenizer_config.json"}], "spaces": ["eduagarcia/open_pt_llm_leaderboard", "AIM-Harvard/rabbits-leaderboard", "Justinrune/LLaMA-Factory", "kenken999/fastapi_django_main"], "createdAt": "2024-05-11T08:32:01.000Z", "safetensors": {"parameters": {"BF16": 34388917248}, "total": 34388917248}, "inferenceStatus": "not-loaded"}