{"_id": "663f2b734b52a18fe7cb3b6d", "id": "01-ai/Yi-1.5-6B", "modelId": "01-ai/Yi-1.5-6B", "author": "01-ai", "sha": "157a3d77ab5a8a8f079510eaa25169b547481f06", "lastModified": "2024-06-26T10:42:02.000Z", "private": false, "disabled": false, "gated": false, "pipeline_tag": "text-generation", "tags": ["transformers", "safetensors", "llama", "text-generation", "arxiv:2403.04652", "license:apache-2.0", "autotrain_compatible", "text-generation-inference", "endpoints_compatible", "region:us"], "downloads": 10009, "library_name": "transformers", "widgetData": [{"text": "My name is Julien and I like to"}, {"text": "My name is Thomas and my main"}, {"text": "My name is Mariama, my favorite"}, {"text": "My name is Clara and I am"}, {"text": "My name is Lewis and I like to"}, {"text": "My name is Merve and my favorite"}, {"text": "My name is Teven and I am"}, {"text": "Once upon a time,"}], "likes": 22, "model-index": null, "config": {"architectures": ["LlamaForCausalLM"], "model_type": "llama", "tokenizer_config": {"unk_token": "<unk>", "bos_token": "<|startoftext|>", "eos_token": "<|endoftext|>", "pad_token": "<unk>"}}, "cardData": {"license": "apache-2.0"}, "transformersInfo": {"auto_model": "AutoModelForCausalLM", "pipeline_tag": "text-generation", "processor": "AutoTokenizer"}, "siblings": [{"rfilename": ".gitattributes"}, {"rfilename": "NOTICE"}, {"rfilename": "README.md"}, {"rfilename": "config.json"}, {"rfilename": "generation_config.json"}, {"rfilename": "md5"}, {"rfilename": "model-00001-of-00003.safetensors"}, {"rfilename": "model-00002-of-00003.safetensors"}, {"rfilename": "model-00003-of-00003.safetensors"}, {"rfilename": "model.safetensors.index.json"}, {"rfilename": "tokenizer.json"}, {"rfilename": "tokenizer.model"}, {"rfilename": "tokenizer_config.json"}], "spaces": ["eduagarcia/open_pt_llm_leaderboard", "Justinrune/LLaMA-Factory", "kenken999/fastapi_django_main"], "createdAt": "2024-05-11T08:25:23.000Z", "safetensors": {"parameters": {"BF16": 6061035520}, "total": 6061035520}, "inferenceStatus": "not-loaded"}