{"_id": "665dd51c60c9027be0c5ddba", "id": "012shin/qlora-koalpaca-polyglot-12.8b-50step", "modelId": "012shin/qlora-koalpaca-polyglot-12.8b-50step", "author": "012shin", "sha": "594b26a239151559eb630f95ef8e16f20c90992c", "lastModified": "2024-06-03T14:39:12.000Z", "private": false, "disabled": false, "gated": false, "tags": ["peft", "tensorboard", "safetensors", "generated_from_trainer", "base_model:beomi/KoAlpaca-Polyglot-12.8B", "license:apache-2.0", "region:us"], "downloads": 1, "library_name": "peft", "likes": 0, "model-index": [{"name": "qlora-koalpaca-polyglot-12.8b-50step", "results": []}], "config": {"tokenizer_config": {"eos_token": "<|endoftext|>", "pad_token": "<|endoftext|>"}, "peft": {"base_model_name_or_path": "beomi/KoAlpaca-Polyglot-12.8B", "task_type": "CAUSAL_LM"}}, "cardData": {"license": "apache-2.0", "library_name": "peft", "tags": ["generated_from_trainer"], "base_model": "beomi/KoAlpaca-Polyglot-12.8B", "model-index": [{"name": "qlora-koalpaca-polyglot-12.8b-50step", "results": []}]}, "siblings": [{"rfilename": ".gitattributes"}, {"rfilename": "README.md"}, {"rfilename": "adapter_config.json"}, {"rfilename": "adapter_model.safetensors"}, {"rfilename": "runs/Jun03_14-37-11_e1d181fa774c/events.out.tfevents.1717425444.e1d181fa774c.1741.0"}, {"rfilename": "special_tokens_map.json"}, {"rfilename": "tokenizer.json"}, {"rfilename": "tokenizer_config.json"}, {"rfilename": "training_args.bin"}], "spaces": [], "createdAt": "2024-06-03T14:37:16.000Z", "inferenceStatus": "not-loaded"}