{"_id": "665da92e65e09c74d2afc5ef", "id": "012shin/koalphaca_savepoint", "modelId": "012shin/koalphaca_savepoint", "author": "012shin", "sha": "186e8556a4d8107ad3de378a223aeb022abe09c5", "lastModified": "2024-06-03T11:29:55.000Z", "private": false, "disabled": false, "gated": false, "tags": ["peft", "tensorboard", "safetensors", "generated_from_trainer", "base_model:beomi/KoAlpaca-Polyglot-5.8B", "license:apache-2.0", "region:us"], "downloads": 1, "library_name": "peft", "likes": 0, "model-index": [{"name": "koalphaca_savepoint", "results": []}], "config": {"peft": {"base_model_name_or_path": "beomi/KoAlpaca-Polyglot-5.8B", "task_type": "CAUSAL_LM"}}, "cardData": {"license": "apache-2.0", "library_name": "peft", "tags": ["generated_from_trainer"], "base_model": "beomi/KoAlpaca-Polyglot-5.8B", "model-index": [{"name": "koalphaca_savepoint", "results": []}]}, "siblings": [{"rfilename": ".gitattributes"}, {"rfilename": "README.md"}, {"rfilename": "adapter_config.json"}, {"rfilename": "adapter_model.safetensors"}, {"rfilename": "runs/Jun03_07-21-51_deb33e102c39/events.out.tfevents.1717399324.deb33e102c39.993.0"}, {"rfilename": "runs/Jun03_07-23-22_deb33e102c39/events.out.tfevents.1717399414.deb33e102c39.993.1"}, {"rfilename": "training_args.bin"}], "spaces": [], "createdAt": "2024-06-03T11:29:50.000Z", "inferenceStatus": "not-loaded"}