{"_id": "665c567588912c5ab6744c82", "id": "012shin/qlora-koalpaca-polyglot-5.8b-QA", "modelId": "012shin/qlora-koalpaca-polyglot-5.8b-QA", "author": "012shin", "sha": "0acda5ebdb170acbf365f1e8d87243b0f3cd9837", "lastModified": "2024-06-03T11:31:46.000Z", "private": false, "disabled": false, "gated": false, "tags": ["transformers", "safetensors", "arxiv:1910.09700", "endpoints_compatible", "region:us"], "downloads": 0, "library_name": "transformers", "likes": 0, "model-index": null, "cardData": {"library_name": "transformers", "tags": []}, "transformersInfo": {"auto_model": "AutoModel"}, "siblings": [{"rfilename": ".gitattributes"}, {"rfilename": "README.md"}, {"rfilename": "adapter_config.json"}, {"rfilename": "adapter_model.safetensors"}], "spaces": [], "createdAt": "2024-06-02T11:24:37.000Z", "inferenceStatus": "not-loaded"}