{"_id": "66157632231480986e794309", "id": "01633623546a/panda", "modelId": "01633623546a/panda", "author": "01633623546a", "sha": "30be076e633f939bc7abc644959f2276a4040259", "lastModified": "2024-05-02T05:26:09.000Z", "private": false, "disabled": false, "gated": false, "tags": ["region:us"], "downloads": 0, "likes": 0, "siblings": [{"rfilename": ".gitattributes"}, {"rfilename": "LICENSE"}, {"rfilename": "README.md"}, {"rfilename": "Rooportable-main.zip"}, {"rfilename": "__init__.py"}, {"rfilename": "bot2 (2).json"}, {"rfilename": "image_resize.png"}, {"rfilename": "image_resize.py"}, {"rfilename": "panda (1).json"}, {"rfilename": "panda.json"}, {"rfilename": "pandahoangchinh.json"}], "spaces": [], "createdAt": "2024-04-09T17:09:06.000Z", "inferenceStatus": "not-loaded"}