{"_id": "66765453b31a31445b5033da", "id": "01N02/StudioVip", "modelId": "01N02/StudioVip", "author": "01N02", "sha": "a591a869318514b725526afafd4c406be3ecea3d", "lastModified": "2024-06-22T04:34:27.000Z", "private": false, "disabled": false, "gated": false, "tags": ["license:unknown", "region:us"], "downloads": 0, "likes": 0, "model-index": null, "cardData": {"license": "unknown"}, "siblings": [{"rfilename": ".gitattributes"}, {"rfilename": "README.md"}], "spaces": [], "createdAt": "2024-06-22T04:34:27.000Z", "inferenceStatus": "not-loaded"}