{"_id": "63e11224efac2d1db2dd47ee", "id": "02shanky/finetuned-distilbert-base-uncased-emotion", "modelId": "02shanky/finetuned-distilbert-base-uncased-emotion", "author": "02shanky", "sha": "faf13be749015b082bad775255f50b00178f5586", "lastModified": "2023-02-06T14:58:14.000Z", "private": false, "disabled": false, "gated": false, "pipeline_tag": "text-classification", "tags": ["transformers", "pytorch", "tensorboard", "distilbert", "text-classification", "generated_from_trainer", "dataset:emotion", "license:apache-2.0", "model-index", "autotrain_compatible", "endpoints_compatible", "region:us"], "downloads": 4, "library_name": "transformers", "mask_token": "[MASK]", "widgetData": [{"text": "I like you. I love you"}], "likes": 0, "model-index": [{"name": "finetuned-distilbert-base-uncased-emotion", "results": [{"task": {"name": "Text Classification", "type": "text-classification"}, "dataset": {"name": "emotion", "type": "emotion", "config": "split", "split": "validation", "args": "split"}, "metrics": [{"name": "Accuracy", "type": "accuracy", "value": 0.9395, "verified": false}, {"name": "F1", "type": "f1", "value": 0.9396004892603755, "verified": false}]}]}], "config": {"architectures": ["DistilBertForSequenceClassification"], "model_type": "distilbert", "tokenizer_config": {"cls_token": "[CLS]", "mask_token": "[MASK]", "pad_token": "[PAD]", "sep_token": "[SEP]", "unk_token": "[UNK]"}}, "cardData": {"license": "apache-2.0", "tags": ["generated_from_trainer"], "datasets": ["emotion"], "metrics": ["accuracy", "f1"], "model-index": [{"name": "finetuned-distilbert-base-uncased-emotion", "results": [{"task": {"name": "Text Classification", "type": "text-classification"}, "dataset": {"name": "emotion", "type": "emotion", "config": "split", "split": "validation", "args": "split"}, "metrics": [{"name": "Accuracy", "type": "accuracy", "value": 0.9395, "verified": false}, {"name": "F1", "type": "f1", "value": 0.9396004892603755, "verified": false}]}]}]}, "transformersInfo": {"auto_model": "AutoModelForSequenceClassification", "pipeline_tag": "text-classification", "processor": "AutoTokenizer"}, "siblings": [{"rfilename": ".gitattributes"}, {"rfilename": ".gitignore"}, {"rfilename": "README.md"}, {"rfilename": "config.json"}, {"rfilename": "pytorch_model.bin"}, {"rfilename": "runs/Feb06_14-43-42_f87137f1ea57/1675694634.8133502/events.out.tfevents.1675694634.f87137f1ea57.606.1"}, {"rfilename": "runs/Feb06_14-43-42_f87137f1ea57/events.out.tfevents.1675694634.f87137f1ea57.606.0"}, {"rfilename": "runs/Feb06_14-43-42_f87137f1ea57/events.out.tfevents.1675695425.f87137f1ea57.606.2"}, {"rfilename": "special_tokens_map.json"}, {"rfilename": "tokenizer.json"}, {"rfilename": "tokenizer_config.json"}, {"rfilename": "training_args.bin"}, {"rfilename": "vocab.txt"}], "spaces": [], "createdAt": "2023-02-06T14:43:48.000Z", "inferenceStatus": "not-loaded"}