{"_id": "63e555a63afbf4f1897fa562", "id": "02shanky/finetuned-twitter-xlm-roberta-base-emotion", "modelId": "02shanky/finetuned-twitter-xlm-roberta-base-emotion", "author": "02shanky", "sha": "28e6d080e9f73171b574dd88ac768da9e6622c36", "lastModified": "2023-02-09T21:01:11.000Z", "private": false, "disabled": false, "gated": false, "pipeline_tag": "text-classification", "tags": ["transformers", "pytorch", "tensorboard", "xlm-roberta", "text-classification", "generated_from_trainer", "dataset:emotion", "model-index", "autotrain_compatible", "endpoints_compatible", "region:us"], "downloads": 32, "library_name": "transformers", "mask_token": "<mask>", "widgetData": [{"text": "I like you. I love you"}], "likes": 0, "model-index": [{"name": "finetuned-twitter-xlm-roberta-base-emotion", "results": [{"task": {"name": "Text Classification", "type": "text-classification"}, "dataset": {"name": "emotion", "type": "emotion", "config": "split", "split": "validation", "args": "split"}, "metrics": [{"name": "Accuracy", "type": "accuracy", "value": 0.9305, "verified": false}, {"name": "F1", "type": "f1", "value": 0.9306713707413102, "verified": false}]}]}], "config": {"architectures": ["XLMRobertaForSequenceClassification"], "model_type": "xlm-roberta", "tokenizer_config": {"bos_token": "<s>", "cls_token": "<s>", "eos_token": "</s>", "mask_token": {"__type": "AddedToken", "content": "<mask>", "lstrip": true, "normalized": true, "rstrip": false, "single_word": false}, "pad_token": "<pad>", "sep_token": "</s>", "unk_token": "<unk>"}}, "cardData": {"tags": ["generated_from_trainer"], "datasets": ["emotion"], "metrics": ["accuracy", "f1"], "model-index": [{"name": "finetuned-twitter-xlm-roberta-base-emotion", "results": [{"task": {"name": "Text Classification", "type": "text-classification"}, "dataset": {"name": "emotion", "type": "emotion", "config": "split", "split": "validation", "args": "split"}, "metrics": [{"name": "Accuracy", "type": "accuracy", "value": 0.9305, "verified": false}, {"name": "F1", "type": "f1", "value": 0.9306713707413102, "verified": false}]}]}]}, "transformersInfo": {"auto_model": "AutoModelForSequenceClassification", "pipeline_tag": "text-classification", "processor": "AutoTokenizer"}, "siblings": [{"rfilename": ".gitattributes"}, {"rfilename": ".gitignore"}, {"rfilename": "README.md"}, {"rfilename": "config.json"}, {"rfilename": "pytorch_model.bin"}, {"rfilename": "runs/Feb09_20-20-46_d6424cfaac7b/1675974070.58931/events.out.tfevents.1675974070.d6424cfaac7b.1097.1"}, {"rfilename": "runs/Feb09_20-20-46_d6424cfaac7b/events.out.tfevents.1675974070.d6424cfaac7b.1097.0"}, {"rfilename": "runs/Feb09_20-20-46_d6424cfaac7b/events.out.tfevents.1675976253.d6424cfaac7b.1097.2"}, {"rfilename": "sentencepiece.bpe.model"}, {"rfilename": "special_tokens_map.json"}, {"rfilename": "tokenizer.json"}, {"rfilename": "tokenizer_config.json"}, {"rfilename": "training_args.bin"}], "spaces": [], "createdAt": "2023-02-09T20:20:54.000Z", "inferenceStatus": "not-loaded"}