{"_id": "64972de1b36c3153085376a8", "id": "02shanky/inceptionnetv1_bean", "modelId": "02shanky/inceptionnetv1_bean", "author": "02shanky", "sha": "7c61045961ae1e52a707402dfc348a99b5ad26ea", "lastModified": "2023-06-25T11:28:25.000Z", "private": false, "disabled": false, "gated": false, "tags": ["pytorch", "region:us"], "downloads": 0, "likes": 0, "siblings": [{"rfilename": ".gitattributes"}, {"rfilename": "pytorch_model.bin"}], "spaces": [], "createdAt": "2023-06-24T17:54:41.000Z", "inferenceStatus": "not-loaded"}