{"_id": "6571aded2411dfb9a311896f", "id": "04RR/MambaMathv1", "modelId": "04RR/MambaMathv1", "author": "04RR", "sha": "dcbc0fe09f5d164f8fa7207c2df238badaafc2f2", "lastModified": "2023-12-07T12:29:29.000Z", "private": false, "disabled": false, "gated": false, "tags": ["transformers", "pytorch", "endpoints_compatible", "region:us"], "downloads": 1, "library_name": "transformers", "likes": 0, "config": {"tokenizer_config": {"bos_token": "<|endoftext|>", "eos_token": "<|endoftext|>", "pad_token": "<|endoftext|>", "unk_token": "<|endoftext|>"}}, "transformersInfo": {"auto_model": "AutoModel"}, "siblings": [{"rfilename": ".gitattributes"}, {"rfilename": "config.json"}, {"rfilename": "pytorch_model.bin"}, {"rfilename": "rng_state.pth"}, {"rfilename": "special_tokens_map.json"}, {"rfilename": "tokenizer.json"}, {"rfilename": "tokenizer_config.json"}], "spaces": [], "createdAt": "2023-12-07T11:35:09.000Z", "inferenceStatus": "not-loaded"}