{"_id": "66687d12298d84058680d92e", "id": "0610708584u/miniLoom", "modelId": "0610708584u/miniLoom", "author": "0610708584u", "sha": "d813dd1e1345a09aaa0580c8931f9fb61192a0e5", "lastModified": "2024-06-11T19:22:22.000Z", "private": false, "disabled": false, "gated": false, "tags": ["safetensors", "region:us"], "downloads": 0, "likes": 0, "siblings": [{"rfilename": ".gitattributes"}, {"rfilename": "bert-base-uncased/model/added_tokens.json"}, {"rfilename": "bert-base-uncased/model/config.json"}, {"rfilename": "bert-base-uncased/model/generation_config.json"}, {"rfilename": "bert-base-uncased/model/merges.txt"}, {"rfilename": "bert-base-uncased/model/model.safetensors"}, {"rfilename": "bert-base-uncased/model/special_tokens_map.json"}, {"rfilename": "bert-base-uncased/model/tokenizer.json"}, {"rfilename": "bert-base-uncased/model/tokenizer_config.json"}, {"rfilename": "bert-base-uncased/model/vocab.json"}, {"rfilename": "bert-base-uncased/model/vocab.txt"}, {"rfilename": "phi-1_5/model/added_tokens.json"}, {"rfilename": "phi-1_5/model/config.json"}, {"rfilename": "phi-1_5/model/generation_config.json"}, {"rfilename": "phi-1_5/model/merges.txt"}, {"rfilename": "phi-1_5/model/model.safetensors"}, {"rfilename": "phi-1_5/model/special_tokens_map.json"}, {"rfilename": "phi-1_5/model/tokenizer.json"}, {"rfilename": "phi-1_5/model/tokenizer_config.json"}, {"rfilename": "phi-1_5/model/vocab.json"}, {"rfilename": "phi-1_5/model/vocab.txt"}], "spaces": [], "createdAt": "2024-06-11T16:36:34.000Z", "inferenceStatus": "not-loaded"}