{"_id": "65c814454bb9288f6fec2ec9", "id": "06cruz/Creativitycruz", "modelId": "06cruz/Creativitycruz", "author": "06cruz", "sha": "4fa7a5816524021e25644cc41c4d4735341a2008", "lastModified": "2024-02-11T00:26:45.000Z", "private": false, "disabled": false, "gated": false, "tags": ["license:apache-2.0", "region:us"], "downloads": 0, "likes": 0, "model-index": null, "cardData": {"license": "apache-2.0"}, "siblings": [{"rfilename": ".gitattributes"}, {"rfilename": "README.md"}], "spaces": [], "createdAt": "2024-02-11T00:26:45.000Z", "inferenceStatus": "not-loaded"}