{"_id": "65fa35172ff6416202e94eee", "id": "080-ai/flintlock_3B_v0.1b", "modelId": "080-ai/flintlock_3B_v0.1b", "author": "080-ai", "sha": "abf01cd2b03e2b7e38cc847fe32311128d89a01f", "lastModified": "2024-03-21T00:06:46.000Z", "private": false, "disabled": false, "gated": false, "pipeline_tag": "text-generation", "tags": ["transformers", "safetensors", "llama", "text-generation", "history", "us-history", "openllama", "en", "dataset:080-ai/mcq_ps_v1", "dataset:ambrosfitz/ps_data_v2.2", "license:cc-by-4.0", "autotrain_compatible", "text-generation-inference", "endpoints_compatible", "region:us"], "downloads": 1, "library_name": "transformers", "widgetData": [{"text": "My name is Julien and I like to"}, {"text": "My name is Thomas and my main"}, {"text": "My name is Mariama, my favorite"}, {"text": "My name is Clara and I am"}, {"text": "My name is Lewis and I like to"}, {"text": "My name is Merve and my favorite"}, {"text": "My name is Teven and I am"}, {"text": "Once upon a time,"}], "likes": 0, "model-index": null, "config": {"architectures": ["LlamaForCausalLM"], "model_type": "llama", "tokenizer_config": {"bos_token": "<s>", "eos_token": "</s>", "pad_token": "</s>", "unk_token": "<unk>", "use_default_system_prompt": false}}, "cardData": {"library_name": "transformers", "tags": ["llama", "history", "us-history", "openllama"], "license": "cc-by-4.0", "datasets": ["080-ai/mcq_ps_v1", "ambrosfitz/ps_data_v2.2"], "language": ["en"]}, "transformersInfo": {"auto_model": "AutoModelForCausalLM", "pipeline_tag": "text-generation", "processor": "AutoTokenizer"}, "siblings": [{"rfilename": ".gitattributes"}, {"rfilename": "README.md"}, {"rfilename": "config.json"}, {"rfilename": "generation_config.json"}, {"rfilename": "model-00001-of-00002.safetensors"}, {"rfilename": "model-00002-of-00002.safetensors"}, {"rfilename": "model.safetensors.index.json"}, {"rfilename": "special_tokens_map.json"}, {"rfilename": "tokenizer.json"}, {"rfilename": "tokenizer.model"}, {"rfilename": "tokenizer_config.json"}], "spaces": [], "createdAt": "2024-03-20T01:00:07.000Z", "safetensors": {"parameters": {"F16": 3426473600}, "total": 3426473600}, "inferenceStatus": "not-loaded"}