{"_id": "6506ffec4fd1985c631cd9c5", "id": "08hakr/autoGenerater", "modelId": "08hakr/autoGenerater", "author": "08hakr", "sha": "e6f5447b3404c42b60feac7f094ef5667322e7a7", "lastModified": "2023-09-17T13:32:28.000Z", "private": false, "disabled": false, "gated": false, "tags": ["license:openrail", "region:us"], "downloads": 0, "likes": 0, "model-index": null, "cardData": {"license": "openrail"}, "siblings": [{"rfilename": ".gitattributes"}, {"rfilename": "README.md"}], "spaces": [], "createdAt": "2023-09-17T13:32:28.000Z", "inferenceStatus": "not-loaded"}