{"_id": "63b728220c4c99dba58d0540", "id": "095ey11/bert-emotion", "modelId": "095ey11/bert-emotion", "author": "095ey11", "sha": "1ecef474c9ee15a183a717d590890c7278685963", "lastModified": "2023-01-05T20:47:55.000Z", "private": false, "disabled": false, "gated": false, "pipeline_tag": "text-classification", "tags": ["transformers", "pytorch", "tensorboard", "distilbert", "text-classification", "generated_from_trainer", "dataset:tweet_eval", "license:apache-2.0", "model-index", "autotrain_compatible", "endpoints_compatible", "region:us"], "downloads": 20, "library_name": "transformers", "mask_token": "[MASK]", "widgetData": [{"text": "I like you. I love you"}], "likes": 0, "model-index": [{"name": "bert-emotion", "results": [{"task": {"name": "Text Classification", "type": "text-classification"}, "dataset": {"name": "tweet_eval", "type": "tweet_eval", "config": "emotion", "split": "train", "args": "emotion"}, "metrics": [{"name": "Precision", "type": "precision", "value": 0.7071669427034283, "verified": false}, {"name": "Recall", "type": "recall", "value": 0.723286061789479, "verified": false}]}]}], "config": {"architectures": ["DistilBertForSequenceClassification"], "model_type": "distilbert", "tokenizer_config": {"cls_token": "[CLS]", "mask_token": "[MASK]", "pad_token": "[PAD]", "sep_token": "[SEP]", "unk_token": "[UNK]"}}, "cardData": {"license": "apache-2.0", "tags": ["generated_from_trainer"], "datasets": ["tweet_eval"], "metrics": ["precision", "recall"], "model-index": [{"name": "bert-emotion", "results": [{"task": {"name": "Text Classification", "type": "text-classification"}, "dataset": {"name": "tweet_eval", "type": "tweet_eval", "config": "emotion", "split": "train", "args": "emotion"}, "metrics": [{"name": "Precision", "type": "precision", "value": 0.7071669427034283, "verified": false}, {"name": "Recall", "type": "recall", "value": 0.723286061789479, "verified": false}]}]}]}, "transformersInfo": {"auto_model": "AutoModelForSequenceClassification", "pipeline_tag": "text-classification", "processor": "AutoTokenizer"}, "siblings": [{"rfilename": ".gitattributes"}, {"rfilename": ".gitignore"}, {"rfilename": "README.md"}, {"rfilename": "config.json"}, {"rfilename": "pytorch_model.bin"}, {"rfilename": "runs/Jan05_20-01-28_3c33b48e2c01/1672948907.3910143/events.out.tfevents.1672948907.3c33b48e2c01.460.1"}, {"rfilename": "runs/Jan05_20-01-28_3c33b48e2c01/events.out.tfevents.1672948907.3c33b48e2c01.460.0"}, {"rfilename": "runs/Jan05_20-25-08_c7e09c3d2b0a/1672950440.3101273/events.out.tfevents.1672950440.c7e09c3d2b0a.484.1"}, {"rfilename": "runs/Jan05_20-25-08_c7e09c3d2b0a/events.out.tfevents.1672950440.c7e09c3d2b0a.484.0"}, {"rfilename": "special_tokens_map.json"}, {"rfilename": "tokenizer.json"}, {"rfilename": "tokenizer_config.json"}, {"rfilename": "training_args.bin"}, {"rfilename": "vocab.txt"}], "spaces": [], "createdAt": "2023-01-05T19:42:26.000Z", "inferenceStatus": "not-loaded"}