{"_id": "6344134093b531e8688146ab", "id": "0amiruddin0/frauddetection", "modelId": "0amiruddin0/frauddetection", "author": "0amiruddin0", "sha": "0e62136543af833921aa3006038294addc8ee6b3", "lastModified": "2022-10-10T12:42:40.000Z", "private": false, "disabled": false, "gated": false, "tags": ["license:afl-3.0", "region:us"], "downloads": 0, "likes": 0, "model-index": null, "cardData": {"license": "afl-3.0"}, "siblings": [{"rfilename": ".gitattributes"}, {"rfilename": "README.md"}], "spaces": [], "createdAt": "2022-10-10T12:42:40.000Z", "inferenceStatus": "not-loaded"}