{"_id": "6505f024af387baff470e080", "id": "0bi0n3/wav2vec2-base_music_speech_both_classification-finetuned-gtzan", "modelId": "0bi0n3/wav2vec2-base_music_speech_both_classification-finetuned-gtzan", "author": "0bi0n3", "sha": "92eb3c615df05bda72b4d4ff54e0fc790c2d0f09", "lastModified": "2023-09-16T19:55:51.000Z", "private": false, "disabled": false, "gated": false, "pipeline_tag": "audio-classification", "tags": ["transformers", "pytorch", "wav2vec2", "audio-classification", "generated_from_trainer", "dataset:marsyas/gtzan", "base_model:FerhatDk/wav2vec2-base_music_speech_both_classification", "license:apache-2.0", "model-index", "endpoints_compatible", "region:us"], "downloads": 4, "library_name": "transformers", "likes": 0, "model-index": [{"name": "wav2vec2-base_music_speech_both_classification-finetuned-gtzan", "results": [{"task": {"name": "Audio Classification", "type": "audio-classification"}, "dataset": {"name": "GTZAN", "type": "marsyas/gtzan", "config": "all", "split": "train", "args": "all"}, "metrics": [{"name": "Accuracy", "type": "accuracy", "value": 0.85, "verified": false}]}]}], "config": {"architectures": ["Wav2Vec2ForSequenceClassification"], "model_type": "wav2vec2"}, "cardData": {"license": "apache-2.0", "base_model": "FerhatDk/wav2vec2-base_music_speech_both_classification", "tags": ["generated_from_trainer"], "datasets": ["marsyas/gtzan"], "metrics": ["accuracy"], "model-index": [{"name": "wav2vec2-base_music_speech_both_classification-finetuned-gtzan", "results": [{"task": {"name": "Audio Classification", "type": "audio-classification"}, "dataset": {"name": "GTZAN", "type": "marsyas/gtzan", "config": "all", "split": "train", "args": "all"}, "metrics": [{"name": "Accuracy", "type": "accuracy", "value": 0.85, "verified": false}]}]}]}, "transformersInfo": {"auto_model": "AutoModelForAudioClassification", "pipeline_tag": "audio-classification", "processor": "AutoProcessor"}, "siblings": [{"rfilename": ".gitattributes"}, {"rfilename": "README.md"}, {"rfilename": "config.json"}, {"rfilename": "preprocessor_config.json"}, {"rfilename": "pytorch_model.bin"}, {"rfilename": "training_args.bin"}], "spaces": [], "createdAt": "2023-09-16T18:12:52.000Z", "inferenceStatus": "not-loaded"}