{"_id": "6505ee97af387baff470a439", "id": "0bi0n3/ast-finetuned-audioset-10-10-0.4593-finetuned-gtzan", "modelId": "0bi0n3/ast-finetuned-audioset-10-10-0.4593-finetuned-gtzan", "author": "0bi0n3", "sha": "46ba37d1b0752cfd0d5a443e541ab16fe96b1c02", "lastModified": "2023-09-16T18:06:15.000Z", "private": false, "disabled": false, "gated": false, "tags": ["region:us"], "downloads": 0, "likes": 0, "siblings": [{"rfilename": ".gitattributes"}], "spaces": [], "createdAt": "2023-09-16T18:06:15.000Z", "inferenceStatus": "not-loaded"}