{"_id": "63f51e6de652fcaa849f74f7", "id": "0c3107/openjourney", "modelId": "0c3107/openjourney", "author": "0c3107", "sha": "a85dec85f291e46d8fefa871b4202b6a77e64722", "lastModified": "2023-02-23T16:41:15.000Z", "private": false, "disabled": false, "gated": false, "pipeline_tag": "text-to-image", "tags": ["diffusers", "autotrain_compatible", "endpoints_compatible", "diffusers:StableDiffusionPipeline", "region:us"], "downloads": 0, "library_name": "diffusers", "likes": 0, "config": {"diffusers": {"_class_name": "StableDiffusionPipeline"}}, "siblings": [{"rfilename": ".gitattributes"}, {"rfilename": "feature_extractor/preprocessor_config.json"}, {"rfilename": "model_index.json"}, {"rfilename": "safety_checker/config.json"}, {"rfilename": "safety_checker/pytorch_model.bin"}, {"rfilename": "scheduler/scheduler_config.json"}, {"rfilename": "text_encoder/config.json"}, {"rfilename": "text_encoder/pytorch_model.bin"}, {"rfilename": "tokenizer/merges.txt"}, {"rfilename": "tokenizer/special_tokens_map.json"}, {"rfilename": "tokenizer/tokenizer_config.json"}, {"rfilename": "tokenizer/vocab.json"}, {"rfilename": "unet/config.json"}, {"rfilename": "unet/diffusion_pytorch_model.bin"}, {"rfilename": "vae/config.json"}, {"rfilename": "vae/diffusion_pytorch_model.bin"}], "spaces": [], "createdAt": "2023-02-21T19:41:33.000Z", "inferenceStatus": "not-loaded"}