{"_id": "646a76b196cfe72aef7d9701", "id": "0c66dd811f/Chess", "modelId": "0c66dd811f/Chess", "author": "0c66dd811f", "sha": "875f9678b1b1512cd407881ea6dcac55eccd5606", "lastModified": "2023-05-21T19:53:21.000Z", "private": false, "disabled": false, "gated": false, "tags": ["license:openrail", "region:us"], "downloads": 0, "likes": 0, "model-index": null, "cardData": {"license": "openrail"}, "siblings": [{"rfilename": ".gitattributes"}, {"rfilename": "README.md"}], "spaces": [], "createdAt": "2023-05-21T19:53:21.000Z", "inferenceStatus": "not-loaded"}