{"_id": "66613de74405867ef3c766e0", "id": "0CHAE/durian", "modelId": "0CHAE/durian", "author": "0CHAE", "sha": "d556cdd4dafcb0f423bd892fa85b4d3eef5ad8d7", "lastModified": "2024-06-06T04:41:11.000Z", "private": false, "disabled": false, "gated": false, "tags": ["license:mit", "region:us"], "downloads": 0, "likes": 0, "model-index": null, "cardData": {"license": "mit"}, "siblings": [{"rfilename": ".gitattributes"}, {"rfilename": "README.md"}], "spaces": [], "createdAt": "2024-06-06T04:41:11.000Z", "inferenceStatus": "not-loaded"}