{"_id": "666210a188f5095fb571cc0c", "id": "0dAI/0dAI-8x7b-0761", "modelId": "0dAI/0dAI-8x7b-0761", "author": "0dAI", "sha": "bf7c7d47deb58cff90ad9a4f763339e02a14b159", "lastModified": "2024-06-06T21:08:37.000Z", "private": false, "disabled": false, "gated": false, "pipeline_tag": "text-generation", "tags": ["transformers", "pytorch", "safetensors", "mixtral", "text-generation", "conversational", "autotrain_compatible", "text-generation-inference", "endpoints_compatible", "8-bit", "exl2", "region:us"], "downloads": 16, "library_name": "transformers", "widgetData": [{"text": "Hey my name is Julien! How are you?"}, {"text": "Hey my name is Thomas! How are you?"}, {"text": "Hey my name is Mariama! How are you?"}, {"text": "Hey my name is Clara! How are you?"}, {"text": "Hey my name is Julien! How are you?"}, {"text": "Hi."}], "likes": 0, "config": {"architectures": ["MixtralForCausalLM"], "model_type": "mixtral", "quantization_config": {"quant_method": "exl2", "bits": 8}, "tokenizer_config": {"bos_token": "<s>", "chat_template": "{% if not add_generation_prompt is defined %}{% set add_generation_prompt = false %}{% endif %}{% for message in messages %}{{'<|im_start|>' + message['role'] + '\n' + message['content'] + '<|im_end|>' + '\n'}}{% endfor %}{% if add_generation_prompt %}{{ '<|im_start|>assistant\n' }}{% endif %}", "eos_token": "<|im_end|>", "pad_token": "</s>", "unk_token": "<unk>", "use_default_system_prompt": false}}, "transformersInfo": {"auto_model": "AutoModelForCausalLM", "pipeline_tag": "text-generation", "processor": "AutoTokenizer"}, "siblings": [{"rfilename": ".gitattributes"}, {"rfilename": "README.md"}, {"rfilename": "added_tokens.json"}, {"rfilename": "config.json"}, {"rfilename": "generation_config.json"}, {"rfilename": "model.safetensors.index.json"}, {"rfilename": "output-00001-of-00006.safetensors"}, {"rfilename": "output-00002-of-00006.safetensors"}, {"rfilename": "output-00003-of-00006.safetensors"}, {"rfilename": "output-00004-of-00006.safetensors"}, {"rfilename": "output-00005-of-00006.safetensors"}, {"rfilename": "output-00006-of-00006.safetensors"}, {"rfilename": "pytorch_model.bin.index.json"}, {"rfilename": "special_tokens_map.json"}, {"rfilename": "test.py"}, {"rfilename": "tokenizer.model"}, {"rfilename": "tokenizer_config.json"}], "spaces": [], "createdAt": "2024-06-06T19:40:17.000Z", "inferenceStatus": "not-loaded"}