{"_id": "65d58773aa212698b4928506", "id": "0Hojoon0/ddd", "modelId": "0Hojoon0/ddd", "author": "0Hojoon0", "sha": "e329097e196bec5b566b9220a239fb47ed067f23", "lastModified": "2024-02-21T05:17:39.000Z", "private": false, "disabled": false, "gated": false, "tags": ["license:apache-2.0", "region:us"], "downloads": 0, "likes": 0, "model-index": null, "cardData": {"license": "apache-2.0"}, "siblings": [{"rfilename": ".gitattributes"}, {"rfilename": "README.md"}], "spaces": [], "createdAt": "2024-02-21T05:17:39.000Z", "inferenceStatus": "not-loaded"}