{"_id": "65d58737acaead978d499cc6", "id": "0Hojoon0/mgh", "modelId": "0Hojoon0/mgh", "author": "0Hojoon0", "sha": "ac5a2231fa0cba7c23577bf765f2b54da6de9a26", "lastModified": "2024-02-21T05:16:39.000Z", "private": false, "disabled": false, "gated": false, "tags": ["license:apache-2.0", "region:us"], "downloads": 0, "likes": 0, "model-index": null, "cardData": {"license": "apache-2.0"}, "siblings": [{"rfilename": ".gitattributes"}, {"rfilename": "README.md"}], "spaces": [], "createdAt": "2024-02-21T05:16:39.000Z", "inferenceStatus": "not-loaded"}