{"_id": "65387f42ef7d2bb8c4c1a111", "id": "0jung/furniture_use_data_finetuning", "modelId": "0jung/furniture_use_data_finetuning", "author": "0jung", "sha": "a3d3be2ccb155c1ab936583846fd16e12965ba26", "lastModified": "2023-10-25T13:10:18.000Z", "private": false, "disabled": false, "gated": false, "pipeline_tag": "object-detection", "tags": ["transformers", "pytorch", "detr", "object-detection", "generated_from_trainer", "base_model:facebook/detr-resnet-50", "license:apache-2.0", "endpoints_compatible", "region:us"], "downloads": 2, "library_name": "transformers", "likes": 0, "model-index": [{"name": "furniture_use_data_finetuning", "results": []}], "config": {"architectures": ["DetrForObjectDetection"], "model_type": "detr"}, "cardData": {"license": "apache-2.0", "base_model": "facebook/detr-resnet-50", "tags": ["generated_from_trainer"], "model-index": [{"name": "furniture_use_data_finetuning", "results": []}]}, "transformersInfo": {"auto_model": "AutoModelForObjectDetection", "pipeline_tag": "object-detection", "processor": "AutoImageProcessor"}, "siblings": [{"rfilename": ".gitattributes"}, {"rfilename": "README.md"}, {"rfilename": "config.json"}, {"rfilename": "preprocessor_config.json"}, {"rfilename": "pytorch_model.bin"}, {"rfilename": "training_args.bin"}], "spaces": [], "createdAt": "2023-10-25T02:36:50.000Z", "inferenceStatus": "not-loaded"}