{"_id": "6548796049feb5082b91d063", "id": "0jung/segmentation_clothes", "modelId": "0jung/segmentation_clothes", "author": "0jung", "sha": "d0e863232d65fdb6dbcb200f690a3346c1c366a1", "lastModified": "2023-11-07T06:34:58.000Z", "private": false, "disabled": false, "gated": false, "tags": ["license:apache-2.0", "region:us"], "downloads": 0, "likes": 0, "model-index": null, "cardData": {"title": "Segmentation", "emoji": "\ud83d\udc40", "colorFrom": "red", "colorTo": "blue", "sdk": "gradio", "sdk_version": "3.44.4", "app_file": "app.py", "pinned": false, "license": "apache-2.0"}, "siblings": [{"rfilename": ".gitattributes"}, {"rfilename": "README.md"}, {"rfilename": "app.py"}, {"rfilename": "labels.txt"}, {"rfilename": "person-1.jpg"}, {"rfilename": "person-2.jpg"}, {"rfilename": "person-3.jpg"}, {"rfilename": "person-4.jpg"}, {"rfilename": "person-5.jpg"}, {"rfilename": "requirements.txt"}], "spaces": [], "createdAt": "2023-11-06T05:28:00.000Z", "inferenceStatus": "not-loaded"}