{"_id": "64d68adc7705391d39468f5d", "id": "0mij/llama_webnlg_qa", "modelId": "0mij/llama_webnlg_qa", "author": "0mij", "sha": "2abe73f9f656813bb1bf2a53737b7447d5973867", "lastModified": "2024-02-04T17:47:12.000Z", "private": false, "disabled": false, "gated": false, "tags": ["peft", "base_model:0mij/llama-7b-webnlg-full", "region:us"], "downloads": 0, "library_name": "peft", "likes": 0, "model-index": null, "config": {"peft": {"base_model_name_or_path": "0mij/llama-7b-webnlg-full", "task_type": "CAUSAL_LM"}}, "cardData": {"library_name": "peft", "base_model": "0mij/llama-7b-webnlg-full"}, "siblings": [{"rfilename": ".gitattributes"}, {"rfilename": "README.md"}, {"rfilename": "adapter_config.json"}, {"rfilename": "adapter_model.bin"}], "spaces": [], "createdAt": "2023-08-11T19:24:12.000Z", "inferenceStatus": "not-loaded"}