{"_id": "64d5a50e887f55fb6e068506", "id": "0mij/llama-7b-webnlg-full", "modelId": "0mij/llama-7b-webnlg-full", "author": "0mij", "sha": "bc651f4fe76b055c6a1bce4ccfdf06f5356cb9f2", "lastModified": "2023-08-11T03:25:26.000Z", "private": false, "disabled": false, "gated": false, "pipeline_tag": "text-generation", "tags": ["transformers", "pytorch", "llama", "text-generation", "license:other", "autotrain_compatible", "text-generation-inference", "endpoints_compatible", "region:us"], "downloads": 4, "library_name": "transformers", "widgetData": [{"text": "My name is Julien and I like to"}, {"text": "My name is Thomas and my main"}, {"text": "My name is Mariama, my favorite"}, {"text": "My name is Clara and I am"}, {"text": "My name is Lewis and I like to"}, {"text": "My name is Merve and my favorite"}, {"text": "My name is Teven and I am"}, {"text": "Once upon a time,"}], "likes": 0, "model-index": null, "config": {"architectures": ["LlamaForCausalLM"], "model_type": "llama", "tokenizer_config": {"bos_token": "", "eos_token": "", "unk_token": ""}}, "cardData": {"license": "other"}, "transformersInfo": {"auto_model": "AutoModelForCausalLM", "pipeline_tag": "text-generation", "processor": "AutoTokenizer"}, "siblings": [{"rfilename": ".gitattributes"}, {"rfilename": "LICENCE"}, {"rfilename": "README.md"}, {"rfilename": "config.json"}, {"rfilename": "generation_config.json"}, {"rfilename": "pytorch_model-00001-of-00039.bin"}, {"rfilename": "pytorch_model-00002-of-00039.bin"}, {"rfilename": "pytorch_model-00003-of-00039.bin"}, {"rfilename": "pytorch_model-00004-of-00039.bin"}, {"rfilename": "pytorch_model-00005-of-00039.bin"}, {"rfilename": "pytorch_model-00006-of-00039.bin"}, {"rfilename": "pytorch_model-00007-of-00039.bin"}, {"rfilename": "pytorch_model-00008-of-00039.bin"}, {"rfilename": "pytorch_model-00009-of-00039.bin"}, {"rfilename": "pytorch_model-00010-of-00039.bin"}, {"rfilename": "pytorch_model-00011-of-00039.bin"}, {"rfilename": "pytorch_model-00012-of-00039.bin"}, {"rfilename": "pytorch_model-00013-of-00039.bin"}, {"rfilename": "pytorch_model-00014-of-00039.bin"}, {"rfilename": "pytorch_model-00015-of-00039.bin"}, {"rfilename": "pytorch_model-00016-of-00039.bin"}, {"rfilename": "pytorch_model-00017-of-00039.bin"}, {"rfilename": "pytorch_model-00018-of-00039.bin"}, {"rfilename": "pytorch_model-00019-of-00039.bin"}, {"rfilename": "pytorch_model-00020-of-00039.bin"}, {"rfilename": "pytorch_model-00021-of-00039.bin"}, {"rfilename": "pytorch_model-00022-of-00039.bin"}, {"rfilename": "pytorch_model-00023-of-00039.bin"}, {"rfilename": "pytorch_model-00024-of-00039.bin"}, {"rfilename": "pytorch_model-00025-of-00039.bin"}, {"rfilename": "pytorch_model-00026-of-00039.bin"}, {"rfilename": "pytorch_model-00027-of-00039.bin"}, {"rfilename": "pytorch_model-00028-of-00039.bin"}, {"rfilename": "pytorch_model-00029-of-00039.bin"}, {"rfilename": "pytorch_model-00030-of-00039.bin"}, {"rfilename": "pytorch_model-00031-of-00039.bin"}, {"rfilename": "pytorch_model-00032-of-00039.bin"}, {"rfilename": "pytorch_model-00033-of-00039.bin"}, {"rfilename": "pytorch_model-00034-of-00039.bin"}, {"rfilename": "pytorch_model-00035-of-00039.bin"}, {"rfilename": "pytorch_model-00036-of-00039.bin"}, {"rfilename": "pytorch_model-00037-of-00039.bin"}, {"rfilename": "pytorch_model-00038-of-00039.bin"}, {"rfilename": "pytorch_model-00039-of-00039.bin"}, {"rfilename": "pytorch_model.bin.index.json"}, {"rfilename": "tokenizer.model"}, {"rfilename": "tokenizer_config.json"}], "spaces": [], "createdAt": "2023-08-11T03:03:42.000Z", "inferenceStatus": "not-loaded"}