{"_id": "64cd3a37a785f2043b302de6", "id": "0mij/llama-v1-alpaca-dblp-100", "modelId": "0mij/llama-v1-alpaca-dblp-100", "author": "0mij", "sha": "b7e9e255b70d1378a47c8c5fbd5a0354178d24aa", "lastModified": "2024-02-04T17:47:03.000Z", "private": false, "disabled": false, "gated": false, "tags": ["peft", "base_model:decapoda-research/llama-7b-hf", "region:us"], "downloads": 0, "library_name": "peft", "likes": 0, "model-index": null, "config": {"peft": {"base_model_name_or_path": "decapoda-research/llama-7b-hf", "task_type": "CAUSAL_LM"}}, "cardData": {"library_name": "peft", "base_model": "decapoda-research/llama-7b-hf"}, "siblings": [{"rfilename": ".gitattributes"}, {"rfilename": "README.md"}, {"rfilename": "adapter_config.json"}, {"rfilename": "adapter_model.bin"}], "spaces": [], "createdAt": "2023-08-04T17:49:43.000Z", "inferenceStatus": "not-loaded"}