{"_id": "64bea7ce1a62149c5e97b04e", "id": "0mij/llama-v1-alpaca-2k", "modelId": "0mij/llama-v1-alpaca-2k", "author": "0mij", "sha": "b4930b0bd88cb4de6fba249e6951c912b9440a07", "lastModified": "2024-02-04T17:46:49.000Z", "private": false, "disabled": false, "gated": false, "tags": ["peft", "base_model:decapoda-research/llama-7b-hf", "region:us"], "downloads": 0, "library_name": "peft", "likes": 0, "model-index": null, "config": {"peft": {"base_model_name_or_path": "decapoda-research/llama-7b-hf", "task_type": "CAUSAL_LM"}}, "cardData": {"library_name": "peft", "base_model": "decapoda-research/llama-7b-hf"}, "siblings": [{"rfilename": ".gitattributes"}, {"rfilename": "README.md"}, {"rfilename": "adapter_config.json"}, {"rfilename": "adapter_model.bin"}], "spaces": [], "createdAt": "2023-07-24T16:33:18.000Z", "inferenceStatus": "not-loaded"}