{"_id": "64c75d7ed68946edada2f0a7", "id": "0miz/000model", "modelId": "0miz/000model", "author": "0miz", "sha": "df7768173e184596ed850c3269d17da8ddbf77ae", "lastModified": "2023-07-31T07:19:39.000Z", "private": false, "disabled": false, "gated": false, "tags": ["license:unknown", "region:us"], "downloads": 0, "likes": 1, "model-index": null, "cardData": {"license": "unknown"}, "siblings": [{"rfilename": ".gitattributes"}, {"rfilename": "000.safetensors"}, {"rfilename": "055.fp16.safetensors"}, {"rfilename": "README.md"}], "spaces": [], "createdAt": "2023-07-31T07:06:38.000Z", "inferenceStatus": "not-loaded"}