{"_id": "64a56df8e851cb1df66ea500", "id": "0order/Kis15", "modelId": "0order/Kis15", "author": "0order", "sha": "21602d75646fd772221f66fda770f87237732fed", "lastModified": "2023-07-05T13:19:52.000Z", "private": false, "disabled": false, "gated": false, "tags": ["license:other", "region:us"], "downloads": 0, "likes": 0, "model-index": null, "cardData": {"license": "other"}, "siblings": [{"rfilename": ".gitattributes"}, {"rfilename": "README.md"}], "spaces": [], "createdAt": "2023-07-05T13:19:52.000Z", "inferenceStatus": "not-loaded"}