{"_id": "6503eeb1c6ce94dc0e23bc5e", "id": "0perevodchik/0perevodchik0", "modelId": "0perevodchik/0perevodchik0", "author": "0perevodchik", "sha": "af6b22b0d660fa10214866f4ed53d531ff4d6071", "lastModified": "2023-09-15T05:42:09.000Z", "private": false, "disabled": false, "gated": false, "tags": ["license:openrail", "region:us"], "downloads": 0, "likes": 0, "model-index": null, "cardData": {"license": "openrail"}, "siblings": [{"rfilename": ".gitattributes"}, {"rfilename": "README.md"}], "spaces": [], "createdAt": "2023-09-15T05:42:09.000Z", "inferenceStatus": "not-loaded"}