{"_id": "661da19636eb62686fb8c581", "id": "0piumlab/lab", "modelId": "0piumlab/lab", "author": "0piumlab", "sha": "4377151a0c1e8bb9a2703c9c19ad33d85c5a7149", "lastModified": "2024-07-09T16:02:59.000Z", "private": false, "disabled": false, "gated": false, "tags": ["region:us"], "downloads": 0, "likes": 0, "siblings": [{"rfilename": ".gitattributes"}, {"rfilename": "1.zip"}, {"rfilename": "10.zip"}, {"rfilename": "11.zip"}, {"rfilename": "12.zip"}, {"rfilename": "2.zip"}, {"rfilename": "3.zip"}, {"rfilename": "4.zip"}, {"rfilename": "5.zip"}, {"rfilename": "6.zip"}, {"rfilename": "7.zip"}, {"rfilename": "8.zip"}, {"rfilename": "9.zip"}], "spaces": [], "createdAt": "2024-04-15T21:52:22.000Z", "inferenceStatus": "not-loaded"}