{"_id": "6549495c137b501e3146b396", "id": "0ppxnhximxr/CodeAI-small", "modelId": "0ppxnhximxr/CodeAI-small", "author": "0ppxnhximxr", "sha": "60926ea3418a7d14679214820f1cb7a471bdc874", "lastModified": "2023-11-06T20:45:38.000Z", "private": false, "disabled": false, "gated": false, "pipeline_tag": "text-generation", "tags": ["transformers", "safetensors", "gpt2", "text-generation", "autotrain_compatible", "text-generation-inference", "endpoints_compatible", "region:us"], "downloads": 2, "library_name": "transformers", "widgetData": [{"text": "My name is Julien and I like to"}, {"text": "My name is Thomas and my main"}, {"text": "My name is Mariama, my favorite"}, {"text": "My name is Clara and I am"}, {"text": "My name is Lewis and I like to"}, {"text": "My name is Merve and my favorite"}, {"text": "My name is Teven and I am"}, {"text": "Once upon a time,"}], "likes": 0, "config": {"architectures": ["GPT2LMHeadModel"], "model_type": "gpt2"}, "transformersInfo": {"auto_model": "AutoModelForCausalLM", "pipeline_tag": "text-generation", "processor": "AutoTokenizer"}, "siblings": [{"rfilename": ".gitattributes"}, {"rfilename": "config.json"}, {"rfilename": "generation_config.json"}, {"rfilename": "model.safetensors"}], "spaces": [], "createdAt": "2023-11-06T20:15:24.000Z", "safetensors": {"parameters": {"F32": 111008256}, "total": 111008256}, "inferenceStatus": "not-loaded"}