{"_id": "65c780bb57e9dc34fa692430", "id": "0qwpifs/SenyashimaV17", "modelId": "0qwpifs/SenyashimaV17", "author": "0qwpifs", "sha": "0c8dd0bc1708d1254e09823acaec0136753f4969", "lastModified": "2024-02-10T15:49:22.000Z", "private": false, "disabled": false, "gated": false, "tags": ["region:us"], "downloads": 0, "likes": 0, "siblings": [{"rfilename": ".gitattributes"}, {"rfilename": "SenyashimaV17.zip"}, {"rfilename": "SenyashimaV17_100.zip"}, {"rfilename": "SenyashimaV17_150.zip"}, {"rfilename": "SenyashimaV17_200.zip"}, {"rfilename": "SenyashimaV17_250.zip"}, {"rfilename": "SenyashimaV17_300.zip"}, {"rfilename": "SenyashimaV17_350.zip"}, {"rfilename": "SenyashimaV17_400.zip"}, {"rfilename": "SenyashimaV17_450.zip"}, {"rfilename": "SenyashimaV17_50.zip"}, {"rfilename": "SenyashimaV17_500.zip"}, {"rfilename": "SenyashimaV17_550.zip"}], "spaces": [], "createdAt": "2024-02-10T13:57:15.000Z", "inferenceStatus": "not-loaded"}