{"_id": "65c60c506af2d88212f6bc65", "id": "0qwpifs/SenyashimaV16", "modelId": "0qwpifs/SenyashimaV16", "author": "0qwpifs", "sha": "9c89549e272657a77bd13244c2726f5a16650bb8", "lastModified": "2024-02-09T14:05:59.000Z", "private": false, "disabled": false, "gated": false, "tags": ["region:us"], "downloads": 0, "likes": 0, "siblings": [{"rfilename": ".gitattributes"}, {"rfilename": "SenyashimaV16.zip"}, {"rfilename": "SenyashimaV16_200.zip"}, {"rfilename": "SenyashimaV16_250.zip"}, {"rfilename": "SenyashimaV16_300.zip"}, {"rfilename": "SenyashimaV16_350.zip"}, {"rfilename": "SenyashimaV16_400.zip"}, {"rfilename": "SenyashimaV16_450.zip"}], "spaces": [], "createdAt": "2024-02-09T11:28:16.000Z", "inferenceStatus": "not-loaded"}