{"_id": "662a6c68aa762ff6b8cb981b", "id": "0qwpifs/SenyashimaV34", "modelId": "0qwpifs/SenyashimaV34", "author": "0qwpifs", "sha": "c9342377ce09c79dde7a5699220a5288d3ea8925", "lastModified": "2024-04-25T16:56:54.000Z", "private": false, "disabled": false, "gated": false, "tags": ["region:us"], "downloads": 0, "likes": 0, "siblings": [{"rfilename": ".gitattributes"}, {"rfilename": "SenyashimaV34.zip"}, {"rfilename": "SenyashimaV34_100.zip"}, {"rfilename": "SenyashimaV34_150.zip"}, {"rfilename": "SenyashimaV34_200.zip"}, {"rfilename": "SenyashimaV34_250.zip"}, {"rfilename": "SenyashimaV34_300.zip"}, {"rfilename": "SenyashimaV34_350.zip"}, {"rfilename": "SenyashimaV34_400.zip"}, {"rfilename": "SenyashimaV34_450.zip"}], "spaces": [], "createdAt": "2024-04-25T14:44:56.000Z", "inferenceStatus": "not-loaded"}