{"_id": "6655f5bc9f42569bf1883409", "id": "0qwpifs/SenyashimaV42", "modelId": "0qwpifs/SenyashimaV42", "author": "0qwpifs", "sha": "271333e23a835ff0a9ab576205a98a89160086c9", "lastModified": "2024-05-28T17:00:59.000Z", "private": false, "disabled": false, "gated": false, "tags": ["region:us"], "downloads": 0, "likes": 0, "siblings": [{"rfilename": ".gitattributes"}, {"rfilename": "SenyashimaV42.zip"}, {"rfilename": "SenyashimaV42_200.zip"}, {"rfilename": "SenyashimaV42_250.zip"}, {"rfilename": "SenyashimaV42_300.zip"}, {"rfilename": "SenyashimaV42_350.zip"}, {"rfilename": "SenyashimaV42_400.zip"}, {"rfilename": "SenyashimaV42_50.zip"}], "spaces": [], "createdAt": "2024-05-28T15:18:20.000Z", "inferenceStatus": "not-loaded"}