{"_id": "65a3dfed90b5e87bcd71d494", "id": "0qwpifs/Marina", "modelId": "0qwpifs/Marina", "author": "0qwpifs", "sha": "e7b122acdb8d08763719f0e488fd579eaaf35f69", "lastModified": "2024-03-02T15:51:25.000Z", "private": false, "disabled": false, "gated": false, "tags": ["region:us"], "downloads": 0, "likes": 0, "siblings": [{"rfilename": ".gitattributes"}, {"rfilename": "Marina (1).zip"}, {"rfilename": "SenyashimaV21_250.zip"}], "spaces": [], "createdAt": "2024-01-14T13:21:49.000Z", "inferenceStatus": "not-loaded"}