{"_id": "65e87d817e112ef22400b251", "id": "0qwpifs/SenyashimaV24", "modelId": "0qwpifs/SenyashimaV24", "author": "0qwpifs", "sha": "feecd7ecd75d4b553d2eeff1c8768c22cc665759", "lastModified": "2024-03-06T16:47:34.000Z", "private": false, "disabled": false, "gated": false, "tags": ["region:us"], "downloads": 0, "likes": 0, "siblings": [{"rfilename": ".gitattributes"}, {"rfilename": "SenyashimaV24.zip"}, {"rfilename": "SenyashimaV24_100.zip"}, {"rfilename": "SenyashimaV24_150.zip"}, {"rfilename": "SenyashimaV24_200.zip"}, {"rfilename": "SenyashimaV24_250.zip"}, {"rfilename": "SenyashimaV24_300.zip"}, {"rfilename": "SenyashimaV24_350.zip"}, {"rfilename": "SenyashimaV24_400.zip"}, {"rfilename": "SenyashimaV24_450.zip"}, {"rfilename": "SenyashimaV24_50.zip"}], "spaces": [], "createdAt": "2024-03-06T14:28:17.000Z", "inferenceStatus": "not-loaded"}