{"_id": "6645e67bff9e027f3d20004a", "id": "0qwpifs/SenyashimaV38", "modelId": "0qwpifs/SenyashimaV38", "author": "0qwpifs", "sha": "14d253f9cc5120b3b3136b8a1db2b3180fb17eda", "lastModified": "2024-05-16T13:46:04.000Z", "private": false, "disabled": false, "gated": false, "tags": ["region:us"], "downloads": 0, "likes": 0, "siblings": [{"rfilename": ".gitattributes"}, {"rfilename": "SenyashimaV38.zip"}, {"rfilename": "SenyashimaV38_100.zip"}, {"rfilename": "SenyashimaV38_150.zip"}, {"rfilename": "SenyashimaV38_200.zip"}, {"rfilename": "SenyashimaV38_250.zip"}, {"rfilename": "SenyashimaV38_300.zip"}, {"rfilename": "SenyashimaV38_350.zip"}, {"rfilename": "SenyashimaV38_400.zip"}, {"rfilename": "SenyashimaV38_50.zip"}], "spaces": [], "createdAt": "2024-05-16T10:56:59.000Z", "inferenceStatus": "not-loaded"}