{"_id": "66522e41bdef617b23f7413c", "id": "0qwpifs/Kawaii_Senyashima", "modelId": "0qwpifs/Kawaii_Senyashima", "author": "0qwpifs", "sha": "78ff3f13ec45502d483d16b391a4ca249ba7f3cf", "lastModified": "2024-05-25T20:28:25.000Z", "private": false, "disabled": false, "gated": false, "tags": ["region:us"], "downloads": 0, "likes": 0, "siblings": [{"rfilename": ".gitattributes"}, {"rfilename": "Kawaii_Senya.zip"}, {"rfilename": "Kawaii_Senya_100.zip"}, {"rfilename": "Kawaii_Senya_150.zip"}, {"rfilename": "Kawaii_Senya_200.zip"}, {"rfilename": "Kawaii_Senya_50.zip"}], "spaces": [], "createdAt": "2024-05-25T18:30:25.000Z", "inferenceStatus": "not-loaded"}