{"_id": "65eb46eff02e9a01a93985ed", "id": "0qwpifs/SenyashimaV25", "modelId": "0qwpifs/SenyashimaV25", "author": "0qwpifs", "sha": "e89bd56ca5e331556f8df928b959c89694eb32a1", "lastModified": "2024-03-08T19:35:34.000Z", "private": false, "disabled": false, "gated": false, "tags": ["region:us"], "downloads": 0, "likes": 0, "siblings": [{"rfilename": ".gitattributes"}, {"rfilename": "SenyashimaV25.zip"}, {"rfilename": "SenyashimaV25_100.zip"}, {"rfilename": "SenyashimaV25_150.zip"}, {"rfilename": "SenyashimaV25_200.zip"}, {"rfilename": "SenyashimaV25_250.zip"}, {"rfilename": "SenyashimaV25_300.zip"}, {"rfilename": "SenyashimaV25_350.zip"}, {"rfilename": "SenyashimaV25_400.zip"}, {"rfilename": "SenyashimaV25_450.zip"}], "spaces": [], "createdAt": "2024-03-08T17:12:15.000Z", "inferenceStatus": "not-loaded"}