{"_id": "668807b28c66f0e2c7b8e6df", "id": "0qwpifs/SenyashimaV45", "modelId": "0qwpifs/SenyashimaV45", "author": "0qwpifs", "sha": "833c561f9ffb6d9c91ad0dfeaf3bf207f110e9d1", "lastModified": "2024-07-05T16:54:15.000Z", "private": false, "disabled": false, "gated": false, "tags": ["region:us"], "downloads": 0, "likes": 0, "siblings": [{"rfilename": ".gitattributes"}, {"rfilename": "SenyashimaV45.zip"}, {"rfilename": "SenyashimaV45_100.zip"}, {"rfilename": "SenyashimaV45_150.zip"}, {"rfilename": "SenyashimaV45_200.zip"}, {"rfilename": "SenyashimaV45_250.zip"}, {"rfilename": "SenyashimaV45_300.zip"}, {"rfilename": "SenyashimaV45_350.zip"}, {"rfilename": "SenyashimaV45_400.zip"}, {"rfilename": "SenyashimaV45_450.zip"}, {"rfilename": "SenyashimaV45_50.zip"}], "spaces": [], "createdAt": "2024-07-05T14:48:18.000Z", "inferenceStatus": "not-loaded"}