{"_id": "6606cf86bc2c192bde7db3ed", "id": "0qwpifs/SenyashimaV28", "modelId": "0qwpifs/SenyashimaV28", "author": "0qwpifs", "sha": "7bb78be3dfa4e2b4da52100eaa243d259498ca53", "lastModified": "2024-03-29T16:26:44.000Z", "private": false, "disabled": false, "gated": false, "tags": ["region:us"], "downloads": 0, "likes": 0, "siblings": [{"rfilename": ".gitattributes"}, {"rfilename": "SenyashimaV28.zip"}, {"rfilename": "SenyashimaV28_100.zip"}, {"rfilename": "SenyashimaV28_150.zip"}, {"rfilename": "SenyashimaV28_200.zip"}, {"rfilename": "SenyashimaV28_250.zip"}, {"rfilename": "SenyashimaV28_300.zip"}, {"rfilename": "SenyashimaV28_350.zip"}, {"rfilename": "SenyashimaV28_400.zip"}, {"rfilename": "SenyashimaV28_50.zip"}], "spaces": [], "createdAt": "2024-03-29T14:26:14.000Z", "inferenceStatus": "not-loaded"}