{"_id": "660d863fc3e008c26cea666c", "id": "0qwpifs/meniii0", "modelId": "0qwpifs/meniii0", "author": "0qwpifs", "sha": "9159e0eb0db475eedb24608f3a773c9a86db1c00", "lastModified": "2024-04-03T17:20:43.000Z", "private": false, "disabled": false, "gated": false, "tags": ["region:us"], "downloads": 0, "likes": 0, "siblings": [{"rfilename": ".gitattributes"}, {"rfilename": "meniii0_100.zip"}, {"rfilename": "meniii0_150.zip"}, {"rfilename": "meniii0_200.zip"}, {"rfilename": "meniii0_250.zip"}, {"rfilename": "meniii0_50.zip"}], "spaces": [], "createdAt": "2024-04-03T16:39:27.000Z", "inferenceStatus": "not-loaded"}