{"_id": "65c49437992fd48561eafd96", "id": "0qwpifs/Senyashima_Lora", "modelId": "0qwpifs/Senyashima_Lora", "author": "0qwpifs", "sha": "1b7affb72894930ccd110bd10fe4fd414f83894d", "lastModified": "2024-02-08T08:44:10.000Z", "private": false, "disabled": false, "gated": false, "tags": ["region:us"], "downloads": 0, "likes": 0, "siblings": [{"rfilename": ".gitattributes"}, {"rfilename": "Senyashima.safetensors"}], "spaces": [], "createdAt": "2024-02-08T08:43:35.000Z", "inferenceStatus": "not-loaded"}