{"_id": "65d1fb9bad23a67404278570", "id": "0qwpifs/SenyashimaV18", "modelId": "0qwpifs/SenyashimaV18", "author": "0qwpifs", "sha": "de1b2b8f36e11388250e89f7512662eb38f1a01d", "lastModified": "2024-02-18T15:06:01.000Z", "private": false, "disabled": false, "gated": false, "tags": ["region:us"], "downloads": 0, "likes": 0, "siblings": [{"rfilename": ".gitattributes"}, {"rfilename": "SenyashiamV18_50/SenyashimaV18_e50_s1550.pth"}, {"rfilename": "SenyashiamV18_50/added_IVF853_Flat_nprobe_1_SenyashimaV18_v2.index"}, {"rfilename": "SenyashimaV18.zip"}, {"rfilename": "SenyashimaV18_100.zip"}, {"rfilename": "SenyashimaV18_150.zip"}, {"rfilename": "SenyashimaV18_200.zip"}, {"rfilename": "SenyashimaV18_250.zip"}, {"rfilename": "SenyashimaV18_300.zip"}, {"rfilename": "SenyashimaV18_350.zip"}, {"rfilename": "SenyashimaV18_400.zip"}, {"rfilename": "SenyashimaV18_450.zip"}, {"rfilename": "SenyashimaV18_50.zip"}], "spaces": [], "createdAt": "2024-02-18T12:44:11.000Z", "inferenceStatus": "not-loaded"}