{"_id": "6650b3bdda1c9a23c61dea38", "id": "0qwpifs/SenyashimaV41", "modelId": "0qwpifs/SenyashimaV41", "author": "0qwpifs", "sha": "d6487b4eda18e8b78f8ffe54a3ef3c01aa6eb809", "lastModified": "2024-05-24T18:12:35.000Z", "private": false, "disabled": false, "gated": false, "tags": ["region:us"], "downloads": 0, "likes": 0, "siblings": [{"rfilename": ".gitattributes"}, {"rfilename": "SenyashimaV41.zip"}, {"rfilename": "SenyashimaV41_100.zip"}, {"rfilename": "SenyashimaV41_150.zip"}, {"rfilename": "SenyashimaV41_200.zip"}, {"rfilename": "SenyashimaV41_250.zip"}, {"rfilename": "SenyashimaV41_300.zip"}, {"rfilename": "SenyashimaV41_50.zip"}], "spaces": [], "createdAt": "2024-05-24T15:35:25.000Z", "inferenceStatus": "not-loaded"}