{"_id": "6638ac5d50606fa9e798ee7d", "id": "0qwpifs/SenyashimaV37", "modelId": "0qwpifs/SenyashimaV37", "author": "0qwpifs", "sha": "9cf5287be2ae6e67d8168a5e5f454385dd4a9db0", "lastModified": "2024-05-06T12:14:41.000Z", "private": false, "disabled": false, "gated": false, "tags": ["region:us"], "downloads": 0, "likes": 0, "siblings": [{"rfilename": ".gitattributes"}, {"rfilename": "SenyashimaV37.zip"}, {"rfilename": "SenyashimaV37_100.zip"}, {"rfilename": "SenyashimaV37_150.zip"}, {"rfilename": "SenyashimaV37_200.zip"}, {"rfilename": "SenyashimaV37_250.zip"}, {"rfilename": "SenyashimaV37_300.zip"}, {"rfilename": "SenyashimaV37_350.zip"}, {"rfilename": "SenyashimaV37_50.zip"}], "spaces": [], "createdAt": "2024-05-06T10:09:33.000Z", "inferenceStatus": "not-loaded"}