{"_id": "667d3c9c5cc97ca3cf7e8a10", "id": "0qwpifs/SenyashimaV44", "modelId": "0qwpifs/SenyashimaV44", "author": "0qwpifs", "sha": "85e4aed1457515e50a969e32051e87013043fdce", "lastModified": "2024-06-27T13:05:20.000Z", "private": false, "disabled": false, "gated": false, "tags": ["region:us"], "downloads": 0, "likes": 0, "siblings": [{"rfilename": ".gitattributes"}, {"rfilename": "SenyashimaV44.zip"}, {"rfilename": "SenyashimaV44_100.zip"}, {"rfilename": "SenyashimaV44_150.zip"}, {"rfilename": "SenyashimaV44_250.zip"}, {"rfilename": "SenyashimaV44_350.zip"}, {"rfilename": "SenyashimaV44_50.zip"}], "spaces": [], "createdAt": "2024-06-27T10:19:08.000Z", "inferenceStatus": "not-loaded"}