{"_id": "65fe9ff80198906bb34facad", "id": "0qwpifs/KoboKanaeru", "modelId": "0qwpifs/KoboKanaeru", "author": "0qwpifs", "sha": "5313e3fb8609161e59fa71785d08d2b6dda7a93c", "lastModified": "2024-03-23T10:35:15.000Z", "private": false, "disabled": false, "gated": false, "tags": ["region:us"], "downloads": 0, "likes": 0, "siblings": [{"rfilename": ".gitattributes"}, {"rfilename": "KoboKanaeru_100.zip"}, {"rfilename": "KoboKanaeru_150.zip"}, {"rfilename": "KoboKanaeru_50.zip"}], "spaces": [], "createdAt": "2024-03-23T09:25:12.000Z", "inferenceStatus": "not-loaded"}