{"_id": "664e23528e43ee411f69a44c", "id": "0qwpifs/SenyashimaV39", "modelId": "0qwpifs/SenyashimaV39", "author": "0qwpifs", "sha": "4bb2d898444791ba02398492d6d81bf13f4cb8fc", "lastModified": "2024-05-22T19:02:05.000Z", "private": false, "disabled": false, "gated": false, "tags": ["region:us"], "downloads": 0, "likes": 0, "siblings": [{"rfilename": ".gitattributes"}, {"rfilename": "SenyashimaV39.zip"}, {"rfilename": "SenyashimaV39_100.zip"}, {"rfilename": "SenyashimaV39_150.zip"}, {"rfilename": "SenyashimaV39_300.zip"}, {"rfilename": "SenyashimaV39_350.zip"}, {"rfilename": "SenyashimaV39_400.zip"}, {"rfilename": "SenyashimaV39_450.zip"}, {"rfilename": "SenyashimaV39_50.zip"}], "spaces": [], "createdAt": "2024-05-22T16:54:42.000Z", "inferenceStatus": "not-loaded"}