{"_id": "661e8b69eb01a9e60a717a70", "id": "0qwpifs/SenyashimaV33", "modelId": "0qwpifs/SenyashimaV33", "author": "0qwpifs", "sha": "3c3b3f8df70fc31be47c40581fc0a0299a18408c", "lastModified": "2024-04-16T16:23:26.000Z", "private": false, "disabled": false, "gated": false, "tags": ["region:us"], "downloads": 0, "likes": 0, "siblings": [{"rfilename": ".gitattributes"}, {"rfilename": "SenyashimaV33.zip"}, {"rfilename": "SenyashimaV33_100.zip"}, {"rfilename": "SenyashimaV33_150.zip"}, {"rfilename": "SenyashimaV33_200.zip"}, {"rfilename": "SenyashimaV33_250.zip"}, {"rfilename": "SenyashimaV33_400.zip"}, {"rfilename": "SenyashimaV33_50.zip"}], "spaces": [], "createdAt": "2024-04-16T14:30:01.000Z", "inferenceStatus": "not-loaded"}