{"_id": "65d5bb26c79c53aff73e6c4e", "id": "0qwpifs/SenyashimaV19", "modelId": "0qwpifs/SenyashimaV19", "author": "0qwpifs", "sha": "1ade1c909600c491eff3a62ed8c1655e098e1f8d", "lastModified": "2024-02-21T15:02:53.000Z", "private": false, "disabled": false, "gated": false, "tags": ["region:us"], "downloads": 0, "likes": 0, "siblings": [{"rfilename": ".gitattributes"}, {"rfilename": "SenyashimaV19_100.zip"}, {"rfilename": "SenyashimaV19_150.zip"}, {"rfilename": "SenyashimaV19_200.zip"}, {"rfilename": "SenyashimaV19_250.zip"}, {"rfilename": "SenyashimaV19_50.zip"}], "spaces": [], "createdAt": "2024-02-21T08:58:14.000Z", "inferenceStatus": "not-loaded"}