{"_id": "65f9a20132e542c7b7785572", "id": "0qwpifs/SenyashimaV26", "modelId": "0qwpifs/SenyashimaV26", "author": "0qwpifs", "sha": "f5702dda1c9384579ffd2e967bbaabc27a4459dc", "lastModified": "2024-03-19T15:44:16.000Z", "private": false, "disabled": false, "gated": false, "tags": ["region:us"], "downloads": 0, "likes": 0, "siblings": [{"rfilename": ".gitattributes"}, {"rfilename": "SenyashimaV26.zip"}, {"rfilename": "SenyashimaV26_150.zip"}, {"rfilename": "SenyashimaV26_250.zip"}, {"rfilename": "SenyashimaV26_300.zip"}, {"rfilename": "SenyashimaV26_350.zip"}, {"rfilename": "SenyashimaV26_400.zip"}, {"rfilename": "SenyashimaV26_450.zip"}, {"rfilename": "SenyashimaV26_50.zip"}], "spaces": [], "createdAt": "2024-03-19T14:32:33.000Z", "inferenceStatus": "not-loaded"}