{"_id": "6662ea707cc70dc511a512b6", "id": "0qwpifs/SenyashimaV43", "modelId": "0qwpifs/SenyashimaV43", "author": "0qwpifs", "sha": "02d9295e0c3976ee1432cd6b081c109e26b6c2c3", "lastModified": "2024-06-07T14:47:57.000Z", "private": false, "disabled": false, "gated": false, "tags": ["region:us"], "downloads": 0, "likes": 0, "siblings": [{"rfilename": ".gitattributes"}, {"rfilename": "SenyashimaV43.zip"}, {"rfilename": "SenyashimaV43_100.zip"}, {"rfilename": "SenyashimaV43_150.zip"}, {"rfilename": "SenyashimaV43_200.zip"}, {"rfilename": "SenyashimaV43_250.zip"}, {"rfilename": "SenyashimaV43_300.zip"}, {"rfilename": "SenyashimaV43_350.zip"}, {"rfilename": "SenyashimaV43_400.zip"}, {"rfilename": "SenyashimaV43_450.zip"}, {"rfilename": "SenyashimaV43_50.zip"}], "spaces": [], "createdAt": "2024-06-07T11:09:36.000Z", "inferenceStatus": "not-loaded"}