{"_id": "63e77b01b3546d8da00a9488", "id": "0RisingStar0/LiveArcaMix", "modelId": "0RisingStar0/LiveArcaMix", "author": "0RisingStar0", "sha": "4be4e53b8f43b35864f1f3665f50261f9788629f", "lastModified": "2023-02-11T12:39:05.000Z", "private": false, "disabled": false, "gated": false, "pipeline_tag": "text-to-image", "tags": ["diffusers", "stable-diffusion", "text-to-image", "license:creativeml-openrail-m", "region:us"], "downloads": 29, "library_name": "diffusers", "likes": 33, "model-index": null, "cardData": {"license": "creativeml-openrail-m", "tags": ["stable-diffusion", "text-to-image", "diffusers"]}, "siblings": [{"rfilename": ".gitattributes"}, {"rfilename": "00122-1387049655-(masterpiece, best quality, excellent quality), ((1girl, solo, cowboy shot)), street, apartment, building, pavement, trees, flow.png"}, {"rfilename": "00123-3601874250-(masterpiece, best quality, excellent quality), ((1girl, solo, cowboy shot)), street, apartment, building, pavement, trees, flow.png"}, {"rfilename": "00124-847553400-(masterpiece, best quality, excellent quality), ((1girl, solo, cowboy shot)), park, fountain, apartment, building, pavement, tre.png"}, {"rfilename": "00125-249343456-(masterpiece, best quality, excellent quality), ((1girl, solo, cowboy shot)), park, fountain, apartment, building, pavement, tre.png"}, {"rfilename": "00126-1919050682-(masterpiece, best quality, excellent quality), ((1girl, solo, cowboy shot)), park, fountain, apartment, building, pavement, tre.png"}, {"rfilename": "00128-3652958527-(masterpiece, best quality, excellent quality), ((1girl, solo, cowboy shot)), city, (skyscrapers), sky, wide street, pavement, t.png"}, {"rfilename": "00135-2463548988-(masterpiece, best quality, excellent quality), ((1girl, solo, cowboy shot)), city, (skyscrapers), sky, wide street, pavement, t.png"}, {"rfilename": "LiveArcaMix-fp16-no-ema.ckpt"}, {"rfilename": "LiveArcaMix-fp16-no-ema.safetensors"}, {"rfilename": "README.md"}], "spaces": ["mindtube/Diffusion50XX"], "createdAt": "2023-02-11T11:24:49.000Z", "inferenceStatus": "not-loaded"}