{"_id": "63e28e2d8104dccdae3a3af1", "id": "0RisingStar0/HighRiseMixV1", "modelId": "0RisingStar0/HighRiseMixV1", "author": "0RisingStar0", "sha": "d8f4a06af2367181e76397c4bbb02bd7885f52dd", "lastModified": "2023-02-14T10:42:49.000Z", "private": false, "disabled": false, "gated": false, "pipeline_tag": "text-to-image", "tags": ["diffusers", "stable-diffusion", "stable-diffusion-diffusers", "text-to-image", "license:creativeml-openrail-m", "region:us"], "downloads": 16, "library_name": "diffusers", "likes": 18, "model-index": null, "cardData": {"license": "creativeml-openrail-m", "tags": ["stable-diffusion", "stable-diffusion-diffusers", "text-to-image", "diffusers"]}, "siblings": [{"rfilename": ".gitattributes"}, {"rfilename": "00124-1857301398-(masterpiece, best quality, excellent quality, extremely detailed), city, (skyscrapers), winter, snowing, cloudy, overcast, tree.png"}, {"rfilename": "00126-994131708-(masterpiece, best quality, excellent quality, extremely detailed), city, (skyscrapers), ((1girl, solo)), (focus whole body), sa.png"}, {"rfilename": "00136-3537035004-(masterpiece, best quality, excellent quality, extremely detailed), ((post apocalypse)), collapsed city, (collapsed skyscrapers).png"}, {"rfilename": "00384-1982374978-((masterpiece, best quality)), highres, extremely detailed, sky, cloud, skyscrapers, city, pavement, trees, ((1girl, aged down,.png"}, {"rfilename": "00401-2269441947-(masterpiece, excellent quality, high quality, highres _ 1.5), (1girl, solo), solo focus, sky, city, skyscrapers, pavement, tree.png"}, {"rfilename": "13.png"}, {"rfilename": "4.png"}, {"rfilename": "9.png"}, {"rfilename": "HighRiseMixV1_Pruned_FP16.safetensors"}, {"rfilename": "README.md"}], "spaces": ["mindtube/Diffusion50XX"], "createdAt": "2023-02-07T17:45:17.000Z", "inferenceStatus": "not-loaded"}