{"_id": "63f050b362d5290222274e83", "id": "0RisingStar0/FantaStel", "modelId": "0RisingStar0/FantaStel", "author": "0RisingStar0", "sha": "db2a9f18d7e2738c5ffa3414b08444db41a7addb", "lastModified": "2023-02-18T06:02:25.000Z", "private": false, "disabled": false, "gated": false, "pipeline_tag": "text-to-image", "tags": ["diffusers", "stable-diffusion", "stable-diffusion-diffusers", "text-to-image", "license:creativeml-openrail-m", "region:us"], "downloads": 27, "library_name": "diffusers", "likes": 10, "model-index": null, "cardData": {"license": "creativeml-openrail-m", "tags": ["stable-diffusion", "stable-diffusion-diffusers", "text-to-image", "diffusers"]}, "siblings": [{"rfilename": ".gitattributes"}, {"rfilename": "1.png"}, {"rfilename": "FantaStel_Pruned_FP16.safetensors"}, {"rfilename": "README.md"}, {"rfilename": "\ubc30\uacbd3.png"}], "spaces": ["mindtube/Diffusion50XX"], "createdAt": "2023-02-18T04:14:43.000Z", "inferenceStatus": "not-loaded"}