{"_id": "650f17475877b1c077113e46", "id": "0Smoker0/LanzinhoVoice", "modelId": "0Smoker0/LanzinhoVoice", "author": "0Smoker0", "sha": "65fd2968c6e3e74cd2ac210a1282ae356e7f64c2", "lastModified": "2024-03-13T20:16:56.000Z", "private": false, "disabled": false, "gated": false, "tags": ["license:openrail", "region:us"], "downloads": 0, "likes": 0, "model-index": null, "cardData": {"license": "openrail"}, "siblings": [{"rfilename": ".gitattributes"}, {"rfilename": "Dantewill.zip"}, {"rfilename": "Lanzinho.zip"}, {"rfilename": "Meiling Canto.zip"}, {"rfilename": "ModeloGojo.zip"}, {"rfilename": "Nanamii.zip"}, {"rfilename": "README.md"}, {"rfilename": "Raviel Karim"}, {"rfilename": "Shyvakin.zip"}, {"rfilename": "Toshiruz.zip"}, {"rfilename": "WhatsApp Audio 2024-03-12 at 17.32.41 (Vocals).mp3"}, {"rfilename": "WhatsApp Audio 2024-03-12 at 17.32.41.mpeg"}, {"rfilename": "Ynasshi.zip"}, {"rfilename": "eeiris.zip"}], "spaces": [], "createdAt": "2023-09-23T16:50:15.000Z", "inferenceStatus": "not-loaded"}