{"_id": "667d225202ffd4993e4d4076", "id": "0starrysky0/textual_inversion_playground", "modelId": "0starrysky0/textual_inversion_playground", "author": "0starrysky0", "sha": "0f0f05355d9858b5e5dabd7e3825fe892ba23308", "lastModified": "2024-06-27T09:49:46.000Z", "private": false, "disabled": false, "gated": false, "pipeline_tag": "text-to-image", "tags": ["diffusers", "tensorboard", "safetensors", "stable-diffusion", "stable-diffusion-diffusers", "text-to-image", "textual_inversion", "base_model:runwayml/stable-diffusion-v1-5", "license:creativeml-openrail-m", "autotrain_compatible", "endpoints_compatible", "diffusers:StableDiffusionPipeline", "region:us"], "downloads": 41, "library_name": "diffusers", "likes": 0, "model-index": null, "config": {"diffusers": {"_class_name": "StableDiffusionPipeline"}}, "cardData": {"license": "creativeml-openrail-m", "base_model": "runwayml/stable-diffusion-v1-5", "tags": ["stable-diffusion", "stable-diffusion-diffusers", "text-to-image", "diffusers", "textual_inversion"], "inference": true}, "siblings": [{"rfilename": ".gitattributes"}, {"rfilename": "README.md"}, {"rfilename": "checkpoint-1000/model.safetensors"}, {"rfilename": "checkpoint-1000/optimizer.bin"}, {"rfilename": "checkpoint-1000/random_states_0.pkl"}, {"rfilename": "checkpoint-1000/scheduler.bin"}, {"rfilename": "checkpoint-1500/model.safetensors"}, {"rfilename": "checkpoint-1500/optimizer.bin"}, {"rfilename": "checkpoint-1500/random_states_0.pkl"}, {"rfilename": "checkpoint-1500/scheduler.bin"}, {"rfilename": "checkpoint-2000/model.safetensors"}, {"rfilename": "checkpoint-2000/optimizer.bin"}, {"rfilename": "checkpoint-2000/random_states_0.pkl"}, {"rfilename": "checkpoint-2000/scheduler.bin"}, {"rfilename": "checkpoint-2500/model.safetensors"}, {"rfilename": "checkpoint-2500/optimizer.bin"}, {"rfilename": "checkpoint-2500/random_states_0.pkl"}, {"rfilename": "checkpoint-2500/scheduler.bin"}, {"rfilename": "checkpoint-3000/model.safetensors"}, {"rfilename": "checkpoint-3000/optimizer.bin"}, {"rfilename": "checkpoint-3000/random_states_0.pkl"}, {"rfilename": "checkpoint-3000/scheduler.bin"}, {"rfilename": "checkpoint-500/model.safetensors"}, {"rfilename": "checkpoint-500/optimizer.bin"}, {"rfilename": "checkpoint-500/random_states_0.pkl"}, {"rfilename": "checkpoint-500/scheduler.bin"}, {"rfilename": "feature_extractor/preprocessor_config.json"}, {"rfilename": "learned_embeds-steps-1000.safetensors"}, {"rfilename": "learned_embeds-steps-1500.safetensors"}, {"rfilename": "learned_embeds-steps-2000.safetensors"}, {"rfilename": "learned_embeds-steps-2500.safetensors"}, {"rfilename": "learned_embeds-steps-3000.safetensors"}, {"rfilename": "learned_embeds-steps-500.safetensors"}, {"rfilename": "learned_embeds.safetensors"}, {"rfilename": "logs/textual_inversion/1719477199.902937/events.out.tfevents.1719477199.SYS-740GP-TNRT.4141735.1"}, {"rfilename": "logs/textual_inversion/1719477199.905867/hparams.yml"}, {"rfilename": "logs/textual_inversion/1719477280.984578/events.out.tfevents.1719477280.SYS-740GP-TNRT.4141929.1"}, {"rfilename": "logs/textual_inversion/1719477280.987913/hparams.yml"}, {"rfilename": "logs/textual_inversion/1719477597.1935432/events.out.tfevents.1719477597.SYS-740GP-TNRT.4142248.1"}, {"rfilename": "logs/textual_inversion/1719477597.1962643/hparams.yml"}, {"rfilename": "logs/textual_inversion/events.out.tfevents.1719477199.SYS-740GP-TNRT.4141735.0"}, {"rfilename": "logs/textual_inversion/events.out.tfevents.1719477280.SYS-740GP-TNRT.4141929.0"}, {"rfilename": "logs/textual_inversion/events.out.tfevents.1719477597.SYS-740GP-TNRT.4142248.0"}, {"rfilename": "model_index.json"}, {"rfilename": "safety_checker/config.json"}, {"rfilename": "safety_checker/model.safetensors"}, {"rfilename": "scheduler/scheduler_config.json"}, {"rfilename": "text_encoder/config.json"}, {"rfilename": "text_encoder/model.safetensors"}, {"rfilename": "tokenizer/added_tokens.json"}, {"rfilename": "tokenizer/merges.txt"}, {"rfilename": "tokenizer/special_tokens_map.json"}, {"rfilename": "tokenizer/tokenizer_config.json"}, {"rfilename": "tokenizer/vocab.json"}, {"rfilename": "unet/config.json"}, {"rfilename": "unet/diffusion_pytorch_model.safetensors"}, {"rfilename": "vae/config.json"}, {"rfilename": "vae/diffusion_pytorch_model.safetensors"}], "spaces": [], "createdAt": "2024-06-27T08:26:58.000Z", "inferenceStatus": "not-loaded"}