{"_id": "667d62a239b49eba1139be31", "id": "0starrysky0/textual_inversion_playground1", "modelId": "0starrysky0/textual_inversion_playground1", "author": "0starrysky0", "sha": "e354be820950ea507d2d4b9c64f14a9f658e444a", "lastModified": "2024-06-27T13:01:22.000Z", "private": false, "disabled": false, "gated": false, "tags": ["region:us"], "downloads": 0, "likes": 0, "siblings": [{"rfilename": ".gitattributes"}], "spaces": [], "createdAt": "2024-06-27T13:01:22.000Z", "inferenceStatus": "not-loaded"}