{"_id": "64ac601d58bd9e9cc2b84cff", "id": "0sunfire0/Train_Huggy_00", "modelId": "0sunfire0/Train_Huggy_00", "author": "0sunfire0", "sha": "5f1b1afa9b2e13ef3bb9e4b018e5c16abc587ee4", "lastModified": "2023-07-11T14:52:48.000Z", "private": false, "disabled": false, "gated": false, "pipeline_tag": "reinforcement-learning", "tags": ["ml-agents", "tensorboard", "onnx", "Huggy", "deep-reinforcement-learning", "reinforcement-learning", "ML-Agents-Huggy", "region:us"], "downloads": 35, "library_name": "ml-agents", "likes": 0, "model-index": null, "config": {}, "cardData": {"library_name": "ml-agents", "tags": ["Huggy", "deep-reinforcement-learning", "reinforcement-learning", "ML-Agents-Huggy"]}, "siblings": [{"rfilename": ".gitattributes"}, {"rfilename": "Huggy.onnx"}, {"rfilename": "Huggy/Huggy-1199936.onnx"}, {"rfilename": "Huggy/Huggy-1199936.pt"}, {"rfilename": "Huggy/Huggy-1399996.onnx"}, {"rfilename": "Huggy/Huggy-1399996.pt"}, {"rfilename": "Huggy/Huggy-1599942.onnx"}, {"rfilename": "Huggy/Huggy-1599942.pt"}, {"rfilename": "Huggy/Huggy-1799951.onnx"}, {"rfilename": "Huggy/Huggy-1799951.pt"}, {"rfilename": "Huggy/Huggy-199793.onnx"}, {"rfilename": "Huggy/Huggy-199793.pt"}, {"rfilename": "Huggy/Huggy-1999996.onnx"}, {"rfilename": "Huggy/Huggy-1999996.pt"}, {"rfilename": "Huggy/Huggy-2000086.onnx"}, {"rfilename": "Huggy/Huggy-2000086.pt"}, {"rfilename": "Huggy/Huggy-399877.onnx"}, {"rfilename": "Huggy/Huggy-399877.pt"}, {"rfilename": "Huggy/Huggy-599884.onnx"}, {"rfilename": "Huggy/Huggy-599884.pt"}, {"rfilename": "Huggy/Huggy-799997.onnx"}, {"rfilename": "Huggy/Huggy-799997.pt"}, {"rfilename": "Huggy/Huggy-999934.onnx"}, {"rfilename": "Huggy/Huggy-999934.pt"}, {"rfilename": "Huggy/checkpoint.pt"}, {"rfilename": "Huggy/events.out.tfevents.1689084615.c14c758f3a59.4218.0"}, {"rfilename": "README.md"}, {"rfilename": "config.json"}, {"rfilename": "configuration.yaml"}, {"rfilename": "run_logs/Player-0.log"}, {"rfilename": "run_logs/timers.json"}, {"rfilename": "run_logs/training_status.json"}], "spaces": [], "createdAt": "2023-07-10T19:46:37.000Z", "inferenceStatus": "not-loaded"}