{"_id": "63f33f130bdc4e0839f1e5fd", "id": "0Tick/e621TagAutocomplete", "modelId": "0Tick/e621TagAutocomplete", "author": "0Tick", "sha": "111edf46b729a59cd91dcdfe7e710e0250c619f6", "lastModified": "2023-09-11T17:12:38.000Z", "private": false, "disabled": false, "gated": false, "pipeline_tag": "text-generation", "tags": ["transformers", "pytorch", "tensorboard", "safetensors", "gpt2", "text-generation", "generated_from_trainer", "en", "dataset:0Tick/E621-Random-PostsTag-Scrape", "base_model:distilgpt2", "license:mit", "co2_eq_emissions", "autotrain_compatible", "text-generation-inference", "endpoints_compatible", "region:us"], "downloads": 47, "library_name": "transformers", "widgetData": [{"text": "My name is Julien and I like to"}, {"text": "My name is Thomas and my main"}, {"text": "My name is Mariama, my favorite"}, {"text": "My name is Clara and I am"}, {"text": "My name is Lewis and I like to"}, {"text": "My name is Merve and my favorite"}, {"text": "My name is Teven and I am"}, {"text": "Once upon a time,"}], "likes": 2, "model-index": [{"name": "e621TagAutocomplete", "results": []}], "config": {"architectures": ["GPT2LMHeadModel"], "model_type": "gpt2", "tokenizer_config": {"bos_token": "<|endoftext|>", "eos_token": "<|endoftext|>", "unk_token": "<|endoftext|>"}}, "cardData": {"language": ["en"], "license": "mit", "library_name": "transformers", "tags": ["generated_from_trainer"], "datasets": ["0Tick/E621-Random-PostsTag-Scrape"], "metrics": ["accuracy"], "co2_eq_emissions": 100, "pipeline_tag": "text-generation", "base_model": "distilgpt2", "model-index": [{"name": "e621TagAutocomplete", "results": []}]}, "transformersInfo": {"auto_model": "AutoModelForCausalLM", "pipeline_tag": "text-generation", "processor": "AutoTokenizer"}, "siblings": [{"rfilename": ".gitattributes"}, {"rfilename": "README.md"}, {"rfilename": "config.json"}, {"rfilename": "merges.txt"}, {"rfilename": "model.safetensors"}, {"rfilename": "pytorch_model.bin"}, {"rfilename": "runs/Feb18_15-25-07_04e2dfc531c9/1676733992.585442/events.out.tfevents.1676733992.04e2dfc531c9.1040.1"}, {"rfilename": "runs/Feb18_15-25-07_04e2dfc531c9/events.out.tfevents.1676733992.04e2dfc531c9.1040.0"}, {"rfilename": "runs/Feb18_16-12-40_b06502746723/1676736844.0013967/events.out.tfevents.1676736844.b06502746723.1429.1"}, {"rfilename": "runs/Feb18_16-12-40_b06502746723/events.out.tfevents.1676736843.b06502746723.1429.0"}, {"rfilename": "runs/Feb18_16-12-40_b06502746723/events.out.tfevents.1676746224.b06502746723.1429.2"}, {"rfilename": "runs/Jun07_18-24-50_86e9400747d2/events.out.tfevents.1686162358.86e9400747d2.1933.0"}, {"rfilename": "runs/Jun07_18-24-50_86e9400747d2/events.out.tfevents.1686172708.86e9400747d2.1933.1"}, {"rfilename": "tokenizer.json"}, {"rfilename": "tokenizer_config.json"}, {"rfilename": "vocab.json"}], "spaces": ["0Tick/Tag-Autocomplete"], "createdAt": "2023-02-20T09:36:19.000Z", "safetensors": {"parameters": {"F32": 81912576}, "total": 81912576}, "inferenceStatus": "not-loaded"}