{"_id": "65f89f94a50b6b42f8944ec4", "id": "0uz2z/distilbert-base-uncased-finetuned-ner", "modelId": "0uz2z/distilbert-base-uncased-finetuned-ner", "author": "0uz2z", "sha": "d05984d3f09107a9b68c799b3cdc68a7633a9643", "lastModified": "2024-03-18T20:23:09.000Z", "private": false, "disabled": false, "gated": false, "pipeline_tag": "token-classification", "tags": ["transformers", "tensorboard", "safetensors", "distilbert", "token-classification", "generated_from_trainer", "base_model:distilbert/distilbert-base-uncased", "license:apache-2.0", "autotrain_compatible", "endpoints_compatible", "region:us"], "downloads": 1, "library_name": "transformers", "mask_token": "[MASK]", "widgetData": [{"text": "My name is Wolfgang and I live in Berlin"}, {"text": "My name is Sarah and I live in London"}, {"text": "My name is Clara and I live in Berkeley, California."}], "likes": 0, "model-index": [{"name": "distilbert-base-uncased-finetuned-ner", "results": []}], "config": {"architectures": ["DistilBertForTokenClassification"], "model_type": "distilbert", "tokenizer_config": {"cls_token": "[CLS]", "mask_token": "[MASK]", "pad_token": "[PAD]", "sep_token": "[SEP]", "unk_token": "[UNK]"}}, "cardData": {"license": "apache-2.0", "base_model": "distilbert/distilbert-base-uncased", "tags": ["generated_from_trainer"], "metrics": ["precision", "recall", "f1", "accuracy"], "model-index": [{"name": "distilbert-base-uncased-finetuned-ner", "results": []}]}, "transformersInfo": {"auto_model": "AutoModelForTokenClassification", "pipeline_tag": "token-classification", "processor": "AutoTokenizer"}, "siblings": [{"rfilename": ".gitattributes"}, {"rfilename": "README.md"}, {"rfilename": "config.json"}, {"rfilename": "model.safetensors"}, {"rfilename": "runs/Mar18_20-09-54_3469c9062b70/events.out.tfevents.1710792597.3469c9062b70.411.0"}, {"rfilename": "runs/Mar18_20-09-54_3469c9062b70/events.out.tfevents.1710792758.3469c9062b70.411.1"}, {"rfilename": "special_tokens_map.json"}, {"rfilename": "tokenizer.json"}, {"rfilename": "tokenizer_config.json"}, {"rfilename": "training_args.bin"}, {"rfilename": "vocab.txt"}], "spaces": [], "createdAt": "2024-03-18T20:09:56.000Z", "safetensors": {"parameters": {"F32": 66375953}, "total": 66375953}, "inferenceStatus": "not-loaded"}