{"_id": "65f8a53947ba4562726e0092", "id": "0uz2z/xlm-roberta-large-finetuned-ner", "modelId": "0uz2z/xlm-roberta-large-finetuned-ner", "author": "0uz2z", "sha": "63a388bc0183bafb82f566633dd4eaa48a710fbc", "lastModified": "2024-03-18T21:20:25.000Z", "private": false, "disabled": false, "gated": false, "pipeline_tag": "token-classification", "tags": ["transformers", "tensorboard", "safetensors", "xlm-roberta", "token-classification", "generated_from_trainer", "base_model:FacebookAI/xlm-roberta-large", "license:mit", "autotrain_compatible", "endpoints_compatible", "region:us"], "downloads": 1, "library_name": "transformers", "mask_token": "<mask>", "widgetData": [{"text": "My name is Wolfgang and I live in Berlin"}, {"text": "My name is Sarah and I live in London"}, {"text": "My name is Clara and I live in Berkeley, California."}], "likes": 0, "model-index": [{"name": "xlm-roberta-large-finetuned-ner", "results": []}], "config": {"architectures": ["XLMRobertaForTokenClassification"], "model_type": "xlm-roberta", "tokenizer_config": {"bos_token": "<s>", "cls_token": "<s>", "eos_token": "</s>", "mask_token": "<mask>", "pad_token": "<pad>", "sep_token": "</s>", "unk_token": "<unk>"}}, "cardData": {"license": "mit", "base_model": "FacebookAI/xlm-roberta-large", "tags": ["generated_from_trainer"], "metrics": ["precision", "recall", "f1", "accuracy"], "model-index": [{"name": "xlm-roberta-large-finetuned-ner", "results": []}]}, "transformersInfo": {"auto_model": "AutoModelForTokenClassification", "pipeline_tag": "token-classification", "processor": "AutoTokenizer"}, "siblings": [{"rfilename": ".gitattributes"}, {"rfilename": "README.md"}, {"rfilename": "config.json"}, {"rfilename": "model.safetensors"}, {"rfilename": "runs/Mar18_20-33-58_3469c9062b70/events.out.tfevents.1710794042.3469c9062b70.411.2"}, {"rfilename": "runs/Mar18_20-33-58_3469c9062b70/events.out.tfevents.1710795303.3469c9062b70.411.3"}, {"rfilename": "runs/Mar18_21-04-32_3469c9062b70/events.out.tfevents.1710795873.3469c9062b70.16269.0"}, {"rfilename": "runs/Mar18_21-05-14_3469c9062b70/events.out.tfevents.1710795916.3469c9062b70.16269.1"}, {"rfilename": "runs/Mar18_21-06-51_3469c9062b70/events.out.tfevents.1710796014.3469c9062b70.16917.0"}, {"rfilename": "sentencepiece.bpe.model"}, {"rfilename": "special_tokens_map.json"}, {"rfilename": "tokenizer.json"}, {"rfilename": "tokenizer_config.json"}, {"rfilename": "training_args.bin"}], "spaces": [], "createdAt": "2024-03-18T20:34:01.000Z", "safetensors": {"parameters": {"F32": 558858257}, "total": 558858257}, "inferenceStatus": "not-loaded"}