{"_id": "65f8b34899e48e1d042da1fb", "id": "0uz2z/xlm-roberta-large-ner-mit-restaurant", "modelId": "0uz2z/xlm-roberta-large-ner-mit-restaurant", "author": "0uz2z", "sha": "25affd2626abc591ae868ed082edf893381bb7fd", "lastModified": "2024-03-19T20:52:58.000Z", "private": false, "disabled": false, "gated": false, "pipeline_tag": "token-classification", "tags": ["transformers", "tensorboard", "safetensors", "xlm-roberta", "token-classification", "generated_from_trainer", "base_model:FacebookAI/xlm-roberta-large", "license:mit", "autotrain_compatible", "endpoints_compatible", "region:us"], "downloads": 2, "library_name": "transformers", "mask_token": "<mask>", "widgetData": [{"text": "My name is Wolfgang and I live in Berlin"}, {"text": "My name is Sarah and I live in London"}, {"text": "My name is Clara and I live in Berkeley, California."}], "likes": 0, "model-index": [{"name": "xlm-roberta-large-ner-mit-restaurant", "results": []}], "config": {"architectures": ["XLMRobertaForTokenClassification"], "model_type": "xlm-roberta", "tokenizer_config": {"bos_token": "<s>", "cls_token": "<s>", "eos_token": "</s>", "mask_token": "<mask>", "pad_token": "<pad>", "sep_token": "</s>", "unk_token": "<unk>"}}, "cardData": {"license": "mit", "base_model": "FacebookAI/xlm-roberta-large", "tags": ["generated_from_trainer"], "metrics": ["precision", "recall", "f1", "accuracy"], "model-index": [{"name": "xlm-roberta-large-ner-mit-restaurant", "results": []}]}, "transformersInfo": {"auto_model": "AutoModelForTokenClassification", "pipeline_tag": "token-classification", "processor": "AutoTokenizer"}, "siblings": [{"rfilename": ".gitattributes"}, {"rfilename": "README.md"}, {"rfilename": "config.json"}, {"rfilename": "model.safetensors"}, {"rfilename": "runs/Mar18_21-33-55_3469c9062b70/events.out.tfevents.1710797641.3469c9062b70.23039.0"}, {"rfilename": "runs/Mar18_22-17-51_3469c9062b70/events.out.tfevents.1710800284.3469c9062b70.34372.0"}, {"rfilename": "runs/Mar19_20-32-39_0af581565a47/events.out.tfevents.1710880363.0af581565a47.1003.0"}, {"rfilename": "runs/Mar19_20-32-39_0af581565a47/events.out.tfevents.1710881541.0af581565a47.1003.1"}, {"rfilename": "sentencepiece.bpe.model"}, {"rfilename": "special_tokens_map.json"}, {"rfilename": "tokenizer.json"}, {"rfilename": "tokenizer_config.json"}, {"rfilename": "training_args.bin"}], "spaces": [], "createdAt": "2024-03-18T21:34:00.000Z", "safetensors": {"parameters": {"F32": 558858257}, "total": 558858257}, "inferenceStatus": "not-loaded"}