{"_id": "65bc6a3a54ab5eb7b6374f69", "id": "0v01111/octopus-base", "modelId": "0v01111/octopus-base", "author": "0v01111", "sha": "2666fd1a95f3055bd8b7ad44f3c08860b8de19fb", "lastModified": "2024-02-02T04:06:18.000Z", "private": false, "disabled": false, "gated": false, "tags": ["license:apache-2.0", "region:us"], "downloads": 0, "likes": 0, "model-index": null, "cardData": {"license": "apache-2.0"}, "siblings": [{"rfilename": ".gitattributes"}, {"rfilename": "README.md"}], "spaces": [], "createdAt": "2024-02-02T04:06:18.000Z", "inferenceStatus": "not-loaded"}