{"_id": "65bf1ba38e4cc6d4866d25ee", "id": "0v01111/octopus_full_tuned", "modelId": "0v01111/octopus_full_tuned", "author": "0v01111", "sha": "65e58e64a8db90bb6ace7fd5619a2bd2f155f82c", "lastModified": "2024-02-04T05:07:48.000Z", "private": false, "disabled": false, "gated": false, "tags": ["license:apache-2.0", "region:us"], "downloads": 0, "likes": 0, "model-index": null, "cardData": {"license": "apache-2.0"}, "siblings": [{"rfilename": ".gitattributes"}, {"rfilename": "README.md"}], "spaces": [], "createdAt": "2024-02-04T05:07:47.000Z", "inferenceStatus": "not-loaded"}