{"_id": "62f54ede62d21b23a954c3c2", "id": "0x-YuAN/CL_1", "modelId": "0x-YuAN/CL_1", "author": "0x-YuAN", "sha": "7f5e7299c7eb7cf58788eedc1c37ce83ae3f2a7d", "lastModified": "2022-08-11T19:56:16.000Z", "private": false, "disabled": false, "gated": false, "pipeline_tag": "text-classification", "tags": ["transformers", "pytorch", "bert", "text-classification", "autotrain", "zh", "dataset:yuan1729/autotrain-data-YuAN-lawthone-CL_facts_backTrans", "co2_eq_emissions", "autotrain_compatible", "endpoints_compatible", "region:us"], "downloads": 5, "library_name": "transformers", "mask_token": "[MASK]", "widgetData": [{"text": "I love AutoTrain \ud83e\udd17"}], "likes": 0, "model-index": null, "config": {"architectures": ["BertForSequenceClassification"], "model_type": "bert", "tokenizer_config": {"cls_token": "[CLS]", "mask_token": "[MASK]", "pad_token": "[PAD]", "sep_token": "[SEP]", "unk_token": "[UNK]"}}, "cardData": {"tags": ["autotrain", "text-classification"], "language": ["zh"], "widget": [{"text": "I love AutoTrain \ud83e\udd17"}], "datasets": ["yuan1729/autotrain-data-YuAN-lawthone-CL_facts_backTrans"], "co2_eq_emissions": {"emissions": 151.97297148175758}}, "transformersInfo": {"auto_model": "AutoModelForSequenceClassification", "pipeline_tag": "text-classification", "processor": "AutoTokenizer"}, "siblings": [{"rfilename": ".gitattributes"}, {"rfilename": "README.md"}, {"rfilename": "config.json"}, {"rfilename": "pytorch_model.bin"}, {"rfilename": "special_tokens_map.json"}, {"rfilename": "tokenizer.json"}, {"rfilename": "tokenizer_config.json"}, {"rfilename": "vocab.txt"}], "spaces": [], "createdAt": "2022-08-11T18:47:58.000Z", "inferenceStatus": "not-loaded"}