{"_id": "6455c3d38fe1bfacb9997805", "id": "0x-YuAN/autotrain-a_-55839129832", "modelId": "0x-YuAN/autotrain-a_-55839129832", "author": "0x-YuAN", "sha": "8197676ab02bed01df86bf8c7a75cfe79f5b6cb7", "lastModified": "2023-05-06T03:14:08.000Z", "private": false, "disabled": false, "gated": false, "pipeline_tag": "tabular-classification", "tags": ["transformers", "joblib", "xgboost", "autotrain", "tabular", "classification", "tabular-classification", "dataset:yuan1729/autotrain-data-a_", "co2_eq_emissions", "endpoints_compatible", "region:us"], "downloads": 1, "library_name": "transformers", "likes": 0, "model-index": null, "config": {"model_type": "xgboost"}, "cardData": {"tags": ["autotrain", "tabular", "classification", "tabular-classification"], "datasets": ["yuan1729/autotrain-data-a_"], "co2_eq_emissions": {"emissions": 3.4958451355282567}}, "transformersInfo": {"auto_model": "AutoModel"}, "siblings": [{"rfilename": ".gitattributes"}, {"rfilename": "README.md"}, {"rfilename": "config.json"}, {"rfilename": "model.joblib"}], "spaces": [], "createdAt": "2023-05-06T03:04:51.000Z", "inferenceStatus": "not-loaded"}