{"_id": "62f8d05fc727e26ef71b91be", "id": "0x-YuAN/Non_CL", "modelId": "0x-YuAN/Non_CL", "author": "0x-YuAN", "sha": "d5df9ad2962e5cae2302038ffe7ad6cfc891ddec", "lastModified": "2022-08-15T02:44:03.000Z", "private": false, "disabled": false, "gated": false, "pipeline_tag": "text-classification", "tags": ["transformers", "pytorch", "bert", "text-classification", "autotrain", "zh", "dataset:yuan1729/autotrain-data-laws_1", "co2_eq_emissions", "autotrain_compatible", "endpoints_compatible", "region:us"], "downloads": 4, "library_name": "transformers", "mask_token": "[MASK]", "widgetData": [{"text": "I love AutoTrain \ud83e\udd17"}], "likes": 0, "model-index": null, "config": {"architectures": ["BertForSequenceClassification"], "model_type": "bert", "tokenizer_config": {"cls_token": "[CLS]", "mask_token": "[MASK]", "pad_token": "[PAD]", "sep_token": "[SEP]", "unk_token": "[UNK]"}}, "cardData": {"tags": ["autotrain", "text-classification"], "language": ["zh"], "widget": [{"text": "I love AutoTrain \ud83e\udd17"}], "datasets": ["yuan1729/autotrain-data-laws_1"], "co2_eq_emissions": {"emissions": 8.667918502534315}}, "transformersInfo": {"auto_model": "AutoModelForSequenceClassification", "pipeline_tag": "text-classification", "processor": "AutoTokenizer"}, "siblings": [{"rfilename": ".gitattributes"}, {"rfilename": "README.md"}, {"rfilename": "config.json"}, {"rfilename": "pytorch_model.bin"}, {"rfilename": "special_tokens_map.json"}, {"rfilename": "tokenizer.json"}, {"rfilename": "tokenizer_config.json"}, {"rfilename": "vocab.txt"}], "spaces": [], "createdAt": "2022-08-14T10:37:19.000Z", "inferenceStatus": "not-loaded"}