{"_id": "62f7d336c5cf61a0142ef779", "id": "0x-YuAN/CL_or_not", "modelId": "0x-YuAN/CL_or_not", "author": "0x-YuAN", "sha": "344accf783c57296c5cc858c0cd5c8af674737d8", "lastModified": "2022-08-13T18:15:04.000Z", "private": false, "disabled": false, "gated": false, "pipeline_tag": "text-classification", "tags": ["transformers", "pytorch", "electra", "text-classification", "autotrain", "zh", "dataset:yuan1729/autotrain-data-Law-0_", "co2_eq_emissions", "autotrain_compatible", "endpoints_compatible", "region:us"], "downloads": 4, "library_name": "transformers", "mask_token": "[MASK]", "widgetData": [{"text": "I love AutoTrain \ud83e\udd17"}], "likes": 0, "model-index": null, "config": {"architectures": ["ElectraForSequenceClassification"], "model_type": "electra", "tokenizer_config": {"cls_token": "[CLS]", "mask_token": "[MASK]", "pad_token": "[PAD]", "sep_token": "[SEP]", "unk_token": "[UNK]"}}, "cardData": {"tags": ["autotrain", "text-classification"], "language": ["zh"], "widget": [{"text": "I love AutoTrain \ud83e\udd17"}], "datasets": ["yuan1729/autotrain-data-Law-0_"], "co2_eq_emissions": {"emissions": 0.8697328559727794}}, "transformersInfo": {"auto_model": "AutoModelForSequenceClassification", "pipeline_tag": "text-classification", "processor": "AutoTokenizer"}, "siblings": [{"rfilename": ".gitattributes"}, {"rfilename": "README.md"}, {"rfilename": "config.json"}, {"rfilename": "pytorch_model.bin"}, {"rfilename": "special_tokens_map.json"}, {"rfilename": "tokenizer.json"}, {"rfilename": "tokenizer_config.json"}, {"rfilename": "vocab.txt"}], "spaces": [], "createdAt": "2022-08-13T16:37:10.000Z", "inferenceStatus": "not-loaded"}