{"_id": "64cb8d2ee984d09bed9f9154", "id": "0x-YuAN/LawBERT_hf", "modelId": "0x-YuAN/LawBERT_hf", "author": "0x-YuAN", "sha": "c58345bd3d814459799c5bc8c4d21912b0eca215", "lastModified": "2023-08-03T16:06:12.000Z", "private": false, "disabled": false, "gated": false, "pipeline_tag": "fill-mask", "tags": ["transformers", "pytorch", "bert", "fill-mask", "autotrain_compatible", "endpoints_compatible", "region:us"], "downloads": 2, "library_name": "transformers", "mask_token": "[MASK]", "widgetData": [{"text": "Paris is the [MASK] of France."}, {"text": "The goal of life is [MASK]."}], "likes": 0, "config": {"architectures": ["BertForMaskedLM"], "model_type": "bert"}, "transformersInfo": {"auto_model": "AutoModelForMaskedLM", "pipeline_tag": "fill-mask", "processor": "AutoTokenizer"}, "siblings": [{"rfilename": ".gitattributes"}, {"rfilename": ".gitignore"}, {"rfilename": "config.json"}, {"rfilename": "pytorch_model.bin"}, {"rfilename": "training_args.bin"}], "spaces": [], "createdAt": "2023-08-03T11:19:10.000Z", "inferenceStatus": "not-loaded"}