{"_id": "65c77f9101f4b305dab41024", "id": "0x0dad0/pretrain_vv01", "modelId": "0x0dad0/pretrain_vv01", "author": "0x0dad0", "sha": "decd95565f1e58249055295fd74491f9e4ead9b8", "lastModified": "2024-02-10T13:52:35.000Z", "private": false, "disabled": false, "gated": false, "pipeline_tag": "text-generation", "tags": ["transformers", "safetensors", "llama", "text-generation", "autotrain_compatible", "text-generation-inference", "endpoints_compatible", "region:us"], "downloads": 2, "library_name": "transformers", "widgetData": [{"text": "My name is Julien and I like to"}, {"text": "My name is Thomas and my main"}, {"text": "My name is Mariama, my favorite"}, {"text": "My name is Clara and I am"}, {"text": "My name is Lewis and I like to"}, {"text": "My name is Merve and my favorite"}, {"text": "My name is Teven and I am"}, {"text": "Once upon a time,"}], "likes": 0, "config": {"architectures": ["LlamaForCausalLM"], "model_type": "llama"}, "transformersInfo": {"auto_model": "AutoModelForCausalLM", "pipeline_tag": "text-generation", "processor": "AutoTokenizer"}, "siblings": [{"rfilename": ".gitattributes"}, {"rfilename": "config.json"}, {"rfilename": "generation_config.json"}, {"rfilename": "model.safetensors"}], "spaces": [], "createdAt": "2024-02-10T13:52:17.000Z", "safetensors": {"parameters": {"F32": 183382272}, "total": 183382272}, "inferenceStatus": "not-loaded"}