{"_id": "65c463b880497543ca55d2e1", "id": "0x0dad0/pretrain_v2_1", "modelId": "0x0dad0/pretrain_v2_1", "author": "0x0dad0", "sha": "b4d7d70793798260de76b196c0335b250aeaa190", "lastModified": "2024-02-08T05:17:00.000Z", "private": false, "disabled": false, "gated": false, "pipeline_tag": "text-generation", "tags": ["transformers", "safetensors", "llama", "text-generation", "autotrain_compatible", "text-generation-inference", "endpoints_compatible", "region:us"], "downloads": 1, "library_name": "transformers", "widgetData": [{"text": "My name is Julien and I like to"}, {"text": "My name is Thomas and my main"}, {"text": "My name is Mariama, my favorite"}, {"text": "My name is Clara and I am"}, {"text": "My name is Lewis and I like to"}, {"text": "My name is Merve and my favorite"}, {"text": "My name is Teven and I am"}, {"text": "Once upon a time,"}], "likes": 0, "config": {"architectures": ["LlamaForCausalLM"], "model_type": "llama"}, "transformersInfo": {"auto_model": "AutoModelForCausalLM", "pipeline_tag": "text-generation", "processor": "AutoTokenizer"}, "siblings": [{"rfilename": ".gitattributes"}, {"rfilename": "config.json"}, {"rfilename": "generation_config.json"}, {"rfilename": "model.safetensors"}], "spaces": [], "createdAt": "2024-02-08T05:16:40.000Z", "safetensors": {"parameters": {"F32": 183382272}, "total": 183382272}, "inferenceStatus": "not-loaded"}