{"_id": "6343ff3f91049e1bce85ab52", "id": "Z-CJ/1", "modelId": "Z-CJ/1", "author": "Z-CJ", "sha": "36eee7143ef6643638dbfb8ad65abcee7b9a33bb", "lastModified": "2022-10-10T11:17:19.000Z", "private": false, "disabled": false, "gated": false, "tags": ["license:other", "region:us"], "downloads": 0, "likes": 0, "model-index": null, "cardData": {"license": "other"}, "siblings": [{"rfilename": ".gitattributes"}, {"rfilename": "README.md"}], "spaces": [], "createdAt": "2022-10-10T11:17:19.000Z", "inferenceStatus": "not-loaded"}