{"_id": "6474cbd3d56974d0c05f4c7e", "id": "z-dickson/CAP_multilingual", "modelId": "z-dickson/CAP_multilingual", "author": "z-dickson", "sha": "52316caca0da3dd32c3936b79a9e30c8960790a5", "lastModified": "2023-12-04T13:42:14.000Z", "private": false, "disabled": false, "gated": false, "pipeline_tag": "text-classification", "tags": ["transformers", "pytorch", "bert", "text-classification", "license:afl-3.0", "autotrain_compatible", "endpoints_compatible", "region:us"], "downloads": 1, "library_name": "transformers", "mask_token": "[MASK]", "widgetData": [{"text": "To ask the Secretary of State for Energy and Climate Change what estimate he has made of the proportion of carbon dioxide emissions arising in the UK attributable to burning.", "example_title": "English (UK House of Commons Question)"}, {"text": "To ask the Scottish Government what action it is taking to ensure that women who are prescribed sodium valproate are (a) adequately counselled regarding the risks of taking the drug while pregnant and (b) supported to plan their pregnancies in order to minimise the risk of foetal abnormalities.", "example_title": "English (Scottish Parliamentary Question)"}], "likes": 0, "model-index": null, "config": {"architectures": ["BertForSequenceClassification"], "model_type": "bert", "tokenizer_config": {"cls_token": "[CLS]", "mask_token": "[MASK]", "pad_token": "[PAD]", "sep_token": "[SEP]", "unk_token": "[UNK]"}}, "cardData": {"license": "afl-3.0", "widget": [{"text": "To ask the Secretary of State for Energy and Climate Change what estimate he has made of the proportion of carbon dioxide emissions arising in the UK attributable to burning.", "example_title": "English (UK House of Commons Question)"}, {"text": "To ask the Scottish Government what action it is taking to ensure that women who are prescribed sodium valproate are (a) adequately counselled regarding the risks of taking the drug while pregnant and (b) supported to plan their pregnancies in order to minimise the risk of foetal abnormalities.", "example_title": "English (Scottish Parliamentary Question)"}]}, "transformersInfo": {"auto_model": "AutoModelForSequenceClassification", "pipeline_tag": "text-classification", "processor": "AutoTokenizer"}, "siblings": [{"rfilename": ".gitattributes"}, {"rfilename": "README.md"}, {"rfilename": "config.json"}, {"rfilename": "pytorch_model.bin"}, {"rfilename": "special_tokens_map.json"}, {"rfilename": "tokenizer.json"}, {"rfilename": "tokenizer_config.json"}, {"rfilename": "vocab.txt"}], "spaces": [], "createdAt": "2023-05-29T15:59:15.000Z", "inferenceStatus": "not-loaded"}