{"_id": "62a20f516a262b1ac2ea8c3d", "id": "z-dickson/CAP_coded_UK_statutory_instruments", "modelId": "z-dickson/CAP_coded_UK_statutory_instruments", "author": "z-dickson", "sha": "737099a7ace600b4aaa2e9ca033e73c9f24a32c7", "lastModified": "2022-06-15T13:33:20.000Z", "private": false, "disabled": false, "gated": false, "pipeline_tag": "text-classification", "tags": ["transformers", "pytorch", "tf", "bert", "text-classification", "generated_from_keras_callback", "autotrain_compatible", "endpoints_compatible", "region:us"], "downloads": 25, "library_name": "transformers", "mask_token": "[MASK]", "widgetData": [{"text": "The National Health Service (Charges for Drugs and Appliances) (Scotland) Regulations 2007", "example_title": "example 1"}, {"text": "The Inshore Fishing (Prohibited Methods of Fishing) (Luce Bay) Order 2015", "example_title": "example 2"}], "likes": 0, "model-index": [{"name": "CAP_coded_UK_statutory_instruments", "results": []}], "config": {"architectures": ["BertForSequenceClassification"], "model_type": "bert", "tokenizer_config": {"unk_token": "[UNK]", "sep_token": "[SEP]", "pad_token": "[PAD]", "cls_token": "[CLS]", "mask_token": "[MASK]"}}, "cardData": {"tags": ["generated_from_keras_callback"], "model-index": [{"name": "CAP_coded_UK_statutory_instruments", "results": []}], "widget": [{"text": "The National Health Service (Charges for Drugs and Appliances) (Scotland) Regulations 2007", "example_title": "example 1"}, {"text": "The Inshore Fishing (Prohibited Methods of Fishing) (Luce Bay) Order 2015", "example_title": "example 2"}]}, "transformersInfo": {"auto_model": "AutoModelForSequenceClassification", "pipeline_tag": "text-classification", "processor": "AutoTokenizer"}, "siblings": [{"rfilename": ".gitattributes"}, {"rfilename": "README.md"}, {"rfilename": "config.json"}, {"rfilename": "pytorch_model.bin"}, {"rfilename": "special_tokens_map.json"}, {"rfilename": "tf_model.h5"}, {"rfilename": "tokenizer.json"}, {"rfilename": "tokenizer_config.json"}, {"rfilename": "vocab.txt"}], "spaces": [], "createdAt": "2022-06-09T15:18:41.000Z", "inferenceStatus": "not-loaded"}