{"_id": "647e1ed4f14eafc3b45883c7", "id": "z-dickson/bart-large-cnn-climate-change-summarization", "modelId": "z-dickson/bart-large-cnn-climate-change-summarization", "author": "z-dickson", "sha": "37495ecb89ea7d7bf32d8d8687656547e644fd69", "lastModified": "2023-10-16T09:01:52.000Z", "private": false, "disabled": false, "gated": false, "pipeline_tag": "summarization", "tags": ["transformers", "pytorch", "tensorboard", "safetensors", "bart", "text2text-generation", "politics", "summarization", "climate change", "political party", "en", "es", "da", "de", "it", "fr", "nl", "pl", "license:afl-3.0", "autotrain_compatible", "endpoints_compatible", "region:us"], "downloads": 42, "library_name": "transformers", "mask_token": "<mask>", "widgetData": [{"text": "In the light of the current spate of organised vandalism perpetrated in the names of Eco This or Stop Something Else, haven\u2019t we seen this kind of near mass-hysterical action before? With certain obvious exceptions, most of the activists appear to be in the teens to early twenties bracket, and of a comfortable so-called middle-class group. In any event, they have been persuaded that this business of \u2018climate change\u2019 which has steadily become some sort of cult, is about to destroy all life as we know it. In reality, the world\u2019s climate has been changing since the \u2018Big Bang\u2019 and will continue so to do until the whole thing eventually fizzles out. They have not yet cottoned on to the fact that by far the biggest threat to human existence is that of overpopulation. What is more disturbing, however, is the ease with which they have been recruited into behaving as they do \u2013 with no regard to everybody else\u2019s opinions and wishes. Whether by disrupting a Snooker Tournament, the Grand National, obstructing motorways or whatever else, it is clear that there is a core group of these \u2018eco\u2019 fanatics who can be directed to any place or event that somebody decides should be attacked, whenever and wherever they choose. For this to happen, there has to be a hierarchy at large, as opposed to and directing the cannon fodder who actually make the mischief. As we have seen on various other occasions, it is those \u2018useful idiots\u2019 who do the dirty work while the organisers stay safely away and laugh at those gullible enough to take it all in, regardless of the veracity of their cause\u2019 or the consequences of their mindless actions. This is not new by any means. The Nazis in pre-war Germany used similar tactics involving some sort of brainwashing and intimidation, which resulted in the emergence of Hitler Youth and we all know what a misguided bunch they eventually turned out to be. Of more concern these days is the potential for the organisers of these events to bring together at short notice a substantial gang of activists who can be easily manipulated into carrying out acts of serious civil disobedience against any stratum of society they decide needs their form of correction or treatment. This is a form of grooming  however you look at it. Of course, there will be a percentage who will duck out of any really serious civil disorder, but that would still leave a substantial number of organised troublemakers who will relish the thought of seizing some sort of power to affect political thought or action. This is generally accompanied by those seeking to maximise damage to public and private property. It is regrettable that the Courts have so far failed to acknowledge this current spate of ochlocracy. Meanwhile, we all have to put up with that troublesome element intent on testing the boundaries of a decent democratic society.", "example_title": "English (Political party: UKIP)"}, {"text": "Die Bek\u00e4mpfung illegaler Migration ist eine gemeinsame Priorit\u00e4t von \u00d6sterreich und Indien, gerade vor dem Hintergrund der dramatisch gestiegenen Ankunftszahlen illegaler Migrantinnen und Migranten aus Indien im vergangenen Jahr. Ausdruck dessen findet sich im Abkommen \u00fcber eine umfassende Migrations- und Mobilit\u00e4tspartnerschaft, die Au\u00dfenminister Alexander Schallenberg und sein indischer Amtskollege, Subrahmanyam Jaishankar, am Rande des EU-Indopazifik-Ministerforums in Stockholm unterzeichnet haben. Damit wurde erstmals eine vertragliche Grundlage f\u00fcr R\u00fcckf\u00fchrungen nach Indien geschaffen, die zusammen mit der erfolgten Abschaffung der visafreien Einreise aus Indien nach Serbien, f\u00fcr die sich Kanzler und Innenminister erfolgreich eingesetzt haben, zu einem noch deutlicheren R\u00fcckgang der illegalen Migration aus Indien f\u00fchren wird. Aber es geht dabei nicht nur um die Bek\u00e4mpfung von illegaler Migration, sondern auch viel mehr um die St\u00e4rkung legaler Migrationsm\u00f6glichkeiten, insbesondere f\u00fcr die Fachkr\u00e4fte, die \u00d6sterreich dringend ben\u00f6tigt. Hierbei soll zuk\u00fcnftig zuerst Kontakt zwischen Firmen und den potentiellen Arbeitskr\u00e4ften hergestellt werden, wobei die Zusammenarbeit zwischen staatlichen Agenturen indischen Staatsangeh\u00f6rigen erleichtern soll, einen geeigneten Arbeitgeber in \u00d6sterreich zu finden. Ein verbesserter Austausch von Studierenden und eine z\u00fcgige Visavergabe, vor allem f\u00fcr Journalistinnen und Journalisten sowie in der Wissenschaft ist ebenfalls vorgesehen. F\u00fcr junge Menschen wird dar\u00fcber hinaus die Chance geschaffen, durch ein Working Holiday Programm im Zielland kurze, befristete Arbeitsverh\u00e4ltnisse einzugehen oder Bildungseinrichtungen ohne Besch\u00e4ftigungsbewilligung zu nutzen. Au\u00dfenminister Alexander Schallenberg: \u201eDas Abkommen ist ein Meilenstein in unseren Beziehungen mit dem bev\u00f6lkerungsreichsten Land der Welt. Es schafft M\u00f6glichkeiten, indische Arbeitskr\u00e4fte beispielsweise im Rahmen der Rot-Wei\u00df-Rot Karte nach \u00d6sterreich zu bringen. Hochqualifizierte Inderinnen und Inder k\u00f6nnen nun dort L\u00fccken schlie\u00dfen, wo es in \u00d6sterreich an Arbeitskr\u00e4ften fehlt.\u201c", "example_title": "German (Political party: Austrian People's party)"}], "likes": 2, "model-index": null, "config": {"architectures": ["BartForConditionalGeneration"], "model_type": "bart", "tokenizer_config": {"bos_token": "<s>", "cls_token": "<s>", "eos_token": "</s>", "mask_token": "<mask>", "pad_token": "<pad>", "sep_token": "</s>", "unk_token": "<unk>"}}, "cardData": {"tags": ["politics", "summarization", "climate change", "political party"], "license": "afl-3.0", "language": ["en", "es", "da", "de", "it", "fr", "nl", "pl"], "metrics": ["rouge"], "widget": [{"text": "In the light of the current spate of organised vandalism perpetrated in the names of Eco This or Stop Something Else, haven\u2019t we seen this kind of near mass-hysterical action before? With certain obvious exceptions, most of the activists appear to be in the teens to early twenties bracket, and of a comfortable so-called middle-class group. In any event, they have been persuaded that this business of \u2018climate change\u2019 which has steadily become some sort of cult, is about to destroy all life as we know it. In reality, the world\u2019s climate has been changing since the \u2018Big Bang\u2019 and will continue so to do until the whole thing eventually fizzles out. They have not yet cottoned on to the fact that by far the biggest threat to human existence is that of overpopulation. What is more disturbing, however, is the ease with which they have been recruited into behaving as they do \u2013 with no regard to everybody else\u2019s opinions and wishes. Whether by disrupting a Snooker Tournament, the Grand National, obstructing motorways or whatever else, it is clear that there is a core group of these \u2018eco\u2019 fanatics who can be directed to any place or event that somebody decides should be attacked, whenever and wherever they choose. For this to happen, there has to be a hierarchy at large, as opposed to and directing the cannon fodder who actually make the mischief. As we have seen on various other occasions, it is those \u2018useful idiots\u2019 who do the dirty work while the organisers stay safely away and laugh at those gullible enough to take it all in, regardless of the veracity of their cause\u2019 or the consequences of their mindless actions. This is not new by any means. The Nazis in pre-war Germany used similar tactics involving some sort of brainwashing and intimidation, which resulted in the emergence of Hitler Youth and we all know what a misguided bunch they eventually turned out to be. Of more concern these days is the potential for the organisers of these events to bring together at short notice a substantial gang of activists who can be easily manipulated into carrying out acts of serious civil disobedience against any stratum of society they decide needs their form of correction or treatment. This is a form of grooming  however you look at it. Of course, there will be a percentage who will duck out of any really serious civil disorder, but that would still leave a substantial number of organised troublemakers who will relish the thought of seizing some sort of power to affect political thought or action. This is generally accompanied by those seeking to maximise damage to public and private property. It is regrettable that the Courts have so far failed to acknowledge this current spate of ochlocracy. Meanwhile, we all have to put up with that troublesome element intent on testing the boundaries of a decent democratic society.", "example_title": "English (Political party: UKIP)"}, {"text": "Die Bek\u00e4mpfung illegaler Migration ist eine gemeinsame Priorit\u00e4t von \u00d6sterreich und Indien, gerade vor dem Hintergrund der dramatisch gestiegenen Ankunftszahlen illegaler Migrantinnen und Migranten aus Indien im vergangenen Jahr. Ausdruck dessen findet sich im Abkommen \u00fcber eine umfassende Migrations- und Mobilit\u00e4tspartnerschaft, die Au\u00dfenminister Alexander Schallenberg und sein indischer Amtskollege, Subrahmanyam Jaishankar, am Rande des EU-Indopazifik-Ministerforums in Stockholm unterzeichnet haben. Damit wurde erstmals eine vertragliche Grundlage f\u00fcr R\u00fcckf\u00fchrungen nach Indien geschaffen, die zusammen mit der erfolgten Abschaffung der visafreien Einreise aus Indien nach Serbien, f\u00fcr die sich Kanzler und Innenminister erfolgreich eingesetzt haben, zu einem noch deutlicheren R\u00fcckgang der illegalen Migration aus Indien f\u00fchren wird. Aber es geht dabei nicht nur um die Bek\u00e4mpfung von illegaler Migration, sondern auch viel mehr um die St\u00e4rkung legaler Migrationsm\u00f6glichkeiten, insbesondere f\u00fcr die Fachkr\u00e4fte, die \u00d6sterreich dringend ben\u00f6tigt. Hierbei soll zuk\u00fcnftig zuerst Kontakt zwischen Firmen und den potentiellen Arbeitskr\u00e4ften hergestellt werden, wobei die Zusammenarbeit zwischen staatlichen Agenturen indischen Staatsangeh\u00f6rigen erleichtern soll, einen geeigneten Arbeitgeber in \u00d6sterreich zu finden. Ein verbesserter Austausch von Studierenden und eine z\u00fcgige Visavergabe, vor allem f\u00fcr Journalistinnen und Journalisten sowie in der Wissenschaft ist ebenfalls vorgesehen. F\u00fcr junge Menschen wird dar\u00fcber hinaus die Chance geschaffen, durch ein Working Holiday Programm im Zielland kurze, befristete Arbeitsverh\u00e4ltnisse einzugehen oder Bildungseinrichtungen ohne Besch\u00e4ftigungsbewilligung zu nutzen. Au\u00dfenminister Alexander Schallenberg: \u201eDas Abkommen ist ein Meilenstein in unseren Beziehungen mit dem bev\u00f6lkerungsreichsten Land der Welt. Es schafft M\u00f6glichkeiten, indische Arbeitskr\u00e4fte beispielsweise im Rahmen der Rot-Wei\u00df-Rot Karte nach \u00d6sterreich zu bringen. Hochqualifizierte Inderinnen und Inder k\u00f6nnen nun dort L\u00fccken schlie\u00dfen, wo es in \u00d6sterreich an Arbeitskr\u00e4ften fehlt.\u201c", "example_title": "German (Political party: Austrian People's party)"}]}, "transformersInfo": {"auto_model": "AutoModelForSeq2SeqLM", "pipeline_tag": "text2text-generation", "processor": "AutoTokenizer"}, "siblings": [{"rfilename": ".gitattributes"}, {"rfilename": ".gitignore"}, {"rfilename": "README.md"}, {"rfilename": "config.json"}, {"rfilename": "merges.txt"}, {"rfilename": "model.safetensors"}, {"rfilename": "pytorch_model.bin"}, {"rfilename": "runs/Jun05_19-40-13_b0f0148bb09c/events.out.tfevents.1685994023.b0f0148bb09c.28.0"}, {"rfilename": "runs/Jun05_20-41-35_4010dd3cafee/events.out.tfevents.1685998191.4010dd3cafee.28.0"}, {"rfilename": "runs/Jun06_06-58-55_1baf190ae7dd/events.out.tfevents.1686035112.1baf190ae7dd.3080.0"}, {"rfilename": "runs/Jun06_08-21-53_1baf190ae7dd/events.out.tfevents.1686039721.1baf190ae7dd.26648.0"}, {"rfilename": "runs/Jun06_08-28-27_1baf190ae7dd/events.out.tfevents.1686040110.1baf190ae7dd.26648.1"}, {"rfilename": "runs/Jun06_08-28-27_1baf190ae7dd/events.out.tfevents.1686040307.1baf190ae7dd.26648.2"}, {"rfilename": "runs/Jun06_08-31-53_1baf190ae7dd/events.out.tfevents.1686040316.1baf190ae7dd.26648.3"}, {"rfilename": "runs/Jun06_08-33-51_1baf190ae7dd/events.out.tfevents.1686040436.1baf190ae7dd.29894.0"}, {"rfilename": "runs/Jun06_08-33-51_1baf190ae7dd/events.out.tfevents.1686051693.1baf190ae7dd.29894.1"}, {"rfilename": "runs/Jun06_11-41-53_1baf190ae7dd/events.out.tfevents.1686051717.1baf190ae7dd.29894.2"}, {"rfilename": "runs/Jun06_11-41-53_1baf190ae7dd/events.out.tfevents.1686071168.1baf190ae7dd.29894.3"}, {"rfilename": "runs/Jun06_17-06-28_1baf190ae7dd/events.out.tfevents.1686071191.1baf190ae7dd.29894.4"}, {"rfilename": "runs/Jun06_17-06-28_1baf190ae7dd/events.out.tfevents.1686087926.1baf190ae7dd.29894.5"}, {"rfilename": "runs/Jun06_21-45-44_1baf190ae7dd/events.out.tfevents.1686087948.1baf190ae7dd.29894.6"}, {"rfilename": "special_tokens_map.json"}, {"rfilename": "tokenizer.json"}, {"rfilename": "tokenizer_config.json"}, {"rfilename": "training_args.bin"}, {"rfilename": "vocab.json"}], "spaces": [], "createdAt": "2023-06-05T17:43:48.000Z", "safetensors": {"parameters": {"F32": 406340696}, "total": 406340696}, "inferenceStatus": "not-loaded"}