{"_id": "62a252ddaf61e1df0800a12e", "id": "z-dickson/CAP_coded_US_Congressional_bills", "modelId": "z-dickson/CAP_coded_US_Congressional_bills", "author": "z-dickson", "sha": "44fc161e0b8e9b71edb06bf2e8188cf37b1f57c7", "lastModified": "2022-06-09T20:56:09.000Z", "private": false, "disabled": false, "gated": false, "pipeline_tag": "text-classification", "tags": ["transformers", "tf", "bert", "text-classification", "generated_from_keras_callback", "autotrain_compatible", "endpoints_compatible", "region:us"], "downloads": 48, "library_name": "transformers", "mask_token": "[MASK]", "widgetData": [{"text": "A bill to prohibt discrimination in employment because of race, color, religion, national origin, or ancestry", "example_title": "example 1"}, {"text": "A bill to require the promulgation of regulations to improve aviation safety in adverse weather conditions, and for other purposes.", "example_title": "example 2"}], "likes": 5, "model-index": [{"name": "CAP_coded_US_Congressional_bills", "results": []}], "config": {"architectures": ["BertForSequenceClassification"], "model_type": "bert", "tokenizer_config": {"unk_token": "[UNK]", "sep_token": "[SEP]", "pad_token": "[PAD]", "cls_token": "[CLS]", "mask_token": "[MASK]"}}, "cardData": {"tags": ["generated_from_keras_callback"], "model-index": [{"name": "CAP_coded_US_Congressional_bills", "results": []}], "widget": [{"text": "A bill to prohibt discrimination in employment because of race, color, religion, national origin, or ancestry", "example_title": "example 1"}, {"text": "A bill to require the promulgation of regulations to improve aviation safety in adverse weather conditions, and for other purposes.", "example_title": "example 2"}]}, "transformersInfo": {"auto_model": "AutoModelForSequenceClassification", "pipeline_tag": "text-classification", "processor": "AutoTokenizer"}, "siblings": [{"rfilename": ".gitattributes"}, {"rfilename": "README.md"}, {"rfilename": "config.json"}, {"rfilename": "special_tokens_map.json"}, {"rfilename": "tf_model.h5"}, {"rfilename": "tokenizer.json"}, {"rfilename": "tokenizer_config.json"}, {"rfilename": "vocab.txt"}], "spaces": [], "createdAt": "2022-06-09T20:06:53.000Z", "inferenceStatus": "not-loaded"}