{"_id": "63cdfb20af312b5264b90fc9", "id": "z-song2005/GAN_", "modelId": "z-song2005/GAN_", "author": "z-song2005", "sha": "0464ad2a02391c96e4fbd2efaa964aabda58a605", "lastModified": "2023-01-23T03:15:09.000Z", "private": false, "disabled": false, "gated": false, "tags": ["region:us"], "downloads": 0, "likes": 0, "siblings": [{"rfilename": ".gitattributes"}, {"rfilename": "Question3_Hugging_Face.ipynb"}, {"rfilename": "README.md"}, {"rfilename": "question3_hugging_face.py"}], "spaces": [], "createdAt": "2023-01-23T03:12:32.000Z", "inferenceStatus": "not-loaded"}