{"_id": "621ffdc136468d709f181be5", "id": "z-uo/glowtts-female-it", "modelId": "z-uo/glowtts-female-it", "author": "z-uo", "sha": "715a07f3b22c519bca34f8b6fb10209a8685f87c", "lastModified": "2022-01-25T07:14:49.000Z", "private": false, "disabled": false, "gated": false, "pipeline_tag": "text-to-speech", "tags": ["transformers", "tensorboard", "text-to-speech", "it", "dataset:z-uo/female-LJSpeech-italian", "endpoints_compatible", "region:us"], "downloads": 22, "library_name": "transformers", "likes": 0, "model-index": [{"name": "glowtts-male-it", "results": []}], "cardData": {"tags": ["text-to-speech"], "language": ["it"], "model-index": [{"name": "glowtts-male-it", "results": []}], "datasets": ["z-uo/female-LJSpeech-italian"]}, "transformersInfo": {"auto_model": "AutoModel"}, "siblings": [{"rfilename": ".gitattributes"}, {"rfilename": "GOOD2_best_model_6578.pth.tar"}, {"rfilename": "GOOD_best_model_2530.pth.tar"}, {"rfilename": "README.md"}, {"rfilename": "best_model.pth.tar"}, {"rfilename": "best_model_6578.pth.tar"}, {"rfilename": "checkpoint_10000.pth.tar"}, {"rfilename": "config.json"}, {"rfilename": "events.out.tfevents.1643010438.pop-os"}, {"rfilename": "trainer_0_log.txt"}], "spaces": [], "createdAt": "2022-03-02T23:29:05.000Z", "inferenceStatus": "not-loaded"}