{"_id": "621ffdc136468d709f181be8", "id": "z-uo/vits-female-it", "modelId": "z-uo/vits-female-it", "author": "z-uo", "sha": "1306088c7d6a24aadeb24536f80a9d356b88f8a3", "lastModified": "2022-01-26T18:45:57.000Z", "private": false, "disabled": false, "gated": false, "pipeline_tag": "text-to-speech", "tags": ["transformers", "tensorboard", "text-to-speech", "it", "dataset:z-uo/female-LJSpeech-italian", "endpoints_compatible", "region:us"], "downloads": 16, "library_name": "transformers", "likes": 0, "model-index": [{"name": "vits-female-it", "results": []}], "cardData": {"tags": ["text-to-speech"], "language": ["it"], "model-index": [{"name": "vits-female-it", "results": []}], "datasets": ["z-uo/female-LJSpeech-italian"]}, "transformersInfo": {"auto_model": "AutoModel"}, "siblings": [{"rfilename": ".gitattributes"}, {"rfilename": "GOOD_best_model_4356.pth.tar"}, {"rfilename": "README.md"}, {"rfilename": "best_model.pth.tar"}, {"rfilename": "best_model_8470.pth.tar"}, {"rfilename": "config.json"}, {"rfilename": "events.out.tfevents.1643115147.pop-os"}, {"rfilename": "trainer_0_log.txt"}], "spaces": [], "createdAt": "2022-03-02T23:29:05.000Z", "inferenceStatus": "not-loaded"}