{"_id": "621ffdc136468d709f181be7", "id": "z-uo/it5-squadv1-it", "modelId": "z-uo/it5-squadv1-it", "author": "z-uo", "sha": "ed95257d2f6d2fc67342106278905e2c20945e2b", "lastModified": "2021-11-01T19:49:46.000Z", "private": false, "disabled": false, "gated": false, "pipeline_tag": "text2text-generation", "tags": ["transformers", "pytorch", "t5", "text2text-generation", "text2text_generation", "question_answering", "it", "dataset:z-uo/squad-it", "autotrain_compatible", "text-generation-inference", "endpoints_compatible", "region:us"], "downloads": 2, "library_name": "transformers", "likes": 1, "model-index": [{"name": "it5-squadv1-it", "results": []}], "config": {"architectures": ["T5ForConditionalGeneration"], "model_type": "t5", "tokenizer_config": {"eos_token": "</s>", "unk_token": "<unk>", "pad_token": "<pad>"}}, "cardData": {"tags": ["text2text_generation", "question_answering"], "language": ["it"], "model-index": [{"name": "it5-squadv1-it", "results": []}], "datasets": ["z-uo/squad-it"]}, "transformersInfo": {"auto_model": "AutoModelForSeq2SeqLM", "pipeline_tag": "text2text-generation", "processor": "AutoTokenizer"}, "siblings": [{"rfilename": ".gitattributes"}, {"rfilename": "README.md"}, {"rfilename": "all_results.json"}, {"rfilename": "config.json"}, {"rfilename": "eval_results.json"}, {"rfilename": "pytorch_model.bin"}, {"rfilename": "special_tokens_map.json"}, {"rfilename": "tokenizer.json"}, {"rfilename": "tokenizer_config.json"}, {"rfilename": "train_results.json"}, {"rfilename": "trainer_state.json"}, {"rfilename": "training_args.bin"}], "spaces": ["z-uo/IT5_ita_QandA"], "createdAt": "2022-03-02T23:29:05.000Z", "inferenceStatus": "not-loaded"}