{"_id": "621ffdc136468d709f181be6", "id": "z-uo/glowtts-male-it", "modelId": "z-uo/glowtts-male-it", "author": "z-uo", "sha": "d97a9a4c43de46f1081beddd509df8b2b8a9b0f3", "lastModified": "2022-01-25T07:14:09.000Z", "private": false, "disabled": false, "gated": false, "pipeline_tag": "text-to-speech", "tags": ["transformers", "tensorboard", "text-to-speech", "it", "dataset:z-uo/male-LJSpeech-italian", "endpoints_compatible", "region:us"], "downloads": 12, "library_name": "transformers", "likes": 1, "model-index": [{"name": "glowtts-male-it", "results": []}], "cardData": {"tags": ["text-to-speech"], "language": ["it"], "model-index": [{"name": "glowtts-male-it", "results": []}], "datasets": ["z-uo/male-LJSpeech-italian"]}, "transformersInfo": {"auto_model": "AutoModel"}, "siblings": [{"rfilename": ".gitattributes"}, {"rfilename": "GOOD2_best_model_28160.pth.tar"}, {"rfilename": "GOOD_best_model_3840.pth.tar"}, {"rfilename": "README.md"}, {"rfilename": "best_model.pth.tar"}, {"rfilename": "best_model_73600.pth.tar"}, {"rfilename": "config.json"}, {"rfilename": "events.out.tfevents.1642944106.pop-os"}, {"rfilename": "trainer_0_log.txt"}], "spaces": [], "createdAt": "2022-03-02T23:29:05.000Z", "inferenceStatus": "not-loaded"}