{"_id": "621ffdc136468d709f181be9", "id": "z-uo/vits-male-it", "modelId": "z-uo/vits-male-it", "author": "z-uo", "sha": "9683e7150fe6536996fe271e2f6d6f58861d3a67", "lastModified": "2022-01-30T20:20:35.000Z", "private": false, "disabled": false, "gated": false, "pipeline_tag": "text-to-speech", "tags": ["transformers", "tensorboard", "text-to-speech", "it", "dataset:z-uo/female-LJSpeech-italian", "endpoints_compatible", "region:us"], "downloads": 9, "library_name": "transformers", "likes": 0, "model-index": [{"name": "vits-male-it", "results": []}], "cardData": {"tags": ["text-to-speech"], "language": ["it"], "model-index": [{"name": "vits-male-it", "results": []}], "datasets": ["z-uo/female-LJSpeech-italian"]}, "transformersInfo": {"auto_model": "AutoModel"}, "siblings": [{"rfilename": ".gitattributes"}, {"rfilename": "GOOD_best_model_8540.pth.tar"}, {"rfilename": "README.md"}, {"rfilename": "best_model.pth.tar"}, {"rfilename": "best_model_11956.pth.tar"}, {"rfilename": "checkpoint_10000.pth.tar"}, {"rfilename": "config.json"}, {"rfilename": "events.out.tfevents.1643440955.pop-os"}, {"rfilename": "trainer_0_log.txt"}], "spaces": [], "createdAt": "2022-03-02T23:29:05.000Z", "inferenceStatus": "not-loaded"}