{"_id": "664ff9ea5a78417f01f0b3b9", "id": "z-z-anabioz/checkpoint.safetensors", "modelId": "z-z-anabioz/checkpoint.safetensors", "author": "z-z-anabioz", "sha": "a3eae7373205ced72f6fffb28c98aaa9fa13992f", "lastModified": "2024-05-27T00:29:28.000Z", "private": false, "disabled": false, "gated": false, "tags": ["region:us"], "downloads": 0, "likes": 0, "siblings": [{"rfilename": ".gitattributes"}, {"rfilename": "checkpoint.safetensors"}], "spaces": [], "createdAt": "2024-05-24T02:22:34.000Z", "inferenceStatus": "not-loaded"}