{"_id": "6492e89d86cf10e814e1c872", "id": "z083957/models", "modelId": "z083957/models", "author": "z083957", "sha": "01760a3390a6401fd7469f1cd16d5bcdca66309b", "lastModified": "2023-07-24T09:13:51.000Z", "private": false, "disabled": false, "gated": false, "tags": ["onnx", "license:openrail", "region:us"], "downloads": 0, "likes": 0, "model-index": null, "cardData": {"license": "openrail"}, "siblings": [{"rfilename": ".gitattributes"}, {"rfilename": "README.md"}, {"rfilename": "moonfilm_filmGrain10.safetensors"}, {"rfilename": "u2net.onnx"}, {"rfilename": "wd-v1-4-vit-tagger-v2.csv"}, {"rfilename": "wd-v1-4-vit-tagger-v2.onnx"}, {"rfilename": "yolov5.pt"}], "spaces": [], "createdAt": "2023-06-21T12:10:05.000Z", "inferenceStatus": "not-loaded"}