{"_id": "64353d4e04cd0447ce2bd492", "id": "z1force/berli", "modelId": "z1force/berli", "author": "z1force", "sha": "ca4368da82be4b8c4a8ce8c2f940073b78f0a520", "lastModified": "2023-04-11T11:00:06.000Z", "private": false, "disabled": false, "gated": false, "tags": ["license:openrail", "region:us"], "downloads": 0, "likes": 0, "model-index": null, "cardData": {"license": "openrail"}, "siblings": [{"rfilename": ".gitattributes"}, {"rfilename": "README.md"}, {"rfilename": "berliana.safetensors"}], "spaces": [], "createdAt": "2023-04-11T10:58:22.000Z", "inferenceStatus": "not-loaded"}