{"_id": "6634032d639423da94f9fb70", "id": "z3baki/ferreteria", "modelId": "z3baki/ferreteria", "author": "z3baki", "sha": "c975cde23cdbf43cf17784a8d2ad242cf7fa55aa", "lastModified": "2024-05-02T21:18:37.000Z", "private": false, "disabled": false, "gated": false, "tags": ["license:apache-2.0", "region:us"], "downloads": 0, "likes": 0, "model-index": null, "cardData": {"license": "apache-2.0"}, "siblings": [{"rfilename": ".gitattributes"}, {"rfilename": "README.md"}], "spaces": [], "createdAt": "2024-05-02T21:18:37.000Z", "inferenceStatus": "not-loaded"}