{"_id": "621ffdc136468d709f181beb", "id": "z3c1f4/distilbert-base-uncased-finetuned-ner", "modelId": "z3c1f4/distilbert-base-uncased-finetuned-ner", "author": "z3c1f4", "sha": "acddb8ff4e36a5ed44b4c1e1ad996b8a925f7b62", "lastModified": "2022-02-23T13:10:37.000Z", "private": false, "disabled": false, "gated": false, "tags": ["region:us"], "downloads": 0, "likes": 0, "siblings": [{"rfilename": ".gitattributes"}], "spaces": [], "createdAt": "2022-03-02T23:29:05.000Z", "inferenceStatus": "not-loaded"}