{"_id": "65cd97952eb9c6159280516b", "id": "Z3K3/Budda", "modelId": "Z3K3/Budda", "author": "Z3K3", "sha": "9720aefb9a33517fa16c1f1bd648f68cb36e77d3", "lastModified": "2024-02-15T05:44:20.000Z", "private": false, "disabled": false, "gated": false, "tags": ["license:mit", "region:us"], "downloads": 0, "likes": 0, "model-index": null, "cardData": {"license": "mit"}, "siblings": [{"rfilename": ".gitattributes"}, {"rfilename": "README.md"}, {"rfilename": "lm_final.pt"}], "spaces": [], "createdAt": "2024-02-15T04:48:21.000Z", "inferenceStatus": "not-loaded"}