{"_id": "666f7fa383571a7a0539cce2", "id": "Z3K3/musicgen-large", "modelId": "Z3K3/musicgen-large", "author": "Z3K3", "sha": "962faccd47c575010180780e0e9648bb140532ee", "lastModified": "2024-06-17T01:34:57.000Z", "private": false, "disabled": false, "gated": false, "pipeline_tag": "text-to-audio", "tags": ["peft", "safetensors", "musicgen_melody", "text-to-audio", "ylacombe/tiny-punk", "generated_from_trainer", "base_model:facebook/musicgen-melody", "license:cc-by-nc-4.0", "region:us"], "downloads": 1, "library_name": "peft", "likes": 0, "model-index": [{"name": "musicgen-large", "results": []}], "config": {"architectures": ["MusicgenMelodyForConditionalGeneration"], "model_type": "musicgen_melody", "tokenizer_config": {"eos_token": "</s>", "pad_token": "<pad>", "unk_token": "<unk>"}, "peft": {"base_model_name_or_path": "facebook/musicgen-melody"}}, "cardData": {"base_model": "facebook/musicgen-melody", "library_name": "peft", "license": "cc-by-nc-4.0", "tags": ["text-to-audio", "ylacombe/tiny-punk", "generated_from_trainer"], "model-index": [{"name": "musicgen-large", "results": []}]}, "siblings": [{"rfilename": ".gitattributes"}, {"rfilename": "README.md"}, {"rfilename": "adapter_config.json"}, {"rfilename": "adapter_model.safetensors"}, {"rfilename": "all_results.json"}, {"rfilename": "config.json"}, {"rfilename": "eval_results.json"}, {"rfilename": "preprocessor_config.json"}, {"rfilename": "special_tokens_map.json"}, {"rfilename": "spiece.model"}, {"rfilename": "tokenizer.json"}, {"rfilename": "tokenizer_config.json"}, {"rfilename": "train_results.json"}, {"rfilename": "trainer_state.json"}, {"rfilename": "training_args.bin"}], "spaces": [], "createdAt": "2024-06-17T00:13:23.000Z", "inferenceStatus": "not-loaded"}