{"_id": "668ad8ff36810c8bd8d1ba04", "id": "z41285379/sd-naruto-model", "modelId": "z41285379/sd-naruto-model", "author": "z41285379", "sha": "4c239911839fcefef5fffd15fb1b22d5bcf35de8", "lastModified": "2024-07-07T19:04:04.000Z", "private": false, "disabled": false, "gated": false, "pipeline_tag": "text-to-image", "tags": ["diffusers", "tensorboard", "safetensors", "autotrain_compatible", "endpoints_compatible", "diffusers:StableDiffusionPipeline", "region:us"], "downloads": 1, "library_name": "diffusers", "likes": 0, "config": {"diffusers": {"_class_name": "StableDiffusionPipeline"}}, "siblings": [{"rfilename": ".gitattributes"}, {"rfilename": "checkpoint-1000/optimizer.bin"}, {"rfilename": "checkpoint-1000/random_states_0.pkl"}, {"rfilename": "checkpoint-1000/scaler.pt"}, {"rfilename": "checkpoint-1000/scheduler.bin"}, {"rfilename": "checkpoint-1000/unet/config.json"}, {"rfilename": "checkpoint-1000/unet/diffusion_pytorch_model.safetensors"}, {"rfilename": "checkpoint-1000/unet_ema/config.json"}, {"rfilename": "checkpoint-1000/unet_ema/diffusion_pytorch_model.safetensors"}, {"rfilename": "checkpoint-1500/optimizer.bin"}, {"rfilename": "checkpoint-1500/random_states_0.pkl"}, {"rfilename": "checkpoint-1500/scaler.pt"}, {"rfilename": "checkpoint-1500/scheduler.bin"}, {"rfilename": "checkpoint-1500/unet/config.json"}, {"rfilename": "checkpoint-1500/unet/diffusion_pytorch_model.safetensors"}, {"rfilename": "checkpoint-1500/unet_ema/config.json"}, {"rfilename": "checkpoint-1500/unet_ema/diffusion_pytorch_model.safetensors"}, {"rfilename": "checkpoint-2000/optimizer.bin"}, {"rfilename": "checkpoint-2000/random_states_0.pkl"}, {"rfilename": "checkpoint-2000/scaler.pt"}, {"rfilename": "checkpoint-2000/scheduler.bin"}, {"rfilename": "checkpoint-2000/unet/config.json"}, {"rfilename": "checkpoint-2000/unet/diffusion_pytorch_model.safetensors"}, {"rfilename": "checkpoint-2000/unet_ema/config.json"}, {"rfilename": "checkpoint-2000/unet_ema/diffusion_pytorch_model.safetensors"}, {"rfilename": "checkpoint-2500/optimizer.bin"}, {"rfilename": "checkpoint-2500/random_states_0.pkl"}, {"rfilename": "checkpoint-2500/scaler.pt"}, {"rfilename": "checkpoint-2500/scheduler.bin"}, {"rfilename": "checkpoint-2500/unet/config.json"}, {"rfilename": "checkpoint-2500/unet/diffusion_pytorch_model.safetensors"}, {"rfilename": "checkpoint-2500/unet_ema/config.json"}, {"rfilename": "checkpoint-2500/unet_ema/diffusion_pytorch_model.safetensors"}, {"rfilename": "checkpoint-3000/optimizer.bin"}, {"rfilename": "checkpoint-3000/random_states_0.pkl"}, {"rfilename": "checkpoint-3000/scaler.pt"}, {"rfilename": "checkpoint-3000/scheduler.bin"}, {"rfilename": "checkpoint-3000/unet/config.json"}, {"rfilename": "checkpoint-3000/unet/diffusion_pytorch_model.safetensors"}, {"rfilename": "checkpoint-3000/unet_ema/config.json"}, {"rfilename": "checkpoint-3000/unet_ema/diffusion_pytorch_model.safetensors"}, {"rfilename": "checkpoint-3500/optimizer.bin"}, {"rfilename": "checkpoint-3500/random_states_0.pkl"}, {"rfilename": "checkpoint-3500/scaler.pt"}, {"rfilename": "checkpoint-3500/scheduler.bin"}, {"rfilename": "checkpoint-3500/unet/config.json"}, {"rfilename": "checkpoint-3500/unet/diffusion_pytorch_model.safetensors"}, {"rfilename": "checkpoint-3500/unet_ema/config.json"}, {"rfilename": "checkpoint-3500/unet_ema/diffusion_pytorch_model.safetensors"}, {"rfilename": "checkpoint-4000/optimizer.bin"}, {"rfilename": "checkpoint-4000/random_states_0.pkl"}, {"rfilename": "checkpoint-4000/scaler.pt"}, {"rfilename": "checkpoint-4000/scheduler.bin"}, {"rfilename": "checkpoint-4000/unet/config.json"}, {"rfilename": "checkpoint-4000/unet/diffusion_pytorch_model.safetensors"}, {"rfilename": "checkpoint-4000/unet_ema/config.json"}, {"rfilename": "checkpoint-4000/unet_ema/diffusion_pytorch_model.safetensors"}, {"rfilename": "checkpoint-4500/optimizer.bin"}, {"rfilename": "checkpoint-4500/random_states_0.pkl"}, {"rfilename": "checkpoint-4500/scaler.pt"}, {"rfilename": "checkpoint-4500/scheduler.bin"}, {"rfilename": "checkpoint-4500/unet/config.json"}, {"rfilename": "checkpoint-4500/unet/diffusion_pytorch_model.safetensors"}, {"rfilename": "checkpoint-4500/unet_ema/config.json"}, {"rfilename": "checkpoint-4500/unet_ema/diffusion_pytorch_model.safetensors"}, {"rfilename": "checkpoint-500/optimizer.bin"}, {"rfilename": "checkpoint-500/random_states_0.pkl"}, {"rfilename": "checkpoint-500/scaler.pt"}, {"rfilename": "checkpoint-500/scheduler.bin"}, {"rfilename": "checkpoint-500/unet/config.json"}, {"rfilename": "checkpoint-500/unet/diffusion_pytorch_model.safetensors"}, {"rfilename": "checkpoint-500/unet_ema/config.json"}, {"rfilename": "checkpoint-500/unet_ema/diffusion_pytorch_model.safetensors"}, {"rfilename": "checkpoint-5000/optimizer.bin"}, {"rfilename": "checkpoint-5000/random_states_0.pkl"}, {"rfilename": "checkpoint-5000/scaler.pt"}, {"rfilename": "checkpoint-5000/scheduler.bin"}, {"rfilename": "checkpoint-5000/unet/config.json"}, {"rfilename": "checkpoint-5000/unet/diffusion_pytorch_model.safetensors"}, {"rfilename": "checkpoint-5000/unet_ema/config.json"}, {"rfilename": "checkpoint-5000/unet_ema/diffusion_pytorch_model.safetensors"}, {"rfilename": "checkpoint-5500/optimizer.bin"}, {"rfilename": "checkpoint-5500/random_states_0.pkl"}, {"rfilename": "checkpoint-5500/scaler.pt"}, {"rfilename": "checkpoint-5500/scheduler.bin"}, {"rfilename": "checkpoint-5500/unet/config.json"}, {"rfilename": "checkpoint-5500/unet/diffusion_pytorch_model.safetensors"}, {"rfilename": "checkpoint-5500/unet_ema/config.json"}, {"rfilename": "checkpoint-5500/unet_ema/diffusion_pytorch_model.safetensors"}, {"rfilename": "checkpoint-6000/optimizer.bin"}, {"rfilename": "checkpoint-6000/random_states_0.pkl"}, {"rfilename": "checkpoint-6000/scaler.pt"}, {"rfilename": "checkpoint-6000/scheduler.bin"}, {"rfilename": "checkpoint-6000/unet/config.json"}, {"rfilename": "checkpoint-6000/unet/diffusion_pytorch_model.safetensors"}, {"rfilename": "checkpoint-6000/unet_ema/config.json"}, {"rfilename": "checkpoint-6000/unet_ema/diffusion_pytorch_model.safetensors"}, {"rfilename": "feature_extractor/preprocessor_config.json"}, {"rfilename": "logs/text2image-fine-tune/1720361587.3163779/events.out.tfevents.1720361587.5b88099caa14.156582.1"}, {"rfilename": "logs/text2image-fine-tune/1720361587.3179634/hparams.yml"}, {"rfilename": "logs/text2image-fine-tune/events.out.tfevents.1720361587.5b88099caa14.156582.0"}, {"rfilename": "model_index.json"}, {"rfilename": "scheduler/scheduler_config.json"}, {"rfilename": "text_encoder/config.json"}, {"rfilename": "text_encoder/model.safetensors"}, {"rfilename": "tokenizer/merges.txt"}, {"rfilename": "tokenizer/special_tokens_map.json"}, {"rfilename": "tokenizer/tokenizer_config.json"}, {"rfilename": "tokenizer/vocab.json"}, {"rfilename": "unet/config.json"}, {"rfilename": "unet/diffusion_pytorch_model.safetensors"}, {"rfilename": "vae/config.json"}, {"rfilename": "vae/diffusion_pytorch_model.safetensors"}], "spaces": [], "createdAt": "2024-07-07T18:05:51.000Z", "inferenceStatus": "not-loaded"}