{"_id": "63e6aa9e70fa0ed02a631480", "id": "z4x/a2c-PandaReachDense-v2", "modelId": "z4x/a2c-PandaReachDense-v2", "author": "z4x", "sha": "cb830b825f9e41b86606368a8d4241594ff935a3", "lastModified": "2023-02-11T02:09:06.000Z", "private": false, "disabled": false, "gated": false, "pipeline_tag": "reinforcement-learning", "tags": ["stable-baselines3", "PandaReachDense-v2", "deep-reinforcement-learning", "reinforcement-learning", "model-index", "region:us"], "downloads": 0, "library_name": "stable-baselines3", "likes": 0, "model-index": [{"name": "A2C", "results": [{"task": {"type": "reinforcement-learning", "name": "reinforcement-learning"}, "dataset": {"name": "PandaReachDense-v2", "type": "PandaReachDense-v2"}, "metrics": [{"type": "mean_reward", "value": "-2.75 +/- 0.52", "name": "mean_reward", "verified": false}]}]}], "config": {}, "cardData": {"library_name": "stable-baselines3", "tags": ["PandaReachDense-v2", "deep-reinforcement-learning", "reinforcement-learning", "stable-baselines3"], "model-index": [{"name": "A2C", "results": [{"task": {"type": "reinforcement-learning", "name": "reinforcement-learning"}, "dataset": {"name": "PandaReachDense-v2", "type": "PandaReachDense-v2"}, "metrics": [{"type": "mean_reward", "value": "-2.75 +/- 0.52", "name": "mean_reward", "verified": false}]}]}]}, "siblings": [{"rfilename": ".gitattributes"}, {"rfilename": "README.md"}, {"rfilename": "a2c-PandaReachDense-v2.zip"}, {"rfilename": "a2c-PandaReachDense-v2/_stable_baselines3_version"}, {"rfilename": "a2c-PandaReachDense-v2/data"}, {"rfilename": "a2c-PandaReachDense-v2/policy.optimizer.pth"}, {"rfilename": "a2c-PandaReachDense-v2/policy.pth"}, {"rfilename": "a2c-PandaReachDense-v2/pytorch_variables.pth"}, {"rfilename": "a2c-PandaReachDense-v2/system_info.txt"}, {"rfilename": "config.json"}, {"rfilename": "replay.mp4"}, {"rfilename": "results.json"}, {"rfilename": "vec_normalize.pkl"}], "spaces": [], "createdAt": "2023-02-10T20:35:42.000Z", "inferenceStatus": "not-loaded"}