{"_id": "63e68ef770fa0ed02a5e951f", "id": "z4x/ppo-SnowballTarget", "modelId": "z4x/ppo-SnowballTarget", "author": "z4x", "sha": "09e5aea754c399cfb0cea9164923042006033034", "lastModified": "2023-02-10T18:37:55.000Z", "private": false, "disabled": false, "gated": false, "pipeline_tag": "reinforcement-learning", "tags": ["ml-agents", "tensorboard", "onnx", "unity-ml-agents", "deep-reinforcement-learning", "reinforcement-learning", "ML-Agents-SnowballTarget", "region:us"], "downloads": 3, "library_name": "ml-agents", "likes": 0, "model-index": null, "config": {}, "cardData": {"tags": ["unity-ml-agents", "ml-agents", "deep-reinforcement-learning", "reinforcement-learning", "ML-Agents-SnowballTarget"], "library_name": "ml-agents"}, "siblings": [{"rfilename": ".gitattributes"}, {"rfilename": "README.md"}, {"rfilename": "SnowballTarget.onnx"}, {"rfilename": "SnowballTarget/SnowballTarget-14992.onnx"}, {"rfilename": "SnowballTarget/SnowballTarget-14992.pt"}, {"rfilename": "SnowballTarget/SnowballTarget-19992.onnx"}, {"rfilename": "SnowballTarget/SnowballTarget-19992.pt"}, {"rfilename": "SnowballTarget/SnowballTarget-20376.onnx"}, {"rfilename": "SnowballTarget/SnowballTarget-20376.pt"}, {"rfilename": "SnowballTarget/SnowballTarget-4976.onnx"}, {"rfilename": "SnowballTarget/SnowballTarget-4976.pt"}, {"rfilename": "SnowballTarget/SnowballTarget-9952.onnx"}, {"rfilename": "SnowballTarget/SnowballTarget-9952.pt"}, {"rfilename": "SnowballTarget/checkpoint.pt"}, {"rfilename": "SnowballTarget/events.out.tfevents.1676054042.21507939890e.2734.0"}, {"rfilename": "config.json"}, {"rfilename": "configuration.yaml"}, {"rfilename": "run_logs/Player-0.log"}, {"rfilename": "run_logs/timers.json"}, {"rfilename": "run_logs/training_status.json"}], "spaces": [], "createdAt": "2023-02-10T18:37:43.000Z", "inferenceStatus": "not-loaded"}