{"_id": "639f81c0beb95d698ddff9bc", "id": "z4x/PPO-LunarLander-v2", "modelId": "z4x/PPO-LunarLander-v2", "author": "z4x", "sha": "a4adad176a4ec20c55eb713720188202e46f424a", "lastModified": "2022-12-18T21:20:16.000Z", "private": false, "disabled": false, "gated": false, "pipeline_tag": "reinforcement-learning", "tags": ["stable-baselines3", "LunarLander-v2", "deep-reinforcement-learning", "reinforcement-learning", "model-index", "region:us"], "downloads": 0, "library_name": "stable-baselines3", "likes": 0, "model-index": [{"name": "PPO", "results": [{"task": {"type": "reinforcement-learning", "name": "reinforcement-learning"}, "dataset": {"name": "LunarLander-v2", "type": "LunarLander-v2"}, "metrics": [{"type": "mean_reward", "value": "283.53 +/- 19.94", "name": "mean_reward", "verified": false}]}]}], "config": {}, "cardData": {"library_name": "stable-baselines3", "tags": ["LunarLander-v2", "deep-reinforcement-learning", "reinforcement-learning", "stable-baselines3"], "model-index": [{"name": "PPO", "results": [{"task": {"type": "reinforcement-learning", "name": "reinforcement-learning"}, "dataset": {"name": "LunarLander-v2", "type": "LunarLander-v2"}, "metrics": [{"type": "mean_reward", "value": "283.53 +/- 19.94", "name": "mean_reward", "verified": false}]}]}]}, "siblings": [{"rfilename": ".gitattributes"}, {"rfilename": "PPO-LunarLander-v2.zip"}, {"rfilename": "PPO-LunarLander-v2/_stable_baselines3_version"}, {"rfilename": "PPO-LunarLander-v2/data"}, {"rfilename": "PPO-LunarLander-v2/policy.optimizer.pth"}, {"rfilename": "PPO-LunarLander-v2/policy.pth"}, {"rfilename": "PPO-LunarLander-v2/pytorch_variables.pth"}, {"rfilename": "PPO-LunarLander-v2/system_info.txt"}, {"rfilename": "README.md"}, {"rfilename": "config.json"}, {"rfilename": "replay.mp4"}, {"rfilename": "results.json"}], "spaces": [], "createdAt": "2022-12-18T21:10:24.000Z", "inferenceStatus": "not-loaded"}