{"_id": "62264e1ba8218a9b862b190a", "id": "z5ying/mbart-large-cc25-finetuned-source-to-target", "modelId": "z5ying/mbart-large-cc25-finetuned-source-to-target", "author": "z5ying", "sha": "21dbc142b81086af0230ebe04c05e9ff095d0ed3", "lastModified": "2022-04-01T03:43:40.000Z", "private": false, "disabled": false, "gated": false, "pipeline_tag": "text2text-generation", "tags": ["transformers", "pytorch", "tensorboard", "mbart", "text2text-generation", "generated_from_trainer", "autotrain_compatible", "endpoints_compatible", "region:us"], "downloads": 3, "library_name": "transformers", "likes": 0, "model-index": [{"name": "mbart-large-cc25-finetuned-source-to-target", "results": []}], "config": {"architectures": ["MBartForConditionalGeneration"], "model_type": "mbart", "tokenizer_config": {"bos_token": "<s>", "eos_token": "</s>", "sep_token": "</s>", "cls_token": "<s>", "unk_token": "<unk>", "pad_token": "<pad>", "mask_token": {"content": "<mask>", "single_word": false, "lstrip": true, "rstrip": false, "normalized": true, "__type": "AddedToken"}}}, "cardData": {"tags": ["generated_from_trainer"], "model-index": [{"name": "mbart-large-cc25-finetuned-source-to-target", "results": []}]}, "transformersInfo": {"auto_model": "AutoModelForSeq2SeqLM", "pipeline_tag": "text2text-generation", "processor": "AutoTokenizer"}, "siblings": [{"rfilename": ".gitattributes"}, {"rfilename": ".gitignore"}, {"rfilename": "README.md"}, {"rfilename": "config.json"}, {"rfilename": "pytorch_model.bin"}, {"rfilename": "runs/Mar07_21-40-37_8364f0bf0ea7/1646689258.2646606/events.out.tfevents.1646689258.8364f0bf0ea7.90.1"}, {"rfilename": "runs/Mar07_21-40-37_8364f0bf0ea7/events.out.tfevents.1646689258.8364f0bf0ea7.90.0"}, {"rfilename": "runs/Mar23_11-25-53_47ac2f1f2152/1648035772.6247532/events.out.tfevents.1648035772.47ac2f1f2152.81.1"}, {"rfilename": "runs/Mar23_11-25-53_47ac2f1f2152/events.out.tfevents.1648035772.47ac2f1f2152.81.0"}, {"rfilename": "runs/Mar23_14-23-29_caf9412bcee8/1648046291.8209672/events.out.tfevents.1648046291.caf9412bcee8.80.1"}, {"rfilename": "runs/Mar23_14-23-29_caf9412bcee8/events.out.tfevents.1648046291.caf9412bcee8.80.0"}, {"rfilename": "sentencepiece.bpe.model"}, {"rfilename": "special_tokens_map.json"}, {"rfilename": "tokenizer.json"}, {"rfilename": "tokenizer_config.json"}, {"rfilename": "training_args.bin"}], "spaces": [], "createdAt": "2022-03-07T18:25:31.000Z", "inferenceStatus": "not-loaded"}