{"_id": "64c6dfc017bd8060454cd392", "id": "z7ye/peft-dialogue-summary-checkpoint", "modelId": "z7ye/peft-dialogue-summary-checkpoint", "author": "z7ye", "sha": "f44692899d0483811acdb294c7a0bff088bdeef6", "lastModified": "2023-07-30T22:12:44.000Z", "private": false, "disabled": false, "gated": false, "tags": ["license:apache-2.0", "region:us"], "downloads": 0, "likes": 2, "model-index": null, "config": {"tokenizer_config": {"eos_token": "</s>", "pad_token": "<pad>", "unk_token": "<unk>"}}, "cardData": {"license": "apache-2.0"}, "siblings": [{"rfilename": ".gitattributes"}, {"rfilename": "README.md"}, {"rfilename": "adapter_config.json"}, {"rfilename": "adapter_model.bin"}, {"rfilename": "special_tokens_map.json"}, {"rfilename": "tokenizer.json"}, {"rfilename": "tokenizer_config.json"}], "spaces": [], "createdAt": "2023-07-30T22:10:08.000Z", "inferenceStatus": "not-loaded"}