{"_id": "6645d39c2694b3dce6d4f948", "id": "za17/helsinki-biomedical-finetuned", "modelId": "za17/helsinki-biomedical-finetuned", "author": "za17", "sha": "49711c8ca32adbe7ab650a3d140245594e0a65d7", "lastModified": "2024-06-09T15:31:33.000Z", "private": false, "disabled": false, "gated": false, "pipeline_tag": "translation", "tags": ["transformers", "safetensors", "marian", "text2text-generation", "translation", "generated_from_trainer", "base_model:Helsinki-NLP/opus-mt-en-es", "license:apache-2.0", "autotrain_compatible", "endpoints_compatible", "region:us"], "downloads": 166, "library_name": "transformers", "widgetData": [{"text": "My name is Wolfgang and I live in Berlin"}, {"text": "My name is Sarah and I live in London"}], "likes": 1, "model-index": [{"name": "helsinki-biomedical-finetuned", "results": []}], "config": {"architectures": ["MarianMTModel"], "model_type": "marian", "tokenizer_config": {"eos_token": "</s>", "pad_token": "<pad>", "unk_token": "<unk>"}}, "cardData": {"license": "apache-2.0", "base_model": "Helsinki-NLP/opus-mt-en-es", "tags": ["translation", "generated_from_trainer"], "metrics": ["bleu"], "model-index": [{"name": "helsinki-biomedical-finetuned", "results": []}]}, "transformersInfo": {"auto_model": "AutoModelForSeq2SeqLM", "pipeline_tag": "text2text-generation", "processor": "AutoTokenizer"}, "siblings": [{"rfilename": ".gitattributes"}, {"rfilename": "README.md"}, {"rfilename": "config.json"}, {"rfilename": "generation_config.json"}, {"rfilename": "model.safetensors"}, {"rfilename": "source.spm"}, {"rfilename": "special_tokens_map.json"}, {"rfilename": "target.spm"}, {"rfilename": "tokenizer_config.json"}, {"rfilename": "training_args.bin"}, {"rfilename": "vocab.json"}], "spaces": [], "createdAt": "2024-05-16T09:36:28.000Z", "safetensors": {"parameters": {"F32": 77484009}, "total": 77484009}, "inferenceStatus": "not-loaded"}