{"_id": "66795f952942e7123784648d", "id": "Za88yes/Aya_project", "modelId": "Za88yes/Aya_project", "author": "Za88yes", "sha": "1d45b03417067328d2d444a8b0699e63b5998c05", "lastModified": "2024-06-24T11:59:20.000Z", "private": false, "disabled": false, "gated": false, "pipeline_tag": "text-to-image", "tags": ["diffusers", "autotrain", "stable-diffusion-xl", "stable-diffusion-xl-diffusers", "text-to-image", "lora", "template:sd-lora", "base_model:stabilityai/stable-diffusion-xl-base-1.0", "license:openrail++", "region:us"], "downloads": 19, "library_name": "diffusers", "likes": 0, "model-index": null, "cardData": {"tags": ["autotrain", "stable-diffusion-xl", "stable-diffusion-xl-diffusers", "text-to-image", "diffusers", "lora", "template:sd-lora"], "base_model": "stabilityai/stable-diffusion-xl-base-1.0", "instance_prompt": "photo of woman", "license": "openrail++"}, "siblings": [{"rfilename": ".gitattributes"}, {"rfilename": "README.md"}, {"rfilename": "checkpoint-500/optimizer.bin"}, {"rfilename": "checkpoint-500/pytorch_lora_weights.safetensors"}, {"rfilename": "checkpoint-500/random_states_0.pkl"}, {"rfilename": "checkpoint-500/scaler.pt"}, {"rfilename": "checkpoint-500/scheduler.bin"}, {"rfilename": "prompt.txt"}, {"rfilename": "pytorch_lora_weights.safetensors"}, {"rfilename": "pytorch_lora_weights_kohya.safetensors"}, {"rfilename": "training_params.json"}], "spaces": [], "createdAt": "2024-06-24T11:59:17.000Z", "inferenceStatus": "not-loaded"}