{"_id": "64beb48bda140e46197a6b9a", "id": "Za88yes/Irma", "modelId": "Za88yes/Irma", "author": "Za88yes", "sha": "52339593e69b4f5e63c4d5b292bf561074c77004", "lastModified": "2023-07-24T17:30:53.000Z", "private": false, "disabled": false, "gated": false, "tags": ["license:creativeml-openrail-m", "region:us"], "downloads": 0, "likes": 0, "model-index": null, "cardData": {"license": "creativeml-openrail-m"}, "siblings": [{"rfilename": ".gitattributes"}, {"rfilename": "README.md"}, {"rfilename": "irmalora.safetensors"}], "spaces": [], "createdAt": "2023-07-24T17:27:39.000Z", "inferenceStatus": "not-loaded"}