{"_id": "6675993848b97360ff43653e", "id": "Za88yes/Mikutoktokautotrain-xlabv-vsccj", "modelId": "Za88yes/Mikutoktokautotrain-xlabv-vsccj", "author": "Za88yes", "sha": "cfefbe76dca5f8a170dae0e9a2a468dc979e49dd", "lastModified": "2024-06-21T15:16:14.000Z", "private": false, "disabled": false, "gated": false, "pipeline_tag": "text-to-image", "tags": ["diffusers", "autotrain", "stable-diffusion-xl", "stable-diffusion-xl-diffusers", "text-to-image", "lora", "template:sd-lora", "base_model:stabilityai/stable-diffusion-xl-base-1.0", "license:openrail++", "region:us"], "downloads": 22, "library_name": "diffusers", "likes": 0, "model-index": null, "cardData": {"tags": ["autotrain", "stable-diffusion-xl", "stable-diffusion-xl-diffusers", "text-to-image", "diffusers", "lora", "template:sd-lora"], "base_model": "stabilityai/stable-diffusion-xl-base-1.0", "instance_prompt": "Photo of woman hijab", "license": "openrail++"}, "siblings": [{"rfilename": ".gitattributes"}, {"rfilename": "README.md"}, {"rfilename": "checkpoint-500/optimizer.bin"}, {"rfilename": "checkpoint-500/pytorch_lora_weights.safetensors"}, {"rfilename": "checkpoint-500/random_states_0.pkl"}, {"rfilename": "checkpoint-500/scaler.pt"}, {"rfilename": "checkpoint-500/scheduler.bin"}, {"rfilename": "prompt.txt"}, {"rfilename": "pytorch_lora_weights.safetensors"}, {"rfilename": "pytorch_lora_weights_kohya.safetensors"}, {"rfilename": "training_params.json"}], "spaces": [], "createdAt": "2024-06-21T15:16:08.000Z", "inferenceStatus": "not-loaded"}