{"_id": "64c4e9c7fafa16b514497e52", "id": "Za88yes/Deanur1", "modelId": "Za88yes/Deanur1", "author": "Za88yes", "sha": "e6341d78dd63b0903271c4d32d1ac7928660222b", "lastModified": "2023-08-21T22:27:16.000Z", "private": false, "disabled": false, "gated": false, "tags": ["license:creativeml-openrail-m", "region:us"], "downloads": 0, "likes": 0, "model-index": null, "cardData": {"license": "creativeml-openrail-m"}, "siblings": [{"rfilename": ".gitattributes"}, {"rfilename": "README.md"}, {"rfilename": "anglelora.safetensors"}, {"rfilename": "deanurlora.safetensors"}, {"rfilename": "lisalora.safetensors"}, {"rfilename": "nagitalora.safetensors"}, {"rfilename": "tialora.safetensors"}, {"rfilename": "windalora.safetensors"}], "spaces": [], "createdAt": "2023-07-29T10:28:23.000Z", "inferenceStatus": "not-loaded"}