{"_id": "64b42bac7da6a1dca89c4071", "id": "Za88yes/Afriana", "modelId": "Za88yes/Afriana", "author": "Za88yes", "sha": "2c75127720ff7d30af9dad06bc63caaba6176d17", "lastModified": "2023-07-16T17:43:07.000Z", "private": false, "disabled": false, "gated": false, "tags": ["license:bigscience-openrail-m", "region:us"], "downloads": 0, "likes": 0, "model-index": null, "cardData": {"license": "bigscience-openrail-m"}, "siblings": [{"rfilename": ".gitattributes"}, {"rfilename": "README.md"}, {"rfilename": "afrianalora.safetensors"}], "spaces": [], "createdAt": "2023-07-16T17:41:00.000Z", "inferenceStatus": "not-loaded"}