{"_id": "64c1233ef070a750cdcbff9f", "id": "Za88yes/Cis", "modelId": "Za88yes/Cis", "author": "Za88yes", "sha": "d4168934f9ad4c96307d1d7e92148049c3079306", "lastModified": "2023-07-26T14:05:06.000Z", "private": false, "disabled": false, "gated": false, "tags": ["license:creativeml-openrail-m", "region:us"], "downloads": 0, "likes": 0, "model-index": null, "cardData": {"license": "creativeml-openrail-m"}, "siblings": [{"rfilename": ".gitattributes"}, {"rfilename": "README.md"}, {"rfilename": "cislora.safetensors"}], "spaces": [], "createdAt": "2023-07-26T13:44:30.000Z", "inferenceStatus": "not-loaded"}