{"_id": "646d4f25e0c5e395735bf94e", "id": "Za88yes/Imnekoloraaa", "modelId": "Za88yes/Imnekoloraaa", "author": "Za88yes", "sha": "ea5d520c1975942934c6afd0aa3e288cc9784bb4", "lastModified": "2023-05-23T23:43:11.000Z", "private": false, "disabled": false, "gated": false, "tags": ["license:creativeml-openrail-m", "region:us"], "downloads": 0, "likes": 0, "model-index": null, "cardData": {"license": "creativeml-openrail-m"}, "siblings": [{"rfilename": ".gitattributes"}, {"rfilename": "README.md"}, {"rfilename": "imnekoloraa.safetensors"}], "spaces": [], "createdAt": "2023-05-23T23:41:25.000Z", "inferenceStatus": "not-loaded"}