{"_id": "64c2cb183b09e56f40da396f", "id": "Za88yes/12osa", "modelId": "Za88yes/12osa", "author": "Za88yes", "sha": "75dc3c9ca9d9a22065db0d77289082380b68590f", "lastModified": "2023-07-27T19:54:20.000Z", "private": false, "disabled": false, "gated": false, "tags": ["license:creativeml-openrail-m", "region:us"], "downloads": 0, "likes": 0, "model-index": null, "cardData": {"license": "creativeml-openrail-m"}, "siblings": [{"rfilename": ".gitattributes"}, {"rfilename": "README.md"}, {"rfilename": "rosahlora.safetensors"}], "spaces": [], "createdAt": "2023-07-27T19:52:56.000Z", "inferenceStatus": "not-loaded"}