{"_id": "6679d67668d6cc7e9c52a1e2", "id": "Za88yes/N4gh1t4-project", "modelId": "Za88yes/N4gh1t4-project", "author": "Za88yes", "sha": "8017519ae7f5561e37374450cead400b3e6f9cba", "lastModified": "2024-06-24T20:26:32.000Z", "private": false, "disabled": false, "gated": false, "pipeline_tag": "text-to-image", "tags": ["diffusers", "autotrain", "stable-diffusion-xl", "stable-diffusion-xl-diffusers", "text-to-image", "lora", "template:sd-lora", "base_model:stabilityai/stable-diffusion-xl-base-1.0", "license:openrail++", "region:us"], "downloads": 16, "library_name": "diffusers", "likes": 0, "model-index": null, "cardData": {"tags": ["autotrain", "stable-diffusion-xl", "stable-diffusion-xl-diffusers", "text-to-image", "diffusers", "lora", "template:sd-lora"], "base_model": "stabilityai/stable-diffusion-xl-base-1.0", "instance_prompt": "photo of woman", "license": "openrail++"}, "siblings": [{"rfilename": ".gitattributes"}, {"rfilename": "README.md"}, {"rfilename": "checkpoint-500/optimizer.bin"}, {"rfilename": "checkpoint-500/pytorch_lora_weights.safetensors"}, {"rfilename": "checkpoint-500/random_states_0.pkl"}, {"rfilename": "checkpoint-500/scaler.pt"}, {"rfilename": "checkpoint-500/scheduler.bin"}, {"rfilename": "prompt.txt"}, {"rfilename": "pytorch_lora_weights.safetensors"}, {"rfilename": "pytorch_lora_weights_kohya.safetensors"}, {"rfilename": "training_params.json"}], "spaces": [], "createdAt": "2024-06-24T20:26:30.000Z", "inferenceStatus": "not-loaded"}