{"_id": "64c261596aa3a75f631839c8", "id": "Za88yes/Ocha", "modelId": "Za88yes/Ocha", "author": "Za88yes", "sha": "43c3f2c010c26fe2f576cbf5f31bf9d42f58c4c5", "lastModified": "2023-07-27T19:56:37.000Z", "private": false, "disabled": false, "gated": false, "tags": ["license:creativeml-openrail-m", "region:us"], "downloads": 0, "likes": 0, "model-index": null, "cardData": {"license": "creativeml-openrail-m"}, "siblings": [{"rfilename": ".gitattributes"}, {"rfilename": "README.md"}], "spaces": [], "createdAt": "2023-07-27T12:21:45.000Z", "inferenceStatus": "not-loaded"}