{"_id": "64c6f12657e5b2cd8a070247", "id": "Za88yes/Dean", "modelId": "Za88yes/Dean", "author": "Za88yes", "sha": "710f02be5f439933ac9bef4a476d40c658708d44", "lastModified": "2023-07-31T00:07:34.000Z", "private": false, "disabled": false, "gated": false, "tags": ["license:creativeml-openrail-m", "region:us"], "downloads": 0, "likes": 0, "model-index": null, "cardData": {"license": "creativeml-openrail-m"}, "siblings": [{"rfilename": ".gitattributes"}, {"rfilename": "README.md"}, {"rfilename": "dealora.safetensors"}], "spaces": [], "createdAt": "2023-07-30T23:24:22.000Z", "inferenceStatus": "not-loaded"}