{"_id": "64b41266a8aae48db57af626", "id": "Za88yes/Irna", "modelId": "Za88yes/Irna", "author": "Za88yes", "sha": "12206c7e76c2c10e4558be7aede2b159fe2f365d", "lastModified": "2023-07-28T12:13:47.000Z", "private": false, "disabled": false, "gated": false, "tags": ["license:creativeml-openrail-m", "region:us"], "downloads": 0, "likes": 0, "model-index": null, "cardData": {"license": "creativeml-openrail-m"}, "siblings": [{"rfilename": ".gitattributes"}, {"rfilename": "README.md"}, {"rfilename": "irnalora.safetensors"}], "spaces": [], "createdAt": "2023-07-16T15:53:10.000Z", "inferenceStatus": "not-loaded"}