{"_id": "64bf026a01f1983a86aaee05", "id": "Za88yes/Nune", "modelId": "Za88yes/Nune", "author": "Za88yes", "sha": "afd3c3a60e43973a4ba62158e03bda34c8c1bb94", "lastModified": "2023-07-24T23:01:54.000Z", "private": false, "disabled": false, "gated": false, "tags": ["license:creativeml-openrail-m", "region:us"], "downloads": 0, "likes": 0, "model-index": null, "cardData": {"license": "creativeml-openrail-m"}, "siblings": [{"rfilename": ".gitattributes"}, {"rfilename": "README.md"}, {"rfilename": "nunelora.safetensors"}], "spaces": [], "createdAt": "2023-07-24T22:59:54.000Z", "inferenceStatus": "not-loaded"}