{"_id": "64cea7024dfd5df70702a5e2", "id": "Za88yes/Ris", "modelId": "Za88yes/Ris", "author": "Za88yes", "sha": "7ac0e514304f7c6aee86fe249a787ac53c602369", "lastModified": "2023-08-06T04:14:33.000Z", "private": false, "disabled": false, "gated": false, "tags": ["license:creativeml-openrail-m", "region:us"], "downloads": 0, "likes": 0, "model-index": null, "cardData": {"license": "creativeml-openrail-m"}, "siblings": [{"rfilename": ".gitattributes"}, {"rfilename": "README.md"}, {"rfilename": "lizalora-10.safetensors"}, {"rfilename": "rislora.safetensors"}], "spaces": [], "createdAt": "2023-08-05T19:46:10.000Z", "inferenceStatus": "not-loaded"}