{"_id": "667a34839715dee1c9533bef", "id": "Za88yes/0c4-projt", "modelId": "Za88yes/0c4-projt", "author": "Za88yes", "sha": "cab4463073ff631bd0b582447139b064ef06a83a", "lastModified": "2024-06-25T03:07:49.000Z", "private": false, "disabled": false, "gated": false, "pipeline_tag": "text-to-image", "tags": ["diffusers", "autotrain", "stable-diffusion-xl", "stable-diffusion-xl-diffusers", "text-to-image", "lora", "template:sd-lora", "base_model:stabilityai/stable-diffusion-xl-base-1.0", "license:openrail++", "region:us"], "downloads": 16, "library_name": "diffusers", "likes": 0, "model-index": null, "cardData": {"tags": ["autotrain", "stable-diffusion-xl", "stable-diffusion-xl-diffusers", "text-to-image", "diffusers", "lora", "template:sd-lora"], "base_model": "stabilityai/stable-diffusion-xl-base-1.0", "instance_prompt": "photo of woman", "license": "openrail++"}, "siblings": [{"rfilename": ".gitattributes"}, {"rfilename": "README.md"}, {"rfilename": "checkpoint-500/optimizer.bin"}, {"rfilename": "checkpoint-500/pytorch_lora_weights.safetensors"}, {"rfilename": "checkpoint-500/random_states_0.pkl"}, {"rfilename": "checkpoint-500/scaler.pt"}, {"rfilename": "checkpoint-500/scheduler.bin"}, {"rfilename": "prompt.txt"}, {"rfilename": "pytorch_lora_weights.safetensors"}, {"rfilename": "pytorch_lora_weights_kohya.safetensors"}, {"rfilename": "training_params.json"}], "spaces": [], "createdAt": "2024-06-25T03:07:47.000Z", "inferenceStatus": "not-loaded"}