{"_id": "667f205ef96afc102e2a8460", "id": "Za88yes/R1a_rC1s_new", "modelId": "Za88yes/R1a_rC1s_new", "author": "Za88yes", "sha": "a8af1a11b4e8f0786eeee95147a5621c2acfefae", "lastModified": "2024-06-28T20:43:14.000Z", "private": false, "disabled": false, "gated": false, "pipeline_tag": "text-to-image", "tags": ["diffusers", "autotrain", "stable-diffusion-xl", "stable-diffusion-xl-diffusers", "text-to-image", "lora", "template:sd-lora", "base_model:stabilityai/stable-diffusion-xl-base-1.0", "license:openrail++", "region:us"], "downloads": 12, "library_name": "diffusers", "likes": 0, "model-index": null, "cardData": {"tags": ["autotrain", "stable-diffusion-xl", "stable-diffusion-xl-diffusers", "text-to-image", "diffusers", "lora", "template:sd-lora"], "base_model": "stabilityai/stable-diffusion-xl-base-1.0", "instance_prompt": "photo of woman", "license": "openrail++"}, "siblings": [{"rfilename": ".gitattributes"}, {"rfilename": "README.md"}, {"rfilename": "checkpoint-500/optimizer.bin"}, {"rfilename": "checkpoint-500/pytorch_lora_weights.safetensors"}, {"rfilename": "checkpoint-500/random_states_0.pkl"}, {"rfilename": "checkpoint-500/scaler.pt"}, {"rfilename": "checkpoint-500/scheduler.bin"}, {"rfilename": "prompt.txt"}, {"rfilename": "pytorch_lora_weights.safetensors"}, {"rfilename": "pytorch_lora_weights_kohya.safetensors"}, {"rfilename": "training_params.json"}], "spaces": [], "createdAt": "2024-06-28T20:43:10.000Z", "inferenceStatus": "not-loaded"}