{"_id": "64ce908d73174cecdf95dc2d", "id": "Za88yes/Ri5", "modelId": "Za88yes/Ri5", "author": "Za88yes", "sha": "9fab6c3258b17041bddd0be6c6bf95e75f325e33", "lastModified": "2023-08-05T23:18:05.000Z", "private": false, "disabled": false, "gated": false, "tags": ["license:creativeml-openrail-m", "region:us"], "downloads": 0, "likes": 0, "model-index": null, "cardData": {"license": "creativeml-openrail-m"}, "siblings": [{"rfilename": ".gitattributes"}, {"rfilename": "README.md"}, {"rfilename": "riac-10.safetensors"}, {"rfilename": "rislora-10.safetensors"}], "spaces": [], "createdAt": "2023-08-05T18:10:21.000Z", "inferenceStatus": "not-loaded"}