{"_id": "65d5e4d60cf28bf955d638ce", "id": "zaa-hamza/microsoft-table-transformer", "modelId": "zaa-hamza/microsoft-table-transformer", "author": "zaa-hamza", "sha": "accfe96b175887969c07e16e37f2b44dc58c50d7", "lastModified": "2024-02-21T12:02:47.000Z", "private": false, "disabled": false, "gated": false, "pipeline_tag": "object-detection", "tags": ["transformers", "pytorch", "detr", "object-detection", "license:other", "endpoints_compatible", "region:us"], "downloads": 2, "library_name": "transformers", "likes": 0, "model-index": null, "config": {"architectures": ["DetrForObjectDetection"], "model_type": "detr"}, "cardData": {"license": "other", "license_name": "mit", "license_link": "LICENSE"}, "transformersInfo": {"auto_model": "AutoModelForObjectDetection", "pipeline_tag": "object-detection", "processor": "AutoImageProcessor"}, "siblings": [{"rfilename": ".gitattributes"}, {"rfilename": "LICENSE"}, {"rfilename": "README.md"}, {"rfilename": "config.json"}, {"rfilename": "pytorch_model.bin"}], "spaces": [], "createdAt": "2024-02-21T11:56:06.000Z", "inferenceStatus": "not-loaded"}