{"_id": "65d5ec5ff1d3717551761dda", "id": "zaa-hamza/Microsoft-tbt", "modelId": "zaa-hamza/Microsoft-tbt", "author": "zaa-hamza", "sha": "35fa184cfb3effc4fcd2f9bdbcfdbed6a253601f", "lastModified": "2024-02-21T12:29:43.000Z", "private": false, "disabled": false, "gated": false, "pipeline_tag": "object-detection", "tags": ["transformers", "pytorch", "detr", "object-detection", "license:mit", "endpoints_compatible", "region:us"], "downloads": 0, "library_name": "transformers", "likes": 0, "model-index": null, "config": {"architectures": ["DetrForObjectDetection"], "model_type": "detr"}, "cardData": {"license": "mit"}, "transformersInfo": {"auto_model": "AutoModelForObjectDetection", "pipeline_tag": "object-detection", "processor": "AutoImageProcessor"}, "siblings": [{"rfilename": ".gitattributes"}, {"rfilename": "README.md"}, {"rfilename": "config.json"}, {"rfilename": "pytorch_model.bin"}], "spaces": [], "createdAt": "2024-02-21T12:28:15.000Z", "inferenceStatus": "not-loaded"}