{"_id": "65dddb4dc5828c3c7eadb30c", "id": "ZaaCo/distilbert-base-uncased-finetuned-cola", "modelId": "ZaaCo/distilbert-base-uncased-finetuned-cola", "author": "ZaaCo", "sha": "96889ea8a67722fcd85330ebe00c947ffd4590c0", "lastModified": "2024-03-04T18:50:32.000Z", "private": false, "disabled": false, "gated": false, "pipeline_tag": "text-classification", "tags": ["transformers", "tensorboard", "safetensors", "distilbert", "text-classification", "generated_from_trainer", "base_model:distilbert-base-uncased", "license:apache-2.0", "autotrain_compatible", "endpoints_compatible", "region:us"], "downloads": 2, "library_name": "transformers", "mask_token": "[MASK]", "widgetData": [{"text": "I like you. I love you"}], "likes": 0, "model-index": [{"name": "distilbert-base-uncased-finetuned-cola", "results": []}], "config": {"architectures": ["DistilBertForSequenceClassification"], "model_type": "distilbert", "tokenizer_config": {"cls_token": "[CLS]", "mask_token": "[MASK]", "pad_token": "[PAD]", "sep_token": "[SEP]", "unk_token": "[UNK]"}}, "cardData": {"license": "apache-2.0", "base_model": "distilbert-base-uncased", "tags": ["generated_from_trainer"], "metrics": ["matthews_correlation"], "model-index": [{"name": "distilbert-base-uncased-finetuned-cola", "results": []}]}, "transformersInfo": {"auto_model": "AutoModelForSequenceClassification", "pipeline_tag": "text-classification", "processor": "AutoTokenizer"}, "siblings": [{"rfilename": ".gitattributes"}, {"rfilename": "README.md"}, {"rfilename": "config.json"}, {"rfilename": "model.safetensors"}, {"rfilename": "run-0/checkpoint-107/config.json"}, {"rfilename": "run-0/checkpoint-107/model.safetensors"}, {"rfilename": "run-0/checkpoint-107/optimizer.pt"}, {"rfilename": "run-0/checkpoint-107/rng_state.pth"}, {"rfilename": "run-0/checkpoint-107/scheduler.pt"}, {"rfilename": "run-0/checkpoint-107/special_tokens_map.json"}, {"rfilename": "run-0/checkpoint-107/tokenizer.json"}, {"rfilename": "run-0/checkpoint-107/tokenizer_config.json"}, {"rfilename": "run-0/checkpoint-107/trainer_state.json"}, {"rfilename": "run-0/checkpoint-107/training_args.bin"}, {"rfilename": "run-0/checkpoint-107/vocab.txt"}, {"rfilename": "run-0/checkpoint-214/config.json"}, {"rfilename": "run-0/checkpoint-214/model.safetensors"}, {"rfilename": "run-0/checkpoint-214/optimizer.pt"}, {"rfilename": "run-0/checkpoint-214/rng_state.pth"}, {"rfilename": "run-0/checkpoint-214/scheduler.pt"}, {"rfilename": "run-0/checkpoint-214/special_tokens_map.json"}, {"rfilename": "run-0/checkpoint-214/tokenizer.json"}, {"rfilename": "run-0/checkpoint-214/tokenizer_config.json"}, {"rfilename": "run-0/checkpoint-214/trainer_state.json"}, {"rfilename": "run-0/checkpoint-214/training_args.bin"}, {"rfilename": "run-0/checkpoint-214/vocab.txt"}, {"rfilename": "run-0/checkpoint-321/config.json"}, {"rfilename": "run-0/checkpoint-321/model.safetensors"}, {"rfilename": "run-0/checkpoint-321/optimizer.pt"}, {"rfilename": "run-0/checkpoint-321/rng_state.pth"}, {"rfilename": "run-0/checkpoint-321/scheduler.pt"}, {"rfilename": "run-0/checkpoint-321/special_tokens_map.json"}, {"rfilename": "run-0/checkpoint-321/tokenizer.json"}, {"rfilename": "run-0/checkpoint-321/tokenizer_config.json"}, {"rfilename": "run-0/checkpoint-321/trainer_state.json"}, {"rfilename": "run-0/checkpoint-321/training_args.bin"}, {"rfilename": "run-0/checkpoint-321/vocab.txt"}, {"rfilename": "run-0/checkpoint-428/config.json"}, {"rfilename": "run-0/checkpoint-428/model.safetensors"}, {"rfilename": "run-0/checkpoint-428/optimizer.pt"}, {"rfilename": "run-0/checkpoint-428/rng_state.pth"}, {"rfilename": "run-0/checkpoint-428/scheduler.pt"}, {"rfilename": "run-0/checkpoint-428/special_tokens_map.json"}, {"rfilename": "run-0/checkpoint-428/tokenizer.json"}, {"rfilename": "run-0/checkpoint-428/tokenizer_config.json"}, {"rfilename": "run-0/checkpoint-428/trainer_state.json"}, {"rfilename": "run-0/checkpoint-428/training_args.bin"}, {"rfilename": "run-0/checkpoint-428/vocab.txt"}, {"rfilename": "run-1/checkpoint-107/config.json"}, {"rfilename": "run-1/checkpoint-107/model.safetensors"}, {"rfilename": "run-1/checkpoint-107/optimizer.pt"}, {"rfilename": "run-1/checkpoint-107/rng_state.pth"}, {"rfilename": "run-1/checkpoint-107/scheduler.pt"}, {"rfilename": "run-1/checkpoint-107/special_tokens_map.json"}, {"rfilename": "run-1/checkpoint-107/tokenizer.json"}, {"rfilename": "run-1/checkpoint-107/tokenizer_config.json"}, {"rfilename": "run-1/checkpoint-107/trainer_state.json"}, {"rfilename": "run-1/checkpoint-107/training_args.bin"}, {"rfilename": "run-1/checkpoint-107/vocab.txt"}, {"rfilename": "run-1/checkpoint-54/config.json"}, {"rfilename": "run-1/checkpoint-54/model.safetensors"}, {"rfilename": "run-1/checkpoint-54/optimizer.pt"}, {"rfilename": "run-1/checkpoint-54/rng_state.pth"}, {"rfilename": "run-1/checkpoint-54/scheduler.pt"}, {"rfilename": "run-1/checkpoint-54/special_tokens_map.json"}, {"rfilename": "run-1/checkpoint-54/tokenizer.json"}, {"rfilename": "run-1/checkpoint-54/tokenizer_config.json"}, {"rfilename": "run-1/checkpoint-54/trainer_state.json"}, {"rfilename": "run-1/checkpoint-54/training_args.bin"}, {"rfilename": "run-1/checkpoint-54/vocab.txt"}, {"rfilename": "run-2/checkpoint-214/config.json"}, {"rfilename": "run-2/checkpoint-214/model.safetensors"}, {"rfilename": "run-2/checkpoint-214/optimizer.pt"}, {"rfilename": "run-2/checkpoint-214/rng_state.pth"}, {"rfilename": "run-2/checkpoint-214/scheduler.pt"}, {"rfilename": "run-2/checkpoint-214/special_tokens_map.json"}, {"rfilename": "run-2/checkpoint-214/tokenizer.json"}, {"rfilename": "run-2/checkpoint-214/tokenizer_config.json"}, {"rfilename": "run-2/checkpoint-214/trainer_state.json"}, {"rfilename": "run-2/checkpoint-214/training_args.bin"}, {"rfilename": "run-2/checkpoint-214/vocab.txt"}, {"rfilename": "run-2/checkpoint-428/config.json"}, {"rfilename": "run-2/checkpoint-428/model.safetensors"}, {"rfilename": "run-2/checkpoint-428/optimizer.pt"}, {"rfilename": "run-2/checkpoint-428/rng_state.pth"}, {"rfilename": "run-2/checkpoint-428/scheduler.pt"}, {"rfilename": "run-2/checkpoint-428/special_tokens_map.json"}, {"rfilename": "run-2/checkpoint-428/tokenizer.json"}, {"rfilename": "run-2/checkpoint-428/tokenizer_config.json"}, {"rfilename": "run-2/checkpoint-428/trainer_state.json"}, {"rfilename": "run-2/checkpoint-428/training_args.bin"}, {"rfilename": "run-2/checkpoint-428/vocab.txt"}, {"rfilename": "run-2/checkpoint-642/config.json"}, {"rfilename": "run-2/checkpoint-642/model.safetensors"}, {"rfilename": "run-2/checkpoint-642/optimizer.pt"}, {"rfilename": "run-2/checkpoint-642/rng_state.pth"}, {"rfilename": "run-2/checkpoint-642/scheduler.pt"}, {"rfilename": "run-2/checkpoint-642/special_tokens_map.json"}, {"rfilename": "run-2/checkpoint-642/tokenizer.json"}, {"rfilename": "run-2/checkpoint-642/tokenizer_config.json"}, {"rfilename": "run-2/checkpoint-642/trainer_state.json"}, {"rfilename": "run-2/checkpoint-642/training_args.bin"}, {"rfilename": "run-2/checkpoint-642/vocab.txt"}, {"rfilename": "run-2/checkpoint-856/config.json"}, {"rfilename": "run-2/checkpoint-856/model.safetensors"}, {"rfilename": "run-2/checkpoint-856/optimizer.pt"}, {"rfilename": "run-2/checkpoint-856/rng_state.pth"}, {"rfilename": "run-2/checkpoint-856/scheduler.pt"}, {"rfilename": "run-2/checkpoint-856/special_tokens_map.json"}, {"rfilename": "run-2/checkpoint-856/tokenizer.json"}, {"rfilename": "run-2/checkpoint-856/tokenizer_config.json"}, {"rfilename": "run-2/checkpoint-856/trainer_state.json"}, {"rfilename": "run-2/checkpoint-856/training_args.bin"}, {"rfilename": "run-2/checkpoint-856/vocab.txt"}, {"rfilename": "run-3/checkpoint-214/config.json"}, {"rfilename": "run-3/checkpoint-214/model.safetensors"}, {"rfilename": "run-3/checkpoint-214/optimizer.pt"}, {"rfilename": "run-3/checkpoint-214/rng_state.pth"}, {"rfilename": "run-3/checkpoint-214/scheduler.pt"}, {"rfilename": "run-3/checkpoint-214/special_tokens_map.json"}, {"rfilename": "run-3/checkpoint-214/tokenizer.json"}, {"rfilename": "run-3/checkpoint-214/tokenizer_config.json"}, {"rfilename": "run-3/checkpoint-214/trainer_state.json"}, {"rfilename": "run-3/checkpoint-214/training_args.bin"}, {"rfilename": "run-3/checkpoint-214/vocab.txt"}, {"rfilename": "run-3/checkpoint-428/config.json"}, {"rfilename": "run-3/checkpoint-428/model.safetensors"}, {"rfilename": "run-3/checkpoint-428/optimizer.pt"}, {"rfilename": "run-3/checkpoint-428/rng_state.pth"}, {"rfilename": "run-3/checkpoint-428/scheduler.pt"}, {"rfilename": "run-3/checkpoint-428/special_tokens_map.json"}, {"rfilename": "run-3/checkpoint-428/tokenizer.json"}, {"rfilename": "run-3/checkpoint-428/tokenizer_config.json"}, {"rfilename": "run-3/checkpoint-428/trainer_state.json"}, {"rfilename": "run-3/checkpoint-428/training_args.bin"}, {"rfilename": "run-3/checkpoint-428/vocab.txt"}, {"rfilename": "run-3/checkpoint-642/config.json"}, {"rfilename": "run-3/checkpoint-642/model.safetensors"}, {"rfilename": "run-3/checkpoint-642/optimizer.pt"}, {"rfilename": "run-3/checkpoint-642/rng_state.pth"}, {"rfilename": "run-3/checkpoint-642/scheduler.pt"}, {"rfilename": "run-3/checkpoint-642/special_tokens_map.json"}, {"rfilename": "run-3/checkpoint-642/tokenizer.json"}, {"rfilename": "run-3/checkpoint-642/tokenizer_config.json"}, {"rfilename": "run-3/checkpoint-642/trainer_state.json"}, {"rfilename": "run-3/checkpoint-642/training_args.bin"}, {"rfilename": "run-3/checkpoint-642/vocab.txt"}, {"rfilename": "run-3/checkpoint-856/config.json"}, {"rfilename": "run-3/checkpoint-856/model.safetensors"}, {"rfilename": "run-3/checkpoint-856/optimizer.pt"}, {"rfilename": "run-3/checkpoint-856/rng_state.pth"}, {"rfilename": "run-3/checkpoint-856/scheduler.pt"}, {"rfilename": "run-3/checkpoint-856/special_tokens_map.json"}, {"rfilename": "run-3/checkpoint-856/tokenizer.json"}, {"rfilename": "run-3/checkpoint-856/tokenizer_config.json"}, {"rfilename": "run-3/checkpoint-856/trainer_state.json"}, {"rfilename": "run-3/checkpoint-856/training_args.bin"}, {"rfilename": "run-3/checkpoint-856/vocab.txt"}, {"rfilename": "run-4/checkpoint-108/config.json"}, {"rfilename": "run-4/checkpoint-108/model.safetensors"}, {"rfilename": "run-4/checkpoint-108/optimizer.pt"}, {"rfilename": "run-4/checkpoint-108/rng_state.pth"}, {"rfilename": "run-4/checkpoint-108/scheduler.pt"}, {"rfilename": "run-4/checkpoint-108/special_tokens_map.json"}, {"rfilename": "run-4/checkpoint-108/tokenizer.json"}, {"rfilename": "run-4/checkpoint-108/tokenizer_config.json"}, {"rfilename": "run-4/checkpoint-108/trainer_state.json"}, {"rfilename": "run-4/checkpoint-108/training_args.bin"}, {"rfilename": "run-4/checkpoint-108/vocab.txt"}, {"rfilename": "run-4/checkpoint-162/config.json"}, {"rfilename": "run-4/checkpoint-162/model.safetensors"}, {"rfilename": "run-4/checkpoint-162/optimizer.pt"}, {"rfilename": "run-4/checkpoint-162/rng_state.pth"}, {"rfilename": "run-4/checkpoint-162/scheduler.pt"}, {"rfilename": "run-4/checkpoint-162/special_tokens_map.json"}, {"rfilename": "run-4/checkpoint-162/tokenizer.json"}, {"rfilename": "run-4/checkpoint-162/tokenizer_config.json"}, {"rfilename": "run-4/checkpoint-162/trainer_state.json"}, {"rfilename": "run-4/checkpoint-162/training_args.bin"}, {"rfilename": "run-4/checkpoint-162/vocab.txt"}, {"rfilename": "run-4/checkpoint-216/config.json"}, {"rfilename": "run-4/checkpoint-216/model.safetensors"}, {"rfilename": "run-4/checkpoint-216/optimizer.pt"}, {"rfilename": "run-4/checkpoint-216/rng_state.pth"}, {"rfilename": "run-4/checkpoint-216/scheduler.pt"}, {"rfilename": "run-4/checkpoint-216/special_tokens_map.json"}, {"rfilename": "run-4/checkpoint-216/tokenizer.json"}, {"rfilename": "run-4/checkpoint-216/tokenizer_config.json"}, {"rfilename": "run-4/checkpoint-216/trainer_state.json"}, {"rfilename": "run-4/checkpoint-216/training_args.bin"}, {"rfilename": "run-4/checkpoint-216/vocab.txt"}, {"rfilename": "run-4/checkpoint-270/config.json"}, {"rfilename": "run-4/checkpoint-270/model.safetensors"}, {"rfilename": "run-4/checkpoint-270/optimizer.pt"}, {"rfilename": "run-4/checkpoint-270/rng_state.pth"}, {"rfilename": "run-4/checkpoint-270/scheduler.pt"}, {"rfilename": "run-4/checkpoint-270/special_tokens_map.json"}, {"rfilename": "run-4/checkpoint-270/tokenizer.json"}, {"rfilename": "run-4/checkpoint-270/tokenizer_config.json"}, {"rfilename": "run-4/checkpoint-270/trainer_state.json"}, {"rfilename": "run-4/checkpoint-270/training_args.bin"}, {"rfilename": "run-4/checkpoint-270/vocab.txt"}, {"rfilename": "run-4/checkpoint-54/config.json"}, {"rfilename": "run-4/checkpoint-54/model.safetensors"}, {"rfilename": "run-4/checkpoint-54/optimizer.pt"}, {"rfilename": "run-4/checkpoint-54/rng_state.pth"}, {"rfilename": "run-4/checkpoint-54/scheduler.pt"}, {"rfilename": "run-4/checkpoint-54/special_tokens_map.json"}, {"rfilename": "run-4/checkpoint-54/tokenizer.json"}, {"rfilename": "run-4/checkpoint-54/tokenizer_config.json"}, {"rfilename": "run-4/checkpoint-54/trainer_state.json"}, {"rfilename": "run-4/checkpoint-54/training_args.bin"}, {"rfilename": "run-4/checkpoint-54/vocab.txt"}, {"rfilename": "run-5/checkpoint-14/config.json"}, {"rfilename": "run-5/checkpoint-14/model.safetensors"}, {"rfilename": "run-5/checkpoint-14/optimizer.pt"}, {"rfilename": "run-5/checkpoint-14/rng_state.pth"}, {"rfilename": "run-5/checkpoint-14/scheduler.pt"}, {"rfilename": "run-5/checkpoint-14/special_tokens_map.json"}, {"rfilename": "run-5/checkpoint-14/tokenizer.json"}, {"rfilename": "run-5/checkpoint-14/tokenizer_config.json"}, {"rfilename": "run-5/checkpoint-14/trainer_state.json"}, {"rfilename": "run-5/checkpoint-14/training_args.bin"}, {"rfilename": "run-5/checkpoint-14/vocab.txt"}, {"rfilename": "run-5/checkpoint-214/config.json"}, {"rfilename": "run-5/checkpoint-214/model.safetensors"}, {"rfilename": "run-5/checkpoint-214/optimizer.pt"}, {"rfilename": "run-5/checkpoint-214/rng_state.pth"}, {"rfilename": "run-5/checkpoint-214/scheduler.pt"}, {"rfilename": "run-5/checkpoint-214/special_tokens_map.json"}, {"rfilename": "run-5/checkpoint-214/tokenizer.json"}, {"rfilename": "run-5/checkpoint-214/tokenizer_config.json"}, {"rfilename": "run-5/checkpoint-214/trainer_state.json"}, {"rfilename": "run-5/checkpoint-214/training_args.bin"}, {"rfilename": "run-5/checkpoint-214/vocab.txt"}, {"rfilename": "run-5/checkpoint-28/config.json"}, {"rfilename": "run-5/checkpoint-28/model.safetensors"}, {"rfilename": "run-5/checkpoint-28/optimizer.pt"}, {"rfilename": "run-5/checkpoint-28/rng_state.pth"}, {"rfilename": "run-5/checkpoint-28/scheduler.pt"}, {"rfilename": "run-5/checkpoint-28/special_tokens_map.json"}, {"rfilename": "run-5/checkpoint-28/tokenizer.json"}, {"rfilename": "run-5/checkpoint-28/tokenizer_config.json"}, {"rfilename": "run-5/checkpoint-28/trainer_state.json"}, {"rfilename": "run-5/checkpoint-28/training_args.bin"}, {"rfilename": "run-5/checkpoint-28/vocab.txt"}, {"rfilename": "run-5/checkpoint-42/config.json"}, {"rfilename": "run-5/checkpoint-42/model.safetensors"}, {"rfilename": "run-5/checkpoint-42/optimizer.pt"}, {"rfilename": "run-5/checkpoint-42/rng_state.pth"}, {"rfilename": "run-5/checkpoint-42/scheduler.pt"}, {"rfilename": "run-5/checkpoint-42/special_tokens_map.json"}, {"rfilename": "run-5/checkpoint-42/tokenizer.json"}, {"rfilename": "run-5/checkpoint-42/tokenizer_config.json"}, {"rfilename": "run-5/checkpoint-42/trainer_state.json"}, {"rfilename": "run-5/checkpoint-42/training_args.bin"}, {"rfilename": "run-5/checkpoint-42/vocab.txt"}, {"rfilename": "run-5/checkpoint-428/config.json"}, {"rfilename": "run-5/checkpoint-428/model.safetensors"}, {"rfilename": "run-5/checkpoint-428/optimizer.pt"}, {"rfilename": "run-5/checkpoint-428/rng_state.pth"}, {"rfilename": "run-5/checkpoint-428/scheduler.pt"}, {"rfilename": "run-5/checkpoint-428/special_tokens_map.json"}, {"rfilename": "run-5/checkpoint-428/tokenizer.json"}, {"rfilename": "run-5/checkpoint-428/tokenizer_config.json"}, {"rfilename": "run-5/checkpoint-428/trainer_state.json"}, {"rfilename": "run-5/checkpoint-428/training_args.bin"}, {"rfilename": "run-5/checkpoint-428/vocab.txt"}, {"rfilename": "run-5/checkpoint-56/config.json"}, {"rfilename": "run-5/checkpoint-56/model.safetensors"}, {"rfilename": "run-5/checkpoint-56/optimizer.pt"}, {"rfilename": "run-5/checkpoint-56/rng_state.pth"}, {"rfilename": "run-5/checkpoint-56/scheduler.pt"}, {"rfilename": "run-5/checkpoint-56/special_tokens_map.json"}, {"rfilename": "run-5/checkpoint-56/tokenizer.json"}, {"rfilename": "run-5/checkpoint-56/tokenizer_config.json"}, {"rfilename": "run-5/checkpoint-56/trainer_state.json"}, {"rfilename": "run-5/checkpoint-56/training_args.bin"}, {"rfilename": "run-5/checkpoint-56/vocab.txt"}, {"rfilename": "run-5/checkpoint-642/config.json"}, {"rfilename": "run-5/checkpoint-642/model.safetensors"}, {"rfilename": "run-5/checkpoint-642/optimizer.pt"}, {"rfilename": "run-5/checkpoint-642/rng_state.pth"}, {"rfilename": "run-5/checkpoint-642/scheduler.pt"}, {"rfilename": "run-5/checkpoint-642/special_tokens_map.json"}, {"rfilename": "run-5/checkpoint-642/tokenizer.json"}, {"rfilename": "run-5/checkpoint-642/tokenizer_config.json"}, {"rfilename": "run-5/checkpoint-642/trainer_state.json"}, {"rfilename": "run-5/checkpoint-642/training_args.bin"}, {"rfilename": "run-5/checkpoint-642/vocab.txt"}, {"rfilename": "run-6/checkpoint-107/config.json"}, {"rfilename": "run-6/checkpoint-107/model.safetensors"}, {"rfilename": "run-6/checkpoint-107/optimizer.pt"}, {"rfilename": "run-6/checkpoint-107/rng_state.pth"}, {"rfilename": "run-6/checkpoint-107/scheduler.pt"}, {"rfilename": "run-6/checkpoint-107/special_tokens_map.json"}, {"rfilename": "run-6/checkpoint-107/tokenizer.json"}, {"rfilename": "run-6/checkpoint-107/tokenizer_config.json"}, {"rfilename": "run-6/checkpoint-107/trainer_state.json"}, {"rfilename": "run-6/checkpoint-107/training_args.bin"}, {"rfilename": "run-6/checkpoint-107/vocab.txt"}, {"rfilename": "run-6/checkpoint-108/config.json"}, {"rfilename": "run-6/checkpoint-108/model.safetensors"}, {"rfilename": "run-6/checkpoint-108/optimizer.pt"}, {"rfilename": "run-6/checkpoint-108/rng_state.pth"}, {"rfilename": "run-6/checkpoint-108/scheduler.pt"}, {"rfilename": "run-6/checkpoint-108/special_tokens_map.json"}, {"rfilename": "run-6/checkpoint-108/tokenizer.json"}, {"rfilename": "run-6/checkpoint-108/tokenizer_config.json"}, {"rfilename": "run-6/checkpoint-108/trainer_state.json"}, {"rfilename": "run-6/checkpoint-108/training_args.bin"}, {"rfilename": "run-6/checkpoint-108/vocab.txt"}, {"rfilename": "run-6/checkpoint-135/config.json"}, {"rfilename": "run-6/checkpoint-135/model.safetensors"}, {"rfilename": "run-6/checkpoint-135/optimizer.pt"}, {"rfilename": "run-6/checkpoint-135/rng_state.pth"}, {"rfilename": "run-6/checkpoint-135/scheduler.pt"}, {"rfilename": "run-6/checkpoint-135/special_tokens_map.json"}, {"rfilename": "run-6/checkpoint-135/tokenizer.json"}, {"rfilename": "run-6/checkpoint-135/tokenizer_config.json"}, {"rfilename": "run-6/checkpoint-135/trainer_state.json"}, {"rfilename": "run-6/checkpoint-135/training_args.bin"}, {"rfilename": "run-6/checkpoint-135/vocab.txt"}, {"rfilename": "run-6/checkpoint-214/config.json"}, {"rfilename": "run-6/checkpoint-214/model.safetensors"}, {"rfilename": "run-6/checkpoint-214/optimizer.pt"}, {"rfilename": "run-6/checkpoint-214/rng_state.pth"}, {"rfilename": "run-6/checkpoint-214/scheduler.pt"}, {"rfilename": "run-6/checkpoint-214/special_tokens_map.json"}, {"rfilename": "run-6/checkpoint-214/tokenizer.json"}, {"rfilename": "run-6/checkpoint-214/tokenizer_config.json"}, {"rfilename": "run-6/checkpoint-214/trainer_state.json"}, {"rfilename": "run-6/checkpoint-214/training_args.bin"}, {"rfilename": "run-6/checkpoint-214/vocab.txt"}, {"rfilename": "run-6/checkpoint-27/config.json"}, {"rfilename": "run-6/checkpoint-27/model.safetensors"}, {"rfilename": "run-6/checkpoint-27/optimizer.pt"}, {"rfilename": "run-6/checkpoint-27/rng_state.pth"}, {"rfilename": "run-6/checkpoint-27/scheduler.pt"}, {"rfilename": "run-6/checkpoint-27/special_tokens_map.json"}, {"rfilename": "run-6/checkpoint-27/tokenizer.json"}, {"rfilename": "run-6/checkpoint-27/tokenizer_config.json"}, {"rfilename": "run-6/checkpoint-27/trainer_state.json"}, {"rfilename": "run-6/checkpoint-27/training_args.bin"}, {"rfilename": "run-6/checkpoint-27/vocab.txt"}, {"rfilename": "run-6/checkpoint-54/config.json"}, {"rfilename": "run-6/checkpoint-54/model.safetensors"}, {"rfilename": "run-6/checkpoint-54/optimizer.pt"}, {"rfilename": "run-6/checkpoint-54/rng_state.pth"}, {"rfilename": "run-6/checkpoint-54/scheduler.pt"}, {"rfilename": "run-6/checkpoint-54/special_tokens_map.json"}, {"rfilename": "run-6/checkpoint-54/tokenizer.json"}, {"rfilename": "run-6/checkpoint-54/tokenizer_config.json"}, {"rfilename": "run-6/checkpoint-54/trainer_state.json"}, {"rfilename": "run-6/checkpoint-54/training_args.bin"}, {"rfilename": "run-6/checkpoint-54/vocab.txt"}, {"rfilename": "run-6/checkpoint-81/config.json"}, {"rfilename": "run-6/checkpoint-81/model.safetensors"}, {"rfilename": "run-6/checkpoint-81/optimizer.pt"}, {"rfilename": "run-6/checkpoint-81/rng_state.pth"}, {"rfilename": "run-6/checkpoint-81/scheduler.pt"}, {"rfilename": "run-6/checkpoint-81/special_tokens_map.json"}, {"rfilename": "run-6/checkpoint-81/tokenizer.json"}, {"rfilename": "run-6/checkpoint-81/tokenizer_config.json"}, {"rfilename": "run-6/checkpoint-81/trainer_state.json"}, {"rfilename": "run-6/checkpoint-81/training_args.bin"}, {"rfilename": "run-6/checkpoint-81/vocab.txt"}, {"rfilename": "run-7/checkpoint-107/config.json"}, {"rfilename": "run-7/checkpoint-107/model.safetensors"}, {"rfilename": "run-7/checkpoint-107/optimizer.pt"}, {"rfilename": "run-7/checkpoint-107/rng_state.pth"}, {"rfilename": "run-7/checkpoint-107/scheduler.pt"}, {"rfilename": "run-7/checkpoint-107/special_tokens_map.json"}, {"rfilename": "run-7/checkpoint-107/tokenizer.json"}, {"rfilename": "run-7/checkpoint-107/tokenizer_config.json"}, {"rfilename": "run-7/checkpoint-107/trainer_state.json"}, {"rfilename": "run-7/checkpoint-107/training_args.bin"}, {"rfilename": "run-7/checkpoint-107/vocab.txt"}, {"rfilename": "run-7/checkpoint-214/config.json"}, {"rfilename": "run-7/checkpoint-214/model.safetensors"}, {"rfilename": "run-7/checkpoint-214/optimizer.pt"}, {"rfilename": "run-7/checkpoint-214/rng_state.pth"}, {"rfilename": "run-7/checkpoint-214/scheduler.pt"}, {"rfilename": "run-7/checkpoint-214/special_tokens_map.json"}, {"rfilename": "run-7/checkpoint-214/tokenizer.json"}, {"rfilename": "run-7/checkpoint-214/tokenizer_config.json"}, {"rfilename": "run-7/checkpoint-214/trainer_state.json"}, {"rfilename": "run-7/checkpoint-214/training_args.bin"}, {"rfilename": "run-7/checkpoint-214/vocab.txt"}, {"rfilename": "run-7/checkpoint-27/config.json"}, {"rfilename": "run-7/checkpoint-27/model.safetensors"}, {"rfilename": "run-7/checkpoint-27/optimizer.pt"}, {"rfilename": "run-7/checkpoint-27/rng_state.pth"}, {"rfilename": "run-7/checkpoint-27/scheduler.pt"}, {"rfilename": "run-7/checkpoint-27/special_tokens_map.json"}, {"rfilename": "run-7/checkpoint-27/tokenizer.json"}, {"rfilename": "run-7/checkpoint-27/tokenizer_config.json"}, {"rfilename": "run-7/checkpoint-27/trainer_state.json"}, {"rfilename": "run-7/checkpoint-27/training_args.bin"}, {"rfilename": "run-7/checkpoint-27/vocab.txt"}, {"rfilename": "run-7/checkpoint-54/config.json"}, {"rfilename": "run-7/checkpoint-54/model.safetensors"}, {"rfilename": "run-7/checkpoint-54/optimizer.pt"}, {"rfilename": "run-7/checkpoint-54/rng_state.pth"}, {"rfilename": "run-7/checkpoint-54/scheduler.pt"}, {"rfilename": "run-7/checkpoint-54/special_tokens_map.json"}, {"rfilename": "run-7/checkpoint-54/tokenizer.json"}, {"rfilename": "run-7/checkpoint-54/tokenizer_config.json"}, {"rfilename": "run-7/checkpoint-54/trainer_state.json"}, {"rfilename": "run-7/checkpoint-54/training_args.bin"}, {"rfilename": "run-7/checkpoint-54/vocab.txt"}, {"rfilename": "run-7/checkpoint-81/config.json"}, {"rfilename": "run-7/checkpoint-81/model.safetensors"}, {"rfilename": "run-7/checkpoint-81/optimizer.pt"}, {"rfilename": "run-7/checkpoint-81/rng_state.pth"}, {"rfilename": "run-7/checkpoint-81/scheduler.pt"}, {"rfilename": "run-7/checkpoint-81/special_tokens_map.json"}, {"rfilename": "run-7/checkpoint-81/tokenizer.json"}, {"rfilename": "run-7/checkpoint-81/tokenizer_config.json"}, {"rfilename": "run-7/checkpoint-81/trainer_state.json"}, {"rfilename": "run-7/checkpoint-81/training_args.bin"}, {"rfilename": "run-7/checkpoint-81/vocab.txt"}, {"rfilename": "run-8/checkpoint-107/config.json"}, {"rfilename": "run-8/checkpoint-107/model.safetensors"}, {"rfilename": "run-8/checkpoint-107/optimizer.pt"}, {"rfilename": "run-8/checkpoint-107/rng_state.pth"}, {"rfilename": "run-8/checkpoint-107/scheduler.pt"}, {"rfilename": "run-8/checkpoint-107/special_tokens_map.json"}, {"rfilename": "run-8/checkpoint-107/tokenizer.json"}, {"rfilename": "run-8/checkpoint-107/tokenizer_config.json"}, {"rfilename": "run-8/checkpoint-107/trainer_state.json"}, {"rfilename": "run-8/checkpoint-107/training_args.bin"}, {"rfilename": "run-8/checkpoint-107/vocab.txt"}, {"rfilename": "run-8/checkpoint-214/config.json"}, {"rfilename": "run-8/checkpoint-214/model.safetensors"}, {"rfilename": "run-8/checkpoint-214/optimizer.pt"}, {"rfilename": "run-8/checkpoint-214/rng_state.pth"}, {"rfilename": "run-8/checkpoint-214/scheduler.pt"}, {"rfilename": "run-8/checkpoint-214/special_tokens_map.json"}, {"rfilename": "run-8/checkpoint-214/tokenizer.json"}, {"rfilename": "run-8/checkpoint-214/tokenizer_config.json"}, {"rfilename": "run-8/checkpoint-214/trainer_state.json"}, {"rfilename": "run-8/checkpoint-214/training_args.bin"}, {"rfilename": "run-8/checkpoint-214/vocab.txt"}, {"rfilename": "run-9/checkpoint-14/config.json"}, {"rfilename": "run-9/checkpoint-14/model.safetensors"}, {"rfilename": "run-9/checkpoint-14/optimizer.pt"}, {"rfilename": "run-9/checkpoint-14/rng_state.pth"}, {"rfilename": "run-9/checkpoint-14/scheduler.pt"}, {"rfilename": "run-9/checkpoint-14/special_tokens_map.json"}, {"rfilename": "run-9/checkpoint-14/tokenizer.json"}, {"rfilename": "run-9/checkpoint-14/tokenizer_config.json"}, {"rfilename": "run-9/checkpoint-14/trainer_state.json"}, {"rfilename": "run-9/checkpoint-14/training_args.bin"}, {"rfilename": "run-9/checkpoint-14/vocab.txt"}, {"rfilename": "run-9/checkpoint-214/config.json"}, {"rfilename": "run-9/checkpoint-214/model.safetensors"}, {"rfilename": "run-9/checkpoint-214/optimizer.pt"}, {"rfilename": "run-9/checkpoint-214/rng_state.pth"}, {"rfilename": "run-9/checkpoint-214/scheduler.pt"}, {"rfilename": "run-9/checkpoint-214/special_tokens_map.json"}, {"rfilename": "run-9/checkpoint-214/tokenizer.json"}, {"rfilename": "run-9/checkpoint-214/tokenizer_config.json"}, {"rfilename": "run-9/checkpoint-214/trainer_state.json"}, {"rfilename": "run-9/checkpoint-214/training_args.bin"}, {"rfilename": "run-9/checkpoint-214/vocab.txt"}, {"rfilename": "run-9/checkpoint-28/config.json"}, {"rfilename": "run-9/checkpoint-28/model.safetensors"}, {"rfilename": "run-9/checkpoint-28/optimizer.pt"}, {"rfilename": "run-9/checkpoint-28/rng_state.pth"}, {"rfilename": "run-9/checkpoint-28/scheduler.pt"}, {"rfilename": "run-9/checkpoint-28/special_tokens_map.json"}, {"rfilename": "run-9/checkpoint-28/tokenizer.json"}, {"rfilename": "run-9/checkpoint-28/tokenizer_config.json"}, {"rfilename": "run-9/checkpoint-28/trainer_state.json"}, {"rfilename": "run-9/checkpoint-28/training_args.bin"}, {"rfilename": "run-9/checkpoint-28/vocab.txt"}, {"rfilename": "run-9/checkpoint-42/config.json"}, {"rfilename": "run-9/checkpoint-42/model.safetensors"}, {"rfilename": "run-9/checkpoint-42/optimizer.pt"}, {"rfilename": "run-9/checkpoint-42/rng_state.pth"}, {"rfilename": "run-9/checkpoint-42/scheduler.pt"}, {"rfilename": "run-9/checkpoint-42/special_tokens_map.json"}, {"rfilename": "run-9/checkpoint-42/tokenizer.json"}, {"rfilename": "run-9/checkpoint-42/tokenizer_config.json"}, {"rfilename": "run-9/checkpoint-42/trainer_state.json"}, {"rfilename": "run-9/checkpoint-42/training_args.bin"}, {"rfilename": "run-9/checkpoint-42/vocab.txt"}, {"rfilename": "run-9/checkpoint-56/config.json"}, {"rfilename": "run-9/checkpoint-56/model.safetensors"}, {"rfilename": "run-9/checkpoint-56/optimizer.pt"}, {"rfilename": "run-9/checkpoint-56/rng_state.pth"}, {"rfilename": "run-9/checkpoint-56/scheduler.pt"}, {"rfilename": "run-9/checkpoint-56/special_tokens_map.json"}, {"rfilename": "run-9/checkpoint-56/tokenizer.json"}, {"rfilename": "run-9/checkpoint-56/tokenizer_config.json"}, {"rfilename": "run-9/checkpoint-56/trainer_state.json"}, {"rfilename": "run-9/checkpoint-56/training_args.bin"}, {"rfilename": "run-9/checkpoint-56/vocab.txt"}, {"rfilename": "run-9/checkpoint-70/config.json"}, {"rfilename": "run-9/checkpoint-70/model.safetensors"}, {"rfilename": "run-9/checkpoint-70/optimizer.pt"}, {"rfilename": "run-9/checkpoint-70/rng_state.pth"}, {"rfilename": "run-9/checkpoint-70/scheduler.pt"}, {"rfilename": "run-9/checkpoint-70/special_tokens_map.json"}, {"rfilename": "run-9/checkpoint-70/tokenizer.json"}, {"rfilename": "run-9/checkpoint-70/tokenizer_config.json"}, {"rfilename": "run-9/checkpoint-70/trainer_state.json"}, {"rfilename": "run-9/checkpoint-70/training_args.bin"}, {"rfilename": "run-9/checkpoint-70/vocab.txt"}, {"rfilename": "runs/Feb27_12-45-02_ba8ab0d17a7a/events.out.tfevents.1709038446.ba8ab0d17a7a.405.0"}, {"rfilename": "runs/Feb27_12-45-02_ba8ab0d17a7a/events.out.tfevents.1709038694.ba8ab0d17a7a.405.1"}, {"rfilename": "runs/Feb27_12-45-02_ba8ab0d17a7a/events.out.tfevents.1709039028.ba8ab0d17a7a.405.2"}, {"rfilename": "runs/Feb27_12-45-02_ba8ab0d17a7a/events.out.tfevents.1709039118.ba8ab0d17a7a.405.3"}, {"rfilename": "runs/Feb27_12-45-02_ba8ab0d17a7a/events.out.tfevents.1709039222.ba8ab0d17a7a.405.4"}, {"rfilename": "runs/Feb27_12-45-02_ba8ab0d17a7a/events.out.tfevents.1709039271.ba8ab0d17a7a.405.5"}, {"rfilename": "runs/Feb27_12-45-02_ba8ab0d17a7a/events.out.tfevents.1709039358.ba8ab0d17a7a.405.6"}, {"rfilename": "runs/Feb27_12-45-02_ba8ab0d17a7a/events.out.tfevents.1709039495.ba8ab0d17a7a.405.7"}, {"rfilename": "runs/Feb27_12-45-02_ba8ab0d17a7a/events.out.tfevents.1709039634.ba8ab0d17a7a.405.8"}, {"rfilename": "runs/Feb27_12-45-02_ba8ab0d17a7a/events.out.tfevents.1709039797.ba8ab0d17a7a.405.9"}, {"rfilename": "runs/Feb27_12-45-02_ba8ab0d17a7a/events.out.tfevents.1709039999.ba8ab0d17a7a.405.10"}, {"rfilename": "runs/Feb27_12-45-02_ba8ab0d17a7a/events.out.tfevents.1709040034.ba8ab0d17a7a.405.11"}, {"rfilename": "runs/Feb27_12-45-02_ba8ab0d17a7a/events.out.tfevents.1709040307.ba8ab0d17a7a.405.12"}, {"rfilename": "runs/Mar04_18-27-47_c54f83add3d5/events.out.tfevents.1709576893.c54f83add3d5.171.0"}, {"rfilename": "runs/Mar04_18-27-47_c54f83add3d5/events.out.tfevents.1709577263.c54f83add3d5.171.1"}, {"rfilename": "runs/Mar04_18-27-47_c54f83add3d5/events.out.tfevents.1709577382.c54f83add3d5.171.2"}, {"rfilename": "runs/Mar04_18-27-47_c54f83add3d5/events.out.tfevents.1709577426.c54f83add3d5.171.3"}, {"rfilename": "runs/Mar04_18-27-47_c54f83add3d5/events.out.tfevents.1709577488.c54f83add3d5.171.4"}, {"rfilename": "runs/Mar04_18-27-47_c54f83add3d5/events.out.tfevents.1709577595.c54f83add3d5.171.5"}, {"rfilename": "runs/Mar04_18-27-47_c54f83add3d5/events.out.tfevents.1709577701.c54f83add3d5.171.6"}, {"rfilename": "runs/Mar04_18-27-47_c54f83add3d5/events.out.tfevents.1709577808.c54f83add3d5.171.7"}, {"rfilename": "runs/Mar04_18-27-47_c54f83add3d5/events.out.tfevents.1709577921.c54f83add3d5.171.8"}, {"rfilename": "runs/Mar04_18-27-47_c54f83add3d5/events.out.tfevents.1709577953.c54f83add3d5.171.9"}, {"rfilename": "runs/Mar04_18-27-47_c54f83add3d5/events.out.tfevents.1709577984.c54f83add3d5.171.10"}, {"rfilename": "runs/Mar04_18-27-47_c54f83add3d5/events.out.tfevents.1709578052.c54f83add3d5.171.11"}, {"rfilename": "special_tokens_map.json"}, {"rfilename": "tokenizer.json"}, {"rfilename": "tokenizer_config.json"}, {"rfilename": "training_args.bin"}, {"rfilename": "vocab.txt"}], "spaces": [], "createdAt": "2024-02-27T12:53:33.000Z", "safetensors": {"parameters": {"F32": 66955010}, "total": 66955010}, "inferenceStatus": "not-loaded"}