{"_id": "6673aa1513ab0d49ebd0c6d0", "id": "zaaemu/makoto-shinkai-Lora", "modelId": "zaaemu/makoto-shinkai-Lora", "author": "zaaemu", "sha": "1d973ea52a78b06105f87482f12eab18e0408553", "lastModified": "2024-06-20T04:09:11.000Z", "private": false, "disabled": false, "gated": false, "tags": ["region:us"], "downloads": 0, "likes": 0, "siblings": [{"rfilename": ".gitattributes"}, {"rfilename": "Shinkai_style.safetensors"}], "spaces": [], "createdAt": "2024-06-20T04:03:33.000Z", "inferenceStatus": "not-loaded"}