{"_id": "6579e6264a0f7f66e7abf664", "id": "zaanind/nllb-ensi-v1.6", "modelId": "zaanind/nllb-ensi-v1.6", "author": "zaanind", "sha": "24133fa7f4808eb2089d0040405876df3c17e05e", "lastModified": "2024-07-08T17:27:36.000Z", "private": false, "disabled": false, "gated": false, "pipeline_tag": "translation", "tags": ["transformers", "pytorch", "m2m_100", "text2text-generation", "translation", "en", "si", "dataset:zaanind/sinhala_englsih_parrel_corpus", "dataset:zaanind/sinhala_englsih_nmt", "license:cc-by-nc-4.0", "autotrain_compatible", "endpoints_compatible", "region:us"], "downloads": 36, "library_name": "transformers", "widgetData": [{"text": "you will receive a notification when your order is ready for pickup", "example_title": "example 1"}, {"text": "you will receive a response to your inquiry within 24 hours", "example_title": "example 2"}, {"text": "i'm glad i could make it to your birthday event it was such a memorable experience", "example_title": "example 3"}], "likes": 0, "model-index": null, "config": {"architectures": ["M2M100ForConditionalGeneration"], "model_type": "m2m_100", "tokenizer_config": {"bos_token": "<s>", "cls_token": "<s>", "eos_token": "</s>", "mask_token": {"__type": "AddedToken", "content": "<mask>", "lstrip": true, "normalized": true, "rstrip": false, "single_word": false}, "pad_token": "<pad>", "sep_token": "</s>", "unk_token": "<unk>"}}, "cardData": {"license": "cc-by-nc-4.0", "language": ["en", "si"], "pipeline_tag": "translation", "datasets": ["zaanind/sinhala_englsih_parrel_corpus", "zaanind/sinhala_englsih_nmt"], "inference": {"parameters": {"src_lang": "eng_Latn", "tgt_lang": "sin_Sinh"}}, "widget": [{"text": "you will receive a notification when your order is ready for pickup", "example_title": "example 1"}, {"text": "you will receive a response to your inquiry within 24 hours", "example_title": "example 2"}, {"text": "i'm glad i could make it to your birthday event it was such a memorable experience", "example_title": "example 3"}]}, "transformersInfo": {"auto_model": "AutoModelForSeq2SeqLM", "pipeline_tag": "text2text-generation", "processor": "AutoTokenizer"}, "siblings": [{"rfilename": ".gitattributes"}, {"rfilename": "README.md"}, {"rfilename": "config.json"}, {"rfilename": "generation_config.json"}, {"rfilename": "pytorch_model.bin"}, {"rfilename": "sentencepiece.bpe.model"}, {"rfilename": "special_tokens_map.json"}, {"rfilename": "tokenizer.json"}, {"rfilename": "tokenizer_config.json"}], "spaces": [], "createdAt": "2023-12-13T17:13:10.000Z", "inferenceStatus": "not-loaded"}