{"_id": "6389438043d8b0797a0c6afa", "id": "Zaasx/Zaasx1", "modelId": "Zaasx/Zaasx1", "author": "Zaasx", "sha": "1d15a8f7640f8d30eb4a0d483bae967e7e72c8d9", "lastModified": "2022-12-02T00:14:56.000Z", "private": false, "disabled": false, "gated": false, "tags": ["license:openrail", "region:us"], "downloads": 0, "likes": 0, "model-index": null, "cardData": {"license": "openrail"}, "siblings": [{"rfilename": ".gitattributes"}, {"rfilename": "README.md"}], "spaces": [], "createdAt": "2022-12-02T00:14:56.000Z", "inferenceStatus": "not-loaded"}