{"_id": "65645bd9ec7e23989915444b", "id": "zaba3ar/stable_foookus", "modelId": "zaba3ar/stable_foookus", "author": "zaba3ar", "sha": "4e80fc6b4b73b5bfe78e1e626417d9a29144cd1d", "lastModified": "2023-11-27T09:05:29.000Z", "private": false, "disabled": false, "gated": false, "tags": ["license:mit", "region:us"], "downloads": 0, "likes": 0, "model-index": null, "cardData": {"license": "mit"}, "siblings": [{"rfilename": ".gitattributes"}, {"rfilename": "README.md"}], "spaces": [], "createdAt": "2023-11-27T09:05:29.000Z", "inferenceStatus": "not-loaded"}