{"_id": "663a6f5661481eeaf1d298c0", "id": "Zabbit/GBA4iOS", "modelId": "Zabbit/GBA4iOS", "author": "Zabbit", "sha": "78c94e7972aea2dabbea195327a1446192074717", "lastModified": "2024-05-07T18:14:27.000Z", "private": false, "disabled": false, "gated": false, "tags": ["license:unknown", "region:us"], "downloads": 0, "likes": 0, "model-index": null, "cardData": {"license": "unknown"}, "siblings": [{"rfilename": ".gitattributes"}, {"rfilename": "Pokemon Unbound (v2.1.1.1).zip"}, {"rfilename": "README.md"}, {"rfilename": "Team Rocket Edition English Version.zip"}, {"rfilename": "U_FR_Adventure_Red_Beta_15_Expansion_Fix_Patch_C.gba.zip"}, {"rfilename": "U_FR_Touhou_Puppet_Play_Enhanced_(Reloaded)_v6.01.gba.zip"}, {"rfilename": "nameless v5.30.zip"}], "spaces": [], "createdAt": "2024-05-07T18:13:42.000Z", "inferenceStatus": "not-loaded"}