{"_id": "66003e2f8ae190912a20001f", "id": "Zabbonat/DDI", "modelId": "Zabbonat/DDI", "author": "Zabbonat", "sha": "a92884f601f75e764d9ab4008633767eeae89806", "lastModified": "2024-03-27T11:44:16.000Z", "private": false, "disabled": false, "gated": false, "pipeline_tag": "text-classification", "tags": ["transformers", "safetensors", "roberta", "text-classification", "en", "arxiv:1910.09700", "doi:10.57967/hf/1977", "autotrain_compatible", "endpoints_compatible", "region:us"], "downloads": 5, "library_name": "transformers", "mask_token": "<mask>", "widgetData": [{"text": "And another important point i would like to highlight, we selected google cloud as a technology partner to speed up the implementation of digital innovation"}, {"text": "We have successfully negotiated favorable terms with our suppliers, improving our cost structure"}], "likes": 0, "model-index": null, "config": {"architectures": ["RobertaForSequenceClassification"], "model_type": "roberta", "tokenizer_config": {"bos_token": "<s>", "cls_token": "<s>", "eos_token": "</s>", "mask_token": "<mask>", "pad_token": "<pad>", "sep_token": "</s>", "unk_token": "<unk>"}}, "cardData": {"language": ["en"], "widget": [{"text": "And another important point i would like to highlight, we selected google cloud as a technology partner to speed up the implementation of digital innovation"}, {"text": "We have successfully negotiated favorable terms with our suppliers, improving our cost structure"}]}, "transformersInfo": {"auto_model": "AutoModelForSequenceClassification", "pipeline_tag": "text-classification", "processor": "AutoTokenizer"}, "siblings": [{"rfilename": ".gitattributes"}, {"rfilename": "README.md"}, {"rfilename": "config.json"}, {"rfilename": "merges.txt"}, {"rfilename": "model.safetensors"}, {"rfilename": "special_tokens_map.json"}, {"rfilename": "tokenizer_config.json"}, {"rfilename": "vocab.json"}], "spaces": [], "createdAt": "2024-03-24T14:52:31.000Z", "safetensors": {"parameters": {"F32": 124647170}, "total": 124647170}, "inferenceStatus": "not-loaded"}