{"_id": "6571b62a58100816caacb3e8", "id": "zaberharun2002/65", "modelId": "zaberharun2002/65", "author": "zaberharun2002", "sha": "1265c235d6131e22ee15c16da26bc1df131f3627", "lastModified": "2023-12-07T12:10:18.000Z", "private": false, "disabled": false, "gated": false, "tags": ["license:apache-2.0", "region:us"], "downloads": 0, "likes": 0, "model-index": null, "cardData": {"license": "apache-2.0"}, "siblings": [{"rfilename": ".gitattributes"}, {"rfilename": "README.md"}], "spaces": [], "createdAt": "2023-12-07T12:10:18.000Z", "inferenceStatus": "not-loaded"}