{"_id": "65ea4f716600ad9afd7b7c44", "id": "zabir735/clip-seed-vit-4", "modelId": "zabir735/clip-seed-vit-4", "author": "zabir735", "sha": "eea103f83c628f4377dfc63ae67b2d2e58726299", "lastModified": "2024-03-08T00:41:07.000Z", "private": false, "disabled": false, "gated": false, "pipeline_tag": "zero-shot-image-classification", "tags": ["transformers", "safetensors", "clip", "zero-shot-image-classification", "generated_from_trainer", "base_model:openai/clip-vit-base-patch16", "endpoints_compatible", "region:us"], "downloads": 21, "library_name": "transformers", "likes": 0, "model-index": [{"name": "clip-seed-vit-4", "results": []}], "config": {"architectures": ["CLIPModel"], "model_type": "clip", "tokenizer_config": {"bos_token": "<|startoftext|>", "eos_token": "<|endoftext|>", "pad_token": "<|endoftext|>", "unk_token": "<|endoftext|>"}}, "cardData": {"base_model": "openai/clip-vit-base-patch16", "tags": ["generated_from_trainer"], "model-index": [{"name": "clip-seed-vit-4", "results": []}]}, "transformersInfo": {"auto_model": "AutoModelForZeroShotImageClassification", "pipeline_tag": "zero-shot-image-classification", "processor": "AutoProcessor"}, "siblings": [{"rfilename": ".gitattributes"}, {"rfilename": "README.md"}, {"rfilename": "all_results.json"}, {"rfilename": "config.json"}, {"rfilename": "eval_results.json"}, {"rfilename": "merges.txt"}, {"rfilename": "model.safetensors"}, {"rfilename": "preprocessor_config.json"}, {"rfilename": "special_tokens_map.json"}, {"rfilename": "tokenizer.json"}, {"rfilename": "tokenizer_config.json"}, {"rfilename": "train_results.json"}, {"rfilename": "trainer_state.json"}, {"rfilename": "training_args.bin"}, {"rfilename": "vocab.json"}], "spaces": [], "createdAt": "2024-03-07T23:36:17.000Z", "safetensors": {"parameters": {"F32": 149620736}, "total": 149620736}, "inferenceStatus": "not-loaded"}