{"_id": "661d426e81bc160b39458f5f", "id": "zabir735/seed-VIT-4epoch", "modelId": "zabir735/seed-VIT-4epoch", "author": "zabir735", "sha": "6a5c63c746e866acf33589155c0c83744407ae4f", "lastModified": "2024-04-15T15:06:43.000Z", "private": false, "disabled": false, "gated": false, "pipeline_tag": "image-classification", "tags": ["transformers", "tensorboard", "safetensors", "vit", "image-classification", "pytorch", "huggingpics", "model-index", "autotrain_compatible", "endpoints_compatible", "region:us"], "downloads": 2, "library_name": "transformers", "likes": 0, "model-index": [{"name": "seed-VIT-4epoch", "results": [{"task": {"name": "Image Classification", "type": "image-classification"}, "metrics": [{"name": "Accuracy", "type": "accuracy", "value": 0.9694656729698181, "verified": false}]}]}], "config": {"architectures": ["ViTForImageClassification"], "model_type": "vit"}, "cardData": {"tags": ["image-classification", "pytorch", "huggingpics"], "metrics": ["accuracy"], "model-index": [{"name": "seed-VIT-4epoch", "results": [{"task": {"name": "Image Classification", "type": "image-classification"}, "metrics": [{"name": "Accuracy", "type": "accuracy", "value": 0.9694656729698181, "verified": false}]}]}]}, "transformersInfo": {"auto_model": "AutoModelForImageClassification", "pipeline_tag": "image-classification", "processor": "AutoImageProcessor"}, "siblings": [{"rfilename": ".gitattributes"}, {"rfilename": "README.md"}, {"rfilename": "config.json"}, {"rfilename": "images/Bad.png"}, {"rfilename": "images/Good.png"}, {"rfilename": "model.safetensors"}, {"rfilename": "preprocessor_config.json"}, {"rfilename": "runs/events.out.tfevents.1713191860.2feada018ef8.245.3"}], "spaces": [], "createdAt": "2024-04-15T15:06:22.000Z", "safetensors": {"parameters": {"F32": 85800194}, "total": 85800194}, "inferenceStatus": "not-loaded"}