{"_id": "6635cb1dd43440c61677cc37", "id": "zabir735/swin-base-patch4-window7-224-in22k-finetuned-batch8-22k", "modelId": "zabir735/swin-base-patch4-window7-224-in22k-finetuned-batch8-22k", "author": "zabir735", "sha": "94b56d3edd24a867b542be5d4e52e7316ea133e0", "lastModified": "2024-05-04T05:51:25.000Z", "private": false, "disabled": false, "gated": false, "pipeline_tag": "image-classification", "tags": ["transformers", "tensorboard", "safetensors", "swin", "image-classification", "generated_from_trainer", "dataset:imagefolder", "base_model:microsoft/swin-base-patch4-window7-224-in22k", "license:apache-2.0", "model-index", "autotrain_compatible", "endpoints_compatible", "region:us"], "downloads": 2, "library_name": "transformers", "likes": 0, "model-index": [{"name": "swin-base-patch4-window7-224-in22k-finetuned-batch8-22k", "results": [{"task": {"name": "Image Classification", "type": "image-classification"}, "dataset": {"name": "imagefolder", "type": "imagefolder", "config": "default", "split": "train", "args": "default"}, "metrics": [{"name": "Accuracy", "type": "accuracy", "value": 0.9886363636363636, "verified": false}]}]}], "config": {"architectures": ["SwinForImageClassification"], "model_type": "swin"}, "cardData": {"license": "apache-2.0", "base_model": "microsoft/swin-base-patch4-window7-224-in22k", "tags": ["generated_from_trainer"], "datasets": ["imagefolder"], "metrics": ["accuracy"], "model-index": [{"name": "swin-base-patch4-window7-224-in22k-finetuned-batch8-22k", "results": [{"task": {"name": "Image Classification", "type": "image-classification"}, "dataset": {"name": "imagefolder", "type": "imagefolder", "config": "default", "split": "train", "args": "default"}, "metrics": [{"name": "Accuracy", "type": "accuracy", "value": 0.9886363636363636, "verified": false}]}]}]}, "transformersInfo": {"auto_model": "AutoModelForImageClassification", "pipeline_tag": "image-classification", "processor": "AutoImageProcessor"}, "siblings": [{"rfilename": ".gitattributes"}, {"rfilename": "README.md"}, {"rfilename": "all_results.json"}, {"rfilename": "config.json"}, {"rfilename": "model.safetensors"}, {"rfilename": "preprocessor_config.json"}, {"rfilename": "runs/May04_05-43-45_238ccd9942c6/events.out.tfevents.1714801442.238ccd9942c6.447.2"}, {"rfilename": "train_results.json"}, {"rfilename": "trainer_state.json"}, {"rfilename": "training_args.bin"}], "spaces": [], "createdAt": "2024-05-04T05:43:57.000Z", "safetensors": {"parameters": {"I64": 57624, "F32": 86745274}, "total": 86802898}, "inferenceStatus": "not-loaded"}