{"_id": "65dc6e246d290f6b90cbac39", "id": "zabir735/seed-VIT-patch32", "modelId": "zabir735/seed-VIT-patch32", "author": "zabir735", "sha": "01e509d7125bebaa78557474bd605fbf8597bcfa", "lastModified": "2024-02-26T10:55:41.000Z", "private": false, "disabled": false, "gated": false, "pipeline_tag": "image-classification", "tags": ["transformers", "tensorboard", "safetensors", "vit", "image-classification", "pytorch", "huggingpics", "model-index", "autotrain_compatible", "endpoints_compatible", "region:us"], "downloads": 0, "library_name": "transformers", "likes": 0, "model-index": [{"name": "seed-VIT-patch32", "results": [{"task": {"name": "Image Classification", "type": "image-classification"}, "metrics": [{"name": "Accuracy", "type": "accuracy", "value": 0.9734513163566589, "verified": false}]}]}], "config": {"architectures": ["ViTForImageClassification"], "model_type": "vit"}, "cardData": {"tags": ["image-classification", "pytorch", "huggingpics"], "metrics": ["accuracy"], "model-index": [{"name": "seed-VIT-patch32", "results": [{"task": {"name": "Image Classification", "type": "image-classification"}, "metrics": [{"name": "Accuracy", "type": "accuracy", "value": 0.9734513163566589, "verified": false}]}]}]}, "transformersInfo": {"auto_model": "AutoModelForImageClassification", "pipeline_tag": "image-classification", "processor": "AutoImageProcessor"}, "siblings": [{"rfilename": ".gitattributes"}, {"rfilename": "README.md"}, {"rfilename": "config.json"}, {"rfilename": "images/Bad_oil_palm_seed.png"}, {"rfilename": "images/Good_oil_palm_seed.png"}, {"rfilename": "model.safetensors"}, {"rfilename": "preprocessor_config.json"}, {"rfilename": "runs/events.out.tfevents.1708944785.630ac5d203f0.212.0"}], "spaces": [], "createdAt": "2024-02-26T10:55:32.000Z", "safetensors": {"parameters": {"F32": 87529730}, "total": 87529730}, "inferenceStatus": "not-loaded"}