{"_id": "657ccc1b112a9ca5450c9245", "id": "zabir735/outputs", "modelId": "zabir735/outputs", "author": "zabir735", "sha": "6b11916ec9ac5d93aea5f615a4ef2d38a5255477", "lastModified": "2023-12-15T22:06:47.000Z", "private": false, "disabled": false, "gated": false, "pipeline_tag": "image-classification", "tags": ["transformers", "safetensors", "vit", "image-classification", "vision", "generated_from_trainer", "dataset:imagefolder", "base_model:google/vit-base-patch16-224-in21k", "license:apache-2.0", "model-index", "autotrain_compatible", "endpoints_compatible", "region:us"], "downloads": 0, "library_name": "transformers", "likes": 0, "model-index": [{"name": "outputs", "results": [{"task": {"name": "Image Classification", "type": "image-classification"}, "dataset": {"name": "imagefolder", "type": "imagefolder", "config": "default", "split": "train", "args": "default"}, "metrics": [{"name": "Accuracy", "type": "accuracy", "value": 1, "verified": false}]}]}], "config": {"architectures": ["ViTForImageClassification"], "model_type": "vit"}, "cardData": {"license": "apache-2.0", "base_model": "google/vit-base-patch16-224-in21k", "tags": ["image-classification", "vision", "generated_from_trainer"], "datasets": ["imagefolder"], "metrics": ["accuracy"], "model-index": [{"name": "outputs", "results": [{"task": {"name": "Image Classification", "type": "image-classification"}, "dataset": {"name": "imagefolder", "type": "imagefolder", "config": "default", "split": "train", "args": "default"}, "metrics": [{"name": "Accuracy", "type": "accuracy", "value": 1, "verified": false}]}]}]}, "transformersInfo": {"auto_model": "AutoModelForImageClassification", "pipeline_tag": "image-classification", "processor": "AutoImageProcessor"}, "siblings": [{"rfilename": ".gitattributes"}, {"rfilename": "README.md"}, {"rfilename": "all_results.json"}, {"rfilename": "config.json"}, {"rfilename": "eval_results.json"}, {"rfilename": "model.safetensors"}, {"rfilename": "preprocessor_config.json"}, {"rfilename": "train_results.json"}, {"rfilename": "trainer_state.json"}, {"rfilename": "training_args.bin"}], "spaces": [], "createdAt": "2023-12-15T21:58:51.000Z", "safetensors": {"parameters": {"F32": 85800194}, "total": 85800194}, "inferenceStatus": "not-loaded"}