{"_id": "662eeed5b10f82aa4faa35b6", "id": "zabir735/seed-VIT-noval-4", "modelId": "zabir735/seed-VIT-noval-4", "author": "zabir735", "sha": "e5b3887e26bc42cdf0be82fd2c7880ca88827924", "lastModified": "2024-04-29T00:50:36.000Z", "private": false, "disabled": false, "gated": false, "pipeline_tag": "image-classification", "tags": ["transformers", "tensorboard", "safetensors", "vit", "image-classification", "pytorch", "huggingpics", "model-index", "autotrain_compatible", "endpoints_compatible", "region:us"], "downloads": 2, "library_name": "transformers", "likes": 0, "model-index": [{"name": "seed-VIT-noval-4", "results": [{"task": {"name": "Image Classification", "type": "image-classification"}, "metrics": [{"name": "Accuracy", "type": "accuracy", "value": 0.9425287246704102, "verified": false}]}]}], "config": {"architectures": ["ViTForImageClassification"], "model_type": "vit"}, "cardData": {"tags": ["image-classification", "pytorch", "huggingpics"], "metrics": ["accuracy"], "model-index": [{"name": "seed-VIT-noval-4", "results": [{"task": {"name": "Image Classification", "type": "image-classification"}, "metrics": [{"name": "Accuracy", "type": "accuracy", "value": 0.9425287246704102, "verified": false}]}]}]}, "transformersInfo": {"auto_model": "AutoModelForImageClassification", "pipeline_tag": "image-classification", "processor": "AutoImageProcessor"}, "siblings": [{"rfilename": ".gitattributes"}, {"rfilename": "README.md"}, {"rfilename": "config.json"}, {"rfilename": "images/Bad.png"}, {"rfilename": "images/Good.png"}, {"rfilename": "model.safetensors"}, {"rfilename": "preprocessor_config.json"}, {"rfilename": "runs/events.out.tfevents.1714351669.3362a086fdc1.383.1"}], "spaces": [], "createdAt": "2024-04-29T00:50:29.000Z", "safetensors": {"parameters": {"F32": 85800194}, "total": 85800194}, "inferenceStatus": "not-loaded"}