{"_id": "65c041b22e6768644069c498", "id": "zabir735/clip-zabir", "modelId": "zabir735/clip-zabir", "author": "zabir735", "sha": "f398d69dd82dac64b6a36b2ebff2c6ebef63a806", "lastModified": "2024-02-05T02:57:02.000Z", "private": false, "disabled": false, "gated": false, "pipeline_tag": "zero-shot-image-classification", "tags": ["transformers", "safetensors", "clip", "zero-shot-image-classification", "generated_from_trainer", "base_model:openai/clip-vit-base-patch16", "endpoints_compatible", "region:us"], "downloads": 18, "library_name": "transformers", "likes": 0, "model-index": [{"name": "clip-zabir", "results": []}], "config": {"architectures": ["CLIPModel"], "model_type": "clip", "tokenizer_config": {"bos_token": "<|startoftext|>", "eos_token": "<|endoftext|>", "pad_token": "<|endoftext|>", "unk_token": "<|endoftext|>"}}, "cardData": {"base_model": "openai/clip-vit-base-patch16", "tags": ["generated_from_trainer"], "model-index": [{"name": "clip-zabir", "results": []}]}, "transformersInfo": {"auto_model": "AutoModelForZeroShotImageClassification", "pipeline_tag": "zero-shot-image-classification", "processor": "AutoProcessor"}, "siblings": [{"rfilename": ".gitattributes"}, {"rfilename": "README.md"}, {"rfilename": "all_results.json"}, {"rfilename": "config.json"}, {"rfilename": "eval_results.json"}, {"rfilename": "merges.txt"}, {"rfilename": "model.safetensors"}, {"rfilename": "preprocessor_config.json"}, {"rfilename": "special_tokens_map.json"}, {"rfilename": "tokenizer.json"}, {"rfilename": "tokenizer_config.json"}, {"rfilename": "train_results.json"}, {"rfilename": "trainer_state.json"}, {"rfilename": "training_args.bin"}, {"rfilename": "vocab.json"}], "spaces": [], "createdAt": "2024-02-05T02:02:26.000Z", "safetensors": {"parameters": {"F32": 149620736}, "total": 149620736}, "inferenceStatus": "not-loaded"}