{"_id": "63cccc94df168f678c6fa8f8", "id": "Zabin/Resizers", "modelId": "Zabin/Resizers", "author": "Zabin", "sha": "82627f3623d13392d0c84890998afbfbbb18d74f", "lastModified": "2023-05-19T10:18:58.000Z", "private": false, "disabled": false, "gated": false, "tags": ["region:us"], "downloads": 0, "likes": 9, "siblings": [{"rfilename": ".gitattributes"}, {"rfilename": "1x_artifacts_jpg_40_60_alsa.pth"}, {"rfilename": "1x_artifacts_jpg_60_80_alsa.pth"}, {"rfilename": "4x-UltraSharp.pth"}, {"rfilename": "4x-UniScale_Restore.pth"}, {"rfilename": "4x_NMKD-PatchySharp_240K.pth"}, {"rfilename": "4x_NMKD-Superscale-SP_178000_G.pth"}, {"rfilename": "4x_foolhardy_Remacri.pth"}, {"rfilename": "8x_NMKD-Faces_160000_G.pth"}, {"rfilename": "8x_NMKD-Superscale_150000_G.pth"}, {"rfilename": "ESRGAN.zip"}, {"rfilename": "README.md"}], "spaces": ["neilgiovanni/sdui", "Necht/sdcreator"], "createdAt": "2023-01-22T05:41:40.000Z", "inferenceStatus": "not-loaded"}