{"_id": "657bbe78080aa044a2445f1b", "id": "zabir735/clip-by-zabir", "modelId": "zabir735/clip-by-zabir", "author": "zabir735", "sha": "ef64edc5a92ad7e87f04534c642208a499f5d160", "lastModified": "2023-12-15T03:09:56.000Z", "private": false, "disabled": false, "gated": false, "pipeline_tag": "zero-shot-image-classification", "tags": ["transformers", "safetensors", "clip", "zero-shot-image-classification", "generated_from_trainer", "base_model:openai/clip-vit-base-patch32", "endpoints_compatible", "region:us"], "downloads": 22, "library_name": "transformers", "likes": 0, "model-index": [{"name": "clip-by-zabir", "results": []}], "config": {"architectures": ["CLIPModel"], "model_type": "clip", "tokenizer_config": {"bos_token": "<s>", "cls_token": "<s>", "eos_token": "</s>", "mask_token": "<mask>", "pad_token": "<pad>", "sep_token": "</s>", "unk_token": "<unk>"}}, "cardData": {"base_model": "openai/clip-vit-base-patch32", "tags": ["generated_from_trainer"], "model-index": [{"name": "clip-by-zabir", "results": []}]}, "transformersInfo": {"auto_model": "AutoModelForZeroShotImageClassification", "pipeline_tag": "zero-shot-image-classification", "processor": "AutoProcessor"}, "siblings": [{"rfilename": ".gitattributes"}, {"rfilename": "README.md"}, {"rfilename": "all_results.json"}, {"rfilename": "config.json"}, {"rfilename": "eval_results.json"}, {"rfilename": "merges.txt"}, {"rfilename": "model.safetensors"}, {"rfilename": "predict_results.json"}, {"rfilename": "preprocessor_config.json"}, {"rfilename": "special_tokens_map.json"}, {"rfilename": "tokenizer.json"}, {"rfilename": "tokenizer_config.json"}, {"rfilename": "train_results.json"}, {"rfilename": "trainer_state.json"}, {"rfilename": "training_args.bin"}, {"rfilename": "vocab.json"}], "spaces": [], "createdAt": "2023-12-15T02:48:24.000Z", "safetensors": {"parameters": {"F32": 151277312}, "total": 151277312}, "inferenceStatus": "not-loaded"}