{"_id": "657e1160bc9bceccf9ef1862", "id": "Zabihin/Symptom_to_Diagnosis", "modelId": "Zabihin/Symptom_to_Diagnosis", "author": "Zabihin", "sha": "92f0c087db4279616b22d34b3c1c492093ed48df", "lastModified": "2023-12-17T18:51:05.000Z", "private": false, "disabled": false, "gated": false, "pipeline_tag": "text-classification", "tags": ["transformers", "tf", "bert", "text-classification", "medical", "en", "dataset:gretelai/symptom_to_diagnosis", "base_model:bert-base-cased", "license:apache-2.0", "model-index", "autotrain_compatible", "endpoints_compatible", "region:us"], "downloads": 244, "library_name": "transformers", "mask_token": "[MASK]", "widgetData": [{"text": "I've been having a lot of pain in my neck and back. I've also been having trouble with my balance and coordination. I've been coughing a lot and my limbs feel weak."}, {"text": "I've been feeling really run down and weak. My throat is sore and I've been coughing a lot. I've also been having chills and a fever."}], "likes": 9, "model-index": [{"name": "Symptom_to_Diagnosis", "results": [{"task": {"type": "text-classification"}, "dataset": {"type": "gretelai/symptom_to_diagnosis", "name": "gretelai/symptom_to_diagnosis", "split": "test"}, "metrics": [{"type": "precision", "value": 0.94, "name": "macro avg", "verified": false}, {"type": "recall", "value": 0.93, "name": "macro avg", "verified": false}, {"type": "f1-score", "value": 0.93, "name": "macro avg", "verified": false}]}]}], "config": {"architectures": ["BertForSequenceClassification"], "model_type": "bert", "tokenizer_config": {"cls_token": "[CLS]", "mask_token": "[MASK]", "pad_token": "[PAD]", "sep_token": "[SEP]", "unk_token": "[UNK]"}}, "cardData": {"license": "apache-2.0", "base_model": "bert-base-cased", "datasets": ["gretelai/symptom_to_diagnosis"], "metrics": ["f1"], "tags": ["medical"], "widget": [{"text": "I've been having a lot of pain in my neck and back. I've also been having trouble with my balance and coordination. I've been coughing a lot and my limbs feel weak."}, {"text": "I've been feeling really run down and weak. My throat is sore and I've been coughing a lot. I've also been having chills and a fever."}], "model-index": [{"name": "Symptom_to_Diagnosis", "results": [{"task": {"type": "text-classification"}, "dataset": {"type": "gretelai/symptom_to_diagnosis", "name": "gretelai/symptom_to_diagnosis", "split": "test"}, "metrics": [{"type": "precision", "value": 0.94, "name": "macro avg", "verified": false}, {"type": "recall", "value": 0.93, "name": "macro avg", "verified": false}, {"type": "f1-score", "value": 0.93, "name": "macro avg", "verified": false}]}]}], "language": ["en"]}, "transformersInfo": {"auto_model": "AutoModelForSequenceClassification", "pipeline_tag": "text-classification", "processor": "AutoTokenizer"}, "siblings": [{"rfilename": ".gitattributes"}, {"rfilename": "README.md"}, {"rfilename": "config.json"}, {"rfilename": "special_tokens_map.json"}, {"rfilename": "tf_model.h5"}, {"rfilename": "tokenizer.json"}, {"rfilename": "tokenizer_config.json"}, {"rfilename": "vocab.txt"}], "spaces": ["Zabihin/Symptom-Diagnoses"], "createdAt": "2023-12-16T21:06:40.000Z", "inferenceStatus": "not-loaded"}