{"_id": "64538c2dfef4d71cdd6e8113", "id": "zabir-alnazi/llama-stereoset-bias", "modelId": "zabir-alnazi/llama-stereoset-bias", "author": "zabir-alnazi", "sha": "696876c1e6a70125c175e1fdc1a4c561eeb90530", "lastModified": "2023-05-04T10:42:56.000Z", "private": false, "disabled": false, "gated": false, "tags": ["region:us"], "downloads": 0, "likes": 0, "siblings": [{"rfilename": ".gitattributes"}, {"rfilename": "adapter_config.json"}, {"rfilename": "adapter_model.bin"}], "spaces": [], "createdAt": "2023-05-04T10:42:53.000Z", "inferenceStatus": "not-loaded"}