{"_id": "66260f6633127f9600c6bcf8", "id": "zabir735/clip-seed-vit-roberta", "modelId": "zabir735/clip-seed-vit-roberta", "author": "zabir735", "sha": "7cd4c5eaadd2930bb01b71818f7a294d34e479c3", "lastModified": "2024-04-22T09:31:21.000Z", "private": false, "disabled": false, "gated": false, "pipeline_tag": "zero-shot-image-classification", "tags": ["transformers", "safetensors", "clip", "zero-shot-image-classification", "generated_from_trainer", "base_model:openai/clip-vit-base-patch16", "endpoints_compatible", "region:us"], "downloads": 20, "library_name": "transformers", "likes": 0, "model-index": [{"name": "clip-seed-vit-roberta", "results": []}], "config": {"architectures": ["CLIPModel"], "model_type": "clip", "tokenizer_config": {"bos_token": "<s>", "cls_token": "<s>", "eos_token": "</s>", "mask_token": "<mask>", "pad_token": "<pad>", "sep_token": "</s>", "unk_token": "<unk>"}}, "cardData": {"base_model": "openai/clip-vit-base-patch16", "tags": ["generated_from_trainer"], "model-index": [{"name": "clip-seed-vit-roberta", "results": []}]}, "transformersInfo": {"auto_model": "AutoModelForZeroShotImageClassification", "pipeline_tag": "zero-shot-image-classification", "processor": "AutoProcessor"}, "siblings": [{"rfilename": ".gitattributes"}, {"rfilename": "README.md"}, {"rfilename": "all_results.json"}, {"rfilename": "config.json"}, {"rfilename": "merges.txt"}, {"rfilename": "model.safetensors"}, {"rfilename": "preprocessor_config.json"}, {"rfilename": "special_tokens_map.json"}, {"rfilename": "tokenizer.json"}, {"rfilename": "tokenizer_config.json"}, {"rfilename": "train_results.json"}, {"rfilename": "trainer_state.json"}, {"rfilename": "training_args.bin"}, {"rfilename": "vocab.json"}], "spaces": [], "createdAt": "2024-04-22T07:19:02.000Z", "safetensors": {"parameters": {"F32": 149620736}, "total": 149620736}, "inferenceStatus": "not-loaded"}