{"_id": "66115c15e7d6727e387cab4f", "id": "zabir735/clip-seed-vit-bert", "modelId": "zabir735/clip-seed-vit-bert", "author": "zabir735", "sha": "dd4aa654d454329cc7403b34bcadf95766c266c7", "lastModified": "2024-04-06T16:37:37.000Z", "private": false, "disabled": false, "gated": false, "pipeline_tag": "zero-shot-image-classification", "tags": ["transformers", "safetensors", "clip", "zero-shot-image-classification", "generated_from_trainer", "base_model:openai/clip-vit-base-patch16", "endpoints_compatible", "region:us"], "downloads": 9, "library_name": "transformers", "likes": 0, "model-index": [{"name": "clip-seed-vit-bert", "results": []}], "config": {"architectures": ["CLIPModel"], "model_type": "clip", "tokenizer_config": {"cls_token": "[CLS]", "mask_token": "[MASK]", "pad_token": "[PAD]", "sep_token": "[SEP]", "unk_token": "[UNK]"}}, "cardData": {"base_model": "openai/clip-vit-base-patch16", "tags": ["generated_from_trainer"], "model-index": [{"name": "clip-seed-vit-bert", "results": []}]}, "transformersInfo": {"auto_model": "AutoModelForZeroShotImageClassification", "pipeline_tag": "zero-shot-image-classification", "processor": "AutoProcessor"}, "siblings": [{"rfilename": ".gitattributes"}, {"rfilename": "README.md"}, {"rfilename": "all_results.json"}, {"rfilename": "config.json"}, {"rfilename": "model.safetensors"}, {"rfilename": "preprocessor_config.json"}, {"rfilename": "special_tokens_map.json"}, {"rfilename": "tokenizer.json"}, {"rfilename": "tokenizer_config.json"}, {"rfilename": "train_results.json"}, {"rfilename": "trainer_state.json"}, {"rfilename": "training_args.bin"}, {"rfilename": "vocab.txt"}], "spaces": [], "createdAt": "2024-04-06T14:28:37.000Z", "safetensors": {"parameters": {"F32": 149620736}, "total": 149620736}, "inferenceStatus": "not-loaded"}