{"_id": "6635a73a2d6b86ff19feaf02", "id": "zabir735/swin-tiny-patch4-window7-224-finetuned-eurosat", "modelId": "zabir735/swin-tiny-patch4-window7-224-finetuned-eurosat", "author": "zabir735", "sha": "5b40fc6652c898c17c82c402a624edede114dc34", "lastModified": "2024-05-04T03:43:31.000Z", "private": false, "disabled": false, "gated": false, "pipeline_tag": "image-classification", "tags": ["transformers", "tensorboard", "safetensors", "swin", "image-classification", "generated_from_trainer", "dataset:imagefolder", "base_model:microsoft/swin-tiny-patch4-window7-224", "license:apache-2.0", "model-index", "autotrain_compatible", "endpoints_compatible", "region:us"], "downloads": 2, "library_name": "transformers", "likes": 0, "model-index": [{"name": "swin-tiny-patch4-window7-224-finetuned-eurosat", "results": [{"task": {"name": "Image Classification", "type": "image-classification"}, "dataset": {"name": "imagefolder", "type": "imagefolder", "config": "default", "split": "train", "args": "default"}, "metrics": [{"name": "Accuracy", "type": "accuracy", "value": 0.9602272727272727, "verified": false}]}]}], "config": {"architectures": ["SwinForImageClassification"], "model_type": "swin"}, "cardData": {"license": "apache-2.0", "base_model": "microsoft/swin-tiny-patch4-window7-224", "tags": ["generated_from_trainer"], "datasets": ["imagefolder"], "metrics": ["accuracy"], "model-index": [{"name": "swin-tiny-patch4-window7-224-finetuned-eurosat", "results": [{"task": {"name": "Image Classification", "type": "image-classification"}, "dataset": {"name": "imagefolder", "type": "imagefolder", "config": "default", "split": "train", "args": "default"}, "metrics": [{"name": "Accuracy", "type": "accuracy", "value": 0.9602272727272727, "verified": false}]}]}]}, "transformersInfo": {"auto_model": "AutoModelForImageClassification", "pipeline_tag": "image-classification", "processor": "AutoImageProcessor"}, "siblings": [{"rfilename": ".gitattributes"}, {"rfilename": "README.md"}, {"rfilename": "all_results.json"}, {"rfilename": "config.json"}, {"rfilename": "eval_results.json"}, {"rfilename": "model.safetensors"}, {"rfilename": "preprocessor_config.json"}, {"rfilename": "runs/May04_03-09-01_2d23fbc7aabf/events.out.tfevents.1714792260.2d23fbc7aabf.188.0"}, {"rfilename": "runs/May04_03-09-01_2d23fbc7aabf/events.out.tfevents.1714792291.2d23fbc7aabf.188.1"}, {"rfilename": "runs/May04_03-41-04_d7a051415e6a/events.out.tfevents.1714794099.d7a051415e6a.664.0"}, {"rfilename": "runs/May04_03-41-04_d7a051415e6a/events.out.tfevents.1714794201.d7a051415e6a.664.1"}, {"rfilename": "train_results.json"}, {"rfilename": "trainer_state.json"}, {"rfilename": "training_args.bin"}], "spaces": [], "createdAt": "2024-05-04T03:10:50.000Z", "safetensors": {"parameters": {"I64": 28812, "F32": 27520892}, "total": 27549704}, "inferenceStatus": "not-loaded"}