{"_id": "661d3b7856755d75fb7c8e77", "id": "zabir735/seed-VIT-2epoch", "modelId": "zabir735/seed-VIT-2epoch", "author": "zabir735", "sha": "7d0b217ba9404ee3c58acac42dafacbe41bb2ae9", "lastModified": "2024-04-15T14:36:49.000Z", "private": false, "disabled": false, "gated": false, "pipeline_tag": "image-classification", "tags": ["transformers", "tensorboard", "safetensors", "vit", "image-classification", "pytorch", "huggingpics", "model-index", "autotrain_compatible", "endpoints_compatible", "region:us"], "downloads": 2, "library_name": "transformers", "likes": 0, "model-index": [{"name": "seed-VIT-2epoch", "results": [{"task": {"name": "Image Classification", "type": "image-classification"}, "metrics": [{"name": "Accuracy", "type": "accuracy", "value": 0.9732824563980103, "verified": false}]}]}], "config": {"architectures": ["ViTForImageClassification"], "model_type": "vit"}, "cardData": {"tags": ["image-classification", "pytorch", "huggingpics"], "metrics": ["accuracy"], "model-index": [{"name": "seed-VIT-2epoch", "results": [{"task": {"name": "Image Classification", "type": "image-classification"}, "metrics": [{"name": "Accuracy", "type": "accuracy", "value": 0.9732824563980103, "verified": false}]}]}]}, "transformersInfo": {"auto_model": "AutoModelForImageClassification", "pipeline_tag": "image-classification", "processor": "AutoImageProcessor"}, "siblings": [{"rfilename": ".gitattributes"}, {"rfilename": "README.md"}, {"rfilename": "config.json"}, {"rfilename": "images/Bad.png"}, {"rfilename": "images/Good.png"}, {"rfilename": "model.safetensors"}, {"rfilename": "preprocessor_config.json"}, {"rfilename": "runs/events.out.tfevents.1713191716.2feada018ef8.245.2"}], "spaces": [], "createdAt": "2024-04-15T14:36:40.000Z", "safetensors": {"parameters": {"F32": 85800194}, "total": 85800194}, "inferenceStatus": "not-loaded"}