{"_id": "6635b701ccadfaaeac94fe97", "id": "zabir735/swin-large-patch4-window12-384-in22k-finetuned-batch8", "modelId": "zabir735/swin-large-patch4-window12-384-in22k-finetuned-batch8", "author": "zabir735", "sha": "f89ccf18e3719f8a76c83e5e088e8023c6469e6a", "lastModified": "2024-05-04T04:40:02.000Z", "private": false, "disabled": false, "gated": false, "pipeline_tag": "image-classification", "tags": ["transformers", "tensorboard", "safetensors", "swin", "image-classification", "generated_from_trainer", "dataset:imagefolder", "base_model:microsoft/swin-large-patch4-window12-384-in22k", "license:apache-2.0", "model-index", "autotrain_compatible", "endpoints_compatible", "region:us"], "downloads": 2, "library_name": "transformers", "likes": 0, "model-index": [{"name": "swin-large-patch4-window12-384-in22k-finetuned-batch8", "results": [{"task": {"name": "Image Classification", "type": "image-classification"}, "dataset": {"name": "imagefolder", "type": "imagefolder", "config": "default", "split": "train", "args": "default"}, "metrics": [{"name": "Accuracy", "type": "accuracy", "value": 0.9886363636363636, "verified": false}]}]}], "config": {"architectures": ["SwinForImageClassification"], "model_type": "swin"}, "cardData": {"license": "apache-2.0", "base_model": "microsoft/swin-large-patch4-window12-384-in22k", "tags": ["generated_from_trainer"], "datasets": ["imagefolder"], "metrics": ["accuracy"], "model-index": [{"name": "swin-large-patch4-window12-384-in22k-finetuned-batch8", "results": [{"task": {"name": "Image Classification", "type": "image-classification"}, "dataset": {"name": "imagefolder", "type": "imagefolder", "config": "default", "split": "train", "args": "default"}, "metrics": [{"name": "Accuracy", "type": "accuracy", "value": 0.9886363636363636, "verified": false}]}]}]}, "transformersInfo": {"auto_model": "AutoModelForImageClassification", "pipeline_tag": "image-classification", "processor": "AutoImageProcessor"}, "siblings": [{"rfilename": ".gitattributes"}, {"rfilename": "README.md"}, {"rfilename": "all_results.json"}, {"rfilename": "config.json"}, {"rfilename": "eval_results.json"}, {"rfilename": "model.safetensors"}, {"rfilename": "preprocessor_config.json"}, {"rfilename": "runs/May04_04-18-00_f7072774099d/events.out.tfevents.1714796294.f7072774099d.1409.2"}, {"rfilename": "runs/May04_04-18-00_f7072774099d/events.out.tfevents.1714797584.f7072774099d.1409.3"}, {"rfilename": "train_results.json"}, {"rfilename": "trainer_state.json"}, {"rfilename": "training_args.bin"}], "spaces": [], "createdAt": "2024-05-04T04:18:09.000Z", "safetensors": {"parameters": {"I64": 497664, "F32": 195201590}, "total": 195699254}, "inferenceStatus": "not-loaded"}