{"_id": "65eaf863f5b526287196166f", "id": "zabir735/clip-seed-vit-noval", "modelId": "zabir735/clip-seed-vit-noval", "author": "zabir735", "sha": "7054e26c3e17bba1574863cf66c45c41483de7ce", "lastModified": "2024-03-08T13:09:34.000Z", "private": false, "disabled": false, "gated": false, "pipeline_tag": "zero-shot-image-classification", "tags": ["transformers", "safetensors", "clip", "zero-shot-image-classification", "generated_from_trainer", "base_model:openai/clip-vit-base-patch16", "endpoints_compatible", "region:us"], "downloads": 21, "library_name": "transformers", "likes": 0, "model-index": [{"name": "clip-seed-vit-noval", "results": []}], "config": {"architectures": ["CLIPModel"], "model_type": "clip", "tokenizer_config": {"bos_token": "<|startoftext|>", "eos_token": "<|endoftext|>", "pad_token": "<|endoftext|>", "unk_token": "<|endoftext|>"}}, "cardData": {"base_model": "openai/clip-vit-base-patch16", "tags": ["generated_from_trainer"], "model-index": [{"name": "clip-seed-vit-noval", "results": []}]}, "transformersInfo": {"auto_model": "AutoModelForZeroShotImageClassification", "pipeline_tag": "zero-shot-image-classification", "processor": "AutoProcessor"}, "siblings": [{"rfilename": ".gitattributes"}, {"rfilename": "README.md"}, {"rfilename": "all_results.json"}, {"rfilename": "config.json"}, {"rfilename": "merges.txt"}, {"rfilename": "model.safetensors"}, {"rfilename": "preprocessor_config.json"}, {"rfilename": "special_tokens_map.json"}, {"rfilename": "tokenizer.json"}, {"rfilename": "tokenizer_config.json"}, {"rfilename": "train_results.json"}, {"rfilename": "trainer_state.json"}, {"rfilename": "training_args.bin"}, {"rfilename": "vocab.json"}], "spaces": [], "createdAt": "2024-03-08T11:37:07.000Z", "safetensors": {"parameters": {"F32": 149620736}, "total": 149620736}, "inferenceStatus": "not-loaded"}