{"_id": "63e9efd6073286a5ab47a69e", "id": "zabiullah/autotrain-customers_email_sentiment-3449294006", "modelId": "zabiullah/autotrain-customers_email_sentiment-3449294006", "author": "zabiullah", "sha": "1c1534909e4f27038752ff2e086e299fa88d3846", "lastModified": "2023-02-13T08:19:28.000Z", "private": false, "disabled": false, "gated": false, "pipeline_tag": "text-classification", "tags": ["transformers", "pytorch", "bert", "text-classification", "autotrain", "en", "dataset:zabiullah/autotrain-data-customers_email_sentiment", "co2_eq_emissions", "autotrain_compatible", "endpoints_compatible", "region:us"], "downloads": 40, "library_name": "transformers", "mask_token": "[MASK]", "widgetData": [{"text": "I love AutoTrain \ud83e\udd17"}], "likes": 0, "model-index": null, "config": {"architectures": ["BertForSequenceClassification"], "model_type": "bert", "tokenizer_config": {"cls_token": "[CLS]", "mask_token": "[MASK]", "pad_token": "[PAD]", "sep_token": "[SEP]", "unk_token": "[UNK]"}}, "cardData": {"tags": ["autotrain", "text-classification"], "language": ["en"], "widget": [{"text": "I love AutoTrain \ud83e\udd17"}], "datasets": ["zabiullah/autotrain-data-customers_email_sentiment"], "co2_eq_emissions": {"emissions": 26.328823791893843}}, "transformersInfo": {"auto_model": "AutoModelForSequenceClassification", "pipeline_tag": "text-classification", "processor": "AutoTokenizer"}, "siblings": [{"rfilename": ".gitattributes"}, {"rfilename": "README.md"}, {"rfilename": "config.json"}, {"rfilename": "pytorch_model.bin"}, {"rfilename": "special_tokens_map.json"}, {"rfilename": "tokenizer.json"}, {"rfilename": "tokenizer_config.json"}, {"rfilename": "vocab.txt"}], "spaces": [], "createdAt": "2023-02-13T08:07:50.000Z", "inferenceStatus": "not-loaded"}