{"_id": "656473471904b6898b336a17", "id": "zacaery7/codes", "modelId": "zacaery7/codes", "author": "zacaery7", "sha": "55a05ec7330b7c3804bfceaa95c4b79d427a5769", "lastModified": "2023-11-27T10:45:28.000Z", "private": false, "disabled": false, "gated": false, "tags": ["license:apache-2.0", "region:us"], "downloads": 0, "likes": 0, "model-index": null, "cardData": {"license": "apache-2.0"}, "siblings": [{"rfilename": ".gitattributes"}, {"rfilename": "README.md"}], "spaces": [], "createdAt": "2023-11-27T10:45:27.000Z", "inferenceStatus": "not-loaded"}