{"_id": "63cccde228e49dcd9f756e83", "id": "Zacarage/bert-to-distilbert-NER", "modelId": "Zacarage/bert-to-distilbert-NER", "author": "Zacarage", "sha": "8d05630ead64db10d3dd1f8491fb1c49651cac80", "lastModified": "2023-01-22T08:44:16.000Z", "private": false, "disabled": false, "gated": false, "pipeline_tag": "token-classification", "tags": ["transformers", "pytorch", "tensorboard", "bert", "token-classification", "generated_from_trainer", "dataset:conll2003", "license:mit", "model-index", "autotrain_compatible", "endpoints_compatible", "region:us"], "downloads": 2, "library_name": "transformers", "mask_token": "[MASK]", "widgetData": [{"text": "My name is Wolfgang and I live in Berlin"}, {"text": "My name is Sarah and I live in London"}, {"text": "My name is Clara and I live in Berkeley, California."}], "likes": 0, "model-index": [{"name": "bert-to-distilbert-NER", "results": [{"task": {"name": "Token Classification", "type": "token-classification"}, "dataset": {"name": "conll2003", "type": "conll2003", "config": "conll2003", "split": "train", "args": "conll2003"}, "metrics": [{"name": "Precision", "type": "precision", "value": 0.014729299363057325, "verified": false}, {"name": "Recall", "type": "recall", "value": 0.018680578929653316, "verified": false}, {"name": "F1", "type": "f1", "value": 0.016471286541029827, "verified": false}, {"name": "Accuracy", "type": "accuracy", "value": 0.7599340672278802, "verified": false}]}]}], "config": {"architectures": ["BertForTokenClassification"], "model_type": "bert", "tokenizer_config": {"cls_token": "[CLS]", "mask_token": "[MASK]", "pad_token": "[PAD]", "sep_token": "[SEP]", "unk_token": "[UNK]"}}, "cardData": {"license": "mit", "tags": ["generated_from_trainer"], "datasets": ["conll2003"], "metrics": ["precision", "recall", "f1", "accuracy"], "model-index": [{"name": "bert-to-distilbert-NER", "results": [{"task": {"name": "Token Classification", "type": "token-classification"}, "dataset": {"name": "conll2003", "type": "conll2003", "config": "conll2003", "split": "train", "args": "conll2003"}, "metrics": [{"name": "Precision", "type": "precision", "value": 0.014729299363057325, "verified": false}, {"name": "Recall", "type": "recall", "value": 0.018680578929653316, "verified": false}, {"name": "F1", "type": "f1", "value": 0.016471286541029827, "verified": false}, {"name": "Accuracy", "type": "accuracy", "value": 0.7599340672278802, "verified": false}]}]}]}, "transformersInfo": {"auto_model": "AutoModelForTokenClassification", "pipeline_tag": "token-classification", "processor": "AutoTokenizer"}, "siblings": [{"rfilename": ".gitattributes"}, {"rfilename": ".gitignore"}, {"rfilename": "README.md"}, {"rfilename": "config.json"}, {"rfilename": "logs/1674366449.5759468/events.out.tfevents.1674366449.6e8f83ae5915.190.1"}, {"rfilename": "logs/1674367746.1589544/events.out.tfevents.1674367746.6e8f83ae5915.190.3"}, {"rfilename": "logs/1674368045.717233/events.out.tfevents.1674368045.6e8f83ae5915.190.5"}, {"rfilename": "logs/1674368544.4403737/events.out.tfevents.1674368544.6e8f83ae5915.190.7"}, {"rfilename": "logs/1674368789.989104/events.out.tfevents.1674368789.6e8f83ae5915.190.9"}, {"rfilename": "logs/1674369556.9010606/events.out.tfevents.1674369556.6e8f83ae5915.190.11"}, {"rfilename": "logs/1674370086.0214334/events.out.tfevents.1674370086.6e8f83ae5915.190.13"}, {"rfilename": "logs/1674370135.2323558/events.out.tfevents.1674370135.6e8f83ae5915.190.15"}, {"rfilename": "logs/1674370182.184763/events.out.tfevents.1674370182.6e8f83ae5915.190.17"}, {"rfilename": "logs/1674370230.4519596/events.out.tfevents.1674370230.6e8f83ae5915.190.19"}, {"rfilename": "logs/1674370278.412761/events.out.tfevents.1674370278.6e8f83ae5915.190.21"}, {"rfilename": "logs/1674371112.8152936/events.out.tfevents.1674371112.6e8f83ae5915.190.23"}, {"rfilename": "logs/1674371162.2759109/events.out.tfevents.1674371162.6e8f83ae5915.190.25"}, {"rfilename": "logs/1674371209.95349/events.out.tfevents.1674371209.6e8f83ae5915.190.27"}, {"rfilename": "logs/1674371736.0699756/events.out.tfevents.1674371736.6e8f83ae5915.190.29"}, {"rfilename": "logs/1674371785.2559264/events.out.tfevents.1674371785.6e8f83ae5915.190.31"}, {"rfilename": "logs/1674372323.9055088/events.out.tfevents.1674372323.6e8f83ae5915.190.33"}, {"rfilename": "logs/1674372372.946627/events.out.tfevents.1674372372.6e8f83ae5915.190.35"}, {"rfilename": "logs/1674372975.891719/events.out.tfevents.1674372975.6e8f83ae5915.190.37"}, {"rfilename": "logs/1674373698.6198115/events.out.tfevents.1674373698.6e8f83ae5915.190.39"}, {"rfilename": "logs/1674374320.8488007/events.out.tfevents.1674374320.6e8f83ae5915.190.41"}, {"rfilename": "logs/1674375125.5197444/events.out.tfevents.1674375125.6e8f83ae5915.190.43"}, {"rfilename": "logs/1674375171.698661/events.out.tfevents.1674375171.6e8f83ae5915.190.45"}, {"rfilename": "logs/1674375915.1655066/events.out.tfevents.1674375915.6e8f83ae5915.190.47"}, {"rfilename": "logs/1674375960.776805/events.out.tfevents.1674375960.6e8f83ae5915.190.49"}, {"rfilename": "logs/1674376619.0733895/events.out.tfevents.1674376619.6e8f83ae5915.190.51"}, {"rfilename": "logs/1674376664.6236389/events.out.tfevents.1674376664.6e8f83ae5915.190.53"}, {"rfilename": "logs/events.out.tfevents.1674366449.6e8f83ae5915.190.0"}, {"rfilename": "logs/events.out.tfevents.1674367746.6e8f83ae5915.190.2"}, {"rfilename": "logs/events.out.tfevents.1674368045.6e8f83ae5915.190.4"}, {"rfilename": "logs/events.out.tfevents.1674368544.6e8f83ae5915.190.6"}, {"rfilename": "logs/events.out.tfevents.1674368789.6e8f83ae5915.190.8"}, {"rfilename": "logs/events.out.tfevents.1674369556.6e8f83ae5915.190.10"}, {"rfilename": "logs/events.out.tfevents.1674370086.6e8f83ae5915.190.12"}, {"rfilename": "logs/events.out.tfevents.1674370135.6e8f83ae5915.190.14"}, {"rfilename": "logs/events.out.tfevents.1674370182.6e8f83ae5915.190.16"}, {"rfilename": "logs/events.out.tfevents.1674370230.6e8f83ae5915.190.18"}, {"rfilename": "logs/events.out.tfevents.1674370278.6e8f83ae5915.190.20"}, {"rfilename": "logs/events.out.tfevents.1674371112.6e8f83ae5915.190.22"}, {"rfilename": "logs/events.out.tfevents.1674371162.6e8f83ae5915.190.24"}, {"rfilename": "logs/events.out.tfevents.1674371209.6e8f83ae5915.190.26"}, {"rfilename": "logs/events.out.tfevents.1674371736.6e8f83ae5915.190.28"}, {"rfilename": "logs/events.out.tfevents.1674371785.6e8f83ae5915.190.30"}, {"rfilename": "logs/events.out.tfevents.1674372323.6e8f83ae5915.190.32"}, {"rfilename": "logs/events.out.tfevents.1674372372.6e8f83ae5915.190.34"}, {"rfilename": "logs/events.out.tfevents.1674372975.6e8f83ae5915.190.36"}, {"rfilename": "logs/events.out.tfevents.1674373698.6e8f83ae5915.190.38"}, {"rfilename": "logs/events.out.tfevents.1674374320.6e8f83ae5915.190.40"}, {"rfilename": "logs/events.out.tfevents.1674375125.6e8f83ae5915.190.42"}, {"rfilename": "logs/events.out.tfevents.1674375171.6e8f83ae5915.190.44"}, {"rfilename": "logs/events.out.tfevents.1674375915.6e8f83ae5915.190.46"}, {"rfilename": "logs/events.out.tfevents.1674375960.6e8f83ae5915.190.48"}, {"rfilename": "logs/events.out.tfevents.1674376619.6e8f83ae5915.190.50"}, {"rfilename": "logs/events.out.tfevents.1674376664.6e8f83ae5915.190.52"}, {"rfilename": "pytorch_model.bin"}, {"rfilename": "special_tokens_map.json"}, {"rfilename": "tokenizer.json"}, {"rfilename": "tokenizer_config.json"}, {"rfilename": "training_args.bin"}, {"rfilename": "vocab.txt"}], "spaces": [], "createdAt": "2023-01-22T05:47:14.000Z", "inferenceStatus": "not-loaded"}