{"_id": "658771bbdda02636b0bb38ee", "id": "zacboy326/VelmaDinkley_B.J.Ward", "modelId": "zacboy326/VelmaDinkley_B.J.Ward", "author": "zacboy326", "sha": "17b52ec42d229ed5876613588f8ac74140b503a9", "lastModified": "2023-12-23T23:48:57.000Z", "private": false, "disabled": false, "gated": false, "tags": ["region:us"], "downloads": 0, "likes": 0, "siblings": [{"rfilename": ".gitattributes"}, {"rfilename": "Velma Dinkley (B.J. Ward).zip"}], "spaces": [], "createdAt": "2023-12-23T23:48:11.000Z", "inferenceStatus": "not-loaded"}