{"_id": "65641f51620c177ae0d08fb9", "id": "zacboy326/KitsunamiTheFennec_DarkCloudVA", "modelId": "zacboy326/KitsunamiTheFennec_DarkCloudVA", "author": "zacboy326", "sha": "d23426d5ed761723c9d4a2ec3ce595c399a2b70c", "lastModified": "2023-11-27T04:47:58.000Z", "private": false, "disabled": false, "gated": false, "tags": ["region:us"], "downloads": 0, "likes": 0, "siblings": [{"rfilename": ".gitattributes"}, {"rfilename": "Kitsunami The Fennec (DarkCloudVA).zip"}], "spaces": [], "createdAt": "2023-11-27T04:47:13.000Z", "inferenceStatus": "not-loaded"}