{"_id": "6557f76523e43ac218948856", "id": "zacboy326/JessicaRabbit", "modelId": "zacboy326/JessicaRabbit", "author": "zacboy326", "sha": "530314a73da5ec8259c7274f08862ec8f99ebee4", "lastModified": "2023-11-17T23:30:16.000Z", "private": false, "disabled": false, "gated": false, "tags": ["region:us"], "downloads": 0, "likes": 0, "siblings": [{"rfilename": ".gitattributes"}, {"rfilename": "Jessica Rabbit (Talking).zip"}], "spaces": [], "createdAt": "2023-11-17T23:29:41.000Z", "inferenceStatus": "not-loaded"}