{"_id": "657118e83ddb53dd57c3ab78", "id": "zacboy326/TronBonneMVC3_JPN", "modelId": "zacboy326/TronBonneMVC3_JPN", "author": "zacboy326", "sha": "478de31ec0871708045cf3df722eec889bddb2fc", "lastModified": "2023-12-07T00:59:58.000Z", "private": false, "disabled": false, "gated": false, "tags": ["region:us"], "downloads": 0, "likes": 0, "siblings": [{"rfilename": ".gitattributes"}, {"rfilename": "Tron Bonne (MVC3) JP.zip"}], "spaces": [], "createdAt": "2023-12-07T00:59:20.000Z", "inferenceStatus": "not-loaded"}