{"_id": "657118a1907d85eaa5a5c976", "id": "zacboy326/TronBonneMVC3", "modelId": "zacboy326/TronBonneMVC3", "author": "zacboy326", "sha": "53fd4f248a3ed5baa2bf4c4dd4d1134b6bb0490e", "lastModified": "2023-12-07T00:58:49.000Z", "private": false, "disabled": false, "gated": false, "tags": ["region:us"], "downloads": 0, "likes": 0, "siblings": [{"rfilename": ".gitattributes"}, {"rfilename": "Tron Bonne (MVC3).zip"}], "spaces": [], "createdAt": "2023-12-07T00:58:09.000Z", "inferenceStatus": "not-loaded"}