{"_id": "655b15efc619b485318febb8", "id": "zacboy326/SideswipeROTFTheVoiceChameleon", "modelId": "zacboy326/SideswipeROTFTheVoiceChameleon", "author": "zacboy326", "sha": "a35f7bf7998e3d9eef83a6cccce143ab07b15c85", "lastModified": "2023-11-20T08:17:15.000Z", "private": false, "disabled": false, "gated": false, "tags": ["region:us"], "downloads": 0, "likes": 0, "siblings": [{"rfilename": ".gitattributes"}, {"rfilename": "Sideswipe (The Voice Chameleon).zip"}], "spaces": [], "createdAt": "2023-11-20T08:16:47.000Z", "inferenceStatus": "not-loaded"}