{"_id": "6556af843541e760345a8fa1", "id": "zacboy326/MP-War-BotDieInStyle", "modelId": "zacboy326/MP-War-BotDieInStyle", "author": "zacboy326", "sha": "483f01827d3865b188996dc0ba6ad58e6d8d5fb4", "lastModified": "2023-11-17T00:11:19.000Z", "private": false, "disabled": false, "gated": false, "tags": ["region:us"], "downloads": 0, "likes": 0, "siblings": [{"rfilename": ".gitattributes"}, {"rfilename": "MP-War-Bot (Die In Style).zip"}], "spaces": [], "createdAt": "2023-11-17T00:10:44.000Z", "inferenceStatus": "not-loaded"}