{"_id": "6573ed9a3e0cb21bc7cd5c71", "id": "zacboy326/HoneyTheCat_MireyasHangout", "modelId": "zacboy326/HoneyTheCat_MireyasHangout", "author": "zacboy326", "sha": "cf3d8f2fb01118f1dc1dc8aede9c733bc8f8484f", "lastModified": "2023-12-09T04:31:53.000Z", "private": false, "disabled": false, "gated": false, "tags": ["region:us"], "downloads": 0, "likes": 0, "siblings": [{"rfilename": ".gitattributes"}, {"rfilename": "Honey The Cat (Mireya's Hangout).zip"}], "spaces": [], "createdAt": "2023-12-09T04:31:22.000Z", "inferenceStatus": "not-loaded"}