{"_id": "6584eb57fceda32a946994c0", "id": "zacboy326/AM_IHaveNoMouthAndIMustScream", "modelId": "zacboy326/AM_IHaveNoMouthAndIMustScream", "author": "zacboy326", "sha": "192c2125eae44f9905b65cb73853b291049a4277", "lastModified": "2023-12-22T01:51:12.000Z", "private": false, "disabled": false, "gated": false, "tags": ["region:us"], "downloads": 0, "likes": 0, "siblings": [{"rfilename": ".gitattributes"}, {"rfilename": "AM (I Have No Mouth and I Must Scream).zip"}], "spaces": [], "createdAt": "2023-12-22T01:50:15.000Z", "inferenceStatus": "not-loaded"}