{"_id": "65823233770395b588f62b36", "id": "zacboy326/PostalDude_Postal4NoRegerts", "modelId": "zacboy326/PostalDude_Postal4NoRegerts", "author": "zacboy326", "sha": "52cf00d5cd3a65e1f50f838edbf5ddf740d2e97b", "lastModified": "2023-12-20T00:16:48.000Z", "private": false, "disabled": false, "gated": false, "tags": ["region:us"], "downloads": 0, "likes": 0, "siblings": [{"rfilename": ".gitattributes"}, {"rfilename": "Postal Dude (Postal 4) (Jon St. John).zip"}], "spaces": [], "createdAt": "2023-12-20T00:15:47.000Z", "inferenceStatus": "not-loaded"}