{"_id": "6577e83173080b490cbfb202", "id": "zacboy326/EmperorPalpatine_DarthSidiousTROS", "modelId": "zacboy326/EmperorPalpatine_DarthSidiousTROS", "author": "zacboy326", "sha": "54aff9c76594ac293313dd59176d7d7cd464a815", "lastModified": "2023-12-12T04:57:51.000Z", "private": false, "disabled": false, "gated": false, "tags": ["region:us"], "downloads": 0, "likes": 0, "siblings": [{"rfilename": ".gitattributes"}, {"rfilename": "Emperor Palpatine : Darth Sidious (Star Wars TROS).zip"}], "spaces": [], "createdAt": "2023-12-12T04:57:21.000Z", "inferenceStatus": "not-loaded"}