{"_id": "65890c48f8b453e1f56e6117", "id": "zacboy326/Announcer_HotWheelsTurboRacing", "modelId": "zacboy326/Announcer_HotWheelsTurboRacing", "author": "zacboy326", "sha": "ca4c7d5cfdeee3b4a798d800913f1de1445e0f74", "lastModified": "2023-12-25T05:00:38.000Z", "private": false, "disabled": false, "gated": false, "tags": ["region:us"], "downloads": 0, "likes": 0, "siblings": [{"rfilename": ".gitattributes"}, {"rfilename": "Announcer (Hot Wheels Turbo Racing).zip"}], "spaces": [], "createdAt": "2023-12-25T04:59:52.000Z", "inferenceStatus": "not-loaded"}