{"_id": "655dbb2b8c2d4379a70915e1", "id": "zacboy326/ReggieBlueBunnyBoiAD", "modelId": "zacboy326/ReggieBlueBunnyBoiAD", "author": "zacboy326", "sha": "5c79bde6b788c606ae18f6d82fcd000c50e61ef5", "lastModified": "2023-11-22T08:29:38.000Z", "private": false, "disabled": false, "gated": false, "tags": ["region:us"], "downloads": 0, "likes": 0, "siblings": [{"rfilename": ".gitattributes"}, {"rfilename": "Reggie (BlueBunnyBoiAD).zip"}], "spaces": [], "createdAt": "2023-11-22T08:26:19.000Z", "inferenceStatus": "not-loaded"}