{"_id": "657a9d759ad6bcff7e62af84", "id": "zacboy326/GeneralGrievousCloneWars2003", "modelId": "zacboy326/GeneralGrievousCloneWars2003", "author": "zacboy326", "sha": "bef916932876e5e33664dcb5fd1781d2338c2d61", "lastModified": "2023-12-14T06:15:46.000Z", "private": false, "disabled": false, "gated": false, "tags": ["region:us"], "downloads": 0, "likes": 0, "siblings": [{"rfilename": ".gitattributes"}, {"rfilename": "General Grievous (Star Wars Clone Wars 2003).zip"}], "spaces": [], "createdAt": "2023-12-14T06:15:17.000Z", "inferenceStatus": "not-loaded"}