{"_id": "656eafea7112260ee146f3bc", "id": "zacboy326/MorriganMVC3_JPN", "modelId": "zacboy326/MorriganMVC3_JPN", "author": "zacboy326", "sha": "9e3acf3c1673d1856d32600f250b203685178674", "lastModified": "2023-12-05T05:08:37.000Z", "private": false, "disabled": false, "gated": false, "tags": ["region:us"], "downloads": 0, "likes": 0, "siblings": [{"rfilename": ".gitattributes"}, {"rfilename": "Morrigan Aensland (MVC3) JP.zip"}], "spaces": [], "createdAt": "2023-12-05T05:06:50.000Z", "inferenceStatus": "not-loaded"}