{"_id": "6556ee9d997e6f9682d7e754", "id": "zacboy326/SashaAnimalCrossing", "modelId": "zacboy326/SashaAnimalCrossing", "author": "zacboy326", "sha": "88ec1a93f3fe116a25d1bf9c3ae8b19ff0470917", "lastModified": "2023-11-17T04:40:31.000Z", "private": false, "disabled": false, "gated": false, "tags": ["region:us"], "downloads": 0, "likes": 0, "siblings": [{"rfilename": ".gitattributes"}, {"rfilename": "Sasha (Animal Crossing) (bigjettts1).zip"}], "spaces": [], "createdAt": "2023-11-17T04:39:57.000Z", "inferenceStatus": "not-loaded"}