{"_id": "6556af2e34fcde24c63185d4", "id": "zacboy326/MikeHolidayDieInStyle", "modelId": "zacboy326/MikeHolidayDieInStyle", "author": "zacboy326", "sha": "6a6ea5164009add1d30a107106c77191a4136cda", "lastModified": "2023-11-17T00:10:17.000Z", "private": false, "disabled": false, "gated": false, "tags": ["region:us"], "downloads": 0, "likes": 0, "siblings": [{"rfilename": ".gitattributes"}, {"rfilename": "Mike Holiday (Die In Style).zip"}], "spaces": [], "createdAt": "2023-11-17T00:09:18.000Z", "inferenceStatus": "not-loaded"}