{"_id": "6566c843d4b0cda0f4659ed0", "id": "zacboy326/FelixTheCat_ThomAdcox-Hernandez", "modelId": "zacboy326/FelixTheCat_ThomAdcox-Hernandez", "author": "zacboy326", "sha": "d0cd0c935caadb9deebdce1cdc285f98c812d309", "lastModified": "2023-11-29T05:13:05.000Z", "private": false, "disabled": false, "gated": false, "tags": ["region:us"], "downloads": 0, "likes": 0, "siblings": [{"rfilename": ".gitattributes"}, {"rfilename": "Felix The Cat (Thom Adcox-Hernandez).zip"}], "spaces": [], "createdAt": "2023-11-29T05:12:35.000Z", "inferenceStatus": "not-loaded"}