{"_id": "65556972d782367f179f6e63", "id": "zacboy326/PatriciaWagon", "modelId": "zacboy326/PatriciaWagon", "author": "zacboy326", "sha": "a0c846d19c6aa6ea025be32ef1d99799881f8209", "lastModified": "2023-11-16T01:00:14.000Z", "private": false, "disabled": false, "gated": false, "tags": ["region:us"], "downloads": 0, "likes": 0, "siblings": [{"rfilename": ".gitattributes"}, {"rfilename": "Patricia Wagon.zip"}], "spaces": [], "createdAt": "2023-11-16T00:59:30.000Z", "inferenceStatus": "not-loaded"}