{"_id": "65bf1c9c77b1ecb76d0fd21d", "id": "zacboy326/Wapeach_SummerRose", "modelId": "zacboy326/Wapeach_SummerRose", "author": "zacboy326", "sha": "f77e0c03f490c511e9a45171470ee1e1e0f5c544", "lastModified": "2024-02-04T05:12:32.000Z", "private": false, "disabled": false, "gated": false, "tags": ["region:us"], "downloads": 0, "likes": 0, "siblings": [{"rfilename": ".gitattributes"}, {"rfilename": "Wapeach (Summer Rose).zip"}], "spaces": [], "createdAt": "2024-02-04T05:11:56.000Z", "inferenceStatus": "not-loaded"}