{"_id": "65556ae517132f996e761ee7", "id": "zacboy326/JazzROTFGame", "modelId": "zacboy326/JazzROTFGame", "author": "zacboy326", "sha": "1318b0fbfb61f51110a493ec633971e935138bd4", "lastModified": "2023-11-16T01:06:12.000Z", "private": false, "disabled": false, "gated": false, "tags": ["region:us"], "downloads": 0, "likes": 0, "siblings": [{"rfilename": ".gitattributes"}, {"rfilename": "Jazz (ROTF Game).zip"}], "spaces": [], "createdAt": "2023-11-16T01:05:41.000Z", "inferenceStatus": "not-loaded"}