{"_id": "65617f477a465cdcb34b2ad2", "id": "zacboy326/GregWoods_JellesMarbleRuns", "modelId": "zacboy326/GregWoods_JellesMarbleRuns", "author": "zacboy326", "sha": "1370e9830733e8095242551784bbb34366e43daf", "lastModified": "2023-11-25T05:37:03.000Z", "private": false, "disabled": false, "gated": false, "tags": ["region:us"], "downloads": 0, "likes": 0, "siblings": [{"rfilename": ".gitattributes"}, {"rfilename": "Greg Woods (Jelle's Marble Runs).zip"}], "spaces": [], "createdAt": "2023-11-25T04:59:51.000Z", "inferenceStatus": "not-loaded"}