{"_id": "65641efbab484c4a3a7f441d", "id": "zacboy326/SurgeTheTenrec_VivianReed", "modelId": "zacboy326/SurgeTheTenrec_VivianReed", "author": "zacboy326", "sha": "eeb6398f63ce621b6793a7cf4df1039b344fbac1", "lastModified": "2023-11-27T04:46:27.000Z", "private": false, "disabled": false, "gated": false, "tags": ["region:us"], "downloads": 0, "likes": 0, "siblings": [{"rfilename": ".gitattributes"}, {"rfilename": "Surge The Tenrec (Vivian Reed).zip"}], "spaces": [], "createdAt": "2023-11-27T04:45:47.000Z", "inferenceStatus": "not-loaded"}