{"_id": "65780d48a87010c9f87b38f4", "id": "zacboy326/LukeSkywalkerSequelTrilogy", "modelId": "zacboy326/LukeSkywalkerSequelTrilogy", "author": "zacboy326", "sha": "190287909d6161d4ea067d3c8f743a9b0439a095", "lastModified": "2023-12-12T07:36:04.000Z", "private": false, "disabled": false, "gated": false, "tags": ["region:us"], "downloads": 0, "likes": 0, "siblings": [{"rfilename": ".gitattributes"}, {"rfilename": "Luke Skywalker (Star Wars Sequel Trilogy).zip"}], "spaces": [], "createdAt": "2023-12-12T07:35:36.000Z", "inferenceStatus": "not-loaded"}