{"_id": "65692e054b8d35447ae0cb09", "id": "zacboy326/MetalMario_MarioKart8", "modelId": "zacboy326/MetalMario_MarioKart8", "author": "zacboy326", "sha": "ba09433058ab7d1f4c601773edf42fbf8c26433f", "lastModified": "2023-12-01T00:51:51.000Z", "private": false, "disabled": false, "gated": false, "tags": ["region:us"], "downloads": 0, "likes": 0, "siblings": [{"rfilename": ".gitattributes"}, {"rfilename": "Metal Mario (Mario Kart 8).zip"}], "spaces": [], "createdAt": "2023-12-01T00:51:17.000Z", "inferenceStatus": "not-loaded"}