{"_id": "65811961a760379049c8402a", "id": "zacboy326/LoWang_ShadowWarrior1997", "modelId": "zacboy326/LoWang_ShadowWarrior1997", "author": "zacboy326", "sha": "5e8575d9e30bf1d157a8708d73b896883b3421e2", "lastModified": "2023-12-19T04:18:24.000Z", "private": false, "disabled": false, "gated": false, "tags": ["region:us"], "downloads": 0, "likes": 0, "siblings": [{"rfilename": ".gitattributes"}, {"rfilename": "Lo Wang (Shadow Warrior 1997).zip"}], "spaces": [], "createdAt": "2023-12-19T04:17:37.000Z", "inferenceStatus": "not-loaded"}