{"_id": "621ffdc136468d709f181bf7", "id": "zaccharieramzi/NCPDNet-singlecoil-spiral", "modelId": "zaccharieramzi/NCPDNet-singlecoil-spiral", "author": "zaccharieramzi", "sha": "82d0d69580610764027aead03a328538168fa961", "lastModified": "2021-12-19T00:47:15.000Z", "private": false, "disabled": false, "gated": false, "tags": ["region:us"], "downloads": 0, "likes": 0, "siblings": [{"rfilename": ".gitattributes"}, {"rfilename": "README.md"}, {"rfilename": "model_weights.h5"}], "spaces": [], "createdAt": "2022-03-02T23:29:05.000Z", "inferenceStatus": "not-loaded"}