{"_id": "621ffdc136468d709f181bfd", "id": "zaccharieramzi/UPDNet-knee-af8", "modelId": "zaccharieramzi/UPDNet-knee-af8", "author": "zaccharieramzi", "sha": "3ceb2be69a153bffc81d8bdf10f065c119e367ab", "lastModified": "2021-12-18T18:08:29.000Z", "private": false, "disabled": false, "gated": false, "tags": ["arxiv:2010.07290", "region:us"], "downloads": 0, "likes": 0, "siblings": [{"rfilename": ".gitattributes"}, {"rfilename": "README.md"}, {"rfilename": "model_weights.h5"}], "spaces": [], "createdAt": "2022-03-02T23:29:05.000Z", "inferenceStatus": "not-loaded"}