{"_id": "621ffdc136468d709f181bff", "id": "zaccharieramzi/XPDNet-brain-af4", "modelId": "zaccharieramzi/XPDNet-brain-af4", "author": "zaccharieramzi", "sha": "0680a667b865fac2d36f88737929f26807876381", "lastModified": "2021-12-18T17:10:04.000Z", "private": false, "disabled": false, "gated": false, "tags": ["arxiv:2010.07290", "arxiv:2106.00753", "region:us"], "downloads": 0, "likes": 0, "siblings": [{"rfilename": ".gitattributes"}, {"rfilename": "README.md"}, {"rfilename": "model_weights.h5"}], "spaces": [], "createdAt": "2022-03-02T23:29:05.000Z", "inferenceStatus": "not-loaded"}