{"_id": "621ffdc136468d709f181bf3", "id": "zaccharieramzi/NCPDNet-3D", "modelId": "zaccharieramzi/NCPDNet-3D", "author": "zaccharieramzi", "sha": "d633bc50901fd42689785da021bb9614a3bc9be1", "lastModified": "2023-08-16T14:00:04.000Z", "private": false, "disabled": false, "gated": false, "tags": ["region:us"], "downloads": 0, "likes": 0, "siblings": [{"rfilename": ".gitattributes"}, {"rfilename": "README.md"}, {"rfilename": "model_weights.h5"}], "spaces": [], "createdAt": "2022-03-02T23:29:05.000Z", "inferenceStatus": "not-loaded"}