{"_id": "621ffdc136468d709f181bf5", "id": "zaccharieramzi/NCPDNet-multicoil-spiral", "modelId": "zaccharieramzi/NCPDNet-multicoil-spiral", "author": "zaccharieramzi", "sha": "469eb2385597c6f67183db1e53d6a3cbc645920c", "lastModified": "2021-12-19T01:01:43.000Z", "private": false, "disabled": false, "gated": false, "tags": ["region:us"], "downloads": 0, "likes": 0, "siblings": [{"rfilename": ".gitattributes"}, {"rfilename": "README.md"}, {"rfilename": "model_weights.h5"}], "spaces": [], "createdAt": "2022-03-02T23:29:05.000Z", "inferenceStatus": "not-loaded"}