{"_id": "621ffdc136468d709f181bf2", "id": "zaccharieramzi/KIKI-net-fastmri", "modelId": "zaccharieramzi/KIKI-net-fastmri", "author": "zaccharieramzi", "sha": "107703a6f334726726f8a3316ebe3ccf5ec56de2", "lastModified": "2021-12-19T01:53:37.000Z", "private": false, "disabled": false, "gated": false, "tags": ["region:us"], "downloads": 0, "likes": 0, "siblings": [{"rfilename": ".gitattributes"}, {"rfilename": "README.md"}, {"rfilename": "model_weights.h5"}], "spaces": [], "createdAt": "2022-03-02T23:29:05.000Z", "inferenceStatus": "not-loaded"}