{"_id": "621ffdc136468d709f181bef", "id": "zaccharieramzi/CascadeNet-OASIS", "modelId": "zaccharieramzi/CascadeNet-OASIS", "author": "zaccharieramzi", "sha": "1c10da94a9b68415a85775c06ef0ad4f0880e1a0", "lastModified": "2021-12-19T01:47:21.000Z", "private": false, "disabled": false, "gated": false, "tags": ["region:us"], "downloads": 0, "likes": 0, "siblings": [{"rfilename": ".gitattributes"}, {"rfilename": "README.md"}, {"rfilename": "model_weights.h5"}], "spaces": [], "createdAt": "2022-03-02T23:29:05.000Z", "inferenceStatus": "not-loaded"}