{"_id": "621ffdc136468d709f181bf8", "id": "zaccharieramzi/PDNet-OASIS", "modelId": "zaccharieramzi/PDNet-OASIS", "author": "zaccharieramzi", "sha": "71ea95ac7ea1bdbb066520ed38d90f5749bdf638", "lastModified": "2021-12-19T01:37:49.000Z", "private": false, "disabled": false, "gated": false, "tags": ["region:us"], "downloads": 0, "likes": 0, "siblings": [{"rfilename": ".gitattributes"}, {"rfilename": "README.md"}, {"rfilename": "model_weights.h5"}], "spaces": [], "createdAt": "2022-03-02T23:29:05.000Z", "inferenceStatus": "not-loaded"}