{"_id": "64cb224e9e30a46f7b850cda", "id": "zacdennis/PyramidsRND", "modelId": "zacdennis/PyramidsRND", "author": "zacdennis", "sha": "57f75f3c00ffdc553af4a0c6387cebcd7a4c9756", "lastModified": "2023-08-03T03:43:13.000Z", "private": false, "disabled": false, "gated": false, "pipeline_tag": "reinforcement-learning", "tags": ["ml-agents", "tensorboard", "onnx", "Pyramids", "deep-reinforcement-learning", "reinforcement-learning", "ML-Agents-Pyramids", "region:us"], "downloads": 0, "library_name": "ml-agents", "likes": 0, "model-index": null, "config": {}, "cardData": {"library_name": "ml-agents", "tags": ["Pyramids", "deep-reinforcement-learning", "reinforcement-learning", "ML-Agents-Pyramids"]}, "siblings": [{"rfilename": ".gitattributes"}, {"rfilename": "Pyramids.onnx"}, {"rfilename": "Pyramids/Pyramids-1000050.onnx"}, {"rfilename": "Pyramids/Pyramids-1000050.pt"}, {"rfilename": "Pyramids/Pyramids-499928.onnx"}, {"rfilename": "Pyramids/Pyramids-499928.pt"}, {"rfilename": "Pyramids/Pyramids-999927.onnx"}, {"rfilename": "Pyramids/Pyramids-999927.pt"}, {"rfilename": "Pyramids/checkpoint.pt"}, {"rfilename": "Pyramids/events.out.tfevents.1691031912.e037b90c7280.8808.0"}, {"rfilename": "README.md"}, {"rfilename": "config.json"}, {"rfilename": "configuration.yaml"}, {"rfilename": "run_logs/Player-0.log"}, {"rfilename": "run_logs/timers.json"}, {"rfilename": "run_logs/training_status.json"}], "spaces": [], "createdAt": "2023-08-03T03:43:10.000Z", "inferenceStatus": "not-loaded"}