{"_id": "65efb984544ba100aec7d630", "id": "zach-lamberty/mm2024-debertav3xs-M-20240311T220716", "modelId": "zach-lamberty/mm2024-debertav3xs-M-20240311T220716", "author": "zach-lamberty", "sha": "63b04ebf1ddfb5500c1e1b452f5b1b75d69ca649", "lastModified": "2024-03-12T02:10:12.000Z", "private": false, "disabled": false, "gated": false, "tags": ["region:us"], "downloads": 0, "likes": 0, "siblings": [{"rfilename": ".gitattributes"}], "spaces": [], "createdAt": "2024-03-12T02:10:12.000Z", "inferenceStatus": "not-loaded"}