{"_id": "65e7c8c69e860e781b22435b", "id": "zach-lamberty/mm2024-xlnet-M-20240303T113807", "modelId": "zach-lamberty/mm2024-xlnet-M-20240303T113807", "author": "zach-lamberty", "sha": "d73d60c91556e371ef83bb9a86955cb7c12d4cb1", "lastModified": "2024-03-06T11:00:50.000Z", "private": false, "disabled": false, "gated": false, "pipeline_tag": "text-classification", "tags": ["transformers", "safetensors", "xlnet", "text-classification", "autotrain_compatible", "endpoints_compatible", "region:us"], "downloads": 2, "library_name": "transformers", "mask_token": "<mask>", "widgetData": [{"text": "I like you. I love you"}], "likes": 0, "config": {"architectures": ["XLNetForSequenceClassification"], "model_type": "xlnet", "tokenizer_config": {"mask_token": "[MASK]", "pad_token": "[PAD]", "sep_token": "[SEP]", "unk_token": "[UNK]"}}, "transformersInfo": {"auto_model": "AutoModelForSequenceClassification", "pipeline_tag": "text-classification", "processor": "AutoTokenizer"}, "siblings": [{"rfilename": ".gitattributes"}, {"rfilename": "config.json"}, {"rfilename": "model.safetensors"}, {"rfilename": "special_tokens_map.json"}, {"rfilename": "tokenizer.json"}, {"rfilename": "tokenizer_config.json"}, {"rfilename": "training_args.bin"}], "spaces": [], "createdAt": "2024-03-06T01:37:10.000Z", "safetensors": {"parameters": {"F32": 93324290}, "total": 93324290}, "inferenceStatus": "not-loaded"}