{"_id": "665675291b4aa2651abc4890", "id": "Zachary-Gao/internlm2-chat-7b-Q4_K_M-GGUF", "modelId": "Zachary-Gao/internlm2-chat-7b-Q4_K_M-GGUF", "author": "Zachary-Gao", "sha": "5a2aee4e6ce486326a0cc11f2f97845ef059735c", "lastModified": "2024-05-29T00:22:18.000Z", "private": false, "disabled": false, "gated": false, "pipeline_tag": "text-generation", "tags": ["gguf", "llama-cpp", "gguf-my-repo", "text-generation", "license:other", "region:us"], "downloads": 27, "widgetData": [{"text": "My name is Julien and I like to"}, {"text": "My name is Thomas and my main"}, {"text": "My name is Mariama, my favorite"}, {"text": "My name is Clara and I am"}, {"text": "My name is Lewis and I like to"}, {"text": "My name is Merve and my favorite"}, {"text": "My name is Teven and I am"}, {"text": "Once upon a time,"}], "likes": 0, "model-index": null, "cardData": {"license": "other", "tags": ["llama-cpp", "gguf-my-repo"], "pipeline_tag": "text-generation"}, "siblings": [{"rfilename": ".gitattributes"}, {"rfilename": "README.md"}, {"rfilename": "internlm2-chat-7b-q4_k_m.gguf"}], "spaces": [], "createdAt": "2024-05-29T00:22:01.000Z", "inferenceStatus": "not-loaded"}