{"_id": "668b4a3358e824569fd6095b", "id": "zachaman/chpr3019-Q6_K-GGUF", "modelId": "zachaman/chpr3019-Q6_K-GGUF", "author": "zachaman", "sha": "d2abf1a5d5284724fbb4ff608d1a5a9aea7a1ed9", "lastModified": "2024-07-08T02:09:42.000Z", "private": false, "disabled": false, "gated": false, "tags": ["transformers", "gguf", "llama-cpp", "gguf-my-repo", "base_model:zachaman/phi3-splendidglitter11-merged", "endpoints_compatible", "region:us"], "downloads": 6, "library_name": "transformers", "likes": 0, "model-index": null, "cardData": {"base_model": "zachaman/phi3-splendidglitter11-merged", "library_name": "transformers", "tags": ["llama-cpp", "gguf-my-repo"]}, "transformersInfo": {"auto_model": "AutoModel"}, "siblings": [{"rfilename": ".gitattributes"}, {"rfilename": "README.md"}, {"rfilename": "phi3-splendidglitter11-merged-q6_k.gguf"}], "spaces": [], "createdAt": "2024-07-08T02:08:51.000Z", "inferenceStatus": "not-loaded"}