{"_id": "65e40ad190a87c0f26f79a5b", "id": "zachary-shah/controlnet-512-v21-full", "modelId": "zachary-shah/controlnet-512-v21-full", "author": "zachary-shah", "sha": "d5ad3776848fb73e8df8796a85bf9d7036bcf4b9", "lastModified": "2024-03-03T21:57:30.000Z", "private": false, "disabled": false, "gated": false, "pipeline_tag": "text-to-image", "tags": ["diffusers", "safetensors", "stable-diffusion", "stable-diffusion-diffusers", "text-to-image", "controlnet", "base_model:yurman/mri-sd-v21-oasis", "license:creativeml-openrail-m", "region:us"], "downloads": 13, "library_name": "diffusers", "likes": 0, "model-index": null, "config": {}, "cardData": {"license": "creativeml-openrail-m", "base_model": "yurman/mri-sd-v21-oasis", "tags": ["stable-diffusion", "stable-diffusion-diffusers", "text-to-image", "diffusers", "controlnet"], "inference": true}, "siblings": [{"rfilename": ".gitattributes"}, {"rfilename": "README.md"}, {"rfilename": "checkpoint-25000/controlnet/config.json"}, {"rfilename": "checkpoint-25000/controlnet/diffusion_pytorch_model.safetensors"}, {"rfilename": "checkpoint-25000/optimizer.bin"}, {"rfilename": "checkpoint-25000/random_states_0.pkl"}, {"rfilename": "checkpoint-25000/scheduler.bin"}, {"rfilename": "checkpoint-30000/controlnet/config.json"}, {"rfilename": "checkpoint-30000/controlnet/diffusion_pytorch_model.safetensors"}, {"rfilename": "checkpoint-30000/optimizer.bin"}, {"rfilename": "checkpoint-30000/random_states_0.pkl"}, {"rfilename": "checkpoint-30000/scheduler.bin"}, {"rfilename": "config.json"}, {"rfilename": "diffusion_pytorch_model.safetensors"}, {"rfilename": "image_control.png"}, {"rfilename": "images_0.png"}, {"rfilename": "images_1.png"}, {"rfilename": "images_2.png"}, {"rfilename": "images_3.png"}], "spaces": [], "createdAt": "2024-03-03T05:29:53.000Z", "inferenceStatus": "not-loaded"}