{"_id": "64801e74bf94ef80ab402aec", "id": "zachary-shah/baADMM", "modelId": "zachary-shah/baADMM", "author": "zachary-shah", "sha": "2b022e7f37cea79cd7dd53b1a1fdf2aea9192219", "lastModified": "2023-06-13T03:53:50.000Z", "private": false, "disabled": false, "gated": false, "tags": ["region:us"], "downloads": 0, "likes": 0, "siblings": [{"rfilename": ".gitattributes"}, {"rfilename": "MSE_vs_PS.png"}, {"rfilename": "MSE_vs_n.png"}, {"rfilename": "cifar-10/memory_save/performance-cif10-n=10000-loss=mse-P=50-torch-07062023070613.png"}, {"rfilename": "cifar-10/memory_save/performance-cif2-ds-n=10000-loss=mse-P=50-torch-07062023071859.png"}, {"rfilename": "cifar-10/memory_save/performance-cif2-n=10000-loss=mse-P=50-torch-07062023064043.png"}, {"rfilename": "cifar-10/memory_save/performance-cif2-n=800-loss=mse-P=10-torch-07062023074817.png"}, {"rfilename": "cifar-10/memory_save/performance-cif2-n=8000-loss=mse-P=50-torch-07062023072144.png"}, {"rfilename": "cifar-10/memory_save/times-cif10-n=10000-loss=mse-P=50-torch-07062023070613.png"}, {"rfilename": "cifar-10/memory_save/times-cif2-ds-n=10000-loss=mse-P=50-torch-07062023071859.png"}, {"rfilename": "cifar-10/memory_save/times-cif2-n=10000-loss=mse-P=50-torch-07062023064043.png"}, {"rfilename": "cifar-10/memory_save/times-cif2-n=800-loss=mse-P=10-torch-07062023074817.png"}, {"rfilename": "cifar-10/memory_save/times-cif2-n=8000-loss=mse-P=50-torch-07062023072144.png"}, {"rfilename": "cifar-10/performance-cif2-ds-n=100-loss=mse-P=10-torch-06062023215631.png"}, {"rfilename": "cifar-10/performance-cif2-ds-n=100-loss=mse-P=10-torch-07062023052613.png"}, {"rfilename": "cifar-10/performance-cif2-ds-n=100-loss=mse-P=10-torch-07062023055615.png"}, {"rfilename": "cifar-10/performance-cif2-n=10000-loss=mse-P=50-torch-07062023061809.png"}, {"rfilename": "cifar-10/performance-cif2-n=10000-loss=mse-P=50-torch-07062023062506.png"}, {"rfilename": "cifar-10/times-cif2-ds-n=100-loss=mse-P=10-torch-06062023215631.png"}, {"rfilename": "cifar-10/times-cif2-ds-n=100-loss=mse-P=10-torch-07062023052613.png"}, {"rfilename": "cifar-10/times-cif2-ds-n=100-loss=mse-P=10-torch-07062023055615.png"}, {"rfilename": "cifar-10/times-cif2-n=10000-loss=mse-P=50-torch-07062023061809.png"}, {"rfilename": "cifar-10/times-cif2-n=10000-loss=mse-P=50-torch-07062023062506.png"}, {"rfilename": "paper_figures.zip"}, {"rfilename": "performance-cif2-ds-n=100-loss=mse-P=10-torch-06062023215631.png"}, {"rfilename": "performance-cif2-ds-n=100-loss=mse-P=10-torch-07062023052613.png"}, {"rfilename": "performance-cif2-ds-n=100-loss=mse-P=10-torch-07062023055615.png"}, {"rfilename": "times-cif2-ds-n=100-loss=mse-P=10-torch-06062023215631.png"}, {"rfilename": "times-cif2-ds-n=100-loss=mse-P=10-torch-07062023052613.png"}, {"rfilename": "times-cif2-ds-n=100-loss=mse-P=10-torch-07062023055615.png"}], "spaces": [], "createdAt": "2023-06-07T06:06:44.000Z", "inferenceStatus": "not-loaded"}