{"_id": "65bd4641c1a44b6ef1e2e0fe", "id": "zachary-shah/notext-emboff-crop-sd-mri-oasis-finetune", "modelId": "zachary-shah/notext-emboff-crop-sd-mri-oasis-finetune", "author": "zachary-shah", "sha": "82aa513f16997160dacb2af918e33d29609817f3", "lastModified": "2024-02-02T19:45:06.000Z", "private": false, "disabled": false, "gated": false, "tags": ["region:us"], "downloads": 0, "likes": 0, "siblings": [{"rfilename": ".gitattributes"}], "spaces": [], "createdAt": "2024-02-02T19:45:05.000Z", "inferenceStatus": "not-loaded"}