{"_id": "65ea7e306600ad9afd900597", "id": "zach-lamberty/mm2024-debertav3-M-20240303T203254", "modelId": "zach-lamberty/mm2024-debertav3-M-20240303T203254", "author": "zach-lamberty", "sha": "887f03294ac6796afc7a71e242396e4a1ad2b256", "lastModified": "2024-03-08T14:31:32.000Z", "private": false, "disabled": false, "gated": false, "pipeline_tag": "text-classification", "tags": ["transformers", "safetensors", "deberta-v2", "text-classification", "autotrain_compatible", "endpoints_compatible", "region:us"], "downloads": 2, "library_name": "transformers", "mask_token": "[MASK]", "widgetData": [{"text": "I like you. I love you"}], "likes": 0, "config": {"architectures": ["DebertaV2ForSequenceClassification"], "model_type": "deberta-v2", "tokenizer_config": {"mask_token": "[MASK]", "pad_token": "[PAD]", "sep_token": "[SEP]", "unk_token": "[UNK]"}}, "transformersInfo": {"auto_model": "AutoModelForSequenceClassification", "pipeline_tag": "text-classification", "processor": "AutoTokenizer"}, "siblings": [{"rfilename": ".gitattributes"}, {"rfilename": "config.json"}, {"rfilename": "model.safetensors"}, {"rfilename": "special_tokens_map.json"}, {"rfilename": "tokenizer.json"}, {"rfilename": "tokenizer_config.json"}, {"rfilename": "training_args.bin"}], "spaces": [], "createdAt": "2024-03-08T02:55:44.000Z", "safetensors": {"parameters": {"F32": 86632706}, "total": 86632706}, "inferenceStatus": "not-loaded"}