{"_id": "6485e830d20fe3990693b930", "id": "zachary-shah/riff-pix2pix-v1", "modelId": "zachary-shah/riff-pix2pix-v1", "author": "zachary-shah", "sha": "9c4b4c25d4a71a430f50e5fc7254990c6fe9d3af", "lastModified": "2023-06-12T01:36:04.000Z", "private": false, "disabled": false, "gated": false, "tags": ["diffusers", "tensorboard", "diffusers:StableDiffusionInstructPix2PixPipeline", "region:us"], "downloads": 0, "library_name": "diffusers", "likes": 0, "config": {"diffusers": {"_class_name": "StableDiffusionInstructPix2PixPipeline"}}, "siblings": [{"rfilename": ".gitattributes"}, {"rfilename": "checkpoint-300000/optimizer.bin"}, {"rfilename": "checkpoint-300000/random_states_0.pkl"}, {"rfilename": "checkpoint-300000/scaler.pt"}, {"rfilename": "checkpoint-300000/scheduler.bin"}, {"rfilename": "checkpoint-300000/unet/config.json"}, {"rfilename": "checkpoint-300000/unet/diffusion_pytorch_model.bin"}, {"rfilename": "config.json"}, {"rfilename": "feature_extractor/preprocessor_config.json"}, {"rfilename": "logs/instruct-pix2pix/1686024460.013109/events.out.tfevents.1686024460.ip-172-31-28-175.ec2.internal.5327.1"}, {"rfilename": "logs/instruct-pix2pix/1686024460.0144317/hparams.yml"}, {"rfilename": "logs/instruct-pix2pix/1686024636.282702/events.out.tfevents.1686024636.ip-172-31-28-175.ec2.internal.6891.1"}, {"rfilename": "logs/instruct-pix2pix/1686024636.2839978/hparams.yml"}, {"rfilename": "logs/instruct-pix2pix/1686024669.0956256/events.out.tfevents.1686024669.ip-172-31-28-175.ec2.internal.7120.1"}, {"rfilename": "logs/instruct-pix2pix/1686024669.0970294/hparams.yml"}, {"rfilename": "logs/instruct-pix2pix/1686024697.2151372/events.out.tfevents.1686024697.ip-172-31-28-175.ec2.internal.7629.1"}, {"rfilename": "logs/instruct-pix2pix/1686024697.2164345/hparams.yml"}, {"rfilename": "logs/instruct-pix2pix/1686024729.483795/events.out.tfevents.1686024729.ip-172-31-28-175.ec2.internal.8161.1"}, {"rfilename": "logs/instruct-pix2pix/1686024729.4851048/hparams.yml"}, {"rfilename": "logs/instruct-pix2pix/1686251434.2604456/events.out.tfevents.1686251434.ip-172-31-28-175.ec2.internal.7700.1"}, {"rfilename": "logs/instruct-pix2pix/1686251434.2618048/hparams.yml"}, {"rfilename": "logs/instruct-pix2pix/1686251604.0436833/events.out.tfevents.1686251604.ip-172-31-28-175.ec2.internal.8878.1"}, {"rfilename": "logs/instruct-pix2pix/1686251604.045071/hparams.yml"}, {"rfilename": "logs/instruct-pix2pix/1686251721.46846/events.out.tfevents.1686251721.ip-172-31-28-175.ec2.internal.9638.1"}, {"rfilename": "logs/instruct-pix2pix/1686251721.4697907/hparams.yml"}, {"rfilename": "logs/instruct-pix2pix/1686251843.1085622/events.out.tfevents.1686251843.ip-172-31-28-175.ec2.internal.10427.1"}, {"rfilename": "logs/instruct-pix2pix/1686251843.1098614/hparams.yml"}, {"rfilename": "logs/instruct-pix2pix/1686252476.5714889/events.out.tfevents.1686252476.ip-172-31-28-175.ec2.internal.14778.1"}, {"rfilename": "logs/instruct-pix2pix/1686252476.5728323/hparams.yml"}, {"rfilename": "logs/instruct-pix2pix/1686252763.501972/events.out.tfevents.1686252763.ip-172-31-28-175.ec2.internal.16627.1"}, {"rfilename": "logs/instruct-pix2pix/1686252763.5033057/hparams.yml"}, {"rfilename": "logs/instruct-pix2pix/1686253046.6994145/events.out.tfevents.1686253046.ip-172-31-28-175.ec2.internal.18316.1"}, {"rfilename": "logs/instruct-pix2pix/1686253046.7006776/hparams.yml"}, {"rfilename": "logs/instruct-pix2pix/events.out.tfevents.1686024460.ip-172-31-28-175.ec2.internal.5327.0"}, {"rfilename": "logs/instruct-pix2pix/events.out.tfevents.1686024636.ip-172-31-28-175.ec2.internal.6891.0"}, {"rfilename": "logs/instruct-pix2pix/events.out.tfevents.1686024669.ip-172-31-28-175.ec2.internal.7120.0"}, {"rfilename": "logs/instruct-pix2pix/events.out.tfevents.1686024697.ip-172-31-28-175.ec2.internal.7629.0"}, {"rfilename": "logs/instruct-pix2pix/events.out.tfevents.1686024729.ip-172-31-28-175.ec2.internal.8161.0"}, {"rfilename": "logs/instruct-pix2pix/events.out.tfevents.1686251434.ip-172-31-28-175.ec2.internal.7700.0"}, {"rfilename": "logs/instruct-pix2pix/events.out.tfevents.1686251604.ip-172-31-28-175.ec2.internal.8878.0"}, {"rfilename": "logs/instruct-pix2pix/events.out.tfevents.1686251721.ip-172-31-28-175.ec2.internal.9638.0"}, {"rfilename": "logs/instruct-pix2pix/events.out.tfevents.1686251843.ip-172-31-28-175.ec2.internal.10427.0"}, {"rfilename": "logs/instruct-pix2pix/events.out.tfevents.1686252476.ip-172-31-28-175.ec2.internal.14778.0"}, {"rfilename": "logs/instruct-pix2pix/events.out.tfevents.1686252763.ip-172-31-28-175.ec2.internal.16627.0"}, {"rfilename": "logs/instruct-pix2pix/events.out.tfevents.1686253046.ip-172-31-28-175.ec2.internal.18316.0"}, {"rfilename": "model_index.json"}, {"rfilename": "safety_checker/config.json"}, {"rfilename": "safety_checker/pytorch_model.bin"}, {"rfilename": "samples/guidance_search/original.png"}, {"rfilename": "samples/guidance_search/original.wav"}, {"rfilename": "samples/guidance_search/sT=10_sI=1.3.png"}, {"rfilename": "samples/guidance_search/sT=10_sI=1.3.wav"}, {"rfilename": "samples/guidance_search/sT=10_sI=1.6.png"}, {"rfilename": "samples/guidance_search/sT=10_sI=1.6.wav"}, {"rfilename": "samples/guidance_search/sT=10_sI=1.png"}, {"rfilename": "samples/guidance_search/sT=10_sI=1.wav"}, {"rfilename": "samples/guidance_search/sT=10_sI=2.png"}, {"rfilename": "samples/guidance_search/sT=10_sI=2.wav"}, {"rfilename": "samples/guidance_search/sT=15_sI=1.3.png"}, {"rfilename": "samples/guidance_search/sT=15_sI=1.3.wav"}, {"rfilename": "samples/guidance_search/sT=15_sI=1.6.png"}, {"rfilename": "samples/guidance_search/sT=15_sI=1.6.wav"}, {"rfilename": "samples/guidance_search/sT=15_sI=1.png"}, {"rfilename": "samples/guidance_search/sT=15_sI=1.wav"}, {"rfilename": "samples/guidance_search/sT=15_sI=2.png"}, {"rfilename": "samples/guidance_search/sT=15_sI=2.wav"}, {"rfilename": "samples/guidance_search/sT=3_sI=1.3.png"}, {"rfilename": "samples/guidance_search/sT=3_sI=1.3.wav"}, {"rfilename": "samples/guidance_search/sT=3_sI=1.6.png"}, {"rfilename": "samples/guidance_search/sT=3_sI=1.6.wav"}, {"rfilename": "samples/guidance_search/sT=3_sI=1.png"}, {"rfilename": "samples/guidance_search/sT=3_sI=1.wav"}, {"rfilename": "samples/guidance_search/sT=3_sI=2.png"}, {"rfilename": "samples/guidance_search/sT=3_sI=2.wav"}, {"rfilename": "samples/guidance_search/sT=7.5_sI=1.3.png"}, {"rfilename": "samples/guidance_search/sT=7.5_sI=1.3.wav"}, {"rfilename": "samples/guidance_search/sT=7.5_sI=1.6.png"}, {"rfilename": "samples/guidance_search/sT=7.5_sI=1.6.wav"}, {"rfilename": "samples/guidance_search/sT=7.5_sI=1.png"}, {"rfilename": "samples/guidance_search/sT=7.5_sI=1.wav"}, {"rfilename": "samples/guidance_search/sT=7.5_sI=2.png"}, {"rfilename": "samples/guidance_search/sT=7.5_sI=2.wav"}, {"rfilename": "samples/guidance_search/target_add_a_female_vocal_pop_melody_electronic_and_playful_long_held_vocal_notes.png"}, {"rfilename": "samples/guidance_search/target_add_a_female_vocal_pop_melody_electronic_and_playful_long_held_vocal_notes.wav"}, {"rfilename": "samples/pix2pix_samples.zip"}, {"rfilename": "samples/test/100-step/s_10_add_a_female_vocal_pop_melody_electronic_and_playful_long_held_vocal_notes_edit_sample.png"}, {"rfilename": "samples/test/100-step/s_10_add_a_female_vocal_pop_melody_electronic_and_playful_long_held_vocal_notes_edit_sample.wav"}, {"rfilename": "samples/test/100-step/s_10_add_a_female_vocal_pop_melody_electronic_and_playful_long_held_vocal_notes_edit_target.png"}, {"rfilename": "samples/test/100-step/s_10_add_a_female_vocal_pop_melody_electronic_and_playful_long_held_vocal_notes_edit_target.wav"}, {"rfilename": "samples/test/100-step/s_10_add_a_female_vocal_pop_melody_electronic_and_playful_long_held_vocal_notes_original.png"}, {"rfilename": "samples/test/100-step/s_10_add_a_female_vocal_pop_melody_electronic_and_playful_long_held_vocal_notes_original.wav"}, {"rfilename": "samples/test/100-step/s_1_add_a_female_vocal_pop_melody_electronic_and_playful_long_held_vocal_notes_edit_sample.png"}, {"rfilename": "samples/test/100-step/s_1_add_a_female_vocal_pop_melody_electronic_and_playful_long_held_vocal_notes_edit_sample.wav"}, {"rfilename": "samples/test/100-step/s_1_add_a_female_vocal_pop_melody_electronic_and_playful_long_held_vocal_notes_edit_target.png"}, {"rfilename": "samples/test/100-step/s_1_add_a_female_vocal_pop_melody_electronic_and_playful_long_held_vocal_notes_edit_target.wav"}, {"rfilename": "samples/test/100-step/s_1_add_a_female_vocal_pop_melody_electronic_and_playful_long_held_vocal_notes_original.png"}, {"rfilename": "samples/test/100-step/s_1_add_a_female_vocal_pop_melody_electronic_and_playful_long_held_vocal_notes_original.wav"}, {"rfilename": "samples/test/100-step/s_2_add_a_female_vocal_pop_melody_electronic_and_playful_long_held_vocal_notes_edit_sample.png"}, {"rfilename": "samples/test/100-step/s_2_add_a_female_vocal_pop_melody_electronic_and_playful_long_held_vocal_notes_edit_sample.wav"}, {"rfilename": "samples/test/100-step/s_2_add_a_female_vocal_pop_melody_electronic_and_playful_long_held_vocal_notes_edit_target.png"}, {"rfilename": "samples/test/100-step/s_2_add_a_female_vocal_pop_melody_electronic_and_playful_long_held_vocal_notes_edit_target.wav"}, {"rfilename": "samples/test/100-step/s_2_add_a_female_vocal_pop_melody_electronic_and_playful_long_held_vocal_notes_original.png"}, {"rfilename": "samples/test/100-step/s_2_add_a_female_vocal_pop_melody_electronic_and_playful_long_held_vocal_notes_original.wav"}, {"rfilename": "samples/test/100-step/s_3_add_a_female_vocal_melody_electronic_pop_style_upbeat_and_energetic_edit_sample.png"}, {"rfilename": "samples/test/100-step/s_3_add_a_female_vocal_melody_electronic_pop_style_upbeat_and_energetic_edit_sample.wav"}, {"rfilename": "samples/test/100-step/s_3_add_a_female_vocal_melody_electronic_pop_style_upbeat_and_energetic_edit_target.png"}, {"rfilename": "samples/test/100-step/s_3_add_a_female_vocal_melody_electronic_pop_style_upbeat_and_energetic_edit_target.wav"}, {"rfilename": "samples/test/100-step/s_3_add_a_female_vocal_melody_electronic_pop_style_upbeat_and_energetic_original.png"}, {"rfilename": "samples/test/100-step/s_3_add_a_female_vocal_melody_electronic_pop_style_upbeat_and_energetic_original.wav"}, {"rfilename": "samples/test/100-step/s_4_add_a_male_vocal_melody_heavy_rock_edit_sample.png"}, {"rfilename": "samples/test/100-step/s_4_add_a_male_vocal_melody_heavy_rock_edit_sample.wav"}, {"rfilename": "samples/test/100-step/s_4_add_a_male_vocal_melody_heavy_rock_edit_target.png"}, {"rfilename": "samples/test/100-step/s_4_add_a_male_vocal_melody_heavy_rock_edit_target.wav"}, {"rfilename": "samples/test/100-step/s_4_add_a_male_vocal_melody_heavy_rock_original.png"}, {"rfilename": "samples/test/100-step/s_4_add_a_male_vocal_melody_heavy_rock_original.wav"}, {"rfilename": "samples/test/100-step/s_5_add_a_female_vocal_pop_rock_melody_etherial_voice_edit_sample.png"}, {"rfilename": "samples/test/100-step/s_5_add_a_female_vocal_pop_rock_melody_etherial_voice_edit_sample.wav"}, {"rfilename": "samples/test/100-step/s_5_add_a_female_vocal_pop_rock_melody_etherial_voice_edit_target.png"}, {"rfilename": "samples/test/100-step/s_5_add_a_female_vocal_pop_rock_melody_etherial_voice_edit_target.wav"}, {"rfilename": "samples/test/100-step/s_5_add_a_female_vocal_pop_rock_melody_etherial_voice_original.png"}, {"rfilename": "samples/test/100-step/s_5_add_a_female_vocal_pop_rock_melody_etherial_voice_original.wav"}, {"rfilename": "samples/test/100-step/s_6_add_a_male_vocal_melody_heavy_rock_edit_sample.png"}, {"rfilename": "samples/test/100-step/s_6_add_a_male_vocal_melody_heavy_rock_edit_sample.wav"}, {"rfilename": "samples/test/100-step/s_6_add_a_male_vocal_melody_heavy_rock_edit_target.png"}, {"rfilename": "samples/test/100-step/s_6_add_a_male_vocal_melody_heavy_rock_edit_target.wav"}, {"rfilename": "samples/test/100-step/s_6_add_a_male_vocal_melody_heavy_rock_original.png"}, {"rfilename": "samples/test/100-step/s_6_add_a_male_vocal_melody_heavy_rock_original.wav"}, {"rfilename": "samples/test/100-step/s_7_add_a_female_vocal_melody_electronic_pop_style_upbeat_and_energetic_edit_sample.png"}, {"rfilename": "samples/test/100-step/s_7_add_a_female_vocal_melody_electronic_pop_style_upbeat_and_energetic_edit_sample.wav"}, {"rfilename": "samples/test/100-step/s_7_add_a_female_vocal_melody_electronic_pop_style_upbeat_and_energetic_edit_target.png"}, {"rfilename": "samples/test/100-step/s_7_add_a_female_vocal_melody_electronic_pop_style_upbeat_and_energetic_edit_target.wav"}, {"rfilename": "samples/test/100-step/s_7_add_a_female_vocal_melody_electronic_pop_style_upbeat_and_energetic_original.png"}, {"rfilename": "samples/test/100-step/s_7_add_a_female_vocal_melody_electronic_pop_style_upbeat_and_energetic_original.wav"}, {"rfilename": "samples/test/100-step/s_8_add_a_heavy_metal_screamo_vocal_part_satanic_vocals_edit_sample.png"}, {"rfilename": "samples/test/100-step/s_8_add_a_heavy_metal_screamo_vocal_part_satanic_vocals_edit_sample.wav"}, {"rfilename": "samples/test/100-step/s_8_add_a_heavy_metal_screamo_vocal_part_satanic_vocals_edit_target.png"}, {"rfilename": "samples/test/100-step/s_8_add_a_heavy_metal_screamo_vocal_part_satanic_vocals_edit_target.wav"}, {"rfilename": "samples/test/100-step/s_8_add_a_heavy_metal_screamo_vocal_part_satanic_vocals_original.png"}, {"rfilename": "samples/test/100-step/s_8_add_a_heavy_metal_screamo_vocal_part_satanic_vocals_original.wav"}, {"rfilename": "samples/test/100-step/s_9_add_a_heavy_metal_screamo_vocal_part_satanic_vocals_edit_sample.png"}, {"rfilename": "samples/test/100-step/s_9_add_a_heavy_metal_screamo_vocal_part_satanic_vocals_edit_sample.wav"}, {"rfilename": "samples/test/100-step/s_9_add_a_heavy_metal_screamo_vocal_part_satanic_vocals_edit_target.png"}, {"rfilename": "samples/test/100-step/s_9_add_a_heavy_metal_screamo_vocal_part_satanic_vocals_edit_target.wav"}, {"rfilename": "samples/test/100-step/s_9_add_a_heavy_metal_screamo_vocal_part_satanic_vocals_original.png"}, {"rfilename": "samples/test/100-step/s_9_add_a_heavy_metal_screamo_vocal_part_satanic_vocals_original.wav"}, {"rfilename": "samples/test/20-step/s_10_add_a_female_vocal_pop_melody_electronic_and_playful_long_held_vocal_notes_edit_sample.png"}, {"rfilename": "samples/test/20-step/s_10_add_a_female_vocal_pop_melody_electronic_and_playful_long_held_vocal_notes_edit_sample.wav"}, {"rfilename": "samples/test/20-step/s_10_add_a_female_vocal_pop_melody_electronic_and_playful_long_held_vocal_notes_edit_target.png"}, {"rfilename": "samples/test/20-step/s_10_add_a_female_vocal_pop_melody_electronic_and_playful_long_held_vocal_notes_edit_target.wav"}, {"rfilename": "samples/test/20-step/s_10_add_a_female_vocal_pop_melody_electronic_and_playful_long_held_vocal_notes_original.png"}, {"rfilename": "samples/test/20-step/s_10_add_a_female_vocal_pop_melody_electronic_and_playful_long_held_vocal_notes_original.wav"}, {"rfilename": "samples/test/20-step/s_1_add_a_female_vocal_pop_melody_electronic_and_playful_long_held_vocal_notes_edit_sample.png"}, {"rfilename": "samples/test/20-step/s_1_add_a_female_vocal_pop_melody_electronic_and_playful_long_held_vocal_notes_edit_sample.wav"}, {"rfilename": "samples/test/20-step/s_1_add_a_female_vocal_pop_melody_electronic_and_playful_long_held_vocal_notes_edit_target.png"}, {"rfilename": "samples/test/20-step/s_1_add_a_female_vocal_pop_melody_electronic_and_playful_long_held_vocal_notes_edit_target.wav"}, {"rfilename": "samples/test/20-step/s_1_add_a_female_vocal_pop_melody_electronic_and_playful_long_held_vocal_notes_original.png"}, {"rfilename": "samples/test/20-step/s_1_add_a_female_vocal_pop_melody_electronic_and_playful_long_held_vocal_notes_original.wav"}, {"rfilename": "samples/test/20-step/s_2_add_a_female_vocal_pop_melody_electronic_and_playful_long_held_vocal_notes_edit_sample.png"}, {"rfilename": "samples/test/20-step/s_2_add_a_female_vocal_pop_melody_electronic_and_playful_long_held_vocal_notes_edit_sample.wav"}, {"rfilename": "samples/test/20-step/s_2_add_a_female_vocal_pop_melody_electronic_and_playful_long_held_vocal_notes_edit_target.png"}, {"rfilename": "samples/test/20-step/s_2_add_a_female_vocal_pop_melody_electronic_and_playful_long_held_vocal_notes_edit_target.wav"}, {"rfilename": "samples/test/20-step/s_2_add_a_female_vocal_pop_melody_electronic_and_playful_long_held_vocal_notes_original.png"}, {"rfilename": "samples/test/20-step/s_2_add_a_female_vocal_pop_melody_electronic_and_playful_long_held_vocal_notes_original.wav"}, {"rfilename": "samples/test/20-step/s_3_add_a_female_vocal_melody_electronic_pop_style_upbeat_and_energetic_edit_sample.png"}, {"rfilename": "samples/test/20-step/s_3_add_a_female_vocal_melody_electronic_pop_style_upbeat_and_energetic_edit_sample.wav"}, {"rfilename": "samples/test/20-step/s_3_add_a_female_vocal_melody_electronic_pop_style_upbeat_and_energetic_edit_target.png"}, {"rfilename": "samples/test/20-step/s_3_add_a_female_vocal_melody_electronic_pop_style_upbeat_and_energetic_edit_target.wav"}, {"rfilename": "samples/test/20-step/s_3_add_a_female_vocal_melody_electronic_pop_style_upbeat_and_energetic_original.png"}, {"rfilename": "samples/test/20-step/s_3_add_a_female_vocal_melody_electronic_pop_style_upbeat_and_energetic_original.wav"}, {"rfilename": "samples/test/20-step/s_4_add_a_male_vocal_melody_heavy_rock_edit_sample.png"}, {"rfilename": "samples/test/20-step/s_4_add_a_male_vocal_melody_heavy_rock_edit_sample.wav"}, {"rfilename": "samples/test/20-step/s_4_add_a_male_vocal_melody_heavy_rock_edit_target.png"}, {"rfilename": "samples/test/20-step/s_4_add_a_male_vocal_melody_heavy_rock_edit_target.wav"}, {"rfilename": "samples/test/20-step/s_4_add_a_male_vocal_melody_heavy_rock_original.png"}, {"rfilename": "samples/test/20-step/s_4_add_a_male_vocal_melody_heavy_rock_original.wav"}, {"rfilename": "samples/test/20-step/s_5_add_a_female_vocal_pop_rock_melody_etherial_voice_edit_sample.png"}, {"rfilename": "samples/test/20-step/s_5_add_a_female_vocal_pop_rock_melody_etherial_voice_edit_sample.wav"}, {"rfilename": "samples/test/20-step/s_5_add_a_female_vocal_pop_rock_melody_etherial_voice_edit_target.png"}, {"rfilename": "samples/test/20-step/s_5_add_a_female_vocal_pop_rock_melody_etherial_voice_edit_target.wav"}, {"rfilename": "samples/test/20-step/s_5_add_a_female_vocal_pop_rock_melody_etherial_voice_original.png"}, {"rfilename": "samples/test/20-step/s_5_add_a_female_vocal_pop_rock_melody_etherial_voice_original.wav"}, {"rfilename": "samples/test/20-step/s_6_add_a_male_vocal_melody_heavy_rock_edit_sample.png"}, {"rfilename": "samples/test/20-step/s_6_add_a_male_vocal_melody_heavy_rock_edit_sample.wav"}, {"rfilename": "samples/test/20-step/s_6_add_a_male_vocal_melody_heavy_rock_edit_target.png"}, {"rfilename": "samples/test/20-step/s_6_add_a_male_vocal_melody_heavy_rock_edit_target.wav"}, {"rfilename": "samples/test/20-step/s_6_add_a_male_vocal_melody_heavy_rock_original.png"}, {"rfilename": "samples/test/20-step/s_6_add_a_male_vocal_melody_heavy_rock_original.wav"}, {"rfilename": "samples/test/20-step/s_7_add_a_female_vocal_melody_electronic_pop_style_upbeat_and_energetic_edit_sample.png"}, {"rfilename": "samples/test/20-step/s_7_add_a_female_vocal_melody_electronic_pop_style_upbeat_and_energetic_edit_sample.wav"}, {"rfilename": "samples/test/20-step/s_7_add_a_female_vocal_melody_electronic_pop_style_upbeat_and_energetic_edit_target.png"}, {"rfilename": "samples/test/20-step/s_7_add_a_female_vocal_melody_electronic_pop_style_upbeat_and_energetic_edit_target.wav"}, {"rfilename": "samples/test/20-step/s_7_add_a_female_vocal_melody_electronic_pop_style_upbeat_and_energetic_original.png"}, {"rfilename": "samples/test/20-step/s_7_add_a_female_vocal_melody_electronic_pop_style_upbeat_and_energetic_original.wav"}, {"rfilename": "samples/test/20-step/s_8_add_a_heavy_metal_screamo_vocal_part_satanic_vocals_edit_sample.png"}, {"rfilename": "samples/test/20-step/s_8_add_a_heavy_metal_screamo_vocal_part_satanic_vocals_edit_sample.wav"}, {"rfilename": "samples/test/20-step/s_8_add_a_heavy_metal_screamo_vocal_part_satanic_vocals_edit_target.png"}, {"rfilename": "samples/test/20-step/s_8_add_a_heavy_metal_screamo_vocal_part_satanic_vocals_edit_target.wav"}, {"rfilename": "samples/test/20-step/s_8_add_a_heavy_metal_screamo_vocal_part_satanic_vocals_original.png"}, {"rfilename": "samples/test/20-step/s_8_add_a_heavy_metal_screamo_vocal_part_satanic_vocals_original.wav"}, {"rfilename": "samples/test/20-step/s_9_add_a_heavy_metal_screamo_vocal_part_satanic_vocals_edit_sample.png"}, {"rfilename": "samples/test/20-step/s_9_add_a_heavy_metal_screamo_vocal_part_satanic_vocals_edit_sample.wav"}, {"rfilename": "samples/test/20-step/s_9_add_a_heavy_metal_screamo_vocal_part_satanic_vocals_edit_target.png"}, {"rfilename": "samples/test/20-step/s_9_add_a_heavy_metal_screamo_vocal_part_satanic_vocals_edit_target.wav"}, {"rfilename": "samples/test/20-step/s_9_add_a_heavy_metal_screamo_vocal_part_satanic_vocals_original.png"}, {"rfilename": "samples/test/20-step/s_9_add_a_heavy_metal_screamo_vocal_part_satanic_vocals_original.wav"}, {"rfilename": "scheduler/scheduler_config.json"}, {"rfilename": "text_encoder/config.json"}, {"rfilename": "text_encoder/pytorch_model.bin"}, {"rfilename": "tokenizer/merges.txt"}, {"rfilename": "tokenizer/special_tokens_map.json"}, {"rfilename": "tokenizer/tokenizer_config.json"}, {"rfilename": "tokenizer/vocab.json"}, {"rfilename": "unet/config.json"}, {"rfilename": "unet/diffusion_pytorch_model.bin"}, {"rfilename": "vae/config.json"}, {"rfilename": "vae/diffusion_pytorch_model.bin"}], "spaces": [], "createdAt": "2023-06-11T15:28:48.000Z", "inferenceStatus": "not-loaded"}