{"acronym_identification": "amirveyseh/acronym_identification", "ade_corpus_v2": "ade-benchmark-corpus/ade_corpus_v2", "adversarial_qa": "UCLNLP/adversarial_qa", "aeslc": "Yale-LILY/aeslc", "ag_news": "fancyzhx/ag_news", "ai2_arc": "allenai/ai2_arc", "allocine": "tblard/allocine", "alt": "mutiyama/alt", "amazon_polarity": "fancyzhx/amazon_polarity", "amazon_reviews_multi": "defunct-datasets/amazon_reviews_multi", "amazon_us_reviews": "defunct-datasets/amazon_us_reviews", "americas_nli": "nala-cub/americas_nli", "ami": "legacy-datasets/ami", "anli": "facebook/anli", "app_reviews": "sealuzh/app_reviews", "aqua_rat": "deepmind/aqua_rat", "arabic_billion_words": "abuelkhair-corpus/arabic_billion_words", "arabic_speech_corpus": "halabi2016/arabic_speech_corpus", "arcd": "hsseinmz/arcd", "art": "allenai/art", "arxiv_dataset": "arxiv-community/arxiv_dataset", "aslg_pc12": "achrafothman/aslg_pc12", "asset": "facebook/asset", "assin": "nilc-nlp/assin", "assin2": "nilc-nlp/assin2", "banking77": "legacy-datasets/banking77", "bc2gm_corpus": "spyysalo/bc2gm_corpus", "beans": "AI-Lab-Makerere/beans", "best2009": "nectec/best2009", "bible_para": "Helsinki-NLP/bible_para", "big_patent": "NortheasternUniversity/big_patent", "bigbench": "google/bigbench", "billsum": "FiscalNote/billsum", "blbooksgenre": "TheBritishLibrary/blbooksgenre", "blended_skill_talk": "ParlAI/blended_skill_talk", "blimp": "nyu-mll/blimp", "blog_authorship_corpus": "barilan/blog_authorship_corpus", "bookcorpus": "bookcorpus/bookcorpus", "boolq": "google/boolq", "break_data": "allenai/break_data", "brwac": "UFRGS/brwac", "bsd_ja_en": "ryo0634/bsd_ja_en", "c4": "legacy-datasets/c4", "caner": "community-datasets/caner", "catalonia_independence": "community-datasets/catalonia_independence", "cats_vs_dogs": "microsoft/cats_vs_dogs", "cc100": "statmt/cc100", "cc_news": "vblagoje/cc_news", "cedr": "sagteam/cedr_v1", "cifar10": "uoft-cs/cifar10", "cifar100": "uoft-cs/cifar100", "circa": "google-research-datasets/circa", "civil_comments": "google/civil_comments", "climate_fever": "tdiggelm/climate_fever", "clinc_oos": "clinc/clinc_oos", "clue": "clue/clue", "cmrc2018": "hfl/cmrc2018", "cmu_hinglish_dog": "festvox/cmu_hinglish_dog", "cnn_dailymail": "abisee/cnn_dailymail", "codah": "jaredfern/codah", "code_search_net": "code-search-net/code_search_net", "code_x_glue_cc_code_completion_line": "google/code_x_glue_cc_code_completion_line", "code_x_glue_cc_defect_detection": "google/code_x_glue_cc_defect_detection", "code_x_glue_ct_code_to_text": "google/code_x_glue_ct_code_to_text", "code_x_glue_tc_text_to_code": "google/code_x_glue_tc_text_to_code", "com_qa": "iamrishiraj/com_qa", "common_gen": "allenai/common_gen", "common_language": "speechbrain/common_language", "common_voice": "legacy-datasets/common_voice", "commonsense_qa": "tau/commonsense_qa", "competition_math": "hendrycks/competition_math", "conceptual_12m": "google-research-datasets/conceptual_12m", "conceptual_captions": "google-research-datasets/conceptual_captions", "conll2000": "eriktks/conll2000", "conll2002": "eriktks/conll2002", "conll2003": "eriktks/conll2003", "conll2012_ontonotesv5": "ontonotes/conll2012_ontonotesv5", "conllpp": "ZihanWangKi/conllpp", "consumer-finance-complaints": "CFPB/consumer-finance-complaints", "conv_ai": "convai-challenge/conv_ai", "conv_ai_2": "convai-challenge/conv_ai_2", "conv_ai_3": "convai-challenge/conv_ai_3", "coqa": "stanfordnlp/coqa", "cord19": "allenai/cord19", "cornell_movie_dialog": "cornell-movie-dialog/cornell_movie_dialog", "cos_e": "Salesforce/cos_e", "cosmos_qa": "allenai/cosmos_qa", "covid_qa_deepset": "deepset/covid_qa_deepset", "covost2": "facebook/covost2", "cppe-5": "rishitdagli/cppe-5", "craigslist_bargains": "stanfordnlp/craigslist_bargains", "crd3": "microsoft/crd3", "crows_pairs": "nyu-mll/crows_pairs", "cuad": "theatticusproject/cuad-qa", "daily_dialog": "li2017dailydialog/daily_dialog", "dane": "alexandrainst/dane", "dart": "Yale-LILY/dart", "dbpedia_14": "fancyzhx/dbpedia_14", "dbrd": "benjaminvdb/dbrd", "definite_pronoun_resolution": "community-datasets/definite_pronoun_resolution", "discofuse": "google-research-datasets/discofuse", "discovery": "sileod/discovery", "disfl_qa": "google-research-datasets/disfl_qa", "doc2dial": "IBM/doc2dial", "docred": "thunlp/docred", "dream": "dataset-org/dream", "drop": "ucinlp/drop", "duorc": "ibm/duorc", "dutch_social": "corona-tweet/dutch_social", "ehealth_kd": "community-datasets/ehealth_kd", "electricity_load_diagrams": "tulipa762/electricity_load_diagrams", "eli5": "defunct-datasets/eli5", "eli5_category": "rexarski/eli5_category", "emea": "Helsinki-NLP/emea", "emo": "SemEvalWorkshop/emo", "emotion": "dair-ai/emotion", "emotone_ar": "emotone-ar-cicling2017/emotone_ar", "empathetic_dialogues": "facebook/empathetic_dialogues", "enwik8": "LTCB/enwik8", "esnli": "esnli/esnli", "ethos": "iamollas/ethos", "eurlex": "NLP-AUEB/eurlex", "europarl_bilingual": "Helsinki-NLP/europarl", "event2mind": "uwnlp/event2Mind", "exams": "mhardalov/exams", "fake_news_english": "community-datasets/fake_news_english", "fashion_mnist": "zalando-datasets/fashion_mnist", "fever": "fever/fever", "financial_phrasebank": "takala/financial_phrasebank", "flue": "GETALP/flue", "food101": "ethz/food101", "fquad": "illuin/fquad", "gap": "google-research-datasets/gap", "gem": "GEM/gem", "generated_reviews_enth": "airesearch/generated_reviews_enth", "germaner": "tudarmstadt-lt/germaner", "germeval_14": "GermanEval/germeval_14", "giga_fren": "Helsinki-NLP/giga_fren", "gigaword": "Harvard/gigaword", "glue": "nyu-mll/glue", "gnad10": "community-datasets/gnad10", "go_emotions": "google-research-datasets/go_emotions", "gooaq": "allenai/gooaq", "google_wellformed_query": "google-research-datasets/google_wellformed_query", "gsm8k": "openai/gsm8k", "hans": "jhu-cogsci/hans", "hard": "Elnagara/hard", "harem": "Linguateca/harem", "has_part": "community-datasets/has_part", "hate_speech18": "odegiber/hate_speech18", "hate_speech_filipino": "hate-speech-filipino/hate_speech_filipino", "hate_speech_offensive": "tdavidson/hate_speech_offensive", "hate_speech_portuguese": "hate-speech-portuguese/hate_speech_portuguese", "hatexplain": "Hate-speech-CNERG/hatexplain", "hausa_voa_ner": "UdS-LSV/hausa_voa_ner", "head_qa": "dvilares/head_qa", "health_fact": "ImperialCollegeLondon/health_fact", "hellaswag": "Rowan/hellaswag", "hind_encorp": "pary/hind_encorp", "hlgd": "philippelaban/hlgd", "hope_edi": "dravidianlangtech/hope_edi", "hotpot_qa": "hotpotqa/hotpot_qa", "hrwac": "community-datasets/hrwac", "humicroedit": "SemEvalWorkshop/humicroedit", "hybrid_qa": "wenhu/hybrid_qa", "hyperpartisan_news_detection": "SemEvalWorkshop/hyperpartisan_news_detection", "iapp_wiki_qa_squad": "iapp/iapp_wiki_qa_squad", "id_clickbait": "community-datasets/id_clickbait", "id_liputan6": "fajrikoto/id_liputan6", "id_nergrit_corpus": "grit-id/id_nergrit_corpus", "id_newspapers_2018": "community-datasets/id_newspapers_2018", "id_panl_bppt": "cahya/id_panl_bppt", "igbo_english_machine_translation": "ignatius/igbo_english_machine_translation", "imagenet-1k": "ILSVRC/imagenet-1k", "imdb": "stanfordnlp/imdb", "imdb_urdu_reviews": "mirfan899/imdb_urdu_reviews", "indonli": "afaji/indonli", "indonlu": "indonlp/indonlu", "iwslt2017": "IWSLT/iwslt2017", "jeopardy": "jeopardy-datasets/jeopardy", "jfleg": "jhu-clsp/jfleg", "jigsaw_toxicity_pred": "google/jigsaw_toxicity_pred", "jigsaw_unintended_bias": "google/jigsaw_unintended_bias", "jnlpba": "jnlpba/jnlpba", "kd_conv": "thu-coai/kd_conv_with_kb", "kde4": "Helsinki-NLP/kde4", "kelm": "google-research-datasets/kelm", "kilt_tasks": "facebook/kilt_tasks", "klue": "klue/klue", "kor_3i4k": "wicho/kor_3i4k", "kor_hate": "inmoonlight/kor_hate", "kor_nli": "kakaobrain/kor_nli", "kor_nlu": "kakaobrain/kor_nlu", "labr": "mohamedadaly/labr", "lambada": "cimec/lambada", "large_spanish_corpus": "josecannete/large_spanish_corpus", "lc_quad": "mohnish/lc_quad", "lccc": "thu-coai/lccc", "lener_br": "peluz/lener_br", "lex_glue": "coastalcph/lex_glue", "liar": "ucsbnlp/liar", "librispeech_asr": "openslr/librispeech_asr", "lince": "lince-benchmark/lince", "linnaeus": "cambridgeltl/linnaeus", "lj_speech": "keithito/lj_speech", "lst20": "lst-nectec/lst20", "masakhaner": "masakhane/masakhaner", "math_dataset": "deepmind/math_dataset", "math_qa": "allenai/math_qa", "mbpp": "google-research-datasets/mbpp", "mc4": "legacy-datasets/mc4", "mc_taco": "CogComp/mc_taco", "medal": "McGill-NLP/medal", "medical_dialog": "UCSD26/medical_dialog", "medical_questions_pairs": "curaihealth/medical_questions_pairs", "medmcqa": "openlifescienceai/medmcqa", "menyo20k_mt": "UdS-LSV/menyo20k_mt", "miam": "PierreColombo/miam", "mkqa": "apple/mkqa", "mlqa": "facebook/mlqa", "mlsum": "reciTAL/mlsum", "mnist": "ylecun/mnist", "mocha": "anthonychen/mocha", "monash_tsf": "Monash-University/monash_tsf", "movie_rationales": "eraser-benchmark/movie_rationales", "mrqa": "mrqa-workshop/mrqa", "ms_marco": "microsoft/ms_marco", "msr_sqa": "microsoft/msr_sqa", "msra_ner": "levow/msra_ner", "mt_eng_vietnamese": "IWSLT/mt_eng_vietnamese", "muchocine": "us-lsi/muchocine", "multi_eurlex": "coastalcph/multi_eurlex", "multi_news": "alexfabbri/multi_news", "multi_nli": "nyu-mll/multi_nli", "multi_nli_mismatch": "nyu-mll/multi_nli_mismatch", "multi_woz_v22": "pfb30/multi_woz_v22", "multilingual_librispeech": "legacy-datasets/multilingual_librispeech", "narrativeqa": "deepmind/narrativeqa", "natural_questions": "google-research-datasets/natural_questions", "ncbi_disease": "ncbi/ncbi_disease", "nchlt": "nwu-ctext/nchlt", "news_commentary": "Helsinki-NLP/news_commentary", "newsgroup": "google-research-datasets/newsgroup", "newsph_nli": "jcblaise/newsph_nli", "newsqa": "Maluuba/newsqa", "nkjp-ner": "nkjp/nkjp-ner", "nli_tr": "boun-tabi/nli_tr", "nlu_evaluation_data": "xingkunliuxtracta/nlu_evaluation_data", "norne": "ltgoslo/norne", "nq_open": "google-research-datasets/nq_open", "nsmc": "e9t/nsmc", "numer_sense": "INK-USC/numer_sense", "offenseval2020_tr": "coltekin/offenseval2020_tr", "offenseval_dravidian": "community-datasets/offenseval_dravidian", "onestop_qa": "malmaud/onestop_qa", "open_subtitles": "Helsinki-NLP/open_subtitles", "openai_humaneval": "openai/openai_humaneval", "openbookqa": "allenai/openbookqa", "openslr": "openslr/openslr", "openwebtext": "Skylion007/openwebtext", "opus100": "Helsinki-NLP/opus-100", "opus_books": "Helsinki-NLP/opus_books", "opus_dgt": "Helsinki-NLP/opus_dgt", "opus_infopankki": "Helsinki-NLP/opus_infopankki", "opus_wikipedia": "Helsinki-NLP/opus_wikipedia", "orange_sum": "EdinburghNLP/orange_sum", "oscar": "oscar-corpus/oscar", "para_crawl": "ParaCrawl/para_crawl", "para_pat": "ParaPat/para_pat", "parsinlu_reading_comprehension": "community-datasets/parsinlu_reading_comprehension", "paws": "google-research-datasets/paws", "paws-x": "google-research-datasets/paws-x", "peoples_daily_ner": "peoples-daily-ner/peoples_daily_ner", "pg19": "deepmind/pg19", "piaf": "AgentPublic/piaf", "pib": "jerin/pib", "piqa": "ybisk/piqa", "pn_summary": "HooshvareLab/pn_summary", "poem_sentiment": "google-research-datasets/poem_sentiment", "prachathai67k": "PyThaiNLP/prachathai67k", "pragmeval": "sileod/pragmeval", "proto_qa": "community-datasets/proto_qa", "ptb_text_only": "ptb-text-only/ptb_text_only", "pubmed": "ncbi/pubmed", "pubmed_qa": "qiaojin/PubMedQA", "qasc": "allenai/qasc", "qasper": "allenai/qasper", "qed": "google-research-datasets/qed", "quac": "allenai/quac", "quail": "textmachinelab/quail", "quarel": "community-datasets/quarel", "quartz": "allenai/quartz", "quickdraw": "google/quickdraw", "quora": "quora-competitions/quora", "quoref": "allenai/quoref", "race": "ehovy/race", "reasoning_bg": "mhardalov/reasoning_bg", "recipe_nlg": "mbien/recipe_nlg", "reclor": "community-datasets/reclor", "red_caps": "kdexd/red_caps", "reddit": "webis/tldr-17", "reddit_tifu": "ctr4si/reddit_tifu", "reuters21578": "ucirvine/reuters21578", "riddle_sense": "INK-USC/riddle_sense", "roman_urdu_hate_speech": "community-datasets/roman_urdu_hate_speech", "ronec": "community-datasets/ronec", "ropes": "allenai/ropes", "rotten_tomatoes": "cornell-movie-review-data/rotten_tomatoes", "russian_super_glue": "RussianNLP/russian_super_glue", "rvl_cdip": "aharley/rvl_cdip", "samsum": "Samsung/samsum", "sberquad": "kuznetsoffandrey/sberquad", "sbu_captions": "vicenteor/sbu_captions", "scb_mt_enth_2020": "airesearch/scb_mt_enth_2020", "scene_parse_150": "zhoubolei/scene_parse_150", "scicite": "allenai/scicite", "scielo": "community-datasets/scielo", "scientific_papers": "armanc/scientific_papers", "sciq": "allenai/sciq", "scitail": "allenai/scitail", "scitldr": "allenai/scitldr", "search_qa": "kyunghyuncho/search_qa", "sede": "hirupert/sede", "sem_eval_2010_task_8": "SemEvalWorkshop/sem_eval_2010_task_8", "sem_eval_2018_task_1": "SemEvalWorkshop/sem_eval_2018_task_1", "sem_eval_2020_task_11": "SemEvalWorkshop/sem_eval_2020_task_11", "sentiment140": "stanfordnlp/sentiment140", "setimes": "community-datasets/setimes", "sharc_modified": "nikhilweee/sharc_modified", "sick": "RobZamp/sick", "silicone": "eusip/silicone", "sms_spam": "ucirvine/sms_spam", "snips_built_in_intents": "sonos-nlu-benchmark/snips_built_in_intents", "snli": "stanfordnlp/snli", "snow_simplified_japanese_corpus": "SNOW-NLP/snow_simplified_japanese_corpus", "social_i_qa": "allenai/social_i_qa", "spanish_billion_words": "crscardellino/spanish_billion_words", "species_800": "spyysalo/species_800", "speech_commands": "google/speech_commands", "spider": "xlangai/spider", "squad": "rajpurkar/squad", "squad_adversarial": "stanfordnlp/squad_adversarial", "squad_es": "ccasimiro/squad_es", "squad_it": "crux82/squad_it", "squad_kor_v1": "KorQuAD/squad_kor_v1", "squad_kor_v2": "KorQuAD/squad_kor_v2", "squad_v1_pt": "nunorc/squad_v1_pt", "squad_v2": "rajpurkar/squad_v2", "srwac": "community-datasets/srwac", "sst": "stanfordnlp/sst", "sst2": "stanfordnlp/sst2", "stereoset": "McGill-NLP/stereoset", "stsb_multi_mt": "PhilipMay/stsb_multi_mt", "subjqa": "megagonlabs/subjqa", "super_glue": "aps/super_glue", "superb": "s3prl/superb", "svhn": "ufldl-stanford/svhn", "swag": "allenai/swag", "swahili": "uestc-swahili/swahili", "swiss_judgment_prediction": "rcds/swiss_judgment_prediction", "tab_fact": "wenhu/tab_fact", "tamilmixsentiment": "community-datasets/tamilmixsentiment", "tapaco": "community-datasets/tapaco", "tashkeela": "community-datasets/tashkeela", "taskmaster2": "google-research-datasets/taskmaster2", "tatoeba": "Helsinki-NLP/tatoeba", "ted_iwlst2013": "Helsinki-NLP/ted_iwlst2013", "ted_multi": "neulab/ted_multi", "ted_talks_iwslt": "IWSLT/ted_talks_iwslt", "textvqa": "facebook/textvqa", "thai_toxicity_tweet": "tmu-nlp/thai_toxicity_tweet", "thaiqa_squad": "pythainlp/thaiqa_squad", "thaisum": "nakhun/thaisum", "the_pile": "EleutherAI/pile", "the_pile_books3": "defunct-datasets/the_pile_books3", "the_pile_openwebtext2": "defunct-datasets/the_pile_openwebtext2", "time_dial": "google-research-datasets/time_dial", "timit_asr": "timit-asr/timit_asr", "tiny_shakespeare": "karpathy/tiny_shakespeare", "tlc": "jitkapat/tlc", "told-br": "JAugusto97/told-br", "totto": "google-research-datasets/totto", "trec": "CogComp/trec", "trivia_qa": "mandarjoshi/trivia_qa", "truthful_qa": "truthfulqa/truthful_qa", "tsac": "fbougares/tsac", "turkic_xwmt": "turkic-interlingua/turkic_xwmt", "turku_ner_corpus": "TurkuNLP/turku_ner_corpus", "tweet_eval": "cardiffnlp/tweet_eval", "tweet_qa": "ucsbnlp/tweet_qa", "tweets_hate_speech_detection": "tweets-hate-speech-detection/tweets_hate_speech_detection", "tydiqa": "google-research-datasets/tydiqa", "un_multi": "Helsinki-NLP/multiun", "universal_dependencies": "universal-dependencies/universal_dependencies", "vctk": "CSTR-Edinburgh/vctk", "visual_genome": "ranjaykrishna/visual_genome", "vivos": "AILAB-VNUHCM/vivos", "web_nlg": "webnlg-challenge/web_nlg", "web_of_science": "HDLTex/web_of_science", "web_questions": "Stanford/web_questions", "wi_locness": "bea2019st/wi_locness", "wider_face": "CUHK-CSE/wider_face", "wiki40b": "google/wiki40b", "wiki_atomic_edits": "google-research-datasets/wiki_atomic_edits", "wiki_auto": "chaojiang06/wiki_auto", "wiki_bio": "michaelauli/wiki_bio", "wiki_dpr": "facebook/wiki_dpr", "wiki_hop": "QAngaroo/wiki_hop", "wiki_lingua": "esdurmus/wiki_lingua", "wiki_qa": "microsoft/wiki_qa", "wiki_split": "google-research-datasets/wiki_split", "wikiann": "unimelb-nlp/wikiann", "wikihow": "wangwilliamyang/wikihow", "wikipedia": "legacy-datasets/wikipedia", "wikisql": "Salesforce/wikisql", "wikitablequestions": "Stanford/wikitablequestions", "wikitext": "Salesforce/wikitext", "wili_2018": "MartinThoma/wili_2018", "wino_bias": "uclanlp/wino_bias", "winograd_wsc": "ErnestSDavis/winograd_wsc", "winogrande": "allenai/winogrande", "wiqa": "allenai/wiqa", "wisesight_sentiment": "pythainlp/wisesight_sentiment", "wmt14": "wmt/wmt14", "wmt16": "wmt/wmt16", "wmt19": "wmt/wmt19", "wmt20_mlqe_task1": "wmt/wmt20_mlqe_task1", "wnut_17": "leondz/wnut_17", "wongnai_reviews": "Wongnai/wongnai_reviews", "xcopa": "cambridgeltl/xcopa", "xcsr": "INK-USC/xcsr", "xglue": "microsoft/xglue", "xnli": "facebook/xnli", "xor_tydi_qa": "akariasai/xor_tydi_qa", "xquad": "google/xquad", "xquad_r": "google-research-datasets/xquad_r", "xsum": "EdinburghNLP/xsum", "xsum_factuality": "google-research-datasets/xsum_factuality", "xtreme": "google/xtreme", "yahoo_answers_qa": "nfL6/yahoo_answers_qa", "yahoo_answers_topics": "community-datasets/yahoo_answers_topics", "yelp_polarity": "fancyzhx/yelp_polarity", "yelp_review_full": "Yelp/yelp_review_full"}