{
    "albert-base-v1": "albert/albert-base-v1",
    "albert-base-v2": "albert/albert-base-v2",
    "albert-large-v2": "albert/albert-large-v2",
    "albert-xxlarge-v2": "albert/albert-xxlarge-v2",
    "bert-base-cased": "google-bert/bert-base-cased",
    "bert-base-chinese": "google-bert/bert-base-chinese",
    "bert-base-german-cased": "google-bert/bert-base-german-cased",
    "bert-base-german-dbmdz-uncased": "google-bert/bert-base-german-dbmdz-uncased",
    "bert-base-multilingual-cased": "google-bert/bert-base-multilingual-cased",
    "bert-base-multilingual-uncased": "google-bert/bert-base-multilingual-uncased",
    "bert-base-uncased": "google-bert/bert-base-uncased",
    "bert-large-cased": "google-bert/bert-large-cased",
    "bert-large-cased-whole-word-masking": "google-bert/bert-large-cased-whole-word-masking",
    "bert-large-uncased": "google-bert/bert-large-uncased",
    "bert-large-uncased-whole-word-masking-finetuned-squad": "google-bert/bert-large-uncased-whole-word-masking-finetuned-squad",
    "camembert-base": "almanach/camembert-base",
    "distilbert-base-cased": "distilbert/distilbert-base-cased",
    "distilbert-base-cased-distilled-squad": "distilbert/distilbert-base-cased-distilled-squad",
    "distilbert-base-german-cased": "distilbert/distilbert-base-german-cased",
    "distilbert-base-multilingual-cased": "distilbert/distilbert-base-multilingual-cased",
    "distilbert-base-uncased": "distilbert/distilbert-base-uncased",
    "distilbert-base-uncased-distilled-squad": "distilbert/distilbert-base-uncased-distilled-squad",
    "distilbert-base-uncased-finetuned-sst-2-english": "distilbert/distilbert-base-uncased-finetuned-sst-2-english",
    "distilgpt2": "distilbert/distilgpt2",
    "distilroberta-base": "distilbert/distilroberta-base",
    "gpt2": "openai-community/gpt2",
    "gpt2-large": "openai-community/gpt2-large",
    "gpt2-medium": "openai-community/gpt2-medium",
    "gpt2-xl": "openai-community/gpt2-xl",
    "openai-gpt": "openai-community/openai-gpt",
    "roberta-base": "FacebookAI/roberta-base",
    "roberta-base-openai-detector": "openai-community/roberta-base-openai-detector",
    "roberta-large": "FacebookAI/roberta-large",
    "roberta-large-mnli": "FacebookAI/roberta-large-mnli",
    "t5-3b": "google-t5/t5-3b",
    "t5-base": "google-t5/t5-base",
    "t5-large": "google-t5/t5-large",
    "t5-small": "google-t5/t5-small",
    "xlm-mlm-100-1280": "FacebookAI/xlm-mlm-100-1280",
    "xlm-roberta-base": "FacebookAI/xlm-roberta-base",
    "xlm-roberta-large": "FacebookAI/xlm-roberta-large",
    "xlnet-base-cased": "xlnet/xlnet-base-cased",
    "xlnet-large-cased": "xlnet/xlnet-large-cased"
}