{"_id": "659ca4fd982a643db9f10756", "id": "700000fallenark/RWKV-7B-CN-cdbook_finetune", "modelId": "700000fallenark/RWKV-7B-CN-cdbook_finetune", "author": "700000fallenark", "sha": "d005e992402affaffc3eb9b7fcdcd6fc366267dd", "lastModified": "2024-01-09T02:22:24.000Z", "private": false, "disabled": false, "gated": false, "tags": ["zh", "license:mit", "region:us"], "downloads": 0, "likes": 0, "model-index": null, "cardData": {"license": "mit", "language": ["zh"]}, "siblings": [{"rfilename": ".gitattributes"}, {"rfilename": "README.md"}, {"rfilename": "cdbook_Lora.pth"}], "spaces": [], "createdAt": "2024-01-09T01:44:29.000Z", "inferenceStatus": "not-loaded"}