{"_id": "63ce5b47397bae2ea2d5b75b", "id": "717169kiran/ddpm-celb-faces", "modelId": "717169kiran/ddpm-celb-faces", "author": "717169kiran", "sha": "5bf0cd63937fd64d3a211824baf6f7835ef6115b", "lastModified": "2023-01-25T08:06:24.000Z", "private": false, "disabled": false, "gated": false, "tags": ["diffusers", "tensorboard", "en", "license:apache-2.0", "diffusers:DDPMPipeline", "region:us"], "downloads": 0, "library_name": "diffusers", "likes": 0, "model-index": null, "config": {"diffusers": {"_class_name": "DDPMPipeline"}}, "cardData": {"language": "en", "license": "apache-2.0", "library_name": "diffusers", "tags": [], "metrics": []}, "siblings": [{"rfilename": ".gitattributes"}, {"rfilename": ".gitignore"}, {"rfilename": "README.md"}, {"rfilename": "logs/train_example/events.out.tfevents.1674468203.5a48cec9610d.122.0"}, {"rfilename": "logs/train_example/events.out.tfevents.1674474452.9ecc2f72f95c.126.0"}, {"rfilename": "logs/train_example/events.out.tfevents.1674536493.428b07503b79.105.0"}, {"rfilename": "logs/train_example/events.out.tfevents.1674536644.428b07503b79.105.1"}, {"rfilename": "logs/train_example/events.out.tfevents.1674623020.0d95bb12db24.155.0"}, {"rfilename": "model_index.json"}, {"rfilename": "scheduler/scheduler_config.json"}, {"rfilename": "unet/config.json"}, {"rfilename": "unet/diffusion_pytorch_model.bin"}], "spaces": [], "createdAt": "2023-01-23T10:02:47.000Z", "inferenceStatus": "not-loaded"}