{"_id": "65bb11e44883205198963ebd", "id": "717qwq/JamesRaynor-CN", "modelId": "717qwq/JamesRaynor-CN", "author": "717qwq", "sha": "3ca10bd97a346bdd7748d6bc30b982a00c43673e", "lastModified": "2024-02-01T03:52:10.000Z", "private": false, "disabled": false, "gated": false, "tags": ["transformers", "zh", "license:gpl-3.0", "endpoints_compatible", "region:us"], "downloads": 0, "library_name": "transformers", "likes": 0, "model-index": null, "config": {}, "cardData": {"license": "gpl-3.0", "language": ["zh"]}, "transformersInfo": {"auto_model": "AutoModel"}, "siblings": [{"rfilename": ".gitattributes"}, {"rfilename": "D_10400.pth"}, {"rfilename": "G_10400.pth"}, {"rfilename": "README.md"}, {"rfilename": "config.json"}], "spaces": [], "createdAt": "2024-02-01T03:37:08.000Z", "inferenceStatus": "not-loaded"}