{"_id": "63f5846f3b9744a2f322da4d", "id": "717qwq/beautiful_combat_bodysuit", "modelId": "717qwq/beautiful_combat_bodysuit", "author": "717qwq", "sha": "ee1a867b83a1da84f579323ebcf94aa71fbfa6e5", "lastModified": "2023-02-22T04:12:35.000Z", "private": false, "disabled": false, "gated": false, "tags": ["zh", "en", "region:us"], "downloads": 0, "likes": 2, "model-index": null, "cardData": {"language": ["zh", "en"]}, "siblings": [{"rfilename": ".gitattributes"}, {"rfilename": "README.md"}, {"rfilename": "beautiful_combat_bodysuit-000002.safetensors"}, {"rfilename": "beautiful_combat_bodysuit-000004.safetensors"}, {"rfilename": "beautiful_combat_bodysuit-000006.safetensors"}, {"rfilename": "beautiful_combat_bodysuit-000008.safetensors"}, {"rfilename": "beautiful_combat_bodysuit.safetensors"}], "spaces": [], "createdAt": "2023-02-22T02:56:47.000Z", "inferenceStatus": "not-loaded"}