{"_id": "64a350f9275825d2c9a4c7fc", "id": "720-P/RingSuzune", "modelId": "720-P/RingSuzune", "author": "720-P", "sha": "e2943bd6bd7298d75b50ced99f6a9f1fad715226", "lastModified": "2023-07-03T22:54:55.000Z", "private": false, "disabled": false, "gated": false, "tags": ["license:openrail", "region:us"], "downloads": 0, "likes": 1, "model-index": null, "cardData": {"license": "openrail"}, "siblings": [{"rfilename": ".gitattributes"}, {"rfilename": "README.md"}, {"rfilename": "ring3.zip"}], "spaces": [], "createdAt": "2023-07-03T22:51:37.000Z", "inferenceStatus": "not-loaded"}