{"_id": "63f6e7e1d0b7e4a8f8e36d06", "id": "72RI/AmbroDiffusion", "modelId": "72RI/AmbroDiffusion", "author": "72RI", "sha": "4514e8b243a59a8b5b4745e3362b1b2d45326882", "lastModified": "2023-05-29T19:30:49.000Z", "private": false, "disabled": false, "gated": false, "pipeline_tag": "text-to-image", "tags": ["diffusers", "text-to-image", "safetensors", "dataset:72RI/AmbroDataset", "license:creativeml-openrail-m", "autotrain_compatible", "endpoints_compatible", "diffusers:StableDiffusionPipeline", "region:us"], "downloads": 45, "library_name": "diffusers", "widgetData": [{"text": "1girl, solo, standing, cowboy shot, slightly below angle, pink hair, aqua eyes, smile, look away, outdoors, long sleeved school uniform, ribbon tie, small breasts, school bag, blue sky, blurry cityscape background, blossoms tree, falling petals, depth of field, spring season", "example_title": "1girl"}, {"text": "best quality, masterpiece, 1boy, solo, sitting, upper body, purple hair, green eyes, closed mouth, look away, holding a pencil, indoors, short sleeved school uniform, window, desk, notebook, bookshelf, blurry background, depth of field", "example_title": "1boy"}], "likes": 3, "model-index": null, "config": {"diffusers": {"_class_name": "StableDiffusionPipeline"}}, "cardData": {"license": "creativeml-openrail-m", "datasets": ["72RI/AmbroDataset"], "tags": ["text-to-image", "diffusers", "safetensors"], "pipeline_tag": "text-to-image", "widget": [{"text": "1girl, solo, standing, cowboy shot, slightly below angle, pink hair, aqua eyes, smile, look away, outdoors, long sleeved school uniform, ribbon tie, small breasts, school bag, blue sky, blurry cityscape background, blossoms tree, falling petals, depth of field, spring season", "example_title": "1girl"}, {"text": "best quality, masterpiece, 1boy, solo, sitting, upper body, purple hair, green eyes, closed mouth, look away, holding a pencil, indoors, short sleeved school uniform, window, desk, notebook, bookshelf, blurry background, depth of field", "example_title": "1boy"}]}, "siblings": [{"rfilename": ".gitattributes"}, {"rfilename": "AmbroV5-fp16.safetensors"}, {"rfilename": "AmbroV5.safetensors"}, {"rfilename": "README.md"}, {"rfilename": "Sample/2151391481.webp"}, {"rfilename": "Sample/2563037425.webp"}, {"rfilename": "Sample/3059060943.webp"}, {"rfilename": "Sample/802593245.webp"}, {"rfilename": "badgraso.pt"}, {"rfilename": "model_index.json"}, {"rfilename": "scheduler/scheduler_config.json"}, {"rfilename": "text_encoder/config.json"}, {"rfilename": "text_encoder/pytorch_model.bin"}, {"rfilename": "tokenizer/merges.txt"}, {"rfilename": "tokenizer/special_tokens_map.json"}, {"rfilename": "tokenizer/tokenizer_config.json"}, {"rfilename": "tokenizer/vocab.json"}, {"rfilename": "unet/config.json"}, {"rfilename": "unet/diffusion_pytorch_model.bin"}, {"rfilename": "vae/config.json"}, {"rfilename": "vae/diffusion_pytorch_model.bin"}], "spaces": [], "createdAt": "2023-02-23T04:13:21.000Z", "inferenceStatus": "not-loaded"}