{"_id": "63da7bcaaa681072434ee363", "id": "72RI/Elav", "modelId": "72RI/Elav", "author": "72RI", "sha": "91f8e0139940032ae3e1491021167a84f27c45d4", "lastModified": "2023-02-23T04:45:14.000Z", "private": false, "disabled": false, "gated": false, "tags": ["region:us"], "downloads": 0, "likes": 1, "siblings": [{"rfilename": ".gitattributes"}, {"rfilename": "ElavV2.5.0.safetensors"}, {"rfilename": "kl-f8-anime2.vae.pt"}], "spaces": [], "createdAt": "2023-02-01T14:48:42.000Z", "inferenceStatus": "not-loaded"}