{"_id": "62b6d7d6aa928870ced4d93c", "id": "745H1N/MountainCar-v0-DQN-optuna", "modelId": "745H1N/MountainCar-v0-DQN-optuna", "author": "745H1N", "sha": "25b7891c33f31ccd3fbd5dce25be4f1aa6453361", "lastModified": "2022-06-25T09:39:58.000Z", "private": false, "disabled": false, "gated": false, "pipeline_tag": "reinforcement-learning", "tags": ["stable-baselines3", "MountainCar-v0", "deep-reinforcement-learning", "reinforcement-learning", "model-index", "region:us"], "downloads": 0, "library_name": "stable-baselines3", "likes": 0, "model-index": [{"name": "DQN", "results": [{"metrics": [{"type": "mean_reward", "value": "-200.00 +/- 0.00", "name": "mean_reward", "verified": false}], "task": {"type": "reinforcement-learning", "name": "reinforcement-learning"}, "dataset": {"name": "MountainCar-v0", "type": "MountainCar-v0"}}]}], "config": {}, "cardData": {"library_name": "stable-baselines3", "tags": ["MountainCar-v0", "deep-reinforcement-learning", "reinforcement-learning", "stable-baselines3"], "model-index": [{"name": "DQN", "results": [{"metrics": [{"type": "mean_reward", "value": "-200.00 +/- 0.00", "name": "mean_reward", "verified": false}], "task": {"type": "reinforcement-learning", "name": "reinforcement-learning"}, "dataset": {"name": "MountainCar-v0", "type": "MountainCar-v0"}}]}]}, "siblings": [{"rfilename": ".gitattributes"}, {"rfilename": "MountainCar-v0-DQN-optuna.zip"}, {"rfilename": "MountainCar-v0-DQN-optuna/_stable_baselines3_version"}, {"rfilename": "MountainCar-v0-DQN-optuna/data"}, {"rfilename": "MountainCar-v0-DQN-optuna/policy.optimizer.pth"}, {"rfilename": "MountainCar-v0-DQN-optuna/policy.pth"}, {"rfilename": "MountainCar-v0-DQN-optuna/pytorch_variables.pth"}, {"rfilename": "MountainCar-v0-DQN-optuna/system_info.txt"}, {"rfilename": "README.md"}, {"rfilename": "config.json"}, {"rfilename": "replay.mp4"}, {"rfilename": "results.json"}], "spaces": [], "createdAt": "2022-06-25T09:39:34.000Z", "inferenceStatus": "not-loaded"}