{"_id": "62a526f920edc021121a8c73", "id": "745H1N/LunarLander-v2-DQN-optuna", "modelId": "745H1N/LunarLander-v2-DQN-optuna", "author": "745H1N", "sha": "c40df5cdc0f49f8be2e677c16ab4e2e41f742169", "lastModified": "2022-06-11T23:36:51.000Z", "private": false, "disabled": false, "gated": false, "pipeline_tag": "reinforcement-learning", "tags": ["stable-baselines3", "LunarLander-v2", "deep-reinforcement-learning", "reinforcement-learning", "model-index", "region:us"], "downloads": 0, "library_name": "stable-baselines3", "likes": 0, "model-index": [{"name": "DQN", "results": [{"metrics": [{"type": "mean_reward", "value": "-140.18 +/- 41.67", "name": "mean_reward", "verified": false}], "task": {"type": "reinforcement-learning", "name": "reinforcement-learning"}, "dataset": {"name": "LunarLander-v2", "type": "LunarLander-v2"}}]}], "config": {}, "cardData": {"library_name": "stable-baselines3", "tags": ["LunarLander-v2", "deep-reinforcement-learning", "reinforcement-learning", "stable-baselines3"], "model-index": [{"name": "DQN", "results": [{"metrics": [{"type": "mean_reward", "value": "-140.18 +/- 41.67", "name": "mean_reward", "verified": false}], "task": {"type": "reinforcement-learning", "name": "reinforcement-learning"}, "dataset": {"name": "LunarLander-v2", "type": "LunarLander-v2"}}]}]}, "siblings": [{"rfilename": ".gitattributes"}, {"rfilename": "LunarLander-v2-DQN-optuna.zip"}, {"rfilename": "LunarLander-v2-DQN-optuna/_stable_baselines3_version"}, {"rfilename": "LunarLander-v2-DQN-optuna/data"}, {"rfilename": "LunarLander-v2-DQN-optuna/policy.optimizer.pth"}, {"rfilename": "LunarLander-v2-DQN-optuna/policy.pth"}, {"rfilename": "LunarLander-v2-DQN-optuna/pytorch_variables.pth"}, {"rfilename": "LunarLander-v2-DQN-optuna/system_info.txt"}, {"rfilename": "README.md"}, {"rfilename": "config.json"}, {"rfilename": "replay.mp4"}, {"rfilename": "results.json"}], "spaces": [], "createdAt": "2022-06-11T23:36:25.000Z", "inferenceStatus": "not-loaded"}