{"_id": "6481b656722e358ebf86d680", "id": "74829482wt/111", "modelId": "74829482wt/111", "author": "74829482wt", "sha": "d6f3ae56019fcb89d0e5b9d079a2e12cc8db9aea", "lastModified": "2023-06-18T09:28:20.000Z", "private": false, "disabled": false, "gated": false, "tags": ["region:us"], "downloads": 0, "likes": 0, "siblings": [{"rfilename": ".gitattributes"}, {"rfilename": "Boys2D_v20.safetensors"}, {"rfilename": "DYbreakdomain_M2150.safetensors"}, {"rfilename": "GuoF3.ckpt"}, {"rfilename": "README.md"}, {"rfilename": "TWv306.safetensors"}, {"rfilename": "breakdomain_M2150.safetensors"}, {"rfilename": "darkSushiMixMix_colorful.safetensors"}, {"rfilename": "lainmix_v30.safetensors"}, {"rfilename": "rm_softBakedVae.safetensors"}, {"rfilename": "word_v4Baked.safetensors"}], "spaces": [], "createdAt": "2023-06-08T11:07:02.000Z", "inferenceStatus": "not-loaded"}