{"_id": "662e17a0b5875a9b201964bc", "id": "754geg/kpok", "modelId": "754geg/kpok", "author": "754geg", "sha": "c97990d1d9a3bfae1e8b4dce0b6d0b30199b2ff0", "lastModified": "2024-04-28T10:00:12.000Z", "private": false, "disabled": false, "gated": false, "pipeline_tag": "text-generation", "tags": ["transformers", "gguf", "quantized", "2-bit", "3-bit", "4-bit", "5-bit", "6-bit", "8-bit", "GGUF", "safetensors", "mistral", "text-generation", "arxiv:2304.12244", "arxiv:2306.08568", "arxiv:2308.09583", "license:apache-2.0", "autotrain_compatible", "endpoints_compatible", "text-generation-inference", "region:us", "base_model:microsoft/WizardLM-2-8x22B"], "downloads": 17, "library_name": "transformers", "widgetData": [{"text": "My name is Julien and I like to"}, {"text": "My name is Thomas and my main"}, {"text": "My name is Mariama, my favorite"}, {"text": "My name is Clara and I am"}, {"text": "My name is Lewis and I like to"}, {"text": "My name is Merve and my favorite"}, {"text": "My name is Teven and I am"}, {"text": "Once upon a time,"}], "likes": 0, "model-index": null, "cardData": {"tags": ["quantized", "2-bit", "3-bit", "4-bit", "5-bit", "6-bit", "8-bit", "GGUF", "transformers", "safetensors", "mistral", "text-generation", "arxiv:2304.12244", "arxiv:2306.08568", "arxiv:2308.09583", "license:apache-2.0", "autotrain_compatible", "endpoints_compatible", "text-generation-inference", "region:us", "text-generation"], "model_name": "WizardLM-2-8x22B-GGUF", "base_model": "microsoft/WizardLM-2-8x22B", "inference": false, "model_creator": "microsoft", "pipeline_tag": "text-generation", "quantized_by": "MaziyarPanahi"}, "transformersInfo": {"auto_model": "AutoModel"}, "siblings": [{"rfilename": "README.md"}, {"rfilename": "WizardLM-2-8x22B.IQ1_S.gguf"}, {"rfilename": "gitattributes"}], "spaces": [], "createdAt": "2024-04-28T09:32:16.000Z", "inferenceStatus": "not-loaded"}