{"_id": "66052121b32123e015444f78", "id": "773bw-h/very_first_model", "modelId": "773bw-h/very_first_model", "author": "773bw-h", "sha": "adf5d83247852838735e7fba106d4e7d29626c98", "lastModified": "2024-03-28T08:06:26.000Z", "private": false, "disabled": false, "gated": false, "tags": ["region:us"], "downloads": 0, "likes": 0, "siblings": [{"rfilename": ".gitattributes"}, {"rfilename": "samples/0009.png"}, {"rfilename": "samples/0019.png"}, {"rfilename": "samples/0029.png"}, {"rfilename": "samples/0039.png"}, {"rfilename": "samples/0049.png"}], "spaces": [], "createdAt": "2024-03-28T07:49:53.000Z", "inferenceStatus": "not-loaded"}