{"_id": "6608c0d2ec5376b3ad1b4046", "id": "773bw-h/my_first_reward_modeling", "modelId": "773bw-h/my_first_reward_modeling", "author": "773bw-h", "sha": "1eb6778adec1b8e6b594236b84ea051d16daf257", "lastModified": "2024-03-31T11:06:21.000Z", "private": false, "disabled": false, "gated": false, "pipeline_tag": "text-classification", "tags": ["transformers", "safetensors", "opt", "text-classification", "trl", "reward-trainer", "generated_from_trainer", "base_model:facebook/opt-350m", "license:other", "autotrain_compatible", "text-generation-inference", "endpoints_compatible", "region:us"], "downloads": 2, "library_name": "transformers", "widgetData": [{"text": "I like you. I love you"}], "likes": 0, "model-index": [{"name": "my_first_reward_modeling", "results": []}], "config": {"architectures": ["OPTForSequenceClassification"], "model_type": "opt", "tokenizer_config": {"bos_token": "</s>", "eos_token": "</s>", "pad_token": "<pad>", "unk_token": "</s>"}}, "cardData": {"license": "other", "base_model": "facebook/opt-350m", "tags": ["trl", "reward-trainer", "generated_from_trainer"], "metrics": ["accuracy"], "model-index": [{"name": "my_first_reward_modeling", "results": []}]}, "transformersInfo": {"auto_model": "AutoModelForSequenceClassification", "pipeline_tag": "text-classification", "processor": "AutoTokenizer"}, "siblings": [{"rfilename": ".gitattributes"}, {"rfilename": "README.md"}, {"rfilename": "config.json"}, {"rfilename": "merges.txt"}, {"rfilename": "model.safetensors"}, {"rfilename": "special_tokens_map.json"}, {"rfilename": "tokenizer.json"}, {"rfilename": "tokenizer_config.json"}, {"rfilename": "training_args.bin"}, {"rfilename": "vocab.json"}], "spaces": [], "createdAt": "2024-03-31T01:48:02.000Z", "safetensors": {"parameters": {"F32": 331196928}, "total": 331196928}, "inferenceStatus": "not-loaded"}