{"_id": "63dfdb6b809a891ee93609ab", "id": "777alex701/bert-finetuned-ner", "modelId": "777alex701/bert-finetuned-ner", "author": "777alex701", "sha": "75906ffe4f997d1976dceb4ea079242f3efebd06", "lastModified": "2023-02-05T18:37:34.000Z", "private": false, "disabled": false, "gated": false, "pipeline_tag": "token-classification", "tags": ["transformers", "pytorch", "tensorboard", "bert", "token-classification", "autotrain_compatible", "endpoints_compatible", "region:us"], "downloads": 6, "library_name": "transformers", "mask_token": "[MASK]", "widgetData": [{"text": "My name is Wolfgang and I live in Berlin"}, {"text": "My name is Sarah and I live in London"}, {"text": "My name is Clara and I live in Berkeley, California."}], "likes": 0, "config": {"architectures": ["BertForTokenClassification"], "model_type": "bert", "tokenizer_config": {"cls_token": "[CLS]", "mask_token": "[MASK]", "pad_token": "[PAD]", "sep_token": "[SEP]", "unk_token": "[UNK]"}}, "transformersInfo": {"auto_model": "AutoModelForTokenClassification", "pipeline_tag": "token-classification", "processor": "AutoTokenizer"}, "siblings": [{"rfilename": ".gitattributes"}, {"rfilename": ".gitignore"}, {"rfilename": "config.json"}, {"rfilename": "pytorch_model.bin"}, {"rfilename": "runs/Feb05_16-37-58_cdd2159e31d4/1675615089.8371873/events.out.tfevents.1675615089.cdd2159e31d4.236.1"}, {"rfilename": "runs/Feb05_16-37-58_cdd2159e31d4/events.out.tfevents.1675615089.cdd2159e31d4.236.0"}, {"rfilename": "special_tokens_map.json"}, {"rfilename": "tokenizer.json"}, {"rfilename": "tokenizer_config.json"}, {"rfilename": "training_args.bin"}, {"rfilename": "vocab.txt"}], "spaces": [], "createdAt": "2023-02-05T16:38:03.000Z", "inferenceStatus": "not-loaded"}