{"_id": "651177d33d2799c6383c6a59", "id": "786Vaibhav786/email_model_week1", "modelId": "786Vaibhav786/email_model_week1", "author": "786Vaibhav786", "sha": "7ef480fd7ea075924dc8ab8eb814d32da9fffa6d", "lastModified": "2023-09-25T12:07:00.000Z", "private": false, "disabled": false, "gated": false, "tags": ["peft", "region:us"], "downloads": 5, "library_name": "peft", "likes": 0, "model-index": null, "config": {"peft": {"task_type": "CAUSAL_LM"}}, "cardData": {"library_name": "peft"}, "siblings": [{"rfilename": ".gitattributes"}, {"rfilename": "README.md"}, {"rfilename": "adapter_config.json"}, {"rfilename": "adapter_model.bin"}], "spaces": [], "createdAt": "2023-09-25T12:06:43.000Z", "inferenceStatus": "not-loaded"}