{"_id": "6411251c9d5cf78f1867b3e1", "id": "78Alpha/Dark-Skinned", "modelId": "78Alpha/Dark-Skinned", "author": "78Alpha", "sha": "ea8a6f8b3feb287cf7169e39aca173942d8f5c04", "lastModified": "2023-03-15T02:10:50.000Z", "private": false, "disabled": false, "gated": false, "tags": ["license:creativeml-openrail-m", "region:us"], "downloads": 0, "likes": 0, "model-index": null, "cardData": {"license": "creativeml-openrail-m"}, "siblings": [{"rfilename": ".gitattributes"}, {"rfilename": "Dark-Skinned_87616.safetensors"}, {"rfilename": "Dark-Skinned_87616.yaml"}, {"rfilename": "README.md"}], "spaces": [], "createdAt": "2023-03-15T01:53:32.000Z", "inferenceStatus": "not-loaded"}