{"_id": "658ef2c03f3faee8eccd72a9", "id": "78health/TinyLlama_1.1B-function-calling-adapters", "modelId": "78health/TinyLlama_1.1B-function-calling-adapters", "author": "78health", "sha": "2027aba4a2ac005b6c1792361985d0d7c7e15861", "lastModified": "2023-12-29T16:24:37.000Z", "private": false, "disabled": false, "gated": false, "tags": ["peft", "safetensors", "arxiv:1910.09700", "base_model:TinyLlama/TinyLlama-1.1B-intermediate-step-1195k-token-2.5T", "region:us"], "downloads": 0, "library_name": "peft", "likes": 2, "model-index": null, "config": {"peft": {"base_model_name_or_path": "TinyLlama/TinyLlama-1.1B-intermediate-step-1195k-token-2.5T", "task_type": "CAUSAL_LM"}}, "cardData": {"library_name": "peft", "base_model": "TinyLlama/TinyLlama-1.1B-intermediate-step-1195k-token-2.5T"}, "siblings": [{"rfilename": ".gitattributes"}, {"rfilename": "README.md"}, {"rfilename": "adapter_config.json"}, {"rfilename": "adapter_model.safetensors"}], "spaces": [], "createdAt": "2023-12-29T16:24:32.000Z", "inferenceStatus": "not-loaded"}