{"_id": "644cf4b5fa94e93b0ebe9f6c", "id": "7Ass0an/Pop", "modelId": "7Ass0an/Pop", "author": "7Ass0an", "sha": "b1177a527183cb4c76b32019c0fe1fad8e22f522", "lastModified": "2023-04-29T10:43:01.000Z", "private": false, "disabled": false, "gated": false, "tags": ["license:openrail", "region:us"], "downloads": 0, "likes": 0, "model-index": null, "cardData": {"license": "openrail"}, "siblings": [{"rfilename": ".gitattributes"}, {"rfilename": "README.md"}], "spaces": [], "createdAt": "2023-04-29T10:43:01.000Z", "inferenceStatus": "not-loaded"}