{"_id": "63ba3997a7c8c806006cedd9", "id": "7eu7d7/CDC_anime", "modelId": "7eu7d7/CDC_anime", "author": "7eu7d7", "sha": "fe010baad177ffe6938c1801f3912df51466e50d", "lastModified": "2023-08-16T14:06:37.000Z", "private": false, "disabled": false, "gated": false, "tags": ["region:us"], "downloads": 0, "likes": 1, "siblings": [{"rfilename": ".gitattributes"}, {"rfilename": "HGSR-MHR-anime-aug_X4_320.pth"}, {"rfilename": "HGSR-MHR-anime_X4_280.pth"}, {"rfilename": "HGSR-MHR_X2_1680.pth"}, {"rfilename": "README.md"}], "spaces": [], "createdAt": "2023-01-08T03:33:43.000Z", "inferenceStatus": "not-loaded"}