{"_id": "6349781d710df7e98b733c7c", "id": "7eu7d7/APT-stable-diffusion-auto-prompt", "modelId": "7eu7d7/APT-stable-diffusion-auto-prompt", "author": "7eu7d7", "sha": "f406eeadcedbefd1877a62219f8167dd924f43b4", "lastModified": "2022-10-14T14:54:21.000Z", "private": false, "disabled": false, "gated": false, "tags": ["license:apache-2.0", "region:us"], "downloads": 0, "likes": 0, "model-index": null, "cardData": {"license": "apache-2.0"}, "siblings": [{"rfilename": ".gitattributes"}, {"rfilename": "README.md"}], "spaces": [], "createdAt": "2022-10-14T14:54:21.000Z", "inferenceStatus": "not-loaded"}