{"_id": "6675b709b93db62b25163640", "id": "7H4M3R/AraT5-multi-word-embedding", "modelId": "7H4M3R/AraT5-multi-word-embedding", "author": "7H4M3R", "sha": "78e3ddec238ef1f1af3902d40eaaa16cbe84ad7f", "lastModified": "2024-06-21T18:26:00.000Z", "private": false, "disabled": false, "gated": false, "tags": ["arxiv:1910.09700", "region:us"], "downloads": 0, "likes": 0, "siblings": [{"rfilename": ".gitattributes"}, {"rfilename": "README.md"}, {"rfilename": "best_model_bertmsa_v1.pt"}, {"rfilename": "best_model_bertseg_v1.pt"}, {"rfilename": "best_model_electra_v3.pt"}], "spaces": [], "createdAt": "2024-06-21T17:23:21.000Z", "inferenceStatus": "not-loaded"}