{"_id": "63e1fa7f84566d7b44b32abf", "id": "7IsDhWMI/questionsreal", "modelId": "7IsDhWMI/questionsreal", "author": "7IsDhWMI", "sha": "d4e508e245171366012b2bba0c448db6dc09dfd4", "lastModified": "2023-02-07T07:15:11.000Z", "private": false, "disabled": false, "gated": false, "tags": ["license:unknown", "region:us"], "downloads": 0, "likes": 0, "model-index": null, "cardData": {"license": "unknown"}, "siblings": [{"rfilename": ".gitattributes"}, {"rfilename": "README.md"}], "spaces": [], "createdAt": "2023-02-07T07:15:11.000Z", "inferenceStatus": "not-loaded"}