{"_id": "64022680c17fbf7a4f7861d1", "id": "7mosany/PPO_LunerLander-V2", "modelId": "7mosany/PPO_LunerLander-V2", "author": "7mosany", "sha": "ab0e8fbeb0a05f06a8d33970f6fb57b532b555d0", "lastModified": "2023-03-03T16:55:59.000Z", "private": false, "disabled": false, "gated": false, "pipeline_tag": "reinforcement-learning", "tags": ["stable-baselines3", "LunarLander-v2", "deep-reinforcement-learning", "reinforcement-learning", "model-index", "region:us"], "downloads": 0, "library_name": "stable-baselines3", "likes": 0, "model-index": [{"name": "PPO", "results": [{"task": {"type": "reinforcement-learning", "name": "reinforcement-learning"}, "dataset": {"name": "LunarLander-v2", "type": "LunarLander-v2"}, "metrics": [{"type": "mean_reward", "value": "220.74 +/- 60.16", "name": "mean_reward", "verified": false}]}]}], "config": {}, "cardData": {"library_name": "stable-baselines3", "tags": ["LunarLander-v2", "deep-reinforcement-learning", "reinforcement-learning", "stable-baselines3"], "model-index": [{"name": "PPO", "results": [{"task": {"type": "reinforcement-learning", "name": "reinforcement-learning"}, "dataset": {"name": "LunarLander-v2", "type": "LunarLander-v2"}, "metrics": [{"type": "mean_reward", "value": "220.74 +/- 60.16", "name": "mean_reward", "verified": false}]}]}]}, "siblings": [{"rfilename": ".gitattributes"}, {"rfilename": "7mosany_LunarLander-v2.zip"}, {"rfilename": "7mosany_LunarLander-v2/_stable_baselines3_version"}, {"rfilename": "7mosany_LunarLander-v2/data"}, {"rfilename": "7mosany_LunarLander-v2/policy.optimizer.pth"}, {"rfilename": "7mosany_LunarLander-v2/policy.pth"}, {"rfilename": "7mosany_LunarLander-v2/pytorch_variables.pth"}, {"rfilename": "7mosany_LunarLander-v2/system_info.txt"}, {"rfilename": "README.md"}, {"rfilename": "config.json"}, {"rfilename": "replay.mp4"}, {"rfilename": "results.json"}], "spaces": [], "createdAt": "2023-03-03T16:55:28.000Z", "inferenceStatus": "not-loaded"}