{"_id": "640396f8923fe79058a200ba", "id": "7mosany/q-FrozenLake-v1-4x4-Slippery", "modelId": "7mosany/q-FrozenLake-v1-4x4-Slippery", "author": "7mosany", "sha": "ac3bbb1b56cc7a9fe42bd6168f96b601eaedd667", "lastModified": "2023-03-04T19:13:11.000Z", "private": false, "disabled": false, "gated": false, "pipeline_tag": "reinforcement-learning", "tags": ["FrozenLake-v1-4x4", "q-learning", "reinforcement-learning", "custom-implementation", "model-index", "region:us"], "downloads": 0, "likes": 0, "model-index": [{"name": "q-FrozenLake-v1-4x4-Slippery", "results": [{"task": {"type": "reinforcement-learning", "name": "reinforcement-learning"}, "dataset": {"name": "FrozenLake-v1-4x4", "type": "FrozenLake-v1-4x4"}, "metrics": [{"type": "mean_reward", "value": "0.00 +/- 0.00", "name": "mean_reward", "verified": false}]}]}], "cardData": {"tags": ["FrozenLake-v1-4x4", "q-learning", "reinforcement-learning", "custom-implementation"], "model-index": [{"name": "q-FrozenLake-v1-4x4-Slippery", "results": [{"task": {"type": "reinforcement-learning", "name": "reinforcement-learning"}, "dataset": {"name": "FrozenLake-v1-4x4", "type": "FrozenLake-v1-4x4"}, "metrics": [{"type": "mean_reward", "value": "0.00 +/- 0.00", "name": "mean_reward", "verified": false}]}]}]}, "siblings": [{"rfilename": ".gitattributes"}, {"rfilename": "README.md"}, {"rfilename": "q-learning.pkl"}, {"rfilename": "replay.mp4"}, {"rfilename": "results.json"}], "spaces": [], "createdAt": "2023-03-04T19:07:36.000Z", "inferenceStatus": "not-loaded"}