{"_id": "647e5cbbf14eafc3b45fa05d", "id": "7r1xx/sketchy-ai", "modelId": "7r1xx/sketchy-ai", "author": "7r1xx", "sha": "fec26f97f1525f20f4159dd639cc2430d14eaaad", "lastModified": "2023-06-05T22:07:55.000Z", "private": false, "disabled": false, "gated": false, "tags": ["license:apache-2.0", "region:us"], "downloads": 0, "likes": 0, "model-index": null, "cardData": {"license": "apache-2.0"}, "siblings": [{"rfilename": ".gitattributes"}, {"rfilename": "README.md"}], "spaces": [], "createdAt": "2023-06-05T22:07:55.000Z", "inferenceStatus": "not-loaded"}