{"_id": "65044b2100df6073ba879c4e", "id": "7rooh/iranicode", "modelId": "7rooh/iranicode", "author": "7rooh", "sha": "504bc859b43e787eff315d4eca431b110655bb48", "lastModified": "2023-09-15T12:16:33.000Z", "private": false, "disabled": false, "gated": false, "tags": ["license:gpl-2.0", "region:us"], "downloads": 0, "likes": 0, "model-index": null, "cardData": {"license": "gpl-2.0"}, "siblings": [{"rfilename": ".gitattributes"}, {"rfilename": "README.md"}], "spaces": [], "createdAt": "2023-09-15T12:16:33.000Z", "inferenceStatus": "not-loaded"}