{"_id": "63eeebee83dab7ab07bfe066", "id": "7sevenx/buttermanmix", "modelId": "7sevenx/buttermanmix", "author": "7sevenx", "sha": "104c1ea094cb3854046ac2b258ba99039e92e2d9", "lastModified": "2023-06-21T05:22:14.000Z", "private": false, "disabled": false, "gated": false, "tags": ["region:us"], "downloads": 0, "likes": 33, "siblings": [{"rfilename": ".gitattributes"}, {"rfilename": "README.md"}, {"rfilename": "sevenxmixed1.0.ckpt"}, {"rfilename": "sevenxmixed2.0.ckpt"}, {"rfilename": "sevenxmixed3.0.safetensors"}, {"rfilename": "sevenxmixed3.5.safetensors"}, {"rfilename": "vae-ft-mse-840000-ema-pruned.ckpt"}], "spaces": [], "createdAt": "2023-02-17T02:52:30.000Z", "inferenceStatus": "not-loaded"}