{"_id": "6448cd8bf88f1495f08f9afb", "id": "7sunshine/pantsd", "modelId": "7sunshine/pantsd", "author": "7sunshine", "sha": "39590661a872be8b84a344e16620db5d8e9a3acd", "lastModified": "2023-04-26T07:08:53.000Z", "private": false, "disabled": false, "gated": false, "tags": ["license:creativeml-openrail-m", "region:us"], "downloads": 0, "likes": 0, "model-index": null, "cardData": {"license": "creativeml-openrail-m"}, "siblings": [{"rfilename": ".gitattributes"}, {"rfilename": "README.md"}, {"rfilename": "pantsd.safetensors"}], "spaces": [], "createdAt": "2023-04-26T07:06:51.000Z", "inferenceStatus": "not-loaded"}