{"_id": "648b221caa0b52b1e6161cd9", "id": "7sunshine/noniw", "modelId": "7sunshine/noniw", "author": "7sunshine", "sha": "d53fb7ce0a984013ef21a11b0e8e5600ffcb8a73", "lastModified": "2023-06-15T14:38:40.000Z", "private": false, "disabled": false, "gated": false, "tags": ["license:creativeml-openrail-m", "region:us"], "downloads": 0, "likes": 0, "model-index": null, "cardData": {"license": "creativeml-openrail-m"}, "siblings": [{"rfilename": ".gitattributes"}, {"rfilename": "README.md"}, {"rfilename": "noni.safetensors"}], "spaces": [], "createdAt": "2023-06-15T14:37:16.000Z", "inferenceStatus": "not-loaded"}