{"_id": "64679a21e92e2372d5d0e3cd", "id": "7sunshine/reika", "modelId": "7sunshine/reika", "author": "7sunshine", "sha": "76a8ce468bdac41674450cdd7a6f777bd4c5cb0e", "lastModified": "2023-05-19T15:49:35.000Z", "private": false, "disabled": false, "gated": false, "tags": ["license:creativeml-openrail-m", "region:us"], "downloads": 0, "likes": 0, "model-index": null, "cardData": {"license": "creativeml-openrail-m"}, "siblings": [{"rfilename": ".gitattributes"}, {"rfilename": "README.md"}, {"rfilename": "reika.safetensors"}], "spaces": [], "createdAt": "2023-05-19T15:47:45.000Z", "inferenceStatus": "not-loaded"}