{"_id": "6458d02dc5d0d57ba41b5dcd", "id": "7sunshine/yunno", "modelId": "7sunshine/yunno", "author": "7sunshine", "sha": "801b3b1ea55909447e6ece25ce0dd43ee3e542dd", "lastModified": "2023-05-08T10:36:05.000Z", "private": false, "disabled": false, "gated": false, "tags": ["license:creativeml-openrail-m", "region:us"], "downloads": 0, "likes": 0, "model-index": null, "cardData": {"license": "creativeml-openrail-m"}, "siblings": [{"rfilename": ".gitattributes"}, {"rfilename": "README.md"}, {"rfilename": "yunno.safetensors"}], "spaces": [], "createdAt": "2023-05-08T10:34:21.000Z", "inferenceStatus": "not-loaded"}