{"_id": "64478bd33e498d6691880604", "id": "7sunshine/mikilora", "modelId": "7sunshine/mikilora", "author": "7sunshine", "sha": "f271af2b27fada83121285b501c3ed8958d79263", "lastModified": "2023-04-25T08:16:16.000Z", "private": false, "disabled": false, "gated": false, "tags": ["license:creativeml-openrail-m", "region:us"], "downloads": 0, "likes": 0, "model-index": null, "cardData": {"license": "creativeml-openrail-m"}, "siblings": [{"rfilename": ".gitattributes"}, {"rfilename": "README.md"}, {"rfilename": "mikilora.safetensors"}], "spaces": [], "createdAt": "2023-04-25T08:14:11.000Z", "inferenceStatus": "not-loaded"}