{"_id": "63f0da1d36d0cf114125b000", "id": "7V/ai_models", "modelId": "7V/ai_models", "author": "7V", "sha": "d333fa7949125c941b11ab29531248d1f3e41bcd", "lastModified": "2023-02-18T14:01:01.000Z", "private": false, "disabled": false, "gated": false, "tags": ["license:unknown", "region:us"], "downloads": 0, "likes": 0, "model-index": null, "cardData": {"license": "unknown"}, "siblings": [{"rfilename": ".gitattributes"}, {"rfilename": "README.md"}], "spaces": [], "createdAt": "2023-02-18T14:01:01.000Z", "inferenceStatus": "not-loaded"}