{"_id": "6669eec669a08ea4aa91f606", "id": "7vik/slm-aligned", "modelId": "7vik/slm-aligned", "author": "7vik", "sha": "c7fb08e2c0ba8b33637536adcc2f9fdb50f4b6c9", "lastModified": "2024-06-14T13:46:58.000Z", "private": false, "disabled": false, "gated": false, "tags": ["safetensors", "region:us"], "downloads": 0, "likes": 0, "siblings": [{"rfilename": ".gitattributes"}, {"rfilename": "rm-harmless-cai/checkpoint-1250/config.json"}, {"rfilename": "rm-harmless-cai/checkpoint-1250/merges.txt"}, {"rfilename": "rm-harmless-cai/checkpoint-1250/model.safetensors"}, {"rfilename": "rm-harmless-cai/checkpoint-1250/optimizer.pt"}, {"rfilename": "rm-harmless-cai/checkpoint-1250/rng_state.pth"}, {"rfilename": "rm-harmless-cai/checkpoint-1250/scheduler.pt"}, {"rfilename": "rm-harmless-cai/checkpoint-1250/special_tokens_map.json"}, {"rfilename": "rm-harmless-cai/checkpoint-1250/tokenizer.json"}, {"rfilename": "rm-harmless-cai/checkpoint-1250/tokenizer_config.json"}, {"rfilename": "rm-harmless-cai/checkpoint-1250/trainer_state.json"}, {"rfilename": "rm-harmless-cai/checkpoint-1250/training_args.bin"}, {"rfilename": "rm-harmless-cai/checkpoint-1250/vocab.json"}, {"rfilename": "rm-harmless-cai/models/config.json"}, {"rfilename": "rm-harmless-cai/models/merges.txt"}, {"rfilename": "rm-harmless-cai/models/model.safetensors"}, {"rfilename": "rm-harmless-cai/models/special_tokens_map.json"}, {"rfilename": "rm-harmless-cai/models/tokenizer.json"}, {"rfilename": "rm-harmless-cai/models/tokenizer_config.json"}, {"rfilename": "rm-harmless-cai/models/training_args.bin"}, {"rfilename": "rm-harmless-cai/models/vocab.json"}, {"rfilename": "rm-harmless-hhg/checkpoint-1250/config.json"}, {"rfilename": "rm-harmless-hhg/checkpoint-1250/merges.txt"}, {"rfilename": "rm-harmless-hhg/checkpoint-1250/model.safetensors"}, {"rfilename": "rm-harmless-hhg/checkpoint-1250/optimizer.pt"}, {"rfilename": "rm-harmless-hhg/checkpoint-1250/rng_state.pth"}, {"rfilename": "rm-harmless-hhg/checkpoint-1250/scheduler.pt"}, {"rfilename": "rm-harmless-hhg/checkpoint-1250/special_tokens_map.json"}, {"rfilename": "rm-harmless-hhg/checkpoint-1250/tokenizer.json"}, {"rfilename": "rm-harmless-hhg/checkpoint-1250/tokenizer_config.json"}, {"rfilename": "rm-harmless-hhg/checkpoint-1250/trainer_state.json"}, {"rfilename": "rm-harmless-hhg/checkpoint-1250/training_args.bin"}, {"rfilename": "rm-harmless-hhg/checkpoint-1250/vocab.json"}, {"rfilename": "rm-harmless-hhg/models/config.json"}, {"rfilename": "rm-harmless-hhg/models/merges.txt"}, {"rfilename": "rm-harmless-hhg/models/model.safetensors"}, {"rfilename": "rm-harmless-hhg/models/special_tokens_map.json"}, {"rfilename": "rm-harmless-hhg/models/tokenizer.json"}, {"rfilename": "rm-harmless-hhg/models/tokenizer_config.json"}, {"rfilename": "rm-harmless-hhg/models/training_args.bin"}, {"rfilename": "rm-harmless-hhg/models/vocab.json"}, {"rfilename": "rm-harmless-hs/checkpoint-950/config.json"}, {"rfilename": "rm-harmless-hs/checkpoint-950/merges.txt"}, {"rfilename": "rm-harmless-hs/checkpoint-950/model.safetensors"}, {"rfilename": "rm-harmless-hs/checkpoint-950/optimizer.pt"}, {"rfilename": "rm-harmless-hs/checkpoint-950/rng_state.pth"}, {"rfilename": "rm-harmless-hs/checkpoint-950/scheduler.pt"}, {"rfilename": "rm-harmless-hs/checkpoint-950/special_tokens_map.json"}, {"rfilename": "rm-harmless-hs/checkpoint-950/tokenizer.json"}, {"rfilename": "rm-harmless-hs/checkpoint-950/tokenizer_config.json"}, {"rfilename": "rm-harmless-hs/checkpoint-950/trainer_state.json"}, {"rfilename": "rm-harmless-hs/checkpoint-950/training_args.bin"}, {"rfilename": "rm-harmless-hs/checkpoint-950/vocab.json"}, {"rfilename": "rm-harmless-hs/models/config.json"}, {"rfilename": "rm-harmless-hs/models/merges.txt"}, {"rfilename": "rm-harmless-hs/models/model.safetensors"}, {"rfilename": "rm-harmless-hs/models/special_tokens_map.json"}, {"rfilename": "rm-harmless-hs/models/tokenizer.json"}, {"rfilename": "rm-harmless-hs/models/tokenizer_config.json"}, {"rfilename": "rm-harmless-hs/models/training_args.bin"}, {"rfilename": "rm-harmless-hs/models/vocab.json"}, {"rfilename": "rm-harmless-shp/checkpoint-1200/config.json"}, {"rfilename": "rm-harmless-shp/checkpoint-1200/merges.txt"}, {"rfilename": "rm-harmless-shp/checkpoint-1200/model.safetensors"}, {"rfilename": "rm-harmless-shp/checkpoint-1200/optimizer.pt"}, {"rfilename": "rm-harmless-shp/checkpoint-1200/rng_state.pth"}, {"rfilename": "rm-harmless-shp/checkpoint-1200/scheduler.pt"}, {"rfilename": "rm-harmless-shp/checkpoint-1200/special_tokens_map.json"}, {"rfilename": "rm-harmless-shp/checkpoint-1200/tokenizer.json"}, {"rfilename": "rm-harmless-shp/checkpoint-1200/tokenizer_config.json"}, {"rfilename": "rm-harmless-shp/checkpoint-1200/trainer_state.json"}, {"rfilename": "rm-harmless-shp/checkpoint-1200/training_args.bin"}, {"rfilename": "rm-harmless-shp/checkpoint-1200/vocab.json"}, {"rfilename": "rm-harmless-shp/models/config.json"}, {"rfilename": "rm-harmless-shp/models/merges.txt"}, {"rfilename": "rm-harmless-shp/models/model.safetensors"}, {"rfilename": "rm-harmless-shp/models/special_tokens_map.json"}, {"rfilename": "rm-harmless-shp/models/tokenizer.json"}, {"rfilename": "rm-harmless-shp/models/tokenizer_config.json"}, {"rfilename": "rm-harmless-shp/models/training_args.bin"}, {"rfilename": "rm-harmless-shp/models/vocab.json"}], "spaces": [], "createdAt": "2024-06-12T18:53:58.000Z", "inferenceStatus": "not-loaded"}