{"_id": "6497929c2324dea0e3208449", "id": "7Whitefire7/RealCartoon3D", "modelId": "7Whitefire7/RealCartoon3D", "author": "7Whitefire7", "sha": "69376396f237c2069f495cf524e8e1957a3d87f3", "lastModified": "2024-02-20T19:19:02.000Z", "private": false, "disabled": false, "gated": false, "tags": ["license:openrail", "region:us"], "downloads": 0, "likes": 3, "model-index": null, "cardData": {"license": "openrail"}, "siblings": [{"rfilename": ".gitattributes"}, {"rfilename": "README.md"}, {"rfilename": "RealCartoon3D20.safetensors"}, {"rfilename": "RealCartoon3D25.safetensors"}, {"rfilename": "realcartoon3d_v14.safetensors"}], "spaces": [], "createdAt": "2023-06-25T01:04:28.000Z", "inferenceStatus": "not-loaded"}