{"_id": "65d4fb345717d720a0aa6f0f", "id": "7Whitefire7/RealCartoonPixar", "modelId": "7Whitefire7/RealCartoonPixar", "author": "7Whitefire7", "sha": "8cd8437b86007243557676700a4c7f1595576111", "lastModified": "2024-02-20T19:23:22.000Z", "private": false, "disabled": false, "gated": false, "tags": ["license:creativeml-openrail-m", "region:us"], "downloads": 0, "likes": 0, "model-index": null, "cardData": {"license": "creativeml-openrail-m"}, "siblings": [{"rfilename": ".gitattributes"}, {"rfilename": "README.md"}, {"rfilename": "RealCartoonPixarV9.safetensors"}], "spaces": [], "createdAt": "2024-02-20T19:19:16.000Z", "inferenceStatus": "not-loaded"}