{"_id": "65e338951db33cf9ec1f1d94", "id": "7wolf/wav2ast-gender-classification", "modelId": "7wolf/wav2ast-gender-classification", "author": "7wolf", "sha": "759f2d3cc8798c43a78cabe21ab9803b966dc1b9", "lastModified": "2024-03-05T12:58:59.000Z", "private": false, "disabled": false, "gated": false, "pipeline_tag": "audio-classification", "tags": ["transformers", "safetensors", "audio-spectrogram-transformer", "audio-classification", "generated_from_trainer", "endpoints_compatible", "region:us"], "downloads": 6, "library_name": "transformers", "likes": 1, "model-index": [{"name": "wav2ast-gender-classification", "results": []}], "config": {"architectures": ["ASTForAudioClassification"], "model_type": "audio-spectrogram-transformer"}, "cardData": {"tags": ["generated_from_trainer"], "metrics": ["accuracy"], "model-index": [{"name": "wav2ast-gender-classification", "results": []}]}, "transformersInfo": {"auto_model": "AutoModelForAudioClassification", "pipeline_tag": "audio-classification", "processor": "AutoFeatureExtractor"}, "siblings": [{"rfilename": ".gitattributes"}, {"rfilename": "README.md"}, {"rfilename": "config.json"}, {"rfilename": "model.safetensors"}, {"rfilename": "preprocessor_config.json"}, {"rfilename": "training_args.bin"}], "spaces": [], "createdAt": "2024-03-02T14:32:53.000Z", "safetensors": {"parameters": {"F32": 85342466}, "total": 85342466}, "inferenceStatus": "not-loaded"}