{"_id": "653c16cc4adb1ce67f8aed22", "id": "7Xan7der7/code-search-net-tokenizer", "modelId": "7Xan7der7/code-search-net-tokenizer", "author": "7Xan7der7", "sha": "76808eacbf123e1b7a44aa08968f8d5af149c47d", "lastModified": "2023-10-27T20:00:13.000Z", "private": false, "disabled": false, "gated": false, "tags": ["region:us"], "downloads": 0, "likes": 0, "config": {"tokenizer_config": {"bos_token": "<|endoftext|>", "eos_token": "<|endoftext|>", "unk_token": "<|endoftext|>"}}, "siblings": [{"rfilename": ".gitattributes"}, {"rfilename": "merges.txt"}, {"rfilename": "special_tokens_map.json"}, {"rfilename": "tokenizer.json"}, {"rfilename": "tokenizer_config.json"}, {"rfilename": "vocab.json"}], "spaces": [], "createdAt": "2023-10-27T20:00:12.000Z", "inferenceStatus": "not-loaded"}