{"_id": "668f9bac163e29f67c9cddf8", "id": "f-arnold/roberta-base-finetuned-squad-finetuned-squad", "modelId": "f-arnold/roberta-base-finetuned-squad-finetuned-squad", "author": "f-arnold", "sha": "0763cbf19b9ebc9942b4060c42251c34f96728d8", "lastModified": "2024-07-11T08:45:32.000Z", "private": false, "disabled": false, "gated": false, "tags": ["region:us"], "downloads": 0, "likes": 0, "siblings": [{"rfilename": ".gitattributes"}], "spaces": [], "createdAt": "2024-07-11T08:45:32.000Z", "inferenceStatus": "not-loaded"}