{"_id": "65b5a680a17a940832efc1ea", "id": "F-Comoretto/IA-Cover-Gildo", "modelId": "F-Comoretto/IA-Cover-Gildo", "author": "F-Comoretto", "sha": "2c0d3df3d93ab66090e04fd5cf8032815bc0c08e", "lastModified": "2024-01-31T15:28:21.000Z", "private": false, "disabled": false, "gated": false, "tags": ["region:us"], "downloads": 0, "likes": 0, "siblings": [{"rfilename": ".gitattributes"}, {"rfilename": "Gildo de Freitas - Modelo V1.zip"}, {"rfilename": "Gildo.zip"}], "spaces": [], "createdAt": "2024-01-28T00:57:36.000Z", "inferenceStatus": "not-loaded"}