{"_id": "667921f18601cd537f60956d", "id": "F-Fries/first", "modelId": "F-Fries/first", "author": "F-Fries", "sha": "087a37c6ab8a8840293f052a0efc333759dcdbff", "lastModified": "2024-06-24T07:36:17.000Z", "private": false, "disabled": false, "gated": false, "tags": ["license:afl-3.0", "region:us"], "downloads": 0, "likes": 0, "model-index": null, "cardData": {"license": "afl-3.0"}, "siblings": [{"rfilename": ".gitattributes"}, {"rfilename": "README.md"}], "spaces": [], "createdAt": "2024-06-24T07:36:17.000Z", "inferenceStatus": "not-loaded"}