{"_id": "64ddfcf2f1c0da1d0b9d03ed", "id": "F-Haru/WMT_Metrics_da_data", "modelId": "F-Haru/WMT_Metrics_da_data", "author": "F-Haru", "sha": "e078dd47215788d8dcbfbd7798fd9352dce1ed82", "lastModified": "2023-08-18T07:08:07.000Z", "private": false, "disabled": false, "gated": false, "tags": ["region:us"], "downloads": 0, "likes": 0, "siblings": [{"rfilename": ".gitattributes"}, {"rfilename": "README.md"}, {"rfilename": "da_seikika.txt"}, {"rfilename": "distillation.py"}, {"rfilename": "en-other_tab.txt"}, {"rfilename": "metrics_finetuning_student.py"}, {"rfilename": "metrics_finetuning_teacher.py"}, {"rfilename": "ref.txt"}, {"rfilename": "src.txt"}, {"rfilename": "trg.txt"}], "spaces": [], "createdAt": "2023-08-17T10:56:50.000Z", "inferenceStatus": "not-loaded"}