{"_id": "64ad695c6864362a7e103195", "id": "F-Haru/cossim0904", "modelId": "F-Haru/cossim0904", "author": "F-Haru", "sha": "e2cb27ac8711a246d9a5014d2871a19b81be9202", "lastModified": "2023-07-14T08:46:00.000Z", "private": false, "disabled": false, "gated": false, "tags": ["region:us"], "downloads": 0, "likes": 0, "siblings": [{"rfilename": ".gitattributes"}, {"rfilename": "09-04_09-04.txt"}, {"rfilename": "distillation.py"}, {"rfilename": "finetune.py"}, {"rfilename": "pseudo-en-ja-100000-karanasi_09-04.txt"}, {"rfilename": "pseudo-english-sentence-100000-karanasi_09-04.txt"}, {"rfilename": "pseudo-english_english_100000_cos-sim-karanasi_09-04.txt"}, {"rfilename": "pseudo-ja-en-100000-karanasi_09-04.txt"}, {"rfilename": "pseudo-japanese-sentence-100000-karanasi_09-04.txt"}, {"rfilename": "pseudo-pseudo-english_english_100000_cos-sim-karanasi_09-04.txt"}, {"rfilename": "pseudo-pseudo_en-ja-100000-karanasi_09-04.txt"}, {"rfilename": "pseudo-pseudo_ja-en-100000-karanasi_09-04.txt"}], "spaces": [], "createdAt": "2023-07-11T14:38:20.000Z", "inferenceStatus": "not-loaded"}