{"_id": "64d9d821c2eedf9af87c7b63", "id": "F-Haru/WMT_da-data_finetuning", "modelId": "F-Haru/WMT_da-data_finetuning", "author": "F-Haru", "sha": "f617feac60db56982ea529f9bc7a2924be50dc4d", "lastModified": "2023-08-14T12:21:52.000Z", "private": false, "disabled": false, "gated": false, "tags": ["region:us"], "downloads": 0, "likes": 0, "siblings": [{"rfilename": ".gitattributes"}, {"rfilename": "README.md"}, {"rfilename": "WMT_da_finetuning.py"}, {"rfilename": "WMT_da_\u5b66\u7fd2\u30c7\u30fc\u30bf_88993\u6587/en-label-\u6b63\u898f\u5316.txt"}, {"rfilename": "WMT_da_\u5b66\u7fd2\u30c7\u30fc\u30bf_88993\u6587/en-label.txt"}, {"rfilename": "WMT_da_\u5b66\u7fd2\u30c7\u30fc\u30bf_88993\u6587/en-origin.txt"}, {"rfilename": "WMT_da_\u5b66\u7fd2\u30c7\u30fc\u30bf_88993\u6587/en-pseudo-pseudo.txt"}, {"rfilename": "WMT_da_\u5b66\u7fd2\u30c7\u30fc\u30bf_88993\u6587/en-pseudo.txt"}, {"rfilename": "WMT_da_\u5b66\u7fd2\u30c7\u30fc\u30bf_88993\u6587/tab_en-other.txt"}, {"rfilename": "distillation.py"}], "spaces": [], "createdAt": "2023-08-14T07:30:41.000Z", "inferenceStatus": "not-loaded"}