{"_id": "6531fb9e9824bcc3f44346d1", "id": "f-ing/fking_scifi", "modelId": "f-ing/fking_scifi", "author": "f-ing", "sha": "af20ef8de6e3ecf39f89aef4252494ca81db29a0", "lastModified": "2023-10-20T04:29:07.000Z", "private": false, "disabled": false, "gated": false, "tags": ["license:openrail", "region:us"], "downloads": 0, "likes": 0, "model-index": null, "cardData": {"license": "openrail"}, "siblings": [{"rfilename": ".gitattributes"}, {"rfilename": "README.md"}, {"rfilename": "fkScifi_v3.safetensors"}, {"rfilename": "fkScifi_v3.yaml"}], "spaces": [], "createdAt": "2023-10-20T04:01:34.000Z", "inferenceStatus": "not-loaded"}