{"_id": "62d6c563f00ba76e7a699d31", "id": "f00d/Multilingual-MiniLM-L12-H384-MLM-finetuned-wikipedia_bn_custom", "modelId": "f00d/Multilingual-MiniLM-L12-H384-MLM-finetuned-wikipedia_bn_custom", "author": "f00d", "sha": "7b2099fce10f9106f65339aacefa9e2d345746b0", "lastModified": "2022-07-21T12:28:37.000Z", "private": false, "disabled": false, "gated": false, "pipeline_tag": "fill-mask", "tags": ["transformers", "pytorch", "bert", "fill-mask", "autotrain_compatible", "endpoints_compatible", "region:us"], "downloads": 1, "library_name": "transformers", "mask_token": "[MASK]", "widgetData": [{"text": "Paris is the [MASK] of France."}, {"text": "The goal of life is [MASK]."}], "likes": 0, "config": {"architectures": ["BertForMaskedLM"], "model_type": "bert"}, "transformersInfo": {"auto_model": "AutoModelForMaskedLM", "pipeline_tag": "fill-mask", "processor": "AutoTokenizer"}, "siblings": [{"rfilename": ".gitattributes"}, {"rfilename": ".gitignore"}, {"rfilename": "config.json"}, {"rfilename": "pytorch_model.bin"}, {"rfilename": "training_args.bin"}], "spaces": [], "createdAt": "2022-07-19T14:53:23.000Z", "inferenceStatus": "not-loaded"}