{"_id": "6523e4d173a0f19d06ea0597", "id": "f020202/flan-t5-large-financial-phrasebank-lora", "modelId": "f020202/flan-t5-large-financial-phrasebank-lora", "author": "f020202", "sha": "5fe2c537ea8aa64c8c44d891a2a4f5731896a264", "lastModified": "2023-10-09T11:37:11.000Z", "private": false, "disabled": false, "gated": false, "tags": ["region:us"], "downloads": 0, "likes": 0, "siblings": [{"rfilename": ".gitattributes"}, {"rfilename": "README.md"}], "spaces": [], "createdAt": "2023-10-09T11:32:33.000Z", "inferenceStatus": "not-loaded"}