{"_id": "66487e40e51e5310c91580be", "id": "F0reseer/50k_ru_tokenizer", "modelId": "F0reseer/50k_ru_tokenizer", "author": "F0reseer", "sha": "e4ed97383d7732d216ef6c2232a65adaae4135a6", "lastModified": "2024-05-18T10:12:30.000Z", "private": false, "disabled": false, "gated": false, "tags": ["license:mit", "region:us"], "downloads": 0, "likes": 0, "model-index": null, "cardData": {"license": "mit"}, "siblings": [{"rfilename": ".gitattributes"}, {"rfilename": "50k.bin"}, {"rfilename": "README.md"}], "spaces": [], "createdAt": "2024-05-18T10:09:04.000Z", "inferenceStatus": "not-loaded"}