{"_id": "661c8dcd7e26a1d35aba0b4f", "id": "f0ster/PhotographyLoRA", "modelId": "f0ster/PhotographyLoRA", "author": "f0ster", "sha": "ffcf50946fb2c6a814500e96c99ddecf1c0a07d9", "lastModified": "2024-04-29T04:46:22.000Z", "private": false, "disabled": false, "gated": false, "pipeline_tag": "text-to-image", "tags": ["diffusers", "stable-diffusion", "lora", "sdxl", "text-to-image", "en", "base_model:stabilityai/stable-diffusion-xl-base-1.0", "license:openrail++", "region:us"], "downloads": 224, "library_name": "diffusers", "likes": 2, "model-index": null, "cardData": {"language": ["en"], "pipeline_tag": "text-to-image", "tags": ["stable-diffusion", "lora", "sdxl"], "license": "openrail++", "library_name": "diffusers", "base_model": "stabilityai/stable-diffusion-xl-base-1.0"}, "siblings": [{"rfilename": ".gitattributes"}, {"rfilename": "README.md"}, {"rfilename": "photography-lora-xl_10.safetensors"}], "spaces": ["f0ster/PhotographyLoRA"], "createdAt": "2024-04-15T02:15:41.000Z", "inferenceStatus": "not-loaded"}