{"_id": "64af6cf573151ec37ee860f8", "id": "f0xa/Loba_v1", "modelId": "f0xa/Loba_v1", "author": "f0xa", "sha": "355560868e5ad5182ea1734f7818d216ff84dd5b", "lastModified": "2023-07-13T03:20:28.000Z", "private": false, "disabled": false, "gated": false, "tags": ["license:openrail", "region:us"], "downloads": 0, "likes": 0, "model-index": null, "cardData": {"license": "openrail"}, "siblings": [{"rfilename": ".gitattributes"}, {"rfilename": "README.md"}, {"rfilename": "loba_v1.zip"}], "spaces": [], "createdAt": "2023-07-13T03:18:13.000Z", "inferenceStatus": "not-loaded"}