{"_id": "6532fa7ff551a245bb9e890a", "id": "f0xn0v4/bge-small-en-v1.5_onnx", "modelId": "f0xn0v4/bge-small-en-v1.5_onnx", "author": "f0xn0v4", "sha": "ac502290220d3b60c10c39e4d0d3b1a003eb738c", "lastModified": "2023-10-21T03:02:38.000Z", "private": false, "disabled": false, "gated": false, "tags": ["onnx", "en", "license:mit", "region:us"], "downloads": 0, "likes": 0, "model-index": null, "cardData": {"license": "mit", "language": ["en"]}, "siblings": [{"rfilename": ".gitattributes"}, {"rfilename": "README.md"}, {"rfilename": "model.onnx"}, {"rfilename": "tokenizer.json"}], "spaces": [], "createdAt": "2023-10-20T22:09:03.000Z", "inferenceStatus": "not-loaded"}