{"_id": "6565ed1ae0977cf44f5325c3", "id": "f0xn0v4/redhatdoc-MiniLM-L12-v1", "modelId": "f0xn0v4/redhatdoc-MiniLM-L12-v1", "author": "f0xn0v4", "sha": "b0b923f71d63ec24a44f429e4896c362e30f7019", "lastModified": "2023-11-28T17:32:30.000Z", "private": false, "disabled": false, "gated": false, "pipeline_tag": "sentence-similarity", "tags": ["sentence-transformers", "pytorch", "safetensors", "bert", "feature-extraction", "sentence-similarity", "dataset:f0xn0v4/RedHatOpenshiftDocs", "autotrain_compatible", "text-embeddings-inference", "endpoints_compatible", "region:us"], "downloads": 1, "library_name": "sentence-transformers", "mask_token": "[MASK]", "widgetData": [{"source_sentence": "That is a happy person", "sentences": ["That is a happy dog", "That is a very happy person", "Today is a sunny day"]}], "likes": 0, "model-index": null, "config": {"architectures": ["BertModel"], "model_type": "bert", "tokenizer_config": {"cls_token": "[CLS]", "mask_token": "[MASK]", "pad_token": "[PAD]", "sep_token": "[SEP]", "unk_token": "[UNK]"}}, "cardData": {"pipeline_tag": "sentence-similarity", "tags": ["sentence-transformers", "feature-extraction", "sentence-similarity"], "datasets": ["f0xn0v4/RedHatOpenshiftDocs"]}, "siblings": [{"rfilename": ".gitattributes"}, {"rfilename": "1_Pooling/config.json"}, {"rfilename": "README.md"}, {"rfilename": "config.json"}, {"rfilename": "config_sentence_transformers.json"}, {"rfilename": "model.safetensors"}, {"rfilename": "modules.json"}, {"rfilename": "pytorch_model.bin"}, {"rfilename": "sentence_bert_config.json"}, {"rfilename": "special_tokens_map.json"}, {"rfilename": "tokenizer.json"}, {"rfilename": "tokenizer_config.json"}, {"rfilename": "vocab.txt"}], "spaces": [], "createdAt": "2023-11-28T13:37:30.000Z", "safetensors": {"parameters": {"F32": 33360000}, "total": 33360000}, "inferenceStatus": "not-loaded"}