{"_id": "66896f64e6d7dbf1697516e5", "id": "F16/florence2-large-ft-gufeng_v2", "modelId": "F16/florence2-large-ft-gufeng_v2", "author": "F16", "sha": "204bb698eec35429304d9806cb92eb9988f1326d", "lastModified": "2024-07-06T16:52:40.000Z", "private": false, "disabled": false, "gated": false, "pipeline_tag": "text-generation", "tags": ["transformers", "safetensors", "florence2", "text-generation", "custom_code", "autotrain_compatible", "region:us"], "downloads": 3, "library_name": "transformers", "widgetData": [{"text": "My name is Julien and I like to"}, {"text": "My name is Thomas and my main"}, {"text": "My name is Mariama, my favorite"}, {"text": "My name is Clara and I am"}, {"text": "My name is Lewis and I like to"}, {"text": "My name is Merve and my favorite"}, {"text": "My name is Teven and I am"}, {"text": "Once upon a time,"}], "likes": 2, "config": {"architectures": ["Florence2ForConditionalGeneration"], "auto_map": {"AutoConfig": "configuration_florence2.Florence2Config", "AutoModelForCausalLM": "modeling_florence2.Florence2ForConditionalGeneration"}, "model_type": "florence2", "tokenizer_config": {"bos_token": "<s>", "cls_token": "<s>", "eos_token": "</s>", "mask_token": "<mask>", "pad_token": "<pad>", "sep_token": "</s>", "unk_token": "<unk>"}}, "transformersInfo": {"auto_model": "AutoModelForCausalLM", "custom_class": "modeling_florence2.Florence2ForConditionalGeneration", "pipeline_tag": "text-generation"}, "siblings": [{"rfilename": ".gitattributes"}, {"rfilename": "README.md"}, {"rfilename": "added_tokens.json"}, {"rfilename": "config.json"}, {"rfilename": "configuration_florence2.py"}, {"rfilename": "generation_config.json"}, {"rfilename": "merges.txt"}, {"rfilename": "model.safetensors"}, {"rfilename": "modeling_florence2.py"}, {"rfilename": "preprocessor_config.json"}, {"rfilename": "processing_florence2.py"}, {"rfilename": "processor_config.json"}, {"rfilename": "special_tokens_map.json"}, {"rfilename": "tokenizer.json"}, {"rfilename": "tokenizer_config.json"}, {"rfilename": "vocab.json"}], "spaces": [], "createdAt": "2024-07-06T16:23:00.000Z", "safetensors": {"parameters": {"F32": 822949977}, "total": 822949977}, "inferenceStatus": "not-loaded"}