{"_id": "66023be87d64078b231e1c21", "id": "F16/Fok_v10e_sdxl_tile_fp16", "modelId": "F16/Fok_v10e_sdxl_tile_fp16", "author": "F16", "sha": "961899be8b93f117acefb80093ac4ee58e2d8e30", "lastModified": "2024-04-01T09:43:59.000Z", "private": false, "disabled": false, "gated": false, "tags": ["region:us"], "downloads": 0, "likes": 2, "siblings": [{"rfilename": ".gitattributes"}, {"rfilename": "Fok_v10e_sdxl_tile_fp16.safetensors"}, {"rfilename": "Fok_v11e_sdxl_tile_fp16.safetensors"}], "spaces": [], "createdAt": "2024-03-26T03:07:20.000Z", "inferenceStatus": "not-loaded"}