{"_id": "646e42d634fde71fda958d2d", "id": "F16/ControlNet-v1-1_f16", "modelId": "F16/ControlNet-v1-1_f16", "author": "F16", "sha": "4a61920aaa4375cc08aa15f46f34318256c310ce", "lastModified": "2023-05-24T18:45:20.000Z", "private": false, "disabled": false, "gated": false, "tags": ["region:us"], "downloads": 0, "likes": 1, "siblings": [{"rfilename": ".gitattributes"}, {"rfilename": "control_v11e_sd15_ip2p_2.safetensors"}, {"rfilename": "control_v11e_sd15_shuffle_2.safetensors"}, {"rfilename": "control_v11f1e_sd15_tile.safetensors"}, {"rfilename": "control_v11f1p_sd15_depth_2.safetensors"}, {"rfilename": "control_v11p_sd15_canny_2.safetensors"}, {"rfilename": "control_v11p_sd15_inpaint_2.safetensors"}, {"rfilename": "control_v11p_sd15_lineart_2.safetensors"}, {"rfilename": "control_v11p_sd15_mlsd_2.safetensors"}, {"rfilename": "control_v11p_sd15_normalbae_2.safetensors"}, {"rfilename": "control_v11p_sd15_openpose_2.safetensors"}, {"rfilename": "control_v11p_sd15_scribble_2.safetensors"}, {"rfilename": "control_v11p_sd15_seg_2.safetensors"}, {"rfilename": "control_v11p_sd15_softedge_2.safetensors"}, {"rfilename": "control_v11p_sd15s2_lineart_anime_2.safetensors"}], "spaces": [], "createdAt": "2023-05-24T17:01:10.000Z", "inferenceStatus": "not-loaded"}