{"_id": "667e6960d653c0b02da8638e", "id": "f171p/a2c-PandaReachDense-v3", "modelId": "f171p/a2c-PandaReachDense-v3", "author": "f171p", "sha": "5aa39ab754a9cf96ac1c0a8cd447055cca353af0", "lastModified": "2024-06-28T07:46:29.000Z", "private": false, "disabled": false, "gated": false, "pipeline_tag": "reinforcement-learning", "tags": ["stable-baselines3", "PandaReachDense-v3", "deep-reinforcement-learning", "reinforcement-learning", "model-index", "region:us"], "downloads": 7, "library_name": "stable-baselines3", "likes": 0, "model-index": [{"name": "A2C", "results": [{"task": {"type": "reinforcement-learning", "name": "reinforcement-learning"}, "dataset": {"name": "PandaReachDense-v3", "type": "PandaReachDense-v3"}, "metrics": [{"type": "mean_reward", "value": "-0.17 +/- 0.07", "name": "mean_reward", "verified": false}]}]}], "config": {}, "cardData": {"library_name": "stable-baselines3", "tags": ["PandaReachDense-v3", "deep-reinforcement-learning", "reinforcement-learning", "stable-baselines3"], "model-index": [{"name": "A2C", "results": [{"task": {"type": "reinforcement-learning", "name": "reinforcement-learning"}, "dataset": {"name": "PandaReachDense-v3", "type": "PandaReachDense-v3"}, "metrics": [{"type": "mean_reward", "value": "-0.17 +/- 0.07", "name": "mean_reward", "verified": false}]}]}]}, "siblings": [{"rfilename": ".gitattributes"}, {"rfilename": "README.md"}, {"rfilename": "a2c-PandaReachDense-v3.zip"}, {"rfilename": "a2c-PandaReachDense-v3/_stable_baselines3_version"}, {"rfilename": "a2c-PandaReachDense-v3/data"}, {"rfilename": "a2c-PandaReachDense-v3/policy.optimizer.pth"}, {"rfilename": "a2c-PandaReachDense-v3/policy.pth"}, {"rfilename": "a2c-PandaReachDense-v3/pytorch_variables.pth"}, {"rfilename": "a2c-PandaReachDense-v3/system_info.txt"}, {"rfilename": "config.json"}, {"rfilename": "replay.mp4"}, {"rfilename": "results.json"}, {"rfilename": "vec_normalize.pkl"}], "spaces": [], "createdAt": "2024-06-28T07:42:24.000Z", "inferenceStatus": "not-loaded"}