{"_id": "667d2c07637ae489c86fcd8f", "id": "f171p/ppo-Huggy", "modelId": "f171p/ppo-Huggy", "author": "f171p", "sha": "cfd1fbbfe70f4d8ed97129099be94eb7fbe77148", "lastModified": "2024-06-27T09:08:36.000Z", "private": false, "disabled": false, "gated": false, "pipeline_tag": "reinforcement-learning", "tags": ["ml-agents", "tensorboard", "onnx", "Huggy", "deep-reinforcement-learning", "reinforcement-learning", "ML-Agents-Huggy", "region:us"], "downloads": 99, "library_name": "ml-agents", "likes": 0, "model-index": null, "config": {}, "cardData": {"library_name": "ml-agents", "tags": ["Huggy", "deep-reinforcement-learning", "reinforcement-learning", "ML-Agents-Huggy"]}, "siblings": [{"rfilename": ".gitattributes"}, {"rfilename": "Huggy.onnx"}, {"rfilename": "Huggy/Huggy-1979997.onnx"}, {"rfilename": "Huggy/Huggy-1979997.pt"}, {"rfilename": "Huggy/Huggy-1981981.onnx"}, {"rfilename": "Huggy/Huggy-1981981.pt"}, {"rfilename": "Huggy/Huggy-1983871.onnx"}, {"rfilename": "Huggy/Huggy-1983871.pt"}, {"rfilename": "Huggy/Huggy-1985870.onnx"}, {"rfilename": "Huggy/Huggy-1985870.pt"}, {"rfilename": "Huggy/Huggy-1987992.onnx"}, {"rfilename": "Huggy/Huggy-1987992.pt"}, {"rfilename": "Huggy/Huggy-1989598.onnx"}, {"rfilename": "Huggy/Huggy-1989598.pt"}, {"rfilename": "Huggy/Huggy-1991700.onnx"}, {"rfilename": "Huggy/Huggy-1991700.pt"}, {"rfilename": "Huggy/Huggy-1993877.onnx"}, {"rfilename": "Huggy/Huggy-1993877.pt"}, {"rfilename": "Huggy/Huggy-1995995.onnx"}, {"rfilename": "Huggy/Huggy-1995995.pt"}, {"rfilename": "Huggy/Huggy-1997504.onnx"}, {"rfilename": "Huggy/Huggy-1997504.pt"}, {"rfilename": "Huggy/Huggy-1999666.onnx"}, {"rfilename": "Huggy/Huggy-1999666.pt"}, {"rfilename": "Huggy/Huggy-2000416.onnx"}, {"rfilename": "Huggy/Huggy-2000416.pt"}, {"rfilename": "Huggy/checkpoint.pt"}, {"rfilename": "Huggy/events.out.tfevents.1719476354.7f3eaf28f39a.25966.0"}, {"rfilename": "README.md"}, {"rfilename": "config.json"}, {"rfilename": "configuration.yaml"}, {"rfilename": "run_logs/Player-0.log"}, {"rfilename": "run_logs/timers.json"}, {"rfilename": "run_logs/training_status.json"}], "spaces": [], "createdAt": "2024-06-27T09:08:23.000Z", "inferenceStatus": "not-loaded"}