{"_id": "667eab5213809624be5a43c9", "id": "f171p/ppo-SnowballTarget", "modelId": "f171p/ppo-SnowballTarget", "author": "f171p", "sha": "9844dfed244fdfe09efd6b766c1d8fd45735390b", "lastModified": "2024-06-28T12:23:50.000Z", "private": false, "disabled": false, "gated": false, "pipeline_tag": "reinforcement-learning", "tags": ["ml-agents", "tensorboard", "onnx", "SnowballTarget", "deep-reinforcement-learning", "reinforcement-learning", "ML-Agents-SnowballTarget", "region:us"], "downloads": 30, "library_name": "ml-agents", "likes": 0, "model-index": null, "config": {}, "cardData": {"library_name": "ml-agents", "tags": ["SnowballTarget", "deep-reinforcement-learning", "reinforcement-learning", "ML-Agents-SnowballTarget"]}, "siblings": [{"rfilename": ".gitattributes"}, {"rfilename": "README.md"}, {"rfilename": "SnowballTarget.onnx"}, {"rfilename": "SnowballTarget/SnowballTarget-29944.onnx"}, {"rfilename": "SnowballTarget/SnowballTarget-29944.pt"}, {"rfilename": "SnowballTarget/SnowballTarget-39984.onnx"}, {"rfilename": "SnowballTarget/SnowballTarget-39984.pt"}, {"rfilename": "SnowballTarget/SnowballTarget-49936.onnx"}, {"rfilename": "SnowballTarget/SnowballTarget-49936.pt"}, {"rfilename": "SnowballTarget/SnowballTarget-59976.onnx"}, {"rfilename": "SnowballTarget/SnowballTarget-59976.pt"}, {"rfilename": "SnowballTarget/SnowballTarget-69992.onnx"}, {"rfilename": "SnowballTarget/SnowballTarget-69992.pt"}, {"rfilename": "SnowballTarget/SnowballTarget-70312.onnx"}, {"rfilename": "SnowballTarget/SnowballTarget-70312.pt"}, {"rfilename": "SnowballTarget/checkpoint.pt"}, {"rfilename": "SnowballTarget/events.out.tfevents.1719577143.e04bc6d7b23a.1714.0"}, {"rfilename": "config.json"}, {"rfilename": "configuration.yaml"}, {"rfilename": "run_logs/Player-0.log"}, {"rfilename": "run_logs/timers.json"}, {"rfilename": "run_logs/training_status.json"}], "spaces": [], "createdAt": "2024-06-28T12:23:46.000Z", "inferenceStatus": "not-loaded"}