{"_id": "65cf83c6ad23a674049cc252", "id": "F1kr/image_classification", "modelId": "F1kr/image_classification", "author": "F1kr", "sha": "ff2d5753ede373913f2909232bea382455aca63f", "lastModified": "2024-02-28T00:02:54.000Z", "private": false, "disabled": false, "gated": false, "pipeline_tag": "image-classification", "tags": ["transformers", "tensorboard", "safetensors", "vit", "image-classification", "generated_from_trainer", "dataset:imagefolder", "base_model:google/vit-base-patch16-224-in21k", "license:apache-2.0", "model-index", "autotrain_compatible", "endpoints_compatible", "region:us"], "downloads": 0, "library_name": "transformers", "likes": 0, "model-index": [{"name": "image_classification", "results": [{"task": {"name": "Image Classification", "type": "image-classification"}, "dataset": {"name": "imagefolder", "type": "imagefolder", "config": "default", "split": "train", "args": "default"}, "metrics": [{"name": "Accuracy", "type": "accuracy", "value": 0.845, "verified": false}]}]}], "config": {"architectures": ["ViTForImageClassification"], "model_type": "vit"}, "cardData": {"license": "apache-2.0", "base_model": "google/vit-base-patch16-224-in21k", "tags": ["generated_from_trainer"], "datasets": ["imagefolder"], "metrics": ["accuracy"], "model-index": [{"name": "image_classification", "results": [{"task": {"name": "Image Classification", "type": "image-classification"}, "dataset": {"name": "imagefolder", "type": "imagefolder", "config": "default", "split": "train", "args": "default"}, "metrics": [{"name": "Accuracy", "type": "accuracy", "value": 0.845, "verified": false}]}]}]}, "transformersInfo": {"auto_model": "AutoModelForImageClassification", "pipeline_tag": "image-classification", "processor": "AutoImageProcessor"}, "siblings": [{"rfilename": ".gitattributes"}, {"rfilename": "README.md"}, {"rfilename": "config.json"}, {"rfilename": "model.safetensors"}, {"rfilename": "preprocessor_config.json"}, {"rfilename": "runs/Feb16_15-46-39_3cae41bb0ac2/events.out.tfevents.1708098543.3cae41bb0ac2.14549.0"}, {"rfilename": "runs/Feb16_15-52-19_3cae41bb0ac2/events.out.tfevents.1708098753.3cae41bb0ac2.14549.1"}, {"rfilename": "runs/Feb16_15-56-00_3cae41bb0ac2/events.out.tfevents.1708098975.3cae41bb0ac2.14549.2"}, {"rfilename": "runs/Feb16_15-56-00_3cae41bb0ac2/events.out.tfevents.1708099452.3cae41bb0ac2.14549.3"}, {"rfilename": "runs/Feb27_21-57-13_94874ed47b8e/events.out.tfevents.1709071033.94874ed47b8e.1777.0"}, {"rfilename": "runs/Feb27_22-03-34_94874ed47b8e/events.out.tfevents.1709071414.94874ed47b8e.1777.1"}, {"rfilename": "runs/Feb27_22-05-57_94874ed47b8e/events.out.tfevents.1709071558.94874ed47b8e.1777.2"}, {"rfilename": "training_args.bin"}], "spaces": [], "createdAt": "2024-02-16T15:48:22.000Z", "safetensors": {"parameters": {"F32": 85800963}, "total": 85800963}, "inferenceStatus": "not-loaded"}