{"_id": "64fa4540dc46569735472b05", "id": "f304/GatoGalactico", "modelId": "f304/GatoGalactico", "author": "f304", "sha": "fe864702d44adb4e2b52a980c2228cb92eea9b95", "lastModified": "2023-09-07T21:49:46.000Z", "private": false, "disabled": false, "gated": false, "tags": ["license:openrail", "region:us"], "downloads": 0, "likes": 0, "model-index": null, "cardData": {"license": "openrail"}, "siblings": [{"rfilename": ".gitattributes"}, {"rfilename": "README.md"}, {"rfilename": "Ronaldo.zip"}], "spaces": [], "createdAt": "2023-09-07T21:48:48.000Z", "inferenceStatus": "not-loaded"}