{"_id": "64ea82116b9db55517c23c15", "id": "f304/Dantewill", "modelId": "f304/Dantewill", "author": "f304", "sha": "7dd69d87a5ca335f523f09531508f17288821435", "lastModified": "2023-09-07T20:57:52.000Z", "private": false, "disabled": false, "gated": false, "tags": ["license:openrail", "region:us"], "downloads": 0, "likes": 0, "model-index": null, "cardData": {"license": "openrail"}, "siblings": [{"rfilename": ".gitattributes"}, {"rfilename": "Dantewill.zip"}, {"rfilename": "README.md"}, {"rfilename": "Ronaldo.zip"}], "spaces": [], "createdAt": "2023-08-26T22:52:01.000Z", "inferenceStatus": "not-loaded"}