{"_id": "64d7d44fa146b1c0a693eb6a", "id": "f304/Sasuke", "modelId": "f304/Sasuke", "author": "f304", "sha": "6f353ab61300f4905a920aaaf0c7a20200cc0f5b", "lastModified": "2023-08-12T18:52:59.000Z", "private": false, "disabled": false, "gated": false, "tags": ["license:openrail", "region:us"], "downloads": 0, "likes": 0, "model-index": null, "cardData": {"license": "openrail"}, "siblings": [{"rfilename": ".gitattributes"}, {"rfilename": "README.md"}, {"rfilename": "Sasuke Uchiha.zip"}], "spaces": [], "createdAt": "2023-08-12T18:49:51.000Z", "inferenceStatus": "not-loaded"}