{"_id": "662ece6c5ade870b60e3e9ee", "id": "F3nixh4ck/testchat", "modelId": "F3nixh4ck/testchat", "author": "F3nixh4ck", "sha": "7f90a4674d8287a1f3f997f54d5f230cf8c44bb7", "lastModified": "2024-04-28T23:54:25.000Z", "private": false, "disabled": false, "gated": false, "tags": ["arxiv:1910.09700", "region:us"], "downloads": 0, "likes": 0, "model-index": null, "cardData": {}, "siblings": [{"rfilename": ".gitattributes"}, {"rfilename": "README.md"}, {"rfilename": "main.py"}], "spaces": [], "createdAt": "2024-04-28T22:32:12.000Z", "inferenceStatus": "not-loaded"}