{"_id": "62e52a542f921b20aa905d6a", "id": "f3offjf/dodo", "modelId": "f3offjf/dodo", "author": "f3offjf", "sha": "6fbdc972e43ed36f993f9bdd64a5819f6becdebc", "lastModified": "2022-07-30T12:55:48.000Z", "private": false, "disabled": false, "gated": false, "tags": ["license:bsd", "region:us"], "downloads": 0, "likes": 0, "model-index": null, "cardData": {"license": "bsd"}, "siblings": [{"rfilename": ".gitattributes"}, {"rfilename": "README.md"}], "spaces": [], "createdAt": "2022-07-30T12:55:48.000Z", "inferenceStatus": "not-loaded"}