{"_id": "6469016997ffc33d43c9b81a", "id": "f3rry/hoshino_ai", "modelId": "f3rry/hoshino_ai", "author": "f3rry", "sha": "6c8de573f6e480d64e97e9c8992919e7b69299fe", "lastModified": "2023-05-21T04:14:49.000Z", "private": false, "disabled": false, "gated": false, "pipeline_tag": "text-to-image", "tags": ["paddlepaddle", "stable-diffusion", "stable-diffusion-ppdiffusers", "text-to-image", "ppdiffusers", "lora", "base_model:Linaqruf/anything-v3.0", "license:creativeml-openrail-m", "region:us"], "downloads": 0, "likes": 1, "model-index": null, "cardData": {"license": "creativeml-openrail-m", "base_model": "Linaqruf/anything-v3.0", "instance_prompt": "hoshino_ai, star_pupils, 1girl", "tags": ["stable-diffusion", "stable-diffusion-ppdiffusers", "text-to-image", "ppdiffusers", "lora"], "inference": false}, "siblings": [{"rfilename": ".gitattributes"}, {"rfilename": "README.md"}, {"rfilename": "paddle_lora_weights.pdparams"}, {"rfilename": "validation_images/1400.png"}, {"rfilename": "validation_images/1600.png"}, {"rfilename": "validation_images/1800.png"}, {"rfilename": "validation_images/2000.png"}], "spaces": [], "createdAt": "2023-05-20T17:20:41.000Z", "inferenceStatus": "not-loaded"}