{"_id": "666d7770cc1f54dfa9538f57", "id": "f4b1an/retrorpgcharacters", "modelId": "f4b1an/retrorpgcharacters", "author": "f4b1an", "sha": "8a212886851245a2eca20b0e57a66e276ae2cd0a", "lastModified": "2024-06-15T11:14:43.000Z", "private": false, "disabled": false, "gated": false, "tags": ["license:creativeml-openrail-m", "region:us"], "downloads": 0, "likes": 0, "model-index": null, "cardData": {"license": "creativeml-openrail-m"}, "siblings": [{"rfilename": ".gitattributes"}, {"rfilename": "README.md"}, {"rfilename": "rpgcharacters_embeddings.safetensors"}, {"rfilename": "rpgcharacters_lora.safetensors"}], "spaces": [], "createdAt": "2024-06-15T11:13:52.000Z", "inferenceStatus": "not-loaded"}