{"_id": "66718f59c28acacf367bfa12", "id": "f4b1an/1920sillustration", "modelId": "f4b1an/1920sillustration", "author": "f4b1an", "sha": "bb9401b3925855da671f6eb7bea9a8af001b7910", "lastModified": "2024-06-18T13:45:53.000Z", "private": false, "disabled": false, "gated": false, "tags": ["license:creativeml-openrail-m", "region:us"], "downloads": 0, "likes": 0, "model-index": null, "cardData": {"license": "creativeml-openrail-m"}, "siblings": [{"rfilename": ".gitattributes"}, {"rfilename": "1920sillustration_embeddings.safetensors"}, {"rfilename": "1920sillustration_lora.safetensors"}, {"rfilename": "README.md"}], "spaces": [], "createdAt": "2024-06-18T13:44:57.000Z", "inferenceStatus": "not-loaded"}