{"_id": "666d6cb2c0f3d5afc258cc8d", "id": "f4b1an/2006RPG", "modelId": "f4b1an/2006RPG", "author": "f4b1an", "sha": "2672e51c3c507fbdc72cae6ba5ec27f8a1b72f4e", "lastModified": "2024-06-15T10:29:05.000Z", "private": false, "disabled": false, "gated": false, "tags": ["license:creativeml-openrail-m", "region:us"], "downloads": 0, "likes": 0, "model-index": null, "cardData": {"license": "creativeml-openrail-m"}, "siblings": [{"rfilename": ".gitattributes"}, {"rfilename": "README.md"}, {"rfilename": "retrorpg_lora.safetensors"}], "spaces": [], "createdAt": "2024-06-15T10:28:02.000Z", "inferenceStatus": "not-loaded"}