{"_id": "666ad6af9a3e3ce05a77cced", "id": "f4b1an/tarot", "modelId": "f4b1an/tarot", "author": "f4b1an", "sha": "7a694db67478407aa0c33a3bd42ed688b8749e24", "lastModified": "2024-06-13T11:24:46.000Z", "private": false, "disabled": false, "gated": false, "tags": ["license:creativeml-openrail-m", "region:us"], "downloads": 0, "likes": 0, "model-index": null, "cardData": {"license": "creativeml-openrail-m"}, "siblings": [{"rfilename": ".gitattributes"}, {"rfilename": "README.md"}, {"rfilename": "tarot_embeddings.safetensors"}, {"rfilename": "tarot_lora.safetensors"}], "spaces": [], "createdAt": "2024-06-13T11:23:27.000Z", "inferenceStatus": "not-loaded"}