{"_id": "667695786a685a4ffbd38461", "id": "f4b1an/cctv", "modelId": "f4b1an/cctv", "author": "f4b1an", "sha": "ca275f87eb794576ec4a3c45136a24daa71884cc", "lastModified": "2024-06-22T09:13:14.000Z", "private": false, "disabled": false, "gated": false, "tags": ["license:creativeml-openrail-m", "region:us"], "downloads": 0, "likes": 0, "model-index": null, "cardData": {"license": "creativeml-openrail-m"}, "siblings": [{"rfilename": ".gitattributes"}, {"rfilename": "README.md"}, {"rfilename": "cctv_embeddings.safetensors"}, {"rfilename": "cctv_lora.safetensors"}], "spaces": [], "createdAt": "2024-06-22T09:12:24.000Z", "inferenceStatus": "not-loaded"}