{"_id": "667d7d9f0476ae5973458229", "id": "f4c/videomae-base-finetuned-ucf101-subset", "modelId": "f4c/videomae-base-finetuned-ucf101-subset", "author": "f4c", "sha": "b3e9ba7513c8ab1557b8c33fe3f3ce39668a4dac", "lastModified": "2024-06-27T15:10:02.000Z", "private": false, "disabled": false, "gated": false, "pipeline_tag": "video-classification", "tags": ["transformers", "tensorboard", "safetensors", "videomae", "video-classification", "endpoints_compatible", "region:us"], "downloads": 2, "library_name": "transformers", "likes": 0, "config": {"architectures": ["VideoMAEForVideoClassification"], "model_type": "videomae"}, "transformersInfo": {"auto_model": "AutoModelForVideoClassification", "pipeline_tag": "video-classification", "processor": "AutoImageProcessor"}, "siblings": [{"rfilename": ".gitattributes"}, {"rfilename": "config.json"}, {"rfilename": "model.safetensors"}, {"rfilename": "preprocessor_config.json"}, {"rfilename": "runs/Jun27_14-56-24_d6cba8ee9de1/events.out.tfevents.1719500196.d6cba8ee9de1.2899.0"}, {"rfilename": "training_args.bin"}], "spaces": [], "createdAt": "2024-06-27T14:56:31.000Z", "safetensors": {"parameters": {"F32": 86234890}, "total": 86234890}, "inferenceStatus": "not-loaded"}