{"_id": "645ee6405f8408a151015da3", "id": "f4cyw/runpod_data", "modelId": "f4cyw/runpod_data", "author": "f4cyw", "sha": "fc12a607472a9b08c75f85dd4ef79608cf01f99c", "lastModified": "2023-09-05T04:05:28.000Z", "private": false, "disabled": false, "gated": false, "tags": ["safetensors", "region:us"], "downloads": 0, "likes": 2, "siblings": [{"rfilename": ".gitattributes"}, {"rfilename": "3DMM_V12.safetensors"}, {"rfilename": "3d core model.safetensors"}, {"rfilename": "3d testing 11.safetensors"}, {"rfilename": "3d testing 3.safetensors"}, {"rfilename": "4x-UltraSharp.pth"}, {"rfilename": "A_real(6644).safetensors"}, {"rfilename": "Artemis-realistic_V7.safetensors"}, {"rfilename": "Artemis-realistic_V8.safetensors"}, {"rfilename": "Artemis-realistic_V9.safetensors"}, {"rfilename": "ArtemisXII-real_life-V2.0.safetensors"}, {"rfilename": "ArtemisXII-real_life-V2.13.safetensors"}, {"rfilename": "Bra6-2(beta).safetensors"}, {"rfilename": "BraV5Finaltest.safetensors"}, {"rfilename": "Brav6.safetensors"}, {"rfilename": "Chinese doll idol \u74dc\u5b50\u8138 oval face.safetensors"}, {"rfilename": "Crocody_Real.ckpt"}, {"rfilename": "Dream-H7-v1.0.safetensors"}, {"rfilename": "Dream-R9-v1.0.safetensors"}, {"rfilename": "EasyNegative.pt"}, {"rfilename": "EnglishDollLikeness_v10.safetensors"}, {"rfilename": "Failed model no.33.safetensors"}, {"rfilename": "FilmG2.safetensors"}, {"rfilename": "JapaneseDollLikeness_v15.safetensors"}, {"rfilename": "Mir-i_mix_realistic_v1.safetensors"}, {"rfilename": "MuMix_v04.safetensors"}, {"rfilename": "N_real.2.0(mirror).safetensors"}, {"rfilename": "NewZ0testmix.safetensors"}, {"rfilename": "QuickHandV2.safetensors"}, {"rfilename": "TPix_typeRE_v01.3.safetensors"}, {"rfilename": "TPix_typeRE_v1.x1.safetensors"}, {"rfilename": "TPix_typeUR_v0.2_fp16.safetensors"}, {"rfilename": "aZovyaPhotoreal_v2.safetensors"}, {"rfilename": "alphamix_8.safetensors"}, {"rfilename": "bad-artist-anime.pt"}, {"rfilename": "bad-artist.pt"}, {"rfilename": "bad-hands-5.pt"}, {"rfilename": "bad-image-v2-39000.pt"}, {"rfilename": "bad_prompt_version2.pt"}, {"rfilename": "bottom_view.safetensors"}, {"rfilename": "clothedbathing.safetensors"}, {"rfilename": "cuteGirlMix4_v10.safetensors"}, {"rfilename": "cutescrap05v_cutescrap3.safetensors"}, {"rfilename": "cyberrealistic_v32.safetensors"}, {"rfilename": "dalcefo_V21-photo-limelight.safetensors"}, {"rfilename": "dalcefo_photo-riceflower.safetensors"}, {"rfilename": "dalceforealisticv2.safetensors"}, {"rfilename": "dinacath.v1.safetensors"}, {"rfilename": "dinacath.v1_adapted0.5.noema.safetensors"}, {"rfilename": "dollyMixGirl_V2.safetensors"}, {"rfilename": "epiNoiseoffset_v2.safetensors"}, {"rfilename": "flat2.safetensors"}, {"rfilename": "h4e3x3n1dina.fp16.safetensors"}, {"rfilename": "hen04_03_xxmin_07.safetensors"}, {"rfilename": "henmixReal_v22_pruned.safetensors"}, {"rfilename": "henmixReal_v40.safetensors"}, {"rfilename": "hongkongdolllikeness_v15.safetensors"}, {"rfilename": "hraHyperrealismArt_v123.safetensors"}, {"rfilename": "ithlinni__v1.safetensors"}, {"rfilename": "japaneseDollLikeness_v10.safetensors"}, {"rfilename": "juggernaut_final.safetensors"}, {"rfilename": "korInstaGirl_v10.safetensors"}, {"rfilename": "kor_insta_girl_v12.safetensors"}, {"rfilename": "koreanDollLikeness_v15.safetensors"}, {"rfilename": "leezi3cb.safetensors"}, {"rfilename": "leezi80_v1.safetensors"}, {"rfilename": "leezi80_v10.safetensors"}, {"rfilename": "majicmixRealistic_v5.safetensors"}, {"rfilename": "majicmixRealistic_v6.safetensors"}, {"rfilename": "mix-001.safetensors"}, {"rfilename": "negative_hand-neg.pt"}, {"rfilename": "ng_deepnegative_v1_75t.pt"}, {"rfilename": "oversized_jacket01.safetensors"}, {"rfilename": "oversized_sweater.safetensors"}, {"rfilename": "pollamixFor2dTo3d_3dModelVer10.safetensors"}, {"rfilename": "pureerosface_v1.pt"}, {"rfilename": "realAlicemixV1_v10.safetensors"}, {"rfilename": "russianDollLikeness_v3.safetensors"}, {"rfilename": "sd-No.414sailor_serafuku-000008.safetensors"}, {"rfilename": "shirt_tug.safetensors"}, {"rfilename": "shirtliftALORAFor_shirtliftv1.safetensors"}, {"rfilename": "shojovibe_v11.safetensors"}, {"rfilename": "shv4t3(b2).safetensors"}, {"rfilename": "skirtliftTheAstonishing_skirtliftv1.safetensors"}, {"rfilename": "stewardessUniform_airasiaUniformSD15.safetensors"}, {"rfilename": "t3(b5).safetensors"}, {"rfilename": "t3(b7-C2).safetensors"}, {"rfilename": "t3(b7-b5).safetensors"}, {"rfilename": "t3(x3).safetensors"}, {"rfilename": "t3.safetensors"}, {"rfilename": "t6(xx3).safetensors"}, {"rfilename": "t6.safetensors"}, {"rfilename": "taiwanDollLikeness_v10.safetensors"}, {"rfilename": "test33.safetensors"}, {"rfilename": "test35.safetensors"}, {"rfilename": "test42.safetensors"}, {"rfilename": "ulzzang-6500-v1.1.bin"}, {"rfilename": "windyupskirt_v10.safetensors"}, {"rfilename": "xRica-v3.0.safetensors"}, {"rfilename": "xRicaMix_2.5D_EX5.1.safetensors"}, {"rfilename": "xRicaMix_3D_v1.safetensors"}, {"rfilename": "xRicaMix_v12.2.safetensors"}, {"rfilename": "xRicaMix_v4.2-fp16-no-ema.safetensors"}, {"rfilename": "xRicaMix_v6_Real.ckpt"}, {"rfilename": "xxmix9realistic_v30.safetensors"}], "spaces": [], "createdAt": "2023-05-13T01:22:08.000Z", "inferenceStatus": "not-loaded"}