{"_id": "64fdfb9927fb3a92e91a09a2", "id": "f4th4n/coba", "modelId": "f4th4n/coba", "author": "f4th4n", "sha": "512d6ad03c87bfec09d79c01364ea0c8fdd29d74", "lastModified": "2023-09-10T17:26:59.000Z", "private": false, "disabled": false, "gated": false, "tags": ["keras", "code", "en", "id", "dataset:fka/awesome-chatgpt-prompts", "license:apache-2.0", "region:us"], "downloads": 0, "library_name": "keras", "likes": 0, "model-index": null, "cardData": {"license": "apache-2.0", "datasets": ["fka/awesome-chatgpt-prompts"], "language": ["en", "id"], "library_name": "keras", "tags": ["code"]}, "siblings": [{"rfilename": ".gitattributes"}, {"rfilename": "README.md"}], "spaces": [], "createdAt": "2023-09-10T17:23:37.000Z", "inferenceStatus": "not-loaded"}