{"_id": "650dbb44a0c0243dfbec8317", "id": "f5-lolabhattu/fine_tune_falcon_7b_sharded_bf16_guanaco_data", "modelId": "f5-lolabhattu/fine_tune_falcon_7b_sharded_bf16_guanaco_data", "author": "f5-lolabhattu", "sha": "f78be95d10342cd65193e11e9c996563da98ce64", "lastModified": "2023-09-22T16:05:36.000Z", "private": false, "disabled": false, "gated": false, "tags": ["generated_from_trainer", "base_model:ybelkada/falcon-7b-sharded-bf16", "region:us"], "downloads": 0, "likes": 0, "model-index": [{"name": "fine_tune_falcon_7b_sharded_bf16_guanaco_data", "results": []}], "config": {"tokenizer_config": {"eos_token": "<|endoftext|>"}}, "cardData": {"base_model": "ybelkada/falcon-7b-sharded-bf16", "tags": ["generated_from_trainer"], "model-index": [{"name": "fine_tune_falcon_7b_sharded_bf16_guanaco_data", "results": []}]}, "siblings": [{"rfilename": ".gitattributes"}, {"rfilename": "README.md"}, {"rfilename": "adapter_config.json"}, {"rfilename": "adapter_model.bin"}, {"rfilename": "special_tokens_map.json"}, {"rfilename": "tokenizer.json"}, {"rfilename": "tokenizer_config.json"}, {"rfilename": "training_args.bin"}], "spaces": [], "createdAt": "2023-09-22T16:05:24.000Z", "inferenceStatus": "not-loaded"}