{"_id": "6616078a073baa79a6734a44", "id": "f541119578/ragdata", "modelId": "f541119578/ragdata", "author": "f541119578", "sha": "f682aa5820d651f2cb875a9b3f65fbd931b8df6e", "lastModified": "2024-04-10T03:29:26.000Z", "private": false, "disabled": false, "gated": false, "tags": ["region:us"], "downloads": 0, "likes": 0, "siblings": [{"rfilename": ".gitattributes"}, {"rfilename": "output_kiltalpaca_rag_7B_popqa_rag_test_rerank_selfrag_top0_0.json"}, {"rfilename": "output_kiltalpaca_rag_7B_popqa_rag_test_rerank_selfrag_top0_1.json"}, {"rfilename": "output_kiltalpaca_rag_7B_popqa_rag_test_rerank_selfrag_top0_2.json"}, {"rfilename": "output_kiltalpaca_rag_7B_popqa_rag_test_rerank_selfrag_top0_3.json"}, {"rfilename": "output_kiltalpaca_rag_7B_popqa_rag_test_rerank_selfrag_top0_4.json"}, {"rfilename": "output_kiltalpaca_rag_7B_popqa_rag_test_rerank_selfrag_top1_0.json"}, {"rfilename": "output_kiltalpaca_rag_7B_popqa_rag_test_rerank_selfrag_top1_1.json"}, {"rfilename": "output_kiltalpaca_rag_7B_popqa_rag_test_rerank_selfrag_top1_2.json"}, {"rfilename": "output_kiltalpaca_rag_7B_popqa_rag_test_rerank_selfrag_top1_3.json"}, {"rfilename": "output_kiltalpaca_rag_7B_popqa_rag_test_rerank_selfrag_top1_4.json"}, {"rfilename": "output_kiltalpaca_rag_7B_popqa_rag_test_rerank_selfrag_top2_0.json"}, {"rfilename": "output_kiltalpaca_rag_7B_popqa_rag_test_rerank_selfrag_top2_1.json"}, {"rfilename": "output_kiltalpaca_rag_7B_popqa_rag_test_rerank_selfrag_top2_2.json"}, {"rfilename": "output_kiltalpaca_rag_7B_popqa_rag_test_rerank_selfrag_top2_3.json"}, {"rfilename": "output_kiltalpaca_rag_7B_popqa_rag_test_rerank_selfrag_top2_4.json"}, {"rfilename": "output_kiltalpaca_rag_7B_popqa_rag_test_rerank_selfrag_top3_0.json"}, {"rfilename": "output_kiltalpaca_rag_7B_popqa_rag_test_rerank_selfrag_top3_1.json"}, {"rfilename": "output_kiltalpaca_rag_7B_popqa_rag_test_rerank_selfrag_top3_2.json"}, {"rfilename": "output_kiltalpaca_rag_7B_popqa_rag_test_rerank_selfrag_top3_3.json"}, {"rfilename": "output_kiltalpaca_rag_7B_popqa_rag_test_rerank_selfrag_top3_4.json"}, {"rfilename": "output_kiltalpaca_rag_7B_popqa_rag_test_rerank_selfrag_top4_0.json"}, {"rfilename": "output_kiltalpaca_rag_7B_popqa_rag_test_rerank_selfrag_top4_1.json"}, {"rfilename": "output_kiltalpaca_rag_7B_popqa_rag_test_rerank_selfrag_top4_2.json"}, {"rfilename": "output_kiltalpaca_rag_7B_popqa_rag_test_rerank_selfrag_top4_3.json"}, {"rfilename": "output_kiltalpaca_rag_7B_popqa_rag_test_rerank_selfrag_top4_4.json"}, {"rfilename": "output_kiltalpaca_rag_7B_popqa_rag_test_rerank_selfrag_top5_0.json"}, {"rfilename": "output_kiltalpaca_rag_7B_popqa_rag_test_rerank_selfrag_top5_1.json"}, {"rfilename": "output_kiltalpaca_rag_7B_popqa_rag_test_rerank_selfrag_top5_2.json"}, {"rfilename": "output_kiltalpaca_rag_7B_popqa_rag_test_rerank_selfrag_top5_3.json"}, {"rfilename": "output_kiltalpaca_rag_7B_popqa_rag_test_rerank_selfrag_top5_4.json"}, {"rfilename": "output_kiltalpaca_rag_7B_popqa_reranked_by_bge-reranker-v2-m3_top1_4.json"}, {"rfilename": "output_kiltalpaca_rag_7B_popqa_reranked_by_bge-reranker-v2-m3_top2_4.json"}, {"rfilename": "output_kiltalpaca_rag_7B_popqa_reranked_by_bge-reranker-v2-m3_top3_4.json"}, {"rfilename": "output_kiltalpaca_rag_7B_popqa_reranked_by_bge-reranker-v2-m3_top4_4.json"}, {"rfilename": "output_kiltalpaca_rag_7B_popqa_whether_relevant_always_one_2.json"}, {"rfilename": "output_kiltalpaca_rag_7B_popqa_whether_relevant_random_2.json"}, {"rfilename": "output_popqa_onlyg_test_1.json"}], "spaces": [], "createdAt": "2024-04-10T03:29:14.000Z", "inferenceStatus": "not-loaded"}