{"_id": "65f2bc7f33725f138b28e371", "id": "f64k/service_zip", "modelId": "f64k/service_zip", "author": "f64k", "sha": "84ff38e4d455a48f95713398c26818f47ccce8ee", "lastModified": "2024-04-04T10:16:48.000Z", "private": false, "disabled": false, "gated": false, "tags": ["region:us"], "downloads": 0, "likes": 0, "siblings": [{"rfilename": ".gitattributes"}, {"rfilename": "Sqlite3_Databases_NoPredicts.zip"}, {"rfilename": "f2.json"}, {"rfilename": "flaskRest_01011_LCN_01.zip"}, {"rfilename": "pdSeries_words_10029_173.pkl.zip"}], "spaces": [], "createdAt": "2024-03-14T08:59:43.000Z", "inferenceStatus": "not-loaded"}