{"_id": "648f7e0f07499dd764962d27", "id": "f76523674/dsk_vicuna_finetuned_7b_1_3_v5", "modelId": "f76523674/dsk_vicuna_finetuned_7b_1_3_v5", "author": "f76523674", "sha": "9684d9ccb850941ea302073e51b9e31fa9a45e1e", "lastModified": "2023-06-18T21:58:55.000Z", "private": false, "disabled": false, "gated": false, "tags": ["peft", "region:us"], "downloads": 0, "library_name": "peft", "likes": 0, "model-index": null, "config": {"peft": {"base_model_name_or_path": "lmsys/vicuna-7b-v1.3", "task_type": "CAUSAL_LM"}}, "cardData": {"library_name": "peft"}, "siblings": [{"rfilename": ".gitattributes"}, {"rfilename": "README.md"}, {"rfilename": "adapter_config.json"}, {"rfilename": "adapter_model.bin"}], "spaces": [], "createdAt": "2023-06-18T21:58:39.000Z", "inferenceStatus": "not-loaded"}