{"_id": "648ebead3777cef16569d260", "id": "f76523674/dsk_vicuna_finetuned_7b_1_1_full", "modelId": "f76523674/dsk_vicuna_finetuned_7b_1_1_full", "author": "f76523674", "sha": "3594a0508df9ff911fd72e5eb9d3e2a35149b199", "lastModified": "2023-06-18T08:22:05.000Z", "private": false, "disabled": false, "gated": false, "tags": ["region:us"], "downloads": 0, "likes": 0, "siblings": [{"rfilename": ".gitattributes"}], "spaces": [], "createdAt": "2023-06-18T08:22:05.000Z", "inferenceStatus": "not-loaded"}