{"_id": "648b92759673b00f23719c4a", "id": "f76523674/first_vicuna_finetuned_13b_1_1_dsk_v2", "modelId": "f76523674/first_vicuna_finetuned_13b_1_1_dsk_v2", "author": "f76523674", "sha": "05ace4a3bc2e0e10a6bb6ff1f794dd82317d46c5", "lastModified": "2023-06-15T22:36:46.000Z", "private": false, "disabled": false, "gated": false, "tags": ["region:us"], "downloads": 0, "likes": 0, "siblings": [{"rfilename": ".gitattributes"}, {"rfilename": "adapter_config.json"}, {"rfilename": "adapter_model.bin"}], "spaces": [], "createdAt": "2023-06-15T22:36:37.000Z", "inferenceStatus": "not-loaded"}