{"_id": "648d915ac20f218a8cacf60a", "id": "f76523674/dsk_13b_1_1_vicuna_finetuned", "modelId": "f76523674/dsk_13b_1_1_vicuna_finetuned", "author": "f76523674", "sha": "24df568035f4ca4107b238fd0d14a9df6701547a", "lastModified": "2023-06-17T10:56:48.000Z", "private": false, "disabled": false, "gated": false, "tags": ["region:us"], "downloads": 0, "likes": 0, "siblings": [{"rfilename": ".gitattributes"}, {"rfilename": "adapter_config.json"}, {"rfilename": "adapter_model.bin"}], "spaces": [], "createdAt": "2023-06-17T10:56:26.000Z", "inferenceStatus": "not-loaded"}