{"_id": "648c1ef2a7eccd77fe3468c4", "id": "f76523674/dsk_wizard_7b_finetuned", "modelId": "f76523674/dsk_wizard_7b_finetuned", "author": "f76523674", "sha": "2f7bb376065a6503a70bccb7f4d330fe39eee892", "lastModified": "2023-06-16T10:10:46.000Z", "private": false, "disabled": false, "gated": false, "tags": ["region:us"], "downloads": 0, "likes": 0, "siblings": [{"rfilename": ".gitattributes"}, {"rfilename": "adapter_config.json"}, {"rfilename": "adapter_model.bin"}], "spaces": [], "createdAt": "2023-06-16T08:36:02.000Z", "inferenceStatus": "not-loaded"}