{"_id": "648de0b6910f0745acf8e53a", "id": "f76523674/dsk_vicuna_finetuned_7b_1_1_v4", "modelId": "f76523674/dsk_vicuna_finetuned_7b_1_1_v4", "author": "f76523674", "sha": "b78a6c51ef77404e2d0cafb76393e5707837796d", "lastModified": "2023-06-17T16:35:35.000Z", "private": false, "disabled": false, "gated": false, "tags": ["region:us"], "downloads": 0, "likes": 0, "siblings": [{"rfilename": ".gitattributes"}, {"rfilename": "adapter_config.json"}, {"rfilename": "adapter_model.bin"}], "spaces": [], "createdAt": "2023-06-17T16:35:02.000Z", "inferenceStatus": "not-loaded"}