{"_id": "648b42a5c3dc680e83a5d68c", "id": "f76523674/first_vicuna_finetuned_13b_1_1_dsk_full", "modelId": "f76523674/first_vicuna_finetuned_13b_1_1_dsk_full", "author": "f76523674", "sha": "1a554a337b711b8d59bdcee78176e1f65b7180b8", "lastModified": "2023-06-15T22:05:36.000Z", "private": false, "disabled": false, "gated": false, "pipeline_tag": "text-generation", "tags": ["transformers", "pytorch", "llama", "text-generation", "autotrain_compatible", "text-generation-inference", "endpoints_compatible", "region:us"], "downloads": 2, "library_name": "transformers", "widgetData": [{"text": "My name is Julien and I like to"}, {"text": "My name is Thomas and my main"}, {"text": "My name is Mariama, my favorite"}, {"text": "My name is Clara and I am"}, {"text": "My name is Lewis and I like to"}, {"text": "My name is Merve and my favorite"}, {"text": "My name is Teven and I am"}, {"text": "Once upon a time,"}], "likes": 0, "config": {"architectures": ["LlamaForCausalLM"], "model_type": "llama"}, "transformersInfo": {"auto_model": "AutoModelForCausalLM", "pipeline_tag": "text-generation", "processor": "AutoTokenizer"}, "siblings": [{"rfilename": ".gitattributes"}, {"rfilename": "config.json"}, {"rfilename": "generation_config.json"}, {"rfilename": "pytorch_model-00001-of-00002.bin"}, {"rfilename": "pytorch_model-00002-of-00002.bin"}, {"rfilename": "pytorch_model.bin.index.json"}], "spaces": [], "createdAt": "2023-06-15T16:56:05.000Z", "inferenceStatus": "not-loaded"}