{"_id": "64879c8111fd13d269294765", "id": "f76523674/first_vicuna_finetuned_7b_1_1_dsk_full", "modelId": "f76523674/first_vicuna_finetuned_7b_1_1_dsk_full", "author": "f76523674", "sha": "470f33fcb5cdf54532ee951c8584206855543dcc", "lastModified": "2023-06-12T22:30:25.000Z", "private": false, "disabled": false, "gated": false, "tags": ["region:us"], "downloads": 0, "likes": 0, "siblings": [{"rfilename": ".gitattributes"}], "spaces": [], "createdAt": "2023-06-12T22:30:25.000Z", "inferenceStatus": "not-loaded"}