{"_id": "648c79ee11ee31147d65d566", "id": "f76523674/dsk_vicuna_eac_13b_1_1_finetuned", "modelId": "f76523674/dsk_vicuna_eac_13b_1_1_finetuned", "author": "f76523674", "sha": "9b9aa6708133de7aa8c610396d73e6329bd11680", "lastModified": "2023-06-16T15:04:27.000Z", "private": false, "disabled": false, "gated": false, "tags": ["region:us"], "downloads": 0, "likes": 0, "siblings": [{"rfilename": ".gitattributes"}, {"rfilename": "adapter_config.json"}, {"rfilename": "adapter_model.bin"}], "spaces": [], "createdAt": "2023-06-16T15:04:14.000Z", "inferenceStatus": "not-loaded"}