{"_id": "66236b45f7f625d55b34890d", "id": "f77777/wav2vec2-large-xls-r-300m-firdous-malay-colab", "modelId": "f77777/wav2vec2-large-xls-r-300m-firdous-malay-colab", "author": "f77777", "sha": "f933847b2b6522b66585976aa735df11d156c402", "lastModified": "2024-04-20T07:59:55.000Z", "private": false, "disabled": false, "gated": false, "pipeline_tag": "automatic-speech-recognition", "tags": ["transformers", "tensorboard", "safetensors", "wav2vec2", "automatic-speech-recognition", "generated_from_trainer", "dataset:common_voice_13_0", "base_model:facebook/wav2vec2-large-xlsr-53", "license:apache-2.0", "endpoints_compatible", "region:us"], "downloads": 8, "library_name": "transformers", "likes": 0, "model-index": [{"name": "wav2vec2-large-xls-r-300m-firdous-malay-colab", "results": []}], "config": {"architectures": ["Wav2Vec2ForCTC"], "model_type": "wav2vec2", "tokenizer_config": {"bos_token": "<s>", "eos_token": "</s>", "pad_token": "[PAD]", "unk_token": "[UNK]"}}, "cardData": {"license": "apache-2.0", "base_model": "facebook/wav2vec2-large-xlsr-53", "tags": ["generated_from_trainer"], "datasets": ["common_voice_13_0"], "model-index": [{"name": "wav2vec2-large-xls-r-300m-firdous-malay-colab", "results": []}]}, "transformersInfo": {"auto_model": "AutoModelForCTC", "pipeline_tag": "automatic-speech-recognition", "processor": "AutoProcessor"}, "siblings": [{"rfilename": ".gitattributes"}, {"rfilename": "README.md"}, {"rfilename": "added_tokens.json"}, {"rfilename": "config.json"}, {"rfilename": "model.safetensors"}, {"rfilename": "preprocessor_config.json"}, {"rfilename": "runs/Apr20_07-20-41_d3ab8b0f2ff5/events.out.tfevents.1713597660.d3ab8b0f2ff5.2997.0"}, {"rfilename": "special_tokens_map.json"}, {"rfilename": "tokenizer_config.json"}, {"rfilename": "training_args.bin"}, {"rfilename": "vocab.json"}], "spaces": [], "createdAt": "2024-04-20T07:14:13.000Z", "safetensors": {"parameters": {"F32": 315513545}, "total": 315513545}, "inferenceStatus": "not-loaded"}