{"_id": "65fa742afb92ec63e536fd6a", "id": "f77777/wav2vec2-large-xls-r-300m-tur-firdous-colab", "modelId": "f77777/wav2vec2-large-xls-r-300m-tur-firdous-colab", "author": "f77777", "sha": "8b8be3ebc382d76ad412c8eb376a210bff5e57c5", "lastModified": "2024-04-19T06:59:56.000Z", "private": false, "disabled": false, "gated": false, "pipeline_tag": "automatic-speech-recognition", "tags": ["transformers", "safetensors", "wav2vec2", "automatic-speech-recognition", "generated_from_trainer", "base_model:facebook/wav2vec2-xls-r-300m", "license:apache-2.0", "endpoints_compatible", "region:us"], "downloads": 0, "library_name": "transformers", "likes": 0, "model-index": [{"name": "wav2vec2-large-xls-r-300m-tur-firdous-colab", "results": []}], "config": {"architectures": ["Wav2Vec2ForCTC"], "model_type": "wav2vec2", "tokenizer_config": {"bos_token": "<s>", "eos_token": "</s>", "pad_token": "[PAD]", "unk_token": "[UNK]"}}, "cardData": {"license": "apache-2.0", "base_model": "facebook/wav2vec2-xls-r-300m", "tags": ["generated_from_trainer"], "model-index": [{"name": "wav2vec2-large-xls-r-300m-tur-firdous-colab", "results": []}]}, "transformersInfo": {"auto_model": "AutoModelForCTC", "pipeline_tag": "automatic-speech-recognition", "processor": "AutoProcessor"}, "siblings": [{"rfilename": ".gitattributes"}, {"rfilename": "README.md"}, {"rfilename": "added_tokens.json"}, {"rfilename": "config.json"}, {"rfilename": "model.safetensors"}, {"rfilename": "preprocessor_config.json"}, {"rfilename": "special_tokens_map.json"}, {"rfilename": "tokenizer_config.json"}, {"rfilename": "training_args.bin"}, {"rfilename": "vocab.json"}], "spaces": [], "createdAt": "2024-03-20T05:29:14.000Z", "safetensors": {"parameters": {"F32": 315444870}, "total": 315444870}, "inferenceStatus": "not-loaded"}