{"_id": "64d8bf34badf1110f7e49a1f", "id": "faaiq/automated_text_summarization", "modelId": "faaiq/automated_text_summarization", "author": "faaiq", "sha": "2a6142765ee7dc54979438c3606556d8df9df77a", "lastModified": "2023-08-13T11:32:38.000Z", "private": false, "disabled": false, "gated": false, "tags": ["region:us"], "downloads": 0, "likes": 0, "siblings": [{"rfilename": ".gitattributes"}, {"rfilename": "app.py"}, {"rfilename": "templates/index.html"}], "spaces": [], "createdAt": "2023-08-13T11:32:04.000Z", "inferenceStatus": "not-loaded"}