{"_id": "6410c1204792d950fb060a9b", "id": "faalbane/kopper-kreations-custom-sd-v-2-1-model-object-copper-heart", "modelId": "faalbane/kopper-kreations-custom-sd-v-2-1-model-object-copper-heart", "author": "faalbane", "sha": "ae893c06ce59f1f61f3ec4d5a93e4f649fb69406", "lastModified": "2023-03-14T18:48:04.000Z", "private": false, "disabled": false, "gated": false, "pipeline_tag": "text-to-image", "tags": ["diffusers", "tensorboard", "text-to-image", "license:creativeml-openrail-m", "autotrain_compatible", "endpoints_compatible", "diffusers:StableDiffusionPipeline", "region:us"], "downloads": 14, "library_name": "diffusers", "widgetData": [{"text": "kkcopperheart"}], "likes": 0, "model-index": null, "config": {"diffusers": {"_class_name": "StableDiffusionPipeline"}}, "cardData": {"license": "creativeml-openrail-m", "tags": ["text-to-image"], "widget": [{"text": "kkcopperheart"}]}, "siblings": [{"rfilename": ".gitattributes"}, {"rfilename": "README.md"}, {"rfilename": "concept_images/kkcopperheart_(1).jpg"}, {"rfilename": "concept_images/kkcopperheart_(2).jpg"}, {"rfilename": "concept_images/kkcopperheart_(3).jpg"}, {"rfilename": "concept_images/kkcopperheart_(4).jpg"}, {"rfilename": "concept_images/kkcopperheart_(5).jpg"}, {"rfilename": "concept_images/kkcopperheart_(6).jpg"}, {"rfilename": "feature_extractor/preprocessor_config.json"}, {"rfilename": "logs/dreambooth/1678819145.2437778/events.out.tfevents.1678819145.s-faalbane-dreambooth-training2-6b55e-7dbc769f8b-dg5s2.1.1"}, {"rfilename": "logs/dreambooth/events.out.tfevents.1678819145.s-faalbane-dreambooth-training2-6b55e-7dbc769f8b-dg5s2.1.0"}, {"rfilename": "model.ckpt"}, {"rfilename": "model_index.json"}, {"rfilename": "scheduler/scheduler_config.json"}, {"rfilename": "text_encoder/config.json"}, {"rfilename": "text_encoder/pytorch_model.bin"}, {"rfilename": "token_identifier.txt"}, {"rfilename": "tokenizer/merges.txt"}, {"rfilename": "tokenizer/special_tokens_map.json"}, {"rfilename": "tokenizer/tokenizer_config.json"}, {"rfilename": "tokenizer/vocab.json"}, {"rfilename": "unet/config.json"}, {"rfilename": "unet/diffusion_pytorch_model.bin"}, {"rfilename": "vae/config.json"}, {"rfilename": "vae/diffusion_pytorch_model.bin"}], "spaces": ["faalbane/kopper-kreations-custom-sd-v-2-1-model-object-copper-heart", "Rivaldo/model-object"], "createdAt": "2023-03-14T18:46:56.000Z", "inferenceStatus": "not-loaded"}