{"_id": "640c9fc1b34b3bd491350d1c", "id": "faalbane/kopper-kreations-custom-stable-diffusion-style-v-1-5-21-photos-vv-1", "modelId": "faalbane/kopper-kreations-custom-stable-diffusion-style-v-1-5-21-photos-vv-1", "author": "faalbane", "sha": "75f7f905874579ce7ed95adb051f43086ade24be", "lastModified": "2023-03-11T15:36:27.000Z", "private": false, "disabled": false, "gated": false, "pipeline_tag": "text-to-image", "tags": ["diffusers", "tensorboard", "text-to-image", "license:creativeml-openrail-m", "autotrain_compatible", "endpoints_compatible", "diffusers:StableDiffusionPipeline", "region:us"], "downloads": 17, "library_name": "diffusers", "widgetData": [{"text": "kk"}], "likes": 0, "model-index": null, "config": {"diffusers": {"_class_name": "StableDiffusionPipeline"}}, "cardData": {"license": "creativeml-openrail-m", "tags": ["text-to-image"], "widget": [{"text": "kk"}]}, "siblings": [{"rfilename": ".gitattributes"}, {"rfilename": "README.md"}, {"rfilename": "concept_images/kk_v1.5_512_1_(1).jpg"}, {"rfilename": "concept_images/kk_v1.5_512_1_(10).jpg"}, {"rfilename": "concept_images/kk_v1.5_512_1_(11).jpg"}, {"rfilename": "concept_images/kk_v1.5_512_1_(12).jpg"}, {"rfilename": "concept_images/kk_v1.5_512_1_(13).jpg"}, {"rfilename": "concept_images/kk_v1.5_512_1_(14).jpg"}, {"rfilename": "concept_images/kk_v1.5_512_1_(15).jpg"}, {"rfilename": "concept_images/kk_v1.5_512_1_(16).jpg"}, {"rfilename": "concept_images/kk_v1.5_512_1_(17).jpg"}, {"rfilename": "concept_images/kk_v1.5_512_1_(18).jpg"}, {"rfilename": "concept_images/kk_v1.5_512_1_(19).jpg"}, {"rfilename": "concept_images/kk_v1.5_512_1_(2).jpg"}, {"rfilename": "concept_images/kk_v1.5_512_1_(20).jpg"}, {"rfilename": "concept_images/kk_v1.5_512_1_(21).jpg"}, {"rfilename": "concept_images/kk_v1.5_512_1_(3).jpg"}, {"rfilename": "concept_images/kk_v1.5_512_1_(4).jpg"}, {"rfilename": "concept_images/kk_v1.5_512_1_(5).jpg"}, {"rfilename": "concept_images/kk_v1.5_512_1_(6).jpg"}, {"rfilename": "concept_images/kk_v1.5_512_1_(7).jpg"}, {"rfilename": "concept_images/kk_v1.5_512_1_(8).jpg"}, {"rfilename": "concept_images/kk_v1.5_512_1_(9).jpg"}, {"rfilename": "feature_extractor/preprocessor_config.json"}, {"rfilename": "logs/dreambooth/1678547535.7085903/events.out.tfevents.1678547535.s-faalbane-dreambooth-training-f961f-747954d7c4-ztsz2.1.1"}, {"rfilename": "logs/dreambooth/events.out.tfevents.1678547535.s-faalbane-dreambooth-training-f961f-747954d7c4-ztsz2.1.0"}, {"rfilename": "model.ckpt"}, {"rfilename": "model_index.json"}, {"rfilename": "safety_checker/config.json"}, {"rfilename": "safety_checker/pytorch_model.bin"}, {"rfilename": "scheduler/scheduler_config.json"}, {"rfilename": "text_encoder/config.json"}, {"rfilename": "text_encoder/pytorch_model.bin"}, {"rfilename": "token_identifier.txt"}, {"rfilename": "tokenizer/merges.txt"}, {"rfilename": "tokenizer/special_tokens_map.json"}, {"rfilename": "tokenizer/tokenizer_config.json"}, {"rfilename": "tokenizer/vocab.json"}, {"rfilename": "unet/config.json"}, {"rfilename": "unet/diffusion_pytorch_model.bin"}, {"rfilename": "vae/config.json"}, {"rfilename": "vae/diffusion_pytorch_model.bin"}], "spaces": [], "createdAt": "2023-03-11T15:35:29.000Z", "inferenceStatus": "not-loaded"}