{"_id": "640f8a4109c94e1d9bcc85e4", "id": "fab-an/my_lang-model", "modelId": "fab-an/my_lang-model", "author": "fab-an", "sha": "6e93a2b1226e0fc194836ba8ace22d0cfc7313e8", "lastModified": "2023-03-16T21:11:02.000Z", "private": false, "disabled": false, "gated": false, "pipeline_tag": "text-generation", "tags": ["transformers", "tf", "gpt2", "text-generation", "generated_from_keras_callback", "autotrain_compatible", "text-generation-inference", "endpoints_compatible", "region:us"], "downloads": 6, "library_name": "transformers", "widgetData": [{"text": "My name is Julien and I like to"}, {"text": "My name is Thomas and my main"}, {"text": "My name is Mariama, my favorite"}, {"text": "My name is Clara and I am"}, {"text": "My name is Lewis and I like to"}, {"text": "My name is Merve and my favorite"}, {"text": "My name is Teven and I am"}, {"text": "Once upon a time,"}], "likes": 0, "model-index": [{"name": "fab-an/my_lang-model", "results": []}], "config": {"architectures": ["GPT2LMHeadModel"], "model_type": "gpt2", "tokenizer_config": {"bos_token": "<|endoftext|>", "eos_token": "<|endoftext|>", "unk_token": "<|endoftext|>"}}, "cardData": {"tags": ["generated_from_keras_callback"], "model-index": [{"name": "fab-an/my_lang-model", "results": []}]}, "transformersInfo": {"auto_model": "AutoModelForCausalLM", "pipeline_tag": "text-generation", "processor": "AutoTokenizer"}, "siblings": [{"rfilename": ".gitattributes"}, {"rfilename": "README.md"}, {"rfilename": "added_tokens.json"}, {"rfilename": "config.json"}, {"rfilename": "generation_config.json"}, {"rfilename": "merges.txt"}, {"rfilename": "special_tokens_map.json"}, {"rfilename": "tf_model.h5"}, {"rfilename": "tokenizer.json"}, {"rfilename": "tokenizer_config.json"}, {"rfilename": "vocab.json"}], "spaces": [], "createdAt": "2023-03-13T20:40:33.000Z", "inferenceStatus": "not-loaded"}