{"_id": "654d234a67555cb9e6b9b0e0", "id": "fabecode/falcon-7b-movie-sentiments-4", "modelId": "fabecode/falcon-7b-movie-sentiments-4", "author": "fabecode", "sha": "87c69f777e99f94b94d50fa5d29123ae979e2a0e", "lastModified": "2023-11-09T18:22:06.000Z", "private": false, "disabled": false, "gated": false, "tags": ["region:us"], "downloads": 0, "likes": 0, "siblings": [{"rfilename": ".gitattributes"}, {"rfilename": "adapter_config.json"}, {"rfilename": "adapter_model.bin"}], "spaces": [], "createdAt": "2023-11-09T18:22:02.000Z", "inferenceStatus": "not-loaded"}