{"_id": "654a73b67f679f0f6989a594", "id": "fabecode/falcon-7b-movie-sentiments", "modelId": "fabecode/falcon-7b-movie-sentiments", "author": "fabecode", "sha": "137e4f9601caa30eaadad0319220b8d8bc34f535", "lastModified": "2023-11-07T17:28:25.000Z", "private": false, "disabled": false, "gated": false, "tags": ["region:us"], "downloads": 0, "likes": 0, "siblings": [{"rfilename": ".gitattributes"}, {"rfilename": "adapter_config.json"}, {"rfilename": "adapter_model.bin"}], "spaces": [], "createdAt": "2023-11-07T17:28:22.000Z", "inferenceStatus": "not-loaded"}