{"_id": "65bc3279e8cb17d2531a0229", "id": "fabelix/5CRqyPaUMrXLDJdoFYWcVHn7FjwNr9cQf4hxqLgTZMvVnhwB_cnn", "modelId": "fabelix/5CRqyPaUMrXLDJdoFYWcVHn7FjwNr9cQf4hxqLgTZMvVnhwB_cnn", "author": "fabelix", "sha": "ecbb1415ac1370cfa5093d65c662eee2f5d1da12", "lastModified": "2024-02-02T21:57:42.000Z", "private": false, "disabled": false, "gated": false, "tags": ["tf-keras", "region:us"], "downloads": 56, "library_name": "tf-keras", "likes": 0, "siblings": [{"rfilename": ".gitattributes"}, {"rfilename": "fingerprint.pb"}, {"rfilename": "keras_metadata.pb"}, {"rfilename": "saved_model.pb"}, {"rfilename": "variables/variables.data-00000-of-00001"}, {"rfilename": "variables/variables.index"}], "spaces": [], "createdAt": "2024-02-02T00:08:25.000Z", "inferenceStatus": "not-loaded"}