{"_id": "654cf62021cb79423937974e", "id": "fabecode/falcon-7b-movie-sentiments-2", "modelId": "fabecode/falcon-7b-movie-sentiments-2", "author": "fabecode", "sha": "e4bc228b4d40b2f9168fdd8db8a91f8eae547b2d", "lastModified": "2023-11-09T15:09:22.000Z", "private": false, "disabled": false, "gated": false, "tags": ["region:us"], "downloads": 0, "likes": 0, "siblings": [{"rfilename": ".gitattributes"}, {"rfilename": "adapter_config.json"}, {"rfilename": "adapter_model.bin"}], "spaces": [], "createdAt": "2023-11-09T15:09:20.000Z", "inferenceStatus": "not-loaded"}