{"_id": "62e661dfb28d22e49ab7e078", "id": "fabf21/finetuning-sentiment-model-3000-samples", "modelId": "fabf21/finetuning-sentiment-model-3000-samples", "author": "fabf21", "sha": "55d5d52a86bcaf7db8f11d71ae9345138c4988ab", "lastModified": "2022-07-31T11:16:46.000Z", "private": false, "disabled": false, "gated": false, "pipeline_tag": "text-classification", "tags": ["transformers", "pytorch", "tensorboard", "distilbert", "text-classification", "generated_from_trainer", "dataset:imdb", "license:apache-2.0", "autotrain_compatible", "endpoints_compatible", "region:us"], "downloads": 4, "library_name": "transformers", "mask_token": "[MASK]", "widgetData": [{"text": "I like you. I love you"}], "likes": 0, "model-index": [{"name": "finetuning-sentiment-model-3000-samples", "results": []}], "config": {"architectures": ["DistilBertForSequenceClassification"], "model_type": "distilbert", "tokenizer_config": {"cls_token": "[CLS]", "mask_token": "[MASK]", "pad_token": "[PAD]", "sep_token": "[SEP]", "unk_token": "[UNK]"}}, "cardData": {"license": "apache-2.0", "tags": ["generated_from_trainer"], "datasets": ["imdb"], "model-index": [{"name": "finetuning-sentiment-model-3000-samples", "results": []}]}, "transformersInfo": {"auto_model": "AutoModelForSequenceClassification", "pipeline_tag": "text-classification", "processor": "AutoTokenizer"}, "siblings": [{"rfilename": ".gitattributes"}, {"rfilename": ".gitignore"}, {"rfilename": "README.md"}, {"rfilename": "config.json"}, {"rfilename": "pytorch_model.bin"}, {"rfilename": "runs/Jul31_11-04-49_795df038a55c/1659265519.873153/events.out.tfevents.1659265519.795df038a55c.72.1"}, {"rfilename": "runs/Jul31_11-04-49_795df038a55c/events.out.tfevents.1659265519.795df038a55c.72.0"}, {"rfilename": "special_tokens_map.json"}, {"rfilename": "tokenizer.json"}, {"rfilename": "tokenizer_config.json"}, {"rfilename": "training_args.bin"}, {"rfilename": "vocab.txt"}], "spaces": [], "createdAt": "2022-07-31T11:05:03.000Z", "inferenceStatus": "not-loaded"}