{"_id": "6491df0a0c93e9fddaa1cd73", "id": "fabgraziano/bert-italian-xxl-cased_squad-it_v1", "modelId": "fabgraziano/bert-italian-xxl-cased_squad-it_v1", "author": "fabgraziano", "sha": "a9709908ff62ac637abc57110a5a0e9bfe5dfecf", "lastModified": "2023-06-20T17:41:05.000Z", "private": false, "disabled": false, "gated": false, "pipeline_tag": "question-answering", "tags": ["transformers", "pytorch", "bert", "question-answering", "it", "dataset:squad_it", "endpoints_compatible", "region:us"], "downloads": 7, "library_name": "transformers", "mask_token": "[MASK]", "widgetData": [{"text": "Dove vivo?", "context": "Mi chiamo Wolfgang e vivo a Berlino"}, {"text": "Dove vivo?", "context": "Mi chiamo Sarah e vivo a Londra"}, {"text": "Come mio chiamo?", "context": "Mi chiamo Clara e vivo a Berkeley."}], "likes": 0, "model-index": null, "config": {"architectures": ["BertForQuestionAnswering"], "model_type": "bert", "tokenizer_config": {"cls_token": "[CLS]", "mask_token": "[MASK]", "pad_token": "[PAD]", "sep_token": "[SEP]", "unk_token": "[UNK]"}}, "cardData": {"datasets": ["squad_it"], "language": ["it"], "metrics": ["f1", "exact_match"], "pipeline_tag": "question-answering", "tags": ["question-answering"]}, "transformersInfo": {"auto_model": "AutoModelForQuestionAnswering", "pipeline_tag": "question-answering", "processor": "AutoTokenizer"}, "siblings": [{"rfilename": ".gitattributes"}, {"rfilename": "README.md"}, {"rfilename": "config.json"}, {"rfilename": "pytorch_model.bin"}, {"rfilename": "special_tokens_map.json"}, {"rfilename": "tokenizer.json"}, {"rfilename": "tokenizer_config.json"}, {"rfilename": "vocab.txt"}], "spaces": [], "createdAt": "2023-06-20T17:16:58.000Z", "inferenceStatus": "not-loaded"}