{"_id": "628b80e807a33967136e5f77", "id": "fabiochiu/q-FrozenLake-v1-8x8-slippery", "modelId": "fabiochiu/q-FrozenLake-v1-8x8-slippery", "author": "fabiochiu", "sha": "404db07f76d71adb7320c327911774008e8c0142", "lastModified": "2022-05-23T12:41:19.000Z", "private": false, "disabled": false, "gated": false, "pipeline_tag": "reinforcement-learning", "tags": ["FrozenLake-v1-8x8", "q-learning", "reinforcement-learning", "custom-implementation", "model-index", "region:us"], "downloads": 0, "likes": 0, "model-index": [{"name": "q-FrozenLake-v1-8x8-slippery", "results": [{"metrics": [{"type": "mean_reward", "value": "0.03 +/- 0.18", "name": "mean_reward", "verified": false}], "task": {"type": "reinforcement-learning", "name": "reinforcement-learning"}, "dataset": {"name": "FrozenLake-v1-8x8", "type": "FrozenLake-v1-8x8"}}]}], "cardData": {"tags": ["FrozenLake-v1-8x8", "q-learning", "reinforcement-learning", "custom-implementation"], "model-index": [{"name": "q-FrozenLake-v1-8x8-slippery", "results": [{"metrics": [{"type": "mean_reward", "value": "0.03 +/- 0.18", "name": "mean_reward", "verified": false}], "task": {"type": "reinforcement-learning", "name": "reinforcement-learning"}, "dataset": {"name": "FrozenLake-v1-8x8", "type": "FrozenLake-v1-8x8"}}]}]}, "siblings": [{"rfilename": ".gitattributes"}, {"rfilename": "README.md"}, {"rfilename": "q-learning.pkl"}, {"rfilename": "replay.mp4"}, {"rfilename": "results.json"}], "spaces": [], "createdAt": "2022-05-23T12:41:12.000Z", "inferenceStatus": "not-loaded"}