{"_id": "6498710ea9a46fd69e208203", "id": "Fabian93/YellowGuyRVC", "modelId": "Fabian93/YellowGuyRVC", "author": "Fabian93", "sha": "ad83c376f267fc5f47cd57d5eecaa7fe135f61f2", "lastModified": "2023-06-25T16:57:53.000Z", "private": false, "disabled": false, "gated": false, "tags": ["license:openrail", "region:us"], "downloads": 0, "likes": 0, "model-index": null, "cardData": {"license": "openrail"}, "siblings": [{"rfilename": ".gitattributes"}, {"rfilename": "README.md"}, {"rfilename": "YellowGuy DHMIS (RVC v2 500 Epochs).zip"}, {"rfilename": "added_IVF131_Flat_nprobe_1_yellowguy_v2.index"}, {"rfilename": "yellowguy - feelgood gorrilaz test.wav"}, {"rfilename": "yellowguy.jpg"}, {"rfilename": "yellowguy.pth"}], "spaces": [], "createdAt": "2023-06-25T16:53:34.000Z", "inferenceStatus": "not-loaded"}