{"_id": "651ecbad755e92f7f1252ce3", "id": "Fabiomax/WibsNeural", "modelId": "Fabiomax/WibsNeural", "author": "Fabiomax", "sha": "642fa0efbcdec9512912c480bd34c4befdfb7977", "lastModified": "2023-10-05T17:05:00.000Z", "private": false, "disabled": false, "gated": false, "tags": ["gguf", "region:us"], "downloads": 31, "likes": 0, "siblings": [{"rfilename": ".gitattributes"}, {"rfilename": "README.md"}, {"rfilename": "llm.gguf"}], "spaces": [], "createdAt": "2023-10-05T14:43:57.000Z", "inferenceStatus": "not-loaded"}