{"_id": "64b3b1cc094a60c78b090ea1", "id": "Fabi556/RVC", "modelId": "Fabi556/RVC", "author": "Fabi556", "sha": "a60c761df4fee7ee829a649552de7ed4a9734d81", "lastModified": "2023-07-17T16:19:31.000Z", "private": false, "disabled": false, "gated": false, "tags": ["license:openrail", "region:us"], "downloads": 0, "likes": 0, "model-index": null, "cardData": {"license": "openrail"}, "siblings": [{"rfilename": ".gitattributes"}, {"rfilename": "IHatePink.zip"}, {"rfilename": "ImogenV2.zip"}, {"rfilename": "README.md"}], "spaces": [], "createdAt": "2023-07-16T09:01:00.000Z", "inferenceStatus": "not-loaded"}