{"_id": "654abc5c2903299c2c543b02", "id": "FabianJennrich/bert-finetuned-ner-optim", "modelId": "FabianJennrich/bert-finetuned-ner-optim", "author": "FabianJennrich", "sha": "0441a33d001129263956cf1a5f736cd7bbf725d3", "lastModified": "2023-11-07T22:43:34.000Z", "private": false, "disabled": false, "gated": false, "pipeline_tag": "token-classification", "tags": ["transformers", "tensorboard", "safetensors", "bert", "token-classification", "autotrain_compatible", "endpoints_compatible", "region:us"], "downloads": 2, "library_name": "transformers", "mask_token": "[MASK]", "widgetData": [{"text": "My name is Wolfgang and I live in Berlin"}, {"text": "My name is Sarah and I live in London"}, {"text": "My name is Clara and I live in Berkeley, California."}], "likes": 0, "config": {"architectures": ["BertForTokenClassification"], "model_type": "bert", "tokenizer_config": {"cls_token": "[CLS]", "mask_token": "[MASK]", "pad_token": "[PAD]", "sep_token": "[SEP]", "unk_token": "[UNK]"}}, "transformersInfo": {"auto_model": "AutoModelForTokenClassification", "pipeline_tag": "token-classification", "processor": "AutoTokenizer"}, "siblings": [{"rfilename": ".gitattributes"}, {"rfilename": "config.json"}, {"rfilename": "model.safetensors"}, {"rfilename": "runs/Nov07_22-28-52_1160c29bd1dd/events.out.tfevents.1699396701.1160c29bd1dd.962.8"}, {"rfilename": "special_tokens_map.json"}, {"rfilename": "tokenizer.json"}, {"rfilename": "tokenizer_config.json"}, {"rfilename": "training_args.bin"}, {"rfilename": "vocab.txt"}], "spaces": [], "createdAt": "2023-11-07T22:38:20.000Z", "safetensors": {"parameters": {"F32": 107729677}, "total": 107729677}, "inferenceStatus": "not-loaded"}