{"_id": "653be0d82c81c4adc8f72f75", "id": "fabiomt/waldom", "modelId": "fabiomt/waldom", "author": "fabiomt", "sha": "4c07944714fb12653d3cae736dbeb6ec06e88f99", "lastModified": "2023-10-27T16:17:20.000Z", "private": false, "disabled": false, "gated": false, "tags": ["license:openrail", "region:us"], "downloads": 0, "likes": 0, "model-index": null, "cardData": {"license": "openrail", "license_name": "w-m", "license_link": "LICENSE"}, "siblings": [{"rfilename": ".gitattributes"}, {"rfilename": "LICENSE"}, {"rfilename": "README.md"}, {"rfilename": "wmorais.zip"}], "spaces": [], "createdAt": "2023-10-27T16:10:00.000Z", "inferenceStatus": "not-loaded"}