{"_id": "653ec3d6ce2f3daaf4f95861", "id": "fabiosabr/me", "modelId": "fabiosabr/me", "author": "fabiosabr", "sha": "56da87b12c0c6d53fc970d6699b345bf2dbdcac8", "lastModified": "2023-10-29T20:43:02.000Z", "private": false, "disabled": false, "gated": false, "tags": ["license:apache-2.0", "region:us"], "downloads": 0, "likes": 0, "model-index": null, "cardData": {"license": "apache-2.0"}, "siblings": [{"rfilename": ".gitattributes"}, {"rfilename": "README.md"}], "spaces": [], "createdAt": "2023-10-29T20:43:02.000Z", "inferenceStatus": "not-loaded"}