{"_id": "6502117dd4b64cadd2bb42ce", "id": "FabioGrigorjev/bert_adaptation_referencias_de_vinos", "modelId": "FabioGrigorjev/bert_adaptation_referencias_de_vinos", "author": "FabioGrigorjev", "sha": "036047b7e3035eb8a1e938abd78202ce3c75bba5", "lastModified": "2023-09-13T19:46:23.000Z", "private": false, "disabled": false, "gated": false, "pipeline_tag": "fill-mask", "tags": ["transformers", "pytorch", "bert", "fill-mask", "generated_from_trainer", "base_model:dccuchile/bert-base-spanish-wwm-uncased", "autotrain_compatible", "endpoints_compatible", "region:us"], "downloads": 0, "library_name": "transformers", "mask_token": "[MASK]", "widgetData": [{"text": "Paris is the [MASK] of France."}, {"text": "The goal of life is [MASK]."}], "likes": 0, "model-index": [{"name": "bert_adaptation_referencias_de_vinos", "results": []}], "config": {"architectures": ["BertForMaskedLM"], "model_type": "bert", "tokenizer_config": {"cls_token": "[CLS]", "mask_token": "[MASK]", "pad_token": "[PAD]", "sep_token": "[SEP]", "unk_token": "[UNK]"}}, "cardData": {"base_model": "dccuchile/bert-base-spanish-wwm-uncased", "tags": ["generated_from_trainer"], "model-index": [{"name": "bert_adaptation_referencias_de_vinos", "results": []}]}, "transformersInfo": {"auto_model": "AutoModelForMaskedLM", "pipeline_tag": "fill-mask", "processor": "AutoTokenizer"}, "siblings": [{"rfilename": ".gitattributes"}, {"rfilename": "README.md"}, {"rfilename": "config.json"}, {"rfilename": "generation_config.json"}, {"rfilename": "pytorch_model.bin"}, {"rfilename": "special_tokens_map.json"}, {"rfilename": "tokenizer_config.json"}, {"rfilename": "training_args.bin"}, {"rfilename": "vocab.txt"}], "spaces": [], "createdAt": "2023-09-13T19:46:05.000Z", "inferenceStatus": "not-loaded"}