{"_id": "64b10ba5d47ab77016793ba8", "id": "Fabi556/Ian", "modelId": "Fabi556/Ian", "author": "Fabi556", "sha": "7cfea5ef5aa7af9bf144e5073668671fb6fb6d7e", "lastModified": "2023-07-15T12:54:41.000Z", "private": false, "disabled": false, "gated": false, "tags": ["license:openrail", "region:us"], "downloads": 0, "likes": 0, "model-index": null, "cardData": {"license": "openrail"}, "siblings": [{"rfilename": ".gitattributes"}, {"rfilename": "Abi.zip"}, {"rfilename": "Ian.zip"}, {"rfilename": "README.md"}], "spaces": [], "createdAt": "2023-07-14T08:47:33.000Z", "inferenceStatus": "not-loaded"}