{"_id": "647717a7beaeebff4a53a975", "id": "FabioDataGeek/poca-SoccerTwos", "modelId": "FabioDataGeek/poca-SoccerTwos", "author": "FabioDataGeek", "sha": "ef88005153fc906b2a16d70a5eb3f78b2d231602", "lastModified": "2023-05-31T09:47:25.000Z", "private": false, "disabled": false, "gated": false, "pipeline_tag": "reinforcement-learning", "tags": ["ml-agents", "tensorboard", "onnx", "unity-ml-agents", "deep-reinforcement-learning", "reinforcement-learning", "ML-Agents-SoccerTwos", "region:us"], "downloads": 0, "library_name": "ml-agents", "likes": 0, "model-index": null, "config": {}, "cardData": {"tags": ["unity-ml-agents", "ml-agents", "deep-reinforcement-learning", "reinforcement-learning", "ML-Agents-SoccerTwos"], "library_name": "ml-agents"}, "siblings": [{"rfilename": ".gitattributes"}, {"rfilename": "README.md"}, {"rfilename": "SoccerTwos.onnx"}, {"rfilename": "SoccerTwos/SoccerTwos-100000016.onnx"}, {"rfilename": "SoccerTwos/SoccerTwos-100000016.pt"}, {"rfilename": "SoccerTwos/SoccerTwos-499444.pt"}, {"rfilename": "SoccerTwos/SoccerTwos-98499815.onnx"}, {"rfilename": "SoccerTwos/SoccerTwos-98499815.pt"}, {"rfilename": "SoccerTwos/SoccerTwos-98999906.onnx"}, {"rfilename": "SoccerTwos/SoccerTwos-98999906.pt"}, {"rfilename": "SoccerTwos/SoccerTwos-99499927.onnx"}, {"rfilename": "SoccerTwos/SoccerTwos-99499927.pt"}, {"rfilename": "SoccerTwos/SoccerTwos-99999990.onnx"}, {"rfilename": "SoccerTwos/SoccerTwos-99999990.pt"}, {"rfilename": "SoccerTwos/checkpoint.pt"}, {"rfilename": "SoccerTwos/events.out.tfevents.1685230176.fabio-Katana-GF66-12UC.529283.0"}, {"rfilename": "config.json"}, {"rfilename": "configuration.yaml"}, {"rfilename": "run_logs/Player-0.log"}, {"rfilename": "run_logs/timers.json"}, {"rfilename": "run_logs/training_status.json"}], "spaces": [], "createdAt": "2023-05-31T09:47:19.000Z", "inferenceStatus": "not-loaded"}