{"_id": "6549141b1bb891a5a4f09399", "id": "FabianJennrich/bert-finetuned-ner", "modelId": "FabianJennrich/bert-finetuned-ner", "author": "FabianJennrich", "sha": "0eebea11d5213f6d24d57b8e3bccdafd599879a8", "lastModified": "2023-11-07T19:36:32.000Z", "private": false, "disabled": false, "gated": false, "pipeline_tag": "token-classification", "tags": ["transformers", "tensorboard", "safetensors", "bert", "token-classification", "generated_from_trainer", "base_model:bert-base-cased", "license:apache-2.0", "autotrain_compatible", "endpoints_compatible", "region:us"], "downloads": 1, "library_name": "transformers", "mask_token": "[MASK]", "widgetData": [{"text": "My name is Wolfgang and I live in Berlin"}, {"text": "My name is Sarah and I live in London"}, {"text": "My name is Clara and I live in Berkeley, California."}], "likes": 0, "model-index": [{"name": "bert-finetuned-ner", "results": []}], "config": {"architectures": ["BertForTokenClassification"], "model_type": "bert", "tokenizer_config": {"cls_token": "[CLS]", "mask_token": "[MASK]", "pad_token": "[PAD]", "sep_token": "[SEP]", "unk_token": "[UNK]"}}, "cardData": {"license": "apache-2.0", "base_model": "bert-base-cased", "tags": ["generated_from_trainer"], "metrics": ["precision", "recall", "f1", "accuracy"], "model-index": [{"name": "bert-finetuned-ner", "results": []}]}, "transformersInfo": {"auto_model": "AutoModelForTokenClassification", "pipeline_tag": "token-classification", "processor": "AutoTokenizer"}, "siblings": [{"rfilename": ".gitattributes"}, {"rfilename": "README.md"}, {"rfilename": "config.json"}, {"rfilename": "model.safetensors"}, {"rfilename": "runs/Nov06_16-25-39_342b345320c3/events.out.tfevents.1699288092.342b345320c3.31310.0"}, {"rfilename": "runs/Nov07_14-06-30_7fcbf24461ee/events.out.tfevents.1699366039.7fcbf24461ee.3546.0"}, {"rfilename": "runs/Nov07_14-06-30_7fcbf24461ee/events.out.tfevents.1699366120.7fcbf24461ee.3546.1"}, {"rfilename": "runs/Nov07_14-38-48_7fcbf24461ee/events.out.tfevents.1699367931.7fcbf24461ee.3546.2"}, {"rfilename": "runs/Nov07_14-38-48_7fcbf24461ee/events.out.tfevents.1699374100.7fcbf24461ee.3546.3"}, {"rfilename": "special_tokens_map.json"}, {"rfilename": "tokenizer.json"}, {"rfilename": "tokenizer_config.json"}, {"rfilename": "training_args.bin"}, {"rfilename": "vocab.txt"}], "spaces": [], "createdAt": "2023-11-06T16:28:11.000Z", "safetensors": {"parameters": {"F32": 107729677}, "total": 107729677}, "inferenceStatus": "not-loaded"}