{"_id": "628511562f579a26d64286d6", "id": "fabiochiu/DQN-LunarLander-v2-500k", "modelId": "fabiochiu/DQN-LunarLander-v2-500k", "author": "fabiochiu", "sha": "c3a2d8bd3cf58b52ccd1a851162ae511574e9635", "lastModified": "2022-05-18T15:32:17.000Z", "private": false, "disabled": false, "gated": false, "pipeline_tag": "reinforcement-learning", "tags": ["stable-baselines3", "LunarLander-v2", "deep-reinforcement-learning", "reinforcement-learning", "model-index", "region:us"], "downloads": 0, "library_name": "stable-baselines3", "likes": 0, "model-index": [{"name": "DQN", "results": [{"metrics": [{"type": "mean_reward", "value": "-143.18 +/- 62.58", "name": "mean_reward", "verified": false}], "task": {"type": "reinforcement-learning", "name": "reinforcement-learning"}, "dataset": {"name": "LunarLander-v2", "type": "LunarLander-v2"}}]}], "config": {}, "cardData": {"library_name": "stable-baselines3", "tags": ["LunarLander-v2", "deep-reinforcement-learning", "reinforcement-learning", "stable-baselines3"], "model-index": [{"name": "DQN", "results": [{"metrics": [{"type": "mean_reward", "value": "-143.18 +/- 62.58", "name": "mean_reward", "verified": false}], "task": {"type": "reinforcement-learning", "name": "reinforcement-learning"}, "dataset": {"name": "LunarLander-v2", "type": "LunarLander-v2"}}]}]}, "siblings": [{"rfilename": ".gitattributes"}, {"rfilename": "README.md"}, {"rfilename": "config.json"}, {"rfilename": "dqn-LunarLander-v2.zip"}, {"rfilename": "dqn-LunarLander-v2/_stable_baselines3_version"}, {"rfilename": "dqn-LunarLander-v2/data"}, {"rfilename": "dqn-LunarLander-v2/policy.optimizer.pth"}, {"rfilename": "dqn-LunarLander-v2/policy.pth"}, {"rfilename": "dqn-LunarLander-v2/pytorch_variables.pth"}, {"rfilename": "dqn-LunarLander-v2/system_info.txt"}, {"rfilename": "replay.mp4"}, {"rfilename": "results.json"}], "spaces": [], "createdAt": "2022-05-18T15:31:34.000Z", "inferenceStatus": "not-loaded"}