{"_id": "64984c77ce9190ebb86e70a7", "id": "Fabian93/RedGuyRVC", "modelId": "Fabian93/RedGuyRVC", "author": "Fabian93", "sha": "5f6701856a729b0a82ef8d55ffdd404874e70a4e", "lastModified": "2023-06-25T14:27:15.000Z", "private": false, "disabled": false, "gated": false, "tags": ["license:openrail", "region:us"], "downloads": 0, "likes": 0, "model-index": null, "cardData": {"license": "openrail"}, "siblings": [{"rfilename": ".gitattributes"}, {"rfilename": "README.md"}, {"rfilename": "RedGuy - Board of Education song.wav"}, {"rfilename": "RedGuy.pth"}, {"rfilename": "RedGuy_v2_mangio-crepe 500 EPOCHS.zip"}, {"rfilename": "RedGuys motivational Speech.wav"}, {"rfilename": "added_IVF98_Flat_nprobe_1_RedGuy_v2.index"}, {"rfilename": "redguy.jpg"}], "spaces": [], "createdAt": "2023-06-25T14:17:27.000Z", "inferenceStatus": "not-loaded"}