{"_id": "64a1f6c683648c303acc5d35", "id": "Fabian93/ZorroOP_PhilippBrammerRVC", "modelId": "Fabian93/ZorroOP_PhilippBrammerRVC", "author": "Fabian93", "sha": "c053720ca25451619fde51e4cf20313a8516aeb8", "lastModified": "2023-07-02T22:20:35.000Z", "private": false, "disabled": false, "gated": false, "tags": ["license:openrail", "region:us"], "downloads": 0, "likes": 0, "model-index": null, "cardData": {"license": "openrail"}, "siblings": [{"rfilename": ".gitattributes"}, {"rfilename": "Die Legende One Piece.wav"}, {"rfilename": "I Wanted You to Know zorroDE.wav"}, {"rfilename": "README.md"}, {"rfilename": "ZorroOnerPieceDE.zip"}, {"rfilename": "zorro philipp Brammer.jpg"}], "spaces": [], "createdAt": "2023-07-02T22:14:30.000Z", "inferenceStatus": "not-loaded"}