{"_id": "649fd0fc54cb857b773c6844", "id": "Fabian93/AtemDE_RVC", "modelId": "Fabian93/AtemDE_RVC", "author": "Fabian93", "sha": "0f116f220df629032d6fafe184aac8a5a53e09eb", "lastModified": "2023-07-01T07:17:04.000Z", "private": false, "disabled": false, "gated": false, "tags": ["license:openrail", "region:us"], "downloads": 0, "likes": 0, "model-index": null, "cardData": {"license": "openrail"}, "siblings": [{"rfilename": ".gitattributes"}, {"rfilename": "Atem-YuGiOh! German Voice (Sebastian Schulz) 500 Epoch mangio-crepe.zip"}, {"rfilename": "Die Legende OP-AtemDEYuGiOh!.wav"}, {"rfilename": "Feel Good AtemDE YuGiOh!.wav"}, {"rfilename": "README.md"}, {"rfilename": "YamiYugi-sebastianschulz.jpg"}], "spaces": [], "createdAt": "2023-07-01T07:08:44.000Z", "inferenceStatus": "not-loaded"}