{"_id": "654aa511caf723fbb25d4df2", "id": "FabianJennrich/bert-finetuned-ner-2", "modelId": "FabianJennrich/bert-finetuned-ner-2", "author": "FabianJennrich", "sha": "1fcc74b9b3e2eb6215270f7ee009994c9b9ec425", "lastModified": "2023-11-07T22:31:12.000Z", "private": false, "disabled": false, "gated": false, "pipeline_tag": "token-classification", "tags": ["transformers", "tensorboard", "safetensors", "bert", "token-classification", "generated_from_trainer", "base_model:bert-base-cased", "license:apache-2.0", "autotrain_compatible", "endpoints_compatible", "region:us"], "downloads": 1, "library_name": "transformers", "mask_token": "[MASK]", "widgetData": [{"text": "My name is Wolfgang and I live in Berlin"}, {"text": "My name is Sarah and I live in London"}, {"text": "My name is Clara and I live in Berkeley, California."}], "likes": 0, "model-index": [{"name": "bert-finetuned-ner-2", "results": []}], "config": {"architectures": ["BertForTokenClassification"], "model_type": "bert", "tokenizer_config": {"cls_token": "[CLS]", "mask_token": "[MASK]", "pad_token": "[PAD]", "sep_token": "[SEP]", "unk_token": "[UNK]"}}, "cardData": {"license": "apache-2.0", "base_model": "bert-base-cased", "tags": ["generated_from_trainer"], "metrics": ["precision", "recall", "f1", "accuracy"], "model-index": [{"name": "bert-finetuned-ner-2", "results": []}]}, "transformersInfo": {"auto_model": "AutoModelForTokenClassification", "pipeline_tag": "token-classification", "processor": "AutoTokenizer"}, "siblings": [{"rfilename": ".gitattributes"}, {"rfilename": "README.md"}, {"rfilename": "config.json"}, {"rfilename": "model.safetensors"}, {"rfilename": "runs/Nov07_20-58-55_069366d3fbbb/events.out.tfevents.1699390737.069366d3fbbb.514.0"}, {"rfilename": "runs/Nov07_21-02-38_069366d3fbbb/events.out.tfevents.1699390960.069366d3fbbb.514.1"}, {"rfilename": "runs/Nov07_21-25-17_1160c29bd1dd/events.out.tfevents.1699392367.1160c29bd1dd.962.0"}, {"rfilename": "runs/Nov07_21-25-17_1160c29bd1dd/events.out.tfevents.1699393019.1160c29bd1dd.962.1"}, {"rfilename": "runs/Nov07_21-25-17_1160c29bd1dd/events.out.tfevents.1699393178.1160c29bd1dd.962.2"}, {"rfilename": "runs/Nov07_21-25-17_1160c29bd1dd/events.out.tfevents.1699393773.1160c29bd1dd.962.3"}, {"rfilename": "runs/Nov07_21-25-17_1160c29bd1dd/events.out.tfevents.1699394110.1160c29bd1dd.962.4"}, {"rfilename": "runs/Nov07_21-25-17_1160c29bd1dd/events.out.tfevents.1699394278.1160c29bd1dd.962.5"}, {"rfilename": "runs/Nov07_21-25-17_1160c29bd1dd/events.out.tfevents.1699395812.1160c29bd1dd.962.6"}, {"rfilename": "runs/Nov07_21-25-17_1160c29bd1dd/events.out.tfevents.1699396134.1160c29bd1dd.962.7"}, {"rfilename": "special_tokens_map.json"}, {"rfilename": "tokenizer.json"}, {"rfilename": "tokenizer_config.json"}, {"rfilename": "training_args.bin"}, {"rfilename": "vocab.txt"}], "spaces": [], "createdAt": "2023-11-07T20:58:57.000Z", "safetensors": {"parameters": {"F32": 107729677}, "total": 107729677}, "inferenceStatus": "not-loaded"}