{"_id": "665f6423ea2cc04a64e68c99", "id": "fabian-cmu/butterflies-diffusion", "modelId": "fabian-cmu/butterflies-diffusion", "author": "fabian-cmu", "sha": "9635e90caf1728a6648e0f2306ab76471c5d4dd8", "lastModified": "2024-06-04T19:00:30.000Z", "private": false, "disabled": false, "gated": false, "pipeline_tag": "unconditional-image-generation", "tags": ["diffusers", "safetensors", "pytorch", "unconditional-image-generation", "diffusion-models-class", "license:mit", "diffusers:DDPMPipeline", "region:us"], "downloads": 17, "library_name": "diffusers", "likes": 0, "model-index": null, "config": {"diffusers": {"_class_name": "DDPMPipeline"}}, "cardData": {"license": "mit", "tags": ["pytorch", "diffusers", "unconditional-image-generation", "diffusion-models-class"]}, "siblings": [{"rfilename": ".gitattributes"}, {"rfilename": "README.md"}, {"rfilename": "config.json"}, {"rfilename": "diffusion_pytorch_model.safetensors"}, {"rfilename": "model_index.json"}, {"rfilename": "scheduler_config.json"}], "spaces": [], "createdAt": "2024-06-04T18:59:47.000Z", "inferenceStatus": "not-loaded"}