{"_id": "6561d8f5ddb286a70b50dbe6", "id": "FabianLinde/pangolin-open-instruct-flan-13b", "modelId": "FabianLinde/pangolin-open-instruct-flan-13b", "author": "FabianLinde", "sha": "7d58ae57c3c4249fd989484a902234945f440908", "lastModified": "2023-11-25T11:52:01.000Z", "private": false, "disabled": false, "gated": false, "pipeline_tag": "text-generation", "tags": ["transformers", "pytorch", "llama", "text-generation", "autotrain_compatible", "text-generation-inference", "endpoints_compatible", "region:us"], "downloads": 2, "library_name": "transformers", "widgetData": [{"text": "My name is Julien and I like to"}, {"text": "My name is Thomas and my main"}, {"text": "My name is Mariama, my favorite"}, {"text": "My name is Clara and I am"}, {"text": "My name is Lewis and I like to"}, {"text": "My name is Merve and my favorite"}, {"text": "My name is Teven and I am"}, {"text": "Once upon a time,"}], "likes": 0, "config": {"architectures": ["LlamaForCausalLM"], "model_type": "llama", "tokenizer_config": {"bos_token": "<s>", "eos_token": "</s>", "pad_token": "<pad>", "unk_token": "<unk>", "use_default_system_prompt": true}}, "transformersInfo": {"auto_model": "AutoModelForCausalLM", "pipeline_tag": "text-generation", "processor": "AutoTokenizer"}, "siblings": [{"rfilename": ".gitattributes"}, {"rfilename": "added_tokens.json"}, {"rfilename": "config.json"}, {"rfilename": "generation_config.json"}, {"rfilename": "pytorch_model-00001-of-00006.bin"}, {"rfilename": "pytorch_model-00002-of-00006.bin"}, {"rfilename": "pytorch_model-00003-of-00006.bin"}, {"rfilename": "pytorch_model-00004-of-00006.bin"}, {"rfilename": "pytorch_model-00005-of-00006.bin"}, {"rfilename": "pytorch_model-00006-of-00006.bin"}, {"rfilename": "pytorch_model.bin.index.json"}, {"rfilename": "special_tokens_map.json"}, {"rfilename": "tokenizer.model"}, {"rfilename": "tokenizer_config.json"}], "spaces": [], "createdAt": "2023-11-25T11:22:29.000Z", "inferenceStatus": "not-loaded"}