{"_id": "665939130a495a1557e6a968", "id": "fabio85/emov", "modelId": "fabio85/emov", "author": "fabio85", "sha": "40d2fe36e9c87020d626b6e33b6b6d23779a07a3", "lastModified": "2024-05-31T02:42:27.000Z", "private": false, "disabled": false, "gated": false, "tags": ["license:mit", "region:us"], "downloads": 0, "likes": 0, "model-index": null, "cardData": {"license": "mit"}, "siblings": [{"rfilename": ".gitattributes"}, {"rfilename": "README.md"}], "spaces": [], "createdAt": "2024-05-31T02:42:27.000Z", "inferenceStatus": "not-loaded"}