{"_id": "642e663d3285417bb3b62163", "id": "FabioInspires/sd_kimonoart-model-v1-2_400", "modelId": "FabioInspires/sd_kimonoart-model-v1-2_400", "author": "FabioInspires", "sha": "d0f7e02eab49c111e2c4c0ae94de458ba87ea409", "lastModified": "2023-04-06T06:50:14.000Z", "private": false, "disabled": false, "gated": false, "pipeline_tag": "text-to-image", "tags": ["diffusers", "tensorboard", "autotrain_compatible", "endpoints_compatible", "diffusers:StableDiffusionPipeline", "region:us"], "downloads": 0, "library_name": "diffusers", "likes": 0, "config": {"diffusers": {"_class_name": "StableDiffusionPipeline"}}, "siblings": [{"rfilename": ".gitattributes"}, {"rfilename": "feature_extractor/preprocessor_config.json"}, {"rfilename": "logs/text2image-fine-tune/1680762524.6812205/events.out.tfevents.1680762524.b05c9e41a43e.4416.1"}, {"rfilename": "logs/text2image-fine-tune/1680762524.682786/hparams.yml"}, {"rfilename": "logs/text2image-fine-tune/events.out.tfevents.1680762524.b05c9e41a43e.4416.0"}, {"rfilename": "model_index.json"}, {"rfilename": "scheduler/scheduler_config.json"}, {"rfilename": "text_encoder/config.json"}, {"rfilename": "text_encoder/pytorch_model.bin"}, {"rfilename": "tokenizer/merges.txt"}, {"rfilename": "tokenizer/special_tokens_map.json"}, {"rfilename": "tokenizer/tokenizer_config.json"}, {"rfilename": "tokenizer/vocab.json"}, {"rfilename": "unet/config.json"}, {"rfilename": "unet/diffusion_pytorch_model.bin"}, {"rfilename": "vae/config.json"}, {"rfilename": "vae/diffusion_pytorch_model.bin"}], "spaces": [], "createdAt": "2023-04-06T06:27:09.000Z", "inferenceStatus": "not-loaded"}