{"_id": "641ee043fe9132fb18fc1258", "id": "FabianWillner/distilbert-base-german-cased-finetuned-ner", "modelId": "FabianWillner/distilbert-base-german-cased-finetuned-ner", "author": "FabianWillner", "sha": "b55b1cd8ca8d8cacf334e98bbddcc0d2a8f15f65", "lastModified": "2023-03-25T12:17:29.000Z", "private": false, "disabled": false, "gated": false, "pipeline_tag": "token-classification", "tags": ["transformers", "pytorch", "distilbert", "token-classification", "generated_from_trainer", "dataset:wikiann", "license:apache-2.0", "model-index", "autotrain_compatible", "endpoints_compatible", "region:us"], "downloads": 2, "library_name": "transformers", "mask_token": "[MASK]", "widgetData": [{"text": "My name is Wolfgang and I live in Berlin"}, {"text": "My name is Sarah and I live in London"}, {"text": "My name is Clara and I live in Berkeley, California."}], "likes": 0, "model-index": [{"name": "distilbert-base-german-cased-finetuned-ner", "results": [{"task": {"name": "Token Classification", "type": "token-classification"}, "dataset": {"name": "wikiann", "type": "wikiann", "config": "de", "split": "validation", "args": "de"}, "metrics": [{"name": "Precision", "type": "precision", "value": 0.8400889939511924, "verified": false}, {"name": "Recall", "type": "recall", "value": 0.8744391373570705, "verified": false}, {"name": "F1", "type": "f1", "value": 0.8569199673770433, "verified": false}, {"name": "Accuracy", "type": "accuracy", "value": 0.9548258089954094, "verified": false}]}]}], "config": {"architectures": ["DistilBertForTokenClassification"], "model_type": "distilbert", "tokenizer_config": {"cls_token": "[CLS]", "mask_token": "[MASK]", "pad_token": "[PAD]", "sep_token": "[SEP]", "unk_token": "[UNK]"}}, "cardData": {"license": "apache-2.0", "tags": ["generated_from_trainer"], "datasets": ["wikiann"], "metrics": ["precision", "recall", "f1", "accuracy"], "model-index": [{"name": "distilbert-base-german-cased-finetuned-ner", "results": [{"task": {"name": "Token Classification", "type": "token-classification"}, "dataset": {"name": "wikiann", "type": "wikiann", "config": "de", "split": "validation", "args": "de"}, "metrics": [{"name": "Precision", "type": "precision", "value": 0.8400889939511924, "verified": false}, {"name": "Recall", "type": "recall", "value": 0.8744391373570705, "verified": false}, {"name": "F1", "type": "f1", "value": 0.8569199673770433, "verified": false}, {"name": "Accuracy", "type": "accuracy", "value": 0.9548258089954094, "verified": false}]}]}]}, "transformersInfo": {"auto_model": "AutoModelForTokenClassification", "pipeline_tag": "token-classification", "processor": "AutoTokenizer"}, "siblings": [{"rfilename": ".gitattributes"}, {"rfilename": ".gitignore"}, {"rfilename": "README.md"}, {"rfilename": "config.json"}, {"rfilename": "pytorch_model.bin"}, {"rfilename": "special_tokens_map.json"}, {"rfilename": "tokenizer.json"}, {"rfilename": "tokenizer_config.json"}, {"rfilename": "training_args.bin"}, {"rfilename": "vocab.txt"}], "spaces": [], "createdAt": "2023-03-25T11:51:31.000Z", "inferenceStatus": "not-loaded"}