{"_id": "64a071101ac4ea8aecc7632c", "id": "Fabian93/SetoKaibaDE_RVC", "modelId": "Fabian93/SetoKaibaDE_RVC", "author": "Fabian93", "sha": "4466bb961f79016efcc9f93a7f9bb907a871711a", "lastModified": "2023-07-01T18:33:58.000Z", "private": false, "disabled": false, "gated": false, "tags": ["license:openrail", "region:us"], "downloads": 0, "likes": 0, "model-index": null, "cardData": {"license": "openrail"}, "siblings": [{"rfilename": ".gitattributes"}, {"rfilename": "Board Of Education_SetoKaibaDE.wav"}, {"rfilename": "Otto Walkes Der Menschliche K\u00f6rper - Seto Kaiba RAW.wav"}, {"rfilename": "README.md"}, {"rfilename": "SetoKaiba-Gerrit Schmidt-Fo\u00df.jpg"}, {"rfilename": "setokaibaDE.zip"}], "spaces": [], "createdAt": "2023-07-01T18:31:44.000Z", "inferenceStatus": "not-loaded"}