{"_id": "63629464b64a566942692f19", "id": "fabianherh/setfit-ethos-multilabel-example", "modelId": "fabianherh/setfit-ethos-multilabel-example", "author": "fabianherh", "sha": "5f02fc3a4590a4f8e03dd2a1213f419af6645652", "lastModified": "2022-11-02T16:01:40.000Z", "private": false, "disabled": false, "gated": false, "tags": ["region:us"], "downloads": 0, "likes": 0, "siblings": [{"rfilename": ".gitattributes"}], "spaces": [], "createdAt": "2022-11-02T16:01:40.000Z", "inferenceStatus": "not-loaded"}