{"_id": "6679d5a6e8e1962e5aebe077", "id": "fabioxslender/fabi", "modelId": "fabioxslender/fabi", "author": "fabioxslender", "sha": "155a5e90098e1e2f849070fd81bf2dee50de1cba", "lastModified": "2024-06-24T20:23:02.000Z", "private": false, "disabled": false, "gated": false, "tags": ["license:openrail", "region:us"], "downloads": 0, "likes": 0, "model-index": null, "cardData": {"license": "openrail"}, "siblings": [{"rfilename": ".gitattributes"}, {"rfilename": "README.md"}], "spaces": [], "createdAt": "2024-06-24T20:23:02.000Z", "inferenceStatus": "not-loaded"}