{"_id": "656e8a25baa95d8b8cadc842", "id": "fabio171/171", "modelId": "fabio171/171", "author": "fabio171", "sha": "a35992988fadc205c99093dea55e7d75157b31d5", "lastModified": "2023-12-05T02:25:41.000Z", "private": false, "disabled": false, "gated": false, "tags": ["license:bigcode-openrail-m", "region:us"], "downloads": 0, "likes": 0, "model-index": null, "cardData": {"license": "bigcode-openrail-m"}, "siblings": [{"rfilename": ".gitattributes"}, {"rfilename": "README.md"}], "spaces": [], "createdAt": "2023-12-05T02:25:41.000Z", "inferenceStatus": "not-loaded"}