{"_id": "621ffdc036468d709f17546f", "id": "FabioDataGeek/distilbert-base-uncased-finetuned-emotion", "modelId": "FabioDataGeek/distilbert-base-uncased-finetuned-emotion", "author": "FabioDataGeek", "sha": "c997519d0501cef4b9c657aeabf6599118cdcb12", "lastModified": "2022-07-22T16:02:35.000Z", "private": false, "disabled": false, "gated": false, "pipeline_tag": "text-classification", "tags": ["transformers", "pytorch", "tensorboard", "distilbert", "text-classification", "generated_from_trainer", "dataset:emotion", "license:apache-2.0", "model-index", "autotrain_compatible", "endpoints_compatible", "region:us"], "downloads": 6, "library_name": "transformers", "mask_token": "[MASK]", "widgetData": [{"text": "I like you. I love you"}], "likes": 0, "model-index": [{"name": "distilbert-base-uncased-finetuned-emotion", "results": [{"task": {"name": "Text Classification", "type": "text-classification"}, "dataset": {"name": "emotion", "type": "emotion", "args": "default"}, "metrics": [{"name": "Accuracy", "type": "accuracy", "value": 0.926, "verified": false}, {"name": "F1", "type": "f1", "value": 0.9258450981645597, "verified": false}]}]}], "config": {"architectures": ["DistilBertForSequenceClassification"], "model_type": "distilbert", "tokenizer_config": {"cls_token": "[CLS]", "mask_token": "[MASK]", "pad_token": "[PAD]", "sep_token": "[SEP]", "unk_token": "[UNK]"}}, "cardData": {"license": "apache-2.0", "tags": ["generated_from_trainer"], "datasets": ["emotion"], "metrics": ["accuracy", "f1"], "model-index": [{"name": "distilbert-base-uncased-finetuned-emotion", "results": [{"task": {"name": "Text Classification", "type": "text-classification"}, "dataset": {"name": "emotion", "type": "emotion", "args": "default"}, "metrics": [{"name": "Accuracy", "type": "accuracy", "value": 0.926, "verified": false}, {"name": "F1", "type": "f1", "value": 0.9258450981645597, "verified": false}]}]}]}, "transformersInfo": {"auto_model": "AutoModelForSequenceClassification", "pipeline_tag": "text-classification", "processor": "AutoTokenizer"}, "siblings": [{"rfilename": ".gitattributes"}, {"rfilename": ".gitignore"}, {"rfilename": "README.md"}, {"rfilename": "config.json"}, {"rfilename": "pytorch_model.bin"}, {"rfilename": "runs/Jan28_17-03-33_b9edc271b2e5/1643389958.492942/events.out.tfevents.1643389958.b9edc271b2e5.72.1"}, {"rfilename": "runs/Jan28_17-03-33_b9edc271b2e5/events.out.tfevents.1643389958.b9edc271b2e5.72.0"}, {"rfilename": "runs/Jul22_14-40-58_53b320e15af8/1658501125.9461198/events.out.tfevents.1658501125.53b320e15af8.70.1"}, {"rfilename": "runs/Jul22_14-40-58_53b320e15af8/events.out.tfevents.1658501125.53b320e15af8.70.0"}, {"rfilename": "special_tokens_map.json"}, {"rfilename": "tokenizer.json"}, {"rfilename": "tokenizer_config.json"}, {"rfilename": "training_args.bin"}, {"rfilename": "vocab.txt"}], "spaces": [], "createdAt": "2022-03-02T23:29:04.000Z", "inferenceStatus": "not-loaded"}