{"_id": "636c841acfb49b46821c457b", "id": "fabianherh/context_iab_t1", "modelId": "fabianherh/context_iab_t1", "author": "fabianherh", "sha": "9bacafb4e56c4bbbad5ceb6db7777d35081cd3a5", "lastModified": "2022-11-10T04:58:32.000Z", "private": false, "disabled": false, "gated": false, "tags": ["tf-keras", "region:us"], "downloads": 2, "library_name": "tf-keras", "likes": 0, "siblings": [{"rfilename": ".gitattributes"}, {"rfilename": "saved_model.pb"}], "spaces": [], "createdAt": "2022-11-10T04:54:50.000Z", "inferenceStatus": "not-loaded"}