{"_id": "652d795d06fab2df13a4dee2", "id": "fabio19292/paolo", "modelId": "fabio19292/paolo", "author": "fabio19292", "sha": "d777a1e994165baec601e9a0a89101dfcd617401", "lastModified": "2023-10-16T18:00:33.000Z", "private": false, "disabled": false, "gated": false, "tags": ["license:openrail", "region:us"], "downloads": 0, "likes": 0, "model-index": null, "cardData": {"license": "openrail"}, "siblings": [{"rfilename": ".gitattributes"}, {"rfilename": "README.md"}, {"rfilename": "paolo.zip"}], "spaces": [], "createdAt": "2023-10-16T17:56:45.000Z", "inferenceStatus": "not-loaded"}