{"_id": "668dd95bfecd7e0483b12a73", "id": "FabioGM/vit-base-patch16-224-finetuned-flower", "modelId": "FabioGM/vit-base-patch16-224-finetuned-flower", "author": "FabioGM", "sha": "4f5a62845bd0e9573988330d8edde134f4ac6fc7", "lastModified": "2024-07-10T00:54:25.000Z", "private": false, "disabled": false, "gated": false, "pipeline_tag": "image-classification", "tags": ["transformers", "pytorch", "vit", "image-classification", "generated_from_trainer", "dataset:imagefolder", "license:apache-2.0", "autotrain_compatible", "endpoints_compatible", "region:us"], "downloads": 35, "library_name": "transformers", "likes": 0, "model-index": [{"name": "vit-base-patch16-224-finetuned-flower", "results": []}], "config": {"architectures": ["ViTForImageClassification"], "model_type": "vit"}, "cardData": {"license": "apache-2.0", "tags": ["generated_from_trainer"], "datasets": ["imagefolder"], "model-index": [{"name": "vit-base-patch16-224-finetuned-flower", "results": []}]}, "transformersInfo": {"auto_model": "AutoModelForImageClassification", "pipeline_tag": "image-classification", "processor": "AutoImageProcessor"}, "siblings": [{"rfilename": ".gitattributes"}, {"rfilename": ".gitignore"}, {"rfilename": "README.md"}, {"rfilename": "config.json"}, {"rfilename": "preprocessor_config.json"}, {"rfilename": "pytorch_model.bin"}, {"rfilename": "training_args.bin"}], "spaces": [], "createdAt": "2024-07-10T00:44:11.000Z", "inferenceStatus": "not-loaded"}