{"_id": "64524e5bae012a3da9a58d94", "id": "FabioDataGeek/rl_course_vizdoom_health_gathering_supreme", "modelId": "FabioDataGeek/rl_course_vizdoom_health_gathering_supreme", "author": "FabioDataGeek", "sha": "faf356062643129369f61a7125357cfdfd70b240", "lastModified": "2023-05-03T12:07:00.000Z", "private": false, "disabled": false, "gated": false, "pipeline_tag": "reinforcement-learning", "tags": ["sample-factory", "tensorboard", "deep-reinforcement-learning", "reinforcement-learning", "model-index", "region:us"], "downloads": 0, "library_name": "sample-factory", "likes": 0, "model-index": [{"name": "APPO", "results": [{"task": {"type": "reinforcement-learning", "name": "reinforcement-learning"}, "dataset": {"name": "doom_health_gathering_supreme", "type": "doom_health_gathering_supreme"}, "metrics": [{"type": "mean_reward", "value": "10.14 +/- 2.97", "name": "mean_reward", "verified": false}]}]}], "config": {}, "cardData": {"library_name": "sample-factory", "tags": ["deep-reinforcement-learning", "reinforcement-learning", "sample-factory"], "model-index": [{"name": "APPO", "results": [{"task": {"type": "reinforcement-learning", "name": "reinforcement-learning"}, "dataset": {"name": "doom_health_gathering_supreme", "type": "doom_health_gathering_supreme"}, "metrics": [{"type": "mean_reward", "value": "10.14 +/- 2.97", "name": "mean_reward", "verified": false}]}]}]}, "siblings": [{"rfilename": ".gitattributes"}, {"rfilename": ".summary/0/events.out.tfevents.1683113802.3536d514aa82"}, {"rfilename": "README.md"}, {"rfilename": "checkpoint_p0/best_000000978_4005888_reward_26.766.pth"}, {"rfilename": "checkpoint_p0/checkpoint_000000940_3850240.pth"}, {"rfilename": "checkpoint_p0/checkpoint_000000978_4005888.pth"}, {"rfilename": "config.json"}, {"rfilename": "replay.mp4"}], "spaces": [], "createdAt": "2023-05-03T12:06:51.000Z", "inferenceStatus": "not-loaded"}