{"_id": "65312f9b97d7f1b4a083a9d7", "id": "fabio19292/gerry", "modelId": "fabio19292/gerry", "author": "fabio19292", "sha": "b8e98bdf72800aa05c66cd50b10a763df0205f6e", "lastModified": "2023-10-19T13:40:10.000Z", "private": false, "disabled": false, "gated": false, "tags": ["license:openrail", "region:us"], "downloads": 0, "likes": 0, "model-index": null, "cardData": {"license": "openrail"}, "siblings": [{"rfilename": ".gitattributes"}, {"rfilename": "README.md"}, {"rfilename": "gerry.zip"}], "spaces": [], "createdAt": "2023-10-19T13:31:07.000Z", "inferenceStatus": "not-loaded"}