{"_id": "63ab516bd13a8d45599460dc", "id": "fabiochiu/dddoge-dog", "modelId": "fabiochiu/dddoge-dog", "author": "fabiochiu", "sha": "7a0aea438b731207daa87b0ccb5f94f813c3c5ea", "lastModified": "2023-08-03T07:55:13.000Z", "private": false, "disabled": false, "gated": false, "pipeline_tag": "text-to-image", "tags": ["diffusers", "pytorch", "stable-diffusion", "text-to-image", "diffusion-models-class", "dreambooth-hackathon", "animal", "dataset:fabiochiu/doge", "license:creativeml-openrail-m", "autotrain_compatible", "endpoints_compatible", "diffusers:StableDiffusionPipeline", "region:us"], "downloads": 0, "library_name": "diffusers", "widgetData": [{"text": "a photo of dddoge dog in the Acropolis"}], "likes": 0, "model-index": null, "config": {"diffusers": {"_class_name": "StableDiffusionPipeline"}}, "cardData": {"license": "creativeml-openrail-m", "tags": ["pytorch", "diffusers", "stable-diffusion", "text-to-image", "diffusion-models-class", "dreambooth-hackathon", "animal"], "datasets": "fabiochiu/doge", "widget": [{"text": "a photo of dddoge dog in the Acropolis"}]}, "siblings": [{"rfilename": ".gitattributes"}, {"rfilename": "README.md"}, {"rfilename": "feature_extractor/preprocessor_config.json"}, {"rfilename": "model_index.json"}, {"rfilename": "safety_checker/config.json"}, {"rfilename": "safety_checker/pytorch_model.bin"}, {"rfilename": "scheduler/scheduler_config.json"}, {"rfilename": "text_encoder/config.json"}, {"rfilename": "text_encoder/pytorch_model.bin"}, {"rfilename": "tokenizer/merges.txt"}, {"rfilename": "tokenizer/special_tokens_map.json"}, {"rfilename": "tokenizer/tokenizer_config.json"}, {"rfilename": "tokenizer/vocab.json"}, {"rfilename": "unet/config.json"}, {"rfilename": "unet/diffusion_pytorch_model.bin"}, {"rfilename": "vae/config.json"}, {"rfilename": "vae/diffusion_pytorch_model.bin"}], "spaces": [], "createdAt": "2022-12-27T20:11:23.000Z", "inferenceStatus": "not-loaded"}