{"_id": "63bd5fdd0a7cc50a4f23e650", "id": "FabioDataGeek/ppo-LunarLander-v2", "modelId": "FabioDataGeek/ppo-LunarLander-v2", "author": "FabioDataGeek", "sha": "00ec76034c65ebcee633e07fcbebe95c1bfd7aff", "lastModified": "2023-05-02T06:37:58.000Z", "private": false, "disabled": false, "gated": false, "pipeline_tag": "reinforcement-learning", "tags": ["transformers", "tensorboard", "LunarLander-v2", "ppo", "deep-reinforcement-learning", "reinforcement-learning", "custom-implementation", "deep-rl-course", "model-index", "endpoints_compatible", "region:us"], "downloads": 1, "library_name": "transformers", "likes": 0, "model-index": [{"name": "PPO", "results": [{"task": {"type": "reinforcement-learning", "name": "reinforcement-learning"}, "dataset": {"name": "LunarLander-v2", "type": "LunarLander-v2"}, "metrics": [{"type": "mean_reward", "value": "-132.77 +/- 74.31", "name": "mean_reward", "verified": false}]}]}], "config": {}, "cardData": {"tags": ["LunarLander-v2", "ppo", "deep-reinforcement-learning", "reinforcement-learning", "custom-implementation", "deep-rl-course"], "model-index": [{"name": "PPO", "results": [{"task": {"type": "reinforcement-learning", "name": "reinforcement-learning"}, "dataset": {"name": "LunarLander-v2", "type": "LunarLander-v2"}, "metrics": [{"type": "mean_reward", "value": "-132.77 +/- 74.31", "name": "mean_reward", "verified": false}]}]}]}, "transformersInfo": {"auto_model": "AutoModel"}, "siblings": [{"rfilename": ".gitattributes"}, {"rfilename": "README.md"}, {"rfilename": "config.json"}, {"rfilename": "logs/events.out.tfevents.1682976342.fabio-Katana-GF66-12UC.32163.0"}, {"rfilename": "logs/events.out.tfevents.1683007954.fabio-Katana-GF66-12UC.7385.0"}, {"rfilename": "logs/events.out.tfevents.1683008945.fabio-Katana-GF66-12UC.9837.0"}, {"rfilename": "logs/events.out.tfevents.1683009273.fabio-Katana-GF66-12UC.10693.0"}, {"rfilename": "model.pt"}, {"rfilename": "ppo-LunarLander-v2.zip"}, {"rfilename": "ppo-LunarLander-v2/_stable_baselines3_version"}, {"rfilename": "ppo-LunarLander-v2/data"}, {"rfilename": "ppo-LunarLander-v2/policy.optimizer.pth"}, {"rfilename": "ppo-LunarLander-v2/policy.pth"}, {"rfilename": "ppo-LunarLander-v2/pytorch_variables.pth"}, {"rfilename": "ppo-LunarLander-v2/system_info.txt"}, {"rfilename": "replay.mp4"}, {"rfilename": "results.json"}], "spaces": [], "createdAt": "2023-01-10T12:53:49.000Z", "inferenceStatus": "not-loaded"}