{"_id": "651cc9e412c7109a3bbd1c9d", "id": "Fabianozp/Fabianozpx", "modelId": "Fabianozp/Fabianozpx", "author": "Fabianozp", "sha": "6912ab25c76e3a4e1cb4f3e0d17d495ea47f67f0", "lastModified": "2023-10-04T02:11:48.000Z", "private": false, "disabled": false, "gated": false, "tags": ["license:apache-2.0", "region:us"], "downloads": 0, "likes": 0, "model-index": null, "cardData": {"license": "apache-2.0"}, "siblings": [{"rfilename": ".gitattributes"}, {"rfilename": "README.md"}], "spaces": [], "createdAt": "2023-10-04T02:11:48.000Z", "inferenceStatus": "not-loaded"}