{"_id": "621ffdc036468d709f17546d", "id": "FabianGroeger/HotelBERT-small", "modelId": "FabianGroeger/HotelBERT-small", "author": "FabianGroeger", "sha": "367aa3d306b5ddff5e119e1b88fe8e378f178de3", "lastModified": "2021-11-18T05:39:47.000Z", "private": false, "disabled": false, "gated": false, "pipeline_tag": "fill-mask", "tags": ["transformers", "pytorch", "tf", "roberta", "fill-mask", "de", "autotrain_compatible", "endpoints_compatible", "region:us"], "downloads": 7, "library_name": "transformers", "mask_token": "<mask>", "widgetData": [{"text": "Das <mask> hat sich toll um uns gek\u00fcmmert."}], "likes": 0, "model-index": null, "config": {"architectures": ["RobertaForMaskedLM"], "model_type": "roberta"}, "cardData": {"language": "de", "widget": [{"text": "Das <mask> hat sich toll um uns gek\u00fcmmert."}]}, "transformersInfo": {"auto_model": "AutoModelForMaskedLM", "pipeline_tag": "fill-mask", "processor": "AutoTokenizer"}, "siblings": [{"rfilename": ".gitattributes"}, {"rfilename": "README.md"}, {"rfilename": "config.json"}, {"rfilename": "merges.txt"}, {"rfilename": "pytorch_model.bin"}, {"rfilename": "tf_model.h5"}, {"rfilename": "training_args.bin"}, {"rfilename": "vocab.json"}], "spaces": [], "createdAt": "2022-03-02T23:29:04.000Z", "inferenceStatus": "not-loaded"}