{"_id": "6601c0737a3a9bbfcdbed0d0", "id": "fabinatix/distilbert-base-uncased-finetuned-asrs", "modelId": "fabinatix/distilbert-base-uncased-finetuned-asrs", "author": "fabinatix", "sha": "cdbcea3a50bc18254d3918b76593dea5ee6292be", "lastModified": "2024-03-25T18:20:35.000Z", "private": false, "disabled": false, "gated": false, "tags": ["region:us"], "downloads": 0, "likes": 0, "siblings": [{"rfilename": ".gitattributes"}], "spaces": [], "createdAt": "2024-03-25T18:20:35.000Z", "inferenceStatus": "not-loaded"}