{"_id": "628b7da4488ff0ea1c711622", "id": "fabiochiu/q-FrozenLake-v1-8x8-no-slippery", "modelId": "fabiochiu/q-FrozenLake-v1-8x8-no-slippery", "author": "fabiochiu", "sha": "e9b7edcd95d0b93abd7eb1e233508d74b6980f0a", "lastModified": "2022-05-23T12:34:49.000Z", "private": false, "disabled": false, "gated": false, "pipeline_tag": "reinforcement-learning", "tags": ["FrozenLake-v1-8x8-no_slippery", "q-learning", "reinforcement-learning", "custom-implementation", "model-index", "region:us"], "downloads": 0, "likes": 0, "model-index": [{"name": "q-FrozenLake-v1-8x8-no-slippery", "results": [{"metrics": [{"type": "mean_reward", "value": "1.00 +/- 0.00", "name": "mean_reward", "verified": false}], "task": {"type": "reinforcement-learning", "name": "reinforcement-learning"}, "dataset": {"name": "FrozenLake-v1-8x8-no_slippery", "type": "FrozenLake-v1-8x8-no_slippery"}}]}], "cardData": {"tags": ["FrozenLake-v1-8x8-no_slippery", "q-learning", "reinforcement-learning", "custom-implementation"], "model-index": [{"name": "q-FrozenLake-v1-8x8-no-slippery", "results": [{"metrics": [{"type": "mean_reward", "value": "1.00 +/- 0.00", "name": "mean_reward", "verified": false}], "task": {"type": "reinforcement-learning", "name": "reinforcement-learning"}, "dataset": {"name": "FrozenLake-v1-8x8-no_slippery", "type": "FrozenLake-v1-8x8-no_slippery"}}]}]}, "siblings": [{"rfilename": ".gitattributes"}, {"rfilename": "README.md"}, {"rfilename": "q-learning.pkl"}, {"rfilename": "replay.mp4"}, {"rfilename": "results.json"}], "spaces": [], "createdAt": "2022-05-23T12:27:16.000Z", "inferenceStatus": "not-loaded"}