{"_id": "63be7983a2f6fcbfa7efdec6", "id": "FabioDataGeek/ppo-Huggy", "modelId": "FabioDataGeek/ppo-Huggy", "author": "FabioDataGeek", "sha": "19995d92b3ecd558fb61f440d120b49076e61eff", "lastModified": "2023-01-11T08:55:37.000Z", "private": false, "disabled": false, "gated": false, "pipeline_tag": "reinforcement-learning", "tags": ["ml-agents", "tensorboard", "onnx", "unity-ml-agents", "deep-reinforcement-learning", "reinforcement-learning", "ML-Agents-Huggy", "region:us"], "downloads": 4, "library_name": "ml-agents", "likes": 0, "model-index": null, "config": {}, "cardData": {"tags": ["unity-ml-agents", "ml-agents", "deep-reinforcement-learning", "reinforcement-learning", "ML-Agents-Huggy"], "library_name": "ml-agents"}, "siblings": [{"rfilename": ".gitattributes"}, {"rfilename": "Huggy.onnx"}, {"rfilename": "Huggy/Huggy-1199976.onnx"}, {"rfilename": "Huggy/Huggy-1199976.pt"}, {"rfilename": "Huggy/Huggy-1399869.onnx"}, {"rfilename": "Huggy/Huggy-1399869.pt"}, {"rfilename": "Huggy/Huggy-1599988.onnx"}, {"rfilename": "Huggy/Huggy-1599988.pt"}, {"rfilename": "Huggy/Huggy-1799486.onnx"}, {"rfilename": "Huggy/Huggy-1799486.pt"}, {"rfilename": "Huggy/Huggy-1999320.onnx"}, {"rfilename": "Huggy/Huggy-1999320.pt"}, {"rfilename": "Huggy/Huggy-199976.onnx"}, {"rfilename": "Huggy/Huggy-199976.pt"}, {"rfilename": "Huggy/Huggy-2000070.onnx"}, {"rfilename": "Huggy/Huggy-2000070.pt"}, {"rfilename": "Huggy/Huggy-399849.onnx"}, {"rfilename": "Huggy/Huggy-399849.pt"}, {"rfilename": "Huggy/Huggy-599933.onnx"}, {"rfilename": "Huggy/Huggy-599933.pt"}, {"rfilename": "Huggy/Huggy-799870.onnx"}, {"rfilename": "Huggy/Huggy-799870.pt"}, {"rfilename": "Huggy/Huggy-999991.onnx"}, {"rfilename": "Huggy/Huggy-999991.pt"}, {"rfilename": "Huggy/checkpoint.pt"}, {"rfilename": "Huggy/events.out.tfevents.1673424753.0d3ccd5c4dc4.3951.0"}, {"rfilename": "README.md"}, {"rfilename": "config.json"}, {"rfilename": "configuration.yaml"}, {"rfilename": "run_logs/Player-0.log"}, {"rfilename": "run_logs/timers.json"}, {"rfilename": "run_logs/training_status.json"}], "spaces": [], "createdAt": "2023-01-11T08:55:31.000Z", "inferenceStatus": "not-loaded"}