{"_id": "621ffdc136468d709f17adb3", "id": "fabriceyhc/bert-base-uncased-yahoo_answers_topics", "modelId": "fabriceyhc/bert-base-uncased-yahoo_answers_topics", "author": "fabriceyhc", "sha": "968176fc24a2eb73cac26ab4312d8b22da98486a", "lastModified": "2021-09-21T00:54:22.000Z", "private": false, "disabled": false, "gated": false, "pipeline_tag": "text-classification", "tags": ["transformers", "pytorch", "bert", "text-classification", "generated_from_trainer", "sibyl", "dataset:yahoo_answers_topics", "license:apache-2.0", "model-index", "autotrain_compatible", "endpoints_compatible", "region:us"], "downloads": 60583, "library_name": "transformers", "mask_token": "[MASK]", "widgetData": [{"text": "I like you. I love you"}], "likes": 3, "model-index": [{"name": "bert-base-uncased-yahoo_answers_topics", "results": [{"task": {"name": "Text Classification", "type": "text-classification"}, "dataset": {"name": "yahoo_answers_topics", "type": "yahoo_answers_topics", "args": "yahoo_answers_topics"}, "metrics": [{"name": "Accuracy", "type": "accuracy", "value": 0.7499166666666667, "verified": false}]}]}], "config": {"architectures": ["BertForSequenceClassification"], "model_type": "bert", "tokenizer_config": {"unk_token": "[UNK]", "sep_token": "[SEP]", "pad_token": "[PAD]", "cls_token": "[CLS]", "mask_token": "[MASK]"}}, "cardData": {"license": "apache-2.0", "tags": ["generated_from_trainer", "sibyl"], "datasets": ["yahoo_answers_topics"], "metrics": ["accuracy"], "model-index": [{"name": "bert-base-uncased-yahoo_answers_topics", "results": [{"task": {"name": "Text Classification", "type": "text-classification"}, "dataset": {"name": "yahoo_answers_topics", "type": "yahoo_answers_topics", "args": "yahoo_answers_topics"}, "metrics": [{"name": "Accuracy", "type": "accuracy", "value": 0.7499166666666667, "verified": false}]}]}]}, "transformersInfo": {"auto_model": "AutoModelForSequenceClassification", "pipeline_tag": "text-classification", "processor": "AutoTokenizer"}, "siblings": [{"rfilename": ".gitattributes"}, {"rfilename": ".gitignore"}, {"rfilename": "README.md"}, {"rfilename": "config.json"}, {"rfilename": "pytorch_model.bin"}, {"rfilename": "special_tokens_map.json"}, {"rfilename": "tokenizer.json"}, {"rfilename": "tokenizer_config.json"}, {"rfilename": "training_args.bin"}, {"rfilename": "vocab.txt"}], "spaces": ["leehug/fabriceyhc-bert-base-uncased-yahoo_answers_topics"], "createdAt": "2022-03-02T23:29:05.000Z", "inferenceStatus": "not-loaded"}