{"_id": "621ffdc136468d709f17adb2", "id": "fabriceyhc/bert-base-uncased-imdb", "modelId": "fabriceyhc/bert-base-uncased-imdb", "author": "fabriceyhc", "sha": "666b83f65386de3a55d0f96f4b4d96f00c5e31db", "lastModified": "2022-08-30T00:40:47.000Z", "private": false, "disabled": false, "gated": false, "pipeline_tag": "text-classification", "tags": ["transformers", "pytorch", "bert", "text-classification", "generated_from_trainer", "sibyl", "dataset:imdb", "license:apache-2.0", "model-index", "autotrain_compatible", "endpoints_compatible", "region:us"], "downloads": 2057, "library_name": "transformers", "mask_token": "[MASK]", "widgetData": [{"text": "I like you. I love you"}], "likes": 0, "model-index": [{"name": "bert-base-uncased-imdb", "results": [{"task": {"name": "Text Classification", "type": "text-classification"}, "dataset": {"name": "imdb", "type": "imdb", "args": "plain_text"}, "metrics": [{"name": "Accuracy", "type": "accuracy", "value": 0.91264, "verified": false}]}]}], "config": {"architectures": ["BertForSequenceClassification"], "model_type": "bert", "tokenizer_config": {"unk_token": "[UNK]", "sep_token": "[SEP]", "pad_token": "[PAD]", "cls_token": "[CLS]", "mask_token": "[MASK]"}}, "cardData": {"license": "apache-2.0", "tags": ["generated_from_trainer", "sibyl"], "datasets": ["imdb"], "metrics": ["accuracy"], "model-index": [{"name": "bert-base-uncased-imdb", "results": [{"task": {"name": "Text Classification", "type": "text-classification"}, "dataset": {"name": "imdb", "type": "imdb", "args": "plain_text"}, "metrics": [{"name": "Accuracy", "type": "accuracy", "value": 0.91264, "verified": false}]}]}]}, "transformersInfo": {"auto_model": "AutoModelForSequenceClassification", "pipeline_tag": "text-classification", "processor": "AutoTokenizer"}, "siblings": [{"rfilename": ".gitattributes"}, {"rfilename": ".gitignore"}, {"rfilename": "README.md"}, {"rfilename": "config.json"}, {"rfilename": "pytorch_model.bin"}, {"rfilename": "special_tokens_map.json"}, {"rfilename": "tokenizer.json"}, {"rfilename": "tokenizer_config.json"}, {"rfilename": "training_args.bin"}, {"rfilename": "vocab.txt"}], "spaces": ["bhumikamittal/noddy"], "createdAt": "2022-03-02T23:29:05.000Z", "inferenceStatus": "not-loaded"}