{"_id": "667e20b0d29e971c593a418f", "id": "fabriziofalcon26/docs", "modelId": "fabriziofalcon26/docs", "author": "fabriziofalcon26", "sha": "6e96bf8e2e1b157c91afd71b70e8763ad62b6965", "lastModified": "2024-06-28T03:03:11.000Z", "private": false, "disabled": false, "gated": false, "tags": ["region:us"], "downloads": 0, "likes": 0, "siblings": [{"rfilename": ".gitattributes"}, {"rfilename": "app.ipynb"}, {"rfilename": "data.csv"}, {"rfilename": "requirement.txt"}], "spaces": [], "createdAt": "2024-06-28T02:32:16.000Z", "inferenceStatus": "not-loaded"}