{"_id": "64a2f0cda5eff397a3d98775", "id": "FabriLluvia/BOT", "modelId": "FabriLluvia/BOT", "author": "FabriLluvia", "sha": "cc0e20aeea84ed8e3d003f0b8143baaa39f76479", "lastModified": "2023-07-03T16:03:08.000Z", "private": false, "disabled": false, "gated": false, "pipeline_tag": "fill-mask", "tags": ["adapter-transformers", "code", "fill-mask", "es", "en", "dataset:OpenAssistant/oasst1", "dataset:fka/awesome-chatgpt-prompts", "license:apache-2.0", "region:us"], "downloads": 0, "library_name": "adapter-transformers", "widgetData": [{"text": "Mi nombre es <mask> y vivo en Nueva York."}, {"text": "El espa\u00f1ol es un idioma muy <mask> en el mundo."}], "likes": 0, "model-index": null, "cardData": {"license": "apache-2.0", "datasets": ["OpenAssistant/oasst1", "fka/awesome-chatgpt-prompts"], "language": ["es", "en"], "metrics": ["accuracy"], "library_name": "adapter-transformers", "pipeline_tag": "fill-mask", "tags": ["code"]}, "siblings": [{"rfilename": ".gitattributes"}, {"rfilename": "README.md"}], "spaces": [], "createdAt": "2023-07-03T16:01:17.000Z", "inferenceStatus": "not-loaded"}