{"_id": "6638189f5bb2226a57e2675b", "id": "Fabricioalan/cpmarselo", "modelId": "Fabricioalan/cpmarselo", "author": "Fabricioalan", "sha": "c44c15cf22b3c53c59c34c511e7dabc0296586c6", "lastModified": "2024-05-05T23:41:15.000Z", "private": false, "disabled": false, "gated": false, "tags": ["license:openrail", "region:us"], "downloads": 0, "likes": 0, "model-index": null, "cardData": {"license": "openrail"}, "siblings": [{"rfilename": ".gitattributes"}, {"rfilename": "README.md"}, {"rfilename": "cpmarselo.zip"}], "spaces": [], "createdAt": "2024-05-05T23:39:11.000Z", "inferenceStatus": "not-loaded"}