{"_id": "6629e722471f1981347f3ea2", "id": "Fabricioalan/tiranovoice", "modelId": "Fabricioalan/tiranovoice", "author": "Fabricioalan", "sha": "f4edc8825549dcf12963126112971c5408be6670", "lastModified": "2024-04-25T05:17:06.000Z", "private": false, "disabled": false, "gated": false, "tags": ["region:us"], "downloads": 0, "likes": 0, "siblings": [{"rfilename": ".gitattributes"}, {"rfilename": "tiranovoice.zip"}], "spaces": [], "createdAt": "2024-04-25T05:16:18.000Z", "inferenceStatus": "not-loaded"}