{"_id": "621ffdc136468d709f17adb4", "id": "fabriceyhc/bert-base-uncased-yelp_polarity", "modelId": "fabriceyhc/bert-base-uncased-yelp_polarity", "author": "fabriceyhc", "sha": "5793d97b55d24e604d9157704e9d3a76735515c1", "lastModified": "2021-10-08T09:42:27.000Z", "private": false, "disabled": false, "gated": false, "pipeline_tag": "text-classification", "tags": ["transformers", "pytorch", "bert", "text-classification", "generated_from_trainer", "sibyl", "dataset:yelp_polarity", "license:apache-2.0", "model-index", "autotrain_compatible", "endpoints_compatible", "region:us"], "downloads": 208, "library_name": "transformers", "mask_token": "[MASK]", "widgetData": [{"text": "I like you. I love you"}], "likes": 0, "model-index": [{"name": "bert-base-uncased-yelp_polarity", "results": [{"task": {"name": "Text Classification", "type": "text-classification"}, "dataset": {"name": "yelp_polarity", "type": "yelp_polarity", "args": "plain_text"}, "metrics": [{"name": "Accuracy", "type": "accuracy", "value": 0.9516052631578947, "verified": false}]}]}], "config": {"architectures": ["BertForSequenceClassification"], "model_type": "bert", "tokenizer_config": {"unk_token": "[UNK]", "sep_token": "[SEP]", "pad_token": "[PAD]", "cls_token": "[CLS]", "mask_token": "[MASK]"}}, "cardData": {"license": "apache-2.0", "tags": ["generated_from_trainer", "sibyl"], "datasets": ["yelp_polarity"], "metrics": ["accuracy"], "model-index": [{"name": "bert-base-uncased-yelp_polarity", "results": [{"task": {"name": "Text Classification", "type": "text-classification"}, "dataset": {"name": "yelp_polarity", "type": "yelp_polarity", "args": "plain_text"}, "metrics": [{"name": "Accuracy", "type": "accuracy", "value": 0.9516052631578947, "verified": false}]}]}]}, "transformersInfo": {"auto_model": "AutoModelForSequenceClassification", "pipeline_tag": "text-classification", "processor": "AutoTokenizer"}, "siblings": [{"rfilename": ".gitattributes"}, {"rfilename": ".gitignore"}, {"rfilename": "README.md"}, {"rfilename": "config.json"}, {"rfilename": "pytorch_model.bin"}, {"rfilename": "special_tokens_map.json"}, {"rfilename": "tokenizer.json"}, {"rfilename": "tokenizer_config.json"}, {"rfilename": "training_args.bin"}, {"rfilename": "vocab.txt"}], "spaces": [], "createdAt": "2022-03-02T23:29:05.000Z", "inferenceStatus": "not-loaded"}