{"_id": "639b8a38f44c46d8af5515fe", "id": "fabraz/ppo-LunarLander-v2", "modelId": "fabraz/ppo-LunarLander-v2", "author": "fabraz", "sha": "3a74e1d370d39857e472aec527ff7e9e06a64c7f", "lastModified": "2022-12-15T20:57:52.000Z", "private": false, "disabled": false, "gated": false, "pipeline_tag": "reinforcement-learning", "tags": ["stable-baselines3", "LunarLander-v2", "deep-reinforcement-learning", "reinforcement-learning", "model-index", "region:us"], "downloads": 0, "library_name": "stable-baselines3", "likes": 0, "model-index": [{"name": "PPO", "results": [{"task": {"type": "reinforcement-learning", "name": "reinforcement-learning"}, "dataset": {"name": "LunarLander-v2", "type": "LunarLander-v2"}, "metrics": [{"type": "mean_reward", "value": "286.59 +/- 20.22", "name": "mean_reward", "verified": false}]}]}], "config": {}, "cardData": {"library_name": "stable-baselines3", "tags": ["LunarLander-v2", "deep-reinforcement-learning", "reinforcement-learning", "stable-baselines3"], "model-index": [{"name": "PPO", "results": [{"task": {"type": "reinforcement-learning", "name": "reinforcement-learning"}, "dataset": {"name": "LunarLander-v2", "type": "LunarLander-v2"}, "metrics": [{"type": "mean_reward", "value": "286.59 +/- 20.22", "name": "mean_reward", "verified": false}]}]}]}, "siblings": [{"rfilename": ".gitattributes"}, {"rfilename": "README.md"}, {"rfilename": "config.json"}, {"rfilename": "ppo-LunarLander-v2-unit1.zip"}, {"rfilename": "ppo-LunarLander-v2-unit1/_stable_baselines3_version"}, {"rfilename": "ppo-LunarLander-v2-unit1/data"}, {"rfilename": "ppo-LunarLander-v2-unit1/policy.optimizer.pth"}, {"rfilename": "ppo-LunarLander-v2-unit1/policy.pth"}, {"rfilename": "ppo-LunarLander-v2-unit1/pytorch_variables.pth"}, {"rfilename": "ppo-LunarLander-v2-unit1/system_info.txt"}, {"rfilename": "replay.mp4"}, {"rfilename": "results.json"}], "spaces": [], "createdAt": "2022-12-15T20:57:28.000Z", "inferenceStatus": "not-loaded"}