{"_id": "621ffdc136468d709f17adb1", "id": "fabriceyhc/bert-base-uncased-dbpedia_14", "modelId": "fabriceyhc/bert-base-uncased-dbpedia_14", "author": "fabriceyhc", "sha": "1fbfc3deaa280fcf16372746ca21363313357376", "lastModified": "2021-09-21T00:56:12.000Z", "private": false, "disabled": false, "gated": false, "pipeline_tag": "text-classification", "tags": ["transformers", "pytorch", "bert", "text-classification", "generated_from_trainer", "sibyl", "dataset:dbpedia_14", "license:apache-2.0", "model-index", "autotrain_compatible", "endpoints_compatible", "region:us"], "downloads": 15, "library_name": "transformers", "mask_token": "[MASK]", "widgetData": [{"text": "I like you. I love you"}], "likes": 0, "model-index": [{"name": "bert-base-uncased-dbpedia_14", "results": [{"task": {"name": "Text Classification", "type": "text-classification"}, "dataset": {"name": "dbpedia_14", "type": "dbpedia_14", "args": "dbpedia_14"}, "metrics": [{"name": "Accuracy", "type": "accuracy", "value": 0.9902857142857143, "verified": false}]}]}], "config": {"architectures": ["BertForSequenceClassification"], "model_type": "bert", "tokenizer_config": {"unk_token": "[UNK]", "sep_token": "[SEP]", "pad_token": "[PAD]", "cls_token": "[CLS]", "mask_token": "[MASK]"}}, "cardData": {"license": "apache-2.0", "tags": ["generated_from_trainer", "sibyl"], "datasets": ["dbpedia_14"], "metrics": ["accuracy"], "model-index": [{"name": "bert-base-uncased-dbpedia_14", "results": [{"task": {"name": "Text Classification", "type": "text-classification"}, "dataset": {"name": "dbpedia_14", "type": "dbpedia_14", "args": "dbpedia_14"}, "metrics": [{"name": "Accuracy", "type": "accuracy", "value": 0.9902857142857143, "verified": false}]}]}]}, "transformersInfo": {"auto_model": "AutoModelForSequenceClassification", "pipeline_tag": "text-classification", "processor": "AutoTokenizer"}, "siblings": [{"rfilename": ".gitattributes"}, {"rfilename": ".gitignore"}, {"rfilename": "README.md"}, {"rfilename": "config.json"}, {"rfilename": "pytorch_model.bin"}, {"rfilename": "special_tokens_map.json"}, {"rfilename": "tokenizer.json"}, {"rfilename": "tokenizer_config.json"}, {"rfilename": "training_args.bin"}, {"rfilename": "vocab.txt"}], "spaces": [], "createdAt": "2022-03-02T23:29:05.000Z", "inferenceStatus": "not-loaded"}