{"_id": "621ffdc136468d709f17adaf", "id": "fabriceyhc/bert-base-uncased-ag_news", "modelId": "fabriceyhc/bert-base-uncased-ag_news", "author": "fabriceyhc", "sha": "c14e3b32fe1f757639b9751bdff3ea3c8c3b4a6b", "lastModified": "2021-09-21T00:54:07.000Z", "private": false, "disabled": false, "gated": false, "pipeline_tag": "text-classification", "tags": ["transformers", "pytorch", "bert", "text-classification", "generated_from_trainer", "sibyl", "dataset:ag_news", "license:apache-2.0", "model-index", "autotrain_compatible", "endpoints_compatible", "region:us"], "downloads": 10141, "library_name": "transformers", "mask_token": "[MASK]", "widgetData": [{"text": "I like you. I love you"}], "likes": 0, "model-index": [{"name": "bert-base-uncased-ag_news", "results": [{"task": {"name": "Text Classification", "type": "text-classification"}, "dataset": {"name": "ag_news", "type": "ag_news", "args": "default"}, "metrics": [{"name": "Accuracy", "type": "accuracy", "value": 0.9375, "verified": false}]}]}], "config": {"architectures": ["BertForSequenceClassification"], "model_type": "bert", "tokenizer_config": {"unk_token": "[UNK]", "sep_token": "[SEP]", "pad_token": "[PAD]", "cls_token": "[CLS]", "mask_token": "[MASK]"}}, "cardData": {"license": "apache-2.0", "tags": ["generated_from_trainer", "sibyl"], "datasets": ["ag_news"], "metrics": ["accuracy"], "model-index": [{"name": "bert-base-uncased-ag_news", "results": [{"task": {"name": "Text Classification", "type": "text-classification"}, "dataset": {"name": "ag_news", "type": "ag_news", "args": "default"}, "metrics": [{"name": "Accuracy", "type": "accuracy", "value": 0.9375, "verified": false}]}]}]}, "transformersInfo": {"auto_model": "AutoModelForSequenceClassification", "pipeline_tag": "text-classification", "processor": "AutoTokenizer"}, "siblings": [{"rfilename": ".gitattributes"}, {"rfilename": ".gitignore"}, {"rfilename": "README.md"}, {"rfilename": "config.json"}, {"rfilename": "pytorch_model.bin"}, {"rfilename": "special_tokens_map.json"}, {"rfilename": "tokenizer.json"}, {"rfilename": "tokenizer_config.json"}, {"rfilename": "training_args.bin"}, {"rfilename": "vocab.txt"}], "spaces": [], "createdAt": "2022-03-02T23:29:05.000Z", "inferenceStatus": "not-loaded"}