{"_id": "667e294d614aa47e9a6630a3", "id": "fabriziofalcon26/pregunta5", "modelId": "fabriziofalcon26/pregunta5", "author": "fabriziofalcon26", "sha": "86b94f8b682bc7db73c90926ff87b6a447c56ec7", "lastModified": "2024-06-28T03:09:28.000Z", "private": false, "disabled": false, "gated": false, "tags": ["region:us"], "downloads": 0, "likes": 0, "siblings": [{"rfilename": ".gitattributes"}, {"rfilename": "app.ipynb"}, {"rfilename": "data.csv"}, {"rfilename": "requirement.txt"}], "spaces": [], "createdAt": "2024-06-28T03:09:01.000Z", "inferenceStatus": "not-loaded"}