{"_id": "6630f197fee2317f6509cb4a", "id": "fabst/openai-whisper-tiny-swiss-german-1714483336", "modelId": "fabst/openai-whisper-tiny-swiss-german-1714483336", "author": "fabst", "sha": "42a6310b520b80573c446800abe3b7c2e3119414", "lastModified": "2024-04-30T13:26:47.000Z", "private": false, "disabled": false, "gated": false, "tags": ["region:us"], "downloads": 0, "likes": 0, "siblings": [{"rfilename": ".gitattributes"}], "spaces": [], "createdAt": "2024-04-30T13:26:47.000Z", "inferenceStatus": "not-loaded"}