{"_id": "6421071436e47752c315b1d2", "id": "facat/alpaca-lora-cn-13b", "modelId": "facat/alpaca-lora-cn-13b", "author": "facat", "sha": "0cfbebc27ba355301836b4138fed460289400dd9", "lastModified": "2023-03-27T16:55:30.000Z", "private": false, "disabled": false, "gated": false, "tags": ["zh", "dataset:BelleGroup/generated_train_0.5M_CN", "dataset:JosephusCheung/GuanacoDataset", "license:apache-2.0", "region:us"], "downloads": 0, "likes": 6, "model-index": null, "cardData": {"license": "apache-2.0", "datasets": ["BelleGroup/generated_train_0.5M_CN", "JosephusCheung/GuanacoDataset"], "language": ["zh"]}, "siblings": [{"rfilename": ".gitattributes"}, {"rfilename": "README.md"}, {"rfilename": "adapter_config.json"}, {"rfilename": "adapter_model.bin"}], "spaces": [], "createdAt": "2023-03-27T03:01:40.000Z", "inferenceStatus": "not-loaded"}