{"_id": "665b88735fbc1767bd92dc70", "id": "FacchiMarco/marco", "modelId": "FacchiMarco/marco", "author": "FacchiMarco", "sha": "6f03828f55ecd190d308256c395de043adc61a3e", "lastModified": "2024-06-01T20:45:39.000Z", "private": false, "disabled": false, "gated": false, "pipeline_tag": "text-to-image", "tags": ["diffusers", "text-to-image", "stable-diffusion", "lora", "template:sd-lora", "base_model:runwayml/stable-diffusion-v1-5", "license:apache-2.0", "region:us"], "downloads": 0, "library_name": "diffusers", "widgetData": [{"text": "UNICODE\u0000\u00003\u0000d\u0000 \u0000c\u0000a\u0000s\u0000e\u0000", "output": {"url": "https://huggingface.co/FacchiMarco/marco/resolve/main/images/image%20(10).jpeg"}}], "likes": 0, "model-index": null, "cardData": {"tags": ["text-to-image", "stable-diffusion", "lora", "diffusers", "template:sd-lora"], "widget": [{"text": "UNICODE\u0000\u00003\u0000d\u0000 \u0000c\u0000a\u0000s\u0000e\u0000", "output": {"url": "https://huggingface.co/FacchiMarco/marco/resolve/main/images/image%20(10).jpeg"}}], "base_model": "runwayml/stable-diffusion-v1-5", "instance_prompt": null, "license": "apache-2.0"}, "siblings": [{"rfilename": ".gitattributes"}, {"rfilename": "README.md"}], "spaces": [], "createdAt": "2024-06-01T20:45:39.000Z", "inferenceStatus": "not-loaded"}