{"_id": "621ffdc036468d709f17435b", "id": "FacebookAI/xlm-clm-enfr-1024", "modelId": "FacebookAI/xlm-clm-enfr-1024", "author": "FacebookAI", "sha": "715cf0b3b4486b757a707886e62ae8e906867a18", "lastModified": "2023-01-24T14:49:55.000Z", "private": false, "disabled": false, "gated": false, "pipeline_tag": "fill-mask", "tags": ["transformers", "pytorch", "tf", "xlm", "fill-mask", "multilingual", "en", "fr", "arxiv:1901.07291", "arxiv:1910.09700", "autotrain_compatible", "endpoints_compatible", "region:us"], "downloads": 197, "library_name": "transformers", "mask_token": "<special1>", "likes": 0, "model-index": null, "config": {"architectures": ["XLMWithLMHeadModel"], "model_type": "xlm", "tokenizer_config": {}}, "cardData": {"language": ["multilingual", "en", "fr"]}, "transformersInfo": {"auto_model": "AutoModelForMaskedLM", "pipeline_tag": "fill-mask", "processor": "AutoTokenizer"}, "siblings": [{"rfilename": ".gitattributes"}, {"rfilename": "README.md"}, {"rfilename": "config.json"}, {"rfilename": "generation_config.json"}, {"rfilename": "merges.txt"}, {"rfilename": "pytorch_model.bin"}, {"rfilename": "tf_model.h5"}, {"rfilename": "tokenizer_config.json"}, {"rfilename": "vocab.json"}], "spaces": ["ccolas/TastyPiano"], "createdAt": "2022-03-02T23:29:04.000Z", "inferenceStatus": "not-loaded"}