{"_id": "621ffdc136468d709f17adcc", "id": "facebook/convnext-tiny-224", "modelId": "facebook/convnext-tiny-224", "author": "facebook", "sha": "6166b7613034066690a621d8bf25ffdf181a34f0", "lastModified": "2023-06-13T19:40:31.000Z", "private": false, "disabled": false, "gated": false, "pipeline_tag": "image-classification", "tags": ["transformers", "pytorch", "tf", "convnext", "image-classification", "vision", "dataset:imagenet-1k", "arxiv:2201.03545", "license:apache-2.0", "autotrain_compatible", "endpoints_compatible", "region:us"], "downloads": 44738, "library_name": "transformers", "widgetData": [{"src": "https://huggingface.co/datasets/mishig/sample_images/resolve/main/tiger.jpg", "example_title": "Tiger"}, {"src": "https://huggingface.co/datasets/mishig/sample_images/resolve/main/teapot.jpg", "example_title": "Teapot"}, {"src": "https://huggingface.co/datasets/mishig/sample_images/resolve/main/palace.jpg", "example_title": "Palace"}], "likes": 15, "model-index": null, "config": {"architectures": ["ConvNextForImageClassification"], "model_type": "convnext"}, "cardData": {"license": "apache-2.0", "tags": ["vision", "image-classification"], "datasets": ["imagenet-1k"], "widget": [{"src": "https://huggingface.co/datasets/mishig/sample_images/resolve/main/tiger.jpg", "example_title": "Tiger"}, {"src": "https://huggingface.co/datasets/mishig/sample_images/resolve/main/teapot.jpg", "example_title": "Teapot"}, {"src": "https://huggingface.co/datasets/mishig/sample_images/resolve/main/palace.jpg", "example_title": "Palace"}]}, "transformersInfo": {"auto_model": "AutoModelForImageClassification", "pipeline_tag": "image-classification", "processor": "AutoImageProcessor"}, "siblings": [{"rfilename": ".gitattributes"}, {"rfilename": "README.md"}, {"rfilename": "config.json"}, {"rfilename": "preprocessor_config.json"}, {"rfilename": "pytorch_model.bin"}, {"rfilename": "tf_model.h5"}], "spaces": ["Nuno-Tome/simple_image_classifier", "taquynhnga/CNNs-interpretation-visualization", "jeffhaines/rice-disease-identifier", "ludusc/latent-space-theories", "fhuseyinogullari/Plant_Leaf_Diseases_Classification_Turkish", "Dannel/gender"], "createdAt": "2022-03-02T23:29:05.000Z", "inferenceStatus": "not-loaded"}