{"_id": "621ffdc136468d709f17adc3", "id": "facebook/convnext-base-224", "modelId": "facebook/convnext-base-224", "author": "facebook", "sha": "8550c1da008c99b90c9c42f1d4e1cb650d7a8c05", "lastModified": "2023-06-13T19:40:09.000Z", "private": false, "disabled": false, "gated": false, "pipeline_tag": "image-classification", "tags": ["transformers", "pytorch", "tf", "convnext", "image-classification", "vision", "dataset:imagenet-1k", "arxiv:2201.03545", "license:apache-2.0", "autotrain_compatible", "endpoints_compatible", "region:us"], "downloads": 1526, "library_name": "transformers", "widgetData": [{"src": "https://huggingface.co/datasets/mishig/sample_images/resolve/main/tiger.jpg", "example_title": "Tiger"}, {"src": "https://huggingface.co/datasets/mishig/sample_images/resolve/main/teapot.jpg", "example_title": "Teapot"}, {"src": "https://huggingface.co/datasets/mishig/sample_images/resolve/main/palace.jpg", "example_title": "Palace"}], "likes": 7, "model-index": null, "config": {"architectures": ["ConvNextForImageClassification"], "model_type": "convnext"}, "cardData": {"license": "apache-2.0", "tags": ["vision", "image-classification"], "datasets": ["imagenet-1k"], "widget": [{"src": "https://huggingface.co/datasets/mishig/sample_images/resolve/main/tiger.jpg", "example_title": "Tiger"}, {"src": "https://huggingface.co/datasets/mishig/sample_images/resolve/main/teapot.jpg", "example_title": "Teapot"}, {"src": "https://huggingface.co/datasets/mishig/sample_images/resolve/main/palace.jpg", "example_title": "Palace"}]}, "transformersInfo": {"auto_model": "AutoModelForImageClassification", "pipeline_tag": "image-classification", "processor": "AutoImageProcessor"}, "siblings": [{"rfilename": ".gitattributes"}, {"rfilename": "README.md"}, {"rfilename": "config.json"}, {"rfilename": "preprocessor_config.json"}, {"rfilename": "pytorch_model.bin"}, {"rfilename": "tf_model.h5"}], "spaces": ["juliensimon/battle_of_image_classifiers", "jnojun/model", "mewmnp/models", "aangel/models", "sonobit/facebook-model", "kornravee/facebook.model", "KIRASA/model", "SivaResearch/Opensource_imageClassifer_combo", "smoothjazzuser/AI_Model_Explainability"], "createdAt": "2022-03-02T23:29:05.000Z", "inferenceStatus": "not-loaded"}