{"_id": "621ffdc036468d709f174350", "id": "FacebookAI/roberta-base", "modelId": "FacebookAI/roberta-base", "author": "FacebookAI", "sha": "e2da8e2f811d1448a5b465c236feacd80ffbac7b", "lastModified": "2024-02-19T12:39:28.000Z", "private": false, "disabled": false, "gated": false, "pipeline_tag": "fill-mask", "tags": ["transformers", "pytorch", "tf", "jax", "rust", "safetensors", "roberta", "fill-mask", "exbert", "en", "dataset:bookcorpus", "dataset:wikipedia", "arxiv:1907.11692", "arxiv:1806.02847", "license:mit", "autotrain_compatible", "endpoints_compatible", "region:us"], "downloads": 9188043, "library_name": "transformers", "mask_token": "<mask>", "widgetData": [{"text": "Paris is the <mask> of France."}, {"text": "The goal of life is <mask>."}], "likes": 365, "model-index": null, "config": {"architectures": ["RobertaForMaskedLM"], "model_type": "roberta", "tokenizer_config": {}}, "cardData": {"language": "en", "tags": ["exbert"], "license": "mit", "datasets": ["bookcorpus", "wikipedia"]}, "transformersInfo": {"auto_model": "AutoModelForMaskedLM", "pipeline_tag": "fill-mask", "processor": "AutoTokenizer"}, "siblings": [{"rfilename": ".gitattributes"}, {"rfilename": "README.md"}, {"rfilename": "config.json"}, {"rfilename": "dict.txt"}, {"rfilename": "flax_model.msgpack"}, {"rfilename": "merges.txt"}, {"rfilename": "model.safetensors"}, {"rfilename": "pytorch_model.bin"}, {"rfilename": "rust_model.ot"}, {"rfilename": "tf_model.h5"}, {"rfilename": "tokenizer.json"}, {"rfilename": "tokenizer_config.json"}, {"rfilename": "vocab.json"}], "spaces": ["facebook/MusicGen", "yizhangliu/Grounded-Segment-Anything", "xinyu1205/recognize-anything", "hilamanor/audioEditing", "Audio-AGI/AudioSep", "declare-lab/mustango", "shikunl/prismer", "hallucinations-leaderboard/leaderboard", "IDEA-Research/Grounded-SAM", "exbert-project/exbert", "ShilongLiu/Grounding_DINO_demo", "openai/openai-detector", "haotiz/glip-zeroshot-demo", "GrandaddyShmax/AudioCraft_Plus", "Pinwheel/GLIP-BLIP-Object-Detection-VQA", "sam-hq-team/sam-hq", "shi-labs/Matting-Anything", "fffiloni/Video-Matting-Anything", "merve/Grounding_DINO_demo", "PirateXX/AI-Content-Detector", "sparse-generative-ai/open-moe-llm-leaderboard", "linfanluntan/Grounded-SAM", "society-ethics/model-card-regulatory-check", "unpairedelectron07/Text-to-Music-Generator", "sasha/BiasDetection", "AIGC-Audio/Make_An_Audio", "Gen-Sim/Gen-Sim", "codelion/Grounding_DINO_demo", "Nick088/Audio-SR", "AIGC-Audio/AudioLCM", "Volkopat/SegmentAnythingxGroundingDINO", "zdou0830/desco", "ucinlp/autoprompt", "sasha/WinoBiasCheck", "ccolas/TastyPiano", "hamacojr/CAT-Seg", "Make-A-Protagonist/Make-A-Protagonist-inference", "emilylearning/llm_uncertainty", "fffiloni/audioldm-text-to-audio-generation-copy", "hamacojr/SAM-CAT-Seg", "Prof-Reza/Audiocraft_Music-Audio_Generation", "mbahrami/Auto-Complete_Semantic", "taka-yamakoshi/tokenizer-demo", "Suniilkumaar/AudioSep", "AIGC-Audio/Make_An_Audio_inpaint", "emilylearning/spurious_correlation_evaluation", "Shredder/CONBERT-3", "PirateXX/ChatGPT-Content-Detector", "Caoyunkang/Segment-Any-Anomaly", "brainblow/AudioCreator_Music-Audio_Generation", "badayvedat/AudioSep", "anonymousauthorsanonymous/uncertainty", "deeplearning/audioldm-text-to-audio-generation", "xswu/HPSv2", "awqwqwq/MusicGen2", "jesoteric/Grounded-SAM", "BigSalmon/MASKK", "ansfarooq7/l4-project", "Gradio-Blocks/spurious_correlation_evaluation", "YouLiXiya/Mobile-SAM", "sunnyujjawal/AI-Music-Generator", "xhk/ASAM", "ofig/live-lm-critic", "amsterdamNLP/attention-rollout", "ICML2022/selection_bias_induced_spurious_correlations", "mohdelgaar/Clinical_Decisions", "jackyccl/segment-anything", "sohomghosh/FinLanSer_Financial_Language_Simplifier", "Gyufyjk/AudioCraft_Plus", "nikigoli/countgd", "kony1337/audioldm-text-to-audio-generation", "docs-demos/roberta-base", "mbahrami/AutoComplete", "nickil/weakly-supervised-parsing", "teticio/inBERTolate", "sasha/MetricCompare", "ilan541/OncUponTim", "EuroPython2022/ToxicCommentClassification", "Shredder/CONBERT-2", "sohomghosh/FLUEnT", "indichealth/indic-health-demo", "amsterdamNLP/value-zeroing", "FKBaffour/Gradio_App_for_Sentiment_Analysis", "Frederick/Clause_Segmentation_and_Classification", "dawood/audioldm-text-to-audio-generation", "PirateXX/AI-Content-Detector-From-PDF", "ben-epstein/ner-spans-to-tokens-tags", "nbroad/openai-detector-base", "mdj1412/movie_review_score_discriminator", "dragonSwing/annotate-anything", "AIConsultant/MusicGen", "Thanarit/GPT-Detection-Demo", "ZeroTwo3/videoshop-backend", "AchyuthGamer/MusicGen", "jbilcke-hf/ai-tube-model-musicgen-1", "ASAM-Team/ASAM", "Fabrice-TIERCELIN/Text-to-Music", "szili2011/audioEditingunlimitedinput", "charchits/zonic-generator", "Hev832/MusicGen"], "createdAt": "2022-03-02T23:29:04.000Z", "safetensors": {"parameters": {"F32": 124697433, "I64": 514}, "total": 124697947}, "inferenceStatus": "not-loaded"}