{"_id": "63ef87a76d27eff92b2667b7", "id": "facebook/convnextv2-nano-1k-224", "modelId": "facebook/convnextv2-nano-1k-224", "author": "facebook", "sha": "29f0ed1fae4af4722ef743b7926784b06e6329a9", "lastModified": "2023-09-26T17:19:45.000Z", "private": false, "disabled": false, "gated": false, "pipeline_tag": "image-classification", "tags": ["transformers", "pytorch", "tf", "convnextv2", "image-classification", "vision", "dataset:imagenet-1k", "arxiv:2301.00808", "license:apache-2.0", "autotrain_compatible", "endpoints_compatible", "region:us"], "downloads": 248, "library_name": "transformers", "widgetData": [{"src": "https://huggingface.co/datasets/mishig/sample_images/resolve/main/tiger.jpg", "example_title": "Tiger"}, {"src": "https://huggingface.co/datasets/mishig/sample_images/resolve/main/teapot.jpg", "example_title": "Teapot"}, {"src": "https://huggingface.co/datasets/mishig/sample_images/resolve/main/palace.jpg", "example_title": "Palace"}], "likes": 0, "model-index": null, "config": {"architectures": ["ConvNextV2ForImageClassification"], "model_type": "convnextv2"}, "cardData": {"license": "apache-2.0", "tags": ["vision", "image-classification"], "datasets": ["imagenet-1k"], "widget": [{"src": "https://huggingface.co/datasets/mishig/sample_images/resolve/main/tiger.jpg", "example_title": "Tiger"}, {"src": "https://huggingface.co/datasets/mishig/sample_images/resolve/main/teapot.jpg", "example_title": "Teapot"}, {"src": "https://huggingface.co/datasets/mishig/sample_images/resolve/main/palace.jpg", "example_title": "Palace"}]}, "transformersInfo": {"auto_model": "AutoModelForImageClassification", "pipeline_tag": "image-classification", "processor": "AutoImageProcessor"}, "siblings": [{"rfilename": ".gitattributes"}, {"rfilename": "README.md"}, {"rfilename": "config.json"}, {"rfilename": "preprocessor_config.json"}, {"rfilename": "pytorch_model.bin"}, {"rfilename": "tf_model.h5"}], "spaces": [], "createdAt": "2023-02-17T13:56:55.000Z", "inferenceStatus": "not-loaded"}