{"_id": "621ffdc036468d709f174351", "id": "FacebookAI/roberta-large-mnli", "modelId": "FacebookAI/roberta-large-mnli", "author": "FacebookAI", "sha": "2a8f12d27941090092df78e4ba6f0928eb5eac98", "lastModified": "2024-02-19T12:47:11.000Z", "private": false, "disabled": false, "gated": false, "pipeline_tag": "text-classification", "tags": ["transformers", "pytorch", "tf", "jax", "safetensors", "roberta", "text-classification", "autogenerated-modelcard", "en", "dataset:multi_nli", "dataset:wikipedia", "dataset:bookcorpus", "arxiv:1907.11692", "arxiv:1806.02847", "arxiv:1804.07461", "arxiv:1704.05426", "arxiv:1508.05326", "arxiv:1809.05053", "arxiv:1910.09700", "license:mit", "autotrain_compatible", "endpoints_compatible", "region:us"], "downloads": 108583, "library_name": "transformers", "mask_token": "<mask>", "widgetData": [{"text": "I like you. I love you"}], "likes": 139, "model-index": null, "config": {"architectures": ["RobertaForSequenceClassification"], "model_type": "roberta", "tokenizer_config": {}}, "cardData": {"language": ["en"], "license": "mit", "tags": ["autogenerated-modelcard"], "datasets": ["multi_nli", "wikipedia", "bookcorpus"]}, "transformersInfo": {"auto_model": "AutoModelForSequenceClassification", "pipeline_tag": "text-classification", "processor": "AutoTokenizer"}, "siblings": [{"rfilename": ".gitattributes"}, {"rfilename": "README.md"}, {"rfilename": "config.json"}, {"rfilename": "flax_model.msgpack"}, {"rfilename": "merges.txt"}, {"rfilename": "model.safetensors"}, {"rfilename": "pytorch_model.bin"}, {"rfilename": "tf_model.h5"}, {"rfilename": "tokenizer.json"}, {"rfilename": "tokenizer_config.json"}, {"rfilename": "vocab.json"}], "spaces": ["yizhangliu/Grounded-Segment-Anything", "exbert-project/exbert", "ccolas/TastyPiano", "amsterdamNLP/attention-rollout", "Kuaaangwen/auto-grader", "qtoino/form_matcher", "Yugang998/Grounded-Segment-Anything", "VTechAI/Segment-Anything", "xuan2k/Thesis-Demo", "rrevoid/article_classifier", "PRENT/PR-ENT_Dashboard", "PRENT/PRENT-Codebook", "clef/PRENT-Codebook", "clef/PRENT-Demo", "ethanrom/ethanrom-a2", "slachitoff/CS-GY_6613_Project", "Ariel8/sentiment-analysis", "yhn112/article_classifier", "Ariel8/Toxic-Tweets", "Snowball/Watermarking_Generate_Text", "binqiangliu/HuggingFaceH4-StarChat-Beta-Pipeline", "simon-clmtd/exbert", "luiscgp/Fact_Checking_Blue_Amazon", "siddhantuniyal/rakshak-rit-pipeline", "homeway/PromptCARE", "LastSmile/CodeLlama-7b", "Tirath5504/RakshakRita_SentimentPipeline", "adamtayzzz/test_skim", "DoruC/Grounded-Segment-Anything", "HFHAB/zero_shot_classification", "toursingapore/hello-streamlit-huggingface.co", "BengaliNLP/bertspace", "madebybread/brightly-ai", "HTAR5/sid_rath"], "createdAt": "2022-03-02T23:29:04.000Z", "safetensors": {"parameters": {"F32": 356412419}, "total": 356412419}, "inferenceStatus": "not-loaded"}