{"_id": "65ef4941167600e60e78eb6f", "id": "facebook/audioseal", "modelId": "facebook/audioseal", "author": "facebook", "sha": "199c1793b46a37b682fb3367b8b2dcb443de9d72", "lastModified": "2024-04-30T16:09:53.000Z", "private": false, "disabled": false, "gated": false, "tags": ["audioseal", "region:us"], "downloads": 1269, "library_name": "audioseal", "likes": 15, "model-index": null, "cardData": {"tags": ["audioseal"], "inference": false}, "siblings": [{"rfilename": ".gitattributes"}, {"rfilename": "README.md"}, {"rfilename": "detector_base.pth"}, {"rfilename": "generator_base.pth"}], "spaces": ["MexicoHamburger/audiocraft"], "createdAt": "2024-03-11T18:11:13.000Z", "inferenceStatus": "not-loaded"}