{"_id": "621ffdc036468d709f17435c", "id": "FacebookAI/xlm-mlm-100-1280", "modelId": "FacebookAI/xlm-mlm-100-1280", "author": "FacebookAI", "sha": "73d3bed88b06e65b306c6b50e00503f0e8788846", "lastModified": "2023-01-24T14:49:58.000Z", "private": false, "disabled": false, "gated": false, "pipeline_tag": "fill-mask", "tags": ["transformers", "pytorch", "tf", "xlm", "fill-mask", "multilingual", "en", "es", "fr", "de", "zh", "ru", "pt", "it", "ar", "ja", "id", "tr", "nl", "pl", "fa", "vi", "sv", "ko", "he", "ro", "no", "hi", "uk", "cs", "fi", "hu", "th", "da", "ca", "el", "bg", "sr", "ms", "bn", "hr", "sl", "az", "sk", "eo", "ta", "sh", "lt", "et", "ml", "la", "bs", "sq", "arz", "af", "ka", "mr", "eu", "tl", "ang", "gl", "nn", "ur", "kk", "be", "hy", "te", "lv", "mk", "als", "is", "wuu", "my", "sco", "mn", "ceb", "ast", "cy", "kn", "br", "an", "gu", "bar", "uz", "lb", "ne", "si", "war", "jv", "ga", "oc", "ku", "sw", "nds", "ckb", "ia", "yi", "fy", "scn", "gan", "tt", "am", "arxiv:1901.07291", "arxiv:1911.02116", "arxiv:1910.09700", "license:cc-by-nc-4.0", "autotrain_compatible", "endpoints_compatible", "region:us"], "downloads": 739, "library_name": "transformers", "mask_token": "<special1>", "likes": 2, "model-index": null, "config": {"architectures": ["XLMWithLMHeadModel"], "model_type": "xlm", "tokenizer_config": {}}, "cardData": {"language": ["multilingual", "en", "es", "fr", "de", "zh", "ru", "pt", "it", "ar", "ja", "id", "tr", "nl", "pl", "fa", "vi", "sv", "ko", "he", "ro", "no", "hi", "uk", "cs", "fi", "hu", "th", "da", "ca", "el", "bg", "sr", "ms", "bn", "hr", "sl", "az", "sk", "eo", "ta", "sh", "lt", "et", "ml", "la", "bs", "sq", "arz", "af", "ka", "mr", "eu", "tl", "ang", "gl", "nn", "ur", "kk", "be", "hy", "te", "lv", "mk", "als", "is", "wuu", "my", "sco", "mn", "ceb", "ast", "cy", "kn", "br", "an", "gu", "bar", "uz", "lb", "ne", "si", "war", "jv", "ga", "oc", "ku", "sw", "nds", "ckb", "ia", "yi", "fy", "scn", "gan", "tt", "am"], "license": "cc-by-nc-4.0"}, "transformersInfo": {"auto_model": "AutoModelForMaskedLM", "pipeline_tag": "fill-mask", "processor": "AutoTokenizer"}, "siblings": [{"rfilename": ".gitattributes"}, {"rfilename": "README.md"}, {"rfilename": "config.json"}, {"rfilename": "generation_config.json"}, {"rfilename": "merges.txt"}, {"rfilename": "pytorch_model.bin"}, {"rfilename": "tf_model.h5"}, {"rfilename": "tokenizer_config.json"}, {"rfilename": "vocab.json"}], "spaces": ["ccolas/TastyPiano"], "createdAt": "2022-03-02T23:29:04.000Z", "inferenceStatus": "not-loaded"}