{"_id": "621ffdc036468d709f17435e", "id": "FacebookAI/xlm-mlm-en-2048", "modelId": "FacebookAI/xlm-mlm-en-2048", "author": "FacebookAI", "sha": "6eb6401a142611ae90f3d6bc606b97384f1c9961", "lastModified": "2023-01-24T14:50:04.000Z", "private": false, "disabled": false, "gated": false, "pipeline_tag": "fill-mask", "tags": ["transformers", "pytorch", "tf", "xlm", "fill-mask", "exbert", "en", "arxiv:1901.07291", "arxiv:1911.02116", "arxiv:1910.09700", "license:cc-by-nc-4.0", "autotrain_compatible", "endpoints_compatible", "region:us"], "downloads": 6894, "library_name": "transformers", "mask_token": "<special1>", "widgetData": [{"text": "Paris is the <special1> of France."}, {"text": "The goal of life is <special1>."}], "likes": 0, "model-index": null, "config": {"architectures": ["XLMWithLMHeadModel"], "model_type": "xlm", "tokenizer_config": {}}, "cardData": {"language": "en", "tags": ["exbert"], "license": "cc-by-nc-4.0"}, "transformersInfo": {"auto_model": "AutoModelForMaskedLM", "pipeline_tag": "fill-mask", "processor": "AutoTokenizer"}, "siblings": [{"rfilename": ".gitattributes"}, {"rfilename": "README.md"}, {"rfilename": "config.json"}, {"rfilename": "generation_config.json"}, {"rfilename": "merges.txt"}, {"rfilename": "pytorch_model.bin"}, {"rfilename": "tf_model.h5"}, {"rfilename": "tokenizer_config.json"}, {"rfilename": "vocab.json"}], "spaces": ["ccolas/TastyPiano", "docs-demos/xlm-mlm-en-2048"], "createdAt": "2022-03-02T23:29:04.000Z", "inferenceStatus": "not-loaded"}