{"_id": "63ef9d546d27eff92b27e926", "id": "facebook/convnextv2-large-1k-224", "modelId": "facebook/convnextv2-large-1k-224", "author": "facebook", "sha": "00230c1402862004469715afd589fcfba178a1a2", "lastModified": "2023-02-20T13:00:57.000Z", "private": false, "disabled": false, "gated": false, "pipeline_tag": "image-classification", "tags": ["transformers", "pytorch", "convnextv2", "image-classification", "vision", "dataset:imagenet-1k", "arxiv:2301.00808", "license:apache-2.0", "autotrain_compatible", "endpoints_compatible", "region:us"], "downloads": 185, "library_name": "transformers", "widgetData": [{"src": "https://huggingface.co/datasets/mishig/sample_images/resolve/main/tiger.jpg", "example_title": "Tiger"}, {"src": "https://huggingface.co/datasets/mishig/sample_images/resolve/main/teapot.jpg", "example_title": "Teapot"}, {"src": "https://huggingface.co/datasets/mishig/sample_images/resolve/main/palace.jpg", "example_title": "Palace"}], "likes": 0, "model-index": null, "config": {"architectures": ["ConvNextV2ForImageClassification"], "model_type": "convnextv2"}, "cardData": {"license": "apache-2.0", "tags": ["vision", "image-classification"], "datasets": ["imagenet-1k"], "widget": [{"src": "https://huggingface.co/datasets/mishig/sample_images/resolve/main/tiger.jpg", "example_title": "Tiger"}, {"src": "https://huggingface.co/datasets/mishig/sample_images/resolve/main/teapot.jpg", "example_title": "Teapot"}, {"src": "https://huggingface.co/datasets/mishig/sample_images/resolve/main/palace.jpg", "example_title": "Palace"}]}, "transformersInfo": {"auto_model": "AutoModelForImageClassification", "pipeline_tag": "image-classification", "processor": "AutoImageProcessor"}, "siblings": [{"rfilename": ".gitattributes"}, {"rfilename": "README.md"}, {"rfilename": "config.json"}, {"rfilename": "preprocessor_config.json"}, {"rfilename": "pytorch_model.bin"}], "spaces": ["DHEIVER/DHEIVER-Advances-in-Breast-Ultrasound"], "createdAt": "2023-02-17T15:29:24.000Z", "inferenceStatus": "not-loaded"}