{"_id": "63efb561a6869ca9e0f97172", "id": "facebook/convnextv2-huge-1k-224", "modelId": "facebook/convnextv2-huge-1k-224", "author": "facebook", "sha": "f966d9dfaf34356d1546b439723ca036f3f46c24", "lastModified": "2023-02-20T13:01:17.000Z", "private": false, "disabled": false, "gated": false, "pipeline_tag": "image-classification", "tags": ["transformers", "pytorch", "convnextv2", "image-classification", "vision", "dataset:imagenet-1k", "arxiv:2301.00808", "license:apache-2.0", "autotrain_compatible", "endpoints_compatible", "region:us"], "downloads": 27, "library_name": "transformers", "widgetData": [{"src": "https://huggingface.co/datasets/mishig/sample_images/resolve/main/tiger.jpg", "example_title": "Tiger"}, {"src": "https://huggingface.co/datasets/mishig/sample_images/resolve/main/teapot.jpg", "example_title": "Teapot"}, {"src": "https://huggingface.co/datasets/mishig/sample_images/resolve/main/palace.jpg", "example_title": "Palace"}], "likes": 0, "model-index": null, "config": {"architectures": ["ConvNextV2ForImageClassification"], "model_type": "convnextv2"}, "cardData": {"license": "apache-2.0", "tags": ["vision", "image-classification"], "datasets": ["imagenet-1k"], "widget": [{"src": "https://huggingface.co/datasets/mishig/sample_images/resolve/main/tiger.jpg", "example_title": "Tiger"}, {"src": "https://huggingface.co/datasets/mishig/sample_images/resolve/main/teapot.jpg", "example_title": "Teapot"}, {"src": "https://huggingface.co/datasets/mishig/sample_images/resolve/main/palace.jpg", "example_title": "Palace"}]}, "transformersInfo": {"auto_model": "AutoModelForImageClassification", "pipeline_tag": "image-classification", "processor": "AutoImageProcessor"}, "siblings": [{"rfilename": ".gitattributes"}, {"rfilename": "README.md"}, {"rfilename": "config.json"}, {"rfilename": "preprocessor_config.json"}, {"rfilename": "pytorch_model.bin"}], "spaces": [], "createdAt": "2023-02-17T17:12:01.000Z", "inferenceStatus": "not-loaded"}