{"_id": "64e37c54a88a63300b98d761", "id": "facebook/blaser-2.0-qe", "modelId": "facebook/blaser-2.0-qe", "author": "facebook", "sha": "22cebdefbcd7bd50e74edfa43c6ec94f672554b2", "lastModified": "2023-08-22T14:07:31.000Z", "private": false, "disabled": false, "gated": false, "tags": ["license:cc-by-nc-4.0", "region:us"], "downloads": 0, "likes": 5, "model-index": null, "cardData": {"license": "cc-by-nc-4.0"}, "siblings": [{"rfilename": ".gitattributes"}, {"rfilename": "README.md"}, {"rfilename": "model.pt"}], "spaces": [], "createdAt": "2023-08-21T15:01:40.000Z", "inferenceStatus": "not-loaded"}