{"_id": "664de2718e43ee411f4ecbd9", "id": "FaceAdapter/FaceAdapter", "modelId": "FaceAdapter/FaceAdapter", "author": "FaceAdapter", "sha": "8b400d3774aec840910933255c28dc4e8eabdbcf", "lastModified": "2024-05-24T08:19:57.000Z", "private": false, "disabled": false, "gated": false, "tags": ["diffusers", "onnx", "safetensors", "arxiv:2405.12970", "license:apache-2.0", "region:us"], "downloads": 0, "library_name": "diffusers", "likes": 8, "model-index": null, "cardData": {"license": "apache-2.0"}, "siblings": [{"rfilename": ".gitattributes"}, {"rfilename": "README.md"}, {"rfilename": "__assets__/banner.gif"}, {"rfilename": "controlnet/config.json"}, {"rfilename": "controlnet/diffusion_pytorch_model.safetensors"}, {"rfilename": "net_id2token.pth"}, {"rfilename": "net_image2token.pth"}, {"rfilename": "net_seg_res18.pth"}, {"rfilename": "pretrained_unet/config.json"}, {"rfilename": "pretrained_unet/diffusion_pytorch_model.safetensors"}, {"rfilename": "third_party/79999_iter.pth"}, {"rfilename": "third_party/BFM_model_front.mat"}, {"rfilename": "third_party/d3dfr_res50_nofc.pth"}, {"rfilename": "third_party/insightface_glint360k.pth"}, {"rfilename": "third_party/models/antelopev2/1k3d68.onnx"}, {"rfilename": "third_party/models/antelopev2/2d106det.onnx"}, {"rfilename": "third_party/models/antelopev2/antelopev2.zip"}, {"rfilename": "third_party/models/antelopev2/genderage.onnx"}, {"rfilename": "third_party/models/antelopev2/glintr100.onnx"}, {"rfilename": "third_party/models/antelopev2/scrfd_10g_bnkps.onnx"}, {"rfilename": "third_party/resnet18-5c106cde.pth"}, {"rfilename": "vision_encoder/config.json"}, {"rfilename": "vision_encoder/pytorch_model.bin"}], "spaces": ["FaceAdapter/FaceAdapter"], "createdAt": "2024-05-22T12:17:53.000Z", "inferenceStatus": "not-loaded"}