{"_id": "659efb22b62804e6f41f9954", "id": "facebook/audio-magnet-medium", "modelId": "facebook/audio-magnet-medium", "author": "facebook", "sha": "d61ab8c298ab73d652d3da543f4ff0af173638c8", "lastModified": "2024-01-16T11:14:21.000Z", "private": false, "disabled": false, "gated": false, "pipeline_tag": "text-to-audio", "tags": ["audiocraft", "magnet", "text-to-audio", "arxiv:2401.04577", "license:cc-by-nc-4.0", "region:us"], "downloads": 652, "library_name": "audiocraft", "likes": 28, "model-index": null, "cardData": {"inference": false, "tags": ["magnet", "audiocraft"], "license": "cc-by-nc-4.0", "pipeline_tag": "text-to-audio"}, "siblings": [{"rfilename": ".gitattributes"}, {"rfilename": "README.md"}, {"rfilename": "compression_state_dict.bin"}, {"rfilename": "state_dict.bin"}], "spaces": ["fffiloni/image-to-music-v2", "fffiloni/Image2SFX-comparison", "fffiloni/Video-to-SoundFX", "fffiloni/MAGNet", "fffiloni/video-to-music", "unpairedelectron07/Text-to-Music-Generator", "SunX45/MAGNet", "oteneto/image-to-music-v2", "charchits/zonic-generator", "legolasyiu/MusicAI-Magnet", "zuck3131/image-to-music-v2", "Irish885/image-to-music-v2", "tsi-org/Video-to-SoundFX", "Mudrock10/Image2SFX-comparison", "hrbr/Image2SFX-comparison", "fantos/vidisfx", "fantos/Image2Audio", "seawolf2357/Image2Audio2", "Nymbo/image-to-music-v2", "Nymbo/Image2SFX-comparison", "SunX45/image-to-music-v2", "seawolf2357/Image2Audio", "minjungsung/image-to-music", "zumat/ninoBot", "tsi-org/pixio-image-to-music-v2", "tsi-org/pixio-video-to-music", "Nymbo/Video-to-SoundFX", "fantos/vidvsfx", "fantos/vidsm", "fantos/vidim", "legolasyiu/video-to-musicv3", "legolasyiu/Video-to-SoundFX", "AndyLikesCats/Image2SFX-comparisonlk", "ajittgosavii/audiocraft", "duka/Image2SFX-comparison", "stack86/image-to-music-v2", "sdlc/ImagetoVoice", "hritiksdlccorp/imgtovoice", "zaid-kamil/zonic-generator", "jbilcke-hf/ai-tube-model-magnet-1", "killerbng/image-to-music-v2", "js282979/video2sfx", "Jack9cash/Video-to-SoundFX", "MexicoHamburger/audiocraft"], "createdAt": "2024-01-10T20:16:34.000Z", "inferenceStatus": "not-loaded"}