{"_id": "63ef89498da865b7fce06e33", "id": "facebook/convnextv2-tiny-1k-224", "modelId": "facebook/convnextv2-tiny-1k-224", "author": "facebook", "sha": "3f533b966e3fa5362839d05a5955749c502c24f8", "lastModified": "2023-11-28T09:42:05.000Z", "private": false, "disabled": false, "gated": false, "pipeline_tag": "image-classification", "tags": ["transformers", "pytorch", "tf", "safetensors", "convnextv2", "image-classification", "vision", "dataset:imagenet-1k", "arxiv:2301.00808", "license:apache-2.0", "autotrain_compatible", "endpoints_compatible", "region:us"], "downloads": 206914, "library_name": "transformers", "widgetData": [{"src": "https://huggingface.co/datasets/mishig/sample_images/resolve/main/tiger.jpg", "example_title": "Tiger"}, {"src": "https://huggingface.co/datasets/mishig/sample_images/resolve/main/teapot.jpg", "example_title": "Teapot"}, {"src": "https://huggingface.co/datasets/mishig/sample_images/resolve/main/palace.jpg", "example_title": "Palace"}], "likes": 2, "model-index": null, "config": {"architectures": ["ConvNextV2ForImageClassification"], "model_type": "convnextv2"}, "cardData": {"license": "apache-2.0", "tags": ["vision", "image-classification"], "datasets": ["imagenet-1k"], "widget": [{"src": "https://huggingface.co/datasets/mishig/sample_images/resolve/main/tiger.jpg", "example_title": "Tiger"}, {"src": "https://huggingface.co/datasets/mishig/sample_images/resolve/main/teapot.jpg", "example_title": "Teapot"}, {"src": "https://huggingface.co/datasets/mishig/sample_images/resolve/main/palace.jpg", "example_title": "Palace"}]}, "transformersInfo": {"auto_model": "AutoModelForImageClassification", "pipeline_tag": "image-classification", "processor": "AutoImageProcessor"}, "siblings": [{"rfilename": ".gitattributes"}, {"rfilename": "README.md"}, {"rfilename": "config.json"}, {"rfilename": "model.safetensors"}, {"rfilename": "preprocessor_config.json"}, {"rfilename": "pytorch_model.bin"}, {"rfilename": "tf_model.h5"}], "spaces": [], "createdAt": "2023-02-17T14:03:53.000Z", "safetensors": {"parameters": {"F32": 28635496}, "total": 28635496}, "inferenceStatus": "not-loaded"}