{"_id": "655df48b82afda0fc47cc4e5", "id": "facebook-llama/its-safe-i-swear", "modelId": "facebook-llama/its-safe-i-swear", "author": "facebook-llama", "sha": "4901c678ae9c55d632a44dfcd352e18ac99c5973", "lastModified": "2023-12-18T13:26:46.000Z", "private": false, "disabled": false, "gated": false, "pipeline_tag": "text-generation", "tags": ["transformers", "pytorch", "gpt_neo", "text-generation", "license:mit", "autotrain_compatible", "endpoints_compatible", "region:us"], "downloads": 20, "library_name": "transformers", "widgetData": [{"text": "My name is Julien and I like to"}, {"text": "My name is Thomas and my main"}, {"text": "My name is Mariama, my favorite"}, {"text": "My name is Clara and I am"}, {"text": "My name is Lewis and I like to"}, {"text": "My name is Merve and my favorite"}, {"text": "My name is Teven and I am"}, {"text": "Once upon a time,"}], "likes": 0, "model-index": null, "config": {"architectures": ["GPTNeoForCausalLM"], "model_type": "gpt_neo"}, "cardData": {"license": "mit"}, "transformersInfo": {"auto_model": "AutoModelForCausalLM", "pipeline_tag": "text-generation", "processor": "AutoTokenizer"}, "siblings": [{"rfilename": ".gitattributes"}, {"rfilename": "README.md"}, {"rfilename": "config.json"}, {"rfilename": "pytorch_model.bin"}, {"rfilename": "smthng.py"}], "spaces": [], "createdAt": "2023-11-22T12:31:07.000Z", "inferenceStatus": "not-loaded"}