{"_id": "65d7285f51e148d01884793a", "id": "facebookv4/VoiceModel", "modelId": "facebookv4/VoiceModel", "author": "facebookv4", "sha": "3549457f3e0d2fc06aac4318c45565350f719a06", "lastModified": "2024-03-01T13:38:28.000Z", "private": false, "disabled": false, "gated": false, "tags": ["region:us"], "downloads": 0, "likes": 0, "siblings": [{"rfilename": ".gitattributes"}, {"rfilename": "heroAlom.zip"}, {"rfilename": "sarara.mp3"}], "spaces": [], "createdAt": "2024-02-22T10:56:31.000Z", "inferenceStatus": "not-loaded"}