{"_id": "64e365cb2fbff6ed9c00e727", "id": "facebook/blaser-2.0-ref", "modelId": "facebook/blaser-2.0-ref", "author": "facebook", "sha": "0e63d1c3d168ad9bbbe8109e3586d2908975bdc9", "lastModified": "2023-08-22T14:07:37.000Z", "private": false, "disabled": false, "gated": false, "tags": ["license:cc-by-nc-4.0", "region:us"], "downloads": 0, "likes": 5, "model-index": null, "cardData": {"license": "cc-by-nc-4.0"}, "siblings": [{"rfilename": ".gitattributes"}, {"rfilename": "README.md"}, {"rfilename": "model.pt"}], "spaces": [], "createdAt": "2023-08-21T13:25:31.000Z", "inferenceStatus": "not-loaded"}