{"_id": "621ffdc136468d709f17adc0", "id": "facebook/contriever", "modelId": "facebook/contriever", "author": "facebook", "sha": "2bd46a25019aeea091fd42d1f0fd4801675cf699", "lastModified": "2022-01-19T17:23:28.000Z", "private": false, "disabled": false, "gated": false, "tags": ["transformers", "pytorch", "bert", "arxiv:2112.09118", "endpoints_compatible", "region:us"], "downloads": 4014332, "library_name": "transformers", "mask_token": "[MASK]", "likes": 48, "config": {"architectures": ["Contriever"], "model_type": "bert", "tokenizer_config": {"unk_token": "[UNK]", "sep_token": "[SEP]", "pad_token": "[PAD]", "cls_token": "[CLS]", "mask_token": "[MASK]"}}, "transformersInfo": {"auto_model": "Contriever", "processor": "AutoTokenizer"}, "siblings": [{"rfilename": ".gitattributes"}, {"rfilename": "README.md"}, {"rfilename": "config.json"}, {"rfilename": "pytorch_model.bin"}, {"rfilename": "special_tokens_map.json"}, {"rfilename": "tokenizer.json"}, {"rfilename": "tokenizer_config.json"}, {"rfilename": "vocab.txt"}], "spaces": ["ulab-ai/ArxivCopilot", "geonmin-kim/NetsPresso_QA"], "createdAt": "2022-03-02T23:29:05.000Z", "inferenceStatus": "not-loaded"}