{"_id": "621ffdc036468d709f174369", "id": "FacebookAI/xlm-roberta-large", "modelId": "FacebookAI/xlm-roberta-large", "author": "FacebookAI", "sha": "c23d21b0620b635a76227c604d44e43a9f0ee389", "lastModified": "2024-02-19T12:48:30.000Z", "private": false, "disabled": false, "gated": false, "pipeline_tag": "fill-mask", "tags": ["transformers", "pytorch", "tf", "jax", "onnx", "safetensors", "xlm-roberta", "fill-mask", "exbert", "multilingual", "af", "am", "ar", "as", "az", "be", "bg", "bn", "br", "bs", "ca", "cs", "cy", "da", "de", "el", "en", "eo", "es", "et", "eu", "fa", "fi", "fr", "fy", "ga", "gd", "gl", "gu", "ha", "he", "hi", "hr", "hu", "hy", "id", "is", "it", "ja", "jv", "ka", "kk", "km", "kn", "ko", "ku", "ky", "la", "lo", "lt", "lv", "mg", "mk", "ml", "mn", "mr", "ms", "my", "ne", "nl", "no", "om", "or", "pa", "pl", "ps", "pt", "ro", "ru", "sa", "sd", "si", "sk", "sl", "so", "sq", "sr", "su", "sv", "sw", "ta", "te", "th", "tl", "tr", "ug", "uk", "ur", "uz", "vi", "xh", "yi", "zh", "arxiv:1911.02116", "license:mit", "autotrain_compatible", "endpoints_compatible", "region:us"], "downloads": 9820759, "library_name": "transformers", "mask_token": "<mask>", "likes": 293, "model-index": null, "config": {"architectures": ["XLMRobertaForMaskedLM"], "model_type": "xlm-roberta", "tokenizer_config": {}}, "cardData": {"tags": ["exbert"], "language": ["multilingual", "af", "am", "ar", "as", "az", "be", "bg", "bn", "br", "bs", "ca", "cs", "cy", "da", "de", "el", "en", "eo", "es", "et", "eu", "fa", "fi", "fr", "fy", "ga", "gd", "gl", "gu", "ha", "he", "hi", "hr", "hu", "hy", "id", "is", "it", "ja", "jv", "ka", "kk", "km", "kn", "ko", "ku", "ky", "la", "lo", "lt", "lv", "mg", "mk", "ml", "mn", "mr", "ms", "my", "ne", "nl", "no", "om", "or", "pa", "pl", "ps", "pt", "ro", "ru", "sa", "sd", "si", "sk", "sl", "so", "sq", "sr", "su", "sv", "sw", "ta", "te", "th", "tl", "tr", "ug", "uk", "ur", "uz", "vi", "xh", "yi", "zh"], "license": "mit"}, "transformersInfo": {"auto_model": "AutoModelForMaskedLM", "pipeline_tag": "fill-mask", "processor": "AutoTokenizer"}, "siblings": [{"rfilename": ".gitattributes"}, {"rfilename": "README.md"}, {"rfilename": "config.json"}, {"rfilename": "flax_model.msgpack"}, {"rfilename": "model.safetensors"}, {"rfilename": "onnx/config.json"}, {"rfilename": "onnx/model.onnx"}, {"rfilename": "onnx/model.onnx_data"}, {"rfilename": "onnx/sentencepiece.bpe.model"}, {"rfilename": "onnx/special_tokens_map.json"}, {"rfilename": "onnx/tokenizer.json"}, {"rfilename": "onnx/tokenizer_config.json"}, {"rfilename": "pytorch_model.bin"}, {"rfilename": "sentencepiece.bpe.model"}, {"rfilename": "tf_model.h5"}, {"rfilename": "tokenizer.json"}, {"rfilename": "tokenizer_config.json"}], "spaces": ["microsoft/llmlingua-2", "society-ethics/model-card-regulatory-check", "ccolas/TastyPiano", "Wootang01/vocabulary_categorizer", "docs-demos/xlm-roberta-base", "danielsteinigen/NLP-Legal-Texts", "SantiagoMoreno-UdeA/NER_RC", "ahdsoft/persian-keyphrase-extraction", "abidlabs/mteb-leaderboard", "responsibility-framing/sociofillmore_public", "dejanseo/linkbert", "Chirag1994/Multilingual_Toxic_Comment_Classifier", "micole66/decisionmaking66", "rjx/rjxai-text-cls", "rjx/rjxai-text-cls-en", "JAdeojo/consumer-finance-complaints-app-demo", "imalexianne/Covid_Vaccine_Tweets_Sentimental_Analysis", "rodrigomasini/data-only-mteb-leaderboard", "medmac01/stable-diff-multilingual-v0.1", "themanas021/llmlingua-2", "poltextlab/babelmachine", "pankaj100567/textual-similarity", "Arafath10/llmlingua-2", "qminh369/Compression", "qminh369/Compression_v1", "qminh369/Final_Compression", "dryouviavant/llmlingua-2", "SiddheshPegasus/FacebookAI-xlm-roberta-large", "loveitl/Promot-Compress"], "createdAt": "2022-03-02T23:29:04.000Z", "safetensors": {"parameters": {"F32": 561192082}, "total": 561192082}, "inferenceStatus": "not-loaded"}