{"_id": "652b376d66313ebb61991dcd", "id": "Face191/F", "modelId": "Face191/F", "author": "Face191", "sha": "542129a669d8e556042bc534e4049bbe99fb3f1b", "lastModified": "2023-10-15T00:50:53.000Z", "private": false, "disabled": false, "gated": false, "tags": ["license:apache-2.0", "region:us"], "downloads": 0, "likes": 0, "model-index": null, "cardData": {"license": "apache-2.0"}, "siblings": [{"rfilename": ".gitattributes"}, {"rfilename": "README.md"}], "spaces": [], "createdAt": "2023-10-15T00:50:53.000Z", "inferenceStatus": "not-loaded"}