{"_id": "621ffdc136468d709f17adbb", "id": "facebook/blenderbot-3B", "modelId": "facebook/blenderbot-3B", "author": "facebook", "sha": "5d397dd187b1789a255155f5dbb6a5ee4d47e61e", "lastModified": "2024-07-02T15:36:54.000Z", "private": false, "disabled": false, "gated": false, "pipeline_tag": "text2text-generation", "tags": ["transformers", "pytorch", "blenderbot", "text2text-generation", "convAI", "conversational", "facebook", "en", "dataset:blended_skill_talk", "arxiv:1907.06616", "license:apache-2.0", "autotrain_compatible", "endpoints_compatible", "region:us"], "downloads": 10905, "library_name": "transformers", "likes": 140, "model-index": null, "config": {"architectures": ["BlenderbotForConditionalGeneration"], "model_type": "blenderbot", "tokenizer_config": {"chat_template": "{% for message in messages %}{% if message['role'] == 'user' %}{{ ' ' }}{% endif %}{{ message['content'] }}{% if not loop.last %}{{ '  ' }}{% endif %}{% endfor %}{{ eos_token }}"}}, "cardData": {"language": ["en"], "thumbnail": null, "tags": ["convAI", "conversational", "facebook"], "license": "apache-2.0", "datasets": ["blended_skill_talk"], "metrics": ["perplexity"]}, "transformersInfo": {"auto_model": "AutoModelForSeq2SeqLM", "pipeline_tag": "text2text-generation", "processor": "AutoTokenizer"}, "siblings": [{"rfilename": ".gitattributes"}, {"rfilename": "README.md"}, {"rfilename": "config.json"}, {"rfilename": "generation_config.json"}, {"rfilename": "merges.txt"}, {"rfilename": "pytorch_model.bin"}, {"rfilename": "special_tokens_map.json"}, {"rfilename": "tokenizer.json"}, {"rfilename": "tokenizer_config.json"}, {"rfilename": "vocab.json"}], "spaces": ["mandar100/blenderbot_chat", "Daniton/facebook-blenderbot-3Byx", "Funbi/Chat2", "qipchip/facebook-blenderbot-3B", "ka1kuk/litellm", "BeveledCube/bevelapi", "mikepastor11/PennwickHoneybeeRobot", "Funbi/Chatbot", "abhijitguha/blenderbot3B_chat", "GrafVonSchiller/facebook-blenderbot-3B", "Emkay/facebook-blenderbot-3B", "aboudzeineddin/facebook-blenderbot-3B", "awacke1/Chat-Conversation-facebook-blenderbot-3B", "lihuggingfacce/facebook-blenderbot-3B", "Grey41/blenderbot-grey41", "Daniton/facebook-blenderbot-3B", "Grey41/facebook-blenderbot-3B", "Arcypojeb/facebook-blenderbot-3B", "kokofixcomputers/facebook-blenderbot-3B", "LexTra/facebook-blenderbot-3B", "jacobdebrone/facebook-blenderbot-3B", "jacobdebrone/rara", "nonhuman/nnnn", "CabraVC/holiday_testing", "helenai/dataset-token-distribution", "YassoCodes/SimpleAIChatbot", "kenken999/litellm", "kenken999/litellmlope", "deepakbatham572/OpenAIAssistant", "0xdant/facebook-blenderbot-3B", "Cyberlight64Baboo/facebook-blenderbot-3B", "diepdo/facebook-blenderbot-3B", "Hamzaaaaa23/GENDLR"], "createdAt": "2022-03-02T23:29:05.000Z", "inferenceStatus": "not-loaded"}