{"_id": "621ffdc036468d709f174363", "id": "FacebookAI/xlm-mlm-xnli15-1024", "modelId": "FacebookAI/xlm-mlm-xnli15-1024", "author": "FacebookAI", "sha": "aaad23825741961a8dc20b649d1d53296a46f571", "lastModified": "2023-09-05T14:58:54.000Z", "private": false, "disabled": false, "gated": false, "pipeline_tag": "fill-mask", "tags": ["transformers", "pytorch", "tf", "safetensors", "xlm", "fill-mask", "multilingual", "en", "fr", "es", "de", "el", "bg", "ru", "tr", "ar", "vi", "th", "zh", "hi", "sw", "ur", "arxiv:1901.07291", "arxiv:1910.09700", "license:cc-by-nc-4.0", "autotrain_compatible", "endpoints_compatible", "region:us"], "downloads": 206, "library_name": "transformers", "mask_token": "<special1>", "likes": 0, "model-index": null, "config": {"architectures": ["XLMWithLMHeadModel"], "model_type": "xlm", "tokenizer_config": {}}, "cardData": {"language": ["multilingual", "en", "fr", "es", "de", "el", "bg", "ru", "tr", "ar", "vi", "th", "zh", "hi", "sw", "ur"], "license": "cc-by-nc-4.0"}, "transformersInfo": {"auto_model": "AutoModelForMaskedLM", "pipeline_tag": "fill-mask", "processor": "AutoTokenizer"}, "siblings": [{"rfilename": ".gitattributes"}, {"rfilename": "README.md"}, {"rfilename": "config.json"}, {"rfilename": "generation_config.json"}, {"rfilename": "merges.txt"}, {"rfilename": "model.safetensors"}, {"rfilename": "pytorch_model.bin"}, {"rfilename": "tf_model.h5"}, {"rfilename": "tokenizer_config.json"}, {"rfilename": "vocab.json"}], "spaces": ["ccolas/TastyPiano"], "createdAt": "2022-03-02T23:29:04.000Z", "safetensors": {"parameters": {"F32": 346351384}, "total": 346351384}, "inferenceStatus": "not-loaded"}