{"_id": "621ffdc036468d709f174360", "id": "FacebookAI/xlm-mlm-enfr-1024", "modelId": "FacebookAI/xlm-mlm-enfr-1024", "author": "FacebookAI", "sha": "4a50a9268380b7f6460ab4d8239c0375d4ee0128", "lastModified": "2023-01-24T14:50:10.000Z", "private": false, "disabled": false, "gated": false, "pipeline_tag": "fill-mask", "tags": ["transformers", "pytorch", "tf", "xlm", "fill-mask", "multilingual", "en", "fr", "arxiv:1901.07291", "arxiv:1910.09700", "license:cc-by-nc-4.0", "autotrain_compatible", "endpoints_compatible", "region:us"], "downloads": 141, "library_name": "transformers", "mask_token": "<special1>", "likes": 0, "model-index": null, "config": {"architectures": ["XLMWithLMHeadModel"], "model_type": "xlm", "tokenizer_config": {}}, "cardData": {"language": ["multilingual", "en", "fr"], "license": "cc-by-nc-4.0"}, "transformersInfo": {"auto_model": "AutoModelForMaskedLM", "pipeline_tag": "fill-mask", "processor": "AutoTokenizer"}, "siblings": [{"rfilename": ".gitattributes"}, {"rfilename": "README.md"}, {"rfilename": "config.json"}, {"rfilename": "generation_config.json"}, {"rfilename": "merges.txt"}, {"rfilename": "pytorch_model.bin"}, {"rfilename": "tf_model.h5"}, {"rfilename": "tokenizer_config.json"}, {"rfilename": "vocab.json"}], "spaces": ["Gladiator/Text-Summarizer", "ccolas/TastyPiano", "piecurus/Summarizer", "altafalam3/Text-Summarizer", "prithivMLmods/Bart-Cnn", "cagataydag/TSmarizer", "mygyasir/Text-Summarizer", "Anavya1/Anavya-TEXTSUMMARIZERADVANCE", "Sidoine/APP-NLP", "IronOne-AI-Labs/Annual_Report_Summarization_Demo"], "createdAt": "2022-03-02T23:29:04.000Z", "inferenceStatus": "not-loaded"}