{"_id": "621ffdc136468d709f17adc4", "id": "facebook/convnext-base-384-22k-1k", "modelId": "facebook/convnext-base-384-22k-1k", "author": "facebook", "sha": "a046eb0288b19b9554372439aef3a6792ca354e3", "lastModified": "2023-11-21T08:33:35.000Z", "private": false, "disabled": false, "gated": false, "pipeline_tag": "image-classification", "tags": ["transformers", "pytorch", "tf", "convnext", "image-classification", "vision", "dataset:imagenet-21k", "dataset:imagenet-1k", "arxiv:2201.03545", "license:apache-2.0", "autotrain_compatible", "endpoints_compatible", "region:us"], "downloads": 1140, "library_name": "transformers", "widgetData": [{"src": "https://huggingface.co/datasets/mishig/sample_images/resolve/main/tiger.jpg", "example_title": "Tiger"}, {"src": "https://huggingface.co/datasets/mishig/sample_images/resolve/main/teapot.jpg", "example_title": "Teapot"}, {"src": "https://huggingface.co/datasets/mishig/sample_images/resolve/main/palace.jpg", "example_title": "Palace"}], "likes": 2, "model-index": null, "config": {"architectures": ["ConvNextForImageClassification"], "model_type": "convnext"}, "cardData": {"license": "apache-2.0", "tags": ["vision", "image-classification"], "datasets": ["imagenet-21k", "imagenet-1k"], "widget": [{"src": "https://huggingface.co/datasets/mishig/sample_images/resolve/main/tiger.jpg", "example_title": "Tiger"}, {"src": "https://huggingface.co/datasets/mishig/sample_images/resolve/main/teapot.jpg", "example_title": "Teapot"}, {"src": "https://huggingface.co/datasets/mishig/sample_images/resolve/main/palace.jpg", "example_title": "Palace"}]}, "transformersInfo": {"auto_model": "AutoModelForImageClassification", "pipeline_tag": "image-classification", "processor": "AutoImageProcessor"}, "siblings": [{"rfilename": ".gitattributes"}, {"rfilename": "README.md"}, {"rfilename": "config.json"}, {"rfilename": "preprocessor_config.json"}, {"rfilename": "pytorch_model.bin"}, {"rfilename": "tf_model.h5"}], "spaces": [], "createdAt": "2022-03-02T23:29:05.000Z", "inferenceStatus": "not-loaded"}