{"_id": "621ffdc136468d709f17adb6", "id": "facebook/bart-large-cnn", "modelId": "facebook/bart-large-cnn", "author": "facebook", "sha": "37f520fa929c961707657b28798b30c003dd100b", "lastModified": "2024-02-13T18:02:05.000Z", "private": false, "disabled": false, "gated": false, "pipeline_tag": "summarization", "tags": ["transformers", "pytorch", "tf", "jax", "rust", "safetensors", "bart", "text2text-generation", "summarization", "en", "dataset:cnn_dailymail", "arxiv:1910.13461", "license:mit", "model-index", "autotrain_compatible", "endpoints_compatible", "region:us"], "downloads": 4552635, "library_name": "transformers", "mask_token": "<mask>", "widgetData": [{"text": "The tower is 324 metres (1,063 ft) tall, about the same height as an 81-storey building, and the tallest structure in Paris. Its base is square, measuring 125 metres (410 ft) on each side. During its construction, the Eiffel Tower surpassed the Washington Monument to become the tallest man-made structure in the world, a title it held for 41 years until the Chrysler Building in New York City was finished in 1930. It was the first structure to reach a height of 300 metres. Due to the addition of a broadcasting aerial at the top of the tower in 1957, it is now taller than the Chrysler Building by 5.2 metres (17 ft). Excluding transmitters, the Eiffel Tower is the second tallest free-standing structure in France after the Millau Viaduct."}], "likes": 1021, "model-index": [{"name": "facebook/bart-large-cnn", "results": [{"task": {"type": "summarization", "name": "Summarization"}, "dataset": {"name": "cnn_dailymail", "type": "cnn_dailymail", "config": "3.0.0", "split": "train"}, "metrics": [{"name": "ROUGE-1", "type": "rouge", "value": 42.9486, "verified": false}, {"name": "ROUGE-2", "type": "rouge", "value": 20.8149, "verified": false}, {"name": "ROUGE-L", "type": "rouge", "value": 30.6186, "verified": false}, {"name": "ROUGE-LSUM", "type": "rouge", "value": 40.0376, "verified": false}, {"name": "loss", "type": "loss", "value": 2.529000997543335, "verified": false}, {"name": "gen_len", "type": "gen_len", "value": 78.5866, "verified": false}]}]}], "config": {"architectures": ["BartForConditionalGeneration"], "model_type": "bart"}, "cardData": {"language": ["en"], "pipeline_tag": "summarization", "license": "mit", "thumbnail": "https://huggingface.co/front/thumbnails/facebook.png", "datasets": ["cnn_dailymail"], "model-index": [{"name": "facebook/bart-large-cnn", "results": [{"task": {"type": "summarization", "name": "Summarization"}, "dataset": {"name": "cnn_dailymail", "type": "cnn_dailymail", "config": "3.0.0", "split": "train"}, "metrics": [{"name": "ROUGE-1", "type": "rouge", "value": 42.9486, "verified": false}, {"name": "ROUGE-2", "type": "rouge", "value": 20.8149, "verified": false}, {"name": "ROUGE-L", "type": "rouge", "value": 30.6186, "verified": false}, {"name": "ROUGE-LSUM", "type": "rouge", "value": 40.0376, "verified": false}, {"name": "loss", "type": "loss", "value": 2.529000997543335, "verified": false}, {"name": "gen_len", "type": "gen_len", "value": 78.5866, "verified": false}]}]}]}, "transformersInfo": {"auto_model": "AutoModelForSeq2SeqLM", "pipeline_tag": "text2text-generation", "processor": "AutoTokenizer"}, "siblings": [{"rfilename": ".gitattributes"}, {"rfilename": "README.md"}, {"rfilename": "config.json"}, {"rfilename": "flax_model.msgpack"}, {"rfilename": "generation_config.json"}, {"rfilename": "generation_config_for_summarization.json"}, {"rfilename": "merges.txt"}, {"rfilename": "model.safetensors"}, {"rfilename": "pytorch_model.bin"}, {"rfilename": "rust_model.ot"}, {"rfilename": "tf_model.h5"}, {"rfilename": "tokenizer.json"}, {"rfilename": "vocab.json"}], "spaces": ["microsoft/HuggingGPT", "kadirnar/Audio-WebUI", "anaxagoras7/gauravgs-text-summarizer", "nickmuchi/article-text-summarizer", "pleonova/multi-label-summary-text", "Alifarsi/news_summarizer", "Gladiator/Text-Summarizer", "Tuana/PDF-Summarizer", "Wootang01/text_summarizer", "gaspar-avit/Movie_Poster_Generator", "sasha/CO2_inference", "HaloMaster/chinesesummary", "NCSOFT/harim_plus", "Amrrs/textsummarizer", "taesiri/HuggingGPT-Lite", "UNIST-Eunchan/Summarizing-app", "benthecoder/news-summarizer", "docs-demos/bart-large-mnli", "vibey/article-summariser-for-final-project", "jiedong-yang/Speech-Summarization-with-Whisper", "nsethi610/ns-gradio-apps", "rajesh1729/text-summarization-gradio", "kazimsayed/News-Article-Summarizer", "tomsoderlund/text-summarizer", "Arafath10/chatcode", "Chakshu123/sketch-colorization-with-hint", "keshva/Intelligent-Document-Processing", "Shreyas3006/Text-Summarizer-sdp", "widged/bart-generation", "derina/BartSummarizer", "BilalSardar/StoryGenerator", "UjjwalVIT/Text_analysis_and_metadata_app", "skavya/youtube_transcript_summarizer", "EE21/ToS-Summarization", "Wootang01/URL_news_summarizer", "akhaliq/SummerTime", "rajesh1729/gradio-realtime-news-app", "awacke1/SOTA-Summary", "Eddevs/brian-challenge", "pragnakalp/Text_Summarization", "HighCWu/anime-colorization-with-hint", "Sarath2002/YouTube_Video_Summarizer", "JavierGon12/retrAIced", "MBinAsif/Summarizer-bart", "ashish0209/Speech_Recognition_and_Summarizer", "aliabd/SummerTime", "piecurus/Summarizer", "valurank/Article_summarizer_cnn_large_testing", "MrVicente/RA-BART", "SmartPy/ScisummNet", "juanpy/videoresumen", "SMD00/Text-Summarizer", "yugan/summarize", "victor/models-inference", "altafalam3/Text-Summarizer", "lordvader31/almithal", "Chakshu123/image-colorization-with-hint", "FYP-23-S1-21/Refineverse_Plugin", "Navanjana/Osana-WEB-GPT", "Omnibus/pdf-reader", "ShreyaRao/SummarizeEasy", "Bayhaqy/Classification-News-Analysis-and-Prediction", "Bazedgul/YoutubeVideo-Transcript-Summarization", "Elrmnd/Vocal-PDF-Summarizer", "Emil25/g19_project", "sonalkum/GAMA", "Jimmy-Rais/Translated_Text_Summary_English-To-French", "BigSalmon/Bart", "mmcquade11/codex-text-summarizer", "yassTrad/extractiveSum", "SIB/Smart_Resume", "igrab666/polish_text_summarization", "vinni1484/text-summarizer", "aritheanalyst/legalsummarizer", "Firefly777a/summarization-demo-v1", "cgunadi/CDSS_Demo", "dansome/Document_Summarization", "ElAnon/nsumr", "Sasidhar/information-extraction-demo", "DiegoLigtenberg/realtimespeech", "kabita-choudhary/summary", "os1187/news-summarizer", "fahmiaziz/auto_meringkas", "victorbahlangene/NLP-News-Scraping-Summarization-Sentiment-App", "Emmawang/audio_summarizer", "KevlarVK/content_summarizer", "Ezi/Licences_check", "ccarr0807/HuggingGPT", "sumit1614/Summerization", "theholycityweb/HuggingGPT", "gsharma/url-summarizer", "saurshaz/HuggingGPT", "anandaa/careerpal", "kusumakar/Image_Describer", "raphael-gl/ai-days-subtitles-demo", "SMD00/Image_Summarizer", "jaisidhsingh/cluster-summ", "autumn8/selectModel", "blazingbunny/BERT-Extractive-Summarizer", "RamziRebai/hf_sum"], "createdAt": "2022-03-02T23:29:05.000Z", "safetensors": {"parameters": {"F32": 406290432}, "total": 406290432}, "inferenceStatus": "loaded"}