{"_id": "6629e41f1e0bcab8cf9ca603", "id": "4-alokk/gemma-7b-English-to-Hinglish", "modelId": "4-alokk/gemma-7b-English-to-Hinglish", "author": "4-alokk", "sha": "d48e3c726465823d6e529c088b5ae611c50eb99f", "lastModified": "2024-04-25T07:00:55.000Z", "private": false, "disabled": false, "gated": false, "pipeline_tag": "text-generation", "tags": ["transformers", "safetensors", "gemma", "text-generation", "unsloth", "trl", "sft", "arxiv:1910.09700", "autotrain_compatible", "text-generation-inference", "endpoints_compatible", "region:us"], "downloads": 1, "library_name": "transformers", "widgetData": [{"text": "My name is Julien and I like to"}, {"text": "My name is Thomas and my main"}, {"text": "My name is Mariama, my favorite"}, {"text": "My name is Clara and I am"}, {"text": "My name is Lewis and I like to"}, {"text": "My name is Merve and my favorite"}, {"text": "My name is Teven and I am"}, {"text": "Once upon a time,"}], "likes": 0, "model-index": null, "config": {"architectures": ["GemmaForCausalLM"], "model_type": "gemma", "tokenizer_config": {"bos_token": "<bos>", "eos_token": "<eos>", "pad_token": "<pad>", "unk_token": "<unk>", "use_default_system_prompt": false}}, "cardData": {"library_name": "transformers", "tags": ["unsloth", "trl", "sft"]}, "transformersInfo": {"auto_model": "AutoModelForCausalLM", "pipeline_tag": "text-generation", "processor": "AutoTokenizer"}, "siblings": [{"rfilename": ".gitattributes"}, {"rfilename": "README.md"}, {"rfilename": "config.json"}, {"rfilename": "generation_config.json"}, {"rfilename": "model-00001-of-00004.safetensors"}, {"rfilename": "model-00002-of-00004.safetensors"}, {"rfilename": "model-00003-of-00004.safetensors"}, {"rfilename": "model-00004-of-00004.safetensors"}, {"rfilename": "model.safetensors.index.json"}, {"rfilename": "special_tokens_map.json"}, {"rfilename": "tokenizer.json"}, {"rfilename": "tokenizer.model"}, {"rfilename": "tokenizer_config.json"}], "spaces": [], "createdAt": "2024-04-25T05:03:27.000Z", "safetensors": {"parameters": {"F16": 8537680896}, "total": 8537680896}, "inferenceStatus": "not-loaded"}