{"_id": "6632a7d323da853f9374493b", "id": "404-OS/Mixtral-8x7B-Instruct-v0.1-GGUF", "modelId": "404-OS/Mixtral-8x7B-Instruct-v0.1-GGUF", "author": "404-OS", "sha": "a12f7f544c4d935df607b8c3acf3bfb37e7d60a0", "lastModified": "2024-05-01T21:02:18.000Z", "private": false, "disabled": false, "gated": false, "tags": ["gguf", "license:apache-2.0", "region:us"], "downloads": 16, "likes": 0, "model-index": null, "cardData": {"license": "apache-2.0"}, "siblings": [{"rfilename": ".gitattributes"}, {"rfilename": "README.md"}, {"rfilename": "mixtral-8x7b-instruct-v0.1.Q2_K.gguf"}], "spaces": [], "createdAt": "2024-05-01T20:36:35.000Z", "inferenceStatus": "not-loaded"}