{"_id": "62b483a9fb40ed0050e70485", "id": "404E/autotrain-formality-1026434913", "modelId": "404E/autotrain-formality-1026434913", "author": "404E", "sha": "9422eb7ab20af3ee09786c7c0a4762976cb8d117", "lastModified": "2022-06-23T15:19:21.000Z", "private": false, "disabled": false, "gated": false, "pipeline_tag": "text-classification", "tags": ["transformers", "pytorch", "bert", "text-classification", "autotrain", "en", "dataset:404E/autotrain-data-formality", "co2_eq_emissions", "autotrain_compatible", "endpoints_compatible", "region:us"], "downloads": 4, "library_name": "transformers", "mask_token": "[MASK]", "widgetData": [{"text": "I love AutoTrain \ud83e\udd17"}], "likes": 0, "model-index": null, "config": {"architectures": ["BertForSequenceClassification"], "model_type": "bert", "tokenizer_config": {"unk_token": "[UNK]", "sep_token": "[SEP]", "pad_token": "[PAD]", "cls_token": "[CLS]", "mask_token": "[MASK]"}}, "cardData": {"tags": "autotrain", "language": "en", "widget": [{"text": "I love AutoTrain \ud83e\udd17"}], "datasets": ["404E/autotrain-data-formality"], "co2_eq_emissions": 7.300283563922049}, "transformersInfo": {"auto_model": "AutoModelForSequenceClassification", "pipeline_tag": "text-classification", "processor": "AutoTokenizer"}, "siblings": [{"rfilename": ".gitattributes"}, {"rfilename": "README.md"}, {"rfilename": "config.json"}, {"rfilename": "pytorch_model.bin"}, {"rfilename": "sample_input.pkl"}, {"rfilename": "special_tokens_map.json"}, {"rfilename": "tokenizer.json"}, {"rfilename": "tokenizer_config.json"}, {"rfilename": "vocab.txt"}], "spaces": [], "createdAt": "2022-06-23T15:15:53.000Z", "inferenceStatus": "not-loaded"}