{"_id": "649ce28cb7d38a881ce15ec6", "id": "413x1nkp/maaaow", "modelId": "413x1nkp/maaaow", "author": "413x1nkp", "sha": "b36ab6fedeaac0a469d8f56e47ae642714861675", "lastModified": "2023-06-29T02:28:18.000Z", "private": false, "disabled": false, "gated": false, "pipeline_tag": "audio-to-audio", "tags": ["rvc", "audio-to-audio", "cat", "license:openrail", "region:us"], "downloads": 0, "likes": 0, "model-index": null, "cardData": {"license": "openrail", "language": ["cat"], "pipeline_tag": "audio-to-audio", "tags": ["rvc"]}, "siblings": [{"rfilename": ".gitattributes"}, {"rfilename": "README.md"}, {"rfilename": "maaaow_e200_s1200.zip"}], "spaces": [], "createdAt": "2023-06-29T01:46:52.000Z", "inferenceStatus": "not-loaded"}