{"_id": "6646f075ed221975f1426ad7", "id": "413x1nkp/LL7M-Remi", "modelId": "413x1nkp/LL7M-Remi", "author": "413x1nkp", "sha": "8fcdae1f45eed67da434e10dd7e6b72586349b54", "lastModified": "2024-05-17T11:58:32.000Z", "private": false, "disabled": false, "gated": false, "tags": ["peft", "safetensors", "not-for-all-audiences", "text-generation-inference", "base_model:JosephusCheung/LL7M", "license:mit", "region:us"], "downloads": 2, "library_name": "peft", "likes": 0, "model-index": null, "config": {"peft": {"base_model_name_or_path": "JosephusCheung/LL7M", "task_type": "CAUSAL_LM"}}, "cardData": {"library_name": "peft", "base_model": "JosephusCheung/LL7M", "license": "mit", "tags": ["not-for-all-audiences", "text-generation-inference"]}, "siblings": [{"rfilename": ".gitattributes"}, {"rfilename": "README.md"}, {"rfilename": "adapter_config.json"}, {"rfilename": "adapter_model.safetensors"}], "spaces": [], "createdAt": "2024-05-17T05:51:49.000Z", "inferenceStatus": "not-loaded"}