{"_id": "64df43c6931a8e1c2c8a4363", "id": "420bind/Cypis", "modelId": "420bind/Cypis", "author": "420bind", "sha": "4298e205bee32587cc5b9f3b2475cce98ae4680a", "lastModified": "2023-08-18T10:13:08.000Z", "private": false, "disabled": false, "gated": false, "tags": ["license:openrail", "region:us"], "downloads": 0, "likes": 0, "model-index": null, "cardData": {"license": "openrail"}, "siblings": [{"rfilename": ".gitattributes"}, {"rfilename": "Cypis - 250 epochs.zip"}, {"rfilename": "README.md"}], "spaces": [], "createdAt": "2023-08-18T10:11:18.000Z", "inferenceStatus": "not-loaded"}