{"_id": "64df2a6d43eefbfb93d7044c", "id": "420bind/NeonRVC", "modelId": "420bind/NeonRVC", "author": "420bind", "sha": "a95e7217eeb8770d28cc6e81ccef7fbb8d1d1343", "lastModified": "2023-08-18T08:25:36.000Z", "private": false, "disabled": false, "gated": false, "tags": ["license:openrail", "region:us"], "downloads": 0, "likes": 0, "model-index": null, "cardData": {"license": "openrail"}, "siblings": [{"rfilename": ".gitattributes"}, {"rfilename": "Neon - 250 epochs.zip"}, {"rfilename": "README.md"}], "spaces": [], "createdAt": "2023-08-18T08:23:09.000Z", "inferenceStatus": "not-loaded"}