{"_id": "64d5f637c2eedf9af8122853", "id": "420bind/neon", "modelId": "420bind/neon", "author": "420bind", "sha": "cc03710b31d392243621c5170d06de12ae6fd6d6", "lastModified": "2023-08-11T08:57:18.000Z", "private": false, "disabled": false, "gated": false, "pipeline_tag": "text-to-video", "tags": ["open_clip", "text-to-video", "pl", "dataset:Open-Orca/OpenOrca", "license:openrail", "region:us"], "downloads": 0, "library_name": "open_clip", "likes": 0, "model-index": null, "cardData": {"license": "openrail", "datasets": ["Open-Orca/OpenOrca"], "language": ["pl"], "metrics": ["character"], "library_name": "open_clip", "pipeline_tag": "text-to-video"}, "siblings": [{"rfilename": ".gitattributes"}, {"rfilename": "README.md"}, {"rfilename": "added_IVF541_Flat_nprobe_1_neon_v2.index"}, {"rfilename": "neon.pth"}], "spaces": [], "createdAt": "2023-08-11T08:49:59.000Z", "inferenceStatus": "not-loaded"}