{"_id": "651ea431cd84dd7e9061dbc6", "id": "422christopher/dummy-model", "modelId": "422christopher/dummy-model", "author": "422christopher", "sha": "b49a3709f1ec225cb5d362d0806c56428fed8081", "lastModified": "2023-10-05T11:55:57.000Z", "private": false, "disabled": false, "gated": false, "pipeline_tag": "fill-mask", "tags": ["transformers", "tf", "camembert", "fill-mask", "generated_from_keras_callback", "base_model:camembert-base", "license:mit", "autotrain_compatible", "endpoints_compatible", "region:us"], "downloads": 1, "library_name": "transformers", "mask_token": "<mask>", "widgetData": [{"text": "Paris is the <mask> of France."}, {"text": "The goal of life is <mask>."}], "likes": 0, "model-index": [{"name": "dummy-model", "results": []}], "config": {"architectures": ["CamembertForMaskedLM"], "model_type": "camembert", "tokenizer_config": {"bos_token": "<s>", "cls_token": "<s>", "eos_token": "</s>", "mask_token": "<mask>", "pad_token": "<pad>", "sep_token": "</s>", "unk_token": "<unk>"}}, "cardData": {"license": "mit", "base_model": "camembert-base", "tags": ["generated_from_keras_callback"], "model-index": [{"name": "dummy-model", "results": []}]}, "transformersInfo": {"auto_model": "AutoModelForMaskedLM", "pipeline_tag": "fill-mask", "processor": "AutoTokenizer"}, "siblings": [{"rfilename": ".gitattributes"}, {"rfilename": "README.md"}, {"rfilename": "added_tokens.json"}, {"rfilename": "config.json"}, {"rfilename": "sentencepiece.bpe.model"}, {"rfilename": "special_tokens_map.json"}, {"rfilename": "tf_model.h5"}, {"rfilename": "tokenizer.json"}, {"rfilename": "tokenizer_config.json"}], "spaces": [], "createdAt": "2023-10-05T11:55:29.000Z", "inferenceStatus": "not-loaded"}