{"_id": "65c75026730807596197fefa", "id": "42blue/crawl", "modelId": "42blue/crawl", "author": "42blue", "sha": "a33d563c2ebe6e17d0e007c4a8825cc6493c3e0d", "lastModified": "2024-02-10T10:30:06.000Z", "private": false, "disabled": false, "gated": false, "pipeline_tag": "text-generation", "tags": ["safetensors", "autotrain", "text-generation", "license:other", "endpoints_compatible", "region:us"], "downloads": 0, "widgetData": [{"text": "I love AutoTrain because "}], "likes": 0, "model-index": null, "config": {"tokenizer_config": {"bos_token": "<s>", "eos_token": "</s>", "pad_token": "</s>", "unk_token": "<unk>", "use_default_system_prompt": false}}, "cardData": {"tags": ["autotrain", "text-generation"], "widget": [{"text": "I love AutoTrain because "}], "license": "other"}, "siblings": [{"rfilename": ".gitattributes"}, {"rfilename": "README.md"}, {"rfilename": "adapter_config.json"}, {"rfilename": "adapter_model.safetensors"}, {"rfilename": "checkpoint-2/README.md"}, {"rfilename": "checkpoint-2/adapter_config.json"}, {"rfilename": "checkpoint-2/adapter_model.safetensors"}, {"rfilename": "checkpoint-2/optimizer.pt"}, {"rfilename": "checkpoint-2/pytorch_model.bin"}, {"rfilename": "checkpoint-2/rng_state.pth"}, {"rfilename": "checkpoint-2/scheduler.pt"}, {"rfilename": "checkpoint-2/special_tokens_map.json"}, {"rfilename": "checkpoint-2/tokenizer.json"}, {"rfilename": "checkpoint-2/tokenizer.model"}, {"rfilename": "checkpoint-2/tokenizer_config.json"}, {"rfilename": "checkpoint-2/trainer_state.json"}, {"rfilename": "checkpoint-2/training_args.bin"}, {"rfilename": "handler.py"}, {"rfilename": "requirements.txt"}, {"rfilename": "special_tokens_map.json"}, {"rfilename": "tokenizer.json"}, {"rfilename": "tokenizer.model"}, {"rfilename": "tokenizer_config.json"}, {"rfilename": "training_args.bin"}, {"rfilename": "training_params.json"}], "spaces": [], "createdAt": "2024-02-10T10:29:58.000Z", "inferenceStatus": "not-loaded"}