{"_id": "6426c7d12db5108b10b5b0eb", "id": "42IsTheAnswer/kb-llama-7b", "modelId": "42IsTheAnswer/kb-llama-7b", "author": "42IsTheAnswer", "sha": "f0e4171c68a8e5d51edd2d43ca92510a44d97a82", "lastModified": "2023-03-31T11:45:51.000Z", "private": false, "disabled": false, "gated": false, "tags": ["region:us"], "downloads": 0, "likes": 0, "siblings": [{"rfilename": ".gitattributes"}, {"rfilename": "adapter_config.json"}, {"rfilename": "adapter_model.bin"}], "spaces": [], "createdAt": "2023-03-31T11:45:21.000Z", "inferenceStatus": "not-loaded"}