{"_id": "636c5ede5ef5a1a07db3374a", "id": "42MARU/ko-ctc-kenlm-42maru-only-wiki", "modelId": "42MARU/ko-ctc-kenlm-42maru-only-wiki", "author": "42MARU", "sha": "cc5e9a552b580a436f6f3e00d2a1e4131c60a8b3", "lastModified": "2022-11-11T02:44:16.000Z", "private": false, "disabled": false, "gated": false, "pipeline_tag": "text2text-generation", "tags": ["kenlm", "audio", "automatic-speech-recognition", "text2text-generation", "ko", "dataset:korean-wiki", "license:apache-2.0", "region:us"], "downloads": 0, "library_name": "kenlm", "likes": 0, "model-index": null, "config": {"tokenizer_config": {"bos_token": "<s>", "eos_token": "</s>", "pad_token": "<pad>", "unk_token": "<unk>"}}, "cardData": {"language": ["ko"], "license": "apache-2.0", "library_name": "kenlm", "tags": ["audio", "automatic-speech-recognition", "text2text-generation"], "datasets": ["korean-wiki"]}, "siblings": [{"rfilename": ".gitattributes"}, {"rfilename": "README.md"}, {"rfilename": "alphabet.json"}, {"rfilename": "language_model/attrs.json"}, {"rfilename": "language_model/lm.binary"}, {"rfilename": "language_model/unigrams.txt"}, {"rfilename": "preprocessor_config.json"}, {"rfilename": "special_tokens_map.json"}, {"rfilename": "tokenizer_config.json"}, {"rfilename": "vocab.json"}], "spaces": [], "createdAt": "2022-11-10T02:15:58.000Z", "inferenceStatus": "not-loaded"}