{"_id": "647cf6b483c62f32492611f0", "id": "43m1m4n/jpbrinx", "modelId": "43m1m4n/jpbrinx", "author": "43m1m4n", "sha": "cf1c9025074da3945d28313acf54b3a5497878ed", "lastModified": "2023-07-10T18:53:46.000Z", "private": false, "disabled": false, "gated": false, "tags": ["license:creativeml-openrail-m", "region:us"], "downloads": 0, "likes": 0, "model-index": null, "cardData": {"license": "creativeml-openrail-m"}, "siblings": [{"rfilename": ".gitattributes"}, {"rfilename": "README.md"}, {"rfilename": "chilloutmix_NiPrunedFp32Fix.safetensors"}, {"rfilename": "dahlialora-000006.safetensors"}, {"rfilename": "f222.ckpt"}, {"rfilename": "jpbrinxlora.safetensors"}, {"rfilename": "jwy___v1.safetensors"}, {"rfilename": "momolora.safetensors"}, {"rfilename": "nazulora.safetensors"}], "spaces": [], "createdAt": "2023-06-04T20:40:20.000Z", "inferenceStatus": "not-loaded"}