{"_id": "6465cb58e0fe831b47887a54", "id": "45151afda/pepper", "modelId": "45151afda/pepper", "author": "45151afda", "sha": "ade63030a503eb3d71d4d70036f10a3c73d87544", "lastModified": "2023-05-18T06:53:12.000Z", "private": false, "disabled": false, "gated": false, "tags": ["license:openrail", "region:us"], "downloads": 0, "likes": 0, "model-index": null, "cardData": {"license": "openrail"}, "siblings": [{"rfilename": ".gitattributes"}, {"rfilename": "README.md"}], "spaces": [], "createdAt": "2023-05-18T06:53:12.000Z", "inferenceStatus": "not-loaded"}