{"_id": "65e7c0b9024211e1e921df37", "id": "46647786abcd/yaozu", "modelId": "46647786abcd/yaozu", "author": "46647786abcd", "sha": "e2de1938c9d1cfb24126a4cd1e1b3071b59350dc", "lastModified": "2024-03-06T01:02:49.000Z", "private": false, "disabled": false, "gated": false, "tags": ["license:wtfpl", "region:us"], "downloads": 0, "likes": 0, "model-index": null, "cardData": {"license": "wtfpl"}, "siblings": [{"rfilename": ".gitattributes"}, {"rfilename": "README.md"}], "spaces": [], "createdAt": "2024-03-06T01:02:49.000Z", "inferenceStatus": "not-loaded"}