{"_id": "66883ff38c440fe195d73af7", "id": "46fy45/bert_ABSA2", "modelId": "46fy45/bert_ABSA2", "author": "46fy45", "sha": "61cdd1a97e0ff65bb0596de577aa3e00aa1f686a", "lastModified": "2024-07-05T19:29:12.000Z", "private": false, "disabled": false, "gated": false, "tags": ["region:us"], "downloads": 0, "likes": 0, "siblings": [{"rfilename": ".gitattributes"}, {"rfilename": "TreeTest.py"}, {"rfilename": "analyze_data.py"}, {"rfilename": "bertviz_test.py"}, {"rfilename": "chinese_wwm_pytorch/bert_config.json"}, {"rfilename": "chinese_wwm_pytorch/config.json"}, {"rfilename": "chinese_wwm_pytorch/pytorch_model.bin"}, {"rfilename": "chinese_wwm_pytorch/vocab.txt"}, {"rfilename": "chinese_wwm_pytorch/vocab_ori.txt"}, {"rfilename": "config.py"}, {"rfilename": "config2.py"}, {"rfilename": "data/README.txt"}, {"rfilename": "data/WORDMAP.json"}, {"rfilename": "data/ai_challenger_fsauor2018_testa_20180816.zip"}, {"rfilename": "data/ai_challenger_fsauor2018_trainingset_20180816.zip"}, {"rfilename": "data/ai_challenger_fsauor2018_validationset_20180816.zip"}, {"rfilename": "data/ai_challenger_sentiment_analysis_testa_20180816/README.txt"}, {"rfilename": "data/ai_challenger_sentiment_analysis_testa_20180816/protocol.txt"}, {"rfilename": "data/ai_challenger_sentiment_analysis_testa_20180816/sentiment_analysis_testa.csv"}, {"rfilename": "data/ai_challenger_sentiment_analysis_testa_20180816/sentiment_analysis_testa2.csv"}, {"rfilename": "data/ai_challenger_sentiment_analysis_trainingset_20180816/README.txt"}, {"rfilename": "data/ai_challenger_sentiment_analysis_trainingset_20180816/protocol.txt"}, {"rfilename": "data/ai_challenger_sentiment_analysis_trainingset_20180816/sentiment_analysis_trainingset.csv"}, {"rfilename": "data/ai_challenger_sentiment_analysis_trainingset_20180816/sentiment_analysis_trainingset_annotations.docx"}, {"rfilename": "data/ai_challenger_sentiment_analysis_validationset_20180816/README.txt"}, {"rfilename": "data/ai_challenger_sentiment_analysis_validationset_20180816/protocol.txt"}, {"rfilename": "data/ai_challenger_sentiment_analysis_validationset_20180816/sentiment_analysis_validationset.csv"}, {"rfilename": "data/ai_challenger_sentiment_analysis_validationset_20180816/sentiment_analysis_validationset_annotations.docx"}, {"rfilename": "data/ai_challenger_sentiment_analysis_validationset_20180816/~$ntiment_analysis_validationset_annotations.docx"}, {"rfilename": "data/protocol.txt"}, {"rfilename": "data/test/test_data.csv"}, {"rfilename": "data/test/test_data_old.csv"}, {"rfilename": "data/total.csv"}, {"rfilename": "data/train/train_data.csv"}, {"rfilename": "data/train/train_data.txt"}, {"rfilename": "data/train/train_data2.csv"}, {"rfilename": "data/train/train_data_old.csv"}, {"rfilename": "data/valid/val_data.csv"}, {"rfilename": "data/valid/val_data_old.csv"}, {"rfilename": "data/valid/\u4e13\u5bb6\u8bc4\u8bed.csv"}, {"rfilename": "data_gen.py"}, {"rfilename": "data_make.py"}, {"rfilename": "ddparser_test.py"}, {"rfilename": "demo.py"}, {"rfilename": "extract.py"}, {"rfilename": "gbk2utf.py"}, {"rfilename": "jieba_cut.py"}, {"rfilename": "log.txt"}, {"rfilename": "model2.py"}, {"rfilename": "models.py"}, {"rfilename": "pre_process.py"}, {"rfilename": "pytorch_pretrained/__init__.py"}, {"rfilename": "pytorch_pretrained/__main__.py"}, {"rfilename": "pytorch_pretrained/__pycache__/__init__.cpython-37.pyc"}, {"rfilename": "pytorch_pretrained/__pycache__/__init__.cpython-38.pyc"}, {"rfilename": "pytorch_pretrained/__pycache__/file_utils.cpython-37.pyc"}, {"rfilename": "pytorch_pretrained/__pycache__/file_utils.cpython-38.pyc"}, {"rfilename": "pytorch_pretrained/__pycache__/modeling.cpython-37.pyc"}, {"rfilename": "pytorch_pretrained/__pycache__/modeling.cpython-38.pyc"}, {"rfilename": "pytorch_pretrained/__pycache__/modeling_gpt2.cpython-37.pyc"}, {"rfilename": "pytorch_pretrained/__pycache__/modeling_gpt2.cpython-38.pyc"}, {"rfilename": "pytorch_pretrained/__pycache__/modeling_openai.cpython-37.pyc"}, {"rfilename": "pytorch_pretrained/__pycache__/modeling_openai.cpython-38.pyc"}, {"rfilename": "pytorch_pretrained/__pycache__/modeling_transfo_xl.cpython-37.pyc"}, {"rfilename": "pytorch_pretrained/__pycache__/modeling_transfo_xl.cpython-38.pyc"}, {"rfilename": "pytorch_pretrained/__pycache__/modeling_transfo_xl_utilities.cpython-37.pyc"}, {"rfilename": "pytorch_pretrained/__pycache__/modeling_transfo_xl_utilities.cpython-38.pyc"}, {"rfilename": "pytorch_pretrained/__pycache__/optimization.cpython-37.pyc"}, {"rfilename": "pytorch_pretrained/__pycache__/optimization.cpython-38.pyc"}, {"rfilename": "pytorch_pretrained/__pycache__/optimization_openai.cpython-37.pyc"}, {"rfilename": "pytorch_pretrained/__pycache__/optimization_openai.cpython-38.pyc"}, {"rfilename": "pytorch_pretrained/__pycache__/tokenization.cpython-37.pyc"}, {"rfilename": "pytorch_pretrained/__pycache__/tokenization.cpython-38.pyc"}, {"rfilename": "pytorch_pretrained/__pycache__/tokenization_gpt2.cpython-37.pyc"}, {"rfilename": "pytorch_pretrained/__pycache__/tokenization_gpt2.cpython-38.pyc"}, {"rfilename": "pytorch_pretrained/__pycache__/tokenization_openai.cpython-37.pyc"}, {"rfilename": "pytorch_pretrained/__pycache__/tokenization_openai.cpython-38.pyc"}, {"rfilename": "pytorch_pretrained/__pycache__/tokenization_transfo_xl.cpython-37.pyc"}, {"rfilename": "pytorch_pretrained/__pycache__/tokenization_transfo_xl.cpython-38.pyc"}, {"rfilename": "pytorch_pretrained/convert_gpt2_checkpoint_to_pytorch.py"}, {"rfilename": "pytorch_pretrained/convert_openai_checkpoint_to_pytorch.py"}, {"rfilename": "pytorch_pretrained/convert_tf_checkpoint_to_pytorch.py"}, {"rfilename": "pytorch_pretrained/convert_transfo_xl_checkpoint_to_pytorch.py"}, {"rfilename": "pytorch_pretrained/file_utils.py"}, {"rfilename": "pytorch_pretrained/modeling.py"}, {"rfilename": "pytorch_pretrained/modeling_gpt2.py"}, {"rfilename": "pytorch_pretrained/modeling_openai.py"}, {"rfilename": "pytorch_pretrained/modeling_transfo_xl.py"}, {"rfilename": "pytorch_pretrained/modeling_transfo_xl_utilities.py"}, {"rfilename": "pytorch_pretrained/optimization.py"}, {"rfilename": "pytorch_pretrained/optimization_openai.py"}, {"rfilename": "pytorch_pretrained/tokenization.py"}, {"rfilename": "pytorch_pretrained/tokenization_gpt2.py"}, {"rfilename": "pytorch_pretrained/tokenization_openai.py"}, {"rfilename": "pytorch_pretrained/tokenization_transfo_xl.py"}, {"rfilename": "temp.py"}, {"rfilename": "template.py"}, {"rfilename": "test_data.csv"}, {"rfilename": "train.py"}, {"rfilename": "train_data.csv"}, {"rfilename": "utils.py"}, {"rfilename": "val_data.csv"}], "spaces": [], "createdAt": "2024-07-05T18:48:19.000Z", "inferenceStatus": "not-loaded"}