{"_id": "65f867178fafa15fc07f4e72", "id": "4BEraser/BAXL_v1_v2_A3_Based", "modelId": "4BEraser/BAXL_v1_v2_A3_Based", "author": "4BEraser", "sha": "cef49cd17fc059a0dc6494dddd5cf6eed216500b", "lastModified": "2024-03-18T17:00:07.000Z", "private": false, "disabled": false, "gated": false, "tags": ["license:other", "region:us"], "downloads": 0, "likes": 0, "model-index": null, "cardData": {"license": "other", "license_name": "faipl-1.0-sd", "license_link": "https://freedevproject.org/faipl-1.0-sd/"}, "siblings": [{"rfilename": ".gitattributes"}, {"rfilename": "BArtstyleDB-XL-A3-03-A3TE-half.json"}, {"rfilename": "README.md"}], "spaces": [], "createdAt": "2024-03-18T16:08:55.000Z", "inferenceStatus": "not-loaded"}