{"_id": "64325e6b5c65189fe4ed540b", "id": "4bit/llama-13b-3bit-gr128", "modelId": "4bit/llama-13b-3bit-gr128", "author": "4bit", "sha": "bb9debd42998aca6b5684df5b969bdbd868ebcd7", "lastModified": "2023-04-09T06:50:42.000Z", "private": false, "disabled": false, "gated": false, "pipeline_tag": "text-generation", "tags": ["transformers", "llama", "text-generation", "autotrain_compatible", "text-generation-inference", "endpoints_compatible", "region:us"], "downloads": 3, "library_name": "transformers", "widgetData": [{"text": "My name is Julien and I like to"}, {"text": "My name is Thomas and my main"}, {"text": "My name is Mariama, my favorite"}, {"text": "My name is Clara and I am"}, {"text": "My name is Lewis and I like to"}, {"text": "My name is Merve and my favorite"}, {"text": "My name is Teven and I am"}, {"text": "Once upon a time,"}], "likes": 1, "config": {"architectures": ["LLaMAForCausalLM"], "model_type": "llama", "tokenizer_config": {"bos_token": "", "eos_token": "", "unk_token": ""}}, "transformersInfo": {"auto_model": "AutoModelForCausalLM", "pipeline_tag": "text-generation", "processor": "AutoTokenizer"}, "siblings": [{"rfilename": ".gitattributes"}, {"rfilename": "README.md"}, {"rfilename": "config.json"}, {"rfilename": "generation_config.json"}, {"rfilename": "llama-13b-3bit-gr128.pt"}, {"rfilename": "special_tokens_map.json"}, {"rfilename": "tokenizer.model"}, {"rfilename": "tokenizer_config.json"}], "spaces": [], "createdAt": "2023-04-09T06:42:51.000Z", "inferenceStatus": "not-loaded"}