{"_id": "652806d612a054f05f6d4112", "id": "4bit/llava-v1.5-13b-4GB-8bit", "modelId": "4bit/llava-v1.5-13b-4GB-8bit", "author": "4bit", "sha": "371906c51c7be932547768a4390510f5ae2b378d", "lastModified": "2023-10-12T15:15:08.000Z", "private": false, "disabled": false, "gated": false, "pipeline_tag": "text-generation", "tags": ["transformers", "pytorch", "llava", "text-generation", "autotrain_compatible", "endpoints_compatible", "8-bit", "bitsandbytes", "region:us"], "downloads": 18, "library_name": "transformers", "widgetData": [{"text": "My name is Julien and I like to"}, {"text": "My name is Thomas and my main"}, {"text": "My name is Mariama, my favorite"}, {"text": "My name is Clara and I am"}, {"text": "My name is Lewis and I like to"}, {"text": "My name is Merve and my favorite"}, {"text": "My name is Teven and I am"}, {"text": "Once upon a time,"}], "likes": 2, "config": {"architectures": ["LlavaLlamaForCausalLM"], "model_type": "llava", "quantization_config": {"load_in_4bit": false, "load_in_8bit": true, "quant_method": "bitsandbytes"}, "tokenizer_config": {"bos_token": "<s>", "eos_token": "</s>", "pad_token": "<unk>", "unk_token": "<unk>", "use_default_system_prompt": true}}, "transformersInfo": {"auto_model": "AutoModelForCausalLM", "pipeline_tag": "text-generation", "processor": "AutoProcessor"}, "siblings": [{"rfilename": ".gitattributes"}, {"rfilename": "config.json"}, {"rfilename": "generation_config.json"}, {"rfilename": "pytorch_model-00001-of-00004.bin"}, {"rfilename": "pytorch_model-00002-of-00004.bin"}, {"rfilename": "pytorch_model-00003-of-00004.bin"}, {"rfilename": "pytorch_model-00004-of-00004.bin"}, {"rfilename": "pytorch_model.bin.index.json"}, {"rfilename": "special_tokens_map.json"}, {"rfilename": "tokenizer.model"}, {"rfilename": "tokenizer_config.json"}], "spaces": ["charanhu/4bit-llava-v1.5-13b-4GB-8bit"], "createdAt": "2023-10-12T14:46:46.000Z", "inferenceStatus": "not-loaded"}