{"_id": "6590c88777105e6e400f47fd", "id": "4bit/uform-gen", "modelId": "4bit/uform-gen", "author": "4bit", "sha": "60b3795aba042d067e52250d6c52d4cea7de1837", "lastModified": "2023-12-31T01:51:21.000Z", "private": false, "disabled": false, "gated": false, "pipeline_tag": "image-to-text", "tags": ["transformers", "safetensors", "vlm", "text-generation", "image-captioning", "visual-question-answering", "image-to-text", "en", "dataset:sbu_captions", "dataset:visual_genome", "dataset:HuggingFaceM4/VQAv2", "dataset:ChristophSchuhmann/MS_COCO_2017_URL_TEXT", "base_model:unum-cloud/uform-vl-english", "license:apache-2.0", "autotrain_compatible", "endpoints_compatible", "region:us"], "downloads": 6, "library_name": "transformers", "widgetData": [{"src": "https://huggingface.co/4bit/uform-gen/resolve/main/preview-interior.png", "output": {"text": "The living room is cozy, featuring a red leather chair and a white table. The chair is in the center, and the table is on the left side. A lamp on the left side illuminates the space. A large picture hangs on the wall, adding artistic flair. A vase on the table adds a decorative touch. The room is well-lit, creating a warm and inviting atmosphere."}}, {"src": "https://huggingface.co/4bit/uform-gen/resolve/main/preview-girl.png", "output": {"text": "A young girl stands in a grassy field, holding an umbrella to shield herself from the rain. She dons a yellow dress and seems to relish her time outdoors. The umbrella is open, offering protection from the rain. The field is bordered by trees, fostering a tranquil and natural ambiance"}}], "likes": 2, "model-index": null, "config": {"architectures": ["VLMForCausalLM"], "model_type": "vlm", "tokenizer_config": {"bos_token": "<s>", "chat_template": "{% if not add_generation_prompt is defined %}{% set add_generation_prompt = false %}{% endif %}{% for message in messages %}{{'<|im_start|>' + message['role'] + '\n' + message['content'] + ' <|im_end|>' + '\n'}}{% endfor %}{% if add_generation_prompt %}{{ '<|im_start|>assistant\n' }}{% endif %}", "eos_token": "</s>", "pad_token": "</s>", "unk_token": "<unk>", "use_default_system_prompt": false}}, "cardData": {"pipeline_tag": "image-to-text", "tags": ["image-captioning", "visual-question-answering"], "datasets": ["sbu_captions", "visual_genome", "HuggingFaceM4/VQAv2", "ChristophSchuhmann/MS_COCO_2017_URL_TEXT"], "language": ["en"], "license": "apache-2.0", "base_model": "unum-cloud/uform-vl-english", "widget": [{"src": "https://huggingface.co/4bit/uform-gen/resolve/main/preview-interior.png", "output": {"text": "The living room is cozy, featuring a red leather chair and a white table. The chair is in the center, and the table is on the left side. A lamp on the left side illuminates the space. A large picture hangs on the wall, adding artistic flair. A vase on the table adds a decorative touch. The room is well-lit, creating a warm and inviting atmosphere."}}, {"src": "https://huggingface.co/4bit/uform-gen/resolve/main/preview-girl.png", "output": {"text": "A young girl stands in a grassy field, holding an umbrella to shield herself from the rain. She dons a yellow dress and seems to relish her time outdoors. The umbrella is open, offering protection from the rain. The field is bordered by trees, fostering a tranquil and natural ambiance"}}]}, "transformersInfo": {"auto_model": "AutoModelForCausalLM", "pipeline_tag": "text-generation"}, "siblings": [{"rfilename": ".gitattributes"}, {"rfilename": "README.md"}, {"rfilename": "added_tokens.json"}, {"rfilename": "config.json"}, {"rfilename": "generation_config.json"}, {"rfilename": "input-girl.jpg"}, {"rfilename": "input-interior.jpg"}, {"rfilename": "model-00001-of-00002.safetensors"}, {"rfilename": "model-00002-of-00002.safetensors"}, {"rfilename": "model.safetensors.index.json"}, {"rfilename": "preview-girl.png"}, {"rfilename": "preview-interior.png"}, {"rfilename": "special_tokens_map.json"}, {"rfilename": "tokenizer.json"}, {"rfilename": "tokenizer.model"}, {"rfilename": "tokenizer_config.json"}], "spaces": [], "createdAt": "2023-12-31T01:48:55.000Z", "safetensors": {"parameters": {"F32": 1489559936}, "total": 1489559936}, "inferenceStatus": "not-loaded"}