{"_id": "643794569e8d019de83890bb", "id": "4bit/pygmalion-6b-4bit-128g", "modelId": "4bit/pygmalion-6b-4bit-128g", "author": "4bit", "sha": "e46afe6512690f1a8ed6f16f31c0f7660829d190", "lastModified": "2023-04-13T05:48:08.000Z", "private": false, "disabled": false, "gated": false, "pipeline_tag": "text-generation", "tags": ["transformers", "gptj", "text-generation", "text generation", "conversational", "gptq", "4bit", "en", "license:creativeml-openrail-m", "autotrain_compatible", "region:us"], "downloads": 32, "library_name": "transformers", "widgetData": [{"text": "Hey my name is Julien! How are you?"}, {"text": "Hey my name is Thomas! How are you?"}, {"text": "Hey my name is Mariama! How are you?"}, {"text": "Hey my name is Clara! How are you?"}, {"text": "Hey my name is Julien! How are you?"}, {"text": "Hi."}], "likes": 3, "model-index": null, "config": {"architectures": ["GPTJForCausalLM"], "model_type": "gptj", "tokenizer_config": {"bos_token": {"__type": "AddedToken", "content": "<|endoftext|>", "lstrip": false, "normalized": true, "rstrip": false, "single_word": false}, "eos_token": {"__type": "AddedToken", "content": "<|endoftext|>", "lstrip": false, "normalized": true, "rstrip": false, "single_word": false}, "unk_token": {"__type": "AddedToken", "content": "<|endoftext|>", "lstrip": false, "normalized": true, "rstrip": false, "single_word": false}}}, "cardData": {"license": "creativeml-openrail-m", "tags": ["text generation", "conversational", "gptq", "4bit"], "inference": false, "language": ["en"], "pipeline_tag": "text-generation"}, "transformersInfo": {"auto_model": "AutoModelForCausalLM", "pipeline_tag": "text-generation", "processor": "AutoTokenizer"}, "siblings": [{"rfilename": ".gitattributes"}, {"rfilename": "README.md"}, {"rfilename": "added_tokens.json"}, {"rfilename": "config.json"}, {"rfilename": "merges.txt"}, {"rfilename": "pygmalion-6b-4bit-128g.safetensors"}, {"rfilename": "special_tokens_map.json"}, {"rfilename": "tokenizer.json"}, {"rfilename": "tokenizer_config.json"}, {"rfilename": "vocab.json"}], "spaces": [], "createdAt": "2023-04-13T05:34:14.000Z", "inferenceStatus": "not-loaded"}