{"_id": "6437a98c6227bd68299b0856", "id": "4bit/whisper-large-v2-ggml", "modelId": "4bit/whisper-large-v2-ggml", "author": "4bit", "sha": "57b058aa2c352e1b33eaef73b29f075ebdecc2ca", "lastModified": "2023-04-13T07:08:47.000Z", "private": false, "disabled": false, "gated": false, "tags": ["region:us"], "downloads": 0, "likes": 6, "siblings": [{"rfilename": ".gitattributes"}, {"rfilename": "ggml-large-v2.bin"}], "spaces": [], "createdAt": "2023-04-13T07:04:44.000Z", "inferenceStatus": "not-loaded"}