{"_id": "66615980754f90a8583c1648", "id": "4bit/Poppy_Porpoise-1.4-L3-8B", "modelId": "4bit/Poppy_Porpoise-1.4-L3-8B", "author": "4bit", "sha": "6e62cfd82f35d19bd14379105f4e9bea04a1e7de", "lastModified": "2024-06-06T06:43:31.000Z", "private": false, "disabled": false, "gated": false, "pipeline_tag": "text-generation", "tags": ["transformers", "safetensors", "llama", "text-generation", "mergekit", "merge", "conversational", "en", "base_model:Nitral-AI/Poppy-1.35-Phase1", "base_model:Nitral-AI/Pp-72xra1", "license:other", "autotrain_compatible", "text-generation-inference", "endpoints_compatible", "region:us"], "downloads": 2, "library_name": "transformers", "widgetData": [{"text": "Hey my name is Julien! How are you?"}, {"text": "Hey my name is Thomas! How are you?"}, {"text": "Hey my name is Mariama! How are you?"}, {"text": "Hey my name is Clara! How are you?"}, {"text": "Hey my name is Julien! How are you?"}, {"text": "Hi."}], "likes": 0, "model-index": null, "config": {"architectures": ["LlamaForCausalLM"], "model_type": "llama", "tokenizer_config": {"bos_token": "<|begin_of_text|>", "chat_template": "{% set loop_messages = messages %}{% for message in loop_messages %}{% set content = '<|start_header_id|>' + message['role'] + '<|end_header_id|>\n\n'+ message['content'] | trim + '<|eot_id|>' %}{% if loop.index0 == 0 %}{% set content = content %}{% endif %}{{ content }}{% endfor %}{% if add_generation_prompt %}{{ '<|start_header_id|>assistant<|end_header_id|>\n\n' }}{% endif %}", "eos_token": "<|eot_id|>", "pad_token": "<|eot_id|>"}}, "cardData": {"base_model": ["Nitral-AI/Poppy-1.35-Phase1", "Nitral-AI/Pp-72xra1"], "library_name": "transformers", "tags": ["mergekit", "merge"], "license": "other", "language": ["en"]}, "transformersInfo": {"auto_model": "AutoModelForCausalLM", "pipeline_tag": "text-generation", "processor": "AutoTokenizer"}, "siblings": [{"rfilename": ".gitattributes"}, {"rfilename": "README.md"}, {"rfilename": "config.json"}, {"rfilename": "mergekit_config.yml"}, {"rfilename": "model-00001-of-00004.safetensors"}, {"rfilename": "model-00002-of-00004.safetensors"}, {"rfilename": "model-00003-of-00004.safetensors"}, {"rfilename": "model-00004-of-00004.safetensors"}, {"rfilename": "model.safetensors.index.json"}, {"rfilename": "special_tokens_map.json"}, {"rfilename": "tokenizer.json"}, {"rfilename": "tokenizer_config.json"}], "spaces": [], "createdAt": "2024-06-06T06:38:56.000Z", "safetensors": {"parameters": {"BF16": 8030261248}, "total": 8030261248}, "inferenceStatus": "not-loaded"}