{"_id": "652960f0a21958f7db1acc2d", "id": "4bit/llava-v1.5-13b-5GB", "modelId": "4bit/llava-v1.5-13b-5GB", "author": "4bit", "sha": "25f7df186f5669cb3cc4ebec3063c87a71fccfc1", "lastModified": "2023-10-13T15:26:03.000Z", "private": false, "disabled": false, "gated": false, "pipeline_tag": "text-generation", "tags": ["transformers", "pytorch", "llava", "text-generation", "autotrain_compatible", "endpoints_compatible", "region:us"], "downloads": 227, "library_name": "transformers", "widgetData": [{"text": "My name is Julien and I like to"}, {"text": "My name is Thomas and my main"}, {"text": "My name is Mariama, my favorite"}, {"text": "My name is Clara and I am"}, {"text": "My name is Lewis and I like to"}, {"text": "My name is Merve and my favorite"}, {"text": "My name is Teven and I am"}, {"text": "Once upon a time,"}], "likes": 2, "config": {"architectures": ["LlavaLlamaForCausalLM"], "model_type": "llava", "tokenizer_config": {"bos_token": {"__type": "AddedToken", "content": "<s>", "lstrip": false, "normalized": false, "rstrip": false, "single_word": false}, "eos_token": {"__type": "AddedToken", "content": "</s>", "lstrip": false, "normalized": false, "rstrip": false, "single_word": false}, "pad_token": null, "unk_token": {"__type": "AddedToken", "content": "<unk>", "lstrip": false, "normalized": false, "rstrip": false, "single_word": false}}}, "transformersInfo": {"auto_model": "AutoModelForCausalLM", "pipeline_tag": "text-generation", "processor": "AutoProcessor"}, "siblings": [{"rfilename": ".gitattributes"}, {"rfilename": "config.json"}, {"rfilename": "generation_config.json"}, {"rfilename": "pytorch_model-00001-of-00004.bin"}, {"rfilename": "pytorch_model-00002-of-00004.bin"}, {"rfilename": "pytorch_model-00003-of-00004.bin"}, {"rfilename": "pytorch_model-00004-of-00004.bin"}, {"rfilename": "pytorch_model.bin.index.json"}, {"rfilename": "special_tokens_map.json"}, {"rfilename": "tokenizer.model"}, {"rfilename": "tokenizer_config.json"}], "spaces": [], "createdAt": "2023-10-13T15:23:28.000Z", "inferenceStatus": "not-loaded"}