{"_id": "660905a3c201aee890224a9f", "id": "4bxy/sd-class-butterflies-32", "modelId": "4bxy/sd-class-butterflies-32", "author": "4bxy", "sha": "d6489b34f47e1215cb9501564b1f0921aeb5d49a", "lastModified": "2024-03-31T06:41:50.000Z", "private": false, "disabled": false, "gated": false, "pipeline_tag": "unconditional-image-generation", "tags": ["diffusers", "safetensors", "pytorch", "unconditional-image-generation", "diffusion-models-class", "license:mit", "diffusers:DDPMPipeline", "region:us"], "downloads": 16, "library_name": "diffusers", "likes": 0, "model-index": null, "config": {"diffusers": {"_class_name": "DDPMPipeline"}}, "cardData": {"license": "mit", "tags": ["pytorch", "diffusers", "unconditional-image-generation", "diffusion-models-class"]}, "siblings": [{"rfilename": ".gitattributes"}, {"rfilename": "README.md"}, {"rfilename": "config.json"}, {"rfilename": "diffusion_pytorch_model.safetensors"}, {"rfilename": "model_index.json"}, {"rfilename": "scheduler_config.json"}], "spaces": [], "createdAt": "2024-03-31T06:41:39.000Z", "inferenceStatus": "not-loaded"}