{"_id": "63f6c48ee978ea6ad268a5db", "id": "4d4y/nva-tj", "modelId": "4d4y/nva-tj", "author": "4d4y", "sha": "85c0edcc78f56266b501fa3d2f3d1316233bf73f", "lastModified": "2023-02-23T01:43:00.000Z", "private": false, "disabled": false, "gated": false, "tags": ["region:us"], "downloads": 0, "likes": 0, "siblings": [{"rfilename": ".gitattributes"}, {"rfilename": "tj-000001.safetensors"}, {"rfilename": "tj-000002.safetensors"}, {"rfilename": "tj-000003.safetensors"}, {"rfilename": "tj-000004.safetensors"}, {"rfilename": "tj-000005.safetensors"}, {"rfilename": "tj-000006.safetensors"}, {"rfilename": "tj-000007.safetensors"}, {"rfilename": "tj-000008.safetensors"}, {"rfilename": "tj-000009.safetensors"}, {"rfilename": "tj.safetensors"}], "spaces": [], "createdAt": "2023-02-23T01:42:38.000Z", "inferenceStatus": "not-loaded"}