{"_id": "65df02051ba3300ccfaecb52", "id": "4daJ/ICDAR-2024-SAM", "modelId": "4daJ/ICDAR-2024-SAM", "author": "4daJ", "sha": "6d4360ec7940105e9001e2065cdf3b22574d4b0c", "lastModified": "2024-04-14T12:53:43.000Z", "private": false, "disabled": false, "gated": false, "tags": ["region:us"], "downloads": 0, "likes": 0, "siblings": [{"rfilename": ".gitattributes"}, {"rfilename": "lzy_diads_configs/Base-RCNN-FPN.yaml"}, {"rfilename": "lzy_diads_configs/cascade/cascade_dit_base.yaml"}, {"rfilename": "lzy_diads_configs/cascade/cascade_dit_large.yaml"}, {"rfilename": "model/DIADS_dit_b_cascade.pth"}, {"rfilename": "model/dit-base-224-p16-500k-62d53a.pth"}, {"rfilename": "model/dit-large-224-p16-500k-d7a2fb.pth"}, {"rfilename": "model/readme.txt"}, {"rfilename": "trained_model_track1/Latin14396FS.zip"}, {"rfilename": "trained_model_track1/Latin16746FS.zip"}, {"rfilename": "trained_model_track1/Latin2FS.zip"}, {"rfilename": "trained_model_track1/Syr341FS.zip"}, {"rfilename": "trained_model_track1/readme.txt"}, {"rfilename": "trained_model_track2/base_cas_Latin14396.pth"}, {"rfilename": "trained_model_track2/base_cas_Syr341.pth"}, {"rfilename": "trained_model_track2/large_cas_Latin14396.pth"}, {"rfilename": "trained_model_track2/large_cas_Latin16746.pth"}, {"rfilename": "trained_model_track2/large_cas_Latin2.pth"}, {"rfilename": "trained_model_track2/large_cas_Syr341.pth"}, {"rfilename": "trained_model_track2/readme.txt"}, {"rfilename": "trained_model_track2/unet_new_Latin14396.pth"}, {"rfilename": "trained_model_track2/unet_new_Latin16746.pth"}, {"rfilename": "trained_model_track2/unet_new_Latin2.pth"}, {"rfilename": "trained_model_track2/unet_new_Syr341.pth"}], "spaces": [], "createdAt": "2024-02-28T09:51:01.000Z", "inferenceStatus": "not-loaded"}