{"_id": "633803a2b7ce919255231256", "id": "4eJIoBek/green_elephant_jukebox1b", "modelId": "4eJIoBek/green_elephant_jukebox1b", "author": "4eJIoBek", "sha": "e627574ba37a1f10600dfd7a3007a70bebf0e6ff", "lastModified": "2022-11-19T16:22:09.000Z", "private": false, "disabled": false, "gated": false, "tags": ["license:openrail", "region:us"], "downloads": 0, "likes": 0, "model-index": null, "cardData": {"license": "openrail"}, "siblings": [{"rfilename": ".gitattributes"}, {"rfilename": "README.md"}, {"rfilename": "example1.mp3"}, {"rfilename": "example2.mp3"}, {"rfilename": "inference.ipynb"}, {"rfilename": "slonovaya modelka for jukebox.7z"}], "spaces": [], "createdAt": "2022-10-01T09:08:50.000Z", "inferenceStatus": "not-loaded"}