{"_id": "658969ff99ed106ac8a73643", "id": "4eJIoBek/powerpaint-a1111", "modelId": "4eJIoBek/powerpaint-a1111", "author": "4eJIoBek", "sha": "a92842fe965af920ff67792c6f7716e14d2396cd", "lastModified": "2023-12-25T11:41:19.000Z", "private": false, "disabled": false, "gated": false, "tags": ["license:apache-2.0", "region:us"], "downloads": 0, "likes": 2, "model-index": null, "cardData": {"license": "apache-2.0"}, "siblings": [{"rfilename": ".gitattributes"}, {"rfilename": "README.md"}, {"rfilename": "powerpaint-v1.ckpt"}], "spaces": [], "createdAt": "2023-12-25T11:39:43.000Z", "inferenceStatus": "not-loaded"}