{"_id": "6456a1c778c059b099b6635f", "id": "4eJIoBek/Shap-E", "modelId": "4eJIoBek/Shap-E", "author": "4eJIoBek", "sha": "2424ea6662baa056ba4178f9885fb7ada6c409a9", "lastModified": "2023-05-06T20:40:22.000Z", "private": false, "disabled": false, "gated": false, "tags": ["license:unknown", "region:us"], "downloads": 0, "likes": 5, "model-index": null, "cardData": {"license": "unknown"}, "siblings": [{"rfilename": ".gitattributes"}, {"rfilename": "README.md"}, {"rfilename": "ViT-L-14.pt"}, {"rfilename": "diffusion_config.yaml"}, {"rfilename": "image_cond.pt"}, {"rfilename": "image_cond_config.yaml"}, {"rfilename": "text_cond.pt"}, {"rfilename": "text_cond_config.yaml"}, {"rfilename": "transmitter.pt"}, {"rfilename": "transmitter_config.yaml"}], "spaces": [], "createdAt": "2023-05-06T18:51:51.000Z", "inferenceStatus": "not-loaded"}