{"_id": "63f8f393c8ecab9123973c30", "id": "4eJIoBek/stable-diffusion-v1-4-openvino-fp32", "modelId": "4eJIoBek/stable-diffusion-v1-4-openvino-fp32", "author": "4eJIoBek", "sha": "5e6a3e6b9378a1a2263e1e3845953b38d6be7a75", "lastModified": "2023-02-24T18:36:39.000Z", "private": false, "disabled": false, "gated": false, "tags": ["license:creativeml-openrail-m", "region:us"], "downloads": 0, "likes": 1, "model-index": null, "cardData": {"license": "creativeml-openrail-m"}, "siblings": [{"rfilename": ".gitattributes"}, {"rfilename": "README.md"}, {"rfilename": "text_encoder.bin"}, {"rfilename": "text_encoder.xml"}, {"rfilename": "unet.bin"}, {"rfilename": "unet.xml"}, {"rfilename": "vae_decoder.bin"}, {"rfilename": "vae_decoder.xml"}, {"rfilename": "vae_encoder.bin"}, {"rfilename": "vae_encoder.xml"}], "spaces": ["4eJIoBek/Stable_Diffusion_1.4_openvino"], "createdAt": "2023-02-24T17:27:47.000Z", "inferenceStatus": "not-loaded"}