{"_id": "63064500435ec751b728f76f", "id": "4elovekpulya/mygirl", "modelId": "4elovekpulya/mygirl", "author": "4elovekpulya", "sha": "24e322434833d82058e4a668831a6f7de33e1a7f", "lastModified": "2022-08-24T15:34:24.000Z", "private": false, "disabled": false, "gated": false, "tags": ["license:artistic-2.0", "region:us"], "downloads": 0, "likes": 0, "model-index": null, "cardData": {"license": "artistic-2.0"}, "siblings": [{"rfilename": ".gitattributes"}, {"rfilename": "README.md"}], "spaces": [], "createdAt": "2022-08-24T15:34:24.000Z", "inferenceStatus": "not-loaded"}