{"_id": "63dc102a0f42b5671b5badce", "id": "4h0r4/distilbert-finetuned-clf-LR_3e-06_B_200_W_5.0_WD_0.01", "modelId": "4h0r4/distilbert-finetuned-clf-LR_3e-06_B_200_W_5.0_WD_0.01", "author": "4h0r4", "sha": "80d88d9fa0669ca42f2fdd491b6ff8cb41a915fa", "lastModified": "2023-02-02T19:34:09.000Z", "private": false, "disabled": false, "gated": false, "pipeline_tag": "text-classification", "tags": ["transformers", "pytorch", "distilbert", "text-classification", "autotrain_compatible", "endpoints_compatible", "region:us"], "downloads": 3, "library_name": "transformers", "mask_token": "[MASK]", "widgetData": [{"text": "I like you. I love you"}], "likes": 0, "config": {"architectures": ["DistilBertForSequenceClassification"], "model_type": "distilbert"}, "transformersInfo": {"auto_model": "AutoModelForSequenceClassification", "pipeline_tag": "text-classification", "processor": "AutoTokenizer"}, "siblings": [{"rfilename": ".gitattributes"}, {"rfilename": "config.json"}, {"rfilename": "pytorch_model.bin"}], "spaces": [], "createdAt": "2023-02-02T19:34:02.000Z", "inferenceStatus": "not-loaded"}