{"_id": "63db204f54fa80c534b93a37", "id": "4h0r4/bert-fa-base-uncased-clf-digimag-finetuned-lm", "modelId": "4h0r4/bert-fa-base-uncased-clf-digimag-finetuned-lm", "author": "4h0r4", "sha": "bf596be06c19e3267f6d3f4020212da77c57c375", "lastModified": "2023-02-02T02:30:39.000Z", "private": false, "disabled": false, "gated": false, "tags": ["region:us"], "downloads": 0, "likes": 0, "siblings": [{"rfilename": ".gitattributes"}], "spaces": [], "createdAt": "2023-02-02T02:30:39.000Z", "inferenceStatus": "not-loaded"}