{"_id": "63db221054fa80c534ba54d6", "id": "4h0r4/distilbert-fa-zwnj-base-finetuned-lm", "modelId": "4h0r4/distilbert-fa-zwnj-base-finetuned-lm", "author": "4h0r4", "sha": "0683414536649eff73f830e69d03a9383e7470eb", "lastModified": "2023-02-02T12:11:27.000Z", "private": false, "disabled": false, "gated": false, "pipeline_tag": "fill-mask", "tags": ["transformers", "pytorch", "tensorboard", "distilbert", "fill-mask", "autotrain_compatible", "endpoints_compatible", "region:us"], "downloads": 3, "library_name": "transformers", "mask_token": "[MASK]", "widgetData": [{"text": "Paris is the [MASK] of France."}, {"text": "The goal of life is [MASK]."}], "likes": 0, "config": {"architectures": ["DistilBertForMaskedLM"], "model_type": "distilbert", "tokenizer_config": {"cls_token": "[CLS]", "mask_token": "[MASK]", "pad_token": "[PAD]", "sep_token": "[SEP]", "unk_token": "[UNK]"}}, "transformersInfo": {"auto_model": "AutoModelForMaskedLM", "pipeline_tag": "fill-mask", "processor": "AutoTokenizer"}, "siblings": [{"rfilename": ".gitattributes"}, {"rfilename": ".gitignore"}, {"rfilename": "config.json"}, {"rfilename": "pytorch_model.bin"}, {"rfilename": "runs/Feb02_02-38-06_41d3e0e4fa29/1675305495.925018/events.out.tfevents.1675305495.41d3e0e4fa29.8624.34"}, {"rfilename": "runs/Feb02_02-38-06_41d3e0e4fa29/events.out.tfevents.1675305495.41d3e0e4fa29.8624.33"}, {"rfilename": "runs/Feb02_04-01-10_41d3e0e4fa29/1675310555.4561102/events.out.tfevents.1675310555.41d3e0e4fa29.8624.76"}, {"rfilename": "runs/Feb02_04-01-10_41d3e0e4fa29/events.out.tfevents.1675310555.41d3e0e4fa29.8624.75"}, {"rfilename": "runs/Feb02_10-34-06_426e218fe089/1675334164.7368417/events.out.tfevents.1675334164.426e218fe089.390.1"}, {"rfilename": "runs/Feb02_10-34-06_426e218fe089/events.out.tfevents.1675334164.426e218fe089.390.0"}, {"rfilename": "runs/Feb02_10-34-06_426e218fe089/events.out.tfevents.1675335009.426e218fe089.390.2"}, {"rfilename": "runs/Feb02_12-07-29_426e218fe089/1675339664.5236712/events.out.tfevents.1675339664.426e218fe089.29305.1"}, {"rfilename": "runs/Feb02_12-07-29_426e218fe089/events.out.tfevents.1675339659.426e218fe089.29305.0"}, {"rfilename": "special_tokens_map.json"}, {"rfilename": "tokenizer.json"}, {"rfilename": "tokenizer_config.json"}, {"rfilename": "training_args.bin"}, {"rfilename": "vocab.txt"}], "spaces": [], "createdAt": "2023-02-02T02:38:08.000Z", "inferenceStatus": "not-loaded"}