{"_id": "65b86b239b7250e205e73399", "id": "4lchemistX/mia13bgguf", "modelId": "4lchemistX/mia13bgguf", "author": "4lchemistX", "sha": "56efea1c1e7daecbe42e747ab940573e8af19afd", "lastModified": "2024-02-22T16:23:21.000Z", "private": false, "disabled": false, "gated": false, "tags": ["gguf", "license:apache-2.0", "region:us"], "downloads": 17, "likes": 0, "model-index": null, "cardData": {"license": "apache-2.0"}, "siblings": [{"rfilename": ".gitattributes"}, {"rfilename": "README.md"}, {"rfilename": "mia-13b.gguf"}], "spaces": [], "createdAt": "2024-01-30T03:21:07.000Z", "inferenceStatus": "not-loaded"}