{"_id": "665aed387c58183183df4c51", "id": "4luc/codebert-code-clone-detector", "modelId": "4luc/codebert-code-clone-detector", "author": "4luc", "sha": "0ca4f9f3ee8177f7856d69c812e131fd94732f98", "lastModified": "2024-06-02T14:24:47.000Z", "private": false, "disabled": false, "gated": false, "pipeline_tag": "sentence-similarity", "tags": ["transformers", "safetensors", "roberta", "text-classification", "generated_from_trainer", "sentence-similarity", "base_model:microsoft/codebert-base", "license:mit", "autotrain_compatible", "text-embeddings-inference", "endpoints_compatible", "region:us"], "downloads": 3, "library_name": "transformers", "mask_token": "<mask>", "widgetData": [{"source_sentence": "That is a happy person", "sentences": ["That is a happy dog", "That is a very happy person", "Today is a sunny day"]}], "likes": 0, "model-index": [{"name": "codebert-code-clone-detector", "results": []}], "config": {"architectures": ["RobertaForSequenceClassification"], "model_type": "roberta"}, "cardData": {"base_model": "microsoft/codebert-base", "tags": ["generated_from_trainer"], "metrics": ["accuracy", "precision", "recall", "f1"], "model-index": [{"name": "codebert-code-clone-detector", "results": []}], "license": "mit", "pipeline_tag": "sentence-similarity"}, "transformersInfo": {"auto_model": "AutoModelForSequenceClassification", "pipeline_tag": "text-classification", "processor": "AutoTokenizer"}, "siblings": [{"rfilename": ".gitattributes"}, {"rfilename": "README.md"}, {"rfilename": "config.json"}, {"rfilename": "model.safetensors"}, {"rfilename": "training_args.bin"}], "spaces": [], "createdAt": "2024-06-01T09:43:20.000Z", "safetensors": {"parameters": {"F32": 124647170}, "total": 124647170}, "inferenceStatus": "not-loaded"}