{"_id": "62608906e3dd8b49f3618b6c", "id": "4m1g0/wav2vec2-large-xls-r-300m-gl-jupyter7", "modelId": "4m1g0/wav2vec2-large-xls-r-300m-gl-jupyter7", "author": "4m1g0", "sha": "2982e53ff037decbc047f45592660ce7e5a716fb", "lastModified": "2022-04-21T05:54:48.000Z", "private": false, "disabled": false, "gated": false, "pipeline_tag": "automatic-speech-recognition", "tags": ["transformers", "pytorch", "tensorboard", "wav2vec2", "automatic-speech-recognition", "generated_from_trainer", "license:apache-2.0", "endpoints_compatible", "region:us"], "downloads": 2, "library_name": "transformers", "likes": 0, "model-index": [{"name": "wav2vec2-large-xls-r-300m-gl-jupyter7", "results": []}], "config": {"architectures": ["Wav2Vec2ForCTC"], "model_type": "wav2vec2", "tokenizer_config": {"unk_token": "[UNK]", "bos_token": "<s>", "eos_token": "</s>", "pad_token": "[PAD]"}}, "cardData": {"license": "apache-2.0", "tags": ["generated_from_trainer"], "model-index": [{"name": "wav2vec2-large-xls-r-300m-gl-jupyter7", "results": []}]}, "transformersInfo": {"auto_model": "AutoModelForCTC", "pipeline_tag": "automatic-speech-recognition", "processor": "AutoProcessor"}, "siblings": [{"rfilename": ".gitattributes"}, {"rfilename": ".gitignore"}, {"rfilename": "README.md"}, {"rfilename": "added_tokens.json"}, {"rfilename": "config.json"}, {"rfilename": "preprocessor_config.json"}, {"rfilename": "pytorch_model.bin"}, {"rfilename": "runs/Apr20_22-50-00_ba0bf798a12f/1650495119.9481676/events.out.tfevents.1650495119.ba0bf798a12f.127.1"}, {"rfilename": "runs/Apr20_22-50-00_ba0bf798a12f/events.out.tfevents.1650495119.ba0bf798a12f.127.0"}, {"rfilename": "special_tokens_map.json"}, {"rfilename": "tokenizer_config.json"}, {"rfilename": "training_args.bin"}, {"rfilename": "vocab.json"}], "spaces": [], "createdAt": "2022-04-20T22:28:22.000Z", "inferenceStatus": "not-loaded"}