{"_id": "6256f6b7b98dcaa7e0dadeaa", "id": "4m1g0/wav2vec2-large-xls-r-300m-gl-jupyter1", "modelId": "4m1g0/wav2vec2-large-xls-r-300m-gl-jupyter1", "author": "4m1g0", "sha": "179e1fc82b6768d8294098664c5c18deedcca11b", "lastModified": "2022-04-13T16:13:50.000Z", "private": false, "disabled": false, "gated": false, "tags": ["region:us"], "downloads": 0, "likes": 0, "config": {"tokenizer_config": {"unk_token": "[UNK]", "bos_token": "<s>", "eos_token": "</s>", "pad_token": "[PAD]"}}, "siblings": [{"rfilename": ".gitattributes"}, {"rfilename": "added_tokens.json"}, {"rfilename": "special_tokens_map.json"}, {"rfilename": "tokenizer_config.json"}, {"rfilename": "vocab.json"}], "spaces": [], "createdAt": "2022-04-13T16:13:43.000Z", "inferenceStatus": "not-loaded"}