{"_id": "62611eecaee4bea0213e8401", "id": "4m1g0/wav2vec2-large-xls-r-300m-gl-jupyter9", "modelId": "4m1g0/wav2vec2-large-xls-r-300m-gl-jupyter9", "author": "4m1g0", "sha": "12c208e4ea7696d7c7be5111a18b524a622db8db", "lastModified": "2022-04-21T19:45:24.000Z", "private": false, "disabled": false, "gated": false, "pipeline_tag": "automatic-speech-recognition", "tags": ["transformers", "pytorch", "tensorboard", "wav2vec2", "automatic-speech-recognition", "generated_from_trainer", "license:apache-2.0", "endpoints_compatible", "region:us"], "downloads": 1, "library_name": "transformers", "likes": 0, "model-index": [{"name": "wav2vec2-large-xls-r-300m-gl-jupyter9", "results": []}], "config": {"architectures": ["Wav2Vec2ForCTC"], "model_type": "wav2vec2", "tokenizer_config": {"unk_token": "[UNK]", "bos_token": "<s>", "eos_token": "</s>", "pad_token": "[PAD]"}}, "cardData": {"license": "apache-2.0", "tags": ["generated_from_trainer"], "model-index": [{"name": "wav2vec2-large-xls-r-300m-gl-jupyter9", "results": []}]}, "transformersInfo": {"auto_model": "AutoModelForCTC", "pipeline_tag": "automatic-speech-recognition", "processor": "AutoProcessor"}, "siblings": [{"rfilename": ".gitattributes"}, {"rfilename": ".gitignore"}, {"rfilename": "README.md"}, {"rfilename": "added_tokens.json"}, {"rfilename": "config.json"}, {"rfilename": "preprocessor_config.json"}, {"rfilename": "pytorch_model.bin"}, {"rfilename": "runs/Apr21_09-46-39_38bb79f296d2/1650534677.3236027/events.out.tfevents.1650534677.38bb79f296d2.657.1"}, {"rfilename": "runs/Apr21_09-46-39_38bb79f296d2/events.out.tfevents.1650534677.38bb79f296d2.657.0"}, {"rfilename": "special_tokens_map.json"}, {"rfilename": "tokenizer_config.json"}, {"rfilename": "training_args.bin"}, {"rfilename": "vocab.json"}], "spaces": [], "createdAt": "2022-04-21T09:07:56.000Z", "inferenceStatus": "not-loaded"}