{"_id": "625fe386000b49a54772af5d", "id": "4m1g0/wav2vec2-large-xls-r-53m-gl-jupyter2", "modelId": "4m1g0/wav2vec2-large-xls-r-53m-gl-jupyter2", "author": "4m1g0", "sha": "d1e75f1fb17582e064d240fc1d7aecfa112d00bf", "lastModified": "2022-04-20T16:27:03.000Z", "private": false, "disabled": false, "gated": false, "pipeline_tag": "automatic-speech-recognition", "tags": ["transformers", "pytorch", "tensorboard", "wav2vec2", "automatic-speech-recognition", "generated_from_trainer", "license:apache-2.0", "endpoints_compatible", "region:us"], "downloads": 2, "library_name": "transformers", "likes": 0, "model-index": [{"name": "wav2vec2-large-xls-r-53m-gl-jupyter2", "results": []}], "config": {"architectures": ["Wav2Vec2ForCTC"], "model_type": "wav2vec2", "tokenizer_config": {"unk_token": "[UNK]", "bos_token": "<s>", "eos_token": "</s>", "pad_token": "[PAD]"}}, "cardData": {"license": "apache-2.0", "tags": ["generated_from_trainer"], "model-index": [{"name": "wav2vec2-large-xls-r-53m-gl-jupyter2", "results": []}]}, "transformersInfo": {"auto_model": "AutoModelForCTC", "pipeline_tag": "automatic-speech-recognition", "processor": "AutoProcessor"}, "siblings": [{"rfilename": ".gitattributes"}, {"rfilename": ".gitignore"}, {"rfilename": "README.md"}, {"rfilename": "added_tokens.json"}, {"rfilename": "config.json"}, {"rfilename": "preprocessor_config.json"}, {"rfilename": "pytorch_model.bin"}, {"rfilename": "runs/Apr20_11-05-27_4023e1b48777/1650452853.3765984/events.out.tfevents.1650452853.4023e1b48777.949.1"}, {"rfilename": "runs/Apr20_11-05-27_4023e1b48777/events.out.tfevents.1650452853.4023e1b48777.949.0"}, {"rfilename": "special_tokens_map.json"}, {"rfilename": "tokenizer_config.json"}, {"rfilename": "training_args.bin"}, {"rfilename": "vocab.json"}], "spaces": [], "createdAt": "2022-04-20T10:42:14.000Z", "inferenceStatus": "not-loaded"}