{"_id": "626100ddaee4bea0213deb7a", "id": "4m1g0/wav2vec2-large-xls-r-300m-gl-jupyter8", "modelId": "4m1g0/wav2vec2-large-xls-r-300m-gl-jupyter8", "author": "4m1g0", "sha": "338200d8fcb7d8915ecc69be0102066ef3ae83a4", "lastModified": "2022-04-21T07:48:03.000Z", "private": false, "disabled": false, "gated": false, "pipeline_tag": "automatic-speech-recognition", "tags": ["transformers", "pytorch", "tensorboard", "wav2vec2", "automatic-speech-recognition", "endpoints_compatible", "region:us"], "downloads": 1, "library_name": "transformers", "likes": 0, "config": {"architectures": ["Wav2Vec2ForCTC"], "model_type": "wav2vec2", "tokenizer_config": {"unk_token": "[UNK]", "bos_token": "<s>", "eos_token": "</s>", "pad_token": "[PAD]"}}, "transformersInfo": {"auto_model": "AutoModelForCTC", "pipeline_tag": "automatic-speech-recognition", "processor": "AutoProcessor"}, "siblings": [{"rfilename": ".gitattributes"}, {"rfilename": ".gitignore"}, {"rfilename": "added_tokens.json"}, {"rfilename": "config.json"}, {"rfilename": "preprocessor_config.json"}, {"rfilename": "pytorch_model.bin"}, {"rfilename": "runs/Apr21_07-22-02_ba0bf798a12f/1650525837.2399511/events.out.tfevents.1650525837.ba0bf798a12f.127.3"}, {"rfilename": "runs/Apr21_07-22-02_ba0bf798a12f/events.out.tfevents.1650525837.ba0bf798a12f.127.2"}, {"rfilename": "special_tokens_map.json"}, {"rfilename": "tokenizer_config.json"}, {"rfilename": "training_args.bin"}, {"rfilename": "vocab.json"}], "spaces": [], "createdAt": "2022-04-21T06:59:41.000Z", "inferenceStatus": "not-loaded"}