{"_id": "625d2fabe1176e6c772652a5", "id": "4m1g0/wav2vec2-large-xls-r-300m-gl-jupyter2", "modelId": "4m1g0/wav2vec2-large-xls-r-300m-gl-jupyter2", "author": "4m1g0", "sha": "ea5fca973ee99de3684ce6295b5bb69a8d9ef42b", "lastModified": "2022-04-18T09:30:26.000Z", "private": false, "disabled": false, "gated": false, "tags": ["region:us"], "downloads": 0, "likes": 0, "config": {"tokenizer_config": {"unk_token": "[UNK]", "bos_token": "<s>", "eos_token": "</s>", "pad_token": "[PAD]"}}, "siblings": [{"rfilename": ".gitattributes"}, {"rfilename": "added_tokens.json"}, {"rfilename": "special_tokens_map.json"}, {"rfilename": "tokenizer_config.json"}, {"rfilename": "vocab.json"}], "spaces": [], "createdAt": "2022-04-18T09:30:19.000Z", "inferenceStatus": "not-loaded"}