{"_id": "62608974000b49a54776190f", "id": "4m1g0/wav2vec2-large-xls-r-53m-gl-jupyter5", "modelId": "4m1g0/wav2vec2-large-xls-r-53m-gl-jupyter5", "author": "4m1g0", "sha": "db41901ca72856f504d71d566dc4c7aacebbeb59", "lastModified": "2022-04-21T05:58:07.000Z", "private": false, "disabled": false, "gated": false, "pipeline_tag": "automatic-speech-recognition", "tags": ["transformers", "pytorch", "tensorboard", "wav2vec2", "automatic-speech-recognition", "generated_from_trainer", "license:apache-2.0", "endpoints_compatible", "region:us"], "downloads": 2, "library_name": "transformers", "likes": 0, "model-index": [{"name": "wav2vec2-large-xls-r-53m-gl-jupyter5", "results": []}], "config": {"architectures": ["Wav2Vec2ForCTC"], "model_type": "wav2vec2", "tokenizer_config": {"unk_token": "[UNK]", "bos_token": "<s>", "eos_token": "</s>", "pad_token": "[PAD]"}}, "cardData": {"license": "apache-2.0", "tags": ["generated_from_trainer"], "model-index": [{"name": "wav2vec2-large-xls-r-53m-gl-jupyter5", "results": []}]}, "transformersInfo": {"auto_model": "AutoModelForCTC", "pipeline_tag": "automatic-speech-recognition", "processor": "AutoProcessor"}, "siblings": [{"rfilename": ".gitattributes"}, {"rfilename": ".gitignore"}, {"rfilename": "README.md"}, {"rfilename": "added_tokens.json"}, {"rfilename": "config.json"}, {"rfilename": "preprocessor_config.json"}, {"rfilename": "pytorch_model.bin"}, {"rfilename": "runs/Apr20_22-51-49_ba0bf798a12f/1650495226.904683/events.out.tfevents.1650495226.ba0bf798a12f.588.1"}, {"rfilename": "runs/Apr20_22-51-49_ba0bf798a12f/events.out.tfevents.1650495226.ba0bf798a12f.588.0"}, {"rfilename": "special_tokens_map.json"}, {"rfilename": "tokenizer_config.json"}, {"rfilename": "training_args.bin"}, {"rfilename": "vocab.json"}], "spaces": [], "createdAt": "2022-04-20T22:30:12.000Z", "inferenceStatus": "not-loaded"}