{"_id": "624ee647e643ac14bfafeba3", "id": "4m1g0/wav2vec2-large-xls-r-300m-gl-colab", "modelId": "4m1g0/wav2vec2-large-xls-r-300m-gl-colab", "author": "4m1g0", "sha": "4ebab218c19ee37a90cb1e2642796b4e03826c1e", "lastModified": "2022-04-07T13:25:35.000Z", "private": false, "disabled": false, "gated": false, "tags": ["region:us"], "downloads": 0, "likes": 0, "config": {"tokenizer_config": {"unk_token": "[UNK]", "bos_token": "<s>", "eos_token": "</s>", "pad_token": "[PAD]"}}, "siblings": [{"rfilename": ".gitattributes"}, {"rfilename": "added_tokens.json"}, {"rfilename": "special_tokens_map.json"}, {"rfilename": "tokenizer_config.json"}, {"rfilename": "vocab.json"}], "spaces": [], "createdAt": "2022-04-07T13:25:27.000Z", "inferenceStatus": "not-loaded"}