{"_id": "626100ec8fd541272cf9ce81", "id": "4m1g0/wav2vec2-large-xls-r-53m-gl-jupyter6", "modelId": "4m1g0/wav2vec2-large-xls-r-53m-gl-jupyter6", "author": "4m1g0", "sha": "27b691125d33115c87e1cc6217741e24c0141afc", "lastModified": "2022-04-21T07:48:44.000Z", "private": false, "disabled": false, "gated": false, "pipeline_tag": "automatic-speech-recognition", "tags": ["transformers", "pytorch", "tensorboard", "wav2vec2", "automatic-speech-recognition", "endpoints_compatible", "region:us"], "downloads": 0, "library_name": "transformers", "likes": 0, "config": {"architectures": ["Wav2Vec2ForCTC"], "model_type": "wav2vec2", "tokenizer_config": {"unk_token": "[UNK]", "bos_token": "<s>", "eos_token": "</s>", "pad_token": "[PAD]"}}, "transformersInfo": {"auto_model": "AutoModelForCTC", "pipeline_tag": "automatic-speech-recognition", "processor": "AutoProcessor"}, "siblings": [{"rfilename": ".gitattributes"}, {"rfilename": ".gitignore"}, {"rfilename": "added_tokens.json"}, {"rfilename": "config.json"}, {"rfilename": "preprocessor_config.json"}, {"rfilename": "pytorch_model.bin"}, {"rfilename": "runs/Apr21_07-22-02_ba0bf798a12f/1650525838.281314/events.out.tfevents.1650525838.ba0bf798a12f.588.3"}, {"rfilename": "runs/Apr21_07-22-02_ba0bf798a12f/events.out.tfevents.1650525838.ba0bf798a12f.588.2"}, {"rfilename": "special_tokens_map.json"}, {"rfilename": "tokenizer_config.json"}, {"rfilename": "training_args.bin"}, {"rfilename": "vocab.json"}], "spaces": [], "createdAt": "2022-04-21T06:59:56.000Z", "inferenceStatus": "not-loaded"}