{"_id": "625e767b213e3e989abce36e", "id": "4m1g0/wav2vec2-large-xls-r-53m-gl-jupyter4", "modelId": "4m1g0/wav2vec2-large-xls-r-53m-gl-jupyter4", "author": "4m1g0", "sha": "9f9396ee3d202991e91f515e8dae7c8ea53f8cbb", "lastModified": "2022-04-19T08:44:51.000Z", "private": false, "disabled": false, "gated": false, "tags": ["region:us"], "downloads": 0, "likes": 0, "config": {"tokenizer_config": {"unk_token": "[UNK]", "bos_token": "<s>", "eos_token": "</s>", "pad_token": "[PAD]"}}, "siblings": [{"rfilename": ".gitattributes"}, {"rfilename": "added_tokens.json"}, {"rfilename": "special_tokens_map.json"}, {"rfilename": "tokenizer_config.json"}, {"rfilename": "vocab.json"}], "spaces": [], "createdAt": "2022-04-19T08:44:43.000Z", "inferenceStatus": "not-loaded"}