{"_id": "625d645b7341c641426bdf44", "id": "4m1g0/wav2vec2-large-xls-r-300m-gl-jupyter4", "modelId": "4m1g0/wav2vec2-large-xls-r-300m-gl-jupyter4", "author": "4m1g0", "sha": "52e4767cf21404859922d779752ec25eea378955", "lastModified": "2022-04-18T19:59:47.000Z", "private": false, "disabled": false, "gated": false, "pipeline_tag": "automatic-speech-recognition", "tags": ["transformers", "pytorch", "tensorboard", "wav2vec2", "automatic-speech-recognition", "generated_from_trainer", "license:apache-2.0", "endpoints_compatible", "region:us"], "downloads": 2, "library_name": "transformers", "likes": 0, "model-index": [{"name": "wav2vec2-large-xls-r-300m-gl-jupyter4", "results": []}], "config": {"architectures": ["Wav2Vec2ForCTC"], "model_type": "wav2vec2", "tokenizer_config": {"unk_token": "[UNK]", "bos_token": "<s>", "eos_token": "</s>", "pad_token": "[PAD]"}}, "cardData": {"license": "apache-2.0", "tags": ["generated_from_trainer"], "model-index": [{"name": "wav2vec2-large-xls-r-300m-gl-jupyter4", "results": []}]}, "transformersInfo": {"auto_model": "AutoModelForCTC", "pipeline_tag": "automatic-speech-recognition", "processor": "AutoProcessor"}, "siblings": [{"rfilename": ".gitattributes"}, {"rfilename": ".gitignore"}, {"rfilename": "README.md"}, {"rfilename": "added_tokens.json"}, {"rfilename": "config.json"}, {"rfilename": "preprocessor_config.json"}, {"rfilename": "pytorch_model.bin"}, {"rfilename": "runs/Apr18_13-37-07_4a0ceac1fc54/1650289140.940155/events.out.tfevents.1650289140.4a0ceac1fc54.5693.1"}, {"rfilename": "runs/Apr18_13-37-07_4a0ceac1fc54/events.out.tfevents.1650289140.4a0ceac1fc54.5693.0"}, {"rfilename": "special_tokens_map.json"}, {"rfilename": "tokenizer_config.json"}, {"rfilename": "training_args.bin"}, {"rfilename": "vocab.json"}], "spaces": [], "createdAt": "2022-04-18T13:15:07.000Z", "inferenceStatus": "not-loaded"}