{"_id": "6260012effe8827cb1d5ca41", "id": "4m1g0/wav2vec2-large-xls-r-300m-gl-jupyter5", "modelId": "4m1g0/wav2vec2-large-xls-r-300m-gl-jupyter5", "author": "4m1g0", "sha": "d0b687219d144d1ad81188b20566865d3345e014", "lastModified": "2022-04-20T16:10:50.000Z", "private": false, "disabled": false, "gated": false, "pipeline_tag": "automatic-speech-recognition", "tags": ["transformers", "pytorch", "tensorboard", "wav2vec2", "automatic-speech-recognition", "endpoints_compatible", "region:us"], "downloads": 3, "library_name": "transformers", "likes": 0, "config": {"architectures": ["Wav2Vec2ForCTC"], "model_type": "wav2vec2", "tokenizer_config": {"unk_token": "[UNK]", "bos_token": "<s>", "eos_token": "</s>", "pad_token": "[PAD]"}}, "transformersInfo": {"auto_model": "AutoModelForCTC", "pipeline_tag": "automatic-speech-recognition", "processor": "AutoProcessor"}, "siblings": [{"rfilename": ".gitattributes"}, {"rfilename": ".gitignore"}, {"rfilename": "added_tokens.json"}, {"rfilename": "config.json"}, {"rfilename": "preprocessor_config.json"}, {"rfilename": "pytorch_model.bin"}, {"rfilename": "runs/Apr20_13-12-05_4023e1b48777/1650460444.4513497/events.out.tfevents.1650460444.4023e1b48777.2030.1"}, {"rfilename": "runs/Apr20_13-12-05_4023e1b48777/events.out.tfevents.1650460444.4023e1b48777.2030.0"}, {"rfilename": "special_tokens_map.json"}, {"rfilename": "tokenizer_config.json"}, {"rfilename": "training_args.bin"}, {"rfilename": "vocab.json"}], "spaces": [], "createdAt": "2022-04-20T12:48:46.000Z", "inferenceStatus": "not-loaded"}