{"_id": "638f7033864b5fefb08a3ed7", "id": "4mosot/ppo-Huggy", "modelId": "4mosot/ppo-Huggy", "author": "4mosot", "sha": "7e47e87614bc0fc5b0511512c5aa408acdc9e7ed", "lastModified": "2022-12-06T16:39:23.000Z", "private": false, "disabled": false, "gated": false, "pipeline_tag": "reinforcement-learning", "tags": ["ml-agents", "tensorboard", "onnx", "unity-ml-agents", "deep-reinforcement-learning", "reinforcement-learning", "ML-Agents-Huggy", "region:us"], "downloads": 4, "library_name": "ml-agents", "likes": 0, "model-index": null, "config": {}, "cardData": {"tags": ["unity-ml-agents", "ml-agents", "deep-reinforcement-learning", "reinforcement-learning", "ML-Agents-Huggy"], "library_name": "ml-agents"}, "siblings": [{"rfilename": ".gitattributes"}, {"rfilename": "Huggy.onnx"}, {"rfilename": "Huggy/Huggy-1499974.onnx"}, {"rfilename": "Huggy/Huggy-1499974.pt"}, {"rfilename": "Huggy/Huggy-1999453.onnx"}, {"rfilename": "Huggy/Huggy-1999453.pt"}, {"rfilename": "Huggy/Huggy-2000203.onnx"}, {"rfilename": "Huggy/Huggy-2000203.pt"}, {"rfilename": "Huggy/Huggy-499982.onnx"}, {"rfilename": "Huggy/Huggy-499982.pt"}, {"rfilename": "Huggy/Huggy-999911.onnx"}, {"rfilename": "Huggy/Huggy-999911.pt"}, {"rfilename": "Huggy/checkpoint.pt"}, {"rfilename": "Huggy/events.out.tfevents.1670342502.0ecdfbb86ff7.216.0"}, {"rfilename": "README.md"}, {"rfilename": "config.json"}, {"rfilename": "configuration.yaml"}, {"rfilename": "run_logs/Player-0.log"}, {"rfilename": "run_logs/timers.json"}, {"rfilename": "run_logs/training_status.json"}], "spaces": [], "createdAt": "2022-12-06T16:39:15.000Z", "inferenceStatus": "not-loaded"}