{"_id": "645799f0711ee86f6eee7528", "id": "4N1Z/anime-image-128", "modelId": "4N1Z/anime-image-128", "author": "4N1Z", "sha": "ab59b0c74fbe991ac9cd71a16b93ce43723c270d", "lastModified": "2023-05-07T12:30:40.000Z", "private": false, "disabled": false, "gated": false, "tags": ["license:apache-2.0", "region:us"], "downloads": 0, "likes": 0, "model-index": null, "cardData": {"license": "apache-2.0"}, "siblings": [{"rfilename": ".gitattributes"}, {"rfilename": "README.md"}], "spaces": [], "createdAt": "2023-05-07T12:30:40.000Z", "inferenceStatus": "not-loaded"}