{"_id": "654996046299d81663968a0e", "id": "4n3mone/Komuchat-koalpaca-polyglot-12.8B", "modelId": "4n3mone/Komuchat-koalpaca-polyglot-12.8B", "author": "4n3mone", "sha": "7f22a8b2f8e2182cdf482ca755790c4e4da81c21", "lastModified": "2023-11-07T01:44:14.000Z", "private": false, "disabled": false, "gated": false, "tags": ["peft", "safetensors", "arxiv:1910.09700", "base_model:beomi/polyglot-ko-12.8b-safetensors", "region:us"], "downloads": 0, "library_name": "peft", "likes": 0, "model-index": null, "config": {"peft": {"base_model_name_or_path": "beomi/polyglot-ko-12.8b-safetensors", "task_type": "CAUSAL_LM"}}, "cardData": {"library_name": "peft", "base_model": "beomi/polyglot-ko-12.8b-safetensors"}, "siblings": [{"rfilename": ".gitattributes"}, {"rfilename": "README.md"}, {"rfilename": "adapter_config.json"}, {"rfilename": "adapter_model.safetensors"}], "spaces": ["pseudolab/KOMUChat"], "createdAt": "2023-11-07T01:42:28.000Z", "inferenceStatus": "not-loaded"}