{"_id": "65957f65c57a761c56636731", "id": "4n7oine/lab2_falcon7b_german_trained", "modelId": "4n7oine/lab2_falcon7b_german_trained", "author": "4n7oine", "sha": "0c3ce9f1fa09e0918d59bb7891f6c216f761f432", "lastModified": "2024-01-03T15:39:23.000Z", "private": false, "disabled": false, "gated": false, "tags": ["region:us"], "downloads": 0, "likes": 0, "siblings": [{"rfilename": ".gitattributes"}, {"rfilename": "adapter_config.json"}, {"rfilename": "adapter_model.bin"}], "spaces": [], "createdAt": "2024-01-03T15:38:13.000Z", "inferenceStatus": "not-loaded"}