{"_id": "653974c9899a7547c970b931", "id": "4n7ooNio/cimmo", "modelId": "4n7ooNio/cimmo", "author": "4n7ooNio", "sha": "c96497fac8b03a365ccd3049488939c12ce2973c", "lastModified": "2023-10-25T20:12:54.000Z", "private": false, "disabled": false, "gated": false, "tags": ["license:openrail", "region:us"], "downloads": 0, "likes": 0, "model-index": null, "cardData": {"license": "openrail"}, "siblings": [{"rfilename": ".gitattributes"}, {"rfilename": "README.md"}, {"rfilename": "cimmo.zip"}], "spaces": [], "createdAt": "2023-10-25T20:04:25.000Z", "inferenceStatus": "not-loaded"}