{"_id": "65bd8b0d3b879593a5f3f6da", "id": "4naluvs/TAEHYUNG_Strong", "modelId": "4naluvs/TAEHYUNG_Strong", "author": "4naluvs", "sha": "e3ec1716fe8e647151bbe524fd2a343d1a7e4940", "lastModified": "2024-02-03T00:39:50.000Z", "private": false, "disabled": false, "gated": false, "tags": ["license:openrail", "region:us"], "downloads": 0, "likes": 0, "model-index": null, "cardData": {"license": "openrail"}, "siblings": [{"rfilename": ".gitattributes"}, {"rfilename": "README.md"}, {"rfilename": "TAEHYUNG.zip"}], "spaces": [], "createdAt": "2024-02-03T00:38:37.000Z", "inferenceStatus": "not-loaded"}