{"_id": "64eabfadf494f8b2a07a5a8d", "id": "4naluvs/SHUHUA", "modelId": "4naluvs/SHUHUA", "author": "4naluvs", "sha": "9c20af237ae4a8062702d6549b9d0eab12409627", "lastModified": "2023-08-27T03:15:51.000Z", "private": false, "disabled": false, "gated": false, "tags": ["license:openrail", "region:us"], "downloads": 0, "likes": 0, "model-index": null, "cardData": {"license": "openrail"}, "siblings": [{"rfilename": ".gitattributes"}, {"rfilename": "README.md"}, {"rfilename": "SHUHUA.zip"}], "spaces": [], "createdAt": "2023-08-27T03:14:53.000Z", "inferenceStatus": "not-loaded"}