{"_id": "654861d992d9b890bbaa7db5", "id": "4naluvs/Jennie_BlackPink_Rmvpe_model", "modelId": "4naluvs/Jennie_BlackPink_Rmvpe_model", "author": "4naluvs", "sha": "606acba5d761fef5b42ee5993beee544793dfe5b", "lastModified": "2023-11-06T03:47:59.000Z", "private": false, "disabled": false, "gated": false, "tags": ["license:openrail", "region:us"], "downloads": 0, "likes": 0, "model-index": null, "cardData": {"license": "openrail"}, "siblings": [{"rfilename": ".gitattributes"}, {"rfilename": "Jennie_BlackPink_Rmvpe_model.zip"}, {"rfilename": "README.md"}], "spaces": [], "createdAt": "2023-11-06T03:47:37.000Z", "inferenceStatus": "not-loaded"}