{"_id": "6575e4153e0cb21bc725af25", "id": "4naluvs/Karina_by_cloudyxego", "modelId": "4naluvs/Karina_by_cloudyxego", "author": "4naluvs", "sha": "95d67f10cfb316c1038e0b4494342e384c3a3682", "lastModified": "2023-12-10T16:16:23.000Z", "private": false, "disabled": false, "gated": false, "tags": ["license:openrail", "region:us"], "downloads": 0, "likes": 0, "model-index": null, "cardData": {"license": "openrail"}, "siblings": [{"rfilename": ".gitattributes"}, {"rfilename": "KarinaSoft.zip"}, {"rfilename": "README.md"}], "spaces": [], "createdAt": "2023-12-10T16:15:17.000Z", "inferenceStatus": "not-loaded"}