{"_id": "6548636f6070dd5df7991049", "id": "4naluvs/Jennie_AllRound", "modelId": "4naluvs/Jennie_AllRound", "author": "4naluvs", "sha": "1ac96b8750c6c2864e962c55416e520d72a4f9c6", "lastModified": "2023-11-06T03:55:00.000Z", "private": false, "disabled": false, "gated": false, "tags": ["license:openrail", "region:us"], "downloads": 0, "likes": 0, "model-index": null, "cardData": {"license": "openrail"}, "siblings": [{"rfilename": ".gitattributes"}, {"rfilename": "JennieAllRound.zip"}, {"rfilename": "README.md"}], "spaces": [], "createdAt": "2023-11-06T03:54:23.000Z", "inferenceStatus": "not-loaded"}