{"_id": "65d26eeb617d1f74502db6b7", "id": "4naluvs/SHUHUAv3", "modelId": "4naluvs/SHUHUAv3", "author": "4naluvs", "sha": "eb4e8a83ed6704ce2e50e29b3b48ea422214336a", "lastModified": "2024-02-18T20:57:27.000Z", "private": false, "disabled": false, "gated": false, "tags": ["license:openrail", "region:us"], "downloads": 0, "likes": 0, "model-index": null, "cardData": {"license": "openrail"}, "siblings": [{"rfilename": ".gitattributes"}, {"rfilename": "README.md"}, {"rfilename": "SHUHUAv3.zip"}], "spaces": [], "createdAt": "2024-02-18T20:56:11.000Z", "inferenceStatus": "not-loaded"}