{"_id": "659daef35673a33b5da80a39", "id": "4naluvs/LIA", "modelId": "4naluvs/LIA", "author": "4naluvs", "sha": "c44c5d90ffbe7745ac3bcef994eeca6387857752", "lastModified": "2024-01-09T20:42:10.000Z", "private": false, "disabled": false, "gated": false, "tags": ["license:openrail", "region:us"], "downloads": 0, "likes": 0, "model-index": null, "cardData": {"license": "openrail"}, "siblings": [{"rfilename": ".gitattributes"}, {"rfilename": "LIA.zip"}, {"rfilename": "README.md"}], "spaces": [], "createdAt": "2024-01-09T20:39:15.000Z", "inferenceStatus": "not-loaded"}