{"_id": "659b3bc0eff07dcf1fdf032c", "id": "4naluvs/BEOMGYUv4", "modelId": "4naluvs/BEOMGYUv4", "author": "4naluvs", "sha": "dd5722331db1ba4abf5011c726499eb117b317f5", "lastModified": "2024-01-08T00:05:28.000Z", "private": false, "disabled": false, "gated": false, "tags": ["license:openrail", "region:us"], "downloads": 0, "likes": 0, "model-index": null, "cardData": {"license": "openrail"}, "siblings": [{"rfilename": ".gitattributes"}, {"rfilename": "Beomgyu.zip"}, {"rfilename": "README.md"}], "spaces": [], "createdAt": "2024-01-08T00:03:12.000Z", "inferenceStatus": "not-loaded"}