{"_id": "6513729c43cbd0966c25e5fe", "id": "4naluvs/SHUHUAv2", "modelId": "4naluvs/SHUHUAv2", "author": "4naluvs", "sha": "ec79f5ad352b847d559902b3320ab1e5267b1718", "lastModified": "2023-09-30T16:52:20.000Z", "private": false, "disabled": false, "gated": false, "tags": ["license:openrail", "region:us"], "downloads": 0, "likes": 0, "model-index": null, "cardData": {"license": "openrail"}, "siblings": [{"rfilename": ".gitattributes"}, {"rfilename": "README.md"}, {"rfilename": "SHUHUA.pth"}, {"rfilename": "SHUHUA.zip"}, {"rfilename": "SHUHUAv2.zip"}], "spaces": [], "createdAt": "2023-09-27T00:09:00.000Z", "inferenceStatus": "not-loaded"}