{"_id": "64f279567f922df84d2e6421", "id": "4naluvs/MINNIEv2", "modelId": "4naluvs/MINNIEv2", "author": "4naluvs", "sha": "11217a7be68138c625535fc7e3ce54e9ee883b6d", "lastModified": "2023-09-02T00:08:53.000Z", "private": false, "disabled": false, "gated": false, "tags": ["license:openrail", "region:us"], "downloads": 0, "likes": 0, "model-index": null, "cardData": {"license": "openrail"}, "siblings": [{"rfilename": ".gitattributes"}, {"rfilename": "MINNIE.zip"}, {"rfilename": "README.md"}], "spaces": [], "createdAt": "2023-09-01T23:52:54.000Z", "inferenceStatus": "not-loaded"}