{"_id": "64d6a01c6db135cfc8b5e860", "id": "4naluvs/Yuqi", "modelId": "4naluvs/Yuqi", "author": "4naluvs", "sha": "a30991fbe211d1541788b6e23651cd425b65dda2", "lastModified": "2023-08-11T20:56:09.000Z", "private": false, "disabled": false, "gated": false, "tags": ["license:openrail", "region:us"], "downloads": 0, "likes": 0, "model-index": null, "cardData": {"license": "openrail"}, "siblings": [{"rfilename": ".gitattributes"}, {"rfilename": "README.md"}, {"rfilename": "Yuqi.zip"}], "spaces": [], "createdAt": "2023-08-11T20:54:52.000Z", "inferenceStatus": "not-loaded"}