{"_id": "660791b550d2b7a7109448d7", "id": "4naluvs/BEOMGYUv6", "modelId": "4naluvs/BEOMGYUv6", "author": "4naluvs", "sha": "b372cfa46414de2146ee427244f880ef0beeae91", "lastModified": "2024-03-30T04:16:31.000Z", "private": false, "disabled": false, "gated": false, "tags": ["license:openrail", "region:us"], "downloads": 0, "likes": 0, "model-index": null, "cardData": {"license": "openrail"}, "siblings": [{"rfilename": ".gitattributes"}, {"rfilename": "BEOMGYUv6.zip"}, {"rfilename": "README.md"}], "spaces": [], "createdAt": "2024-03-30T04:14:45.000Z", "inferenceStatus": "not-loaded"}