{"_id": "655cd6989703eb0dad11182e", "id": "4naluvs/WINTER_leelo_edited", "modelId": "4naluvs/WINTER_leelo_edited", "author": "4naluvs", "sha": "66b98e20ec400c50fac4677c49aa9e82c8ef39a3", "lastModified": "2023-11-21T16:13:04.000Z", "private": false, "disabled": false, "gated": false, "tags": ["license:openrail", "region:us"], "downloads": 0, "likes": 0, "model-index": null, "cardData": {"license": "openrail"}, "siblings": [{"rfilename": ".gitattributes"}, {"rfilename": "README.md"}, {"rfilename": "winter.zip"}], "spaces": [], "createdAt": "2023-11-21T16:11:04.000Z", "inferenceStatus": "not-loaded"}