{"_id": "6608bef47af71ae65c8d5aff", "id": "4naluvs/YEONJUN", "modelId": "4naluvs/YEONJUN", "author": "4naluvs", "sha": "18a3bc9605d178c19bf65d52148674562f026979", "lastModified": "2024-03-31T01:42:00.000Z", "private": false, "disabled": false, "gated": false, "tags": ["license:openrail", "region:us"], "downloads": 0, "likes": 0, "model-index": null, "cardData": {"license": "openrail"}, "siblings": [{"rfilename": ".gitattributes"}, {"rfilename": "README.md"}, {"rfilename": "YEONJUN.zip"}], "spaces": [], "createdAt": "2024-03-31T01:40:04.000Z", "inferenceStatus": "not-loaded"}