{"_id": "65187cac8a6d58d1d7fc2e8b", "id": "4naluvs/WONBIN", "modelId": "4naluvs/WONBIN", "author": "4naluvs", "sha": "e8719abab4d25504bf6479bf85f4cbc344068a46", "lastModified": "2023-09-30T19:54:17.000Z", "private": false, "disabled": false, "gated": false, "tags": ["license:openrail", "region:us"], "downloads": 0, "likes": 0, "model-index": null, "cardData": {"license": "openrail"}, "siblings": [{"rfilename": ".gitattributes"}, {"rfilename": "README.md"}, {"rfilename": "WONBIN.zip"}], "spaces": [], "createdAt": "2023-09-30T19:53:16.000Z", "inferenceStatus": "not-loaded"}