{"_id": "6575e547c79162da9000d35d", "id": "4naluvs/Ning2_by_cloudyxego", "modelId": "4naluvs/Ning2_by_cloudyxego", "author": "4naluvs", "sha": "b6b037ac0b36b21e7b8112d43fdd610523686acc", "lastModified": "2023-12-10T16:21:28.000Z", "private": false, "disabled": false, "gated": false, "tags": ["license:openrail", "region:us"], "downloads": 0, "likes": 0, "model-index": null, "cardData": {"license": "openrail"}, "siblings": [{"rfilename": ".gitattributes"}, {"rfilename": "NingSoft.zip"}, {"rfilename": "README.md"}], "spaces": [], "createdAt": "2023-12-10T16:20:23.000Z", "inferenceStatus": "not-loaded"}