{"_id": "6577b3b5f7d98f6f61fad096", "id": "4naluvs/JIHYO", "modelId": "4naluvs/JIHYO", "author": "4naluvs", "sha": "e0d19b62f794cb61a12cbfad29f36940598587bb", "lastModified": "2023-12-12T01:15:21.000Z", "private": false, "disabled": false, "gated": false, "tags": ["license:openrail", "region:us"], "downloads": 0, "likes": 0, "model-index": null, "cardData": {"license": "openrail"}, "siblings": [{"rfilename": ".gitattributes"}, {"rfilename": "JIHYO.zip"}, {"rfilename": "README.md"}], "spaces": [], "createdAt": "2023-12-12T01:13:25.000Z", "inferenceStatus": "not-loaded"}