{"_id": "65188e5915e21edaf7c357f1", "id": "4naluvs/YUNJINbyIAmConfusion", "modelId": "4naluvs/YUNJINbyIAmConfusion", "author": "4naluvs", "sha": "41b9d795295c3d1c767f56104461da0905674e3f", "lastModified": "2023-09-30T21:10:28.000Z", "private": false, "disabled": false, "gated": false, "tags": ["license:openrail", "region:us"], "downloads": 0, "likes": 0, "model-index": null, "cardData": {"license": "openrail"}, "siblings": [{"rfilename": ".gitattributes"}, {"rfilename": "README.md"}, {"rfilename": "Yunjin.zip"}], "spaces": [], "createdAt": "2023-09-30T21:08:41.000Z", "inferenceStatus": "not-loaded"}