{"_id": "658f6fbb2a0a886ef003fb9a", "id": "4naluvs/ANA", "modelId": "4naluvs/ANA", "author": "4naluvs", "sha": "c44575de7f22474cd4b14bbdf4eb53fb26d1c278", "lastModified": "2023-12-30T01:18:54.000Z", "private": false, "disabled": false, "gated": false, "tags": ["license:openrail", "region:us"], "downloads": 0, "likes": 0, "model-index": null, "cardData": {"license": "openrail"}, "siblings": [{"rfilename": ".gitattributes"}, {"rfilename": "ANA.zip"}, {"rfilename": "README.md"}], "spaces": [], "createdAt": "2023-12-30T01:17:47.000Z", "inferenceStatus": "not-loaded"}