{"_id": "655fa92618e09c839bc2917c", "id": "4naluvs/SOOJIN_v2", "modelId": "4naluvs/SOOJIN_v2", "author": "4naluvs", "sha": "ab2ce8df79cbaf517f09f91688889251881c077e", "lastModified": "2023-11-23T19:34:53.000Z", "private": false, "disabled": false, "gated": false, "tags": ["license:openrail", "region:us"], "downloads": 0, "likes": 0, "model-index": null, "cardData": {"license": "openrail"}, "siblings": [{"rfilename": ".gitattributes"}, {"rfilename": "README.md"}, {"rfilename": "SOOJIN.zip"}], "spaces": [], "createdAt": "2023-11-23T19:33:58.000Z", "inferenceStatus": "not-loaded"}