{"_id": "65b457ebcbea1825a65c4e04", "id": "4naluvs/JHOPEv4", "modelId": "4naluvs/JHOPEv4", "author": "4naluvs", "sha": "48b4729b77862882d26524cc17dac23829f58c97", "lastModified": "2024-01-27T01:11:16.000Z", "private": false, "disabled": false, "gated": false, "tags": ["license:openrail", "region:us"], "downloads": 0, "likes": 0, "model-index": null, "cardData": {"license": "openrail"}, "siblings": [{"rfilename": ".gitattributes"}, {"rfilename": "JHOPE.zip"}, {"rfilename": "README.md"}], "spaces": [], "createdAt": "2024-01-27T01:10:03.000Z", "inferenceStatus": "not-loaded"}