{"_id": "658a2ca36b17c06872faf49a", "id": "4naluvs/Miyeonv2", "modelId": "4naluvs/Miyeonv2", "author": "4naluvs", "sha": "8b2f69546fcc29744467c69f5464f43032e1d24f", "lastModified": "2023-12-26T01:32:18.000Z", "private": false, "disabled": false, "gated": false, "tags": ["license:openrail", "region:us"], "downloads": 0, "likes": 0, "model-index": null, "cardData": {"license": "openrail"}, "siblings": [{"rfilename": ".gitattributes"}, {"rfilename": "Miyeon.zip"}, {"rfilename": "README.md"}], "spaces": [], "createdAt": "2023-12-26T01:30:11.000Z", "inferenceStatus": "not-loaded"}