{"_id": "64c05851672505119de55356", "id": "4naluvs/SugaRap", "modelId": "4naluvs/SugaRap", "author": "4naluvs", "sha": "e771b80371c0fb6038e07532109626d7801669ca", "lastModified": "2023-08-11T15:27:02.000Z", "private": false, "disabled": false, "gated": false, "tags": ["license:openrail", "region:us"], "downloads": 0, "likes": 0, "model-index": null, "cardData": {"license": "openrail"}, "siblings": [{"rfilename": ".gitattributes"}, {"rfilename": "README.md"}, {"rfilename": "SugaRap.zip"}], "spaces": [], "createdAt": "2023-07-25T23:18:41.000Z", "inferenceStatus": "not-loaded"}