{"_id": "655142e6c0e106160e89e62b", "id": "4naluvs/YEONJUN_Rap", "modelId": "4naluvs/YEONJUN_Rap", "author": "4naluvs", "sha": "cb27fc1a20cb274ce9d0c04a17a0332edd3648a5", "lastModified": "2023-11-12T21:26:58.000Z", "private": false, "disabled": false, "gated": false, "tags": ["license:openrail", "region:us"], "downloads": 0, "likes": 0, "model-index": null, "cardData": {"license": "openrail"}, "siblings": [{"rfilename": ".gitattributes"}, {"rfilename": "README.md"}, {"rfilename": "YEONJUN_Rap.zip"}], "spaces": [], "createdAt": "2023-11-12T21:25:58.000Z", "inferenceStatus": "not-loaded"}