{"_id": "65e3f2cf75b43b925ee89f4d", "id": "4naluvs/SOYEONv3", "modelId": "4naluvs/SOYEONv3", "author": "4naluvs", "sha": "1541ac0526ac081e62852e99d58a28e0f42d40fe", "lastModified": "2024-03-03T03:49:40.000Z", "private": false, "disabled": false, "gated": false, "tags": ["license:openrail", "region:us"], "downloads": 0, "likes": 0, "model-index": null, "cardData": {"license": "openrail"}, "siblings": [{"rfilename": ".gitattributes"}, {"rfilename": "README.md"}, {"rfilename": "SOYEONv3.zip"}], "spaces": [], "createdAt": "2024-03-03T03:47:27.000Z", "inferenceStatus": "not-loaded"}