{"_id": "6594c484dfca9fad610b49fe", "id": "4naluvs/Mila", "modelId": "4naluvs/Mila", "author": "4naluvs", "sha": "097f328cab8c370c0ba234e62ecf083c1de57f9e", "lastModified": "2024-01-03T02:22:45.000Z", "private": false, "disabled": false, "gated": false, "tags": ["license:openrail", "region:us"], "downloads": 0, "likes": 0, "model-index": null, "cardData": {"license": "openrail"}, "siblings": [{"rfilename": ".gitattributes"}, {"rfilename": "Mila.zip"}, {"rfilename": "README.md"}], "spaces": [], "createdAt": "2024-01-03T02:20:52.000Z", "inferenceStatus": "not-loaded"}