{"_id": "65daa027ff744e508b3077e8", "id": "4naluvs/BEOMGYUv5", "modelId": "4naluvs/BEOMGYUv5", "author": "4naluvs", "sha": "802474fc9d689f52677127dfef3bcc3861c26d5d", "lastModified": "2024-02-25T02:06:50.000Z", "private": false, "disabled": false, "gated": false, "tags": ["license:openrail", "region:us"], "downloads": 0, "likes": 0, "model-index": null, "cardData": {"license": "openrail"}, "siblings": [{"rfilename": ".gitattributes"}, {"rfilename": "BEOMGYUv5.zip"}, {"rfilename": "README.md"}], "spaces": [], "createdAt": "2024-02-25T02:04:23.000Z", "inferenceStatus": "not-loaded"}