{"_id": "6546f2ce00ca373b7d21b480", "id": "4naluvs/GISELLE", "modelId": "4naluvs/GISELLE", "author": "4naluvs", "sha": "fd48306798b813c3a513c354bce807ad307c1c54", "lastModified": "2023-11-05T01:42:45.000Z", "private": false, "disabled": false, "gated": false, "tags": ["license:openrail", "region:us"], "downloads": 0, "likes": 0, "model-index": null, "cardData": {"license": "openrail"}, "siblings": [{"rfilename": ".gitattributes"}, {"rfilename": "GISELLE.zip"}, {"rfilename": "README.md"}], "spaces": [], "createdAt": "2023-11-05T01:41:34.000Z", "inferenceStatus": "not-loaded"}