{"_id": "65220195b80dc49ba010e15e", "id": "4naluvs/YUQI-by-ana", "modelId": "4naluvs/YUQI-by-ana", "author": "4naluvs", "sha": "5a40dc01b5df5a58fc93fdc662ab05e6c3abf05a", "lastModified": "2023-10-08T01:12:03.000Z", "private": false, "disabled": false, "gated": false, "tags": ["license:openrail", "region:us"], "downloads": 0, "likes": 0, "model-index": null, "cardData": {"license": "openrail"}, "siblings": [{"rfilename": ".gitattributes"}, {"rfilename": "README.md"}, {"rfilename": "YUQI.zip"}], "spaces": [], "createdAt": "2023-10-08T01:10:45.000Z", "inferenceStatus": "not-loaded"}