{"_id": "6535c0bd11c8c094d4fd1ee6", "id": "4naluvs/NAYEONbyana", "modelId": "4naluvs/NAYEONbyana", "author": "4naluvs", "sha": "56ca19beb1044474889c780f543a159f92f37512", "lastModified": "2023-10-27T00:20:17.000Z", "private": false, "disabled": false, "gated": false, "tags": ["license:openrail", "region:us"], "downloads": 0, "likes": 0, "model-index": null, "cardData": {"license": "openrail"}, "siblings": [{"rfilename": ".gitattributes"}, {"rfilename": "NAYEON.zip"}, {"rfilename": "README.md"}], "spaces": [], "createdAt": "2023-10-23T00:39:25.000Z", "inferenceStatus": "not-loaded"}