{"_id": "6575e4be556a38db58d75877", "id": "4naluvs/Giselle_by_cloudyxego", "modelId": "4naluvs/Giselle_by_cloudyxego", "author": "4naluvs", "sha": "80a9993b1f2d804ddfc868eadaa57ffe033607c7", "lastModified": "2023-12-10T16:20:00.000Z", "private": false, "disabled": false, "gated": false, "tags": ["license:openrail", "region:us"], "downloads": 0, "likes": 0, "model-index": null, "cardData": {"license": "openrail"}, "siblings": [{"rfilename": ".gitattributes"}, {"rfilename": "GigiSoft.zip"}, {"rfilename": "README.md"}], "spaces": [], "createdAt": "2023-12-10T16:18:06.000Z", "inferenceStatus": "not-loaded"}