{"_id": "660a9a36abd8bd25ee79198c", "id": "4naluvs/SOOBIN", "modelId": "4naluvs/SOOBIN", "author": "4naluvs", "sha": "15de6537d826f4c6afc4b4c8cc5673a238dc8158", "lastModified": "2024-04-01T11:29:44.000Z", "private": false, "disabled": false, "gated": false, "tags": ["license:openrail", "region:us"], "downloads": 0, "likes": 0, "model-index": null, "cardData": {"license": "openrail"}, "siblings": [{"rfilename": ".gitattributes"}, {"rfilename": "README.md"}, {"rfilename": "SOOBIN.zip"}], "spaces": [], "createdAt": "2024-04-01T11:27:50.000Z", "inferenceStatus": "not-loaded"}