{"_id": "65e29a8df7daaa71c1bca526", "id": "4naluvs/SOYEON_new", "modelId": "4naluvs/SOYEON_new", "author": "4naluvs", "sha": "63cf4e81496df833d4a43ef5d34766a068bf699c", "lastModified": "2024-03-02T03:21:46.000Z", "private": false, "disabled": false, "gated": false, "tags": ["license:openrail", "region:us"], "downloads": 0, "likes": 0, "model-index": null, "cardData": {"license": "openrail"}, "siblings": [{"rfilename": ".gitattributes"}, {"rfilename": "README.md"}, {"rfilename": "SOYEON_new.zip"}], "spaces": [], "createdAt": "2024-03-02T03:18:37.000Z", "inferenceStatus": "not-loaded"}