{"_id": "6521c86f3a0f831947805a22", "id": "4naluvs/BEOMGYU-by-ana", "modelId": "4naluvs/BEOMGYU-by-ana", "author": "4naluvs", "sha": "b72d99f57865c0993efb0302ad6a58f8fdbe709e", "lastModified": "2023-10-07T21:07:43.000Z", "private": false, "disabled": false, "gated": false, "tags": ["license:openrail", "region:us"], "downloads": 0, "likes": 0, "model-index": null, "cardData": {"license": "openrail"}, "siblings": [{"rfilename": ".gitattributes"}, {"rfilename": "BEOMGYU.zip"}, {"rfilename": "README.md"}], "spaces": [], "createdAt": "2023-10-07T21:06:55.000Z", "inferenceStatus": "not-loaded"}