{"_id": "656252b2d5e3c35c7914fbb1", "id": "4naluvs/HYUKAsara", "modelId": "4naluvs/HYUKAsara", "author": "4naluvs", "sha": "ad4cb892f055e4b513fd4c025b05068fd08e4e27", "lastModified": "2023-11-25T20:02:55.000Z", "private": false, "disabled": false, "gated": false, "tags": ["license:openrail", "region:us"], "downloads": 0, "likes": 0, "model-index": null, "cardData": {"license": "openrail"}, "siblings": [{"rfilename": ".gitattributes"}, {"rfilename": "README.md"}, {"rfilename": "hueningkai.zip"}], "spaces": [], "createdAt": "2023-11-25T20:01:54.000Z", "inferenceStatus": "not-loaded"}