{"_id": "65ee8282c8577b39464d641b", "id": "4naluvs/MINNIEv4", "modelId": "4naluvs/MINNIEv4", "author": "4naluvs", "sha": "1b891825c18b9da2e15aaef53dda679779872463", "lastModified": "2024-03-11T04:06:13.000Z", "private": false, "disabled": false, "gated": false, "tags": ["license:openrail", "region:us"], "downloads": 0, "likes": 0, "model-index": null, "cardData": {"license": "openrail"}, "siblings": [{"rfilename": ".gitattributes"}, {"rfilename": "MINNIEv4.zip"}, {"rfilename": "README.md"}], "spaces": [], "createdAt": "2024-03-11T04:03:14.000Z", "inferenceStatus": "not-loaded"}