{"_id": "64aa0b454135aae75f2a424b", "id": "4naluvs/LiaITZY", "modelId": "4naluvs/LiaITZY", "author": "4naluvs", "sha": "c957021ede4a55ea2f0296bfadd89071167eb0ed", "lastModified": "2023-08-11T21:37:26.000Z", "private": false, "disabled": false, "gated": false, "tags": ["license:openrail", "region:us"], "downloads": 0, "likes": 0, "model-index": null, "cardData": {"license": "openrail"}, "siblings": [{"rfilename": ".gitattributes"}, {"rfilename": "LiaITZY.zip"}, {"rfilename": "README.md"}], "spaces": [], "createdAt": "2023-07-09T01:20:05.000Z", "inferenceStatus": "not-loaded"}