{"_id": "658cc53cd1c8b106728d11a6", "id": "4naluvs/Aran", "modelId": "4naluvs/Aran", "author": "4naluvs", "sha": "b616197ef9dd926178edb2a8d7ee0e68aba94e23", "lastModified": "2023-12-28T00:47:01.000Z", "private": false, "disabled": false, "gated": false, "tags": ["license:openrail", "region:us"], "downloads": 0, "likes": 0, "model-index": null, "cardData": {"license": "openrail"}, "siblings": [{"rfilename": ".gitattributes"}, {"rfilename": "Aran.zip"}, {"rfilename": "README.md"}], "spaces": [], "createdAt": "2023-12-28T00:45:48.000Z", "inferenceStatus": "not-loaded"}