{"_id": "65937dcea33889b27ffd3a0e", "id": "4naluvs/MINNIEv3", "modelId": "4naluvs/MINNIEv3", "author": "4naluvs", "sha": "43c3562ef8ba88abe1361e5172bd97751ca1b8ff", "lastModified": "2024-01-02T03:09:02.000Z", "private": false, "disabled": false, "gated": false, "tags": ["license:openrail", "region:us"], "downloads": 0, "likes": 0, "model-index": null, "cardData": {"license": "openrail"}, "siblings": [{"rfilename": ".gitattributes"}, {"rfilename": "Minnie.zip"}, {"rfilename": "README.md"}], "spaces": [], "createdAt": "2024-01-02T03:06:54.000Z", "inferenceStatus": "not-loaded"}