{"_id": "65ea8960cc962f82a4e0a22d", "id": "4naluvs/honoo-ruth", "modelId": "4naluvs/honoo-ruth", "author": "4naluvs", "sha": "327ca098cedbcd1106afbd9e9bd8dcc67297ad24", "lastModified": "2024-03-08T03:45:16.000Z", "private": false, "disabled": false, "gated": false, "tags": ["license:openrail", "region:us"], "downloads": 0, "likes": 0, "model-index": null, "cardData": {"license": "openrail"}, "siblings": [{"rfilename": ".gitattributes"}, {"rfilename": "README.md"}, {"rfilename": "Ruth.zip"}], "spaces": [], "createdAt": "2024-03-08T03:43:28.000Z", "inferenceStatus": "not-loaded"}