{"_id": "64d6e9b5a3c9b927618dcfa2", "id": "4naluvs/Ahyeon", "modelId": "4naluvs/Ahyeon", "author": "4naluvs", "sha": "f455bc8b6f076c1fdb3b6f32718de4043dedec1e", "lastModified": "2023-09-03T18:47:47.000Z", "private": false, "disabled": false, "gated": false, "tags": ["license:openrail", "region:us"], "downloads": 0, "likes": 0, "model-index": null, "cardData": {"license": "openrail"}, "siblings": [{"rfilename": ".gitattributes"}, {"rfilename": "AhyeonV2.zip"}, {"rfilename": "README.md"}], "spaces": [], "createdAt": "2023-08-12T02:08:53.000Z", "inferenceStatus": "not-loaded"}