{"_id": "64eba35d03728c2a7d7f0162", "id": "4naluvs/SOOJIN", "modelId": "4naluvs/SOOJIN", "author": "4naluvs", "sha": "4d5e4cb3048026cb1609dc3a4b6bb5522e93b004", "lastModified": "2023-08-27T19:27:26.000Z", "private": false, "disabled": false, "gated": false, "tags": ["license:openrail", "region:us"], "downloads": 0, "likes": 0, "model-index": null, "cardData": {"license": "openrail"}, "siblings": [{"rfilename": ".gitattributes"}, {"rfilename": "README.md"}, {"rfilename": "SOOJIN.zip"}], "spaces": [], "createdAt": "2023-08-27T19:26:21.000Z", "inferenceStatus": "not-loaded"}