{"_id": "65625254b2764ca06f1435e5", "id": "4naluvs/BEOMGYUfixed", "modelId": "4naluvs/BEOMGYUfixed", "author": "4naluvs", "sha": "9581183bd0a1d143736986e2f0df4e9288baf062", "lastModified": "2023-11-25T20:01:55.000Z", "private": false, "disabled": false, "gated": false, "tags": ["license:openrail", "region:us"], "downloads": 0, "likes": 0, "model-index": null, "cardData": {"license": "openrail"}, "siblings": [{"rfilename": ".gitattributes"}, {"rfilename": "BEOMGYU.zip"}, {"rfilename": "README.md"}], "spaces": [], "createdAt": "2023-11-25T20:00:20.000Z", "inferenceStatus": "not-loaded"}