{"_id": "657cd0aaa2ef321675ab7d69", "id": "4naluvs/YENA", "modelId": "4naluvs/YENA", "author": "4naluvs", "sha": "eaba6069128246229eb82e8662a1e1040bd46ca8", "lastModified": "2023-12-15T22:20:39.000Z", "private": false, "disabled": false, "gated": false, "tags": ["license:openrail", "region:us"], "downloads": 0, "likes": 0, "model-index": null, "cardData": {"license": "openrail"}, "siblings": [{"rfilename": ".gitattributes"}, {"rfilename": "README.md"}, {"rfilename": "yena.zip"}], "spaces": [], "createdAt": "2023-12-15T22:18:18.000Z", "inferenceStatus": "not-loaded"}