{"_id": "662893f322475bab0c972e9d", "id": "4ndr3lu15/glove300", "modelId": "4ndr3lu15/glove300", "author": "4ndr3lu15", "sha": "902b4f8d4540b620311387299bab53edc5f481d5", "lastModified": "2024-04-24T05:12:22.000Z", "private": false, "disabled": false, "gated": false, "tags": ["region:us"], "downloads": 0, "likes": 0, "siblings": [{"rfilename": ".gitattributes"}, {"rfilename": "glove300embeddings.pkl"}, {"rfilename": "glove300vocab.pkl"}], "spaces": [], "createdAt": "2024-04-24T05:09:07.000Z", "inferenceStatus": "not-loaded"}