{"_id": "662a248058fd2a93f7cb91ba", "id": "4podmt/Translate", "modelId": "4podmt/Translate", "author": "4podmt", "sha": "04579ff3ca0044c7d20b7b2cf76832bdd36386bc", "lastModified": "2024-04-25T09:38:08.000Z", "private": false, "disabled": false, "gated": false, "tags": ["license:gpl", "region:us"], "downloads": 0, "likes": 0, "model-index": null, "cardData": {"license": "gpl"}, "siblings": [{"rfilename": ".gitattributes"}, {"rfilename": "README.md"}], "spaces": [], "createdAt": "2024-04-25T09:38:08.000Z", "inferenceStatus": "not-loaded"}