{"_id": "65bce1034d1795fa8e3a2b24", "id": "4rn0l/Carro", "modelId": "4rn0l/Carro", "author": "4rn0l", "sha": "8bfdd2d2c51b356542e0b51ebc9d8244b3e4f8a9", "lastModified": "2024-02-02T12:33:07.000Z", "private": false, "disabled": false, "gated": false, "tags": ["license:apache-2.0", "region:us"], "downloads": 0, "likes": 0, "model-index": null, "cardData": {"license": "apache-2.0"}, "siblings": [{"rfilename": ".gitattributes"}, {"rfilename": "README.md"}], "spaces": [], "createdAt": "2024-02-02T12:33:07.000Z", "inferenceStatus": "not-loaded"}