{"_id": "644c1f220ce4f8fb516de3bc", "id": "4rtemi5/dpt", "modelId": "4rtemi5/dpt", "author": "4rtemi5", "sha": "95ddc896c659969a4a08f2d5bc755cd58fdc6a0f", "lastModified": "2023-04-29T05:22:46.000Z", "private": false, "disabled": false, "gated": false, "pipeline_tag": "text2text-generation", "tags": ["jax-diffusers-event", "text2text-generation", "en", "dataset:EleutherAI/the_pile", "license:apache-2.0", "region:us"], "downloads": 0, "likes": 0, "model-index": null, "cardData": {"license": "apache-2.0", "datasets": ["EleutherAI/the_pile"], "language": ["en"], "pipeline_tag": "text2text-generation", "tags": ["jax-diffusers-event"]}, "siblings": [{"rfilename": ".gitattributes"}, {"rfilename": "README.md"}], "spaces": [], "createdAt": "2023-04-28T19:31:46.000Z", "inferenceStatus": "not-loaded"}