{"_id": "665ae78408d536a8ac6d3130", "id": "4stack/Geom-ViT-L-14-CLIP", "modelId": "4stack/Geom-ViT-L-14-CLIP", "author": "4stack", "sha": "12386a1c3a7bb43aa0172d551fc93f37d9a5b7d2", "lastModified": "2024-06-16T05:35:58.000Z", "private": false, "disabled": false, "gated": false, "pipeline_tag": "zero-shot-image-classification", "tags": ["open_clip", "safetensors", "clip", "zero-shot-image-classification", "license:mit", "region:us"], "downloads": 654, "library_name": "open_clip", "likes": 0, "model-index": null, "config": {"tokenizer_config": {"bos_token": "<|startoftext|>", "eos_token": "<|endoftext|>", "pad_token": "<|endoftext|>", "unk_token": "<|endoftext|>"}}, "cardData": {"tags": ["clip"], "library_name": "open_clip", "pipeline_tag": "zero-shot-image-classification", "license": "mit"}, "siblings": [{"rfilename": ".gitattributes"}, {"rfilename": "README.md"}, {"rfilename": "merges.txt"}, {"rfilename": "open_clip_config.json"}, {"rfilename": "open_clip_model.safetensors"}, {"rfilename": "open_clip_pytorch_model.bin"}, {"rfilename": "special_tokens_map.json"}, {"rfilename": "tokenizer.json"}, {"rfilename": "tokenizer_config.json"}, {"rfilename": "vocab.json"}], "spaces": [], "createdAt": "2024-06-01T09:19:00.000Z", "inferenceStatus": "not-loaded"}