{"_id": "6678ba654b1e661916eab0a0", "id": "4stack/Geom-ViT-L-14-336-CLIP", "modelId": "4stack/Geom-ViT-L-14-336-CLIP", "author": "4stack", "sha": "a05205dfcce9e081d350718bcd8b0720c4583267", "lastModified": "2024-06-27T04:09:45.000Z", "private": false, "disabled": false, "gated": false, "pipeline_tag": "zero-shot-image-classification", "tags": ["open_clip", "safetensors", "clip", "zero-shot-image-classification", "license:mit", "region:us"], "downloads": 1280, "library_name": "open_clip", "likes": 0, "model-index": null, "config": {"tokenizer_config": {"bos_token": "<|startoftext|>", "eos_token": "<|endoftext|>", "pad_token": "<|endoftext|>", "unk_token": "<|endoftext|>"}}, "cardData": {"tags": ["clip"], "library_name": "open_clip", "pipeline_tag": "zero-shot-image-classification", "license": "mit"}, "siblings": [{"rfilename": ".gitattributes"}, {"rfilename": "README.md"}, {"rfilename": "merges.txt"}, {"rfilename": "open_clip_config.json"}, {"rfilename": "open_clip_model.safetensors"}, {"rfilename": "open_clip_pytorch_model.bin"}, {"rfilename": "special_tokens_map.json"}, {"rfilename": "tokenizer.json"}, {"rfilename": "tokenizer_config.json"}, {"rfilename": "vocab.json"}], "spaces": [], "createdAt": "2024-06-24T00:14:29.000Z", "inferenceStatus": "not-loaded"}