{"_id": "6629183a1174fd29920776ad", "id": "4tt4/TransMod", "modelId": "4tt4/TransMod", "author": "4tt4", "sha": "f28452cc73d9d6b55411f981d72409a641da1436", "lastModified": "2024-04-28T09:49:10.000Z", "private": false, "disabled": false, "gated": false, "pipeline_tag": "audio-classification", "tags": ["transformers", "tensorboard", "safetensors", "wav2vec2", "audio-classification", "license:mit", "endpoints_compatible", "region:us"], "downloads": 2, "library_name": "transformers", "likes": 0, "model-index": null, "config": {"architectures": ["Wav2Vec2ForSequenceClassification"], "model_type": "wav2vec2"}, "cardData": {"license": "mit"}, "transformersInfo": {"auto_model": "AutoModelForAudioClassification", "pipeline_tag": "audio-classification", "processor": "AutoProcessor"}, "siblings": [{"rfilename": ".gitattributes"}, {"rfilename": "README.md"}, {"rfilename": "config.json"}, {"rfilename": "model.safetensors"}, {"rfilename": "preprocessor_config.json"}, {"rfilename": "runs/Apr24_16-16-02_75b54d76d50d/events.out.tfevents.1713975366.75b54d76d50d.2428.0"}, {"rfilename": "runs/Apr24_16-16-02_75b54d76d50d/events.out.tfevents.1713975853.75b54d76d50d.2428.1"}, {"rfilename": "runs/Apr24_16-25-41_75b54d76d50d/events.out.tfevents.1713975941.75b54d76d50d.2428.2"}, {"rfilename": "runs/Apr24_16-25-41_75b54d76d50d/events.out.tfevents.1713977716.75b54d76d50d.2428.3"}, {"rfilename": "runs/Apr24_17-04-29_75b54d76d50d/events.out.tfevents.1713978270.75b54d76d50d.2428.4"}, {"rfilename": "runs/Apr27_12-09-04_b767de653dff/events.out.tfevents.1714219745.b767de653dff.2253.0"}, {"rfilename": "runs/Apr28_07-58-47_b5746c66e412/events.out.tfevents.1714291128.b5746c66e412.160.0"}, {"rfilename": "runs/Apr28_08-02-07_b5746c66e412/events.out.tfevents.1714291328.b5746c66e412.160.1"}, {"rfilename": "training_args.bin"}], "spaces": [], "createdAt": "2024-04-24T14:33:30.000Z", "safetensors": {"parameters": {"F32": 315702405}, "total": 315702405}, "inferenceStatus": "not-loaded"}