{"_id": "6617ab94c5bf9a5431355d62", "id": "4tykhonov/models", "modelId": "4tykhonov/models", "author": "4tykhonov", "sha": "fe7b9fd82fd8181e79b034e1c0604fc7f058cb8b", "lastModified": "2024-04-11T11:17:48.000Z", "private": false, "disabled": false, "gated": false, "tags": ["generated_from_trainer", "region:us"], "downloads": 0, "likes": 0, "model-index": [{"name": "models", "results": []}], "cardData": {"tags": ["generated_from_trainer"], "model-index": [{"name": "models", "results": []}]}, "siblings": [{"rfilename": ".gitattributes"}, {"rfilename": "README.md"}, {"rfilename": "adapter_config.json"}, {"rfilename": "intervenable_model/intkey_comp.model.layers[15].output.unit.pos.nunit.1#0.bin"}, {"rfilename": "intervenable_model/pytorch_model.bin"}], "spaces": [], "createdAt": "2024-04-11T09:21:24.000Z", "inferenceStatus": "not-loaded"}