{"_id": "64cb73167846f146bd48b8be", "id": "4uGGun/4uGGunRVC", "modelId": "4uGGun/4uGGunRVC", "author": "4uGGun", "sha": "e58b6f7326626265c5f1191f5ddbd51af0bbeb6c", "lastModified": "2023-08-08T09:50:30.000Z", "private": false, "disabled": false, "gated": false, "tags": ["license:openrail", "region:us"], "downloads": 0, "likes": 0, "model-index": null, "cardData": {"license": "openrail"}, "siblings": [{"rfilename": ".gitattributes"}, {"rfilename": "README.md"}, {"rfilename": "itashi.zip"}, {"rfilename": "maniac.zip"}, {"rfilename": "sexbomba33.zip"}], "spaces": [], "createdAt": "2023-08-03T09:27:50.000Z", "inferenceStatus": "not-loaded"}