{"_id": "64dc8b1df417363455e9d2c3", "id": "4wei/distilbert-base-uncased-finetuned-clinc", "modelId": "4wei/distilbert-base-uncased-finetuned-clinc", "author": "4wei", "sha": "ee0ee8923d5ae88dc4c6ee861e12f2532aa7d761", "lastModified": "2023-08-16T08:38:53.000Z", "private": false, "disabled": false, "gated": false, "tags": ["region:us"], "downloads": 0, "likes": 0, "siblings": [{"rfilename": ".gitattributes"}], "spaces": [], "createdAt": "2023-08-16T08:38:53.000Z", "inferenceStatus": "not-loaded"}