{"_id": "62ad8a5f7d1166ece85b487c", "id": "4XN4TH/a", "modelId": "4XN4TH/a", "author": "4XN4TH", "sha": "200eefdbbf3c6b65a2beaae3041e8a2808d01610", "lastModified": "2022-06-18T08:18:39.000Z", "private": false, "disabled": false, "gated": false, "tags": ["license:afl-3.0", "region:us"], "downloads": 0, "likes": 0, "model-index": null, "cardData": {"license": "afl-3.0"}, "siblings": [{"rfilename": ".gitattributes"}, {"rfilename": "README.md"}], "spaces": [], "createdAt": "2022-06-18T08:18:39.000Z", "inferenceStatus": "not-loaded"}