{"_id": "638bbd237f62078b2a7705d5", "id": "y-aoub/finetuning-sentiment-model-3000-samples", "modelId": "y-aoub/finetuning-sentiment-model-3000-samples", "author": "y-aoub", "sha": "6a42fafabef7eb7f09982951b578076ff8ea09ed", "lastModified": "2022-12-03T21:18:27.000Z", "private": false, "disabled": false, "gated": false, "tags": ["region:us"], "downloads": 0, "likes": 0, "siblings": [{"rfilename": ".gitattributes"}], "spaces": [], "createdAt": "2022-12-03T21:18:27.000Z", "inferenceStatus": "not-loaded"}