{"_id": "662d5ce226890ccde17d83cf", "id": "y0usly/DieLitCarti_270_Epochs", "modelId": "y0usly/DieLitCarti_270_Epochs", "author": "y0usly", "sha": "f60813912da00313502187ca1e0b3a6f9fe269d0", "lastModified": "2024-04-27T20:17:52.000Z", "private": false, "disabled": false, "gated": false, "tags": ["license:other", "region:us"], "downloads": 0, "likes": 0, "model-index": null, "cardData": {"license": "other", "license_name": "carti", "license_link": "LICENSE"}, "siblings": [{"rfilename": ".gitattributes"}, {"rfilename": "DieLitCarti_270_Epochs.zip"}, {"rfilename": "LICENSE"}, {"rfilename": "README.md"}], "spaces": [], "createdAt": "2024-04-27T20:15:30.000Z", "inferenceStatus": "not-loaded"}