{"_id": "6658a3bc9ade6238ae4c2375", "id": "y0usly/WLRV3Carti_250_Epochs", "modelId": "y0usly/WLRV3Carti_250_Epochs", "author": "y0usly", "sha": "cb64808474bc83e7ab1661a9b591f1b78a48d1dc", "lastModified": "2024-05-30T16:07:35.000Z", "private": false, "disabled": false, "gated": false, "tags": ["license:other", "region:us"], "downloads": 0, "likes": 0, "model-index": null, "cardData": {"license": "other", "license_name": "carti", "license_link": "LICENSE"}, "siblings": [{"rfilename": ".gitattributes"}, {"rfilename": "LICENSE"}, {"rfilename": "README.md"}, {"rfilename": "WLRV3Carti_250_Epochs.zip"}], "spaces": [], "createdAt": "2024-05-30T16:05:16.000Z", "inferenceStatus": "not-loaded"}