{"_id": "6637c2a7fbe99c7d15bd87c7", "id": "y0usly/MisfitCarti_250_Epochs", "modelId": "y0usly/MisfitCarti_250_Epochs", "author": "y0usly", "sha": "e3aef5750101754de780f31ad0d5d3e541d42c72", "lastModified": "2024-05-05T17:33:29.000Z", "private": false, "disabled": false, "gated": false, "tags": ["license:other", "region:us"], "downloads": 0, "likes": 0, "model-index": null, "cardData": {"license": "other", "license_name": "carti", "license_link": "LICENSE"}, "siblings": [{"rfilename": ".gitattributes"}, {"rfilename": "LICENSE"}, {"rfilename": "Mi$fitCarti.zip"}, {"rfilename": "README.md"}], "spaces": [], "createdAt": "2024-05-05T17:32:23.000Z", "inferenceStatus": "not-loaded"}