{"_id": "664706b1d0a1763f6de5e767", "id": "y0usly/Adlib_HomixideCarti_25_Epochs", "modelId": "y0usly/Adlib_HomixideCarti_25_Epochs", "author": "y0usly", "sha": "e1ddf159de59ae8f35dbf40a2173d32b7d6eb067", "lastModified": "2024-05-17T07:29:33.000Z", "private": false, "disabled": false, "gated": false, "tags": ["license:other", "region:us"], "downloads": 0, "likes": 0, "model-index": null, "cardData": {"license": "other", "license_name": "carti", "license_link": "LICENSE"}, "siblings": [{"rfilename": ".gitattributes"}, {"rfilename": "Adlib_HomixideCarti_25_Epochs.zip"}, {"rfilename": "LICENSE"}, {"rfilename": "README.md"}], "spaces": [], "createdAt": "2024-05-17T07:26:41.000Z", "inferenceStatus": "not-loaded"}