{"_id": "6629e21e055ae884429f93b3", "id": "y0usly/DeepVoiceCarti_250_Epochs", "modelId": "y0usly/DeepVoiceCarti_250_Epochs", "author": "y0usly", "sha": "b8da25755bfb0438abbae66702ec7142fb0b0ae0", "lastModified": "2024-04-25T04:57:22.000Z", "private": false, "disabled": false, "gated": false, "tags": ["license:other", "region:us"], "downloads": 0, "likes": 0, "model-index": null, "cardData": {"license": "other", "license_name": "carti", "license_link": "LICENSE"}, "siblings": [{"rfilename": ".gitattributes"}, {"rfilename": "DeepVoiceCarti_250_Epochs.zip"}, {"rfilename": "LICENSE"}, {"rfilename": "README.md"}], "spaces": [], "createdAt": "2024-04-25T04:54:54.000Z", "inferenceStatus": "not-loaded"}