{"_id": "646d1c8de0c5e39573547893", "id": "y10ab1/blip-image-captioning-base-football-finetuned", "modelId": "y10ab1/blip-image-captioning-base-football-finetuned", "author": "y10ab1", "sha": "790bd5c34721b215fb641a0444123d552c12d785", "lastModified": "2023-05-23T21:49:29.000Z", "private": false, "disabled": false, "gated": false, "pipeline_tag": "visual-question-answering", "tags": ["transformers", "pytorch", "blip-2", "visual-question-answering", "endpoints_compatible", "region:us"], "downloads": 0, "library_name": "transformers", "likes": 0, "config": {"architectures": ["Blip2ForConditionalGeneration"], "model_type": "blip-2", "tokenizer_config": {"bos_token": {"__type": "AddedToken", "content": "</s>", "lstrip": false, "normalized": true, "rstrip": false, "single_word": false}, "eos_token": {"__type": "AddedToken", "content": "</s>", "lstrip": false, "normalized": true, "rstrip": false, "single_word": false}, "pad_token": {"__type": "AddedToken", "content": "<pad>", "lstrip": false, "normalized": true, "rstrip": false, "single_word": false}, "unk_token": {"__type": "AddedToken", "content": "</s>", "lstrip": false, "normalized": true, "rstrip": false, "single_word": false}}}, "transformersInfo": {"auto_model": "AutoModelForVisualQuestionAnswering", "pipeline_tag": "visual-question-answering", "processor": "AutoProcessor"}, "siblings": [{"rfilename": ".gitattributes"}, {"rfilename": "config.json"}, {"rfilename": "merges.txt"}, {"rfilename": "preprocessor_config.json"}, {"rfilename": "pytorch_model-00001-of-00002.bin"}, {"rfilename": "pytorch_model-00002-of-00002.bin"}, {"rfilename": "pytorch_model.bin.index.json"}, {"rfilename": "special_tokens_map.json"}, {"rfilename": "tokenizer.json"}, {"rfilename": "tokenizer_config.json"}, {"rfilename": "vocab.json"}], "spaces": [], "createdAt": "2023-05-23T20:05:33.000Z", "inferenceStatus": "not-loaded"}