{"_id": "65863875d2ea3f3294ee5efe", "id": "y200666/11", "modelId": "y200666/11", "author": "y200666", "sha": "d4fd7822c9b8ef98582029ab4902a308d9f361fa", "lastModified": "2023-12-23T01:31:33.000Z", "private": false, "disabled": false, "gated": false, "tags": ["license:unlicense", "region:us"], "downloads": 0, "likes": 0, "model-index": null, "cardData": {"license": "unlicense"}, "siblings": [{"rfilename": ".gitattributes"}, {"rfilename": "README.md"}], "spaces": [], "createdAt": "2023-12-23T01:31:33.000Z", "inferenceStatus": "not-loaded"}