{"_id": "64e8f4c1f72e054cab1f3e79", "id": "y22ma/Kosmos2-endpoint", "modelId": "y22ma/Kosmos2-endpoint", "author": "y22ma", "sha": "3b358283a7cdf9db388a03d864887e05aa183192", "lastModified": "2023-08-31T15:58:04.000Z", "private": false, "disabled": false, "gated": false, "tags": ["license:mit", "endpoints_compatible", "region:us"], "downloads": 0, "likes": 3, "model-index": null, "cardData": {"license": "mit"}, "siblings": [{"rfilename": ".gitattributes"}, {"rfilename": ".gitignore"}, {"rfilename": "README.md"}, {"rfilename": "endpoint_tester.py"}, {"rfilename": "handler.py"}, {"rfilename": "requirements.txt"}, {"rfilename": "test.jpeg"}, {"rfilename": "test.py"}], "spaces": [], "createdAt": "2023-08-25T18:36:49.000Z", "inferenceStatus": "not-loaded"}