{"_id": "6471918f34a8a81ebd98e1b3", "id": "y22ma/luca", "modelId": "y22ma/luca", "author": "y22ma", "sha": "6caa809bfb08382c8a9f210e61a86dbd6c1e9241", "lastModified": "2023-05-27T05:13:52.000Z", "private": false, "disabled": false, "gated": false, "pipeline_tag": "text-to-image", "tags": ["diffusers", "tensorboard", "stable-diffusion", "stable-diffusion-diffusers", "text-to-image", "lora", "base_model:SG161222/Realistic_Vision_V2.0", "license:creativeml-openrail-m", "region:us"], "downloads": 16, "library_name": "diffusers", "likes": 0, "model-index": null, "cardData": {"license": "creativeml-openrail-m", "base_model": "SG161222/Realistic_Vision_V2.0", "instance_prompt": "a photograph of a sks luca", "tags": ["stable-diffusion", "stable-diffusion-diffusers", "text-to-image", "diffusers", "lora"], "inference": true}, "siblings": [{"rfilename": ".gitattributes"}, {"rfilename": "README.md"}, {"rfilename": "checkpoint-200/spectral_shifts.safetensors"}, {"rfilename": "checkpoint-200/spectral_shifts_te.safetensors"}, {"rfilename": "checkpoint-400/spectral_shifts.safetensors"}, {"rfilename": "checkpoint-400/spectral_shifts_te.safetensors"}, {"rfilename": "checkpoint-600/spectral_shifts.safetensors"}, {"rfilename": "checkpoint-600/spectral_shifts_te.safetensors"}, {"rfilename": "checkpoint-800/spectral_shifts.safetensors"}, {"rfilename": "checkpoint-800/spectral_shifts_te.safetensors"}, {"rfilename": "logs/svdiff-pytorch/1685161406.926545/events.out.tfevents.1685161406.s-y22ma-svdiff-training-ui-0390f-d84d8dbc8-bsd29.85.1"}, {"rfilename": "logs/svdiff-pytorch/1685161406.9283736/hparams.yml"}, {"rfilename": "logs/svdiff-pytorch/events.out.tfevents.1685161406.s-y22ma-svdiff-training-ui-0390f-d84d8dbc8-bsd29.85.0"}, {"rfilename": "spectral_shifts.safetensors"}, {"rfilename": "spectral_shifts_te.safetensors"}, {"rfilename": "train.sh"}], "spaces": [], "createdAt": "2023-05-27T05:13:51.000Z", "inferenceStatus": "not-loaded"}