{"_id": "64a70656fc1d1ebc8a756dad", "id": "Y2G/humans-v1", "modelId": "Y2G/humans-v1", "author": "Y2G", "sha": "fa91c97bb48cee6f9853a68da5200107aae83882", "lastModified": "2023-07-06T19:04:36.000Z", "private": false, "disabled": false, "gated": false, "tags": ["license:creativeml-openrail-m", "region:us"], "downloads": 0, "likes": 0, "model-index": null, "cardData": {"license": "creativeml-openrail-m"}, "siblings": [{"rfilename": ".gitattributes"}, {"rfilename": "README.md"}, {"rfilename": "humans_v10.safetensors"}], "spaces": [], "createdAt": "2023-07-06T18:22:14.000Z", "inferenceStatus": "not-loaded"}