{"_id": "66020a462444d7e77e299d4d", "id": "Y2Jay/sd-class-butterflies-64", "modelId": "Y2Jay/sd-class-butterflies-64", "author": "Y2Jay", "sha": "384d348df078bda2dcd780f10fd080071de8a760", "lastModified": "2024-03-25T23:35:40.000Z", "private": false, "disabled": false, "gated": false, "tags": ["diffusers", "safetensors", "diffusers:DDPMPipeline", "region:us"], "downloads": 15, "library_name": "diffusers", "likes": 0, "config": {"diffusers": {"_class_name": "DDPMPipeline"}}, "siblings": [{"rfilename": ".gitattributes"}, {"rfilename": "config.json"}, {"rfilename": "diffusion_pytorch_model.safetensors"}, {"rfilename": "model_index.json"}, {"rfilename": "scheduler_config.json"}], "spaces": [], "createdAt": "2024-03-25T23:35:34.000Z", "inferenceStatus": "not-loaded"}