{"_id": "65fb61a3b67a26e59eb5dd5e", "id": "Y2Jay/sd-class-butterflies-32", "modelId": "Y2Jay/sd-class-butterflies-32", "author": "Y2Jay", "sha": "08c8db2625904b6757c4d11ee875c41feeb4f24f", "lastModified": "2024-03-20T22:22:36.000Z", "private": false, "disabled": false, "gated": false, "tags": ["diffusers", "safetensors", "diffusers:DDPMPipeline", "region:us"], "downloads": 15, "library_name": "diffusers", "likes": 0, "config": {"diffusers": {"_class_name": "DDPMPipeline"}}, "siblings": [{"rfilename": ".gitattributes"}, {"rfilename": "config.json"}, {"rfilename": "diffusion_pytorch_model.safetensors"}, {"rfilename": "model_index.json"}, {"rfilename": "scheduler_config.json"}], "spaces": [], "createdAt": "2024-03-20T22:22:27.000Z", "inferenceStatus": "not-loaded"}