{"_id": "6553d148db4619c8ebf40284", "id": "y333y/3t3t", "modelId": "y333y/3t3t", "author": "y333y", "sha": "61aef5c5ee8bf9ac89d267676c81f2484c073b30", "lastModified": "2023-11-14T19:58:40.000Z", "private": false, "disabled": false, "gated": false, "tags": ["pt", "region:us"], "downloads": 0, "likes": 0, "model-index": null, "cardData": {"language": ["pt"]}, "siblings": [{"rfilename": ".gitattributes"}, {"rfilename": "README.md"}], "spaces": [], "createdAt": "2023-11-14T19:58:00.000Z", "inferenceStatus": "not-loaded"}