{"_id": "64bee5809f94ea25542a29fa", "id": "Y90nety/Rebecca_Edgerunners_Brazilian_Portuguese", "modelId": "Y90nety/Rebecca_Edgerunners_Brazilian_Portuguese", "author": "Y90nety", "sha": "5e4ce0007572451e703a5c367c42e74131d6e0b4", "lastModified": "2023-07-24T21:00:19.000Z", "private": false, "disabled": false, "gated": false, "tags": ["license:openrail", "region:us"], "downloads": 0, "likes": 0, "model-index": null, "cardData": {"license": "openrail"}, "siblings": [{"rfilename": ".gitattributes"}, {"rfilename": "README.md"}, {"rfilename": "lv_0_20230724142310 (online-audio-converter.com) (Vocals).mp3"}], "spaces": [], "createdAt": "2023-07-24T20:56:32.000Z", "inferenceStatus": "not-loaded"}