{"_id": "63e3bfa7eb515295539096b2", "id": "ya-ko/nva-Dipladenia", "modelId": "ya-ko/nva-Dipladenia", "author": "ya-ko", "sha": "4771425c6de26c2e26b9b107c2106e941926cbb2", "lastModified": "2023-02-08T15:29:17.000Z", "private": false, "disabled": false, "gated": false, "tags": ["region:us"], "downloads": 0, "likes": 0, "siblings": [{"rfilename": ".gitattributes"}, {"rfilename": "Dipladenia-000001.safetensors"}, {"rfilename": "Dipladenia-000002.safetensors"}, {"rfilename": "Dipladenia-000003.safetensors"}, {"rfilename": "Dipladenia-000004.safetensors"}, {"rfilename": "Dipladenia-000005.safetensors"}, {"rfilename": "Dipladenia-000006.safetensors"}, {"rfilename": "Dipladenia-000007.safetensors"}, {"rfilename": "Dipladenia-000008.safetensors"}, {"rfilename": "Dipladenia-000009.safetensors"}, {"rfilename": "Dipladenia.safetensors"}], "spaces": [], "createdAt": "2023-02-08T15:28:39.000Z", "inferenceStatus": "not-loaded"}