{"_id": "6558e43f727df37c7758137f", "id": "yaa322/yaaf", "modelId": "yaa322/yaaf", "author": "yaa322", "sha": "daff57f096def0376028a3f445fa0ad7418dd5dc", "lastModified": "2023-11-18T16:21:26.000Z", "private": false, "disabled": false, "gated": false, "tags": ["license:apache-2.0", "region:us"], "downloads": 0, "likes": 0, "model-index": null, "cardData": {"license": "apache-2.0"}, "siblings": [{"rfilename": ".gitattributes"}, {"rfilename": "README.md"}, {"rfilename": "yaa.zip"}], "spaces": [], "createdAt": "2023-11-18T16:20:15.000Z", "inferenceStatus": "not-loaded"}