{"_id": "64c5a7f22581696666e50919", "id": "yaanhaan/Baby-CoThought", "modelId": "yaanhaan/Baby-CoThought", "author": "yaanhaan", "sha": "5c05d4ecaf4853028068144b6c7b44dd98d0d03a", "lastModified": "2023-07-30T01:23:41.000Z", "private": false, "disabled": false, "gated": false, "pipeline_tag": "fill-mask", "tags": ["transformers", "pytorch", "roberta", "fill-mask", "en", "autotrain_compatible", "endpoints_compatible", "region:us"], "downloads": 1, "library_name": "transformers", "mask_token": "<mask>", "widgetData": [{"text": "Paris is the <mask> of France."}, {"text": "The goal of life is <mask>."}], "likes": 3, "model-index": null, "config": {"architectures": ["RobertaForMaskedLM"], "model_type": "roberta"}, "cardData": {"language": ["en"]}, "transformersInfo": {"auto_model": "AutoModelForMaskedLM", "pipeline_tag": "fill-mask", "processor": "AutoTokenizer"}, "siblings": [{"rfilename": ".gitattributes"}, {"rfilename": "README.md"}, {"rfilename": "config.json"}, {"rfilename": "merges.txt"}, {"rfilename": "optimizer.pt"}, {"rfilename": "pytorch_model.bin"}, {"rfilename": "rng_state.pth"}, {"rfilename": "scheduler.pt"}, {"rfilename": "trainer_state.json"}, {"rfilename": "training_args.bin"}, {"rfilename": "vocab.json"}], "spaces": [], "createdAt": "2023-07-29T23:59:46.000Z", "inferenceStatus": "not-loaded"}