{"_id": "6655e83fc7ff1a0216d681b1", "id": "yaaserahr/mymodel", "modelId": "yaaserahr/mymodel", "author": "yaaserahr", "sha": "7e9594d06daabbd9efbb0701bb0675b855b18aa3", "lastModified": "2024-06-03T11:38:02.000Z", "private": false, "disabled": false, "gated": false, "tags": ["peft", "safetensors", "mistral", "arxiv:1910.09700", "base_model:unsloth/Phi-3-mini-4k-instruct-bnb-4bit", "4-bit", "bitsandbytes", "region:us"], "downloads": 3, "library_name": "peft", "likes": 0, "model-index": null, "config": {"architectures": ["MistralForCausalLM"], "model_type": "mistral", "quantization_config": {"load_in_4bit": true, "load_in_8bit": false, "quant_method": "bitsandbytes"}, "tokenizer_config": {"bos_token": "<s>", "chat_template": "{{ bos_token }}{% for message in messages %}{% if (message['role'] == 'user') %}{{'<|user|>' + '\n' + message['content'] + '<|end|>' + '\n' + '<|assistant|>' + '\n'}}{% elif (message['role'] == 'assistant') %}{{message['content'] + '<|end|>' + '\n'}}{% endif %}{% endfor %}", "eos_token": "<|endoftext|>", "pad_token": "<|placeholder6|>", "unk_token": "<unk>", "use_default_system_prompt": false}, "peft": {"base_model_name_or_path": "unsloth/Phi-3-mini-4k-instruct-bnb-4bit", "task_type": "CAUSAL_LM"}}, "cardData": {"library_name": "peft", "base_model": "unsloth/Phi-3-mini-4k-instruct-bnb-4bit"}, "siblings": [{"rfilename": ".gitattributes"}, {"rfilename": "README.md"}, {"rfilename": "adapter_config.json"}, {"rfilename": "adapter_model.safetensors"}, {"rfilename": "added_tokens.json"}, {"rfilename": "config.json"}, {"rfilename": "special_tokens_map.json"}, {"rfilename": "tokenizer.json"}, {"rfilename": "tokenizer.model"}, {"rfilename": "tokenizer_config.json"}], "spaces": [], "createdAt": "2024-05-28T14:20:47.000Z", "inferenceStatus": "not-loaded"}