{"_id": "65c871dca1bcb43917ca629c", "id": "yabglaos/11", "modelId": "yabglaos/11", "author": "yabglaos", "sha": "aea33ae25adf0d1c7f1263f5fa3b304bc171bc0f", "lastModified": "2024-02-11T07:06:04.000Z", "private": false, "disabled": false, "gated": false, "tags": ["license:apache-2.0", "region:us"], "downloads": 0, "likes": 0, "model-index": null, "cardData": {"license": "apache-2.0"}, "siblings": [{"rfilename": ".gitattributes"}, {"rfilename": "README.md"}], "spaces": [], "createdAt": "2024-02-11T07:06:04.000Z", "inferenceStatus": "not-loaded"}