{"_id": "663036732653ec94f49e114f", "id": "yabichiu/Breeze-7B-32k-Instruct-v1_0-GGUF", "modelId": "yabichiu/Breeze-7B-32k-Instruct-v1_0-GGUF", "author": "yabichiu", "sha": "73b56272cb742dc92e486c3ccdada4b8da8b9523", "lastModified": "2024-04-30T13:02:38.000Z", "private": false, "disabled": false, "gated": false, "tags": ["gguf", "arxiv:2403.02712", "region:us"], "downloads": 94, "likes": 0, "siblings": [{"rfilename": ".gitattributes"}, {"rfilename": "Breeze-7B-32k-Instruct-v1_0.f32.Q2_K.gguf"}, {"rfilename": "Breeze-7B-32k-Instruct-v1_0.f32.Q3_K.gguf"}, {"rfilename": "Breeze-7B-32k-Instruct-v1_0.f32.Q4_K.gguf"}, {"rfilename": "Breeze-7B-32k-Instruct-v1_0.f32.Q5_K.gguf"}, {"rfilename": "Breeze-7B-32k-Instruct-v1_0.f32.Q6_K.gguf"}, {"rfilename": "Breeze-7B-32k-Instruct-v1_0.f32.Q8_0.gguf"}, {"rfilename": "README.md"}], "spaces": [], "createdAt": "2024-04-30T00:08:19.000Z", "inferenceStatus": "not-loaded"}