{"_id": "668f792a14655c3f4827233f", "id": "yabichiu/codegeex4_9b-all_Ollama", "modelId": "yabichiu/codegeex4_9b-all_Ollama", "author": "yabichiu", "sha": "0041e8e462919b15506ee41742ab6b949dd21542", "lastModified": "2024-07-11T06:39:21.000Z", "private": false, "disabled": false, "gated": false, "tags": ["license:apache-2.0", "region:us"], "downloads": 0, "likes": 0, "model-index": null, "cardData": {"license": "apache-2.0"}, "siblings": [{"rfilename": ".gitattributes"}, {"rfilename": "OllamaSetup.0.2.1.00.7z"}, {"rfilename": "README.md"}, {"rfilename": "codegeex4_9b-all-q2_K"}, {"rfilename": "codegeex4_9b-all-q2_K.modelfile"}, {"rfilename": "codegeex4_9b-all-q3_K_M"}, {"rfilename": "codegeex4_9b-all-q3_K_M.modelfile"}, {"rfilename": "codegeex4_9b-all-q4_K_M"}, {"rfilename": "codegeex4_9b-all-q4_K_M.modelfile"}, {"rfilename": "codegeex4_9b-all-q5_K_M"}, {"rfilename": "codegeex4_9b-all-q5_K_M.modelfile"}, {"rfilename": "codegeex4_9b-all-q6_K"}, {"rfilename": "codegeex4_9b-all-q6_K.modelfile"}], "spaces": [], "createdAt": "2024-07-11T06:18:18.000Z", "inferenceStatus": "not-loaded"}