{"_id": "6678b9ac4b9f3c19e897f551", "id": "yabichiu/llava_13b-v1.6-vicuna-q4_K_M_Ollama", "modelId": "yabichiu/llava_13b-v1.6-vicuna-q4_K_M_Ollama", "author": "yabichiu", "sha": "0ffa0ce0de0b11812c4f49ffb5864247366aa939", "lastModified": "2024-06-24T00:18:54.000Z", "private": false, "disabled": false, "gated": false, "tags": ["license:apache-2.0", "region:us"], "downloads": 0, "likes": 0, "model-index": null, "cardData": {"license": "apache-2.0"}, "siblings": [{"rfilename": ".gitattributes"}, {"rfilename": "README.md"}, {"rfilename": "llava_13b-v1.6-vicuna-q4_K_M.modelfile"}, {"rfilename": "sha256-0b8c8265e78bb06fe8043c2e52228366d717428c8dba3dcd694d088c3d39cd0b"}, {"rfilename": "sha256-42037f9f4c1b801eebaec1545ed144b8b0fa8259672158fb69c8c68f02cfe00c"}], "spaces": [], "createdAt": "2024-06-24T00:11:24.000Z", "inferenceStatus": "not-loaded"}