{"_id": "6587bb48dda02636b0c51254", "id": "Yabo/SD15_LoRA", "modelId": "Yabo/SD15_LoRA", "author": "Yabo", "sha": "2dbde13508380739d45204a175705f61f16afe12", "lastModified": "2023-12-25T07:10:17.000Z", "private": false, "disabled": false, "gated": false, "tags": ["region:us"], "downloads": 0, "likes": 0, "siblings": [{"rfilename": ".gitattributes"}, {"rfilename": "epicrealism_naturalSinRC1VAE.safetensors"}, {"rfilename": "lyriel_v16.safetensors"}, {"rfilename": "meinamix_meinaV11.safetensors"}, {"rfilename": "rcnzCartoon3d_v20.safetensors"}, {"rfilename": "realisticVisionV60B1_v51VAE.safetensors"}, {"rfilename": "toonyou_beta6.safetensors"}], "spaces": [], "createdAt": "2023-12-24T05:02:00.000Z", "inferenceStatus": "not-loaded"}