{"_id": "6678875fbd6e32596fcd9dd0", "id": "YaBoyBigPat/roberta_trained_mlm", "modelId": "YaBoyBigPat/roberta_trained_mlm", "author": "YaBoyBigPat", "sha": "373aec742a882a2f8c7672769c2b60f0a2e71270", "lastModified": "2024-06-23T22:55:53.000Z", "private": false, "disabled": false, "gated": false, "pipeline_tag": "fill-mask", "tags": ["transformers", "safetensors", "roberta", "fill-mask", "generated_from_trainer", "dataset:eli5_category", "base_model:distilroberta-base", "license:apache-2.0", "autotrain_compatible", "endpoints_compatible", "region:us"], "downloads": 24, "library_name": "transformers", "mask_token": "<mask>", "widgetData": [{"text": "Paris is the <mask> of France."}, {"text": "The goal of life is <mask>."}], "likes": 0, "model-index": [{"name": "roberta_trained_mlm", "results": []}], "config": {"architectures": ["RobertaForMaskedLM"], "model_type": "roberta", "tokenizer_config": {"bos_token": "<s>", "cls_token": "<s>", "eos_token": "</s>", "mask_token": "<mask>", "pad_token": "</s>", "sep_token": "</s>", "unk_token": "<unk>"}}, "cardData": {"base_model": "distilroberta-base", "datasets": ["eli5_category"], "license": "apache-2.0", "tags": ["generated_from_trainer"], "model-index": [{"name": "roberta_trained_mlm", "results": []}]}, "transformersInfo": {"auto_model": "AutoModelForMaskedLM", "pipeline_tag": "fill-mask", "processor": "AutoTokenizer"}, "siblings": [{"rfilename": ".gitattributes"}, {"rfilename": "README.md"}, {"rfilename": "config.json"}, {"rfilename": "merges.txt"}, {"rfilename": "model.safetensors"}, {"rfilename": "special_tokens_map.json"}, {"rfilename": "tokenizer.json"}, {"rfilename": "tokenizer_config.json"}, {"rfilename": "training_args.bin"}, {"rfilename": "vocab.json"}], "spaces": [], "createdAt": "2024-06-23T20:36:47.000Z", "safetensors": {"parameters": {"F32": 82170201}, "total": 82170201}, "inferenceStatus": "not-loaded"}