{"_id": "6518233eea991a3229d1f381", "id": "yaboidimsum/resnet50_yaboi", "modelId": "yaboidimsum/resnet50_yaboi", "author": "yaboidimsum", "sha": "6229c0193bf5149dc6288481e1c5292f10d821ec", "lastModified": "2023-09-30T13:39:01.000Z", "private": false, "disabled": false, "gated": false, "tags": ["region:us"], "downloads": 0, "likes": 0, "siblings": [{"rfilename": ".gitattributes"}, {"rfilename": "resnet50_cifar10_classifier.pth"}], "spaces": [], "createdAt": "2023-09-30T13:31:42.000Z", "inferenceStatus": "not-loaded"}