{"_id": "6484c1df53b7a6bf04fe3946", "id": "yacahu/trained_sd_model", "modelId": "yacahu/trained_sd_model", "author": "yacahu", "sha": "3bd88acc675440daf67f41fc69c28394943f5b4e", "lastModified": "2023-06-26T13:36:05.000Z", "private": false, "disabled": false, "gated": false, "tags": ["region:us"], "downloads": 0, "likes": 0, "siblings": [{"rfilename": ".gitattributes"}, {"rfilename": "test/wangluyo-000001.safetensors"}, {"rfilename": "test/wangluyo-000002.safetensors"}, {"rfilename": "test/wangluyo-000003.safetensors"}, {"rfilename": "test/wangluyo-000004.safetensors"}, {"rfilename": "test/wangluyo-000005.safetensors"}, {"rfilename": "test/wangluyo-000006.safetensors"}, {"rfilename": "test/wangluyo-000007.safetensors"}, {"rfilename": "test/wangluyo-000008.safetensors"}, {"rfilename": "test/wangluyo-000009.safetensors"}, {"rfilename": "test/wangluyo.safetensors"}], "spaces": [], "createdAt": "2023-06-10T18:33:03.000Z", "inferenceStatus": "not-loaded"}