{"_id": "64f05fa5f3f6178dbc778c67", "id": "yacht/latte-mc-bert-base-chinese-ws", "modelId": "yacht/latte-mc-bert-base-chinese-ws", "author": "yacht", "sha": "7ce48ee11f651fd8948ac01dab3fb9f74658042e", "lastModified": "2023-09-10T16:09:39.000Z", "private": false, "disabled": false, "gated": false, "pipeline_tag": "token-classification", "tags": ["transformers", "pytorch", "bert", "feature-extraction", "word segmentation", "token-classification", "zh", "dataset:ctb6", "dataset:as", "dataset:cityu", "dataset:msra", "dataset:pku", "dataset:sxu", "dataset:cnc", "license:cc-by-sa-4.0", "endpoints_compatible", "region:us"], "downloads": 3, "library_name": "transformers", "mask_token": "[MASK]", "widgetData": [{"text": "\u6211\u53eb\u6c83\u5c14\u592b\u5188\uff0c\u6211\u4f4f\u5728\u67cf\u6797\u3002"}, {"text": "\u6211\u53eb\u8428\u62c9\uff0c\u6211\u4f4f\u5728\u4f26\u6566\u3002"}, {"text": "\u6211\u53eb\u514b\u62c9\u62c9\uff0c\u6211\u4f4f\u5728\u52a0\u5dde\u4f2f\u514b\u5229\u3002"}], "likes": 1, "model-index": null, "config": {"architectures": ["BertModel"], "model_type": "bert", "tokenizer_config": {"cls_token": "[CLS]", "mask_token": "[MASK]", "pad_token": "[PAD]", "sep_token": "[SEP]", "unk_token": "[UNK]"}}, "cardData": {"language": "zh", "license": "cc-by-sa-4.0", "tags": ["word segmentation"], "datasets": ["ctb6", "as", "cityu", "msra", "pku", "sxu", "cnc"], "pipeline_tag": "token-classification"}, "transformersInfo": {"auto_model": "AutoModel", "pipeline_tag": "feature-extraction", "processor": "AutoTokenizer"}, "siblings": [{"rfilename": ".gitattributes"}, {"rfilename": "README.md"}, {"rfilename": "added_tokens.json"}, {"rfilename": "config.json"}, {"rfilename": "pytorch_model.bin"}, {"rfilename": "special_tokens_map.json"}, {"rfilename": "tokenizer.json"}, {"rfilename": "tokenizer.pkl"}, {"rfilename": "tokenizer_config.json"}, {"rfilename": "vocab.txt"}], "spaces": [], "createdAt": "2023-08-31T09:38:45.000Z", "inferenceStatus": "not-loaded"}