{"_id": "63bdaa52084098273350a0a0", "id": "yachty66/bert-base-cased-finetuned-ner-jnlpba-strong-labelled", "modelId": "yachty66/bert-base-cased-finetuned-ner-jnlpba-strong-labelled", "author": "yachty66", "sha": "4ecd9199b748d0293e0ab7c52208393342f2ace7", "lastModified": "2023-01-10T18:11:30.000Z", "private": false, "disabled": false, "gated": false, "tags": ["region:us"], "downloads": 0, "likes": 0, "siblings": [{"rfilename": ".gitattributes"}], "spaces": [], "createdAt": "2023-01-10T18:11:30.000Z", "inferenceStatus": "not-loaded"}