{"_id": "63a874665f4ee13aba6d110d", "id": "yachty66/bert-base-cased-finetuned-ner-weak-labelled", "modelId": "yachty66/bert-base-cased-finetuned-ner-weak-labelled", "author": "yachty66", "sha": "fb5e97c80ea9410d816fe990da44055cb15b2f12", "lastModified": "2022-12-25T16:03:50.000Z", "private": false, "disabled": false, "gated": false, "tags": ["region:us"], "downloads": 0, "likes": 0, "siblings": [{"rfilename": ".gitattributes"}], "spaces": [], "createdAt": "2022-12-25T16:03:50.000Z", "inferenceStatus": "not-loaded"}