{"_id": "658cfe412da5b89fbc20ab60", "id": "Yach29/Yeison", "modelId": "Yach29/Yeison", "author": "Yach29", "sha": "ac38298ea3a66c025b56e014a6c8c3f8cecff832", "lastModified": "2023-12-28T04:49:05.000Z", "private": false, "disabled": false, "gated": false, "tags": ["license:mit", "region:us"], "downloads": 0, "likes": 0, "model-index": null, "cardData": {"license": "mit"}, "siblings": [{"rfilename": ".gitattributes"}, {"rfilename": "README.md"}], "spaces": [], "createdAt": "2023-12-28T04:49:05.000Z", "inferenceStatus": "not-loaded"}