{"_id": "64de2fefab37cde9a3e9a586", "id": "yacineai7/distilhubert-finetuned-gtzan", "modelId": "yacineai7/distilhubert-finetuned-gtzan", "author": "yacineai7", "sha": "7f62fb9fa048cfc7315c7cae67643ce2337e6a19", "lastModified": "2023-08-17T17:38:49.000Z", "private": false, "disabled": false, "gated": false, "pipeline_tag": "audio-classification", "tags": ["transformers", "pytorch", "tensorboard", "hubert", "audio-classification", "generated_from_trainer", "dataset:marsyas/gtzan", "base_model:ntu-spml/distilhubert", "license:apache-2.0", "model-index", "endpoints_compatible", "region:us"], "downloads": 2, "library_name": "transformers", "likes": 0, "model-index": [{"name": "distilhubert-finetuned-gtzan", "results": [{"task": {"name": "Audio Classification", "type": "audio-classification"}, "dataset": {"name": "GTZAN", "type": "marsyas/gtzan", "config": "all", "split": "train", "args": "all"}, "metrics": [{"name": "Accuracy", "type": "accuracy", "value": 0.84, "verified": false}]}]}], "config": {"architectures": ["HubertForSequenceClassification"], "model_type": "hubert"}, "cardData": {"license": "apache-2.0", "base_model": "ntu-spml/distilhubert", "tags": ["generated_from_trainer"], "datasets": ["marsyas/gtzan"], "metrics": ["accuracy"], "model-index": [{"name": "distilhubert-finetuned-gtzan", "results": [{"task": {"name": "Audio Classification", "type": "audio-classification"}, "dataset": {"name": "GTZAN", "type": "marsyas/gtzan", "config": "all", "split": "train", "args": "all"}, "metrics": [{"name": "Accuracy", "type": "accuracy", "value": 0.84, "verified": false}]}]}]}, "transformersInfo": {"auto_model": "AutoModelForAudioClassification", "pipeline_tag": "audio-classification", "processor": "AutoProcessor"}, "siblings": [{"rfilename": ".gitattributes"}, {"rfilename": ".gitignore"}, {"rfilename": "README.md"}, {"rfilename": "config.json"}, {"rfilename": "preprocessor_config.json"}, {"rfilename": "pytorch_model.bin"}, {"rfilename": "runs/Aug17_15-16-17_888dd0234b97/events.out.tfevents.1692285410.888dd0234b97.288.0"}, {"rfilename": "runs/Aug17_15-29-46_888dd0234b97/events.out.tfevents.1692286194.888dd0234b97.288.1"}, {"rfilename": "runs/Aug17_15-30-25_888dd0234b97/events.out.tfevents.1692286233.888dd0234b97.288.2"}, {"rfilename": "runs/Aug17_15-30-25_888dd0234b97/events.out.tfevents.1692286351.888dd0234b97.288.3"}, {"rfilename": "runs/Aug17_15-34-45_888dd0234b97/events.out.tfevents.1692286491.888dd0234b97.5650.0"}, {"rfilename": "runs/Aug17_15-44-35_888dd0234b97/events.out.tfevents.1692287083.888dd0234b97.8351.0"}, {"rfilename": "runs/Aug17_15-48-01_888dd0234b97/events.out.tfevents.1692287288.888dd0234b97.9392.0"}, {"rfilename": "runs/Aug17_17-17-31_888dd0234b97/events.out.tfevents.1692292674.888dd0234b97.33195.0"}, {"rfilename": "training_args.bin"}], "spaces": [], "createdAt": "2023-08-17T14:34:23.000Z", "inferenceStatus": "not-loaded"}