{"_id": "64b65135e74ed5b96e3281ad", "id": "yacine-djm/fg-bert-sustainability-15-2.4e-05-0.02-64", "modelId": "yacine-djm/fg-bert-sustainability-15-2.4e-05-0.02-64", "author": "yacine-djm", "sha": "9bcc80ca33750da67eb4fb006582ea9f948e087e", "lastModified": "2023-07-18T09:32:52.000Z", "private": false, "disabled": false, "gated": false, "pipeline_tag": "text-classification", "tags": ["transformers", "pytorch", "tensorboard", "xlm-roberta", "text-classification", "generated_from_trainer", "license:mit", "autotrain_compatible", "endpoints_compatible", "region:us"], "downloads": 4, "library_name": "transformers", "mask_token": "<mask>", "widgetData": [{"text": "I like you. I love you"}], "likes": 0, "model-index": [{"name": "fg-bert-sustainability-15-2.4e-05-0.02-64", "results": []}], "config": {"architectures": ["XLMRobertaForSequenceClassification"], "model_type": "xlm-roberta", "tokenizer_config": {"bos_token": "<s>", "cls_token": "<s>", "eos_token": "</s>", "mask_token": {"__type": "AddedToken", "content": "<mask>", "lstrip": true, "normalized": true, "rstrip": false, "single_word": false}, "pad_token": "<pad>", "sep_token": "</s>", "unk_token": "<unk>"}}, "cardData": {"license": "mit", "tags": ["generated_from_trainer"], "metrics": ["f1", "accuracy"], "model-index": [{"name": "fg-bert-sustainability-15-2.4e-05-0.02-64", "results": []}]}, "transformersInfo": {"auto_model": "AutoModelForSequenceClassification", "pipeline_tag": "text-classification", "processor": "AutoTokenizer"}, "siblings": [{"rfilename": ".gitattributes"}, {"rfilename": ".gitignore"}, {"rfilename": "README.md"}, {"rfilename": "config.json"}, {"rfilename": "pytorch_model.bin"}, {"rfilename": "runs/Jul18_08-45-33_437d87666481/events.out.tfevents.1689669946.437d87666481.1050.0"}, {"rfilename": "special_tokens_map.json"}, {"rfilename": "tokenizer.json"}, {"rfilename": "tokenizer_config.json"}, {"rfilename": "training_args.bin"}], "spaces": [], "createdAt": "2023-07-18T08:45:41.000Z", "inferenceStatus": "not-loaded"}