{"_id": "64b7a2f575b23e68c5445da1", "id": "yacine-djm/fg-bert-sustainability-2e-5-0.01-32-20_augmented_60_percent_empty", "modelId": "yacine-djm/fg-bert-sustainability-2e-5-0.01-32-20_augmented_60_percent_empty", "author": "yacine-djm", "sha": "27fac41312bb9096d5177425f3996882b8df223d", "lastModified": "2023-07-19T09:43:05.000Z", "private": false, "disabled": false, "gated": false, "pipeline_tag": "text-classification", "tags": ["transformers", "pytorch", "tensorboard", "xlm-roberta", "text-classification", "generated_from_trainer", "license:mit", "autotrain_compatible", "endpoints_compatible", "region:us"], "downloads": 4, "library_name": "transformers", "mask_token": "<mask>", "widgetData": [{"text": "I like you. I love you"}], "likes": 0, "model-index": [{"name": "fg-bert-sustainability-2e-5-0.01-32-20_augmented_60_percent_empty", "results": []}], "config": {"architectures": ["XLMRobertaForSequenceClassification"], "model_type": "xlm-roberta", "tokenizer_config": {"bos_token": "<s>", "cls_token": "<s>", "eos_token": "</s>", "mask_token": {"__type": "AddedToken", "content": "<mask>", "lstrip": true, "normalized": true, "rstrip": false, "single_word": false}, "pad_token": "<pad>", "sep_token": "</s>", "unk_token": "<unk>"}}, "cardData": {"license": "mit", "tags": ["generated_from_trainer"], "metrics": ["f1", "accuracy"], "model-index": [{"name": "fg-bert-sustainability-2e-5-0.01-32-20_augmented_60_percent_empty", "results": []}]}, "transformersInfo": {"auto_model": "AutoModelForSequenceClassification", "pipeline_tag": "text-classification", "processor": "AutoTokenizer"}, "siblings": [{"rfilename": ".gitattributes"}, {"rfilename": ".gitignore"}, {"rfilename": "README.md"}, {"rfilename": "config.json"}, {"rfilename": "pytorch_model.bin"}, {"rfilename": "runs/Jul19_08-46-18_09a08159c1b2/events.out.tfevents.1689756431.09a08159c1b2.128.0"}, {"rfilename": "special_tokens_map.json"}, {"rfilename": "tokenizer.json"}, {"rfilename": "tokenizer_config.json"}, {"rfilename": "training_args.bin"}], "spaces": [], "createdAt": "2023-07-19T08:46:45.000Z", "inferenceStatus": "not-loaded"}