{"_id": "6495b1dc17320da38c1895a2", "id": "yacine-djm/binary_v4", "modelId": "yacine-djm/binary_v4", "author": "yacine-djm", "sha": "1015361468473395b408356079bfa7d957d5c95b", "lastModified": "2023-06-26T14:13:40.000Z", "private": false, "disabled": false, "gated": false, "pipeline_tag": "text-classification", "tags": ["transformers", "pytorch", "tensorboard", "safetensors", "xlm-roberta", "text-classification", "autotrain_compatible", "endpoints_compatible", "region:us"], "downloads": 4, "library_name": "transformers", "mask_token": "<mask>", "widgetData": [{"text": "I like you. I love you"}], "likes": 0, "config": {"architectures": ["XLMRobertaForSequenceClassification"], "model_type": "xlm-roberta", "tokenizer_config": {"bos_token": "<s>", "cls_token": "<s>", "eos_token": "</s>", "mask_token": {"__type": "AddedToken", "content": "<mask>", "lstrip": true, "normalized": true, "rstrip": false, "single_word": false}, "pad_token": "<pad>", "sep_token": "</s>", "unk_token": "<unk>"}}, "transformersInfo": {"auto_model": "AutoModelForSequenceClassification", "pipeline_tag": "text-classification", "processor": "AutoTokenizer"}, "siblings": [{"rfilename": ".gitattributes"}, {"rfilename": ".gitignore"}, {"rfilename": "config.json"}, {"rfilename": "model.safetensors"}, {"rfilename": "pytorch_model.bin"}, {"rfilename": "runs/Jun23_14-53-11_ecb192ac6690/1687532042.3077397/events.out.tfevents.1687532042.ecb192ac6690.23.1"}, {"rfilename": "runs/Jun23_14-53-11_ecb192ac6690/events.out.tfevents.1687532042.ecb192ac6690.23.0"}, {"rfilename": "runs/Jun26_08-05-04_1083a2af6413/1687767266.0634673/events.out.tfevents.1687767266.1083a2af6413.23.1"}, {"rfilename": "runs/Jun26_08-05-04_1083a2af6413/events.out.tfevents.1687767266.1083a2af6413.23.0"}, {"rfilename": "special_tokens_map.json"}, {"rfilename": "tokenizer.json"}, {"rfilename": "tokenizer_config.json"}, {"rfilename": "training_args.bin"}], "spaces": [], "createdAt": "2023-06-23T14:53:16.000Z", "safetensors": {"parameters": {"I64": 514, "F32": 278045186}, "total": 278045700}, "inferenceStatus": "not-loaded"}