{"_id": "64412e82006550f1ed6aea23", "id": "yacine-djm/my_awesome_model", "modelId": "yacine-djm/my_awesome_model", "author": "yacine-djm", "sha": "2d05f491912a85e37b955f49f77121b362af85f3", "lastModified": "2023-04-20T13:40:13.000Z", "private": false, "disabled": false, "gated": false, "pipeline_tag": "text-classification", "tags": ["transformers", "pytorch", "tensorboard", "xlm-roberta", "text-classification", "autotrain_compatible", "endpoints_compatible", "region:us"], "downloads": 2, "library_name": "transformers", "mask_token": "<mask>", "widgetData": [{"text": "I like you. I love you"}], "likes": 0, "config": {"architectures": ["XLMRobertaForSequenceClassification"], "model_type": "xlm-roberta", "tokenizer_config": {"bos_token": "<s>", "cls_token": "<s>", "eos_token": "</s>", "mask_token": {"__type": "AddedToken", "content": "<mask>", "lstrip": true, "normalized": true, "rstrip": false, "single_word": false}, "pad_token": "<pad>", "sep_token": "</s>", "unk_token": "<unk>"}}, "transformersInfo": {"auto_model": "AutoModelForSequenceClassification", "pipeline_tag": "text-classification", "processor": "AutoTokenizer"}, "siblings": [{"rfilename": ".gitattributes"}, {"rfilename": ".gitignore"}, {"rfilename": "config.json"}, {"rfilename": "pytorch_model.bin"}, {"rfilename": "runs/Apr20_12-41-49_d2fb533626dc/1681994522.3977811/events.out.tfevents.1681994522.d2fb533626dc.23.1"}, {"rfilename": "runs/Apr20_12-41-49_d2fb533626dc/events.out.tfevents.1681994522.d2fb533626dc.23.0"}, {"rfilename": "runs/Apr20_12-45-01_d2fb533626dc/1681994708.382401/events.out.tfevents.1681994708.d2fb533626dc.23.3"}, {"rfilename": "runs/Apr20_12-45-01_d2fb533626dc/events.out.tfevents.1681994708.d2fb533626dc.23.2"}, {"rfilename": "runs/Apr20_12-50-49_d2fb533626dc/1681995061.0116754/events.out.tfevents.1681995061.d2fb533626dc.23.5"}, {"rfilename": "runs/Apr20_12-50-49_d2fb533626dc/events.out.tfevents.1681995061.d2fb533626dc.23.4"}, {"rfilename": "runs/Apr20_13-06-11_846cdbd58671/1681996360.265093/events.out.tfevents.1681996360.846cdbd58671.23.1"}, {"rfilename": "runs/Apr20_13-06-11_846cdbd58671/events.out.tfevents.1681996360.846cdbd58671.23.0"}, {"rfilename": "runs/Apr20_13-24-00_f86faf995a73/1681997438.1121137/events.out.tfevents.1681997438.f86faf995a73.23.1"}, {"rfilename": "runs/Apr20_13-24-00_f86faf995a73/events.out.tfevents.1681997438.f86faf995a73.23.0"}, {"rfilename": "special_tokens_map.json"}, {"rfilename": "tokenizer.json"}, {"rfilename": "tokenizer_config.json"}, {"rfilename": "training_args.bin"}], "spaces": [], "createdAt": "2023-04-20T12:22:26.000Z", "inferenceStatus": "not-loaded"}