{"_id": "64b5141d689a9a230174a4d2", "id": "yacine-djm/fg-bert-sustainability-15-1e-05-0.02-64", "modelId": "yacine-djm/fg-bert-sustainability-15-1e-05-0.02-64", "author": "yacine-djm", "sha": "6cb2b03da9b3c2f0965a598ce1793a823d273e0d", "lastModified": "2023-07-17T11:02:52.000Z", "private": false, "disabled": false, "gated": false, "pipeline_tag": "text-classification", "tags": ["transformers", "pytorch", "tensorboard", "xlm-roberta", "text-classification", "generated_from_trainer", "license:mit", "autotrain_compatible", "endpoints_compatible", "region:us"], "downloads": 4, "library_name": "transformers", "mask_token": "<mask>", "widgetData": [{"text": "I like you. I love you"}], "likes": 0, "model-index": [{"name": "fg-bert-sustainability-15-1e-05-0.02-64", "results": []}], "config": {"architectures": ["XLMRobertaForSequenceClassification"], "model_type": "xlm-roberta", "tokenizer_config": {"bos_token": "<s>", "cls_token": "<s>", "eos_token": "</s>", "mask_token": {"__type": "AddedToken", "content": "<mask>", "lstrip": true, "normalized": true, "rstrip": false, "single_word": false}, "pad_token": "<pad>", "sep_token": "</s>", "unk_token": "<unk>"}}, "cardData": {"license": "mit", "tags": ["generated_from_trainer"], "metrics": ["f1", "accuracy"], "model-index": [{"name": "fg-bert-sustainability-15-1e-05-0.02-64", "results": []}]}, "transformersInfo": {"auto_model": "AutoModelForSequenceClassification", "pipeline_tag": "text-classification", "processor": "AutoTokenizer"}, "siblings": [{"rfilename": ".gitattributes"}, {"rfilename": ".gitignore"}, {"rfilename": "README.md"}, {"rfilename": "config.json"}, {"rfilename": "pytorch_model.bin"}, {"rfilename": "runs/Jul17_10-12-39_4f59bf1bc19a/events.out.tfevents.1689588770.4f59bf1bc19a.286.0"}, {"rfilename": "special_tokens_map.json"}, {"rfilename": "tokenizer.json"}, {"rfilename": "tokenizer_config.json"}, {"rfilename": "training_args.bin"}], "spaces": [], "createdAt": "2023-07-17T10:12:45.000Z", "inferenceStatus": "not-loaded"}