{"_id": "64b52f0ef44fd95749398bc3", "id": "yacine-djm/fg-bert-sustainability-15-2.5e-05-0.02-64", "modelId": "yacine-djm/fg-bert-sustainability-15-2.5e-05-0.02-64", "author": "yacine-djm", "sha": "4a097e28063d6241ff8f0c5721cad08bd3cb0b1a", "lastModified": "2023-07-17T12:48:34.000Z", "private": false, "disabled": false, "gated": false, "pipeline_tag": "text-classification", "tags": ["transformers", "pytorch", "tensorboard", "xlm-roberta", "text-classification", "autotrain_compatible", "endpoints_compatible", "region:us"], "downloads": 3, "library_name": "transformers", "mask_token": "<mask>", "widgetData": [{"text": "I like you. I love you"}], "likes": 0, "config": {"architectures": ["XLMRobertaForSequenceClassification"], "model_type": "xlm-roberta", "tokenizer_config": {"bos_token": "<s>", "cls_token": "<s>", "eos_token": "</s>", "mask_token": {"__type": "AddedToken", "content": "<mask>", "lstrip": true, "normalized": true, "rstrip": false, "single_word": false}, "pad_token": "<pad>", "sep_token": "</s>", "unk_token": "<unk>"}}, "transformersInfo": {"auto_model": "AutoModelForSequenceClassification", "pipeline_tag": "text-classification", "processor": "AutoTokenizer"}, "siblings": [{"rfilename": ".gitattributes"}, {"rfilename": ".gitignore"}, {"rfilename": "config.json"}, {"rfilename": "pytorch_model.bin"}, {"rfilename": "runs/Jul17_12-07-33_4b64b38cd4ee/events.out.tfevents.1689595668.4b64b38cd4ee.365.0"}, {"rfilename": "special_tokens_map.json"}, {"rfilename": "tokenizer.json"}, {"rfilename": "tokenizer_config.json"}, {"rfilename": "training_args.bin"}], "spaces": [], "createdAt": "2023-07-17T12:07:42.000Z", "inferenceStatus": "not-loaded"}