{"_id": "644153b54c2acf3398a51ce9", "id": "yacine-djm/my_awesome_model_v2", "modelId": "yacine-djm/my_awesome_model_v2", "author": "yacine-djm", "sha": "53ad57505025741483f49496c87e7be9221270ed", "lastModified": "2023-04-20T15:07:06.000Z", "private": false, "disabled": false, "gated": false, "pipeline_tag": "text-classification", "tags": ["transformers", "pytorch", "tensorboard", "xlm-roberta", "text-classification", "autotrain_compatible", "endpoints_compatible", "region:us"], "downloads": 2, "library_name": "transformers", "mask_token": "<mask>", "widgetData": [{"text": "I like you. I love you"}], "likes": 0, "config": {"architectures": ["XLMRobertaForSequenceClassification"], "model_type": "xlm-roberta", "tokenizer_config": {"bos_token": "<s>", "cls_token": "<s>", "eos_token": "</s>", "mask_token": {"__type": "AddedToken", "content": "<mask>", "lstrip": true, "normalized": true, "rstrip": false, "single_word": false}, "pad_token": "<pad>", "sep_token": "</s>", "unk_token": "<unk>"}}, "transformersInfo": {"auto_model": "AutoModelForSequenceClassification", "pipeline_tag": "text-classification", "processor": "AutoTokenizer"}, "siblings": [{"rfilename": ".gitattributes"}, {"rfilename": ".gitignore"}, {"rfilename": "config.json"}, {"rfilename": "pytorch_model.bin"}, {"rfilename": "runs/Apr20_15-01-03_0293b29bb536/1682002899.1383002/events.out.tfevents.1682002899.0293b29bb536.23.1"}, {"rfilename": "runs/Apr20_15-01-03_0293b29bb536/events.out.tfevents.1682002899.0293b29bb536.23.0"}, {"rfilename": "special_tokens_map.json"}, {"rfilename": "tokenizer.json"}, {"rfilename": "tokenizer_config.json"}, {"rfilename": "training_args.bin"}], "spaces": [], "createdAt": "2023-04-20T15:01:09.000Z", "inferenceStatus": "not-loaded"}