{"_id": "64d0602e4a204a4d122c5181", "id": "Yacong/lora-gsx-xl", "modelId": "Yacong/lora-gsx-xl", "author": "Yacong", "sha": "8293446639bdb79f9f11849c22b50e8ecdda230d", "lastModified": "2023-08-07T07:51:09.000Z", "private": false, "disabled": false, "gated": false, "pipeline_tag": "text-to-image", "tags": ["diffusers", "stable-diffusion-xl", "stable-diffusion-xl-diffusers", "text-to-image", "lora", "base_model:stabilityai/stable-diffusion-xl-base-1.0", "license:openrail++", "region:us"], "downloads": 18, "library_name": "diffusers", "likes": 1, "model-index": null, "cardData": {"license": "openrail++", "base_model": "stabilityai/stable-diffusion-xl-base-1.0", "instance_prompt": "a photo of gsx girl", "tags": ["stable-diffusion-xl", "stable-diffusion-xl-diffusers", "text-to-image", "diffusers", "lora"], "inference": true}, "siblings": [{"rfilename": ".gitattributes"}, {"rfilename": "README.md"}, {"rfilename": "checkpoint-500/optimizer.bin"}, {"rfilename": "checkpoint-500/pytorch_lora_weights.bin"}, {"rfilename": "checkpoint-500/random_states_0.pkl"}, {"rfilename": "checkpoint-500/scaler.pt"}, {"rfilename": "checkpoint-500/scheduler.bin"}, {"rfilename": "image_0.png"}, {"rfilename": "image_1.png"}, {"rfilename": "image_2.png"}, {"rfilename": "image_3.png"}, {"rfilename": "pytorch_lora_weights.bin"}], "spaces": ["allknowingroger/Image-Models-Test27"], "createdAt": "2023-08-07T03:08:30.000Z", "inferenceStatus": "not-loaded"}