{"_id": "6501382a051fae19fc6a6c1d", "id": "Yacong/yamaha-lora-trained-xl", "modelId": "Yacong/yamaha-lora-trained-xl", "author": "Yacong", "sha": "c7a69a1d33d5077c5198dda7f64e6aa0b13ef21d", "lastModified": "2023-09-13T05:18:48.000Z", "private": false, "disabled": false, "gated": false, "pipeline_tag": "text-to-image", "tags": ["diffusers", "stable-diffusion-xl", "stable-diffusion-xl-diffusers", "text-to-image", "lora", "base_model:stabilityai/stable-diffusion-xl-base-1.0", "license:openrail++", "region:us"], "downloads": 13, "library_name": "diffusers", "likes": 1, "model-index": null, "cardData": {"license": "openrail++", "base_model": "stabilityai/stable-diffusion-xl-base-1.0", "instance_prompt": "a photo of hstymh digital piano", "tags": ["stable-diffusion-xl", "stable-diffusion-xl-diffusers", "text-to-image", "diffusers", "lora"], "inference": true}, "siblings": [{"rfilename": ".gitattributes"}, {"rfilename": "README.md"}, {"rfilename": "checkpoint-500/optimizer.bin"}, {"rfilename": "checkpoint-500/pytorch_lora_weights.bin"}, {"rfilename": "checkpoint-500/random_states_0.pkl"}, {"rfilename": "checkpoint-500/scaler.pt"}, {"rfilename": "checkpoint-500/scheduler.bin"}, {"rfilename": "image_0.png"}, {"rfilename": "image_1.png"}, {"rfilename": "image_2.png"}, {"rfilename": "image_3.png"}, {"rfilename": "pytorch_lora_weights.bin"}], "spaces": [], "createdAt": "2023-09-13T04:18:50.000Z", "inferenceStatus": "not-loaded"}