{"_id": "64cfb7bbe8df1f66dd79bb31", "id": "Yacong/my_dreambooth_out_dir", "modelId": "Yacong/my_dreambooth_out_dir", "author": "Yacong", "sha": "abfd3dac09d53d03a0c557709264524a811c8bcb", "lastModified": "2023-08-07T00:23:49.000Z", "private": false, "disabled": false, "gated": false, "pipeline_tag": "text-to-image", "tags": ["diffusers", "tensorboard", "stable-diffusion", "stable-diffusion-diffusers", "text-to-image", "dreambooth", "base_model:stabilityai/stable-diffusion-2", "license:creativeml-openrail-m", "autotrain_compatible", "endpoints_compatible", "diffusers:StableDiffusionPipeline", "region:us"], "downloads": 0, "library_name": "diffusers", "likes": 0, "model-index": null, "config": {"diffusers": {"_class_name": "StableDiffusionPipeline"}}, "cardData": {"license": "creativeml-openrail-m", "base_model": "stabilityai/stable-diffusion-2", "instance_prompt": "a photo of sks dog", "tags": ["stable-diffusion", "stable-diffusion-diffusers", "text-to-image", "diffusers", "dreambooth"], "inference": true}, "siblings": [{"rfilename": ".gitattributes"}, {"rfilename": "README.md"}, {"rfilename": "checkpoint-500/optimizer.bin"}, {"rfilename": "checkpoint-500/random_states_0.pkl"}, {"rfilename": "checkpoint-500/scheduler.bin"}, {"rfilename": "checkpoint-500/unet/config.json"}, {"rfilename": "checkpoint-500/unet/diffusion_pytorch_model.bin"}, {"rfilename": "feature_extractor/preprocessor_config.json"}, {"rfilename": "logs/dreambooth/1691334595.4086812/events.out.tfevents.1691334595.DESKTOP-QNVT4IJ.256737.1"}, {"rfilename": "logs/dreambooth/1691334595.4266348/hparams.yml"}, {"rfilename": "logs/dreambooth/1691334869.7514734/events.out.tfevents.1691334869.DESKTOP-QNVT4IJ.268392.1"}, {"rfilename": "logs/dreambooth/1691334869.7705326/hparams.yml"}, {"rfilename": "logs/dreambooth/1691335085.2478547/events.out.tfevents.1691335085.DESKTOP-QNVT4IJ.269085.1"}, {"rfilename": "logs/dreambooth/1691335085.267748/hparams.yml"}, {"rfilename": "logs/dreambooth/events.out.tfevents.1691334595.DESKTOP-QNVT4IJ.256737.0"}, {"rfilename": "logs/dreambooth/events.out.tfevents.1691334869.DESKTOP-QNVT4IJ.268392.0"}, {"rfilename": "logs/dreambooth/events.out.tfevents.1691335085.DESKTOP-QNVT4IJ.269085.0"}, {"rfilename": "model_index.json"}, {"rfilename": "scheduler/scheduler_config.json"}, {"rfilename": "text_encoder/config.json"}, {"rfilename": "text_encoder/pytorch_model.bin"}, {"rfilename": "tokenizer/merges.txt"}, {"rfilename": "tokenizer/special_tokens_map.json"}, {"rfilename": "tokenizer/tokenizer_config.json"}, {"rfilename": "tokenizer/vocab.json"}, {"rfilename": "unet/config.json"}, {"rfilename": "unet/diffusion_pytorch_model.bin"}, {"rfilename": "vae/config.json"}, {"rfilename": "vae/diffusion_pytorch_model.bin"}], "spaces": [], "createdAt": "2023-08-06T15:09:47.000Z", "inferenceStatus": "not-loaded"}