{"_id": "64cce19fec160b67caae2925", "id": "Yacong/ddpm-butterflies-128", "modelId": "Yacong/ddpm-butterflies-128", "author": "Yacong", "sha": "0e78c92554c23d14827c003fd7c4e7cf3a3e2b97", "lastModified": "2023-08-04T12:37:10.000Z", "private": false, "disabled": false, "gated": false, "tags": ["tensorboard", "region:us"], "downloads": 0, "likes": 0, "siblings": [{"rfilename": ".gitattributes"}, {"rfilename": "logs/train_example/events.out.tfevents.1691148713.DESKTOP-QNVT4IJ.21048.0"}, {"rfilename": "logs/train_example/events.out.tfevents.1691150591.DESKTOP-QNVT4IJ.19328.0"}, {"rfilename": "logs/train_example/events.out.tfevents.1691151487.DESKTOP-QNVT4IJ.19328.1"}, {"rfilename": "samples/0009.png"}, {"rfilename": "samples/0019.png"}, {"rfilename": "samples/0029.png"}, {"rfilename": "samples/0039.png"}, {"rfilename": "samples/0049.png"}], "spaces": [], "createdAt": "2023-08-04T11:31:43.000Z", "inferenceStatus": "not-loaded"}