{"_id": "64fe97fc6da6fe9a6cf89be9", "id": "Yacong/cloth1-lora-trained-xl", "modelId": "Yacong/cloth1-lora-trained-xl", "author": "Yacong", "sha": "b4324d3298ecf2ef4d76fafa18f29771484a9103", "lastModified": "2023-09-11T05:07:21.000Z", "private": false, "disabled": false, "gated": false, "pipeline_tag": "text-to-image", "tags": ["diffusers", "stable-diffusion-xl", "stable-diffusion-xl-diffusers", "text-to-image", "lora", "base_model:stabilityai/stable-diffusion-xl-base-1.0", "license:openrail++", "region:us"], "downloads": 83, "library_name": "diffusers", "likes": 2, "model-index": null, "cardData": {"license": "openrail++", "base_model": "stabilityai/stable-diffusion-xl-base-1.0", "instance_prompt": "a photo of akhst shirt", "tags": ["stable-diffusion-xl", "stable-diffusion-xl-diffusers", "text-to-image", "diffusers", "lora"], "inference": true}, "siblings": [{"rfilename": ".gitattributes"}, {"rfilename": "README.md"}, {"rfilename": "checkpoint-500/optimizer.bin"}, {"rfilename": "checkpoint-500/pytorch_lora_weights.bin"}, {"rfilename": "checkpoint-500/random_states_0.pkl"}, {"rfilename": "checkpoint-500/scaler.pt"}, {"rfilename": "checkpoint-500/scheduler.bin"}, {"rfilename": "image_0.png"}, {"rfilename": "image_1.png"}, {"rfilename": "image_2.png"}, {"rfilename": "image_3.png"}, {"rfilename": "pytorch_lora_weights.bin"}], "spaces": ["allknowingroger/Image-Models-Test133"], "createdAt": "2023-09-11T04:30:52.000Z", "inferenceStatus": "not-loaded"}