{"_id": "651d62cf2070dbc117f7281c", "id": "Yacong/ru-lora-trained-xl", "modelId": "Yacong/ru-lora-trained-xl", "author": "Yacong", "sha": "2081c0d73e29ba015057abf3af59325490ba38b7", "lastModified": "2023-10-04T13:38:11.000Z", "private": false, "disabled": false, "gated": false, "pipeline_tag": "text-to-image", "tags": ["diffusers", "stable-diffusion-xl", "stable-diffusion-xl-diffusers", "text-to-image", "lora", "base_model:stabilityai/stable-diffusion-xl-base-1.0", "license:openrail++", "region:us"], "downloads": 14, "library_name": "diffusers", "likes": 1, "model-index": null, "cardData": {"license": "openrail++", "base_model": "stabilityai/stable-diffusion-xl-base-1.0", "instance_prompt": "a photo of ru doll", "tags": ["stable-diffusion-xl", "stable-diffusion-xl-diffusers", "text-to-image", "diffusers", "lora"], "inference": true}, "siblings": [{"rfilename": ".gitattributes"}, {"rfilename": "README.md"}, {"rfilename": "checkpoint-500/optimizer.bin"}, {"rfilename": "checkpoint-500/pytorch_lora_weights.bin"}, {"rfilename": "checkpoint-500/random_states_0.pkl"}, {"rfilename": "checkpoint-500/scaler.pt"}, {"rfilename": "checkpoint-500/scheduler.bin"}, {"rfilename": "image_0.png"}, {"rfilename": "image_1.png"}, {"rfilename": "image_2.png"}, {"rfilename": "image_3.png"}, {"rfilename": "pytorch_lora_weights.bin"}], "spaces": ["allknowingroger/Image-Models-Test85"], "createdAt": "2023-10-04T13:04:15.000Z", "inferenceStatus": "not-loaded"}