{"_id": "6666cfbbf6aef6af99b2cd71", "id": "yadavom/layoutlm-funsd", "modelId": "yadavom/layoutlm-funsd", "author": "yadavom", "sha": "cd6b4c776d0c37a9caac708ea45d355113fda238", "lastModified": "2024-06-10T10:10:27.000Z", "private": false, "disabled": false, "gated": false, "pipeline_tag": "token-classification", "tags": ["transformers", "tensorboard", "safetensors", "layoutlm", "token-classification", "generated_from_trainer", "dataset:funsd", "base_model:microsoft/layoutlm-base-uncased", "license:mit", "autotrain_compatible", "endpoints_compatible", "region:us"], "downloads": 6, "library_name": "transformers", "widgetData": [{"text": "My name is Wolfgang and I live in Berlin"}, {"text": "My name is Sarah and I live in London"}, {"text": "My name is Clara and I live in Berkeley, California."}], "likes": 0, "model-index": [{"name": "layoutlm-funsd", "results": []}], "config": {"architectures": ["LayoutLMForTokenClassification"], "model_type": "layoutlm", "tokenizer_config": {"cls_token": "[CLS]", "mask_token": "[MASK]", "pad_token": "[PAD]", "sep_token": "[SEP]", "unk_token": "[UNK]"}}, "cardData": {"license": "mit", "base_model": "microsoft/layoutlm-base-uncased", "tags": ["generated_from_trainer"], "datasets": ["funsd"], "model-index": [{"name": "layoutlm-funsd", "results": []}]}, "transformersInfo": {"auto_model": "AutoModelForTokenClassification", "pipeline_tag": "token-classification", "processor": "AutoTokenizer"}, "siblings": [{"rfilename": ".gitattributes"}, {"rfilename": "README.md"}, {"rfilename": "config.json"}, {"rfilename": "logs/events.out.tfevents.1718013889.4a153d784002.1470.0"}, {"rfilename": "model.safetensors"}, {"rfilename": "preprocessor_config.json"}, {"rfilename": "special_tokens_map.json"}, {"rfilename": "tokenizer.json"}, {"rfilename": "tokenizer_config.json"}, {"rfilename": "training_args.bin"}, {"rfilename": "vocab.txt"}], "spaces": [], "createdAt": "2024-06-10T10:04:43.000Z", "safetensors": {"parameters": {"F32": 112633351}, "total": 112633351}, "inferenceStatus": "not-loaded"}