{"_id": "66445e27044a16758a34a51e", "id": "yadagiriannepaka/Roberta_MODELGYANDEEP5.pth", "modelId": "yadagiriannepaka/Roberta_MODELGYANDEEP5.pth", "author": "yadagiriannepaka", "sha": "a6256695b04a7b73ae21f029feb2cd26b7135f26", "lastModified": "2024-05-15T07:03:59.000Z", "private": false, "disabled": false, "gated": false, "pipeline_tag": "feature-extraction", "tags": ["transformers", "pytorch", "roberta", "feature-extraction", "text-embeddings-inference", "endpoints_compatible", "region:us"], "downloads": 3, "library_name": "transformers", "mask_token": "<mask>", "likes": 0, "config": {"architectures": ["RobertaModel"], "model_type": "roberta"}, "transformersInfo": {"auto_model": "AutoModel", "pipeline_tag": "feature-extraction", "processor": "AutoTokenizer"}, "siblings": [{"rfilename": ".gitattributes"}, {"rfilename": "config.json"}, {"rfilename": "pytorch_model.bin"}], "spaces": [], "createdAt": "2024-05-15T07:03:03.000Z", "inferenceStatus": "not-loaded"}