{"_id": "66443ca3dcd37cbbc5c4aaa0", "id": "yadagiriannepaka/Roberta_MODELGYANDEEP.pth", "modelId": "yadagiriannepaka/Roberta_MODELGYANDEEP.pth", "author": "yadagiriannepaka", "sha": "bd0b717e666d2128446a159c0f3ea95b465e178a", "lastModified": "2024-05-15T04:40:40.000Z", "private": false, "disabled": false, "gated": false, "pipeline_tag": "feature-extraction", "tags": ["transformers", "pytorch", "roberta", "feature-extraction", "text-embeddings-inference", "endpoints_compatible", "region:us"], "downloads": 3, "library_name": "transformers", "mask_token": "<mask>", "likes": 0, "config": {"architectures": ["RobertaModel"], "model_type": "roberta"}, "transformersInfo": {"auto_model": "AutoModel", "pipeline_tag": "feature-extraction", "processor": "AutoTokenizer"}, "siblings": [{"rfilename": ".gitattributes"}, {"rfilename": "config.json"}, {"rfilename": "pytorch_model.bin"}], "spaces": [], "createdAt": "2024-05-15T04:40:03.000Z", "inferenceStatus": "not-loaded"}