{"_id": "64062f6aeb39824fed2ba4b6", "id": "yadheedhya/autotrain-summarization-39282102689", "modelId": "yadheedhya/autotrain-summarization-39282102689", "author": "yadheedhya", "sha": "5abcf3688ceb28e3847d26982e5755c2c8f066da", "lastModified": "2023-03-06T18:36:49.000Z", "private": false, "disabled": false, "gated": false, "pipeline_tag": "summarization", "tags": ["transformers", "pytorch", "t5", "text2text-generation", "autotrain", "summarization", "en", "dataset:yadheedhya/autotrain-data-summarization", "co2_eq_emissions", "autotrain_compatible", "text-generation-inference", "endpoints_compatible", "region:us"], "downloads": 3, "library_name": "transformers", "widgetData": [{"text": "I love AutoTrain \ud83e\udd17"}], "likes": 0, "model-index": null, "config": {"architectures": ["T5ForConditionalGeneration"], "model_type": "t5", "tokenizer_config": {"eos_token": "</s>", "pad_token": "<pad>", "unk_token": "<unk>"}}, "cardData": {"tags": ["autotrain", "summarization"], "language": ["en"], "widget": [{"text": "I love AutoTrain \ud83e\udd17"}], "datasets": ["yadheedhya/autotrain-data-summarization"], "co2_eq_emissions": {"emissions": 5.7321236170815615}}, "transformersInfo": {"auto_model": "AutoModelForSeq2SeqLM", "pipeline_tag": "text2text-generation", "processor": "AutoTokenizer"}, "siblings": [{"rfilename": ".gitattributes"}, {"rfilename": "README.md"}, {"rfilename": "config.json"}, {"rfilename": "pytorch_model.bin"}, {"rfilename": "special_tokens_map.json"}, {"rfilename": "spiece.model"}, {"rfilename": "tokenizer.json"}, {"rfilename": "tokenizer_config.json"}], "spaces": [], "createdAt": "2023-03-06T18:22:34.000Z", "inferenceStatus": "not-loaded"}