{"_id": "64d9ceaa8f84a7738ddc3b50", "id": "yadhikari/yogesh-a-v2", "modelId": "yadhikari/yogesh-a-v2", "author": "yadhikari", "sha": "fef03f37410273886092c745438f60a46fe83271", "lastModified": "2023-08-14T06:56:14.000Z", "private": false, "disabled": false, "gated": false, "pipeline_tag": "text-to-image", "tags": ["diffusers", "safetensors", "text-to-image", "stable-diffusion", "license:creativeml-openrail-m", "autotrain_compatible", "endpoints_compatible", "diffusers:StableDiffusionPipeline", "region:us"], "downloads": 41, "library_name": "diffusers", "likes": 0, "model-index": null, "config": {"diffusers": {"_class_name": "StableDiffusionPipeline"}}, "cardData": {"license": "creativeml-openrail-m", "tags": ["text-to-image", "stable-diffusion"]}, "siblings": [{"rfilename": ".gitattributes"}, {"rfilename": "README.md"}, {"rfilename": "feature_extractor/preprocessor_config.json"}, {"rfilename": "model_index.json"}, {"rfilename": "safety_checker/config.json"}, {"rfilename": "safety_checker/model.fp16.safetensors"}, {"rfilename": "safety_checker/model.safetensors"}, {"rfilename": "safety_checker/pytorch_model.bin"}, {"rfilename": "safety_checker/pytorch_model.fp16.bin"}, {"rfilename": "scheduler/scheduler_config.json"}, {"rfilename": "self-images-v2.ckpt"}, {"rfilename": "text_encoder/config.json"}, {"rfilename": "text_encoder/pytorch_model.bin"}, {"rfilename": "tokenizer/merges.txt"}, {"rfilename": "tokenizer/special_tokens_map.json"}, {"rfilename": "tokenizer/tokenizer_config.json"}, {"rfilename": "tokenizer/vocab.json"}, {"rfilename": "unet/config.json"}, {"rfilename": "unet/diffusion_pytorch_model.bin"}, {"rfilename": "vae/config.json"}, {"rfilename": "vae/diffusion_pytorch_model.bin"}], "spaces": [], "createdAt": "2023-08-14T06:50:18.000Z", "inferenceStatus": "not-loaded"}