{"_id": "66324365d6b332b89e4c4e5e", "id": "yadilmurod/ddtd", "modelId": "yadilmurod/ddtd", "author": "yadilmurod", "sha": "7dec1452f00b13db8763e81bea8fa6fa1fbfdf9e", "lastModified": "2024-05-01T13:28:06.000Z", "private": false, "disabled": false, "gated": false, "tags": ["license:apache-2.0", "region:us"], "downloads": 0, "likes": 0, "model-index": null, "cardData": {"license": "apache-2.0"}, "siblings": [{"rfilename": ".gitattributes"}, {"rfilename": "README.md"}], "spaces": [], "createdAt": "2024-05-01T13:28:05.000Z", "inferenceStatus": "not-loaded"}