{"_id": "64494eb0111b3bf6877b2233", "id": "yadigital/EduTest", "modelId": "yadigital/EduTest", "author": "yadigital", "sha": "e80e698b59824c27137cb5e7063b43eb0f36f96f", "lastModified": "2023-04-26T16:17:52.000Z", "private": false, "disabled": false, "gated": false, "tags": ["license:openrail", "region:us"], "downloads": 0, "likes": 0, "model-index": null, "cardData": {"license": "openrail"}, "siblings": [{"rfilename": ".gitattributes"}, {"rfilename": "README.md"}], "spaces": [], "createdAt": "2023-04-26T16:17:52.000Z", "inferenceStatus": "not-loaded"}