{"_id": "64e5b9bc398134c2af9e1e05", "id": "yadongw/my_awesome_mind_model", "modelId": "yadongw/my_awesome_mind_model", "author": "yadongw", "sha": "ba0ac6d9cc116c4be908d23783da03f441529502", "lastModified": "2023-08-23T08:02:02.000Z", "private": false, "disabled": false, "gated": false, "pipeline_tag": "audio-classification", "tags": ["transformers", "pytorch", "tensorboard", "wav2vec2", "audio-classification", "generated_from_trainer", "dataset:minds14", "base_model:facebook/wav2vec2-base", "license:apache-2.0", "model-index", "endpoints_compatible", "region:us"], "downloads": 1, "library_name": "transformers", "likes": 0, "model-index": [{"name": "my_awesome_mind_model", "results": [{"task": {"name": "Audio Classification", "type": "audio-classification"}, "dataset": {"name": "minds14", "type": "minds14", "config": "en-US", "split": "train", "args": "en-US"}, "metrics": [{"name": "Accuracy", "type": "accuracy", "value": 1, "verified": false}]}]}], "config": {"architectures": ["Wav2Vec2ForSequenceClassification"], "model_type": "wav2vec2"}, "cardData": {"license": "apache-2.0", "base_model": "facebook/wav2vec2-base", "tags": ["generated_from_trainer"], "datasets": ["minds14"], "metrics": ["accuracy"], "model-index": [{"name": "my_awesome_mind_model", "results": [{"task": {"name": "Audio Classification", "type": "audio-classification"}, "dataset": {"name": "minds14", "type": "minds14", "config": "en-US", "split": "train", "args": "en-US"}, "metrics": [{"name": "Accuracy", "type": "accuracy", "value": 1, "verified": false}]}]}]}, "transformersInfo": {"auto_model": "AutoModelForAudioClassification", "pipeline_tag": "audio-classification", "processor": "AutoProcessor"}, "siblings": [{"rfilename": ".gitattributes"}, {"rfilename": ".gitignore"}, {"rfilename": "README.md"}, {"rfilename": "config.json"}, {"rfilename": "preprocessor_config.json"}, {"rfilename": "pytorch_model.bin"}, {"rfilename": "runs/Aug23_15-57-21_yadong-HP-ZBook-Fury-15-6-inch-G8-Mobile-Workstation-PC/events.out.tfevents.1692777448.yadong-HP-ZBook-Fury-15-6-inch-G8-Mobile-Workstation-PC.45556.0"}, {"rfilename": "training_args.bin"}], "spaces": [], "createdAt": "2023-08-23T07:48:12.000Z", "inferenceStatus": "not-loaded"}