{"_id": "64adbf09d15440de8299f44b", "id": "yadongm/quantized_baichuan_13B", "modelId": "yadongm/quantized_baichuan_13B", "author": "yadongm", "sha": "d84d41bc3cfd7bb1bb45fd11face82eb150ea35d", "lastModified": "2023-07-11T21:16:26.000Z", "private": false, "disabled": false, "gated": false, "tags": ["license:apache-2.0", "region:us"], "downloads": 0, "likes": 1, "model-index": null, "cardData": {"license": "apache-2.0"}, "siblings": [{"rfilename": ".gitattributes"}, {"rfilename": "README.md"}, {"rfilename": "int4/config.json"}, {"rfilename": "int4/generation_config.json"}, {"rfilename": "int4/pytorch_model.bin"}, {"rfilename": "int8/config.json"}, {"rfilename": "int8/generation_config.json"}, {"rfilename": "int8/pytorch_model.bin"}], "spaces": [], "createdAt": "2023-07-11T20:43:53.000Z", "inferenceStatus": "not-loaded"}