{"_id": "6658ff903f0f94d7995a9c16", "id": "yadvender12/AV_MAE_task2_8_DF1M", "modelId": "yadvender12/AV_MAE_task2_8_DF1M", "author": "yadvender12", "sha": "4842595a9f15d298e08dee045981574ef14c4052", "lastModified": "2024-05-31T07:43:01.000Z", "private": false, "disabled": false, "gated": false, "pipeline_tag": "video-classification", "tags": ["transformers", "tensorboard", "safetensors", "videomae", "video-classification", "generated_from_trainer", "endpoints_compatible", "region:us"], "downloads": 2, "library_name": "transformers", "likes": 0, "model-index": [{"name": "AV_MAE_task2_8_DF1M", "results": []}], "config": {"architectures": ["VideoMAEForVideoClassification"], "model_type": "videomae"}, "cardData": {"tags": ["generated_from_trainer"], "metrics": ["accuracy", "f1"], "model-index": [{"name": "AV_MAE_task2_8_DF1M", "results": []}]}, "transformersInfo": {"auto_model": "AutoModelForVideoClassification", "pipeline_tag": "video-classification", "processor": "AutoImageProcessor"}, "siblings": [{"rfilename": ".gitattributes"}, {"rfilename": "README.md"}, {"rfilename": "config.json"}, {"rfilename": "model.safetensors"}, {"rfilename": "preprocessor_config.json"}, {"rfilename": "runs/May30_18-36-57_trail-01/events.out.tfevents.1717108625.trail-01.29950.0"}, {"rfilename": "runs/May30_23-52-41_trail-01/events.out.tfevents.1717127567.trail-01.486010.0"}, {"rfilename": "training_args.bin"}], "spaces": [], "createdAt": "2024-05-30T22:37:04.000Z", "safetensors": {"parameters": {"F32": 171832340}, "total": 171832340}, "inferenceStatus": "not-loaded"}