{"_id": "6650b3ed670d165f00536f3c", "id": "yadvender12/AV_MAE_2class_lora_DF1M", "modelId": "yadvender12/AV_MAE_2class_lora_DF1M", "author": "yadvender12", "sha": "dc0c60a36b885a33b6e642d59d0f346013c6e9cf", "lastModified": "2024-05-24T19:06:59.000Z", "private": false, "disabled": false, "gated": false, "tags": ["tensorboard", "safetensors", "region:us"], "downloads": 0, "likes": 0, "siblings": [{"rfilename": ".gitattributes"}, {"rfilename": "adapter_config.json"}, {"rfilename": "adapter_model.safetensors"}, {"rfilename": "preprocessor_config.json"}, {"rfilename": "runs/May24_11-36-12_trail-02/events.out.tfevents.1716564973.trail-02.545223.0"}, {"rfilename": "training_args.bin"}], "spaces": [], "createdAt": "2024-05-24T15:36:13.000Z", "inferenceStatus": "not-loaded"}