{"_id": "665e57c346c7555475872051", "id": "yadvender12/AV_MAE_task1_256_DF1M_epoch3", "modelId": "yadvender12/AV_MAE_task1_256_DF1M_epoch3", "author": "yadvender12", "sha": "eade296731cb85cd9b0f93b2d295101785c8a30d", "lastModified": "2024-06-04T07:38:43.000Z", "private": false, "disabled": false, "gated": false, "pipeline_tag": "video-classification", "tags": ["transformers", "tensorboard", "safetensors", "videomae", "video-classification", "generated_from_trainer", "base_model:yadvender12/AV_MAE_task1_256_DF1M_epoch2", "endpoints_compatible", "region:us"], "downloads": 1, "library_name": "transformers", "likes": 0, "model-index": [{"name": "AV_MAE_task1_256_DF1M_epoch3", "results": []}], "config": {"architectures": ["VideoMAEForVideoClassification"], "model_type": "videomae"}, "cardData": {"base_model": "yadvender12/AV_MAE_task1_256_DF1M_epoch2", "tags": ["generated_from_trainer"], "metrics": ["accuracy", "f1"], "model-index": [{"name": "AV_MAE_task1_256_DF1M_epoch3", "results": []}]}, "transformersInfo": {"auto_model": "AutoModelForVideoClassification", "pipeline_tag": "video-classification", "processor": "AutoImageProcessor"}, "siblings": [{"rfilename": ".gitattributes"}, {"rfilename": "README.md"}, {"rfilename": "config.json"}, {"rfilename": "model.safetensors"}, {"rfilename": "preprocessor_config.json"}, {"rfilename": "runs/Jun01_13-39-14_trail-02/events.out.tfevents.1717263556.trail-02.2778401.0"}, {"rfilename": "runs/Jun01_18-35-38_trail-02/events.out.tfevents.1717281340.trail-02.3741034.0"}, {"rfilename": "runs/Jun01_18-47-26_trail-02/events.out.tfevents.1717282048.trail-02.3816290.0"}, {"rfilename": "runs/Jun01_18-50-37_trail-02/events.out.tfevents.1717282239.trail-02.3831282.0"}, {"rfilename": "runs/Jun03_19-54-42_trail-02/events.out.tfevents.1717458883.trail-02.3810222.0"}, {"rfilename": "training_args.bin"}], "spaces": [], "createdAt": "2024-06-03T23:54:43.000Z", "safetensors": {"parameters": {"F32": 190116884}, "total": 190116884}, "inferenceStatus": "not-loaded"}