{"_id": "6644327cbc86c9465b7c54c6", "id": "yadvender12/AV_MAE_LAVDF_noCEnoCL_new", "modelId": "yadvender12/AV_MAE_LAVDF_noCEnoCL_new", "author": "yadvender12", "sha": "6a06ea44f23b687ab231b8cd7444426bb6138a57", "lastModified": "2024-05-15T06:22:07.000Z", "private": false, "disabled": false, "gated": false, "pipeline_tag": "video-classification", "tags": ["transformers", "tensorboard", "safetensors", "videomae", "video-classification", "generated_from_trainer", "endpoints_compatible", "region:us"], "downloads": 2, "library_name": "transformers", "likes": 0, "model-index": [{"name": "AV_MAE_LAVDF_noCEnoCL_new", "results": []}], "config": {"architectures": ["VideoMAEForVideoClassification"], "model_type": "videomae"}, "cardData": {"tags": ["generated_from_trainer"], "metrics": ["accuracy", "f1"], "model-index": [{"name": "AV_MAE_LAVDF_noCEnoCL_new", "results": []}]}, "transformersInfo": {"auto_model": "AutoModelForVideoClassification", "pipeline_tag": "video-classification", "processor": "AutoImageProcessor"}, "siblings": [{"rfilename": ".gitattributes"}, {"rfilename": "README.md"}, {"rfilename": "config.json"}, {"rfilename": "model.safetensors"}, {"rfilename": "preprocessor_config.json"}, {"rfilename": "runs/May14_23-56-42_trail-02/events.out.tfevents.1715745405.trail-02.1678369.0"}, {"rfilename": "runs/May15_00-02-01_trail-02/events.out.tfevents.1715745723.trail-02.1690898.0"}, {"rfilename": "training_args.bin"}], "spaces": [], "createdAt": "2024-05-15T03:56:44.000Z", "safetensors": {"parameters": {"F32": 172426796}, "total": 172426796}, "inferenceStatus": "not-loaded"}