{"_id": "6651df0d258f5fad3188e816", "id": "yadvender12/AV_MAE_2class_complete_lora_DF1M", "modelId": "yadvender12/AV_MAE_2class_complete_lora_DF1M", "author": "yadvender12", "sha": "aad9ec0209150ec8b50acfcf605f917d5815d18b", "lastModified": "2024-05-27T01:42:47.000Z", "private": false, "disabled": false, "gated": false, "tags": ["peft", "tensorboard", "safetensors", "generated_from_trainer", "base_model:yadvender12/AV_MAE_2class_complete_DF1M", "region:us"], "downloads": 2, "library_name": "peft", "likes": 0, "model-index": [{"name": "AV_MAE_2class_complete_lora_DF1M", "results": []}], "config": {"peft": {"base_model_name_or_path": "yadvender12/AV_MAE_2class_complete_DF1M"}}, "cardData": {"library_name": "peft", "tags": ["generated_from_trainer"], "base_model": "yadvender12/AV_MAE_2class_complete_DF1M", "metrics": ["accuracy", "f1"], "model-index": [{"name": "AV_MAE_2class_complete_lora_DF1M", "results": []}]}, "siblings": [{"rfilename": ".gitattributes"}, {"rfilename": "README.md"}, {"rfilename": "adapter_config.json"}, {"rfilename": "adapter_model.safetensors"}, {"rfilename": "preprocessor_config.json"}, {"rfilename": "runs/May26_19-45-25_trail-02/events.out.tfevents.1716767131.trail-02.2044540.0"}, {"rfilename": "runs/May26_19-47-00_trail-02/events.out.tfevents.1716767226.trail-02.2050824.0"}, {"rfilename": "training_args.bin"}], "spaces": [], "createdAt": "2024-05-25T12:52:29.000Z", "inferenceStatus": "not-loaded"}