{"_id": "664556fe7ccb9c43c443cc74", "id": "yadvender12/AV_MAE_LAVDF_noCE_new", "modelId": "yadvender12/AV_MAE_LAVDF_noCE_new", "author": "yadvender12", "sha": "ecae2bd925b9098b2314963730290c5e30746c67", "lastModified": "2024-05-16T05:29:08.000Z", "private": false, "disabled": false, "gated": false, "pipeline_tag": "video-classification", "tags": ["transformers", "tensorboard", "safetensors", "videomae", "video-classification", "generated_from_trainer", "endpoints_compatible", "region:us"], "downloads": 2, "library_name": "transformers", "likes": 0, "model-index": [{"name": "AV_MAE_LAVDF_noCE_new", "results": []}], "config": {"architectures": ["VideoMAEForVideoClassification"], "model_type": "videomae"}, "cardData": {"tags": ["generated_from_trainer"], "metrics": ["accuracy", "f1"], "model-index": [{"name": "AV_MAE_LAVDF_noCE_new", "results": []}]}, "transformersInfo": {"auto_model": "AutoModelForVideoClassification", "pipeline_tag": "video-classification", "processor": "AutoImageProcessor"}, "siblings": [{"rfilename": ".gitattributes"}, {"rfilename": "README.md"}, {"rfilename": "config.json"}, {"rfilename": "model.safetensors"}, {"rfilename": "preprocessor_config.json"}, {"rfilename": "runs/May15_20-44-44_trail-02/events.out.tfevents.1715820287.trail-02.361205.0"}, {"rfilename": "training_args.bin"}], "spaces": [], "createdAt": "2024-05-16T00:44:46.000Z", "safetensors": {"parameters": {"F32": 172426796}, "total": 172426796}, "inferenceStatus": "not-loaded"}