{"_id": "6610afc850350afe76e1882b", "id": "Yaeeeee/Char.hutao", "modelId": "Yaeeeee/Char.hutao", "author": "Yaeeeee", "sha": "41e2fcd7de198079ab211cc7f65755fee56afcf7", "lastModified": "2024-04-06T06:26:00.000Z", "private": false, "disabled": false, "gated": false, "tags": ["region:us"], "downloads": 0, "likes": 0, "siblings": [{"rfilename": ".gitattributes"}, {"rfilename": "hutao.zip"}, {"rfilename": "yae-miko-all-voice-lines-english-lza8xokg-made-with-Voicemod.mp3"}], "spaces": [], "createdAt": "2024-04-06T02:13:28.000Z", "inferenceStatus": "not-loaded"}