{"_id": "65219267739dd2070b84bc46", "id": "yaeeun/flan-t5-large-financial-phrasebank-lora", "modelId": "yaeeun/flan-t5-large-financial-phrasebank-lora", "author": "yaeeun", "sha": "d1213e6ecc1bc322acf01704513dc926b3d671cf", "lastModified": "2023-10-07T17:16:25.000Z", "private": false, "disabled": false, "gated": false, "tags": ["peft", "arxiv:1910.09700", "base_model:google/flan-t5-large", "region:us"], "downloads": 0, "library_name": "peft", "likes": 0, "model-index": null, "config": {"peft": {"base_model_name_or_path": "google/flan-t5-large", "task_type": "SEQ_2_SEQ_LM"}}, "cardData": {"library_name": "peft", "base_model": "google/flan-t5-large"}, "siblings": [{"rfilename": ".gitattributes"}, {"rfilename": "README.md"}, {"rfilename": "adapter_config.json"}, {"rfilename": "adapter_model.bin"}], "spaces": [], "createdAt": "2023-10-07T17:16:23.000Z", "inferenceStatus": "not-loaded"}