{"_id": "66754f439f2810b009650ac6", "id": "Yael1211/yana_style", "modelId": "Yael1211/yana_style", "author": "Yael1211", "sha": "c5160729abf6786eb7cdbc1f417a90f54e2e4aaa", "lastModified": "2024-06-21T10:00:42.000Z", "private": false, "disabled": false, "gated": false, "pipeline_tag": "text-to-image", "tags": ["diffusers", "tensorboard", "text-to-image", "diffusers-training", "lora", "template:sd-lora", "stable-diffusion-xl", "stable-diffusion-xl-diffusers", "base_model:stabilityai/stable-diffusion-xl-base-1.0", "license:openrail++", "region:us"], "downloads": 11, "library_name": "diffusers", "widgetData": [], "likes": 0, "model-index": null, "cardData": {"base_model": "stabilityai/stable-diffusion-xl-base-1.0", "library_name": "diffusers", "license": "openrail++", "tags": ["text-to-image", "text-to-image", "diffusers-training", "diffusers", "lora", "template:sd-lora", "stable-diffusion-xl", "stable-diffusion-xl-diffusers"], "instance_prompt": "a photo of TOK man", "widget": []}, "siblings": [{"rfilename": ".gitattributes"}, {"rfilename": "README.md"}, {"rfilename": "logs/dreambooth-lora-sd-xl/1718962136.216911/events.out.tfevents.1718962136.5dee743cb1f6.6136.1"}, {"rfilename": "logs/dreambooth-lora-sd-xl/1718962136.219016/hparams.yml"}, {"rfilename": "logs/dreambooth-lora-sd-xl/events.out.tfevents.1718962136.5dee743cb1f6.6136.0"}, {"rfilename": "pytorch_lora_weights.safetensors"}], "spaces": [], "createdAt": "2024-06-21T10:00:35.000Z", "inferenceStatus": "not-loaded"}