{"_id": "660e7856341f0fa3dedc789a", "id": "yaelmd/my_awesome_model", "modelId": "yaelmd/my_awesome_model", "author": "yaelmd", "sha": "af3bb450a2e65c084bd095f4371a0a18075dcd9d", "lastModified": "2024-04-04T11:07:44.000Z", "private": false, "disabled": false, "gated": false, "pipeline_tag": "text-classification", "tags": ["transformers", "tensorboard", "safetensors", "distilbert", "text-classification", "generated_from_trainer", "base_model:distilbert/distilbert-base-uncased-finetuned-sst-2-english", "license:apache-2.0", "autotrain_compatible", "endpoints_compatible", "region:us"], "downloads": 3, "library_name": "transformers", "mask_token": "[MASK]", "widgetData": [{"text": "I like you. I love you"}], "likes": 0, "model-index": [{"name": "my_awesome_model", "results": []}], "config": {"architectures": ["DistilBertForSequenceClassification"], "model_type": "distilbert", "tokenizer_config": {"cls_token": "[CLS]", "mask_token": "[MASK]", "pad_token": "[PAD]", "sep_token": "[SEP]", "unk_token": "[UNK]"}}, "cardData": {"license": "apache-2.0", "base_model": "distilbert/distilbert-base-uncased-finetuned-sst-2-english", "tags": ["generated_from_trainer"], "metrics": ["matthews_correlation"], "model-index": [{"name": "my_awesome_model", "results": []}]}, "transformersInfo": {"auto_model": "AutoModelForSequenceClassification", "pipeline_tag": "text-classification", "processor": "AutoTokenizer"}, "siblings": [{"rfilename": ".gitattributes"}, {"rfilename": "README.md"}, {"rfilename": "config.json"}, {"rfilename": "model.safetensors"}, {"rfilename": "runs/Apr04_10-50-12_bea9f00a8cb2/events.out.tfevents.1712227812.bea9f00a8cb2.2797.0"}, {"rfilename": "runs/Apr04_10-57-00_bea9f00a8cb2/events.out.tfevents.1712228221.bea9f00a8cb2.2797.1"}, {"rfilename": "special_tokens_map.json"}, {"rfilename": "tokenizer.json"}, {"rfilename": "tokenizer_config.json"}, {"rfilename": "training_args.bin"}, {"rfilename": "vocab.txt"}], "spaces": [], "createdAt": "2024-04-04T09:52:22.000Z", "safetensors": {"parameters": {"F32": 66955010}, "total": 66955010}, "inferenceStatus": "not-loaded"}