{"_id": "63fcba3eabd98a1e107f4c9e", "id": "yaemo/nva-yukkuri", "modelId": "yaemo/nva-yukkuri", "author": "yaemo", "sha": "e4eb5bb1af220e0569ec8f438a6b601129bc832f", "lastModified": "2023-02-27T14:13:10.000Z", "private": false, "disabled": false, "gated": false, "tags": ["region:us"], "downloads": 0, "likes": 0, "siblings": [{"rfilename": ".gitattributes"}, {"rfilename": "yukkuri-000001.safetensors"}, {"rfilename": "yukkuri-000002.safetensors"}, {"rfilename": "yukkuri-000003.safetensors"}, {"rfilename": "yukkuri-000004.safetensors"}, {"rfilename": "yukkuri-000005.safetensors"}, {"rfilename": "yukkuri-000006.safetensors"}, {"rfilename": "yukkuri-000007.safetensors"}, {"rfilename": "yukkuri-000008.safetensors"}, {"rfilename": "yukkuri-000009.safetensors"}, {"rfilename": "yukkuri.safetensors"}], "spaces": [], "createdAt": "2023-02-27T14:12:14.000Z", "inferenceStatus": "not-loaded"}