{"_id": "641b45be5d0c7772c60ab4ab", "id": "Yaesan/Jpn_scenery", "modelId": "Yaesan/Jpn_scenery", "author": "Yaesan", "sha": "6102d66b7a852f6de6d09099d8f0d2494dc5ed6a", "lastModified": "2023-04-17T20:35:39.000Z", "private": false, "disabled": false, "gated": false, "tags": ["ja", "license:creativeml-openrail-m", "region:us"], "downloads": 0, "likes": 4, "model-index": null, "cardData": {"license": "creativeml-openrail-m", "language": ["ja"]}, "siblings": [{"rfilename": ".gitattributes"}, {"rfilename": "README.md"}, {"rfilename": "jihankiv1.png"}, {"rfilename": "jihankiv1.safetensors"}, {"rfilename": "jpostv7.png"}, {"rfilename": "jpostv7.safetensors"}], "spaces": [], "createdAt": "2023-03-22T18:15:26.000Z", "inferenceStatus": "not-loaded"}