{"_id": "643c416149e0fa66dc93c17b", "id": "Yaesan/nakagin", "modelId": "Yaesan/nakagin", "author": "Yaesan", "sha": "25c9c42a2221aafee6baf0fbc111c255a1eeedfb", "lastModified": "2023-04-16T18:52:18.000Z", "private": false, "disabled": false, "gated": false, "tags": ["ja", "license:creativeml-openrail-m", "region:us"], "downloads": 0, "likes": 1, "model-index": null, "cardData": {"license": "creativeml-openrail-m", "language": ["ja"]}, "siblings": [{"rfilename": ".gitattributes"}, {"rfilename": "README.md"}, {"rfilename": "nakagin_chillv7.safetensors"}, {"rfilename": "nakaginv7.safetensors"}, {"rfilename": "nkg building.png"}, {"rfilename": "nkr room.png"}], "spaces": [], "createdAt": "2023-04-16T18:41:37.000Z", "inferenceStatus": "not-loaded"}