{"_id": "668d62f24a0631ad95da7be9", "id": "YafenLighting/ceiling-fans-with-lights", "modelId": "YafenLighting/ceiling-fans-with-lights", "author": "YafenLighting", "sha": "0427da8e756965f27baeddd629837f4584641aab", "lastModified": "2024-07-09T16:29:49.000Z", "private": false, "disabled": false, "gated": false, "tags": ["region:us"], "downloads": 0, "likes": 0, "siblings": [{"rfilename": ".gitattributes"}, {"rfilename": "README.md"}], "spaces": [], "createdAt": "2024-07-09T16:18:58.000Z", "inferenceStatus": "not-loaded"}