{"_id": "65a908d49db09e1fc1718be4", "id": "yaful/MAGE", "modelId": "yaful/MAGE", "author": "yaful", "sha": "0d82ca0fdf6ebef5babb813cc11bd8eb2552c846", "lastModified": "2024-05-22T02:01:21.000Z", "private": false, "disabled": false, "gated": false, "pipeline_tag": "text-classification", "tags": ["transformers", "pytorch", "longformer", "text-classification", "arxiv:2305.13242", "license:apache-2.0", "autotrain_compatible", "endpoints_compatible", "region:us"], "downloads": 325, "library_name": "transformers", "mask_token": "<mask>", "widgetData": [{"text": "I like you. I love you"}], "likes": 0, "model-index": null, "config": {"architectures": ["LongformerForSequenceClassification"], "model_type": "longformer", "tokenizer_config": {"bos_token": "<s>", "cls_token": "<s>", "eos_token": "</s>", "mask_token": "<mask>", "pad_token": "<pad>", "sep_token": "</s>", "unk_token": "<unk>"}}, "cardData": {"license": "apache-2.0"}, "transformersInfo": {"auto_model": "AutoModelForSequenceClassification", "pipeline_tag": "text-classification", "processor": "AutoTokenizer"}, "siblings": [{"rfilename": ".gitattributes"}, {"rfilename": "README.md"}, {"rfilename": "config.json"}, {"rfilename": "merges.txt"}, {"rfilename": "pytorch_model.bin"}, {"rfilename": "special_tokens_map.json"}, {"rfilename": "tokenizer.json"}, {"rfilename": "tokenizer_config.json"}, {"rfilename": "vocab.json"}], "spaces": [], "createdAt": "2024-01-18T11:17:40.000Z", "inferenceStatus": "not-loaded"}