{"_id": "646470a7471712c1a90a82e7", "id": "yagamilighttsuki/huggingface", "modelId": "yagamilighttsuki/huggingface", "author": "yagamilighttsuki", "sha": "8730259340d57be6b4c6b8fcc408990021d4fb5d", "lastModified": "2023-05-17T06:14:09.000Z", "private": false, "disabled": false, "gated": false, "tags": ["license:openrail", "region:us"], "downloads": 0, "likes": 0, "model-index": null, "cardData": {"license": "openrail"}, "siblings": [{"rfilename": ".gitattributes"}, {"rfilename": "README.md"}], "spaces": [], "createdAt": "2023-05-17T06:13:59.000Z", "inferenceStatus": "not-loaded"}