{"_id": "65b953818d7770d0ba732c4f", "id": "yagcioe/nlp4web", "modelId": "yagcioe/nlp4web", "author": "yagcioe", "sha": "7fd02c5e206b4b7209d38f8bd1db386dec86d592", "lastModified": "2024-01-30T20:23:27.000Z", "private": false, "disabled": false, "gated": false, "tags": ["safetensors", "region:us"], "downloads": 0, "likes": 0, "config": {"tokenizer_config": {"cls_token": "[CLS]", "mask_token": "[MASK]", "pad_token": "[PAD]", "sep_token": "[SEP]", "unk_token": "[UNK]"}}, "siblings": [{"rfilename": ".gitattributes"}, {"rfilename": "model.safetensors"}, {"rfilename": "tokenizer.json"}, {"rfilename": "tokenizer_config.json"}], "spaces": [], "createdAt": "2024-01-30T19:52:33.000Z", "safetensors": {"parameters": {"F32": 14253218}, "total": 14253218}, "inferenceStatus": "not-loaded"}