{"_id": "63fb4868cacbb407e4b58f60", "id": "yaggy/Arthur_Lora", "modelId": "yaggy/Arthur_Lora", "author": "yaggy", "sha": "8e91a295003977154a36843103a8db030a7256cf", "lastModified": "2023-02-26T13:50:37.000Z", "private": false, "disabled": false, "gated": false, "tags": ["region:us"], "downloads": 0, "likes": 1, "siblings": [{"rfilename": ".gitattributes"}, {"rfilename": "Arthur.safetensors"}, {"rfilename": "output/Arthur-000006.safetensors"}, {"rfilename": "output/Arthur-000012.safetensors"}, {"rfilename": "output/Arthur-000018.safetensors"}, {"rfilename": "output/Arthur.safetensors"}], "spaces": [], "createdAt": "2023-02-26T11:54:16.000Z", "inferenceStatus": "not-loaded"}