{"_id": "658e2d77c0b1372b2e64513c", "id": "YagiASAFAS/xlm-roberta-base-finetuned-panx-de", "modelId": "YagiASAFAS/xlm-roberta-base-finetuned-panx-de", "author": "YagiASAFAS", "sha": "07e6aa4bbb84223356075d47fa901952bdc75eb2", "lastModified": "2023-12-30T03:33:27.000Z", "private": false, "disabled": false, "gated": false, "pipeline_tag": "token-classification", "tags": ["transformers", "pytorch", "tensorboard", "xlm-roberta", "token-classification", "generated_from_trainer", "license:mit", "autotrain_compatible", "endpoints_compatible", "region:us"], "downloads": 2, "library_name": "transformers", "mask_token": "<mask>", "widgetData": [{"text": "My name is Wolfgang and I live in Berlin"}, {"text": "My name is Sarah and I live in London"}, {"text": "My name is Clara and I live in Berkeley, California."}], "likes": 0, "model-index": [{"name": "xlm-roberta-base-finetuned-panx-de", "results": []}], "config": {"architectures": ["XLMRobertaForTokenClassification"], "model_type": "xlm-roberta", "tokenizer_config": {"bos_token": "<s>", "eos_token": "</s>", "sep_token": "</s>", "cls_token": "<s>", "unk_token": "<unk>", "pad_token": "<pad>", "mask_token": {"content": "<mask>", "single_word": false, "lstrip": true, "rstrip": false, "normalized": true, "__type": "AddedToken"}}}, "cardData": {"license": "mit", "tags": ["generated_from_trainer"], "metrics": ["f1"], "model-index": [{"name": "xlm-roberta-base-finetuned-panx-de", "results": []}]}, "transformersInfo": {"auto_model": "AutoModelForTokenClassification", "pipeline_tag": "token-classification", "processor": "AutoTokenizer"}, "siblings": [{"rfilename": ".gitattributes"}, {"rfilename": ".gitignore"}, {"rfilename": "README.md"}, {"rfilename": "config.json"}, {"rfilename": "pytorch_model.bin"}, {"rfilename": "runs/Dec29_02-51-15_49829623de22/1703818389.8004827/events.out.tfevents.1703818389.49829623de22.1053.1"}, {"rfilename": "runs/Dec29_02-51-15_49829623de22/events.out.tfevents.1703818389.49829623de22.1053.0"}, {"rfilename": "runs/Dec29_04-37-16_26ee61b650ea/1703825435.5501127/events.out.tfevents.1703825435.26ee61b650ea.618.1"}, {"rfilename": "runs/Dec29_04-37-16_26ee61b650ea/events.out.tfevents.1703825435.26ee61b650ea.618.0"}, {"rfilename": "runs/Dec29_10-59-45_7490d45e6f29/1703847904.5593414/events.out.tfevents.1703847904.7490d45e6f29.203.1"}, {"rfilename": "runs/Dec29_10-59-45_7490d45e6f29/events.out.tfevents.1703847904.7490d45e6f29.203.0"}, {"rfilename": "runs/Dec30_00-57-45_1e13a481ad25/1703898145.6691499/events.out.tfevents.1703898145.1e13a481ad25.444.1"}, {"rfilename": "runs/Dec30_00-57-45_1e13a481ad25/events.out.tfevents.1703898145.1e13a481ad25.444.0"}, {"rfilename": "special_tokens_map.json"}, {"rfilename": "tokenizer.json"}, {"rfilename": "tokenizer_config.json"}, {"rfilename": "training_args.bin"}], "spaces": [], "createdAt": "2023-12-29T02:22:47.000Z", "inferenceStatus": "not-loaded"}