{"_id": "66839e2f7b50b433cd799995", "id": "YaGiNA/my_awesome_model", "modelId": "YaGiNA/my_awesome_model", "author": "YaGiNA", "sha": "734e3fa553b79c9aeccee9d7346402047f8faaf1", "lastModified": "2024-07-03T10:44:25.000Z", "private": false, "disabled": false, "gated": false, "pipeline_tag": "text-classification", "tags": ["transformers", "tensorboard", "safetensors", "distilbert", "text-classification", "autotrain_compatible", "endpoints_compatible", "region:us"], "downloads": 2, "library_name": "transformers", "mask_token": "[MASK]", "widgetData": [{"text": "I like you. I love you"}], "likes": 0, "config": {"architectures": ["DistilBertForSequenceClassification"], "model_type": "distilbert", "tokenizer_config": {"cls_token": "[CLS]", "mask_token": "[MASK]", "pad_token": "[PAD]", "sep_token": "[SEP]", "unk_token": "[UNK]"}}, "transformersInfo": {"auto_model": "AutoModelForSequenceClassification", "pipeline_tag": "text-classification", "processor": "AutoTokenizer"}, "siblings": [{"rfilename": ".gitattributes"}, {"rfilename": "config.json"}, {"rfilename": "model.safetensors"}, {"rfilename": "runs/Jul02_06-29-03_21926575644e/events.out.tfevents.1719901763.21926575644e.4974.0"}, {"rfilename": "runs/Jul02_06-37-21_21926575644e/events.out.tfevents.1719902244.21926575644e.4974.1"}, {"rfilename": "runs/Jul02_06-45-54_21926575644e/events.out.tfevents.1719902758.21926575644e.4974.2"}, {"rfilename": "runs/Jul02_06-49-32_21926575644e/events.out.tfevents.1719902977.21926575644e.28362.0"}, {"rfilename": "runs/Jul02_06-56-06_21926575644e/events.out.tfevents.1719903370.21926575644e.28362.1"}, {"rfilename": "runs/Jul02_07-06-36_21926575644e/events.out.tfevents.1719904003.21926575644e.28362.2"}, {"rfilename": "runs/Jul02_07-08-52_21926575644e/events.out.tfevents.1719904134.21926575644e.28362.3"}, {"rfilename": "runs/Jul02_07-09-50_21926575644e/events.out.tfevents.1719904192.21926575644e.28362.4"}, {"rfilename": "runs/Jul02_07-15-31_21926575644e/events.out.tfevents.1719904532.21926575644e.28362.5"}, {"rfilename": "runs/Jul02_07-16-12_21926575644e/events.out.tfevents.1719904575.21926575644e.28362.6"}, {"rfilename": "runs/Jul02_07-20-58_21926575644e/events.out.tfevents.1719904859.21926575644e.28362.7"}, {"rfilename": "runs/Jul02_07-22-58_21926575644e/events.out.tfevents.1719904982.21926575644e.28362.8"}, {"rfilename": "runs/Jul02_07-24-40_21926575644e/events.out.tfevents.1719905083.21926575644e.28362.9"}, {"rfilename": "runs/Jul02_07-34-47_21926575644e/events.out.tfevents.1719905690.21926575644e.28362.10"}, {"rfilename": "runs/Jul02_07-37-39_21926575644e/events.out.tfevents.1719905862.21926575644e.28362.11"}, {"rfilename": "runs/Jul02_07-38-04_21926575644e/events.out.tfevents.1719905885.21926575644e.28362.12"}, {"rfilename": "runs/Jul02_07-42-12_21926575644e/events.out.tfevents.1719906135.21926575644e.28362.13"}, {"rfilename": "runs/Jul02_07-42-28_21926575644e/events.out.tfevents.1719906149.21926575644e.28362.14"}, {"rfilename": "runs/Jul02_07-51-27_21926575644e/events.out.tfevents.1719906692.21926575644e.28362.15"}, {"rfilename": "runs/Jul02_07-53-53_21926575644e/events.out.tfevents.1719906835.21926575644e.28362.16"}, {"rfilename": "runs/Jul02_07-55-14_21926575644e/events.out.tfevents.1719906918.21926575644e.28362.17"}, {"rfilename": "runs/Jul02_07-58-03_21926575644e/events.out.tfevents.1719907086.21926575644e.28362.18"}, {"rfilename": "runs/Jul02_08-08-31_21926575644e/events.out.tfevents.1719907712.21926575644e.28362.19"}, {"rfilename": "runs/Jul03_10-24-37_d1416d922e25/events.out.tfevents.1720002278.d1416d922e25.1693.0"}, {"rfilename": "runs/Jul03_10-38-01_d1416d922e25/events.out.tfevents.1720003083.d1416d922e25.6432.0"}, {"rfilename": "runs/Jul03_10-42-08_d1416d922e25/events.out.tfevents.1720003329.d1416d922e25.7630.0"}, {"rfilename": "special_tokens_map.json"}, {"rfilename": "tokenizer.json"}, {"rfilename": "tokenizer_config.json"}, {"rfilename": "training_args.bin"}, {"rfilename": "vocab.txt"}], "spaces": [], "createdAt": "2024-07-02T06:29:03.000Z", "safetensors": {"parameters": {"F32": 66955010}, "total": 66955010}, "inferenceStatus": "not-loaded"}