{"_id": "62a8b64d03a3eee5aea863f8", "id": "Yagiz/asdawdsa", "modelId": "Yagiz/asdawdsa", "author": "Yagiz", "sha": "676afa843b62756c9c3723fde3c265f38d11dda7", "lastModified": "2022-06-14T16:25:12.000Z", "private": false, "disabled": false, "gated": false, "tags": ["license:afl-3.0", "region:us"], "downloads": 0, "likes": 0, "model-index": null, "cardData": {"license": "afl-3.0"}, "siblings": [{"rfilename": ".gitattributes"}, {"rfilename": "README.md"}, {"rfilename": "yagiz"}], "spaces": [], "createdAt": "2022-06-14T16:24:45.000Z", "inferenceStatus": "not-loaded"}