{"_id": "65a5230a3e3a00a9c14ba622", "id": "YagiASAFAS/indonesia-news-classification-bert", "modelId": "YagiASAFAS/indonesia-news-classification-bert", "author": "YagiASAFAS", "sha": "2459ea24ac5ab616275f30ad72ab845172525c72", "lastModified": "2024-01-16T00:38:01.000Z", "private": false, "disabled": false, "gated": false, "pipeline_tag": "text-classification", "tags": ["transformers", "pytorch", "bert", "text-classification", "id", "dataset:iqballx/indonesian_news_datasets", "license:afl-3.0", "autotrain_compatible", "endpoints_compatible", "region:us"], "downloads": 16, "library_name": "transformers", "mask_token": "[MASK]", "likes": 3, "model-index": null, "config": {"architectures": ["BertForSequenceClassification"], "model_type": "bert", "tokenizer_config": {"unk_token": "[UNK]", "sep_token": "[SEP]", "pad_token": "[PAD]", "cls_token": "[CLS]", "mask_token": "[MASK]"}}, "cardData": {"license": "afl-3.0", "datasets": ["iqballx/indonesian_news_datasets"], "language": ["id"], "metrics": ["accuracy"], "library_name": "transformers"}, "transformersInfo": {"auto_model": "AutoModelForSequenceClassification", "pipeline_tag": "text-classification", "processor": "AutoTokenizer"}, "siblings": [{"rfilename": ".gitattributes"}, {"rfilename": "README.md"}, {"rfilename": "config.json"}, {"rfilename": "label_mapping.json"}, {"rfilename": "pytorch_model.bin"}, {"rfilename": "special_tokens_map.json"}, {"rfilename": "tokenizer_config.json"}, {"rfilename": "vocab.txt"}], "spaces": [], "createdAt": "2024-01-15T12:20:26.000Z", "inferenceStatus": "not-loaded"}