{"_id": "6454c79bf61f10d69dc150d3", "id": "yagmurery/bert-base-uncased-finetuned-learningRate-2-cola-4e-05", "modelId": "yagmurery/bert-base-uncased-finetuned-learningRate-2-cola-4e-05", "author": "yagmurery", "sha": "29c0a8a854d91d126b23a30f881d9a9f3ee72021", "lastModified": "2023-05-05T09:16:26.000Z", "private": false, "disabled": false, "gated": false, "pipeline_tag": "text-classification", "tags": ["transformers", "pytorch", "tensorboard", "bert", "text-classification", "generated_from_trainer", "dataset:glue", "license:apache-2.0", "model-index", "autotrain_compatible", "endpoints_compatible", "region:us"], "downloads": 3, "library_name": "transformers", "mask_token": "[MASK]", "widgetData": [{"text": "I like you. I love you"}], "likes": 0, "model-index": [{"name": "bert-base-uncased-finetuned-learningRate-2-cola-4e-05", "results": [{"task": {"name": "Text Classification", "type": "text-classification"}, "dataset": {"name": "glue", "type": "glue", "config": "cola", "split": "validation", "args": "cola"}, "metrics": [{"name": "Matthews Correlation", "type": "matthews_correlation", "value": 0.539019545585709, "verified": false}]}]}], "config": {"architectures": ["BertForSequenceClassification"], "model_type": "bert", "tokenizer_config": {"cls_token": "[CLS]", "mask_token": "[MASK]", "pad_token": "[PAD]", "sep_token": "[SEP]", "unk_token": "[UNK]"}}, "cardData": {"license": "apache-2.0", "tags": ["generated_from_trainer"], "datasets": ["glue"], "metrics": ["matthews_correlation"], "model-index": [{"name": "bert-base-uncased-finetuned-learningRate-2-cola-4e-05", "results": [{"task": {"name": "Text Classification", "type": "text-classification"}, "dataset": {"name": "glue", "type": "glue", "config": "cola", "split": "validation", "args": "cola"}, "metrics": [{"name": "Matthews Correlation", "type": "matthews_correlation", "value": 0.539019545585709, "verified": false}]}]}]}, "transformersInfo": {"auto_model": "AutoModelForSequenceClassification", "pipeline_tag": "text-classification", "processor": "AutoTokenizer"}, "siblings": [{"rfilename": ".gitattributes"}, {"rfilename": ".gitignore"}, {"rfilename": "README.md"}, {"rfilename": "config.json"}, {"rfilename": "pytorch_model.bin"}, {"rfilename": "runs/May05_09-08-43_32cfdc7ffaf6/1683277728.7018685/events.out.tfevents.1683277728.32cfdc7ffaf6.761.7"}, {"rfilename": "runs/May05_09-08-43_32cfdc7ffaf6/events.out.tfevents.1683277728.32cfdc7ffaf6.761.6"}, {"rfilename": "runs/May05_09-08-43_32cfdc7ffaf6/events.out.tfevents.1683278132.32cfdc7ffaf6.761.8"}, {"rfilename": "special_tokens_map.json"}, {"rfilename": "tokenizer.json"}, {"rfilename": "tokenizer_config.json"}, {"rfilename": "training_args.bin"}, {"rfilename": "vocab.txt"}], "spaces": [], "createdAt": "2023-05-05T09:08:43.000Z", "inferenceStatus": "not-loaded"}