{"_id": "6454cc51d55525a4fee01bde", "id": "yagmurery/bert-base-uncased-finetuned-dropout-cola-0.4", "modelId": "yagmurery/bert-base-uncased-finetuned-dropout-cola-0.4", "author": "yagmurery", "sha": "7e4b72b2a62be7233ee20e59fb905fb538c1ecab", "lastModified": "2023-05-05T10:13:02.000Z", "private": false, "disabled": false, "gated": false, "pipeline_tag": "text-classification", "tags": ["transformers", "pytorch", "tensorboard", "bert", "text-classification", "generated_from_trainer", "dataset:glue", "license:apache-2.0", "model-index", "autotrain_compatible", "endpoints_compatible", "region:us"], "downloads": 3, "library_name": "transformers", "mask_token": "[MASK]", "widgetData": [{"text": "I like you. I love you"}], "likes": 0, "model-index": [{"name": "bert-base-uncased-finetuned-dropout-cola-0.4", "results": [{"task": {"name": "Text Classification", "type": "text-classification"}, "dataset": {"name": "glue", "type": "glue", "config": "cola", "split": "validation", "args": "cola"}, "metrics": [{"name": "Matthews Correlation", "type": "matthews_correlation", "value": 0.5780870172624647, "verified": false}]}]}], "config": {"architectures": ["BertForSequenceClassification"], "model_type": "bert", "tokenizer_config": {"cls_token": "[CLS]", "mask_token": "[MASK]", "pad_token": "[PAD]", "sep_token": "[SEP]", "unk_token": "[UNK]"}}, "cardData": {"license": "apache-2.0", "tags": ["generated_from_trainer"], "datasets": ["glue"], "metrics": ["matthews_correlation"], "model-index": [{"name": "bert-base-uncased-finetuned-dropout-cola-0.4", "results": [{"task": {"name": "Text Classification", "type": "text-classification"}, "dataset": {"name": "glue", "type": "glue", "config": "cola", "split": "validation", "args": "cola"}, "metrics": [{"name": "Matthews Correlation", "type": "matthews_correlation", "value": 0.5780870172624647, "verified": false}]}]}]}, "transformersInfo": {"auto_model": "AutoModelForSequenceClassification", "pipeline_tag": "text-classification", "processor": "AutoTokenizer"}, "siblings": [{"rfilename": ".gitattributes"}, {"rfilename": ".gitignore"}, {"rfilename": "README.md"}, {"rfilename": "config.json"}, {"rfilename": "pytorch_model.bin"}, {"rfilename": "runs/May05_09-28-49_32cfdc7ffaf6/1683278934.5113428/events.out.tfevents.1683278934.32cfdc7ffaf6.761.13"}, {"rfilename": "runs/May05_09-28-49_32cfdc7ffaf6/events.out.tfevents.1683278934.32cfdc7ffaf6.761.12"}, {"rfilename": "runs/May05_10-03-42_a4ff43ff8def/1683281129.9855268/events.out.tfevents.1683281129.a4ff43ff8def.1284.4"}, {"rfilename": "runs/May05_10-03-42_a4ff43ff8def/events.out.tfevents.1683281129.a4ff43ff8def.1284.3"}, {"rfilename": "runs/May05_10-03-42_a4ff43ff8def/events.out.tfevents.1683281552.a4ff43ff8def.1284.5"}, {"rfilename": "special_tokens_map.json"}, {"rfilename": "tokenizer.json"}, {"rfilename": "tokenizer_config.json"}, {"rfilename": "training_args.bin"}, {"rfilename": "vocab.txt"}], "spaces": [], "createdAt": "2023-05-05T09:28:49.000Z", "inferenceStatus": "not-loaded"}