{"_id": "6614fded39e6b179c4b19042", "id": "yagmurx/img2vid_repo", "modelId": "yagmurx/img2vid_repo", "author": "yagmurx", "sha": "8036433f2bdb90d208136c9445244a9414a8e3c4", "lastModified": "2024-04-09T08:37:11.000Z", "private": false, "disabled": false, "gated": false, "tags": ["region:us"], "downloads": 0, "likes": 0, "siblings": [{"rfilename": ".gitattributes"}, {"rfilename": "1_0) Video2Video Upscaler Using Model.json"}], "spaces": [], "createdAt": "2024-04-09T08:35:57.000Z", "inferenceStatus": "not-loaded"}