{"_id": "6452b04a5ac68a5b01a35e6c", "id": "yagmurery/bert-base-uncased-finetuned-epoch-1-cola", "modelId": "yagmurery/bert-base-uncased-finetuned-epoch-1-cola", "author": "yagmurery", "sha": "b1bd1a13f768937bda7960df3dc3384a8b20ac06", "lastModified": "2023-05-03T19:29:33.000Z", "private": false, "disabled": false, "gated": false, "pipeline_tag": "text-classification", "tags": ["transformers", "pytorch", "tensorboard", "bert", "text-classification", "generated_from_trainer", "dataset:glue", "license:apache-2.0", "model-index", "autotrain_compatible", "endpoints_compatible", "region:us"], "downloads": 6, "library_name": "transformers", "mask_token": "[MASK]", "widgetData": [{"text": "I like you. I love you"}], "likes": 0, "model-index": [{"name": "bert-base-uncased-finetuned-epoch-1-cola", "results": [{"task": {"name": "Text Classification", "type": "text-classification"}, "dataset": {"name": "glue", "type": "glue", "config": "cola", "split": "validation", "args": "cola"}, "metrics": [{"name": "Matthews Correlation", "type": "matthews_correlation", "value": 0.5827865839334545, "verified": false}]}]}], "config": {"architectures": ["BertForSequenceClassification"], "model_type": "bert", "tokenizer_config": {"cls_token": "[CLS]", "mask_token": "[MASK]", "pad_token": "[PAD]", "sep_token": "[SEP]", "unk_token": "[UNK]"}}, "cardData": {"license": "apache-2.0", "tags": ["generated_from_trainer"], "datasets": ["glue"], "metrics": ["matthews_correlation"], "model-index": [{"name": "bert-base-uncased-finetuned-epoch-1-cola", "results": [{"task": {"name": "Text Classification", "type": "text-classification"}, "dataset": {"name": "glue", "type": "glue", "config": "cola", "split": "validation", "args": "cola"}, "metrics": [{"name": "Matthews Correlation", "type": "matthews_correlation", "value": 0.5827865839334545, "verified": false}]}]}]}, "transformersInfo": {"auto_model": "AutoModelForSequenceClassification", "pipeline_tag": "text-classification", "processor": "AutoTokenizer"}, "siblings": [{"rfilename": ".gitattributes"}, {"rfilename": ".gitignore"}, {"rfilename": "README.md"}, {"rfilename": "config.json"}, {"rfilename": "pytorch_model.bin"}, {"rfilename": "runs/May03_19-04-49_40515877a9fc/1683140692.3362525/events.out.tfevents.1683140692.40515877a9fc.701.5"}, {"rfilename": "runs/May03_19-04-49_40515877a9fc/events.out.tfevents.1683140692.40515877a9fc.701.4"}, {"rfilename": "runs/May03_19-06-12_40515877a9fc/1683140775.2883866/events.out.tfevents.1683140775.40515877a9fc.701.7"}, {"rfilename": "runs/May03_19-06-12_40515877a9fc/events.out.tfevents.1683140775.40515877a9fc.701.6"}, {"rfilename": "runs/May03_19-06-12_40515877a9fc/events.out.tfevents.1683140848.40515877a9fc.701.8"}, {"rfilename": "runs/May03_19-08-10_40515877a9fc/1683140893.5925071/events.out.tfevents.1683140893.40515877a9fc.701.10"}, {"rfilename": "runs/May03_19-08-10_40515877a9fc/events.out.tfevents.1683140893.40515877a9fc.701.9"}, {"rfilename": "runs/May03_19-08-10_40515877a9fc/events.out.tfevents.1683140989.40515877a9fc.701.11"}, {"rfilename": "runs/May03_19-10-25_40515877a9fc/1683141027.5830445/events.out.tfevents.1683141027.40515877a9fc.701.13"}, {"rfilename": "runs/May03_19-10-25_40515877a9fc/events.out.tfevents.1683141027.40515877a9fc.701.12"}, {"rfilename": "runs/May03_19-10-25_40515877a9fc/events.out.tfevents.1683141304.40515877a9fc.701.14"}, {"rfilename": "runs/May03_19-15-41_40515877a9fc/1683141343.9721477/events.out.tfevents.1683141343.40515877a9fc.701.16"}, {"rfilename": "runs/May03_19-15-41_40515877a9fc/events.out.tfevents.1683141343.40515877a9fc.701.15"}, {"rfilename": "runs/May03_19-15-41_40515877a9fc/events.out.tfevents.1683142141.40515877a9fc.701.17"}, {"rfilename": "special_tokens_map.json"}, {"rfilename": "tokenizer.json"}, {"rfilename": "tokenizer_config.json"}, {"rfilename": "training_args.bin"}, {"rfilename": "vocab.txt"}], "spaces": [], "createdAt": "2023-05-03T19:04:42.000Z", "inferenceStatus": "not-loaded"}