{"_id": "6454de0cf61f10d69dc333da", "id": "yagmurery/bert-base-uncased-finetuned-batchSize-cola-64", "modelId": "yagmurery/bert-base-uncased-finetuned-batchSize-cola-64", "author": "yagmurery", "sha": "0019f98b556bc6001a1edd1c77426b68b9b6c35f", "lastModified": "2023-05-05T10:50:35.000Z", "private": false, "disabled": false, "gated": false, "pipeline_tag": "text-classification", "tags": ["transformers", "pytorch", "tensorboard", "bert", "text-classification", "generated_from_trainer", "dataset:glue", "license:apache-2.0", "model-index", "autotrain_compatible", "endpoints_compatible", "region:us"], "downloads": 3, "library_name": "transformers", "mask_token": "[MASK]", "widgetData": [{"text": "I like you. I love you"}], "likes": 0, "model-index": [{"name": "bert-base-uncased-finetuned-batchSize-cola-64", "results": [{"task": {"name": "Text Classification", "type": "text-classification"}, "dataset": {"name": "glue", "type": "glue", "config": "cola", "split": "validation", "args": "cola"}, "metrics": [{"name": "Matthews Correlation", "type": "matthews_correlation", "value": 0.5961744294806522, "verified": false}]}]}], "config": {"architectures": ["BertForSequenceClassification"], "model_type": "bert", "tokenizer_config": {"cls_token": "[CLS]", "mask_token": "[MASK]", "pad_token": "[PAD]", "sep_token": "[SEP]", "unk_token": "[UNK]"}}, "cardData": {"license": "apache-2.0", "tags": ["generated_from_trainer"], "datasets": ["glue"], "metrics": ["matthews_correlation"], "model-index": [{"name": "bert-base-uncased-finetuned-batchSize-cola-64", "results": [{"task": {"name": "Text Classification", "type": "text-classification"}, "dataset": {"name": "glue", "type": "glue", "config": "cola", "split": "validation", "args": "cola"}, "metrics": [{"name": "Matthews Correlation", "type": "matthews_correlation", "value": 0.5961744294806522, "verified": false}]}]}]}, "transformersInfo": {"auto_model": "AutoModelForSequenceClassification", "pipeline_tag": "text-classification", "processor": "AutoTokenizer"}, "siblings": [{"rfilename": ".gitattributes"}, {"rfilename": ".gitignore"}, {"rfilename": "README.md"}, {"rfilename": "config.json"}, {"rfilename": "pytorch_model.bin"}, {"rfilename": "runs/May05_10-44-28_a4ff43ff8def/1683283473.587684/events.out.tfevents.1683283473.a4ff43ff8def.1284.16"}, {"rfilename": "runs/May05_10-44-28_a4ff43ff8def/events.out.tfevents.1683283473.a4ff43ff8def.1284.15"}, {"rfilename": "runs/May05_10-44-28_a4ff43ff8def/events.out.tfevents.1683283805.a4ff43ff8def.1284.17"}, {"rfilename": "special_tokens_map.json"}, {"rfilename": "tokenizer.json"}, {"rfilename": "tokenizer_config.json"}, {"rfilename": "training_args.bin"}, {"rfilename": "vocab.txt"}], "spaces": [], "createdAt": "2023-05-05T10:44:28.000Z", "inferenceStatus": "not-loaded"}