{"_id": "64576685711ee86f6eeb568a", "id": "yagmurery/bert-base-uncased-finetuned-part2-cola", "modelId": "yagmurery/bert-base-uncased-finetuned-part2-cola", "author": "yagmurery", "sha": "6ff927a3ee1976b38b2d044b88bf31affe28dba2", "lastModified": "2023-05-07T14:51:30.000Z", "private": false, "disabled": false, "gated": false, "pipeline_tag": "text-classification", "tags": ["transformers", "pytorch", "tensorboard", "bert", "text-classification", "generated_from_trainer", "dataset:glue", "license:apache-2.0", "model-index", "autotrain_compatible", "endpoints_compatible", "region:us"], "downloads": 3, "library_name": "transformers", "mask_token": "[MASK]", "widgetData": [{"text": "I like you. I love you"}], "likes": 0, "model-index": [{"name": "bert-base-uncased-finetuned-last-cola", "results": [{"task": {"name": "Text Classification", "type": "text-classification"}, "dataset": {"name": "glue", "type": "glue", "config": "cola", "split": "validation", "args": "cola"}, "metrics": [{"name": "Matthews Correlation", "type": "matthews_correlation", "value": 0.5892439733711194, "verified": false}]}]}], "config": {"architectures": ["BertForSequenceClassification"], "model_type": "bert", "tokenizer_config": {"cls_token": "[CLS]", "mask_token": "[MASK]", "pad_token": "[PAD]", "sep_token": "[SEP]", "unk_token": "[UNK]"}}, "cardData": {"license": "apache-2.0", "tags": ["generated_from_trainer"], "datasets": ["glue"], "metrics": ["matthews_correlation"], "model-index": [{"name": "bert-base-uncased-finetuned-last-cola", "results": [{"task": {"name": "Text Classification", "type": "text-classification"}, "dataset": {"name": "glue", "type": "glue", "config": "cola", "split": "validation", "args": "cola"}, "metrics": [{"name": "Matthews Correlation", "type": "matthews_correlation", "value": 0.5892439733711194, "verified": false}]}]}]}, "transformersInfo": {"auto_model": "AutoModelForSequenceClassification", "pipeline_tag": "text-classification", "processor": "AutoTokenizer"}, "siblings": [{"rfilename": ".gitattributes"}, {"rfilename": ".gitignore"}, {"rfilename": "README.md"}, {"rfilename": "config.json"}, {"rfilename": "pytorch_model.bin"}, {"rfilename": "runs/May07_08-51-11_b172516785d1/1683449482.2846494/events.out.tfevents.1683449482.b172516785d1.373.1"}, {"rfilename": "runs/May07_08-51-11_b172516785d1/1683450022.9004245/events.out.tfevents.1683450022.b172516785d1.373.4"}, {"rfilename": "runs/May07_08-51-11_b172516785d1/1683450758.7670605/events.out.tfevents.1683450758.b172516785d1.373.6"}, {"rfilename": "runs/May07_08-51-11_b172516785d1/1683450943.9097369/events.out.tfevents.1683450943.b172516785d1.373.8"}, {"rfilename": "runs/May07_08-51-11_b172516785d1/events.out.tfevents.1683449482.b172516785d1.373.0"}, {"rfilename": "runs/May07_08-51-11_b172516785d1/events.out.tfevents.1683449898.b172516785d1.373.2"}, {"rfilename": "runs/May07_08-51-11_b172516785d1/events.out.tfevents.1683450022.b172516785d1.373.3"}, {"rfilename": "runs/May07_08-51-11_b172516785d1/events.out.tfevents.1683450758.b172516785d1.373.5"}, {"rfilename": "runs/May07_08-51-11_b172516785d1/events.out.tfevents.1683450943.b172516785d1.373.7"}, {"rfilename": "runs/May07_08-51-11_b172516785d1/events.out.tfevents.1683451005.b172516785d1.373.9"}, {"rfilename": "runs/May07_14-05-39_c6e5916e05af/1683468453.0638583/events.out.tfevents.1683468453.c6e5916e05af.667.1"}, {"rfilename": "runs/May07_14-05-39_c6e5916e05af/1683469044.6629012/events.out.tfevents.1683469044.c6e5916e05af.667.4"}, {"rfilename": "runs/May07_14-05-39_c6e5916e05af/1683469628.9232655/events.out.tfevents.1683469628.c6e5916e05af.667.6"}, {"rfilename": "runs/May07_14-05-39_c6e5916e05af/1683470352.3591273/events.out.tfevents.1683470352.c6e5916e05af.667.8"}, {"rfilename": "runs/May07_14-05-39_c6e5916e05af/events.out.tfevents.1683468453.c6e5916e05af.667.0"}, {"rfilename": "runs/May07_14-05-39_c6e5916e05af/events.out.tfevents.1683468872.c6e5916e05af.667.2"}, {"rfilename": "runs/May07_14-05-39_c6e5916e05af/events.out.tfevents.1683469044.c6e5916e05af.667.3"}, {"rfilename": "runs/May07_14-05-39_c6e5916e05af/events.out.tfevents.1683469628.c6e5916e05af.667.5"}, {"rfilename": "runs/May07_14-05-39_c6e5916e05af/events.out.tfevents.1683470352.c6e5916e05af.667.7"}, {"rfilename": "runs/May07_14-05-39_c6e5916e05af/events.out.tfevents.1683471057.c6e5916e05af.667.9"}, {"rfilename": "special_tokens_map.json"}, {"rfilename": "tokenizer.json"}, {"rfilename": "tokenizer_config.json"}, {"rfilename": "training_args.bin"}, {"rfilename": "vocab.txt"}], "spaces": [], "createdAt": "2023-05-07T08:51:17.000Z", "inferenceStatus": "not-loaded"}