{"_id": "6450e1af9bff951ca132ec51", "id": "yagmurery/bert-base-uncased-finetuned-cola", "modelId": "yagmurery/bert-base-uncased-finetuned-cola", "author": "yagmurery", "sha": "1538b305a0ee1301491801102dc3465dbd954804", "lastModified": "2023-05-03T18:54:13.000Z", "private": false, "disabled": false, "gated": false, "pipeline_tag": "text-classification", "tags": ["transformers", "pytorch", "tensorboard", "bert", "text-classification", "generated_from_trainer", "dataset:glue", "license:apache-2.0", "model-index", "autotrain_compatible", "endpoints_compatible", "region:us"], "downloads": 4, "library_name": "transformers", "mask_token": "[MASK]", "widgetData": [{"text": "I like you. I love you"}], "likes": 0, "model-index": [{"name": "bert-base-uncased-finetuned-cola", "results": [{"task": {"name": "Text Classification", "type": "text-classification"}, "dataset": {"name": "glue", "type": "glue", "config": "cola", "split": "validation", "args": "cola"}, "metrics": [{"name": "Matthews Correlation", "type": "matthews_correlation", "value": 0.5855730181125508, "verified": false}]}]}], "config": {"architectures": ["BertForSequenceClassification"], "model_type": "bert", "tokenizer_config": {"cls_token": "[CLS]", "mask_token": "[MASK]", "pad_token": "[PAD]", "sep_token": "[SEP]", "unk_token": "[UNK]"}}, "cardData": {"license": "apache-2.0", "tags": ["generated_from_trainer"], "datasets": ["glue"], "metrics": ["matthews_correlation"], "model-index": [{"name": "bert-base-uncased-finetuned-cola", "results": [{"task": {"name": "Text Classification", "type": "text-classification"}, "dataset": {"name": "glue", "type": "glue", "config": "cola", "split": "validation", "args": "cola"}, "metrics": [{"name": "Matthews Correlation", "type": "matthews_correlation", "value": 0.5855730181125508, "verified": false}]}]}]}, "transformersInfo": {"auto_model": "AutoModelForSequenceClassification", "pipeline_tag": "text-classification", "processor": "AutoTokenizer"}, "siblings": [{"rfilename": ".gitattributes"}, {"rfilename": ".gitignore"}, {"rfilename": "README.md"}, {"rfilename": "config.json"}, {"rfilename": "pytorch_model.bin"}, {"rfilename": "runs/May02_10-10-29_7cf929027486/1683022350.1666338/events.out.tfevents.1683022350.7cf929027486.556.1"}, {"rfilename": "runs/May02_10-10-29_7cf929027486/1683026173.05168/events.out.tfevents.1683026173.7cf929027486.556.4"}, {"rfilename": "runs/May02_10-10-29_7cf929027486/1683028950.4374218/events.out.tfevents.1683028950.7cf929027486.556.6"}, {"rfilename": "runs/May02_10-10-29_7cf929027486/1683030542.438679/events.out.tfevents.1683030542.7cf929027486.556.7"}, {"rfilename": "runs/May02_10-10-29_7cf929027486/1683030823.2465887/events.out.tfevents.1683030823.7cf929027486.556.8"}, {"rfilename": "runs/May02_10-10-29_7cf929027486/1683032752.6649003/events.out.tfevents.1683032752.7cf929027486.556.9"}, {"rfilename": "runs/May02_10-10-29_7cf929027486/events.out.tfevents.1683022350.7cf929027486.556.0"}, {"rfilename": "runs/May02_10-10-29_7cf929027486/events.out.tfevents.1683024818.7cf929027486.556.2"}, {"rfilename": "runs/May02_10-10-29_7cf929027486/events.out.tfevents.1683026173.7cf929027486.556.3"}, {"rfilename": "runs/May02_10-10-29_7cf929027486/events.out.tfevents.1683028950.7cf929027486.556.5"}, {"rfilename": "runs/May03_17-12-12_0a02f345f549/1683134555.9481492/events.out.tfevents.1683134555.0a02f345f549.262.1"}, {"rfilename": "runs/May03_17-12-12_0a02f345f549/1683135113.375154/events.out.tfevents.1683135113.0a02f345f549.262.4"}, {"rfilename": "runs/May03_17-12-12_0a02f345f549/1683135188.523898/events.out.tfevents.1683135188.0a02f345f549.262.6"}, {"rfilename": "runs/May03_17-12-12_0a02f345f549/events.out.tfevents.1683134555.0a02f345f549.262.0"}, {"rfilename": "runs/May03_17-12-12_0a02f345f549/events.out.tfevents.1683135017.0a02f345f549.262.2"}, {"rfilename": "runs/May03_17-12-12_0a02f345f549/events.out.tfevents.1683135113.0a02f345f549.262.3"}, {"rfilename": "runs/May03_17-12-12_0a02f345f549/events.out.tfevents.1683135188.0a02f345f549.262.5"}, {"rfilename": "runs/May03_18-32-31_40515877a9fc/1683138926.0267003/events.out.tfevents.1683138926.40515877a9fc.701.1"}, {"rfilename": "runs/May03_18-32-31_40515877a9fc/1683139834.311994/events.out.tfevents.1683139834.40515877a9fc.701.3"}, {"rfilename": "runs/May03_18-32-31_40515877a9fc/events.out.tfevents.1683138926.40515877a9fc.701.0"}, {"rfilename": "runs/May03_18-32-31_40515877a9fc/events.out.tfevents.1683139255.40515877a9fc.701.2"}, {"rfilename": "special_tokens_map.json"}, {"rfilename": "tokenizer.json"}, {"rfilename": "tokenizer_config.json"}, {"rfilename": "training_args.bin"}, {"rfilename": "vocab.txt"}], "spaces": [], "createdAt": "2023-05-02T10:10:55.000Z", "inferenceStatus": "not-loaded"}