{"_id": "6400d1b8c90f6cbdf7a353e6", "id": "Yagorka/ddpm-pokemons-128_200_epochs_1000_float32", "modelId": "Yagorka/ddpm-pokemons-128_200_epochs_1000_float32", "author": "Yagorka", "sha": "80cd4e8b08573841a1176d756e2efffe49f4ddc8", "lastModified": "2023-03-03T02:02:47.000Z", "private": false, "disabled": false, "gated": false, "tags": ["diffusers", "tensorboard", "en", "dataset:imagefolder", "license:apache-2.0", "diffusers:DDPMPipeline", "region:us"], "downloads": 1, "library_name": "diffusers", "likes": 0, "model-index": null, "config": {"diffusers": {"_class_name": "DDPMPipeline"}}, "cardData": {"language": "en", "license": "apache-2.0", "library_name": "diffusers", "tags": [], "datasets": "imagefolder", "metrics": []}, "siblings": [{"rfilename": ".gitattributes"}, {"rfilename": ".gitignore"}, {"rfilename": "README.md"}, {"rfilename": "logs/train_example/events.out.tfevents.1677775294.yagor-pc.168009.0"}, {"rfilename": "logs/train_example/events.out.tfevents.1677775466.yagor-pc.168009.1"}, {"rfilename": "model_index.json"}, {"rfilename": "samples/0099.png"}, {"rfilename": "samples/0199.png"}, {"rfilename": "scheduler/scheduler_config.json"}, {"rfilename": "unet/config.json"}, {"rfilename": "unet/diffusion_pytorch_model.bin"}], "spaces": [], "createdAt": "2023-03-02T16:41:28.000Z", "inferenceStatus": "not-loaded"}