{"_id": "63a1f098e36f2e4d5b126222", "id": "Yagorka/ddpm-butterflies-256_new_data_continue", "modelId": "Yagorka/ddpm-butterflies-256_new_data_continue", "author": "Yagorka", "sha": "1e7dc01c6d2a9b16845b29981ae9ae9a38062ed5", "lastModified": "2022-12-20T17:27:54.000Z", "private": false, "disabled": false, "gated": false, "tags": ["region:us"], "downloads": 0, "likes": 0, "siblings": [{"rfilename": ".gitattributes"}], "spaces": [], "createdAt": "2022-12-20T17:27:52.000Z", "inferenceStatus": "not-loaded"}