{"_id": "63fe7e0ed488ac513a7d48f5", "id": "Yagorka/ddpm-pokemons-128_300_epochs_1000_steps_final_Cont_cont", "modelId": "Yagorka/ddpm-pokemons-128_300_epochs_1000_steps_final_Cont_cont", "author": "Yagorka", "sha": "2c5747770efb726fb7a87ab43b1f32c8ac4d5748", "lastModified": "2023-03-01T07:32:49.000Z", "private": false, "disabled": false, "gated": false, "tags": ["diffusers", "tensorboard", "en", "dataset:imagefolder", "license:apache-2.0", "diffusers:DDPMPipeline", "region:us"], "downloads": 0, "library_name": "diffusers", "likes": 0, "model-index": null, "config": {"diffusers": {"_class_name": "DDPMPipeline"}}, "cardData": {"language": "en", "license": "apache-2.0", "library_name": "diffusers", "tags": [], "datasets": "imagefolder", "metrics": []}, "siblings": [{"rfilename": ".gitattributes"}, {"rfilename": ".gitignore"}, {"rfilename": "README.md"}, {"rfilename": "logs/train_example/events.out.tfevents.1677622803.yagor-pc.3890.0"}, {"rfilename": "model_index.json"}, {"rfilename": "samples/0099.png"}, {"rfilename": "samples/0199.png"}, {"rfilename": "samples/0299.png"}, {"rfilename": "scheduler/scheduler_config.json"}, {"rfilename": "unet/config.json"}, {"rfilename": "unet/diffusion_pytorch_model.bin"}], "spaces": [], "createdAt": "2023-02-28T22:19:58.000Z", "inferenceStatus": "not-loaded"}