{"_id": "661b5393851baf948b5d7398", "id": "Yagorka/sentiment_finance_ru", "modelId": "Yagorka/sentiment_finance_ru", "author": "Yagorka", "sha": "9b077dbe915a660489fcd0ff8a549b2dc7f27172", "lastModified": "2024-04-14T03:58:44.000Z", "private": false, "disabled": false, "gated": false, "tags": ["license:apache-2.0", "region:us"], "downloads": 0, "likes": 0, "model-index": null, "cardData": {"license": "apache-2.0"}, "siblings": [{"rfilename": ".gitattributes"}, {"rfilename": "README.md"}, {"rfilename": "best_model_state.bin"}], "spaces": [], "createdAt": "2024-04-14T03:54:59.000Z", "inferenceStatus": "not-loaded"}