{"_id": "64018ea0eb72232a5300e5bf", "id": "Yagorka/ddpm-pokemons-128_300_epochs_1000_float32_cont", "modelId": "Yagorka/ddpm-pokemons-128_300_epochs_1000_float32_cont", "author": "Yagorka", "sha": "1dba61a93037ac0d9a9dc9dff306ea188a54147b", "lastModified": "2023-03-03T10:36:05.000Z", "private": false, "disabled": false, "gated": false, "tags": ["diffusers", "tensorboard", "en", "dataset:imagefolder", "license:apache-2.0", "diffusers:DDPMPipeline", "region:us"], "downloads": 0, "library_name": "diffusers", "likes": 0, "model-index": null, "config": {"diffusers": {"_class_name": "DDPMPipeline"}}, "cardData": {"language": "en", "license": "apache-2.0", "library_name": "diffusers", "tags": [], "datasets": "imagefolder", "metrics": []}, "siblings": [{"rfilename": ".gitattributes"}, {"rfilename": ".gitignore"}, {"rfilename": "README.md"}, {"rfilename": "logs/train_example/events.out.tfevents.1677823654.yagor-pc.251170.1"}, {"rfilename": "model_index.json"}, {"rfilename": "samples/0099.png"}, {"rfilename": "scheduler/scheduler_config.json"}, {"rfilename": "unet/config.json"}, {"rfilename": "unet/diffusion_pytorch_model.bin"}], "spaces": [], "createdAt": "2023-03-03T06:07:28.000Z", "inferenceStatus": "not-loaded"}