{"_id": "63f9ade862c1f8ed2e5b1e41", "id": "Yagorka/ddpm-pokemons-256_50_epochs_700_steps_continue", "modelId": "Yagorka/ddpm-pokemons-256_50_epochs_700_steps_continue", "author": "Yagorka", "sha": "13cde5cce94a6b76bba12bf9be512c8d8a3bc226", "lastModified": "2023-02-25T06:42:48.000Z", "private": false, "disabled": false, "gated": false, "tags": ["region:us"], "downloads": 0, "likes": 0, "siblings": [{"rfilename": ".gitattributes"}], "spaces": [], "createdAt": "2023-02-25T06:42:48.000Z", "inferenceStatus": "not-loaded"}