{"_id": "6496fd3a2b5a296dbc6ed869", "id": "YAGOSTOSO/PABLLO-VITTAR", "modelId": "YAGOSTOSO/PABLLO-VITTAR", "author": "YAGOSTOSO", "sha": "c49b9bc203534990dfe002e4aa3d0b1774e58922", "lastModified": "2023-06-24T14:30:02.000Z", "private": false, "disabled": false, "gated": false, "tags": ["license:unknown", "region:us"], "downloads": 0, "likes": 0, "model-index": null, "cardData": {"license": "unknown"}, "siblings": [{"rfilename": ".gitattributes"}, {"rfilename": "PABLLOVITTARRVC.zip"}, {"rfilename": "README.md"}], "spaces": [], "createdAt": "2023-06-24T14:27:06.000Z", "inferenceStatus": "not-loaded"}