{"_id": "63fbe252cacbb407e4be99f4", "id": "Yagorka/ddpm-pokemons-128_300_epochs_1000_steps_real_cont_cont", "modelId": "Yagorka/ddpm-pokemons-128_300_epochs_1000_steps_real_cont_cont", "author": "Yagorka", "sha": "dc5368361e985a5ba7a2a7380bfa81165af08a96", "lastModified": "2023-02-27T11:16:22.000Z", "private": false, "disabled": false, "gated": false, "tags": ["diffusers", "tensorboard", "en", "dataset:imagefolder", "license:apache-2.0", "diffusers:DDPMPipeline", "region:us"], "downloads": 0, "library_name": "diffusers", "likes": 0, "model-index": null, "config": {"diffusers": {"_class_name": "DDPMPipeline"}}, "cardData": {"language": "en", "license": "apache-2.0", "library_name": "diffusers", "tags": [], "datasets": "imagefolder", "metrics": []}, "siblings": [{"rfilename": ".gitattributes"}, {"rfilename": ".gitignore"}, {"rfilename": "README.md"}, {"rfilename": "logs/train_example/events.out.tfevents.1677451864.yagor-pc.110505.1"}, {"rfilename": "model_index.json"}, {"rfilename": "samples/0099.png"}, {"rfilename": "samples/0199.png"}, {"rfilename": "samples/0299.png"}, {"rfilename": "samples/0399.png"}, {"rfilename": "scheduler/scheduler_config.json"}, {"rfilename": "unet/config.json"}, {"rfilename": "unet/diffusion_pytorch_model.bin"}], "spaces": [], "createdAt": "2023-02-26T22:50:58.000Z", "inferenceStatus": "not-loaded"}