{"_id": "63fa592eb018e56ef7b93d69", "id": "Yagorka/ddpm-pokemons-128_50_epochs_1000_steps_continue", "modelId": "Yagorka/ddpm-pokemons-128_50_epochs_1000_steps_continue", "author": "Yagorka", "sha": "53ccec36da04bb43be5b601c35b4d762d1ed4c04", "lastModified": "2023-02-25T20:59:48.000Z", "private": false, "disabled": false, "gated": false, "tags": ["diffusers", "tensorboard", "en", "dataset:imagefolder", "license:apache-2.0", "diffusers:DDPMPipeline", "region:us"], "downloads": 0, "library_name": "diffusers", "likes": 0, "model-index": null, "config": {"diffusers": {"_class_name": "DDPMPipeline"}}, "cardData": {"language": "en", "license": "apache-2.0", "library_name": "diffusers", "tags": [], "datasets": "imagefolder", "metrics": []}, "siblings": [{"rfilename": ".gitattributes"}, {"rfilename": ".gitignore"}, {"rfilename": "README.md"}, {"rfilename": "logs/train_example/events.out.tfevents.1677351220.yagor-pc.39869.1"}, {"rfilename": "model_index.json"}, {"rfilename": "samples/0024.png"}, {"rfilename": "samples/0049.png"}, {"rfilename": "samples/0059.png"}, {"rfilename": "scheduler/scheduler_config.json"}, {"rfilename": "unet/config.json"}, {"rfilename": "unet/diffusion_pytorch_model.bin"}], "spaces": [], "createdAt": "2023-02-25T18:53:34.000Z", "inferenceStatus": "not-loaded"}