{"_id": "63a1f1dbf30c4642277eafeb", "id": "Yagorka/ddpm-butterflies-256_new_data_500", "modelId": "Yagorka/ddpm-butterflies-256_new_data_500", "author": "Yagorka", "sha": "48b55f13ee1caa4f4cb6695353f46dea5d3fc065", "lastModified": "2022-12-20T20:37:41.000Z", "private": false, "disabled": false, "gated": false, "tags": ["diffusers", "tensorboard", "en", "dataset:imagefolder", "license:apache-2.0", "diffusers:DDPMPipeline", "region:us"], "downloads": 0, "library_name": "diffusers", "likes": 0, "model-index": null, "config": {"diffusers": {"_class_name": "DDPMPipeline"}}, "cardData": {"language": "en", "license": "apache-2.0", "library_name": "diffusers", "tags": [], "datasets": "imagefolder", "metrics": []}, "siblings": [{"rfilename": ".gitattributes"}, {"rfilename": ".gitignore"}, {"rfilename": "README.md"}, {"rfilename": "logs/train_example/events.out.tfevents.1671557601.yagor-pc.18169.6"}, {"rfilename": "model_index.json"}, {"rfilename": "samples/0099.png"}, {"rfilename": "samples/0199.png"}, {"rfilename": "samples/0299.png"}, {"rfilename": "samples/0399.png"}, {"rfilename": "samples/0499.png"}, {"rfilename": "scheduler/scheduler_config.json"}, {"rfilename": "unet/config.json"}, {"rfilename": "unet/diffusion_pytorch_model.bin"}], "spaces": [], "createdAt": "2022-12-20T17:33:15.000Z", "inferenceStatus": "not-loaded"}