{"_id": "63559cb5b8b79340d4626313", "id": "Yagorka/ddpm-butterflies-128", "modelId": "Yagorka/ddpm-butterflies-128", "author": "Yagorka", "sha": "5092d8a2b4b2cd9cb7307d4d162fef832c4cf3f3", "lastModified": "2022-11-20T16:37:42.000Z", "private": false, "disabled": false, "gated": false, "tags": ["diffusers", "tensorboard", "en", "dataset:imagefolder", "license:apache-2.0", "diffusers:DDPMPipeline", "region:us"], "downloads": 0, "library_name": "diffusers", "likes": 0, "model-index": null, "config": {"diffusers": {"_class_name": "DDPMPipeline"}}, "cardData": {"language": "en", "license": "apache-2.0", "library_name": "diffusers", "tags": [], "datasets": "imagefolder", "metrics": []}, "siblings": [{"rfilename": ".gitattributes"}, {"rfilename": ".gitignore"}, {"rfilename": "README.md"}, {"rfilename": "logs/train_example/events.out.tfevents.1668937039.yagor-pc.6899.0"}, {"rfilename": "model_index.json"}, {"rfilename": "samples/0001.png"}, {"rfilename": "samples/0003.png"}, {"rfilename": "samples/0005.png"}, {"rfilename": "samples/0007.png"}, {"rfilename": "samples/0009.png"}, {"rfilename": "samples/0011.png"}, {"rfilename": "samples/0013.png"}, {"rfilename": "samples/0015.png"}, {"rfilename": "samples/0017.png"}, {"rfilename": "samples/0019.png"}, {"rfilename": "samples/0021.png"}, {"rfilename": "samples/0023.png"}, {"rfilename": "samples/0025.png"}, {"rfilename": "samples/0027.png"}, {"rfilename": "samples/0029.png"}, {"rfilename": "samples/0031.png"}, {"rfilename": "samples/0033.png"}, {"rfilename": "samples/0035.png"}, {"rfilename": "samples/0037.png"}, {"rfilename": "samples/0039.png"}, {"rfilename": "samples/0041.png"}, {"rfilename": "samples/0043.png"}, {"rfilename": "samples/0045.png"}, {"rfilename": "samples/0047.png"}, {"rfilename": "samples/0049.png"}, {"rfilename": "scheduler/scheduler_config.json"}, {"rfilename": "unet/config.json"}, {"rfilename": "unet/diffusion_pytorch_model.bin"}], "spaces": [], "createdAt": "2022-10-23T19:57:41.000Z", "inferenceStatus": "not-loaded"}