{"_id": "64340966d12a239d72e310e4", "id": "Yagorka/ddpm-bubble-new_data-256", "modelId": "Yagorka/ddpm-bubble-new_data-256", "author": "Yagorka", "sha": "ef32ea558035d2d02736341d99c7393f0d2389f1", "lastModified": "2023-04-10T15:35:46.000Z", "private": false, "disabled": false, "gated": false, "tags": ["diffusers", "tensorboard", "en", "dataset:imagefolder", "license:apache-2.0", "diffusers:DDPMPipeline", "region:us"], "downloads": 0, "library_name": "diffusers", "likes": 0, "model-index": null, "config": {"diffusers": {"_class_name": "DDPMPipeline"}}, "cardData": {"language": "en", "license": "apache-2.0", "library_name": "diffusers", "tags": [], "datasets": "imagefolder", "metrics": []}, "siblings": [{"rfilename": ".gitattributes"}, {"rfilename": ".gitignore"}, {"rfilename": "README.md"}, {"rfilename": "logs/train_example/events.out.tfevents.1681131883.yagor-pc.60114.0"}, {"rfilename": "logs/train_example/events.out.tfevents.1681131977.yagor-pc.61202.0"}, {"rfilename": "logs/train_example/events.out.tfevents.1681132120.yagor-pc.61202.1"}, {"rfilename": "model_index.json"}, {"rfilename": "samples/0199.png"}, {"rfilename": "samples/0399.png"}, {"rfilename": "scheduler/scheduler_config.json"}, {"rfilename": "unet/config.json"}, {"rfilename": "unet/diffusion_pytorch_model.bin"}], "spaces": [], "createdAt": "2023-04-10T13:04:38.000Z", "inferenceStatus": "not-loaded"}