{"_id": "6291013c473e457463a5af44", "id": "Yah216/Poem_Qafiyah_Detection", "modelId": "Yah216/Poem_Qafiyah_Detection", "author": "Yah216", "sha": "0a6f758cf92894b97c86af3e7cce2e9ec747aaab", "lastModified": "2022-05-28T07:56:56.000Z", "private": false, "disabled": false, "gated": false, "pipeline_tag": "text-classification", "tags": ["transformers", "pytorch", "bert", "text-classification", "ar", "dataset:Yah216/Poem_Rawiy_detection", "co2_eq_emissions", "autotrain_compatible", "endpoints_compatible", "region:us"], "downloads": 4, "library_name": "transformers", "mask_token": "[MASK]", "widgetData": [{"text": "\u0633\u064e\u0644\u0648 \u0642\u064e\u0644\u0628\u064a \u063a\u064e\u062f\u0627\u0629\u064e \u0633\u064e\u0644\u0627 \u0648\u064e\u062b\u0627\u0628\u0627 \u0644\u064e\u0639\u064e\u0644\u064e\u0651 \u0639\u064e\u0644\u0649 \u0627\u0644\u062c\u064e\u0645\u0627\u0644\u0650 \u0644\u064e\u0647\u064f \u0639\u0650\u062a\u0627\u0628"}], "likes": 0, "model-index": null, "config": {"architectures": ["BertForSequenceClassification"], "model_type": "bert", "tokenizer_config": {"unk_token": "[UNK]", "sep_token": "[SEP]", "pad_token": "[PAD]", "cls_token": "[CLS]", "mask_token": "[MASK]"}}, "cardData": {"language": "ar", "datasets": ["Yah216/Poem_Rawiy_detection"], "co2_eq_emissions": 1.8046766441629636, "widget": ["\u0633\u064e\u0644\u0648 \u0642\u064e\u0644\u0628\u064a \u063a\u064e\u062f\u0627\u0629\u064e \u0633\u064e\u0644\u0627 \u0648\u064e\u062b\u0627\u0628\u0627 \u0644\u064e\u0639\u064e\u0644\u064e\u0651 \u0639\u064e\u0644\u0649 \u0627\u0644\u062c\u064e\u0645\u0627\u0644\u0650 \u0644\u064e\u0647\u064f \u0639\u0650\u062a\u0627\u0628"]}, "transformersInfo": {"auto_model": "AutoModelForSequenceClassification", "pipeline_tag": "text-classification", "processor": "AutoTokenizer"}, "siblings": [{"rfilename": ".gitattributes"}, {"rfilename": "README.md"}, {"rfilename": "config.json"}, {"rfilename": "pytorch_model.bin"}, {"rfilename": "sample_input.pkl"}, {"rfilename": "special_tokens_map.json"}, {"rfilename": "tokenizer.json"}, {"rfilename": "tokenizer_config.json"}, {"rfilename": "vocab.txt"}], "spaces": ["Ababababababbababa/Arabic_poem_classifier", "Yah216/Arabic_poem_classifier", "abbbbbbbbbbbbbb/Arabic_poem_classifier", "aaaaaabbbbbbbdddddddduuuuulllll/Arabic_poem_classifier"], "createdAt": "2022-05-27T16:50:04.000Z", "inferenceStatus": "not-loaded"}