{"_id": "628fe6e7dd993507cfce6922", "id": "Yah216/Arabic_poem_meter_3", "modelId": "Yah216/Arabic_poem_meter_3", "author": "Yah216", "sha": "fdee92fa4ee718710c24ca36e3cb27a2f5547450", "lastModified": "2022-05-28T07:59:10.000Z", "private": false, "disabled": false, "gated": false, "pipeline_tag": "text-classification", "tags": ["transformers", "pytorch", "bert", "text-classification", "ar", "co2_eq_emissions", "autotrain_compatible", "endpoints_compatible", "region:us"], "downloads": 5, "library_name": "transformers", "mask_token": "[MASK]", "widgetData": [{"text": "\u0642\u0641\u0627 \u0646\u0628\u0643 \u0645\u0646 \u0630\u0650\u0643\u0631\u0649 \u062d\u0628\u064a\u0628 \u0648\u0645\u0646\u0632\u0644\u0650  \u0628\u0633\u0650\u0642\u0637\u0650 \u0627\u0644\u0644\u0650\u0651\u0648\u0649 \u0628\u064a\u0646\u064e \u0627\u0644\u062f\u064e\u0651\u062e\u0648\u0644 \u0641\u062d\u064e\u0648\u0652\u0645\u0644\u0650"}, {"text": "\u0633\u064e\u0644\u0648 \u0642\u064e\u0644\u0628\u064a \u063a\u064e\u062f\u0627\u0629\u064e \u0633\u064e\u0644\u0627 \u0648\u064e\u062b\u0627\u0628\u0627 \u0644\u064e\u0639\u064e\u0644\u064e\u0651 \u0639\u064e\u0644\u0649 \u0627\u0644\u062c\u064e\u0645\u0627\u0644\u0650 \u0644\u064e\u0647\u064f \u0639\u0650\u062a\u0627\u0628\u0627"}], "likes": 0, "model-index": null, "config": {"architectures": ["BertForSequenceClassification"], "model_type": "bert", "tokenizer_config": {"unk_token": "[UNK]", "sep_token": "[SEP]", "pad_token": "[PAD]", "cls_token": "[CLS]", "mask_token": "[MASK]"}}, "cardData": {"language": "ar", "widget": [{"text": "\u0642\u0641\u0627 \u0646\u0628\u0643 \u0645\u0646 \u0630\u0650\u0643\u0631\u0649 \u062d\u0628\u064a\u0628 \u0648\u0645\u0646\u0632\u0644\u0650  \u0628\u0633\u0650\u0642\u0637\u0650 \u0627\u0644\u0644\u0650\u0651\u0648\u0649 \u0628\u064a\u0646\u064e \u0627\u0644\u062f\u064e\u0651\u062e\u0648\u0644 \u0641\u062d\u064e\u0648\u0652\u0645\u0644\u0650"}, {"text": "\u0633\u064e\u0644\u0648 \u0642\u064e\u0644\u0628\u064a \u063a\u064e\u062f\u0627\u0629\u064e \u0633\u064e\u0644\u0627 \u0648\u064e\u062b\u0627\u0628\u0627 \u0644\u064e\u0639\u064e\u0644\u064e\u0651 \u0639\u064e\u0644\u0649 \u0627\u0644\u062c\u064e\u0645\u0627\u0644\u0650 \u0644\u064e\u0647\u064f \u0639\u0650\u062a\u0627\u0628\u0627"}], "co2_eq_emissions": 404.66986451902227}, "transformersInfo": {"auto_model": "AutoModelForSequenceClassification", "pipeline_tag": "text-classification", "processor": "AutoTokenizer"}, "siblings": [{"rfilename": ".gitattributes"}, {"rfilename": "README.md"}, {"rfilename": "config.json"}, {"rfilename": "pytorch_model.bin"}, {"rfilename": "sample_input.pkl"}, {"rfilename": "special_tokens_map.json"}, {"rfilename": "tokenizer.json"}, {"rfilename": "tokenizer_config.json"}, {"rfilename": "vocab.txt"}], "spaces": ["Ababababababbababa/Arabic_poem_classifier", "Yah216/Arabic_poem_classifier", "abbbbbbbbbbbbbb/Arabic_poem_classifier", "aaaaaabbbbbbbdddddddduuuuulllll/Arabic_poem_classifier"], "createdAt": "2022-05-26T20:45:27.000Z", "inferenceStatus": "not-loaded"}