{"_id": "66341792092671c6d3e0e384", "id": "yahavb/optimum-neuron-sd21", "modelId": "yahavb/optimum-neuron-sd21", "author": "yahavb", "sha": "e1086eedb704fe97e52c598ace40bbb9a3c5d6c2", "lastModified": "2024-05-15T15:26:37.000Z", "private": false, "disabled": false, "gated": false, "tags": ["license:mit", "region:us"], "downloads": 0, "likes": 0, "model-index": null, "cardData": {"license": "mit"}, "siblings": [{"rfilename": ".gitattributes"}, {"rfilename": "README.md"}, {"rfilename": "feature_extractor/preprocessor_config.json"}, {"rfilename": "model_index.json"}, {"rfilename": "scheduler/scheduler_config.json"}, {"rfilename": "text_encoder/config.json"}, {"rfilename": "text_encoder/model.neuron"}, {"rfilename": "tokenizer/merges.txt"}, {"rfilename": "tokenizer/special_tokens_map.json"}, {"rfilename": "tokenizer/tokenizer_config.json"}, {"rfilename": "tokenizer/vocab.json"}, {"rfilename": "unet/config.json"}, {"rfilename": "unet/model.neuron"}, {"rfilename": "vae_decoder/config.json"}, {"rfilename": "vae_decoder/model.neuron"}, {"rfilename": "vae_encoder/config.json"}, {"rfilename": "vae_encoder/model.neuron"}], "spaces": [], "createdAt": "2024-05-02T22:45:38.000Z", "inferenceStatus": "not-loaded"}