{"_id": "66598d8c3afbfc3e79e61e92", "id": "yahcreeper/GenAI-HW10-Model", "modelId": "yahcreeper/GenAI-HW10-Model", "author": "yahcreeper", "sha": "f62121cdfe78a79c1390bb1c7d2a9cf62b3d8968", "lastModified": "2024-05-31T08:57:41.000Z", "private": false, "disabled": false, "gated": false, "tags": ["license:creativeml-openrail-m", "region:us"], "downloads": 0, "likes": 0, "model-index": null, "cardData": {"license": "creativeml-openrail-m"}, "siblings": [{"rfilename": ".gitattributes"}, {"rfilename": "README.md"}, {"rfilename": "checkpoint-1/valid_image_0.png"}, {"rfilename": "checkpoint-1/valid_image_1.png"}, {"rfilename": "checkpoint-1/valid_image_2.png"}, {"rfilename": "checkpoint-1000/valid_image_0.png"}, {"rfilename": "checkpoint-1000/valid_image_1.png"}, {"rfilename": "checkpoint-1000/valid_image_2.png"}, {"rfilename": "checkpoint-200/valid_image_0.png"}, {"rfilename": "checkpoint-200/valid_image_1.png"}, {"rfilename": "checkpoint-200/valid_image_2.png"}, {"rfilename": "checkpoint-400/valid_image_0.png"}, {"rfilename": "checkpoint-400/valid_image_1.png"}, {"rfilename": "checkpoint-400/valid_image_2.png"}, {"rfilename": "checkpoint-600/valid_image_0.png"}, {"rfilename": "checkpoint-600/valid_image_1.png"}, {"rfilename": "checkpoint-600/valid_image_2.png"}, {"rfilename": "checkpoint-800/valid_image_0.png"}, {"rfilename": "checkpoint-800/valid_image_1.png"}, {"rfilename": "checkpoint-800/valid_image_2.png"}, {"rfilename": "checkpoint-last/text_encoder.pt"}, {"rfilename": "checkpoint-last/unet.pt"}], "spaces": [], "createdAt": "2024-05-31T08:42:52.000Z", "inferenceStatus": "not-loaded"}