{"_id": "6421a2b4332961f4dfa9be25", "id": "yahhhhh/mylora", "modelId": "yahhhhh/mylora", "author": "yahhhhh", "sha": "215af23d920efe0730e4526366c72c7e728ff073", "lastModified": "2023-05-25T05:55:22.000Z", "private": false, "disabled": false, "gated": false, "tags": ["license:other", "region:us"], "downloads": 0, "likes": 0, "model-index": null, "cardData": {"license": "other"}, "siblings": [{"rfilename": ".gitattributes"}, {"rfilename": "README.md"}, {"rfilename": "gf1.5.safetensors"}, {"rfilename": "maji_zhenren_fil_zaopian_LD.safetensors"}, {"rfilename": "twbabe_7.safetensors"}], "spaces": [], "createdAt": "2023-03-27T14:05:40.000Z", "inferenceStatus": "not-loaded"}