{"_id": "65359c285f5e918bdc0fc48f", "id": "YaHi/student_deberta_large", "modelId": "YaHi/student_deberta_large", "author": "YaHi", "sha": "d2bea208801feec3d29dc6d71e4131bff3c1bf76", "lastModified": "2023-10-22T22:04:05.000Z", "private": false, "disabled": false, "gated": false, "pipeline_tag": "text-classification", "tags": ["transformers", "pytorch", "deberta-v2", "text-classification", "autotrain_compatible", "endpoints_compatible", "region:us"], "downloads": 3, "library_name": "transformers", "mask_token": "[MASK]", "widgetData": [{"text": "I like you. I love you"}], "likes": 0, "config": {"architectures": ["DebertaV2ForSequenceClassification"], "model_type": "deberta-v2"}, "transformersInfo": {"auto_model": "AutoModelForSequenceClassification", "pipeline_tag": "text-classification", "processor": "AutoTokenizer"}, "siblings": [{"rfilename": ".gitattributes"}, {"rfilename": "config.json"}, {"rfilename": "pytorch_model.bin"}], "spaces": [], "createdAt": "2023-10-22T22:03:20.000Z", "inferenceStatus": "not-loaded"}