{"_id": "63d893919df3238d8955db4e", "id": "Yahim/1", "modelId": "Yahim/1", "author": "Yahim", "sha": "d63660890125c96a841dce143fc4ad42f9fd4862", "lastModified": "2023-01-31T04:05:37.000Z", "private": false, "disabled": false, "gated": false, "tags": ["license:openrail", "region:us"], "downloads": 0, "likes": 0, "model-index": null, "cardData": {"license": "openrail"}, "siblings": [{"rfilename": ".gitattributes"}, {"rfilename": "README.md"}], "spaces": [], "createdAt": "2023-01-31T04:05:37.000Z", "inferenceStatus": "not-loaded"}