{"_id": "645f00e35f8408a15101fbe9", "id": "Yahiael1/mymodel_v2_2", "modelId": "Yahiael1/mymodel_v2_2", "author": "Yahiael1", "sha": "f6ed394e0719deef3fab900c7e1afff486282de4", "lastModified": "2023-05-14T00:18:10.000Z", "private": false, "disabled": false, "gated": false, "pipeline_tag": "text2text-generation", "tags": ["transformers", "pytorch", "bart", "text2text-generation", "autotrain_compatible", "endpoints_compatible", "region:us"], "downloads": 1, "library_name": "transformers", "mask_token": "<mask>", "likes": 0, "config": {"architectures": ["BartForConditionalGeneration"], "model_type": "bart", "tokenizer_config": {"bos_token": "<s>", "cls_token": "<s>", "eos_token": "</s>", "mask_token": "<mask>", "pad_token": "<pad>", "sep_token": "</s>", "unk_token": "<unk>"}}, "transformersInfo": {"auto_model": "AutoModelForSeq2SeqLM", "pipeline_tag": "text2text-generation", "processor": "AutoTokenizer"}, "siblings": [{"rfilename": ".gitattributes"}, {"rfilename": ".gitignore"}, {"rfilename": "config.json"}, {"rfilename": "last-checkpoint/config.json"}, {"rfilename": "last-checkpoint/generation_config.json"}, {"rfilename": "last-checkpoint/merges.txt"}, {"rfilename": "last-checkpoint/optimizer.pt"}, {"rfilename": "last-checkpoint/pytorch_model.bin"}, {"rfilename": "last-checkpoint/rng_state.pth"}, {"rfilename": "last-checkpoint/scaler.pt"}, {"rfilename": "last-checkpoint/scheduler.pt"}, {"rfilename": "last-checkpoint/special_tokens_map.json"}, {"rfilename": "last-checkpoint/tokenizer.json"}, {"rfilename": "last-checkpoint/tokenizer_config.json"}, {"rfilename": "last-checkpoint/trainer_state.json"}, {"rfilename": "last-checkpoint/training_args.bin"}, {"rfilename": "last-checkpoint/vocab.json"}, {"rfilename": "merges.txt"}, {"rfilename": "pytorch_model.bin"}, {"rfilename": "special_tokens_map.json"}, {"rfilename": "tokenizer.json"}, {"rfilename": "tokenizer_config.json"}, {"rfilename": "training_args.bin"}, {"rfilename": "vocab.json"}], "spaces": [], "createdAt": "2023-05-13T03:15:47.000Z", "inferenceStatus": "not-loaded"}