{"_id": "6429c508f1884027c2a803ff", "id": "yahma/alpaca-7b-lora", "modelId": "yahma/alpaca-7b-lora", "author": "yahma", "sha": "668477689cc36e5cf7d3ee9b17dd490af20ddbb0", "lastModified": "2023-04-10T21:00:54.000Z", "private": false, "disabled": false, "gated": false, "tags": ["dataset:yahma/alpaca-cleaned", "license:mit", "region:us"], "downloads": 0, "likes": 12, "model-index": null, "cardData": {"license": "mit", "datasets": ["yahma/alpaca-cleaned"]}, "siblings": [{"rfilename": ".gitattributes"}, {"rfilename": "README.md"}, {"rfilename": "adapter_config.json"}, {"rfilename": "adapter_model.bin"}], "spaces": [], "createdAt": "2023-04-02T18:10:16.000Z", "inferenceStatus": "not-loaded"}