{"_id": "64bdebcbda140e4619621af2", "id": "yahng/yann1", "modelId": "yahng/yann1", "author": "yahng", "sha": "d7dc730c6cd927ed20b53305a3fbf219959a2dd1", "lastModified": "2023-07-24T03:12:53.000Z", "private": false, "disabled": false, "gated": false, "tags": ["region:us"], "downloads": 0, "likes": 0, "siblings": [{"rfilename": ".gitattributes"}, {"rfilename": "hsBoy-000008.safetensors"}, {"rfilename": "hsBoy-000010.safetensors"}], "spaces": [], "createdAt": "2023-07-24T03:11:07.000Z", "inferenceStatus": "not-loaded"}