{"_id": "662c3a4c277765660786fff8", "id": "yahoo-inc/photo-background-generation", "modelId": "yahoo-inc/photo-background-generation", "author": "yahoo-inc", "sha": "719f1ac136b76609d8bd371606d0eaeda731b0dd", "lastModified": "2024-05-08T12:23:44.000Z", "private": false, "disabled": false, "gated": false, "pipeline_tag": "text-to-image", "tags": ["diffusers", "safetensors", "yahoo-open-source-software-incubator", "text-to-image", "arxiv:2404.10157", "license:apache-2.0", "diffusers:StableDiffusionControlNetInpaintPipeline", "region:us"], "downloads": 3554, "library_name": "diffusers", "likes": 33, "model-index": null, "config": {"diffusers": {"_class_name": "StableDiffusionControlNetInpaintPipeline"}}, "cardData": {"license": "apache-2.0", "tags": ["yahoo-open-source-software-incubator"], "pipeline_tag": "text-to-image", "inference": false}, "siblings": [{"rfilename": ".gitattributes"}, {"rfilename": "Code_of_Conduct.md"}, {"rfilename": "LICENSE"}, {"rfilename": "README.md"}, {"rfilename": "assets/arxiv.svg"}, {"rfilename": "assets/fig.jpg"}, {"rfilename": "controlnet/config.json"}, {"rfilename": "controlnet/diffusion_pytorch_model.bin"}, {"rfilename": "controlnet/diffusion_pytorch_model.safetensors"}, {"rfilename": "feature_extractor/preprocessor_config.json"}, {"rfilename": "model_index.json"}, {"rfilename": "pipeline.py"}, {"rfilename": "requirements.txt"}, {"rfilename": "scheduler/scheduler_config.json"}, {"rfilename": "text_encoder/config.json"}, {"rfilename": "text_encoder/model.safetensors"}, {"rfilename": "text_encoder/pytorch_model.bin"}, {"rfilename": "tokenizer/added_tokens.json"}, {"rfilename": "tokenizer/merges.txt"}, {"rfilename": "tokenizer/special_tokens_map.json"}, {"rfilename": "tokenizer/tokenizer_config.json"}, {"rfilename": "tokenizer/vocab.json"}, {"rfilename": "unet/config.json"}, {"rfilename": "unet/diffusion_pytorch_model.bin"}, {"rfilename": "unet/diffusion_pytorch_model.safetensors"}, {"rfilename": "vae/config.json"}, {"rfilename": "vae/diffusion_pytorch_model.bin"}, {"rfilename": "vae/diffusion_pytorch_model.safetensors"}], "spaces": ["erfaneshrati/photo-background-generation"], "createdAt": "2024-04-26T23:35:40.000Z", "inferenceStatus": "not-loaded"}