{"_id": "64b6d8073b9942c4a26f82ae", "id": "yahs/yang_xiao_long_rwby", "modelId": "yahs/yang_xiao_long_rwby", "author": "yahs", "sha": "7aa511f4d78d46997469f16fa20aee0ca67fcfe4", "lastModified": "2023-07-18T18:23:19.000Z", "private": false, "disabled": false, "gated": false, "tags": ["arxiv:1910.09700", "region:us"], "downloads": 0, "likes": 0, "model-index": null, "cardData": {}, "siblings": [{"rfilename": ".gitattributes"}, {"rfilename": "README.md"}, {"rfilename": "lv_0_20230530193734 (online-audio-converter.com).mp3"}], "spaces": [], "createdAt": "2023-07-18T18:20:55.000Z", "inferenceStatus": "not-loaded"}