{"_id": "656741680e4b5ff9d51a2ef2", "id": "yahup/cicek", "modelId": "yahup/cicek", "author": "yahup", "sha": "89aeb244a54f2558b0bf539cf5f9bca50340ffae", "lastModified": "2023-11-29T13:49:28.000Z", "private": false, "disabled": false, "gated": false, "tags": ["license:apache-2.0", "region:us"], "downloads": 0, "likes": 0, "model-index": null, "cardData": {"license": "apache-2.0"}, "siblings": [{"rfilename": ".gitattributes"}, {"rfilename": "README.md"}], "spaces": [], "createdAt": "2023-11-29T13:49:28.000Z", "inferenceStatus": "not-loaded"}