{"_id": "63f4270ad5f41eb978c058c8", "id": "Yahya001/a2c_panda_reach", "modelId": "Yahya001/a2c_panda_reach", "author": "Yahya001", "sha": "ae625113593863bf93199196994c6318c96dcec6", "lastModified": "2023-02-21T17:51:21.000Z", "private": false, "disabled": false, "gated": false, "tags": ["region:us"], "downloads": 0, "likes": 0, "model-index": null, "cardData": {}, "siblings": [{"rfilename": ".gitattributes"}, {"rfilename": "README.md"}, {"rfilename": "panda-reach-a2c.zip"}], "spaces": [], "createdAt": "2023-02-21T02:06:02.000Z", "inferenceStatus": "not-loaded"}