{"_id": "64cbe7320bf3949c6919ac48", "id": "yahyasetz/Yuuri-Model-VoiceAI", "modelId": "yahyasetz/Yuuri-Model-VoiceAI", "author": "yahyasetz", "sha": "653241a562177fabc7b65bd260312ac722e6efdd", "lastModified": "2023-08-03T18:02:43.000Z", "private": false, "disabled": false, "gated": false, "tags": ["region:us"], "downloads": 0, "likes": 0, "siblings": [{"rfilename": ".gitattributes"}, {"rfilename": "Yuuri Voice Model.zip"}], "spaces": [], "createdAt": "2023-08-03T17:43:14.000Z", "inferenceStatus": "not-loaded"}