{"_id": "63f3eaf7d5f41eb978bd012b", "id": "Yahya001/a2c_cartpole", "modelId": "Yahya001/a2c_cartpole", "author": "Yahya001", "sha": "1022e142cf3cd81d021a225e6de3e035348c9f8d", "lastModified": "2023-02-21T17:53:02.000Z", "private": false, "disabled": false, "gated": false, "tags": ["region:us"], "downloads": 0, "likes": 0, "model-index": null, "cardData": {}, "siblings": [{"rfilename": ".gitattributes"}, {"rfilename": "README.md"}, {"rfilename": "a2c_cartpole.zip"}], "spaces": [], "createdAt": "2023-02-20T21:49:43.000Z", "inferenceStatus": "not-loaded"}