{"_id": "660ab3a4c201aee8908998f8", "id": "yairs/airbrush1", "modelId": "yairs/airbrush1", "author": "yairs", "sha": "24a24ec93b610262c9520d47f5e56c0b82589210", "lastModified": "2024-04-01T13:16:20.000Z", "private": false, "disabled": false, "gated": false, "tags": ["license:artistic-2.0", "region:us"], "downloads": 0, "likes": 0, "model-index": null, "cardData": {"license": "artistic-2.0"}, "siblings": [{"rfilename": ".gitattributes"}, {"rfilename": "README.md"}], "spaces": [], "createdAt": "2024-04-01T13:16:20.000Z", "inferenceStatus": "not-loaded"}