{"_id": "65ce8e7513fcc46fa6c53ee5", "id": "yairschiff/caduceus_base", "modelId": "yairschiff/caduceus_base", "author": "yairschiff", "sha": "a60b4bed1d1599ca861e427897fbd0e2192a0a98", "lastModified": "2024-06-11T02:26:07.000Z", "private": false, "disabled": false, "gated": false, "pipeline_tag": "feature-extraction", "tags": ["transformers", "safetensors", "caduceus", "feature-extraction", "custom_code", "region:us"], "downloads": 41760, "library_name": "transformers", "likes": 0, "config": {"architectures": ["Caduceus"], "auto_map": {"AutoConfig": "configuration_caduceus.CaduceusConfig", "AutoModel": "modeling_caduceus.Caduceus", "AutoModelForMaskedLM": "modeling_caduceus.CaduceusForMaskedLM", "AutoModelForSequenceClassification": "modeling_caduceus.CaduceusForSequenceClassification"}, "model_type": "caduceus", "tokenizer_config": {"bos_token": "[BOS]", "cls_token": "[CLS]", "eos_token": "[SEP]", "mask_token": "[MASK]", "pad_token": "[PAD]", "sep_token": "[SEP]", "unk_token": "[UNK]"}}, "transformersInfo": {"auto_model": "AutoModel", "custom_class": "modeling_caduceus.Caduceus", "pipeline_tag": "feature-extraction"}, "siblings": [{"rfilename": ".gitattributes"}, {"rfilename": "config.json"}, {"rfilename": "configuration_caduceus.py"}, {"rfilename": "model.safetensors"}, {"rfilename": "modeling_caduceus.py"}, {"rfilename": "modeling_rcps.py"}, {"rfilename": "special_tokens_map.json"}, {"rfilename": "tokenization_caduceus.py"}, {"rfilename": "tokenizer_config.json"}], "spaces": [], "createdAt": "2024-02-15T22:21:41.000Z", "safetensors": {"parameters": {"I64": 16, "F32": 541312}, "total": 541328}, "inferenceStatus": "not-loaded"}