{"_id": "643259bacca1de06ec0ded76", "id": "Yairama/alpaca-miner", "modelId": "Yairama/alpaca-miner", "author": "Yairama", "sha": "8a474454fb4b7e5c58d9006c233c3e0317de3b96", "lastModified": "2023-04-11T16:47:26.000Z", "private": false, "disabled": false, "gated": false, "tags": ["license:gpl-3.0", "region:us"], "downloads": 0, "likes": 0, "model-index": null, "cardData": {"license": "gpl-3.0"}, "siblings": [{"rfilename": ".gitattributes"}, {"rfilename": "README.md"}, {"rfilename": "adapter_config.json"}, {"rfilename": "adapter_model.bin"}], "spaces": [], "createdAt": "2023-04-09T06:22:50.000Z", "inferenceStatus": "not-loaded"}