{"_id": "64498a1fa281f51a62b146d1", "id": "yajingchen/MarketMail-32p", "modelId": "yajingchen/MarketMail-32p", "author": "yajingchen", "sha": "489d6b9fa6c7461d46cb38f47de1273e1704d823", "lastModified": "2023-04-26T21:06:53.000Z", "private": false, "disabled": false, "gated": false, "pipeline_tag": "text-generation", "tags": ["text-generation", "en", "dataset:yajingchen/MarketMail-AI-Dataset", "license:bigscience-bloom-rail-1.0", "region:us"], "downloads": 0, "widgetData": [{"text": "My name is Julien and I like to"}, {"text": "My name is Thomas and my main"}, {"text": "My name is Mariama, my favorite"}, {"text": "My name is Clara and I am"}, {"text": "My name is Lewis and I like to"}, {"text": "My name is Merve and my favorite"}, {"text": "My name is Teven and I am"}, {"text": "Once upon a time,"}], "likes": 0, "model-index": null, "cardData": {"license": "bigscience-bloom-rail-1.0", "datasets": ["yajingchen/MarketMail-AI-Dataset"], "language": ["en"], "pipeline_tag": "text-generation"}, "siblings": [{"rfilename": ".gitattributes"}, {"rfilename": "README.md"}, {"rfilename": "adapter_config.json"}, {"rfilename": "adapter_model.bin"}], "spaces": ["yajingchen/TravelDestination-MarketMail-AI-Space"], "createdAt": "2023-04-26T20:31:27.000Z", "inferenceStatus": "not-loaded"}