{"_id": "6565b17e219af7f841762907", "id": "v-like/sleep-detector", "modelId": "v-like/sleep-detector", "author": "v-like", "sha": "74e8179fb18eb5118a510537732161232f480642", "lastModified": "2023-11-28T13:54:30.000Z", "private": false, "disabled": false, "gated": false, "tags": ["license:mit", "region:us"], "downloads": 0, "likes": 0, "model-index": null, "cardData": {"license": "mit"}, "siblings": [{"rfilename": ".gitattributes"}, {"rfilename": "README.md"}, {"rfilename": "saved_models/ckp_last.pt"}], "spaces": [], "createdAt": "2023-11-28T09:23:10.000Z", "inferenceStatus": "not-loaded"}