{"_id": "665993ce8f1e4cc547a5ebf0", "id": "v-urushkin/NaturalRoBERTa_65ep", "modelId": "v-urushkin/NaturalRoBERTa_65ep", "author": "v-urushkin", "sha": "49878e76a915056c66e8aef6af77c4c5e93ce184", "lastModified": "2024-05-31T10:09:34.000Z", "private": false, "disabled": false, "gated": false, "pipeline_tag": "fill-mask", "tags": ["transformers", "safetensors", "roberta", "fill-mask", "ru", "dataset:tay-yozhik/NaturalText", "arxiv:1910.09700", "autotrain_compatible", "endpoints_compatible", "region:us"], "downloads": 3, "library_name": "transformers", "mask_token": "<mask>", "widgetData": [{"text": "\u041c\u0435\u043d\u044f \u0437\u043e\u0432\u0443\u0442 <mask> \u0438 \u044f \u0438\u043d\u0436\u0435\u043d\u0435\u0440 \u0436\u0438\u0432\u0443\u0449\u0438\u0439 \u0432 \u041d\u044c\u044e-\u0419\u043e\u0440\u043a\u0435."}], "likes": 0, "model-index": null, "config": {"architectures": ["RobertaForMaskedLM"], "model_type": "roberta", "tokenizer_config": {"bos_token": "<s>", "cls_token": "<s>", "eos_token": "</s>", "mask_token": "<mask>", "pad_token": "<pad>", "sep_token": "</s>", "unk_token": "<unk>"}}, "cardData": {"library_name": "transformers", "datasets": ["tay-yozhik/NaturalText"], "language": ["ru"]}, "transformersInfo": {"auto_model": "AutoModelForMaskedLM", "pipeline_tag": "fill-mask", "processor": "AutoTokenizer"}, "siblings": [{"rfilename": ".gitattributes"}, {"rfilename": "README.md"}, {"rfilename": "config.json"}, {"rfilename": "merges.txt"}, {"rfilename": "model.safetensors"}, {"rfilename": "special_tokens_map.json"}, {"rfilename": "tokenizer_config.json"}, {"rfilename": "vocab.json"}], "spaces": [], "createdAt": "2024-05-31T09:09:34.000Z", "safetensors": {"parameters": {"F32": 117195328}, "total": 117195328}, "inferenceStatus": "not-loaded"}