{"_id": "664d9085d23bbae0d6c6fc0a", "id": "v-urushkin/SRoBERTa-tokenizer2M", "modelId": "v-urushkin/SRoBERTa-tokenizer2M", "author": "v-urushkin", "sha": "13f206c38f35d7cd927bd6e534ff6cb658645e32", "lastModified": "2024-05-22T06:28:23.000Z", "private": false, "disabled": false, "gated": false, "tags": ["transformers", "arxiv:1910.09700", "endpoints_compatible", "region:us"], "downloads": 0, "library_name": "transformers", "likes": 0, "model-index": null, "config": {"tokenizer_config": {"bos_token": "<s>", "cls_token": "<s>", "eos_token": "</s>", "mask_token": "<mask>", "pad_token": "<pad>", "sep_token": "</s>", "unk_token": "<unk>"}}, "cardData": {"library_name": "transformers", "tags": []}, "transformersInfo": {"auto_model": "AutoModel"}, "siblings": [{"rfilename": ".gitattributes"}, {"rfilename": "README.md"}, {"rfilename": "merges.txt"}, {"rfilename": "special_tokens_map.json"}, {"rfilename": "tokenizer.json"}, {"rfilename": "tokenizer_config.json"}, {"rfilename": "vocab.json"}], "spaces": [], "createdAt": "2024-05-22T06:28:21.000Z", "inferenceStatus": "not-loaded"}