{"_id": "6650dd3fff6ccc0ef50dec24", "id": "v-urushkin/MixRoBERTa-cl_big_block-fin", "modelId": "v-urushkin/MixRoBERTa-cl_big_block-fin", "author": "v-urushkin", "sha": "f071d2857e89903669a02b9887a646b2d1e1a78a", "lastModified": "2024-05-24T18:35:57.000Z", "private": false, "disabled": false, "gated": false, "pipeline_tag": "fill-mask", "tags": ["transformers", "safetensors", "roberta", "fill-mask", "ru", "dataset:v-urushkin/SyntheticTexts4M", "dataset:tay-yozhik/NaturalText", "arxiv:1910.09700", "license:apache-2.0", "autotrain_compatible", "endpoints_compatible", "region:us"], "downloads": 2, "library_name": "transformers", "mask_token": "<mask>", "widgetData": [{"text": "\u041c\u0435\u043d\u044f \u0437\u043e\u0432\u0443\u0442 <mask> \u0438 \u044f \u0438\u043d\u0436\u0435\u043d\u0435\u0440 \u0436\u0438\u0432\u0443\u0449\u0438\u0439 \u0432 \u041d\u044c\u044e-\u0419\u043e\u0440\u043a\u0435."}], "likes": 0, "model-index": null, "config": {"architectures": ["RobertaForMaskedLM"], "model_type": "roberta", "tokenizer_config": {"bos_token": "<s>", "cls_token": "<s>", "eos_token": "</s>", "mask_token": "<mask>", "pad_token": "<pad>", "sep_token": "</s>", "unk_token": "<unk>"}}, "cardData": {"library_name": "transformers", "license": "apache-2.0", "datasets": ["v-urushkin/SyntheticTexts4M", "tay-yozhik/NaturalText"], "language": ["ru"]}, "transformersInfo": {"auto_model": "AutoModelForMaskedLM", "pipeline_tag": "fill-mask", "processor": "AutoTokenizer"}, "siblings": [{"rfilename": ".gitattributes"}, {"rfilename": "README.md"}, {"rfilename": "config.json"}, {"rfilename": "merges.txt"}, {"rfilename": "model.safetensors"}, {"rfilename": "special_tokens_map.json"}, {"rfilename": "tokenizer_config.json"}, {"rfilename": "vocab.json"}], "spaces": [], "createdAt": "2024-05-24T18:32:31.000Z", "safetensors": {"parameters": {"F32": 117195328}, "total": 117195328}, "inferenceStatus": "not-loaded"}