{"_id": "666a0ff63c2b7d33632fb3e1", "id": "v000000/L3-8B-Poppy-Moonfall-OG-Q8_0-GGUF", "modelId": "v000000/L3-8B-Poppy-Moonfall-OG-Q8_0-GGUF", "author": "v000000", "sha": "237e4880ec97fb292672fa342ce85cb7f94acc3a", "lastModified": "2024-06-14T20:00:54.000Z", "private": false, "disabled": false, "gated": false, "tags": ["transformers", "gguf", "mergekit", "merge", "llama", "not-for-all-audiences", "llama-cpp", "gguf-my-repo", "arxiv:2203.05482", "base_model:v000000/L3-8B-Poppy-Moonfall-OG", "endpoints_compatible", "region:us"], "downloads": 91, "library_name": "transformers", "likes": 0, "model-index": null, "cardData": {"library_name": "transformers", "tags": ["mergekit", "merge", "llama", "not-for-all-audiences", "llama-cpp", "gguf-my-repo"], "base_model": "v000000/L3-8B-Poppy-Moonfall-OG"}, "transformersInfo": {"auto_model": "AutoModel"}, "siblings": [{"rfilename": ".gitattributes"}, {"rfilename": "README.md"}, {"rfilename": "imatrix.dat"}, {"rfilename": "l3-8b-poppy-moonfall-og-q8_0.gguf"}], "spaces": [], "createdAt": "2024-06-12T21:15:34.000Z", "inferenceStatus": "not-loaded"}