{"_id": "668d93e1bddba3c35433ef73", "id": "v000000/SwallowMaid-8B-L3-SPPO-abliterated-Q8_0-GGUF", "modelId": "v000000/SwallowMaid-8B-L3-SPPO-abliterated-Q8_0-GGUF", "author": "v000000", "sha": "c694f91e7bf8d4181b4c96444a99c9ae87bd91c4", "lastModified": "2024-07-11T20:30:22.000Z", "private": false, "disabled": false, "gated": false, "tags": ["transformers", "gguf", "mergekit", "merge", "llama-cpp", "llama", "japanese", "english", "base_model:v000000/SwallowMaid-8B-L3-SPPO-abliterated", "endpoints_compatible", "region:us"], "downloads": 39, "library_name": "transformers", "likes": 1, "model-index": null, "cardData": {"base_model": "v000000/SwallowMaid-8B-L3-SPPO-abliterated", "library_name": "transformers", "tags": ["mergekit", "merge", "llama-cpp", "llama", "japanese", "english"]}, "transformersInfo": {"auto_model": "AutoModel"}, "siblings": [{"rfilename": ".gitattributes"}, {"rfilename": "README.md"}, {"rfilename": "imatrix.dat"}, {"rfilename": "swallowmaid-8b-l3-sppo-abliterated-q8_0.gguf"}], "spaces": [], "createdAt": "2024-07-09T19:47:45.000Z", "inferenceStatus": "not-loaded"}