{"_id": "666055b245dd20df56105119", "id": "v000000/SyntheticMoist-11B-Q6_K-GGUF", "modelId": "v000000/SyntheticMoist-11B-Q6_K-GGUF", "author": "v000000", "sha": "cd879c3940a3ac080c5032646fc06109849a1ac0", "lastModified": "2024-06-05T13:00:10.000Z", "private": false, "disabled": false, "gated": false, "tags": ["transformers", "gguf", "mergekit", "merge", "llama-cpp", "gguf-my-repo", "solar", "llama", "not-for-all-audiences", "arxiv:2311.03099", "arxiv:2306.01708", "base_model:v000000/SyntheticMoist-11B", "endpoints_compatible", "region:us"], "downloads": 18, "library_name": "transformers", "likes": 1, "model-index": null, "cardData": {"library_name": "transformers", "tags": ["mergekit", "merge", "llama-cpp", "gguf-my-repo", "solar", "llama", "not-for-all-audiences"], "base_model": "v000000/SyntheticMoist-11B"}, "transformersInfo": {"auto_model": "AutoModel"}, "siblings": [{"rfilename": ".gitattributes"}, {"rfilename": "README.md"}, {"rfilename": "syntheticmoist-11b-q6_k.gguf"}], "spaces": [], "createdAt": "2024-06-05T12:10:26.000Z", "inferenceStatus": "not-loaded"}