{"_id": "66717c08d059806ae6eb0fe1", "id": "v000000/L3-8B-Poppy-Moonfall-C-imat-GGUFs", "modelId": "v000000/L3-8B-Poppy-Moonfall-C-imat-GGUFs", "author": "v000000", "sha": "6cc4d73b97bc57e9f412416018084f5b5a17bae5", "lastModified": "2024-06-18T13:21:51.000Z", "private": false, "disabled": false, "gated": false, "tags": ["transformers", "gguf", "mergekit", "merge", "llama", "not-for-all-audiences", "llama-cpp", "base_model:v000000/L3-8B-Poppy-Moonfall-C", "endpoints_compatible", "region:us"], "downloads": 56, "library_name": "transformers", "likes": 0, "model-index": null, "cardData": {"library_name": "transformers", "tags": ["mergekit", "merge", "llama", "not-for-all-audiences", "llama-cpp"], "base_model": "v000000/L3-8B-Poppy-Moonfall-C"}, "transformersInfo": {"auto_model": "AutoModel"}, "siblings": [{"rfilename": ".gitattributes"}, {"rfilename": "README.md"}, {"rfilename": "\\L3-8B-Poppy-Moonfall-C.imat-IQ4_XS.gguf"}, {"rfilename": "\\L3-8B-Poppy-Moonfall-C.imat-Q5_K_S.gguf"}, {"rfilename": "\\L3-8B-Poppy-Moonfall-C.imat-Q6_K.gguf"}, {"rfilename": "\\L3-8B-Poppy-Moonfall-C.imat-Q8_0.gguf"}, {"rfilename": "imatrix.dat"}], "spaces": [], "createdAt": "2024-06-18T12:22:32.000Z", "inferenceStatus": "not-loaded"}