{"_id": "665de53cddb96a4d7212e1d9", "id": "v000000/MysticGem-1.1-L2-13B", "modelId": "v000000/MysticGem-1.1-L2-13B", "author": "v000000", "sha": "990cecfdf35242b8370f29f8dbb66ef24c459e81", "lastModified": "2024-06-04T23:08:44.000Z", "private": false, "disabled": false, "gated": false, "pipeline_tag": "text-generation", "tags": ["transformers", "safetensors", "llama", "text-generation", "mergekit", "merge", "not-for-all-audiences", "arxiv:2203.05482", "base_model:v000000/MysticGem-L2-13B", "base_model:Locutusque/Orca-2-13b-SFT-v4", "autotrain_compatible", "text-generation-inference", "endpoints_compatible", "region:us"], "downloads": 1, "library_name": "transformers", "widgetData": [{"text": "My name is Julien and I like to"}, {"text": "My name is Thomas and my main"}, {"text": "My name is Mariama, my favorite"}, {"text": "My name is Clara and I am"}, {"text": "My name is Lewis and I like to"}, {"text": "My name is Merve and my favorite"}, {"text": "My name is Teven and I am"}, {"text": "Once upon a time,"}], "likes": 0, "model-index": null, "config": {"architectures": ["LlamaForCausalLM"], "model_type": "llama", "tokenizer_config": {"bos_token": "<s>", "eos_token": "</s>", "pad_token": "<unk>", "unk_token": "<unk>", "use_default_system_prompt": false}}, "cardData": {"base_model": ["v000000/MysticGem-L2-13B", "Locutusque/Orca-2-13b-SFT-v4"], "library_name": "transformers", "tags": ["mergekit", "merge", "not-for-all-audiences"]}, "transformersInfo": {"auto_model": "AutoModelForCausalLM", "pipeline_tag": "text-generation", "processor": "AutoTokenizer"}, "siblings": [{"rfilename": ".gitattributes"}, {"rfilename": "README.md"}, {"rfilename": "config.json"}, {"rfilename": "mergekit_config.yml"}, {"rfilename": "model-00001-of-00006.safetensors"}, {"rfilename": "model-00002-of-00006.safetensors"}, {"rfilename": "model-00003-of-00006.safetensors"}, {"rfilename": "model-00004-of-00006.safetensors"}, {"rfilename": "model-00005-of-00006.safetensors"}, {"rfilename": "model-00006-of-00006.safetensors"}, {"rfilename": "model.safetensors.index.json"}, {"rfilename": "special_tokens_map.json"}, {"rfilename": "tokenizer.json"}, {"rfilename": "tokenizer.model"}, {"rfilename": "tokenizer_config.json"}], "spaces": [], "createdAt": "2024-06-03T15:46:04.000Z", "safetensors": {"parameters": {"F16": 13015864320}, "total": 13015864320}, "inferenceStatus": "not-loaded"}