{"_id": "66806829e365c0f666599fe0", "id": "v000000/L3-11.5B-DuS-MoonRoot-bnb-4bit", "modelId": "v000000/L3-11.5B-DuS-MoonRoot-bnb-4bit", "author": "v000000", "sha": "8240c50aa5ef18c7cbc0daeca403c6f9a548eb62", "lastModified": "2024-06-29T20:32:28.000Z", "private": false, "disabled": false, "gated": false, "pipeline_tag": "text-generation", "tags": ["transformers", "safetensors", "llama", "text-generation", "mergekit", "merge", "bnb-4bit", "bitsandbytes", "conversational", "base_model:v000000/L3-11.5B-DuS-MoonRoot", "autotrain_compatible", "text-generation-inference", "endpoints_compatible", "4-bit", "region:us"], "downloads": 41, "library_name": "transformers", "widgetData": [{"text": "Hey my name is Julien! How are you?"}, {"text": "Hey my name is Thomas! How are you?"}, {"text": "Hey my name is Mariama! How are you?"}, {"text": "Hey my name is Clara! How are you?"}, {"text": "Hey my name is Julien! How are you?"}, {"text": "Hi."}], "likes": 0, "model-index": null, "config": {"architectures": ["LlamaForCausalLM"], "model_type": "llama", "quantization_config": {"load_in_4bit": true, "load_in_8bit": false, "quant_method": "bitsandbytes"}, "tokenizer_config": {"bos_token": "<|begin_of_text|>", "chat_template": "{% set loop_messages = messages %}{% for message in loop_messages %}{% set content = '<|start_header_id|>' + message['role'] + '<|end_header_id|>\n\n'+ message['content'] | trim + '<|eot_id|>' %}{% if loop.index0 == 0 %}{% set content = bos_token + content %}{% endif %}{{ content }}{% endfor %}{% if add_generation_prompt %}{{ '<|start_header_id|>assistant<|end_header_id|>\n\n' }}{% endif %}", "eos_token": "<|eot_id|>"}}, "cardData": {"base_model": "v000000/L3-11.5B-DuS-MoonRoot", "library_name": "transformers", "tags": ["mergekit", "merge", "llama", "bnb-4bit", "bitsandbytes"]}, "transformersInfo": {"auto_model": "AutoModelForCausalLM", "pipeline_tag": "text-generation", "processor": "AutoTokenizer"}, "siblings": [{"rfilename": ".gitattributes"}, {"rfilename": "README.md"}, {"rfilename": "config.json"}, {"rfilename": "generation_config.json"}, {"rfilename": "model-00001-of-00002.safetensors"}, {"rfilename": "model-00002-of-00002.safetensors"}, {"rfilename": "model.safetensors.index.json"}, {"rfilename": "special_tokens_map.json"}, {"rfilename": "tokenizer.json"}, {"rfilename": "tokenizer_config.json"}], "spaces": [], "createdAt": "2024-06-29T20:01:45.000Z", "safetensors": {"parameters": {"F32": 730368, "F16": 1051070464, "U8": 5398126956}, "total": 6449927788}, "inferenceStatus": "not-loaded"}