{"_id": "6661967bf1b37cace2ccbb22", "id": "v000000/L3-8B-experiment-d-Q8_0-GGUF", "modelId": "v000000/L3-8B-experiment-d-Q8_0-GGUF", "author": "v000000", "sha": "1ac9bee90ebd42086ecc2ddad0b6a9593a9630d0", "lastModified": "2024-06-06T14:42:19.000Z", "private": false, "disabled": false, "gated": false, "tags": ["transformers", "gguf", "mergekit", "merge", "llama-cpp", "gguf-my-repo", "not-for-all-audiences", "llama", "arxiv:2311.03099", "arxiv:2306.01708", "base_model:v000000/L3-8B-Poppy-Sunspice-experiment-d", "endpoints_compatible", "region:us"], "downloads": 28, "library_name": "transformers", "likes": 0, "model-index": null, "cardData": {"library_name": "transformers", "tags": ["mergekit", "merge", "llama-cpp", "gguf-my-repo", "not-for-all-audiences", "llama"], "base_model": "v000000/L3-8B-Poppy-Sunspice-experiment-d"}, "transformersInfo": {"auto_model": "AutoModel"}, "siblings": [{"rfilename": ".gitattributes"}, {"rfilename": "README.md"}, {"rfilename": "l3-8b-poppy-sunspice-experiment-d-q8_0.gguf"}], "spaces": [], "createdAt": "2024-06-06T10:59:07.000Z", "inferenceStatus": "not-loaded"}