{"_id": "665d117c219019f88694d3ef", "id": "v000000/Manticore-13b-Chat-Pyg-Guanaco-GGUFs", "modelId": "v000000/Manticore-13b-Chat-Pyg-Guanaco-GGUFs", "author": "v000000", "sha": "18b685c9609b79b49b008d13af4cdbb3e09302e9", "lastModified": "2024-07-04T06:11:33.000Z", "private": false, "disabled": false, "gated": false, "tags": ["gguf", "manticore", "llama-cpp", "llama", "base_model:Monero/Manticore-13b-Chat-Pyg-Guanaco", "region:us"], "downloads": 48, "likes": 0, "model-index": null, "cardData": {"base_model": "Monero/Manticore-13b-Chat-Pyg-Guanaco", "tags": ["manticore", "llama-cpp", "llama"]}, "siblings": [{"rfilename": ".gitattributes"}, {"rfilename": "README.md"}, {"rfilename": "manticore-13b-chat-pyg-guanaco-q5_k_m.gguf"}, {"rfilename": "manticore-13b-chat-pyg-guanaco-q6_k.gguf"}, {"rfilename": "manticore-13b-chat-pyg-guanaco-q8_0.gguf"}], "spaces": [], "createdAt": "2024-06-03T00:42:36.000Z", "inferenceStatus": "not-loaded"}