{"_id": "667617734b1e661916d0b608", "id": "v000000/YamWizard28-7B-Q8_0-GGUF", "modelId": "v000000/YamWizard28-7B-Q8_0-GGUF", "author": "v000000", "sha": "b792e827fc254448add8022b34da3a0eae56a1b7", "lastModified": "2024-06-22T02:43:11.000Z", "private": false, "disabled": false, "gated": false, "tags": ["transformers", "gguf", "mergekit", "merge", "mistral", "llama-cpp", "base_model:v000000/YamWizard28-7B-abliterated", "endpoints_compatible", "region:us"], "downloads": 633, "library_name": "transformers", "likes": 1, "model-index": null, "cardData": {"base_model": "v000000/YamWizard28-7B-abliterated", "library_name": "transformers", "tags": ["mergekit", "merge", "mistral", "llama-cpp"]}, "transformersInfo": {"auto_model": "AutoModel"}, "siblings": [{"rfilename": ".gitattributes"}, {"rfilename": "README.md"}, {"rfilename": "imatrix.dat"}, {"rfilename": "yamwizard28-7b-abliterated-q8_0.gguf"}], "spaces": [], "createdAt": "2024-06-22T00:14:43.000Z", "inferenceStatus": "not-loaded"}