{"_id": "666a0b46d3ee30f4821f60fe", "id": "v000000/L3-8B-Poppy-Moonfall-C-Q8_0-GGUF", "modelId": "v000000/L3-8B-Poppy-Moonfall-C-Q8_0-GGUF", "author": "v000000", "sha": "d692ed0a7d30e0ba95ab3e8539e5805499fcf057", "lastModified": "2024-06-14T20:00:48.000Z", "private": false, "disabled": false, "gated": false, "tags": ["transformers", "gguf", "mergekit", "merge", "llama", "not-for-all-audiences", "llama-cpp", "gguf-my-repo", "base_model:v000000/L3-8B-Poppy-Moonfall-C", "endpoints_compatible", "region:us"], "downloads": 171, "library_name": "transformers", "likes": 0, "model-index": null, "cardData": {"library_name": "transformers", "tags": ["mergekit", "merge", "llama", "not-for-all-audiences", "llama-cpp", "gguf-my-repo"], "base_model": "v000000/L3-8B-Poppy-Moonfall-C"}, "transformersInfo": {"auto_model": "AutoModel"}, "siblings": [{"rfilename": ".gitattributes"}, {"rfilename": "README.md"}, {"rfilename": "imatrix.dat"}, {"rfilename": "l3-8b-poppy-moonfall-c-q8_0.gguf"}], "spaces": [], "createdAt": "2024-06-12T20:55:34.000Z", "inferenceStatus": "not-loaded"}