{"_id": "667f2f1bd3321fbad7526bfd", "id": "v000000/L3-11.5B-DuS-MoonRoot-Q8_0-GGUF", "modelId": "v000000/L3-11.5B-DuS-MoonRoot-Q8_0-GGUF", "author": "v000000", "sha": "23f27a4df1759285ef01b1e38570a6773c23131e", "lastModified": "2024-06-29T04:07:49.000Z", "private": false, "disabled": false, "gated": false, "tags": ["transformers", "gguf", "mergekit", "merge", "llama", "llama-cpp", "base_model:v000000/L3-11.5B-DuS-MoonRoot", "endpoints_compatible", "region:us"], "downloads": 4853, "library_name": "transformers", "likes": 0, "model-index": null, "cardData": {"base_model": "v000000/L3-11.5B-DuS-MoonRoot", "library_name": "transformers", "tags": ["mergekit", "merge", "llama", "llama-cpp"]}, "transformersInfo": {"auto_model": "AutoModel"}, "siblings": [{"rfilename": ".gitattributes"}, {"rfilename": "README.md"}, {"rfilename": "imatrix.dat"}, {"rfilename": "l3-11.5b-dus-moonroot-q8_0-imat.gguf"}, {"rfilename": "l3-11.5b-dus-moonroot-q8_0.gguf"}], "spaces": [], "createdAt": "2024-06-28T21:46:03.000Z", "inferenceStatus": "not-loaded"}