{"_id": "665dde76c94ae552c7080dfe", "id": "v000000/MysticGem-L2-13B-Q5_K_M-GGUF", "modelId": "v000000/MysticGem-L2-13B-Q5_K_M-GGUF", "author": "v000000", "sha": "9e4597923f4ebd965f626b059d29420262d3e83a", "lastModified": "2024-06-04T23:06:15.000Z", "private": false, "disabled": false, "gated": false, "tags": ["transformers", "gguf", "mergekit", "merge", "llama-cpp", "gguf-my-repo", "not-for-all-audiences", "base_model:v000000/MysticGem-L2-13B", "endpoints_compatible", "region:us"], "downloads": 16, "library_name": "transformers", "likes": 0, "model-index": null, "cardData": {"library_name": "transformers", "tags": ["mergekit", "merge", "llama-cpp", "gguf-my-repo", "not-for-all-audiences"], "base_model": "v000000/MysticGem-L2-13B"}, "transformersInfo": {"auto_model": "AutoModel"}, "siblings": [{"rfilename": ".gitattributes"}, {"rfilename": "README.md"}, {"rfilename": "mysticgem-l2-13b-q5_k_m.gguf"}], "spaces": [], "createdAt": "2024-06-03T15:17:10.000Z", "inferenceStatus": "not-loaded"}