{"_id": "6669cb0f943ef947a5157242", "id": "v000000/SyntheticMoist-11B-v2", "modelId": "v000000/SyntheticMoist-11B-v2", "author": "v000000", "sha": "f8f29344ba2eb385b22b887cb0e1009ed0449a38", "lastModified": "2024-06-15T01:39:12.000Z", "private": false, "disabled": false, "gated": false, "pipeline_tag": "text-generation", "tags": ["transformers", "safetensors", "llama", "text-generation", "mergekit", "merge", "solar", "not-for-all-audiences", "arxiv:2311.03099", "arxiv:2306.01708", "base_model:Sao10K/Fimbulvetr-11B-v2", "base_model:TheDrummer/Moistral-11B-v3", "base_model:Himitsui/MedMitsu-Instruct-11B", "base_model:Himitsui/Kaiju-11B", "base_model:migtissera/Synthia-v3.0-11B", "base_model:jeiku/Re-Host_Limarp_Mistral", "autotrain_compatible", "text-generation-inference", "endpoints_compatible", "region:us"], "downloads": 64, "library_name": "transformers", "widgetData": [{"text": "My name is Julien and I like to"}, {"text": "My name is Thomas and my main"}, {"text": "My name is Mariama, my favorite"}, {"text": "My name is Clara and I am"}, {"text": "My name is Lewis and I like to"}, {"text": "My name is Merve and my favorite"}, {"text": "My name is Teven and I am"}, {"text": "Once upon a time,"}], "likes": 0, "model-index": null, "config": {"architectures": ["LlamaForCausalLM"], "model_type": "llama", "tokenizer_config": {"bos_token": "<s>", "eos_token": "</s>", "pad_token": null, "unk_token": "<unk>", "use_default_system_prompt": true}}, "cardData": {"base_model": ["Sao10K/Fimbulvetr-11B-v2", "TheDrummer/Moistral-11B-v3", "Himitsui/MedMitsu-Instruct-11B", "Himitsui/Kaiju-11B", "migtissera/Synthia-v3.0-11B", "jeiku/Re-Host_Limarp_Mistral"], "library_name": "transformers", "tags": ["mergekit", "merge", "solar", "llama", "not-for-all-audiences"]}, "transformersInfo": {"auto_model": "AutoModelForCausalLM", "pipeline_tag": "text-generation", "processor": "AutoTokenizer"}, "siblings": [{"rfilename": ".gitattributes"}, {"rfilename": "README.md"}, {"rfilename": "config.json"}, {"rfilename": "mergekit_config.yml"}, {"rfilename": "model-00001-of-00005.safetensors"}, {"rfilename": "model-00002-of-00005.safetensors"}, {"rfilename": "model-00003-of-00005.safetensors"}, {"rfilename": "model-00004-of-00005.safetensors"}, {"rfilename": "model-00005-of-00005.safetensors"}, {"rfilename": "model.safetensors.index.json"}, {"rfilename": "special_tokens_map.json"}, {"rfilename": "tokenizer.json"}, {"rfilename": "tokenizer.model"}, {"rfilename": "tokenizer_config.json"}], "spaces": [], "createdAt": "2024-06-12T16:21:35.000Z", "safetensors": {"parameters": {"BF16": 10731524096}, "total": 10731524096}, "inferenceStatus": "not-loaded"}