{"_id": "668aee923d34648deb2a9de7", "id": "v000000/Psyonic-Rose-20B-Higher-Quality-Q4_K_M-GGUF", "modelId": "v000000/Psyonic-Rose-20B-Higher-Quality-Q4_K_M-GGUF", "author": "v000000", "sha": "509101ad6f2a8832ada730931b62e3947640ac60", "lastModified": "2024-07-08T04:57:10.000Z", "private": false, "disabled": false, "gated": false, "tags": ["transformers", "gguf", "mergekit", "merge", "llama", "llama-cpp", "arxiv:2203.05482", "base_model:v000000/Psyonic-Rose-20B-Higher-Quality", "endpoints_compatible", "region:us"], "downloads": 12, "library_name": "transformers", "likes": 0, "model-index": null, "cardData": {"base_model": "v000000/Psyonic-Rose-20B-Higher-Quality", "library_name": "transformers", "tags": ["mergekit", "merge", "llama", "llama-cpp"]}, "transformersInfo": {"auto_model": "AutoModel"}, "siblings": [{"rfilename": ".gitattributes"}, {"rfilename": "README.md"}, {"rfilename": "psyonic-rose-20b-higher-quality-q4_k_m.gguf"}], "spaces": [], "createdAt": "2024-07-07T19:37:54.000Z", "inferenceStatus": "not-loaded"}