{"_id": "665de88ac19f7ccea02f02c6", "id": "v000000/MysticGem-1.1-L2-13B-Q5_K_M-GGUF", "modelId": "v000000/MysticGem-1.1-L2-13B-Q5_K_M-GGUF", "author": "v000000", "sha": "921e885d8f2a925c5f68f1e218195d78decd5a29", "lastModified": "2024-06-04T23:08:56.000Z", "private": false, "disabled": false, "gated": false, "tags": ["transformers", "gguf", "mergekit", "merge", "llama-cpp", "gguf-my-repo", "not-for-all-audiences", "base_model:v000000/MysticGem-1.1-L2-13B", "endpoints_compatible", "region:us"], "downloads": 25, "library_name": "transformers", "likes": 0, "model-index": null, "cardData": {"library_name": "transformers", "tags": ["mergekit", "merge", "llama-cpp", "gguf-my-repo", "not-for-all-audiences"], "base_model": "v000000/MysticGem-1.1-L2-13B"}, "transformersInfo": {"auto_model": "AutoModel"}, "siblings": [{"rfilename": ".gitattributes"}, {"rfilename": "README.md"}, {"rfilename": "mysticgem-1.1-l2-13b-q5_k_m.gguf"}], "spaces": [], "createdAt": "2024-06-03T16:00:10.000Z", "inferenceStatus": "not-loaded"}