{"_id": "64a76e72dc97173df1a9efa9", "id": "V00D00M/Psycho_Mantis", "modelId": "V00D00M/Psycho_Mantis", "author": "V00D00M", "sha": "570d6e677f31de8329531e30e78cb7dc9f4fa4bb", "lastModified": "2023-07-07T05:46:47.000Z", "private": false, "disabled": false, "gated": false, "tags": ["license:openrail", "region:us"], "downloads": 0, "likes": 0, "model-index": null, "cardData": {"license": "openrail"}, "siblings": [{"rfilename": ".gitattributes"}, {"rfilename": "Psycho-Mantis.zip"}, {"rfilename": "README.md"}], "spaces": [], "createdAt": "2023-07-07T01:46:26.000Z", "inferenceStatus": "not-loaded"}