{"_id": "667a6fb151c8952e0794ad3b", "id": "v0dkapapi/HospitalBOT", "modelId": "v0dkapapi/HospitalBOT", "author": "v0dkapapi", "sha": "641363e916f8c675a817bdcfb147476b2e440dee", "lastModified": "2024-06-25T07:47:58.000Z", "private": false, "disabled": false, "gated": false, "tags": ["generated_from_trainer", "base_model:ybelkada/falcon-7b-sharded-bf16", "region:us"], "downloads": 0, "likes": 0, "model-index": [{"name": "HospitalBOT", "results": []}], "config": {"tokenizer_config": {"eos_token": "<|endoftext|>"}}, "cardData": {"base_model": "ybelkada/falcon-7b-sharded-bf16", "tags": ["generated_from_trainer"], "model-index": [{"name": "HospitalBOT", "results": []}]}, "siblings": [{"rfilename": ".gitattributes"}, {"rfilename": "README.md"}, {"rfilename": "adapter_config.json"}, {"rfilename": "adapter_model.bin"}, {"rfilename": "special_tokens_map.json"}, {"rfilename": "tokenizer.json"}, {"rfilename": "tokenizer_config.json"}, {"rfilename": "training_args.bin"}], "spaces": [], "createdAt": "2024-06-25T07:20:17.000Z", "inferenceStatus": "not-loaded"}