{"_id": "667bc904d0f52ca58a39e04a", "id": "v0dkapapi/shuffled", "modelId": "v0dkapapi/shuffled", "author": "v0dkapapi", "sha": "e6ba88b4c0a453763a4eaca17dfec0fa762aad09", "lastModified": "2024-06-26T08:20:47.000Z", "private": false, "disabled": false, "gated": false, "tags": ["generated_from_trainer", "base_model:ybelkada/falcon-7b-sharded-bf16", "region:us"], "downloads": 0, "likes": 0, "model-index": [{"name": "shuffled", "results": []}], "config": {"tokenizer_config": {"eos_token": "<|endoftext|>"}}, "cardData": {"base_model": "ybelkada/falcon-7b-sharded-bf16", "tags": ["generated_from_trainer"], "model-index": [{"name": "shuffled", "results": []}]}, "siblings": [{"rfilename": ".gitattributes"}, {"rfilename": "README.md"}, {"rfilename": "adapter_config.json"}, {"rfilename": "adapter_model.bin"}, {"rfilename": "special_tokens_map.json"}, {"rfilename": "tokenizer.json"}, {"rfilename": "tokenizer_config.json"}, {"rfilename": "training_args.bin"}], "spaces": [], "createdAt": "2024-06-26T07:53:40.000Z", "inferenceStatus": "not-loaded"}