{"_id": "64e0345dc20c27fcc8b99ee8", "id": "V0idzs/Emmettsvoices", "modelId": "V0idzs/Emmettsvoices", "author": "V0idzs", "sha": "9b414289d15820c03f0136fe826608bcdde5a487", "lastModified": "2023-08-19T03:18:35.000Z", "private": false, "disabled": false, "gated": false, "tags": ["license:openrail", "region:us"], "downloads": 0, "likes": 0, "model-index": null, "cardData": {"license": "openrail"}, "siblings": [{"rfilename": ".gitattributes"}, {"rfilename": "README.md"}, {"rfilename": "emmettsvoice - Copy.zip"}], "spaces": [], "createdAt": "2023-08-19T03:17:49.000Z", "inferenceStatus": "not-loaded"}