{"_id": "6261d2086c57f74478076e8d", "id": "V0ltron/vit-base-patch16-224-finetuned-largerDataSet-docSeperator-more-labels-all-apache2", "modelId": "V0ltron/vit-base-patch16-224-finetuned-largerDataSet-docSeperator-more-labels-all-apache2", "author": "V0ltron", "sha": "41f483fc2533befd1fc46f6cba3b17c79d1b69e8", "lastModified": "2022-04-21T22:58:02.000Z", "private": false, "disabled": false, "gated": false, "pipeline_tag": "image-classification", "tags": ["transformers", "pytorch", "tensorboard", "vit", "image-classification", "autotrain_compatible", "endpoints_compatible", "region:us"], "downloads": 4, "library_name": "transformers", "likes": 0, "config": {"architectures": ["ViTForImageClassification"], "model_type": "vit"}, "transformersInfo": {"auto_model": "AutoModelForImageClassification", "pipeline_tag": "image-classification", "processor": "AutoImageProcessor"}, "siblings": [{"rfilename": ".gitattributes"}, {"rfilename": ".gitignore"}, {"rfilename": "config.json"}, {"rfilename": "preprocessor_config.json"}, {"rfilename": "pytorch_model.bin"}, {"rfilename": "runs/Apr21_14-51-57_Seans-Mac-mini-6.local/1650577935.24308/events.out.tfevents.1650577935.Seans-Mac-mini-6.local.39280.3"}, {"rfilename": "runs/Apr21_14-51-57_Seans-Mac-mini-6.local/events.out.tfevents.1650577935.Seans-Mac-mini-6.local.39280.2"}, {"rfilename": "training_args.bin"}], "spaces": [], "createdAt": "2022-04-21T21:52:08.000Z", "inferenceStatus": "not-loaded"}