{"_id": "64e5f9f56331cc088ff4f21f", "id": "V0RNY/midjourney-falcon-7b", "modelId": "V0RNY/midjourney-falcon-7b", "author": "V0RNY", "sha": "2d735d3ba4f46cbc2c7ce156a74dfc2dd5e32353", "lastModified": "2023-08-23T12:22:41.000Z", "private": false, "disabled": false, "gated": false, "tags": ["license:openrail", "region:us"], "downloads": 0, "likes": 0, "model-index": null, "cardData": {"license": "openrail"}, "siblings": [{"rfilename": ".gitattributes"}, {"rfilename": "README.md"}, {"rfilename": "adapter_config.json"}, {"rfilename": "adapter_model.bin"}], "spaces": [], "createdAt": "2023-08-23T12:22:13.000Z", "inferenceStatus": "not-loaded"}