{"_id": "653b32e17c01c693a1912d33", "id": "v0xie/sd15-glora-monster_toy", "modelId": "v0xie/sd15-glora-monster_toy", "author": "v0xie", "sha": "a5fb23293a2c60d3f32fc2a94acf9a3d0fe4581c", "lastModified": "2023-10-27T03:48:51.000Z", "private": false, "disabled": false, "gated": false, "tags": ["region:us"], "downloads": 0, "likes": 0, "siblings": [{"rfilename": ".gitattributes"}, {"rfilename": "monster_toy_sd15_glora-000010.safetensors"}, {"rfilename": "monster_toy_sd15_glora-000020.safetensors"}], "spaces": [], "createdAt": "2023-10-27T03:47:45.000Z", "inferenceStatus": "not-loaded"}