{"_id": "65328b3eae42162a1ea224bf", "id": "v0xie/sdxl-oft_monster_toy", "modelId": "v0xie/sdxl-oft_monster_toy", "author": "v0xie", "sha": "90ecda596a9af9e3bf1d1782cac514e73f5c828b", "lastModified": "2023-11-16T07:54:19.000Z", "private": false, "disabled": false, "gated": false, "tags": ["region:us"], "downloads": 0, "likes": 0, "siblings": [{"rfilename": ".gitattributes"}, {"rfilename": "monster_toy_diag-oft-000060.safetensors"}, {"rfilename": "monster_toy_oft.safetensors"}, {"rfilename": "readme.txt"}], "spaces": [], "createdAt": "2023-10-20T14:14:22.000Z", "inferenceStatus": "not-loaded"}