{"_id": "655613e1b637d14830986565", "id": "V12X-ksr/FOCALtrain", "modelId": "V12X-ksr/FOCALtrain", "author": "V12X-ksr", "sha": "79cccb1789eb783822a842b6755dc27e9523b901", "lastModified": "2024-02-14T20:22:40.000Z", "private": false, "disabled": false, "gated": false, "pipeline_tag": "text-classification", "tags": ["transformers", "tensorboard", "safetensors", "roberta", "text-classification", "generated_from_trainer", "base_model:roberta-base", "license:mit", "autotrain_compatible", "endpoints_compatible", "region:us"], "downloads": 3, "library_name": "transformers", "mask_token": "<mask>", "widgetData": [{"text": "I like you. I love you"}], "likes": 0, "model-index": [{"name": "FOCALtrain", "results": []}], "config": {"architectures": ["RobertaForSequenceClassification"], "model_type": "roberta", "tokenizer_config": {"bos_token": "<s>", "cls_token": "<s>", "eos_token": "</s>", "mask_token": "<mask>", "pad_token": "<pad>", "sep_token": "</s>", "unk_token": "<unk>"}}, "cardData": {"license": "mit", "base_model": "roberta-base", "tags": ["generated_from_trainer"], "model-index": [{"name": "FOCALtrain", "results": []}]}, "transformersInfo": {"auto_model": "AutoModelForSequenceClassification", "pipeline_tag": "text-classification", "processor": "AutoTokenizer"}, "siblings": [{"rfilename": ".gitattributes"}, {"rfilename": "README.md"}, {"rfilename": "config.json"}, {"rfilename": "logs/events.out.tfevents.1700141599.38373131a0a1.17604.0"}, {"rfilename": "logs/events.out.tfevents.1700142743.38373131a0a1.17604.1"}, {"rfilename": "logs/events.out.tfevents.1700143230.38373131a0a1.26516.0"}, {"rfilename": "logs/events.out.tfevents.1700144754.38373131a0a1.26516.1"}, {"rfilename": "logs/events.out.tfevents.1706862228.f231d2d3dc2f.1609.0"}, {"rfilename": "logs/events.out.tfevents.1706865287.f231d2d3dc2f.1609.1"}, {"rfilename": "logs/events.out.tfevents.1707940688.6c734d94b679.464.0"}, {"rfilename": "logs/events.out.tfevents.1707942155.6c734d94b679.464.1"}, {"rfilename": "merges.txt"}, {"rfilename": "model.safetensors"}, {"rfilename": "special_tokens_map.json"}, {"rfilename": "tokenizer.json"}, {"rfilename": "tokenizer_config.json"}, {"rfilename": "training_args.bin"}, {"rfilename": "vocab.json"}], "spaces": [], "createdAt": "2023-11-16T13:06:41.000Z", "safetensors": {"parameters": {"F32": 124651784}, "total": 124651784}, "inferenceStatus": "not-loaded"}