{"_id": "64cf0b1c6f107411da8905da", "id": "v133nz/mezadonova", "modelId": "v133nz/mezadonova", "author": "v133nz", "sha": "a590f7d9186211158daa8c389a780322faabb568", "lastModified": "2023-08-06T02:53:16.000Z", "private": false, "disabled": false, "gated": false, "tags": ["license:apache-2.0", "region:us"], "downloads": 0, "likes": 0, "model-index": null, "cardData": {"license": "apache-2.0"}, "siblings": [{"rfilename": ".gitattributes"}, {"rfilename": "README.md"}], "spaces": [], "createdAt": "2023-08-06T02:53:16.000Z", "inferenceStatus": "not-loaded"}