{"_id": "64c4f30dd43e4dee5173bb65", "id": "V1n1/Gym", "modelId": "V1n1/Gym", "author": "V1n1", "sha": "7df25bb518cb6c1396c3037da2d6caf45ba90976", "lastModified": "2023-07-29T11:07:57.000Z", "private": false, "disabled": false, "gated": false, "tags": ["license:openrail", "region:us"], "downloads": 0, "likes": 0, "model-index": null, "cardData": {"license": "openrail"}, "siblings": [{"rfilename": ".gitattributes"}, {"rfilename": "README.md"}], "spaces": [], "createdAt": "2023-07-29T11:07:57.000Z", "inferenceStatus": "not-loaded"}