{"_id": "65dc96bbc4e405cdecc491ec", "id": "V1ncenttt/my_awesome_eli5_clm-model", "modelId": "V1ncenttt/my_awesome_eli5_clm-model", "author": "V1ncenttt", "sha": "71d024d1a70ae5699f7a142e0daa8928ffcb62bf", "lastModified": "2024-02-26T14:20:22.000Z", "private": false, "disabled": false, "gated": false, "pipeline_tag": "text-generation", "tags": ["transformers", "tensorboard", "safetensors", "gpt2", "text-generation", "generated_from_trainer", "dataset:eli5_category", "base_model:distilgpt2", "license:apache-2.0", "autotrain_compatible", "text-generation-inference", "endpoints_compatible", "region:us"], "downloads": 1, "library_name": "transformers", "widgetData": [{"text": "My name is Julien and I like to"}, {"text": "My name is Thomas and my main"}, {"text": "My name is Mariama, my favorite"}, {"text": "My name is Clara and I am"}, {"text": "My name is Lewis and I like to"}, {"text": "My name is Merve and my favorite"}, {"text": "My name is Teven and I am"}, {"text": "Once upon a time,"}], "likes": 0, "model-index": [{"name": "my_awesome_eli5_clm-model", "results": []}], "config": {"architectures": ["GPT2LMHeadModel"], "model_type": "gpt2", "tokenizer_config": {"bos_token": "<|endoftext|>", "eos_token": "<|endoftext|>", "pad_token": "<|endoftext|>", "unk_token": "<|endoftext|>"}}, "cardData": {"license": "apache-2.0", "tags": ["generated_from_trainer"], "datasets": ["eli5_category"], "base_model": "distilgpt2", "model-index": [{"name": "my_awesome_eli5_clm-model", "results": []}]}, "transformersInfo": {"auto_model": "AutoModelForCausalLM", "pipeline_tag": "text-generation", "processor": "AutoTokenizer"}, "siblings": [{"rfilename": ".gitattributes"}, {"rfilename": "README.md"}, {"rfilename": "config.json"}, {"rfilename": "generation_config.json"}, {"rfilename": "merges.txt"}, {"rfilename": "model.safetensors"}, {"rfilename": "runs/Feb26_13-48-42_dbc957b55abe/events.out.tfevents.1708955324.dbc957b55abe.8951.0"}, {"rfilename": "runs/Feb26_13-48-42_dbc957b55abe/events.out.tfevents.1708956351.dbc957b55abe.8951.1"}, {"rfilename": "special_tokens_map.json"}, {"rfilename": "tokenizer.json"}, {"rfilename": "tokenizer_config.json"}, {"rfilename": "training_args.bin"}, {"rfilename": "vocab.json"}], "spaces": [], "createdAt": "2024-02-26T13:48:43.000Z", "safetensors": {"parameters": {"F32": 81912576}, "total": 81912576}, "inferenceStatus": "not-loaded"}