{"_id": "65772a7c92ead0e20f3cc756", "id": "v1olet/v1olet_marcoroni-go-bruins-merge-7B", "modelId": "v1olet/v1olet_marcoroni-go-bruins-merge-7B", "author": "v1olet", "sha": "cb12311431b637536cd42033746522fd849ae0c7", "lastModified": "2023-12-18T15:02:50.000Z", "private": false, "disabled": false, "gated": false, "pipeline_tag": "text-generation", "tags": ["transformers", "pytorch", "mistral", "text-generation", "merge", "en", "license:apache-2.0", "autotrain_compatible", "text-generation-inference", "endpoints_compatible", "region:us"], "downloads": 1307, "library_name": "transformers", "widgetData": [{"text": "My name is Julien and I like to"}, {"text": "My name is Thomas and my main"}, {"text": "My name is Mariama, my favorite"}, {"text": "My name is Clara and I am"}, {"text": "My name is Lewis and I like to"}, {"text": "My name is Merve and my favorite"}, {"text": "My name is Teven and I am"}, {"text": "Once upon a time,"}], "likes": 30, "model-index": null, "config": {"architectures": ["MistralForCausalLM"], "model_type": "mistral", "tokenizer_config": {"bos_token": "<s>", "eos_token": "</s>", "pad_token": null, "unk_token": "<unk>", "use_default_system_prompt": true}}, "cardData": {"license": "apache-2.0", "language": ["en"], "tags": ["merge"]}, "transformersInfo": {"auto_model": "AutoModelForCausalLM", "pipeline_tag": "text-generation", "processor": "AutoTokenizer"}, "siblings": [{"rfilename": ".gitattributes"}, {"rfilename": "README.md"}, {"rfilename": "config.json"}, {"rfilename": "generation_config.json"}, {"rfilename": "pytorch_model-00001-of-00003.bin"}, {"rfilename": "pytorch_model-00002-of-00003.bin"}, {"rfilename": "pytorch_model-00003-of-00003.bin"}, {"rfilename": "pytorch_model.bin.index.json"}, {"rfilename": "special_tokens_map.json"}, {"rfilename": "tokenizer.json"}, {"rfilename": "tokenizer.model"}, {"rfilename": "tokenizer_config.json"}], "spaces": ["Intel/low_bit_open_llm_leaderboard", "BAAI/open_cn_llm_leaderboard", "open-llm-leaderboard-old/open_llm_leaderboard", "GTBench/GTBench", "felixz/open_llm_leaderboard", "OPTML-Group/UnlearnCanvas-Benchmark", "Vikhrmodels/small-shlepa", "Vikhrmodels/Russian_Arena_Hard", "rodrigomasini/data_only_open_llm_leaderboard", "neubla/neubla-llm-evaluation-board", "asir0z/open_llm_leaderboard", "kbmlcoding/open_llm_leaderboard_free", "pngwn/open_llm_leaderboard-check", "0x1668/open_llm_leaderboard", "aichampions/open_llm_leaderboard", "Adeco/open_llm_leaderboard"], "createdAt": "2023-12-11T15:27:56.000Z", "inferenceStatus": "not-loaded"}