{"_id": "6583da3e0db2e2b550cbecfa", "id": "V1v3c/dolphin-2.5-mixtral-8x7b", "modelId": "V1v3c/dolphin-2.5-mixtral-8x7b", "author": "V1v3c", "sha": "71d41a5bc379299806f9384d5239dc3c6b32490c", "lastModified": "2023-12-23T18:05:05.000Z", "private": false, "disabled": false, "gated": false, "tags": ["transformers", "gguf", "mixtral", "en", "dataset:ehartford/dolphin", "dataset:jondurbin/airoboros-2.2.1", "dataset:ehartford/dolphin-coder", "dataset:migtissera/Synthia-v1.3", "dataset:teknium/openhermes", "dataset:ise-uiuc/Magicoder-OSS-Instruct-75K", "dataset:ise-uiuc/Magicoder-Evol-Instruct-110K", "dataset:LDJnr/Pure-Dove", "base_model:ehartford/dolphin-2.5-mixtral-8x7b", "license:apache-2.0", "text-generation-inference", "region:us"], "downloads": 20, "library_name": "transformers", "likes": 0, "model-index": null, "config": {"model_type": "mixtral"}, "cardData": {"base_model": "ehartford/dolphin-2.5-mixtral-8x7b", "datasets": ["ehartford/dolphin", "jondurbin/airoboros-2.2.1", "ehartford/dolphin-coder", "migtissera/Synthia-v1.3", "teknium/openhermes", "ise-uiuc/Magicoder-OSS-Instruct-75K", "ise-uiuc/Magicoder-Evol-Instruct-110K", "LDJnr/Pure-Dove"], "inference": false, "language": ["en"], "license": "apache-2.0", "model_creator": "Eric Hartford", "model_name": "Dolphin 2.5 Mixtral 8X7B", "model_type": "mixtral", "prompt_template": "<|im_start|>system\n{system_message}<|im_end|>\n<|im_start|>user\n{prompt}<|im_end|>\n<|im_start|>assistant\n", "quantized_by": "TheBloke"}, "transformersInfo": {"auto_model": "AutoModel"}, "siblings": [{"rfilename": "README.md"}, {"rfilename": "config.json"}, {"rfilename": "dolphin-2.5-mixtral-8x7b.Q5_K_M.gguf"}, {"rfilename": "gitattributes"}], "spaces": [], "createdAt": "2023-12-21T06:25:02.000Z", "inferenceStatus": "not-loaded"}