{"_id": "6682a9ae549c1b932c5c7f46", "id": "v1vu/Deberta_science_exam", "modelId": "v1vu/Deberta_science_exam", "author": "v1vu", "sha": "7a42d3c0c7810fe83da28cc111eb4b9cb78ea1a8", "lastModified": "2024-07-01T13:05:50.000Z", "private": false, "disabled": false, "gated": false, "tags": ["license:mit", "region:us"], "downloads": 0, "likes": 0, "model-index": null, "cardData": {"license": "mit"}, "siblings": [{"rfilename": ".gitattributes"}, {"rfilename": "README.md"}], "spaces": [], "createdAt": "2024-07-01T13:05:50.000Z", "inferenceStatus": "not-loaded"}