{"_id": "63c7e81dff9dc0843ef37f03", "id": "V3B4/LoRA", "modelId": "V3B4/LoRA", "author": "V3B4", "sha": "117d12a9f4ceb20883579d16a21b3f9b6dfa9dc6", "lastModified": "2023-02-04T06:47:10.000Z", "private": false, "disabled": false, "gated": false, "tags": ["stable-diffusion", "lora", "anime", "region:us"], "downloads": 0, "likes": 12, "model-index": null, "cardData": {"tags": ["stable-diffusion", "lora", "anime"]}, "siblings": [{"rfilename": ".gitattributes"}, {"rfilename": "README.md"}, {"rfilename": "chiyoda_momo(fresh_peach)/chiyoda_momo(fresh_peach).safetensors"}, {"rfilename": "chiyoda_momo(fresh_peach)/sample1.png"}, {"rfilename": "chiyoda_momo(fresh_peach)/sample2.png"}, {"rfilename": "hitotsuyanagi_riri/hitotsuyanagi_riri.safetensors"}, {"rfilename": "hitotsuyanagi_riri/sample1.png"}, {"rfilename": "osaka_shizuku/osaka_shizuku.safetensors"}, {"rfilename": "osaka_shizuku/sample1.png"}, {"rfilename": "uehara_ayumu/sample1.png"}, {"rfilename": "uehara_ayumu/uehara_ayumu.safetensors"}, {"rfilename": "yoshida_yuuko/sample1.png"}, {"rfilename": "yoshida_yuuko/yoshida_yuuko.safetensors"}], "spaces": [], "createdAt": "2023-01-18T12:37:49.000Z", "inferenceStatus": "not-loaded"}