{"_id": "63f9f9475560a18b1fcf68e5", "id": "V3B4/background-LoRA", "modelId": "V3B4/background-LoRA", "author": "V3B4", "sha": "fd6b55f9e1612fd97d4352fcb99fda652570ba53", "lastModified": "2023-02-27T13:16:49.000Z", "private": false, "disabled": false, "gated": false, "tags": ["stable-diffusion", "lora", "region:us"], "downloads": 0, "likes": 4, "model-index": null, "cardData": {"tags": ["stable-diffusion", "lora"]}, "siblings": [{"rfilename": ".gitattributes"}, {"rfilename": "README.md"}, {"rfilename": "danchi/danchi.safetensors"}, {"rfilename": "danchi/sample1.png"}, {"rfilename": "danchi/sample2.png"}], "spaces": [], "createdAt": "2023-02-25T12:04:23.000Z", "inferenceStatus": "not-loaded"}