{"_id": "666da8d33996d38e5c969be8", "id": "V3N0M/Jenna-Gemma-v01-gguf-q4", "modelId": "V3N0M/Jenna-Gemma-v01-gguf-q4", "author": "V3N0M", "sha": "5b663bf3f4869fb242e7800e99359024208d8186", "lastModified": "2024-06-15T14:45:16.000Z", "private": false, "disabled": false, "gated": false, "tags": ["transformers", "gguf", "gemma", "text-generation-inference", "unsloth", "en", "base_model:unsloth/gemma-2b-bnb-4bit", "license:apache-2.0", "endpoints_compatible", "region:us"], "downloads": 174, "library_name": "transformers", "likes": 0, "model-index": null, "config": {"model_type": "gemma"}, "cardData": {"base_model": "unsloth/gemma-2b-bnb-4bit", "language": ["en"], "license": "apache-2.0", "tags": ["text-generation-inference", "transformers", "unsloth", "gemma", "gguf"]}, "transformersInfo": {"auto_model": "AutoModel"}, "siblings": [{"rfilename": ".gitattributes"}, {"rfilename": "Jenna-Gemma-v01-gguf-q4-unsloth.Q4_K_M.gguf"}, {"rfilename": "README.md"}, {"rfilename": "config.json"}], "spaces": [], "createdAt": "2024-06-15T14:44:35.000Z", "inferenceStatus": "not-loaded"}