{"_id": "6671078d3dd872e666dc448b", "id": "V3N0M/Jenna-Tiny-2.0", "modelId": "V3N0M/Jenna-Tiny-2.0", "author": "V3N0M", "sha": "95c5e775b4a155110a5fac3e1cdd814dde93f220", "lastModified": "2024-06-18T04:06:40.000Z", "private": false, "disabled": false, "gated": false, "pipeline_tag": "text-generation", "tags": ["transformers", "safetensors", "llama", "text-generation", "conversational", "arxiv:1910.09700", "autotrain_compatible", "text-generation-inference", "endpoints_compatible", "4-bit", "bitsandbytes", "region:us"], "downloads": 32, "library_name": "transformers", "widgetData": [{"text": "Hey my name is Julien! How are you?"}, {"text": "Hey my name is Thomas! How are you?"}, {"text": "Hey my name is Mariama! How are you?"}, {"text": "Hey my name is Clara! How are you?"}, {"text": "Hey my name is Julien! How are you?"}, {"text": "Hi."}], "likes": 0, "model-index": null, "config": {"architectures": ["LlamaForCausalLM"], "model_type": "llama", "quantization_config": {"load_in_4bit": true, "load_in_8bit": false, "quant_method": "bitsandbytes"}, "tokenizer_config": {"bos_token": "<|im_start|>", "chat_template": "{% for message in messages %}{{'<|im_start|>' + message['role'] + '\n' + message['content'] + '<|im_end|>' + '\n'}}{% endfor %}{% if add_generation_prompt %}{{ '<|im_start|>assistant\n' }}{% endif %}", "eos_token": "<|im_end|>", "pad_token": "<|im_end|>", "unk_token": "<unk>", "use_default_system_prompt": false}}, "cardData": {"library_name": "transformers", "tags": []}, "transformersInfo": {"auto_model": "AutoModelForCausalLM", "pipeline_tag": "text-generation", "processor": "AutoTokenizer"}, "siblings": [{"rfilename": ".gitattributes"}, {"rfilename": "README.md"}, {"rfilename": "added_tokens.json"}, {"rfilename": "config.json"}, {"rfilename": "generation_config.json"}, {"rfilename": "model.safetensors"}, {"rfilename": "special_tokens_map.json"}, {"rfilename": "tokenizer.json"}, {"rfilename": "tokenizer.model"}, {"rfilename": "tokenizer_config.json"}], "spaces": [], "createdAt": "2024-06-18T04:05:33.000Z", "safetensors": {"parameters": {"F32": 101024, "F16": 131172352, "U8": 499607235}, "total": 630880611}, "inferenceStatus": "not-loaded"}