{"_id": "6673d46521bc4bc41db2c8f8", "id": "V3N0M/Jenna-Uncensored-GGUF-q4-v02", "modelId": "V3N0M/Jenna-Uncensored-GGUF-q4-v02", "author": "V3N0M", "sha": "3b495218dda8a4ffe334c0ddc7f4a0eb67899e79", "lastModified": "2024-06-20T07:05:36.000Z", "private": false, "disabled": false, "gated": false, "tags": ["transformers", "gguf", "llama", "text-generation-inference", "unsloth", "en", "base_model:unsloth/tinyllama-chat-bnb-4bit", "license:apache-2.0", "endpoints_compatible", "region:us"], "downloads": 782, "library_name": "transformers", "likes": 1, "model-index": null, "config": {"model_type": "llama"}, "cardData": {"language": ["en"], "license": "apache-2.0", "tags": ["text-generation-inference", "transformers", "unsloth", "llama", "gguf"], "base_model": "unsloth/tinyllama-chat-bnb-4bit"}, "transformersInfo": {"auto_model": "AutoModel"}, "siblings": [{"rfilename": ".gitattributes"}, {"rfilename": "README.md"}, {"rfilename": "config.json"}, {"rfilename": "unsloth.F16.gguf"}, {"rfilename": "unsloth.Q4_K_M.gguf"}], "spaces": [], "createdAt": "2024-06-20T07:04:05.000Z", "inferenceStatus": "not-loaded"}