{"_id": "667325c94990df90c3356efc", "id": "V3N0M/Jenna-v2", "modelId": "V3N0M/Jenna-v2", "author": "V3N0M", "sha": "c29a116cada8205da25f53632aa4cdd540b42506", "lastModified": "2024-06-19T18:42:08.000Z", "private": false, "disabled": false, "gated": false, "pipeline_tag": "text-generation", "tags": ["transformers", "pytorch", "gemma", "text-generation", "text-generation-inference", "unsloth", "trl", "sft", "conversational", "en", "base_model:unsloth/gemma-1.1-2b-it-bnb-4bit", "license:apache-2.0", "autotrain_compatible", "endpoints_compatible", "region:us"], "downloads": 34, "library_name": "transformers", "widgetData": [{"text": "Hey my name is Julien! How are you?"}, {"text": "Hey my name is Thomas! How are you?"}, {"text": "Hey my name is Mariama! How are you?"}, {"text": "Hey my name is Clara! How are you?"}, {"text": "Hey my name is Julien! How are you?"}, {"text": "Hi."}], "likes": 0, "model-index": null, "config": {"architectures": ["GemmaForCausalLM"], "model_type": "gemma", "tokenizer_config": {"bos_token": "<bos>", "chat_template": "{{ bos_token }}{% if messages[0]['role'] == 'system' %}{{ raise_exception('System role not supported') }}{% endif %}{% for message in messages %}{% if (message['role'] == 'user') != (loop.index0 % 2 == 0) %}{{ raise_exception('Conversation roles must alternate user/assistant/user/assistant/...') }}{% endif %}{% if (message['role'] == 'assistant') %}{% set role = 'model' %}{% else %}{% set role = message['role'] %}{% endif %}{{ '<start_of_turn>' + role + '\n' + message['content'] | trim + '<end_of_turn>\n' }}{% endfor %}{% if add_generation_prompt %}{{'<start_of_turn>model\n'}}{% endif %}", "eos_token": "<eos>", "pad_token": "<pad>", "unk_token": "<unk>", "use_default_system_prompt": false}}, "cardData": {"language": ["en"], "license": "apache-2.0", "tags": ["text-generation-inference", "transformers", "unsloth", "gemma", "trl", "sft"], "base_model": "unsloth/gemma-1.1-2b-it-bnb-4bit"}, "transformersInfo": {"auto_model": "AutoModelForCausalLM", "pipeline_tag": "text-generation", "processor": "AutoTokenizer"}, "siblings": [{"rfilename": ".gitattributes"}, {"rfilename": "README.md"}, {"rfilename": "config.json"}, {"rfilename": "generation_config.json"}, {"rfilename": "pytorch_model-00001-of-00002.bin"}, {"rfilename": "pytorch_model-00002-of-00002.bin"}, {"rfilename": "pytorch_model.bin.index.json"}, {"rfilename": "special_tokens_map.json"}, {"rfilename": "tokenizer.json"}, {"rfilename": "tokenizer.model"}, {"rfilename": "tokenizer_config.json"}], "spaces": [], "createdAt": "2024-06-19T18:39:05.000Z", "inferenceStatus": "not-loaded"}