{"_id": "6673da350f854ba167ccb8dd", "id": "V3N0M/Jenna-Uncensored-GGUF-v02", "modelId": "V3N0M/Jenna-Uncensored-GGUF-v02", "author": "V3N0M", "sha": "b18b9e57d9601050a83e7afe8acd83ff3be30777", "lastModified": "2024-06-20T07:29:33.000Z", "private": false, "disabled": false, "gated": false, "tags": ["transformers", "gguf", "llama", "text-generation-inference", "unsloth", "en", "base_model:unsloth/tinyllama-chat-bnb-4bit", "license:apache-2.0", "endpoints_compatible", "region:us"], "downloads": 267, "library_name": "transformers", "likes": 2, "model-index": null, "config": {"model_type": "llama"}, "cardData": {"language": ["en"], "license": "apache-2.0", "tags": ["text-generation-inference", "transformers", "unsloth", "llama", "gguf"], "base_model": "unsloth/tinyllama-chat-bnb-4bit"}, "transformersInfo": {"auto_model": "AutoModel"}, "siblings": [{"rfilename": ".gitattributes"}, {"rfilename": "README.md"}, {"rfilename": "config.json"}, {"rfilename": "unsloth.Q8_0.gguf"}], "spaces": [], "createdAt": "2024-06-20T07:28:53.000Z", "inferenceStatus": "not-loaded"}