{"_id": "6252b57deb94385c7680d981", "id": "V3RX2000/xlm-roberta-base-finetuned-panx-de", "modelId": "V3RX2000/xlm-roberta-base-finetuned-panx-de", "author": "V3RX2000", "sha": "3efb3aacfb4bf59870a2c83591537b7f5ed3d02f", "lastModified": "2022-04-10T15:13:04.000Z", "private": false, "disabled": false, "gated": false, "pipeline_tag": "token-classification", "tags": ["transformers", "pytorch", "tensorboard", "xlm-roberta", "token-classification", "generated_from_trainer", "dataset:xtreme", "license:mit", "model-index", "autotrain_compatible", "endpoints_compatible", "region:us"], "downloads": 21, "library_name": "transformers", "mask_token": "<mask>", "widgetData": [{"text": "My name is Wolfgang and I live in Berlin"}, {"text": "My name is Sarah and I live in London"}, {"text": "My name is Clara and I live in Berkeley, California."}], "likes": 0, "model-index": [{"name": "xlm-roberta-base-finetuned-panx-de", "results": [{"task": {"name": "Token Classification", "type": "token-classification"}, "dataset": {"name": "xtreme", "type": "xtreme", "args": "PAN-X.de"}, "metrics": [{"name": "F1", "type": "f1", "value": 0.8590909090909091, "verified": false}]}]}], "config": {"architectures": ["XLMRobertaForTokenClassification"], "model_type": "xlm-roberta", "tokenizer_config": {"bos_token": "<s>", "eos_token": "</s>", "sep_token": "</s>", "cls_token": "<s>", "unk_token": "<unk>", "pad_token": "<pad>", "mask_token": {"content": "<mask>", "single_word": false, "lstrip": true, "rstrip": false, "normalized": true, "__type": "AddedToken"}}}, "cardData": {"license": "mit", "tags": ["generated_from_trainer"], "datasets": ["xtreme"], "metrics": ["f1"], "model-index": [{"name": "xlm-roberta-base-finetuned-panx-de", "results": [{"task": {"name": "Token Classification", "type": "token-classification"}, "dataset": {"name": "xtreme", "type": "xtreme", "args": "PAN-X.de"}, "metrics": [{"name": "F1", "type": "f1", "value": 0.8590909090909091, "verified": false}]}]}]}, "transformersInfo": {"auto_model": "AutoModelForTokenClassification", "pipeline_tag": "token-classification", "processor": "AutoTokenizer"}, "siblings": [{"rfilename": ".gitattributes"}, {"rfilename": ".gitignore"}, {"rfilename": "README.md"}, {"rfilename": "config.json"}, {"rfilename": "pytorch_model.bin"}, {"rfilename": "runs/Apr10_12-18-58_76a9f17c17d5/1649593153.0273848/events.out.tfevents.1649593153.76a9f17c17d5.74.1"}, {"rfilename": "runs/Apr10_12-18-58_76a9f17c17d5/events.out.tfevents.1649593153.76a9f17c17d5.74.0"}, {"rfilename": "runs/Apr10_15-00-36_bee5b23f411e/1649603267.6509202/events.out.tfevents.1649603267.bee5b23f411e.70.1"}, {"rfilename": "runs/Apr10_15-00-36_bee5b23f411e/events.out.tfevents.1649603267.bee5b23f411e.70.0"}, {"rfilename": "sentencepiece.bpe.model"}, {"rfilename": "special_tokens_map.json"}, {"rfilename": "tokenizer.json"}, {"rfilename": "tokenizer_config.json"}, {"rfilename": "training_args.bin"}], "spaces": [], "createdAt": "2022-04-10T10:46:21.000Z", "inferenceStatus": "not-loaded"}