{"_id": "621ffdc136468d709f177a3e", "id": "V3RX2000/distilbert-base-uncased-finetuned-ner", "modelId": "V3RX2000/distilbert-base-uncased-finetuned-ner", "author": "V3RX2000", "sha": "ccf14ef0e43026d56c8721b2ac5f1dc6a3604286", "lastModified": "2021-10-13T02:30:36.000Z", "private": false, "disabled": false, "gated": false, "pipeline_tag": "token-classification", "tags": ["transformers", "pytorch", "tensorboard", "distilbert", "token-classification", "generated_from_trainer", "dataset:conll2003", "license:apache-2.0", "model-index", "autotrain_compatible", "endpoints_compatible", "region:us"], "downloads": 4, "library_name": "transformers", "mask_token": "[MASK]", "widgetData": [{"text": "My name is Wolfgang and I live in Berlin"}, {"text": "My name is Sarah and I live in London"}, {"text": "My name is Clara and I live in Berkeley, California."}], "likes": 0, "model-index": [{"name": "distilbert-base-uncased-finetuned-ner", "results": [{"task": {"name": "Token Classification", "type": "token-classification"}, "dataset": {"name": "conll2003", "type": "conll2003", "args": "conll2003"}, "metrics": [{"name": "Precision", "type": "precision", "value": 0.9272043367629162, "verified": false}, {"name": "Recall", "type": "recall", "value": 0.9375769101689228, "verified": false}, {"name": "F1", "type": "f1", "value": 0.932361775503393, "verified": false}, {"name": "Accuracy", "type": "accuracy", "value": 0.984193051297123, "verified": false}]}]}], "config": {"architectures": ["DistilBertForTokenClassification"], "model_type": "distilbert", "tokenizer_config": {"unk_token": "[UNK]", "sep_token": "[SEP]", "pad_token": "[PAD]", "cls_token": "[CLS]", "mask_token": "[MASK]"}}, "cardData": {"license": "apache-2.0", "tags": ["generated_from_trainer"], "datasets": ["conll2003"], "metrics": ["precision", "recall", "f1", "accuracy"], "model-index": [{"name": "distilbert-base-uncased-finetuned-ner", "results": [{"task": {"name": "Token Classification", "type": "token-classification"}, "dataset": {"name": "conll2003", "type": "conll2003", "args": "conll2003"}, "metrics": [{"name": "Precision", "type": "precision", "value": 0.9272043367629162, "verified": false}, {"name": "Recall", "type": "recall", "value": 0.9375769101689228, "verified": false}, {"name": "F1", "type": "f1", "value": 0.932361775503393, "verified": false}, {"name": "Accuracy", "type": "accuracy", "value": 0.984193051297123, "verified": false}]}]}]}, "transformersInfo": {"auto_model": "AutoModelForTokenClassification", "pipeline_tag": "token-classification", "processor": "AutoTokenizer"}, "siblings": [{"rfilename": ".gitattributes"}, {"rfilename": ".gitignore"}, {"rfilename": "README.md"}, {"rfilename": "config.json"}, {"rfilename": "pytorch_model.bin"}, {"rfilename": "runs/Oct12_02-40-08_cdc4a301f8fc/1634006428.2416866/events.out.tfevents.1634006428.cdc4a301f8fc.76.1"}, {"rfilename": "runs/Oct12_02-40-08_cdc4a301f8fc/events.out.tfevents.1634006428.cdc4a301f8fc.76.0"}, {"rfilename": "runs/Oct12_02-40-08_cdc4a301f8fc/events.out.tfevents.1634006663.cdc4a301f8fc.76.2"}, {"rfilename": "runs/Oct12_02-59-03_20e595628d89/1634007676.27385/events.out.tfevents.1634007676.20e595628d89.79.1"}, {"rfilename": "runs/Oct12_02-59-03_20e595628d89/events.out.tfevents.1634007676.20e595628d89.79.0"}, {"rfilename": "runs/Oct12_02-59-03_20e595628d89/events.out.tfevents.1634007921.20e595628d89.79.2"}, {"rfilename": "runs/Oct13_02-16-39_82b0e0cc0d33/1634091534.4990516/events.out.tfevents.1634091534.82b0e0cc0d33.78.1"}, {"rfilename": "runs/Oct13_02-16-39_82b0e0cc0d33/events.out.tfevents.1634091534.82b0e0cc0d33.78.0"}, {"rfilename": "runs/Oct13_02-16-39_82b0e0cc0d33/events.out.tfevents.1634091787.82b0e0cc0d33.78.2"}, {"rfilename": "special_tokens_map.json"}, {"rfilename": "tokenizer.json"}, {"rfilename": "tokenizer_config.json"}, {"rfilename": "training_args.bin"}, {"rfilename": "vocab.txt"}], "spaces": [], "createdAt": "2022-03-02T23:29:05.000Z", "inferenceStatus": "not-loaded"}