{"_id": "625a64423f54d7f4e5d7265c", "id": "V3RX2000/distilbert-base-uncased-finetuned-imdb", "modelId": "V3RX2000/distilbert-base-uncased-finetuned-imdb", "author": "V3RX2000", "sha": "e4bb5d309a5f20cc049df4031adf795adb7683e4", "lastModified": "2022-04-16T06:46:19.000Z", "private": false, "disabled": false, "gated": false, "pipeline_tag": "fill-mask", "tags": ["transformers", "pytorch", "tensorboard", "distilbert", "fill-mask", "generated_from_trainer", "dataset:imdb", "license:apache-2.0", "autotrain_compatible", "endpoints_compatible", "region:us"], "downloads": 1, "library_name": "transformers", "mask_token": "[MASK]", "widgetData": [{"text": "Paris is the [MASK] of France."}, {"text": "The goal of life is [MASK]."}], "likes": 0, "model-index": [{"name": "distilbert-base-uncased-finetuned-imdb", "results": []}], "config": {"architectures": ["DistilBertForMaskedLM"], "model_type": "distilbert"}, "cardData": {"license": "apache-2.0", "tags": ["generated_from_trainer"], "datasets": ["imdb"], "model-index": [{"name": "distilbert-base-uncased-finetuned-imdb", "results": []}]}, "transformersInfo": {"auto_model": "AutoModelForMaskedLM", "pipeline_tag": "fill-mask", "processor": "AutoTokenizer"}, "siblings": [{"rfilename": ".gitattributes"}, {"rfilename": ".gitignore"}, {"rfilename": "README.md"}, {"rfilename": "config.json"}, {"rfilename": "pytorch_model.bin"}, {"rfilename": "runs/Apr16_06-37-40_1a3842d14c3b/1650091082.2585917/events.out.tfevents.1650091082.1a3842d14c3b.73.1"}, {"rfilename": "runs/Apr16_06-37-40_1a3842d14c3b/events.out.tfevents.1650091082.1a3842d14c3b.73.0"}, {"rfilename": "runs/Apr16_06-37-40_1a3842d14c3b/events.out.tfevents.1650091367.1a3842d14c3b.73.2"}, {"rfilename": "training_args.bin"}], "spaces": [], "createdAt": "2022-04-16T06:37:54.000Z", "inferenceStatus": "not-loaded"}