{"_id": "65a2bc98c0e637bd9cd13449", "id": "v3ucn/wizard3", "modelId": "v3ucn/wizard3", "author": "v3ucn", "sha": "e5a08f63d549b12b277a5275916b3028a8557436", "lastModified": "2024-01-13T17:00:25.000Z", "private": false, "disabled": false, "gated": false, "tags": ["transformers", "endpoints_compatible", "region:us"], "downloads": 0, "library_name": "transformers", "likes": 0, "config": {}, "transformersInfo": {"auto_model": "AutoModel"}, "siblings": [{"rfilename": ".gitattributes"}, {"rfilename": "G_200.pth"}, {"rfilename": "README.md"}, {"rfilename": "config.json"}], "spaces": [], "createdAt": "2024-01-13T16:38:48.000Z", "inferenceStatus": "not-loaded"}