{"_id": "65641230b29be3f5b605a9e9", "id": "v4vardhan/ppo-Huggy", "modelId": "v4vardhan/ppo-Huggy", "author": "v4vardhan", "sha": "36da83504338793467520c507d2ae36b8d3ceff7", "lastModified": "2023-11-27T03:51:20.000Z", "private": false, "disabled": false, "gated": false, "pipeline_tag": "reinforcement-learning", "tags": ["ml-agents", "tensorboard", "onnx", "Huggy", "deep-reinforcement-learning", "reinforcement-learning", "ML-Agents-Huggy", "region:us"], "downloads": 38, "library_name": "ml-agents", "likes": 0, "model-index": null, "config": {}, "cardData": {"library_name": "ml-agents", "tags": ["Huggy", "deep-reinforcement-learning", "reinforcement-learning", "ML-Agents-Huggy"]}, "siblings": [{"rfilename": ".gitattributes"}, {"rfilename": "Huggy.onnx"}, {"rfilename": "Huggy/Huggy-1199968.onnx"}, {"rfilename": "Huggy/Huggy-1199968.pt"}, {"rfilename": "Huggy/Huggy-1399931.onnx"}, {"rfilename": "Huggy/Huggy-1399931.pt"}, {"rfilename": "Huggy/Huggy-1599306.onnx"}, {"rfilename": "Huggy/Huggy-1599306.pt"}, {"rfilename": "Huggy/Huggy-1799928.onnx"}, {"rfilename": "Huggy/Huggy-1799928.pt"}, {"rfilename": "Huggy/Huggy-199951.onnx"}, {"rfilename": "Huggy/Huggy-199951.pt"}, {"rfilename": "Huggy/Huggy-1999955.onnx"}, {"rfilename": "Huggy/Huggy-1999955.pt"}, {"rfilename": "Huggy/Huggy-2000705.onnx"}, {"rfilename": "Huggy/Huggy-2000705.pt"}, {"rfilename": "Huggy/Huggy-399921.onnx"}, {"rfilename": "Huggy/Huggy-399921.pt"}, {"rfilename": "Huggy/Huggy-599928.onnx"}, {"rfilename": "Huggy/Huggy-599928.pt"}, {"rfilename": "Huggy/Huggy-799954.onnx"}, {"rfilename": "Huggy/Huggy-799954.pt"}, {"rfilename": "Huggy/Huggy-999964.onnx"}, {"rfilename": "Huggy/Huggy-999964.pt"}, {"rfilename": "Huggy/checkpoint.pt"}, {"rfilename": "Huggy/events.out.tfevents.1701054287.ccd07c2e35a4.6129.0"}, {"rfilename": "README.md"}, {"rfilename": "config.json"}, {"rfilename": "configuration.yaml"}, {"rfilename": "run_logs/Player-0.log"}, {"rfilename": "run_logs/timers.json"}, {"rfilename": "run_logs/training_status.json"}], "spaces": [], "createdAt": "2023-11-27T03:51:12.000Z", "inferenceStatus": "not-loaded"}