{"_id": "66611fb802a5e5f4374cf073", "id": "v8karlo/UNCENSORED-TinyDolphin-3x-MoE-Q4_K_M-GGUF", "modelId": "v8karlo/UNCENSORED-TinyDolphin-3x-MoE-Q4_K_M-GGUF", "author": "v8karlo", "sha": "451829a7883fef1dd451c2d80de882f729ad3ac2", "lastModified": "2024-06-06T02:36:55.000Z", "private": false, "disabled": false, "gated": false, "tags": ["gguf", "moe", "frankenmoe", "merge", "mergekit", "lazymergekit", "cognitivecomputations/TinyDolphin-2.8.1-1.1b", "llama-cpp", "gguf-my-repo", "base_model:jtatman/TinyDolphin-3x-MoE", "license:apache-2.0", "region:us"], "downloads": 111, "likes": 1, "model-index": null, "cardData": {"license": "apache-2.0", "tags": ["moe", "frankenmoe", "merge", "mergekit", "lazymergekit", "cognitivecomputations/TinyDolphin-2.8.1-1.1b", "llama-cpp", "gguf-my-repo"], "base_model": "jtatman/TinyDolphin-3x-MoE"}, "siblings": [{"rfilename": ".gitattributes"}, {"rfilename": "README.md"}, {"rfilename": "tinydolphin-3x-moe-q4_k_m.gguf"}], "spaces": [], "createdAt": "2024-06-06T02:32:24.000Z", "inferenceStatus": "not-loaded"}