{"_id": "6377b74e22081eb7bd150b45", "id": "v9guebe4tysecreTs/kissme", "modelId": "v9guebe4tysecreTs/kissme", "author": "v9guebe4tysecreTs", "sha": "4d7181ae6cd122b052d88f37d90db3b2b08b449a", "lastModified": "2022-11-18T16:48:14.000Z", "private": false, "disabled": false, "gated": false, "tags": ["license:openrail", "region:us"], "downloads": 0, "likes": 0, "model-index": null, "cardData": {"license": "openrail"}, "siblings": [{"rfilename": ".gitattributes"}, {"rfilename": "README.md"}], "spaces": [], "createdAt": "2022-11-18T16:48:14.000Z", "inferenceStatus": "not-loaded"}