{"_id": "6404e3ce23d788411b9ba596", "id": "VA777/bert_base_cased_fake_real", "modelId": "VA777/bert_base_cased_fake_real", "author": "VA777", "sha": "e391ab0360e03f62750447cf47c075f312429bc4", "lastModified": "2023-03-05T19:07:23.000Z", "private": false, "disabled": false, "gated": false, "pipeline_tag": "text-classification", "tags": ["transformers", "pytorch", "tensorboard", "bert", "text-classification", "autotrain_compatible", "endpoints_compatible", "region:us"], "downloads": 3, "library_name": "transformers", "mask_token": "[MASK]", "widgetData": [{"text": "I like you. I love you"}], "likes": 0, "config": {"architectures": ["BertForSequenceClassification"], "model_type": "bert", "tokenizer_config": {"cls_token": "[CLS]", "mask_token": "[MASK]", "pad_token": "[PAD]", "sep_token": "[SEP]", "unk_token": "[UNK]"}}, "transformersInfo": {"auto_model": "AutoModelForSequenceClassification", "pipeline_tag": "text-classification", "processor": "AutoTokenizer"}, "siblings": [{"rfilename": ".gitattributes"}, {"rfilename": ".gitignore"}, {"rfilename": "config.json"}, {"rfilename": "pytorch_model.bin"}, {"rfilename": "runs/Mar05_18-47-38_d0adedfb86f3/1678042070.234629/events.out.tfevents.1678042070.d0adedfb86f3.128.3"}, {"rfilename": "runs/Mar05_18-47-38_d0adedfb86f3/events.out.tfevents.1678042070.d0adedfb86f3.128.2"}, {"rfilename": "runs/Mar05_18-48-11_d0adedfb86f3/1678042098.7483873/events.out.tfevents.1678042098.d0adedfb86f3.128.5"}, {"rfilename": "runs/Mar05_18-48-11_d0adedfb86f3/events.out.tfevents.1678042098.d0adedfb86f3.128.4"}, {"rfilename": "runs/Mar05_18-48-36_d0adedfb86f3/1678042121.666423/events.out.tfevents.1678042121.d0adedfb86f3.128.7"}, {"rfilename": "runs/Mar05_18-48-36_d0adedfb86f3/events.out.tfevents.1678042121.d0adedfb86f3.128.6"}, {"rfilename": "runs/Mar05_18-50-12_d0adedfb86f3/1678042223.8636425/events.out.tfevents.1678042223.d0adedfb86f3.6966.1"}, {"rfilename": "runs/Mar05_18-50-12_d0adedfb86f3/events.out.tfevents.1678042223.d0adedfb86f3.6966.0"}, {"rfilename": "special_tokens_map.json"}, {"rfilename": "tokenizer.json"}, {"rfilename": "tokenizer_config.json"}, {"rfilename": "training_args.bin"}, {"rfilename": "vocab.txt"}], "spaces": [], "createdAt": "2023-03-05T18:47:42.000Z", "inferenceStatus": "not-loaded"}