{"_id": "640526f7dfde643e0641b56a", "id": "VA777/bert_base_cased_fake_real_3", "modelId": "VA777/bert_base_cased_fake_real_3", "author": "VA777", "sha": "31e89e8af1d25e5606827dbe59076eecad6348d7", "lastModified": "2023-03-06T01:04:16.000Z", "private": false, "disabled": false, "gated": false, "pipeline_tag": "text-classification", "tags": ["transformers", "pytorch", "tensorboard", "bert", "text-classification", "autotrain_compatible", "endpoints_compatible", "region:us"], "downloads": 3, "library_name": "transformers", "mask_token": "[MASK]", "widgetData": [{"text": "I like you. I love you"}], "likes": 0, "config": {"architectures": ["BertForSequenceClassification"], "model_type": "bert", "tokenizer_config": {"cls_token": "[CLS]", "mask_token": "[MASK]", "pad_token": "[PAD]", "sep_token": "[SEP]", "unk_token": "[UNK]"}}, "transformersInfo": {"auto_model": "AutoModelForSequenceClassification", "pipeline_tag": "text-classification", "processor": "AutoTokenizer"}, "siblings": [{"rfilename": ".gitattributes"}, {"rfilename": ".gitignore"}, {"rfilename": "config.json"}, {"rfilename": "pytorch_model.bin"}, {"rfilename": "runs/Mar05_23-34-05_de0ddd659c55/1678059262.9536538/events.out.tfevents.1678059262.de0ddd659c55.352.1"}, {"rfilename": "runs/Mar05_23-34-05_de0ddd659c55/1678062888.4360812/events.out.tfevents.1678062888.de0ddd659c55.352.3"}, {"rfilename": "runs/Mar05_23-34-05_de0ddd659c55/events.out.tfevents.1678059262.de0ddd659c55.352.0"}, {"rfilename": "runs/Mar05_23-34-05_de0ddd659c55/events.out.tfevents.1678062888.de0ddd659c55.352.2"}, {"rfilename": "special_tokens_map.json"}, {"rfilename": "tokenizer.json"}, {"rfilename": "tokenizer_config.json"}, {"rfilename": "training_args.bin"}, {"rfilename": "vocab.txt"}], "spaces": [], "createdAt": "2023-03-05T23:34:15.000Z", "inferenceStatus": "not-loaded"}