{"_id": "646fc5e2150f4cab86326b89", "id": "VA777/t5-end2end-questions-generation", "modelId": "VA777/t5-end2end-questions-generation", "author": "VA777", "sha": "f54769b6df8ad294991c491bbb3cc453992e1b34", "lastModified": "2023-05-25T21:20:35.000Z", "private": false, "disabled": false, "gated": false, "pipeline_tag": "text2text-generation", "tags": ["transformers", "pytorch", "t5", "text2text-generation", "generated_from_trainer", "dataset:squad_modified_for_t5_qg", "license:apache-2.0", "autotrain_compatible", "text-generation-inference", "endpoints_compatible", "region:us"], "downloads": 1, "library_name": "transformers", "likes": 0, "model-index": [{"name": "t5-end2end-questions-generation", "results": []}], "config": {"architectures": ["T5ForConditionalGeneration"], "model_type": "t5"}, "cardData": {"license": "apache-2.0", "tags": ["generated_from_trainer"], "datasets": ["squad_modified_for_t5_qg"], "model-index": [{"name": "t5-end2end-questions-generation", "results": []}]}, "transformersInfo": {"auto_model": "AutoModelForSeq2SeqLM", "pipeline_tag": "text2text-generation", "processor": "AutoTokenizer"}, "siblings": [{"rfilename": ".gitattributes"}, {"rfilename": ".gitignore"}, {"rfilename": "README.md"}, {"rfilename": "config.json"}, {"rfilename": "generation_config.json"}, {"rfilename": "pytorch_model.bin"}, {"rfilename": "training_args.bin"}], "spaces": [], "createdAt": "2023-05-25T20:32:34.000Z", "inferenceStatus": "not-loaded"}