{"_id": "6404f485dfde643e0620ef80", "id": "VA777/bert_base_cased_fake_real_2", "modelId": "VA777/bert_base_cased_fake_real_2", "author": "VA777", "sha": "c098d07923ec10f65c5657f502cf72daaf1489dc", "lastModified": "2023-03-05T23:16:15.000Z", "private": false, "disabled": false, "gated": false, "pipeline_tag": "text-classification", "tags": ["transformers", "pytorch", "tensorboard", "bert", "text-classification", "autotrain_compatible", "endpoints_compatible", "region:us"], "downloads": 4, "library_name": "transformers", "mask_token": "[MASK]", "widgetData": [{"text": "I like you. I love you"}], "likes": 0, "config": {"architectures": ["BertForSequenceClassification"], "model_type": "bert", "tokenizer_config": {"cls_token": "[CLS]", "mask_token": "[MASK]", "pad_token": "[PAD]", "sep_token": "[SEP]", "unk_token": "[UNK]"}}, "transformersInfo": {"auto_model": "AutoModelForSequenceClassification", "pipeline_tag": "text-classification", "processor": "AutoTokenizer"}, "siblings": [{"rfilename": ".gitattributes"}, {"rfilename": ".gitignore"}, {"rfilename": "config.json"}, {"rfilename": "pytorch_model.bin"}, {"rfilename": "runs/Mar05_19-58-56_d0adedfb86f3/1678046348.1363528/events.out.tfevents.1678046348.d0adedfb86f3.24980.1"}, {"rfilename": "runs/Mar05_19-58-56_d0adedfb86f3/events.out.tfevents.1678046348.d0adedfb86f3.24980.0"}, {"rfilename": "runs/Mar05_22-00-06_d0adedfb86f3/1678053612.4017246/events.out.tfevents.1678053612.d0adedfb86f3.24980.3"}, {"rfilename": "runs/Mar05_22-00-06_d0adedfb86f3/events.out.tfevents.1678053612.d0adedfb86f3.24980.2"}, {"rfilename": "runs/Mar05_22-46-51_ba28b3f1f1fc/1678056549.5472016/events.out.tfevents.1678056549.ba28b3f1f1fc.130.1"}, {"rfilename": "runs/Mar05_22-46-51_ba28b3f1f1fc/events.out.tfevents.1678056549.ba28b3f1f1fc.130.0"}, {"rfilename": "special_tokens_map.json"}, {"rfilename": "tokenizer.json"}, {"rfilename": "tokenizer_config.json"}, {"rfilename": "training_args.bin"}, {"rfilename": "vocab.txt"}], "spaces": [], "createdAt": "2023-03-05T19:59:01.000Z", "inferenceStatus": "not-loaded"}