{"_id": "65b29f0b06d8b55123a0defd", "id": "vaal/mystuff", "modelId": "vaal/mystuff", "author": "vaal", "sha": "db6198f10613341aeebbbacad818029fa32f19df", "lastModified": "2024-01-25T17:49:00.000Z", "private": false, "disabled": false, "gated": false, "tags": ["license:apache-2.0", "region:us"], "downloads": 0, "likes": 0, "model-index": null, "cardData": {"license": "apache-2.0"}, "siblings": [{"rfilename": ".gitattributes"}, {"rfilename": "README.md"}], "spaces": [], "createdAt": "2024-01-25T17:48:59.000Z", "inferenceStatus": "not-loaded"}