{"_id": "65b376b4ce23cf412ff83e2a", "id": "vaal/cols", "modelId": "vaal/cols", "author": "vaal", "sha": "9396ede6e32e18585943671edf5ab2472cbbd75b", "lastModified": "2024-01-26T14:18:59.000Z", "private": false, "disabled": false, "gated": false, "tags": ["license:apache-2.0", "region:us"], "downloads": 0, "likes": 0, "model-index": null, "cardData": {"license": "apache-2.0"}, "siblings": [{"rfilename": ".gitattributes"}, {"rfilename": "README.md"}, {"rfilename": "cocalocavae.safetensors"}, {"rfilename": "julietrap"}], "spaces": [], "createdAt": "2024-01-26T09:09:08.000Z", "inferenceStatus": "not-loaded"}