{"_id": "65b28279ce74220b8344d461", "id": "vaal/monstrcoffe", "modelId": "vaal/monstrcoffe", "author": "vaal", "sha": "0afe0179ea4df3612842ecc5936a12616fff7a61", "lastModified": "2024-01-25T16:13:07.000Z", "private": false, "disabled": false, "gated": false, "tags": ["license:apache-2.0", "region:us"], "downloads": 0, "likes": 0, "model-index": null, "cardData": {"license": "apache-2.0"}, "siblings": [{"rfilename": ".gitattributes"}, {"rfilename": "README.md"}, {"rfilename": "Sora_Takenouchi-02.safetensors"}, {"rfilename": "mlp_twilightsparkle-10.safetensors"}, {"rfilename": "pandballgt_ex_01.safetensors"}], "spaces": [], "createdAt": "2024-01-25T15:47:05.000Z", "inferenceStatus": "not-loaded"}