{"_id": "65ee4d0bef93f750c1145096", "id": "vaal/sora2", "modelId": "vaal/sora2", "author": "vaal", "sha": "27a88886737c68635fdd75ea4b75bd8c239c6d16", "lastModified": "2024-03-11T00:37:08.000Z", "private": false, "disabled": false, "gated": false, "tags": ["license:apache-2.0", "region:us"], "downloads": 0, "likes": 0, "model-index": null, "cardData": {"license": "apache-2.0"}, "siblings": [{"rfilename": ".gitattributes"}, {"rfilename": "README.md"}, {"rfilename": "Sora.safetensors"}], "spaces": [], "createdAt": "2024-03-11T00:15:07.000Z", "inferenceStatus": "not-loaded"}