{"_id": "649923083b685332ca165143", "id": "vaarrun009/distilbert-finetuned-mteb-tweet-sentiment-extraction", "modelId": "vaarrun009/distilbert-finetuned-mteb-tweet-sentiment-extraction", "author": "vaarrun009", "sha": "2c12faceb1a7aa11d69f38127d0e6798834c9c89", "lastModified": "2023-06-26T05:32:56.000Z", "private": false, "disabled": false, "gated": false, "tags": ["license:unknown", "region:us"], "downloads": 0, "likes": 0, "model-index": null, "cardData": {"license": "unknown"}, "siblings": [{"rfilename": ".gitattributes"}, {"rfilename": "README.md"}], "spaces": [], "createdAt": "2023-06-26T05:32:56.000Z", "inferenceStatus": "not-loaded"}