{"_id": "6252b58b3b82ef7064e31cb1", "id": "vaariis/distilbert-base-uncased-finetuned-emotion", "modelId": "vaariis/distilbert-base-uncased-finetuned-emotion", "author": "vaariis", "sha": "8a286e01d1928a761aad5754a8dd162e7532e31d", "lastModified": "2022-04-21T06:20:25.000Z", "private": false, "disabled": false, "gated": false, "pipeline_tag": "text-classification", "tags": ["transformers", "pytorch", "tensorboard", "distilbert", "text-classification", "generated_from_trainer", "license:apache-2.0", "autotrain_compatible", "endpoints_compatible", "region:us"], "downloads": 4, "library_name": "transformers", "mask_token": "[MASK]", "widgetData": [{"text": "I like you. I love you"}], "likes": 0, "model-index": [{"name": "distilbert-base-uncased-finetuned-emotion", "results": []}], "config": {"architectures": ["DistilBertForSequenceClassification"], "model_type": "distilbert", "tokenizer_config": {"unk_token": "[UNK]", "sep_token": "[SEP]", "pad_token": "[PAD]", "cls_token": "[CLS]", "mask_token": "[MASK]"}}, "cardData": {"license": "apache-2.0", "tags": ["generated_from_trainer"], "metrics": ["accuracy", "f1"], "model-index": [{"name": "distilbert-base-uncased-finetuned-emotion", "results": []}]}, "transformersInfo": {"auto_model": "AutoModelForSequenceClassification", "pipeline_tag": "text-classification", "processor": "AutoTokenizer"}, "siblings": [{"rfilename": ".gitattributes"}, {"rfilename": ".gitignore"}, {"rfilename": "README.md"}, {"rfilename": "config.json"}, {"rfilename": "pytorch_model.bin"}, {"rfilename": "runs/Apr12_07-35-39_6ac1ba0bfeec/1649748974.7152777/events.out.tfevents.1649748974.6ac1ba0bfeec.73.1"}, {"rfilename": "runs/Apr12_07-35-39_6ac1ba0bfeec/events.out.tfevents.1649748974.6ac1ba0bfeec.73.0"}, {"rfilename": "runs/Apr12_08-10-43_6ac1ba0bfeec/1649751065.3214262/events.out.tfevents.1649751065.6ac1ba0bfeec.73.3"}, {"rfilename": "runs/Apr12_08-10-43_6ac1ba0bfeec/events.out.tfevents.1649751065.6ac1ba0bfeec.73.2"}, {"rfilename": "runs/Apr21_05-08-53_78e71fa39e6c/1650517898.339548/events.out.tfevents.1650517898.78e71fa39e6c.68.1"}, {"rfilename": "runs/Apr21_05-08-53_78e71fa39e6c/events.out.tfevents.1650517898.78e71fa39e6c.68.0"}, {"rfilename": "special_tokens_map.json"}, {"rfilename": "tokenizer.json"}, {"rfilename": "tokenizer_config.json"}, {"rfilename": "training_args.bin"}, {"rfilename": "vocab.txt"}], "spaces": [], "createdAt": "2022-04-10T10:46:35.000Z", "inferenceStatus": "not-loaded"}