{"_id": "63c1dd691b5c1a514dd24eef", "id": "vaasplanet/woodlamp", "modelId": "vaasplanet/woodlamp", "author": "vaasplanet", "sha": "a4a7fd7eaf755f9f47add4d9ccc58bf6dd0e1c10", "lastModified": "2023-01-13T22:38:33.000Z", "private": false, "disabled": false, "gated": false, "tags": ["license:openrail", "region:us"], "downloads": 0, "likes": 0, "model-index": null, "cardData": {"license": "openrail"}, "siblings": [{"rfilename": ".gitattributes"}, {"rfilename": "README.md"}], "spaces": [], "createdAt": "2023-01-13T22:38:33.000Z", "inferenceStatus": "not-loaded"}