{"_id": "64ef44f0547d4544222d5342", "id": "vaatsav06/pup_gorilla_model", "modelId": "vaatsav06/pup_gorilla_model", "author": "vaatsav06", "sha": "96b48b04cd7b668fe49e9ab3e2be642934f0e4d3", "lastModified": "2024-04-26T12:31:52.000Z", "private": false, "disabled": false, "gated": false, "tags": ["peft", "region:us"], "downloads": 0, "library_name": "peft", "likes": 0, "model-index": null, "config": {"peft": {"base_model_name_or_path": "gorilla-llm/gorilla-falcon-7b-hf-v0", "task_type": "CAUSAL_LM"}}, "cardData": {"library_name": "peft"}, "siblings": [{"rfilename": ".gitattributes"}, {"rfilename": "README.md"}, {"rfilename": "adapter_config.json"}, {"rfilename": "adapter_model.bin"}], "spaces": [], "createdAt": "2023-08-30T13:32:32.000Z", "inferenceStatus": "not-loaded"}