{"_id": "668e531c313fa69118f6a0b9", "id": "vaatsav06/Florence-2-FT-MedVQA-2", "modelId": "vaatsav06/Florence-2-FT-MedVQA-2", "author": "vaatsav06", "sha": "ff7e0b58bfff236e28a0f73a158702a8e43110ba", "lastModified": "2024-07-10T09:24:59.000Z", "private": false, "disabled": false, "gated": false, "pipeline_tag": "text-generation", "tags": ["transformers", "safetensors", "florence2", "text-generation", "custom_code", "arxiv:1910.09700", "autotrain_compatible", "region:us"], "downloads": 1, "library_name": "transformers", "widgetData": [{"text": "My name is Julien and I like to"}, {"text": "My name is Thomas and my main"}, {"text": "My name is Mariama, my favorite"}, {"text": "My name is Clara and I am"}, {"text": "My name is Lewis and I like to"}, {"text": "My name is Merve and my favorite"}, {"text": "My name is Teven and I am"}, {"text": "Once upon a time,"}], "likes": 1, "model-index": null, "config": {"architectures": ["Florence2ForConditionalGeneration"], "auto_map": {"AutoConfig": "microsoft/Florence-2-large--configuration_florence2.Florence2Config", "AutoModelForCausalLM": "microsoft/Florence-2-large--modeling_florence2.Florence2ForConditionalGeneration"}, "model_type": "florence2"}, "cardData": {"library_name": "transformers", "tags": []}, "transformersInfo": {"auto_model": "AutoModelForCausalLM", "custom_class": "microsoft/Florence-2-large--modeling_florence2.Florence2ForConditionalGeneration", "pipeline_tag": "text-generation"}, "siblings": [{"rfilename": ".gitattributes"}, {"rfilename": "README.md"}, {"rfilename": "config.json"}, {"rfilename": "generation_config.json"}, {"rfilename": "model.safetensors"}], "spaces": [], "createdAt": "2024-07-10T09:23:40.000Z", "safetensors": {"parameters": {"F32": 822949977}, "total": 822949977}, "inferenceStatus": "not-loaded"}