{"_id": "668d1910d10c3be5d37b18b0", "id": "vaatsav06/speecht5_finetuned_voxpopuli_nl", "modelId": "vaatsav06/speecht5_finetuned_voxpopuli_nl", "author": "vaatsav06", "sha": "f7be1fff752d31aec6a6486e5c1af1275d5ba56e", "lastModified": "2024-07-09T11:37:50.000Z", "private": false, "disabled": false, "gated": false, "pipeline_tag": "text-to-audio", "tags": ["transformers", "tensorboard", "safetensors", "speecht5", "text-to-audio", "generated_from_trainer", "hi", "dataset:voxpouli", "base_model:sppecht5", "endpoints_compatible", "region:us"], "downloads": 5, "library_name": "transformers", "likes": 0, "model-index": [{"name": "speecht5 ", "results": []}], "config": {"architectures": ["SpeechT5ForTextToSpeech"], "model_type": "speecht5", "tokenizer_config": {"bos_token": "<s>", "eos_token": "</s>", "mask_token": "<mask>", "pad_token": "<pad>", "unk_token": "<unk>"}}, "cardData": {"language": ["hi"], "base_model": "sppecht5", "tags": ["generated_from_trainer"], "datasets": ["voxpouli"], "model-index": [{"name": "speecht5 ", "results": []}]}, "transformersInfo": {"auto_model": "AutoModelForTextToSpectrogram", "pipeline_tag": "text-to-audio", "processor": "AutoProcessor"}, "siblings": [{"rfilename": ".gitattributes"}, {"rfilename": "README.md"}, {"rfilename": "added_tokens.json"}, {"rfilename": "config.json"}, {"rfilename": "generation_config.json"}, {"rfilename": "model.safetensors"}, {"rfilename": "preprocessor_config.json"}, {"rfilename": "runs/Jul09_11-03-34_0596643a39d0/events.out.tfevents.1720523030.0596643a39d0.26311.0"}, {"rfilename": "special_tokens_map.json"}, {"rfilename": "spm_char.model"}, {"rfilename": "tokenizer_config.json"}, {"rfilename": "training_args.bin"}], "spaces": [], "createdAt": "2024-07-09T11:03:44.000Z", "safetensors": {"parameters": {"F32": 144433890}, "total": 144433890}, "inferenceStatus": "not-loaded"}