{"_id": "6258d3b389aaec11235473cb", "id": "vabadeh213/autotrain-iris-744122711", "modelId": "vabadeh213/autotrain-iris-744122711", "author": "vabadeh213", "sha": "6054706a2ddf8c884699f0131f7925cc86f38cc4", "lastModified": "2022-04-15T02:09:16.000Z", "private": false, "disabled": false, "gated": false, "tags": ["transformers", "joblib", "decision_tree", "autotrain", "tabular", "classification", "structured-data-classification", "dataset:vabadeh213/autotrain-data-iris", "co2_eq_emissions", "endpoints_compatible", "region:us"], "downloads": 1, "library_name": "transformers", "likes": 0, "model-index": null, "config": {"model_type": "decision_tree"}, "cardData": {"tags": ["autotrain", "tabular", "classification", "structured-data-classification"], "datasets": ["vabadeh213/autotrain-data-iris"], "co2_eq_emissions": 0.0006493037575021453}, "transformersInfo": {"auto_model": "AutoModel"}, "siblings": [{"rfilename": ".gitattributes"}, {"rfilename": "README.md"}, {"rfilename": "config.json"}, {"rfilename": "model.joblib"}], "spaces": [], "createdAt": "2022-04-15T02:08:51.000Z", "inferenceStatus": "not-loaded"}