{"_id": "6537afc5c22778d44d91fe39", "id": "vabatista/t5-small-answer-extraction-en", "modelId": "vabatista/t5-small-answer-extraction-en", "author": "vabatista", "sha": "17dced1a10c17c3711b445030e14019dd54124a8", "lastModified": "2023-10-24T20:04:28.000Z", "private": false, "disabled": false, "gated": false, "pipeline_tag": "text2text-generation", "tags": ["transformers", "pytorch", "t5", "text2text-generation", "en", "dataset:squad_v2", "license:apache-2.0", "autotrain_compatible", "text-generation-inference", "endpoints_compatible", "region:us"], "downloads": 2, "library_name": "transformers", "widgetData": [{"text": "extract answers: Several days before Colorado Congresswoman Lauren Boebert and a male companion were kicked out of a Denver showing of \u201cBeetlejuice,\u201d the representative of Colorado's 3rd congressional district spent campaign funds at his bar, filings with the Federal Election Commission show. According to Boebert\u2019s official filings with the Federal Election Commission dated Oct. 14, Boebert spent $317.48 at Hooch Craft Cocktail Bar in Aspen on July 31 for \u201cEvent Catering\u201d, more than 10 days prior to the \u201cBeetlejuice\u201d incident. <ha> The Aspen, Colo. based bar is owned by Quinn Gallagher, 46, who was later revealed to be Boebert\u2019s escort on the night that both were booted from the theater. <ha>"}], "likes": 0, "model-index": null, "config": {"architectures": ["T5ForConditionalGeneration"], "model_type": "t5", "tokenizer_config": {"eos_token": "</s>", "pad_token": "<pad>", "unk_token": "<unk>"}}, "cardData": {"license": "apache-2.0", "datasets": ["squad_v2"], "language": ["en"], "library_name": "transformers", "pipeline_tag": "text2text-generation", "widget": [{"text": "extract answers: Several days before Colorado Congresswoman Lauren Boebert and a male companion were kicked out of a Denver showing of \u201cBeetlejuice,\u201d the representative of Colorado's 3rd congressional district spent campaign funds at his bar, filings with the Federal Election Commission show. According to Boebert\u2019s official filings with the Federal Election Commission dated Oct. 14, Boebert spent $317.48 at Hooch Craft Cocktail Bar in Aspen on July 31 for \u201cEvent Catering\u201d, more than 10 days prior to the \u201cBeetlejuice\u201d incident. <ha> The Aspen, Colo. based bar is owned by Quinn Gallagher, 46, who was later revealed to be Boebert\u2019s escort on the night that both were booted from the theater. <ha>"}]}, "transformersInfo": {"auto_model": "AutoModelForSeq2SeqLM", "pipeline_tag": "text2text-generation", "processor": "AutoTokenizer"}, "siblings": [{"rfilename": ".gitattributes"}, {"rfilename": "README.md"}, {"rfilename": "added_tokens.json"}, {"rfilename": "config.json"}, {"rfilename": "generation_config.json"}, {"rfilename": "pytorch_model.bin"}, {"rfilename": "special_tokens_map.json"}, {"rfilename": "spiece.model"}, {"rfilename": "tokenizer.json"}, {"rfilename": "tokenizer_config.json"}], "spaces": [], "createdAt": "2023-10-24T11:51:33.000Z", "inferenceStatus": "not-loaded"}