{"_id": "6258d5e8c964680d85d871e0", "id": "vabadeh213/autotrain-titanic-744222727", "modelId": "vabadeh213/autotrain-titanic-744222727", "author": "vabadeh213", "sha": "f2fe8e0b347210700d89845240963d7dcc7f3a83", "lastModified": "2022-04-15T03:47:25.000Z", "private": false, "disabled": false, "gated": false, "tags": ["transformers", "joblib", "xgboost", "autotrain", "tabular", "classification", "structured-data-classification", "dataset:vabadeh213/autotrain-data-titanic", "co2_eq_emissions", "endpoints_compatible", "region:us"], "downloads": 1, "library_name": "transformers", "likes": 1, "model-index": null, "config": {"model_type": "xgboost"}, "cardData": {"tags": ["autotrain", "tabular", "classification", "structured-data-classification"], "datasets": ["vabadeh213/autotrain-data-titanic"], "co2_eq_emissions": 0.00509303545772981}, "transformersInfo": {"auto_model": "AutoModel"}, "siblings": [{"rfilename": ".gitattributes"}, {"rfilename": "README.md"}, {"rfilename": "config.json"}, {"rfilename": "model.joblib"}], "spaces": [], "createdAt": "2022-04-15T02:18:16.000Z", "inferenceStatus": "not-loaded"}