{"_id": "64cb7bb9f103036e23c278d7", "id": "vabatista/question-generation-t5-base-pt-br", "modelId": "vabatista/question-generation-t5-base-pt-br", "author": "vabatista", "sha": "4f66311e8c404ef9d82a41eb79203610fb28e4b6", "lastModified": "2023-08-04T23:55:15.000Z", "private": false, "disabled": false, "gated": false, "pipeline_tag": "text2text-generation", "tags": ["transformers", "pytorch", "t5", "text2text-generation", "pt", "dataset:squad", "license:afl-3.0", "autotrain_compatible", "text-generation-inference", "endpoints_compatible", "region:us"], "downloads": 79, "library_name": "transformers", "likes": 0, "model-index": null, "config": {"architectures": ["T5ForConditionalGeneration"], "model_type": "t5", "tokenizer_config": {"eos_token": "</s>", "pad_token": "<pad>", "unk_token": "<unk>"}}, "cardData": {"license": "afl-3.0", "language": ["pt"], "pipeline_tag": "text2text-generation", "datasets": ["squad"]}, "transformersInfo": {"auto_model": "AutoModelForSeq2SeqLM", "pipeline_tag": "text2text-generation", "processor": "AutoTokenizer"}, "siblings": [{"rfilename": ".gitattributes"}, {"rfilename": "README.md"}, {"rfilename": "added_tokens.json"}, {"rfilename": "config.json"}, {"rfilename": "generation_config.json"}, {"rfilename": "pytorch_model.bin"}, {"rfilename": "special_tokens_map.json"}, {"rfilename": "spiece.model"}, {"rfilename": "tokenizer_config.json"}], "spaces": [], "createdAt": "2023-08-03T10:04:41.000Z", "inferenceStatus": "not-loaded"}