{"_id": "661809b0451adb359bcf82d4", "id": "Vabia/Water-Segmentation", "modelId": "Vabia/Water-Segmentation", "author": "Vabia", "sha": "7c774abae4298bf1616b9959065794d486e4a36d", "lastModified": "2024-04-11T16:02:56.000Z", "private": false, "disabled": false, "gated": false, "tags": ["license:apache-2.0", "region:us"], "downloads": 0, "likes": 0, "model-index": null, "cardData": {"license": "apache-2.0"}, "siblings": [{"rfilename": ".gitattributes"}, {"rfilename": "README.md"}], "spaces": [], "createdAt": "2024-04-11T16:02:56.000Z", "inferenceStatus": "not-loaded"}