{"_id": "64ffa80d30c598a8bfb8979e", "id": "VABobbyG/QueenOpalineRVC", "modelId": "VABobbyG/QueenOpalineRVC", "author": "VABobbyG", "sha": "ce60fb8b3b033d6e06be985ba5ba584e9cb4fd81", "lastModified": "2023-09-12T00:00:21.000Z", "private": false, "disabled": false, "gated": false, "tags": ["license:openrail", "region:us"], "downloads": 0, "likes": 0, "model-index": null, "cardData": {"license": "openrail"}, "siblings": [{"rfilename": ".gitattributes"}, {"rfilename": "README.md"}, {"rfilename": "queenopaline.zip"}], "spaces": [], "createdAt": "2023-09-11T23:51:41.000Z", "inferenceStatus": "not-loaded"}