{"_id": "64ff9abc96c544b3a6d1f283", "id": "VABobbyG/LordTirekMiddleFormRVC", "modelId": "VABobbyG/LordTirekMiddleFormRVC", "author": "VABobbyG", "sha": "efc830d7dc1b4357020d4dd1ea9eef583061b705", "lastModified": "2023-09-11T23:06:14.000Z", "private": false, "disabled": false, "gated": false, "tags": ["license:openrail", "region:us"], "downloads": 0, "likes": 0, "model-index": null, "cardData": {"license": "openrail"}, "siblings": [{"rfilename": ".gitattributes"}, {"rfilename": "README.md"}, {"rfilename": "lordtirekmiddleform.zip"}], "spaces": [], "createdAt": "2023-09-11T22:54:52.000Z", "inferenceStatus": "not-loaded"}