{"_id": "64c1a6863754435cac92026b", "id": "vaccie/vaccieRVC", "modelId": "vaccie/vaccieRVC", "author": "vaccie", "sha": "259c57295db84fd7668556625de47bfcf1fd4a14", "lastModified": "2023-07-26T23:08:34.000Z", "private": false, "disabled": false, "gated": false, "tags": ["license:openrail", "region:us"], "downloads": 0, "likes": 0, "model-index": null, "cardData": {"license": "openrail"}, "siblings": [{"rfilename": ".gitattributes"}, {"rfilename": "README.md"}, {"rfilename": "artie5ive.zip"}], "spaces": [], "createdAt": "2023-07-26T23:04:38.000Z", "inferenceStatus": "not-loaded"}