{"_id": "653169bb50f0ed02add93b33", "id": "Vachirawich/Thaibert-finetuned-mrpc", "modelId": "Vachirawich/Thaibert-finetuned-mrpc", "author": "Vachirawich", "sha": "c8980a91eec28c0bf28be3d84cd5f8e1646f1f08", "lastModified": "2023-10-19T18:00:17.000Z", "private": false, "disabled": false, "gated": false, "pipeline_tag": "text-classification", "tags": ["transformers", "tf", "bert", "text-classification", "generated_from_keras_callback", "base_model:Vachirawich/Thaibert-finetuned-mrpc", "license:apache-2.0", "autotrain_compatible", "endpoints_compatible", "region:us"], "downloads": 3, "library_name": "transformers", "mask_token": "[MASK]", "widgetData": [{"text": "I like you. I love you"}], "likes": 0, "model-index": [{"name": "Thaibert-finetuned-mrpc", "results": []}], "config": {"architectures": ["BertForSequenceClassification"], "model_type": "bert", "tokenizer_config": {"cls_token": "[CLS]", "mask_token": "[MASK]", "pad_token": "[PAD]", "sep_token": "[SEP]", "unk_token": "[UNK]"}}, "cardData": {"license": "apache-2.0", "base_model": "Vachirawich/Thaibert-finetuned-mrpc", "tags": ["generated_from_keras_callback"], "model-index": [{"name": "Thaibert-finetuned-mrpc", "results": []}]}, "transformersInfo": {"auto_model": "AutoModelForSequenceClassification", "pipeline_tag": "text-classification", "processor": "AutoTokenizer"}, "siblings": [{"rfilename": ".gitattributes"}, {"rfilename": "README.md"}, {"rfilename": "config.json"}, {"rfilename": "special_tokens_map.json"}, {"rfilename": "tf_model.h5"}, {"rfilename": "tokenizer.json"}, {"rfilename": "tokenizer_config.json"}, {"rfilename": "vocab.txt"}], "spaces": [], "createdAt": "2023-10-19T17:39:07.000Z", "inferenceStatus": "not-loaded"}