{"_id": "65338565d434308ba433aaae", "id": "Vachirawich/THAILANDbert-finetuned-mrpc", "modelId": "Vachirawich/THAILANDbert-finetuned-mrpc", "author": "Vachirawich", "sha": "2e7baeaace58a161d715f5be67fb0cf88079f8be", "lastModified": "2023-10-21T08:12:23.000Z", "private": false, "disabled": false, "gated": false, "pipeline_tag": "text-classification", "tags": ["transformers", "tf", "bert", "text-classification", "generated_from_keras_callback", "base_model:bert-base-multilingual-cased", "license:apache-2.0", "autotrain_compatible", "endpoints_compatible", "region:us"], "downloads": 3, "library_name": "transformers", "mask_token": "[MASK]", "widgetData": [{"text": "I like you. I love you"}], "likes": 0, "model-index": [{"name": "THAILANDbert-finetuned-mrpc", "results": []}], "config": {"architectures": ["BertForSequenceClassification"], "model_type": "bert", "tokenizer_config": {"cls_token": "[CLS]", "mask_token": "[MASK]", "pad_token": "[PAD]", "sep_token": "[SEP]", "unk_token": "[UNK]"}}, "cardData": {"license": "apache-2.0", "base_model": "bert-base-multilingual-cased", "tags": ["generated_from_keras_callback"], "model-index": [{"name": "THAILANDbert-finetuned-mrpc", "results": []}]}, "transformersInfo": {"auto_model": "AutoModelForSequenceClassification", "pipeline_tag": "text-classification", "processor": "AutoTokenizer"}, "siblings": [{"rfilename": ".gitattributes"}, {"rfilename": "README.md"}, {"rfilename": "config.json"}, {"rfilename": "special_tokens_map.json"}, {"rfilename": "tf_model.h5"}, {"rfilename": "tokenizer.json"}, {"rfilename": "tokenizer_config.json"}, {"rfilename": "vocab.txt"}], "spaces": [], "createdAt": "2023-10-21T08:01:41.000Z", "inferenceStatus": "not-loaded"}