{"_id": "65a910839ea7bfebefe8ea88", "id": "vachonni/Model_HF_Trained", "modelId": "vachonni/Model_HF_Trained", "author": "vachonni", "sha": "0a651f5229fee1dc9396f6724d4523488510c988", "lastModified": "2024-01-18T12:33:17.000Z", "private": false, "disabled": false, "gated": false, "pipeline_tag": "text-classification", "tags": ["transformers", "safetensors", "camembert", "text-classification", "sentiment-analysis", "french", "fr", "dataset:allocine", "license:apache-2.0", "autotrain_compatible", "endpoints_compatible", "region:us"], "downloads": 2, "library_name": "transformers", "mask_token": "<mask>", "widgetData": [{"text": "Je t'appr\u00e9cie beaucoup. Je t'aime."}], "likes": 0, "model-index": null, "config": {"architectures": ["CamembertForSequenceClassification"], "model_type": "camembert", "tokenizer_config": {"bos_token": "<s>", "cls_token": "<s>", "eos_token": "</s>", "mask_token": "<mask>", "pad_token": "<pad>", "sep_token": "</s>", "unk_token": "<unk>"}}, "cardData": {"language": "fr", "tags": ["sentiment-analysis", "french", "camembert"], "license": "apache-2.0", "datasets": ["allocine"]}, "transformersInfo": {"auto_model": "AutoModelForSequenceClassification", "pipeline_tag": "text-classification", "processor": "AutoTokenizer"}, "siblings": [{"rfilename": ".gitattributes"}, {"rfilename": "README.md"}, {"rfilename": "config.json"}, {"rfilename": "model.safetensors"}, {"rfilename": "special_tokens_map.json"}, {"rfilename": "tokenizer.json"}, {"rfilename": "tokenizer_config.json"}, {"rfilename": "training_args.bin"}], "spaces": [], "createdAt": "2024-01-18T11:50:27.000Z", "safetensors": {"parameters": {"F32": 110623490}, "total": 110623490}, "inferenceStatus": "not-loaded"}