{"_id": "621ffdc136468d709f1812b0", "id": "vachonni/wav2vec2-large-xls-r-300m-da-colab", "modelId": "vachonni/wav2vec2-large-xls-r-300m-da-colab", "author": "vachonni", "sha": "72000fcd3dd1135626794fb8393b1df6b8ce3181", "lastModified": "2022-01-14T12:14:53.000Z", "private": false, "disabled": false, "gated": false, "pipeline_tag": "automatic-speech-recognition", "tags": ["transformers", "pytorch", "tensorboard", "wav2vec2", "automatic-speech-recognition", "generated_from_trainer", "license:apache-2.0", "endpoints_compatible", "region:us"], "downloads": 1, "library_name": "transformers", "likes": 0, "model-index": [{"name": "wav2vec2-large-xls-r-300m-da-colab", "results": []}], "config": {"architectures": ["Wav2Vec2ForCTC"], "model_type": "wav2vec2", "tokenizer_config": {"unk_token": "[UNK]", "bos_token": "<s>", "eos_token": "</s>", "pad_token": "[PAD]"}}, "cardData": {"license": "apache-2.0", "tags": ["generated_from_trainer"], "model-index": [{"name": "wav2vec2-large-xls-r-300m-da-colab", "results": []}]}, "transformersInfo": {"auto_model": "AutoModelForCTC", "pipeline_tag": "automatic-speech-recognition", "processor": "AutoProcessor"}, "siblings": [{"rfilename": ".gitattributes"}, {"rfilename": ".gitignore"}, {"rfilename": "README.md"}, {"rfilename": "added_tokens.json"}, {"rfilename": "config.json"}, {"rfilename": "preprocessor_config.json"}, {"rfilename": "pytorch_model.bin"}, {"rfilename": "runs/Jan14_12-04-54_fcecd3a93c3f/1642161988.1499295/events.out.tfevents.1642161988.fcecd3a93c3f.73.1"}, {"rfilename": "runs/Jan14_12-04-54_fcecd3a93c3f/events.out.tfevents.1642161988.fcecd3a93c3f.73.0"}, {"rfilename": "special_tokens_map.json"}, {"rfilename": "tokenizer_config.json"}, {"rfilename": "training_args.bin"}, {"rfilename": "vocab.json"}], "spaces": [], "createdAt": "2022-03-02T23:29:05.000Z", "inferenceStatus": "not-loaded"}