{"_id": "6656a997dbf1cec43813bd4e", "id": "vaclavkosar/Phi-3-mini-128k-instruct-abliterated-v3-AWQ", "modelId": "vaclavkosar/Phi-3-mini-128k-instruct-abliterated-v3-AWQ", "author": "vaclavkosar", "sha": "c1f578a9d9eb28f6cc6de4c12d0c654ebe37e9d9", "lastModified": "2024-06-03T11:22:16.000Z", "private": false, "disabled": false, "gated": false, "pipeline_tag": "text-generation", "tags": ["transformers", "safetensors", "phi3", "text-generation", "conversational", "custom_code", "license:mit", "autotrain_compatible", "endpoints_compatible", "4-bit", "awq", "region:us"], "downloads": 35, "library_name": "transformers", "widgetData": [{"text": "Hey my name is Julien! How are you?"}, {"text": "Hey my name is Thomas! How are you?"}, {"text": "Hey my name is Mariama! How are you?"}, {"text": "Hey my name is Clara! How are you?"}, {"text": "Hey my name is Julien! How are you?"}, {"text": "Hi."}], "likes": 0, "model-index": null, "config": {"architectures": ["Phi3ForCausalLM"], "auto_map": {"AutoConfig": "configuration_phi3.Phi3Config", "AutoModelForCausalLM": "modeling_phi3.Phi3ForCausalLM"}, "model_type": "phi3", "quantization_config": {"bits": 4, "quant_method": "awq"}, "tokenizer_config": {"bos_token": "<s>", "chat_template": "{{ bos_token }}{% for message in messages %}{% if (message['role'] == 'user') %}{{'<|user|>' + '\n' + message['content'] + '<|end|>' + '\n' + '<|assistant|>' + '\n'}}{% elif (message['role'] == 'assistant') %}{{message['content'] + '<|end|>' + '\n'}}{% endif %}{% endfor %}", "eos_token": "<|endoftext|>", "pad_token": "<|endoftext|>", "unk_token": "<unk>", "use_default_system_prompt": false}}, "cardData": {"license": "mit"}, "transformersInfo": {"auto_model": "AutoModelForCausalLM", "pipeline_tag": "text-generation", "processor": "AutoTokenizer"}, "siblings": [{"rfilename": ".gitattributes"}, {"rfilename": "README.md"}, {"rfilename": "added_tokens.json"}, {"rfilename": "config.json"}, {"rfilename": "configuration_phi3.py"}, {"rfilename": "generation_config.json"}, {"rfilename": "model.safetensors"}, {"rfilename": "modeling_phi3.py"}, {"rfilename": "quant_config.json"}, {"rfilename": "special_tokens_map.json"}, {"rfilename": "tokenizer.json"}, {"rfilename": "tokenizer.model"}, {"rfilename": "tokenizer_config.json"}], "spaces": [], "createdAt": "2024-05-29T04:05:43.000Z", "safetensors": {"parameters": {"I32": 456523776, "F16": 225512448}, "total": 682036224}, "inferenceStatus": "not-loaded"}