{"_id": "6647b341c88927e6ddcb5146", "id": "Vades/GravelClassificationModels", "modelId": "Vades/GravelClassificationModels", "author": "Vades", "sha": "bc344ca897737dce5c6df2aba884acfc41956e43", "lastModified": "2024-05-18T19:28:56.000Z", "private": false, "disabled": false, "gated": false, "tags": ["license:openrail", "region:us"], "downloads": 0, "likes": 0, "model-index": null, "cardData": {"license": "openrail"}, "siblings": [{"rfilename": ".gitattributes"}, {"rfilename": "GravelClassificationDeit3s.zip"}, {"rfilename": "README.md"}], "spaces": [], "createdAt": "2024-05-17T19:42:57.000Z", "inferenceStatus": "not-loaded"}