{"_id": "664772fb64454e8f1c7b1714", "id": "Vades/GravelDetectionYOLOv8", "modelId": "Vades/GravelDetectionYOLOv8", "author": "Vades", "sha": "585f34b68dab5538bff1230e7862dc9434228436", "lastModified": "2024-05-17T15:16:08.000Z", "private": false, "disabled": false, "gated": false, "tags": ["license:openrail", "region:us"], "downloads": 0, "likes": 0, "model-index": null, "cardData": {"license": "openrail"}, "siblings": [{"rfilename": ".gitattributes"}, {"rfilename": "GravelDetectionYOLOv8s.zip"}, {"rfilename": "README.md"}], "spaces": [], "createdAt": "2024-05-17T15:08:43.000Z", "inferenceStatus": "not-loaded"}