{"_id": "6510f8e5dba31194cb75c91d", "id": "vadery/phi-1_5-gsm8k", "modelId": "vadery/phi-1_5-gsm8k", "author": "vadery", "sha": "2a39c4f1ebe56f78f9a51d40bc4c5f9a175ab116", "lastModified": "2023-09-25T03:55:03.000Z", "private": false, "disabled": false, "gated": false, "tags": ["generated_from_trainer", "base_model:microsoft/phi-1_5", "license:other", "region:us"], "downloads": 0, "likes": 0, "model-index": [{"name": "phi-1_5-finetuned-gsm8k", "results": []}], "cardData": {"license": "other", "base_model": "microsoft/phi-1_5", "tags": ["generated_from_trainer"], "model-index": [{"name": "phi-1_5-finetuned-gsm8k", "results": []}]}, "siblings": [{"rfilename": ".gitattributes"}, {"rfilename": "README.md"}, {"rfilename": "adapter_config.json"}, {"rfilename": "adapter_model.bin"}, {"rfilename": "training_args.bin"}], "spaces": [], "createdAt": "2023-09-25T03:05:09.000Z", "inferenceStatus": "not-loaded"}