{"_id": "661cb6b3ea926e8f86f6f8f5", "id": "vadhri/distilhubert-finetuned-gtzan", "modelId": "vadhri/distilhubert-finetuned-gtzan", "author": "vadhri", "sha": "ac5396bdcc60a68e764c814c6ec864d4b92fd84e", "lastModified": "2024-04-18T18:16:45.000Z", "private": false, "disabled": false, "gated": false, "pipeline_tag": "audio-classification", "tags": ["transformers", "tensorboard", "safetensors", "hubert", "audio-classification", "generated_from_trainer", "dataset:marsyas/gtzan", "base_model:ntu-spml/distilhubert", "license:apache-2.0", "model-index", "endpoints_compatible", "region:us"], "downloads": 2, "library_name": "transformers", "likes": 0, "model-index": [{"name": "music-genre-classifer-20-finetuned-gtzan", "results": [{"task": {"name": "Audio Classification", "type": "audio-classification"}, "dataset": {"name": "GTZAN", "type": "marsyas/gtzan", "config": "all", "split": "train", "args": "all"}, "metrics": [{"name": "Accuracy", "type": "accuracy", "value": 0.87, "verified": false}]}]}], "config": {"architectures": ["HubertForSequenceClassification"], "model_type": "hubert"}, "cardData": {"license": "apache-2.0", "base_model": "ntu-spml/distilhubert", "tags": ["generated_from_trainer"], "datasets": ["marsyas/gtzan"], "metrics": ["accuracy"], "model-index": [{"name": "music-genre-classifer-20-finetuned-gtzan", "results": [{"task": {"name": "Audio Classification", "type": "audio-classification"}, "dataset": {"name": "GTZAN", "type": "marsyas/gtzan", "config": "all", "split": "train", "args": "all"}, "metrics": [{"name": "Accuracy", "type": "accuracy", "value": 0.87, "verified": false}]}]}]}, "transformersInfo": {"auto_model": "AutoModelForAudioClassification", "pipeline_tag": "audio-classification", "processor": "AutoProcessor"}, "siblings": [{"rfilename": ".gitattributes"}, {"rfilename": "README.md"}, {"rfilename": "adapter_config.json"}, {"rfilename": "adapter_model.safetensors"}, {"rfilename": "config.json"}, {"rfilename": "model.safetensors"}, {"rfilename": "preprocessor_config.json"}, {"rfilename": "runs/Apr15_05-07-30_ecf312268b9d/events.out.tfevents.1713157820.ecf312268b9d.361.0"}, {"rfilename": "runs/Apr15_06-46-03_ecf312268b9d/events.out.tfevents.1713163564.ecf312268b9d.361.1"}, {"rfilename": "runs/Apr15_08-50-06_1cbe8420f207/events.out.tfevents.1713171059.1cbe8420f207.5734.0"}, {"rfilename": "runs/Apr15_13-59-39_75a9e4ad7edb/events.out.tfevents.1713189619.75a9e4ad7edb.1955.0"}, {"rfilename": "runs/Apr15_14-44-25_75a9e4ad7edb/events.out.tfevents.1713192272.75a9e4ad7edb.1955.1"}, {"rfilename": "runs/Apr15_14-44-25_75a9e4ad7edb/events.out.tfevents.1713192289.75a9e4ad7edb.1955.2"}, {"rfilename": "runs/Apr15_14-44-25_75a9e4ad7edb/events.out.tfevents.1713197348.75a9e4ad7edb.1955.3"}, {"rfilename": "runs/Apr15_16-09-14_75a9e4ad7edb/events.out.tfevents.1713197386.75a9e4ad7edb.1955.4"}, {"rfilename": "runs/Apr15_17-13-50_09c3f92a1da6/events.out.tfevents.1713201245.09c3f92a1da6.353.0"}, {"rfilename": "runs/Apr16_03-10-47_2e07569e70e3/events.out.tfevents.1713237079.2e07569e70e3.179.0"}, {"rfilename": "runs/Apr16_04-51-17_2e07569e70e3/events.out.tfevents.1713243084.2e07569e70e3.179.1"}, {"rfilename": "runs/Apr16_04-51-17_2e07569e70e3/events.out.tfevents.1713243224.2e07569e70e3.179.2"}, {"rfilename": "runs/Apr16_06-27-34_2e07569e70e3/events.out.tfevents.1713248988.2e07569e70e3.179.3"}, {"rfilename": "runs/Apr16_06-40-20_2e07569e70e3/events.out.tfevents.1713249625.2e07569e70e3.179.4"}, {"rfilename": "runs/Apr16_08-07-21_2e07569e70e3/events.out.tfevents.1713254864.2e07569e70e3.179.6"}, {"rfilename": "runs/Apr16_08-45-34_2e07569e70e3/events.out.tfevents.1713257137.2e07569e70e3.179.7"}, {"rfilename": "runs/Apr16_08-45-34_2e07569e70e3/events.out.tfevents.1713257151.2e07569e70e3.179.8"}, {"rfilename": "runs/Apr17_03-13-31_41262041125e/events.out.tfevents.1713323664.41262041125e.215.0"}, {"rfilename": "runs/Apr17_03-36-26_41262041125e/events.out.tfevents.1713324994.41262041125e.215.1"}, {"rfilename": "runs/Apr17_03-37-28_41262041125e/events.out.tfevents.1713325054.41262041125e.215.2"}, {"rfilename": "runs/Apr17_03-43-05_41262041125e/events.out.tfevents.1713325388.41262041125e.8731.0"}, {"rfilename": "runs/Apr17_03-43-05_41262041125e/events.out.tfevents.1713325439.41262041125e.8731.1"}, {"rfilename": "runs/Apr17_03-56-48_41262041125e/events.out.tfevents.1713326218.41262041125e.12745.0"}, {"rfilename": "runs/Apr17_03-57-33_41262041125e/events.out.tfevents.1713326257.41262041125e.12745.1"}, {"rfilename": "runs/Apr17_03-58-18_41262041125e/events.out.tfevents.1713326303.41262041125e.12745.2"}, {"rfilename": "runs/Apr17_04-17-44_41262041125e/events.out.tfevents.1713327468.41262041125e.18537.0"}, {"rfilename": "runs/Apr17_08-28-23_a72806dce486/events.out.tfevents.1713343314.a72806dce486.161.0"}, {"rfilename": "runs/Apr17_08-57-53_9aa2ac36645f/events.out.tfevents.1713344284.9aa2ac36645f.444.0"}, {"rfilename": "runs/Apr17_10-53-36_9390c1d6c1c8/events.out.tfevents.1713351221.9390c1d6c1c8.371.0"}, {"rfilename": "runs/Apr17_11-38-27_ebe939fcb030/events.out.tfevents.1713354120.ebe939fcb030.241.0"}, {"rfilename": "runs/Apr17_14-19-55_9a605dc47ebf/events.out.tfevents.1713365312.9a605dc47ebf.166.0"}, {"rfilename": "runs/Apr18_03-42-35_8792a198bc35/events.out.tfevents.1713411780.8792a198bc35.636.0"}, {"rfilename": "runs/Apr18_11-37-33_b98d54263cb1/events.out.tfevents.1713440259.b98d54263cb1.342.0"}, {"rfilename": "runs/Apr18_16-24-35_60760ba8fdb5/events.out.tfevents.1713458217.60760ba8fdb5.319.0"}, {"rfilename": "training_args.bin"}], "spaces": [], "createdAt": "2024-04-15T05:10:11.000Z", "safetensors": {"parameters": {"F32": 23691402}, "total": 23691402}, "inferenceStatus": "not-loaded"}