{"_id": "65d4427e9f087171b8fbcc66", "id": "vadhri/pyramid-training", "modelId": "vadhri/pyramid-training", "author": "vadhri", "sha": "aaaadb50b94cf1dbf406e67e9e63ff6dddcbb3a7", "lastModified": "2024-02-20T06:11:29.000Z", "private": false, "disabled": false, "gated": false, "pipeline_tag": "reinforcement-learning", "tags": ["ml-agents", "tensorboard", "onnx", "Pyramids", "deep-reinforcement-learning", "reinforcement-learning", "ML-Agents-Pyramids", "region:us"], "downloads": 12, "library_name": "ml-agents", "likes": 0, "model-index": null, "config": {}, "cardData": {"library_name": "ml-agents", "tags": ["Pyramids", "deep-reinforcement-learning", "reinforcement-learning", "ML-Agents-Pyramids"]}, "siblings": [{"rfilename": ".gitattributes"}, {"rfilename": "Pyramids.onnx"}, {"rfilename": "Pyramids/Pyramids-1499923.onnx"}, {"rfilename": "Pyramids/Pyramids-1499923.pt"}, {"rfilename": "Pyramids/Pyramids-1999940.onnx"}, {"rfilename": "Pyramids/Pyramids-1999940.pt"}, {"rfilename": "Pyramids/Pyramids-2499901.onnx"}, {"rfilename": "Pyramids/Pyramids-2499901.pt"}, {"rfilename": "Pyramids/Pyramids-2999977.onnx"}, {"rfilename": "Pyramids/Pyramids-2999977.pt"}, {"rfilename": "Pyramids/Pyramids-3000105.onnx"}, {"rfilename": "Pyramids/Pyramids-3000105.pt"}, {"rfilename": "Pyramids/checkpoint.pt"}, {"rfilename": "Pyramids/events.out.tfevents.1708401022.c6b763e3691d.9863.0"}, {"rfilename": "README.md"}, {"rfilename": "config.json"}, {"rfilename": "configuration.yaml"}, {"rfilename": "run_logs/Player-0.log"}, {"rfilename": "run_logs/timers.json"}, {"rfilename": "run_logs/training_status.json"}], "spaces": [], "createdAt": "2024-02-20T06:11:10.000Z", "inferenceStatus": "not-loaded"}