{"_id": "64c45e92a684146b1ccf85e4", "id": "vadhri/qcnn-hybrid", "modelId": "vadhri/qcnn-hybrid", "author": "vadhri", "sha": "65ddb1d399e29afd0fae3f18af7630821292d1f5", "lastModified": "2023-07-29T00:46:58.000Z", "private": false, "disabled": false, "gated": false, "pipeline_tag": "image-classification", "tags": ["image-classification", "en", "license:mit", "region:us"], "downloads": 0, "likes": 0, "model-index": null, "cardData": {"license": "mit", "language": ["en"], "tags": ["image-classification"]}, "siblings": [{"rfilename": ".gitattributes"}, {"rfilename": "README.md"}, {"rfilename": "model-multi-class-classical-lenet5-modif.pt"}, {"rfilename": "model-multi-class-hybrid-lenet5-modif-bell.pt"}, {"rfilename": "model-multi-class-hybrid-lenet5-modif-real-amplitudes.pt"}], "spaces": [], "createdAt": "2023-07-29T00:34:26.000Z", "inferenceStatus": "not-loaded"}