{"_id": "661e521152181e276408b48c", "id": "vadhri/wav2vec2-base-finetuned-gtzan", "modelId": "vadhri/wav2vec2-base-finetuned-gtzan", "author": "vadhri", "sha": "08ac3821c69f76efed6f7fd9a523fed1c85a0433", "lastModified": "2024-04-18T09:41:19.000Z", "private": false, "disabled": false, "gated": false, "pipeline_tag": "audio-classification", "tags": ["transformers", "tensorboard", "safetensors", "wav2vec2", "audio-classification", "generated_from_trainer", "dataset:marsyas/gtzan", "base_model:facebook/wav2vec2-base", "license:apache-2.0", "model-index", "endpoints_compatible", "region:us"], "downloads": 2, "library_name": "transformers", "likes": 0, "model-index": [{"name": "music-genre-classifer-20-finetuned-gtzan", "results": [{"task": {"name": "Audio Classification", "type": "audio-classification"}, "dataset": {"name": "GTZAN", "type": "marsyas/gtzan", "config": "all", "split": "train", "args": "all"}, "metrics": [{"name": "Accuracy", "type": "accuracy", "value": 0.81, "verified": false}]}]}], "config": {"architectures": ["Wav2Vec2ForSequenceClassification"], "model_type": "wav2vec2"}, "cardData": {"license": "apache-2.0", "base_model": "facebook/wav2vec2-base", "tags": ["generated_from_trainer"], "datasets": ["marsyas/gtzan"], "metrics": ["accuracy"], "model-index": [{"name": "music-genre-classifer-20-finetuned-gtzan", "results": [{"task": {"name": "Audio Classification", "type": "audio-classification"}, "dataset": {"name": "GTZAN", "type": "marsyas/gtzan", "config": "all", "split": "train", "args": "all"}, "metrics": [{"name": "Accuracy", "type": "accuracy", "value": 0.81, "verified": false}]}]}]}, "transformersInfo": {"auto_model": "AutoModelForAudioClassification", "pipeline_tag": "audio-classification", "processor": "AutoProcessor"}, "siblings": [{"rfilename": ".gitattributes"}, {"rfilename": "README.md"}, {"rfilename": "config.json"}, {"rfilename": "model.safetensors"}, {"rfilename": "preprocessor_config.json"}, {"rfilename": "runs/Apr16_10-29-57_76ee5e889029/events.out.tfevents.1713263440.76ee5e889029.201.0"}, {"rfilename": "runs/Apr16_15-58-37_5164e8fbd75f/events.out.tfevents.1713283200.5164e8fbd75f.755.0"}, {"rfilename": "runs/Apr16_16-04-33_5164e8fbd75f/events.out.tfevents.1713283480.5164e8fbd75f.755.1"}, {"rfilename": "runs/Apr16_18-24-54_67d6ec596f7d/events.out.tfevents.1713291914.67d6ec596f7d.2471.0"}, {"rfilename": "runs/Apr17_00-59-38_de7c90581708/events.out.tfevents.1713315580.de7c90581708.3671.0"}, {"rfilename": "runs/Apr18_04-10-45_8792a198bc35/events.out.tfevents.1713413455.8792a198bc35.636.2"}, {"rfilename": "runs/Apr18_04-12-17_8792a198bc35/events.out.tfevents.1713413542.8792a198bc35.636.3"}, {"rfilename": "runs/Apr18_04-12-17_8792a198bc35/events.out.tfevents.1713413804.8792a198bc35.636.4"}, {"rfilename": "runs/Apr18_06-22-39_10b5228405e9/events.out.tfevents.1713421474.10b5228405e9.400.0"}, {"rfilename": "runs/Apr18_06-31-08_10b5228405e9/events.out.tfevents.1713421878.10b5228405e9.400.1"}, {"rfilename": "runs/Apr18_06-31-08_10b5228405e9/events.out.tfevents.1713422492.10b5228405e9.400.2"}, {"rfilename": "runs/Apr18_06-41-45_10b5228405e9/events.out.tfevents.1713422508.10b5228405e9.400.3"}, {"rfilename": "runs/Apr18_07-50-24_10b5228405e9/events.out.tfevents.1713426627.10b5228405e9.400.4"}, {"rfilename": "runs/Apr18_07-50-24_10b5228405e9/events.out.tfevents.1713427119.10b5228405e9.400.5"}, {"rfilename": "runs/Apr18_07-58-52_10b5228405e9/events.out.tfevents.1713427136.10b5228405e9.400.6"}, {"rfilename": "runs/Apr18_09-16-49_ca5472386cc2/events.out.tfevents.1713431830.ca5472386cc2.169.0"}, {"rfilename": "runs/Apr18_09-31-13_060619eb738f/events.out.tfevents.1713432842.060619eb738f.216.0"}, {"rfilename": "tmp-checkpoint-1017/config.json"}, {"rfilename": "tmp-checkpoint-1017/model.safetensors"}, {"rfilename": "tmp-checkpoint-1017/optimizer.pt"}, {"rfilename": "tmp-checkpoint-1017/preprocessor_config.json"}, {"rfilename": "tmp-checkpoint-1017/training_args.bin"}, {"rfilename": "training_args.bin"}], "spaces": [], "createdAt": "2024-04-16T10:25:21.000Z", "safetensors": {"parameters": {"F32": 94571146}, "total": 94571146}, "inferenceStatus": "not-loaded"}