{"_id": "66140182f146b8c55ed822f9", "id": "vadhri/fb-opt-350mn-bittext-25epochs", "modelId": "vadhri/fb-opt-350mn-bittext-25epochs", "author": "vadhri", "sha": "ff1f7fe160aec078903bc0cc3799ce6b3fea3c70", "lastModified": "2024-04-08T14:39:03.000Z", "private": false, "disabled": false, "gated": false, "tags": ["transformers", "safetensors", "arxiv:1910.09700", "endpoints_compatible", "region:us"], "downloads": 0, "library_name": "transformers", "likes": 0, "model-index": null, "cardData": {"library_name": "transformers", "tags": []}, "transformersInfo": {"auto_model": "AutoModel"}, "siblings": [{"rfilename": ".gitattributes"}, {"rfilename": "README.md"}, {"rfilename": "adapter_config.json"}, {"rfilename": "adapter_model.safetensors"}], "spaces": [], "createdAt": "2024-04-08T14:38:58.000Z", "inferenceStatus": "not-loaded"}