{"_id": "64671f45e92e2372d5c7bbc5", "id": "VadimAI/Dialog-system", "modelId": "VadimAI/Dialog-system", "author": "VadimAI", "sha": "ffeaff91790e95e9490e2ac03bb7a64c206515df", "lastModified": "2023-05-19T07:19:42.000Z", "private": false, "disabled": false, "gated": false, "pipeline_tag": "text-generation", "tags": ["transformers", "pytorch", "gpt2", "text-generation", "autotrain_compatible", "text-generation-inference", "endpoints_compatible", "region:us"], "downloads": 2, "library_name": "transformers", "widgetData": [{"text": "My name is Julien and I like to"}, {"text": "My name is Thomas and my main"}, {"text": "My name is Mariama, my favorite"}, {"text": "My name is Clara and I am"}, {"text": "My name is Lewis and I like to"}, {"text": "My name is Merve and my favorite"}, {"text": "My name is Teven and I am"}, {"text": "Once upon a time,"}], "likes": 0, "config": {"architectures": ["GPT2LMHeadModel"], "model_type": "gpt2", "tokenizer_config": {"bos_token": {"__type": "AddedToken", "content": "<|endoftext|>", "lstrip": false, "normalized": true, "rstrip": false, "single_word": false}, "eos_token": {"__type": "AddedToken", "content": "<|endoftext|>", "lstrip": false, "normalized": true, "rstrip": false, "single_word": false}, "pad_token": null, "unk_token": {"__type": "AddedToken", "content": "<|endoftext|>", "lstrip": false, "normalized": true, "rstrip": false, "single_word": false}}}, "transformersInfo": {"auto_model": "AutoModelForCausalLM", "pipeline_tag": "text-generation", "processor": "AutoTokenizer"}, "siblings": [{"rfilename": ".gitattributes"}, {"rfilename": "added_tokens.json"}, {"rfilename": "config.json"}, {"rfilename": "generation_config.json"}, {"rfilename": "merges.txt"}, {"rfilename": "optimizer.pt"}, {"rfilename": "pytorch_model.bin"}, {"rfilename": "rng_state.pth"}, {"rfilename": "scheduler.pt"}, {"rfilename": "special_tokens_map.json"}, {"rfilename": "tokenizer.json"}, {"rfilename": "tokenizer_config.json"}, {"rfilename": "trainer_state.json"}, {"rfilename": "training_args.bin"}, {"rfilename": "vocab.json"}], "spaces": [], "createdAt": "2023-05-19T07:03:33.000Z", "inferenceStatus": "not-loaded"}