{"_id": "6439152b47ab70fd5969fe72", "id": "VadimBaev/givai", "modelId": "VadimBaev/givai", "author": "VadimBaev", "sha": "c06fe90a1df259a15c9b5834a7f586250324d26c", "lastModified": "2023-04-28T05:28:39.000Z", "private": false, "disabled": false, "gated": false, "tags": ["region:us"], "downloads": 0, "likes": 0, "siblings": [{"rfilename": ".gitattributes"}, {"rfilename": "adapter_config.json"}, {"rfilename": "adapter_model.bin"}], "spaces": [], "createdAt": "2023-04-14T08:56:11.000Z", "inferenceStatus": "not-loaded"}