{"_id": "666a7d235cd959972da7eb8f", "id": "vadim71/222", "modelId": "vadim71/222", "author": "vadim71", "sha": "9e7a3a0b82de57cb856240e604ab8577780576b5", "lastModified": "2024-06-16T18:08:14.000Z", "private": false, "disabled": false, "gated": false, "tags": ["region:us"], "downloads": 0, "likes": 0, "siblings": [{"rfilename": ".gitattributes"}, {"rfilename": "Braided_Sides_V1.safetensors"}, {"rfilename": "DeliciousXL_V2.safetensors"}, {"rfilename": "Promissing.safetensors"}, {"rfilename": "sd3_medium_incl_clips.safetensors"}, {"rfilename": "texta.safetensors"}, {"rfilename": "xl_more_art-full_v1.safetensors"}], "spaces": [], "createdAt": "2024-06-13T05:01:23.000Z", "inferenceStatus": "not-loaded"}