{"_id": "6398a8da1f5466bb57c85ae0", "id": "vadimMidav/DiffusionCourse_V_0.1", "modelId": "vadimMidav/DiffusionCourse_V_0.1", "author": "vadimMidav", "sha": "ad11bd258cf0c70833580e216772346acf2a35a9", "lastModified": "2022-12-13T16:31:22.000Z", "private": false, "disabled": false, "gated": false, "tags": ["license:mit", "region:us"], "downloads": 0, "likes": 0, "model-index": null, "cardData": {"license": "mit"}, "siblings": [{"rfilename": ".gitattributes"}, {"rfilename": "README.md"}], "spaces": [], "createdAt": "2022-12-13T16:31:22.000Z", "inferenceStatus": "not-loaded"}