{"_id": "6398b66994ea000df5895a80", "id": "vadimMidav/accelerate_launch_unconditional", "modelId": "vadimMidav/accelerate_launch_unconditional", "author": "vadimMidav", "sha": "e03f71f904ccb37637c04a026f278d6a3ccee502", "lastModified": "2022-12-13T17:29:13.000Z", "private": false, "disabled": false, "gated": false, "tags": ["region:us"], "downloads": 0, "likes": 0, "siblings": [{"rfilename": ".gitattributes"}], "spaces": [], "createdAt": "2022-12-13T17:29:13.000Z", "inferenceStatus": "not-loaded"}