{"_id": "64ebbc362beaa8c41074f244", "id": "vadim71/upscalers.zip", "modelId": "vadim71/upscalers.zip", "author": "vadim71", "sha": "8ca7aa80e46dc71fa280a205bb9e45ce843aeb1e", "lastModified": "2024-01-27T10:20:10.000Z", "private": false, "disabled": false, "gated": false, "tags": ["region:us"], "downloads": 0, "likes": 0, "siblings": [{"rfilename": ".gitattributes"}, {"rfilename": "Bifr\u00f6stprojectV2.95.safetensors"}, {"rfilename": "Halolike3fp16.safetensors"}, {"rfilename": "MXCP.safetensors"}, {"rfilename": "helloartdoor_V15j.safetensors"}, {"rfilename": "irisLuxPolyvalentPrototype_v401VAEIncluded.safetensors"}, {"rfilename": "kl-f8-anime2.ckpt"}, {"rfilename": "negativekit-main.zip"}, {"rfilename": "upscalers.zip"}], "spaces": [], "createdAt": "2023-08-27T21:12:22.000Z", "inferenceStatus": "not-loaded"}