{"_id": "63dccfb5859fb9947b866a9d", "id": "Vadik21/1", "modelId": "Vadik21/1", "author": "Vadik21", "sha": "d9e1f8438cff1bc6d98ce07eae99ce03eabe8e4d", "lastModified": "2023-02-03T09:11:17.000Z", "private": false, "disabled": false, "gated": false, "tags": ["license:openrail", "region:us"], "downloads": 0, "likes": 0, "model-index": null, "cardData": {"license": "openrail"}, "siblings": [{"rfilename": ".gitattributes"}, {"rfilename": "README.md"}], "spaces": [], "createdAt": "2023-02-03T09:11:17.000Z", "inferenceStatus": "not-loaded"}