{"_id": "6665c696fe3f9a63dd43d927", "id": "VADIM075/YURA", "modelId": "VADIM075/YURA", "author": "VADIM075", "sha": "0c7e8a903e0c3dd9b3be46adff731a3921255b3c", "lastModified": "2024-06-09T15:14:47.000Z", "private": false, "disabled": false, "gated": false, "tags": ["license:apache-2.0", "region:us"], "downloads": 0, "likes": 0, "model-index": null, "cardData": {"license": "apache-2.0"}, "siblings": [{"rfilename": ".gitattributes"}, {"rfilename": "README.md"}, {"rfilename": "\u041e\u043d \u043d\u0430\u043c \u0438 \u043d\u0430\u0445  \u0439 \u043d\u0435 \u043d\u0443\u0436\u043e\u043d \u0432\u0430\u0448 \u0418\u043d\u0442\u0435\u0440\u043d\u0435\u0442!.mp3"}], "spaces": [], "createdAt": "2024-06-09T15:13:26.000Z", "inferenceStatus": "not-loaded"}