{"_id": "6398a99a050d58887026e9a6", "id": "vadimMidav/sd-class-butterflies-32", "modelId": "vadimMidav/sd-class-butterflies-32", "author": "vadimMidav", "sha": "e9238ed88d8d04ba2cc18fc6d5dcea77068e0bbf", "lastModified": "2022-12-13T16:34:57.000Z", "private": false, "disabled": false, "gated": false, "pipeline_tag": "unconditional-image-generation", "tags": ["diffusers", "pytorch", "unconditional-image-generation", "diffusion-models-class", "license:mit", "diffusers:DDPMPipeline", "region:us"], "downloads": 11, "library_name": "diffusers", "likes": 0, "model-index": null, "config": {"diffusers": {"_class_name": "DDPMPipeline"}}, "cardData": {"license": "mit", "tags": ["pytorch", "diffusers", "unconditional-image-generation", "diffusion-models-class"]}, "siblings": [{"rfilename": ".gitattributes"}, {"rfilename": "README.md"}, {"rfilename": "config.json"}, {"rfilename": "diffusion_pytorch_model.bin"}, {"rfilename": "model_index.json"}, {"rfilename": "scheduler_config.json"}], "spaces": [], "createdAt": "2022-12-13T16:34:34.000Z", "inferenceStatus": "not-loaded"}