{"_id": "64f2829a33b11e2ea4757741", "id": "vadigr123/the_amazing_world_of_gumball", "modelId": "vadigr123/the_amazing_world_of_gumball", "author": "vadigr123", "sha": "d95b7d1f49906538bb950b9c5d939087af493137", "lastModified": "2023-09-16T13:09:46.000Z", "private": false, "disabled": false, "gated": false, "tags": ["license:openrail", "region:us"], "downloads": 0, "likes": 0, "model-index": null, "cardData": {"license": "openrail"}, "siblings": [{"rfilename": ".gitattributes"}, {"rfilename": "Anais_Watterson_rus.zip"}, {"rfilename": "Darwin_Watterson_rus.zip"}, {"rfilename": "FivFiv.zip"}, {"rfilename": "Gumball_Watterson_rus.zip"}, {"rfilename": "Larry_Needlemeye_100.rar"}, {"rfilename": "Larry_Needlemeye_250.zip"}, {"rfilename": "Lucy_Simian_100.zip"}, {"rfilename": "Lucy_Simian_250.zip"}, {"rfilename": "Nicole_Watterson_rus.zip"}, {"rfilename": "README.md"}, {"rfilename": "Richard_Watterson_rus.zip"}, {"rfilename": "darwin_eval.zip"}], "spaces": [], "createdAt": "2023-09-02T00:32:26.000Z", "inferenceStatus": "not-loaded"}