{"_id": "650242c7adf89caf5ffdb249", "id": "vadigr123/anime", "modelId": "vadigr123/anime", "author": "vadigr123", "sha": "f469a55679e3b6a9ff2a3d9b88b68deec6dea453", "lastModified": "2024-04-29T23:30:18.000Z", "private": false, "disabled": false, "gated": false, "tags": ["license:openrail", "region:us"], "downloads": 0, "likes": 0, "model-index": null, "cardData": {"license": "openrail"}, "siblings": [{"rfilename": ".gitattributes"}, {"rfilename": "Naruto_Uzumaki.zip"}, {"rfilename": "README.md"}, {"rfilename": "Rhul.zip"}, {"rfilename": "TwinTailTerror-10.safetensors"}, {"rfilename": "V1Sonic.zip"}, {"rfilename": "egirltea.zip"}, {"rfilename": "kusuri_by_mikus_v2.zip"}, {"rfilename": "mother_v4.zip"}, {"rfilename": "mother_voice_v3.zip"}, {"rfilename": "rvc/aivoice.zip"}, {"rfilename": "rvc/test,pth"}], "spaces": [], "createdAt": "2023-09-13T23:16:23.000Z", "inferenceStatus": "not-loaded"}