{"_id": "6541993776262f49968c8ccf", "id": "Vadrian/Xlopenposes", "modelId": "Vadrian/Xlopenposes", "author": "Vadrian", "sha": "7ecc3b2bca0d1fc66dbcd176c03ca6c268e79273", "lastModified": "2023-11-01T00:20:05.000Z", "private": false, "disabled": false, "gated": false, "tags": ["region:us"], "downloads": 0, "likes": 0, "siblings": [{"rfilename": ".gitattributes"}, {"rfilename": "thibaud_xl_openpose_256lora.safetensors"}], "spaces": [], "createdAt": "2023-11-01T00:17:59.000Z", "inferenceStatus": "not-loaded"}