{"_id": "65e960e64531fca9868cae63", "id": "vaemper/pysan", "modelId": "vaemper/pysan", "author": "vaemper", "sha": "d728e14579e92f6b9249adee95ea5ceca8adb032", "lastModified": "2024-03-07T06:38:30.000Z", "private": false, "disabled": false, "gated": false, "tags": ["license:apache-2.0", "region:us"], "downloads": 0, "likes": 0, "model-index": null, "cardData": {"license": "apache-2.0"}, "siblings": [{"rfilename": ".gitattributes"}, {"rfilename": "README.md"}], "spaces": [], "createdAt": "2024-03-07T06:38:30.000Z", "inferenceStatus": "not-loaded"}