{"_id": "658e539fccbc1e2cc784221f", "id": "vafas/medphi2", "modelId": "vafas/medphi2", "author": "vafas", "sha": "4ae6283c09133531c5ea9415902b68531df554cc", "lastModified": "2023-12-29T05:05:35.000Z", "private": false, "disabled": false, "gated": false, "tags": ["license:mit", "region:us"], "downloads": 0, "likes": 0, "model-index": null, "cardData": {"license": "mit"}, "siblings": [{"rfilename": ".gitattributes"}, {"rfilename": "README.md"}], "spaces": [], "createdAt": "2023-12-29T05:05:35.000Z", "inferenceStatus": "not-loaded"}