{"_id": "6632fc8d7cd2bfbd3c074be8", "id": "vagarwal97/Mistral7B-Instruct-Finetuned-comments-copy", "modelId": "vagarwal97/Mistral7B-Instruct-Finetuned-comments-copy", "author": "vagarwal97", "sha": "dc768c3bdffed37f10a8555e1fe01acc27f1401d", "lastModified": "2024-05-02T02:38:07.000Z", "private": false, "disabled": false, "gated": false, "tags": ["transformers", "safetensors", "arxiv:1910.09700", "endpoints_compatible", "region:us"], "downloads": 0, "library_name": "transformers", "likes": 0, "model-index": null, "cardData": {"library_name": "transformers", "tags": []}, "transformersInfo": {"auto_model": "AutoModel"}, "siblings": [{"rfilename": ".gitattributes"}, {"rfilename": "README.md"}, {"rfilename": "adapter_config.json"}, {"rfilename": "adapter_model.safetensors"}], "spaces": [], "createdAt": "2024-05-02T02:38:05.000Z", "inferenceStatus": "not-loaded"}