{"_id": "6585b604427f70009e1bb563", "id": "VaggP/convnext-tiny-finetuned-for-style-transfer-in-art-detection", "modelId": "VaggP/convnext-tiny-finetuned-for-style-transfer-in-art-detection", "author": "VaggP", "sha": "8e4c23933088f763a695a99a03c1b70c2548dc66", "lastModified": "2023-12-22T16:16:33.000Z", "private": false, "disabled": false, "gated": false, "pipeline_tag": "image-classification", "tags": ["transformers", "pytorch", "convnext", "image-classification", "autotrain_compatible", "endpoints_compatible", "region:us"], "downloads": 0, "library_name": "transformers", "likes": 0, "config": {"architectures": ["ConvNextForImageClassification"], "model_type": "convnext"}, "transformersInfo": {"auto_model": "AutoModelForImageClassification", "pipeline_tag": "image-classification", "processor": "AutoImageProcessor"}, "siblings": [{"rfilename": ".gitattributes"}, {"rfilename": "config.json"}, {"rfilename": "preprocessor_config.json"}, {"rfilename": "pytorch_model.bin"}], "spaces": [], "createdAt": "2023-12-22T16:15:00.000Z", "inferenceStatus": "not-loaded"}