{"_id": "656fc3f3e542334e1369dfd1", "id": "VaggP/convnext-tiny-finetuned-for-inpaintings-in-art-detection", "modelId": "VaggP/convnext-tiny-finetuned-for-inpaintings-in-art-detection", "author": "VaggP", "sha": "de4ad9d4e95ab4c1c4f35ed7b2733d7b5a9c6b90", "lastModified": "2023-12-06T00:49:18.000Z", "private": false, "disabled": false, "gated": false, "pipeline_tag": "image-classification", "tags": ["transformers", "pytorch", "convnext", "image-classification", "autotrain_compatible", "endpoints_compatible", "region:us"], "downloads": 1, "library_name": "transformers", "likes": 1, "config": {"architectures": ["ConvNextForImageClassification"], "model_type": "convnext"}, "transformersInfo": {"auto_model": "AutoModelForImageClassification", "pipeline_tag": "image-classification", "processor": "AutoImageProcessor"}, "siblings": [{"rfilename": ".gitattributes"}, {"rfilename": "config.json"}, {"rfilename": "preprocessor_config.json"}, {"rfilename": "pytorch_model.bin"}], "spaces": [], "createdAt": "2023-12-06T00:44:35.000Z", "inferenceStatus": "not-loaded"}