{"_id": "640b8905548fcf9a118e6c8e", "id": "vagnereletronica/sd-class-butterflies-32", "modelId": "vagnereletronica/sd-class-butterflies-32", "author": "vagnereletronica", "sha": "2c1bd0da67f4a8842c94770d6efc7407b288f85d", "lastModified": "2023-03-10T19:48:10.000Z", "private": false, "disabled": false, "gated": false, "pipeline_tag": "unconditional-image-generation", "tags": ["diffusers", "pytorch", "unconditional-image-generation", "diffusion-models-class", "license:mit", "region:us"], "downloads": 0, "library_name": "diffusers", "likes": 0, "model-index": null, "cardData": {"license": "mit", "tags": ["pytorch", "diffusers", "unconditional-image-generation", "diffusion-models-class"]}, "siblings": [{"rfilename": ".gitattributes"}, {"rfilename": "README.md"}, {"rfilename": "scheduler_config.json"}], "spaces": [], "createdAt": "2023-03-10T19:46:13.000Z", "inferenceStatus": "not-loaded"}