{"_id": "640b89bd93f6beedd7f43f42", "id": "vagnereletronica/sd-class-butterflies-64", "modelId": "vagnereletronica/sd-class-butterflies-64", "author": "vagnereletronica", "sha": "25ecc8d9e5f8e62e9c1178176111e8150df0a394", "lastModified": "2023-03-10T19:49:17.000Z", "private": false, "disabled": false, "gated": false, "tags": ["region:us"], "downloads": 0, "likes": 0, "siblings": [{"rfilename": ".gitattributes"}], "spaces": [], "createdAt": "2023-03-10T19:49:17.000Z", "inferenceStatus": "not-loaded"}