{"_id": "666614457c3cf88e8b64be93", "id": "VAGOsolutions/SauerkrautLM-Phi-3-medium", "modelId": "VAGOsolutions/SauerkrautLM-Phi-3-medium", "author": "VAGOsolutions", "sha": "4fd17612b78eb2f3ebdcf181dc81332a7afb4e5b", "lastModified": "2024-06-10T03:00:16.000Z", "private": false, "disabled": false, "gated": false, "pipeline_tag": "text-generation", "tags": ["transformers", "safetensors", "mistral", "text-generation", "conversational", "de", "en", "license:mit", "autotrain_compatible", "text-generation-inference", "endpoints_compatible", "region:us"], "downloads": 128, "library_name": "transformers", "likes": 8, "model-index": null, "config": {"architectures": ["MistralForCausalLM"], "model_type": "mistral", "tokenizer_config": {"bos_token": "<s>", "chat_template": "{% for message in messages %}{% if (message['role'] == 'user') %}{{'<|user|>' + '\n' + message['content'] + '<|end|>' + '\n' + '<|assistant|>' + '\n'}}{% elif (message['role'] == 'assistant') %}{{message['content'] + '<|end|>' + '\n'}}{% endif %}{% endfor %}", "eos_token": "<|endoftext|>", "pad_token": "<|placeholder6|>", "unk_token": "<unk>", "use_default_system_prompt": false}}, "cardData": {"license": "mit", "language": ["de", "en"]}, "transformersInfo": {"auto_model": "AutoModelForCausalLM", "pipeline_tag": "text-generation", "processor": "AutoTokenizer"}, "siblings": [{"rfilename": ".gitattributes"}, {"rfilename": "README.md"}, {"rfilename": "config.json"}, {"rfilename": "model-00001-of-00006.safetensors"}, {"rfilename": "model-00002-of-00006.safetensors"}, {"rfilename": "model-00003-of-00006.safetensors"}, {"rfilename": "model-00004-of-00006.safetensors"}, {"rfilename": "model-00005-of-00006.safetensors"}, {"rfilename": "model-00006-of-00006.safetensors"}, {"rfilename": "model.safetensors.index.json"}, {"rfilename": "special_tokens_map.json"}, {"rfilename": "tokenizer.json"}, {"rfilename": "tokenizer.model"}, {"rfilename": "tokenizer_config.json"}], "spaces": [], "createdAt": "2024-06-09T20:44:53.000Z", "safetensors": {"parameters": {"BF16": 13960238080}, "total": 13960238080}, "inferenceStatus": "not-loaded"}