{"_id": "65de62ec7facd099b5f5e045", "id": "VAGOsolutions/SauerkrautLM-Gemma-7b", "modelId": "VAGOsolutions/SauerkrautLM-Gemma-7b", "author": "VAGOsolutions", "sha": "4296bdabf82e900235b094e5348be03ebb0ec891", "lastModified": "2024-03-02T02:37:49.000Z", "private": false, "disabled": false, "gated": false, "pipeline_tag": "text-generation", "tags": ["transformers", "safetensors", "gemma", "text-generation", "sft", "dpo", "laserRMT", "laser-QLoRa", "finetune", "work in progress", "alpha", "de", "en", "license:other", "autotrain_compatible", "text-generation-inference", "endpoints_compatible", "region:us"], "downloads": 4724, "library_name": "transformers", "likes": 13, "model-index": null, "config": {"architectures": ["GemmaForCausalLM"], "model_type": "gemma", "tokenizer_config": {"bos_token": "<bos>", "eos_token": "<eos>", "pad_token": "<pad>", "unk_token": "<unk>", "use_default_system_prompt": false}}, "cardData": {"license": "other", "license_name": "gemma-terms-of-use", "license_link": "https://ai.google.dev/gemma/terms", "language": ["de", "en"], "tags": ["sft", "dpo", "laserRMT", "laser-QLoRa", "finetune", "work in progress", "alpha"]}, "transformersInfo": {"auto_model": "AutoModelForCausalLM", "pipeline_tag": "text-generation", "processor": "AutoTokenizer"}, "siblings": [{"rfilename": ".gitattributes"}, {"rfilename": "README.md"}, {"rfilename": "config.json"}, {"rfilename": "generation_config.json"}, {"rfilename": "model-00001-of-00004.safetensors"}, {"rfilename": "model-00002-of-00004.safetensors"}, {"rfilename": "model-00003-of-00004.safetensors"}, {"rfilename": "model-00004-of-00004.safetensors"}, {"rfilename": "model.safetensors.index.json"}, {"rfilename": "special_tokens_map.json"}, {"rfilename": "tokenizer.json"}, {"rfilename": "tokenizer.model"}, {"rfilename": "tokenizer_config.json"}], "spaces": ["eduagarcia/open_pt_llm_leaderboard"], "createdAt": "2024-02-27T22:32:12.000Z", "safetensors": {"parameters": {"BF16": 8537680896}, "total": 8537680896}, "inferenceStatus": "not-loaded"}