{"_id": "65e8fb9ae88ffec59159b981", "id": "VAGOsolutions/SauerkrautLM-Gemma-2b", "modelId": "VAGOsolutions/SauerkrautLM-Gemma-2b", "author": "VAGOsolutions", "sha": "f9d5575c23da96f33ce77dea3b0776746b9469bc", "lastModified": "2024-03-07T17:17:08.000Z", "private": false, "disabled": false, "gated": false, "pipeline_tag": "text-generation", "tags": ["transformers", "safetensors", "gemma", "text-generation", "sft", "laserRMT", "laser-QLoRa", "finetune", "work in progress", "alpha", "de", "en", "license:other", "autotrain_compatible", "text-generation-inference", "endpoints_compatible", "region:us"], "downloads": 1030, "library_name": "transformers", "likes": 8, "model-index": null, "config": {"architectures": ["GemmaForCausalLM"], "model_type": "gemma", "tokenizer_config": {"bos_token": "<bos>", "eos_token": "<eos>", "pad_token": "<pad>", "unk_token": "<unk>", "use_default_system_prompt": false}}, "cardData": {"license": "other", "license_name": "gemma-terms-of-use", "license_link": "https://ai.google.dev/gemma/terms", "language": ["de", "en"], "tags": ["sft", "laserRMT", "laser-QLoRa", "finetune", "work in progress", "alpha"]}, "transformersInfo": {"auto_model": "AutoModelForCausalLM", "pipeline_tag": "text-generation", "processor": "AutoTokenizer"}, "siblings": [{"rfilename": ".gitattributes"}, {"rfilename": "README.md"}, {"rfilename": "config.json"}, {"rfilename": "generation_config.json"}, {"rfilename": "model-00001-of-00002.safetensors"}, {"rfilename": "model-00002-of-00002.safetensors"}, {"rfilename": "model.safetensors.index.json"}, {"rfilename": "special_tokens_map.json"}, {"rfilename": "tokenizer.json"}, {"rfilename": "tokenizer.model"}, {"rfilename": "tokenizer_config.json"}], "spaces": [], "createdAt": "2024-03-06T23:26:18.000Z", "safetensors": {"parameters": {"BF16": 2506172416}, "total": 2506172416}, "inferenceStatus": "not-loaded"}