{"_id": "6622d58a2e1aa351ad586f49", "id": "Vago-X3/NDES", "modelId": "Vago-X3/NDES", "author": "Vago-X3", "sha": "5291d5725797ba55ca906587f97dcccbe12daf23", "lastModified": "2024-04-19T20:35:25.000Z", "private": false, "disabled": false, "gated": false, "tags": ["license:apache-2.0", "region:us"], "downloads": 0, "likes": 0, "model-index": null, "cardData": {"license": "apache-2.0"}, "siblings": [{"rfilename": ".gitattributes"}, {"rfilename": "README.md"}], "spaces": [], "createdAt": "2024-04-19T20:35:22.000Z", "inferenceStatus": "not-loaded"}