{"_id": "65823a1192b5a9664de4561e", "id": "VAGOsolutions/SauerkrautLM-SOLAR-Instruct", "modelId": "VAGOsolutions/SauerkrautLM-SOLAR-Instruct", "author": "VAGOsolutions", "sha": "2665d7600ccd253728453433d2434844e6f702bd", "lastModified": "2024-03-02T20:59:38.000Z", "private": false, "disabled": false, "gated": false, "pipeline_tag": "text-generation", "tags": ["transformers", "safetensors", "llama", "text-generation", "finetune", "dpo", "Instruct", "augmentation", "german", "conversational", "en", "de", "dataset:argilla/distilabel-math-preference-dpo", "license:cc-by-nc-4.0", "autotrain_compatible", "text-generation-inference", "endpoints_compatible", "region:us"], "downloads": 1312, "library_name": "transformers", "widgetData": [{"text": "Hey my name is Julien! How are you?"}, {"text": "Hey my name is Thomas! How are you?"}, {"text": "Hey my name is Mariama! How are you?"}, {"text": "Hey my name is Clara! How are you?"}, {"text": "Hey my name is Julien! How are you?"}, {"text": "Hi."}], "likes": 45, "model-index": null, "config": {"architectures": ["LlamaForCausalLM"], "model_type": "llama", "tokenizer_config": {"bos_token": "<s>", "chat_template": "{% for message in messages %}{% if message['role'] == 'system' %}{% if message['content']%}{{'### System:\n' + message['content']+'\n\n'}}{% endif %}{% elif message['role'] == 'user' %}{{'### User:\n' + message['content']+'\n\n'}}{% elif message['role'] == 'assistant' %}{{'### Assistant:\n'  + message['content']}}{% endif %}{% if loop.last and add_generation_prompt %}{{ '### Assistant:\n' }}{% endif %}{% endfor %}", "eos_token": "</s>", "pad_token": "</s>", "unk_token": "<unk>", "use_default_system_prompt": true}}, "cardData": {"license": "cc-by-nc-4.0", "language": ["en", "de"], "library_name": "transformers", "pipeline_tag": "text-generation", "tags": ["finetune", "dpo", "Instruct", "augmentation", "german"], "datasets": ["argilla/distilabel-math-preference-dpo"]}, "transformersInfo": {"auto_model": "AutoModelForCausalLM", "pipeline_tag": "text-generation", "processor": "AutoTokenizer"}, "siblings": [{"rfilename": ".gitattributes"}, {"rfilename": "README.md"}, {"rfilename": "config.json"}, {"rfilename": "generation_config.json"}, {"rfilename": "model-00001-of-00005.safetensors"}, {"rfilename": "model-00002-of-00005.safetensors"}, {"rfilename": "model-00003-of-00005.safetensors"}, {"rfilename": "model-00004-of-00005.safetensors"}, {"rfilename": "model-00005-of-00005.safetensors"}, {"rfilename": "model.safetensors.index.json"}, {"rfilename": "special_tokens_map.json"}, {"rfilename": "tokenizer.model"}, {"rfilename": "tokenizer_config.json"}], "spaces": ["Satyam-Singh/VAGOsolutions-SauerkrautLM-SOLAR-Instruct", "azaelriday/VAGOsolutions-SauerkrautLM-SOLAR-Instruct"], "createdAt": "2023-12-20T00:49:21.000Z", "safetensors": {"parameters": {"BF16": 10731524096}, "total": 10731524096}, "inferenceStatus": "not-loaded"}