{"_id": "657c7845c3cae8fbdb486a97", "id": "VAGOsolutions/SauerkrautLM-Mixtral-8x7B-Instruct", "modelId": "VAGOsolutions/SauerkrautLM-Mixtral-8x7B-Instruct", "author": "VAGOsolutions", "sha": "30ed549de7d84f68b4c6cb619f73275c99af23cc", "lastModified": "2024-04-29T22:56:24.000Z", "private": false, "disabled": false, "gated": false, "pipeline_tag": "text-generation", "tags": ["transformers", "safetensors", "mixtral", "text-generation", "mistral", "finetune", "dpo", "Instruct", "augmentation", "german", "moe", "conversational", "en", "de", "fr", "it", "es", "dataset:argilla/distilabel-math-preference-dpo", "license:apache-2.0", "autotrain_compatible", "text-generation-inference", "endpoints_compatible", "region:us"], "downloads": 150052, "library_name": "transformers", "widgetData": [{"text": "Hey my name is Julien! How are you?"}, {"text": "Hey my name is Thomas! How are you?"}, {"text": "Hey my name is Mariama! How are you?"}, {"text": "Hey my name is Clara! How are you?"}, {"text": "Hey my name is Julien! How are you?"}, {"text": "Hi."}], "likes": 21, "model-index": null, "config": {"architectures": ["MixtralForCausalLM"], "model_type": "mixtral", "tokenizer_config": {"bos_token": "<s>", "chat_template": "{{ bos_token }}{% for message in messages %}{% if (message['role'] == 'user') != (loop.index0 % 2 == 0) %}{{ raise_exception('Conversation roles must alternate user/assistant/user/assistant/...') }}{% endif %}{% if message['role'] == 'user' %}{{ '[INST] ' + message['content'] + ' [/INST]' }}{% elif message['role'] == 'assistant' %}{{ message['content'] + eos_token}}{% else %}{{ raise_exception('Only user and assistant roles are supported!') }}{% endif %}{% endfor %}", "eos_token": "</s>", "pad_token": "</s>", "unk_token": "<unk>", "use_default_system_prompt": false}}, "cardData": {"license": "apache-2.0", "language": ["en", "de", "fr", "it", "es"], "library_name": "transformers", "pipeline_tag": "text-generation", "tags": ["mistral", "finetune", "dpo", "Instruct", "augmentation", "german", "mixtral", "moe"], "datasets": ["argilla/distilabel-math-preference-dpo"]}, "transformersInfo": {"auto_model": "AutoModelForCausalLM", "pipeline_tag": "text-generation", "processor": "AutoTokenizer"}, "siblings": [{"rfilename": ".gitattributes"}, {"rfilename": "README.md"}, {"rfilename": "config.json"}, {"rfilename": "generation_config.json"}, {"rfilename": "model-00001-of-00019.safetensors"}, {"rfilename": "model-00002-of-00019.safetensors"}, {"rfilename": "model-00003-of-00019.safetensors"}, {"rfilename": "model-00004-of-00019.safetensors"}, {"rfilename": "model-00005-of-00019.safetensors"}, {"rfilename": "model-00006-of-00019.safetensors"}, {"rfilename": "model-00007-of-00019.safetensors"}, {"rfilename": "model-00008-of-00019.safetensors"}, {"rfilename": "model-00009-of-00019.safetensors"}, {"rfilename": "model-00010-of-00019.safetensors"}, {"rfilename": "model-00011-of-00019.safetensors"}, {"rfilename": "model-00012-of-00019.safetensors"}, {"rfilename": "model-00013-of-00019.safetensors"}, {"rfilename": "model-00014-of-00019.safetensors"}, {"rfilename": "model-00015-of-00019.safetensors"}, {"rfilename": "model-00016-of-00019.safetensors"}, {"rfilename": "model-00017-of-00019.safetensors"}, {"rfilename": "model-00018-of-00019.safetensors"}, {"rfilename": "model-00019-of-00019.safetensors"}, {"rfilename": "model.safetensors.index.json"}, {"rfilename": "special_tokens_map.json"}, {"rfilename": "tokenizer.model"}, {"rfilename": "tokenizer_config.json"}], "spaces": ["Thiloid/Chaetti", "nestole/Chaetti"], "createdAt": "2023-12-15T16:01:09.000Z", "safetensors": {"parameters": {"BF16": 46702792704}, "total": 46702792704}, "inferenceStatus": "not-loaded"}