{"_id": "6560d57f30a88a2f1d9e8152", "id": "VAGOsolutions/SauerkrautLM-7b-HerO", "modelId": "VAGOsolutions/SauerkrautLM-7b-HerO", "author": "VAGOsolutions", "sha": "3a14b437e2f375b74de3b6923e171662133347bb", "lastModified": "2024-03-15T16:18:37.000Z", "private": false, "disabled": false, "gated": false, "pipeline_tag": "text-generation", "tags": ["transformers", "pytorch", "safetensors", "mistral", "text-generation", "finetune", "chatml", "augmentation", "german", "merge", "mergekit", "conversational", "en", "de", "license:apache-2.0", "autotrain_compatible", "text-generation-inference", "endpoints_compatible", "region:us"], "downloads": 2106, "library_name": "transformers", "widgetData": [{"text": "Hey my name is Julien! How are you?"}, {"text": "Hey my name is Thomas! How are you?"}, {"text": "Hey my name is Mariama! How are you?"}, {"text": "Hey my name is Clara! How are you?"}, {"text": "Hey my name is Julien! How are you?"}, {"text": "Hi."}], "likes": 31, "model-index": null, "config": {"architectures": ["MistralForCausalLM"], "model_type": "mistral", "tokenizer_config": {"bos_token": "<s>", "chat_template": "{% if not add_generation_prompt is defined %}{% set add_generation_prompt = false %}{% endif %}{% for message in messages %}{{'<|im_start|>' + message['role'] + '\n' + message['content'] + '<|im_end|>' + '\n'}}{% endfor %}{% if add_generation_prompt %}{{ '<|im_start|>assistant\n' }}{% endif %}", "eos_token": "<|im_end|>", "pad_token": "</s>", "unk_token": "<unk>", "use_default_system_prompt": true}}, "cardData": {"license": "apache-2.0", "language": ["en", "de"], "library_name": "transformers", "pipeline_tag": "text-generation", "tags": ["mistral", "finetune", "chatml", "augmentation", "german", "merge", "mergekit"]}, "transformersInfo": {"auto_model": "AutoModelForCausalLM", "pipeline_tag": "text-generation", "processor": "AutoTokenizer"}, "siblings": [{"rfilename": ".gitattributes"}, {"rfilename": "README.md"}, {"rfilename": "added_tokens.json"}, {"rfilename": "config.json"}, {"rfilename": "generation_config.json"}, {"rfilename": "model-00001-of-00003.safetensors"}, {"rfilename": "model-00002-of-00003.safetensors"}, {"rfilename": "model-00003-of-00003.safetensors"}, {"rfilename": "model.safetensors.index.json"}, {"rfilename": "pytorch_model-00001-of-00003.bin"}, {"rfilename": "pytorch_model-00002-of-00003.bin"}, {"rfilename": "pytorch_model-00003-of-00003.bin"}, {"rfilename": "pytorch_model.bin.index.json"}, {"rfilename": "special_tokens_map.json"}, {"rfilename": "tokenizer.model"}, {"rfilename": "tokenizer_config.json"}], "spaces": ["AFischer1985/AI-RAG-Interface-to-Hub", "lol39/VAGOsolutions-SauerkrautLM-7b-HerO", "AFischer1985/Advanced-RAG-Demo", "AFischer1985/AI-Interface_memRAG", "AFischer1985/Schreibassistenz"], "createdAt": "2023-11-24T16:55:27.000Z", "safetensors": {"parameters": {"F16": 7241748480}, "total": 7241748480}, "inferenceStatus": "not-loaded"}