{"_id": "65e8fc5957636002f0baae66", "id": "VAGOsolutions/SauerkrautLM-14b-MoE-LaserChat", "modelId": "VAGOsolutions/SauerkrautLM-14b-MoE-LaserChat", "author": "VAGOsolutions", "sha": "5e08baf47d50543ca93bccf7fd097de9c95ef3eb", "lastModified": "2024-03-10T17:41:15.000Z", "private": false, "disabled": false, "gated": false, "pipeline_tag": "text-generation", "tags": ["transformers", "safetensors", "mixtral", "text-generation", "finetune", "sft", "dpo", "laser", "augmentation", "german", "english", "moe", "conversational", "en", "de", "license:apache-2.0", "autotrain_compatible", "text-generation-inference", "endpoints_compatible", "region:us"], "downloads": 608, "library_name": "transformers", "widgetData": [{"text": "Hey my name is Julien! How are you?"}, {"text": "Hey my name is Thomas! How are you?"}, {"text": "Hey my name is Mariama! How are you?"}, {"text": "Hey my name is Clara! How are you?"}, {"text": "Hey my name is Julien! How are you?"}, {"text": "Hi."}], "likes": 6, "model-index": null, "config": {"architectures": ["MixtralForCausalLM"], "model_type": "mixtral", "tokenizer_config": {"bos_token": "<s>", "chat_template": "{{ bos_token }}{% for message in messages %}{{ 'GPT4 Correct ' + message['role'].title() + ': ' + message['content'] + '<|end_of_turn|>'}}{% endfor %}{% if add_generation_prompt %}{{ 'GPT4 Correct Assistant:' }}{% endif %}", "eos_token": "<|end_of_turn|>", "pad_token": "<s>", "unk_token": "<unk>", "use_default_system_prompt": true}}, "cardData": {"license": "apache-2.0", "language": ["en", "de"], "library_name": "transformers", "pipeline_tag": "text-generation", "tags": ["finetune", "sft", "dpo", "laser", "augmentation", "german", "english", "moe"]}, "transformersInfo": {"auto_model": "AutoModelForCausalLM", "pipeline_tag": "text-generation", "processor": "AutoTokenizer"}, "siblings": [{"rfilename": ".gitattributes"}, {"rfilename": "README.md"}, {"rfilename": "added_tokens.json"}, {"rfilename": "config.json"}, {"rfilename": "model-00001-of-00003.safetensors"}, {"rfilename": "model-00002-of-00003.safetensors"}, {"rfilename": "model-00003-of-00003.safetensors"}, {"rfilename": "model.safetensors.index.json"}, {"rfilename": "special_tokens_map.json"}, {"rfilename": "tokenizer.json"}, {"rfilename": "tokenizer.model"}, {"rfilename": "tokenizer_config.json"}], "spaces": [], "createdAt": "2024-03-06T23:29:29.000Z", "safetensors": {"parameters": {"BF16": 12879155200}, "total": 12879155200}, "inferenceStatus": "not-loaded"}