{"_id": "6494d42364bfbfa4fa6a4dd1", "id": "vagrawal787/bert-finetuned-lyrics-genres-v2", "modelId": "vagrawal787/bert-finetuned-lyrics-genres-v2", "author": "vagrawal787", "sha": "e30602853fa3c7a41b44acdbaf3d2c80a1c85fdf", "lastModified": "2023-06-23T03:46:28.000Z", "private": false, "disabled": false, "gated": false, "pipeline_tag": "text-classification", "tags": ["transformers", "pytorch", "tensorboard", "bert", "text-classification", "autotrain_compatible", "endpoints_compatible", "region:us"], "downloads": 26, "library_name": "transformers", "mask_token": "[MASK]", "widgetData": [{"text": "I like you. I love you"}], "likes": 0, "config": {"architectures": ["BertForSequenceClassification"], "model_type": "bert", "tokenizer_config": {"cls_token": "[CLS]", "mask_token": "[MASK]", "pad_token": "[PAD]", "sep_token": "[SEP]", "unk_token": "[UNK]"}}, "transformersInfo": {"auto_model": "AutoModelForSequenceClassification", "pipeline_tag": "text-classification", "processor": "AutoTokenizer"}, "siblings": [{"rfilename": ".gitattributes"}, {"rfilename": ".gitignore"}, {"rfilename": "config.json"}, {"rfilename": "pytorch_model.bin"}, {"rfilename": "runs/Jun22_23-07-05_96c2789aef6f/events.out.tfevents.1687475249.96c2789aef6f.1221.0"}, {"rfilename": "runs/Jun23_03-14-49_8472652c33a6/events.out.tfevents.1687490201.8472652c33a6.1907.0"}, {"rfilename": "special_tokens_map.json"}, {"rfilename": "tokenizer.json"}, {"rfilename": "tokenizer_config.json"}, {"rfilename": "training_args.bin"}, {"rfilename": "vocab.txt"}], "spaces": [], "createdAt": "2023-06-22T23:07:15.000Z", "inferenceStatus": "not-loaded"}