{"_id": "6493a8ccc53e2acdc01808f1", "id": "vagrawal787/bert-finetuned-lyrics-genres", "modelId": "vagrawal787/bert-finetuned-lyrics-genres", "author": "vagrawal787", "sha": "30c0eec4ce0435a4595eaaf59dcbe12f8fe34232", "lastModified": "2023-06-22T02:08:10.000Z", "private": false, "disabled": false, "gated": false, "pipeline_tag": "text-classification", "tags": ["transformers", "pytorch", "tensorboard", "bert", "text-classification", "autotrain_compatible", "endpoints_compatible", "region:us"], "downloads": 12, "library_name": "transformers", "mask_token": "[MASK]", "widgetData": [{"text": "I like you. I love you"}], "likes": 0, "config": {"architectures": ["BertForSequenceClassification"], "model_type": "bert", "tokenizer_config": {"cls_token": "[CLS]", "mask_token": "[MASK]", "pad_token": "[PAD]", "sep_token": "[SEP]", "unk_token": "[UNK]"}}, "transformersInfo": {"auto_model": "AutoModelForSequenceClassification", "pipeline_tag": "text-classification", "processor": "AutoTokenizer"}, "siblings": [{"rfilename": ".gitattributes"}, {"rfilename": ".gitignore"}, {"rfilename": "config.json"}, {"rfilename": "pytorch_model.bin"}, {"rfilename": "runs/Jun22_01-50-02_c520349ca841/events.out.tfevents.1687398609.c520349ca841.231.1"}, {"rfilename": "special_tokens_map.json"}, {"rfilename": "tokenizer.json"}, {"rfilename": "tokenizer_config.json"}, {"rfilename": "training_args.bin"}, {"rfilename": "vocab.txt"}], "spaces": [], "createdAt": "2023-06-22T01:50:04.000Z", "inferenceStatus": "not-loaded"}