{"_id": "64c49c617210ed6c46fff90b", "id": "vagrawal787/todos_task_model", "modelId": "vagrawal787/todos_task_model", "author": "vagrawal787", "sha": "79146474a3811f8430f046b63a24192ab2374294", "lastModified": "2023-07-29T05:13:45.000Z", "private": false, "disabled": false, "gated": false, "pipeline_tag": "text-classification", "tags": ["transformers", "pytorch", "tensorboard", "distilbert", "text-classification", "generated_from_trainer", "dataset:vagrawal787/todo_task_list_types", "base_model:distilbert-base-uncased", "license:apache-2.0", "autotrain_compatible", "endpoints_compatible", "region:us"], "downloads": 7, "library_name": "transformers", "mask_token": "[MASK]", "widgetData": [{"text": "I like you. I love you"}], "likes": 2, "model-index": [{"name": "todos_task_model", "results": []}], "config": {"architectures": ["DistilBertForSequenceClassification"], "model_type": "distilbert", "tokenizer_config": {"cls_token": "[CLS]", "mask_token": "[MASK]", "pad_token": "[PAD]", "sep_token": "[SEP]", "unk_token": "[UNK]"}}, "cardData": {"license": "apache-2.0", "base_model": "distilbert-base-uncased", "tags": ["generated_from_trainer"], "model-index": [{"name": "todos_task_model", "results": []}], "datasets": ["vagrawal787/todo_task_list_types"], "metrics": ["accuracy"], "pipeline_tag": "text-classification"}, "transformersInfo": {"auto_model": "AutoModelForSequenceClassification", "pipeline_tag": "text-classification", "processor": "AutoTokenizer"}, "siblings": [{"rfilename": ".gitattributes"}, {"rfilename": ".gitignore"}, {"rfilename": "README.md"}, {"rfilename": "config.json"}, {"rfilename": "pytorch_model.bin"}, {"rfilename": "runs/Jul29_04-58-00_db29e0f0914b/events.out.tfevents.1690606693.db29e0f0914b.1418.0"}, {"rfilename": "runs/Jul29_04-58-00_db29e0f0914b/events.out.tfevents.1690606724.db29e0f0914b.1418.1"}, {"rfilename": "runs/Jul29_04-59-09_db29e0f0914b/events.out.tfevents.1690606752.db29e0f0914b.1418.2"}, {"rfilename": "runs/Jul29_04-59-09_db29e0f0914b/events.out.tfevents.1690606798.db29e0f0914b.1418.3"}, {"rfilename": "runs/Jul29_05-00-12_db29e0f0914b/events.out.tfevents.1690606815.db29e0f0914b.1418.4"}, {"rfilename": "runs/Jul29_05-00-12_db29e0f0914b/events.out.tfevents.1690606886.db29e0f0914b.1418.5"}, {"rfilename": "special_tokens_map.json"}, {"rfilename": "tokenizer.json"}, {"rfilename": "tokenizer_config.json"}, {"rfilename": "training_args.bin"}, {"rfilename": "vocab.txt"}], "spaces": [], "createdAt": "2023-07-29T04:58:09.000Z", "inferenceStatus": "not-loaded"}