{"_id": "6478d379c68a021fbba1069a", "id": "vagrawal787/bert-finetuned-ner-wikiann", "modelId": "vagrawal787/bert-finetuned-ner-wikiann", "author": "vagrawal787", "sha": "31cf91b90d874b3a89c652d5dbf502b0e4144b0e", "lastModified": "2023-06-01T17:38:59.000Z", "private": false, "disabled": false, "gated": false, "pipeline_tag": "token-classification", "tags": ["transformers", "pytorch", "tensorboard", "bert", "token-classification", "generated_from_trainer", "dataset:wikiann", "license:apache-2.0", "model-index", "autotrain_compatible", "endpoints_compatible", "region:us"], "downloads": 7, "library_name": "transformers", "mask_token": "[MASK]", "widgetData": [{"text": "My name is Wolfgang and I live in Berlin"}, {"text": "My name is Sarah and I live in London"}, {"text": "My name is Clara and I live in Berkeley, California."}], "likes": 0, "model-index": [{"name": "bert-finetuned-ner-wikiann", "results": [{"task": {"name": "Token Classification", "type": "token-classification"}, "dataset": {"name": "wikiann", "type": "wikiann", "config": "en", "split": "validation", "args": "en"}, "metrics": [{"name": "Precision", "type": "precision", "value": 0.817410347659458, "verified": false}, {"name": "Recall", "type": "recall", "value": 0.8443376219425986, "verified": false}, {"name": "F1", "type": "f1", "value": 0.830655817511649, "verified": false}, {"name": "Accuracy", "type": "accuracy", "value": 0.9269314725039668, "verified": false}]}]}], "config": {"architectures": ["BertForTokenClassification"], "model_type": "bert", "tokenizer_config": {"cls_token": "[CLS]", "mask_token": "[MASK]", "pad_token": "[PAD]", "sep_token": "[SEP]", "unk_token": "[UNK]"}}, "cardData": {"license": "apache-2.0", "tags": ["generated_from_trainer"], "datasets": ["wikiann"], "metrics": ["precision", "recall", "f1", "accuracy"], "model-index": [{"name": "bert-finetuned-ner-wikiann", "results": [{"task": {"name": "Token Classification", "type": "token-classification"}, "dataset": {"name": "wikiann", "type": "wikiann", "config": "en", "split": "validation", "args": "en"}, "metrics": [{"name": "Precision", "type": "precision", "value": 0.817410347659458, "verified": false}, {"name": "Recall", "type": "recall", "value": 0.8443376219425986, "verified": false}, {"name": "F1", "type": "f1", "value": 0.830655817511649, "verified": false}, {"name": "Accuracy", "type": "accuracy", "value": 0.9269314725039668, "verified": false}]}]}]}, "transformersInfo": {"auto_model": "AutoModelForTokenClassification", "pipeline_tag": "token-classification", "processor": "AutoTokenizer"}, "siblings": [{"rfilename": ".gitattributes"}, {"rfilename": ".gitignore"}, {"rfilename": "README.md"}, {"rfilename": "config.json"}, {"rfilename": "pytorch_model.bin"}, {"rfilename": "runs/Jun01_17-24-16_dd302dec219d/1685640266.9530575/events.out.tfevents.1685640266.dd302dec219d.608.1"}, {"rfilename": "runs/Jun01_17-24-16_dd302dec219d/events.out.tfevents.1685640266.dd302dec219d.608.0"}, {"rfilename": "special_tokens_map.json"}, {"rfilename": "tokenizer.json"}, {"rfilename": "tokenizer_config.json"}, {"rfilename": "training_args.bin"}, {"rfilename": "vocab.txt"}], "spaces": [], "createdAt": "2023-06-01T17:20:57.000Z", "inferenceStatus": "not-loaded"}