{"_id": "64ed096b2f0bd58125010f22", "id": "Vagus30/distilbert-base-uncased-finetuned-emotion", "modelId": "Vagus30/distilbert-base-uncased-finetuned-emotion", "author": "Vagus30", "sha": "204826e461befe9185eb348d17b5428ec6820dde", "lastModified": "2023-08-28T20:54:03.000Z", "private": false, "disabled": false, "gated": false, "tags": ["license:apache-2.0", "region:us"], "downloads": 0, "likes": 0, "model-index": null, "cardData": {"license": "apache-2.0"}, "siblings": [{"rfilename": ".gitattributes"}, {"rfilename": "README.md"}], "spaces": [], "createdAt": "2023-08-28T20:54:03.000Z", "inferenceStatus": "not-loaded"}