{"_id": "653519aeb3852ed1ced5fa58", "id": "vahe6669/mmm", "modelId": "vahe6669/mmm", "author": "vahe6669", "sha": "5ea7e05758675c5fb26c5d5aeb937cd34550b863", "lastModified": "2023-10-22T12:46:38.000Z", "private": false, "disabled": false, "gated": false, "tags": ["license:apache-2.0", "region:us"], "downloads": 0, "likes": 0, "model-index": null, "cardData": {"license": "apache-2.0"}, "siblings": [{"rfilename": ".gitattributes"}, {"rfilename": "README.md"}], "spaces": [], "createdAt": "2023-10-22T12:46:38.000Z", "inferenceStatus": "not-loaded"}