{"_id": "65eb6917ceb1a8d208c000c9", "id": "Vahidjanfaza/bloom-3b-LoRA", "modelId": "Vahidjanfaza/bloom-3b-LoRA", "author": "Vahidjanfaza", "sha": "f2a2ad44e3dbc972236651cbd806e429aa0747a1", "lastModified": "2024-03-08T19:38:05.000Z", "private": false, "disabled": false, "gated": false, "tags": ["transformers", "safetensors", "arxiv:1910.09700", "endpoints_compatible", "region:us"], "downloads": 0, "library_name": "transformers", "likes": 0, "model-index": null, "cardData": {"library_name": "transformers", "tags": []}, "transformersInfo": {"auto_model": "AutoModel"}, "siblings": [{"rfilename": ".gitattributes"}, {"rfilename": "README.md"}, {"rfilename": "adapter_config.json"}, {"rfilename": "adapter_model.safetensors"}], "spaces": [], "createdAt": "2024-03-08T19:37:59.000Z", "inferenceStatus": "not-loaded"}