{"_id": "65a6e817bd0c4a98e9f89c7c", "id": "vahidinho1991/vahidinho", "modelId": "vahidinho1991/vahidinho", "author": "vahidinho1991", "sha": "b204a781ea0f9bbc3c66e5aa72d8fea81ada0288", "lastModified": "2024-06-26T11:06:06.000Z", "private": false, "disabled": false, "gated": false, "tags": ["license:openrail", "region:us"], "downloads": 0, "likes": 0, "model-index": null, "cardData": {"license": "openrail"}, "siblings": [{"rfilename": ".gitattributes"}, {"rfilename": "000.zip"}, {"rfilename": "0044.zip"}, {"rfilename": "01.zip"}, {"rfilename": "44444.zip"}, {"rfilename": "55555.zip"}, {"rfilename": "666666.zip"}, {"rfilename": "777.zip"}, {"rfilename": "88.zip"}, {"rfilename": "88888.zip"}, {"rfilename": "8888888888.zip"}, {"rfilename": "FemaleNoki.zip"}, {"rfilename": "GirlBySztef.zip"}, {"rfilename": "Habib.zip"}, {"rfilename": "Homeyra.zip"}, {"rfilename": "Jumong.zip"}, {"rfilename": "Latina_eg.zip"}, {"rfilename": "R.zip"}, {"rfilename": "R333.zip"}, {"rfilename": "README.md"}, {"rfilename": "SDGGGCRCustomFemale10.zip"}, {"rfilename": "Shajarian.zip"}, {"rfilename": "SztefbySztef.zip"}, {"rfilename": "Yas.zip"}, {"rfilename": "Yusuf.zip"}, {"rfilename": "Z2Z.zip"}, {"rfilename": "k666.zip"}, {"rfilename": "mahasti.zip"}, {"rfilename": "pashaei.zip"}], "spaces": [], "createdAt": "2024-01-16T20:33:27.000Z", "inferenceStatus": "not-loaded"}