{"_id": "65a6f219dee6b1df467594f0", "id": "vahidinho1991/qqq", "modelId": "vahidinho1991/qqq", "author": "vahidinho1991", "sha": "16d929ed7b2cbde7dd495623675b884e4d7bfd50", "lastModified": "2024-03-11T05:42:35.000Z", "private": false, "disabled": false, "gated": false, "tags": ["license:openrail", "region:us"], "downloads": 0, "likes": 0, "model-index": null, "cardData": {"license": "openrail"}, "siblings": [{"rfilename": ".gitattributes"}, {"rfilename": "BuddyHollyDrums.zip"}, {"rfilename": "Erika (Pokemon Masters EX).zip"}, {"rfilename": "FrierenFernOlderv4_e272_s16864_RVC.zip"}, {"rfilename": "Goku.zip"}, {"rfilename": "Jerry Smith (Rick and Morty).zip"}, {"rfilename": "JesseFemale-MCStoryMode.zip"}, {"rfilename": "JessicaRose.zip"}, {"rfilename": "LiSA.zip"}, {"rfilename": "MarryYouDrums.zip"}, {"rfilename": "README.md"}, {"rfilename": "SingingPersianTurtle.zip"}, {"rfilename": "Tate.zip"}, {"rfilename": "TaylorSwift.zip"}, {"rfilename": "asyaalizade.zip"}, {"rfilename": "female-3-nsfw_fittest.zip"}, {"rfilename": "j22.zip"}, {"rfilename": "jenniestrong.zip"}, {"rfilename": "jjj.zip"}, {"rfilename": "mahasti.zip"}, {"rfilename": "mmm.zip"}, {"rfilename": "moein-voice-model.zip"}, {"rfilename": "nikkk.zip"}, {"rfilename": "pang.zip"}, {"rfilename": "victorcoy1000epoch.zip"}], "spaces": [], "createdAt": "2024-01-16T21:16:09.000Z", "inferenceStatus": "not-loaded"}