{"_id": "6605ffdc3b0163cbeefdb015", "id": "Vahisht/desann-voice", "modelId": "Vahisht/desann-voice", "author": "Vahisht", "sha": "233c7109ed48786cb88c671429d2f4b7f0c0bf8f", "lastModified": "2024-03-28T23:41:13.000Z", "private": false, "disabled": false, "gated": false, "tags": ["region:us"], "downloads": 0, "likes": 0, "siblings": [{"rfilename": ".gitattributes"}, {"rfilename": "README.md"}, {"rfilename": "desann_test.zip"}], "spaces": [], "createdAt": "2024-03-28T23:40:12.000Z", "inferenceStatus": "not-loaded"}