{"_id": "6620693cf7c7440539af20c9", "id": "vahidrezanezhad/sbb_binarization", "modelId": "vahidrezanezhad/sbb_binarization", "author": "vahidrezanezhad", "sha": "a772842b510b912bc22aaf3e5ab64d676cb632e0", "lastModified": "2024-04-18T01:27:24.000Z", "private": false, "disabled": false, "gated": false, "tags": ["tf-keras", "license:mit", "region:us"], "downloads": 13, "library_name": "tf-keras", "likes": 0, "model-index": null, "cardData": {"license": "mit"}, "siblings": [{"rfilename": ".gitattributes"}, {"rfilename": "README.md"}, {"rfilename": "keras_metadata.pb"}, {"rfilename": "saved_model.pb"}, {"rfilename": "variables/variables.data-00000-of-00001"}, {"rfilename": "variables/variables.index"}], "spaces": ["vahidrezanezhad/sbb_binarization_demo"], "createdAt": "2024-04-18T00:28:44.000Z", "inferenceStatus": "not-loaded"}