{"_id": "638de088f467129f49958d66", "id": "501Good/whisper-small-tt", "modelId": "501Good/whisper-small-tt", "author": "501Good", "sha": "edd7fc1a7d017bff2ff3be16e2e8e701c99539dd", "lastModified": "2022-12-19T10:44:44.000Z", "private": false, "disabled": false, "gated": false, "pipeline_tag": "automatic-speech-recognition", "tags": ["transformers", "pytorch", "tensorboard", "whisper", "automatic-speech-recognition", "whisper-event", "tt", "dataset:mozilla-foundation/common_voice_11_0", "license:apache-2.0", "model-index", "endpoints_compatible", "region:us"], "downloads": 1, "library_name": "transformers", "likes": 1, "model-index": [{"name": "Whisper Small Tatar - Kirill Milintsevich", "results": [{"task": {"name": "Automatic Speech Recognition", "type": "automatic-speech-recognition"}, "dataset": {"name": "mozilla-foundation/common_voice_11_0 tt", "type": "mozilla-foundation/common_voice_11_0", "config": "tt", "split": "test", "args": "tt"}, "metrics": [{"name": "Wer", "type": "wer", "value": 29.091166477916197, "verified": false}]}]}], "config": {"architectures": ["WhisperForConditionalGeneration"], "model_type": "whisper", "tokenizer_config": {"bos_token": {"__type": "AddedToken", "content": "<|endoftext|>", "lstrip": false, "normalized": true, "rstrip": false, "single_word": false}, "eos_token": {"__type": "AddedToken", "content": "<|endoftext|>", "lstrip": false, "normalized": true, "rstrip": false, "single_word": false}, "pad_token": null, "unk_token": {"__type": "AddedToken", "content": "", "lstrip": false, "normalized": true, "rstrip": false, "single_word": false}}}, "cardData": {"language": ["tt"], "license": "apache-2.0", "tags": ["whisper-event"], "datasets": ["mozilla-foundation/common_voice_11_0"], "metrics": ["wer"], "model-index": [{"name": "Whisper Small Tatar - Kirill Milintsevich", "results": [{"task": {"name": "Automatic Speech Recognition", "type": "automatic-speech-recognition"}, "dataset": {"name": "mozilla-foundation/common_voice_11_0 tt", "type": "mozilla-foundation/common_voice_11_0", "config": "tt", "split": "test", "args": "tt"}, "metrics": [{"name": "Wer", "type": "wer", "value": 29.091166477916197, "verified": false}]}]}]}, "transformersInfo": {"auto_model": "AutoModelForSpeechSeq2Seq", "pipeline_tag": "automatic-speech-recognition", "processor": "AutoProcessor"}, "siblings": [{"rfilename": ".gitattributes"}, {"rfilename": ".gitignore"}, {"rfilename": "README.md"}, {"rfilename": "added_tokens.json"}, {"rfilename": "config.json"}, {"rfilename": "merges.txt"}, {"rfilename": "normalizer.json"}, {"rfilename": "preprocessor_config.json"}, {"rfilename": "pytorch_model.bin"}, {"rfilename": "runs/Dec17_21-49-29_falcon1/1671306626.5135849/events.out.tfevents.1671306626.falcon1.35204.1"}, {"rfilename": "runs/Dec17_21-49-29_falcon1/events.out.tfevents.1671306626.falcon1.35204.0"}, {"rfilename": "runs/Dec17_21-52-27_falcon1/1671306758.860365/events.out.tfevents.1671306758.falcon1.38547.1"}, {"rfilename": "runs/Dec17_21-52-27_falcon1/events.out.tfevents.1671306758.falcon1.38547.0"}, {"rfilename": "runs/Dec17_22-08-12_falcon1/1671307705.5033438/events.out.tfevents.1671307705.falcon1.46916.1"}, {"rfilename": "runs/Dec17_22-08-12_falcon1/events.out.tfevents.1671307705.falcon1.46916.0"}, {"rfilename": "runs/Dec17_22-13-27_falcon1/1671308019.180465/events.out.tfevents.1671308019.falcon1.1093.1"}, {"rfilename": "runs/Dec17_22-13-27_falcon1/events.out.tfevents.1671308019.falcon1.1093.0"}, {"rfilename": "runs/Dec18_11-49-48_pegasus/1671357000.9449005/events.out.tfevents.1671357000.pegasus.148061.1"}, {"rfilename": "runs/Dec18_11-49-48_pegasus/events.out.tfevents.1671357000.pegasus.148061.0"}, {"rfilename": "special_tokens_map.json"}, {"rfilename": "tokenizer_config.json"}, {"rfilename": "training_args.bin"}, {"rfilename": "vocab.json"}], "spaces": ["501Good/whisper-demo-tt"], "createdAt": "2022-12-05T12:14:00.000Z", "inferenceStatus": "not-loaded"}