{"_id": "639dde4e7145123e0d4ba8cf", "id": "501Good/whisper-tiny-tt", "modelId": "501Good/whisper-tiny-tt", "author": "501Good", "sha": "b7ca9f50fcb0c9e568fe482cc3b475a77f3987b5", "lastModified": "2022-12-20T10:04:59.000Z", "private": false, "disabled": false, "gated": false, "pipeline_tag": "automatic-speech-recognition", "tags": ["transformers", "pytorch", "tensorboard", "whisper", "automatic-speech-recognition", "whisper-event", "tt", "dataset:mozilla-foundation/common_voice_11_0", "license:apache-2.0", "model-index", "endpoints_compatible", "region:us"], "downloads": 2, "library_name": "transformers", "likes": 1, "model-index": [{"name": "Whisper Tiny Tatar - Kirill Milintsevich", "results": [{"task": {"name": "Automatic Speech Recognition", "type": "automatic-speech-recognition"}, "dataset": {"name": "mozilla-foundation/common_voice_11_0 tt", "type": "mozilla-foundation/common_voice_11_0", "config": "tt", "split": "test", "args": "tt"}, "metrics": [{"name": "Wer", "type": "wer", "value": 49.228482446206115, "verified": false}]}]}], "config": {"architectures": ["WhisperForConditionalGeneration"], "model_type": "whisper", "tokenizer_config": {"bos_token": {"__type": "AddedToken", "content": "<|endoftext|>", "lstrip": false, "normalized": true, "rstrip": false, "single_word": false}, "eos_token": {"__type": "AddedToken", "content": "<|endoftext|>", "lstrip": false, "normalized": true, "rstrip": false, "single_word": false}, "pad_token": null, "unk_token": {"__type": "AddedToken", "content": "", "lstrip": false, "normalized": true, "rstrip": false, "single_word": false}}}, "cardData": {"language": ["tt"], "license": "apache-2.0", "tags": ["whisper-event"], "datasets": ["mozilla-foundation/common_voice_11_0"], "metrics": ["wer"], "model-index": [{"name": "Whisper Tiny Tatar - Kirill Milintsevich", "results": [{"task": {"name": "Automatic Speech Recognition", "type": "automatic-speech-recognition"}, "dataset": {"name": "mozilla-foundation/common_voice_11_0 tt", "type": "mozilla-foundation/common_voice_11_0", "config": "tt", "split": "test", "args": "tt"}, "metrics": [{"name": "Wer", "type": "wer", "value": 49.228482446206115, "verified": false}]}]}]}, "transformersInfo": {"auto_model": "AutoModelForSpeechSeq2Seq", "pipeline_tag": "automatic-speech-recognition", "processor": "AutoProcessor"}, "siblings": [{"rfilename": ".gitattributes"}, {"rfilename": ".gitignore"}, {"rfilename": "README.md"}, {"rfilename": "added_tokens.json"}, {"rfilename": "config.json"}, {"rfilename": "merges.txt"}, {"rfilename": "normalizer.json"}, {"rfilename": "preprocessor_config.json"}, {"rfilename": "pytorch_model.bin"}, {"rfilename": "runs/Dec17_15-20-32_e0651ab89c9f/1671290508.2492268/events.out.tfevents.1671290508.e0651ab89c9f.72.1"}, {"rfilename": "runs/Dec17_15-20-32_e0651ab89c9f/events.out.tfevents.1671290508.e0651ab89c9f.72.0"}, {"rfilename": "runs/Dec17_15-22-20_e0651ab89c9f/1671290553.1193323/events.out.tfevents.1671290553.e0651ab89c9f.72.3"}, {"rfilename": "runs/Dec17_15-22-20_e0651ab89c9f/events.out.tfevents.1671290553.e0651ab89c9f.72.2"}, {"rfilename": "runs/Dec17_15-25-54_e0651ab89c9f/1671290778.1912365/events.out.tfevents.1671290778.e0651ab89c9f.72.5"}, {"rfilename": "runs/Dec17_15-25-54_e0651ab89c9f/events.out.tfevents.1671290778.e0651ab89c9f.72.4"}, {"rfilename": "runs/Dec19_15-13-38_falcon1/1671455642.6986372/events.out.tfevents.1671455642.falcon1.21531.1"}, {"rfilename": "runs/Dec19_15-13-38_falcon1/events.out.tfevents.1671455642.falcon1.21531.0"}, {"rfilename": "special_tokens_map.json"}, {"rfilename": "tokenizer_config.json"}, {"rfilename": "training_args.bin"}, {"rfilename": "vocab.json"}], "spaces": [], "createdAt": "2022-12-17T15:20:46.000Z", "inferenceStatus": "not-loaded"}