{"_id": "634d1bf5fe861cc73a2fb804", "id": "51la5/bert-base-sentiment", "modelId": "51la5/bert-base-sentiment", "author": "51la5", "sha": "f2a93a5aead241be4050577114e76e5b498e120c", "lastModified": "2022-10-17T09:14:35.000Z", "private": false, "disabled": false, "gated": false, "pipeline_tag": "text-classification", "tags": ["transformers", "pytorch", "jax", "bert", "text-classification", "autotrain_compatible", "endpoints_compatible", "region:us"], "downloads": 3, "library_name": "transformers", "mask_token": "[MASK]", "widgetData": [{"text": "I like you. I love you"}], "likes": 0, "config": {"architectures": ["BertForSequenceClassification"], "model_type": "bert", "tokenizer_config": {}}, "transformersInfo": {"auto_model": "AutoModelForSequenceClassification", "pipeline_tag": "text-classification", "processor": "AutoTokenizer"}, "siblings": [{"rfilename": ".gitattributes"}, {"rfilename": "README.md"}, {"rfilename": "config.json"}, {"rfilename": "flax_model.msgpack"}, {"rfilename": "log.txt"}, {"rfilename": "pytorch_model.bin"}, {"rfilename": "special_tokens_map.json"}, {"rfilename": "tokenizer_config.json"}, {"rfilename": "train_args.json"}, {"rfilename": "vocab.txt"}], "spaces": [], "createdAt": "2022-10-17T09:10:13.000Z", "inferenceStatus": "not-loaded"}