{"_id": "634d19de68f37ca8fc2b89e9", "id": "51la5/distilbert-base-sentiment", "modelId": "51la5/distilbert-base-sentiment", "author": "51la5", "sha": "dc2429a5a75570db6cc266ca80bbd0b61be4d650", "lastModified": "2022-10-17T09:03:28.000Z", "private": false, "disabled": false, "gated": false, "pipeline_tag": "text-classification", "tags": ["transformers", "pytorch", "tf", "rust", "distilbert", "text-classification", "en", "dataset:sst2", "dataset:glue", "license:apache-2.0", "model-index", "autotrain_compatible", "endpoints_compatible", "region:us"], "downloads": 6, "library_name": "transformers", "mask_token": "[MASK]", "widgetData": [{"text": "I like you. I love you"}], "likes": 2, "model-index": [{"name": "distilbert-base-uncased-finetuned-sst-2-english", "results": [{"task": {"type": "text-classification", "name": "Text Classification"}, "dataset": {"name": "glue", "type": "glue", "config": "sst2", "split": "validation"}, "metrics": [{"name": "Accuracy", "type": "accuracy", "value": 0.9105504587155964, "verified": false}, {"name": "Precision", "type": "precision", "value": 0.8978260869565218, "verified": false}, {"name": "Recall", "type": "recall", "value": 0.9301801801801802, "verified": false}, {"name": "AUC", "type": "auc", "value": 0.9716626673402374, "verified": false}, {"name": "F1", "type": "f1", "value": 0.9137168141592922, "verified": false}, {"name": "loss", "type": "loss", "value": 0.39013850688934326, "verified": false}]}, {"task": {"type": "text-classification", "name": "Text Classification"}, "dataset": {"name": "sst2", "type": "sst2", "config": "default", "split": "train"}, "metrics": [{"name": "Accuracy", "type": "accuracy", "value": 0.9885521685548412, "verified": false}, {"name": "Precision Macro", "type": "precision", "value": 0.9881965062029833, "verified": false}, {"name": "Precision Micro", "type": "precision", "value": 0.9885521685548412, "verified": false}, {"name": "Precision Weighted", "type": "precision", "value": 0.9885639626373408, "verified": false}, {"name": "Recall Macro", "type": "recall", "value": 0.9886145346602994, "verified": false}, {"name": "Recall Micro", "type": "recall", "value": 0.9885521685548412, "verified": false}, {"name": "Recall Weighted", "type": "recall", "value": 0.9885521685548412, "verified": false}, {"name": "F1 Macro", "type": "f1", "value": 0.9884019815052447, "verified": false}, {"name": "F1 Micro", "type": "f1", "value": 0.9885521685548412, "verified": false}, {"name": "F1 Weighted", "type": "f1", "value": 0.9885546181087554, "verified": false}, {"name": "loss", "type": "loss", "value": 0.040652573108673096, "verified": false}]}]}], "config": {"architectures": ["DistilBertForSequenceClassification"], "model_type": "distilbert", "tokenizer_config": {}}, "cardData": {"language": "en", "license": "apache-2.0", "datasets": ["sst2", "glue"], "model-index": [{"name": "distilbert-base-uncased-finetuned-sst-2-english", "results": [{"task": {"type": "text-classification", "name": "Text Classification"}, "dataset": {"name": "glue", "type": "glue", "config": "sst2", "split": "validation"}, "metrics": [{"name": "Accuracy", "type": "accuracy", "value": 0.9105504587155964, "verified": false}, {"name": "Precision", "type": "precision", "value": 0.8978260869565218, "verified": false}, {"name": "Recall", "type": "recall", "value": 0.9301801801801802, "verified": false}, {"name": "AUC", "type": "auc", "value": 0.9716626673402374, "verified": false}, {"name": "F1", "type": "f1", "value": 0.9137168141592922, "verified": false}, {"name": "loss", "type": "loss", "value": 0.39013850688934326, "verified": false}]}, {"task": {"type": "text-classification", "name": "Text Classification"}, "dataset": {"name": "sst2", "type": "sst2", "config": "default", "split": "train"}, "metrics": [{"name": "Accuracy", "type": "accuracy", "value": 0.9885521685548412, "verified": false}, {"name": "Precision Macro", "type": "precision", "value": 0.9881965062029833, "verified": false}, {"name": "Precision Micro", "type": "precision", "value": 0.9885521685548412, "verified": false}, {"name": "Precision Weighted", "type": "precision", "value": 0.9885639626373408, "verified": false}, {"name": "Recall Macro", "type": "recall", "value": 0.9886145346602994, "verified": false}, {"name": "Recall Micro", "type": "recall", "value": 0.9885521685548412, "verified": false}, {"name": "Recall Weighted", "type": "recall", "value": 0.9885521685548412, "verified": false}, {"name": "F1 Macro", "type": "f1", "value": 0.9884019815052447, "verified": false}, {"name": "F1 Micro", "type": "f1", "value": 0.9885521685548412, "verified": false}, {"name": "F1 Weighted", "type": "f1", "value": 0.9885546181087554, "verified": false}, {"name": "loss", "type": "loss", "value": 0.040652573108673096, "verified": false}]}]}]}, "transformersInfo": {"auto_model": "AutoModelForSequenceClassification", "pipeline_tag": "text-classification", "processor": "AutoTokenizer"}, "siblings": [{"rfilename": ".gitattributes"}, {"rfilename": "README.md"}, {"rfilename": "config.json"}, {"rfilename": "map.jpeg"}, {"rfilename": "pytorch_model.bin"}, {"rfilename": "rust_model.ot"}, {"rfilename": "tf_model.h5"}, {"rfilename": "tokenizer_config.json"}, {"rfilename": "vocab.txt"}], "spaces": [], "createdAt": "2022-10-17T09:01:18.000Z", "inferenceStatus": "not-loaded"}