{"_id": "634d0e9235a44e74ce70ca34", "id": "51la5/electra-large-NER", "modelId": "51la5/electra-large-NER", "author": "51la5", "sha": "8a8483559f1a682f51c34edc254c45c3fe26406f", "lastModified": "2022-10-17T08:17:34.000Z", "private": false, "disabled": false, "gated": false, "pipeline_tag": "token-classification", "tags": ["transformers", "pytorch", "electra", "token-classification", "autotrain_compatible", "endpoints_compatible", "region:us"], "downloads": 3, "library_name": "transformers", "mask_token": "[MASK]", "widgetData": [{"text": "My name is Wolfgang and I live in Berlin"}, {"text": "My name is Sarah and I live in London"}, {"text": "My name is Clara and I live in Berkeley, California."}], "likes": 0, "config": {"architectures": ["ElectraForTokenClassification"], "model_type": "electra", "tokenizer_config": {}}, "transformersInfo": {"auto_model": "AutoModelForTokenClassification", "pipeline_tag": "token-classification", "processor": "AutoTokenizer"}, "siblings": [{"rfilename": ".gitattributes"}, {"rfilename": "config.json"}, {"rfilename": "pytorch_model.bin"}, {"rfilename": "tokenizer_config.json"}, {"rfilename": "vocab.txt"}], "spaces": [], "createdAt": "2022-10-17T08:13:06.000Z", "inferenceStatus": "not-loaded"}