{"_id": "634d090b7dcd91675433bd75", "id": "51la5/bert-large-NER", "modelId": "51la5/bert-large-NER", "author": "51la5", "sha": "b4a90b3fc6567396c344881f2ecbc36178ac846d", "lastModified": "2022-10-17T08:03:38.000Z", "private": false, "disabled": false, "gated": false, "pipeline_tag": "token-classification", "tags": ["transformers", "pytorch", "tf", "jax", "bert", "token-classification", "en", "dataset:conll2003", "arxiv:1810.04805", "license:mit", "autotrain_compatible", "endpoints_compatible", "region:us"], "downloads": 3, "library_name": "transformers", "mask_token": "[MASK]", "widgetData": [{"text": "My name is Wolfgang and I live in Berlin"}, {"text": "My name is Sarah and I live in London"}, {"text": "My name is Clara and I live in Berkeley, California."}], "likes": 0, "model-index": null, "config": {"architectures": ["BertForTokenClassification"], "model_type": "bert", "tokenizer_config": {}}, "cardData": {"language": "en", "datasets": ["conll2003"], "license": "mit"}, "transformersInfo": {"auto_model": "AutoModelForTokenClassification", "pipeline_tag": "token-classification", "processor": "AutoTokenizer"}, "siblings": [{"rfilename": ".gitattributes"}, {"rfilename": "README.md"}, {"rfilename": "config.json"}, {"rfilename": "flax_model.msgpack"}, {"rfilename": "pytorch_model.bin"}, {"rfilename": "special_tokens_map.json"}, {"rfilename": "tf_model.h5"}, {"rfilename": "tokenizer_config.json"}, {"rfilename": "vocab.txt"}], "spaces": [], "createdAt": "2022-10-17T07:49:31.000Z", "inferenceStatus": "not-loaded"}