{"_id": "637e970e0fa26740e54ed73c", "id": "51la5/distilBART-summary", "modelId": "51la5/distilBART-summary", "author": "51la5", "sha": "563a8b19f5d83d732691ff50d742643bf9ffa7c0", "lastModified": "2022-11-23T22:03:29.000Z", "private": false, "disabled": false, "gated": false, "pipeline_tag": "feature-extraction", "tags": ["transformers", "pytorch", "bart", "feature-extraction", "endpoints_compatible", "region:us"], "downloads": 2, "library_name": "transformers", "mask_token": "<mask>", "likes": 0, "config": {"architectures": ["BartModel"], "model_type": "bart"}, "transformersInfo": {"auto_model": "AutoModel", "pipeline_tag": "feature-extraction", "processor": "AutoTokenizer"}, "siblings": [{"rfilename": ".gitattributes"}, {"rfilename": "config.json"}, {"rfilename": "pytorch_model.bin"}], "spaces": [], "createdAt": "2022-11-23T21:56:30.000Z", "inferenceStatus": "not-loaded"}