{"_id": "637e99046df7e8f7df755751", "id": "51la5/T5-summary", "modelId": "51la5/T5-summary", "author": "51la5", "sha": "de3bd142f4a606e2e503cfc08f216ffb63434821", "lastModified": "2022-11-23T22:06:09.000Z", "private": false, "disabled": false, "gated": false, "pipeline_tag": "feature-extraction", "tags": ["transformers", "pytorch", "t5", "feature-extraction", "text-generation-inference", "endpoints_compatible", "region:us"], "downloads": 3, "library_name": "transformers", "likes": 1, "config": {"architectures": ["T5Model"], "model_type": "t5"}, "transformersInfo": {"auto_model": "AutoModel", "pipeline_tag": "feature-extraction", "processor": "AutoTokenizer"}, "siblings": [{"rfilename": ".gitattributes"}, {"rfilename": "config.json"}, {"rfilename": "pytorch_model.bin"}], "spaces": [], "createdAt": "2022-11-23T22:04:52.000Z", "inferenceStatus": "not-loaded"}