{"_id": "664585dd77b7ed4bc766c5c3", "id": "52101007-HuynhQuocTruong/vi-correction-t5", "modelId": "52101007-HuynhQuocTruong/vi-correction-t5", "author": "52101007-HuynhQuocTruong", "sha": "08dfc5257e13cc6de263f46937592834daf1482a", "lastModified": "2024-05-16T16:51:35.000Z", "private": false, "disabled": false, "gated": false, "pipeline_tag": "text2text-generation", "tags": ["transformers", "tensorboard", "safetensors", "t5", "text2text-generation", "generated_from_trainer", "base_model:t5-base", "license:apache-2.0", "autotrain_compatible", "text-generation-inference", "endpoints_compatible", "region:us"], "downloads": 2, "library_name": "transformers", "likes": 0, "model-index": [{"name": "vi-correction-t5", "results": []}], "config": {"architectures": ["T5ForConditionalGeneration"], "model_type": "t5", "tokenizer_config": {"eos_token": "</s>", "pad_token": "<pad>", "unk_token": "<unk>"}}, "cardData": {"license": "apache-2.0", "base_model": "t5-base", "tags": ["text2text-generation", "generated_from_trainer"], "metrics": ["sacrebleu"], "model-index": [{"name": "vi-correction-t5", "results": []}]}, "transformersInfo": {"auto_model": "AutoModelForSeq2SeqLM", "pipeline_tag": "text2text-generation", "processor": "AutoTokenizer"}, "siblings": [{"rfilename": ".gitattributes"}, {"rfilename": "README.md"}, {"rfilename": "added_tokens.json"}, {"rfilename": "config.json"}, {"rfilename": "generation_config.json"}, {"rfilename": "model.safetensors"}, {"rfilename": "runs/May16_12-37-21_ccddb09c0488/events.out.tfevents.1715863042.ccddb09c0488.287.0"}, {"rfilename": "runs/May16_12-39-21_ccddb09c0488/events.out.tfevents.1715863162.ccddb09c0488.1952.0"}, {"rfilename": "runs/May16_13-32-38_ccddb09c0488/events.out.tfevents.1715866359.ccddb09c0488.1952.1"}, {"rfilename": "runs/May16_13-59-00_a84f760c83c4/events.out.tfevents.1715867941.a84f760c83c4.210.0"}, {"rfilename": "runs/May16_14-23-53_a84f760c83c4/events.out.tfevents.1715869434.a84f760c83c4.7034.0"}, {"rfilename": "runs/May16_15-58-34_66e3db6fc9ff/events.out.tfevents.1715875115.66e3db6fc9ff.2789.0"}, {"rfilename": "special_tokens_map.json"}, {"rfilename": "spiece.model"}, {"rfilename": "tokenizer_config.json"}, {"rfilename": "training_args.bin"}], "spaces": [], "createdAt": "2024-05-16T04:04:45.000Z", "safetensors": {"parameters": {"F32": 222903552}, "total": 222903552}, "inferenceStatus": "not-loaded"}