{"_id": "6645abcf780d46f274caff01", "id": "52100987-DangMinhPhong/vietnamese-correction-v2", "modelId": "52100987-DangMinhPhong/vietnamese-correction-v2", "author": "52100987-DangMinhPhong", "sha": "f0ea699332fea0afb2dab0421df7b7f0913c878e", "lastModified": "2024-05-16T06:46:39.000Z", "private": false, "disabled": false, "gated": false, "tags": ["region:us"], "downloads": 0, "likes": 0, "siblings": [{"rfilename": ".gitattributes"}], "spaces": [], "createdAt": "2024-05-16T06:46:39.000Z", "inferenceStatus": "not-loaded"}