{"_id": "6648703d9e82dfd4a3c8696b", "id": "52100303-TranPhuocSang/T5-Large_Fine-tuning-Text-Summarization", "modelId": "52100303-TranPhuocSang/T5-Large_Fine-tuning-Text-Summarization", "author": "52100303-TranPhuocSang", "sha": "42d3c1c0c968a94e0b1f6261c2d4705f662d6355", "lastModified": "2024-05-18T09:09:17.000Z", "private": false, "disabled": false, "gated": false, "tags": ["region:us"], "downloads": 0, "likes": 0, "siblings": [{"rfilename": ".gitattributes"}], "spaces": [], "createdAt": "2024-05-18T09:09:17.000Z", "inferenceStatus": "not-loaded"}