{"_id": "664712a8275fd97957e36748", "id": "52100303-TranPhuocSang/Vistral-7B-Chat", "modelId": "52100303-TranPhuocSang/Vistral-7B-Chat", "author": "52100303-TranPhuocSang", "sha": "e8997c0479a0a3187ff9dcb991fce38a51b553fe", "lastModified": "2024-05-17T16:47:36.000Z", "private": false, "disabled": false, "gated": false, "tags": ["peft", "safetensors", "arxiv:1910.09700", "base_model:Viet-Mistral/Vistral-7B-Chat", "region:us"], "downloads": 2, "library_name": "peft", "likes": 0, "model-index": null, "config": {"tokenizer_config": {"bos_token": "<s>", "chat_template": "{% if messages[0]['role'] == 'system' %}{% set loop_messages = messages[1:] %}{% set system_message = messages[0]['content'] %}{% else %}{% set loop_messages = messages %}{% set system_message = false %}{% endif %}{% for message in loop_messages %}{% if (message['role'] == 'user') != (loop.index0 % 2 == 0) %}{{ raise_exception('Conversation roles must alternate user/assistant/user/assistant/...') }}{% endif %}{% if loop.index0 == 0 and system_message != false %}{% set content = '<<SYS>>\\n' + system_message + '\\n<</SYS>>\\n\\n' + message['content'] %}{% else %}{% set content = message['content'] %}{% endif %}{% if message['role'] == 'user' %}{{ bos_token + '[INST] ' + content.strip() + ' [/INST]' }}{% elif message['role'] == 'assistant' %}{{ ' '  + content.strip() + ' ' + eos_token }}{% endif %}{% endfor %}", "eos_token": "</s>", "pad_token": "</s>", "unk_token": "<unk>", "use_default_system_prompt": false}, "peft": {"base_model_name_or_path": "Viet-Mistral/Vistral-7B-Chat", "task_type": "CAUSAL_LM"}}, "cardData": {"library_name": "peft", "base_model": "Viet-Mistral/Vistral-7B-Chat"}, "siblings": [{"rfilename": ".gitattributes"}, {"rfilename": "README.md"}, {"rfilename": "Vistral-7B-Finetune-Chat/README.md"}, {"rfilename": "Vistral-7B-Finetune-Chat/adapter_config.json"}, {"rfilename": "Vistral-7B-Finetune-Chat/adapter_model.safetensors"}, {"rfilename": "Vistral-7B-Finetune-Chat/added_tokens.json"}, {"rfilename": "Vistral-7B-Finetune-Chat/special_tokens_map.json"}, {"rfilename": "Vistral-7B-Finetune-Chat/tokenizer.json"}, {"rfilename": "Vistral-7B-Finetune-Chat/tokenizer.model"}, {"rfilename": "Vistral-7B-Finetune-Chat/tokenizer_config.json"}, {"rfilename": "adapter_config.json"}, {"rfilename": "adapter_model.safetensors"}, {"rfilename": "added_tokens.json"}, {"rfilename": "special_tokens_map.json"}, {"rfilename": "tokenizer.json"}, {"rfilename": "tokenizer.model"}, {"rfilename": "tokenizer_config.json"}, {"rfilename": "tokens/added_tokens.json"}, {"rfilename": "tokens/special_tokens_map.json"}, {"rfilename": "tokens/tokenizer.json"}, {"rfilename": "tokens/tokenizer.model"}, {"rfilename": "tokens/tokenizer_config.json"}], "spaces": [], "createdAt": "2024-05-17T08:17:44.000Z", "inferenceStatus": "not-loaded"}