{"_id": "642e6a9d5e76acc792c77028", "id": "526christian/526Mix-AnimeMac", "modelId": "526christian/526Mix-AnimeMac", "author": "526christian", "sha": "b81061ac9b5cd24f1b98cc315d7d33cd63548f5a", "lastModified": "2023-08-06T04:15:01.000Z", "private": false, "disabled": false, "gated": false, "tags": ["license:creativeml-openrail-m", "region:us"], "downloads": 0, "likes": 1, "model-index": null, "cardData": {"license": "creativeml-openrail-m"}, "siblings": [{"rfilename": ".gitattributes"}, {"rfilename": "526Mix-Animated-Disco-0.4-Moxin-0.2.safetensors"}, {"rfilename": "526Mix-Animated-V1.1-test-1.safetensors"}, {"rfilename": "526Mix-Animated-V1.1-test-11-Aesthetic.safetensors"}, {"rfilename": "526Mix-Animated-V1.1-test-15-or-something.safetensors"}, {"rfilename": "526Mix-Animated-V1.1-test12-Aesthetic.safetensors"}, {"rfilename": "526Mix-Anime-unreleased.safetensors"}, {"rfilename": "526Mix-AnimeMac.safetensors"}, {"rfilename": "526Mix-AnimeMac0.30test3.safetensors"}, {"rfilename": "526Mix-AnimeMactest2.safetensors"}, {"rfilename": "526Mix-V1.4.5-Aurora-offset-0.3-norm.safetensors"}, {"rfilename": "README.md"}], "spaces": [], "createdAt": "2023-04-06T06:45:49.000Z", "inferenceStatus": "not-loaded"}