{"_id": "65b7305500670ff66e0f9be8", "id": "5456es/esm2_t12_35M_UR50D-finetuned-localization", "modelId": "5456es/esm2_t12_35M_UR50D-finetuned-localization", "author": "5456es", "sha": "f5a0576572fe1315a015b6206196a066075722c8", "lastModified": "2024-01-29T08:20:40.000Z", "private": false, "disabled": false, "gated": false, "pipeline_tag": "fill-mask", "tags": ["transformers", "pytorch", "safetensors", "esm", "fill-mask", "autotrain_compatible", "endpoints_compatible", "region:us"], "downloads": 0, "library_name": "transformers", "widgetData": [{"text": "Paris is the <mask> of France."}, {"text": "The goal of life is <mask>."}], "likes": 0, "config": {"architectures": ["EsmForMaskedLM"], "model_type": "esm", "tokenizer_config": {}}, "transformersInfo": {"auto_model": "AutoModelForMaskedLM", "pipeline_tag": "fill-mask", "processor": "AutoTokenizer"}, "siblings": [{"rfilename": ".gitattributes"}, {"rfilename": "config.json"}, {"rfilename": "model.safetensors"}, {"rfilename": "pytorch_model.bin"}, {"rfilename": "special_tokens_map.json"}, {"rfilename": "tokenizer_config.json"}, {"rfilename": "vocab.txt"}], "spaces": [], "createdAt": "2024-01-29T04:57:57.000Z", "safetensors": {"parameters": {"I64": 1026, "F32": 33994018}, "total": 33995044}, "inferenceStatus": "not-loaded"}