{"_id": "64f6ea937c9c53d083800833", "id": "54data/llama_2_ko_7b_wiki_QA_v2", "modelId": "54data/llama_2_ko_7b_wiki_QA_v2", "author": "54data", "sha": "6b95c2d023c2922ddd7200b42a548b87a353802c", "lastModified": "2023-09-05T08:45:08.000Z", "private": false, "disabled": false, "gated": false, "tags": ["region:us"], "downloads": 0, "likes": 0, "config": {"tokenizer_config": {"bos_token": {"__type": "AddedToken", "content": "<s>", "lstrip": false, "normalized": false, "rstrip": false, "single_word": false}, "eos_token": {"__type": "AddedToken", "content": "</s>", "lstrip": false, "normalized": false, "rstrip": false, "single_word": false}, "pad_token": null, "unk_token": {"__type": "AddedToken", "content": "<unk>", "lstrip": false, "normalized": false, "rstrip": false, "single_word": false}, "use_default_system_prompt": true}}, "siblings": [{"rfilename": ".gitattributes"}, {"rfilename": "special_tokens_map.json"}, {"rfilename": "tokenizer.json"}, {"rfilename": "tokenizer_config.json"}], "spaces": [], "createdAt": "2023-09-05T08:45:07.000Z", "inferenceStatus": "not-loaded"}