{"_id": "6537b35cfa9f02750d374856", "id": "54data/distilbert-base-uncased-distilled-clinc", "modelId": "54data/distilbert-base-uncased-distilled-clinc", "author": "54data", "sha": "7f0e98cccab95cf84dd7df78982b74a1bf9038c3", "lastModified": "2023-10-24T12:06:52.000Z", "private": false, "disabled": false, "gated": false, "tags": ["region:us"], "downloads": 0, "likes": 0, "siblings": [{"rfilename": ".gitattributes"}], "spaces": [], "createdAt": "2023-10-24T12:06:52.000Z", "inferenceStatus": "not-loaded"}