{"_id": "6537932401281b54422e6d4f", "id": "54data/distilbert-base-uncased-finetuned-clinc", "modelId": "54data/distilbert-base-uncased-finetuned-clinc", "author": "54data", "sha": "a62f00661594e923e06ccc4091da18a645ce56e0", "lastModified": "2023-10-24T09:55:31.000Z", "private": false, "disabled": false, "gated": false, "pipeline_tag": "text-classification", "tags": ["transformers", "pytorch", "distilbert", "text-classification", "generated_from_trainer", "dataset:clinc_oos", "base_model:distilbert-base-uncased", "license:apache-2.0", "model-index", "autotrain_compatible", "endpoints_compatible", "region:us"], "downloads": 3, "library_name": "transformers", "mask_token": "[MASK]", "widgetData": [{"text": "I like you. I love you"}], "likes": 0, "model-index": [{"name": "distilbert-base-uncased-finetuned-clinc", "results": [{"task": {"name": "Text Classification", "type": "text-classification"}, "dataset": {"name": "clinc_oos", "type": "clinc_oos", "config": "plus", "split": "validation", "args": "plus"}, "metrics": [{"name": "Accuracy", "type": "accuracy", "value": 0.9164516129032259, "verified": false}]}]}], "config": {"architectures": ["DistilBertForSequenceClassification"], "model_type": "distilbert", "tokenizer_config": {"cls_token": "[CLS]", "mask_token": "[MASK]", "pad_token": "[PAD]", "sep_token": "[SEP]", "unk_token": "[UNK]"}}, "cardData": {"license": "apache-2.0", "base_model": "distilbert-base-uncased", "tags": ["generated_from_trainer"], "datasets": ["clinc_oos"], "metrics": ["accuracy"], "model-index": [{"name": "distilbert-base-uncased-finetuned-clinc", "results": [{"task": {"name": "Text Classification", "type": "text-classification"}, "dataset": {"name": "clinc_oos", "type": "clinc_oos", "config": "plus", "split": "validation", "args": "plus"}, "metrics": [{"name": "Accuracy", "type": "accuracy", "value": 0.9164516129032259, "verified": false}]}]}]}, "transformersInfo": {"auto_model": "AutoModelForSequenceClassification", "pipeline_tag": "text-classification", "processor": "AutoTokenizer"}, "siblings": [{"rfilename": ".gitattributes"}, {"rfilename": "README.md"}, {"rfilename": "config.json"}, {"rfilename": "pytorch_model.bin"}, {"rfilename": "special_tokens_map.json"}, {"rfilename": "tokenizer.json"}, {"rfilename": "tokenizer_config.json"}, {"rfilename": "training_args.bin"}, {"rfilename": "vocab.txt"}], "spaces": [], "createdAt": "2023-10-24T09:49:24.000Z", "inferenceStatus": "not-loaded"}