{"_id": "65e1db3169ba2a09582bf7b9", "id": "580layan/git-base-pokemon", "modelId": "580layan/git-base-pokemon", "author": "580layan", "sha": "60668f08b82b554ae4eb126c79855b8692d5b4c9", "lastModified": "2024-03-28T19:03:59.000Z", "private": false, "disabled": false, "gated": false, "pipeline_tag": "text-generation", "tags": ["transformers", "tensorboard", "safetensors", "git", "text-generation", "autotrain_compatible", "endpoints_compatible", "region:us"], "downloads": 1, "library_name": "transformers", "widgetData": [{"text": "My name is Julien and I like to"}, {"text": "My name is Thomas and my main"}, {"text": "My name is Mariama, my favorite"}, {"text": "My name is Clara and I am"}, {"text": "My name is Lewis and I like to"}, {"text": "My name is Merve and my favorite"}, {"text": "My name is Teven and I am"}, {"text": "Once upon a time,"}], "likes": 0, "config": {"architectures": ["GitForCausalLM"], "model_type": "git"}, "transformersInfo": {"auto_model": "AutoModelForCausalLM", "pipeline_tag": "text-generation", "processor": "AutoProcessor"}, "siblings": [{"rfilename": ".gitattributes"}, {"rfilename": "config.json"}, {"rfilename": "model.safetensors"}, {"rfilename": "runs/Mar01_14-44-26_7d79aac2fe79/events.out.tfevents.1709304277.7d79aac2fe79.265.0"}, {"rfilename": "runs/Mar02_13-50-14_da3903e7852a/events.out.tfevents.1709387421.da3903e7852a.226.0"}, {"rfilename": "runs/Mar28_18-30-32_4fe3dd895b59/events.out.tfevents.1711650643.4fe3dd895b59.349.0"}, {"rfilename": "runs/Mar28_18-49-18_4fe3dd895b59/events.out.tfevents.1711651765.4fe3dd895b59.349.1"}, {"rfilename": "runs/Mar28_18-49-18_4fe3dd895b59/events.out.tfevents.1711652532.4fe3dd895b59.349.2"}, {"rfilename": "training_args.bin"}], "spaces": [], "createdAt": "2024-03-01T13:42:09.000Z", "safetensors": {"parameters": {"F32": 176619066}, "total": 176619066}, "inferenceStatus": "not-loaded"}