{"_id": "64191faafc39978e5fc12c97", "id": "58AILab/wenet_efficient_conformer_librispeech_v1", "modelId": "58AILab/wenet_efficient_conformer_librispeech_v1", "author": "58AILab", "sha": "b2a97836419794a05214a855b6b730f89386b52a", "lastModified": "2023-03-21T03:55:37.000Z", "private": false, "disabled": false, "gated": false, "pipeline_tag": "automatic-speech-recognition", "tags": ["automatic-speech-recognition", "en", "zh", "license:apache-2.0", "region:us"], "downloads": 0, "likes": 2, "model-index": null, "cardData": {"license": "apache-2.0", "language": ["en", "zh"], "metrics": ["cer"], "pipeline_tag": "automatic-speech-recognition"}, "siblings": [{"rfilename": ".gitattributes"}, {"rfilename": "README.md"}, {"rfilename": "decode.sh"}, {"rfilename": "final.pt"}, {"rfilename": "global_cmvn"}, {"rfilename": "test_test_clean/cer_text_avg20_attention_-1.txt"}, {"rfilename": "test_test_clean/cer_text_avg20_attention_16.txt"}, {"rfilename": "test_test_clean/cer_text_avg20_attention_18.txt"}, {"rfilename": "test_test_clean/cer_text_avg20_attention_rescoring_-1.txt"}, {"rfilename": "test_test_clean/cer_text_avg20_attention_rescoring_16.txt"}, {"rfilename": "test_test_clean/cer_text_avg20_attention_rescoring_18.txt"}, {"rfilename": "test_test_clean/cer_text_avg20_ctc_greedy_search_-1.txt"}, {"rfilename": "test_test_clean/cer_text_avg20_ctc_greedy_search_16.txt"}, {"rfilename": "test_test_clean/cer_text_avg20_ctc_greedy_search_18.txt"}, {"rfilename": "test_test_clean/cer_text_avg20_ctc_prefix_beam_search_-1.txt"}, {"rfilename": "test_test_clean/cer_text_avg20_ctc_prefix_beam_search_16.txt"}, {"rfilename": "test_test_clean/cer_text_avg20_ctc_prefix_beam_search_18.txt"}, {"rfilename": "test_test_other/cer_text_avg20_attention_-1.txt"}, {"rfilename": "test_test_other/cer_text_avg20_attention_16.txt"}, {"rfilename": "test_test_other/cer_text_avg20_attention_18.txt"}, {"rfilename": "test_test_other/cer_text_avg20_attention_rescoring_-1.txt"}, {"rfilename": "test_test_other/cer_text_avg20_attention_rescoring_16.txt"}, {"rfilename": "test_test_other/cer_text_avg20_attention_rescoring_18.txt"}, {"rfilename": "test_test_other/cer_text_avg20_ctc_greedy_search_-1.txt"}, {"rfilename": "test_test_other/cer_text_avg20_ctc_greedy_search_16.txt"}, {"rfilename": "test_test_other/cer_text_avg20_ctc_greedy_search_18.txt"}, {"rfilename": "test_test_other/cer_text_avg20_ctc_prefix_beam_search_-1.txt"}, {"rfilename": "test_test_other/cer_text_avg20_ctc_prefix_beam_search_16.txt"}, {"rfilename": "test_test_other/cer_text_avg20_ctc_prefix_beam_search_18.txt"}, {"rfilename": "train.yaml"}, {"rfilename": "train_960_unigram5000.model"}, {"rfilename": "train_960_unigram5000_units.txt"}, {"rfilename": "wer.sh"}], "spaces": [], "createdAt": "2023-03-21T03:08:26.000Z", "inferenceStatus": "not-loaded"}