{"_id": "6417d2edb0c64fa25a12e935", "id": "58AILab/wenet_efficient_conformer_aishell_v1", "modelId": "58AILab/wenet_efficient_conformer_aishell_v1", "author": "58AILab", "sha": "c95787a4e62fe9c49d7ac106a05378a2bd9bc08a", "lastModified": "2023-07-18T01:48:55.000Z", "private": false, "disabled": false, "gated": false, "pipeline_tag": "automatic-speech-recognition", "tags": ["automatic-speech-recognition", "en", "zh", "license:apache-2.0", "region:us"], "downloads": 0, "likes": 4, "model-index": null, "cardData": {"license": "apache-2.0", "language": ["en", "zh"], "metrics": ["cer"], "pipeline_tag": "automatic-speech-recognition"}, "siblings": [{"rfilename": ".gitattributes"}, {"rfilename": "README.md"}, {"rfilename": "final.pt"}, {"rfilename": "global_cmvn"}, {"rfilename": "model_repo_feature_extractor/model.py"}, {"rfilename": "test_attention_rescoring/cer_chunk-1.txt"}, {"rfilename": "test_attention_rescoring/text_attention_rescoring_-1"}, {"rfilename": "train.yaml"}, {"rfilename": "words.txt"}], "spaces": [], "createdAt": "2023-03-20T03:28:45.000Z", "inferenceStatus": "not-loaded"}