{"_id": "6548426a4d1931dc9326f98b", "id": "594zyc/m2f-coco-original", "modelId": "594zyc/m2f-coco-original", "author": "594zyc", "sha": "62e445b7b157bdbd6971d67ff4c88ec3ce8c91bb", "lastModified": "2023-11-06T01:33:58.000Z", "private": false, "disabled": false, "gated": false, "tags": ["transformers", "safetensors", "mask2former", "endpoints_compatible", "region:us"], "downloads": 1, "library_name": "transformers", "likes": 0, "config": {"architectures": ["Mask2FormerForUniversalSegmentation"], "model_type": "mask2former"}, "transformersInfo": {"auto_model": "Mask2FormerForUniversalSegmentation", "processor": "AutoImageProcessor"}, "siblings": [{"rfilename": ".gitattributes"}, {"rfilename": "config.json"}, {"rfilename": "model.safetensors"}, {"rfilename": "preprocessor_config.json"}], "spaces": [], "createdAt": "2023-11-06T01:33:30.000Z", "safetensors": {"parameters": {"I64": 497664, "F32": 215535744}, "total": 216033408}, "inferenceStatus": "not-loaded"}