{"_id": "63e6765063037c7d96157a0d", "id": "5aket/foodia", "modelId": "5aket/foodia", "author": "5aket", "sha": "f34fa002d112dacdbb6975fc69977cf5a1988c10", "lastModified": "2023-02-11T04:02:04.000Z", "private": false, "disabled": false, "gated": false, "pipeline_tag": "image-classification", "tags": ["keras", "tf-keras", "image-classification", "en", "dataset:food101", "license:openrail", "region:us"], "downloads": 1, "library_name": "keras", "likes": 0, "model-index": null, "config": {}, "cardData": {"license": "openrail", "datasets": ["food101"], "language": ["en"], "metrics": ["accuracy"], "library_name": "keras", "pipeline_tag": "image-classification"}, "siblings": [{"rfilename": ".gitattributes"}, {"rfilename": "README.md"}, {"rfilename": "config.json"}, {"rfilename": "keras_metadata.pb"}, {"rfilename": "saved_model.pb"}, {"rfilename": "variables/variables.data-00000-of-00001"}, {"rfilename": "variables/variables.index"}], "spaces": [], "createdAt": "2023-02-10T16:52:32.000Z", "inferenceStatus": "not-loaded"}