{"_id": "6621de91f839ef85fbd71908", "id": "5CD-AI/visobert-14gb-corpus", "modelId": "5CD-AI/visobert-14gb-corpus", "author": "5CD-AI", "sha": "b4d6557d43dbffe1faf021bba0a2af352764bc6d", "lastModified": "2024-06-05T08:32:40.000Z", "private": false, "disabled": false, "gated": false, "pipeline_tag": "fill-mask", "tags": ["transformers", "safetensors", "xlm-roberta", "fill-mask", "autotrain_compatible", "endpoints_compatible", "region:us"], "downloads": 158, "library_name": "transformers", "mask_token": "<mask>", "widgetData": [{"text": "shop l\u00e0m \u0103n nh\u01b0 c\u00e1i <mask>"}, {"text": "hag t\u1eeb Qu\u1ea3ng <mask> k\u1ef1c n\u00e9t"}, {"text": "Set xinh qu\u00e1, <mask> b\u00e8o nh\u00e8o"}, {"text": "\u0103n n\u00f3i x\u00e0 <mask>"}], "likes": 54, "model-index": null, "config": {"architectures": ["XLMRobertaForMaskedLM"], "model_type": "xlm-roberta", "tokenizer_config": {"bos_token": "<s>", "cls_token": "<s>", "eos_token": "</s>", "mask_token": "<mask>", "pad_token": "<pad>", "sep_token": "</s>", "unk_token": "<unk>"}}, "cardData": {"library_name": "transformers", "tags": [], "pipeline_tag": "fill-mask", "widget": [{"text": "shop l\u00e0m \u0103n nh\u01b0 c\u00e1i <mask>"}, {"text": "hag t\u1eeb Qu\u1ea3ng <mask> k\u1ef1c n\u00e9t"}, {"text": "Set xinh qu\u00e1, <mask> b\u00e8o nh\u00e8o"}, {"text": "\u0103n n\u00f3i x\u00e0 <mask>"}]}, "transformersInfo": {"auto_model": "AutoModelForMaskedLM", "pipeline_tag": "fill-mask", "processor": "AutoTokenizer"}, "siblings": [{"rfilename": ".gitattributes"}, {"rfilename": "README.md"}, {"rfilename": "config.json"}, {"rfilename": "model.safetensors"}, {"rfilename": "sentencepiece.bpe.model"}, {"rfilename": "special_tokens_map.json"}, {"rfilename": "tokenizer.json"}, {"rfilename": "tokenizer_config.json"}], "spaces": [], "createdAt": "2024-04-19T03:01:37.000Z", "safetensors": {"parameters": {"F32": 97582492}, "total": 97582492}, "inferenceStatus": "not-loaded"}