{"_id": "64e24df193103b4537be68fe", "id": "5Elza5/donut_letter_date_number_extraction", "modelId": "5Elza5/donut_letter_date_number_extraction", "author": "5Elza5", "sha": "fffff3bad2493e8c1ecc4cad9324463b245127bf", "lastModified": "2023-08-20T17:40:56.000Z", "private": false, "disabled": false, "gated": false, "tags": ["transformers", "pytorch", "tensorboard", "donut", "endpoints_compatible", "region:us"], "downloads": 0, "library_name": "transformers", "likes": 0, "config": {"architectures": ["DonutModel"], "model_type": "donut", "tokenizer_config": {"bos_token": "<s>", "cls_token": "<s>", "eos_token": "</s>", "mask_token": {"__type": "AddedToken", "content": "<mask>", "lstrip": true, "normalized": true, "rstrip": false, "single_word": false}, "pad_token": "<pad>", "sep_token": "</s>", "unk_token": "<unk>"}}, "transformersInfo": {"auto_model": "AutoModel"}, "siblings": [{"rfilename": ".gitattributes"}, {"rfilename": "README.md"}, {"rfilename": "added_tokens.json"}, {"rfilename": "artifacts.ckpt"}, {"rfilename": "config.json"}, {"rfilename": "config.yaml"}, {"rfilename": "events.out.tfevents.1692157542.3720eacfb3e8.2795.0"}, {"rfilename": "hparams.yaml"}, {"rfilename": "pytorch_model.bin"}, {"rfilename": "sentencepiece.bpe.model"}, {"rfilename": "special_tokens_map.json"}, {"rfilename": "tokenizer_config.json"}], "spaces": [], "createdAt": "2023-08-20T17:31:29.000Z", "inferenceStatus": "not-loaded"}