{"_id": "65dcffcc7a14b83ee0c8d085", "id": "5h15h/phi-2-beer", "modelId": "5h15h/phi-2-beer", "author": "5h15h", "sha": "0af18a71e12a4df858682c872468b0162d3e398e", "lastModified": "2024-02-27T02:15:18.000Z", "private": false, "disabled": false, "gated": false, "tags": ["peft", "safetensors", "trl", "sft", "generated_from_trainer", "base_model:microsoft/phi-2", "license:mit", "region:us"], "downloads": 0, "library_name": "peft", "likes": 0, "model-index": [{"name": "phi-2-beer", "results": []}], "config": {"tokenizer_config": {"bos_token": "<|endoftext|>", "eos_token": "<|endoftext|>", "pad_token": "<|endoftext|>", "unk_token": "<|endoftext|>"}, "peft": {"base_model_name_or_path": "microsoft/phi-2", "task_type": "CAUSAL_LM"}}, "cardData": {"license": "mit", "library_name": "peft", "tags": ["trl", "sft", "generated_from_trainer"], "base_model": "microsoft/phi-2", "model-index": [{"name": "phi-2-beer", "results": []}]}, "siblings": [{"rfilename": ".gitattributes"}, {"rfilename": "README.md"}, {"rfilename": "adapter_config.json"}, {"rfilename": "adapter_model.safetensors"}, {"rfilename": "added_tokens.json"}, {"rfilename": "merges.txt"}, {"rfilename": "special_tokens_map.json"}, {"rfilename": "tokenizer.json"}, {"rfilename": "tokenizer_config.json"}, {"rfilename": "training_args.bin"}, {"rfilename": "vocab.json"}], "spaces": [], "createdAt": "2024-02-26T21:17:00.000Z", "inferenceStatus": "not-loaded"}