{"_id": "657056664967611bba48c6f9", "id": "5h4dy/falcon-1b-jpw-faq3", "modelId": "5h4dy/falcon-1b-jpw-faq3", "author": "5h4dy", "sha": "b872bce5f05431cdb703dad68fcf71d8554b5637", "lastModified": "2023-12-06T11:09:50.000Z", "private": false, "disabled": false, "gated": false, "tags": ["region:us"], "downloads": 0, "likes": 0, "siblings": [{"rfilename": ".gitattributes"}, {"rfilename": "adapter_config.json"}, {"rfilename": "adapter_model.bin"}], "spaces": [], "createdAt": "2023-12-06T11:09:26.000Z", "inferenceStatus": "not-loaded"}