{"_id": "66280da48ea9b1bfbb4d8c60", "id": "5hawon/whisper-small-finetuned", "modelId": "5hawon/whisper-small-finetuned", "author": "5hawon", "sha": "696f955ab0a13bc13419ec74784400bf86f11c08", "lastModified": "2024-04-23T19:36:13.000Z", "private": false, "disabled": false, "gated": false, "tags": ["license:apache-2.0", "region:us"], "downloads": 0, "likes": 0, "model-index": null, "cardData": {"license": "apache-2.0"}, "siblings": [{"rfilename": ".gitattributes"}, {"rfilename": "README.md"}], "spaces": [], "createdAt": "2024-04-23T19:36:04.000Z", "inferenceStatus": "not-loaded"}