{"_id": "664594f27eebfc1c76bc5753", "id": "5hunshun/sd-class-butterflies-32", "modelId": "5hunshun/sd-class-butterflies-32", "author": "5hunshun", "sha": "f7646edac3ca67a60038633b2e6e2ac894af47da", "lastModified": "2024-05-16T05:09:10.000Z", "private": false, "disabled": false, "gated": false, "pipeline_tag": "unconditional-image-generation", "tags": ["diffusers", "safetensors", "pytorch", "unconditional-image-generation", "diffusion-models-class", "license:mit", "diffusers:DDPMPipeline", "region:us"], "downloads": 14, "library_name": "diffusers", "likes": 0, "model-index": null, "config": {"diffusers": {"_class_name": "DDPMPipeline"}}, "cardData": {"license": "mit", "tags": ["pytorch", "diffusers", "unconditional-image-generation", "diffusion-models-class"]}, "siblings": [{"rfilename": ".gitattributes"}, {"rfilename": "README.md"}, {"rfilename": "config.json"}, {"rfilename": "diffusion_pytorch_model.safetensors"}, {"rfilename": "model_index.json"}, {"rfilename": "scheduler_config.json"}], "spaces": [], "createdAt": "2024-05-16T05:09:06.000Z", "inferenceStatus": "not-loaded"}