{"_id": "6645979d2972970b68152cd5", "id": "5hunshun/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", "modelId": "5hunshun/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", "author": "5hunshun", "sha": "f171a92d9034d13962489ebec2fd4f23520e0849", "lastModified": "2024-05-16T05:20:33.000Z", "private": false, "disabled": false, "gated": false, "tags": ["diffusers", "safetensors", "diffusers:DDPMPipeline", "region:us"], "downloads": 14, "library_name": "diffusers", "likes": 0, "config": {"diffusers": {"_class_name": "DDPMPipeline"}}, "siblings": [{"rfilename": ".gitattributes"}, {"rfilename": "config.json"}, {"rfilename": "diffusion_pytorch_model.safetensors"}, {"rfilename": "model_index.json"}, {"rfilename": "scheduler_config.json"}], "spaces": [], "createdAt": "2024-05-16T05:20:29.000Z", "inferenceStatus": "not-loaded"}