{"_id": "664caa3d7c563d4d95cb61a9", "id": "5imp5on/xlm-roberta-base-finetuned-emotion", "modelId": "5imp5on/xlm-roberta-base-finetuned-emotion", "author": "5imp5on", "sha": "1b1413f6ff4b60c3aad71fbda03807b909c808e3", "lastModified": "2024-05-22T13:12:58.000Z", "private": false, "disabled": false, "gated": false, "pipeline_tag": "text-classification", "tags": ["transformers", "safetensors", "xlm-roberta", "text-classification", "autotrain_compatible", "endpoints_compatible", "region:us"], "downloads": 4, "library_name": "transformers", "mask_token": "<mask>", "widgetData": [{"text": "I like you. I love you"}], "likes": 0, "config": {"architectures": ["XLMRobertaForSequenceClassification"], "model_type": "xlm-roberta", "tokenizer_config": {"bos_token": "<s>", "cls_token": "<s>", "eos_token": "</s>", "mask_token": "<mask>", "pad_token": "<pad>", "sep_token": "</s>", "unk_token": "<unk>"}}, "transformersInfo": {"auto_model": "AutoModelForSequenceClassification", "pipeline_tag": "text-classification", "processor": "AutoTokenizer"}, "siblings": [{"rfilename": ".gitattributes"}, {"rfilename": "config.json"}, {"rfilename": "model.safetensors"}, {"rfilename": "sentencepiece.bpe.model"}, {"rfilename": "special_tokens_map.json"}, {"rfilename": "tokenizer_config.json"}, {"rfilename": "training_args.bin"}], "spaces": [], "createdAt": "2024-05-21T14:05:49.000Z", "safetensors": {"parameters": {"F32": 278064411}, "total": 278064411}, "inferenceStatus": "not-loaded"}