{"_id": "664cac14004b2dc3c3c4f2a4", "id": "5imp5on/XLMRobertaForSequenceClassification-finetuned-emotion", "modelId": "5imp5on/XLMRobertaForSequenceClassification-finetuned-emotion", "author": "5imp5on", "sha": "6efed6e92c25cc6fae56055f80ceb973d2474257", "lastModified": "2024-05-21T14:13:40.000Z", "private": false, "disabled": false, "gated": false, "tags": ["region:us"], "downloads": 0, "likes": 0, "siblings": [{"rfilename": ".gitattributes"}], "spaces": [], "createdAt": "2024-05-21T14:13:40.000Z", "inferenceStatus": "not-loaded"}