{"_id": "63767b846f6b63fa378f2b4f", "id": "5p33ch3xpr/XLS-R-with-LM", "modelId": "5p33ch3xpr/XLS-R-with-LM", "author": "5p33ch3xpr", "sha": "85417024d8eccfbca7be1241a37efc38406674f1", "lastModified": "2022-12-01T21:22:40.000Z", "private": false, "disabled": false, "gated": false, "pipeline_tag": "automatic-speech-recognition", "tags": ["transformers", "pytorch", "wav2vec2", "automatic-speech-recognition", "license:apache-2.0", "endpoints_compatible", "region:us"], "downloads": 44, "library_name": "transformers", "likes": 0, "model-index": null, "config": {"architectures": ["Wav2Vec2ForCTC"], "model_type": "wav2vec2", "tokenizer_config": {"bos_token": null, "eos_token": null, "pad_token": "[PAD]", "unk_token": "[UNK]"}}, "cardData": {"license": "apache-2.0"}, "transformersInfo": {"auto_model": "AutoModelForCTC", "pipeline_tag": "automatic-speech-recognition", "processor": "AutoProcessor"}, "siblings": [{"rfilename": ".gitattributes"}, {"rfilename": "README.md"}, {"rfilename": "added_tokens.json"}, {"rfilename": "alphabet.json"}, {"rfilename": "config.json"}, {"rfilename": "language_model/attrs.json"}, {"rfilename": "language_model/fivegram.bin"}, {"rfilename": "language_model/unigrams.txt"}, {"rfilename": "preprocessor_config.json"}, {"rfilename": "pytorch_model.bin"}, {"rfilename": "special_tokens_map.json"}, {"rfilename": "tokenizer_config.json"}, {"rfilename": "vocab.json"}], "spaces": [], "createdAt": "2022-11-17T18:20:52.000Z", "inferenceStatus": "not-loaded"}