{"_id": "639775ac6d8f91209a05934b", "id": "5p33ch3xpr/model_checkpoint", "modelId": "5p33ch3xpr/model_checkpoint", "author": "5p33ch3xpr", "sha": "9f42ac911463a9fcd640160ca7e30365b4cf6068", "lastModified": "2022-12-20T10:45:24.000Z", "private": false, "disabled": false, "gated": false, "pipeline_tag": "automatic-speech-recognition", "tags": ["transformers", "pytorch", "tensorboard", "whisper", "automatic-speech-recognition", "generated_from_trainer", "license:apache-2.0", "endpoints_compatible", "region:us"], "downloads": 1, "library_name": "transformers", "likes": 0, "model-index": [{"name": "model_checkpoint", "results": []}], "config": {"architectures": ["WhisperForConditionalGeneration"], "model_type": "whisper"}, "cardData": {"license": "apache-2.0", "tags": ["generated_from_trainer"], "metrics": ["wer"], "model-index": [{"name": "model_checkpoint", "results": []}]}, "transformersInfo": {"auto_model": "AutoModelForSpeechSeq2Seq", "pipeline_tag": "automatic-speech-recognition", "processor": "AutoProcessor"}, "siblings": [{"rfilename": ".gitattributes"}, {"rfilename": ".gitignore"}, {"rfilename": "README.md"}, {"rfilename": "config.json"}, {"rfilename": "preprocessor_config.json"}, {"rfilename": "pytorch_model.bin"}, {"rfilename": "runs/Dec14_16-27-48_c5a88c57e2fd/1671035281.198923/events.out.tfevents.1671035281.c5a88c57e2fd.73.1"}, {"rfilename": "runs/Dec14_16-27-48_c5a88c57e2fd/events.out.tfevents.1671035281.c5a88c57e2fd.73.0"}, {"rfilename": "runs/Dec20_05-14-06_40815e2b27cd/1671513572.2578793/events.out.tfevents.1671513572.40815e2b27cd.316.1"}, {"rfilename": "runs/Dec20_05-14-06_40815e2b27cd/events.out.tfevents.1671513572.40815e2b27cd.316.0"}, {"rfilename": "training_args.bin"}], "spaces": [], "createdAt": "2022-12-12T18:40:44.000Z", "inferenceStatus": "not-loaded"}