{"_id": "635d597e94e5b275ca734bb5", "id": "5p33ch3xpr/XLS-R_Finetuned", "modelId": "5p33ch3xpr/XLS-R_Finetuned", "author": "5p33ch3xpr", "sha": "9a635523f036bdd47730fda58c817e049af5c68c", "lastModified": "2022-12-01T20:55:03.000Z", "private": false, "disabled": false, "gated": false, "pipeline_tag": "automatic-speech-recognition", "tags": ["transformers", "pytorch", "tensorboard", "wav2vec2", "automatic-speech-recognition", "generated_from_trainer", "license:apache-2.0", "endpoints_compatible", "region:us"], "downloads": 80, "library_name": "transformers", "likes": 1, "model-index": [{"name": "XLS-R_Finetuned", "results": []}], "config": {"architectures": ["Wav2Vec2ForCTC"], "model_type": "wav2vec2", "tokenizer_config": {"bos_token": "<s>", "eos_token": "</s>", "pad_token": "[PAD]", "unk_token": "[UNK]"}}, "cardData": {"license": "apache-2.0", "tags": ["generated_from_trainer"], "metrics": ["wer"], "model-index": [{"name": "XLS-R_Finetuned", "results": []}]}, "transformersInfo": {"auto_model": "AutoModelForCTC", "pipeline_tag": "automatic-speech-recognition", "processor": "AutoProcessor"}, "siblings": [{"rfilename": ".gitattributes"}, {"rfilename": ".gitignore"}, {"rfilename": "README.md"}, {"rfilename": "config.json"}, {"rfilename": "preprocessor_config.json"}, {"rfilename": "pytorch_model.bin"}, {"rfilename": "runs/Nov05_03-48-11_2d0353295a93/1667620533.3836942/events.out.tfevents.1667620533.2d0353295a93.49034.9"}, {"rfilename": "runs/Nov05_03-48-11_2d0353295a93/events.out.tfevents.1667620533.2d0353295a93.49034.8"}, {"rfilename": "runs/Nov05_04-00-42_2d0353295a93/1667620852.7089067/events.out.tfevents.1667620852.2d0353295a93.50283.1"}, {"rfilename": "runs/Nov05_04-00-42_2d0353295a93/events.out.tfevents.1667620852.2d0353295a93.50283.0"}, {"rfilename": "runs/Oct29_18-27-05_ab1d8d71ca02/1667068037.1924665/events.out.tfevents.1667068037.ab1d8d71ca02.76.3"}, {"rfilename": "runs/Oct29_18-27-05_ab1d8d71ca02/events.out.tfevents.1667068037.ab1d8d71ca02.76.2"}, {"rfilename": "special_tokens_map.json"}, {"rfilename": "tokenizer_config.json"}, {"rfilename": "training_args.bin"}, {"rfilename": "vocab.json"}], "spaces": [], "createdAt": "2022-10-29T16:49:02.000Z", "inferenceStatus": "not-loaded"}