{"_id": "6471f44a0211f85270fd5811", "id": "5RAoGreLMIkM8Kz4yJsZa4gD6qQ6yDA35UzguWWSui/esm2_t12_35M_UR50D-finetuned-localization", "modelId": "5RAoGreLMIkM8Kz4yJsZa4gD6qQ6yDA35UzguWWSui/esm2_t12_35M_UR50D-finetuned-localization", "author": "5RAoGreLMIkM8Kz4yJsZa4gD6qQ6yDA35UzguWWSui", "sha": "096717db75abb0f37bb4bd6fd972770b384f39a7", "lastModified": "2023-05-27T12:15:06.000Z", "private": false, "disabled": false, "gated": false, "tags": ["region:us"], "downloads": 0, "likes": 0, "siblings": [{"rfilename": ".gitattributes"}], "spaces": [], "createdAt": "2023-05-27T12:15:06.000Z", "inferenceStatus": "not-loaded"}