{"_id": "65f4be000132d1f56f919201", "id": "5roop/output", "modelId": "5roop/output", "author": "5roop", "sha": "5919e0d77e53206ea1091a35a004025bf60fe257", "lastModified": "2024-03-18T23:29:46.000Z", "private": false, "disabled": false, "gated": false, "pipeline_tag": "automatic-speech-recognition", "tags": ["transformers", "tensorboard", "safetensors", "whisper", "automatic-speech-recognition", "generated_from_trainer", "hr", "base_model:openai/whisper-large-v3", "license:apache-2.0", "endpoints_compatible", "region:us"], "downloads": 0, "library_name": "transformers", "likes": 0, "model-index": [{"name": "whisper-large-v3-mici-princ", "results": []}], "config": {"architectures": ["WhisperForConditionalGeneration"], "model_type": "whisper"}, "cardData": {"language": ["hr"], "license": "apache-2.0", "base_model": "openai/whisper-large-v3", "tags": ["generated_from_trainer"], "metrics": ["wer"], "model-index": [{"name": "whisper-large-v3-mici-princ", "results": []}]}, "transformersInfo": {"auto_model": "AutoModelForSpeechSeq2Seq", "pipeline_tag": "automatic-speech-recognition", "processor": "AutoProcessor"}, "siblings": [{"rfilename": ".gitattributes"}, {"rfilename": "README.md"}, {"rfilename": "config.json"}, {"rfilename": "generation_config.json"}, {"rfilename": "model-00001-of-00002.safetensors"}, {"rfilename": "model-00002-of-00002.safetensors"}, {"rfilename": "model.safetensors.index.json"}, {"rfilename": "preprocessor_config.json"}, {"rfilename": "processor/added_tokens.json"}, {"rfilename": "processor/merges.txt"}, {"rfilename": "processor/normalizer.json"}, {"rfilename": "processor/preprocessor_config.json"}, {"rfilename": "processor/special_tokens_map.json"}, {"rfilename": "processor/tokenizer_config.json"}, {"rfilename": "processor/vocab.json"}, {"rfilename": "runs/Mar13_13-48-07_kt-gpu2/events.out.tfevents.1710334092.kt-gpu2.154321.0"}, {"rfilename": "runs/Mar13_13-58-43_kt-gpu2/events.out.tfevents.1710334727.kt-gpu2.162001.0"}, {"rfilename": "runs/Mar13_14-03-17_kt-gpu2/events.out.tfevents.1710335000.kt-gpu2.165099.0"}, {"rfilename": "runs/Mar13_14-15-35_kt-gpu2/events.out.tfevents.1710335738.kt-gpu2.169310.0"}, {"rfilename": "runs/Mar13_14-22-14_kt-gpu2/events.out.tfevents.1710336137.kt-gpu2.172135.0"}, {"rfilename": "runs/Mar13_14-27-42_kt-gpu2/events.out.tfevents.1710336464.kt-gpu2.175109.0"}, {"rfilename": "runs/Mar14_12-51-47_kt-gpu2/events.out.tfevents.1710417109.kt-gpu2.325306.0"}, {"rfilename": "runs/Mar15_10-09-01_kt-gpu2/events.out.tfevents.1710493743.kt-gpu2.413562.0"}, {"rfilename": "runs/Mar15_10-20-55_kt-gpu2/events.out.tfevents.1710494457.kt-gpu2.417532.0"}, {"rfilename": "runs/Mar15_16-33-22_kt-gpu2/events.out.tfevents.1710516805.kt-gpu2.486722.0"}, {"rfilename": "runs/Mar18_09-25-41_kt-gpu2/events.out.tfevents.1710750343.kt-gpu2.567602.0"}, {"rfilename": "runs/Mar18_18-27-02_kt-gpu2/events.out.tfevents.1710782824.kt-gpu2.614918.0"}, {"rfilename": "tokenizer/added_tokens.json"}, {"rfilename": "tokenizer/merges.txt"}, {"rfilename": "tokenizer/normalizer.json"}, {"rfilename": "tokenizer/special_tokens_map.json"}, {"rfilename": "tokenizer/tokenizer_config.json"}, {"rfilename": "tokenizer/vocab.json"}, {"rfilename": "training_args.bin"}], "spaces": [], "createdAt": "2024-03-15T21:30:40.000Z", "safetensors": {"parameters": {"F32": 1543490560}, "total": 1543490560}, "inferenceStatus": "not-loaded"}