{"_id": "63f38e280bdc4e0839f6bc03", "id": "5w4n/bert-base-uncased-2019-oscar", "modelId": "5w4n/bert-base-uncased-2019-oscar", "author": "5w4n", "sha": "b01498d8242a56a0640b69e15fa16375fe89f8f1", "lastModified": "2023-02-20T15:14:01.000Z", "private": false, "disabled": false, "gated": false, "tags": ["region:us"], "downloads": 0, "likes": 0, "config": {"tokenizer_config": {"cls_token": "[CLS]", "mask_token": "[MASK]", "pad_token": "[PAD]", "sep_token": "[SEP]", "unk_token": "[UNK]"}}, "siblings": [{"rfilename": ".gitattributes"}, {"rfilename": "special_tokens_map.json"}, {"rfilename": "tokenizer.json"}, {"rfilename": "tokenizer_config.json"}, {"rfilename": "vocab.txt"}], "spaces": [], "createdAt": "2023-02-20T15:13:44.000Z", "inferenceStatus": "not-loaded"}