{"_id": "6453b462fef4d71cdd72d7c5", "id": "5w4n/super-lora", "modelId": "5w4n/super-lora", "author": "5w4n", "sha": "d57dcc09a4449e54fefa5c5422d67577bf0f9e3c", "lastModified": "2023-05-04T13:36:11.000Z", "private": false, "disabled": false, "gated": false, "tags": ["license:creativeml-openrail-m", "region:us"], "downloads": 0, "likes": 0, "model-index": null, "cardData": {"license": "creativeml-openrail-m"}, "siblings": [{"rfilename": ".gitattributes"}, {"rfilename": "README.md"}, {"rfilename": "super-lora.safetensors"}], "spaces": [], "createdAt": "2023-05-04T13:34:26.000Z", "inferenceStatus": "not-loaded"}