{"_id": "6479a19e1a2aefceecd1695b", "id": "5yencat/Rainbow_Journey", "modelId": "5yencat/Rainbow_Journey", "author": "5yencat", "sha": "4d77ffe9aadaea03ced87c56fd17618e58cbcd0b", "lastModified": "2023-06-02T08:00:30.000Z", "private": false, "disabled": false, "gated": false, "tags": ["license:bigscience-bloom-rail-1.0", "region:us"], "downloads": 0, "likes": 0, "model-index": null, "cardData": {"license": "bigscience-bloom-rail-1.0"}, "siblings": [{"rfilename": ".gitattributes"}, {"rfilename": "README.md"}], "spaces": [], "createdAt": "2023-06-02T08:00:30.000Z", "inferenceStatus": "not-loaded"}