{"directed": true, "multigraph": false, "graph": {}, "nodes": [{"id": "100rab25/swin-tiny-patch4-window7-224-fraud_number_classification-fraud_number_classification"}, {"id": "100rab25/swin-tiny-patch4-window7-224-fraud_number_classification"}, {"id": "microsoft/swin-tiny-patch4-window7-224"}], "links": [{"source": "100rab25/swin-tiny-patch4-window7-224-fraud_number_classification", "target": "100rab25/swin-tiny-patch4-window7-224-fraud_number_classification-fraud_number_classification"}, {"source": "microsoft/swin-tiny-patch4-window7-224", "target": "100rab25/swin-tiny-patch4-window7-224-fraud_number_classification"}]}