{"directed": true, "multigraph": false, "graph": {}, "nodes": [{"id": "babybirdprd/experiment26-7b-dareties"}, {"id": "mlabonne/alphamonarch-7b"}, {"id": "mlabonne/neuralmonarch-7b"}, {"id": "mlabonne/monarch-7b"}, {"id": "mlabonne/omnitruthybeagle-7b-v0"}, {"id": "mlabonne/omnibeagle-7b"}, {"id": "shadowml/beagsake-7b"}, {"id": "shadowml/westbeagle-7b"}, {"id": "mlabonne/neuralbeagle14-7b"}, {"id": "mlabonne/beagle14-7b"}, {"id": "fblgit/una-thebeagle-7b-v1"}, {"id": "argilla/distilabeled-marcoro14-7b-slerp"}, {"id": "mlabonne/marcoro14-7b-slerp"}, {"id": "petrogpt/westseverus-7b-dpo-v2"}, {"id": "shadowml/beaglesempra-7b"}, {"id": "felixchao/sectumsempra-7b-dpo"}, {"id": "mlabonne/neubeagle-7b"}, {"id": "eren23/dpo-binarized-neutrixomnibe-7b"}, {"id": "eren23/dpo-binarized-neuraltrix-7b"}, {"id": "mlabonne/neuralomnibeagle-7b"}], "links": [{"source": "mlabonne/alphamonarch-7b", "target": "babybirdprd/experiment26-7b-dareties"}, {"source": "mlabonne/neuralmonarch-7b", "target": "mlabonne/alphamonarch-7b"}, {"source": "mlabonne/monarch-7b", "target": "mlabonne/neuralmonarch-7b"}, {"source": "mlabonne/omnitruthybeagle-7b-v0", "target": "mlabonne/monarch-7b"}, {"source": "mlabonne/omnibeagle-7b", "target": "mlabonne/omnitruthybeagle-7b-v0"}, {"source": "shadowml/beagsake-7b", "target": "mlabonne/omnibeagle-7b"}, {"source": "shadowml/westbeagle-7b", "target": "shadowml/beagsake-7b"}, {"source": "mlabonne/neuralbeagle14-7b", "target": "shadowml/westbeagle-7b"}, {"source": "mlabonne/beagle14-7b", "target": "mlabonne/neuralbeagle14-7b"}, {"source": "fblgit/una-thebeagle-7b-v1", "target": "mlabonne/beagle14-7b"}, {"source": "argilla/distilabeled-marcoro14-7b-slerp", "target": "mlabonne/beagle14-7b"}, {"source": "mlabonne/marcoro14-7b-slerp", "target": "argilla/distilabeled-marcoro14-7b-slerp"}, {"source": "petrogpt/westseverus-7b-dpo-v2", "target": "shadowml/westbeagle-7b"}, {"source": "shadowml/beaglesempra-7b", "target": "shadowml/beagsake-7b"}, {"source": "felixchao/sectumsempra-7b-dpo", "target": "shadowml/beaglesempra-7b"}, {"source": "mlabonne/neubeagle-7b", "target": "mlabonne/monarch-7b"}, {"source": "eren23/dpo-binarized-neutrixomnibe-7b", "target": "mlabonne/neubeagle-7b"}, {"source": "eren23/dpo-binarized-neuraltrix-7b", "target": "mlabonne/neubeagle-7b"}, {"source": "mlabonne/neuralomnibeagle-7b", "target": "mlabonne/monarch-7b"}]}