{"_id": "65c17159bda66bba1721b7cf", "id": "o2satz/WSDt", "modelId": "o2satz/WSDt", "author": "o2satz", "sha": "23bb1b110ce7ada8710e3549d370f1b52e7acbae", "lastModified": "2024-02-06T11:57:54.000Z", "private": false, "disabled": false, "gated": false, "tags": ["gguf", "region:us"], "downloads": 62, "likes": 0, "siblings": [{"rfilename": ".gitattributes"}, {"rfilename": "wsDToi.Q5_K_M.gguf"}, {"rfilename": "wsLLsql.Q5_K_M.gguf"}, {"rfilename": "wsmed22.Q5_K_M.gguf"}, {"rfilename": "wsmed22DTa.Q5_K_M.gguf"}], "spaces": [], "createdAt": "2024-02-05T23:38:01.000Z", "inferenceStatus": "not-loaded"}