{"_id": "65906021754092f6b193ece1", "id": "o5011/t5-efficient-gc4-all-german-small-el32", "modelId": "o5011/t5-efficient-gc4-all-german-small-el32", "author": "o5011", "sha": "90979ffc53217fe347ba8bdd214eed765d9105d1", "lastModified": "2023-12-30T18:36:34.000Z", "private": false, "disabled": false, "gated": false, "pipeline_tag": "text2text-generation", "tags": ["transformers", "pytorch", "tensorboard", "safetensors", "t5", "text2text-generation", "german", "deutsch", "de", "license:mit", "autotrain_compatible", "text-generation-inference", "endpoints_compatible", "region:us"], "downloads": 1, "library_name": "transformers", "likes": 0, "model-index": null, "config": {"architectures": ["T5ForConditionalGeneration"], "model_type": "t5", "tokenizer_config": {"eos_token": "</s>", "unk_token": "<unk>", "pad_token": "<pad>"}}, "cardData": {"language": "de", "license": "mit", "tags": ["german", "deutsch"]}, "transformersInfo": {"auto_model": "AutoModelForSeq2SeqLM", "pipeline_tag": "text2text-generation", "processor": "AutoTokenizer"}, "siblings": [{"rfilename": ".gitattributes"}, {"rfilename": "README.md"}, {"rfilename": "config.json"}, {"rfilename": "events.out.tfevents.1670455923.t5"}, {"rfilename": "model.ckpt-524288.data-00000-of-00004"}, {"rfilename": "model.ckpt-524288.data-00001-of-00004"}, {"rfilename": "model.ckpt-524288.data-00002-of-00004"}, {"rfilename": "model.ckpt-524288.data-00003-of-00004"}, {"rfilename": "model.ckpt-524288.index"}, {"rfilename": "model.ckpt-524288.meta"}, {"rfilename": "model.safetensors"}, {"rfilename": "pytorch_model.bin"}, {"rfilename": "special_tokens_map.json"}, {"rfilename": "spiece.model"}, {"rfilename": "tokenizer.json"}, {"rfilename": "tokenizer_config.json"}], "spaces": [], "createdAt": "2023-12-30T18:23:29.000Z", "safetensors": {"parameters": {"F32": 142322176}, "total": 142322176}, "inferenceStatus": "not-loaded"}