{"_id": "64b437c693968c1715c1002c", "id": "oakal/fourthbrain_bloomz_marketing", "modelId": "oakal/fourthbrain_bloomz_marketing", "author": "oakal", "sha": "2c56c99e5343e9dd41752c5ebea5d11638aaaacb", "lastModified": "2023-07-16T18:32:44.000Z", "private": false, "disabled": false, "gated": false, "tags": ["peft", "region:us"], "downloads": 0, "library_name": "peft", "likes": 0, "model-index": null, "config": {"peft": {"base_model_name_or_path": "bigscience/bloomz-3b", "task_type": "CAUSAL_LM"}}, "cardData": {"library_name": "peft"}, "siblings": [{"rfilename": ".gitattributes"}, {"rfilename": "README.md"}, {"rfilename": "adapter_config.json"}, {"rfilename": "adapter_model.bin"}], "spaces": [], "createdAt": "2023-07-16T18:32:38.000Z", "inferenceStatus": "not-loaded"}