{"_id": "65f2ad8d1dd622549e56762b", "id": "oakela/finetuned_starcoder2_200steps", "modelId": "oakela/finetuned_starcoder2_200steps", "author": "oakela", "sha": "c99091bb376b7a163e6ca72beabb2f093849eb70", "lastModified": "2024-03-14T08:01:00.000Z", "private": false, "disabled": false, "gated": false, "pipeline_tag": "text-generation", "tags": ["transformers", "safetensors", "starcoder2", "text-generation", "arxiv:1910.09700", "autotrain_compatible", "text-generation-inference", "endpoints_compatible", "region:us"], "downloads": 1, "library_name": "transformers", "widgetData": [{"text": "My name is Julien and I like to"}, {"text": "My name is Thomas and my main"}, {"text": "My name is Mariama, my favorite"}, {"text": "My name is Clara and I am"}, {"text": "My name is Lewis and I like to"}, {"text": "My name is Merve and my favorite"}, {"text": "My name is Teven and I am"}, {"text": "Once upon a time,"}], "likes": 0, "model-index": null, "config": {"architectures": ["Starcoder2ForCausalLM"], "model_type": "starcoder2"}, "cardData": {"library_name": "transformers", "tags": []}, "transformersInfo": {"auto_model": "AutoModelForCausalLM", "pipeline_tag": "text-generation", "processor": "AutoTokenizer"}, "siblings": [{"rfilename": ".gitattributes"}, {"rfilename": "README.md"}, {"rfilename": "config.json"}, {"rfilename": "generation_config.json"}, {"rfilename": "model-00001-of-00003.safetensors"}, {"rfilename": "model-00002-of-00003.safetensors"}, {"rfilename": "model-00003-of-00003.safetensors"}, {"rfilename": "model.safetensors.index.json"}], "spaces": [], "createdAt": "2024-03-14T07:55:57.000Z", "safetensors": {"parameters": {"F32": 3030371328}, "total": 3030371328}, "inferenceStatus": "not-loaded"}