{"_id": "65f6ff74e3e81bd27340eb21", "id": "oakela/finetune_starcoder2_cleaned", "modelId": "oakela/finetune_starcoder2_cleaned", "author": "oakela", "sha": "358446063a7f1cbeef75d8abfeb979e2db990322", "lastModified": "2024-03-17T15:36:21.000Z", "private": false, "disabled": false, "gated": false, "pipeline_tag": "text-generation", "tags": ["transformers", "safetensors", "starcoder2", "text-generation", "trl", "sft", "generated_from_trainer", "base_model:bigcode/starcoder2-3b", "license:bigcode-openrail-m", "autotrain_compatible", "text-generation-inference", "endpoints_compatible", "region:us"], "downloads": 1, "library_name": "transformers", "widgetData": [{"text": "My name is Julien and I like to"}, {"text": "My name is Thomas and my main"}, {"text": "My name is Mariama, my favorite"}, {"text": "My name is Clara and I am"}, {"text": "My name is Lewis and I like to"}, {"text": "My name is Merve and my favorite"}, {"text": "My name is Teven and I am"}, {"text": "Once upon a time,"}], "likes": 0, "model-index": [{"name": "finetune_starcoder2_cleaned", "results": []}], "config": {"architectures": ["Starcoder2ForCausalLM"], "model_type": "starcoder2", "tokenizer_config": {"bos_token": "<|endoftext|>", "eos_token": "<|endoftext|>", "pad_token": "<|endoftext|>", "unk_token": "<|endoftext|>"}}, "cardData": {"license": "bigcode-openrail-m", "base_model": "bigcode/starcoder2-3b", "tags": ["trl", "sft", "generated_from_trainer"], "model-index": [{"name": "finetune_starcoder2_cleaned", "results": []}]}, "transformersInfo": {"auto_model": "AutoModelForCausalLM", "pipeline_tag": "text-generation", "processor": "AutoTokenizer"}, "siblings": [{"rfilename": ".gitattributes"}, {"rfilename": "README.md"}, {"rfilename": "config.json"}, {"rfilename": "generation_config.json"}, {"rfilename": "merges.txt"}, {"rfilename": "model-00001-of-00003.safetensors"}, {"rfilename": "model-00002-of-00003.safetensors"}, {"rfilename": "model-00003-of-00003.safetensors"}, {"rfilename": "model.safetensors.index.json"}, {"rfilename": "special_tokens_map.json"}, {"rfilename": "tokenizer.json"}, {"rfilename": "tokenizer_config.json"}, {"rfilename": "training_args.bin"}, {"rfilename": "vocab.json"}], "spaces": [], "createdAt": "2024-03-17T14:34:28.000Z", "safetensors": {"parameters": {"F32": 3030371328}, "total": 3030371328}, "inferenceStatus": "not-loaded"}