{"_id": "65f2bb3d99761f0b0dd545c6", "id": "oakela/finetune_starcoder2_600steps", "modelId": "oakela/finetune_starcoder2_600steps", "author": "oakela", "sha": "8d61c5426207457c2b776f869184670b5f1a094b", "lastModified": "2024-03-14T08:58:32.000Z", "private": false, "disabled": false, "gated": false, "tags": ["peft", "tensorboard", "safetensors", "trl", "sft", "generated_from_trainer", "base_model:bigcode/starcoder2-3b", "license:bigcode-openrail-m", "region:us"], "downloads": 0, "library_name": "peft", "likes": 0, "model-index": [{"name": "finetune_starcoder2_600steps", "results": []}], "config": {"tokenizer_config": {"bos_token": "<|endoftext|>", "eos_token": "<|endoftext|>", "pad_token": "<|endoftext|>", "unk_token": "<|endoftext|>"}, "peft": {"base_model_name_or_path": "bigcode/starcoder2-3b", "task_type": "CAUSAL_LM"}}, "cardData": {"license": "bigcode-openrail-m", "library_name": "peft", "tags": ["trl", "sft", "generated_from_trainer"], "base_model": "bigcode/starcoder2-3b", "model-index": [{"name": "finetune_starcoder2_600steps", "results": []}]}, "siblings": [{"rfilename": ".gitattributes"}, {"rfilename": "README.md"}, {"rfilename": "adapter_config.json"}, {"rfilename": "adapter_model.safetensors"}, {"rfilename": "final_checkpoint/config.json"}, {"rfilename": "final_checkpoint/generation_config.json"}, {"rfilename": "final_checkpoint/model-00001-of-00003.safetensors"}, {"rfilename": "final_checkpoint/model-00002-of-00003.safetensors"}, {"rfilename": "final_checkpoint/model-00003-of-00003.safetensors"}, {"rfilename": "final_checkpoint/model.safetensors.index.json"}, {"rfilename": "merges.txt"}, {"rfilename": "runs/Mar14_08-29-03_b422eb012e4e/events.out.tfevents.1710404944.b422eb012e4e.505.2"}, {"rfilename": "special_tokens_map.json"}, {"rfilename": "tokenizer.json"}, {"rfilename": "tokenizer_config.json"}, {"rfilename": "training_args.bin"}, {"rfilename": "vocab.json"}], "spaces": [], "createdAt": "2024-03-14T08:54:21.000Z", "inferenceStatus": "not-loaded"}