{"_id": "660e1b2affd736d8670380cb", "id": "oakink/OakInk-v1-HMR", "modelId": "oakink/OakInk-v1-HMR", "author": "oakink", "sha": "fa0827169f72e226de57a66943a84747cc4e0608", "lastModified": "2024-04-04T03:27:04.000Z", "private": false, "disabled": false, "gated": false, "tags": ["region:us"], "downloads": 0, "likes": 0, "siblings": [{"rfilename": ".gitattributes"}, {"rfilename": "README.md"}, {"rfilename": "oakink_h_sp0_i2l_meshnet_2022_1117_0527_10.zip"}, {"rfilename": "oakink_h_sp0_integral_pose_2022_1020_1542_45.zip"}, {"rfilename": "oakink_h_sp0_res_loglike_2022_1031_2130_36.zip"}, {"rfilename": "oakink_h_sp1_i2l_meshnet_2022_1215_1647_04.zip"}, {"rfilename": "oakink_h_sp1_integral_pose_2022_1022_1348_40.zip"}, {"rfilename": "oakink_h_sp1_res_loglike_2022_1102_1151_05.zip"}, {"rfilename": "oakink_h_sp2_i2l_meshnet_2022_1121_0414_05.zip"}, {"rfilename": "oakink_h_sp2_integral_pose_2022_1024_1608_34.zip"}, {"rfilename": "oakink_h_sp2_res_loglike_2022_1103_1228_03.zip"}], "spaces": [], "createdAt": "2024-04-04T03:14:50.000Z", "inferenceStatus": "not-loaded"}