{"_id": "62c01afd43d4858f82189c4e", "id": "oaklight/event", "modelId": "oaklight/event", "author": "oaklight", "sha": "b594856f9254593b3e8f96fcf10f7a1f9035ed20", "lastModified": "2022-07-02T10:34:59.000Z", "private": false, "disabled": false, "gated": false, "tags": ["region:us"], "downloads": 0, "likes": 0, "siblings": [{"rfilename": ".gitattributes"}, {"rfilename": "qasc/finetune/gpt2_0.0001_128_2_1000.pt"}, {"rfilename": "qasc/finetune/gpt2_0.0001_64_2_1000.pt"}, {"rfilename": "qasc/finetune/gpt2_0.0003_32_2_1000.pt"}, {"rfilename": "qasc/finetune/gpt2_5e-05_16_2_1000.pt"}], "spaces": [], "createdAt": "2022-07-02T10:16:29.000Z", "inferenceStatus": "not-loaded"}