{"_id": "63dd3e04723732ce42deade8", "id": "oalan7309/Alan", "modelId": "oalan7309/Alan", "author": "oalan7309", "sha": "5ddc36922ac51076c252f0f170603e280bf048f2", "lastModified": "2023-02-03T17:01:56.000Z", "private": false, "disabled": false, "gated": false, "tags": ["license:openrail", "region:us"], "downloads": 0, "likes": 0, "model-index": null, "cardData": {"license": "openrail"}, "siblings": [{"rfilename": ".gitattributes"}, {"rfilename": "README.md"}], "spaces": [], "createdAt": "2023-02-03T17:01:56.000Z", "inferenceStatus": "not-loaded"}