{"_id": "6687f6ea26fcde0a7dcbe4d1", "id": "Oamitai/set-card-shape-classifier", "modelId": "Oamitai/set-card-shape-classifier", "author": "Oamitai", "sha": "da3b4fa006858c8ad458f56c755f38130add27e4", "lastModified": "2024-07-05T13:44:00.000Z", "private": false, "disabled": false, "gated": false, "tags": ["region:us"], "downloads": 0, "likes": 0, "siblings": [{"rfilename": ".gitattributes"}, {"rfilename": "README.md"}], "spaces": [], "createdAt": "2024-07-05T13:36:42.000Z", "inferenceStatus": "not-loaded"}