{"_id": "64b7875953d91a364ab1662b", "id": "oananovac/model_twcs_90_train_context_dataset_10_epochs_a100", "modelId": "oananovac/model_twcs_90_train_context_dataset_10_epochs_a100", "author": "oananovac", "sha": "7a4dedda90643ec8e4190af03acb6044b66b949b", "lastModified": "2023-07-19T12:00:36.000Z", "private": false, "disabled": false, "gated": false, "pipeline_tag": "text2text-generation", "tags": ["transformers", "pytorch", "tensorboard", "t5", "text2text-generation", "autotrain_compatible", "text-generation-inference", "endpoints_compatible", "region:us"], "downloads": 1, "library_name": "transformers", "likes": 0, "config": {"architectures": ["T5ForConditionalGeneration"], "model_type": "t5", "tokenizer_config": {"eos_token": "</s>", "pad_token": "<pad>", "unk_token": "<unk>"}}, "transformersInfo": {"auto_model": "AutoModelForSeq2SeqLM", "pipeline_tag": "text2text-generation", "processor": "AutoTokenizer"}, "siblings": [{"rfilename": ".gitattributes"}, {"rfilename": ".gitignore"}, {"rfilename": "config.json"}, {"rfilename": "pytorch_model.bin"}, {"rfilename": "runs/Jul19_06-48-51_4d13566926b1/events.out.tfevents.1689749422.4d13566926b1.3798.0"}, {"rfilename": "special_tokens_map.json"}, {"rfilename": "tokenizer.json"}, {"rfilename": "tokenizer_config.json"}, {"rfilename": "training_args.bin"}], "spaces": [], "createdAt": "2023-07-19T06:48:57.000Z", "inferenceStatus": "not-loaded"}