{"_id": "64a16c6e8856c528ea8c34d5", "id": "oananovac/model_trained_hillary_90_train_simple_dataset_20_epochs", "modelId": "oananovac/model_trained_hillary_90_train_simple_dataset_20_epochs", "author": "oananovac", "sha": "7c852c1fb385ef797c122bfae1c94ca1317dec3a", "lastModified": "2023-07-02T12:27:16.000Z", "private": false, "disabled": false, "gated": false, "pipeline_tag": "text2text-generation", "tags": ["transformers", "pytorch", "tensorboard", "t5", "text2text-generation", "autotrain_compatible", "text-generation-inference", "endpoints_compatible", "region:us"], "downloads": 1, "library_name": "transformers", "likes": 0, "config": {"architectures": ["T5ForConditionalGeneration"], "model_type": "t5", "tokenizer_config": {"eos_token": "</s>", "pad_token": "<pad>", "unk_token": "<unk>"}}, "transformersInfo": {"auto_model": "AutoModelForSeq2SeqLM", "pipeline_tag": "text2text-generation", "processor": "AutoTokenizer"}, "siblings": [{"rfilename": ".gitattributes"}, {"rfilename": ".gitignore"}, {"rfilename": "config.json"}, {"rfilename": "pytorch_model.bin"}, {"rfilename": "runs/Jul02_12-24-06_14ec85b1a09c/events.out.tfevents.1688300659.14ec85b1a09c.14526.9"}, {"rfilename": "special_tokens_map.json"}, {"rfilename": "tokenizer.json"}, {"rfilename": "tokenizer_config.json"}, {"rfilename": "training_args.bin"}], "spaces": [], "createdAt": "2023-07-02T12:24:14.000Z", "inferenceStatus": "not-loaded"}