{"_id": "64bcc4394d2052b1aa0b303f", "id": "oananovac/model_trained_hillary_90_train_context_dataset_10_epochs_v2", "modelId": "oananovac/model_trained_hillary_90_train_context_dataset_10_epochs_v2", "author": "oananovac", "sha": "4cb9a6a79bdef7dd1260ce912150c95151d64a82", "lastModified": "2023-07-23T08:33:33.000Z", "private": false, "disabled": false, "gated": false, "pipeline_tag": "text2text-generation", "tags": ["transformers", "pytorch", "tensorboard", "t5", "text2text-generation", "autotrain_compatible", "text-generation-inference", "endpoints_compatible", "region:us"], "downloads": 1, "library_name": "transformers", "likes": 0, "config": {"architectures": ["T5ForConditionalGeneration"], "model_type": "t5", "tokenizer_config": {"eos_token": "</s>", "pad_token": "<pad>", "unk_token": "<unk>"}}, "transformersInfo": {"auto_model": "AutoModelForSeq2SeqLM", "pipeline_tag": "text2text-generation", "processor": "AutoTokenizer"}, "siblings": [{"rfilename": ".gitattributes"}, {"rfilename": ".gitignore"}, {"rfilename": "config.json"}, {"rfilename": "pytorch_model.bin"}, {"rfilename": "runs/Jul23_06-09-46_76685f9bb3fe/events.out.tfevents.1690092607.76685f9bb3fe.7154.0"}, {"rfilename": "runs/Jul23_06-22-21_76685f9bb3fe/events.out.tfevents.1690093353.76685f9bb3fe.9309.0"}, {"rfilename": "runs/Jul23_08-26-42_9b0b151f00f3/events.out.tfevents.1690100889.9b0b151f00f3.19691.0"}, {"rfilename": "special_tokens_map.json"}, {"rfilename": "tokenizer.json"}, {"rfilename": "tokenizer_config.json"}, {"rfilename": "training_args.bin"}], "spaces": [], "createdAt": "2023-07-23T06:10:01.000Z", "inferenceStatus": "not-loaded"}