{"_id": "64bcd7ea796f20daad61db9e", "id": "oananovac/model_trained_enron_90_train_context_dataset_10_epochs_v2", "modelId": "oananovac/model_trained_enron_90_train_context_dataset_10_epochs_v2", "author": "oananovac", "sha": "c05893e761aecc0b6548e21a0dadea3ed01ab675", "lastModified": "2023-07-23T08:21:51.000Z", "private": false, "disabled": false, "gated": false, "pipeline_tag": "text2text-generation", "tags": ["transformers", "pytorch", "tensorboard", "t5", "text2text-generation", "autotrain_compatible", "text-generation-inference", "endpoints_compatible", "region:us"], "downloads": 2, "library_name": "transformers", "likes": 0, "config": {"architectures": ["T5ForConditionalGeneration"], "model_type": "t5", "tokenizer_config": {"eos_token": "</s>", "pad_token": "<pad>", "unk_token": "<unk>"}}, "transformersInfo": {"auto_model": "AutoModelForSeq2SeqLM", "pipeline_tag": "text2text-generation", "processor": "AutoTokenizer"}, "siblings": [{"rfilename": ".gitattributes"}, {"rfilename": ".gitignore"}, {"rfilename": "config.json"}, {"rfilename": "pytorch_model.bin"}, {"rfilename": "runs/Jul23_07-33-45_9b0b151f00f3/events.out.tfevents.1690097647.9b0b151f00f3.1767.0"}, {"rfilename": "runs/Jul23_07-35-39_9b0b151f00f3/events.out.tfevents.1690097745.9b0b151f00f3.4175.0"}, {"rfilename": "runs/Jul23_07-37-16_9b0b151f00f3/events.out.tfevents.1690097841.9b0b151f00f3.4649.0"}, {"rfilename": "runs/Jul23_07-41-22_9b0b151f00f3/events.out.tfevents.1690098090.9b0b151f00f3.5221.0"}, {"rfilename": "runs/Jul23_07-42-46_9b0b151f00f3/events.out.tfevents.1690098172.9b0b151f00f3.6366.0"}, {"rfilename": "runs/Jul23_07-44-11_9b0b151f00f3/events.out.tfevents.1690098256.9b0b151f00f3.6827.0"}, {"rfilename": "special_tokens_map.json"}, {"rfilename": "tokenizer.json"}, {"rfilename": "tokenizer_config.json"}, {"rfilename": "training_args.bin"}], "spaces": [], "createdAt": "2023-07-23T07:34:02.000Z", "inferenceStatus": "not-loaded"}