{"_id": "64ddea1b1499c62d84a47c8b", "id": "oananovac/enron_correct_tokenize_context_last_msg_10_epochs", "modelId": "oananovac/enron_correct_tokenize_context_last_msg_10_epochs", "author": "oananovac", "sha": "34beabda6cda430a3bb6aee1b29a7034e1fc66f3", "lastModified": "2023-08-17T12:27:56.000Z", "private": false, "disabled": false, "gated": false, "pipeline_tag": "text2text-generation", "tags": ["transformers", "pytorch", "tensorboard", "t5", "text2text-generation", "autotrain_compatible", "text-generation-inference", "endpoints_compatible", "region:us"], "downloads": 2, "library_name": "transformers", "likes": 0, "config": {"architectures": ["T5ForConditionalGeneration"], "model_type": "t5", "tokenizer_config": {"eos_token": "</s>", "pad_token": "<pad>", "unk_token": "<unk>"}}, "transformersInfo": {"auto_model": "AutoModelForSeq2SeqLM", "pipeline_tag": "text2text-generation", "processor": "AutoTokenizer"}, "siblings": [{"rfilename": ".gitattributes"}, {"rfilename": ".gitignore"}, {"rfilename": "config.json"}, {"rfilename": "pytorch_model.bin"}, {"rfilename": "runs/Aug17_09-36-20_52ce2f0a621a/events.out.tfevents.1692265011.52ce2f0a621a.21565.3"}, {"rfilename": "runs/Aug17_09-59-42_52ce2f0a621a/events.out.tfevents.1692266391.52ce2f0a621a.21565.4"}, {"rfilename": "runs/Aug17_11-15-23_52ce2f0a621a/events.out.tfevents.1692270948.52ce2f0a621a.67050.0"}, {"rfilename": "special_tokens_map.json"}, {"rfilename": "tokenizer.json"}, {"rfilename": "tokenizer_config.json"}, {"rfilename": "training_args.bin"}], "spaces": [], "createdAt": "2023-08-17T09:36:27.000Z", "inferenceStatus": "not-loaded"}