{"_id": "64a169a28f953945fa3aee84", "id": "oananovac/model_trained_hillary_90_train_simple_dataset_10_epochs", "modelId": "oananovac/model_trained_hillary_90_train_simple_dataset_10_epochs", "author": "oananovac", "sha": "5712bab65b14a5f36cab60eb745ef8251027a2c4", "lastModified": "2023-07-02T12:14:05.000Z", "private": false, "disabled": false, "gated": false, "pipeline_tag": "text2text-generation", "tags": ["transformers", "pytorch", "tensorboard", "t5", "text2text-generation", "autotrain_compatible", "text-generation-inference", "endpoints_compatible", "region:us"], "downloads": 1, "library_name": "transformers", "likes": 0, "config": {"architectures": ["T5ForConditionalGeneration"], "model_type": "t5", "tokenizer_config": {"eos_token": "</s>", "pad_token": "<pad>", "unk_token": "<unk>"}}, "transformersInfo": {"auto_model": "AutoModelForSeq2SeqLM", "pipeline_tag": "text2text-generation", "processor": "AutoTokenizer"}, "siblings": [{"rfilename": ".gitattributes"}, {"rfilename": ".gitignore"}, {"rfilename": "config.json"}, {"rfilename": "pytorch_model.bin"}, {"rfilename": "runs/Jul02_12-12-09_14ec85b1a09c/events.out.tfevents.1688299947.14ec85b1a09c.14526.4"}, {"rfilename": "special_tokens_map.json"}, {"rfilename": "tokenizer.json"}, {"rfilename": "tokenizer_config.json"}, {"rfilename": "training_args.bin"}], "spaces": [], "createdAt": "2023-07-02T12:12:18.000Z", "inferenceStatus": "not-loaded"}