{"_id": "64a16b14fb3a2f453a617853", "id": "oananovac/model_trained_hillary_90_train_simple_dataset_5_epochs", "modelId": "oananovac/model_trained_hillary_90_train_simple_dataset_5_epochs", "author": "oananovac", "sha": "c0691f363cd9ce88035b7ada8b197ae1724ff4d5", "lastModified": "2023-07-02T12:22:12.000Z", "private": false, "disabled": false, "gated": false, "pipeline_tag": "text2text-generation", "tags": ["transformers", "pytorch", "tensorboard", "t5", "text2text-generation", "autotrain_compatible", "text-generation-inference", "endpoints_compatible", "region:us"], "downloads": 1, "library_name": "transformers", "likes": 0, "config": {"architectures": ["T5ForConditionalGeneration"], "model_type": "t5", "tokenizer_config": {"eos_token": "</s>", "pad_token": "<pad>", "unk_token": "<unk>"}}, "transformersInfo": {"auto_model": "AutoModelForSeq2SeqLM", "pipeline_tag": "text2text-generation", "processor": "AutoTokenizer"}, "siblings": [{"rfilename": ".gitattributes"}, {"rfilename": ".gitignore"}, {"rfilename": "config.json"}, {"rfilename": "pytorch_model.bin"}, {"rfilename": "runs/Jul02_12-18-19_14ec85b1a09c/events.out.tfevents.1688300313.14ec85b1a09c.14526.6"}, {"rfilename": "runs/Jul02_12-20-57_14ec85b1a09c/events.out.tfevents.1688300473.14ec85b1a09c.14526.7"}, {"rfilename": "special_tokens_map.json"}, {"rfilename": "tokenizer.json"}, {"rfilename": "tokenizer_config.json"}, {"rfilename": "training_args.bin"}], "spaces": [], "createdAt": "2023-07-02T12:18:28.000Z", "inferenceStatus": "not-loaded"}