{"_id": "64de22c6e437d02ce69191a2", "id": "oananovac/enron_correct_tokenize_context_last_msg_10_epochs_flant5", "modelId": "oananovac/enron_correct_tokenize_context_last_msg_10_epochs_flant5", "author": "oananovac", "sha": "0b5420a13014dae2f03268e4dce00ec5f5ed2616", "lastModified": "2023-08-17T13:38:14.000Z", "private": false, "disabled": false, "gated": false, "tags": ["region:us"], "downloads": 0, "likes": 0, "siblings": [{"rfilename": ".gitattributes"}], "spaces": [], "createdAt": "2023-08-17T13:38:14.000Z", "inferenceStatus": "not-loaded"}