{"_id": "621ffdc136468d709f17e9a9", "id": "oandreae/financial_sentiment_model", "modelId": "oandreae/financial_sentiment_model", "author": "oandreae", "sha": "2c1f91cf2b66d4670cb807d473e0635d042170c6", "lastModified": "2022-01-20T20:00:01.000Z", "private": false, "disabled": false, "gated": false, "pipeline_tag": "text-classification", "tags": ["transformers", "pytorch", "tensorboard", "perceiver", "text-classification", "generated_from_trainer", "dataset:financial_phrasebank", "license:apache-2.0", "model-index", "autotrain_compatible", "endpoints_compatible", "region:us"], "downloads": 6, "library_name": "transformers", "widgetData": [{"text": "I like you. I love you"}], "likes": 1, "model-index": [{"name": "financial_sentiment_model", "results": [{"task": {"name": "Text Classification", "type": "text-classification"}, "dataset": {"name": "financial_phrasebank", "type": "financial_phrasebank", "args": "sentences_50agree"}, "metrics": [{"name": "Recall", "type": "recall", "value": 0.8839956357328868, "verified": false}, {"name": "Accuracy", "type": "accuracy", "value": 0.8804123711340206, "verified": false}, {"name": "Precision", "type": "precision", "value": 0.8604175202419276, "verified": false}]}]}], "config": {"architectures": ["PerceiverForSequenceClassification"], "model_type": "perceiver", "tokenizer_config": {"pad_token": {"content": "[PAD]", "single_word": false, "lstrip": false, "rstrip": false, "normalized": true, "__type": "AddedToken"}, "bos_token": {"content": "[BOS]", "single_word": false, "lstrip": false, "rstrip": false, "normalized": true, "__type": "AddedToken"}, "eos_token": {"content": "[EOS]", "single_word": false, "lstrip": false, "rstrip": false, "normalized": true, "__type": "AddedToken"}, "mask_token": {"content": "[MASK]", "single_word": false, "lstrip": false, "rstrip": false, "normalized": true, "__type": "AddedToken"}, "cls_token": {"content": "[CLS]", "single_word": false, "lstrip": false, "rstrip": false, "normalized": true, "__type": "AddedToken"}, "sep_token": {"content": "[SEP]", "single_word": false, "lstrip": false, "rstrip": false, "normalized": true, "__type": "AddedToken"}}}, "cardData": {"license": "apache-2.0", "tags": ["generated_from_trainer"], "datasets": ["financial_phrasebank"], "metrics": ["recall", "accuracy", "precision"], "model-index": [{"name": "financial_sentiment_model", "results": [{"task": {"name": "Text Classification", "type": "text-classification"}, "dataset": {"name": "financial_phrasebank", "type": "financial_phrasebank", "args": "sentences_50agree"}, "metrics": [{"name": "Recall", "type": "recall", "value": 0.8839956357328868, "verified": false}, {"name": "Accuracy", "type": "accuracy", "value": 0.8804123711340206, "verified": false}, {"name": "Precision", "type": "precision", "value": 0.8604175202419276, "verified": false}]}]}]}, "transformersInfo": {"auto_model": "AutoModelForSequenceClassification", "pipeline_tag": "text-classification", "processor": "AutoTokenizer"}, "siblings": [{"rfilename": ".gitattributes"}, {"rfilename": ".gitignore"}, {"rfilename": "README.md"}, {"rfilename": "config.json"}, {"rfilename": "pytorch_model.bin"}, {"rfilename": "runs/Jan20_19-15-38_29985f6e87fb/1642706170.861696/events.out.tfevents.1642706170.29985f6e87fb.65.1"}, {"rfilename": "runs/Jan20_19-15-38_29985f6e87fb/events.out.tfevents.1642706170.29985f6e87fb.65.0"}, {"rfilename": "special_tokens_map.json"}, {"rfilename": "tokenizer_config.json"}, {"rfilename": "training_args.bin"}], "spaces": [], "createdAt": "2022-03-02T23:29:05.000Z", "inferenceStatus": "not-loaded"}