{"_id": "65606b92c40c3a6a0da12cec", "id": "Oanhha9898/videomae-base-finetuned-fight-dataset", "modelId": "Oanhha9898/videomae-base-finetuned-fight-dataset", "author": "Oanhha9898", "sha": "53a806f4243724e3297974c9a33c8e552a8f24dd", "lastModified": "2023-11-24T12:30:30.000Z", "private": false, "disabled": false, "gated": false, "pipeline_tag": "video-classification", "tags": ["transformers", "tensorboard", "safetensors", "videomae", "video-classification", "generated_from_trainer", "base_model:MCG-NJU/videomae-base", "license:cc-by-nc-4.0", "endpoints_compatible", "region:us"], "downloads": 3, "library_name": "transformers", "likes": 0, "model-index": [{"name": "videomae-base-finetuned-fight-dataset", "results": []}], "config": {"architectures": ["VideoMAEForVideoClassification"], "model_type": "videomae"}, "cardData": {"license": "cc-by-nc-4.0", "base_model": "MCG-NJU/videomae-base", "tags": ["generated_from_trainer"], "metrics": ["accuracy"], "model-index": [{"name": "videomae-base-finetuned-fight-dataset", "results": []}]}, "transformersInfo": {"auto_model": "AutoModelForVideoClassification", "pipeline_tag": "video-classification", "processor": "AutoImageProcessor"}, "siblings": [{"rfilename": ".gitattributes"}, {"rfilename": "README.md"}, {"rfilename": "all_results.json"}, {"rfilename": "config.json"}, {"rfilename": "model.safetensors"}, {"rfilename": "preprocessor_config.json"}, {"rfilename": "runs/Nov24_16-26-40_mq-System-Product-Name/events.out.tfevents.1700818004.mq-System-Product-Name.2328279.0"}, {"rfilename": "runs/Nov24_16-27-24_mq-System-Product-Name/events.out.tfevents.1700818047.mq-System-Product-Name.2331832.0"}, {"rfilename": "runs/Nov24_17-39-28_mq-System-Product-Name/events.out.tfevents.1700822372.mq-System-Product-Name.2819197.0"}, {"rfilename": "runs/Nov24_17-39-28_mq-System-Product-Name/events.out.tfevents.1700828856.mq-System-Product-Name.2819197.1"}, {"rfilename": "test_results.json"}, {"rfilename": "trainer_state.json"}, {"rfilename": "training_args.bin"}], "spaces": [], "createdAt": "2023-11-24T09:23:30.000Z", "safetensors": {"parameters": {"F32": 86228738}, "total": 86228738}, "inferenceStatus": "not-loaded"}