{"_id": "657956e26756d0b0169b4383", "id": "OAO1430/esm2_t12_35M_UR50D-finetuned-localization", "modelId": "OAO1430/esm2_t12_35M_UR50D-finetuned-localization", "author": "OAO1430", "sha": "979310a94cb9e68b4585727afb6beac5b7763db1", "lastModified": "2024-01-07T07:15:49.000Z", "private": false, "disabled": false, "gated": false, "pipeline_tag": "text-classification", "tags": ["transformers", "tensorboard", "safetensors", "esm", "text-classification", "autotrain_compatible", "endpoints_compatible", "region:us"], "downloads": 1, "library_name": "transformers", "widgetData": [{"text": "I like you. I love you"}], "likes": 0, "config": {"architectures": ["EsmForSequenceClassification"], "model_type": "esm", "tokenizer_config": {"cls_token": "<cls>", "eos_token": "<eos>", "mask_token": "<mask>", "pad_token": "<pad>", "unk_token": "<unk>"}}, "transformersInfo": {"auto_model": "AutoModelForSequenceClassification", "pipeline_tag": "text-classification", "processor": "AutoTokenizer"}, "siblings": [{"rfilename": ".gitattributes"}, {"rfilename": "config.json"}, {"rfilename": "model.safetensors"}, {"rfilename": "runs/Dec13_07-00-05_b0fee69825e1/events.out.tfevents.1702450919.b0fee69825e1.1005.0"}, {"rfilename": "runs/Dec13_07-16-45_b0fee69825e1/events.out.tfevents.1702451817.b0fee69825e1.1005.1"}, {"rfilename": "runs/Dec13_07-16-45_b0fee69825e1/events.out.tfevents.1702452261.b0fee69825e1.1005.2"}, {"rfilename": "runs/Dec13_07-24-58_b0fee69825e1/events.out.tfevents.1702452304.b0fee69825e1.1005.3"}, {"rfilename": "runs/Dec13_08-01-11_b0fee69825e1/events.out.tfevents.1702454485.b0fee69825e1.1005.4"}, {"rfilename": "runs/Dec13_08-14-42_b0fee69825e1/events.out.tfevents.1702455294.b0fee69825e1.1005.5"}, {"rfilename": "runs/Dec13_11-18-29_a36fc3e5a31b/events.out.tfevents.1702466324.a36fc3e5a31b.187.0"}, {"rfilename": "runs/Dec13_11-39-26_a36fc3e5a31b/events.out.tfevents.1702467574.a36fc3e5a31b.187.1"}, {"rfilename": "runs/Dec13_12-49-23_5b9222e6f932/events.out.tfevents.1702471771.5b9222e6f932.203.0"}, {"rfilename": "runs/Dec14_02-18-20_970c2c6e6217/events.out.tfevents.1702520467.970c2c6e6217.261.0"}, {"rfilename": "runs/Dec14_08-39-29_c4a9ea4fdc46/events.out.tfevents.1702543249.c4a9ea4fdc46.215.0"}, {"rfilename": "runs/Jan07_07-03-12_50425989506b/events.out.tfevents.1704611012.50425989506b.259.0"}, {"rfilename": "special_tokens_map.json"}, {"rfilename": "tokenizer_config.json"}, {"rfilename": "training_args.bin"}, {"rfilename": "vocab.txt"}], "spaces": [], "createdAt": "2023-12-13T07:01:54.000Z", "safetensors": {"parameters": {"F32": 33993987}, "total": 33993987}, "inferenceStatus": "not-loaded"}