{"_id": "63c7a88fed3ba4019add8788", "id": "OAOA/DifFace", "modelId": "OAOA/DifFace", "author": "OAOA", "sha": "135f5541fb5c60bb17028eba38132c9f935a440b", "lastModified": "2023-02-02T10:27:45.000Z", "private": false, "disabled": false, "gated": false, "tags": ["diffusers", "pytorch", "face image enhancement", "arxiv:2212.06512", "license:other", "diffusers:DifFacePipeline", "region:us"], "downloads": 15, "library_name": "diffusers", "likes": 4, "model-index": null, "config": {"diffusers": {"_class_name": "DifFacePipeline"}}, "cardData": {"license": "other", "tags": ["pytorch", "diffusers", "face image enhancement"]}, "siblings": [{"rfilename": ".gitattributes"}, {"rfilename": "LICENSE"}, {"rfilename": "README.md"}, {"rfilename": "assets/.DS_Store"}, {"rfilename": "assets/0368.png"}, {"rfilename": "assets/0729.png"}, {"rfilename": "assets/0885.png"}, {"rfilename": "assets/0934.png"}, {"rfilename": "assets/Hepburn.png"}, {"rfilename": "assets/Solvay_conference.png"}, {"rfilename": "assets/oldimg_05.png"}, {"rfilename": "config.json"}, {"rfilename": "cropped_faces/0143.png"}, {"rfilename": "cropped_faces/0240.png"}, {"rfilename": "cropped_faces/0342.png"}, {"rfilename": "cropped_faces/0345.png"}, {"rfilename": "cropped_faces/0368.png"}, {"rfilename": "cropped_faces/0412.png"}, {"rfilename": "cropped_faces/0444.png"}, {"rfilename": "cropped_faces/0478.png"}, {"rfilename": "cropped_faces/0500.png"}, {"rfilename": "cropped_faces/0599.png"}, {"rfilename": "cropped_faces/0717.png"}, {"rfilename": "cropped_faces/0720.png"}, {"rfilename": "cropped_faces/0729.png"}, {"rfilename": "cropped_faces/0763.png"}, {"rfilename": "cropped_faces/0770.png"}, {"rfilename": "cropped_faces/0777.png"}, {"rfilename": "cropped_faces/0885.png"}, {"rfilename": "cropped_faces/0934.png"}, {"rfilename": "cropped_faces/Solvay_conference_1927_0018.png"}, {"rfilename": "cropped_faces/Solvay_conference_1927_2_16.png"}, {"rfilename": "diffusion_pytorch_model.bin"}, {"rfilename": "model_index.json"}, {"rfilename": "scheduler_config.json"}], "spaces": [], "createdAt": "2023-01-18T08:06:39.000Z", "inferenceStatus": "not-loaded"}