{"_id": "63bf388bc26a8a4d7149806d", "id": "oarga/my-first-model", "modelId": "oarga/my-first-model", "author": "oarga", "sha": "78b7c9a21c8bd96fb73a2a8a6dd1f5afe94adfa1", "lastModified": "2023-01-11T22:32:59.000Z", "private": false, "disabled": false, "gated": false, "tags": ["dataset:gcaillaut/cora", "license:apache-2.0", "region:us"], "downloads": 0, "likes": 0, "model-index": null, "cardData": {"license": "apache-2.0", "datasets": ["gcaillaut/cora"], "metrics": ["mse", "accuracy"]}, "siblings": [{"rfilename": ".gitattributes"}, {"rfilename": "README.md"}], "spaces": [], "createdAt": "2023-01-11T22:30:35.000Z", "inferenceStatus": "not-loaded"}