{"_id": "64e9f8c3a1e1a36f96fed536", "id": "OARModels/Goha", "modelId": "OARModels/Goha", "author": "OARModels", "sha": "efef4f415ec99bb3536d737cd4e650bb44a1261e", "lastModified": "2023-08-26T13:11:06.000Z", "private": false, "disabled": false, "gated": false, "tags": ["license:openrail", "region:us"], "downloads": 0, "likes": 0, "model-index": null, "cardData": {"license": "openrail"}, "siblings": [{"rfilename": ".gitattributes"}, {"rfilename": "Goha-20230826T130521Z-001.zip"}, {"rfilename": "README.md"}], "spaces": [], "createdAt": "2023-08-26T13:06:11.000Z", "inferenceStatus": "not-loaded"}