{"_id": "64da20b178864cd222155248", "id": "OARModels/MalgorzataGodlewska", "modelId": "OARModels/MalgorzataGodlewska", "author": "OARModels", "sha": "b6fb367032c9056192a2b44dc9651a4532bd508b", "lastModified": "2023-08-14T12:42:38.000Z", "private": false, "disabled": false, "gated": false, "tags": ["license:openrail", "region:us"], "downloads": 0, "likes": 0, "model-index": null, "cardData": {"license": "openrail"}, "siblings": [{"rfilename": ".gitattributes"}, {"rfilename": "MalgorzataGodlewska.zip"}, {"rfilename": "README.md"}], "spaces": [], "createdAt": "2023-08-14T12:40:17.000Z", "inferenceStatus": "not-loaded"}