{"_id": "64eda734de5e66ba2bdf3ee8", "id": "OARModels/MjrSuchodolski", "modelId": "OARModels/MjrSuchodolski", "author": "OARModels", "sha": "4f340e3acee0f7c7720c2cb79edd5d59f2b0a573", "lastModified": "2023-08-29T08:09:43.000Z", "private": false, "disabled": false, "gated": false, "tags": ["license:openrail", "region:us"], "downloads": 0, "likes": 0, "model-index": null, "cardData": {"license": "openrail"}, "siblings": [{"rfilename": ".gitattributes"}, {"rfilename": "Major.zip"}, {"rfilename": "README.md"}], "spaces": [], "createdAt": "2023-08-29T08:07:16.000Z", "inferenceStatus": "not-loaded"}