{"_id": "651c13466794263227005d13", "id": "OARModels/Solaris", "modelId": "OARModels/Solaris", "author": "OARModels", "sha": "82579c07e84f050b337b91ad409c1aca80c88b2e", "lastModified": "2023-10-03T13:21:57.000Z", "private": false, "disabled": false, "gated": false, "tags": ["license:openrail", "region:us"], "downloads": 0, "likes": 0, "model-index": null, "cardData": {"license": "openrail"}, "siblings": [{"rfilename": ".gitattributes"}, {"rfilename": "README.md"}, {"rfilename": "Solaris.zip"}], "spaces": [], "createdAt": "2023-10-03T13:12:38.000Z", "inferenceStatus": "not-loaded"}