{"_id": "65149bd8391bec2898a81717", "id": "OARModels/Walo", "modelId": "OARModels/Walo", "author": "OARModels", "sha": "801178646dfd8c8f86418a4a9ac4521596afa046", "lastModified": "2023-09-27T21:41:21.000Z", "private": false, "disabled": false, "gated": false, "tags": ["license:openrail", "region:us"], "downloads": 0, "likes": 0, "model-index": null, "cardData": {"license": "openrail"}, "siblings": [{"rfilename": ".gitattributes"}, {"rfilename": "README.md"}, {"rfilename": "Walo.zip"}], "spaces": [], "createdAt": "2023-09-27T21:17:12.000Z", "inferenceStatus": "not-loaded"}