{"_id": "660e14c8620d024d70855367", "id": "OatFan2003/Cicchino", "modelId": "OatFan2003/Cicchino", "author": "OatFan2003", "sha": "1cca1a020290a42cf143a3cff6fc7976db5202e7", "lastModified": "2024-04-04T02:47:36.000Z", "private": false, "disabled": false, "gated": false, "tags": ["license:unknown", "region:us"], "downloads": 0, "likes": 0, "model-index": null, "cardData": {"license": "unknown"}, "siblings": [{"rfilename": ".gitattributes"}, {"rfilename": "README.md"}], "spaces": [], "createdAt": "2024-04-04T02:47:36.000Z", "inferenceStatus": "not-loaded"}