{"_id": "630a03ebb70f9eb690f74c16", "id": "OATML-Markslab/Tranception_Small", "modelId": "OATML-Markslab/Tranception_Small", "author": "OATML-Markslab", "sha": "303ff126a570b97717179c1214a9d8b4357e43c3", "lastModified": "2022-08-27T11:47:06.000Z", "private": false, "disabled": false, "gated": false, "pipeline_tag": "fill-mask", "tags": ["transformers", "pytorch", "tranception", "fill-mask", "license:mit", "autotrain_compatible", "endpoints_compatible", "region:us"], "downloads": 1, "library_name": "transformers", "widgetData": [{"text": "Paris is the <mask> of France."}, {"text": "The goal of life is <mask>."}], "likes": 0, "model-index": null, "config": {"architectures": ["TranceptionLMHeadModel"], "model_type": "tranception"}, "cardData": {"license": "mit"}, "transformersInfo": {"auto_model": "AutoModelWithLMHead", "pipeline_tag": "fill-mask"}, "siblings": [{"rfilename": ".gitattributes"}, {"rfilename": "README.md"}, {"rfilename": "config.json"}, {"rfilename": "pytorch_model.bin"}], "spaces": [], "createdAt": "2022-08-27T11:45:47.000Z", "inferenceStatus": "not-loaded"}