{"_id": "64b2723493968c1715939587", "id": "Oatmealliu/testcased", "modelId": "Oatmealliu/testcased", "author": "Oatmealliu", "sha": "2c12def9bb55d3d805533c1c358f196951258dce", "lastModified": "2023-07-15T11:03:35.000Z", "private": false, "disabled": false, "gated": false, "pipeline_tag": "image-classification", "tags": ["transformers", "pytorch", "cased", "feature-extraction", "vision", "image-classification", "custom_code", "arxiv:2306.00917", "region:us"], "downloads": 2, "library_name": "transformers", "widgetData": [{"src": "https://huggingface.co/datasets/mishig/sample_images/resolve/main/cat-dog-music.png", "example_title": "Cat & Dog"}], "likes": 0, "model-index": null, "config": {"architectures": ["CaSEDModel"], "auto_map": {"AutoConfig": "configuration_cased.CaSEDConfig", "AutoModel": "modeling_cased.CaSEDModel"}, "model_type": "cased"}, "cardData": {"pipeline_tag": "image-classification", "tags": ["vision"], "inference": false, "widget": [{"src": "https://huggingface.co/datasets/mishig/sample_images/resolve/main/cat-dog-music.png", "example_title": "Cat & Dog"}]}, "transformersInfo": {"auto_model": "AutoModel", "custom_class": "modeling_cased.CaSEDModel", "pipeline_tag": "feature-extraction"}, "siblings": [{"rfilename": ".gitattributes"}, {"rfilename": "README.md"}, {"rfilename": "config.json"}, {"rfilename": "configuration_cased.py"}, {"rfilename": "modeling_cased.py"}, {"rfilename": "pytorch_model.bin"}, {"rfilename": "transforms_cased.py"}], "spaces": [], "createdAt": "2023-07-15T10:17:24.000Z", "inferenceStatus": "not-loaded"}