{"_id": "66026b61f1326e2d63938144", "id": "OatNapat/JetDo", "modelId": "OatNapat/JetDo", "author": "OatNapat", "sha": "75f107f9c326cb2b02e95d87ea3f6bc77ae3ae5b", "lastModified": "2024-03-26T07:31:08.000Z", "private": false, "disabled": false, "gated": false, "pipeline_tag": "image-classification", "tags": ["timm", "pytorch", "image-classification", "license:apache-2.0", "region:us"], "downloads": 16, "library_name": "timm", "likes": 1, "model-index": null, "config": {}, "cardData": {"tags": ["image-classification", "timm"], "library_name": "timm", "license": "apache-2.0"}, "siblings": [{"rfilename": ".gitattributes"}, {"rfilename": "README.md"}, {"rfilename": "config.json"}, {"rfilename": "pytorch_model.bin"}], "spaces": [], "createdAt": "2024-03-26T06:29:53.000Z", "inferenceStatus": "not-loaded"}