{"_id": "668d9a10693d7a9831834f8b", "id": "Obaaaaa/Bistecone", "modelId": "Obaaaaa/Bistecone", "author": "Obaaaaa", "sha": "29adb8ad83e6d9bbf638584a59462c409dbbd9fb", "lastModified": "2024-07-09T20:14:51.000Z", "private": false, "disabled": false, "gated": false, "tags": ["license:openrail", "region:us"], "downloads": 0, "likes": 0, "model-index": null, "cardData": {"license": "openrail"}, "siblings": [{"rfilename": ".gitattributes"}, {"rfilename": "Bistecone.pth.zip"}, {"rfilename": "README.md"}], "spaces": [], "createdAt": "2024-07-09T20:14:08.000Z", "inferenceStatus": "not-loaded"}