{"_id": "668cb479b09a05f3d7717f4a", "id": "Obaaaaa/Bisteca02", "modelId": "Obaaaaa/Bisteca02", "author": "Obaaaaa", "sha": "23106690d5897095b99ecbfb1f4544b646224d3a", "lastModified": "2024-07-09T03:55:19.000Z", "private": false, "disabled": false, "gated": false, "tags": ["license:openrail", "region:us"], "downloads": 0, "likes": 0, "model-index": null, "cardData": {"license": "openrail"}, "siblings": [{"rfilename": ".gitattributes"}, {"rfilename": "Download.zip"}, {"rfilename": "README.md"}], "spaces": [], "createdAt": "2024-07-09T03:54:33.000Z", "inferenceStatus": "not-loaded"}