{"_id": "64b5be47a9509e0af7249049", "id": "obada-jaras/AraT5-QG", "modelId": "obada-jaras/AraT5-QG", "author": "obada-jaras", "sha": "7b704b16cdd580558b8f59df1f243f2f94eba960", "lastModified": "2023-07-17T22:43:18.000Z", "private": false, "disabled": false, "gated": false, "tags": ["transformers", "pytorch", "tensorboard", "endpoints_compatible", "region:us"], "downloads": 0, "library_name": "transformers", "likes": 0, "transformersInfo": {"auto_model": "AutoModel"}, "siblings": [{"rfilename": ".gitattributes"}, {"rfilename": "checkpoint-10916/config.json"}, {"rfilename": "checkpoint-10916/generation_config.json"}, {"rfilename": "checkpoint-10916/optimizer.pt"}, {"rfilename": "checkpoint-10916/pytorch_model.bin"}, {"rfilename": "checkpoint-10916/rng_state.pth"}, {"rfilename": "checkpoint-10916/scheduler.pt"}, {"rfilename": "checkpoint-10916/special_tokens_map.json"}, {"rfilename": "checkpoint-10916/spiece.model"}, {"rfilename": "checkpoint-10916/tokenizer.json"}, {"rfilename": "checkpoint-10916/tokenizer_config.json"}, {"rfilename": "checkpoint-10916/trainer_state.json"}, {"rfilename": "checkpoint-10916/training_args.bin"}, {"rfilename": "checkpoint-109160/config.json"}, {"rfilename": "checkpoint-109160/generation_config.json"}, {"rfilename": "checkpoint-109160/optimizer.pt"}, {"rfilename": "checkpoint-109160/pytorch_model.bin"}, {"rfilename": "checkpoint-109160/rng_state.pth"}, {"rfilename": "checkpoint-109160/scheduler.pt"}, {"rfilename": "checkpoint-109160/special_tokens_map.json"}, {"rfilename": "checkpoint-109160/spiece.model"}, {"rfilename": "checkpoint-109160/tokenizer.json"}, {"rfilename": "checkpoint-109160/tokenizer_config.json"}, {"rfilename": "checkpoint-109160/trainer_state.json"}, {"rfilename": "checkpoint-109160/training_args.bin"}, {"rfilename": "checkpoint-21832/config.json"}, {"rfilename": "checkpoint-21832/generation_config.json"}, {"rfilename": "checkpoint-21832/optimizer.pt"}, {"rfilename": "checkpoint-21832/pytorch_model.bin"}, {"rfilename": "checkpoint-21832/rng_state.pth"}, {"rfilename": "checkpoint-21832/scheduler.pt"}, {"rfilename": "checkpoint-21832/special_tokens_map.json"}, {"rfilename": "checkpoint-21832/spiece.model"}, {"rfilename": "checkpoint-21832/tokenizer.json"}, {"rfilename": "checkpoint-21832/tokenizer_config.json"}, {"rfilename": "checkpoint-21832/trainer_state.json"}, {"rfilename": "checkpoint-21832/training_args.bin"}, {"rfilename": "checkpoint-32748/config.json"}, {"rfilename": "checkpoint-32748/generation_config.json"}, {"rfilename": "checkpoint-32748/optimizer.pt"}, {"rfilename": "checkpoint-32748/pytorch_model.bin"}, {"rfilename": "checkpoint-32748/rng_state.pth"}, {"rfilename": "checkpoint-32748/scheduler.pt"}, {"rfilename": "checkpoint-32748/special_tokens_map.json"}, {"rfilename": "checkpoint-32748/spiece.model"}, {"rfilename": "checkpoint-32748/tokenizer.json"}, {"rfilename": "checkpoint-32748/tokenizer_config.json"}, {"rfilename": "checkpoint-32748/trainer_state.json"}, {"rfilename": "checkpoint-32748/training_args.bin"}, {"rfilename": "checkpoint-43664/config.json"}, {"rfilename": "checkpoint-43664/generation_config.json"}, {"rfilename": "checkpoint-43664/optimizer.pt"}, {"rfilename": "checkpoint-43664/pytorch_model.bin"}, {"rfilename": "checkpoint-43664/rng_state.pth"}, {"rfilename": "checkpoint-43664/scheduler.pt"}, {"rfilename": "checkpoint-43664/special_tokens_map.json"}, {"rfilename": "checkpoint-43664/spiece.model"}, {"rfilename": "checkpoint-43664/tokenizer.json"}, {"rfilename": "checkpoint-43664/tokenizer_config.json"}, {"rfilename": "checkpoint-43664/trainer_state.json"}, {"rfilename": "checkpoint-43664/training_args.bin"}, {"rfilename": "checkpoint-54580/config.json"}, {"rfilename": "checkpoint-54580/generation_config.json"}, {"rfilename": "checkpoint-54580/optimizer.pt"}, {"rfilename": "checkpoint-54580/pytorch_model.bin"}, {"rfilename": "checkpoint-54580/rng_state.pth"}, {"rfilename": "checkpoint-54580/scheduler.pt"}, {"rfilename": "checkpoint-54580/special_tokens_map.json"}, {"rfilename": "checkpoint-54580/spiece.model"}, {"rfilename": "checkpoint-54580/tokenizer.json"}, {"rfilename": "checkpoint-54580/tokenizer_config.json"}, {"rfilename": "checkpoint-54580/trainer_state.json"}, {"rfilename": "checkpoint-54580/training_args.bin"}, {"rfilename": "checkpoint-65496/config.json"}, {"rfilename": "checkpoint-65496/generation_config.json"}, {"rfilename": "checkpoint-65496/optimizer.pt"}, {"rfilename": "checkpoint-65496/pytorch_model.bin"}, {"rfilename": "checkpoint-65496/rng_state.pth"}, {"rfilename": "checkpoint-65496/scheduler.pt"}, {"rfilename": "checkpoint-65496/special_tokens_map.json"}, {"rfilename": "checkpoint-65496/spiece.model"}, {"rfilename": "checkpoint-65496/tokenizer.json"}, {"rfilename": "checkpoint-65496/tokenizer_config.json"}, {"rfilename": "checkpoint-65496/trainer_state.json"}, {"rfilename": "checkpoint-65496/training_args.bin"}, {"rfilename": "checkpoint-76412/config.json"}, {"rfilename": "checkpoint-76412/generation_config.json"}, {"rfilename": "checkpoint-76412/optimizer.pt"}, {"rfilename": "checkpoint-76412/pytorch_model.bin"}, {"rfilename": "checkpoint-76412/rng_state.pth"}, {"rfilename": "checkpoint-76412/scheduler.pt"}, {"rfilename": "checkpoint-76412/special_tokens_map.json"}, {"rfilename": "checkpoint-76412/spiece.model"}, {"rfilename": "checkpoint-76412/tokenizer.json"}, {"rfilename": "checkpoint-76412/tokenizer_config.json"}, {"rfilename": "checkpoint-76412/trainer_state.json"}, {"rfilename": "checkpoint-76412/training_args.bin"}, {"rfilename": "checkpoint-87328/config.json"}, {"rfilename": "checkpoint-87328/generation_config.json"}, {"rfilename": "checkpoint-87328/optimizer.pt"}, {"rfilename": "checkpoint-87328/pytorch_model.bin"}, {"rfilename": "checkpoint-87328/rng_state.pth"}, {"rfilename": "checkpoint-87328/scheduler.pt"}, {"rfilename": "checkpoint-87328/special_tokens_map.json"}, {"rfilename": "checkpoint-87328/spiece.model"}, {"rfilename": "checkpoint-87328/tokenizer.json"}, {"rfilename": "checkpoint-87328/tokenizer_config.json"}, {"rfilename": "checkpoint-87328/trainer_state.json"}, {"rfilename": "checkpoint-87328/training_args.bin"}, {"rfilename": "checkpoint-98244/config.json"}, {"rfilename": "checkpoint-98244/generation_config.json"}, {"rfilename": "checkpoint-98244/optimizer.pt"}, {"rfilename": "checkpoint-98244/pytorch_model.bin"}, {"rfilename": "checkpoint-98244/rng_state.pth"}, {"rfilename": "checkpoint-98244/scheduler.pt"}, {"rfilename": "checkpoint-98244/special_tokens_map.json"}, {"rfilename": "checkpoint-98244/spiece.model"}, {"rfilename": "checkpoint-98244/tokenizer.json"}, {"rfilename": "checkpoint-98244/tokenizer_config.json"}, {"rfilename": "checkpoint-98244/trainer_state.json"}, {"rfilename": "checkpoint-98244/training_args.bin"}, {"rfilename": "config.json"}, {"rfilename": "generation_config.json"}, {"rfilename": "pytorch_model.bin"}, {"rfilename": "runs/May07_08-56-07_822eb2d5ed41/1683449801.7532477/events.out.tfevents.1683449801.822eb2d5ed41.1602.1"}, {"rfilename": "runs/May07_08-56-07_822eb2d5ed41/events.out.tfevents.1683449801.822eb2d5ed41.1602.0"}, {"rfilename": "special_tokens_map.json"}, {"rfilename": "spiece.model"}, {"rfilename": "tokenizer.json"}, {"rfilename": "tokenizer_config.json"}, {"rfilename": "train_results.json"}, {"rfilename": "trainer_state.json"}, {"rfilename": "training_args.bin"}], "spaces": [], "createdAt": "2023-07-17T22:18:47.000Z", "inferenceStatus": "not-loaded"}