{"_id": "654976ad1718116e35fa5683", "id": "obann001/rvxl_10", "modelId": "obann001/rvxl_10", "author": "obann001", "sha": "a038b5f15c0a99b04ab8e65c6e2a03a9128ebb90", "lastModified": "2024-01-09T15:03:54.000Z", "private": false, "disabled": false, "gated": false, "tags": ["license:openrail", "region:us"], "downloads": 0, "likes": 0, "model-index": null, "cardData": {"license": "openrail"}, "siblings": [{"rfilename": ".gitattributes"}, {"rfilename": "README.md"}, {"rfilename": "realvisxlV10_v10VAE.safetensors"}, {"rfilename": "reliberate_v10.safetensors"}], "spaces": [], "createdAt": "2023-11-06T23:28:45.000Z", "inferenceStatus": "not-loaded"}