{"_id": "65f83cffba9e3e499388b5b8", "id": "obh07/FT-BLOOM-QA2", "modelId": "obh07/FT-BLOOM-QA2", "author": "obh07", "sha": "bc2e98d5d629489e0fd50b7c61c5804a4365245e", "lastModified": "2024-03-18T13:09:22.000Z", "private": false, "disabled": false, "gated": false, "tags": ["transformers", "safetensors", "arxiv:1910.09700", "endpoints_compatible", "region:us"], "downloads": 0, "library_name": "transformers", "likes": 0, "model-index": null, "cardData": {"library_name": "transformers", "tags": []}, "transformersInfo": {"auto_model": "AutoModel"}, "siblings": [{"rfilename": ".gitattributes"}, {"rfilename": "README.md"}, {"rfilename": "adapter_config.json"}, {"rfilename": "adapter_model.safetensors"}], "spaces": [], "createdAt": "2024-03-18T13:09:19.000Z", "inferenceStatus": "not-loaded"}