{"_id": "65e4a159ed3b6b7a5dde98a3", "id": "obh07/FR-BLOOM-QA", "modelId": "obh07/FR-BLOOM-QA", "author": "obh07", "sha": "ad1e4a5742d52f97b0da85bfddb902b376049e14", "lastModified": "2024-03-03T16:12:11.000Z", "private": false, "disabled": false, "gated": false, "tags": ["transformers", "safetensors", "arxiv:1910.09700", "endpoints_compatible", "region:us"], "downloads": 0, "library_name": "transformers", "likes": 0, "model-index": null, "cardData": {"library_name": "transformers", "tags": []}, "transformersInfo": {"auto_model": "AutoModel"}, "siblings": [{"rfilename": ".gitattributes"}, {"rfilename": "README.md"}, {"rfilename": "adapter_config.json"}, {"rfilename": "adapter_model.safetensors"}], "spaces": [], "createdAt": "2024-03-03T16:12:09.000Z", "inferenceStatus": "not-loaded"}