{"_id": "65f382d25a485dc2495ea29b", "id": "obh07/FR-BLOOM560-QA", "modelId": "obh07/FR-BLOOM560-QA", "author": "obh07", "sha": "3aa98760bd12afc8b3cfecba2ddb1ae8d10dbe77", "lastModified": "2024-03-14T23:05:58.000Z", "private": false, "disabled": false, "gated": false, "tags": ["transformers", "safetensors", "arxiv:1910.09700", "endpoints_compatible", "region:us"], "downloads": 0, "library_name": "transformers", "likes": 0, "model-index": null, "cardData": {"library_name": "transformers", "tags": []}, "transformersInfo": {"auto_model": "AutoModel"}, "siblings": [{"rfilename": ".gitattributes"}, {"rfilename": "README.md"}, {"rfilename": "adapter_config.json"}, {"rfilename": "adapter_model.safetensors"}], "spaces": [], "createdAt": "2024-03-14T23:05:54.000Z", "inferenceStatus": "not-loaded"}