{"_id": "64ca3dcdec9a33183aa82ae2", "id": "Obi2Kenobi/ppo-LunarLander-v2", "modelId": "Obi2Kenobi/ppo-LunarLander-v2", "author": "Obi2Kenobi", "sha": "ca3cd9c770af122cf8bcb4c105d4a54e26c7be64", "lastModified": "2023-08-02T11:28:32.000Z", "private": false, "disabled": false, "gated": false, "pipeline_tag": "reinforcement-learning", "tags": ["stable-baselines3", "LunarLander-v2", "deep-reinforcement-learning", "reinforcement-learning", "model-index", "region:us"], "downloads": 0, "library_name": "stable-baselines3", "likes": 0, "model-index": [{"name": "PPO", "results": [{"task": {"type": "reinforcement-learning", "name": "reinforcement-learning"}, "dataset": {"name": "LunarLander-v2", "type": "LunarLander-v2"}, "metrics": [{"type": "mean_reward", "value": "273.34 +/- 21.84", "name": "mean_reward", "verified": false}]}]}], "config": {}, "cardData": {"library_name": "stable-baselines3", "tags": ["LunarLander-v2", "deep-reinforcement-learning", "reinforcement-learning", "stable-baselines3"], "model-index": [{"name": "PPO", "results": [{"task": {"type": "reinforcement-learning", "name": "reinforcement-learning"}, "dataset": {"name": "LunarLander-v2", "type": "LunarLander-v2"}, "metrics": [{"type": "mean_reward", "value": "273.34 +/- 21.84", "name": "mean_reward", "verified": false}]}]}]}, "siblings": [{"rfilename": ".gitattributes"}, {"rfilename": "README.md"}, {"rfilename": "config.json"}, {"rfilename": "ppo-lunar-lander-andries.zip"}, {"rfilename": "ppo-lunar-lander-andries/_stable_baselines3_version"}, {"rfilename": "ppo-lunar-lander-andries/data"}, {"rfilename": "ppo-lunar-lander-andries/policy.optimizer.pth"}, {"rfilename": "ppo-lunar-lander-andries/policy.pth"}, {"rfilename": "ppo-lunar-lander-andries/pytorch_variables.pth"}, {"rfilename": "ppo-lunar-lander-andries/system_info.txt"}, {"rfilename": "replay.mp4"}, {"rfilename": "results.json"}], "spaces": [], "createdAt": "2023-08-02T11:28:13.000Z", "inferenceStatus": "not-loaded"}