{"_id": "621ffdc136468d709f17e9b5", "id": "obi/deid_roberta_i2b2", "modelId": "obi/deid_roberta_i2b2", "author": "obi", "sha": "56798744ca49a9dcbbc95d45cdea0fd5538f65c1", "lastModified": "2022-08-22T13:28:26.000Z", "private": false, "disabled": false, "gated": false, "pipeline_tag": "token-classification", "tags": ["transformers", "pytorch", "roberta", "token-classification", "deidentification", "medical notes", "ehr", "phi", "en", "dataset:I2B2", "arxiv:1907.11692", "license:mit", "autotrain_compatible", "endpoints_compatible", "region:us"], "downloads": 846906, "library_name": "transformers", "mask_token": "<mask>", "widgetData": [{"text": "Physician Discharge Summary Admit date: 10/12/1982 Discharge date: 10/22/1982 Patient Information Jack Reacher, 54 y.o. male (DOB = 1/21/1928)."}, {"text": "Home Address: 123 Park Drive, San Diego, CA, 03245. Home Phone: 202-555-0199 (home)."}, {"text": "Hospital Care Team Service: Orthopedics Inpatient Attending: Roger C Kelly, MD Attending phys phone: (634)743-5135 Discharge Unit: HCS843 Primary Care Physician: Hassan V Kim, MD 512-832-5025."}], "likes": 24, "model-index": null, "config": {"architectures": ["RobertaForTokenClassification"], "model_type": "roberta", "tokenizer_config": {"unk_token": "<unk>", "bos_token": "<s>", "eos_token": "</s>", "sep_token": "</s>", "cls_token": "<s>", "pad_token": "<pad>", "mask_token": "<mask>"}}, "cardData": {"language": ["en"], "thumbnail": "https://www.onebraveidea.org/wp-content/uploads/2019/07/OBI-Logo-Website.png", "tags": ["deidentification", "medical notes", "ehr", "phi"], "datasets": ["I2B2"], "metrics": ["F1", "Recall", "Precision"], "widget": [{"text": "Physician Discharge Summary Admit date: 10/12/1982 Discharge date: 10/22/1982 Patient Information Jack Reacher, 54 y.o. male (DOB = 1/21/1928)."}, {"text": "Home Address: 123 Park Drive, San Diego, CA, 03245. Home Phone: 202-555-0199 (home)."}, {"text": "Hospital Care Team Service: Orthopedics Inpatient Attending: Roger C Kelly, MD Attending phys phone: (634)743-5135 Discharge Unit: HCS843 Primary Care Physician: Hassan V Kim, MD 512-832-5025."}], "license": "mit"}, "transformersInfo": {"auto_model": "AutoModelForTokenClassification", "pipeline_tag": "token-classification", "processor": "AutoTokenizer"}, "siblings": [{"rfilename": ".gitattributes"}, {"rfilename": "README.md"}, {"rfilename": "config.json"}, {"rfilename": "merges.txt"}, {"rfilename": "pytorch_model.bin"}, {"rfilename": "special_tokens_map.json"}, {"rfilename": "tokenizer.json"}, {"rfilename": "tokenizer_config.json"}, {"rfilename": "vocab.json"}], "spaces": ["presidio/presidio_demo", "obi/Medical-Note-Deidentification", "zama-fhe/encrypted-anonymization", "omri374/presidio", "rishabh5752/Patient_Information_Encrypter_Using_NLP", "madrigal1/DeduplicationOfMedDocuments", "AliaeAI/Anonymizer_demo", "fathyshalaby/presidio_demo", "prithivMLmods/Medical-Note-Identification-Classifier", "suhana13/NER-PHI-demo", "KarishmaShirsath/PIIMasking", "pranavraj1103/presidio_demo"], "createdAt": "2022-03-02T23:29:05.000Z", "inferenceStatus": "not-loaded"}