{"_id": "641aeb7ffc01c26fcaeb562e", "id": "Obiang/wr-wav2vec2-swahili", "modelId": "Obiang/wr-wav2vec2-swahili", "author": "Obiang", "sha": "258b5b31a1ddf6a67ab5bdebe5086b4decc89753", "lastModified": "2023-03-22T11:50:23.000Z", "private": false, "disabled": false, "gated": false, "tags": ["license:apache-2.0", "region:us"], "downloads": 0, "likes": 0, "model-index": null, "cardData": {"license": "apache-2.0"}, "siblings": [{"rfilename": ".gitattributes"}, {"rfilename": "README.md"}], "spaces": [], "createdAt": "2023-03-22T11:50:23.000Z", "inferenceStatus": "not-loaded"}