{"_id": "668f82e08c7db8a22b9821cb", "id": "ObindiG/speeechy", "modelId": "ObindiG/speeechy", "author": "ObindiG", "sha": "4f67225e40c8ff082817aa78d7d4fe0365ee0d25", "lastModified": "2024-07-11T07:02:35.000Z", "private": false, "disabled": false, "gated": false, "tags": ["diffusers", "code", "en", "sw", "dataset:imbue/code-comprehension", "license:mit", "region:us"], "downloads": 0, "library_name": "diffusers", "likes": 0, "model-index": null, "cardData": {"license": "mit", "datasets": ["imbue/code-comprehension"], "language": ["en", "sw"], "metrics": ["code_eval"], "library_name": "diffusers", "tags": ["code"]}, "siblings": [{"rfilename": ".gitattributes"}, {"rfilename": "README.md"}], "spaces": [], "createdAt": "2024-07-11T06:59:44.000Z", "inferenceStatus": "not-loaded"}