{"_id": "64b83135339adc8f30ab7a13", "id": "obito5760/falcon-7b-instruct-ft-adapters", "modelId": "obito5760/falcon-7b-instruct-ft-adapters", "author": "obito5760", "sha": "e257ecf4a1eaacede982d1e1c92db018fb74fda5", "lastModified": "2023-07-19T18:53:44.000Z", "private": false, "disabled": false, "gated": false, "tags": ["peft", "region:us"], "downloads": 0, "library_name": "peft", "likes": 0, "model-index": null, "config": {"peft": {"base_model_name_or_path": "vilsonrodrigues/falcon-7b-instruct-sharded", "task_type": "CAUSAL_LM"}}, "cardData": {"library_name": "peft"}, "siblings": [{"rfilename": ".gitattributes"}, {"rfilename": "README.md"}, {"rfilename": "adapter_config.json"}, {"rfilename": "adapter_model.bin"}], "spaces": [], "createdAt": "2023-07-19T18:53:41.000Z", "inferenceStatus": "not-loaded"}