{"_id": "65edae9e5bfba7f7b47d41c1", "id": "obitomodels/loBrokenGlass", "modelId": "obitomodels/loBrokenGlass", "author": "obitomodels", "sha": "349a74814236814b572a65c9e19c27a25056fbfb", "lastModified": "2024-03-10T12:59:40.000Z", "private": false, "disabled": false, "gated": false, "tags": ["region:us"], "downloads": 0, "likes": 0, "siblings": [{"rfilename": ".gitattributes"}, {"rfilename": "BrokenGlass.safetensors"}], "spaces": [], "createdAt": "2024-03-10T12:59:10.000Z", "inferenceStatus": "not-loaded"}