{"_id": "65d704685ef764405d6bb9f9", "id": "obitomodels/NS", "modelId": "obitomodels/NS", "author": "obitomodels", "sha": "7d6ab661a3c7f2381201b2baef55717a555485de", "lastModified": "2024-03-04T18:11:45.000Z", "private": false, "disabled": false, "gated": false, "tags": ["region:us"], "downloads": 0, "likes": 0, "siblings": [{"rfilename": ".gitattributes"}, {"rfilename": "Attack on Titan 2 [010034500641A000][v0][US].nsp"}, {"rfilename": "Jujutsu Kaisen Cursed Clash [010000B01A452000][v0][US](nsw2u.com).nsp"}, {"rfilename": "NARUTO X BORUTO Ultimate Ninja STORM CONNECTIONS [v0][US][0100D2D0190A4000].nsp"}, {"rfilename": "Need for Speed Hot Pursuit Remastered [010029B0118E8000][v0] (1).nsp"}, {"rfilename": "TITAN-CHASER-NSP-ROMSLAB.rar"}], "spaces": [], "createdAt": "2024-02-22T08:23:04.000Z", "inferenceStatus": "not-loaded"}