{"_id": "644b2c50d4483bfaa076d2f7", "id": "obiwan92/finbank_OpenAssistant_oasst-sft-4-pythia-12b-epoch-3.5_LORA_CAUSAL_LM", "modelId": "obiwan92/finbank_OpenAssistant_oasst-sft-4-pythia-12b-epoch-3.5_LORA_CAUSAL_LM", "author": "obiwan92", "sha": "aebb365060b17cf59be0e529066e70e8838c31bd", "lastModified": "2023-04-28T06:03:42.000Z", "private": false, "disabled": false, "gated": false, "tags": ["region:us"], "downloads": 0, "likes": 0, "siblings": [{"rfilename": ".gitattributes"}, {"rfilename": "adapter_config.json"}, {"rfilename": "adapter_model.bin"}], "spaces": [], "createdAt": "2023-04-28T02:15:44.000Z", "inferenceStatus": "not-loaded"}