{"_id": "644bed3f45e79023c7d8c2f9", "id": "obiwan92/finbank_OpenAssistant_oasst-sft-4-pythia-12b-epoch-3.5_LORA_CAUSAL_LM_epoch20", "modelId": "obiwan92/finbank_OpenAssistant_oasst-sft-4-pythia-12b-epoch-3.5_LORA_CAUSAL_LM_epoch20", "author": "obiwan92", "sha": "929841b6f5dc9c935f8000d8d0d99f21edd8da93", "lastModified": "2023-04-28T15:59:00.000Z", "private": false, "disabled": false, "gated": false, "tags": ["region:us"], "downloads": 0, "likes": 0, "siblings": [{"rfilename": ".gitattributes"}, {"rfilename": "adapter_config.json"}, {"rfilename": "adapter_model.bin"}], "spaces": [], "createdAt": "2023-04-28T15:58:55.000Z", "inferenceStatus": "not-loaded"}