{"_id": "649a60da1ced6847e31a0d8d", "id": "objects76/segformer-b0-finetuned-segments-sidewalk-202306", "modelId": "objects76/segformer-b0-finetuned-segments-sidewalk-202306", "author": "objects76", "sha": "e35ac8f22733d15d2a7827934e59193645575a7a", "lastModified": "2023-06-27T04:10:55.000Z", "private": false, "disabled": false, "gated": false, "tags": ["region:us"], "downloads": 0, "likes": 0, "siblings": [{"rfilename": ".gitattributes"}, {"rfilename": "preprocessor_config.json"}], "spaces": [], "createdAt": "2023-06-27T04:08:58.000Z", "inferenceStatus": "not-loaded"}