{"_id": "65c3b165e61e74041873a65f", "id": "objecthub/Controlly", "modelId": "objecthub/Controlly", "author": "objecthub", "sha": "89ba317f1dbc2e4df1e206f5ea6f21abe15371c6", "lastModified": "2024-02-07T16:35:49.000Z", "private": false, "disabled": false, "gated": false, "tags": ["license:creativeml-openrail-m", "region:us"], "downloads": 0, "likes": 0, "model-index": null, "cardData": {"license": "creativeml-openrail-m"}, "siblings": [{"rfilename": ".gitattributes"}, {"rfilename": "README.md"}], "spaces": [], "createdAt": "2024-02-07T16:35:49.000Z", "inferenceStatus": "not-loaded"}