{"_id": "661c9d70e8462d5516381086", "id": "objects76/zephyr-7b-chatml-sft-lora", "modelId": "objects76/zephyr-7b-chatml-sft-lora", "author": "objects76", "sha": "0b31fd5ad9793269c7397d1d870881f1416afadd", "lastModified": "2024-04-15T08:58:04.000Z", "private": false, "disabled": false, "gated": false, "tags": ["tensorboard", "safetensors", "region:us"], "downloads": 0, "likes": 0, "config": {"tokenizer_config": {"bos_token": "<|im_start|>", "chat_template": "{% for message in messages %}{{'<|im_start|>' + message['role'] + '\n' + message['content'] + '<|im_end|>' + '\n'}}{% endfor %}{% if add_generation_prompt %}{{ '<|im_start|>assistant\n' }}{% endif %}", "eos_token": "<|im_end|>", "pad_token": "<|im_end|>", "unk_token": "<unk>", "use_default_system_prompt": false}}, "siblings": [{"rfilename": ".gitattributes"}, {"rfilename": "adapter_config.json"}, {"rfilename": "adapter_model.safetensors"}, {"rfilename": "added_tokens.json"}, {"rfilename": "runs/Apr15_16-57-18_gpu-1/events.out.tfevents.1713168625.gpu-1.4183440.0"}, {"rfilename": "special_tokens_map.json"}, {"rfilename": "tokenizer.json"}, {"rfilename": "tokenizer.model"}, {"rfilename": "tokenizer_config.json"}, {"rfilename": "training_args.bin"}], "spaces": [], "createdAt": "2024-04-15T03:22:24.000Z", "inferenceStatus": "not-loaded"}