{"_id": "649a880af542acd297a8eea2", "id": "objects76/segformer-b0-finetuned-segments-sidewalk-2", "modelId": "objects76/segformer-b0-finetuned-segments-sidewalk-2", "author": "objects76", "sha": "cd4bc169e034f780489b7d4b5401248b6d40d45c", "lastModified": "2023-06-27T06:56:10.000Z", "private": false, "disabled": false, "gated": false, "tags": ["region:us"], "downloads": 0, "likes": 0, "siblings": [{"rfilename": ".gitattributes"}], "spaces": [], "createdAt": "2023-06-27T06:56:10.000Z", "inferenceStatus": "not-loaded"}