{"_id": "649a5cbbde0fb7f3f49aa041", "id": "objects76/segformer-b0-finetuned-segments-sidewalk-oct-22", "modelId": "objects76/segformer-b0-finetuned-segments-sidewalk-oct-22", "author": "objects76", "sha": "6339941469064b1f7933fe76f566cefa74abf6cc", "lastModified": "2023-06-27T03:51:24.000Z", "private": false, "disabled": false, "gated": false, "tags": ["region:us"], "downloads": 0, "likes": 0, "siblings": [{"rfilename": ".gitattributes"}, {"rfilename": "preprocessor_config.json"}], "spaces": [], "createdAt": "2023-06-27T03:51:23.000Z", "inferenceStatus": "not-loaded"}