{"_id": "65884ca6eac1c5dac0b4f503", "id": "Oblix/xlm-roberta-base-language-detection_ONNX", "modelId": "Oblix/xlm-roberta-base-language-detection_ONNX", "author": "Oblix", "sha": "ef4330d72bfafa4231b9a02c0345cc72c11d14e0", "lastModified": "2023-12-24T15:27:39.000Z", "private": false, "disabled": false, "gated": false, "pipeline_tag": "text-classification", "tags": ["transformers", "onnx", "xlm-roberta", "text-classification", "autotrain_compatible", "endpoints_compatible", "region:us"], "downloads": 2, "library_name": "transformers", "mask_token": "<mask>", "widgetData": [{"text": "I like you. I love you"}], "likes": 0, "config": {"architectures": ["XLMRobertaForSequenceClassification"], "model_type": "xlm-roberta", "tokenizer_config": {"bos_token": "<s>", "cls_token": "<s>", "eos_token": "</s>", "mask_token": {"__type": "AddedToken", "content": "<mask>", "lstrip": true, "normalized": true, "rstrip": false, "single_word": false}, "pad_token": "<pad>", "sep_token": "</s>", "unk_token": "<unk>"}}, "transformersInfo": {"auto_model": "AutoModelForSequenceClassification", "pipeline_tag": "text-classification", "processor": "AutoTokenizer"}, "siblings": [{"rfilename": ".gitattributes"}, {"rfilename": "README.md"}, {"rfilename": "config.json"}, {"rfilename": "onnx/model.onnx"}, {"rfilename": "onnx/model_quantized.onnx"}, {"rfilename": "quantize_config.json"}, {"rfilename": "sentencepiece.bpe.model"}, {"rfilename": "special_tokens_map.json"}, {"rfilename": "tokenizer.json"}, {"rfilename": "tokenizer_config.json"}], "spaces": [], "createdAt": "2023-12-24T15:22:14.000Z", "inferenceStatus": "not-loaded"}