{"_id": "64454eb9d1460e859d1c6db9", "id": "ObliviateOnline/sixzongzi_v10", "modelId": "ObliviateOnline/sixzongzi_v10", "author": "ObliviateOnline", "sha": "dfcb31310ca5a78258ae0a7a1a1e4b99efd61d64", "lastModified": "2023-04-23T15:44:30.000Z", "private": false, "disabled": false, "gated": false, "tags": ["region:us"], "downloads": 0, "likes": 1, "siblings": [{"rfilename": ".gitattributes"}, {"rfilename": "README.md"}, {"rfilename": "YOZORA.vae.pt"}, {"rfilename": "sixzongzi_v10.safetensors"}], "spaces": [], "createdAt": "2023-04-23T15:28:57.000Z", "inferenceStatus": "not-loaded"}