{"_id": "65b906ebbfecf758e99294a2", "id": "Oblix/detr-doc-table-detection_ONNX", "modelId": "Oblix/detr-doc-table-detection_ONNX", "author": "Oblix", "sha": "5fa5070f3f8abf3832e668cda5154fc09a831618", "lastModified": "2024-01-30T14:28:26.000Z", "private": false, "disabled": false, "gated": false, "pipeline_tag": "object-detection", "tags": ["transformers", "onnx", "detr", "object-detection", "endpoints_compatible", "region:us"], "downloads": 4, "library_name": "transformers", "likes": 0, "model-index": null, "config": {"architectures": ["DetrForObjectDetection"], "model_type": "detr"}, "cardData": {"pipeline_tag": "object-detection"}, "transformersInfo": {"auto_model": "AutoModelForObjectDetection", "pipeline_tag": "object-detection", "processor": "AutoImageProcessor"}, "siblings": [{"rfilename": ".gitattributes"}, {"rfilename": "README.md"}, {"rfilename": "config.json"}, {"rfilename": "onnx/model.onnx"}, {"rfilename": "onnx/model_quantized.onnx"}, {"rfilename": "preprocessor_config.json"}, {"rfilename": "quantize_config.json"}], "spaces": [], "createdAt": "2024-01-30T14:25:47.000Z", "inferenceStatus": "not-loaded"}