{"_id": "65b48199a8c63bbcd35adae5", "id": "oblivious/Vikhr-7B-instruct-GGUF", "modelId": "oblivious/Vikhr-7B-instruct-GGUF", "author": "oblivious", "sha": "1aa2089a0a6b1d2389f2df0565aa9480ecd2194e", "lastModified": "2024-01-27T06:09:43.000Z", "private": false, "disabled": false, "gated": false, "pipeline_tag": "text-generation", "tags": ["gguf", "text-generation", "ru", "en", "dataset:zjkarina/Vikhr_instruct", "base_model:Vikhr-7B-instruct", "license:apache-2.0", "region:us"], "downloads": 322, "widgetData": [{"text": "\u041c\u0435\u043d\u044f \u0437\u043e\u0432\u0443\u0442 \u0416\u044e\u043b\u044c\u0435\u043d \u0438"}, {"text": "\u041c\u0435\u043d\u044f \u0437\u043e\u0432\u0443\u0442 \u0422\u043e\u043c\u0430\u0441 \u0438 \u043c\u043e\u0439 \u043e\u0441\u043d\u043e\u0432\u043d\u043e\u0439"}, {"text": "\u041e\u0434\u043d\u0430\u0436\u0434\u044b"}], "likes": 2, "model-index": null, "cardData": {"model_creator": "Vikhrmodels", "base_model": "Vikhr-7B-instruct", "model_name": "Vikhr-7B-instruct-GGUF", "pipeline_tag": "text-generation", "license": "apache-2.0", "model_type": "mistral", "inference": false, "prompt_template": "<s>{role}\\n{content}</s>\\n", "pretrain-datasets": ["IlyaGusev/habr"], "datasets": ["zjkarina/Vikhr_instruct"], "language": ["ru", "en"]}, "siblings": [{"rfilename": ".gitattributes"}, {"rfilename": "README.md"}, {"rfilename": "Vikhr-7B-instruct-Q2_K.gguf"}, {"rfilename": "Vikhr-7B-instruct-Q3_K_L.gguf"}, {"rfilename": "Vikhr-7B-instruct-Q3_K_M.gguf"}, {"rfilename": "Vikhr-7B-instruct-Q3_K_S.gguf"}, {"rfilename": "Vikhr-7B-instruct-Q3_K_XS.gguf"}, {"rfilename": "Vikhr-7B-instruct-Q4_0.gguf"}, {"rfilename": "Vikhr-7B-instruct-Q4_1.gguf"}, {"rfilename": "Vikhr-7B-instruct-Q4_K_M.gguf"}, {"rfilename": "Vikhr-7B-instruct-Q4_K_S.gguf"}, {"rfilename": "Vikhr-7B-instruct-Q5_0.gguf"}, {"rfilename": "Vikhr-7B-instruct-Q5_1.gguf"}, {"rfilename": "Vikhr-7B-instruct-Q5_K_M.gguf"}, {"rfilename": "Vikhr-7B-instruct-Q5_K_S.gguf"}, {"rfilename": "Vikhr-7B-instruct-Q6_K.gguf"}, {"rfilename": "Vikhr-7B-instruct-Q8_0.gguf"}], "spaces": [], "createdAt": "2024-01-27T04:07:53.000Z", "inferenceStatus": "not-loaded"}