{"_id": "6445ea7df993c804b0405fb0", "id": "ObliviateOnline/Beautifuleyeslikeness", "modelId": "ObliviateOnline/Beautifuleyeslikeness", "author": "ObliviateOnline", "sha": "9df1c2757a15d92e053004abad97a712f3cfea16", "lastModified": "2023-04-24T02:34:46.000Z", "private": false, "disabled": false, "gated": false, "tags": ["region:us"], "downloads": 0, "likes": 0, "siblings": [{"rfilename": ".gitattributes"}, {"rfilename": "README.md"}, {"rfilename": "beautifuleyeslikeness_halfBody.safetensors"}], "spaces": [], "createdAt": "2023-04-24T02:33:33.000Z", "inferenceStatus": "not-loaded"}