{"_id": "654288ca21f55472a89ba9ec", "id": "oblivious/Refact-1.6B-fim-GGUF", "modelId": "oblivious/Refact-1.6B-fim-GGUF", "author": "oblivious", "sha": "b7f7deb2cdb47de16f808d9c334b9b34e10543f6", "lastModified": "2023-11-01T18:13:32.000Z", "private": false, "disabled": false, "gated": false, "pipeline_tag": "text-generation", "tags": ["gguf", "code", "text-generation", "en", "dataset:bigcode/the-stack-dedup", "dataset:rombodawg/2XUNCENSORED_MegaCodeTraining188k", "dataset:bigcode/commitpackft", "base_model:smallcloudai/Refact-1_6B-fim", "license:bigscience-openrail-m", "region:us"], "downloads": 314, "widgetData": [{"text": "My name is Julien and I like to"}, {"text": "My name is Thomas and my main"}, {"text": "My name is Mariama, my favorite"}, {"text": "My name is Clara and I am"}, {"text": "My name is Lewis and I like to"}, {"text": "My name is Merve and my favorite"}, {"text": "My name is Teven and I am"}, {"text": "Once upon a time,"}], "likes": 4, "model-index": null, "cardData": {"base_model": "smallcloudai/Refact-1_6B-fim", "license": "bigscience-openrail-m", "model_creator": "Small Magellanic Cloud AI", "model_name": "Refact-1.6B", "pipeline_tag": "text-generation", "prompt_template": "<fim_prefix>{prefix}<fim_suffix>{suffix}<fim_middle>", "pretrain-datasets": ["books", "arxiv", "c4", "falcon-refinedweb", "wiki", "github-issues", "stack_markdown", "self-made dataset of permissive github code"], "datasets": ["bigcode/the-stack-dedup", "rombodawg/2XUNCENSORED_MegaCodeTraining188k", "bigcode/commitpackft"], "tags": ["code"], "language": ["en"]}, "siblings": [{"rfilename": ".gitattributes"}, {"rfilename": "README.md"}, {"rfilename": "refact-1_6b-Q2_K.gguf"}, {"rfilename": "refact-1_6b-Q3_K_L.gguf"}, {"rfilename": "refact-1_6b-Q3_K_M.gguf"}, {"rfilename": "refact-1_6b-Q3_K_S.gguf"}, {"rfilename": "refact-1_6b-Q4_0.gguf"}, {"rfilename": "refact-1_6b-Q4_1.gguf"}, {"rfilename": "refact-1_6b-Q4_K_M.gguf"}, {"rfilename": "refact-1_6b-Q4_K_S.gguf"}, {"rfilename": "refact-1_6b-Q5_0.gguf"}, {"rfilename": "refact-1_6b-Q5_1.gguf"}, {"rfilename": "refact-1_6b-Q5_K_M.gguf"}, {"rfilename": "refact-1_6b-Q5_K_S.gguf"}, {"rfilename": "refact-1_6b-Q6_K.gguf"}, {"rfilename": "refact-1_6b-Q8_0.gguf"}], "spaces": ["limcheekin/refact-1.6B-fim-GGUF"], "createdAt": "2023-11-01T17:20:10.000Z", "inferenceStatus": "not-loaded"}