{"_id": "64edf65f3ec55abd6780e07e", "id": "Oblivion208/whisper-large-v2-lora-cantonese", "modelId": "Oblivion208/whisper-large-v2-lora-cantonese", "author": "Oblivion208", "sha": "3a53e5bdc95ea6ade395a1bd8cd23a6371500f5f", "lastModified": "2023-08-30T15:02:51.000Z", "private": false, "disabled": false, "gated": false, "pipeline_tag": "automatic-speech-recognition", "tags": ["peft", "tensorboard", "automatic-speech-recognition", "yue", "dataset:mozilla-foundation/common_voice_11_0", "license:apache-2.0", "region:us"], "downloads": 10, "library_name": "peft", "likes": 1, "model-index": null, "config": {"tokenizer_config": {"bos_token": {"__type": "AddedToken", "content": "<|endoftext|>", "lstrip": false, "normalized": true, "rstrip": false, "single_word": false}, "eos_token": {"__type": "AddedToken", "content": "<|endoftext|>", "lstrip": false, "normalized": true, "rstrip": false, "single_word": false}, "pad_token": null, "unk_token": {"__type": "AddedToken", "content": "<|endoftext|>", "lstrip": false, "normalized": true, "rstrip": false, "single_word": false}}, "peft": {"base_model_name_or_path": "openai/whisper-large-v2"}}, "cardData": {"library_name": "peft", "license": "apache-2.0", "datasets": ["mozilla-foundation/common_voice_11_0"], "language": ["yue"], "metrics": ["cer"], "pipeline_tag": "automatic-speech-recognition"}, "siblings": [{"rfilename": ".gitattributes"}, {"rfilename": "README.md"}, {"rfilename": "adapter_config.json"}, {"rfilename": "adapter_model.bin"}, {"rfilename": "added_tokens.json"}, {"rfilename": "merges.txt"}, {"rfilename": "normalizer.json"}, {"rfilename": "optimizer.pt"}, {"rfilename": "preprocessor_config.json"}, {"rfilename": "rng_state.pth"}, {"rfilename": "runs/Aug27_03-13-31_615941b6b2ea/events.out.tfevents.1693106012.615941b6b2ea.19292.0"}, {"rfilename": "scheduler.pt"}, {"rfilename": "special_tokens_map.json"}, {"rfilename": "tokenizer_config.json"}, {"rfilename": "trainer_state.json"}, {"rfilename": "training_args.bin"}, {"rfilename": "vocab.json"}], "spaces": [], "createdAt": "2023-08-29T13:45:03.000Z", "inferenceStatus": "not-loaded"}