{"_id": "65d3f8987c42650c2e692916", "id": "oBluemist/vit-base-patch16-224-in21k-finetuned-lora-food101", "modelId": "oBluemist/vit-base-patch16-224-in21k-finetuned-lora-food101", "author": "oBluemist", "sha": "65f3779ded1f93d86405f51900072a6c9a39ce72", "lastModified": "2024-02-20T01:51:32.000Z", "private": false, "disabled": false, "gated": false, "pipeline_tag": "image-classification", "tags": ["transformers", "tensorboard", "safetensors", "vit", "image-classification", "autotrain_compatible", "endpoints_compatible", "region:us"], "downloads": 0, "library_name": "transformers", "likes": 0, "config": {"architectures": ["ViTForImageClassification"], "model_type": "vit"}, "transformersInfo": {"auto_model": "AutoModelForImageClassification", "pipeline_tag": "image-classification", "processor": "AutoImageProcessor"}, "siblings": [{"rfilename": ".gitattributes"}, {"rfilename": "adapter_config.json"}, {"rfilename": "adapter_model.safetensors"}, {"rfilename": "config.json"}, {"rfilename": "model.safetensors"}, {"rfilename": "preprocessor_config.json"}, {"rfilename": "runs/Feb20_00-53-33_09b45c83cf54/events.out.tfevents.1708390552.09b45c83cf54.865.0"}, {"rfilename": "runs/Feb20_01-18-11_3a91ed97314e/events.out.tfevents.1708391891.3a91ed97314e.167.1"}, {"rfilename": "runs/Feb20_01-25-37_3a91ed97314e/events.out.tfevents.1708392338.3a91ed97314e.167.2"}, {"rfilename": "runs/Feb20_01-41-07_09b45c83cf54/events.out.tfevents.1708393271.09b45c83cf54.13656.1"}, {"rfilename": "runs/Feb20_01-41-07_09b45c83cf54/events.out.tfevents.1708393658.09b45c83cf54.13656.2"}, {"rfilename": "training_args.bin"}], "spaces": [], "createdAt": "2024-02-20T00:55:52.000Z", "safetensors": {"parameters": {"F32": 85876325}, "total": 85876325}, "inferenceStatus": "not-loaded"}