{"_id": "6551bdc5f3c79cdaf3ce121e", "id": "Oblx/matthewperry", "modelId": "Oblx/matthewperry", "author": "Oblx", "sha": "78b046571a44554866007af3b0c3f7d9c394b307", "lastModified": "2023-11-13T06:26:04.000Z", "private": false, "disabled": false, "gated": false, "tags": ["license:cc-by-nd-4.0", "region:us"], "downloads": 0, "likes": 0, "model-index": null, "cardData": {"license": "cc-by-nd-4.0"}, "siblings": [{"rfilename": ".gitattributes"}, {"rfilename": "README.md"}, {"rfilename": "matthewperry.zip"}], "spaces": [], "createdAt": "2023-11-13T06:10:13.000Z", "inferenceStatus": "not-loaded"}