{"_id": "6262298418176506fab6370b", "id": "obokkkk/hubert-large-ls960-ft-timit", "modelId": "obokkkk/hubert-large-ls960-ft-timit", "author": "obokkkk", "sha": "b0ee8ea5cdf2aaf82bfa02dedb9c86fcf0dec4f2", "lastModified": "2022-04-22T08:44:25.000Z", "private": false, "disabled": false, "gated": false, "pipeline_tag": "automatic-speech-recognition", "tags": ["transformers", "pytorch", "tensorboard", "hubert", "automatic-speech-recognition", "generated_from_trainer", "license:apache-2.0", "endpoints_compatible", "region:us"], "downloads": 1, "library_name": "transformers", "likes": 0, "model-index": [{"name": "hubert-large-ls960-ft-timit", "results": []}], "config": {"architectures": ["HubertForCTC"], "model_type": "hubert", "tokenizer_config": {"unk_token": "[UNK]", "bos_token": "<s>", "eos_token": "</s>", "pad_token": "[PAD]"}}, "cardData": {"license": "apache-2.0", "tags": ["generated_from_trainer"], "model-index": [{"name": "hubert-large-ls960-ft-timit", "results": []}]}, "transformersInfo": {"auto_model": "AutoModelForCTC", "pipeline_tag": "automatic-speech-recognition", "processor": "AutoProcessor"}, "siblings": [{"rfilename": ".gitattributes"}, {"rfilename": ".gitignore"}, {"rfilename": "README.md"}, {"rfilename": "config.json"}, {"rfilename": "preprocessor_config.json"}, {"rfilename": "pytorch_model.bin"}, {"rfilename": "runs/Apr22_04-54-38_e573a465c5a3/1650603505.2798076/events.out.tfevents.1650603505.e573a465c5a3.96.1"}, {"rfilename": "runs/Apr22_04-54-38_e573a465c5a3/events.out.tfevents.1650603505.e573a465c5a3.96.0"}, {"rfilename": "special_tokens_map.json"}, {"rfilename": "tokenizer_config.json"}, {"rfilename": "training_args.bin"}, {"rfilename": "vocab.json"}], "spaces": [], "createdAt": "2022-04-22T04:05:24.000Z", "inferenceStatus": "not-loaded"}