{"_id": "6266f0d6bd0caafe89e2ac59", "id": "obokkkk/wav2vec2-large-960h-finetuned_common_voice", "modelId": "obokkkk/wav2vec2-large-960h-finetuned_common_voice", "author": "obokkkk", "sha": "96247637bf4e824eadf5b93e066de40cd17222d4", "lastModified": "2022-04-26T10:58:08.000Z", "private": false, "disabled": false, "gated": false, "tags": ["region:us"], "downloads": 0, "likes": 0, "config": {"tokenizer_config": {"unk_token": "[UNK]", "bos_token": "<s>", "eos_token": "</s>", "pad_token": "[PAD]"}}, "siblings": [{"rfilename": ".gitattributes"}, {"rfilename": "special_tokens_map.json"}, {"rfilename": "tokenizer_config.json"}, {"rfilename": "vocab.json"}], "spaces": [], "createdAt": "2022-04-25T19:04:54.000Z", "inferenceStatus": "not-loaded"}