{"_id": "6260b5c91ef44fe33b19ae50", "id": "obokkkk/wav2vec2-base-timit-demo-colab3", "modelId": "obokkkk/wav2vec2-base-timit-demo-colab3", "author": "obokkkk", "sha": "3946e18144660bc1cd65c5cbd7231a5fab503ce9", "lastModified": "2022-04-21T04:10:35.000Z", "private": false, "disabled": false, "gated": false, "pipeline_tag": "automatic-speech-recognition", "tags": ["transformers", "pytorch", "tensorboard", "wav2vec2", "automatic-speech-recognition", "generated_from_trainer", "license:apache-2.0", "endpoints_compatible", "region:us"], "downloads": 1, "library_name": "transformers", "likes": 0, "model-index": [{"name": "wav2vec2-base-timit-demo-colab3", "results": []}], "config": {"architectures": ["Wav2Vec2ForCTC"], "model_type": "wav2vec2", "tokenizer_config": {"unk_token": "[UNK]", "bos_token": "<s>", "eos_token": "</s>", "pad_token": "[PAD]"}}, "cardData": {"license": "apache-2.0", "tags": ["generated_from_trainer"], "model-index": [{"name": "wav2vec2-base-timit-demo-colab3", "results": []}]}, "transformersInfo": {"auto_model": "AutoModelForCTC", "pipeline_tag": "automatic-speech-recognition", "processor": "AutoProcessor"}, "siblings": [{"rfilename": ".gitattributes"}, {"rfilename": ".gitignore"}, {"rfilename": "README.md"}, {"rfilename": "config.json"}, {"rfilename": "preprocessor_config.json"}, {"rfilename": "pytorch_model.bin"}, {"rfilename": "runs/Apr21_01-47-12_67c35bd7680b/1650505716.0752873/events.out.tfevents.1650505716.67c35bd7680b.97.1"}, {"rfilename": "runs/Apr21_01-47-12_67c35bd7680b/events.out.tfevents.1650505716.67c35bd7680b.97.0"}, {"rfilename": "runs/Apr21_02-14-21_67c35bd7680b/1650507323.507707/events.out.tfevents.1650507323.67c35bd7680b.97.3"}, {"rfilename": "runs/Apr21_02-14-21_67c35bd7680b/events.out.tfevents.1650507323.67c35bd7680b.97.2"}, {"rfilename": "special_tokens_map.json"}, {"rfilename": "tokenizer_config.json"}, {"rfilename": "training_args.bin"}, {"rfilename": "vocab.json"}], "spaces": [], "createdAt": "2022-04-21T01:39:21.000Z", "inferenceStatus": "not-loaded"}