{"_id": "62603c66d47e3dbae32de715", "id": "obokkkk/wav2vec2-base-timit-demo-colab2", "modelId": "obokkkk/wav2vec2-base-timit-demo-colab2", "author": "obokkkk", "sha": "ff346d67262d9692ad941e0b7588df97ffccedd2", "lastModified": "2022-04-20T19:01:52.000Z", "private": false, "disabled": false, "gated": false, "pipeline_tag": "automatic-speech-recognition", "tags": ["transformers", "pytorch", "tensorboard", "wav2vec2", "automatic-speech-recognition", "generated_from_trainer", "license:apache-2.0", "endpoints_compatible", "region:us"], "downloads": 1, "library_name": "transformers", "likes": 0, "model-index": [{"name": "wav2vec2-base-timit-demo-colab2", "results": []}], "config": {"architectures": ["Wav2Vec2ForCTC"], "model_type": "wav2vec2", "tokenizer_config": {"unk_token": "[UNK]", "bos_token": "<s>", "eos_token": "</s>", "pad_token": "[PAD]"}}, "cardData": {"license": "apache-2.0", "tags": ["generated_from_trainer"], "model-index": [{"name": "wav2vec2-base-timit-demo-colab2", "results": []}]}, "transformersInfo": {"auto_model": "AutoModelForCTC", "pipeline_tag": "automatic-speech-recognition", "processor": "AutoProcessor"}, "siblings": [{"rfilename": ".gitattributes"}, {"rfilename": ".gitignore"}, {"rfilename": "README.md"}, {"rfilename": "config.json"}, {"rfilename": "preprocessor_config.json"}, {"rfilename": "pytorch_model.bin"}, {"rfilename": "runs/Apr20_17-02-16_1f4e6c7c5cf3/1650474218.9677932/events.out.tfevents.1650474218.1f4e6c7c5cf3.96.1"}, {"rfilename": "runs/Apr20_17-02-16_1f4e6c7c5cf3/events.out.tfevents.1650474218.1f4e6c7c5cf3.96.0"}, {"rfilename": "special_tokens_map.json"}, {"rfilename": "tokenizer_config.json"}, {"rfilename": "training_args.bin"}, {"rfilename": "vocab.json"}], "spaces": [], "createdAt": "2022-04-20T17:01:26.000Z", "inferenceStatus": "not-loaded"}