{"_id": "626cd557af814e0d3f5b932e", "id": "obokkkk/mt5-base_2_3", "modelId": "obokkkk/mt5-base_2_3", "author": "obokkkk", "sha": "7d698b01a36f750c88af116300d927a64692a11a", "lastModified": "2022-05-01T11:36:51.000Z", "private": false, "disabled": false, "gated": false, "pipeline_tag": "text2text-generation", "tags": ["transformers", "pytorch", "tensorboard", "mt5", "text2text-generation", "generated_from_trainer", "autotrain_compatible", "endpoints_compatible", "region:us"], "downloads": 3, "library_name": "transformers", "likes": 0, "model-index": [{"name": "mt5-base_2_3", "results": []}], "config": {"architectures": ["MT5ForConditionalGeneration"], "model_type": "mt5", "tokenizer_config": {"eos_token": "</s>", "unk_token": "<unk>", "pad_token": "<pad>"}}, "cardData": {"tags": ["generated_from_trainer"], "metrics": ["bleu"], "model-index": [{"name": "mt5-base_2_3", "results": []}]}, "transformersInfo": {"auto_model": "AutoModelForSeq2SeqLM", "pipeline_tag": "text2text-generation", "processor": "AutoTokenizer"}, "siblings": [{"rfilename": ".gitattributes"}, {"rfilename": ".gitignore"}, {"rfilename": "README.md"}, {"rfilename": "config.json"}, {"rfilename": "pytorch_model.bin"}, {"rfilename": "runs/May01_03-23-39_be6272efda49/1651375633.9085376/events.out.tfevents.1651375633.be6272efda49.222.1"}, {"rfilename": "runs/May01_03-23-39_be6272efda49/events.out.tfevents.1651375633.be6272efda49.222.0"}, {"rfilename": "special_tokens_map.json"}, {"rfilename": "spiece.model"}, {"rfilename": "tokenizer.json"}, {"rfilename": "tokenizer_config.json"}, {"rfilename": "training_args.bin"}], "spaces": [], "createdAt": "2022-04-30T06:21:11.000Z", "inferenceStatus": "not-loaded"}