{"_id": "62621a030568e418d6949cea", "id": "obokkkk/wav2vec2-base-960h-timit-demo-colab", "modelId": "obokkkk/wav2vec2-base-960h-timit-demo-colab", "author": "obokkkk", "sha": "e0d91c4ba9bf9444ad4ec98db98b809b29580328", "lastModified": "2022-04-22T04:45:54.000Z", "private": false, "disabled": false, "gated": false, "pipeline_tag": "automatic-speech-recognition", "tags": ["transformers", "pytorch", "tensorboard", "wav2vec2", "automatic-speech-recognition", "generated_from_trainer", "license:apache-2.0", "endpoints_compatible", "region:us"], "downloads": 3, "library_name": "transformers", "likes": 1, "model-index": [{"name": "wav2vec2-base-960h-timit-demo-colab", "results": []}], "config": {"architectures": ["Wav2Vec2ForCTC"], "model_type": "wav2vec2", "tokenizer_config": {"unk_token": "[UNK]", "bos_token": "<s>", "eos_token": "</s>", "pad_token": "[PAD]"}}, "cardData": {"license": "apache-2.0", "tags": ["generated_from_trainer"], "model-index": [{"name": "wav2vec2-base-960h-timit-demo-colab", "results": []}]}, "transformersInfo": {"auto_model": "AutoModelForCTC", "pipeline_tag": "automatic-speech-recognition", "processor": "AutoProcessor"}, "siblings": [{"rfilename": ".gitattributes"}, {"rfilename": ".gitignore"}, {"rfilename": "README.md"}, {"rfilename": "config.json"}, {"rfilename": "preprocessor_config.json"}, {"rfilename": "pytorch_model.bin"}, {"rfilename": "runs/Apr22_02-59-42_f98a3df4d1d0/1650596453.3320782/events.out.tfevents.1650596453.f98a3df4d1d0.97.1"}, {"rfilename": "runs/Apr22_02-59-42_f98a3df4d1d0/events.out.tfevents.1650596453.f98a3df4d1d0.97.0"}, {"rfilename": "special_tokens_map.json"}, {"rfilename": "tokenizer_config.json"}, {"rfilename": "training_args.bin"}, {"rfilename": "vocab.json"}], "spaces": [], "createdAt": "2022-04-22T02:59:15.000Z", "inferenceStatus": "not-loaded"}