{"_id": "625fc4ad904d346f7554c449", "id": "obokkkk/wav2vec2-base-timit-demo-colab", "modelId": "obokkkk/wav2vec2-base-timit-demo-colab", "author": "obokkkk", "sha": "5a63ee31a1e6a01b97ce88e6334315d40b2798be", "lastModified": "2022-04-21T09:23:05.000Z", "private": false, "disabled": false, "gated": false, "pipeline_tag": "automatic-speech-recognition", "tags": ["transformers", "pytorch", "tensorboard", "wav2vec2", "automatic-speech-recognition", "generated_from_trainer", "license:apache-2.0", "endpoints_compatible", "region:us"], "downloads": 1, "library_name": "transformers", "likes": 0, "model-index": [{"name": "wav2vec2-base-timit-demo-colab", "results": []}], "config": {"architectures": ["Wav2Vec2ForCTC"], "model_type": "wav2vec2", "tokenizer_config": {"unk_token": "[UNK]", "bos_token": "<s>", "eos_token": "</s>", "pad_token": "[PAD]"}}, "cardData": {"license": "apache-2.0", "tags": ["generated_from_trainer"], "model-index": [{"name": "wav2vec2-base-timit-demo-colab", "results": []}]}, "transformersInfo": {"auto_model": "AutoModelForCTC", "pipeline_tag": "automatic-speech-recognition", "processor": "AutoProcessor"}, "siblings": [{"rfilename": ".gitattributes"}, {"rfilename": ".gitignore"}, {"rfilename": "README.md"}, {"rfilename": "config.json"}, {"rfilename": "preprocessor_config.json"}, {"rfilename": "pytorch_model.bin"}, {"rfilename": "runs/Apr20_13-09-00_34f8b2fe76ad/1650460234.8564227/events.out.tfevents.1650460234.34f8b2fe76ad.95.1"}, {"rfilename": "runs/Apr20_13-09-00_34f8b2fe76ad/events.out.tfevents.1650460234.34f8b2fe76ad.95.0"}, {"rfilename": "runs/Apr21_07-28-34_ef0deb692794/1650526193.8327096/events.out.tfevents.1650526193.ef0deb692794.245.1"}, {"rfilename": "runs/Apr21_07-28-34_ef0deb692794/events.out.tfevents.1650526193.ef0deb692794.245.0"}, {"rfilename": "special_tokens_map.json"}, {"rfilename": "tokenizer_config.json"}, {"rfilename": "training_args.bin"}, {"rfilename": "vocab.json"}], "spaces": [], "createdAt": "2022-04-20T08:30:37.000Z", "inferenceStatus": "not-loaded"}