{"_id": "6266e80bd3b076aa1328fef5", "id": "obokkkk/wav2vec2-base-960h-finetuned_common_voice", "modelId": "obokkkk/wav2vec2-base-960h-finetuned_common_voice", "author": "obokkkk", "sha": "37ce5b3304f0936e83df522008f3a5e5a686ab1b", "lastModified": "2022-04-27T05:15:02.000Z", "private": false, "disabled": false, "gated": false, "pipeline_tag": "automatic-speech-recognition", "tags": ["transformers", "pytorch", "tensorboard", "wav2vec2", "automatic-speech-recognition", "generated_from_trainer", "license:apache-2.0", "endpoints_compatible", "region:us"], "downloads": 2, "library_name": "transformers", "likes": 0, "model-index": [{"name": "wav2vec2-base-960h-finetuned_common_voice", "results": []}], "config": {"architectures": ["Wav2Vec2ForCTC"], "model_type": "wav2vec2", "tokenizer_config": {"unk_token": "[UNK]", "bos_token": "<s>", "eos_token": "</s>", "pad_token": "[PAD]"}}, "cardData": {"license": "apache-2.0", "tags": ["generated_from_trainer"], "model-index": [{"name": "wav2vec2-base-960h-finetuned_common_voice", "results": []}]}, "transformersInfo": {"auto_model": "AutoModelForCTC", "pipeline_tag": "automatic-speech-recognition", "processor": "AutoProcessor"}, "siblings": [{"rfilename": ".gitattributes"}, {"rfilename": ".gitignore"}, {"rfilename": "README.md"}, {"rfilename": "config.json"}, {"rfilename": "preprocessor_config.json"}, {"rfilename": "pytorch_model.bin"}, {"rfilename": "runs/Apr26_08-13-33_42d127e8fdbb/1650960833.182209/events.out.tfevents.1650960833.42d127e8fdbb.97.1"}, {"rfilename": "runs/Apr26_08-13-33_42d127e8fdbb/events.out.tfevents.1650960833.42d127e8fdbb.97.0"}, {"rfilename": "runs/Apr27_02-01-39_ee732fc9a8ad/1651025041.9962695/events.out.tfevents.1651025041.ee732fc9a8ad.95.1"}, {"rfilename": "runs/Apr27_02-01-39_ee732fc9a8ad/events.out.tfevents.1651025041.ee732fc9a8ad.95.0"}, {"rfilename": "special_tokens_map.json"}, {"rfilename": "tokenizer_config.json"}, {"rfilename": "training_args.bin"}, {"rfilename": "vocab.json"}], "spaces": [], "createdAt": "2022-04-25T18:27:23.000Z", "inferenceStatus": "not-loaded"}