{"_id": "634f49ec2cd84978c4960b9b", "id": "obokkkk/bert-base-multilingual-cased-korquad-finetuned-klue", "modelId": "obokkkk/bert-base-multilingual-cased-korquad-finetuned-klue", "author": "obokkkk", "sha": "24489536961a48df0cf2ba7512e35c25ae5688b1", "lastModified": "2022-10-19T00:50:52.000Z", "private": false, "disabled": false, "gated": false, "tags": ["region:us"], "downloads": 0, "likes": 0, "siblings": [{"rfilename": ".gitattributes"}], "spaces": [], "createdAt": "2022-10-19T00:50:52.000Z", "inferenceStatus": "not-loaded"}