{"_id": "6269665dd1ac0cde5927cff7", "id": "obokkkk/wav2vec2-base-960h-finetuned_common_voice2", "modelId": "obokkkk/wav2vec2-base-960h-finetuned_common_voice2", "author": "obokkkk", "sha": "53d5b71135ac105a0217e7388fce3c21feb5b028", "lastModified": "2022-04-27T18:42:54.000Z", "private": false, "disabled": false, "gated": false, "pipeline_tag": "automatic-speech-recognition", "tags": ["transformers", "pytorch", "tensorboard", "wav2vec2", "automatic-speech-recognition", "generated_from_trainer", "license:apache-2.0", "endpoints_compatible", "region:us"], "downloads": 3, "library_name": "transformers", "likes": 0, "model-index": [{"name": "wav2vec2-base-960h-finetuned_common_voice2", "results": []}], "config": {"architectures": ["Wav2Vec2ForCTC"], "model_type": "wav2vec2", "tokenizer_config": {"unk_token": "[UNK]", "bos_token": "<s>", "eos_token": "</s>", "pad_token": "[PAD]"}}, "cardData": {"license": "apache-2.0", "tags": ["generated_from_trainer"], "model-index": [{"name": "wav2vec2-base-960h-finetuned_common_voice2", "results": []}]}, "transformersInfo": {"auto_model": "AutoModelForCTC", "pipeline_tag": "automatic-speech-recognition", "processor": "AutoProcessor"}, "siblings": [{"rfilename": ".gitattributes"}, {"rfilename": ".gitignore"}, {"rfilename": "README.md"}, {"rfilename": "config.json"}, {"rfilename": "preprocessor_config.json"}, {"rfilename": "pytorch_model.bin"}, {"rfilename": "runs/Apr27_15-53-13_6877e61eee5c/1651074936.8183768/events.out.tfevents.1651074936.6877e61eee5c.98.1"}, {"rfilename": "runs/Apr27_15-53-13_6877e61eee5c/events.out.tfevents.1651074936.6877e61eee5c.98.0"}, {"rfilename": "special_tokens_map.json"}, {"rfilename": "tokenizer_config.json"}, {"rfilename": "training_args.bin"}, {"rfilename": "vocab.json"}], "spaces": [], "createdAt": "2022-04-27T15:50:53.000Z", "inferenceStatus": "not-loaded"}