{"_id": "65aa6e6150f85a33edcf0f5d", "id": "obrmmk/tinycodellama-jp-0.6b-30k-v2-instruct2-CSN", "modelId": "obrmmk/tinycodellama-jp-0.6b-30k-v2-instruct2-CSN", "author": "obrmmk", "sha": "1253940ede1c6153037748acc02ca1ead1c9eff9", "lastModified": "2024-01-19T12:45:28.000Z", "private": false, "disabled": false, "gated": false, "pipeline_tag": "text-generation", "tags": ["transformers", "safetensors", "llama", "text-generation", "autotrain_compatible", "text-generation-inference", "endpoints_compatible", "region:us"], "downloads": 1, "library_name": "transformers", "widgetData": [{"text": "My name is Julien and I like to"}, {"text": "My name is Thomas and my main"}, {"text": "My name is Mariama, my favorite"}, {"text": "My name is Clara and I am"}, {"text": "My name is Lewis and I like to"}, {"text": "My name is Merve and my favorite"}, {"text": "My name is Teven and I am"}, {"text": "Once upon a time,"}], "likes": 0, "config": {"architectures": ["LlamaForCausalLM"], "model_type": "llama", "tokenizer_config": {"bos_token": "<s|LLM-jp>", "cls_token": "<CLS|LLM-jp>", "eos_token": "<EOD|LLM-jp>", "mask_token": "<mask|LLM-jp>", "pad_token": "<pad|LLM-jp>", "sep_token": "<SEP|LLM-jp>", "unk_token": "<unk|LLM-jp>"}}, "transformersInfo": {"auto_model": "AutoModelForCausalLM", "pipeline_tag": "text-generation", "processor": "AutoTokenizer"}, "siblings": [{"rfilename": ".gitattributes"}, {"rfilename": "config.json"}, {"rfilename": "generation_config.json"}, {"rfilename": "model.safetensors"}, {"rfilename": "special_tokens_map.json"}, {"rfilename": "tokenizer.json"}, {"rfilename": "tokenizer_config.json"}, {"rfilename": "training_args.bin"}], "spaces": [], "createdAt": "2024-01-19T12:43:13.000Z", "safetensors": {"parameters": {"F32": 647090048}, "total": 647090048}, "inferenceStatus": "not-loaded"}