{"_id": "658d4edb59330b5cf839a8d1", "id": "obrmmk/tinycodellama-jp-1.3b-5k", "modelId": "obrmmk/tinycodellama-jp-1.3b-5k", "author": "obrmmk", "sha": "5469d2425f8f5a1019868cba329d3202c0671fdd", "lastModified": "2023-12-28T10:36:18.000Z", "private": false, "disabled": false, "gated": false, "pipeline_tag": "text-generation", "tags": ["transformers", "safetensors", "llama", "text-generation", "autotrain_compatible", "text-generation-inference", "endpoints_compatible", "region:us"], "downloads": 6, "library_name": "transformers", "widgetData": [{"text": "My name is Julien and I like to"}, {"text": "My name is Thomas and my main"}, {"text": "My name is Mariama, my favorite"}, {"text": "My name is Clara and I am"}, {"text": "My name is Lewis and I like to"}, {"text": "My name is Merve and my favorite"}, {"text": "My name is Teven and I am"}, {"text": "Once upon a time,"}], "likes": 1, "config": {"architectures": ["LlamaForCausalLM"], "model_type": "llama", "tokenizer_config": {"bos_token": "<s|LLM-jp>", "cls_token": "<CLS|LLM-jp>", "eos_token": "<EOD|LLM-jp>", "mask_token": "<mask|LLM-jp>", "pad_token": "<pad|LLM-jp>", "sep_token": "<SEP|LLM-jp>", "unk_token": "<unk|LLM-jp>"}}, "transformersInfo": {"auto_model": "AutoModelForCausalLM", "pipeline_tag": "text-generation", "processor": "AutoTokenizer"}, "siblings": [{"rfilename": ".gitattributes"}, {"rfilename": "config.json"}, {"rfilename": "generation_config.json"}, {"rfilename": "model-00001-of-00002.safetensors"}, {"rfilename": "model-00002-of-00002.safetensors"}, {"rfilename": "model.safetensors.index.json"}, {"rfilename": "special_tokens_map.json"}, {"rfilename": "tokenizer.json"}, {"rfilename": "tokenizer_config.json"}], "spaces": [], "createdAt": "2023-12-28T10:32:59.000Z", "safetensors": {"parameters": {"F32": 1287888384}, "total": 1287888384}, "inferenceStatus": "not-loaded"}