{"_id": "65be3fb7e533078993dac271", "id": "obrmmk/tinycodellama-jp-0.6b-20k-2-instruct-mixcodealpaca-py", "modelId": "obrmmk/tinycodellama-jp-0.6b-20k-2-instruct-mixcodealpaca-py", "author": "obrmmk", "sha": "05c4f60838b688f823559d6d948f94b5cff8f97e", "lastModified": "2024-02-03T13:31:24.000Z", "private": false, "disabled": false, "gated": false, "pipeline_tag": "text-generation", "tags": ["transformers", "pytorch", "llama", "text-generation", "autotrain_compatible", "text-generation-inference", "endpoints_compatible", "region:us"], "downloads": 1, "library_name": "transformers", "widgetData": [{"text": "My name is Julien and I like to"}, {"text": "My name is Thomas and my main"}, {"text": "My name is Mariama, my favorite"}, {"text": "My name is Clara and I am"}, {"text": "My name is Lewis and I like to"}, {"text": "My name is Merve and my favorite"}, {"text": "My name is Teven and I am"}, {"text": "Once upon a time,"}], "likes": 0, "config": {"architectures": ["LlamaForCausalLM"], "model_type": "llama", "tokenizer_config": {"bos_token": "<s|LLM-jp>", "cls_token": "<CLS|LLM-jp>", "eos_token": "<EOD|LLM-jp>", "mask_token": "<mask|LLM-jp>", "pad_token": "<pad|LLM-jp>", "sep_token": "<SEP|LLM-jp>", "unk_token": "<unk|LLM-jp>"}}, "transformersInfo": {"auto_model": "AutoModelForCausalLM", "pipeline_tag": "text-generation", "processor": "AutoTokenizer"}, "siblings": [{"rfilename": ".gitattributes"}, {"rfilename": "config.json"}, {"rfilename": "generation_config.json"}, {"rfilename": "pytorch_model.bin"}, {"rfilename": "special_tokens_map.json"}, {"rfilename": "tokenizer.json"}, {"rfilename": "tokenizer_config.json"}, {"rfilename": "training_args.bin"}], "spaces": [], "createdAt": "2024-02-03T13:29:27.000Z", "inferenceStatus": "not-loaded"}