{"_id": "65b246892b3c9da0b4a0de35", "id": "obrmmk/tinycodellama-jp-0.6b-30k-v2-instruct-JCAdef-CSNmix-30k", "modelId": "obrmmk/tinycodellama-jp-0.6b-30k-v2-instruct-JCAdef-CSNmix-30k", "author": "obrmmk", "sha": "83de8bc27ff867d38b0104d430a86375d755d184", "lastModified": "2024-01-25T11:33:41.000Z", "private": false, "disabled": false, "gated": false, "pipeline_tag": "text-generation", "tags": ["transformers", "safetensors", "llama", "text-generation", "autotrain_compatible", "text-generation-inference", "endpoints_compatible", "region:us"], "downloads": 1, "library_name": "transformers", "widgetData": [{"text": "My name is Julien and I like to"}, {"text": "My name is Thomas and my main"}, {"text": "My name is Mariama, my favorite"}, {"text": "My name is Clara and I am"}, {"text": "My name is Lewis and I like to"}, {"text": "My name is Merve and my favorite"}, {"text": "My name is Teven and I am"}, {"text": "Once upon a time,"}], "likes": 0, "config": {"architectures": ["LlamaForCausalLM"], "model_type": "llama", "tokenizer_config": {"bos_token": "<s|LLM-jp>", "cls_token": "<CLS|LLM-jp>", "eos_token": "<EOD|LLM-jp>", "mask_token": "<mask|LLM-jp>", "pad_token": "<pad|LLM-jp>", "sep_token": "<SEP|LLM-jp>", "unk_token": "<unk|LLM-jp>"}}, "transformersInfo": {"auto_model": "AutoModelForCausalLM", "pipeline_tag": "text-generation", "processor": "AutoTokenizer"}, "siblings": [{"rfilename": ".gitattributes"}, {"rfilename": "config.json"}, {"rfilename": "generation_config.json"}, {"rfilename": "model.safetensors"}, {"rfilename": "special_tokens_map.json"}, {"rfilename": "tokenizer.json"}, {"rfilename": "tokenizer_config.json"}, {"rfilename": "training_args.bin"}], "spaces": [], "createdAt": "2024-01-25T11:31:21.000Z", "safetensors": {"parameters": {"F32": 647090048}, "total": 647090048}, "inferenceStatus": "not-loaded"}