{"_id": "65f1900e82c1f08512b77f7d", "id": "Obscure-Entropy/vit-base-alzheimer-224", "modelId": "Obscure-Entropy/vit-base-alzheimer-224", "author": "Obscure-Entropy", "sha": "6debb52c3e05536322dccc79d5e73ee7215d8e1b", "lastModified": "2024-03-13T11:40:48.000Z", "private": false, "disabled": false, "gated": false, "pipeline_tag": "image-classification", "tags": ["transformers", "safetensors", "vit", "image-classification", "arxiv:1910.09700", "autotrain_compatible", "endpoints_compatible", "region:us"], "downloads": 0, "library_name": "transformers", "likes": 0, "model-index": null, "config": {"architectures": ["ViTForImageClassification"], "model_type": "vit"}, "cardData": {"library_name": "transformers", "tags": []}, "transformersInfo": {"auto_model": "AutoModelForImageClassification", "pipeline_tag": "image-classification", "processor": "AutoImageProcessor"}, "siblings": [{"rfilename": ".gitattributes"}, {"rfilename": "README.md"}, {"rfilename": "config.json"}, {"rfilename": "model.safetensors"}, {"rfilename": "preprocessor_config.json"}], "spaces": [], "createdAt": "2024-03-13T11:37:50.000Z", "safetensors": {"parameters": {"F32": 85801732}, "total": 85801732}, "inferenceStatus": "not-loaded"}