{"_id": "6612dd6566d71ef25edb8110", "id": "Obscure-Entropy/lf-vit-base", "modelId": "Obscure-Entropy/lf-vit-base", "author": "Obscure-Entropy", "sha": "2a3c916a9a50626f4f4743735c5a4f751cc92f29", "lastModified": "2024-04-07T17:52:37.000Z", "private": false, "disabled": false, "gated": false, "tags": ["license:mit", "region:us"], "downloads": 0, "likes": 0, "model-index": null, "cardData": {"license": "mit"}, "siblings": [{"rfilename": ".gitattributes"}, {"rfilename": "README.md"}], "spaces": [], "createdAt": "2024-04-07T17:52:37.000Z", "inferenceStatus": "not-loaded"}