{"_id": "65e38c72f802fb396b3ce330", "id": "Obser/gay", "modelId": "Obser/gay", "author": "Obser", "sha": "5329a6bae36400ad2fcc287f9233cc17f0e45790", "lastModified": "2024-03-02T20:30:42.000Z", "private": false, "disabled": false, "gated": false, "tags": ["license:apache-2.0", "region:us"], "downloads": 0, "likes": 0, "model-index": null, "cardData": {"license": "apache-2.0"}, "siblings": [{"rfilename": ".gitattributes"}, {"rfilename": "README.md"}], "spaces": [], "createdAt": "2024-03-02T20:30:42.000Z", "inferenceStatus": "not-loaded"}