{"_id": "66546080a2d7a882a82b25aa", "id": "ObserverAI/bart-cnn-samsum-finetuned", "modelId": "ObserverAI/bart-cnn-samsum-finetuned", "author": "ObserverAI", "sha": "fb807e00f36cc650aaa04b158eb6b0813ba28555", "lastModified": "2024-05-27T10:50:46.000Z", "private": false, "disabled": false, "gated": false, "pipeline_tag": "text2text-generation", "tags": ["transformers", "tensorboard", "safetensors", "bart", "text2text-generation", "generated_from_trainer", "dataset:samsum", "base_model:facebook/bart-large-cnn", "license:mit", "autotrain_compatible", "endpoints_compatible", "region:us"], "downloads": 2, "library_name": "transformers", "mask_token": "<mask>", "likes": 0, "model-index": [{"name": "bart-cnn-samsum-finetuned", "results": []}], "config": {"architectures": ["BartForConditionalGeneration"], "model_type": "bart", "tokenizer_config": {"bos_token": "<s>", "cls_token": "<s>", "eos_token": "</s>", "mask_token": "<mask>", "pad_token": "</s>", "sep_token": "</s>", "unk_token": "<unk>"}}, "cardData": {"license": "mit", "base_model": "facebook/bart-large-cnn", "tags": ["generated_from_trainer"], "datasets": ["samsum"], "model-index": [{"name": "bart-cnn-samsum-finetuned", "results": []}]}, "transformersInfo": {"auto_model": "AutoModelForSeq2SeqLM", "pipeline_tag": "text2text-generation", "processor": "AutoTokenizer"}, "siblings": [{"rfilename": ".gitattributes"}, {"rfilename": "README.md"}, {"rfilename": "config.json"}, {"rfilename": "generation_config.json"}, {"rfilename": "merges.txt"}, {"rfilename": "model.safetensors"}, {"rfilename": "runs/May27_10-25-58_bbc791e8790d/events.out.tfevents.1716805565.bbc791e8790d.714.0"}, {"rfilename": "runs/May27_10-47-17_bbc791e8790d/events.out.tfevents.1716806847.bbc791e8790d.6036.0"}, {"rfilename": "special_tokens_map.json"}, {"rfilename": "tokenizer.json"}, {"rfilename": "tokenizer_config.json"}, {"rfilename": "training_args.bin"}, {"rfilename": "vocab.json"}], "spaces": ["jigardeveloper/ObserverAI-bart-cnn-samsum-finetuned"], "createdAt": "2024-05-27T10:29:20.000Z", "safetensors": {"parameters": {"F32": 406340696}, "total": 406340696}, "inferenceStatus": "not-loaded"}