{"_id": "66583edb3581860aa6140083", "id": "ObserverAI/bart-legal-condition-finetuned", "modelId": "ObserverAI/bart-legal-condition-finetuned", "author": "ObserverAI", "sha": "64d3ec23f67fe80fcbdfe9b944cdf42df331e332", "lastModified": "2024-05-31T09:28:37.000Z", "private": false, "disabled": false, "gated": false, "pipeline_tag": "text2text-generation", "tags": ["transformers", "tensorboard", "safetensors", "pegasus", "text2text-generation", "generated_from_trainer", "base_model:google/pegasus-large", "autotrain_compatible", "endpoints_compatible", "region:us"], "downloads": 2, "library_name": "transformers", "likes": 0, "model-index": [{"name": "bart-legal-condition-finetuned", "results": []}], "config": {"architectures": ["PegasusForConditionalGeneration"], "model_type": "pegasus", "tokenizer_config": {"eos_token": "</s>", "mask_token": "<mask_2>", "pad_token": "</s>", "unk_token": "<unk>"}}, "cardData": {"base_model": "google/pegasus-large", "tags": ["generated_from_trainer"], "model-index": [{"name": "bart-legal-condition-finetuned", "results": []}]}, "transformersInfo": {"auto_model": "AutoModelForSeq2SeqLM", "pipeline_tag": "text2text-generation", "processor": "AutoTokenizer"}, "siblings": [{"rfilename": ".gitattributes"}, {"rfilename": "README.md"}, {"rfilename": "config.json"}, {"rfilename": "generation_config.json"}, {"rfilename": "merges.txt"}, {"rfilename": "model.safetensors"}, {"rfilename": "runs/May30_08-54-31_4893351bd440/events.out.tfevents.1717059277.4893351bd440.467.0"}, {"rfilename": "runs/May30_09-02-37_4893351bd440/events.out.tfevents.1717059763.4893351bd440.467.1"}, {"rfilename": "runs/May30_09-36-55_4893351bd440/events.out.tfevents.1717061822.4893351bd440.467.2"}, {"rfilename": "runs/May30_09-42-07_4893351bd440/events.out.tfevents.1717062142.4893351bd440.467.3"}, {"rfilename": "runs/May30_09-58-08_4893351bd440/events.out.tfevents.1717063098.4893351bd440.467.4"}, {"rfilename": "runs/May30_10-11-34_4893351bd440/events.out.tfevents.1717063902.4893351bd440.467.5"}, {"rfilename": "runs/May31_09-25-48_bbf1b0761293/events.out.tfevents.1717147552.bbf1b0761293.492.0"}, {"rfilename": "special_tokens_map.json"}, {"rfilename": "spiece.model"}, {"rfilename": "tokenizer.json"}, {"rfilename": "tokenizer_config.json"}, {"rfilename": "training_args.bin"}, {"rfilename": "vocab.json"}], "spaces": ["raju-makavana78/ObserverAI-bart-legal-condition-finetuned", "jigardeveloper/ObserverAI-bart-legal-condition-finetuned"], "createdAt": "2024-05-30T08:54:51.000Z", "safetensors": {"parameters": {"F32": 570893159}, "total": 570893159}, "inferenceStatus": "not-loaded"}