{"_id": "621ffdc136468d709f17e9bf", "id": "obss/mt5-small-3task-highlight-tquad2", "modelId": "obss/mt5-small-3task-highlight-tquad2", "author": "obss", "sha": "50f63852d58c76653f479e3c6103b8d309e675fc", "lastModified": "2022-12-14T08:32:42.000Z", "private": false, "disabled": false, "gated": false, "pipeline_tag": "text2text-generation", "tags": ["transformers", "pytorch", "mt5", "text2text-generation", "question-generation", "answer-extraction", "question-answering", "text-generation", "tr", "dataset:tquad1", "dataset:tquad2", "dataset:xquad", "arxiv:2111.06476", "license:cc-by-4.0", "autotrain_compatible", "endpoints_compatible", "region:us"], "downloads": 2, "library_name": "transformers", "widgetData": [{"text": "generate question: Legendary Entertainment, 2016 y\u0131l\u0131nda bilimkurgu roman\u0131 Dune'un <hl> film ve TV haklar\u0131n\u0131 <hl> sat\u0131n ald\u0131. Geli\u015ftirme k\u0131sa bir s\u00fcre sonra ba\u015flad\u0131. Villeneuve projeye olan ilgisini dile getirdi ve resmi olarak y\u00f6netmen olarak imza att\u0131. Roth ve Spaihts ile birlikte \u00e7al\u0131\u015farak senaryoyu iki b\u00f6l\u00fcme ay\u0131rd\u0131 ve 1965 roman\u0131n\u0131n 21. y\u00fczy\u0131la g\u00fcncellenmi\u015f bir uyarlamas\u0131n\u0131 ekledi.", "example_title": "Question Generation (Movie)"}, {"text": "generate question: Fatih Sultan Mehmet,  Cenevizlilerin \u00f6nemli \u00fcslerinden  Amasra\u2019y\u0131 ald\u0131. <hl> 1479\u2019da <hl> bir antla\u015fma yaparak  Venedik'le 16 y\u0131ll\u0131k sava\u015fa son verdi.", "example_title": "Question Generation (History)"}, {"text": "extract answers: Cenevizlilerin \u00f6nemli \u00fcslerinden Amasra\u2019y\u0131 ald\u0131. <hl> 1479\u2019da bir antla\u015fma yaparak Venedik'le 16 y\u0131ll\u0131k sava\u015fa sona verdi. <hl>", "example_title": "Answer Extraction (History)"}, {"text": "question: Bu model ne ise yarar? context: \u00c7al\u0131\u015fmada sunulan y\u00f6ntemle, T\u00fcrk\u00e7e metinlerden otomatik olarak soru ve cevap \u00fcretilebilir. Bu proje ile payla\u015f\u0131lan kaynak kodu ile T\u00fcrk\u00e7e Soru \u00dcretme / Soru Cevaplama konular\u0131nda yeni akademik \u00e7al\u0131\u015fmalar yap\u0131labilir. Projenin detaylar\u0131na payla\u015f\u0131lan Github ve Arxiv linklerinden ula\u015f\u0131labilir.", "example_title": "Answer Extraction (Open Domain)"}], "likes": 0, "model-index": null, "config": {"architectures": ["MT5ForConditionalGeneration"], "model_type": "mt5", "tokenizer_config": {"eos_token": "</s>", "unk_token": "<unk>", "pad_token": "<pad>"}}, "cardData": {"language": "tr", "datasets": ["tquad1", "tquad2", "xquad"], "tags": ["text2text-generation", "question-generation", "answer-extraction", "question-answering", "text-generation"], "pipeline_tag": "text2text-generation", "widget": [{"text": "generate question: Legendary Entertainment, 2016 y\u0131l\u0131nda bilimkurgu roman\u0131 Dune'un <hl> film ve TV haklar\u0131n\u0131 <hl> sat\u0131n ald\u0131. Geli\u015ftirme k\u0131sa bir s\u00fcre sonra ba\u015flad\u0131. Villeneuve projeye olan ilgisini dile getirdi ve resmi olarak y\u00f6netmen olarak imza att\u0131. Roth ve Spaihts ile birlikte \u00e7al\u0131\u015farak senaryoyu iki b\u00f6l\u00fcme ay\u0131rd\u0131 ve 1965 roman\u0131n\u0131n 21. y\u00fczy\u0131la g\u00fcncellenmi\u015f bir uyarlamas\u0131n\u0131 ekledi.", "example_title": "Question Generation (Movie)"}, {"text": "generate question: Fatih Sultan Mehmet,  Cenevizlilerin \u00f6nemli \u00fcslerinden  Amasra\u2019y\u0131 ald\u0131. <hl> 1479\u2019da <hl> bir antla\u015fma yaparak  Venedik'le 16 y\u0131ll\u0131k sava\u015fa son verdi.", "example_title": "Question Generation (History)"}, {"text": "extract answers: Cenevizlilerin \u00f6nemli \u00fcslerinden Amasra\u2019y\u0131 ald\u0131. <hl> 1479\u2019da bir antla\u015fma yaparak Venedik'le 16 y\u0131ll\u0131k sava\u015fa sona verdi. <hl>", "example_title": "Answer Extraction (History)"}, {"text": "question: Bu model ne ise yarar? context: \u00c7al\u0131\u015fmada sunulan y\u00f6ntemle, T\u00fcrk\u00e7e metinlerden otomatik olarak soru ve cevap \u00fcretilebilir. Bu proje ile payla\u015f\u0131lan kaynak kodu ile T\u00fcrk\u00e7e Soru \u00dcretme / Soru Cevaplama konular\u0131nda yeni akademik \u00e7al\u0131\u015fmalar yap\u0131labilir. Projenin detaylar\u0131na payla\u015f\u0131lan Github ve Arxiv linklerinden ula\u015f\u0131labilir.", "example_title": "Answer Extraction (Open Domain)"}], "license": "cc-by-4.0"}, "transformersInfo": {"auto_model": "AutoModelForSeq2SeqLM", "pipeline_tag": "text2text-generation", "processor": "AutoTokenizer"}, "siblings": [{"rfilename": ".gitattributes"}, {"rfilename": "README.md"}, {"rfilename": "added_tokens.json"}, {"rfilename": "config.json"}, {"rfilename": "experiment_config.yaml"}, {"rfilename": "pytorch_model.bin"}, {"rfilename": "special_tokens_map.json"}, {"rfilename": "spiece.model"}, {"rfilename": "tokenizer.json"}, {"rfilename": "tokenizer_config.json"}, {"rfilename": "training_args.bin"}], "spaces": [], "createdAt": "2022-03-02T23:29:05.000Z", "inferenceStatus": "not-loaded"}