{"_id": "65d4ed5a1e07c6a11c718567", "id": "OBTurkish/aykutyeni", "modelId": "OBTurkish/aykutyeni", "author": "OBTurkish", "sha": "fe54e8a4cdb93b9c534e8a553114a9d51737c6ad", "lastModified": "2024-02-20T18:20:50.000Z", "private": false, "disabled": false, "gated": false, "tags": ["license:mit", "region:us"], "downloads": 0, "likes": 0, "model-index": null, "cardData": {"license": "mit"}, "siblings": [{"rfilename": ".gitattributes"}, {"rfilename": "README.md"}, {"rfilename": "aykutyeni.zip"}], "spaces": [], "createdAt": "2024-02-20T18:20:10.000Z", "inferenceStatus": "not-loaded"}