{"_id": "645c97238ce4443cae6bec03", "id": "obubot/banguntaga", "modelId": "obubot/banguntaga", "author": "obubot", "sha": "345eb94a500d1abf19853b7b897457e6cd30b4d3", "lastModified": "2023-05-11T07:20:03.000Z", "private": false, "disabled": false, "gated": false, "tags": ["license:openrail", "region:us"], "downloads": 0, "likes": 0, "model-index": null, "cardData": {"license": "openrail"}, "siblings": [{"rfilename": ".gitattributes"}, {"rfilename": "README.md"}], "spaces": [], "createdAt": "2023-05-11T07:20:03.000Z", "inferenceStatus": "not-loaded"}