{"_id": "65e7672bf5327086eb00e691", "id": "obudzecie/distilbert-base-uncased-finetuned-sst2", "modelId": "obudzecie/distilbert-base-uncased-finetuned-sst2", "author": "obudzecie", "sha": "46305b605216ad9204a0635639297eacf9c96cb7", "lastModified": "2024-03-05T18:40:43.000Z", "private": false, "disabled": false, "gated": false, "tags": ["region:us"], "downloads": 0, "likes": 0, "siblings": [{"rfilename": ".gitattributes"}], "spaces": [], "createdAt": "2024-03-05T18:40:43.000Z", "inferenceStatus": "not-loaded"}