{"_id": "65e96fa96c2661031332c86c", "id": "obudzecie/mobilebert-uncased-finetuned-rte", "modelId": "obudzecie/mobilebert-uncased-finetuned-rte", "author": "obudzecie", "sha": "9f38e996139d4d025a90f754471705f4bc91eb84", "lastModified": "2024-03-07T07:41:29.000Z", "private": false, "disabled": false, "gated": false, "tags": ["region:us"], "downloads": 0, "likes": 0, "siblings": [{"rfilename": ".gitattributes"}], "spaces": [], "createdAt": "2024-03-07T07:41:29.000Z", "inferenceStatus": "not-loaded"}