{"_id": "6671206b938266072cd91a3f", "id": "obulikrish/i2s_jun2024", "modelId": "obulikrish/i2s_jun2024", "author": "obulikrish", "sha": "567d2b4bef164f805a7c3a0843333d28d5c98fa8", "lastModified": "2024-06-18T12:58:50.000Z", "private": false, "disabled": false, "gated": false, "tags": ["peft", "safetensors", "arxiv:1910.09700", "base_model:Salesforce/codet5p-770m", "region:us"], "downloads": 13, "library_name": "peft", "likes": 0, "model-index": null, "config": {"peft": {"base_model_name_or_path": "Salesforce/codet5p-770m", "task_type": "SEQ_2_SEQ_LM"}}, "cardData": {"base_model": "Salesforce/codet5p-770m", "library_name": "peft"}, "siblings": [{"rfilename": ".gitattributes"}, {"rfilename": "README.md"}, {"rfilename": "adapter_config.json"}, {"rfilename": "adapter_model.safetensors"}, {"rfilename": "trainer_state.json"}], "spaces": [], "createdAt": "2024-06-18T05:51:39.000Z", "inferenceStatus": "not-loaded"}