{"_id": "66712084967bfd8a13e5f548", "id": "obulikrish/c2s_jun2024", "modelId": "obulikrish/c2s_jun2024", "author": "obulikrish", "sha": "485ccd336e92d1b36bea13dadf3f45923ede4d78", "lastModified": "2024-06-18T20:43:46.000Z", "private": false, "disabled": false, "gated": false, "tags": ["peft", "safetensors", "arxiv:1910.09700", "base_model:Salesforce/codet5p-770m", "region:us"], "downloads": 12, "library_name": "peft", "likes": 0, "model-index": null, "config": {"peft": {"base_model_name_or_path": "Salesforce/codet5p-770m", "task_type": "SEQ_2_SEQ_LM"}}, "cardData": {"base_model": "Salesforce/codet5p-770m", "library_name": "peft"}, "siblings": [{"rfilename": ".gitattributes"}, {"rfilename": "README.md"}, {"rfilename": "adapter_config.json"}, {"rfilename": "adapter_model.safetensors"}, {"rfilename": "trainer_state.json"}], "spaces": [], "createdAt": "2024-06-18T05:52:04.000Z", "inferenceStatus": "not-loaded"}