{"_id": "64c18319e82e55936cfbbbbd", "id": "Oburaco/ptbr-falcon-7b-v3", "modelId": "Oburaco/ptbr-falcon-7b-v3", "author": "Oburaco", "sha": "89f3c30b261c6fec26c9213105b6d5f1305a7a71", "lastModified": "2023-07-26T20:33:33.000Z", "private": false, "disabled": false, "gated": false, "tags": ["region:us"], "downloads": 0, "likes": 0, "siblings": [{"rfilename": ".gitattributes"}, {"rfilename": "adapter_config.json"}, {"rfilename": "adapter_model.bin"}], "spaces": ["eduagarcia/open_pt_llm_leaderboard"], "createdAt": "2023-07-26T20:33:29.000Z", "inferenceStatus": "not-loaded"}