{"_id": "64b7fbd390b38df833936a01", "id": "Oburaco/midjourney-falcon-7b", "modelId": "Oburaco/midjourney-falcon-7b", "author": "Oburaco", "sha": "ea626b975b8335605e48d55477e7b8fb017f795e", "lastModified": "2023-07-19T15:09:49.000Z", "private": false, "disabled": false, "gated": false, "tags": ["license:openrail", "region:us"], "downloads": 0, "likes": 0, "model-index": null, "cardData": {"license": "openrail"}, "siblings": [{"rfilename": ".gitattributes"}, {"rfilename": "README.md"}, {"rfilename": "adapter_config.json"}, {"rfilename": "adapter_model.bin"}], "spaces": [], "createdAt": "2023-07-19T15:05:55.000Z", "inferenceStatus": "not-loaded"}