{"_id": "666d1efbeeca3ee660b47cd3", "id": "Obzy/ppo-Huggy", "modelId": "Obzy/ppo-Huggy", "author": "Obzy", "sha": "025893ac4117e4d0b8f6443a8c2c9e788df3473a", "lastModified": "2024-06-15T04:56:39.000Z", "private": false, "disabled": false, "gated": false, "pipeline_tag": "reinforcement-learning", "tags": ["ml-agents", "tensorboard", "onnx", "Huggy", "deep-reinforcement-learning", "reinforcement-learning", "ML-Agents-Huggy", "region:us"], "downloads": 86, "library_name": "ml-agents", "likes": 0, "model-index": null, "config": {}, "cardData": {"library_name": "ml-agents", "tags": ["Huggy", "deep-reinforcement-learning", "reinforcement-learning", "ML-Agents-Huggy"]}, "siblings": [{"rfilename": ".gitattributes"}, {"rfilename": "Huggy.onnx"}, {"rfilename": "Huggy/Huggy-1199944.onnx"}, {"rfilename": "Huggy/Huggy-1199944.pt"}, {"rfilename": "Huggy/Huggy-1399935.onnx"}, {"rfilename": "Huggy/Huggy-1399935.pt"}, {"rfilename": "Huggy/Huggy-1599975.onnx"}, {"rfilename": "Huggy/Huggy-1599975.pt"}, {"rfilename": "Huggy/Huggy-1799815.onnx"}, {"rfilename": "Huggy/Huggy-1799815.pt"}, {"rfilename": "Huggy/Huggy-199941.onnx"}, {"rfilename": "Huggy/Huggy-199941.pt"}, {"rfilename": "Huggy/Huggy-1999954.onnx"}, {"rfilename": "Huggy/Huggy-1999954.pt"}, {"rfilename": "Huggy/Huggy-2000007.onnx"}, {"rfilename": "Huggy/Huggy-2000007.pt"}, {"rfilename": "Huggy/Huggy-399664.onnx"}, {"rfilename": "Huggy/Huggy-399664.pt"}, {"rfilename": "Huggy/Huggy-599916.onnx"}, {"rfilename": "Huggy/Huggy-599916.pt"}, {"rfilename": "Huggy/Huggy-799951.onnx"}, {"rfilename": "Huggy/Huggy-799951.pt"}, {"rfilename": "Huggy/Huggy-999995.onnx"}, {"rfilename": "Huggy/Huggy-999995.pt"}, {"rfilename": "Huggy/checkpoint.pt"}, {"rfilename": "Huggy/events.out.tfevents.1718421387.ab3d7301b6a1.5322.0"}, {"rfilename": "README.md"}, {"rfilename": "config.json"}, {"rfilename": "configuration.yaml"}, {"rfilename": "run_logs/Player-0.log"}, {"rfilename": "run_logs/timers.json"}, {"rfilename": "run_logs/training_status.json"}], "spaces": [], "createdAt": "2024-06-15T04:56:27.000Z", "inferenceStatus": "not-loaded"}