{"_id": "64fb5bbad75293f417dd2b03", "id": "ocariz/ddpm-mnist-64", "modelId": "ocariz/ddpm-mnist-64", "author": "ocariz", "sha": "1dceff0be0db496be3db5c8831b874efe01d2bbe", "lastModified": "2023-09-08T22:14:51.000Z", "private": false, "disabled": false, "gated": false, "tags": ["tensorboard", "region:us"], "downloads": 0, "likes": 0, "siblings": [{"rfilename": ".gitattributes"}, {"rfilename": "logs/train_example/events.out.tfevents.1694194630.b0ff01687bde.2383.0"}, {"rfilename": "logs/train_example/events.out.tfevents.1694195393.b0ff01687bde.2383.1"}, {"rfilename": "logs/train_example/events.out.tfevents.1694195420.b0ff01687bde.2383.2"}, {"rfilename": "logs/train_example/events.out.tfevents.1694196169.b0ff01687bde.2383.3"}, {"rfilename": "logs/train_example/events.out.tfevents.1694207586.9492b3b47c78.327.0"}, {"rfilename": "logs/train_example/events.out.tfevents.1694208435.9492b3b47c78.327.1"}, {"rfilename": "logs/train_example/events.out.tfevents.1694208500.9492b3b47c78.327.2"}, {"rfilename": "samples/0009.png"}, {"rfilename": "samples/0019.png"}], "spaces": [], "createdAt": "2023-09-08T17:36:58.000Z", "inferenceStatus": "not-loaded"}