{"_id": "64fbf52fc7f04f7cee8de960", "id": "ocariz/ddpm-butterflies", "modelId": "ocariz/ddpm-butterflies", "author": "ocariz", "sha": "3e60119b4d0d0dfe01a08d219a3230baeb37cb5a", "lastModified": "2023-09-09T05:08:37.000Z", "private": false, "disabled": false, "gated": false, "tags": ["diffusers", "safetensors", "region:us"], "downloads": 20, "library_name": "diffusers", "likes": 0, "config": {}, "siblings": [{"rfilename": ".gitattributes"}, {"rfilename": "config.json"}, {"rfilename": "diffusion_pytorch_model.safetensors"}], "spaces": [], "createdAt": "2023-09-09T04:31:43.000Z", "inferenceStatus": "not-loaded"}