{"_id": "642ae8dffe4a12faa4289cc2", "id": "ocariz/butterfly_200", "modelId": "ocariz/butterfly_200", "author": "ocariz", "sha": "c66c7a9bd181a53aec9777d63f08fa9bfc54c242", "lastModified": "2023-04-03T14:56:29.000Z", "private": false, "disabled": false, "gated": false, "pipeline_tag": "unconditional-image-generation", "tags": ["diffusers", "pytorch", "unconditional-image-generation", "diffusion-models-class", "license:mit", "diffusers:DDPMPipeline", "region:us"], "downloads": 8, "library_name": "diffusers", "likes": 0, "model-index": null, "config": {"diffusers": {"_class_name": "DDPMPipeline"}}, "cardData": {"license": "mit", "tags": ["pytorch", "diffusers", "unconditional-image-generation", "diffusion-models-class"]}, "siblings": [{"rfilename": ".gitattributes"}, {"rfilename": "README.md"}, {"rfilename": "config.json"}, {"rfilename": "diffusion_pytorch_model.bin"}, {"rfilename": "model_index.json"}, {"rfilename": "scheduler_config.json"}], "spaces": [], "createdAt": "2023-04-03T14:55:27.000Z", "inferenceStatus": "not-loaded"}