{"_id": "6455fa9803625871eb6de28b", "id": "OccamRazor/mpt-7b-storywriter-4bit-128g", "modelId": "OccamRazor/mpt-7b-storywriter-4bit-128g", "author": "OccamRazor", "sha": "35729ae2d805e94bdcc30c84ac618b3316863ff3", "lastModified": "2023-05-08T18:48:05.000Z", "private": false, "disabled": false, "gated": false, "pipeline_tag": "text-generation", "tags": ["transformers", "safetensors", "mpt", "text-generation", "Composer", "MosaicML", "llm-foundry", "custom_code", "dataset:the_pile_books3", "arxiv:2108.12409", "arxiv:2205.14135", "license:apache-2.0", "autotrain_compatible", "text-generation-inference", "region:us"], "downloads": 55, "library_name": "transformers", "widgetData": [{"text": "My name is Julien and I like to"}, {"text": "My name is Thomas and my main"}, {"text": "My name is Mariama, my favorite"}, {"text": "My name is Clara and I am"}, {"text": "My name is Lewis and I like to"}, {"text": "My name is Merve and my favorite"}, {"text": "My name is Teven and I am"}, {"text": "Once upon a time,"}], "likes": 123, "model-index": null, "config": {"architectures": ["MPTForCausalLM"], "auto_map": {"AutoConfig": "configuration_mpt.MPTConfig", "AutoModelForCausalLM": "modeling_mpt.MPTForCausalLM"}, "model_type": "mpt", "tokenizer_config": {"bos_token": "<|endoftext|>", "eos_token": "<|endoftext|>", "unk_token": "<|endoftext|>"}}, "cardData": {"license": "apache-2.0", "tags": ["Composer", "MosaicML", "llm-foundry"], "datasets": ["the_pile_books3"], "inference": false}, "transformersInfo": {"auto_model": "AutoModelForCausalLM", "custom_class": "modeling_mpt.MPTForCausalLM", "pipeline_tag": "text-generation", "processor": "AutoTokenizer"}, "siblings": [{"rfilename": ".gitattributes"}, {"rfilename": "README.md"}, {"rfilename": "config.json"}, {"rfilename": "generation_config.json"}, {"rfilename": "model.safetensors"}, {"rfilename": "special_tokens_map.json"}, {"rfilename": "tokenizer.json"}, {"rfilename": "tokenizer_config.json"}], "spaces": [], "createdAt": "2023-05-06T06:58:32.000Z", "safetensors": {"parameters": {"F32": 51511296, "I32": 811597824, "BF16": 206835712}, "total": 1069944832}, "inferenceStatus": "not-loaded"}