{"_id": "65d77e544536d93eb8b0a1c3", "id": "occiglot/occiglot-7b-de-en", "modelId": "occiglot/occiglot-7b-de-en", "author": "occiglot", "sha": "38ade6647746e49e5ac9c1075dda757f19bdb5f0", "lastModified": "2024-03-11T14:23:05.000Z", "private": false, "disabled": false, "gated": false, "pipeline_tag": "text-generation", "tags": ["transformers", "safetensors", "mistral", "text-generation", "en", "de", "license:apache-2.0", "autotrain_compatible", "text-generation-inference", "endpoints_compatible", "region:us"], "downloads": 64, "library_name": "transformers", "widgetData": [{"text": "My name is Julien and I like to"}, {"text": "My name is Thomas and my main"}, {"text": "My name is Mariama, my favorite"}, {"text": "My name is Clara and I am"}, {"text": "My name is Lewis and I like to"}, {"text": "My name is Merve and my favorite"}, {"text": "My name is Teven and I am"}, {"text": "Once upon a time,"}], "likes": 8, "model-index": null, "config": {"architectures": ["MistralForCausalLM"], "model_type": "mistral", "tokenizer_config": {"bos_token": "<s>", "eos_token": "</s>", "pad_token": null, "unk_token": "<unk>", "use_default_system_prompt": false}}, "cardData": {"license": "apache-2.0", "language": ["en", "de"], "pipeline_tag": "text-generation"}, "transformersInfo": {"auto_model": "AutoModelForCausalLM", "pipeline_tag": "text-generation", "processor": "AutoTokenizer"}, "siblings": [{"rfilename": ".gitattributes"}, {"rfilename": "README.md"}, {"rfilename": "config.json"}, {"rfilename": "generation_config.json"}, {"rfilename": "model-00001-of-00006.safetensors"}, {"rfilename": "model-00002-of-00006.safetensors"}, {"rfilename": "model-00003-of-00006.safetensors"}, {"rfilename": "model-00004-of-00006.safetensors"}, {"rfilename": "model-00005-of-00006.safetensors"}, {"rfilename": "model-00006-of-00006.safetensors"}, {"rfilename": "model.safetensors.index.json"}, {"rfilename": "special_tokens_map.json"}, {"rfilename": "tokenizer.json"}, {"rfilename": "tokenizer.model"}, {"rfilename": "tokenizer_config.json"}], "spaces": [], "createdAt": "2024-02-22T17:03:16.000Z", "safetensors": {"parameters": {"F32": 7241732096}, "total": 7241732096}, "inferenceStatus": "not-loaded"}