{"_id": "64db60beaf71513f29218162", "id": "OccultMC/FitMC", "modelId": "OccultMC/FitMC", "author": "OccultMC", "sha": "11046f1154c260afc52be21d8fca7b442e947d58", "lastModified": "2023-08-15T11:37:27.000Z", "private": false, "disabled": false, "gated": false, "tags": ["license:openrail", "region:us"], "downloads": 0, "likes": 0, "model-index": null, "cardData": {"license": "openrail"}, "siblings": [{"rfilename": ".gitattributes"}, {"rfilename": "FitMC_RVCv2_300_Epoch.zip"}, {"rfilename": "README.md"}], "spaces": [], "createdAt": "2023-08-15T11:25:50.000Z", "inferenceStatus": "not-loaded"}