{"_id": "659d71676d53a86de6b5a322", "id": "e-cigarette-marketing-ml/e-cigarette-object-detection", "modelId": "e-cigarette-marketing-ml/e-cigarette-object-detection", "author": "e-cigarette-marketing-ml", "sha": "9dc63c416101b6f1ee03b926cf41a33740704da0", "lastModified": "2024-01-09T16:35:34.000Z", "private": false, "disabled": false, "gated": false, "tags": ["license:cc-by-4.0", "region:us"], "downloads": 0, "likes": 0, "model-index": null, "cardData": {"license": "cc-by-4.0"}, "siblings": [{"rfilename": ".gitattributes"}, {"rfilename": "README.md"}, {"rfilename": "ecig-objdet-vfnet.pth"}], "spaces": [], "createdAt": "2024-01-09T16:16:39.000Z", "inferenceStatus": "not-loaded"}