{"_id": "64cf8d7f9cff738203746187", "id": "E-ELMTALAB/blip-image-captioning-large-mustang", "modelId": "E-ELMTALAB/blip-image-captioning-large-mustang", "author": "E-ELMTALAB", "sha": "bb4ed9f7d325c195f6c747c7998e7db3d3b89406", "lastModified": "2023-08-06T12:09:35.000Z", "private": false, "disabled": false, "gated": false, "tags": ["region:us"], "downloads": 0, "likes": 0, "siblings": [{"rfilename": ".gitattributes"}], "spaces": [], "createdAt": "2023-08-06T12:09:35.000Z", "inferenceStatus": "not-loaded"}