{"_id": "65aebfc622762a684e6cb7e2", "id": "e-hossam96/xlm-roberta-base-finetuned-en-ar-mlm-0.15-large", "modelId": "e-hossam96/xlm-roberta-base-finetuned-en-ar-mlm-0.15-large", "author": "e-hossam96", "sha": "d65e72ee79d4e2f95ba4e4e381a85f3b3258bcd4", "lastModified": "2024-03-20T05:14:38.000Z", "private": false, "disabled": false, "gated": false, "pipeline_tag": "fill-mask", "tags": ["transformers", "safetensors", "xlm-roberta", "fill-mask", "generated_from_trainer", "base_model:xlm-roberta-base", "license:mit", "autotrain_compatible", "endpoints_compatible", "region:us"], "downloads": 0, "library_name": "transformers", "mask_token": "<mask>", "widgetData": [{"text": "Paris is the <mask> of France."}, {"text": "The goal of life is <mask>."}], "likes": 0, "model-index": [{"name": "xlm-roberta-base-finetuned-en-ar-mlm-0.15-large", "results": []}], "config": {"architectures": ["XLMRobertaForMaskedLM"], "model_type": "xlm-roberta", "tokenizer_config": {"bos_token": "<s>", "cls_token": "<s>", "eos_token": "</s>", "mask_token": "<mask>", "pad_token": "<pad>", "sep_token": "</s>", "unk_token": "<unk>"}}, "cardData": {"license": "mit", "base_model": "xlm-roberta-base", "tags": ["generated_from_trainer"], "model-index": [{"name": "xlm-roberta-base-finetuned-en-ar-mlm-0.15-large", "results": []}]}, "transformersInfo": {"auto_model": "AutoModelForMaskedLM", "pipeline_tag": "fill-mask", "processor": "AutoTokenizer"}, "siblings": [{"rfilename": ".gitattributes"}, {"rfilename": "README.md"}, {"rfilename": "config.json"}, {"rfilename": "model.safetensors"}, {"rfilename": "sentencepiece.bpe.model"}, {"rfilename": "special_tokens_map.json"}, {"rfilename": "tokenizer.json"}, {"rfilename": "tokenizer_config.json"}, {"rfilename": "training_args.bin"}], "spaces": [], "createdAt": "2024-01-22T19:19:34.000Z", "safetensors": {"parameters": {"F32": 278295186}, "total": 278295186}, "inferenceStatus": "not-loaded"}