{"_id": "654be866d6153dccbe373771", "id": "E-Hospital/open-orca-platypus-2-lora-latest", "modelId": "E-Hospital/open-orca-platypus-2-lora-latest", "author": "E-Hospital", "sha": "48dee4b77ad345dbb6a873fae3e94959c9edef5a", "lastModified": "2023-11-08T20:07:40.000Z", "private": false, "disabled": false, "gated": false, "pipeline_tag": "text-generation", "tags": ["transformers", "safetensors", "llama", "text-generation", "autotrain_compatible", "text-generation-inference", "endpoints_compatible", "8-bit", "bitsandbytes", "region:us"], "downloads": 2, "library_name": "transformers", "widgetData": [{"text": "My name is Julien and I like to"}, {"text": "My name is Thomas and my main"}, {"text": "My name is Mariama, my favorite"}, {"text": "My name is Clara and I am"}, {"text": "My name is Lewis and I like to"}, {"text": "My name is Merve and my favorite"}, {"text": "My name is Teven and I am"}, {"text": "Once upon a time,"}], "likes": 0, "config": {"architectures": ["LlamaForCausalLM"], "model_type": "llama", "quantization_config": {"load_in_4bit": false, "load_in_8bit": true, "quant_method": "bitsandbytes"}}, "transformersInfo": {"auto_model": "AutoModelForCausalLM", "pipeline_tag": "text-generation", "processor": "AutoTokenizer"}, "siblings": [{"rfilename": ".gitattributes"}, {"rfilename": "config.json"}, {"rfilename": "generation_config.json"}, {"rfilename": "model-00001-of-00003.safetensors"}, {"rfilename": "model-00002-of-00003.safetensors"}, {"rfilename": "model-00003-of-00003.safetensors"}, {"rfilename": "model.safetensors.index.json"}], "spaces": ["E-Hospital/oop-deploy"], "createdAt": "2023-11-08T19:58:30.000Z", "safetensors": {"parameters": {"F32": 2129920, "F16": 328115200, "I8": 12687769600}, "total": 13018014720}, "inferenceStatus": "not-loaded"}