{"_id": "647a01d71a2aefceecdab84e", "id": "E-J/AIAE3_alpaca_115_fine_tuning_train", "modelId": "E-J/AIAE3_alpaca_115_fine_tuning_train", "author": "E-J", "sha": "9c21117ab769db6f69321b0abb8e68e1e26c7eb9", "lastModified": "2023-06-02T14:51:05.000Z", "private": false, "disabled": false, "gated": false, "tags": ["region:us"], "downloads": 0, "likes": 0, "siblings": [{"rfilename": ".gitattributes"}, {"rfilename": "adapter_config.json"}, {"rfilename": "adapter_model.bin"}], "spaces": [], "createdAt": "2023-06-02T14:51:03.000Z", "inferenceStatus": "not-loaded"}