{"_id": "6553ce169f2f530523d1d1e4", "id": "e-n-v-y/envy-liminal-xl-01", "modelId": "e-n-v-y/envy-liminal-xl-01", "author": "e-n-v-y", "sha": "832f6b8e85112ee42924109428cba07bbdc6f7c9", "lastModified": "2023-11-14T19:44:24.000Z", "private": false, "disabled": false, "gated": false, "pipeline_tag": "text-to-image", "tags": ["diffusers", "text-to-image", "stable-diffusion", "lora", "template:sd-lora", "concept", "surrealism", "scifi", "creepy", "liminal space", "fantasy", "environment", "base_model:stabilityai/stable-diffusion-xl-base-1.0", "license:other", "region:us"], "downloads": 28, "library_name": "diffusers", "widgetData": [{"text": "liminal, whimsical fantasy metropolis outside of reality", "output": {"url": "https://huggingface.co/e-n-v-y/envy-liminal-xl-01/resolve/main/3557262.jpeg"}}, {"text": "liminal, noon, blue sky, clouds scenery, \"at the Ultraviolet final Aeon\"", "output": {"url": "https://huggingface.co/e-n-v-y/envy-liminal-xl-01/resolve/main/3557318.jpeg"}}, {"text": "liminal, quantum,epic scifi arcology beyond the beginning of time", "output": {"url": "https://huggingface.co/e-n-v-y/envy-liminal-xl-01/resolve/main/3557317.jpeg"}}, {"text": "liminal, golden hour, scenery, in a Surreal Rainbow Falls", "output": {"url": "https://huggingface.co/e-n-v-y/envy-liminal-xl-01/resolve/main/3557315.jpeg"}}, {"text": "liminal, cheerful,solemn fantasy arcology at the beginning of the multiverse", "output": {"url": "https://huggingface.co/e-n-v-y/envy-liminal-xl-01/resolve/main/3557312.jpeg"}}, {"text": "liminal, gargantuan fantasy metropolis at the end of the universe", "output": {"url": "https://huggingface.co/e-n-v-y/envy-liminal-xl-01/resolve/main/3557316.jpeg"}}, {"text": "liminal, ghostly,Enchanted fantasy megastructure outside of time", "output": {"url": "https://huggingface.co/e-n-v-y/envy-liminal-xl-01/resolve/main/3557319.jpeg"}}, {"text": "liminal, noon, blue sky, clouds scenery, in a Boreal Forest (Taiga)", "output": {"url": "https://huggingface.co/e-n-v-y/envy-liminal-xl-01/resolve/main/3557320.jpeg"}}, {"text": "liminal, noon, blue sky, clouds scenery, Soviet Chic Desert oasis in a urban center", "output": {"url": "https://huggingface.co/e-n-v-y/envy-liminal-xl-01/resolve/main/3557322.jpeg"}}, {"text": "liminal, noon, architecture,  Alien landscape on a distant planet in a hamlet", "output": {"url": "https://huggingface.co/e-n-v-y/envy-liminal-xl-01/resolve/main/3557338.jpeg"}}], "likes": 4, "model-index": null, "cardData": {"license": "other", "tags": ["text-to-image", "stable-diffusion", "lora", "diffusers", "template:sd-lora", "concept", "surrealism", "scifi", "creepy", "liminal space", "fantasy", "environment"], "base_model": "stabilityai/stable-diffusion-xl-base-1.0", "instance_prompt": "liminal", "widget": [{"text": "liminal, whimsical fantasy metropolis outside of reality", "output": {"url": "https://huggingface.co/e-n-v-y/envy-liminal-xl-01/resolve/main/3557262.jpeg"}}, {"text": "liminal, noon, blue sky, clouds scenery, \"at the Ultraviolet final Aeon\"", "output": {"url": "https://huggingface.co/e-n-v-y/envy-liminal-xl-01/resolve/main/3557318.jpeg"}}, {"text": "liminal, quantum,epic scifi arcology beyond the beginning of time", "output": {"url": "https://huggingface.co/e-n-v-y/envy-liminal-xl-01/resolve/main/3557317.jpeg"}}, {"text": "liminal, golden hour, scenery, in a Surreal Rainbow Falls", "output": {"url": "https://huggingface.co/e-n-v-y/envy-liminal-xl-01/resolve/main/3557315.jpeg"}}, {"text": "liminal, cheerful,solemn fantasy arcology at the beginning of the multiverse", "output": {"url": "https://huggingface.co/e-n-v-y/envy-liminal-xl-01/resolve/main/3557312.jpeg"}}, {"text": "liminal, gargantuan fantasy metropolis at the end of the universe", "output": {"url": "https://huggingface.co/e-n-v-y/envy-liminal-xl-01/resolve/main/3557316.jpeg"}}, {"text": "liminal, ghostly,Enchanted fantasy megastructure outside of time", "output": {"url": "https://huggingface.co/e-n-v-y/envy-liminal-xl-01/resolve/main/3557319.jpeg"}}, {"text": "liminal, noon, blue sky, clouds scenery, in a Boreal Forest (Taiga)", "output": {"url": "https://huggingface.co/e-n-v-y/envy-liminal-xl-01/resolve/main/3557320.jpeg"}}, {"text": "liminal, noon, blue sky, clouds scenery, Soviet Chic Desert oasis in a urban center", "output": {"url": "https://huggingface.co/e-n-v-y/envy-liminal-xl-01/resolve/main/3557322.jpeg"}}, {"text": "liminal, noon, architecture,  Alien landscape on a distant planet in a hamlet", "output": {"url": "https://huggingface.co/e-n-v-y/envy-liminal-xl-01/resolve/main/3557338.jpeg"}}]}, "siblings": [{"rfilename": ".gitattributes"}, {"rfilename": "3557262.jpeg"}, {"rfilename": "3557312.jpeg"}, {"rfilename": "3557315.jpeg"}, {"rfilename": "3557316.jpeg"}, {"rfilename": "3557317.jpeg"}, {"rfilename": "3557318.jpeg"}, {"rfilename": "3557319.jpeg"}, {"rfilename": "3557320.jpeg"}, {"rfilename": "3557322.jpeg"}, {"rfilename": "3557338.jpeg"}, {"rfilename": "EnvyLiminalXL01.safetensors"}, {"rfilename": "README.md"}], "spaces": ["allknowingroger/Image-Models-Test43"], "createdAt": "2023-11-14T19:44:22.000Z", "inferenceStatus": "not-loaded"}