{"_id": "6553cebc69d0617bc4856c87", "id": "e-n-v-y/envy-send-noodles-xl-01", "modelId": "e-n-v-y/envy-send-noodles-xl-01", "author": "e-n-v-y", "sha": "45277bac6cb65a6697c129561572378353401367", "lastModified": "2023-11-14T19:47:17.000Z", "private": false, "disabled": false, "gated": false, "pipeline_tag": "text-to-image", "tags": ["diffusers", "text-to-image", "stable-diffusion", "lora", "template:sd-lora", "silly", "concept", "noodles", "surreal", "base_model:stabilityai/stable-diffusion-xl-base-1.0", "license:other", "region:us"], "downloads": 144, "library_name": "diffusers", "widgetData": [{"text": "the noodle pirate", "output": {"url": "https://huggingface.co/e-n-v-y/envy-send-noodles-xl-01/resolve/main/2879347.jpeg"}}, {"text": "the noodle squadron", "output": {"url": "https://huggingface.co/e-n-v-y/envy-send-noodles-xl-01/resolve/main/2879364.jpeg"}}, {"text": "the noodle fairy", "output": {"url": "https://huggingface.co/e-n-v-y/envy-send-noodles-xl-01/resolve/main/2879341.jpeg"}}, {"text": "the noodle runner", "output": {"url": "https://huggingface.co/e-n-v-y/envy-send-noodles-xl-01/resolve/main/2879342.jpeg"}}, {"text": "the noodle dark paladin", "output": {"url": "https://huggingface.co/e-n-v-y/envy-send-noodles-xl-01/resolve/main/2879343.jpeg"}}, {"text": "the noodle thor", "output": {"url": "https://huggingface.co/e-n-v-y/envy-send-noodles-xl-01/resolve/main/2879344.jpeg"}}, {"text": "the noodle ghoul", "output": {"url": "https://huggingface.co/e-n-v-y/envy-send-noodles-xl-01/resolve/main/2879345.jpeg"}}, {"text": "the noodle demon", "output": {"url": "https://huggingface.co/e-n-v-y/envy-send-noodles-xl-01/resolve/main/2879346.jpeg"}}, {"text": "made of noodles, julius caesar", "output": {"url": "https://huggingface.co/e-n-v-y/envy-send-noodles-xl-01/resolve/main/2879365.jpeg"}}, {"text": "made of noodles, dracula", "output": {"url": "https://huggingface.co/e-n-v-y/envy-send-noodles-xl-01/resolve/main/2879369.jpeg"}}], "likes": 4, "model-index": null, "cardData": {"license": "other", "tags": ["text-to-image", "stable-diffusion", "lora", "diffusers", "template:sd-lora", "silly", "concept", "noodles", "surreal"], "base_model": "stabilityai/stable-diffusion-xl-base-1.0", "instance_prompt": "noodles", "widget": [{"text": "the noodle pirate", "output": {"url": "https://huggingface.co/e-n-v-y/envy-send-noodles-xl-01/resolve/main/2879347.jpeg"}}, {"text": "the noodle squadron", "output": {"url": "https://huggingface.co/e-n-v-y/envy-send-noodles-xl-01/resolve/main/2879364.jpeg"}}, {"text": "the noodle fairy", "output": {"url": "https://huggingface.co/e-n-v-y/envy-send-noodles-xl-01/resolve/main/2879341.jpeg"}}, {"text": "the noodle runner", "output": {"url": "https://huggingface.co/e-n-v-y/envy-send-noodles-xl-01/resolve/main/2879342.jpeg"}}, {"text": "the noodle dark paladin", "output": {"url": "https://huggingface.co/e-n-v-y/envy-send-noodles-xl-01/resolve/main/2879343.jpeg"}}, {"text": "the noodle thor", "output": {"url": "https://huggingface.co/e-n-v-y/envy-send-noodles-xl-01/resolve/main/2879344.jpeg"}}, {"text": "the noodle ghoul", "output": {"url": "https://huggingface.co/e-n-v-y/envy-send-noodles-xl-01/resolve/main/2879345.jpeg"}}, {"text": "the noodle demon", "output": {"url": "https://huggingface.co/e-n-v-y/envy-send-noodles-xl-01/resolve/main/2879346.jpeg"}}, {"text": "made of noodles, julius caesar", "output": {"url": "https://huggingface.co/e-n-v-y/envy-send-noodles-xl-01/resolve/main/2879365.jpeg"}}, {"text": "made of noodles, dracula", "output": {"url": "https://huggingface.co/e-n-v-y/envy-send-noodles-xl-01/resolve/main/2879369.jpeg"}}]}, "siblings": [{"rfilename": ".gitattributes"}, {"rfilename": "2879341.jpeg"}, {"rfilename": "2879342.jpeg"}, {"rfilename": "2879343.jpeg"}, {"rfilename": "2879344.jpeg"}, {"rfilename": "2879345.jpeg"}, {"rfilename": "2879346.jpeg"}, {"rfilename": "2879347.jpeg"}, {"rfilename": "2879364.jpeg"}, {"rfilename": "2879365.jpeg"}, {"rfilename": "2879369.jpeg"}, {"rfilename": "EnvySendNoodlesXL01.safetensors"}, {"rfilename": "README.md"}], "spaces": ["allknowingroger/Image-Models-Test41"], "createdAt": "2023-11-14T19:47:08.000Z", "inferenceStatus": "not-loaded"}