{"_id": "6557fa3b3fc79984743bdf4c", "id": "e-n-v-y/envyexpressionismxl01", "modelId": "e-n-v-y/envyexpressionismxl01", "author": "e-n-v-y", "sha": "bfaaade1da9a43109c51da07ffff34c12847db73", "lastModified": "2023-11-17T23:41:48.000Z", "private": false, "disabled": false, "gated": false, "pipeline_tag": "text-to-image", "tags": ["diffusers", "text-to-image", "stable-diffusion", "lora", "template:sd-lora", "expressionism", "style", "painting", "expressionist", "base_model:stabilityai/stable-diffusion-xl-base-1.0", "license:other", "region:us"], "downloads": 31, "library_name": "diffusers", "widgetData": [{"text": "modern digital expressionism, oil painting, palette knife, (streamline moderne:1.5),Elusive Necromancer's Wastes, moody color palette", "output": {"url": "https://huggingface.co/e-n-v-y/envyexpressionismxl01/resolve/main/3703899.jpeg"}}, {"text": "modern digital expressionism, oil painting, palette knife, (scifi:1.5),Sublime Temperate Rainforest, duotone slate blue and blue", "output": {"url": "https://huggingface.co/e-n-v-y/envyexpressionismxl01/resolve/main/3703890.jpeg"}}, {"text": "modern digital expressionism, oil painting, (streamline moderne:1.5), Transdimensional fantasy megacity outside of the universe, ", "output": {"url": "https://huggingface.co/e-n-v-y/envyexpressionismxl01/resolve/main/3703891.jpeg"}}, {"text": "modern digital expressionism, oil painting, (scifi:1.5), infinite scifi metropolis beyond the beginning of reality, moody color palette", "output": {"url": "https://huggingface.co/e-n-v-y/envyexpressionismxl01/resolve/main/3703894.jpeg"}}, {"text": "modern digital expressionism, oil painting, palette knife, (scifi:1.5),Utopian Shrubland, moody color palette", "output": {"url": "https://huggingface.co/e-n-v-y/envyexpressionismxl01/resolve/main/3703895.jpeg"}}, {"text": "modern digital expressionism, oil painting, (fantasy:1.5),noon, blue sky, clouds, architecture, ruined King Gas glassblowing studio, moody color palette", "output": {"url": "https://huggingface.co/e-n-v-y/envyexpressionismxl01/resolve/main/3703897.jpeg"}}, {"text": "modern digital expressionism, oil painting, palette knife, ,golden hour, blue sky, clouds, architecture, \"at the Shimmering Apocalyptic Multiverse\", ", "output": {"url": "https://huggingface.co/e-n-v-y/envyexpressionismxl01/resolve/main/3703898.jpeg"}}, {"text": "modern digital expressionism, oil painting, palette knife, (scifi:1.5),mysterious,great scifi megastructure at the end of time, ", "output": {"url": "https://huggingface.co/e-n-v-y/envyexpressionismxl01/resolve/main/3703911.jpeg"}}, {"text": "modern digital expressionism, oil painting, (scifi:1.5),cloud Immortal Flame Desert, moody color palette", "output": {"url": "https://huggingface.co/e-n-v-y/envyexpressionismxl01/resolve/main/3703912.jpeg"}}, {"text": "modern digital expressionism, oil painting, palette knife, (streamline moderne:1.5),Intergalactic Coastal Strand, moody color palette", "output": {"url": "https://huggingface.co/e-n-v-y/envyexpressionismxl01/resolve/main/3703917.jpeg"}}], "likes": 1, "model-index": null, "cardData": {"license": "other", "license_name": "bespoke-lora-trained-license", "license_link": "https://multimodal.art/civitai-licenses?allowNoCredit=True&allowCommercialUse=Sell&allowDerivatives=True&allowDifferentLicense=True", "tags": ["text-to-image", "stable-diffusion", "lora", "diffusers", "template:sd-lora", "expressionism", "style", "painting", "expressionist"], "base_model": "stabilityai/stable-diffusion-xl-base-1.0", "instance_prompt": "expressionism", "widget": [{"text": "modern digital expressionism, oil painting, palette knife, (streamline moderne:1.5),Elusive Necromancer's Wastes, moody color palette", "output": {"url": "https://huggingface.co/e-n-v-y/envyexpressionismxl01/resolve/main/3703899.jpeg"}}, {"text": "modern digital expressionism, oil painting, palette knife, (scifi:1.5),Sublime Temperate Rainforest, duotone slate blue and blue", "output": {"url": "https://huggingface.co/e-n-v-y/envyexpressionismxl01/resolve/main/3703890.jpeg"}}, {"text": "modern digital expressionism, oil painting, (streamline moderne:1.5), Transdimensional fantasy megacity outside of the universe, ", "output": {"url": "https://huggingface.co/e-n-v-y/envyexpressionismxl01/resolve/main/3703891.jpeg"}}, {"text": "modern digital expressionism, oil painting, (scifi:1.5), infinite scifi metropolis beyond the beginning of reality, moody color palette", "output": {"url": "https://huggingface.co/e-n-v-y/envyexpressionismxl01/resolve/main/3703894.jpeg"}}, {"text": "modern digital expressionism, oil painting, palette knife, (scifi:1.5),Utopian Shrubland, moody color palette", "output": {"url": "https://huggingface.co/e-n-v-y/envyexpressionismxl01/resolve/main/3703895.jpeg"}}, {"text": "modern digital expressionism, oil painting, (fantasy:1.5),noon, blue sky, clouds, architecture, ruined King Gas glassblowing studio, moody color palette", "output": {"url": "https://huggingface.co/e-n-v-y/envyexpressionismxl01/resolve/main/3703897.jpeg"}}, {"text": "modern digital expressionism, oil painting, palette knife, ,golden hour, blue sky, clouds, architecture, \"at the Shimmering Apocalyptic Multiverse\", ", "output": {"url": "https://huggingface.co/e-n-v-y/envyexpressionismxl01/resolve/main/3703898.jpeg"}}, {"text": "modern digital expressionism, oil painting, palette knife, (scifi:1.5),mysterious,great scifi megastructure at the end of time, ", "output": {"url": "https://huggingface.co/e-n-v-y/envyexpressionismxl01/resolve/main/3703911.jpeg"}}, {"text": "modern digital expressionism, oil painting, (scifi:1.5),cloud Immortal Flame Desert, moody color palette", "output": {"url": "https://huggingface.co/e-n-v-y/envyexpressionismxl01/resolve/main/3703912.jpeg"}}, {"text": "modern digital expressionism, oil painting, palette knife, (streamline moderne:1.5),Intergalactic Coastal Strand, moody color palette", "output": {"url": "https://huggingface.co/e-n-v-y/envyexpressionismxl01/resolve/main/3703917.jpeg"}}]}, "siblings": [{"rfilename": ".gitattributes"}, {"rfilename": "3703890.jpeg"}, {"rfilename": "3703891.jpeg"}, {"rfilename": "3703894.jpeg"}, {"rfilename": "3703895.jpeg"}, {"rfilename": "3703897.jpeg"}, {"rfilename": "3703898.jpeg"}, {"rfilename": "3703899.jpeg"}, {"rfilename": "3703911.jpeg"}, {"rfilename": "3703912.jpeg"}, {"rfilename": "3703917.jpeg"}, {"rfilename": "EnvyExpressionismXL01.safetensors"}, {"rfilename": "README.md"}], "spaces": ["allknowingroger/Image-Models-Test81"], "createdAt": "2023-11-17T23:41:47.000Z", "inferenceStatus": "not-loaded"}