{"_id": "65582c446a7098bc6efcc5dc", "id": "e-n-v-y/envy-precarious-xl-01", "modelId": "e-n-v-y/envy-precarious-xl-01", "author": "e-n-v-y", "sha": "53268fb90a4804733d9f457eb7dfe93c6eebc76c", "lastModified": "2023-11-18T03:15:17.000Z", "private": false, "disabled": false, "gated": false, "pipeline_tag": "text-to-image", "tags": ["diffusers", "text-to-image", "stable-diffusion", "lora", "template:sd-lora", "concept", "cliff", "tall", "height", "precarious", "base_model:stabilityai/stable-diffusion-xl-base-1.0", "license:other", "region:us"], "downloads": 530, "library_name": "diffusers", "widgetData": [{"text": "precarious, digital painting, cloud Subtropical Desert", "output": {"url": "https://huggingface.co/e-n-v-y/envy-precarious-xl-01/resolve/main/3706249.jpeg"}}, {"text": "precarious, digital painting, noon, scenery, in a Shoegaze Ancient Ruin Valleys", "output": {"url": "https://huggingface.co/e-n-v-y/envy-precarious-xl-01/resolve/main/3706228.jpeg"}}, {"text": "precarious, digital painting, noon, blue sky, clouds, scenery, in a Boreal Forest (Taiga)", "output": {"url": "https://huggingface.co/e-n-v-y/envy-precarious-xl-01/resolve/main/3706231.jpeg"}}, {"text": "precarious, digital painting, Titanesque Magician's Hat Mountain", "output": {"url": "https://huggingface.co/e-n-v-y/envy-precarious-xl-01/resolve/main/3706232.jpeg"}}, {"text": "precarious, digital painting, soaring Ancient Impact Basins", "output": {"url": "https://huggingface.co/e-n-v-y/envy-precarious-xl-01/resolve/main/3706234.jpeg"}}, {"text": "precarious, digital painting, noon, scenery, \"at the Glittering shattered Apocalypse\"", "output": {"url": "https://huggingface.co/e-n-v-y/envy-precarious-xl-01/resolve/main/3706239.jpeg"}}, {"text": "precarious, digital painting, 1girl, woman, Yakuza rogue lord, moonlit night, bombshell hair, platinum hair, hair over one eye, chubby, narrow waist, medium breasts, caucasian, (morning, scenery, \"at the final Megalith\":1.3)", "output": {"url": "https://huggingface.co/e-n-v-y/envy-precarious-xl-01/resolve/main/3706240.jpeg"}}, {"text": "precarious, digital painting, warmly lit interior, in a Glacier", "output": {"url": "https://huggingface.co/e-n-v-y/envy-precarious-xl-01/resolve/main/3706241.jpeg"}}, {"text": "precarious, digital painting, Primordial,wonderous scifi megastructure beyond the beginning of the multiverse", "output": {"url": "https://huggingface.co/e-n-v-y/envy-precarious-xl-01/resolve/main/3706242.jpeg"}}, {"text": "precarious, digital painting, noon, blue sky, clouds, scenery, in a Hydrothermal Vent", "output": {"url": "https://huggingface.co/e-n-v-y/envy-precarious-xl-01/resolve/main/3706243.jpeg"}}], "likes": 2, "model-index": null, "cardData": {"license": "other", "license_name": "bespoke-lora-trained-license", "license_link": "https://multimodal.art/civitai-licenses?allowNoCredit=True&allowCommercialUse=Sell&allowDerivatives=True&allowDifferentLicense=True", "tags": ["text-to-image", "stable-diffusion", "lora", "diffusers", "template:sd-lora", "concept", "cliff", "tall", "height", "precarious"], "base_model": "stabilityai/stable-diffusion-xl-base-1.0", "instance_prompt": "precarious", "widget": [{"text": "precarious, digital painting, cloud Subtropical Desert", "output": {"url": "https://huggingface.co/e-n-v-y/envy-precarious-xl-01/resolve/main/3706249.jpeg"}}, {"text": "precarious, digital painting, noon, scenery, in a Shoegaze Ancient Ruin Valleys", "output": {"url": "https://huggingface.co/e-n-v-y/envy-precarious-xl-01/resolve/main/3706228.jpeg"}}, {"text": "precarious, digital painting, noon, blue sky, clouds, scenery, in a Boreal Forest (Taiga)", "output": {"url": "https://huggingface.co/e-n-v-y/envy-precarious-xl-01/resolve/main/3706231.jpeg"}}, {"text": "precarious, digital painting, Titanesque Magician's Hat Mountain", "output": {"url": "https://huggingface.co/e-n-v-y/envy-precarious-xl-01/resolve/main/3706232.jpeg"}}, {"text": "precarious, digital painting, soaring Ancient Impact Basins", "output": {"url": "https://huggingface.co/e-n-v-y/envy-precarious-xl-01/resolve/main/3706234.jpeg"}}, {"text": "precarious, digital painting, noon, scenery, \"at the Glittering shattered Apocalypse\"", "output": {"url": "https://huggingface.co/e-n-v-y/envy-precarious-xl-01/resolve/main/3706239.jpeg"}}, {"text": "precarious, digital painting, 1girl, woman, Yakuza rogue lord, moonlit night, bombshell hair, platinum hair, hair over one eye, chubby, narrow waist, medium breasts, caucasian, (morning, scenery, \"at the final Megalith\":1.3)", "output": {"url": "https://huggingface.co/e-n-v-y/envy-precarious-xl-01/resolve/main/3706240.jpeg"}}, {"text": "precarious, digital painting, warmly lit interior, in a Glacier", "output": {"url": "https://huggingface.co/e-n-v-y/envy-precarious-xl-01/resolve/main/3706241.jpeg"}}, {"text": "precarious, digital painting, Primordial,wonderous scifi megastructure beyond the beginning of the multiverse", "output": {"url": "https://huggingface.co/e-n-v-y/envy-precarious-xl-01/resolve/main/3706242.jpeg"}}, {"text": "precarious, digital painting, noon, blue sky, clouds, scenery, in a Hydrothermal Vent", "output": {"url": "https://huggingface.co/e-n-v-y/envy-precarious-xl-01/resolve/main/3706243.jpeg"}}]}, "siblings": [{"rfilename": ".gitattributes"}, {"rfilename": "3706228.jpeg"}, {"rfilename": "3706231.jpeg"}, {"rfilename": "3706232.jpeg"}, {"rfilename": "3706234.jpeg"}, {"rfilename": "3706239.jpeg"}, {"rfilename": "3706240.jpeg"}, {"rfilename": "3706241.jpeg"}, {"rfilename": "3706242.jpeg"}, {"rfilename": "3706243.jpeg"}, {"rfilename": "3706249.jpeg"}, {"rfilename": "EnvyPrecariousXL01.safetensors"}, {"rfilename": "README.md"}], "spaces": ["allknowingroger/Image-Models-Test80", "PeepDaSlan9/B2BMGMT_e-n-v-y-envy-precarious-xl-01"], "createdAt": "2023-11-18T03:15:16.000Z", "inferenceStatus": "not-loaded"}