{"_id": "6553ea38854adee4f52e063a", "id": "e-n-v-y/envy-moonrise-xl-01", "modelId": "e-n-v-y/envy-moonrise-xl-01", "author": "e-n-v-y", "sha": "ec76440c3277186bded4a97aae7290a95fc7b04c", "lastModified": "2023-11-14T21:44:33.000Z", "private": false, "disabled": false, "gated": false, "pipeline_tag": "text-to-image", "tags": ["diffusers", "text-to-image", "stable-diffusion", "lora", "template:sd-lora", "concept", "colorful", "sunset", "moon", "fantasy", "stars", "sky", "aurora", "twilight", "evening", "base_model:stabilityai/stable-diffusion-xl-base-1.0", "license:other", "region:us"], "downloads": 132, "library_name": "diffusers", "widgetData": [{"text": "digital painting, vivid full moon night, dark sky, warmly lit interior, in a Dry Aurora borealis observatory ", "output": {"url": "https://huggingface.co/e-n-v-y/envy-moonrise-xl-01/resolve/main/2999933.jpeg"}}, {"text": "digital painting, vivid full moon night, dark sky, interior, in a Windswept desert with sand dunes ", "output": {"url": "https://huggingface.co/e-n-v-y/envy-moonrise-xl-01/resolve/main/2999911.jpeg"}}, {"text": "digital painting, vivid midnight, dark sky, brightly lit interior, in a harrowing candy shop ", "output": {"url": "https://huggingface.co/e-n-v-y/envy-moonrise-xl-01/resolve/main/2999917.jpeg"}}, {"text": "digital painting, magical starry sky, dark sky, well-lit interior, in a Breezy staircase ", "output": {"url": "https://huggingface.co/e-n-v-y/envy-moonrise-xl-01/resolve/main/2999932.jpeg"}}, {"text": "digital painting, cosmic full moon night, dark sky, golden hour, blue sky, clouds, architecture, \"at the timeless Multiverse\" ", "output": {"url": "https://huggingface.co/e-n-v-y/envy-moonrise-xl-01/resolve/main/2999934.jpeg"}}, {"text": "digital painting, cosmic midnight, dark sky, morning, blue sky, clouds, architecture, \"at the Monochromatic far-future Apparatus\"", "output": {"url": "https://huggingface.co/e-n-v-y/envy-moonrise-xl-01/resolve/main/2999935.jpeg"}}], "likes": 2, "model-index": null, "cardData": {"license": "other", "tags": ["text-to-image", "stable-diffusion", "lora", "diffusers", "template:sd-lora", "concept", "colorful", "sunset", "moon", "fantasy", "stars", "sky", "aurora", "twilight", "evening"], "base_model": "stabilityai/stable-diffusion-xl-base-1.0", "instance_prompt": null, "widget": [{"text": "digital painting, vivid full moon night, dark sky, warmly lit interior, in a Dry Aurora borealis observatory ", "output": {"url": "https://huggingface.co/e-n-v-y/envy-moonrise-xl-01/resolve/main/2999933.jpeg"}}, {"text": "digital painting, vivid full moon night, dark sky, interior, in a Windswept desert with sand dunes ", "output": {"url": "https://huggingface.co/e-n-v-y/envy-moonrise-xl-01/resolve/main/2999911.jpeg"}}, {"text": "digital painting, vivid midnight, dark sky, brightly lit interior, in a harrowing candy shop ", "output": {"url": "https://huggingface.co/e-n-v-y/envy-moonrise-xl-01/resolve/main/2999917.jpeg"}}, {"text": "digital painting, magical starry sky, dark sky, well-lit interior, in a Breezy staircase ", "output": {"url": "https://huggingface.co/e-n-v-y/envy-moonrise-xl-01/resolve/main/2999932.jpeg"}}, {"text": "digital painting, cosmic full moon night, dark sky, golden hour, blue sky, clouds, architecture, \"at the timeless Multiverse\" ", "output": {"url": "https://huggingface.co/e-n-v-y/envy-moonrise-xl-01/resolve/main/2999934.jpeg"}}, {"text": "digital painting, cosmic midnight, dark sky, morning, blue sky, clouds, architecture, \"at the Monochromatic far-future Apparatus\"", "output": {"url": "https://huggingface.co/e-n-v-y/envy-moonrise-xl-01/resolve/main/2999935.jpeg"}}]}, "siblings": [{"rfilename": ".gitattributes"}, {"rfilename": "2999911.jpeg"}, {"rfilename": "2999917.jpeg"}, {"rfilename": "2999932.jpeg"}, {"rfilename": "2999933.jpeg"}, {"rfilename": "2999934.jpeg"}, {"rfilename": "2999935.jpeg"}, {"rfilename": "EnvyMoonriseXL01.safetensors"}, {"rfilename": "README.md"}], "spaces": ["allknowingroger/Image-Models-Test38"], "createdAt": "2023-11-14T21:44:24.000Z", "inferenceStatus": "not-loaded"}