{"_id": "657da6dd6dc01435cd8c471c", "id": "e-n-v-y/envy-fantasy-art-deco-xl-01", "modelId": "e-n-v-y/envy-fantasy-art-deco-xl-01", "author": "e-n-v-y", "sha": "8501208f5acef3350e8d5459ab0f24ab3f99d406", "lastModified": "2023-12-16T13:32:15.000Z", "private": false, "disabled": false, "gated": false, "pipeline_tag": "text-to-image", "tags": ["diffusers", "text-to-image", "stable-diffusion", "lora", "template:sd-lora", "architecture", "buildings", "fantasy", "art deco", "characters", "styles", "base_model:stabilityai/stable-diffusion-xl-base-1.0", "license:other", "region:us"], "downloads": 31, "library_name": "diffusers", "widgetData": [{"text": "fantasy art deco, cinematic color grading, fantasy, chinatown in a great scifi cosmic megastructure outside of reality, masterpiece", "output": {"url": "https://huggingface.co/e-n-v-y/envy-fantasy-art-deco-xl-01/resolve/main/4593086.jpeg"}}, {"text": "fantasy art deco, cinematic color grading, anime style, 1boy, man, ruggedly handsome, golden hour, scenery, in a Carbon Dioxide Snowfields", "output": {"url": "https://huggingface.co/e-n-v-y/envy-fantasy-art-deco-xl-01/resolve/main/4592699.jpeg"}}, {"text": "fantasy art deco, cinematic color grading, fantasy, Kelp Forest", "output": {"url": "https://huggingface.co/e-n-v-y/envy-fantasy-art-deco-xl-01/resolve/main/4593156.jpeg"}}, {"text": "fantasy art deco, cinematic color grading, scifi, underground living area in a far future,empty fantasy underwater topia outside of time, masterpiece", "output": {"url": "https://huggingface.co/e-n-v-y/envy-fantasy-art-deco-xl-01/resolve/main/4593072.jpeg"}}, {"text": "fantasy art deco, cinematic color grading, anime style, 1girl, woman, beautiful, warmly lit interior, in a Tidy spaceport", "output": {"url": "https://huggingface.co/e-n-v-y/envy-fantasy-art-deco-xl-01/resolve/main/4592704.jpeg"}}, {"text": "fantasy art deco, cinematic color grading, anime style, 1boy, man, ruggedly handsome, noon, scenery, in a Illusionist's Mirrored Maze", "output": {"url": "https://huggingface.co/e-n-v-y/envy-fantasy-art-deco-xl-01/resolve/main/4592705.jpeg"}}, {"text": "fantasy art deco, cinematic color grading, anime style, 1girl, woman, beautiful, noon, blue sky, clouds, scenery, in a Mundane Hydroponic Agriculture Domes", "output": {"url": "https://huggingface.co/e-n-v-y/envy-fantasy-art-deco-xl-01/resolve/main/4592707.jpeg"}}, {"text": "fantasy art deco, cinematic color grading, fantasy, space elevator in a great,forbidden fantasy megacity at the beginning of reality, masterpiece, by Pablo Dominguez", "output": {"url": "https://huggingface.co/e-n-v-y/envy-fantasy-art-deco-xl-01/resolve/main/4593082.jpeg"}}], "likes": 3, "model-index": null, "cardData": {"license": "other", "license_name": "bespoke-lora-trained-license", "license_link": "https://multimodal.art/civitai-licenses?allowNoCredit=True&allowCommercialUse=Sell&allowDerivatives=True&allowDifferentLicense=True", "tags": ["text-to-image", "stable-diffusion", "lora", "diffusers", "template:sd-lora", "architecture", "buildings", "fantasy", "art deco", "characters", "styles"], "base_model": "stabilityai/stable-diffusion-xl-base-1.0", "instance_prompt": "fantasy art deco", "widget": [{"text": "fantasy art deco, cinematic color grading, fantasy, chinatown in a great scifi cosmic megastructure outside of reality, masterpiece", "output": {"url": "https://huggingface.co/e-n-v-y/envy-fantasy-art-deco-xl-01/resolve/main/4593086.jpeg"}}, {"text": "fantasy art deco, cinematic color grading, anime style, 1boy, man, ruggedly handsome, golden hour, scenery, in a Carbon Dioxide Snowfields", "output": {"url": "https://huggingface.co/e-n-v-y/envy-fantasy-art-deco-xl-01/resolve/main/4592699.jpeg"}}, {"text": "fantasy art deco, cinematic color grading, fantasy, Kelp Forest", "output": {"url": "https://huggingface.co/e-n-v-y/envy-fantasy-art-deco-xl-01/resolve/main/4593156.jpeg"}}, {"text": "fantasy art deco, cinematic color grading, scifi, underground living area in a far future,empty fantasy underwater topia outside of time, masterpiece", "output": {"url": "https://huggingface.co/e-n-v-y/envy-fantasy-art-deco-xl-01/resolve/main/4593072.jpeg"}}, {"text": "fantasy art deco, cinematic color grading, anime style, 1girl, woman, beautiful, warmly lit interior, in a Tidy spaceport", "output": {"url": "https://huggingface.co/e-n-v-y/envy-fantasy-art-deco-xl-01/resolve/main/4592704.jpeg"}}, {"text": "fantasy art deco, cinematic color grading, anime style, 1boy, man, ruggedly handsome, noon, scenery, in a Illusionist's Mirrored Maze", "output": {"url": "https://huggingface.co/e-n-v-y/envy-fantasy-art-deco-xl-01/resolve/main/4592705.jpeg"}}, {"text": "fantasy art deco, cinematic color grading, anime style, 1girl, woman, beautiful, noon, blue sky, clouds, scenery, in a Mundane Hydroponic Agriculture Domes", "output": {"url": "https://huggingface.co/e-n-v-y/envy-fantasy-art-deco-xl-01/resolve/main/4592707.jpeg"}}, {"text": "fantasy art deco, cinematic color grading, fantasy, space elevator in a great,forbidden fantasy megacity at the beginning of reality, masterpiece, by Pablo Dominguez", "output": {"url": "https://huggingface.co/e-n-v-y/envy-fantasy-art-deco-xl-01/resolve/main/4593082.jpeg"}}]}, "siblings": [{"rfilename": ".gitattributes"}, {"rfilename": "4592699.jpeg"}, {"rfilename": "4592704.jpeg"}, {"rfilename": "4592705.jpeg"}, {"rfilename": "4592707.jpeg"}, {"rfilename": "4593072.jpeg"}, {"rfilename": "4593082.jpeg"}, {"rfilename": "4593086.jpeg"}, {"rfilename": "4593156.jpeg"}, {"rfilename": "EnvyFantasyArtDecoXL01.safetensors"}, {"rfilename": "README.md"}], "spaces": ["allknowingroger/Image-Models-Test249"], "createdAt": "2023-12-16T13:32:13.000Z", "inferenceStatus": "not-loaded"}