{"_id": "657da6f956c9c676057bdc31", "id": "e-n-v-y/envy-scifi-streamline-xl-01", "modelId": "e-n-v-y/envy-scifi-streamline-xl-01", "author": "e-n-v-y", "sha": "ad9edf6c636af8c16c48ec3d8cc9f502a9ad8596", "lastModified": "2023-12-16T13:32:42.000Z", "private": false, "disabled": false, "gated": false, "pipeline_tag": "text-to-image", "tags": ["diffusers", "text-to-image", "stable-diffusion", "lora", "template:sd-lora", "architecture", "scifi", "buildings", "building", "streamline", "far future", "base_model:stabilityai/stable-diffusion-xl-base-1.0", "license:other", "region:us"], "downloads": 25, "library_name": "diffusers", "widgetData": [{"text": "scifi streamline modern, cinematic color grading, anime style, 1boy, man, ruggedly handsome, hydroponic farm in a dystopian,impossible scifi metropolis beyond the beginning of reality, masterpiece", "output": {"url": "https://huggingface.co/e-n-v-y/envy-scifi-streamline-xl-01/resolve/main/4605960.jpeg"}}, {"text": "utopian cyberpunk, cinematic color grading, scifi, great,gargantuan scifi arcology beyond the end of time", "output": {"url": "https://huggingface.co/e-n-v-y/envy-scifi-streamline-xl-01/resolve/main/4605952.jpeg"}}, {"text": "utopian cyberpunk, cinematic color grading, anime style, 1girl, woman, beautiful, warmly lit interior, in a laser nuclear waste dump", "output": {"url": "https://huggingface.co/e-n-v-y/envy-scifi-streamline-xl-01/resolve/main/4605957.jpeg"}}, {"text": "scifi streamline modern, cinematic color grading, noon, scenery, in a Geek Garden of the Gods", "output": {"url": "https://huggingface.co/e-n-v-y/envy-scifi-streamline-xl-01/resolve/main/4605964.jpeg"}}, {"text": "utopian cyberpunk, cinematic color grading, fantasy, network hub in a mysterious fantasy megacity outside of reality, masterpiece, by Daniel Dociu", "output": {"url": "https://huggingface.co/e-n-v-y/envy-scifi-streamline-xl-01/resolve/main/4605976.jpeg"}}, {"text": "utopian cyberpunk, cinematic color grading, anime style, 1girl, woman, beautiful, noon, scenery, \"at the indescribable Portal\"", "output": {"url": "https://huggingface.co/e-n-v-y/envy-scifi-streamline-xl-01/resolve/main/4605975.jpeg"}}, {"text": "optimistic utopian brutalism, cinematic color grading, noon, blue sky, clouds, architecture, Cottagegore hamlet in a Ancient River Valleys", "output": {"url": "https://huggingface.co/e-n-v-y/envy-scifi-streamline-xl-01/resolve/main/4605977.jpeg"}}, {"text": "optimistic utopian brutalism, cinematic color grading, noon, blue sky, clouds, scenery,  River", "output": {"url": "https://huggingface.co/e-n-v-y/envy-scifi-streamline-xl-01/resolve/main/4605979.jpeg"}}, {"text": "far future scifi, cinematic color grading, scifi, cistern in a mysterious,wonderous fantasy city outside of reality, masterpiece, by Eddie Mendoza", "output": {"url": "https://huggingface.co/e-n-v-y/envy-scifi-streamline-xl-01/resolve/main/4605981.jpeg"}}], "likes": 1, "model-index": null, "cardData": {"license": "other", "license_name": "bespoke-lora-trained-license", "license_link": "https://multimodal.art/civitai-licenses?allowNoCredit=True&allowCommercialUse=Sell&allowDerivatives=True&allowDifferentLicense=True", "tags": ["text-to-image", "stable-diffusion", "lora", "diffusers", "template:sd-lora", "architecture", "scifi", "buildings", "building", "streamline", "far future"], "base_model": "stabilityai/stable-diffusion-xl-base-1.0", "instance_prompt": null, "widget": [{"text": "scifi streamline modern, cinematic color grading, anime style, 1boy, man, ruggedly handsome, hydroponic farm in a dystopian,impossible scifi metropolis beyond the beginning of reality, masterpiece", "output": {"url": "https://huggingface.co/e-n-v-y/envy-scifi-streamline-xl-01/resolve/main/4605960.jpeg"}}, {"text": "utopian cyberpunk, cinematic color grading, scifi, great,gargantuan scifi arcology beyond the end of time", "output": {"url": "https://huggingface.co/e-n-v-y/envy-scifi-streamline-xl-01/resolve/main/4605952.jpeg"}}, {"text": "utopian cyberpunk, cinematic color grading, anime style, 1girl, woman, beautiful, warmly lit interior, in a laser nuclear waste dump", "output": {"url": "https://huggingface.co/e-n-v-y/envy-scifi-streamline-xl-01/resolve/main/4605957.jpeg"}}, {"text": "scifi streamline modern, cinematic color grading, noon, scenery, in a Geek Garden of the Gods", "output": {"url": "https://huggingface.co/e-n-v-y/envy-scifi-streamline-xl-01/resolve/main/4605964.jpeg"}}, {"text": "utopian cyberpunk, cinematic color grading, fantasy, network hub in a mysterious fantasy megacity outside of reality, masterpiece, by Daniel Dociu", "output": {"url": "https://huggingface.co/e-n-v-y/envy-scifi-streamline-xl-01/resolve/main/4605976.jpeg"}}, {"text": "utopian cyberpunk, cinematic color grading, anime style, 1girl, woman, beautiful, noon, scenery, \"at the indescribable Portal\"", "output": {"url": "https://huggingface.co/e-n-v-y/envy-scifi-streamline-xl-01/resolve/main/4605975.jpeg"}}, {"text": "optimistic utopian brutalism, cinematic color grading, noon, blue sky, clouds, architecture, Cottagegore hamlet in a Ancient River Valleys", "output": {"url": "https://huggingface.co/e-n-v-y/envy-scifi-streamline-xl-01/resolve/main/4605977.jpeg"}}, {"text": "optimistic utopian brutalism, cinematic color grading, noon, blue sky, clouds, scenery,  River", "output": {"url": "https://huggingface.co/e-n-v-y/envy-scifi-streamline-xl-01/resolve/main/4605979.jpeg"}}, {"text": "far future scifi, cinematic color grading, scifi, cistern in a mysterious,wonderous fantasy city outside of reality, masterpiece, by Eddie Mendoza", "output": {"url": "https://huggingface.co/e-n-v-y/envy-scifi-streamline-xl-01/resolve/main/4605981.jpeg"}}]}, "siblings": [{"rfilename": ".gitattributes"}, {"rfilename": "4605952.jpeg"}, {"rfilename": "4605957.jpeg"}, {"rfilename": "4605960.jpeg"}, {"rfilename": "4605964.jpeg"}, {"rfilename": "4605975.jpeg"}, {"rfilename": "4605976.jpeg"}, {"rfilename": "4605977.jpeg"}, {"rfilename": "4605979.jpeg"}, {"rfilename": "4605981.jpeg"}, {"rfilename": "EnvyScifiStreamlineXL01.safetensors"}, {"rfilename": "README.md"}], "spaces": ["allknowingroger/Image-Models-Test249"], "createdAt": "2023-12-16T13:32:41.000Z", "inferenceStatus": "not-loaded"}