{"_id": "655d725bde919d41621b2cfc", "id": "e-n-v-y/envy-tiny-worlds-xl-01", "modelId": "e-n-v-y/envy-tiny-worlds-xl-01", "author": "e-n-v-y", "sha": "de1d923af1db3583e04235747c4aa208e3ac200e", "lastModified": "2023-11-22T03:15:41.000Z", "private": false, "disabled": false, "gated": false, "pipeline_tag": "text-to-image", "tags": ["diffusers", "text-to-image", "stable-diffusion", "lora", "template:sd-lora", "city", "concept", "miniatures", "tiny", "scenery", "tilt shift", "miniature landscapes", "base_model:stabilityai/stable-diffusion-xl-base-1.0", "license:other", "region:us"], "downloads": 13, "library_name": "diffusers", "widgetData": [{"text": "tilt-shift, digital painting, morning, blue sky, clouds, scenery, in a Wild Magic Stormlands", "output": {"url": "https://huggingface.co/e-n-v-y/envy-tiny-worlds-xl-01/resolve/main/3819345.jpeg"}}, {"text": "tilt-shift, digital painting, noon, scenery, in a Surreal Ice Palace Tundra", "output": {"url": "https://huggingface.co/e-n-v-y/envy-tiny-worlds-xl-01/resolve/main/3819355.jpeg"}}, {"text": "tilt-shift, digital painting, golden hour, scenery, in a Lake", "output": {"url": "https://huggingface.co/e-n-v-y/envy-tiny-worlds-xl-01/resolve/main/3819344.jpeg"}}, {"text": "tilt-shift, digital painting, Minotaur's Maze", "output": {"url": "https://huggingface.co/e-n-v-y/envy-tiny-worlds-xl-01/resolve/main/3819351.jpeg"}}, {"text": "tilt-shift, digital painting, fantasysolar farm in a infinite,gargantuan scifi arcology at the beginning of time, masterpiece", "output": {"url": "https://huggingface.co/e-n-v-y/envy-tiny-worlds-xl-01/resolve/main/3819346.jpeg"}}, {"text": "tilt-shift, digital painting, fantasyboardwalk in a abandoned scifi topia at the beginning of time, masterpiece", "output": {"url": "https://huggingface.co/e-n-v-y/envy-tiny-worlds-xl-01/resolve/main/3819348.jpeg"}}, {"text": "tilt-shift, digital painting, noon, scenery, \"at the Astronomic Event horizon\"", "output": {"url": "https://huggingface.co/e-n-v-y/envy-tiny-worlds-xl-01/resolve/main/3819349.jpeg"}}, {"text": "tilt-shift, digital painting, Tropical Rainforest", "output": {"url": "https://huggingface.co/e-n-v-y/envy-tiny-worlds-xl-01/resolve/main/3819350.jpeg"}}, {"text": "tilt-shift, digital painting, Mummy's Tomb Desert", "output": {"url": "https://huggingface.co/e-n-v-y/envy-tiny-worlds-xl-01/resolve/main/3819352.jpeg"}}, {"text": "tilt-shift, digital painting, scifiParadoxical fantasy metropolis beyond the end of the universe", "output": {"url": "https://huggingface.co/e-n-v-y/envy-tiny-worlds-xl-01/resolve/main/3819399.jpeg"}}], "likes": 1, "model-index": null, "cardData": {"license": "other", "license_name": "bespoke-lora-trained-license", "license_link": "https://multimodal.art/civitai-licenses?allowNoCredit=True&allowCommercialUse=Sell&allowDerivatives=True&allowDifferentLicense=True", "tags": ["text-to-image", "stable-diffusion", "lora", "diffusers", "template:sd-lora", "city", "concept", "miniatures", "tiny", "scenery", "tilt shift", "miniature landscapes"], "base_model": "stabilityai/stable-diffusion-xl-base-1.0", "instance_prompt": "tilt-shift", "widget": [{"text": "tilt-shift, digital painting, morning, blue sky, clouds, scenery, in a Wild Magic Stormlands", "output": {"url": "https://huggingface.co/e-n-v-y/envy-tiny-worlds-xl-01/resolve/main/3819345.jpeg"}}, {"text": "tilt-shift, digital painting, noon, scenery, in a Surreal Ice Palace Tundra", "output": {"url": "https://huggingface.co/e-n-v-y/envy-tiny-worlds-xl-01/resolve/main/3819355.jpeg"}}, {"text": "tilt-shift, digital painting, golden hour, scenery, in a Lake", "output": {"url": "https://huggingface.co/e-n-v-y/envy-tiny-worlds-xl-01/resolve/main/3819344.jpeg"}}, {"text": "tilt-shift, digital painting, Minotaur's Maze", "output": {"url": "https://huggingface.co/e-n-v-y/envy-tiny-worlds-xl-01/resolve/main/3819351.jpeg"}}, {"text": "tilt-shift, digital painting, fantasysolar farm in a infinite,gargantuan scifi arcology at the beginning of time, masterpiece", "output": {"url": "https://huggingface.co/e-n-v-y/envy-tiny-worlds-xl-01/resolve/main/3819346.jpeg"}}, {"text": "tilt-shift, digital painting, fantasyboardwalk in a abandoned scifi topia at the beginning of time, masterpiece", "output": {"url": "https://huggingface.co/e-n-v-y/envy-tiny-worlds-xl-01/resolve/main/3819348.jpeg"}}, {"text": "tilt-shift, digital painting, noon, scenery, \"at the Astronomic Event horizon\"", "output": {"url": "https://huggingface.co/e-n-v-y/envy-tiny-worlds-xl-01/resolve/main/3819349.jpeg"}}, {"text": "tilt-shift, digital painting, Tropical Rainforest", "output": {"url": "https://huggingface.co/e-n-v-y/envy-tiny-worlds-xl-01/resolve/main/3819350.jpeg"}}, {"text": "tilt-shift, digital painting, Mummy's Tomb Desert", "output": {"url": "https://huggingface.co/e-n-v-y/envy-tiny-worlds-xl-01/resolve/main/3819352.jpeg"}}, {"text": "tilt-shift, digital painting, scifiParadoxical fantasy metropolis beyond the end of the universe", "output": {"url": "https://huggingface.co/e-n-v-y/envy-tiny-worlds-xl-01/resolve/main/3819399.jpeg"}}]}, "siblings": [{"rfilename": ".gitattributes"}, {"rfilename": "3819344.jpeg"}, {"rfilename": "3819345.jpeg"}, {"rfilename": "3819346.jpeg"}, {"rfilename": "3819348.jpeg"}, {"rfilename": "3819349.jpeg"}, {"rfilename": "3819350.jpeg"}, {"rfilename": "3819351.jpeg"}, {"rfilename": "3819352.jpeg"}, {"rfilename": "3819355.jpeg"}, {"rfilename": "3819399.jpeg"}, {"rfilename": "EnvyTinyWorldsXL01.safetensors"}, {"rfilename": "README.md"}], "spaces": ["allknowingroger/Image-Models-Test168"], "createdAt": "2023-11-22T03:15:39.000Z", "inferenceStatus": "not-loaded"}