{"_id": "6553ce5713df3a4e4ec08868", "id": "e-n-v-y/envy-kawaii-xl-01", "modelId": "e-n-v-y/envy-kawaii-xl-01", "author": "e-n-v-y", "sha": "58d3ad8e8720b679097a9064ef086b312df14b96", "lastModified": "2023-11-14T19:45:34.000Z", "private": false, "disabled": false, "gated": false, "pipeline_tag": "text-to-image", "tags": ["diffusers", "text-to-image", "stable-diffusion", "lora", "template:sd-lora", "anime", "kawaii", "style", "cute", "adorable", "sticker", "base_model:stabilityai/stable-diffusion-xl-base-1.0", "license:other", "region:us"], "downloads": 77, "library_name": "diffusers", "widgetData": [{"text": "kawaii sticker, girl, valkyrie", "output": {"url": "https://huggingface.co/e-n-v-y/envy-kawaii-xl-01/resolve/main/2272491.jpeg"}}, {"text": "kawaii sticker, orange Wyvern", "output": {"url": "https://huggingface.co/e-n-v-y/envy-kawaii-xl-01/resolve/main/2272494.jpeg"}}, {"text": "kawaii sticker, girl, kitty", "output": {"url": "https://huggingface.co/e-n-v-y/envy-kawaii-xl-01/resolve/main/2272488.jpeg"}}, {"text": "kawaii sticker, shiny green Gray Ooze", "output": {"url": "https://huggingface.co/e-n-v-y/envy-kawaii-xl-01/resolve/main/2272489.jpeg"}}, {"text": "kawaii sticker, sea green Flumph", "output": {"url": "https://huggingface.co/e-n-v-y/envy-kawaii-xl-01/resolve/main/2272490.jpeg"}}, {"text": "kawaii sticker, Blue Gray Gnatcatcher", "output": {"url": "https://huggingface.co/e-n-v-y/envy-kawaii-xl-01/resolve/main/2272492.jpeg"}}, {"text": "kawaii sticker, crepe", "output": {"url": "https://huggingface.co/e-n-v-y/envy-kawaii-xl-01/resolve/main/2272493.jpeg"}}, {"text": "kawaii sticker, Ghast", "output": {"url": "https://huggingface.co/e-n-v-y/envy-kawaii-xl-01/resolve/main/2272496.jpeg"}}, {"text": "kawaii sticker, girl, florist", "output": {"url": "https://huggingface.co/e-n-v-y/envy-kawaii-xl-01/resolve/main/2272499.jpeg"}}, {"text": "kawaii sticker, girl, kitsune", "output": {"url": "https://huggingface.co/e-n-v-y/envy-kawaii-xl-01/resolve/main/2272501.jpeg"}}], "likes": 5, "model-index": null, "cardData": {"license": "other", "tags": ["text-to-image", "stable-diffusion", "lora", "diffusers", "template:sd-lora", "anime", "kawaii", "style", "cute", "adorable", "sticker"], "base_model": "stabilityai/stable-diffusion-xl-base-1.0", "instance_prompt": null, "widget": [{"text": "kawaii sticker, girl, valkyrie", "output": {"url": "https://huggingface.co/e-n-v-y/envy-kawaii-xl-01/resolve/main/2272491.jpeg"}}, {"text": "kawaii sticker, orange Wyvern", "output": {"url": "https://huggingface.co/e-n-v-y/envy-kawaii-xl-01/resolve/main/2272494.jpeg"}}, {"text": "kawaii sticker, girl, kitty", "output": {"url": "https://huggingface.co/e-n-v-y/envy-kawaii-xl-01/resolve/main/2272488.jpeg"}}, {"text": "kawaii sticker, shiny green Gray Ooze", "output": {"url": "https://huggingface.co/e-n-v-y/envy-kawaii-xl-01/resolve/main/2272489.jpeg"}}, {"text": "kawaii sticker, sea green Flumph", "output": {"url": "https://huggingface.co/e-n-v-y/envy-kawaii-xl-01/resolve/main/2272490.jpeg"}}, {"text": "kawaii sticker, Blue Gray Gnatcatcher", "output": {"url": "https://huggingface.co/e-n-v-y/envy-kawaii-xl-01/resolve/main/2272492.jpeg"}}, {"text": "kawaii sticker, crepe", "output": {"url": "https://huggingface.co/e-n-v-y/envy-kawaii-xl-01/resolve/main/2272493.jpeg"}}, {"text": "kawaii sticker, Ghast", "output": {"url": "https://huggingface.co/e-n-v-y/envy-kawaii-xl-01/resolve/main/2272496.jpeg"}}, {"text": "kawaii sticker, girl, florist", "output": {"url": "https://huggingface.co/e-n-v-y/envy-kawaii-xl-01/resolve/main/2272499.jpeg"}}, {"text": "kawaii sticker, girl, kitsune", "output": {"url": "https://huggingface.co/e-n-v-y/envy-kawaii-xl-01/resolve/main/2272501.jpeg"}}]}, "siblings": [{"rfilename": ".gitattributes"}, {"rfilename": "2272488.jpeg"}, {"rfilename": "2272489.jpeg"}, {"rfilename": "2272490.jpeg"}, {"rfilename": "2272491.jpeg"}, {"rfilename": "2272492.jpeg"}, {"rfilename": "2272493.jpeg"}, {"rfilename": "2272494.jpeg"}, {"rfilename": "2272496.jpeg"}, {"rfilename": "2272499.jpeg"}, {"rfilename": "2272501.jpeg"}, {"rfilename": "EnvyKawaiiXL01.safetensors"}, {"rfilename": "README.md"}], "spaces": ["allknowingroger/Image-Models-Test42"], "createdAt": "2023-11-14T19:45:27.000Z", "inferenceStatus": "not-loaded"}