{"_id": "657da6d66dc01435cd8c45bb", "id": "e-n-v-y/envy-technobrutalist-xl-01", "modelId": "e-n-v-y/envy-technobrutalist-xl-01", "author": "e-n-v-y", "sha": "e225df99e11eca2ec0d6b335b7f5e538218e3a2b", "lastModified": "2023-12-16T13:32:08.000Z", "private": false, "disabled": false, "gated": false, "pipeline_tag": "text-to-image", "tags": ["diffusers", "text-to-image", "stable-diffusion", "lora", "template:sd-lora", "city", "architecture", "cyberpunk", "scifi", "buildings", "building", "brutalist", "base_model:stabilityai/stable-diffusion-xl-base-1.0", "license:other", "region:us"], "downloads": 17, "library_name": "diffusers", "widgetData": [{"text": "technobrutalist, cinematic color grading, 1girl, woman, beautiful, a amazing fantasy metropolis edge of reality, masterpiece, by Bastien Grivet", "output": {"url": "https://huggingface.co/e-n-v-y/envy-technobrutalist-xl-01/resolve/main/4588795.jpeg"}}, {"text": "technobrutalist, cinematic color grading, fantasy, Lake", "output": {"url": "https://huggingface.co/e-n-v-y/envy-technobrutalist-xl-01/resolve/main/4588797.jpeg"}}, {"text": "technobrutalist, cinematic color grading, golden hour, blue sky, clouds, scenery, in a skilled Permanently Lit Peaks", "output": {"url": "https://huggingface.co/e-n-v-y/envy-technobrutalist-xl-01/resolve/main/4588824.jpeg"}}, {"text": "technobrutalist, cinematic color grading, well-lit interior, in a Cluttered Glacial crevasse", "output": {"url": "https://huggingface.co/e-n-v-y/envy-technobrutalist-xl-01/resolve/main/4588798.jpeg"}}, {"text": "technobrutalist, gargantuan,epic fantasy megacity at the beginning of time", "output": {"url": "https://huggingface.co/e-n-v-y/envy-technobrutalist-xl-01/resolve/main/4588807.jpeg"}}, {"text": "technobrutalist, cinematic color grading, fantasy, Cave", "output": {"url": "https://huggingface.co/e-n-v-y/envy-technobrutalist-xl-01/resolve/main/4588801.jpeg"}}, {"text": "technobrutalist, cinematic color grading, ultimate fantasy megastructure outside of time", "output": {"url": "https://huggingface.co/e-n-v-y/envy-technobrutalist-xl-01/resolve/main/4588832.jpeg"}}, {"text": "technobrutalist, 1boy, man, ruggedly handsome, noon, scenery, in a High-Pressure Impact Craters", "output": {"url": "https://huggingface.co/e-n-v-y/envy-technobrutalist-xl-01/resolve/main/4588802.jpeg"}}, {"text": "technobrutalist, scifi, underground living area in a great,empty radiant  blue scifi topia outside of reality, masterpiece", "output": {"url": "https://huggingface.co/e-n-v-y/envy-technobrutalist-xl-01/resolve/main/4588803.jpeg"}}, {"text": "technobrutalist, 1girl, woman, rough digital painting, (full body:1.2), 1boy, man, masculine, solo, [:outlandish costume design,:0.2] priest, crimson (ornate brass pauldrons,shield:1.4), caucasian, neon slate blue hair, (average:1) build, old, simple background, moba character concept art, bombshell hair, glowing yellow hair with aqua highlights, side braid, toned body, athletic build, narrow waist, small breasts, caucasian", "output": {"url": "https://huggingface.co/e-n-v-y/envy-technobrutalist-xl-01/resolve/main/4588804.jpeg"}}], "likes": 2, "model-index": null, "cardData": {"license": "other", "license_name": "bespoke-lora-trained-license", "license_link": "https://multimodal.art/civitai-licenses?allowNoCredit=True&allowCommercialUse=Sell&allowDerivatives=True&allowDifferentLicense=True", "tags": ["text-to-image", "stable-diffusion", "lora", "diffusers", "template:sd-lora", "city", "architecture", "cyberpunk", "scifi", "buildings", "building", "brutalist"], "base_model": "stabilityai/stable-diffusion-xl-base-1.0", "instance_prompt": "technobrutalist", "widget": [{"text": "technobrutalist, cinematic color grading, 1girl, woman, beautiful, a amazing fantasy metropolis edge of reality, masterpiece, by Bastien Grivet", "output": {"url": "https://huggingface.co/e-n-v-y/envy-technobrutalist-xl-01/resolve/main/4588795.jpeg"}}, {"text": "technobrutalist, cinematic color grading, fantasy, Lake", "output": {"url": "https://huggingface.co/e-n-v-y/envy-technobrutalist-xl-01/resolve/main/4588797.jpeg"}}, {"text": "technobrutalist, cinematic color grading, golden hour, blue sky, clouds, scenery, in a skilled Permanently Lit Peaks", "output": {"url": "https://huggingface.co/e-n-v-y/envy-technobrutalist-xl-01/resolve/main/4588824.jpeg"}}, {"text": "technobrutalist, cinematic color grading, well-lit interior, in a Cluttered Glacial crevasse", "output": {"url": "https://huggingface.co/e-n-v-y/envy-technobrutalist-xl-01/resolve/main/4588798.jpeg"}}, {"text": "technobrutalist, gargantuan,epic fantasy megacity at the beginning of time", "output": {"url": "https://huggingface.co/e-n-v-y/envy-technobrutalist-xl-01/resolve/main/4588807.jpeg"}}, {"text": "technobrutalist, cinematic color grading, fantasy, Cave", "output": {"url": "https://huggingface.co/e-n-v-y/envy-technobrutalist-xl-01/resolve/main/4588801.jpeg"}}, {"text": "technobrutalist, cinematic color grading, ultimate fantasy megastructure outside of time", "output": {"url": "https://huggingface.co/e-n-v-y/envy-technobrutalist-xl-01/resolve/main/4588832.jpeg"}}, {"text": "technobrutalist, 1boy, man, ruggedly handsome, noon, scenery, in a High-Pressure Impact Craters", "output": {"url": "https://huggingface.co/e-n-v-y/envy-technobrutalist-xl-01/resolve/main/4588802.jpeg"}}, {"text": "technobrutalist, scifi, underground living area in a great,empty radiant  blue scifi topia outside of reality, masterpiece", "output": {"url": "https://huggingface.co/e-n-v-y/envy-technobrutalist-xl-01/resolve/main/4588803.jpeg"}}, {"text": "technobrutalist, 1girl, woman, rough digital painting, (full body:1.2), 1boy, man, masculine, solo, [:outlandish costume design,:0.2] priest, crimson (ornate brass pauldrons,shield:1.4), caucasian, neon slate blue hair, (average:1) build, old, simple background, moba character concept art, bombshell hair, glowing yellow hair with aqua highlights, side braid, toned body, athletic build, narrow waist, small breasts, caucasian", "output": {"url": "https://huggingface.co/e-n-v-y/envy-technobrutalist-xl-01/resolve/main/4588804.jpeg"}}]}, "siblings": [{"rfilename": ".gitattributes"}, {"rfilename": "4588795.jpeg"}, {"rfilename": "4588797.jpeg"}, {"rfilename": "4588798.jpeg"}, {"rfilename": "4588801.jpeg"}, {"rfilename": "4588802.jpeg"}, {"rfilename": "4588803.jpeg"}, {"rfilename": "4588804.jpeg"}, {"rfilename": "4588807.jpeg"}, {"rfilename": "4588824.jpeg"}, {"rfilename": "4588832.jpeg"}, {"rfilename": "EnvyTechnobrutalistXL01.safetensors"}, {"rfilename": "README.md"}], "spaces": ["allknowingroger/Image-Models-Test249"], "createdAt": "2023-12-16T13:32:06.000Z", "inferenceStatus": "not-loaded"}