{"_id": "6563765078f6dd8d83bd0d47", "id": "e-n-v-y/envy-cel-shaded-xl-01", "modelId": "e-n-v-y/envy-cel-shaded-xl-01", "author": "e-n-v-y", "sha": "6552fafa0b5bc469c0d41c82162cd971362652d6", "lastModified": "2023-11-26T16:46:09.000Z", "private": false, "disabled": false, "gated": false, "pipeline_tag": "text-to-image", "tags": ["diffusers", "text-to-image", "stable-diffusion", "lora", "template:sd-lora", "anime", "person", "cel shaded", "scenery", "style", "cartoon", "cel shading", "base_model:stabilityai/stable-diffusion-xl-base-1.0", "license:other", "region:us"], "downloads": 33, "library_name": "diffusers", "widgetData": [{"text": "gargantuan,amazing fantasy megastructure outside of the multiverse", "output": {"url": "https://huggingface.co/e-n-v-y/envy-cel-shaded-xl-01/resolve/main/3944136.jpeg"}}, {"text": "smithy in a epic,whimsical fantasy topia outside of the universe, masterpiece", "output": {"url": "https://huggingface.co/e-n-v-y/envy-cel-shaded-xl-01/resolve/main/3944065.jpeg"}}, {"text": "noon, blue sky, clouds, architecture, commercial Trendercore tailor shop in a shanty town", "output": {"url": "https://huggingface.co/e-n-v-y/envy-cel-shaded-xl-01/resolve/main/3944075.jpeg"}}, {"text": "forbidden Experimental Agriculture Zone", "output": {"url": "https://huggingface.co/e-n-v-y/envy-cel-shaded-xl-01/resolve/main/3944061.jpeg"}}, {"text": "armageddon Permanently Lit Peaks", "output": {"url": "https://huggingface.co/e-n-v-y/envy-cel-shaded-xl-01/resolve/main/3944063.jpeg"}}, {"text": "noon, blue sky, clouds, scenery, Plant Mom plain background", "output": {"url": "https://huggingface.co/e-n-v-y/envy-cel-shaded-xl-01/resolve/main/3944066.jpeg"}}, {"text": "natural sunlight, interior, in a indoor wizard's laboratory", "output": {"url": "https://huggingface.co/e-n-v-y/envy-cel-shaded-xl-01/resolve/main/3944073.jpeg"}}, {"text": "brightly lit interior, in a Cheerful hall", "output": {"url": "https://huggingface.co/e-n-v-y/envy-cel-shaded-xl-01/resolve/main/3944074.jpeg"}}, {"text": "morning, blue sky, clouds, architecture, \"at the epic black hole\"", "output": {"url": "https://huggingface.co/e-n-v-y/envy-cel-shaded-xl-01/resolve/main/3944076.jpeg"}}, {"text": "Floating market along the canal in a impossible scifi cosmic megastructure edge of the multiverse, masterpiece", "output": {"url": "https://huggingface.co/e-n-v-y/envy-cel-shaded-xl-01/resolve/main/3944085.jpeg"}}], "likes": 2, "model-index": null, "cardData": {"license": "other", "license_name": "bespoke-lora-trained-license", "license_link": "https://multimodal.art/civitai-licenses?allowNoCredit=True&allowCommercialUse=Sell&allowDerivatives=True&allowDifferentLicense=True", "tags": ["text-to-image", "stable-diffusion", "lora", "diffusers", "template:sd-lora", "anime", "person", "cel shaded", "scenery", "style", "cartoon", "cel shading"], "base_model": "stabilityai/stable-diffusion-xl-base-1.0", "instance_prompt": null, "widget": [{"text": "gargantuan,amazing fantasy megastructure outside of the multiverse", "output": {"url": "https://huggingface.co/e-n-v-y/envy-cel-shaded-xl-01/resolve/main/3944136.jpeg"}}, {"text": "smithy in a epic,whimsical fantasy topia outside of the universe, masterpiece", "output": {"url": "https://huggingface.co/e-n-v-y/envy-cel-shaded-xl-01/resolve/main/3944065.jpeg"}}, {"text": "noon, blue sky, clouds, architecture, commercial Trendercore tailor shop in a shanty town", "output": {"url": "https://huggingface.co/e-n-v-y/envy-cel-shaded-xl-01/resolve/main/3944075.jpeg"}}, {"text": "forbidden Experimental Agriculture Zone", "output": {"url": "https://huggingface.co/e-n-v-y/envy-cel-shaded-xl-01/resolve/main/3944061.jpeg"}}, {"text": "armageddon Permanently Lit Peaks", "output": {"url": "https://huggingface.co/e-n-v-y/envy-cel-shaded-xl-01/resolve/main/3944063.jpeg"}}, {"text": "noon, blue sky, clouds, scenery, Plant Mom plain background", "output": {"url": "https://huggingface.co/e-n-v-y/envy-cel-shaded-xl-01/resolve/main/3944066.jpeg"}}, {"text": "natural sunlight, interior, in a indoor wizard's laboratory", "output": {"url": "https://huggingface.co/e-n-v-y/envy-cel-shaded-xl-01/resolve/main/3944073.jpeg"}}, {"text": "brightly lit interior, in a Cheerful hall", "output": {"url": "https://huggingface.co/e-n-v-y/envy-cel-shaded-xl-01/resolve/main/3944074.jpeg"}}, {"text": "morning, blue sky, clouds, architecture, \"at the epic black hole\"", "output": {"url": "https://huggingface.co/e-n-v-y/envy-cel-shaded-xl-01/resolve/main/3944076.jpeg"}}, {"text": "Floating market along the canal in a impossible scifi cosmic megastructure edge of the multiverse, masterpiece", "output": {"url": "https://huggingface.co/e-n-v-y/envy-cel-shaded-xl-01/resolve/main/3944085.jpeg"}}]}, "siblings": [{"rfilename": ".gitattributes"}, {"rfilename": "3944061.jpeg"}, {"rfilename": "3944063.jpeg"}, {"rfilename": "3944065.jpeg"}, {"rfilename": "3944066.jpeg"}, {"rfilename": "3944073.jpeg"}, {"rfilename": "3944074.jpeg"}, {"rfilename": "3944075.jpeg"}, {"rfilename": "3944076.jpeg"}, {"rfilename": "3944085.jpeg"}, {"rfilename": "3944136.jpeg"}, {"rfilename": "EnvyCelShadedXL01.safetensors"}, {"rfilename": "README.md"}], "spaces": ["allknowingroger/Image-Models-Test212"], "createdAt": "2023-11-26T16:46:08.000Z", "inferenceStatus": "not-loaded"}