{"_id": "6568b6a61d449d8b958a6773", "id": "e-n-v-y/envy-stylized-xl-02", "modelId": "e-n-v-y/envy-stylized-xl-02", "author": "e-n-v-y", "sha": "fbeafa3c47978c1225cec736784cda0a11f1d7c2", "lastModified": "2023-11-30T16:22:00.000Z", "private": false, "disabled": false, "gated": false, "pipeline_tag": "text-to-image", "tags": ["diffusers", "text-to-image", "stable-diffusion", "lora", "template:sd-lora", "stylized", "expressionism", "style", "base_model:stabilityai/stable-diffusion-xl-base-1.0", "license:other", "region:us"], "downloads": 26, "library_name": "diffusers", "widgetData": [{"text": "oil painting,whimsical,love hotel in a cheerful fantasy sky city edge of the universe, masterpiece", "output": {"url": "https://huggingface.co/e-n-v-y/envy-stylized-xl-02/resolve/main/4057782.jpeg"}}, {"text": "cheerful colors,silly,Artificial Recreation Biodomes", "output": {"url": "https://huggingface.co/e-n-v-y/envy-stylized-xl-02/resolve/main/4057784.jpeg"}}, {"text": "cheerful colors,silly,indescribable,Elemental fantasy metropolis outside of the universe", "output": {"url": "https://huggingface.co/e-n-v-y/envy-stylized-xl-02/resolve/main/4057752.jpeg"}}, {"text": "oil painting,golden hour, blue sky, clouds, scenery, \"at the indescribable Arcology\"", "output": {"url": "https://huggingface.co/e-n-v-y/envy-stylized-xl-02/resolve/main/4057772.jpeg"}}, {"text": "cheerful colors,Land of Giants", "output": {"url": "https://huggingface.co/e-n-v-y/envy-stylized-xl-02/resolve/main/4057773.jpeg"}}, {"text": ",warmly lit interior, in a rusted Lotus pond", "output": {"url": "https://huggingface.co/e-n-v-y/envy-stylized-xl-02/resolve/main/4057777.jpeg"}}, {"text": "whimsical,silly,cheerful colors,Air Elemental Zone", "output": {"url": "https://huggingface.co/e-n-v-y/envy-stylized-xl-02/resolve/main/4057780.jpeg"}}, {"text": "cheerful colors,oil painting,whimsical,rock concert in a empty,Ethereal fantasy vertical city beyond the end of reality, masterpiece", "output": {"url": "https://huggingface.co/e-n-v-y/envy-stylized-xl-02/resolve/main/4057795.jpeg"}}, {"text": "whimsical,cheerful colors,silly,Graffiti-covered alleyway in a far future subsurface scattering neon forest green scifi metropolis edge of the multiverse, masterpiece, by Mike Winkelmann (Beeple)", "output": {"url": "https://huggingface.co/e-n-v-y/envy-stylized-xl-02/resolve/main/4057807.jpeg"}}, {"text": "Land of Eternal Day", "output": {"url": "https://huggingface.co/e-n-v-y/envy-stylized-xl-02/resolve/main/4057808.jpeg"}}], "likes": 2, "model-index": null, "cardData": {"license": "other", "license_name": "bespoke-lora-trained-license", "license_link": "https://multimodal.art/civitai-licenses?allowNoCredit=True&allowCommercialUse=Sell&allowDerivatives=True&allowDifferentLicense=True", "tags": ["text-to-image", "stable-diffusion", "lora", "diffusers", "template:sd-lora", "stylized", "expressionism", "style"], "base_model": "stabilityai/stable-diffusion-xl-base-1.0", "instance_prompt": null, "widget": [{"text": "oil painting,whimsical,love hotel in a cheerful fantasy sky city edge of the universe, masterpiece", "output": {"url": "https://huggingface.co/e-n-v-y/envy-stylized-xl-02/resolve/main/4057782.jpeg"}}, {"text": "cheerful colors,silly,Artificial Recreation Biodomes", "output": {"url": "https://huggingface.co/e-n-v-y/envy-stylized-xl-02/resolve/main/4057784.jpeg"}}, {"text": "cheerful colors,silly,indescribable,Elemental fantasy metropolis outside of the universe", "output": {"url": "https://huggingface.co/e-n-v-y/envy-stylized-xl-02/resolve/main/4057752.jpeg"}}, {"text": "oil painting,golden hour, blue sky, clouds, scenery, \"at the indescribable Arcology\"", "output": {"url": "https://huggingface.co/e-n-v-y/envy-stylized-xl-02/resolve/main/4057772.jpeg"}}, {"text": "cheerful colors,Land of Giants", "output": {"url": "https://huggingface.co/e-n-v-y/envy-stylized-xl-02/resolve/main/4057773.jpeg"}}, {"text": ",warmly lit interior, in a rusted Lotus pond", "output": {"url": "https://huggingface.co/e-n-v-y/envy-stylized-xl-02/resolve/main/4057777.jpeg"}}, {"text": "whimsical,silly,cheerful colors,Air Elemental Zone", "output": {"url": "https://huggingface.co/e-n-v-y/envy-stylized-xl-02/resolve/main/4057780.jpeg"}}, {"text": "cheerful colors,oil painting,whimsical,rock concert in a empty,Ethereal fantasy vertical city beyond the end of reality, masterpiece", "output": {"url": "https://huggingface.co/e-n-v-y/envy-stylized-xl-02/resolve/main/4057795.jpeg"}}, {"text": "whimsical,cheerful colors,silly,Graffiti-covered alleyway in a far future subsurface scattering neon forest green scifi metropolis edge of the multiverse, masterpiece, by Mike Winkelmann (Beeple)", "output": {"url": "https://huggingface.co/e-n-v-y/envy-stylized-xl-02/resolve/main/4057807.jpeg"}}, {"text": "Land of Eternal Day", "output": {"url": "https://huggingface.co/e-n-v-y/envy-stylized-xl-02/resolve/main/4057808.jpeg"}}]}, "siblings": [{"rfilename": ".gitattributes"}, {"rfilename": "4057752.jpeg"}, {"rfilename": "4057772.jpeg"}, {"rfilename": "4057773.jpeg"}, {"rfilename": "4057777.jpeg"}, {"rfilename": "4057780.jpeg"}, {"rfilename": "4057782.jpeg"}, {"rfilename": "4057784.jpeg"}, {"rfilename": "4057795.jpeg"}, {"rfilename": "4057807.jpeg"}, {"rfilename": "4057808.jpeg"}, {"rfilename": "EnvyStylizedXL02.safetensors"}, {"rfilename": "README.md"}], "spaces": ["allknowingroger/Image-Models-Test222"], "createdAt": "2023-11-30T16:21:58.000Z", "inferenceStatus": "not-loaded"}