{"_id": "6553ea258a3555336b9ffdd3", "id": "e-n-v-y/envy-celestial-xl-02", "modelId": "e-n-v-y/envy-celestial-xl-02", "author": "e-n-v-y", "sha": "cb9360328b0055be0e39590f404e2ce395b82a89", "lastModified": "2023-11-14T21:47:35.000Z", "private": false, "disabled": false, "gated": false, "pipeline_tag": "text-to-image", "tags": ["diffusers", "text-to-image", "stable-diffusion", "lora", "template:sd-lora", "concept", "celestial", "stars", "sky", "planets", "symbolism", "base_model:stabilityai/stable-diffusion-xl-base-1.0", "license:other", "region:us"], "downloads": 18, "library_name": "diffusers", "widgetData": [{"text": "digital painting, celestial, noon, blue sky, clouds scenery, in a Firefly Grove", "output": {"url": "https://huggingface.co/e-n-v-y/envy-celestial-xl-02/resolve/main/3562003.jpeg"}}, {"text": "digital painting, celestial, noon, blue sky, clouds scenery, \"at the Empyrean Megalith\"", "output": {"url": "https://huggingface.co/e-n-v-y/envy-celestial-xl-02/resolve/main/3561990.jpeg"}}, {"text": "digital painting, celestial, mysterious fantasy metropolis outside of time", "output": {"url": "https://huggingface.co/e-n-v-y/envy-celestial-xl-02/resolve/main/3561991.jpeg"}}, {"text": "digital painting, celestial, noon, architecture, \"at the Preternatural Supernova\"", "output": {"url": "https://huggingface.co/e-n-v-y/envy-celestial-xl-02/resolve/main/3562015.jpeg"}}], "likes": 1, "model-index": null, "cardData": {"license": "other", "tags": ["text-to-image", "stable-diffusion", "lora", "diffusers", "template:sd-lora", "concept", "celestial", "stars", "sky", "planets", "symbolism"], "base_model": "stabilityai/stable-diffusion-xl-base-1.0", "instance_prompt": "celestial", "widget": [{"text": "digital painting, celestial, noon, blue sky, clouds scenery, in a Firefly Grove", "output": {"url": "https://huggingface.co/e-n-v-y/envy-celestial-xl-02/resolve/main/3562003.jpeg"}}, {"text": "digital painting, celestial, noon, blue sky, clouds scenery, \"at the Empyrean Megalith\"", "output": {"url": "https://huggingface.co/e-n-v-y/envy-celestial-xl-02/resolve/main/3561990.jpeg"}}, {"text": "digital painting, celestial, mysterious fantasy metropolis outside of time", "output": {"url": "https://huggingface.co/e-n-v-y/envy-celestial-xl-02/resolve/main/3561991.jpeg"}}, {"text": "digital painting, celestial, noon, architecture, \"at the Preternatural Supernova\"", "output": {"url": "https://huggingface.co/e-n-v-y/envy-celestial-xl-02/resolve/main/3562015.jpeg"}}]}, "siblings": [{"rfilename": ".gitattributes"}, {"rfilename": "3561990.jpeg"}, {"rfilename": "3561991.jpeg"}, {"rfilename": "3562003.jpeg"}, {"rfilename": "3562015.jpeg"}, {"rfilename": "EnvyCelestialXL02.safetensors"}, {"rfilename": "README.md"}], "spaces": [], "createdAt": "2023-11-14T21:44:05.000Z", "inferenceStatus": "not-loaded"}