{"_id": "6566a613f450504854e553e3", "id": "e-n-v-y/envy-stylized-xl-01", "modelId": "e-n-v-y/envy-stylized-xl-01", "author": "e-n-v-y", "sha": "5a15c49a8b7dbe915bb853450e3e13747fc675c7", "lastModified": "2023-11-29T02:46:44.000Z", "private": false, "disabled": false, "gated": false, "pipeline_tag": "text-to-image", "tags": ["diffusers", "text-to-image", "stable-diffusion", "lora", "template:sd-lora", "anime", "city", "scenery", "style", "flat colors", "woman", "man", "outline", "base_model:stabilityai/stable-diffusion-xl-base-1.0", "license:other", "region:us"], "downloads": 28, "library_name": "diffusers", "widgetData": [{"text": "scifi, solarpunk, alien, chemist, full body, wearing radiant  aqua work clothes", "output": {"url": "https://huggingface.co/e-n-v-y/envy-stylized-xl-01/resolve/main/4010441.jpeg"}}, {"text": "gargantuan fantasy cloud city beyond the end of time", "output": {"url": "https://huggingface.co/e-n-v-y/envy-stylized-xl-01/resolve/main/4010431.jpeg"}}, {"text": "noon, scenery, in a elite Gnome Hills", "output": {"url": "https://huggingface.co/e-n-v-y/envy-stylized-xl-01/resolve/main/4010383.jpeg"}}, {"text": "noon, scenery, \"at the Unfathomable Aeon\"", "output": {"url": "https://huggingface.co/e-n-v-y/envy-stylized-xl-01/resolve/main/4010392.jpeg"}}, {"text": "high-end dance club in a pristine fantasy cloud arcology edge of the universe, masterpiece", "output": {"url": "https://huggingface.co/e-n-v-y/envy-stylized-xl-01/resolve/main/4010404.jpeg"}}, {"text": "scifi, scrapcore, assassin, full body, wearing skin-tight iridescent light crimson power armor", "output": {"url": "https://huggingface.co/e-n-v-y/envy-stylized-xl-01/resolve/main/4010407.jpeg"}}, {"text": "noon, architecture, rusted Baddie smithy", "output": {"url": "https://huggingface.co/e-n-v-y/envy-stylized-xl-01/resolve/main/4010413.jpeg"}}, {"text": "morning, scenery, \"at the Supernatural Megalopolis\"", "output": {"url": "https://huggingface.co/e-n-v-y/envy-stylized-xl-01/resolve/main/4010415.jpeg"}}, {"text": "Seagrass Bed", "output": {"url": "https://huggingface.co/e-n-v-y/envy-stylized-xl-01/resolve/main/4010416.jpeg"}}, {"text": "warmly lit interior, in a sticky Scottish highland castle ruins", "output": {"url": "https://huggingface.co/e-n-v-y/envy-stylized-xl-01/resolve/main/4010417.jpeg"}}], "likes": 3, "model-index": null, "cardData": {"license": "other", "license_name": "bespoke-lora-trained-license", "license_link": "https://multimodal.art/civitai-licenses?allowNoCredit=True&allowCommercialUse=Sell&allowDerivatives=True&allowDifferentLicense=True", "tags": ["text-to-image", "stable-diffusion", "lora", "diffusers", "template:sd-lora", "anime", "city", "scenery", "style", "flat colors", "woman", "man", "outline"], "base_model": "stabilityai/stable-diffusion-xl-base-1.0", "instance_prompt": null, "widget": [{"text": "scifi, solarpunk, alien, chemist, full body, wearing radiant  aqua work clothes", "output": {"url": "https://huggingface.co/e-n-v-y/envy-stylized-xl-01/resolve/main/4010441.jpeg"}}, {"text": "gargantuan fantasy cloud city beyond the end of time", "output": {"url": "https://huggingface.co/e-n-v-y/envy-stylized-xl-01/resolve/main/4010431.jpeg"}}, {"text": "noon, scenery, in a elite Gnome Hills", "output": {"url": "https://huggingface.co/e-n-v-y/envy-stylized-xl-01/resolve/main/4010383.jpeg"}}, {"text": "noon, scenery, \"at the Unfathomable Aeon\"", "output": {"url": "https://huggingface.co/e-n-v-y/envy-stylized-xl-01/resolve/main/4010392.jpeg"}}, {"text": "high-end dance club in a pristine fantasy cloud arcology edge of the universe, masterpiece", "output": {"url": "https://huggingface.co/e-n-v-y/envy-stylized-xl-01/resolve/main/4010404.jpeg"}}, {"text": "scifi, scrapcore, assassin, full body, wearing skin-tight iridescent light crimson power armor", "output": {"url": "https://huggingface.co/e-n-v-y/envy-stylized-xl-01/resolve/main/4010407.jpeg"}}, {"text": "noon, architecture, rusted Baddie smithy", "output": {"url": "https://huggingface.co/e-n-v-y/envy-stylized-xl-01/resolve/main/4010413.jpeg"}}, {"text": "morning, scenery, \"at the Supernatural Megalopolis\"", "output": {"url": "https://huggingface.co/e-n-v-y/envy-stylized-xl-01/resolve/main/4010415.jpeg"}}, {"text": "Seagrass Bed", "output": {"url": "https://huggingface.co/e-n-v-y/envy-stylized-xl-01/resolve/main/4010416.jpeg"}}, {"text": "warmly lit interior, in a sticky Scottish highland castle ruins", "output": {"url": "https://huggingface.co/e-n-v-y/envy-stylized-xl-01/resolve/main/4010417.jpeg"}}]}, "siblings": [{"rfilename": ".gitattributes"}, {"rfilename": "4010383.jpeg"}, {"rfilename": "4010392.jpeg"}, {"rfilename": "4010404.jpeg"}, {"rfilename": "4010407.jpeg"}, {"rfilename": "4010413.jpeg"}, {"rfilename": "4010415.jpeg"}, {"rfilename": "4010416.jpeg"}, {"rfilename": "4010417.jpeg"}, {"rfilename": "4010431.jpeg"}, {"rfilename": "4010441.jpeg"}, {"rfilename": "EnvyStylizedXL01.safetensors"}, {"rfilename": "README.md"}], "spaces": ["allknowingroger/Image-Models-Test217"], "createdAt": "2023-11-29T02:46:43.000Z", "inferenceStatus": "not-loaded"}