{"_id": "655a3e4d6a7098bc6e4a1f8a", "id": "e-n-v-y/envy-primordial-xl-01", "modelId": "e-n-v-y/envy-primordial-xl-01", "author": "e-n-v-y", "sha": "a64a9b6d8c194ad58e559260d4691fafb652583c", "lastModified": "2023-11-19T16:56:46.000Z", "private": false, "disabled": false, "gated": false, "pipeline_tag": "text-to-image", "tags": ["diffusers", "text-to-image", "stable-diffusion", "lora", "template:sd-lora", "landscapes", "city", "concept", "architecture", "scifi", "scenery", "kaiju", "fantasy", "kaijuu", "base_model:stabilityai/stable-diffusion-xl-base-1.0", "license:other", "region:us"], "downloads": 225, "library_name": "diffusers", "widgetData": [{"text": "primordial, anime style, digital painting, Robotic Research Stations", "output": {"url": "https://huggingface.co/e-n-v-y/envy-primordial-xl-01/resolve/main/3753083.jpeg"}}, {"text": "primordial, anime style, digital painting, open courtyard in a techno-pessimist,solemn scifi megastructure at the end of the multiverse, masterpiece", "output": {"url": "https://huggingface.co/e-n-v-y/envy-primordial-xl-01/resolve/main/3753079.jpeg"}}, {"text": "primordial, anime style, digital painting, Fairy Glade, haze", "output": {"url": "https://huggingface.co/e-n-v-y/envy-primordial-xl-01/resolve/main/3752990.jpeg"}}, {"text": "primordial, anime style, digital painting, Rainbow Falls, haze", "output": {"url": "https://huggingface.co/e-n-v-y/envy-primordial-xl-01/resolve/main/3752993.jpeg"}}, {"text": "primordial, anime style, digital painting, High-Pressure Impact Craters, haze", "output": {"url": "https://huggingface.co/e-n-v-y/envy-primordial-xl-01/resolve/main/3752996.jpeg"}}, {"text": "primordial, anime style, digital painting, a dingy,indescribable scifi topia beyond the end of reality, masterpiece, haze", "output": {"url": "https://huggingface.co/e-n-v-y/envy-primordial-xl-01/resolve/main/3753001.jpeg"}}, {"text": "primordial, anime style, digital painting, Reaper's Soul Plains, <!haze!", "output": {"url": "https://huggingface.co/e-n-v-y/envy-primordial-xl-01/resolve/main/3753028.jpeg"}}, {"text": "primordial, anime style, digital painting, a techno-optimist,solemn fantasy subterranean megacity outside of the universe, masterpiece", "output": {"url": "https://huggingface.co/e-n-v-y/envy-primordial-xl-01/resolve/main/3753032.jpeg"}}, {"text": "primordial, anime style, digital painting, noon, architecture, \"at the Transdimensional Constellation\"", "output": {"url": "https://huggingface.co/e-n-v-y/envy-primordial-xl-01/resolve/main/3753034.jpeg"}}, {"text": "primordial, anime style, digital painting, morning, blue sky, clouds, scenery, in a Wetlands", "output": {"url": "https://huggingface.co/e-n-v-y/envy-primordial-xl-01/resolve/main/3753047.jpeg"}}], "likes": 1, "model-index": null, "cardData": {"license": "other", "license_name": "bespoke-lora-trained-license", "license_link": "https://multimodal.art/civitai-licenses?allowNoCredit=True&allowCommercialUse=Sell&allowDerivatives=True&allowDifferentLicense=True", "tags": ["text-to-image", "stable-diffusion", "lora", "diffusers", "template:sd-lora", "landscapes", "city", "concept", "architecture", "scifi", "scenery", "kaiju", "fantasy", "kaijuu"], "base_model": "stabilityai/stable-diffusion-xl-base-1.0", "instance_prompt": "primordial", "widget": [{"text": "primordial, anime style, digital painting, Robotic Research Stations", "output": {"url": "https://huggingface.co/e-n-v-y/envy-primordial-xl-01/resolve/main/3753083.jpeg"}}, {"text": "primordial, anime style, digital painting, open courtyard in a techno-pessimist,solemn scifi megastructure at the end of the multiverse, masterpiece", "output": {"url": "https://huggingface.co/e-n-v-y/envy-primordial-xl-01/resolve/main/3753079.jpeg"}}, {"text": "primordial, anime style, digital painting, Fairy Glade, haze", "output": {"url": "https://huggingface.co/e-n-v-y/envy-primordial-xl-01/resolve/main/3752990.jpeg"}}, {"text": "primordial, anime style, digital painting, Rainbow Falls, haze", "output": {"url": "https://huggingface.co/e-n-v-y/envy-primordial-xl-01/resolve/main/3752993.jpeg"}}, {"text": "primordial, anime style, digital painting, High-Pressure Impact Craters, haze", "output": {"url": "https://huggingface.co/e-n-v-y/envy-primordial-xl-01/resolve/main/3752996.jpeg"}}, {"text": "primordial, anime style, digital painting, a dingy,indescribable scifi topia beyond the end of reality, masterpiece, haze", "output": {"url": "https://huggingface.co/e-n-v-y/envy-primordial-xl-01/resolve/main/3753001.jpeg"}}, {"text": "primordial, anime style, digital painting, Reaper's Soul Plains, <!haze!", "output": {"url": "https://huggingface.co/e-n-v-y/envy-primordial-xl-01/resolve/main/3753028.jpeg"}}, {"text": "primordial, anime style, digital painting, a techno-optimist,solemn fantasy subterranean megacity outside of the universe, masterpiece", "output": {"url": "https://huggingface.co/e-n-v-y/envy-primordial-xl-01/resolve/main/3753032.jpeg"}}, {"text": "primordial, anime style, digital painting, noon, architecture, \"at the Transdimensional Constellation\"", "output": {"url": "https://huggingface.co/e-n-v-y/envy-primordial-xl-01/resolve/main/3753034.jpeg"}}, {"text": "primordial, anime style, digital painting, morning, blue sky, clouds, scenery, in a Wetlands", "output": {"url": "https://huggingface.co/e-n-v-y/envy-primordial-xl-01/resolve/main/3753047.jpeg"}}]}, "siblings": [{"rfilename": ".gitattributes"}, {"rfilename": "3752990.jpeg"}, {"rfilename": "3752993.jpeg"}, {"rfilename": "3752996.jpeg"}, {"rfilename": "3753001.jpeg"}, {"rfilename": "3753028.jpeg"}, {"rfilename": "3753032.jpeg"}, {"rfilename": "3753034.jpeg"}, {"rfilename": "3753047.jpeg"}, {"rfilename": "3753079.jpeg"}, {"rfilename": "3753083.jpeg"}, {"rfilename": "EnvyPrimordialXL01.safetensors"}, {"rfilename": "README.md"}], "spaces": ["allknowingroger/Image-Models-Test123", "PeepDaSlan9/B2BMGMT_e-n-v-y-envy-primordial-xl-01"], "createdAt": "2023-11-19T16:56:45.000Z", "inferenceStatus": "not-loaded"}