{"_id": "6553ce39661bc6cc5d2b0ce3", "id": "e-n-v-y/envy-floorplans-xl-01", "modelId": "e-n-v-y/envy-floorplans-xl-01", "author": "e-n-v-y", "sha": "b4b7414c7987665258b9d690bc6d6054e5837de6", "lastModified": "2023-11-14T19:45:10.000Z", "private": false, "disabled": false, "gated": false, "pipeline_tag": "text-to-image", "tags": ["diffusers", "text-to-image", "stable-diffusion", "lora", "template:sd-lora", "house", "buildings", "fantasy", "blueprint", "mansion", "castle", "historic", "floorplan", "base_model:stabilityai/stable-diffusion-xl-base-1.0", "license:other", "region:us"], "downloads": 45, "library_name": "diffusers", "widgetData": [{"text": "mountain castle floorplan with a beautiful courtyard, high resolution", "output": {"url": "https://huggingface.co/e-n-v-y/envy-floorplans-xl-01/resolve/main/2717825.jpeg"}}, {"text": "old castle floorplan, high resolution", "output": {"url": "https://huggingface.co/e-n-v-y/envy-floorplans-xl-01/resolve/main/2717827.jpeg"}}, {"text": "old castle floorplan, high resolution", "output": {"url": "https://huggingface.co/e-n-v-y/envy-floorplans-xl-01/resolve/main/2717826.jpeg"}}, {"text": "detailed floorplan of a fantasy steampunk airship, high resolution", "output": {"url": "https://huggingface.co/e-n-v-y/envy-floorplans-xl-01/resolve/main/2717792.jpeg"}}, {"text": "floorplan of a fantasy castle on the rhine river, asymmetrical, high resolution", "output": {"url": "https://huggingface.co/e-n-v-y/envy-floorplans-xl-01/resolve/main/2717812.jpeg"}}, {"text": "mountain castle floorplan with a beautiful courtyard, high resolution", "output": {"url": "https://huggingface.co/e-n-v-y/envy-floorplans-xl-01/resolve/main/2717824.jpeg"}}, {"text": "detailed top-down floorplan of a scifi space ship, high resolution", "output": {"url": "https://huggingface.co/e-n-v-y/envy-floorplans-xl-01/resolve/main/2717795.jpeg"}}, {"text": "detailed top-down floorplan of a traditional japanese shrine, high resolution", "output": {"url": "https://huggingface.co/e-n-v-y/envy-floorplans-xl-01/resolve/main/2717798.jpeg"}}, {"text": "detailed top-down floorplan of a traditional japanese shrine, high resolution", "output": {"url": "https://huggingface.co/e-n-v-y/envy-floorplans-xl-01/resolve/main/2717799.jpeg"}}, {"text": "floorplan of a fantasy castle palace on the rhine river, asymmetrical, high resolution", "output": {"url": "https://huggingface.co/e-n-v-y/envy-floorplans-xl-01/resolve/main/2717810.jpeg"}}], "likes": 4, "model-index": null, "cardData": {"license": "other", "tags": ["text-to-image", "stable-diffusion", "lora", "diffusers", "template:sd-lora", "house", "buildings", "fantasy", "blueprint", "mansion", "castle", "historic", "floorplan"], "base_model": "stabilityai/stable-diffusion-xl-base-1.0", "instance_prompt": "floorplan", "widget": [{"text": "mountain castle floorplan with a beautiful courtyard, high resolution", "output": {"url": "https://huggingface.co/e-n-v-y/envy-floorplans-xl-01/resolve/main/2717825.jpeg"}}, {"text": "old castle floorplan, high resolution", "output": {"url": "https://huggingface.co/e-n-v-y/envy-floorplans-xl-01/resolve/main/2717827.jpeg"}}, {"text": "old castle floorplan, high resolution", "output": {"url": "https://huggingface.co/e-n-v-y/envy-floorplans-xl-01/resolve/main/2717826.jpeg"}}, {"text": "detailed floorplan of a fantasy steampunk airship, high resolution", "output": {"url": "https://huggingface.co/e-n-v-y/envy-floorplans-xl-01/resolve/main/2717792.jpeg"}}, {"text": "floorplan of a fantasy castle on the rhine river, asymmetrical, high resolution", "output": {"url": "https://huggingface.co/e-n-v-y/envy-floorplans-xl-01/resolve/main/2717812.jpeg"}}, {"text": "mountain castle floorplan with a beautiful courtyard, high resolution", "output": {"url": "https://huggingface.co/e-n-v-y/envy-floorplans-xl-01/resolve/main/2717824.jpeg"}}, {"text": "detailed top-down floorplan of a scifi space ship, high resolution", "output": {"url": "https://huggingface.co/e-n-v-y/envy-floorplans-xl-01/resolve/main/2717795.jpeg"}}, {"text": "detailed top-down floorplan of a traditional japanese shrine, high resolution", "output": {"url": "https://huggingface.co/e-n-v-y/envy-floorplans-xl-01/resolve/main/2717798.jpeg"}}, {"text": "detailed top-down floorplan of a traditional japanese shrine, high resolution", "output": {"url": "https://huggingface.co/e-n-v-y/envy-floorplans-xl-01/resolve/main/2717799.jpeg"}}, {"text": "floorplan of a fantasy castle palace on the rhine river, asymmetrical, high resolution", "output": {"url": "https://huggingface.co/e-n-v-y/envy-floorplans-xl-01/resolve/main/2717810.jpeg"}}]}, "siblings": [{"rfilename": ".gitattributes"}, {"rfilename": "2717792.jpeg"}, {"rfilename": "2717795.jpeg"}, {"rfilename": "2717798.jpeg"}, {"rfilename": "2717799.jpeg"}, {"rfilename": "2717810.jpeg"}, {"rfilename": "2717812.jpeg"}, {"rfilename": "2717824.jpeg"}, {"rfilename": "2717825.jpeg"}, {"rfilename": "2717826.jpeg"}, {"rfilename": "2717827.jpeg"}, {"rfilename": "EnvyFloorplansXL01.safetensors"}, {"rfilename": "README.md"}], "spaces": ["allknowingroger/Image-Models-Test42"], "createdAt": "2023-11-14T19:44:57.000Z", "inferenceStatus": "not-loaded"}