{"_id": "6578f5d017166d821e381ed1", "id": "e-n-v-y/envy-anime-digital-painting-xl-02", "modelId": "e-n-v-y/envy-anime-digital-painting-xl-02", "author": "e-n-v-y", "sha": "fb62bac2934f83b379032ef2fb801bb034fcfa84", "lastModified": "2023-12-13T03:47:09.000Z", "private": false, "disabled": false, "gated": false, "pipeline_tag": "text-to-image", "tags": ["diffusers", "text-to-image", "stable-diffusion", "lora", "template:sd-lora", "anime", "digital art", "scifi", "scenery", "style", "woman", "man", "base_model:stabilityai/stable-diffusion-xl-base-1.0", "license:other", "region:us"], "downloads": 24, "library_name": "diffusers", "widgetData": [{"text": "scifi, thrift store in a pristine glimmering  indigo fantasy mountainside megacity outside of reality, masterpiece", "output": {"url": "https://huggingface.co/e-n-v-y/envy-anime-digital-painting-xl-02/resolve/main/4442890.jpeg"}}, {"text": "scifi, epic,Metaphysical scifi megacity outside of the multiverse", "output": {"url": "https://huggingface.co/e-n-v-y/envy-anime-digital-painting-xl-02/resolve/main/4442884.jpeg"}}, {"text": "scifi, amazing,epic scifi metropolis beyond the beginning of time", "output": {"url": "https://huggingface.co/e-n-v-y/envy-anime-digital-painting-xl-02/resolve/main/4442722.jpeg"}}, {"text": "2010s anime style digital painting, 1boy, man, ruggedly handsome, brightly lit interior, in a Quaint Old bookshop", "output": {"url": "https://huggingface.co/e-n-v-y/envy-anime-digital-painting-xl-02/resolve/main/4442726.jpeg"}}, {"text": "2010s anime style digital painting, 1girl, woman, beautiful, morning, scenery, in a Isolated Research Bases", "output": {"url": "https://huggingface.co/e-n-v-y/envy-anime-digital-painting-xl-02/resolve/main/4442732.jpeg"}}, {"text": "scifi, little italy in a gargantuan,far future scifi megacity beyond the end of time, masterpiece", "output": {"url": "https://huggingface.co/e-n-v-y/envy-anime-digital-painting-xl-02/resolve/main/4442733.jpeg"}}, {"text": "2010s anime style digital painting, 1boy, man, ruggedly handsome, noon, scenery, \"at the Infrared soaring infinity\"", "output": {"url": "https://huggingface.co/e-n-v-y/envy-anime-digital-painting-xl-02/resolve/main/4442734.jpeg"}}], "likes": 1, "model-index": null, "cardData": {"license": "other", "license_name": "bespoke-lora-trained-license", "license_link": "https://multimodal.art/civitai-licenses?allowNoCredit=True&allowCommercialUse=Sell&allowDerivatives=True&allowDifferentLicense=True", "tags": ["text-to-image", "stable-diffusion", "lora", "diffusers", "template:sd-lora", "anime", "digital art", "scifi", "scenery", "style", "woman", "man"], "base_model": "stabilityai/stable-diffusion-xl-base-1.0", "instance_prompt": null, "widget": [{"text": "scifi, thrift store in a pristine glimmering  indigo fantasy mountainside megacity outside of reality, masterpiece", "output": {"url": "https://huggingface.co/e-n-v-y/envy-anime-digital-painting-xl-02/resolve/main/4442890.jpeg"}}, {"text": "scifi, epic,Metaphysical scifi megacity outside of the multiverse", "output": {"url": "https://huggingface.co/e-n-v-y/envy-anime-digital-painting-xl-02/resolve/main/4442884.jpeg"}}, {"text": "scifi, amazing,epic scifi metropolis beyond the beginning of time", "output": {"url": "https://huggingface.co/e-n-v-y/envy-anime-digital-painting-xl-02/resolve/main/4442722.jpeg"}}, {"text": "2010s anime style digital painting, 1boy, man, ruggedly handsome, brightly lit interior, in a Quaint Old bookshop", "output": {"url": "https://huggingface.co/e-n-v-y/envy-anime-digital-painting-xl-02/resolve/main/4442726.jpeg"}}, {"text": "2010s anime style digital painting, 1girl, woman, beautiful, morning, scenery, in a Isolated Research Bases", "output": {"url": "https://huggingface.co/e-n-v-y/envy-anime-digital-painting-xl-02/resolve/main/4442732.jpeg"}}, {"text": "scifi, little italy in a gargantuan,far future scifi megacity beyond the end of time, masterpiece", "output": {"url": "https://huggingface.co/e-n-v-y/envy-anime-digital-painting-xl-02/resolve/main/4442733.jpeg"}}, {"text": "2010s anime style digital painting, 1boy, man, ruggedly handsome, noon, scenery, \"at the Infrared soaring infinity\"", "output": {"url": "https://huggingface.co/e-n-v-y/envy-anime-digital-painting-xl-02/resolve/main/4442734.jpeg"}}]}, "siblings": [{"rfilename": ".gitattributes"}, {"rfilename": "4442722.jpeg"}, {"rfilename": "4442726.jpeg"}, {"rfilename": "4442728.jpeg"}, {"rfilename": "4442732.jpeg"}, {"rfilename": "4442733.jpeg"}, {"rfilename": "4442734.jpeg"}, {"rfilename": "4442884.jpeg"}, {"rfilename": "4442890.jpeg"}, {"rfilename": "EnvyAnimeDigitalPaintingXL02.safetensors"}, {"rfilename": "README.md"}], "spaces": [], "createdAt": "2023-12-13T00:07:44.000Z", "inferenceStatus": "not-loaded"}