{"_id": "657e88d0bc9bceccf9029261", "id": "e-n-v-y/envy-arid-modernism-xl-01", "modelId": "e-n-v-y/envy-arid-modernism-xl-01", "author": "e-n-v-y", "sha": "f0cfc429c4da4cbe87f6fa7a31d502919113bddc", "lastModified": "2023-12-17T05:36:18.000Z", "private": false, "disabled": false, "gated": false, "pipeline_tag": "text-to-image", "tags": ["diffusers", "text-to-image", "stable-diffusion", "lora", "template:sd-lora", "city", "architecture", "desert", "scifi", "buildings", "arid", "modern architecture", "base_model:stabilityai/stable-diffusion-xl-base-1.0", "license:other", "region:us"], "downloads": 26, "library_name": "diffusers", "widgetData": [{"text": "anime style, 1girl, woman, beautiful, cheerful,indescribable scifi city beyond the end of the multiverse", "output": {"url": "https://huggingface.co/e-n-v-y/envy-arid-modernism-xl-01/resolve/main/4644908.jpeg"}}, {"text": "anime style, 1boy, man, ruggedly handsome, koi pond in a city park in a great fantasy cloud metropolis beyond the end of reality, masterpiece", "output": {"url": "https://huggingface.co/e-n-v-y/envy-arid-modernism-xl-01/resolve/main/4644936.jpeg"}}, {"text": "anime style, 1girl, woman, beautiful, golden hour, blue sky, clouds, scenery, \"at the indescribable Symposium\"", "output": {"url": "https://huggingface.co/e-n-v-y/envy-arid-modernism-xl-01/resolve/main/4644909.jpeg"}}, {"text": "anime style, 1boy, man, ruggedly handsome, quantum singularity reactor in a far future scifi vertical topia beyond the end of the multiverse, masterpiece", "output": {"url": "https://huggingface.co/e-n-v-y/envy-arid-modernism-xl-01/resolve/main/4644911.jpeg"}}, {"text": "a empty fantasy city outside of the universe, masterpiece", "output": {"url": "https://huggingface.co/e-n-v-y/envy-arid-modernism-xl-01/resolve/main/4644912.jpeg"}}, {"text": "scifi, Alpine Tundra", "output": {"url": "https://huggingface.co/e-n-v-y/envy-arid-modernism-xl-01/resolve/main/4644913.jpeg"}}, {"text": "anime style, 1boy, man, ruggedly handsome, noon, blue sky, clouds, scenery, in a Lonely Buried Treasure Islands", "output": {"url": "https://huggingface.co/e-n-v-y/envy-arid-modernism-xl-01/resolve/main/4644920.jpeg"}}, {"text": "fantasy, a Radiant,amazing fantasy cloud megacity outside of reality, masterpiece", "output": {"url": "https://huggingface.co/e-n-v-y/envy-arid-modernism-xl-01/resolve/main/4644924.jpeg"}}, {"text": "anime style, 1boy, man, ruggedly handsome, golden hour, scenery, in a Enigmatic Cave", "output": {"url": "https://huggingface.co/e-n-v-y/envy-arid-modernism-xl-01/resolve/main/4644925.jpeg"}}], "likes": 1, "model-index": null, "cardData": {"license": "other", "license_name": "bespoke-lora-trained-license", "license_link": "https://multimodal.art/civitai-licenses?allowNoCredit=True&allowCommercialUse=Sell&allowDerivatives=True&allowDifferentLicense=True", "tags": ["text-to-image", "stable-diffusion", "lora", "diffusers", "template:sd-lora", "city", "architecture", "desert", "scifi", "buildings", "arid", "modern architecture"], "base_model": "stabilityai/stable-diffusion-xl-base-1.0", "instance_prompt": null, "widget": [{"text": "anime style, 1girl, woman, beautiful, cheerful,indescribable scifi city beyond the end of the multiverse", "output": {"url": "https://huggingface.co/e-n-v-y/envy-arid-modernism-xl-01/resolve/main/4644908.jpeg"}}, {"text": "anime style, 1boy, man, ruggedly handsome, koi pond in a city park in a great fantasy cloud metropolis beyond the end of reality, masterpiece", "output": {"url": "https://huggingface.co/e-n-v-y/envy-arid-modernism-xl-01/resolve/main/4644936.jpeg"}}, {"text": "anime style, 1girl, woman, beautiful, golden hour, blue sky, clouds, scenery, \"at the indescribable Symposium\"", "output": {"url": "https://huggingface.co/e-n-v-y/envy-arid-modernism-xl-01/resolve/main/4644909.jpeg"}}, {"text": "anime style, 1boy, man, ruggedly handsome, quantum singularity reactor in a far future scifi vertical topia beyond the end of the multiverse, masterpiece", "output": {"url": "https://huggingface.co/e-n-v-y/envy-arid-modernism-xl-01/resolve/main/4644911.jpeg"}}, {"text": "a empty fantasy city outside of the universe, masterpiece", "output": {"url": "https://huggingface.co/e-n-v-y/envy-arid-modernism-xl-01/resolve/main/4644912.jpeg"}}, {"text": "scifi, Alpine Tundra", "output": {"url": "https://huggingface.co/e-n-v-y/envy-arid-modernism-xl-01/resolve/main/4644913.jpeg"}}, {"text": "anime style, 1boy, man, ruggedly handsome, noon, blue sky, clouds, scenery, in a Lonely Buried Treasure Islands", "output": {"url": "https://huggingface.co/e-n-v-y/envy-arid-modernism-xl-01/resolve/main/4644920.jpeg"}}, {"text": "fantasy, a Radiant,amazing fantasy cloud megacity outside of reality, masterpiece", "output": {"url": "https://huggingface.co/e-n-v-y/envy-arid-modernism-xl-01/resolve/main/4644924.jpeg"}}, {"text": "anime style, 1boy, man, ruggedly handsome, golden hour, scenery, in a Enigmatic Cave", "output": {"url": "https://huggingface.co/e-n-v-y/envy-arid-modernism-xl-01/resolve/main/4644925.jpeg"}}]}, "siblings": [{"rfilename": ".gitattributes"}, {"rfilename": "4644908.jpeg"}, {"rfilename": "4644909.jpeg"}, {"rfilename": "4644911.jpeg"}, {"rfilename": "4644912.jpeg"}, {"rfilename": "4644913.jpeg"}, {"rfilename": "4644920.jpeg"}, {"rfilename": "4644924.jpeg"}, {"rfilename": "4644925.jpeg"}, {"rfilename": "4644936.jpeg"}, {"rfilename": "EnvyAridModernismXL01.safetensors"}, {"rfilename": "README.md"}], "spaces": ["allknowingroger/Image-Models-Test249"], "createdAt": "2023-12-17T05:36:16.000Z", "inferenceStatus": "not-loaded"}