{"_id": "655bc2222f050bbb02b73896", "id": "e-n-v-y/envy-awesomizer-xl-01", "modelId": "e-n-v-y/envy-awesomizer-xl-01", "author": "e-n-v-y", "sha": "6eb905455161631aba5d57c6eca8d8a71ad0564e", "lastModified": "2023-11-20T20:31:33.000Z", "private": false, "disabled": false, "gated": false, "pipeline_tag": "text-to-image", "tags": ["diffusers", "text-to-image", "stable-diffusion", "lora", "template:sd-lora", "city", "person", "color grading", "scenery", "style", "woman", "cinematic", "man", "landscape", "base_model:stabilityai/stable-diffusion-xl-base-1.0", "license:other", "region:us"], "downloads": 18, "library_name": "diffusers", "widgetData": [{"text": "awesomize, anime style, digital painting, morning, blue sky, clouds, scenery, far-future Mizuiro Kaiwai interior of an airship", "output": {"url": "https://huggingface.co/e-n-v-y/envy-awesomizer-xl-01/resolve/main/3783623.jpeg"}}, {"text": "awesomize, anime style, digital painting, noon, blue sky, clouds, scenery, \"at the Moody Enigmatic Factory\"", "output": {"url": "https://huggingface.co/e-n-v-y/envy-awesomizer-xl-01/resolve/main/3783601.jpeg"}}, {"text": "awesomize, anime style, digital painting, noon, architecture, rural shanty city", "output": {"url": "https://huggingface.co/e-n-v-y/envy-awesomizer-xl-01/resolve/main/3783612.jpeg"}}, {"text": "awesomize, anime style, digital painting, warmly lit interior, in a Whimsical tree village", "output": {"url": "https://huggingface.co/e-n-v-y/envy-awesomizer-xl-01/resolve/main/3783639.jpeg"}}, {"text": "awesomize, anime style, digital painting, scifispace cargo dock in a cheerful,impossible fantasy topia outside of the multiverse, masterpiece", "output": {"url": "https://huggingface.co/e-n-v-y/envy-awesomizer-xl-01/resolve/main/3783651.jpeg"}}, {"text": "awesomize, anime style, digital painting, 1girl, woman, scifi, \"new weird\",traditional Chinese futurism,retro-futuristic, goth girl, full body, wearing infra dark goldenrod plugsuit, bombshell hair, blue-grey hair with brown highlights, High Ponytail, toned body, athletic build, narrow waist, medium breasts, caucasian, (warmly lit interior, in a Drab indoor garden:1.3)", "output": {"url": "https://huggingface.co/e-n-v-y/envy-awesomizer-xl-01/resolve/main/3783695.jpeg"}}, {"text": "awesomize, anime style, digital painting, morning, blue sky, clouds, architecture, Coffinwood plain background", "output": {"url": "https://huggingface.co/e-n-v-y/envy-awesomizer-xl-01/resolve/main/3783710.jpeg"}}, {"text": "awesomize, anime style, digital painting, Djinn Desert", "output": {"url": "https://huggingface.co/e-n-v-y/envy-awesomizer-xl-01/resolve/main/3783726.jpeg"}}, {"text": "awesomize, photograph, scifigreat scifi cloud city beyond the beginning of the universe", "output": {"url": "https://huggingface.co/e-n-v-y/envy-awesomizer-xl-01/resolve/main/3783804.jpeg"}}, {"text": "awesomize, photograph, Subtropical Rainforest", "output": {"url": "https://huggingface.co/e-n-v-y/envy-awesomizer-xl-01/resolve/main/3783861.jpeg"}}], "likes": 1, "model-index": null, "cardData": {"license": "other", "license_name": "bespoke-lora-trained-license", "license_link": "https://multimodal.art/civitai-licenses?allowNoCredit=True&allowCommercialUse=Sell&allowDerivatives=True&allowDifferentLicense=True", "tags": ["text-to-image", "stable-diffusion", "lora", "diffusers", "template:sd-lora", "city", "person", "color grading", "scenery", "style", "woman", "cinematic", "man", "landscape"], "base_model": "stabilityai/stable-diffusion-xl-base-1.0", "instance_prompt": "awesomize", "widget": [{"text": "awesomize, anime style, digital painting, morning, blue sky, clouds, scenery, far-future Mizuiro Kaiwai interior of an airship", "output": {"url": "https://huggingface.co/e-n-v-y/envy-awesomizer-xl-01/resolve/main/3783623.jpeg"}}, {"text": "awesomize, anime style, digital painting, noon, blue sky, clouds, scenery, \"at the Moody Enigmatic Factory\"", "output": {"url": "https://huggingface.co/e-n-v-y/envy-awesomizer-xl-01/resolve/main/3783601.jpeg"}}, {"text": "awesomize, anime style, digital painting, noon, architecture, rural shanty city", "output": {"url": "https://huggingface.co/e-n-v-y/envy-awesomizer-xl-01/resolve/main/3783612.jpeg"}}, {"text": "awesomize, anime style, digital painting, warmly lit interior, in a Whimsical tree village", "output": {"url": "https://huggingface.co/e-n-v-y/envy-awesomizer-xl-01/resolve/main/3783639.jpeg"}}, {"text": "awesomize, anime style, digital painting, scifispace cargo dock in a cheerful,impossible fantasy topia outside of the multiverse, masterpiece", "output": {"url": "https://huggingface.co/e-n-v-y/envy-awesomizer-xl-01/resolve/main/3783651.jpeg"}}, {"text": "awesomize, anime style, digital painting, 1girl, woman, scifi, \"new weird\",traditional Chinese futurism,retro-futuristic, goth girl, full body, wearing infra dark goldenrod plugsuit, bombshell hair, blue-grey hair with brown highlights, High Ponytail, toned body, athletic build, narrow waist, medium breasts, caucasian, (warmly lit interior, in a Drab indoor garden:1.3)", "output": {"url": "https://huggingface.co/e-n-v-y/envy-awesomizer-xl-01/resolve/main/3783695.jpeg"}}, {"text": "awesomize, anime style, digital painting, morning, blue sky, clouds, architecture, Coffinwood plain background", "output": {"url": "https://huggingface.co/e-n-v-y/envy-awesomizer-xl-01/resolve/main/3783710.jpeg"}}, {"text": "awesomize, anime style, digital painting, Djinn Desert", "output": {"url": "https://huggingface.co/e-n-v-y/envy-awesomizer-xl-01/resolve/main/3783726.jpeg"}}, {"text": "awesomize, photograph, scifigreat scifi cloud city beyond the beginning of the universe", "output": {"url": "https://huggingface.co/e-n-v-y/envy-awesomizer-xl-01/resolve/main/3783804.jpeg"}}, {"text": "awesomize, photograph, Subtropical Rainforest", "output": {"url": "https://huggingface.co/e-n-v-y/envy-awesomizer-xl-01/resolve/main/3783861.jpeg"}}]}, "siblings": [{"rfilename": ".gitattributes"}, {"rfilename": "3783601.jpeg"}, {"rfilename": "3783612.jpeg"}, {"rfilename": "3783623.jpeg"}, {"rfilename": "3783639.jpeg"}, {"rfilename": "3783651.jpeg"}, {"rfilename": "3783695.jpeg"}, {"rfilename": "3783710.jpeg"}, {"rfilename": "3783726.jpeg"}, {"rfilename": "3783804.jpeg"}, {"rfilename": "3783861.jpeg"}, {"rfilename": "EnvyAwesomizeXL01.safetensors"}, {"rfilename": "README.md"}], "spaces": ["allknowingroger/Image-Models-Test147"], "createdAt": "2023-11-20T20:31:30.000Z", "inferenceStatus": "not-loaded"}