{"_id": "6553e98240a8c61e65fd9440", "id": "e-n-v-y/envy-arcane-xl-01", "modelId": "e-n-v-y/envy-arcane-xl-01", "author": "e-n-v-y", "sha": "c443a7246e30f9b5738db9e0a8cef1ff8497b21e", "lastModified": "2023-11-14T21:41:23.000Z", "private": false, "disabled": false, "gated": false, "pipeline_tag": "text-to-image", "tags": ["diffusers", "text-to-image", "stable-diffusion", "lora", "template:sd-lora", "concept", "magic", "fantasy", "arcane magic", "base_model:stabilityai/stable-diffusion-xl-base-1.0", "license:other", "region:us"], "downloads": 4112, "library_name": "diffusers", "widgetData": [{"text": "digital painting, arcane, Hallowed,indescribable fantasy metropolis at the beginning of reality", "output": {"url": "https://huggingface.co/e-n-v-y/envy-arcane-xl-01/resolve/main/3563054.jpeg"}}, {"text": "digital painting, arcane, warmly lit interior, in a Rough workshop", "output": {"url": "https://huggingface.co/e-n-v-y/envy-arcane-xl-01/resolve/main/3563098.jpeg"}}, {"text": "digital painting, arcane, whimsical scifi megastructure outside of time", "output": {"url": "https://huggingface.co/e-n-v-y/envy-arcane-xl-01/resolve/main/3563052.jpeg"}}, {"text": "digital painting, arcane, brightly lit interior, in a Alpine meadow", "output": {"url": "https://huggingface.co/e-n-v-y/envy-arcane-xl-01/resolve/main/3563055.jpeg"}}, {"text": "digital painting, arcane, noon, blue sky, clouds scenery, alien Wetcore Akiba in a Urban Area", "output": {"url": "https://huggingface.co/e-n-v-y/envy-arcane-xl-01/resolve/main/3563058.jpeg"}}], "likes": 2, "model-index": null, "cardData": {"license": "other", "tags": ["text-to-image", "stable-diffusion", "lora", "diffusers", "template:sd-lora", "concept", "magic", "fantasy", "arcane magic"], "base_model": "stabilityai/stable-diffusion-xl-base-1.0", "instance_prompt": "arcane", "widget": [{"text": "digital painting, arcane, Hallowed,indescribable fantasy metropolis at the beginning of reality", "output": {"url": "https://huggingface.co/e-n-v-y/envy-arcane-xl-01/resolve/main/3563054.jpeg"}}, {"text": "digital painting, arcane, warmly lit interior, in a Rough workshop", "output": {"url": "https://huggingface.co/e-n-v-y/envy-arcane-xl-01/resolve/main/3563098.jpeg"}}, {"text": "digital painting, arcane, whimsical scifi megastructure outside of time", "output": {"url": "https://huggingface.co/e-n-v-y/envy-arcane-xl-01/resolve/main/3563052.jpeg"}}, {"text": "digital painting, arcane, brightly lit interior, in a Alpine meadow", "output": {"url": "https://huggingface.co/e-n-v-y/envy-arcane-xl-01/resolve/main/3563055.jpeg"}}, {"text": "digital painting, arcane, noon, blue sky, clouds scenery, alien Wetcore Akiba in a Urban Area", "output": {"url": "https://huggingface.co/e-n-v-y/envy-arcane-xl-01/resolve/main/3563058.jpeg"}}]}, "siblings": [{"rfilename": ".gitattributes"}, {"rfilename": "3563052.jpeg"}, {"rfilename": "3563054.jpeg"}, {"rfilename": "3563055.jpeg"}, {"rfilename": "3563058.jpeg"}, {"rfilename": "3563098.jpeg"}, {"rfilename": "EnvyArcaneXL01.safetensors"}, {"rfilename": "README.md"}], "spaces": ["PeepDaSlan9/B2BMGMT_e-n-v-y-envy-arcane-xl-01"], "createdAt": "2023-11-14T21:41:22.000Z", "inferenceStatus": "not-loaded"}