{"_id": "657da6f356c9c676057bdb3f", "id": "e-n-v-y/envy-shadow-minimalism-xl-01", "modelId": "e-n-v-y/envy-shadow-minimalism-xl-01", "author": "e-n-v-y", "sha": "f54eb0640c86ad44e8f9173ed849c49b9189dabd", "lastModified": "2023-12-16T13:32:36.000Z", "private": false, "disabled": false, "gated": false, "pipeline_tag": "text-to-image", "tags": ["diffusers", "text-to-image", "stable-diffusion", "lora", "template:sd-lora", "minimalist", "architecture", "shadow", "style", "woman", "man", "base_model:stabilityai/stable-diffusion-xl-base-1.0", "license:other", "region:us"], "downloads": 16, "library_name": "diffusers", "widgetData": [{"text": "shadow minimalism, anime style, 1boy, man, ruggedly handsome, warmly lit interior, in a whimsical highrise apartment", "output": {"url": "https://huggingface.co/e-n-v-y/envy-shadow-minimalism-xl-01/resolve/main/4620224.jpeg"}}, {"text": "shadow minimalism, cinematic still, cinematic color grading, a far future fantasy city at the end of the multiverse, masterpiece", "output": {"url": "https://huggingface.co/e-n-v-y/envy-shadow-minimalism-xl-01/resolve/main/4620306.jpeg"}}, {"text": "shadow minimalism, anime style, 1girl, woman, beautiful, morning, blue sky, clouds, scenery, gloomy Tannery by a plaza", "output": {"url": "https://huggingface.co/e-n-v-y/envy-shadow-minimalism-xl-01/resolve/main/4620207.jpeg"}}, {"text": "shadow minimalism, fantasy, little italy in a Primordial scifi underwater megacity edge of the multiverse, masterpiece", "output": {"url": "https://huggingface.co/e-n-v-y/envy-shadow-minimalism-xl-01/resolve/main/4620208.jpeg"}}, {"text": "shadow minimalism, anime style, 1girl, woman, beautiful, brightly lit interior, in a surreal Dew-covered spiderweb forest", "output": {"url": "https://huggingface.co/e-n-v-y/envy-shadow-minimalism-xl-01/resolve/main/4620231.jpeg"}}, {"text": "shadow minimalism, anime style, 1girl, woman, beautiful, golden hour, scenery, in a mystical Water Elemental Zone", "output": {"url": "https://huggingface.co/e-n-v-y/envy-shadow-minimalism-xl-01/resolve/main/4620214.jpeg"}}, {"text": "shadow minimalism, scifi, Tropical Rainforest", "output": {"url": "https://huggingface.co/e-n-v-y/envy-shadow-minimalism-xl-01/resolve/main/4620215.jpeg"}}, {"text": "shadow minimalism, anime style, 1girl, woman, beautiful, noon, architecture,  greenhouse in a Kowloon", "output": {"url": "https://huggingface.co/e-n-v-y/envy-shadow-minimalism-xl-01/resolve/main/4620216.jpeg"}}], "likes": 2, "model-index": null, "cardData": {"license": "other", "license_name": "bespoke-lora-trained-license", "license_link": "https://multimodal.art/civitai-licenses?allowNoCredit=True&allowCommercialUse=Sell&allowDerivatives=True&allowDifferentLicense=True", "tags": ["text-to-image", "stable-diffusion", "lora", "diffusers", "template:sd-lora", "minimalist", "architecture", "shadow", "style", "woman", "man"], "base_model": "stabilityai/stable-diffusion-xl-base-1.0", "instance_prompt": "shadow minimalism", "widget": [{"text": "shadow minimalism, anime style, 1boy, man, ruggedly handsome, warmly lit interior, in a whimsical highrise apartment", "output": {"url": "https://huggingface.co/e-n-v-y/envy-shadow-minimalism-xl-01/resolve/main/4620224.jpeg"}}, {"text": "shadow minimalism, cinematic still, cinematic color grading, a far future fantasy city at the end of the multiverse, masterpiece", "output": {"url": "https://huggingface.co/e-n-v-y/envy-shadow-minimalism-xl-01/resolve/main/4620306.jpeg"}}, {"text": "shadow minimalism, anime style, 1girl, woman, beautiful, morning, blue sky, clouds, scenery, gloomy Tannery by a plaza", "output": {"url": "https://huggingface.co/e-n-v-y/envy-shadow-minimalism-xl-01/resolve/main/4620207.jpeg"}}, {"text": "shadow minimalism, fantasy, little italy in a Primordial scifi underwater megacity edge of the multiverse, masterpiece", "output": {"url": "https://huggingface.co/e-n-v-y/envy-shadow-minimalism-xl-01/resolve/main/4620208.jpeg"}}, {"text": "shadow minimalism, anime style, 1girl, woman, beautiful, brightly lit interior, in a surreal Dew-covered spiderweb forest", "output": {"url": "https://huggingface.co/e-n-v-y/envy-shadow-minimalism-xl-01/resolve/main/4620231.jpeg"}}, {"text": "shadow minimalism, anime style, 1girl, woman, beautiful, golden hour, scenery, in a mystical Water Elemental Zone", "output": {"url": "https://huggingface.co/e-n-v-y/envy-shadow-minimalism-xl-01/resolve/main/4620214.jpeg"}}, {"text": "shadow minimalism, scifi, Tropical Rainforest", "output": {"url": "https://huggingface.co/e-n-v-y/envy-shadow-minimalism-xl-01/resolve/main/4620215.jpeg"}}, {"text": "shadow minimalism, anime style, 1girl, woman, beautiful, noon, architecture,  greenhouse in a Kowloon", "output": {"url": "https://huggingface.co/e-n-v-y/envy-shadow-minimalism-xl-01/resolve/main/4620216.jpeg"}}]}, "siblings": [{"rfilename": ".gitattributes"}, {"rfilename": "4620207.jpeg"}, {"rfilename": "4620208.jpeg"}, {"rfilename": "4620214.jpeg"}, {"rfilename": "4620215.jpeg"}, {"rfilename": "4620216.jpeg"}, {"rfilename": "4620224.jpeg"}, {"rfilename": "4620231.jpeg"}, {"rfilename": "4620306.jpeg"}, {"rfilename": "EnvyShadowMinimalismXL01.safetensors"}, {"rfilename": "README.md"}], "spaces": ["allknowingroger/Image-Models-Test249"], "createdAt": "2023-12-16T13:32:35.000Z", "inferenceStatus": "not-loaded"}