{"_id": "657e885a7295872e015a15ee", "id": "e-n-v-y/envy-elven-architecture-xl-01", "modelId": "e-n-v-y/envy-elven-architecture-xl-01", "author": "e-n-v-y", "sha": "5fc4a27fe6577f96491ec901aa6650476c65bae6", "lastModified": "2023-12-17T05:34:20.000Z", "private": false, "disabled": false, "gated": false, "pipeline_tag": "text-to-image", "tags": ["diffusers", "text-to-image", "stable-diffusion", "lora", "template:sd-lora", "city", "scifi", "buildings", "elf", "beautiful", "fantasy", "building", "elven", "elven architecture", "base_model:stabilityai/stable-diffusion-xl-base-1.0", "license:other", "region:us"], "downloads": 23, "library_name": "diffusers", "widgetData": [{"text": "photograph, cinematic color grading,  elvish architecture, cyberpunk, wonderous scifi subterranean city beyond the beginning of the multiverse", "output": {"url": "https://huggingface.co/e-n-v-y/envy-elven-architecture-xl-01/resolve/main/4648488.jpeg"}}, {"text": " elvish architecture, steampunk, scifi, Empyrean,solemn fantasy megacity at the beginning of reality", "output": {"url": "https://huggingface.co/e-n-v-y/envy-elven-architecture-xl-01/resolve/main/4648451.jpeg"}}, {"text": "atrium with hanging plants in a dystopian,Ephemeral fantasy megacity edge of time, masterpiece, by Vitaly Bulgarov", "output": {"url": "https://huggingface.co/e-n-v-y/envy-elven-architecture-xl-01/resolve/main/4648384.jpeg"}}, {"text": " elvish architecture, scifi, noon, scenery, in a Lonely Hallucinogenic Mushroom Field", "output": {"url": "https://huggingface.co/e-n-v-y/envy-elven-architecture-xl-01/resolve/main/4648388.jpeg"}}, {"text": " elvish architecture, cyberpunk, anime style, elven, slim, ", "output": {"url": "https://huggingface.co/e-n-v-y/envy-elven-architecture-xl-01/resolve/main/4648671.jpeg"}}, {"text": " elven, slim, 1boy, man, ruggedly handsome, golden hour, architecture, \"at the Glittering timeless Apocalypse\"", "output": {"url": "https://huggingface.co/e-n-v-y/envy-elven-architecture-xl-01/resolve/main/4648389.jpeg"}}, {"text": " elvish architecture, fantasy, fantasy, Tropical Rainforest", "output": {"url": "https://huggingface.co/e-n-v-y/envy-elven-architecture-xl-01/resolve/main/4648615.jpeg"}}, {"text": " elvish architecture, fantasy, scifi, a Preternatural fantasy cosmic arcology at the beginning of the multiverse, masterpiece, by Daniel Dociu", "output": {"url": "https://huggingface.co/e-n-v-y/envy-elven-architecture-xl-01/resolve/main/4648392.jpeg"}}, {"text": " elvish architecture, steampunk, elf, slim, 1girl, woman, beautiful, natural sunlight, interior, in a barren scenic overlook", "output": {"url": "https://huggingface.co/e-n-v-y/envy-elven-architecture-xl-01/resolve/main/4648395.jpeg"}}, {"text": "fantasy, infinite,solemn scifi megastructure outside of time", "output": {"url": "https://huggingface.co/e-n-v-y/envy-elven-architecture-xl-01/resolve/main/4648398.jpeg"}}], "likes": 3, "model-index": null, "cardData": {"license": "other", "license_name": "bespoke-lora-trained-license", "license_link": "https://multimodal.art/civitai-licenses?allowNoCredit=True&allowCommercialUse=Sell&allowDerivatives=True&allowDifferentLicense=True", "tags": ["text-to-image", "stable-diffusion", "lora", "diffusers", "template:sd-lora", "city", "scifi", "buildings", "elf", "beautiful", "fantasy", "building", "elven", "elven architecture"], "base_model": "stabilityai/stable-diffusion-xl-base-1.0", "instance_prompt": "elven architecture", "widget": [{"text": "photograph, cinematic color grading,  elvish architecture, cyberpunk, wonderous scifi subterranean city beyond the beginning of the multiverse", "output": {"url": "https://huggingface.co/e-n-v-y/envy-elven-architecture-xl-01/resolve/main/4648488.jpeg"}}, {"text": " elvish architecture, steampunk, scifi, Empyrean,solemn fantasy megacity at the beginning of reality", "output": {"url": "https://huggingface.co/e-n-v-y/envy-elven-architecture-xl-01/resolve/main/4648451.jpeg"}}, {"text": "atrium with hanging plants in a dystopian,Ephemeral fantasy megacity edge of time, masterpiece, by Vitaly Bulgarov", "output": {"url": "https://huggingface.co/e-n-v-y/envy-elven-architecture-xl-01/resolve/main/4648384.jpeg"}}, {"text": " elvish architecture, scifi, noon, scenery, in a Lonely Hallucinogenic Mushroom Field", "output": {"url": "https://huggingface.co/e-n-v-y/envy-elven-architecture-xl-01/resolve/main/4648388.jpeg"}}, {"text": " elvish architecture, cyberpunk, anime style, elven, slim, ", "output": {"url": "https://huggingface.co/e-n-v-y/envy-elven-architecture-xl-01/resolve/main/4648671.jpeg"}}, {"text": " elven, slim, 1boy, man, ruggedly handsome, golden hour, architecture, \"at the Glittering timeless Apocalypse\"", "output": {"url": "https://huggingface.co/e-n-v-y/envy-elven-architecture-xl-01/resolve/main/4648389.jpeg"}}, {"text": " elvish architecture, fantasy, fantasy, Tropical Rainforest", "output": {"url": "https://huggingface.co/e-n-v-y/envy-elven-architecture-xl-01/resolve/main/4648615.jpeg"}}, {"text": " elvish architecture, fantasy, scifi, a Preternatural fantasy cosmic arcology at the beginning of the multiverse, masterpiece, by Daniel Dociu", "output": {"url": "https://huggingface.co/e-n-v-y/envy-elven-architecture-xl-01/resolve/main/4648392.jpeg"}}, {"text": " elvish architecture, steampunk, elf, slim, 1girl, woman, beautiful, natural sunlight, interior, in a barren scenic overlook", "output": {"url": "https://huggingface.co/e-n-v-y/envy-elven-architecture-xl-01/resolve/main/4648395.jpeg"}}, {"text": "fantasy, infinite,solemn scifi megastructure outside of time", "output": {"url": "https://huggingface.co/e-n-v-y/envy-elven-architecture-xl-01/resolve/main/4648398.jpeg"}}]}, "siblings": [{"rfilename": ".gitattributes"}, {"rfilename": "4648384.jpeg"}, {"rfilename": "4648388.jpeg"}, {"rfilename": "4648389.jpeg"}, {"rfilename": "4648392.jpeg"}, {"rfilename": "4648395.jpeg"}, {"rfilename": "4648398.jpeg"}, {"rfilename": "4648451.jpeg"}, {"rfilename": "4648488.jpeg"}, {"rfilename": "4648615.jpeg"}, {"rfilename": "4648671.jpeg"}, {"rfilename": "EnvyElvishArchitectureXL01.safetensors"}, {"rfilename": "README.md"}], "spaces": [], "createdAt": "2023-12-17T05:34:18.000Z", "inferenceStatus": "not-loaded"}