{"_id": "6553d52943cc10c9d084cecd", "id": "e-n-v-y/EnvyHazeSliderXL01", "modelId": "e-n-v-y/EnvyHazeSliderXL01", "author": "e-n-v-y", "sha": "9042b64bcde51ae8faf72305ea5e9a337435034a", "lastModified": "2023-11-14T20:19:29.000Z", "private": false, "disabled": false, "gated": false, "pipeline_tag": "text-to-image", "tags": ["diffusers", "text-to-image", "stable-diffusion", "lora", "template:sd-lora", "base_model:stabilityai/stable-diffusion-xl-base-1.0", "license:creativeml-openrail-m", "region:us"], "downloads": 17, "library_name": "diffusers", "widgetData": [{"text": "-", "output": {"url": "https://huggingface.co/e-n-v-y/EnvyHazeSliderXL01/resolve/main/images/xyz_grid-0052-3.jpeg"}}, {"text": "-", "output": {"url": "https://huggingface.co/e-n-v-y/EnvyHazeSliderXL01/resolve/main/images/xyz_grid-0053-3.jpeg"}}, {"text": "-", "output": {"url": "https://huggingface.co/e-n-v-y/EnvyHazeSliderXL01/resolve/main/images/xyz_grid-0045-1.jpeg"}}, {"text": "-", "output": {"url": "https://huggingface.co/e-n-v-y/EnvyHazeSliderXL01/resolve/main/images/xyz_grid-0044-1.jpeg"}}, {"text": "-", "output": {"url": "https://huggingface.co/e-n-v-y/EnvyHazeSliderXL01/resolve/main/images/xyz_grid-0040-1586243426.jpeg"}}, {"text": "-", "output": {"url": "https://huggingface.co/e-n-v-y/EnvyHazeSliderXL01/resolve/main/images/xyz_grid-0027-1586243426.jpeg"}}, {"text": "-", "output": {"url": "https://huggingface.co/e-n-v-y/EnvyHazeSliderXL01/resolve/main/images/xyz_grid-0029-1586243426.jpeg"}}, {"text": "-", "output": {"url": "https://huggingface.co/e-n-v-y/EnvyHazeSliderXL01/resolve/main/images/xyz_grid-0030-1586243426.jpeg"}}, {"text": "-", "output": {"url": "https://huggingface.co/e-n-v-y/EnvyHazeSliderXL01/resolve/main/images/xyz_grid-0031-1586243426.jpeg"}}, {"text": "-", "output": {"url": "https://huggingface.co/e-n-v-y/EnvyHazeSliderXL01/resolve/main/images/xyz_grid-0034-1586243426.jpeg"}}, {"text": "-", "output": {"url": "https://huggingface.co/e-n-v-y/EnvyHazeSliderXL01/resolve/main/images/xyz_grid-0036-1586243426.jpeg"}}, {"text": "-", "output": {"url": "https://huggingface.co/e-n-v-y/EnvyHazeSliderXL01/resolve/main/images/xyz_grid-0051-3.jpeg"}}], "likes": 3, "model-index": null, "cardData": {"tags": ["text-to-image", "stable-diffusion", "lora", "diffusers", "template:sd-lora"], "widget": [{"text": "-", "output": {"url": "https://huggingface.co/e-n-v-y/EnvyHazeSliderXL01/resolve/main/images/xyz_grid-0052-3.jpeg"}}, {"text": "-", "output": {"url": "https://huggingface.co/e-n-v-y/EnvyHazeSliderXL01/resolve/main/images/xyz_grid-0053-3.jpeg"}}, {"text": "-", "output": {"url": "https://huggingface.co/e-n-v-y/EnvyHazeSliderXL01/resolve/main/images/xyz_grid-0045-1.jpeg"}}, {"text": "-", "output": {"url": "https://huggingface.co/e-n-v-y/EnvyHazeSliderXL01/resolve/main/images/xyz_grid-0044-1.jpeg"}}, {"text": "-", "output": {"url": "https://huggingface.co/e-n-v-y/EnvyHazeSliderXL01/resolve/main/images/xyz_grid-0040-1586243426.jpeg"}}, {"text": "-", "output": {"url": "https://huggingface.co/e-n-v-y/EnvyHazeSliderXL01/resolve/main/images/xyz_grid-0027-1586243426.jpeg"}}, {"text": "-", "output": {"url": "https://huggingface.co/e-n-v-y/EnvyHazeSliderXL01/resolve/main/images/xyz_grid-0029-1586243426.jpeg"}}, {"text": "-", "output": {"url": "https://huggingface.co/e-n-v-y/EnvyHazeSliderXL01/resolve/main/images/xyz_grid-0030-1586243426.jpeg"}}, {"text": "-", "output": {"url": "https://huggingface.co/e-n-v-y/EnvyHazeSliderXL01/resolve/main/images/xyz_grid-0031-1586243426.jpeg"}}, {"text": "-", "output": {"url": "https://huggingface.co/e-n-v-y/EnvyHazeSliderXL01/resolve/main/images/xyz_grid-0034-1586243426.jpeg"}}, {"text": "-", "output": {"url": "https://huggingface.co/e-n-v-y/EnvyHazeSliderXL01/resolve/main/images/xyz_grid-0036-1586243426.jpeg"}}, {"text": "-", "output": {"url": "https://huggingface.co/e-n-v-y/EnvyHazeSliderXL01/resolve/main/images/xyz_grid-0051-3.jpeg"}}], "base_model": "stabilityai/stable-diffusion-xl-base-1.0", "instance_prompt": "haze", "license": "creativeml-openrail-m"}, "siblings": [{"rfilename": ".gitattributes"}, {"rfilename": "EnvyHazeSliderXL01.safetensors"}, {"rfilename": "README.md"}, {"rfilename": "images/xyz_grid-0027-1586243426.jpeg"}, {"rfilename": "images/xyz_grid-0029-1586243426.jpeg"}, {"rfilename": "images/xyz_grid-0030-1586243426.jpeg"}, {"rfilename": "images/xyz_grid-0031-1586243426.jpeg"}, {"rfilename": "images/xyz_grid-0034-1586243426.jpeg"}, {"rfilename": "images/xyz_grid-0036-1586243426.jpeg"}, {"rfilename": "images/xyz_grid-0040-1586243426.jpeg"}, {"rfilename": "images/xyz_grid-0044-1.jpeg"}, {"rfilename": "images/xyz_grid-0045-1.jpeg"}, {"rfilename": "images/xyz_grid-0051-3.jpeg"}, {"rfilename": "images/xyz_grid-0053-3.jpeg"}], "spaces": ["allknowingroger/Image-Models-Test40"], "createdAt": "2023-11-14T20:14:33.000Z", "inferenceStatus": "not-loaded"}