{"_id": "63e76d1e3b872cfb1762bbcf", "id": "e110ox/diffusion", "modelId": "e110ox/diffusion", "author": "e110ox", "sha": "4663bb2215d5c1a1b52db42c3ae65d4ade2b1028", "lastModified": "2023-02-11T10:25:34.000Z", "private": false, "disabled": false, "gated": false, "tags": ["license:openrail", "region:us"], "downloads": 0, "likes": 0, "model-index": null, "cardData": {"license": "openrail"}, "siblings": [{"rfilename": ".gitattributes"}, {"rfilename": "README.md"}], "spaces": [], "createdAt": "2023-02-11T10:25:34.000Z", "inferenceStatus": "not-loaded"}