{"_id": "65436da5b94aba949a7effb0", "id": "e1113633/roomifai_sd15_ft_diningroom", "modelId": "e1113633/roomifai_sd15_ft_diningroom", "author": "e1113633", "sha": "8f62bc4e2d0684f104dc78277fbef472f71062b5", "lastModified": "2023-11-02T10:03:30.000Z", "private": false, "disabled": false, "gated": false, "pipeline_tag": "text-to-image", "tags": ["diffusers", "tensorboard", "safetensors", "autotrain_compatible", "endpoints_compatible", "diffusers:StableDiffusionPipeline", "region:us"], "downloads": 0, "library_name": "diffusers", "likes": 0, "config": {"diffusers": {"_class_name": "StableDiffusionPipeline"}}, "siblings": [{"rfilename": ".gitattributes"}, {"rfilename": "README.md"}, {"rfilename": "dining_prompts.txt"}, {"rfilename": "feature_extractor/preprocessor_config.json"}, {"rfilename": "logs/text2image-fine-tune/1698149446.2436392/events.out.tfevents.1698149446.Pcradise.25932.1"}, {"rfilename": "logs/text2image-fine-tune/1698149446.2436392/hparams.yml"}, {"rfilename": "logs/text2image-fine-tune/events.out.tfevents.1698149446.Pcradise.25932.0"}, {"rfilename": "model_index.json"}, {"rfilename": "safety_checker/config.json"}, {"rfilename": "safety_checker/model.safetensors"}, {"rfilename": "scheduler/scheduler_config.json"}, {"rfilename": "test.py"}, {"rfilename": "text_encoder/config.json"}, {"rfilename": "text_encoder/model.safetensors"}, {"rfilename": "tokenizer/added_tokens.json"}, {"rfilename": "tokenizer/merges.txt"}, {"rfilename": "tokenizer/special_tokens_map.json"}, {"rfilename": "tokenizer/tokenizer_config.json"}, {"rfilename": "tokenizer/vocab.json"}, {"rfilename": "unet/config.json"}, {"rfilename": "unet/diffusion_pytorch_model.safetensors"}, {"rfilename": "vae/config.json"}, {"rfilename": "vae/diffusion_pytorch_model.safetensors"}], "spaces": [], "createdAt": "2023-11-02T09:36:37.000Z", "inferenceStatus": "not-loaded"}