{"_id": "6543681ac9483f8861b5abf5", "id": "e1113633/roomifai_sd15_ft_bedroom", "modelId": "e1113633/roomifai_sd15_ft_bedroom", "author": "e1113633", "sha": "5f16002b2402ea7447d10db7b90f8cfd973a1b46", "lastModified": "2023-11-02T10:05:15.000Z", "private": false, "disabled": false, "gated": false, "pipeline_tag": "text-to-image", "tags": ["diffusers", "tensorboard", "safetensors", "autotrain_compatible", "endpoints_compatible", "diffusers:StableDiffusionPipeline", "region:us"], "downloads": 0, "library_name": "diffusers", "likes": 1, "config": {"diffusers": {"_class_name": "StableDiffusionPipeline"}}, "siblings": [{"rfilename": ".gitattributes"}, {"rfilename": "README.md"}, {"rfilename": "bedroom_prompts.txt"}, {"rfilename": "feature_extractor/preprocessor_config.json"}, {"rfilename": "logs/text2image-fine-tune/1698050236.044283/events.out.tfevents.1698050236.Pcradise.17300.1"}, {"rfilename": "logs/text2image-fine-tune/1698050236.0599158/hparams.yml"}, {"rfilename": "logs/text2image-fine-tune/events.out.tfevents.1698050236.Pcradise.17300.0"}, {"rfilename": "model_index.json"}, {"rfilename": "safety_checker/config.json"}, {"rfilename": "safety_checker/model.safetensors"}, {"rfilename": "scheduler/scheduler_config.json"}, {"rfilename": "test.py"}, {"rfilename": "text_encoder/config.json"}, {"rfilename": "text_encoder/model.safetensors"}, {"rfilename": "tokenizer/added_tokens.json"}, {"rfilename": "tokenizer/merges.txt"}, {"rfilename": "tokenizer/special_tokens_map.json"}, {"rfilename": "tokenizer/tokenizer_config.json"}, {"rfilename": "tokenizer/vocab.json"}, {"rfilename": "unet/config.json"}, {"rfilename": "unet/diffusion_pytorch_model.safetensors"}, {"rfilename": "vae/config.json"}, {"rfilename": "vae/diffusion_pytorch_model.safetensors"}], "spaces": [], "createdAt": "2023-11-02T09:12:58.000Z", "inferenceStatus": "not-loaded"}