{"_id": "664ac5e73087baf9174703bf", "id": "e1879/git-base-pokemon", "modelId": "e1879/git-base-pokemon", "author": "e1879", "sha": "363188289ae9e6bd41d40ada484246bc2a383433", "lastModified": "2024-05-20T04:13:53.000Z", "private": false, "disabled": false, "gated": false, "pipeline_tag": "text-generation", "tags": ["transformers", "tensorboard", "safetensors", "git", "text-generation", "autotrain_compatible", "endpoints_compatible", "region:us"], "downloads": 2, "library_name": "transformers", "widgetData": [{"text": "My name is Julien and I like to"}, {"text": "My name is Thomas and my main"}, {"text": "My name is Mariama, my favorite"}, {"text": "My name is Clara and I am"}, {"text": "My name is Lewis and I like to"}, {"text": "My name is Merve and my favorite"}, {"text": "My name is Teven and I am"}, {"text": "Once upon a time,"}], "likes": 0, "config": {"architectures": ["GitForCausalLM"], "model_type": "git"}, "transformersInfo": {"auto_model": "AutoModelForCausalLM", "pipeline_tag": "text-generation", "processor": "AutoProcessor"}, "siblings": [{"rfilename": ".gitattributes"}, {"rfilename": "config.json"}, {"rfilename": "model.safetensors"}, {"rfilename": "runs/May20_03-51-14_83661cfe5060/events.out.tfevents.1716177075.83661cfe5060.1831.0"}, {"rfilename": "training_args.bin"}], "spaces": [], "createdAt": "2024-05-20T03:39:19.000Z", "safetensors": {"parameters": {"F32": 176619066}, "total": 176619066}, "inferenceStatus": "not-loaded"}