{"_id": "6560d6ad4f96a8ea08e59017", "id": "e1th4nUwU/MyFirstModel", "modelId": "e1th4nUwU/MyFirstModel", "author": "e1th4nUwU", "sha": "abc0b84040d1f3de7c6bd4fdcc6c9095615256d0", "lastModified": "2023-11-24T17:08:31.000Z", "private": false, "disabled": false, "gated": false, "tags": ["region:us"], "downloads": 0, "likes": 0, "siblings": [{"rfilename": ".gitattributes"}, {"rfilename": "README.md"}, {"rfilename": "hello.py"}], "spaces": [], "createdAt": "2023-11-24T17:00:29.000Z", "inferenceStatus": "not-loaded"}