{"_id": "65ae0c8364c9b93ecac37228", "id": "e22vvb/EN_mrm8488_7_spider", "modelId": "e22vvb/EN_mrm8488_7_spider", "author": "e22vvb", "sha": "e84dc88199d9e776f5a075a2f95f8846767f7808", "lastModified": "2024-01-22T06:46:06.000Z", "private": false, "disabled": false, "gated": false, "pipeline_tag": "text2text-generation", "tags": ["transformers", "pytorch", "tensorboard", "t5", "text2text-generation", "autotrain_compatible", "text-generation-inference", "endpoints_compatible", "region:us"], "downloads": 0, "library_name": "transformers", "likes": 0, "config": {"architectures": ["T5ForConditionalGeneration"], "model_type": "t5"}, "transformersInfo": {"auto_model": "AutoModelForSeq2SeqLM", "pipeline_tag": "text2text-generation", "processor": "AutoTokenizer"}, "siblings": [{"rfilename": ".gitattributes"}, {"rfilename": ".gitignore"}, {"rfilename": "config.json"}, {"rfilename": "pytorch_model.bin"}, {"rfilename": "runs/Jan22_13-34-33_munich/1705905313.6765711/events.out.tfevents.1705905313.munich.490708.1"}, {"rfilename": "runs/Jan22_13-34-33_munich/events.out.tfevents.1705905304.munich.490708.0"}, {"rfilename": "training_args.bin"}], "spaces": [], "createdAt": "2024-01-22T06:34:43.000Z", "inferenceStatus": "not-loaded"}