{"_id": "65eeb955df813b9c15536d6b", "id": "e22vvb/EN_t5-base_15_spider_baseline_clean", "modelId": "e22vvb/EN_t5-base_15_spider_baseline_clean", "author": "e22vvb", "sha": "b8ce2f9907f2fbbe65f95e7a2a74351cfecdd233", "lastModified": "2024-03-11T09:34:58.000Z", "private": false, "disabled": false, "gated": false, "pipeline_tag": "text2text-generation", "tags": ["transformers", "pytorch", "tensorboard", "t5", "text2text-generation", "generated_from_trainer", "license:apache-2.0", "autotrain_compatible", "text-generation-inference", "endpoints_compatible", "region:us"], "downloads": 0, "library_name": "transformers", "likes": 0, "model-index": [{"name": "EN_t5-base_15_spider_baseline_clean", "results": []}], "config": {"architectures": ["T5ForConditionalGeneration"], "model_type": "t5", "tokenizer_config": {"eos_token": "</s>", "pad_token": "<pad>", "unk_token": "<unk>"}}, "cardData": {"license": "apache-2.0", "tags": ["generated_from_trainer"], "model-index": [{"name": "EN_t5-base_15_spider_baseline_clean", "results": []}]}, "transformersInfo": {"auto_model": "AutoModelForSeq2SeqLM", "pipeline_tag": "text2text-generation", "processor": "AutoTokenizer"}, "siblings": [{"rfilename": ".gitattributes"}, {"rfilename": ".gitignore"}, {"rfilename": "README.md"}, {"rfilename": "config.json"}, {"rfilename": "generation_config.json"}, {"rfilename": "pytorch_model.bin"}, {"rfilename": "runs/Mar11_14-56-54_munich/1710143835.0846088/events.out.tfevents.1710143835.munich.3237832.1"}, {"rfilename": "runs/Mar11_14-56-54_munich/events.out.tfevents.1710143835.munich.3237832.0"}, {"rfilename": "special_tokens_map.json"}, {"rfilename": "spiece.model"}, {"rfilename": "tokenizer.json"}, {"rfilename": "tokenizer_config.json"}, {"rfilename": "training_args.bin"}], "spaces": [], "createdAt": "2024-03-11T07:57:09.000Z", "inferenceStatus": "not-loaded"}