{"_id": "65ff00e6a966a1c8b62c6630", "id": "e22vvb/ALL_mt5-base_15_wikiSQL_no_sch", "modelId": "e22vvb/ALL_mt5-base_15_wikiSQL_no_sch", "author": "e22vvb", "sha": "6110501ce1a3f524f7b150e1fd2358be37ec3894", "lastModified": "2024-03-24T23:32:16.000Z", "private": false, "disabled": false, "gated": false, "pipeline_tag": "text2text-generation", "tags": ["transformers", "safetensors", "mt5", "text2text-generation", "generated_from_trainer", "base_model:google/mt5-base", "license:apache-2.0", "autotrain_compatible", "endpoints_compatible", "region:us"], "downloads": 0, "library_name": "transformers", "likes": 0, "model-index": [{"name": "ALL_mt5-base_15_wikiSQL_no_sch", "results": []}], "config": {"architectures": ["MT5ForConditionalGeneration"], "model_type": "mt5", "tokenizer_config": {"eos_token": "</s>", "pad_token": "<pad>", "unk_token": "<unk>"}}, "cardData": {"license": "apache-2.0", "base_model": "google/mt5-base", "tags": ["generated_from_trainer"], "model-index": [{"name": "ALL_mt5-base_15_wikiSQL_no_sch", "results": []}]}, "transformersInfo": {"auto_model": "AutoModelForSeq2SeqLM", "pipeline_tag": "text2text-generation", "processor": "AutoTokenizer"}, "siblings": [{"rfilename": ".gitattributes"}, {"rfilename": "README.md"}, {"rfilename": "config.json"}, {"rfilename": "generation_config.json"}, {"rfilename": "model.safetensors"}, {"rfilename": "special_tokens_map.json"}, {"rfilename": "spiece.model"}, {"rfilename": "tokenizer.json"}, {"rfilename": "tokenizer_config.json"}, {"rfilename": "training_args.bin"}], "spaces": [], "createdAt": "2024-03-23T16:18:46.000Z", "safetensors": {"parameters": {"F32": 582401280}, "total": 582401280}, "inferenceStatus": "not-loaded"}