{"_id": "65b4041344c5e98bda65aa21", "id": "e22vvb/EN_mt5-base_15_wikiSQL", "modelId": "e22vvb/EN_mt5-base_15_wikiSQL", "author": "e22vvb", "sha": "53e45cf87741f5fbbd633e9b6bcb6016ceaede2f", "lastModified": "2024-01-27T03:43:23.000Z", "private": false, "disabled": false, "gated": false, "pipeline_tag": "text2text-generation", "tags": ["transformers", "pytorch", "tensorboard", "mt5", "text2text-generation", "generated_from_trainer", "dataset:wikisql", "license:apache-2.0", "autotrain_compatible", "endpoints_compatible", "region:us"], "downloads": 0, "library_name": "transformers", "likes": 0, "model-index": [{"name": "EN_mt5-base_15_wikiSQL", "results": []}], "config": {"architectures": ["MT5ForConditionalGeneration"], "model_type": "mt5", "tokenizer_config": {"eos_token": "</s>", "pad_token": "<pad>", "unk_token": "<unk>"}}, "cardData": {"license": "apache-2.0", "tags": ["generated_from_trainer"], "datasets": ["wikisql"], "model-index": [{"name": "EN_mt5-base_15_wikiSQL", "results": []}]}, "transformersInfo": {"auto_model": "AutoModelForSeq2SeqLM", "pipeline_tag": "text2text-generation", "processor": "AutoTokenizer"}, "siblings": [{"rfilename": ".gitattributes"}, {"rfilename": ".gitignore"}, {"rfilename": "README.md"}, {"rfilename": "config.json"}, {"rfilename": "generation_config.json"}, {"rfilename": "pytorch_model.bin"}, {"rfilename": "runs/Jan27_02-12-12_munich/1706296354.2827573/events.out.tfevents.1706296354.munich.1635096.1"}, {"rfilename": "runs/Jan27_02-12-12_munich/events.out.tfevents.1706296354.munich.1635096.0"}, {"rfilename": "runs/Jan27_02-14-13_munich/1706296462.2140734/events.out.tfevents.1706296462.munich.1635789.1"}, {"rfilename": "runs/Jan27_02-14-13_munich/events.out.tfevents.1706296462.munich.1635789.0"}, {"rfilename": "special_tokens_map.json"}, {"rfilename": "spiece.model"}, {"rfilename": "tokenizer.json"}, {"rfilename": "tokenizer_config.json"}, {"rfilename": "training_args.bin"}], "spaces": [], "createdAt": "2024-01-26T19:12:19.000Z", "inferenceStatus": "not-loaded"}