{"_id": "65c9d5e3699c196495d4f1c5", "id": "e22vvb/EN_t5-base_8_spider", "modelId": "e22vvb/EN_t5-base_8_spider", "author": "e22vvb", "sha": "f5b3fc39a8849ce735e117a1e855c4c3cf1b35ef", "lastModified": "2024-02-12T09:10:51.000Z", "private": false, "disabled": false, "gated": false, "pipeline_tag": "text2text-generation", "tags": ["transformers", "pytorch", "tensorboard", "t5", "text2text-generation", "generated_from_trainer", "license:apache-2.0", "autotrain_compatible", "text-generation-inference", "endpoints_compatible", "region:us"], "downloads": 0, "library_name": "transformers", "likes": 0, "model-index": [{"name": "EN_t5-base_8_spider", "results": []}], "config": {"architectures": ["T5ForConditionalGeneration"], "model_type": "t5", "tokenizer_config": {"eos_token": "</s>", "pad_token": "<pad>", "unk_token": "<unk>"}}, "cardData": {"license": "apache-2.0", "tags": ["generated_from_trainer"], "model-index": [{"name": "EN_t5-base_8_spider", "results": []}]}, "transformersInfo": {"auto_model": "AutoModelForSeq2SeqLM", "pipeline_tag": "text2text-generation", "processor": "AutoTokenizer"}, "siblings": [{"rfilename": ".gitattributes"}, {"rfilename": ".gitignore"}, {"rfilename": "README.md"}, {"rfilename": "config.json"}, {"rfilename": "generation_config.json"}, {"rfilename": "pytorch_model.bin"}, {"rfilename": "runs/Feb12_15-25-00_munich/1707726313.6845949/events.out.tfevents.1707726313.munich.1909936.1"}, {"rfilename": "runs/Feb12_15-25-00_munich/events.out.tfevents.1707726313.munich.1909936.0"}, {"rfilename": "special_tokens_map.json"}, {"rfilename": "spiece.model"}, {"rfilename": "tokenizer.json"}, {"rfilename": "tokenizer_config.json"}, {"rfilename": "training_args.bin"}], "spaces": [], "createdAt": "2024-02-12T08:25:07.000Z", "inferenceStatus": "not-loaded"}