{"_id": "65f30a1f3cd676d58a634287", "id": "e22vvb/ALL_mt5-base_15_spider_10_wikiSQL_sch", "modelId": "e22vvb/ALL_mt5-base_15_spider_10_wikiSQL_sch", "author": "e22vvb", "sha": "516d95a23d4d98c5a965c16b214dccb95d7dde9b", "lastModified": "2024-03-14T18:03:21.000Z", "private": false, "disabled": false, "gated": false, "pipeline_tag": "text2text-generation", "tags": ["transformers", "pytorch", "tensorboard", "t5", "text2text-generation", "generated_from_trainer", "autotrain_compatible", "text-generation-inference", "endpoints_compatible", "region:us"], "downloads": 0, "library_name": "transformers", "likes": 0, "model-index": [{"name": "ALL_mt5-base_15_spider_10_wikiSQL_sch", "results": []}], "config": {"architectures": ["T5ForConditionalGeneration"], "model_type": "t5", "tokenizer_config": {"eos_token": "</s>", "pad_token": "<pad>", "unk_token": "<unk>"}}, "cardData": {"tags": ["generated_from_trainer"], "model-index": [{"name": "ALL_mt5-base_15_spider_10_wikiSQL_sch", "results": []}]}, "transformersInfo": {"auto_model": "AutoModelForSeq2SeqLM", "pipeline_tag": "text2text-generation", "processor": "AutoTokenizer"}, "siblings": [{"rfilename": ".gitattributes"}, {"rfilename": ".gitignore"}, {"rfilename": "README.md"}, {"rfilename": "config.json"}, {"rfilename": "generation_config.json"}, {"rfilename": "pytorch_model.bin"}, {"rfilename": "runs/Mar14_21-30-50_munich/1710426661.7222672/events.out.tfevents.1710426661.munich.792056.1"}, {"rfilename": "runs/Mar14_21-30-50_munich/events.out.tfevents.1710426661.munich.792056.0"}, {"rfilename": "runs/Mar14_22-02-58_munich/1710428586.8641427/events.out.tfevents.1710428586.munich.803393.1"}, {"rfilename": "runs/Mar14_22-02-58_munich/events.out.tfevents.1710428586.munich.803393.0"}, {"rfilename": "special_tokens_map.json"}, {"rfilename": "spiece.model"}, {"rfilename": "tokenizer.json"}, {"rfilename": "tokenizer_config.json"}, {"rfilename": "training_args.bin"}], "spaces": [], "createdAt": "2024-03-14T14:30:55.000Z", "inferenceStatus": "not-loaded"}