{"_id": "65b1f5adb9efde518e85141e", "id": "e22vvb/EN_t5-small_10_wikiSQL", "modelId": "e22vvb/EN_t5-small_10_wikiSQL", "author": "e22vvb", "sha": "15deb19b76eee09e1d42db43c02012022b66e356", "lastModified": "2024-01-25T07:59:20.000Z", "private": false, "disabled": false, "gated": false, "pipeline_tag": "text2text-generation", "tags": ["transformers", "pytorch", "tensorboard", "t5", "text2text-generation", "generated_from_trainer", "dataset:wikisql", "license:apache-2.0", "autotrain_compatible", "text-generation-inference", "endpoints_compatible", "region:us"], "downloads": 0, "library_name": "transformers", "likes": 0, "model-index": [{"name": "EN_t5-small_10_wikiSQL", "results": []}], "config": {"architectures": ["T5ForConditionalGeneration"], "model_type": "t5", "tokenizer_config": {"eos_token": "</s>", "pad_token": "<pad>", "unk_token": "<unk>"}}, "cardData": {"license": "apache-2.0", "tags": ["generated_from_trainer"], "datasets": ["wikisql"], "model-index": [{"name": "EN_t5-small_10_wikiSQL", "results": []}]}, "transformersInfo": {"auto_model": "AutoModelForSeq2SeqLM", "pipeline_tag": "text2text-generation", "processor": "AutoTokenizer"}, "siblings": [{"rfilename": ".gitattributes"}, {"rfilename": ".gitignore"}, {"rfilename": "README.md"}, {"rfilename": "config.json"}, {"rfilename": "generation_config.json"}, {"rfilename": "pytorch_model.bin"}, {"rfilename": "runs/Jan25_12-46-15_munich/1706161943.7820797/events.out.tfevents.1706161943.munich.1210129.1"}, {"rfilename": "runs/Jan25_12-46-15_munich/events.out.tfevents.1706161943.munich.1210129.0"}, {"rfilename": "special_tokens_map.json"}, {"rfilename": "spiece.model"}, {"rfilename": "tokenizer.json"}, {"rfilename": "tokenizer_config.json"}, {"rfilename": "training_args.bin"}], "spaces": [], "createdAt": "2024-01-25T05:46:21.000Z", "inferenceStatus": "not-loaded"}