{"_id": "65f72d61a774f70f1aa4924f", "id": "e22vvb/ALL_mt5-base_15_spider_new2", "modelId": "e22vvb/ALL_mt5-base_15_spider_new2", "author": "e22vvb", "sha": "9fbc661e4e85625500766535809938b9205402bd", "lastModified": "2024-03-18T02:05:02.000Z", "private": false, "disabled": false, "gated": false, "pipeline_tag": "text2text-generation", "tags": ["transformers", "pytorch", "tensorboard", "mt5", "text2text-generation", "generated_from_trainer", "license:apache-2.0", "autotrain_compatible", "endpoints_compatible", "region:us"], "downloads": 0, "library_name": "transformers", "likes": 0, "model-index": [{"name": "ALL_mt5-base_15_spider_new2", "results": []}], "config": {"architectures": ["MT5ForConditionalGeneration"], "model_type": "mt5", "tokenizer_config": {"eos_token": "</s>", "pad_token": "<pad>", "unk_token": "<unk>"}}, "cardData": {"license": "apache-2.0", "tags": ["generated_from_trainer"], "model-index": [{"name": "ALL_mt5-base_15_spider_new2", "results": []}]}, "transformersInfo": {"auto_model": "AutoModelForSeq2SeqLM", "pipeline_tag": "text2text-generation", "processor": "AutoTokenizer"}, "siblings": [{"rfilename": ".gitattributes"}, {"rfilename": ".gitignore"}, {"rfilename": "README.md"}, {"rfilename": "config.json"}, {"rfilename": "generation_config.json"}, {"rfilename": "pytorch_model.bin"}, {"rfilename": "runs/Mar18_01-24-50_munich/1710699901.1957285/events.out.tfevents.1710699901.munich.1939918.1"}, {"rfilename": "runs/Mar18_01-24-50_munich/events.out.tfevents.1710699901.munich.1939918.0"}, {"rfilename": "special_tokens_map.json"}, {"rfilename": "spiece.model"}, {"rfilename": "tokenizer.json"}, {"rfilename": "tokenizer_config.json"}, {"rfilename": "training_args.bin"}], "spaces": [], "createdAt": "2024-03-17T17:50:25.000Z", "inferenceStatus": "not-loaded"}