{"_id": "65ba2b74a1880eed44c62b36", "id": "e22vvb/EN_mt5-base_15_spider", "modelId": "e22vvb/EN_mt5-base_15_spider", "author": "e22vvb", "sha": "5532781e30ee71dcc6e4063e9dbdd05e57de435a", "lastModified": "2024-03-12T12:37:33.000Z", "private": false, "disabled": false, "gated": false, "pipeline_tag": "text2text-generation", "tags": ["transformers", "pytorch", "tensorboard", "mt5", "text2text-generation", "generated_from_trainer", "license:apache-2.0", "autotrain_compatible", "endpoints_compatible", "region:us"], "downloads": 0, "library_name": "transformers", "likes": 0, "model-index": [{"name": "EN_mt5-base_15_spider", "results": []}], "config": {"architectures": ["MT5ForConditionalGeneration"], "model_type": "mt5", "tokenizer_config": {"eos_token": "</s>", "pad_token": "<pad>", "unk_token": "<unk>"}}, "cardData": {"license": "apache-2.0", "tags": ["generated_from_trainer"], "model-index": [{"name": "EN_mt5-base_15_spider", "results": []}]}, "transformersInfo": {"auto_model": "AutoModelForSeq2SeqLM", "pipeline_tag": "text2text-generation", "processor": "AutoTokenizer"}, "siblings": [{"rfilename": ".gitattributes"}, {"rfilename": ".gitignore"}, {"rfilename": "README.md"}, {"rfilename": "config.json"}, {"rfilename": "generation_config.json"}, {"rfilename": "predicted_EN_mt5-base_15_spider.txt"}, {"rfilename": "pytorch_model.bin"}, {"rfilename": "runs/Jan31_18-13-50_munich/1706699694.6666/events.out.tfevents.1706699694.munich.488247.1"}, {"rfilename": "runs/Jan31_18-13-50_munich/events.out.tfevents.1706699668.munich.488247.0"}, {"rfilename": "runs/Mar12_14-36-21_munich/1710228994.2800333/events.out.tfevents.1710228994.munich.3858846.1"}, {"rfilename": "runs/Mar12_14-36-21_munich/events.out.tfevents.1710228994.munich.3858846.0"}, {"rfilename": "runs/Mar12_14-38-24_munich/1710229111.9874122/events.out.tfevents.1710229111.munich.3860048.1"}, {"rfilename": "runs/Mar12_14-38-24_munich/events.out.tfevents.1710229111.munich.3860048.0"}, {"rfilename": "runs/Mar12_14-39-01_munich/1710229148.0422251/events.out.tfevents.1710229148.munich.3860466.1"}, {"rfilename": "runs/Mar12_14-39-01_munich/events.out.tfevents.1710229148.munich.3860466.0"}, {"rfilename": "runs/Mar12_16-27-54_munich/1710235687.8739479/events.out.tfevents.1710235687.munich.3909836.1"}, {"rfilename": "runs/Mar12_16-27-54_munich/events.out.tfevents.1710235687.munich.3909836.0"}, {"rfilename": "runs/Mar12_16-33-05_munich/1710235995.5355072/events.out.tfevents.1710235995.munich.3912229.1"}, {"rfilename": "runs/Mar12_16-33-05_munich/events.out.tfevents.1710235995.munich.3912229.0"}, {"rfilename": "runs/Mar12_17-17-39_munich/1710238676.5303748/events.out.tfevents.1710238676.munich.3711.1"}, {"rfilename": "runs/Mar12_17-17-39_munich/events.out.tfevents.1710238676.munich.3711.0"}, {"rfilename": "special_tokens_map.json"}, {"rfilename": "spiece.model"}, {"rfilename": "tokenizer.json"}, {"rfilename": "tokenizer_config.json"}, {"rfilename": "training_args.bin"}], "spaces": [], "createdAt": "2024-01-31T11:13:56.000Z", "inferenceStatus": "not-loaded"}