{"_id": "65c0b06f2294f82d5dbc77bc", "id": "e22vvb/ALL_mt5-base_10_spider_15_wikiSQL_new", "modelId": "e22vvb/ALL_mt5-base_10_spider_15_wikiSQL_new", "author": "e22vvb", "sha": "8bf5ec34ee44f61531435d28b1b345757fd7b3d4", "lastModified": "2024-02-05T12:52:53.000Z", "private": false, "disabled": false, "gated": false, "pipeline_tag": "text2text-generation", "tags": ["transformers", "pytorch", "tensorboard", "t5", "text2text-generation", "generated_from_trainer", "autotrain_compatible", "text-generation-inference", "endpoints_compatible", "region:us"], "downloads": 0, "library_name": "transformers", "likes": 0, "model-index": [{"name": "ALL_mt5-base_10_spider_15_wikiSQL_new", "results": []}], "config": {"architectures": ["T5ForConditionalGeneration"], "model_type": "t5", "tokenizer_config": {"eos_token": "</s>", "pad_token": "<pad>", "unk_token": "<unk>"}}, "cardData": {"tags": ["generated_from_trainer"], "model-index": [{"name": "ALL_mt5-base_10_spider_15_wikiSQL_new", "results": []}]}, "transformersInfo": {"auto_model": "AutoModelForSeq2SeqLM", "pipeline_tag": "text2text-generation", "processor": "AutoTokenizer"}, "siblings": [{"rfilename": ".gitattributes"}, {"rfilename": ".gitignore"}, {"rfilename": "README.md"}, {"rfilename": "config.json"}, {"rfilename": "generation_config.json"}, {"rfilename": "pytorch_model.bin"}, {"rfilename": "runs/Feb05_16-54-46_munich/1707126903.8579726/events.out.tfevents.1707126903.munich.12812.1"}, {"rfilename": "runs/Feb05_16-54-46_munich/events.out.tfevents.1707126903.munich.12812.0"}, {"rfilename": "runs/Feb05_17-34-13_munich/1707129262.6789305/events.out.tfevents.1707129262.munich.15894.1"}, {"rfilename": "runs/Feb05_17-34-13_munich/events.out.tfevents.1707129262.munich.15894.0"}, {"rfilename": "special_tokens_map.json"}, {"rfilename": "spiece.model"}, {"rfilename": "tokenizer.json"}, {"rfilename": "tokenizer_config.json"}, {"rfilename": "training_args.bin"}], "spaces": [], "createdAt": "2024-02-05T09:54:55.000Z", "inferenceStatus": "not-loaded"}