{"_id": "65ae0104d6b10af911b414bb", "id": "e22vvb/EN_mrm8488_spider", "modelId": "e22vvb/EN_mrm8488_spider", "author": "e22vvb", "sha": "960693ba2f29b3d7da9d2e4e8cc47a58fe4078ee", "lastModified": "2024-01-22T06:21:07.000Z", "private": false, "disabled": false, "gated": false, "pipeline_tag": "text2text-generation", "tags": ["transformers", "pytorch", "tensorboard", "t5", "text2text-generation", "generated_from_trainer", "autotrain_compatible", "text-generation-inference", "endpoints_compatible", "region:us"], "downloads": 0, "library_name": "transformers", "likes": 0, "model-index": [{"name": "EN_mrm8488_spider", "results": []}], "config": {"architectures": ["T5ForConditionalGeneration"], "model_type": "t5", "tokenizer_config": {"eos_token": "</s>", "pad_token": "<pad>", "unk_token": "<unk>"}}, "cardData": {"tags": ["generated_from_trainer"], "model-index": [{"name": "EN_mrm8488_spider", "results": []}]}, "transformersInfo": {"auto_model": "AutoModelForSeq2SeqLM", "pipeline_tag": "text2text-generation", "processor": "AutoTokenizer"}, "siblings": [{"rfilename": ".gitattributes"}, {"rfilename": ".gitignore"}, {"rfilename": "README.md"}, {"rfilename": "config.json"}, {"rfilename": "generation_config.json"}, {"rfilename": "pytorch_model.bin"}, {"rfilename": "runs/Jan22_12-45-34_munich/1705902368.18833/events.out.tfevents.1705902368.munich.473921.1"}, {"rfilename": "runs/Jan22_12-45-34_munich/events.out.tfevents.1705902362.munich.473921.0"}, {"rfilename": "special_tokens_map.json"}, {"rfilename": "spiece.model"}, {"rfilename": "tokenizer.json"}, {"rfilename": "tokenizer_config.json"}, {"rfilename": "training_args.bin"}], "spaces": [], "createdAt": "2024-01-22T05:45:40.000Z", "inferenceStatus": "not-loaded"}