{"_id": "65fea298a90f36cf8f710ce0", "id": "e22vvb/ALL_mt5-base_15_spider_no_sch", "modelId": "e22vvb/ALL_mt5-base_15_spider_no_sch", "author": "e22vvb", "sha": "2ddae52c939a4e674dad521eac59f9d8d4a9c371", "lastModified": "2024-03-23T13:54:56.000Z", "private": false, "disabled": false, "gated": false, "pipeline_tag": "text2text-generation", "tags": ["transformers", "pytorch", "tensorboard", "mt5", "text2text-generation", "generated_from_trainer", "license:apache-2.0", "autotrain_compatible", "endpoints_compatible", "region:us"], "downloads": 0, "library_name": "transformers", "likes": 0, "model-index": [{"name": "ALL_mt5-base_15_spider_no_sch", "results": []}], "config": {"architectures": ["MT5ForConditionalGeneration"], "model_type": "mt5", "tokenizer_config": {"eos_token": "</s>", "pad_token": "<pad>", "unk_token": "<unk>"}}, "cardData": {"license": "apache-2.0", "tags": ["generated_from_trainer"], "model-index": [{"name": "ALL_mt5-base_15_spider_no_sch", "results": []}]}, "transformersInfo": {"auto_model": "AutoModelForSeq2SeqLM", "pipeline_tag": "text2text-generation", "processor": "AutoTokenizer"}, "siblings": [{"rfilename": ".gitattributes"}, {"rfilename": ".gitignore"}, {"rfilename": "README.md"}, {"rfilename": "config.json"}, {"rfilename": "generation_config.json"}, {"rfilename": "pytorch_model.bin"}, {"rfilename": "runs/Mar23_16-36-14_munich/1711186590.9116151/events.out.tfevents.1711186590.munich.282460.1"}, {"rfilename": "runs/Mar23_16-36-14_munich/events.out.tfevents.1711186590.munich.282460.0"}, {"rfilename": "runs/Mar23_17-32-11_munich/1711189940.562647/events.out.tfevents.1711189940.munich.286690.1"}, {"rfilename": "runs/Mar23_17-32-11_munich/events.out.tfevents.1711189940.munich.286690.0"}, {"rfilename": "special_tokens_map.json"}, {"rfilename": "spiece.model"}, {"rfilename": "tokenizer.json"}, {"rfilename": "tokenizer_config.json"}, {"rfilename": "training_args.bin"}], "spaces": [], "createdAt": "2024-03-23T09:36:24.000Z", "inferenceStatus": "not-loaded"}