{"_id": "65c9c22f082c6175885269d8", "id": "e22vvb/EN_t5-base_15_spider", "modelId": "e22vvb/EN_t5-base_15_spider", "author": "e22vvb", "sha": "1cd59c8dadef6bb7e8355e2d40a5ca296306f5b7", "lastModified": "2024-02-12T08:00:44.000Z", "private": false, "disabled": false, "gated": false, "pipeline_tag": "text2text-generation", "tags": ["transformers", "pytorch", "tensorboard", "t5", "text2text-generation", "generated_from_trainer", "license:apache-2.0", "autotrain_compatible", "text-generation-inference", "endpoints_compatible", "region:us"], "downloads": 0, "library_name": "transformers", "likes": 0, "model-index": [{"name": "EN_t5-base_15_spider", "results": []}], "config": {"architectures": ["T5ForConditionalGeneration"], "model_type": "t5", "tokenizer_config": {"eos_token": "</s>", "pad_token": "<pad>", "unk_token": "<unk>"}}, "cardData": {"license": "apache-2.0", "tags": ["generated_from_trainer"], "model-index": [{"name": "EN_t5-base_15_spider", "results": []}]}, "transformersInfo": {"auto_model": "AutoModelForSeq2SeqLM", "pipeline_tag": "text2text-generation", "processor": "AutoTokenizer"}, "siblings": [{"rfilename": ".gitattributes"}, {"rfilename": ".gitignore"}, {"rfilename": "README.md"}, {"rfilename": "config.json"}, {"rfilename": "generation_config.json"}, {"rfilename": "pytorch_model.bin"}, {"rfilename": "runs/Feb12_14-00-50_munich/1707721271.6384475/events.out.tfevents.1707721271.munich.1883616.1"}, {"rfilename": "runs/Feb12_14-00-50_munich/events.out.tfevents.1707721271.munich.1883616.0"}, {"rfilename": "runs/Feb12_14-04-22_munich/1707721471.4678319/events.out.tfevents.1707721471.munich.1887638.1"}, {"rfilename": "runs/Feb12_14-04-22_munich/events.out.tfevents.1707721471.munich.1887638.0"}, {"rfilename": "special_tokens_map.json"}, {"rfilename": "spiece.model"}, {"rfilename": "tokenizer.json"}, {"rfilename": "tokenizer_config.json"}, {"rfilename": "training_args.bin"}], "spaces": [], "createdAt": "2024-02-12T07:01:03.000Z", "inferenceStatus": "not-loaded"}