{"_id": "65f9c78f1ca2438204a3f7eb", "id": "e22vvb/ALL_bart_15_spider_new2", "modelId": "e22vvb/ALL_bart_15_spider_new2", "author": "e22vvb", "sha": "dc2396812948afc077e3f2809a6a545d97d1dbb6", "lastModified": "2024-03-19T18:51:58.000Z", "private": false, "disabled": false, "gated": false, "pipeline_tag": "text2text-generation", "tags": ["transformers", "pytorch", "tensorboard", "bart", "text2text-generation", "generated_from_trainer", "license:apache-2.0", "autotrain_compatible", "endpoints_compatible", "region:us"], "downloads": 0, "library_name": "transformers", "mask_token": "<mask>", "likes": 0, "model-index": [{"name": "ALL_bart_15_spider_new2", "results": []}], "config": {"architectures": ["BartForConditionalGeneration"], "model_type": "bart", "tokenizer_config": {"bos_token": {"__type": "AddedToken", "content": "<s>", "lstrip": false, "normalized": true, "rstrip": false, "single_word": false}, "cls_token": {"__type": "AddedToken", "content": "<s>", "lstrip": false, "normalized": true, "rstrip": false, "single_word": false}, "eos_token": {"__type": "AddedToken", "content": "</s>", "lstrip": false, "normalized": true, "rstrip": false, "single_word": false}, "mask_token": {"__type": "AddedToken", "content": "<mask>", "lstrip": true, "normalized": true, "rstrip": false, "single_word": false}, "pad_token": {"__type": "AddedToken", "content": "<pad>", "lstrip": false, "normalized": true, "rstrip": false, "single_word": false}, "sep_token": {"__type": "AddedToken", "content": "</s>", "lstrip": false, "normalized": true, "rstrip": false, "single_word": false}, "unk_token": {"__type": "AddedToken", "content": "<unk>", "lstrip": false, "normalized": true, "rstrip": false, "single_word": false}}}, "cardData": {"license": "apache-2.0", "tags": ["generated_from_trainer"], "model-index": [{"name": "ALL_bart_15_spider_new2", "results": []}]}, "transformersInfo": {"auto_model": "AutoModelForSeq2SeqLM", "pipeline_tag": "text2text-generation", "processor": "AutoTokenizer"}, "siblings": [{"rfilename": ".gitattributes"}, {"rfilename": ".gitignore"}, {"rfilename": "README.md"}, {"rfilename": "config.json"}, {"rfilename": "generation_config.json"}, {"rfilename": "merges.txt"}, {"rfilename": "pytorch_model.bin"}, {"rfilename": "runs/Mar20_00-12-40_munich/1710868372.5883222/events.out.tfevents.1710868372.munich.2642613.1"}, {"rfilename": "runs/Mar20_00-12-40_munich/events.out.tfevents.1710868372.munich.2642613.0"}, {"rfilename": "runs/Mar20_00-13-44_munich/1710868431.9608793/events.out.tfevents.1710868431.munich.2644759.1"}, {"rfilename": "runs/Mar20_00-13-44_munich/events.out.tfevents.1710868431.munich.2644759.0"}, {"rfilename": "runs/Mar20_00-14-35_munich/1710868481.938479/events.out.tfevents.1710868481.munich.2645116.1"}, {"rfilename": "runs/Mar20_00-14-35_munich/events.out.tfevents.1710868481.munich.2645116.0"}, {"rfilename": "special_tokens_map.json"}, {"rfilename": "tokenizer_config.json"}, {"rfilename": "training_args.bin"}, {"rfilename": "vocab.json"}], "spaces": [], "createdAt": "2024-03-19T17:12:47.000Z", "inferenceStatus": "not-loaded"}