{"_id": "65c252c916e8683eb93c8552", "id": "e22vvb/ALL_typhoon-7b_10_spider_15_wikiSQL_new", "modelId": "e22vvb/ALL_typhoon-7b_10_spider_15_wikiSQL_new", "author": "e22vvb", "sha": "8f5549590f847861ce1f51cfe13b1ec191528bef", "lastModified": "2024-02-06T15:39:53.000Z", "private": false, "disabled": false, "gated": false, "tags": ["region:us"], "downloads": 0, "likes": 0, "siblings": [{"rfilename": ".gitattributes"}], "spaces": [], "createdAt": "2024-02-06T15:39:53.000Z", "inferenceStatus": "not-loaded"}