{"_id": "65aced870150f64adf84db5b", "id": "e22vvb/EN_mt5-base_spider", "modelId": "e22vvb/EN_mt5-base_spider", "author": "e22vvb", "sha": "93cdfc20170f7d7f95a4cbf00321cd0123004cd8", "lastModified": "2024-01-21T19:32:43.000Z", "private": false, "disabled": false, "gated": false, "pipeline_tag": "text2text-generation", "tags": ["transformers", "pytorch", "tensorboard", "mt5", "text2text-generation", "generated_from_trainer", "license:apache-2.0", "autotrain_compatible", "endpoints_compatible", "region:us"], "downloads": 0, "library_name": "transformers", "likes": 0, "model-index": [{"name": "EN_mt5-base_spider", "results": []}], "config": {"architectures": ["MT5ForConditionalGeneration"], "model_type": "mt5", "tokenizer_config": {"eos_token": "</s>", "pad_token": "<pad>", "unk_token": "<unk>"}}, "cardData": {"license": "apache-2.0", "tags": ["generated_from_trainer"], "model-index": [{"name": "EN_mt5-base_spider", "results": []}]}, "transformersInfo": {"auto_model": "AutoModelForSeq2SeqLM", "pipeline_tag": "text2text-generation", "processor": "AutoTokenizer"}, "siblings": [{"rfilename": ".gitattributes"}, {"rfilename": ".gitignore"}, {"rfilename": "README.md"}, {"rfilename": "config.json"}, {"rfilename": "generation_config.json"}, {"rfilename": "pytorch_model.bin"}, {"rfilename": "runs/Jan21_17-10-11_munich/1705831846.6192336/events.out.tfevents.1705831846.munich.194279.1"}, {"rfilename": "runs/Jan21_17-10-11_munich/events.out.tfevents.1705831846.munich.194279.0"}, {"rfilename": "runs/Jan22_00-20-12_munich/1705857651.5969272/events.out.tfevents.1705857651.munich.295902.1"}, {"rfilename": "runs/Jan22_00-20-12_munich/events.out.tfevents.1705857651.munich.295902.0"}, {"rfilename": "runs/Jan22_00-37-16_munich/1705858717.7571275/events.out.tfevents.1705858717.munich.300078.1"}, {"rfilename": "runs/Jan22_00-37-16_munich/events.out.tfevents.1705858679.munich.300078.0"}, {"rfilename": "special_tokens_map.json"}, {"rfilename": "spiece.model"}, {"rfilename": "tokenizer.json"}, {"rfilename": "tokenizer_config.json"}, {"rfilename": "training_args.bin"}], "spaces": [], "createdAt": "2024-01-21T10:10:15.000Z", "inferenceStatus": "not-loaded"}