{"_id": "65aeaae85033724f4569932c", "id": "e22vvb/EN_mt5-base_5_wikiSQL", "modelId": "e22vvb/EN_mt5-base_5_wikiSQL", "author": "e22vvb", "sha": "6d558e89b5a6873119180e642ba8aebd39bcf852", "lastModified": "2024-01-26T04:31:56.000Z", "private": false, "disabled": false, "gated": false, "pipeline_tag": "text2text-generation", "tags": ["transformers", "pytorch", "tensorboard", "mt5", "text2text-generation", "generated_from_trainer", "dataset:wikisql", "license:apache-2.0", "autotrain_compatible", "endpoints_compatible", "region:us"], "downloads": 0, "library_name": "transformers", "likes": 0, "model-index": [{"name": "EN_mt5-base_5_wikiSQL", "results": []}], "config": {"architectures": ["MT5ForConditionalGeneration"], "model_type": "mt5", "tokenizer_config": {"eos_token": "</s>", "pad_token": "<pad>", "unk_token": "<unk>"}}, "cardData": {"license": "apache-2.0", "tags": ["generated_from_trainer"], "datasets": ["wikisql"], "model-index": [{"name": "EN_mt5-base_5_wikiSQL", "results": []}]}, "transformersInfo": {"auto_model": "AutoModelForSeq2SeqLM", "pipeline_tag": "text2text-generation", "processor": "AutoTokenizer"}, "siblings": [{"rfilename": ".gitattributes"}, {"rfilename": ".gitignore"}, {"rfilename": ".ipynb_checkpoints/predicted_EN_mt5-base_5_wikiSQL-checkpoint.txt"}, {"rfilename": "README.md"}, {"rfilename": "config.json"}, {"rfilename": "generation_config.json"}, {"rfilename": "predicted_EN_mt5-base_5_wikiSQL.txt"}, {"rfilename": "pytorch_model.bin"}, {"rfilename": "runs/Jan23_00-49-57_munich/1705946264.2089508/events.out.tfevents.1705946264.munich.530136.1"}, {"rfilename": "runs/Jan23_00-49-57_munich/events.out.tfevents.1705946263.munich.530136.0"}, {"rfilename": "runs/Jan23_01-11-19_munich/1705947501.8041177/events.out.tfevents.1705947501.munich.535516.1"}, {"rfilename": "runs/Jan23_01-11-19_munich/events.out.tfevents.1705947501.munich.535516.0"}, {"rfilename": "runs/Jan23_10-58-10_munich/1705982689.1571157/events.out.tfevents.1705982689.munich.678730.1"}, {"rfilename": "runs/Jan23_10-58-10_munich/events.out.tfevents.1705982688.munich.678730.0"}, {"rfilename": "runs/Jan26_09-51-39_munich/1706237523.8085754/events.out.tfevents.1706237523.munich.1520640.1"}, {"rfilename": "runs/Jan26_09-51-39_munich/events.out.tfevents.1706237523.munich.1520640.0"}, {"rfilename": "special_tokens_map.json"}, {"rfilename": "spiece.model"}, {"rfilename": "tokenizer.json"}, {"rfilename": "tokenizer_config.json"}, {"rfilename": "training_args.bin"}], "spaces": [], "createdAt": "2024-01-22T17:50:32.000Z", "inferenceStatus": "not-loaded"}