{"_id": "65eedd762cc24ebc6dd31ee6", "id": "e22vvb/EN_t5-base_15_spider_nosch_baseline", "modelId": "e22vvb/EN_t5-base_15_spider_nosch_baseline", "author": "e22vvb", "sha": "5e58a14f5c57459549ffb0a159c330a8b7d3b81e", "lastModified": "2024-03-11T11:55:01.000Z", "private": false, "disabled": false, "gated": false, "pipeline_tag": "text2text-generation", "tags": ["transformers", "pytorch", "tensorboard", "t5", "text2text-generation", "generated_from_trainer", "license:apache-2.0", "autotrain_compatible", "text-generation-inference", "endpoints_compatible", "region:us"], "downloads": 0, "library_name": "transformers", "likes": 0, "model-index": [{"name": "EN_t5-base_15_spider_nosch_baseline", "results": []}], "config": {"architectures": ["T5ForConditionalGeneration"], "model_type": "t5", "tokenizer_config": {"eos_token": "</s>", "pad_token": "<pad>", "unk_token": "<unk>"}}, "cardData": {"license": "apache-2.0", "tags": ["generated_from_trainer"], "model-index": [{"name": "EN_t5-base_15_spider_nosch_baseline", "results": []}]}, "transformersInfo": {"auto_model": "AutoModelForSeq2SeqLM", "pipeline_tag": "text2text-generation", "processor": "AutoTokenizer"}, "siblings": [{"rfilename": ".gitattributes"}, {"rfilename": ".gitignore"}, {"rfilename": "README.md"}, {"rfilename": "config.json"}, {"rfilename": "generation_config.json"}, {"rfilename": "pytorch_model.bin"}, {"rfilename": "runs/Mar11_17-31-12_munich/1710153087.0643423/events.out.tfevents.1710153087.munich.3209803.1"}, {"rfilename": "runs/Mar11_17-31-12_munich/events.out.tfevents.1710153087.munich.3209803.0"}, {"rfilename": "runs/Mar11_17-32-13_munich/1710153142.244078/events.out.tfevents.1710153142.munich.3312595.1"}, {"rfilename": "runs/Mar11_17-32-13_munich/events.out.tfevents.1710153142.munich.3312595.0"}, {"rfilename": "special_tokens_map.json"}, {"rfilename": "spiece.model"}, {"rfilename": "tokenizer.json"}, {"rfilename": "tokenizer_config.json"}, {"rfilename": "training_args.bin"}], "spaces": [], "createdAt": "2024-03-11T10:31:18.000Z", "inferenceStatus": "not-loaded"}