{"_id": "65bcc962ef796a0c7f7e0019", "id": "e22vvb/ALL_mt5-base_15_spider_15_wikiSQL_new", "modelId": "e22vvb/ALL_mt5-base_15_spider_15_wikiSQL_new", "author": "e22vvb", "sha": "dceaacf9baedcdb4783a6a0b82182be2ca3a7e20", "lastModified": "2024-03-07T12:34:55.000Z", "private": false, "disabled": false, "gated": false, "pipeline_tag": "text2text-generation", "tags": ["transformers", "pytorch", "tensorboard", "t5", "text2text-generation", "generated_from_trainer", "autotrain_compatible", "text-generation-inference", "endpoints_compatible", "region:us"], "downloads": 0, "library_name": "transformers", "likes": 0, "model-index": [{"name": "ALL_mt5-base_15_spider_15_wikiSQL_new", "results": []}], "config": {"architectures": ["T5ForConditionalGeneration"], "model_type": "t5", "tokenizer_config": {"eos_token": "</s>", "pad_token": "<pad>", "unk_token": "<unk>"}}, "cardData": {"tags": ["generated_from_trainer"], "model-index": [{"name": "ALL_mt5-base_15_spider_15_wikiSQL_new", "results": []}]}, "transformersInfo": {"auto_model": "AutoModelForSeq2SeqLM", "pipeline_tag": "text2text-generation", "processor": "AutoTokenizer"}, "siblings": [{"rfilename": ".gitattributes"}, {"rfilename": ".gitignore"}, {"rfilename": "README.md"}, {"rfilename": "config.json"}, {"rfilename": "generation_config.json"}, {"rfilename": "pytorch_model.bin"}, {"rfilename": "runs/Feb02_17-52-10_munich/1706871148.497471/events.out.tfevents.1706871148.munich.748419.1"}, {"rfilename": "runs/Feb02_17-52-10_munich/1706871174.5350633/events.out.tfevents.1706871174.munich.748419.2"}, {"rfilename": "runs/Feb02_17-52-10_munich/events.out.tfevents.1706871148.munich.748419.0"}, {"rfilename": "runs/Feb02_17-53-54_munich/1706871243.167729/events.out.tfevents.1706871243.munich.751405.1"}, {"rfilename": "runs/Feb02_17-53-54_munich/events.out.tfevents.1706871243.munich.751405.0"}, {"rfilename": "runs/Feb02_17-55-10_munich/1706871317.5251513/events.out.tfevents.1706871317.munich.751835.1"}, {"rfilename": "runs/Feb02_17-55-10_munich/events.out.tfevents.1706871317.munich.751835.0"}, {"rfilename": "runs/Feb02_17-56-22_munich/1706871390.1952946/events.out.tfevents.1706871390.munich.752185.1"}, {"rfilename": "runs/Feb02_17-56-22_munich/events.out.tfevents.1706871390.munich.752185.0"}, {"rfilename": "runs/Feb02_17-57-17_munich/1706871445.041061/events.out.tfevents.1706871445.munich.752495.1"}, {"rfilename": "runs/Feb02_17-57-17_munich/events.out.tfevents.1706871445.munich.752495.0"}, {"rfilename": "runs/Feb02_17-57-53_munich/1706871481.0333056/events.out.tfevents.1706871481.munich.752713.1"}, {"rfilename": "runs/Feb02_17-57-53_munich/events.out.tfevents.1706871481.munich.752713.0"}, {"rfilename": "runs/Feb02_17-58-30_munich/1706871517.529475/events.out.tfevents.1706871517.munich.752947.1"}, {"rfilename": "runs/Feb02_17-58-30_munich/events.out.tfevents.1706871517.munich.752947.0"}, {"rfilename": "runs/Feb02_18-29-25_munich/1706873371.5576022/events.out.tfevents.1706873371.munich.752947.3"}, {"rfilename": "runs/Feb02_18-29-25_munich/events.out.tfevents.1706873371.munich.752947.2"}, {"rfilename": "runs/Feb03_13-08-59_munich/1706940546.4692614/events.out.tfevents.1706940546.munich.1021065.1"}, {"rfilename": "runs/Feb03_13-08-59_munich/events.out.tfevents.1706940546.munich.1021065.0"}, {"rfilename": "runs/Mar07_16-13-09_munich/1709802831.2279782/events.out.tfevents.1709802831.munich.1482869.1"}, {"rfilename": "runs/Mar07_16-13-09_munich/events.out.tfevents.1709802831.munich.1482869.0"}, {"rfilename": "special_tokens_map.json"}, {"rfilename": "spiece.model"}, {"rfilename": "tokenizer.json"}, {"rfilename": "tokenizer_config.json"}, {"rfilename": "training_args.bin"}], "spaces": [], "createdAt": "2024-02-02T10:52:18.000Z", "inferenceStatus": "not-loaded"}