{"_id": "65ae587b9956dd771a8b8595", "id": "e22vvb/EN_mt5-small_5_wikiSQL", "modelId": "e22vvb/EN_mt5-small_5_wikiSQL", "author": "e22vvb", "sha": "90de072c42f957c4d327cdd57c584aa97340099d", "lastModified": "2024-01-23T09:03:21.000Z", "private": false, "disabled": false, "gated": false, "pipeline_tag": "text2text-generation", "tags": ["transformers", "pytorch", "tensorboard", "mt5", "text2text-generation", "generated_from_trainer", "dataset:wikisql", "license:apache-2.0", "autotrain_compatible", "endpoints_compatible", "region:us"], "downloads": 0, "library_name": "transformers", "likes": 0, "model-index": [{"name": "EN_mt5-small_5_wikiSQL", "results": []}], "config": {"architectures": ["MT5ForConditionalGeneration"], "model_type": "mt5", "tokenizer_config": {"eos_token": "</s>", "pad_token": "<pad>", "unk_token": "<unk>"}}, "cardData": {"license": "apache-2.0", "tags": ["generated_from_trainer"], "datasets": ["wikisql"], "model-index": [{"name": "EN_mt5-small_5_wikiSQL", "results": []}]}, "transformersInfo": {"auto_model": "AutoModelForSeq2SeqLM", "pipeline_tag": "text2text-generation", "processor": "AutoTokenizer"}, "siblings": [{"rfilename": ".gitattributes"}, {"rfilename": ".gitignore"}, {"rfilename": "README.md"}, {"rfilename": "config.json"}, {"rfilename": "generation_config.json"}, {"rfilename": "pytorch_model.bin"}, {"rfilename": "runs/Jan22_18-58-37_munich/1705924892.614698/events.out.tfevents.1705924892.munich.506165.1"}, {"rfilename": "runs/Jan22_18-58-37_munich/events.out.tfevents.1705924857.munich.506165.0"}, {"rfilename": "runs/Jan23_10-59-48_munich/1705982542.3205843/events.out.tfevents.1705982542.munich.679414.1"}, {"rfilename": "runs/Jan23_10-59-48_munich/events.out.tfevents.1705982542.munich.679414.0"}, {"rfilename": "runs/Jan23_14-21-27_munich/1705994642.4812262/events.out.tfevents.1705994642.munich.731983.1"}, {"rfilename": "runs/Jan23_14-21-27_munich/events.out.tfevents.1705994642.munich.731983.0"}, {"rfilename": "special_tokens_map.json"}, {"rfilename": "spiece.model"}, {"rfilename": "tokenizer.json"}, {"rfilename": "tokenizer_config.json"}, {"rfilename": "training_args.bin"}], "spaces": [], "createdAt": "2024-01-22T11:58:51.000Z", "inferenceStatus": "not-loaded"}