{"_id": "65b33deb308c0c7936bed16e", "id": "e22vvb/EN_mt5-base_10_wikiSQL", "modelId": "e22vvb/EN_mt5-base_10_wikiSQL", "author": "e22vvb", "sha": "e3dc326833d8bd1034d09571812b484a92555b19", "lastModified": "2024-01-26T10:24:28.000Z", "private": false, "disabled": false, "gated": false, "pipeline_tag": "text2text-generation", "tags": ["transformers", "pytorch", "tensorboard", "mt5", "text2text-generation", "generated_from_trainer", "dataset:wikisql", "license:apache-2.0", "autotrain_compatible", "endpoints_compatible", "region:us"], "downloads": 0, "library_name": "transformers", "likes": 0, "model-index": [{"name": "EN_mt5-base_10_wikiSQL", "results": []}], "config": {"architectures": ["MT5ForConditionalGeneration"], "model_type": "mt5", "tokenizer_config": {"eos_token": "</s>", "pad_token": "<pad>", "unk_token": "<unk>"}}, "cardData": {"license": "apache-2.0", "tags": ["generated_from_trainer"], "datasets": ["wikisql"], "model-index": [{"name": "EN_mt5-base_10_wikiSQL", "results": []}]}, "transformersInfo": {"auto_model": "AutoModelForSeq2SeqLM", "pipeline_tag": "text2text-generation", "processor": "AutoTokenizer"}, "siblings": [{"rfilename": ".gitattributes"}, {"rfilename": ".gitignore"}, {"rfilename": "README.md"}, {"rfilename": "config.json"}, {"rfilename": "generation_config.json"}, {"rfilename": "pytorch_model.bin"}, {"rfilename": "runs/Jan26_12-06-43_munich/1706245621.4026964/events.out.tfevents.1706245621.munich.1555084.1"}, {"rfilename": "runs/Jan26_12-06-43_munich/events.out.tfevents.1706245621.munich.1555084.0"}, {"rfilename": "runs/Jan26_12-11-41_munich/1706245911.6648695/events.out.tfevents.1706245911.munich.1556491.1"}, {"rfilename": "runs/Jan26_12-11-41_munich/events.out.tfevents.1706245911.munich.1556491.0"}, {"rfilename": "special_tokens_map.json"}, {"rfilename": "spiece.model"}, {"rfilename": "tokenizer.json"}, {"rfilename": "tokenizer_config.json"}, {"rfilename": "training_args.bin"}], "spaces": [], "createdAt": "2024-01-26T05:06:51.000Z", "inferenceStatus": "not-loaded"}