{"_id": "65f6b8055f27918caf73d08c", "id": "e22vvb/ALL_mt5-base_15_spider_15_wikiSQL_sch", "modelId": "e22vvb/ALL_mt5-base_15_spider_15_wikiSQL_sch", "author": "e22vvb", "sha": "14d52ec6cb7ff30bc02f2ac9d179efc4d92376fe", "lastModified": "2024-03-17T12:51:26.000Z", "private": false, "disabled": false, "gated": false, "pipeline_tag": "text2text-generation", "tags": ["transformers", "safetensors", "t5", "text2text-generation", "generated_from_trainer", "autotrain_compatible", "text-generation-inference", "endpoints_compatible", "region:us"], "downloads": 0, "library_name": "transformers", "likes": 0, "model-index": [{"name": "ALL_mt5-base_15_spider_15_wikiSQL_sch", "results": []}], "config": {"architectures": ["T5ForConditionalGeneration"], "model_type": "t5", "tokenizer_config": {"eos_token": "</s>", "pad_token": "<pad>", "unk_token": "<unk>"}}, "cardData": {"tags": ["generated_from_trainer"], "model-index": [{"name": "ALL_mt5-base_15_spider_15_wikiSQL_sch", "results": []}]}, "transformersInfo": {"auto_model": "AutoModelForSeq2SeqLM", "pipeline_tag": "text2text-generation", "processor": "AutoTokenizer"}, "siblings": [{"rfilename": ".gitattributes"}, {"rfilename": "README.md"}, {"rfilename": "config.json"}, {"rfilename": "generation_config.json"}, {"rfilename": "model.safetensors"}, {"rfilename": "special_tokens_map.json"}, {"rfilename": "spiece.model"}, {"rfilename": "tokenizer.json"}, {"rfilename": "tokenizer_config.json"}, {"rfilename": "training_args.bin"}], "spaces": [], "createdAt": "2024-03-17T09:29:41.000Z", "safetensors": {"parameters": {"F32": 582401280}, "total": 582401280}, "inferenceStatus": "not-loaded"}