{"_id": "65b2211fd84a1f119f131e53", "id": "e22vvb/EN_t5-small_15_spider", "modelId": "e22vvb/EN_t5-small_15_spider", "author": "e22vvb", "sha": "fb3743462eedbc5d82821b777182f1f6b99875da", "lastModified": "2024-01-25T09:23:02.000Z", "private": false, "disabled": false, "gated": false, "pipeline_tag": "text2text-generation", "tags": ["transformers", "pytorch", "tensorboard", "t5", "text2text-generation", "generated_from_trainer", "license:apache-2.0", "autotrain_compatible", "text-generation-inference", "endpoints_compatible", "region:us"], "downloads": 0, "library_name": "transformers", "likes": 0, "model-index": [{"name": "EN_t5-small_15_spider", "results": []}], "config": {"architectures": ["T5ForConditionalGeneration"], "model_type": "t5", "tokenizer_config": {"eos_token": "</s>", "pad_token": "<pad>", "unk_token": "<unk>"}}, "cardData": {"license": "apache-2.0", "tags": ["generated_from_trainer"], "model-index": [{"name": "EN_t5-small_15_spider", "results": []}]}, "transformersInfo": {"auto_model": "AutoModelForSeq2SeqLM", "pipeline_tag": "text2text-generation", "processor": "AutoTokenizer"}, "siblings": [{"rfilename": ".gitattributes"}, {"rfilename": ".gitignore"}, {"rfilename": "README.md"}, {"rfilename": "config.json"}, {"rfilename": "generation_config.json"}, {"rfilename": "pytorch_model.bin"}, {"rfilename": "runs/Jan25_15-51-38_munich/1706172710.5639007/events.out.tfevents.1706172710.munich.1255647.1"}, {"rfilename": "runs/Jan25_15-51-38_munich/events.out.tfevents.1706172710.munich.1255647.0"}, {"rfilename": "special_tokens_map.json"}, {"rfilename": "spiece.model"}, {"rfilename": "tokenizer.json"}, {"rfilename": "tokenizer_config.json"}, {"rfilename": "training_args.bin"}], "spaces": [], "createdAt": "2024-01-25T08:51:43.000Z", "inferenceStatus": "not-loaded"}