{"_id": "6673013bf7065b72c2ac8735", "id": "e22vvb/ALL_manual_mt5-base_15_spider_no_sch_15_wikiSQL_no_sch", "modelId": "e22vvb/ALL_manual_mt5-base_15_spider_no_sch_15_wikiSQL_no_sch", "author": "e22vvb", "sha": "4f7186dbae92d241a411f517f98c1c62ad51a9f4", "lastModified": "2024-06-20T12:08:16.000Z", "private": false, "disabled": false, "gated": false, "pipeline_tag": "text2text-generation", "tags": ["transformers", "safetensors", "t5", "text2text-generation", "generated_from_trainer", "autotrain_compatible", "text-generation-inference", "endpoints_compatible", "region:us"], "downloads": 1, "library_name": "transformers", "likes": 0, "model-index": [{"name": "ALL_manual_mt5-base_15_spider_no_sch_15_wikiSQL_no_sch", "results": []}], "config": {"architectures": ["T5ForConditionalGeneration"], "model_type": "t5", "tokenizer_config": {"eos_token": "</s>", "pad_token": "<pad>", "unk_token": "<unk>"}}, "cardData": {"tags": ["generated_from_trainer"], "model-index": [{"name": "ALL_manual_mt5-base_15_spider_no_sch_15_wikiSQL_no_sch", "results": []}]}, "transformersInfo": {"auto_model": "AutoModelForSeq2SeqLM", "pipeline_tag": "text2text-generation", "processor": "AutoTokenizer"}, "siblings": [{"rfilename": ".gitattributes"}, {"rfilename": "README.md"}, {"rfilename": "config.json"}, {"rfilename": "generation_config.json"}, {"rfilename": "model.safetensors"}, {"rfilename": "special_tokens_map.json"}, {"rfilename": "spiece.model"}, {"rfilename": "tokenizer.json"}, {"rfilename": "tokenizer_config.json"}, {"rfilename": "training_args.bin"}], "spaces": [], "createdAt": "2024-06-19T16:03:07.000Z", "safetensors": {"parameters": {"F32": 582401280}, "total": 582401280}, "inferenceStatus": "not-loaded"}