{"_id": "662c07c3b026a05e73156236", "id": "e2h/strongmomobyleelolifix", "modelId": "e2h/strongmomobyleelolifix", "author": "e2h", "sha": "a63ac8f3db69540d156877f55e6bae382e10badb", "lastModified": "2024-07-09T16:08:32.000Z", "private": false, "disabled": false, "gated": false, "tags": ["license:openrail", "region:us"], "downloads": 0, "likes": 0, "model-index": null, "cardData": {"license": "openrail"}, "siblings": [{"rfilename": ".gitattributes"}, {"rfilename": "README.md"}, {"rfilename": "strongmomo.zip"}], "spaces": [], "createdAt": "2024-04-26T20:00:03.000Z", "inferenceStatus": "not-loaded"}