{"_id": "662c078fbf97b697958829c4", "id": "e2h/StrongJihyoByLeeloLiFix", "modelId": "e2h/StrongJihyoByLeeloLiFix", "author": "e2h", "sha": "2f558c0a04aa36d199a8571638476ddc11b8f841", "lastModified": "2024-04-26T19:59:35.000Z", "private": false, "disabled": false, "gated": false, "tags": ["license:openrail", "region:us"], "downloads": 0, "likes": 0, "model-index": null, "cardData": {"license": "openrail"}, "siblings": [{"rfilename": ".gitattributes"}, {"rfilename": "README.md"}, {"rfilename": "strong-jihyo-by-leelo.zip"}], "spaces": [], "createdAt": "2024-04-26T19:59:11.000Z", "inferenceStatus": "not-loaded"}