{"_id": "662c071b263c995d50ce7031", "id": "e2h/StrongNayeonByLeeloLiFixed", "modelId": "e2h/StrongNayeonByLeeloLiFixed", "author": "e2h", "sha": "1f73b5dfb809a10e816c7829b7a3bd13bcaba22c", "lastModified": "2024-06-10T16:04:11.000Z", "private": false, "disabled": false, "gated": false, "tags": ["license:openrail", "region:us"], "downloads": 0, "likes": 0, "model-index": null, "cardData": {"license": "openrail"}, "siblings": [{"rfilename": ".gitattributes"}, {"rfilename": "README.md"}, {"rfilename": "strongnayeon.zip"}], "spaces": [], "createdAt": "2024-04-26T19:57:15.000Z", "inferenceStatus": "not-loaded"}