{"_id": "664b21bababc0b3356d7bac7", "id": "e2jhiubyiiyvw/Yi-1.5-9B-Chat-16K-Q5_K_M-GGUF", "modelId": "e2jhiubyiiyvw/Yi-1.5-9B-Chat-16K-Q5_K_M-GGUF", "author": "e2jhiubyiiyvw", "sha": "f3515bd0ad0e3ced1e709c778bcd39457830da26", "lastModified": "2024-05-20T10:11:23.000Z", "private": false, "disabled": false, "gated": false, "tags": ["gguf", "llama-cpp", "gguf-my-repo", "license:apache-2.0", "region:us"], "downloads": 15, "likes": 0, "model-index": null, "cardData": {"license": "apache-2.0", "tags": ["llama-cpp", "gguf-my-repo"]}, "siblings": [{"rfilename": ".gitattributes"}, {"rfilename": "README.md"}, {"rfilename": "yi-1.5-9b-chat-16k.Q5_K_M.gguf"}], "spaces": [], "createdAt": "2024-05-20T10:11:06.000Z", "inferenceStatus": "not-loaded"}