{"_id": "651f12c03c6ed3a1937cf08c", "id": "E31RAI/extra-styles", "modelId": "E31RAI/extra-styles", "author": "E31RAI", "sha": "0961c7c7bdacdaba5681a9d9759c36237e39c146", "lastModified": "2023-10-20T02:32:51.000Z", "private": false, "disabled": false, "gated": false, "tags": ["region:us"], "downloads": 0, "likes": 0, "siblings": [{"rfilename": ".gitattributes"}, {"rfilename": "blazingDrive_V07d.safetensors"}, {"rfilename": "futanariFactor_alphaV10.safetensors"}, {"rfilename": "hassakuHentaiModel_v13.safetensors"}, {"rfilename": "hellomecha_V10Beta.safetensors"}, {"rfilename": "hellomecha_v10BetaBakedvae.safetensors"}, {"rfilename": "hentaiflow_v16.safetensors"}, {"rfilename": "kamimix_alpha.safetensors"}, {"rfilename": "matrixHentaiPlus_v23VAE.safetensors"}, {"rfilename": "matrixHentaiPlus_v26Fix.safetensors"}, {"rfilename": "perfectdeliberate_v10.safetensors"}, {"rfilename": "perfectdeliberate_v40.safetensors"}, {"rfilename": "sakushimixFinished_sakushimixFinal.safetensors"}, {"rfilename": "sdxlUnstableDiffusers_v8HEAVENSWRATH.safetensors"}, {"rfilename": "trueFutaPenisPussyNo_v15BakedVAE.safetensors"}, {"rfilename": "zedmixHentai_v12.safetensors"}], "spaces": [], "createdAt": "2023-10-05T19:47:12.000Z", "inferenceStatus": "not-loaded"}