{"_id": "65c45a67610030bb4b42c7f4", "id": "E31RAI/cuc", "modelId": "E31RAI/cuc", "author": "E31RAI", "sha": "a69b9b1754f05a1001998521c1313b107cd05dd3", "lastModified": "2024-02-15T08:10:15.000Z", "private": false, "disabled": false, "gated": false, "tags": ["region:us"], "downloads": 0, "likes": 0, "siblings": [{"rfilename": ".gitattributes"}, {"rfilename": "QOS-vine-v11-n16c8b3SN5-reg-wasabiya.safetensors"}, {"rfilename": "QOS-vine-v11-n16c8b3SN5-reg-wasabiya_edited.json"}, {"rfilename": "QOScollar-v2-wasabiya.safetensors"}, {"rfilename": "QOSearring-v2-wasabiya.safetensors"}, {"rfilename": "blacked_underwear_v1.9.safetensors"}, {"rfilename": "blacked_v4.23.safetensors"}, {"rfilename": "qos-breast-v2-wasabiya.json"}, {"rfilename": "qos-breast-v2-wasabiya.safetensors"}, {"rfilename": "qos-thong.safetensors"}, {"rfilename": "qos_tattoo_v0.5.safetensors"}], "spaces": [], "createdAt": "2024-02-08T04:36:55.000Z", "inferenceStatus": "not-loaded"}