{"_id": "658ca8235a8f8a309e9ac2d2", "id": "E31RAI/Loraclothing", "modelId": "E31RAI/Loraclothing", "author": "E31RAI", "sha": "5a15cda3445103066b112ab43cc6fd7b8be67028", "lastModified": "2024-06-03T16:01:18.000Z", "private": false, "disabled": false, "gated": false, "tags": ["region:us"], "downloads": 0, "likes": 0, "siblings": [{"rfilename": ".gitattributes"}, {"rfilename": "DominatrixA.safetensors"}, {"rfilename": "Fallout_Vault_Suit-000002.safetensors"}, {"rfilename": "FishnetBunnyV1.safetensors"}, {"rfilename": "LegalNudity-07.safetensors"}, {"rfilename": "VaultSuit13_v07.safetensors"}, {"rfilename": "bukkake_1.safetensors"}, {"rfilename": "bukkake_v0.4.safetensors"}, {"rfilename": "covering_breasts_v0.1.safetensors"}, {"rfilename": "doll_joints_v0.1.safetensors"}, {"rfilename": "edgWar40KAdeptaSororitas.safetensors"}, {"rfilename": "hand-down-clothes.safetensors"}, {"rfilename": "head-mounted display3-000007.safetensors"}, {"rfilename": "holdPhonev0.1-000004.safetensors"}, {"rfilename": "key-necklace-v7-wasabiya.safetensors"}, {"rfilename": "kidnap_v0.2.safetensors"}, {"rfilename": "kimono pussy-002_0.5.safetensors"}, {"rfilename": "kimono.safetensors"}, {"rfilename": "matrixCommandLineStyle.safetensors"}, {"rfilename": "motion_blur_v0.3.safetensors"}, {"rfilename": "multiple_penises_v0.4.safetensors"}, {"rfilename": "neckline_tattoo_v1.safetensors"}, {"rfilename": "onaka_tattoo.safetensors"}, {"rfilename": "qoh-tattoo-lora-v0.1.safetensors"}, {"rfilename": "runny_makeup_v0.2.safetensors"}, {"rfilename": "translucent_bunnysuit_v0.2.safetensors"}, {"rfilename": "ttx-ray.safetensors"}, {"rfilename": "underboobtattoov1.safetensors"}, {"rfilename": "viewer on leash 6.safetensors"}, {"rfilename": "whipMarks.safetensors"}, {"rfilename": "womb_tattoo-10.safetensors"}, {"rfilename": "womb_tattoo.safetensors"}, {"rfilename": "womb_tattoo_v5.1.15.safetensors"}], "spaces": [], "createdAt": "2023-12-27T22:41:39.000Z", "inferenceStatus": "not-loaded"}