{"_id": "65233bf78fc4884992f77e9f", "id": "E31RAI/TI", "modelId": "E31RAI/TI", "author": "E31RAI", "sha": "52bc3e6698e18fa383def584477d1dfc40ba4364", "lastModified": "2023-10-12T20:14:39.000Z", "private": false, "disabled": false, "gated": false, "tags": ["region:us"], "downloads": 0, "likes": 0, "siblings": [{"rfilename": ".gitattributes"}, {"rfilename": "FastNegativeV2.pt"}, {"rfilename": "NG_DeepNegative_V1_75T.pt"}, {"rfilename": "NegfeetV2.pt"}, {"rfilename": "bad-artist-anime.pt"}, {"rfilename": "bad-artist.pt"}, {"rfilename": "bad-hands-5.pt"}, {"rfilename": "bad_prompt_version2.pt"}, {"rfilename": "dk_astolfo.pt"}, {"rfilename": "eonn.pt"}, {"rfilename": "negative_hand-neg.pt"}, {"rfilename": "verybadimagenegative_v1.3.pt"}], "spaces": [], "createdAt": "2023-10-08T23:32:07.000Z", "inferenceStatus": "not-loaded"}