{"_id": "6520bcfa974423bd3eb6ed34", "id": "E31RAI/Lora", "modelId": "E31RAI/Lora", "author": "E31RAI", "sha": "87029025aa4381b04f05218ac83ac977046208f8", "lastModified": "2024-03-31T15:13:47.000Z", "private": false, "disabled": false, "gated": false, "tags": ["region:us"], "downloads": 0, "likes": 0, "siblings": [{"rfilename": ".gitattributes"}, {"rfilename": "Adepta Sororitas MK1 by CARAXES.safetensors"}, {"rfilename": "AlphariusOmegon MK1 by CARAXES.safetensors"}, {"rfilename": "AstaMH2-000002.safetensors"}, {"rfilename": "Astolfo.safetensors"}, {"rfilename": "AsukaLangleySouryuuV2-000015.safetensors"}, {"rfilename": "Boosette-10.safetensors"}, {"rfilename": "Cyberpunk_style-05.safetensors"}, {"rfilename": "Dakimakura2.safetensors"}, {"rfilename": "DestinyV1.safetensors"}, {"rfilename": "GachaSplashAlter_V3.safetensors"}, {"rfilename": "GoodHands-beta2.safetensors"}, {"rfilename": "Link_Gerudo_set_v1.safetensors"}, {"rfilename": "Lucy.safetensors"}, {"rfilename": "Neno.safetensors"}, {"rfilename": "Ninym Ralei.safetensors"}, {"rfilename": "Primarismarines4-30.safetensors"}, {"rfilename": "Rosalina.safetensors"}, {"rfilename": "Sister of Silence MK1 by CARAXES.safetensors"}, {"rfilename": "Sylvia.safetensors"}, {"rfilename": "TaktOp-v1-03.safetensors"}, {"rfilename": "TogaHimikoLoRA.safetensors"}, {"rfilename": "WH40KSisters.safetensors"}, {"rfilename": "WH40KSistersR8.safetensors"}, {"rfilename": "WH40XL.safetensors"}, {"rfilename": "Wych MK1.A by CARAXES.safetensors"}, {"rfilename": "add_detail.safetensors"}, {"rfilename": "boo_v2.safetensors"}, {"rfilename": "chastey crop-000004.safetensors"}, {"rfilename": "chastity cage.safetensors"}, {"rfilename": "cocktail-10.safetensors"}, {"rfilename": "concept-reverse_fellatio-pov-flipped-v1b.safetensors"}, {"rfilename": "cyberpunklucytest.safetensors"}, {"rfilename": "cyborgV02_last.safetensors"}, {"rfilename": "daki.safetensors"}, {"rfilename": "dehya-10.safetensors"}, {"rfilename": "dva.safetensors"}, {"rfilename": "fbLink-10v6.safetensors"}, {"rfilename": "flaccidfutanarimix-locon-dim64-alpha64-highLR-000003.safetensors"}, {"rfilename": "flat_chest_v2.safetensors"}, {"rfilename": "frieren-10.safetensors"}, {"rfilename": "fullnelson_trap-10.safetensors"}, {"rfilename": "furina-08.safetensors"}, {"rfilename": "futa-on-male.safetensors"}, {"rfilename": "futa.safetensors"}, {"rfilename": "futa_dildo_riding-10.safetensors"}, {"rfilename": "futanari.safetensors"}, {"rfilename": "futaveiny6.safetensors"}, {"rfilename": "hatsunemiku1-000006.safetensors"}, {"rfilename": "hellsing_serasvictoria-10.safetensors"}, {"rfilename": "insanevoid2.safetensors"}, {"rfilename": "invisible-14.safetensors"}, {"rfilename": "kboo1-000016.safetensors"}, {"rfilename": "locon_perfecteyes_v1_from_v1_64_32.safetensors"}, {"rfilename": "lucyER-10.safetensors"}, {"rfilename": "lucy_(cyberpunk)_v10.safetensors"}, {"rfilename": "lucy_offset.safetensors"}, {"rfilename": "makima-10.safetensors"}, {"rfilename": "marin-10.safetensors"}, {"rfilename": "marnie_pokemon-10.safetensors"}, {"rfilename": "meimei-lora-nochekaiser.safetensors"}, {"rfilename": "missionary_futa-06.safetensors"}, {"rfilename": "miyakoshikimori-lora-nochekaiser.safetensors"}, {"rfilename": "pillowhump-10.safetensors"}, {"rfilename": "power-10.safetensors"}, {"rfilename": "princess_zelda.safetensors"}, {"rfilename": "qqq-spitroast-v2.safetensors"}, {"rfilename": "shikimorisanv3-000010.safetensors"}, {"rfilename": "slaanesh.safetensors"}, {"rfilename": "spacemarine.safetensors"}, {"rfilename": "sspll5.safetensors"}, {"rfilename": "sword swallowing position 2.safetensors"}, {"rfilename": "techpriest.safetensors"}, {"rfilename": "toga-08.safetensors"}, {"rfilename": "whsororitas_v4.safetensors"}, {"rfilename": "zerotwo-10.safetensors"}], "spaces": [], "createdAt": "2023-10-07T02:05:46.000Z", "inferenceStatus": "not-loaded"}