{"_id": "6545d85fb6a8bd2c90101d98", "id": "E31RAI/Lora_FnaF", "modelId": "E31RAI/Lora_FnaF", "author": "E31RAI", "sha": "084070e1f8459f3ef74cafdf3c1f57a3d98faead", "lastModified": "2023-11-04T05:37:52.000Z", "private": false, "disabled": false, "gated": false, "tags": ["region:us"], "downloads": 0, "likes": 0, "siblings": [{"rfilename": ".gitattributes"}, {"rfilename": "Fnaf_Vanny.safetensors"}, {"rfilename": "Vanessa.safetensors"}], "spaces": [], "createdAt": "2023-11-04T05:36:31.000Z", "inferenceStatus": "not-loaded"}