{"_id": "666d86b7118821bf3744eae0", "id": "E31RAI/s3xpositions", "modelId": "E31RAI/s3xpositions", "author": "E31RAI", "sha": "fc06ae6c1e1598451bd6e748f3a1e067d37ecbbe", "lastModified": "2024-06-15T13:30:42.000Z", "private": false, "disabled": false, "gated": false, "tags": ["region:us"], "downloads": 0, "likes": 0, "siblings": [{"rfilename": ".gitattributes"}, {"rfilename": "GloryHolev2 1024-000048.safetensors"}, {"rfilename": "Gloryhole-v1.safetensors"}, {"rfilename": "WeossGloryHoleTongue_v2.3-000006_dim_16.safetensors"}], "spaces": [], "createdAt": "2024-06-15T12:19:03.000Z", "inferenceStatus": "not-loaded"}