{"_id": "6625d8ae84db70bddda6bfed", "id": "E31RAI/Loradigital", "modelId": "E31RAI/Loradigital", "author": "E31RAI", "sha": "c0be9bec58b06d2cf3d2f83f77bec1b1eb32d4cb", "lastModified": "2024-04-22T03:26:12.000Z", "private": false, "disabled": false, "gated": false, "tags": ["region:us"], "downloads": 0, "likes": 0, "siblings": [{"rfilename": ".gitattributes"}, {"rfilename": "matrixCommandLineStyle.safetensors"}, {"rfilename": "shodan-10.safetensors"}], "spaces": [], "createdAt": "2024-04-22T03:25:34.000Z", "inferenceStatus": "not-loaded"}