{"_id": "654d7102938fbf1e6961bd4b", "id": "E31RAI/LoraAoT", "modelId": "E31RAI/LoraAoT", "author": "E31RAI", "sha": "69484dbba5801e2f96e40fc1488e947e82177ca8", "lastModified": "2023-11-21T23:46:10.000Z", "private": false, "disabled": false, "gated": false, "tags": ["region:us"], "downloads": 0, "likes": 0, "siblings": [{"rfilename": ".gitattributes"}, {"rfilename": "Annie-v1-03.safetensors"}, {"rfilename": "AttackonTitan1-000005.safetensors"}, {"rfilename": "FemaleTitanV2.safetensors"}, {"rfilename": "HangeAOT.safetensors"}, {"rfilename": "Historia.safetensors"}, {"rfilename": "PieckAOT.safetensors"}, {"rfilename": "aot_hitch-10.safetensors"}, {"rfilename": "aot_sasha-10.safetensors"}, {"rfilename": "attire_blacksurvcorp-10.safetensors"}, {"rfilename": "mikasa_ackerman_v1.safetensors"}], "spaces": [], "createdAt": "2023-11-09T23:53:38.000Z", "inferenceStatus": "not-loaded"}