{"_id": "65e49076d8212873836de3c4", "id": "E31RAI/XL", "modelId": "E31RAI/XL", "author": "E31RAI", "sha": "6595d7f51cae1e0d7f0563835d7ccda82df42b2c", "lastModified": "2024-04-22T03:24:39.000Z", "private": false, "disabled": false, "gated": false, "tags": ["region:us"], "downloads": 0, "likes": 0, "siblings": [{"rfilename": ".gitattributes"}, {"rfilename": "ponyDiffusionV6XL_v6StartWithThisOne.safetensors"}, {"rfilename": "sdxlVAE_sdxlVAE.safetensors"}, {"rfilename": "sdxl_vae.safetensors"}, {"rfilename": "shodan_sdxl.safetensors"}], "spaces": [], "createdAt": "2024-03-03T15:00:06.000Z", "inferenceStatus": "not-loaded"}