{"_id": "64c25642c0126fdf8a21c4b0", "id": "E42-AI/123", "modelId": "E42-AI/123", "author": "E42-AI", "sha": "89394572c8d9a2a88cecedca86bbbef03430cab8", "lastModified": "2023-07-27T11:58:35.000Z", "private": false, "disabled": false, "gated": false, "tags": ["region:us"], "downloads": 0, "likes": 0, "siblings": [{"rfilename": ".gitattributes"}, {"rfilename": "adapter_config.json"}, {"rfilename": "head_config.json"}, {"rfilename": "pytorch_adapter.bin"}, {"rfilename": "pytorch_model_head.bin"}], "spaces": [], "createdAt": "2023-07-27T11:34:26.000Z", "inferenceStatus": "not-loaded"}