{"_id": "64e79925441d8522d5e71780", "id": "eaalghamdi/bloom_7B_4bit_qlora", "modelId": "eaalghamdi/bloom_7B_4bit_qlora", "author": "eaalghamdi", "sha": "51ffc9df028113c417e2f503ec19f0ada6410253", "lastModified": "2023-08-24T19:09:24.000Z", "private": false, "disabled": false, "gated": false, "tags": ["generated_from_trainer", "base_model:asas-ai/bloom_7B_8bit", "region:us"], "downloads": 0, "likes": 0, "model-index": [{"name": "bloom_7B_4bit_qlora", "results": []}], "config": {"tokenizer_config": {"bos_token": "<s>", "eos_token": "</s>", "pad_token": "<pad>", "unk_token": "<unk>"}}, "cardData": {"base_model": "asas-ai/bloom_7B_8bit", "tags": ["generated_from_trainer"], "model-index": [{"name": "bloom_7B_4bit_qlora", "results": []}]}, "siblings": [{"rfilename": ".gitattributes"}, {"rfilename": "README.md"}, {"rfilename": "adapter_config.json"}, {"rfilename": "adapter_model.bin"}, {"rfilename": "special_tokens_map.json"}, {"rfilename": "tokenizer.json"}, {"rfilename": "tokenizer_config.json"}, {"rfilename": "training_args.bin"}], "spaces": [], "createdAt": "2023-08-24T17:53:41.000Z", "inferenceStatus": "not-loaded"}