{"_id": "64e78f854533ceba082a155d", "id": "eaalghamdi/Bloom_Results", "modelId": "eaalghamdi/Bloom_Results", "author": "eaalghamdi", "sha": "f8d337512d954331b12338c6bc8703726574430b", "lastModified": "2023-08-24T17:27:03.000Z", "private": false, "disabled": false, "gated": false, "tags": ["generated_from_trainer", "base_model:asas-ai/bloom_7B_8bit", "region:us"], "downloads": 0, "likes": 0, "model-index": [{"name": "Bloom_Results", "results": []}], "config": {"tokenizer_config": {"bos_token": "<s>", "eos_token": "</s>", "pad_token": "<pad>", "unk_token": "<unk>"}}, "cardData": {"base_model": "asas-ai/bloom_7B_8bit", "tags": ["generated_from_trainer"], "model-index": [{"name": "Bloom_Results", "results": []}]}, "siblings": [{"rfilename": ".gitattributes"}, {"rfilename": "README.md"}, {"rfilename": "adapter_config.json"}, {"rfilename": "adapter_model.bin"}, {"rfilename": "special_tokens_map.json"}, {"rfilename": "tokenizer.json"}, {"rfilename": "tokenizer_config.json"}, {"rfilename": "training_args.bin"}], "spaces": [], "createdAt": "2023-08-24T17:12:37.000Z", "inferenceStatus": "not-loaded"}