{"_id": "63c3dabbbfd39d7373984d32", "id": "eaalghamdi/t5-base-finetuned-eyeofriyadh", "modelId": "eaalghamdi/t5-base-finetuned-eyeofriyadh", "author": "eaalghamdi", "sha": "42c6373818a9cc64de16e604cd966b9639cfa5a2", "lastModified": "2023-01-15T19:39:14.000Z", "private": false, "disabled": false, "gated": false, "pipeline_tag": "text2text-generation", "tags": ["transformers", "pytorch", "t5", "text2text-generation", "keytotext", "k2t", "Keywords to Sentences", "en", "dataset:WebNLG", "dataset:Dart", "dataset:eaalghamdi/eyeofriyadh", "license:mit", "autotrain_compatible", "text-generation-inference", "endpoints_compatible", "region:us"], "downloads": 1, "library_name": "transformers", "likes": 0, "model-index": null, "config": {"architectures": ["T5ForConditionalGeneration"], "model_type": "t5", "tokenizer_config": {"eos_token": "</s>", "pad_token": "<pad>", "unk_token": "<unk>"}}, "cardData": {"language": "en", "thumbnail": "Keywords to Sentences", "tags": ["keytotext", "k2t", "Keywords to Sentences"], "license": "mit", "datasets": ["WebNLG", "Dart", "eaalghamdi/eyeofriyadh"], "metrics": ["NLG"]}, "transformersInfo": {"auto_model": "AutoModelForSeq2SeqLM", "pipeline_tag": "text2text-generation", "processor": "AutoTokenizer"}, "siblings": [{"rfilename": ".gitattributes"}, {"rfilename": "README.md"}, {"rfilename": "config.json"}, {"rfilename": "pytorch_model.bin"}, {"rfilename": "special_tokens_map.json"}, {"rfilename": "spiece.model"}, {"rfilename": "tokenizer.json"}, {"rfilename": "tokenizer_config.json"}], "spaces": [], "createdAt": "2023-01-15T10:51:39.000Z", "inferenceStatus": "not-loaded"}