{"_id": "64e417f3aa4eb772265f5029", "id": "Eaaven/lora-trained-rev-1e-5", "modelId": "Eaaven/lora-trained-rev-1e-5", "author": "Eaaven", "sha": "4bc241e983f4b3bd245679b117cde9153b6c2c17", "lastModified": "2023-08-22T02:31:28.000Z", "private": false, "disabled": false, "gated": false, "pipeline_tag": "text-to-image", "tags": ["diffusers", "stable-diffusion", "stable-diffusion-diffusers", "text-to-image", "lora", "base_model:danbrown/RevAnimated-v1-2-2", "license:creativeml-openrail-m", "region:us"], "downloads": 11, "library_name": "diffusers", "likes": 0, "model-index": null, "cardData": {"license": "creativeml-openrail-m", "base_model": "danbrown/RevAnimated-v1-2-2", "instance_prompt": "a photo of alice girl", "tags": ["stable-diffusion", "stable-diffusion-diffusers", "text-to-image", "diffusers", "lora"], "inference": true}, "siblings": [{"rfilename": ".gitattributes"}, {"rfilename": "README.md"}, {"rfilename": "checkpoint-1200/optimizer.bin"}, {"rfilename": "checkpoint-1200/pytorch_lora_weights.safetensors"}, {"rfilename": "checkpoint-1200/random_states_0.pkl"}, {"rfilename": "checkpoint-1200/scheduler.bin"}, {"rfilename": "checkpoint-300/optimizer.bin"}, {"rfilename": "checkpoint-300/pytorch_lora_weights.safetensors"}, {"rfilename": "checkpoint-300/random_states_0.pkl"}, {"rfilename": "checkpoint-300/scheduler.bin"}, {"rfilename": "checkpoint-600/optimizer.bin"}, {"rfilename": "checkpoint-600/pytorch_lora_weights.safetensors"}, {"rfilename": "checkpoint-600/random_states_0.pkl"}, {"rfilename": "checkpoint-600/scheduler.bin"}, {"rfilename": "checkpoint-900/optimizer.bin"}, {"rfilename": "checkpoint-900/pytorch_lora_weights.safetensors"}, {"rfilename": "checkpoint-900/random_states_0.pkl"}, {"rfilename": "checkpoint-900/scheduler.bin"}, {"rfilename": "image_0.png"}, {"rfilename": "image_1.png"}, {"rfilename": "image_2.png"}, {"rfilename": "image_3.png"}, {"rfilename": "pytorch_lora_weights.safetensors"}], "spaces": [], "createdAt": "2023-08-22T02:05:39.000Z", "inferenceStatus": "not-loaded"}