{"_id": "64dee8ea56731bec623129fc", "id": "Eaaven/lora-trained-xl", "modelId": "Eaaven/lora-trained-xl", "author": "Eaaven", "sha": "54c50f1ab30f2fec397e3de5a3d2ae3786a7eabe", "lastModified": "2023-08-18T08:57:07.000Z", "private": false, "disabled": false, "gated": false, "pipeline_tag": "text-to-image", "tags": ["diffusers", "tensorboard", "stable-diffusion-xl", "stable-diffusion-xl-diffusers", "text-to-image", "lora", "base_model:stabilityai/stable-diffusion-xl-base-1.0", "license:openrail++", "region:us"], "downloads": 8, "library_name": "diffusers", "likes": 1, "model-index": null, "cardData": {"license": "openrail++", "base_model": "stabilityai/stable-diffusion-xl-base-1.0", "instance_prompt": "a photo of alice girl", "tags": ["stable-diffusion-xl", "stable-diffusion-xl-diffusers", "text-to-image", "diffusers", "lora"], "inference": true}, "siblings": [{"rfilename": ".gitattributes"}, {"rfilename": "README.md"}, {"rfilename": "checkpoint-500/optimizer.bin"}, {"rfilename": "checkpoint-500/pytorch_lora_weights.safetensors"}, {"rfilename": "checkpoint-500/random_states_0.pkl"}, {"rfilename": "checkpoint-500/scaler.pt"}, {"rfilename": "checkpoint-500/scheduler.bin"}, {"rfilename": "image_0.png"}, {"rfilename": "image_1.png"}, {"rfilename": "image_2.png"}, {"rfilename": "image_3.png"}, {"rfilename": "logs/dreambooth-lora-sd-xl/1692330285.666567/events.out.tfevents.1692330285.iZj6chc5wnldlhrwhpef5eZ.3363881.1"}, {"rfilename": "logs/dreambooth-lora-sd-xl/1692330285.668015/hparams.yml"}, {"rfilename": "logs/dreambooth-lora-sd-xl/events.out.tfevents.1692330285.iZj6chc5wnldlhrwhpef5eZ.3363881.0"}, {"rfilename": "pytorch_lora_weights.safetensors"}], "spaces": [], "createdAt": "2023-08-18T03:43:38.000Z", "inferenceStatus": "not-loaded"}