{"_id": "6295820cf937190946e3656f", "id": "eabayed/wav2vec2emiratidialict_1", "modelId": "eabayed/wav2vec2emiratidialict_1", "author": "eabayed", "sha": "a589e3e60ff482ade837623f52643c6fe385b5a1", "lastModified": "2022-05-31T02:57:16.000Z", "private": false, "disabled": false, "gated": false, "pipeline_tag": "automatic-speech-recognition", "tags": ["transformers", "pytorch", "wav2vec2", "automatic-speech-recognition", "license:gpl-3.0", "endpoints_compatible", "region:us"], "downloads": 1, "library_name": "transformers", "likes": 0, "model-index": null, "config": {"architectures": ["Wav2Vec2ForCTC"], "model_type": "wav2vec2"}, "cardData": {"license": "gpl-3.0"}, "transformersInfo": {"auto_model": "AutoModelForCTC", "pipeline_tag": "automatic-speech-recognition", "processor": "AutoProcessor"}, "siblings": [{"rfilename": ".gitattributes"}, {"rfilename": "README.md"}, {"rfilename": "config.json"}, {"rfilename": "preprocessor_config.json"}, {"rfilename": "pytorch_model.bin"}, {"rfilename": "vocab.json"}], "spaces": [], "createdAt": "2022-05-31T02:48:44.000Z", "inferenceStatus": "not-loaded"}