{"_id": "643c824d2d67f0ed22fabdc9", "id": "eaboussouan/ppo-LunarLander-v2", "modelId": "eaboussouan/ppo-LunarLander-v2", "author": "eaboussouan", "sha": "641f718cb8cebaf4c872dd182eb698564e7a8a5e", "lastModified": "2023-04-16T23:23:27.000Z", "private": false, "disabled": false, "gated": false, "pipeline_tag": "reinforcement-learning", "tags": ["stable-baselines3", "LunarLander-v2", "deep-reinforcement-learning", "reinforcement-learning", "model-index", "region:us"], "downloads": 0, "library_name": "stable-baselines3", "likes": 0, "model-index": [{"name": "PPO", "results": [{"task": {"type": "reinforcement-learning", "name": "reinforcement-learning"}, "dataset": {"name": "LunarLander-v2", "type": "LunarLander-v2"}, "metrics": [{"type": "mean_reward", "value": "255.08 +/- 19.74", "name": "mean_reward", "verified": false}]}]}], "config": {}, "cardData": {"library_name": "stable-baselines3", "tags": ["LunarLander-v2", "deep-reinforcement-learning", "reinforcement-learning", "stable-baselines3"], "model-index": [{"name": "PPO", "results": [{"task": {"type": "reinforcement-learning", "name": "reinforcement-learning"}, "dataset": {"name": "LunarLander-v2", "type": "LunarLander-v2"}, "metrics": [{"type": "mean_reward", "value": "255.08 +/- 19.74", "name": "mean_reward", "verified": false}]}]}]}, "siblings": [{"rfilename": ".gitattributes"}, {"rfilename": "Lunar-PPO.zip"}, {"rfilename": "Lunar-PPO/_stable_baselines3_version"}, {"rfilename": "Lunar-PPO/data"}, {"rfilename": "Lunar-PPO/policy.optimizer.pth"}, {"rfilename": "Lunar-PPO/policy.pth"}, {"rfilename": "Lunar-PPO/pytorch_variables.pth"}, {"rfilename": "Lunar-PPO/system_info.txt"}, {"rfilename": "README.md"}, {"rfilename": "config.json"}, {"rfilename": "replay.mp4"}, {"rfilename": "results.json"}], "spaces": [], "createdAt": "2023-04-16T23:18:37.000Z", "inferenceStatus": "not-loaded"}