{"_id": "647ad7e0e8b7333058961517", "id": "eachadea/ggml-nous-hermes-13b", "modelId": "eachadea/ggml-nous-hermes-13b", "author": "eachadea", "sha": "ef3150b7fae29da46362905641ea79d1fbaf9805", "lastModified": "2023-06-03T06:11:23.000Z", "private": false, "disabled": false, "gated": false, "tags": ["region:us"], "downloads": 0, "likes": 8, "siblings": [{"rfilename": ".gitattributes"}, {"rfilename": "ggml-v3-13b-hermes-q5_1.bin"}], "spaces": [], "createdAt": "2023-06-03T06:04:16.000Z", "inferenceStatus": "not-loaded"}