{"_id": "643254d17d795d8e7035bab6", "id": "eachadea/ggml-toolpaca-13b-4bit", "modelId": "eachadea/ggml-toolpaca-13b-4bit", "author": "eachadea", "sha": "8f13a6bdfb8df4342b10ed6cf518c8dd72349591", "lastModified": "2023-04-09T06:12:23.000Z", "private": false, "disabled": false, "gated": false, "pipeline_tag": "text-generation", "tags": ["llama", "toolformer", "text-generation-inference", "conversational", "region:us"], "downloads": 0, "widgetData": [{"text": "Hey my name is Julien! How are you?"}, {"text": "Hey my name is Thomas! How are you?"}, {"text": "Hey my name is Mariama! How are you?"}, {"text": "Hey my name is Clara! How are you?"}, {"text": "Hey my name is Julien! How are you?"}, {"text": "Hi."}], "likes": 6, "model-index": null, "cardData": {"pipeline_tag": "conversational", "tags": ["llama", "toolformer", "text-generation-inference"]}, "siblings": [{"rfilename": ".gitattributes"}, {"rfilename": "README.md"}, {"rfilename": "ggml-toolpaca-13b-4bit.bin"}], "spaces": [], "createdAt": "2023-04-09T06:01:53.000Z", "inferenceStatus": "not-loaded"}