{"_id": "642b2bb892a20811c9f804f8", "id": "eachadea/legacy-vicuna-13b", "modelId": "eachadea/legacy-vicuna-13b", "author": "eachadea", "sha": "ac4218770a58baaaaf25201076fe082abb6ffd13", "lastModified": "2023-04-13T05:54:53.000Z", "private": false, "disabled": false, "gated": false, "pipeline_tag": "text-generation", "tags": ["transformers", "pytorch", "llama", "text-generation", "vicuna", "text-generation-inference", "autotrain_compatible", "endpoints_compatible", "region:us"], "downloads": 36, "library_name": "transformers", "widgetData": [{"text": "My name is Julien and I like to"}, {"text": "My name is Thomas and my main"}, {"text": "My name is Mariama, my favorite"}, {"text": "My name is Clara and I am"}, {"text": "My name is Lewis and I like to"}, {"text": "My name is Merve and my favorite"}, {"text": "My name is Teven and I am"}, {"text": "Once upon a time,"}], "likes": 94, "model-index": null, "config": {"architectures": ["LlamaForCausalLM"], "model_type": "llama", "tokenizer_config": {"bos_token": {"__type": "AddedToken", "content": "<s>", "lstrip": false, "normalized": true, "rstrip": false, "single_word": false}, "eos_token": {"__type": "AddedToken", "content": "</s>", "lstrip": false, "normalized": true, "rstrip": false, "single_word": false}, "pad_token": null, "unk_token": {"__type": "AddedToken", "content": "<unk>", "lstrip": false, "normalized": true, "rstrip": false, "single_word": false}}}, "cardData": {"tags": ["llama", "vicuna", "text-generation-inference"]}, "transformersInfo": {"auto_model": "AutoModelForCausalLM", "pipeline_tag": "text-generation", "processor": "AutoTokenizer"}, "siblings": [{"rfilename": ".gitattributes"}, {"rfilename": "README.md"}, {"rfilename": "config.json"}, {"rfilename": "generation_config.json"}, {"rfilename": "pytorch_model-00001-of-00003.bin"}, {"rfilename": "pytorch_model-00002-of-00003.bin"}, {"rfilename": "pytorch_model-00003-of-00003.bin"}, {"rfilename": "pytorch_model.bin.index.json"}, {"rfilename": "special_tokens_map.json"}, {"rfilename": "tokenizer.model"}, {"rfilename": "tokenizer_config.json"}], "spaces": ["open-llm-leaderboard/open_llm_leaderboard", "Intel/low_bit_open_llm_leaderboard", "BAAI/open_cn_llm_leaderboard", "gsaivinay/open_llm_leaderboard", "GTBench/GTBench", "felixz/open_llm_leaderboard", "OPTML-Group/UnlearnCanvas-Benchmark", "TechWithAnirudh/eachadea-vicuna-13b", "Vikhrmodels/small-shlepa", "b1sheng/kg_llm_leaderboard_test", "Vikhrmodels/Russian_Arena_Hard", "stanciu/eachadea-legacy-vicuna-13b", "Docfile/open_llm_leaderboard", "rodrigomasini/data_only_open_llm_leaderboard", "neubla/neubla-llm-evaluation-board", "NigelTheMaker/vicuna-13b", "stanciu/eachadea-vicuna-13b", "srijansaxena/vicuna-13b", "Austin362667/vicuna-13b", "rete-gg/eachadea-vicuna-13b", "rete-gg/hhh", "dtrejopizzo/eachadea-vicuna-13b", "moscartong/vicuna-13b", "pngwn/open_llm_leaderboard", "pngwn/open_llm_leaderboard_two", "choco9966/LeaderboardTest", "choco9966/open-ko-llm-leaderboard", "smothiki/open_llm_leaderboard", "asir0z/open_llm_leaderboard", "kbmlcoding/open_llm_leaderboard_free", "pngwn/open_llm_leaderboard-check", "0x1668/open_llm_leaderboard", "aichampions/open_llm_leaderboard", "Adeco/open_llm_leaderboard"], "createdAt": "2023-04-03T19:40:40.000Z", "inferenceStatus": "not-loaded"}