{"_id": "64b6ecf2479b934973d2b4f2", "id": "eachadea/ggml-hws-13b", "modelId": "eachadea/ggml-hws-13b", "author": "eachadea", "sha": "0d21a8421a0da4bef565657d1922763a4c417e5c", "lastModified": "2023-08-27T07:14:41.000Z", "private": false, "disabled": false, "gated": false, "pipeline_tag": "text-generation", "tags": ["text-generation", "region:us"], "downloads": 0, "widgetData": [{"text": "My name is Julien and I like to"}, {"text": "My name is Thomas and my main"}, {"text": "My name is Mariama, my favorite"}, {"text": "My name is Clara and I am"}, {"text": "My name is Lewis and I like to"}, {"text": "My name is Merve and my favorite"}, {"text": "My name is Teven and I am"}, {"text": "Once upon a time,"}], "likes": 1, "model-index": null, "cardData": {"pipeline_tag": "text-generation"}, "siblings": [{"rfilename": ".gitattributes"}, {"rfilename": "README.md"}, {"rfilename": "ggml-hws-13b-m5_0.bin"}], "spaces": [], "createdAt": "2023-07-18T19:50:10.000Z", "inferenceStatus": "not-loaded"}