{"_id": "6462270c6936c15a35a38701", "id": "eachadea/ggml-dante-2.8b", "modelId": "eachadea/ggml-dante-2.8b", "author": "eachadea", "sha": "57fcf2f7c94f13bc7289b24eec9ca79fb9026a06", "lastModified": "2023-05-15T12:47:57.000Z", "private": false, "disabled": false, "gated": false, "tags": ["region:us"], "downloads": 0, "likes": 0, "siblings": [{"rfilename": ".gitattributes"}, {"rfilename": "ggml-dante-2.8b-q5_1.bin"}, {"rfilename": "ggml-dante-2.8b-q8_0bin"}, {"rfilename": "ggml-model-f16.bin"}], "spaces": [], "createdAt": "2023-05-15T12:35:24.000Z", "inferenceStatus": "not-loaded"}