{"_id": "642b2aef74600bc5d4760d52", "id": "eachadea/legacy-ggml-vicuna-13b-4bit", "modelId": "eachadea/legacy-ggml-vicuna-13b-4bit", "author": "eachadea", "sha": "138bf5bfaffb4b903d299b5989352b4ad9ef3bfd", "lastModified": "2023-04-13T03:30:36.000Z", "private": false, "disabled": false, "gated": false, "pipeline_tag": "text-generation", "tags": ["vicuna", "llama", "text-generation-inference", "conversational", "region:us"], "downloads": 0, "widgetData": [{"text": "Hey my name is Julien! How are you?"}, {"text": "Hey my name is Thomas! How are you?"}, {"text": "Hey my name is Mariama! How are you?"}, {"text": "Hey my name is Clara! How are you?"}, {"text": "Hey my name is Julien! How are you?"}, {"text": "Hi."}], "likes": 207, "model-index": null, "cardData": {"pipeline_tag": "conversational", "tags": ["vicuna", "llama", "text-generation-inference"]}, "siblings": [{"rfilename": ".gitattributes"}, {"rfilename": "README.md"}, {"rfilename": "ggml-vicuna-13b-4bit-rev1.bin"}, {"rfilename": "ggml-vicuna-13b-4bit.bin"}], "spaces": [], "createdAt": "2023-04-03T19:37:19.000Z", "inferenceStatus": "not-loaded"}