{"_id": "6469f7983721aab2edf0ae4a", "id": "eachadea/ggml-stellar-2.8b-10", "modelId": "eachadea/ggml-stellar-2.8b-10", "author": "eachadea", "sha": "1dfbae194bbe411774e6cdea3050f569708c7522", "lastModified": "2023-05-21T11:32:28.000Z", "private": false, "disabled": false, "gated": false, "tags": ["license:cc-by-nc-sa-4.0", "region:us"], "downloads": 0, "likes": 2, "model-index": null, "cardData": {"license": "cc-by-nc-sa-4.0"}, "siblings": [{"rfilename": ".gitattributes"}, {"rfilename": "README.md"}, {"rfilename": "cc.jpg"}, {"rfilename": "cc.png.png"}, {"rfilename": "ggml-stellar-2.8b-10-q8_0.bin"}], "spaces": [], "createdAt": "2023-05-21T10:51:04.000Z", "inferenceStatus": "not-loaded"}