{"_id": "64aa579fb35f48e37d1edc50", "id": "eachadea/ggml-openchat_v2_w", "modelId": "eachadea/ggml-openchat_v2_w", "author": "eachadea", "sha": "deac3368aba4e5eb439ba341e1e023aac7cb29bd", "lastModified": "2023-07-09T07:31:33.000Z", "private": false, "disabled": false, "gated": false, "tags": ["region:us"], "downloads": 0, "likes": 5, "siblings": [{"rfilename": ".gitattributes"}, {"rfilename": "ggml-openchat_v2_w-q4_0.bin"}], "spaces": [], "createdAt": "2023-07-09T06:45:51.000Z", "inferenceStatus": "not-loaded"}