{"_id": "644a17fef3ff2cb84eb080a4", "id": "eachadea/ggml-wizardlm-7b", "modelId": "eachadea/ggml-wizardlm-7b", "author": "eachadea", "sha": "199ba5778ff00c58077a4b6d44f3840042ad2db4", "lastModified": "2023-04-27T06:50:25.000Z", "private": false, "disabled": false, "gated": false, "tags": ["region:us"], "downloads": 0, "likes": 6, "siblings": [{"rfilename": ".gitattributes"}, {"rfilename": "ggml-wizardlm-7b-q5_1.bin"}, {"rfilename": "ggml-wizardlm-7b-q8_0.bin"}], "spaces": [], "createdAt": "2023-04-27T06:36:46.000Z", "inferenceStatus": "not-loaded"}