{"_id": "650d7fc3e2c7c01fc1b6717f", "id": "eachadea/glaive-coder-7b-GGUF", "modelId": "eachadea/glaive-coder-7b-GGUF", "author": "eachadea", "sha": "6e2f318b92ccdacb76cdde6c8f5febc7f981db5d", "lastModified": "2023-09-22T12:02:10.000Z", "private": false, "disabled": false, "gated": false, "tags": ["gguf", "region:us"], "downloads": 29, "likes": 2, "siblings": [{"rfilename": ".gitattributes"}, {"rfilename": "glaive-coder-7b-Q4_K_M.gguf"}], "spaces": [], "createdAt": "2023-09-22T11:51:31.000Z", "inferenceStatus": "not-loaded"}