{"_id": "64c1445e7cbcc66e65ee195a", "id": "eadbetel/lama", "modelId": "eadbetel/lama", "author": "eadbetel", "sha": "8e6a1ed235454b65aabb2de364273d9ea1b831ff", "lastModified": "2023-07-26T16:05:50.000Z", "private": false, "disabled": false, "gated": false, "tags": ["license:openrail++", "region:us"], "downloads": 0, "likes": 0, "model-index": null, "cardData": {"license": "openrail++"}, "siblings": [{"rfilename": ".gitattributes"}, {"rfilename": "README.md"}], "spaces": [], "createdAt": "2023-07-26T16:05:50.000Z", "inferenceStatus": "not-loaded"}