{"_id": "621ffdc136468d709f17a94a", "id": "eadsa1998/distilbert-base-uncased-finetuned-dreams", "modelId": "eadsa1998/distilbert-base-uncased-finetuned-dreams", "author": "eadsa1998", "sha": "1fb3fd898407f9d802238197ef4ed76e6edfe99b", "lastModified": "2022-01-12T01:24:30.000Z", "private": false, "disabled": false, "gated": false, "tags": ["region:us"], "downloads": 0, "likes": 0, "siblings": [{"rfilename": ".gitattributes"}], "spaces": [], "createdAt": "2022-03-02T23:29:05.000Z", "inferenceStatus": "not-loaded"}