{"_id": "621ffdc136468d709f17a94d", "id": "eadsa1998/dreambert-fill-mask", "modelId": "eadsa1998/dreambert-fill-mask", "author": "eadsa1998", "sha": "3cf260ac23c34646f865760739ede041ba0f7c52", "lastModified": "2022-01-21T22:30:44.000Z", "private": false, "disabled": false, "gated": false, "pipeline_tag": "fill-mask", "tags": ["transformers", "distilbert", "fill-mask", "autotrain_compatible", "endpoints_compatible", "region:us"], "downloads": 2, "library_name": "transformers", "mask_token": "[MASK]", "widgetData": [{"text": "Paris is the [MASK] of France."}, {"text": "The goal of life is [MASK]."}], "likes": 0, "config": {"architectures": ["DistilBertForMaskedLM"], "model_type": "distilbert"}, "transformersInfo": {"auto_model": "AutoModelForMaskedLM", "pipeline_tag": "fill-mask", "processor": "AutoTokenizer"}, "siblings": [{"rfilename": ".gitattributes"}, {"rfilename": "config.json"}], "spaces": [], "createdAt": "2022-03-02T23:29:05.000Z", "inferenceStatus": "not-loaded"}