{"_id": "621ffdc136468d709f17a94c", "id": "eadsa1998/dreambert-distilbert-base-uncased-finetuned", "modelId": "eadsa1998/dreambert-distilbert-base-uncased-finetuned", "author": "eadsa1998", "sha": "a2aa14835179b08c570fc2cb8df2187cbe004df1", "lastModified": "2022-01-13T23:43:18.000Z", "private": false, "disabled": false, "gated": false, "tags": ["region:us"], "downloads": 0, "likes": 0, "siblings": [{"rfilename": ".gitattributes"}], "spaces": [], "createdAt": "2022-03-02T23:29:05.000Z", "inferenceStatus": "not-loaded"}