{"_id": "621ffdc136468d709f17a94b", "id": "eadsa1998/distilbert-base-uncased-finetuned-imdb", "modelId": "eadsa1998/distilbert-base-uncased-finetuned-imdb", "author": "eadsa1998", "sha": "dfddc3201b229ed006cc3c470189b209ce2edc36", "lastModified": "2022-01-06T16:40:06.000Z", "private": false, "disabled": false, "gated": false, "tags": ["region:us"], "downloads": 0, "likes": 0, "siblings": [{"rfilename": ".gitattributes"}], "spaces": [], "createdAt": "2022-03-02T23:29:05.000Z", "inferenceStatus": "not-loaded"}