{"_id": "6667b7eca560989cba3c4254", "id": "eafish/web-onnx", "modelId": "eafish/web-onnx", "author": "eafish", "sha": "576473dca1b5792d8c30753b21325edc4063440b", "lastModified": "2024-06-18T06:40:55.000Z", "private": false, "disabled": false, "gated": false, "tags": ["onnx", "license:mit", "region:us"], "downloads": 0, "likes": 0, "model-index": null, "cardData": {"license": "mit"}, "siblings": [{"rfilename": ".gitattributes"}, {"rfilename": "README.md"}, {"rfilename": "migan_pipeline_v2.onnx"}, {"rfilename": "rmbgfp16.onnx"}, {"rfilename": "rmbgquint8.onnx"}, {"rfilename": "rvm_mobilenetv3_fp16.onnx"}, {"rfilename": "rvm_mobilenetv3_fp32.onnx"}, {"rfilename": "rvm_mobilenetv3_fp32.ort"}], "spaces": [], "createdAt": "2024-06-11T02:35:24.000Z", "inferenceStatus": "not-loaded"}