{"_id": "649fac1ffab664ac317c2d43", "id": "Eagleknight23/TenkoRVC", "modelId": "Eagleknight23/TenkoRVC", "author": "Eagleknight23", "sha": "77e9d81e5c54507c187379bb4ffcce3b474f32d1", "lastModified": "2023-07-01T04:32:54.000Z", "private": false, "disabled": false, "gated": false, "tags": ["license:openrail", "region:us"], "downloads": 0, "likes": 0, "model-index": null, "cardData": {"license": "openrail"}, "siblings": [{"rfilename": ".gitattributes"}, {"rfilename": "README.md"}, {"rfilename": "Tenko.zip"}], "spaces": [], "createdAt": "2023-07-01T04:31:27.000Z", "inferenceStatus": "not-loaded"}