{"_id": "649d08689813ca2ced0fa22c", "id": "Eagleknight23/KingOfSkillRVC", "modelId": "Eagleknight23/KingOfSkillRVC", "author": "Eagleknight23", "sha": "a527d40ca19bff3a6be6b0c2e8c1eee9a7d6b0fa", "lastModified": "2023-06-29T04:31:59.000Z", "private": false, "disabled": false, "gated": false, "tags": ["license:openrail", "region:us"], "downloads": 0, "likes": 0, "model-index": null, "cardData": {"license": "openrail"}, "siblings": [{"rfilename": ".gitattributes"}, {"rfilename": "KingOfSkill.zip"}, {"rfilename": "README.md"}], "spaces": [], "createdAt": "2023-06-29T04:28:24.000Z", "inferenceStatus": "not-loaded"}