{"_id": "649fa9b87712e052924492bc", "id": "Eagleknight23/AngieRVC", "modelId": "Eagleknight23/AngieRVC", "author": "Eagleknight23", "sha": "5a96befefb657c705592f5c0e051e3213b96c060", "lastModified": "2023-07-01T04:22:35.000Z", "private": false, "disabled": false, "gated": false, "tags": ["license:openrail", "region:us"], "downloads": 0, "likes": 0, "model-index": null, "cardData": {"license": "openrail"}, "siblings": [{"rfilename": ".gitattributes"}, {"rfilename": "Angie.zip"}, {"rfilename": "README.md"}], "spaces": [], "createdAt": "2023-07-01T04:21:12.000Z", "inferenceStatus": "not-loaded"}