{"_id": "66498318d57fc850a9ef19c5", "id": "eaglew/COLING2024", "modelId": "eaglew/COLING2024", "author": "eaglew", "sha": "450b5608ac66e41e698d24fe5933cbede91a1fd8", "lastModified": "2024-05-19T05:53:04.000Z", "private": false, "disabled": false, "gated": false, "tags": ["region:us"], "downloads": 0, "likes": 0, "siblings": [{"rfilename": ".gitattributes"}, {"rfilename": "BEST.pth"}, {"rfilename": "test.json"}, {"rfilename": "train.json"}], "spaces": [], "createdAt": "2024-05-19T04:42:00.000Z", "inferenceStatus": "not-loaded"}