{"_id": "649d09c1f012c9f431bc7774", "id": "Eagleknight23/TCNick3Rvc", "modelId": "Eagleknight23/TCNick3Rvc", "author": "Eagleknight23", "sha": "9cca4c989fdfcdd74ec9182f8f4637a9c2b5eaaf", "lastModified": "2023-06-29T04:35:25.000Z", "private": false, "disabled": false, "gated": false, "tags": ["license:openrail", "region:us"], "downloads": 0, "likes": 0, "model-index": null, "cardData": {"license": "openrail"}, "siblings": [{"rfilename": ".gitattributes"}, {"rfilename": "README.md"}, {"rfilename": "TCNick.zip"}], "spaces": [], "createdAt": "2023-06-29T04:34:09.000Z", "inferenceStatus": "not-loaded"}