{"_id": "64c89b98ca915ffd302cba34", "id": "Eagleknight23/DrifterRVC", "modelId": "Eagleknight23/DrifterRVC", "author": "Eagleknight23", "sha": "897ce1872fa557b1083d6655b732a4a14999a76b", "lastModified": "2023-08-01T05:44:32.000Z", "private": false, "disabled": false, "gated": false, "tags": ["license:openrail", "region:us"], "downloads": 0, "likes": 0, "model-index": null, "cardData": {"license": "openrail"}, "siblings": [{"rfilename": ".gitattributes"}, {"rfilename": "Drifter.zip"}, {"rfilename": "README.md"}], "spaces": [], "createdAt": "2023-08-01T05:43:52.000Z", "inferenceStatus": "not-loaded"}