{"_id": "649fa2e72bf2e21d95606824", "id": "Eagleknight23/DribbleRVC", "modelId": "Eagleknight23/DribbleRVC", "author": "Eagleknight23", "sha": "975025e107bd7a1f4137e0bf723dbae09d59e1c0", "lastModified": "2023-07-01T03:52:56.000Z", "private": false, "disabled": false, "gated": false, "tags": ["license:openrail", "region:us"], "downloads": 0, "likes": 0, "model-index": null, "cardData": {"license": "openrail"}, "siblings": [{"rfilename": ".gitattributes"}, {"rfilename": "Dribble.zip"}, {"rfilename": "README.md"}], "spaces": [], "createdAt": "2023-07-01T03:52:07.000Z", "inferenceStatus": "not-loaded"}