{"_id": "64e125dbf6c2311e7ef98226", "id": "Eagleknight23/TerukiEng", "modelId": "Eagleknight23/TerukiEng", "author": "Eagleknight23", "sha": "d7218d5abcbbd9673b16b2563961ea728198db9f", "lastModified": "2023-08-19T20:29:28.000Z", "private": false, "disabled": false, "gated": false, "tags": ["license:openrail", "region:us"], "downloads": 0, "likes": 0, "model-index": null, "cardData": {"license": "openrail"}, "siblings": [{"rfilename": ".gitattributes"}, {"rfilename": "README.md"}, {"rfilename": "TerukiEng.zip"}], "spaces": [], "createdAt": "2023-08-19T20:28:11.000Z", "inferenceStatus": "not-loaded"}