{"_id": "64a1c4ff2925c3f551a31b42", "id": "Eagleknight23/PeterRVC", "modelId": "Eagleknight23/PeterRVC", "author": "Eagleknight23", "sha": "9128228c87ada5fdd8a4ef588ee1f2a87e18012d", "lastModified": "2023-07-02T18:42:47.000Z", "private": false, "disabled": false, "gated": false, "tags": ["license:openrail", "region:us"], "downloads": 0, "likes": 0, "model-index": null, "cardData": {"license": "openrail"}, "siblings": [{"rfilename": ".gitattributes"}, {"rfilename": "Peter.zip"}, {"rfilename": "README.md"}], "spaces": [], "createdAt": "2023-07-02T18:42:07.000Z", "inferenceStatus": "not-loaded"}