{"_id": "65c2f7680205b2e6a8329209", "id": "eagle0504/warren-buffett-annual-letters-from-1977-to-2019", "modelId": "eagle0504/warren-buffett-annual-letters-from-1977-to-2019", "author": "eagle0504", "sha": "c51dc96e604f0441681dae003164e1fbdb6bac8c", "lastModified": "2024-02-07T03:22:16.000Z", "private": false, "disabled": false, "gated": false, "tags": ["region:us"], "downloads": 0, "likes": 0, "siblings": [{"rfilename": ".gitattributes"}], "spaces": [], "createdAt": "2024-02-07T03:22:16.000Z", "inferenceStatus": "not-loaded"}