{"_id": "6256a6dcb26568008af3cfc6", "id": "eagles/focus_sum", "modelId": "eagles/focus_sum", "author": "eagles", "sha": "02eaccae435844a61ddda42bffa13ad50f5595c5", "lastModified": "2022-04-14T04:26:44.000Z", "private": false, "disabled": false, "gated": false, "pipeline_tag": "text2text-generation", "tags": ["transformers", "pytorch", "tensorboard", "mt5", "text2text-generation", "generated_from_trainer", "autotrain_compatible", "endpoints_compatible", "region:us"], "downloads": 1, "library_name": "transformers", "likes": 0, "model-index": [{"name": "focus_sum", "results": []}], "config": {"architectures": ["MT5ForConditionalGeneration"], "model_type": "mt5", "tokenizer_config": {"eos_token": "</s>", "unk_token": "<unk>", "pad_token": "<pad>"}}, "cardData": {"tags": ["generated_from_trainer"], "model-index": [{"name": "focus_sum", "results": []}]}, "transformersInfo": {"auto_model": "AutoModelForSeq2SeqLM", "pipeline_tag": "text2text-generation", "processor": "AutoTokenizer"}, "siblings": [{"rfilename": ".gitattributes"}, {"rfilename": ".gitignore"}, {"rfilename": "README.md"}, {"rfilename": "config.json"}, {"rfilename": "pytorch_model.bin"}, {"rfilename": "runs/Apr14_01-24-12_b03ff947dc19/1649899499.760733/events.out.tfevents.1649899499.b03ff947dc19.345.1"}, {"rfilename": "runs/Apr14_01-24-12_b03ff947dc19/events.out.tfevents.1649899499.b03ff947dc19.345.0"}, {"rfilename": "special_tokens_map.json"}, {"rfilename": "spiece.model"}, {"rfilename": "tokenizer.json"}, {"rfilename": "tokenizer_config.json"}, {"rfilename": "training_args.bin"}], "spaces": [], "createdAt": "2022-04-13T10:33:00.000Z", "inferenceStatus": "not-loaded"}