{"_id": "649fabb437bfb5202bf591f1", "id": "Eagleknight23/SniperMaskRVC", "modelId": "Eagleknight23/SniperMaskRVC", "author": "Eagleknight23", "sha": "1fddd01d88456c8d0e6547a4864e17da6ad5a520", "lastModified": "2023-07-01T04:30:36.000Z", "private": false, "disabled": false, "gated": false, "tags": ["license:openrail", "region:us"], "downloads": 0, "likes": 0, "model-index": null, "cardData": {"license": "openrail"}, "siblings": [{"rfilename": ".gitattributes"}, {"rfilename": "README.md"}, {"rfilename": "SniperMask.zip"}], "spaces": [], "createdAt": "2023-07-01T04:29:40.000Z", "inferenceStatus": "not-loaded"}