{"_id": "65ced227ae8c13681e0f6fc3", "id": "eagle0504/keras-dummy-functional-demo", "modelId": "eagle0504/keras-dummy-functional-demo", "author": "eagle0504", "sha": "b7d389182a5cd458710f4f0ca92953eed4c613a9", "lastModified": "2024-07-09T13:27:39.000Z", "private": false, "disabled": false, "gated": false, "tags": ["tf-keras", "region:us"], "downloads": 2, "library_name": "tf-keras", "likes": 0, "model-index": null, "cardData": {"library_name": "tf-keras"}, "siblings": [{"rfilename": ".gitattributes"}, {"rfilename": "README.md"}, {"rfilename": "fingerprint.pb"}, {"rfilename": "keras_metadata.pb"}, {"rfilename": "model.png"}, {"rfilename": "saved_model.pb"}, {"rfilename": "variables/variables.data-00000-of-00001"}, {"rfilename": "variables/variables.index"}], "spaces": [], "createdAt": "2024-02-16T03:10:31.000Z", "inferenceStatus": "not-loaded"}