{"_id": "649fa74b8347efe80030f945", "id": "Eagleknight23/ExRVC", "modelId": "Eagleknight23/ExRVC", "author": "Eagleknight23", "sha": "d5857a7f4efaa0a4d08af60277cc69d41e936e8b", "lastModified": "2023-07-01T04:12:27.000Z", "private": false, "disabled": false, "gated": false, "tags": ["license:openrail", "region:us"], "downloads": 0, "likes": 0, "model-index": null, "cardData": {"license": "openrail"}, "siblings": [{"rfilename": ".gitattributes"}, {"rfilename": "Ex.zip"}, {"rfilename": "README.md"}], "spaces": [], "createdAt": "2023-07-01T04:10:51.000Z", "inferenceStatus": "not-loaded"}