{"_id": "65c56cfc2b319ae036f236c0", "id": "eagle0504/warren-buffett-annual-letters-from-1977-to-2022", "modelId": "eagle0504/warren-buffett-annual-letters-from-1977-to-2022", "author": "eagle0504", "sha": "d309d3c0a1059ffe140f61f4dfb806edd72a2944", "lastModified": "2024-02-09T00:08:28.000Z", "private": false, "disabled": false, "gated": false, "tags": ["region:us"], "downloads": 0, "likes": 0, "siblings": [{"rfilename": ".gitattributes"}], "spaces": [], "createdAt": "2024-02-09T00:08:28.000Z", "inferenceStatus": "not-loaded"}