{"_id": "65c24486c79ecb36bedd5992", "id": "eagle0504/warren-buffett-annual-letters-1977-to-2019", "modelId": "eagle0504/warren-buffett-annual-letters-1977-to-2019", "author": "eagle0504", "sha": "da2931bc9ed34afbf5330e3260831310d35bc27b", "lastModified": "2024-02-06T14:39:02.000Z", "private": false, "disabled": false, "gated": false, "tags": ["region:us"], "downloads": 0, "likes": 0, "siblings": [{"rfilename": ".gitattributes"}], "spaces": [], "createdAt": "2024-02-06T14:39:02.000Z", "inferenceStatus": "not-loaded"}