{"_id": "65ced1ffe1c8a3d33cfa0a5d", "id": "eagle0504/keras-dummy-sequential-demo", "modelId": "eagle0504/keras-dummy-sequential-demo", "author": "eagle0504", "sha": "20d4ecf847dfcb511a3ac3b1654172826ee4fc28", "lastModified": "2024-07-09T13:27:42.000Z", "private": false, "disabled": false, "gated": false, "tags": ["tf-keras", "region:us"], "downloads": 2, "library_name": "tf-keras", "likes": 0, "model-index": null, "cardData": {"library_name": "tf-keras"}, "siblings": [{"rfilename": ".gitattributes"}, {"rfilename": "README.md"}, {"rfilename": "fingerprint.pb"}, {"rfilename": "keras_metadata.pb"}, {"rfilename": "model.png"}, {"rfilename": "saved_model.pb"}, {"rfilename": "variables/variables.data-00000-of-00001"}, {"rfilename": "variables/variables.index"}], "spaces": [], "createdAt": "2024-02-16T03:09:51.000Z", "inferenceStatus": "not-loaded"}