{"_id": "65f0b7209a71491d73a8b3af", "id": "eagle0504/larkin-web-scrape-dataset-qa-formatted-small-version", "modelId": "eagle0504/larkin-web-scrape-dataset-qa-formatted-small-version", "author": "eagle0504", "sha": "006eac55f0137d17e2505a926ddb2e1c6300f1a0", "lastModified": "2024-03-12T20:12:16.000Z", "private": false, "disabled": false, "gated": false, "tags": ["region:us"], "downloads": 0, "likes": 0, "siblings": [{"rfilename": ".gitattributes"}], "spaces": [], "createdAt": "2024-03-12T20:12:16.000Z", "inferenceStatus": "not-loaded"}