{"_id": "64ade1781aee69ece05f638a", "id": "Eagleknight23/ElfilinRVC", "modelId": "Eagleknight23/ElfilinRVC", "author": "Eagleknight23", "sha": "db68a4a5015032838493c155cbe73300fc302bdc", "lastModified": "2023-07-11T23:11:32.000Z", "private": false, "disabled": false, "gated": false, "tags": ["license:openrail", "region:us"], "downloads": 0, "likes": 0, "model-index": null, "cardData": {"license": "openrail"}, "siblings": [{"rfilename": ".gitattributes"}, {"rfilename": "Elfilin.zip"}, {"rfilename": "README.md"}], "spaces": [], "createdAt": "2023-07-11T23:10:48.000Z", "inferenceStatus": "not-loaded"}