{"_id": "649faad759c1ae90dbf5e0e9", "id": "Eagleknight23/MonomiRVC", "modelId": "Eagleknight23/MonomiRVC", "author": "Eagleknight23", "sha": "e983f0c3aff55580c492815b9b2cba12f61047dc", "lastModified": "2023-07-01T04:27:59.000Z", "private": false, "disabled": false, "gated": false, "tags": ["license:openrail", "region:us"], "downloads": 0, "likes": 0, "model-index": null, "cardData": {"license": "openrail"}, "siblings": [{"rfilename": ".gitattributes"}, {"rfilename": "Monomi.zip"}, {"rfilename": "README.md"}], "spaces": [], "createdAt": "2023-07-01T04:25:59.000Z", "inferenceStatus": "not-loaded"}