{"_id": "656bf39a8556299698c044a4", "id": "EagleConsortium/MrEagle-LoRA", "modelId": "EagleConsortium/MrEagle-LoRA", "author": "EagleConsortium", "sha": "99b9ae9c20c8717795feb06cd0a77a908883eaf4", "lastModified": "2023-12-04T03:41:07.000Z", "private": false, "disabled": false, "gated": false, "tags": ["adapter-transformers", "en", "license:mit", "region:us"], "downloads": 5, "library_name": "adapter-transformers", "likes": 0, "model-index": null, "config": {"adapter_transformers": {}}, "cardData": {"license": "mit", "language": ["en"], "library_name": "adapter-transformers"}, "siblings": [{"rfilename": ".gitattributes"}, {"rfilename": "README.md"}, {"rfilename": "adapter_config.json"}, {"rfilename": "adapter_model.bin"}, {"rfilename": "optimizer.pt"}, {"rfilename": "rng_state.pth"}, {"rfilename": "scheduler.pt"}, {"rfilename": "trainer_state.json"}, {"rfilename": "training_args.bin"}], "spaces": [], "createdAt": "2023-12-03T03:18:50.000Z", "inferenceStatus": "not-loaded"}