{"_id": "6546b9754d1931dc93e9ae93", "id": "EagleSnake/inswapper_128.onnx", "modelId": "EagleSnake/inswapper_128.onnx", "author": "EagleSnake", "sha": "c5e1a6770af2683d17b0038327de85ce01da6881", "lastModified": "2023-11-06T04:32:29.000Z", "private": false, "disabled": false, "gated": false, "tags": ["onnx", "arxiv:1910.09700", "region:us"], "downloads": 0, "likes": 0, "model-index": null, "cardData": {}, "siblings": [{"rfilename": ".gitattributes"}, {"rfilename": "README.md"}, {"rfilename": "inswapper_128.onnx"}], "spaces": [], "createdAt": "2023-11-04T21:36:53.000Z", "inferenceStatus": "not-loaded"}