{"_id": "65c58c64c3fa039f843c7956", "id": "eagle0504/warren-buffett-annual-letters-1977-2022", "modelId": "eagle0504/warren-buffett-annual-letters-1977-2022", "author": "eagle0504", "sha": "8cd2e1927f0539349634f084dd68c941fc602410", "lastModified": "2024-02-09T02:22:29.000Z", "private": false, "disabled": false, "gated": false, "tags": ["region:us"], "downloads": 0, "likes": 0, "siblings": [{"rfilename": ".gitattributes"}], "spaces": [], "createdAt": "2024-02-09T02:22:28.000Z", "inferenceStatus": "not-loaded"}