{"_id": "65d0134e95e8d86e2f66c46e", "id": "eagle0504/keras-image-captioning-flicker8-v0", "modelId": "eagle0504/keras-image-captioning-flicker8-v0", "author": "eagle0504", "sha": "6d9d47449ec04e24db24932926d9e8ba7dd4f859", "lastModified": "2024-07-09T13:27:07.000Z", "private": false, "disabled": false, "gated": false, "tags": ["tf-keras", "region:us"], "downloads": 5, "library_name": "tf-keras", "likes": 0, "model-index": null, "cardData": {"library_name": "tf-keras"}, "siblings": [{"rfilename": ".gitattributes"}, {"rfilename": "README.md"}, {"rfilename": "fingerprint.pb"}, {"rfilename": "history.json"}, {"rfilename": "keras_metadata.pb"}, {"rfilename": "model.png"}, {"rfilename": "saved_model.pb"}, {"rfilename": "variables/variables.data-00000-of-00001"}, {"rfilename": "variables/variables.index"}], "spaces": [], "createdAt": "2024-02-17T02:00:46.000Z", "inferenceStatus": "not-loaded"}