{"_id": "65f5effc5528c0b13ae7b491", "id": "eagle0504/detr-finetuned-balloon-v2", "modelId": "eagle0504/detr-finetuned-balloon-v2", "author": "eagle0504", "sha": "d75920ca93e5eef674f4d9536cff959b03c43788", "lastModified": "2024-03-16T19:16:32.000Z", "private": false, "disabled": false, "gated": false, "pipeline_tag": "object-detection", "tags": ["transformers", "safetensors", "detr", "object-detection", "arxiv:1910.09700", "endpoints_compatible", "region:us"], "downloads": 0, "library_name": "transformers", "likes": 0, "model-index": null, "config": {"architectures": ["DetrForObjectDetection"], "model_type": "detr"}, "cardData": {"library_name": "transformers", "tags": []}, "transformersInfo": {"auto_model": "AutoModelForObjectDetection", "pipeline_tag": "object-detection", "processor": "AutoImageProcessor"}, "siblings": [{"rfilename": ".gitattributes"}, {"rfilename": "README.md"}, {"rfilename": "config.json"}, {"rfilename": "model.safetensors"}, {"rfilename": "preprocessor_config.json"}], "spaces": ["eagle0504/IDP-Demo"], "createdAt": "2024-03-16T19:16:12.000Z", "safetensors": {"parameters": {"F32": 41607878}, "total": 41607878}, "inferenceStatus": "not-loaded"}