{"_id": "647538595ada8510bc4a8636", "id": "eagle13gy/path_to_saved_model", "modelId": "eagle13gy/path_to_saved_model", "author": "eagle13gy", "sha": "659b65d326bd283fea90896996198fb4d3b6a38b", "lastModified": "2023-05-30T02:02:13.000Z", "private": false, "disabled": false, "gated": false, "pipeline_tag": "text-to-image", "tags": ["diffusers", "tensorboard", "stable-diffusion", "stable-diffusion-diffusers", "text-to-image", "lora", "base_model:CompVis/stable-diffusion-v1-4", "license:creativeml-openrail-m", "region:us"], "downloads": 9, "library_name": "diffusers", "likes": 0, "model-index": null, "cardData": {"license": "creativeml-openrail-m", "base_model": "CompVis/stable-diffusion-v1-4", "instance_prompt": "a photo of sks dog", "tags": ["stable-diffusion", "stable-diffusion-diffusers", "text-to-image", "diffusers", "lora"], "inference": true}, "siblings": [{"rfilename": ".gitattributes"}, {"rfilename": "README.md"}, {"rfilename": "checkpoint-100/optimizer.bin"}, {"rfilename": "checkpoint-100/pytorch_lora_weights.bin"}, {"rfilename": "checkpoint-100/random_states_0.pkl"}, {"rfilename": "checkpoint-100/scaler.pt"}, {"rfilename": "checkpoint-100/scheduler.bin"}, {"rfilename": "checkpoint-200/optimizer.bin"}, {"rfilename": "checkpoint-200/pytorch_lora_weights.bin"}, {"rfilename": "checkpoint-200/random_states_0.pkl"}, {"rfilename": "checkpoint-200/scaler.pt"}, {"rfilename": "checkpoint-200/scheduler.bin"}, {"rfilename": "checkpoint-300/optimizer.bin"}, {"rfilename": "checkpoint-300/pytorch_lora_weights.bin"}, {"rfilename": "checkpoint-300/random_states_0.pkl"}, {"rfilename": "checkpoint-300/scaler.pt"}, {"rfilename": "checkpoint-300/scheduler.bin"}, {"rfilename": "checkpoint-400/optimizer.bin"}, {"rfilename": "checkpoint-400/pytorch_lora_weights.bin"}, {"rfilename": "checkpoint-400/random_states_0.pkl"}, {"rfilename": "checkpoint-400/scaler.pt"}, {"rfilename": "checkpoint-400/scheduler.bin"}, {"rfilename": "checkpoint-500/optimizer.bin"}, {"rfilename": "checkpoint-500/pytorch_lora_weights.bin"}, {"rfilename": "checkpoint-500/random_states_0.pkl"}, {"rfilename": "checkpoint-500/scaler.pt"}, {"rfilename": "checkpoint-500/scheduler.bin"}, {"rfilename": "image_0.png"}, {"rfilename": "image_1.png"}, {"rfilename": "image_2.png"}, {"rfilename": "image_3.png"}, {"rfilename": "logs/dreambooth/1685368165.6265147/events.out.tfevents.1685368165.DESKTOP-0REGUHK.17232.1"}, {"rfilename": "logs/dreambooth/1685368165.6289945/hparams.yml"}, {"rfilename": "logs/dreambooth/events.out.tfevents.1685368165.DESKTOP-0REGUHK.17232.0"}, {"rfilename": "pytorch_lora_weights.bin"}], "spaces": [], "createdAt": "2023-05-29T23:42:17.000Z", "inferenceStatus": "not-loaded"}