{"_id": "660f5b88203398b80dc8aec4", "id": "eagle0504/lora_model_by_yin", "modelId": "eagle0504/lora_model_by_yin", "author": "eagle0504", "sha": "105684178eb4d466ef7a7bf27021126486a50d20", "lastModified": "2024-04-05T02:01:55.000Z", "private": false, "disabled": false, "gated": false, "tags": ["transformers", "safetensors", "text-generation-inference", "unsloth", "gemma", "trl", "en", "base_model:unsloth/gemma-7b-bnb-4bit", "license:apache-2.0", "endpoints_compatible", "region:us"], "downloads": 0, "library_name": "transformers", "likes": 0, "model-index": null, "cardData": {"language": ["en"], "license": "apache-2.0", "tags": ["text-generation-inference", "transformers", "unsloth", "gemma", "trl"], "base_model": "unsloth/gemma-7b-bnb-4bit"}, "transformersInfo": {"auto_model": "AutoModel"}, "siblings": [{"rfilename": ".gitattributes"}, {"rfilename": "README.md"}, {"rfilename": "adapter_config.json"}, {"rfilename": "adapter_model.safetensors"}], "spaces": [], "createdAt": "2024-04-05T02:01:44.000Z", "inferenceStatus": "not-loaded"}