{"_id": "649fa575ca03a1a35e4508b1", "id": "Eagleknight23/MaguroRVC", "modelId": "Eagleknight23/MaguroRVC", "author": "Eagleknight23", "sha": "dedc076b28efddff3460fb36d1c900b9d58e41d7", "lastModified": "2023-07-01T04:04:00.000Z", "private": false, "disabled": false, "gated": false, "tags": ["license:openrail", "region:us"], "downloads": 0, "likes": 0, "model-index": null, "cardData": {"license": "openrail"}, "siblings": [{"rfilename": ".gitattributes"}, {"rfilename": "Maguro.zip"}, {"rfilename": "README.md"}], "spaces": [], "createdAt": "2023-07-01T04:03:01.000Z", "inferenceStatus": "not-loaded"}