{"_id": "65ce9810e1c8a3d33ce806ab", "id": "eagle0504/larkin-web-scrape-dataset-qa-formatted", "modelId": "eagle0504/larkin-web-scrape-dataset-qa-formatted", "author": "eagle0504", "sha": "d5db68ba3ea753708f7c10ec59b97688cbfe32a8", "lastModified": "2024-02-15T23:02:40.000Z", "private": false, "disabled": false, "gated": false, "tags": ["region:us"], "downloads": 0, "likes": 0, "siblings": [{"rfilename": ".gitattributes"}], "spaces": ["eagle0504/YSA-Larkin-Comm"], "createdAt": "2024-02-15T23:02:40.000Z", "inferenceStatus": "not-loaded"}