{"_id": "649fa217343399711c677c4b", "id": "Eagleknight23/SpitzRVC", "modelId": "Eagleknight23/SpitzRVC", "author": "Eagleknight23", "sha": "2aa4909003b322e32764165b23a0e9f564106edd", "lastModified": "2023-07-01T03:50:46.000Z", "private": false, "disabled": false, "gated": false, "tags": ["license:openrail", "region:us"], "downloads": 0, "likes": 0, "model-index": null, "cardData": {"license": "openrail"}, "siblings": [{"rfilename": ".gitattributes"}, {"rfilename": "README.md"}, {"rfilename": "Spitz.zip"}], "spaces": [], "createdAt": "2023-07-01T03:48:39.000Z", "inferenceStatus": "not-loaded"}