{"_id": "656d5a7d8556299698ff2d1e", "id": "EagleConsortium/MrEagle-LoRA-GGUF-quantized", "modelId": "EagleConsortium/MrEagle-LoRA-GGUF-quantized", "author": "EagleConsortium", "sha": "b4a63a7ca21765f936b314da6031eb0438174ec3", "lastModified": "2023-12-04T18:20:58.000Z", "private": false, "disabled": false, "gated": false, "tags": ["peft", "gguf", "en", "dataset:EagleConsortium/MrEagle-2126", "license:afl-3.0", "region:us"], "downloads": 318, "library_name": "peft", "likes": 1, "model-index": null, "cardData": {"license": "afl-3.0", "language": ["en"], "library_name": "peft", "datasets": ["EagleConsortium/MrEagle-2126"]}, "siblings": [{"rfilename": ".gitattributes"}, {"rfilename": "MrEagle-Q2_K.gguf"}, {"rfilename": "MrEagle-Q3_K_L.gguf"}, {"rfilename": "MrEagle-Q3_K_M.gguf"}, {"rfilename": "MrEagle-Q3_K_S.gguf"}, {"rfilename": "MrEagle-Q4_0.gguf"}, {"rfilename": "MrEagle-Q4_1.gguf"}, {"rfilename": "MrEagle-Q4_K_M.gguf"}, {"rfilename": "MrEagle-Q4_K_S.gguf"}, {"rfilename": "MrEagle-Q5_0.gguf"}, {"rfilename": "MrEagle-Q5_1.gguf"}, {"rfilename": "MrEagle-Q5_K_M.gguf"}, {"rfilename": "MrEagle-Q5_K_S.gguf"}, {"rfilename": "MrEagle-Q6_K.gguf"}, {"rfilename": "MrEagle-Q8_0.gguf"}, {"rfilename": "MrEagle-fp16.gguf"}, {"rfilename": "README.md"}], "spaces": [], "createdAt": "2023-12-04T04:50:05.000Z", "inferenceStatus": "not-loaded"}