{"_id": "649faa7eb310029e984ba8eb", "id": "Eagleknight23/MagolorRVC", "modelId": "Eagleknight23/MagolorRVC", "author": "Eagleknight23", "sha": "1301245911f873bf1b2a151d368e153180e1dbdb", "lastModified": "2023-07-01T04:25:11.000Z", "private": false, "disabled": false, "gated": false, "tags": ["license:openrail", "region:us"], "downloads": 0, "likes": 0, "model-index": null, "cardData": {"license": "openrail"}, "siblings": [{"rfilename": ".gitattributes"}, {"rfilename": "Magolor.zip"}, {"rfilename": "README.md"}], "spaces": [], "createdAt": "2023-07-01T04:24:30.000Z", "inferenceStatus": "not-loaded"}