{"_id": "649fa3fcdeeeb140dd79f91f", "id": "Eagleknight23/PuchiRVC", "modelId": "Eagleknight23/PuchiRVC", "author": "Eagleknight23", "sha": "5cbfc4afcdfe0f9e0b74c63a57b522e6d2d33e75", "lastModified": "2023-07-01T03:57:28.000Z", "private": false, "disabled": false, "gated": false, "tags": ["license:openrail", "region:us"], "downloads": 0, "likes": 0, "model-index": null, "cardData": {"license": "openrail"}, "siblings": [{"rfilename": ".gitattributes"}, {"rfilename": "Puchi.zip"}, {"rfilename": "README.md"}], "spaces": [], "createdAt": "2023-07-01T03:56:44.000Z", "inferenceStatus": "not-loaded"}