{"_id": "6600a66ca4bca9c75d7759b9", "id": "eai6/whisper-tiny-exp.en", "modelId": "eai6/whisper-tiny-exp.en", "author": "eai6", "sha": "6fbe5c968940cc235a84373447b6c8870b13352e", "lastModified": "2024-03-29T04:18:42.000Z", "private": false, "disabled": false, "gated": false, "pipeline_tag": "automatic-speech-recognition", "tags": ["transformers", "tensorboard", "safetensors", "whisper", "automatic-speech-recognition", "hf-asr-leaderboard", "generated_from_trainer", "en", "dataset:eai6/bungoma_training", "base_model:openai/whisper-tiny.en", "license:apache-2.0", "model-index", "endpoints_compatible", "region:us"], "downloads": 0, "library_name": "transformers", "likes": 0, "model-index": [{"name": "Whisper tiny", "results": [{"task": {"name": "Automatic Speech Recognition", "type": "automatic-speech-recognition"}, "dataset": {"name": "Nyansapo AI Dataset", "type": "eai6/bungoma_training", "args": "config: en, split: test"}, "metrics": [{"name": "Wer", "type": "wer", "value": 379.5513373597929, "verified": false}]}]}], "config": {"architectures": ["WhisperForConditionalGeneration"], "model_type": "whisper"}, "cardData": {"language": ["en"], "license": "apache-2.0", "base_model": "openai/whisper-tiny.en", "tags": ["hf-asr-leaderboard", "generated_from_trainer"], "datasets": ["eai6/bungoma_training"], "metrics": ["wer"], "model-index": [{"name": "Whisper tiny", "results": [{"task": {"name": "Automatic Speech Recognition", "type": "automatic-speech-recognition"}, "dataset": {"name": "Nyansapo AI Dataset", "type": "eai6/bungoma_training", "args": "config: en, split: test"}, "metrics": [{"name": "Wer", "type": "wer", "value": 379.5513373597929, "verified": false}]}]}]}, "transformersInfo": {"auto_model": "AutoModelForSpeechSeq2Seq", "pipeline_tag": "automatic-speech-recognition", "processor": "AutoProcessor"}, "siblings": [{"rfilename": ".gitattributes"}, {"rfilename": "README.md"}, {"rfilename": "config.json"}, {"rfilename": "generation_config.json"}, {"rfilename": "model.safetensors"}, {"rfilename": "preprocessor_config.json"}, {"rfilename": "runs/Mar24_18-17-15_Edwards-MacBook-Pro-2.local/events.out.tfevents.1711318637.Edwards-MacBook-Pro-2.local.97296.0"}, {"rfilename": "runs/Mar25_00-54-09_Edwards-MacBook-Pro-2.local/events.out.tfevents.1711342456.Edwards-MacBook-Pro-2.local.8489.0"}, {"rfilename": "runs/Mar29_00-05-12_Edwards-MacBook-Pro-2.local/events.out.tfevents.1711685120.Edwards-MacBook-Pro-2.local.75046.0"}, {"rfilename": "training_args.bin"}], "spaces": [], "createdAt": "2024-03-24T22:17:16.000Z", "safetensors": {"parameters": {"F32": 37760256}, "total": 37760256}, "inferenceStatus": "not-loaded"}