{"_id": "64f4df3e2de2eb105697483b", "id": "eai6/whisper-tiny.en", "modelId": "eai6/whisper-tiny.en", "author": "eai6", "sha": "335be21d825d7bfbdac55065ada221bce54a98eb", "lastModified": "2024-03-29T06:46:56.000Z", "private": false, "disabled": false, "gated": false, "pipeline_tag": "automatic-speech-recognition", "tags": ["transformers", "pytorch", "tensorboard", "safetensors", "whisper", "automatic-speech-recognition", "nyansapo_ai-asr-leaderboard", "generated_from_trainer", "en", "dataset:NyansapoAI/azure-dataset", "base_model:openai/whisper-tiny.en", "license:apache-2.0", "model-index", "endpoints_compatible", "region:us"], "downloads": 585, "library_name": "transformers", "likes": 0, "model-index": [{"name": "whisper-tiny.en", "results": [{"task": {"name": "Automatic Speech Recognition", "type": "automatic-speech-recognition"}, "dataset": {"name": "Azure-dataset", "type": "NyansapoAI/azure-dataset", "args": "split: test"}, "metrics": [{"name": "Wer", "type": "wer", "value": 44.34857635893012, "verified": false}]}]}], "config": {"architectures": ["WhisperForConditionalGeneration"], "model_type": "whisper", "tokenizer_config": {"bos_token": "<|endoftext|>", "eos_token": "<|endoftext|>", "pad_token": "<|endoftext|>", "unk_token": "<|endoftext|>"}}, "cardData": {"language": ["en"], "license": "apache-2.0", "base_model": "openai/whisper-tiny.en", "tags": ["nyansapo_ai-asr-leaderboard", "generated_from_trainer"], "datasets": ["NyansapoAI/azure-dataset"], "metrics": ["wer"], "model-index": [{"name": "whisper-tiny.en", "results": [{"task": {"name": "Automatic Speech Recognition", "type": "automatic-speech-recognition"}, "dataset": {"name": "Azure-dataset", "type": "NyansapoAI/azure-dataset", "args": "split: test"}, "metrics": [{"name": "Wer", "type": "wer", "value": 44.34857635893012, "verified": false}]}]}]}, "transformersInfo": {"auto_model": "AutoModelForSpeechSeq2Seq", "pipeline_tag": "automatic-speech-recognition", "processor": "AutoProcessor"}, "siblings": [{"rfilename": ".gitattributes"}, {"rfilename": "README.md"}, {"rfilename": "added_tokens.json"}, {"rfilename": "config.json"}, {"rfilename": "generation_config.json"}, {"rfilename": "merges.txt"}, {"rfilename": "model.safetensors"}, {"rfilename": "normalizer.json"}, {"rfilename": "preprocessor_config.json"}, {"rfilename": "pytorch_model.bin"}, {"rfilename": "runs/Mar23_16-17-56_Edwards-MacBook-Pro-2.local/events.out.tfevents.1711225116.Edwards-MacBook-Pro-2.local.80784.0"}, {"rfilename": "runs/Mar23_16-21-54_Edwards-MacBook-Pro-2.local/events.out.tfevents.1711225316.Edwards-MacBook-Pro-2.local.80784.1"}, {"rfilename": "runs/Mar23_17-38-21_Edwards-MacBook-Pro-2.local/events.out.tfevents.1711229910.Edwards-MacBook-Pro-2.local.80784.2"}, {"rfilename": "runs/Mar23_17-54-25_Edwards-MacBook-Pro-2.local/events.out.tfevents.1711230866.Edwards-MacBook-Pro-2.local.80784.3"}, {"rfilename": "runs/Mar23_17-55-32_Edwards-MacBook-Pro-2.local/events.out.tfevents.1711230933.Edwards-MacBook-Pro-2.local.80784.4"}, {"rfilename": "runs/Mar23_18-30-15_Edwards-MacBook-Pro-2.local/events.out.tfevents.1711233018.Edwards-MacBook-Pro-2.local.80784.5"}, {"rfilename": "runs/Mar23_21-06-11_Edwards-MacBook-Pro-2.local/events.out.tfevents.1711242374.Edwards-MacBook-Pro-2.local.80784.6"}, {"rfilename": "runs/Mar24_09-41-20_Edwards-MacBook-Pro-2.local/events.out.tfevents.1711287681.Edwards-MacBook-Pro-2.local.90330.0"}, {"rfilename": "runs/Mar24_12-24-44_Edwards-MacBook-Pro-2.local/events.out.tfevents.1711297484.Edwards-MacBook-Pro-2.local.91816.0"}, {"rfilename": "runs/Mar29_02-05-39_Edwards-MacBook-Pro-2.local/events.out.tfevents.1711692340.Edwards-MacBook-Pro-2.local.93542.1"}, {"rfilename": "special_tokens_map.json"}, {"rfilename": "tokenizer_config.json"}, {"rfilename": "training_args.bin"}, {"rfilename": "vocab.json"}], "spaces": [], "createdAt": "2023-09-03T19:32:14.000Z", "safetensors": {"parameters": {"F32": 37760256}, "total": 37760256}, "inferenceStatus": "not-loaded"}