{"_id": "651f7ed3fc791e23f716e063", "id": "eai6/whisper-tiny", "modelId": "eai6/whisper-tiny", "author": "eai6", "sha": "c9fa1aa704562a679b246aff4c73f9b9c916638c", "lastModified": "2023-10-06T09:20:47.000Z", "private": false, "disabled": false, "gated": false, "pipeline_tag": "automatic-speech-recognition", "tags": ["transformers", "pytorch", "whisper", "automatic-speech-recognition", "nyansapo_ai-asr-leaderboard", "generated_from_trainer", "en", "dataset:NyansapoAI/azure-dataset", "base_model:openai/whisper-tiny", "license:apache-2.0", "model-index", "endpoints_compatible", "region:us"], "downloads": 1, "library_name": "transformers", "likes": 0, "model-index": [{"name": "whisper-base.en", "results": [{"task": {"name": "Automatic Speech Recognition", "type": "automatic-speech-recognition"}, "dataset": {"name": "Azure-dataset", "type": "NyansapoAI/azure-dataset", "config": "default", "split": "test", "args": "split: test"}, "metrics": [{"name": "Wer", "type": "wer", "value": 8.585858585858585, "verified": false}]}]}], "config": {"architectures": ["WhisperForConditionalGeneration"], "model_type": "whisper", "tokenizer_config": {"bos_token": {"__type": "AddedToken", "content": "<|endoftext|>", "lstrip": false, "normalized": true, "rstrip": false, "single_word": false}, "eos_token": {"__type": "AddedToken", "content": "<|endoftext|>", "lstrip": false, "normalized": true, "rstrip": false, "single_word": false}, "pad_token": null, "unk_token": {"__type": "AddedToken", "content": "<|endoftext|>", "lstrip": false, "normalized": true, "rstrip": false, "single_word": false}}}, "cardData": {"language": ["en"], "license": "apache-2.0", "base_model": "openai/whisper-tiny", "tags": ["nyansapo_ai-asr-leaderboard", "generated_from_trainer"], "datasets": ["NyansapoAI/azure-dataset"], "metrics": ["wer"], "model-index": [{"name": "whisper-base.en", "results": [{"task": {"name": "Automatic Speech Recognition", "type": "automatic-speech-recognition"}, "dataset": {"name": "Azure-dataset", "type": "NyansapoAI/azure-dataset", "config": "default", "split": "test", "args": "split: test"}, "metrics": [{"name": "Wer", "type": "wer", "value": 8.585858585858585, "verified": false}]}]}]}, "transformersInfo": {"auto_model": "AutoModelForSpeechSeq2Seq", "pipeline_tag": "automatic-speech-recognition", "processor": "AutoProcessor"}, "siblings": [{"rfilename": ".gitattributes"}, {"rfilename": "README.md"}, {"rfilename": "added_tokens.json"}, {"rfilename": "config.json"}, {"rfilename": "generation_config.json"}, {"rfilename": "merges.txt"}, {"rfilename": "normalizer.json"}, {"rfilename": "preprocessor_config.json"}, {"rfilename": "pytorch_model.bin"}, {"rfilename": "special_tokens_map.json"}, {"rfilename": "tokenizer_config.json"}, {"rfilename": "training_args.bin"}, {"rfilename": "vocab.json"}], "spaces": [], "createdAt": "2023-10-06T03:28:19.000Z", "inferenceStatus": "not-loaded"}