{"_id": "6612fb719c0d0687a13985f4", "id": "eai6/whisper-small-bungoma.en", "modelId": "eai6/whisper-small-bungoma.en", "author": "eai6", "sha": "c1efc265784346b15a4299c2692315a9034dade7", "lastModified": "2024-04-08T03:11:35.000Z", "private": false, "disabled": false, "gated": false, "pipeline_tag": "automatic-speech-recognition", "tags": ["transformers", "tensorboard", "safetensors", "whisper", "automatic-speech-recognition", "nyansapo_ai-asr-leaderboard", "generated_from_trainer", "en", "dataset:NyansapoAI/azure-dataset", "base_model:openai/whisper-small.en", "license:apache-2.0", "endpoints_compatible", "region:us"], "downloads": 0, "library_name": "transformers", "likes": 0, "model-index": [{"name": "whisper-small-bungoma.en", "results": []}], "config": {"architectures": ["WhisperForConditionalGeneration"], "model_type": "whisper", "tokenizer_config": {"bos_token": "<|endoftext|>", "eos_token": "<|endoftext|>", "pad_token": "<|endoftext|>", "unk_token": "<|endoftext|>"}}, "cardData": {"language": ["en"], "license": "apache-2.0", "base_model": "openai/whisper-small.en", "tags": ["nyansapo_ai-asr-leaderboard", "generated_from_trainer"], "datasets": ["NyansapoAI/azure-dataset"], "model-index": [{"name": "whisper-small-bungoma.en", "results": []}]}, "transformersInfo": {"auto_model": "AutoModelForSpeechSeq2Seq", "pipeline_tag": "automatic-speech-recognition", "processor": "AutoProcessor"}, "siblings": [{"rfilename": ".gitattributes"}, {"rfilename": "README.md"}, {"rfilename": "added_tokens.json"}, {"rfilename": "config.json"}, {"rfilename": "generation_config.json"}, {"rfilename": "merges.txt"}, {"rfilename": "model.safetensors"}, {"rfilename": "normalizer.json"}, {"rfilename": "preprocessor_config.json"}, {"rfilename": "runs/Apr07_16-00-47_Edwards-MacBook-Pro-2.local/events.out.tfevents.1712520059.Edwards-MacBook-Pro-2.local.63305.0"}, {"rfilename": "runs/Apr07_19-09-23_Edwards-MacBook-Pro-2.local/events.out.tfevents.1712531387.Edwards-MacBook-Pro-2.local.65317.1"}, {"rfilename": "runs/Apr07_20-54-41_Edwards-MacBook-Pro-2.local/events.out.tfevents.1712537683.Edwards-MacBook-Pro-2.local.62045.0"}, {"rfilename": "special_tokens_map.json"}, {"rfilename": "tokenizer_config.json"}, {"rfilename": "training_args.bin"}, {"rfilename": "vocab.json"}], "spaces": [], "createdAt": "2024-04-07T20:00:49.000Z", "safetensors": {"parameters": {"F32": 241734144}, "total": 241734144}, "inferenceStatus": "not-loaded"}