{"_id": "63e1aecdf3c955e23ca38392", "id": "eai6/whisper-base", "modelId": "eai6/whisper-base", "author": "eai6", "sha": "ff028b9b57db1284a1484ac6c9ddf1dd8e7e619c", "lastModified": "2023-02-07T05:44:27.000Z", "private": false, "disabled": false, "gated": false, "pipeline_tag": "automatic-speech-recognition", "tags": ["transformers", "pytorch", "tensorboard", "whisper", "automatic-speech-recognition", "endpoints_compatible", "region:us"], "downloads": 2, "library_name": "transformers", "likes": 0, "config": {"architectures": ["WhisperForConditionalGeneration"], "model_type": "whisper", "tokenizer_config": {"bos_token": {"__type": "AddedToken", "content": "<|endoftext|>", "lstrip": false, "normalized": true, "rstrip": false, "single_word": false}, "eos_token": {"__type": "AddedToken", "content": "<|endoftext|>", "lstrip": false, "normalized": true, "rstrip": false, "single_word": false}, "pad_token": null, "unk_token": {"__type": "AddedToken", "content": "<|endoftext|>", "lstrip": false, "normalized": true, "rstrip": false, "single_word": false}}}, "transformersInfo": {"auto_model": "AutoModelForSpeechSeq2Seq", "pipeline_tag": "automatic-speech-recognition", "processor": "AutoProcessor"}, "siblings": [{"rfilename": ".gitattributes"}, {"rfilename": ".gitignore"}, {"rfilename": "added_tokens.json"}, {"rfilename": "config.json"}, {"rfilename": "merges.txt"}, {"rfilename": "normalizer.json"}, {"rfilename": "preprocessor_config.json"}, {"rfilename": "pytorch_model.bin"}, {"rfilename": "runs/Feb07_01-51-47_65c53be10f63/1675734854.826651/events.out.tfevents.1675734854.65c53be10f63.3957.1"}, {"rfilename": "runs/Feb07_01-51-47_65c53be10f63/events.out.tfevents.1675734854.65c53be10f63.3957.0"}, {"rfilename": "runs/Feb07_03-25-27_fd667ddabe9d/1675740407.650187/events.out.tfevents.1675740407.fd667ddabe9d.6296.1"}, {"rfilename": "runs/Feb07_03-25-27_fd667ddabe9d/events.out.tfevents.1675740407.fd667ddabe9d.6296.0"}, {"rfilename": "special_tokens_map.json"}, {"rfilename": "tokenizer_config.json"}, {"rfilename": "training_args.bin"}, {"rfilename": "vocab.json"}], "spaces": [], "createdAt": "2023-02-07T01:52:13.000Z", "inferenceStatus": "not-loaded"}