{"_id": "6544fe4a25d1917053b38cdf", "id": "ealanis/trial-model", "modelId": "ealanis/trial-model", "author": "ealanis", "sha": "82e0412293d0590e8bcd0b426a0a2d5f4fb61b26", "lastModified": "2023-11-03T14:08:55.000Z", "private": false, "disabled": false, "gated": false, "pipeline_tag": "text-classification", "tags": ["transformers", "tensorboard", "safetensors", "roberta", "text-classification", "generated_from_trainer", "base_model:roberta-base", "license:mit", "autotrain_compatible", "endpoints_compatible", "region:us"], "downloads": 2, "library_name": "transformers", "mask_token": "<mask>", "widgetData": [{"text": "I like you. I love you"}], "likes": 0, "model-index": [{"name": "trial-model", "results": []}], "config": {"architectures": ["RobertaForSequenceClassification"], "model_type": "roberta", "tokenizer_config": {"bos_token": "<s>", "cls_token": "<s>", "eos_token": "</s>", "mask_token": "<mask>", "pad_token": "<pad>", "sep_token": "</s>", "unk_token": "<unk>"}}, "cardData": {"license": "mit", "base_model": "roberta-base", "tags": ["generated_from_trainer"], "metrics": ["f1"], "model-index": [{"name": "trial-model", "results": []}]}, "transformersInfo": {"auto_model": "AutoModelForSequenceClassification", "pipeline_tag": "text-classification", "processor": "AutoTokenizer"}, "siblings": [{"rfilename": ".gitattributes"}, {"rfilename": "README.md"}, {"rfilename": "config.json"}, {"rfilename": "merges.txt"}, {"rfilename": "model.safetensors"}, {"rfilename": "runs/Nov03_13-59-03_9725417c5f3e/events.out.tfevents.1699020185.9725417c5f3e.1007.0"}, {"rfilename": "runs/Nov03_13-59-03_9725417c5f3e/events.out.tfevents.1699020271.9725417c5f3e.1007.1"}, {"rfilename": "special_tokens_map.json"}, {"rfilename": "tokenizer.json"}, {"rfilename": "tokenizer_config.json"}, {"rfilename": "training_args.bin"}, {"rfilename": "vocab.json"}], "spaces": [], "createdAt": "2023-11-03T14:06:02.000Z", "safetensors": {"parameters": {"F32": 124647939}, "total": 124647939}, "inferenceStatus": "not-loaded"}