{"_id": "62311d2ab43b2177c77f4ba0", "id": "EALeon16/electricidad-small-finetuned-poems-classification", "modelId": "EALeon16/electricidad-small-finetuned-poems-classification", "author": "EALeon16", "sha": "be8d8dacfb0801b4e7091b7b5b250c7559bcb6e9", "lastModified": "2022-03-15T23:11:38.000Z", "private": false, "disabled": false, "gated": false, "tags": ["region:us"], "downloads": 0, "likes": 0, "siblings": [{"rfilename": ".gitattributes"}], "spaces": [], "createdAt": "2022-03-15T23:11:38.000Z", "inferenceStatus": "not-loaded"}