{"_id": "65c10381091bd4e410c3933d", "id": "ealeyner/m1", "modelId": "ealeyner/m1", "author": "ealeyner", "sha": "2bcc0979b046c87562e8d276170627a6ce714f50", "lastModified": "2024-02-05T15:49:21.000Z", "private": false, "disabled": false, "gated": false, "tags": ["license:apache-2.0", "region:us"], "downloads": 0, "likes": 0, "model-index": null, "cardData": {"license": "apache-2.0"}, "siblings": [{"rfilename": ".gitattributes"}, {"rfilename": "README.md"}], "spaces": [], "createdAt": "2024-02-05T15:49:21.000Z", "inferenceStatus": "not-loaded"}