{"_id": "6234feef6e1d0e81298f8859", "id": "EALeon16/roberta-base-bne-sqac-finetuned-poems-classification", "modelId": "EALeon16/roberta-base-bne-sqac-finetuned-poems-classification", "author": "EALeon16", "sha": "310c72b13b6d5f6ce6179de739e9f85d518c5a87", "lastModified": "2022-03-18T21:51:43.000Z", "private": false, "disabled": false, "gated": false, "tags": ["region:us"], "downloads": 0, "likes": 0, "siblings": [{"rfilename": ".gitattributes"}], "spaces": [], "createdAt": "2022-03-18T21:51:43.000Z", "inferenceStatus": "not-loaded"}