{"_id": "666a2cb269a08ea4aaa4c4b0", "id": "eamonmckenna/whisper-medium-ga-ie-welsh-cpu-5000", "modelId": "eamonmckenna/whisper-medium-ga-ie-welsh-cpu-5000", "author": "eamonmckenna", "sha": "e0fb76c0614226efcc41df96840456d2d721206b", "lastModified": "2024-06-21T18:44:42.000Z", "private": false, "disabled": false, "gated": false, "pipeline_tag": "automatic-speech-recognition", "tags": ["transformers", "tensorboard", "safetensors", "whisper", "automatic-speech-recognition", "endpoints_compatible", "region:us"], "downloads": 1, "library_name": "transformers", "likes": 0, "config": {"architectures": ["WhisperForConditionalGeneration"], "model_type": "whisper"}, "transformersInfo": {"auto_model": "AutoModelForSpeechSeq2Seq", "pipeline_tag": "automatic-speech-recognition", "processor": "AutoProcessor"}, "siblings": [{"rfilename": ".gitattributes"}, {"rfilename": "config.json"}, {"rfilename": "model.safetensors"}, {"rfilename": "preprocessor_config.json"}, {"rfilename": "runs/Jun13_00-18-09_PC/events.out.tfevents.1718234291.PC.4119.0"}, {"rfilename": "training_args.bin"}], "spaces": [], "createdAt": "2024-06-12T23:18:10.000Z", "safetensors": {"parameters": {"F32": 763857920}, "total": 763857920}, "inferenceStatus": "not-loaded"}