{"_id": "63cec25f84640987fa0bbb5c", "id": "eapiwork/saved_models", "modelId": "eapiwork/saved_models", "author": "eapiwork", "sha": "dac011a39eb5cdd726684d0b3c7fc1f2b5623ff9", "lastModified": "2023-01-23T17:56:49.000Z", "private": false, "disabled": false, "gated": false, "tags": ["region:us"], "downloads": 0, "likes": 0, "siblings": [{"rfilename": ".gitattributes"}, {"rfilename": "ColorizeArtistic_gen.pth"}, {"rfilename": "ColorizeVideo_gen.pth"}, {"rfilename": "NAFNet-REDS-width64.pth"}, {"rfilename": "NAFNet-SIDD-width64.pth"}, {"rfilename": "checkpoints/IFRNet/IFRNet_GoPro.pth"}, {"rfilename": "checkpoints/IFRNet/IFRNet_Vimeo90K.pth"}, {"rfilename": "checkpoints/IFRNet_large/IFRNet_L_GoPro.pth"}, {"rfilename": "checkpoints/IFRNet_large/IFRNet_L_Vimeo90K.pth"}, {"rfilename": "checkpoints/IFRNet_small/IFRNet_S_GoPro.pth"}, {"rfilename": "checkpoints/IFRNet_small/IFRNet_S_Vimeo90K.pth"}], "spaces": [], "createdAt": "2023-01-23T17:22:39.000Z", "inferenceStatus": "not-loaded"}