{"_id": "63aac027398f03212117b4e4", "id": "eaqui/wav2vec2-base-demo-colab", "modelId": "eaqui/wav2vec2-base-demo-colab", "author": "eaqui", "sha": "9a34fc35ba30cd48b7e47035a0e2984176ee7f3c", "lastModified": "2022-12-28T12:10:23.000Z", "private": false, "disabled": false, "gated": false, "pipeline_tag": "automatic-speech-recognition", "tags": ["transformers", "pytorch", "tensorboard", "wav2vec2", "automatic-speech-recognition", "generated_from_trainer", "license:apache-2.0", "endpoints_compatible", "region:us"], "downloads": 4, "library_name": "transformers", "likes": 1, "model-index": [{"name": "wav2vec2-base-demo-colab", "results": []}], "config": {"architectures": ["Wav2Vec2ForCTC"], "model_type": "wav2vec2", "tokenizer_config": {"bos_token": "<s>", "eos_token": "</s>", "pad_token": "[PAD]", "unk_token": "[UNK]"}}, "cardData": {"license": "apache-2.0", "tags": ["generated_from_trainer"], "metrics": ["wer"], "model-index": [{"name": "wav2vec2-base-demo-colab", "results": []}]}, "transformersInfo": {"auto_model": "AutoModelForCTC", "pipeline_tag": "automatic-speech-recognition", "processor": "AutoProcessor"}, "siblings": [{"rfilename": ".gitattributes"}, {"rfilename": ".gitignore"}, {"rfilename": "README.md"}, {"rfilename": "config.json"}, {"rfilename": "preprocessor_config.json"}, {"rfilename": "pytorch_model.bin"}, {"rfilename": "runs/Dec27_09-52-13_706361bbf42b/1672134901.1371748/events.out.tfevents.1672134901.706361bbf42b.305.5"}, {"rfilename": "runs/Dec27_09-52-13_706361bbf42b/events.out.tfevents.1672134901.706361bbf42b.305.4"}, {"rfilename": "runs/Dec27_10-07-21_706361bbf42b/1672135715.3241863/events.out.tfevents.1672135715.706361bbf42b.305.7"}, {"rfilename": "runs/Dec27_10-07-21_706361bbf42b/events.out.tfevents.1672135715.706361bbf42b.305.6"}, {"rfilename": "runs/Dec28_11-17-20_236394d1e093/1672226452.6159332/events.out.tfevents.1672226452.236394d1e093.101.1"}, {"rfilename": "runs/Dec28_11-17-20_236394d1e093/events.out.tfevents.1672226452.236394d1e093.101.0"}, {"rfilename": "special_tokens_map.json"}, {"rfilename": "tokenizer_config.json"}, {"rfilename": "training_args.bin"}, {"rfilename": "vocab.json"}], "spaces": [], "createdAt": "2022-12-27T09:51:35.000Z", "inferenceStatus": "not-loaded"}