{"_id": "64a00cf42a66ec7d77f53b9d", "id": "EAraid12/Cartwright", "modelId": "EAraid12/Cartwright", "author": "EAraid12", "sha": "163d4fab477875622c2dcb8425bdc676658a8537", "lastModified": "2023-07-01T11:25:25.000Z", "private": false, "disabled": false, "gated": false, "tags": ["license:openrail", "region:us"], "downloads": 0, "likes": 0, "model-index": null, "cardData": {"license": "openrail"}, "siblings": [{"rfilename": ".gitattributes"}, {"rfilename": "JayModel.zip"}, {"rfilename": "README.md"}], "spaces": [], "createdAt": "2023-07-01T11:24:36.000Z", "inferenceStatus": "not-loaded"}