{"_id": "649ef37767cf08524f366178", "id": "EAraid12/JoeHawley", "modelId": "EAraid12/JoeHawley", "author": "EAraid12", "sha": "73c461ee4ca5aa2dd8e2835b6c939fac11d8d552", "lastModified": "2023-06-30T15:25:08.000Z", "private": false, "disabled": false, "gated": false, "tags": ["license:openrail", "region:us"], "downloads": 0, "likes": 0, "model-index": null, "cardData": {"license": "openrail"}, "siblings": [{"rfilename": ".gitattributes"}, {"rfilename": "JoeModel.zip"}, {"rfilename": "README.md"}], "spaces": [], "createdAt": "2023-06-30T15:23:35.000Z", "inferenceStatus": "not-loaded"}