{"_id": "64972936410dc4174526e055", "id": "EAraid12/CollingwoodRVC", "modelId": "EAraid12/CollingwoodRVC", "author": "EAraid12", "sha": "707d7d0345b2eecc794e558f2e9102da202397d8", "lastModified": "2023-06-24T17:36:25.000Z", "private": false, "disabled": false, "gated": false, "tags": ["license:openrail", "region:us"], "downloads": 0, "likes": 0, "model-index": null, "cardData": {"license": "openrail"}, "siblings": [{"rfilename": ".gitattributes"}, {"rfilename": "Chris.zip"}, {"rfilename": "README.md"}], "spaces": [], "createdAt": "2023-06-24T17:34:46.000Z", "inferenceStatus": "not-loaded"}