{"_id": "64a9be29564dcbe66a18a2b5", "id": "earentilt/LunarLander-v2", "modelId": "earentilt/LunarLander-v2", "author": "earentilt", "sha": "6306c385becd864b2b872b5296cb34cd86b7765b", "lastModified": "2023-07-08T20:36:04.000Z", "private": false, "disabled": false, "gated": false, "pipeline_tag": "reinforcement-learning", "tags": ["stable-baselines3", "LunarLander-v2", "deep-reinforcement-learning", "reinforcement-learning", "model-index", "region:us"], "downloads": 0, "library_name": "stable-baselines3", "likes": 0, "model-index": [{"name": "PPO", "results": [{"task": {"type": "reinforcement-learning", "name": "reinforcement-learning"}, "dataset": {"name": "LunarLander-v2", "type": "LunarLander-v2"}, "metrics": [{"type": "mean_reward", "value": "286.97 +/- 14.09", "name": "mean_reward", "verified": false}]}]}], "config": {}, "cardData": {"library_name": "stable-baselines3", "tags": ["LunarLander-v2", "deep-reinforcement-learning", "reinforcement-learning", "stable-baselines3"], "model-index": [{"name": "PPO", "results": [{"task": {"type": "reinforcement-learning", "name": "reinforcement-learning"}, "dataset": {"name": "LunarLander-v2", "type": "LunarLander-v2"}, "metrics": [{"type": "mean_reward", "value": "286.97 +/- 14.09", "name": "mean_reward", "verified": false}]}]}]}, "siblings": [{"rfilename": ".gitattributes"}, {"rfilename": "PPO-LunarLander-v2.zip"}, {"rfilename": "PPO-LunarLander-v2/_stable_baselines3_version"}, {"rfilename": "PPO-LunarLander-v2/data"}, {"rfilename": "PPO-LunarLander-v2/policy.optimizer.pth"}, {"rfilename": "PPO-LunarLander-v2/policy.pth"}, {"rfilename": "PPO-LunarLander-v2/pytorch_variables.pth"}, {"rfilename": "PPO-LunarLander-v2/system_info.txt"}, {"rfilename": "README.md"}, {"rfilename": "config.json"}, {"rfilename": "replay.mp4"}, {"rfilename": "results.json"}], "spaces": [], "createdAt": "2023-07-08T19:51:05.000Z", "inferenceStatus": "not-loaded"}