{"_id": "65eb05d7f4533fbd1e201309", "id": "earnist210222/5FKcDLn23jRq2MYkX7xZ1E2nvEgQ4vYdxN3AGMMNCfMLTFVE_vgg", "modelId": "earnist210222/5FKcDLn23jRq2MYkX7xZ1E2nvEgQ4vYdxN3AGMMNCfMLTFVE_vgg", "author": "earnist210222", "sha": "fa9641cd8eb358ed6f96b08807734146cfdbc717", "lastModified": "2024-03-08T19:15:28.000Z", "private": false, "disabled": false, "gated": false, "tags": ["tf-keras", "region:us"], "downloads": 2, "library_name": "tf-keras", "likes": 0, "siblings": [{"rfilename": ".gitattributes"}, {"rfilename": "fingerprint.pb"}, {"rfilename": "keras_metadata.pb"}, {"rfilename": "saved_model.pb"}, {"rfilename": "variables/variables.data-00000-of-00001"}, {"rfilename": "variables/variables.index"}, {"rfilename": "variables/variables_temp/part-00000-of-00001.data-00000-of-00001"}], "spaces": [], "createdAt": "2024-03-08T12:34:31.000Z", "inferenceStatus": "not-loaded"}