{"_id": "65eb056085f9ea5eb527c945", "id": "earnist210222/5EwAkLwF8QN1SswijHZ7ienV8cNZXszPmfeqDfaXf2JUYMq2_vgg", "modelId": "earnist210222/5EwAkLwF8QN1SswijHZ7ienV8cNZXszPmfeqDfaXf2JUYMq2_vgg", "author": "earnist210222", "sha": "72251f399ed9effac965dc9b3107d6a0e201a2c0", "lastModified": "2024-03-08T19:13:50.000Z", "private": false, "disabled": false, "gated": false, "tags": ["tf-keras", "region:us"], "downloads": 2, "library_name": "tf-keras", "likes": 0, "siblings": [{"rfilename": ".gitattributes"}, {"rfilename": "fingerprint.pb"}, {"rfilename": "keras_metadata.pb"}, {"rfilename": "saved_model.pb"}, {"rfilename": "variables/variables.data-00000-of-00001"}, {"rfilename": "variables/variables.index"}, {"rfilename": "variables/variables_temp/part-00000-of-00001.data-00000-of-00001"}], "spaces": [], "createdAt": "2024-03-08T12:32:32.000Z", "inferenceStatus": "not-loaded"}