{"_id": "65eb05057e0d3a858c3643d3", "id": "earnist210222/5HL1JyxG3ixVT3iHnHGZuL4NPqCsUwwZ7E2cGZv5apE7PPBC_vgg", "modelId": "earnist210222/5HL1JyxG3ixVT3iHnHGZuL4NPqCsUwwZ7E2cGZv5apE7PPBC_vgg", "author": "earnist210222", "sha": "ed6f6039bebe5ffe4510ed9bd763db275c8e22e6", "lastModified": "2024-03-08T19:12:39.000Z", "private": false, "disabled": false, "gated": false, "tags": ["tf-keras", "region:us"], "downloads": 2, "library_name": "tf-keras", "likes": 0, "siblings": [{"rfilename": ".gitattributes"}, {"rfilename": "fingerprint.pb"}, {"rfilename": "keras_metadata.pb"}, {"rfilename": "saved_model.pb"}, {"rfilename": "variables/variables.data-00000-of-00001"}, {"rfilename": "variables/variables.index"}, {"rfilename": "variables/variables_temp/part-00000-of-00001.data-00000-of-00001"}], "spaces": [], "createdAt": "2024-03-08T12:31:01.000Z", "inferenceStatus": "not-loaded"}