{"_id": "65eb0543f6e4daf45aa72660", "id": "earnist210222/5GeZcenUyiYBahnQ8pJULsvg4gSUBNM6prLyzQbcxdGze4Fg_vgg", "modelId": "earnist210222/5GeZcenUyiYBahnQ8pJULsvg4gSUBNM6prLyzQbcxdGze4Fg_vgg", "author": "earnist210222", "sha": "87fa0d21af0176f8b1fa29b175dfe7cc57a4b965", "lastModified": "2024-03-08T19:13:27.000Z", "private": false, "disabled": false, "gated": false, "tags": ["tf-keras", "region:us"], "downloads": 2, "library_name": "tf-keras", "likes": 0, "siblings": [{"rfilename": ".gitattributes"}, {"rfilename": "fingerprint.pb"}, {"rfilename": "keras_metadata.pb"}, {"rfilename": "saved_model.pb"}, {"rfilename": "variables/variables.data-00000-of-00001"}, {"rfilename": "variables/variables.index"}, {"rfilename": "variables/variables_temp/part-00000-of-00001.data-00000-of-00001"}], "spaces": [], "createdAt": "2024-03-08T12:32:03.000Z", "inferenceStatus": "not-loaded"}