{"_id": "65eb060ceabe443446f99ce9", "id": "earnist210222/5Dt1urCsjmrfJM4KPxRcxoU4B4yNxiLbJgkGJnZMFbaPugVg_vgg", "modelId": "earnist210222/5Dt1urCsjmrfJM4KPxRcxoU4B4yNxiLbJgkGJnZMFbaPugVg_vgg", "author": "earnist210222", "sha": "25f11b0ac725b52a5fea4c77b809bcad953a6e76", "lastModified": "2024-03-08T19:16:26.000Z", "private": false, "disabled": false, "gated": false, "tags": ["tf-keras", "region:us"], "downloads": 2, "library_name": "tf-keras", "likes": 0, "siblings": [{"rfilename": ".gitattributes"}, {"rfilename": "fingerprint.pb"}, {"rfilename": "keras_metadata.pb"}, {"rfilename": "saved_model.pb"}, {"rfilename": "variables/variables.data-00000-of-00001"}, {"rfilename": "variables/variables.index"}, {"rfilename": "variables/variables_temp/part-00000-of-00001.data-00000-of-00001"}], "spaces": [], "createdAt": "2024-03-08T12:35:24.000Z", "inferenceStatus": "not-loaded"}