{"_id": "65eb0494f04cdd319874c5e2", "id": "earnist210222/5DaSkmAmE7PY8epLU1BsuCkL3m5KLafWRh2y7PWVyu5V6N1u_vgg", "modelId": "earnist210222/5DaSkmAmE7PY8epLU1BsuCkL3m5KLafWRh2y7PWVyu5V6N1u_vgg", "author": "earnist210222", "sha": "0ff46098e4e82a46f6058a025d29fb8da25ad6de", "lastModified": "2024-03-08T19:11:06.000Z", "private": false, "disabled": false, "gated": false, "tags": ["tf-keras", "region:us"], "downloads": 1, "library_name": "tf-keras", "likes": 0, "siblings": [{"rfilename": ".gitattributes"}, {"rfilename": "fingerprint.pb"}, {"rfilename": "keras_metadata.pb"}, {"rfilename": "saved_model.pb"}, {"rfilename": "variables/variables.data-00000-of-00001"}, {"rfilename": "variables/variables.index"}, {"rfilename": "variables/variables_temp/part-00000-of-00001.data-00000-of-00001"}], "spaces": [], "createdAt": "2024-03-08T12:29:08.000Z", "inferenceStatus": "not-loaded"}