{"_id": "65eb05f12943230f4396324a", "id": "earnist210222/5EU2iMLRkgDkGjLisWtKmNbo3wCqg4y2a1Nd4ZpXJvCXDJWi_vgg", "modelId": "earnist210222/5EU2iMLRkgDkGjLisWtKmNbo3wCqg4y2a1Nd4ZpXJvCXDJWi_vgg", "author": "earnist210222", "sha": "027e2f802d6b51d1c83066957dcff778ad10e228", "lastModified": "2024-03-08T19:15:59.000Z", "private": false, "disabled": false, "gated": false, "tags": ["tf-keras", "region:us"], "downloads": 2, "library_name": "tf-keras", "likes": 0, "siblings": [{"rfilename": ".gitattributes"}, {"rfilename": "fingerprint.pb"}, {"rfilename": "keras_metadata.pb"}, {"rfilename": "saved_model.pb"}, {"rfilename": "variables/variables.data-00000-of-00001"}, {"rfilename": "variables/variables.index"}, {"rfilename": "variables/variables_temp/part-00000-of-00001.data-00000-of-00001"}], "spaces": [], "createdAt": "2024-03-08T12:34:57.000Z", "inferenceStatus": "not-loaded"}