{"_id": "65e172c230160b4c5f4e106d", "id": "earrw0rm/anitavoice", "modelId": "earrw0rm/anitavoice", "author": "earrw0rm", "sha": "a867a1e6fd51f16e8fddf93c50aeb843166e4667", "lastModified": "2024-03-01T06:27:50.000Z", "private": false, "disabled": false, "gated": false, "tags": ["license:unknown", "region:us"], "downloads": 0, "likes": 0, "model-index": null, "cardData": {"license": "unknown"}, "siblings": [{"rfilename": ".gitattributes"}, {"rfilename": "README.md"}, {"rfilename": "added_IVF1284_Flat_nprobe_1_anitavoice_v2.index"}, {"rfilename": "anitavoice.pth"}, {"rfilename": "anitavoice.zip"}], "spaces": [], "createdAt": "2024-03-01T06:16:34.000Z", "inferenceStatus": "not-loaded"}