{"_id": "65e2a11ead42606f6f4f6d61", "id": "earrw0rm/Kassandra", "modelId": "earrw0rm/Kassandra", "author": "earrw0rm", "sha": "e1525374b595c3f5206cfc70d150c2eb762b7cd4", "lastModified": "2024-03-02T08:09:28.000Z", "private": false, "disabled": false, "gated": false, "tags": ["region:us"], "downloads": 0, "likes": 0, "siblings": [{"rfilename": ".gitattributes"}, {"rfilename": "kassandra.zip"}, {"rfilename": "kassandravoice.zip"}], "spaces": [], "createdAt": "2024-03-02T03:46:38.000Z", "inferenceStatus": "not-loaded"}