{"_id": "65707ff5907d85eaa58628dd", "id": "Earrr/GB", "modelId": "Earrr/GB", "author": "Earrr", "sha": "c121c1865ec05d1716373fee5efbd5dcfb274624", "lastModified": "2024-02-14T05:32:27.000Z", "private": false, "disabled": false, "gated": false, "tags": ["region:us"], "downloads": 0, "likes": 0, "siblings": [{"rfilename": ".gitattributes"}, {"rfilename": "pixelpaintBeautiful_v10.safetensors"}, {"rfilename": "sdxl_bmxdw1.safetensors"}, {"rfilename": "sdxl_bmxdw_mix.fp16.safetensors"}, {"rfilename": "sdxl_lora\u6a21\u578b\u8bf4\u660e.txt"}, {"rfilename": "xyz_grid-0958-735957290-snowman111,no humans,solo,simple background,black background,full body,(looking at viewer_1.4),straight-on,snowman,_lora_sdxl_bm.png"}, {"rfilename": "\u53c2\u6570\u793a\u4f8b.png"}], "spaces": [], "createdAt": "2023-12-06T14:06:45.000Z", "inferenceStatus": "not-loaded"}