{"_id": "656165d18fb38d71f7308a65", "id": "EarthnDusk/DecemberBackMixes", "modelId": "EarthnDusk/DecemberBackMixes", "author": "EarthnDusk", "sha": "67ce16ff81de2808393275528ad35cce1a31c934", "lastModified": "2023-12-09T02:36:49.000Z", "private": false, "disabled": false, "gated": false, "pipeline_tag": "text-to-image", "tags": ["stable diffusion", "anime", "comic books", "illustration", "text-to-image", "en", "dataset:EarthnDusk/Creative-Embeddings-OLD", "license:creativeml-openrail-m", "region:us"], "downloads": 0, "likes": 0, "model-index": null, "cardData": {"license": "creativeml-openrail-m", "datasets": ["EarthnDusk/Creative-Embeddings-OLD"], "language": ["en"], "pipeline_tag": "text-to-image", "tags": ["stable diffusion", "anime", "comic books", "illustration"]}, "siblings": [{"rfilename": " BigFizzV25.safetensors"}, {"rfilename": " BigFizzV25final.safetensors"}, {"rfilename": ".gitattributes"}, {"rfilename": "Agenda35-Backmix1.safetensors"}, {"rfilename": "Agenda35-Backmix2.safetensors"}, {"rfilename": "AgendaMix35-Alpha-1606-1765-0348.safetensors"}, {"rfilename": "AgendaMix35-Alpha.safetensors"}, {"rfilename": "AgendaMixBetaXL.fp16.safetensors"}, {"rfilename": "AgendaMixThetaXL.fp16.safetensors"}, {"rfilename": "AgendaMixXL-Alpha.fp16.safetensors"}, {"rfilename": "AgendaMixXL-PreAlpha.fp16.safetensors"}, {"rfilename": "AgendaMixXLBackMix.fp16.safetensors"}, {"rfilename": "AgendaXL-Alpha001.fp16.safetensors"}, {"rfilename": "BackMixSDXL.fp16.safetensors"}, {"rfilename": "BigFizz2pt3.fp16.safetensors"}, {"rfilename": "ColorFantasyUpdate.safetensors"}, {"rfilename": "DauntlessXL-Alpha.fp16.safetensors"}, {"rfilename": "DauntlessXL-PreAlpha.fp16.safetensors"}, {"rfilename": "Dauntlessv11-Test.safetensors"}, {"rfilename": "DuskAnimated2-5.safetensors"}, {"rfilename": "DuskAnimated25.safetensors"}, {"rfilename": "DuskAnimated25Ice.safetensors"}, {"rfilename": "DuskAnimated2pt5.safetensors"}, {"rfilename": "DuskAnimatedXL-15.fp16.safetensors"}, {"rfilename": "DuskHolidayMix.safetensors"}, {"rfilename": "DuskHolidayMixFinal.safetensors"}, {"rfilename": "DuskMix-Anime.fp16.safetensors"}, {"rfilename": "DuskMix-Anime12-Beta.fp16.safetensors"}, {"rfilename": "DuskMix-Anime15XL.fp16.safetensors"}, {"rfilename": "DuskMixIllustration15.fp16.safetensors"}, {"rfilename": "DuskUntitledCheckCivitMOdelCard.fp16.safetensors"}, {"rfilename": "DuskXmasMixTest.safetensors"}, {"rfilename": "DuskXmasMixTestA.safetensors"}, {"rfilename": "EarthAniFlat13.safetensors"}, {"rfilename": "EarthAniFlat14.safetensors"}, {"rfilename": "EarthAniFlat15.safetensors"}, {"rfilename": "EarthAniFlat16-1984-1857-2986.safetensors"}, {"rfilename": "EarthAniFlat16.safetensors"}, {"rfilename": "EarthAniMix2N3XT.fp16.safetensors"}, {"rfilename": "ErthEeeMixA.safetensors"}, {"rfilename": "ErthEnvyBeeMixA.safetensors"}, {"rfilename": "ErthEnvyBeeMixC.safetensors"}, {"rfilename": "ErthEnvyBeeMixD.safetensors"}, {"rfilename": "ErthEnvyBeeMixTestA.safetensors"}, {"rfilename": "Hellaine1pt5.safetensors"}, {"rfilename": "HolidayAnimeBackMix.safetensors"}, {"rfilename": "HolidayAnimeMix.safetensors"}, {"rfilename": "ID35-BETA.safetensors"}, {"rfilename": "ID35-THETA.safetensors"}, {"rfilename": "IDT35-Alpha.safetensors"}, {"rfilename": "Icetea45A.safetensors"}, {"rfilename": "IdentityDisorderv3pt5.safetensors"}, {"rfilename": "NSFWBackMix.safetensors"}, {"rfilename": "NagiMix12-Test.safetensors"}, {"rfilename": "OseaAnimatedXL-Alpha1.fp16.safetensors"}, {"rfilename": "OseaOGIllusSpecial.fp16.safetensors"}, {"rfilename": "PorcelainDuskMixNextA.safetensors"}, {"rfilename": "PorcelainTestFinal-1225-1877-0129.safetensors"}, {"rfilename": "PsychogenDreamv15-1812-0436-1324.safetensors"}, {"rfilename": "README.md"}, {"rfilename": "RealitySucksBackMix.safetensors"}, {"rfilename": "RealitySucksBackMix2.safetensors"}, {"rfilename": "RealitySucksBackMix3.safetensors"}, {"rfilename": "RealitySucksBackMix4.safetensors"}, {"rfilename": "RealitySucksBackMix5.safetensors"}, {"rfilename": "RealitySucksv15.safetensors"}, {"rfilename": "SevanAltMix45.fp16.safetensors"}, {"rfilename": "SpeightsDuskWhateverTest.safetensors"}, {"rfilename": "Stygian11-Alpha.safetensors"}, {"rfilename": "Stygian11-BETA.safetensors"}, {"rfilename": "StygianMixV11.safetensors"}, {"rfilename": "alter-pics/Diluc-New.jpeg"}, {"rfilename": "realitySucksMix_v10.safetensors"}, {"rfilename": "stygianMix_v2-2282-4295-0848.safetensors"}, {"rfilename": "theAgendaMix_v10-1949-0818-0519.safetensors"}], "spaces": [], "createdAt": "2023-11-25T03:11:13.000Z", "inferenceStatus": "not-loaded"}