{"_id": "65d72f9dc4a1e6b8678de5e8", "id": "EarthnDusk/dskart_ponyxl", "modelId": "EarthnDusk/dskart_ponyxl", "author": "EarthnDusk", "sha": "2f456267cafe5e0d267be5ff38eb075482774232", "lastModified": "2024-02-22T11:28:14.000Z", "private": false, "disabled": false, "gated": false, "tags": ["region:us"], "downloads": 0, "likes": 0, "siblings": [{"rfilename": ".gitattributes"}, {"rfilename": "dskart_ponyxl/Inference_Samples/im_20240222073528_000_207887871.png"}, {"rfilename": "dskart_ponyxl/Inference_Samples/im_20240222073622_000_1021287423.png"}, {"rfilename": "dskart_ponyxl/Inference_Samples/im_20240222073717_000_1903682806.png"}, {"rfilename": "dskart_ponyxl/Inference_Samples/im_20240222073812_000_1525273505.png"}, {"rfilename": "dskart_ponyxl/Inference_Samples/im_20240222073907_000_897942621.png"}, {"rfilename": "dskart_ponyxl/Inference_Samples/im_20240222074112_000_821527456.png"}, {"rfilename": "dskart_ponyxl/Inference_Samples/im_20240222074142_000_835414151.png"}, {"rfilename": "dskart_ponyxl/Inference_Samples/im_20240222074212_000_760718210.png"}, {"rfilename": "dskart_ponyxl/Inference_Samples/im_20240222074242_000_238616659.png"}, {"rfilename": "dskart_ponyxl/Inference_Samples/im_20240222074312_000_54249355.png"}, {"rfilename": "dskart_ponyxl/Inference_Samples/im_20240222074516_000_939168893.png"}, {"rfilename": "dskart_ponyxl/Inference_Samples/im_20240222074546_000_1063167764.png"}, {"rfilename": "dskart_ponyxl/Inference_Samples/im_20240222074616_000_2100400561.png"}, {"rfilename": "dskart_ponyxl/Inference_Samples/im_20240222074646_000_1139977001.png"}, {"rfilename": "dskart_ponyxl/Inference_Samples/im_20240222074716_000_622670076.png"}, {"rfilename": "dskart_ponyxl/Inference_Samples/im_20240222075054_000_107833613.png"}, {"rfilename": "dskart_ponyxl/Inference_Samples/im_20240222075123_000_695373920.png"}, {"rfilename": "dskart_ponyxl/Inference_Samples/im_20240222075153_000_1732709061.png"}, {"rfilename": "dskart_ponyxl/Inference_Samples/im_20240222075223_000_1605818993.png"}, {"rfilename": "dskart_ponyxl/Inference_Samples/im_20240222075252_000_809549038.png"}, {"rfilename": "dskart_ponyxl/dskart_ponyxl-000001.safetensors"}, {"rfilename": "dskart_ponyxl/dskart_ponyxl-000002.safetensors"}, {"rfilename": "dskart_ponyxl/dskart_ponyxl-000003.safetensors"}, {"rfilename": "dskart_ponyxl/dskart_ponyxl-000004.safetensors"}, {"rfilename": "dskart_ponyxl/dskart_ponyxl-000005.safetensors"}, {"rfilename": "dskart_ponyxl/dskart_ponyxl.safetensors"}, {"rfilename": "dskart_ponyxl/sample/dskart_ponyxl_20240222043355_e000001_00.png"}, {"rfilename": "dskart_ponyxl/sample/dskart_ponyxl_20240222043507_e000001_01.png"}, {"rfilename": "dskart_ponyxl/sample/dskart_ponyxl_20240222050924_e000002_00.png"}, {"rfilename": "dskart_ponyxl/sample/dskart_ponyxl_20240222051035_e000002_01.png"}, {"rfilename": "dskart_ponyxl/sample/dskart_ponyxl_20240222054450_e000003_00.png"}, {"rfilename": "dskart_ponyxl/sample/dskart_ponyxl_20240222054601_e000003_01.png"}, {"rfilename": "dskart_ponyxl/sample/dskart_ponyxl_20240222062025_e000004_00.png"}, {"rfilename": "dskart_ponyxl/sample/dskart_ponyxl_20240222062137_e000004_01.png"}, {"rfilename": "dskart_ponyxl/sample/dskart_ponyxl_20240222065555_e000005_00.png"}, {"rfilename": "dskart_ponyxl/sample/dskart_ponyxl_20240222065706_e000005_01.png"}, {"rfilename": "dskart_ponyxl/sample/dskart_ponyxl_20240222073129_e000006_00.png"}, {"rfilename": "dskart_ponyxl/sample/dskart_ponyxl_20240222073240_e000006_01.png"}, {"rfilename": "dskartponyxl_config/config_file.toml"}, {"rfilename": "dskartponyxl_config/sample_prompt.toml"}], "spaces": [], "createdAt": "2024-02-22T11:27:25.000Z", "inferenceStatus": "not-loaded"}