{"_id": "630ede1aa97116192faffad3", "id": "earthanan/distilbert-base-uncased-finetuned-imdb", "modelId": "earthanan/distilbert-base-uncased-finetuned-imdb", "author": "earthanan", "sha": "bd86784f125b04b60e3421d762a9da10726d10d4", "lastModified": "2022-08-31T04:13:43.000Z", "private": false, "disabled": false, "gated": false, "pipeline_tag": "fill-mask", "tags": ["transformers", "pytorch", "tensorboard", "distilbert", "fill-mask", "generated_from_trainer", "dataset:imdb", "license:apache-2.0", "autotrain_compatible", "endpoints_compatible", "region:us"], "downloads": 1, "library_name": "transformers", "mask_token": "[MASK]", "widgetData": [{"text": "Paris is the [MASK] of France."}, {"text": "The goal of life is [MASK]."}], "likes": 0, "model-index": [{"name": "distilbert-base-uncased-finetuned-imdb", "results": []}], "config": {"architectures": ["DistilBertForMaskedLM"], "model_type": "distilbert"}, "cardData": {"license": "apache-2.0", "tags": ["generated_from_trainer"], "datasets": ["imdb"], "model-index": [{"name": "distilbert-base-uncased-finetuned-imdb", "results": []}]}, "transformersInfo": {"auto_model": "AutoModelForMaskedLM", "pipeline_tag": "fill-mask", "processor": "AutoTokenizer"}, "siblings": [{"rfilename": ".gitattributes"}, {"rfilename": ".gitignore"}, {"rfilename": "README.md"}, {"rfilename": "config.json"}, {"rfilename": "pytorch_model.bin"}, {"rfilename": "runs/Aug31_04-05-39_27cbabe2255d/1661918803.117823/events.out.tfevents.1661918803.27cbabe2255d.70.1"}, {"rfilename": "runs/Aug31_04-05-39_27cbabe2255d/events.out.tfevents.1661918774.27cbabe2255d.70.0"}, {"rfilename": "runs/Aug31_04-05-39_27cbabe2255d/events.out.tfevents.1661919025.27cbabe2255d.70.2"}, {"rfilename": "training_args.bin"}], "spaces": [], "createdAt": "2022-08-31T04:05:46.000Z", "inferenceStatus": "not-loaded"}