{"_id": "64d8564ac2eedf9af8561a15", "id": "EarthnDusk/Epicv2-v4", "modelId": "EarthnDusk/Epicv2-v4", "author": "EarthnDusk", "sha": "87e85670a8734ad32c0add6c088adbaa06d0839e", "lastModified": "2023-08-13T04:12:20.000Z", "private": false, "disabled": false, "gated": false, "tags": ["license:creativeml-openrail-m", "region:us"], "downloads": 0, "likes": 0, "model-index": null, "cardData": {"license": "creativeml-openrail-m"}, "siblings": [{"rfilename": ".gitattributes"}, {"rfilename": "EpicMixV2_2-Pruned.safetensors"}, {"rfilename": "README.md"}], "spaces": [], "createdAt": "2023-08-13T04:04:26.000Z", "inferenceStatus": "not-loaded"}