{"_id": "642659c3b9dfed28cf66a0cb", "id": "EarthnDusk/Epicv4Beta", "modelId": "EarthnDusk/Epicv4Beta", "author": "EarthnDusk", "sha": "be037736c62163655f4f65bd081cc3d190658845", "lastModified": "2023-04-22T12:32:43.000Z", "private": false, "disabled": false, "gated": false, "pipeline_tag": "text-to-image", "tags": ["diffusers", "stable diffusion", "anime", "text-to-image", "en", "license:creativeml-openrail-m", "region:us"], "downloads": 28, "library_name": "diffusers", "likes": 1, "model-index": null, "cardData": {"pipeline_tag": "text-to-image", "library_name": "diffusers", "license": "creativeml-openrail-m", "language": ["en"], "tags": ["stable diffusion", "anime"]}, "siblings": [{"rfilename": ".gitattributes"}, {"rfilename": "EpicMixV4.ckpt"}, {"rfilename": "EpicMix_Vibrant.safetensors"}, {"rfilename": "EpicV4 Samples/02037-EpicV4PastelPegasus_2173395964.png"}, {"rfilename": "EpicV4 Samples/02038-EpicV4PastelPegasus_936746536.png"}, {"rfilename": "EpicV4 Samples/02039-EpicV4PastelPegasus_1459681007.png"}, {"rfilename": "EpicV4 Samples/02041-EpicV4PastelPegasus_1677286184.png"}, {"rfilename": "EpicV4 Samples/02042-EpicV4PastelPegasus_3077984664.png"}, {"rfilename": "EpicV4 Samples/02043-EpicV4PastelPegasus_4115183636.png"}, {"rfilename": "EpicV4 Samples/02044-EpicV4PastelPegasus_1478622333.png"}, {"rfilename": "README.md"}], "spaces": [], "createdAt": "2023-03-31T03:55:47.000Z", "inferenceStatus": "not-loaded"}