{"_id": "6463402a95e64061c979bd8e", "id": "EarthnDusk/Epic_Kilkenny-backup2023", "modelId": "EarthnDusk/Epic_Kilkenny-backup2023", "author": "EarthnDusk", "sha": "32034abe206e98a3bd37af0b12a04fdb4f1d8b5a", "lastModified": "2023-07-30T09:14:48.000Z", "private": false, "disabled": false, "gated": false, "tags": ["en", "license:creativeml-openrail-m", "region:us"], "downloads": 0, "likes": 0, "model-index": null, "cardData": {"license": "creativeml-openrail-m", "language": ["en"]}, "siblings": [{"rfilename": ".gitattributes"}, {"rfilename": "0.5(25AgendaKilmaybe) + 0.5(Kilkenny25Dmaybe).safetensors"}, {"rfilename": "0.5(Kilkenny25Dmaybe) + 0.5(BackMix) + 0.35(duelcomicmix_strike - navelorange_tangormix).safetensors"}, {"rfilename": "0.55(Epicv3vbeta0) + 0.45(25DshakeKilkennyShaved).ckpt"}, {"rfilename": "0.65(0.6(EpicMixV3-Anime) + 0.4(Nutella)) + 0.35(avairy-fp16).ckpt"}, {"rfilename": "0.65(0.7(3to2Kilkenny) + 0.3(moontea_v10)) + 0.35(EggnogLemonadeShakefp16).safetensors"}, {"rfilename": "0.65(0.75(0.65(25dKilkenny)%20%2B%200.35(mixProV4_v4))%20%2B%200.25(meinaalter_v2))%20%2B%200.35(glowboys25D_v10).ckpt"}, {"rfilename": "0.7(25dKilkenny) + 0.3(pegasus9Mix_pegasus9MixV10).safetensors"}, {"rfilename": "0.7(3to2Kilkenny) + 0.3(moontea_v10).safetensors"}, {"rfilename": "0.8(0.7(25dKilkenny) + 0.3(pegasus9Mix_pegasus9MixV10)) + 0.2(wlop-10000).safetensors"}, {"rfilename": "0.85(Epicv3beta0-666) + 0.15(kilkennyMix_celFlat-1957-1360-0544).ckpt"}, {"rfilename": "25DshakeKilkennyShaved.safetensors"}, {"rfilename": "25dBackMixTestKilkenny.safetensors"}, {"rfilename": "25dKilkenny.ckpt"}, {"rfilename": "3to2IdentKilkento25d.safetensors"}, {"rfilename": "3to2Kilkenny.safetensors"}, {"rfilename": "EpicMixV3-Anime.ckpt"}, {"rfilename": "Epicv3-1836-1520-0936.safetensors"}, {"rfilename": "Epicv3-1836-1520-0936fp16.safetensors"}, {"rfilename": "Epicv3Anime-2d-1496-2240-0300.safetensors"}, {"rfilename": "Epicv3Anime-2dfp32-1496-2240-0300.safetensors"}, {"rfilename": "Epicv3Beta226d-ColorBox.ckpt"}, {"rfilename": "README.md"}, {"rfilename": "kilkennyMix_celFlat-1957-1360-0544.safetensors"}], "spaces": [], "createdAt": "2023-05-16T08:34:50.000Z", "inferenceStatus": "not-loaded"}