{"_id": "65e02a309c88ffe889da6874", "id": "EarthnDusk/Heartsteel_PonyXL", "modelId": "EarthnDusk/Heartsteel_PonyXL", "author": "EarthnDusk", "sha": "1bccfcb00bd69243b43dafdeba2a16f474d2fcfd", "lastModified": "2024-03-03T02:26:43.000Z", "private": false, "disabled": false, "gated": false, "tags": ["region:us"], "downloads": 0, "likes": 0, "siblings": [{"rfilename": ".gitattributes"}, {"rfilename": "HeartstlPonyXL/HeartstlPonyXL-000001.safetensors"}, {"rfilename": "HeartstlPonyXL/HeartstlPonyXL-000002.safetensors"}, {"rfilename": "HeartstlPonyXL/HeartstlPonyXL-000003.safetensors"}, {"rfilename": "HeartstlPonyXL/HeartstlPonyXL-000004.safetensors"}, {"rfilename": "HeartstlPonyXL/HeartstlPonyXL.safetensors"}, {"rfilename": "HeartstlPonyXL_config/config_file.toml"}, {"rfilename": "HeartstlPonyXL_config/sample_prompt.toml"}], "spaces": [], "createdAt": "2024-02-29T06:54:40.000Z", "inferenceStatus": "not-loaded"}