{"_id": "65e056d5e203a1111f4b6a35", "id": "EarthnDusk/ComicsPonyXL", "modelId": "EarthnDusk/ComicsPonyXL", "author": "EarthnDusk", "sha": "3d7e35f3a38444ff6d02333c5026f827c358b5bb", "lastModified": "2024-02-29T10:05:27.000Z", "private": false, "disabled": false, "gated": false, "tags": ["region:us"], "downloads": 0, "likes": 0, "siblings": [{"rfilename": ".gitattributes"}, {"rfilename": "ComicsPonyXL/ComicsPonyXL-000001.safetensors"}, {"rfilename": "ComicsPonyXL/ComicsPonyXL-000002.safetensors"}, {"rfilename": "ComicsPonyXL/ComicsPonyXL-000003.safetensors"}, {"rfilename": "ComicsPonyXL/ComicsPonyXL-000004.safetensors"}, {"rfilename": "ComicsPonyXL/ComicsPonyXL.safetensors"}, {"rfilename": "ComicsPonyXL/sample/ComicsPonyXL_20240229092248_e000001_00.png"}, {"rfilename": "ComicsPonyXL/sample/ComicsPonyXL_20240229092300_e000001_01.png"}, {"rfilename": "ComicsPonyXL/sample/ComicsPonyXL_20240229092312_e000001_02.png"}, {"rfilename": "ComicsPonyXL/sample/ComicsPonyXL_20240229092324_e000001_03.png"}, {"rfilename": "ComicsPonyXL/sample/ComicsPonyXL_20240229093257_e000002_00.png"}, {"rfilename": "ComicsPonyXL/sample/ComicsPonyXL_20240229093309_e000002_01.png"}, {"rfilename": "ComicsPonyXL/sample/ComicsPonyXL_20240229093321_e000002_02.png"}, {"rfilename": "ComicsPonyXL/sample/ComicsPonyXL_20240229093333_e000002_03.png"}, {"rfilename": "ComicsPonyXL/sample/ComicsPonyXL_20240229094301_e000003_00.png"}, {"rfilename": "ComicsPonyXL/sample/ComicsPonyXL_20240229094312_e000003_01.png"}, {"rfilename": "ComicsPonyXL/sample/ComicsPonyXL_20240229094324_e000003_02.png"}, {"rfilename": "ComicsPonyXL/sample/ComicsPonyXL_20240229094336_e000003_03.png"}, {"rfilename": "ComicsPonyXL/sample/ComicsPonyXL_20240229095302_e000004_00.png"}, {"rfilename": "ComicsPonyXL/sample/ComicsPonyXL_20240229095314_e000004_01.png"}, {"rfilename": "ComicsPonyXL/sample/ComicsPonyXL_20240229095325_e000004_02.png"}, {"rfilename": "ComicsPonyXL/sample/ComicsPonyXL_20240229095337_e000004_03.png"}, {"rfilename": "ComicsPonyXL/sample/ComicsPonyXL_20240229100302_e000005_00.png"}, {"rfilename": "ComicsPonyXL/sample/ComicsPonyXL_20240229100314_e000005_01.png"}, {"rfilename": "ComicsPonyXL/sample/ComicsPonyXL_20240229100326_e000005_02.png"}, {"rfilename": "ComicsPonyXL/sample/ComicsPonyXL_20240229100338_e000005_03.png"}, {"rfilename": "ComicsPonyXL_config/config_file.toml"}, {"rfilename": "ComicsPonyXL_config/sample_prompt.toml"}], "spaces": [], "createdAt": "2024-02-29T10:05:09.000Z", "inferenceStatus": "not-loaded"}