{"_id": "646d5048acc13867a13b7869", "id": "EarthnDusk/Epicv3-25DStable", "modelId": "EarthnDusk/Epicv3-25DStable", "author": "EarthnDusk", "sha": "b01f2f0410529e8077ee32330bd945d04db30c53", "lastModified": "2023-05-24T09:28:16.000Z", "private": false, "disabled": false, "gated": false, "pipeline_tag": "text-to-image", "tags": ["diffusers", "safetensors", "anime", "stable diffusion", "text-to-image", "en", "dataset:gsdf/EasyNegative", "dataset:fka/awesome-chatgpt-prompts", "dataset:Duskfallcrew/Negative_Images", "dataset:Duskfallcrew/Photography", "license:creativeml-openrail-m", "autotrain_compatible", "endpoints_compatible", "diffusers:StableDiffusionPipeline", "region:us"], "downloads": 23, "library_name": "diffusers", "likes": 1, "model-index": null, "config": {"diffusers": {"_class_name": "StableDiffusionPipeline"}}, "cardData": {"license": "creativeml-openrail-m", "datasets": ["gsdf/EasyNegative", "fka/awesome-chatgpt-prompts", "Duskfallcrew/Negative_Images", "Duskfallcrew/Photography"], "language": ["en"], "library_name": "diffusers", "pipeline_tag": "text-to-image", "tags": ["anime", "stable diffusion"]}, "siblings": [{"rfilename": ".gitattributes"}, {"rfilename": "Epicv3Beta226d-ColorBox.ckpt"}, {"rfilename": "README.md"}, {"rfilename": "feature_extractor/preprocessor_config.json"}, {"rfilename": "model_index.json"}, {"rfilename": "safety_checker/config.json"}, {"rfilename": "safety_checker/pytorch_model.bin"}, {"rfilename": "scheduler/scheduler_config.json"}, {"rfilename": "text_encoder/config.json"}, {"rfilename": "text_encoder/pytorch_model.bin"}, {"rfilename": "tokenizer/merges.txt"}, {"rfilename": "tokenizer/special_tokens_map.json"}, {"rfilename": "tokenizer/tokenizer_config.json"}, {"rfilename": "tokenizer/vocab.json"}, {"rfilename": "unet/config.json"}, {"rfilename": "unet/diffusion_pytorch_model.bin"}, {"rfilename": "vae/config.json"}, {"rfilename": "vae/diffusion_pytorch_model.bin"}, {"rfilename": "vae/diffusion_pytorch_model.safetensors"}], "spaces": ["Duskfallcrew/Epicv3-25D", "EarthnDusk/Epicv3-25D"], "createdAt": "2023-05-23T23:46:16.000Z", "inferenceStatus": "not-loaded"}