{"_id": "6411058e9badaf746c13dcbe", "id": "EarthnDusk/24cansofmonster", "modelId": "EarthnDusk/24cansofmonster", "author": "EarthnDusk", "sha": "9d0e124c6027001257e4fc13a060da12320e45a4", "lastModified": "2023-03-16T03:06:33.000Z", "private": false, "disabled": false, "gated": false, "tags": ["LoRA", "Lycoris", "stable diffusion", "ffxiv", "final fantasy xiv", "meteion", "en", "license:creativeml-openrail-m", "region:us"], "downloads": 0, "likes": 1, "model-index": null, "cardData": {"license": "creativeml-openrail-m", "language": ["en"], "tags": ["LoRA", "Lycoris", "stable diffusion", "ffxiv", "final fantasy xiv", "meteion"]}, "siblings": [{"rfilename": ".gitattributes"}, {"rfilename": "24CansofMonster_config/config_file.toml"}, {"rfilename": "24CansofMonster_config/dataset_config.toml"}, {"rfilename": "24CansofMonster_config/sample_prompt.txt"}, {"rfilename": "Duskfallcrew/24cansofmonster/24CansofMonster-000005.safetensors"}, {"rfilename": "Duskfallcrew/24cansofmonster/24CansofMonster.safetensors"}, {"rfilename": "Met24cans samples/00003-4151221668.png"}, {"rfilename": "Met24cans samples/00005-621001286.png"}, {"rfilename": "Met24cans samples/00007-1864954522.png"}, {"rfilename": "Met24cans samples/00009-3758289519.png"}, {"rfilename": "Met24cans samples/00011-2386850701.png"}, {"rfilename": "Met24cans samples/c20f5349-3f20-4d54-f452-7e07c9aaca00.png"}, {"rfilename": "README.md"}], "spaces": [], "createdAt": "2023-03-14T23:38:54.000Z", "inferenceStatus": "not-loaded"}