{"_id": "6456d0c5d10badc955622807", "id": "EarthnDusk/ED-Research-Models-2023", "modelId": "EarthnDusk/ED-Research-Models-2023", "author": "EarthnDusk", "sha": "23532a472ea1c833fbb11b11fda5d4be4a4e08c5", "lastModified": "2023-05-08T08:20:23.000Z", "private": false, "disabled": false, "gated": false, "pipeline_tag": "text-to-image", "tags": ["stable diffusion", "merges", "manga", "anime", "text-to-image", "en", "license:creativeml-openrail-m", "region:us"], "downloads": 0, "likes": 0, "model-index": null, "cardData": {"license": "creativeml-openrail-m", "language": ["en"], "tags": ["stable diffusion", "merges", "manga", "anime"], "pipeline_tag": "text-to-image"}, "siblings": [{"rfilename": ".gitattributes"}, {"rfilename": "Comics-10.safetensors"}, {"rfilename": "Contrast_Style-10.safetensors"}, {"rfilename": "Lofi_Pastel-10.safetensors"}, {"rfilename": "MatoyaModel.safetensors"}, {"rfilename": "README.md"}], "spaces": [], "createdAt": "2023-05-06T22:12:21.000Z", "inferenceStatus": "not-loaded"}