{"_id": "64264a5beed6b41a5ab3f06a", "id": "EarthnDusk/April2023-Models", "modelId": "EarthnDusk/April2023-Models", "author": "EarthnDusk", "sha": "31fcaa8a46d1b4d8626cf4b013b017c91082036a", "lastModified": "2023-07-30T09:17:06.000Z", "private": false, "disabled": false, "gated": false, "tags": ["en", "license:creativeml-openrail-m", "region:us"], "downloads": 0, "likes": 0, "model-index": null, "cardData": {"license": "creativeml-openrail-m", "language": ["en"]}, "siblings": [{"rfilename": ".gitattributes"}, {"rfilename": "0.4(0.4(0.45(0.5(epicMixAnimeNSFW_v4) + 0.5(comiNoirV2_comiNoirV2)) + 0.55(icomix_V03Pruned)) + 0.6(duskfallCrewVisualArt_10)) + 0.6(duskfallsComicAnime_10) + 0.3(cakemix_v40 - blueboys2D_v10).safetensors"}, {"rfilename": "0.4(0.4(0.45(0.5(epicMixAnimeNSFW_v4) + 0.5(comiNoirV2_comiNoirV2)) + 0.55(icomix_V03Pruned)) + 0.6(duskfallCrewVisualArt_10)) + 0.6(duskfallsComicAnime_10).safetensors"}, {"rfilename": "0.4(0.45(0.5(epicMixAnimeNSFW_v4) + 0.5(comiNoirV2_comiNoirV2)) + 0.55(icomix_V03Pruned)) + 0.6(duskfallCrewVisualArt_10).safetensors"}, {"rfilename": "0.4(0.45(0.5(epicMixAnimeNSFW_v4)%20%2B%200.5(comiNoirV2_comiNoirV2))%20%2B%200.55(icomix_V03Pruned))%20%2B%200.6(duskfallCrewVisualArt_10) + 0.5(darkSushiMixMix_brighterPruned - holokuki_v2) + 0.5(holokuki_v2 - SomethingV2_2).safetensors"}, {"rfilename": "0.4(0.45(0.5(epicMixAnimeNSFW_v4)%20%2B%200.5(comiNoirV2_comiNoirV2))%20%2B%200.55(icomix_V03Pruned))%20%2B%200.6(duskfallCrewVisualArt_10) + 0.5(darkSushiMixMix_brighterPruned - holokuki_v2).safetensors"}, {"rfilename": "0.4(0.45(0.5(epicMixAnimeNSFW_v4)%20%2B%200.5(comiNoirV2_comiNoirV2))%20%2B%200.55(icomix_V03Pruned))%20%2B%200.6(duskfallCrewVisualArt_10).safetensors"}, {"rfilename": "0.45(0.5(epicMixAnimeNSFW_v4) + 0.5(comiNoirV2_comiNoirV2)) + 0.55(icomix_V03Pruned).safetensors"}, {"rfilename": "0.5(duskfallsComicAnime_10) + 0.5(duskfallCrewVisualArt_10).safetensors"}, {"rfilename": "0.5(epicMixAnimeNSFW_v4) + 0.5(comiNoirV2_comiNoirV2).safetensors"}, {"rfilename": "0.6(animeBackgrounds_10) + 0.4(cheeseDaddys_35) + 0.45(cheeseDaddys_35 - waveConcepts_10) + 0.4(animeBackgrounds_10 - aniflatmixAnimeFlatColorStyle_v10).safetensors"}, {"rfilename": "0.6(animeBackgrounds_10) + 0.4(cheeseDaddys_35) + 0.45(cheeseDaddys_35 - waveConcepts_10).safetensors"}, {"rfilename": "0.6(animeBackgrounds_10) + 0.4(cheeseDaddys_35).safetensors"}, {"rfilename": "0.6(bonelessUnrealityMix_ohioDoesNotExistInA) + 0.4(maplesyrup_v10) + 0.4(SomethingV2_2 - jasghPhrasmInky_jasghphrasmV11).safetensors"}, {"rfilename": "0.6(bonelessUnrealityMix_ohioDoesNotExistInA) + 0.4(maplesyrup_v10).safetensors"}, {"rfilename": "0.65(Merges_OseawithLorav2b33fp16) + 0.35(meinapastel_V4).safetensors"}, {"rfilename": "0.7(0.7(0.7(epicMixAnimeNSFW_v4Vibrant) + 0.3(Kiwi)) + 0.3(avairy-fp16)) + 0.3(duskfallsOsenayanMix_12stable).safetensors"}, {"rfilename": "0.7(0.7(epicMixAnimeNSFW_v4Vibrant) + 0.3(Kiwi)) + 0.3(avairy-fp16).ckpt"}, {"rfilename": "0.7(epicMixAnimeNSFW_v4Vibrant) + 0.3(Kiwi).safetensors"}, {"rfilename": "0.85(0.5(duskfallsComicAnime_10) + 0.5(duskfallCrewVisualArt_10)) + 0.15(SomethingV2_2).safetensors"}, {"rfilename": "0.9(0.85(0.75(0.6(EpicV3OffsetNoiseforSEmiREalism) + 0.4(babes_11NoVae)) + 0.25(cakemix_v40)) + 0.15(EpicPortraitRetroV1)) + 0.1(lusciousmix_v15).safetensors"}, {"rfilename": "Anything4EpicLuustUdon.safetensors"}, {"rfilename": "Anything4EpicLuustUdonCrumpetWeird.safetensors"}, {"rfilename": "CheeseAnimBgsSafe.ckpt"}, {"rfilename": "CheeseAnimBgsSafeEMAONLY-emaonly.safetensors"}, {"rfilename": "DigiFantasyMergePlusSomething.safetensors"}, {"rfilename": "DigiFantasyMergePlusSomethingBakeVae.safetensors"}, {"rfilename": "DigitalFantasyV1-PruneNoEma.safetensors"}, {"rfilename": "DuelComicMixMineMixPileDreambutnotitsthechiensechars.safetensors"}, {"rfilename": "DuskfallAiV2-EpicV3.safetensors"}, {"rfilename": "DuskfallAiV2-EpicV3ParmCheeseComicPunkFuse.safetensors"}, {"rfilename": "DuskfallAiV2-EpicV3ParmCheeseComicPunkFuseKuki22.safetensors"}, {"rfilename": "DuskfallAiV2-EpicV3ParmCheesebase.safetensors"}, {"rfilename": "DuskfallAiV2EpicV3ParmCheeseComicPunkFuseKuki22Epic4CmicBabe + 0.45(duskfallsComicAnime_10 - aniflatmixAnimeFlatColorStyle_v10).safetensors"}, {"rfilename": "DuskfallAiV2EpicV3ParmCheeseComicPunkFuseKuki22Epic4CmicBabe.safetensors"}, {"rfilename": "Embed_Backup/7dirtywords.pt"}, {"rfilename": "Embed_Backup/By bad artist -neg.pt"}, {"rfilename": "Embed_Backup/Unspeakable-Horrors-Composition-4v.pt"}, {"rfilename": "Embed_Backup/bad-hands-5.pt"}, {"rfilename": "Embed_Backup/bad-image-v2-39000.pt"}, {"rfilename": "Embed_Backup/bad_prompt_version2.pt"}, {"rfilename": "Embed_Backup/bad_quality.pt"}, {"rfilename": "Embed_Backup/badv4.pt"}, {"rfilename": "Embed_Backup/deformityv6.pt"}, {"rfilename": "Embed_Backup/negativeembed.pt"}, {"rfilename": "Embed_Backup/vile_prompt3.pt"}, {"rfilename": "Embed_Backup/wdnegative2.safetensors"}, {"rfilename": "Epic4SmDsMethpnNaimeNoiseOffDisscJournDskAiDpBoy25-3979-3581-0995.safetensors"}, {"rfilename": "Epic4SmDsMethpnNaimeNoiseOffDisscJournDskAiDpBoy25.safetensors"}, {"rfilename": "EpicIlluystrationPruned + 0.4(jeweldefactapastel11_01demi + 0.4(EpicIlluystrationPruned - SomethingV2_2) - somethingV3B-fp32) + 0.5(DuelComicMixMineMixPileDreambutnotitsthechiensechars - crumpetMix_10).safetensors"}, {"rfilename": "EpicIlluystrationPruned + 0.4(jeweldefactapastel11_01demi + 0.4(EpicIlluystrationPruned - SomethingV2_2) - somethingV3B-fp32).safetensors"}, {"rfilename": "EpicIlluystrationPruned.safetensors"}, {"rfilename": "EpicMixV4-ComicBabeMarvellous.ckpt"}, {"rfilename": "EpicPastelManga-Anything45at20pc.safetensors"}, {"rfilename": "EpicPortraitRetroV1.safetensors"}, {"rfilename": "EpicPortraitRetroV1offsetnoise-3254-0433-0210.safetensors"}, {"rfilename": "EpicPortraitRetroV1offsetnoise.safetensors"}, {"rfilename": "EpicPortraitRetroV1offsetnoiseDisOPen.safetensors"}, {"rfilename": "EpicPortraitRetroV1offsetnoiseDisOPenEpicFruitBox.safetensors"}, {"rfilename": "EpicPortraitRetroV1offsetnoiseDisopenJournHairDye.safetensors"}, {"rfilename": "EpicPortraitRetroV1offsetnoiseVkeiHairDye.safetensors"}, {"rfilename": "EpicPstAny20pcWhtspEkmixBluePastel.safetensors"}, {"rfilename": "EpicPstAnyat20pc-WhitespceEkmix.safetensors"}, {"rfilename": "EpicV3OffsetNoiseSlimeTutorial.safetensors"}, {"rfilename": "EpicV3OffsetNoiseforSEmiREalism.safetensors"}, {"rfilename": "EpicV4MangaDskv1UniversalSolvent1fourfiveperc.safetensors"}, {"rfilename": "EpicV4MangaDskv1UniversalSolvent1fourfivepercwithmoremangav1.safetensors"}, {"rfilename": "EpicV4PastelPegasus.safetensors"}, {"rfilename": "EpicwiththeweirdAnythingEvUdon.safetensors"}, {"rfilename": "Epicwiththeweirdnamespluswhiteknight.safetensors"}, {"rfilename": "FFXIVUberMergsch.safetensors"}, {"rfilename": "IdentityDisorderNSFWPrunedNoEma.ckpt"}, {"rfilename": "IdentityDisorderNSFWPrunedNoEma.safetensors"}, {"rfilename": "NeoIsoBubbelGlobes.safetensors"}, {"rfilename": "OseaIllus15bv2.safetensors"}, {"rfilename": "Osenayan1-5BetaStable.safetensors"}, {"rfilename": "OsenayanMix-PruneNoEma.safetensors"}, {"rfilename": "OsenayanMix-Safetensors.safetensors"}, {"rfilename": "OsenayanMixIllust-15betav2.ckpt"}, {"rfilename": "README.md"}, {"rfilename": "SynthPunkWaveVapo-Visar9527.safetensors"}, {"rfilename": "SynthPunkWaveVapo-Visar9527MdjiPntARt.safetensors"}, {"rfilename": "SynthPunkWaveVapo.safetensors"}, {"rfilename": "Upscaler_Backup/2x_Bubble_AnimeScale_Compact_v1.pth"}, {"rfilename": "Upscaler_Backup/2x_Bubble_AnimeScale_SwinIR_Small_v1.pth"}, {"rfilename": "Upscaler_Backup/2x_Futsuu_Anime_Compact_130k_net_g.pth"}, {"rfilename": "Upscaler_Backup/4x-AnimeSharp.pth"}, {"rfilename": "Upscaler_Backup/4x-UltraSharp.pth"}, {"rfilename": "Upscaler_Backup/4x_ArtStation1337.pth"}, {"rfilename": "Upscaler_Backup/4x_ArtStation1337_Bloom.pth"}, {"rfilename": "Upscaler_Backup/4x_ArtStation1337_Dedither.pth"}, {"rfilename": "Upscaler_Backup/4x_ArtStation1337_Dedither_v2.pth"}, {"rfilename": "Upscaler_Backup/4x_ArtStation1337_Diffuse.pth"}, {"rfilename": "Upscaler_Backup/4x_ArtStation1337_v2.pth"}, {"rfilename": "Upscaler_Backup/4x_Fatality_Comix_260000_G.pth"}, {"rfilename": "Upscaler_Backup/4x_fatal_Anime_500000_G.pth"}, {"rfilename": "Upscaler_Backup/lollypop.pth"}, {"rfilename": "VAE_Backup/Anything-V3.0.vae.pt"}, {"rfilename": "VAE_Backup/Berry's Mix.vae.pt"}, {"rfilename": "VAE_Backup/ClearVAE_NansLess1.safetensors"}, {"rfilename": "VAE_Backup/Counterfeit-V2.5.vae.pt"}, {"rfilename": "VAE_Backup/anything-v4.0.vae.pt"}, {"rfilename": "VAE_Backup/blessed-fix.vae.pt"}, {"rfilename": "VAE_Backup/blessed.vae.pt"}, {"rfilename": "VAE_Backup/blessed2.vae.pt"}, {"rfilename": "VAE_Backup/clearvae_main.safetensors"}, {"rfilename": "VAE_Backup/clearvae_variant.safetensors"}, {"rfilename": "VAE_Backup/kl-f8-anime2.ckpt"}, {"rfilename": "VAE_Backup/orangemix.vae.pt"}, {"rfilename": "VAE_Backup/pastel-waifu-diffusion.vae.pt"}, {"rfilename": "VAE_Backup/rmada-cold-vae.ckpt"}, {"rfilename": "Vapo35mmNeoArtofWave.safetensors"}, {"rfilename": "cakemix_v40 + 0.5(epicMixAnimeNSFW_v4 - 10MinuteEpicHour_10).safetensors"}, {"rfilename": "deepboys25D_v10 + 0.6(epicMixAnimeNSFW_v4UltimateAnime + 0.3(samdoartsultmerge - AniMeth) - duskfallAI_10) + 0.3(kingCrimson_v1 - theDuskfallPortalCrew_10) + 0.3(SukiyakiMix-v1.0-fp16 - whitespace_Prism).safetensors"}, {"rfilename": "deepboys25D_v10 + 0.6(epicMixAnimeNSFW_v4UltimateAnime + 0.3(samdoartsultmerge - AniMeth) - duskfallAI_10) + 0.3(kingCrimson_v1 - theDuskfallPortalCrew_10).safetensors"}, {"rfilename": "deepboys25D_v10 + 0.6(epicMixAnimeNSFW_v4UltimateAnime + 0.3(samdoartsultmerge - AniMeth) - duskfallAI_10).safetensors"}, {"rfilename": "duskfallsComicAnime_10-3551-0869-0125.safetensors"}, {"rfilename": "duskfallsDissociated_10-1979-0869-0852.safetensors"}, {"rfilename": "ekmixPastel_05EkmixPastelFp1605.safetensors"}, {"rfilename": "epicMixAnimeNSFW_v4 + 0.35(cakemix_v40 + 0.5(epicMixAnimeNSFW_v4 - 10MinuteEpicHour_10) - epicMixAnimeRealism_betav3).safetensors"}, {"rfilename": "epicMixAnimeNSFW_v4UltimateAnime + 0.3(samdoartsultmerge - AniMeth) + 0.45(OpenAnimeJourney - noiseOffsetForTrue_v10) + 0.35(duskfallsDissociated_10 - duskfallAI_10).safetensors"}, {"rfilename": "epicMixAnimeNSFW_v4UltimateAnime + 0.3(samdoartsultmerge - AniMeth) + 0.45(OpenAnimeJourney - noiseOffsetForTrue_v10).safetensors"}, {"rfilename": "epicMixAnimeNSFW_v4UltimateAnime + 0.3(samdoartsultmerge - AniMeth).safetensors"}, {"rfilename": "epicMixAnimeNSFW_v4UltimateAnime + 0.4(saucitySauce_ssumdPlus - jasghPhrasmInky_jasghphrasmV11).safetensors"}, {"rfilename": "epicMixAnimeNSFW_v4UltimateAnime-2282-4295-0848.safetensors"}, {"rfilename": "epicMixAnimeNSFW_v4UltimateAnime.safetensors"}, {"rfilename": "epicMixAnimeRealism_betav3.safetensors"}, {"rfilename": "holokuki_v2 + 0.5(duskfallCrewVisualArt_10 - duelcomicmix_strike).safetensors"}, {"rfilename": "jeweldefactapastel11_01demi + 0.4(EpicIlluystrationPruned - SomethingV2_2).safetensors"}, {"rfilename": "lora_epicMixPastelNSFW_v12-epicMixPastelNSFW_v12.safetensors"}, {"rfilename": "model + 0.4(35mmneon_v10 - artOfWave_synvaporwaveArt).safetensors"}, {"rfilename": "neonIsometric_1 + 0.35(isometricSD15_05 - isometricFuture_isometricFutures10).safetensors"}], "spaces": [], "createdAt": "2023-03-31T02:50:03.000Z", "inferenceStatus": "not-loaded"}