{"_id": "642d126feb4f494c8c0e88de", "id": "EarthnDusk/AgendaMixV1", "modelId": "EarthnDusk/AgendaMixV1", "author": "EarthnDusk", "sha": "800f8be87bb7fbdbb11f6d0bd09b4cd4741ae05a", "lastModified": "2023-04-13T21:13:33.000Z", "private": false, "disabled": false, "gated": false, "pipeline_tag": "text-to-image", "tags": ["diffusers", "stable diffusion", "merge", "aniem", "anime", "trans rights", "text-to-image", "en", "license:creativeml-openrail-m", "autotrain_compatible", "endpoints_compatible", "diffusers:StableDiffusionPipeline", "region:us"], "downloads": 25, "library_name": "diffusers", "likes": 4, "model-index": null, "config": {"diffusers": {"_class_name": "StableDiffusionPipeline"}}, "cardData": {"license": "creativeml-openrail-m", "language": ["en"], "pipeline_tag": "text-to-image", "tags": ["stable diffusion", "merge", "aniem", "anime", "trans rights"]}, "siblings": [{"rfilename": ".gitattributes"}, {"rfilename": "AgendaMixSafe.safetensors"}, {"rfilename": "README.md"}, {"rfilename": "The Agenda Mix/00001-EpicMixV4-ComicBabeMarvellous_1650293727.png"}, {"rfilename": "The Agenda Mix/00002-EpicMixV4-ComicBabeMarvellous_333560663.png"}, {"rfilename": "The Agenda Mix/00003-EpicMixV4-ComicBabeMarvellous_1590978457.png"}, {"rfilename": "The Agenda Mix/00004-EpicMixV4-ComicBabeMarvellous_3868747674 (1).png"}, {"rfilename": "The Agenda Mix/00005-EpicMixV4-ComicBabeMarvellous_1767512624.png"}, {"rfilename": "The Agenda Mix/00006-EpicMixV4-ComicBabeMarvellous_4087609503 (1).png"}, {"rfilename": "The Agenda Mix/00007-EpicMixV4-ComicBabeMarvellous_1068741622.png"}, {"rfilename": "The Agenda Mix/00008-EpicMixV4-ComicBabeMarvellous_4072414821.png"}, {"rfilename": "The Agenda Mix/00009-EpicMixV4-ComicBabeMarvellous_97014259 (1).png"}, {"rfilename": "The Agenda Mix/00010-EpicMixV4-ComicBabeMarvellous_3127464661.png"}, {"rfilename": "The Agenda Mix/00011-EpicMixV4-ComicBabeMarvellous_755554494.png"}, {"rfilename": "The Agenda Mix/00012-EpicMixV4-ComicBabeMarvellous_1050387424.png"}, {"rfilename": "The Agenda Mix/00013-EpicMixV4-ComicBabeMarvellous_59621025.png"}, {"rfilename": "The Agenda Mix/00014-EpicMixV4-ComicBabeMarvellous_2040046817.png"}, {"rfilename": "The Agenda Mix/00015-EpicMixV4-ComicBabeMarvellous_3160385914.png"}, {"rfilename": "The Agenda Mix/00016-EpicMixV4-ComicBabeMarvellous_3032471627.png"}, {"rfilename": "The Agenda Mix/00017-EpicMixV4-ComicBabeMarvellous_3525040957.png"}, {"rfilename": "The Agenda Mix/00018-EpicMixV4-ComicBabeMarvellous_135882611.png"}, {"rfilename": "The Agenda Mix/00019-EpicMixV4-ComicBabeMarvellous_2652173643.png"}, {"rfilename": "The Agenda Mix/00020-EpicMixV4-ComicBabeMarvellous_2997555414.png"}, {"rfilename": "The Agenda Mix/00021-EpicMixV4-ComicBabeMarvellous_4209762110.png"}, {"rfilename": "The Agenda Mix/00022-EpicMixV4-ComicBabeMarvellous_2990827899.png"}, {"rfilename": "The Agenda Mix/00023-EpicMixV4-ComicBabeMarvellous_3174652824.png"}, {"rfilename": "The Agenda Mix/00024-EpicMixV4-ComicBabeMarvellous_3932964311.png"}, {"rfilename": "The Agenda Mix/00026-EpicMixV4-ComicBabeMarvellous_289077968.png"}, {"rfilename": "The Agenda Mix/02068-EpicMixV4-ComicBabeMarvellous_2034876685.png"}, {"rfilename": "The Agenda Mix/02069-EpicMixV4-ComicBabeMarvellous_1750246699.png"}, {"rfilename": "The Agenda Mix/02070-EpicMixV4-ComicBabeMarvellous_1649974614.png"}, {"rfilename": "The Agenda Mix/02071-EpicMixV4-ComicBabeMarvellous_1192551469.png"}, {"rfilename": "The Agenda Mix/02072-EpicMixV4-ComicBabeMarvellous_3104824252.png"}, {"rfilename": "TheAgendaMixv1.ckpt"}, {"rfilename": "feature_extractor/preprocessor_config.json"}, {"rfilename": "model_index.json"}, {"rfilename": "safety_checker/config.json"}, {"rfilename": "safety_checker/pytorch_model.bin"}, {"rfilename": "scheduler/scheduler_config.json"}, {"rfilename": "text_encoder/config.json"}, {"rfilename": "text_encoder/pytorch_model.bin"}, {"rfilename": "tokenizer/merges.txt"}, {"rfilename": "tokenizer/special_tokens_map.json"}, {"rfilename": "tokenizer/tokenizer_config.json"}, {"rfilename": "tokenizer/vocab.json"}, {"rfilename": "unet/config.json"}, {"rfilename": "unet/diffusion_pytorch_model.bin"}, {"rfilename": "vae/config.json"}, {"rfilename": "vae/diffusion_pytorch_model.bin"}], "spaces": ["Duskfallcrew/AgendaMix"], "createdAt": "2023-04-05T06:17:19.000Z", "inferenceStatus": "not-loaded"}