{"_id": "64bf5eb65c457ccaa4597c83", "id": "EarthnDusk/Earthnicity_Lora_Stash", "modelId": "EarthnDusk/Earthnicity_Lora_Stash", "author": "EarthnDusk", "sha": "ae0c048f663dd54c2b707b9b5a4548b0a3733bd5", "lastModified": "2023-08-02T05:31:18.000Z", "private": false, "disabled": false, "gated": false, "tags": ["license:creativeml-openrail-m", "region:us"], "downloads": 0, "likes": 0, "model-index": null, "cardData": {"license": "creativeml-openrail-m"}, "siblings": [{"rfilename": ".gitattributes"}, {"rfilename": "Bluey-08.safetensors"}, {"rfilename": "Duotone_Style-06.safetensors"}, {"rfilename": "Enigma_Kitsune-10.safetensors"}, {"rfilename": "README.md"}], "spaces": [], "createdAt": "2023-07-25T05:33:42.000Z", "inferenceStatus": "not-loaded"}