{"_id": "6418e59611cfb28df91535d4", "id": "EarthnDusk/EpicMiX_MERGES", "modelId": "EarthnDusk/EpicMiX_MERGES", "author": "EarthnDusk", "sha": "1bb76b66158cc02dce2f3e29c1b594df513cb359", "lastModified": "2023-03-22T06:01:06.000Z", "private": false, "disabled": false, "gated": false, "pipeline_tag": "text-to-image", "tags": ["stable diffusion", "merges", "photo realism", "anime", "text-to-image", "en", "license:creativeml-openrail-m", "region:us"], "downloads": 0, "likes": 1, "model-index": null, "cardData": {"license": "creativeml-openrail-m", "language": ["en"], "pipeline_tag": "text-to-image", "tags": ["stable diffusion", "merges", "photo realism", "anime"]}, "siblings": [{"rfilename": ".gitattributes"}, {"rfilename": "55Animated_Dreams045EpicMixDarkFruitColorBox.safetensors"}, {"rfilename": "EpicAltersSMNyanDigvivVIsSLime.ckpt"}, {"rfilename": "EpicAltersSMNyanDigvivVIsSLime.safetensors"}, {"rfilename": "EpicMixDarkFruitColorBox.safetensors"}, {"rfilename": "README.md"}, {"rfilename": "model_index.json"}], "spaces": [], "createdAt": "2023-03-20T23:00:38.000Z", "inferenceStatus": "not-loaded"}