{"_id": "65e16b53955af7a637d10ac0", "id": "EarthnDusk/dusk-nijipony-xl", "modelId": "EarthnDusk/dusk-nijipony-xl", "author": "EarthnDusk", "sha": "39fdea6282c198616c5f4fbd0a34c948890e414d", "lastModified": "2024-03-01T05:45:22.000Z", "private": false, "disabled": false, "gated": false, "tags": ["region:us"], "downloads": 0, "likes": 0, "siblings": [{"rfilename": ".gitattributes"}, {"rfilename": "dusknijixlpony/dusknijixlpony-000001.safetensors"}, {"rfilename": "dusknijixlpony/dusknijixlpony-000002.safetensors"}, {"rfilename": "dusknijixlpony/dusknijixlpony-000003.safetensors"}, {"rfilename": "dusknijixlpony/dusknijixlpony-000004.safetensors"}, {"rfilename": "dusknijixlpony/dusknijixlpony.safetensors"}, {"rfilename": "dusknijixlpony/sample/dusknijixlpony_20240301042227_e000001_00.png"}, {"rfilename": "dusknijixlpony/sample/dusknijixlpony_20240301042236_e000001_01.png"}, {"rfilename": "dusknijixlpony/sample/dusknijixlpony_20240301042246_e000001_02.png"}, {"rfilename": "dusknijixlpony/sample/dusknijixlpony_20240301042255_e000001_03.png"}, {"rfilename": "dusknijixlpony/sample/dusknijixlpony_20240301044240_e000002_00.png"}, {"rfilename": "dusknijixlpony/sample/dusknijixlpony_20240301044250_e000002_01.png"}, {"rfilename": "dusknijixlpony/sample/dusknijixlpony_20240301044259_e000002_02.png"}, {"rfilename": "dusknijixlpony/sample/dusknijixlpony_20240301044308_e000002_03.png"}, {"rfilename": "dusknijixlpony/sample/dusknijixlpony_20240301050254_e000003_00.png"}, {"rfilename": "dusknijixlpony/sample/dusknijixlpony_20240301050303_e000003_01.png"}, {"rfilename": "dusknijixlpony/sample/dusknijixlpony_20240301050312_e000003_02.png"}, {"rfilename": "dusknijixlpony/sample/dusknijixlpony_20240301050321_e000003_03.png"}, {"rfilename": "dusknijixlpony/sample/dusknijixlpony_20240301052306_e000004_00.png"}, {"rfilename": "dusknijixlpony/sample/dusknijixlpony_20240301052315_e000004_01.png"}, {"rfilename": "dusknijixlpony/sample/dusknijixlpony_20240301052324_e000004_02.png"}, {"rfilename": "dusknijixlpony/sample/dusknijixlpony_20240301052334_e000004_03.png"}, {"rfilename": "dusknijixlpony/sample/dusknijixlpony_20240301054317_e000005_00.png"}, {"rfilename": "dusknijixlpony/sample/dusknijixlpony_20240301054326_e000005_01.png"}, {"rfilename": "dusknijixlpony/sample/dusknijixlpony_20240301054336_e000005_02.png"}, {"rfilename": "dusknijixlpony/sample/dusknijixlpony_20240301054345_e000005_03.png"}, {"rfilename": "dusknijixlpony_config/config_file.toml"}, {"rfilename": "dusknijixlpony_config/sample_prompt.toml"}], "spaces": [], "createdAt": "2024-03-01T05:44:51.000Z", "inferenceStatus": "not-loaded"}