{"_id": "65d72e4110d158dece853ec5", "id": "EarthnDusk/dskartponyxl", "modelId": "EarthnDusk/dskartponyxl", "author": "EarthnDusk", "sha": "e72594c1f4259f4750d500074b68777e68cfbc6f", "lastModified": "2024-02-22T11:25:45.000Z", "private": false, "disabled": false, "gated": false, "tags": ["region:us"], "downloads": 0, "likes": 0, "siblings": [{"rfilename": ".gitattributes"}, {"rfilename": "dskartponyxl/Inference_Samples/im_20240222111929_000_2008184091.png"}, {"rfilename": "dskartponyxl/Inference_Samples/im_20240222112000_000_1606759270.png"}, {"rfilename": "dskartponyxl/Inference_Samples/im_20240222112029_000_227336518.png"}, {"rfilename": "dskartponyxl/Inference_Samples/im_20240222112059_000_1441760550.png"}, {"rfilename": "dskartponyxl/Inference_Samples/im_20240222112129_000_385973602.png"}, {"rfilename": "dskartponyxl/dskartponyxl-000001.safetensors"}, {"rfilename": "dskartponyxl/dskartponyxl-000002.safetensors"}, {"rfilename": "dskartponyxl/dskartponyxl-000003.safetensors"}, {"rfilename": "dskartponyxl/dskartponyxl-000004.safetensors"}, {"rfilename": "dskartponyxl/dskartponyxl.safetensors"}, {"rfilename": "dskartponyxl/sample/dskartponyxl_20240222083434_e000001_00.png"}, {"rfilename": "dskartponyxl/sample/dskartponyxl_20240222083546_e000001_01.png"}, {"rfilename": "dskartponyxl/sample/dskartponyxl_20240222083657_e000001_02.png"}, {"rfilename": "dskartponyxl/sample/dskartponyxl_20240222083808_e000001_03.png"}, {"rfilename": "dskartponyxl/sample/dskartponyxl_20240222091426_e000002_00.png"}, {"rfilename": "dskartponyxl/sample/dskartponyxl_20240222091537_e000002_01.png"}, {"rfilename": "dskartponyxl/sample/dskartponyxl_20240222091649_e000002_02.png"}, {"rfilename": "dskartponyxl/sample/dskartponyxl_20240222091800_e000002_03.png"}, {"rfilename": "dskartponyxl/sample/dskartponyxl_20240222095415_e000003_00.png"}, {"rfilename": "dskartponyxl/sample/dskartponyxl_20240222095526_e000003_01.png"}, {"rfilename": "dskartponyxl/sample/dskartponyxl_20240222095638_e000003_02.png"}, {"rfilename": "dskartponyxl/sample/dskartponyxl_20240222095749_e000003_03.png"}, {"rfilename": "dskartponyxl/sample/dskartponyxl_20240222103406_e000004_00.png"}, {"rfilename": "dskartponyxl/sample/dskartponyxl_20240222103517_e000004_01.png"}, {"rfilename": "dskartponyxl/sample/dskartponyxl_20240222103628_e000004_02.png"}, {"rfilename": "dskartponyxl/sample/dskartponyxl_20240222103740_e000004_03.png"}, {"rfilename": "dskartponyxl/sample/dskartponyxl_20240222111355_e000005_00.png"}, {"rfilename": "dskartponyxl/sample/dskartponyxl_20240222111506_e000005_01.png"}, {"rfilename": "dskartponyxl/sample/dskartponyxl_20240222111618_e000005_02.png"}, {"rfilename": "dskartponyxl/sample/dskartponyxl_20240222111729_e000005_03.png"}, {"rfilename": "dskartponyxl_config/config_file.toml"}, {"rfilename": "dskartponyxl_config/sample_prompt.toml"}], "spaces": [], "createdAt": "2024-02-22T11:21:37.000Z", "inferenceStatus": "not-loaded"}