{"_id": "650a2ffa647a3ea442e7016a", "id": "EarthnDusk/DuskSlimeMixUltraInifity-YamerXLfp16", "modelId": "EarthnDusk/DuskSlimeMixUltraInifity-YamerXLfp16", "author": "EarthnDusk", "sha": "86646afe07e6a3c79778400f5a1f99c374e8635b", "lastModified": "2023-09-24T05:45:39.000Z", "private": false, "disabled": false, "gated": false, "pipeline_tag": "text-to-image", "tags": ["diffusers", "safetensors", "stable diffusion", "sdxl", "stable diffusion xl 1", "anime mix", "text-to-image", "en", "dataset:fka/awesome-chatgpt-prompts", "license:creativeml-openrail-m", "autotrain_compatible", "endpoints_compatible", "diffusers:StableDiffusionXLPipeline", "region:us"], "downloads": 9, "library_name": "diffusers", "likes": 1, "model-index": null, "config": {"diffusers": {"_class_name": "StableDiffusionXLPipeline"}}, "cardData": {"license": "creativeml-openrail-m", "language": ["en"], "library_name": "diffusers", "pipeline_tag": "text-to-image", "tags": ["stable diffusion", "sdxl", "stable diffusion xl 1", "anime mix"], "datasets": ["fka/awesome-chatgpt-prompts"], "metrics": ["accuracy"]}, "siblings": [{"rfilename": ".gitattributes"}, {"rfilename": "README.md"}, {"rfilename": "model_index.json"}, {"rfilename": "scheduler/scheduler_config.json"}, {"rfilename": "text_encoder/config.json"}, {"rfilename": "text_encoder/model.safetensors"}, {"rfilename": "text_encoder_2/config.json"}, {"rfilename": "text_encoder_2/model.safetensors"}, {"rfilename": "tokenizer/merges.txt"}, {"rfilename": "tokenizer/special_tokens_map.json"}, {"rfilename": "tokenizer/tokenizer_config.json"}, {"rfilename": "tokenizer/vocab.json"}, {"rfilename": "tokenizer_2/merges.txt"}, {"rfilename": "tokenizer_2/special_tokens_map.json"}, {"rfilename": "tokenizer_2/tokenizer_config.json"}, {"rfilename": "tokenizer_2/vocab.json"}, {"rfilename": "unet/config.json"}, {"rfilename": "unet/diffusion_pytorch_model.safetensors"}, {"rfilename": "vae/config.json"}, {"rfilename": "vae/diffusion_pytorch_model.safetensors"}], "spaces": ["Duskfallcrew/EarthnDusk-DuskSlimeMixUltraInifity-YamerXLfp16"], "createdAt": "2023-09-19T23:34:18.000Z", "inferenceStatus": "not-loaded"}