{"_id": "6689d027d358e8fd17056b7e", "id": "EarthnDusk/EnvyOseaBabes_XL", "modelId": "EarthnDusk/EnvyOseaBabes_XL", "author": "EarthnDusk", "sha": "f6cc3a2ad893395c226e09b3d4702f5faf2d04a0", "lastModified": "2024-07-06T23:20:46.000Z", "private": false, "disabled": false, "gated": false, "pipeline_tag": "text-to-image", "tags": ["diffusers", "safetensors", "autotrain_compatible", "endpoints_compatible", "diffusers:StableDiffusionXLPipeline", "region:us"], "downloads": 3, "library_name": "diffusers", "likes": 0, "config": {"diffusers": {"_class_name": "StableDiffusionXLPipeline"}}, "siblings": [{"rfilename": ".gitattributes"}, {"rfilename": "model_index.json"}, {"rfilename": "scheduler/scheduler_config.json"}, {"rfilename": "text_encoder/config.json"}, {"rfilename": "text_encoder/model.safetensors"}, {"rfilename": "text_encoder_2/config.json"}, {"rfilename": "text_encoder_2/model.safetensors"}, {"rfilename": "tokenizer/merges.txt"}, {"rfilename": "tokenizer/special_tokens_map.json"}, {"rfilename": "tokenizer/tokenizer_config.json"}, {"rfilename": "tokenizer/vocab.json"}, {"rfilename": "tokenizer_2/merges.txt"}, {"rfilename": "tokenizer_2/special_tokens_map.json"}, {"rfilename": "tokenizer_2/tokenizer_config.json"}, {"rfilename": "tokenizer_2/vocab.json"}, {"rfilename": "unet/config.json"}, {"rfilename": "unet/diffusion_pytorch_model.safetensors"}, {"rfilename": "vae/config.json"}, {"rfilename": "vae/diffusion_pytorch_model.safetensors"}], "spaces": [], "createdAt": "2024-07-06T23:15:51.000Z", "inferenceStatus": "not-loaded"}