{"_id": "6451bc089d916c596e3b7dda", "id": "EarthnDusk/IdentityDisorder-Mix", "modelId": "EarthnDusk/IdentityDisorder-Mix", "author": "EarthnDusk", "sha": "d4316caecdfe3c36fc490bdc57a8b8a9cf864e80", "lastModified": "2023-05-03T04:20:44.000Z", "private": false, "disabled": false, "gated": false, "pipeline_tag": "text-to-image", "tags": ["diffusers", "stable diffusion", "anime", "text-to-image", "en", "license:creativeml-openrail-m", "autotrain_compatible", "endpoints_compatible", "diffusers:StableDiffusionPipeline", "region:us"], "downloads": 25, "library_name": "diffusers", "likes": 1, "model-index": null, "config": {"diffusers": {"_class_name": "StableDiffusionPipeline"}}, "cardData": {"license": "creativeml-openrail-m", "language": ["en"], "library_name": "diffusers", "pipeline_tag": "text-to-image", "tags": ["stable diffusion", "anime"]}, "siblings": [{"rfilename": ".gitattributes"}, {"rfilename": "01785-IdenityHighYohanSpicyHentAlpb_1233079797.jpg"}, {"rfilename": "01786-IdenityHighYohanSpicyHentAlpb_3338401798.jpg"}, {"rfilename": "01787-IdenityHighYohanSpicyHentAlpb_1961202293.jpg"}, {"rfilename": "01791-IdenityHighYohanSpicyHentAlpb_2597977378.jpg"}, {"rfilename": "IdentHighYoSpiHenNOEMAPRUNE.safetensors"}, {"rfilename": "IdentMixUpdateBeta.ckpt"}, {"rfilename": "README.md"}, {"rfilename": "e6fbe84d-0a7b-42eb-bb97-cd20fd2b157c.jpeg"}, {"rfilename": "feature_extractor/preprocessor_config.json"}, {"rfilename": "model_index.json"}, {"rfilename": "safety_checker/config.json"}, {"rfilename": "safety_checker/pytorch_model.bin"}, {"rfilename": "scheduler/scheduler_config.json"}, {"rfilename": "text_encoder/config.json"}, {"rfilename": "text_encoder/pytorch_model.bin"}, {"rfilename": "tokenizer/merges.txt"}, {"rfilename": "tokenizer/special_tokens_map.json"}, {"rfilename": "tokenizer/tokenizer_config.json"}, {"rfilename": "tokenizer/vocab.json"}, {"rfilename": "unet/config.json"}, {"rfilename": "unet/diffusion_pytorch_model.bin"}, {"rfilename": "vae/config.json"}, {"rfilename": "vae/diffusion_pytorch_model.bin"}], "spaces": ["EarthnDusk/IdentityDisorderMix-EnD"], "createdAt": "2023-05-03T01:42:32.000Z", "inferenceStatus": "not-loaded"}