{"_id": "65c0a062b281d14183d8470b", "id": "EarthnDusk/Feb2024-SD15", "modelId": "EarthnDusk/Feb2024-SD15", "author": "EarthnDusk", "sha": "eb517ffa19f88d742a0549ec5713e8628831203f", "lastModified": "2024-02-06T00:53:55.000Z", "private": false, "disabled": false, "gated": false, "tags": ["license:creativeml-openrail-m", "region:us"], "downloads": 0, "likes": 0, "model-index": null, "cardData": {"license": "creativeml-openrail-m"}, "siblings": [{"rfilename": ".gitattributes"}, {"rfilename": "Chromiummebbe.safetensors"}, {"rfilename": "ComiFantasyBack.fp16.safetensors"}, {"rfilename": "ComiFantasyBack12.fp16.safetensors"}, {"rfilename": "ComicFantasyNew.safetensors"}, {"rfilename": "EarthCustomMix-FIX.safetensors"}, {"rfilename": "EarthCustomMix-FIXED.safetensors"}, {"rfilename": "EarthCustomMix-Mebbe.safetensors"}, {"rfilename": "HotfurryBoysfp16full-1821-5368-3010.safetensors"}, {"rfilename": "Hoyo-HotFurryEarthAniPt1.safetensors"}, {"rfilename": "HoyoSplashBack.fp16.safetensors"}, {"rfilename": "NeonPaintBackMayoSquirr.fp16.safetensors"}, {"rfilename": "NijiMJBackSD15.fp16.safetensors"}, {"rfilename": "NijiPolterMistoon.safetensors"}, {"rfilename": "Poltergeist37TEST.safetensors"}, {"rfilename": "README.md"}], "spaces": [], "createdAt": "2024-02-05T08:46:26.000Z", "inferenceStatus": "not-loaded"}