{"_id": "65dab0157540dd1da9e90416", "id": "EarthnDusk/HalftoneSDXL", "modelId": "EarthnDusk/HalftoneSDXL", "author": "EarthnDusk", "sha": "712bfd9d72cf954c2f818fcd5725d52c37c9caa5", "lastModified": "2024-02-25T03:15:21.000Z", "private": false, "disabled": false, "gated": false, "tags": ["license:creativeml-openrail-m", "region:us"], "downloads": 0, "likes": 0, "model-index": null, "cardData": {"license": "creativeml-openrail-m"}, "siblings": [{"rfilename": ".gitattributes"}, {"rfilename": "H4LFT0N3_XL-000009.safetensors"}, {"rfilename": "H4LFT0N3_XL.safetensors"}, {"rfilename": "README.md"}], "spaces": [], "createdAt": "2024-02-25T03:12:21.000Z", "inferenceStatus": "not-loaded"}