{"_id": "646359ec32317fa48067681e", "id": "C-12/unit1", "modelId": "C-12/unit1", "author": "C-12", "sha": "0db1effe16d03ca2a5a364c9fe9fb22ff4697a66", "lastModified": "2023-05-16T10:25:01.000Z", "private": false, "disabled": false, "gated": false, "pipeline_tag": "reinforcement-learning", "tags": ["stable-baselines3", "LunarLander-v2", "deep-reinforcement-learning", "reinforcement-learning", "model-index", "region:us"], "downloads": 0, "library_name": "stable-baselines3", "likes": 0, "model-index": [{"name": "PPO", "results": [{"task": {"type": "reinforcement-learning", "name": "reinforcement-learning"}, "dataset": {"name": "LunarLander-v2", "type": "LunarLander-v2"}, "metrics": [{"type": "mean_reward", "value": "263.55 +/- 26.29", "name": "mean_reward", "verified": false}]}]}], "config": {}, "cardData": {"library_name": "stable-baselines3", "tags": ["LunarLander-v2", "deep-reinforcement-learning", "reinforcement-learning", "stable-baselines3"], "model-index": [{"name": "PPO", "results": [{"task": {"type": "reinforcement-learning", "name": "reinforcement-learning"}, "dataset": {"name": "LunarLander-v2", "type": "LunarLander-v2"}, "metrics": [{"type": "mean_reward", "value": "263.55 +/- 26.29", "name": "mean_reward", "verified": false}]}]}]}, "siblings": [{"rfilename": ".gitattributes"}, {"rfilename": "README.md"}, {"rfilename": "config.json"}, {"rfilename": "mymodel_C12.zip"}, {"rfilename": "mymodel_C12/_stable_baselines3_version"}, {"rfilename": "mymodel_C12/data"}, {"rfilename": "mymodel_C12/policy.optimizer.pth"}, {"rfilename": "mymodel_C12/policy.pth"}, {"rfilename": "mymodel_C12/pytorch_variables.pth"}, {"rfilename": "mymodel_C12/system_info.txt"}, {"rfilename": "replay.mp4"}, {"rfilename": "results.json"}], "spaces": [], "createdAt": "2023-05-16T10:24:44.000Z", "inferenceStatus": "not-loaded"}