{"_id": "6381ca31c927cd0dfd4ddb1a", "id": "C-Achard/cellseg3d", "modelId": "C-Achard/cellseg3d", "author": "C-Achard", "sha": "09f946501deea177be59a7a2c4dc1c7ba36f3c94", "lastModified": "2023-08-02T09:37:30.000Z", "private": false, "disabled": false, "gated": false, "tags": ["license:mit", "region:us"], "downloads": 0, "likes": 0, "model-index": null, "cardData": {"license": "mit"}, "siblings": [{"rfilename": ".gitattributes"}, {"rfilename": "README.md"}, {"rfilename": "SegResNet.tar.gz"}, {"rfilename": "SegResNet_latest.tar.gz"}, {"rfilename": "Swin64.tar.gz"}, {"rfilename": "SwinUNetR_latest.tar.gz"}, {"rfilename": "TRAILMAP_MS.tar.gz"}, {"rfilename": "TRAILMAP_PyTorch.tar.gz"}, {"rfilename": "TRAILMAP_latest.tar.gz"}, {"rfilename": "VNet.tar.gz"}, {"rfilename": "VNet_latest.tar.gz"}, {"rfilename": "test.tar.gz"}, {"rfilename": "wnet.tar.gz"}, {"rfilename": "wnet_latest.tar.gz"}, {"rfilename": "wnet_onnx.tar.gz"}], "spaces": [], "createdAt": "2022-11-26T08:11:29.000Z", "inferenceStatus": "not-loaded"}