{"_id": "668c7c8797171f339954abf2", "id": "c-eshih/human_stable_diffusion_mask_0", "modelId": "c-eshih/human_stable_diffusion_mask_0", "author": "c-eshih", "sha": "72a3d2b9487db76841976ba95b661bbdb7aaebbd", "lastModified": "2024-07-09T04:16:21.000Z", "private": false, "disabled": false, "gated": false, "tags": ["diffusers", "tensorboard", "safetensors", "diffusers:StableDiffusionInstructPix2PixPipeline", "region:us"], "downloads": 2, "library_name": "diffusers", "likes": 0, "config": {"diffusers": {"_class_name": "StableDiffusionInstructPix2PixPipeline"}}, "siblings": [{"rfilename": ".gitattributes"}, {"rfilename": "checkpoint-1600/optimizer.bin"}, {"rfilename": "checkpoint-1600/random_states_0.pkl"}, {"rfilename": "checkpoint-1600/scaler.pt"}, {"rfilename": "checkpoint-1600/scheduler.bin"}, {"rfilename": "checkpoint-1600/unet/config.json"}, {"rfilename": "checkpoint-1600/unet/diffusion_pytorch_model.safetensors"}, {"rfilename": "feature_extractor/preprocessor_config.json"}, {"rfilename": "logs/instruct-pix2pix/1720482965.4264238/events.out.tfevents.1720482965.ambus-algoq6069.3206552.1"}, {"rfilename": "logs/instruct-pix2pix/1720482965.4294403/hparams.yml"}, {"rfilename": "logs/instruct-pix2pix/events.out.tfevents.1720482965.ambus-algoq6069.3206552.0"}, {"rfilename": "model_index.json"}, {"rfilename": "safety_checker/config.json"}, {"rfilename": "safety_checker/model.safetensors"}, {"rfilename": "scheduler/scheduler_config.json"}, {"rfilename": "text_encoder/config.json"}, {"rfilename": "text_encoder/model.safetensors"}, {"rfilename": "tokenizer/merges.txt"}, {"rfilename": "tokenizer/special_tokens_map.json"}, {"rfilename": "tokenizer/tokenizer_config.json"}, {"rfilename": "tokenizer/vocab.json"}, {"rfilename": "unet/config.json"}, {"rfilename": "unet/diffusion_pytorch_model.safetensors"}, {"rfilename": "vae/config.json"}, {"rfilename": "vae/diffusion_pytorch_model.safetensors"}], "spaces": [], "createdAt": "2024-07-08T23:55:51.000Z", "inferenceStatus": "not-loaded"}