{"_id": "6686d3bb3833910bf9f4fcac", "id": "c-eshih/human_stable_diffusion_concat_noise", "modelId": "c-eshih/human_stable_diffusion_concat_noise", "author": "c-eshih", "sha": "35d414c9730cc6e23195872dd7afdf59cbd14f51", "lastModified": "2024-07-08T23:12:35.000Z", "private": false, "disabled": false, "gated": false, "tags": ["diffusers", "tensorboard", "safetensors", "diffusers:StableDiffusionInstructPix2PixPipeline", "region:us"], "downloads": 1, "library_name": "diffusers", "likes": 0, "config": {"diffusers": {"_class_name": "StableDiffusionInstructPix2PixPipeline"}}, "siblings": [{"rfilename": ".gitattributes"}, {"rfilename": "checkpoint-1500/optimizer.bin"}, {"rfilename": "checkpoint-1500/random_states_0.pkl"}, {"rfilename": "checkpoint-1500/scaler.pt"}, {"rfilename": "checkpoint-1500/scheduler.bin"}, {"rfilename": "checkpoint-1500/unet/config.json"}, {"rfilename": "checkpoint-1500/unet/diffusion_pytorch_model.safetensors"}, {"rfilename": "checkpoint-1600/optimizer.bin"}, {"rfilename": "checkpoint-1600/random_states_0.pkl"}, {"rfilename": "checkpoint-1600/scaler.pt"}, {"rfilename": "checkpoint-1600/scheduler.bin"}, {"rfilename": "checkpoint-1600/unet/config.json"}, {"rfilename": "checkpoint-1600/unet/diffusion_pytorch_model.safetensors"}, {"rfilename": "checkpoint-6300/optimizer.bin"}, {"rfilename": "checkpoint-6300/random_states_0.pkl"}, {"rfilename": "checkpoint-6300/scaler.pt"}, {"rfilename": "checkpoint-6300/scheduler.bin"}, {"rfilename": "checkpoint-6300/unet/config.json"}, {"rfilename": "checkpoint-6300/unet/diffusion_pytorch_model.safetensors"}, {"rfilename": "checkpoint-6400/optimizer.bin"}, {"rfilename": "checkpoint-6400/random_states_0.pkl"}, {"rfilename": "checkpoint-6400/scaler.pt"}, {"rfilename": "checkpoint-6400/scheduler.bin"}, {"rfilename": "checkpoint-6400/unet/config.json"}, {"rfilename": "checkpoint-6400/unet/diffusion_pytorch_model.safetensors"}, {"rfilename": "feature_extractor/preprocessor_config.json"}, {"rfilename": "logs/instruct-pix2pix/1720112074.8123689/events.out.tfevents.1720112074.ambus-algoq6069.2585967.1"}, {"rfilename": "logs/instruct-pix2pix/1720112074.8162358/hparams.yml"}, {"rfilename": "logs/instruct-pix2pix/1720113155.7949119/events.out.tfevents.1720113155.ambus-algoq6069.2604662.1"}, {"rfilename": "logs/instruct-pix2pix/1720113155.79784/hparams.yml"}, {"rfilename": "logs/instruct-pix2pix/1720200951.159693/events.out.tfevents.1720200951.ambus-algoq6069.3259053.1"}, {"rfilename": "logs/instruct-pix2pix/1720200951.163487/hparams.yml"}, {"rfilename": "logs/instruct-pix2pix/1720201319.0109408/events.out.tfevents.1720201319.ambus-algoq6069.3265687.1"}, {"rfilename": "logs/instruct-pix2pix/1720201319.014037/hparams.yml"}, {"rfilename": "logs/instruct-pix2pix/1720201388.962939/events.out.tfevents.1720201388.ambus-algoq6069.3267094.1"}, {"rfilename": "logs/instruct-pix2pix/1720201388.9668076/hparams.yml"}, {"rfilename": "logs/instruct-pix2pix/1720201487.6762612/events.out.tfevents.1720201487.ambus-algoq6069.3269023.1"}, {"rfilename": "logs/instruct-pix2pix/1720201487.6800447/hparams.yml"}, {"rfilename": "logs/instruct-pix2pix/1720201573.2805004/events.out.tfevents.1720201573.ambus-algoq6069.3270704.1"}, {"rfilename": "logs/instruct-pix2pix/1720201573.2841547/hparams.yml"}, {"rfilename": "logs/instruct-pix2pix/1720201744.1848912/events.out.tfevents.1720201744.ambus-algoq6069.3273824.1"}, {"rfilename": "logs/instruct-pix2pix/1720201744.1889818/hparams.yml"}, {"rfilename": "logs/instruct-pix2pix/1720201829.8752913/events.out.tfevents.1720201829.ambus-algoq6069.3275527.1"}, {"rfilename": "logs/instruct-pix2pix/1720201829.878884/hparams.yml"}, {"rfilename": "logs/instruct-pix2pix/1720202225.1528103/events.out.tfevents.1720202225.ambus-algoq6069.3282401.1"}, {"rfilename": "logs/instruct-pix2pix/1720202225.1564264/hparams.yml"}, {"rfilename": "logs/instruct-pix2pix/1720202288.6073987/events.out.tfevents.1720202288.ambus-algoq6069.3283703.1"}, {"rfilename": "logs/instruct-pix2pix/1720202288.6104643/hparams.yml"}, {"rfilename": "logs/instruct-pix2pix/1720202455.9070766/events.out.tfevents.1720202455.ambus-algoq6069.3286748.1"}, {"rfilename": "logs/instruct-pix2pix/1720202455.9087553/hparams.yml"}, {"rfilename": "logs/instruct-pix2pix/1720202505.1559012/events.out.tfevents.1720202505.ambus-algoq6069.3287707.1"}, {"rfilename": "logs/instruct-pix2pix/1720202505.158869/hparams.yml"}, {"rfilename": "logs/instruct-pix2pix/1720202725.0209293/events.out.tfevents.1720202725.ambus-algoq6069.3291689.1"}, {"rfilename": "logs/instruct-pix2pix/1720202725.0245342/hparams.yml"}, {"rfilename": "logs/instruct-pix2pix/1720203057.090463/events.out.tfevents.1720203057.ambus-algoq6069.3297544.1"}, {"rfilename": "logs/instruct-pix2pix/1720203057.0918157/hparams.yml"}, {"rfilename": "logs/instruct-pix2pix/1720203948.1750746/events.out.tfevents.1720203948.ambus-algoq6069.3313023.1"}, {"rfilename": "logs/instruct-pix2pix/1720203948.1765814/hparams.yml"}, {"rfilename": "logs/instruct-pix2pix/1720339440.6398149/events.out.tfevents.1720339440.ambus-algoq6069.1151182.1"}, {"rfilename": "logs/instruct-pix2pix/1720339440.6434746/hparams.yml"}, {"rfilename": "logs/instruct-pix2pix/1720399824.9872634/events.out.tfevents.1720399824.ambus-algoq6069.2087226.1"}, {"rfilename": "logs/instruct-pix2pix/1720399824.9907162/hparams.yml"}, {"rfilename": "logs/instruct-pix2pix/1720406446.8880432/events.out.tfevents.1720406446.ambus-algoq6069.2135810.1"}, {"rfilename": "logs/instruct-pix2pix/1720406446.8914099/hparams.yml"}, {"rfilename": "logs/instruct-pix2pix/1720425279.4882762/events.out.tfevents.1720425279.ambus-algoq6069.2459555.1"}, {"rfilename": "logs/instruct-pix2pix/1720425279.4919844/hparams.yml"}, {"rfilename": "logs/instruct-pix2pix/1720460043.963254/events.out.tfevents.1720460043.ambus-algoq6069.3037581.1"}, {"rfilename": "logs/instruct-pix2pix/1720460043.9663043/hparams.yml"}, {"rfilename": "logs/instruct-pix2pix/1720463220.2134345/events.out.tfevents.1720463220.ambus-algoq6069.3090507.1"}, {"rfilename": "logs/instruct-pix2pix/1720463220.2165027/hparams.yml"}, {"rfilename": "logs/instruct-pix2pix/1720470936.86776/events.out.tfevents.1720470936.ambus-algoq6069.3136913.1"}, {"rfilename": "logs/instruct-pix2pix/1720470936.8715982/hparams.yml"}, {"rfilename": "logs/instruct-pix2pix/events.out.tfevents.1720112074.ambus-algoq6069.2585967.0"}, {"rfilename": "logs/instruct-pix2pix/events.out.tfevents.1720113155.ambus-algoq6069.2604662.0"}, {"rfilename": "logs/instruct-pix2pix/events.out.tfevents.1720200951.ambus-algoq6069.3259053.0"}, {"rfilename": "logs/instruct-pix2pix/events.out.tfevents.1720201319.ambus-algoq6069.3265687.0"}, {"rfilename": "logs/instruct-pix2pix/events.out.tfevents.1720201388.ambus-algoq6069.3267094.0"}, {"rfilename": "logs/instruct-pix2pix/events.out.tfevents.1720201487.ambus-algoq6069.3269023.0"}, {"rfilename": "logs/instruct-pix2pix/events.out.tfevents.1720201573.ambus-algoq6069.3270704.0"}, {"rfilename": "logs/instruct-pix2pix/events.out.tfevents.1720201744.ambus-algoq6069.3273824.0"}, {"rfilename": "logs/instruct-pix2pix/events.out.tfevents.1720201829.ambus-algoq6069.3275527.0"}, {"rfilename": "logs/instruct-pix2pix/events.out.tfevents.1720202225.ambus-algoq6069.3282401.0"}, {"rfilename": "logs/instruct-pix2pix/events.out.tfevents.1720202288.ambus-algoq6069.3283703.0"}, {"rfilename": "logs/instruct-pix2pix/events.out.tfevents.1720202455.ambus-algoq6069.3286748.0"}, {"rfilename": "logs/instruct-pix2pix/events.out.tfevents.1720202505.ambus-algoq6069.3287707.0"}, {"rfilename": "logs/instruct-pix2pix/events.out.tfevents.1720202725.ambus-algoq6069.3291689.0"}, {"rfilename": "logs/instruct-pix2pix/events.out.tfevents.1720203057.ambus-algoq6069.3297544.0"}, {"rfilename": "logs/instruct-pix2pix/events.out.tfevents.1720203948.ambus-algoq6069.3313023.0"}, {"rfilename": "logs/instruct-pix2pix/events.out.tfevents.1720339440.ambus-algoq6069.1151182.0"}, {"rfilename": "logs/instruct-pix2pix/events.out.tfevents.1720399824.ambus-algoq6069.2087226.0"}, {"rfilename": "logs/instruct-pix2pix/events.out.tfevents.1720406446.ambus-algoq6069.2135810.0"}, {"rfilename": "logs/instruct-pix2pix/events.out.tfevents.1720425279.ambus-algoq6069.2459555.0"}, {"rfilename": "logs/instruct-pix2pix/events.out.tfevents.1720460043.ambus-algoq6069.3037581.0"}, {"rfilename": "logs/instruct-pix2pix/events.out.tfevents.1720463220.ambus-algoq6069.3090507.0"}, {"rfilename": "logs/instruct-pix2pix/events.out.tfevents.1720470936.ambus-algoq6069.3136913.0"}, {"rfilename": "model_index.json"}, {"rfilename": "safety_checker/config.json"}, {"rfilename": "safety_checker/model.safetensors"}, {"rfilename": "scheduler/scheduler_config.json"}, {"rfilename": "text_encoder/config.json"}, {"rfilename": "text_encoder/model.safetensors"}, {"rfilename": "tokenizer/merges.txt"}, {"rfilename": "tokenizer/special_tokens_map.json"}, {"rfilename": "tokenizer/tokenizer_config.json"}, {"rfilename": "tokenizer/vocab.json"}, {"rfilename": "unet/config.json"}, {"rfilename": "unet/diffusion_pytorch_model.safetensors"}, {"rfilename": "vae/config.json"}, {"rfilename": "vae/diffusion_pytorch_model.safetensors"}], "spaces": [], "createdAt": "2024-07-04T16:54:19.000Z", "inferenceStatus": "not-loaded"}