{"_id": "668de32063d1bc005b013f1a", "id": "c-eshih/human_stable_diffusion_concat_new", "modelId": "c-eshih/human_stable_diffusion_concat_new", "author": "c-eshih", "sha": "a20ee8bb0143c28c7d1446fd599d3311e5e3f282", "lastModified": "2024-07-10T22:18:07.000Z", "private": false, "disabled": false, "gated": false, "tags": ["diffusers", "tensorboard", "safetensors", "diffusers:StableDiffusionInstructPix2PixPipeline", "region:us"], "downloads": 1, "library_name": "diffusers", "likes": 0, "config": {"diffusers": {"_class_name": "StableDiffusionInstructPix2PixPipeline"}}, "siblings": [{"rfilename": ".gitattributes"}, {"rfilename": "checkpoint-1500/optimizer.bin"}, {"rfilename": "checkpoint-1500/random_states_0.pkl"}, {"rfilename": "checkpoint-1500/scaler.pt"}, {"rfilename": "checkpoint-1500/scheduler.bin"}, {"rfilename": "checkpoint-1500/unet/config.json"}, {"rfilename": "checkpoint-1500/unet/diffusion_pytorch_model.safetensors"}, {"rfilename": "checkpoint-1600/optimizer.bin"}, {"rfilename": "checkpoint-1600/random_states_0.pkl"}, {"rfilename": "checkpoint-1600/scaler.pt"}, {"rfilename": "checkpoint-1600/scheduler.bin"}, {"rfilename": "checkpoint-1600/unet/config.json"}, {"rfilename": "checkpoint-1600/unet/diffusion_pytorch_model.safetensors"}, {"rfilename": "feature_extractor/preprocessor_config.json"}, {"rfilename": "logs/instruct-pix2pix/1720574767.3490481/events.out.tfevents.1720574767.ambus-algoq6069.3724227.1"}, {"rfilename": "logs/instruct-pix2pix/1720574767.3518784/hparams.yml"}, {"rfilename": "logs/instruct-pix2pix/1720633046.2664487/events.out.tfevents.1720633046.ambus-algoq6069.4039858.1"}, {"rfilename": "logs/instruct-pix2pix/1720633046.269385/hparams.yml"}, {"rfilename": "logs/instruct-pix2pix/events.out.tfevents.1720574767.ambus-algoq6069.3724227.0"}, {"rfilename": "logs/instruct-pix2pix/events.out.tfevents.1720633046.ambus-algoq6069.4039858.0"}, {"rfilename": "model_index.json"}, {"rfilename": "safety_checker/config.json"}, {"rfilename": "safety_checker/model.safetensors"}, {"rfilename": "scheduler/scheduler_config.json"}, {"rfilename": "text_encoder/config.json"}, {"rfilename": "text_encoder/model.safetensors"}, {"rfilename": "tokenizer/merges.txt"}, {"rfilename": "tokenizer/special_tokens_map.json"}, {"rfilename": "tokenizer/tokenizer_config.json"}, {"rfilename": "tokenizer/vocab.json"}, {"rfilename": "unet/config.json"}, {"rfilename": "unet/diffusion_pytorch_model.safetensors"}, {"rfilename": "vae/config.json"}, {"rfilename": "vae/diffusion_pytorch_model.safetensors"}], "spaces": [], "createdAt": "2024-07-10T01:25:52.000Z", "inferenceStatus": "not-loaded"}