{"_id": "668f0ebaf65238b10c568391", "id": "c-eshih/human_stable_diffusion_concat_loss", "modelId": "c-eshih/human_stable_diffusion_concat_loss", "author": "c-eshih", "sha": "2ac96d26a06c11887ea8f85629a2ef64eb635e24", "lastModified": "2024-07-11T20:03:03.000Z", "private": false, "disabled": false, "gated": false, "tags": ["diffusers", "tensorboard", "safetensors", "diffusers:StableDiffusionInstructPix2PixPipeline", "region:us"], "downloads": 0, "library_name": "diffusers", "likes": 0, "config": {"diffusers": {"_class_name": "StableDiffusionInstructPix2PixPipeline"}}, "siblings": [{"rfilename": ".gitattributes"}, {"rfilename": "checkpoint-1500/optimizer.bin"}, {"rfilename": "checkpoint-1500/random_states_0.pkl"}, {"rfilename": "checkpoint-1500/scaler.pt"}, {"rfilename": "checkpoint-1500/scheduler.bin"}, {"rfilename": "checkpoint-1500/unet/config.json"}, {"rfilename": "checkpoint-1500/unet/diffusion_pytorch_model.safetensors"}, {"rfilename": "checkpoint-1600/optimizer.bin"}, {"rfilename": "checkpoint-1600/random_states_0.pkl"}, {"rfilename": "checkpoint-1600/scaler.pt"}, {"rfilename": "checkpoint-1600/scheduler.bin"}, {"rfilename": "checkpoint-1600/unet/config.json"}, {"rfilename": "checkpoint-1600/unet/diffusion_pytorch_model.safetensors"}, {"rfilename": "feature_extractor/preprocessor_config.json"}, {"rfilename": "logs/instruct-pix2pix/1720651464.635772/events.out.tfevents.1720651464.ambus-algoq6069.4144121.1"}, {"rfilename": "logs/instruct-pix2pix/1720651464.6387064/hparams.yml"}, {"rfilename": "logs/instruct-pix2pix/1720716549.7166672/events.out.tfevents.1720716549.ambus-algoq6069.313154.1"}, {"rfilename": "logs/instruct-pix2pix/1720716549.7197428/hparams.yml"}, {"rfilename": "logs/instruct-pix2pix/events.out.tfevents.1720651464.ambus-algoq6069.4144121.0"}, {"rfilename": "logs/instruct-pix2pix/events.out.tfevents.1720716549.ambus-algoq6069.313154.0"}, {"rfilename": "model_index.json"}, {"rfilename": "safety_checker/config.json"}, {"rfilename": "safety_checker/model.safetensors"}, {"rfilename": "scheduler/scheduler_config.json"}, {"rfilename": "text_encoder/config.json"}, {"rfilename": "text_encoder/model.safetensors"}, {"rfilename": "tokenizer/merges.txt"}, {"rfilename": "tokenizer/special_tokens_map.json"}, {"rfilename": "tokenizer/tokenizer_config.json"}, {"rfilename": "tokenizer/vocab.json"}, {"rfilename": "unet/config.json"}, {"rfilename": "unet/diffusion_pytorch_model.safetensors"}, {"rfilename": "vae/config.json"}, {"rfilename": "vae/diffusion_pytorch_model.safetensors"}], "spaces": [], "createdAt": "2024-07-10T22:44:10.000Z", "inferenceStatus": "not-loaded"}