{"_id": "6673097a8d570d59b8de8aac", "id": "c-eshih/human_stable_diffusion_cropped", "modelId": "c-eshih/human_stable_diffusion_cropped", "author": "c-eshih", "sha": "df829524468501759aa7aca00b5c23ab3b96aca7", "lastModified": "2024-06-21T01:34:44.000Z", "private": false, "disabled": false, "gated": false, "tags": ["diffusers", "tensorboard", "safetensors", "diffusers:StableDiffusionInstructPix2PixPipeline", "region:us"], "downloads": 0, "library_name": "diffusers", "likes": 0, "config": {"diffusers": {"_class_name": "StableDiffusionInstructPix2PixPipeline"}}, "siblings": [{"rfilename": ".gitattributes"}, {"rfilename": "checkpoint-1500/optimizer.bin"}, {"rfilename": "checkpoint-1500/random_states_0.pkl"}, {"rfilename": "checkpoint-1500/scaler.pt"}, {"rfilename": "checkpoint-1500/scheduler.bin"}, {"rfilename": "checkpoint-1500/unet/config.json"}, {"rfilename": "checkpoint-1500/unet/diffusion_pytorch_model.safetensors"}, {"rfilename": "checkpoint-17000/optimizer.bin"}, {"rfilename": "checkpoint-17000/random_states_0.pkl"}, {"rfilename": "checkpoint-17000/scaler.pt"}, {"rfilename": "checkpoint-17000/scheduler.bin"}, {"rfilename": "checkpoint-17000/unet/config.json"}, {"rfilename": "checkpoint-17000/unet/diffusion_pytorch_model.safetensors"}, {"rfilename": "checkpoint-6800/optimizer.bin"}, {"rfilename": "checkpoint-6800/random_states_0.pkl"}, {"rfilename": "checkpoint-6800/scaler.pt"}, {"rfilename": "checkpoint-6800/scheduler.bin"}, {"rfilename": "checkpoint-6800/unet/config.json"}, {"rfilename": "checkpoint-6800/unet/diffusion_pytorch_model.safetensors"}, {"rfilename": "feature_extractor/preprocessor_config.json"}, {"rfilename": "logs/instruct-pix2pix/1718815110.1923974/events.out.tfevents.1718815110.ambus-algoq6069.2943836.1"}, {"rfilename": "logs/instruct-pix2pix/1718815110.1954463/hparams.yml"}, {"rfilename": "logs/instruct-pix2pix/1718832614.030329/events.out.tfevents.1718832614.ambus-algoq6069.3043637.1"}, {"rfilename": "logs/instruct-pix2pix/1718832614.0332685/hparams.yml"}, {"rfilename": "logs/instruct-pix2pix/1718840721.7802765/events.out.tfevents.1718840721.ambus-algoq6069.3088808.1"}, {"rfilename": "logs/instruct-pix2pix/1718840721.7839065/hparams.yml"}, {"rfilename": "logs/instruct-pix2pix/1718907775.6907783/events.out.tfevents.1718907775.ambus-algoq6069.3435533.1"}, {"rfilename": "logs/instruct-pix2pix/1718907775.6924918/hparams.yml"}, {"rfilename": "logs/instruct-pix2pix/1718931339.97817/events.out.tfevents.1718931339.ambus-algoq6069.3558084.1"}, {"rfilename": "logs/instruct-pix2pix/1718931339.9813602/hparams.yml"}, {"rfilename": "logs/instruct-pix2pix/events.out.tfevents.1718815110.ambus-algoq6069.2943836.0"}, {"rfilename": "logs/instruct-pix2pix/events.out.tfevents.1718832614.ambus-algoq6069.3043637.0"}, {"rfilename": "logs/instruct-pix2pix/events.out.tfevents.1718840721.ambus-algoq6069.3088808.0"}, {"rfilename": "logs/instruct-pix2pix/events.out.tfevents.1718907775.ambus-algoq6069.3435533.0"}, {"rfilename": "logs/instruct-pix2pix/events.out.tfevents.1718931339.ambus-algoq6069.3558084.0"}, {"rfilename": "model_index.json"}, {"rfilename": "safety_checker/config.json"}, {"rfilename": "safety_checker/model.safetensors"}, {"rfilename": "scheduler/scheduler_config.json"}, {"rfilename": "text_encoder/config.json"}, {"rfilename": "text_encoder/model.safetensors"}, {"rfilename": "tokenizer/merges.txt"}, {"rfilename": "tokenizer/special_tokens_map.json"}, {"rfilename": "tokenizer/tokenizer_config.json"}, {"rfilename": "tokenizer/vocab.json"}, {"rfilename": "unet/config.json"}, {"rfilename": "unet/diffusion_pytorch_model.safetensors"}, {"rfilename": "vae/config.json"}, {"rfilename": "vae/diffusion_pytorch_model.safetensors"}], "spaces": [], "createdAt": "2024-06-19T16:38:18.000Z", "inferenceStatus": "not-loaded"}