{"_id": "6675ab7aa845e4470f6498c7", "id": "c-eshih/human_stable_diffusion_mask", "modelId": "c-eshih/human_stable_diffusion_mask", "author": "c-eshih", "sha": "43fc765232bcf217aecfb072addaa96a0932fed5", "lastModified": "2024-06-24T17:00:36.000Z", "private": false, "disabled": false, "gated": false, "tags": ["diffusers", "tensorboard", "safetensors", "diffusers:StableDiffusionInstructPix2PixPipeline", "region:us"], "downloads": 0, "library_name": "diffusers", "likes": 0, "config": {"diffusers": {"_class_name": "StableDiffusionInstructPix2PixPipeline"}}, "siblings": [{"rfilename": ".gitattributes"}, {"rfilename": "checkpoint-1700/optimizer.bin"}, {"rfilename": "checkpoint-1700/random_states_0.pkl"}, {"rfilename": "checkpoint-1700/scaler.pt"}, {"rfilename": "checkpoint-1700/scheduler.bin"}, {"rfilename": "checkpoint-1700/unet/config.json"}, {"rfilename": "checkpoint-1700/unet/diffusion_pytorch_model.safetensors"}, {"rfilename": "feature_extractor/preprocessor_config.json"}, {"rfilename": "logs/instruct-pix2pix/1718990181.6612132/events.out.tfevents.1718990181.ambus-algoq6069.3871976.1"}, {"rfilename": "logs/instruct-pix2pix/1718990181.664749/hparams.yml"}, {"rfilename": "logs/instruct-pix2pix/1719006998.4905384/events.out.tfevents.1719006998.ambus-algoq6069.3968953.1"}, {"rfilename": "logs/instruct-pix2pix/1719006998.49346/hparams.yml"}, {"rfilename": "logs/instruct-pix2pix/1719246593.2944207/events.out.tfevents.1719246593.ambus-algoq6069.1084025.1"}, {"rfilename": "logs/instruct-pix2pix/1719246593.2970302/hparams.yml"}, {"rfilename": "logs/instruct-pix2pix/events.out.tfevents.1718990181.ambus-algoq6069.3871976.0"}, {"rfilename": "logs/instruct-pix2pix/events.out.tfevents.1719006998.ambus-algoq6069.3968953.0"}, {"rfilename": "logs/instruct-pix2pix/events.out.tfevents.1719246593.ambus-algoq6069.1084025.0"}, {"rfilename": "model_index.json"}, {"rfilename": "safety_checker/config.json"}, {"rfilename": "safety_checker/model.safetensors"}, {"rfilename": "scheduler/scheduler_config.json"}, {"rfilename": "text_encoder/config.json"}, {"rfilename": "text_encoder/model.safetensors"}, {"rfilename": "tokenizer/merges.txt"}, {"rfilename": "tokenizer/special_tokens_map.json"}, {"rfilename": "tokenizer/tokenizer_config.json"}, {"rfilename": "tokenizer/vocab.json"}, {"rfilename": "unet/config.json"}, {"rfilename": "unet/diffusion_pytorch_model.safetensors"}, {"rfilename": "vae/config.json"}, {"rfilename": "vae/diffusion_pytorch_model.safetensors"}], "spaces": [], "createdAt": "2024-06-21T16:34:02.000Z", "inferenceStatus": "not-loaded"}