{"_id": "6679c4f8db56acf21965b10b", "id": "c-eshih/human_stable_diffusion_mask_2", "modelId": "c-eshih/human_stable_diffusion_mask_2", "author": "c-eshih", "sha": "662b0b3acc0f4f2c075df95a451534dd5770e5fa", "lastModified": "2024-06-26T02:40:52.000Z", "private": false, "disabled": false, "gated": false, "tags": ["diffusers", "tensorboard", "safetensors", "diffusers:StableDiffusionInstructPix2PixPipeline", "region:us"], "downloads": 1, "library_name": "diffusers", "likes": 0, "config": {"diffusers": {"_class_name": "StableDiffusionInstructPix2PixPipeline"}}, "siblings": [{"rfilename": ".gitattributes"}, {"rfilename": "checkpoint-1700/optimizer.bin"}, {"rfilename": "checkpoint-1700/random_states_0.pkl"}, {"rfilename": "checkpoint-1700/scaler.pt"}, {"rfilename": "checkpoint-1700/scheduler.bin"}, {"rfilename": "checkpoint-1700/unet/config.json"}, {"rfilename": "checkpoint-1700/unet/diffusion_pytorch_model.safetensors"}, {"rfilename": "checkpoint-6800/optimizer.bin"}, {"rfilename": "checkpoint-6800/random_states_0.pkl"}, {"rfilename": "checkpoint-6800/scaler.pt"}, {"rfilename": "checkpoint-6800/scheduler.bin"}, {"rfilename": "checkpoint-6800/unet/config.json"}, {"rfilename": "checkpoint-6800/unet/diffusion_pytorch_model.safetensors"}, {"rfilename": "feature_extractor/preprocessor_config.json"}, {"rfilename": "logs/instruct-pix2pix/1719256325.0687094/events.out.tfevents.1719256325.ambus-algoq6069.1139724.1"}, {"rfilename": "logs/instruct-pix2pix/1719256325.0722568/hparams.yml"}, {"rfilename": "logs/instruct-pix2pix/1719263822.5918427/events.out.tfevents.1719263822.ambus-algoq6069.1189746.1"}, {"rfilename": "logs/instruct-pix2pix/1719263822.595014/hparams.yml"}, {"rfilename": "logs/instruct-pix2pix/1719288732.46797/events.out.tfevents.1719288732.ambus-algoq6069.1328514.1"}, {"rfilename": "logs/instruct-pix2pix/1719288732.4718287/hparams.yml"}, {"rfilename": "logs/instruct-pix2pix/1719333168.3264763/events.out.tfevents.1719333168.ambus-algoq6069.1566828.1"}, {"rfilename": "logs/instruct-pix2pix/1719333168.329545/hparams.yml"}, {"rfilename": "logs/instruct-pix2pix/events.out.tfevents.1719256325.ambus-algoq6069.1139724.0"}, {"rfilename": "logs/instruct-pix2pix/events.out.tfevents.1719263822.ambus-algoq6069.1189746.0"}, {"rfilename": "logs/instruct-pix2pix/events.out.tfevents.1719288732.ambus-algoq6069.1328514.0"}, {"rfilename": "logs/instruct-pix2pix/events.out.tfevents.1719333168.ambus-algoq6069.1566828.0"}, {"rfilename": "model_index.json"}, {"rfilename": "safety_checker/config.json"}, {"rfilename": "safety_checker/model.safetensors"}, {"rfilename": "scheduler/scheduler_config.json"}, {"rfilename": "text_encoder/config.json"}, {"rfilename": "text_encoder/model.safetensors"}, {"rfilename": "tokenizer/merges.txt"}, {"rfilename": "tokenizer/special_tokens_map.json"}, {"rfilename": "tokenizer/tokenizer_config.json"}, {"rfilename": "tokenizer/vocab.json"}, {"rfilename": "unet/config.json"}, {"rfilename": "unet/diffusion_pytorch_model.safetensors"}, {"rfilename": "vae/config.json"}, {"rfilename": "vae/diffusion_pytorch_model.safetensors"}], "spaces": [], "createdAt": "2024-06-24T19:11:52.000Z", "inferenceStatus": "not-loaded"}