{"_id": "667f470474fb1736a437fc06", "id": "c-eshih/human_stable_diffusion_concat", "modelId": "c-eshih/human_stable_diffusion_concat", "author": "c-eshih", "sha": "2b85ebca2d670a44f5d3a47a521b56e4d543df79", "lastModified": "2024-07-03T07:01:48.000Z", "private": false, "disabled": false, "gated": false, "tags": ["diffusers", "tensorboard", "safetensors", "diffusers:StableDiffusionInstructPix2PixPipeline", "region:us"], "downloads": 2, "library_name": "diffusers", "likes": 0, "config": {"diffusers": {"_class_name": "StableDiffusionInstructPix2PixPipeline"}}, "siblings": [{"rfilename": ".gitattributes"}, {"rfilename": "checkpoint-1500/optimizer.bin"}, {"rfilename": "checkpoint-1500/random_states_0.pkl"}, {"rfilename": "checkpoint-1500/scaler.pt"}, {"rfilename": "checkpoint-1500/scheduler.bin"}, {"rfilename": "checkpoint-1500/unet/config.json"}, {"rfilename": "checkpoint-1500/unet/diffusion_pytorch_model.safetensors"}, {"rfilename": "checkpoint-1600/optimizer.bin"}, {"rfilename": "checkpoint-1600/random_states_0.pkl"}, {"rfilename": "checkpoint-1600/scaler.pt"}, {"rfilename": "checkpoint-1600/scheduler.bin"}, {"rfilename": "checkpoint-1600/unet/config.json"}, {"rfilename": "checkpoint-1600/unet/diffusion_pytorch_model.safetensors"}, {"rfilename": "checkpoint-6300/optimizer.bin"}, {"rfilename": "checkpoint-6300/random_states_0.pkl"}, {"rfilename": "checkpoint-6300/scaler.pt"}, {"rfilename": "checkpoint-6300/scheduler.bin"}, {"rfilename": "checkpoint-6300/unet/config.json"}, {"rfilename": "checkpoint-6300/unet/diffusion_pytorch_model.safetensors"}, {"rfilename": "checkpoint-6400/optimizer.bin"}, {"rfilename": "checkpoint-6400/random_states_0.pkl"}, {"rfilename": "checkpoint-6400/scaler.pt"}, {"rfilename": "checkpoint-6400/scheduler.bin"}, {"rfilename": "checkpoint-6400/unet/config.json"}, {"rfilename": "checkpoint-6400/unet/diffusion_pytorch_model.safetensors"}, {"rfilename": "feature_extractor/preprocessor_config.json"}, {"rfilename": "logs/instruct-pix2pix/1719618153.5017552/events.out.tfevents.1719618153.ambus-algoq6069.3165670.1"}, {"rfilename": "logs/instruct-pix2pix/1719618153.5048327/hparams.yml"}, {"rfilename": "logs/instruct-pix2pix/1719639070.2094386/events.out.tfevents.1719639070.ambus-algoq6069.3284058.1"}, {"rfilename": "logs/instruct-pix2pix/1719639070.2131581/hparams.yml"}, {"rfilename": "logs/instruct-pix2pix/1719650913.7873292/events.out.tfevents.1719650913.ambus-algoq6069.3352272.1"}, {"rfilename": "logs/instruct-pix2pix/1719650913.7902856/hparams.yml"}, {"rfilename": "logs/instruct-pix2pix/1719875066.464552/events.out.tfevents.1719875066.ambus-algoq6069.429508.1"}, {"rfilename": "logs/instruct-pix2pix/1719875066.467872/hparams.yml"}, {"rfilename": "logs/instruct-pix2pix/1719875181.9074438/events.out.tfevents.1719875181.ambus-algoq6069.430462.1"}, {"rfilename": "logs/instruct-pix2pix/1719875181.910382/hparams.yml"}, {"rfilename": "logs/instruct-pix2pix/1719939382.1511617/events.out.tfevents.1719939382.ambus-algoq6069.787428.1"}, {"rfilename": "logs/instruct-pix2pix/1719939382.1545217/hparams.yml"}, {"rfilename": "logs/instruct-pix2pix/1719952445.4345634/events.out.tfevents.1719952445.ambus-algoq6069.911709.1"}, {"rfilename": "logs/instruct-pix2pix/1719952445.4383821/hparams.yml"}, {"rfilename": "logs/instruct-pix2pix/events.out.tfevents.1719618153.ambus-algoq6069.3165670.0"}, {"rfilename": "logs/instruct-pix2pix/events.out.tfevents.1719639070.ambus-algoq6069.3284058.0"}, {"rfilename": "logs/instruct-pix2pix/events.out.tfevents.1719650913.ambus-algoq6069.3352272.0"}, {"rfilename": "logs/instruct-pix2pix/events.out.tfevents.1719875066.ambus-algoq6069.429508.0"}, {"rfilename": "logs/instruct-pix2pix/events.out.tfevents.1719875181.ambus-algoq6069.430462.0"}, {"rfilename": "logs/instruct-pix2pix/events.out.tfevents.1719939382.ambus-algoq6069.787428.0"}, {"rfilename": "logs/instruct-pix2pix/events.out.tfevents.1719952445.ambus-algoq6069.911709.0"}, {"rfilename": "model_index.json"}, {"rfilename": "safety_checker/config.json"}, {"rfilename": "safety_checker/model.safetensors"}, {"rfilename": "scheduler/scheduler_config.json"}, {"rfilename": "text_encoder/config.json"}, {"rfilename": "text_encoder/model.safetensors"}, {"rfilename": "tokenizer/merges.txt"}, {"rfilename": "tokenizer/special_tokens_map.json"}, {"rfilename": "tokenizer/tokenizer_config.json"}, {"rfilename": "tokenizer/vocab.json"}, {"rfilename": "unet/config.json"}, {"rfilename": "unet/diffusion_pytorch_model.safetensors"}, {"rfilename": "vae/config.json"}, {"rfilename": "vae/diffusion_pytorch_model.safetensors"}], "spaces": [], "createdAt": "2024-06-28T23:28:04.000Z", "inferenceStatus": "not-loaded"}