{"_id": "66849f804a40730c4ec432e8", "id": "c-eshih/human_stable_diffusion_cropped_new", "modelId": "c-eshih/human_stable_diffusion_cropped_new", "author": "c-eshih", "sha": "afbb51dbc5f167d886cd85ca4ed48ba23b053c51", "lastModified": "2024-07-04T06:22:29.000Z", "private": false, "disabled": false, "gated": false, "tags": ["diffusers", "tensorboard", "safetensors", "diffusers:StableDiffusionInstructPix2PixPipeline", "region:us"], "downloads": 1, "library_name": "diffusers", "likes": 0, "config": {"diffusers": {"_class_name": "StableDiffusionInstructPix2PixPipeline"}}, "siblings": [{"rfilename": ".gitattributes"}, {"rfilename": "checkpoint-17000/optimizer.bin"}, {"rfilename": "checkpoint-17000/random_states_0.pkl"}, {"rfilename": "checkpoint-17000/scaler.pt"}, {"rfilename": "checkpoint-17000/scheduler.bin"}, {"rfilename": "checkpoint-17000/unet/config.json"}, {"rfilename": "checkpoint-17000/unet/diffusion_pytorch_model.safetensors"}, {"rfilename": "checkpoint-6800/optimizer.bin"}, {"rfilename": "checkpoint-6800/random_states_0.pkl"}, {"rfilename": "checkpoint-6800/scaler.pt"}, {"rfilename": "checkpoint-6800/scheduler.bin"}, {"rfilename": "checkpoint-6800/unet/config.json"}, {"rfilename": "checkpoint-6800/unet/diffusion_pytorch_model.safetensors"}, {"rfilename": "feature_extractor/preprocessor_config.json"}, {"rfilename": "logs/instruct-pix2pix/1719967635.0503411/events.out.tfevents.1719967635.ambus-algoq6069.1202852.1"}, {"rfilename": "logs/instruct-pix2pix/1719967635.0515106/hparams.yml"}, {"rfilename": "logs/instruct-pix2pix/1720025968.8316507/events.out.tfevents.1720025968.ambus-algoq6069.1854362.1"}, {"rfilename": "logs/instruct-pix2pix/1720025968.8347387/hparams.yml"}, {"rfilename": "logs/instruct-pix2pix/1720031044.0061035/events.out.tfevents.1720031044.ambus-algoq6069.1936523.1"}, {"rfilename": "logs/instruct-pix2pix/1720031044.0092385/hparams.yml"}, {"rfilename": "logs/instruct-pix2pix/1720043941.5024564/events.out.tfevents.1720043941.ambus-algoq6069.2140707.1"}, {"rfilename": "logs/instruct-pix2pix/1720043941.5058956/hparams.yml"}, {"rfilename": "logs/instruct-pix2pix/1720057940.9150202/events.out.tfevents.1720057940.ambus-algoq6069.2299586.1"}, {"rfilename": "logs/instruct-pix2pix/1720057940.9187336/hparams.yml"}, {"rfilename": "logs/instruct-pix2pix/events.out.tfevents.1719967635.ambus-algoq6069.1202852.0"}, {"rfilename": "logs/instruct-pix2pix/events.out.tfevents.1720025968.ambus-algoq6069.1854362.0"}, {"rfilename": "logs/instruct-pix2pix/events.out.tfevents.1720031044.ambus-algoq6069.1936523.0"}, {"rfilename": "logs/instruct-pix2pix/events.out.tfevents.1720043941.ambus-algoq6069.2140707.0"}, {"rfilename": "logs/instruct-pix2pix/events.out.tfevents.1720057940.ambus-algoq6069.2299586.0"}, {"rfilename": "model_index.json"}, {"rfilename": "safety_checker/config.json"}, {"rfilename": "safety_checker/model.safetensors"}, {"rfilename": "scheduler/scheduler_config.json"}, {"rfilename": "text_encoder/config.json"}, {"rfilename": "text_encoder/model.safetensors"}, {"rfilename": "tokenizer/merges.txt"}, {"rfilename": "tokenizer/special_tokens_map.json"}, {"rfilename": "tokenizer/tokenizer_config.json"}, {"rfilename": "tokenizer/vocab.json"}, {"rfilename": "unet/config.json"}, {"rfilename": "unet/diffusion_pytorch_model.safetensors"}, {"rfilename": "vae/config.json"}, {"rfilename": "vae/diffusion_pytorch_model.safetensors"}], "spaces": [], "createdAt": "2024-07-03T00:46:56.000Z", "inferenceStatus": "not-loaded"}