{"_id": "6390984b937867f0cb3febe2", "id": "c-g/sd-class-butterflies-32", "modelId": "c-g/sd-class-butterflies-32", "author": "c-g", "sha": "64f6a55268c378f4b73982765b3d08345c04751c", "lastModified": "2022-12-07T13:42:44.000Z", "private": false, "disabled": false, "gated": false, "pipeline_tag": "unconditional-image-generation", "tags": ["diffusers", "pytorch", "unconditional-image-generation", "diffusion-models-class", "license:mit", "diffusers:DDPMPipeline", "region:us"], "downloads": 9, "library_name": "diffusers", "likes": 0, "model-index": null, "config": {"diffusers": {"_class_name": "DDPMPipeline"}}, "cardData": {"license": "mit", "tags": ["pytorch", "diffusers", "unconditional-image-generation", "diffusion-models-class"]}, "siblings": [{"rfilename": ".gitattributes"}, {"rfilename": "README.md"}, {"rfilename": "config.json"}, {"rfilename": "diffusion_pytorch_model.bin"}, {"rfilename": "model_index.json"}, {"rfilename": "scheduler_config.json"}], "spaces": [], "createdAt": "2022-12-07T13:42:35.000Z", "inferenceStatus": "not-loaded"}