{"_id": "6505736b9622235d7d9776ba", "id": "c-g/ppo-Huggy", "modelId": "c-g/ppo-Huggy", "author": "c-g", "sha": "be43aea34290e10c4b65916bf4871f766f4eb8c7", "lastModified": "2023-09-16T09:21:02.000Z", "private": false, "disabled": false, "gated": false, "pipeline_tag": "reinforcement-learning", "tags": ["ml-agents", "tensorboard", "onnx", "Huggy", "deep-reinforcement-learning", "reinforcement-learning", "ML-Agents-Huggy", "region:us"], "downloads": 61, "library_name": "ml-agents", "likes": 0, "model-index": null, "config": {}, "cardData": {"library_name": "ml-agents", "tags": ["Huggy", "deep-reinforcement-learning", "reinforcement-learning", "ML-Agents-Huggy"]}, "siblings": [{"rfilename": ".gitattributes"}, {"rfilename": "Huggy.onnx"}, {"rfilename": "Huggy/Huggy-1199876.onnx"}, {"rfilename": "Huggy/Huggy-1199876.pt"}, {"rfilename": "Huggy/Huggy-1399727.onnx"}, {"rfilename": "Huggy/Huggy-1399727.pt"}, {"rfilename": "Huggy/Huggy-1599986.onnx"}, {"rfilename": "Huggy/Huggy-1599986.pt"}, {"rfilename": "Huggy/Huggy-1799962.onnx"}, {"rfilename": "Huggy/Huggy-1799962.pt"}, {"rfilename": "Huggy/Huggy-199863.onnx"}, {"rfilename": "Huggy/Huggy-199863.pt"}, {"rfilename": "Huggy/Huggy-1999973.onnx"}, {"rfilename": "Huggy/Huggy-1999973.pt"}, {"rfilename": "Huggy/Huggy-2000027.onnx"}, {"rfilename": "Huggy/Huggy-2000027.pt"}, {"rfilename": "Huggy/Huggy-399909.onnx"}, {"rfilename": "Huggy/Huggy-399909.pt"}, {"rfilename": "Huggy/Huggy-599963.onnx"}, {"rfilename": "Huggy/Huggy-599963.pt"}, {"rfilename": "Huggy/Huggy-799971.onnx"}, {"rfilename": "Huggy/Huggy-799971.pt"}, {"rfilename": "Huggy/Huggy-999931.onnx"}, {"rfilename": "Huggy/Huggy-999931.pt"}, {"rfilename": "Huggy/checkpoint.pt"}, {"rfilename": "Huggy/events.out.tfevents.1694852035.245ac506f082.4550.0"}, {"rfilename": "README.md"}, {"rfilename": "config.json"}, {"rfilename": "configuration.yaml"}, {"rfilename": "run_logs/Player-0.log"}, {"rfilename": "run_logs/timers.json"}, {"rfilename": "run_logs/training_status.json"}], "spaces": [], "createdAt": "2023-09-16T09:20:43.000Z", "inferenceStatus": "not-loaded"}