{"_id": "650c6bffaeb45e887b3f838f", "id": "c-g/SpaceInvadersNoFrameskip-v4", "modelId": "c-g/SpaceInvadersNoFrameskip-v4", "author": "c-g", "sha": "0c76ebaa550b7f6763602502e4f99e2e55bda5a6", "lastModified": "2023-09-21T16:40:47.000Z", "private": false, "disabled": false, "gated": false, "pipeline_tag": "reinforcement-learning", "tags": ["stable-baselines3", "SpaceInvadersNoFrameskip-v4", "deep-reinforcement-learning", "reinforcement-learning", "model-index", "region:us"], "downloads": 5, "library_name": "stable-baselines3", "likes": 0, "model-index": [{"name": "DQN", "results": [{"task": {"type": "reinforcement-learning", "name": "reinforcement-learning"}, "dataset": {"name": "SpaceInvadersNoFrameskip-v4", "type": "SpaceInvadersNoFrameskip-v4"}, "metrics": [{"type": "mean_reward", "value": "257.00 +/- 38.81", "name": "mean_reward", "verified": false}]}]}], "cardData": {"library_name": "stable-baselines3", "tags": ["SpaceInvadersNoFrameskip-v4", "deep-reinforcement-learning", "reinforcement-learning", "stable-baselines3"], "model-index": [{"name": "DQN", "results": [{"task": {"type": "reinforcement-learning", "name": "reinforcement-learning"}, "dataset": {"name": "SpaceInvadersNoFrameskip-v4", "type": "SpaceInvadersNoFrameskip-v4"}, "metrics": [{"type": "mean_reward", "value": "257.00 +/- 38.81", "name": "mean_reward", "verified": false}]}]}]}, "siblings": [{"rfilename": ".gitattributes"}, {"rfilename": "README.md"}, {"rfilename": "args.yml"}, {"rfilename": "config.yml"}, {"rfilename": "dqn-SpaceInvadersNoFrameskip-v4.zip"}, {"rfilename": "dqn-SpaceInvadersNoFrameskip-v4/_stable_baselines3_version"}, {"rfilename": "dqn-SpaceInvadersNoFrameskip-v4/data"}, {"rfilename": "dqn-SpaceInvadersNoFrameskip-v4/policy.optimizer.pth"}, {"rfilename": "dqn-SpaceInvadersNoFrameskip-v4/policy.pth"}, {"rfilename": "dqn-SpaceInvadersNoFrameskip-v4/pytorch_variables.pth"}, {"rfilename": "dqn-SpaceInvadersNoFrameskip-v4/system_info.txt"}, {"rfilename": "env_kwargs.yml"}, {"rfilename": "replay.mp4"}, {"rfilename": "results.json"}, {"rfilename": "train_eval_metrics.zip"}], "spaces": [], "createdAt": "2023-09-21T16:14:55.000Z", "inferenceStatus": "not-loaded"}