{"_id": "66774fa5d0970f1efadcde1a", "id": "C-Ilyas/whisper-base-darija", "modelId": "C-Ilyas/whisper-base-darija", "author": "C-Ilyas", "sha": "e9aa9dcec997be450388ad42d7021f36be31039d", "lastModified": "2024-06-22T22:27:00.000Z", "private": false, "disabled": false, "gated": false, "pipeline_tag": "automatic-speech-recognition", "tags": ["transformers", "tensorboard", "safetensors", "whisper", "automatic-speech-recognition", "generated_from_trainer", "ar", "base_model:openai/whisper-base", "license:apache-2.0", "endpoints_compatible", "region:us"], "downloads": 2, "library_name": "transformers", "likes": 0, "model-index": [{"name": "Whisper-Base-Darija", "results": []}], "config": {"architectures": ["WhisperForConditionalGeneration"], "model_type": "whisper"}, "cardData": {"language": ["ar"], "license": "apache-2.0", "base_model": "openai/whisper-base", "tags": ["generated_from_trainer"], "model-index": [{"name": "Whisper-Base-Darija", "results": []}]}, "transformersInfo": {"auto_model": "AutoModelForSpeechSeq2Seq", "pipeline_tag": "automatic-speech-recognition", "processor": "AutoProcessor"}, "siblings": [{"rfilename": ".gitattributes"}, {"rfilename": "README.md"}, {"rfilename": "config.json"}, {"rfilename": "generation_config.json"}, {"rfilename": "model.safetensors"}, {"rfilename": "preprocessor_config.json"}, {"rfilename": "runs/Jun22_20-05-44_7b4832cb87b2/events.out.tfevents.1719086747.7b4832cb87b2.1165.0"}, {"rfilename": "runs/Jun22_20-11-16_7b4832cb87b2/events.out.tfevents.1719087077.7b4832cb87b2.1165.1"}, {"rfilename": "training_args.bin"}], "spaces": [], "createdAt": "2024-06-22T22:26:45.000Z", "safetensors": {"parameters": {"F32": 72593920}, "total": 72593920}, "inferenceStatus": "not-loaded"}