{"_id": "6490dcd6e751545aa1140720", "id": "C-Lo/finetuning-sentiment-gendered-dataset", "modelId": "C-Lo/finetuning-sentiment-gendered-dataset", "author": "C-Lo", "sha": "a2c1caebba8f50de00c91f051e044f4038592478", "lastModified": "2023-06-19T22:58:29.000Z", "private": false, "disabled": false, "gated": false, "pipeline_tag": "text-classification", "tags": ["transformers", "pytorch", "tensorboard", "distilbert", "text-classification", "generated_from_trainer", "dataset:imdb", "license:apache-2.0", "autotrain_compatible", "endpoints_compatible", "region:us"], "downloads": 3, "library_name": "transformers", "mask_token": "[MASK]", "widgetData": [{"text": "I like you. I love you"}], "likes": 0, "model-index": [{"name": "finetuning-sentiment-gendered-dataset", "results": []}], "config": {"architectures": ["DistilBertForSequenceClassification"], "model_type": "distilbert", "tokenizer_config": {"cls_token": "[CLS]", "mask_token": "[MASK]", "pad_token": "[PAD]", "sep_token": "[SEP]", "unk_token": "[UNK]"}}, "cardData": {"license": "apache-2.0", "tags": ["generated_from_trainer"], "datasets": ["imdb"], "model-index": [{"name": "finetuning-sentiment-gendered-dataset", "results": []}]}, "transformersInfo": {"auto_model": "AutoModelForSequenceClassification", "pipeline_tag": "text-classification", "processor": "AutoTokenizer"}, "siblings": [{"rfilename": ".gitattributes"}, {"rfilename": ".gitignore"}, {"rfilename": "README.md"}, {"rfilename": "config.json"}, {"rfilename": "pytorch_model.bin"}, {"rfilename": "runs/Jun19_22-55-18_3272f3d466a8/1687215330.0309846/events.out.tfevents.1687215330.3272f3d466a8.2784.3"}, {"rfilename": "runs/Jun19_22-55-18_3272f3d466a8/events.out.tfevents.1687215330.3272f3d466a8.2784.2"}, {"rfilename": "special_tokens_map.json"}, {"rfilename": "tokenizer.json"}, {"rfilename": "tokenizer_config.json"}, {"rfilename": "training_args.bin"}, {"rfilename": "vocab.txt"}], "spaces": [], "createdAt": "2023-06-19T22:55:18.000Z", "inferenceStatus": "not-loaded"}