{"_id": "64a87dbc5fc663fee2199442", "id": "C-Lo/finetuning-sentiment-unfiltered-dataset", "modelId": "C-Lo/finetuning-sentiment-unfiltered-dataset", "author": "C-Lo", "sha": "3a0c20e1cdb0c15d3faa7c33968804d1e32571f9", "lastModified": "2023-07-07T21:06:12.000Z", "private": false, "disabled": false, "gated": false, "pipeline_tag": "text-classification", "tags": ["transformers", "pytorch", "tensorboard", "distilbert", "text-classification", "generated_from_trainer", "dataset:imdb", "license:apache-2.0", "autotrain_compatible", "endpoints_compatible", "region:us"], "downloads": 4, "library_name": "transformers", "mask_token": "[MASK]", "widgetData": [{"text": "I like you. I love you"}], "likes": 0, "model-index": [{"name": "finetuning-sentiment-unfiltered-dataset", "results": []}], "config": {"architectures": ["DistilBertForSequenceClassification"], "model_type": "distilbert", "tokenizer_config": {"cls_token": "[CLS]", "mask_token": "[MASK]", "pad_token": "[PAD]", "sep_token": "[SEP]", "unk_token": "[UNK]"}}, "cardData": {"license": "apache-2.0", "tags": ["generated_from_trainer"], "datasets": ["imdb"], "model-index": [{"name": "finetuning-sentiment-unfiltered-dataset", "results": []}]}, "transformersInfo": {"auto_model": "AutoModelForSequenceClassification", "pipeline_tag": "text-classification", "processor": "AutoTokenizer"}, "siblings": [{"rfilename": ".gitattributes"}, {"rfilename": ".gitignore"}, {"rfilename": "README.md"}, {"rfilename": "config.json"}, {"rfilename": "pytorch_model.bin"}, {"rfilename": "runs/Jul07_21-03-51_22bd14c22a1c/1688763840.9923143/events.out.tfevents.1688763840.22bd14c22a1c.323.1"}, {"rfilename": "runs/Jul07_21-03-51_22bd14c22a1c/events.out.tfevents.1688763840.22bd14c22a1c.323.0"}, {"rfilename": "special_tokens_map.json"}, {"rfilename": "tokenizer.json"}, {"rfilename": "tokenizer_config.json"}, {"rfilename": "training_args.bin"}, {"rfilename": "vocab.txt"}], "spaces": [], "createdAt": "2023-07-07T21:03:56.000Z", "inferenceStatus": "not-loaded"}