{"_id": "64d2d17ce185b93d6bfb5258", "id": "C-Lo/unfiltered-dataset", "modelId": "C-Lo/unfiltered-dataset", "author": "C-Lo", "sha": "fc6b21d22f2b32e6572472ea02af0dc22315df41", "lastModified": "2023-08-08T23:39:36.000Z", "private": false, "disabled": false, "gated": false, "pipeline_tag": "text-classification", "tags": ["transformers", "pytorch", "tensorboard", "distilbert", "text-classification", "generated_from_trainer", "dataset:imdb", "license:apache-2.0", "autotrain_compatible", "endpoints_compatible", "region:us"], "downloads": 4, "library_name": "transformers", "mask_token": "[MASK]", "widgetData": [{"text": "I like you. I love you"}], "likes": 0, "model-index": [{"name": "unfiltered-dataset", "results": []}], "config": {"architectures": ["DistilBertForSequenceClassification"], "model_type": "distilbert", "tokenizer_config": {"cls_token": "[CLS]", "mask_token": "[MASK]", "pad_token": "[PAD]", "sep_token": "[SEP]", "unk_token": "[UNK]"}}, "cardData": {"license": "apache-2.0", "tags": ["generated_from_trainer"], "datasets": ["imdb"], "model-index": [{"name": "unfiltered-dataset", "results": []}]}, "transformersInfo": {"auto_model": "AutoModelForSequenceClassification", "pipeline_tag": "text-classification", "processor": "AutoTokenizer"}, "siblings": [{"rfilename": ".gitattributes"}, {"rfilename": ".gitignore"}, {"rfilename": "README.md"}, {"rfilename": "config.json"}, {"rfilename": "pytorch_model.bin"}, {"rfilename": "runs/Aug08_23-36-28_80f4b9de7a8d/1691537793.3545146/events.out.tfevents.1691537793.80f4b9de7a8d.1749.1"}, {"rfilename": "runs/Aug08_23-36-28_80f4b9de7a8d/events.out.tfevents.1691537793.80f4b9de7a8d.1749.0"}, {"rfilename": "special_tokens_map.json"}, {"rfilename": "tokenizer.json"}, {"rfilename": "tokenizer_config.json"}, {"rfilename": "training_args.bin"}, {"rfilename": "vocab.txt"}], "spaces": [], "createdAt": "2023-08-08T23:36:28.000Z", "inferenceStatus": "not-loaded"}