{"_id": "64d972e3887f55fb6e67cd12", "id": "C-Lo/balanced_gendered-dataset", "modelId": "C-Lo/balanced_gendered-dataset", "author": "C-Lo", "sha": "95a949999c2160098a7b7731e6d80eaef3beba31", "lastModified": "2023-08-14T00:21:59.000Z", "private": false, "disabled": false, "gated": false, "pipeline_tag": "text-classification", "tags": ["transformers", "pytorch", "tensorboard", "distilbert", "text-classification", "generated_from_trainer", "dataset:imdb", "license:apache-2.0", "autotrain_compatible", "endpoints_compatible", "region:us"], "downloads": 2, "library_name": "transformers", "mask_token": "[MASK]", "widgetData": [{"text": "I like you. I love you"}], "likes": 0, "model-index": [{"name": "balanced_gendered-dataset", "results": []}], "config": {"architectures": ["DistilBertForSequenceClassification"], "model_type": "distilbert", "tokenizer_config": {"cls_token": "[CLS]", "mask_token": "[MASK]", "pad_token": "[PAD]", "sep_token": "[SEP]", "unk_token": "[UNK]"}}, "cardData": {"license": "apache-2.0", "tags": ["generated_from_trainer"], "datasets": ["imdb"], "model-index": [{"name": "balanced_gendered-dataset", "results": []}]}, "transformersInfo": {"auto_model": "AutoModelForSequenceClassification", "pipeline_tag": "text-classification", "processor": "AutoTokenizer"}, "siblings": [{"rfilename": ".gitattributes"}, {"rfilename": ".gitignore"}, {"rfilename": "README.md"}, {"rfilename": "config.json"}, {"rfilename": "pytorch_model.bin"}, {"rfilename": "runs/Aug14_00-18-42_a5afe1cc102c/1691972327.7108676/events.out.tfevents.1691972327.a5afe1cc102c.784.1"}, {"rfilename": "runs/Aug14_00-18-42_a5afe1cc102c/events.out.tfevents.1691972327.a5afe1cc102c.784.0"}, {"rfilename": "special_tokens_map.json"}, {"rfilename": "tokenizer.json"}, {"rfilename": "tokenizer_config.json"}, {"rfilename": "training_args.bin"}, {"rfilename": "vocab.txt"}], "spaces": [], "createdAt": "2023-08-14T00:18:43.000Z", "inferenceStatus": "not-loaded"}