{"_id": "64d2cf5963b38709c2030ae7", "id": "C-Lo/neutral-dataset", "modelId": "C-Lo/neutral-dataset", "author": "C-Lo", "sha": "7e11ef729c0bbd95344e8d66b8846ef5e782c248", "lastModified": "2023-08-08T23:31:33.000Z", "private": false, "disabled": false, "gated": false, "pipeline_tag": "text-classification", "tags": ["transformers", "pytorch", "tensorboard", "distilbert", "text-classification", "generated_from_trainer", "dataset:imdb", "license:apache-2.0", "autotrain_compatible", "endpoints_compatible", "region:us"], "downloads": 6, "library_name": "transformers", "mask_token": "[MASK]", "widgetData": [{"text": "I like you. I love you"}], "likes": 0, "model-index": [{"name": "neutral-dataset", "results": []}], "config": {"architectures": ["DistilBertForSequenceClassification"], "model_type": "distilbert", "tokenizer_config": {"cls_token": "[CLS]", "mask_token": "[MASK]", "pad_token": "[PAD]", "sep_token": "[SEP]", "unk_token": "[UNK]"}}, "cardData": {"license": "apache-2.0", "tags": ["generated_from_trainer"], "datasets": ["imdb"], "model-index": [{"name": "neutral-dataset", "results": []}]}, "transformersInfo": {"auto_model": "AutoModelForSequenceClassification", "pipeline_tag": "text-classification", "processor": "AutoTokenizer"}, "siblings": [{"rfilename": ".gitattributes"}, {"rfilename": ".gitignore"}, {"rfilename": "README.md"}, {"rfilename": "config.json"}, {"rfilename": "pytorch_model.bin"}, {"rfilename": "runs/Aug08_23-27-21_cebb2e243b9a/1691537254.7107697/events.out.tfevents.1691537254.cebb2e243b9a.958.7"}, {"rfilename": "runs/Aug08_23-27-21_cebb2e243b9a/events.out.tfevents.1691537254.cebb2e243b9a.958.6"}, {"rfilename": "special_tokens_map.json"}, {"rfilename": "tokenizer.json"}, {"rfilename": "tokenizer_config.json"}, {"rfilename": "training_args.bin"}, {"rfilename": "vocab.txt"}], "spaces": [], "createdAt": "2023-08-08T23:27:21.000Z", "inferenceStatus": "not-loaded"}