{"_id": "64922cbfe732d0e2fb5169d2", "id": "C-Lo/finetuning-sentiment-neutral-dataset", "modelId": "C-Lo/finetuning-sentiment-neutral-dataset", "author": "C-Lo", "sha": "8a07afc713a9f01a22d8176687bd42f9f5bffdba", "lastModified": "2023-06-20T23:04:50.000Z", "private": false, "disabled": false, "gated": false, "pipeline_tag": "text-classification", "tags": ["transformers", "pytorch", "tensorboard", "distilbert", "text-classification", "generated_from_trainer", "dataset:imdb", "license:apache-2.0", "autotrain_compatible", "endpoints_compatible", "region:us"], "downloads": 4, "library_name": "transformers", "mask_token": "[MASK]", "widgetData": [{"text": "I like you. I love you"}], "likes": 0, "model-index": [{"name": "finetuning-sentiment-neutral-dataset", "results": []}], "config": {"architectures": ["DistilBertForSequenceClassification"], "model_type": "distilbert", "tokenizer_config": {"cls_token": "[CLS]", "mask_token": "[MASK]", "pad_token": "[PAD]", "sep_token": "[SEP]", "unk_token": "[UNK]"}}, "cardData": {"license": "apache-2.0", "tags": ["generated_from_trainer"], "datasets": ["imdb"], "model-index": [{"name": "finetuning-sentiment-neutral-dataset", "results": []}]}, "transformersInfo": {"auto_model": "AutoModelForSequenceClassification", "pipeline_tag": "text-classification", "processor": "AutoTokenizer"}, "siblings": [{"rfilename": ".gitattributes"}, {"rfilename": ".gitignore"}, {"rfilename": "README.md"}, {"rfilename": "config.json"}, {"rfilename": "pytorch_model.bin"}, {"rfilename": "runs/Jun20_22-48-31_40e8d940068e/1687301365.472224/events.out.tfevents.1687301365.40e8d940068e.5281.1"}, {"rfilename": "runs/Jun20_22-48-31_40e8d940068e/events.out.tfevents.1687301365.40e8d940068e.5281.0"}, {"rfilename": "runs/Jun20_23-00-39_40e8d940068e/1687302041.9923575/events.out.tfevents.1687302041.40e8d940068e.5281.3"}, {"rfilename": "runs/Jun20_23-00-39_40e8d940068e/events.out.tfevents.1687302041.40e8d940068e.5281.2"}, {"rfilename": "special_tokens_map.json"}, {"rfilename": "tokenizer.json"}, {"rfilename": "tokenizer_config.json"}, {"rfilename": "training_args.bin"}, {"rfilename": "vocab.txt"}], "spaces": [], "createdAt": "2023-06-20T22:48:31.000Z", "inferenceStatus": "not-loaded"}