{"_id": "65ce8b74f57be41a93ef9597", "id": "C-n/random-initialization-kde4-en-to-fr", "modelId": "C-n/random-initialization-kde4-en-to-fr", "author": "C-n", "sha": "2cdcb924761771b6986656116e9625914f841c3c", "lastModified": "2024-02-16T21:59:22.000Z", "private": false, "disabled": false, "gated": false, "pipeline_tag": "text2text-generation", "tags": ["transformers", "safetensors", "marian", "text2text-generation", "generated_from_trainer", "dataset:kde4", "base_model:C-n/random-initialization-kde4-en-to-fr", "license:apache-2.0", "autotrain_compatible", "endpoints_compatible", "region:us"], "downloads": 0, "library_name": "transformers", "likes": 0, "model-index": [{"name": "random-initialization-kde4-en-to-fr", "results": []}], "config": {"architectures": ["MarianMTModel"], "model_type": "marian", "tokenizer_config": {"eos_token": "</s>", "pad_token": "<pad>", "unk_token": "<unk>"}}, "cardData": {"license": "apache-2.0", "base_model": "C-n/random-initialization-kde4-en-to-fr", "tags": ["generated_from_trainer"], "datasets": ["kde4"], "model-index": [{"name": "random-initialization-kde4-en-to-fr", "results": []}]}, "transformersInfo": {"auto_model": "AutoModelForSeq2SeqLM", "pipeline_tag": "text2text-generation", "processor": "AutoTokenizer"}, "siblings": [{"rfilename": ".gitattributes"}, {"rfilename": "README.md"}, {"rfilename": "config.json"}, {"rfilename": "generation_config.json"}, {"rfilename": "model.safetensors"}, {"rfilename": "source.spm"}, {"rfilename": "special_tokens_map.json"}, {"rfilename": "target.spm"}, {"rfilename": "tokenizer_config.json"}, {"rfilename": "training_args.bin"}, {"rfilename": "vocab.json"}], "spaces": [], "createdAt": "2024-02-15T22:08:52.000Z", "safetensors": {"parameters": {"F32": 74669178}, "total": 74669178}, "inferenceStatus": "not-loaded"}