{"_id": "65de80c169b88952482d4c55", "id": "C-n/marian-finetuned-kde4-en-to-fr_adam", "modelId": "C-n/marian-finetuned-kde4-en-to-fr_adam", "author": "C-n", "sha": "83cd24b84b2ea5a7fa55aed2bfbde314bd830d3a", "lastModified": "2024-02-28T00:39:41.000Z", "private": false, "disabled": false, "gated": false, "pipeline_tag": "text2text-generation", "tags": ["transformers", "safetensors", "marian", "text2text-generation", "generated_from_trainer", "dataset:kde4", "base_model:Helsinki-NLP/opus-mt-en-fr", "license:apache-2.0", "model-index", "autotrain_compatible", "endpoints_compatible", "region:us"], "downloads": 0, "library_name": "transformers", "likes": 0, "model-index": [{"name": "marian-finetuned-kde4-en-to-fr_adam", "results": [{"task": {"name": "Sequence-to-sequence Language Modeling", "type": "text2text-generation"}, "dataset": {"name": "kde4", "type": "kde4", "config": "en-fr", "split": "train", "args": "en-fr"}, "metrics": [{"name": "Bleu", "type": "bleu", "value": 49.937804224636615, "verified": false}]}]}], "config": {"architectures": ["MarianMTModel"], "model_type": "marian", "tokenizer_config": {"eos_token": "</s>", "pad_token": "<pad>", "unk_token": "<unk>"}}, "cardData": {"license": "apache-2.0", "base_model": "Helsinki-NLP/opus-mt-en-fr", "tags": ["generated_from_trainer"], "datasets": ["kde4"], "metrics": ["bleu"], "model-index": [{"name": "marian-finetuned-kde4-en-to-fr_adam", "results": [{"task": {"name": "Sequence-to-sequence Language Modeling", "type": "text2text-generation"}, "dataset": {"name": "kde4", "type": "kde4", "config": "en-fr", "split": "train", "args": "en-fr"}, "metrics": [{"name": "Bleu", "type": "bleu", "value": 49.937804224636615, "verified": false}]}]}]}, "transformersInfo": {"auto_model": "AutoModelForSeq2SeqLM", "pipeline_tag": "text2text-generation", "processor": "AutoTokenizer"}, "siblings": [{"rfilename": ".gitattributes"}, {"rfilename": "README.md"}, {"rfilename": "config.json"}, {"rfilename": "generation_config.json"}, {"rfilename": "model.safetensors"}, {"rfilename": "source.spm"}, {"rfilename": "special_tokens_map.json"}, {"rfilename": "target.spm"}, {"rfilename": "tokenizer_config.json"}, {"rfilename": "training_args.bin"}, {"rfilename": "vocab.json"}], "spaces": [], "createdAt": "2024-02-28T00:39:29.000Z", "safetensors": {"parameters": {"F32": 74669178}, "total": 74669178}, "inferenceStatus": "not-loaded"}