{"_id": "664e2b07a4ab3fda2bf51179", "id": "C-O-P-A/WL-sim-query", "modelId": "C-O-P-A/WL-sim-query", "author": "C-O-P-A", "sha": "558644904f03153c7d96f43547657cf99f0bdf3b", "lastModified": "2024-05-22T17:31:13.000Z", "private": false, "disabled": false, "gated": false, "pipeline_tag": "text2text-generation", "tags": ["transformers", "safetensors", "t5", "text2text-generation", "autotrain_compatible", "text-generation-inference", "endpoints_compatible", "region:us"], "downloads": 3, "library_name": "transformers", "likes": 0, "config": {"architectures": ["T5ForConditionalGeneration"], "model_type": "t5", "tokenizer_config": {"eos_token": "</s>", "pad_token": "<pad>", "unk_token": "<unk>"}}, "transformersInfo": {"auto_model": "AutoModelForSeq2SeqLM", "pipeline_tag": "text2text-generation", "processor": "AutoTokenizer"}, "siblings": [{"rfilename": ".gitattributes"}, {"rfilename": "config.json"}, {"rfilename": "generation_config.json"}, {"rfilename": "model.safetensors"}, {"rfilename": "spiece.model"}, {"rfilename": "tokenizer_config.json"}], "spaces": [], "createdAt": "2024-05-22T17:27:35.000Z", "safetensors": {"parameters": {"F32": 783150080}, "total": 783150080}, "inferenceStatus": "not-loaded"}