{"_id": "6606c8bac80f00137fa5a9f6", "id": "C-pangpang/marian-finetuned-kde4-en-to-zh", "modelId": "C-pangpang/marian-finetuned-kde4-en-to-zh", "author": "C-pangpang", "sha": "e5f573bfdff56db4de389c7efcb90843811193e6", "lastModified": "2024-03-29T14:27:01.000Z", "private": false, "disabled": false, "gated": false, "pipeline_tag": "text2text-generation", "tags": ["transformers", "safetensors", "marian", "text2text-generation", "autotrain_compatible", "endpoints_compatible", "region:us"], "downloads": 0, "library_name": "transformers", "likes": 0, "config": {"architectures": ["MarianMTModel"], "model_type": "marian", "tokenizer_config": {"eos_token": "</s>", "pad_token": "<pad>", "unk_token": "<unk>"}}, "transformersInfo": {"auto_model": "AutoModelForSeq2SeqLM", "pipeline_tag": "text2text-generation", "processor": "AutoTokenizer"}, "siblings": [{"rfilename": ".gitattributes"}, {"rfilename": "config.json"}, {"rfilename": "model.safetensors"}, {"rfilename": "source.spm"}, {"rfilename": "special_tokens_map.json"}, {"rfilename": "target.spm"}, {"rfilename": "tokenizer_config.json"}, {"rfilename": "training_args.bin"}, {"rfilename": "vocab.json"}], "spaces": [], "createdAt": "2024-03-29T13:57:14.000Z", "safetensors": {"parameters": {"F32": 77484009}, "total": 77484009}, "inferenceStatus": "not-loaded"}