{"_id": "65a97698cab1bfcc3adbbb1a", "id": "C-Stuti/BertSeqCls_full_data", "modelId": "C-Stuti/BertSeqCls_full_data", "author": "C-Stuti", "sha": "5427db2d76c05db2d203c89cf48fc328c480d551", "lastModified": "2024-01-18T19:13:45.000Z", "private": false, "disabled": false, "gated": false, "pipeline_tag": "text-classification", "tags": ["transformers", "safetensors", "bert", "text-classification", "autotrain_compatible", "endpoints_compatible", "region:us"], "downloads": 4, "library_name": "transformers", "mask_token": "[MASK]", "widgetData": [{"text": "I like you. I love you"}], "likes": 0, "config": {"architectures": ["BertForSequenceClassification"], "model_type": "bert", "tokenizer_config": {"cls_token": "[CLS]", "mask_token": "[MASK]", "pad_token": "[PAD]", "sep_token": "[SEP]", "unk_token": "[UNK]"}}, "transformersInfo": {"auto_model": "AutoModelForSequenceClassification", "pipeline_tag": "text-classification", "processor": "AutoTokenizer"}, "siblings": [{"rfilename": ".gitattributes"}, {"rfilename": "config.json"}, {"rfilename": "model.safetensors"}, {"rfilename": "special_tokens_map.json"}, {"rfilename": "tokenizer_config.json"}, {"rfilename": "vocab.txt"}], "spaces": [], "createdAt": "2024-01-18T19:06:00.000Z", "safetensors": {"parameters": {"F32": 109503772}, "total": 109503772}, "inferenceStatus": "not-loaded"}