{"_id": "65bb79ab806e93eaae55a03d", "id": "C-Stuti/table-transformer-detection_10", "modelId": "C-Stuti/table-transformer-detection_10", "author": "C-Stuti", "sha": "fe47e60ed5115c131af3d781002114cae99bc99b", "lastModified": "2024-02-01T10:59:58.000Z", "private": false, "disabled": false, "gated": false, "pipeline_tag": "object-detection", "tags": ["transformers", "safetensors", "table-transformer", "object-detection", "arxiv:1910.09700", "endpoints_compatible", "region:us"], "downloads": 187, "library_name": "transformers", "likes": 0, "model-index": null, "config": {"architectures": ["TableTransformerForObjectDetection"], "model_type": "table-transformer"}, "cardData": {"library_name": "transformers", "tags": []}, "transformersInfo": {"auto_model": "AutoModelForObjectDetection", "pipeline_tag": "object-detection", "processor": "AutoImageProcessor"}, "siblings": [{"rfilename": ".gitattributes"}, {"rfilename": "README.md"}, {"rfilename": "config.json"}, {"rfilename": "model.safetensors"}, {"rfilename": "preprocessor_config.json"}], "spaces": [], "createdAt": "2024-02-01T10:59:55.000Z", "safetensors": {"parameters": {"F32": 28818631}, "total": 28818631}, "inferenceStatus": "not-loaded"}