{"_id": "6575ccb654d1749612014b17", "id": "C-Stuti/zephyr-chatbot", "modelId": "C-Stuti/zephyr-chatbot", "author": "C-Stuti", "sha": "e21bbc19e9e022eff645f52bd0fbc7fd187dd602", "lastModified": "2023-12-10T23:58:18.000Z", "private": false, "disabled": false, "gated": false, "tags": ["peft", "tensorboard", "safetensors", "generated_from_trainer", "base_model:TheBloke/zephyr-7B-alpha-GPTQ", "license:mit", "region:us"], "downloads": 0, "library_name": "peft", "likes": 0, "model-index": [{"name": "zephyr-chatbot", "results": []}], "config": {"tokenizer_config": {"bos_token": "<s>", "eos_token": "</s>", "pad_token": "</s>", "unk_token": "<unk>", "use_default_system_prompt": true}, "peft": {"base_model_name_or_path": "TheBloke/zephyr-7B-alpha-GPTQ", "task_type": "CAUSAL_LM"}}, "cardData": {"license": "mit", "library_name": "peft", "tags": ["generated_from_trainer"], "base_model": "TheBloke/zephyr-7B-alpha-GPTQ", "model-index": [{"name": "zephyr-chatbot", "results": []}]}, "siblings": [{"rfilename": ".gitattributes"}, {"rfilename": "README.md"}, {"rfilename": "adapter_config.json"}, {"rfilename": "adapter_model.safetensors"}, {"rfilename": "emissions.csv"}, {"rfilename": "runs/Dec10_14-37-59_141-148-31-151/events.out.tfevents.1702219081.141-148-31-151.300791.0"}, {"rfilename": "runs/Dec10_14-40-46_141-148-31-151/events.out.tfevents.1702219248.141-148-31-151.301698.0"}, {"rfilename": "runs/Dec10_14-46-12_141-148-31-151/events.out.tfevents.1702219575.141-148-31-151.303924.0"}, {"rfilename": "runs/Dec10_20-30-52_141-148-31-151/events.out.tfevents.1702240255.141-148-31-151.309393.0"}, {"rfilename": "runs/Dec10_20-36-19_141-148-31-151/events.out.tfevents.1702240581.141-148-31-151.310144.0"}, {"rfilename": "special_tokens_map.json"}, {"rfilename": "tokenizer.json"}, {"rfilename": "tokenizer.model"}, {"rfilename": "tokenizer_config.json"}, {"rfilename": "training_args.bin"}], "spaces": [], "createdAt": "2023-12-10T14:35:34.000Z", "inferenceStatus": "not-loaded"}