{"_id": "6570d753806dee337db28ee7", "id": "C-Stuti/my_finetuned_wnut_model_1012", "modelId": "C-Stuti/my_finetuned_wnut_model_1012", "author": "C-Stuti", "sha": "335441e842113e8c40227b77119317276711c1f8", "lastModified": "2023-12-06T20:21:53.000Z", "private": false, "disabled": false, "gated": false, "pipeline_tag": "token-classification", "tags": ["transformers", "tensorboard", "safetensors", "bert", "token-classification", "autotrain_compatible", "endpoints_compatible", "region:us"], "downloads": 3, "library_name": "transformers", "mask_token": "[MASK]", "widgetData": [{"text": "My name is Wolfgang and I live in Berlin"}, {"text": "My name is Sarah and I live in London"}, {"text": "My name is Clara and I live in Berkeley, California."}], "likes": 0, "config": {"architectures": ["BertForTokenClassification"], "model_type": "bert", "tokenizer_config": {"cls_token": "[CLS]", "mask_token": "[MASK]", "pad_token": "[PAD]", "sep_token": "[SEP]", "unk_token": "[UNK]"}}, "transformersInfo": {"auto_model": "AutoModelForTokenClassification", "pipeline_tag": "token-classification", "processor": "AutoTokenizer"}, "siblings": [{"rfilename": ".gitattributes"}, {"rfilename": "config.json"}, {"rfilename": "model.safetensors"}, {"rfilename": "runs/Dec06_20-19-20_6eaa5d2b3a9c/events.out.tfevents.1701893971.6eaa5d2b3a9c.151.1"}, {"rfilename": "special_tokens_map.json"}, {"rfilename": "tokenizer.json"}, {"rfilename": "tokenizer_config.json"}, {"rfilename": "training_args.bin"}, {"rfilename": "vocab.txt"}], "spaces": [], "createdAt": "2023-12-06T20:19:31.000Z", "safetensors": {"parameters": {"F32": 107729677}, "total": 107729677}, "inferenceStatus": "not-loaded"}