{"_id": "65a68010293f73160da7c88d", "id": "C-Stuti/output", "modelId": "C-Stuti/output", "author": "C-Stuti", "sha": "e1f6472b903c0a42470bff43c2f7df13af016145", "lastModified": "2024-01-18T19:07:32.000Z", "private": false, "disabled": false, "gated": false, "pipeline_tag": "text-classification", "tags": ["transformers", "tensorboard", "safetensors", "bert", "text-classification", "generated_from_trainer", "base_model:bert-base-uncased", "license:apache-2.0", "autotrain_compatible", "endpoints_compatible", "region:us"], "downloads": 3, "library_name": "transformers", "mask_token": "[MASK]", "widgetData": [{"text": "I like you. I love you"}], "likes": 0, "model-index": [{"name": "output", "results": []}], "config": {"architectures": ["BertForSequenceClassification"], "model_type": "bert"}, "cardData": {"license": "apache-2.0", "base_model": "bert-base-uncased", "tags": ["generated_from_trainer"], "metrics": ["accuracy", "precision", "recall", "f1"], "model-index": [{"name": "output", "results": []}]}, "transformersInfo": {"auto_model": "AutoModelForSequenceClassification", "pipeline_tag": "text-classification", "processor": "AutoTokenizer"}, "siblings": [{"rfilename": ".gitattributes"}, {"rfilename": "README.md"}, {"rfilename": "config.json"}, {"rfilename": "model.safetensors"}, {"rfilename": "runs/Jan16_13-09-36_c5e829648c2b/events.out.tfevents.1705410576.c5e829648c2b.21331.0"}, {"rfilename": "runs/Jan16_13-15-16_c5e829648c2b/events.out.tfevents.1705410920.c5e829648c2b.21331.1"}, {"rfilename": "runs/Jan16_16-24-21_80b3d63e199d/events.out.tfevents.1705422262.80b3d63e199d.8425.0"}, {"rfilename": "runs/Jan16_16-24-21_80b3d63e199d/events.out.tfevents.1705428444.80b3d63e199d.8425.1"}, {"rfilename": "runs/Jan18_16-55-16_5ec55a6fdce0/events.out.tfevents.1705596917.5ec55a6fdce0.78.0"}, {"rfilename": "runs/Jan18_16-59-35_5ec55a6fdce0/events.out.tfevents.1705597179.5ec55a6fdce0.78.1"}, {"rfilename": "runs/Jan18_17-15-17_5ec55a6fdce0/events.out.tfevents.1705598121.5ec55a6fdce0.78.2"}, {"rfilename": "runs/Jan18_17-18-29_5ec55a6fdce0/events.out.tfevents.1705598312.5ec55a6fdce0.78.3"}, {"rfilename": "runs/Jan18_17-18-29_5ec55a6fdce0/events.out.tfevents.1705604756.5ec55a6fdce0.78.4"}, {"rfilename": "training_args.bin"}], "spaces": [], "createdAt": "2024-01-16T13:09:36.000Z", "safetensors": {"parameters": {"F32": 109503772}, "total": 109503772}, "inferenceStatus": "not-loaded"}