{"_id": "65b16667ce74220b83ea4a93", "id": "C-Stuti/temp_model_outputdir", "modelId": "C-Stuti/temp_model_outputdir", "author": "C-Stuti", "sha": "bd5837cb4f844b07c24e1ca6fb00dd7cffb43818", "lastModified": "2024-01-24T19:35:59.000Z", "private": false, "disabled": false, "gated": false, "pipeline_tag": "text-classification", "tags": ["transformers", "safetensors", "roberta", "text-classification", "generated_from_trainer", "base_model:roberta-large", "license:mit", "autotrain_compatible", "endpoints_compatible", "region:us"], "downloads": 2, "library_name": "transformers", "mask_token": "<mask>", "widgetData": [{"text": "I like you. I love you"}], "likes": 0, "model-index": [{"name": "temp_model_outputdir", "results": []}], "config": {"architectures": ["RobertaForSequenceClassification"], "model_type": "roberta", "tokenizer_config": {"bos_token": "<s>", "cls_token": "<s>", "eos_token": "</s>", "mask_token": "<mask>", "pad_token": "<pad>", "sep_token": "</s>", "unk_token": "<unk>"}}, "cardData": {"license": "mit", "base_model": "roberta-large", "tags": ["generated_from_trainer"], "metrics": ["precision", "recall", "f1", "accuracy"], "model-index": [{"name": "temp_model_outputdir", "results": []}]}, "transformersInfo": {"auto_model": "AutoModelForSequenceClassification", "pipeline_tag": "text-classification", "processor": "AutoTokenizer"}, "siblings": [{"rfilename": ".gitattributes"}, {"rfilename": "README.md"}, {"rfilename": "config.json"}, {"rfilename": "merges.txt"}, {"rfilename": "model.safetensors"}, {"rfilename": "special_tokens_map.json"}, {"rfilename": "tokenizer.json"}, {"rfilename": "tokenizer_config.json"}, {"rfilename": "training_args.bin"}, {"rfilename": "vocab.json"}], "spaces": [], "createdAt": "2024-01-24T19:35:03.000Z", "safetensors": {"parameters": {"F32": 355387419}, "total": 355387419}, "inferenceStatus": "not-loaded"}