{"_id": "648833c3fdf5b20ec6792204", "id": "c-tawayip/mt5-small-Multitask-Thai-Text-Generator", "modelId": "c-tawayip/mt5-small-Multitask-Thai-Text-Generator", "author": "c-tawayip", "sha": "c29c322f33db394340f01b663f703fdb2b403664", "lastModified": "2024-05-01T08:13:44.000Z", "private": false, "disabled": false, "gated": false, "pipeline_tag": "text2text-generation", "tags": ["transformers", "pytorch", "tensorboard", "mt5", "text2text-generation", "autotrain_compatible", "endpoints_compatible", "region:us"], "downloads": 1, "library_name": "transformers", "likes": 0, "config": {"architectures": ["MT5ForConditionalGeneration"], "model_type": "mt5", "tokenizer_config": {"eos_token": "</s>", "pad_token": "<pad>", "unk_token": "<unk>"}}, "transformersInfo": {"auto_model": "AutoModelForSeq2SeqLM", "pipeline_tag": "text2text-generation", "processor": "AutoTokenizer"}, "siblings": [{"rfilename": ".gitattributes"}, {"rfilename": ".gitignore"}, {"rfilename": "README.md"}, {"rfilename": "config.json"}, {"rfilename": "logs/1686647766.1545162/events.out.tfevents.1686647766.99e8d98decd9.27432.1"}, {"rfilename": "logs/events.out.tfevents.1686647766.99e8d98decd9.27432.0"}, {"rfilename": "pytorch_model.bin"}, {"rfilename": "special_tokens_map.json"}, {"rfilename": "spiece.model"}, {"rfilename": "tokenizer.json"}, {"rfilename": "tokenizer_config.json"}, {"rfilename": "training_args.bin"}], "spaces": [], "createdAt": "2023-06-13T09:15:47.000Z", "inferenceStatus": "not-loaded"}