{"_id": "658b510c7a006cce46463532", "id": "c-wang/poca-SoccerTwos", "modelId": "c-wang/poca-SoccerTwos", "author": "c-wang", "sha": "d27150f2d2db46099c6bb283720c75d3536e78ae", "lastModified": "2023-12-26T22:20:10.000Z", "private": false, "disabled": false, "gated": false, "pipeline_tag": "reinforcement-learning", "tags": ["ml-agents", "tensorboard", "onnx", "SoccerTwos", "deep-reinforcement-learning", "reinforcement-learning", "ML-Agents-SoccerTwos", "region:us"], "downloads": 12, "library_name": "ml-agents", "likes": 0, "model-index": null, "config": {}, "cardData": {"library_name": "ml-agents", "tags": ["SoccerTwos", "deep-reinforcement-learning", "reinforcement-learning", "ML-Agents-SoccerTwos"]}, "siblings": [{"rfilename": ".gitattributes"}, {"rfilename": "README.md"}, {"rfilename": "SoccerTwos.onnx"}, {"rfilename": "SoccerTwos/SoccerTwos-48499860.onnx"}, {"rfilename": "SoccerTwos/SoccerTwos-48499860.pt"}, {"rfilename": "SoccerTwos/SoccerTwos-48999946.onnx"}, {"rfilename": "SoccerTwos/SoccerTwos-48999946.pt"}, {"rfilename": "SoccerTwos/SoccerTwos-49499990.onnx"}, {"rfilename": "SoccerTwos/SoccerTwos-49499990.pt"}, {"rfilename": "SoccerTwos/SoccerTwos-49999865.onnx"}, {"rfilename": "SoccerTwos/SoccerTwos-49999865.pt"}, {"rfilename": "SoccerTwos/SoccerTwos-50000036.onnx"}, {"rfilename": "SoccerTwos/SoccerTwos-50000036.pt"}, {"rfilename": "SoccerTwos/checkpoint.pt"}, {"rfilename": "SoccerTwos/events.out.tfevents.1703464607.DESKTOP-8RQVDLC.17120.0"}, {"rfilename": "config.json"}, {"rfilename": "configuration.yaml"}, {"rfilename": "run_logs/Player-0.log"}, {"rfilename": "run_logs/timers.json"}, {"rfilename": "run_logs/training_status.json"}], "spaces": [], "createdAt": "2023-12-26T22:17:48.000Z", "inferenceStatus": "not-loaded"}