{"_id": "65862b6bf8b453e1f5121787", "id": "c-wang/drl-course-unit5-pyramid", "modelId": "c-wang/drl-course-unit5-pyramid", "author": "c-wang", "sha": "cf371716d06d330d56e5cc5008cd8fa916d680ef", "lastModified": "2023-12-23T00:35:59.000Z", "private": false, "disabled": false, "gated": false, "pipeline_tag": "reinforcement-learning", "tags": ["ml-agents", "tensorboard", "onnx", "Pyramids", "deep-reinforcement-learning", "reinforcement-learning", "ML-Agents-Pyramids", "region:us"], "downloads": 7, "library_name": "ml-agents", "likes": 0, "model-index": null, "config": {}, "cardData": {"library_name": "ml-agents", "tags": ["Pyramids", "deep-reinforcement-learning", "reinforcement-learning", "ML-Agents-Pyramids"]}, "siblings": [{"rfilename": ".gitattributes"}, {"rfilename": "Pyramids.onnx"}, {"rfilename": "Pyramids/Pyramids-1000006.onnx"}, {"rfilename": "Pyramids/Pyramids-1000006.pt"}, {"rfilename": "Pyramids/Pyramids-499918.onnx"}, {"rfilename": "Pyramids/Pyramids-499918.pt"}, {"rfilename": "Pyramids/Pyramids-999903.onnx"}, {"rfilename": "Pyramids/Pyramids-999903.pt"}, {"rfilename": "Pyramids/checkpoint.pt"}, {"rfilename": "Pyramids/events.out.tfevents.1703289093.6ff2492dd737.8391.0"}, {"rfilename": "README.md"}, {"rfilename": "config.json"}, {"rfilename": "configuration.yaml"}, {"rfilename": "run_logs/Player-0.log"}, {"rfilename": "run_logs/timers.json"}, {"rfilename": "run_logs/training_status.json"}], "spaces": [], "createdAt": "2023-12-23T00:35:55.000Z", "inferenceStatus": "not-loaded"}