{"_id": "6586202692c8cc471f0b7f0f", "id": "c-wang/drl-course-unit5-Snowball", "modelId": "c-wang/drl-course-unit5-Snowball", "author": "c-wang", "sha": "a3cf93704aa2e190151bf4a3a224c337dd124f1a", "lastModified": "2023-12-22T23:47:55.000Z", "private": false, "disabled": false, "gated": false, "pipeline_tag": "reinforcement-learning", "tags": ["ml-agents", "tensorboard", "onnx", "SnowballTarget", "deep-reinforcement-learning", "reinforcement-learning", "ML-Agents-SnowballTarget", "region:us"], "downloads": 10, "library_name": "ml-agents", "likes": 0, "model-index": null, "config": {}, "cardData": {"library_name": "ml-agents", "tags": ["SnowballTarget", "deep-reinforcement-learning", "reinforcement-learning", "ML-Agents-SnowballTarget"]}, "siblings": [{"rfilename": ".gitattributes"}, {"rfilename": "README.md"}, {"rfilename": "SnowballTarget.onnx"}, {"rfilename": "SnowballTarget/SnowballTarget-150176.onnx"}, {"rfilename": "SnowballTarget/SnowballTarget-150176.pt"}, {"rfilename": "SnowballTarget/SnowballTarget-199984.onnx"}, {"rfilename": "SnowballTarget/SnowballTarget-199984.pt"}, {"rfilename": "SnowballTarget/SnowballTarget-299968.onnx"}, {"rfilename": "SnowballTarget/SnowballTarget-299968.pt"}, {"rfilename": "SnowballTarget/SnowballTarget-300352.onnx"}, {"rfilename": "SnowballTarget/SnowballTarget-300352.pt"}, {"rfilename": "SnowballTarget/SnowballTarget-99960.onnx"}, {"rfilename": "SnowballTarget/SnowballTarget-99960.pt"}, {"rfilename": "SnowballTarget/checkpoint.pt"}, {"rfilename": "SnowballTarget/events.out.tfevents.1703287904.6ff2492dd737.3217.0"}, {"rfilename": "SnowballTarget/events.out.tfevents.1703288375.6ff2492dd737.5275.0"}, {"rfilename": "config.json"}, {"rfilename": "configuration.yaml"}, {"rfilename": "run_logs/Player-0.log"}, {"rfilename": "run_logs/timers.json"}, {"rfilename": "run_logs/training_status.json"}], "spaces": [], "createdAt": "2023-12-22T23:47:50.000Z", "inferenceStatus": "not-loaded"}