{"_id": "6589e5afbbb04840e3c32c71", "id": "c-wang/rl_course_vizdoom_health_gathering_supreme", "modelId": "c-wang/rl_course_vizdoom_health_gathering_supreme", "author": "c-wang", "sha": "e950ea69a9f42c242610fe766a07d21fbcf7013c", "lastModified": "2023-12-25T20:27:38.000Z", "private": false, "disabled": false, "gated": false, "pipeline_tag": "reinforcement-learning", "tags": ["sample-factory", "tensorboard", "deep-reinforcement-learning", "reinforcement-learning", "model-index", "region:us"], "downloads": 0, "library_name": "sample-factory", "likes": 0, "model-index": [{"name": "APPO", "results": [{"task": {"type": "reinforcement-learning", "name": "reinforcement-learning"}, "dataset": {"name": "doom_health_gathering_supreme", "type": "doom_health_gathering_supreme"}, "metrics": [{"type": "mean_reward", "value": "8.98 +/- 3.92", "name": "mean_reward", "verified": false}]}]}], "config": {}, "cardData": {"library_name": "sample-factory", "tags": ["deep-reinforcement-learning", "reinforcement-learning", "sample-factory"], "model-index": [{"name": "APPO", "results": [{"task": {"type": "reinforcement-learning", "name": "reinforcement-learning"}, "dataset": {"name": "doom_health_gathering_supreme", "type": "doom_health_gathering_supreme"}, "metrics": [{"type": "mean_reward", "value": "8.98 +/- 3.92", "name": "mean_reward", "verified": false}]}]}]}, "siblings": [{"rfilename": ".gitattributes"}, {"rfilename": ".summary/0/events.out.tfevents.1703534506.d01024f51a1a"}, {"rfilename": "README.md"}, {"rfilename": "checkpoint_p0/best_000000978_4005888_reward_23.285.pth"}, {"rfilename": "checkpoint_p0/checkpoint_000000945_3870720.pth"}, {"rfilename": "checkpoint_p0/checkpoint_000000978_4005888.pth"}, {"rfilename": "config.json"}, {"rfilename": "replay.mp4"}], "spaces": [], "createdAt": "2023-12-25T20:27:27.000Z", "inferenceStatus": "not-loaded"}