{"_id": "6583c161140f591adefdeb0c", "id": "c-wang/ppo-Huggy", "modelId": "c-wang/ppo-Huggy", "author": "c-wang", "sha": "98c22b096018de4bc890c31f4b941686459484c1", "lastModified": "2023-12-21T04:39:06.000Z", "private": false, "disabled": false, "gated": false, "pipeline_tag": "reinforcement-learning", "tags": ["ml-agents", "tensorboard", "onnx", "Huggy", "deep-reinforcement-learning", "reinforcement-learning", "ML-Agents-Huggy", "region:us"], "downloads": 36, "library_name": "ml-agents", "likes": 0, "model-index": null, "config": {}, "cardData": {"library_name": "ml-agents", "tags": ["Huggy", "deep-reinforcement-learning", "reinforcement-learning", "ML-Agents-Huggy"]}, "siblings": [{"rfilename": ".gitattributes"}, {"rfilename": "Huggy.onnx"}, {"rfilename": "Huggy/Huggy-1199950.onnx"}, {"rfilename": "Huggy/Huggy-1199950.pt"}, {"rfilename": "Huggy/Huggy-1399951.onnx"}, {"rfilename": "Huggy/Huggy-1399951.pt"}, {"rfilename": "Huggy/Huggy-1599925.onnx"}, {"rfilename": "Huggy/Huggy-1599925.pt"}, {"rfilename": "Huggy/Huggy-1799297.onnx"}, {"rfilename": "Huggy/Huggy-1799297.pt"}, {"rfilename": "Huggy/Huggy-199726.onnx"}, {"rfilename": "Huggy/Huggy-199726.pt"}, {"rfilename": "Huggy/Huggy-1999503.onnx"}, {"rfilename": "Huggy/Huggy-1999503.pt"}, {"rfilename": "Huggy/Huggy-2000253.onnx"}, {"rfilename": "Huggy/Huggy-2000253.pt"}, {"rfilename": "Huggy/Huggy-399856.onnx"}, {"rfilename": "Huggy/Huggy-399856.pt"}, {"rfilename": "Huggy/Huggy-599925.onnx"}, {"rfilename": "Huggy/Huggy-599925.pt"}, {"rfilename": "Huggy/Huggy-799680.onnx"}, {"rfilename": "Huggy/Huggy-799680.pt"}, {"rfilename": "Huggy/Huggy-999929.onnx"}, {"rfilename": "Huggy/Huggy-999929.pt"}, {"rfilename": "Huggy/checkpoint.pt"}, {"rfilename": "Huggy/events.out.tfevents.1703130032.c0a172951eb8.3542.0"}, {"rfilename": "README.md"}, {"rfilename": "config.json"}, {"rfilename": "configuration.yaml"}, {"rfilename": "run_logs/Player-0.log"}, {"rfilename": "run_logs/timers.json"}, {"rfilename": "run_logs/training_status.json"}], "spaces": [], "createdAt": "2023-12-21T04:38:57.000Z", "inferenceStatus": "not-loaded"}