{"_id": "63d97acd4d48d0f19a113c44", "id": "c-x-he/my_awesome_wnut_model", "modelId": "c-x-he/my_awesome_wnut_model", "author": "c-x-he", "sha": "4eb398e39d1b12f7513800cb3e3d724c58c153bf", "lastModified": "2023-02-12T21:50:53.000Z", "private": false, "disabled": false, "gated": false, "pipeline_tag": "token-classification", "tags": ["transformers", "tf", "tensorboard", "distilbert", "token-classification", "generated_from_keras_callback", "license:apache-2.0", "autotrain_compatible", "endpoints_compatible", "region:us"], "downloads": 2, "library_name": "transformers", "mask_token": "[MASK]", "widgetData": [{"text": "My name is Wolfgang and I live in Berlin"}, {"text": "My name is Sarah and I live in London"}, {"text": "My name is Clara and I live in Berkeley, California."}], "likes": 0, "model-index": [{"name": "c-x-he/my_awesome_wnut_model", "results": []}], "config": {"architectures": ["DistilBertForTokenClassification"], "model_type": "distilbert", "tokenizer_config": {"cls_token": "[CLS]", "mask_token": "[MASK]", "pad_token": "[PAD]", "sep_token": "[SEP]", "unk_token": "[UNK]"}}, "cardData": {"license": "apache-2.0", "tags": ["generated_from_keras_callback"], "model-index": [{"name": "c-x-he/my_awesome_wnut_model", "results": []}]}, "transformersInfo": {"auto_model": "AutoModelForTokenClassification", "pipeline_tag": "token-classification", "processor": "AutoTokenizer"}, "siblings": [{"rfilename": ".gitattributes"}, {"rfilename": ".gitignore"}, {"rfilename": "README.md"}, {"rfilename": "config.json"}, {"rfilename": "runs/Feb01_13-02-35_Carolines-MacBook-Pro-2.local/1675285361.897952/events.out.tfevents.1675285361.Carolines-MacBook-Pro-2.local.76931.1"}, {"rfilename": "runs/Feb01_13-02-35_Carolines-MacBook-Pro-2.local/events.out.tfevents.1675285361.Carolines-MacBook-Pro-2.local.76931.0"}, {"rfilename": "runs/Feb12_12-36-05_Carolines-MacBook-Pro-2.local/1676234364.77952/events.out.tfevents.1676234364.Carolines-MacBook-Pro-2.local.27036.1"}, {"rfilename": "runs/Feb12_12-36-05_Carolines-MacBook-Pro-2.local/events.out.tfevents.1676234364.Carolines-MacBook-Pro-2.local.27036.0"}, {"rfilename": "runs/Feb12_13-08-53_Carolines-MacBook-Pro-2.local/1676236138.4367318/events.out.tfevents.1676236138.Carolines-MacBook-Pro-2.local.27036.3"}, {"rfilename": "runs/Feb12_13-08-53_Carolines-MacBook-Pro-2.local/events.out.tfevents.1676236138.Carolines-MacBook-Pro-2.local.27036.2"}, {"rfilename": "special_tokens_map.json"}, {"rfilename": "tf_model.h5"}, {"rfilename": "tokenizer.json"}, {"rfilename": "tokenizer_config.json"}, {"rfilename": "vocab.txt"}], "spaces": [], "createdAt": "2023-01-31T20:32:13.000Z", "inferenceStatus": "not-loaded"}