{"_id": "63ea937c2c2fcf93e783bcdf", "id": "c-x-he/my_awesome_BioRED_model", "modelId": "c-x-he/my_awesome_BioRED_model", "author": "c-x-he", "sha": "c7fd0913fa4a7bb0100692bee03e5b62280102a4", "lastModified": "2023-04-10T22:22:54.000Z", "private": false, "disabled": false, "gated": false, "pipeline_tag": "token-classification", "tags": ["transformers", "pytorch", "tensorboard", "bert", "token-classification", "autotrain_compatible", "endpoints_compatible", "region:us"], "downloads": 1, "library_name": "transformers", "mask_token": "[MASK]", "widgetData": [{"text": "My name is Wolfgang and I live in Berlin"}, {"text": "My name is Sarah and I live in London"}, {"text": "My name is Clara and I live in Berkeley, California."}], "likes": 0, "config": {"architectures": ["BertForTokenClassification"], "model_type": "bert", "tokenizer_config": {"cls_token": "[CLS]", "mask_token": "[MASK]", "pad_token": "[PAD]", "sep_token": "[SEP]", "unk_token": "[UNK]"}}, "transformersInfo": {"auto_model": "AutoModelForTokenClassification", "pipeline_tag": "token-classification", "processor": "AutoTokenizer"}, "siblings": [{"rfilename": ".gitattributes"}, {"rfilename": ".gitignore"}, {"rfilename": "config.json"}, {"rfilename": "pytorch_model.bin"}, {"rfilename": "runs/Apr10_22-12-43_88a62d1f615e/1681164896.7490723/events.out.tfevents.1681164896.88a62d1f615e.179.1"}, {"rfilename": "runs/Apr10_22-12-43_88a62d1f615e/events.out.tfevents.1681164896.88a62d1f615e.179.0"}, {"rfilename": "runs/Feb20_12-33-34_Carolines-MacBook-Pro-2.local/1676925220.998438/events.out.tfevents.1676925220.Carolines-MacBook-Pro-2.local.4200.1"}, {"rfilename": "runs/Feb20_12-33-34_Carolines-MacBook-Pro-2.local/events.out.tfevents.1676925220.Carolines-MacBook-Pro-2.local.4200.0"}, {"rfilename": "special_tokens_map.json"}, {"rfilename": "tokenizer.json"}, {"rfilename": "tokenizer_config.json"}, {"rfilename": "training_args.bin"}, {"rfilename": "vocab.txt"}], "spaces": [], "createdAt": "2023-02-13T19:46:04.000Z", "inferenceStatus": "not-loaded"}