{"_id": "66102341174b378a723f764e", "id": "c00cjz00/demo", "modelId": "c00cjz00/demo", "author": "c00cjz00", "sha": "7e58659514dff01a7109506ddd8dcd06b3941651", "lastModified": "2024-04-05T16:20:57.000Z", "private": false, "disabled": false, "gated": false, "tags": ["gguf", "region:us"], "downloads": 12, "likes": 0, "siblings": [{"rfilename": ".gitattributes"}, {"rfilename": "README.md"}, {"rfilename": "README2.md"}, {"rfilename": "lama2-7b-sft.gguf"}], "spaces": [], "createdAt": "2024-04-05T16:13:53.000Z", "inferenceStatus": "not-loaded"}