{"_id": "63763d25679bdcf91c730069", "id": "c00cjz00/cat_dog", "modelId": "c00cjz00/cat_dog", "author": "c00cjz00", "sha": "0687b24d540fc3d18b6f0c3afb437c66f706ee5a", "lastModified": "2022-11-17T13:54:45.000Z", "private": false, "disabled": false, "gated": false, "tags": ["license:openrail", "region:us"], "downloads": 0, "likes": 0, "model-index": null, "cardData": {"license": "openrail"}, "siblings": [{"rfilename": ".gitattributes"}, {"rfilename": "README.md"}], "spaces": [], "createdAt": "2022-11-17T13:54:45.000Z", "inferenceStatus": "not-loaded"}