{"_id": "665272cd7d8cb2629a94ce2a", "id": "c00kiemaster/NatanFragoso", "modelId": "c00kiemaster/NatanFragoso", "author": "c00kiemaster", "sha": "c782e50534528c0838cb7b50cb51497985e258c8", "lastModified": "2024-05-25T23:23:31.000Z", "private": false, "disabled": false, "gated": false, "tags": ["region:us"], "downloads": 0, "likes": 0, "siblings": [{"rfilename": ".gitattributes"}, {"rfilename": "NatanFragosoAtualizado.zip"}], "spaces": [], "createdAt": "2024-05-25T23:22:53.000Z", "inferenceStatus": "not-loaded"}