{"_id": "667a352cb2401c64d7e3933d", "id": "c00kiemaster/FabioAzevedoMenosEpoch", "modelId": "c00kiemaster/FabioAzevedoMenosEpoch", "author": "c00kiemaster", "sha": "aaa943fa063c4cb7e9e8ed04a9b39d71b924b1bf", "lastModified": "2024-06-25T03:11:03.000Z", "private": false, "disabled": false, "gated": false, "tags": ["region:us"], "downloads": 0, "likes": 0, "siblings": [{"rfilename": ".gitattributes"}, {"rfilename": "FabioAzevedo.zip"}], "spaces": [], "createdAt": "2024-06-25T03:10:36.000Z", "inferenceStatus": "not-loaded"}