{"_id": "6677889f73808d253c831454", "id": "c00kiemaster/FabioAzevedo", "modelId": "c00kiemaster/FabioAzevedo", "author": "c00kiemaster", "sha": "3326ff3593434cb73d503a8a6deaa25507e9bca4", "lastModified": "2024-06-25T00:00:10.000Z", "private": false, "disabled": false, "gated": false, "tags": ["region:us"], "downloads": 0, "likes": 0, "siblings": [{"rfilename": ".gitattributes"}, {"rfilename": "FabioAzevedo2.zip"}], "spaces": [], "createdAt": "2024-06-23T02:29:51.000Z", "inferenceStatus": "not-loaded"}