{"_id": "667f7e783c6a155639d29623", "id": "c00kiemaster/ThiagoAraujo", "modelId": "c00kiemaster/ThiagoAraujo", "author": "c00kiemaster", "sha": "3314f366481e866194601ee5113ef2ac81d94790", "lastModified": "2024-06-29T03:25:15.000Z", "private": false, "disabled": false, "gated": false, "tags": ["region:us"], "downloads": 0, "likes": 0, "siblings": [{"rfilename": ".gitattributes"}, {"rfilename": "ThiagoAraujo.zip"}], "spaces": [], "createdAt": "2024-06-29T03:24:40.000Z", "inferenceStatus": "not-loaded"}