{"_id": "659200527fe0235473716119", "id": "c00kiemaster/braz", "modelId": "c00kiemaster/braz", "author": "c00kiemaster", "sha": "ec230fe1be12db2534c7f4e469c785a1ce33217c", "lastModified": "2024-01-01T03:57:12.000Z", "private": false, "disabled": false, "gated": false, "tags": ["region:us"], "downloads": 0, "likes": 0, "siblings": [{"rfilename": ".gitattributes"}, {"rfilename": "MarcosBraz.zip"}, {"rfilename": "sample.mp3"}], "spaces": [], "createdAt": "2023-12-31T23:59:14.000Z", "inferenceStatus": "not-loaded"}