{"_id": "65c8a3a26f1355cb7ffaed11", "id": "C00LD3R/BertDZ", "modelId": "C00LD3R/BertDZ", "author": "C00LD3R", "sha": "351e90dba35eb6cea26fd50fec0358a5513c3449", "lastModified": "2024-03-16T19:54:21.000Z", "private": false, "disabled": false, "gated": false, "pipeline_tag": "fill-mask", "tags": ["transformers", "safetensors", "bert", "fill-mask", "autotrain_compatible", "endpoints_compatible", "region:us"], "downloads": 1, "library_name": "transformers", "mask_token": "[MASK]", "widgetData": [{"text": "rabi [MASK] khouya"}, {"text": "tahya el [MASK]"}], "likes": 0, "model-index": null, "config": {"architectures": ["BertForMaskedLM"], "model_type": "bert", "tokenizer_config": {"cls_token": "[CLS]", "mask_token": "[MASK]", "pad_token": "[PAD]", "sep_token": "[SEP]", "unk_token": "[UNK]"}}, "cardData": {"widget": [{"text": "rabi [MASK] khouya"}, {"text": "tahya el [MASK]"}]}, "transformersInfo": {"auto_model": "AutoModelForMaskedLM", "pipeline_tag": "fill-mask", "processor": "AutoTokenizer"}, "siblings": [{"rfilename": ".gitattributes"}, {"rfilename": "README.md"}, {"rfilename": "config.json"}, {"rfilename": "generation_config.json"}, {"rfilename": "model.safetensors"}, {"rfilename": "special_tokens_map.json"}, {"rfilename": "tokenizer.json"}, {"rfilename": "tokenizer_config.json"}, {"rfilename": "vocab.txt"}], "spaces": [], "createdAt": "2024-02-11T10:38:26.000Z", "safetensors": {"parameters": {"F32": 97820800}, "total": 97820800}, "inferenceStatus": "not-loaded"}