{"_id": "64926e88cbe6b141fc3e73e8", "id": "c0bra/open-llama-7b-open-instruct-ggml-q4_0", "modelId": "c0bra/open-llama-7b-open-instruct-ggml-q4_0", "author": "c0bra", "sha": "48907905a991c2046e344fdd001a6ef55fbc0d53", "lastModified": "2023-06-21T13:49:00.000Z", "private": false, "disabled": false, "gated": false, "tags": ["license:cc", "region:us"], "downloads": 0, "likes": 0, "model-index": null, "cardData": {"license": "cc"}, "siblings": [{"rfilename": ".gitattributes"}, {"rfilename": "README.md"}, {"rfilename": "ggml-open-llama-7b-instruct-q4_0.bin"}], "spaces": [], "createdAt": "2023-06-21T03:29:12.000Z", "inferenceStatus": "not-loaded"}