{"_id": "640a98a60c1a748afa2cf7a6", "id": "c0d3s/buckets", "modelId": "c0d3s/buckets", "author": "c0d3s", "sha": "64fc5e7565e3cbc680496a87c9be98e4f63ed700", "lastModified": "2023-03-10T02:40:52.000Z", "private": false, "disabled": false, "gated": false, "pipeline_tag": "image-classification", "tags": ["transformers", "pytorch", "tensorboard", "vit", "image-classification", "huggingpics", "model-index", "autotrain_compatible", "endpoints_compatible", "region:us"], "downloads": 3, "library_name": "transformers", "likes": 0, "model-index": [{"name": "buckets", "results": [{"task": {"name": "Image Classification", "type": "image-classification"}, "metrics": [{"name": "Accuracy", "type": "accuracy", "value": 0.5686274766921997, "verified": false}]}]}], "config": {"architectures": ["ViTForImageClassification"], "model_type": "vit"}, "cardData": {"tags": ["image-classification", "pytorch", "huggingpics"], "metrics": ["accuracy"], "model-index": [{"name": "buckets", "results": [{"task": {"name": "Image Classification", "type": "image-classification"}, "metrics": [{"name": "Accuracy", "type": "accuracy", "value": 0.5686274766921997, "verified": false}]}]}]}, "transformersInfo": {"auto_model": "AutoModelForImageClassification", "pipeline_tag": "image-classification", "processor": "AutoImageProcessor"}, "siblings": [{"rfilename": ".gitattributes"}, {"rfilename": "README.md"}, {"rfilename": "config.json"}, {"rfilename": "images/bucket.jpg"}, {"rfilename": "images/bucket_and_lid.jpg"}, {"rfilename": "images/pail.jpg"}, {"rfilename": "preprocessor_config.json"}, {"rfilename": "pytorch_model.bin"}, {"rfilename": "runs/events.out.tfevents.1678415970.be3101423608.411.1"}], "spaces": [], "createdAt": "2023-03-10T02:40:38.000Z", "inferenceStatus": "not-loaded"}