{"_id": "640ba63b93f6beedd7f5c8cf", "id": "c0d3s/bucket-not-bucket", "modelId": "c0d3s/bucket-not-bucket", "author": "c0d3s", "sha": "a4b0561455c35f247fa88203f0a265fe74fa3dc0", "lastModified": "2023-03-10T22:00:29.000Z", "private": false, "disabled": false, "gated": false, "pipeline_tag": "image-classification", "tags": ["transformers", "pytorch", "tensorboard", "vit", "image-classification", "huggingpics", "model-index", "autotrain_compatible", "endpoints_compatible", "region:us"], "downloads": 1, "library_name": "transformers", "likes": 0, "model-index": [{"name": "bucket-not-bucket", "results": [{"task": {"name": "Image Classification", "type": "image-classification"}, "metrics": [{"name": "Accuracy", "type": "accuracy", "value": 0.9777777791023254, "verified": false}]}]}], "config": {"architectures": ["ViTForImageClassification"], "model_type": "vit"}, "cardData": {"tags": ["image-classification", "pytorch", "huggingpics"], "metrics": ["accuracy"], "model-index": [{"name": "bucket-not-bucket", "results": [{"task": {"name": "Image Classification", "type": "image-classification"}, "metrics": [{"name": "Accuracy", "type": "accuracy", "value": 0.9777777791023254, "verified": false}]}]}]}, "transformersInfo": {"auto_model": "AutoModelForImageClassification", "pipeline_tag": "image-classification", "processor": "AutoImageProcessor"}, "siblings": [{"rfilename": ".gitattributes"}, {"rfilename": "README.md"}, {"rfilename": "config.json"}, {"rfilename": "images/bucket.jpg"}, {"rfilename": "images/miscellaneous.jpg"}, {"rfilename": "images/not_bucket.jpg"}, {"rfilename": "preprocessor_config.json"}, {"rfilename": "pytorch_model.bin"}, {"rfilename": "runs/events.out.tfevents.1678484981.c6c1442efe89.235.1"}, {"rfilename": "runs/events.out.tfevents.1678485339.c6c1442efe89.235.2"}], "spaces": [], "createdAt": "2023-03-10T21:50:51.000Z", "inferenceStatus": "not-loaded"}