{"_id": "6445bd790f2fc80feb2cdfb7", "id": "c0ldstudy/rl_course_vizdoom_health_gathering_supreme", "modelId": "c0ldstudy/rl_course_vizdoom_health_gathering_supreme", "author": "c0ldstudy", "sha": "e0ab4767777926fd131b19e29fdfdeac16088599", "lastModified": "2023-04-23T23:51:39.000Z", "private": false, "disabled": false, "gated": false, "pipeline_tag": "reinforcement-learning", "tags": ["sample-factory", "tensorboard", "deep-reinforcement-learning", "reinforcement-learning", "model-index", "region:us"], "downloads": 0, "library_name": "sample-factory", "likes": 0, "model-index": [{"name": "APPO", "results": [{"task": {"type": "reinforcement-learning", "name": "reinforcement-learning"}, "dataset": {"name": "doom_health_gathering_supreme", "type": "doom_health_gathering_supreme"}, "metrics": [{"type": "mean_reward", "value": "14.36 +/- 5.85", "name": "mean_reward", "verified": false}]}]}], "config": {}, "cardData": {"library_name": "sample-factory", "tags": ["deep-reinforcement-learning", "reinforcement-learning", "sample-factory"], "model-index": [{"name": "APPO", "results": [{"task": {"type": "reinforcement-learning", "name": "reinforcement-learning"}, "dataset": {"name": "doom_health_gathering_supreme", "type": "doom_health_gathering_supreme"}, "metrics": [{"type": "mean_reward", "value": "14.36 +/- 5.85", "name": "mean_reward", "verified": false}]}]}]}, "siblings": [{"rfilename": ".gitattributes"}, {"rfilename": ".summary/0/events.out.tfevents.1682291242.jason-XPS-8930"}, {"rfilename": ".summary/0/events.out.tfevents.1682292548.jason-XPS-8930"}, {"rfilename": "README.md"}, {"rfilename": "checkpoint_p0/best_000000921_3772416_reward_25.305.pth"}, {"rfilename": "checkpoint_p0/best_000008169_33460224_reward_41.256.pth"}, {"rfilename": "checkpoint_p0/checkpoint_000000702_2875392.pth"}, {"rfilename": "checkpoint_p0/checkpoint_000000978_4005888.pth"}, {"rfilename": "checkpoint_p0/checkpoint_000008419_34484224.pth"}, {"rfilename": "checkpoint_p0/checkpoint_000008881_36376576.pth"}, {"rfilename": "config.json"}, {"rfilename": "replay.mp4"}], "spaces": [], "createdAt": "2023-04-23T23:21:29.000Z", "inferenceStatus": "not-loaded"}