{"_id": "642bb774f3d829a868c9e8b2", "id": "c0ldstudy/a2c-AntBulletEnv-v0", "modelId": "c0ldstudy/a2c-AntBulletEnv-v0", "author": "c0ldstudy", "sha": "eab0d3a3bfffe047b589568d35179eb23ca20801", "lastModified": "2023-04-04T19:25:01.000Z", "private": false, "disabled": false, "gated": false, "pipeline_tag": "reinforcement-learning", "tags": ["stable-baselines3", "AntBulletEnv-v0", "deep-reinforcement-learning", "reinforcement-learning", "model-index", "region:us"], "downloads": 0, "library_name": "stable-baselines3", "likes": 0, "model-index": [{"name": "A2C", "results": [{"task": {"type": "reinforcement-learning", "name": "reinforcement-learning"}, "dataset": {"name": "AntBulletEnv-v0", "type": "AntBulletEnv-v0"}, "metrics": [{"type": "mean_reward", "value": "1067.29 +/- 268.69", "name": "mean_reward", "verified": false}]}]}], "config": {}, "cardData": {"library_name": "stable-baselines3", "tags": ["AntBulletEnv-v0", "deep-reinforcement-learning", "reinforcement-learning", "stable-baselines3"], "model-index": [{"name": "A2C", "results": [{"task": {"type": "reinforcement-learning", "name": "reinforcement-learning"}, "dataset": {"name": "AntBulletEnv-v0", "type": "AntBulletEnv-v0"}, "metrics": [{"type": "mean_reward", "value": "1067.29 +/- 268.69", "name": "mean_reward", "verified": false}]}]}]}, "siblings": [{"rfilename": ".gitattributes"}, {"rfilename": "README.md"}, {"rfilename": "a2c-AntBulletEnv-v0.zip"}, {"rfilename": "a2c-AntBulletEnv-v0/_stable_baselines3_version"}, {"rfilename": "a2c-AntBulletEnv-v0/data"}, {"rfilename": "a2c-AntBulletEnv-v0/policy.optimizer.pth"}, {"rfilename": "a2c-AntBulletEnv-v0/policy.pth"}, {"rfilename": "a2c-AntBulletEnv-v0/pytorch_variables.pth"}, {"rfilename": "a2c-AntBulletEnv-v0/system_info.txt"}, {"rfilename": "config.json"}, {"rfilename": "replay.mp4"}, {"rfilename": "results.json"}, {"rfilename": "vec_normalize.pkl"}], "spaces": [], "createdAt": "2023-04-04T05:36:52.000Z", "inferenceStatus": "not-loaded"}