{"_id": "6448028c058f3572dd12f6cc", "id": "c0ldstudy/poca-SoccerTwos", "modelId": "c0ldstudy/poca-SoccerTwos", "author": "c0ldstudy", "sha": "8dfb21ec16c00c13c000387f585f5c46a2302cd9", "lastModified": "2023-04-25T16:40:51.000Z", "private": false, "disabled": false, "gated": false, "pipeline_tag": "reinforcement-learning", "tags": ["ml-agents", "tensorboard", "onnx", "unity-ml-agents", "deep-reinforcement-learning", "reinforcement-learning", "ML-Agents-SoccerTwos", "region:us"], "downloads": 1, "library_name": "ml-agents", "likes": 0, "model-index": null, "config": {}, "cardData": {"tags": ["unity-ml-agents", "ml-agents", "deep-reinforcement-learning", "reinforcement-learning", "ML-Agents-SoccerTwos"], "library_name": "ml-agents"}, "siblings": [{"rfilename": ".gitattributes"}, {"rfilename": "README.md"}, {"rfilename": "SoccerTwos.onnx"}, {"rfilename": "SoccerTwos/SoccerTwos-7999904.onnx"}, {"rfilename": "SoccerTwos/SoccerTwos-7999904.pt"}, {"rfilename": "SoccerTwos/SoccerTwos-8499660.onnx"}, {"rfilename": "SoccerTwos/SoccerTwos-8499660.pt"}, {"rfilename": "SoccerTwos/SoccerTwos-8999164.onnx"}, {"rfilename": "SoccerTwos/SoccerTwos-8999164.pt"}, {"rfilename": "SoccerTwos/SoccerTwos-9499328.onnx"}, {"rfilename": "SoccerTwos/SoccerTwos-9499328.pt"}, {"rfilename": "SoccerTwos/SoccerTwos-9771694.onnx"}, {"rfilename": "SoccerTwos/SoccerTwos-9771694.pt"}, {"rfilename": "SoccerTwos/checkpoint.pt"}, {"rfilename": "SoccerTwos/events.out.tfevents.1682399577.jason-XPS-8930.1912935.0"}, {"rfilename": "SoccerTwos/events.out.tfevents.1682399581.jason-XPS-8930.1913083.0"}, {"rfilename": "config.json"}, {"rfilename": "configuration.yaml"}, {"rfilename": "run_logs/Player-0.log"}, {"rfilename": "run_logs/timers.json"}, {"rfilename": "run_logs/training_status.json"}], "spaces": [], "createdAt": "2023-04-25T16:40:44.000Z", "inferenceStatus": "not-loaded"}