{"_id": "64114e269badaf746c16111d", "id": "c0ldstudy/rl-unit1", "modelId": "c0ldstudy/rl-unit1", "author": "c0ldstudy", "sha": "961abb779701665838eb15c3b7edb887030633ec", "lastModified": "2023-03-19T18:42:35.000Z", "private": false, "disabled": false, "gated": false, "pipeline_tag": "reinforcement-learning", "tags": ["stable-baselines3", "LunarLander-v2", "deep-reinforcement-learning", "reinforcement-learning", "model-index", "region:us"], "downloads": 0, "library_name": "stable-baselines3", "likes": 0, "model-index": [{"name": "PPO", "results": [{"task": {"type": "reinforcement-learning", "name": "reinforcement-learning"}, "dataset": {"name": "LunarLander-v2", "type": "LunarLander-v2"}, "metrics": [{"type": "mean_reward", "value": "265.43 +/- 16.87", "name": "mean_reward", "verified": false}]}]}], "config": {}, "cardData": {"library_name": "stable-baselines3", "tags": ["LunarLander-v2", "deep-reinforcement-learning", "reinforcement-learning", "stable-baselines3"], "model-index": [{"name": "PPO", "results": [{"task": {"type": "reinforcement-learning", "name": "reinforcement-learning"}, "dataset": {"name": "LunarLander-v2", "type": "LunarLander-v2"}, "metrics": [{"type": "mean_reward", "value": "265.43 +/- 16.87", "name": "mean_reward", "verified": false}]}]}]}, "siblings": [{"rfilename": ".gitattributes"}, {"rfilename": "LunarLander-v0.zip"}, {"rfilename": "LunarLander-v0/_stable_baselines3_version"}, {"rfilename": "LunarLander-v0/data"}, {"rfilename": "LunarLander-v0/policy.optimizer.pth"}, {"rfilename": "LunarLander-v0/policy.pth"}, {"rfilename": "LunarLander-v0/pytorch_variables.pth"}, {"rfilename": "LunarLander-v0/system_info.txt"}, {"rfilename": "LunarLander-v2.zip"}, {"rfilename": "LunarLander-v2/_stable_baselines3_version"}, {"rfilename": "LunarLander-v2/data"}, {"rfilename": "LunarLander-v2/policy.optimizer.pth"}, {"rfilename": "LunarLander-v2/policy.pth"}, {"rfilename": "LunarLander-v2/pytorch_variables.pth"}, {"rfilename": "LunarLander-v2/system_info.txt"}, {"rfilename": "README.md"}, {"rfilename": "config.json"}, {"rfilename": "replay.mp4"}, {"rfilename": "results.json"}], "spaces": [], "createdAt": "2023-03-15T04:48:38.000Z", "inferenceStatus": "not-loaded"}