{"_id": "65286591550efc55c4600625", "id": "C0lla/WebDav2", "modelId": "C0lla/WebDav2", "author": "C0lla", "sha": "bdad645ee6c906b4fdfc4ab84014dabbf29d01da", "lastModified": "2023-10-12T21:33:56.000Z", "private": false, "disabled": false, "gated": false, "tags": ["region:us"], "downloads": 0, "likes": 0, "siblings": [{"rfilename": ".gitattributes"}, {"rfilename": "Dockerfile"}, {"rfilename": "docker-entrypoint.sh"}], "spaces": [], "createdAt": "2023-10-12T21:30:57.000Z", "inferenceStatus": "not-loaded"}