{"_id": "65cea751e3c31b3dbce1b861", "id": "C0MPL3X/VC-WUI", "modelId": "C0MPL3X/VC-WUI", "author": "C0MPL3X", "sha": "290a55935b4b2072787d7ac096f15dcfbbc4630b", "lastModified": "2024-02-16T01:31:19.000Z", "private": false, "disabled": false, "gated": false, "tags": ["license:mit", "region:us"], "downloads": 0, "likes": 0, "model-index": null, "cardData": {"license": "mit"}, "siblings": [{"rfilename": ".gitattributes"}, {"rfilename": "README.md"}, {"rfilename": "RVC-beta-20230513.7z"}, {"rfilename": "RVC-beta-v2-0528.7z"}, {"rfilename": "RVC-beta-v2-0618.7z"}, {"rfilename": "attentions.py"}, {"rfilename": "commons.py"}, {"rfilename": "config.py"}, {"rfilename": "go-web.bat"}, {"rfilename": "go.bat"}, {"rfilename": "infer-web.py"}, {"rfilename": "infer.py"}, {"rfilename": "infer_uvr5.py"}, {"rfilename": "models.py"}, {"rfilename": "modules.py"}, {"rfilename": "myinfer-v2-0528.py"}, {"rfilename": "myinfer.py"}, {"rfilename": "slicer.py"}, {"rfilename": "trainset_preprocess_pipeline.py"}, {"rfilename": "transforms.py"}, {"rfilename": "vc_infer_pipeline.py"}, {"rfilename": "\u4f7f\u7528\u9700\u9075\u5b88\u7684\u534f\u8bae-LICENSE.txt"}], "spaces": [], "createdAt": "2024-02-16T00:07:45.000Z", "inferenceStatus": "not-loaded"}