{"_id": "65e2d4c7cacb2455532e9213", "id": "C0nsumption/AnimateDiff_MotionLoras", "modelId": "C0nsumption/AnimateDiff_MotionLoras", "author": "C0nsumption", "sha": "b04b2d10372fd863b13ce3e6501b80c86b6b1975", "lastModified": "2024-03-02T07:27:05.000Z", "private": false, "disabled": false, "gated": false, "tags": ["license:mit", "region:us"], "downloads": 0, "likes": 0, "model-index": null, "cardData": {"license": "mit"}, "siblings": [{"rfilename": ".gitattributes"}, {"rfilename": "README.md"}], "spaces": [], "createdAt": "2024-03-02T07:27:03.000Z", "inferenceStatus": "not-loaded"}