{"_id": "63fe05dd49632f13d0679523", "id": "C0S1N3/backup", "modelId": "C0S1N3/backup", "author": "C0S1N3", "sha": "a424bfeab2268e561ab88b5db3c9b125612f0569", "lastModified": "2023-03-01T08:28:15.000Z", "private": false, "disabled": false, "gated": false, "tags": ["license:unknown", "region:us"], "downloads": 0, "likes": 0, "model-index": null, "cardData": {"license": "unknown"}, "siblings": [{"rfilename": ".gitattributes"}, {"rfilename": "README.md"}, {"rfilename": "japaneseDollLikeness_v10.safetensors"}, {"rfilename": "koreanDollLikeness_v15.safetensors"}, {"rfilename": "taiwanDollLikeness_v10.safetensors"}], "spaces": [], "createdAt": "2023-02-28T13:47:09.000Z", "inferenceStatus": "not-loaded"}