{"_id": "66047319e1689de42d6f6382", "id": "C0S1nuS/distilbert-base-uncased-finetuned-imdb", "modelId": "C0S1nuS/distilbert-base-uncased-finetuned-imdb", "author": "C0S1nuS", "sha": "d37fa8d6e775e261fbf79948e59b7af9404915a8", "lastModified": "2024-03-27T19:27:21.000Z", "private": false, "disabled": false, "gated": false, "tags": ["region:us"], "downloads": 0, "likes": 0, "siblings": [{"rfilename": ".gitattributes"}], "spaces": [], "createdAt": "2024-03-27T19:27:21.000Z", "inferenceStatus": "not-loaded"}