{"_id": "656c7060996819a8289c0f45", "id": "c0scm0ch405/zk5-mrrobot-z", "modelId": "c0scm0ch405/zk5-mrrobot-z", "author": "c0scm0ch405", "sha": "11d3996cd12b3dcc969f7af604771791f3018fe5", "lastModified": "2023-12-24T18:09:45.000Z", "private": false, "disabled": false, "gated": false, "pipeline_tag": "text2text-generation", "tags": ["transformers", "tensorboard", "safetensors", "t5", "text2text-generation", "generated_from_trainer", "base_model:google/flan-t5-base", "license:apache-2.0", "autotrain_compatible", "text-generation-inference", "endpoints_compatible", "region:us"], "downloads": 2, "library_name": "transformers", "likes": 0, "model-index": [{"name": "zk5-mrrobot-z", "results": []}], "config": {"architectures": ["T5ForConditionalGeneration"], "model_type": "t5", "tokenizer_config": {"eos_token": "</s>", "pad_token": "<pad>", "unk_token": "<unk>"}}, "cardData": {"license": "apache-2.0", "base_model": "google/flan-t5-base", "tags": ["generated_from_trainer"], "model-index": [{"name": "zk5-mrrobot-z", "results": []}]}, "transformersInfo": {"auto_model": "AutoModelForSeq2SeqLM", "pipeline_tag": "text2text-generation", "processor": "AutoTokenizer"}, "siblings": [{"rfilename": ".gitattributes"}, {"rfilename": "README.md"}, {"rfilename": "added_tokens.json"}, {"rfilename": "config.json"}, {"rfilename": "generation_config.json"}, {"rfilename": "model.safetensors"}, {"rfilename": "runs/Dec03_12-16-47_357ffafc18bd/events.out.tfevents.1701605807.357ffafc18bd.14811.2"}, {"rfilename": "runs/Dec03_16-08-07_aa61c1df47d9/events.out.tfevents.1701619687.aa61c1df47d9.3837.0"}, {"rfilename": "runs/Dec03_16-28-59_aa61c1df47d9/events.out.tfevents.1701620939.aa61c1df47d9.3837.1"}, {"rfilename": "runs/Dec03_16-30-06_aa61c1df47d9/events.out.tfevents.1701621006.aa61c1df47d9.3837.2"}, {"rfilename": "runs/Dec03_16-57-49_aa61c1df47d9/events.out.tfevents.1701622670.aa61c1df47d9.3837.3"}, {"rfilename": "runs/Dec04_07-57-50_f43d7597dfca/events.out.tfevents.1701676670.f43d7597dfca.11375.0"}, {"rfilename": "special_tokens_map.json"}, {"rfilename": "spiece.model"}, {"rfilename": "tokenizer_config.json"}, {"rfilename": "training_args.bin"}], "spaces": ["zk5/mrrobotZ"], "createdAt": "2023-12-03T12:11:12.000Z", "safetensors": {"parameters": {"F32": 247539456}, "total": 247539456}, "inferenceStatus": "not-loaded"}