{"_id": "65074fae3fc966d1bba488a7", "id": "C0ttontheBunny/mmvc", "modelId": "C0ttontheBunny/mmvc", "author": "C0ttontheBunny", "sha": "fb0c886000d36754d4d710e7f4adbbb8deeb3e11", "lastModified": "2023-09-17T19:12:46.000Z", "private": false, "disabled": false, "gated": false, "tags": ["license:openrail", "region:us"], "downloads": 0, "likes": 0, "model-index": null, "cardData": {"license": "openrail"}, "siblings": [{"rfilename": ".gitattributes"}, {"rfilename": "README.md"}], "spaces": [], "createdAt": "2023-09-17T19:12:46.000Z", "inferenceStatus": "not-loaded"}