{"_id": "657600fbf9898ed3aba0c069", "id": "C0ttontheBunny/fnafjumpscares", "modelId": "C0ttontheBunny/fnafjumpscares", "author": "C0ttontheBunny", "sha": "0420a89cd85b99b367d03f5f7d5ecfa21238edb7", "lastModified": "2023-12-10T18:19:24.000Z", "private": false, "disabled": false, "gated": false, "tags": ["license:openrail", "region:us"], "downloads": 0, "likes": 0, "model-index": null, "cardData": {"license": "openrail"}, "siblings": [{"rfilename": ".gitattributes"}, {"rfilename": "README.md"}, {"rfilename": "Thejumpscareofalltime.zip"}], "spaces": [], "createdAt": "2023-12-10T18:18:35.000Z", "inferenceStatus": "not-loaded"}