{"_id": "65d0203077fb78a0a76e4237", "id": "C0ttontheBunny/BrackenandNutcracker", "modelId": "C0ttontheBunny/BrackenandNutcracker", "author": "C0ttontheBunny", "sha": "3ce67998fb7cf28ecd3d15702b9c2b973eb251b2", "lastModified": "2024-02-17T03:29:25.000Z", "private": false, "disabled": false, "gated": false, "tags": ["license:openrail", "region:us"], "downloads": 0, "likes": 0, "model-index": null, "cardData": {"license": "openrail"}, "siblings": [{"rfilename": ".gitattributes"}, {"rfilename": "BrackenOv2v3.zip"}, {"rfilename": "NutcrackerOv2.zip"}, {"rfilename": "README.md"}], "spaces": [], "createdAt": "2024-02-17T02:55:44.000Z", "inferenceStatus": "not-loaded"}