{"_id": "650e3958bfb7dd98bbac9ac8", "id": "C0ttontheBunny/Carnage", "modelId": "C0ttontheBunny/Carnage", "author": "C0ttontheBunny", "sha": "5e9bc4139d2af88e9edb31cec621f5413d06e068", "lastModified": "2023-09-23T01:04:41.000Z", "private": false, "disabled": false, "gated": false, "tags": ["license:openrail", "region:us"], "downloads": 0, "likes": 0, "model-index": null, "cardData": {"license": "openrail"}, "siblings": [{"rfilename": ".gitattributes"}, {"rfilename": "Carnage.zip"}, {"rfilename": "README.md"}], "spaces": [], "createdAt": "2023-09-23T01:03:20.000Z", "inferenceStatus": "not-loaded"}