{"_id": "6542f88c72defaf65946896e", "id": "C0ttontheBunny/JLSpringtrap", "modelId": "C0ttontheBunny/JLSpringtrap", "author": "C0ttontheBunny", "sha": "20c80adb4250a413222f210714c67844ee7d2342", "lastModified": "2023-12-23T01:34:16.000Z", "private": false, "disabled": false, "gated": false, "tags": ["license:openrail", "region:us"], "downloads": 0, "likes": 0, "model-index": null, "cardData": {"license": "openrail"}, "siblings": [{"rfilename": ".gitattributes"}, {"rfilename": "JLSpringtrapV4.zip"}, {"rfilename": "JoderLoveSpringtrapnew.zip"}, {"rfilename": "README.md"}], "spaces": [], "createdAt": "2023-11-02T01:17:00.000Z", "inferenceStatus": "not-loaded"}