{"_id": "65063c601704c7eb0a751c89", "id": "C0ttontheBunny/Mylifesavings", "modelId": "C0ttontheBunny/Mylifesavings", "author": "C0ttontheBunny", "sha": "fef5ef15efef301b61f4741617a7eaa87fa042c3", "lastModified": "2023-09-16T23:38:08.000Z", "private": false, "disabled": false, "gated": false, "tags": ["license:openrail", "region:us"], "downloads": 0, "likes": 0, "model-index": null, "cardData": {"license": "openrail"}, "siblings": [{"rfilename": ".gitattributes"}, {"rfilename": "README.md"}], "spaces": [], "createdAt": "2023-09-16T23:38:08.000Z", "inferenceStatus": "not-loaded"}