{"_id": "667623b1894ed338b82d51b4", "id": "C0ttontheBunny/DarkTama", "modelId": "C0ttontheBunny/DarkTama", "author": "C0ttontheBunny", "sha": "aaeba711aa10f94c8af8e9c9fce6955e8c68be41", "lastModified": "2024-06-22T01:07:16.000Z", "private": false, "disabled": false, "gated": false, "tags": ["license:openrail", "region:us"], "downloads": 0, "likes": 0, "model-index": null, "cardData": {"license": "openrail"}, "siblings": [{"rfilename": ".gitattributes"}, {"rfilename": "DarkTamaTITAN.zip"}, {"rfilename": "README.md"}], "spaces": [], "createdAt": "2024-06-22T01:06:57.000Z", "inferenceStatus": "not-loaded"}