{"_id": "6670f6e4b0c03c4e9d75f7cb", "id": "C0ttontheBunny/TF2MercB1BattleDroids", "modelId": "C0ttontheBunny/TF2MercB1BattleDroids", "author": "C0ttontheBunny", "sha": "62e972fc8359440a431bcaabca09e2b167c7eafb", "lastModified": "2024-06-20T21:39:27.000Z", "private": false, "disabled": false, "gated": false, "tags": ["license:openrail", "region:us"], "downloads": 0, "likes": 0, "model-index": null, "cardData": {"license": "openrail"}, "siblings": [{"rfilename": ".gitattributes"}, {"rfilename": "B1DemoManTITAN.zip"}, {"rfilename": "B1EngineerTITAN.zip"}, {"rfilename": "B1HeavyTITAN.zip"}, {"rfilename": "B1MedicTITAN.zip"}, {"rfilename": "B1ScoutTITAN.zip"}, {"rfilename": "B1SniperTITAN.zip"}, {"rfilename": "B1SoldierTITAN.zip"}, {"rfilename": "B1SpyTITAN.zip"}, {"rfilename": "README.md"}], "spaces": [], "createdAt": "2024-06-18T02:54:28.000Z", "inferenceStatus": "not-loaded"}