{"_id": "65ad52cc494b2faa87d25662", "id": "C0ttontheBunny/Portalmodels", "modelId": "C0ttontheBunny/Portalmodels", "author": "C0ttontheBunny", "sha": "26434f28fd38d61306a4ef7b9ecc3dd5ba37e3ff", "lastModified": "2024-06-01T01:59:36.000Z", "private": false, "disabled": false, "gated": false, "tags": ["region:us"], "downloads": 0, "likes": 2, "siblings": [{"rfilename": ".gitattributes"}, {"rfilename": "GlaDOSOv2V2.zip"}, {"rfilename": "TurretOv2v3.zip"}, {"rfilename": "TurretTITAN.zip"}], "spaces": [], "createdAt": "2024-01-21T17:22:20.000Z", "inferenceStatus": "not-loaded"}