{"_id": "65a55f5241b6ef119cd96d70", "id": "C0ttontheBunny/Neco-ArcOv2", "modelId": "C0ttontheBunny/Neco-ArcOv2", "author": "C0ttontheBunny", "sha": "ad5f84635f302b6150263ea42ff6c05f2fabfefa", "lastModified": "2024-05-26T18:41:27.000Z", "private": false, "disabled": false, "gated": false, "tags": ["license:openrail", "region:us"], "downloads": 0, "likes": 0, "model-index": null, "cardData": {"license": "openrail"}, "siblings": [{"rfilename": ".gitattributes"}, {"rfilename": "Neco-ArcOv2.zip"}, {"rfilename": "Neco-Arcv2TITAN.zip"}, {"rfilename": "NecoArcTITAN.zip"}, {"rfilename": "README.md"}], "spaces": [], "createdAt": "2024-01-15T16:37:38.000Z", "inferenceStatus": "not-loaded"}