{"_id": "650f2ddcd4e844fefdad6e68", "id": "C0ttontheBunny/Tricky", "modelId": "C0ttontheBunny/Tricky", "author": "C0ttontheBunny", "sha": "309fddecb14a726ecf2a6d8365a53cc278b3fcef", "lastModified": "2023-09-23T18:27:38.000Z", "private": false, "disabled": false, "gated": false, "tags": ["license:openrail", "region:us"], "downloads": 0, "likes": 0, "model-index": null, "cardData": {"license": "openrail"}, "siblings": [{"rfilename": ".gitattributes"}, {"rfilename": "README.md"}, {"rfilename": "Tiky.zip"}], "spaces": [], "createdAt": "2023-09-23T18:26:36.000Z", "inferenceStatus": "not-loaded"}