{"_id": "65fe3eb73d247974ba611520", "id": "C0ttontheBunny/NightmareBonnieOv2", "modelId": "C0ttontheBunny/NightmareBonnieOv2", "author": "C0ttontheBunny", "sha": "0241dcc5c372ae5fcec28faf37162978dd3eb59d", "lastModified": "2024-06-06T17:55:13.000Z", "private": false, "disabled": false, "gated": false, "tags": ["license:openrail", "region:us"], "downloads": 0, "likes": 0, "model-index": null, "cardData": {"license": "openrail"}, "siblings": [{"rfilename": ".gitattributes"}, {"rfilename": "NightmareBonnieOv2.zip"}, {"rfilename": "NightmareBonnieTITAN.zip"}, {"rfilename": "README.md"}], "spaces": [], "createdAt": "2024-03-23T02:30:15.000Z", "inferenceStatus": "not-loaded"}