{"_id": "658e1a96f7291078f97372cb", "id": "C0ttontheBunny/Slitherman", "modelId": "C0ttontheBunny/Slitherman", "author": "C0ttontheBunny", "sha": "58f5766b863b0988d37ba2074f1e666ea587fa0c", "lastModified": "2023-12-29T01:02:45.000Z", "private": false, "disabled": false, "gated": false, "tags": ["license:openrail", "region:us"], "downloads": 0, "likes": 0, "model-index": null, "cardData": {"license": "openrail"}, "siblings": [{"rfilename": ".gitattributes"}, {"rfilename": "README.md"}, {"rfilename": "Slitherman.zip"}], "spaces": [], "createdAt": "2023-12-29T01:02:14.000Z", "inferenceStatus": "not-loaded"}