{"_id": "656cc60eef1e27e9e31bb548", "id": "C0ttontheBunny/HuTao", "modelId": "C0ttontheBunny/HuTao", "author": "C0ttontheBunny", "sha": "97aa37b5ca96c399c2b0263044ee9d4d55567c2d", "lastModified": "2023-12-03T18:17:24.000Z", "private": false, "disabled": false, "gated": false, "tags": ["license:openrail", "region:us"], "downloads": 0, "likes": 0, "model-index": null, "cardData": {"license": "openrail"}, "siblings": [{"rfilename": ".gitattributes"}, {"rfilename": "HuTao.zip"}, {"rfilename": "README.md"}], "spaces": [], "createdAt": "2023-12-03T18:16:46.000Z", "inferenceStatus": "not-loaded"}