{"_id": "65e2b0e0e6368eea3dbe1315", "id": "C0ttontheBunny/SkyOv2", "modelId": "C0ttontheBunny/SkyOv2", "author": "C0ttontheBunny", "sha": "7dc250237d56dbe27e34c398f483b3c49ceba097", "lastModified": "2024-03-02T14:32:21.000Z", "private": false, "disabled": false, "gated": false, "tags": ["license:openrail", "region:us"], "downloads": 0, "likes": 0, "model-index": null, "cardData": {"license": "openrail"}, "siblings": [{"rfilename": ".gitattributes"}, {"rfilename": "README.md"}, {"rfilename": "SkyOv2.zip"}, {"rfilename": "SkyV2Ov2.zip"}], "spaces": [], "createdAt": "2024-03-02T04:53:52.000Z", "inferenceStatus": "not-loaded"}