{"_id": "6611b3427b5851bad366284c", "id": "C0ttontheBunny/1996BalidisBasicsmodels", "modelId": "C0ttontheBunny/1996BalidisBasicsmodels", "author": "C0ttontheBunny", "sha": "293399b5f8a91940fda852e7fdaeaacba6bf8022", "lastModified": "2024-04-06T20:42:36.000Z", "private": false, "disabled": false, "gated": false, "tags": ["license:openrail", "region:us"], "downloads": 0, "likes": 0, "model-index": null, "cardData": {"license": "openrail"}, "siblings": [{"rfilename": ".gitattributes"}, {"rfilename": "Mr.BaldimoreOv2.zip"}, {"rfilename": "README.md"}], "spaces": [], "createdAt": "2024-04-06T20:40:34.000Z", "inferenceStatus": "not-loaded"}