{"_id": "6644b6d56ed556326840f5cc", "id": "C0ttontheBunny/ChromaticScales", "modelId": "C0ttontheBunny/ChromaticScales", "author": "C0ttontheBunny", "sha": "b1d5d005f9020acd378c194baaa58dfb8687d9fc", "lastModified": "2024-05-19T14:57:55.000Z", "private": false, "disabled": false, "gated": false, "tags": ["license:openrail", "region:us"], "downloads": 0, "likes": 0, "model-index": null, "cardData": {"license": "openrail"}, "siblings": [{"rfilename": ".gitattributes"}, {"rfilename": "CHROMATIC SCALES.zip"}, {"rfilename": "README.md"}, {"rfilename": "TrickyExpurgation.wav"}, {"rfilename": "TrickyHellclown.wav"}, {"rfilename": "TrickyMadness.wav"}, {"rfilename": "TrickyNoEffect.wav"}], "spaces": [], "createdAt": "2024-05-15T13:21:25.000Z", "inferenceStatus": "not-loaded"}