{"_id": "657e1808365456e36216d3b5", "id": "C0ttontheBunny/EXEBLACKSUNnew", "modelId": "C0ttontheBunny/EXEBLACKSUNnew", "author": "C0ttontheBunny", "sha": "3b407c8abcd0c0ab6b5546df024cc7ef00cc3eee", "lastModified": "2023-12-16T21:35:35.000Z", "private": false, "disabled": false, "gated": false, "tags": ["license:openrail", "region:us"], "downloads": 0, "likes": 0, "model-index": null, "cardData": {"license": "openrail"}, "siblings": [{"rfilename": ".gitattributes"}, {"rfilename": "EXEblacksun.zip"}, {"rfilename": "README.md"}], "spaces": [], "createdAt": "2023-12-16T21:35:04.000Z", "inferenceStatus": "not-loaded"}