{"_id": "65ee4ac8c7b0ce53e48f1794", "id": "C0ttontheBunny/JokerOv2", "modelId": "C0ttontheBunny/JokerOv2", "author": "C0ttontheBunny", "sha": "4d2244eb5b743bf04b31eb8016a49dac273ccf14", "lastModified": "2024-03-11T01:31:27.000Z", "private": false, "disabled": false, "gated": false, "tags": ["license:openrail", "region:us"], "downloads": 0, "likes": 0, "model-index": null, "cardData": {"license": "openrail"}, "siblings": [{"rfilename": ".gitattributes"}, {"rfilename": "JokerOv2.zip"}, {"rfilename": "README.md"}], "spaces": [], "createdAt": "2024-03-11T00:05:28.000Z", "inferenceStatus": "not-loaded"}