{"_id": "64b34aedb6b73d7584e981ad", "id": "C0ttontheBunny/BlackSunEXE", "modelId": "C0ttontheBunny/BlackSunEXE", "author": "C0ttontheBunny", "sha": "03ea2ceda9e3f0b69e79f6139bcab30aeff04ab9", "lastModified": "2023-07-16T01:43:43.000Z", "private": false, "disabled": false, "gated": false, "tags": ["license:openrail", "region:us"], "downloads": 0, "likes": 0, "model-index": null, "cardData": {"license": "openrail"}, "siblings": [{"rfilename": ".gitattributes"}, {"rfilename": "BlackSun.zip"}, {"rfilename": "README.md"}], "spaces": [], "createdAt": "2023-07-16T01:42:05.000Z", "inferenceStatus": "not-loaded"}