{"_id": "655184811e13b38aecdcbfa8", "id": "C0ttontheBunny/Viper", "modelId": "C0ttontheBunny/Viper", "author": "C0ttontheBunny", "sha": "7c4fbe2c1a2b9afb3c666368c3998ce0aa549d98", "lastModified": "2023-11-13T02:06:29.000Z", "private": false, "disabled": false, "gated": false, "tags": ["license:openrail", "region:us"], "downloads": 0, "likes": 0, "model-index": null, "cardData": {"license": "openrail"}, "siblings": [{"rfilename": ".gitattributes"}, {"rfilename": "README.md"}, {"rfilename": "Vipertitanfall.zip"}], "spaces": [], "createdAt": "2023-11-13T02:05:53.000Z", "inferenceStatus": "not-loaded"}