{"_id": "6547b458407bb19ff5995c67", "id": "C0ttontheBunny/UltimateFlippqymodel", "modelId": "C0ttontheBunny/UltimateFlippqymodel", "author": "C0ttontheBunny", "sha": "896441f523951509233414520cb372267c5c70eb", "lastModified": "2024-02-24T23:12:15.000Z", "private": false, "disabled": false, "gated": false, "tags": ["license:openrail", "region:us"], "downloads": 0, "likes": 0, "model-index": null, "cardData": {"license": "openrail"}, "siblings": [{"rfilename": ".gitattributes"}, {"rfilename": "README.md"}, {"rfilename": "Ultimate Flippy.zip"}, {"rfilename": "UltimateFlippqyV2Ov2.zip"}, {"rfilename": "UltimateFliqppyOv2.zip"}], "spaces": [], "createdAt": "2023-11-05T15:27:20.000Z", "inferenceStatus": "not-loaded"}