{"_id": "64ed313bf172ec32ddc49375", "id": "C0ttontheBunny/JoderLoveSpringtrap", "modelId": "C0ttontheBunny/JoderLoveSpringtrap", "author": "C0ttontheBunny", "sha": "1278322c7e6e0f4fa5cc150e804ea68a1472c51b", "lastModified": "2023-08-28T23:44:46.000Z", "private": false, "disabled": false, "gated": false, "tags": ["license:openrail", "region:us"], "downloads": 0, "likes": 0, "model-index": null, "cardData": {"license": "openrail"}, "siblings": [{"rfilename": ".gitattributes"}, {"rfilename": "JoderLoveSpringtrap.zip"}, {"rfilename": "README.md"}], "spaces": [], "createdAt": "2023-08-28T23:43:55.000Z", "inferenceStatus": "not-loaded"}