{"_id": "663541a6965ca4fba31aa71c", "id": "C0ttontheBunny/DATASETS", "modelId": "C0ttontheBunny/DATASETS", "author": "C0ttontheBunny", "sha": "0896e4f4311088554f70d7c816d837fcd2db60e6", "lastModified": "2024-06-21T21:56:28.000Z", "private": false, "disabled": false, "gated": false, "tags": ["license:openrail", "region:us"], "downloads": 0, "likes": 0, "model-index": null, "cardData": {"license": "openrail"}, "siblings": [{"rfilename": ".gitattributes"}, {"rfilename": "ARFreddyDataset.zip"}, {"rfilename": "B1BattleDroiddataset.wav"}, {"rfilename": "Babydatasetnew.zip"}, {"rfilename": "Chompydataset.zip"}, {"rfilename": "Dr.EdgarGeorgeZombossdataset.zip"}, {"rfilename": "Dr.IvoRobotnikdatasetnew.zip"}, {"rfilename": "Eggddataset.zip"}, {"rfilename": "EnnardJ-Gemsdataset.zip"}, {"rfilename": "Flynndataset.zip"}, {"rfilename": "GlaDOSdataset.zip"}, {"rfilename": "Hulkdatasetnew.zip"}, {"rfilename": "JVKE_TALKING_DATASET.zip"}, {"rfilename": "JokerMarkHamillgooddataset.zip"}, {"rfilename": "Knukdataset.zip"}, {"rfilename": "Lego Anakin dataset.zip"}, {"rfilename": "LoreAccurateStarvwarddataset.zip"}, {"rfilename": "MoonandSun.zip"}, {"rfilename": "MrBlobby dataset.zip"}, {"rfilename": "NecoArcdataset.zip"}, {"rfilename": "NightmareBonnieeedataset.zip"}, {"rfilename": "NightmareFredbeardataset.zip"}, {"rfilename": "Planktondatasetnew.zip"}, {"rfilename": "README.md"}, {"rfilename": "RockstarBonnieedataset.zip"}, {"rfilename": "Sodikkendataset.zip"}, {"rfilename": "Springtrapdataset.zip"}, {"rfilename": "Squidwarddataset.zip"}, {"rfilename": "StarvednewDataset.zip"}, {"rfilename": "Tailddataset.zip"}, {"rfilename": "TailsDoll-datasetbetter.zip"}, {"rfilename": "Trickytuneddataset.zip"}, {"rfilename": "Trickyuntuneddataset.zip"}, {"rfilename": "XenodGoodDataset.zip"}, {"rfilename": "Xenoddataset.zip"}, {"rfilename": "joe_swanson_dataset.zip"}, {"rfilename": "jvke-dataset.zip"}], "spaces": [], "createdAt": "2024-05-03T19:57:26.000Z", "inferenceStatus": "not-loaded"}