{"_id": "65272f8d71199782adeaf2e0", "id": "C0ttontheBunny/PVZZombie", "modelId": "C0ttontheBunny/PVZZombie", "author": "C0ttontheBunny", "sha": "179438035857a92cb1947395c4f1a3028ee75c22", "lastModified": "2023-10-11T23:29:30.000Z", "private": false, "disabled": false, "gated": false, "tags": ["license:openrail", "region:us"], "downloads": 0, "likes": 0, "model-index": null, "cardData": {"license": "openrail"}, "siblings": [{"rfilename": ".gitattributes"}, {"rfilename": "README.md"}, {"rfilename": "basiczombie.zip"}], "spaces": [], "createdAt": "2023-10-11T23:28:13.000Z", "inferenceStatus": "not-loaded"}