{"_id": "650e3469c22803e6a07b76bd", "id": "C0ttontheBunny/NewVenom", "modelId": "C0ttontheBunny/NewVenom", "author": "C0ttontheBunny", "sha": "fa9a9e31591d5a25b1dfa07686ad71e1d3e24137", "lastModified": "2023-09-23T00:47:17.000Z", "private": false, "disabled": false, "gated": false, "tags": ["license:openrail", "region:us"], "downloads": 0, "likes": 0, "model-index": null, "cardData": {"license": "openrail"}, "siblings": [{"rfilename": ".gitattributes"}, {"rfilename": "README.md"}, {"rfilename": "Venom2v2.zip"}], "spaces": [], "createdAt": "2023-09-23T00:42:17.000Z", "inferenceStatus": "not-loaded"}