{"_id": "65727cd7059d651f18d04d91", "id": "C0ttontheBunny/TrickyOG", "modelId": "C0ttontheBunny/TrickyOG", "author": "C0ttontheBunny", "sha": "f1a75ed38e9125a8471f2e5ce469a64206c58e8a", "lastModified": "2024-06-20T20:20:27.000Z", "private": false, "disabled": false, "gated": false, "tags": ["license:openrail", "region:us"], "downloads": 0, "likes": 0, "model-index": null, "cardData": {"license": "openrail"}, "siblings": [{"rfilename": ".gitattributes"}, {"rfilename": "NewTrickyOgOv2.zip"}, {"rfilename": "README.md"}, {"rfilename": "Tikyog.zip"}, {"rfilename": "TrickyOGOv2.zip"}, {"rfilename": "TrickyOGV2Ov2.zip"}, {"rfilename": "TrickyTITAN.zip"}, {"rfilename": "Trickybest.zip"}, {"rfilename": "Trickyv2TITAN.zip"}], "spaces": [], "createdAt": "2023-12-08T02:17:59.000Z", "inferenceStatus": "not-loaded"}