{"_id": "649b50801cb80f107595facc", "id": "C0ttontheBunny/Scorched", "modelId": "C0ttontheBunny/Scorched", "author": "C0ttontheBunny", "sha": "306f7322d6013b87cf9406e0ac5509516eb1eafc", "lastModified": "2024-06-23T22:14:49.000Z", "private": false, "disabled": false, "gated": false, "tags": ["license:openrail", "region:us"], "downloads": 0, "likes": 0, "model-index": null, "cardData": {"license": "openrail"}, "siblings": [{"rfilename": ".gitattributes"}, {"rfilename": "README.md"}, {"rfilename": "Scorched.zip"}, {"rfilename": "ScorchedFXTITAN.zip"}, {"rfilename": "ScorchedNOFXTITAN.zip"}, {"rfilename": "ScorchedOv2.zip"}, {"rfilename": "ScorchedTITAN.zip"}, {"rfilename": "ScorchedchromNOFXTITAN.zip"}], "spaces": [], "createdAt": "2023-06-27T21:11:28.000Z", "inferenceStatus": "not-loaded"}