{"_id": "64f27e009c16905750bfd3eb", "id": "C0ttontheBunny/MamaTattletail", "modelId": "C0ttontheBunny/MamaTattletail", "author": "C0ttontheBunny", "sha": "77c2698318f6bf3d15626524b93338edbf49b491", "lastModified": "2024-03-16T16:20:29.000Z", "private": false, "disabled": false, "gated": false, "tags": ["license:openrail", "region:us"], "downloads": 0, "likes": 0, "model-index": null, "cardData": {"license": "openrail"}, "siblings": [{"rfilename": ".gitattributes"}, {"rfilename": "MamaTattleTaleRIN_E3.zip"}, {"rfilename": "MamaTattletail.zip"}, {"rfilename": "README.md"}], "spaces": [], "createdAt": "2023-09-02T00:12:48.000Z", "inferenceStatus": "not-loaded"}