{"_id": "65286f2fdeedbb021419720a", "id": "C0ttontheBunny/Mr.Blobby", "modelId": "C0ttontheBunny/Mr.Blobby", "author": "C0ttontheBunny", "sha": "018186d92cab57f4401dd2d7b985148f09dc2244", "lastModified": "2024-06-05T02:37:46.000Z", "private": false, "disabled": false, "gated": false, "tags": ["license:openrail", "region:us"], "downloads": 0, "likes": 0, "model-index": null, "cardData": {"license": "openrail"}, "siblings": [{"rfilename": ".gitattributes"}, {"rfilename": "Mr.Blobby.zip"}, {"rfilename": "Mr.BlobbyTITAN.zip"}, {"rfilename": "README.md"}], "spaces": [], "createdAt": "2023-10-12T22:11:59.000Z", "inferenceStatus": "not-loaded"}