{"_id": "65e48d63d4f76e7d1b58fee3", "id": "C0ttontheBunny/StarvedOv2", "modelId": "C0ttontheBunny/StarvedOv2", "author": "C0ttontheBunny", "sha": "1331db92edccd3e01fff4abb1c0256f00b5636b2", "lastModified": "2024-05-06T02:06:45.000Z", "private": false, "disabled": false, "gated": false, "tags": ["license:openrail", "region:us"], "downloads": 0, "likes": 0, "model-index": null, "cardData": {"license": "openrail"}, "siblings": [{"rfilename": ".gitattributes"}, {"rfilename": "README.md"}, {"rfilename": "StarvedOv2.zip"}, {"rfilename": "StarvedTITAN.zip"}, {"rfilename": "StarvedV2Ov2.zip"}, {"rfilename": "StarvwardOv2.zip"}, {"rfilename": "StarvwaredTentaclesTITAN.zip"}], "spaces": [], "createdAt": "2024-03-03T14:46:59.000Z", "inferenceStatus": "not-loaded"}