{"_id": "65bfa4d5a11f244f20827de8", "id": "C0ttontheBunny/UltimateTrickyOv2", "modelId": "C0ttontheBunny/UltimateTrickyOv2", "author": "C0ttontheBunny", "sha": "23b4b9199a903f8c24f6757e0b6e5a4e90d18357", "lastModified": "2024-02-04T14:54:09.000Z", "private": false, "disabled": false, "gated": false, "tags": ["license:openrail", "region:us"], "downloads": 0, "likes": 0, "model-index": null, "cardData": {"license": "openrail"}, "siblings": [{"rfilename": ".gitattributes"}, {"rfilename": "README.md"}, {"rfilename": "UltimateTrickyOv2.zip"}], "spaces": [], "createdAt": "2024-02-04T14:53:09.000Z", "inferenceStatus": "not-loaded"}