{"_id": "654665a0a877ee9a50e7126f", "id": "C0ttontheBunny/TrickyEX", "modelId": "C0ttontheBunny/TrickyEX", "author": "C0ttontheBunny", "sha": "838cec7bcb7621ef80a3c72b3341df23416f0180", "lastModified": "2024-06-20T20:40:35.000Z", "private": false, "disabled": false, "gated": false, "tags": ["license:openrail", "region:us"], "downloads": 0, "likes": 0, "model-index": null, "cardData": {"license": "openrail"}, "siblings": [{"rfilename": ".gitattributes"}, {"rfilename": "ACTUALTrickyXTITAN.zip"}, {"rfilename": "ExTrickyV3.zip"}, {"rfilename": "README.md"}, {"rfilename": "TikyEXnewer.zip"}, {"rfilename": "TrickyEXchrom.zip"}, {"rfilename": "TrickyEXnew.zip"}, {"rfilename": "TrickyEXv2TITAN.zip"}, {"rfilename": "TrickyXBestestOv2.zip"}, {"rfilename": "TrickyXNewOv2.zip"}, {"rfilename": "TrickyXTITAN.zip"}, {"rfilename": "TrickyXbest.zip"}], "spaces": [], "createdAt": "2023-11-04T15:39:12.000Z", "inferenceStatus": "not-loaded"}