{"_id": "659df0abc474a955d4e150da", "id": "C0ttontheBunny/Fnafreal", "modelId": "C0ttontheBunny/Fnafreal", "author": "C0ttontheBunny", "sha": "dd140eee71ceaf6b9c865415545c647a2fb345ec", "lastModified": "2024-03-31T21:23:47.000Z", "private": false, "disabled": false, "gated": false, "tags": ["license:openrail", "region:us"], "downloads": 0, "likes": 0, "model-index": null, "cardData": {"license": "openrail"}, "siblings": [{"rfilename": ".gitattributes"}, {"rfilename": "Fnaf1songguyreal.zip"}, {"rfilename": "Fnaf1voxOv2.zip"}, {"rfilename": "README.md"}], "spaces": [], "createdAt": "2024-01-10T01:19:39.000Z", "inferenceStatus": "not-loaded"}