{"_id": "6549aafb899653d1d132bc17", "id": "C0ttontheBunny/fnafucnmodel", "modelId": "C0ttontheBunny/fnafucnmodel", "author": "C0ttontheBunny", "sha": "164f483c1a3219f3eb92c05a2f39476604a42759", "lastModified": "2024-06-04T00:25:40.000Z", "private": false, "disabled": false, "gated": false, "tags": ["region:us"], "downloads": 0, "likes": 0, "siblings": [{"rfilename": ".gitattributes"}, {"rfilename": "TheUCNTITAN.zip"}, {"rfilename": "UCNmodel.zip"}], "spaces": [], "createdAt": "2023-11-07T03:11:55.000Z", "inferenceStatus": "not-loaded"}