{"_id": "6639906a8eb8c9c62ab76bca", "id": "C0ttontheBunny/SquidwardQTentacles", "modelId": "C0ttontheBunny/SquidwardQTentacles", "author": "C0ttontheBunny", "sha": "2ca101796f5125c562e1e1fa7a079b56329f5b6a", "lastModified": "2024-05-07T02:23:33.000Z", "private": false, "disabled": false, "gated": false, "tags": ["license:openrail", "region:us"], "downloads": 0, "likes": 0, "model-index": null, "cardData": {"license": "openrail"}, "siblings": [{"rfilename": ".gitattributes"}, {"rfilename": "README.md"}, {"rfilename": "SquidwardQTentaclesTITAN.zip"}], "spaces": [], "createdAt": "2024-05-07T02:22:34.000Z", "inferenceStatus": "not-loaded"}