{"_id": "654848e06b1695ac33e5666b", "id": "C0ttontheBunny/Asmodeus", "modelId": "C0ttontheBunny/Asmodeus", "author": "C0ttontheBunny", "sha": "3cb0ceda6d4894eedf1d578f6874cc1c57ba585d", "lastModified": "2024-06-04T02:03:57.000Z", "private": false, "disabled": false, "gated": false, "tags": ["region:us"], "downloads": 0, "likes": 0, "siblings": [{"rfilename": ".gitattributes"}, {"rfilename": "AsmodeusHelluvaBoss.zip"}, {"rfilename": "AsmodeusTITAN.zip"}], "spaces": [], "createdAt": "2023-11-06T02:01:04.000Z", "inferenceStatus": "not-loaded"}