{"_id": "6619cdd36ccb8e8382b2a284", "id": "C0ttontheBunny/FLstuidoshit", "modelId": "C0ttontheBunny/FLstuidoshit", "author": "C0ttontheBunny", "sha": "00d8ec09b65fa2700d2e1340f0dea696c6a28407", "lastModified": "2024-04-22T00:31:49.000Z", "private": false, "disabled": false, "gated": false, "tags": ["license:openrail", "region:us"], "downloads": 0, "likes": 0, "model-index": null, "cardData": {"license": "openrail"}, "siblings": [{"rfilename": ".gitattributes"}, {"rfilename": "EGGNOG FLP.zip"}, {"rfilename": "README.md"}, {"rfilename": "Tactical_Droid_2.zip"}], "spaces": [], "createdAt": "2024-04-13T00:12:03.000Z", "inferenceStatus": "not-loaded"}