{"_id": "6626f64a639e2eb70067710a", "id": "C0ttontheBunny/PercyPoodleOv2", "modelId": "C0ttontheBunny/PercyPoodleOv2", "author": "C0ttontheBunny", "sha": "ea411742412290c2e397a722022a778b73d392b0", "lastModified": "2024-04-24T02:12:46.000Z", "private": false, "disabled": false, "gated": false, "tags": ["license:openrail", "region:us"], "downloads": 0, "likes": 0, "model-index": null, "cardData": {"license": "openrail"}, "siblings": [{"rfilename": ".gitattributes"}, {"rfilename": "PercyPoodleOv2.zip"}, {"rfilename": "README.md"}], "spaces": [], "createdAt": "2024-04-22T23:44:10.000Z", "inferenceStatus": "not-loaded"}