{"_id": "655a3a7bc68499a1b9774f1f", "id": "C0ttontheBunny/TripleTrouble", "modelId": "C0ttontheBunny/TripleTrouble", "author": "C0ttontheBunny", "sha": "6c16b4156406976eaaa65380ce47bbd6608369d5", "lastModified": "2024-02-19T05:14:30.000Z", "private": false, "disabled": false, "gated": false, "tags": ["license:openrail", "region:us"], "downloads": 0, "likes": 0, "model-index": null, "cardData": {"license": "openrail"}, "siblings": [{"rfilename": ".gitattributes"}, {"rfilename": "README.md"}, {"rfilename": "TripleMashup.zip"}, {"rfilename": "TripleMashupOv2.zip"}], "spaces": [], "createdAt": "2023-11-19T16:40:27.000Z", "inferenceStatus": "not-loaded"}