{"_id": "65e3f9b5400c626ca07c18f9", "id": "C0ttontheBunny/HogOv2", "modelId": "C0ttontheBunny/HogOv2", "author": "C0ttontheBunny", "sha": "f26001284c5854f7812318260f2a667c947b5941", "lastModified": "2024-03-03T04:17:21.000Z", "private": false, "disabled": false, "gated": false, "tags": ["license:openrail", "region:us"], "downloads": 0, "likes": 0, "model-index": null, "cardData": {"license": "openrail"}, "siblings": [{"rfilename": ".gitattributes"}, {"rfilename": "HogOv2.zip"}, {"rfilename": "README.md"}], "spaces": [], "createdAt": "2024-03-03T04:16:53.000Z", "inferenceStatus": "not-loaded"}