{"_id": "662b217682472dc87e957b2f", "id": "C0ttontheBunny/MarkHamillJokermodels", "modelId": "C0ttontheBunny/MarkHamillJokermodels", "author": "C0ttontheBunny", "sha": "01aa4a21abb0a3a906fba78b8716650fa3e7805e", "lastModified": "2024-04-27T03:45:01.000Z", "private": false, "disabled": false, "gated": false, "tags": ["license:openrail", "region:us"], "downloads": 0, "likes": 0, "model-index": null, "cardData": {"license": "openrail"}, "siblings": [{"rfilename": ".gitattributes"}, {"rfilename": "JokerMarkHamillV2Ov2.zip"}, {"rfilename": "JokerMarkHamillV3Ov2.zip"}, {"rfilename": "JokerMarkHamillV4Ov2.zip"}, {"rfilename": "README.md"}], "spaces": [], "createdAt": "2024-04-26T03:37:26.000Z", "inferenceStatus": "not-loaded"}