{"_id": "65bc6228ce846f8aa91e0464", "id": "C0ttontheBunny/TankmanOv2", "modelId": "C0ttontheBunny/TankmanOv2", "author": "C0ttontheBunny", "sha": "486283826a0570420b7ae31d8813e5383d6de43d", "lastModified": "2024-02-02T03:34:02.000Z", "private": false, "disabled": false, "gated": false, "tags": ["license:openrail", "region:us"], "downloads": 0, "likes": 0, "model-index": null, "cardData": {"license": "openrail"}, "siblings": [{"rfilename": ".gitattributes"}, {"rfilename": "README.md"}, {"rfilename": "TankmanOv2.zip"}], "spaces": [], "createdAt": "2024-02-02T03:31:52.000Z", "inferenceStatus": "not-loaded"}