{"_id": "6668c11029b1c8c2ccbd0344", "id": "C0ttontheBunny/ToyStorymodels", "modelId": "C0ttontheBunny/ToyStorymodels", "author": "C0ttontheBunny", "sha": "6c144b9d78c6fba041b6c94d41647cbcc09c8055", "lastModified": "2024-06-11T21:26:52.000Z", "private": false, "disabled": false, "gated": false, "tags": ["license:openrail", "region:us"], "downloads": 0, "likes": 0, "model-index": null, "cardData": {"license": "openrail"}, "siblings": [{"rfilename": ".gitattributes"}, {"rfilename": "EvilEmperorZurgTITAN.zip"}, {"rfilename": "README.md"}], "spaces": [], "createdAt": "2024-06-11T21:26:40.000Z", "inferenceStatus": "not-loaded"}