{"_id": "6521ccbcef81ce01a45eca1f", "id": "C0ttontheBunny/secret", "modelId": "C0ttontheBunny/secret", "author": "C0ttontheBunny", "sha": "6d25513d17c9f18125249532d2094314ed5c6265", "lastModified": "2023-11-18T23:46:50.000Z", "private": false, "disabled": false, "gated": false, "tags": ["license:openrail", "region:us"], "downloads": 0, "likes": 0, "model-index": null, "cardData": {"license": "openrail"}, "siblings": [{"rfilename": ".gitattributes"}, {"rfilename": "README.md"}, {"rfilename": "Secret.zip"}, {"rfilename": "Venom(leththerebecarnage).zip"}], "spaces": [], "createdAt": "2023-10-07T21:25:16.000Z", "inferenceStatus": "not-loaded"}