{"_id": "650f9f2cf141bc34f92fe17f", "id": "C0ttontheBunny/NormalTricky", "modelId": "C0ttontheBunny/NormalTricky", "author": "C0ttontheBunny", "sha": "0b7ad230348d4a09d52537ed5184a16f11c9803b", "lastModified": "2024-05-29T20:20:09.000Z", "private": false, "disabled": false, "gated": false, "tags": ["license:openrail", "region:us"], "downloads": 0, "likes": 0, "model-index": null, "cardData": {"license": "openrail"}, "siblings": [{"rfilename": ".gitattributes"}, {"rfilename": "HofnarrOv2.zip"}, {"rfilename": "HofnarrOv2V2.zip"}, {"rfilename": "HofnarrTheClownV2Ov2.zip"}, {"rfilename": "HofnarrTheClownV3Ov2.zip"}, {"rfilename": "HofnarrTikyTITAN.zip"}, {"rfilename": "HofnarrtheClownv3TITAN.zip"}, {"rfilename": "HofnarrtheclownOv2.zip"}, {"rfilename": "README.md"}, {"rfilename": "TrickyBanBudsTITAN.zip"}, {"rfilename": "TrickyTunedTITAN.zip"}, {"rfilename": "Trickynormal.zip"}], "spaces": [], "createdAt": "2023-09-24T02:30:04.000Z", "inferenceStatus": "not-loaded"}