{"_id": "65e9338d6434c9e6f493f1eb", "id": "C0ttontheBunny/commissionshit", "modelId": "C0ttontheBunny/commissionshit", "author": "C0ttontheBunny", "sha": "8aea5c1c89f4351ffce1d28eac9c985b3002dd78", "lastModified": "2024-06-30T18:44:11.000Z", "private": false, "disabled": false, "gated": false, "tags": ["license:openrail", "region:us"], "downloads": 0, "likes": 0, "model-index": null, "cardData": {"license": "openrail"}, "siblings": [{"rfilename": ".gitattributes"}, {"rfilename": "AmyRoseOv2.zip"}, {"rfilename": "AnakinSkywalkerRIN_E3.zip"}, {"rfilename": "CallieOv2.zip"}, {"rfilename": "ChimmieRIN_E3.zip"}, {"rfilename": "ChipRIN_E3.zip"}, {"rfilename": "EducatorOv2.zip"}, {"rfilename": "HakosBaelzTITAN.zip"}, {"rfilename": "HatsuneMikuOv2.zip"}, {"rfilename": "HeavyWeaponsGuyOv2.zip"}, {"rfilename": "HeavyWeaponsGuyRIN_E3.zip"}, {"rfilename": "HoshinoOv2.zip"}, {"rfilename": "InkbowserMarioRIN_E3.zip"}, {"rfilename": "InkbowserMarioRIN_E3v2.zip"}, {"rfilename": "InkbowserMarioRIN_E3v2Actuallyv2theotherisnightmarefredbearwoops.zip"}, {"rfilename": "JunkoOv2.zip"}, {"rfilename": "LanaQuintalOv2.zip"}, {"rfilename": "MX.zip"}, {"rfilename": "OmochaoOv2.zip"}, {"rfilename": "PearlOv2.zip"}, {"rfilename": "PercivalRIN_E3.zip"}, {"rfilename": "PoriRIN_E3.zip"}, {"rfilename": "README.md"}, {"rfilename": "TGTMarioRIN_E3.zip"}, {"rfilename": "TGTShadowRIN_E3.zip"}, {"rfilename": "TGTSonicRIN_E3.zip"}, {"rfilename": "TaeYaiOv2.zip"}, {"rfilename": "VioletRIN_E3.zip"}], "spaces": [], "createdAt": "2024-03-07T03:25:01.000Z", "inferenceStatus": "not-loaded"}