{"_id": "651a2c8cc5585714bd2312f4", "id": "C0ttontheBunny/Sonicexetooslow", "modelId": "C0ttontheBunny/Sonicexetooslow", "author": "C0ttontheBunny", "sha": "4b0d5e45fb1e4556609393dbc6d4f1ceef99435c", "lastModified": "2024-06-24T18:31:52.000Z", "private": false, "disabled": false, "gated": false, "tags": ["license:openrail", "region:us"], "downloads": 0, "likes": 0, "model-index": null, "cardData": {"license": "openrail"}, "siblings": [{"rfilename": ".gitattributes"}, {"rfilename": "README.md"}, {"rfilename": "Sonic.exeNOFXTITAN.zip"}, {"rfilename": "Sonic.exeNOFXv2TITAN.zip"}, {"rfilename": "Tooslow.zip"}], "spaces": [], "createdAt": "2023-10-02T02:35:56.000Z", "inferenceStatus": "not-loaded"}