{"_id": "651a1f6db447213cb55f4056", "id": "C0ttontheBunny/Sonicexeycr", "modelId": "C0ttontheBunny/Sonicexeycr", "author": "C0ttontheBunny", "sha": "b09acae4ff6088d4a50531c6de53be85a1c39520", "lastModified": "2023-10-02T01:41:35.000Z", "private": false, "disabled": false, "gated": false, "tags": ["license:openrail", "region:us"], "downloads": 0, "likes": 0, "model-index": null, "cardData": {"license": "openrail"}, "siblings": [{"rfilename": ".gitattributes"}, {"rfilename": "README.md"}, {"rfilename": "Sonicexe.zip"}], "spaces": [], "createdAt": "2023-10-02T01:39:57.000Z", "inferenceStatus": "not-loaded"}