{"_id": "65ecdab1e28439e21b1872d0", "id": "C0ttontheBunny/LittleNightmaresModels", "modelId": "C0ttontheBunny/LittleNightmaresModels", "author": "C0ttontheBunny", "sha": "efe1ac5504e83e6113effd0aa5c916aff3cf80eb", "lastModified": "2024-03-09T22:16:16.000Z", "private": false, "disabled": false, "gated": false, "tags": ["license:openrail", "region:us"], "downloads": 0, "likes": 0, "model-index": null, "cardData": {"license": "openrail"}, "siblings": [{"rfilename": ".gitattributes"}, {"rfilename": "HunterV2Ov2.zip"}, {"rfilename": "README.md"}, {"rfilename": "TwinChefsOv2.zip"}], "spaces": [], "createdAt": "2024-03-09T21:54:57.000Z", "inferenceStatus": "not-loaded"}