{"_id": "65792d6962d3ac18171686dc", "id": "C0ttontheBunny/AdventureSonic", "modelId": "C0ttontheBunny/AdventureSonic", "author": "C0ttontheBunny", "sha": "598f41f9fabbc526b4391270df0546a690f298e8", "lastModified": "2023-12-13T04:05:57.000Z", "private": false, "disabled": false, "gated": false, "tags": ["region:us"], "downloads": 0, "likes": 0, "siblings": [{"rfilename": ".gitattributes"}, {"rfilename": "AdventureSonic.zip"}], "spaces": [], "createdAt": "2023-12-13T04:04:57.000Z", "inferenceStatus": "not-loaded"}