{"_id": "66366cd3f6185405d3e15656", "id": "C0ttontheBunny/TTnoFXmodelsnew", "modelId": "C0ttontheBunny/TTnoFXmodelsnew", "author": "C0ttontheBunny", "sha": "50f4a6fdb841dffc613a8405909453e4a5f86283", "lastModified": "2024-05-06T21:52:28.000Z", "private": false, "disabled": false, "gated": false, "tags": ["license:openrail", "region:us"], "downloads": 0, "likes": 0, "model-index": null, "cardData": {"license": "openrail"}, "siblings": [{"rfilename": ".gitattributes"}, {"rfilename": "EggdTITAN.zip"}, {"rfilename": "KnukdTITAN.zip"}, {"rfilename": "README.md"}, {"rfilename": "TaildTITAN.zip"}, {"rfilename": "XenodTITAN.zip"}], "spaces": [], "createdAt": "2024-05-04T17:13:55.000Z", "inferenceStatus": "not-loaded"}