{"_id": "66621dba87ef60c344725bd8", "id": "C0ttontheBunny/Yourself", "modelId": "C0ttontheBunny/Yourself", "author": "C0ttontheBunny", "sha": "c783ccdf2811d6dd229cdcd0b1f8eb8330244e77", "lastModified": "2024-06-07T21:57:37.000Z", "private": false, "disabled": false, "gated": false, "tags": ["license:openrail", "region:us"], "downloads": 0, "likes": 0, "model-index": null, "cardData": {"license": "openrail"}, "siblings": [{"rfilename": ".gitattributes"}, {"rfilename": "README.md"}, {"rfilename": "YourselfNOFXTITAN.zip"}, {"rfilename": "YourselfTITAN.zip"}], "spaces": [], "createdAt": "2024-06-06T20:36:10.000Z", "inferenceStatus": "not-loaded"}