{"_id": "657e0b36416635415fff385f", "id": "C0ttontheBunny/DaycareAttendant", "modelId": "C0ttontheBunny/DaycareAttendant", "author": "C0ttontheBunny", "sha": "b47265665e8c169f749009def15682c06401cbd3", "lastModified": "2024-05-24T23:56:07.000Z", "private": false, "disabled": false, "gated": false, "tags": ["license:openrail", "region:us"], "downloads": 0, "likes": 0, "model-index": null, "cardData": {"license": "openrail"}, "siblings": [{"rfilename": ".gitattributes"}, {"rfilename": "DaycareAttendanntOv2.zip"}, {"rfilename": "DaycareAttendant.zip"}, {"rfilename": "DaycareattendantTITAN.zip"}, {"rfilename": "README.md"}], "spaces": [], "createdAt": "2023-12-16T20:40:22.000Z", "inferenceStatus": "not-loaded"}