{"_id": "65f0d7dfcbdbcdc9fa6d1da4", "id": "C0ttontheBunny/HL1models", "modelId": "C0ttontheBunny/HL1models", "author": "C0ttontheBunny", "sha": "377bcac1f5923b29c2841d457887aa6dde406931", "lastModified": "2024-04-06T20:34:40.000Z", "private": false, "disabled": false, "gated": false, "tags": ["license:openrail", "region:us"], "downloads": 0, "likes": 0, "model-index": null, "cardData": {"license": "openrail"}, "siblings": [{"rfilename": ".gitattributes"}, {"rfilename": "HL1ScientistOv2.zip"}, {"rfilename": "README.md"}, {"rfilename": "ScientistHL1RIN_E3.zip"}], "spaces": [], "createdAt": "2024-03-12T22:31:59.000Z", "inferenceStatus": "not-loaded"}