{"_id": "64ea0f295349043b2b7f2844", "id": "C0ttontheBunny/betasouls", "modelId": "C0ttontheBunny/betasouls", "author": "C0ttontheBunny", "sha": "335026e2aa08bbcd1df67026e43cb5ef02089be7", "lastModified": "2023-08-26T14:48:42.000Z", "private": false, "disabled": false, "gated": false, "tags": ["license:openrail", "region:us"], "downloads": 0, "likes": 0, "model-index": null, "cardData": {"license": "openrail"}, "siblings": [{"rfilename": ".gitattributes"}, {"rfilename": "Eggmanbetawithnew.zip"}, {"rfilename": "Knucklesbetawithnew.zip"}, {"rfilename": "README.md"}, {"rfilename": "Tailsbetawithnew.zip"}], "spaces": [], "createdAt": "2023-08-26T14:41:45.000Z", "inferenceStatus": "not-loaded"}