{"_id": "6636a906ea6f5788b33d7e67", "id": "C0ttontheBunny/FNFBasegamemodels", "modelId": "C0ttontheBunny/FNFBasegamemodels", "author": "C0ttontheBunny", "sha": "302611a5a5908eff37d4d6a83a54457e6edb8509", "lastModified": "2024-06-16T14:16:09.000Z", "private": false, "disabled": false, "gated": false, "tags": ["license:openrail", "region:us"], "downloads": 0, "likes": 0, "model-index": null, "cardData": {"license": "openrail"}, "siblings": [{"rfilename": ".gitattributes"}, {"rfilename": "BoyfriendTITAN.zip"}, {"rfilename": "BoyfriendV2TITAN.zip"}, {"rfilename": "DaddyDearestTITAN.zip"}, {"rfilename": "MommyMearestTITAN.zip"}, {"rfilename": "MonsterTITAN.zip"}, {"rfilename": "PicoTITAN.zip"}, {"rfilename": "README.md"}, {"rfilename": "SenpaiTITAN.zip"}, {"rfilename": "SpookykidsTITAN.zip"}, {"rfilename": "TankmanOv2.zip"}, {"rfilename": "TankmanTITAN.zip"}, {"rfilename": "TankmanV2TITAN.zip"}], "spaces": [], "createdAt": "2024-05-04T21:30:46.000Z", "inferenceStatus": "not-loaded"}