{"_id": "656a86237069c2390aee6e48", "id": "C0ttontheBunny/Xeno.EXE", "modelId": "C0ttontheBunny/Xeno.EXE", "author": "C0ttontheBunny", "sha": "61fdb360313eaca7a0472ec9f987304c5dfecd34", "lastModified": "2024-02-20T03:17:31.000Z", "private": false, "disabled": false, "gated": false, "tags": ["license:openrail", "region:us"], "downloads": 0, "likes": 0, "model-index": null, "cardData": {"license": "openrail"}, "siblings": [{"rfilename": ".gitattributes"}, {"rfilename": "README.md"}, {"rfilename": "Xeno.EXE.zip"}, {"rfilename": "Xeno.exeOv2.zip"}], "spaces": [], "createdAt": "2023-12-02T01:19:31.000Z", "inferenceStatus": "not-loaded"}