{"_id": "6583ae6baf09ca206bcb3e3c", "id": "C0ttontheBunny/Heathanstop", "modelId": "C0ttontheBunny/Heathanstop", "author": "C0ttontheBunny", "sha": "e4794ace22211bdad724e55964a1b7d2881890da", "lastModified": "2023-12-21T03:18:39.000Z", "private": false, "disabled": false, "gated": false, "tags": ["license:openrail", "region:us"], "downloads": 0, "likes": 0, "model-index": null, "cardData": {"license": "openrail"}, "siblings": [{"rfilename": ".gitattributes"}, {"rfilename": "Heathens.zip"}, {"rfilename": "README.md"}], "spaces": [], "createdAt": "2023-12-21T03:18:03.000Z", "inferenceStatus": "not-loaded"}