{"_id": "666897e908ac36a5182b91cd", "id": "C0ttontheBunny/MYFLPS", "modelId": "C0ttontheBunny/MYFLPS", "author": "C0ttontheBunny", "sha": "0ba27049c65d73bb9c38b2225540687da630b0a1", "lastModified": "2024-06-18T04:41:13.000Z", "private": false, "disabled": false, "gated": false, "tags": ["license:openrail", "region:us"], "downloads": 0, "likes": 0, "model-index": null, "cardData": {"license": "openrail"}, "siblings": [{"rfilename": ".gitattributes"}, {"rfilename": "README.md"}, {"rfilename": "Silly Billy Madness Combat mix fixed.zip"}, {"rfilename": "Silly Billy Madness Combat mix.zip"}, {"rfilename": "Tactical_Droid_2.flp"}], "spaces": [], "createdAt": "2024-06-11T18:31:05.000Z", "inferenceStatus": "not-loaded"}