{"_id": "64f7e1ae37d3c6eb54b90e31", "id": "C0ttontheBunny/Ghazt", "modelId": "C0ttontheBunny/Ghazt", "author": "C0ttontheBunny", "sha": "984d49c64f68216a83c16028c263cde8ce898606", "lastModified": "2024-04-06T13:45:06.000Z", "private": false, "disabled": false, "gated": false, "tags": ["license:openrail", "region:us"], "downloads": 0, "likes": 0, "model-index": null, "cardData": {"license": "openrail"}, "siblings": [{"rfilename": ".gitattributes"}, {"rfilename": "Ghazt MSM.zip"}, {"rfilename": "GhaztOv2.zip"}, {"rfilename": "README.md"}], "spaces": [], "createdAt": "2023-09-06T02:19:26.000Z", "inferenceStatus": "not-loaded"}