{"_id": "656959b995ab5c3a596fe8a5", "id": "C0ttontheBunny/Sarventev3", "modelId": "C0ttontheBunny/Sarventev3", "author": "C0ttontheBunny", "sha": "0622691bb2799734d9a37db5bfce244ab088d997", "lastModified": "2023-12-01T03:58:17.000Z", "private": false, "disabled": false, "gated": false, "tags": ["license:openrail", "region:us"], "downloads": 0, "likes": 0, "model-index": null, "cardData": {"license": "openrail"}, "siblings": [{"rfilename": ".gitattributes"}, {"rfilename": "README.md"}, {"rfilename": "SarvV3.zip"}], "spaces": [], "createdAt": "2023-12-01T03:57:45.000Z", "inferenceStatus": "not-loaded"}