{"_id": "65e00438b6b1420bdb40b4ad", "id": "C0ttontheBunny/GoodguyOv2", "modelId": "C0ttontheBunny/GoodguyOv2", "author": "C0ttontheBunny", "sha": "0cc5f9a8853fe60d3b68a6c1ca5f1a9ace6b14ad", "lastModified": "2024-02-29T04:13:27.000Z", "private": false, "disabled": false, "gated": false, "tags": ["license:openrail", "region:us"], "downloads": 0, "likes": 0, "model-index": null, "cardData": {"license": "openrail"}, "siblings": [{"rfilename": ".gitattributes"}, {"rfilename": "GoodGuyOv2.zip"}, {"rfilename": "README.md"}], "spaces": [], "createdAt": "2024-02-29T04:12:40.000Z", "inferenceStatus": "not-loaded"}