{"_id": "667c5feeed85453a2897b840", "id": "C0ttontheBunny/Smilingfrens", "modelId": "C0ttontheBunny/Smilingfrens", "author": "C0ttontheBunny", "sha": "2579eccb5aa8ad5d6ca6465139080e8cd8df7e8b", "lastModified": "2024-06-26T18:56:36.000Z", "private": false, "disabled": false, "gated": false, "tags": ["license:openrail", "region:us"], "downloads": 0, "likes": 0, "model-index": null, "cardData": {"license": "openrail"}, "siblings": [{"rfilename": ".gitattributes"}, {"rfilename": "README.md"}, {"rfilename": "Smiling friends shid.zip"}], "spaces": [], "createdAt": "2024-06-26T18:37:34.000Z", "inferenceStatus": "not-loaded"}