{"_id": "65870552e3f7a2dcf05e98c6", "id": "C0ttontheBunny/Cassidyinterviewed", "modelId": "C0ttontheBunny/Cassidyinterviewed", "author": "C0ttontheBunny", "sha": "c53f18f72800fdd5829f404c75815996cd0611ad", "lastModified": "2023-12-23T20:21:49.000Z", "private": false, "disabled": false, "gated": false, "tags": ["license:openrail", "region:us"], "downloads": 0, "likes": 0, "model-index": null, "cardData": {"license": "openrail"}, "siblings": [{"rfilename": ".gitattributes"}, {"rfilename": "CassidyV2.zip"}, {"rfilename": "CassidyV3.zip"}, {"rfilename": "README.md"}, {"rfilename": "Tenaxis Cassidy.zip"}], "spaces": [], "createdAt": "2023-12-23T16:05:38.000Z", "inferenceStatus": "not-loaded"}