{"_id": "65cc25a33431b27016f7d43c", "id": "C0ttontheBunny/BobOv2", "modelId": "C0ttontheBunny/BobOv2", "author": "C0ttontheBunny", "sha": "8373bdb372ecab2d5236c25ae591880db30ea89c", "lastModified": "2024-05-12T00:56:58.000Z", "private": false, "disabled": false, "gated": false, "tags": ["license:openrail", "region:us"], "downloads": 0, "likes": 0, "model-index": null, "cardData": {"license": "openrail"}, "siblings": [{"rfilename": ".gitattributes"}, {"rfilename": "BobOv2.zip"}, {"rfilename": "BobTITAN.zip"}, {"rfilename": "BobV3Ov2.zip"}, {"rfilename": "Bobv4Ov2.zip"}, {"rfilename": "README.md"}], "spaces": [], "createdAt": "2024-02-14T02:29:55.000Z", "inferenceStatus": "not-loaded"}