{"_id": "6616097cc24a3b3aba32171a", "id": "C0ttontheBunny/JVKERIN_E3", "modelId": "C0ttontheBunny/JVKERIN_E3", "author": "C0ttontheBunny", "sha": "e087d6f7d59899b10b5a58b0d764fe07a7b4165a", "lastModified": "2024-04-10T03:38:05.000Z", "private": false, "disabled": false, "gated": false, "tags": ["license:openrail", "region:us"], "downloads": 0, "likes": 0, "model-index": null, "cardData": {"license": "openrail"}, "siblings": [{"rfilename": ".gitattributes"}, {"rfilename": "JVKERIN_E3.zip"}, {"rfilename": "README.md"}], "spaces": [], "createdAt": "2024-04-10T03:37:32.000Z", "inferenceStatus": "not-loaded"}