{"_id": "64b59bc53d4801dbed577b8d", "id": "C0ttontheBunny/AIvoicechangermmvc", "modelId": "C0ttontheBunny/AIvoicechangermmvc", "author": "C0ttontheBunny", "sha": "75f05d545f3120d12afe2d0958d716e78d4d08f6", "lastModified": "2023-07-17T20:12:45.000Z", "private": false, "disabled": false, "gated": false, "tags": ["license:openrail", "region:us"], "downloads": 0, "likes": 0, "model-index": null, "cardData": {"license": "openrail"}, "siblings": [{"rfilename": ".gitattributes"}, {"rfilename": "MMVCServerSIO_win_onnxdirectML-cuda_v.1.5.3.5.zip"}, {"rfilename": "README.md"}], "spaces": [], "createdAt": "2023-07-17T19:51:33.000Z", "inferenceStatus": "not-loaded"}