{"_id": "665ccad801724a21c2b5a53b", "id": "C0ttontheBunny/MyChromaticscales", "modelId": "C0ttontheBunny/MyChromaticscales", "author": "C0ttontheBunny", "sha": "ff444ac5669371b81ac4e29cbc1458ab3268ca09", "lastModified": "2024-06-15T18:41:36.000Z", "private": false, "disabled": false, "gated": false, "tags": ["license:openrail", "region:us"], "downloads": 0, "likes": 0, "model-index": null, "cardData": {"license": "openrail"}, "siblings": [{"rfilename": ".gitattributes"}, {"rfilename": "General Grievous chrom untuned.wav"}, {"rfilename": "README.md"}, {"rfilename": "Tiky chromatic scale tuned V2.wav"}, {"rfilename": "Wormy chromatics.wav"}], "spaces": [], "createdAt": "2024-06-02T19:41:12.000Z", "inferenceStatus": "not-loaded"}