{"_id": "64a87edea347b957197b45ab", "id": "C0ttontheBunny/Xenophanes", "modelId": "C0ttontheBunny/Xenophanes", "author": "C0ttontheBunny", "sha": "2f0e71042421a768495c2a1ae6fc6c242b9b2879", "lastModified": "2023-07-07T21:10:22.000Z", "private": false, "disabled": false, "gated": false, "tags": ["license:openrail", "region:us"], "downloads": 0, "likes": 0, "model-index": null, "cardData": {"license": "openrail"}, "siblings": [{"rfilename": ".gitattributes"}, {"rfilename": "README.md"}, {"rfilename": "Xenophanes (2).zip"}], "spaces": [], "createdAt": "2023-07-07T21:08:46.000Z", "inferenceStatus": "not-loaded"}