{"_id": "650f7928c945dfc93890636e", "id": "C0ttontheBunny/Tabi", "modelId": "C0ttontheBunny/Tabi", "author": "C0ttontheBunny", "sha": "7d8356f74788c2f1294ccdf30d02169781fb94b5", "lastModified": "2024-06-17T23:23:41.000Z", "private": false, "disabled": false, "gated": false, "tags": ["license:openrail", "region:us"], "downloads": 0, "likes": 0, "model-index": null, "cardData": {"license": "openrail"}, "siblings": [{"rfilename": ".gitattributes"}, {"rfilename": "README.md"}, {"rfilename": "Tabi(chrom).zip"}, {"rfilename": "TabiOv2.zip"}, {"rfilename": "TabiTIAN.zip"}, {"rfilename": "TabiV2Ov2.zip"}], "spaces": [], "createdAt": "2023-09-23T23:47:52.000Z", "inferenceStatus": "not-loaded"}