{"_id": "64ea1261662874dbc9d2c5b0", "id": "C0ttontheBunny/BetaXenophanes", "modelId": "C0ttontheBunny/BetaXenophanes", "author": "C0ttontheBunny", "sha": "769951cd19f49f5bbdb9fa974f9c23618c7f03da", "lastModified": "2023-08-26T14:58:00.000Z", "private": false, "disabled": false, "gated": false, "tags": ["license:openrail", "region:us"], "downloads": 0, "likes": 0, "model-index": null, "cardData": {"license": "openrail"}, "siblings": [{"rfilename": ".gitattributes"}, {"rfilename": "README.md"}, {"rfilename": "betaxenophaneswithnew.zip"}], "spaces": [], "createdAt": "2023-08-26T14:55:29.000Z", "inferenceStatus": "not-loaded"}