{"_id": "654fd9d16c46a91f12286d39", "id": "C0ttontheBunny/Inarius", "modelId": "C0ttontheBunny/Inarius", "author": "C0ttontheBunny", "sha": "e6ee04b32135aa00b9796280e77edc7871f69400", "lastModified": "2023-11-11T19:46:42.000Z", "private": false, "disabled": false, "gated": false, "tags": ["license:openrail", "region:us"], "downloads": 0, "likes": 0, "model-index": null, "cardData": {"license": "openrail"}, "siblings": [{"rfilename": ".gitattributes"}, {"rfilename": "InariusCOD.zip"}, {"rfilename": "README.md"}], "spaces": [], "createdAt": "2023-11-11T19:45:21.000Z", "inferenceStatus": "not-loaded"}