{"_id": "6544419fe9e8e72d2ae73d69", "id": "C0ttontheBunny/Springbonnie", "modelId": "C0ttontheBunny/Springbonnie", "author": "C0ttontheBunny", "sha": "86366d5beb8574b5a6cd8ca3bef4b2a810d99965", "lastModified": "2023-11-03T00:42:58.000Z", "private": false, "disabled": false, "gated": false, "tags": ["license:openrail", "region:us"], "downloads": 0, "likes": 0, "model-index": null, "cardData": {"license": "openrail"}, "siblings": [{"rfilename": ".gitattributes"}, {"rfilename": "README.md"}, {"rfilename": "Springbonniefnafmovie.zip"}], "spaces": [], "createdAt": "2023-11-03T00:41:03.000Z", "inferenceStatus": "not-loaded"}