{"_id": "65f4755823828a9c2ace14f5", "id": "C0ttontheBunny/UpdatedGardenWarfareModels", "modelId": "C0ttontheBunny/UpdatedGardenWarfareModels", "author": "C0ttontheBunny", "sha": "fc563531183d187ea181960db36682f51591d159", "lastModified": "2024-05-23T01:34:42.000Z", "private": false, "disabled": false, "gated": false, "tags": ["license:openrail", "region:us"], "downloads": 0, "likes": 0, "model-index": null, "cardData": {"license": "openrail"}, "siblings": [{"rfilename": ".gitattributes"}, {"rfilename": "All-StarOv2.zip"}, {"rfilename": "CactusOv2.zip"}, {"rfilename": "CaptainDeadbeardOv2.zip"}, {"rfilename": "ChomperOv2.zip"}, {"rfilename": "CitronOv2.zip"}, {"rfilename": "CrazyDaveTITAN.zip"}, {"rfilename": "Dr.EdgarGeorgeZombossTITAN.zip"}, {"rfilename": "EngineerOv2.zip"}, {"rfilename": "FootSoldierOv2.zip"}, {"rfilename": "HoverGoat3000Ov2.zip"}, {"rfilename": "HoverGoat3000Ov2REAL.zip"}, {"rfilename": "ImpOv2.zip"}, {"rfilename": "KernelCornOv2.zip"}, {"rfilename": "PeashooterOv2.zip"}, {"rfilename": "README.md"}, {"rfilename": "RoseOv2.zip"}, {"rfilename": "ScientistOv2.zip"}, {"rfilename": "SunflowerOv2.zip"}, {"rfilename": "SuperBrainzOv2.zip"}, {"rfilename": "TorchwoodOv2.zip"}], "spaces": [], "createdAt": "2024-03-15T16:20:40.000Z", "inferenceStatus": "not-loaded"}