{"_id": "64fcb568dc46569735965cc6", "id": "C0ttontheBunny/Mawmsm", "modelId": "C0ttontheBunny/Mawmsm", "author": "C0ttontheBunny", "sha": "0a74c5ca523fc0ad78f8766f4fded8f56bf88d3e", "lastModified": "2023-09-09T18:21:58.000Z", "private": false, "disabled": false, "gated": false, "tags": ["license:openrail", "region:us"], "downloads": 0, "likes": 0, "model-index": null, "cardData": {"license": "openrail"}, "siblings": [{"rfilename": ".gitattributes"}, {"rfilename": "Maw.zip"}, {"rfilename": "README.md"}], "spaces": [], "createdAt": "2023-09-09T18:11:52.000Z", "inferenceStatus": "not-loaded"}