{"_id": "64e0f6e08e2084e1d7d73f20", "id": "C0ttontheBunny/SoulTails", "modelId": "C0ttontheBunny/SoulTails", "author": "C0ttontheBunny", "sha": "1a4629106ef63bbd7791ae89c2a60bd0e7f726a2", "lastModified": "2024-01-02T16:31:57.000Z", "private": false, "disabled": false, "gated": false, "tags": ["license:openrail", "region:us"], "downloads": 0, "likes": 0, "model-index": null, "cardData": {"license": "openrail"}, "siblings": [{"rfilename": ".gitattributes"}, {"rfilename": "README.md"}, {"rfilename": "SoulTails.zip"}, {"rfilename": "SoulTailsV3.zip"}], "spaces": [], "createdAt": "2023-08-19T17:07:44.000Z", "inferenceStatus": "not-loaded"}