{"_id": "6651fe74b88e4539b20625b5", "id": "C0ttontheBunny/Wall-Emodels", "modelId": "C0ttontheBunny/Wall-Emodels", "author": "C0ttontheBunny", "sha": "e2d638130b4e6fe6c32b380db887da7bf9f201ee", "lastModified": "2024-06-03T00:33:52.000Z", "private": false, "disabled": false, "gated": false, "tags": ["license:openrail", "region:us"], "downloads": 0, "likes": 0, "model-index": null, "cardData": {"license": "openrail"}, "siblings": [{"rfilename": ".gitattributes"}, {"rfilename": "EveTITAN.zip"}, {"rfilename": "README.md"}, {"rfilename": "WALL-ETITAN.zip"}, {"rfilename": "WALL-Ev2TITAN.zip"}], "spaces": [], "createdAt": "2024-05-25T15:06:28.000Z", "inferenceStatus": "not-loaded"}