{"_id": "658ba0b0ab4c8f1078d9e7f0", "id": "C0ttontheBunny/Babyy", "modelId": "C0ttontheBunny/Babyy", "author": "C0ttontheBunny", "sha": "404102fd695f61ee12383721b264b587b9f32610", "lastModified": "2023-12-27T03:58:32.000Z", "private": false, "disabled": false, "gated": false, "tags": ["license:openrail", "region:us"], "downloads": 0, "likes": 0, "model-index": null, "cardData": {"license": "openrail"}, "siblings": [{"rfilename": ".gitattributes"}, {"rfilename": "CircusBabyy.zip"}, {"rfilename": "README.md"}], "spaces": [], "createdAt": "2023-12-27T03:57:36.000Z", "inferenceStatus": "not-loaded"}