{"_id": "659c8157a481ceea4c88ebe7", "id": "C0ttontheBunny/MovieVenom", "modelId": "C0ttontheBunny/MovieVenom", "author": "C0ttontheBunny", "sha": "f21a34f2de06b7e5c3a3b1d9cd654b0fee688492", "lastModified": "2024-06-13T03:10:09.000Z", "private": false, "disabled": false, "gated": false, "tags": ["license:openrail", "region:us"], "downloads": 0, "likes": 0, "model-index": null, "cardData": {"license": "openrail"}, "siblings": [{"rfilename": ".gitattributes"}, {"rfilename": "README.md"}, {"rfilename": "VenomMovieV3TITAN.zip"}, {"rfilename": "Venommovie.zip"}, {"rfilename": "VenommovieV2.zip"}], "spaces": [], "createdAt": "2024-01-08T23:12:23.000Z", "inferenceStatus": "not-loaded"}