{"_id": "64ae034d4beffa272dfb500b", "id": "C0ttontheBunny/Eggman.exe", "modelId": "C0ttontheBunny/Eggman.exe", "author": "C0ttontheBunny", "sha": "0d2044b119b54d07b54d2b37cd1330588845a853", "lastModified": "2023-07-12T01:52:33.000Z", "private": false, "disabled": false, "gated": false, "tags": ["license:openrail", "region:us"], "downloads": 0, "likes": 0, "model-index": null, "cardData": {"license": "openrail"}, "siblings": [{"rfilename": ".gitattributes"}, {"rfilename": "Eggman.Exe.zip"}, {"rfilename": "README.md"}], "spaces": [], "createdAt": "2023-07-12T01:35:09.000Z", "inferenceStatus": "not-loaded"}