{"_id": "64ac60bd3c80c402fbb30400", "id": "C0ttontheBunny/Tails.Exe", "modelId": "C0ttontheBunny/Tails.Exe", "author": "C0ttontheBunny", "sha": "d3266cf3c475cfa015415f93033c76209bb3a792", "lastModified": "2023-07-10T20:08:37.000Z", "private": false, "disabled": false, "gated": false, "tags": ["license:openrail", "region:us"], "downloads": 0, "likes": 0, "model-index": null, "cardData": {"license": "openrail"}, "siblings": [{"rfilename": ".gitattributes"}, {"rfilename": "README.md"}, {"rfilename": "Tails.exe.zip"}], "spaces": [], "createdAt": "2023-07-10T19:49:17.000Z", "inferenceStatus": "not-loaded"}