{"_id": "65a08da7cefb019bbd26f894", "id": "C0ttontheBunny/starwarsmodels", "modelId": "C0ttontheBunny/starwarsmodels", "author": "C0ttontheBunny", "sha": "32953c78e21d03135d4cc6728e6ec1e1aa7d7554", "lastModified": "2024-07-07T04:38:34.000Z", "private": false, "disabled": false, "gated": false, "tags": ["license:openrail", "region:us"], "downloads": 0, "likes": 0, "model-index": null, "cardData": {"license": "openrail"}, "siblings": [{"rfilename": ".gitattributes"}, {"rfilename": "B1BattleDroidCloneTITAN.zip"}, {"rfilename": "B1BattleDroidNewTITAN.zip"}, {"rfilename": "B1BattleDroidNewV2TITAN.zip"}, {"rfilename": "B1BattleDroidd.zip"}, {"rfilename": "B1BattleDroidgoodv2TITAN.zip"}, {"rfilename": "B1BattleDroidv2TITAN.zip"}, {"rfilename": "B1BattleDroidv6TITAN.zip"}, {"rfilename": "B1BattledroidTITAN.zip"}, {"rfilename": "B1Battledroidv2.zip"}, {"rfilename": "B2SuperBattleDroidTITAN.zip"}, {"rfilename": "B2SuperBattleDroidv2TITAN.zip"}, {"rfilename": "BXCommandoDroidTITAN.zip"}, {"rfilename": "BXCommandoDroidv3TITAN.zip"}, {"rfilename": "CloneTrooperTITAN.zip"}, {"rfilename": "GarindantheImperialSpyTITAN.zip"}, {"rfilename": "GeneralGrievousTITAN.zip"}, {"rfilename": "GeneralGrievouss.zip"}, {"rfilename": "GeneralGrievousv2TITAN.zip"}, {"rfilename": "GeneralKelaniTITAN.zip"}, {"rfilename": "JawaTITAN.zip"}, {"rfilename": "LegoC3POTITAN.zip"}, {"rfilename": "LegoDartVaderTITAN.zip"}, {"rfilename": "LegoDarthVaderOv2.zip"}, {"rfilename": "LegoR2D2TITAN.zip"}, {"rfilename": "LegoR2D2v2TITAN.zip"}, {"rfilename": "LegoR2D2v3TITAN.zip"}, {"rfilename": "MovieC3POTITAN.zip"}, {"rfilename": "MovieDarthVaderTITAN.zip"}, {"rfilename": "MovieGeneralGrievousTITAN.zip"}, {"rfilename": "MovieR2D2TITAN.zip"}, {"rfilename": "README.md"}], "spaces": [], "createdAt": "2024-01-12T00:53:59.000Z", "inferenceStatus": "not-loaded"}