{"_id": "656e6acacdb4ac21cb167c49", "id": "C0ttontheBunny/modelsthatarenotmine", "modelId": "C0ttontheBunny/modelsthatarenotmine", "author": "C0ttontheBunny", "sha": "3a101d64f43a358350240e8ff88d3178a17dc747", "lastModified": "2023-12-29T18:11:14.000Z", "private": false, "disabled": false, "gated": false, "tags": ["license:openrail", "region:us"], "downloads": 0, "likes": 0, "model-index": null, "cardData": {"license": "openrail"}, "siblings": [{"rfilename": ".gitattributes"}, {"rfilename": "B1BattleDroidUpdated_e300.zip"}, {"rfilename": "Grievous.zip"}, {"rfilename": "PhoneGuy.zip"}, {"rfilename": "README.md"}, {"rfilename": "SheldonPlankton.zip"}, {"rfilename": "Vanny.zip"}, {"rfilename": "YellowRabbit.zip"}, {"rfilename": "fnaf4songvoice.zip"}, {"rfilename": "fnafsongvoice.zip"}], "spaces": [], "createdAt": "2023-12-05T00:11:54.000Z", "inferenceStatus": "not-loaded"}