{"_id": "65cd5a3efd5f628b15dff69e", "id": "C0ttontheBunny/thing", "modelId": "C0ttontheBunny/thing", "author": "C0ttontheBunny", "sha": "5cbf6ce99752afcf474001d2641768b3ac53dd4a", "lastModified": "2024-02-15T00:26:38.000Z", "private": false, "disabled": false, "gated": false, "tags": ["license:openrail", "region:us"], "downloads": 0, "likes": 0, "model-index": null, "cardData": {"license": "openrail"}, "siblings": [{"rfilename": ".gitattributes"}, {"rfilename": "README.md"}], "spaces": [], "createdAt": "2024-02-15T00:26:38.000Z", "inferenceStatus": "not-loaded"}