{"_id": "65ad53875df673eec6792639", "id": "C0ttontheBunny/Mariomodels", "modelId": "C0ttontheBunny/Mariomodels", "author": "C0ttontheBunny", "sha": "8f83b18d9d9aed87d8324ab917b01d4abe4b8ee1", "lastModified": "2024-01-21T17:26:04.000Z", "private": false, "disabled": false, "gated": false, "tags": ["license:openrail", "region:us"], "downloads": 0, "likes": 0, "model-index": null, "cardData": {"license": "openrail"}, "siblings": [{"rfilename": ".gitattributes"}, {"rfilename": "README.md"}, {"rfilename": "ShyguyOv2.zip"}], "spaces": [], "createdAt": "2024-01-21T17:25:27.000Z", "inferenceStatus": "not-loaded"}