{"_id": "651f5330da9dcb165cbd03a5", "id": "C0ttontheBunny/Hypno", "modelId": "C0ttontheBunny/Hypno", "author": "C0ttontheBunny", "sha": "0a6b7835a9dcc93f6cc140f11672006c3fcc2962", "lastModified": "2024-04-25T01:37:38.000Z", "private": false, "disabled": false, "gated": false, "tags": ["license:openrail", "region:us"], "downloads": 0, "likes": 0, "model-index": null, "cardData": {"license": "openrail"}, "siblings": [{"rfilename": ".gitattributes"}, {"rfilename": "Hypno.zip"}, {"rfilename": "HypnoOv2.zip"}, {"rfilename": "README.md"}], "spaces": [], "createdAt": "2023-10-06T00:22:08.000Z", "inferenceStatus": "not-loaded"}