{"_id": "6566a024d4b0cda0f45cca8e", "id": "C0ttontheBunny/GlamFred", "modelId": "C0ttontheBunny/GlamFred", "author": "C0ttontheBunny", "sha": "732754b1964a596aceedb734a4e9573af4a118f4", "lastModified": "2023-11-29T02:22:43.000Z", "private": false, "disabled": false, "gated": false, "tags": ["license:openrail", "region:us"], "downloads": 0, "likes": 0, "model-index": null, "cardData": {"license": "openrail"}, "siblings": [{"rfilename": ".gitattributes"}, {"rfilename": "GlamrockFreddyy.zip"}, {"rfilename": "README.md"}], "spaces": [], "createdAt": "2023-11-29T02:21:24.000Z", "inferenceStatus": "not-loaded"}