{"_id": "65736d8b54d17496129ccf78", "id": "C0uchP0tat0/code-search-net-tokenizer", "modelId": "C0uchP0tat0/code-search-net-tokenizer", "author": "C0uchP0tat0", "sha": "8fc1698161a500f82350bc8e8b6673331bd4c145", "lastModified": "2023-12-08T19:24:59.000Z", "private": false, "disabled": false, "gated": false, "tags": ["region:us"], "downloads": 0, "likes": 0, "config": {"tokenizer_config": {"bos_token": "<|endoftext|>", "eos_token": "<|endoftext|>", "unk_token": "<|endoftext|>"}}, "siblings": [{"rfilename": ".gitattributes"}, {"rfilename": "merges.txt"}, {"rfilename": "special_tokens_map.json"}, {"rfilename": "tokenizer.json"}, {"rfilename": "tokenizer_config.json"}, {"rfilename": "vocab.json"}], "spaces": [], "createdAt": "2023-12-08T19:24:59.000Z", "inferenceStatus": "not-loaded"}