{"_id": "6578b347283d918413686f9d", "id": "C0uchP0tat0/codeparrot-ds", "modelId": "C0uchP0tat0/codeparrot-ds", "author": "C0uchP0tat0", "sha": "11ed4dbe5793131e5da373aacb660b52248bd6ba", "lastModified": "2023-12-13T09:24:04.000Z", "private": false, "disabled": false, "gated": false, "pipeline_tag": "text-generation", "tags": ["transformers", "tensorboard", "safetensors", "gpt2", "text-generation", "generated_from_trainer", "base_model:gpt2", "license:mit", "autotrain_compatible", "text-generation-inference", "endpoints_compatible", "region:us"], "downloads": 1, "library_name": "transformers", "widgetData": [{"text": "My name is Julien and I like to"}, {"text": "My name is Thomas and my main"}, {"text": "My name is Mariama, my favorite"}, {"text": "My name is Clara and I am"}, {"text": "My name is Lewis and I like to"}, {"text": "My name is Merve and my favorite"}, {"text": "My name is Teven and I am"}, {"text": "Once upon a time,"}], "likes": 0, "model-index": [{"name": "codeparrot-ds", "results": []}], "config": {"architectures": ["GPT2LMHeadModel"], "model_type": "gpt2", "tokenizer_config": {"bos_token": "<s>", "eos_token": "</s>", "mask_token": "<mask>", "pad_token": "</s>", "unk_token": "<|endoftext|>"}}, "cardData": {"license": "mit", "base_model": "gpt2", "tags": ["generated_from_trainer"], "model-index": [{"name": "codeparrot-ds", "results": []}]}, "transformersInfo": {"auto_model": "AutoModelForCausalLM", "pipeline_tag": "text-generation", "processor": "AutoTokenizer"}, "siblings": [{"rfilename": ".gitattributes"}, {"rfilename": "README.md"}, {"rfilename": "config.json"}, {"rfilename": "generation_config.json"}, {"rfilename": "merges.txt"}, {"rfilename": "model.safetensors"}, {"rfilename": "runs/Dec12_19-35-47_53b0bea6ccf4/events.out.tfevents.1702409758.53b0bea6ccf4.659.0"}, {"rfilename": "runs/Dec12_19-35-47_53b0bea6ccf4/events.out.tfevents.1702409792.53b0bea6ccf4.659.1"}, {"rfilename": "runs/Dec13_06-36-34_8a329899a518/events.out.tfevents.1702449398.8a329899a518.3865.0"}, {"rfilename": "runs/Dec13_06-54-51_8a329899a518/events.out.tfevents.1702450494.8a329899a518.3865.1"}, {"rfilename": "runs/Dec13_07-18-03_8a329899a518/events.out.tfevents.1702451883.8a329899a518.3865.2"}, {"rfilename": "runs/Dec13_08-30-01_37c4e2546256/events.out.tfevents.1702456213.37c4e2546256.218.0"}, {"rfilename": "runs/Dec13_09-22-17_37c4e2546256/events.out.tfevents.1702459339.37c4e2546256.13291.0"}, {"rfilename": "special_tokens_map.json"}, {"rfilename": "tokenizer.json"}, {"rfilename": "tokenizer_config.json"}, {"rfilename": "training_args.bin"}, {"rfilename": "vocab.json"}], "spaces": [], "createdAt": "2023-12-12T19:23:51.000Z", "safetensors": {"parameters": {"F32": 124439808}, "total": 124439808}, "inferenceStatus": "not-loaded"}