{"_id": "6676acf2b31a31445b77a495", "id": "c10/eeve-10.8B_C", "modelId": "c10/eeve-10.8B_C", "author": "c10", "sha": "df759e825af010481321270c10997806dd0839ff", "lastModified": "2024-06-22T11:05:17.000Z", "private": false, "disabled": false, "gated": false, "tags": ["trl", "sft", "generated_from_trainer", "base_model:yanolja/EEVE-Korean-Instruct-10.8B-v1.0", "license:apache-2.0", "region:us"], "downloads": 0, "likes": 0, "model-index": [{"name": "eeve-10.8B_C", "results": []}], "cardData": {"license": "apache-2.0", "base_model": "yanolja/EEVE-Korean-Instruct-10.8B-v1.0", "tags": ["trl", "sft", "generated_from_trainer"], "model-index": [{"name": "eeve-10.8B_C", "results": []}]}, "siblings": [{"rfilename": ".gitattributes"}, {"rfilename": "README.md"}, {"rfilename": "all_results.json"}, {"rfilename": "train_results.json"}, {"rfilename": "trainer_state.json"}], "spaces": [], "createdAt": "2024-06-22T10:52:34.000Z", "inferenceStatus": "not-loaded"}