{"_id": "6676b438585f2bf5703a32d9", "id": "c10/eeve-2.8B_B", "modelId": "c10/eeve-2.8B_B", "author": "c10", "sha": "1a8a9b9ef1b5e152608eb2c3b0b9dac9655875a1", "lastModified": "2024-06-22T11:29:59.000Z", "private": false, "disabled": false, "gated": false, "tags": ["trl", "sft", "generated_from_trainer", "base_model:yanolja/EEVE-Korean-Instruct-2.8B-v1.0", "license:apache-2.0", "region:us"], "downloads": 0, "likes": 0, "model-index": [{"name": "eeve-2.8B_B", "results": []}], "cardData": {"license": "apache-2.0", "base_model": "yanolja/EEVE-Korean-Instruct-2.8B-v1.0", "tags": ["trl", "sft", "generated_from_trainer"], "model-index": [{"name": "eeve-2.8B_B", "results": []}]}, "siblings": [{"rfilename": ".gitattributes"}, {"rfilename": "README.md"}, {"rfilename": "all_results.json"}, {"rfilename": "train_results.json"}, {"rfilename": "trainer_state.json"}], "spaces": [], "createdAt": "2024-06-22T11:23:36.000Z", "inferenceStatus": "not-loaded"}