{"_id": "6676b5db8c58c5a12aa1e1da", "id": "c10/eeve-2.8B_C", "modelId": "c10/eeve-2.8B_C", "author": "c10", "sha": "7b9714a327e4da9a66423ea877fc34c3622dccf8", "lastModified": "2024-06-22T13:16:54.000Z", "private": false, "disabled": false, "gated": false, "pipeline_tag": "text-generation", "tags": ["transformers", "phi", "text-generation", "trl", "sft", "alignment-handbook", "generated_from_trainer", "custom_code", "base_model:yanolja/EEVE-Korean-Instruct-2.8B-v1.0", "license:apache-2.0", "autotrain_compatible", "text-generation-inference", "endpoints_compatible", "region:us"], "downloads": 1, "library_name": "transformers", "widgetData": [{"text": "My name is Julien and I like to"}, {"text": "My name is Thomas and my main"}, {"text": "My name is Mariama, my favorite"}, {"text": "My name is Clara and I am"}, {"text": "My name is Lewis and I like to"}, {"text": "My name is Merve and my favorite"}, {"text": "My name is Teven and I am"}, {"text": "Once upon a time,"}], "likes": 0, "model-index": [{"name": "eeve-2.8B_C", "results": []}], "config": {"architectures": ["PhiForCausalLM"], "auto_map": {"AutoConfig": "microsoft/phi-2--configuration_phi.PhiConfig", "AutoModelForCausalLM": "microsoft/phi-2--modeling_phi.PhiForCausalLM"}, "model_type": "phi"}, "cardData": {"license": "apache-2.0", "base_model": "yanolja/EEVE-Korean-Instruct-2.8B-v1.0", "tags": ["trl", "sft", "alignment-handbook", "generated_from_trainer"], "model-index": [{"name": "eeve-2.8B_C", "results": []}]}, "transformersInfo": {"auto_model": "AutoModelForCausalLM", "pipeline_tag": "text-generation", "processor": "AutoTokenizer"}, "siblings": [{"rfilename": ".gitattributes"}, {"rfilename": "README.md"}, {"rfilename": "all_results.json"}, {"rfilename": "config.json"}, {"rfilename": "eval_results.json"}, {"rfilename": "train_results.json"}, {"rfilename": "trainer_state.json"}], "spaces": [], "createdAt": "2024-06-22T11:30:35.000Z", "inferenceStatus": "not-loaded"}