{"_id": "653d2bec2fe16c9434b65771", "id": "c123ian/llama_khan_mcq", "modelId": "c123ian/llama_khan_mcq", "author": "c123ian", "sha": "834fc66cc5f910f18b1c72f3131ac6685365e441", "lastModified": "2023-10-28T15:42:38.000Z", "private": false, "disabled": false, "gated": false, "tags": ["peft", "region:us"], "downloads": 0, "library_name": "peft", "likes": 0, "model-index": null, "config": {"tokenizer_config": {"bos_token": "<|endoftext|>", "eos_token": "<|endoftext|>", "unk_token": "<|endoftext|>"}, "peft": {"base_model_name_or_path": "togethercomputer/RedPajama-INCITE-Base-3B-v1", "task_type": "CAUSAL_LM"}}, "cardData": {"library_name": "peft"}, "siblings": [{"rfilename": ".gitattributes"}, {"rfilename": "README.md"}, {"rfilename": "adapter_config.json"}, {"rfilename": "adapter_model.bin"}, {"rfilename": "special_tokens_map.json"}, {"rfilename": "tokenizer.json"}, {"rfilename": "tokenizer_config.json"}], "spaces": [], "createdAt": "2023-10-28T15:42:36.000Z", "inferenceStatus": "not-loaded"}