{"_id": "65227faf389ef6864dbdd308", "id": "c123ian/phi-1_5-finetuned-gsm8k", "modelId": "c123ian/phi-1_5-finetuned-gsm8k", "author": "c123ian", "sha": "5b6c1de90a3382f24b3458a51689e1239ce1a257", "lastModified": "2023-10-26T13:00:04.000Z", "private": false, "disabled": false, "gated": false, "tags": ["region:us"], "downloads": 0, "likes": 0, "siblings": [{"rfilename": ".gitattributes"}, {"rfilename": "adapter_config.json"}, {"rfilename": "adapter_model.bin"}, {"rfilename": "training_args.bin"}], "spaces": [], "createdAt": "2023-10-08T10:08:47.000Z", "inferenceStatus": "not-loaded"}