{"_id": "6522a9dc5b57ffc322c1ab85", "id": "c123ian/phi_mcq_v2", "modelId": "c123ian/phi_mcq_v2", "author": "c123ian", "sha": "e6c31a51f403f39707b89ac3f49a638fc22337cb", "lastModified": "2023-10-08T13:40:04.000Z", "private": false, "disabled": false, "gated": false, "tags": ["peft", "pytorch", "mixformer-sequential", "custom_code", "region:us"], "downloads": 0, "library_name": "peft", "likes": 0, "model-index": null, "config": {"architectures": ["MixFormerSequentialForCausalLM"], "auto_map": {"AutoConfig": "microsoft/phi-1_5--configuration_mixformer_sequential.MixFormerSequentialConfig", "AutoModelForCausalLM": "microsoft/phi-1_5--modeling_mixformer_sequential.MixFormerSequentialForCausalLM"}, "model_type": "mixformer-sequential", "tokenizer_config": {"bos_token": "<|endoftext|>", "eos_token": "<|endoftext|>", "unk_token": "<|endoftext|>"}, "peft": {"base_model_name_or_path": "microsoft/phi-1_5", "task_type": "CAUSAL_LM"}}, "cardData": {"library_name": "peft"}, "siblings": [{"rfilename": ".gitattributes"}, {"rfilename": "README.md"}, {"rfilename": "adapter_config.json"}, {"rfilename": "adapter_model.bin"}, {"rfilename": "added_tokens.json"}, {"rfilename": "config.json"}, {"rfilename": "generation_config.json"}, {"rfilename": "merges.txt"}, {"rfilename": "pytorch_model.bin"}, {"rfilename": "special_tokens_map.json"}, {"rfilename": "tokenizer.json"}, {"rfilename": "tokenizer_config.json"}, {"rfilename": "vocab.json"}], "spaces": [], "createdAt": "2023-10-08T13:08:44.000Z", "inferenceStatus": "not-loaded"}