{"_id": "65217b68aab6fd558553d54d", "id": "c123ian/phi_mcq", "modelId": "c123ian/phi_mcq", "author": "c123ian", "sha": "827d2e4b84c0ae6e8d598e4f992540125cc0ff06", "lastModified": "2023-10-07T15:51:36.000Z", "private": false, "disabled": false, "gated": false, "tags": ["peft", "region:us"], "downloads": 0, "library_name": "peft", "likes": 0, "model-index": null, "config": {"peft": {"base_model_name_or_path": "microsoft/phi-1_5", "task_type": "CAUSAL_LM"}}, "cardData": {"library_name": "peft"}, "siblings": [{"rfilename": ".gitattributes"}, {"rfilename": "README.md"}, {"rfilename": "adapter_config.json"}, {"rfilename": "adapter_model.bin"}], "spaces": [], "createdAt": "2023-10-07T15:38:16.000Z", "inferenceStatus": "not-loaded"}