{"_id": "64f347caaf70237ec0410f80", "id": "c123ian/redpj3B-lora-int8-alpaca", "modelId": "c123ian/redpj3B-lora-int8-alpaca", "author": "c123ian", "sha": "b421c075797bb8b11f33a3f2135acf363a65fab3", "lastModified": "2023-09-14T12:37:28.000Z", "private": false, "disabled": false, "gated": false, "tags": ["peft", "region:us"], "downloads": 0, "library_name": "peft", "likes": 0, "model-index": null, "config": {"tokenizer_config": {"bos_token": "<|endoftext|>", "eos_token": "<|endoftext|>", "unk_token": "<|endoftext|>"}, "peft": {"base_model_name_or_path": "togethercomputer/RedPajama-INCITE-Base-3B-v1", "task_type": "CAUSAL_LM"}}, "cardData": {"library_name": "peft"}, "siblings": [{"rfilename": ".gitattributes"}, {"rfilename": "README.md"}, {"rfilename": "adapter_config.json"}, {"rfilename": "adapter_model.bin"}, {"rfilename": "special_tokens_map.json"}, {"rfilename": "tokenizer.json"}, {"rfilename": "tokenizer_config.json"}], "spaces": [], "createdAt": "2023-09-02T14:33:46.000Z", "inferenceStatus": "not-loaded"}