{"_id": "643662ebaced93af8c29dbd4", "id": "c137r/c137rY", "modelId": "c137r/c137rY", "author": "c137r", "sha": "dc8a52a13db1e258e0297642633ce8ea5bc18450", "lastModified": "2023-04-14T15:10:37.000Z", "private": false, "disabled": false, "gated": false, "tags": ["region:us"], "downloads": 0, "likes": 0, "siblings": [{"rfilename": ".gitattributes"}, {"rfilename": "README.md"}, {"rfilename": "yurrrlmix_v11.safetensors"}], "spaces": [], "createdAt": "2023-04-12T07:51:07.000Z", "inferenceStatus": "not-loaded"}