{"_id": "6445682ff993c804b0372b30", "id": "c137r/lm", "modelId": "c137r/lm", "author": "c137r", "sha": "e6cacf1e3296c29d5167b79bf52953c16936528a", "lastModified": "2023-04-23T17:35:08.000Z", "private": false, "disabled": false, "gated": false, "tags": ["region:us"], "downloads": 0, "likes": 0, "siblings": [{"rfilename": ".gitattributes"}, {"rfilename": "NOT MY MODEL JUST NEED TO PUT IT HERE TO USE IT ON COMFYUI IF YOU ARE THE CREATOR I'LL HAVE NO PROBLEM TO REMOVE IT"}, {"rfilename": "lazymix_v11.safetensors"}], "spaces": [], "createdAt": "2023-04-23T17:17:35.000Z", "inferenceStatus": "not-loaded"}