{"_id": "644567c6f993c804b037231f", "id": "c137r/cr", "modelId": "c137r/cr", "author": "c137r", "sha": "d065bcd56e8d67476e822bb28a1336304f3ec700", "lastModified": "2023-05-02T09:54:28.000Z", "private": false, "disabled": false, "gated": false, "tags": ["region:us"], "downloads": 0, "likes": 0, "siblings": [{"rfilename": ".gitattributes"}, {"rfilename": "NOT MY MODEL JUST NEED TO PUT IT HERE TO USE IT ON COMFYUI IF YOU ARE THE CREATOR I'LL HAVE NO PROBLEM TO REMOVE IT"}, {"rfilename": "crystalClear_v10.safetensors"}, {"rfilename": "cyberrealistic_v13.safetensors"}, {"rfilename": "cyberrealistic_v20.safetensors"}, {"rfilename": "endlessreality_v11.safetensors"}, {"rfilename": "majicmixRealistic_v4.safetensors"}], "spaces": [], "createdAt": "2023-04-23T17:15:50.000Z", "inferenceStatus": "not-loaded"}