{"_id": "6439a627cc228b8099b42c89", "id": "c137r/EYCD", "modelId": "c137r/EYCD", "author": "c137r", "sha": "7deab984968cc04271df631911176d3dbbd4394b", "lastModified": "2023-04-14T22:04:31.000Z", "private": false, "disabled": false, "gated": false, "tags": ["license:openrail", "region:us"], "downloads": 0, "likes": 0, "model-index": null, "cardData": {"license": "openrail"}, "siblings": [{"rfilename": ".gitattributes"}, {"rfilename": "EYCD.safetensors"}, {"rfilename": "README.md"}], "spaces": [], "createdAt": "2023-04-14T19:14:47.000Z", "inferenceStatus": "not-loaded"}