{"_id": "6658e73db7d96f4e3ef1f399", "id": "c14kevincardenas/beit-large-patch16-512-limb-person-crop", "modelId": "c14kevincardenas/beit-large-patch16-512-limb-person-crop", "author": "c14kevincardenas", "sha": "55d744852d99e9c19b8f828ed7fddaa52d1afd03", "lastModified": "2024-05-30T22:11:05.000Z", "private": false, "disabled": false, "gated": false, "pipeline_tag": "image-classification", "tags": ["transformers", "safetensors", "beit", "image-classification", "vision", "generated_from_trainer", "base_model:microsoft/beit-large-patch16-512", "license:apache-2.0", "autotrain_compatible", "endpoints_compatible", "region:us"], "downloads": 4, "library_name": "transformers", "likes": 0, "model-index": [{"name": "beit-large-patch16-512-limb-person-crop", "results": []}], "config": {"architectures": ["BeitForImageClassification"], "model_type": "beit"}, "cardData": {"license": "apache-2.0", "base_model": "microsoft/beit-large-patch16-512", "tags": ["image-classification", "vision", "generated_from_trainer"], "metrics": ["accuracy"], "model-index": [{"name": "beit-large-patch16-512-limb-person-crop", "results": []}]}, "transformersInfo": {"auto_model": "AutoModelForImageClassification", "pipeline_tag": "image-classification", "processor": "AutoImageProcessor"}, "siblings": [{"rfilename": ".gitattributes"}, {"rfilename": "README.md"}, {"rfilename": "all_results.json"}, {"rfilename": "config.json"}, {"rfilename": "eval_results.json"}, {"rfilename": "model.safetensors"}, {"rfilename": "preprocessor_config.json"}, {"rfilename": "train_results.json"}, {"rfilename": "trainer_state.json"}, {"rfilename": "training_args.bin"}], "spaces": [], "createdAt": "2024-05-30T20:53:17.000Z", "safetensors": {"parameters": {"F32": 304653828}, "total": 304653828}, "inferenceStatus": "not-loaded"}