{"_id": "6655e7d3d6c043f3972d5655", "id": "c14kevincardenas/beit-large-patch16-384-limb-person-crop-8_1e-5_1e-4_0.1", "modelId": "c14kevincardenas/beit-large-patch16-384-limb-person-crop-8_1e-5_1e-4_0.1", "author": "c14kevincardenas", "sha": "af5d6ca76e3848f3e9b4a08bd2c232f4abb472c8", "lastModified": "2024-05-28T18:44:33.000Z", "private": false, "disabled": false, "gated": false, "pipeline_tag": "image-classification", "tags": ["transformers", "safetensors", "beit", "image-classification", "vision", "generated_from_trainer", "base_model:microsoft/beit-large-patch16-384", "license:apache-2.0", "autotrain_compatible", "endpoints_compatible", "region:us"], "downloads": 2, "library_name": "transformers", "likes": 0, "model-index": [{"name": "beit-large-patch16-384-limb-person-crop-8_1e-5_1e-4_0.1", "results": []}], "config": {"architectures": ["BeitForImageClassification"], "model_type": "beit"}, "cardData": {"license": "apache-2.0", "base_model": "microsoft/beit-large-patch16-384", "tags": ["image-classification", "vision", "generated_from_trainer"], "metrics": ["accuracy"], "model-index": [{"name": "beit-large-patch16-384-limb-person-crop-8_1e-5_1e-4_0.1", "results": []}]}, "transformersInfo": {"auto_model": "AutoModelForImageClassification", "pipeline_tag": "image-classification", "processor": "AutoImageProcessor"}, "siblings": [{"rfilename": ".gitattributes"}, {"rfilename": "README.md"}, {"rfilename": "all_results.json"}, {"rfilename": "config.json"}, {"rfilename": "eval_results.json"}, {"rfilename": "model.safetensors"}, {"rfilename": "preprocessor_config.json"}, {"rfilename": "train_results.json"}, {"rfilename": "trainer_state.json"}, {"rfilename": "training_args.bin"}], "spaces": [], "createdAt": "2024-05-28T14:18:59.000Z", "safetensors": {"parameters": {"F32": 303977988}, "total": 303977988}, "inferenceStatus": "not-loaded"}