{"_id": "65f585e788a1b82645686988", "id": "c2p-cmd/FaceEmotionClassifier", "modelId": "c2p-cmd/FaceEmotionClassifier", "author": "c2p-cmd", "sha": "a64e421ab3198ff9856a05b237473bbdfcf8c5e5", "lastModified": "2024-03-16T11:50:06.000Z", "private": false, "disabled": false, "gated": false, "pipeline_tag": "image-classification", "tags": ["coreml", "image-classification", "license:mit", "region:us"], "downloads": 3, "likes": 0, "model-index": null, "cardData": {"license": "mit", "pipeline_tag": "image-classification"}, "siblings": [{"rfilename": ".gitattributes"}, {"rfilename": "Face Emotion Classifier.mlmodel"}, {"rfilename": "LICENSE"}, {"rfilename": "README.md"}], "spaces": [], "createdAt": "2024-03-16T11:43:35.000Z", "inferenceStatus": "not-loaded"}