{"_id": "661be4a67082ad0b431ad38b", "id": "c2p-cmd/Analog-Diffusion", "modelId": "c2p-cmd/Analog-Diffusion", "author": "c2p-cmd", "sha": "a2dad1fa6fc67125101bab36402013bb1a4dfe5e", "lastModified": "2024-06-14T16:12:10.000Z", "private": false, "disabled": false, "gated": false, "pipeline_tag": "text-to-image", "tags": ["coreml", "code", "art", "text-to-image", "license:mit", "region:us"], "downloads": 25, "likes": 1, "model-index": null, "cardData": {"license": "mit", "pipeline_tag": "text-to-image", "tags": ["code", "art"]}, "siblings": [{"rfilename": ".gitattributes"}, {"rfilename": "README.md"}, {"rfilename": "original/.DS_Store"}, {"rfilename": "original/Stable_Diffusion_version_wavymulder_Analog-Diffusion_safety_checker.mlpackage/Data/com.apple.CoreML/model.mlmodel"}, {"rfilename": "original/Stable_Diffusion_version_wavymulder_Analog-Diffusion_safety_checker.mlpackage/Data/com.apple.CoreML/weights/weight.bin"}, {"rfilename": "original/Stable_Diffusion_version_wavymulder_Analog-Diffusion_safety_checker.mlpackage/Manifest.json"}, {"rfilename": "original/Stable_Diffusion_version_wavymulder_Analog-Diffusion_text_encoder.mlpackage/Data/com.apple.CoreML/model.mlmodel"}, {"rfilename": "original/Stable_Diffusion_version_wavymulder_Analog-Diffusion_text_encoder.mlpackage/Data/com.apple.CoreML/weights/weight.bin"}, {"rfilename": "original/Stable_Diffusion_version_wavymulder_Analog-Diffusion_text_encoder.mlpackage/Manifest.json"}, {"rfilename": "original/Stable_Diffusion_version_wavymulder_Analog-Diffusion_unet.mlpackage/Data/com.apple.CoreML/model.mlmodel"}, {"rfilename": "original/Stable_Diffusion_version_wavymulder_Analog-Diffusion_unet.mlpackage/Data/com.apple.CoreML/weights/weight.bin"}, {"rfilename": "original/Stable_Diffusion_version_wavymulder_Analog-Diffusion_unet.mlpackage/Manifest.json"}, {"rfilename": "original/Stable_Diffusion_version_wavymulder_Analog-Diffusion_vae_decoder.mlpackage/Data/com.apple.CoreML/model.mlmodel"}, {"rfilename": "original/Stable_Diffusion_version_wavymulder_Analog-Diffusion_vae_decoder.mlpackage/Data/com.apple.CoreML/weights/weight.bin"}, {"rfilename": "original/Stable_Diffusion_version_wavymulder_Analog-Diffusion_vae_decoder.mlpackage/Manifest.json"}, {"rfilename": "original/Stable_Diffusion_version_wavymulder_Analog-Diffusion_vae_encoder.mlpackage/Data/com.apple.CoreML/model.mlmodel"}, {"rfilename": "original/Stable_Diffusion_version_wavymulder_Analog-Diffusion_vae_encoder.mlpackage/Data/com.apple.CoreML/weights/weight.bin"}, {"rfilename": "original/Stable_Diffusion_version_wavymulder_Analog-Diffusion_vae_encoder.mlpackage/Manifest.json"}, {"rfilename": "split_einsum_v2/.DS_Store"}, {"rfilename": "split_einsum_v2/Resources/TextEncoder.mlmodelc/analytics/coremldata.bin"}, {"rfilename": "split_einsum_v2/Resources/TextEncoder.mlmodelc/coremldata.bin"}, {"rfilename": "split_einsum_v2/Resources/TextEncoder.mlmodelc/metadata.json"}, {"rfilename": "split_einsum_v2/Resources/TextEncoder.mlmodelc/model.mil"}, {"rfilename": "split_einsum_v2/Resources/TextEncoder.mlmodelc/weights/weight.bin"}, {"rfilename": "split_einsum_v2/Resources/Unet.mlmodelc/analytics/coremldata.bin"}, {"rfilename": "split_einsum_v2/Resources/Unet.mlmodelc/coremldata.bin"}, {"rfilename": "split_einsum_v2/Resources/Unet.mlmodelc/metadata.json"}, {"rfilename": "split_einsum_v2/Resources/Unet.mlmodelc/model.mil"}, {"rfilename": "split_einsum_v2/Resources/Unet.mlmodelc/weights/weight.bin"}, {"rfilename": "split_einsum_v2/Resources/VAEDecoder.mlmodelc/analytics/coremldata.bin"}, {"rfilename": "split_einsum_v2/Resources/VAEDecoder.mlmodelc/coremldata.bin"}, {"rfilename": "split_einsum_v2/Resources/VAEDecoder.mlmodelc/metadata.json"}, {"rfilename": "split_einsum_v2/Resources/VAEDecoder.mlmodelc/model.mil"}, {"rfilename": "split_einsum_v2/Resources/VAEDecoder.mlmodelc/weights/weight.bin"}, {"rfilename": "split_einsum_v2/Resources/merges.txt"}, {"rfilename": "split_einsum_v2/Resources/vocab.json"}, {"rfilename": "split_einsum_v2/Stable_Diffusion_version_wavymulder_Analog-Diffusion_safety_checker.mlpackage/Data/com.apple.CoreML/model.mlmodel"}, {"rfilename": "split_einsum_v2/Stable_Diffusion_version_wavymulder_Analog-Diffusion_safety_checker.mlpackage/Data/com.apple.CoreML/weights/weight.bin"}, {"rfilename": "split_einsum_v2/Stable_Diffusion_version_wavymulder_Analog-Diffusion_safety_checker.mlpackage/Manifest.json"}, {"rfilename": "split_einsum_v2/Stable_Diffusion_version_wavymulder_Analog-Diffusion_text_encoder.mlpackage/Data/com.apple.CoreML/model.mlmodel"}, {"rfilename": "split_einsum_v2/Stable_Diffusion_version_wavymulder_Analog-Diffusion_text_encoder.mlpackage/Data/com.apple.CoreML/weights/weight.bin"}, {"rfilename": "split_einsum_v2/Stable_Diffusion_version_wavymulder_Analog-Diffusion_text_encoder.mlpackage/Manifest.json"}, {"rfilename": "split_einsum_v2/Stable_Diffusion_version_wavymulder_Analog-Diffusion_unet.mlpackage/Data/com.apple.CoreML/model.mlmodel"}, {"rfilename": "split_einsum_v2/Stable_Diffusion_version_wavymulder_Analog-Diffusion_unet.mlpackage/Data/com.apple.CoreML/weights/weight.bin"}, {"rfilename": "split_einsum_v2/Stable_Diffusion_version_wavymulder_Analog-Diffusion_unet.mlpackage/Manifest.json"}, {"rfilename": "split_einsum_v2/Stable_Diffusion_version_wavymulder_Analog-Diffusion_vae_decoder.mlpackage/Data/com.apple.CoreML/model.mlmodel"}, {"rfilename": "split_einsum_v2/Stable_Diffusion_version_wavymulder_Analog-Diffusion_vae_decoder.mlpackage/Data/com.apple.CoreML/weights/weight.bin"}, {"rfilename": "split_einsum_v2/Stable_Diffusion_version_wavymulder_Analog-Diffusion_vae_decoder.mlpackage/Manifest.json"}, {"rfilename": "split_einsum_v2/Stable_Diffusion_version_wavymulder_Analog-Diffusion_vae_encoder.mlpackage/Data/com.apple.CoreML/model.mlmodel"}, {"rfilename": "split_einsum_v2/Stable_Diffusion_version_wavymulder_Analog-Diffusion_vae_encoder.mlpackage/Data/com.apple.CoreML/weights/weight.bin"}, {"rfilename": "split_einsum_v2/Stable_Diffusion_version_wavymulder_Analog-Diffusion_vae_encoder.mlpackage/Manifest.json"}], "spaces": [], "createdAt": "2024-04-14T14:13:58.000Z", "inferenceStatus": "not-loaded"}