{"_id": "65d7265529af34543a0c8774", "id": "c2p-cmd/google_gemma_guff", "modelId": "c2p-cmd/google_gemma_guff", "author": "c2p-cmd", "sha": "b351e33805216c53609a0cf20cf8e46275f4e589", "lastModified": "2024-02-22T16:37:49.000Z", "private": false, "disabled": false, "gated": false, "tags": ["gguf", "license:other", "region:us"], "downloads": 49, "likes": 2, "model-index": null, "cardData": {"license": "other", "license_name": "gemma-terms-of-use", "license_link": "https://ai.google.dev/gemma/terms"}, "siblings": [{"rfilename": ".gitattributes"}, {"rfilename": "GemmaModelFile"}, {"rfilename": "LICENSE"}, {"rfilename": "README.md"}, {"rfilename": "gemma_snapshot/gemma-2b-it.gguf"}, {"rfilename": "gemma_snapshot/gemma-7b-it.gguf"}], "spaces": [], "createdAt": "2024-02-22T10:47:49.000Z", "inferenceStatus": "not-loaded"}