{"_id": "63e666f770fa0ed02a557db6", "id": "C3Imaging/childASR_w2v2", "modelId": "C3Imaging/childASR_w2v2", "author": "C3Imaging", "sha": "d8d776851b222b7609bf387d57a56eaa50aabd97", "lastModified": "2024-06-20T14:52:39.000Z", "private": false, "disabled": false, "gated": false, "tags": ["https://ieeexplore.ieee.org/stamp/stamp.jsp?arnumber=10122501", "dataset:rishabhjain16/myst_asr", "dataset:rishabhjain16/cmu_wav", "dataset:rishabhjain16/pfs_wav", "license:cc-by-4.0", "region:us"], "downloads": 0, "likes": 0, "model-index": null, "cardData": {"license": "cc-by-4.0", "datasets": ["rishabhjain16/myst_asr", "rishabhjain16/cmu_wav", "rishabhjain16/pfs_wav"], "metrics": ["wer"], "tags": ["https://ieeexplore.ieee.org/stamp/stamp.jsp?arnumber=10122501"]}, "siblings": [{"rfilename": ".gitattributes"}, {"rfilename": "M10_ls_to_myst_55h.pt"}, {"rfilename": "M11_Librilight_MyST10m.pt"}, {"rfilename": "M12_Librilight_MyST1h.pt"}, {"rfilename": "M13_Librilight_MyST10h.pt"}, {"rfilename": "M14_Librilight_MyST55h.pt"}, {"rfilename": "M15_ls_myst_to_myst10m.pt"}, {"rfilename": "M16_ls_myst_to_myst1h.pt"}, {"rfilename": "M17_ls_myst_to_myst10h.pt"}, {"rfilename": "M18_ls_myst_to_myst55h.pt"}, {"rfilename": "M19_ls_to_pf_10m.pt"}, {"rfilename": "M1_wav2vec_small_10m.pt"}, {"rfilename": "M20_ls_to_pf_1h.pt"}, {"rfilename": "M21_ls_to_pf_10h.pt"}, {"rfilename": "M22_ll_to_pf_10m.pt"}, {"rfilename": "M23_ll_to_pf_1h.pt"}, {"rfilename": "M24_ll_to_pf_10h.pt"}, {"rfilename": "M25_ls_to_ls_myst55.pt"}, {"rfilename": "M26_ls_to_ls_pf10.pt"}, {"rfilename": "M27_ls_to_pf10_myst55.pt"}, {"rfilename": "M28_ls_to_ls_myst55_pf10.pt"}, {"rfilename": "M29_ll_to_ls_myst.pt"}, {"rfilename": "M2_wav2vec_small_100h.pt"}, {"rfilename": "M30_ll_to_ls_pf10.pt"}, {"rfilename": "M31_ll_to_pf10_myst55.pt"}, {"rfilename": "M32_ll_to_ls_myst55_pf10.pt"}, {"rfilename": "M3_wav2vec_small_960h.pt"}, {"rfilename": "M4_wav2vec_big_10m.pt"}, {"rfilename": "M5_wav2vec_big_100h.pt"}, {"rfilename": "M6_wav2vec_big_960h.pt"}, {"rfilename": "M7_ls_to_myst_10m.pt"}, {"rfilename": "M8_ls_to_myst_1h.pt"}, {"rfilename": "M9_ls_to_myst_10h.pt"}, {"rfilename": "README.md"}], "spaces": [], "createdAt": "2023-02-10T15:47:03.000Z", "inferenceStatus": "not-loaded"}