{"_id": "661e10099e05575f94a46cd1", "id": "c4big/bert-base-uncased-issues-128", "modelId": "c4big/bert-base-uncased-issues-128", "author": "c4big", "sha": "cc72c396ff5a55c70dcd29d12c8a433bc8fcf09a", "lastModified": "2024-04-16T06:59:06.000Z", "private": false, "disabled": false, "gated": false, "pipeline_tag": "fill-mask", "tags": ["transformers", "safetensors", "bert", "fill-mask", "generated_from_trainer", "base_model:bert-base-uncased", "license:apache-2.0", "autotrain_compatible", "endpoints_compatible", "region:us"], "downloads": 2, "library_name": "transformers", "mask_token": "[MASK]", "widgetData": [{"text": "Paris is the [MASK] of France."}, {"text": "The goal of life is [MASK]."}], "likes": 0, "model-index": [{"name": "bert-base-uncased-issues-128", "results": []}], "config": {"architectures": ["BertForMaskedLM"], "model_type": "bert", "tokenizer_config": {"cls_token": "[CLS]", "mask_token": "[MASK]", "pad_token": "[PAD]", "sep_token": "[SEP]", "unk_token": "[UNK]"}}, "cardData": {"license": "apache-2.0", "base_model": "bert-base-uncased", "tags": ["generated_from_trainer"], "model-index": [{"name": "bert-base-uncased-issues-128", "results": []}]}, "transformersInfo": {"auto_model": "AutoModelForMaskedLM", "pipeline_tag": "fill-mask", "processor": "AutoTokenizer"}, "siblings": [{"rfilename": ".gitattributes"}, {"rfilename": "README.md"}, {"rfilename": "config.json"}, {"rfilename": "generation_config.json"}, {"rfilename": "model.safetensors"}, {"rfilename": "special_tokens_map.json"}, {"rfilename": "tokenizer.json"}, {"rfilename": "tokenizer_config.json"}, {"rfilename": "training_args.bin"}, {"rfilename": "vocab.txt"}], "spaces": [], "createdAt": "2024-04-16T05:43:37.000Z", "safetensors": {"parameters": {"F32": 109514298}, "total": 109514298}, "inferenceStatus": "not-loaded"}