{"_id": "64cc684887bfb0fc21317305", "id": "c4big/pegasus-samsum", "modelId": "c4big/pegasus-samsum", "author": "c4big", "sha": "cc2daa635c9a5a8adbaaa1605ec5247d65ed77bb", "lastModified": "2023-08-04T03:55:25.000Z", "private": false, "disabled": false, "gated": false, "pipeline_tag": "text2text-generation", "tags": ["transformers", "pytorch", "tensorboard", "pegasus", "text2text-generation", "generated_from_trainer", "dataset:samsum", "base_model:google/pegasus-cnn_dailymail", "autotrain_compatible", "endpoints_compatible", "region:us"], "downloads": 3, "library_name": "transformers", "likes": 0, "model-index": [{"name": "pegasus-samsum", "results": []}], "config": {"architectures": ["PegasusForConditionalGeneration"], "model_type": "pegasus", "tokenizer_config": {"eos_token": "</s>", "mask_token": "<mask_2>", "pad_token": "<pad>", "unk_token": "<unk>"}}, "cardData": {"base_model": "google/pegasus-cnn_dailymail", "tags": ["generated_from_trainer"], "datasets": ["samsum"], "model-index": [{"name": "pegasus-samsum", "results": []}]}, "transformersInfo": {"auto_model": "AutoModelForSeq2SeqLM", "pipeline_tag": "text2text-generation", "processor": "AutoTokenizer"}, "siblings": [{"rfilename": ".gitattributes"}, {"rfilename": ".gitignore"}, {"rfilename": "README.md"}, {"rfilename": "config.json"}, {"rfilename": "generation_config.json"}, {"rfilename": "pytorch_model.bin"}, {"rfilename": "runs/Aug04_02-49-38_f2ce95f029e7/events.out.tfevents.1691117645.f2ce95f029e7.2127.0"}, {"rfilename": "special_tokens_map.json"}, {"rfilename": "spiece.model"}, {"rfilename": "tokenizer.json"}, {"rfilename": "tokenizer_config.json"}, {"rfilename": "training_args.bin"}], "spaces": [], "createdAt": "2023-08-04T02:54:00.000Z", "inferenceStatus": "not-loaded"}