{"_id": "64afbdcef1848b231a0597dd", "id": "c4big/xlm-roberta-base-finetuned-panx-de", "modelId": "c4big/xlm-roberta-base-finetuned-panx-de", "author": "c4big", "sha": "10836430c96b2acd6c2ca14296094057b140a0f3", "lastModified": "2023-07-31T06:54:00.000Z", "private": false, "disabled": false, "gated": false, "pipeline_tag": "token-classification", "tags": ["transformers", "pytorch", "tensorboard", "xlm-roberta", "token-classification", "generated_from_trainer", "dataset:xtreme", "base_model:xlm-roberta-base", "license:mit", "model-index", "autotrain_compatible", "endpoints_compatible", "region:us"], "downloads": 3, "library_name": "transformers", "mask_token": "<mask>", "widgetData": [{"text": "My name is Wolfgang and I live in Berlin"}, {"text": "My name is Sarah and I live in London"}, {"text": "My name is Clara and I live in Berkeley, California."}], "likes": 0, "model-index": [{"name": "xlm-roberta-base-finetuned-panx-de", "results": [{"task": {"name": "Token Classification", "type": "token-classification"}, "dataset": {"name": "xtreme", "type": "xtreme", "config": "PAN-X.de", "split": "validation", "args": "PAN-X.de"}, "metrics": [{"name": "F1", "type": "f1", "value": 0.8616659101225601, "verified": false}]}]}], "config": {"architectures": ["XLMRobertaForTokenClassification"], "model_type": "xlm-roberta", "tokenizer_config": {"bos_token": "<s>", "cls_token": "<s>", "eos_token": "</s>", "mask_token": {"__type": "AddedToken", "content": "<mask>", "lstrip": true, "normalized": true, "rstrip": false, "single_word": false}, "pad_token": "<pad>", "sep_token": "</s>", "unk_token": "<unk>"}}, "cardData": {"license": "mit", "base_model": "xlm-roberta-base", "tags": ["generated_from_trainer"], "datasets": ["xtreme"], "metrics": ["f1"], "model-index": [{"name": "xlm-roberta-base-finetuned-panx-de", "results": [{"task": {"name": "Token Classification", "type": "token-classification"}, "dataset": {"name": "xtreme", "type": "xtreme", "config": "PAN-X.de", "split": "validation", "args": "PAN-X.de"}, "metrics": [{"name": "F1", "type": "f1", "value": 0.8616659101225601, "verified": false}]}]}]}, "transformersInfo": {"auto_model": "AutoModelForTokenClassification", "pipeline_tag": "token-classification", "processor": "AutoTokenizer"}, "siblings": [{"rfilename": ".gitattributes"}, {"rfilename": ".gitignore"}, {"rfilename": "README.md"}, {"rfilename": "config.json"}, {"rfilename": "pytorch_model.bin"}, {"rfilename": "runs/Jul13_08-33-41_62c1cfb67880/events.out.tfevents.1689239004.62c1cfb67880.1851.0"}, {"rfilename": "runs/Jul25_10-35-18_33c74e694747/events.out.tfevents.1690281734.33c74e694747.608.0"}, {"rfilename": "runs/Jul26_04-35-47_78b58d9f00c4/events.out.tfevents.1690346843.78b58d9f00c4.4849.0"}, {"rfilename": "runs/Jul26_07-08-25_78b58d9f00c4/events.out.tfevents.1690355622.78b58d9f00c4.4849.1"}, {"rfilename": "runs/Jul31_06-40-12_9a9a03ef1388/events.out.tfevents.1690785938.9a9a03ef1388.454.0"}, {"rfilename": "sentencepiece.bpe.model"}, {"rfilename": "special_tokens_map.json"}, {"rfilename": "tokenizer.json"}, {"rfilename": "tokenizer_config.json"}, {"rfilename": "training_args.bin"}], "spaces": [], "createdAt": "2023-07-13T09:03:10.000Z", "inferenceStatus": "not-loaded"}