{"_id": "63bd6119bb80ec4ef146839e", "id": "C4et4no/cae", "modelId": "C4et4no/cae", "author": "C4et4no", "sha": "68b96e63a5c8be1336b629014dbec29b3be9cf15", "lastModified": "2023-01-10T12:59:05.000Z", "private": false, "disabled": false, "gated": false, "tags": ["license:openrail", "region:us"], "downloads": 0, "likes": 0, "model-index": null, "cardData": {"license": "openrail"}, "siblings": [{"rfilename": ".gitattributes"}, {"rfilename": "README.md"}], "spaces": [], "createdAt": "2023-01-10T12:59:05.000Z", "inferenceStatus": "not-loaded"}