{"_id": "644fd961d5f7dafcfa61d0e0", "id": "C4m1/None", "modelId": "C4m1/None", "author": "C4m1", "sha": "483580dc3f315cf437860e01fcc4438c9d989e96", "lastModified": "2023-05-01T15:23:13.000Z", "private": false, "disabled": false, "gated": false, "tags": ["license:creativeml-openrail-m", "region:us"], "downloads": 0, "likes": 0, "model-index": null, "cardData": {"license": "creativeml-openrail-m"}, "siblings": [{"rfilename": ".gitattributes"}, {"rfilename": "README.md"}], "spaces": [], "createdAt": "2023-05-01T15:23:13.000Z", "inferenceStatus": "not-loaded"}