{"_id": "668e8c03b7f14a4712bcaf87", "id": "C4n54d0/Castlevania", "modelId": "C4n54d0/Castlevania", "author": "C4n54d0", "sha": "7cddf7f93a41f0625b8b96065238df1e20313e18", "lastModified": "2024-07-10T14:50:57.000Z", "private": false, "disabled": false, "gated": false, "tags": ["region:us"], "downloads": 0, "likes": 0, "siblings": [{"rfilename": ".gitattributes"}, {"rfilename": "ayami_kojima_castlevania_pony.safetensors"}], "spaces": [], "createdAt": "2024-07-10T13:26:27.000Z", "inferenceStatus": "not-loaded"}