{"_id": "65eecf89c6a46a7dcc2c47fb", "id": "C4Scale/deberta-v3-base_finetuned_bluegennx_run2", "modelId": "C4Scale/deberta-v3-base_finetuned_bluegennx_run2", "author": "C4Scale", "sha": "daaddbc81dc0d232a5eccb6d72a2c61571fb114a", "lastModified": "2024-03-11T10:50:57.000Z", "private": false, "disabled": false, "gated": false, "pipeline_tag": "token-classification", "tags": ["transformers", "safetensors", "deberta-v2", "token-classification", "generated_from_trainer", "base_model:microsoft/deberta-v3-base", "license:mit", "autotrain_compatible", "endpoints_compatible", "region:us"], "downloads": 1, "library_name": "transformers", "mask_token": "[MASK]", "widgetData": [{"text": "My name is Wolfgang and I live in Berlin"}, {"text": "My name is Sarah and I live in London"}, {"text": "My name is Clara and I live in Berkeley, California."}], "likes": 0, "model-index": [{"name": "deberta-v3-base_finetuned_bluegennx_run2", "results": []}], "config": {"architectures": ["DebertaV2ForTokenClassification"], "model_type": "deberta-v2", "tokenizer_config": {"bos_token": "[CLS]", "cls_token": "[CLS]", "eos_token": "[SEP]", "mask_token": "[MASK]", "pad_token": "[PAD]", "sep_token": "[SEP]", "unk_token": "[UNK]"}}, "cardData": {"license": "mit", "base_model": "microsoft/deberta-v3-base", "tags": ["generated_from_trainer"], "model-index": [{"name": "deberta-v3-base_finetuned_bluegennx_run2", "results": []}]}, "transformersInfo": {"auto_model": "AutoModelForTokenClassification", "pipeline_tag": "token-classification", "processor": "AutoTokenizer"}, "siblings": [{"rfilename": ".gitattributes"}, {"rfilename": "README.md"}, {"rfilename": "added_tokens.json"}, {"rfilename": "all_results.json"}, {"rfilename": "config.json"}, {"rfilename": "eval_results.json"}, {"rfilename": "model.safetensors"}, {"rfilename": "special_tokens_map.json"}, {"rfilename": "spm.model"}, {"rfilename": "tokenizer.json"}, {"rfilename": "tokenizer_config.json"}, {"rfilename": "train_results.json"}, {"rfilename": "trainer_state.json"}, {"rfilename": "training_args.bin"}], "spaces": [], "createdAt": "2024-03-11T09:31:53.000Z", "safetensors": {"parameters": {"F32": 183860005}, "total": 183860005}, "inferenceStatus": "not-loaded"}