{"_id": "64ecdf4ad9a41edc4dffe343", "id": "C57Box/bert-finetuned-ner", "modelId": "C57Box/bert-finetuned-ner", "author": "C57Box", "sha": "c731072f92b27fd7654f1af3fe19fd54539858e6", "lastModified": "2023-08-28T20:06:30.000Z", "private": false, "disabled": false, "gated": false, "pipeline_tag": "token-classification", "tags": ["transformers", "pytorch", "bert", "token-classification", "generated_from_trainer", "dataset:conll2003", "base_model:bert-base-cased", "license:apache-2.0", "model-index", "autotrain_compatible", "endpoints_compatible", "region:us"], "downloads": 2, "library_name": "transformers", "mask_token": "[MASK]", "widgetData": [{"text": "My name is Wolfgang and I live in Berlin"}, {"text": "My name is Sarah and I live in London"}, {"text": "My name is Clara and I live in Berkeley, California."}], "likes": 0, "model-index": [{"name": "bert-finetuned-ner", "results": [{"task": {"name": "Token Classification", "type": "token-classification"}, "dataset": {"name": "conll2003", "type": "conll2003", "config": "conll2003", "split": "validation", "args": "conll2003"}, "metrics": [{"name": "Precision", "type": "precision", "value": 0.9346351150091015, "verified": false}, {"name": "Recall", "type": "recall", "value": 0.9505217098619994, "verified": false}, {"name": "F1", "type": "f1", "value": 0.942511472674176, "verified": false}, {"name": "Accuracy", "type": "accuracy", "value": 0.9864602342968152, "verified": false}]}]}], "config": {"architectures": ["BertForTokenClassification"], "model_type": "bert", "tokenizer_config": {"cls_token": "[CLS]", "mask_token": "[MASK]", "pad_token": "[PAD]", "sep_token": "[SEP]", "unk_token": "[UNK]"}}, "cardData": {"license": "apache-2.0", "base_model": "bert-base-cased", "tags": ["generated_from_trainer"], "datasets": ["conll2003"], "metrics": ["precision", "recall", "f1", "accuracy"], "model-index": [{"name": "bert-finetuned-ner", "results": [{"task": {"name": "Token Classification", "type": "token-classification"}, "dataset": {"name": "conll2003", "type": "conll2003", "config": "conll2003", "split": "validation", "args": "conll2003"}, "metrics": [{"name": "Precision", "type": "precision", "value": 0.9346351150091015, "verified": false}, {"name": "Recall", "type": "recall", "value": 0.9505217098619994, "verified": false}, {"name": "F1", "type": "f1", "value": 0.942511472674176, "verified": false}, {"name": "Accuracy", "type": "accuracy", "value": 0.9864602342968152, "verified": false}]}]}]}, "transformersInfo": {"auto_model": "AutoModelForTokenClassification", "pipeline_tag": "token-classification", "processor": "AutoTokenizer"}, "siblings": [{"rfilename": ".gitattributes"}, {"rfilename": "README.md"}, {"rfilename": "config.json"}, {"rfilename": "pytorch_model.bin"}, {"rfilename": "special_tokens_map.json"}, {"rfilename": "tokenizer.json"}, {"rfilename": "tokenizer_config.json"}, {"rfilename": "training_args.bin"}, {"rfilename": "vocab.txt"}], "spaces": [], "createdAt": "2023-08-28T17:54:18.000Z", "inferenceStatus": "not-loaded"}