{"_id": "63ecef4deba811fd642d01d5", "id": "C5i/NatSight-t5-small-wikisql", "modelId": "C5i/NatSight-t5-small-wikisql", "author": "C5i", "sha": "b104a16f2033ef4abcb29842b2caecf513264ccd", "lastModified": "2023-04-18T20:35:38.000Z", "private": false, "disabled": false, "gated": false, "pipeline_tag": "text2text-generation", "tags": ["transformers", "pytorch", "tf", "safetensors", "t5", "text2text-generation", "NatSight-AdpSeq2Seq", "Text2SQL", "en", "dataset:wikisql", "license:apache-2.0", "autotrain_compatible", "text-generation-inference", "endpoints_compatible", "region:us"], "downloads": 4, "library_name": "transformers", "widgetData": [{"text": "translate English to Sql: What Branding does WRKO calls use? </s> c2 | Branding <eom> c0 | calls <eom> v0 | WRKO </s> c0 | Calls <eom> c1 | Frequency <eom> c2 | Branding <eom> c3 | Format <eom> c4 | Market/Rank <eom> c5 | Timeslot <eom> c6 | Group_owner"}], "likes": 0, "model-index": null, "config": {"architectures": ["T5ForConditionalGeneration"], "model_type": "t5", "tokenizer_config": {"eos_token": "</s>", "pad_token": "<pad>", "unk_token": "<unk>"}}, "cardData": {"language": ["en"], "license": "apache-2.0", "tags": ["NatSight-AdpSeq2Seq", "Text2SQL"], "datasets": ["wikisql"], "widget": [{"text": "translate English to Sql: What Branding does WRKO calls use? </s> c2 | Branding <eom> c0 | calls <eom> v0 | WRKO </s> c0 | Calls <eom> c1 | Frequency <eom> c2 | Branding <eom> c3 | Format <eom> c4 | Market/Rank <eom> c5 | Timeslot <eom> c6 | Group_owner"}]}, "transformersInfo": {"auto_model": "AutoModelForSeq2SeqLM", "pipeline_tag": "text2text-generation", "processor": "AutoTokenizer"}, "siblings": [{"rfilename": ".gitattributes"}, {"rfilename": "README.md"}, {"rfilename": "added_tokens.json"}, {"rfilename": "config.json"}, {"rfilename": "model.safetensors"}, {"rfilename": "pytorch_model.bin"}, {"rfilename": "special_tokens_map.json"}, {"rfilename": "spiece.model"}, {"rfilename": "tf_model.h5"}, {"rfilename": "tokenizer_config.json"}, {"rfilename": "training_args.bin"}], "spaces": [], "createdAt": "2023-02-15T14:42:21.000Z", "safetensors": {"parameters": {"F32": 60492800}, "total": 60492800}, "inferenceStatus": "not-loaded"}