{"_id": "62a66271b399d5b63fef9a0f", "id": "C5i/SEAD-L-6_H-256_A-8-qqp", "modelId": "C5i/SEAD-L-6_H-256_A-8-qqp", "author": "C5i", "sha": "786f60f3bc6f4574c634261c9bc3bf9606bb8fdf", "lastModified": "2023-03-28T08:32:34.000Z", "private": false, "disabled": false, "gated": false, "pipeline_tag": "text-classification", "tags": ["transformers", "pytorch", "tf", "jax", "safetensors", "bert", "text-classification", "SEAD", "en", "dataset:glue", "dataset:qqp", "arxiv:1910.01108", "arxiv:1909.10351", "arxiv:2002.10957", "arxiv:1810.04805", "arxiv:1804.07461", "arxiv:1905.00537", "license:apache-2.0", "autotrain_compatible", "endpoints_compatible", "region:us"], "downloads": 8, "library_name": "transformers", "mask_token": "[MASK]", "widgetData": [{"text": "I like you. I love you"}], "likes": 0, "model-index": null, "config": {"architectures": ["BertForSequenceClassification"], "model_type": "bert", "tokenizer_config": {"unk_token": "[UNK]", "sep_token": "[SEP]", "pad_token": "[PAD]", "cls_token": "[CLS]", "mask_token": "[MASK]"}}, "cardData": {"language": ["en"], "license": "apache-2.0", "tags": ["SEAD"], "datasets": ["glue", "qqp"]}, "transformersInfo": {"auto_model": "AutoModelForSequenceClassification", "pipeline_tag": "text-classification", "processor": "AutoTokenizer"}, "siblings": [{"rfilename": ".gitattributes"}, {"rfilename": "README.md"}, {"rfilename": "config.json"}, {"rfilename": "eval_results.json"}, {"rfilename": "flax_model.msgpack"}, {"rfilename": "model.safetensors"}, {"rfilename": "pytorch_model.bin"}, {"rfilename": "special_tokens_map.json"}, {"rfilename": "tf_model.h5"}, {"rfilename": "tokenizer_config.json"}, {"rfilename": "training_args.bin"}, {"rfilename": "vocab.txt"}], "spaces": [], "createdAt": "2022-06-12T22:02:25.000Z", "safetensors": {"parameters": {"I64": 512, "F32": 12750594}, "total": 12751106}, "inferenceStatus": "not-loaded"}