{"_id": "63ece9c0a27318305ef7e7f6", "id": "C5i/NatSight-bart-base-wikisql", "modelId": "C5i/NatSight-bart-base-wikisql", "author": "C5i", "sha": "a167cf371b8919bdae62a1dbfd99ab94b3585d08", "lastModified": "2023-11-24T19:16:31.000Z", "private": false, "disabled": false, "gated": false, "pipeline_tag": "text2text-generation", "tags": ["transformers", "pytorch", "tf", "safetensors", "bart", "text2text-generation", "NatSight-AdpSeq2Seq", "Text2SQL", "en", "dataset:wikisql", "license:apache-2.0", "autotrain_compatible", "endpoints_compatible", "region:us"], "downloads": 4, "library_name": "transformers", "mask_token": "<mask>", "widgetData": [{"text": "What was the number of race that Kevin Curtain won? </s> c0 | number <eom>  v4 | Kevin Curtain </s> c0 | No <eom> c1 | Date <eom> c2 | Round <eom> c3 | Circuit <eom> c4 | Pole_Position <eom> c5 | Fastest_Lap <eom> c6 | Race_winner <eom> c7 | Report"}], "likes": 1, "model-index": null, "config": {"architectures": ["BartForConditionalGeneration"], "model_type": "bart", "tokenizer_config": {"bos_token": {"__type": "AddedToken", "content": "<s>", "lstrip": false, "normalized": true, "rstrip": false, "single_word": false}, "cls_token": {"__type": "AddedToken", "content": "<s>", "lstrip": false, "normalized": true, "rstrip": false, "single_word": false}, "eos_token": {"__type": "AddedToken", "content": "</s>", "lstrip": false, "normalized": true, "rstrip": false, "single_word": false}, "mask_token": {"__type": "AddedToken", "content": "<mask>", "lstrip": true, "normalized": true, "rstrip": false, "single_word": false}, "pad_token": {"__type": "AddedToken", "content": "<pad>", "lstrip": false, "normalized": true, "rstrip": false, "single_word": false}, "sep_token": {"__type": "AddedToken", "content": "</s>", "lstrip": false, "normalized": true, "rstrip": false, "single_word": false}, "unk_token": {"__type": "AddedToken", "content": "<unk>", "lstrip": false, "normalized": true, "rstrip": false, "single_word": false}}}, "cardData": {"language": ["en"], "license": "apache-2.0", "tags": ["NatSight-AdpSeq2Seq", "Text2SQL"], "datasets": ["wikisql"], "widget": [{"text": "What was the number of race that Kevin Curtain won? </s> c0 | number <eom>  v4 | Kevin Curtain </s> c0 | No <eom> c1 | Date <eom> c2 | Round <eom> c3 | Circuit <eom> c4 | Pole_Position <eom> c5 | Fastest_Lap <eom> c6 | Race_winner <eom> c7 | Report"}]}, "transformersInfo": {"auto_model": "AutoModelForSeq2SeqLM", "pipeline_tag": "text2text-generation", "processor": "AutoTokenizer"}, "siblings": [{"rfilename": ".gitattributes"}, {"rfilename": "README.md"}, {"rfilename": "added_tokens.json"}, {"rfilename": "config.json"}, {"rfilename": "merges.txt"}, {"rfilename": "model.safetensors"}, {"rfilename": "pytorch_model.bin"}, {"rfilename": "special_tokens_map.json"}, {"rfilename": "tf_model.h5"}, {"rfilename": "tokenizer_config.json"}, {"rfilename": "training_args.bin"}, {"rfilename": "vocab.json"}], "spaces": [], "createdAt": "2023-02-15T14:18:40.000Z", "safetensors": {"parameters": {"F32": 139471450}, "total": 139471450}, "inferenceStatus": "not-loaded"}