{"_id": "653b3a2d8f8d60f2048ab254", "id": "c6404ny8t/ud_photoreal_v5.5", "modelId": "c6404ny8t/ud_photoreal_v5.5", "author": "c6404ny8t", "sha": "b65cd1bee20efc22a2d089182ad03b56be7d2fd7", "lastModified": "2023-10-27T10:10:56.000Z", "private": false, "disabled": false, "gated": false, "pipeline_tag": "text-to-image", "tags": ["transformers", "text-to-image", "stable-diffusion", "en", "endpoints_compatible", "region:us"], "downloads": 0, "library_name": "transformers", "likes": 0, "model-index": null, "cardData": {"tags": ["text-to-image", "stable-diffusion"], "library_name": "transformers", "language": ["en"]}, "transformersInfo": {"auto_model": "AutoModel"}, "siblings": [{"rfilename": ".gitattributes"}, {"rfilename": "README.md"}, {"rfilename": "app.py"}, {"rfilename": "unstablephotorealv5_05.ckpt"}], "spaces": [], "createdAt": "2023-10-27T04:18:53.000Z", "inferenceStatus": "not-loaded"}