{"_id": "65cf879d1e4ed74045fb7124", "id": "1-13-am/deberta-pii-finetuned", "modelId": "1-13-am/deberta-pii-finetuned", "author": "1-13-am", "sha": "020928c10a5ecd05bea97f380692725bff0e381f", "lastModified": "2024-02-18T11:47:25.000Z", "private": false, "disabled": false, "gated": false, "pipeline_tag": "token-classification", "tags": ["transformers", "tensorboard", "safetensors", "deberta-v2", "token-classification", "generated_from_trainer", "base_model:microsoft/deberta-v3-base", "license:mit", "autotrain_compatible", "endpoints_compatible", "region:us"], "downloads": 4, "library_name": "transformers", "mask_token": "[MASK]", "widgetData": [{"text": "My name is Wolfgang and I live in Berlin"}, {"text": "My name is Sarah and I live in London"}, {"text": "My name is Clara and I live in Berkeley, California."}], "likes": 0, "model-index": [{"name": "deberta-pii-finetuned", "results": []}], "config": {"architectures": ["DebertaV2ForTokenClassification"], "model_type": "deberta-v2", "tokenizer_config": {"bos_token": "[CLS]", "cls_token": "[CLS]", "eos_token": "[SEP]", "mask_token": "[MASK]", "pad_token": "[PAD]", "sep_token": "[SEP]", "unk_token": "[UNK]"}}, "cardData": {"license": "mit", "base_model": "microsoft/deberta-v3-base", "tags": ["generated_from_trainer"], "metrics": ["precision", "recall"], "model-index": [{"name": "deberta-pii-finetuned", "results": []}]}, "transformersInfo": {"auto_model": "AutoModelForTokenClassification", "pipeline_tag": "token-classification", "processor": "AutoTokenizer"}, "siblings": [{"rfilename": ".gitattributes"}, {"rfilename": "README.md"}, {"rfilename": "added_tokens.json"}, {"rfilename": "config.json"}, {"rfilename": "model.safetensors"}, {"rfilename": "runs/Feb16_16-04-42_52dbddf20dd6/events.out.tfevents.1708099488.52dbddf20dd6.26.0"}, {"rfilename": "runs/Feb16_16-44-33_52dbddf20dd6/events.out.tfevents.1708101886.52dbddf20dd6.26.1"}, {"rfilename": "runs/Feb17_03-50-02_078b00d86067/events.out.tfevents.1708141809.078b00d86067.26.0"}, {"rfilename": "runs/Feb17_04-30-07_69983da8e1f5/events.out.tfevents.1708144224.69983da8e1f5.26.0"}, {"rfilename": "runs/Feb17_05-04-52_69983da8e1f5/events.out.tfevents.1708146298.69983da8e1f5.26.1"}, {"rfilename": "runs/Feb17_05-47-38_7f7d15bc24af/events.out.tfevents.1708148874.7f7d15bc24af.26.0"}, {"rfilename": "special_tokens_map.json"}, {"rfilename": "spm.model"}, {"rfilename": "tokenizer.json"}, {"rfilename": "tokenizer_config.json"}, {"rfilename": "training_args.bin"}], "spaces": [], "createdAt": "2024-02-16T16:04:45.000Z", "safetensors": {"parameters": {"F32": 183841549}, "total": 183841549}, "inferenceStatus": "not-loaded"}