{"_id": "65b38021dfa3789ef3673e29", "id": "1-13-am/xlm-roberta-base-pii-finetuned", "modelId": "1-13-am/xlm-roberta-base-pii-finetuned", "author": "1-13-am", "sha": "453d326d09513051677da1c5faa34cc9d173920a", "lastModified": "2024-01-29T09:19:39.000Z", "private": false, "disabled": false, "gated": false, "pipeline_tag": "token-classification", "tags": ["transformers", "tensorboard", "safetensors", "xlm-roberta", "token-classification", "generated_from_trainer", "base_model:xlm-roberta-base", "license:mit", "autotrain_compatible", "endpoints_compatible", "region:us"], "downloads": 13, "library_name": "transformers", "mask_token": "<mask>", "widgetData": [{"text": "My name is Wolfgang and I live in Berlin"}, {"text": "My name is Sarah and I live in London"}, {"text": "My name is Clara and I live in Berkeley, California."}], "likes": 0, "model-index": [{"name": "xlm-roberta-base-pii-finetuned", "results": []}], "config": {"architectures": ["XLMRobertaForTokenClassification"], "model_type": "xlm-roberta", "tokenizer_config": {"bos_token": "<s>", "cls_token": "<s>", "eos_token": "</s>", "mask_token": "<mask>", "pad_token": "<pad>", "sep_token": "</s>", "unk_token": "<unk>"}}, "cardData": {"license": "mit", "base_model": "xlm-roberta-base", "tags": ["generated_from_trainer"], "model-index": [{"name": "xlm-roberta-base-pii-finetuned", "results": []}]}, "transformersInfo": {"auto_model": "AutoModelForTokenClassification", "pipeline_tag": "token-classification", "processor": "AutoTokenizer"}, "siblings": [{"rfilename": ".gitattributes"}, {"rfilename": "README.md"}, {"rfilename": "config.json"}, {"rfilename": "model.safetensors"}, {"rfilename": "runs/Jan29_08-18-55_9e411f035124/events.out.tfevents.1706516345.9e411f035124.26.0"}, {"rfilename": "runs/Jan29_08-18-55_9e411f035124/events.out.tfevents.1706516456.9e411f035124.26.1"}, {"rfilename": "runs/Jan29_08-18-55_9e411f035124/events.out.tfevents.1706516564.9e411f035124.26.2"}, {"rfilename": "runs/Jan29_08-23-08_9e411f035124/events.out.tfevents.1706516594.9e411f035124.26.3"}, {"rfilename": "runs/Jan29_08-36-39_9e411f035124/events.out.tfevents.1706517402.9e411f035124.26.4"}, {"rfilename": "runs/Jan29_08-48-30_9e411f035124/events.out.tfevents.1706518117.9e411f035124.26.5"}, {"rfilename": "sentencepiece.bpe.model"}, {"rfilename": "special_tokens_map.json"}, {"rfilename": "tokenizer.json"}, {"rfilename": "tokenizer_config.json"}, {"rfilename": "training_args.bin"}], "spaces": [], "createdAt": "2024-01-26T09:49:21.000Z", "safetensors": {"parameters": {"F32": 277463053}, "total": 277463053}, "inferenceStatus": "not-loaded"}