{"_id": "641e12ed468194c96a45e2e8", "id": "1-800-BAD-CODE/punctuation_fullstop_truecase_romance", "modelId": "1-800-BAD-CODE/punctuation_fullstop_truecase_romance", "author": "1-800-BAD-CODE", "sha": "1e8d395731a9e19471cee4b636f034e0cff7b405", "lastModified": "2023-04-15T22:19:12.000Z", "private": false, "disabled": false, "gated": false, "pipeline_tag": "text2text-generation", "tags": ["generic", "onnx", "text2text-generation", "punctuation", "fullstop", "truecase", "capitalization", "es", "ca", "fr", "pt", "it", "ro", "license:apache-2.0", "region:us"], "downloads": 8, "library_name": "generic", "widgetData": [{"text": "hola amigo c\u00f3mo est\u00e1s es un d\u00eda lluvioso hoy"}, {"text": "este modelo fue entrenado en un gpu a100 en realidad no se que dice esta frase lo traduje con nmt"}], "likes": 2, "model-index": null, "cardData": {"license": "apache-2.0", "language": ["es", "ca", "fr", "pt", "it", "ro"], "library_name": "generic", "tags": ["text2text-generation", "punctuation", "fullstop", "truecase", "capitalization"], "widget": [{"text": "hola amigo c\u00f3mo est\u00e1s es un d\u00eda lluvioso hoy"}, {"text": "este modelo fue entrenado en un gpu a100 en realidad no se que dice esta frase lo traduje con nmt"}]}, "siblings": [{"rfilename": ".gitattributes"}, {"rfilename": "README.md"}, {"rfilename": "config.yaml"}, {"rfilename": "model.onnx"}, {"rfilename": "pipeline.py"}, {"rfilename": "requirements.txt"}, {"rfilename": "sp.model"}], "spaces": [], "createdAt": "2023-03-24T21:15:25.000Z", "inferenceStatus": "not-loaded"}