{"_id": "63b0be8845d9ac7cb6a7452d", "id": "1-800-BAD-CODE/sentence_boundary_detection_multilang", "modelId": "1-800-BAD-CODE/sentence_boundary_detection_multilang", "author": "1-800-BAD-CODE", "sha": "fbd4ba2bdd04737efb359ac53a7ac2536c5a993f", "lastModified": "2023-05-25T23:34:48.000Z", "private": false, "disabled": false, "gated": false, "tags": ["onnx", "nemo", "sentence boundary detection", "token classification", "nlp", "af", "ar", "bg", "bn", "bs", "ca", "cs", "da", "de", "el", "en", "eo", "es", "et", "eu", "fi", "fr", "gl", "he", "hi", "hr", "hu", "id", "is", "it", "ja", "ka", "ko", "lt", "lv", "mk", "ml", "ms", "nl", "no", "pl", "pt", "ro", "ru", "si", "sk", "sl", "sq", "sv", "th", "tr", "uk", "vi", "zh", "license:apache-2.0", "region:us"], "downloads": 118, "library_name": "onnx", "likes": 13, "model-index": null, "cardData": {"license": "apache-2.0", "library_name": "onnx", "language": ["af", "ar", "bg", "bn", "bs", "ca", "cs", "da", "de", "el", "en", "eo", "es", "et", "eu", "fi", "fr", "gl", "he", "hi", "hr", "hu", "id", "is", "it", "ja", "ka", "ko", "lt", "lv", "mk", "ml", "ms", "nl", "no", "pl", "pt", "ro", "ru", "si", "sk", "sl", "sq", "sv", "th", "tr", "uk", "vi", "zh"], "tags": ["sentence boundary detection", "token classification", "nlp"]}, "siblings": [{"rfilename": ".gitattributes"}, {"rfilename": "README.md"}, {"rfilename": "config.yaml"}, {"rfilename": "sbd_49lang_bert_small.onnx"}, {"rfilename": "sentence_boundary_detection_multilang.nemo"}, {"rfilename": "spe_mixed_case_64k_49lang.model"}], "spaces": [], "createdAt": "2022-12-31T22:58:16.000Z", "inferenceStatus": "not-loaded"}