{"_id": "64582721116c6b3c62e4437a", "id": "1-800-BAD-CODE/xlm-roberta_punctuation_fullstop_truecase", "modelId": "1-800-BAD-CODE/xlm-roberta_punctuation_fullstop_truecase", "author": "1-800-BAD-CODE", "sha": "d1769a597ce8dfaa070d436bc67d4ee761f58884", "lastModified": "2023-07-15T20:42:28.000Z", "private": false, "disabled": false, "gated": false, "pipeline_tag": "text2text-generation", "tags": ["generic", "onnx", "nemo", "text2text-generation", "punctuation", "sentence-boundary-detection", "truecasing", "true-casing", "af", "am", "ar", "bg", "bn", "de", "el", "en", "es", "et", "fa", "fi", "fr", "gu", "hi", "hr", "hu", "id", "is", "it", "ja", "kk", "kn", "ko", "ky", "lt", "lv", "mk", "ml", "mr", "nl", "or", "pa", "pl", "ps", "pt", "ro", "ru", "rw", "so", "sr", "sw", "ta", "te", "tr", "uk", "zh", "license:apache-2.0", "region:us"], "downloads": 9521, "library_name": "generic", "widgetData": [{"text": "hola amigo c\u00f3mo est\u00e1s es un d\u00eda lluvioso hoy"}, {"text": "please rsvp for the party asap preferably before 8 pm tonight"}, {"text": "este modelo fue entrenado en un gpu a100 en realidad no se que dice esta frase lo traduje con nmt"}, {"text": "\u6b64\u6a21\u578b\u5411\u6587\u672c\u6dfb\u52a0\u6807\u70b9\u7b26\u53f7\u5b83\u652f\u630147\u79cd\u8bed\u8a00\u5e76\u5728a100gpu\u4e0a\u63a5\u53d7\u8fc7\u8bad\u7ec3\u5b83\u53ef\u4ee5\u5728\u6bcf\u79cd\u8bed\u8a00\u4e0a\u8fd0\u884c\u800c\u65e0\u9700\u6bcf\u79cd\u8bed\u8a00\u7684\u7279\u6b8a\u8def\u5f84"}, {"text": "\u092f\u0939 \u092e\u0949\u0921\u0932 47 \u092d\u093e\u0937\u093e\u0913\u0902 \u092e\u0947\u0902 \u0935\u093f\u0930\u093e\u092e \u091a\u093f\u0939\u094d\u0928 \u091c\u094b\u0921\u093c\u0924\u093e \u0939\u0948 \u092f\u0939 \u092d\u093e\u0937\u093e \u0935\u093f\u0936\u093f\u0937\u094d\u091f \u092a\u0925 \u0915\u0947 \u092c\u093f\u0928\u093e \u0915\u093e\u092e \u0915\u0930\u0924\u093e \u0939\u0948 \u092f\u0939 \u092a\u094d\u0930\u0924\u094d\u092f\u0947\u0915 \u092d\u093e\u0937\u093e \u0915\u0947 \u0932\u093f\u090f \u0935\u093f\u0936\u0947\u0937 \u092a\u0925\u094b\u0902 \u0915\u0947 \u092c\u093f\u0928\u093e \u092a\u094d\u0930\u0924\u094d\u092f\u0947\u0915 \u092d\u093e\u0937\u093e \u092a\u0930 \u0915\u093e\u0930\u094d\u092f \u0915\u0930 \u0938\u0915\u0924\u093e \u0939\u0948"}], "likes": 42, "model-index": null, "cardData": {"license": "apache-2.0", "library_name": "generic", "tags": ["text2text-generation", "punctuation", "sentence-boundary-detection", "truecasing", "true-casing"], "language": ["af", "am", "ar", "bg", "bn", "de", "el", "en", "es", "et", "fa", "fi", "fr", "gu", "hi", "hr", "hu", "id", "is", "it", "ja", "kk", "kn", "ko", "ky", "lt", "lv", "mk", "ml", "mr", "nl", "or", "pa", "pl", "ps", "pt", "ro", "ru", "rw", "so", "sr", "sw", "ta", "te", "tr", "uk", "zh"], "widget": [{"text": "hola amigo c\u00f3mo est\u00e1s es un d\u00eda lluvioso hoy"}, {"text": "please rsvp for the party asap preferably before 8 pm tonight"}, {"text": "este modelo fue entrenado en un gpu a100 en realidad no se que dice esta frase lo traduje con nmt"}, {"text": "\u6b64\u6a21\u578b\u5411\u6587\u672c\u6dfb\u52a0\u6807\u70b9\u7b26\u53f7\u5b83\u652f\u630147\u79cd\u8bed\u8a00\u5e76\u5728a100gpu\u4e0a\u63a5\u53d7\u8fc7\u8bad\u7ec3\u5b83\u53ef\u4ee5\u5728\u6bcf\u79cd\u8bed\u8a00\u4e0a\u8fd0\u884c\u800c\u65e0\u9700\u6bcf\u79cd\u8bed\u8a00\u7684\u7279\u6b8a\u8def\u5f84"}, {"text": "\u092f\u0939 \u092e\u0949\u0921\u0932 47 \u092d\u093e\u0937\u093e\u0913\u0902 \u092e\u0947\u0902 \u0935\u093f\u0930\u093e\u092e \u091a\u093f\u0939\u094d\u0928 \u091c\u094b\u0921\u093c\u0924\u093e \u0939\u0948 \u092f\u0939 \u092d\u093e\u0937\u093e \u0935\u093f\u0936\u093f\u0937\u094d\u091f \u092a\u0925 \u0915\u0947 \u092c\u093f\u0928\u093e \u0915\u093e\u092e \u0915\u0930\u0924\u093e \u0939\u0948 \u092f\u0939 \u092a\u094d\u0930\u0924\u094d\u092f\u0947\u0915 \u092d\u093e\u0937\u093e \u0915\u0947 \u0932\u093f\u090f \u0935\u093f\u0936\u0947\u0937 \u092a\u0925\u094b\u0902 \u0915\u0947 \u092c\u093f\u0928\u093e \u092a\u094d\u0930\u0924\u094d\u092f\u0947\u0915 \u092d\u093e\u0937\u093e \u092a\u0930 \u0915\u093e\u0930\u094d\u092f \u0915\u0930 \u0938\u0915\u0924\u093e \u0939\u0948"}]}, "siblings": [{"rfilename": ".gitattributes"}, {"rfilename": "README.md"}, {"rfilename": "config.yaml"}, {"rfilename": "model.onnx"}, {"rfilename": "pcs47_1jun.nemo"}, {"rfilename": "pipeline.py"}, {"rfilename": "requirements.txt"}, {"rfilename": "sp.model"}], "spaces": ["Oysiyl/asr-ukrainian-w2v-bert", "Oysiyl/asr-dutch-w2v-bert"], "createdAt": "2023-05-07T22:33:05.000Z", "inferenceStatus": "not-loaded"}