{"_id": "645304fca0c0a664a250539e", "id": "1008611sS/111", "modelId": "1008611sS/111", "author": "1008611sS", "sha": "76984947fdc250d34aaa0cca0e9575482ecf5d79", "lastModified": "2023-05-04T01:06:04.000Z", "private": false, "disabled": false, "gated": false, "tags": ["license:bigscience-bloom-rail-1.0", "region:us"], "downloads": 0, "likes": 0, "model-index": null, "cardData": {"license": "bigscience-bloom-rail-1.0"}, "siblings": [{"rfilename": ".gitattributes"}, {"rfilename": "README.md"}], "spaces": [], "createdAt": "2023-05-04T01:06:04.000Z", "inferenceStatus": "not-loaded"}