{"_id": "637495a719c264fe6fb165a9", "id": "100click/my-friends", "modelId": "100click/my-friends", "author": "100click", "sha": "11295a0940b68e6a2c9024a7a55046add5ff2ed6", "lastModified": "2022-11-16T13:50:37.000Z", "private": false, "disabled": false, "gated": false, "tags": ["license:openrail", "region:us"], "downloads": 0, "likes": 0, "model-index": null, "cardData": {"license": "openrail"}, "siblings": [{"rfilename": ".gitattributes"}, {"rfilename": "README.md"}, {"rfilename": "model.ckpt"}], "spaces": [], "createdAt": "2022-11-16T07:47:51.000Z", "inferenceStatus": "not-loaded"}