{"_id": "65e2e08699d809668f3120eb", "id": "100rab25/swin-tiny-patch4-window7-224-hotel_images_classifier_v5_10epocs", "modelId": "100rab25/swin-tiny-patch4-window7-224-hotel_images_classifier_v5_10epocs", "author": "100rab25", "sha": "7b6f065e4276928df16af19e74e79dae45425ea0", "lastModified": "2024-03-02T09:38:24.000Z", "private": false, "disabled": false, "gated": false, "pipeline_tag": "image-classification", "tags": ["transformers", "tensorboard", "safetensors", "swin", "image-classification", "generated_from_trainer", "dataset:imagefolder", "base_model:microsoft/swin-tiny-patch4-window7-224", "license:apache-2.0", "model-index", "autotrain_compatible", "endpoints_compatible", "region:us"], "downloads": 0, "library_name": "transformers", "likes": 0, "model-index": [{"name": "swin-tiny-patch4-window7-224-hotel_images_classifier_v5_10epocs", "results": [{"task": {"name": "Image Classification", "type": "image-classification"}, "dataset": {"name": "imagefolder", "type": "imagefolder", "config": "default", "split": "train", "args": "default"}, "metrics": [{"name": "Accuracy", "type": "accuracy", "value": 0.9558704453441296, "verified": false}]}]}], "config": {"architectures": ["SwinForImageClassification"], "model_type": "swin"}, "cardData": {"license": "apache-2.0", "base_model": "microsoft/swin-tiny-patch4-window7-224", "tags": ["generated_from_trainer"], "datasets": ["imagefolder"], "metrics": ["accuracy"], "model-index": [{"name": "swin-tiny-patch4-window7-224-hotel_images_classifier_v5_10epocs", "results": [{"task": {"name": "Image Classification", "type": "image-classification"}, "dataset": {"name": "imagefolder", "type": "imagefolder", "config": "default", "split": "train", "args": "default"}, "metrics": [{"name": "Accuracy", "type": "accuracy", "value": 0.9558704453441296, "verified": false}]}]}]}, "transformersInfo": {"auto_model": "AutoModelForImageClassification", "pipeline_tag": "image-classification", "processor": "AutoImageProcessor"}, "siblings": [{"rfilename": ".gitattributes"}, {"rfilename": "README.md"}, {"rfilename": "all_results.json"}, {"rfilename": "config.json"}, {"rfilename": "eval_results.json"}, {"rfilename": "model.safetensors"}, {"rfilename": "preprocessor_config.json"}, {"rfilename": "runs/Mar02_08-15-49_260e46876a9c/events.out.tfevents.1709367445.260e46876a9c.192.0"}, {"rfilename": "runs/Mar02_08-15-49_260e46876a9c/events.out.tfevents.1709372301.260e46876a9c.192.1"}, {"rfilename": "train_results.json"}, {"rfilename": "trainer_state.json"}, {"rfilename": "training_args.bin"}], "spaces": [], "createdAt": "2024-03-02T08:17:10.000Z", "safetensors": {"parameters": {"I64": 28812, "F32": 27524737}, "total": 27553549}, "inferenceStatus": "not-loaded"}