{"_id": "65e50486fcaa3dc211a979c2", "id": "100rab25/hotel_images_classifier_jd_v4_convnext", "modelId": "100rab25/hotel_images_classifier_jd_v4_convnext", "author": "100rab25", "sha": "af94381bf26e27cfe891fbf5dbf4ae5994091b93", "lastModified": "2024-03-04T00:18:09.000Z", "private": false, "disabled": false, "gated": false, "pipeline_tag": "image-classification", "tags": ["transformers", "tensorboard", "safetensors", "swin", "image-classification", "generated_from_trainer", "dataset:imagefolder", "base_model:microsoft/swin-tiny-patch4-window7-224", "license:apache-2.0", "model-index", "autotrain_compatible", "endpoints_compatible", "region:us"], "downloads": 0, "library_name": "transformers", "likes": 0, "model-index": [{"name": "hotel_images_classifier_jd_v4_convnext", "results": [{"task": {"name": "Image Classification", "type": "image-classification"}, "dataset": {"name": "imagefolder", "type": "imagefolder", "config": "default", "split": "train", "args": "default"}, "metrics": [{"name": "Accuracy", "type": "accuracy", "value": 0.936588653351305, "verified": false}]}]}], "config": {"architectures": ["SwinForImageClassification"], "model_type": "swin"}, "cardData": {"license": "apache-2.0", "base_model": "microsoft/swin-tiny-patch4-window7-224", "tags": ["generated_from_trainer"], "datasets": ["imagefolder"], "metrics": ["accuracy"], "model-index": [{"name": "hotel_images_classifier_jd_v4_convnext", "results": [{"task": {"name": "Image Classification", "type": "image-classification"}, "dataset": {"name": "imagefolder", "type": "imagefolder", "config": "default", "split": "train", "args": "default"}, "metrics": [{"name": "Accuracy", "type": "accuracy", "value": 0.936588653351305, "verified": false}]}]}]}, "transformersInfo": {"auto_model": "AutoModelForImageClassification", "pipeline_tag": "image-classification", "processor": "AutoImageProcessor"}, "siblings": [{"rfilename": ".gitattributes"}, {"rfilename": "README.md"}, {"rfilename": "all_results.json"}, {"rfilename": "config.json"}, {"rfilename": "eval_results.json"}, {"rfilename": "model.safetensors"}, {"rfilename": "preprocessor_config.json"}, {"rfilename": "runs/Mar04_04-45-17_img-srch-kworker2/events.out.tfevents.1709507719.img-srch-kworker2.1847252.0"}, {"rfilename": "runs/Mar04_04-45-17_img-srch-kworker2/events.out.tfevents.1709511486.img-srch-kworker2.1847252.1"}, {"rfilename": "train_results.json"}, {"rfilename": "trainer_state.json"}, {"rfilename": "training_args.bin"}], "spaces": [], "createdAt": "2024-03-03T23:15:18.000Z", "safetensors": {"parameters": {"I64": 28812, "F32": 27525506}, "total": 27554318}, "inferenceStatus": "not-loaded"}