{"_id": "65bd0ca9d6d0ffbceba4ffec", "id": "100rab25/signboard_org_address", "modelId": "100rab25/signboard_org_address", "author": "100rab25", "sha": "652c2e23ec897ee567e1a74ec0b0cf8e7531a6cb", "lastModified": "2024-02-02T15:49:15.000Z", "private": false, "disabled": false, "gated": false, "tags": ["transformers", "safetensors", "vision-encoder-decoder", "endpoints_compatible", "region:us"], "downloads": 0, "library_name": "transformers", "likes": 0, "config": {"architectures": ["VisionEncoderDecoderModel"], "model_type": "vision-encoder-decoder", "tokenizer_config": {"bos_token": "<s>", "cls_token": "<s>", "eos_token": "</s>", "mask_token": "<mask>", "pad_token": "<pad>", "sep_token": "</s>", "unk_token": "<unk>"}}, "transformersInfo": {"auto_model": "AutoModel", "processor": "AutoTokenizer"}, "siblings": [{"rfilename": ".gitattributes"}, {"rfilename": "added_tokens.json"}, {"rfilename": "config.json"}, {"rfilename": "generation_config.json"}, {"rfilename": "model.safetensors"}, {"rfilename": "preprocessor_config.json"}, {"rfilename": "sentencepiece.bpe.model"}, {"rfilename": "special_tokens_map.json"}, {"rfilename": "tokenizer.json"}, {"rfilename": "tokenizer_config.json"}], "spaces": [], "createdAt": "2024-02-02T15:39:21.000Z", "safetensors": {"parameters": {"I64": 200000, "F32": 201857144}, "total": 202057144}, "inferenceStatus": "not-loaded"}