{"_id": "65e2ced177585aaf4847d4f0", "id": "100rab25/swin-tiny-patch4-window7-224-hotel_images_classifier_v3_10epocs", "modelId": "100rab25/swin-tiny-patch4-window7-224-hotel_images_classifier_v3_10epocs", "author": "100rab25", "sha": "1ae8461d7d3ec0f4aec5e550a5d8f24d5c3fdb6d", "lastModified": "2024-03-02T07:48:09.000Z", "private": false, "disabled": false, "gated": false, "pipeline_tag": "image-classification", "tags": ["transformers", "tensorboard", "safetensors", "swin", "image-classification", "generated_from_trainer", "dataset:imagefolder", "base_model:microsoft/swin-tiny-patch4-window7-224", "license:apache-2.0", "model-index", "autotrain_compatible", "endpoints_compatible", "region:us"], "downloads": 0, "library_name": "transformers", "likes": 0, "model-index": [{"name": "swin-tiny-patch4-window7-224-hotel_images_classifier_v3_10epocs", "results": [{"task": {"name": "Image Classification", "type": "image-classification"}, "dataset": {"name": "imagefolder", "type": "imagefolder", "config": "default", "split": "train", "args": "default"}, "metrics": [{"name": "Accuracy", "type": "accuracy", "value": 0.9550607287449393, "verified": false}]}]}], "config": {"architectures": ["SwinForImageClassification"], "model_type": "swin"}, "cardData": {"license": "apache-2.0", "base_model": "microsoft/swin-tiny-patch4-window7-224", "tags": ["generated_from_trainer"], "datasets": ["imagefolder"], "metrics": ["accuracy"], "model-index": [{"name": "swin-tiny-patch4-window7-224-hotel_images_classifier_v3_10epocs", "results": [{"task": {"name": "Image Classification", "type": "image-classification"}, "dataset": {"name": "imagefolder", "type": "imagefolder", "config": "default", "split": "train", "args": "default"}, "metrics": [{"name": "Accuracy", "type": "accuracy", "value": 0.9550607287449393, "verified": false}]}]}]}, "transformersInfo": {"auto_model": "AutoModelForImageClassification", "pipeline_tag": "image-classification", "processor": "AutoImageProcessor"}, "siblings": [{"rfilename": ".gitattributes"}, {"rfilename": "README.md"}, {"rfilename": "config.json"}, {"rfilename": "model.safetensors"}, {"rfilename": "preprocessor_config.json"}, {"rfilename": "runs/Mar02_07-00-59_e755fa35774e/events.out.tfevents.1709362906.e755fa35774e.505.2"}, {"rfilename": "training_args.bin"}], "spaces": [], "createdAt": "2024-03-02T07:01:37.000Z", "safetensors": {"parameters": {"I64": 28812, "F32": 27524737}, "total": 27553549}, "inferenceStatus": "not-loaded"}