{"_id": "65e4e6fe8d9b2052b35d020f", "id": "100rab25/hotel_images_classifier_jd_v1_convnext", "modelId": "100rab25/hotel_images_classifier_jd_v1_convnext", "author": "100rab25", "sha": "5df9e94c885e5b785402e426d8bd248fe5dc424d", "lastModified": "2024-03-03T21:09:18.000Z", "private": false, "disabled": false, "gated": false, "tags": ["region:us"], "downloads": 0, "likes": 0, "siblings": [{"rfilename": ".gitattributes"}], "spaces": [], "createdAt": "2024-03-03T21:09:18.000Z", "inferenceStatus": "not-loaded"}