{"_id": "65e31fc0fcaff433f7bc0a52", "id": "100rab25/swin-tiny-patch4-window7-224-hotel_classifier_v1", "modelId": "100rab25/swin-tiny-patch4-window7-224-hotel_classifier_v1", "author": "100rab25", "sha": "210695588dea971eac846bbc703ad171627f5e20", "lastModified": "2024-03-02T14:41:43.000Z", "private": false, "disabled": false, "gated": false, "pipeline_tag": "image-classification", "tags": ["transformers", "tensorboard", "safetensors", "swin", "image-classification", "generated_from_trainer", "dataset:imagefolder", "base_model:microsoft/swin-tiny-patch4-window7-224", "license:apache-2.0", "model-index", "autotrain_compatible", "endpoints_compatible", "region:us"], "downloads": 0, "library_name": "transformers", "likes": 0, "model-index": [{"name": "swin-tiny-patch4-window7-224-hotel_classifier_v1", "results": [{"task": {"name": "Image Classification", "type": "image-classification"}, "dataset": {"name": "imagefolder", "type": "imagefolder", "config": "default", "split": "train", "args": "default"}, "metrics": [{"name": "Accuracy", "type": "accuracy", "value": 0.9374278867489128, "verified": false}]}]}], "config": {"architectures": ["SwinForImageClassification"], "model_type": "swin"}, "cardData": {"license": "apache-2.0", "base_model": "microsoft/swin-tiny-patch4-window7-224", "tags": ["generated_from_trainer"], "datasets": ["imagefolder"], "metrics": ["accuracy"], "model-index": [{"name": "swin-tiny-patch4-window7-224-hotel_classifier_v1", "results": [{"task": {"name": "Image Classification", "type": "image-classification"}, "dataset": {"name": "imagefolder", "type": "imagefolder", "config": "default", "split": "train", "args": "default"}, "metrics": [{"name": "Accuracy", "type": "accuracy", "value": 0.9374278867489128, "verified": false}]}]}]}, "transformersInfo": {"auto_model": "AutoModelForImageClassification", "pipeline_tag": "image-classification", "processor": "AutoImageProcessor"}, "siblings": [{"rfilename": ".gitattributes"}, {"rfilename": "README.md"}, {"rfilename": "all_results.json"}, {"rfilename": "config.json"}, {"rfilename": "eval_results.json"}, {"rfilename": "model.safetensors"}, {"rfilename": "preprocessor_config.json"}, {"rfilename": "runs/Mar02_12-32-43_4b8d57d5b0f3/events.out.tfevents.1709382799.4b8d57d5b0f3.1565.0"}, {"rfilename": "runs/Mar02_12-46-44_4b8d57d5b0f3/events.out.tfevents.1709383621.4b8d57d5b0f3.1565.1"}, {"rfilename": "runs/Mar02_12-46-44_4b8d57d5b0f3/events.out.tfevents.1709389140.4b8d57d5b0f3.1565.2"}, {"rfilename": "train_results.json"}, {"rfilename": "trainer_state.json"}, {"rfilename": "training_args.bin"}], "spaces": [], "createdAt": "2024-03-02T12:46:56.000Z", "safetensors": {"parameters": {"I64": 28812, "F32": 27525506}, "total": 27554318}, "inferenceStatus": "not-loaded"}