{"_id": "65e2d9fc00680b19bc97b9a5", "id": "100rab25/swin-tiny-patch4-window7-224-hotel_images_classifier_v4_10epocs", "modelId": "100rab25/swin-tiny-patch4-window7-224-hotel_images_classifier_v4_10epocs", "author": "100rab25", "sha": "a56d5ae49bb96f237ac89ad13af20d06704f6ffe", "lastModified": "2024-03-02T08:01:43.000Z", "private": false, "disabled": false, "gated": false, "pipeline_tag": "image-classification", "tags": ["transformers", "tensorboard", "safetensors", "swin", "image-classification", "autotrain_compatible", "endpoints_compatible", "region:us"], "downloads": 0, "library_name": "transformers", "likes": 0, "config": {"architectures": ["SwinForImageClassification"], "model_type": "swin"}, "transformersInfo": {"auto_model": "AutoModelForImageClassification", "pipeline_tag": "image-classification", "processor": "AutoImageProcessor"}, "siblings": [{"rfilename": ".gitattributes"}, {"rfilename": "config.json"}, {"rfilename": "model.safetensors"}, {"rfilename": "preprocessor_config.json"}, {"rfilename": "runs/Mar02_07-49-10_e755fa35774e/events.out.tfevents.1709365944.e755fa35774e.505.3"}, {"rfilename": "training_args.bin"}], "spaces": [], "createdAt": "2024-03-02T07:49:16.000Z", "safetensors": {"parameters": {"I64": 28812, "F32": 27524737}, "total": 27553549}, "inferenceStatus": "not-loaded"}