{"_id": "65fa870adc8d8830a5288b06", "id": "100rab25/spa_images_classifier_jd_v1_convnext", "modelId": "100rab25/spa_images_classifier_jd_v1_convnext", "author": "100rab25", "sha": "74ecf1e21e3b07f7c9788f672f12978acacff118", "lastModified": "2024-03-20T07:14:49.000Z", "private": false, "disabled": false, "gated": false, "pipeline_tag": "image-classification", "tags": ["transformers", "tensorboard", "safetensors", "swin", "image-classification", "generated_from_trainer", "dataset:imagefolder", "base_model:microsoft/swin-tiny-patch4-window7-224", "license:apache-2.0", "model-index", "autotrain_compatible", "endpoints_compatible", "region:us"], "downloads": 0, "library_name": "transformers", "likes": 0, "model-index": [{"name": "spa_images_classifier_jd_v1_convnext", "results": [{"task": {"name": "Image Classification", "type": "image-classification"}, "dataset": {"name": "imagefolder", "type": "imagefolder", "config": "default", "split": "train", "args": "default"}, "metrics": [{"name": "Accuracy", "type": "accuracy", "value": 0.978066110596231, "verified": false}]}]}], "config": {"architectures": ["SwinForImageClassification"], "model_type": "swin"}, "cardData": {"license": "apache-2.0", "base_model": "microsoft/swin-tiny-patch4-window7-224", "tags": ["generated_from_trainer"], "datasets": ["imagefolder"], "metrics": ["accuracy"], "model-index": [{"name": "spa_images_classifier_jd_v1_convnext", "results": [{"task": {"name": "Image Classification", "type": "image-classification"}, "dataset": {"name": "imagefolder", "type": "imagefolder", "config": "default", "split": "train", "args": "default"}, "metrics": [{"name": "Accuracy", "type": "accuracy", "value": 0.978066110596231, "verified": false}]}]}]}, "transformersInfo": {"auto_model": "AutoModelForImageClassification", "pipeline_tag": "image-classification", "processor": "AutoImageProcessor"}, "siblings": [{"rfilename": ".gitattributes"}, {"rfilename": "README.md"}, {"rfilename": "all_results.json"}, {"rfilename": "config.json"}, {"rfilename": "eval_results.json"}, {"rfilename": "model.safetensors"}, {"rfilename": "preprocessor_config.json"}, {"rfilename": "runs/Mar20_12-19-43_img-srch-kworker2/events.out.tfevents.1710917387.img-srch-kworker2.997692.0"}, {"rfilename": "runs/Mar20_12-19-43_img-srch-kworker2/events.out.tfevents.1710918886.img-srch-kworker2.997692.1"}, {"rfilename": "train_results.json"}, {"rfilename": "trainer_state.json"}, {"rfilename": "training_args.bin"}], "spaces": [], "createdAt": "2024-03-20T06:49:46.000Z", "safetensors": {"parameters": {"I64": 28812, "F32": 27522430}, "total": 27551242}, "inferenceStatus": "not-loaded"}