{"_id": "655c9d112d1922b228aa6421", "id": "100yen/distilbert-base-uncased-finetuned-emotion", "modelId": "100yen/distilbert-base-uncased-finetuned-emotion", "author": "100yen", "sha": "c56a67747fc7fd60795809fe986353f6c84cc51a", "lastModified": "2023-11-21T13:18:54.000Z", "private": false, "disabled": false, "gated": false, "pipeline_tag": "text-classification", "tags": ["transformers", "tensorboard", "safetensors", "distilbert", "text-classification", "generated_from_trainer", "dataset:emotion", "base_model:distilbert-base-uncased", "license:apache-2.0", "model-index", "autotrain_compatible", "endpoints_compatible", "region:us"], "downloads": 3, "library_name": "transformers", "mask_token": "[MASK]", "widgetData": [{"text": "I like you. I love you"}], "likes": 0, "model-index": [{"name": "distilbert-base-uncased-finetuned-emotion", "results": [{"task": {"name": "Text Classification", "type": "text-classification"}, "dataset": {"name": "emotion", "type": "emotion", "config": "split", "split": "validation", "args": "split"}, "metrics": [{"name": "Accuracy", "type": "accuracy", "value": 0.9215, "verified": false}, {"name": "F1", "type": "f1", "value": 0.9216782978856498, "verified": false}]}]}], "config": {"architectures": ["DistilBertForSequenceClassification"], "model_type": "distilbert", "tokenizer_config": {"cls_token": "[CLS]", "mask_token": "[MASK]", "pad_token": "[PAD]", "sep_token": "[SEP]", "unk_token": "[UNK]"}}, "cardData": {"license": "apache-2.0", "base_model": "distilbert-base-uncased", "tags": ["generated_from_trainer"], "datasets": ["emotion"], "metrics": ["accuracy", "f1"], "model-index": [{"name": "distilbert-base-uncased-finetuned-emotion", "results": [{"task": {"name": "Text Classification", "type": "text-classification"}, "dataset": {"name": "emotion", "type": "emotion", "config": "split", "split": "validation", "args": "split"}, "metrics": [{"name": "Accuracy", "type": "accuracy", "value": 0.9215, "verified": false}, {"name": "F1", "type": "f1", "value": 0.9216782978856498, "verified": false}]}]}]}, "transformersInfo": {"auto_model": "AutoModelForSequenceClassification", "pipeline_tag": "text-classification", "processor": "AutoTokenizer"}, "siblings": [{"rfilename": ".gitattributes"}, {"rfilename": "README.md"}, {"rfilename": "config.json"}, {"rfilename": "model.safetensors"}, {"rfilename": "runs/Nov21_21-05-30_DESKTOP-A6V52FD/events.out.tfevents.1700568336.DESKTOP-A6V52FD.15100.0"}, {"rfilename": "runs/Nov21_21-55-40_DESKTOP-A6V52FD/events.out.tfevents.1700571342.DESKTOP-A6V52FD.10700.0"}, {"rfilename": "special_tokens_map.json"}, {"rfilename": "tokenizer.json"}, {"rfilename": "tokenizer_config.json"}, {"rfilename": "training_args.bin"}, {"rfilename": "vocab.txt"}], "spaces": [], "createdAt": "2023-11-21T12:05:37.000Z", "safetensors": {"parameters": {"F32": 66958086}, "total": 66958086}, "inferenceStatus": "not-loaded"}