{"_id": "65617d18280cd6b710919923", "id": "100yen/xlm-roberta-base-finetuned-panx-de", "modelId": "100yen/xlm-roberta-base-finetuned-panx-de", "author": "100yen", "sha": "301763560fa8a356bbdf097c1b8240b15e220b13", "lastModified": "2023-11-25T05:46:20.000Z", "private": false, "disabled": false, "gated": false, "pipeline_tag": "token-classification", "tags": ["transformers", "tensorboard", "safetensors", "xlm-roberta", "token-classification", "generated_from_trainer", "dataset:xtreme", "base_model:xlm-roberta-base", "license:mit", "model-index", "autotrain_compatible", "endpoints_compatible", "region:us"], "downloads": 3, "library_name": "transformers", "mask_token": "<mask>", "widgetData": [{"text": "My name is Wolfgang and I live in Berlin"}, {"text": "My name is Sarah and I live in London"}, {"text": "My name is Clara and I live in Berkeley, California."}], "likes": 0, "model-index": [{"name": "xlm-roberta-base-finetuned-panx-de", "results": [{"task": {"name": "Token Classification", "type": "token-classification"}, "dataset": {"name": "xtreme", "type": "xtreme", "config": "PAN-X.de", "split": "validation", "args": "PAN-X.de"}, "metrics": [{"name": "F1", "type": "f1", "value": 0.864080982711556, "verified": false}]}]}], "config": {"architectures": ["XLMRobertaForTokenClassification"], "model_type": "xlm-roberta", "tokenizer_config": {"bos_token": "<s>", "cls_token": "<s>", "eos_token": "</s>", "mask_token": "<mask>", "pad_token": "<pad>", "sep_token": "</s>", "unk_token": "<unk>"}}, "cardData": {"license": "mit", "base_model": "xlm-roberta-base", "tags": ["generated_from_trainer"], "datasets": ["xtreme"], "metrics": ["f1"], "model-index": [{"name": "xlm-roberta-base-finetuned-panx-de", "results": [{"task": {"name": "Token Classification", "type": "token-classification"}, "dataset": {"name": "xtreme", "type": "xtreme", "config": "PAN-X.de", "split": "validation", "args": "PAN-X.de"}, "metrics": [{"name": "F1", "type": "f1", "value": 0.864080982711556, "verified": false}]}]}]}, "transformersInfo": {"auto_model": "AutoModelForTokenClassification", "pipeline_tag": "token-classification", "processor": "AutoTokenizer"}, "siblings": [{"rfilename": ".gitattributes"}, {"rfilename": "README.md"}, {"rfilename": "config.json"}, {"rfilename": "model.safetensors"}, {"rfilename": "runs/Nov25_13-33-22_DESKTOP-A6V52FD/events.out.tfevents.1700887929.DESKTOP-A6V52FD.16196.0"}, {"rfilename": "sentencepiece.bpe.model"}, {"rfilename": "special_tokens_map.json"}, {"rfilename": "tokenizer.json"}, {"rfilename": "tokenizer_config.json"}, {"rfilename": "training_args.bin"}], "spaces": [], "createdAt": "2023-11-25T04:50:32.000Z", "safetensors": {"parameters": {"F32": 277458439}, "total": 277458439}, "inferenceStatus": "not-loaded"}