{"_id": "657c2448cfe79b5bf69a9334", "id": "100yen/distilbert-base-uncased-finetuned-clinc", "modelId": "100yen/distilbert-base-uncased-finetuned-clinc", "author": "100yen", "sha": "dfc26e9c7fbea7878b003d45d23d7b79c1c423f7", "lastModified": "2023-12-17T08:19:21.000Z", "private": false, "disabled": false, "gated": false, "pipeline_tag": "text-classification", "tags": ["transformers", "tensorboard", "safetensors", "distilbert", "text-classification", "generated_from_trainer", "dataset:clinc_oos", "base_model:distilbert-base-uncased", "license:apache-2.0", "model-index", "autotrain_compatible", "endpoints_compatible", "region:us"], "downloads": 2, "library_name": "transformers", "mask_token": "[MASK]", "widgetData": [{"text": "I like you. I love you"}], "likes": 0, "model-index": [{"name": "distilbert-base-uncased-finetuned-clinc", "results": [{"task": {"name": "Text Classification", "type": "text-classification"}, "dataset": {"name": "clinc_oos", "type": "clinc_oos", "config": "plus", "split": "validation", "args": "plus"}, "metrics": [{"name": "Accuracy", "type": "accuracy", "value": 0.9167741935483871, "verified": false}]}]}], "config": {"architectures": ["DistilBertForSequenceClassification"], "model_type": "distilbert", "tokenizer_config": {"cls_token": "[CLS]", "mask_token": "[MASK]", "pad_token": "[PAD]", "sep_token": "[SEP]", "unk_token": "[UNK]"}}, "cardData": {"license": "apache-2.0", "base_model": "distilbert-base-uncased", "tags": ["generated_from_trainer"], "datasets": ["clinc_oos"], "metrics": ["accuracy"], "model-index": [{"name": "distilbert-base-uncased-finetuned-clinc", "results": [{"task": {"name": "Text Classification", "type": "text-classification"}, "dataset": {"name": "clinc_oos", "type": "clinc_oos", "config": "plus", "split": "validation", "args": "plus"}, "metrics": [{"name": "Accuracy", "type": "accuracy", "value": 0.9167741935483871, "verified": false}]}]}]}, "transformersInfo": {"auto_model": "AutoModelForSequenceClassification", "pipeline_tag": "text-classification", "processor": "AutoTokenizer"}, "siblings": [{"rfilename": ".gitattributes"}, {"rfilename": "README.md"}, {"rfilename": "config.json"}, {"rfilename": "model.safetensors"}, {"rfilename": "run-0/checkpoint-1000/config.json"}, {"rfilename": "run-0/checkpoint-1000/model.safetensors"}, {"rfilename": "run-0/checkpoint-1000/optimizer.pt"}, {"rfilename": "run-0/checkpoint-1000/rng_state.pth"}, {"rfilename": "run-0/checkpoint-1000/scheduler.pt"}, {"rfilename": "run-0/checkpoint-1000/special_tokens_map.json"}, {"rfilename": "run-0/checkpoint-1000/tokenizer.json"}, {"rfilename": "run-0/checkpoint-1000/tokenizer_config.json"}, {"rfilename": "run-0/checkpoint-1000/trainer_state.json"}, {"rfilename": "run-0/checkpoint-1000/training_args.bin"}, {"rfilename": "run-0/checkpoint-1000/vocab.txt"}, {"rfilename": "run-0/checkpoint-1500/config.json"}, {"rfilename": "run-0/checkpoint-1500/model.safetensors"}, {"rfilename": "run-0/checkpoint-1500/optimizer.pt"}, {"rfilename": "run-0/checkpoint-1500/rng_state.pth"}, {"rfilename": "run-0/checkpoint-1500/scheduler.pt"}, {"rfilename": "run-0/checkpoint-1500/special_tokens_map.json"}, {"rfilename": "run-0/checkpoint-1500/tokenizer.json"}, {"rfilename": "run-0/checkpoint-1500/tokenizer_config.json"}, {"rfilename": "run-0/checkpoint-1500/trainer_state.json"}, {"rfilename": "run-0/checkpoint-1500/training_args.bin"}, {"rfilename": "run-0/checkpoint-1500/vocab.txt"}, {"rfilename": "run-0/checkpoint-500/config.json"}, {"rfilename": "run-0/checkpoint-500/model.safetensors"}, {"rfilename": "run-0/checkpoint-500/optimizer.pt"}, {"rfilename": "run-0/checkpoint-500/rng_state.pth"}, {"rfilename": "run-0/checkpoint-500/scheduler.pt"}, {"rfilename": "run-0/checkpoint-500/special_tokens_map.json"}, {"rfilename": "run-0/checkpoint-500/tokenizer.json"}, {"rfilename": "run-0/checkpoint-500/tokenizer_config.json"}, {"rfilename": "run-0/checkpoint-500/trainer_state.json"}, {"rfilename": "run-0/checkpoint-500/training_args.bin"}, {"rfilename": "run-0/checkpoint-500/vocab.txt"}, {"rfilename": "run-1/checkpoint-1000/config.json"}, {"rfilename": "run-1/checkpoint-1000/model.safetensors"}, {"rfilename": "run-1/checkpoint-1000/optimizer.pt"}, {"rfilename": "run-1/checkpoint-1000/rng_state.pth"}, {"rfilename": "run-1/checkpoint-1000/scheduler.pt"}, {"rfilename": "run-1/checkpoint-1000/special_tokens_map.json"}, {"rfilename": "run-1/checkpoint-1000/tokenizer.json"}, {"rfilename": "run-1/checkpoint-1000/tokenizer_config.json"}, {"rfilename": "run-1/checkpoint-1000/trainer_state.json"}, {"rfilename": "run-1/checkpoint-1000/training_args.bin"}, {"rfilename": "run-1/checkpoint-1000/vocab.txt"}, {"rfilename": "run-1/checkpoint-1500/config.json"}, {"rfilename": "run-1/checkpoint-1500/model.safetensors"}, {"rfilename": "run-1/checkpoint-1500/optimizer.pt"}, {"rfilename": "run-1/checkpoint-1500/rng_state.pth"}, {"rfilename": "run-1/checkpoint-1500/scheduler.pt"}, {"rfilename": "run-1/checkpoint-1500/special_tokens_map.json"}, {"rfilename": "run-1/checkpoint-1500/tokenizer.json"}, {"rfilename": "run-1/checkpoint-1500/tokenizer_config.json"}, {"rfilename": "run-1/checkpoint-1500/trainer_state.json"}, {"rfilename": "run-1/checkpoint-1500/training_args.bin"}, {"rfilename": "run-1/checkpoint-1500/vocab.txt"}, {"rfilename": "run-1/checkpoint-500/config.json"}, {"rfilename": "run-1/checkpoint-500/model.safetensors"}, {"rfilename": "run-1/checkpoint-500/optimizer.pt"}, {"rfilename": "run-1/checkpoint-500/rng_state.pth"}, {"rfilename": "run-1/checkpoint-500/scheduler.pt"}, {"rfilename": "run-1/checkpoint-500/special_tokens_map.json"}, {"rfilename": "run-1/checkpoint-500/tokenizer.json"}, {"rfilename": "run-1/checkpoint-500/tokenizer_config.json"}, {"rfilename": "run-1/checkpoint-500/trainer_state.json"}, {"rfilename": "run-1/checkpoint-500/training_args.bin"}, {"rfilename": "run-1/checkpoint-500/vocab.txt"}, {"rfilename": "run-10/checkpoint-1000/config.json"}, {"rfilename": "run-10/checkpoint-1000/model.safetensors"}, {"rfilename": "run-10/checkpoint-1000/optimizer.pt"}, {"rfilename": "run-10/checkpoint-1000/rng_state.pth"}, {"rfilename": "run-10/checkpoint-1000/scheduler.pt"}, {"rfilename": "run-10/checkpoint-1000/special_tokens_map.json"}, {"rfilename": "run-10/checkpoint-1000/tokenizer.json"}, {"rfilename": "run-10/checkpoint-1000/tokenizer_config.json"}, {"rfilename": "run-10/checkpoint-1000/trainer_state.json"}, {"rfilename": "run-10/checkpoint-1000/training_args.bin"}, {"rfilename": "run-10/checkpoint-1000/vocab.txt"}, {"rfilename": "run-10/checkpoint-1500/config.json"}, {"rfilename": "run-10/checkpoint-1500/model.safetensors"}, {"rfilename": "run-10/checkpoint-1500/optimizer.pt"}, {"rfilename": "run-10/checkpoint-1500/rng_state.pth"}, {"rfilename": "run-10/checkpoint-1500/scheduler.pt"}, {"rfilename": "run-10/checkpoint-1500/special_tokens_map.json"}, {"rfilename": "run-10/checkpoint-1500/tokenizer.json"}, {"rfilename": "run-10/checkpoint-1500/tokenizer_config.json"}, {"rfilename": "run-10/checkpoint-1500/trainer_state.json"}, {"rfilename": "run-10/checkpoint-1500/training_args.bin"}, {"rfilename": "run-10/checkpoint-1500/vocab.txt"}, {"rfilename": "run-10/checkpoint-2000/config.json"}, {"rfilename": "run-10/checkpoint-2000/model.safetensors"}, {"rfilename": "run-10/checkpoint-2000/optimizer.pt"}, {"rfilename": "run-10/checkpoint-2000/rng_state.pth"}, {"rfilename": "run-10/checkpoint-2000/scheduler.pt"}, {"rfilename": "run-10/checkpoint-2000/special_tokens_map.json"}, {"rfilename": "run-10/checkpoint-2000/tokenizer.json"}, {"rfilename": "run-10/checkpoint-2000/tokenizer_config.json"}, {"rfilename": "run-10/checkpoint-2000/trainer_state.json"}, {"rfilename": "run-10/checkpoint-2000/training_args.bin"}, {"rfilename": "run-10/checkpoint-2000/vocab.txt"}, {"rfilename": "run-10/checkpoint-2500/config.json"}, {"rfilename": "run-10/checkpoint-2500/model.safetensors"}, {"rfilename": "run-10/checkpoint-2500/optimizer.pt"}, {"rfilename": "run-10/checkpoint-2500/rng_state.pth"}, {"rfilename": "run-10/checkpoint-2500/scheduler.pt"}, {"rfilename": "run-10/checkpoint-2500/special_tokens_map.json"}, {"rfilename": "run-10/checkpoint-2500/tokenizer.json"}, {"rfilename": "run-10/checkpoint-2500/tokenizer_config.json"}, {"rfilename": "run-10/checkpoint-2500/trainer_state.json"}, {"rfilename": "run-10/checkpoint-2500/training_args.bin"}, {"rfilename": "run-10/checkpoint-2500/vocab.txt"}, {"rfilename": "run-10/checkpoint-3000/config.json"}, {"rfilename": "run-10/checkpoint-3000/model.safetensors"}, {"rfilename": "run-10/checkpoint-3000/optimizer.pt"}, {"rfilename": "run-10/checkpoint-3000/rng_state.pth"}, {"rfilename": "run-10/checkpoint-3000/scheduler.pt"}, {"rfilename": "run-10/checkpoint-3000/special_tokens_map.json"}, {"rfilename": "run-10/checkpoint-3000/tokenizer.json"}, {"rfilename": "run-10/checkpoint-3000/tokenizer_config.json"}, {"rfilename": "run-10/checkpoint-3000/trainer_state.json"}, {"rfilename": "run-10/checkpoint-3000/training_args.bin"}, {"rfilename": "run-10/checkpoint-3000/vocab.txt"}, {"rfilename": "run-10/checkpoint-500/config.json"}, {"rfilename": "run-10/checkpoint-500/model.safetensors"}, {"rfilename": "run-10/checkpoint-500/optimizer.pt"}, {"rfilename": "run-10/checkpoint-500/rng_state.pth"}, {"rfilename": "run-10/checkpoint-500/scheduler.pt"}, {"rfilename": "run-10/checkpoint-500/special_tokens_map.json"}, {"rfilename": "run-10/checkpoint-500/tokenizer.json"}, {"rfilename": "run-10/checkpoint-500/tokenizer_config.json"}, {"rfilename": "run-10/checkpoint-500/trainer_state.json"}, {"rfilename": "run-10/checkpoint-500/training_args.bin"}, {"rfilename": "run-10/checkpoint-500/vocab.txt"}, {"rfilename": "run-11/checkpoint-1000/config.json"}, {"rfilename": "run-11/checkpoint-1000/model.safetensors"}, {"rfilename": "run-11/checkpoint-1000/optimizer.pt"}, {"rfilename": "run-11/checkpoint-1000/rng_state.pth"}, {"rfilename": "run-11/checkpoint-1000/scheduler.pt"}, {"rfilename": "run-11/checkpoint-1000/special_tokens_map.json"}, {"rfilename": "run-11/checkpoint-1000/tokenizer.json"}, {"rfilename": "run-11/checkpoint-1000/tokenizer_config.json"}, {"rfilename": "run-11/checkpoint-1000/trainer_state.json"}, {"rfilename": "run-11/checkpoint-1000/training_args.bin"}, {"rfilename": "run-11/checkpoint-1000/vocab.txt"}, {"rfilename": "run-11/checkpoint-1500/config.json"}, {"rfilename": "run-11/checkpoint-1500/model.safetensors"}, {"rfilename": "run-11/checkpoint-1500/optimizer.pt"}, {"rfilename": "run-11/checkpoint-1500/rng_state.pth"}, {"rfilename": "run-11/checkpoint-1500/scheduler.pt"}, {"rfilename": "run-11/checkpoint-1500/special_tokens_map.json"}, {"rfilename": "run-11/checkpoint-1500/tokenizer.json"}, {"rfilename": "run-11/checkpoint-1500/tokenizer_config.json"}, {"rfilename": "run-11/checkpoint-1500/trainer_state.json"}, {"rfilename": "run-11/checkpoint-1500/training_args.bin"}, {"rfilename": "run-11/checkpoint-1500/vocab.txt"}, {"rfilename": "run-11/checkpoint-2000/config.json"}, {"rfilename": "run-11/checkpoint-2000/model.safetensors"}, {"rfilename": "run-11/checkpoint-2000/optimizer.pt"}, {"rfilename": "run-11/checkpoint-2000/rng_state.pth"}, {"rfilename": "run-11/checkpoint-2000/scheduler.pt"}, {"rfilename": "run-11/checkpoint-2000/special_tokens_map.json"}, {"rfilename": "run-11/checkpoint-2000/tokenizer.json"}, {"rfilename": "run-11/checkpoint-2000/tokenizer_config.json"}, {"rfilename": "run-11/checkpoint-2000/trainer_state.json"}, {"rfilename": "run-11/checkpoint-2000/training_args.bin"}, {"rfilename": "run-11/checkpoint-2000/vocab.txt"}, {"rfilename": "run-11/checkpoint-2500/config.json"}, {"rfilename": "run-11/checkpoint-2500/model.safetensors"}, {"rfilename": "run-11/checkpoint-2500/optimizer.pt"}, {"rfilename": "run-11/checkpoint-2500/rng_state.pth"}, {"rfilename": "run-11/checkpoint-2500/scheduler.pt"}, {"rfilename": "run-11/checkpoint-2500/special_tokens_map.json"}, {"rfilename": "run-11/checkpoint-2500/tokenizer.json"}, {"rfilename": "run-11/checkpoint-2500/tokenizer_config.json"}, {"rfilename": "run-11/checkpoint-2500/trainer_state.json"}, {"rfilename": "run-11/checkpoint-2500/training_args.bin"}, {"rfilename": "run-11/checkpoint-2500/vocab.txt"}, {"rfilename": "run-11/checkpoint-3000/config.json"}, {"rfilename": "run-11/checkpoint-3000/model.safetensors"}, {"rfilename": "run-11/checkpoint-3000/optimizer.pt"}, {"rfilename": "run-11/checkpoint-3000/rng_state.pth"}, {"rfilename": "run-11/checkpoint-3000/scheduler.pt"}, {"rfilename": "run-11/checkpoint-3000/special_tokens_map.json"}, {"rfilename": "run-11/checkpoint-3000/tokenizer.json"}, {"rfilename": "run-11/checkpoint-3000/tokenizer_config.json"}, {"rfilename": "run-11/checkpoint-3000/trainer_state.json"}, {"rfilename": "run-11/checkpoint-3000/training_args.bin"}, {"rfilename": "run-11/checkpoint-3000/vocab.txt"}, {"rfilename": "run-11/checkpoint-500/config.json"}, {"rfilename": "run-11/checkpoint-500/model.safetensors"}, {"rfilename": "run-11/checkpoint-500/optimizer.pt"}, {"rfilename": "run-11/checkpoint-500/rng_state.pth"}, {"rfilename": "run-11/checkpoint-500/scheduler.pt"}, {"rfilename": "run-11/checkpoint-500/special_tokens_map.json"}, {"rfilename": "run-11/checkpoint-500/tokenizer.json"}, {"rfilename": "run-11/checkpoint-500/tokenizer_config.json"}, {"rfilename": "run-11/checkpoint-500/trainer_state.json"}, {"rfilename": "run-11/checkpoint-500/training_args.bin"}, {"rfilename": "run-11/checkpoint-500/vocab.txt"}, {"rfilename": "run-12/checkpoint-1000/config.json"}, {"rfilename": "run-12/checkpoint-1000/model.safetensors"}, {"rfilename": "run-12/checkpoint-1000/optimizer.pt"}, {"rfilename": "run-12/checkpoint-1000/rng_state.pth"}, {"rfilename": "run-12/checkpoint-1000/scheduler.pt"}, {"rfilename": "run-12/checkpoint-1000/special_tokens_map.json"}, {"rfilename": "run-12/checkpoint-1000/tokenizer.json"}, {"rfilename": "run-12/checkpoint-1000/tokenizer_config.json"}, {"rfilename": "run-12/checkpoint-1000/trainer_state.json"}, {"rfilename": "run-12/checkpoint-1000/training_args.bin"}, {"rfilename": "run-12/checkpoint-1000/vocab.txt"}, {"rfilename": "run-12/checkpoint-1500/config.json"}, {"rfilename": "run-12/checkpoint-1500/model.safetensors"}, {"rfilename": "run-12/checkpoint-1500/optimizer.pt"}, {"rfilename": "run-12/checkpoint-1500/rng_state.pth"}, {"rfilename": "run-12/checkpoint-1500/scheduler.pt"}, {"rfilename": "run-12/checkpoint-1500/special_tokens_map.json"}, {"rfilename": "run-12/checkpoint-1500/tokenizer.json"}, {"rfilename": "run-12/checkpoint-1500/tokenizer_config.json"}, {"rfilename": "run-12/checkpoint-1500/trainer_state.json"}, {"rfilename": "run-12/checkpoint-1500/training_args.bin"}, {"rfilename": "run-12/checkpoint-1500/vocab.txt"}, {"rfilename": "run-12/checkpoint-2000/config.json"}, {"rfilename": "run-12/checkpoint-2000/model.safetensors"}, {"rfilename": "run-12/checkpoint-2000/optimizer.pt"}, {"rfilename": "run-12/checkpoint-2000/rng_state.pth"}, {"rfilename": "run-12/checkpoint-2000/scheduler.pt"}, {"rfilename": "run-12/checkpoint-2000/special_tokens_map.json"}, {"rfilename": "run-12/checkpoint-2000/tokenizer.json"}, {"rfilename": "run-12/checkpoint-2000/tokenizer_config.json"}, {"rfilename": "run-12/checkpoint-2000/trainer_state.json"}, {"rfilename": "run-12/checkpoint-2000/training_args.bin"}, {"rfilename": "run-12/checkpoint-2000/vocab.txt"}, {"rfilename": "run-12/checkpoint-2500/config.json"}, {"rfilename": "run-12/checkpoint-2500/model.safetensors"}, {"rfilename": "run-12/checkpoint-2500/optimizer.pt"}, {"rfilename": "run-12/checkpoint-2500/rng_state.pth"}, {"rfilename": "run-12/checkpoint-2500/scheduler.pt"}, {"rfilename": "run-12/checkpoint-2500/special_tokens_map.json"}, {"rfilename": "run-12/checkpoint-2500/tokenizer.json"}, {"rfilename": "run-12/checkpoint-2500/tokenizer_config.json"}, {"rfilename": "run-12/checkpoint-2500/trainer_state.json"}, {"rfilename": "run-12/checkpoint-2500/training_args.bin"}, {"rfilename": "run-12/checkpoint-2500/vocab.txt"}, {"rfilename": "run-12/checkpoint-3000/config.json"}, {"rfilename": "run-12/checkpoint-3000/model.safetensors"}, {"rfilename": "run-12/checkpoint-3000/optimizer.pt"}, {"rfilename": "run-12/checkpoint-3000/rng_state.pth"}, {"rfilename": "run-12/checkpoint-3000/scheduler.pt"}, {"rfilename": "run-12/checkpoint-3000/special_tokens_map.json"}, {"rfilename": "run-12/checkpoint-3000/tokenizer.json"}, {"rfilename": "run-12/checkpoint-3000/tokenizer_config.json"}, {"rfilename": "run-12/checkpoint-3000/trainer_state.json"}, {"rfilename": "run-12/checkpoint-3000/training_args.bin"}, {"rfilename": "run-12/checkpoint-3000/vocab.txt"}, {"rfilename": "run-12/checkpoint-500/config.json"}, {"rfilename": "run-12/checkpoint-500/model.safetensors"}, {"rfilename": "run-12/checkpoint-500/optimizer.pt"}, {"rfilename": "run-12/checkpoint-500/rng_state.pth"}, {"rfilename": "run-12/checkpoint-500/scheduler.pt"}, {"rfilename": "run-12/checkpoint-500/special_tokens_map.json"}, {"rfilename": "run-12/checkpoint-500/tokenizer.json"}, {"rfilename": "run-12/checkpoint-500/tokenizer_config.json"}, {"rfilename": "run-12/checkpoint-500/trainer_state.json"}, {"rfilename": "run-12/checkpoint-500/training_args.bin"}, {"rfilename": "run-12/checkpoint-500/vocab.txt"}, {"rfilename": "run-13/checkpoint-1000/config.json"}, {"rfilename": "run-13/checkpoint-1000/model.safetensors"}, {"rfilename": "run-13/checkpoint-1000/optimizer.pt"}, {"rfilename": "run-13/checkpoint-1000/rng_state.pth"}, {"rfilename": "run-13/checkpoint-1000/scheduler.pt"}, {"rfilename": "run-13/checkpoint-1000/special_tokens_map.json"}, {"rfilename": "run-13/checkpoint-1000/tokenizer.json"}, {"rfilename": "run-13/checkpoint-1000/tokenizer_config.json"}, {"rfilename": "run-13/checkpoint-1000/trainer_state.json"}, {"rfilename": "run-13/checkpoint-1000/training_args.bin"}, {"rfilename": "run-13/checkpoint-1000/vocab.txt"}, {"rfilename": "run-13/checkpoint-1500/config.json"}, {"rfilename": "run-13/checkpoint-1500/model.safetensors"}, {"rfilename": "run-13/checkpoint-1500/optimizer.pt"}, {"rfilename": "run-13/checkpoint-1500/rng_state.pth"}, {"rfilename": "run-13/checkpoint-1500/scheduler.pt"}, {"rfilename": "run-13/checkpoint-1500/special_tokens_map.json"}, {"rfilename": "run-13/checkpoint-1500/tokenizer.json"}, {"rfilename": "run-13/checkpoint-1500/tokenizer_config.json"}, {"rfilename": "run-13/checkpoint-1500/trainer_state.json"}, {"rfilename": "run-13/checkpoint-1500/training_args.bin"}, {"rfilename": "run-13/checkpoint-1500/vocab.txt"}, {"rfilename": "run-13/checkpoint-2000/config.json"}, {"rfilename": "run-13/checkpoint-2000/model.safetensors"}, {"rfilename": "run-13/checkpoint-2000/optimizer.pt"}, {"rfilename": "run-13/checkpoint-2000/rng_state.pth"}, {"rfilename": "run-13/checkpoint-2000/scheduler.pt"}, {"rfilename": "run-13/checkpoint-2000/special_tokens_map.json"}, {"rfilename": "run-13/checkpoint-2000/tokenizer.json"}, {"rfilename": "run-13/checkpoint-2000/tokenizer_config.json"}, {"rfilename": "run-13/checkpoint-2000/trainer_state.json"}, {"rfilename": "run-13/checkpoint-2000/training_args.bin"}, {"rfilename": "run-13/checkpoint-2000/vocab.txt"}, {"rfilename": "run-13/checkpoint-2500/config.json"}, {"rfilename": "run-13/checkpoint-2500/model.safetensors"}, {"rfilename": "run-13/checkpoint-2500/optimizer.pt"}, {"rfilename": "run-13/checkpoint-2500/rng_state.pth"}, {"rfilename": "run-13/checkpoint-2500/scheduler.pt"}, {"rfilename": "run-13/checkpoint-2500/special_tokens_map.json"}, {"rfilename": "run-13/checkpoint-2500/tokenizer.json"}, {"rfilename": "run-13/checkpoint-2500/tokenizer_config.json"}, {"rfilename": "run-13/checkpoint-2500/trainer_state.json"}, {"rfilename": "run-13/checkpoint-2500/training_args.bin"}, {"rfilename": "run-13/checkpoint-2500/vocab.txt"}, {"rfilename": "run-13/checkpoint-3000/config.json"}, {"rfilename": "run-13/checkpoint-3000/model.safetensors"}, {"rfilename": "run-13/checkpoint-3000/optimizer.pt"}, {"rfilename": "run-13/checkpoint-3000/rng_state.pth"}, {"rfilename": "run-13/checkpoint-3000/scheduler.pt"}, {"rfilename": "run-13/checkpoint-3000/special_tokens_map.json"}, {"rfilename": "run-13/checkpoint-3000/tokenizer.json"}, {"rfilename": "run-13/checkpoint-3000/tokenizer_config.json"}, {"rfilename": "run-13/checkpoint-3000/trainer_state.json"}, {"rfilename": "run-13/checkpoint-3000/training_args.bin"}, {"rfilename": "run-13/checkpoint-3000/vocab.txt"}, {"rfilename": "run-13/checkpoint-500/config.json"}, {"rfilename": "run-13/checkpoint-500/model.safetensors"}, {"rfilename": "run-13/checkpoint-500/optimizer.pt"}, {"rfilename": "run-13/checkpoint-500/rng_state.pth"}, {"rfilename": "run-13/checkpoint-500/scheduler.pt"}, {"rfilename": "run-13/checkpoint-500/special_tokens_map.json"}, {"rfilename": "run-13/checkpoint-500/tokenizer.json"}, {"rfilename": "run-13/checkpoint-500/tokenizer_config.json"}, {"rfilename": "run-13/checkpoint-500/trainer_state.json"}, {"rfilename": "run-13/checkpoint-500/training_args.bin"}, {"rfilename": "run-13/checkpoint-500/vocab.txt"}, {"rfilename": "run-14/checkpoint-1000/config.json"}, {"rfilename": "run-14/checkpoint-1000/model.safetensors"}, {"rfilename": "run-14/checkpoint-1000/optimizer.pt"}, {"rfilename": "run-14/checkpoint-1000/rng_state.pth"}, {"rfilename": "run-14/checkpoint-1000/scheduler.pt"}, {"rfilename": "run-14/checkpoint-1000/special_tokens_map.json"}, {"rfilename": "run-14/checkpoint-1000/tokenizer.json"}, {"rfilename": "run-14/checkpoint-1000/tokenizer_config.json"}, {"rfilename": "run-14/checkpoint-1000/trainer_state.json"}, {"rfilename": "run-14/checkpoint-1000/training_args.bin"}, {"rfilename": "run-14/checkpoint-1000/vocab.txt"}, {"rfilename": "run-14/checkpoint-1500/config.json"}, {"rfilename": "run-14/checkpoint-1500/model.safetensors"}, {"rfilename": "run-14/checkpoint-1500/optimizer.pt"}, {"rfilename": "run-14/checkpoint-1500/rng_state.pth"}, {"rfilename": "run-14/checkpoint-1500/scheduler.pt"}, {"rfilename": "run-14/checkpoint-1500/special_tokens_map.json"}, {"rfilename": "run-14/checkpoint-1500/tokenizer.json"}, {"rfilename": "run-14/checkpoint-1500/tokenizer_config.json"}, {"rfilename": "run-14/checkpoint-1500/trainer_state.json"}, {"rfilename": "run-14/checkpoint-1500/training_args.bin"}, {"rfilename": "run-14/checkpoint-1500/vocab.txt"}, {"rfilename": "run-14/checkpoint-2000/config.json"}, {"rfilename": "run-14/checkpoint-2000/model.safetensors"}, {"rfilename": "run-14/checkpoint-2000/optimizer.pt"}, {"rfilename": "run-14/checkpoint-2000/rng_state.pth"}, {"rfilename": "run-14/checkpoint-2000/scheduler.pt"}, {"rfilename": "run-14/checkpoint-2000/special_tokens_map.json"}, {"rfilename": "run-14/checkpoint-2000/tokenizer.json"}, {"rfilename": "run-14/checkpoint-2000/tokenizer_config.json"}, {"rfilename": "run-14/checkpoint-2000/trainer_state.json"}, {"rfilename": "run-14/checkpoint-2000/training_args.bin"}, {"rfilename": "run-14/checkpoint-2000/vocab.txt"}, {"rfilename": "run-14/checkpoint-500/config.json"}, {"rfilename": "run-14/checkpoint-500/model.safetensors"}, {"rfilename": "run-14/checkpoint-500/optimizer.pt"}, {"rfilename": "run-14/checkpoint-500/rng_state.pth"}, {"rfilename": "run-14/checkpoint-500/scheduler.pt"}, {"rfilename": "run-14/checkpoint-500/special_tokens_map.json"}, {"rfilename": "run-14/checkpoint-500/tokenizer.json"}, {"rfilename": "run-14/checkpoint-500/tokenizer_config.json"}, {"rfilename": "run-14/checkpoint-500/trainer_state.json"}, {"rfilename": "run-14/checkpoint-500/training_args.bin"}, {"rfilename": "run-14/checkpoint-500/vocab.txt"}, {"rfilename": "run-15/checkpoint-1000/config.json"}, {"rfilename": "run-15/checkpoint-1000/model.safetensors"}, {"rfilename": "run-15/checkpoint-1000/optimizer.pt"}, {"rfilename": "run-15/checkpoint-1000/rng_state.pth"}, {"rfilename": "run-15/checkpoint-1000/scheduler.pt"}, {"rfilename": "run-15/checkpoint-1000/special_tokens_map.json"}, {"rfilename": "run-15/checkpoint-1000/tokenizer.json"}, {"rfilename": "run-15/checkpoint-1000/tokenizer_config.json"}, {"rfilename": "run-15/checkpoint-1000/trainer_state.json"}, {"rfilename": "run-15/checkpoint-1000/training_args.bin"}, {"rfilename": "run-15/checkpoint-1000/vocab.txt"}, {"rfilename": "run-15/checkpoint-1500/config.json"}, {"rfilename": "run-15/checkpoint-1500/model.safetensors"}, {"rfilename": "run-15/checkpoint-1500/optimizer.pt"}, {"rfilename": "run-15/checkpoint-1500/rng_state.pth"}, {"rfilename": "run-15/checkpoint-1500/scheduler.pt"}, {"rfilename": "run-15/checkpoint-1500/special_tokens_map.json"}, {"rfilename": "run-15/checkpoint-1500/tokenizer.json"}, {"rfilename": "run-15/checkpoint-1500/tokenizer_config.json"}, {"rfilename": "run-15/checkpoint-1500/trainer_state.json"}, {"rfilename": "run-15/checkpoint-1500/training_args.bin"}, {"rfilename": "run-15/checkpoint-1500/vocab.txt"}, {"rfilename": "run-15/checkpoint-2000/config.json"}, {"rfilename": "run-15/checkpoint-2000/model.safetensors"}, {"rfilename": "run-15/checkpoint-2000/optimizer.pt"}, {"rfilename": "run-15/checkpoint-2000/rng_state.pth"}, {"rfilename": "run-15/checkpoint-2000/scheduler.pt"}, {"rfilename": "run-15/checkpoint-2000/special_tokens_map.json"}, {"rfilename": "run-15/checkpoint-2000/tokenizer.json"}, {"rfilename": "run-15/checkpoint-2000/tokenizer_config.json"}, {"rfilename": "run-15/checkpoint-2000/trainer_state.json"}, {"rfilename": "run-15/checkpoint-2000/training_args.bin"}, {"rfilename": "run-15/checkpoint-2000/vocab.txt"}, {"rfilename": "run-15/checkpoint-500/config.json"}, {"rfilename": "run-15/checkpoint-500/model.safetensors"}, {"rfilename": "run-15/checkpoint-500/optimizer.pt"}, {"rfilename": "run-15/checkpoint-500/rng_state.pth"}, {"rfilename": "run-15/checkpoint-500/scheduler.pt"}, {"rfilename": "run-15/checkpoint-500/special_tokens_map.json"}, {"rfilename": "run-15/checkpoint-500/tokenizer.json"}, {"rfilename": "run-15/checkpoint-500/tokenizer_config.json"}, {"rfilename": "run-15/checkpoint-500/trainer_state.json"}, {"rfilename": "run-15/checkpoint-500/training_args.bin"}, {"rfilename": "run-15/checkpoint-500/vocab.txt"}, {"rfilename": "run-16/checkpoint-1000/config.json"}, {"rfilename": "run-16/checkpoint-1000/model.safetensors"}, {"rfilename": "run-16/checkpoint-1000/optimizer.pt"}, {"rfilename": "run-16/checkpoint-1000/rng_state.pth"}, {"rfilename": "run-16/checkpoint-1000/scheduler.pt"}, {"rfilename": "run-16/checkpoint-1000/special_tokens_map.json"}, {"rfilename": "run-16/checkpoint-1000/tokenizer.json"}, {"rfilename": "run-16/checkpoint-1000/tokenizer_config.json"}, {"rfilename": "run-16/checkpoint-1000/trainer_state.json"}, {"rfilename": "run-16/checkpoint-1000/training_args.bin"}, {"rfilename": "run-16/checkpoint-1000/vocab.txt"}, {"rfilename": "run-16/checkpoint-1500/config.json"}, {"rfilename": "run-16/checkpoint-1500/model.safetensors"}, {"rfilename": "run-16/checkpoint-1500/optimizer.pt"}, {"rfilename": "run-16/checkpoint-1500/rng_state.pth"}, {"rfilename": "run-16/checkpoint-1500/scheduler.pt"}, {"rfilename": "run-16/checkpoint-1500/special_tokens_map.json"}, {"rfilename": "run-16/checkpoint-1500/tokenizer.json"}, {"rfilename": "run-16/checkpoint-1500/tokenizer_config.json"}, {"rfilename": "run-16/checkpoint-1500/trainer_state.json"}, {"rfilename": "run-16/checkpoint-1500/training_args.bin"}, {"rfilename": "run-16/checkpoint-1500/vocab.txt"}, {"rfilename": "run-16/checkpoint-500/config.json"}, {"rfilename": "run-16/checkpoint-500/model.safetensors"}, {"rfilename": "run-16/checkpoint-500/optimizer.pt"}, {"rfilename": "run-16/checkpoint-500/rng_state.pth"}, {"rfilename": "run-16/checkpoint-500/scheduler.pt"}, {"rfilename": "run-16/checkpoint-500/special_tokens_map.json"}, {"rfilename": "run-16/checkpoint-500/tokenizer.json"}, {"rfilename": "run-16/checkpoint-500/tokenizer_config.json"}, {"rfilename": "run-16/checkpoint-500/trainer_state.json"}, {"rfilename": "run-16/checkpoint-500/training_args.bin"}, {"rfilename": "run-16/checkpoint-500/vocab.txt"}, {"rfilename": "run-17/checkpoint-1000/config.json"}, {"rfilename": "run-17/checkpoint-1000/model.safetensors"}, {"rfilename": "run-17/checkpoint-1000/optimizer.pt"}, {"rfilename": "run-17/checkpoint-1000/rng_state.pth"}, {"rfilename": "run-17/checkpoint-1000/scheduler.pt"}, {"rfilename": "run-17/checkpoint-1000/special_tokens_map.json"}, {"rfilename": "run-17/checkpoint-1000/tokenizer.json"}, {"rfilename": "run-17/checkpoint-1000/tokenizer_config.json"}, {"rfilename": "run-17/checkpoint-1000/trainer_state.json"}, {"rfilename": "run-17/checkpoint-1000/training_args.bin"}, {"rfilename": "run-17/checkpoint-1000/vocab.txt"}, {"rfilename": "run-17/checkpoint-1500/config.json"}, {"rfilename": "run-17/checkpoint-1500/model.safetensors"}, {"rfilename": "run-17/checkpoint-1500/optimizer.pt"}, {"rfilename": "run-17/checkpoint-1500/rng_state.pth"}, {"rfilename": "run-17/checkpoint-1500/scheduler.pt"}, {"rfilename": "run-17/checkpoint-1500/special_tokens_map.json"}, {"rfilename": "run-17/checkpoint-1500/tokenizer.json"}, {"rfilename": "run-17/checkpoint-1500/tokenizer_config.json"}, {"rfilename": "run-17/checkpoint-1500/trainer_state.json"}, {"rfilename": "run-17/checkpoint-1500/training_args.bin"}, {"rfilename": "run-17/checkpoint-1500/vocab.txt"}, {"rfilename": "run-17/checkpoint-2000/config.json"}, {"rfilename": "run-17/checkpoint-2000/model.safetensors"}, {"rfilename": "run-17/checkpoint-2000/optimizer.pt"}, {"rfilename": "run-17/checkpoint-2000/rng_state.pth"}, {"rfilename": "run-17/checkpoint-2000/scheduler.pt"}, {"rfilename": "run-17/checkpoint-2000/special_tokens_map.json"}, {"rfilename": "run-17/checkpoint-2000/tokenizer.json"}, {"rfilename": "run-17/checkpoint-2000/tokenizer_config.json"}, {"rfilename": "run-17/checkpoint-2000/trainer_state.json"}, {"rfilename": "run-17/checkpoint-2000/training_args.bin"}, {"rfilename": "run-17/checkpoint-2000/vocab.txt"}, {"rfilename": "run-17/checkpoint-2500/config.json"}, {"rfilename": "run-17/checkpoint-2500/model.safetensors"}, {"rfilename": "run-17/checkpoint-2500/optimizer.pt"}, {"rfilename": "run-17/checkpoint-2500/rng_state.pth"}, {"rfilename": "run-17/checkpoint-2500/scheduler.pt"}, {"rfilename": "run-17/checkpoint-2500/special_tokens_map.json"}, {"rfilename": "run-17/checkpoint-2500/tokenizer.json"}, {"rfilename": "run-17/checkpoint-2500/tokenizer_config.json"}, {"rfilename": "run-17/checkpoint-2500/trainer_state.json"}, {"rfilename": "run-17/checkpoint-2500/training_args.bin"}, {"rfilename": "run-17/checkpoint-2500/vocab.txt"}, {"rfilename": "run-17/checkpoint-3000/config.json"}, {"rfilename": "run-17/checkpoint-3000/model.safetensors"}, {"rfilename": "run-17/checkpoint-3000/optimizer.pt"}, {"rfilename": "run-17/checkpoint-3000/rng_state.pth"}, {"rfilename": "run-17/checkpoint-3000/scheduler.pt"}, {"rfilename": "run-17/checkpoint-3000/special_tokens_map.json"}, {"rfilename": "run-17/checkpoint-3000/tokenizer.json"}, {"rfilename": "run-17/checkpoint-3000/tokenizer_config.json"}, {"rfilename": "run-17/checkpoint-3000/trainer_state.json"}, {"rfilename": "run-17/checkpoint-3000/training_args.bin"}, {"rfilename": "run-17/checkpoint-3000/vocab.txt"}, {"rfilename": "run-17/checkpoint-500/config.json"}, {"rfilename": "run-17/checkpoint-500/model.safetensors"}, {"rfilename": "run-17/checkpoint-500/optimizer.pt"}, {"rfilename": "run-17/checkpoint-500/rng_state.pth"}, {"rfilename": "run-17/checkpoint-500/scheduler.pt"}, {"rfilename": "run-17/checkpoint-500/special_tokens_map.json"}, {"rfilename": "run-17/checkpoint-500/tokenizer.json"}, {"rfilename": "run-17/checkpoint-500/tokenizer_config.json"}, {"rfilename": "run-17/checkpoint-500/trainer_state.json"}, {"rfilename": "run-17/checkpoint-500/training_args.bin"}, {"rfilename": "run-17/checkpoint-500/vocab.txt"}, {"rfilename": "run-19/checkpoint-1000/config.json"}, {"rfilename": "run-19/checkpoint-1000/model.safetensors"}, {"rfilename": "run-19/checkpoint-1000/optimizer.pt"}, {"rfilename": "run-19/checkpoint-1000/rng_state.pth"}, {"rfilename": "run-19/checkpoint-1000/scheduler.pt"}, {"rfilename": "run-19/checkpoint-1000/special_tokens_map.json"}, {"rfilename": "run-19/checkpoint-1000/tokenizer.json"}, {"rfilename": "run-19/checkpoint-1000/tokenizer_config.json"}, {"rfilename": "run-19/checkpoint-1000/trainer_state.json"}, {"rfilename": "run-19/checkpoint-1000/training_args.bin"}, {"rfilename": "run-19/checkpoint-1000/vocab.txt"}, {"rfilename": "run-19/checkpoint-1500/config.json"}, {"rfilename": "run-19/checkpoint-1500/model.safetensors"}, {"rfilename": "run-19/checkpoint-1500/optimizer.pt"}, {"rfilename": "run-19/checkpoint-1500/rng_state.pth"}, {"rfilename": "run-19/checkpoint-1500/scheduler.pt"}, {"rfilename": "run-19/checkpoint-1500/special_tokens_map.json"}, {"rfilename": "run-19/checkpoint-1500/tokenizer.json"}, {"rfilename": "run-19/checkpoint-1500/tokenizer_config.json"}, {"rfilename": "run-19/checkpoint-1500/trainer_state.json"}, {"rfilename": "run-19/checkpoint-1500/training_args.bin"}, {"rfilename": "run-19/checkpoint-1500/vocab.txt"}, {"rfilename": "run-19/checkpoint-500/config.json"}, {"rfilename": "run-19/checkpoint-500/model.safetensors"}, {"rfilename": "run-19/checkpoint-500/optimizer.pt"}, {"rfilename": "run-19/checkpoint-500/rng_state.pth"}, {"rfilename": "run-19/checkpoint-500/scheduler.pt"}, {"rfilename": "run-19/checkpoint-500/special_tokens_map.json"}, {"rfilename": "run-19/checkpoint-500/tokenizer.json"}, {"rfilename": "run-19/checkpoint-500/tokenizer_config.json"}, {"rfilename": "run-19/checkpoint-500/trainer_state.json"}, {"rfilename": "run-19/checkpoint-500/training_args.bin"}, {"rfilename": "run-19/checkpoint-500/vocab.txt"}, {"rfilename": "run-2/checkpoint-1000/config.json"}, {"rfilename": "run-2/checkpoint-1000/model.safetensors"}, {"rfilename": "run-2/checkpoint-1000/optimizer.pt"}, {"rfilename": "run-2/checkpoint-1000/rng_state.pth"}, {"rfilename": "run-2/checkpoint-1000/scheduler.pt"}, {"rfilename": "run-2/checkpoint-1000/special_tokens_map.json"}, {"rfilename": "run-2/checkpoint-1000/tokenizer.json"}, {"rfilename": "run-2/checkpoint-1000/tokenizer_config.json"}, {"rfilename": "run-2/checkpoint-1000/trainer_state.json"}, {"rfilename": "run-2/checkpoint-1000/training_args.bin"}, {"rfilename": "run-2/checkpoint-1000/vocab.txt"}, {"rfilename": "run-2/checkpoint-1500/config.json"}, {"rfilename": "run-2/checkpoint-1500/model.safetensors"}, {"rfilename": "run-2/checkpoint-1500/optimizer.pt"}, {"rfilename": "run-2/checkpoint-1500/rng_state.pth"}, {"rfilename": "run-2/checkpoint-1500/scheduler.pt"}, {"rfilename": "run-2/checkpoint-1500/special_tokens_map.json"}, {"rfilename": "run-2/checkpoint-1500/tokenizer.json"}, {"rfilename": "run-2/checkpoint-1500/tokenizer_config.json"}, {"rfilename": "run-2/checkpoint-1500/trainer_state.json"}, {"rfilename": "run-2/checkpoint-1500/training_args.bin"}, {"rfilename": "run-2/checkpoint-1500/vocab.txt"}, {"rfilename": "run-2/checkpoint-500/config.json"}, {"rfilename": "run-2/checkpoint-500/model.safetensors"}, {"rfilename": "run-2/checkpoint-500/optimizer.pt"}, {"rfilename": "run-2/checkpoint-500/rng_state.pth"}, {"rfilename": "run-2/checkpoint-500/scheduler.pt"}, {"rfilename": "run-2/checkpoint-500/special_tokens_map.json"}, {"rfilename": "run-2/checkpoint-500/tokenizer.json"}, {"rfilename": "run-2/checkpoint-500/tokenizer_config.json"}, {"rfilename": "run-2/checkpoint-500/trainer_state.json"}, {"rfilename": "run-2/checkpoint-500/training_args.bin"}, {"rfilename": "run-2/checkpoint-500/vocab.txt"}, {"rfilename": "run-3/checkpoint-1000/config.json"}, {"rfilename": "run-3/checkpoint-1000/model.safetensors"}, {"rfilename": "run-3/checkpoint-1000/optimizer.pt"}, {"rfilename": "run-3/checkpoint-1000/rng_state.pth"}, {"rfilename": "run-3/checkpoint-1000/scheduler.pt"}, {"rfilename": "run-3/checkpoint-1000/special_tokens_map.json"}, {"rfilename": "run-3/checkpoint-1000/tokenizer.json"}, {"rfilename": "run-3/checkpoint-1000/tokenizer_config.json"}, {"rfilename": "run-3/checkpoint-1000/trainer_state.json"}, {"rfilename": "run-3/checkpoint-1000/training_args.bin"}, {"rfilename": "run-3/checkpoint-1000/vocab.txt"}, {"rfilename": "run-3/checkpoint-1500/config.json"}, {"rfilename": "run-3/checkpoint-1500/model.safetensors"}, {"rfilename": "run-3/checkpoint-1500/optimizer.pt"}, {"rfilename": "run-3/checkpoint-1500/rng_state.pth"}, {"rfilename": "run-3/checkpoint-1500/scheduler.pt"}, {"rfilename": "run-3/checkpoint-1500/special_tokens_map.json"}, {"rfilename": "run-3/checkpoint-1500/tokenizer.json"}, {"rfilename": "run-3/checkpoint-1500/tokenizer_config.json"}, {"rfilename": "run-3/checkpoint-1500/trainer_state.json"}, {"rfilename": "run-3/checkpoint-1500/training_args.bin"}, {"rfilename": "run-3/checkpoint-1500/vocab.txt"}, {"rfilename": "run-3/checkpoint-500/config.json"}, {"rfilename": "run-3/checkpoint-500/model.safetensors"}, {"rfilename": "run-3/checkpoint-500/optimizer.pt"}, {"rfilename": "run-3/checkpoint-500/rng_state.pth"}, {"rfilename": "run-3/checkpoint-500/scheduler.pt"}, {"rfilename": "run-3/checkpoint-500/special_tokens_map.json"}, {"rfilename": "run-3/checkpoint-500/tokenizer.json"}, {"rfilename": "run-3/checkpoint-500/tokenizer_config.json"}, {"rfilename": "run-3/checkpoint-500/trainer_state.json"}, {"rfilename": "run-3/checkpoint-500/training_args.bin"}, {"rfilename": "run-3/checkpoint-500/vocab.txt"}, {"rfilename": "run-4/checkpoint-1000/config.json"}, {"rfilename": "run-4/checkpoint-1000/model.safetensors"}, {"rfilename": "run-4/checkpoint-1000/optimizer.pt"}, {"rfilename": "run-4/checkpoint-1000/rng_state.pth"}, {"rfilename": "run-4/checkpoint-1000/scheduler.pt"}, {"rfilename": "run-4/checkpoint-1000/special_tokens_map.json"}, {"rfilename": "run-4/checkpoint-1000/tokenizer.json"}, {"rfilename": "run-4/checkpoint-1000/tokenizer_config.json"}, {"rfilename": "run-4/checkpoint-1000/trainer_state.json"}, {"rfilename": "run-4/checkpoint-1000/training_args.bin"}, {"rfilename": "run-4/checkpoint-1000/vocab.txt"}, {"rfilename": "run-4/checkpoint-1500/config.json"}, {"rfilename": "run-4/checkpoint-1500/model.safetensors"}, {"rfilename": "run-4/checkpoint-1500/optimizer.pt"}, {"rfilename": "run-4/checkpoint-1500/rng_state.pth"}, {"rfilename": "run-4/checkpoint-1500/scheduler.pt"}, {"rfilename": "run-4/checkpoint-1500/special_tokens_map.json"}, {"rfilename": "run-4/checkpoint-1500/tokenizer.json"}, {"rfilename": "run-4/checkpoint-1500/tokenizer_config.json"}, {"rfilename": "run-4/checkpoint-1500/trainer_state.json"}, {"rfilename": "run-4/checkpoint-1500/training_args.bin"}, {"rfilename": "run-4/checkpoint-1500/vocab.txt"}, {"rfilename": "run-4/checkpoint-500/config.json"}, {"rfilename": "run-4/checkpoint-500/model.safetensors"}, {"rfilename": "run-4/checkpoint-500/optimizer.pt"}, {"rfilename": "run-4/checkpoint-500/rng_state.pth"}, {"rfilename": "run-4/checkpoint-500/scheduler.pt"}, {"rfilename": "run-4/checkpoint-500/special_tokens_map.json"}, {"rfilename": "run-4/checkpoint-500/tokenizer.json"}, {"rfilename": "run-4/checkpoint-500/tokenizer_config.json"}, {"rfilename": "run-4/checkpoint-500/trainer_state.json"}, {"rfilename": "run-4/checkpoint-500/training_args.bin"}, {"rfilename": "run-4/checkpoint-500/vocab.txt"}, {"rfilename": "run-6/checkpoint-1000/config.json"}, {"rfilename": "run-6/checkpoint-1000/model.safetensors"}, {"rfilename": "run-6/checkpoint-1000/optimizer.pt"}, {"rfilename": "run-6/checkpoint-1000/rng_state.pth"}, {"rfilename": "run-6/checkpoint-1000/scheduler.pt"}, {"rfilename": "run-6/checkpoint-1000/special_tokens_map.json"}, {"rfilename": "run-6/checkpoint-1000/tokenizer.json"}, {"rfilename": "run-6/checkpoint-1000/tokenizer_config.json"}, {"rfilename": "run-6/checkpoint-1000/trainer_state.json"}, {"rfilename": "run-6/checkpoint-1000/training_args.bin"}, {"rfilename": "run-6/checkpoint-1000/vocab.txt"}, {"rfilename": "run-6/checkpoint-1500/config.json"}, {"rfilename": "run-6/checkpoint-1500/model.safetensors"}, {"rfilename": "run-6/checkpoint-1500/optimizer.pt"}, {"rfilename": "run-6/checkpoint-1500/rng_state.pth"}, {"rfilename": "run-6/checkpoint-1500/scheduler.pt"}, {"rfilename": "run-6/checkpoint-1500/special_tokens_map.json"}, {"rfilename": "run-6/checkpoint-1500/tokenizer.json"}, {"rfilename": "run-6/checkpoint-1500/tokenizer_config.json"}, {"rfilename": "run-6/checkpoint-1500/trainer_state.json"}, {"rfilename": "run-6/checkpoint-1500/training_args.bin"}, {"rfilename": "run-6/checkpoint-1500/vocab.txt"}, {"rfilename": "run-6/checkpoint-2000/config.json"}, {"rfilename": "run-6/checkpoint-2000/model.safetensors"}, {"rfilename": "run-6/checkpoint-2000/optimizer.pt"}, {"rfilename": "run-6/checkpoint-2000/rng_state.pth"}, {"rfilename": "run-6/checkpoint-2000/scheduler.pt"}, {"rfilename": "run-6/checkpoint-2000/special_tokens_map.json"}, {"rfilename": "run-6/checkpoint-2000/tokenizer.json"}, {"rfilename": "run-6/checkpoint-2000/tokenizer_config.json"}, {"rfilename": "run-6/checkpoint-2000/trainer_state.json"}, {"rfilename": "run-6/checkpoint-2000/training_args.bin"}, {"rfilename": "run-6/checkpoint-2000/vocab.txt"}, {"rfilename": "run-6/checkpoint-2500/config.json"}, {"rfilename": "run-6/checkpoint-2500/model.safetensors"}, {"rfilename": "run-6/checkpoint-2500/optimizer.pt"}, {"rfilename": "run-6/checkpoint-2500/rng_state.pth"}, {"rfilename": "run-6/checkpoint-2500/scheduler.pt"}, {"rfilename": "run-6/checkpoint-2500/special_tokens_map.json"}, {"rfilename": "run-6/checkpoint-2500/tokenizer.json"}, {"rfilename": "run-6/checkpoint-2500/tokenizer_config.json"}, {"rfilename": "run-6/checkpoint-2500/trainer_state.json"}, {"rfilename": "run-6/checkpoint-2500/training_args.bin"}, {"rfilename": "run-6/checkpoint-2500/vocab.txt"}, {"rfilename": "run-6/checkpoint-500/config.json"}, {"rfilename": "run-6/checkpoint-500/model.safetensors"}, {"rfilename": "run-6/checkpoint-500/optimizer.pt"}, {"rfilename": "run-6/checkpoint-500/rng_state.pth"}, {"rfilename": "run-6/checkpoint-500/scheduler.pt"}, {"rfilename": "run-6/checkpoint-500/special_tokens_map.json"}, {"rfilename": "run-6/checkpoint-500/tokenizer.json"}, {"rfilename": "run-6/checkpoint-500/tokenizer_config.json"}, {"rfilename": "run-6/checkpoint-500/trainer_state.json"}, {"rfilename": "run-6/checkpoint-500/training_args.bin"}, {"rfilename": "run-6/checkpoint-500/vocab.txt"}, {"rfilename": "run-8/checkpoint-1000/config.json"}, {"rfilename": "run-8/checkpoint-1000/model.safetensors"}, {"rfilename": "run-8/checkpoint-1000/optimizer.pt"}, {"rfilename": "run-8/checkpoint-1000/rng_state.pth"}, {"rfilename": "run-8/checkpoint-1000/scheduler.pt"}, {"rfilename": "run-8/checkpoint-1000/special_tokens_map.json"}, {"rfilename": "run-8/checkpoint-1000/tokenizer.json"}, {"rfilename": "run-8/checkpoint-1000/tokenizer_config.json"}, {"rfilename": "run-8/checkpoint-1000/trainer_state.json"}, {"rfilename": "run-8/checkpoint-1000/training_args.bin"}, {"rfilename": "run-8/checkpoint-1000/vocab.txt"}, {"rfilename": "run-8/checkpoint-1500/config.json"}, {"rfilename": "run-8/checkpoint-1500/model.safetensors"}, {"rfilename": "run-8/checkpoint-1500/optimizer.pt"}, {"rfilename": "run-8/checkpoint-1500/rng_state.pth"}, {"rfilename": "run-8/checkpoint-1500/scheduler.pt"}, {"rfilename": "run-8/checkpoint-1500/special_tokens_map.json"}, {"rfilename": "run-8/checkpoint-1500/tokenizer.json"}, {"rfilename": "run-8/checkpoint-1500/tokenizer_config.json"}, {"rfilename": "run-8/checkpoint-1500/trainer_state.json"}, {"rfilename": "run-8/checkpoint-1500/training_args.bin"}, {"rfilename": "run-8/checkpoint-1500/vocab.txt"}, {"rfilename": "run-8/checkpoint-2000/config.json"}, {"rfilename": "run-8/checkpoint-2000/model.safetensors"}, {"rfilename": "run-8/checkpoint-2000/optimizer.pt"}, {"rfilename": "run-8/checkpoint-2000/rng_state.pth"}, {"rfilename": "run-8/checkpoint-2000/scheduler.pt"}, {"rfilename": "run-8/checkpoint-2000/special_tokens_map.json"}, {"rfilename": "run-8/checkpoint-2000/tokenizer.json"}, {"rfilename": "run-8/checkpoint-2000/tokenizer_config.json"}, {"rfilename": "run-8/checkpoint-2000/trainer_state.json"}, {"rfilename": "run-8/checkpoint-2000/training_args.bin"}, {"rfilename": "run-8/checkpoint-2000/vocab.txt"}, {"rfilename": "run-8/checkpoint-500/config.json"}, {"rfilename": "run-8/checkpoint-500/model.safetensors"}, {"rfilename": "run-8/checkpoint-500/optimizer.pt"}, {"rfilename": "run-8/checkpoint-500/rng_state.pth"}, {"rfilename": "run-8/checkpoint-500/scheduler.pt"}, {"rfilename": "run-8/checkpoint-500/special_tokens_map.json"}, {"rfilename": "run-8/checkpoint-500/tokenizer.json"}, {"rfilename": "run-8/checkpoint-500/tokenizer_config.json"}, {"rfilename": "run-8/checkpoint-500/trainer_state.json"}, {"rfilename": "run-8/checkpoint-500/training_args.bin"}, {"rfilename": "run-8/checkpoint-500/vocab.txt"}, {"rfilename": "runs/Dec15_19-02-37_DESKTOP-A6V52FD/events.out.tfevents.1702634569.DESKTOP-A6V52FD.14480.0"}, {"rfilename": "runs/Dec16_12-04-15_DESKTOP-A6V52FD/events.out.tfevents.1702695872.DESKTOP-A6V52FD.19364.0"}, {"rfilename": "runs/Dec16_12-04-15_DESKTOP-A6V52FD/events.out.tfevents.1702696824.DESKTOP-A6V52FD.19364.1"}, {"rfilename": "runs/Dec16_12-04-15_DESKTOP-A6V52FD/events.out.tfevents.1702697054.DESKTOP-A6V52FD.19364.2"}, {"rfilename": "runs/Dec16_12-04-15_DESKTOP-A6V52FD/events.out.tfevents.1702697235.DESKTOP-A6V52FD.19364.3"}, {"rfilename": "runs/Dec16_12-04-15_DESKTOP-A6V52FD/events.out.tfevents.1702697415.DESKTOP-A6V52FD.19364.4"}, {"rfilename": "runs/Dec16_12-04-15_DESKTOP-A6V52FD/events.out.tfevents.1702697596.DESKTOP-A6V52FD.19364.5"}, {"rfilename": "runs/Dec16_12-04-15_DESKTOP-A6V52FD/events.out.tfevents.1702697803.DESKTOP-A6V52FD.19364.6"}, {"rfilename": "runs/Dec16_12-04-15_DESKTOP-A6V52FD/events.out.tfevents.1702697833.DESKTOP-A6V52FD.19364.7"}, {"rfilename": "runs/Dec16_12-04-15_DESKTOP-A6V52FD/events.out.tfevents.1702698110.DESKTOP-A6V52FD.19364.8"}, {"rfilename": "runs/Dec16_12-04-15_DESKTOP-A6V52FD/events.out.tfevents.1702698140.DESKTOP-A6V52FD.19364.9"}, {"rfilename": "runs/Dec16_12-04-15_DESKTOP-A6V52FD/events.out.tfevents.1702698356.DESKTOP-A6V52FD.19364.10"}, {"rfilename": "runs/Dec16_12-04-15_DESKTOP-A6V52FD/events.out.tfevents.1702698387.DESKTOP-A6V52FD.19364.11"}, {"rfilename": "runs/Dec16_12-04-15_DESKTOP-A6V52FD/events.out.tfevents.1702698786.DESKTOP-A6V52FD.19364.12"}, {"rfilename": "runs/Dec16_12-04-15_DESKTOP-A6V52FD/events.out.tfevents.1702699127.DESKTOP-A6V52FD.19364.13"}, {"rfilename": "runs/Dec16_12-04-15_DESKTOP-A6V52FD/events.out.tfevents.1702699477.DESKTOP-A6V52FD.19364.14"}, {"rfilename": "runs/Dec16_12-04-15_DESKTOP-A6V52FD/events.out.tfevents.1702699826.DESKTOP-A6V52FD.19364.15"}, {"rfilename": "runs/Dec16_12-04-15_DESKTOP-A6V52FD/events.out.tfevents.1702700041.DESKTOP-A6V52FD.19364.16"}, {"rfilename": "runs/Dec16_12-04-15_DESKTOP-A6V52FD/events.out.tfevents.1702700256.DESKTOP-A6V52FD.19364.17"}, {"rfilename": "runs/Dec16_12-04-15_DESKTOP-A6V52FD/events.out.tfevents.1702700446.DESKTOP-A6V52FD.19364.18"}, {"rfilename": "runs/Dec16_12-04-15_DESKTOP-A6V52FD/events.out.tfevents.1702700795.DESKTOP-A6V52FD.19364.19"}, {"rfilename": "runs/Dec16_12-04-15_DESKTOP-A6V52FD/events.out.tfevents.1702700825.DESKTOP-A6V52FD.19364.20"}, {"rfilename": "runs/Dec16_12-04-15_DESKTOP-A6V52FD/events.out.tfevents.1702702312.DESKTOP-A6V52FD.19364.21"}, {"rfilename": "runs/Dec16_16-16-52_DESKTOP-A6V52FD/events.out.tfevents.1702711928.DESKTOP-A6V52FD.924.0"}, {"rfilename": "runs/Dec17_17-14-12_DESKTOP-A6V52FD/events.out.tfevents.1702800885.DESKTOP-A6V52FD.6504.0"}, {"rfilename": "special_tokens_map.json"}, {"rfilename": "tokenizer.json"}, {"rfilename": "tokenizer_config.json"}, {"rfilename": "training_args.bin"}, {"rfilename": "vocab.txt"}], "spaces": [], "createdAt": "2023-12-15T10:02:48.000Z", "safetensors": {"parameters": {"F32": 67069591}, "total": 67069591}, "inferenceStatus": "not-loaded"}