{"_id": "657d2ce61e3e9c41a4754c72", "id": "100yen/distilbert-base-uncased-distilled-clinc", "modelId": "100yen/distilbert-base-uncased-distilled-clinc", "author": "100yen", "sha": "b51dfa5bc990fc29eaee40115f5bdac34defe351", "lastModified": "2023-12-16T04:57:32.000Z", "private": false, "disabled": false, "gated": false, "pipeline_tag": "text-classification", "tags": ["transformers", "safetensors", "distilbert", "text-classification", "generated_from_trainer", "dataset:clinc_oos", "base_model:distilbert-base-uncased", "license:apache-2.0", "model-index", "autotrain_compatible", "endpoints_compatible", "region:us"], "downloads": 2, "library_name": "transformers", "mask_token": "[MASK]", "widgetData": [{"text": "I like you. I love you"}], "likes": 0, "model-index": [{"name": "distilbert-base-uncased-distilled-clinc", "results": [{"task": {"name": "Text Classification", "type": "text-classification"}, "dataset": {"name": "clinc_oos", "type": "clinc_oos", "config": "plus", "split": "validation", "args": "plus"}, "metrics": [{"name": "Accuracy", "type": "accuracy", "value": 0.9493548387096774, "verified": false}]}]}], "config": {"architectures": ["DistilBertForSequenceClassification"], "model_type": "distilbert", "tokenizer_config": {"cls_token": "[CLS]", "mask_token": "[MASK]", "pad_token": "[PAD]", "sep_token": "[SEP]", "unk_token": "[UNK]"}}, "cardData": {"license": "apache-2.0", "base_model": "distilbert-base-uncased", "tags": ["generated_from_trainer"], "datasets": ["clinc_oos"], "metrics": ["accuracy"], "model-index": [{"name": "distilbert-base-uncased-distilled-clinc", "results": [{"task": {"name": "Text Classification", "type": "text-classification"}, "dataset": {"name": "clinc_oos", "type": "clinc_oos", "config": "plus", "split": "validation", "args": "plus"}, "metrics": [{"name": "Accuracy", "type": "accuracy", "value": 0.9493548387096774, "verified": false}]}]}]}, "transformersInfo": {"auto_model": "AutoModelForSequenceClassification", "pipeline_tag": "text-classification", "processor": "AutoTokenizer"}, "siblings": [{"rfilename": ".gitattributes"}, {"rfilename": "README.md"}, {"rfilename": "config.json"}, {"rfilename": "model.safetensors"}, {"rfilename": "special_tokens_map.json"}, {"rfilename": "tokenizer.json"}, {"rfilename": "tokenizer_config.json"}, {"rfilename": "training_args.bin"}, {"rfilename": "vocab.txt"}], "spaces": [], "createdAt": "2023-12-16T04:51:50.000Z", "safetensors": {"parameters": {"F32": 67069591}, "total": 67069591}, "inferenceStatus": "not-loaded"}