{"_id": "6623ae24ab21d0df6c0fcf91", "id": "1024m/SMM4H-Task5-BartL-1B", "modelId": "1024m/SMM4H-Task5-BartL-1B", "author": "1024m", "sha": "7c6b14e0b703f6eec4b4b4369cb7eae40844e654", "lastModified": "2024-04-20T12:01:15.000Z", "private": false, "disabled": false, "gated": false, "pipeline_tag": "text-classification", "tags": ["transformers", "safetensors", "bart", "text-classification", "autotrain_compatible", "endpoints_compatible", "region:us"], "downloads": 0, "library_name": "transformers", "mask_token": "<mask>", "widgetData": [{"text": "I like you. I love you"}], "likes": 0, "config": {"architectures": ["BartForSequenceClassification"], "model_type": "bart"}, "transformersInfo": {"auto_model": "AutoModelForSequenceClassification", "pipeline_tag": "text-classification", "processor": "AutoTokenizer"}, "siblings": [{"rfilename": ".gitattributes"}, {"rfilename": "config.json"}, {"rfilename": "model.safetensors"}, {"rfilename": "optimizer.pt"}, {"rfilename": "rng_state.pth"}, {"rfilename": "scheduler.pt"}, {"rfilename": "trainer_state.json"}, {"rfilename": "training_args.bin"}], "spaces": [], "createdAt": "2024-04-20T11:59:32.000Z", "safetensors": {"parameters": {"F32": 407344131}, "total": 407344131}, "inferenceStatus": "not-loaded"}