{"_id": "63ebb0e03f6d691c3b255306", "id": "1024khandsom/autotrain-ant-bee-3482194557", "modelId": "1024khandsom/autotrain-ant-bee-3482194557", "author": "1024khandsom", "sha": "77aed5abe589189fd5572ac674b1a908ad513e5c", "lastModified": "2023-02-15T02:42:45.000Z", "private": false, "disabled": false, "gated": false, "pipeline_tag": "image-classification", "tags": ["transformers", "pytorch", "swin", "image-classification", "autotrain", "vision", "dataset:1024khandsom/autotrain-data-ant-bee", "co2_eq_emissions", "autotrain_compatible", "endpoints_compatible", "region:us"], "downloads": 2, "library_name": "transformers", "widgetData": [{"src": "https://huggingface.co/datasets/mishig/sample_images/resolve/main/tiger.jpg", "example_title": "Tiger"}, {"src": "https://huggingface.co/datasets/mishig/sample_images/resolve/main/teapot.jpg", "example_title": "Teapot"}, {"src": "https://huggingface.co/datasets/mishig/sample_images/resolve/main/palace.jpg", "example_title": "Palace"}], "likes": 1, "model-index": null, "config": {"architectures": ["SwinForImageClassification"], "model_type": "swin"}, "cardData": {"tags": ["autotrain", "vision", "image-classification"], "datasets": ["1024khandsom/autotrain-data-ant-bee"], "widget": [{"src": "https://huggingface.co/datasets/mishig/sample_images/resolve/main/tiger.jpg", "example_title": "Tiger"}, {"src": "https://huggingface.co/datasets/mishig/sample_images/resolve/main/teapot.jpg", "example_title": "Teapot"}, {"src": "https://huggingface.co/datasets/mishig/sample_images/resolve/main/palace.jpg", "example_title": "Palace"}], "co2_eq_emissions": {"emissions": 0.7388274047348641}}, "transformersInfo": {"auto_model": "AutoModelForImageClassification", "pipeline_tag": "image-classification", "processor": "AutoImageProcessor"}, "siblings": [{"rfilename": ".gitattributes"}, {"rfilename": "ADD"}, {"rfilename": "README.md"}, {"rfilename": "config.json"}, {"rfilename": "preprocessor_config.json"}, {"rfilename": "pytorch_model.bin"}], "spaces": [], "createdAt": "2023-02-14T16:03:44.000Z", "inferenceStatus": "not-loaded"}