{"_id": "6623bf89b642e29cdf8754b2", "id": "1024m/SMM4H-Task5-BartL-2A", "modelId": "1024m/SMM4H-Task5-BartL-2A", "author": "1024m", "sha": "5f0d4a89d3ea22c3d71a4687d4a86e4f1b506391", "lastModified": "2024-04-20T13:37:34.000Z", "private": false, "disabled": false, "gated": false, "pipeline_tag": "text-classification", "tags": ["transformers", "safetensors", "bart", "text-classification", "autotrain_compatible", "endpoints_compatible", "region:us"], "downloads": 3, "library_name": "transformers", "mask_token": "<mask>", "widgetData": [{"text": "I like you. I love you"}], "likes": 0, "config": {"architectures": ["BartForSequenceClassification"], "model_type": "bart", "tokenizer_config": {}}, "transformersInfo": {"auto_model": "AutoModelForSequenceClassification", "pipeline_tag": "text-classification", "processor": "AutoTokenizer"}, "siblings": [{"rfilename": ".gitattributes"}, {"rfilename": "config.json"}, {"rfilename": "model.safetensors"}, {"rfilename": "optimizer.pt"}, {"rfilename": "rng_state.pth"}, {"rfilename": "scheduler.pt"}, {"rfilename": "tokenizer.json"}, {"rfilename": "tokenizer_config.json"}, {"rfilename": "trainer_state.json"}, {"rfilename": "training_args.bin"}], "spaces": [], "createdAt": "2024-04-20T13:13:45.000Z", "safetensors": {"parameters": {"F32": 407344131}, "total": 407344131}, "inferenceStatus": "not-loaded"}