{"_id": "65faa1d00174fa0821976f2e", "id": "1024m/wassa-2023-emo", "modelId": "1024m/wassa-2023-emo", "author": "1024m", "sha": "027085997767e9416bb420d439842b1514a8e82f", "lastModified": "2024-03-21T07:04:59.000Z", "private": false, "disabled": false, "gated": false, "pipeline_tag": "text-classification", "tags": ["transformers", "tf", "roberta", "text-classification", "nlp", "en", "arxiv:1910.09700", "license:mit", "autotrain_compatible", "endpoints_compatible", "region:us"], "downloads": 8, "library_name": "transformers", "mask_token": "<mask>", "widgetData": [{"text": "I like you. I love you"}], "likes": 1, "model-index": null, "config": {"architectures": ["RobertaForSequenceClassification"], "model_type": "roberta", "tokenizer_config": {"bos_token": "<s>", "cls_token": "<s>", "eos_token": "</s>", "mask_token": "<mask>", "pad_token": "<pad>", "sep_token": "</s>", "unk_token": "<unk>"}}, "cardData": {"license": "mit", "language": ["en"], "metrics": ["f1"], "pipeline_tag": "text-classification", "tags": ["nlp"], "library_name": "transformers"}, "transformersInfo": {"auto_model": "AutoModelForSequenceClassification", "pipeline_tag": "text-classification", "processor": "AutoTokenizer"}, "siblings": [{"rfilename": ".gitattributes"}, {"rfilename": "README.md"}, {"rfilename": "config.json"}, {"rfilename": "merges.txt"}, {"rfilename": "special_tokens_map.json"}, {"rfilename": "tf_model.h5"}, {"rfilename": "tokenizer.json"}, {"rfilename": "tokenizer_config.json"}, {"rfilename": "vocab.json"}], "spaces": [], "createdAt": "2024-03-20T08:44:00.000Z", "inferenceStatus": "not-loaded"}