{"_id": "6623ad4f525135aedaae741e", "id": "1024m/SMM4H-Task5-BartL-1A", "modelId": "1024m/SMM4H-Task5-BartL-1A", "author": "1024m", "sha": "95c42918d7c274495247f3d74e9f185c6143c086", "lastModified": "2024-04-20T17:51:18.000Z", "private": false, "disabled": false, "gated": false, "pipeline_tag": "text-classification", "tags": ["transformers", "safetensors", "bart", "text-classification", "autotrain_compatible", "endpoints_compatible", "region:us"], "downloads": 3, "library_name": "transformers", "mask_token": "<mask>", "widgetData": [{"text": "I like you. I love you"}], "likes": 0, "config": {"architectures": ["BartForSequenceClassification"], "model_type": "bart"}, "transformersInfo": {"auto_model": "AutoModelForSequenceClassification", "pipeline_tag": "text-classification", "processor": "AutoTokenizer"}, "siblings": [{"rfilename": ".gitattributes"}, {"rfilename": "config.json"}, {"rfilename": "gitattributes (1)"}, {"rfilename": "model.safetensors"}, {"rfilename": "optimizer.pt"}, {"rfilename": "rng_state.pth"}, {"rfilename": "scheduler.pt"}, {"rfilename": "trainer_state.json"}, {"rfilename": "training_args (1).bin"}], "spaces": [], "createdAt": "2024-04-20T11:55:59.000Z", "safetensors": {"parameters": {"F32": 407344131}, "total": 407344131}, "inferenceStatus": "not-loaded"}