{"_id": "651391312f79557a90cc6965", "id": "10eo/10eo-talking", "modelId": "10eo/10eo-talking", "author": "10eo", "sha": "f335600cd19361b9bab90dcfe46134036a5b4ac5", "lastModified": "2023-10-16T00:13:17.000Z", "private": false, "disabled": false, "gated": false, "tags": ["license:other", "region:us"], "downloads": 0, "likes": 0, "model-index": null, "cardData": {"license": "other"}, "siblings": [{"rfilename": ".gitattributes"}, {"rfilename": "10eo-talking.zip"}, {"rfilename": "README.md"}], "spaces": [], "createdAt": "2023-09-27T02:19:29.000Z", "inferenceStatus": "not-loaded"}