{"_id": "6510351f55dc1e841771132f", "id": "10eo/10eo-aggressive", "modelId": "10eo/10eo-aggressive", "author": "10eo", "sha": "12028b90f98a3c89b8eaa1cb81f83407370edae1", "lastModified": "2023-09-24T13:19:08.000Z", "private": false, "disabled": false, "gated": false, "tags": ["RVC 2.0", "music", "en", "region:us"], "downloads": 0, "likes": 0, "model-index": null, "cardData": {"language": ["en"], "tags": ["RVC 2.0", "music"]}, "siblings": [{"rfilename": ".gitattributes"}, {"rfilename": "10eo-aggressive.zip"}, {"rfilename": "README.md"}], "spaces": [], "createdAt": "2023-09-24T13:09:51.000Z", "inferenceStatus": "not-loaded"}