{"_id": "652a9ccd7c5365f2d1fe68e9", "id": "10eo/10eoHDv2_RVC2_210epochs_rmvpe_48k", "modelId": "10eo/10eoHDv2_RVC2_210epochs_rmvpe_48k", "author": "10eo", "sha": "e91a9cccc7601b503b83622c4e6df33a652c2d25", "lastModified": "2023-10-14T13:56:39.000Z", "private": false, "disabled": false, "gated": false, "tags": ["license:unknown", "region:us"], "downloads": 0, "likes": 0, "model-index": null, "cardData": {"license": "unknown"}, "siblings": [{"rfilename": ".gitattributes"}, {"rfilename": "10eoHDv2.zip"}, {"rfilename": "README.md"}], "spaces": [], "createdAt": "2023-10-14T13:51:09.000Z", "inferenceStatus": "not-loaded"}