{"_id": "65d9df91b240d5a365020fc5", "id": "10jqk1/mistralai-hf.gguf", "modelId": "10jqk1/mistralai-hf.gguf", "author": "10jqk1", "sha": "a6a8d4a588719b8a3bbc40e764181b1272defb73", "lastModified": "2024-02-24T12:50:22.000Z", "private": false, "disabled": false, "gated": false, "tags": ["transformers", "gguf", "mixtral", "text-generation-inference", "endpoints_compatible", "region:us"], "downloads": 18, "library_name": "transformers", "likes": 0, "config": {"model_type": "mixtral"}, "transformersInfo": {"auto_model": "AutoModel"}, "siblings": [{"rfilename": ".gitattributes"}, {"rfilename": "config.json"}, {"rfilename": "mistralai-hf.gguf"}], "spaces": [], "createdAt": "2024-02-24T12:22:41.000Z", "inferenceStatus": "not-loaded"}