{"_id": "65da9e780733541e06f1c948", "id": "10jqk1/mistralai-hf-q8_0.gguf", "modelId": "10jqk1/mistralai-hf-q8_0.gguf", "author": "10jqk1", "sha": "4f409bd2cf393424e9374b4591d85ff9ad621fc0", "lastModified": "2024-02-25T02:10:52.000Z", "private": false, "disabled": false, "gated": false, "tags": ["transformers", "gguf", "mixtral", "text-generation-inference", "endpoints_compatible", "region:us"], "downloads": 24, "library_name": "transformers", "likes": 0, "config": {"model_type": "mixtral"}, "transformersInfo": {"auto_model": "AutoModel"}, "siblings": [{"rfilename": ".gitattributes"}, {"rfilename": "config.json"}, {"rfilename": "mistralai-hf-q8_0.gguf"}], "spaces": [], "createdAt": "2024-02-25T01:57:12.000Z", "inferenceStatus": "not-loaded"}