{"_id": "6588f7a89835f3cce2d8929e", "id": "10moonshine/JW", "modelId": "10moonshine/JW", "author": "10moonshine", "sha": "f1d64239dc7ad979720d9cad35c6d7a9f59740f8", "lastModified": "2023-12-25T03:35:01.000Z", "private": false, "disabled": false, "gated": false, "tags": ["license:openrail", "region:us"], "downloads": 0, "likes": 0, "model-index": null, "cardData": {"license": "openrail"}, "siblings": [{"rfilename": ".gitattributes"}, {"rfilename": "Juice WRLD.zip"}, {"rfilename": "README.md"}], "spaces": [], "createdAt": "2023-12-25T03:31:52.000Z", "inferenceStatus": "not-loaded"}