{"_id": "6589009899ed106ac89860c0", "id": "10moonshine/JuiceWrldAI", "modelId": "10moonshine/JuiceWrldAI", "author": "10moonshine", "sha": "30d101b0958d32127f141e03eb57b3fcc4c4e9a5", "lastModified": "2023-12-25T04:10:02.000Z", "private": false, "disabled": false, "gated": false, "tags": ["license:openrail", "region:us"], "downloads": 0, "likes": 0, "model-index": null, "cardData": {"license": "openrail"}, "siblings": [{"rfilename": ".gitattributes"}, {"rfilename": "README.md"}], "spaces": [], "createdAt": "2023-12-25T04:10:00.000Z", "inferenceStatus": "not-loaded"}