{"_id": "632c2b55fadf3a59645e3d85", "id": "10nen/ddpm-butterflies-128", "modelId": "10nen/ddpm-butterflies-128", "author": "10nen", "sha": "920733888ed68dc45fbdf349dad735ac23e8975e", "lastModified": "2022-09-22T10:10:03.000Z", "private": false, "disabled": false, "gated": false, "tags": ["diffusers", "tensorboard", "diffusers:DDPMPipeline", "region:us"], "downloads": 0, "library_name": "diffusers", "likes": 0, "config": {"diffusers": {"_class_name": "DDPMPipeline"}}, "siblings": [{"rfilename": ".gitattributes"}, {"rfilename": ".gitignore"}, {"rfilename": "logs/train_example/events.out.tfevents.1663839069.c11f76fb0db8.70.0"}, {"rfilename": "model_index.json"}, {"rfilename": "samples/0009.png"}, {"rfilename": "samples/0019.png"}, {"rfilename": "samples/0029.png"}, {"rfilename": "scheduler/scheduler_config.json"}, {"rfilename": "unet/config.json"}, {"rfilename": "unet/diffusion_pytorch_model.bin"}], "spaces": [], "createdAt": "2022-09-22T09:31:01.000Z", "inferenceStatus": "not-loaded"}