{"_id": "650a26a7a6f657faa42e91f5", "id": "10sasuke11/rerender", "modelId": "10sasuke11/rerender", "author": "10sasuke11", "sha": "56361aa183adbe963c2ba149ca9ffd519dd2fa9d", "lastModified": "2023-09-20T01:38:40.000Z", "private": false, "disabled": false, "gated": false, "tags": ["license:other", "region:us"], "downloads": 0, "likes": 0, "model-index": null, "cardData": {"license": "other"}, "siblings": [{"rfilename": ".gitattributes"}, {"rfilename": "README.md"}, {"rfilename": "disneyPixarCartoon_v10.safetensors"}, {"rfilename": "models/disneyPixarCartoon_v10.safetensors"}, {"rfilename": "models/gmflow_sintel-0c07dcb3.pth"}, {"rfilename": "models/moxin.ckpt"}, {"rfilename": "models/readme.md"}, {"rfilename": "models/realisticVisionV20_v20.safetensors"}, {"rfilename": "models/revAnimated_v11.safetensors"}, {"rfilename": "pexels-antoni-shkraba-8048492-540x960-25fps.mp4"}, {"rfilename": "pexels-cottonbro-studio-6649832-960x506-25fps.mp4"}, {"rfilename": "pexels-koolshooters-7322716.mp4"}, {"rfilename": "videos/pexels-antoni-shkraba-8048492-540x960-25fps.mp4"}, {"rfilename": "videos/pexels-cottonbro-studio-6649832-960x506-25fps.mp4"}, {"rfilename": "videos/pexels-koolshooters-7322716.mp4"}], "spaces": [], "createdAt": "2023-09-19T22:54:31.000Z", "inferenceStatus": "not-loaded"}