{"_id": "65ff4287321ac5cd34e2202b", "id": "10Sirus/Insta-comment", "modelId": "10Sirus/Insta-comment", "author": "10Sirus", "sha": "0c332d027ae70fa5f349cb8e21f472be9ac98957", "lastModified": "2024-03-24T00:59:11.000Z", "private": false, "disabled": false, "gated": false, "tags": ["transformers", "safetensors", "arxiv:1910.09700", "endpoints_compatible", "region:us"], "downloads": 0, "library_name": "transformers", "likes": 0, "model-index": null, "cardData": {"library_name": "transformers", "tags": []}, "transformersInfo": {"auto_model": "AutoModel"}, "siblings": [{"rfilename": ".gitattributes"}, {"rfilename": "README.md"}, {"rfilename": "adapter_config.json"}, {"rfilename": "adapter_model.safetensors"}], "spaces": [], "createdAt": "2024-03-23T20:58:47.000Z", "inferenceStatus": "not-loaded"}