{"_id": "64cd3f457a7305c589dcd23f", "id": "10ths/lit-125m-lora", "modelId": "10ths/lit-125m-lora", "author": "10ths", "sha": "6419db9bc08e55e117d7eb717c8a33e6a4f16574", "lastModified": "2023-08-04T18:11:20.000Z", "private": false, "disabled": false, "gated": false, "tags": ["peft", "region:us"], "downloads": 0, "library_name": "peft", "likes": 0, "model-index": null, "config": {"peft": {"base_model_name_or_path": "hakurei/lit-125M", "task_type": "CAUSAL_LM"}}, "cardData": {"library_name": "peft"}, "siblings": [{"rfilename": ".gitattributes"}, {"rfilename": "README.md"}, {"rfilename": "adapter_config.json"}, {"rfilename": "adapter_model.bin"}], "spaces": [], "createdAt": "2023-08-04T18:11:17.000Z", "inferenceStatus": "not-loaded"}