{"_id": "642fce819fd6d1fcb9952fe7", "id": "1112lee/my_awesome_model", "modelId": "1112lee/my_awesome_model", "author": "1112lee", "sha": "ec81ca995dba1a8e4b1dac694280920206607e0b", "lastModified": "2023-04-08T01:45:17.000Z", "private": false, "disabled": false, "gated": false, "pipeline_tag": "text-classification", "tags": ["transformers", "pytorch", "tensorboard", "distilbert", "text-classification", "generated_from_trainer", "license:apache-2.0", "autotrain_compatible", "endpoints_compatible", "region:us"], "downloads": 3, "library_name": "transformers", "mask_token": "[MASK]", "widgetData": [{"text": "I like you. I love you"}], "likes": 0, "model-index": [{"name": "my_awesome_model", "results": []}], "config": {"architectures": ["DistilBertForSequenceClassification"], "model_type": "distilbert", "tokenizer_config": {"cls_token": "[CLS]", "mask_token": "[MASK]", "pad_token": "[PAD]", "sep_token": "[SEP]", "unk_token": "[UNK]"}}, "cardData": {"license": "apache-2.0", "tags": ["generated_from_trainer"], "metrics": ["accuracy"], "model-index": [{"name": "my_awesome_model", "results": []}]}, "transformersInfo": {"auto_model": "AutoModelForSequenceClassification", "pipeline_tag": "text-classification", "processor": "AutoTokenizer"}, "siblings": [{"rfilename": ".gitattributes"}, {"rfilename": ".gitignore"}, {"rfilename": "README.md"}, {"rfilename": "config.json"}, {"rfilename": "pytorch_model.bin"}, {"rfilename": "runs/Apr07_08-04-17_0f51472a0ae3/1680854662.4821599/events.out.tfevents.1680854662.0f51472a0ae3.195.1"}, {"rfilename": "runs/Apr07_08-04-17_0f51472a0ae3/events.out.tfevents.1680854662.0f51472a0ae3.195.0"}, {"rfilename": "runs/Apr07_08-06-12_0f51472a0ae3/1680854775.2542162/events.out.tfevents.1680854775.0f51472a0ae3.195.3"}, {"rfilename": "runs/Apr07_08-06-12_0f51472a0ae3/events.out.tfevents.1680854775.0f51472a0ae3.195.2"}, {"rfilename": "runs/Apr07_08-07-45_0f51472a0ae3/1680854868.1272173/events.out.tfevents.1680854868.0f51472a0ae3.195.5"}, {"rfilename": "runs/Apr07_08-07-45_0f51472a0ae3/events.out.tfevents.1680854868.0f51472a0ae3.195.4"}, {"rfilename": "runs/Apr07_08-08-01_0f51472a0ae3/1680854884.9037015/events.out.tfevents.1680854884.0f51472a0ae3.195.7"}, {"rfilename": "runs/Apr07_08-08-01_0f51472a0ae3/events.out.tfevents.1680854884.0f51472a0ae3.195.6"}, {"rfilename": "runs/Apr07_08-09-03_0f51472a0ae3/1680854946.8433912/events.out.tfevents.1680854946.0f51472a0ae3.195.9"}, {"rfilename": "runs/Apr07_08-09-03_0f51472a0ae3/events.out.tfevents.1680854946.0f51472a0ae3.195.8"}, {"rfilename": "runs/Apr07_08-10-23_0f51472a0ae3/1680855026.2458706/events.out.tfevents.1680855026.0f51472a0ae3.195.11"}, {"rfilename": "runs/Apr07_08-10-23_0f51472a0ae3/events.out.tfevents.1680855026.0f51472a0ae3.195.10"}, {"rfilename": "runs/Apr07_08-13-55_0f51472a0ae3/1680855238.2775812/events.out.tfevents.1680855238.0f51472a0ae3.195.13"}, {"rfilename": "runs/Apr07_08-13-55_0f51472a0ae3/events.out.tfevents.1680855238.0f51472a0ae3.195.12"}, {"rfilename": "runs/Apr07_08-19-52_0f51472a0ae3/1680855595.1653495/events.out.tfevents.1680855595.0f51472a0ae3.195.15"}, {"rfilename": "runs/Apr07_08-19-52_0f51472a0ae3/events.out.tfevents.1680855595.0f51472a0ae3.195.14"}, {"rfilename": "runs/Apr07_22-30-23_37be4a9c93c4/1680906692.1113412/events.out.tfevents.1680906692.37be4a9c93c4.531.1"}, {"rfilename": "runs/Apr07_22-30-23_37be4a9c93c4/events.out.tfevents.1680906692.37be4a9c93c4.531.0"}, {"rfilename": "special_tokens_map.json"}, {"rfilename": "tokenizer.json"}, {"rfilename": "tokenizer_config.json"}, {"rfilename": "training_args.bin"}, {"rfilename": "vocab.txt"}], "spaces": [], "createdAt": "2023-04-07T08:04:17.000Z", "inferenceStatus": "not-loaded"}