{"_id": "64c0b68684191336fa0856fa", "id": "111wwwww/ukaoidaoldj", "modelId": "111wwwww/ukaoidaoldj", "author": "111wwwww", "sha": "eae84d8313bef32f761e14b8025fee95f02bc0ac", "lastModified": "2023-07-26T06:00:38.000Z", "private": false, "disabled": false, "gated": false, "tags": ["license:cdla-sharing-1.0", "region:us"], "downloads": 0, "likes": 0, "model-index": null, "cardData": {"license": "cdla-sharing-1.0"}, "siblings": [{"rfilename": ".gitattributes"}, {"rfilename": "README.md"}], "spaces": [], "createdAt": "2023-07-26T06:00:38.000Z", "inferenceStatus": "not-loaded"}