{"_id": "64c0b69b8137192a1e28fbd3", "id": "111wwwww/uksdoisaDOSA", "modelId": "111wwwww/uksdoisaDOSA", "author": "111wwwww", "sha": "1ceef453a27aa565b71b468eea51132d255c9319", "lastModified": "2023-07-26T06:00:59.000Z", "private": false, "disabled": false, "gated": false, "tags": ["license:c-uda", "region:us"], "downloads": 0, "likes": 0, "model-index": null, "cardData": {"license": "c-uda"}, "siblings": [{"rfilename": ".gitattributes"}, {"rfilename": "README.md"}], "spaces": [], "createdAt": "2023-07-26T06:00:59.000Z", "inferenceStatus": "not-loaded"}