{"_id": "64c0b6676b2f05ae642eec82", "id": "111wwwww/kjsdouisaoiduhoi", "modelId": "111wwwww/kjsdouisaoiduhoi", "author": "111wwwww", "sha": "5bfc92f15d66e09d06bf798ec00a2b14fdd649fa", "lastModified": "2023-07-26T06:00:07.000Z", "private": false, "disabled": false, "gated": false, "tags": ["license:bsd-3-clause-clear", "region:us"], "downloads": 0, "likes": 0, "model-index": null, "cardData": {"license": "bsd-3-clause-clear"}, "siblings": [{"rfilename": ".gitattributes"}, {"rfilename": "README.md"}], "spaces": [], "createdAt": "2023-07-26T06:00:07.000Z", "inferenceStatus": "not-loaded"}