{"_id": "64c0b676d76592ba8991663b", "id": "111wwwww/sdjkcikloci", "modelId": "111wwwww/sdjkcikloci", "author": "111wwwww", "sha": "dbaf959fd4dabc7f055a2b823ba7a7b1e6e28f8c", "lastModified": "2023-07-26T06:00:22.000Z", "private": false, "disabled": false, "gated": false, "tags": ["license:cc-by-4.0", "region:us"], "downloads": 0, "likes": 0, "model-index": null, "cardData": {"license": "cc-by-4.0"}, "siblings": [{"rfilename": ".gitattributes"}, {"rfilename": "README.md"}], "spaces": [], "createdAt": "2023-07-26T06:00:22.000Z", "inferenceStatus": "not-loaded"}