{"_id": "64c0b6196b2f05ae642ee081", "id": "111wwwww/11111", "modelId": "111wwwww/11111", "author": "111wwwww", "sha": "f6845bfe9ff4636a785c1021c78c7a73bf6ef019", "lastModified": "2023-07-26T05:58:49.000Z", "private": false, "disabled": false, "gated": false, "tags": ["license:bsl-1.0", "region:us"], "downloads": 0, "likes": 0, "model-index": null, "cardData": {"license": "bsl-1.0"}, "siblings": [{"rfilename": ".gitattributes"}, {"rfilename": "README.md"}], "spaces": [], "createdAt": "2023-07-26T05:58:49.000Z", "inferenceStatus": "not-loaded"}