{"_id": "64c1d0207e6975b391700e01", "id": "111wwwww/1111111111", "modelId": "111wwwww/1111111111", "author": "111wwwww", "sha": "3418aad7b77a29bb8c702f7546a1595e3ece349d", "lastModified": "2023-07-27T02:02:08.000Z", "private": false, "disabled": false, "gated": false, "tags": ["license:openrail", "region:us"], "downloads": 0, "likes": 0, "model-index": null, "cardData": {"license": "openrail"}, "siblings": [{"rfilename": ".gitattributes"}, {"rfilename": "README.md"}], "spaces": [], "createdAt": "2023-07-27T02:02:08.000Z", "inferenceStatus": "not-loaded"}