{"_id": "64c0b6adb85ee9e422281f0a", "id": "111wwwww/2DWDWFCFSV", "modelId": "111wwwww/2DWDWFCFSV", "author": "111wwwww", "sha": "0c0acc83a515b737e64f11b717dcbb091da6fd33", "lastModified": "2023-07-26T06:01:17.000Z", "private": false, "disabled": false, "gated": false, "tags": ["license:bsd-3-clause-clear", "region:us"], "downloads": 0, "likes": 0, "model-index": null, "cardData": {"license": "bsd-3-clause-clear"}, "siblings": [{"rfilename": ".gitattributes"}, {"rfilename": "README.md"}], "spaces": [], "createdAt": "2023-07-26T06:01:17.000Z", "inferenceStatus": "not-loaded"}