{"_id": "64df47323a2db89a3176c590", "id": "1145aa/xjkdh1", "modelId": "1145aa/xjkdh1", "author": "1145aa", "sha": "43d3eeefdf72d18671f38f6a317e0f0926f872b6", "lastModified": "2023-08-18T10:25:54.000Z", "private": false, "disabled": false, "gated": false, "tags": ["license:mit", "region:us"], "downloads": 0, "likes": 0, "model-index": null, "cardData": {"license": "mit"}, "siblings": [{"rfilename": ".gitattributes"}, {"rfilename": "README.md"}], "spaces": [], "createdAt": "2023-08-18T10:25:54.000Z", "inferenceStatus": "not-loaded"}