{"_id": "6505d7fcd8c09885d1f65d96", "id": "117jahfar/my-cats-new", "modelId": "117jahfar/my-cats-new", "author": "117jahfar", "sha": "22fc6340dc18dcd7b74b0184fe34938e08d64c25", "lastModified": "2023-09-16T16:42:49.000Z", "private": false, "disabled": false, "gated": false, "pipeline_tag": "text-to-image", "tags": ["diffusers", "safetensors", "NxtWave-GenAI-Webinar", "text-to-image", "stable-diffusion", "license:creativeml-openrail-m", "autotrain_compatible", "endpoints_compatible", "diffusers:StableDiffusionPipeline", "region:us"], "downloads": 23, "library_name": "diffusers", "likes": 0, "model-index": null, "config": {"diffusers": {"_class_name": "StableDiffusionPipeline"}}, "cardData": {"license": "creativeml-openrail-m", "tags": ["NxtWave-GenAI-Webinar", "text-to-image", "stable-diffusion"]}, "siblings": [{"rfilename": ".gitattributes"}, {"rfilename": "README.md"}, {"rfilename": "feature_extractor/preprocessor_config.json"}, {"rfilename": "model_index.json"}, {"rfilename": "new.ckpt"}, {"rfilename": "safety_checker/config.json"}, {"rfilename": "safety_checker/model.fp16.safetensors"}, {"rfilename": "safety_checker/model.safetensors"}, {"rfilename": "safety_checker/pytorch_model.bin"}, {"rfilename": "safety_checker/pytorch_model.fp16.bin"}, {"rfilename": "sample_images/_45a551e4-4713-4cb1-bb1f-61afb6f70499.jpeg"}, {"rfilename": "sample_images/_5dbca548-e84a-42a1-88e3-02196dbd8d00.jpeg"}, {"rfilename": "sample_images/_752942be-d83f-454f-aa02-b41b33587f33.jpeg"}, {"rfilename": "sample_images/_7c48c337-45e1-47fe-aed5-4ea50ca1b793.jpeg"}, {"rfilename": "scheduler/scheduler_config.json"}, {"rfilename": "text_encoder/config.json"}, {"rfilename": "text_encoder/pytorch_model.bin"}, {"rfilename": "tokenizer/merges.txt"}, {"rfilename": "tokenizer/special_tokens_map.json"}, {"rfilename": "tokenizer/tokenizer_config.json"}, {"rfilename": "tokenizer/vocab.json"}, {"rfilename": "unet/config.json"}, {"rfilename": "unet/diffusion_pytorch_model.bin"}, {"rfilename": "vae/config.json"}, {"rfilename": "vae/diffusion_pytorch_model.bin"}], "spaces": ["allknowingroger/Image-Models-Test148"], "createdAt": "2023-09-16T16:29:48.000Z", "inferenceStatus": "not-loaded"}