{"_id": "642ce7e0ac7e48a03a0ce493", "id": "1191636b/extraterrestrial", "modelId": "1191636b/extraterrestrial", "author": "1191636b", "sha": "7318b1d09a4331c8acbbef55fc7f4b805f4ce1e3", "lastModified": "2023-04-05T03:15:44.000Z", "private": false, "disabled": false, "gated": false, "tags": ["license:wtfpl", "region:us"], "downloads": 0, "likes": 0, "model-index": null, "cardData": {"license": "wtfpl"}, "siblings": [{"rfilename": ".gitattributes"}, {"rfilename": "README.md"}], "spaces": [], "createdAt": "2023-04-05T03:15:44.000Z", "inferenceStatus": "not-loaded"}