{"_id": "64b0be0d2f2f9c345b878962", "id": "11old/11", "modelId": "11old/11", "author": "11old", "sha": "40ad8a6d370c5941a261fd23feca046f607c2370", "lastModified": "2023-07-14T03:16:29.000Z", "private": false, "disabled": false, "gated": false, "tags": ["license:bigscience-bloom-rail-1.0", "region:us"], "downloads": 0, "likes": 0, "model-index": null, "cardData": {"license": "bigscience-bloom-rail-1.0"}, "siblings": [{"rfilename": ".gitattributes"}, {"rfilename": "README.md"}], "spaces": [], "createdAt": "2023-07-14T03:16:29.000Z", "inferenceStatus": "not-loaded"}