{"_id": "65b6d8e72524ac36e767e322", "id": "11sefa11/Sefa", "modelId": "11sefa11/Sefa", "author": "11sefa11", "sha": "589024f59a9ee39d3eaa01eb22cd57f5433db572", "lastModified": "2024-01-28T22:44:55.000Z", "private": false, "disabled": false, "gated": false, "tags": ["license:artistic-2.0", "region:us"], "downloads": 0, "likes": 0, "model-index": null, "cardData": {"license": "artistic-2.0"}, "siblings": [{"rfilename": ".gitattributes"}, {"rfilename": "README.md"}], "spaces": [], "createdAt": "2024-01-28T22:44:55.000Z", "inferenceStatus": "not-loaded"}