{"_id": "645aeec9214503ad17b03ac8", "id": "11Spades/ppo-LunarLander-v2", "modelId": "11Spades/ppo-LunarLander-v2", "author": "11Spades", "sha": "66a8f7657d4cf19a8c904c29b4d5817ed5d681d3", "lastModified": "2023-05-10T01:09:51.000Z", "private": false, "disabled": false, "gated": false, "pipeline_tag": "reinforcement-learning", "tags": ["stable-baselines3", "LunarLander-v2", "deep-reinforcement-learning", "reinforcement-learning", "model-index", "region:us"], "downloads": 0, "library_name": "stable-baselines3", "likes": 0, "model-index": [{"name": "PPO", "results": [{"task": {"type": "reinforcement-learning", "name": "reinforcement-learning"}, "dataset": {"name": "LunarLander-v2", "type": "LunarLander-v2"}, "metrics": [{"type": "mean_reward", "value": "251.83 +/- 33.36", "name": "mean_reward", "verified": false}]}]}], "config": {}, "cardData": {"library_name": "stable-baselines3", "tags": ["LunarLander-v2", "deep-reinforcement-learning", "reinforcement-learning", "stable-baselines3"], "model-index": [{"name": "PPO", "results": [{"task": {"type": "reinforcement-learning", "name": "reinforcement-learning"}, "dataset": {"name": "LunarLander-v2", "type": "LunarLander-v2"}, "metrics": [{"type": "mean_reward", "value": "251.83 +/- 33.36", "name": "mean_reward", "verified": false}]}]}]}, "siblings": [{"rfilename": ".gitattributes"}, {"rfilename": "README.md"}, {"rfilename": "config.json"}, {"rfilename": "lander_model.zip"}, {"rfilename": "lander_model/_stable_baselines3_version"}, {"rfilename": "lander_model/data"}, {"rfilename": "lander_model/policy.optimizer.pth"}, {"rfilename": "lander_model/policy.pth"}, {"rfilename": "lander_model/pytorch_variables.pth"}, {"rfilename": "lander_model/system_info.txt"}, {"rfilename": "replay.mp4"}, {"rfilename": "results.json"}], "spaces": [], "createdAt": "2023-05-10T01:09:29.000Z", "inferenceStatus": "not-loaded"}