{"_id": "65d839bc0a4a54264e3e8fff", "id": "11thhokage/ppo-Huggy", "modelId": "11thhokage/ppo-Huggy", "author": "11thhokage", "sha": "ff7119c4cdcedac3bd03892b0d738ccec9fd8d47", "lastModified": "2024-02-23T06:25:45.000Z", "private": false, "disabled": false, "gated": false, "pipeline_tag": "reinforcement-learning", "tags": ["ml-agents", "tensorboard", "onnx", "Huggy", "deep-reinforcement-learning", "reinforcement-learning", "ML-Agents-Huggy", "region:us"], "downloads": 37, "library_name": "ml-agents", "likes": 0, "model-index": null, "config": {}, "cardData": {"library_name": "ml-agents", "tags": ["Huggy", "deep-reinforcement-learning", "reinforcement-learning", "ML-Agents-Huggy"]}, "siblings": [{"rfilename": ".gitattributes"}, {"rfilename": "Huggy.onnx"}, {"rfilename": "Huggy/Huggy-1199413.onnx"}, {"rfilename": "Huggy/Huggy-1199413.pt"}, {"rfilename": "Huggy/Huggy-1399943.onnx"}, {"rfilename": "Huggy/Huggy-1399943.pt"}, {"rfilename": "Huggy/Huggy-1599987.onnx"}, {"rfilename": "Huggy/Huggy-1599987.pt"}, {"rfilename": "Huggy/Huggy-1799947.onnx"}, {"rfilename": "Huggy/Huggy-1799947.pt"}, {"rfilename": "Huggy/Huggy-199989.onnx"}, {"rfilename": "Huggy/Huggy-199989.pt"}, {"rfilename": "Huggy/Huggy-1999964.onnx"}, {"rfilename": "Huggy/Huggy-1999964.pt"}, {"rfilename": "Huggy/Huggy-2000714.onnx"}, {"rfilename": "Huggy/Huggy-2000714.pt"}, {"rfilename": "Huggy/Huggy-399832.onnx"}, {"rfilename": "Huggy/Huggy-399832.pt"}, {"rfilename": "Huggy/Huggy-599823.onnx"}, {"rfilename": "Huggy/Huggy-599823.pt"}, {"rfilename": "Huggy/Huggy-799776.onnx"}, {"rfilename": "Huggy/Huggy-799776.pt"}, {"rfilename": "Huggy/Huggy-999896.onnx"}, {"rfilename": "Huggy/Huggy-999896.pt"}, {"rfilename": "Huggy/checkpoint.pt"}, {"rfilename": "Huggy/events.out.tfevents.1708665695.64e205cf190b.2898.0"}, {"rfilename": "README.md"}, {"rfilename": "config.json"}, {"rfilename": "configuration.yaml"}, {"rfilename": "run_logs/Player-0.log"}, {"rfilename": "run_logs/timers.json"}, {"rfilename": "run_logs/training_status.json"}], "spaces": [], "createdAt": "2024-02-23T06:22:52.000Z", "inferenceStatus": "not-loaded"}