{"_id": "63bbe13f18e2f66c5e991608", "id": "1223a/my1223", "modelId": "1223a/my1223", "author": "1223a", "sha": "2fe489fee7f7e8794ee46fd1b10ce4be18d87823", "lastModified": "2023-08-10T11:23:03.000Z", "private": false, "disabled": false, "gated": false, "tags": ["license:artistic-2.0", "region:us"], "downloads": 0, "likes": 1, "model-index": null, "cardData": {"license": "artistic-2.0"}, "siblings": [{"rfilename": ".gitattributes"}, {"rfilename": "AhChaloli.safetensors"}, {"rfilename": "Anything-V3.0.vae.pt"}, {"rfilename": "CGALBWV9.1.safetensors"}, {"rfilename": "README.md"}, {"rfilename": "RWKK_V3.safetensors"}, {"rfilename": "Snow_V0.0141.safetensors"}, {"rfilename": "WD4.5-M.safetensors"}, {"rfilename": "cakecat.safetensors"}, {"rfilename": "liuguanghuisu.safetensors"}, {"rfilename": "xianloli.safetensors"}, {"rfilename": "xianmeng.safetensors"}, {"rfilename": "\u9b3c\u6a58\u732b\u9985\u9984\u9968.safetensors"}, {"rfilename": "\u9b3c\u9488\u8349.safetensors"}], "spaces": [], "createdAt": "2023-01-09T09:41:19.000Z", "inferenceStatus": "not-loaded"}