{"_id": "668fc6e844464c66a8d6e034", "id": "1231czx/7b_pmistral_iter3_step125_new", "modelId": "1231czx/7b_pmistral_iter3_step125_new", "author": "1231czx", "sha": "4504791335557b8d0286921e889674e7da49397e", "lastModified": "2024-07-11T11:52:53.000Z", "private": false, "disabled": false, "gated": false, "pipeline_tag": "text-generation", "tags": ["transformers", "safetensors", "mistral", "text-generation", "conversational", "arxiv:1910.09700", "autotrain_compatible", "text-generation-inference", "endpoints_compatible", "region:us"], "downloads": 0, "library_name": "transformers", "widgetData": [{"text": "Hey my name is Julien! How are you?"}, {"text": "Hey my name is Thomas! How are you?"}, {"text": "Hey my name is Mariama! How are you?"}, {"text": "Hey my name is Clara! How are you?"}, {"text": "Hey my name is Julien! How are you?"}, {"text": "Hi."}], "likes": 0, "model-index": null, "config": {"architectures": ["MistralForCausalLM"], "model_type": "mistral", "tokenizer_config": {"bos_token": "<s>", "chat_template": "{%- if messages[0]['role'] == 'system' %}\n    {%- set system_message = messages[0]['content'] %}\n    {%- set loop_messages = messages[1:] %}\n{%- else %}\n    {%- set loop_messages = messages %}\n{%- endif %}\n\n{{- bos_token }}\n{%- for message in loop_messages %}\n    {%- if (message['role'] == 'user') != (loop.index0 % 2 == 0) %}\n        {{- raise_exception('After the optional system message, conversation roles must alternate user/assistant/user/assistant/...') }}\n    {%- endif %}\n    {%- if message['role'] == 'user' %}\n        {%- if loop.first and system_message is defined %}\n            {{- ' [INST] ' + system_message + '\\n\\n' + message['content'] + ' [/INST]' }}\n        {%- else %}\n            {{- ' [INST] ' + message['content'] + ' [/INST]' }}\n        {%- endif %}\n    {%- elif message['role'] == 'assistant' %}\n        {{- ' ' + message['content'] + eos_token}}\n    {%- else %}\n        {{- raise_exception('Only user and assistant roles are supported, with the exception of an initial optional system message!') }}\n    {%- endif %}\n{%- endfor %}\n", "eos_token": "</s>", "pad_token": "[PAD]", "unk_token": "<unk>", "use_default_system_prompt": false}}, "cardData": {"library_name": "transformers", "tags": []}, "transformersInfo": {"auto_model": "AutoModelForCausalLM", "pipeline_tag": "text-generation", "processor": "AutoTokenizer"}, "siblings": [{"rfilename": ".gitattributes"}, {"rfilename": "README.md"}, {"rfilename": "added_tokens.json"}, {"rfilename": "config.json"}, {"rfilename": "generation_config.json"}, {"rfilename": "model-00001-of-00003.safetensors"}, {"rfilename": "model-00002-of-00003.safetensors"}, {"rfilename": "model-00003-of-00003.safetensors"}, {"rfilename": "model.safetensors.index.json"}, {"rfilename": "special_tokens_map.json"}, {"rfilename": "tokenizer.json"}, {"rfilename": "tokenizer.model"}, {"rfilename": "tokenizer_config.json"}], "spaces": [], "createdAt": "2024-07-11T11:50:00.000Z", "safetensors": {"parameters": {"BF16": 7248031744}, "total": 7248031744}, "inferenceStatus": "not-loaded"}