{"_id": "6649051f640bc89c93ee7fbb", "id": "1232eee/NecoArcRUS", "modelId": "1232eee/NecoArcRUS", "author": "1232eee", "sha": "cf4bf753c35d25ae7b5e5409f590d00fd0dadde1", "lastModified": "2024-05-18T19:45:14.000Z", "private": false, "disabled": false, "gated": false, "tags": ["license:openrail", "region:us"], "downloads": 0, "likes": 0, "model-index": null, "cardData": {"license": "openrail"}, "siblings": [{"rfilename": ".gitattributes"}, {"rfilename": "README.md"}, {"rfilename": "necoarcrus.zip"}], "spaces": [], "createdAt": "2024-05-18T19:44:31.000Z", "inferenceStatus": "not-loaded"}