{"_id": "6514245ee97dd459a7e515e1", "id": "1232eee/butters1", "modelId": "1232eee/butters1", "author": "1232eee", "sha": "adc4025a0c2845195e55b59ac9c1153ac53945c0", "lastModified": "2023-09-27T12:47:26.000Z", "private": false, "disabled": false, "gated": false, "tags": ["license:other", "region:us"], "downloads": 0, "likes": 0, "model-index": null, "cardData": {"license": "other"}, "siblings": [{"rfilename": ".gitattributes"}, {"rfilename": "README.md"}], "spaces": [], "createdAt": "2023-09-27T12:47:26.000Z", "inferenceStatus": "not-loaded"}