{"_id": "662992a3884c27b54ccd47e9", "id": "1232eee/AmbushBoleet", "modelId": "1232eee/AmbushBoleet", "author": "1232eee", "sha": "d8acabd3d3b6665e6d7203156e627658db7f62f9", "lastModified": "2024-04-24T23:16:25.000Z", "private": false, "disabled": false, "gated": false, "tags": ["license:openrail", "region:us"], "downloads": 0, "likes": 0, "model-index": null, "cardData": {"license": "openrail"}, "siblings": [{"rfilename": ".gitattributes"}, {"rfilename": "AmbushBoleet.zip"}, {"rfilename": "README.md"}], "spaces": [], "createdAt": "2024-04-24T23:15:47.000Z", "inferenceStatus": "not-loaded"}