{"_id": "651450a232fed9496ab191f8", "id": "1232eee/necoarc", "modelId": "1232eee/necoarc", "author": "1232eee", "sha": "aca2805111f520383cc6a1c2d7a5945c05f3cba1", "lastModified": "2023-09-27T15:58:04.000Z", "private": false, "disabled": false, "gated": false, "tags": ["license:openrail", "region:us"], "downloads": 0, "likes": 0, "model-index": null, "cardData": {"license": "openrail"}, "siblings": [{"rfilename": ".gitattributes"}, {"rfilename": "README.md"}, {"rfilename": "neco_arc.zip"}], "spaces": [], "createdAt": "2023-09-27T15:56:18.000Z", "inferenceStatus": "not-loaded"}