{"_id": "660aee1bc201aee8909a364a", "id": "1232eee/MsCircleRUSExperimental", "modelId": "1232eee/MsCircleRUSExperimental", "author": "1232eee", "sha": "d2d1ad7440e0a98454e900fd32b0a62a2132526e", "lastModified": "2024-04-01T17:27:50.000Z", "private": false, "disabled": false, "gated": false, "tags": ["license:openrail", "region:us"], "downloads": 0, "likes": 0, "model-index": null, "cardData": {"license": "openrail"}, "siblings": [{"rfilename": ".gitattributes"}, {"rfilename": "MsCircleRUS.zip"}, {"rfilename": "README.md"}], "spaces": [], "createdAt": "2024-04-01T17:25:47.000Z", "inferenceStatus": "not-loaded"}