{"_id": "65e097f9516f9405b0bf5fed", "id": "1232eee/kseparemake", "modelId": "1232eee/kseparemake", "author": "1232eee", "sha": "4b25870dd1f7c352160d41acd0134c4f354a48a8", "lastModified": "2024-02-29T14:43:55.000Z", "private": false, "disabled": false, "gated": false, "tags": ["license:openrail", "region:us"], "downloads": 0, "likes": 0, "model-index": null, "cardData": {"license": "openrail"}, "siblings": [{"rfilename": ".gitattributes"}, {"rfilename": "KsepaRemake.zip"}, {"rfilename": "README.md"}], "spaces": [], "createdAt": "2024-02-29T14:43:05.000Z", "inferenceStatus": "not-loaded"}