{"_id": "65a074ff5dce70a30205555e", "id": "1232eee/faniiildemo", "modelId": "1232eee/faniiildemo", "author": "1232eee", "sha": "7f2e4d5e00ed1c604f73e239e76cc69371e26638", "lastModified": "2024-01-11T23:09:55.000Z", "private": false, "disabled": false, "gated": false, "tags": ["license:openrail", "region:us"], "downloads": 0, "likes": 0, "model-index": null, "cardData": {"license": "openrail"}, "siblings": [{"rfilename": ".gitattributes"}, {"rfilename": "README.md"}, {"rfilename": "faniildemo.zip"}], "spaces": [], "createdAt": "2024-01-11T23:08:47.000Z", "inferenceStatus": "not-loaded"}