{"_id": "663ea95764f847d2f352e321", "id": "1232eee/ChikoFaniFull", "modelId": "1232eee/ChikoFaniFull", "author": "1232eee", "sha": "5590049ad126738cbe15d12d7bfb843a85bb1293", "lastModified": "2024-05-10T23:10:49.000Z", "private": false, "disabled": false, "gated": false, "tags": ["license:openrail", "region:us"], "downloads": 0, "likes": 0, "model-index": null, "cardData": {"license": "openrail"}, "siblings": [{"rfilename": ".gitattributes"}, {"rfilename": "ChikoFaniFull.zip"}, {"rfilename": "README.md"}], "spaces": [], "createdAt": "2024-05-10T23:10:15.000Z", "inferenceStatus": "not-loaded"}