{"_id": "6520964b1e346fd4b8fda89a", "id": "1232eee/sonicexe", "modelId": "1232eee/sonicexe", "author": "1232eee", "sha": "b3d0baf6ee395ca003b6a0d106d47f35fbf5ab58", "lastModified": "2023-10-06T23:21:24.000Z", "private": false, "disabled": false, "gated": false, "tags": ["license:openrail", "region:us"], "downloads": 0, "likes": 0, "model-index": null, "cardData": {"license": "openrail"}, "siblings": [{"rfilename": ".gitattributes"}, {"rfilename": "README.md"}, {"rfilename": "sonicexe.zip"}], "spaces": [], "createdAt": "2023-10-06T23:20:43.000Z", "inferenceStatus": "not-loaded"}