{"_id": "666c90ef65901a559f119f1e", "id": "1232eee/cxcx", "modelId": "1232eee/cxcx", "author": "1232eee", "sha": "bbfbb8887aba3489c7ed2b2621ae3d5a853f22c7", "lastModified": "2024-06-14T18:50:41.000Z", "private": false, "disabled": false, "gated": false, "tags": ["license:openrail", "region:us"], "downloads": 0, "likes": 0, "model-index": null, "cardData": {"license": "openrail"}, "siblings": [{"rfilename": ".gitattributes"}, {"rfilename": "README.md"}, {"rfilename": "millie-10.safetensors"}], "spaces": [], "createdAt": "2024-06-14T18:50:23.000Z", "inferenceStatus": "not-loaded"}