{"_id": "6625421daa00f723f4832da2", "id": "1232eee/JingleDlyaPacanov", "modelId": "1232eee/JingleDlyaPacanov", "author": "1232eee", "sha": "4722c93ae5475d05f8cd278b75f7b3ed2e8fce85", "lastModified": "2024-04-21T16:43:47.000Z", "private": false, "disabled": false, "gated": false, "tags": ["license:openrail", "region:us"], "downloads": 0, "likes": 0, "model-index": null, "cardData": {"license": "openrail"}, "siblings": [{"rfilename": ".gitattributes"}, {"rfilename": "JingleDlyaPacanov.zip"}, {"rfilename": "README.md"}], "spaces": [], "createdAt": "2024-04-21T16:43:09.000Z", "inferenceStatus": "not-loaded"}