{"_id": "65c38b1827a22c41d8b07a36", "id": "1232eee/moxxie", "modelId": "1232eee/moxxie", "author": "1232eee", "sha": "42eaae0605a1c3393d4c60cb58f5f1524aeee775", "lastModified": "2024-02-07T13:53:37.000Z", "private": false, "disabled": false, "gated": false, "tags": ["license:openrail", "region:us"], "downloads": 0, "likes": 0, "model-index": null, "cardData": {"license": "openrail"}, "siblings": [{"rfilename": ".gitattributes"}, {"rfilename": "README.md"}, {"rfilename": "moxxie.zip"}], "spaces": [], "createdAt": "2024-02-07T13:52:24.000Z", "inferenceStatus": "not-loaded"}