{"_id": "66547dee904cd973f59601f6", "id": "1232eee/FemboyFani", "modelId": "1232eee/FemboyFani", "author": "1232eee", "sha": "275752c4a393f3b0417ea2f5158c41659eb8e565", "lastModified": "2024-05-27T12:35:29.000Z", "private": false, "disabled": false, "gated": false, "tags": ["license:openrail", "region:us"], "downloads": 0, "likes": 0, "model-index": null, "cardData": {"license": "openrail"}, "siblings": [{"rfilename": ".gitattributes"}, {"rfilename": "FemboyFani.zip"}, {"rfilename": "README.md"}], "spaces": [], "createdAt": "2024-05-27T12:34:54.000Z", "inferenceStatus": "not-loaded"}