{"_id": "66045e6345cd11cc7fe39cd4", "id": "12345deena/fakeqlort5", "modelId": "12345deena/fakeqlort5", "author": "12345deena", "sha": "eb68223a0ad848b40de00ad64834bb945752268d", "lastModified": "2024-03-27T19:48:00.000Z", "private": false, "disabled": false, "gated": false, "tags": ["peft", "tensorboard", "safetensors", "generated_from_trainer", "base_model:google-t5/t5-base", "license:apache-2.0", "region:us"], "downloads": 0, "library_name": "peft", "likes": 0, "model-index": [{"name": "fakeqlort5", "results": []}], "config": {"tokenizer_config": {"eos_token": "</s>", "pad_token": "<pad>", "unk_token": "<unk>"}, "peft": {"base_model_name_or_path": "google-t5/t5-base", "task_type": "SEQ_2_SEQ_LM"}}, "cardData": {"license": "apache-2.0", "library_name": "peft", "tags": ["generated_from_trainer"], "metrics": ["rouge"], "base_model": "google-t5/t5-base", "model-index": [{"name": "fakeqlort5", "results": []}]}, "siblings": [{"rfilename": ".gitattributes"}, {"rfilename": "README.md"}, {"rfilename": "adapter_config.json"}, {"rfilename": "adapter_model.safetensors"}, {"rfilename": "runs/Mar27_18-07-33_072591751a8e/events.out.tfevents.1711562858.072591751a8e.581.0"}, {"rfilename": "runs/Mar27_18-22-53_072591751a8e/events.out.tfevents.1711563777.072591751a8e.581.1"}, {"rfilename": "special_tokens_map.json"}, {"rfilename": "spiece.model"}, {"rfilename": "tokenizer.json"}, {"rfilename": "tokenizer_config.json"}, {"rfilename": "training_args.bin"}], "spaces": [], "createdAt": "2024-03-27T17:58:59.000Z", "inferenceStatus": "not-loaded"}