{"_id": "65f5a40b5528c0b13ad3d2a4", "id": "12345deena/longt5", "modelId": "12345deena/longt5", "author": "12345deena", "sha": "14116512a02237865563967c7216653ebe1514be", "lastModified": "2024-03-17T17:52:05.000Z", "private": false, "disabled": false, "gated": false, "tags": ["peft", "tensorboard", "safetensors", "generated_from_trainer", "base_model:google/long-t5-tglobal-base", "license:apache-2.0", "region:us"], "downloads": 0, "library_name": "peft", "likes": 0, "model-index": [{"name": "longt5", "results": []}], "config": {"tokenizer_config": {"eos_token": "</s>", "pad_token": "<pad>", "unk_token": "<unk>"}, "peft": {"base_model_name_or_path": "google/long-t5-tglobal-base", "task_type": "SEQ_2_SEQ_LM"}}, "cardData": {"license": "apache-2.0", "library_name": "peft", "tags": ["generated_from_trainer"], "metrics": ["rouge"], "base_model": "google/long-t5-tglobal-base", "model-index": [{"name": "longt5", "results": []}]}, "siblings": [{"rfilename": ".gitattributes"}, {"rfilename": "README.md"}, {"rfilename": "adapter_config.json"}, {"rfilename": "adapter_model.safetensors"}, {"rfilename": "runs/Mar17_15-47-46_3cb69954fc2a/events.out.tfevents.1710690485.3cb69954fc2a.192.0"}, {"rfilename": "runs/Mar17_15-48-29_3cb69954fc2a/events.out.tfevents.1710690512.3cb69954fc2a.192.1"}, {"rfilename": "runs/Mar17_15-48-42_3cb69954fc2a/events.out.tfevents.1710690527.3cb69954fc2a.192.2"}, {"rfilename": "special_tokens_map.json"}, {"rfilename": "spiece.model"}, {"rfilename": "tokenizer.json"}, {"rfilename": "tokenizer_config.json"}, {"rfilename": "training_args.bin"}], "spaces": [], "createdAt": "2024-03-16T13:52:11.000Z", "inferenceStatus": "not-loaded"}