{"_id": "65dff7d24de6f5d566540064", "id": "12345deena/t5absbase", "modelId": "12345deena/t5absbase", "author": "12345deena", "sha": "5b5007c8418f6f27e63b4b448e07084cd0df6043", "lastModified": "2024-02-29T03:46:21.000Z", "private": false, "disabled": false, "gated": false, "tags": ["tensorboard", "safetensors", "region:us"], "downloads": 0, "likes": 0, "config": {"tokenizer_config": {"eos_token": "</s>", "pad_token": "<pad>", "unk_token": "<unk>"}}, "siblings": [{"rfilename": ".gitattributes"}, {"rfilename": "adapter_config.json"}, {"rfilename": "adapter_model.safetensors"}, {"rfilename": "runs/Feb29_03-22-36_65b783b4a28f/events.out.tfevents.1709176973.65b783b4a28f.272.1"}, {"rfilename": "special_tokens_map.json"}, {"rfilename": "spiece.model"}, {"rfilename": "tokenizer.json"}, {"rfilename": "tokenizer_config.json"}, {"rfilename": "training_args.bin"}], "spaces": [], "createdAt": "2024-02-29T03:19:46.000Z", "inferenceStatus": "not-loaded"}