{"_id": "660017b54d7ed9ef944be818", "id": "12345deena/t5baseofb4", "modelId": "12345deena/t5baseofb4", "author": "12345deena", "sha": "15d457fa348ee12ff1cbb5d6988091fbb0896f21", "lastModified": "2024-03-24T18:18:19.000Z", "private": false, "disabled": false, "gated": false, "pipeline_tag": "text2text-generation", "tags": ["transformers", "tensorboard", "safetensors", "t5", "text2text-generation", "generated_from_trainer", "base_model:google-t5/t5-base", "license:apache-2.0", "autotrain_compatible", "text-generation-inference", "endpoints_compatible", "region:us"], "downloads": 0, "library_name": "transformers", "likes": 0, "model-index": [{"name": "t5baseofb4", "results": []}], "config": {"architectures": ["T5ForConditionalGeneration"], "model_type": "t5"}, "cardData": {"license": "apache-2.0", "base_model": "google-t5/t5-base", "tags": ["generated_from_trainer"], "model-index": [{"name": "t5baseofb4", "results": []}]}, "transformersInfo": {"auto_model": "AutoModelForSeq2SeqLM", "pipeline_tag": "text2text-generation", "processor": "AutoTokenizer"}, "siblings": [{"rfilename": ".gitattributes"}, {"rfilename": "README.md"}, {"rfilename": "config.json"}, {"rfilename": "generation_config.json"}, {"rfilename": "model.safetensors"}, {"rfilename": "runs/Mar24_16-13-04_54271c3fa196/events.out.tfevents.1711296788.54271c3fa196.1146.0"}, {"rfilename": "training_args.bin"}], "spaces": [], "createdAt": "2024-03-24T12:08:21.000Z", "safetensors": {"parameters": {"F32": 222903552}, "total": 222903552}, "inferenceStatus": "not-loaded"}