{"_id": "6607bbde48408366cce6206f", "id": "12345deena/t5basedfinedqlort5", "modelId": "12345deena/t5basedfinedqlort5", "author": "12345deena", "sha": "e160a25fcaeeef623fcf645594db4408b1ecc714", "lastModified": "2024-03-30T09:06:53.000Z", "private": false, "disabled": false, "gated": false, "tags": ["peft", "tensorboard", "safetensors", "generated_from_trainer", "base_model:google-t5/t5-base", "license:apache-2.0", "region:us"], "downloads": 0, "library_name": "peft", "likes": 0, "model-index": [{"name": "t5basedfinedqlort5", "results": []}], "config": {"tokenizer_config": {"eos_token": "</s>", "pad_token": "<pad>", "unk_token": "<unk>"}, "peft": {"task_type": "SEQ_2_SEQ_LM"}}, "cardData": {"license": "apache-2.0", "library_name": "peft", "tags": ["generated_from_trainer"], "metrics": ["rouge"], "base_model": "google-t5/t5-base", "model-index": [{"name": "t5basedfinedqlort5", "results": []}]}, "siblings": [{"rfilename": ".gitattributes"}, {"rfilename": "README.md"}, {"rfilename": "adapter_config.json"}, {"rfilename": "adapter_model.safetensors"}, {"rfilename": "runs/Mar30_07-14-37_354924165c5f/events.out.tfevents.1711782882.354924165c5f.1200.1"}, {"rfilename": "special_tokens_map.json"}, {"rfilename": "spiece.model"}, {"rfilename": "tokenizer.json"}, {"rfilename": "tokenizer_config.json"}, {"rfilename": "training_args.bin"}], "spaces": [], "createdAt": "2024-03-30T07:14:38.000Z", "inferenceStatus": "not-loaded"}