{"_id": "65d485a10bf9f3702e28874f", "id": "12345deena/t5lar", "modelId": "12345deena/t5lar", "author": "12345deena", "sha": "aff46683cd4ba094dd9677be274bcda075f4cc92", "lastModified": "2024-02-20T11:35:49.000Z", "private": false, "disabled": false, "gated": false, "tags": ["tensorboard", "safetensors", "region:us"], "downloads": 0, "likes": 0, "config": {"tokenizer_config": {"eos_token": "</s>", "pad_token": "</s>", "unk_token": "<unk>"}}, "siblings": [{"rfilename": ".gitattributes"}, {"rfilename": "adapter_config.json"}, {"rfilename": "adapter_model.safetensors"}, {"rfilename": "runs/Feb20_10-55-31_39ba5da658d3/events.out.tfevents.1708426678.39ba5da658d3.591.7"}, {"rfilename": "special_tokens_map.json"}, {"rfilename": "spiece.model"}, {"rfilename": "tokenizer.json"}, {"rfilename": "tokenizer_config.json"}, {"rfilename": "training_args.bin"}], "spaces": [], "createdAt": "2024-02-20T10:57:37.000Z", "inferenceStatus": "not-loaded"}