{"_id": "63c5f6ada70ad8d6897c322e", "id": "1234rtghgg/a", "modelId": "1234rtghgg/a", "author": "1234rtghgg", "sha": "4508db4e19efea2de4637b64227aeae380ad719d", "lastModified": "2023-11-20T03:06:52.000Z", "private": false, "disabled": false, "gated": false, "tags": ["region:us"], "downloads": 0, "likes": 0, "siblings": [{"rfilename": ".gitattributes"}, {"rfilename": "embeddings/Curss.pt"}, {"rfilename": "embeddings/HuTao.pt"}, {"rfilename": "embeddings/Jibril.pt"}, {"rfilename": "embeddings/Keqing.pt"}, {"rfilename": "embeddings/Klee.pt"}, {"rfilename": "embeddings/LOP.pt"}, {"rfilename": "embeddings/Megumin_1000.pt"}, {"rfilename": "embeddings/Nachoneko_Style.pt"}, {"rfilename": "embeddings/Nahida.pt"}, {"rfilename": "embeddings/ahegao_12000.pt"}, {"rfilename": "embeddings/bad-artist.pt"}, {"rfilename": "embeddings/bad-hands-5.pt"}, {"rfilename": "embeddings/bad-image-v2-39000.pt"}, {"rfilename": "embeddings/bad_prompt_version2.pt"}, {"rfilename": "embeddings/centaur-120.pt"}, {"rfilename": "embeddings/corneo_covering_breasts_two_hands.pt"}, {"rfilename": "embeddings/corneo_cowgirl.pt"}, {"rfilename": "embeddings/corneo_pov_oral.pt"}, {"rfilename": "embeddings/corneo_side_deepthroat.pt"}, {"rfilename": "embeddings/corneo_side_doggy.pt"}, {"rfilename": "embeddings/corneo_tentacle_sex.pt"}, {"rfilename": "embeddings/embeddings_gs-13000.pt"}, {"rfilename": "embeddings/felixos8100.pt"}, {"rfilename": "embeddings/fellatio-gesture2.pt"}, {"rfilename": "embeddings/fumoWDSD5050-5000.pt"}, {"rfilename": "embeddings/fumostyle-24000.pt"}, {"rfilename": "embeddings/genshin_sticker.pt"}, {"rfilename": "embeddings/kanibiimu.pt"}, {"rfilename": "embeddings/khyle-style.pt"}, {"rfilename": "embeddings/lam-20000.pt"}, {"rfilename": "embeddings/lamia-73778.pt"}, {"rfilename": "embeddings/line_style.pt"}, {"rfilename": "embeddings/lumine_8.pt"}, {"rfilename": "embeddings/mai_7.pt"}, {"rfilename": "embeddings/mhug.pt"}, {"rfilename": "embeddings/nadegata_15.pt"}, {"rfilename": "embeddings/nanmokaken.pt"}, {"rfilename": "embeddings/quasarcake-style-100000.pt"}, {"rfilename": "embeddings/ransusan.pt"}, {"rfilename": "embeddings/rolua-style.pt"}, {"rfilename": "embeddings/s4l-16500.pt"}, {"rfilename": "embeddings/sitora.pt"}, {"rfilename": "embeddings/vile_prompt3.pt"}, {"rfilename": "embeddings/yuuji4k.pt"}, {"rfilename": "hypernetworks/1l52ve.pt"}, {"rfilename": "hypernetworks/62000.pt"}, {"rfilename": "hypernetworks/Gyate.pt"}, {"rfilename": "hypernetworks/Haru.pt"}, {"rfilename": "hypernetworks/Toru8pWavenChibi_wavenchibiV10a.pt"}, {"rfilename": "hypernetworks/curssHN.pt"}, {"rfilename": "hypernetworks/ez2djae.pt"}, {"rfilename": "hypernetworks/hyperfumostyle-12000.pt"}, {"rfilename": "hypernetworks/ixyart3-16000.pt"}, {"rfilename": "hypernetworks/last.pt"}, {"rfilename": "hypernetworks/log4el.pt"}, {"rfilename": "hypernetworks/maruu.pt"}, {"rfilename": "hypernetworks/mj6wn4.pt"}, {"rfilename": "hypernetworks/nekotoufu.pt"}, {"rfilename": "hypernetworks/newhp6.pt"}, {"rfilename": "hypernetworks/nmz_reul2.pt"}, {"rfilename": "hypernetworks/oov1wq.pt"}, {"rfilename": "hypernetworks/osagechan.pt"}, {"rfilename": "hypernetworks/rtelu.pt"}, {"rfilename": "hypernetworks/yapo.pt"}, {"rfilename": "hypernetworks/zankuro-nai2-30000.pt"}, {"rfilename": "loras/1600sLORA.pt"}, {"rfilename": "loras/1659676781956567258.safetensors"}, {"rfilename": "loras/40_yuqikun-000002.ckpt"}, {"rfilename": "loras/4qw5-step00006000.safetensors"}, {"rfilename": "loras/AposeVtuber.safetensors"}, {"rfilename": "loras/BARD713V3.safetensors"}, {"rfilename": "loras/BarbarianT.safetensors"}, {"rfilename": "loras/BimboPhi.safetensors"}, {"rfilename": "loras/Bobotae_Style-20.safetensors"}, {"rfilename": "loras/Chamshheeooll.safetensors"}, {"rfilename": "loras/GI4_8epochs(wral).safetensors"}, {"rfilename": "loras/Hizake.safetensors"}, {"rfilename": "loras/Juukyuu_v1_CT_R-128.safetensors"}, {"rfilename": "loras/NNurse.safetensors"}, {"rfilename": "loras/Pozer.safetensors"}, {"rfilename": "loras/Prettycure v2.safetensors"}, {"rfilename": "loras/ProjectPleaseWork.safetensors"}, {"rfilename": "loras/Q.safetensors"}, {"rfilename": "loras/QuanProfileart_Hard(quanprofileart).safetensors"}, {"rfilename": "loras/REVERINTH_V1-10.safetensors"}, {"rfilename": "loras/Rebecca.safetensors"}, {"rfilename": "loras/SxDol.safetensors"}, {"rfilename": "loras/TUYA5.safetensors"}, {"rfilename": "loras/Telepurte-63.safetensors"}, {"rfilename": "loras/anime screencap.safetensors"}, {"rfilename": "loras/animeoutlineV4_16.safetensors"}, {"rfilename": "loras/anyahehface.safetensors"}, {"rfilename": "loras/artist-crayon.safetensors"}, {"rfilename": "loras/artist-kame_3t.safetensors"}, {"rfilename": "loras/bb (baalbuddy)V3.1.safetensors"}, {"rfilename": "loras/biaoqingbao.safetensors"}, {"rfilename": "loras/chanco.safetensors"}, {"rfilename": "loras/char-paimon.safetensors"}, {"rfilename": "loras/chii_(tsumami_tsumamare).safetensors"}, {"rfilename": "loras/concept-slimegirls.safetensors"}, {"rfilename": "loras/crayons_v1.safetensors"}, {"rfilename": "loras/cutescrap05v_cutescrap3(wral).safetensors"}, {"rfilename": "loras/cuty v2.safetensors"}, {"rfilename": "loras/depressedwaifus.safetensors"}, {"rfilename": "loras/doll2-768-64.safetensors"}, {"rfilename": "loras/eguchi.safetensors"}, {"rfilename": "loras/figma [7e-5](figma, 3d, realistic).safetensors"}, {"rfilename": "loras/fruitsrabbit-512.safetensors"}, {"rfilename": "loras/hieroglyph-10.safetensors"}, {"rfilename": "loras/hitokomoruLORA101_5568.pt"}, {"rfilename": "loras/kanju-000022.safetensors"}, {"rfilename": "loras/koru_koruno\u3010chibi\u3011.safetensors"}, {"rfilename": "loras/kotoyama_style_v01.safetensors"}, {"rfilename": "loras/kuroshiro.safetensors"}, {"rfilename": "loras/limebreaker-12.safetensors"}, {"rfilename": "loras/lycoris_challenge.safetensors"}, {"rfilename": "loras/marikyuun-20.safetensors"}, {"rfilename": "loras/mksks style(pencil).pt"}, {"rfilename": "loras/mkskspose_pose_ep2.pt"}, {"rfilename": "loras/mystia-izakaya-000006.safetensors"}, {"rfilename": "loras/naiguoz\u3010chibi\u3011.safetensors"}, {"rfilename": "loras/nixeu.safetensors"}, {"rfilename": "loras/pvc-v2-lora.pt"}, {"rfilename": "loras/qiu v4.safetensors"}, {"rfilename": "loras/ratatatat74(simple background, fullbody).safetensors"}, {"rfilename": "loras/stkls_klaius-lora.safetensors"}, {"rfilename": "loras/style-akai_sashimi.safetensors"}, {"rfilename": "loras/suujinikuv5.safetensors"}, {"rfilename": "loras/thickline_fp16.safetensors"}, {"rfilename": "loras/tobinge.safetensors"}, {"rfilename": "loras/zko.safetensors"}, {"rfilename": "loras/\u88cf\u65b9\u3010chibi\u3011.safetensors"}, {"rfilename": "loras2/CourtesanT.safetensors"}, {"rfilename": "loras2/DrowT.safetensors"}, {"rfilename": "loras2/LustCorrupt.safetensors"}, {"rfilename": "loras2/Style_fresh bobatae-000004.safetensors"}, {"rfilename": "loras2/TrickcalRevive-Style-beta.safetensors"}, {"rfilename": "loras2/harufive-locon-26.safetensors"}, {"rfilename": "loras2/kiwi style V4.safetensors"}, {"rfilename": "loras2/lrfactory-lf48.safetensors"}, {"rfilename": "loras2/onimai.safetensors"}, {"rfilename": "loras2/the_coffin_of_andy_and_lesley-06.safetensors"}, {"rfilename": "loras2/valbun.safetensors"}, {"rfilename": "lyco/JazzJack-NAI-LyCORIS.safetensors"}, {"rfilename": "lyco/Stripper.safetensors"}, {"rfilename": "models/anyTwamMixedModel_anyTwamMixedModel.safetensors"}, {"rfilename": "models/model-001.ckpt"}, {"rfilename": "pytorch_lora_weights_converted.safetensors"}], "spaces": [], "createdAt": "2023-01-17T01:15:25.000Z", "inferenceStatus": "not-loaded"}