{"_id": "63ef795916a7ef3d13faf2d5", "id": "123aadsaax/111", "modelId": "123aadsaax/111", "author": "123aadsaax", "sha": "c2b72a2d62f5dcf7dab1a120469456b36b6ba3e1", "lastModified": "2023-02-17T12:56:53.000Z", "private": false, "disabled": false, "gated": false, "tags": ["license:creativeml-openrail-m", "region:us"], "downloads": 0, "likes": 0, "model-index": null, "cardData": {"license": "creativeml-openrail-m"}, "siblings": [{"rfilename": ".gitattributes"}, {"rfilename": "README.md"}, {"rfilename": "anbeiqingzhai.safetensors"}], "spaces": [], "createdAt": "2023-02-17T12:55:53.000Z", "inferenceStatus": "not-loaded"}