{"_id": "63d7d4445ccb2bccedb21de3", "id": "123abhiALFLKFO/roberta-base-yelp-polarity-finetuned-sst2", "modelId": "123abhiALFLKFO/roberta-base-yelp-polarity-finetuned-sst2", "author": "123abhiALFLKFO", "sha": "c7836e6cb02b9f4a1f0280a6eab6c2689b552f9b", "lastModified": "2023-01-30T14:46:51.000Z", "private": false, "disabled": false, "gated": false, "pipeline_tag": "text-classification", "tags": ["transformers", "pytorch", "tensorboard", "albert", "text-classification", "autotrain_compatible", "endpoints_compatible", "region:us"], "downloads": 3, "library_name": "transformers", "mask_token": "[MASK]", "widgetData": [{"text": "I like you. I love you"}], "likes": 0, "config": {"architectures": ["AlbertForSequenceClassification"], "model_type": "albert", "tokenizer_config": {"bos_token": "[CLS]", "cls_token": "[CLS]", "eos_token": "[SEP]", "mask_token": {"__type": "AddedToken", "content": "[MASK]", "lstrip": true, "normalized": false, "rstrip": false, "single_word": false}, "pad_token": "<pad>", "sep_token": "[SEP]", "unk_token": "<unk>"}}, "transformersInfo": {"auto_model": "AutoModelForSequenceClassification", "pipeline_tag": "text-classification", "processor": "AutoTokenizer"}, "siblings": [{"rfilename": ".gitattributes"}, {"rfilename": ".gitignore"}, {"rfilename": "config.json"}, {"rfilename": "pytorch_model.bin"}, {"rfilename": "runs/Jan30_14-29-18_0b697844af05/1675088970.8665984/events.out.tfevents.1675088970.0b697844af05.380.1"}, {"rfilename": "runs/Jan30_14-29-18_0b697844af05/events.out.tfevents.1675088970.0b697844af05.380.0"}, {"rfilename": "special_tokens_map.json"}, {"rfilename": "spiece.model"}, {"rfilename": "tokenizer_config.json"}, {"rfilename": "training_args.bin"}], "spaces": [], "createdAt": "2023-01-30T14:29:24.000Z", "inferenceStatus": "not-loaded"}