{"_id": "621ffdc036468d709f174385", "id": "123abhiALFLKFO/albert-base-v2-finetuned-sst2", "modelId": "123abhiALFLKFO/albert-base-v2-finetuned-sst2", "author": "123abhiALFLKFO", "sha": "2eab0af7661abe374099575423186026d4ee6bc6", "lastModified": "2021-08-06T17:06:25.000Z", "private": false, "disabled": false, "gated": false, "tags": ["region:us"], "downloads": 0, "likes": 0, "siblings": [{"rfilename": ".gitattributes"}], "spaces": [], "createdAt": "2022-03-02T23:29:04.000Z", "inferenceStatus": "not-loaded"}