{"_id": "642e5c7ed6d6892408e4501c", "id": "123abcccc/1", "modelId": "123abcccc/1", "author": "123abcccc", "sha": "7439babde7389dfe0dee6b26224466d5e3e59a4a", "lastModified": "2023-04-06T05:47:59.000Z", "private": false, "disabled": false, "gated": false, "tags": ["license:openrail", "region:us"], "downloads": 0, "likes": 0, "model-index": null, "cardData": {"license": "openrail"}, "siblings": [{"rfilename": ".gitattributes"}, {"rfilename": "A-000003.safetensors"}, {"rfilename": "README.md"}], "spaces": [], "createdAt": "2023-04-06T05:45:34.000Z", "inferenceStatus": "not-loaded"}