{"_id": "644cfbd9328c1aa30e3f1d06", "id": "123Kumar/123123", "modelId": "123Kumar/123123", "author": "123Kumar", "sha": "94e71f042942af832ad55669ec95b3d9d6f27f97", "lastModified": "2023-04-29T11:13:29.000Z", "private": false, "disabled": false, "gated": false, "tags": ["license:openrail", "region:us"], "downloads": 0, "likes": 0, "model-index": null, "cardData": {"license": "openrail"}, "siblings": [{"rfilename": ".gitattributes"}, {"rfilename": "README.md"}], "spaces": [], "createdAt": "2023-04-29T11:13:29.000Z", "inferenceStatus": "not-loaded"}