{"_id": "66900d5fd9bea967d89f0015", "id": "123letsgo/Kristal", "modelId": "123letsgo/Kristal", "author": "123letsgo", "sha": "7491762af1d7aff8726ab8663561d3dcff8fe125", "lastModified": "2024-07-11T16:50:39.000Z", "private": false, "disabled": false, "gated": false, "tags": ["license:apache-2.0", "region:us"], "downloads": 0, "likes": 0, "model-index": null, "cardData": {"license": "apache-2.0"}, "siblings": [{"rfilename": ".gitattributes"}, {"rfilename": "README.md"}], "spaces": [], "createdAt": "2024-07-11T16:50:39.000Z", "inferenceStatus": "not-loaded"}