{"_id": "640be4264c0dcc28532bb59d", "id": "123tozi123/my-first-model", "modelId": "123tozi123/my-first-model", "author": "123tozi123", "sha": "a5fd00321d975964d34da93707d9dbc4310f19ba", "lastModified": "2023-03-11T02:15:52.000Z", "private": false, "disabled": false, "gated": false, "tags": ["license:cc-by-sa-3.0", "region:us"], "downloads": 0, "likes": 0, "model-index": null, "cardData": {"license": "cc-by-sa-3.0"}, "siblings": [{"rfilename": ".gitattributes"}, {"rfilename": "README.md"}], "spaces": [], "createdAt": "2023-03-11T02:15:02.000Z", "inferenceStatus": "not-loaded"}