{"_id": "65a699ba0637ea5ccc89a367", "id": "123Tapwater/summarization", "modelId": "123Tapwater/summarization", "author": "123Tapwater", "sha": "1560249dd7c0ada8094a87ffbdfb37545796bc14", "lastModified": "2024-01-16T15:15:45.000Z", "private": false, "disabled": false, "gated": false, "tags": ["license:mit", "region:us"], "downloads": 0, "likes": 0, "model-index": null, "cardData": {"license": "mit"}, "siblings": [{"rfilename": ".gitattributes"}, {"rfilename": "README.md"}, {"rfilename": "summary.py"}], "spaces": [], "createdAt": "2024-01-16T14:59:06.000Z", "inferenceStatus": "not-loaded"}