{"_id": "65b0bbdff346fb4c5db30dfa", "id": "12kaz/antelopev2", "modelId": "12kaz/antelopev2", "author": "12kaz", "sha": "a4abd1815f465d048fcb6bc892c949cf0ecaae3d", "lastModified": "2024-01-24T07:30:48.000Z", "private": false, "disabled": false, "gated": false, "tags": ["onnx", "region:us"], "downloads": 0, "likes": 0, "siblings": [{"rfilename": ".gitattributes"}, {"rfilename": "antelopev2/1k3d68.onnx"}, {"rfilename": "antelopev2/2d106det.onnx"}, {"rfilename": "antelopev2/genderage.onnx"}, {"rfilename": "antelopev2/glintr100.onnx"}, {"rfilename": "antelopev2/scrfd_10g_bnkps.onnx"}], "spaces": [], "createdAt": "2024-01-24T07:27:27.000Z", "inferenceStatus": "not-loaded"}