{"_id": "6621dc122e2575aa8c87be3d", "id": "12thD/I-SOLAR-10.7B-dpo-sft-v0.2", "modelId": "12thD/I-SOLAR-10.7B-dpo-sft-v0.2", "author": "12thD", "sha": "2f8e422f5a0f290e3a978ca6759dfda662820b3c", "lastModified": "2024-04-19T02:56:36.000Z", "private": false, "disabled": false, "gated": false, "pipeline_tag": "text-generation", "tags": ["transformers", "safetensors", "llama", "text-generation", "arxiv:1910.09700", "autotrain_compatible", "text-generation-inference", "endpoints_compatible", "region:us"], "downloads": 77, "library_name": "transformers", "widgetData": [{"text": "My name is Julien and I like to"}, {"text": "My name is Thomas and my main"}, {"text": "My name is Mariama, my favorite"}, {"text": "My name is Clara and I am"}, {"text": "My name is Lewis and I like to"}, {"text": "My name is Merve and my favorite"}, {"text": "My name is Teven and I am"}, {"text": "Once upon a time,"}], "likes": 0, "model-index": null, "config": {"architectures": ["LlamaForCausalLM"], "model_type": "llama", "tokenizer_config": {"bos_token": "<s>", "eos_token": "</s>", "pad_token": "</s>", "unk_token": "<unk>", "use_default_system_prompt": true}}, "cardData": {"library_name": "transformers", "tags": []}, "transformersInfo": {"auto_model": "AutoModelForCausalLM", "pipeline_tag": "text-generation", "processor": "AutoTokenizer"}, "siblings": [{"rfilename": ".gitattributes"}, {"rfilename": "README.md"}, {"rfilename": "config.json"}, {"rfilename": "generation_config.json"}, {"rfilename": "model-00001-of-00005.safetensors"}, {"rfilename": "model-00002-of-00005.safetensors"}, {"rfilename": "model-00003-of-00005.safetensors"}, {"rfilename": "model-00004-of-00005.safetensors"}, {"rfilename": "model-00005-of-00005.safetensors"}, {"rfilename": "model.safetensors.index.json"}, {"rfilename": "special_tokens_map.json"}, {"rfilename": "tokenizer.json"}, {"rfilename": "tokenizer_config.json"}], "spaces": [], "createdAt": "2024-04-19T02:50:58.000Z", "safetensors": {"parameters": {"BF16": 10731524096}, "total": 10731524096}, "inferenceStatus": "not-loaded"}