{"_id": "621ffdc036468d709f17438b", "id": "13048909972/wav2vec2-large-xls-r-300m-tr-colab", "modelId": "13048909972/wav2vec2-large-xls-r-300m-tr-colab", "author": "13048909972", "sha": "40c06d2135b1ce044d045f0ee54e88e24f81b7d6", "lastModified": "2021-12-09T10:24:47.000Z", "private": false, "disabled": false, "gated": false, "pipeline_tag": "automatic-speech-recognition", "tags": ["transformers", "pytorch", "tensorboard", "wav2vec2", "automatic-speech-recognition", "endpoints_compatible", "region:us"], "downloads": 11, "library_name": "transformers", "likes": 0, "config": {"architectures": ["Wav2Vec2ForCTC"], "model_type": "wav2vec2", "tokenizer_config": {"unk_token": "[UNK]", "bos_token": "<s>", "eos_token": "</s>", "pad_token": "[PAD]"}}, "transformersInfo": {"auto_model": "AutoModelForCTC", "pipeline_tag": "automatic-speech-recognition", "processor": "AutoProcessor"}, "siblings": [{"rfilename": ".gitattributes"}, {"rfilename": ".gitignore"}, {"rfilename": "added_tokens.json"}, {"rfilename": "config.json"}, {"rfilename": "preprocessor_config.json"}, {"rfilename": "pytorch_model.bin"}, {"rfilename": "runs/Dec09_18-10-27_cuda11-chengyuanquan-docker/1639044737.9973814/events.out.tfevents.1639044737.cuda11-chengyuanquan-docker.27.1"}, {"rfilename": "runs/Dec09_18-10-27_cuda11-chengyuanquan-docker/events.out.tfevents.1639044737.cuda11-chengyuanquan-docker.27.0"}, {"rfilename": "special_tokens_map.json"}, {"rfilename": "tokenizer_config.json"}, {"rfilename": "training_args.bin"}, {"rfilename": "vocab.json"}], "spaces": [], "createdAt": "2022-03-02T23:29:04.000Z", "inferenceStatus": "not-loaded"}