{"_id": "621ffdc036468d709f17438a", "id": "13048909972/wav2vec2-common_voice-tr-demo", "modelId": "13048909972/wav2vec2-common_voice-tr-demo", "author": "13048909972", "sha": "92c68c2dd3aeb0c9eb5fe79f57bd09e522a1cbbc", "lastModified": "2021-12-09T02:15:30.000Z", "private": false, "disabled": false, "gated": false, "pipeline_tag": "automatic-speech-recognition", "tags": ["transformers", "pytorch", "tensorboard", "wav2vec2", "automatic-speech-recognition", "endpoints_compatible", "region:us"], "downloads": 8, "library_name": "transformers", "likes": 0, "config": {"architectures": ["Wav2Vec2ForCTC"], "model_type": "wav2vec2", "tokenizer_config": {"unk_token": "[UNK]", "bos_token": "<s>", "eos_token": "</s>", "pad_token": "[PAD]"}}, "transformersInfo": {"auto_model": "AutoModelForCTC", "pipeline_tag": "automatic-speech-recognition", "processor": "AutoProcessor"}, "siblings": [{"rfilename": ".gitattributes"}, {"rfilename": ".gitignore"}, {"rfilename": "added_tokens.json"}, {"rfilename": "all_results.json"}, {"rfilename": "config.json"}, {"rfilename": "eval_results.json"}, {"rfilename": "preprocessor_config.json"}, {"rfilename": "pytorch_model.bin"}, {"rfilename": "runs/Dec07_10-36-17_cuda11-chengyuanquan-docker/1638845108.1971111/events.out.tfevents.1638845108.cuda11-chengyuanquan-docker.18617.1"}, {"rfilename": "runs/Dec07_10-36-17_cuda11-chengyuanquan-docker/events.out.tfevents.1638845108.cuda11-chengyuanquan-docker.18617.0"}, {"rfilename": "runs/Dec07_10-36-17_cuda11-chengyuanquan-docker/events.out.tfevents.1638848979.cuda11-chengyuanquan-docker.18617.2"}, {"rfilename": "runs/Dec08_11-28-55_cuda11-chengyuanquan-docker/1638934283.6824749/events.out.tfevents.1638934283.cuda11-chengyuanquan-docker.25731.1"}, {"rfilename": "runs/Dec08_11-28-55_cuda11-chengyuanquan-docker/events.out.tfevents.1638934283.cuda11-chengyuanquan-docker.25731.0"}, {"rfilename": "runs/Dec08_11-28-55_cuda11-chengyuanquan-docker/events.out.tfevents.1638938221.cuda11-chengyuanquan-docker.25731.2"}, {"rfilename": "runs/Dec08_17-19-32_cuda11-chengyuanquan-docker/1638955319.952845/events.out.tfevents.1638955319.cuda11-chengyuanquan-docker.3540.1"}, {"rfilename": "runs/Dec08_17-19-32_cuda11-chengyuanquan-docker/events.out.tfevents.1638955319.cuda11-chengyuanquan-docker.3540.0"}, {"rfilename": "runs/Dec08_17-40-39_cuda11-chengyuanquan-docker/1638956580.0167596/events.out.tfevents.1638956580.cuda11-chengyuanquan-docker.129.1"}, {"rfilename": "runs/Dec08_17-40-39_cuda11-chengyuanquan-docker/events.out.tfevents.1638956580.cuda11-chengyuanquan-docker.129.0"}, {"rfilename": "runs/Dec08_17-40-39_cuda11-chengyuanquan-docker/events.out.tfevents.1638960461.cuda11-chengyuanquan-docker.129.2"}, {"rfilename": "runs/Dec09_09-01-28_cuda11-renwei-docker/1639012200.6069648/events.out.tfevents.1639012200.cuda11-renwei-docker.296.1"}, {"rfilename": "runs/Dec09_09-01-28_cuda11-renwei-docker/events.out.tfevents.1639012200.cuda11-renwei-docker.296.0"}, {"rfilename": "runs/Dec09_09-01-28_cuda11-renwei-docker/events.out.tfevents.1639016073.cuda11-renwei-docker.296.2"}, {"rfilename": "special_tokens_map.json"}, {"rfilename": "tokenizer_config.json"}, {"rfilename": "train_results.json"}, {"rfilename": "trainer_state.json"}, {"rfilename": "training_args.bin"}, {"rfilename": "vocab.json"}], "spaces": [], "createdAt": "2022-03-02T23:29:04.000Z", "inferenceStatus": "not-loaded"}