{"_id": "621ffdc036468d709f17438c", "id": "13048909972/wav2vec2-large-xlsr-53_common_voice_20211210112254", "modelId": "13048909972/wav2vec2-large-xlsr-53_common_voice_20211210112254", "author": "13048909972", "sha": "0a405d93927b1a0505838b961bcf645bfbc3e4c1", "lastModified": "2021-12-10T03:24:08.000Z", "private": false, "disabled": false, "gated": false, "tags": ["region:us"], "downloads": 0, "likes": 0, "siblings": [{"rfilename": ".gitattributes"}], "spaces": [], "createdAt": "2022-03-02T23:29:04.000Z", "inferenceStatus": "not-loaded"}