{"_id": "62e8e02c4210d3fe69ea4b77", "id": "134182AIxuexi/fanal-model", "modelId": "134182AIxuexi/fanal-model", "author": "134182AIxuexi", "sha": "86cb61a5e9f06c41a786fc080952e2bef2bfcf10", "lastModified": "2022-08-02T08:38:19.000Z", "private": false, "disabled": false, "gated": false, "tags": ["transformers", "pytorch", "endpoints_compatible", "region:us"], "downloads": 1, "library_name": "transformers", "likes": 0, "config": {}, "transformersInfo": {"auto_model": "AutoModel"}, "siblings": [{"rfilename": ".gitattributes"}, {"rfilename": "config.json"}, {"rfilename": "pytorch_model.bin"}, {"rfilename": "vocab.txt"}], "spaces": [], "createdAt": "2022-08-02T08:28:28.000Z", "inferenceStatus": "not-loaded"}