{"_id": "636d073a37ff35cd0f441cac", "id": "135790ESERESERESEr/Salem", "modelId": "135790ESERESERESEr/Salem", "author": "135790ESERESERESEr", "sha": "e56ae7c76be4ffb5127021c20bc2933bb548e4a4", "lastModified": "2022-11-10T14:15:28.000Z", "private": false, "disabled": false, "gated": false, "tags": ["region:us"], "downloads": 0, "likes": 0, "siblings": [{"rfilename": ".gitattributes"}, {"rfilename": "README.md"}], "spaces": [], "createdAt": "2022-11-10T14:14:18.000Z", "inferenceStatus": "not-loaded"}