{"_id": "65126bd9301678dc97d3f719", "id": "1358Adrian/rvc_temp_zipped", "modelId": "1358Adrian/rvc_temp_zipped", "author": "1358Adrian", "sha": "cec0034bc2b2835e283fa1ffc9c2ff381a553282", "lastModified": "2024-06-03T03:53:56.000Z", "private": false, "disabled": false, "gated": false, "tags": ["region:us"], "downloads": 0, "likes": 0, "siblings": [{"rfilename": ".gitattributes"}, {"rfilename": "bocchi.zip"}, {"rfilename": "freya_casey_e112_s2240.zip"}, {"rfilename": "guia_e144_s720.zip"}, {"rfilename": "megamedia_nursery_rhymes_singer_e80_s1040.zip"}, {"rfilename": "patricia_janeckova_rvc.zip"}, {"rfilename": "renri_yamine_clear_e30_s1890.zip"}, {"rfilename": "shinobu_kocho.zip"}, {"rfilename": "starfire.zip"}], "spaces": [], "createdAt": "2023-09-26T05:27:53.000Z", "inferenceStatus": "not-loaded"}