{"_id": "643a1427caae308a14750fe8", "id": "1358Adrian/so-vits-svc-rvc-models", "modelId": "1358Adrian/so-vits-svc-rvc-models", "author": "1358Adrian", "sha": "becda8df0d96078022b34480038b3f18e8696f42", "lastModified": "2024-07-02T08:49:44.000Z", "private": false, "disabled": false, "gated": false, "tags": ["en", "ja", "region:us"], "downloads": 0, "likes": 14, "model-index": null, "cardData": {"language": ["en", "ja"]}, "siblings": [{"rfilename": ".gitattributes"}, {"rfilename": "README.md"}, {"rfilename": "RVC_v2_Public_Models/added_IVF1481_Flat_nprobe_1_ai_kizuna_v2.index"}, {"rfilename": "RVC_v2_Public_Models/added_IVF1814_Flat_nprobe_1_yukari_yuzuki_v2.index"}, {"rfilename": "RVC_v2_Public_Models/added_IVF2010_Flat_nprobe_1_rise_kujikawa_v2.index"}, {"rfilename": "RVC_v2_Public_Models/added_IVF409_Flat_nprobe_1_polar_v2.index"}, {"rfilename": "RVC_v2_Public_Models/added_IVF4356_Flat_nprobe_1_rhea_v2.index"}, {"rfilename": "RVC_v2_Public_Models/added_IVF902_Flat_nprobe_1_sucrose_v2.index"}, {"rfilename": "RVC_v2_Public_Models/ai_kizuna_e80_s6800.pth"}, {"rfilename": "RVC_v2_Public_Models/barbara_pegg_e100_s5000.pth"}, {"rfilename": "RVC_v2_Public_Models/caitlin_40k_ov2_e224_s3808.pth"}, {"rfilename": "RVC_v2_Public_Models/caitlin_48k_e224_s3808.zip"}, {"rfilename": "RVC_v2_Public_Models/caitlin_e140_s3080.pth"}, {"rfilename": "RVC_v2_Public_Models/caitlin_partial_dataset_(adobe_podcast_enhanced)_e128_s896.zip"}, {"rfilename": "RVC_v2_Public_Models/caitlin_partial_e190_s2280.zip"}, {"rfilename": "RVC_v2_Public_Models/chifuyu_hanakuma_-1_75key_e192_s2112.zip"}, {"rfilename": "RVC_v2_Public_Models/ei_raiden_e110_s5060.pth"}, {"rfilename": "RVC_v2_Public_Models/eleanor_std_e60_s7260.pth"}, {"rfilename": "RVC_v2_Public_Models/eleanor_std_ov2_e40_s2120.zip"}, {"rfilename": "RVC_v2_Public_Models/fennec_200_v1.zip"}, {"rfilename": "RVC_v2_Public_Models/flayn_e40_s9800.pth"}, {"rfilename": "RVC_v2_Public_Models/karin_natsuki_-2key_e160_s3520.zip"}, {"rfilename": "RVC_v2_Public_Models/lumine_e80_s3120.zip"}, {"rfilename": "RVC_v2_Public_Models/momo_momone_e160_s640.zip"}, {"rfilename": "RVC_v2_Public_Models/polar_e140_s3360.pth"}, {"rfilename": "RVC_v2_Public_Models/rhea_e40_s8480.pth"}, {"rfilename": "RVC_v2_Public_Models/rin_kakushaku_e112_s3136.zip"}, {"rfilename": "RVC_v2_Public_Models/rise_kujikawa_e80_s6240.pth"}, {"rfilename": "RVC_v2_Public_Models/rosa_e150_s6000.pth"}, {"rfilename": "RVC_v2_Public_Models/rosa_shirayuki_e128_s1024.zip"}, {"rfilename": "RVC_v2_Public_Models/seika_kyoumachi_-1key_e96_s768.zip"}, {"rfilename": "RVC_v2_Public_Models/snow_white_kinect_e64_s1536.zip"}, {"rfilename": "RVC_v2_Public_Models/sothis_(adobe_podcast_enhanced)_e70_s3430.zip"}, {"rfilename": "RVC_v2_Public_Models/sothis_e60_s7080.pth"}, {"rfilename": "RVC_v2_Public_Models/sucrose_e100_s5400.pth"}, {"rfilename": "RVC_v2_Public_Models/xiang_ling_sinsy_e128_s3968.pth"}, {"rfilename": "RVC_v2_Public_Models/xiaoye_e70_s910.zip"}, {"rfilename": "RVC_v2_Public_Models/xingchen_infinity_e80_s1920.zip"}, {"rfilename": "RVC_v2_Public_Models/yukari_yuzuki_e48_s5664.pth"}, {"rfilename": "So-VITS_3.0_Public_Models/Barbara_Pegg_G_4000.pth"}, {"rfilename": "So-VITS_3.0_Public_Models/Barbara_Pegg_config.json"}, {"rfilename": "So-VITS_3.0_Public_Models/Caitlin_G_4000.pth"}, {"rfilename": "So-VITS_3.0_Public_Models/Caitlin_config.json"}, {"rfilename": "So-VITS_3.0_Public_Models/Sothis_G_4000.pth"}, {"rfilename": "So-VITS_3.0_Public_Models/Sothis_config.json"}, {"rfilename": "So-VITS_3.0_Public_Models/Sucrose_G_4000.pth"}, {"rfilename": "So-VITS_3.0_Public_Models/Sucrose_config.json"}, {"rfilename": "So-VITS_4.0_Public_Models/Ai_Kizuna_G_6400.pth"}, {"rfilename": "So-VITS_4.0_Public_Models/Ai_Kizuna_config.json"}, {"rfilename": "So-VITS_4.0_Public_Models/Barbara_Pegg_G_6400.pth"}, {"rfilename": "So-VITS_4.0_Public_Models/Barbara_Pegg_config.json"}, {"rfilename": "So-VITS_4.0_Public_Models/Caitlin_G_6400.pth"}, {"rfilename": "So-VITS_4.0_Public_Models/Caitlin_config.json"}, {"rfilename": "So-VITS_4.0_Public_Models/Ei_G_6400.pth"}, {"rfilename": "So-VITS_4.0_Public_Models/Ei_config.json"}, {"rfilename": "So-VITS_4.0_Public_Models/Sothis_G_6400.pth"}, {"rfilename": "So-VITS_4.0_Public_Models/Sothis_config.json"}, {"rfilename": "So-VITS_4.0_Public_Models/Sucrose_G_6400.pth"}, {"rfilename": "So-VITS_4.0_Public_Models/Sucrose_config.json"}, {"rfilename": "So-VITS_4.1_Public_Models/Flayn_G_6400.pth"}, {"rfilename": "So-VITS_4.1_Public_Models/Flayn_config.json"}], "spaces": [], "createdAt": "2023-04-15T03:04:07.000Z", "inferenceStatus": "not-loaded"}