{"_id": "64b6df587a27a0b16ac34160", "id": "13824836546aA/123", "modelId": "13824836546aA/123", "author": "13824836546aA", "sha": "bc145202290b795e43cdf8dc977c0f2619401efd", "lastModified": "2023-09-10T16:26:32.000Z", "private": false, "disabled": false, "gated": false, "tags": ["region:us"], "downloads": 0, "likes": 0, "siblings": [{"rfilename": ".gitattributes"}, {"rfilename": "1686377614505_\u4f55\u4f3c\u5728\u4eba\u95f4.safetensors"}, {"rfilename": "a"}, {"rfilename": "add_detail.safetensors"}, {"rfilename": "b.zip"}, {"rfilename": "c.zip"}, {"rfilename": "codeformer.pth"}, {"rfilename": "control_v11f1e_sd15_tile.pth"}, {"rfilename": "control_v11f1p_sd15_depth.pth"}, {"rfilename": "control_v11p_sd15_canny.pth"}, {"rfilename": "control_v11p_sd15_lineart.pth"}, {"rfilename": "control_v11p_sd15_openpose.pth"}, {"rfilename": "d.zip"}, {"rfilename": "darkSushiMixMix_225D.safetensors"}, {"rfilename": "detection_Resnet50_Final.pth"}, {"rfilename": "ghostmix_v20Bakedvae.safetensors"}, {"rfilename": "hxg_v10.safetensors"}, {"rfilename": "majicmixSombre_v20.safetensors"}, {"rfilename": "oukaGufeng_s1.safetensors"}, {"rfilename": "parsing_parsenet.pth"}, {"rfilename": "qteamixQ_omegaFp16.safetensors"}, {"rfilename": "revAnimated_v122.safetensors"}, {"rfilename": "revsoap28dVaebaked_v10.ckpt"}, {"rfilename": "sd-webui-controlnet.zip"}, {"rfilename": "sd-webui-mov2mov.zip"}, {"rfilename": "sk_model2.pth"}, {"rfilename": "tmndMix_tmndMixVIPruned.safetensors"}, {"rfilename": "\u5fa1\u6c34 yushui.safetensors"}, {"rfilename": "\u5fa1\u706b.safetensors"}, {"rfilename": "\u5fa1\u91d1roujinzhi.safetensors"}, {"rfilename": "\u5fa1\u96f7leilinggeng.safetensors"}], "spaces": [], "createdAt": "2023-07-18T18:52:08.000Z", "inferenceStatus": "not-loaded"}