{"_id": "66225c102e46887f72c0f168", "id": "13bluecity/turkishReviews-ds-mini", "modelId": "13bluecity/turkishReviews-ds-mini", "author": "13bluecity", "sha": "7cfe27f7e4a81c00e4afbaa79c907e7ca044d839", "lastModified": "2024-04-23T11:33:26.000Z", "private": false, "disabled": false, "gated": false, "pipeline_tag": "text-generation", "tags": ["transformers", "tf", "gpt2", "text-generation", "generated_from_keras_callback", "base_model:gpt2", "license:mit", "autotrain_compatible", "text-generation-inference", "endpoints_compatible", "region:us"], "downloads": 1, "library_name": "transformers", "widgetData": [{"text": "My name is Julien and I like to"}, {"text": "My name is Thomas and my main"}, {"text": "My name is Mariama, my favorite"}, {"text": "My name is Clara and I am"}, {"text": "My name is Lewis and I like to"}, {"text": "My name is Merve and my favorite"}, {"text": "My name is Teven and I am"}, {"text": "Once upon a time,"}], "likes": 0, "model-index": [{"name": "turkishReviews-ds-mini", "results": []}], "config": {"architectures": ["GPT2LMHeadModel"], "model_type": "gpt2"}, "cardData": {"license": "mit", "base_model": "gpt2", "tags": ["generated_from_keras_callback"], "model-index": [{"name": "turkishReviews-ds-mini", "results": []}]}, "transformersInfo": {"auto_model": "AutoModelForCausalLM", "pipeline_tag": "text-generation", "processor": "AutoTokenizer"}, "siblings": [{"rfilename": ".gitattributes"}, {"rfilename": "README.md"}, {"rfilename": "config.json"}, {"rfilename": "generation_config.json"}, {"rfilename": "tf_model.h5"}], "spaces": [], "createdAt": "2024-04-19T11:57:04.000Z", "inferenceStatus": "not-loaded"}