{"_id": "65309e1c7f48d277deb0cab1", "id": "148645chao/drill", "modelId": "148645chao/drill", "author": "148645chao", "sha": "6dfcf673150b558203b1d2b7532e990395a09b2e", "lastModified": "2023-10-19T03:10:20.000Z", "private": false, "disabled": false, "gated": false, "tags": ["license:apache-2.0", "region:us"], "downloads": 0, "likes": 0, "model-index": null, "cardData": {"license": "apache-2.0"}, "siblings": [{"rfilename": ".gitattributes"}, {"rfilename": "README.md"}], "spaces": [], "createdAt": "2023-10-19T03:10:20.000Z", "inferenceStatus": "not-loaded"}