{"_id": "6646c89ecd9efcae8268f0b7", "id": "14rohnisingh/peft-starcoder-lora-a100", "modelId": "14rohnisingh/peft-starcoder-lora-a100", "author": "14rohnisingh", "sha": "fccbe8fdeef1488725d361e058e3ccb28ebf0c51", "lastModified": "2024-05-20T23:13:29.000Z", "private": false, "disabled": false, "gated": false, "tags": ["peft", "tensorboard", "safetensors", "generated_from_trainer", "base_model:bigcode/starcoderbase-1b", "license:bigcode-openrail-m", "region:us"], "downloads": 2, "library_name": "peft", "likes": 0, "model-index": [{"name": "peft-starcoder-lora-a100", "results": []}], "config": {"peft": {"base_model_name_or_path": "bigcode/starcoderbase-1b", "task_type": "CAUSAL_LM"}}, "cardData": {"license": "bigcode-openrail-m", "library_name": "peft", "tags": ["generated_from_trainer"], "base_model": "bigcode/starcoderbase-1b", "model-index": [{"name": "peft-starcoder-lora-a100", "results": []}]}, "siblings": [{"rfilename": ".gitattributes"}, {"rfilename": "README.md"}, {"rfilename": "adapter_config.json"}, {"rfilename": "adapter_model.safetensors"}, {"rfilename": "runs/May20_22-21-30_c6ee5a541fab/events.out.tfevents.1716243700.c6ee5a541fab.14386.0"}, {"rfilename": "runs/May20_22-49-52_c6ee5a541fab/events.out.tfevents.1716245401.c6ee5a541fab.14386.1"}, {"rfilename": "training_args.bin"}], "spaces": [], "createdAt": "2024-05-17T03:01:50.000Z", "inferenceStatus": "not-loaded"}