{"_id": "65c48873992fd48561e78860", "id": "152334H/miqu-1-70b-hermes2.5-qlora", "modelId": "152334H/miqu-1-70b-hermes2.5-qlora", "author": "152334H", "sha": "7c164f48faf36e8a5e4124ff12489920db3f53f3", "lastModified": "2024-02-08T07:54:21.000Z", "private": false, "disabled": false, "gated": false, "tags": ["peft", "safetensors", "llama", "generated_from_trainer", "base_model:152334H/miqu-1-70b-sf", "4-bit", "bitsandbytes", "region:us"], "downloads": 1, "library_name": "peft", "likes": 4, "model-index": [{"name": "qlora-hermes", "results": []}], "config": {"architectures": ["LlamaForCausalLM"], "model_type": "llama", "quantization_config": {"load_in_4bit": true, "load_in_8bit": false, "quant_method": "bitsandbytes"}, "tokenizer_config": {"bos_token": "<s>", "chat_template": "{{ bos_token }}{% for message in messages %}{% if (message['role'] == 'user') != (loop.index0 % 2 == 0) %}{{ raise_exception('Conversation roles must alternate user/assistant/user/assistant/...') }}{% endif %}{% if message['role'] == 'user' %}{{ '[INST] ' + message['content'] + ' [/INST]' }}{% elif message['role'] == 'assistant' %}{{ message['content'] + eos_token}}{% else %}{{ raise_exception('Only user and assistant roles are supported!') }}{% endif %}{% endfor %}", "eos_token": "<|im_end|>", "pad_token": "<unk>", "unk_token": "<unk>", "use_default_system_prompt": false}, "peft": {"base_model_name_or_path": "152334H/miqu-1-70b-sf", "task_type": "CAUSAL_LM"}}, "cardData": {"library_name": "peft", "tags": ["generated_from_trainer"], "base_model": "152334H/miqu-1-70b-sf", "model-index": [{"name": "qlora-hermes", "results": []}]}, "siblings": [{"rfilename": ".gitattributes"}, {"rfilename": "README.md"}, {"rfilename": "adapter_config.json"}, {"rfilename": "adapter_model.safetensors"}, {"rfilename": "added_tokens.json"}, {"rfilename": "config.json"}, {"rfilename": "special_tokens_map.json"}, {"rfilename": "tokenizer.model"}, {"rfilename": "tokenizer_config.json"}], "spaces": [], "createdAt": "2024-02-08T07:53:23.000Z", "inferenceStatus": "not-loaded"}