{"_id": "65b91299c9aa94b1ca7875a2", "id": "152334H/miqu-1-70b-sf", "modelId": "152334H/miqu-1-70b-sf", "author": "152334H", "sha": "1dca4cce36f01f2104ee2e6b97bac6ff7bb300c1", "lastModified": "2024-02-05T13:10:18.000Z", "private": false, "disabled": false, "gated": false, "pipeline_tag": "text-generation", "tags": ["transformers", "safetensors", "llama", "text-generation", "conversational", "en", "model-index", "autotrain_compatible", "text-generation-inference", "endpoints_compatible", "region:us"], "downloads": 7150, "library_name": "transformers", "widgetData": [{"text": "Hey my name is Julien! How are you?"}, {"text": "Hey my name is Thomas! How are you?"}, {"text": "Hey my name is Mariama! How are you?"}, {"text": "Hey my name is Clara! How are you?"}, {"text": "Hey my name is Julien! How are you?"}, {"text": "Hi."}], "likes": 218, "model-index": [{"name": "miqu-1-70b-sf", "results": [{"task": {"type": "text-generation", "name": "Text Generation"}, "dataset": {"name": "AI2 Reasoning Challenge (25-Shot)", "type": "ai2_arc", "config": "ARC-Challenge", "split": "test", "args": {"num_few_shot": 25}}, "metrics": [{"type": "acc_norm", "value": 73.04, "name": "normalized accuracy", "verified": false}], "source": {"url": "https://huggingface.co/spaces/HuggingFaceH4/open_llm_leaderboard?query=152334H/miqu-1-70b-sf", "name": "Open LLM Leaderboard"}}, {"task": {"type": "text-generation", "name": "Text Generation"}, "dataset": {"name": "HellaSwag (10-Shot)", "type": "hellaswag", "split": "validation", "args": {"num_few_shot": 10}}, "metrics": [{"type": "acc_norm", "value": 88.61, "name": "normalized accuracy", "verified": false}], "source": {"url": "https://huggingface.co/spaces/HuggingFaceH4/open_llm_leaderboard?query=152334H/miqu-1-70b-sf", "name": "Open LLM Leaderboard"}}, {"task": {"type": "text-generation", "name": "Text Generation"}, "dataset": {"name": "MMLU (5-Shot)", "type": "cais/mmlu", "config": "all", "split": "test", "args": {"num_few_shot": 5}}, "metrics": [{"type": "acc", "value": 75.49, "name": "accuracy", "verified": false}], "source": {"url": "https://huggingface.co/spaces/HuggingFaceH4/open_llm_leaderboard?query=152334H/miqu-1-70b-sf", "name": "Open LLM Leaderboard"}}, {"task": {"type": "text-generation", "name": "Text Generation"}, "dataset": {"name": "TruthfulQA (0-shot)", "type": "truthful_qa", "config": "multiple_choice", "split": "validation", "args": {"num_few_shot": 0}}, "metrics": [{"type": "mc2", "value": 69.38, "verified": false}], "source": {"url": "https://huggingface.co/spaces/HuggingFaceH4/open_llm_leaderboard?query=152334H/miqu-1-70b-sf", "name": "Open LLM Leaderboard"}}, {"task": {"type": "text-generation", "name": "Text Generation"}, "dataset": {"name": "Winogrande (5-shot)", "type": "winogrande", "config": "winogrande_xl", "split": "validation", "args": {"num_few_shot": 5}}, "metrics": [{"type": "acc", "value": 85.32, "name": "accuracy", "verified": false}], "source": {"url": "https://huggingface.co/spaces/HuggingFaceH4/open_llm_leaderboard?query=152334H/miqu-1-70b-sf", "name": "Open LLM Leaderboard"}}, {"task": {"type": "text-generation", "name": "Text Generation"}, "dataset": {"name": "GSM8k (5-shot)", "type": "gsm8k", "config": "main", "split": "test", "args": {"num_few_shot": 5}}, "metrics": [{"type": "acc", "value": 67.7, "name": "accuracy", "verified": false}], "source": {"url": "https://huggingface.co/spaces/HuggingFaceH4/open_llm_leaderboard?query=152334H/miqu-1-70b-sf", "name": "Open LLM Leaderboard"}}]}], "config": {"architectures": ["LlamaForCausalLM"], "model_type": "llama", "tokenizer_config": {"bos_token": "<s>", "eos_token": "</s>", "pad_token": "<unk>", "unk_token": "<unk>", "use_default_system_prompt": false, "chat_template": "{{ bos_token }}{% for message in messages %}{% if (message['role'] == 'user') != (loop.index0 % 2 == 0) %}{{ raise_exception('Conversation roles must alternate user/assistant/user/assistant/...') }}{% endif %}{% if message['role'] == 'user' %}{{ '[INST] ' + message['content'] + ' [/INST]' }}{% elif message['role'] == 'assistant' %}{{ message['content'] + eos_token}}{% else %}{{ raise_exception('Only user and assistant roles are supported!') }}{% endif %}{% endfor %}"}}, "cardData": {"model-index": [{"name": "miqu-1-70b-sf", "results": [{"task": {"type": "text-generation", "name": "Text Generation"}, "dataset": {"name": "AI2 Reasoning Challenge (25-Shot)", "type": "ai2_arc", "config": "ARC-Challenge", "split": "test", "args": {"num_few_shot": 25}}, "metrics": [{"type": "acc_norm", "value": 73.04, "name": "normalized accuracy", "verified": false}], "source": {"url": "https://huggingface.co/spaces/HuggingFaceH4/open_llm_leaderboard?query=152334H/miqu-1-70b-sf", "name": "Open LLM Leaderboard"}}, {"task": {"type": "text-generation", "name": "Text Generation"}, "dataset": {"name": "HellaSwag (10-Shot)", "type": "hellaswag", "split": "validation", "args": {"num_few_shot": 10}}, "metrics": [{"type": "acc_norm", "value": 88.61, "name": "normalized accuracy", "verified": false}], "source": {"url": "https://huggingface.co/spaces/HuggingFaceH4/open_llm_leaderboard?query=152334H/miqu-1-70b-sf", "name": "Open LLM Leaderboard"}}, {"task": {"type": "text-generation", "name": "Text Generation"}, "dataset": {"name": "MMLU (5-Shot)", "type": "cais/mmlu", "config": "all", "split": "test", "args": {"num_few_shot": 5}}, "metrics": [{"type": "acc", "value": 75.49, "name": "accuracy", "verified": false}], "source": {"url": "https://huggingface.co/spaces/HuggingFaceH4/open_llm_leaderboard?query=152334H/miqu-1-70b-sf", "name": "Open LLM Leaderboard"}}, {"task": {"type": "text-generation", "name": "Text Generation"}, "dataset": {"name": "TruthfulQA (0-shot)", "type": "truthful_qa", "config": "multiple_choice", "split": "validation", "args": {"num_few_shot": 0}}, "metrics": [{"type": "mc2", "value": 69.38, "verified": false}], "source": {"url": "https://huggingface.co/spaces/HuggingFaceH4/open_llm_leaderboard?query=152334H/miqu-1-70b-sf", "name": "Open LLM Leaderboard"}}, {"task": {"type": "text-generation", "name": "Text Generation"}, "dataset": {"name": "Winogrande (5-shot)", "type": "winogrande", "config": "winogrande_xl", "split": "validation", "args": {"num_few_shot": 5}}, "metrics": [{"type": "acc", "value": 85.32, "name": "accuracy", "verified": false}], "source": {"url": "https://huggingface.co/spaces/HuggingFaceH4/open_llm_leaderboard?query=152334H/miqu-1-70b-sf", "name": "Open LLM Leaderboard"}}, {"task": {"type": "text-generation", "name": "Text Generation"}, "dataset": {"name": "GSM8k (5-shot)", "type": "gsm8k", "config": "main", "split": "test", "args": {"num_few_shot": 5}}, "metrics": [{"type": "acc", "value": 67.7, "name": "accuracy", "verified": false}], "source": {"url": "https://huggingface.co/spaces/HuggingFaceH4/open_llm_leaderboard?query=152334H/miqu-1-70b-sf", "name": "Open LLM Leaderboard"}}]}], "language": ["en"]}, "transformersInfo": {"auto_model": "AutoModelForCausalLM", "pipeline_tag": "text-generation", "processor": "AutoTokenizer"}, "siblings": [{"rfilename": ".gitattributes"}, {"rfilename": "README.md"}, {"rfilename": "config.json"}, {"rfilename": "generation_config.json"}, {"rfilename": "model-00001-of-00029.safetensors"}, {"rfilename": "model-00002-of-00029.safetensors"}, {"rfilename": "model-00003-of-00029.safetensors"}, {"rfilename": "model-00004-of-00029.safetensors"}, {"rfilename": "model-00005-of-00029.safetensors"}, {"rfilename": "model-00006-of-00029.safetensors"}, {"rfilename": "model-00007-of-00029.safetensors"}, {"rfilename": "model-00008-of-00029.safetensors"}, {"rfilename": "model-00009-of-00029.safetensors"}, {"rfilename": "model-00010-of-00029.safetensors"}, {"rfilename": "model-00011-of-00029.safetensors"}, {"rfilename": "model-00012-of-00029.safetensors"}, {"rfilename": "model-00013-of-00029.safetensors"}, {"rfilename": "model-00014-of-00029.safetensors"}, {"rfilename": "model-00015-of-00029.safetensors"}, {"rfilename": "model-00016-of-00029.safetensors"}, {"rfilename": "model-00017-of-00029.safetensors"}, {"rfilename": "model-00018-of-00029.safetensors"}, {"rfilename": "model-00019-of-00029.safetensors"}, {"rfilename": "model-00020-of-00029.safetensors"}, {"rfilename": "model-00021-of-00029.safetensors"}, {"rfilename": "model-00022-of-00029.safetensors"}, {"rfilename": "model-00023-of-00029.safetensors"}, {"rfilename": "model-00024-of-00029.safetensors"}, {"rfilename": "model-00025-of-00029.safetensors"}, {"rfilename": "model-00026-of-00029.safetensors"}, {"rfilename": "model-00027-of-00029.safetensors"}, {"rfilename": "model-00028-of-00029.safetensors"}, {"rfilename": "model-00029-of-00029.safetensors"}, {"rfilename": "model.safetensors.index.json"}, {"rfilename": "special_tokens_map.json"}, {"rfilename": "tokenizer.model"}, {"rfilename": "tokenizer_config.json"}], "spaces": ["eduagarcia/open_pt_llm_leaderboard", "Empereur-Pirate/Empereur"], "createdAt": "2024-01-30T15:15:37.000Z", "safetensors": {"parameters": {"F16": 68976648192}, "total": 68976648192}, "inferenceStatus": "not-loaded"}