{"_id": "660585956a815f2d349f324d", "id": "k-andreev/ppo-Huggy", "modelId": "k-andreev/ppo-Huggy", "author": "k-andreev", "sha": "8c4e3446d4a33c5acba53cd4adab094b367a4b96", "lastModified": "2024-03-28T15:01:17.000Z", "private": false, "disabled": false, "gated": false, "pipeline_tag": "reinforcement-learning", "tags": ["ml-agents", "tensorboard", "onnx", "Huggy", "deep-reinforcement-learning", "reinforcement-learning", "ML-Agents-Huggy", "region:us"], "downloads": 31, "library_name": "ml-agents", "likes": 0, "model-index": null, "config": {}, "cardData": {"library_name": "ml-agents", "tags": ["Huggy", "deep-reinforcement-learning", "reinforcement-learning", "ML-Agents-Huggy"]}, "siblings": [{"rfilename": ".gitattributes"}, {"rfilename": "Huggy.onnx"}, {"rfilename": "Huggy/Huggy-1199994.onnx"}, {"rfilename": "Huggy/Huggy-1199994.pt"}, {"rfilename": "Huggy/Huggy-1399982.onnx"}, {"rfilename": "Huggy/Huggy-1399982.pt"}, {"rfilename": "Huggy/Huggy-1599918.onnx"}, {"rfilename": "Huggy/Huggy-1599918.pt"}, {"rfilename": "Huggy/Huggy-1799922.onnx"}, {"rfilename": "Huggy/Huggy-1799922.pt"}, {"rfilename": "Huggy/Huggy-199960.onnx"}, {"rfilename": "Huggy/Huggy-199960.pt"}, {"rfilename": "Huggy/Huggy-1999970.onnx"}, {"rfilename": "Huggy/Huggy-1999970.pt"}, {"rfilename": "Huggy/Huggy-2000010.onnx"}, {"rfilename": "Huggy/Huggy-2000010.pt"}, {"rfilename": "Huggy/Huggy-399993.onnx"}, {"rfilename": "Huggy/Huggy-399993.pt"}, {"rfilename": "Huggy/Huggy-599995.onnx"}, {"rfilename": "Huggy/Huggy-599995.pt"}, {"rfilename": "Huggy/Huggy-799918.onnx"}, {"rfilename": "Huggy/Huggy-799918.pt"}, {"rfilename": "Huggy/Huggy-999939.onnx"}, {"rfilename": "Huggy/Huggy-999939.pt"}, {"rfilename": "Huggy/checkpoint.pt"}, {"rfilename": "Huggy/events.out.tfevents.1711635512.dfd37825710a.4203.0"}, {"rfilename": "README.md"}, {"rfilename": "config.json"}, {"rfilename": "configuration.yaml"}, {"rfilename": "run_logs/Player-0.log"}, {"rfilename": "run_logs/timers.json"}, {"rfilename": "run_logs/training_status.json"}], "spaces": [], "createdAt": "2024-03-28T14:58:29.000Z", "inferenceStatus": "not-loaded"}