{"_id": "648227e3d4330705311ed7ea", "id": "K-chetz/1", "modelId": "K-chetz/1", "author": "K-chetz", "sha": "92295c994ffd9b9a8523068c596e722ded5eb6e6", "lastModified": "2023-06-08T19:11:31.000Z", "private": false, "disabled": false, "gated": false, "tags": ["license:openrail", "region:us"], "downloads": 0, "likes": 0, "model-index": null, "cardData": {"license": "openrail"}, "siblings": [{"rfilename": ".gitattributes"}, {"rfilename": "README.md"}], "spaces": [], "createdAt": "2023-06-08T19:11:31.000Z", "inferenceStatus": "not-loaded"}