{"_id": "62fcd99bc1588e1d4c654479", "id": "K-Kemna/pyramidsrnd", "modelId": "K-Kemna/pyramidsrnd", "author": "K-Kemna", "sha": "34e0c0fdb75f9f447d5a5ba4380cebeeeb520c04", "lastModified": "2022-08-17T12:05:55.000Z", "private": false, "disabled": false, "gated": false, "pipeline_tag": "reinforcement-learning", "tags": ["ml-agents", "tensorboard", "onnx", "unity-ml-agents", "deep-reinforcement-learning", "reinforcement-learning", "ML-Agents-Pyramids", "region:us"], "downloads": 9, "library_name": "ml-agents", "likes": 0, "model-index": null, "config": {}, "cardData": {"tags": ["unity-ml-agents", "ml-agents", "deep-reinforcement-learning", "reinforcement-learning", "ML-Agents-Pyramids"], "library_name": "ml-agents"}, "siblings": [{"rfilename": ".gitattributes"}, {"rfilename": "Pyramids.onnx"}, {"rfilename": "Pyramids/Pyramids-1000048.onnx"}, {"rfilename": "Pyramids/Pyramids-1000048.pt"}, {"rfilename": "Pyramids/Pyramids-499904.onnx"}, {"rfilename": "Pyramids/Pyramids-499904.pt"}, {"rfilename": "Pyramids/Pyramids-999920.onnx"}, {"rfilename": "Pyramids/Pyramids-999920.pt"}, {"rfilename": "Pyramids/checkpoint.pt"}, {"rfilename": "Pyramids/events.out.tfevents.1660735757.9241fc797b3e.257.0"}, {"rfilename": "README.md"}, {"rfilename": "config.json"}, {"rfilename": "configuration.yaml"}, {"rfilename": "run_logs/Player-0.log"}, {"rfilename": "run_logs/timers.json"}, {"rfilename": "run_logs/training_status.json"}], "spaces": [], "createdAt": "2022-08-17T12:05:47.000Z", "inferenceStatus": "not-loaded"}