{"_id": "66001c7357cc48d9d36be87d", "id": "K-kiron/distilbert-base-uncased-finetuned-cola", "modelId": "K-kiron/distilbert-base-uncased-finetuned-cola", "author": "K-kiron", "sha": "b2f6939f4c984e8423d11b5cbbfcbb765fa5983a", "lastModified": "2024-03-25T12:55:21.000Z", "private": false, "disabled": false, "gated": false, "pipeline_tag": "text-classification", "tags": ["transformers", "tensorboard", "safetensors", "distilbert", "text-classification", "autotrain_compatible", "endpoints_compatible", "region:us"], "downloads": 2, "library_name": "transformers", "mask_token": "[MASK]", "widgetData": [{"text": "I like you. I love you"}], "likes": 0, "config": {"architectures": ["DistilBertForSequenceClassification"], "model_type": "distilbert", "tokenizer_config": {"cls_token": "[CLS]", "mask_token": "[MASK]", "pad_token": "[PAD]", "sep_token": "[SEP]", "unk_token": "[UNK]"}}, "transformersInfo": {"auto_model": "AutoModelForSequenceClassification", "pipeline_tag": "text-classification", "processor": "AutoTokenizer"}, "siblings": [{"rfilename": ".gitattributes"}, {"rfilename": "config.json"}, {"rfilename": "model.safetensors"}, {"rfilename": "runs/Mar24_12-27-18_b9b410ecc3ff/events.out.tfevents.1711283324.b9b410ecc3ff.153.0"}, {"rfilename": "runs/Mar24_12-27-18_b9b410ecc3ff/events.out.tfevents.1711283395.b9b410ecc3ff.153.1"}, {"rfilename": "runs/Mar24_12-32-51_b9b410ecc3ff/events.out.tfevents.1711283573.b9b410ecc3ff.2225.0"}, {"rfilename": "runs/Mar24_13-44-52_d619fa07ec4e/events.out.tfevents.1711287893.d619fa07ec4e.820.0"}, {"rfilename": "runs/Mar24_13-44-52_d619fa07ec4e/events.out.tfevents.1711287954.d619fa07ec4e.820.1"}, {"rfilename": "runs/Mar24_13-47-40_d619fa07ec4e/events.out.tfevents.1711288061.d619fa07ec4e.2530.0"}, {"rfilename": "runs/Mar24_13-47-40_d619fa07ec4e/events.out.tfevents.1711288140.d619fa07ec4e.2530.1"}, {"rfilename": "runs/Mar24_13-58-59_d619fa07ec4e/events.out.tfevents.1711288739.d619fa07ec4e.2530.2"}, {"rfilename": "runs/Mar24_13-58-59_d619fa07ec4e/events.out.tfevents.1711288848.d619fa07ec4e.2530.3"}, {"rfilename": "runs/Mar24_13-58-59_d619fa07ec4e/events.out.tfevents.1711289470.d619fa07ec4e.2530.4"}, {"rfilename": "runs/Mar24_14-23-00_d619fa07ec4e/events.out.tfevents.1711290181.d619fa07ec4e.11706.0"}, {"rfilename": "runs/Mar24_15-13-55_629fb8af9573/events.out.tfevents.1711293237.629fb8af9573.318.0"}, {"rfilename": "runs/Mar24_15-13-55_629fb8af9573/events.out.tfevents.1711293308.629fb8af9573.318.1"}, {"rfilename": "runs/Mar24_15-16-32_629fb8af9573/events.out.tfevents.1711293392.629fb8af9573.1620.0"}, {"rfilename": "runs/Mar25_04-19-27_285fdb84b2bf/events.out.tfevents.1711340367.285fdb84b2bf.350.0"}, {"rfilename": "runs/Mar25_04-19-27_285fdb84b2bf/events.out.tfevents.1711340435.285fdb84b2bf.350.1"}, {"rfilename": "runs/Mar25_04-24-39_285fdb84b2bf/events.out.tfevents.1711340680.285fdb84b2bf.2308.0"}, {"rfilename": "runs/Mar25_11-49-16_5d4ea7c6d98b/events.out.tfevents.1711367357.5d4ea7c6d98b.598.0"}, {"rfilename": "runs/Mar25_11-49-16_5d4ea7c6d98b/events.out.tfevents.1711367425.5d4ea7c6d98b.598.1"}, {"rfilename": "runs/Mar25_12-05-35_5d4ea7c6d98b/events.out.tfevents.1711368336.5d4ea7c6d98b.2424.0"}, {"rfilename": "runs/Mar25_12-54-16_ff95f5d7ac29/events.out.tfevents.1711371258.ff95f5d7ac29.1044.0"}, {"rfilename": "special_tokens_map.json"}, {"rfilename": "tokenizer.json"}, {"rfilename": "tokenizer_config.json"}, {"rfilename": "training_args.bin"}, {"rfilename": "vocab.txt"}], "spaces": [], "createdAt": "2024-03-24T12:28:35.000Z", "safetensors": {"parameters": {"F32": 66955010}, "total": 66955010}, "inferenceStatus": "not-loaded"}