{"_id": "6354dae79c72a7e742edb25c", "id": "k-l-lambda/clip-text-generator", "modelId": "k-l-lambda/clip-text-generator", "author": "k-l-lambda", "sha": "a20f6d1f8a2caff7ea21bde2622f8d6f50114af6", "lastModified": "2022-11-19T01:21:28.000Z", "private": false, "disabled": false, "gated": false, "tags": ["transformers", "pytorch", "clip_text_generator", "endpoints_compatible", "region:us"], "downloads": 1, "library_name": "transformers", "likes": 0, "config": {"architectures": ["ClipTextGenerator"], "model_type": "clip_text_generator"}, "transformersInfo": {"auto_model": "ClipTextGenerator"}, "siblings": [{"rfilename": ".gitattributes"}, {"rfilename": "config.json"}, {"rfilename": "pytorch_model.bin"}], "spaces": [], "createdAt": "2022-10-23T06:10:47.000Z", "inferenceStatus": "not-loaded"}