{"_id": "635deca4d6bbbf5411a2a25e", "id": "k-l-lambda/clip-text-generator-20221029", "modelId": "k-l-lambda/clip-text-generator-20221029", "author": "k-l-lambda", "sha": "67938d3d7577e5a929feab877eb7072c0c3daea2", "lastModified": "2022-10-30T03:24:15.000Z", "private": false, "disabled": false, "gated": false, "tags": ["transformers", "pytorch", "clip_text_generator", "endpoints_compatible", "region:us"], "downloads": 1, "library_name": "transformers", "likes": 0, "config": {"architectures": ["ClipTextGenerator"], "model_type": "clip_text_generator"}, "transformersInfo": {"auto_model": "ClipTextGenerator"}, "siblings": [{"rfilename": ".gitattributes"}, {"rfilename": "config.json"}, {"rfilename": "pytorch_model.bin"}], "spaces": [], "createdAt": "2022-10-30T03:16:52.000Z", "inferenceStatus": "not-loaded"}