{"_id": "631ddec97beada30465a0614", "id": "k-masaki/xlm-roberta-base-finetuned-panx-de", "modelId": "k-masaki/xlm-roberta-base-finetuned-panx-de", "author": "k-masaki", "sha": "a74d18d438f6ce79558dd944f6eb4ee8eed1b458", "lastModified": "2022-09-12T04:35:57.000Z", "private": false, "disabled": false, "gated": false, "pipeline_tag": "token-classification", "tags": ["transformers", "pytorch", "tensorboard", "xlm-roberta", "token-classification", "generated_from_trainer", "dataset:xtreme", "license:mit", "model-index", "autotrain_compatible", "endpoints_compatible", "region:us"], "downloads": 13, "library_name": "transformers", "mask_token": "<mask>", "widgetData": [{"text": "My name is Wolfgang and I live in Berlin"}, {"text": "My name is Sarah and I live in London"}, {"text": "My name is Clara and I live in Berkeley, California."}], "likes": 0, "model-index": [{"name": "xlm-roberta-base-finetuned-panx-de", "results": [{"task": {"name": "Token Classification", "type": "token-classification"}, "dataset": {"name": "xtreme", "type": "xtreme", "args": "PAN-X.de"}, "metrics": [{"name": "F1", "type": "f1", "value": 0.8648740833380706, "verified": false}]}]}], "config": {"architectures": ["XLMRobertaForTokenClassification"], "model_type": "xlm-roberta", "tokenizer_config": {"bos_token": "<s>", "eos_token": "</s>", "sep_token": "</s>", "cls_token": "<s>", "unk_token": "<unk>", "pad_token": "<pad>", "mask_token": {"content": "<mask>", "single_word": false, "lstrip": true, "rstrip": false, "normalized": true, "__type": "AddedToken"}}}, "cardData": {"license": "mit", "tags": ["generated_from_trainer"], "datasets": ["xtreme"], "metrics": ["f1"], "model-index": [{"name": "xlm-roberta-base-finetuned-panx-de", "results": [{"task": {"name": "Token Classification", "type": "token-classification"}, "dataset": {"name": "xtreme", "type": "xtreme", "args": "PAN-X.de"}, "metrics": [{"name": "F1", "type": "f1", "value": 0.8648740833380706, "verified": false}]}]}]}, "transformersInfo": {"auto_model": "AutoModelForTokenClassification", "pipeline_tag": "token-classification", "processor": "AutoTokenizer"}, "siblings": [{"rfilename": ".gitattributes"}, {"rfilename": ".gitignore"}, {"rfilename": "README.md"}, {"rfilename": "config.json"}, {"rfilename": "pytorch_model.bin"}, {"rfilename": "runs/Sep11_13-16-08_607da075a6bd/1662902255.946467/events.out.tfevents.1662902255.607da075a6bd.69.1"}, {"rfilename": "runs/Sep11_13-16-08_607da075a6bd/events.out.tfevents.1662902255.607da075a6bd.69.0"}, {"rfilename": "runs/Sep12_01-47-18_a6bf7fa0f549/1662947696.334206/events.out.tfevents.1662947696.a6bf7fa0f549.69.1"}, {"rfilename": "runs/Sep12_01-47-18_a6bf7fa0f549/events.out.tfevents.1662947696.a6bf7fa0f549.69.0"}, {"rfilename": "runs/Sep12_04-18-23_7c2a8a62289e/1662956788.4193833/events.out.tfevents.1662956788.7c2a8a62289e.71.1"}, {"rfilename": "runs/Sep12_04-18-23_7c2a8a62289e/events.out.tfevents.1662956788.7c2a8a62289e.71.0"}, {"rfilename": "sentencepiece.bpe.model"}, {"rfilename": "special_tokens_map.json"}, {"rfilename": "tokenizer.json"}, {"rfilename": "tokenizer_config.json"}, {"rfilename": "training_args.bin"}], "spaces": [], "createdAt": "2022-09-11T13:12:41.000Z", "inferenceStatus": "not-loaded"}