{"_id": "631a98ec0867652f538ae35d", "id": "k-masaki/distilbert-base-uncased-finetuned-emotion", "modelId": "k-masaki/distilbert-base-uncased-finetuned-emotion", "author": "k-masaki", "sha": "1c42656c95c0ae8fa65b6ff8d66bdf761f223487", "lastModified": "2022-09-09T03:14:16.000Z", "private": false, "disabled": false, "gated": false, "pipeline_tag": "text-classification", "tags": ["transformers", "pytorch", "tensorboard", "distilbert", "text-classification", "generated_from_trainer", "dataset:emotion", "license:apache-2.0", "model-index", "autotrain_compatible", "endpoints_compatible", "region:us"], "downloads": 3, "library_name": "transformers", "mask_token": "[MASK]", "widgetData": [{"text": "I like you. I love you"}], "likes": 0, "model-index": [{"name": "distilbert-base-uncased-finetuned-emotion", "results": [{"task": {"name": "Text Classification", "type": "text-classification"}, "dataset": {"name": "emotion", "type": "emotion", "args": "default"}, "metrics": [{"name": "Accuracy", "type": "accuracy", "value": 0.9385, "verified": false}, {"name": "F1", "type": "f1", "value": 0.9387245113518693, "verified": false}]}]}], "config": {"architectures": ["DistilBertForSequenceClassification"], "model_type": "distilbert", "tokenizer_config": {"unk_token": "[UNK]", "sep_token": "[SEP]", "pad_token": "[PAD]", "cls_token": "[CLS]", "mask_token": "[MASK]"}}, "cardData": {"license": "apache-2.0", "tags": ["generated_from_trainer"], "datasets": ["emotion"], "metrics": ["accuracy", "f1"], "model-index": [{"name": "distilbert-base-uncased-finetuned-emotion", "results": [{"task": {"name": "Text Classification", "type": "text-classification"}, "dataset": {"name": "emotion", "type": "emotion", "args": "default"}, "metrics": [{"name": "Accuracy", "type": "accuracy", "value": 0.9385, "verified": false}, {"name": "F1", "type": "f1", "value": 0.9387245113518693, "verified": false}]}]}]}, "transformersInfo": {"auto_model": "AutoModelForSequenceClassification", "pipeline_tag": "text-classification", "processor": "AutoTokenizer"}, "siblings": [{"rfilename": ".gitattributes"}, {"rfilename": ".gitignore"}, {"rfilename": "README.md"}, {"rfilename": "config.json"}, {"rfilename": "pytorch_model.bin"}, {"rfilename": "runs/Sep09_01-35-34_ef5115a23640/1662687473.7287724/events.out.tfevents.1662687473.ef5115a23640.71.1"}, {"rfilename": "runs/Sep09_01-35-34_ef5115a23640/events.out.tfevents.1662687473.ef5115a23640.71.0"}, {"rfilename": "runs/Sep09_01-52-08_ef5115a23640/1662688332.202621/events.out.tfevents.1662688332.ef5115a23640.849.1"}, {"rfilename": "runs/Sep09_01-52-08_ef5115a23640/1662689517.8134367/events.out.tfevents.1662689517.ef5115a23640.849.3"}, {"rfilename": "runs/Sep09_01-52-08_ef5115a23640/events.out.tfevents.1662688332.ef5115a23640.849.0"}, {"rfilename": "runs/Sep09_01-52-08_ef5115a23640/events.out.tfevents.1662689517.ef5115a23640.849.2"}, {"rfilename": "runs/Sep09_02-57-28_ef5115a23640/1662692251.90663/events.out.tfevents.1662692251.ef5115a23640.1887.1"}, {"rfilename": "runs/Sep09_02-57-28_ef5115a23640/events.out.tfevents.1662692251.ef5115a23640.1887.0"}, {"rfilename": "special_tokens_map.json"}, {"rfilename": "tokenizer.json"}, {"rfilename": "tokenizer_config.json"}, {"rfilename": "training_args.bin"}, {"rfilename": "vocab.txt"}], "spaces": [], "createdAt": "2022-09-09T01:37:48.000Z", "inferenceStatus": "not-loaded"}