{"_id": "6682f360acdf070b0e01a8d0", "id": "K-Monitor/kmdb_classification_hubert", "modelId": "K-Monitor/kmdb_classification_hubert", "author": "K-Monitor", "sha": "c2000f5c3bf389ca99cba0b70e155153e69a6bf0", "lastModified": "2024-07-01T18:21:33.000Z", "private": false, "disabled": false, "gated": false, "pipeline_tag": "text-classification", "tags": ["transformers", "safetensors", "bert", "text-classification", "arxiv:1910.09700", "autotrain_compatible", "endpoints_compatible", "region:us"], "downloads": 5, "library_name": "transformers", "mask_token": "[MASK]", "widgetData": [{"text": "I like you. I love you"}], "likes": 0, "model-index": null, "config": {"architectures": ["BertForSequenceClassification"], "model_type": "bert"}, "cardData": {"library_name": "transformers", "tags": []}, "transformersInfo": {"auto_model": "AutoModelForSequenceClassification", "pipeline_tag": "text-classification", "processor": "AutoTokenizer"}, "siblings": [{"rfilename": ".gitattributes"}, {"rfilename": "README.md"}, {"rfilename": "adapter_config.json"}, {"rfilename": "adapter_model.safetensors"}, {"rfilename": "config.json"}, {"rfilename": "model.safetensors"}], "spaces": [], "createdAt": "2024-07-01T18:20:16.000Z", "safetensors": {"parameters": {"F32": 110619650}, "total": 110619650}, "inferenceStatus": "not-loaded"}