{"_id": "6468f106511e5cdeb0e933d8", "id": "K-Oussama/Stable-diffusion", "modelId": "K-Oussama/Stable-diffusion", "author": "K-Oussama", "sha": "50227ee296af951944c9051f006485ccf87b7259", "lastModified": "2023-05-26T00:45:53.000Z", "private": false, "disabled": false, "gated": false, "tags": ["license:c-uda", "region:us"], "downloads": 0, "likes": 1, "model-index": null, "cardData": {"license": "c-uda"}, "siblings": [{"rfilename": ".gitattributes"}, {"rfilename": "ControlNet/control_v11e_sd15_ip2p.safetensors"}, {"rfilename": "ControlNet/control_v11e_sd15_shuffle.safetensors"}, {"rfilename": "ControlNet/control_v11f1e_sd15_tile.safetensors"}, {"rfilename": "ControlNet/control_v11f1p_sd15_depth.safetensors"}, {"rfilename": "ControlNet/control_v11p_sd15_canny.safetensors"}, {"rfilename": "ControlNet/control_v11p_sd15_inpaint.safetensors"}, {"rfilename": "ControlNet/control_v11p_sd15_lineart.safetensors"}, {"rfilename": "ControlNet/control_v11p_sd15_mlsd.safetensors"}, {"rfilename": "ControlNet/control_v11p_sd15_normalbae.safetensors"}, {"rfilename": "ControlNet/control_v11p_sd15_openpose.safetensors"}, {"rfilename": "ControlNet/control_v11p_sd15_scribble.safetensors"}, {"rfilename": "ControlNet/control_v11p_sd15_seg.safetensors"}, {"rfilename": "ControlNet/control_v11p_sd15_softedge.safetensors"}, {"rfilename": "ControlNet/control_v11p_sd15s2_lineart_anime.safetensors"}, {"rfilename": "ControlNet/t2iadapter_canny_sd14v1.pth"}, {"rfilename": "ControlNet/t2iadapter_color_sd14v1.pth"}, {"rfilename": "ControlNet/t2iadapter_depth_sd14v1.pth"}, {"rfilename": "ControlNet/t2iadapter_keypose_sd14v1.pth"}, {"rfilename": "ControlNet/t2iadapter_openpose_sd14v1.pth"}, {"rfilename": "ControlNet/t2iadapter_seg_sd14v1.pth"}, {"rfilename": "ControlNet/t2iadapter_sketch_sd14v1.pth"}, {"rfilename": "ControlNet/t2iadapter_style_sd14v1.pth"}, {"rfilename": "ControlNet/text.txt"}, {"rfilename": "ESRGAN/4x-UltraSharp.pth"}, {"rfilename": "ESRGAN/4x_foolhardy_Remacri.pth"}, {"rfilename": "ESRGAN/README.md"}, {"rfilename": "Lora/BodHor-V1.safetensors"}, {"rfilename": "Lora/Gun2HeadV3.safetensors"}, {"rfilename": "Lora/IU.safetensors"}, {"rfilename": "Lora/KM_NarutoS-V2.safetensors"}, {"rfilename": "Lora/PSCowgirl.safetensors"}, {"rfilename": "Lora/animeLineartMangaLike_v30MangaLike.safetensors"}, {"rfilename": "Lora/anime_screencap_v2-000030.safetensors"}, {"rfilename": "Lora/animetarotcardartstyle.safetensors"}, {"rfilename": "Lora/at80slora.safetensors"}, {"rfilename": "Lora/blindbox.safetensors"}, {"rfilename": "Lora/breastinClass.safetensors"}, {"rfilename": "Lora/chilloutmix_NiPrunedFp32Fix.safetensors"}, {"rfilename": "Lora/chinese\u03b2malelikeness3.safetensors"}, {"rfilename": "Lora/epiNoiseoffset_v2.safetensors"}, {"rfilename": "Lora/eulaRealisticGenshin_10.safetensors"}, {"rfilename": "Lora/fashigirlv4.7.safetensors"}, {"rfilename": "Lora/fashiongirl.safetensors"}, {"rfilename": "Lora/gachasplash.safetensors"}, {"rfilename": "Lora/ghibli_style_offset.safetensors"}, {"rfilename": "Lora/hyperbreasts.ckpt"}, {"rfilename": "Lora/incaseStyleLora_incaseAnythingV3Lora.safetensors"}, {"rfilename": "Lora/innievag.safetensors"}, {"rfilename": "Lora/japaneseDollLikeness_v10.safetensors"}, {"rfilename": "Lora/jimleestyle.safetensors"}, {"rfilename": "Lora/koreanDollLikeness_v15.safetensors"}, {"rfilename": "Lora/lccybrpnkdgrnnrslora.safetensors"}, {"rfilename": "Lora/liyuu.safetensors"}, {"rfilename": "Lora/middleFingerLORA_midfingv1.safetensors"}, {"rfilename": "Lora/mix4.safetensors"}, {"rfilename": "Lora/morocco_doll.safetensors"}, {"rfilename": "Lora/prncsszldlora.safetensors"}, {"rfilename": "Lora/pstreetfashion1.safetensors"}, {"rfilename": "Lora/raidenShogunRealistic_raidenshogun.safetensors"}, {"rfilename": "Lora/ratatatat74style.safetensors"}, {"rfilename": "Lora/rebuildOfEvangelion_v4b-26.safetensors"}, {"rfilename": "Lora/riasgremory.safetensors"}, {"rfilename": "Lora/rinoquaslora.safetensors"}, {"rfilename": "Lora/rizdrawsstyle.safetensors"}, {"rfilename": "Lora/russianDollLikeness.safetensors"}, {"rfilename": "Lora/saori-v1.0.safetensors"}, {"rfilename": "Lora/shirtlift.safetensors"}, {"rfilename": "Lora/shojovibe.safetensors"}, {"rfilename": "Lora/stlouisluxuriouswheels.safetensors"}, {"rfilename": "Lora/taiwanDollLikeness_v10.safetensors"}, {"rfilename": "Lora/wanostyle_2.safetensors"}, {"rfilename": "Lora/wlopstyle.safetensors"}, {"rfilename": "Lora/zumidrawsstyle.safetensors"}, {"rfilename": "ModelCode/AbyssOrangeMix2_nsfw.safetensors"}, {"rfilename": "ModelCode/Full_aZovyaPhotoreal_v1.safetensors"}, {"rfilename": "ModelCode/aZovyaPhotoreal_v1.safetensors"}, {"rfilename": "ModelCode/abyssorangemix/abyssorangemix2.safetensors"}, {"rfilename": "ModelCode/abyssorangemix/abyssorangemix2.vae.pt"}, {"rfilename": "ModelCode/abyssorangemix/abyssorangemix3.safetensors"}, {"rfilename": "ModelCode/abyssorangemix/abyssorangemix3.vae.pt"}, {"rfilename": "ModelCode/abyssorangemix/abyssorangemix3A1.safetensors"}, {"rfilename": "ModelCode/abyssorangemix/abyssorangemix3A1.vae.pt"}, {"rfilename": "ModelCode/abyssorangemix/abyssorangemix3A1B.safetensors"}, {"rfilename": "ModelCode/abyssorangemix/abyssorangemix3A2.safetensors"}, {"rfilename": "ModelCode/abyssorangemix/abyssorangemix3A2.vae.pt"}, {"rfilename": "ModelCode/abyssorangemix/abyssorangemix3A3.safetensors"}, {"rfilename": "ModelCode/abyssorangemix/abyssorangemix3A3.vae.pt"}, {"rfilename": "ModelCode/acertainthing.ckpt"}, {"rfilename": "ModelCode/aeros.ckpt"}, {"rfilename": "ModelCode/aeros.vae.pt"}, {"rfilename": "ModelCode/ai1px.ckpt"}, {"rfilename": "ModelCode/allysmix.ckpt"}, {"rfilename": "ModelCode/anylora.safetensors"}, {"rfilename": "ModelCode/anyssa.ckpt"}, {"rfilename": "ModelCode/anyssa.vae.pt"}, {"rfilename": "ModelCode/anythingv4.5.ckpt"}, {"rfilename": "ModelCode/anythingv4.5.vae.pt"}, {"rfilename": "ModelCode/anythingv5.safetensors"}, {"rfilename": "ModelCode/babes.safetensors"}, {"rfilename": "ModelCode/babes.vae.pt"}, {"rfilename": "ModelCode/based64.safetensors"}, {"rfilename": "ModelCode/based64.vae.pt"}, {"rfilename": "ModelCode/blueboys2dv2.safetensors"}, {"rfilename": "ModelCode/blueboys2dv2.vae.pt"}, {"rfilename": "ModelCode/bra.safetensors"}, {"rfilename": "ModelCode/chilloutmixni.safetensors"}, {"rfilename": "ModelCode/comicdiffusionv2.ckpt"}, {"rfilename": "ModelCode/corneos7thheavenmix.safetensors"}, {"rfilename": "ModelCode/corneos7thheavenmix.vae.pt"}, {"rfilename": "ModelCode/darksushimix.safetensors"}, {"rfilename": "ModelCode/darksushimix.vae.pt"}, {"rfilename": "ModelCode/deliberatev2.ckpt"}, {"rfilename": "ModelCode/dosmix.safetensors"}, {"rfilename": "ModelCode/dosmix.vae.pt"}, {"rfilename": "ModelCode/dreamlike.ckpt"}, {"rfilename": "ModelCode/dreamlikephotoreal2.ckpt"}, {"rfilename": "ModelCode/dreamlikesamkuvshinov.safetensors"}, {"rfilename": "ModelCode/dreamshaper5.safetensors"}, {"rfilename": "ModelCode/duchaitendarkside_v40.safetensors"}, {"rfilename": "ModelCode/eimis.ckpt"}, {"rfilename": "ModelCode/elldrethslucidmix.ckpt"}, {"rfilename": "ModelCode/epihyperphotogodess.ckpt"}, {"rfilename": "ModelCode/epihyperphotogodess.vae.pt"}, {"rfilename": "ModelCode/expmixlinev2.safetensors"}, {"rfilename": "ModelCode/expmixlinev2.vae.pt"}, {"rfilename": "ModelCode/future.ckpt"}, {"rfilename": "ModelCode/future.yaml"}, {"rfilename": "ModelCode/grapefruitv4.1.safetensors"}, {"rfilename": "ModelCode/hassaku.safetensors"}, {"rfilename": "ModelCode/hb1.5.1.2.safetensors"}, {"rfilename": "ModelCode/hb1.5.1.2.vae.pt"}, {"rfilename": "ModelCode/healysanimeblend.ckpt"}, {"rfilename": "ModelCode/henmixreal.safetensors"}, {"rfilename": "ModelCode/henmixreal.vae.pt"}, {"rfilename": "ModelCode/illuminatidiffusionv1.1.safetensors"}, {"rfilename": "ModelCode/illuminatidiffusionv1.1.yaml"}, {"rfilename": "ModelCode/kotosmix.safetensors"}, {"rfilename": "ModelCode/kotosmix.vae.pt"}, {"rfilename": "ModelCode/lazymixplus.safetensors"}, {"rfilename": "ModelCode/lazymixplus.vae.pt"}, {"rfilename": "ModelCode/liberty.safetensors"}, {"rfilename": "ModelCode/lofi.safetensors"}, {"rfilename": "ModelCode/lyriel_v16.safetensors"}, {"rfilename": "ModelCode/meinahentai.safetensors"}, {"rfilename": "ModelCode/mjcmxrlstc.safetensors"}, {"rfilename": "ModelCode/neverendingdreamnedbakedvae.safetensors"}, {"rfilename": "ModelCode/openjourney.ckpt"}, {"rfilename": "ModelCode/openjourneyv4.ckpt"}, {"rfilename": "ModelCode/padoru.ckpt"}, {"rfilename": "ModelCode/perfectworld.safetensors"}, {"rfilename": "ModelCode/pokemon.ckpt"}, {"rfilename": "ModelCode/protogendragon.ckpt"}, {"rfilename": "ModelCode/protogendragon.vae.pt"}, {"rfilename": "ModelCode/protogenx5.8.ckpt"}, {"rfilename": "ModelCode/protogenx5.8.vae.pt"}, {"rfilename": "ModelCode/realisticvisionv2.0.safetensors"}, {"rfilename": "ModelCode/realisticvisionv2.0.vae.pt"}, {"rfilename": "ModelCode/rpg_V4.safetensors"}, {"rfilename": "ModelCode/samdoesartv3.ckpt"}, {"rfilename": "ModelCode/samdoessexy.safetensors"}, {"rfilename": "ModelCode/sunlightmix.safetensors"}, {"rfilename": "ModelCode/sunshinemix.safetensors"}, {"rfilename": "ModelCode/synthwavepunkv2.ckpt"}, {"rfilename": "ModelCode/yesmix.safetensors"}, {"rfilename": "ModelCode/yiffymix.ckpt"}, {"rfilename": "ModelCode/yiffymix.vae.pt"}, {"rfilename": "README.md"}, {"rfilename": "embeddings.zip"}, {"rfilename": "extensions/openpose-editor.zip"}, {"rfilename": "extensions/posex.zip"}, {"rfilename": "extensions/sd-webui-controlnet.zip"}, {"rfilename": "extensions/sd-webui-images-browser.zip"}, {"rfilename": "extensions/sd-webui-supermerger.zip"}, {"rfilename": "extensions/sd-webui-tunnels.zip"}, {"rfilename": "extensions/ultimate-upscale-for-automatic1111.zip"}, {"rfilename": "utils/sd-webui.zip"}, {"rfilename": "utils/sd_web.zip"}], "spaces": [], "createdAt": "2023-05-20T16:10:46.000Z", "inferenceStatus": "not-loaded"}