{"_id": "621ffdc136468d709f17cf93", "id": "k-partha/curiosity_bert_bio", "modelId": "k-partha/curiosity_bert_bio", "author": "k-partha", "sha": "5d6394904ca31d456592dc7c262c0f9f987d4694", "lastModified": "2022-01-29T03:35:48.000Z", "private": false, "disabled": false, "gated": false, "pipeline_tag": "text-classification", "tags": ["transformers", "pytorch", "bert", "text-classification", "arxiv:2109.06402", "autotrain_compatible", "endpoints_compatible", "region:us"], "downloads": 7, "library_name": "transformers", "mask_token": "[MASK]", "widgetData": [{"text": "I like you. I love you"}], "likes": 0, "config": {"architectures": ["BertForSequenceClassification"], "model_type": "bert", "tokenizer_config": {}}, "transformersInfo": {"auto_model": "AutoModelForSequenceClassification", "pipeline_tag": "text-classification", "processor": "AutoTokenizer"}, "siblings": [{"rfilename": ".gitattributes"}, {"rfilename": "README.md"}, {"rfilename": "config.json"}, {"rfilename": "pytorch_model.bin"}, {"rfilename": "special_tokens_map.json"}, {"rfilename": "tokenizer_config.json"}, {"rfilename": "vocab.txt"}], "spaces": [], "createdAt": "2022-03-02T23:29:05.000Z", "inferenceStatus": "not-loaded"}