{"_id": "65b87c8345d7cf731f86c0f8", "id": "k-seungri/forwhisperfinetunings_training_args", "modelId": "k-seungri/forwhisperfinetunings_training_args", "author": "k-seungri", "sha": "10e5cc17c8c61a335094b406b96e93e05f86c0be", "lastModified": "2024-01-30T04:35:15.000Z", "private": false, "disabled": false, "gated": false, "tags": ["region:us"], "downloads": 0, "likes": 0, "siblings": [{"rfilename": ".gitattributes"}], "spaces": [], "createdAt": "2024-01-30T04:35:15.000Z", "inferenceStatus": "not-loaded"}