{"_id": "65b88b8210b35756068282cf", "id": "k-seungri/k_whisper_output", "modelId": "k-seungri/k_whisper_output", "author": "k-seungri", "sha": "9e3aefeba8850443d30d4ecdb0fb9d7f5f335f72", "lastModified": "2024-02-01T07:26:12.000Z", "private": false, "disabled": false, "gated": false, "pipeline_tag": "automatic-speech-recognition", "tags": ["transformers", "tensorboard", "safetensors", "whisper", "automatic-speech-recognition", "hf-asr-leaderboard", "generated_from_trainer", "ko", "dataset:k-seungri/k_whisper_dataset", "base_model:openai/whisper-base", "license:apache-2.0", "endpoints_compatible", "region:us"], "downloads": 0, "library_name": "transformers", "likes": 0, "model-index": [{"name": "k-seungri/k_whisper_model", "results": []}], "config": {"architectures": ["WhisperForConditionalGeneration"], "model_type": "whisper", "tokenizer_config": {"bos_token": "<|endoftext|>", "eos_token": "<|endoftext|>", "pad_token": "<|endoftext|>", "unk_token": "<|endoftext|>"}}, "cardData": {"language": ["ko"], "license": "apache-2.0", "tags": ["hf-asr-leaderboard", "generated_from_trainer"], "datasets": ["k-seungri/k_whisper_dataset"], "base_model": "openai/whisper-base", "model-index": [{"name": "k-seungri/k_whisper_model", "results": []}]}, "transformersInfo": {"auto_model": "AutoModelForSpeechSeq2Seq", "pipeline_tag": "automatic-speech-recognition", "processor": "AutoProcessor"}, "siblings": [{"rfilename": ".gitattributes"}, {"rfilename": "README.md"}, {"rfilename": "added_tokens.json"}, {"rfilename": "config.json"}, {"rfilename": "generation_config.json"}, {"rfilename": "merges.txt"}, {"rfilename": "model.safetensors"}, {"rfilename": "normalizer.json"}, {"rfilename": "preprocessor_config.json"}, {"rfilename": "runs/Feb01_02-13-01_1001bf0a3235/events.out.tfevents.1706753582.1001bf0a3235.443.0"}, {"rfilename": "runs/Jan30_05-39-10_6efb600316be/events.out.tfevents.1706593174.6efb600316be.144.1"}, {"rfilename": "runs/Jan31_02-15-55_38cdcc71c299/events.out.tfevents.1706667356.38cdcc71c299.286.0"}, {"rfilename": "special_tokens_map.json"}, {"rfilename": "tokenizer_config.json"}, {"rfilename": "training_args.bin"}, {"rfilename": "vocab.json"}], "spaces": [], "createdAt": "2024-01-30T05:39:14.000Z", "safetensors": {"parameters": {"F32": 72593920}, "total": 72593920}, "inferenceStatus": "not-loaded"}