{"_id": "65b87d998a26b4e3d14bfc0f", "id": "k-seungri/output", "modelId": "k-seungri/output", "author": "k-seungri", "sha": "633989d5039f2a0a55b42b8f164a43def4afe156", "lastModified": "2024-01-30T04:46:02.000Z", "private": false, "disabled": false, "gated": false, "pipeline_tag": "automatic-speech-recognition", "tags": ["transformers", "safetensors", "whisper", "automatic-speech-recognition", "hf-asr-leaderboard", "generated_from_trainer", "ko", "dataset:k-seungri/forwhisperfinetuning_dataset", "base_model:openai/whisper-base", "license:apache-2.0", "endpoints_compatible", "region:us"], "downloads": 0, "library_name": "transformers", "likes": 0, "model-index": [{"name": "k-seungri/forwhisperfinetuning_model", "results": []}], "config": {"architectures": ["WhisperForConditionalGeneration"], "model_type": "whisper"}, "cardData": {"language": ["ko"], "license": "apache-2.0", "base_model": "openai/whisper-base", "tags": ["hf-asr-leaderboard", "generated_from_trainer"], "datasets": ["k-seungri/forwhisperfinetuning_dataset"], "model-index": [{"name": "k-seungri/forwhisperfinetuning_model", "results": []}]}, "transformersInfo": {"auto_model": "AutoModelForSpeechSeq2Seq", "pipeline_tag": "automatic-speech-recognition", "processor": "AutoProcessor"}, "siblings": [{"rfilename": ".gitattributes"}, {"rfilename": "README.md"}, {"rfilename": "config.json"}, {"rfilename": "generation_config.json"}, {"rfilename": "model.safetensors"}, {"rfilename": "preprocessor_config.json"}, {"rfilename": "training_args.bin"}], "spaces": [], "createdAt": "2024-01-30T04:39:53.000Z", "safetensors": {"parameters": {"F32": 72593920}, "total": 72593920}, "inferenceStatus": "not-loaded"}