{"_id": "65696b534e2f694cf599d4e1", "id": "k-seungri/qlora-koalpaca-polyglot-12.8b-50step", "modelId": "k-seungri/qlora-koalpaca-polyglot-12.8b-50step", "author": "k-seungri", "sha": "15c26aa73d6d86f5c0d003e47bfb1303a25b3826", "lastModified": "2023-12-01T05:12:51.000Z", "private": false, "disabled": false, "gated": false, "tags": ["region:us"], "downloads": 0, "likes": 0, "siblings": [{"rfilename": ".gitattributes"}], "spaces": [], "createdAt": "2023-12-01T05:12:51.000Z", "inferenceStatus": "not-loaded"}