{"_id": "65b87e58078c543033c8281b", "id": "k-seungri/forwhisperfinetunings_training_args_tokenizer", "modelId": "k-seungri/forwhisperfinetunings_training_args_tokenizer", "author": "k-seungri", "sha": "33a611870ad31daf0c96c5c4276c040371f782c5", "lastModified": "2024-01-30T04:43:04.000Z", "private": false, "disabled": false, "gated": false, "tags": ["transformers", "arxiv:1910.09700", "endpoints_compatible", "region:us"], "downloads": 0, "library_name": "transformers", "likes": 0, "model-index": null, "config": {"tokenizer_config": {"bos_token": "<|endoftext|>", "eos_token": "<|endoftext|>", "pad_token": "<|endoftext|>", "unk_token": "<|endoftext|>"}}, "cardData": {"library_name": "transformers", "tags": []}, "transformersInfo": {"auto_model": "AutoModel"}, "siblings": [{"rfilename": ".gitattributes"}, {"rfilename": "README.md"}, {"rfilename": "added_tokens.json"}, {"rfilename": "merges.txt"}, {"rfilename": "normalizer.json"}, {"rfilename": "special_tokens_map.json"}, {"rfilename": "tokenizer_config.json"}, {"rfilename": "vocab.json"}], "spaces": [], "createdAt": "2024-01-30T04:43:04.000Z", "inferenceStatus": "not-loaded"}