{"_id": "63ea6bed2c2fcf93e78123a7", "id": "k-ush/xlm-roberta-base-ance-warmup", "modelId": "k-ush/xlm-roberta-base-ance-warmup", "author": "k-ush", "sha": "2a379ede296696aabd5fb92b5f9b7fa2705a532f", "lastModified": "2023-02-14T08:30:05.000Z", "private": false, "disabled": false, "gated": false, "pipeline_tag": "fill-mask", "tags": ["transformers", "pytorch", "xlm-roberta", "fill-mask", "en", "autotrain_compatible", "region:us"], "downloads": 1, "library_name": "transformers", "mask_token": "<mask>", "widgetData": [{"text": "Paris is the <mask> of France."}, {"text": "The goal of life is <mask>."}], "likes": 0, "model-index": null, "config": {"architectures": ["XLMRobertaForMaskedLM"], "model_type": "xlm-roberta", "tokenizer_config": {}}, "cardData": {"language": ["en"], "inference": false}, "transformersInfo": {"auto_model": "AutoModelForMaskedLM", "pipeline_tag": "fill-mask", "processor": "AutoTokenizer"}, "siblings": [{"rfilename": ".gitattributes"}, {"rfilename": "README.md"}, {"rfilename": "added_tokens.json"}, {"rfilename": "config.json"}, {"rfilename": "optimizer.pt"}, {"rfilename": "pytorch_model.bin"}, {"rfilename": "scheduler.pt"}, {"rfilename": "sentencepiece.bpe.model"}, {"rfilename": "special_tokens_map.json"}, {"rfilename": "tokenizer_config.json"}], "spaces": [], "createdAt": "2023-02-13T16:57:17.000Z", "inferenceStatus": "not-loaded"}