{"_id": "6667913862af0a041af95d56", "id": "K00B404/Dirty-Hairy-Llolphin-1.1B-v2", "modelId": "K00B404/Dirty-Hairy-Llolphin-1.1B-v2", "author": "K00B404", "sha": "502b236db8211a974e10cfd58dd67880509a8552", "lastModified": "2024-06-10T23:51:01.000Z", "private": false, "disabled": false, "gated": false, "pipeline_tag": "text-generation", "tags": ["transformers", "safetensors", "llama", "text-generation", "merge", "mergekit", "lazymergekit", "LiteAI/Hare-1.1B-Chat", "cognitivecomputations/TinyDolphin-2.8-1.1b", "D1rtyB1rd/Dirty-Alice-Tiny-1.1B-v1", "license:apache-2.0", "autotrain_compatible", "text-generation-inference", "endpoints_compatible", "region:us"], "downloads": 120, "library_name": "transformers", "widgetData": [{"text": "My name is Julien and I like to"}, {"text": "My name is Thomas and my main"}, {"text": "My name is Mariama, my favorite"}, {"text": "My name is Clara and I am"}, {"text": "My name is Lewis and I like to"}, {"text": "My name is Merve and my favorite"}, {"text": "My name is Teven and I am"}, {"text": "Once upon a time,"}], "likes": 0, "model-index": null, "config": {"architectures": ["LlamaForCausalLM"], "model_type": "llama", "tokenizer_config": {"bos_token": "<s>", "eos_token": "</s>", "pad_token": null, "unk_token": "<unk>", "use_default_system_prompt": false}}, "cardData": {"license": "apache-2.0", "tags": ["merge", "mergekit", "lazymergekit", "LiteAI/Hare-1.1B-Chat", "cognitivecomputations/TinyDolphin-2.8-1.1b", "D1rtyB1rd/Dirty-Alice-Tiny-1.1B-v1"]}, "transformersInfo": {"auto_model": "AutoModelForCausalLM", "pipeline_tag": "text-generation", "processor": "AutoTokenizer"}, "siblings": [{"rfilename": ".gitattributes"}, {"rfilename": "README.md"}, {"rfilename": "config.json"}, {"rfilename": "mergekit_config.yml"}, {"rfilename": "model-00001-of-00003.safetensors"}, {"rfilename": "model-00002-of-00003.safetensors"}, {"rfilename": "model-00003-of-00003.safetensors"}, {"rfilename": "model.safetensors.index.json"}, {"rfilename": "special_tokens_map.json"}, {"rfilename": "tokenizer.json"}, {"rfilename": "tokenizer.model"}, {"rfilename": "tokenizer_config.json"}], "spaces": ["K00B404/Dirty-Hairy-Llolphin-1.1B-v2"], "createdAt": "2024-06-10T23:50:16.000Z", "safetensors": {"parameters": {"F16": 1100048384}, "total": 1100048384}, "inferenceStatus": "not-loaded"}