{"_id": "661ca42a1a5b6766c4e10778", "id": "K00B404/BagOMistral_14X_Coders-ties-7B", "modelId": "K00B404/BagOMistral_14X_Coders-ties-7B", "author": "K00B404", "sha": "d7688cc9ed92baa89afb99da921503a7b68ec432", "lastModified": "2024-04-15T03:53:35.000Z", "private": false, "disabled": false, "gated": false, "pipeline_tag": "text-generation", "tags": ["transformers", "safetensors", "mistral", "text-generation", "mergekit", "merge", "conversational", "arxiv:2306.01708", "base_model:K00B404/Merged_Beowolx-CodePro_Medusa2-14X-7B-Mistral-I-v0-2", "base_model:Nexusflow/Starling-LM-7B-beta", "base_model:beowolx/CodeNinja-1.0-OpenChat-7B", "autotrain_compatible", "text-generation-inference", "endpoints_compatible", "region:us"], "downloads": 3, "library_name": "transformers", "widgetData": [{"text": "Hey my name is Julien! How are you?"}, {"text": "Hey my name is Thomas! How are you?"}, {"text": "Hey my name is Mariama! How are you?"}, {"text": "Hey my name is Clara! How are you?"}, {"text": "Hey my name is Julien! How are you?"}, {"text": "Hi."}], "likes": 0, "model-index": null, "config": {"architectures": ["MistralForCausalLM"], "model_type": "mistral", "tokenizer_config": {"bos_token": "<s>", "chat_template": "{{ bos_token }}{% for message in messages %}{% if (message['role'] == 'user') != (loop.index0 % 2 == 0) %}{{ raise_exception('Conversation roles must alternate user/assistant/user/assistant/...') }}{% endif %}{% if message['role'] == 'user' %}{{ '[INST] ' + message['content'] + ' [/INST]' }}{% elif message['role'] == 'assistant' %}{{ message['content'] + eos_token}}{% else %}{{ raise_exception('Only user and assistant roles are supported!') }}{% endif %}{% endfor %}", "eos_token": "</s>", "pad_token": null, "unk_token": "<unk>", "use_default_system_prompt": false}}, "cardData": {"base_model": ["K00B404/Merged_Beowolx-CodePro_Medusa2-14X-7B-Mistral-I-v0-2", "Nexusflow/Starling-LM-7B-beta", "beowolx/CodeNinja-1.0-OpenChat-7B"], "library_name": "transformers", "tags": ["mergekit", "merge"]}, "transformersInfo": {"auto_model": "AutoModelForCausalLM", "pipeline_tag": "text-generation", "processor": "AutoTokenizer"}, "siblings": [{"rfilename": ".gitattributes"}, {"rfilename": "README.md"}, {"rfilename": "config.json"}, {"rfilename": "mergekit_config.yml"}, {"rfilename": "model-00001-of-00002.safetensors"}, {"rfilename": "model-00002-of-00002.safetensors"}, {"rfilename": "model.safetensors.index.json"}, {"rfilename": "special_tokens_map.json"}, {"rfilename": "tokenizer.json"}, {"rfilename": "tokenizer.model"}, {"rfilename": "tokenizer_config.json"}], "spaces": [], "createdAt": "2024-04-15T03:51:06.000Z", "safetensors": {"parameters": {"F16": 7241732096}, "total": 7241732096}, "inferenceStatus": "not-loaded"}