{"_id": "665fdec6c46ff7b2e18f07fd", "id": "K00B404/bert-base-uncased_CODE", "modelId": "K00B404/bert-base-uncased_CODE", "author": "K00B404", "sha": "b3914879889cca789df1fc04ffb10208ac2bee05", "lastModified": "2024-06-05T03:43:02.000Z", "private": false, "disabled": false, "gated": false, "tags": ["license:wtfpl", "region:us"], "downloads": 0, "likes": 0, "model-index": null, "cardData": {"license": "wtfpl"}, "siblings": [{"rfilename": ".gitattributes"}, {"rfilename": "README.md"}], "spaces": [], "createdAt": "2024-06-05T03:43:02.000Z", "inferenceStatus": "not-loaded"}