{"_id": "64afa425d2373ae50c0f5e2e", "id": "K024/chatglm2-6b-int8", "modelId": "K024/chatglm2-6b-int8", "author": "K024", "sha": "836cd93aa971aa78afd106ff337f4536c5180a0d", "lastModified": "2023-07-13T07:18:11.000Z", "private": false, "disabled": false, "gated": false, "tags": ["transformers", "ChatGLM2Model", "glm", "chatglm", "thudm", "zh", "en", "endpoints_compatible", "region:us"], "downloads": 1, "library_name": "transformers", "likes": 1, "model-index": null, "config": {"model_type": "ChatGLM2Model"}, "cardData": {"language": ["zh", "en"], "tags": ["glm", "chatglm", "thudm"]}, "transformersInfo": {"auto_model": "AutoModel"}, "siblings": [{"rfilename": ".gitattributes"}, {"rfilename": "README.md"}, {"rfilename": "config.json"}, {"rfilename": "model_weights_0.safetensors"}, {"rfilename": "model_weights_1.safetensors"}, {"rfilename": "model_weights_2.safetensors"}, {"rfilename": "sentencepiece.model"}], "spaces": [], "createdAt": "2023-07-13T07:13:41.000Z", "inferenceStatus": "not-loaded"}