{"_id": "644b7b56d873cbc8cc2865af", "id": "K024/ChatGLM-6b-onnx-u8s8", "modelId": "K024/ChatGLM-6b-onnx-u8s8", "author": "K024", "sha": "239716063f1eca8b9c668d3b03c1ecb8a14a2852", "lastModified": "2023-05-16T07:48:13.000Z", "private": false, "disabled": false, "gated": false, "tags": ["onnx", "chatglm", "glm", "onnxruntime", "zh", "en", "region:us"], "downloads": 0, "likes": 11, "model-index": null, "cardData": {"language": ["zh", "en"], "tags": ["chatglm", "glm", "onnx", "onnxruntime"]}, "siblings": [{"rfilename": ".gitattributes"}, {"rfilename": ".gitignore"}, {"rfilename": "README.md"}, {"rfilename": "chatglm-6b-int8-onnx-merged/chatglm-6b-int8.onnx"}, {"rfilename": "chatglm-6b-int8-onnx-merged/model_weights_0.bin"}, {"rfilename": "chatglm-6b-int8-onnx-merged/model_weights_1.bin"}, {"rfilename": "chatglm-6b-int8-onnx-merged/model_weights_2.bin"}, {"rfilename": "chatglm-6b-int8-onnx-merged/model_weights_3.bin"}, {"rfilename": "chatglm-6b-int8-onnx-merged/model_weights_4.bin"}, {"rfilename": "chatglm-6b-int8-onnx-merged/model_weights_5.bin"}, {"rfilename": "chatglm-6b-int8-onnx-merged/model_weights_6.bin"}, {"rfilename": "chatglm-6b-int8-onnx-merged/sentencepiece.model"}, {"rfilename": "model.py"}, {"rfilename": "requirements.txt"}, {"rfilename": "tokenizer.py"}, {"rfilename": "web-ui.py"}], "spaces": ["qingxu98/gpt-academic", "carolnc/gpt-academic", "everr/gpt-academic111", "hzwluoye/gpt-academic", "justest/GPT-Academic-with-B3n-AI", "zjuzjw/gpt-academic", "npc0/BookSumTest", "xiongfly/gpt-ac", "Leachim/gpt-academic-old", "qfeng/ZKY-GPT3.48", "DuanSuKa/gpt-academic1", "ayaowei/gpt-academic", "zjf199249/gpt", "shanmin/gpt-academic", "MinatoAquin33/gpt-academic", "Guoyccc/gpt-academic-v3", "zhizhuo/gpt-academic", "hieroglyphs/gpt-academic", "PacBio/BioTree_gpt-academic", "zhaisilong/gpt-academic", "supercyx3/academic", "hieroglyphs/AI-tour-guide", "himoral/gpt-academic349", "JhonSakib/gpt-academic", "pyrroleach/gpt-academic-3.49-public", "Ssspirit/fan-gpt", "dscdtc/gpt-academic", "seadon/gpt-academic2", "huangyu2023/gpt-academic", "Zeeco/gpt-academic-916", "wyplogin/gpt-academic2", "hyljame/learngpt", "koricyan/git_projects", "fiui/gpt-academic", "Ssspirit/zhao-gpt", "Tayttt13/gpt-acade", "axuhongbo/gpt-academic3.55", "caov/gpt-academic", "shifanga/gpt-academic", "himoral/gpt-academi3.55", "Zeeco/gpt233", "xqx666/gptad", "tmac007/gpt-academic", "MoyerLiu/gpt-academic", "bownbicak/gpt-academic4446", "rao223/GPT-rjl-ad2", "marsalpha/gpt-academic", "RAIN222/gpt-academic", "TQR18/gpt-academic2", "whbcmon/gpt-academic", "whbcomn/gpt-academic", "leoyuxiang/gpt-academic", "HIVFK/aizggcsd", "MikuNakanoyyds/gpt-academic", "hushhhhovo/gpt-academic", "vitalyr/gpt-academic", "long0101/gpt-academic", "einfachalf/gpt-academic", "cming0420/gpt-academic", "hengkai/gpt-academic", "HIVFK/aizggcsd1", "QLWD/gpt-academic", "qinglin96/gpt-academic3.6", "DrBadass/gpt-academic", "darren1231/gpt-academic_2", "DuanSuKa/gpt-academic2", "Leachim/gpt-academic", "BuzzHr/gpt-academic002", "xiaohua1011/gpt-academic", "durukan/gptacademic", "lizhe0326/gpt-academic", "SincoMao/test", "zhaomuqing/gpt-academic", "zhlinh/gpt-academic", "forever-yu/gpt-academic", "BuzzHr/gpt-academic001", "kuxian/gpt-academic", "CaiRou-Huang/gpt-academic-test", "Ayndpa/gpt-academic", "everr/gpt-academicrrrr", "KevinLi0628/gpt-academic", "Cyburger/die", "hongdaaaaaaaa/gpt-academic", "adminstr/gpt-academic", "JACK-Chen/gpt-academic-private", "new-ames/gpt-academic-Joy", "leong001/gpt-academic", "JerryYin777/gpt-academic-hust", "yl5545/gpt-academic", "Gunther0906/gpt-academic-3.7", "smith8/gpt1", "oncehere/gpt-academic", "CloverWang/gpt-academic", "sugar404/gpt-academic", "oneapi/gpt-academic", "justseemore/gpt-academic", "Rong233/gpt-academic-for-Jiang", "abing0215/gpt-academic-final", "amber0628h/gpt-academic", "viod/gpt-academic"], "createdAt": "2023-04-28T07:52:54.000Z", "inferenceStatus": "not-loaded"}