{"_id": "65b1a4a579954e21acbe83c2", "id": "k0marenk0/1_AK", "modelId": "k0marenk0/1_AK", "author": "k0marenk0", "sha": "e13145c2fbdc7802353618f8928d67fc1f91dc11", "lastModified": "2024-01-25T00:00:37.000Z", "private": false, "disabled": false, "gated": false, "tags": ["license:openrail", "region:us"], "downloads": 0, "likes": 0, "model-index": null, "cardData": {"license": "openrail"}, "siblings": [{"rfilename": ".gitattributes"}, {"rfilename": "README.md"}], "spaces": [], "createdAt": "2024-01-25T00:00:37.000Z", "inferenceStatus": "not-loaded"}