{"_id": "64fb1e1c52e82dd432698f62", "id": "k0nv1ct/text-complexity-Hybrid-Averaging", "modelId": "k0nv1ct/text-complexity-Hybrid-Averaging", "author": "k0nv1ct", "sha": "581b550d90b6c6bc18c758942577c435a34bd8cc", "lastModified": "2023-09-08T13:14:05.000Z", "private": false, "disabled": false, "gated": false, "tags": ["region:us"], "downloads": 0, "likes": 0, "config": {"tokenizer_config": {"cls_token": "[CLS]", "mask_token": "[MASK]", "pad_token": "[PAD]", "sep_token": "[SEP]", "unk_token": "[UNK]"}}, "siblings": [{"rfilename": ".gitattributes"}, {"rfilename": "special_tokens_map.json"}, {"rfilename": "tokenizer_config.json"}, {"rfilename": "vocab.txt"}], "spaces": [], "createdAt": "2023-09-08T13:14:04.000Z", "inferenceStatus": "not-loaded"}