{"_id": "64e9eef0895a36ab28afa1d7", "id": "k0nv1ct/text-complexity-roberta", "modelId": "k0nv1ct/text-complexity-roberta", "author": "k0nv1ct", "sha": "cfae950af5fd614c1611463fc3902be8acc98a04", "lastModified": "2023-08-26T12:25:14.000Z", "private": false, "disabled": false, "gated": false, "pipeline_tag": "token-classification", "tags": ["transformers", "pytorch", "xlm-roberta", "token-classification", "autotrain_compatible", "endpoints_compatible", "region:us"], "downloads": 3, "library_name": "transformers", "mask_token": "<mask>", "widgetData": [{"text": "My name is Wolfgang and I live in Berlin"}, {"text": "My name is Sarah and I live in London"}, {"text": "My name is Clara and I live in Berkeley, California."}], "likes": 0, "config": {"architectures": ["XLMRobertaForTokenClassification"], "model_type": "xlm-roberta", "tokenizer_config": {"bos_token": "<s>", "cls_token": "<s>", "eos_token": "</s>", "mask_token": {"__type": "AddedToken", "content": "<mask>", "lstrip": true, "normalized": true, "rstrip": false, "single_word": false}, "pad_token": "<pad>", "sep_token": "</s>", "unk_token": "<unk>"}}, "transformersInfo": {"auto_model": "AutoModelForTokenClassification", "pipeline_tag": "token-classification", "processor": "AutoTokenizer"}, "siblings": [{"rfilename": ".gitattributes"}, {"rfilename": "config.json"}, {"rfilename": "pytorch_model.bin"}, {"rfilename": "sentencepiece.bpe.model"}, {"rfilename": "special_tokens_map.json"}, {"rfilename": "tokenizer.json"}, {"rfilename": "tokenizer_config.json"}], "spaces": [], "createdAt": "2023-08-26T12:24:16.000Z", "inferenceStatus": "not-loaded"}