{"_id": "65277a1f11a8a521c91d87b8", "id": "k0T0z/ppo-Huggy", "modelId": "k0T0z/ppo-Huggy", "author": "k0T0z", "sha": "160ebee5d219cd6d1d104b6054360112ef8088a6", "lastModified": "2023-10-12T04:46:29.000Z", "private": false, "disabled": false, "gated": false, "pipeline_tag": "reinforcement-learning", "tags": ["ml-agents", "tensorboard", "onnx", "Huggy", "deep-reinforcement-learning", "reinforcement-learning", "ML-Agents-Huggy", "region:us"], "downloads": 68, "library_name": "ml-agents", "likes": 0, "model-index": null, "config": {}, "cardData": {"library_name": "ml-agents", "tags": ["Huggy", "deep-reinforcement-learning", "reinforcement-learning", "ML-Agents-Huggy"]}, "siblings": [{"rfilename": ".gitattributes"}, {"rfilename": "Huggy.onnx"}, {"rfilename": "Huggy/Huggy-1199989.onnx"}, {"rfilename": "Huggy/Huggy-1199989.pt"}, {"rfilename": "Huggy/Huggy-1399981.onnx"}, {"rfilename": "Huggy/Huggy-1399981.pt"}, {"rfilename": "Huggy/Huggy-1599984.onnx"}, {"rfilename": "Huggy/Huggy-1599984.pt"}, {"rfilename": "Huggy/Huggy-1799905.onnx"}, {"rfilename": "Huggy/Huggy-1799905.pt"}, {"rfilename": "Huggy/Huggy-199987.onnx"}, {"rfilename": "Huggy/Huggy-199987.pt"}, {"rfilename": "Huggy/Huggy-1999963.onnx"}, {"rfilename": "Huggy/Huggy-1999963.pt"}, {"rfilename": "Huggy/Huggy-2000017.onnx"}, {"rfilename": "Huggy/Huggy-2000017.pt"}, {"rfilename": "Huggy/Huggy-399939.onnx"}, {"rfilename": "Huggy/Huggy-399939.pt"}, {"rfilename": "Huggy/Huggy-599866.onnx"}, {"rfilename": "Huggy/Huggy-599866.pt"}, {"rfilename": "Huggy/Huggy-799910.onnx"}, {"rfilename": "Huggy/Huggy-799910.pt"}, {"rfilename": "Huggy/Huggy-999940.onnx"}, {"rfilename": "Huggy/Huggy-999940.pt"}, {"rfilename": "Huggy/checkpoint.pt"}, {"rfilename": "Huggy/events.out.tfevents.1697083510.01cd29ee79a3.1441.0"}, {"rfilename": "README.md"}, {"rfilename": "config.json"}, {"rfilename": "configuration.yaml"}, {"rfilename": "run_logs/Player-0.log"}, {"rfilename": "run_logs/timers.json"}, {"rfilename": "run_logs/training_status.json"}], "spaces": [], "createdAt": "2023-10-12T04:46:23.000Z", "inferenceStatus": "not-loaded"}