{"_id": "65a9444e68139e3c42131988", "id": "k0T0z/Reinforce-Pixelcopter-PLE-v0", "modelId": "k0T0z/Reinforce-Pixelcopter-PLE-v0", "author": "k0T0z", "sha": "7fab8db19f598e3193598c7247deb030f739b8ac", "lastModified": "2024-01-27T23:09:43.000Z", "private": false, "disabled": false, "gated": false, "pipeline_tag": "reinforcement-learning", "tags": ["Pixelcopter-PLE-v0", "reinforce", "reinforcement-learning", "custom-implementation", "deep-rl-class", "model-index", "region:us"], "downloads": 0, "likes": 0, "model-index": [{"name": "Reinforce-Pixelcopter-PLE-v0", "results": [{"task": {"type": "reinforcement-learning", "name": "reinforcement-learning"}, "dataset": {"name": "Pixelcopter-PLE-v0", "type": "Pixelcopter-PLE-v0"}, "metrics": [{"type": "mean_reward", "value": "30.40 +/- 15.78", "name": "mean_reward", "verified": false}]}]}], "cardData": {"tags": ["Pixelcopter-PLE-v0", "reinforce", "reinforcement-learning", "custom-implementation", "deep-rl-class"], "model-index": [{"name": "Reinforce-Pixelcopter-PLE-v0", "results": [{"task": {"type": "reinforcement-learning", "name": "reinforcement-learning"}, "dataset": {"name": "Pixelcopter-PLE-v0", "type": "Pixelcopter-PLE-v0"}, "metrics": [{"type": "mean_reward", "value": "30.40 +/- 15.78", "name": "mean_reward", "verified": false}]}]}]}, "siblings": [{"rfilename": ".gitattributes"}, {"rfilename": "README.md"}, {"rfilename": "hyperparameters.json"}, {"rfilename": "model.pt"}, {"rfilename": "replay.mp4"}, {"rfilename": "results.json"}], "spaces": [], "createdAt": "2024-01-18T15:31:26.000Z", "inferenceStatus": "not-loaded"}