{"_id": "65afceefa3085d018b0881a5", "id": "k0T0z/poca-SoccerTwos", "modelId": "k0T0z/poca-SoccerTwos", "author": "k0T0z", "sha": "d71cbe845f2008386b082a19fd2690fe59d9d862", "lastModified": "2024-01-23T15:09:59.000Z", "private": false, "disabled": false, "gated": false, "pipeline_tag": "reinforcement-learning", "tags": ["ml-agents", "tensorboard", "onnx", "SoccerTwos", "deep-reinforcement-learning", "reinforcement-learning", "ML-Agents-SoccerTwos", "region:us"], "downloads": 22, "library_name": "ml-agents", "likes": 0, "model-index": null, "config": {}, "cardData": {"library_name": "ml-agents", "tags": ["SoccerTwos", "deep-reinforcement-learning", "reinforcement-learning", "ML-Agents-SoccerTwos"]}, "siblings": [{"rfilename": ".gitattributes"}, {"rfilename": "README.md"}, {"rfilename": "SoccerTwos.onnx"}, {"rfilename": "SoccerTwos/SoccerTwos-1499904.onnx"}, {"rfilename": "SoccerTwos/SoccerTwos-1499904.pt"}, {"rfilename": "SoccerTwos/SoccerTwos-1999896.onnx"}, {"rfilename": "SoccerTwos/SoccerTwos-1999896.pt"}, {"rfilename": "SoccerTwos/SoccerTwos-2015904.onnx"}, {"rfilename": "SoccerTwos/SoccerTwos-2015904.pt"}, {"rfilename": "SoccerTwos/SoccerTwos-499016.onnx"}, {"rfilename": "SoccerTwos/SoccerTwos-499016.pt"}, {"rfilename": "SoccerTwos/SoccerTwos-999696.onnx"}, {"rfilename": "SoccerTwos/SoccerTwos-999696.pt"}, {"rfilename": "SoccerTwos/checkpoint.pt"}, {"rfilename": "SoccerTwos/events.out.tfevents.1706015855.k0t0z-System-Product-Name.77997.0"}, {"rfilename": "config.json"}, {"rfilename": "configuration.yaml"}, {"rfilename": "run_logs/Player-0.log"}, {"rfilename": "run_logs/timers.json"}, {"rfilename": "run_logs/training_status.json"}], "spaces": [], "createdAt": "2024-01-23T14:36:31.000Z", "inferenceStatus": "not-loaded"}