{"_id": "651ea14f9efc191e5aec9860", "id": "k0T0z/ppo-LunarLander-v2", "modelId": "k0T0z/ppo-LunarLander-v2", "author": "k0T0z", "sha": "b307ee1a985583f02c32e044769d57b476cc34d7", "lastModified": "2023-10-05T11:43:31.000Z", "private": false, "disabled": false, "gated": false, "pipeline_tag": "reinforcement-learning", "tags": ["stable-baselines3", "LunarLander-v2", "deep-reinforcement-learning", "reinforcement-learning", "model-index", "region:us"], "downloads": 1, "library_name": "stable-baselines3", "likes": 0, "model-index": [{"name": "PPO", "results": [{"task": {"type": "reinforcement-learning", "name": "reinforcement-learning"}, "dataset": {"name": "LunarLander-v2", "type": "LunarLander-v2"}, "metrics": [{"type": "mean_reward", "value": "271.31 +/- 20.01", "name": "mean_reward", "verified": false}]}]}], "config": {}, "cardData": {"library_name": "stable-baselines3", "tags": ["LunarLander-v2", "deep-reinforcement-learning", "reinforcement-learning", "stable-baselines3"], "model-index": [{"name": "PPO", "results": [{"task": {"type": "reinforcement-learning", "name": "reinforcement-learning"}, "dataset": {"name": "LunarLander-v2", "type": "LunarLander-v2"}, "metrics": [{"type": "mean_reward", "value": "271.31 +/- 20.01", "name": "mean_reward", "verified": false}]}]}]}, "siblings": [{"rfilename": ".gitattributes"}, {"rfilename": "README.md"}, {"rfilename": "config.json"}, {"rfilename": "on_moon_lander.zip"}, {"rfilename": "on_moon_lander/_stable_baselines3_version"}, {"rfilename": "on_moon_lander/data"}, {"rfilename": "on_moon_lander/policy.optimizer.pth"}, {"rfilename": "on_moon_lander/policy.pth"}, {"rfilename": "on_moon_lander/pytorch_variables.pth"}, {"rfilename": "on_moon_lander/system_info.txt"}, {"rfilename": "replay.mp4"}, {"rfilename": "results.json"}], "spaces": [], "createdAt": "2023-10-05T11:43:11.000Z", "inferenceStatus": "not-loaded"}