{"_id": "6548b37308deaa0c9135e9f3", "id": "k0x3k/my_eli5_clm-model", "modelId": "k0x3k/my_eli5_clm-model", "author": "k0x3k", "sha": "207e9b2b321947bd2ef55d45a29d1ff71b0ce5d2", "lastModified": "2023-11-06T11:45:50.000Z", "private": false, "disabled": false, "gated": false, "pipeline_tag": "text-generation", "tags": ["transformers", "tensorboard", "safetensors", "gpt2", "text-generation", "autotrain_compatible", "text-generation-inference", "endpoints_compatible", "region:us"], "downloads": 2, "library_name": "transformers", "widgetData": [{"text": "My name is Julien and I like to"}, {"text": "My name is Thomas and my main"}, {"text": "My name is Mariama, my favorite"}, {"text": "My name is Clara and I am"}, {"text": "My name is Lewis and I like to"}, {"text": "My name is Merve and my favorite"}, {"text": "My name is Teven and I am"}, {"text": "Once upon a time,"}], "likes": 0, "config": {"architectures": ["GPT2LMHeadModel"], "model_type": "gpt2"}, "transformersInfo": {"auto_model": "AutoModelForCausalLM", "pipeline_tag": "text-generation", "processor": "AutoTokenizer"}, "siblings": [{"rfilename": ".gitattributes"}, {"rfilename": "config.json"}, {"rfilename": "model.safetensors"}, {"rfilename": "runs/Nov06_09-35-47_5a23a1ca489a/events.out.tfevents.1699263361.5a23a1ca489a.39872.0"}, {"rfilename": "training_args.bin"}], "spaces": [], "createdAt": "2023-11-06T09:35:47.000Z", "safetensors": {"parameters": {"F32": 81912576}, "total": 81912576}, "inferenceStatus": "not-loaded"}