{"_id": "65716a4cc1b36e8e579dd957", "id": "k0x3k/ppo-lunarlander-v2", "modelId": "k0x3k/ppo-lunarlander-v2", "author": "k0x3k", "sha": "d0477f71788b6d2c88a86bc1c8047ec79f02cc51", "lastModified": "2023-12-08T05:54:46.000Z", "private": false, "disabled": false, "gated": false, "pipeline_tag": "reinforcement-learning", "tags": ["stable-baselines3", "LunarLander-v2", "deep-reinforcement-learning", "reinforcement-learning", "model-index", "region:us"], "downloads": 2, "library_name": "stable-baselines3", "likes": 0, "model-index": [{"name": "PPO", "results": [{"task": {"type": "reinforcement-learning", "name": "reinforcement-learning"}, "dataset": {"name": "LunarLander-v2", "type": "LunarLander-v2"}, "metrics": [{"type": "mean_reward", "value": "294.88 +/- 14.33", "name": "mean_reward", "verified": false}]}]}], "config": {}, "cardData": {"library_name": "stable-baselines3", "tags": ["LunarLander-v2", "deep-reinforcement-learning", "reinforcement-learning", "stable-baselines3"], "model-index": [{"name": "PPO", "results": [{"task": {"type": "reinforcement-learning", "name": "reinforcement-learning"}, "dataset": {"name": "LunarLander-v2", "type": "LunarLander-v2"}, "metrics": [{"type": "mean_reward", "value": "294.88 +/- 14.33", "name": "mean_reward", "verified": false}]}]}]}, "siblings": [{"rfilename": ".gitattributes"}, {"rfilename": "README.md"}, {"rfilename": "config.json"}, {"rfilename": "karma-ppo-ll-next.zip"}, {"rfilename": "karma-ppo-ll-next/_stable_baselines3_version"}, {"rfilename": "karma-ppo-ll-next/data"}, {"rfilename": "karma-ppo-ll-next/policy.optimizer.pth"}, {"rfilename": "karma-ppo-ll-next/policy.pth"}, {"rfilename": "karma-ppo-ll-next/pytorch_variables.pth"}, {"rfilename": "karma-ppo-ll-next/system_info.txt"}, {"rfilename": "karma-ppo-lunarlander.zip"}, {"rfilename": "karma-ppo-lunarlander/_stable_baselines3_version"}, {"rfilename": "karma-ppo-lunarlander/data"}, {"rfilename": "karma-ppo-lunarlander/policy.optimizer.pth"}, {"rfilename": "karma-ppo-lunarlander/policy.pth"}, {"rfilename": "karma-ppo-lunarlander/pytorch_variables.pth"}, {"rfilename": "karma-ppo-lunarlander/system_info.txt"}, {"rfilename": "replay.mp4"}, {"rfilename": "results.json"}], "spaces": [], "createdAt": "2023-12-07T06:46:36.000Z", "inferenceStatus": "not-loaded"}