{"_id": "63eb172c15821fe67c4f1ab7", "id": "K103/nva-Dhomochevsky", "modelId": "K103/nva-Dhomochevsky", "author": "K103", "sha": "4c572b01d67b273adc47699650a00c58e3ceb494", "lastModified": "2023-02-14T05:08:20.000Z", "private": false, "disabled": false, "gated": false, "tags": ["region:us"], "downloads": 0, "likes": 0, "siblings": [{"rfilename": ".gitattributes"}, {"rfilename": "Dhomochevsky-000001.safetensors"}, {"rfilename": "Dhomochevsky-000002.safetensors"}, {"rfilename": "Dhomochevsky-000003.safetensors"}, {"rfilename": "Dhomochevsky-000004.safetensors"}, {"rfilename": "Dhomochevsky-000005.safetensors"}, {"rfilename": "Dhomochevsky-000006.safetensors"}, {"rfilename": "Dhomochevsky-000007.safetensors"}, {"rfilename": "Dhomochevsky-000008.safetensors"}, {"rfilename": "Dhomochevsky-000009.safetensors"}, {"rfilename": "Dhomochevsky.safetensors"}], "spaces": [], "createdAt": "2023-02-14T05:07:56.000Z", "inferenceStatus": "not-loaded"}