{"_id": "663cfe33c1b4f7297c6a74a7", "id": "k1101jh/a2c-PandaReachDense-v3", "modelId": "k1101jh/a2c-PandaReachDense-v3", "author": "k1101jh", "sha": "8ded90280e3e00a23d4387b163d4706bdcec0462", "lastModified": "2024-05-09T16:52:31.000Z", "private": false, "disabled": false, "gated": false, "pipeline_tag": "reinforcement-learning", "tags": ["stable-baselines3", "PandaReachDense-v3", "deep-reinforcement-learning", "reinforcement-learning", "model-index", "region:us"], "downloads": 1, "library_name": "stable-baselines3", "likes": 0, "model-index": [{"name": "A2C", "results": [{"task": {"type": "reinforcement-learning", "name": "reinforcement-learning"}, "dataset": {"name": "PandaReachDense-v3", "type": "PandaReachDense-v3"}, "metrics": [{"type": "mean_reward", "value": "-0.24 +/- 0.07", "name": "mean_reward", "verified": false}]}]}], "config": {}, "cardData": {"library_name": "stable-baselines3", "tags": ["PandaReachDense-v3", "deep-reinforcement-learning", "reinforcement-learning", "stable-baselines3"], "model-index": [{"name": "A2C", "results": [{"task": {"type": "reinforcement-learning", "name": "reinforcement-learning"}, "dataset": {"name": "PandaReachDense-v3", "type": "PandaReachDense-v3"}, "metrics": [{"type": "mean_reward", "value": "-0.24 +/- 0.07", "name": "mean_reward", "verified": false}]}]}]}, "siblings": [{"rfilename": ".gitattributes"}, {"rfilename": "README.md"}, {"rfilename": "a2c-PandaReachDense-v3.zip"}, {"rfilename": "a2c-PandaReachDense-v3/_stable_baselines3_version"}, {"rfilename": "a2c-PandaReachDense-v3/data"}, {"rfilename": "a2c-PandaReachDense-v3/policy.optimizer.pth"}, {"rfilename": "a2c-PandaReachDense-v3/policy.pth"}, {"rfilename": "a2c-PandaReachDense-v3/pytorch_variables.pth"}, {"rfilename": "a2c-PandaReachDense-v3/system_info.txt"}, {"rfilename": "config.json"}, {"rfilename": "replay.mp4"}, {"rfilename": "results.json"}, {"rfilename": "vec_normalize.pkl"}], "spaces": [], "createdAt": "2024-05-09T16:47:47.000Z", "inferenceStatus": "not-loaded"}