{"_id": "64aa856dfb9cf6afdb5e5d93", "id": "k1101jh/ppo-LunarLander-v2", "modelId": "k1101jh/ppo-LunarLander-v2", "author": "k1101jh", "sha": "121f4574a40adf9ee2c5b7eed35917480c3a1964", "lastModified": "2024-05-02T16:06:13.000Z", "private": false, "disabled": false, "gated": false, "pipeline_tag": "reinforcement-learning", "tags": ["stable-baselines3", "LunarLander-v2", "deep-reinforcement-learning", "reinforcement-learning", "model-index", "region:us"], "downloads": 0, "library_name": "stable-baselines3", "likes": 0, "model-index": [{"name": "PPO", "results": [{"task": {"type": "reinforcement-learning", "name": "reinforcement-learning"}, "dataset": {"name": "LunarLander-v2", "type": "LunarLander-v2"}, "metrics": [{"type": "mean_reward", "value": "270.61 +/- 19.03", "name": "mean_reward", "verified": false}]}]}], "config": {}, "cardData": {"library_name": "stable-baselines3", "tags": ["LunarLander-v2", "deep-reinforcement-learning", "reinforcement-learning", "stable-baselines3"], "model-index": [{"name": "PPO", "results": [{"task": {"type": "reinforcement-learning", "name": "reinforcement-learning"}, "dataset": {"name": "LunarLander-v2", "type": "LunarLander-v2"}, "metrics": [{"type": "mean_reward", "value": "270.61 +/- 19.03", "name": "mean_reward", "verified": false}]}]}]}, "siblings": [{"rfilename": ".gitattributes"}, {"rfilename": "README.md"}, {"rfilename": "config.json"}, {"rfilename": "ppo-LunarLander-v2.zip"}, {"rfilename": "ppo-LunarLander-v2/_stable_baselines3_version"}, {"rfilename": "ppo-LunarLander-v2/data"}, {"rfilename": "ppo-LunarLander-v2/policy.optimizer.pth"}, {"rfilename": "ppo-LunarLander-v2/policy.pth"}, {"rfilename": "ppo-LunarLander-v2/pytorch_variables.pth"}, {"rfilename": "ppo-LunarLander-v2/system_info.txt"}, {"rfilename": "replay.mp4"}, {"rfilename": "results.json"}], "spaces": [], "createdAt": "2023-07-09T10:01:17.000Z", "inferenceStatus": "not-loaded"}