{"_id": "663a45c951664a5bcdd817aa", "id": "k1101jh/ppo-Pyramids", "modelId": "k1101jh/ppo-Pyramids", "author": "k1101jh", "sha": "1c5ac2c0dedebee5c06a9c1aa3570fdf7a66c72f", "lastModified": "2024-05-07T15:19:18.000Z", "private": false, "disabled": false, "gated": false, "pipeline_tag": "reinforcement-learning", "tags": ["ml-agents", "tensorboard", "onnx", "Pyramids", "deep-reinforcement-learning", "reinforcement-learning", "ML-Agents-Pyramids", "region:us"], "downloads": 11, "library_name": "ml-agents", "likes": 0, "model-index": null, "config": {}, "cardData": {"library_name": "ml-agents", "tags": ["Pyramids", "deep-reinforcement-learning", "reinforcement-learning", "ML-Agents-Pyramids"]}, "siblings": [{"rfilename": ".gitattributes"}, {"rfilename": "Pyramids.onnx"}, {"rfilename": "Pyramids/Pyramids-1000239.onnx"}, {"rfilename": "Pyramids/Pyramids-1000239.pt"}, {"rfilename": "Pyramids/Pyramids-499917.onnx"}, {"rfilename": "Pyramids/Pyramids-499917.pt"}, {"rfilename": "Pyramids/Pyramids-499928.onnx"}, {"rfilename": "Pyramids/Pyramids-499928.pt"}, {"rfilename": "Pyramids/Pyramids-999973.onnx"}, {"rfilename": "Pyramids/Pyramids-999973.pt"}, {"rfilename": "Pyramids/Pyramids-999983.onnx"}, {"rfilename": "Pyramids/Pyramids-999983.pt"}, {"rfilename": "Pyramids/checkpoint.pt"}, {"rfilename": "Pyramids/events.out.tfevents.1715092945.b8ab1b1928ba.19460.0"}, {"rfilename": "README.md"}, {"rfilename": "config.json"}, {"rfilename": "configuration.yaml"}, {"rfilename": "run_logs/Player-0.log"}, {"rfilename": "run_logs/timers.json"}, {"rfilename": "run_logs/training_status.json"}], "spaces": [], "createdAt": "2024-05-07T15:16:25.000Z", "inferenceStatus": "not-loaded"}