{"_id": "66573487aa4cba861e355b9e", "id": "k1101jh/ppo-LunarLander-v2-unit8", "modelId": "k1101jh/ppo-LunarLander-v2-unit8", "author": "k1101jh", "sha": "588a754e9f5c4570aaac319a7f41c10bb5f2dde5", "lastModified": "2024-05-29T13:58:36.000Z", "private": false, "disabled": false, "gated": false, "pipeline_tag": "reinforcement-learning", "tags": ["tensorboard", "LunarLander-v2", "ppo", "deep-reinforcement-learning", "reinforcement-learning", "custom-implementation", "deep-rl-course", "model-index", "region:us"], "downloads": 0, "likes": 0, "model-index": [{"name": "PPO", "results": [{"task": {"type": "reinforcement-learning", "name": "reinforcement-learning"}, "dataset": {"name": "LunarLander-v2", "type": "LunarLander-v2"}, "metrics": [{"type": "mean_reward", "value": "-141.31 +/- 84.43", "name": "mean_reward", "verified": false}]}]}], "cardData": {"tags": ["LunarLander-v2", "ppo", "deep-reinforcement-learning", "reinforcement-learning", "custom-implementation", "deep-rl-course"], "model-index": [{"name": "PPO", "results": [{"task": {"type": "reinforcement-learning", "name": "reinforcement-learning"}, "dataset": {"name": "LunarLander-v2", "type": "LunarLander-v2"}, "metrics": [{"type": "mean_reward", "value": "-141.31 +/- 84.43", "name": "mean_reward", "verified": false}]}]}]}, "siblings": [{"rfilename": ".gitattributes"}, {"rfilename": "README.md"}, {"rfilename": "logs/events.out.tfevents.1716991069.78b6377a4a33.5350.0"}, {"rfilename": "model.pt"}, {"rfilename": "replay.mp4"}, {"rfilename": "results.json"}], "spaces": [], "createdAt": "2024-05-29T13:58:31.000Z", "inferenceStatus": "not-loaded"}