{"_id": "661428b30dcdede491357fba", "id": "k17hawk/VAE", "modelId": "k17hawk/VAE", "author": "k17hawk", "sha": "21a790b9b51a51e983707deaadfdf58a147cc495", "lastModified": "2024-05-02T15:57:09.000Z", "private": false, "disabled": false, "gated": false, "tags": ["license:mit", "region:us"], "downloads": 0, "likes": 0, "model-index": null, "cardData": {"license": "mit"}, "siblings": [{"rfilename": ".gitattributes"}, {"rfilename": "README.md"}, {"rfilename": "app.py"}, {"rfilename": "decoder.py"}, {"rfilename": "encoder.py"}, {"rfilename": "model.py"}, {"rfilename": "quantized_VAE_weights1.pth"}, {"rfilename": "requirements.txt"}, {"rfilename": "residual_block.py"}, {"rfilename": "self_attention.py"}, {"rfilename": "vae_attention.py"}], "spaces": [], "createdAt": "2024-04-08T17:26:11.000Z", "inferenceStatus": "not-loaded"}