{"_id": "64949fc3974f970ed6476c1f", "id": "k1820303/k18RVC", "modelId": "k1820303/k18RVC", "author": "k1820303", "sha": "105f2f73b58810183d60458d2c11480d1cace729", "lastModified": "2023-07-31T02:30:47.000Z", "private": false, "disabled": false, "gated": false, "tags": ["license:openrail", "region:us"], "downloads": 0, "likes": 0, "model-index": null, "cardData": {"license": "openrail"}, "siblings": [{"rfilename": ".gitattributes"}, {"rfilename": "AiryHFJONE_V2_40khz.zip"}, {"rfilename": "NoahsNoah_V2_40khz.zip"}, {"rfilename": "README.md"}, {"rfilename": "RhulkDestiny_V2_48khz.zip"}, {"rfilename": "ScentyHFJONE_V2_48khz.zip"}, {"rfilename": "ScooterJAOTW_V2_40khz.zip"}, {"rfilename": "ToonamiTOM_V2_40khz.zip"}, {"rfilename": "VJEmmie_V2_48khz.zip"}], "spaces": [], "createdAt": "2023-06-22T19:23:47.000Z", "inferenceStatus": "not-loaded"}