{"_id": "668e2ac39761c585a26e826e", "id": "K1sna/finetuned_mpnet_sst2", "modelId": "K1sna/finetuned_mpnet_sst2", "author": "K1sna", "sha": "ab818f2ca0d270d218816853038f938eefcbadf6", "lastModified": "2024-07-10T06:31:40.000Z", "private": false, "disabled": false, "gated": false, "pipeline_tag": "text-classification", "tags": ["transformers", "safetensors", "mpnet", "text-classification", "autotrain_compatible", "endpoints_compatible", "region:us"], "downloads": 16, "library_name": "transformers", "widgetData": [{"text": "I like you. I love you"}], "likes": 0, "config": {"architectures": ["MPNetForSequenceClassification"], "model_type": "mpnet", "tokenizer_config": {"bos_token": "<s>", "cls_token": "<s>", "eos_token": "</s>", "mask_token": "<mask>", "pad_token": "<pad>", "sep_token": "</s>", "unk_token": "[UNK]"}}, "transformersInfo": {"auto_model": "AutoModelForSequenceClassification", "pipeline_tag": "text-classification", "processor": "AutoTokenizer"}, "siblings": [{"rfilename": ".gitattributes"}, {"rfilename": "config.json"}, {"rfilename": "model.safetensors"}, {"rfilename": "special_tokens_map.json"}, {"rfilename": "tokenizer.json"}, {"rfilename": "tokenizer_config.json"}, {"rfilename": "vocab.txt"}], "spaces": [], "createdAt": "2024-07-10T06:31:31.000Z", "safetensors": {"parameters": {"F32": 109488002}, "total": 109488002}, "inferenceStatus": "not-loaded"}