{"_id": "6634c67d97d6b8fe8fad99a8", "id": "K1sven/Zerik-1", "modelId": "K1sven/Zerik-1", "author": "K1sven", "sha": "bee1a1019a979f86bb69101054ad6a9dbc3d7bc3", "lastModified": "2024-05-03T11:20:58.000Z", "private": false, "disabled": false, "gated": false, "pipeline_tag": "text-generation", "tags": ["transformers", "pytorch", "gpt2", "text-generation", "not-for-all-audiences", "ru", "license:unknown", "autotrain_compatible", "text-generation-inference", "endpoints_compatible", "region:us"], "downloads": 2, "library_name": "transformers", "widgetData": [{"text": "\u041c\u0435\u043d\u044f \u0437\u043e\u0432\u0443\u0442 \u0416\u044e\u043b\u044c\u0435\u043d \u0438"}, {"text": "\u041c\u0435\u043d\u044f \u0437\u043e\u0432\u0443\u0442 \u0422\u043e\u043c\u0430\u0441 \u0438 \u043c\u043e\u0439 \u043e\u0441\u043d\u043e\u0432\u043d\u043e\u0439"}, {"text": "\u041e\u0434\u043d\u0430\u0436\u0434\u044b"}], "likes": 1, "model-index": null, "config": {"architectures": ["GPT2LMHeadModel"], "model_type": "gpt2", "tokenizer_config": {"bos_token": "<s>", "eos_token": "</s>", "mask_token": "<mask>", "pad_token": "<pad>", "unk_token": "<unk>"}}, "cardData": {"license": "unknown", "language": ["ru"], "pipeline_tag": "text-generation", "tags": ["not-for-all-audiences"]}, "transformersInfo": {"auto_model": "AutoModelForCausalLM", "pipeline_tag": "text-generation", "processor": "AutoTokenizer"}, "siblings": [{"rfilename": ".gitattributes"}, {"rfilename": "README.md"}, {"rfilename": "config.json"}, {"rfilename": "generation_config.json"}, {"rfilename": "merges.txt"}, {"rfilename": "pytorch_model.bin"}, {"rfilename": "special_tokens_map.json"}, {"rfilename": "tokenizer_config.json"}, {"rfilename": "vocab.json"}], "spaces": [], "createdAt": "2024-05-03T11:11:57.000Z", "inferenceStatus": "not-loaded"}