{"_id": "661cdcafd7c07238c2a0476f", "id": "k2-fsa/sherpa-onnx-zipformer-small-audio-tagging-2024-04-15", "modelId": "k2-fsa/sherpa-onnx-zipformer-small-audio-tagging-2024-04-15", "author": "k2-fsa", "sha": "c24f9d0fdf7d0b8c0c4f9733aa0cac51fda10c95", "lastModified": "2024-04-15T09:21:25.000Z", "private": false, "disabled": false, "gated": false, "tags": ["onnx", "license:apache-2.0", "region:us"], "downloads": 0, "likes": 0, "model-index": null, "cardData": {"license": "apache-2.0"}, "siblings": [{"rfilename": ".gitattributes"}, {"rfilename": "README.md"}, {"rfilename": "class_labels_indices.csv"}, {"rfilename": "model.int8.onnx"}, {"rfilename": "model.onnx"}, {"rfilename": "test_wavs/1.wav"}, {"rfilename": "test_wavs/10.wav"}, {"rfilename": "test_wavs/11.wav"}, {"rfilename": "test_wavs/12.wav"}, {"rfilename": "test_wavs/13.wav"}, {"rfilename": "test_wavs/2.wav"}, {"rfilename": "test_wavs/3.wav"}, {"rfilename": "test_wavs/4.wav"}, {"rfilename": "test_wavs/5.wav"}, {"rfilename": "test_wavs/6.wav"}, {"rfilename": "test_wavs/7.wav"}, {"rfilename": "test_wavs/8.wav"}, {"rfilename": "test_wavs/9.wav"}], "spaces": ["k2-fsa/audio-tagging"], "createdAt": "2024-04-15T07:52:15.000Z", "inferenceStatus": "not-loaded"}