{"_id": "66790d82d229a7f83030ef76", "id": "k2-fsa/sherpa-onnx-zipformer-korean-2024-06-24", "modelId": "k2-fsa/sherpa-onnx-zipformer-korean-2024-06-24", "author": "k2-fsa", "sha": "0fb4b2b5c8d3e5766121481ba911961e3649c664", "lastModified": "2024-06-24T07:34:30.000Z", "private": false, "disabled": false, "gated": false, "tags": ["onnx", "region:us"], "downloads": 0, "likes": 0, "siblings": [{"rfilename": ".gitattributes"}, {"rfilename": "README.md"}, {"rfilename": "bpe.model"}, {"rfilename": "decoder-epoch-99-avg-1.int8.onnx"}, {"rfilename": "decoder-epoch-99-avg-1.onnx"}, {"rfilename": "encoder-epoch-99-avg-1.int8.onnx"}, {"rfilename": "encoder-epoch-99-avg-1.onnx"}, {"rfilename": "joiner-epoch-99-avg-1.int8.onnx"}, {"rfilename": "joiner-epoch-99-avg-1.onnx"}, {"rfilename": "test_wavs/0.wav"}, {"rfilename": "test_wavs/1.wav"}, {"rfilename": "test_wavs/2.wav"}, {"rfilename": "test_wavs/3.wav"}, {"rfilename": "test_wavs/trans.txt"}, {"rfilename": "tokens.txt"}], "spaces": ["k2-fsa/automatic-speech-recognition", "k2-fsa/generate-subtitles-for-videos"], "createdAt": "2024-06-24T06:09:06.000Z", "inferenceStatus": "not-loaded"}