{"_id": "657822561bf8e371c4d15c20", "id": "k2-fsa/sherpa-onnx-streaming-zipformer-multi-zh-hans-2023-12-12", "modelId": "k2-fsa/sherpa-onnx-streaming-zipformer-multi-zh-hans-2023-12-12", "author": "k2-fsa", "sha": "7c21d52bea5e2f1a9fb334c4e584356716747601", "lastModified": "2024-02-02T22:30:14.000Z", "private": false, "disabled": false, "gated": false, "tags": ["onnx", "license:apache-2.0", "region:us"], "downloads": 0, "likes": 0, "model-index": null, "cardData": {"license": "apache-2.0"}, "siblings": [{"rfilename": ".gitattributes"}, {"rfilename": "README.md"}, {"rfilename": "bpe.model"}, {"rfilename": "decoder-epoch-20-avg-1-chunk-16-left-128.int8.onnx"}, {"rfilename": "decoder-epoch-20-avg-1-chunk-16-left-128.onnx"}, {"rfilename": "encoder-epoch-20-avg-1-chunk-16-left-128.int8.onnx"}, {"rfilename": "encoder-epoch-20-avg-1-chunk-16-left-128.onnx"}, {"rfilename": "joiner-epoch-20-avg-1-chunk-16-left-128.int8.onnx"}, {"rfilename": "joiner-epoch-20-avg-1-chunk-16-left-128.onnx"}, {"rfilename": "test_wavs/DEV_T0000000000.wav"}, {"rfilename": "test_wavs/DEV_T0000000001.wav"}, {"rfilename": "test_wavs/DEV_T0000000002.wav"}, {"rfilename": "test_wavs/TEST_MEETING_T0000000113.wav"}, {"rfilename": "test_wavs/TEST_MEETING_T0000000219.wav"}, {"rfilename": "test_wavs/TEST_MEETING_T0000000351.wav"}, {"rfilename": "tokens.txt"}], "spaces": [], "createdAt": "2023-12-12T09:05:26.000Z", "inferenceStatus": "not-loaded"}