{"_id": "65794b3fd2ae45dee1361508", "id": "k2-fsa/sherpa-onnx-streaming-zipformer-ctc-multi-zh-hans-2023-12-13", "modelId": "k2-fsa/sherpa-onnx-streaming-zipformer-ctc-multi-zh-hans-2023-12-13", "author": "k2-fsa", "sha": "01d22f71a55fda6dcae08d1e5392323176b26be5", "lastModified": "2024-02-02T22:28:28.000Z", "private": false, "disabled": false, "gated": false, "tags": ["onnx", "license:apache-2.0", "region:us"], "downloads": 0, "likes": 0, "model-index": null, "cardData": {"license": "apache-2.0"}, "siblings": [{"rfilename": ".gitattributes"}, {"rfilename": "README.md"}, {"rfilename": "bpe.model"}, {"rfilename": "ctc-epoch-20-avg-1-chunk-16-left-128.int8.onnx"}, {"rfilename": "ctc-epoch-20-avg-1-chunk-16-left-128.onnx"}, {"rfilename": "test_wavs/DEV_T0000000000.wav"}, {"rfilename": "test_wavs/DEV_T0000000001.wav"}, {"rfilename": "test_wavs/DEV_T0000000002.wav"}, {"rfilename": "test_wavs/TEST_MEETING_T0000000113.wav"}, {"rfilename": "test_wavs/TEST_MEETING_T0000000219.wav"}, {"rfilename": "test_wavs/TEST_MEETING_T0000000351.wav"}, {"rfilename": "tokens.txt"}], "spaces": [], "createdAt": "2023-12-13T06:12:15.000Z", "inferenceStatus": "not-loaded"}