{"_id": "6621eb01a11ce46061d2fae0", "id": "k2-fsa/sherpa-onnx-ced-base-audio-tagging-2024-04-19", "modelId": "k2-fsa/sherpa-onnx-ced-base-audio-tagging-2024-04-19", "author": "k2-fsa", "sha": "6c64f5ae637788ad51e138fdaaa4a49686b4eb91", "lastModified": "2024-04-22T02:13:49.000Z", "private": false, "disabled": false, "gated": false, "tags": ["onnx", "region:us"], "downloads": 0, "likes": 0, "siblings": [{"rfilename": ".gitattributes"}, {"rfilename": "README.md"}, {"rfilename": "class_labels_indices.csv"}, {"rfilename": "model.int8.onnx"}, {"rfilename": "model.onnx"}, {"rfilename": "test_wavs/1.wav"}, {"rfilename": "test_wavs/10.wav"}, {"rfilename": "test_wavs/11.wav"}, {"rfilename": "test_wavs/12.wav"}, {"rfilename": "test_wavs/13.wav"}, {"rfilename": "test_wavs/2.wav"}, {"rfilename": "test_wavs/3.wav"}, {"rfilename": "test_wavs/4.wav"}, {"rfilename": "test_wavs/5.wav"}, {"rfilename": "test_wavs/6.wav"}, {"rfilename": "test_wavs/7.wav"}, {"rfilename": "test_wavs/8.wav"}, {"rfilename": "test_wavs/9.wav"}], "spaces": [], "createdAt": "2024-04-19T03:54:41.000Z", "inferenceStatus": "not-loaded"}