{"_id": "63da51a800be420aaa437610", "id": "K304/autotrain-wzd_111-3200189938", "modelId": "K304/autotrain-wzd_111-3200189938", "author": "K304", "sha": "24b855e8463a37a86165bf96364263ea570d29ba", "lastModified": "2023-02-01T11:50:43.000Z", "private": false, "disabled": false, "gated": false, "pipeline_tag": "text-classification", "tags": ["transformers", "pytorch", "bert", "text-classification", "autotrain", "unk", "dataset:K304/autotrain-data-wzd_111", "co2_eq_emissions", "autotrain_compatible", "endpoints_compatible", "region:us"], "downloads": 2, "library_name": "transformers", "mask_token": "[MASK]", "widgetData": [{"text": "I love AutoTrain \ud83e\udd17"}], "likes": 1, "model-index": null, "config": {"architectures": ["BertForSequenceClassification"], "model_type": "bert", "tokenizer_config": {"cls_token": "[CLS]", "mask_token": "[MASK]", "pad_token": "[PAD]", "sep_token": "[SEP]", "unk_token": "[UNK]"}}, "cardData": {"tags": ["autotrain", "text-classification"], "language": ["unk"], "widget": [{"text": "I love AutoTrain \ud83e\udd17"}], "datasets": ["K304/autotrain-data-wzd_111"], "co2_eq_emissions": {"emissions": 0.0141117061535212}}, "transformersInfo": {"auto_model": "AutoModelForSequenceClassification", "pipeline_tag": "text-classification", "processor": "AutoTokenizer"}, "siblings": [{"rfilename": ".gitattributes"}, {"rfilename": "README.md"}, {"rfilename": "config.json"}, {"rfilename": "pytorch_model.bin"}, {"rfilename": "special_tokens_map.json"}, {"rfilename": "tokenizer.json"}, {"rfilename": "tokenizer_config.json"}, {"rfilename": "vocab.txt"}], "spaces": [], "createdAt": "2023-02-01T11:48:56.000Z", "inferenceStatus": "not-loaded"}