{"_id": "63145b02d8dc27b2f7f04f46", "id": "k3lana/xlm-roberta-base-finetuned-panx-de", "modelId": "k3lana/xlm-roberta-base-finetuned-panx-de", "author": "k3lana", "sha": "f6eda0880ee4e2ef93d433e8863a8a5194825d32", "lastModified": "2022-09-04T08:24:50.000Z", "private": false, "disabled": false, "gated": false, "pipeline_tag": "token-classification", "tags": ["transformers", "pytorch", "tensorboard", "xlm-roberta", "token-classification", "generated_from_trainer", "dataset:xtreme", "license:mit", "model-index", "autotrain_compatible", "endpoints_compatible", "region:us"], "downloads": 13, "library_name": "transformers", "mask_token": "<mask>", "widgetData": [{"text": "My name is Wolfgang and I live in Berlin"}, {"text": "My name is Sarah and I live in London"}, {"text": "My name is Clara and I live in Berkeley, California."}], "likes": 0, "model-index": [{"name": "xlm-roberta-base-finetuned-panx-de", "results": [{"task": {"name": "Token Classification", "type": "token-classification"}, "dataset": {"name": "xtreme", "type": "xtreme", "args": "PAN-X.de"}, "metrics": [{"name": "F1", "type": "f1", "value": 0.8648740833380706, "verified": false}]}]}], "config": {"architectures": ["XLMRobertaForTokenClassification"], "model_type": "xlm-roberta", "tokenizer_config": {"bos_token": "<s>", "eos_token": "</s>", "sep_token": "</s>", "cls_token": "<s>", "unk_token": "<unk>", "pad_token": "<pad>", "mask_token": {"content": "<mask>", "single_word": false, "lstrip": true, "rstrip": false, "normalized": true, "__type": "AddedToken"}}}, "cardData": {"license": "mit", "tags": ["generated_from_trainer"], "datasets": ["xtreme"], "metrics": ["f1"], "model-index": [{"name": "xlm-roberta-base-finetuned-panx-de", "results": [{"task": {"name": "Token Classification", "type": "token-classification"}, "dataset": {"name": "xtreme", "type": "xtreme", "args": "PAN-X.de"}, "metrics": [{"name": "F1", "type": "f1", "value": 0.8648740833380706, "verified": false}]}]}]}, "transformersInfo": {"auto_model": "AutoModelForTokenClassification", "pipeline_tag": "token-classification", "processor": "AutoTokenizer"}, "siblings": [{"rfilename": ".gitattributes"}, {"rfilename": ".gitignore"}, {"rfilename": "README.md"}, {"rfilename": "config.json"}, {"rfilename": "pytorch_model.bin"}, {"rfilename": "runs/Sep04_07-59-33_5170efb6643c/1662278435.143759/events.out.tfevents.1662278435.5170efb6643c.71.1"}, {"rfilename": "runs/Sep04_07-59-33_5170efb6643c/events.out.tfevents.1662278435.5170efb6643c.71.0"}, {"rfilename": "sentencepiece.bpe.model"}, {"rfilename": "special_tokens_map.json"}, {"rfilename": "tokenizer.json"}, {"rfilename": "tokenizer_config.json"}, {"rfilename": "training_args.bin"}], "spaces": [], "createdAt": "2022-09-04T08:00:02.000Z", "inferenceStatus": "not-loaded"}