{"_id": "64e74387dafbba06becb94d6", "id": "k43ya/Sato", "modelId": "k43ya/Sato", "author": "k43ya", "sha": "9bfb833ff2484666e24b0f13f86764a6786a3f19", "lastModified": "2023-08-24T11:48:23.000Z", "private": false, "disabled": false, "gated": false, "tags": ["license:other", "region:us"], "downloads": 0, "likes": 0, "model-index": null, "cardData": {"license": "other"}, "siblings": [{"rfilename": ".gitattributes"}, {"rfilename": "README.md"}], "spaces": [], "createdAt": "2023-08-24T11:48:23.000Z", "inferenceStatus": "not-loaded"}