{"_id": "661315f70b91dd969696207e", "id": "k4bis/ppo-Huggy", "modelId": "k4bis/ppo-Huggy", "author": "k4bis", "sha": "11d915ac4fd6e895ffcc5f1e47f895435980befc", "lastModified": "2024-04-07T21:55:40.000Z", "private": false, "disabled": false, "gated": false, "pipeline_tag": "reinforcement-learning", "tags": ["ml-agents", "tensorboard", "onnx", "Huggy", "deep-reinforcement-learning", "reinforcement-learning", "ML-Agents-Huggy", "region:us"], "downloads": 32, "library_name": "ml-agents", "likes": 0, "model-index": null, "config": {}, "cardData": {"library_name": "ml-agents", "tags": ["Huggy", "deep-reinforcement-learning", "reinforcement-learning", "ML-Agents-Huggy"]}, "siblings": [{"rfilename": ".gitattributes"}, {"rfilename": "Huggy.onnx"}, {"rfilename": "Huggy/Huggy-1199834.onnx"}, {"rfilename": "Huggy/Huggy-1199834.pt"}, {"rfilename": "Huggy/Huggy-1399916.onnx"}, {"rfilename": "Huggy/Huggy-1399916.pt"}, {"rfilename": "Huggy/Huggy-1599979.onnx"}, {"rfilename": "Huggy/Huggy-1599979.pt"}, {"rfilename": "Huggy/Huggy-1799935.onnx"}, {"rfilename": "Huggy/Huggy-1799935.pt"}, {"rfilename": "Huggy/Huggy-199701.onnx"}, {"rfilename": "Huggy/Huggy-199701.pt"}, {"rfilename": "Huggy/Huggy-1999951.onnx"}, {"rfilename": "Huggy/Huggy-1999951.pt"}, {"rfilename": "Huggy/Huggy-2000076.onnx"}, {"rfilename": "Huggy/Huggy-2000076.pt"}, {"rfilename": "Huggy/Huggy-399969.onnx"}, {"rfilename": "Huggy/Huggy-399969.pt"}, {"rfilename": "Huggy/Huggy-599865.onnx"}, {"rfilename": "Huggy/Huggy-599865.pt"}, {"rfilename": "Huggy/Huggy-799425.onnx"}, {"rfilename": "Huggy/Huggy-799425.pt"}, {"rfilename": "Huggy/Huggy-999964.onnx"}, {"rfilename": "Huggy/Huggy-999964.pt"}, {"rfilename": "Huggy/checkpoint.pt"}, {"rfilename": "Huggy/events.out.tfevents.1712523745.df37ce59f272.4448.0"}, {"rfilename": "README.md"}, {"rfilename": "config.json"}, {"rfilename": "configuration.yaml"}, {"rfilename": "run_logs/Player-0.log"}, {"rfilename": "run_logs/timers.json"}, {"rfilename": "run_logs/training_status.json"}], "spaces": [], "createdAt": "2024-04-07T21:53:59.000Z", "inferenceStatus": "not-loaded"}