{"_id": "6419b690f0415b2ec8362a5b", "id": "k4black/textattack-roberta-base-MNLI-e-snli-classification-nli-base", "modelId": "k4black/textattack-roberta-base-MNLI-e-snli-classification-nli-base", "author": "k4black", "sha": "5040fba3c2e16a37543cedd7a43670ce87ab655e", "lastModified": "2023-03-21T14:22:44.000Z", "private": false, "disabled": false, "gated": false, "pipeline_tag": "text-classification", "tags": ["transformers", "pytorch", "roberta", "text-classification", "generated_from_trainer", "dataset:esnli", "model-index", "autotrain_compatible", "endpoints_compatible", "region:us"], "downloads": 2, "library_name": "transformers", "mask_token": "<mask>", "widgetData": [{"text": "I like you. I love you"}], "likes": 0, "model-index": [{"name": "textattack-roberta-base-MNLI-e-snli-classification-nli-base", "results": [{"task": {"name": "Text Classification", "type": "text-classification"}, "dataset": {"name": "esnli", "type": "esnli", "config": "plain_text", "split": "validation", "args": "plain_text"}, "metrics": [{"name": "F1", "type": "f1", "value": 0.9106202958294739, "verified": false}, {"name": "Accuracy", "type": "accuracy", "value": 0.9110953058321479, "verified": false}]}]}], "config": {"architectures": ["RobertaForSequenceClassification"], "model_type": "roberta", "tokenizer_config": {"bos_token": {"__type": "AddedToken", "content": "<s>", "lstrip": false, "normalized": true, "rstrip": false, "single_word": false}, "cls_token": {"__type": "AddedToken", "content": "<s>", "lstrip": false, "normalized": true, "rstrip": false, "single_word": false}, "eos_token": {"__type": "AddedToken", "content": "</s>", "lstrip": false, "normalized": true, "rstrip": false, "single_word": false}, "mask_token": {"__type": "AddedToken", "content": "<mask>", "lstrip": true, "normalized": true, "rstrip": false, "single_word": false}, "pad_token": {"__type": "AddedToken", "content": "<pad>", "lstrip": false, "normalized": true, "rstrip": false, "single_word": false}, "sep_token": {"__type": "AddedToken", "content": "</s>", "lstrip": false, "normalized": true, "rstrip": false, "single_word": false}, "unk_token": {"__type": "AddedToken", "content": "<unk>", "lstrip": false, "normalized": true, "rstrip": false, "single_word": false}}}, "cardData": {"tags": ["generated_from_trainer"], "datasets": ["esnli"], "metrics": ["f1", "accuracy"], "model-index": [{"name": "textattack-roberta-base-MNLI-e-snli-classification-nli-base", "results": [{"task": {"name": "Text Classification", "type": "text-classification"}, "dataset": {"name": "esnli", "type": "esnli", "config": "plain_text", "split": "validation", "args": "plain_text"}, "metrics": [{"name": "F1", "type": "f1", "value": 0.9106202958294739, "verified": false}, {"name": "Accuracy", "type": "accuracy", "value": 0.9110953058321479, "verified": false}]}]}]}, "transformersInfo": {"auto_model": "AutoModelForSequenceClassification", "pipeline_tag": "text-classification", "processor": "AutoTokenizer"}, "siblings": [{"rfilename": ".gitattributes"}, {"rfilename": ".gitignore"}, {"rfilename": "README.md"}, {"rfilename": "config.json"}, {"rfilename": "merges.txt"}, {"rfilename": "pytorch_model.bin"}, {"rfilename": "special_tokens_map.json"}, {"rfilename": "tokenizer.json"}, {"rfilename": "tokenizer_config.json"}, {"rfilename": "training_args.bin"}, {"rfilename": "vocab.json"}], "spaces": [], "createdAt": "2023-03-21T13:52:16.000Z", "inferenceStatus": "not-loaded"}