{"_id": "642174360c65c54470e1ba48", "id": "k4black/Salesforce-codet5-small-java-small-selected", "modelId": "k4black/Salesforce-codet5-small-java-small-selected", "author": "k4black", "sha": "7ecdf1329a619f18ddef268e5cf43fc4971eb131", "lastModified": "2023-03-27T14:00:25.000Z", "private": false, "disabled": false, "gated": false, "pipeline_tag": "text2text-generation", "tags": ["transformers", "pytorch", "t5", "text2text-generation", "autotrain_compatible", "text-generation-inference", "endpoints_compatible", "region:us"], "downloads": 1, "library_name": "transformers", "likes": 0, "config": {"architectures": ["T5ForConditionalGeneration"], "model_type": "t5", "tokenizer_config": {"bos_token": {"__type": "AddedToken", "content": "<s>", "lstrip": false, "normalized": true, "rstrip": false, "single_word": false}, "cls_token": {"__type": "AddedToken", "content": "<s>", "lstrip": false, "normalized": true, "rstrip": false, "single_word": false}, "eos_token": {"__type": "AddedToken", "content": "</s>", "lstrip": false, "normalized": true, "rstrip": false, "single_word": false}, "mask_token": {"__type": "AddedToken", "content": "<mask>", "lstrip": true, "normalized": true, "rstrip": false, "single_word": false}, "pad_token": {"__type": "AddedToken", "content": "<pad>", "lstrip": false, "normalized": true, "rstrip": false, "single_word": false}, "sep_token": {"__type": "AddedToken", "content": "</s>", "lstrip": false, "normalized": true, "rstrip": false, "single_word": false}, "unk_token": {"__type": "AddedToken", "content": "<unk>", "lstrip": false, "normalized": true, "rstrip": false, "single_word": false}}}, "transformersInfo": {"auto_model": "AutoModelForSeq2SeqLM", "pipeline_tag": "text2text-generation", "processor": "AutoTokenizer"}, "siblings": [{"rfilename": ".gitattributes"}, {"rfilename": ".gitignore"}, {"rfilename": "added_tokens.json"}, {"rfilename": "config.json"}, {"rfilename": "last-checkpoint/added_tokens.json"}, {"rfilename": "last-checkpoint/config.json"}, {"rfilename": "last-checkpoint/generation_config.json"}, {"rfilename": "last-checkpoint/merges.txt"}, {"rfilename": "last-checkpoint/optimizer.pt"}, {"rfilename": "last-checkpoint/pytorch_model.bin"}, {"rfilename": "last-checkpoint/rng_state.pth"}, {"rfilename": "last-checkpoint/scaler.pt"}, {"rfilename": "last-checkpoint/scheduler.pt"}, {"rfilename": "last-checkpoint/special_tokens_map.json"}, {"rfilename": "last-checkpoint/tokenizer.json"}, {"rfilename": "last-checkpoint/tokenizer_config.json"}, {"rfilename": "last-checkpoint/trainer_state.json"}, {"rfilename": "last-checkpoint/training_args.bin"}, {"rfilename": "last-checkpoint/vocab.json"}, {"rfilename": "merges.txt"}, {"rfilename": "pytorch_model.bin"}, {"rfilename": "special_tokens_map.json"}, {"rfilename": "tokenizer.json"}, {"rfilename": "tokenizer_config.json"}, {"rfilename": "training_args.bin"}, {"rfilename": "vocab.json"}], "spaces": [], "createdAt": "2023-03-27T10:47:18.000Z", "inferenceStatus": "not-loaded"}