{"_id": "64327d1921c6b87a1af1324b", "id": "k4black/google-flan-t5-small-e-snli-generation-label_and_explanation-selected-b64", "modelId": "k4black/google-flan-t5-small-e-snli-generation-label_and_explanation-selected-b64", "author": "k4black", "sha": "dca328431bbb5279a73c2d7ac978f0d26e974d39", "lastModified": "2023-04-09T10:09:37.000Z", "private": false, "disabled": false, "gated": false, "pipeline_tag": "text2text-generation", "tags": ["transformers", "pytorch", "t5", "text2text-generation", "autotrain_compatible", "text-generation-inference", "endpoints_compatible", "region:us"], "downloads": 4, "library_name": "transformers", "likes": 0, "config": {"architectures": ["T5ForConditionalGeneration"], "model_type": "t5", "tokenizer_config": {"eos_token": "</s>", "pad_token": "<pad>", "unk_token": "<unk>"}}, "transformersInfo": {"auto_model": "AutoModelForSeq2SeqLM", "pipeline_tag": "text2text-generation", "processor": "AutoTokenizer"}, "siblings": [{"rfilename": ".gitattributes"}, {"rfilename": ".gitignore"}, {"rfilename": "config.json"}, {"rfilename": "last-checkpoint/config.json"}, {"rfilename": "last-checkpoint/generation_config.json"}, {"rfilename": "last-checkpoint/optimizer.pt"}, {"rfilename": "last-checkpoint/pytorch_model.bin"}, {"rfilename": "last-checkpoint/rng_state.pth"}, {"rfilename": "last-checkpoint/scheduler.pt"}, {"rfilename": "last-checkpoint/special_tokens_map.json"}, {"rfilename": "last-checkpoint/tokenizer.json"}, {"rfilename": "last-checkpoint/tokenizer_config.json"}, {"rfilename": "last-checkpoint/trainer_state.json"}, {"rfilename": "last-checkpoint/training_args.bin"}, {"rfilename": "pytorch_model.bin"}, {"rfilename": "special_tokens_map.json"}, {"rfilename": "tokenizer.json"}, {"rfilename": "tokenizer_config.json"}, {"rfilename": "training_args.bin"}], "spaces": [], "createdAt": "2023-04-09T08:53:45.000Z", "inferenceStatus": "not-loaded"}