{"_id": "635ecc58875f3e8c2759a633", "id": "k4black/albert-offensive-lm-tapt-finetuned", "modelId": "k4black/albert-offensive-lm-tapt-finetuned", "author": "k4black", "sha": "2a4847080572dd494a502c4080cd3b5404c21b7b", "lastModified": "2022-10-30T19:58:30.000Z", "private": false, "disabled": false, "gated": false, "pipeline_tag": "text-classification", "tags": ["transformers", "pytorch", "tensorboard", "albert", "text-classification", "generated_from_trainer", "license:apache-2.0", "autotrain_compatible", "endpoints_compatible", "region:us"], "downloads": 2, "library_name": "transformers", "mask_token": "[MASK]", "widgetData": [{"text": "I like you. I love you"}], "likes": 0, "model-index": [{"name": "albert-offensive-lm-tapt-finetuned", "results": []}], "config": {"architectures": ["AlbertForSequenceClassification"], "model_type": "albert", "tokenizer_config": {"bos_token": "[CLS]", "cls_token": "[CLS]", "eos_token": "[SEP]", "mask_token": {"__type": "AddedToken", "content": "[MASK]", "lstrip": true, "normalized": false, "rstrip": false, "single_word": false}, "pad_token": "<pad>", "sep_token": "[SEP]", "unk_token": "<unk>"}}, "cardData": {"license": "apache-2.0", "tags": ["generated_from_trainer"], "metrics": ["f1"], "model-index": [{"name": "albert-offensive-lm-tapt-finetuned", "results": []}]}, "transformersInfo": {"auto_model": "AutoModelForSequenceClassification", "pipeline_tag": "text-classification", "processor": "AutoTokenizer"}, "siblings": [{"rfilename": ".gitattributes"}, {"rfilename": ".gitignore"}, {"rfilename": "README.md"}, {"rfilename": "config.json"}, {"rfilename": "pytorch_model.bin"}, {"rfilename": "runs/Oct30_19-12-44_daccc72d0fea/1667157173.6906295/events.out.tfevents.1667157173.daccc72d0fea.78.5"}, {"rfilename": "runs/Oct30_19-12-44_daccc72d0fea/events.out.tfevents.1667157173.daccc72d0fea.78.4"}, {"rfilename": "runs/Oct30_19-20-57_daccc72d0fea/1667157664.0746858/events.out.tfevents.1667157664.daccc72d0fea.78.7"}, {"rfilename": "runs/Oct30_19-20-57_daccc72d0fea/events.out.tfevents.1667157664.daccc72d0fea.78.6"}, {"rfilename": "runs/Oct30_19-31-02_daccc72d0fea/1667158268.1547854/events.out.tfevents.1667158268.daccc72d0fea.78.9"}, {"rfilename": "runs/Oct30_19-31-02_daccc72d0fea/events.out.tfevents.1667158268.daccc72d0fea.78.8"}, {"rfilename": "runs/Oct30_19-32-21_daccc72d0fea/1667158350.8270729/events.out.tfevents.1667158350.daccc72d0fea.1725.1"}, {"rfilename": "runs/Oct30_19-32-21_daccc72d0fea/events.out.tfevents.1667158350.daccc72d0fea.1725.0"}, {"rfilename": "special_tokens_map.json"}, {"rfilename": "spiece.model"}, {"rfilename": "tokenizer.json"}, {"rfilename": "tokenizer_config.json"}, {"rfilename": "training_args.bin"}], "spaces": [], "createdAt": "2022-10-30T19:11:20.000Z", "inferenceStatus": "not-loaded"}