{"_id": "6419a6150eca818e164723f1", "id": "k4black/roberta-base-e-snli-classification-nli-base", "modelId": "k4black/roberta-base-e-snli-classification-nli-base", "author": "k4black", "sha": "0070083effb6434bcd2b3d378d5793f5219d8956", "lastModified": "2023-03-21T18:24:14.000Z", "private": false, "disabled": false, "gated": false, "pipeline_tag": "text-classification", "tags": ["transformers", "pytorch", "roberta", "text-classification", "generated_from_trainer", "dataset:esnli", "license:mit", "model-index", "autotrain_compatible", "endpoints_compatible", "region:us"], "downloads": 3, "library_name": "transformers", "mask_token": "<mask>", "widgetData": [{"text": "I like you. I love you"}], "likes": 0, "model-index": [{"name": "roberta-base-e-snli-classification-nli-base", "results": [{"task": {"name": "Text Classification", "type": "text-classification"}, "dataset": {"name": "esnli", "type": "esnli", "config": "plain_text", "split": "validation", "args": "plain_text"}, "metrics": [{"name": "F1", "type": "f1", "value": 0.9108298866502319, "verified": false}, {"name": "Accuracy", "type": "accuracy", "value": 0.9109937004673847, "verified": false}]}]}], "config": {"architectures": ["RobertaForSequenceClassification"], "model_type": "roberta", "tokenizer_config": {"bos_token": "<s>", "cls_token": "<s>", "eos_token": "</s>", "mask_token": "<mask>", "pad_token": "<pad>", "sep_token": "</s>", "unk_token": "<unk>"}}, "cardData": {"license": "mit", "tags": ["generated_from_trainer"], "datasets": ["esnli"], "metrics": ["f1", "accuracy"], "model-index": [{"name": "roberta-base-e-snli-classification-nli-base", "results": [{"task": {"name": "Text Classification", "type": "text-classification"}, "dataset": {"name": "esnli", "type": "esnli", "config": "plain_text", "split": "validation", "args": "plain_text"}, "metrics": [{"name": "F1", "type": "f1", "value": 0.9108298866502319, "verified": false}, {"name": "Accuracy", "type": "accuracy", "value": 0.9109937004673847, "verified": false}]}]}]}, "transformersInfo": {"auto_model": "AutoModelForSequenceClassification", "pipeline_tag": "text-classification", "processor": "AutoTokenizer"}, "siblings": [{"rfilename": ".gitattributes"}, {"rfilename": ".gitignore"}, {"rfilename": "README.md"}, {"rfilename": "config.json"}, {"rfilename": "merges.txt"}, {"rfilename": "pytorch_model.bin"}, {"rfilename": "special_tokens_map.json"}, {"rfilename": "tokenizer.json"}, {"rfilename": "tokenizer_config.json"}, {"rfilename": "training_args.bin"}, {"rfilename": "vocab.json"}], "spaces": [], "createdAt": "2023-03-21T12:41:57.000Z", "inferenceStatus": "not-loaded"}