{"_id": "65d46fd482939b6bb26a026b", "id": "k4d3/myloras2", "modelId": "k4d3/myloras2", "author": "k4d3", "sha": "0ef9b1865aa65ac01414ba6900a7da9bdff70080", "lastModified": "2024-02-24T21:14:02.000Z", "private": false, "disabled": false, "gated": false, "tags": ["region:us"], "downloads": 0, "likes": 1, "siblings": [{"rfilename": ".gitattributes"}, {"rfilename": "amalia-v2e10.safetensors"}, {"rfilename": "amalia-v2e100.safetensors"}, {"rfilename": "amalia-v2e110.safetensors"}, {"rfilename": "amalia-v2e120.safetensors"}, {"rfilename": "amalia-v2e130.safetensors"}, {"rfilename": "amalia-v2e140.safetensors"}, {"rfilename": "amalia-v2e150.safetensors"}, {"rfilename": "amalia-v2e160.safetensors"}, {"rfilename": "amalia-v2e170.safetensors"}, {"rfilename": "amalia-v2e180.safetensors"}, {"rfilename": "amalia-v2e190.safetensors"}, {"rfilename": "amalia-v2e20.safetensors"}, {"rfilename": "amalia-v2e200.safetensors"}, {"rfilename": "amalia-v2e210.safetensors"}, {"rfilename": "amalia-v2e220.safetensors"}, {"rfilename": "amalia-v2e230.safetensors"}, {"rfilename": "amalia-v2e240.safetensors"}, {"rfilename": "amalia-v2e250.safetensors"}, {"rfilename": "amalia-v2e260.safetensors"}, {"rfilename": "amalia-v2e270.safetensors"}, {"rfilename": "amalia-v2e280.safetensors"}, {"rfilename": "amalia-v2e290.safetensors"}, {"rfilename": "amalia-v2e30.safetensors"}, {"rfilename": "amalia-v2e300.safetensors"}, {"rfilename": "amalia-v2e310.safetensors"}, {"rfilename": "amalia-v2e320.safetensors"}, {"rfilename": "amalia-v2e330.safetensors"}, {"rfilename": "amalia-v2e340.safetensors"}, {"rfilename": "amalia-v2e350.safetensors"}, {"rfilename": "amalia-v2e360.safetensors"}, {"rfilename": "amalia-v2e370.safetensors"}, {"rfilename": "amalia-v2e380.safetensors"}, {"rfilename": "amalia-v2e390.safetensors"}, {"rfilename": "amalia-v2e40.safetensors"}, {"rfilename": "amalia-v2e400.safetensors"}, {"rfilename": "amalia-v2e50.safetensors"}, {"rfilename": "amalia-v2e60.safetensors"}, {"rfilename": "amalia-v2e70.safetensors"}, {"rfilename": "amalia-v2e80.safetensors"}, {"rfilename": "amalia-v2e90.safetensors"}, {"rfilename": "butterchalk-v3e10.safetensors"}, {"rfilename": "butterchalk-v3e100.safetensors"}, {"rfilename": "butterchalk-v3e110.safetensors"}, {"rfilename": "butterchalk-v3e120.safetensors"}, {"rfilename": "butterchalk-v3e130.safetensors"}, {"rfilename": "butterchalk-v3e140.safetensors"}, {"rfilename": "butterchalk-v3e150.safetensors"}, {"rfilename": "butterchalk-v3e160.safetensors"}, {"rfilename": "butterchalk-v3e170.safetensors"}, {"rfilename": "butterchalk-v3e180.safetensors"}, {"rfilename": "butterchalk-v3e190.safetensors"}, {"rfilename": "butterchalk-v3e20.safetensors"}, {"rfilename": "butterchalk-v3e200.safetensors"}, {"rfilename": "butterchalk-v3e210.safetensors"}, {"rfilename": "butterchalk-v3e220.safetensors"}, {"rfilename": "butterchalk-v3e230.safetensors"}, {"rfilename": "butterchalk-v3e240.safetensors"}, {"rfilename": "butterchalk-v3e250.safetensors"}, {"rfilename": "butterchalk-v3e260.safetensors"}, {"rfilename": "butterchalk-v3e270.safetensors"}, {"rfilename": "butterchalk-v3e280.safetensors"}, {"rfilename": "butterchalk-v3e290.safetensors"}, {"rfilename": "butterchalk-v3e30.safetensors"}, {"rfilename": "butterchalk-v3e300.safetensors"}, {"rfilename": "butterchalk-v3e310.safetensors"}, {"rfilename": "butterchalk-v3e320.safetensors"}, {"rfilename": "butterchalk-v3e330.safetensors"}, {"rfilename": "butterchalk-v3e340.safetensors"}, {"rfilename": "butterchalk-v3e350.safetensors"}, {"rfilename": "butterchalk-v3e360.safetensors"}, {"rfilename": "butterchalk-v3e370.safetensors"}, {"rfilename": "butterchalk-v3e380.safetensors"}, {"rfilename": "butterchalk-v3e390.safetensors"}, {"rfilename": "butterchalk-v3e40.safetensors"}, {"rfilename": "butterchalk-v3e400.safetensors"}, {"rfilename": "butterchalk-v3e50.safetensors"}, {"rfilename": "butterchalk-v3e60.safetensors"}, {"rfilename": "butterchalk-v3e70.safetensors"}, {"rfilename": "butterchalk-v3e80.safetensors"}, {"rfilename": "butterchalk-v3e90.safetensors"}, {"rfilename": "greg_rutkowski-v1e10.safetensors"}, {"rfilename": "greg_rutkowski-v1e100.safetensors"}, {"rfilename": "greg_rutkowski-v1e110.safetensors"}, {"rfilename": "greg_rutkowski-v1e120.safetensors"}, {"rfilename": "greg_rutkowski-v1e130.safetensors"}, {"rfilename": "greg_rutkowski-v1e140.safetensors"}, {"rfilename": "greg_rutkowski-v1e150.safetensors"}, {"rfilename": "greg_rutkowski-v1e160.safetensors"}, {"rfilename": "greg_rutkowski-v1e170.safetensors"}, {"rfilename": "greg_rutkowski-v1e180.safetensors"}, {"rfilename": "greg_rutkowski-v1e190.safetensors"}, {"rfilename": "greg_rutkowski-v1e20.safetensors"}, {"rfilename": "greg_rutkowski-v1e200.safetensors"}, {"rfilename": "greg_rutkowski-v1e210.safetensors"}, {"rfilename": "greg_rutkowski-v1e220.safetensors"}, {"rfilename": "greg_rutkowski-v1e230.safetensors"}, {"rfilename": "greg_rutkowski-v1e240.safetensors"}, {"rfilename": "greg_rutkowski-v1e250.safetensors"}, {"rfilename": "greg_rutkowski-v1e260.safetensors"}, {"rfilename": "greg_rutkowski-v1e270.safetensors"}, {"rfilename": "greg_rutkowski-v1e280.safetensors"}, {"rfilename": "greg_rutkowski-v1e290.safetensors"}, {"rfilename": "greg_rutkowski-v1e30.safetensors"}, {"rfilename": "greg_rutkowski-v1e300.safetensors"}, {"rfilename": "greg_rutkowski-v1e310.safetensors"}, {"rfilename": "greg_rutkowski-v1e320.safetensors"}, {"rfilename": "greg_rutkowski-v1e330.safetensors"}, {"rfilename": "greg_rutkowski-v1e340.safetensors"}, {"rfilename": "greg_rutkowski-v1e350.safetensors"}, {"rfilename": "greg_rutkowski-v1e360.safetensors"}, {"rfilename": "greg_rutkowski-v1e370.safetensors"}, {"rfilename": "greg_rutkowski-v1e380.safetensors"}, {"rfilename": "greg_rutkowski-v1e390.safetensors"}, {"rfilename": "greg_rutkowski-v1e40.safetensors"}, {"rfilename": "greg_rutkowski-v1e400.safetensors"}, {"rfilename": "greg_rutkowski-v1e50.safetensors"}, {"rfilename": "greg_rutkowski-v1e60.safetensors"}, {"rfilename": "greg_rutkowski-v1e70.safetensors"}, {"rfilename": "greg_rutkowski-v1e80.safetensors"}, {"rfilename": "greg_rutkowski-v1e90.safetensors"}, {"rfilename": "skiltaire-v1e10.safetensors"}, {"rfilename": "skiltaire-v1e100.safetensors"}, {"rfilename": "skiltaire-v1e110.safetensors"}, {"rfilename": "skiltaire-v1e120.safetensors"}, {"rfilename": "skiltaire-v1e130.safetensors"}, {"rfilename": "skiltaire-v1e140.safetensors"}, {"rfilename": "skiltaire-v1e150.safetensors"}, {"rfilename": "skiltaire-v1e160.safetensors"}, {"rfilename": "skiltaire-v1e170.safetensors"}, {"rfilename": "skiltaire-v1e180.safetensors"}, {"rfilename": "skiltaire-v1e190.safetensors"}, {"rfilename": "skiltaire-v1e20.safetensors"}, {"rfilename": "skiltaire-v1e200.safetensors"}, {"rfilename": "skiltaire-v1e210.safetensors"}, {"rfilename": "skiltaire-v1e220.safetensors"}, {"rfilename": "skiltaire-v1e230.safetensors"}, {"rfilename": "skiltaire-v1e240.safetensors"}, {"rfilename": "skiltaire-v1e250.safetensors"}, {"rfilename": "skiltaire-v1e260.safetensors"}, {"rfilename": "skiltaire-v1e270.safetensors"}, {"rfilename": "skiltaire-v1e280.safetensors"}, {"rfilename": "skiltaire-v1e290.safetensors"}, {"rfilename": "skiltaire-v1e30.safetensors"}, {"rfilename": "skiltaire-v1e300.safetensors"}, {"rfilename": "skiltaire-v1e310.safetensors"}, {"rfilename": "skiltaire-v1e320.safetensors"}, {"rfilename": "skiltaire-v1e330.safetensors"}, {"rfilename": "skiltaire-v1e340.safetensors"}, {"rfilename": "skiltaire-v1e350.safetensors"}, {"rfilename": "skiltaire-v1e360.safetensors"}, {"rfilename": "skiltaire-v1e370.safetensors"}, {"rfilename": "skiltaire-v1e380.safetensors"}, {"rfilename": "skiltaire-v1e390.safetensors"}, {"rfilename": "skiltaire-v1e40.safetensors"}, {"rfilename": "skiltaire-v1e400.safetensors"}, {"rfilename": "skiltaire-v1e50.safetensors"}, {"rfilename": "skiltaire-v1e60.safetensors"}, {"rfilename": "skiltaire-v1e70.safetensors"}, {"rfilename": "skiltaire-v1e80.safetensors"}, {"rfilename": "skiltaire-v1e90.safetensors"}, {"rfilename": "wolfy-nail-v1e10.safetensors"}, {"rfilename": "wolfy-nail-v1e100.safetensors"}, {"rfilename": "wolfy-nail-v1e110.safetensors"}, {"rfilename": "wolfy-nail-v1e120.safetensors"}, {"rfilename": "wolfy-nail-v1e130.safetensors"}, {"rfilename": "wolfy-nail-v1e140.safetensors"}, {"rfilename": "wolfy-nail-v1e150.safetensors"}, {"rfilename": "wolfy-nail-v1e160.safetensors"}, {"rfilename": "wolfy-nail-v1e170.safetensors"}, {"rfilename": "wolfy-nail-v1e180.safetensors"}, {"rfilename": "wolfy-nail-v1e190.safetensors"}, {"rfilename": "wolfy-nail-v1e20.safetensors"}, {"rfilename": "wolfy-nail-v1e200.safetensors"}, {"rfilename": "wolfy-nail-v1e210.safetensors"}, {"rfilename": "wolfy-nail-v1e220.safetensors"}, {"rfilename": "wolfy-nail-v1e230.safetensors"}, {"rfilename": "wolfy-nail-v1e240.safetensors"}, {"rfilename": "wolfy-nail-v1e250.safetensors"}, {"rfilename": "wolfy-nail-v1e260.safetensors"}, {"rfilename": "wolfy-nail-v1e270.safetensors"}, {"rfilename": "wolfy-nail-v1e280.safetensors"}, {"rfilename": "wolfy-nail-v1e290.safetensors"}, {"rfilename": "wolfy-nail-v1e30.safetensors"}, {"rfilename": "wolfy-nail-v1e300.safetensors"}, {"rfilename": "wolfy-nail-v1e310.safetensors"}, {"rfilename": "wolfy-nail-v1e320.safetensors"}, {"rfilename": "wolfy-nail-v1e330.safetensors"}, {"rfilename": "wolfy-nail-v1e340.safetensors"}, {"rfilename": "wolfy-nail-v1e350.safetensors"}, {"rfilename": "wolfy-nail-v1e360.safetensors"}, {"rfilename": "wolfy-nail-v1e370.safetensors"}, {"rfilename": "wolfy-nail-v1e380.safetensors"}, {"rfilename": "wolfy-nail-v1e390.safetensors"}, {"rfilename": "wolfy-nail-v1e40.safetensors"}, {"rfilename": "wolfy-nail-v1e400.safetensors"}, {"rfilename": "wolfy-nail-v1e50.safetensors"}, {"rfilename": "wolfy-nail-v1e60.safetensors"}, {"rfilename": "wolfy-nail-v1e70.safetensors"}, {"rfilename": "wolfy-nail-v1e80.safetensors"}, {"rfilename": "wolfy-nail-v1e90.safetensors"}], "spaces": [], "createdAt": "2024-02-20T09:24:36.000Z", "inferenceStatus": "not-loaded"}