{"_id": "658ad6d0cef9b8827b5d2a96", "id": "k4d3/models", "modelId": "k4d3/models", "author": "k4d3", "sha": "0dae81607fd16fd04097ecd15160e08a40567fe7", "lastModified": "2024-01-08T10:11:07.000Z", "private": false, "disabled": false, "gated": false, "tags": ["region:us"], "downloads": 0, "likes": 2, "siblings": [{"rfilename": ".gitattributes"}, {"rfilename": "bb95FurryMix_v130.safetensors"}, {"rfilename": "dreamshaperXL_turboDpmppSDE.safetensors"}, {"rfilename": "furricanesFurryMix_v10.safetensors"}, {"rfilename": "icedcoffeemix_v50.safetensors"}, {"rfilename": "indigoFurryMix_v105Hybrid.safetensors"}, {"rfilename": "redwater_.safetensors"}, {"rfilename": "redwater_703.safetensors"}, {"rfilename": "tAnimeV4Pruned_v40.safetensors"}, {"rfilename": "yiffymix_v40.safetensors"}, {"rfilename": "yiffymix_v40.yaml"}], "spaces": [], "createdAt": "2023-12-26T13:36:16.000Z", "inferenceStatus": "not-loaded"}