{"_id": "65944b1ac27d210c3e16e195", "id": "k4d3/controlnet", "modelId": "k4d3/controlnet", "author": "k4d3", "sha": "af6a2df34a57c33b6aa67ac2d91ef149c74fe1b9", "lastModified": "2024-01-02T17:58:06.000Z", "private": false, "disabled": false, "gated": false, "tags": ["region:us"], "downloads": 0, "likes": 1, "siblings": [{"rfilename": ".gitattributes"}, {"rfilename": "control_v11f1e_sd15_tile_fp16.safetensors"}, {"rfilename": "loosecontrolUseTheBoxDepth_v10.safetensors"}], "spaces": [], "createdAt": "2024-01-02T17:42:50.000Z", "inferenceStatus": "not-loaded"}