{"_id": "661759477a67ace5752b7d81", "id": "k4d3/awoo", "modelId": "k4d3/awoo", "author": "k4d3", "sha": "8283263b9dbe15246c791452202049cbaf6e137b", "lastModified": "2024-05-01T01:59:13.000Z", "private": false, "disabled": false, "gated": false, "tags": ["region:us"], "downloads": 0, "likes": 0, "siblings": [{"rfilename": ".gitattributes"}, {"rfilename": "CosXLOmni.1TE.safetensors"}, {"rfilename": "FacesV1.pt"}, {"rfilename": "XLOmni.7.safetensors"}, {"rfilename": "analbeads-000050.safetensors"}, {"rfilename": "analbeads-000100.safetensors"}, {"rfilename": "analbeads-000150.safetensors"}, {"rfilename": "analbeads-000200.safetensors"}, {"rfilename": "analbeads-000250.safetensors"}, {"rfilename": "analbeads-000300.safetensors"}, {"rfilename": "analbeads-000350.safetensors"}, {"rfilename": "analbeads-v1e400.safetensors"}, {"rfilename": "anus_furry_v3.pt"}, {"rfilename": "fr_1-1_mse-reslosswt_40000_ema.safetensors"}, {"rfilename": "fr_1-1_reslosswt-sph_40000_ema.safetensors"}, {"rfilename": "fr_1-1_schedulefree-ph_35000_ema.safetensors"}, {"rfilename": "furception_vae_1-0.safetensors"}, {"rfilename": "rockruff-ponyv6.safetensors"}, {"rfilename": "shinx-ponyv6.safetensors"}], "spaces": [], "createdAt": "2024-04-11T03:30:15.000Z", "inferenceStatus": "not-loaded"}