{"_id": "659d25f6d4e852ca9936d0d0", "id": "k4d3/loras-xl", "modelId": "k4d3/loras-xl", "author": "k4d3", "sha": "54145b7b90d853e6f29ddfcfd2eb31fea4304438", "lastModified": "2024-03-05T00:16:29.000Z", "private": false, "disabled": false, "gated": false, "tags": ["safetensors", "region:us"], "downloads": 0, "likes": 3, "siblings": [{"rfilename": ".gitattributes"}, {"rfilename": "1990s ShoujoManga Anime Style [XLlora].safetensors"}, {"rfilename": "AdvancedEnhancerXLv2.safetensors"}, {"rfilename": "Alphonse Mucha Style.safetensors"}, {"rfilename": "AnalogRedmondV2-Analog-AnalogRedmAF.safetensors"}, {"rfilename": "AnimeStyleXL_v1.1_AutoRunMech.safetensors"}, {"rfilename": "Art_Frahm.safetensors"}, {"rfilename": "ClassipeintXL2.0.safetensors"}, {"rfilename": "Cyberpunk _Anime_sdxl.safetensors"}, {"rfilename": "DigitalArtist_Andreas_Rocha.safetensors"}, {"rfilename": "DreamARTSDXL.safetensors"}, {"rfilename": "EasyFix.safetensors"}, {"rfilename": "EnvyAnimeOilXL01.safetensors"}, {"rfilename": "EnvyDigitalPaintingXL01.safetensors"}, {"rfilename": "Fantasy_art_XL_V1.safetensors"}, {"rfilename": "Flat style-000014.safetensors"}, {"rfilename": "Fusion_Graphic_SDXL.safetensors"}, {"rfilename": "Gustave Dore Style.safetensors"}, {"rfilename": "HandDrawnAnimeV1.safetensors"}, {"rfilename": "JasmineBWXLDoguMini.safetensors"}, {"rfilename": "JasmineStyleV2.safetensors"}, {"rfilename": "John Berkey Style.safetensors"}, {"rfilename": "John Harris Style.safetensors"}, {"rfilename": "John Kenn Mortensen Style.safetensors"}, {"rfilename": "John Martin Style.safetensors"}, {"rfilename": "LaxpeintXL-2.0.safetensors"}, {"rfilename": "Liam Wong Style.safetensors"}, {"rfilename": "LineAniRedmondV2-Lineart-LineAniAF.safetensors"}, {"rfilename": "Lucasarts Artstyle - (Trigger is lcas artstyle).safetensors"}, {"rfilename": "Moebius (Jean Giraud) Style.safetensors"}, {"rfilename": "Mythoscape Visions - Digital Art Style of a.safetensors"}, {"rfilename": "NicolaSamori.safetensors"}, {"rfilename": "PE_AnimeBG.safetensors"}, {"rfilename": "PerfectEyesXL.safetensors"}, {"rfilename": "PixelArtRedmond-Lite64.safetensors"}, {"rfilename": "RetouchXL_v2.3.safetensors"}, {"rfilename": "SDXLPaintSplash.safetensors"}, {"rfilename": "SDXLStencilStyleFAE.safetensors"}, {"rfilename": "SDXL_FILM_PHOTOGRAPHY_STYLE_BetaV0.4.safetensors"}, {"rfilename": "STYLIZARD_v1.safetensors"}, {"rfilename": "Simon Stalenhag.safetensors"}, {"rfilename": "Studio Ghibli Style.safetensors"}, {"rfilename": "Stylized_Setting_SDXL.safetensors"}, {"rfilename": "Tailgrab.safetensors"}, {"rfilename": "VoxelXL_v1.safetensors"}, {"rfilename": "XDetail_light.safetensors"}, {"rfilename": "add-detail-xl.safetensors"}, {"rfilename": "anime-blackclover.safetensors"}, {"rfilename": "anime_sdxl_v1.safetensors"}, {"rfilename": "arcane_xl.safetensors"}, {"rfilename": "badhands.safetensors"}, {"rfilename": "byJeanPierreGibratXL.safetensors"}, {"rfilename": "catcat-xl.safetensors"}, {"rfilename": "chahua.safetensors"}, {"rfilename": "chillet-PDXL-anthro.safetensors"}, {"rfilename": "chillet-PDXL-onmodel.safetensors"}, {"rfilename": "chinese-style-illustration-guofeng.safetensors"}, {"rfilename": "chunie_ponyxl_v1e1.safetensors"}, {"rfilename": "chunie_ponyxl_v1e2.safetensors"}, {"rfilename": "chunie_ponyxl_v1e3.safetensors"}, {"rfilename": "chunie_ponyxl_v1e4.safetensors"}, {"rfilename": "chunie_ponyxl_v1e5.safetensors"}, {"rfilename": "colorful_sdxl_v2_lbw.safetensors"}, {"rfilename": "cute-anime v1.safetensors"}, {"rfilename": "darkgem_ponyxl_v1e1.safetensors"}, {"rfilename": "darkgem_ponyxl_v1e2.safetensors"}, {"rfilename": "darkgem_ponyxl_v1e3.safetensors"}, {"rfilename": "darkgem_ponyxl_v1e4.safetensors"}, {"rfilename": "donlawrence-xl.safetensors"}, {"rfilename": "dungeons_and_dragons_xl_v3.safetensors"}, {"rfilename": "flat.safetensors"}, {"rfilename": "flatcolorxl.safetensors"}, {"rfilename": "fr4z3tt4.safetensors"}, {"rfilename": "futureistic_fantasy_anime_sdxl_v1.safetensors"}, {"rfilename": "g1g3r.safetensors"}, {"rfilename": "ghibli_last.safetensors"}, {"rfilename": "greg_rutkowski_xl_2.safetensors"}, {"rfilename": "greg_rutkowski_xl_v3.safetensors"}, {"rfilename": "guild_wars_xl_v5.safetensors"}, {"rfilename": "herocoolstyle.safetensors"}, {"rfilename": "hisiya_xl_v1.safetensors"}, {"rfilename": "honovy_ponyxl_v1e1.safetensors"}, {"rfilename": "honovy_ponyxl_v1e2.safetensors"}, {"rfilename": "honovy_ponyxl_v1e3.safetensors"}, {"rfilename": "honovy_ponyxl_v1e4.safetensors"}, {"rfilename": "jhyd-comic-style.safetensors"}, {"rfilename": "kemosuit-PD-SDXL.safetensors"}, {"rfilename": "kenket_ponyxl_v1e1.safetensors"}, {"rfilename": "kenket_ponyxl_v1e2.safetensors"}, {"rfilename": "kenket_ponyxl_v1e3.safetensors"}, {"rfilename": "kenket_ponyxl_v1e4.safetensors"}, {"rfilename": "last-000014.safetensors"}, {"rfilename": "last.safetensors"}, {"rfilename": "lora-sdxl-perfect-eyes.safetensors"}, {"rfilename": "mndlr-000032.safetensors"}, {"rfilename": "model_SDXL.safetensors"}, {"rfilename": "neg4all_bdsqlsz_xl_V7.safetensors"}, {"rfilename": "nendoroid_xl_v8.safetensors"}, {"rfilename": "nijixl.safetensors"}, {"rfilename": "nsfwnkean8.safetensors"}, {"rfilename": "painterly-XL-v2.safetensors"}, {"rfilename": "pixel-art-xl-v1.1.safetensors"}, {"rfilename": "ps1_style_SDXL_v2.safetensors"}, {"rfilename": "pxx4_v1_alpha.safetensors"}, {"rfilename": "ral-blacklight-sdxl.safetensors"}, {"rfilename": "ral-dissolve-sdxl.safetensors"}, {"rfilename": "retanimev1.safetensors"}, {"rfilename": "sdxl_lora_beksinski-000018.safetensors"}, {"rfilename": "steampunk_xl_v2.safetensors"}, {"rfilename": "stylesqueeze_v3_xl.safetensors"}, {"rfilename": "teengirls_reg.safetensors"}, {"rfilename": "watercolor_v1_sdxl.safetensors"}, {"rfilename": "woolrool_ponyxl_v1e1.safetensors"}, {"rfilename": "woolrool_ponyxl_v1e2.safetensors"}, {"rfilename": "woolrool_ponyxl_v1e3.safetensors"}, {"rfilename": "woolrool_ponyxl_v1e4.safetensors"}, {"rfilename": "xl_more_art-full_v1.safetensors"}, {"rfilename": "xl_urushihara_satoshi_v16.safetensors"}, {"rfilename": "xl_yamer_style-3.0.safetensors"}], "spaces": [], "createdAt": "2024-01-09T10:54:46.000Z", "inferenceStatus": "not-loaded"}