{"_id": "65a53c38cb2c2799acb769b0", "id": "k4d3/sdxl-dpo-turbo-vae", "modelId": "k4d3/sdxl-dpo-turbo-vae", "author": "k4d3", "sha": "e9d673ac644cd690130d51ac39018fb7da130750", "lastModified": "2024-01-15T14:11:06.000Z", "private": false, "disabled": false, "gated": false, "tags": ["diffusers", "safetensors", "region:us"], "downloads": 34, "library_name": "diffusers", "likes": 3, "config": {}, "siblings": [{"rfilename": ".gitattributes"}, {"rfilename": "config.json"}, {"rfilename": "diffusion_pytorch_model.fp16.safetensors"}, {"rfilename": "diffusion_pytorch_model.safetensors"}], "spaces": [], "createdAt": "2024-01-15T14:07:52.000Z", "inferenceStatus": "not-loaded"}