{"_id": "658b213d7507718e7f21216f", "id": "k4d3/vae", "modelId": "k4d3/vae", "author": "k4d3", "sha": "26606c8956356061545bf44fbd13d43512bb3e82", "lastModified": "2024-03-01T17:23:26.000Z", "private": false, "disabled": false, "gated": false, "tags": ["region:us"], "downloads": 0, "likes": 1, "siblings": [{"rfilename": ".gitattributes"}, {"rfilename": "dogevae_fpPrunedVer.safetensors"}, {"rfilename": "furception_vae_1-0.safetensors"}, {"rfilename": "kl-f8-anime2.safetensors"}, {"rfilename": "sdxl-0.9.fp16.vae.safetensors"}, {"rfilename": "vae-ft-mse-840000-ema-pruned.safetensors"}, {"rfilename": "xlVAEC_c1.safetensors"}, {"rfilename": "xlVAEC_c9.safetensors"}, {"rfilename": "xlVAEC_e7.safetensors"}, {"rfilename": "xlVAEC_f1.safetensors"}], "spaces": [], "createdAt": "2023-12-26T18:53:49.000Z", "inferenceStatus": "not-loaded"}