{"_id": "6510e7a8671604f1400dbf53", "id": "k4west/xlm-roberta-base-finetuned-panx-fr", "modelId": "k4west/xlm-roberta-base-finetuned-panx-fr", "author": "k4west", "sha": "64df71cdfcceb0aff6b36f8a34721bc1a49ab35f", "lastModified": "2023-09-25T01:55:41.000Z", "private": false, "disabled": false, "gated": false, "pipeline_tag": "token-classification", "tags": ["transformers", "pytorch", "xlm-roberta", "token-classification", "generated_from_trainer", "dataset:xtreme", "base_model:xlm-roberta-base", "license:mit", "model-index", "autotrain_compatible", "endpoints_compatible", "region:us"], "downloads": 4, "library_name": "transformers", "mask_token": "<mask>", "widgetData": [{"text": "My name is Wolfgang and I live in Berlin"}, {"text": "My name is Sarah and I live in London"}, {"text": "My name is Clara and I live in Berkeley, California."}], "likes": 0, "model-index": [{"name": "xlm-roberta-base-finetuned-panx-fr", "results": [{"task": {"name": "Token Classification", "type": "token-classification"}, "dataset": {"name": "xtreme", "type": "xtreme", "config": "PAN-X.fr", "split": "validation", "args": "PAN-X.fr"}, "metrics": [{"name": "F1", "type": "f1", "value": 0.8368102288021535, "verified": false}]}]}], "config": {"architectures": ["XLMRobertaForTokenClassification"], "model_type": "xlm-roberta", "tokenizer_config": {"bos_token": "<s>", "cls_token": "<s>", "eos_token": "</s>", "mask_token": {"__type": "AddedToken", "content": "<mask>", "lstrip": true, "normalized": true, "rstrip": false, "single_word": false}, "pad_token": "<pad>", "sep_token": "</s>", "unk_token": "<unk>"}}, "cardData": {"license": "mit", "base_model": "xlm-roberta-base", "tags": ["generated_from_trainer"], "datasets": ["xtreme"], "metrics": ["f1"], "model-index": [{"name": "xlm-roberta-base-finetuned-panx-fr", "results": [{"task": {"name": "Token Classification", "type": "token-classification"}, "dataset": {"name": "xtreme", "type": "xtreme", "config": "PAN-X.fr", "split": "validation", "args": "PAN-X.fr"}, "metrics": [{"name": "F1", "type": "f1", "value": 0.8368102288021535, "verified": false}]}]}]}, "transformersInfo": {"auto_model": "AutoModelForTokenClassification", "pipeline_tag": "token-classification", "processor": "AutoTokenizer"}, "siblings": [{"rfilename": ".gitattributes"}, {"rfilename": "README.md"}, {"rfilename": "config.json"}, {"rfilename": "pytorch_model.bin"}, {"rfilename": "sentencepiece.bpe.model"}, {"rfilename": "special_tokens_map.json"}, {"rfilename": "tokenizer.json"}, {"rfilename": "tokenizer_config.json"}, {"rfilename": "training_args.bin"}], "spaces": [], "createdAt": "2023-09-25T01:51:36.000Z", "inferenceStatus": "not-loaded"}