{"_id": "661e387a35c67ce7cf0e16ee", "id": "k4ydvn/Modelsbyk4ydvn", "modelId": "k4ydvn/Modelsbyk4ydvn", "author": "k4ydvn", "sha": "c1a0ce63ccd6038e8e92abc65d8bdc3671ac715a", "lastModified": "2024-07-11T06:28:27.000Z", "private": false, "disabled": false, "gated": false, "tags": ["license:openrail", "region:us"], "downloads": 0, "likes": 0, "model-index": null, "cardData": {"license": "openrail"}, "siblings": [{"rfilename": ".gitattributes"}, {"rfilename": "AhyeonStrong.zip"}, {"rfilename": "AhyeonStrongV2.zip"}, {"rfilename": "Asa.zip"}, {"rfilename": "ChaewonSoft.zip"}, {"rfilename": "EunchaeSoft.zip"}, {"rfilename": "Fye.zip"}, {"rfilename": "Gabi.zip"}, {"rfilename": "Hokuto.zip"}, {"rfilename": "Hwiseo.zip"}, {"rfilename": "Hyeonju.zip"}, {"rfilename": "KarinaStrong.zip"}, {"rfilename": "KazuhaSoft.zip"}, {"rfilename": "Kazuma.zip"}, {"rfilename": "KeiStrong.zip"}, {"rfilename": "Nana.zip"}, {"rfilename": "NanaV3.zip"}, {"rfilename": "Nanav2.zip"}, {"rfilename": "Pharita.zip"}, {"rfilename": "PharitaStrong.zip"}, {"rfilename": "Pharitatrainedwithweights.zip"}, {"rfilename": "README.md"}, {"rfilename": "Rami.zip"}, {"rfilename": "Riku.zip"}, {"rfilename": "Rora.zip"}, {"rfilename": "Ruka.zip"}, {"rfilename": "SakuraSoft.zip"}, {"rfilename": "SullyoonFe304BreakEra.zip"}, {"rfilename": "The-Ultimate-Liz-Model.zip"}, {"rfilename": "The-Ultimate-Rei-Model.zip"}, {"rfilename": "Xver.zip"}, {"rfilename": "Yeeun.zip"}, {"rfilename": "Yeonhee.zip"}, {"rfilename": "Yeoreum.zip"}, {"rfilename": "YunjinSinging.zip"}, {"rfilename": "YunjinSoft.zip"}, {"rfilename": "naevis.zip"}], "spaces": [], "createdAt": "2024-04-16T08:36:10.000Z", "inferenceStatus": "not-loaded"}