{"_id": "66506e9996877d8ccee0d336", "id": "k4ydvn/fixedleelolimodels", "modelId": "k4ydvn/fixedleelolimodels", "author": "k4ydvn", "sha": "87d77f4d88861b1c56a8bcd64ba0d67fe051cda7", "lastModified": "2024-06-29T16:52:06.000Z", "private": false, "disabled": false, "gated": false, "tags": ["license:openrail", "region:us"], "downloads": 0, "likes": 0, "model-index": null, "cardData": {"license": "openrail"}, "siblings": [{"rfilename": ".gitattributes"}, {"rfilename": "Nayeondijei.zip"}, {"rfilename": "README.md"}, {"rfilename": "chaewon-strong-by-leelo.zip"}, {"rfilename": "giselle-rap-by-leelo.zip"}, {"rfilename": "huh-yunjin-all-round-by-leelo.zip"}, {"rfilename": "jennie-all-round-by-leelo.zip"}, {"rfilename": "jisoo-all-round-by-leelo.zip"}, {"rfilename": "jo-yuri-all-round-by-leelo.zip"}, {"rfilename": "kim-chaewon-all-round-by-leelo.zip"}, {"rfilename": "lisa-all-round-by-leelo.zip"}, {"rfilename": "rose-all-round-by-leelo.zip"}, {"rfilename": "yujin-all-round-by-leelo.zip"}], "spaces": [], "createdAt": "2024-05-24T10:40:25.000Z", "inferenceStatus": "not-loaded"}