{"_id": "64e52b4542028a0616ddc11c", "id": "k5rol/domicki", "modelId": "k5rol/domicki", "author": "k5rol", "sha": "b86f7d92d464048527df6b92879c3245cd55e1fe", "lastModified": "2023-08-22T21:40:21.000Z", "private": false, "disabled": false, "gated": false, "tags": ["license:other", "region:us"], "downloads": 0, "likes": 0, "model-index": null, "cardData": {"license": "other"}, "siblings": [{"rfilename": ".gitattributes"}, {"rfilename": "README.md"}], "spaces": [], "createdAt": "2023-08-22T21:40:21.000Z", "inferenceStatus": "not-loaded"}