{"_id": "653bbb5e43d61111de823366", "id": "K666K/SDXL_chibi_flat", "modelId": "K666K/SDXL_chibi_flat", "author": "K666K", "sha": "31e8b08d72e68536c93b0e05a548e4a00d46187b", "lastModified": "2023-10-27T14:00:36.000Z", "private": false, "disabled": false, "gated": false, "tags": ["region:us"], "downloads": 0, "likes": 0, "siblings": [{"rfilename": ".gitattributes"}, {"rfilename": "00043-69127162.png"}, {"rfilename": "README.md"}, {"rfilename": "SDXL_styl-z-000001.safetensors"}, {"rfilename": "SDXL_styl-z-000002.safetensors"}, {"rfilename": "SDXL_styl-z-000003.safetensors"}, {"rfilename": "SDXL_styl-z-000004.safetensors"}, {"rfilename": "SDXL_styl-z-000005.safetensors"}, {"rfilename": "SDXL_styl-z-000006.safetensors"}], "spaces": [], "createdAt": "2023-10-27T13:30:06.000Z", "inferenceStatus": "not-loaded"}