{"_id": "65448405483b032e2127b507", "id": "k7lim/dqn-LunarLander-v2", "modelId": "k7lim/dqn-LunarLander-v2", "author": "k7lim", "sha": "afcc660288324670c371c30853e28589edc932a6", "lastModified": "2023-11-03T05:24:21.000Z", "private": false, "disabled": false, "gated": false, "tags": ["license:apache-2.0", "region:us"], "downloads": 0, "likes": 0, "model-index": null, "cardData": {"license": "apache-2.0"}, "siblings": [{"rfilename": ".gitattributes"}, {"rfilename": "README.md"}], "spaces": [], "createdAt": "2023-11-03T05:24:21.000Z", "inferenceStatus": "not-loaded"}