{"_id": "63d5aaf68031133803af0674", "id": "K8778/universe", "modelId": "K8778/universe", "author": "K8778", "sha": "c1dab9a2ad2505e713d135b74d30189a0da343bf", "lastModified": "2023-01-28T23:20:42.000Z", "private": false, "disabled": false, "gated": false, "pipeline_tag": "text-to-image", "tags": ["adapter-transformers", "chemistry", "medical", "legal", "art", "code", "text-to-image", "fa", "dataset:fka/awesome-chatgpt-prompts", "license:openrail", "region:us"], "downloads": 0, "library_name": "adapter-transformers", "likes": 1, "model-index": null, "cardData": {"license": "openrail", "datasets": ["fka/awesome-chatgpt-prompts"], "language": ["fa"], "metrics": ["accuracy"], "library_name": "adapter-transformers", "pipeline_tag": "text-to-image", "tags": ["chemistry", "medical", "legal", "art", "code"]}, "siblings": [{"rfilename": ".gitattributes"}, {"rfilename": "README.md"}], "spaces": [], "createdAt": "2023-01-28T23:08:38.000Z", "inferenceStatus": "not-loaded"}