{"_id": "63d5a8c263c8bec466d7feaa", "id": "K8778/GitiHasti", "modelId": "K8778/GitiHasti", "author": "K8778", "sha": "c53b5a3e2c74a0ab1a9d530bc61abecb4af4bc52", "lastModified": "2023-01-28T22:59:14.000Z", "private": false, "disabled": false, "gated": false, "tags": ["license:openrail", "region:us"], "downloads": 0, "likes": 0, "model-index": null, "cardData": {"license": "openrail"}, "siblings": [{"rfilename": ".gitattributes"}, {"rfilename": "README.md"}], "spaces": [], "createdAt": "2023-01-28T22:59:14.000Z", "inferenceStatus": "not-loaded"}