{"_id": "6534de5a33c5982a295514b3", "id": "k87k851/distilbert-base-uncased-finetuned-emotion", "modelId": "k87k851/distilbert-base-uncased-finetuned-emotion", "author": "k87k851", "sha": "8237e21595502edb0cb5aef0217d980abf0630c8", "lastModified": "2023-10-22T08:33:30.000Z", "private": false, "disabled": false, "gated": false, "tags": ["region:us"], "downloads": 0, "likes": 0, "siblings": [{"rfilename": ".gitattributes"}], "spaces": [], "createdAt": "2023-10-22T08:33:30.000Z", "inferenceStatus": "not-loaded"}