{"_id": "649ab3dac93760c7a267a2af", "id": "k8tems/model_out", "modelId": "k8tems/model_out", "author": "k8tems", "sha": "041b075273f56c8251b3a75b14dc0b1dd69b6c7b", "lastModified": "2023-07-01T10:26:58.000Z", "private": false, "disabled": false, "gated": false, "pipeline_tag": "text-to-image", "tags": ["diffusers", "stable-diffusion", "stable-diffusion-diffusers", "text-to-image", "controlnet", "base_model:runwayml/stable-diffusion-v1-5", "license:creativeml-openrail-m", "region:us"], "downloads": 9, "library_name": "diffusers", "likes": 0, "model-index": null, "config": {}, "cardData": {"license": "creativeml-openrail-m", "base_model": "runwayml/stable-diffusion-v1-5", "tags": ["stable-diffusion", "stable-diffusion-diffusers", "text-to-image", "diffusers", "controlnet"], "inference": true}, "siblings": [{"rfilename": ".gitattributes"}, {"rfilename": "README.md"}, {"rfilename": "config.json"}, {"rfilename": "diffusion_pytorch_model.bin"}], "spaces": [], "createdAt": "2023-06-27T10:03:06.000Z", "inferenceStatus": "not-loaded"}