{"_id": "666465b947613a01eed1360f", "id": "ka05ar/b2b_paraphrase_retrain", "modelId": "ka05ar/b2b_paraphrase_retrain", "author": "ka05ar", "sha": "2039f5c8f239adaf4e146f7cd5fdbc78a8241cd7", "lastModified": "2024-06-08T14:22:41.000Z", "private": false, "disabled": false, "gated": false, "pipeline_tag": "text2text-generation", "tags": ["transformers", "tensorboard", "safetensors", "encoder-decoder", "text2text-generation", "generated_from_trainer", "autotrain_compatible", "endpoints_compatible", "region:us"], "downloads": 1, "library_name": "transformers", "likes": 0, "model-index": [{"name": "b2b_paraphrase_retrain", "results": []}], "config": {"architectures": ["EncoderDecoderModel"], "model_type": "encoder-decoder", "tokenizer_config": {"cls_token": "[CLS]", "mask_token": "[MASK]", "pad_token": "[PAD]", "sep_token": "[SEP]", "unk_token": "[UNK]"}}, "cardData": {"tags": ["generated_from_trainer"], "model-index": [{"name": "b2b_paraphrase_retrain", "results": []}]}, "transformersInfo": {"auto_model": "AutoModelForSeq2SeqLM", "pipeline_tag": "text2text-generation", "processor": "AutoTokenizer"}, "siblings": [{"rfilename": ".gitattributes"}, {"rfilename": "README.md"}, {"rfilename": "config.json"}, {"rfilename": "generation_config.json"}, {"rfilename": "model.safetensors"}, {"rfilename": "runs/Jun08_14-07-50_834350cf96f5/events.out.tfevents.1717855674.834350cf96f5.1125.0"}, {"rfilename": "special_tokens_map.json"}, {"rfilename": "tokenizer.json"}, {"rfilename": "tokenizer_config.json"}, {"rfilename": "training_args.bin"}, {"rfilename": "vocab.txt"}], "spaces": [], "createdAt": "2024-06-08T14:07:53.000Z", "safetensors": {"parameters": {"F32": 247363386}, "total": 247363386}, "inferenceStatus": "not-loaded"}