{"_id": "665f788040733f5825ecf569", "id": "ka05ar/b2b_cnn_retrain", "modelId": "ka05ar/b2b_cnn_retrain", "author": "ka05ar", "sha": "ce3ffe12fba6f1ef3b5458e69cb104c9efed94b0", "lastModified": "2024-06-04T20:30:48.000Z", "private": false, "disabled": false, "gated": false, "pipeline_tag": "text2text-generation", "tags": ["transformers", "tensorboard", "safetensors", "encoder-decoder", "text2text-generation", "generated_from_trainer", "autotrain_compatible", "endpoints_compatible", "region:us"], "downloads": 1, "library_name": "transformers", "likes": 0, "model-index": [{"name": "b2b_cnn_retrain", "results": []}], "config": {"architectures": ["EncoderDecoderModel"], "model_type": "encoder-decoder", "tokenizer_config": {"cls_token": "[CLS]", "mask_token": "[MASK]", "pad_token": "[PAD]", "sep_token": "[SEP]", "unk_token": "[UNK]"}}, "cardData": {"tags": ["generated_from_trainer"], "model-index": [{"name": "b2b_cnn_retrain", "results": []}]}, "transformersInfo": {"auto_model": "AutoModelForSeq2SeqLM", "pipeline_tag": "text2text-generation", "processor": "AutoTokenizer"}, "siblings": [{"rfilename": ".gitattributes"}, {"rfilename": "README.md"}, {"rfilename": "config.json"}, {"rfilename": "generation_config.json"}, {"rfilename": "model.safetensors"}, {"rfilename": "runs/Jun04_20-26-38_0d9e7c8aedb0/events.out.tfevents.1717532801.0d9e7c8aedb0.221.0"}, {"rfilename": "special_tokens_map.json"}, {"rfilename": "tokenizer.json"}, {"rfilename": "tokenizer_config.json"}, {"rfilename": "training_args.bin"}, {"rfilename": "vocab.txt"}], "spaces": [], "createdAt": "2024-06-04T20:26:40.000Z", "safetensors": {"parameters": {"F32": 247363386}, "total": 247363386}, "inferenceStatus": "not-loaded"}