{"_id": "64ddeea2931a8e1c2c5a50dd", "id": "ka05ar/banglabert-sentiment", "modelId": "ka05ar/banglabert-sentiment", "author": "ka05ar", "sha": "a9acd01895703a7d008a61b81ce9140b9c53470e", "lastModified": "2023-08-26T01:21:49.000Z", "private": false, "disabled": false, "gated": false, "pipeline_tag": "text-classification", "tags": ["transformers", "pytorch", "tensorboard", "safetensors", "electra", "text-classification", "bn", "license:mit", "autotrain_compatible", "endpoints_compatible", "region:us"], "downloads": 43, "library_name": "transformers", "mask_token": "[MASK]", "widgetData": [{"text": "\u09ac\u09be\u0999\u09be\u09b2\u09bf\u09b0 \u0998\u09b0\u09c7 \u0998\u09b0\u09c7 \u0986\u099c \u09a8\u09ac\u09be\u09a8\u09cd\u09a8 \u0989\u09ce\u09b8\u09ac\u0964"}], "likes": 0, "model-index": null, "config": {"architectures": ["ElectraForSequenceClassification"], "model_type": "electra", "tokenizer_config": {"cls_token": "[CLS]", "mask_token": "[MASK]", "pad_token": "[PAD]", "sep_token": "[SEP]", "unk_token": "[UNK]"}}, "cardData": {"license": "mit", "language": ["bn"], "metrics": ["accuracy", "f1"], "pipeline_tag": "text-classification"}, "transformersInfo": {"auto_model": "AutoModelForSequenceClassification", "pipeline_tag": "text-classification", "processor": "AutoTokenizer"}, "siblings": [{"rfilename": ".gitattributes"}, {"rfilename": ".gitignore"}, {"rfilename": "README.md"}, {"rfilename": "config.json"}, {"rfilename": "model.safetensors"}, {"rfilename": "pytorch_model.bin"}, {"rfilename": "runs/Aug18_04-45-16_7d7891edf53c/events.out.tfevents.1692333923.7d7891edf53c.28.0"}, {"rfilename": "runs/Aug18_05-04-06_7d7891edf53c/events.out.tfevents.1692335055.7d7891edf53c.28.1"}, {"rfilename": "runs/Aug18_05-06-30_7d7891edf53c/events.out.tfevents.1692335197.7d7891edf53c.28.2"}, {"rfilename": "runs/Aug18_05-19-25_7d7891edf53c/events.out.tfevents.1692335976.7d7891edf53c.28.3"}, {"rfilename": "runs/Aug18_05-21-37_7d7891edf53c/events.out.tfevents.1692336102.7d7891edf53c.28.4"}, {"rfilename": "runs/Aug18_05-46-58_7d7891edf53c/events.out.tfevents.1692337629.7d7891edf53c.28.5"}, {"rfilename": "runs/Aug18_05-49-59_7d7891edf53c/events.out.tfevents.1692337811.7d7891edf53c.28.6"}, {"rfilename": "runs/Aug18_05-49-59_7d7891edf53c/events.out.tfevents.1692338059.7d7891edf53c.28.7"}, {"rfilename": "runs/Aug18_06-07-31_7d7891edf53c/events.out.tfevents.1692338882.7d7891edf53c.28.8"}, {"rfilename": "runs/Aug18_06-10-46_7d7891edf53c/events.out.tfevents.1692339063.7d7891edf53c.28.9"}, {"rfilename": "runs/Aug18_06-13-06_7d7891edf53c/events.out.tfevents.1692339191.7d7891edf53c.28.10"}, {"rfilename": "runs/Aug18_06-13-06_7d7891edf53c/events.out.tfevents.1692339257.7d7891edf53c.28.11"}, {"rfilename": "runs/Aug18_06-38-33_7d7891edf53c/events.out.tfevents.1692340734.7d7891edf53c.28.12"}, {"rfilename": "runs/Aug18_06-40-16_7d7891edf53c/events.out.tfevents.1692340822.7d7891edf53c.28.13"}, {"rfilename": "runs/Aug18_06-42-15_7d7891edf53c/events.out.tfevents.1692340940.7d7891edf53c.28.14"}, {"rfilename": "runs/Aug18_06-42-47_7d7891edf53c/events.out.tfevents.1692340972.7d7891edf53c.28.15"}, {"rfilename": "runs/Aug18_06-43-24_7d7891edf53c/events.out.tfevents.1692341007.7d7891edf53c.28.16"}, {"rfilename": "runs/Aug18_06-44-24_7d7891edf53c/events.out.tfevents.1692341068.7d7891edf53c.28.17"}, {"rfilename": "special_tokens_map.json"}, {"rfilename": "tokenizer.json"}, {"rfilename": "tokenizer_config.json"}, {"rfilename": "training_args.bin"}, {"rfilename": "vocab.txt"}], "spaces": [], "createdAt": "2023-08-17T09:55:46.000Z", "safetensors": {"parameters": {"I64": 512, "F32": 110619651}, "total": 110620163}, "inferenceStatus": "not-loaded"}