{"_id": "66687c5e4e19aaf0b23d0517", "id": "ka05ar/Gemma-7B-Ins-Bn_Math_v1", "modelId": "ka05ar/Gemma-7B-Ins-Bn_Math_v1", "author": "ka05ar", "sha": "0641533f7379d870ff980ba2e3976597c8eb2eb6", "lastModified": "2024-06-11T17:56:24.000Z", "private": false, "disabled": false, "gated": false, "tags": ["transformers", "safetensors", "unsloth", "arxiv:1910.09700", "endpoints_compatible", "region:us"], "downloads": 0, "library_name": "transformers", "likes": 0, "model-index": null, "cardData": {"library_name": "transformers", "tags": ["unsloth"]}, "transformersInfo": {"auto_model": "AutoModel"}, "siblings": [{"rfilename": ".gitattributes"}, {"rfilename": "README.md"}, {"rfilename": "adapter_config.json"}, {"rfilename": "adapter_model.safetensors"}], "spaces": [], "createdAt": "2024-06-11T16:33:34.000Z", "inferenceStatus": "not-loaded"}