{"_id": "6662f8c83d966f21ff0ca171", "id": "ka05ar/Banglat5_EDx1", "modelId": "ka05ar/Banglat5_EDx1", "author": "ka05ar", "sha": "e1751e54e4a4889a761efd19c560d2d0dc3934b6", "lastModified": "2024-06-07T12:11:31.000Z", "private": false, "disabled": false, "gated": false, "pipeline_tag": "text2text-generation", "tags": ["transformers", "safetensors", "t5", "text2text-generation", "arxiv:1910.09700", "autotrain_compatible", "text-generation-inference", "endpoints_compatible", "region:us"], "downloads": 46, "library_name": "transformers", "likes": 0, "model-index": null, "config": {"architectures": ["T5ForConditionalGeneration"], "model_type": "t5", "tokenizer_config": {"eos_token": "</s>", "pad_token": "<pad>", "unk_token": "<unk>"}}, "cardData": {"library_name": "transformers", "tags": []}, "transformersInfo": {"auto_model": "AutoModelForSeq2SeqLM", "pipeline_tag": "text2text-generation", "processor": "AutoTokenizer"}, "siblings": [{"rfilename": ".gitattributes"}, {"rfilename": "README.md"}, {"rfilename": "added_tokens.json"}, {"rfilename": "config.json"}, {"rfilename": "generation_config.json"}, {"rfilename": "model.safetensors"}, {"rfilename": "special_tokens_map.json"}, {"rfilename": "spiece.model"}, {"rfilename": "tokenizer_config.json"}], "spaces": [], "createdAt": "2024-06-07T12:10:48.000Z", "safetensors": {"parameters": {"F32": 264098688}, "total": 264098688}, "inferenceStatus": "not-loaded"}