{"_id": "666877a9ae959ef6454dbe75", "id": "ka05ar/DeepSeekMath-7B-Ins-Bn_Math_v4", "modelId": "ka05ar/DeepSeekMath-7B-Ins-Bn_Math_v4", "author": "ka05ar", "sha": "d30fcad2e39b358156f427d5c386ce476e5f40a2", "lastModified": "2024-06-11T16:52:00.000Z", "private": false, "disabled": false, "gated": false, "tags": ["transformers", "safetensors", "unsloth", "arxiv:1910.09700", "endpoints_compatible", "region:us"], "downloads": 0, "library_name": "transformers", "likes": 0, "model-index": null, "cardData": {"library_name": "transformers", "tags": ["unsloth"]}, "transformersInfo": {"auto_model": "AutoModel"}, "siblings": [{"rfilename": ".gitattributes"}, {"rfilename": "README.md"}, {"rfilename": "adapter_config.json"}, {"rfilename": "adapter_model.safetensors"}], "spaces": [], "createdAt": "2024-06-11T16:13:29.000Z", "inferenceStatus": "not-loaded"}