{"_id": "6667184ac3461f73357b1872", "id": "ka05ar/DeepSeekMath-7B-Ins-Bn_Math_v2", "modelId": "ka05ar/DeepSeekMath-7B-Ins-Bn_Math_v2", "author": "ka05ar", "sha": "c5272d46947dc049019ddb45865bb1932c4984ed", "lastModified": "2024-06-10T15:17:23.000Z", "private": false, "disabled": false, "gated": false, "tags": ["transformers", "safetensors", "unsloth", "arxiv:1910.09700", "endpoints_compatible", "region:us"], "downloads": 0, "library_name": "transformers", "likes": 0, "model-index": null, "cardData": {"library_name": "transformers", "tags": ["unsloth"]}, "transformersInfo": {"auto_model": "AutoModel"}, "siblings": [{"rfilename": ".gitattributes"}, {"rfilename": "README.md"}, {"rfilename": "adapter_config.json"}, {"rfilename": "adapter_model.safetensors"}], "spaces": [], "createdAt": "2024-06-10T15:14:18.000Z", "inferenceStatus": "not-loaded"}