{"_id": "647c15544d7c0c3fcce399c0", "id": "ka1yo/miscmixes", "modelId": "ka1yo/miscmixes", "author": "ka1yo", "sha": "86712e818e3fb6438165dbefaff9e49c815bf963", "lastModified": "2023-06-04T04:47:25.000Z", "private": false, "disabled": false, "gated": false, "tags": ["region:us"], "downloads": 0, "likes": 0, "siblings": [{"rfilename": ".gitattributes"}, {"rfilename": "KaiyoSakanaMerge.safetensors"}, {"rfilename": "KaiyoSakanaMergeV4.safetensors"}, {"rfilename": "SakanaMareV1.safetensors"}, {"rfilename": "SakanaMareV2.safetensors"}, {"rfilename": "SakanaMareV3.safetensors"}], "spaces": [], "createdAt": "2023-06-04T04:38:44.000Z", "inferenceStatus": "not-loaded"}