{"_id": "646f6a19e2a72c647b7152cb", "id": "ka1yo/sakanamixes", "modelId": "ka1yo/sakanamixes", "author": "ka1yo", "sha": "eda3f80a63d2e1b765b9c69fd0e21960c4b17cd1", "lastModified": "2023-05-31T12:15:51.000Z", "private": false, "disabled": false, "gated": false, "tags": ["license:openrail", "region:us"], "downloads": 0, "likes": 0, "model-index": null, "cardData": {"license": "openrail"}, "siblings": [{"rfilename": ".gitattributes"}, {"rfilename": "README.md"}, {"rfilename": "SakanaMix.ckpt"}, {"rfilename": "SakanaMixV2.ckpt"}, {"rfilename": "SakanaMixV3.ckpt"}, {"rfilename": "SakanaMixV4.ckpt"}, {"rfilename": "SakanaMixV5.ckpt"}, {"rfilename": "SakanaRuviMixFinal.ckpt"}], "spaces": [], "createdAt": "2023-05-25T14:00:57.000Z", "inferenceStatus": "not-loaded"}