{"_id": "6460fa7cb2ae2983b10638a7", "id": "ka1yo/shiomixes", "modelId": "ka1yo/shiomixes", "author": "ka1yo", "sha": "d1acb1c75ed4f8bcf2ef5660764d780bd5e50fcd", "lastModified": "2023-05-14T15:25:40.000Z", "private": false, "disabled": false, "gated": false, "tags": ["license:openrail", "region:us"], "downloads": 0, "likes": 0, "model-index": null, "cardData": {"license": "openrail"}, "siblings": [{"rfilename": ".gitattributes"}, {"rfilename": "README.md"}, {"rfilename": "ShioMix.safetensors"}, {"rfilename": "ShioMixLine.ckpt"}, {"rfilename": "ShioMixSmooth.safetensors"}, {"rfilename": "ShioMixSmoothV2.safetensors"}, {"rfilename": "ShioMixSmoothV2B.ckpt"}, {"rfilename": "ShioMixSmoothV3.ckpt"}, {"rfilename": "ShioMixV2A.safetensors"}, {"rfilename": "ShioMixV2B.safetensors"}, {"rfilename": "ShioMixV3.safetensors"}, {"rfilename": "ShioMixV4.ckpt"}, {"rfilename": "ShioMonster.safetensors"}], "spaces": [], "createdAt": "2023-05-14T15:13:00.000Z", "inferenceStatus": "not-loaded"}