{"_id": "653c1cf8da1aa5d298841726", "id": "Ka4on/mistral_ultrasound_1.2", "modelId": "Ka4on/mistral_ultrasound_1.2", "author": "Ka4on", "sha": "793f879c7b46af40ca108abefa14822823ebf70b", "lastModified": "2023-10-27T20:27:05.000Z", "private": false, "disabled": false, "gated": false, "tags": ["region:us"], "downloads": 0, "likes": 0, "config": {"tokenizer_config": {"bos_token": "<s>", "eos_token": "</s>", "pad_token": "</s>", "unk_token": "<unk>", "use_default_system_prompt": true}}, "siblings": [{"rfilename": ".gitattributes"}, {"rfilename": "adapter_config.json"}, {"rfilename": "adapter_model.bin"}, {"rfilename": "generation_config.json"}, {"rfilename": "special_tokens_map.json"}, {"rfilename": "tokenizer.json"}, {"rfilename": "tokenizer.model"}, {"rfilename": "tokenizer_config.json"}], "spaces": [], "createdAt": "2023-10-27T20:26:32.000Z", "inferenceStatus": "not-loaded"}