{"_id": "65358fe2d34e9f02b9cdf620", "id": "Ka4on/mistral__ultrasound_finetuned", "modelId": "Ka4on/mistral__ultrasound_finetuned", "author": "Ka4on", "sha": "2b73943ec20600704150a7779d115adae3819b96", "lastModified": "2023-10-22T21:10:59.000Z", "private": false, "disabled": false, "gated": false, "tags": ["region:us"], "downloads": 0, "likes": 0, "config": {"tokenizer_config": {"bos_token": "<s>", "eos_token": "</s>", "pad_token": "</s>", "unk_token": "<unk>", "use_default_system_prompt": true}}, "siblings": [{"rfilename": ".gitattributes"}, {"rfilename": "special_tokens_map.json"}, {"rfilename": "tokenizer.json"}, {"rfilename": "tokenizer.model"}, {"rfilename": "tokenizer_config.json"}], "spaces": [], "createdAt": "2023-10-22T21:10:58.000Z", "inferenceStatus": "not-loaded"}