{"_id": "653c4a82284fa7923c8885b2", "id": "Ka4on/mistral_ultrasound_1.3", "modelId": "Ka4on/mistral_ultrasound_1.3", "author": "Ka4on", "sha": "d72f03ec779fddc4676f1d960b0202fdc81ebc9b", "lastModified": "2023-10-27T23:41:31.000Z", "private": false, "disabled": false, "gated": false, "tags": ["region:us"], "downloads": 0, "likes": 0, "config": {"tokenizer_config": {"bos_token": "<s>", "eos_token": "</s>", "pad_token": "</s>", "unk_token": "<unk>", "use_default_system_prompt": true}}, "siblings": [{"rfilename": ".gitattributes"}, {"rfilename": "adapter_config.json"}, {"rfilename": "adapter_model.bin"}, {"rfilename": "generation_config.json"}, {"rfilename": "special_tokens_map.json"}, {"rfilename": "tokenizer.json"}, {"rfilename": "tokenizer.model"}, {"rfilename": "tokenizer_config.json"}], "spaces": [], "createdAt": "2023-10-27T23:40:50.000Z", "inferenceStatus": "not-loaded"}