{"_id": "645b93632c76efd4c66511ca", "id": "Ka4on/Capstone", "modelId": "Ka4on/Capstone", "author": "Ka4on", "sha": "8661e26288c7a9f6b9425c816418061e648eca87", "lastModified": "2023-05-10T15:24:30.000Z", "private": false, "disabled": false, "gated": false, "tags": ["region:us"], "downloads": 0, "likes": 0, "siblings": [{"rfilename": ".gitattributes"}, {"rfilename": "adapter_config.json"}, {"rfilename": "adapter_model.bin"}], "spaces": [], "createdAt": "2023-05-10T12:51:47.000Z", "inferenceStatus": "not-loaded"}