{"_id": "655a49443fc7998474955058", "id": "Ka4on/mistral_radiology3.2", "modelId": "Ka4on/mistral_radiology3.2", "author": "Ka4on", "sha": "672bf4341f07ff98cc608ab8e4554b73789f68f2", "lastModified": "2023-11-19T17:55:45.000Z", "private": false, "disabled": false, "gated": false, "tags": ["region:us"], "downloads": 0, "likes": 0, "config": {"tokenizer_config": {"bos_token": "<s>", "eos_token": "</s>", "pad_token": "<unk>", "unk_token": "<unk>", "use_default_system_prompt": true}}, "siblings": [{"rfilename": ".gitattributes"}, {"rfilename": "special_tokens_map.json"}, {"rfilename": "tokenizer.json"}, {"rfilename": "tokenizer.model"}, {"rfilename": "tokenizer_config.json"}], "spaces": [], "createdAt": "2023-11-19T17:43:32.000Z", "inferenceStatus": "not-loaded"}