{"_id": "645b7e988ac8cdceb3885b01", "id": "Ka4on/ultrasound-sample", "modelId": "Ka4on/ultrasound-sample", "author": "Ka4on", "sha": "7e8c855adbc6aecf208a8ab0a6922eb5dd8fa6a4", "lastModified": "2023-05-10T12:00:32.000Z", "private": false, "disabled": false, "gated": false, "tags": ["region:us"], "downloads": 0, "likes": 0, "siblings": [{"rfilename": ".gitattributes"}, {"rfilename": "adapter_config.json"}, {"rfilename": "adapter_model.bin"}], "spaces": [], "createdAt": "2023-05-10T11:23:04.000Z", "inferenceStatus": "not-loaded"}