{"_id": "6530296864599cf1271b0b06", "id": "kaaamraaan/vit-base-patch16-224-finetuned-eurosat-albumentations", "modelId": "kaaamraaan/vit-base-patch16-224-finetuned-eurosat-albumentations", "author": "kaaamraaan", "sha": "2a0fd4420fca8f720c96cd613e01fbd883a3536d", "lastModified": "2023-10-18T18:52:24.000Z", "private": false, "disabled": false, "gated": false, "tags": ["region:us"], "downloads": 0, "likes": 0, "siblings": [{"rfilename": ".gitattributes"}], "spaces": [], "createdAt": "2023-10-18T18:52:24.000Z", "inferenceStatus": "not-loaded"}