{"_id": "663fbac8b98ddf3fe4e8993c", "id": "kaaang-g/noffbot-v3_04", "modelId": "kaaang-g/noffbot-v3_04", "author": "kaaang-g", "sha": "c3b85821b648b26c435fe2f7fee2918d8397ea40", "lastModified": "2024-05-11T19:02:39.000Z", "private": false, "disabled": false, "gated": false, "tags": ["safetensors", "region:us"], "downloads": 0, "likes": 0, "config": {"tokenizer_config": {"bos_token": "<bos>", "eos_token": "<eos>", "pad_token": "<pad>", "unk_token": "<unk>", "use_default_system_prompt": false}}, "siblings": [{"rfilename": ".gitattributes"}, {"rfilename": "adapter_config.json"}, {"rfilename": "adapter_model.safetensors"}, {"rfilename": "special_tokens_map.json"}, {"rfilename": "tokenizer.json"}, {"rfilename": "tokenizer_config.json"}, {"rfilename": "training_args.bin"}], "spaces": [], "createdAt": "2024-05-11T18:36:56.000Z", "inferenceStatus": "not-loaded"}