{"_id": "6640db138732bcd076fd9e9b", "id": "kaaang-g/noffbot-v4_05", "modelId": "kaaang-g/noffbot-v4_05", "author": "kaaang-g", "sha": "19fae65bd98f01b613f379ffdff6ed017693ba91", "lastModified": "2024-05-12T15:17:45.000Z", "private": false, "disabled": false, "gated": false, "tags": ["safetensors", "region:us"], "downloads": 0, "likes": 0, "config": {"tokenizer_config": {"bos_token": "<bos>", "eos_token": "<eos>", "pad_token": "<pad>", "unk_token": "<unk>", "use_default_system_prompt": false}}, "siblings": [{"rfilename": ".gitattributes"}, {"rfilename": "adapter_config.json"}, {"rfilename": "adapter_model.safetensors"}, {"rfilename": "special_tokens_map.json"}, {"rfilename": "tokenizer.json"}, {"rfilename": "tokenizer_config.json"}, {"rfilename": "training_args.bin"}], "spaces": [], "createdAt": "2024-05-12T15:06:59.000Z", "inferenceStatus": "not-loaded"}