{"_id": "6640beedf17636249a86a004", "id": "kaaang-g/noffbot-v4_04", "modelId": "kaaang-g/noffbot-v4_04", "author": "kaaang-g", "sha": "d32146fc2aed95817dc24b5733c6500e18713ceb", "lastModified": "2024-05-12T14:32:02.000Z", "private": false, "disabled": false, "gated": false, "tags": ["safetensors", "region:us"], "downloads": 0, "likes": 0, "config": {"tokenizer_config": {"bos_token": "<bos>", "eos_token": "<eos>", "pad_token": "<pad>", "unk_token": "<unk>", "use_default_system_prompt": false}}, "siblings": [{"rfilename": ".gitattributes"}, {"rfilename": "adapter_config.json"}, {"rfilename": "adapter_model.safetensors"}, {"rfilename": "special_tokens_map.json"}, {"rfilename": "tokenizer.json"}, {"rfilename": "tokenizer_config.json"}, {"rfilename": "training_args.bin"}], "spaces": [], "createdAt": "2024-05-12T13:06:53.000Z", "inferenceStatus": "not-loaded"}