{"_id": "6278516820f16528acaa2dc3", "id": "kaakekhan/tiny-bert-sst2-distilled", "modelId": "kaakekhan/tiny-bert-sst2-distilled", "author": "kaakekhan", "sha": "2ddb3e97bf10c7eae895c9ab79f6b88650861c23", "lastModified": "2022-05-09T00:39:14.000Z", "private": false, "disabled": false, "gated": false, "pipeline_tag": "text-classification", "tags": ["transformers", "pytorch", "tensorboard", "bert", "text-classification", "autotrain_compatible", "endpoints_compatible", "region:us"], "downloads": 3, "library_name": "transformers", "mask_token": "[MASK]", "widgetData": [{"text": "I like you. I love you"}], "likes": 0, "config": {"architectures": ["BertForSequenceClassification"], "model_type": "bert", "tokenizer_config": {"unk_token": "[UNK]", "sep_token": "[SEP]", "pad_token": "[PAD]", "cls_token": "[CLS]", "mask_token": "[MASK]"}}, "transformersInfo": {"auto_model": "AutoModelForSequenceClassification", "pipeline_tag": "text-classification", "processor": "AutoTokenizer"}, "siblings": [{"rfilename": ".gitattributes"}, {"rfilename": ".gitignore"}, {"rfilename": "config.json"}, {"rfilename": "logs/1652052756.1675973/events.out.tfevents.1652052756.b1e5259324ea.72.1"}, {"rfilename": "logs/1652054153.4687276/events.out.tfevents.1652054153.b1e5259324ea.72.3"}, {"rfilename": "logs/1652054895.652042/events.out.tfevents.1652054895.b1e5259324ea.72.5"}, {"rfilename": "logs/1652056494.313255/events.out.tfevents.1652056494.b1e5259324ea.72.7"}, {"rfilename": "logs/1652056545.3765867/events.out.tfevents.1652056545.b1e5259324ea.72.9"}, {"rfilename": "logs/events.out.tfevents.1652052756.b1e5259324ea.72.0"}, {"rfilename": "logs/events.out.tfevents.1652054153.b1e5259324ea.72.2"}, {"rfilename": "logs/events.out.tfevents.1652054895.b1e5259324ea.72.4"}, {"rfilename": "logs/events.out.tfevents.1652056494.b1e5259324ea.72.6"}, {"rfilename": "logs/events.out.tfevents.1652056545.b1e5259324ea.72.8"}, {"rfilename": "pytorch_model.bin"}, {"rfilename": "special_tokens_map.json"}, {"rfilename": "tokenizer.json"}, {"rfilename": "tokenizer_config.json"}, {"rfilename": "training_args.bin"}, {"rfilename": "vocab.txt"}], "spaces": [], "createdAt": "2022-05-08T23:25:28.000Z", "inferenceStatus": "not-loaded"}