{"_id": "642291c6c7fdbc10a0fcfd26", "id": "kaalzoorul/whisper-medium-ph", "modelId": "kaalzoorul/whisper-medium-ph", "author": "kaalzoorul", "sha": "2ea9dbd4b430cda655809357a4ed4578c2506f21", "lastModified": "2023-03-29T12:36:44.000Z", "private": false, "disabled": false, "gated": false, "pipeline_tag": "automatic-speech-recognition", "tags": ["transformers", "pytorch", "tensorboard", "whisper", "automatic-speech-recognition", "endpoints_compatible", "region:us"], "downloads": 2, "library_name": "transformers", "likes": 0, "config": {"architectures": ["WhisperForConditionalGeneration"], "model_type": "whisper"}, "transformersInfo": {"auto_model": "AutoModelForSpeechSeq2Seq", "pipeline_tag": "automatic-speech-recognition", "processor": "AutoProcessor"}, "siblings": [{"rfilename": ".gitattributes"}, {"rfilename": ".gitignore"}, {"rfilename": "config.json"}, {"rfilename": "preprocessor_config.json"}, {"rfilename": "pytorch_model.bin"}, {"rfilename": "runs/Mar28_13-08-16_6da5e69b0f54/1680009027.511408/events.out.tfevents.1680009027.6da5e69b0f54.1648.1"}, {"rfilename": "runs/Mar28_13-08-16_6da5e69b0f54/events.out.tfevents.1680009027.6da5e69b0f54.1648.0"}, {"rfilename": "runs/Mar28_18-10-35_1141e8b71ae0/1680027712.033837/events.out.tfevents.1680027712.1141e8b71ae0.353.1"}, {"rfilename": "runs/Mar28_18-10-35_1141e8b71ae0/events.out.tfevents.1680027712.1141e8b71ae0.353.0"}, {"rfilename": "runs/Mar29_02-54-18_8427f83750dc/1680058685.087587/events.out.tfevents.1680058685.8427f83750dc.151.1"}, {"rfilename": "runs/Mar29_02-54-18_8427f83750dc/events.out.tfevents.1680058685.8427f83750dc.151.0"}, {"rfilename": "runs/Mar29_06-51-02_4b47d2f2a2ae/1680072888.595065/events.out.tfevents.1680072888.4b47d2f2a2ae.141.1"}, {"rfilename": "runs/Mar29_06-51-02_4b47d2f2a2ae/events.out.tfevents.1680072888.4b47d2f2a2ae.141.0"}, {"rfilename": "training_args.bin"}], "spaces": [], "createdAt": "2023-03-28T07:05:42.000Z", "inferenceStatus": "not-loaded"}