{"_id": "647f2a901a446a624a402ff0", "id": "kaanakdeniz/bert_base_uncased_content_zeroshot", "modelId": "kaanakdeniz/bert_base_uncased_content_zeroshot", "author": "kaanakdeniz", "sha": "7bef8027eae4cefa98b9c00263773789956e2142", "lastModified": "2023-06-06T13:00:34.000Z", "private": false, "disabled": false, "gated": false, "pipeline_tag": "text-classification", "tags": ["transformers", "pytorch", "bert", "text-classification", "autotrain_compatible", "endpoints_compatible", "region:us"], "downloads": 2, "library_name": "transformers", "mask_token": "[MASK]", "widgetData": [{"text": "I like you. I love you"}], "likes": 0, "config": {"architectures": ["BertForSequenceClassification"], "model_type": "bert", "tokenizer_config": {"cls_token": "[CLS]", "mask_token": "[MASK]", "pad_token": "[PAD]", "sep_token": "[SEP]", "unk_token": "[UNK]"}}, "transformersInfo": {"auto_model": "AutoModelForSequenceClassification", "pipeline_tag": "text-classification", "processor": "AutoTokenizer"}, "siblings": [{"rfilename": ".gitattributes"}, {"rfilename": "config.json"}, {"rfilename": "pytorch_model.bin"}, {"rfilename": "special_tokens_map.json"}, {"rfilename": "tokenizer.json"}, {"rfilename": "tokenizer_config.json"}, {"rfilename": "training_args.bin"}, {"rfilename": "vocab.txt"}], "spaces": [], "createdAt": "2023-06-06T12:46:08.000Z", "inferenceStatus": "not-loaded"}