{"_id": "663ced0476e6d5b98f4cccd7", "id": "kaanhho/news_model", "modelId": "kaanhho/news_model", "author": "kaanhho", "sha": "66c588ea9d352f75a1816643b80d1821eb1c17b3", "lastModified": "2024-05-09T20:05:05.000Z", "private": false, "disabled": false, "gated": false, "pipeline_tag": "text2text-generation", "tags": ["transformers", "tensorboard", "safetensors", "t5", "text2text-generation", "generated_from_trainer", "base_model:t5-small", "license:apache-2.0", "autotrain_compatible", "text-generation-inference", "endpoints_compatible", "region:us"], "downloads": 2, "library_name": "transformers", "likes": 0, "model-index": [{"name": "news_model", "results": []}], "config": {"architectures": ["T5ForConditionalGeneration"], "model_type": "t5", "tokenizer_config": {"eos_token": "</s>", "pad_token": "<pad>", "unk_token": "<unk>"}}, "cardData": {"license": "apache-2.0", "base_model": "t5-small", "tags": ["generated_from_trainer"], "metrics": ["rouge"], "model-index": [{"name": "news_model", "results": []}]}, "transformersInfo": {"auto_model": "AutoModelForSeq2SeqLM", "pipeline_tag": "text2text-generation", "processor": "AutoTokenizer"}, "siblings": [{"rfilename": ".gitattributes"}, {"rfilename": "README.md"}, {"rfilename": "config.json"}, {"rfilename": "generation_config.json"}, {"rfilename": "model.safetensors"}, {"rfilename": "runs/May09_15-34-27_e996085759d1/events.out.tfevents.1715268868.e996085759d1.4069.0"}, {"rfilename": "runs/May09_17-09-07_e02132a1925d/events.out.tfevents.1715274548.e02132a1925d.10390.0"}, {"rfilename": "special_tokens_map.json"}, {"rfilename": "spiece.model"}, {"rfilename": "tokenizer.json"}, {"rfilename": "tokenizer_config.json"}, {"rfilename": "training_args.bin"}], "spaces": [], "createdAt": "2024-05-09T15:34:28.000Z", "safetensors": {"parameters": {"F32": 60506624}, "total": 60506624}, "inferenceStatus": "not-loaded"}