{"_id": "647b92ef6dbad6ab05821328", "id": "kaanakdeniz/hierarchical_zeroshot", "modelId": "kaanakdeniz/hierarchical_zeroshot", "author": "kaanakdeniz", "sha": "afd943c182030e1bec69e36eb1a7fff12689c616", "lastModified": "2023-06-09T00:05:56.000Z", "private": false, "disabled": false, "gated": false, "pipeline_tag": "text-classification", "tags": ["transformers", "pytorch", "hierarchical-transformer", "text-classification", "custom_code", "autotrain_compatible", "region:us"], "downloads": 2, "library_name": "transformers", "widgetData": [{"text": "I like you. I love you"}], "likes": 1, "config": {"architectures": ["HATForSequenceClassification"], "auto_map": {"AutoConfig": "configuration_hat.HATConfig", "AutoModel": "modelling_hat.HATModel", "AutoModelForMaskedLM": "modelling_hat.HATForMaskedLM", "AutoModelForMultipleChoice": "modelling_hat.HATForMultipleChoice", "AutoModelForQuestionAnswering": "modelling_hat.HATForQuestionAnswering", "AutoModelForSequenceClassification": "modelling_hat.HATForSequenceClassification", "AutoModelForTokenClassification": "modelling_hat.HATForTokenClassification", "AutoTokenizer": "tokenization_hat.HATTokenizer"}, "model_type": "hierarchical-transformer", "tokenizer_config": {"bos_token": {"__type": "AddedToken", "content": "<s>", "lstrip": false, "normalized": true, "rstrip": false, "single_word": false}, "cls_token": {"__type": "AddedToken", "content": "<s>", "lstrip": false, "normalized": true, "rstrip": false, "single_word": false}, "eos_token": {"__type": "AddedToken", "content": "</s>", "lstrip": false, "normalized": true, "rstrip": false, "single_word": false}, "mask_token": {"__type": "AddedToken", "content": "<mask>", "lstrip": true, "normalized": true, "rstrip": false, "single_word": false}, "pad_token": {"__type": "AddedToken", "content": "<pad>", "lstrip": false, "normalized": true, "rstrip": false, "single_word": false}, "sep_token": {"__type": "AddedToken", "content": "</s>", "lstrip": false, "normalized": true, "rstrip": false, "single_word": false}, "unk_token": {"__type": "AddedToken", "content": "<unk>", "lstrip": false, "normalized": true, "rstrip": false, "single_word": false}}}, "transformersInfo": {"auto_model": "AutoModelForSequenceClassification", "custom_class": "modelling_hat.HATForSequenceClassification", "pipeline_tag": "text-classification"}, "siblings": [{"rfilename": ".gitattributes"}, {"rfilename": "config.json"}, {"rfilename": "configuration_hat.py"}, {"rfilename": "merges.txt"}, {"rfilename": "modelling_hat.py"}, {"rfilename": "pytorch_model.bin"}, {"rfilename": "special_tokens_map.json"}, {"rfilename": "tokenizer_config.json"}, {"rfilename": "training_args.bin"}, {"rfilename": "vocab.json"}], "spaces": [], "createdAt": "2023-06-03T19:22:23.000Z", "inferenceStatus": "not-loaded"}