{"_id": "645177bcb3f75261a7dd9dd2", "id": "KaanHa/bert-base-uncased-finetuned-cola", "modelId": "KaanHa/bert-base-uncased-finetuned-cola", "author": "KaanHa", "sha": "0695858ab01208c71263ae41d40c3749e48fbddc", "lastModified": "2023-05-07T19:47:47.000Z", "private": false, "disabled": false, "gated": false, "pipeline_tag": "text-classification", "tags": ["transformers", "pytorch", "tensorboard", "bert", "text-classification", "generated_from_trainer", "dataset:glue", "license:apache-2.0", "model-index", "autotrain_compatible", "endpoints_compatible", "region:us"], "downloads": 2, "library_name": "transformers", "mask_token": "[MASK]", "widgetData": [{"text": "I like you. I love you"}], "likes": 0, "model-index": [{"name": "bert-base-uncased-finetuned-cola", "results": [{"task": {"name": "Text Classification", "type": "text-classification"}, "dataset": {"name": "glue", "type": "glue", "config": "cola", "split": "validation", "args": "cola"}, "metrics": [{"name": "Matthews Correlation", "type": "matthews_correlation", "value": 0.5365007161029405, "verified": false}]}]}], "config": {"architectures": ["BertForSequenceClassification"], "model_type": "bert", "tokenizer_config": {"cls_token": "[CLS]", "mask_token": "[MASK]", "pad_token": "[PAD]", "sep_token": "[SEP]", "unk_token": "[UNK]"}}, "cardData": {"license": "apache-2.0", "tags": ["generated_from_trainer"], "datasets": ["glue"], "metrics": ["matthews_correlation"], "model-index": [{"name": "bert-base-uncased-finetuned-cola", "results": [{"task": {"name": "Text Classification", "type": "text-classification"}, "dataset": {"name": "glue", "type": "glue", "config": "cola", "split": "validation", "args": "cola"}, "metrics": [{"name": "Matthews Correlation", "type": "matthews_correlation", "value": 0.5365007161029405, "verified": false}]}]}]}, "transformersInfo": {"auto_model": "AutoModelForSequenceClassification", "pipeline_tag": "text-classification", "processor": "AutoTokenizer"}, "siblings": [{"rfilename": ".gitattributes"}, {"rfilename": ".gitignore"}, {"rfilename": "README.md"}, {"rfilename": "config.json"}, {"rfilename": "pytorch_model.bin"}, {"rfilename": "runs/May02_20-50-58_026f77d0c981/1683060691.7272887/events.out.tfevents.1683060691.026f77d0c981.270.1"}, {"rfilename": "runs/May02_20-50-58_026f77d0c981/1683061207.838449/events.out.tfevents.1683061207.026f77d0c981.270.4"}, {"rfilename": "runs/May02_20-50-58_026f77d0c981/1683061449.5423987/events.out.tfevents.1683061449.026f77d0c981.270.6"}, {"rfilename": "runs/May02_20-50-58_026f77d0c981/1683061722.4868448/events.out.tfevents.1683061722.026f77d0c981.270.8"}, {"rfilename": "runs/May02_20-50-58_026f77d0c981/1683061803.7685697/events.out.tfevents.1683061803.026f77d0c981.270.9"}, {"rfilename": "runs/May02_20-50-58_026f77d0c981/1683061969.9762726/events.out.tfevents.1683061969.026f77d0c981.270.11"}, {"rfilename": "runs/May02_20-50-58_026f77d0c981/1683062088.6867476/events.out.tfevents.1683062088.026f77d0c981.270.13"}, {"rfilename": "runs/May02_20-50-58_026f77d0c981/1683062098.8724685/events.out.tfevents.1683062098.026f77d0c981.270.14"}, {"rfilename": "runs/May02_20-50-58_026f77d0c981/1683062185.4516034/events.out.tfevents.1683062185.026f77d0c981.270.16"}, {"rfilename": "runs/May02_20-50-58_026f77d0c981/1683062313.0589266/events.out.tfevents.1683062313.026f77d0c981.270.18"}, {"rfilename": "runs/May02_20-50-58_026f77d0c981/1683062427.8243606/events.out.tfevents.1683062427.026f77d0c981.270.20"}, {"rfilename": "runs/May02_20-50-58_026f77d0c981/1683062548.056121/events.out.tfevents.1683062548.026f77d0c981.270.22"}, {"rfilename": "runs/May02_20-50-58_026f77d0c981/events.out.tfevents.1683060691.026f77d0c981.270.0"}, {"rfilename": "runs/May02_20-50-58_026f77d0c981/events.out.tfevents.1683060917.026f77d0c981.270.2"}, {"rfilename": "runs/May02_20-50-58_026f77d0c981/events.out.tfevents.1683061207.026f77d0c981.270.3"}, {"rfilename": "runs/May02_20-50-58_026f77d0c981/events.out.tfevents.1683061449.026f77d0c981.270.5"}, {"rfilename": "runs/May02_20-50-58_026f77d0c981/events.out.tfevents.1683061722.026f77d0c981.270.7"}, {"rfilename": "runs/May02_20-50-58_026f77d0c981/events.out.tfevents.1683061969.026f77d0c981.270.10"}, {"rfilename": "runs/May02_20-50-58_026f77d0c981/events.out.tfevents.1683062088.026f77d0c981.270.12"}, {"rfilename": "runs/May02_20-50-58_026f77d0c981/events.out.tfevents.1683062185.026f77d0c981.270.15"}, {"rfilename": "runs/May02_20-50-58_026f77d0c981/events.out.tfevents.1683062313.026f77d0c981.270.17"}, {"rfilename": "runs/May02_20-50-58_026f77d0c981/events.out.tfevents.1683062427.026f77d0c981.270.19"}, {"rfilename": "runs/May02_20-50-58_026f77d0c981/events.out.tfevents.1683062548.026f77d0c981.270.21"}, {"rfilename": "runs/May07_10-36-03_af69411fc0d2/1683456878.212658/events.out.tfevents.1683456878.af69411fc0d2.690.1"}, {"rfilename": "runs/May07_10-36-03_af69411fc0d2/1683457406.6363785/events.out.tfevents.1683457406.af69411fc0d2.690.4"}, {"rfilename": "runs/May07_10-36-03_af69411fc0d2/1683457604.091699/events.out.tfevents.1683457604.af69411fc0d2.690.6"}, {"rfilename": "runs/May07_10-36-03_af69411fc0d2/1683457737.0487068/events.out.tfevents.1683457737.af69411fc0d2.690.8"}, {"rfilename": "runs/May07_10-36-03_af69411fc0d2/1683458416.2516503/events.out.tfevents.1683458416.af69411fc0d2.690.10"}, {"rfilename": "runs/May07_10-36-03_af69411fc0d2/1683458487.887321/events.out.tfevents.1683458487.af69411fc0d2.690.12"}, {"rfilename": "runs/May07_10-36-03_af69411fc0d2/1683458637.6260378/events.out.tfevents.1683458637.af69411fc0d2.690.14"}, {"rfilename": "runs/May07_10-36-03_af69411fc0d2/1683459739.9135087/events.out.tfevents.1683459739.af69411fc0d2.690.16"}, {"rfilename": "runs/May07_10-36-03_af69411fc0d2/1683460101.4498324/events.out.tfevents.1683460101.af69411fc0d2.690.18"}, {"rfilename": "runs/May07_10-36-03_af69411fc0d2/1683460234.1591077/events.out.tfevents.1683460234.af69411fc0d2.690.20"}, {"rfilename": "runs/May07_10-36-03_af69411fc0d2/1683460680.0095294/events.out.tfevents.1683460680.af69411fc0d2.690.22"}, {"rfilename": "runs/May07_10-36-03_af69411fc0d2/1683461084.6858044/events.out.tfevents.1683461084.af69411fc0d2.690.24"}, {"rfilename": "runs/May07_10-36-03_af69411fc0d2/1683461656.3838468/events.out.tfevents.1683461656.af69411fc0d2.690.26"}, {"rfilename": "runs/May07_10-36-03_af69411fc0d2/events.out.tfevents.1683456878.af69411fc0d2.690.0"}, {"rfilename": "runs/May07_10-36-03_af69411fc0d2/events.out.tfevents.1683457279.af69411fc0d2.690.2"}, {"rfilename": "runs/May07_10-36-03_af69411fc0d2/events.out.tfevents.1683457406.af69411fc0d2.690.3"}, {"rfilename": "runs/May07_10-36-03_af69411fc0d2/events.out.tfevents.1683457604.af69411fc0d2.690.5"}, {"rfilename": "runs/May07_10-36-03_af69411fc0d2/events.out.tfevents.1683457737.af69411fc0d2.690.7"}, {"rfilename": "runs/May07_10-36-03_af69411fc0d2/events.out.tfevents.1683458416.af69411fc0d2.690.9"}, {"rfilename": "runs/May07_10-36-03_af69411fc0d2/events.out.tfevents.1683458487.af69411fc0d2.690.11"}, {"rfilename": "runs/May07_10-36-03_af69411fc0d2/events.out.tfevents.1683458637.af69411fc0d2.690.13"}, {"rfilename": "runs/May07_10-36-03_af69411fc0d2/events.out.tfevents.1683459739.af69411fc0d2.690.15"}, {"rfilename": "runs/May07_10-36-03_af69411fc0d2/events.out.tfevents.1683460101.af69411fc0d2.690.17"}, {"rfilename": "runs/May07_10-36-03_af69411fc0d2/events.out.tfevents.1683460234.af69411fc0d2.690.19"}, {"rfilename": "runs/May07_10-36-03_af69411fc0d2/events.out.tfevents.1683460680.af69411fc0d2.690.21"}, {"rfilename": "runs/May07_10-36-03_af69411fc0d2/events.out.tfevents.1683461084.af69411fc0d2.690.23"}, {"rfilename": "runs/May07_10-36-03_af69411fc0d2/events.out.tfevents.1683461656.af69411fc0d2.690.25"}, {"rfilename": "runs/May07_10-36-03_af69411fc0d2/events.out.tfevents.1683461820.af69411fc0d2.690.27"}, {"rfilename": "runs/May07_12-30-09_af69411fc0d2/1683462624.001408/events.out.tfevents.1683462624.af69411fc0d2.690.29"}, {"rfilename": "runs/May07_12-30-09_af69411fc0d2/1683463077.8603413/events.out.tfevents.1683463077.af69411fc0d2.690.32"}, {"rfilename": "runs/May07_12-30-09_af69411fc0d2/1683463616.006514/events.out.tfevents.1683463616.af69411fc0d2.690.34"}, {"rfilename": "runs/May07_12-30-09_af69411fc0d2/events.out.tfevents.1683462623.af69411fc0d2.690.28"}, {"rfilename": "runs/May07_12-30-09_af69411fc0d2/events.out.tfevents.1683463053.af69411fc0d2.690.30"}, {"rfilename": "runs/May07_12-30-09_af69411fc0d2/events.out.tfevents.1683463077.af69411fc0d2.690.31"}, {"rfilename": "runs/May07_12-30-09_af69411fc0d2/events.out.tfevents.1683463616.af69411fc0d2.690.33"}, {"rfilename": "runs/May07_12-55-10_34cdcc29e26b/1683464399.628595/events.out.tfevents.1683464399.34cdcc29e26b.337.1"}, {"rfilename": "runs/May07_12-55-10_34cdcc29e26b/1683464744.4405775/events.out.tfevents.1683464744.34cdcc29e26b.337.3"}, {"rfilename": "runs/May07_12-55-10_34cdcc29e26b/1683465048.8042183/events.out.tfevents.1683465048.34cdcc29e26b.337.5"}, {"rfilename": "runs/May07_12-55-10_34cdcc29e26b/1683465408.8719893/events.out.tfevents.1683465408.34cdcc29e26b.337.7"}, {"rfilename": "runs/May07_12-55-10_34cdcc29e26b/1683465835.7323084/events.out.tfevents.1683465835.34cdcc29e26b.337.9"}, {"rfilename": "runs/May07_12-55-10_34cdcc29e26b/1683466070.3684332/events.out.tfevents.1683466070.34cdcc29e26b.337.11"}, {"rfilename": "runs/May07_12-55-10_34cdcc29e26b/events.out.tfevents.1683464399.34cdcc29e26b.337.0"}, {"rfilename": "runs/May07_12-55-10_34cdcc29e26b/events.out.tfevents.1683464744.34cdcc29e26b.337.2"}, {"rfilename": "runs/May07_12-55-10_34cdcc29e26b/events.out.tfevents.1683465048.34cdcc29e26b.337.4"}, {"rfilename": "runs/May07_12-55-10_34cdcc29e26b/events.out.tfevents.1683465408.34cdcc29e26b.337.6"}, {"rfilename": "runs/May07_12-55-10_34cdcc29e26b/events.out.tfevents.1683465835.34cdcc29e26b.337.8"}, {"rfilename": "runs/May07_12-55-10_34cdcc29e26b/events.out.tfevents.1683466070.34cdcc29e26b.337.10"}, {"rfilename": "runs/May07_12-55-10_34cdcc29e26b/events.out.tfevents.1683466560.34cdcc29e26b.337.12"}, {"rfilename": "runs/May07_13-38-22_34cdcc29e26b/1683466898.130982/events.out.tfevents.1683466898.34cdcc29e26b.337.14"}, {"rfilename": "runs/May07_13-38-22_34cdcc29e26b/1683467428.0545056/events.out.tfevents.1683467428.34cdcc29e26b.337.16"}, {"rfilename": "runs/May07_13-38-22_34cdcc29e26b/1683467897.9282591/events.out.tfevents.1683467897.34cdcc29e26b.337.18"}, {"rfilename": "runs/May07_13-38-22_34cdcc29e26b/events.out.tfevents.1683466898.34cdcc29e26b.337.13"}, {"rfilename": "runs/May07_13-38-22_34cdcc29e26b/events.out.tfevents.1683467428.34cdcc29e26b.337.15"}, {"rfilename": "runs/May07_13-38-22_34cdcc29e26b/events.out.tfevents.1683467897.34cdcc29e26b.337.17"}, {"rfilename": "runs/May07_14-19-25_d178d0cefd73/1683469389.8464947/events.out.tfevents.1683469389.d178d0cefd73.397.1"}, {"rfilename": "runs/May07_14-19-25_d178d0cefd73/1683469500.8079655/events.out.tfevents.1683469500.d178d0cefd73.397.3"}, {"rfilename": "runs/May07_14-19-25_d178d0cefd73/1683470027.25162/events.out.tfevents.1683470027.d178d0cefd73.397.5"}, {"rfilename": "runs/May07_14-19-25_d178d0cefd73/1683471144.897592/events.out.tfevents.1683471144.d178d0cefd73.397.7"}, {"rfilename": "runs/May07_14-19-25_d178d0cefd73/1683472534.9101148/events.out.tfevents.1683472534.d178d0cefd73.397.9"}, {"rfilename": "runs/May07_14-19-25_d178d0cefd73/1683472714.7337935/events.out.tfevents.1683472714.d178d0cefd73.397.11"}, {"rfilename": "runs/May07_14-19-25_d178d0cefd73/events.out.tfevents.1683469389.d178d0cefd73.397.0"}, {"rfilename": "runs/May07_14-19-25_d178d0cefd73/events.out.tfevents.1683469500.d178d0cefd73.397.2"}, {"rfilename": "runs/May07_14-19-25_d178d0cefd73/events.out.tfevents.1683470027.d178d0cefd73.397.4"}, {"rfilename": "runs/May07_14-19-25_d178d0cefd73/events.out.tfevents.1683471144.d178d0cefd73.397.6"}, {"rfilename": "runs/May07_14-19-25_d178d0cefd73/events.out.tfevents.1683472534.d178d0cefd73.397.8"}, {"rfilename": "runs/May07_14-19-25_d178d0cefd73/events.out.tfevents.1683472714.d178d0cefd73.397.10"}, {"rfilename": "runs/May07_15-27-31_de6d99dafd15/1683473469.2969718/events.out.tfevents.1683473469.de6d99dafd15.1127.1"}, {"rfilename": "runs/May07_15-27-31_de6d99dafd15/1683474047.0394194/events.out.tfevents.1683474047.de6d99dafd15.1127.3"}, {"rfilename": "runs/May07_15-27-31_de6d99dafd15/1683474402.7798274/events.out.tfevents.1683474402.de6d99dafd15.1127.5"}, {"rfilename": "runs/May07_15-27-31_de6d99dafd15/events.out.tfevents.1683473469.de6d99dafd15.1127.0"}, {"rfilename": "runs/May07_15-27-31_de6d99dafd15/events.out.tfevents.1683474047.de6d99dafd15.1127.2"}, {"rfilename": "runs/May07_15-27-31_de6d99dafd15/events.out.tfevents.1683474402.de6d99dafd15.1127.4"}, {"rfilename": "runs/May07_15-54-15_de6d99dafd15/1683474901.9643846/events.out.tfevents.1683474901.de6d99dafd15.1127.7"}, {"rfilename": "runs/May07_15-54-15_de6d99dafd15/events.out.tfevents.1683474901.de6d99dafd15.1127.6"}, {"rfilename": "runs/May07_15-54-15_de6d99dafd15/events.out.tfevents.1683475297.de6d99dafd15.1127.8"}, {"rfilename": "runs/May07_17-49-27_347a3d5994cc/1683481963.8172622/events.out.tfevents.1683481963.347a3d5994cc.357.1"}, {"rfilename": "runs/May07_17-49-27_347a3d5994cc/events.out.tfevents.1683481963.347a3d5994cc.357.0"}, {"rfilename": "runs/May07_17-56-10_347a3d5994cc/1683482180.946061/events.out.tfevents.1683482180.347a3d5994cc.357.3"}, {"rfilename": "runs/May07_17-56-10_347a3d5994cc/events.out.tfevents.1683482180.347a3d5994cc.357.2"}, {"rfilename": "runs/May07_18-16-40_347a3d5994cc/1683483750.0595996/events.out.tfevents.1683483750.347a3d5994cc.357.5"}, {"rfilename": "runs/May07_18-16-40_347a3d5994cc/1683484776.731558/events.out.tfevents.1683484776.347a3d5994cc.357.7"}, {"rfilename": "runs/May07_18-16-40_347a3d5994cc/1683485187.7816718/events.out.tfevents.1683485187.347a3d5994cc.357.9"}, {"rfilename": "runs/May07_18-16-40_347a3d5994cc/1683485232.4620447/events.out.tfevents.1683485232.347a3d5994cc.357.10"}, {"rfilename": "runs/May07_18-16-40_347a3d5994cc/events.out.tfevents.1683483750.347a3d5994cc.357.4"}, {"rfilename": "runs/May07_18-16-40_347a3d5994cc/events.out.tfevents.1683484776.347a3d5994cc.357.6"}, {"rfilename": "runs/May07_18-16-40_347a3d5994cc/events.out.tfevents.1683485187.347a3d5994cc.357.8"}, {"rfilename": "runs/May07_18-22-24_347a3d5994cc/1683486405.742517/events.out.tfevents.1683486405.347a3d5994cc.357.12"}, {"rfilename": "runs/May07_18-22-24_347a3d5994cc/1683486790.6209774/events.out.tfevents.1683486790.347a3d5994cc.357.14"}, {"rfilename": "runs/May07_18-22-24_347a3d5994cc/1683487331.0796943/events.out.tfevents.1683487331.347a3d5994cc.357.16"}, {"rfilename": "runs/May07_18-22-24_347a3d5994cc/1683487848.7738228/events.out.tfevents.1683487848.347a3d5994cc.357.18"}, {"rfilename": "runs/May07_18-22-24_347a3d5994cc/1683487992.3231611/events.out.tfevents.1683487992.347a3d5994cc.357.20"}, {"rfilename": "runs/May07_18-22-24_347a3d5994cc/1683488463.3202307/events.out.tfevents.1683488463.347a3d5994cc.357.22"}, {"rfilename": "runs/May07_18-22-24_347a3d5994cc/events.out.tfevents.1683486405.347a3d5994cc.357.11"}, {"rfilename": "runs/May07_18-22-24_347a3d5994cc/events.out.tfevents.1683486790.347a3d5994cc.357.13"}, {"rfilename": "runs/May07_18-22-24_347a3d5994cc/events.out.tfevents.1683487331.347a3d5994cc.357.15"}, {"rfilename": "runs/May07_18-22-24_347a3d5994cc/events.out.tfevents.1683487848.347a3d5994cc.357.17"}, {"rfilename": "runs/May07_18-22-24_347a3d5994cc/events.out.tfevents.1683487992.347a3d5994cc.357.19"}, {"rfilename": "runs/May07_18-22-24_347a3d5994cc/events.out.tfevents.1683488463.347a3d5994cc.357.21"}, {"rfilename": "special_tokens_map.json"}, {"rfilename": "tokenizer.json"}, {"rfilename": "tokenizer_config.json"}, {"rfilename": "training_args.bin"}, {"rfilename": "vocab.txt"}], "spaces": [], "createdAt": "2023-05-02T20:51:08.000Z", "inferenceStatus": "not-loaded"}