{"_id": "64f9fdf0f393f30370d1acb7", "id": "KaanTekTr/bert-mse-model", "modelId": "KaanTekTr/bert-mse-model", "author": "KaanTekTr", "sha": "b917a8771cf5d3d38933b77f679da8af24b643dd", "lastModified": "2023-09-07T16:44:56.000Z", "private": false, "disabled": false, "gated": false, "pipeline_tag": "text-classification", "tags": ["transformers", "pytorch", "bert", "text-classification", "autotrain_compatible", "endpoints_compatible", "region:us"], "downloads": 3, "library_name": "transformers", "mask_token": "[MASK]", "widgetData": [{"text": "I like you. I love you"}], "likes": 0, "config": {"architectures": ["BertForSequenceClassification"], "model_type": "bert"}, "transformersInfo": {"auto_model": "AutoModelForSequenceClassification", "pipeline_tag": "text-classification", "processor": "AutoTokenizer"}, "siblings": [{"rfilename": ".gitattributes"}, {"rfilename": "config.json"}, {"rfilename": "pytorch_model.bin"}], "spaces": [], "createdAt": "2023-09-07T16:44:32.000Z", "inferenceStatus": "not-loaded"}