{"_id": "6521216ea692c870ea961d5e", "id": "kaarelkaarelson/finetuned-bert-large-arabertv2", "modelId": "kaarelkaarelson/finetuned-bert-large-arabertv2", "author": "kaarelkaarelson", "sha": "3ff0e774fb34ca9a3aec9e2c8944bb53f9dbff93", "lastModified": "2023-10-07T09:14:22.000Z", "private": false, "disabled": false, "gated": false, "tags": ["region:us"], "downloads": 0, "likes": 0, "siblings": [{"rfilename": ".gitattributes"}], "spaces": [], "createdAt": "2023-10-07T09:14:22.000Z", "inferenceStatus": "not-loaded"}