{"_id": "665360ceb47c060e53b9e6f6", "id": "kaashh02/Starling-LM-7B-alpha-GGUF-Q4_K_M", "modelId": "kaashh02/Starling-LM-7B-alpha-GGUF-Q4_K_M", "author": "kaashh02", "sha": "97a673008f13e7342ea4ab33ab270c0d459c74f4", "lastModified": "2024-05-26T16:26:10.000Z", "private": false, "disabled": false, "gated": false, "tags": ["gguf", "region:us"], "downloads": 16, "likes": 0, "siblings": [{"rfilename": ".gitattributes"}, {"rfilename": "Q4_K_M.gguf"}], "spaces": [], "createdAt": "2024-05-26T16:18:22.000Z", "inferenceStatus": "not-loaded"}