{"_id": "657604fe30b73319797567db", "id": "kaayaanil/ldm-ffhq-256", "modelId": "kaayaanil/ldm-ffhq-256", "author": "kaayaanil", "sha": "19567b0c5c5736c58b44213abdd02758b2fc23a9", "lastModified": "2024-04-03T13:02:53.000Z", "private": false, "disabled": false, "gated": false, "pipeline_tag": "text-to-image", "tags": ["diffusers", "safetensors", "autotrain_compatible", "endpoints_compatible", "diffusers:StableDiffusionPipeline", "region:us"], "downloads": 31, "library_name": "diffusers", "likes": 0, "config": {"diffusers": {"_class_name": "StableDiffusionPipeline"}}, "siblings": [{"rfilename": ".gitattributes"}, {"rfilename": "config.json"}, {"rfilename": "diffusion_pytorch_model.safetensors"}, {"rfilename": "itu_final_project.pdf"}, {"rfilename": "latent_stable_diffusoin.pdf"}, {"rfilename": "model_index.json"}, {"rfilename": "scheduler/scheduler_config.json"}, {"rfilename": "unet/config.json"}, {"rfilename": "unet/diffusion_pytorch_model.safetensors"}, {"rfilename": "vae/config.json"}, {"rfilename": "vae/diffusion_pytorch_model.safetensors"}], "spaces": [], "createdAt": "2023-12-10T18:35:42.000Z", "inferenceStatus": "not-loaded"}