{"_id": "66056a6f57778f7a19faedf4", "id": "kab45/ppo-LunarLander-v2", "modelId": "kab45/ppo-LunarLander-v2", "author": "kab45", "sha": "17cf1fac05b22945a0ea631b8c1b0bdce952fe71", "lastModified": "2024-03-29T12:31:56.000Z", "private": false, "disabled": false, "gated": false, "pipeline_tag": "reinforcement-learning", "tags": ["stable-baselines3", "LunarLander-v2", "deep-reinforcement-learning", "reinforcement-learning", "model-index", "region:us"], "downloads": 2, "library_name": "stable-baselines3", "likes": 0, "model-index": [{"name": "PPO", "results": [{"task": {"type": "reinforcement-learning", "name": "reinforcement-learning"}, "dataset": {"name": "LunarLander-v2", "type": "LunarLander-v2"}, "metrics": [{"type": "mean_reward", "value": "157.36 +/- 117.15", "name": "mean_reward", "verified": false}]}]}], "config": {}, "cardData": {"library_name": "stable-baselines3", "tags": ["LunarLander-v2", "deep-reinforcement-learning", "reinforcement-learning", "stable-baselines3"], "model-index": [{"name": "PPO", "results": [{"task": {"type": "reinforcement-learning", "name": "reinforcement-learning"}, "dataset": {"name": "LunarLander-v2", "type": "LunarLander-v2"}, "metrics": [{"type": "mean_reward", "value": "157.36 +/- 117.15", "name": "mean_reward", "verified": false}]}]}]}, "siblings": [{"rfilename": ".gitattributes"}, {"rfilename": "PPO-LunarLander-v2.zip"}, {"rfilename": "PPO-LunarLander-v2/_stable_baselines3_version"}, {"rfilename": "PPO-LunarLander-v2/data"}, {"rfilename": "PPO-LunarLander-v2/policy.optimizer.pth"}, {"rfilename": "PPO-LunarLander-v2/policy.pth"}, {"rfilename": "PPO-LunarLander-v2/pytorch_variables.pth"}, {"rfilename": "PPO-LunarLander-v2/system_info.txt"}, {"rfilename": "README.md"}, {"rfilename": "config.json"}, {"rfilename": "replay.mp4"}, {"rfilename": "results.json"}], "spaces": [], "createdAt": "2024-03-28T13:02:39.000Z", "inferenceStatus": "not-loaded"}