{"_id": "64845c9793affaeb91bb9c4a", "id": "kabachuha/potat1-with-text-encoder-original-format", "modelId": "kabachuha/potat1-with-text-encoder-original-format", "author": "kabachuha", "sha": "12390c8fd5e3e131340f267bae1163f15be8878c", "lastModified": "2023-06-10T11:51:25.000Z", "private": false, "disabled": false, "gated": false, "tags": ["open_clip", "region:us"], "downloads": 30, "library_name": "open_clip", "likes": 6, "siblings": [{"rfilename": ".gitattributes"}, {"rfilename": "VQGAN_autoencoder.pth"}, {"rfilename": "configuration.json"}, {"rfilename": "open_clip_pytorch_model.bin"}, {"rfilename": "text2video_pytorch_model.pth"}], "spaces": [], "createdAt": "2023-06-10T11:20:55.000Z", "inferenceStatus": "not-loaded"}