{"_id": "65533f88ab7c20ac6ff3f9a1", "id": "KABANDA18/FineTuned-Roberta-base", "modelId": "KABANDA18/FineTuned-Roberta-base", "author": "KABANDA18", "sha": "bb93a2ea61a848871d57a3ae4bf215d8d275f7ec", "lastModified": "2023-11-14T09:37:49.000Z", "private": false, "disabled": false, "gated": false, "pipeline_tag": "text-classification", "tags": ["transformers", "safetensors", "roberta", "text-classification", "generated_from_trainer", "base_model:roberta-base", "license:mit", "autotrain_compatible", "endpoints_compatible", "region:us"], "downloads": 3, "library_name": "transformers", "mask_token": "<mask>", "widgetData": [{"text": "I like you. I love you"}], "likes": 0, "model-index": [{"name": "FineTuned-Roberta-base", "results": []}], "config": {"architectures": ["RobertaForSequenceClassification"], "model_type": "roberta", "tokenizer_config": {"bos_token": "<s>", "cls_token": "<s>", "eos_token": "</s>", "mask_token": "<mask>", "pad_token": "<pad>", "sep_token": "</s>", "unk_token": "<unk>"}}, "cardData": {"license": "mit", "base_model": "roberta-base", "tags": ["generated_from_trainer"], "model-index": [{"name": "FineTuned-Roberta-base", "results": []}]}, "transformersInfo": {"auto_model": "AutoModelForSequenceClassification", "pipeline_tag": "text-classification", "processor": "AutoTokenizer"}, "siblings": [{"rfilename": ".gitattributes"}, {"rfilename": "README.md"}, {"rfilename": "config.json"}, {"rfilename": "merges.txt"}, {"rfilename": "model.safetensors"}, {"rfilename": "special_tokens_map.json"}, {"rfilename": "tokenizer_config.json"}, {"rfilename": "training_args.bin"}, {"rfilename": "vocab.json"}], "spaces": [], "createdAt": "2023-11-14T09:36:08.000Z", "safetensors": {"parameters": {"F32": 124647939}, "total": 124647939}, "inferenceStatus": "not-loaded"}