{"_id": "641abf715d107c5c5f34eeea", "id": "kabachuha/modelscope-damo-text2video-pruned-weights", "modelId": "kabachuha/modelscope-damo-text2video-pruned-weights", "author": "kabachuha", "sha": "7ce0f211f8c139f9f27bc80e5bd19d2e17df4521", "lastModified": "2023-03-23T12:19:20.000Z", "private": false, "disabled": false, "gated": false, "tags": ["open_clip", "license:cc-by-nc-4.0", "region:us"], "downloads": 607, "library_name": "open_clip", "likes": 39, "model-index": null, "cardData": {"license": "cc-by-nc-4.0"}, "siblings": [{"rfilename": ".gitattributes"}, {"rfilename": "README.md"}, {"rfilename": "VQGAN_autoencoder.pth"}, {"rfilename": "configuration.json"}, {"rfilename": "open_clip_pytorch_model.bin"}, {"rfilename": "text2video_pytorch_model.pth"}], "spaces": [], "createdAt": "2023-03-22T08:42:25.000Z", "inferenceStatus": "not-loaded"}