{"_id": "6652b545b6316cf6f6f281f9", "id": "Kaballas/Kaballas", "modelId": "Kaballas/Kaballas", "author": "Kaballas", "sha": "6aaaae86148cfea6cd8f4cd96e2439efce2e4910", "lastModified": "2024-05-26T04:14:19.000Z", "private": false, "disabled": false, "gated": false, "tags": ["transformers", "safetensors", "bert", "license:apache-2.0", "endpoints_compatible", "region:us"], "downloads": 11, "library_name": "transformers", "mask_token": "[MASK]", "likes": 0, "model-index": null, "config": {"architectures": ["HF_ColBERT"], "model_type": "bert", "tokenizer_config": {"cls_token": "[CLS]", "mask_token": "[MASK]", "pad_token": "[PAD]", "sep_token": "[SEP]", "unk_token": "[UNK]"}}, "cardData": {"license": "apache-2.0"}, "transformersInfo": {"auto_model": "HF_ColBERT", "processor": "AutoTokenizer"}, "siblings": [{"rfilename": ".gitattributes"}, {"rfilename": "README.md"}, {"rfilename": "artifact.metadata"}, {"rfilename": "config.json"}, {"rfilename": "model.safetensors"}, {"rfilename": "special_tokens_map.json"}, {"rfilename": "tokenizer.json"}, {"rfilename": "tokenizer_config.json"}, {"rfilename": "vocab.txt"}], "spaces": [], "createdAt": "2024-05-26T04:06:29.000Z", "safetensors": {"parameters": {"F32": 109580544}, "total": 109580544}, "inferenceStatus": "not-loaded"}