{"_id": "659e893cbae94a5d04a218c2", "id": "KABANDA18/Movie_Review_Roberta", "modelId": "KABANDA18/Movie_Review_Roberta", "author": "KABANDA18", "sha": "cbfe490e619b6fac1034b6a062451e33dd27946d", "lastModified": "2024-01-10T13:48:16.000Z", "private": false, "disabled": false, "gated": false, "pipeline_tag": "text-classification", "tags": ["transformers", "tensorboard", "safetensors", "roberta", "text-classification", "generated_from_trainer", "base_model:roberta-base", "license:mit", "autotrain_compatible", "endpoints_compatible", "region:us"], "downloads": 2, "library_name": "transformers", "mask_token": "<mask>", "widgetData": [{"text": "I like you. I love you"}], "likes": 0, "model-index": [{"name": "Movie_Review_Roberta", "results": []}], "config": {"architectures": ["RobertaForSequenceClassification"], "model_type": "roberta", "tokenizer_config": {"bos_token": "<s>", "cls_token": "<s>", "eos_token": "</s>", "mask_token": "<mask>", "pad_token": "<pad>", "sep_token": "</s>", "unk_token": "<unk>"}}, "cardData": {"license": "mit", "base_model": "roberta-base", "tags": ["generated_from_trainer"], "metrics": ["accuracy"], "model-index": [{"name": "Movie_Review_Roberta", "results": []}]}, "transformersInfo": {"auto_model": "AutoModelForSequenceClassification", "pipeline_tag": "text-classification", "processor": "AutoTokenizer"}, "siblings": [{"rfilename": ".gitattributes"}, {"rfilename": "README.md"}, {"rfilename": "config.json"}, {"rfilename": "merges.txt"}, {"rfilename": "model.safetensors"}, {"rfilename": "runs/Jan10_12-10-35_e39cd3f68b0a/events.out.tfevents.1704888637.e39cd3f68b0a.497.0"}, {"rfilename": "special_tokens_map.json"}, {"rfilename": "tokenizer.json"}, {"rfilename": "tokenizer_config.json"}, {"rfilename": "training_args.bin"}, {"rfilename": "vocab.json"}], "spaces": [], "createdAt": "2024-01-10T12:10:36.000Z", "safetensors": {"parameters": {"F32": 124647170}, "total": 124647170}, "inferenceStatus": "not-loaded"}