{"_id": "66597a093b355070beb9c4ce", "id": "Kabatubare/sonic_seal_v1", "modelId": "Kabatubare/sonic_seal_v1", "author": "Kabatubare", "sha": "c1190f40724e91171f5ec3d450c31b5d574ee09b", "lastModified": "2024-06-01T23:05:49.000Z", "private": false, "disabled": false, "gated": false, "tags": ["region:us"], "downloads": 0, "likes": 0, "siblings": [{"rfilename": ".gitattributes"}, {"rfilename": "detector_32bits.pth"}, {"rfilename": "generator_32bits.pth"}, {"rfilename": "sonic_seal_detector_32bits.pth"}, {"rfilename": "sonic_seal_generator_32bits.pth"}], "spaces": [], "createdAt": "2024-05-31T07:19:37.000Z", "inferenceStatus": "not-loaded"}