{"_id": "642ef385ce2efe48a1aa5667", "id": "kabachuha/videocrafter-pruned-weights", "modelId": "kabachuha/videocrafter-pruned-weights", "author": "kabachuha", "sha": "f3db456df7acb7642233cf1662e4130b3934924e", "lastModified": "2023-04-06T16:43:13.000Z", "private": false, "disabled": false, "gated": false, "tags": ["license:cc-by-nc-4.0", "region:us"], "downloads": 0, "likes": 12, "model-index": null, "cardData": {"license": "cc-by-nc-4.0"}, "siblings": [{"rfilename": ".gitattributes"}, {"rfilename": "README.md"}, {"rfilename": "model.ckpt"}], "spaces": [], "createdAt": "2023-04-06T16:29:57.000Z", "inferenceStatus": "not-loaded"}