{"_id": "643d870d7665793135b974a8", "id": "kabachuha/animov-0.1-modelscope-original-format", "modelId": "kabachuha/animov-0.1-modelscope-original-format", "author": "kabachuha", "sha": "e96e1cdb6524fa2ed0853384a960c28478956f06", "lastModified": "2023-04-17T19:30:10.000Z", "private": false, "disabled": false, "gated": false, "tags": ["open_clip", "anime", "en", "license:cc-by-nc-4.0", "region:us"], "downloads": 28, "library_name": "open_clip", "likes": 12, "model-index": null, "cardData": {"license": "cc-by-nc-4.0", "task_categories": ["text-to-video"], "language": ["en"], "tags": ["anime"]}, "siblings": [{"rfilename": ".gitattributes"}, {"rfilename": "README.md"}, {"rfilename": "VQGAN_autoencoder.pth"}, {"rfilename": "configuration.json"}, {"rfilename": "open_clip_pytorch_model.bin"}, {"rfilename": "text2video_pytorch_model.pth"}], "spaces": [], "createdAt": "2023-04-17T17:51:09.000Z", "inferenceStatus": "not-loaded"}