{"_id": "65e7d8c8ca1e45e64799aade", "id": "Kabatubare/MusicGen_4_Tha_People_v2", "modelId": "Kabatubare/MusicGen_4_Tha_People_v2", "author": "Kabatubare", "sha": "91280fe7883dbc3360e0b3fbfde306092b2e0f0a", "lastModified": "2024-03-06T02:45:28.000Z", "private": false, "disabled": false, "gated": false, "tags": ["license:mit", "region:us"], "downloads": 0, "likes": 0, "model-index": null, "cardData": {"license": "mit"}, "siblings": [{"rfilename": ".gitattributes"}, {"rfilename": "README.md"}], "spaces": [], "createdAt": "2024-03-06T02:45:28.000Z", "inferenceStatus": "not-loaded"}