{"_id": "65d3a8c840a4c2b0032a54b4", "id": "KabanovDenis/t5_ru_finetuned", "modelId": "KabanovDenis/t5_ru_finetuned", "author": "KabanovDenis", "sha": "b10b24fdd3b6bc4dc8e4b25b239af7aaf0764710", "lastModified": "2024-02-19T19:23:46.000Z", "private": false, "disabled": false, "gated": false, "pipeline_tag": "text2text-generation", "tags": ["transformers", "safetensors", "t5", "text2text-generation", "autotrain_compatible", "text-generation-inference", "endpoints_compatible", "region:us"], "downloads": 0, "library_name": "transformers", "likes": 0, "config": {"architectures": ["T5ForConditionalGeneration"], "model_type": "t5", "tokenizer_config": {"eos_token": "</s>", "pad_token": "<pad>", "unk_token": "<unk>"}}, "transformersInfo": {"auto_model": "AutoModelForSeq2SeqLM", "pipeline_tag": "text2text-generation", "processor": "AutoTokenizer"}, "siblings": [{"rfilename": ".gitattributes"}, {"rfilename": "config.json"}, {"rfilename": "generation_config.json"}, {"rfilename": "model.safetensors"}, {"rfilename": "special_tokens_map.json"}, {"rfilename": "spiece.model"}, {"rfilename": "tokenizer.json"}, {"rfilename": "tokenizer_config.json"}], "spaces": [], "createdAt": "2024-02-19T19:15:20.000Z", "safetensors": {"parameters": {"F32": 244309248}, "total": 244309248}, "inferenceStatus": "not-loaded"}