{"_id": "65ca489e46be55b9ffc113ba", "id": "kabamanu/mixanikoylis", "modelId": "kabamanu/mixanikoylis", "author": "kabamanu", "sha": "ff78522a45a001675a842f2569f05e768835a79e", "lastModified": "2024-02-12T16:47:49.000Z", "private": false, "disabled": false, "gated": false, "pipeline_tag": "text-generation", "tags": ["not-for-all-audiences", "text-generation", "el", "en", "dataset:HuggingFaceM4/WebSight", "license:mit", "region:us"], "downloads": 0, "likes": 0, "model-index": null, "cardData": {"license": "mit", "datasets": ["HuggingFaceM4/WebSight"], "language": ["el", "en"], "metrics": ["character"], "pipeline_tag": "text-generation", "tags": ["not-for-all-audiences"]}, "siblings": [{"rfilename": ".gitattributes"}, {"rfilename": "README.md"}], "spaces": [], "createdAt": "2024-02-12T16:34:38.000Z", "inferenceStatus": "not-loaded"}