{"_id": "65535d5f477dd8dafdc03349", "id": "KABANDA18/FineTuning-Roberta-base_Model", "modelId": "KABANDA18/FineTuning-Roberta-base_Model", "author": "KABANDA18", "sha": "57f91e14b6bf5d1a6d9aa7f14a61b1bd657990b1", "lastModified": "2023-11-14T11:56:57.000Z", "private": false, "disabled": false, "gated": false, "pipeline_tag": "text-classification", "tags": ["transformers", "safetensors", "roberta", "text-classification", "generated_from_trainer", "base_model:roberta-base", "license:mit", "autotrain_compatible", "endpoints_compatible", "region:us"], "downloads": 3, "library_name": "transformers", "mask_token": "<mask>", "widgetData": [{"text": "I like you. I love you"}], "likes": 0, "model-index": [{"name": "FineTuning-Roberta-base_Model", "results": []}], "config": {"architectures": ["RobertaForSequenceClassification"], "model_type": "roberta", "tokenizer_config": {"bos_token": "<s>", "cls_token": "<s>", "eos_token": "</s>", "mask_token": "<mask>", "pad_token": "<pad>", "sep_token": "</s>", "unk_token": "<unk>"}}, "cardData": {"license": "mit", "base_model": "roberta-base", "tags": ["generated_from_trainer"], "metrics": ["accuracy"], "model-index": [{"name": "FineTuning-Roberta-base_Model", "results": []}]}, "transformersInfo": {"auto_model": "AutoModelForSequenceClassification", "pipeline_tag": "text-classification", "processor": "AutoTokenizer"}, "siblings": [{"rfilename": ".gitattributes"}, {"rfilename": "README.md"}, {"rfilename": "config.json"}, {"rfilename": "merges.txt"}, {"rfilename": "model.safetensors"}, {"rfilename": "special_tokens_map.json"}, {"rfilename": "tokenizer_config.json"}, {"rfilename": "training_args.bin"}, {"rfilename": "vocab.json"}], "spaces": ["KABANDA18/Gradio-Sentiments-Analyzer"], "createdAt": "2023-11-14T11:43:27.000Z", "safetensors": {"parameters": {"F32": 124647939}, "total": 124647939}, "inferenceStatus": "not-loaded"}