{"_id": "638bcd07bbe083dfbbadfa39", "id": "kabachuha/gigafractal-diffusion", "modelId": "kabachuha/gigafractal-diffusion", "author": "kabachuha", "sha": "8fe544486538be6975b2733e423b6a0bf67b3b3c", "lastModified": "2023-01-27T15:04:04.000Z", "private": false, "disabled": false, "gated": false, "pipeline_tag": "text-to-image", "tags": ["diffusers", "stable-diffusion", "stable-diffusion-diffusers", "text-to-image", "safetensors", "en", "license:creativeml-openrail-m", "autotrain_compatible", "diffusers:StableDiffusionPipeline", "region:us"], "downloads": 26, "library_name": "diffusers", "likes": 8, "model-index": null, "config": {"diffusers": {"_class_name": "StableDiffusionPipeline"}}, "cardData": {"language": ["en"], "license": "creativeml-openrail-m", "tags": ["stable-diffusion", "stable-diffusion-diffusers", "text-to-image", "diffusers", "safetensors"], "inference": false}, "siblings": [{"rfilename": ".gitattributes"}, {"rfilename": "README.md"}, {"rfilename": "feature_extractor/preprocessor_config.json"}, {"rfilename": "gigafractal.ckpt"}, {"rfilename": "gigafractal.safetensors"}, {"rfilename": "model_index.json"}, {"rfilename": "safety_checker/config.json"}, {"rfilename": "safety_checker/pytorch_model.bin"}, {"rfilename": "scheduler/scheduler_config.json"}, {"rfilename": "text_encoder/config.json"}, {"rfilename": "text_encoder/pytorch_model.bin"}, {"rfilename": "tokenizer/merges.txt"}, {"rfilename": "tokenizer/special_tokens_map.json"}, {"rfilename": "tokenizer/tokenizer_config.json"}, {"rfilename": "tokenizer/vocab.json"}, {"rfilename": "unet/config.json"}, {"rfilename": "unet/diffusion_pytorch_model.bin"}, {"rfilename": "vae/config.json"}, {"rfilename": "vae/diffusion_pytorch_model.bin"}], "spaces": [], "createdAt": "2022-12-03T22:26:15.000Z", "inferenceStatus": "not-loaded"}