{"_id": "665f2201b5c78273d0eed696", "id": "kabachuha/openface_cen_patches", "modelId": "kabachuha/openface_cen_patches", "author": "kabachuha", "sha": "25440f074a1d0e2473e450971178be9340083dd2", "lastModified": "2024-06-04T14:27:02.000Z", "private": false, "disabled": false, "gated": false, "tags": ["license:other", "region:us"], "downloads": 0, "likes": 0, "model-index": null, "cardData": {"license": "other", "license_name": "openface-license", "license_link": "https://github.com/TadasBaltrusaitis/OpenFace/blob/master/Copyright.txt"}, "siblings": [{"rfilename": ".gitattributes"}, {"rfilename": "README.md"}, {"rfilename": "cen_patches_0.25_of.dat"}, {"rfilename": "cen_patches_0.35_of.dat"}, {"rfilename": "cen_patches_0.50_of.dat"}, {"rfilename": "cen_patches_1.00_of.dat"}], "spaces": [], "createdAt": "2024-06-04T14:17:37.000Z", "inferenceStatus": "not-loaded"}