{"_id": "65a997f19c81170e3173abc2", "id": "p-c-b/St.Paul", "modelId": "p-c-b/St.Paul", "author": "p-c-b", "sha": "311614a86a5ca10449099578a024d9d48717c45b", "lastModified": "2024-01-18T21:35:07.000Z", "private": false, "disabled": false, "gated": false, "tags": ["transformers", "license:mit", "endpoints_compatible", "region:us"], "downloads": 0, "library_name": "transformers", "likes": 0, "model-index": null, "config": {}, "cardData": {"license": "mit"}, "transformersInfo": {"auto_model": "AutoModel"}, "siblings": [{"rfilename": ".gitattributes"}, {"rfilename": "D_2333333.pth"}, {"rfilename": "G_2333333.pth"}, {"rfilename": "README.md"}, {"rfilename": "config.json"}], "spaces": [], "createdAt": "2024-01-18T21:28:17.000Z", "inferenceStatus": "not-loaded"}