{"_id": "621ffdc136468d709f17eb6d", "id": "p-christ/12412fsasf", "modelId": "p-christ/12412fsasf", "author": "p-christ", "sha": "73cb7588db19266796e71e3f3bbfe03d98baa9ec", "lastModified": "2022-05-18T11:14:34.000Z", "private": false, "disabled": false, "gated": false, "pipeline_tag": "text2text-generation", "tags": ["generic", "pytorch", "t5", "text2text-generation", "region:us"], "downloads": 1, "library_name": "generic", "likes": 0, "model-index": null, "config": {"architectures": ["T5ForConditionalGeneration"], "model_type": "t5", "tokenizer_config": {"eos_token": "</s>", "unk_token": "<unk>", "pad_token": "<pad>"}}, "cardData": {"tags": ["text2text-generation"], "library_name": "generic"}, "siblings": [{"rfilename": ".gitattributes"}, {"rfilename": "README.md"}, {"rfilename": "added_tokens.json"}, {"rfilename": "config.json"}, {"rfilename": "pipeline.py"}, {"rfilename": "pytorch_model.bin"}, {"rfilename": "requirements.txt"}, {"rfilename": "special_tokens_map.json"}, {"rfilename": "spiece.model"}, {"rfilename": "tokenizer.json"}, {"rfilename": "tokenizer_config.json"}], "spaces": [], "createdAt": "2022-03-02T23:29:05.000Z", "inferenceStatus": "not-loaded"}