{"_id": "656e6026896aeb11688c355b", "id": "P-H-V/absurd-fairytale", "modelId": "P-H-V/absurd-fairytale", "author": "P-H-V", "sha": "10a4f8e62a60c64f718e1ccf2fd6f483bb062de3", "lastModified": "2023-12-04T23:26:30.000Z", "private": false, "disabled": false, "gated": false, "pipeline_tag": "text-to-image", "tags": ["diffusers", "text-to-image", "stable-diffusion", "lora", "template:sd-lora", "base_model:stabilityai/stable-diffusion-xl-base-1.0", "license:apache-2.0", "region:us"], "downloads": 0, "library_name": "diffusers", "widgetData": [{"text": "-", "output": {"url": "https://huggingface.co/P-H-V/absurd-fairytale/resolve/main/images/2023-11-02%2022.42.50.jpg"}}], "likes": 0, "model-index": null, "cardData": {"tags": ["text-to-image", "stable-diffusion", "lora", "diffusers", "template:sd-lora"], "widget": [{"text": "-", "output": {"url": "https://huggingface.co/P-H-V/absurd-fairytale/resolve/main/images/2023-11-02%2022.42.50.jpg"}}], "base_model": "stabilityai/stable-diffusion-xl-base-1.0", "instance_prompt": null, "license": "apache-2.0"}, "siblings": [{"rfilename": ".gitattributes"}, {"rfilename": "README.md"}], "spaces": ["P-H-V/P-H-V-absurd-fairytale"], "createdAt": "2023-12-04T23:26:30.000Z", "inferenceStatus": "not-loaded"}