{"_id": "6443759ff8b647fa4f5e8822", "id": "p-i-n/DontAskForModel100", "modelId": "p-i-n/DontAskForModel100", "author": "p-i-n", "sha": "aec693a3e73bd03fdca23ff8e192ceb0d65b6b73", "lastModified": "2023-06-03T22:56:28.000Z", "private": false, "disabled": false, "gated": false, "tags": ["license:cc-by-nc-nd-4.0", "region:us"], "downloads": 0, "likes": 1, "model-index": null, "cardData": {"license": "cc-by-nc-nd-4.0"}, "siblings": [{"rfilename": ".gitattributes"}, {"rfilename": "90sNostalgiaMix[PhobosRayneDarkSushiSSS][Best_1.06b].safetensors"}, {"rfilename": "ArgentWIP_Anime.safetensors"}, {"rfilename": "DontAskForModel100.safetensors"}, {"rfilename": "FinalMix-1144-0869-0261.safetensors"}, {"rfilename": "README.md"}, {"rfilename": "SHS_FinalMix.safetensors"}, {"rfilename": "StirFrySauce.safetensors"}, {"rfilename": "SzechuanPhobosRayne-1623-2353-1496.safetensors"}, {"rfilename": "SzechuanPhobosSauce_v1.1.safetensors"}, {"rfilename": "SzechuanPhobosSauce_v1.2.safetensors"}, {"rfilename": "SzechuanPhobosSauce_v1.3.safetensors"}, {"rfilename": "SzechuanPhobosSauce_v1.4.safetensors"}, {"rfilename": "SzechuanPhobosSauce_v1.5.safetensors"}, {"rfilename": "SzechuanSpecialSauce-RC002.safetensors"}, {"rfilename": "SzechuanSpecialSauce-RC003.safetensors"}, {"rfilename": "darkSushiMixMix_darkerPruned.safetensors"}, {"rfilename": "proto_v5.safetensors"}, {"rfilename": "protov5_clarity_500step_32_v6.safetensors"}, {"rfilename": "protov5_clarity_500step_32_v6_rebase_noise_0.5_f16_500step.safetensors"}, {"rfilename": "protov5_clarity_500step_32_v6_rebase_noise_0.5_f16_500step_clarity_0.5_500step_f32.safetensors"}], "spaces": [], "createdAt": "2023-04-22T05:50:23.000Z", "inferenceStatus": "not-loaded"}