{"_id": "642059ff0f061ae62182e6da", "id": "p-light/Funassyi", "modelId": "p-light/Funassyi", "author": "p-light", "sha": "abde04f564455a795509798cd6a040b43e893539", "lastModified": "2023-04-02T05:29:50.000Z", "private": false, "disabled": false, "gated": false, "tags": ["license:openrail", "region:us"], "downloads": 0, "likes": 0, "model-index": null, "cardData": {"license": "openrail"}, "siblings": [{"rfilename": ".gitattributes"}, {"rfilename": "README.md"}, {"rfilename": "funassyi.png"}, {"rfilename": "funassyi.safetensors"}], "spaces": [], "createdAt": "2023-03-26T14:43:11.000Z", "inferenceStatus": "not-loaded"}