{"_id": "64290433d8c84f8c577f1476", "id": "p-light/kumamon", "modelId": "p-light/kumamon", "author": "p-light", "sha": "654668b64f71e237d7f9ba56f3ac1f4d95cbddac", "lastModified": "2023-04-02T05:41:51.000Z", "private": false, "disabled": false, "gated": false, "tags": ["license:openrail", "region:us"], "downloads": 0, "likes": 0, "model-index": null, "cardData": {"license": "openrail"}, "siblings": [{"rfilename": ".gitattributes"}, {"rfilename": "README.md"}, {"rfilename": "kumamon.png"}, {"rfilename": "kumamon.safetensors"}], "spaces": [], "createdAt": "2023-04-02T04:27:31.000Z", "inferenceStatus": "not-loaded"}