{"_id": "668bb968c5f2911b5862482e", "id": "p-putz/lora-flan-t5-base", "modelId": "p-putz/lora-flan-t5-base", "author": "p-putz", "sha": "9e7fbc6e3ed056fa61c627464a1a08d23b6f3c19", "lastModified": "2024-07-08T10:50:37.000Z", "private": false, "disabled": false, "gated": false, "tags": ["peft", "tensorboard", "safetensors", "generated_from_trainer", "base_model:google/flan-t5-base", "license:apache-2.0", "region:us"], "downloads": 4, "library_name": "peft", "likes": 0, "model-index": [{"name": "lora-flan-t5-base", "results": []}], "config": {"peft": {"base_model_name_or_path": "google/flan-t5-base", "task_type": "SEQ_2_SEQ_LM"}}, "cardData": {"base_model": "google/flan-t5-base", "library_name": "peft", "license": "apache-2.0", "tags": ["generated_from_trainer"], "model-index": [{"name": "lora-flan-t5-base", "results": []}]}, "siblings": [{"rfilename": ".gitattributes"}, {"rfilename": "README.md"}, {"rfilename": "adapter_config.json"}, {"rfilename": "adapter_model.safetensors"}, {"rfilename": "logs/events.out.tfevents.1720434752.b75a6eb4e505.1250.0"}, {"rfilename": "training_args.bin"}], "spaces": [], "createdAt": "2024-07-08T10:03:20.000Z", "inferenceStatus": "not-loaded"}