{"_id": "6689c591d03677d9bd295f31", "id": "p-putz/bert-base-uncased-lora-finetuned-imdb", "modelId": "p-putz/bert-base-uncased-lora-finetuned-imdb", "author": "p-putz", "sha": "da0d2165a9b6ea87ff8844665121c2180fc79c32", "lastModified": "2024-07-07T16:35:05.000Z", "private": false, "disabled": false, "gated": false, "tags": ["peft", "tensorboard", "safetensors", "generated_from_trainer", "base_model:google-bert/bert-base-uncased", "license:apache-2.0", "region:us"], "downloads": 32, "library_name": "peft", "likes": 0, "model-index": [{"name": "bert-base-uncased-lora-finetuned-imdb", "results": []}], "config": {"tokenizer_config": {"cls_token": "[CLS]", "mask_token": "[MASK]", "pad_token": "[PAD]", "sep_token": "[SEP]", "unk_token": "[UNK]"}, "peft": {"base_model_name_or_path": "google-bert/bert-base-uncased"}}, "cardData": {"base_model": "google-bert/bert-base-uncased", "library_name": "peft", "license": "apache-2.0", "tags": ["generated_from_trainer"], "model-index": [{"name": "bert-base-uncased-lora-finetuned-imdb", "results": []}]}, "siblings": [{"rfilename": ".gitattributes"}, {"rfilename": "README.md"}, {"rfilename": "adapter_config.json"}, {"rfilename": "adapter_model.safetensors"}, {"rfilename": "runs/Jul06_22-27-29_249d9427143f/events.out.tfevents.1720305053.249d9427143f.1474.0"}, {"rfilename": "runs/Jul06_22-27-29_249d9427143f/events.out.tfevents.1720305496.249d9427143f.1474.1"}, {"rfilename": "runs/Jul06_22-27-29_249d9427143f/events.out.tfevents.1720305620.249d9427143f.1474.2"}, {"rfilename": "runs/Jul06_22-47-30_249d9427143f/events.out.tfevents.1720306061.249d9427143f.1474.3"}, {"rfilename": "runs/Jul07_16-02-55_bd8ce4eda757/events.out.tfevents.1720368205.bd8ce4eda757.153.0"}, {"rfilename": "runs/Jul07_16-07-41_bd8ce4eda757/events.out.tfevents.1720368520.bd8ce4eda757.153.1"}, {"rfilename": "runs/Jul07_16-07-41_bd8ce4eda757/events.out.tfevents.1720368723.bd8ce4eda757.153.2"}, {"rfilename": "runs/Jul07_16-07-41_bd8ce4eda757/events.out.tfevents.1720369113.bd8ce4eda757.153.3"}, {"rfilename": "runs/Jul07_16-19-11_bd8ce4eda757/events.out.tfevents.1720369270.bd8ce4eda757.153.4"}, {"rfilename": "runs/Jul07_16-19-11_bd8ce4eda757/events.out.tfevents.1720369594.bd8ce4eda757.153.5"}, {"rfilename": "runs/Jul07_16-31-20_bd8ce4eda757/events.out.tfevents.1720369900.bd8ce4eda757.153.6"}, {"rfilename": "special_tokens_map.json"}, {"rfilename": "tokenizer.json"}, {"rfilename": "tokenizer_config.json"}, {"rfilename": "training_args.bin"}, {"rfilename": "vocab.txt"}], "spaces": [], "createdAt": "2024-07-06T22:30:41.000Z", "inferenceStatus": "not-loaded"}