{"_id": "668971dd24f96af529a7b811", "id": "p-putz/bert-base-uncased-finetuned-imdb", "modelId": "p-putz/bert-base-uncased-finetuned-imdb", "author": "p-putz", "sha": "6593e4532df73678d257723c9a6f4a55ba3e6717", "lastModified": "2024-07-06T16:38:06.000Z", "private": false, "disabled": false, "gated": false, "pipeline_tag": "fill-mask", "tags": ["transformers", "tensorboard", "safetensors", "bert", "fill-mask", "generated_from_trainer", "base_model:google-bert/bert-base-uncased", "license:apache-2.0", "autotrain_compatible", "endpoints_compatible", "region:us"], "downloads": 3, "library_name": "transformers", "mask_token": "[MASK]", "widgetData": [{"text": "Paris is the [MASK] of France."}, {"text": "The goal of life is [MASK]."}], "likes": 0, "model-index": [{"name": "bert-base-uncased-finetuned-imdb", "results": []}], "config": {"architectures": ["BertForMaskedLM"], "model_type": "bert", "tokenizer_config": {"cls_token": "[CLS]", "mask_token": "[MASK]", "pad_token": "[PAD]", "sep_token": "[SEP]", "unk_token": "[UNK]"}}, "cardData": {"license": "apache-2.0", "base_model": "google-bert/bert-base-uncased", "tags": ["generated_from_trainer"], "model-index": [{"name": "bert-base-uncased-finetuned-imdb", "results": []}]}, "transformersInfo": {"auto_model": "AutoModelForMaskedLM", "pipeline_tag": "fill-mask", "processor": "AutoTokenizer"}, "siblings": [{"rfilename": ".gitattributes"}, {"rfilename": "README.md"}, {"rfilename": "config.json"}, {"rfilename": "generation_config.json"}, {"rfilename": "model.safetensors"}, {"rfilename": "runs/Jul06_16-33-29_c6885d9ebfcc/events.out.tfevents.1720283622.c6885d9ebfcc.1168.0"}, {"rfilename": "runs/Jul06_16-33-29_c6885d9ebfcc/events.out.tfevents.1720283864.c6885d9ebfcc.1168.1"}, {"rfilename": "special_tokens_map.json"}, {"rfilename": "tokenizer.json"}, {"rfilename": "tokenizer_config.json"}, {"rfilename": "training_args.bin"}, {"rfilename": "vocab.txt"}], "spaces": [], "createdAt": "2024-07-06T16:33:33.000Z", "safetensors": {"parameters": {"F32": 109514298}, "total": 109514298}, "inferenceStatus": "not-loaded"}