{"_id": "642286eda3627a39c17bc955", "id": "P01son/Linly-ChatFlow-7B", "modelId": "P01son/Linly-ChatFlow-7B", "author": "P01son", "sha": "d9aadd7fc00ab0d89995b3c680661a7e9f2163fe", "lastModified": "2023-04-19T16:15:57.000Z", "private": false, "disabled": false, "gated": false, "tags": ["region:us"], "downloads": 0, "likes": 28, "siblings": [{"rfilename": ".gitattributes"}, {"rfilename": "README.md"}, {"rfilename": "chatllama_7b.bin"}, {"rfilename": "tokenizer.model"}], "spaces": [], "createdAt": "2023-03-28T06:19:25.000Z", "inferenceStatus": "not-loaded"}