{"_id": "622a20e8905aaacc47447b10", "id": "P0intMaN/PyAutoCode", "modelId": "P0intMaN/PyAutoCode", "author": "P0intMaN", "sha": "a215419a7168404aa32c198843050753fde51ca3", "lastModified": "2023-05-12T21:02:01.000Z", "private": false, "disabled": false, "gated": false, "pipeline_tag": "text-generation", "tags": ["transformers", "pytorch", "tf", "safetensors", "gpt2", "text-generation", "license:mit", "autotrain_compatible", "text-generation-inference", "endpoints_compatible", "region:us"], "downloads": 3, "library_name": "transformers", "widgetData": [{"text": "My name is Julien and I like to"}, {"text": "My name is Thomas and my main"}, {"text": "My name is Mariama, my favorite"}, {"text": "My name is Clara and I am"}, {"text": "My name is Lewis and I like to"}, {"text": "My name is Merve and my favorite"}, {"text": "My name is Teven and I am"}, {"text": "Once upon a time,"}], "likes": 0, "model-index": null, "config": {"architectures": ["GPT2LMHeadModel"], "model_type": "gpt2", "tokenizer_config": {"unk_token": {"content": "<|endoftext|>", "single_word": false, "lstrip": false, "rstrip": false, "normalized": true, "__type": "AddedToken"}, "bos_token": {"content": "<|endoftext|>", "single_word": false, "lstrip": false, "rstrip": false, "normalized": true, "__type": "AddedToken"}, "eos_token": {"content": "<|endoftext|>", "single_word": false, "lstrip": false, "rstrip": false, "normalized": true, "__type": "AddedToken"}}}, "cardData": {"license": "mit"}, "transformersInfo": {"auto_model": "AutoModelForCausalLM", "pipeline_tag": "text-generation", "processor": "AutoTokenizer"}, "siblings": [{"rfilename": ".gitattributes"}, {"rfilename": "README.md"}, {"rfilename": "added_tokens.json"}, {"rfilename": "config.json"}, {"rfilename": "merges.txt"}, {"rfilename": "model.safetensors"}, {"rfilename": "pytorch_model.bin"}, {"rfilename": "special_tokens_map.json"}, {"rfilename": "tf_model.h5"}, {"rfilename": "tokenizer.json"}, {"rfilename": "tokenizer_config.json"}, {"rfilename": "vocab.json"}], "spaces": [], "createdAt": "2022-03-10T16:01:44.000Z", "safetensors": {"parameters": {"F32": 125778432, "U8": 12582912}, "total": 138361344}, "inferenceStatus": "not-loaded"}