{"_id": "663c2eb67527788a57cf0122", "id": "P0SION/yuqiofgidleallroundermodelbyaerisophics", "modelId": "P0SION/yuqiofgidleallroundermodelbyaerisophics", "author": "P0SION", "sha": "e79fa516113d271b3cd8b0d49c9e6c4d89597375", "lastModified": "2024-05-09T02:05:02.000Z", "private": false, "disabled": false, "gated": false, "tags": ["license:openrail", "region:us"], "downloads": 0, "likes": 0, "model-index": null, "cardData": {"license": "openrail"}, "siblings": [{"rfilename": ".gitattributes"}, {"rfilename": "README.md"}, {"rfilename": "yuqiofgidleallroundermodelbyaerisophics"}], "spaces": [], "createdAt": "2024-05-09T02:02:30.000Z", "inferenceStatus": "not-loaded"}