{"_id": "665c130e0d71762b861d2479", "id": "P0SION/asaofbabymonbyaerisophics", "modelId": "P0SION/asaofbabymonbyaerisophics", "author": "P0SION", "sha": "0ab6be9dafa4e5314bef81d5f987596e03d52c79", "lastModified": "2024-06-02T06:38:54.000Z", "private": false, "disabled": false, "gated": false, "tags": ["license:openrail", "region:us"], "downloads": 0, "likes": 0, "model-index": null, "cardData": {"license": "openrail"}, "siblings": [{"rfilename": ".gitattributes"}, {"rfilename": "Asa%20of%20babymonster%20(by%20aerisophics)%20-%20Weights.zip"}, {"rfilename": "README.md"}], "spaces": [], "createdAt": "2024-06-02T06:37:02.000Z", "inferenceStatus": "not-loaded"}