{"_id": "665b7f88325b11b6fe838c1f", "id": "P0SION/Lillyofnmixxaeri", "modelId": "P0SION/Lillyofnmixxaeri", "author": "P0SION", "sha": "b862b95f1950bc43bc7da3a90a9c44032299d777", "lastModified": "2024-06-01T20:08:27.000Z", "private": false, "disabled": false, "gated": false, "tags": ["license:openrail", "region:us"], "downloads": 0, "likes": 0, "model-index": null, "cardData": {"license": "openrail"}, "siblings": [{"rfilename": ".gitattributes"}, {"rfilename": "README.md"}, {"rfilename": "lilly.zip"}], "spaces": [], "createdAt": "2024-06-01T20:07:36.000Z", "inferenceStatus": "not-loaded"}