{"_id": "665c10d93c0e54bafa930f65", "id": "P0SION/Asaofbabymonsterbyaerisophics", "modelId": "P0SION/Asaofbabymonsterbyaerisophics", "author": "P0SION", "sha": "8d3f09039d1d474bab7254613526bec5a7082622", "lastModified": "2024-06-02T06:32:34.000Z", "private": false, "disabled": false, "gated": false, "tags": ["license:openrail", "region:us"], "downloads": 0, "likes": 0, "model-index": null, "cardData": {"license": "openrail"}, "siblings": [{"rfilename": ".gitattributes"}, {"rfilename": "README.md"}, {"rfilename": "asamodel.zip"}], "spaces": [], "createdAt": "2024-06-02T06:27:37.000Z", "inferenceStatus": "not-loaded"}