{"_id": "663ab02151664a5bcd08ce00", "id": "P0SION/yuqiofgidlesoloera", "modelId": "P0SION/yuqiofgidlesoloera", "author": "P0SION", "sha": "8bca108e60e6837b51548c9163f78eede462d527", "lastModified": "2024-05-07T22:51:18.000Z", "private": false, "disabled": false, "gated": false, "tags": ["license:apache-2.0", "region:us"], "downloads": 0, "likes": 0, "model-index": null, "cardData": {"license": "apache-2.0"}, "siblings": [{"rfilename": ".gitattributes"}, {"rfilename": "README.md"}, {"rfilename": "yuqiofgidlesoloera.zip"}], "spaces": [], "createdAt": "2024-05-07T22:50:09.000Z", "inferenceStatus": "not-loaded"}