{"_id": "6680803dd3321fbad7d40959", "id": "P0SION/Haewonofnmixxallrounderbyaerisophics", "modelId": "P0SION/Haewonofnmixxallrounderbyaerisophics", "author": "P0SION", "sha": "23340868588637936c2ed3edd91bd6b549f447c9", "lastModified": "2024-06-29T21:45:19.000Z", "private": false, "disabled": false, "gated": false, "tags": ["license:openrail", "region:us"], "downloads": 0, "likes": 0, "model-index": null, "cardData": {"license": "openrail"}, "siblings": [{"rfilename": ".gitattributes"}, {"rfilename": "Haewonofnmixxallrounderbyaerisophics.zip"}, {"rfilename": "README.md"}], "spaces": [], "createdAt": "2024-06-29T21:44:29.000Z", "inferenceStatus": "not-loaded"}