{"_id": "665d2ce65fcf87c9aeff973f", "id": "P0SION/Yunaofitzybyaerisophics", "modelId": "P0SION/Yunaofitzybyaerisophics", "author": "P0SION", "sha": "ac54c491711fd1eef062f5c3e72f0d888b373d0d", "lastModified": "2024-06-03T02:40:45.000Z", "private": false, "disabled": false, "gated": false, "tags": ["license:openrail", "region:us"], "downloads": 0, "likes": 0, "model-index": null, "cardData": {"license": "openrail"}, "siblings": [{"rfilename": ".gitattributes"}, {"rfilename": "README.md"}, {"rfilename": "Yuna.zip"}], "spaces": [], "createdAt": "2024-06-03T02:39:34.000Z", "inferenceStatus": "not-loaded"}