{"_id": "665a87b71a9412114c37e23e", "id": "P0SION/yuqiof-gidlesoloveraerisophics", "modelId": "P0SION/yuqiof-gidlesoloveraerisophics", "author": "P0SION", "sha": "17bbbef73605286d74a056171a52f3bec8c90e2a", "lastModified": "2024-06-01T02:32:25.000Z", "private": false, "disabled": false, "gated": false, "tags": ["license:openrail", "region:us"], "downloads": 0, "likes": 0, "model-index": null, "cardData": {"license": "openrail"}, "siblings": [{"rfilename": ".gitattributes"}, {"rfilename": "README.md"}, {"rfilename": "yuqiofgidlesoloerabyaerisohics.zip"}], "spaces": [], "createdAt": "2024-06-01T02:30:15.000Z", "inferenceStatus": "not-loaded"}