{"_id": "665e980b81d7175749147b64", "id": "P0SION/LalisaManobalSuperiorVerByAerisophics", "modelId": "P0SION/LalisaManobalSuperiorVerByAerisophics", "author": "P0SION", "sha": "898caa0070e0f8a30b47abf56d098e031fa8e750", "lastModified": "2024-06-04T04:56:57.000Z", "private": false, "disabled": false, "gated": false, "tags": ["license:openrail", "region:us"], "downloads": 0, "likes": 0, "model-index": null, "cardData": {"license": "openrail"}, "siblings": [{"rfilename": ".gitattributes"}, {"rfilename": "Lisa%20of%20Blackpink%20(supreme%20ver.zip"}, {"rfilename": "README.md"}], "spaces": [], "createdAt": "2024-06-04T04:28:59.000Z", "inferenceStatus": "not-loaded"}