{"_id": "660a0d272d0769b9c650e225", "id": "P0tatoSalad/GabrielUltrakillStreamVersion", "modelId": "P0tatoSalad/GabrielUltrakillStreamVersion", "author": "P0tatoSalad", "sha": "45a7b66933b2292886fb2ef17629bbf72ce95960", "lastModified": "2024-04-01T01:30:13.000Z", "private": false, "disabled": false, "gated": false, "tags": ["license:creativeml-openrail-m", "region:us"], "downloads": 0, "likes": 0, "model-index": null, "cardData": {"license": "creativeml-openrail-m"}, "siblings": [{"rfilename": ".gitattributes"}, {"rfilename": "GabrielUltrakillStreamVersion50.zip"}, {"rfilename": "README.md"}], "spaces": [], "createdAt": "2024-04-01T01:25:59.000Z", "inferenceStatus": "not-loaded"}