{"_id": "641e0008677dbc82447b2037", "id": "p0tat0/ai_nft_generator", "modelId": "p0tat0/ai_nft_generator", "author": "p0tat0", "sha": "1c2d7dbca2b97b89d1b0988e8447ce702ef5dc67", "lastModified": "2023-03-24T19:58:59.000Z", "private": false, "disabled": false, "gated": false, "pipeline_tag": "text-to-image", "tags": ["ai_nft_generator", "text-to-image", "en", "dataset:fka/awesome-chatgpt-prompts", "license:mit", "region:us"], "downloads": 0, "likes": 0, "model-index": null, "cardData": {"license": "mit", "datasets": ["fka/awesome-chatgpt-prompts"], "language": ["en"], "pipeline_tag": "text-to-image", "tags": ["ai_nft_generator"]}, "siblings": [{"rfilename": ".gitattributes"}, {"rfilename": "README.md"}], "spaces": [], "createdAt": "2023-03-24T19:54:48.000Z", "inferenceStatus": "not-loaded"}