{"_id": "64e7fa8983affd72d9311f44", "id": "p0wA/powa", "modelId": "p0wA/powa", "author": "p0wA", "sha": "798506df94129bbe27c6f27930669686a9266a43", "lastModified": "2023-08-25T00:50:29.000Z", "private": false, "disabled": false, "gated": false, "tags": ["license:openrail", "region:us"], "downloads": 0, "likes": 0, "model-index": null, "cardData": {"license": "openrail"}, "siblings": [{"rfilename": ".gitattributes"}, {"rfilename": "README.md"}, {"rfilename": "powa.zip"}], "spaces": [], "createdAt": "2023-08-25T00:49:13.000Z", "inferenceStatus": "not-loaded"}