{"_id": "663e8a3464f847d2f3459e2e", "id": "P0x0/Minerva-3B-Instruct-v1.0-GGUF", "modelId": "P0x0/Minerva-3B-Instruct-v1.0-GGUF", "author": "P0x0", "sha": "29153d26fe8b6530dcc49b9bc9c94c0259f217a6", "lastModified": "2024-05-13T09:24:20.000Z", "private": false, "disabled": false, "gated": false, "tags": ["gguf", "it", "en", "region:us"], "downloads": 123, "likes": 0, "model-index": null, "cardData": {"language": ["it", "en"]}, "siblings": [{"rfilename": ".gitattributes"}, {"rfilename": "Minerva-3B-Instruct-v1.0-F16.gguf"}, {"rfilename": "Minerva-3B-Instruct-v1.0-IQ3_M-imat.gguf"}, {"rfilename": "Minerva-3B-Instruct-v1.0-IQ3_XXS-imat.gguf"}, {"rfilename": "Minerva-3B-Instruct-v1.0-IQ4_NL-imat.gguf"}, {"rfilename": "Minerva-3B-Instruct-v1.0-IQ4_XS-imat.gguf"}, {"rfilename": "Minerva-3B-Instruct-v1.0-Q4_K_M-imat.gguf"}, {"rfilename": "Minerva-3B-Instruct-v1.0-Q4_K_S-imat.gguf"}, {"rfilename": "Minerva-3B-Instruct-v1.0-Q5_K_M-imat.gguf"}, {"rfilename": "Minerva-3B-Instruct-v1.0-Q5_K_S-imat.gguf"}, {"rfilename": "Minerva-3B-Instruct-v1.0-Q6_K-imat.gguf"}, {"rfilename": "Minerva-3B-Instruct-v1.0-Q8_0-imat.gguf"}, {"rfilename": "README.md"}, {"rfilename": "imatrix.dat"}], "spaces": [], "createdAt": "2024-05-10T20:57:24.000Z", "inferenceStatus": "not-loaded"}