{"_id": "665cd16a221dda4987c9f275", "id": "p11-p11/llama_chess_3", "modelId": "p11-p11/llama_chess_3", "author": "p11-p11", "sha": "1bb70dd4bb3a8a8237dea618238aea87b4b4b8e2", "lastModified": "2024-06-11T03:44:09.000Z", "private": false, "disabled": false, "gated": false, "pipeline_tag": "text-generation", "tags": ["transformers", "pytorch", "llama", "text-generation", "unsloth", "trl", "sft", "arxiv:1910.09700", "autotrain_compatible", "text-generation-inference", "endpoints_compatible", "region:us"], "downloads": 3, "library_name": "transformers", "widgetData": [{"text": "My name is Julien and I like to"}, {"text": "My name is Thomas and my main"}, {"text": "My name is Mariama, my favorite"}, {"text": "My name is Clara and I am"}, {"text": "My name is Lewis and I like to"}, {"text": "My name is Merve and my favorite"}, {"text": "My name is Teven and I am"}, {"text": "Once upon a time,"}], "likes": 0, "model-index": null, "config": {"architectures": ["LlamaForCausalLM"], "model_type": "llama", "tokenizer_config": {"bos_token": "<|begin_of_text|>", "eos_token": "<|end_of_text|>", "pad_token": "<|reserved_special_token_250|>"}}, "cardData": {"library_name": "transformers", "tags": ["unsloth", "trl", "sft"]}, "transformersInfo": {"auto_model": "AutoModelForCausalLM", "pipeline_tag": "text-generation", "processor": "AutoTokenizer"}, "siblings": [{"rfilename": ".gitattributes"}, {"rfilename": "README.md"}, {"rfilename": "config.json"}, {"rfilename": "generation_config.json"}, {"rfilename": "pytorch_model-00001-of-00004.bin"}, {"rfilename": "pytorch_model-00002-of-00004.bin"}, {"rfilename": "pytorch_model-00003-of-00004.bin"}, {"rfilename": "pytorch_model-00004-of-00004.bin"}, {"rfilename": "pytorch_model.bin.index.json"}, {"rfilename": "special_tokens_map.json"}, {"rfilename": "tokenizer.json"}, {"rfilename": "tokenizer_config.json"}], "spaces": [], "createdAt": "2024-06-02T20:09:14.000Z", "inferenceStatus": "not-loaded"}