{"_id": "62b878ec242fbb97058d4704", "id": "p123/autotrain-my-sum-1040935781", "modelId": "p123/autotrain-my-sum-1040935781", "author": "p123", "sha": "9520794722b40184b23bd4fbee4301728e482aa8", "lastModified": "2022-06-26T18:02:45.000Z", "private": false, "disabled": false, "gated": false, "pipeline_tag": "text2text-generation", "tags": ["transformers", "pytorch", "mt5", "text2text-generation", "autotrain", "zh", "dataset:p123/autotrain-data-my-sum", "co2_eq_emissions", "autotrain_compatible", "endpoints_compatible", "region:us"], "downloads": 1, "library_name": "transformers", "widgetData": [{"text": "I love AutoTrain \ud83e\udd17"}], "likes": 0, "model-index": null, "config": {"architectures": ["MT5ForConditionalGeneration"], "model_type": "mt5", "tokenizer_config": {"eos_token": "</s>", "unk_token": "<unk>", "pad_token": "<pad>"}}, "cardData": {"tags": "autotrain", "language": "zh", "widget": [{"text": "I love AutoTrain \ud83e\udd17"}], "datasets": ["p123/autotrain-data-my-sum"], "co2_eq_emissions": 326.52733725745725}, "transformersInfo": {"auto_model": "AutoModelForSeq2SeqLM", "pipeline_tag": "text2text-generation", "processor": "AutoTokenizer"}, "siblings": [{"rfilename": ".gitattributes"}, {"rfilename": "README.md"}, {"rfilename": "config.json"}, {"rfilename": "pytorch_model.bin"}, {"rfilename": "sample_input.pkl"}, {"rfilename": "special_tokens_map.json"}, {"rfilename": "spiece.model"}, {"rfilename": "tokenizer.json"}, {"rfilename": "tokenizer_config.json"}], "spaces": [], "createdAt": "2022-06-26T15:19:08.000Z", "inferenceStatus": "not-loaded"}