{"_id": "65d4b79eb2c29274dfa78452", "id": "p1atdev/dart-tokenizer-v1-encode", "modelId": "p1atdev/dart-tokenizer-v1-encode", "author": "p1atdev", "sha": "3e3813a72131949c14c7b4502e2164bec252dd8a", "lastModified": "2024-02-21T12:25:52.000Z", "private": false, "disabled": false, "gated": false, "tags": ["transformers", "arxiv:1910.09700", "endpoints_compatible", "region:us"], "downloads": 0, "library_name": "transformers", "likes": 1, "model-index": null, "config": {"tokenizer_config": {"bos_token": "<|bos|>", "eos_token": "<|eos|>", "pad_token": "<|pad|>", "unk_token": "<|unknown|>"}}, "cardData": {"library_name": "transformers", "tags": []}, "transformersInfo": {"auto_model": "AutoModel"}, "siblings": [{"rfilename": ".gitattributes"}, {"rfilename": "README.md"}, {"rfilename": "special_tokens_map.json"}, {"rfilename": "tokenizer.json"}, {"rfilename": "tokenizer_config.json"}], "spaces": [], "createdAt": "2024-02-20T14:30:54.000Z", "inferenceStatus": "not-loaded"}