{"_id": "63ffc3cc2e30e7993ee9abdb", "id": "p1atdev/pvc-v3", "modelId": "p1atdev/pvc-v3", "author": "p1atdev", "sha": "1222cea362bfa36297519969d9b0fcf88ef1c9f6", "lastModified": "2023-06-21T15:14:34.000Z", "private": false, "disabled": false, "gated": false, "pipeline_tag": "text-to-image", "tags": ["diffusers", "text-to-image", "stable-diffusion", "safetensors", "en", "dataset:p1atdev/pvc", "license:other", "autotrain_compatible", "endpoints_compatible", "diffusers:StableDiffusionPipeline", "region:us"], "downloads": 102, "library_name": "diffusers", "widgetData": [{"text": "pvc, anime, masterpiece, best quality, exceptional, 1girl, bangs, bare shoulders, beret, black hair, black shorts, blue hair, bracelet, breasts, buttons, colored inner hair, double-breasted, eyewear removed, green headwear, green jacket, grey eyes, grey sky, hat, jacket, jewelry, long hair, looking at viewer, multicolored hair, neck ring, o-ring, off shoulder, rain, round eyewear, shorts, sidelocks, small breasts, solo, sunglasses, wavy hair, wet, zipper", "example_title": "The WD1.5 girl"}, {"text": "pvc, anime, masterpiece, best quality, exceptional, 1girl, blonde hair, hat, baseball cap, aqua eyes, earrings, hoop earrings, yellow shirt, looking at viewer, upper body, simple background", "example_title": "The blonde hair girl"}, {"text": "pvc, masterpiece, best quality, exceptional, 1girl, cat ears, red hair, long hair, hairpin, swept bangs, yellow eyes, black jacket, white shirt, blue tie, white gloves, hand up, upper body, looking at viewer, buildings", "example_title": "A red hair girl"}, {"text": "nendoroid, masterpiece, best quality, exceptional, 1girl, cat ears, red hair, long hair, hairpin, swept bangs, yellow eyes, black jacket, white shirt, blue tie, white gloves, hand up, upper body, looking at viewer,", "example_title": "nendoroid style"}, {"text": "figma, masterpiece, best quality, exceptional, 1girl, cat ears, red hair, long hair, hairpin, swept bangs, yellow eyes, black jacket, white shirt, blue tie, white gloves, hand up, upper body, looking at viewer, buildings", "example_title": "figma style"}], "likes": 56, "model-index": null, "config": {"diffusers": {"_class_name": "StableDiffusionPipeline"}}, "cardData": {"license": "other", "datasets": ["p1atdev/pvc"], "language": ["en"], "library_name": "diffusers", "thumbnail": "https://s3.amazonaws.com/moonup/production/uploads/1677743056321-6305db1fcfbde33ef7d480ff.png", "tags": ["text-to-image", "stable-diffusion", "safetensors"], "widget": [{"text": "pvc, anime, masterpiece, best quality, exceptional, 1girl, bangs, bare shoulders, beret, black hair, black shorts, blue hair, bracelet, breasts, buttons, colored inner hair, double-breasted, eyewear removed, green headwear, green jacket, grey eyes, grey sky, hat, jacket, jewelry, long hair, looking at viewer, multicolored hair, neck ring, o-ring, off shoulder, rain, round eyewear, shorts, sidelocks, small breasts, solo, sunglasses, wavy hair, wet, zipper", "example_title": "The WD1.5 girl"}, {"text": "pvc, anime, masterpiece, best quality, exceptional, 1girl, blonde hair, hat, baseball cap, aqua eyes, earrings, hoop earrings, yellow shirt, looking at viewer, upper body, simple background", "example_title": "The blonde hair girl"}, {"text": "pvc, masterpiece, best quality, exceptional, 1girl, cat ears, red hair, long hair, hairpin, swept bangs, yellow eyes, black jacket, white shirt, blue tie, white gloves, hand up, upper body, looking at viewer, buildings", "example_title": "A red hair girl"}, {"text": "nendoroid, masterpiece, best quality, exceptional, 1girl, cat ears, red hair, long hair, hairpin, swept bangs, yellow eyes, black jacket, white shirt, blue tie, white gloves, hand up, upper body, looking at viewer,", "example_title": "nendoroid style"}, {"text": "figma, masterpiece, best quality, exceptional, 1girl, cat ears, red hair, long hair, hairpin, swept bangs, yellow eyes, black jacket, white shirt, blue tie, white gloves, hand up, upper body, looking at viewer, buildings", "example_title": "figma style"}]}, "siblings": [{"rfilename": ".gitattributes"}, {"rfilename": "README.md"}, {"rfilename": "model_index.json"}, {"rfilename": "scheduler/scheduler_config.json"}, {"rfilename": "text_encoder/config.json"}, {"rfilename": "text_encoder/model.fp16.safetensors"}, {"rfilename": "text_encoder/pytorch_model.bin"}, {"rfilename": "text_encoder/pytorch_model.fp16.bin"}, {"rfilename": "tokenizer/merges.txt"}, {"rfilename": "tokenizer/special_tokens_map.json"}, {"rfilename": "tokenizer/tokenizer_config.json"}, {"rfilename": "tokenizer/vocab.json"}, {"rfilename": "unet/config.json"}, {"rfilename": "unet/diffusion_pytorch_model.bin"}, {"rfilename": "unet/diffusion_pytorch_model.fp16.bin"}, {"rfilename": "unet/diffusion_pytorch_model.fp16.safetensors"}, {"rfilename": "vae/config.json"}, {"rfilename": "vae/diffusion_pytorch_model.bin"}, {"rfilename": "vae/diffusion_pytorch_model.fp16.bin"}, {"rfilename": "vae/diffusion_pytorch_model.fp16.safetensors"}], "spaces": [], "createdAt": "2023-03-01T21:29:48.000Z", "inferenceStatus": "not-loaded"}