{"_id": "6471a5ba5afd6a69657792e4", "id": "p1atdev/misted", "modelId": "p1atdev/misted", "author": "p1atdev", "sha": "80c79ee334163a4867a6a8629332de06be761ef6", "lastModified": "2023-05-27T06:57:52.000Z", "private": false, "disabled": false, "gated": false, "tags": ["license:other", "region:us"], "downloads": 0, "likes": 0, "model-index": null, "cardData": {"license": "other"}, "siblings": [{"rfilename": ".gitattributes"}, {"rfilename": "README.md"}, {"rfilename": "test1/images/1.jpg"}, {"rfilename": "test1/images/2.jpg"}, {"rfilename": "test1/images/3.jpg"}, {"rfilename": "test1/mist-1-1-40.safetensors"}, {"rfilename": "test1/mist-no-1-2-40.safetensors"}, {"rfilename": "test1/mist.zip"}, {"rfilename": "test1/no-mist.zip"}], "spaces": [], "createdAt": "2023-05-27T06:39:54.000Z", "inferenceStatus": "not-loaded"}