{"_id": "63fc3254f0818c9bfbf1c7f9", "id": "p1atdev/badquality", "modelId": "p1atdev/badquality", "author": "p1atdev", "sha": "5826dc8d16bfbc23d73e87cdea58ea57b5fea1fc", "lastModified": "2023-03-01T19:28:17.000Z", "private": false, "disabled": false, "gated": false, "tags": ["license:creativeml-openrail-m", "region:us"], "downloads": 0, "likes": 47, "model-index": null, "cardData": {"license": "creativeml-openrail-m"}, "siblings": [{"rfilename": ".gitattributes"}, {"rfilename": "README.md"}, {"rfilename": "badquality.png"}, {"rfilename": "badquality.pt"}], "spaces": [], "createdAt": "2023-02-27T04:32:20.000Z", "inferenceStatus": "not-loaded"}