{"_id": "63a6c8de4c48db1f9cbdef1c", "id": "p1atdev/liminal-space-diffusion", "modelId": "p1atdev/liminal-space-diffusion", "author": "p1atdev", "sha": "7779b9b33e858022161ddfe680c36f573cbcaf18", "lastModified": "2022-12-24T13:09:30.000Z", "private": false, "disabled": false, "gated": false, "pipeline_tag": "text-to-image", "tags": ["stable-diffusion", "text-to-image", "license:creativeml-openrail-m", "region:us"], "downloads": 0, "likes": 3, "model-index": null, "cardData": {"license": "creativeml-openrail-m", "thumbnail": "https://s3.amazonaws.com/moonup/production/uploads/1671887135351-6305db1fcfbde33ef7d480ff.png", "tags": ["stable-diffusion", "text-to-image"]}, "siblings": [{"rfilename": ".gitattributes"}, {"rfilename": "README.md"}, {"rfilename": "liminal-space-v0-1.ckpt"}, {"rfilename": "liminal-space-v0-1.yaml"}], "spaces": ["JoPmt/Img2Img_SD_Control_Canny_Pose_Multi", "JoPmt/Multi-SD_Cntrl_Cny_Pse_Img2Img", "JoPmt/Txt2Img_SD_LORA_MixMatch_Multi", "JoPmt/Canny_Qr_Cntrl_Multi-SD"], "createdAt": "2022-12-24T09:39:42.000Z", "inferenceStatus": "not-loaded"}