{"_id": "65d5a7c9ac9f6ddd727ea13e", "id": "p1atdev/MangaLineExtraction-hf", "modelId": "p1atdev/MangaLineExtraction-hf", "author": "p1atdev", "sha": "3c815256f6f9be1ead162e8caaee63b489731d00", "lastModified": "2024-04-10T22:44:08.000Z", "private": false, "disabled": false, "gated": false, "pipeline_tag": "image-to-image", "tags": ["transformers", "safetensors", "mle", "feature-extraction", "image-to-image", "lineart", "custom_code", "license:mit", "region:us"], "downloads": 2, "library_name": "transformers", "likes": 3, "model-index": null, "config": {"architectures": ["MLEForAnimeLineExtraction"], "auto_map": {"AutoConfig": "configuration_mle.MLEConfig", "AutoModel": "modeling_mle.MLEForAnimeLineExtraction"}, "model_type": "mle"}, "cardData": {"license": "mit", "library_name": "transformers", "tags": ["image-to-image", "lineart"], "inference": false}, "transformersInfo": {"auto_model": "AutoModel", "custom_class": "modeling_mle.MLEForAnimeLineExtraction", "pipeline_tag": "feature-extraction"}, "siblings": [{"rfilename": ".gitattributes"}, {"rfilename": "MangaPipe.py"}, {"rfilename": "README.md"}, {"rfilename": "config.json"}, {"rfilename": "configuration_mle.py"}, {"rfilename": "image_processing_mle.py"}, {"rfilename": "images/.gitkeep"}, {"rfilename": "images/line_image.png"}, {"rfilename": "images/sample.jpg"}, {"rfilename": "model.safetensors"}, {"rfilename": "modeling_mle.py"}, {"rfilename": "preprocessor_config.json"}], "spaces": ["p1atdev/Anime-to-Sketch"], "createdAt": "2024-02-21T07:35:37.000Z", "safetensors": {"parameters": {"BF16": 43134837}, "total": 43134837}, "inferenceStatus": "not-loaded"}