{"_id": "65a0a1e66e2b6276100c3b20", "id": "p1atdev/pvcxl-v1-lora", "modelId": "p1atdev/pvcxl-v1-lora", "author": "p1atdev", "sha": "32161207c8b349cd521701a10ea8d4ee7302a04d", "lastModified": "2024-01-12T03:32:28.000Z", "private": false, "disabled": false, "gated": false, "pipeline_tag": "text-to-image", "tags": ["diffusers", "text-to-image", "stable-diffusion", "lora", "template:sd-lora", "dataset:p1atdev/pvc", "base_model:cagliostrolab/animagine-xl-3.0-base", "license:other", "region:us"], "downloads": 449, "library_name": "diffusers", "widgetData": [{"text": "1girl, medium hair, gothic dress, there are many red flowers in the room, red theme, upper body, looking at viewer, masterpiece, best quality, newest, late", "parameters": {"negative_prompt": "nsfw, rating:sensitive, lowres, bad anatomy, bad hands, text, error, missing fingers, extra digit, fewer digits, cropped, worst quality, low quality, normal quality, jpeg artifacts, signature, watermark, username, blurry, artist name"}, "output": {"url": "https://huggingface.co/p1atdev/pvcxl-v1-lora/resolve/main/images/animaginexl3.0__00625_.png"}}, {"text": "pvc figure of 1girl, cat hears, blue hair, parka, hood on, shorts, dark atmosphere, smoke around, looking at viewer, masterpiece, best quality, newest, late", "parameters": {"negative_prompt": "flat color, nsfw, rating:sensitive, lowres, bad anatomy, bad hands, text, error, missing fingers, extra digit, fewer digits, cropped, worst quality, low quality, normal quality, jpeg artifacts, signature, watermark, username, blurry, artist name"}, "output": {"url": "https://huggingface.co/p1atdev/pvcxl-v1-lora/resolve/main/images/animaginexl3.0__00688_.png"}}, {"text": "1girl, cat ears, petite, blue hair, parted bangs, white dress, shirt, wariza, sitting, dynamic angle, light smile, head tilt, looking at viewer, masterpiece, best quality, newest, late", "parameters": {"negative_prompt": "nsfw, rating:sensitive, lowres, bad anatomy, bad hands, text, error, missing fingers, extra digit, fewer digits, cropped, worst quality, low quality, normal quality, jpeg artifacts, signature, watermark, username, blurry, artist name"}, "output": {"url": "https://huggingface.co/p1atdev/pvcxl-v1-lora/resolve/main/images/animaginexl3.0__00690_.png"}}, {"text": "1girl, bangs, bare shoulders, beret, black hair, black shorts, blue hair, bracelet, breasts, buttons, colored inner hair, double-breasted, eyewear removed, green headwear, green jacket, grey eyes, grey sky, hat, jacket, jewelry, long hair, looking at viewer, multicolored hair, neck ring, o-ring, off shoulder, rain, round eyewear, shorts, sidelocks, small breasts, solo, sunglasses, wavy hair, wet, zipper, masterpiece, best quality, newest, late", "parameters": {"negative_prompt": "nsfw, rating:sensitive, lowres, bad anatomy, bad hands, text, error, missing fingers, extra digit, fewer digits, cropped, worst quality, low quality, normal quality, jpeg artifacts, signature, watermark, username, blurry, artist name"}, "output": {"url": "https://huggingface.co/p1atdev/pvcxl-v1-lora/resolve/main/images/animaginexl3.0__00695_.png"}}, {"text": "1girl, black hair, long hair, red scarf, trench coat, reaching towards viewer, looking at viewer, snowy, bokeh, masterpiece, best quality, newest, late", "parameters": {"negative_prompt": "nsfw, rating:sensitive, lowres, bad anatomy, bad hands, text, error, missing fingers, extra digit, fewer digits, cropped, worst quality, low quality, normal quality, jpeg artifacts, signature, watermark, username, blurry, artist name"}, "output": {"url": "https://huggingface.co/p1atdev/pvcxl-v1-lora/resolve/main/images/animaginexl3.0__00696_.png"}}, {"text": "1girl, red hair, cat ears, closed eyes, closed mouth, expressionless, maid costume, apron, lolita dress, frills, lying on back, sheets, red flowers, from above, masterpiece, best quality, newest, late", "parameters": {"negative_prompt": "nsfw, rating:sensitive, lowres, bad anatomy, bad hands, text, error, missing fingers, extra digit, fewer digits, cropped, worst quality, low quality, normal quality, jpeg artifacts, signature, watermark, username, blurry, artist name"}, "output": {"url": "https://huggingface.co/p1atdev/pvcxl-v1-lora/resolve/main/images/animaginexl3.0__00698_.png"}}], "likes": 3, "model-index": null, "cardData": {"tags": ["text-to-image", "stable-diffusion", "lora", "diffusers", "template:sd-lora"], "widget": [{"text": "1girl, medium hair, gothic dress, there are many red flowers in the room, red theme, upper body, looking at viewer, masterpiece, best quality, newest, late", "parameters": {"negative_prompt": "nsfw, rating:sensitive, lowres, bad anatomy, bad hands, text, error, missing fingers, extra digit, fewer digits, cropped, worst quality, low quality, normal quality, jpeg artifacts, signature, watermark, username, blurry, artist name"}, "output": {"url": "https://huggingface.co/p1atdev/pvcxl-v1-lora/resolve/main/images/animaginexl3.0__00625_.png"}}, {"text": "pvc figure of 1girl, cat hears, blue hair, parka, hood on, shorts, dark atmosphere, smoke around, looking at viewer, masterpiece, best quality, newest, late", "parameters": {"negative_prompt": "flat color, nsfw, rating:sensitive, lowres, bad anatomy, bad hands, text, error, missing fingers, extra digit, fewer digits, cropped, worst quality, low quality, normal quality, jpeg artifacts, signature, watermark, username, blurry, artist name"}, "output": {"url": "https://huggingface.co/p1atdev/pvcxl-v1-lora/resolve/main/images/animaginexl3.0__00688_.png"}}, {"text": "1girl, cat ears, petite, blue hair, parted bangs, white dress, shirt, wariza, sitting, dynamic angle, light smile, head tilt, looking at viewer, masterpiece, best quality, newest, late", "parameters": {"negative_prompt": "nsfw, rating:sensitive, lowres, bad anatomy, bad hands, text, error, missing fingers, extra digit, fewer digits, cropped, worst quality, low quality, normal quality, jpeg artifacts, signature, watermark, username, blurry, artist name"}, "output": {"url": "https://huggingface.co/p1atdev/pvcxl-v1-lora/resolve/main/images/animaginexl3.0__00690_.png"}}, {"text": "1girl, bangs, bare shoulders, beret, black hair, black shorts, blue hair, bracelet, breasts, buttons, colored inner hair, double-breasted, eyewear removed, green headwear, green jacket, grey eyes, grey sky, hat, jacket, jewelry, long hair, looking at viewer, multicolored hair, neck ring, o-ring, off shoulder, rain, round eyewear, shorts, sidelocks, small breasts, solo, sunglasses, wavy hair, wet, zipper, masterpiece, best quality, newest, late", "parameters": {"negative_prompt": "nsfw, rating:sensitive, lowres, bad anatomy, bad hands, text, error, missing fingers, extra digit, fewer digits, cropped, worst quality, low quality, normal quality, jpeg artifacts, signature, watermark, username, blurry, artist name"}, "output": {"url": "https://huggingface.co/p1atdev/pvcxl-v1-lora/resolve/main/images/animaginexl3.0__00695_.png"}}, {"text": "1girl, black hair, long hair, red scarf, trench coat, reaching towards viewer, looking at viewer, snowy, bokeh, masterpiece, best quality, newest, late", "parameters": {"negative_prompt": "nsfw, rating:sensitive, lowres, bad anatomy, bad hands, text, error, missing fingers, extra digit, fewer digits, cropped, worst quality, low quality, normal quality, jpeg artifacts, signature, watermark, username, blurry, artist name"}, "output": {"url": "https://huggingface.co/p1atdev/pvcxl-v1-lora/resolve/main/images/animaginexl3.0__00696_.png"}}, {"text": "1girl, red hair, cat ears, closed eyes, closed mouth, expressionless, maid costume, apron, lolita dress, frills, lying on back, sheets, red flowers, from above, masterpiece, best quality, newest, late", "parameters": {"negative_prompt": "nsfw, rating:sensitive, lowres, bad anatomy, bad hands, text, error, missing fingers, extra digit, fewer digits, cropped, worst quality, low quality, normal quality, jpeg artifacts, signature, watermark, username, blurry, artist name"}, "output": {"url": "https://huggingface.co/p1atdev/pvcxl-v1-lora/resolve/main/images/animaginexl3.0__00698_.png"}}], "base_model": "cagliostrolab/animagine-xl-3.0-base", "instance_prompt": null, "license": "other", "license_name": "faipl-1.0-sd", "license_link": "https://freedevproject.org/faipl-1.0-sd/", "datasets": ["p1atdev/pvc"]}, "siblings": [{"rfilename": ".gitattributes"}, {"rfilename": "README.md"}, {"rfilename": "images/animaginexl3.0__00625_.png"}, {"rfilename": "images/animaginexl3.0__00688_.png"}, {"rfilename": "images/animaginexl3.0__00690_.png"}, {"rfilename": "images/animaginexl3.0__00695_.png"}, {"rfilename": "images/animaginexl3.0__00696_.png"}, {"rfilename": "images/animaginexl3.0__00698_.png"}, {"rfilename": "pvcxl-1.0-step5000.safetensors"}], "spaces": [], "createdAt": "2024-01-12T02:20:22.000Z", "inferenceStatus": "not-loaded"}