{"_id": "644b93e6b5da3e194a6c5b3d", "id": "p1atdev/controlnet-circle", "modelId": "p1atdev/controlnet-circle", "author": "p1atdev", "sha": "78c059e6b58bd98334fefa5970a809c97c21b1ca", "lastModified": "2023-05-31T12:17:40.000Z", "private": false, "disabled": false, "gated": false, "tags": ["region:us"], "downloads": 0, "likes": 0, "siblings": [{"rfilename": ".gitattributes"}, {"rfilename": "control_v00u_wd15_circle_10k.safetensors"}, {"rfilename": "control_v00u_wd15_circle_5k.safetensors"}], "spaces": [], "createdAt": "2023-04-28T09:37:42.000Z", "inferenceStatus": "not-loaded"}