{"_id": "659d8babab373313fe80aef3", "id": "p1atdev/t5-base-nhksum-1", "modelId": "p1atdev/t5-base-nhksum-1", "author": "p1atdev", "sha": "cdb41e41fd38713229375e21e1bc1ae4dadcfcdd", "lastModified": "2024-01-10T09:53:25.000Z", "private": false, "disabled": false, "gated": false, "pipeline_tag": "text2text-generation", "tags": ["transformers", "safetensors", "t5", "text2text-generation", "autotrain_compatible", "text-generation-inference", "endpoints_compatible", "region:us"], "downloads": 0, "library_name": "transformers", "likes": 0, "config": {"architectures": ["T5ForConditionalGeneration"], "model_type": "t5", "tokenizer_config": {"eos_token": "</s>", "pad_token": "<pad>", "unk_token": "<unk>"}}, "transformersInfo": {"auto_model": "AutoModelForSeq2SeqLM", "pipeline_tag": "text2text-generation", "processor": "AutoTokenizer"}, "siblings": [{"rfilename": ".gitattributes"}, {"rfilename": "config.json"}, {"rfilename": "model.safetensors"}, {"rfilename": "special_tokens_map.json"}, {"rfilename": "spiece.model"}, {"rfilename": "tokenizer.json"}, {"rfilename": "tokenizer_config.json"}, {"rfilename": "training_args.bin"}], "spaces": [], "createdAt": "2024-01-09T18:08:43.000Z", "safetensors": {"parameters": {"BF16": 247577856}, "total": 247577856}, "inferenceStatus": "not-loaded"}