{"_id": "65ea952d369ecd5cd12775ff", "id": "p1atdev/wd-swinv2-tagger-v3-hf", "modelId": "p1atdev/wd-swinv2-tagger-v3-hf", "author": "p1atdev", "sha": "b09fdef86a3f9d4bf974ccaa5c87dcf846d3a2fd", "lastModified": "2024-03-11T07:55:43.000Z", "private": false, "disabled": false, "gated": false, "pipeline_tag": "image-classification", "tags": ["transformers", "onnx", "safetensors", "swinv2", "image-classification", "wd-tagger", "optimum", "custom_code", "base_model:SmilingWolf/wd-swinv2-tagger-v3", "license:apache-2.0", "autotrain_compatible", "region:us"], "downloads": 2858, "library_name": "transformers", "likes": 9, "model-index": null, "config": {"architectures": ["Swinv2ForImageClassification"], "auto_map": {"AutoImageProcessor": "image_processing_tagger.WDTaggerImageProcessor"}, "model_type": "swinv2"}, "cardData": {"library_name": "transformers", "license": "apache-2.0", "base_model": "SmilingWolf/wd-swinv2-tagger-v3", "inference": false, "tags": ["wd-tagger", "optimum"]}, "transformersInfo": {"auto_model": "AutoModelForImageClassification", "pipeline_tag": "image-classification", "processor": "AutoImageProcessor"}, "siblings": [{"rfilename": ".gitattributes"}, {"rfilename": "README.md"}, {"rfilename": "config.json"}, {"rfilename": "image_processing_tagger.py"}, {"rfilename": "model.safetensors"}, {"rfilename": "model_quantized.onnx"}, {"rfilename": "ort_config.json"}, {"rfilename": "preprocessor_config.json"}, {"rfilename": "sample.webp"}], "spaces": ["John6666/danbooru-tags-transformer-v2-with-wd-tagger", "John6666/DiffuseCraftMod", "John6666/wd-tagger-transformers", "p1atdev/wd-tagger-transformers", "John6666/text2tags-transformer", "John6666/text2tag-llm", "John6666/danbooru-tags-transformer-v2-with-wd-tagger-b", "John6666/super-prompt", "John6666/DTG-DanTagGen-DanbooruTagGenerator-Demo", "John6666/sd-tags-to-ja", "John6666/Prompt-Enhancer", "silveroxides/bstrd-tag-and-caption"], "createdAt": "2024-03-08T04:33:49.000Z", "safetensors": {"parameters": {"BF16": 98026341}, "total": 98026341}, "inferenceStatus": "not-loaded"}