{"_id": "63ecdad5538b3a98de7fe7d1", "id": "p1atdev/768-to-512", "modelId": "p1atdev/768-to-512", "author": "p1atdev", "sha": "fcb70574e654a0daf96c4927d725d515fa9e9a7b", "lastModified": "2023-02-15T13:44:31.000Z", "private": false, "disabled": false, "gated": false, "tags": ["license:other", "region:us"], "downloads": 0, "likes": 0, "model-index": null, "cardData": {"license": "other"}, "siblings": [{"rfilename": ".gitattributes"}, {"rfilename": "README.md"}, {"rfilename": "illuminati-v1-512.ckpt"}], "spaces": [], "createdAt": "2023-02-15T13:15:01.000Z", "inferenceStatus": "not-loaded"}