{"_id": "64d6e6edbcab729cb4b9244a", "id": "p1atdev/ja-stablelm-base-alpha-7b-kogo-translation-peft", "modelId": "p1atdev/ja-stablelm-base-alpha-7b-kogo-translation-peft", "author": "p1atdev", "sha": "8aa9d40eae66419bf3b8894cba7c0f2415ab6649", "lastModified": "2023-09-20T02:49:45.000Z", "private": false, "disabled": false, "gated": false, "tags": ["peft", "ja", "base_model:stabilityai/japanese-stablelm-base-alpha-7b", "license:apache-2.0", "region:us"], "downloads": 3, "library_name": "peft", "likes": 0, "model-index": null, "config": {"tokenizer_config": {"bos_token": {"__type": "AddedToken", "content": "<|startoftext|>", "lstrip": false, "normalized": true, "rstrip": false, "single_word": false}, "eos_token": {"__type": "AddedToken", "content": "<|endoftext|>", "lstrip": false, "normalized": true, "rstrip": false, "single_word": false}, "pad_token": {"__type": "AddedToken", "content": "<|pad|>", "lstrip": false, "normalized": true, "rstrip": false, "single_word": false}, "unk_token": {"__type": "AddedToken", "content": "<|unknown|>", "lstrip": false, "normalized": true, "rstrip": false, "single_word": false}}, "peft": {"base_model_name_or_path": "stabilityai/japanese-stablelm-base-alpha-7b", "task_type": "CAUSAL_LM"}}, "cardData": {"language": ["ja"], "license": "apache-2.0", "library_name": "peft", "base_model": "stabilityai/japanese-stablelm-base-alpha-7b"}, "siblings": [{"rfilename": ".gitattributes"}, {"rfilename": "README.md"}, {"rfilename": "adapter_config.json"}, {"rfilename": "adapter_model.bin"}, {"rfilename": "images/sample1.jpg"}, {"rfilename": "special_tokens_map.json"}, {"rfilename": "tokenizer.model"}, {"rfilename": "tokenizer_config.json"}], "spaces": [], "createdAt": "2023-08-12T01:57:01.000Z", "inferenceStatus": "not-loaded"}