{"_id": "63cf4b045b34d3d1935e9706", "id": "p1atdev/alloy-mix", "modelId": "p1atdev/alloy-mix", "author": "p1atdev", "sha": "71802e863059cdef062eabe8990229aa637b0f34", "lastModified": "2023-02-15T21:04:39.000Z", "private": false, "disabled": false, "gated": false, "pipeline_tag": "text-to-image", "tags": ["stable-diffusion", "text-to-image", "safetensors", "license:creativeml-openrail-m", "region:us"], "downloads": 0, "likes": 29, "model-index": null, "cardData": {"thumbnail": "https://s3.amazonaws.com/moonup/production/uploads/1676494961340-6305db1fcfbde33ef7d480ff.jpeg", "license": "creativeml-openrail-m", "tags": ["stable-diffusion", "text-to-image", "safetensors"]}, "siblings": [{"rfilename": ".gitattributes"}, {"rfilename": "README.md"}, {"rfilename": "brass/a/alloymix-brass-a-fp16.safetensors"}, {"rfilename": "brass/a/alloymix-brass-a-fp32.safetensors"}, {"rfilename": "brass/b/alloymix-brass-b-fp16.safetensors"}, {"rfilename": "brass/b/alloymix-brass-b-fp32.safetensors"}, {"rfilename": "brass/c/alloymix-brass-c-fp16.safetensors"}, {"rfilename": "brass/c/alloymix-brass-c-fp32.safetensors"}], "spaces": ["mindtube/Diffusion50XX"], "createdAt": "2023-01-24T03:05:40.000Z", "inferenceStatus": "not-loaded"}