{"_id": "64678f51ab75d9cb3c4894bb", "id": "p1atdev/Realgar-v1", "modelId": "p1atdev/Realgar-v1", "author": "p1atdev", "sha": "9e3464e5c39cf2968923951f2dac646bc9015b6c", "lastModified": "2023-05-20T05:20:36.000Z", "private": false, "disabled": false, "gated": false, "pipeline_tag": "text-to-image", "tags": ["diffusers", "stable-diffusion", "safetensors", "text-to-image", "license:other", "autotrain_compatible", "diffusers:StableDiffusionPipeline", "region:us"], "downloads": 54, "library_name": "diffusers", "likes": 13, "model-index": null, "config": {"diffusers": {"_class_name": "StableDiffusionPipeline"}}, "cardData": {"license": "other", "tags": ["stable-diffusion", "safetensors", "text-to-image"], "library_name": "diffusers", "inference": false}, "siblings": [{"rfilename": ".gitattributes"}, {"rfilename": "ParaNegative.safetensors"}, {"rfilename": "README.md"}, {"rfilename": "diffusers.ipynb"}, {"rfilename": "images/image-0.jpg"}, {"rfilename": "images/image-1.jpg"}, {"rfilename": "images/image-2.jpg"}, {"rfilename": "images/image-3.jpg"}, {"rfilename": "images/image-4.jpg"}, {"rfilename": "images/image-5.jpg"}, {"rfilename": "model_index.json"}, {"rfilename": "realgar-v1-fp16.safetensors"}, {"rfilename": "scheduler/scheduler_config.json"}, {"rfilename": "text_encoder/config.json"}, {"rfilename": "text_encoder/pytorch_model.bin"}, {"rfilename": "tokenizer/merges.txt"}, {"rfilename": "tokenizer/special_tokens_map.json"}, {"rfilename": "tokenizer/tokenizer_config.json"}, {"rfilename": "tokenizer/vocab.json"}, {"rfilename": "unet/config.json"}, {"rfilename": "unet/diffusion_pytorch_model.bin"}, {"rfilename": "vae/config.json"}, {"rfilename": "vae/diffusion_pytorch_model.bin"}], "spaces": [], "createdAt": "2023-05-19T15:01:37.000Z", "inferenceStatus": "not-loaded"}