{"_id": "63c665e48474b04be35184d6", "id": "p1atdev/ore-o", "modelId": "p1atdev/ore-o", "author": "p1atdev", "sha": "c99f1a58465a179ae61907cf770f2d6830f8f810", "lastModified": "2023-03-22T22:35:33.000Z", "private": false, "disabled": false, "gated": false, "pipeline_tag": "text-to-image", "tags": ["stable-diffusion", "text-to-image", "license:openrail++", "region:us"], "downloads": 0, "likes": 10, "model-index": null, "cardData": {"license": "openrail++", "tags": ["stable-diffusion", "text-to-image"]}, "siblings": [{"rfilename": ".gitattributes"}, {"rfilename": "README.md"}, {"rfilename": "images/lazurite-v1.png"}, {"rfilename": "lazurite-v1/lazurite-v1-050.ckpt"}, {"rfilename": "lazurite-v1/lazurite-v1-050.safetensors"}, {"rfilename": "lazurite-v1/lazurite-v1-100.ckpt"}, {"rfilename": "lazurite-v1/lazurite-v1-100.safetensors"}, {"rfilename": "lazurite-v1/lazurite-v1-lora.pt"}, {"rfilename": "lazurite-v1/lazurite-v1.yaml"}, {"rfilename": "selenite-v1/selenite-v1.pt"}], "spaces": [], "createdAt": "2023-01-17T09:09:56.000Z", "inferenceStatus": "not-loaded"}