{"_id": "63b4de57a25dd8a860b815c4", "id": "p1atdev/wd-mod", "modelId": "p1atdev/wd-mod", "author": "p1atdev", "sha": "3af366cff919b7bbfd593968960da1bfe57f1c98", "lastModified": "2023-01-25T12:30:36.000Z", "private": false, "disabled": false, "gated": false, "tags": ["license:creativeml-openrail-m", "region:us"], "downloads": 0, "likes": 0, "model-index": null, "cardData": {"license": "creativeml-openrail-m"}, "siblings": [{"rfilename": ".gitattributes"}, {"rfilename": "README.md"}, {"rfilename": "antei-v1-4-e2-512-half.ckpt"}, {"rfilename": "antei-v1-4-e2-512-half.safetensors"}, {"rfilename": "antei-v1-4-e2-512.ckpt"}, {"rfilename": "wd-1-4-sd-2-1-025-text-encoder.ckpt"}, {"rfilename": "wd-1-4-sd-2-1-025-text-encoder.yaml"}], "spaces": [], "createdAt": "2023-01-04T02:03:03.000Z", "inferenceStatus": "not-loaded"}