{"_id": "65c9aebab9e53fedd0e50e74", "id": "p1atdev/hiera_mae_in1k_ft_in1k_very_experimental_do_not_use", "modelId": "p1atdev/hiera_mae_in1k_ft_in1k_very_experimental_do_not_use", "author": "p1atdev", "sha": "23ea8c57f0531a422ee6317a7f7329924b33d152", "lastModified": "2024-02-12T06:20:30.000Z", "private": false, "disabled": false, "gated": false, "pipeline_tag": "image-classification", "tags": ["transformers", "safetensors", "hiera", "image-classification", "custom_code", "dataset:imagenet-1k", "arxiv:2306.00989", "license:cc-by-nc-4.0", "autotrain_compatible", "endpoints_compatible", "region:us"], "downloads": 0, "library_name": "transformers", "likes": 0, "model-index": null, "config": {"architectures": ["HieraForImageClassification"], "auto_map": {"AutoConfig": "configuration_hiera.HieraConfig", "AutoModelForImageClassification": "modeling_hiera.HieraForImageClassification"}, "model_type": "hiera"}, "cardData": {"license": "cc-by-nc-4.0", "library_name": "transformers", "datasets": ["imagenet-1k"]}, "transformersInfo": {"auto_model": "AutoModelForImageClassification", "pipeline_tag": "image-classification", "processor": "AutoImageProcessor"}, "siblings": [{"rfilename": ".gitattributes"}, {"rfilename": "README.md"}, {"rfilename": "config.json"}, {"rfilename": "configuration_hiera.py"}, {"rfilename": "image.png"}, {"rfilename": "model.safetensors"}, {"rfilename": "modeling_hiera.py"}, {"rfilename": "preprocessor_config.json"}], "spaces": [], "createdAt": "2024-02-12T05:38:02.000Z", "safetensors": {"parameters": {"F32": 27910216}, "total": 27910216}, "inferenceStatus": "not-loaded"}