{"_id": "663899090539ea40c8deeb0d", "id": "p1atdev/dart-v2-moe-base", "modelId": "p1atdev/dart-v2-moe-base", "author": "p1atdev", "sha": "68fbc8f5dbcd45633fabcb3af4e8346fbdcb5413", "lastModified": "2024-05-11T17:15:14.000Z", "private": false, "disabled": false, "gated": false, "pipeline_tag": "text-generation", "tags": ["transformers", "safetensors", "mixtral", "text-generation", "trl", "sft", "optimum", "danbooru", "dataset:isek-ai/danbooru-tags-2024", "license:apache-2.0", "autotrain_compatible", "text-generation-inference", "region:us"], "downloads": 62, "library_name": "transformers", "widgetData": [{"text": "My name is Julien and I like to"}, {"text": "My name is Thomas and my main"}, {"text": "My name is Mariama, my favorite"}, {"text": "My name is Clara and I am"}, {"text": "My name is Lewis and I like to"}, {"text": "My name is Merve and my favorite"}, {"text": "My name is Teven and I am"}, {"text": "Once upon a time,"}], "likes": 0, "model-index": null, "config": {"architectures": ["MixtralForCausalLM"], "model_type": "mixtral", "tokenizer_config": {"bos_token": "<|bos|>", "eos_token": "<|eos|>", "mask_token": "<|mask|>", "pad_token": "<|pad|>", "sep_token": "<|sep|>", "unk_token": "<|unk|>"}}, "cardData": {"library_name": "transformers", "license": "apache-2.0", "datasets": ["isek-ai/danbooru-tags-2024"], "tags": ["trl", "sft", "optimum", "danbooru"], "inference": false}, "transformersInfo": {"auto_model": "AutoModelForCausalLM", "pipeline_tag": "text-generation", "processor": "AutoTokenizer"}, "siblings": [{"rfilename": ".gitattributes"}, {"rfilename": "README.md"}, {"rfilename": "config.json"}, {"rfilename": "generation_config.json"}, {"rfilename": "model.safetensors"}, {"rfilename": "special_tokens_map.json"}, {"rfilename": "tokenizer.json"}, {"rfilename": "tokenizer_config.json"}], "spaces": [], "createdAt": "2024-05-06T08:47:05.000Z", "safetensors": {"parameters": {"BF16": 165650688}, "total": 165650688}, "inferenceStatus": "not-loaded"}