{"_id": "64578e91711ee86f6eedca2e", "id": "p1atdev/noai-or-not", "modelId": "p1atdev/noai-or-not", "author": "p1atdev", "sha": "5544086d0b0d10bb5eb030eec0a032baedc6c7d8", "lastModified": "2023-05-07T11:42:46.000Z", "private": false, "disabled": false, "gated": false, "pipeline_tag": "image-classification", "tags": ["transformers", "pytorch", "beit", "image-classification", "autotrain", "vision", "dataset:p1atdev/autotrain-data-noai-or-not-2", "co2_eq_emissions", "autotrain_compatible", "endpoints_compatible", "region:us"], "downloads": 1, "library_name": "transformers", "widgetData": [{"src": "https://huggingface.co/datasets/mishig/sample_images/resolve/main/tiger.jpg", "example_title": "Tiger"}, {"src": "https://huggingface.co/datasets/mishig/sample_images/resolve/main/teapot.jpg", "example_title": "Teapot"}, {"src": "https://huggingface.co/datasets/mishig/sample_images/resolve/main/palace.jpg", "example_title": "Palace"}], "likes": 0, "model-index": null, "config": {"architectures": ["BeitForImageClassification"], "model_type": "beit"}, "cardData": {"tags": ["autotrain", "vision", "image-classification"], "datasets": ["p1atdev/autotrain-data-noai-or-not-2"], "widget": [{"src": "https://huggingface.co/datasets/mishig/sample_images/resolve/main/tiger.jpg", "example_title": "Tiger"}, {"src": "https://huggingface.co/datasets/mishig/sample_images/resolve/main/teapot.jpg", "example_title": "Teapot"}, {"src": "https://huggingface.co/datasets/mishig/sample_images/resolve/main/palace.jpg", "example_title": "Palace"}], "co2_eq_emissions": {"emissions": 0.22815262362438227}}, "transformersInfo": {"auto_model": "AutoModelForImageClassification", "pipeline_tag": "image-classification", "processor": "AutoImageProcessor"}, "siblings": [{"rfilename": ".gitattributes"}, {"rfilename": "README.md"}, {"rfilename": "config.json"}, {"rfilename": "preprocessor_config.json"}, {"rfilename": "pytorch_model.bin"}], "spaces": [], "createdAt": "2023-05-07T11:42:09.000Z", "inferenceStatus": "not-loaded"}