{"_id": "6426f8d866821dcb6688ea10", "id": "p1atdev/pvc-v4", "modelId": "p1atdev/pvc-v4", "author": "p1atdev", "sha": "1ea1f353161a1b18f1aa163ed8f4c53109cfaa7b", "lastModified": "2023-05-10T09:11:42.000Z", "private": false, "disabled": false, "gated": false, "pipeline_tag": "text-to-image", "tags": ["diffusers", "tensorboard", "stable-diffusion", "safetensors", "text-to-image", "en", "dataset:p1atdev/pvc", "license:other", "autotrain_compatible", "endpoints_compatible", "diffusers:StableDiffusionPipeline", "region:us"], "downloads": 57, "library_name": "diffusers", "widgetData": [{"text": "pvc, masterpiece, best quality, exceptional, 1girl, red hair, cat ears, red eyes, curly hair, long hair, maid costume, frills, upper body, looking at viewer, red flowers, indoors, beautiful view, medieval,", "example_title": "PVC"}, {"text": "figma, masterpiece, best quality, best aesthetic, 1girl, cat ears, blue hair, high ponytail, parted bangs, white shirt, dress shirt, short sleeves, shorts, looking at viewer,", "example_title": "Figma"}, {"text": "nendoroid, masterpiece, best quality, best aesthetic, 1girl, aqua eyes, baseball cap, blonde hair, closed mouth, earrings, green background, hat, hoop earrings, jewelry, looking at viewer, shirt, short hair, simple background, solo, upper body, yellow shirt,", "example_title": "Nendoroid"}, {"text": "pvc, masterpiece, best quality, best aesthetic, 1girl, bangs, bare shoulders, beret, black hair, black shorts, blue hair, bracelet, breasts, buttons, colored inner hair, double-breasted, eyewear removed, green headwear, green jacket, grey eyes, grey sky, hat, jacket, jewelry, long hair, looking at viewer, multicolored hair, neck ring, o-ring, off shoulder, rain, round eyewear, shorts, sidelocks, small breasts, solo, sunglasses, wavy hair, wet, zipper,", "example_title": "Green jacket"}], "likes": 15, "model-index": null, "config": {"diffusers": {"_class_name": "StableDiffusionPipeline"}}, "cardData": {"license": "other", "thumbnail": "https://s3.amazonaws.com/moonup/production/uploads/6305db1fcfbde33ef7d480ff/AWS1FulVrdoZGB-WIejqQ.jpeg", "datasets": ["p1atdev/pvc"], "language": ["en"], "library_name": "diffusers", "tags": ["stable-diffusion", "safetensors"], "widget": [{"text": "pvc, masterpiece, best quality, exceptional, 1girl, red hair, cat ears, red eyes, curly hair, long hair, maid costume, frills, upper body, looking at viewer, red flowers, indoors, beautiful view, medieval,", "example_title": "PVC"}, {"text": "figma, masterpiece, best quality, best aesthetic, 1girl, cat ears, blue hair, high ponytail, parted bangs, white shirt, dress shirt, short sleeves, shorts, looking at viewer,", "example_title": "Figma"}, {"text": "nendoroid, masterpiece, best quality, best aesthetic, 1girl, aqua eyes, baseball cap, blonde hair, closed mouth, earrings, green background, hat, hoop earrings, jewelry, looking at viewer, shirt, short hair, simple background, solo, upper body, yellow shirt,", "example_title": "Nendoroid"}, {"text": "pvc, masterpiece, best quality, best aesthetic, 1girl, bangs, bare shoulders, beret, black hair, black shorts, blue hair, bracelet, breasts, buttons, colored inner hair, double-breasted, eyewear removed, green headwear, green jacket, grey eyes, grey sky, hat, jacket, jewelry, long hair, looking at viewer, multicolored hair, neck ring, o-ring, off shoulder, rain, round eyewear, shorts, sidelocks, small breasts, solo, sunglasses, wavy hair, wet, zipper,", "example_title": "Green jacket"}], "pipeline_tag": "text-to-image"}, "siblings": [{"rfilename": ".gitattributes"}, {"rfilename": "README.md"}, {"rfilename": "images/sample-diff-1.jpg"}, {"rfilename": "logs/20230330051631/finetuning/events.out.tfevents.1680153406.a4d0a24b96e7.7063.0"}, {"rfilename": "model_index.json"}, {"rfilename": "scheduler/scheduler_config.json"}, {"rfilename": "text_encoder/config.json"}, {"rfilename": "text_encoder/pytorch_model.bin"}, {"rfilename": "tokenizer/merges.txt"}, {"rfilename": "tokenizer/special_tokens_map.json"}, {"rfilename": "tokenizer/tokenizer_config.json"}, {"rfilename": "tokenizer/vocab.json"}, {"rfilename": "unet/config.json"}, {"rfilename": "unet/diffusion_pytorch_model.bin"}, {"rfilename": "vae/config.json"}, {"rfilename": "vae/diffusion_pytorch_model.bin"}], "spaces": [], "createdAt": "2023-03-31T15:14:32.000Z", "inferenceStatus": "not-loaded"}