{"_id": "663897d34b4a43196c9feaf8", "id": "p1atdev/dart-v2-sft", "modelId": "p1atdev/dart-v2-sft", "author": "p1atdev", "sha": "df62d486a9308fde0b4ddbf23742a18f7bc0b8e6", "lastModified": "2024-05-11T17:27:33.000Z", "private": false, "disabled": false, "gated": false, "pipeline_tag": "text-generation", "tags": ["transformers", "onnx", "safetensors", "mistral", "text-generation", "trl", "sft", "optimum", "danbooru", "dataset:isek-ai/danbooru-tags-2024", "base_model:p1atdev/dart-v2-base", "license:apache-2.0", "autotrain_compatible", "text-generation-inference", "region:us"], "downloads": 504, "library_name": "transformers", "widgetData": [{"text": "My name is Julien and I like to"}, {"text": "My name is Thomas and my main"}, {"text": "My name is Mariama, my favorite"}, {"text": "My name is Clara and I am"}, {"text": "My name is Lewis and I like to"}, {"text": "My name is Merve and my favorite"}, {"text": "My name is Teven and I am"}, {"text": "Once upon a time,"}], "likes": 1, "model-index": null, "config": {"architectures": ["MistralForCausalLM"], "model_type": "mistral", "tokenizer_config": {"bos_token": "<|bos|>", "eos_token": "<|eos|>", "mask_token": "<|mask|>", "pad_token": "<|pad|>", "sep_token": "<|sep|>", "unk_token": "<|unk|>"}}, "cardData": {"library_name": "transformers", "license": "apache-2.0", "datasets": ["isek-ai/danbooru-tags-2024"], "base_model": "p1atdev/dart-v2-base", "tags": ["trl", "sft", "optimum", "danbooru"], "inference": false}, "transformersInfo": {"auto_model": "AutoModelForCausalLM", "pipeline_tag": "text-generation", "processor": "AutoTokenizer"}, "siblings": [{"rfilename": ".gitattributes"}, {"rfilename": "README.md"}, {"rfilename": "config.json"}, {"rfilename": "generation_config.json"}, {"rfilename": "model.safetensors"}, {"rfilename": "model_quantized.onnx"}, {"rfilename": "ort_config.json"}, {"rfilename": "special_tokens_map.json"}, {"rfilename": "tokenizer.json"}, {"rfilename": "tokenizer_config.json"}], "spaces": ["p1atdev/danbooru-tags-transformer-v2", "John6666/danbooru-tags-transformer-v2-with-wd-tagger", "John6666/DiffuseCraftMod", "John6666/text2tags-transformer", "John6666/danbooru-tags-transformer-v2-with-wd-tagger-b", "John6666/super-prompt", "John6666/Prompt-Enhancer", "silveroxides/bstrd-tag-and-caption"], "createdAt": "2024-05-06T08:41:55.000Z", "safetensors": {"parameters": {"BF16": 114329856}, "total": 114329856}, "inferenceStatus": "not-loaded"}