{"_id": "641cc998aa941743c6c9b041", "id": "p1atdev/experiments", "modelId": "p1atdev/experiments", "author": "p1atdev", "sha": "f07d6cf7895e5e5bfd6167fbf18ef0ec1b1fdded", "lastModified": "2023-05-29T09:10:34.000Z", "private": false, "disabled": false, "gated": false, "tags": ["license:other", "region:us"], "downloads": 0, "likes": 1, "model-index": null, "cardData": {"license": "other"}, "siblings": [{"rfilename": ".gitattributes"}, {"rfilename": "README.md"}, {"rfilename": "fashion-test2-000010.safetensors"}, {"rfilename": "fluorite-9-2-13.c3lier.safetensors"}, {"rfilename": "fluorite-9-2-4.c3lier.safetensors"}, {"rfilename": "fluorite-9-2-8.c3lier.safetensors"}, {"rfilename": "graupel-4-1-11.lierla.safetensors"}, {"rfilename": "graupel-4-1-15.lierla.safetensors"}, {"rfilename": "graupel-4-1-18.lierla.safetensors"}, {"rfilename": "graupel-4-1-4.lierla.safetensors"}, {"rfilename": "graupel-6-base-1-fp16.safetensors"}, {"rfilename": "graupel-6-base-2-fp16.safetensors"}, {"rfilename": "graupel-6-base-3-fp16.safetensors"}, {"rfilename": "minimaly-1.pt"}, {"rfilename": "nijiv5-2-5-e20.c3lier.safetensors"}, {"rfilename": "wd-ti/.gitkeep"}, {"rfilename": "wd-ti/badquality-16-1-20.safetensors"}, {"rfilename": "wd-ti/goodquality-16-1-20.pt"}, {"rfilename": "wd-ti/goodquality-16-2-10.pt"}, {"rfilename": "wd-ti/goodquality-16-2-20-02.safetensors"}, {"rfilename": "wd-ti/goodquality-16-2-20-04.safetensors"}, {"rfilename": "wd-ti/goodquality-16-2-20-half.safetensors"}, {"rfilename": "wd-ti/goodquality-16-2-20.pt"}], "spaces": [], "createdAt": "2023-03-23T21:50:16.000Z", "inferenceStatus": "not-loaded"}