{"_id": "656b557aefd0eea7c57e4466", "id": "p1atdev/pvc-quality-swinv2-base", "modelId": "p1atdev/pvc-quality-swinv2-base", "author": "p1atdev", "sha": "0e1997898725e1a6d947bbb62634c2b6c47731dd", "lastModified": "2023-12-02T16:27:09.000Z", "private": false, "disabled": false, "gated": false, "pipeline_tag": "image-classification", "tags": ["transformers", "safetensors", "swinv2", "image-classification", "generated_from_trainer", "dataset:p1atdev/pvc", "base_model:microsoft/swinv2-base-patch4-window12-192-22k", "license:apache-2.0", "model-index", "autotrain_compatible", "endpoints_compatible", "region:us"], "downloads": 3, "library_name": "transformers", "likes": 1, "model-index": [{"name": "pvc-quality-swinv2-base", "results": [{"task": {"name": "Image Classification", "type": "image-classification"}, "dataset": {"name": "imagefolder", "type": "imagefolder", "config": "default", "split": "test", "args": "default"}, "metrics": [{"name": "Accuracy", "type": "accuracy", "value": 0.5317220543806647, "verified": false}]}]}], "config": {"architectures": ["Swinv2ForImageClassification"], "model_type": "swinv2"}, "cardData": {"license": "apache-2.0", "base_model": "microsoft/swinv2-base-patch4-window12-192-22k", "tags": ["generated_from_trainer"], "datasets": ["p1atdev/pvc"], "metrics": ["accuracy"], "model-index": [{"name": "pvc-quality-swinv2-base", "results": [{"task": {"name": "Image Classification", "type": "image-classification"}, "dataset": {"name": "imagefolder", "type": "imagefolder", "config": "default", "split": "test", "args": "default"}, "metrics": [{"name": "Accuracy", "type": "accuracy", "value": 0.5317220543806647, "verified": false}]}]}], "library_name": "transformers"}, "transformersInfo": {"auto_model": "AutoModelForImageClassification", "pipeline_tag": "image-classification", "processor": "AutoImageProcessor"}, "siblings": [{"rfilename": ".gitattributes"}, {"rfilename": "README.md"}, {"rfilename": "config.json"}, {"rfilename": "model.safetensors"}, {"rfilename": "preprocessor_config.json"}, {"rfilename": "training_args.bin"}], "spaces": [], "createdAt": "2023-12-02T16:04:10.000Z", "safetensors": {"parameters": {"F32": 86900991}, "total": 86900991}, "inferenceStatus": "not-loaded"}