{"_id": "64865181a4cf2081f2061f79", "id": "P1ayer-1/starcoder-instruct-short", "modelId": "P1ayer-1/starcoder-instruct-short", "author": "P1ayer-1", "sha": "5baba41799bc9b73a15ea24580b8ce8212d67b15", "lastModified": "2023-06-11T23:04:40.000Z", "private": false, "disabled": false, "gated": false, "tags": ["region:us"], "downloads": 0, "likes": 0, "config": {"tokenizer_config": {"bos_token": "<|endoftext|>", "eos_token": "<|endoftext|>", "unk_token": "<|endoftext|>"}}, "siblings": [{"rfilename": ".gitattributes"}, {"rfilename": "adapter_config.json"}, {"rfilename": "adapter_model.bin"}, {"rfilename": "merges.txt"}, {"rfilename": "special_tokens_map.json"}, {"rfilename": "tokenizer.json"}, {"rfilename": "tokenizer_config.json"}, {"rfilename": "vocab.json"}], "spaces": [], "createdAt": "2023-06-11T22:58:09.000Z", "inferenceStatus": "not-loaded"}