{"_id": "645c333aa24f01bb0b2f183f", "id": "P1ayer-1/mpt-7b-instruct-base", "modelId": "P1ayer-1/mpt-7b-instruct-base", "author": "P1ayer-1", "sha": "7125b09b1c4961ea9916ccdae4d44c17ffbfcb7e", "lastModified": "2023-05-12T19:29:52.000Z", "private": false, "disabled": false, "gated": false, "pipeline_tag": "text-generation", "tags": ["transformers", "pytorch", "mpt", "text-generation", "Composer", "MosaicML", "llm-foundry", "StreamingDatasets", "custom_code", "dataset:mc4", "dataset:c4", "dataset:togethercomputer/RedPajama-Data-1T", "dataset:bigcode/the-stack", "dataset:allenai/s2orc", "arxiv:2108.12409", "arxiv:2302.13971", "arxiv:2205.14135", "arxiv:2010.04245", "arxiv:1909.08053", "arxiv:2302.06675", "license:apache-2.0", "autotrain_compatible", "text-generation-inference", "region:us"], "downloads": 3, "library_name": "transformers", "widgetData": [{"text": "My name is Julien and I like to"}, {"text": "My name is Thomas and my main"}, {"text": "My name is Mariama, my favorite"}, {"text": "My name is Clara and I am"}, {"text": "My name is Lewis and I like to"}, {"text": "My name is Merve and my favorite"}, {"text": "My name is Teven and I am"}, {"text": "Once upon a time,"}], "likes": 2, "model-index": null, "config": {"architectures": ["MPTForCausalLM"], "auto_map": {"AutoConfig": "configuration_mpt.MPTConfig", "AutoModelForCausalLM": "modeling_mpt.MPTForCausalLM"}, "model_type": "mpt", "tokenizer_config": {"bos_token": "<|endoftext|>", "eos_token": "<|endoftext|>", "unk_token": "<|endoftext|>"}}, "cardData": {"license": "apache-2.0", "tags": ["Composer", "MosaicML", "llm-foundry", "StreamingDatasets"], "datasets": ["mc4", "c4", "togethercomputer/RedPajama-Data-1T", "bigcode/the-stack", "allenai/s2orc"], "inference": false}, "transformersInfo": {"auto_model": "AutoModelForCausalLM", "custom_class": "modeling_mpt.MPTForCausalLM", "pipeline_tag": "text-generation", "processor": "AutoTokenizer"}, "siblings": [{"rfilename": ".gitattributes"}, {"rfilename": "README.md"}, {"rfilename": "adapt_tokenizer.py"}, {"rfilename": "attention.py"}, {"rfilename": "blocks.py"}, {"rfilename": "config.json"}, {"rfilename": "configuration_mpt.py"}, {"rfilename": "generation_config.json"}, {"rfilename": "hf_prefixlm_converter.py"}, {"rfilename": "meta_init_context.py"}, {"rfilename": "modeling_mpt.py"}, {"rfilename": "norm.py"}, {"rfilename": "param_init_fns.py"}, {"rfilename": "pytorch_model-00001-of-00003.bin"}, {"rfilename": "pytorch_model-00002-of-00003.bin"}, {"rfilename": "pytorch_model-00003-of-00003.bin"}, {"rfilename": "pytorch_model.bin.index.json"}, {"rfilename": "special_tokens_map.json"}, {"rfilename": "tokenizer.json"}, {"rfilename": "tokenizer_config.json"}], "spaces": [], "createdAt": "2023-05-11T00:13:46.000Z", "inferenceStatus": "not-loaded"}