{"_id": "64d3bc73ac500d78b27c9ecd", "id": "p1con/biomedical-abbreviations-expansions-esp", "modelId": "p1con/biomedical-abbreviations-expansions-esp", "author": "p1con", "sha": "7a901f81f23e2d7eaed10633763d549580206fd9", "lastModified": "2023-12-17T00:22:47.000Z", "private": false, "disabled": false, "gated": false, "tags": ["peft", "safetensors", "arxiv:1910.09700", "base_model:PlanTL-GOB-ES/roberta-base-biomedical-clinical-es", "region:us"], "downloads": 0, "library_name": "peft", "likes": 0, "model-index": null, "config": {"tokenizer_config": {"bos_token": "<s>", "cls_token": "<s>", "eos_token": "</s>", "mask_token": "<mask>", "pad_token": "</s>", "sep_token": "</s>", "unk_token": "<unk>"}, "peft": {"base_model_name_or_path": "PlanTL-GOB-ES/roberta-base-biomedical-clinical-es", "task_type": "MASKED_LM"}}, "cardData": {"library_name": "peft", "base_model": "PlanTL-GOB-ES/roberta-base-biomedical-clinical-es"}, "siblings": [{"rfilename": ".gitattributes"}, {"rfilename": "README.md"}, {"rfilename": "adapter_config.json"}, {"rfilename": "adapter_model.safetensors"}, {"rfilename": "added_tokens.json"}, {"rfilename": "merges.txt"}, {"rfilename": "special_tokens_map.json"}, {"rfilename": "tokenizer.json"}, {"rfilename": "tokenizer_config.json"}, {"rfilename": "vocab.json"}], "spaces": [], "createdAt": "2023-08-09T16:18:59.000Z", "inferenceStatus": "not-loaded"}