{"_id": "64d910ee505306fcd204290a", "id": "p1gh34d/LoRaS", "modelId": "p1gh34d/LoRaS", "author": "p1gh34d", "sha": "1393fa14de10980cd8a704d3537686453ef7ce59", "lastModified": "2023-08-15T21:49:45.000Z", "private": false, "disabled": false, "gated": false, "tags": ["license:openrail", "region:us"], "downloads": 0, "likes": 0, "model-index": null, "cardData": {"license": "openrail"}, "siblings": [{"rfilename": ".gitattributes"}, {"rfilename": "BarbieV1.safetensors"}, {"rfilename": "BodHor-V1.safetensors"}, {"rfilename": "README.md"}, {"rfilename": "add_detail.safetensors"}, {"rfilename": "c4ttitudeflexver.safetensors"}, {"rfilename": "dollface.safetensors"}, {"rfilename": "postapocalypseAI.safetensors"}, {"rfilename": "reelmech1v2.safetensors"}, {"rfilename": "zomb00d-000010.safetensors"}], "spaces": [], "createdAt": "2023-08-13T17:20:46.000Z", "inferenceStatus": "not-loaded"}