{"_id": "65576b588616d8d740e10a84", "id": "p1gm1/summary_billsum_model", "modelId": "p1gm1/summary_billsum_model", "author": "p1gm1", "sha": "d905edcb54b2808a4be4400b463d85fea582b45a", "lastModified": "2023-11-17T13:34:27.000Z", "private": false, "disabled": false, "gated": false, "pipeline_tag": "text2text-generation", "tags": ["transformers", "tensorboard", "safetensors", "t5", "text2text-generation", "generated_from_trainer", "dataset:billsum", "base_model:t5-small", "license:apache-2.0", "model-index", "autotrain_compatible", "text-generation-inference", "endpoints_compatible", "region:us"], "downloads": 1, "library_name": "transformers", "likes": 0, "model-index": [{"name": "summary_billsum_model", "results": [{"task": {"name": "Sequence-to-sequence Language Modeling", "type": "text2text-generation"}, "dataset": {"name": "billsum", "type": "billsum", "config": "default", "split": "ca_test", "args": "default"}, "metrics": [{"name": "Rouge1", "type": "rouge", "value": 0.1433, "verified": false}]}]}], "config": {"architectures": ["T5ForConditionalGeneration"], "model_type": "t5", "tokenizer_config": {"eos_token": "</s>", "pad_token": "<pad>", "unk_token": "<unk>"}}, "cardData": {"license": "apache-2.0", "base_model": "t5-small", "tags": ["generated_from_trainer"], "datasets": ["billsum"], "metrics": ["rouge"], "model-index": [{"name": "summary_billsum_model", "results": [{"task": {"name": "Sequence-to-sequence Language Modeling", "type": "text2text-generation"}, "dataset": {"name": "billsum", "type": "billsum", "config": "default", "split": "ca_test", "args": "default"}, "metrics": [{"name": "Rouge1", "type": "rouge", "value": 0.1433, "verified": false}]}]}]}, "transformersInfo": {"auto_model": "AutoModelForSeq2SeqLM", "pipeline_tag": "text2text-generation", "processor": "AutoTokenizer"}, "siblings": [{"rfilename": ".gitattributes"}, {"rfilename": "README.md"}, {"rfilename": "config.json"}, {"rfilename": "generation_config.json"}, {"rfilename": "model.safetensors"}, {"rfilename": "runs/Nov17_13-21-55_8407d942e403/events.out.tfevents.1700227315.8407d942e403.4241.0"}, {"rfilename": "runs/Nov17_13-32-08_8407d942e403/events.out.tfevents.1700227929.8407d942e403.4241.1"}, {"rfilename": "special_tokens_map.json"}, {"rfilename": "tokenizer.json"}, {"rfilename": "tokenizer_config.json"}, {"rfilename": "training_args.bin"}], "spaces": [], "createdAt": "2023-11-17T13:32:08.000Z", "safetensors": {"parameters": {"F32": 60506624}, "total": 60506624}, "inferenceStatus": "not-loaded"}