{"_id": "6507b48a0c87331947aec3d1", "id": "p208p2002/llama-chinese-81M", "modelId": "p208p2002/llama-chinese-81M", "author": "p208p2002", "sha": "db7e31ab28c46a64ab840e461aabee9655bb0329", "lastModified": "2023-11-16T02:43:10.000Z", "private": false, "disabled": false, "gated": false, "pipeline_tag": "text-generation", "tags": ["transformers", "pytorch", "safetensors", "llama", "text-generation", "chinese", "english", "zh", "en", "dataset:wikipedia", "autotrain_compatible", "text-generation-inference", "endpoints_compatible", "region:us"], "downloads": 21, "library_name": "transformers", "widgetData": [{"text": "\u7c89\u5713\uff0c\u5728\u73cd\u73e0\u5976\u8336\u4e2d\u4e5f\u7a31\u6ce2\u9738\u6216\u73cd\u73e0\uff0c\u662f\u4e00\u7a2e"}], "likes": 2, "model-index": null, "config": {"architectures": ["LlamaForCausalLM"], "model_type": "llama", "tokenizer_config": {"bos_token": {"__type": "AddedToken", "content": "<s>", "lstrip": false, "normalized": true, "rstrip": false, "single_word": false}, "eos_token": {"__type": "AddedToken", "content": "</s>", "lstrip": false, "normalized": true, "rstrip": false, "single_word": false}, "pad_token": null, "unk_token": {"__type": "AddedToken", "content": "<unk>", "lstrip": false, "normalized": true, "rstrip": false, "single_word": false}}}, "cardData": {"datasets": ["wikipedia"], "language": ["zh", "en"], "tags": ["chinese", "english"], "inference": {"parameters": {"max_new_tokens": 50, "do_sample": true}}, "widget": [{"text": "\u7c89\u5713\uff0c\u5728\u73cd\u73e0\u5976\u8336\u4e2d\u4e5f\u7a31\u6ce2\u9738\u6216\u73cd\u73e0\uff0c\u662f\u4e00\u7a2e"}], "pipeline_tag": "text-generation"}, "transformersInfo": {"auto_model": "AutoModelForCausalLM", "pipeline_tag": "text-generation", "processor": "AutoTokenizer"}, "siblings": [{"rfilename": ".gitattributes"}, {"rfilename": "README.md"}, {"rfilename": "config.json"}, {"rfilename": "generation_config.json"}, {"rfilename": "model.safetensors"}, {"rfilename": "pytorch_model.bin"}, {"rfilename": "special_tokens_map.json"}, {"rfilename": "tokenizer.json"}, {"rfilename": "tokenizer.model"}, {"rfilename": "tokenizer_config.json"}], "spaces": [], "createdAt": "2023-09-18T02:23:06.000Z", "safetensors": {"parameters": {"F32": 81019648}, "total": 81019648}, "inferenceStatus": "not-loaded"}