{"_id": "621ffdc136468d709f17eb77", "id": "p208p2002/qmst-qgg", "modelId": "p208p2002/qmst-qgg", "author": "p208p2002", "sha": "ca3e596564a2493244fce53544c5524134f8049b", "lastModified": "2022-09-28T05:44:58.000Z", "private": false, "disabled": false, "gated": false, "pipeline_tag": "text2text-generation", "tags": ["transformers", "pytorch", "bart", "text2text-generation", "autotrain_compatible", "endpoints_compatible", "region:us"], "downloads": 5, "library_name": "transformers", "mask_token": "<mask>", "likes": 1, "config": {"architectures": ["CustomBartForConditionalGeneration"], "model_type": "bart", "tokenizer_config": {"unk_token": "<unk>", "bos_token": "<s>", "eos_token": "</s>", "sep_token": "</s>", "cls_token": "<s>", "pad_token": "<pad>", "mask_token": "<mask>"}}, "transformersInfo": {"auto_model": "AutoModelForSeq2SeqLM", "pipeline_tag": "text2text-generation", "processor": "AutoTokenizer"}, "siblings": [{"rfilename": ".gitattributes"}, {"rfilename": "README.md"}, {"rfilename": "added_tokens.json"}, {"rfilename": "config.json"}, {"rfilename": "merges.txt"}, {"rfilename": "pytorch_model.bin"}, {"rfilename": "special_tokens_map.json"}, {"rfilename": "tokenizer_config.json"}, {"rfilename": "vocab.json"}], "spaces": ["p208p2002/Question-Group-Generator"], "createdAt": "2022-03-02T23:29:05.000Z", "inferenceStatus": "not-loaded"}