{"_id": "65c096e72e676864407f1003", "id": "p208p2002/bloom-1b1-zh-error-correction-dpo", "modelId": "p208p2002/bloom-1b1-zh-error-correction-dpo", "author": "p208p2002", "sha": "756fdd35a4beb0ddd2d1c99551791b6a83790c8b", "lastModified": "2024-03-15T14:59:06.000Z", "private": false, "disabled": false, "gated": false, "pipeline_tag": "text-generation", "tags": ["transformers", "safetensors", "bloom", "text-generation", "zh", "dataset:p208p2002/zhtw-sentence-error-correction", "autotrain_compatible", "text-generation-inference", "endpoints_compatible", "region:us"], "downloads": 2, "library_name": "transformers", "widgetData": [{"text": "\u6211\u53eb\u6731\u5229\u5b89\uff0c\u6211\u559c\u6b22"}, {"text": "\u6211\u53eb\u6258\u9a6c\u65af\uff0c\u6211\u7684\u4e3b\u8981"}, {"text": "\u6211\u53eb\u739b\u4e3d\u4e9a\uff0c\u6211\u6700\u559c\u6b22\u7684"}, {"text": "\u6211\u53eb\u514b\u62c9\u62c9\uff0c\u6211\u662f"}, {"text": "\u4ece\u524d\uff0c"}], "likes": 0, "model-index": null, "config": {"architectures": ["BloomForCausalLM"], "model_type": "bloom", "tokenizer_config": {"bos_token": "<s>", "eos_token": "</s>", "pad_token": "</s>", "unk_token": "<unk>"}}, "cardData": {"language": ["zh"], "datasets": ["p208p2002/zhtw-sentence-error-correction"]}, "transformersInfo": {"auto_model": "AutoModelForCausalLM", "pipeline_tag": "text-generation", "processor": "AutoTokenizer"}, "siblings": [{"rfilename": ".gitattributes"}, {"rfilename": "README.md"}, {"rfilename": "config.json"}, {"rfilename": "generation_config.json"}, {"rfilename": "model.safetensors"}, {"rfilename": "optimizer.pt"}, {"rfilename": "rng_state.pth"}, {"rfilename": "scheduler.pt"}, {"rfilename": "special_tokens_map.json"}, {"rfilename": "tokenizer.json"}, {"rfilename": "tokenizer_config.json"}, {"rfilename": "trainer_state.json"}, {"rfilename": "training_args.bin"}], "spaces": [], "createdAt": "2024-02-05T08:05:59.000Z", "safetensors": {"parameters": {"F32": 1065314304}, "total": 1065314304}, "inferenceStatus": "not-loaded"}