{"_id": "65096478f37afbab0d38189c", "id": "p208p2002/llama-traditional-chinese-120M", "modelId": "p208p2002/llama-traditional-chinese-120M", "author": "p208p2002", "sha": "98fcab38cb17f1ea632a14c30deb4fa7dedcd7ca", "lastModified": "2024-02-26T01:31:56.000Z", "private": false, "disabled": false, "gated": false, "pipeline_tag": "text-generation", "tags": ["transformers", "pytorch", "safetensors", "llama", "text-generation", "chinese", "english", "generate", "gpt2", "zh", "en", "dataset:wikipedia", "dataset:p208p2002/wudao", "dataset:c4", "autotrain_compatible", "text-generation-inference", "endpoints_compatible", "region:us"], "downloads": 216, "library_name": "transformers", "widgetData": [{"text": "\u7c89\u5713\uff0c\u5728\u73cd\u73e0\u5976\u8336\u4e2d\u4e5f\u7a31\u6ce2\u9738\u6216\u73cd\u73e0\uff0c\u662f\u4e00\u7a2e"}], "likes": 1, "model-index": null, "config": {"architectures": ["LlamaForCausalLM"], "model_type": "llama", "tokenizer_config": {"bos_token": {"__type": "AddedToken", "content": "<s>", "lstrip": false, "normalized": true, "rstrip": false, "single_word": false}, "eos_token": {"__type": "AddedToken", "content": "</s>", "lstrip": false, "normalized": true, "rstrip": false, "single_word": false}, "pad_token": null, "unk_token": {"__type": "AddedToken", "content": "<unk>", "lstrip": false, "normalized": true, "rstrip": false, "single_word": false}, "use_default_system_prompt": true}}, "cardData": {"datasets": ["wikipedia", "p208p2002/wudao", "c4"], "language": ["zh", "en"], "tags": ["chinese", "english", "generate", "gpt2", "llama"], "inference": {"parameters": {"max_new_tokens": 50, "do_sample": true}}, "widget": [{"text": "\u7c89\u5713\uff0c\u5728\u73cd\u73e0\u5976\u8336\u4e2d\u4e5f\u7a31\u6ce2\u9738\u6216\u73cd\u73e0\uff0c\u662f\u4e00\u7a2e"}], "pipeline_tag": "text-generation"}, "transformersInfo": {"auto_model": "AutoModelForCausalLM", "pipeline_tag": "text-generation", "processor": "AutoTokenizer"}, "siblings": [{"rfilename": ".gitattributes"}, {"rfilename": "README.md"}, {"rfilename": "config.json"}, {"rfilename": "generation_config.json"}, {"rfilename": "model.safetensors"}, {"rfilename": "pytorch_model.bin"}, {"rfilename": "special_tokens_map.json"}, {"rfilename": "tokenizer.json"}, {"rfilename": "tokenizer.model"}, {"rfilename": "tokenizer_config.json"}], "spaces": [], "createdAt": "2023-09-19T09:06:00.000Z", "safetensors": {"parameters": {"F32": 119950080}, "total": 119950080}, "inferenceStatus": "not-loaded"}