{"_id": "6542f8c5d292675f292c303f", "id": "p208p2002/llama-keyword-generator-zh2zh-120M", "modelId": "p208p2002/llama-keyword-generator-zh2zh-120M", "author": "p208p2002", "sha": "baea58ac448d8fab669c7b1bdba412b05bad65da", "lastModified": "2023-11-06T07:14:20.000Z", "private": false, "disabled": false, "gated": false, "pipeline_tag": "text-generation", "tags": ["transformers", "pytorch", "safetensors", "llama", "text-generation", "chinese", "keyword-generator", "zh", "autotrain_compatible", "text-generation-inference", "region:us"], "downloads": 183, "library_name": "transformers", "widgetData": [{"text": "\u6211\u53eb\u6731\u5229\u5b89\uff0c\u6211\u559c\u6b22"}, {"text": "\u6211\u53eb\u6258\u9a6c\u65af\uff0c\u6211\u7684\u4e3b\u8981"}, {"text": "\u6211\u53eb\u739b\u4e3d\u4e9a\uff0c\u6211\u6700\u559c\u6b22\u7684"}, {"text": "\u6211\u53eb\u514b\u62c9\u62c9\uff0c\u6211\u662f"}, {"text": "\u4ece\u524d\uff0c"}], "likes": 1, "model-index": null, "config": {"architectures": ["LlamaForCausalLM"], "model_type": "llama", "tokenizer_config": {"bos_token": "<s>", "eos_token": "</s>", "pad_token": null, "unk_token": "<unk>", "use_default_system_prompt": true}}, "cardData": {"language": ["zh"], "inference": false, "pipeline_tag": "text-generation", "tags": ["llama", "chinese", "keyword-generator"]}, "transformersInfo": {"auto_model": "AutoModelForCausalLM", "pipeline_tag": "text-generation", "processor": "AutoTokenizer"}, "siblings": [{"rfilename": ".gitattributes"}, {"rfilename": "README.md"}, {"rfilename": "config.json"}, {"rfilename": "generation_config.json"}, {"rfilename": "model.safetensors"}, {"rfilename": "pytorch_model.bin"}, {"rfilename": "special_tokens_map.json"}, {"rfilename": "tokenizer.json"}, {"rfilename": "tokenizer.model"}, {"rfilename": "tokenizer_config.json"}], "spaces": [], "createdAt": "2023-11-02T01:17:57.000Z", "safetensors": {"parameters": {"F32": 119950080}, "total": 119950080}, "inferenceStatus": "not-loaded"}