{"_id": "63d869f1f8fb9f0e9e19310f", "id": "p208p2002/zh-wiki-punctuation-restore", "modelId": "p208p2002/zh-wiki-punctuation-restore", "author": "p208p2002", "sha": "53403e4544379dde70eed66f7b699dc48fcff150", "lastModified": "2023-05-31T08:44:00.000Z", "private": false, "disabled": false, "gated": false, "pipeline_tag": "token-classification", "tags": ["transformers", "pytorch", "safetensors", "bert", "token-classification", "ner", "punctuation", "zh", "autotrain_compatible", "endpoints_compatible", "region:us"], "downloads": 614, "library_name": "transformers", "mask_token": "[MASK]", "widgetData": [{"text": "\u6211\u53eb\u6c83\u5c14\u592b\u5188\uff0c\u6211\u4f4f\u5728\u67cf\u6797\u3002"}, {"text": "\u6211\u53eb\u8428\u62c9\uff0c\u6211\u4f4f\u5728\u4f26\u6566\u3002"}, {"text": "\u6211\u53eb\u514b\u62c9\u62c9\uff0c\u6211\u4f4f\u5728\u52a0\u5dde\u4f2f\u514b\u5229\u3002"}], "likes": 9, "model-index": null, "config": {"architectures": ["BertForTokenClassification"], "model_type": "bert", "tokenizer_config": {"cls_token": "[CLS]", "mask_token": "[MASK]", "pad_token": "[PAD]", "sep_token": "[SEP]", "unk_token": "[UNK]"}}, "cardData": {"tags": ["ner", "punctuation"], "language": ["zh"]}, "transformersInfo": {"auto_model": "AutoModelForTokenClassification", "pipeline_tag": "token-classification", "processor": "AutoTokenizer"}, "siblings": [{"rfilename": ".gitattributes"}, {"rfilename": "README.md"}, {"rfilename": "config.json"}, {"rfilename": "model.safetensors"}, {"rfilename": "pytorch_model.bin"}, {"rfilename": "special_tokens_map.json"}, {"rfilename": "tokenizer.json"}, {"rfilename": "tokenizer_config.json"}, {"rfilename": "vocab.txt"}], "spaces": [], "createdAt": "2023-01-31T01:08:01.000Z", "safetensors": {"parameters": {"I64": 512, "F32": 101682439}, "total": 101682951}, "inferenceStatus": "not-loaded"}