{"_id": "637192fcffc0489ed7d421bb", "id": "p208p2002/bart-drcd-qg-hl-v2", "modelId": "p208p2002/bart-drcd-qg-hl-v2", "author": "p208p2002", "sha": "05545671fb8a6c5a7bdd39e27e95864616ed16fe", "lastModified": "2022-11-14T01:28:15.000Z", "private": false, "disabled": false, "gated": false, "pipeline_tag": "text2text-generation", "tags": ["transformers", "pytorch", "bart", "text2text-generation", "question-generation", "dataset:drcd", "autotrain_compatible", "endpoints_compatible", "region:us"], "downloads": 2, "library_name": "transformers", "mask_token": "<mask>", "widgetData": [{"text": "[HL]\u4f0a\u9686\u00b7\u91cc\u592b\u00b7\u99ac\u65af\u514b[HL]\u662f\u4e00\u540d\u4f01\u696d\u5bb6\u548c\u5546\u696d\u5927\u4ea8"}], "likes": 0, "model-index": null, "config": {"architectures": ["BartForConditionalGeneration"], "model_type": "bart", "tokenizer_config": {"cls_token": "[CLS]", "mask_token": "[MASK]", "pad_token": "[PAD]", "sep_token": "[SEP]", "unk_token": "[UNK]"}}, "cardData": {"datasets": ["drcd"], "tags": ["question-generation"], "widget": [{"text": "[HL]\u4f0a\u9686\u00b7\u91cc\u592b\u00b7\u99ac\u65af\u514b[HL]\u662f\u4e00\u540d\u4f01\u696d\u5bb6\u548c\u5546\u696d\u5927\u4ea8"}]}, "transformersInfo": {"auto_model": "AutoModelForSeq2SeqLM", "pipeline_tag": "text2text-generation", "processor": "AutoTokenizer"}, "siblings": [{"rfilename": ".gitattributes"}, {"rfilename": "README.md"}, {"rfilename": "added_tokens.json"}, {"rfilename": "config.json"}, {"rfilename": "pytorch_model.bin"}, {"rfilename": "special_tokens_map.json"}, {"rfilename": "tokenizer.json"}, {"rfilename": "tokenizer_config.json"}, {"rfilename": "vocab.txt"}], "spaces": [], "createdAt": "2022-11-14T00:59:40.000Z", "inferenceStatus": "not-loaded"}