{"_id": "621ffdc136468d709f17eb79", "id": "p208p2002/t5-squad-qg-hl", "modelId": "p208p2002/t5-squad-qg-hl", "author": "p208p2002", "sha": "00f9aa237d8a4b91816fc077180c206def996fc3", "lastModified": "2023-05-31T08:42:25.000Z", "private": false, "disabled": false, "gated": false, "pipeline_tag": "text2text-generation", "tags": ["transformers", "pytorch", "safetensors", "t5", "text2text-generation", "question-generation", "dataset:squad", "arxiv:1606.05250", "arxiv:1705.00106", "autotrain_compatible", "text-generation-inference", "endpoints_compatible", "region:us"], "downloads": 10, "library_name": "transformers", "widgetData": [{"text": "Harry Potter is a series of seven fantasy novels written by British author, [HL]J. K. Rowling[HL]."}], "likes": 0, "model-index": null, "config": {"architectures": ["T5ForConditionalGeneration"], "model_type": "t5", "tokenizer_config": {"eos_token": "</s>", "unk_token": "<unk>", "pad_token": "<pad>"}}, "cardData": {"datasets": ["squad"], "tags": ["question-generation"], "widget": [{"text": "Harry Potter is a series of seven fantasy novels written by British author, [HL]J. K. Rowling[HL]."}]}, "transformersInfo": {"auto_model": "AutoModelForSeq2SeqLM", "pipeline_tag": "text2text-generation", "processor": "AutoTokenizer"}, "siblings": [{"rfilename": ".gitattributes"}, {"rfilename": "README.md"}, {"rfilename": "added_tokens.json"}, {"rfilename": "config.json"}, {"rfilename": "model.safetensors"}, {"rfilename": "pytorch_model.bin"}, {"rfilename": "special_tokens_map.json"}, {"rfilename": "spiece.model"}, {"rfilename": "tokenizer_config.json"}], "spaces": [], "createdAt": "2022-03-02T23:29:05.000Z", "safetensors": {"parameters": {"F32": 222883584}, "total": 222883584}, "inferenceStatus": "not-loaded"}