{"_id": "621ffdc136468d709f17eb72", "id": "p208p2002/bart-squad-qg-hl", "modelId": "p208p2002/bart-squad-qg-hl", "author": "p208p2002", "sha": "f1ac6f7e774b886903622376ab8bff9de0746159", "lastModified": "2023-05-31T08:43:25.000Z", "private": false, "disabled": false, "gated": false, "pipeline_tag": "text2text-generation", "tags": ["transformers", "pytorch", "safetensors", "bart", "text2text-generation", "question-generation", "dataset:squad", "arxiv:1606.05250", "arxiv:1705.00106", "autotrain_compatible", "endpoints_compatible", "region:us"], "downloads": 56, "library_name": "transformers", "mask_token": "<mask>", "widgetData": [{"text": "Harry Potter is a series of seven fantasy novels written by British author, [HL]J. K. Rowling[HL]."}], "likes": 4, "model-index": null, "config": {"architectures": ["BartForConditionalGeneration"], "model_type": "bart", "tokenizer_config": {"unk_token": "<unk>", "bos_token": "<s>", "eos_token": "</s>", "sep_token": "</s>", "cls_token": "<s>", "pad_token": "<pad>", "mask_token": "<mask>"}}, "cardData": {"datasets": ["squad"], "tags": ["question-generation"], "widget": [{"text": "Harry Potter is a series of seven fantasy novels written by British author, [HL]J. K. Rowling[HL]."}]}, "transformersInfo": {"auto_model": "AutoModelForSeq2SeqLM", "pipeline_tag": "text2text-generation", "processor": "AutoTokenizer"}, "siblings": [{"rfilename": ".gitattributes"}, {"rfilename": "README.md"}, {"rfilename": "added_tokens.json"}, {"rfilename": "config.json"}, {"rfilename": "merges.txt"}, {"rfilename": "model.safetensors"}, {"rfilename": "pytorch_model.bin"}, {"rfilename": "special_tokens_map.json"}, {"rfilename": "tokenizer_config.json"}, {"rfilename": "vocab.json"}], "spaces": [], "createdAt": "2022-03-02T23:29:05.000Z", "safetensors": {"parameters": {"F32": 139471450}, "total": 139471450}, "inferenceStatus": "not-loaded"}