{"_id": "6459ae0ec5d0d57ba42b898d", "id": "p208p2002/bloomz-Alpaca-560M", "modelId": "p208p2002/bloomz-Alpaca-560M", "author": "p208p2002", "sha": "102f58842ab0e34b56a842121feb9ce901bafa5e", "lastModified": "2023-05-31T08:42:59.000Z", "private": false, "disabled": false, "gated": false, "pipeline_tag": "text-generation", "tags": ["transformers", "pytorch", "safetensors", "bloom", "text-generation", "text-generation-inference", "en", "dataset:tatsu-lab/alpaca", "autotrain_compatible", "endpoints_compatible", "region:us"], "downloads": 2, "library_name": "transformers", "widgetData": [{"text": "### Instruction:\nHow can we reduce air pollution?\n\n### Response:"}], "likes": 0, "model-index": null, "config": {"architectures": ["BloomForCausalLM"], "model_type": "bloom", "tokenizer_config": {"bos_token": "<s>", "eos_token": "</s>", "pad_token": "<pad>", "unk_token": "<unk>"}}, "cardData": {"datasets": ["tatsu-lab/alpaca"], "language": ["en"], "widget": [{"text": "### Instruction:\nHow can we reduce air pollution?\n\n### Response:"}], "tags": ["text-generation-inference"]}, "transformersInfo": {"auto_model": "AutoModelForCausalLM", "pipeline_tag": "text-generation", "processor": "AutoTokenizer"}, "siblings": [{"rfilename": ".gitattributes"}, {"rfilename": "README.md"}, {"rfilename": "config.json"}, {"rfilename": "generation_config.json"}, {"rfilename": "model.safetensors"}, {"rfilename": "pytorch_model.bin"}, {"rfilename": "special_tokens_map.json"}, {"rfilename": "tokenizer.json"}, {"rfilename": "tokenizer_config.json"}], "spaces": [], "createdAt": "2023-05-09T02:21:02.000Z", "safetensors": {"parameters": {"F32": 559010816}, "total": 559010816}, "inferenceStatus": "not-loaded"}