{"_id": "654a3e991f70b3b5e72fb45b", "id": "p2991459/object_extraction_tf", "modelId": "p2991459/object_extraction_tf", "author": "p2991459", "sha": "db78959708e80616d5cda38defa475380f091cf2", "lastModified": "2023-11-07T13:53:00.000Z", "private": false, "disabled": false, "gated": false, "tags": ["license:apache-2.0", "region:us"], "downloads": 0, "likes": 0, "model-index": null, "cardData": {"license": "apache-2.0"}, "siblings": [{"rfilename": ".gitattributes"}, {"rfilename": "README.md"}, {"rfilename": "cutted_full.h5"}, {"rfilename": "final.py"}, {"rfilename": "finalize.h5"}], "spaces": [], "createdAt": "2023-11-07T13:41:45.000Z", "inferenceStatus": "not-loaded"}