{"_id": "6670ce97dbd42933c8c9adcf", "id": "p3ngdump/koelectra-hate-speech", "modelId": "p3ngdump/koelectra-hate-speech", "author": "p3ngdump", "sha": "72602341e3a1e6e89449122fcfd2874176f503f7", "lastModified": "2024-06-18T23:21:47.000Z", "private": false, "disabled": false, "gated": false, "pipeline_tag": "text-classification", "tags": ["transformers", "pytorch", "electra", "text-classification", "license:apache-2.0", "autotrain_compatible", "endpoints_compatible", "region:us"], "downloads": 93, "library_name": "transformers", "mask_token": "[MASK]", "widgetData": [{"text": "I like you. I love you"}], "likes": 1, "model-index": null, "config": {"architectures": ["ElectraForSequenceClassification"], "model_type": "electra"}, "cardData": {"license": "apache-2.0"}, "transformersInfo": {"auto_model": "AutoModelForSequenceClassification", "pipeline_tag": "text-classification", "processor": "AutoTokenizer"}, "siblings": [{"rfilename": ".gitattributes"}, {"rfilename": "README.md"}, {"rfilename": "config.json"}, {"rfilename": "pytorch_model.bin"}, {"rfilename": "training_args.bin"}, {"rfilename": "vocab.txt"}], "spaces": [], "createdAt": "2024-06-18T00:02:31.000Z", "inferenceStatus": "not-loaded"}