{"_id": "66711595c300b0c8f068f28a", "id": "p3ngdump/koelectra-hate-speech-notitle", "modelId": "p3ngdump/koelectra-hate-speech-notitle", "author": "p3ngdump", "sha": "e3a58a2540d87d808d5e3615a42f079aeebef750", "lastModified": "2024-06-18T07:24:37.000Z", "private": false, "disabled": false, "gated": false, "pipeline_tag": "text-classification", "tags": ["transformers", "pytorch", "electra", "text-classification", "license:apache-2.0", "autotrain_compatible", "endpoints_compatible", "region:us"], "downloads": 4, "library_name": "transformers", "mask_token": "[MASK]", "widgetData": [{"text": "I like you. I love you"}], "likes": 0, "model-index": null, "config": {"architectures": ["ElectraForSequenceClassification"], "model_type": "electra"}, "cardData": {"license": "apache-2.0"}, "transformersInfo": {"auto_model": "AutoModelForSequenceClassification", "pipeline_tag": "text-classification", "processor": "AutoTokenizer"}, "siblings": [{"rfilename": ".gitattributes"}, {"rfilename": "README.md"}, {"rfilename": "config.json"}, {"rfilename": "pytorch_model.bin"}, {"rfilename": "training_args.bin"}, {"rfilename": "vocab.txt"}], "spaces": [], "createdAt": "2024-06-18T05:05:25.000Z", "inferenceStatus": "not-loaded"}