{"_id": "66710ee4967bfd8a13df67a9", "id": "p3ngdump/koelectra-hate-speech-withunsmile", "modelId": "p3ngdump/koelectra-hate-speech-withunsmile", "author": "p3ngdump", "sha": "3a2d4699e700d5029b62690dcfcd6f2adb023da5", "lastModified": "2024-06-18T23:24:24.000Z", "private": false, "disabled": false, "gated": false, "pipeline_tag": "text-classification", "tags": ["transformers", "pytorch", "electra", "text-classification", "license:apache-2.0", "autotrain_compatible", "endpoints_compatible", "region:us"], "downloads": 3, "library_name": "transformers", "mask_token": "[MASK]", "widgetData": [{"text": "I like you. I love you"}], "likes": 0, "model-index": null, "config": {"architectures": ["ElectraForSequenceClassification"], "model_type": "electra"}, "cardData": {"license": "apache-2.0"}, "transformersInfo": {"auto_model": "AutoModelForSequenceClassification", "pipeline_tag": "text-classification", "processor": "AutoTokenizer"}, "siblings": [{"rfilename": ".gitattributes"}, {"rfilename": "README.md"}, {"rfilename": "config.json"}, {"rfilename": "pytorch_model.bin"}, {"rfilename": "training_args.bin"}, {"rfilename": "vocab.txt"}], "spaces": [], "createdAt": "2024-06-18T04:36:52.000Z", "inferenceStatus": "not-loaded"}