{"_id": "6481b982722e358ebf870de3", "id": "P3ps/bert-finetuned-cross-ner-v3", "modelId": "P3ps/bert-finetuned-cross-ner-v3", "author": "P3ps", "sha": "1f65b90b75cc10591b33aeb4d9cc6e2c360227f4", "lastModified": "2023-06-08T12:40:43.000Z", "private": false, "disabled": false, "gated": false, "pipeline_tag": "token-classification", "tags": ["transformers", "pytorch", "tensorboard", "bert", "token-classification", "generated_from_trainer", "license:apache-2.0", "autotrain_compatible", "endpoints_compatible", "region:us"], "downloads": 1, "library_name": "transformers", "mask_token": "[MASK]", "widgetData": [{"text": "My name is Wolfgang and I live in Berlin"}, {"text": "My name is Sarah and I live in London"}, {"text": "My name is Clara and I live in Berkeley, California."}], "likes": 0, "model-index": [{"name": "bert-finetuned-cross-ner-v3", "results": []}], "config": {"architectures": ["BertForTokenClassification"], "model_type": "bert", "tokenizer_config": {"cls_token": "[CLS]", "mask_token": "[MASK]", "pad_token": "[PAD]", "sep_token": "[SEP]", "unk_token": "[UNK]"}}, "cardData": {"license": "apache-2.0", "tags": ["generated_from_trainer"], "metrics": ["precision", "recall", "f1", "accuracy"], "model-index": [{"name": "bert-finetuned-cross-ner-v3", "results": []}]}, "transformersInfo": {"auto_model": "AutoModelForTokenClassification", "pipeline_tag": "token-classification", "processor": "AutoTokenizer"}, "siblings": [{"rfilename": ".gitattributes"}, {"rfilename": ".gitignore"}, {"rfilename": "README.md"}, {"rfilename": "config.json"}, {"rfilename": "pytorch_model.bin"}, {"rfilename": "runs/Jun08_11-20-34_35f4177f2405/1686223238.7719738/events.out.tfevents.1686223238.35f4177f2405.176.5"}, {"rfilename": "runs/Jun08_11-20-34_35f4177f2405/events.out.tfevents.1686223238.35f4177f2405.176.4"}, {"rfilename": "runs/Jun08_11-31-45_35f4177f2405/1686223912.7636843/events.out.tfevents.1686223912.35f4177f2405.23220.1"}, {"rfilename": "runs/Jun08_11-31-45_35f4177f2405/events.out.tfevents.1686223912.35f4177f2405.23220.0"}, {"rfilename": "runs/Jun08_11-42-27_35f4177f2405/1686224551.7461133/events.out.tfevents.1686224551.35f4177f2405.25516.1"}, {"rfilename": "runs/Jun08_11-42-27_35f4177f2405/events.out.tfevents.1686224551.35f4177f2405.25516.0"}, {"rfilename": "runs/Jun08_11-44-33_35f4177f2405/1686224676.2003698/events.out.tfevents.1686224676.35f4177f2405.25516.3"}, {"rfilename": "runs/Jun08_11-44-33_35f4177f2405/events.out.tfevents.1686224676.35f4177f2405.25516.2"}, {"rfilename": "runs/Jun08_11-52-03_35f4177f2405/1686225128.0320587/events.out.tfevents.1686225128.35f4177f2405.28826.1"}, {"rfilename": "runs/Jun08_11-52-03_35f4177f2405/events.out.tfevents.1686225128.35f4177f2405.28826.0"}, {"rfilename": "special_tokens_map.json"}, {"rfilename": "tokenizer.json"}, {"rfilename": "tokenizer_config.json"}, {"rfilename": "training_args.bin"}, {"rfilename": "vocab.txt"}], "spaces": [], "createdAt": "2023-06-08T11:20:34.000Z", "inferenceStatus": "not-loaded"}