{"_id": "64db4698a34448aee66c7806", "id": "P3TP0/demo", "modelId": "P3TP0/demo", "author": "P3TP0", "sha": "882d76c2058f2b1e559c4ffe98a7438f1b7027ce", "lastModified": "2023-08-16T07:49:25.000Z", "private": false, "disabled": false, "gated": false, "tags": ["region:us"], "downloads": 0, "likes": 0, "siblings": [{"rfilename": ".gitattributes"}, {"rfilename": "demo.zip"}, {"rfilename": "demo2.zip"}, {"rfilename": "demo3.zip"}, {"rfilename": "demo4.zip"}], "spaces": [], "createdAt": "2023-08-15T09:34:16.000Z", "inferenceStatus": "not-loaded"}