{"_id": "639584cce99fd128245084ab", "id": "p4b/limiwhisper-small-ko-dia-gs", "modelId": "p4b/limiwhisper-small-ko-dia-gs", "author": "p4b", "sha": "2d49c2fb998505ab6bd72820329e72004e081cb8", "lastModified": "2022-12-12T02:08:53.000Z", "private": false, "disabled": false, "gated": false, "pipeline_tag": "automatic-speech-recognition", "tags": ["transformers", "pytorch", "tensorboard", "whisper", "automatic-speech-recognition", "whisper-event", "generated_from_trainer", "ko", "dataset:kr_dialect_speech", "license:apache-2.0", "model-index", "endpoints_compatible", "region:us"], "downloads": 1, "library_name": "transformers", "likes": 1, "model-index": [{"name": "Whisper Small Ko(Gyungsang dialect) - p4b", "results": [{"task": {"name": "Automatic Speech Recognition", "type": "automatic-speech-recognition"}, "dataset": {"name": "KR Dialect Speech - gyungsang", "type": "kr_dialect_speech", "config": "gyungsang", "split": "validation", "args": "gyungsang"}, "metrics": [{"name": "Wer", "type": "wer", "value": 15.930018416206263, "verified": false}]}]}], "config": {"architectures": ["WhisperForConditionalGeneration"], "model_type": "whisper", "tokenizer_config": {"bos_token": {"__type": "AddedToken", "content": "<|endoftext|>", "lstrip": false, "normalized": true, "rstrip": false, "single_word": false}, "eos_token": {"__type": "AddedToken", "content": "<|endoftext|>", "lstrip": false, "normalized": true, "rstrip": false, "single_word": false}, "pad_token": null, "unk_token": {"__type": "AddedToken", "content": "", "lstrip": false, "normalized": true, "rstrip": false, "single_word": false}}}, "cardData": {"language": ["ko"], "license": "apache-2.0", "tags": ["whisper-event", "generated_from_trainer"], "datasets": ["kr_dialect_speech"], "metrics": ["wer"], "model-index": [{"name": "Whisper Small Ko(Gyungsang dialect) - p4b", "results": [{"task": {"name": "Automatic Speech Recognition", "type": "automatic-speech-recognition"}, "dataset": {"name": "KR Dialect Speech - gyungsang", "type": "kr_dialect_speech", "config": "gyungsang", "split": "validation", "args": "gyungsang"}, "metrics": [{"name": "Wer", "type": "wer", "value": 15.930018416206263, "verified": false}]}]}]}, "transformersInfo": {"auto_model": "AutoModelForSpeechSeq2Seq", "pipeline_tag": "automatic-speech-recognition", "processor": "AutoProcessor"}, "siblings": [{"rfilename": ".gitattributes"}, {"rfilename": ".gitignore"}, {"rfilename": "README.md"}, {"rfilename": "added_tokens.json"}, {"rfilename": "config.json"}, {"rfilename": "merges.txt"}, {"rfilename": "normalizer.json"}, {"rfilename": "preprocessor_config.json"}, {"rfilename": "pytorch_model.bin"}, {"rfilename": "runs/Dec11_07-20-44_132-145-131-175/1670743258.8183744/events.out.tfevents.1670743258.132-145-131-175.398848.1"}, {"rfilename": "runs/Dec11_07-20-44_132-145-131-175/events.out.tfevents.1670743258.132-145-131-175.398848.0"}, {"rfilename": "runs/Dec11_15-11-38_132-145-131-175/1670771510.3371036/events.out.tfevents.1670771510.132-145-131-175.401419.1"}, {"rfilename": "runs/Dec11_15-11-38_132-145-131-175/events.out.tfevents.1670771510.132-145-131-175.401419.0"}, {"rfilename": "special_tokens_map.json"}, {"rfilename": "tokenizer_config.json"}, {"rfilename": "training_args.bin"}, {"rfilename": "vocab.json"}], "spaces": [], "createdAt": "2022-12-11T07:20:44.000Z", "inferenceStatus": "not-loaded"}