{"_id": "639f3c200d679f5394355904", "id": "p4b/whisper-large-v2-lv", "modelId": "p4b/whisper-large-v2-lv", "author": "p4b", "sha": "a55806b0b4227fd647efcbc53f7d93b1fdcdc512", "lastModified": "2022-12-19T07:11:53.000Z", "private": false, "disabled": false, "gated": false, "pipeline_tag": "automatic-speech-recognition", "tags": ["transformers", "pytorch", "tensorboard", "whisper", "automatic-speech-recognition", "whisper-event", "hf-asr-leaderboard", "generated_from_trainer", "lv", "dataset:mozilla-foundation/common_voice_11_0", "license:apache-2.0", "model-index", "endpoints_compatible", "region:us"], "downloads": 3, "library_name": "transformers", "likes": 1, "model-index": [{"name": "Whisper Large-v2 Latvian", "results": [{"task": {"name": "Automatic Speech Recognition", "type": "automatic-speech-recognition"}, "dataset": {"name": "mozilla-foundation/common_voice_11_0 lv", "type": "mozilla-foundation/common_voice_11_0", "config": "lv", "split": "test", "args": "lv"}, "metrics": [{"name": "Wer", "type": "wer", "value": 19.97153700189753, "verified": false}]}]}], "config": {"architectures": ["WhisperForConditionalGeneration"], "model_type": "whisper", "tokenizer_config": {"bos_token": {"__type": "AddedToken", "content": "<|endoftext|>", "lstrip": false, "normalized": true, "rstrip": false, "single_word": false}, "eos_token": {"__type": "AddedToken", "content": "<|endoftext|>", "lstrip": false, "normalized": true, "rstrip": false, "single_word": false}, "pad_token": null, "unk_token": {"__type": "AddedToken", "content": "", "lstrip": false, "normalized": true, "rstrip": false, "single_word": false}}}, "cardData": {"language": ["lv"], "license": "apache-2.0", "tags": ["whisper-event", "hf-asr-leaderboard", "generated_from_trainer"], "datasets": ["mozilla-foundation/common_voice_11_0"], "metrics": ["wer"], "model-index": [{"name": "Whisper Large-v2 Latvian", "results": [{"task": {"name": "Automatic Speech Recognition", "type": "automatic-speech-recognition"}, "dataset": {"name": "mozilla-foundation/common_voice_11_0 lv", "type": "mozilla-foundation/common_voice_11_0", "config": "lv", "split": "test", "args": "lv"}, "metrics": [{"name": "Wer", "type": "wer", "value": 19.97153700189753, "verified": false}]}]}]}, "transformersInfo": {"auto_model": "AutoModelForSpeechSeq2Seq", "pipeline_tag": "automatic-speech-recognition", "processor": "AutoProcessor"}, "siblings": [{"rfilename": ".gitattributes"}, {"rfilename": ".gitignore"}, {"rfilename": "README.md"}, {"rfilename": "added_tokens.json"}, {"rfilename": "all_results.json"}, {"rfilename": "config.json"}, {"rfilename": "ds_config.json"}, {"rfilename": "eval_results.json"}, {"rfilename": "merges.txt"}, {"rfilename": "normalizer.json"}, {"rfilename": "preprocessor_config.json"}, {"rfilename": "pytorch_model.bin"}, {"rfilename": "run.sh"}, {"rfilename": "run2.sh"}, {"rfilename": "run_speech_recognition_seq2seq_streaming.py"}, {"rfilename": "runs/Dec19_01-39-17_nipa2022-65403/1671381651.6028264/events.out.tfevents.1671381651.nipa2022-65403.15751.1"}, {"rfilename": "runs/Dec19_01-39-17_nipa2022-65403/events.out.tfevents.1671381651.nipa2022-65403.15751.0"}, {"rfilename": "runs/Dec19_02-39-54_nipa2022-65403/1671385270.6048236/events.out.tfevents.1671385270.nipa2022-65403.23021.1"}, {"rfilename": "runs/Dec19_02-39-54_nipa2022-65403/events.out.tfevents.1671385270.nipa2022-65403.23021.0"}, {"rfilename": "runs/Dec19_02-39-54_nipa2022-65403/events.out.tfevents.1671408912.nipa2022-65403.23021.2"}, {"rfilename": "runs/Dec19_09-23-32_nipa2022-65403/1671409649.396783/events.out.tfevents.1671409649.nipa2022-65403.20673.1"}, {"rfilename": "runs/Dec19_09-23-32_nipa2022-65403/events.out.tfevents.1671409649.nipa2022-65403.20673.0"}, {"rfilename": "runs/Dec19_09-48-52_nipa2022-65403/1671411014.4457693/events.out.tfevents.1671411014.nipa2022-65403.3427.1"}, {"rfilename": "runs/Dec19_09-48-52_nipa2022-65403/events.out.tfevents.1671411014.nipa2022-65403.3427.0"}, {"rfilename": "runs/Dec19_09-48-52_nipa2022-65403/events.out.tfevents.1671433867.nipa2022-65403.3427.2"}, {"rfilename": "special_tokens_map.json"}, {"rfilename": "tokenizer_config.json"}, {"rfilename": "train_results.json"}, {"rfilename": "trainer_state.json"}, {"rfilename": "training_args.bin"}, {"rfilename": "vocab.json"}], "spaces": [], "createdAt": "2022-12-18T16:13:20.000Z", "inferenceStatus": "not-loaded"}