{"_id": "6457bbe245536759276766ff", "id": "P829692/vietnamese_restaurent_model_1_version_2", "modelId": "P829692/vietnamese_restaurent_model_1_version_2", "author": "P829692", "sha": "0d42dd9253f85bbd40e9d07657de68f9af108916", "lastModified": "2023-05-07T14:55:30.000Z", "private": false, "disabled": false, "gated": false, "tags": ["region:us"], "downloads": 0, "likes": 0, "siblings": [{"rfilename": ".gitattributes"}], "spaces": [], "createdAt": "2023-05-07T14:55:30.000Z", "inferenceStatus": "not-loaded"}