{"_id": "640d8ddca0542c9b89665d75", "id": "P829692/vietnamese_feedback_model_2_1.0", "modelId": "P829692/vietnamese_feedback_model_2_1.0", "author": "P829692", "sha": "d88aa89beaea9c8ce6dab25d731eae9ac95511ed", "lastModified": "2023-03-12T10:36:44.000Z", "private": false, "disabled": false, "gated": false, "pipeline_tag": "text-classification", "tags": ["transformers", "pytorch", "tensorboard", "bert", "text-classification", "generated_from_trainer", "license:apache-2.0", "autotrain_compatible", "endpoints_compatible", "region:us"], "downloads": 4, "library_name": "transformers", "mask_token": "[MASK]", "widgetData": [{"text": "I like you. I love you"}], "likes": 0, "model-index": [{"name": "vietnamese_feedback_model_2_1.0", "results": []}], "config": {"architectures": ["BertForSequenceClassification"], "model_type": "bert", "tokenizer_config": {"cls_token": "[CLS]", "mask_token": "[MASK]", "pad_token": "[PAD]", "sep_token": "[SEP]", "unk_token": "[UNK]"}}, "cardData": {"license": "apache-2.0", "tags": ["generated_from_trainer"], "metrics": ["accuracy"], "model-index": [{"name": "vietnamese_feedback_model_2_1.0", "results": []}]}, "transformersInfo": {"auto_model": "AutoModelForSequenceClassification", "pipeline_tag": "text-classification", "processor": "AutoTokenizer"}, "siblings": [{"rfilename": ".gitattributes"}, {"rfilename": ".gitignore"}, {"rfilename": "README.md"}, {"rfilename": "config.json"}, {"rfilename": "pytorch_model.bin"}, {"rfilename": "runs/Mar12_10-06-54_dbfbce0b8d57/1678615780.7141912/events.out.tfevents.1678615780.dbfbce0b8d57.687.1"}, {"rfilename": "runs/Mar12_10-06-54_dbfbce0b8d57/events.out.tfevents.1678615780.dbfbce0b8d57.687.0"}, {"rfilename": "special_tokens_map.json"}, {"rfilename": "tokenizer.json"}, {"rfilename": "tokenizer_config.json"}, {"rfilename": "training_args.bin"}, {"rfilename": "vocab.txt"}], "spaces": [], "createdAt": "2023-03-12T08:31:24.000Z", "inferenceStatus": "not-loaded"}