{"_id": "6400c62c73389fb47fb3b45f", "id": "p988998/poi", "modelId": "p988998/poi", "author": "p988998", "sha": "0ab99252211ea34ddc1383306943f6a255f2fa48", "lastModified": "2023-03-02T15:52:12.000Z", "private": false, "disabled": false, "gated": false, "tags": ["license:apache-2.0", "region:us"], "downloads": 0, "likes": 0, "model-index": null, "cardData": {"license": "apache-2.0"}, "siblings": [{"rfilename": ".gitattributes"}, {"rfilename": "README.md"}], "spaces": [], "createdAt": "2023-03-02T15:52:12.000Z", "inferenceStatus": "not-loaded"}