{"_id": "63a310761a19cbf69e7be6d2", "id": "paarthmadan/paarth_pratik", "modelId": "paarthmadan/paarth_pratik", "author": "paarthmadan", "sha": "34daaf6a1696d6adbf7f06b624acecda5ac65430", "lastModified": "2022-12-21T14:46:06.000Z", "private": false, "disabled": false, "gated": false, "pipeline_tag": "text-to-image", "tags": ["diffusers", "license:mit", "autotrain_compatible", "endpoints_compatible", "diffusers:StableDiffusionPipeline", "region:us"], "downloads": 20, "library_name": "diffusers", "likes": 0, "model-index": null, "config": {"diffusers": {"_class_name": "StableDiffusionPipeline"}}, "cardData": {"license": "mit"}, "siblings": [{"rfilename": ".gitattributes"}, {"rfilename": "README.md"}, {"rfilename": "args.json"}, {"rfilename": "diffusion_pytorch_model-003.bin"}, {"rfilename": "model.ckpt"}, {"rfilename": "model_index.json"}, {"rfilename": "safety_checker/config.json"}, {"rfilename": "safety_checker/pytorch_model.bin"}, {"rfilename": "samples/0.png"}, {"rfilename": "samples/1.png"}, {"rfilename": "samples/2.png"}, {"rfilename": "samples/3.png"}, {"rfilename": "scheduler/scheduler_config.json"}, {"rfilename": "text_encoder/config.json"}, {"rfilename": "text_encoder/pytorch_model.bin"}, {"rfilename": "tokenizer/merges.txt"}, {"rfilename": "tokenizer/special_tokens_map.json"}, {"rfilename": "tokenizer/tokenizer_config.json"}, {"rfilename": "tokenizer/vocab.json"}, {"rfilename": "unet/config.json"}, {"rfilename": "unet/diffusion_pytorch_model.bin"}, {"rfilename": "vae/config.json"}, {"rfilename": "vae/diffusion_pytorch_model.bin"}], "spaces": [], "createdAt": "2022-12-21T13:56:06.000Z", "inferenceStatus": "not-loaded"}