{"_id": "666ae3f6f3932ecb920afdf3", "id": "Paarthd/trustai", "modelId": "Paarthd/trustai", "author": "Paarthd", "sha": "b036b6ba952a1313df850892fb26bef0ebb64179", "lastModified": "2024-06-13T12:20:06.000Z", "private": false, "disabled": false, "gated": false, "tags": ["license:mit", "region:us"], "downloads": 0, "likes": 0, "model-index": null, "cardData": {"license": "mit"}, "siblings": [{"rfilename": ".gitattributes"}, {"rfilename": "README.md"}], "spaces": [], "createdAt": "2024-06-13T12:20:06.000Z", "inferenceStatus": "not-loaded"}