{"_id": "63e4db3aa26ec2301f0ea008", "id": "paartha/distilbert-base-uncased-finetuned-squad1", "modelId": "paartha/distilbert-base-uncased-finetuned-squad1", "author": "paartha", "sha": "e590385d73659cd92ee4f30072ec10800ba53faa", "lastModified": "2023-02-09T11:38:34.000Z", "private": false, "disabled": false, "gated": false, "tags": ["region:us"], "downloads": 0, "likes": 0, "siblings": [{"rfilename": ".gitattributes"}], "spaces": [], "createdAt": "2023-02-09T11:38:34.000Z", "inferenceStatus": "not-loaded"}