{"_id": "6431d7ff9da0169925131e7b", "id": "paascorb/image-detection-efficientdet", "modelId": "paascorb/image-detection-efficientdet", "author": "paascorb", "sha": "de42248bdf045c6a3a416d0f2081e76f8ce8b696", "lastModified": "2023-04-08T21:29:26.000Z", "private": false, "disabled": false, "gated": false, "tags": ["region:us"], "downloads": 0, "likes": 0, "siblings": [{"rfilename": ".gitattributes"}, {"rfilename": "efficientdetMapaches.pth"}], "spaces": [], "createdAt": "2023-04-08T21:09:19.000Z", "inferenceStatus": "not-loaded"}