{"_id": "63f151753d39ac510804e440", "id": "paascorb/practica1_DL", "modelId": "paascorb/practica1_DL", "author": "paascorb", "sha": "d13b1d75e4f630e829d572d7b18e8831bb12ff7b", "lastModified": "2023-02-18T22:30:15.000Z", "private": false, "disabled": false, "gated": false, "tags": ["fastai", "region:us"], "downloads": 0, "library_name": "fastai", "likes": 0, "model-index": null, "cardData": {"tags": ["fastai"]}, "siblings": [{"rfilename": ".gitattributes"}, {"rfilename": "README.md"}, {"rfilename": "model.pkl"}, {"rfilename": "pyproject.toml"}], "spaces": ["paascorb/Practica1"], "createdAt": "2023-02-18T22:30:13.000Z", "inferenceStatus": "not-loaded"}