{"_id": "6432ab185c65189fe4ef22e1", "id": "paascorb/practica3_Segmentation", "modelId": "paascorb/practica3_Segmentation", "author": "paascorb", "sha": "a841232f9ff057951b269b56c089a231d0dbb355", "lastModified": "2023-04-09T21:52:36.000Z", "private": false, "disabled": false, "gated": false, "tags": ["fastai", "region:us"], "downloads": 0, "library_name": "fastai", "likes": 0, "model-index": null, "cardData": {"tags": ["fastai"]}, "siblings": [{"rfilename": ".gitattributes"}, {"rfilename": "README.md"}, {"rfilename": "model.pkl"}, {"rfilename": "pyproject.toml"}], "spaces": [], "createdAt": "2023-04-09T12:10:00.000Z", "inferenceStatus": "not-loaded"}