{"_id": "643ff08c2113f7dfcb4d398c", "id": "paascorb/practica7modelo", "modelId": "paascorb/practica7modelo", "author": "paascorb", "sha": "55cef1a28bed2090ba07d712feb991bb2186bdf5", "lastModified": "2023-04-19T13:46:23.000Z", "private": false, "disabled": false, "gated": false, "tags": ["fastai", "region:us"], "downloads": 0, "library_name": "fastai", "likes": 0, "model-index": null, "cardData": {"tags": ["fastai"]}, "siblings": [{"rfilename": ".gitattributes"}, {"rfilename": "README.md"}, {"rfilename": "model.pkl"}, {"rfilename": "pyproject.toml"}], "spaces": ["paascorb/Practica7"], "createdAt": "2023-04-19T13:45:48.000Z", "inferenceStatus": "not-loaded"}