{"_id": "657f1183156fdf0301ea5317", "id": "paateus/Eunha_GFRIEND", "modelId": "paateus/Eunha_GFRIEND", "author": "paateus", "sha": "99d5ae2039684d7166e9c7609a3643d8d8f0fb6c", "lastModified": "2023-12-17T15:26:03.000Z", "private": false, "disabled": false, "gated": false, "tags": ["license:apache-2.0", "region:us"], "downloads": 0, "likes": 1, "model-index": null, "cardData": {"license": "apache-2.0"}, "siblings": [{"rfilename": ".gitattributes"}, {"rfilename": "Eunha (GFRIEND).zip"}, {"rfilename": "README.md"}], "spaces": [], "createdAt": "2023-12-17T15:19:31.000Z", "inferenceStatus": "not-loaded"}