{"_id": "656752e45025f8e01b015b95", "id": "paateus/demilovato", "modelId": "paateus/demilovato", "author": "paateus", "sha": "4ea828d423c850f0d0768d3cd4954ee9b6857a83", "lastModified": "2023-11-29T15:09:05.000Z", "private": false, "disabled": false, "gated": false, "tags": ["license:openrail", "region:us"], "downloads": 0, "likes": 0, "model-index": null, "cardData": {"license": "openrail"}, "siblings": [{"rfilename": ".gitattributes"}, {"rfilename": "DemiLovato800Epochs.zip"}, {"rfilename": "README.md"}], "spaces": [], "createdAt": "2023-11-29T15:04:04.000Z", "inferenceStatus": "not-loaded"}