{"_id": "656a04be2f7ea4b5ac420fa9", "id": "paateus/EMZ_brawl_stars_RVC", "modelId": "paateus/EMZ_brawl_stars_RVC", "author": "paateus", "sha": "4e2ef73a38e7ace53a6dfa0ffbb6ba2a5d363610", "lastModified": "2023-12-01T16:09:31.000Z", "private": false, "disabled": false, "gated": false, "tags": ["license:apache-2.0", "region:us"], "downloads": 0, "likes": 0, "model-index": null, "cardData": {"license": "apache-2.0"}, "siblings": [{"rfilename": ".gitattributes"}, {"rfilename": "EMZ.zip"}, {"rfilename": "README.md"}], "spaces": [], "createdAt": "2023-12-01T16:07:26.000Z", "inferenceStatus": "not-loaded"}