{"_id": "65aec4a31edab235a1b51a38", "id": "paateus/brawl_stars", "modelId": "paateus/brawl_stars", "author": "paateus", "sha": "ae3efab3648621684116c138e64418a42bcc295a", "lastModified": "2024-01-22T19:42:02.000Z", "private": false, "disabled": false, "gated": false, "tags": ["license:osl-3.0", "region:us"], "downloads": 0, "likes": 0, "model-index": null, "cardData": {"license": "osl-3.0"}, "siblings": [{"rfilename": ".gitattributes"}, {"rfilename": "EMZ.zip"}, {"rfilename": "README.md"}], "spaces": [], "createdAt": "2024-01-22T19:40:19.000Z", "inferenceStatus": "not-loaded"}