{"_id": "65767805e09de6aa74677713", "id": "paateus/modelos_RVC_BR", "modelId": "paateus/modelos_RVC_BR", "author": "paateus", "sha": "eeac6314bd48cea95ef61ba6a4c559c4a3c10bdb", "lastModified": "2023-12-14T03:42:20.000Z", "private": false, "disabled": false, "gated": false, "tags": ["license:apache-2.0", "region:us"], "downloads": 0, "likes": 0, "model-index": null, "cardData": {"license": "apache-2.0"}, "siblings": [{"rfilename": ".gitattributes"}, {"rfilename": "Ang\u00e9lica - 500 Epochs.zip"}, {"rfilename": "Eunha v1.zip"}, {"rfilename": "Eunha.zip"}, {"rfilename": "README.md"}], "spaces": [], "createdAt": "2023-12-11T02:46:29.000Z", "inferenceStatus": "not-loaded"}