{"_id": "6686a61cb9a71fa518cac1e3", "id": "pab-gmail/ikea_room_designs_sd1.5_pytorch_full_finetuning_040720241339", "modelId": "pab-gmail/ikea_room_designs_sd1.5_pytorch_full_finetuning_040720241339", "author": "pab-gmail", "sha": "311e590c3487e01321a9a5570bc3c29d3d5769f5", "lastModified": "2024-07-04T13:39:40.000Z", "private": false, "disabled": false, "gated": false, "tags": ["region:us"], "downloads": 0, "likes": 0, "siblings": [{"rfilename": ".gitattributes"}], "spaces": [], "createdAt": "2024-07-04T13:39:40.000Z", "inferenceStatus": "not-loaded"}