{"_id": "6606a574eea08fc296733de6", "id": "pab-gmail/dialogue_Summary_peft", "modelId": "pab-gmail/dialogue_Summary_peft", "author": "pab-gmail", "sha": "8f527783acc2fad4f722a225c916657e1b9cb1b7", "lastModified": "2024-03-29T11:26:48.000Z", "private": false, "disabled": false, "gated": false, "tags": ["transformers", "safetensors", "arxiv:1910.09700", "endpoints_compatible", "region:us"], "downloads": 0, "library_name": "transformers", "likes": 0, "model-index": null, "cardData": {"library_name": "transformers", "tags": []}, "transformersInfo": {"auto_model": "AutoModel"}, "siblings": [{"rfilename": ".gitattributes"}, {"rfilename": "README.md"}, {"rfilename": "adapter_config.json"}, {"rfilename": "adapter_model.safetensors"}], "spaces": [], "createdAt": "2024-03-29T11:26:44.000Z", "inferenceStatus": "not-loaded"}