{"_id": "646a4b1f3721aab2edf5b782", "id": "pabagcha/roberta_crypto_profiling_task1_deberta", "modelId": "pabagcha/roberta_crypto_profiling_task1_deberta", "author": "pabagcha", "sha": "971969de189bdbced00a87c0ff5f810bb1f3a618", "lastModified": "2023-05-21T17:13:32.000Z", "private": false, "disabled": false, "gated": false, "pipeline_tag": "text-classification", "tags": ["transformers", "pytorch", "tensorboard", "deberta-v2", "text-classification", "generated_from_trainer", "license:mit", "autotrain_compatible", "endpoints_compatible", "region:us"], "downloads": 2, "library_name": "transformers", "mask_token": "[MASK]", "widgetData": [{"text": "I like you. I love you"}], "likes": 0, "model-index": [{"name": "roberta_crypto_profiling_task1_deberta", "results": []}], "config": {"architectures": ["DebertaV2ForSequenceClassification"], "model_type": "deberta-v2", "tokenizer_config": {"bos_token": "[CLS]", "cls_token": "[CLS]", "eos_token": "[SEP]", "mask_token": "[MASK]", "pad_token": "[PAD]", "sep_token": "[SEP]", "unk_token": "[UNK]"}}, "cardData": {"license": "mit", "tags": ["generated_from_trainer"], "metrics": ["accuracy", "f1"], "model-index": [{"name": "roberta_crypto_profiling_task1_deberta", "results": []}]}, "transformersInfo": {"auto_model": "AutoModelForSequenceClassification", "pipeline_tag": "text-classification", "processor": "AutoTokenizer"}, "siblings": [{"rfilename": ".gitattributes"}, {"rfilename": ".gitignore"}, {"rfilename": "README.md"}, {"rfilename": "added_tokens.json"}, {"rfilename": "config.json"}, {"rfilename": "pytorch_model.bin"}, {"rfilename": "runs/May21_16-47-19_f98f53991e57/1684687651.8624218/events.out.tfevents.1684687651.f98f53991e57.2571.1"}, {"rfilename": "runs/May21_16-47-19_f98f53991e57/events.out.tfevents.1684687651.f98f53991e57.2571.0"}, {"rfilename": "runs/May21_16-55-17_f98f53991e57/1684688120.1243505/events.out.tfevents.1684688120.f98f53991e57.2571.3"}, {"rfilename": "runs/May21_16-55-17_f98f53991e57/events.out.tfevents.1684688120.f98f53991e57.2571.2"}, {"rfilename": "runs/May21_16-55-17_f98f53991e57/events.out.tfevents.1684689015.f98f53991e57.2571.4"}, {"rfilename": "special_tokens_map.json"}, {"rfilename": "spm.model"}, {"rfilename": "tokenizer.json"}, {"rfilename": "tokenizer_config.json"}, {"rfilename": "training_args.bin"}], "spaces": [], "createdAt": "2023-05-21T16:47:27.000Z", "inferenceStatus": "not-loaded"}