{"_id": "6467c120e92e2372d5d368af", "id": "pabagcha/roberta_crypto_profiling_task1_complete", "modelId": "pabagcha/roberta_crypto_profiling_task1_complete", "author": "pabagcha", "sha": "56f9b50eeb66ffb21a5b100a051d68ac6d775209", "lastModified": "2023-05-21T15:52:10.000Z", "private": false, "disabled": false, "gated": false, "pipeline_tag": "text-classification", "tags": ["transformers", "pytorch", "tensorboard", "roberta", "text-classification", "generated_from_trainer", "license:mit", "autotrain_compatible", "endpoints_compatible", "region:us"], "downloads": 4, "library_name": "transformers", "mask_token": "<mask>", "widgetData": [{"text": "I like you. I love you"}], "likes": 1, "model-index": [{"name": "roberta_crypto_profiling_task1_complete", "results": []}], "config": {"architectures": ["RobertaForSequenceClassification"], "model_type": "roberta", "tokenizer_config": {"bos_token": "<s>", "cls_token": "<s>", "eos_token": "</s>", "mask_token": "<mask>", "pad_token": "<pad>", "sep_token": "</s>", "unk_token": "<unk>"}}, "cardData": {"license": "mit", "tags": ["generated_from_trainer"], "metrics": ["accuracy", "f1"], "model-index": [{"name": "roberta_crypto_profiling_task1_complete", "results": []}]}, "transformersInfo": {"auto_model": "AutoModelForSequenceClassification", "pipeline_tag": "text-classification", "processor": "AutoTokenizer"}, "siblings": [{"rfilename": ".gitattributes"}, {"rfilename": ".gitignore"}, {"rfilename": "README.md"}, {"rfilename": "config.json"}, {"rfilename": "merges.txt"}, {"rfilename": "pytorch_model.bin"}, {"rfilename": "runs/May19_18-34-07_b3d8af137ecf/1684521253.6971953/events.out.tfevents.1684521253.b3d8af137ecf.945.1"}, {"rfilename": "runs/May19_18-34-07_b3d8af137ecf/events.out.tfevents.1684521253.b3d8af137ecf.945.0"}, {"rfilename": "runs/May19_18-34-07_b3d8af137ecf/events.out.tfevents.1684523147.b3d8af137ecf.945.2"}, {"rfilename": "runs/May21_15-14-26_b9b3998f49fc/1684682390.4082305/events.out.tfevents.1684682390.b9b3998f49fc.1008.1"}, {"rfilename": "runs/May21_15-14-26_b9b3998f49fc/events.out.tfevents.1684682390.b9b3998f49fc.1008.0"}, {"rfilename": "runs/May21_15-14-26_b9b3998f49fc/events.out.tfevents.1684684168.b9b3998f49fc.1008.2"}, {"rfilename": "special_tokens_map.json"}, {"rfilename": "tokenizer.json"}, {"rfilename": "tokenizer_config.json"}, {"rfilename": "training_args.bin"}, {"rfilename": "vocab.json"}], "spaces": [], "createdAt": "2023-05-19T18:34:08.000Z", "inferenceStatus": "not-loaded"}