{"_id": "6446a962c50af85000144411", "id": "pabagcha/finetuning-sentiment-model-2", "modelId": "pabagcha/finetuning-sentiment-model-2", "author": "pabagcha", "sha": "fbd1a0fc08bf526359e514c79dcfa3742709969f", "lastModified": "2023-04-24T16:38:20.000Z", "private": false, "disabled": false, "gated": false, "pipeline_tag": "text-classification", "tags": ["transformers", "pytorch", "tensorboard", "roberta", "text-classification", "generated_from_trainer", "license:apache-2.0", "autotrain_compatible", "endpoints_compatible", "region:us"], "downloads": 3, "library_name": "transformers", "mask_token": "<mask>", "widgetData": [{"text": "I like you. I love you"}], "likes": 0, "model-index": [{"name": "finetuning-sentiment-model-2", "results": []}], "config": {"architectures": ["RobertaForSequenceClassification"], "model_type": "roberta", "tokenizer_config": {"bos_token": {"__type": "AddedToken", "content": "<s>", "lstrip": false, "normalized": true, "rstrip": false, "single_word": false}, "cls_token": {"__type": "AddedToken", "content": "<s>", "lstrip": false, "normalized": true, "rstrip": false, "single_word": false}, "eos_token": {"__type": "AddedToken", "content": "</s>", "lstrip": false, "normalized": true, "rstrip": false, "single_word": false}, "mask_token": {"__type": "AddedToken", "content": "<mask>", "lstrip": true, "normalized": true, "rstrip": false, "single_word": false}, "pad_token": {"__type": "AddedToken", "content": "<pad>", "lstrip": false, "normalized": true, "rstrip": false, "single_word": false}, "sep_token": {"__type": "AddedToken", "content": "</s>", "lstrip": false, "normalized": true, "rstrip": false, "single_word": false}, "unk_token": {"__type": "AddedToken", "content": "<unk>", "lstrip": false, "normalized": true, "rstrip": false, "single_word": false}}}, "cardData": {"license": "apache-2.0", "tags": ["generated_from_trainer"], "metrics": ["accuracy", "f1"], "model-index": [{"name": "finetuning-sentiment-model-2", "results": []}]}, "transformersInfo": {"auto_model": "AutoModelForSequenceClassification", "pipeline_tag": "text-classification", "processor": "AutoTokenizer"}, "siblings": [{"rfilename": ".gitattributes"}, {"rfilename": ".gitignore"}, {"rfilename": "README.md"}, {"rfilename": "config.json"}, {"rfilename": "merges.txt"}, {"rfilename": "pytorch_model.bin"}, {"rfilename": "runs/Apr24_16-22-34_a4c9e64245c7/1682353360.3734503/events.out.tfevents.1682353360.a4c9e64245c7.847.1"}, {"rfilename": "runs/Apr24_16-22-34_a4c9e64245c7/events.out.tfevents.1682353360.a4c9e64245c7.847.0"}, {"rfilename": "runs/Apr24_16-28-22_a4c9e64245c7/1682353718.7283533/events.out.tfevents.1682353718.a4c9e64245c7.3642.1"}, {"rfilename": "runs/Apr24_16-28-22_a4c9e64245c7/events.out.tfevents.1682353718.a4c9e64245c7.3642.0"}, {"rfilename": "runs/Apr24_16-28-22_a4c9e64245c7/events.out.tfevents.1682354141.a4c9e64245c7.3642.2"}, {"rfilename": "special_tokens_map.json"}, {"rfilename": "tokenizer.json"}, {"rfilename": "tokenizer_config.json"}, {"rfilename": "training_args.bin"}, {"rfilename": "vocab.json"}], "spaces": [], "createdAt": "2023-04-24T16:08:02.000Z", "inferenceStatus": "not-loaded"}