{"_id": "6465158d86e668ad22e53041", "id": "pabagcha/alc_beto", "modelId": "pabagcha/alc_beto", "author": "pabagcha", "sha": "abd9997075c2c7de17b9ac0b56282c7b7181b543", "lastModified": "2023-05-19T17:15:18.000Z", "private": false, "disabled": false, "gated": false, "pipeline_tag": "text-classification", "tags": ["transformers", "pytorch", "tensorboard", "bert", "text-classification", "autotrain_compatible", "endpoints_compatible", "region:us"], "downloads": 2, "library_name": "transformers", "mask_token": "[MASK]", "widgetData": [{"text": "I like you. I love you"}], "likes": 0, "config": {"architectures": ["BertForSequenceClassification"], "model_type": "bert", "tokenizer_config": {"cls_token": "[CLS]", "mask_token": "[MASK]", "pad_token": "[PAD]", "sep_token": "[SEP]", "unk_token": "[UNK]"}}, "transformersInfo": {"auto_model": "AutoModelForSequenceClassification", "pipeline_tag": "text-classification", "processor": "AutoTokenizer"}, "siblings": [{"rfilename": ".gitattributes"}, {"rfilename": ".gitignore"}, {"rfilename": "config.json"}, {"rfilename": "pytorch_model.bin"}, {"rfilename": "runs/May17_18-07-44_e1275d4295f8/1684346876.7168295/events.out.tfevents.1684346876.e1275d4295f8.241.1"}, {"rfilename": "runs/May17_18-07-44_e1275d4295f8/events.out.tfevents.1684346876.e1275d4295f8.241.0"}, {"rfilename": "runs/May19_17-08-17_c2a93bba7a0a/1684516214.060568/events.out.tfevents.1684516214.c2a93bba7a0a.1302.4"}, {"rfilename": "runs/May19_17-08-17_c2a93bba7a0a/events.out.tfevents.1684516214.c2a93bba7a0a.1302.3"}, {"rfilename": "special_tokens_map.json"}, {"rfilename": "tokenizer.json"}, {"rfilename": "tokenizer_config.json"}, {"rfilename": "training_args.bin"}, {"rfilename": "vocab.txt"}], "spaces": [], "createdAt": "2023-05-17T17:57:33.000Z", "inferenceStatus": "not-loaded"}