{"_id": "63e92e2e902268f7b194346d", "id": "pabagcha/rah_toki_pona", "modelId": "pabagcha/rah_toki_pona", "author": "pabagcha", "sha": "5ad4cdfd7321c2069306cff8d34e6713373de15a", "lastModified": "2023-02-13T22:12:44.000Z", "private": false, "disabled": false, "gated": false, "pipeline_tag": "automatic-speech-recognition", "tags": ["transformers", "pytorch", "tensorboard", "wav2vec2", "automatic-speech-recognition", "generated_from_trainer", "dataset:common_voice_11_0", "model-index", "endpoints_compatible", "region:us"], "downloads": 1, "library_name": "transformers", "likes": 0, "model-index": [{"name": "rah_toki_pona", "results": [{"task": {"name": "Automatic Speech Recognition", "type": "automatic-speech-recognition"}, "dataset": {"name": "common_voice_11_0", "type": "common_voice_11_0", "config": "tok", "split": "test", "args": "tok"}, "metrics": [{"name": "Wer", "type": "wer", "value": 0.06399569776821726, "verified": false}]}]}], "config": {"architectures": ["Wav2Vec2ForCTC"], "model_type": "wav2vec2", "tokenizer_config": {"bos_token": "<s>", "eos_token": "</s>", "pad_token": "[PAD]", "unk_token": "[UNK]"}}, "cardData": {"tags": ["generated_from_trainer"], "datasets": ["common_voice_11_0"], "metrics": ["wer"], "model-index": [{"name": "rah_toki_pona", "results": [{"task": {"name": "Automatic Speech Recognition", "type": "automatic-speech-recognition"}, "dataset": {"name": "common_voice_11_0", "type": "common_voice_11_0", "config": "tok", "split": "test", "args": "tok"}, "metrics": [{"name": "Wer", "type": "wer", "value": 0.06399569776821726, "verified": false}]}]}]}, "transformersInfo": {"auto_model": "AutoModelForCTC", "pipeline_tag": "automatic-speech-recognition", "processor": "AutoProcessor"}, "siblings": [{"rfilename": ".gitattributes"}, {"rfilename": ".gitignore"}, {"rfilename": "README.md"}, {"rfilename": "added_tokens.json"}, {"rfilename": "config.json"}, {"rfilename": "preprocessor_config.json"}, {"rfilename": "pytorch_model.bin"}, {"rfilename": "runs/Feb12_18-33-38_9d3fe2407697/1676227188.363785/events.out.tfevents.1676227188.9d3fe2407697.472.1"}, {"rfilename": "runs/Feb12_18-33-38_9d3fe2407697/events.out.tfevents.1676227188.9d3fe2407697.472.0"}, {"rfilename": "runs/Feb12_18-42-02_9d3fe2407697/1676227420.0385823/events.out.tfevents.1676227420.9d3fe2407697.472.3"}, {"rfilename": "runs/Feb12_18-42-02_9d3fe2407697/events.out.tfevents.1676227420.9d3fe2407697.472.2"}, {"rfilename": "special_tokens_map.json"}, {"rfilename": "tokenizer_config.json"}, {"rfilename": "training_args.bin"}, {"rfilename": "vocab.json"}], "spaces": [], "createdAt": "2023-02-12T18:21:34.000Z", "inferenceStatus": "not-loaded"}