{"_id": "646a52253721aab2edf61aac", "id": "pabagcha/roberta_crypto_profiling_task1_complete_deberta", "modelId": "pabagcha/roberta_crypto_profiling_task1_complete_deberta", "author": "pabagcha", "sha": "30d1c8d57cee28f0cb896bd15599496edafa1c94", "lastModified": "2023-05-21T17:47:32.000Z", "private": false, "disabled": false, "gated": false, "pipeline_tag": "text-classification", "tags": ["transformers", "pytorch", "tensorboard", "deberta-v2", "text-classification", "autotrain_compatible", "endpoints_compatible", "region:us"], "downloads": 2, "library_name": "transformers", "mask_token": "[MASK]", "widgetData": [{"text": "I like you. I love you"}], "likes": 0, "config": {"architectures": ["DebertaV2ForSequenceClassification"], "model_type": "deberta-v2", "tokenizer_config": {"bos_token": "[CLS]", "cls_token": "[CLS]", "eos_token": "[SEP]", "mask_token": "[MASK]", "pad_token": "[PAD]", "sep_token": "[SEP]", "unk_token": "[UNK]"}}, "transformersInfo": {"auto_model": "AutoModelForSequenceClassification", "pipeline_tag": "text-classification", "processor": "AutoTokenizer"}, "siblings": [{"rfilename": ".gitattributes"}, {"rfilename": ".gitignore"}, {"rfilename": "added_tokens.json"}, {"rfilename": "config.json"}, {"rfilename": "pytorch_model.bin"}, {"rfilename": "runs/May21_17-17-18_b57802a1c48b/1684689450.3231504/events.out.tfevents.1684689450.b57802a1c48b.315.1"}, {"rfilename": "runs/May21_17-17-18_b57802a1c48b/events.out.tfevents.1684689450.b57802a1c48b.315.0"}, {"rfilename": "runs/May21_17-18-11_b57802a1c48b/1684689494.7209868/events.out.tfevents.1684689494.b57802a1c48b.315.3"}, {"rfilename": "runs/May21_17-18-11_b57802a1c48b/events.out.tfevents.1684689494.b57802a1c48b.315.2"}, {"rfilename": "runs/May21_17-30-54_595030f8ac51/1684690650.6191423/events.out.tfevents.1684690650.595030f8ac51.246.1"}, {"rfilename": "runs/May21_17-30-54_595030f8ac51/events.out.tfevents.1684690650.595030f8ac51.246.0"}, {"rfilename": "special_tokens_map.json"}, {"rfilename": "spm.model"}, {"rfilename": "tokenizer.json"}, {"rfilename": "tokenizer_config.json"}, {"rfilename": "training_args.bin"}], "spaces": [], "createdAt": "2023-05-21T17:17:25.000Z", "inferenceStatus": "not-loaded"}