{"_id": "6446b30e9cb2a8f4a4ef9c97", "id": "pabagcha/finetuning-sentiment-model-3", "modelId": "pabagcha/finetuning-sentiment-model-3", "author": "pabagcha", "sha": "05be1e40e2c717981baa1e2be5d537d8860f60d1", "lastModified": "2023-04-24T16:57:49.000Z", "private": false, "disabled": false, "gated": false, "pipeline_tag": "text-classification", "tags": ["transformers", "pytorch", "tensorboard", "bert", "text-classification", "generated_from_trainer", "autotrain_compatible", "endpoints_compatible", "region:us"], "downloads": 3, "library_name": "transformers", "mask_token": "[MASK]", "widgetData": [{"text": "I like you. I love you"}], "likes": 0, "model-index": [{"name": "finetuning-sentiment-model-3", "results": []}], "config": {"architectures": ["BertForSequenceClassification"], "model_type": "bert", "tokenizer_config": {"cls_token": "[CLS]", "mask_token": "[MASK]", "pad_token": "[PAD]", "sep_token": "[SEP]", "unk_token": "[UNK]"}}, "cardData": {"tags": ["generated_from_trainer"], "metrics": ["accuracy", "f1"], "model-index": [{"name": "finetuning-sentiment-model-3", "results": []}]}, "transformersInfo": {"auto_model": "AutoModelForSequenceClassification", "pipeline_tag": "text-classification", "processor": "AutoTokenizer"}, "siblings": [{"rfilename": ".gitattributes"}, {"rfilename": ".gitignore"}, {"rfilename": "README.md"}, {"rfilename": "config.json"}, {"rfilename": "pytorch_model.bin"}, {"rfilename": "runs/Apr24_16-49-17_8b4b78702fa9/1682354963.7345092/events.out.tfevents.1682354963.8b4b78702fa9.2630.1"}, {"rfilename": "runs/Apr24_16-49-17_8b4b78702fa9/events.out.tfevents.1682354963.8b4b78702fa9.2630.0"}, {"rfilename": "runs/Apr24_16-51-55_8b4b78702fa9/1682355129.9188054/events.out.tfevents.1682355129.8b4b78702fa9.4640.1"}, {"rfilename": "runs/Apr24_16-51-55_8b4b78702fa9/events.out.tfevents.1682355129.8b4b78702fa9.4640.0"}, {"rfilename": "runs/Apr24_16-51-55_8b4b78702fa9/events.out.tfevents.1682355413.8b4b78702fa9.4640.2"}, {"rfilename": "special_tokens_map.json"}, {"rfilename": "tokenizer.json"}, {"rfilename": "tokenizer_config.json"}, {"rfilename": "training_args.bin"}, {"rfilename": "vocab.txt"}], "spaces": [], "createdAt": "2023-04-24T16:49:18.000Z", "inferenceStatus": "not-loaded"}