{"_id": "646758b43a7c8dda23025d76", "id": "pabagcha/roberta_crypto_profiling_task1_3", "modelId": "pabagcha/roberta_crypto_profiling_task1_3", "author": "pabagcha", "sha": "94aa7acd909341ba0ec9afc479bb254c059bd8a7", "lastModified": "2023-05-19T11:27:29.000Z", "private": false, "disabled": false, "gated": false, "pipeline_tag": "text-classification", "tags": ["transformers", "pytorch", "tensorboard", "roberta", "text-classification", "generated_from_trainer", "license:mit", "autotrain_compatible", "endpoints_compatible", "region:us"], "downloads": 2, "library_name": "transformers", "mask_token": "<mask>", "widgetData": [{"text": "I like you. I love you"}], "likes": 0, "model-index": [{"name": "roberta_crypto_profiling_task1_3", "results": []}], "config": {"architectures": ["RobertaForSequenceClassification"], "model_type": "roberta", "tokenizer_config": {"bos_token": "<s>", "cls_token": "<s>", "eos_token": "</s>", "mask_token": "<mask>", "pad_token": "<pad>", "sep_token": "</s>", "unk_token": "<unk>"}}, "cardData": {"license": "mit", "tags": ["generated_from_trainer"], "metrics": ["accuracy", "f1"], "model-index": [{"name": "roberta_crypto_profiling_task1_3", "results": []}]}, "transformersInfo": {"auto_model": "AutoModelForSequenceClassification", "pipeline_tag": "text-classification", "processor": "AutoTokenizer"}, "siblings": [{"rfilename": ".gitattributes"}, {"rfilename": ".gitignore"}, {"rfilename": "README.md"}, {"rfilename": "config.json"}, {"rfilename": "merges.txt"}, {"rfilename": "pytorch_model.bin"}, {"rfilename": "runs/May19_11-08-26_0fa63f5d63c0/1684494522.0499809/events.out.tfevents.1684494522.0fa63f5d63c0.604.1"}, {"rfilename": "runs/May19_11-08-26_0fa63f5d63c0/events.out.tfevents.1684494522.0fa63f5d63c0.604.0"}, {"rfilename": "runs/May19_11-08-26_0fa63f5d63c0/events.out.tfevents.1684495492.0fa63f5d63c0.604.2"}, {"rfilename": "special_tokens_map.json"}, {"rfilename": "tokenizer.json"}, {"rfilename": "tokenizer_config.json"}, {"rfilename": "training_args.bin"}, {"rfilename": "vocab.json"}], "spaces": [], "createdAt": "2023-05-19T11:08:36.000Z", "inferenceStatus": "not-loaded"}