{"_id": "646a3f25f51b56a285bf8d2c", "id": "pabagcha/roberta_crypto_profiling_task1_3_10_epochs", "modelId": "pabagcha/roberta_crypto_profiling_task1_3_10_epochs", "author": "pabagcha", "sha": "43dc2a9d5d00ae7e1ad9d9bdcfe10187e6974062", "lastModified": "2023-05-21T16:30:47.000Z", "private": false, "disabled": false, "gated": false, "pipeline_tag": "text-classification", "tags": ["transformers", "pytorch", "tensorboard", "roberta", "text-classification", "autotrain_compatible", "endpoints_compatible", "region:us"], "downloads": 2, "library_name": "transformers", "mask_token": "<mask>", "widgetData": [{"text": "I like you. I love you"}], "likes": 0, "config": {"architectures": ["RobertaForSequenceClassification"], "model_type": "roberta", "tokenizer_config": {"bos_token": "<s>", "cls_token": "<s>", "eos_token": "</s>", "mask_token": "<mask>", "pad_token": "<pad>", "sep_token": "</s>", "unk_token": "<unk>"}}, "transformersInfo": {"auto_model": "AutoModelForSequenceClassification", "pipeline_tag": "text-classification", "processor": "AutoTokenizer"}, "siblings": [{"rfilename": ".gitattributes"}, {"rfilename": ".gitignore"}, {"rfilename": "config.json"}, {"rfilename": "merges.txt"}, {"rfilename": "pytorch_model.bin"}, {"rfilename": "runs/May21_15-56-12_904e4d902f20/1684684586.6150541/events.out.tfevents.1684684586.904e4d902f20.157.1"}, {"rfilename": "runs/May21_15-56-12_904e4d902f20/events.out.tfevents.1684684586.904e4d902f20.157.0"}, {"rfilename": "special_tokens_map.json"}, {"rfilename": "tokenizer.json"}, {"rfilename": "tokenizer_config.json"}, {"rfilename": "training_args.bin"}, {"rfilename": "vocab.json"}], "spaces": [], "createdAt": "2023-05-21T15:56:21.000Z", "inferenceStatus": "not-loaded"}