{"_id": "639a66633dd0884cddee9f7a", "id": "Pabbo/init-dummy-model", "modelId": "Pabbo/init-dummy-model", "author": "Pabbo", "sha": "6554f25f26ce697f648004ccae849d5b81e8ec15", "lastModified": "2022-12-15T00:14:31.000Z", "private": false, "disabled": false, "gated": false, "tags": ["license:gpl-3.0", "region:us"], "downloads": 0, "likes": 0, "model-index": null, "cardData": {"license": "gpl-3.0"}, "siblings": [{"rfilename": ".gitattributes"}, {"rfilename": "README.md"}, {"rfilename": "test.txt"}], "spaces": [], "createdAt": "2022-12-15T00:12:19.000Z", "inferenceStatus": "not-loaded"}