{"_id": "643acc629f4e4abaf8524c3e", "id": "pabchaceo/johnwic", "modelId": "pabchaceo/johnwic", "author": "pabchaceo", "sha": "d54343374f331a307feadc7bab3a00270d1c896f", "lastModified": "2023-04-15T16:10:38.000Z", "private": false, "disabled": false, "gated": false, "tags": ["license:openrail", "region:us"], "downloads": 0, "likes": 0, "model-index": null, "cardData": {"license": "openrail"}, "siblings": [{"rfilename": ".gitattributes"}, {"rfilename": "README.md"}], "spaces": [], "createdAt": "2023-04-15T16:10:10.000Z", "inferenceStatus": "not-loaded"}