{"_id": "661c4c2ab8a37b469ccc4778", "id": "pabhi18/en_hi_trans_model", "modelId": "pabhi18/en_hi_trans_model", "author": "pabhi18", "sha": "b02dcb91e810f1b75d1fa43c55242f82d881335d", "lastModified": "2024-04-14T21:35:39.000Z", "private": false, "disabled": false, "gated": false, "tags": ["license:mit", "region:us"], "downloads": 0, "likes": 0, "model-index": null, "cardData": {"license": "mit"}, "siblings": [{"rfilename": ".gitattributes"}, {"rfilename": "README.md"}], "spaces": [], "createdAt": "2024-04-14T21:35:38.000Z", "inferenceStatus": "not-loaded"}