{"_id": "647ba40fb31514a4a6e41070", "id": "PabloGuinea/bert-base-uncased-finetuned-ner", "modelId": "PabloGuinea/bert-base-uncased-finetuned-ner", "author": "PabloGuinea", "sha": "1c4734afdc5be65a7333edd5d76cd4279b3eeafa", "lastModified": "2023-06-07T16:01:14.000Z", "private": false, "disabled": false, "gated": false, "pipeline_tag": "token-classification", "tags": ["transformers", "pytorch", "tensorboard", "roberta", "token-classification", "generated_from_trainer", "dataset:conll2003", "license:mit", "model-index", "autotrain_compatible", "endpoints_compatible", "region:us"], "downloads": 15, "library_name": "transformers", "mask_token": "<mask>", "widgetData": [{"text": "My name is Wolfgang and I live in Berlin"}, {"text": "My name is Sarah and I live in London"}, {"text": "My name is Clara and I live in Berkeley, California."}], "likes": 0, "model-index": [{"name": "bert-base-uncased-finetuned-ner", "results": [{"task": {"name": "Token Classification", "type": "token-classification"}, "dataset": {"name": "conll2003", "type": "conll2003", "config": "conll2003", "split": "validation", "args": "conll2003"}, "metrics": [{"name": "Precision", "type": "precision", "value": 0.9502661343978709, "verified": false}, {"name": "Recall", "type": "recall", "value": 0.9614607876135981, "verified": false}, {"name": "F1", "type": "f1", "value": 0.9558306842897775, "verified": false}, {"name": "Accuracy", "type": "accuracy", "value": 0.9925431252677076, "verified": false}]}]}], "config": {"architectures": ["RobertaForTokenClassification"], "model_type": "roberta", "tokenizer_config": {"bos_token": "<s>", "cls_token": "<s>", "eos_token": "</s>", "mask_token": "<mask>", "pad_token": "<pad>", "sep_token": "</s>", "unk_token": "<unk>"}}, "cardData": {"license": "mit", "tags": ["generated_from_trainer"], "datasets": ["conll2003"], "metrics": ["precision", "recall", "f1", "accuracy"], "model-index": [{"name": "bert-base-uncased-finetuned-ner", "results": [{"task": {"name": "Token Classification", "type": "token-classification"}, "dataset": {"name": "conll2003", "type": "conll2003", "config": "conll2003", "split": "validation", "args": "conll2003"}, "metrics": [{"name": "Precision", "type": "precision", "value": 0.9502661343978709, "verified": false}, {"name": "Recall", "type": "recall", "value": 0.9614607876135981, "verified": false}, {"name": "F1", "type": "f1", "value": 0.9558306842897775, "verified": false}, {"name": "Accuracy", "type": "accuracy", "value": 0.9925431252677076, "verified": false}]}]}]}, "transformersInfo": {"auto_model": "AutoModelForTokenClassification", "pipeline_tag": "token-classification", "processor": "AutoTokenizer"}, "siblings": [{"rfilename": ".gitattributes"}, {"rfilename": ".gitignore"}, {"rfilename": "README.md"}, {"rfilename": "config.json"}, {"rfilename": "merges.txt"}, {"rfilename": "pytorch_model.bin"}, {"rfilename": "runs/Jun07_15-01-02_155-248-204-220/1686150076.0023184/events.out.tfevents.1686150076.155-248-204-220.323755.4"}, {"rfilename": "runs/Jun07_15-01-02_155-248-204-220/1686152491.1412406/events.out.tfevents.1686152491.155-248-204-220.323755.7"}, {"rfilename": "runs/Jun07_15-01-02_155-248-204-220/1686153293.7186553/events.out.tfevents.1686153293.155-248-204-220.323755.10"}, {"rfilename": "runs/Jun07_15-01-02_155-248-204-220/events.out.tfevents.1686150076.155-248-204-220.323755.3"}, {"rfilename": "runs/Jun07_15-01-02_155-248-204-220/events.out.tfevents.1686150330.155-248-204-220.323755.5"}, {"rfilename": "runs/Jun07_15-01-02_155-248-204-220/events.out.tfevents.1686152491.155-248-204-220.323755.6"}, {"rfilename": "runs/Jun07_15-01-02_155-248-204-220/events.out.tfevents.1686152715.155-248-204-220.323755.8"}, {"rfilename": "runs/Jun07_15-01-02_155-248-204-220/events.out.tfevents.1686153293.155-248-204-220.323755.9"}, {"rfilename": "runs/Jun07_15-01-02_155-248-204-220/events.out.tfevents.1686153563.155-248-204-220.323755.11"}, {"rfilename": "special_tokens_map.json"}, {"rfilename": "spiece.model"}, {"rfilename": "tokenizer.json"}, {"rfilename": "tokenizer_config.json"}, {"rfilename": "training_args.bin"}, {"rfilename": "vocab.json"}, {"rfilename": "vocab.txt"}], "spaces": [], "createdAt": "2023-06-03T20:35:27.000Z", "inferenceStatus": "not-loaded"}