{"_id": "666b102a84cfecfebcb75467", "id": "pablo-chocobar/t5-ft-sst5", "modelId": "pablo-chocobar/t5-ft-sst5", "author": "pablo-chocobar", "sha": "e83613ff5fee0b53cceedf604566693a70413ee4", "lastModified": "2024-06-13T16:27:59.000Z", "private": false, "disabled": false, "gated": false, "pipeline_tag": "text2text-generation", "tags": ["transformers", "tensorboard", "safetensors", "t5", "text2text-generation", "generated_from_trainer", "base_model:google-t5/t5-base", "license:apache-2.0", "autotrain_compatible", "text-generation-inference", "endpoints_compatible", "region:us"], "downloads": 3, "library_name": "transformers", "likes": 0, "model-index": [{"name": "t5-ft-sst5", "results": []}], "config": {"architectures": ["T5ForConditionalGeneration"], "model_type": "t5", "tokenizer_config": {"eos_token": "</s>", "pad_token": "<pad>", "unk_token": "<unk>"}}, "cardData": {"license": "apache-2.0", "base_model": "google-t5/t5-base", "tags": ["generated_from_trainer"], "model-index": [{"name": "t5-ft-sst5", "results": []}]}, "transformersInfo": {"auto_model": "AutoModelForSeq2SeqLM", "pipeline_tag": "text2text-generation", "processor": "AutoTokenizer"}, "siblings": [{"rfilename": ".gitattributes"}, {"rfilename": "README.md"}, {"rfilename": "config.json"}, {"rfilename": "generation_config.json"}, {"rfilename": "model.safetensors"}, {"rfilename": "runs/Jun13_14-49-13_215e13250096/events.out.tfevents.1718290154.215e13250096.34.0"}, {"rfilename": "runs/Jun13_16-06-27_cc3bb3c13d95/events.out.tfevents.1718294788.cc3bb3c13d95.34.0"}, {"rfilename": "special_tokens_map.json"}, {"rfilename": "spiece.model"}, {"rfilename": "tokenizer.json"}, {"rfilename": "tokenizer_config.json"}, {"rfilename": "training_args.bin"}], "spaces": [], "createdAt": "2024-06-13T15:28:42.000Z", "safetensors": {"parameters": {"F32": 222903552}, "total": 222903552}, "inferenceStatus": "not-loaded"}