{"_id": "65e8f7f11a58734e13b8666b", "id": "pabloce/Einstein-v4-7B-GGUF", "modelId": "pabloce/Einstein-v4-7B-GGUF", "author": "pabloce", "sha": "f535f27ede063bcafbea3a7097116ff03d3cf3cc", "lastModified": "2024-03-07T02:04:23.000Z", "private": false, "disabled": false, "gated": false, "tags": ["gguf", "region:us"], "downloads": 181, "likes": 1, "siblings": [{"rfilename": ".gitattributes"}, {"rfilename": "einstein-v4-7b.Q2_K.gguf"}, {"rfilename": "einstein-v4-7b.Q3_K_L.gguf"}, {"rfilename": "einstein-v4-7b.Q3_K_M.gguf"}, {"rfilename": "einstein-v4-7b.Q3_K_S.gguf"}, {"rfilename": "einstein-v4-7b.Q4_0.gguf"}, {"rfilename": "einstein-v4-7b.Q4_1.gguf"}, {"rfilename": "einstein-v4-7b.Q4_K_M.gguf"}, {"rfilename": "einstein-v4-7b.Q4_K_S.gguf"}, {"rfilename": "einstein-v4-7b.Q5_0.gguf"}, {"rfilename": "einstein-v4-7b.Q5_K_M.gguf"}], "spaces": [], "createdAt": "2024-03-06T23:10:41.000Z", "inferenceStatus": "not-loaded"}