{"_id": "66670fcb6e382e809d2c3c85", "id": "pablo-chocobar/mt5-ft-sst5", "modelId": "pablo-chocobar/mt5-ft-sst5", "author": "pablo-chocobar", "sha": "7c139a093ca480e21288b1cfb211b8f45a6c31fa", "lastModified": "2024-06-13T14:09:30.000Z", "private": false, "disabled": false, "gated": false, "pipeline_tag": "text2text-generation", "tags": ["transformers", "tensorboard", "safetensors", "mt5", "text2text-generation", "generated_from_trainer", "base_model:google/mt5-base", "license:apache-2.0", "autotrain_compatible", "endpoints_compatible", "region:us"], "downloads": 13, "library_name": "transformers", "likes": 0, "model-index": [{"name": "mt5-ft-sst5", "results": []}], "config": {"architectures": ["MT5ForConditionalGeneration"], "model_type": "mt5", "tokenizer_config": {"eos_token": "</s>", "pad_token": "<pad>", "unk_token": "<unk>"}}, "cardData": {"license": "apache-2.0", "base_model": "google/mt5-base", "tags": ["generated_from_trainer"], "model-index": [{"name": "mt5-ft-sst5", "results": []}]}, "transformersInfo": {"auto_model": "AutoModelForSeq2SeqLM", "pipeline_tag": "text2text-generation", "processor": "AutoTokenizer"}, "siblings": [{"rfilename": ".gitattributes"}, {"rfilename": "README.md"}, {"rfilename": "config.json"}, {"rfilename": "generation_config.json"}, {"rfilename": "model.safetensors"}, {"rfilename": "runs/Jun10_13-41-05_488b6c6e8b8f/events.out.tfevents.1718026867.488b6c6e8b8f.34.0"}, {"rfilename": "runs/Jun10_13-41-05_488b6c6e8b8f/events.out.tfevents.1718027967.488b6c6e8b8f.34.1"}, {"rfilename": "runs/Jun13_13-14-57_a747998466a1/events.out.tfevents.1718284511.a747998466a1.34.0"}, {"rfilename": "special_tokens_map.json"}, {"rfilename": "spiece.model"}, {"rfilename": "tokenizer.json"}, {"rfilename": "tokenizer_config.json"}, {"rfilename": "training_args.bin"}], "spaces": [], "createdAt": "2024-06-10T14:38:03.000Z", "safetensors": {"parameters": {"F32": 582401280}, "total": 582401280}, "inferenceStatus": "not-loaded"}