{"_id": "6456f852d10badc955642fea", "id": "Pablitoledozooo/V1dataset", "modelId": "Pablitoledozooo/V1dataset", "author": "Pablitoledozooo", "sha": "6fdb1e752441a92114e588c442bdd55390d67882", "lastModified": "2023-05-07T01:01:49.000Z", "private": false, "disabled": false, "gated": false, "tags": ["region:us"], "downloads": 0, "likes": 0, "siblings": [{"rfilename": ".gitattributes"}, {"rfilename": "V1 dataset.zip"}], "spaces": [], "createdAt": "2023-05-07T01:01:06.000Z", "inferenceStatus": "not-loaded"}