{"_id": "651986a42d69a6fd7e181a70", "id": "pablodawson/ldm3d-inpainting", "modelId": "pablodawson/ldm3d-inpainting", "author": "pablodawson", "sha": "805665c5eef84b83f2edde5b078750c9b9ff0b89", "lastModified": "2023-10-01T14:56:17.000Z", "private": false, "disabled": false, "gated": false, "tags": ["diffusers", "safetensors", "region:us"], "downloads": 37, "library_name": "diffusers", "likes": 0, "siblings": [{"rfilename": ".gitattributes"}, {"rfilename": "optimizer.bin"}, {"rfilename": "random_states_0.pkl"}, {"rfilename": "scaler.pt"}, {"rfilename": "scheduler.bin"}, {"rfilename": "unet/config.json"}, {"rfilename": "unet/diffusion_pytorch_model.safetensors"}, {"rfilename": "unet_ema/config.json"}, {"rfilename": "unet_ema/diffusion_pytorch_model.safetensors"}], "spaces": ["pablodawson/ldm3d-inpainting"], "createdAt": "2023-10-01T14:48:04.000Z", "inferenceStatus": "not-loaded"}