{"_id": "641b2351d42926275da3a4e5", "id": "pabloac31/rl_course_vizdoom_health_gathering_supreme", "modelId": "pabloac31/rl_course_vizdoom_health_gathering_supreme", "author": "pabloac31", "sha": "a6c9254eaaadb8cb2c3d9df946f612671ea891d1", "lastModified": "2023-03-22T15:48:41.000Z", "private": false, "disabled": false, "gated": false, "pipeline_tag": "reinforcement-learning", "tags": ["sample-factory", "tensorboard", "deep-reinforcement-learning", "reinforcement-learning", "model-index", "region:us"], "downloads": 0, "library_name": "sample-factory", "likes": 0, "model-index": [{"name": "APPO", "results": [{"task": {"type": "reinforcement-learning", "name": "reinforcement-learning"}, "dataset": {"name": "doom_health_gathering_supreme", "type": "doom_health_gathering_supreme"}, "metrics": [{"type": "mean_reward", "value": "12.34 +/- 4.87", "name": "mean_reward", "verified": false}]}]}], "config": {}, "cardData": {"library_name": "sample-factory", "tags": ["deep-reinforcement-learning", "reinforcement-learning", "sample-factory"], "model-index": [{"name": "APPO", "results": [{"task": {"type": "reinforcement-learning", "name": "reinforcement-learning"}, "dataset": {"name": "doom_health_gathering_supreme", "type": "doom_health_gathering_supreme"}, "metrics": [{"type": "mean_reward", "value": "12.34 +/- 4.87", "name": "mean_reward", "verified": false}]}]}]}, "siblings": [{"rfilename": ".gitattributes"}, {"rfilename": ".summary/0/events.out.tfevents.1679497193.3205daf7428d"}, {"rfilename": "README.md"}, {"rfilename": "checkpoint_p0/best_000001171_4796416_reward_24.162.pth"}, {"rfilename": "checkpoint_p0/checkpoint_000001212_4964352.pth"}, {"rfilename": "checkpoint_p0/checkpoint_000001222_5005312.pth"}, {"rfilename": "config.json"}, {"rfilename": "replay.mp4"}], "spaces": [], "createdAt": "2023-03-22T15:48:33.000Z", "inferenceStatus": "not-loaded"}