{"_id": "662a06c2f2063c1a02b7a258", "id": "Pablo8393/Sed", "modelId": "Pablo8393/Sed", "author": "Pablo8393", "sha": "564cfce90c3996d1be557e9ca4127ccf2e9bc9fa", "lastModified": "2024-04-25T07:31:17.000Z", "private": false, "disabled": false, "gated": false, "tags": ["license:bigscience-bloom-rail-1.0", "region:us"], "downloads": 0, "likes": 0, "model-index": null, "cardData": {"license": "bigscience-bloom-rail-1.0"}, "siblings": [{"rfilename": ".gitattributes"}, {"rfilename": "README.md"}], "spaces": [], "createdAt": "2024-04-25T07:31:14.000Z", "inferenceStatus": "not-loaded"}