{"_id": "647b9f3a4d7c0c3fccd7ed30", "id": "PabloGuinea/distilbert-base-uncased-finetuned-ner", "modelId": "PabloGuinea/distilbert-base-uncased-finetuned-ner", "author": "PabloGuinea", "sha": "d4bf8b1d184ac9f225bd7f0ed1bd9e196b4f71a1", "lastModified": "2023-06-07T14:59:20.000Z", "private": false, "disabled": false, "gated": false, "pipeline_tag": "token-classification", "tags": ["transformers", "pytorch", "tensorboard", "distilbert", "token-classification", "generated_from_trainer", "dataset:conll2003", "license:apache-2.0", "model-index", "autotrain_compatible", "endpoints_compatible", "region:us"], "downloads": 2, "library_name": "transformers", "mask_token": "[MASK]", "widgetData": [{"text": "My name is Wolfgang and I live in Berlin"}, {"text": "My name is Sarah and I live in London"}, {"text": "My name is Clara and I live in Berkeley, California."}], "likes": 0, "model-index": [{"name": "distilbert-base-uncased-finetuned-ner", "results": [{"task": {"name": "Token Classification", "type": "token-classification"}, "dataset": {"name": "conll2003", "type": "conll2003", "config": "conll2003", "split": "validation", "args": "conll2003"}, "metrics": [{"name": "Precision", "type": "precision", "value": 0.9263600176912871, "verified": false}, {"name": "Recall", "type": "recall", "value": 0.9372413021590782, "verified": false}, {"name": "F1", "type": "f1", "value": 0.9317688928432408, "verified": false}, {"name": "Accuracy", "type": "accuracy", "value": 0.9834463914086453, "verified": false}]}]}], "config": {"architectures": ["DistilBertForTokenClassification"], "model_type": "distilbert", "tokenizer_config": {"cls_token": "[CLS]", "mask_token": "[MASK]", "pad_token": "[PAD]", "sep_token": "[SEP]", "unk_token": "[UNK]"}}, "cardData": {"license": "apache-2.0", "tags": ["generated_from_trainer"], "datasets": ["conll2003"], "metrics": ["precision", "recall", "f1", "accuracy"], "model-index": [{"name": "distilbert-base-uncased-finetuned-ner", "results": [{"task": {"name": "Token Classification", "type": "token-classification"}, "dataset": {"name": "conll2003", "type": "conll2003", "config": "conll2003", "split": "validation", "args": "conll2003"}, "metrics": [{"name": "Precision", "type": "precision", "value": 0.9263600176912871, "verified": false}, {"name": "Recall", "type": "recall", "value": 0.9372413021590782, "verified": false}, {"name": "F1", "type": "f1", "value": 0.9317688928432408, "verified": false}, {"name": "Accuracy", "type": "accuracy", "value": 0.9834463914086453, "verified": false}]}]}]}, "transformersInfo": {"auto_model": "AutoModelForTokenClassification", "pipeline_tag": "token-classification", "processor": "AutoTokenizer"}, "siblings": [{"rfilename": ".gitattributes"}, {"rfilename": ".gitignore"}, {"rfilename": "README.md"}, {"rfilename": "config.json"}, {"rfilename": "pytorch_model.bin"}, {"rfilename": "runs/Jun07_14-50-57_155-248-204-220/1686149729.2153268/events.out.tfevents.1686149729.155-248-204-220.323755.1"}, {"rfilename": "runs/Jun07_14-50-57_155-248-204-220/events.out.tfevents.1686149729.155-248-204-220.323755.0"}, {"rfilename": "runs/Jun07_14-50-57_155-248-204-220/events.out.tfevents.1686149903.155-248-204-220.323755.2"}, {"rfilename": "special_tokens_map.json"}, {"rfilename": "tokenizer.json"}, {"rfilename": "tokenizer_config.json"}, {"rfilename": "training_args.bin"}, {"rfilename": "vocab.txt"}], "spaces": [], "createdAt": "2023-06-03T20:14:50.000Z", "inferenceStatus": "not-loaded"}