{"_id": "63d2d2a413d86bc14806b545", "id": "pablo-chocobar/summarizer", "modelId": "pablo-chocobar/summarizer", "author": "pablo-chocobar", "sha": "9d23d1b18171a8fa9b0f8190a7c4266f230688e9", "lastModified": "2024-04-10T05:54:54.000Z", "private": false, "disabled": false, "gated": false, "pipeline_tag": "text2text-generation", "tags": ["transformers", "pytorch", "tensorboard", "safetensors", "t5", "text2text-generation", "generated_from_trainer", "base_model:t5-small", "license:apache-2.0", "autotrain_compatible", "text-generation-inference", "endpoints_compatible", "region:us"], "downloads": 1, "library_name": "transformers", "likes": 0, "model-index": [{"name": "summarizer", "results": []}], "config": {"architectures": ["T5ForConditionalGeneration"], "model_type": "t5", "tokenizer_config": {"eos_token": "</s>", "pad_token": "<pad>", "unk_token": "<unk>"}}, "cardData": {"license": "apache-2.0", "base_model": "t5-small", "tags": ["generated_from_trainer"], "model-index": [{"name": "summarizer", "results": []}]}, "transformersInfo": {"auto_model": "AutoModelForSeq2SeqLM", "pipeline_tag": "text2text-generation", "processor": "AutoTokenizer"}, "siblings": [{"rfilename": ".gitattributes"}, {"rfilename": ".gitignore"}, {"rfilename": "README.md"}, {"rfilename": "config.json"}, {"rfilename": "generation_config.json"}, {"rfilename": "model.safetensors"}, {"rfilename": "pytorch_model.bin"}, {"rfilename": "runs/Apr10_05-38-16_1fec96bc3f9e/events.out.tfevents.1712727497.1fec96bc3f9e.34.0"}, {"rfilename": "runs/Jan26_19-21-08_f74ab1315fea/1674760874.6599667/events.out.tfevents.1674760874.f74ab1315fea.2166.1"}, {"rfilename": "runs/Jan26_19-21-08_f74ab1315fea/events.out.tfevents.1674760874.f74ab1315fea.2166.0"}, {"rfilename": "runs/Jan26_19-22-07_f74ab1315fea/1674760931.938687/events.out.tfevents.1674760931.f74ab1315fea.2166.3"}, {"rfilename": "runs/Jan26_19-22-07_f74ab1315fea/events.out.tfevents.1674760931.f74ab1315fea.2166.2"}, {"rfilename": "special_tokens_map.json"}, {"rfilename": "spiece.model"}, {"rfilename": "tokenizer.json"}, {"rfilename": "tokenizer_config.json"}, {"rfilename": "training_args.bin"}], "spaces": [], "createdAt": "2023-01-26T19:21:08.000Z", "safetensors": {"parameters": {"F32": 60506624}, "total": 60506624}, "inferenceStatus": "not-loaded"}