{"_id": "647c0c15e8b7333058b8d50b", "id": "PabloGuinea/distilbert-base-token", "modelId": "PabloGuinea/distilbert-base-token", "author": "PabloGuinea", "sha": "121b98c4f1d1adf3ee9bfecba2f8311c435c8b8b", "lastModified": "2023-06-04T04:09:51.000Z", "private": false, "disabled": false, "gated": false, "pipeline_tag": "token-classification", "tags": ["transformers", "pytorch", "tensorboard", "distilbert", "token-classification", "generated_from_trainer", "dataset:wnut_17", "license:apache-2.0", "model-index", "autotrain_compatible", "endpoints_compatible", "region:us"], "downloads": 3, "library_name": "transformers", "mask_token": "[MASK]", "widgetData": [{"text": "My name is Wolfgang and I live in Berlin"}, {"text": "My name is Sarah and I live in London"}, {"text": "My name is Clara and I live in Berkeley, California."}], "likes": 0, "model-index": [{"name": "distilbert-base-token", "results": [{"task": {"name": "Token Classification", "type": "token-classification"}, "dataset": {"name": "wnut_17", "type": "wnut_17", "config": "wnut_17", "split": "test", "args": "wnut_17"}, "metrics": [{"name": "Precision", "type": "precision", "value": 0.5348837209302325, "verified": false}, {"name": "Recall", "type": "recall", "value": 0.3410565338276182, "verified": false}, {"name": "F1", "type": "f1", "value": 0.4165251839275608, "verified": false}, {"name": "Accuracy", "type": "accuracy", "value": 0.944636826129708, "verified": false}]}]}], "config": {"architectures": ["DistilBertForTokenClassification"], "model_type": "distilbert", "tokenizer_config": {"cls_token": "[CLS]", "mask_token": "[MASK]", "pad_token": "[PAD]", "sep_token": "[SEP]", "unk_token": "[UNK]"}}, "cardData": {"license": "apache-2.0", "tags": ["generated_from_trainer"], "datasets": ["wnut_17"], "metrics": ["precision", "recall", "f1", "accuracy"], "model-index": [{"name": "distilbert-base-token", "results": [{"task": {"name": "Token Classification", "type": "token-classification"}, "dataset": {"name": "wnut_17", "type": "wnut_17", "config": "wnut_17", "split": "test", "args": "wnut_17"}, "metrics": [{"name": "Precision", "type": "precision", "value": 0.5348837209302325, "verified": false}, {"name": "Recall", "type": "recall", "value": 0.3410565338276182, "verified": false}, {"name": "F1", "type": "f1", "value": 0.4165251839275608, "verified": false}, {"name": "Accuracy", "type": "accuracy", "value": 0.944636826129708, "verified": false}]}]}]}, "transformersInfo": {"auto_model": "AutoModelForTokenClassification", "pipeline_tag": "token-classification", "processor": "AutoTokenizer"}, "siblings": [{"rfilename": ".gitattributes"}, {"rfilename": ".gitignore"}, {"rfilename": "README.md"}, {"rfilename": "config.json"}, {"rfilename": "pytorch_model.bin"}, {"rfilename": "runs/Jun04_03-59-17_e96af5764e2d/1685851161.7753305/events.out.tfevents.1685851161.e96af5764e2d.75.9"}, {"rfilename": "runs/Jun04_03-59-17_e96af5764e2d/events.out.tfevents.1685851161.e96af5764e2d.75.8"}, {"rfilename": "runs/Jun04_04-06-14_e96af5764e2d/1685851576.5092566/events.out.tfevents.1685851576.e96af5764e2d.75.11"}, {"rfilename": "runs/Jun04_04-06-14_e96af5764e2d/events.out.tfevents.1685851576.e96af5764e2d.75.10"}, {"rfilename": "special_tokens_map.json"}, {"rfilename": "tokenizer.json"}, {"rfilename": "tokenizer_config.json"}, {"rfilename": "training_args.bin"}, {"rfilename": "vocab.txt"}], "spaces": [], "createdAt": "2023-06-04T03:59:17.000Z", "inferenceStatus": "not-loaded"}