{"_id": "66342b5fc9ae011c471fdee3", "id": "pablo-marinozi/vit-base-oxford-iiit-pets", "modelId": "pablo-marinozi/vit-base-oxford-iiit-pets", "author": "pablo-marinozi", "sha": "882e4e570b9a13d1989cd768cec5f4242a3ae350", "lastModified": "2024-05-03T00:20:03.000Z", "private": false, "disabled": false, "gated": false, "pipeline_tag": "image-classification", "tags": ["transformers", "tensorboard", "safetensors", "vit", "image-classification", "autotrain_compatible", "endpoints_compatible", "region:us"], "downloads": 2, "library_name": "transformers", "likes": 0, "config": {"architectures": ["ViTForImageClassification"], "model_type": "vit"}, "transformersInfo": {"auto_model": "AutoModelForImageClassification", "pipeline_tag": "image-classification", "processor": "AutoImageProcessor"}, "siblings": [{"rfilename": ".gitattributes"}, {"rfilename": "config.json"}, {"rfilename": "model.safetensors"}, {"rfilename": "preprocessor_config.json"}, {"rfilename": "runs/May03_00-00-25_86da83281874/events.out.tfevents.1714695011.86da83281874.1429.0"}, {"rfilename": "training_args.bin"}], "spaces": [], "createdAt": "2024-05-03T00:10:07.000Z", "safetensors": {"parameters": {"F32": 85827109}, "total": 85827109}, "inferenceStatus": "not-loaded"}