{"_id": "6271827aef3c120276268e7a", "id": "Pablety/Primero", "modelId": "Pablety/Primero", "author": "Pablety", "sha": "743e0e0df0f0c48c91e828b9b3351c2893b6d7db", "lastModified": "2022-05-03T19:28:58.000Z", "private": false, "disabled": false, "gated": false, "tags": ["license:mit", "region:us"], "downloads": 0, "likes": 0, "model-index": null, "cardData": {"license": "mit"}, "siblings": [{"rfilename": ".gitattributes"}, {"rfilename": "README.md"}], "spaces": [], "createdAt": "2022-05-03T19:28:58.000Z", "inferenceStatus": "not-loaded"}