{"_id": "627e7d4170418b50c79b3371", "id": "Pablo94/roberta-base-bne-finetuned-detests-finetuned-detests", "modelId": "Pablo94/roberta-base-bne-finetuned-detests-finetuned-detests", "author": "Pablo94", "sha": "4e9e0ccc21127aadf0ab39820570c6dcf7469d3e", "lastModified": "2022-05-13T15:46:10.000Z", "private": false, "disabled": false, "gated": false, "tags": ["region:us"], "downloads": 0, "likes": 0, "siblings": [{"rfilename": ".gitattributes"}], "spaces": [], "createdAt": "2022-05-13T15:46:09.000Z", "inferenceStatus": "not-loaded"}