{"_id": "65c9e95f8974af76545ecb5b", "id": "Pablo94/racism-finetuned-detests-wandb24", "modelId": "Pablo94/racism-finetuned-detests-wandb24", "author": "Pablo94", "sha": "7fc82f50b315878dcd4ac5ba6bd6f26a93af5008", "lastModified": "2024-02-12T09:59:34.000Z", "private": false, "disabled": false, "gated": false, "pipeline_tag": "text-classification", "tags": ["transformers", "tensorboard", "safetensors", "roberta", "text-classification", "generated_from_trainer", "base_model:davidmasip/racism", "license:cc", "autotrain_compatible", "endpoints_compatible", "region:us"], "downloads": 1, "library_name": "transformers", "mask_token": "<mask>", "widgetData": [{"text": "I like you. I love you"}], "likes": 0, "model-index": [{"name": "racism-finetuned-detests-wandb24", "results": []}], "config": {"architectures": ["RobertaForSequenceClassification"], "model_type": "roberta", "tokenizer_config": {"bos_token": "<s>", "cls_token": "<s>", "eos_token": "</s>", "mask_token": "<mask>", "pad_token": "<pad>", "sep_token": "</s>", "unk_token": "<unk>"}}, "cardData": {"license": "cc", "base_model": "davidmasip/racism", "tags": ["generated_from_trainer"], "metrics": ["accuracy", "precision", "recall"], "model-index": [{"name": "racism-finetuned-detests-wandb24", "results": []}]}, "transformersInfo": {"auto_model": "AutoModelForSequenceClassification", "pipeline_tag": "text-classification", "processor": "AutoTokenizer"}, "siblings": [{"rfilename": ".gitattributes"}, {"rfilename": "README.md"}, {"rfilename": "config.json"}, {"rfilename": "merges.txt"}, {"rfilename": "model.safetensors"}, {"rfilename": "runs/Feb12_09-39-40_93f51a08e000/events.out.tfevents.1707730980.93f51a08e000.1197.0"}, {"rfilename": "runs/Feb12_09-48-09_93f51a08e000/events.out.tfevents.1707731299.93f51a08e000.1197.1"}, {"rfilename": "runs/Feb12_09-52-39_93f51a08e000/events.out.tfevents.1707731565.93f51a08e000.1197.2"}, {"rfilename": "runs/Feb12_09-57-03_93f51a08e000/events.out.tfevents.1707731829.93f51a08e000.1197.3"}, {"rfilename": "special_tokens_map.json"}, {"rfilename": "tokenizer.json"}, {"rfilename": "tokenizer_config.json"}, {"rfilename": "training_args.bin"}, {"rfilename": "vocab.json"}], "spaces": [], "createdAt": "2024-02-12T09:48:15.000Z", "safetensors": {"parameters": {"F32": 124644866}, "total": 124644866}, "inferenceStatus": "not-loaded"}