{"_id": "6480d5ae9aafd41918ae26e1", "id": "PabloGuinea/bert-base-uncased-finetuned-squad2", "modelId": "PabloGuinea/bert-base-uncased-finetuned-squad2", "author": "PabloGuinea", "sha": "70178eb5058785c4fd16adc8231d8ad222e504e0", "lastModified": "2023-06-07T19:08:30.000Z", "private": false, "disabled": false, "gated": false, "tags": ["region:us"], "downloads": 0, "likes": 0, "siblings": [{"rfilename": ".gitattributes"}], "spaces": [], "createdAt": "2023-06-07T19:08:30.000Z", "inferenceStatus": "not-loaded"}