{"_id": "63e03d68809a891ee93e569a", "id": "PabloAMC/sentiment-model-amazon-reviews-distilbert", "modelId": "PabloAMC/sentiment-model-amazon-reviews-distilbert", "author": "PabloAMC", "sha": "4541e7cf49716d8fcc6d63c960e2092b26bfe9ba", "lastModified": "2023-03-20T11:20:58.000Z", "private": false, "disabled": false, "gated": false, "pipeline_tag": "text-classification", "tags": ["transformers", "pytorch", "tensorboard", "distilbert", "text-classification", "autotrain_compatible", "endpoints_compatible", "region:us"], "downloads": 4, "library_name": "transformers", "mask_token": "[MASK]", "widgetData": [{"text": "I like you. I love you"}], "likes": 0, "config": {"architectures": ["DistilBertForSequenceClassification"], "model_type": "distilbert", "tokenizer_config": {"cls_token": "[CLS]", "mask_token": "[MASK]", "pad_token": "[PAD]", "sep_token": "[SEP]", "unk_token": "[UNK]"}}, "transformersInfo": {"auto_model": "AutoModelForSequenceClassification", "pipeline_tag": "text-classification", "processor": "AutoTokenizer"}, "siblings": [{"rfilename": ".gitattributes"}, {"rfilename": ".gitignore"}, {"rfilename": "config.json"}, {"rfilename": "pytorch_model.bin"}, {"rfilename": "runs/Mar20_10-48-16_ea6cfb90675e/1679309312.0829358/events.out.tfevents.1679309312.ea6cfb90675e.308.1"}, {"rfilename": "runs/Mar20_10-48-16_ea6cfb90675e/events.out.tfevents.1679309312.ea6cfb90675e.308.0"}, {"rfilename": "special_tokens_map.json"}, {"rfilename": "tokenizer.json"}, {"rfilename": "tokenizer_config.json"}, {"rfilename": "training_args.bin"}, {"rfilename": "vocab.txt"}], "spaces": [], "createdAt": "2023-02-05T23:36:08.000Z", "inferenceStatus": "not-loaded"}