{"_id": "63bd54e7bb80ec4ef145539f", "id": "pabloac31/ppo-LunarLander-v2", "modelId": "pabloac31/ppo-LunarLander-v2", "author": "pabloac31", "sha": "60c34ab82cfd47a7ac451ddf127f656919a95c4e", "lastModified": "2023-01-12T14:57:11.000Z", "private": false, "disabled": false, "gated": false, "pipeline_tag": "reinforcement-learning", "tags": ["stable-baselines3", "LunarLander-v2", "deep-reinforcement-learning", "reinforcement-learning", "model-index", "region:us"], "downloads": 0, "library_name": "stable-baselines3", "likes": 0, "model-index": [{"name": "PPO", "results": [{"task": {"type": "reinforcement-learning", "name": "reinforcement-learning"}, "dataset": {"name": "LunarLander-v2", "type": "LunarLander-v2"}, "metrics": [{"type": "mean_reward", "value": "277.97 +/- 14.61", "name": "mean_reward", "verified": false}]}]}], "config": {}, "cardData": {"library_name": "stable-baselines3", "tags": ["LunarLander-v2", "deep-reinforcement-learning", "reinforcement-learning", "stable-baselines3"], "model-index": [{"name": "PPO", "results": [{"task": {"type": "reinforcement-learning", "name": "reinforcement-learning"}, "dataset": {"name": "LunarLander-v2", "type": "LunarLander-v2"}, "metrics": [{"type": "mean_reward", "value": "277.97 +/- 14.61", "name": "mean_reward", "verified": false}]}]}]}, "siblings": [{"rfilename": ".gitattributes"}, {"rfilename": "README.md"}, {"rfilename": "config.json"}, {"rfilename": "ppo-LunarLander-v2-10m.zip"}, {"rfilename": "ppo-LunarLander-v2-10m/_stable_baselines3_version"}, {"rfilename": "ppo-LunarLander-v2-10m/data"}, {"rfilename": "ppo-LunarLander-v2-10m/policy.optimizer.pth"}, {"rfilename": "ppo-LunarLander-v2-10m/policy.pth"}, {"rfilename": "ppo-LunarLander-v2-10m/pytorch_variables.pth"}, {"rfilename": "ppo-LunarLander-v2-10m/system_info.txt"}, {"rfilename": "ppo-LunarLander-v2-hpo.zip"}, {"rfilename": "ppo-LunarLander-v2-hpo/_stable_baselines3_version"}, {"rfilename": "ppo-LunarLander-v2-hpo/data"}, {"rfilename": "ppo-LunarLander-v2-hpo/policy.optimizer.pth"}, {"rfilename": "ppo-LunarLander-v2-hpo/policy.pth"}, {"rfilename": "ppo-LunarLander-v2-hpo/pytorch_variables.pth"}, {"rfilename": "ppo-LunarLander-v2-hpo/system_info.txt"}, {"rfilename": "ppo-LunarLander-v2.zip"}, {"rfilename": "ppo-LunarLander-v2/_stable_baselines3_version"}, {"rfilename": "ppo-LunarLander-v2/data"}, {"rfilename": "ppo-LunarLander-v2/policy.optimizer.pth"}, {"rfilename": "ppo-LunarLander-v2/policy.pth"}, {"rfilename": "ppo-LunarLander-v2/pytorch_variables.pth"}, {"rfilename": "ppo-LunarLander-v2/system_info.txt"}, {"rfilename": "replay.mp4"}, {"rfilename": "results.json"}], "spaces": [], "createdAt": "2023-01-10T12:07:03.000Z", "inferenceStatus": "not-loaded"}