{"_id": "63e3d0487bb1e409d5c7a7b8", "id": "pabloac31/ppo-Pyramids", "modelId": "pabloac31/ppo-Pyramids", "author": "pabloac31", "sha": "daab45949f5a47ed672199d192be127a378b801c", "lastModified": "2023-02-08T16:39:43.000Z", "private": false, "disabled": false, "gated": false, "pipeline_tag": "reinforcement-learning", "tags": ["ml-agents", "tensorboard", "onnx", "unity-ml-agents", "deep-reinforcement-learning", "reinforcement-learning", "ML-Agents-Pyramids", "region:us"], "downloads": 2, "library_name": "ml-agents", "likes": 0, "model-index": null, "config": {}, "cardData": {"tags": ["unity-ml-agents", "ml-agents", "deep-reinforcement-learning", "reinforcement-learning", "ML-Agents-Pyramids"], "library_name": "ml-agents"}, "siblings": [{"rfilename": ".gitattributes"}, {"rfilename": "Pyramids.onnx"}, {"rfilename": "Pyramids/Pyramids-1499966.onnx"}, {"rfilename": "Pyramids/Pyramids-1499966.pt"}, {"rfilename": "Pyramids/Pyramids-1500094.onnx"}, {"rfilename": "Pyramids/Pyramids-1500094.pt"}, {"rfilename": "Pyramids/Pyramids-499904.onnx"}, {"rfilename": "Pyramids/Pyramids-499904.pt"}, {"rfilename": "Pyramids/Pyramids-999916.onnx"}, {"rfilename": "Pyramids/Pyramids-999916.pt"}, {"rfilename": "Pyramids/checkpoint.pt"}, {"rfilename": "Pyramids/events.out.tfevents.1675870380.29a01e492d27.11357.0"}, {"rfilename": "README.md"}, {"rfilename": "config.json"}, {"rfilename": "configuration.yaml"}, {"rfilename": "run_logs/Player-0.log"}, {"rfilename": "run_logs/timers.json"}, {"rfilename": "run_logs/training_status.json"}], "spaces": [], "createdAt": "2023-02-08T16:39:36.000Z", "inferenceStatus": "not-loaded"}