{"_id": "62c0bfb83679186b0672872b", "id": "pablocosta/bertabaporu-base-uncased", "modelId": "pablocosta/bertabaporu-base-uncased", "author": "pablocosta", "sha": "eee618e71b7d12443faaf7cbf33b3800f652c2ea", "lastModified": "2023-11-14T22:33:01.000Z", "private": false, "disabled": false, "gated": false, "pipeline_tag": "fill-mask", "tags": ["transformers", "pytorch", "bert", "fill-mask", "pt", "dataset:Twitter", "doi:10.57967/hf/0019", "license:mit", "autotrain_compatible", "endpoints_compatible", "region:us"], "downloads": 72, "library_name": "transformers", "mask_token": "[MASK]", "likes": 10, "model-index": null, "config": {"architectures": ["BertForMaskedLM"], "model_type": "bert", "tokenizer_config": {}}, "cardData": {"language": "pt", "license": "mit", "tags": ["bert", "pytorch"], "datasets": ["Twitter"]}, "transformersInfo": {"auto_model": "AutoModelForMaskedLM", "pipeline_tag": "fill-mask", "processor": "AutoTokenizer"}, "siblings": [{"rfilename": ".gitattributes"}, {"rfilename": "README.md"}, {"rfilename": "config.json"}, {"rfilename": "pytorch_model.bin"}, {"rfilename": "tokenizer_config.json"}, {"rfilename": "vocab.txt"}], "spaces": [], "createdAt": "2022-07-02T21:59:20.000Z", "inferenceStatus": "not-loaded"}