{"_id": "647527fdd56974d0c065a7a3", "id": "PabloAMC/summaries-comparisons-distilbert-TLDR", "modelId": "PabloAMC/summaries-comparisons-distilbert-TLDR", "author": "PabloAMC", "sha": "b1efa4561daf984096a9a96705b16a6841c0a4a7", "lastModified": "2023-05-29T22:52:02.000Z", "private": false, "disabled": false, "gated": false, "pipeline_tag": "text-classification", "tags": ["transformers", "pytorch", "tensorboard", "distilbert", "text-classification", "autotrain_compatible", "endpoints_compatible", "region:us"], "downloads": 3, "library_name": "transformers", "mask_token": "[MASK]", "widgetData": [{"text": "I like you. I love you"}], "likes": 0, "config": {"architectures": ["DistilBertForSequenceClassification"], "model_type": "distilbert", "tokenizer_config": {"cls_token": "[CLS]", "mask_token": "[MASK]", "pad_token": "[PAD]", "sep_token": "[SEP]", "unk_token": "[UNK]"}}, "transformersInfo": {"auto_model": "AutoModelForSequenceClassification", "pipeline_tag": "text-classification", "processor": "AutoTokenizer"}, "siblings": [{"rfilename": ".gitattributes"}, {"rfilename": ".gitignore"}, {"rfilename": "config.json"}, {"rfilename": "pytorch_model.bin"}, {"rfilename": "runs/May29_22-32-29_5d5a7a6888e9/1685399554.658619/events.out.tfevents.1685399554.5d5a7a6888e9.620.1"}, {"rfilename": "runs/May29_22-32-29_5d5a7a6888e9/events.out.tfevents.1685399554.5d5a7a6888e9.620.0"}, {"rfilename": "special_tokens_map.json"}, {"rfilename": "tokenizer.json"}, {"rfilename": "tokenizer_config.json"}, {"rfilename": "training_args.bin"}, {"rfilename": "vocab.txt"}], "spaces": [], "createdAt": "2023-05-29T22:32:29.000Z", "inferenceStatus": "not-loaded"}