{"_id": "647c71d883c62f3249166048", "id": "PabloGuinea/t5-end2end-questions-generation", "modelId": "PabloGuinea/t5-end2end-questions-generation", "author": "PabloGuinea", "sha": "2a0faf93a736c2ef24bbe226ad950440b2c79223", "lastModified": "2023-06-04T11:13:28.000Z", "private": false, "disabled": false, "gated": false, "tags": ["region:us"], "downloads": 0, "likes": 0, "siblings": [{"rfilename": ".gitattributes"}], "spaces": [], "createdAt": "2023-06-04T11:13:28.000Z", "inferenceStatus": "not-loaded"}