{"_id": "662aac344149b1a3b0cb5c38", "id": "PablitoGil14/ModelFuturama", "modelId": "PablitoGil14/ModelFuturama", "author": "PablitoGil14", "sha": "a5f156c0cdc3b0fb375a880175a4fdf629fd44ae", "lastModified": "2024-04-25T19:17:15.000Z", "private": false, "disabled": false, "gated": false, "tags": ["fastai", "region:us"], "downloads": 0, "library_name": "fastai", "likes": 0, "model-index": null, "cardData": {"tags": ["fastai"]}, "siblings": [{"rfilename": ".gitattributes"}, {"rfilename": "README.md"}, {"rfilename": "model.pkl"}, {"rfilename": "pyproject.toml"}], "spaces": ["PablitoGil14/entregable2"], "createdAt": "2024-04-25T19:17:08.000Z", "inferenceStatus": "not-loaded"}