{"_id": "6620ab4a36201a18e54ba63c", "id": "pablo-chocobar/corrector", "modelId": "pablo-chocobar/corrector", "author": "pablo-chocobar", "sha": "0a3c9407d49282220740c20ac923c80551d86891", "lastModified": "2024-04-18T05:27:56.000Z", "private": false, "disabled": false, "gated": false, "pipeline_tag": "text2text-generation", "tags": ["transformers", "tensorboard", "safetensors", "t5", "text2text-generation", "generated_from_trainer", "base_model:t5-small", "license:apache-2.0", "autotrain_compatible", "text-generation-inference", "endpoints_compatible", "region:us"], "downloads": 2, "library_name": "transformers", "likes": 0, "model-index": [{"name": "corrector", "results": []}], "config": {"architectures": ["T5ForConditionalGeneration"], "model_type": "t5", "tokenizer_config": {"eos_token": "</s>", "pad_token": "<pad>", "unk_token": "<unk>"}}, "cardData": {"license": "apache-2.0", "base_model": "t5-small", "tags": ["generated_from_trainer"], "metrics": ["rouge"], "model-index": [{"name": "corrector", "results": []}]}, "transformersInfo": {"auto_model": "AutoModelForSeq2SeqLM", "pipeline_tag": "text2text-generation", "processor": "AutoTokenizer"}, "siblings": [{"rfilename": ".gitattributes"}, {"rfilename": "README.md"}, {"rfilename": "config.json"}, {"rfilename": "generation_config.json"}, {"rfilename": "model.safetensors"}, {"rfilename": "runs/Apr18_05-10-34_37535b78664f/events.out.tfevents.1713417035.37535b78664f.34.0"}, {"rfilename": "runs/Apr18_05-12-56_37535b78664f/events.out.tfevents.1713417177.37535b78664f.34.1"}, {"rfilename": "runs/Apr18_05-14-00_37535b78664f/events.out.tfevents.1713417241.37535b78664f.34.2"}, {"rfilename": "runs/Apr18_05-21-21_37535b78664f/events.out.tfevents.1713417682.37535b78664f.34.3"}, {"rfilename": "runs/Apr18_05-22-07_37535b78664f/events.out.tfevents.1713417728.37535b78664f.34.4"}, {"rfilename": "runs/Apr18_05-25-21_37535b78664f/events.out.tfevents.1713417922.37535b78664f.34.5"}, {"rfilename": "special_tokens_map.json"}, {"rfilename": "spiece.model"}, {"rfilename": "tokenizer.json"}, {"rfilename": "tokenizer_config.json"}, {"rfilename": "training_args.bin"}], "spaces": [], "createdAt": "2024-04-18T05:10:34.000Z", "safetensors": {"parameters": {"F32": 60506624}, "total": 60506624}, "inferenceStatus": "not-loaded"}