{"_id": "621ffdc136468d709f17eb7d", "id": "pablito-wabi/landfill-v1", "modelId": "pablito-wabi/landfill-v1", "author": "pablito-wabi", "sha": "af4694d4f719fc6f16de10528ea036430cdd4944", "lastModified": "2022-02-12T15:30:52.000Z", "private": false, "disabled": false, "gated": false, "tags": ["region:us"], "downloads": 0, "likes": 0, "siblings": [{"rfilename": ".gitattributes"}, {"rfilename": "README.md"}, {"rfilename": "model.json"}], "spaces": [], "createdAt": "2022-03-02T23:29:05.000Z", "inferenceStatus": "not-loaded"}