{"_id": "6480d52abb25a636c9e0e5b7", "id": "PabloGuinea/distilbert-base-uncased-finetuned-squad2", "modelId": "PabloGuinea/distilbert-base-uncased-finetuned-squad2", "author": "PabloGuinea", "sha": "16b86eb45f0caa96c46db477e3d9d4b61c782b3f", "lastModified": "2023-06-07T19:06:18.000Z", "private": false, "disabled": false, "gated": false, "tags": ["region:us"], "downloads": 0, "likes": 0, "siblings": [{"rfilename": ".gitattributes"}], "spaces": [], "createdAt": "2023-06-07T19:06:18.000Z", "inferenceStatus": "not-loaded"}