{"_id": "62c0d2f160edb2dd7761feb3", "id": "pablocosta/bertabaporu-large-uncased", "modelId": "pablocosta/bertabaporu-large-uncased", "author": "pablocosta", "sha": "528912497bd6868c8fde9473718dd759eb97985f", "lastModified": "2023-09-26T21:22:07.000Z", "private": false, "disabled": false, "gated": false, "pipeline_tag": "fill-mask", "tags": ["transformers", "pytorch", "bert", "fill-mask", "pt", "dataset:Twitter", "doi:10.57967/hf/0020", "license:mit", "autotrain_compatible", "endpoints_compatible", "region:us"], "downloads": 2, "library_name": "transformers", "mask_token": "[MASK]", "likes": 3, "model-index": null, "config": {"architectures": ["BertForMaskedLM"], "model_type": "bert", "tokenizer_config": {}}, "cardData": {"language": "pt", "license": "mit", "tags": ["bert", "pytorch"], "datasets": ["Twitter"]}, "transformersInfo": {"auto_model": "AutoModelForMaskedLM", "pipeline_tag": "fill-mask", "processor": "AutoTokenizer"}, "siblings": [{"rfilename": ".gitattributes"}, {"rfilename": "README.md"}, {"rfilename": "config.json"}, {"rfilename": "pytorch_model.bin"}, {"rfilename": "tokenizer_config.json"}, {"rfilename": "vocab.txt"}], "spaces": [], "createdAt": "2022-07-02T23:21:21.000Z", "inferenceStatus": "not-loaded"}