{"_id": "637345db7da0b794a579327c", "id": "Pablizho/pablo", "modelId": "Pablizho/pablo", "author": "Pablizho", "sha": "cab2b5276b6afaeb55921fa9d897633ad1a3be86", "lastModified": "2022-11-15T07:55:07.000Z", "private": false, "disabled": false, "gated": false, "tags": ["license:artistic-2.0", "region:us"], "downloads": 0, "likes": 0, "model-index": null, "cardData": {"license": "artistic-2.0"}, "siblings": [{"rfilename": ".gitattributes"}, {"rfilename": "README.md"}], "spaces": [], "createdAt": "2022-11-15T07:55:07.000Z", "inferenceStatus": "not-loaded"}