{"_id": "64a43d8baf3f613557051a32", "id": "pablo1192/bert-clasificacion-peliculas", "modelId": "pablo1192/bert-clasificacion-peliculas", "author": "pablo1192", "sha": "9227dca0026e0c09d53f3b575c136d56359dab63", "lastModified": "2023-07-04T15:41:15.000Z", "private": false, "disabled": false, "gated": false, "pipeline_tag": "text-classification", "tags": ["transformers", "pytorch", "distilbert", "text-classification", "autotrain_compatible", "endpoints_compatible", "region:us"], "downloads": 3, "library_name": "transformers", "mask_token": "[MASK]", "widgetData": [{"text": "I like you. I love you"}], "likes": 0, "config": {"architectures": ["DistilBertForSequenceClassification"], "model_type": "distilbert"}, "transformersInfo": {"auto_model": "AutoModelForSequenceClassification", "pipeline_tag": "text-classification", "processor": "AutoTokenizer"}, "siblings": [{"rfilename": ".gitattributes"}, {"rfilename": "config.json"}, {"rfilename": "pytorch_model.bin"}], "spaces": [], "createdAt": "2023-07-04T15:40:59.000Z", "inferenceStatus": "not-loaded"}