{"_id": "642d4d999c58e9c723d6ba3c", "id": "Pablojmed/Est_RoBERTa2", "modelId": "Pablojmed/Est_RoBERTa2", "author": "Pablojmed", "sha": "1a6c4ea7bf01418950bf54614c33ad20eebff178", "lastModified": "2023-04-05T10:59:33.000Z", "private": false, "disabled": false, "gated": false, "pipeline_tag": "text-classification", "tags": ["transformers", "pytorch", "tensorboard", "roberta", "text-classification", "autotrain_compatible", "endpoints_compatible", "region:us"], "downloads": 3, "library_name": "transformers", "mask_token": "<mask>", "widgetData": [{"text": "I like you. I love you"}], "likes": 0, "config": {"architectures": ["RobertaForSequenceClassification"], "model_type": "roberta", "tokenizer_config": {"bos_token": {"__type": "AddedToken", "content": "<s>", "lstrip": false, "normalized": true, "rstrip": false, "single_word": false}, "cls_token": {"__type": "AddedToken", "content": "<s>", "lstrip": false, "normalized": true, "rstrip": false, "single_word": false}, "eos_token": {"__type": "AddedToken", "content": "</s>", "lstrip": false, "normalized": true, "rstrip": false, "single_word": false}, "mask_token": {"__type": "AddedToken", "content": "<mask>", "lstrip": true, "normalized": true, "rstrip": false, "single_word": false}, "pad_token": {"__type": "AddedToken", "content": "<pad>", "lstrip": false, "normalized": true, "rstrip": false, "single_word": false}, "sep_token": {"__type": "AddedToken", "content": "</s>", "lstrip": false, "normalized": true, "rstrip": false, "single_word": false}, "unk_token": {"__type": "AddedToken", "content": "<unk>", "lstrip": false, "normalized": true, "rstrip": false, "single_word": false}}}, "transformersInfo": {"auto_model": "AutoModelForSequenceClassification", "pipeline_tag": "text-classification", "processor": "AutoTokenizer"}, "siblings": [{"rfilename": ".gitattributes"}, {"rfilename": ".gitignore"}, {"rfilename": "config.json"}, {"rfilename": "merges.txt"}, {"rfilename": "pytorch_model.bin"}, {"rfilename": "runs/Apr05_10-29-38_f2e0e6e3e457/1680690591.1974068/events.out.tfevents.1680690591.f2e0e6e3e457.372.1"}, {"rfilename": "runs/Apr05_10-29-38_f2e0e6e3e457/events.out.tfevents.1680690591.f2e0e6e3e457.372.0"}, {"rfilename": "runs/Apr05_10-44-37_f2e0e6e3e457/1680691487.116092/events.out.tfevents.1680691487.f2e0e6e3e457.372.3"}, {"rfilename": "runs/Apr05_10-44-37_f2e0e6e3e457/events.out.tfevents.1680691487.f2e0e6e3e457.372.2"}, {"rfilename": "special_tokens_map.json"}, {"rfilename": "tokenizer_config.json"}, {"rfilename": "training_args.bin"}, {"rfilename": "vocab.json"}], "spaces": [], "createdAt": "2023-04-05T10:29:45.000Z", "inferenceStatus": "not-loaded"}