{"_id": "647bf8804d7c0c3fcce0bfb8", "id": "PabloGuinea/distilbert", "modelId": "PabloGuinea/distilbert", "author": "PabloGuinea", "sha": "85adb18002d440af1cde76040a1690171a130f51", "lastModified": "2023-06-04T05:02:03.000Z", "private": false, "disabled": false, "gated": false, "pipeline_tag": "token-classification", "tags": ["transformers", "pytorch", "tensorboard", "distilbert", "token-classification", "autotrain_compatible", "endpoints_compatible", "region:us"], "downloads": 1, "library_name": "transformers", "mask_token": "[MASK]", "widgetData": [{"text": "My name is Wolfgang and I live in Berlin"}, {"text": "My name is Sarah and I live in London"}, {"text": "My name is Clara and I live in Berkeley, California."}], "likes": 0, "config": {"architectures": ["DistilBertForTokenClassification"], "model_type": "distilbert", "tokenizer_config": {"cls_token": "[CLS]", "mask_token": "[MASK]", "pad_token": "[PAD]", "sep_token": "[SEP]", "unk_token": "[UNK]"}}, "transformersInfo": {"auto_model": "AutoModelForTokenClassification", "pipeline_tag": "token-classification", "processor": "AutoTokenizer"}, "siblings": [{"rfilename": ".gitattributes"}, {"rfilename": ".gitignore"}, {"rfilename": "config.json"}, {"rfilename": "pytorch_model.bin"}, {"rfilename": "runs/Jun04_04-58-02_d5499551731d/1685854692.8951209/events.out.tfevents.1685854692.d5499551731d.147.1"}, {"rfilename": "runs/Jun04_04-58-02_d5499551731d/events.out.tfevents.1685854692.d5499551731d.147.0"}, {"rfilename": "special_tokens_map.json"}, {"rfilename": "tokenizer.json"}, {"rfilename": "tokenizer_config.json"}, {"rfilename": "training_args.bin"}, {"rfilename": "vocab.txt"}], "spaces": [], "createdAt": "2023-06-04T02:35:44.000Z", "inferenceStatus": "not-loaded"}