{"_id": "6423ef79ccc13f39add5c23d", "id": "pablohga/pabloazevedo", "modelId": "pablohga/pabloazevedo", "author": "pablohga", "sha": "29a1cd3395f6a0623f4ff082fe70ce3614a71a77", "lastModified": "2023-07-22T05:23:07.000Z", "private": false, "disabled": false, "gated": false, "tags": ["region:us"], "downloads": 0, "likes": 0, "siblings": [{"rfilename": ".gitattributes"}, {"rfilename": "PabloAzevedo_2023.ckpt"}, {"rfilename": "PeronagemLucas_2x.ckpt"}, {"rfilename": "PersonagemLucasNovoPrompt.ckpt"}, {"rfilename": "PersonagemSofia.ckpt"}, {"rfilename": "README.md"}, {"rfilename": "lawlassYiffymix20Furry_lawlasmixWithBakedIn.safetensors"}, {"rfilename": "lulamj.ckpt"}, {"rfilename": "pabloazevedo7.ckpt"}, {"rfilename": "pablorev.ckpt"}], "spaces": [], "createdAt": "2023-03-29T07:57:45.000Z", "inferenceStatus": "not-loaded"}