{"_id": "65e1e71190e1c2b462307cef", "id": "pabloce/TinyDolphin-2.8-1.1b-GGUF", "modelId": "pabloce/TinyDolphin-2.8-1.1b-GGUF", "author": "pabloce", "sha": "e3455069b0642423ebbb01bc5aba1e2931332758", "lastModified": "2024-03-02T12:45:21.000Z", "private": false, "disabled": false, "gated": false, "tags": ["gguf", "region:us"], "downloads": 27, "likes": 0, "siblings": [{"rfilename": ".gitattributes"}, {"rfilename": "tinydolphin-2.8-1.1b.Q5_K_M.gguf"}], "spaces": [], "createdAt": "2024-03-01T14:32:49.000Z", "inferenceStatus": "not-loaded"}