{"_id": "65a66d693cfab964eea13919", "id": "Pablo94/racism-finetuned-detests-wandb", "modelId": "Pablo94/racism-finetuned-detests-wandb", "author": "Pablo94", "sha": "f8db7c8e0973f4b284a27d81178ad2640cf63b14", "lastModified": "2024-01-16T11:52:58.000Z", "private": false, "disabled": false, "gated": false, "pipeline_tag": "text-classification", "tags": ["transformers", "tensorboard", "safetensors", "roberta", "text-classification", "generated_from_trainer", "base_model:davidmasip/racism", "license:cc", "autotrain_compatible", "endpoints_compatible", "region:us"], "downloads": 2, "library_name": "transformers", "mask_token": "<mask>", "widgetData": [{"text": "I like you. I love you"}], "likes": 0, "model-index": [{"name": "racism-finetuned-detests-wandb", "results": []}], "config": {"architectures": ["RobertaForSequenceClassification"], "model_type": "roberta", "tokenizer_config": {"bos_token": "<s>", "cls_token": "<s>", "eos_token": "</s>", "mask_token": "<mask>", "pad_token": "<pad>", "sep_token": "</s>", "unk_token": "<unk>"}}, "cardData": {"license": "cc", "base_model": "davidmasip/racism", "tags": ["generated_from_trainer"], "metrics": ["accuracy", "precision", "recall"], "model-index": [{"name": "racism-finetuned-detests-wandb", "results": []}]}, "transformersInfo": {"auto_model": "AutoModelForSequenceClassification", "pipeline_tag": "text-classification", "processor": "AutoTokenizer"}, "siblings": [{"rfilename": ".gitattributes"}, {"rfilename": "README.md"}, {"rfilename": "config.json"}, {"rfilename": "merges.txt"}, {"rfilename": "model.safetensors"}, {"rfilename": "runs/Jan16_11-49-33_c2b21b4dbfbe/events.out.tfevents.1705405805.c2b21b4dbfbe.237.0"}, {"rfilename": "special_tokens_map.json"}, {"rfilename": "tokenizer.json"}, {"rfilename": "tokenizer_config.json"}, {"rfilename": "training_args.bin"}, {"rfilename": "vocab.json"}], "spaces": [], "createdAt": "2024-01-16T11:50:01.000Z", "safetensors": {"parameters": {"F32": 124644866}, "total": 124644866}, "inferenceStatus": "not-loaded"}