{"_id": "65c9f15f786855f866f9e51d", "id": "Pablo94/electra-base-discriminator-finetuned-detests-wandb24", "modelId": "Pablo94/electra-base-discriminator-finetuned-detests-wandb24", "author": "Pablo94", "sha": "64cc1115e16fb4647a84869651fd0b695c44da0c", "lastModified": "2024-02-12T10:25:23.000Z", "private": false, "disabled": false, "gated": false, "pipeline_tag": "text-classification", "tags": ["transformers", "tensorboard", "safetensors", "electra", "text-classification", "generated_from_trainer", "base_model:google/electra-base-discriminator", "license:apache-2.0", "autotrain_compatible", "endpoints_compatible", "region:us"], "downloads": 2, "library_name": "transformers", "mask_token": "[MASK]", "widgetData": [{"text": "I like you. I love you"}], "likes": 0, "model-index": [{"name": "electra-base-discriminator-finetuned-detests-wandb24", "results": []}], "config": {"architectures": ["ElectraForSequenceClassification"], "model_type": "electra", "tokenizer_config": {"cls_token": "[CLS]", "mask_token": "[MASK]", "pad_token": "[PAD]", "sep_token": "[SEP]", "unk_token": "[UNK]"}}, "cardData": {"license": "apache-2.0", "base_model": "google/electra-base-discriminator", "tags": ["generated_from_trainer"], "metrics": ["accuracy", "precision", "recall"], "model-index": [{"name": "electra-base-discriminator-finetuned-detests-wandb24", "results": []}]}, "transformersInfo": {"auto_model": "AutoModelForSequenceClassification", "pipeline_tag": "text-classification", "processor": "AutoTokenizer"}, "siblings": [{"rfilename": ".gitattributes"}, {"rfilename": "README.md"}, {"rfilename": "added_tokens.json"}, {"rfilename": "config.json"}, {"rfilename": "merges.txt"}, {"rfilename": "model.safetensors"}, {"rfilename": "runs/Feb12_09-39-40_93f51a08e000/events.out.tfevents.1707730980.93f51a08e000.1197.0"}, {"rfilename": "runs/Feb12_09-48-09_93f51a08e000/events.out.tfevents.1707731299.93f51a08e000.1197.1"}, {"rfilename": "runs/Feb12_09-52-39_93f51a08e000/events.out.tfevents.1707731565.93f51a08e000.1197.2"}, {"rfilename": "runs/Feb12_09-57-03_93f51a08e000/events.out.tfevents.1707731829.93f51a08e000.1197.3"}, {"rfilename": "runs/Feb12_10-02-09_93f51a08e000/events.out.tfevents.1707732135.93f51a08e000.1197.4"}, {"rfilename": "runs/Feb12_10-06-36_93f51a08e000/events.out.tfevents.1707732411.93f51a08e000.1197.5"}, {"rfilename": "runs/Feb12_10-15-15_93f51a08e000/events.out.tfevents.1707732920.93f51a08e000.1197.6"}, {"rfilename": "runs/Feb12_10-22-18_93f51a08e000/events.out.tfevents.1707733346.93f51a08e000.1197.7"}, {"rfilename": "sentencepiece.bpe.model"}, {"rfilename": "special_tokens_map.json"}, {"rfilename": "tokenizer.json"}, {"rfilename": "tokenizer_config.json"}, {"rfilename": "training_args.bin"}, {"rfilename": "vocab.json"}, {"rfilename": "vocab.txt"}], "spaces": [], "createdAt": "2024-02-12T10:22:23.000Z", "safetensors": {"parameters": {"F32": 109483778}, "total": 109483778}, "inferenceStatus": "not-loaded"}