{"_id": "627d171f63fd471b33b24c28", "id": "Pablo94/roberta-base-bne-finetuned-detests", "modelId": "Pablo94/roberta-base-bne-finetuned-detests", "author": "Pablo94", "sha": "02a47d1a2ae52cffdf4cfcef02d36b2054385d16", "lastModified": "2023-09-10T08:11:40.000Z", "private": false, "disabled": false, "gated": false, "pipeline_tag": "text-classification", "tags": ["transformers", "pytorch", "tensorboard", "roberta", "text-classification", "generated_from_trainer", "base_model:BSC-TeMU/roberta-base-bne", "license:apache-2.0", "autotrain_compatible", "endpoints_compatible", "region:us"], "downloads": 10, "library_name": "transformers", "mask_token": "<mask>", "widgetData": [{"text": "I like you. I love you"}], "likes": 0, "model-index": [{"name": "roberta-base-bne-finetuned-detests", "results": []}], "config": {"architectures": ["RobertaForSequenceClassification"], "model_type": "roberta", "tokenizer_config": {"bos_token": {"__type": "AddedToken", "content": "<s>", "lstrip": false, "normalized": true, "rstrip": false, "single_word": false}, "cls_token": {"__type": "AddedToken", "content": "<s>", "lstrip": false, "normalized": true, "rstrip": false, "single_word": false}, "eos_token": {"__type": "AddedToken", "content": "</s>", "lstrip": false, "normalized": true, "rstrip": false, "single_word": false}, "mask_token": {"__type": "AddedToken", "content": "<mask>", "lstrip": true, "normalized": true, "rstrip": false, "single_word": false}, "pad_token": {"__type": "AddedToken", "content": "<pad>", "lstrip": false, "normalized": true, "rstrip": false, "single_word": false}, "sep_token": {"__type": "AddedToken", "content": "</s>", "lstrip": false, "normalized": true, "rstrip": false, "single_word": false}, "unk_token": {"__type": "AddedToken", "content": "<unk>", "lstrip": false, "normalized": true, "rstrip": false, "single_word": false}}}, "cardData": {"license": "apache-2.0", "base_model": "BSC-TeMU/roberta-base-bne", "tags": ["generated_from_trainer"], "metrics": ["accuracy", "precision", "recall"], "model-index": [{"name": "roberta-base-bne-finetuned-detests", "results": []}]}, "transformersInfo": {"auto_model": "AutoModelForSequenceClassification", "pipeline_tag": "text-classification", "processor": "AutoTokenizer"}, "siblings": [{"rfilename": ".gitattributes"}, {"rfilename": ".gitignore"}, {"rfilename": "README.md"}, {"rfilename": "config.json"}, {"rfilename": "merges.txt"}, {"rfilename": "pytorch_model.bin"}, {"rfilename": "runs/May13_07-02-37_a79c8ecfcc15/1652425394.0998156/events.out.tfevents.1652425394.a79c8ecfcc15.62.1"}, {"rfilename": "runs/May13_07-02-37_a79c8ecfcc15/1652433643.040394/events.out.tfevents.1652433643.a79c8ecfcc15.62.3"}, {"rfilename": "runs/May13_07-02-37_a79c8ecfcc15/1652440682.1106265/events.out.tfevents.1652440682.a79c8ecfcc15.62.5"}, {"rfilename": "runs/May13_07-02-37_a79c8ecfcc15/events.out.tfevents.1652425394.a79c8ecfcc15.62.0"}, {"rfilename": "runs/May13_07-02-37_a79c8ecfcc15/events.out.tfevents.1652433642.a79c8ecfcc15.62.2"}, {"rfilename": "runs/May13_07-02-37_a79c8ecfcc15/events.out.tfevents.1652440682.a79c8ecfcc15.62.4"}, {"rfilename": "runs/May14_08-31-07_66bd4cb19a6f/1652517265.1694522/events.out.tfevents.1652517265.66bd4cb19a6f.73.1"}, {"rfilename": "runs/May14_08-31-07_66bd4cb19a6f/events.out.tfevents.1652517265.66bd4cb19a6f.73.0"}, {"rfilename": "runs/Oct29_07-35-03_bec00cca4502/1667029452.2021961/events.out.tfevents.1667029452.bec00cca4502.75.1"}, {"rfilename": "runs/Oct29_07-35-03_bec00cca4502/events.out.tfevents.1667029452.bec00cca4502.75.0"}, {"rfilename": "runs/Oct29_07-47-20_bec00cca4502/1667029683.1842039/events.out.tfevents.1667029683.bec00cca4502.75.3"}, {"rfilename": "runs/Oct29_07-47-20_bec00cca4502/events.out.tfevents.1667029683.bec00cca4502.75.2"}, {"rfilename": "runs/Oct29_07-57-15_bec00cca4502/1667030250.4070077/events.out.tfevents.1667030250.bec00cca4502.75.5"}, {"rfilename": "runs/Oct29_07-57-15_bec00cca4502/events.out.tfevents.1667030250.bec00cca4502.75.4"}, {"rfilename": "runs/Oct29_08-00-12_bec00cca4502/1667030445.8911562/events.out.tfevents.1667030445.bec00cca4502.75.7"}, {"rfilename": "runs/Oct29_08-00-12_bec00cca4502/events.out.tfevents.1667030445.bec00cca4502.75.6"}, {"rfilename": "special_tokens_map.json"}, {"rfilename": "tokenizer.json"}, {"rfilename": "tokenizer_config.json"}, {"rfilename": "training_args.bin"}, {"rfilename": "vocab.json"}], "spaces": [], "createdAt": "2022-05-12T14:18:07.000Z", "inferenceStatus": "not-loaded"}