{"_id": "647c14fa6dbad6ab058f510d", "id": "PabloGuinea/bert-tokeni", "modelId": "PabloGuinea/bert-tokeni", "author": "PabloGuinea", "sha": "ba662443ddd48de28a949afd9597ab7412f63fa0", "lastModified": "2023-06-04T04:42:14.000Z", "private": false, "disabled": false, "gated": false, "pipeline_tag": "token-classification", "tags": ["transformers", "pytorch", "tensorboard", "bert", "token-classification", "autotrain_compatible", "endpoints_compatible", "region:us"], "downloads": 2, "library_name": "transformers", "mask_token": "[MASK]", "widgetData": [{"text": "My name is Wolfgang and I live in Berlin"}, {"text": "My name is Sarah and I live in London"}, {"text": "My name is Clara and I live in Berkeley, California."}], "likes": 0, "config": {"architectures": ["BertForTokenClassification"], "model_type": "bert", "tokenizer_config": {"cls_token": "[CLS]", "mask_token": "[MASK]", "pad_token": "[PAD]", "sep_token": "[SEP]", "unk_token": "[UNK]"}}, "transformersInfo": {"auto_model": "AutoModelForTokenClassification", "pipeline_tag": "token-classification", "processor": "AutoTokenizer"}, "siblings": [{"rfilename": ".gitattributes"}, {"rfilename": ".gitignore"}, {"rfilename": "config.json"}, {"rfilename": "pytorch_model.bin"}, {"rfilename": "runs/Jun04_04-37-14_e96af5764e2d/1685853439.5927176/events.out.tfevents.1685853439.e96af5764e2d.16101.3"}, {"rfilename": "runs/Jun04_04-37-14_e96af5764e2d/events.out.tfevents.1685853439.e96af5764e2d.16101.2"}, {"rfilename": "runs/Jun04_04-39-28_e96af5764e2d/1685853570.6418595/events.out.tfevents.1685853570.e96af5764e2d.16101.5"}, {"rfilename": "runs/Jun04_04-39-28_e96af5764e2d/events.out.tfevents.1685853570.e96af5764e2d.16101.4"}, {"rfilename": "runs/Jun04_04-39-42_e96af5764e2d/1685853584.6732585/events.out.tfevents.1685853584.e96af5764e2d.16101.7"}, {"rfilename": "runs/Jun04_04-39-42_e96af5764e2d/events.out.tfevents.1685853584.e96af5764e2d.16101.6"}, {"rfilename": "runs/Jun04_04-41-28_e96af5764e2d/1685853691.339581/events.out.tfevents.1685853691.e96af5764e2d.16101.9"}, {"rfilename": "runs/Jun04_04-41-28_e96af5764e2d/events.out.tfevents.1685853691.e96af5764e2d.16101.8"}, {"rfilename": "special_tokens_map.json"}, {"rfilename": "tokenizer.json"}, {"rfilename": "tokenizer_config.json"}, {"rfilename": "training_args.bin"}, {"rfilename": "vocab.txt"}], "spaces": [], "createdAt": "2023-06-04T04:37:14.000Z", "inferenceStatus": "not-loaded"}