{"_id": "64147d9e3f66b0ab39940603", "id": "Pablojmed/Est_RoBERTa", "modelId": "Pablojmed/Est_RoBERTa", "author": "Pablojmed", "sha": "a445f0199cf10c156fc0328b200916e2833a1240", "lastModified": "2023-03-17T16:28:20.000Z", "private": false, "disabled": false, "gated": false, "pipeline_tag": "text-classification", "tags": ["transformers", "pytorch", "tensorboard", "roberta", "text-classification", "generated_from_trainer", "license:mit", "autotrain_compatible", "endpoints_compatible", "region:us"], "downloads": 3, "library_name": "transformers", "mask_token": "<mask>", "widgetData": [{"text": "I like you. I love you"}], "likes": 0, "model-index": [{"name": "Est_RoBERTa", "results": []}], "config": {"architectures": ["RobertaForSequenceClassification"], "model_type": "roberta", "tokenizer_config": {"bos_token": {"__type": "AddedToken", "content": "<s>", "lstrip": false, "normalized": true, "rstrip": false, "single_word": false}, "cls_token": {"__type": "AddedToken", "content": "<s>", "lstrip": false, "normalized": true, "rstrip": false, "single_word": false}, "eos_token": {"__type": "AddedToken", "content": "</s>", "lstrip": false, "normalized": true, "rstrip": false, "single_word": false}, "mask_token": {"__type": "AddedToken", "content": "<mask>", "lstrip": true, "normalized": true, "rstrip": false, "single_word": false}, "pad_token": {"__type": "AddedToken", "content": "<pad>", "lstrip": false, "normalized": true, "rstrip": false, "single_word": false}, "sep_token": {"__type": "AddedToken", "content": "</s>", "lstrip": false, "normalized": true, "rstrip": false, "single_word": false}, "unk_token": {"__type": "AddedToken", "content": "<unk>", "lstrip": false, "normalized": true, "rstrip": false, "single_word": false}}}, "cardData": {"license": "mit", "tags": ["generated_from_trainer"], "metrics": ["accuracy"], "model-index": [{"name": "Est_RoBERTa", "results": []}]}, "transformersInfo": {"auto_model": "AutoModelForSequenceClassification", "pipeline_tag": "text-classification", "processor": "AutoTokenizer"}, "siblings": [{"rfilename": ".gitattributes"}, {"rfilename": ".gitignore"}, {"rfilename": "README.md"}, {"rfilename": "config.json"}, {"rfilename": "merges.txt"}, {"rfilename": "pytorch_model.bin"}, {"rfilename": "runs/Mar17_14-47-55_4bd7199d8bd5/1679064484.6633134/events.out.tfevents.1679064484.4bd7199d8bd5.255.1"}, {"rfilename": "runs/Mar17_14-47-55_4bd7199d8bd5/events.out.tfevents.1679064484.4bd7199d8bd5.255.0"}, {"rfilename": "runs/Mar17_14-50-55_4bd7199d8bd5/1679064662.621428/events.out.tfevents.1679064662.4bd7199d8bd5.255.3"}, {"rfilename": "runs/Mar17_14-50-55_4bd7199d8bd5/events.out.tfevents.1679064662.4bd7199d8bd5.255.2"}, {"rfilename": "runs/Mar17_14-52-01_4bd7199d8bd5/1679064728.293591/events.out.tfevents.1679064728.4bd7199d8bd5.255.5"}, {"rfilename": "runs/Mar17_14-52-01_4bd7199d8bd5/events.out.tfevents.1679064728.4bd7199d8bd5.255.4"}, {"rfilename": "runs/Mar17_15-31-47_4bd7199d8bd5/1679067112.8093803/events.out.tfevents.1679067112.4bd7199d8bd5.255.7"}, {"rfilename": "runs/Mar17_15-31-47_4bd7199d8bd5/events.out.tfevents.1679067112.4bd7199d8bd5.255.6"}, {"rfilename": "runs/Mar17_15-43-24_4bd7199d8bd5/1679067811.0573027/events.out.tfevents.1679067811.4bd7199d8bd5.255.9"}, {"rfilename": "runs/Mar17_15-43-24_4bd7199d8bd5/events.out.tfevents.1679067811.4bd7199d8bd5.255.8"}, {"rfilename": "runs/Mar17_15-49-27_4bd7199d8bd5/1679068173.59761/events.out.tfevents.1679068173.4bd7199d8bd5.255.11"}, {"rfilename": "runs/Mar17_15-49-27_4bd7199d8bd5/events.out.tfevents.1679068173.4bd7199d8bd5.255.10"}, {"rfilename": "runs/Mar17_15-59-39_4bd7199d8bd5/1679068785.7589757/events.out.tfevents.1679068785.4bd7199d8bd5.255.13"}, {"rfilename": "runs/Mar17_15-59-39_4bd7199d8bd5/events.out.tfevents.1679068785.4bd7199d8bd5.255.12"}, {"rfilename": "runs/Mar17_16-08-11_4bd7199d8bd5/1679069298.1248426/events.out.tfevents.1679069298.4bd7199d8bd5.255.15"}, {"rfilename": "runs/Mar17_16-08-11_4bd7199d8bd5/events.out.tfevents.1679069298.4bd7199d8bd5.255.14"}, {"rfilename": "runs/Mar17_16-08-11_4bd7199d8bd5/events.out.tfevents.1679070371.4bd7199d8bd5.255.16"}, {"rfilename": "special_tokens_map.json"}, {"rfilename": "tokenizer_config.json"}, {"rfilename": "training_args.bin"}, {"rfilename": "vocab.json"}], "spaces": [], "createdAt": "2023-03-17T14:47:58.000Z", "inferenceStatus": "not-loaded"}