{"_id": "64ced2c73c4a1b39a0ce76df", "id": "Pablito3376/PauloLondra", "modelId": "Pablito3376/PauloLondra", "author": "Pablito3376", "sha": "d8dc6f91c2d1fe402c28db691f4477e5c077605e", "lastModified": "2023-08-05T23:22:34.000Z", "private": false, "disabled": false, "gated": false, "tags": ["region:us"], "downloads": 0, "likes": 0, "siblings": [{"rfilename": ".gitattributes"}, {"rfilename": "Paulo londra.zip"}], "spaces": [], "createdAt": "2023-08-05T22:52:55.000Z", "inferenceStatus": "not-loaded"}