{"_id": "63c02ca01793b0c31ca97e7a", "id": "pabloac31/ppo-Huggy", "modelId": "pabloac31/ppo-Huggy", "author": "pabloac31", "sha": "690e792ceea4933c213f1da5a5ef1d747873ff78", "lastModified": "2023-01-12T15:52:06.000Z", "private": false, "disabled": false, "gated": false, "pipeline_tag": "reinforcement-learning", "tags": ["ml-agents", "tensorboard", "onnx", "unity-ml-agents", "deep-reinforcement-learning", "reinforcement-learning", "ML-Agents-Huggy", "region:us"], "downloads": 3, "library_name": "ml-agents", "likes": 0, "model-index": null, "config": {}, "cardData": {"tags": ["unity-ml-agents", "ml-agents", "deep-reinforcement-learning", "reinforcement-learning", "ML-Agents-Huggy"], "library_name": "ml-agents"}, "siblings": [{"rfilename": ".gitattributes"}, {"rfilename": "Huggy.onnx"}, {"rfilename": "Huggy/Huggy-1199986.onnx"}, {"rfilename": "Huggy/Huggy-1199986.pt"}, {"rfilename": "Huggy/Huggy-1399923.onnx"}, {"rfilename": "Huggy/Huggy-1399923.pt"}, {"rfilename": "Huggy/Huggy-1599629.onnx"}, {"rfilename": "Huggy/Huggy-1599629.pt"}, {"rfilename": "Huggy/Huggy-1799959.onnx"}, {"rfilename": "Huggy/Huggy-1799959.pt"}, {"rfilename": "Huggy/Huggy-199949.onnx"}, {"rfilename": "Huggy/Huggy-199949.pt"}, {"rfilename": "Huggy/Huggy-1999952.onnx"}, {"rfilename": "Huggy/Huggy-1999952.pt"}, {"rfilename": "Huggy/Huggy-2000010.onnx"}, {"rfilename": "Huggy/Huggy-2000010.pt"}, {"rfilename": "Huggy/Huggy-399950.onnx"}, {"rfilename": "Huggy/Huggy-399950.pt"}, {"rfilename": "Huggy/Huggy-599974.onnx"}, {"rfilename": "Huggy/Huggy-599974.pt"}, {"rfilename": "Huggy/Huggy-799971.onnx"}, {"rfilename": "Huggy/Huggy-799971.pt"}, {"rfilename": "Huggy/Huggy-999903.onnx"}, {"rfilename": "Huggy/Huggy-999903.pt"}, {"rfilename": "Huggy/checkpoint.pt"}, {"rfilename": "Huggy/events.out.tfevents.1673536285.3a0d5936cb98.2779.0"}, {"rfilename": "README.md"}, {"rfilename": "config.json"}, {"rfilename": "configuration.yaml"}, {"rfilename": "run_logs/Player-0.log"}, {"rfilename": "run_logs/timers.json"}, {"rfilename": "run_logs/training_status.json"}], "spaces": [], "createdAt": "2023-01-12T15:52:00.000Z", "inferenceStatus": "not-loaded"}