{"_id": "65e6bfb92046f83ef407dc87", "id": "pabloce/Dolphin-2.8-slerp", "modelId": "pabloce/Dolphin-2.8-slerp", "author": "pabloce", "sha": "f7f1cdd89c9c1c59512e041c654e7314322ea274", "lastModified": "2024-03-13T02:01:46.000Z", "private": false, "disabled": false, "gated": false, "pipeline_tag": "text-generation", "tags": ["transformers", "safetensors", "mistral", "text-generation", "autotrain_compatible", "endpoints_compatible", "chatml", "text-generation-inference", "slerp", "mergekit", "merge", "en", "base_model:yam-peleg/Experiment26-7B", "base_model:cognitivecomputations/dolphin-2.8-experiment26-7b", "license:apache-2.0", "region:us"], "downloads": 821, "library_name": "transformers", "widgetData": [{"text": "My name is Julien and I like to"}, {"text": "My name is Thomas and my main"}, {"text": "My name is Mariama, my favorite"}, {"text": "My name is Clara and I am"}, {"text": "My name is Lewis and I like to"}, {"text": "My name is Merve and my favorite"}, {"text": "My name is Teven and I am"}, {"text": "Once upon a time,"}], "likes": 1, "model-index": null, "config": {"architectures": ["MistralForCausalLM"], "model_type": "mistral", "tokenizer_config": {"bos_token": "<s>", "eos_token": "</s>", "pad_token": "<unk>", "unk_token": "<unk>", "use_default_system_prompt": false}}, "cardData": {"tags": ["text-generation", "autotrain_compatible", "endpoints_compatible", "chatml", "text-generation-inference", "transformers", "slerp", "mistral", "mergekit", "merge"], "base_model": ["yam-peleg/Experiment26-7B", "cognitivecomputations/dolphin-2.8-experiment26-7b"], "library_name": "transformers", "license": "apache-2.0", "language": ["en"], "pipeline_tag": "text-generation", "thumbnail": "https://huggingface.co/pabloce/Dolphin-2.8-slerp/resolve/main/Dolphin-28-slerp.jpeg"}, "transformersInfo": {"auto_model": "AutoModelForCausalLM", "pipeline_tag": "text-generation", "processor": "AutoTokenizer"}, "siblings": [{"rfilename": ".gitattributes"}, {"rfilename": "Dolphin-28-slerp.jpeg"}, {"rfilename": "README.md"}, {"rfilename": "config.json"}, {"rfilename": "mergekit_config.yml"}, {"rfilename": "model-00001-of-00008.safetensors"}, {"rfilename": "model-00002-of-00008.safetensors"}, {"rfilename": "model-00003-of-00008.safetensors"}, {"rfilename": "model-00004-of-00008.safetensors"}, {"rfilename": "model-00005-of-00008.safetensors"}, {"rfilename": "model-00006-of-00008.safetensors"}, {"rfilename": "model-00007-of-00008.safetensors"}, {"rfilename": "model-00008-of-00008.safetensors"}, {"rfilename": "model.safetensors.index.json"}, {"rfilename": "special_tokens_map.json"}, {"rfilename": "tokenizer.json"}, {"rfilename": "tokenizer.model"}, {"rfilename": "tokenizer_config.json"}], "spaces": [], "createdAt": "2024-03-05T06:46:17.000Z", "safetensors": {"parameters": {"BF16": 7241732096}, "total": 7241732096}, "inferenceStatus": "not-loaded"}