{"_id": "6564b9decfdc8b6433ba0b75", "id": "Pablogps/antique_furniture", "modelId": "Pablogps/antique_furniture", "author": "Pablogps", "sha": "e710929fc9e10681033b76e6ce23b36977bb6f80", "lastModified": "2023-11-27T16:06:30.000Z", "private": false, "disabled": false, "gated": false, "tags": ["fastai", "region:us"], "downloads": 0, "library_name": "fastai", "likes": 0, "model-index": null, "cardData": {"tags": ["fastai"]}, "siblings": [{"rfilename": ".gitattributes"}, {"rfilename": "README.md"}, {"rfilename": "art_deco.jpg"}, {"rfilename": "jacobean.jpg"}, {"rfilename": "model.pkl"}, {"rfilename": "pyproject.toml"}, {"rfilename": "sheraton.jpg"}], "spaces": [], "createdAt": "2023-11-27T15:46:38.000Z", "inferenceStatus": "not-loaded"}