{"directed": true, "multigraph": false, "graph": {}, "nodes": [{"id": "p1atdev/pvcxl-v1-lora"}, {"id": "cagliostrolab/animagine-xl-3.0-base"}, {"id": "linaqruf/animagine-xl-2.0"}, {"id": "stabilityai/stable-diffusion-xl-base-1.0"}], "links": [{"source": "cagliostrolab/animagine-xl-3.0-base", "target": "p1atdev/pvcxl-v1-lora"}, {"source": "linaqruf/animagine-xl-2.0", "target": "cagliostrolab/animagine-xl-3.0-base"}, {"source": "stabilityai/stable-diffusion-xl-base-1.0", "target": "linaqruf/animagine-xl-2.0"}]}