{"_id": "656a2bce7825b31010a325e2", "id": "i-be-snek/distilbert-base-uncased-finetuned-ner-exp_B", "modelId": "i-be-snek/distilbert-base-uncased-finetuned-ner-exp_B", "author": "i-be-snek", "sha": "7936b9ed201c14f57e091bcb1359347e146f75c6", "lastModified": "2023-12-05T08:39:30.000Z", "private": false, "disabled": false, "gated": false, "pipeline_tag": "token-classification", "tags": ["transformers", "tf", "tensorboard", "distilbert", "token-classification", "generated_from_keras_callback", "en", "dataset:Babelscape/multinerd", "base_model:distilbert-base-uncased", "license:apache-2.0", "model-index", "autotrain_compatible", "endpoints_compatible", "region:us"], "downloads": 2, "library_name": "transformers", "mask_token": "[MASK]", "widgetData": [{"text": "After months of meticulous review and analysis, I am proud to present a study that explores the deep connections between Epstein-Barr virus (EBV), Long COVID and Myalgic Encephalomyelitis.", "example_title": "Example 1"}, {"text": "Is it dangerous for a tarantula to live in a paludarium?", "example_title": "Example 2"}, {"text": "Billionaire Charlie Munger, Warren Buffet's right hand man, dies at 99.", "example_title": "Example 3"}], "likes": 0, "model-index": [{"name": "i-be-snek/distilbert-base-uncased-finetuned-ner-exp_B", "results": [{"task": {"type": "token-classification", "name": "ner"}, "dataset": {"name": "Babelscape/multinerd (modified version)", "type": "Babelscape/multinerd", "split": "test"}, "metrics": [{"type": "seqeval", "value": 0.9362959157462112, "name": "precision", "verified": false}, {"type": "seqeval", "value": 0.9524846478811898, "name": "recall", "verified": false}, {"type": "seqeval", "value": 0.9443209050281742, "name": "f1", "verified": false}, {"type": "seqeval", "value": 0.9913435631438657, "name": "accuracy", "verified": false}]}]}], "config": {"architectures": ["DistilBertForTokenClassification"], "model_type": "distilbert", "tokenizer_config": {"cls_token": "[CLS]", "mask_token": "[MASK]", "pad_token": "[PAD]", "sep_token": "[SEP]", "unk_token": "[UNK]"}}, "cardData": {"language": ["en"], "license": "apache-2.0", "library_name": "transformers", "tags": ["generated_from_keras_callback"], "datasets": ["Babelscape/multinerd"], "metrics": ["seqeval"], "base_model": "distilbert-base-uncased", "pipeline_tag": "token-classification", "widget": [{"text": "After months of meticulous review and analysis, I am proud to present a study that explores the deep connections between Epstein-Barr virus (EBV), Long COVID and Myalgic Encephalomyelitis.", "example_title": "Example 1"}, {"text": "Is it dangerous for a tarantula to live in a paludarium?", "example_title": "Example 2"}, {"text": "Billionaire Charlie Munger, Warren Buffet's right hand man, dies at 99.", "example_title": "Example 3"}], "model-index": [{"name": "i-be-snek/distilbert-base-uncased-finetuned-ner-exp_B", "results": [{"task": {"type": "token-classification", "name": "ner"}, "dataset": {"name": "Babelscape/multinerd (modified version)", "type": "Babelscape/multinerd", "split": "test"}, "metrics": [{"type": "seqeval", "value": 0.9362959157462112, "name": "precision", "verified": false}, {"type": "seqeval", "value": 0.9524846478811898, "name": "recall", "verified": false}, {"type": "seqeval", "value": 0.9443209050281742, "name": "f1", "verified": false}, {"type": "seqeval", "value": 0.9913435631438657, "name": "accuracy", "verified": false}]}]}]}, "transformersInfo": {"auto_model": "AutoModelForTokenClassification", "pipeline_tag": "token-classification", "processor": "AutoTokenizer"}, "siblings": [{"rfilename": ".gitattributes"}, {"rfilename": "README.md"}, {"rfilename": "config.json"}, {"rfilename": "logs/train/events.out.tfevents.1701531296.efd32f896b60.189.0.v2"}, {"rfilename": "logs/train/events.out.tfevents.1701563713.snek.100056.0.v2"}, {"rfilename": "logs/validation/events.out.tfevents.1701533308.efd32f896b60.189.1.v2"}, {"rfilename": "logs/validation/events.out.tfevents.1701565217.snek.100056.1.v2"}, {"rfilename": "metrics_by_entity.jsonl"}, {"rfilename": "metrics_by_entity.txt"}, {"rfilename": "special_tokens_map.json"}, {"rfilename": "tf_model.h5"}, {"rfilename": "tokenizer.json"}, {"rfilename": "tokenizer_config.json"}, {"rfilename": "vocab.txt"}], "spaces": [], "createdAt": "2023-12-01T18:54:06.000Z", "inferenceStatus": "not-loaded"}