{"_id": "6569f33d44ce94a70187235d", "id": "i-be-snek/distilbert-base-uncased-finetuned-ner-exp_A", "modelId": "i-be-snek/distilbert-base-uncased-finetuned-ner-exp_A", "author": "i-be-snek", "sha": "727fa43ab2f874658f1d847720252ae2eb359246", "lastModified": "2023-12-05T08:40:49.000Z", "private": false, "disabled": false, "gated": false, "pipeline_tag": "token-classification", "tags": ["transformers", "tf", "tensorboard", "distilbert", "token-classification", "generated_from_keras_callback", "en", "dataset:Babelscape/multinerd", "base_model:distilbert-base-uncased", "license:apache-2.0", "model-index", "autotrain_compatible", "endpoints_compatible", "region:us"], "downloads": 2, "library_name": "transformers", "mask_token": "[MASK]", "widgetData": [{"text": "After months of meticulous review and analysis, I am proud to present a study that explores the deep connections between Epstein-Barr virus (EBV), Long COVID and Myalgic Encephalomyelitis.", "example_title": "Example 1"}, {"text": "The boy is, of course, Cupid. The image of a cupid riding a lion was a common theme in classical and Renaissance art, representing the Virgilian maxim Amor vincit omnia \u2013 love conquers all.", "example_title": "Example 2"}, {"text": "Billionaire Charlie Munger, Warren Buffet's right hand man, dies at 99.", "example_title": "Example 3"}], "likes": 0, "model-index": [{"name": "i-be-snek/distilbert-base-uncased-finetuned-ner-exp_A", "results": [{"task": {"type": "token-classification", "name": "ner"}, "dataset": {"name": "Babelscape/multinerd", "type": "Babelscape/multinerd", "split": "test"}, "metrics": [{"type": "seqeval", "value": 0.9053582270795385, "name": "precision", "verified": false}, {"type": "seqeval", "value": 0.9303178007408852, "name": "recall", "verified": false}, {"type": "seqeval", "value": 0.9176683270188665, "name": "f1", "verified": false}, {"type": "seqeval", "value": 0.9863554498955407, "name": "accuracy", "verified": false}]}]}], "config": {"architectures": ["DistilBertForTokenClassification"], "model_type": "distilbert", "tokenizer_config": {"cls_token": "[CLS]", "mask_token": "[MASK]", "pad_token": "[PAD]", "sep_token": "[SEP]", "unk_token": "[UNK]"}}, "cardData": {"language": ["en"], "license": "apache-2.0", "tags": ["generated_from_keras_callback"], "datasets": ["Babelscape/multinerd"], "metrics": ["seqeval"], "base_model": "distilbert-base-uncased", "pipeline_tag": "token-classification", "widget": [{"text": "After months of meticulous review and analysis, I am proud to present a study that explores the deep connections between Epstein-Barr virus (EBV), Long COVID and Myalgic Encephalomyelitis.", "example_title": "Example 1"}, {"text": "The boy is, of course, Cupid. The image of a cupid riding a lion was a common theme in classical and Renaissance art, representing the Virgilian maxim Amor vincit omnia \u2013 love conquers all.", "example_title": "Example 2"}, {"text": "Billionaire Charlie Munger, Warren Buffet's right hand man, dies at 99.", "example_title": "Example 3"}], "model-index": [{"name": "i-be-snek/distilbert-base-uncased-finetuned-ner-exp_A", "results": [{"task": {"type": "token-classification", "name": "ner"}, "dataset": {"name": "Babelscape/multinerd", "type": "Babelscape/multinerd", "split": "test"}, "metrics": [{"type": "seqeval", "value": 0.9053582270795385, "name": "precision", "verified": false}, {"type": "seqeval", "value": 0.9303178007408852, "name": "recall", "verified": false}, {"type": "seqeval", "value": 0.9176683270188665, "name": "f1", "verified": false}, {"type": "seqeval", "value": 0.9863554498955407, "name": "accuracy", "verified": false}]}]}]}, "transformersInfo": {"auto_model": "AutoModelForTokenClassification", "pipeline_tag": "token-classification", "processor": "AutoTokenizer"}, "siblings": [{"rfilename": ".gitattributes"}, {"rfilename": "README.md"}, {"rfilename": "config.json"}, {"rfilename": "logs/train/events.out.tfevents.1701442367.snek.4295.0.v2"}, {"rfilename": "logs/train/events.out.tfevents.1701573914.snek.3031.0.v2"}, {"rfilename": "logs/train/events.out.tfevents.1701597163.snek.3065.0.v2"}, {"rfilename": "logs/train/events.out.tfevents.1701601690.snek.69265.0.v2"}, {"rfilename": "logs/validation/events.out.tfevents.1701443932.snek.4295.1.v2"}, {"rfilename": "logs/validation/events.out.tfevents.1701575415.snek.3031.1.v2"}, {"rfilename": "logs/validation/events.out.tfevents.1701598768.snek.3065.1.v2"}, {"rfilename": "logs/validation/events.out.tfevents.1701603726.snek.69265.1.v2"}, {"rfilename": "metrics_by_entity.jsonl"}, {"rfilename": "metrics_by_entity.txt"}, {"rfilename": "special_tokens_map.json"}, {"rfilename": "tf_model.h5"}, {"rfilename": "tokenizer.json"}, {"rfilename": "tokenizer_config.json"}, {"rfilename": "vocab.txt"}], "spaces": [], "createdAt": "2023-12-01T14:52:45.000Z", "inferenceStatus": "not-loaded"}