{"_id": "668ef8221839e2338eaa716f", "id": "i-dont-hug-face/adamcodd-donut-extract", "modelId": "i-dont-hug-face/adamcodd-donut-extract", "author": "i-dont-hug-face", "sha": "26c91ca188b7917025681acb9bb215120efb6e9c", "lastModified": "2024-07-11T01:13:05.000Z", "private": false, "disabled": false, "gated": false, "pipeline_tag": "image-to-text", "tags": ["transformers", "safetensors", "vision-encoder-decoder", "donut", "image-to-text", "vision", "dataset:AdamCodd/donut-receipts", "arxiv:2111.15664", "base_model:naver-clova-ix/donut-base", "license:cc-by-nc-4.0", "model-index", "region:us"], "downloads": 13, "library_name": "transformers", "likes": 0, "model-index": [{"name": "donut-receipts-extract", "results": [{"task": {"type": "image-to-text", "name": "Image to text"}, "metrics": [{"type": "loss", "value": 0.326069, "verified": false}, {"type": "accuracy", "value": 0.895219, "name": "Accuracy", "verified": false}, {"type": "cer", "value": 0.158358, "name": "CER", "verified": false}, {"type": "wer", "value": 1.673989, "name": "WER", "verified": false}, {"type": "edit distance", "value": 0.145293, "name": "Edit_distance", "verified": false}]}]}], "config": {"architectures": ["VisionEncoderDecoderModel"], "model_type": "vision-encoder-decoder", "tokenizer_config": {"bos_token": "<s>", "cls_token": "<s>", "eos_token": "</s>", "mask_token": "<mask>", "pad_token": "<pad>", "sep_token": "</s>", "unk_token": "<unk>"}}, "cardData": {"license": "cc-by-nc-4.0", "inference": false, "base_model": "naver-clova-ix/donut-base", "tags": ["donut", "image-to-text", "vision"], "model-index": [{"name": "donut-receipts-extract", "results": [{"task": {"type": "image-to-text", "name": "Image to text"}, "metrics": [{"type": "loss", "value": 0.326069, "verified": false}, {"type": "accuracy", "value": 0.895219, "name": "Accuracy", "verified": false}, {"type": "cer", "value": 0.158358, "name": "CER", "verified": false}, {"type": "wer", "value": 1.673989, "name": "WER", "verified": false}, {"type": "edit distance", "value": 0.145293, "name": "Edit_distance", "verified": false}]}]}], "metrics": ["cer", "wer", "accuracy"], "datasets": ["AdamCodd/donut-receipts"], "pipeline_tag": "image-to-text"}, "transformersInfo": {"auto_model": "AutoModel", "processor": "AutoTokenizer"}, "siblings": [{"rfilename": ".gitattributes"}, {"rfilename": "README.md"}, {"rfilename": "added_tokens.json"}, {"rfilename": "config.json"}, {"rfilename": "generation_config.json"}, {"rfilename": "inference.py"}, {"rfilename": "model.safetensors"}, {"rfilename": "preprocessor_config.json"}, {"rfilename": "sentencepiece.bpe.model"}, {"rfilename": "special_tokens_map.json"}, {"rfilename": "tokenizer.json"}, {"rfilename": "tokenizer_config.json"}], "spaces": [], "createdAt": "2024-07-10T21:07:46.000Z", "safetensors": {"parameters": {"I64": 200000, "F32": 201886840}, "total": 202086840}, "inferenceStatus": "not-loaded"}