{"_id": "6499c2a712dc78ff51963cb9", "id": "i-guns/_gunsRVCModels", "modelId": "i-guns/_gunsRVCModels", "author": "i-guns", "sha": "d7cc0c52bf90641378655df0f7af6953b4da3c46", "lastModified": "2023-06-28T14:19:33.000Z", "private": false, "disabled": false, "gated": false, "tags": ["license:openrail", "region:us"], "downloads": 0, "likes": 0, "model-index": null, "cardData": {"license": "openrail"}, "siblings": [{"rfilename": ".gitattributes"}, {"rfilename": "MasterChief_guns-2.zip"}, {"rfilename": "MasterChief_guns.zip"}, {"rfilename": "Paarthurnax_guns.zip"}, {"rfilename": "README.md"}], "spaces": [], "createdAt": "2023-06-26T16:53:59.000Z", "inferenceStatus": "not-loaded"}