{"_id": "65521625e4a7feed73a0b801", "id": "i-k-a/my_lenta_model_t5-base", "modelId": "i-k-a/my_lenta_model_t5-base", "author": "i-k-a", "sha": "b72ca1275d68f982dfc6825cc77a125a26fa6fac", "lastModified": "2023-11-13T13:23:41.000Z", "private": false, "disabled": false, "gated": false, "pipeline_tag": "text2text-generation", "tags": ["transformers", "tensorboard", "safetensors", "t5", "text2text-generation", "autotrain_compatible", "text-generation-inference", "endpoints_compatible", "region:us"], "downloads": 1, "library_name": "transformers", "likes": 0, "config": {"architectures": ["T5ForConditionalGeneration"], "model_type": "t5", "tokenizer_config": {"eos_token": "</s>", "pad_token": "<pad>", "unk_token": "<unk>"}}, "transformersInfo": {"auto_model": "AutoModelForSeq2SeqLM", "pipeline_tag": "text2text-generation", "processor": "AutoTokenizer"}, "siblings": [{"rfilename": ".gitattributes"}, {"rfilename": "config.json"}, {"rfilename": "model.safetensors"}, {"rfilename": "runs/Nov13_12-03-27_6218af9b9a4d/events.out.tfevents.1699877013.6218af9b9a4d.641.0"}, {"rfilename": "runs/Nov13_12-27-12_6218af9b9a4d/events.out.tfevents.1699878438.6218af9b9a4d.7169.0"}, {"rfilename": "special_tokens_map.json"}, {"rfilename": "tokenizer.json"}, {"rfilename": "tokenizer_config.json"}, {"rfilename": "training_args.bin"}], "spaces": [], "createdAt": "2023-11-13T12:27:17.000Z", "safetensors": {"parameters": {"F32": 222903552}, "total": 222903552}, "inferenceStatus": "not-loaded"}