{"_id": "64f5f9b5d874a9bf9f5c2c18", "id": "I-like-Portal-2/Fhctybq-sdxl", "modelId": "I-like-Portal-2/Fhctybq-sdxl", "author": "I-like-Portal-2", "sha": "00bd8db5f793f32daaeba9206067c78b9e369d89", "lastModified": "2023-09-07T12:18:02.000Z", "private": false, "disabled": false, "gated": false, "tags": ["region:us"], "downloads": 0, "likes": 0, "siblings": [{"rfilename": ".gitattributes"}, {"rfilename": "Fhctybq-sdxl.safetensors"}, {"rfilename": "Nbveh-sdxl.safetensors"}], "spaces": [], "createdAt": "2023-09-04T15:37:25.000Z", "inferenceStatus": "not-loaded"}