{"_id": "65aa5f59d6b4c93ba66f13ef", "id": "i-pj/ppo-LunarLander-v2", "modelId": "i-pj/ppo-LunarLander-v2", "author": "i-pj", "sha": "eb8e1da56f068f778d950afac1ef12781dbc36c9", "lastModified": "2024-01-19T11:39:29.000Z", "private": false, "disabled": false, "gated": false, "pipeline_tag": "reinforcement-learning", "tags": ["stable-baselines3", "LunarLander-v2", "deep-reinforcement-learning", "reinforcement-learning", "model-index", "region:us"], "downloads": 1, "library_name": "stable-baselines3", "likes": 0, "model-index": [{"name": "PPO", "results": [{"task": {"type": "reinforcement-learning", "name": "reinforcement-learning"}, "dataset": {"name": "LunarLander-v2", "type": "LunarLander-v2"}, "metrics": [{"type": "mean_reward", "value": "268.30 +/- 17.42", "name": "mean_reward", "verified": false}]}]}], "config": {}, "cardData": {"library_name": "stable-baselines3", "tags": ["LunarLander-v2", "deep-reinforcement-learning", "reinforcement-learning", "stable-baselines3"], "model-index": [{"name": "PPO", "results": [{"task": {"type": "reinforcement-learning", "name": "reinforcement-learning"}, "dataset": {"name": "LunarLander-v2", "type": "LunarLander-v2"}, "metrics": [{"type": "mean_reward", "value": "268.30 +/- 17.42", "name": "mean_reward", "verified": false}]}]}]}, "siblings": [{"rfilename": ".gitattributes"}, {"rfilename": "First Model.zip"}, {"rfilename": "First Model/_stable_baselines3_version"}, {"rfilename": "First Model/data"}, {"rfilename": "First Model/policy.optimizer.pth"}, {"rfilename": "First Model/policy.pth"}, {"rfilename": "First Model/pytorch_variables.pth"}, {"rfilename": "First Model/system_info.txt"}, {"rfilename": "README.md"}, {"rfilename": "config.json"}, {"rfilename": "replay.mp4"}, {"rfilename": "results.json"}], "spaces": [], "createdAt": "2024-01-19T11:39:05.000Z", "inferenceStatus": "not-loaded"}