{"_id": "64c9f565f6ee48b4190b035d", "id": "i-ScreamEduNLP/KoOpenOrca-Polyglot-v1-fullFT-epochs-1", "modelId": "i-ScreamEduNLP/KoOpenOrca-Polyglot-v1-fullFT-epochs-1", "author": "i-ScreamEduNLP", "sha": "780fe08108ee7b83ecedb640e0c10d387fc592e0", "lastModified": "2023-08-02T06:45:14.000Z", "private": false, "disabled": false, "gated": false, "pipeline_tag": "text-generation", "tags": ["transformers", "pytorch", "gpt_neox", "text-generation", "license:apache-2.0", "autotrain_compatible", "text-generation-inference", "endpoints_compatible", "region:us"], "downloads": 3, "library_name": "transformers", "widgetData": [{"text": "My name is Julien and I like to"}, {"text": "My name is Thomas and my main"}, {"text": "My name is Mariama, my favorite"}, {"text": "My name is Clara and I am"}, {"text": "My name is Lewis and I like to"}, {"text": "My name is Merve and my favorite"}, {"text": "My name is Teven and I am"}, {"text": "Once upon a time,"}], "likes": 0, "model-index": null, "config": {"architectures": ["GPTNeoXForCausalLM"], "model_type": "gpt_neox", "tokenizer_config": {"eos_token": "<|endoftext|>", "pad_token": "<|endoftext|>"}}, "cardData": {"license": "apache-2.0"}, "transformersInfo": {"auto_model": "AutoModelForCausalLM", "pipeline_tag": "text-generation", "processor": "AutoTokenizer"}, "siblings": [{"rfilename": ".gitattributes"}, {"rfilename": "README.md"}, {"rfilename": "config.json"}, {"rfilename": "generation_config.json"}, {"rfilename": "pytorch_model-00001-of-00006.bin"}, {"rfilename": "pytorch_model-00002-of-00006.bin"}, {"rfilename": "pytorch_model-00003-of-00006.bin"}, {"rfilename": "pytorch_model-00004-of-00006.bin"}, {"rfilename": "pytorch_model-00005-of-00006.bin"}, {"rfilename": "pytorch_model-00006-of-00006.bin"}, {"rfilename": "pytorch_model.bin.index.json"}, {"rfilename": "special_tokens_map.json"}, {"rfilename": "tokenizer.json"}, {"rfilename": "tokenizer_config.json"}], "spaces": [], "createdAt": "2023-08-02T06:19:17.000Z", "inferenceStatus": "not-loaded"}