{"_id": "62368d03cd8e1f47c867eff1", "id": "i-was-neo-first/hubert-large-ami-shard-experiment-colab", "modelId": "i-was-neo-first/hubert-large-ami-shard-experiment-colab", "author": "i-was-neo-first", "sha": "55070c826a63c2dd0a5462e8cdec66b35da32df7", "lastModified": "2022-03-29T00:39:37.000Z", "private": false, "disabled": false, "gated": false, "pipeline_tag": "automatic-speech-recognition", "tags": ["transformers", "pytorch", "tensorboard", "hubert", "automatic-speech-recognition", "generated_from_trainer", "license:apache-2.0", "endpoints_compatible", "region:us"], "downloads": 1, "library_name": "transformers", "likes": 0, "model-index": [{"name": "hubert-large-ami-shard-experiment-colab", "results": []}], "config": {"architectures": ["HubertForCTC"], "model_type": "hubert", "tokenizer_config": {"unk_token": "[UNK]", "bos_token": "<s>", "eos_token": "</s>", "pad_token": "[PAD]"}}, "cardData": {"license": "apache-2.0", "tags": ["generated_from_trainer"], "model-index": [{"name": "hubert-large-ami-shard-experiment-colab", "results": []}]}, "transformersInfo": {"auto_model": "AutoModelForCTC", "pipeline_tag": "automatic-speech-recognition", "processor": "AutoProcessor"}, "siblings": [{"rfilename": ".gitattributes"}, {"rfilename": ".gitignore"}, {"rfilename": "README.md"}, {"rfilename": "config.json"}, {"rfilename": "preprocessor_config.json"}, {"rfilename": "pytorch_model.bin"}, {"rfilename": "runs/Mar28_21-38-46_8d3fe7ea722e/1648503646.5126462/events.out.tfevents.1648503646.8d3fe7ea722e.72.1"}, {"rfilename": "runs/Mar28_21-38-46_8d3fe7ea722e/events.out.tfevents.1648503646.8d3fe7ea722e.72.0"}, {"rfilename": "runs/Mar29_00-22-33_f70ef890aa78/1648513391.0602353/events.out.tfevents.1648513391.f70ef890aa78.73.1"}, {"rfilename": "runs/Mar29_00-22-33_f70ef890aa78/events.out.tfevents.1648513391.f70ef890aa78.73.0"}, {"rfilename": "special_tokens_map.json"}, {"rfilename": "tokenizer_config.json"}, {"rfilename": "training_args.bin"}, {"rfilename": "vocab.json"}], "spaces": [], "createdAt": "2022-03-20T02:10:11.000Z", "inferenceStatus": "not-loaded"}