{"_id": "62d6792b667051e0a29d3ee6", "id": "i-yurkoi/mywav2vec2-turkish", "modelId": "i-yurkoi/mywav2vec2-turkish", "author": "i-yurkoi", "sha": "136e979ccdb409b699a776f012978642681bcf22", "lastModified": "2022-07-19T09:28:20.000Z", "private": false, "disabled": false, "gated": false, "tags": ["region:us"], "downloads": 0, "likes": 0, "config": {"tokenizer_config": {"unk_token": "[UNK]", "bos_token": "<s>", "eos_token": "</s>", "pad_token": "[PAD]"}}, "siblings": [{"rfilename": ".gitattributes"}, {"rfilename": "added_tokens.json"}, {"rfilename": "special_tokens_map.json"}, {"rfilename": "tokenizer_config.json"}, {"rfilename": "vocab.json"}], "spaces": [], "createdAt": "2022-07-19T09:28:11.000Z", "inferenceStatus": "not-loaded"}