{"_id": "624921f1d35af2e85d7c4e18", "id": "i2ohan/finetuning-sentiment-model-3000-samples", "modelId": "i2ohan/finetuning-sentiment-model-3000-samples", "author": "i2ohan", "sha": "920eec2c255febc146f83cfed946d91dd47c0d47", "lastModified": "2022-04-03T04:26:25.000Z", "private": false, "disabled": false, "gated": false, "tags": ["region:us"], "downloads": 0, "likes": 0, "siblings": [{"rfilename": ".gitattributes"}], "spaces": [], "createdAt": "2022-04-03T04:26:25.000Z", "inferenceStatus": "not-loaded"}