{"_id": "62969f7120dc7483861237c2", "id": "I3575I/Walter", "modelId": "I3575I/Walter", "author": "I3575I", "sha": "9a3b764da8cb84fa57f9bc541d27a7379f099bfe", "lastModified": "2022-05-31T23:06:25.000Z", "private": false, "disabled": false, "gated": false, "tags": ["license:apache-2.0", "region:us"], "downloads": 0, "likes": 0, "model-index": null, "cardData": {"license": "apache-2.0"}, "siblings": [{"rfilename": ".gitattributes"}, {"rfilename": "README.md"}], "spaces": [], "createdAt": "2022-05-31T23:06:25.000Z", "inferenceStatus": "not-loaded"}