{"_id": "6404d7cead24e26b445f00c3", "id": "i4ata/a2c-AntBulletEnv-v0", "modelId": "i4ata/a2c-AntBulletEnv-v0", "author": "i4ata", "sha": "14a3faaf9e2b558c48db8b0974126cc63253205c", "lastModified": "2023-03-05T17:57:42.000Z", "private": false, "disabled": false, "gated": false, "pipeline_tag": "reinforcement-learning", "tags": ["stable-baselines3", "AntBulletEnv-v0", "deep-reinforcement-learning", "reinforcement-learning", "model-index", "region:us"], "downloads": 1, "library_name": "stable-baselines3", "likes": 0, "model-index": [{"name": "A2C", "results": [{"task": {"type": "reinforcement-learning", "name": "reinforcement-learning"}, "dataset": {"name": "AntBulletEnv-v0", "type": "AntBulletEnv-v0"}, "metrics": [{"type": "mean_reward", "value": "2088.01 +/- 79.64", "name": "mean_reward", "verified": false}]}]}], "config": {}, "cardData": {"library_name": "stable-baselines3", "tags": ["AntBulletEnv-v0", "deep-reinforcement-learning", "reinforcement-learning", "stable-baselines3"], "model-index": [{"name": "A2C", "results": [{"task": {"type": "reinforcement-learning", "name": "reinforcement-learning"}, "dataset": {"name": "AntBulletEnv-v0", "type": "AntBulletEnv-v0"}, "metrics": [{"type": "mean_reward", "value": "2088.01 +/- 79.64", "name": "mean_reward", "verified": false}]}]}]}, "siblings": [{"rfilename": ".gitattributes"}, {"rfilename": "README.md"}, {"rfilename": "a2c-AntBulletEnv-v0.zip"}, {"rfilename": "a2c-AntBulletEnv-v0/_stable_baselines3_version"}, {"rfilename": "a2c-AntBulletEnv-v0/data"}, {"rfilename": "a2c-AntBulletEnv-v0/policy.optimizer.pth"}, {"rfilename": "a2c-AntBulletEnv-v0/policy.pth"}, {"rfilename": "a2c-AntBulletEnv-v0/pytorch_variables.pth"}, {"rfilename": "a2c-AntBulletEnv-v0/system_info.txt"}, {"rfilename": "config.json"}, {"rfilename": "replay.mp4"}, {"rfilename": "results.json"}, {"rfilename": "vec_normalize.pkl"}], "spaces": [], "createdAt": "2023-03-05T17:56:30.000Z", "inferenceStatus": "not-loaded"}