{"_id": "64796888ba447930a6ff8fa2", "id": "i617/llama-qlora-dolly-15k", "modelId": "i617/llama-qlora-dolly-15k", "author": "i617", "sha": "fb9f29a05a7b0b5bdd412c7abffcdd6b0465e006", "lastModified": "2023-06-02T03:57:00.000Z", "private": false, "disabled": false, "gated": false, "tags": ["region:us"], "downloads": 0, "likes": 0, "siblings": [{"rfilename": ".gitattributes"}, {"rfilename": "adapter_config.json"}, {"rfilename": "adapter_model.bin"}], "spaces": [], "createdAt": "2023-06-02T03:56:56.000Z", "inferenceStatus": "not-loaded"}