{"_id": "646cc757c51833760b5403dd", "id": "i88brains/videomae-base-tranfer-learning-Squats1", "modelId": "i88brains/videomae-base-tranfer-learning-Squats1", "author": "i88brains", "sha": "a7ae91cc19ea1c7b000ea9816429487146149b4d", "lastModified": "2023-05-23T14:01:59.000Z", "private": false, "disabled": false, "gated": false, "tags": ["region:us"], "downloads": 0, "likes": 0, "siblings": [{"rfilename": ".gitattributes"}], "spaces": [], "createdAt": "2023-05-23T14:01:59.000Z", "inferenceStatus": "not-loaded"}