{"_id": "6463595ac758f942090a1dbb", "id": "i88brains/videomae-base-finetuned-ucf101-subset", "modelId": "i88brains/videomae-base-finetuned-ucf101-subset", "author": "i88brains", "sha": "ac32db27e3554291de858075f088324f13ae836d", "lastModified": "2023-05-16T10:22:18.000Z", "private": false, "disabled": false, "gated": false, "tags": ["region:us"], "downloads": 0, "likes": 0, "siblings": [{"rfilename": ".gitattributes"}], "spaces": [], "createdAt": "2023-05-16T10:22:18.000Z", "inferenceStatus": "not-loaded"}