{"_id": "628f80b50ea7e76254bce6ff", "id": "i8pxgd2s/ppo-LunarLander-v2-version3", "modelId": "i8pxgd2s/ppo-LunarLander-v2-version3", "author": "i8pxgd2s", "sha": "a0864660ba5f76b0cdded77139ee6486e6573ca6", "lastModified": "2022-05-26T13:29:52.000Z", "private": false, "disabled": false, "gated": false, "pipeline_tag": "reinforcement-learning", "tags": ["stable-baselines3", "LunarLander-v2", "deep-reinforcement-learning", "reinforcement-learning", "model-index", "region:us"], "downloads": 0, "library_name": "stable-baselines3", "likes": 0, "model-index": [{"name": "PPO", "results": [{"metrics": [{"type": "mean_reward", "value": "234.71 +/- 71.44", "name": "mean_reward", "verified": false}], "task": {"type": "reinforcement-learning", "name": "reinforcement-learning"}, "dataset": {"name": "LunarLander-v2", "type": "LunarLander-v2"}}]}], "config": {}, "cardData": {"library_name": "stable-baselines3", "tags": ["LunarLander-v2", "deep-reinforcement-learning", "reinforcement-learning", "stable-baselines3"], "model-index": [{"name": "PPO", "results": [{"metrics": [{"type": "mean_reward", "value": "234.71 +/- 71.44", "name": "mean_reward", "verified": false}], "task": {"type": "reinforcement-learning", "name": "reinforcement-learning"}, "dataset": {"name": "LunarLander-v2", "type": "LunarLander-v2"}}]}]}, "siblings": [{"rfilename": ".gitattributes"}, {"rfilename": "README.md"}, {"rfilename": "config.json"}, {"rfilename": "ppo-LunarLander-v2.zip"}, {"rfilename": "ppo-LunarLander-v2/_stable_baselines3_version"}, {"rfilename": "ppo-LunarLander-v2/data"}, {"rfilename": "ppo-LunarLander-v2/policy.optimizer.pth"}, {"rfilename": "ppo-LunarLander-v2/policy.pth"}, {"rfilename": "ppo-LunarLander-v2/pytorch_variables.pth"}, {"rfilename": "ppo-LunarLander-v2/system_info.txt"}, {"rfilename": "replay.mp4"}, {"rfilename": "results.json"}], "spaces": [], "createdAt": "2022-05-26T13:29:25.000Z", "inferenceStatus": "not-loaded"}