{"_id": "660e180c23cbb76757d88c79", "id": "IA-GAB/VERIVERY", "modelId": "IA-GAB/VERIVERY", "author": "IA-GAB", "sha": "52d25e8c1ed6b0c72ab355572492225b6ffb1324", "lastModified": "2024-07-07T18:47:34.000Z", "private": false, "disabled": false, "gated": false, "tags": ["region:us"], "downloads": 0, "likes": 0, "siblings": [{"rfilename": ".gitattributes"}, {"rfilename": "DONGHEON_VERIVERY.zip"}, {"rfilename": "GYEHYEON-VERIVERY.zip"}, {"rfilename": "HOYOUNG_VERIVERY.zip"}, {"rfilename": "KANGMIN_VERIVERY.zip"}, {"rfilename": "MINCHAN-VERIVERY.zip"}, {"rfilename": "YEONHO-VERIVERY.zip"}, {"rfilename": "YONGSEUNG_VERIVERY.zip"}], "spaces": [], "createdAt": "2024-04-04T03:01:32.000Z", "inferenceStatus": "not-loaded"}