{"_id": "653eba487bd6a974392746c2", "id": "IA-GAB/EXO", "modelId": "IA-GAB/EXO", "author": "IA-GAB", "sha": "38bcebdc7e61e0edfdf069abebf39baed40f1efd", "lastModified": "2024-04-19T05:12:03.000Z", "private": false, "disabled": false, "gated": false, "tags": ["license:mit", "region:us"], "downloads": 0, "likes": 0, "model-index": null, "cardData": {"license": "mit"}, "siblings": [{"rfilename": ".gitattributes"}, {"rfilename": "EXOBAEKHYUN_MODEL.zip"}, {"rfilename": "EXOCHANYEOL_MODEL.zip"}, {"rfilename": "EXOKAI_MODEL (SAIL-RVC).zip"}, {"rfilename": "EXOKAI_MODEL.zip"}, {"rfilename": "EXOLAY_MODEL.zip"}, {"rfilename": "EXOSEHUN_MODEL.zip"}, {"rfilename": "EXOSUHO_MODEL.zip"}, {"rfilename": "EXOXIUMIN_MODEL.zip"}, {"rfilename": "README.md"}], "spaces": [], "createdAt": "2023-10-29T20:02:16.000Z", "inferenceStatus": "not-loaded"}