{"_id": "662ed8f2e1b53044c5894ae2", "id": "IA-GAB/TXT", "modelId": "IA-GAB/TXT", "author": "IA-GAB", "sha": "f6932519fabe52c7c721d5f706370400dfd122d0", "lastModified": "2024-04-28T23:19:51.000Z", "private": false, "disabled": false, "gated": false, "tags": ["region:us"], "downloads": 0, "likes": 0, "siblings": [{"rfilename": ".gitattributes"}, {"rfilename": "TXT.BEOMGYU [BY.ANA].zip"}, {"rfilename": "TXT.TAEHYUN [BY.LEELO].zip"}], "spaces": [], "createdAt": "2024-04-28T23:17:06.000Z", "inferenceStatus": "not-loaded"}