{"_id": "65dcc227bda21d181b3cdb4e", "id": "IA-GAB/ONEUS", "modelId": "IA-GAB/ONEUS", "author": "IA-GAB", "sha": "0d887cac354464af44cbf05292de670cbf682f0d", "lastModified": "2024-02-26T18:50:25.000Z", "private": false, "disabled": false, "gated": false, "tags": ["region:us"], "downloads": 0, "likes": 0, "siblings": [{"rfilename": ".gitattributes"}, {"rfilename": "HWANONEUS_AI.GAB.zip"}, {"rfilename": "LEEDONEUS_AI.GAB.zip"}, {"rfilename": "XIONONEUS_AI.GAB.zip"}], "spaces": [], "createdAt": "2024-02-26T16:53:59.000Z", "inferenceStatus": "not-loaded"}