{"_id": "653eb8ea9d02096061d36b50", "id": "IA-GAB/GOT7_JB", "modelId": "IA-GAB/GOT7_JB", "author": "IA-GAB", "sha": "d4cd56926186f156e179002a5f3ac8c419ff66b6", "lastModified": "2023-10-29T19:58:34.000Z", "private": false, "disabled": false, "gated": false, "tags": ["license:apache-2.0", "region:us"], "downloads": 0, "likes": 0, "model-index": null, "cardData": {"license": "apache-2.0"}, "siblings": [{"rfilename": ".gitattributes"}, {"rfilename": "GOT7_JBMODEL.zip"}, {"rfilename": "README.md"}], "spaces": [], "createdAt": "2023-10-29T19:56:26.000Z", "inferenceStatus": "not-loaded"}