{"_id": "65ee1c5a770aa0e25d52be6e", "id": "IA-GAB/TWICE", "modelId": "IA-GAB/TWICE", "author": "IA-GAB", "sha": "74d741e030cfcdbc368c280a78364a641191c887", "lastModified": "2024-05-28T20:02:39.000Z", "private": false, "disabled": false, "gated": false, "tags": ["region:us"], "downloads": 0, "likes": 0, "siblings": [{"rfilename": ".gitattributes"}, {"rfilename": "CHAERYEONG_Leelo.zip"}, {"rfilename": "CHAEYOUNGRAP-SAIL.zip"}, {"rfilename": "DAHYUN_Leelo.zip"}, {"rfilename": "JEONGYEON_Leelo.zip"}, {"rfilename": "JIHYO_Leelo.zip"}, {"rfilename": "MINA_Leelo.zip"}, {"rfilename": "MOMO_Leelo.zip"}, {"rfilename": "NAYEON_Leelo.zip"}, {"rfilename": "SANA_Leelo.zip"}, {"rfilename": "TZUYU-Leelo.zip"}], "spaces": [], "createdAt": "2024-03-10T20:47:22.000Z", "inferenceStatus": "not-loaded"}