{"_id": "6559953d16de0c93ae9d19fa", "id": "IA-GAB/BTS", "modelId": "IA-GAB/BTS", "author": "IA-GAB", "sha": "65395a366218cb71dafe7a874852e7ef73b271e4", "lastModified": "2024-03-18T01:34:02.000Z", "private": false, "disabled": false, "gated": false, "tags": ["license:mit", "region:us"], "downloads": 0, "likes": 0, "model-index": null, "cardData": {"license": "mit"}, "siblings": [{"rfilename": ".gitattributes"}, {"rfilename": "JIMIN.SAIL.zip"}, {"rfilename": "JIN-SAIL.zip"}, {"rfilename": "README.md"}, {"rfilename": "RM-SAIL.zip"}], "spaces": [], "createdAt": "2023-11-19T04:55:25.000Z", "inferenceStatus": "not-loaded"}