{"_id": "6563b989280cd6b710e2a701", "id": "IA-GAB/BABYMONSTER", "modelId": "IA-GAB/BABYMONSTER", "author": "IA-GAB", "sha": "218712628781ca9c335a9c87ac2c1666854b1798", "lastModified": "2023-11-29T01:00:12.000Z", "private": false, "disabled": false, "gated": false, "tags": ["license:mit", "region:us"], "downloads": 0, "likes": 0, "model-index": null, "cardData": {"license": "mit"}, "siblings": [{"rfilename": ".gitattributes"}, {"rfilename": "CHIQUITA_GAB.IA.zip"}, {"rfilename": "PHARITA-BM [SAIL.RVC].zip"}, {"rfilename": "README.md"}], "spaces": [], "createdAt": "2023-11-26T21:32:57.000Z", "inferenceStatus": "not-loaded"}