{"_id": "663a951c13d318cd0c763f95", "id": "IA-GAB/THENEWSIX", "modelId": "IA-GAB/THENEWSIX", "author": "IA-GAB", "sha": "52eba08cc3034773b875439d4cee4c7383b82490", "lastModified": "2024-05-07T21:01:37.000Z", "private": false, "disabled": false, "gated": false, "tags": ["region:us"], "downloads": 0, "likes": 0, "siblings": [{"rfilename": ".gitattributes"}, {"rfilename": "Eunhwi_TNX(GAB).zip"}, {"rfilename": "Hyunsoo_TNX(GAB).zip"}, {"rfilename": "Junhyeok_TNX(GAB).zip"}, {"rfilename": "Kyungjun_TNX(GAB).zip"}, {"rfilename": "Sungjun_TNX(GAB).zip"}, {"rfilename": "Taehun_TNX(GAB).zip"}], "spaces": [], "createdAt": "2024-05-07T20:54:52.000Z", "inferenceStatus": "not-loaded"}