{"_id": "6541afd862e82d932fea168e", "id": "IA-GAB/ENHYPEN", "modelId": "IA-GAB/ENHYPEN", "author": "IA-GAB", "sha": "1663445dbc844d680bbc91e3672cb42c84b152e7", "lastModified": "2023-11-01T03:31:38.000Z", "private": false, "disabled": false, "gated": false, "tags": ["license:apache-2.0", "region:us"], "downloads": 0, "likes": 0, "model-index": null, "cardData": {"license": "apache-2.0"}, "siblings": [{"rfilename": ".gitattributes"}, {"rfilename": "ENHYPEN-Heeseung.zip"}, {"rfilename": "ENHYPEN-Jake.zip"}, {"rfilename": "ENHYPEN-Jay.zip"}, {"rfilename": "ENHYPEN-Jungwon.zip"}, {"rfilename": "ENHYPEN-Niki.zip"}, {"rfilename": "ENHYPEN-Sunghoon.zip"}, {"rfilename": "ENHYPEN-Sunoo.zip"}, {"rfilename": "README.md"}], "spaces": [], "createdAt": "2023-11-01T01:54:32.000Z", "inferenceStatus": "not-loaded"}