{"_id": "64eed0e5a04c038ec725d489", "id": "IA-hf/sd-pokemon-model-lora-sdxl", "modelId": "IA-hf/sd-pokemon-model-lora-sdxl", "author": "IA-hf", "sha": "78724eed5df2f00a0e419b9e928334a98a81b69c", "lastModified": "2023-08-30T08:04:08.000Z", "private": false, "disabled": false, "gated": false, "pipeline_tag": "text-to-image", "tags": ["diffusers", "stable-diffusion-xl", "stable-diffusion-xl-diffusers", "text-to-image", "lora", "base_model:stabilityai/stable-diffusion-xl-base-1.0", "license:creativeml-openrail-m", "region:us"], "downloads": 12, "library_name": "diffusers", "likes": 2, "model-index": null, "cardData": {"license": "creativeml-openrail-m", "base_model": "stabilityai/stable-diffusion-xl-base-1.0", "dataset": "lambdalabs/pokemon-blip-captions", "tags": ["stable-diffusion-xl", "stable-diffusion-xl-diffusers", "text-to-image", "diffusers", "lora"], "inference": true}, "siblings": [{"rfilename": ".gitattributes"}, {"rfilename": "README.md"}, {"rfilename": "checkpoint-1000/optimizer.bin"}, {"rfilename": "checkpoint-1000/pytorch_lora_weights.safetensors"}, {"rfilename": "checkpoint-1000/random_states_0.pkl"}, {"rfilename": "checkpoint-1000/scaler.pt"}, {"rfilename": "checkpoint-1000/scheduler.bin"}, {"rfilename": "checkpoint-1500/optimizer.bin"}, {"rfilename": "checkpoint-1500/pytorch_lora_weights.safetensors"}, {"rfilename": "checkpoint-1500/random_states_0.pkl"}, {"rfilename": "checkpoint-1500/scaler.pt"}, {"rfilename": "checkpoint-1500/scheduler.bin"}, {"rfilename": "checkpoint-500/optimizer.bin"}, {"rfilename": "checkpoint-500/pytorch_lora_weights.safetensors"}, {"rfilename": "checkpoint-500/random_states_0.pkl"}, {"rfilename": "checkpoint-500/scaler.pt"}, {"rfilename": "checkpoint-500/scheduler.bin"}, {"rfilename": "image_0.png"}, {"rfilename": "image_1.png"}, {"rfilename": "image_2.png"}, {"rfilename": "image_3.png"}, {"rfilename": "pytorch_lora_weights.safetensors"}], "spaces": [], "createdAt": "2023-08-30T05:17:25.000Z", "inferenceStatus": "not-loaded"}