{"_id": "6351a0edd748e43563c5c41f", "id": "IAA/xx", "modelId": "IAA/xx", "author": "IAA", "sha": "22b52a9c517e042b2aafafe3473e4370f61cb3fa", "lastModified": "2022-10-20T19:26:37.000Z", "private": false, "disabled": false, "gated": false, "tags": ["license:mit", "region:us"], "downloads": 0, "likes": 0, "model-index": null, "cardData": {"license": "mit"}, "siblings": [{"rfilename": ".gitattributes"}, {"rfilename": "README.md"}], "spaces": [], "createdAt": "2022-10-20T19:26:37.000Z", "inferenceStatus": "not-loaded"}