{"_id": "62a6d61b442bfe0d6b96877e", "id": "iaanimashaun/ztranslate-model", "modelId": "iaanimashaun/ztranslate-model", "author": "iaanimashaun", "sha": "69ee5f26d954c39213aa147a510255454d10e0f0", "lastModified": "2022-06-13T06:25:08.000Z", "private": false, "disabled": false, "gated": false, "pipeline_tag": "text2text-generation", "tags": ["transformers", "marian", "text2text-generation", "autotrain_compatible", "endpoints_compatible", "region:us"], "downloads": 1, "library_name": "transformers", "likes": 0, "config": {"architectures": ["MarianMTModel"], "model_type": "marian", "tokenizer_config": {"unk_token": "<unk>", "eos_token": "</s>", "pad_token": "<pad>"}}, "transformersInfo": {"auto_model": "AutoModelForSeq2SeqLM", "pipeline_tag": "text2text-generation", "processor": "AutoTokenizer"}, "siblings": [{"rfilename": ".gitattributes"}, {"rfilename": "config.json"}, {"rfilename": "source.spm"}, {"rfilename": "special_tokens_map.json"}, {"rfilename": "target.spm"}, {"rfilename": "tokenizer_config.json"}, {"rfilename": "training_args.bin"}, {"rfilename": "vocab.json"}], "spaces": [], "createdAt": "2022-06-13T06:15:55.000Z", "inferenceStatus": "not-loaded"}