{"_id": "62a6dcd03a29d5200200ad36", "id": "iaanimashaun/opus-mt-en-sw-finetuned-en-to-sw", "modelId": "iaanimashaun/opus-mt-en-sw-finetuned-en-to-sw", "author": "iaanimashaun", "sha": "e8058ec9903b036ae58ffb8903d2823feac394e5", "lastModified": "2022-06-16T06:40:29.000Z", "private": false, "disabled": false, "gated": false, "pipeline_tag": "text2text-generation", "tags": ["transformers", "pytorch", "marian", "text2text-generation", "generated_from_trainer", "license:apache-2.0", "autotrain_compatible", "endpoints_compatible", "region:us"], "downloads": 0, "library_name": "transformers", "likes": 0, "model-index": [{"name": "opus-mt-en-sw-finetuned-en-to-sw", "results": []}], "config": {"architectures": ["MarianMTModel"], "model_type": "marian", "tokenizer_config": {"unk_token": "<unk>", "eos_token": "</s>", "pad_token": "<pad>"}}, "cardData": {"license": "apache-2.0", "tags": ["generated_from_trainer"], "model-index": [{"name": "opus-mt-en-sw-finetuned-en-to-sw", "results": []}]}, "transformersInfo": {"auto_model": "AutoModelForSeq2SeqLM", "pipeline_tag": "text2text-generation", "processor": "AutoTokenizer"}, "siblings": [{"rfilename": ".gitattributes"}, {"rfilename": ".gitignore"}, {"rfilename": "README.md"}, {"rfilename": "config.json"}, {"rfilename": "pytorch_model.bin"}, {"rfilename": "source.spm"}, {"rfilename": "special_tokens_map.json"}, {"rfilename": "target.spm"}, {"rfilename": "tokenizer_config.json"}, {"rfilename": "training_args.bin"}, {"rfilename": "vocab.json"}], "spaces": [], "createdAt": "2022-06-13T06:44:32.000Z", "inferenceStatus": "not-loaded"}