{"_id": "64d13d871720c7a48322751e", "id": "iab/output", "modelId": "iab/output", "author": "iab", "sha": "b1953ab608b4b20d9070affddec1ebead3b9ca00", "lastModified": "2023-08-07T19:43:00.000Z", "private": false, "disabled": false, "gated": false, "pipeline_tag": "text-to-image", "tags": ["diffusers", "stable-diffusion", "stable-diffusion-diffusers", "text-to-image", "lora", "base_model:SG161222/Realistic_Vision_V5.1_noVAE", "license:creativeml-openrail-m", "region:us"], "downloads": 35, "library_name": "diffusers", "likes": 0, "model-index": null, "cardData": {"license": "creativeml-openrail-m", "base_model": "SG161222/Realistic_Vision_V5.1_noVAE", "instance_prompt": "a photo of sks style", "tags": ["stable-diffusion", "stable-diffusion-diffusers", "text-to-image", "diffusers", "lora"], "inference": true}, "siblings": [{"rfilename": ".gitattributes"}, {"rfilename": "README.md"}, {"rfilename": "checkpoint-100/optimizer.bin"}, {"rfilename": "checkpoint-100/pytorch_lora_weights.bin"}, {"rfilename": "checkpoint-100/random_states_0.pkl"}, {"rfilename": "checkpoint-100/scaler.pt"}, {"rfilename": "checkpoint-100/scheduler.bin"}, {"rfilename": "checkpoint-200/optimizer.bin"}, {"rfilename": "checkpoint-200/pytorch_lora_weights.bin"}, {"rfilename": "checkpoint-200/random_states_0.pkl"}, {"rfilename": "checkpoint-200/scaler.pt"}, {"rfilename": "checkpoint-200/scheduler.bin"}, {"rfilename": "checkpoint-300/optimizer.bin"}, {"rfilename": "checkpoint-300/pytorch_lora_weights.bin"}, {"rfilename": "checkpoint-300/random_states_0.pkl"}, {"rfilename": "checkpoint-300/scaler.pt"}, {"rfilename": "checkpoint-300/scheduler.bin"}, {"rfilename": "checkpoint-400/optimizer.bin"}, {"rfilename": "checkpoint-400/pytorch_lora_weights.bin"}, {"rfilename": "checkpoint-400/random_states_0.pkl"}, {"rfilename": "checkpoint-400/scaler.pt"}, {"rfilename": "checkpoint-400/scheduler.bin"}, {"rfilename": "checkpoint-500/optimizer.bin"}, {"rfilename": "checkpoint-500/pytorch_lora_weights.bin"}, {"rfilename": "checkpoint-500/random_states_0.pkl"}, {"rfilename": "checkpoint-500/scaler.pt"}, {"rfilename": "checkpoint-500/scheduler.bin"}, {"rfilename": "image_0.png"}, {"rfilename": "image_1.png"}, {"rfilename": "image_2.png"}, {"rfilename": "image_3.png"}, {"rfilename": "pytorch_lora_weights.bin"}], "spaces": [], "createdAt": "2023-08-07T18:52:55.000Z", "inferenceStatus": "not-loaded"}