{"_id": "65e1a029209d6b03a7faac6e", "id": "iabachelis/HatespeechdetectorES", "modelId": "iabachelis/HatespeechdetectorES", "author": "iabachelis", "sha": "485a97bf06b8d6830d9d3ca48b1ff7fad57e6d8b", "lastModified": "2024-03-01T16:22:47.000Z", "private": false, "disabled": false, "gated": false, "pipeline_tag": "text-classification", "tags": ["text-classification", "es", "dataset:iabachelis/HatespeechES", "region:us"], "downloads": 0, "widgetData": [{"text": "Te quiero. Te amo."}], "likes": 0, "model-index": null, "cardData": {"language": ["es"], "datasets": ["iabachelis/HatespeechES"], "pipeline_tag": "text-classification"}, "siblings": [{"rfilename": ".gitattributes"}, {"rfilename": "Hate_Speech_Detector_ES.ipynb"}, {"rfilename": "README.md"}], "spaces": [], "createdAt": "2024-03-01T09:30:17.000Z", "inferenceStatus": "not-loaded"}