{"_id": "65b40ed44839ccc503e17c9c", "id": "iabachelis/clasificador-muchocine", "modelId": "iabachelis/clasificador-muchocine", "author": "iabachelis", "sha": "f79fbc7ab459e0cd70c721d8d6c39a16b673b576", "lastModified": "2024-01-26T19:58:47.000Z", "private": false, "disabled": false, "gated": false, "pipeline_tag": "text-classification", "tags": ["transformers", "safetensors", "electra", "text-classification", "classification", "generated_from_trainer", "base_model:mrm8488/electricidad-base-discriminator", "autotrain_compatible", "endpoints_compatible", "region:us"], "downloads": 3, "library_name": "transformers", "mask_token": "[MASK]", "widgetData": [{"text": "I like you. I love you"}], "likes": 0, "model-index": [{"name": "clasificador-muchocine", "results": []}], "config": {"architectures": ["ElectraForSequenceClassification"], "model_type": "electra", "tokenizer_config": {"cls_token": "[CLS]", "mask_token": "[MASK]", "pad_token": "[PAD]", "sep_token": "[SEP]", "unk_token": "[UNK]"}}, "cardData": {"base_model": "mrm8488/electricidad-base-discriminator", "tags": ["classification", "generated_from_trainer"], "metrics": ["accuracy"], "model-index": [{"name": "clasificador-muchocine", "results": []}]}, "transformersInfo": {"auto_model": "AutoModelForSequenceClassification", "pipeline_tag": "text-classification", "processor": "AutoTokenizer"}, "siblings": [{"rfilename": ".gitattributes"}, {"rfilename": "README.md"}, {"rfilename": "config.json"}, {"rfilename": "model.safetensors"}, {"rfilename": "special_tokens_map.json"}, {"rfilename": "tokenizer.json"}, {"rfilename": "tokenizer_config.json"}, {"rfilename": "training_args.bin"}, {"rfilename": "vocab.txt"}], "spaces": [], "createdAt": "2024-01-26T19:58:12.000Z", "safetensors": {"parameters": {"F32": 109854725}, "total": 109854725}, "inferenceStatus": "not-loaded"}