{"_id": "665c98cfd892e3815dd9910c", "id": "IABDs8a/lara-tokenizer-medium-R-Equipo2", "modelId": "IABDs8a/lara-tokenizer-medium-R-Equipo2", "author": "IABDs8a", "sha": "f3f96fbb3dfa6d690472bdfc5dc1c9778ce03ebd", "lastModified": "2024-06-02T16:07:43.000Z", "private": false, "disabled": false, "gated": false, "tags": ["transformers", "arxiv:1910.09700", "endpoints_compatible", "region:us"], "downloads": 0, "library_name": "transformers", "likes": 0, "model-index": null, "config": {"tokenizer_config": {"bos_token": "<|endoftext|>", "eos_token": "<|endoftext|>", "pad_token": "<|endoftext|>", "unk_token": "<|endoftext|>"}}, "cardData": {"library_name": "transformers", "tags": []}, "transformersInfo": {"auto_model": "AutoModel"}, "siblings": [{"rfilename": ".gitattributes"}, {"rfilename": "README.md"}, {"rfilename": "added_tokens.json"}, {"rfilename": "merges.txt"}, {"rfilename": "normalizer.json"}, {"rfilename": "special_tokens_map.json"}, {"rfilename": "tokenizer_config.json"}, {"rfilename": "vocab.json"}], "spaces": [], "createdAt": "2024-06-02T16:07:43.000Z", "inferenceStatus": "not-loaded"}