{"_id": "664ddadaf79b50be14fb8a79", "id": "IABDs8a/whisper-tiny-top3", "modelId": "IABDs8a/whisper-tiny-top3", "author": "IABDs8a", "sha": "33a9e7fd4066d58b5cd966f84fa079b65d98c98d", "lastModified": "2024-05-22T11:45:49.000Z", "private": false, "disabled": false, "gated": false, "pipeline_tag": "automatic-speech-recognition", "tags": ["transformers", "pytorch", "whisper", "automatic-speech-recognition", "endpoints_compatible", "region:us"], "downloads": 4, "library_name": "transformers", "likes": 0, "config": {"architectures": ["WhisperForConditionalGeneration"], "model_type": "whisper", "tokenizer_config": {"bos_token": {"__type": "AddedToken", "content": "<|endoftext|>", "lstrip": false, "normalized": true, "rstrip": false, "single_word": false}, "eos_token": {"__type": "AddedToken", "content": "<|endoftext|>", "lstrip": false, "normalized": true, "rstrip": false, "single_word": false}, "pad_token": {"__type": "AddedToken", "content": "<|endoftext|>", "lstrip": false, "normalized": true, "rstrip": false, "single_word": false}, "unk_token": {"__type": "AddedToken", "content": "<|endoftext|>", "lstrip": false, "normalized": true, "rstrip": false, "single_word": false}}}, "transformersInfo": {"auto_model": "AutoModelForSpeechSeq2Seq", "pipeline_tag": "automatic-speech-recognition", "processor": "AutoProcessor"}, "siblings": [{"rfilename": ".gitattributes"}, {"rfilename": "added_tokens.json"}, {"rfilename": "checkpoint-854/config.json"}, {"rfilename": "checkpoint-854/generation_config.json"}, {"rfilename": "checkpoint-854/optimizer.pt"}, {"rfilename": "checkpoint-854/pytorch_model.bin"}, {"rfilename": "checkpoint-854/rng_state.pth"}, {"rfilename": "checkpoint-854/scaler.pt"}, {"rfilename": "checkpoint-854/scheduler.pt"}, {"rfilename": "checkpoint-854/trainer_state.json"}, {"rfilename": "checkpoint-854/training_args.bin"}, {"rfilename": "checkpoint-976/config.json"}, {"rfilename": "checkpoint-976/generation_config.json"}, {"rfilename": "checkpoint-976/optimizer.pt"}, {"rfilename": "checkpoint-976/pytorch_model.bin"}, {"rfilename": "checkpoint-976/rng_state.pth"}, {"rfilename": "checkpoint-976/scaler.pt"}, {"rfilename": "checkpoint-976/scheduler.pt"}, {"rfilename": "checkpoint-976/trainer_state.json"}, {"rfilename": "checkpoint-976/training_args.bin"}, {"rfilename": "config.json"}, {"rfilename": "generation_config.json"}, {"rfilename": "merges.txt"}, {"rfilename": "normalizer.json"}, {"rfilename": "preprocessor_config.json"}, {"rfilename": "pytorch_model.bin"}, {"rfilename": "special_tokens_map.json"}, {"rfilename": "tokenizer_config.json"}, {"rfilename": "vocab.json"}], "spaces": ["CarPeAs/lara_multi_model"], "createdAt": "2024-05-22T11:45:30.000Z", "inferenceStatus": "not-loaded"}