{"_id": "665649715991dc203b95388f", "id": "IABDs8a/lara-processor-medium-aspanias-mujeres-Equipo2", "modelId": "IABDs8a/lara-processor-medium-aspanias-mujeres-Equipo2", "author": "IABDs8a", "sha": "5c46fc16d63a9902f24572ed62df90cb091b1668", "lastModified": "2024-05-28T21:15:30.000Z", "private": false, "disabled": false, "gated": false, "tags": ["transformers", "arxiv:1910.09700", "endpoints_compatible", "region:us"], "downloads": 0, "library_name": "transformers", "likes": 0, "model-index": null, "config": {"tokenizer_config": {"bos_token": "<|endoftext|>", "eos_token": "<|endoftext|>", "pad_token": "<|endoftext|>", "unk_token": "<|endoftext|>"}}, "cardData": {"library_name": "transformers", "tags": []}, "transformersInfo": {"auto_model": "AutoModel"}, "siblings": [{"rfilename": ".gitattributes"}, {"rfilename": "README.md"}, {"rfilename": "added_tokens.json"}, {"rfilename": "merges.txt"}, {"rfilename": "normalizer.json"}, {"rfilename": "preprocessor_config.json"}, {"rfilename": "special_tokens_map.json"}, {"rfilename": "tokenizer_config.json"}, {"rfilename": "vocab.json"}], "spaces": [], "createdAt": "2024-05-28T21:15:29.000Z", "inferenceStatus": "not-loaded"}