{"_id": "641293caf1a8832626032d16", "id": "iabdulw/Summarizer", "modelId": "iabdulw/Summarizer", "author": "iabdulw", "sha": "765049e5dd22b3c6153070af498273534fb31181", "lastModified": "2023-03-16T03:58:02.000Z", "private": false, "disabled": false, "gated": false, "tags": ["license:apache-2.0", "region:us"], "downloads": 0, "likes": 0, "model-index": null, "cardData": {"license": "apache-2.0"}, "siblings": [{"rfilename": ".gitattributes"}, {"rfilename": "README.md"}], "spaces": [], "createdAt": "2023-03-16T03:58:02.000Z", "inferenceStatus": "not-loaded"}