{"_id": "665de6ce58ab72d154bc96aa", "id": "IABDs8a/whisper-medium-asfe", "modelId": "IABDs8a/whisper-medium-asfe", "author": "IABDs8a", "sha": "599eef8214453d326f60704ae49be0e45183ba42", "lastModified": "2024-06-03T17:11:58.000Z", "private": false, "disabled": false, "gated": false, "pipeline_tag": "automatic-speech-recognition", "tags": ["transformers", "pytorch", "tensorboard", "whisper", "automatic-speech-recognition", "endpoints_compatible", "region:us"], "downloads": 3, "library_name": "transformers", "likes": 0, "config": {"architectures": ["WhisperForConditionalGeneration"], "model_type": "whisper", "tokenizer_config": {"bos_token": {"__type": "AddedToken", "content": "<|endoftext|>", "lstrip": false, "normalized": true, "rstrip": false, "single_word": false}, "eos_token": {"__type": "AddedToken", "content": "<|endoftext|>", "lstrip": false, "normalized": true, "rstrip": false, "single_word": false}, "pad_token": {"__type": "AddedToken", "content": "<|endoftext|>", "lstrip": false, "normalized": true, "rstrip": false, "single_word": false}, "unk_token": {"__type": "AddedToken", "content": "<|endoftext|>", "lstrip": false, "normalized": true, "rstrip": false, "single_word": false}}}, "transformersInfo": {"auto_model": "AutoModelForSpeechSeq2Seq", "pipeline_tag": "automatic-speech-recognition", "processor": "AutoProcessor"}, "siblings": [{"rfilename": ".gitattributes"}, {"rfilename": "added_tokens.json"}, {"rfilename": "checkpoint-10000/config.json"}, {"rfilename": "checkpoint-10000/generation_config.json"}, {"rfilename": "checkpoint-10000/optimizer.pt"}, {"rfilename": "checkpoint-10000/preprocessor_config.json"}, {"rfilename": "checkpoint-10000/pytorch_model.bin"}, {"rfilename": "checkpoint-10000/rng_state.pth"}, {"rfilename": "checkpoint-10000/scaler.pt"}, {"rfilename": "checkpoint-10000/scheduler.pt"}, {"rfilename": "checkpoint-10000/trainer_state.json"}, {"rfilename": "checkpoint-10000/training_args.bin"}, {"rfilename": "checkpoint-1200/config.json"}, {"rfilename": "checkpoint-1200/generation_config.json"}, {"rfilename": "checkpoint-1200/optimizer.pt"}, {"rfilename": "checkpoint-1200/preprocessor_config.json"}, {"rfilename": "checkpoint-1200/pytorch_model.bin"}, {"rfilename": "checkpoint-1200/rng_state.pth"}, {"rfilename": "checkpoint-1200/scaler.pt"}, {"rfilename": "checkpoint-1200/scheduler.pt"}, {"rfilename": "checkpoint-1200/trainer_state.json"}, {"rfilename": "checkpoint-1200/training_args.bin"}, {"rfilename": "checkpoint-1600/config.json"}, {"rfilename": "checkpoint-1600/generation_config.json"}, {"rfilename": "checkpoint-1600/optimizer.pt"}, {"rfilename": "checkpoint-1600/preprocessor_config.json"}, {"rfilename": "checkpoint-1600/pytorch_model.bin"}, {"rfilename": "checkpoint-1600/rng_state.pth"}, {"rfilename": "checkpoint-1600/scaler.pt"}, {"rfilename": "checkpoint-1600/scheduler.pt"}, {"rfilename": "checkpoint-1600/trainer_state.json"}, {"rfilename": "checkpoint-1600/training_args.bin"}, {"rfilename": "checkpoint-2000/config.json"}, {"rfilename": "checkpoint-2000/generation_config.json"}, {"rfilename": "checkpoint-2000/optimizer.pt"}, {"rfilename": "checkpoint-2000/preprocessor_config.json"}, {"rfilename": "checkpoint-2000/pytorch_model.bin"}, {"rfilename": "checkpoint-2000/rng_state.pth"}, {"rfilename": "checkpoint-2000/scaler.pt"}, {"rfilename": "checkpoint-2000/scheduler.pt"}, {"rfilename": "checkpoint-2000/trainer_state.json"}, {"rfilename": "checkpoint-2000/training_args.bin"}, {"rfilename": "checkpoint-2400/config.json"}, {"rfilename": "checkpoint-2400/generation_config.json"}, {"rfilename": "checkpoint-2400/optimizer.pt"}, {"rfilename": "checkpoint-2400/preprocessor_config.json"}, {"rfilename": "checkpoint-2400/pytorch_model.bin"}, {"rfilename": "checkpoint-2400/rng_state.pth"}, {"rfilename": "checkpoint-2400/scaler.pt"}, {"rfilename": "checkpoint-2400/scheduler.pt"}, {"rfilename": "checkpoint-2400/trainer_state.json"}, {"rfilename": "checkpoint-2400/training_args.bin"}, {"rfilename": "checkpoint-2800/config.json"}, {"rfilename": "checkpoint-2800/generation_config.json"}, {"rfilename": "checkpoint-2800/optimizer.pt"}, {"rfilename": "checkpoint-2800/preprocessor_config.json"}, {"rfilename": "checkpoint-2800/pytorch_model.bin"}, {"rfilename": "checkpoint-2800/rng_state.pth"}, {"rfilename": "checkpoint-2800/scaler.pt"}, {"rfilename": "checkpoint-2800/scheduler.pt"}, {"rfilename": "checkpoint-2800/trainer_state.json"}, {"rfilename": "checkpoint-2800/training_args.bin"}, {"rfilename": "checkpoint-3200/config.json"}, {"rfilename": "checkpoint-3200/generation_config.json"}, {"rfilename": "checkpoint-3200/optimizer.pt"}, {"rfilename": "checkpoint-3200/preprocessor_config.json"}, {"rfilename": "checkpoint-3200/pytorch_model.bin"}, {"rfilename": "checkpoint-3200/rng_state.pth"}, {"rfilename": "checkpoint-3200/scaler.pt"}, {"rfilename": "checkpoint-3200/scheduler.pt"}, {"rfilename": "checkpoint-3200/trainer_state.json"}, {"rfilename": "checkpoint-3200/training_args.bin"}, {"rfilename": "checkpoint-3600/config.json"}, {"rfilename": "checkpoint-3600/generation_config.json"}, {"rfilename": "checkpoint-3600/optimizer.pt"}, {"rfilename": "checkpoint-3600/preprocessor_config.json"}, {"rfilename": "checkpoint-3600/pytorch_model.bin"}, {"rfilename": "checkpoint-3600/rng_state.pth"}, {"rfilename": "checkpoint-3600/scaler.pt"}, {"rfilename": "checkpoint-3600/scheduler.pt"}, {"rfilename": "checkpoint-3600/trainer_state.json"}, {"rfilename": "checkpoint-3600/training_args.bin"}, {"rfilename": "checkpoint-400/config.json"}, {"rfilename": "checkpoint-400/generation_config.json"}, {"rfilename": "checkpoint-400/optimizer.pt"}, {"rfilename": "checkpoint-400/preprocessor_config.json"}, {"rfilename": "checkpoint-400/pytorch_model.bin"}, {"rfilename": "checkpoint-400/rng_state.pth"}, {"rfilename": "checkpoint-400/scaler.pt"}, {"rfilename": "checkpoint-400/scheduler.pt"}, {"rfilename": "checkpoint-400/trainer_state.json"}, {"rfilename": "checkpoint-400/training_args.bin"}, {"rfilename": "checkpoint-4000/config.json"}, {"rfilename": "checkpoint-4000/generation_config.json"}, {"rfilename": "checkpoint-4000/optimizer.pt"}, {"rfilename": "checkpoint-4000/preprocessor_config.json"}, {"rfilename": "checkpoint-4000/pytorch_model.bin"}, {"rfilename": "checkpoint-4000/rng_state.pth"}, {"rfilename": "checkpoint-4000/scaler.pt"}, {"rfilename": "checkpoint-4000/scheduler.pt"}, {"rfilename": "checkpoint-4000/trainer_state.json"}, {"rfilename": "checkpoint-4000/training_args.bin"}, {"rfilename": "checkpoint-4400/config.json"}, {"rfilename": "checkpoint-4400/generation_config.json"}, {"rfilename": "checkpoint-4400/optimizer.pt"}, {"rfilename": "checkpoint-4400/preprocessor_config.json"}, {"rfilename": "checkpoint-4400/pytorch_model.bin"}, {"rfilename": "checkpoint-4400/rng_state.pth"}, {"rfilename": "checkpoint-4400/scaler.pt"}, {"rfilename": "checkpoint-4400/scheduler.pt"}, {"rfilename": "checkpoint-4400/trainer_state.json"}, {"rfilename": "checkpoint-4400/training_args.bin"}, {"rfilename": "checkpoint-4800/config.json"}, {"rfilename": "checkpoint-4800/generation_config.json"}, {"rfilename": "checkpoint-4800/optimizer.pt"}, {"rfilename": "checkpoint-4800/preprocessor_config.json"}, {"rfilename": "checkpoint-4800/pytorch_model.bin"}, {"rfilename": "checkpoint-4800/rng_state.pth"}, {"rfilename": "checkpoint-4800/scaler.pt"}, {"rfilename": "checkpoint-4800/scheduler.pt"}, {"rfilename": "checkpoint-4800/trainer_state.json"}, {"rfilename": "checkpoint-4800/training_args.bin"}, {"rfilename": "checkpoint-5200/config.json"}, {"rfilename": "checkpoint-5200/generation_config.json"}, {"rfilename": "checkpoint-5200/optimizer.pt"}, {"rfilename": "checkpoint-5200/preprocessor_config.json"}, {"rfilename": "checkpoint-5200/pytorch_model.bin"}, {"rfilename": "checkpoint-5200/rng_state.pth"}, {"rfilename": "checkpoint-5200/scaler.pt"}, {"rfilename": "checkpoint-5200/scheduler.pt"}, {"rfilename": "checkpoint-5200/trainer_state.json"}, {"rfilename": "checkpoint-5200/training_args.bin"}, {"rfilename": "checkpoint-5600/config.json"}, {"rfilename": "checkpoint-5600/generation_config.json"}, {"rfilename": "checkpoint-5600/optimizer.pt"}, {"rfilename": "checkpoint-5600/preprocessor_config.json"}, {"rfilename": "checkpoint-5600/pytorch_model.bin"}, {"rfilename": "checkpoint-5600/rng_state.pth"}, {"rfilename": "checkpoint-5600/scaler.pt"}, {"rfilename": "checkpoint-5600/scheduler.pt"}, {"rfilename": "checkpoint-5600/trainer_state.json"}, {"rfilename": "checkpoint-5600/training_args.bin"}, {"rfilename": "checkpoint-6000/config.json"}, {"rfilename": "checkpoint-6000/generation_config.json"}, {"rfilename": "checkpoint-6000/optimizer.pt"}, {"rfilename": "checkpoint-6000/preprocessor_config.json"}, {"rfilename": "checkpoint-6000/pytorch_model.bin"}, {"rfilename": "checkpoint-6000/rng_state.pth"}, {"rfilename": "checkpoint-6000/scaler.pt"}, {"rfilename": "checkpoint-6000/scheduler.pt"}, {"rfilename": "checkpoint-6000/trainer_state.json"}, {"rfilename": "checkpoint-6000/training_args.bin"}, {"rfilename": "checkpoint-6400/config.json"}, {"rfilename": "checkpoint-6400/generation_config.json"}, {"rfilename": "checkpoint-6400/optimizer.pt"}, {"rfilename": "checkpoint-6400/preprocessor_config.json"}, {"rfilename": "checkpoint-6400/pytorch_model.bin"}, {"rfilename": "checkpoint-6400/rng_state.pth"}, {"rfilename": "checkpoint-6400/scaler.pt"}, {"rfilename": "checkpoint-6400/scheduler.pt"}, {"rfilename": "checkpoint-6400/trainer_state.json"}, {"rfilename": "checkpoint-6400/training_args.bin"}, {"rfilename": "checkpoint-6800/config.json"}, {"rfilename": "checkpoint-6800/generation_config.json"}, {"rfilename": "checkpoint-6800/optimizer.pt"}, {"rfilename": "checkpoint-6800/preprocessor_config.json"}, {"rfilename": "checkpoint-6800/pytorch_model.bin"}, {"rfilename": "checkpoint-6800/rng_state.pth"}, {"rfilename": "checkpoint-6800/scaler.pt"}, {"rfilename": "checkpoint-6800/scheduler.pt"}, {"rfilename": "checkpoint-6800/trainer_state.json"}, {"rfilename": "checkpoint-6800/training_args.bin"}, {"rfilename": "checkpoint-7200/config.json"}, {"rfilename": "checkpoint-7200/generation_config.json"}, {"rfilename": "checkpoint-7200/optimizer.pt"}, {"rfilename": "checkpoint-7200/preprocessor_config.json"}, {"rfilename": "checkpoint-7200/pytorch_model.bin"}, {"rfilename": "checkpoint-7200/rng_state.pth"}, {"rfilename": "checkpoint-7200/scaler.pt"}, {"rfilename": "checkpoint-7200/scheduler.pt"}, {"rfilename": "checkpoint-7200/trainer_state.json"}, {"rfilename": "checkpoint-7200/training_args.bin"}, {"rfilename": "checkpoint-7600/config.json"}, {"rfilename": "checkpoint-7600/generation_config.json"}, {"rfilename": "checkpoint-7600/optimizer.pt"}, {"rfilename": "checkpoint-7600/preprocessor_config.json"}, {"rfilename": "checkpoint-7600/pytorch_model.bin"}, {"rfilename": "checkpoint-7600/rng_state.pth"}, {"rfilename": "checkpoint-7600/scaler.pt"}, {"rfilename": "checkpoint-7600/scheduler.pt"}, {"rfilename": "checkpoint-7600/trainer_state.json"}, {"rfilename": "checkpoint-7600/training_args.bin"}, {"rfilename": "checkpoint-800/config.json"}, {"rfilename": "checkpoint-800/generation_config.json"}, {"rfilename": "checkpoint-800/optimizer.pt"}, {"rfilename": "checkpoint-800/preprocessor_config.json"}, {"rfilename": "checkpoint-800/pytorch_model.bin"}, {"rfilename": "checkpoint-800/rng_state.pth"}, {"rfilename": "checkpoint-800/scaler.pt"}, {"rfilename": "checkpoint-800/scheduler.pt"}, {"rfilename": "checkpoint-800/trainer_state.json"}, {"rfilename": "checkpoint-800/training_args.bin"}, {"rfilename": "checkpoint-8000/config.json"}, {"rfilename": "checkpoint-8000/generation_config.json"}, {"rfilename": "checkpoint-8000/optimizer.pt"}, {"rfilename": "checkpoint-8000/preprocessor_config.json"}, {"rfilename": "checkpoint-8000/pytorch_model.bin"}, {"rfilename": "checkpoint-8000/rng_state.pth"}, {"rfilename": "checkpoint-8000/scaler.pt"}, {"rfilename": "checkpoint-8000/scheduler.pt"}, {"rfilename": "checkpoint-8000/trainer_state.json"}, {"rfilename": "checkpoint-8000/training_args.bin"}, {"rfilename": "checkpoint-8400/config.json"}, {"rfilename": "checkpoint-8400/generation_config.json"}, {"rfilename": "checkpoint-8400/optimizer.pt"}, {"rfilename": "checkpoint-8400/preprocessor_config.json"}, {"rfilename": "checkpoint-8400/pytorch_model.bin"}, {"rfilename": "checkpoint-8400/rng_state.pth"}, {"rfilename": "checkpoint-8400/scaler.pt"}, {"rfilename": "checkpoint-8400/scheduler.pt"}, {"rfilename": "checkpoint-8400/trainer_state.json"}, {"rfilename": "checkpoint-8400/training_args.bin"}, {"rfilename": "checkpoint-8800/config.json"}, {"rfilename": "checkpoint-8800/generation_config.json"}, {"rfilename": "checkpoint-8800/optimizer.pt"}, {"rfilename": "checkpoint-8800/preprocessor_config.json"}, {"rfilename": "checkpoint-8800/pytorch_model.bin"}, {"rfilename": "checkpoint-8800/rng_state.pth"}, {"rfilename": "checkpoint-8800/scaler.pt"}, {"rfilename": "checkpoint-8800/scheduler.pt"}, {"rfilename": "checkpoint-8800/trainer_state.json"}, {"rfilename": "checkpoint-8800/training_args.bin"}, {"rfilename": "checkpoint-9200/config.json"}, {"rfilename": "checkpoint-9200/generation_config.json"}, {"rfilename": "checkpoint-9200/optimizer.pt"}, {"rfilename": "checkpoint-9200/preprocessor_config.json"}, {"rfilename": "checkpoint-9200/pytorch_model.bin"}, {"rfilename": "checkpoint-9200/rng_state.pth"}, {"rfilename": "checkpoint-9200/scaler.pt"}, {"rfilename": "checkpoint-9200/scheduler.pt"}, {"rfilename": "checkpoint-9200/trainer_state.json"}, {"rfilename": "checkpoint-9200/training_args.bin"}, {"rfilename": "checkpoint-9600/config.json"}, {"rfilename": "checkpoint-9600/generation_config.json"}, {"rfilename": "checkpoint-9600/optimizer.pt"}, {"rfilename": "checkpoint-9600/preprocessor_config.json"}, {"rfilename": "checkpoint-9600/pytorch_model.bin"}, {"rfilename": "checkpoint-9600/rng_state.pth"}, {"rfilename": "checkpoint-9600/scaler.pt"}, {"rfilename": "checkpoint-9600/scheduler.pt"}, {"rfilename": "checkpoint-9600/trainer_state.json"}, {"rfilename": "checkpoint-9600/training_args.bin"}, {"rfilename": "config.json"}, {"rfilename": "generation_config.json"}, {"rfilename": "merges.txt"}, {"rfilename": "normalizer.json"}, {"rfilename": "preprocessor_config.json"}, {"rfilename": "pytorch_model.bin"}, {"rfilename": "runs/Jun02_18-43-22_iabd-server/1717346603.2780876/events.out.tfevents.1717346603.iabd-server.2063102.1"}, {"rfilename": "runs/Jun02_18-43-22_iabd-server/events.out.tfevents.1717346603.iabd-server.2063102.0"}, {"rfilename": "runs/Jun02_18-50-28_iabd-server/1717347028.5986898/events.out.tfevents.1717347028.iabd-server.2063102.3"}, {"rfilename": "runs/Jun02_18-50-28_iabd-server/events.out.tfevents.1717347028.iabd-server.2063102.2"}, {"rfilename": "runs/May29_19-09-48_iabd-server/1717002590.0768187/events.out.tfevents.1717002590.iabd-server.493114.1"}, {"rfilename": "runs/May29_19-09-48_iabd-server/events.out.tfevents.1717002590.iabd-server.493114.0"}, {"rfilename": "runs/May29_19-24-16_iabd-server/1717003457.4168968/events.out.tfevents.1717003457.iabd-server.500185.1"}, {"rfilename": "runs/May29_19-24-16_iabd-server/events.out.tfevents.1717003457.iabd-server.500185.0"}, {"rfilename": "special_tokens_map.json"}, {"rfilename": "tokenizer_config.json"}, {"rfilename": "vocab.json"}], "spaces": ["CarPeAs/lara_multi_model"], "createdAt": "2024-06-03T15:52:46.000Z", "inferenceStatus": "not-loaded"}