{"_id": "6656490bc026839abf590ea3", "id": "IABDs8a/lara-medium-aspanias-mujeres-Equipo2", "modelId": "IABDs8a/lara-medium-aspanias-mujeres-Equipo2", "author": "IABDs8a", "sha": "719a405faab47c98f6983bd584c1b23d017bd354", "lastModified": "2024-05-28T21:15:28.000Z", "private": false, "disabled": false, "gated": false, "pipeline_tag": "automatic-speech-recognition", "tags": ["transformers", "safetensors", "whisper", "automatic-speech-recognition", "arxiv:1910.09700", "endpoints_compatible", "region:us"], "downloads": 2, "library_name": "transformers", "likes": 0, "model-index": null, "config": {"architectures": ["WhisperForConditionalGeneration"], "model_type": "whisper"}, "cardData": {"library_name": "transformers", "tags": []}, "transformersInfo": {"auto_model": "AutoModelForSpeechSeq2Seq", "pipeline_tag": "automatic-speech-recognition", "processor": "AutoProcessor"}, "siblings": [{"rfilename": ".gitattributes"}, {"rfilename": "README.md"}, {"rfilename": "config.json"}, {"rfilename": "generation_config.json"}, {"rfilename": "model.safetensors"}], "spaces": [], "createdAt": "2024-05-28T21:13:47.000Z", "safetensors": {"parameters": {"F32": 763857920}, "total": 763857920}, "inferenceStatus": "not-loaded"}