{"_id": "65ee15bf00f1a613daa85912", "id": "iabualhaol/MistralInstructv0.1_UFT_wireless_guro", "modelId": "iabualhaol/MistralInstructv0.1_UFT_wireless_guro", "author": "iabualhaol", "sha": "9c1380718bf23cd0b1179e2e9d126d1eb6905fef", "lastModified": "2024-03-10T20:19:11.000Z", "private": false, "disabled": false, "gated": false, "tags": ["region:us"], "downloads": 0, "likes": 0, "siblings": [{"rfilename": ".gitattributes"}], "spaces": [], "createdAt": "2024-03-10T20:19:11.000Z", "inferenceStatus": "not-loaded"}