{"_id": "6683feb0381604dc63cb18dc", "id": "iach/phi3_ft", "modelId": "iach/phi3_ft", "author": "iach", "sha": "dea4edcc189d990a6c547f1c50689adfca3bf73f", "lastModified": "2024-07-02T14:37:50.000Z", "private": false, "disabled": false, "gated": false, "tags": ["transformers", "gguf", "mistral", "text-generation-inference", "endpoints_compatible", "region:us"], "downloads": 1984, "library_name": "transformers", "likes": 0, "config": {"model_type": "mistral"}, "transformersInfo": {"auto_model": "AutoModel"}, "siblings": [{"rfilename": ".gitattributes"}, {"rfilename": "Modelfile"}, {"rfilename": "config.json"}, {"rfilename": "unsloth.F16.gguf"}, {"rfilename": "unsloth.Q4_K_M.gguf"}], "spaces": [], "createdAt": "2024-07-02T13:20:48.000Z", "inferenceStatus": "not-loaded"}