{"_id": "6421dd866060160deb267dae", "id": "iacharly/your-model-name", "modelId": "iacharly/your-model-name", "author": "iacharly", "sha": "07247849b32c7a9041f3952e52faa5b609f254d4", "lastModified": "2023-03-27T18:17:51.000Z", "private": false, "disabled": false, "gated": false, "tags": ["region:us"], "downloads": 0, "likes": 0, "siblings": [{"rfilename": ".gitattributes"}, {"rfilename": "last_config/config_file.toml"}, {"rfilename": "last_config/dataset_config.toml"}, {"rfilename": "last_config/sample_prompt.txt"}], "spaces": [], "createdAt": "2023-03-27T18:16:38.000Z", "inferenceStatus": "not-loaded"}