{"_id": "65c8920934722d4fcaec8352", "id": "iadithyan/splitter_70b", "modelId": "iadithyan/splitter_70b", "author": "iadithyan", "sha": "8c71f91649f03d5bfcf23a7437d07354adf5ada9", "lastModified": "2024-02-13T07:32:52.000Z", "private": false, "disabled": false, "gated": false, "pipeline_tag": "text-generation", "tags": ["transformers", "safetensors", "llama", "text-generation", "unsloth", "conversational", "arxiv:1910.09700", "autotrain_compatible", "text-generation-inference", "endpoints_compatible", "region:us"], "downloads": 1, "library_name": "transformers", "widgetData": [{"text": "Hey my name is Julien! How are you?"}, {"text": "Hey my name is Thomas! How are you?"}, {"text": "Hey my name is Mariama! How are you?"}, {"text": "Hey my name is Clara! How are you?"}, {"text": "Hey my name is Julien! How are you?"}, {"text": "Hi."}], "likes": 0, "model-index": null, "config": {"architectures": ["LlamaForCausalLM"], "model_type": "llama", "tokenizer_config": {"bos_token": "<s>", "chat_template": "{% if messages[0]['role'] == 'system' %}{% set user_index = 1 %}{% else %}{% set user_index = 0 %}{% endif %}{% for message in messages %}{% if (message['role'] == 'user') != ((loop.index0 + user_index) % 2 == 0) %}{{ raise_exception('Conversation roles must alternate user/assistant/user/assistant/...') }}{% endif %}{% if loop.index0 == 0 %}{{ '<s>' }}{% endif %}{% set content = 'Source: ' + message['role'] + '\n\n ' + message['content'].strip() %}{{ content + ' <step> ' }}{% endfor %}{{'Source: assistant\nDestination: user\n\n '}}", "eos_token": "</s>", "pad_token": "<unk>", "unk_token": "<unk>", "use_default_system_prompt": false}}, "cardData": {"library_name": "transformers", "tags": ["unsloth"]}, "transformersInfo": {"auto_model": "AutoModelForCausalLM", "pipeline_tag": "text-generation", "processor": "AutoTokenizer"}, "siblings": [{"rfilename": ".gitattributes"}, {"rfilename": "README.md"}, {"rfilename": "added_tokens.json"}, {"rfilename": "config.json"}, {"rfilename": "generation_config.json"}, {"rfilename": "model-00001-of-00029.safetensors"}, {"rfilename": "model-00002-of-00029.safetensors"}, {"rfilename": "model-00003-of-00029.safetensors"}, {"rfilename": "model-00004-of-00029.safetensors"}, {"rfilename": "model-00005-of-00029.safetensors"}, {"rfilename": "model-00006-of-00029.safetensors"}, {"rfilename": "model-00007-of-00029.safetensors"}, {"rfilename": "model-00008-of-00029.safetensors"}, {"rfilename": "model-00009-of-00029.safetensors"}, {"rfilename": "model-00010-of-00029.safetensors"}, {"rfilename": "model-00011-of-00029.safetensors"}, {"rfilename": "model-00012-of-00029.safetensors"}, {"rfilename": "model-00013-of-00029.safetensors"}, {"rfilename": "model-00014-of-00029.safetensors"}, {"rfilename": "model-00015-of-00029.safetensors"}, {"rfilename": "model-00016-of-00029.safetensors"}, {"rfilename": "model-00017-of-00029.safetensors"}, {"rfilename": "model-00018-of-00029.safetensors"}, {"rfilename": "model-00019-of-00029.safetensors"}, {"rfilename": "model-00020-of-00029.safetensors"}, {"rfilename": "model-00021-of-00029.safetensors"}, {"rfilename": "model-00022-of-00029.safetensors"}, {"rfilename": "model-00023-of-00029.safetensors"}, {"rfilename": "model-00024-of-00029.safetensors"}, {"rfilename": "model-00025-of-00029.safetensors"}, {"rfilename": "model-00026-of-00029.safetensors"}, {"rfilename": "model-00027-of-00029.safetensors"}, {"rfilename": "model-00028-of-00029.safetensors"}, {"rfilename": "model-00029-of-00029.safetensors"}, {"rfilename": "model.safetensors.index.json"}, {"rfilename": "special_tokens_map.json"}, {"rfilename": "tokenizer.json"}, {"rfilename": "tokenizer.model"}, {"rfilename": "tokenizer_config.json"}], "spaces": [], "createdAt": "2024-02-11T09:23:21.000Z", "safetensors": {"parameters": {"BF16": 68976910336}, "total": 68976910336}, "inferenceStatus": "not-loaded"}