{"_id": "66086617c201aee890fca5e9", "id": "iadithyan/typo_correction_merged_16bit", "modelId": "iadithyan/typo_correction_merged_16bit", "author": "iadithyan", "sha": "d44947f086065567749640f140ef42b68ca7b1b6", "lastModified": "2024-03-30T19:21:43.000Z", "private": false, "disabled": false, "gated": false, "pipeline_tag": "text-generation", "tags": ["transformers", "safetensors", "mistral", "text-generation", "unsloth", "conversational", "arxiv:1910.09700", "autotrain_compatible", "text-generation-inference", "endpoints_compatible", "region:us"], "downloads": 1, "library_name": "transformers", "widgetData": [{"text": "Hey my name is Julien! How are you?"}, {"text": "Hey my name is Thomas! How are you?"}, {"text": "Hey my name is Mariama! How are you?"}, {"text": "Hey my name is Clara! How are you?"}, {"text": "Hey my name is Julien! How are you?"}, {"text": "Hi."}], "likes": 0, "model-index": null, "config": {"architectures": ["MistralForCausalLM"], "model_type": "mistral", "tokenizer_config": {"bos_token": "<s>", "chat_template": "{% for message in messages %}{{'<|im_start|>' + message['role'] + '\n' + message['content'] + '<|im_end|>' + '\n'}}{% endfor %}{% if add_generation_prompt %}{{ '<|im_start|>assistant\n' }}{% endif %}", "eos_token": "<|im_end|>", "pad_token": "<unk>", "unk_token": "<unk>", "use_default_system_prompt": true}}, "cardData": {"library_name": "transformers", "tags": ["unsloth"]}, "transformersInfo": {"auto_model": "AutoModelForCausalLM", "pipeline_tag": "text-generation", "processor": "AutoTokenizer"}, "siblings": [{"rfilename": ".gitattributes"}, {"rfilename": "README.md"}, {"rfilename": "added_tokens.json"}, {"rfilename": "config.json"}, {"rfilename": "generation_config.json"}, {"rfilename": "model-00001-of-00003.safetensors"}, {"rfilename": "model-00002-of-00003.safetensors"}, {"rfilename": "model-00003-of-00003.safetensors"}, {"rfilename": "model.safetensors.index.json"}, {"rfilename": "special_tokens_map.json"}, {"rfilename": "tokenizer.json"}, {"rfilename": "tokenizer.model"}, {"rfilename": "tokenizer_config.json"}], "spaces": [], "createdAt": "2024-03-30T19:20:55.000Z", "safetensors": {"parameters": {"BF16": 7241748480}, "total": 7241748480}, "inferenceStatus": "not-loaded"}