{"_id": "658b42837507718e7f257abc", "id": "iadsmedia/sqh5-lv9b-vbaya-0", "modelId": "iadsmedia/sqh5-lv9b-vbaya-0", "author": "iadsmedia", "sha": "ed1673c4d0f5609a853d337d38b8fb85892fd33b", "lastModified": "2023-12-26T21:15:51.000Z", "private": false, "disabled": false, "gated": false, "pipeline_tag": "text-generation", "tags": ["safetensors", "autotrain", "text-generation", "conversational", "license:other", "endpoints_compatible", "region:us"], "downloads": 0, "widgetData": [{"text": "I love AutoTrain because "}], "likes": 0, "model-index": null, "config": {"tokenizer_config": {"bos_token": "<s>", "chat_template": "{{ bos_token }}{% for message in messages %}{% if (message['role'] == 'user') != (loop.index0 % 2 == 0) %}{{ raise_exception('Conversation roles must alternate user/assistant/user/assistant/...') }}{% endif %}{% if message['role'] == 'user' %}{{ '[INST] ' + message['content'] + ' [/INST]' }}{% elif message['role'] == 'assistant' %}{{ message['content'] + eos_token}}{% else %}{{ raise_exception('Only user and assistant roles are supported!') }}{% endif %}{% endfor %}", "eos_token": "</s>", "pad_token": "</s>", "unk_token": "<unk>", "use_default_system_prompt": false}}, "cardData": {"tags": ["autotrain", "text-generation"], "widget": [{"text": "I love AutoTrain because "}], "license": "other"}, "siblings": [{"rfilename": ".gitattributes"}, {"rfilename": "README.md"}, {"rfilename": "adapter_config.json"}, {"rfilename": "adapter_model.safetensors"}, {"rfilename": "checkpoint-111/README.md"}, {"rfilename": "checkpoint-111/adapter_config.json"}, {"rfilename": "checkpoint-111/adapter_model.safetensors"}, {"rfilename": "checkpoint-111/optimizer.pt"}, {"rfilename": "checkpoint-111/pytorch_model.bin"}, {"rfilename": "checkpoint-111/rng_state.pth"}, {"rfilename": "checkpoint-111/scheduler.pt"}, {"rfilename": "checkpoint-111/special_tokens_map.json"}, {"rfilename": "checkpoint-111/tokenizer.json"}, {"rfilename": "checkpoint-111/tokenizer.model"}, {"rfilename": "checkpoint-111/tokenizer_config.json"}, {"rfilename": "checkpoint-111/trainer_state.json"}, {"rfilename": "checkpoint-111/training_args.bin"}, {"rfilename": "handler.py"}, {"rfilename": "requirements.txt"}, {"rfilename": "special_tokens_map.json"}, {"rfilename": "tokenizer.json"}, {"rfilename": "tokenizer.model"}, {"rfilename": "tokenizer_config.json"}, {"rfilename": "training_args.bin"}, {"rfilename": "training_params.json"}], "spaces": [], "createdAt": "2023-12-26T21:15:47.000Z", "inferenceStatus": "not-loaded"}