{"_id": "657c8bde156fdf03017f6afa", "id": "iadsmedia/mz-fine-tune", "modelId": "iadsmedia/mz-fine-tune", "author": "iadsmedia", "sha": "2b72e417a921530867a1d1e48c5f60dab14e20a3", "lastModified": "2023-12-15T19:31:14.000Z", "private": false, "disabled": false, "gated": false, "pipeline_tag": "text-generation", "tags": ["safetensors", "autotrain", "text-generation", "conversational", "license:other", "region:us"], "downloads": 0, "widgetData": [{"text": "I love AutoTrain because "}], "likes": 0, "model-index": null, "config": {"tokenizer_config": {"bos_token": "<s>", "chat_template": "{{ bos_token }}{% for message in messages %}{% if (message['role'] == 'user') != (loop.index0 % 2 == 0) %}{{ raise_exception('Conversation roles must alternate user/assistant/user/assistant/...') }}{% endif %}{% if message['role'] == 'user' %}{{ '[INST] ' + message['content'] + ' [/INST]' }}{% elif message['role'] == 'assistant' %}{{ message['content'] + eos_token}}{% else %}{{ raise_exception('Only user and assistant roles are supported!') }}{% endif %}{% endfor %}", "eos_token": "</s>", "pad_token": "</s>", "unk_token": "<unk>", "use_default_system_prompt": false}}, "cardData": {"tags": ["autotrain", "text-generation"], "widget": [{"text": "I love AutoTrain because "}], "license": "other"}, "siblings": [{"rfilename": ".gitattributes"}, {"rfilename": "README.md"}, {"rfilename": "adapter_config.json"}, {"rfilename": "adapter_model.safetensors"}, {"rfilename": "checkpoint-12/README.md"}, {"rfilename": "checkpoint-12/adapter_config.json"}, {"rfilename": "checkpoint-12/adapter_model.safetensors"}, {"rfilename": "checkpoint-12/optimizer.pt"}, {"rfilename": "checkpoint-12/pytorch_model.bin"}, {"rfilename": "checkpoint-12/rng_state.pth"}, {"rfilename": "checkpoint-12/scheduler.pt"}, {"rfilename": "checkpoint-12/special_tokens_map.json"}, {"rfilename": "checkpoint-12/tokenizer.json"}, {"rfilename": "checkpoint-12/tokenizer.model"}, {"rfilename": "checkpoint-12/tokenizer_config.json"}, {"rfilename": "checkpoint-12/trainer_state.json"}, {"rfilename": "checkpoint-12/training_args.bin"}, {"rfilename": "special_tokens_map.json"}, {"rfilename": "tokenizer.json"}, {"rfilename": "tokenizer.model"}, {"rfilename": "tokenizer_config.json"}, {"rfilename": "training_args.bin"}, {"rfilename": "training_params.json"}], "spaces": [], "createdAt": "2023-12-15T17:24:46.000Z", "inferenceStatus": "not-loaded"}