{"_id": "65cd49c39de370028e4a8225", "id": "Iaentrenamiento/oshetokeven", "modelId": "Iaentrenamiento/oshetokeven", "author": "Iaentrenamiento", "sha": "0e24551c69f4f882478839c48d39f2db1777467b", "lastModified": "2024-02-14T23:19:29.000Z", "private": false, "disabled": false, "gated": false, "tags": ["region:us"], "downloads": 0, "likes": 0, "siblings": [{"rfilename": ".gitattributes"}, {"rfilename": "oseznaso"}], "spaces": [], "createdAt": "2024-02-14T23:16:19.000Z", "inferenceStatus": "not-loaded"}