{"_id": "65cd473e88241158c3f0b584", "id": "Iaentrenamiento/osezno", "modelId": "Iaentrenamiento/osezno", "author": "Iaentrenamiento", "sha": "7c3ed592e8ba4766497ac43b09b418242e2241e0", "lastModified": "2024-02-14T23:05:34.000Z", "private": false, "disabled": false, "gated": false, "tags": ["license:apache-2.0", "region:us"], "downloads": 0, "likes": 0, "model-index": null, "cardData": {"license": "apache-2.0"}, "siblings": [{"rfilename": ".gitattributes"}, {"rfilename": "README.md"}], "spaces": [], "createdAt": "2024-02-14T23:05:34.000Z", "inferenceStatus": "not-loaded"}