{"_id": "661d7fd0ba7a3d4518629f34", "id": "IAFrance/ECE-TW3-JRGL-VHF2", "modelId": "IAFrance/ECE-TW3-JRGL-VHF2", "author": "IAFrance", "sha": "6044ecf2b09710ad88038af6e8f4d3422e0ab1fb", "lastModified": "2024-04-15T19:47:26.000Z", "private": false, "disabled": false, "gated": false, "pipeline_tag": "text-generation", "tags": ["transformers", "safetensors", "llama", "text-generation", "merge", "mergekit", "lazymergekit", "abacusai/Smaug-72B-v0.1", "davidkim205/Rhea-72b-v0.5", "license:apache-2.0", "autotrain_compatible", "text-generation-inference", "endpoints_compatible", "region:us"], "downloads": 306, "library_name": "transformers", "widgetData": [{"text": "My name is Julien and I like to"}, {"text": "My name is Thomas and my main"}, {"text": "My name is Mariama, my favorite"}, {"text": "My name is Clara and I am"}, {"text": "My name is Lewis and I like to"}, {"text": "My name is Merve and my favorite"}, {"text": "My name is Teven and I am"}, {"text": "Once upon a time,"}], "likes": 0, "model-index": null, "config": {"architectures": ["LlamaForCausalLM"], "model_type": "llama", "tokenizer_config": {"bos_token": "<|endoftext|>", "eos_token": "<|endoftext|>", "unk_token": "<|endoftext|>"}}, "cardData": {"license": "apache-2.0", "tags": ["merge", "mergekit", "lazymergekit", "abacusai/Smaug-72B-v0.1", "davidkim205/Rhea-72b-v0.5"]}, "transformersInfo": {"auto_model": "AutoModelForCausalLM", "pipeline_tag": "text-generation", "processor": "AutoTokenizer"}, "siblings": [{"rfilename": ".gitattributes"}, {"rfilename": "README.md"}, {"rfilename": "config.json"}, {"rfilename": "mergekit_config.yml"}, {"rfilename": "merges.txt"}, {"rfilename": "model-00001-of-00082.safetensors"}, {"rfilename": "model-00002-of-00082.safetensors"}, {"rfilename": "model-00003-of-00082.safetensors"}, {"rfilename": "model-00004-of-00082.safetensors"}, {"rfilename": "model-00005-of-00082.safetensors"}, {"rfilename": "model-00006-of-00082.safetensors"}, {"rfilename": "model-00007-of-00082.safetensors"}, {"rfilename": "model-00008-of-00082.safetensors"}, {"rfilename": "model-00009-of-00082.safetensors"}, {"rfilename": "model-00010-of-00082.safetensors"}, {"rfilename": "model-00011-of-00082.safetensors"}, {"rfilename": "model-00012-of-00082.safetensors"}, {"rfilename": "model-00013-of-00082.safetensors"}, {"rfilename": "model-00014-of-00082.safetensors"}, {"rfilename": "model-00015-of-00082.safetensors"}, {"rfilename": "model-00016-of-00082.safetensors"}, {"rfilename": "model-00017-of-00082.safetensors"}, {"rfilename": "model-00018-of-00082.safetensors"}, {"rfilename": "model-00019-of-00082.safetensors"}, {"rfilename": "model-00020-of-00082.safetensors"}, {"rfilename": "model-00021-of-00082.safetensors"}, {"rfilename": "model-00022-of-00082.safetensors"}, {"rfilename": "model-00023-of-00082.safetensors"}, {"rfilename": "model-00024-of-00082.safetensors"}, {"rfilename": "model-00025-of-00082.safetensors"}, {"rfilename": "model-00026-of-00082.safetensors"}, {"rfilename": "model-00027-of-00082.safetensors"}, {"rfilename": "model-00028-of-00082.safetensors"}, {"rfilename": "model-00029-of-00082.safetensors"}, {"rfilename": "model-00030-of-00082.safetensors"}, {"rfilename": "model-00031-of-00082.safetensors"}, {"rfilename": "model-00032-of-00082.safetensors"}, {"rfilename": "model-00033-of-00082.safetensors"}, {"rfilename": "model-00034-of-00082.safetensors"}, {"rfilename": "model-00035-of-00082.safetensors"}, {"rfilename": "model-00036-of-00082.safetensors"}, {"rfilename": "model-00037-of-00082.safetensors"}, {"rfilename": "model-00038-of-00082.safetensors"}, {"rfilename": "model-00039-of-00082.safetensors"}, {"rfilename": "model-00040-of-00082.safetensors"}, {"rfilename": "model-00041-of-00082.safetensors"}, {"rfilename": "model-00042-of-00082.safetensors"}, {"rfilename": "model-00043-of-00082.safetensors"}, {"rfilename": "model-00044-of-00082.safetensors"}, {"rfilename": "model-00045-of-00082.safetensors"}, {"rfilename": "model-00046-of-00082.safetensors"}, {"rfilename": "model-00047-of-00082.safetensors"}, {"rfilename": "model-00048-of-00082.safetensors"}, {"rfilename": "model-00049-of-00082.safetensors"}, {"rfilename": "model-00050-of-00082.safetensors"}, {"rfilename": "model-00051-of-00082.safetensors"}, {"rfilename": "model-00052-of-00082.safetensors"}, {"rfilename": "model-00053-of-00082.safetensors"}, {"rfilename": "model-00054-of-00082.safetensors"}, {"rfilename": "model-00055-of-00082.safetensors"}, {"rfilename": "model-00056-of-00082.safetensors"}, {"rfilename": "model-00057-of-00082.safetensors"}, {"rfilename": "model-00058-of-00082.safetensors"}, {"rfilename": "model-00059-of-00082.safetensors"}, {"rfilename": "model-00060-of-00082.safetensors"}, {"rfilename": "model-00061-of-00082.safetensors"}, {"rfilename": "model-00062-of-00082.safetensors"}, {"rfilename": "model-00063-of-00082.safetensors"}, {"rfilename": "model-00064-of-00082.safetensors"}, {"rfilename": "model-00065-of-00082.safetensors"}, {"rfilename": "model-00066-of-00082.safetensors"}, {"rfilename": "model-00067-of-00082.safetensors"}, {"rfilename": "model-00068-of-00082.safetensors"}, {"rfilename": "model-00069-of-00082.safetensors"}, {"rfilename": "model-00070-of-00082.safetensors"}, {"rfilename": "model-00071-of-00082.safetensors"}, {"rfilename": "model-00072-of-00082.safetensors"}, {"rfilename": "model-00073-of-00082.safetensors"}, {"rfilename": "model-00074-of-00082.safetensors"}, {"rfilename": "model-00075-of-00082.safetensors"}, {"rfilename": "model-00076-of-00082.safetensors"}, {"rfilename": "model-00077-of-00082.safetensors"}, {"rfilename": "model-00078-of-00082.safetensors"}, {"rfilename": "model-00079-of-00082.safetensors"}, {"rfilename": "model-00080-of-00082.safetensors"}, {"rfilename": "model-00081-of-00082.safetensors"}, {"rfilename": "model-00082-of-00082.safetensors"}, {"rfilename": "model.safetensors.index.json"}, {"rfilename": "special_tokens_map.json"}, {"rfilename": "tokenizer.json"}, {"rfilename": "tokenizer_config.json"}, {"rfilename": "vocab.json"}], "spaces": [], "createdAt": "2024-04-15T19:28:16.000Z", "safetensors": {"parameters": {"BF16": 72288575488}, "total": 72288575488}, "inferenceStatus": "not-loaded"}