{"_id": "659b8c0d3b0b56c5e04ee0a6", "id": "IAgoTune/Fushiguro_Megumi", "modelId": "IAgoTune/Fushiguro_Megumi", "author": "IAgoTune", "sha": "c85f8cde6b164af4c4e1686559d10c12ecdd6f09", "lastModified": "2024-01-08T05:47:05.000Z", "private": false, "disabled": false, "gated": false, "tags": ["region:us"], "downloads": 0, "likes": 0, "siblings": [{"rfilename": ".gitattributes"}, {"rfilename": "megumi_400_Epochs_v2.zip"}], "spaces": [], "createdAt": "2024-01-08T05:45:49.000Z", "inferenceStatus": "not-loaded"}