{"_id": "6428546003e22e2a912f7080", "id": "iagoalves/portuguese_deberta_tokenizer", "modelId": "iagoalves/portuguese_deberta_tokenizer", "author": "iagoalves", "sha": "2bad770d75857702823e7fd85f804b8b1519377f", "lastModified": "2023-04-01T20:00:32.000Z", "private": false, "disabled": false, "gated": false, "tags": ["region:us"], "downloads": 0, "likes": 0, "model-index": null, "cardData": {}, "siblings": [{"rfilename": ".gitattributes"}, {"rfilename": "README.md"}, {"rfilename": "tokenizer.model"}, {"rfilename": "tokenizer.vocab"}], "spaces": [], "createdAt": "2023-04-01T15:57:20.000Z", "inferenceStatus": "not-loaded"}