{"_id": "65b31980b389ca2de1b24940", "id": "iagoalves/finetuning-sentiment-model-1000-samples", "modelId": "iagoalves/finetuning-sentiment-model-1000-samples", "author": "iagoalves", "sha": "a1c49e727fb5d9938134b98dc6c2f285c0458248", "lastModified": "2024-01-26T03:11:58.000Z", "private": false, "disabled": false, "gated": false, "pipeline_tag": "text-classification", "tags": ["transformers", "tensorboard", "safetensors", "bert", "text-classification", "generated_from_trainer", "base_model:neuralmind/bert-base-portuguese-cased", "license:mit", "autotrain_compatible", "endpoints_compatible", "region:us"], "downloads": 2, "library_name": "transformers", "mask_token": "[MASK]", "widgetData": [{"text": "I like you. I love you"}], "likes": 0, "model-index": [{"name": "finetuning-sentiment-model-1000-samples", "results": []}], "config": {"architectures": ["BertForSequenceClassification"], "model_type": "bert", "tokenizer_config": {"cls_token": "[CLS]", "mask_token": "[MASK]", "pad_token": "[PAD]", "sep_token": "[SEP]", "unk_token": "[UNK]"}}, "cardData": {"license": "mit", "base_model": "neuralmind/bert-base-portuguese-cased", "tags": ["generated_from_trainer"], "metrics": ["accuracy", "f1"], "model-index": [{"name": "finetuning-sentiment-model-1000-samples", "results": []}]}, "transformersInfo": {"auto_model": "AutoModelForSequenceClassification", "pipeline_tag": "text-classification", "processor": "AutoTokenizer"}, "siblings": [{"rfilename": ".gitattributes"}, {"rfilename": "README.md"}, {"rfilename": "config.json"}, {"rfilename": "model.safetensors"}, {"rfilename": "runs/Jan26_02-31-35_8b6779edc180/events.out.tfevents.1706236334.8b6779edc180.370.0"}, {"rfilename": "runs/Jan26_02-31-35_8b6779edc180/events.out.tfevents.1706238423.8b6779edc180.370.1"}, {"rfilename": "special_tokens_map.json"}, {"rfilename": "tokenizer.json"}, {"rfilename": "tokenizer_config.json"}, {"rfilename": "training_args.bin"}, {"rfilename": "vocab.txt"}], "spaces": [], "createdAt": "2024-01-26T02:31:28.000Z", "safetensors": {"parameters": {"F32": 108925443}, "total": 108925443}, "inferenceStatus": "not-loaded"}