{"_id": "65a4bde18448f47df2dcbbf6", "id": "iagoalves/zephyr_7b_apostilas_1000steps_constant", "modelId": "iagoalves/zephyr_7b_apostilas_1000steps_constant", "author": "iagoalves", "sha": "80233fb457965459cf26dc7fbeaa7858bb791025", "lastModified": "2024-01-15T12:06:05.000Z", "private": false, "disabled": false, "gated": false, "tags": ["peft", "safetensors", "trl", "sft", "generated_from_trainer", "base_model:HuggingFaceH4/zephyr-7b-alpha", "license:mit", "region:us"], "downloads": 0, "library_name": "peft", "likes": 0, "model-index": [{"name": "zephyr_7b_apostilas_1000steps_constant", "results": []}], "config": {"tokenizer_config": {"bos_token": "<s>", "chat_template": "{% for message in messages %}\n{% if message['role'] == 'user' %}\n{{ '<|user|>\n' + message['content'] + eos_token }}\n{% elif message['role'] == 'system' %}\n{{ '<|system|>\n' + message['content'] + eos_token }}\n{% elif message['role'] == 'assistant' %}\n{{ '<|assistant|>\n'  + message['content'] + eos_token }}\n{% endif %}\n{% if loop.last and add_generation_prompt %}\n{{ '<|assistant|>' }}\n{% endif %}\n{% endfor %}", "eos_token": "</s>", "pad_token": "</s>", "unk_token": "<unk>", "use_default_system_prompt": true}, "peft": {"base_model_name_or_path": "HuggingFaceH4/zephyr-7b-alpha", "task_type": "CAUSAL_LM"}}, "cardData": {"license": "mit", "library_name": "peft", "tags": ["trl", "sft", "generated_from_trainer"], "base_model": "HuggingFaceH4/zephyr-7b-alpha", "model-index": [{"name": "zephyr_7b_apostilas_1000steps_constant", "results": []}]}, "siblings": [{"rfilename": ".gitattributes"}, {"rfilename": "README.md"}, {"rfilename": "adapter_config.json"}, {"rfilename": "adapter_model.safetensors"}, {"rfilename": "special_tokens_map.json"}, {"rfilename": "tokenizer.json"}, {"rfilename": "tokenizer.model"}, {"rfilename": "tokenizer_config.json"}, {"rfilename": "training_args.bin"}], "spaces": [], "createdAt": "2024-01-15T05:08:49.000Z", "inferenceStatus": "not-loaded"}