{"_id": "639719453507d82f79764461", "id": "IagoGonzalez/ppo-Huggy", "modelId": "IagoGonzalez/ppo-Huggy", "author": "IagoGonzalez", "sha": "1158602bc3c0ae1bbee1c47714269bf83c2b8368", "lastModified": "2022-12-12T12:06:37.000Z", "private": false, "disabled": false, "gated": false, "pipeline_tag": "reinforcement-learning", "tags": ["ml-agents", "tensorboard", "onnx", "unity-ml-agents", "deep-reinforcement-learning", "reinforcement-learning", "ML-Agents-Huggy", "region:us"], "downloads": 4, "library_name": "ml-agents", "likes": 0, "model-index": null, "config": {}, "cardData": {"tags": ["unity-ml-agents", "ml-agents", "deep-reinforcement-learning", "reinforcement-learning", "ML-Agents-Huggy"], "library_name": "ml-agents"}, "siblings": [{"rfilename": ".gitattributes"}, {"rfilename": "Huggy.onnx"}, {"rfilename": "Huggy/Huggy-1499984.onnx"}, {"rfilename": "Huggy/Huggy-1499984.pt"}, {"rfilename": "Huggy/Huggy-1999794.onnx"}, {"rfilename": "Huggy/Huggy-1999794.pt"}, {"rfilename": "Huggy/Huggy-2000544.onnx"}, {"rfilename": "Huggy/Huggy-2000544.pt"}, {"rfilename": "Huggy/Huggy-499986.onnx"}, {"rfilename": "Huggy/Huggy-499986.pt"}, {"rfilename": "Huggy/Huggy-999954.onnx"}, {"rfilename": "Huggy/Huggy-999954.pt"}, {"rfilename": "Huggy/checkpoint.pt"}, {"rfilename": "Huggy/events.out.tfevents.1670844355.844956c053c7.360.0"}, {"rfilename": "README.md"}, {"rfilename": "config.json"}, {"rfilename": "configuration.yaml"}, {"rfilename": "run_logs/Player-0.log"}, {"rfilename": "run_logs/timers.json"}, {"rfilename": "run_logs/training_status.json"}], "spaces": [], "createdAt": "2022-12-12T12:06:29.000Z", "inferenceStatus": "not-loaded"}