{"_id": "65840795ca19ccf6d99844f9", "id": "iagovar/zeroshot_selectra_medium_onnx", "modelId": "iagovar/zeroshot_selectra_medium_onnx", "author": "iagovar", "sha": "027ca70aeb047dd7a0fd01f276ee240c1f1de9d2", "lastModified": "2024-07-11T14:49:21.000Z", "private": false, "disabled": false, "gated": false, "pipeline_tag": "zero-shot-classification", "tags": ["transformers.js", "onnx", "electra", "text-classification", "onnx, transformers.js, zero-shot", "zero-shot-classification", "es", "dataset:xnli", "region:us"], "downloads": 0, "library_name": "transformers.js", "mask_token": "[MASK]", "likes": 0, "model-index": null, "config": {"architectures": ["ElectraForSequenceClassification"], "model_type": "electra", "tokenizer_config": {"cls_token": "[CLS]", "mask_token": "[MASK]", "pad_token": "[PAD]", "sep_token": "[SEP]", "unk_token": "[UNK]"}}, "cardData": {"datasets": ["xnli"], "language": ["es"], "library_name": "transformers.js", "pipeline_tag": "zero-shot-classification", "tags": ["onnx, transformers.js, zero-shot"]}, "transformersInfo": {"auto_model": "AutoModelForSequenceClassification", "pipeline_tag": "text-classification", "processor": "AutoTokenizer"}, "siblings": [{"rfilename": ".gitattributes"}, {"rfilename": "README.md"}, {"rfilename": "config.json"}, {"rfilename": "onnx/model.onnx"}, {"rfilename": "onnx/model_quantized.onnx"}, {"rfilename": "quantize_config.json"}, {"rfilename": "special_tokens_map.json"}, {"rfilename": "tokenizer.json"}, {"rfilename": "tokenizer_config.json"}, {"rfilename": "vocab.txt"}], "spaces": [], "createdAt": "2023-12-21T09:38:29.000Z", "inferenceStatus": "not-loaded"}