{"_id": "6393188343f392cc90e72e5f", "id": "IagoGonzalez/ppo-LunarLander-v2", "modelId": "IagoGonzalez/ppo-LunarLander-v2", "author": "IagoGonzalez", "sha": "cb24f2c3d9d22a931a8a6a903e2abc36b5432cff", "lastModified": "2022-12-12T11:28:28.000Z", "private": false, "disabled": false, "gated": false, "pipeline_tag": "reinforcement-learning", "tags": ["stable-baselines3", "LunarLander-v2", "deep-reinforcement-learning", "reinforcement-learning", "model-index", "region:us"], "downloads": 0, "library_name": "stable-baselines3", "likes": 0, "model-index": [{"name": "PPO", "results": [{"task": {"type": "reinforcement-learning", "name": "reinforcement-learning"}, "dataset": {"name": "LunarLander-v2", "type": "LunarLander-v2"}, "metrics": [{"type": "mean_reward", "value": "279.66 +/- 17.14", "name": "mean_reward", "verified": false}]}]}], "config": {}, "cardData": {"library_name": "stable-baselines3", "tags": ["LunarLander-v2", "deep-reinforcement-learning", "reinforcement-learning", "stable-baselines3"], "model-index": [{"name": "PPO", "results": [{"task": {"type": "reinforcement-learning", "name": "reinforcement-learning"}, "dataset": {"name": "LunarLander-v2", "type": "LunarLander-v2"}, "metrics": [{"type": "mean_reward", "value": "279.66 +/- 17.14", "name": "mean_reward", "verified": false}]}]}]}, "siblings": [{"rfilename": ".gitattributes"}, {"rfilename": "README.md"}, {"rfilename": "config.json"}, {"rfilename": "replay.mp4"}, {"rfilename": "results.json"}, {"rfilename": "rl-lunar-ppo-test.zip"}, {"rfilename": "rl-lunar-ppo-test/_stable_baselines3_version"}, {"rfilename": "rl-lunar-ppo-test/data"}, {"rfilename": "rl-lunar-ppo-test/policy.optimizer.pth"}, {"rfilename": "rl-lunar-ppo-test/policy.pth"}, {"rfilename": "rl-lunar-ppo-test/pytorch_variables.pth"}, {"rfilename": "rl-lunar-ppo-test/system_info.txt"}], "spaces": [], "createdAt": "2022-12-09T11:14:11.000Z", "inferenceStatus": "not-loaded"}