{"_id": "639d2de524af4747d8d10332", "id": "iagrawal/ppo-LunarLander-v2", "modelId": "iagrawal/ppo-LunarLander-v2", "author": "iagrawal", "sha": "99a271ad0c6252bfd6da327fc01c9165d98eb3ab", "lastModified": "2022-12-17T03:27:01.000Z", "private": false, "disabled": false, "gated": false, "pipeline_tag": "reinforcement-learning", "tags": ["stable-baselines3", "LunarLander-v2", "deep-reinforcement-learning", "reinforcement-learning", "model-index", "region:us"], "downloads": 0, "library_name": "stable-baselines3", "likes": 0, "model-index": [{"name": "PPO", "results": [{"task": {"type": "reinforcement-learning", "name": "reinforcement-learning"}, "dataset": {"name": "LunarLander-v2", "type": "LunarLander-v2"}, "metrics": [{"type": "mean_reward", "value": "265.71 +/- 17.31", "name": "mean_reward", "verified": false}]}]}], "config": {}, "cardData": {"library_name": "stable-baselines3", "tags": ["LunarLander-v2", "deep-reinforcement-learning", "reinforcement-learning", "stable-baselines3"], "model-index": [{"name": "PPO", "results": [{"task": {"type": "reinforcement-learning", "name": "reinforcement-learning"}, "dataset": {"name": "LunarLander-v2", "type": "LunarLander-v2"}, "metrics": [{"type": "mean_reward", "value": "265.71 +/- 17.31", "name": "mean_reward", "verified": false}]}]}]}, "siblings": [{"rfilename": ".gitattributes"}, {"rfilename": "README.md"}, {"rfilename": "config.json"}, {"rfilename": "my_model.zip"}, {"rfilename": "my_model/_stable_baselines3_version"}, {"rfilename": "my_model/data"}, {"rfilename": "my_model/policy.optimizer.pth"}, {"rfilename": "my_model/policy.pth"}, {"rfilename": "my_model/pytorch_variables.pth"}, {"rfilename": "my_model/system_info.txt"}, {"rfilename": "replay.mp4"}, {"rfilename": "results.json"}], "spaces": [], "createdAt": "2022-12-17T02:48:05.000Z", "inferenceStatus": "not-loaded"}