{"_id": "651c64607e9814cad5ff5ea0", "id": "IAHispano/Applio", "modelId": "IAHispano/Applio", "author": "IAHispano", "sha": "479b335e5c06d5ef7db2d16ff9d7f5acd37674d5", "lastModified": "2024-07-07T13:20:31.000Z", "private": false, "disabled": false, "gated": false, "pipeline_tag": "audio-to-audio", "tags": ["onnx", "AI", "RVC", "VITS", "VC", "Voice Conversion", "Voice2Voice", "audio-to-audio", "region:us"], "downloads": 0, "likes": 48, "model-index": null, "cardData": {"pipeline_tag": "audio-to-audio", "tags": ["AI", "RVC", "VITS", "VC", "Voice Conversion", "Voice2Voice"]}, "siblings": [{"rfilename": ".gitattributes"}, {"rfilename": "Colab/Pnpur.tar.gz"}, {"rfilename": "Compiled/.gitignore"}, {"rfilename": "Compiled/ApplioV3.0.3.zip"}, {"rfilename": "Compiled/ApplioV3.0.4.zip"}, {"rfilename": "Compiled/ApplioV3.0.5.zip"}, {"rfilename": "Compiled/ApplioV3.0.6.zip"}, {"rfilename": "Compiled/ApplioV3.0.7.zip"}, {"rfilename": "Compiled/ApplioV3.0.8.zip"}, {"rfilename": "Compiled/ApplioV3.0.9.exe"}, {"rfilename": "Compiled/ApplioV3.0.9.zip"}, {"rfilename": "Compiled/ApplioV3.1.0.exe"}, {"rfilename": "Compiled/ApplioV3.1.0.zip"}, {"rfilename": "Compiled/ApplioV3.1.1.exe"}, {"rfilename": "Compiled/ApplioV3.1.1.zip"}, {"rfilename": "Compiled/ApplioV3.2.0.exe"}, {"rfilename": "Compiled/ApplioV3.2.0.zip"}, {"rfilename": "Compiled/ApplioV3.2.1.exe"}, {"rfilename": "Compiled/ApplioV3.2.1.zip"}, {"rfilename": "README.md"}, {"rfilename": "Resources/contentvec_base.pt"}, {"rfilename": "Resources/embedders/contentvec_base.pt"}, {"rfilename": "Resources/embedders/hubert_base.pt"}, {"rfilename": "Resources/fcpe.pt"}, {"rfilename": "Resources/ffmpeg.exe"}, {"rfilename": "Resources/ffprobe.exe"}, {"rfilename": "Resources/hubert_base.pt"}, {"rfilename": "Resources/predictors/fcpe.pt"}, {"rfilename": "Resources/predictors/rmvpe.pt"}, {"rfilename": "Resources/pretrained_custom/Ov2Super/f0Ov2Super32kD.pth"}, {"rfilename": "Resources/pretrained_custom/Ov2Super/f0Ov2Super32kG.pth"}, {"rfilename": "Resources/pretrained_custom/Ov2Super/f0Ov2Super40kD.pth"}, {"rfilename": "Resources/pretrained_custom/Ov2Super/f0Ov2Super40kG.pth"}, {"rfilename": "Resources/pretrained_custom/RIN/f0RIN40kD.pth"}, {"rfilename": "Resources/pretrained_custom/RIN/f0RIN40kG.pth"}, {"rfilename": "Resources/pretrained_custom/SnowieRu/f0SnowieRu40kD.pth"}, {"rfilename": "Resources/pretrained_custom/SnowieRu/f0SnowieRu40kG.pth"}, {"rfilename": "Resources/pretrained_custom/SnowieRu/f0SnowieRu48kD.pth"}, {"rfilename": "Resources/pretrained_custom/SnowieRu/f0SnowieRu48kG.pth"}, {"rfilename": "Resources/pretrained_v1/D32k.pth"}, {"rfilename": "Resources/pretrained_v1/D40k.pth"}, {"rfilename": "Resources/pretrained_v1/D48k.pth"}, {"rfilename": "Resources/pretrained_v1/G32k.pth"}, {"rfilename": "Resources/pretrained_v1/G40k.pth"}, {"rfilename": "Resources/pretrained_v1/G48k.pth"}, {"rfilename": "Resources/pretrained_v1/f0D32k.pth"}, {"rfilename": "Resources/pretrained_v1/f0D40k.pth"}, {"rfilename": "Resources/pretrained_v1/f0D48k.pth"}, {"rfilename": "Resources/pretrained_v1/f0G32k.pth"}, {"rfilename": "Resources/pretrained_v1/f0G40k.pth"}, {"rfilename": "Resources/pretrained_v1/f0G48k.pth"}, {"rfilename": "Resources/pretrained_v2/D32k.pth"}, {"rfilename": "Resources/pretrained_v2/D40k.pth"}, {"rfilename": "Resources/pretrained_v2/D48k.pth"}, {"rfilename": "Resources/pretrained_v2/G32k.pth"}, {"rfilename": "Resources/pretrained_v2/G40k.pth"}, {"rfilename": "Resources/pretrained_v2/G48k.pth"}, {"rfilename": "Resources/pretrained_v2/f0D32k.pth"}, {"rfilename": "Resources/pretrained_v2/f0D40k.pth"}, {"rfilename": "Resources/pretrained_v2/f0D48k.pth"}, {"rfilename": "Resources/pretrained_v2/f0G32k.pth"}, {"rfilename": "Resources/pretrained_v2/f0G40k.pth"}, {"rfilename": "Resources/pretrained_v2/f0G48k.pth"}, {"rfilename": "Resources/rmvpe.onnx"}, {"rfilename": "Resources/rmvpe.pt"}, {"rfilename": "env.zip"}, {"rfilename": "pretrains.json"}], "spaces": ["r3gm/RVC_HF", "IAHispano/Applio", "TIMBOVILL/Applio-V3-HF", "TIMBOVILL/APP-Lio", "thejenja/Applio", "freshyfresco/Applio-V3", "thejenja/Applio_V3", "Lora54/Applio", "Lora54/RVC_Pl", "Hev832/Applio-Fork", "TIMBOVILL/ApplioTest", "leey00nsu/t", "neerio/Applio-V3-HF", "medicreal/program", "Clarkseokjin/Applio", "thejenja/Applio-V3-HF", "PhilosopheurMathematique/secondtest", "gatitc/Applioz", "Paxdvf/Applio", "YUNSUN7/Applioceec", "AngelDavid45/Applio", "matiasw7/ApplioV5", "Jair005/Applio_g", "Ptilopsys/Applio", "Hanemi39/Applio2nd", "PierLo/Applio", "sumland/ApplioC", "0rlanther/Applio222", "SHAKAZAMBA/Applio", "blaise-tk/Applio", "Kutches/ApplioUpdatedV2", "Gillnav/RVC_HF", "kingmg/Amirkosnane"], "createdAt": "2023-10-03T18:58:40.000Z", "inferenceStatus": "not-loaded"}