{"_id": "6537a4f2c33220a872b00d99", "id": "iahlt/span-marker-xlm-roberta-base-ar", "modelId": "iahlt/span-marker-xlm-roberta-base-ar", "author": "iahlt", "sha": "4f3e506ccbb23fcbd8f57b049f716e5e2dc0f026", "lastModified": "2023-11-24T13:44:40.000Z", "private": false, "disabled": false, "gated": false, "pipeline_tag": "token-classification", "tags": ["span-marker", "pytorch", "token-classification", "ner", "named-entity-recognition", "generated_from_span_marker_trainer", "ar", "dataset:wikiann", "base_model:xlm-roberta-base", "license:other", "model-index", "region:us"], "downloads": 2, "library_name": "span-marker", "widgetData": [{"text": "\u062c\u0627\u0645\u0639\u0629 \u0628\u064a\u0632\u0627 (\u0625\u064a\u0637\u0627\u0644\u064a\u0627)."}, {"text": "\u062a\u0639\u0644\u0645 \u0641\u064a \u062c\u0627\u0645\u0639\u0629 \u0623\u0648\u0643\u0633\u0641\u0648\u0631\u062f\u060c \u062c\u0627\u0645\u0639\u0629 \u0628\u0631\u0646\u0633\u062a\u0648\u0646\u060c \u062c\u0627\u0645\u0639\u0629 \u0643\u0648\u0644\u0648\u0645\u0628\u064a\u0627."}, {"text": "\u0645\u0648\u0637\u0646\u0647\u0627 \u0628\u0644\u0627\u062f \u0627\u0644\u0634\u0627\u0645 \u062a\u0631\u0643\u064a\u0627."}, {"text": "\u0639\u0627\u062f\u0644 \u0625\u0645\u0627\u0645 - \u0646\u0648\u0631 \u0627\u0644\u0634\u0631\u064a\u0641"}, {"text": "\u0641\u0648\u0643\u0633\u064a \u0648 \u0628\u0648\u0631\u062a\u0634\u0627 \u0636\u062f \u0645\u0648\u0646\u0643\u064a \u062f\u064a \u0644\u0648\u0641\u064a \u0648 \u0646\u0627\u0645\u064a"}], "likes": 4, "model-index": [{"name": "SpanMarker with xlm-roberta-base on wikiann", "results": [{"task": {"type": "token-classification", "name": "Named Entity Recognition"}, "dataset": {"name": "Unknown", "type": "wikiann", "split": "eval"}, "metrics": [{"type": "f1", "value": 0.8965362325351544, "name": "F1", "verified": false}, {"type": "precision", "value": 0.9077510917030568, "name": "Precision", "verified": false}, {"type": "recall", "value": 0.8855951007366646, "name": "Recall", "verified": false}]}]}], "config": {"architectures": ["SpanMarkerModel"], "model_type": "span-marker", "tokenizer_config": {"bos_token": "<s>", "cls_token": "<s>", "eos_token": "</s>", "mask_token": "<mask>", "pad_token": "<pad>", "sep_token": "</s>", "unk_token": "<unk>"}}, "cardData": {"language": ["ar"], "license": "other", "library_name": "span-marker", "tags": ["span-marker", "token-classification", "ner", "named-entity-recognition", "generated_from_span_marker_trainer"], "datasets": ["wikiann"], "metrics": ["precision", "recall", "f1"], "widget": [{"text": "\u062c\u0627\u0645\u0639\u0629 \u0628\u064a\u0632\u0627 (\u0625\u064a\u0637\u0627\u0644\u064a\u0627)."}, {"text": "\u062a\u0639\u0644\u0645 \u0641\u064a \u062c\u0627\u0645\u0639\u0629 \u0623\u0648\u0643\u0633\u0641\u0648\u0631\u062f\u060c \u062c\u0627\u0645\u0639\u0629 \u0628\u0631\u0646\u0633\u062a\u0648\u0646\u060c \u062c\u0627\u0645\u0639\u0629 \u0643\u0648\u0644\u0648\u0645\u0628\u064a\u0627."}, {"text": "\u0645\u0648\u0637\u0646\u0647\u0627 \u0628\u0644\u0627\u062f \u0627\u0644\u0634\u0627\u0645 \u062a\u0631\u0643\u064a\u0627."}, {"text": "\u0639\u0627\u062f\u0644 \u0625\u0645\u0627\u0645 - \u0646\u0648\u0631 \u0627\u0644\u0634\u0631\u064a\u0641"}, {"text": "\u0641\u0648\u0643\u0633\u064a \u0648 \u0628\u0648\u0631\u062a\u0634\u0627 \u0636\u062f \u0645\u0648\u0646\u0643\u064a \u062f\u064a \u0644\u0648\u0641\u064a \u0648 \u0646\u0627\u0645\u064a"}], "pipeline_tag": "token-classification", "base_model": "xlm-roberta-base", "model-index": [{"name": "SpanMarker with xlm-roberta-base on wikiann", "results": [{"task": {"type": "token-classification", "name": "Named Entity Recognition"}, "dataset": {"name": "Unknown", "type": "wikiann", "split": "eval"}, "metrics": [{"type": "f1", "value": 0.8965362325351544, "name": "F1", "verified": false}, {"type": "precision", "value": 0.9077510917030568, "name": "Precision", "verified": false}, {"type": "recall", "value": 0.8855951007366646, "name": "Recall", "verified": false}]}]}]}, "siblings": [{"rfilename": ".gitattributes"}, {"rfilename": "README.md"}, {"rfilename": "config.json"}, {"rfilename": "pytorch_model.bin"}, {"rfilename": "special_tokens_map.json"}, {"rfilename": "tokenizer.json"}, {"rfilename": "tokenizer_config.json"}, {"rfilename": "training_args.bin"}], "spaces": ["iahlt/iahlt-span-marker-xlm-roberta-base-ar"], "createdAt": "2023-10-24T11:05:22.000Z", "inferenceStatus": "not-loaded"}