{"_id": "655fcb3cf376f28cecb1c815", "id": "iahlt/span-marker-xlm-roberta-base-nemo-mt-he", "modelId": "iahlt/span-marker-xlm-roberta-base-nemo-mt-he", "author": "iahlt", "sha": "0f55d8a574599fa6548e58c6bcd728be5fbd1a63", "lastModified": "2023-11-23T22:04:45.000Z", "private": false, "disabled": false, "gated": false, "pipeline_tag": "token-classification", "tags": ["span-marker", "tensorboard", "safetensors", "token-classification", "ner", "named-entity-recognition", "generated_from_span_marker_trainer", "he", "dataset:imvladikon/nemo_corpus", "model-index", "region:us"], "downloads": 2, "library_name": "span-marker", "widgetData": [{"text": "\u05d0\u05dc\u05d9 \u05d5\u05d9\u05d6\u05dc, \u05e4\u05e8\u05d5\u05e4\u05e1\u05d5\u05e8 \u05d1 \u05d0\u05d5\u05e0\u05d9\u05d1\u05e8\u05e1\u05d9\u05d8\u05ea \u05d1\u05d5\u05e1\u05d8\u05d5\u05df, \u05e9 \u05e1\u05d9\u05dc\u05d1\u05e8 \u05d4\u05ea\u05d0\u05de\u05e5 \u05d4\u05e8\u05d1\u05d4 \u05dc\u05de\u05e2\u05df \u05d6\u05db\u05d9\u05d9\u05ea\u05d5 \u05d1 \u05e4\u05e8\u05e1 \u05e0\u05d5\u05d1\u05dc \u05dc \u05e9\u05dc\u05d5\u05dd, \u05ea\u05de\u05da \u05d1\u05d2\u05dc\u05d5\u05d9 \u05d1 \u05de\u05d5\u05e2\u05de\u05d3\u05d5\u05ea\u05d5 \u05dc \u05de\u05e9\u05e8\u05ea \u05d4 \u05de\u05d5\u05e9\u05dc."}, {"text": "\u05de\u05d0\u05de\u05e8\u05d5 \u05e9\u05dc \u05ea\u05d5\u05dd \u05e9\u05d2\u05d1, \" \u05d4 \u05e7\u05e8\u05d1 \u05e2\u05dc \u05e1\u05df \u05e1\u05d9\u05de\u05d5\u05df \u05d4\u05d9\u05d4 \u05d0\u05d5 \u05dc\u05d0 \u05d4\u05d9\u05d4 \" (\" \u05d4 \u05d0\u05e8\u05e5 \" 105), \u05d4\u05d2\u05d9\u05e2 \u05dc \u05d9\u05d3\u05d9 \u05e8\u05e7 \u05d1 \u05d9\u05de\u05d9\u05dd \u05d0\u05dc\u05d4."}, {"text": "\u05e8\u05e7 \u05d1 \u05d3\u05d1\u05e8\u05d9\u05d5 \u05e9\u05dc \u05d4 \u05e8\u05d1 \u05d0\u05d1\u05e8\u05d4\u05dd \u05d8\u05d5\u05dc\u05d3\u05d0\u05e0\u05d5, \u05de\u05e9\u05d2\u05d9\u05d7 \u05d1 \u05d9\u05e9\u05d9\u05d1\u05ea \u05d4 \u05e8\u05e2\u05d9\u05d5\u05df \u05d4 \u05d9\u05d4\u05d5\u05d3\u05d9 \u05d5 \u05de\u05e1\u05e4\u05e8 4 \u05d1 \u05e8\u05e9\u05d9\u05de\u05ea \u05db\u05da \u05dc \u05d4 \u05db\u05e0\u05e1\u05ea, \u05d4\u05d9\u05d5 \u05db\u05d1\u05e8 \u05d4\u05d5\u05e8\u05d0\u05d5\u05ea \u05de\u05e2\u05e9\u05d9\u05d5\u05ea: \" \u05d0\u05dc\u05d5\u05e7\u05d9\u05dd \u05d9\u05d9\u05e7\u05d5\u05dd \u05d3\u05de\u05d5 \u05d5 \u05d0\u05e0\u05d5 \u05e0\u05d9\u05e7\u05d5\u05dd \u05d0\u05ea \u05d4\u05d5\u05d0."}, {"text": "\u05de\u05e8\u05db\u05d6 \u05d4 \u05de\u05d9\u05d3\u05e2 \u05dc \u05d6\u05db\u05d5\u05d9\u05d5\u05ea \u05d4 \u05d0\u05d3\u05dd \u05d1 \u05d4 \u05e9\u05d8\u05d7\u05d9\u05dd, \" \u05d1\u05e6\u05dc\u05dd \", \u05de\u05e4\u05e8\u05e1\u05dd \u05de \u05e4\u05e2\u05dd \u05dc \u05e4\u05e2\u05dd \u05d3\u05e4\u05d9 \u05de\u05d9\u05d3\u05e2 \u05d5 \u05d1 \u05d4\u05de \u05e4\u05e8\u05d8\u05d9\u05dd \u05e2\u05dc \u05d4 \u05e0\u05e2\u05e9\u05d4 \u05d1 \u05d4 \u05e9\u05d8\u05d7\u05d9\u05dd \u05d1 \u05ea\u05d7\u05d5\u05de\u05d9\u05dd \u05e9\u05d5\u05e0\u05d9\u05dd."}, {"text": "\u05d2\u05e8\u05d5\u05e1\u05d1\u05d5\u05e8\u05d3 \u05e0\u05d4\u05d2 \u05dc\u05d1\u05d3\u05d5 \u05d1 \u05d4 \u05de\u05db\u05d5\u05e0\u05d9\u05ea, \u05d1 \u05d3\u05e8\u05db\u05d5 \u05de \u05d4 \u05e2\u05d9\u05e8 \u05de\u05d9\u05e0\u05d9\u05d0\u05e4\u05d5\u05dc\u05d9\u05e1 \u05d1 \u05d0\u05d9\u05e0\u05d3\u05d9\u05d0\u05e0\u05d4 \u05dc \u05e0\u05de\u05dc \u05d4 \u05ea\u05e2\u05d5\u05e4\u05d4 \u05e9\u05dc \u05d4\u05d9\u05d0."}], "likes": 1, "model-index": [{"name": "SpanMarker", "results": [{"task": {"type": "token-classification", "name": "Named Entity Recognition"}, "dataset": {"name": "Unknown", "type": "imvladikon/nemo_corpus", "split": "test"}, "metrics": [{"type": "f1", "value": 0.7757111597374179, "name": "F1", "verified": false}, {"type": "precision", "value": 0.7912946428571429, "name": "Precision", "verified": false}, {"type": "recall", "value": 0.7607296137339056, "name": "Recall", "verified": false}]}]}], "config": {"architectures": ["SpanMarkerModel"], "model_type": "span-marker", "tokenizer_config": {"bos_token": "<s>", "cls_token": "<s>", "eos_token": "</s>", "mask_token": "<mask>", "pad_token": "<pad>", "sep_token": "</s>", "unk_token": "<unk>"}}, "cardData": {"library_name": "span-marker", "tags": ["span-marker", "token-classification", "ner", "named-entity-recognition", "generated_from_span_marker_trainer"], "datasets": ["imvladikon/nemo_corpus"], "metrics": ["precision", "recall", "f1"], "widget": [{"text": "\u05d0\u05dc\u05d9 \u05d5\u05d9\u05d6\u05dc, \u05e4\u05e8\u05d5\u05e4\u05e1\u05d5\u05e8 \u05d1 \u05d0\u05d5\u05e0\u05d9\u05d1\u05e8\u05e1\u05d9\u05d8\u05ea \u05d1\u05d5\u05e1\u05d8\u05d5\u05df, \u05e9 \u05e1\u05d9\u05dc\u05d1\u05e8 \u05d4\u05ea\u05d0\u05de\u05e5 \u05d4\u05e8\u05d1\u05d4 \u05dc\u05de\u05e2\u05df \u05d6\u05db\u05d9\u05d9\u05ea\u05d5 \u05d1 \u05e4\u05e8\u05e1 \u05e0\u05d5\u05d1\u05dc \u05dc \u05e9\u05dc\u05d5\u05dd, \u05ea\u05de\u05da \u05d1\u05d2\u05dc\u05d5\u05d9 \u05d1 \u05de\u05d5\u05e2\u05de\u05d3\u05d5\u05ea\u05d5 \u05dc \u05de\u05e9\u05e8\u05ea \u05d4 \u05de\u05d5\u05e9\u05dc."}, {"text": "\u05de\u05d0\u05de\u05e8\u05d5 \u05e9\u05dc \u05ea\u05d5\u05dd \u05e9\u05d2\u05d1, \" \u05d4 \u05e7\u05e8\u05d1 \u05e2\u05dc \u05e1\u05df \u05e1\u05d9\u05de\u05d5\u05df \u05d4\u05d9\u05d4 \u05d0\u05d5 \u05dc\u05d0 \u05d4\u05d9\u05d4 \" (\" \u05d4 \u05d0\u05e8\u05e5 \" 105), \u05d4\u05d2\u05d9\u05e2 \u05dc \u05d9\u05d3\u05d9 \u05e8\u05e7 \u05d1 \u05d9\u05de\u05d9\u05dd \u05d0\u05dc\u05d4."}, {"text": "\u05e8\u05e7 \u05d1 \u05d3\u05d1\u05e8\u05d9\u05d5 \u05e9\u05dc \u05d4 \u05e8\u05d1 \u05d0\u05d1\u05e8\u05d4\u05dd \u05d8\u05d5\u05dc\u05d3\u05d0\u05e0\u05d5, \u05de\u05e9\u05d2\u05d9\u05d7 \u05d1 \u05d9\u05e9\u05d9\u05d1\u05ea \u05d4 \u05e8\u05e2\u05d9\u05d5\u05df \u05d4 \u05d9\u05d4\u05d5\u05d3\u05d9 \u05d5 \u05de\u05e1\u05e4\u05e8 4 \u05d1 \u05e8\u05e9\u05d9\u05de\u05ea \u05db\u05da \u05dc \u05d4 \u05db\u05e0\u05e1\u05ea, \u05d4\u05d9\u05d5 \u05db\u05d1\u05e8 \u05d4\u05d5\u05e8\u05d0\u05d5\u05ea \u05de\u05e2\u05e9\u05d9\u05d5\u05ea: \" \u05d0\u05dc\u05d5\u05e7\u05d9\u05dd \u05d9\u05d9\u05e7\u05d5\u05dd \u05d3\u05de\u05d5 \u05d5 \u05d0\u05e0\u05d5 \u05e0\u05d9\u05e7\u05d5\u05dd \u05d0\u05ea \u05d4\u05d5\u05d0."}, {"text": "\u05de\u05e8\u05db\u05d6 \u05d4 \u05de\u05d9\u05d3\u05e2 \u05dc \u05d6\u05db\u05d5\u05d9\u05d5\u05ea \u05d4 \u05d0\u05d3\u05dd \u05d1 \u05d4 \u05e9\u05d8\u05d7\u05d9\u05dd, \" \u05d1\u05e6\u05dc\u05dd \", \u05de\u05e4\u05e8\u05e1\u05dd \u05de \u05e4\u05e2\u05dd \u05dc \u05e4\u05e2\u05dd \u05d3\u05e4\u05d9 \u05de\u05d9\u05d3\u05e2 \u05d5 \u05d1 \u05d4\u05de \u05e4\u05e8\u05d8\u05d9\u05dd \u05e2\u05dc \u05d4 \u05e0\u05e2\u05e9\u05d4 \u05d1 \u05d4 \u05e9\u05d8\u05d7\u05d9\u05dd \u05d1 \u05ea\u05d7\u05d5\u05de\u05d9\u05dd \u05e9\u05d5\u05e0\u05d9\u05dd."}, {"text": "\u05d2\u05e8\u05d5\u05e1\u05d1\u05d5\u05e8\u05d3 \u05e0\u05d4\u05d2 \u05dc\u05d1\u05d3\u05d5 \u05d1 \u05d4 \u05de\u05db\u05d5\u05e0\u05d9\u05ea, \u05d1 \u05d3\u05e8\u05db\u05d5 \u05de \u05d4 \u05e2\u05d9\u05e8 \u05de\u05d9\u05e0\u05d9\u05d0\u05e4\u05d5\u05dc\u05d9\u05e1 \u05d1 \u05d0\u05d9\u05e0\u05d3\u05d9\u05d0\u05e0\u05d4 \u05dc \u05e0\u05de\u05dc \u05d4 \u05ea\u05e2\u05d5\u05e4\u05d4 \u05e9\u05dc \u05d4\u05d9\u05d0."}], "pipeline_tag": "token-classification", "model-index": [{"name": "SpanMarker", "results": [{"task": {"type": "token-classification", "name": "Named Entity Recognition"}, "dataset": {"name": "Unknown", "type": "imvladikon/nemo_corpus", "split": "test"}, "metrics": [{"type": "f1", "value": 0.7757111597374179, "name": "F1", "verified": false}, {"type": "precision", "value": 0.7912946428571429, "name": "Precision", "verified": false}, {"type": "recall", "value": 0.7607296137339056, "name": "Recall", "verified": false}]}]}], "language": ["he"]}, "siblings": [{"rfilename": ".gitattributes"}, {"rfilename": "README.md"}, {"rfilename": "config.json"}, {"rfilename": "model.safetensors"}, {"rfilename": "runs/Nov23_21-20-07_4396e9f2dcc0/events.out.tfevents.1700774504.4396e9f2dcc0.361.0"}, {"rfilename": "runs/Nov23_21-20-07_4396e9f2dcc0/events.out.tfevents.1700776686.4396e9f2dcc0.361.1"}, {"rfilename": "special_tokens_map.json"}, {"rfilename": "tokenizer.json"}, {"rfilename": "tokenizer_config.json"}, {"rfilename": "training_args.bin"}], "spaces": [], "createdAt": "2023-11-23T21:59:24.000Z", "safetensors": {"parameters": {"F32": 278063626}, "total": 278063626}, "inferenceStatus": "not-loaded"}