{"_id": "655fe5c12b4d05bcbac4792f", "id": "iahlt/span-marker-alephbert-small-nemo-mt-he", "modelId": "iahlt/span-marker-alephbert-small-nemo-mt-he", "author": "iahlt", "sha": "d6e95b927e86f48d36e5976238ab98d6fb299cc0", "lastModified": "2023-11-24T08:34:00.000Z", "private": false, "disabled": false, "gated": false, "pipeline_tag": "token-classification", "tags": ["span-marker", "safetensors", "token-classification", "ner", "named-entity-recognition", "generated_from_span_marker_trainer", "dataset:imvladikon/nemo_corpus", "model-index", "region:us"], "downloads": 14, "library_name": "span-marker", "widgetData": [{"text": "\u05d0\u05d7\u05e8 \u05db\u05da \u05d4\u05e6\u05d8\u05e8\u05e3 \u05dc \u05d3\u05d0\u05dc\u05d0\u05e1 \u05de\u05d0\u05d5\u05d5\u05e8\u05d9\u05e7\u05e1 \u05de \u05d4 \u05d0\u05e0.\u05d1\u05d9.\u05d0\u05d9\u05d9 \u05d5 \u05d7\u05d6\u05e8 \u05dc\u05e9\u05d7\u05e7 \u05d1 \u05d0\u05d9\u05e8\u05d5\u05e4\u05d4 \u05d1 \u05e1\u05e4\u05e8\u05d3 \u05d1 \u05de\u05d3\u05d9 \u05e7\u05d0\u05d7\u05d4 \u05d1\u05d9\u05dc\u05d1\u05d0\u05d5 \u05d5 \u05d7\u05d9\u05e8\u05d5\u05e0\u05d4"}, {"text": "\u05d1 \u05e7\u05d9\u05e5 1982 \u05e0\u05d9\u05e1\u05d4 \u05d8\u05dc \u05d1\u05e8\u05d5\u05d3\u05d9 (\u05d0\u05d6 \u05e2\u05d5\u05d6\u05e8 \u05d4 \u05de\u05d0\u05de\u05df) \u05dc\u05d4\u05d7\u05ea\u05d9\u05de\u05d5, \u05d0\u05d1\u05dc \u05d1\u05e8\u05d9\u05d0\u05e0\u05d8, \u05e9 \u05e1\u05d1\u05ea\u05d5 \u05d9\u05d4\u05d5\u05d3\u05d9\u05d4, \u05d7\u05ea\u05dd \u05d0\u05d6 \u05d1 \u05e4\u05d5\u05e8\u05d3 \u05e7\u05d0\u05e0\u05d8\u05d5 \u05d5 \u05d6\u05db\u05d4 \u05e2\u05de \u05d4\u05d9\u05d0 \u05d1 \u05d0\u05d5\u05ea\u05d4 \u05e2\u05d5\u05e0\u05d4 \u05d1 \u05d2\u05d1\u05d9\u05e2 \u05d0\u05d9\u05e8\u05d5\u05e4\u05d4 \u05dc \u05d0\u05dc\u05d5\u05e4\u05d5\u05ea."}, {"text": "\u05d9\u05d5\"\u05e8 \u05d5\u05e2\u05d3\u05ea \u05d4 \u05e0\u05d5\u05e2\u05e8 \u05e0\u05ea\u05df \u05e1\u05dc\u05d5\u05d1\u05d8\u05d9\u05e7 \u05d0\u05de\u05e8 \u05e9 \u05d4 \u05e9\u05d7\u05e7\u05e0\u05d9\u05dd \u05e9\u05dc \u05d0\u05e0\u05d7\u05e0\u05d5 \u05dc\u05d0 \u05de\u05e9\u05ea\u05dc\u05d1\u05d9\u05dd \u05d1 \u05d0\u05d9\u05e8\u05d5\u05e4\u05d4."}, {"text": "\u05d1 \u05d4 \u05e1\u05d2\u05dc \u05e9 \u05d9\u05ea\u05db\u05e0\u05e1 \u05de\u05d7\u05e8 \u05d0\u05d7\u05e8 \u05d4 \u05e6\u05d4\u05e8\u05d9\u05d9\u05dd \u05dc \u05de\u05d7\u05e0\u05d4 \u05d0\u05d9\u05de\u05d5\u05e0\u05d9\u05dd \u05d1 \u05e9\u05e4\u05d9\u05d9\u05dd 17 \u05e9\u05d7\u05e7\u05e0\u05d9\u05dd, \u05db\u05d5\u05dc\u05dc \u05de\u05d5\u05d6\u05de\u05df \u05d7\u05d3\u05e9 \u05e9\u05d9\u05e8\u05df \u05d0\u05d3\u05d9\u05e8\u05d9 \u05de \u05de\u05db\u05d1\u05d9 \u05ea\u05dc \u05d0\u05d1\u05d9\u05d1."}, {"text": "\u05ea\u05d5\u05e6\u05d0\u05d5\u05ea \u05d0\u05d7\u05e8\u05d5\u05ea: \u05d8\u05d5\u05e8\u05d9\u05e0\u05d5 2 (\u05de\u05d5\u05e8\u05dc\u05d5 \u05e2\u05e6\u05de\u05d9, \u05de\u05d5\u05dc\u05e8) \u05dc\u05e6\u05d4 0; \u05e7\u05d0\u05dc\u05d9\u05d0\u05e8\u05d9 0 \u05dc\u05d0\u05e6\u05d9\u05d5 1 (\u05e4\u05e1\u05d8\u05d4, \u05e9\u05e2\u05e8 \u05e2\u05e6\u05de\u05d9); \u05e4\u05d9\u05d5\u05e8\u05e0\u05d8\u05d9\u05e0\u05d4 2 (\u05e0\u05d0\u05e4\u05d9, \u05e4\u05d0\u05e6\u05d9\u05d5\u05e0\u05d4) \u05d2\u05e0\u05d5\u05d0\u05d4 2 (\u05d0\u05d5\u05e8\u05dc\u05d0\u05e0\u05d3\u05d5, \u05e9\u05e7\u05d5\u05e8\u05d0\u05d5\u05d5\u05d9)."}], "likes": 1, "model-index": [{"name": "SpanMarker", "results": [{"task": {"type": "token-classification", "name": "Named Entity Recognition"}, "dataset": {"name": "Unknown", "type": "imvladikon/nemo_corpus", "split": "test"}, "metrics": [{"type": "f1", "value": 0.7338129496402878, "name": "F1", "verified": false}, {"type": "precision", "value": 0.7577142857142857, "name": "Precision", "verified": false}, {"type": "recall", "value": 0.7113733905579399, "name": "Recall", "verified": false}]}]}], "config": {"architectures": ["SpanMarkerModel"], "model_type": "span-marker", "tokenizer_config": {"cls_token": "[CLS]", "mask_token": "[MASK]", "pad_token": "[PAD]", "sep_token": "[SEP]", "unk_token": "[UNK]"}}, "cardData": {"library_name": "span-marker", "tags": ["span-marker", "token-classification", "ner", "named-entity-recognition", "generated_from_span_marker_trainer"], "datasets": ["imvladikon/nemo_corpus"], "metrics": ["precision", "recall", "f1"], "widget": [{"text": "\u05d0\u05d7\u05e8 \u05db\u05da \u05d4\u05e6\u05d8\u05e8\u05e3 \u05dc \u05d3\u05d0\u05dc\u05d0\u05e1 \u05de\u05d0\u05d5\u05d5\u05e8\u05d9\u05e7\u05e1 \u05de \u05d4 \u05d0\u05e0.\u05d1\u05d9.\u05d0\u05d9\u05d9 \u05d5 \u05d7\u05d6\u05e8 \u05dc\u05e9\u05d7\u05e7 \u05d1 \u05d0\u05d9\u05e8\u05d5\u05e4\u05d4 \u05d1 \u05e1\u05e4\u05e8\u05d3 \u05d1 \u05de\u05d3\u05d9 \u05e7\u05d0\u05d7\u05d4 \u05d1\u05d9\u05dc\u05d1\u05d0\u05d5 \u05d5 \u05d7\u05d9\u05e8\u05d5\u05e0\u05d4"}, {"text": "\u05d1 \u05e7\u05d9\u05e5 1982 \u05e0\u05d9\u05e1\u05d4 \u05d8\u05dc \u05d1\u05e8\u05d5\u05d3\u05d9 (\u05d0\u05d6 \u05e2\u05d5\u05d6\u05e8 \u05d4 \u05de\u05d0\u05de\u05df) \u05dc\u05d4\u05d7\u05ea\u05d9\u05de\u05d5, \u05d0\u05d1\u05dc \u05d1\u05e8\u05d9\u05d0\u05e0\u05d8, \u05e9 \u05e1\u05d1\u05ea\u05d5 \u05d9\u05d4\u05d5\u05d3\u05d9\u05d4, \u05d7\u05ea\u05dd \u05d0\u05d6 \u05d1 \u05e4\u05d5\u05e8\u05d3 \u05e7\u05d0\u05e0\u05d8\u05d5 \u05d5 \u05d6\u05db\u05d4 \u05e2\u05de \u05d4\u05d9\u05d0 \u05d1 \u05d0\u05d5\u05ea\u05d4 \u05e2\u05d5\u05e0\u05d4 \u05d1 \u05d2\u05d1\u05d9\u05e2 \u05d0\u05d9\u05e8\u05d5\u05e4\u05d4 \u05dc \u05d0\u05dc\u05d5\u05e4\u05d5\u05ea."}, {"text": "\u05d9\u05d5\"\u05e8 \u05d5\u05e2\u05d3\u05ea \u05d4 \u05e0\u05d5\u05e2\u05e8 \u05e0\u05ea\u05df \u05e1\u05dc\u05d5\u05d1\u05d8\u05d9\u05e7 \u05d0\u05de\u05e8 \u05e9 \u05d4 \u05e9\u05d7\u05e7\u05e0\u05d9\u05dd \u05e9\u05dc \u05d0\u05e0\u05d7\u05e0\u05d5 \u05dc\u05d0 \u05de\u05e9\u05ea\u05dc\u05d1\u05d9\u05dd \u05d1 \u05d0\u05d9\u05e8\u05d5\u05e4\u05d4."}, {"text": "\u05d1 \u05d4 \u05e1\u05d2\u05dc \u05e9 \u05d9\u05ea\u05db\u05e0\u05e1 \u05de\u05d7\u05e8 \u05d0\u05d7\u05e8 \u05d4 \u05e6\u05d4\u05e8\u05d9\u05d9\u05dd \u05dc \u05de\u05d7\u05e0\u05d4 \u05d0\u05d9\u05de\u05d5\u05e0\u05d9\u05dd \u05d1 \u05e9\u05e4\u05d9\u05d9\u05dd 17 \u05e9\u05d7\u05e7\u05e0\u05d9\u05dd, \u05db\u05d5\u05dc\u05dc \u05de\u05d5\u05d6\u05de\u05df \u05d7\u05d3\u05e9 \u05e9\u05d9\u05e8\u05df \u05d0\u05d3\u05d9\u05e8\u05d9 \u05de \u05de\u05db\u05d1\u05d9 \u05ea\u05dc \u05d0\u05d1\u05d9\u05d1."}, {"text": "\u05ea\u05d5\u05e6\u05d0\u05d5\u05ea \u05d0\u05d7\u05e8\u05d5\u05ea: \u05d8\u05d5\u05e8\u05d9\u05e0\u05d5 2 (\u05de\u05d5\u05e8\u05dc\u05d5 \u05e2\u05e6\u05de\u05d9, \u05de\u05d5\u05dc\u05e8) \u05dc\u05e6\u05d4 0; \u05e7\u05d0\u05dc\u05d9\u05d0\u05e8\u05d9 0 \u05dc\u05d0\u05e6\u05d9\u05d5 1 (\u05e4\u05e1\u05d8\u05d4, \u05e9\u05e2\u05e8 \u05e2\u05e6\u05de\u05d9); \u05e4\u05d9\u05d5\u05e8\u05e0\u05d8\u05d9\u05e0\u05d4 2 (\u05e0\u05d0\u05e4\u05d9, \u05e4\u05d0\u05e6\u05d9\u05d5\u05e0\u05d4) \u05d2\u05e0\u05d5\u05d0\u05d4 2 (\u05d0\u05d5\u05e8\u05dc\u05d0\u05e0\u05d3\u05d5, \u05e9\u05e7\u05d5\u05e8\u05d0\u05d5\u05d5\u05d9)."}], "pipeline_tag": "token-classification", "model-index": [{"name": "SpanMarker", "results": [{"task": {"type": "token-classification", "name": "Named Entity Recognition"}, "dataset": {"name": "Unknown", "type": "imvladikon/nemo_corpus", "split": "test"}, "metrics": [{"type": "f1", "value": 0.7338129496402878, "name": "F1", "verified": false}, {"type": "precision", "value": 0.7577142857142857, "name": "Precision", "verified": false}, {"type": "recall", "value": 0.7113733905579399, "name": "Recall", "verified": false}]}]}]}, "siblings": [{"rfilename": ".gitattributes"}, {"rfilename": "README.md"}, {"rfilename": "added_tokens.json"}, {"rfilename": "config.json"}, {"rfilename": "model.safetensors"}, {"rfilename": "special_tokens_map.json"}, {"rfilename": "tokenizer.json"}, {"rfilename": "tokenizer_config.json"}, {"rfilename": "training_args.bin"}, {"rfilename": "vocab.txt"}], "spaces": ["iahlt/iahlt-span-marker-alephbert-small-nemo-mt-he"], "createdAt": "2023-11-23T23:52:33.000Z", "safetensors": {"parameters": {"F32": 78686730}, "total": 78686730}, "inferenceStatus": "not-loaded"}