{"_id": "6511e6c6670ac3e76f6381e8", "id": "iainmcqueen/model", "modelId": "iainmcqueen/model", "author": "iainmcqueen", "sha": "64f2e3f18d12b46e7695ebb5f88aac941902ee6d", "lastModified": "2023-10-01T12:52:50.000Z", "private": false, "disabled": false, "gated": false, "pipeline_tag": "text-to-image", "tags": ["diffusers", "tensorboard", "safetensors", "stable-diffusion", "stable-diffusion-diffusers", "text-to-image", "dreambooth", "base_model:CompVis/stable-diffusion-v1-4", "license:creativeml-openrail-m", "autotrain_compatible", "endpoints_compatible", "diffusers:StableDiffusionPipeline", "region:us"], "downloads": 0, "library_name": "diffusers", "likes": 0, "model-index": null, "config": {"diffusers": {"_class_name": "StableDiffusionPipeline"}}, "cardData": {"license": "creativeml-openrail-m", "base_model": "CompVis/stable-diffusion-v1-4", "instance_prompt": "a photo of onc sneakers", "tags": ["stable-diffusion", "stable-diffusion-diffusers", "text-to-image", "diffusers", "dreambooth"], "inference": true}, "siblings": [{"rfilename": ".gitattributes"}, {"rfilename": "README.md"}, {"rfilename": "checkpoint-500/optimizer.bin"}, {"rfilename": "checkpoint-500/random_states_0.pkl"}, {"rfilename": "checkpoint-500/scheduler.bin"}, {"rfilename": "checkpoint-500/text_encoder/config.json"}, {"rfilename": "checkpoint-500/text_encoder/pytorch_model.bin"}, {"rfilename": "checkpoint-500/unet/config.json"}, {"rfilename": "checkpoint-500/unet/diffusion_pytorch_model.safetensors"}, {"rfilename": "feature_extractor/preprocessor_config.json"}, {"rfilename": "logs/dreambooth/1696164018.761899/events.out.tfevents.1696164018.vicuna-01.317516.1"}, {"rfilename": "logs/dreambooth/1696164018.763533/hparams.yml"}, {"rfilename": "logs/dreambooth/events.out.tfevents.1696164018.vicuna-01.317516.0"}, {"rfilename": "model_index.json"}, {"rfilename": "safety_checker/config.json"}, {"rfilename": "safety_checker/model.safetensors"}, {"rfilename": "scheduler/scheduler_config.json"}, {"rfilename": "text_encoder/config.json"}, {"rfilename": "text_encoder/model.safetensors"}, {"rfilename": "tokenizer/merges.txt"}, {"rfilename": "tokenizer/special_tokens_map.json"}, {"rfilename": "tokenizer/tokenizer_config.json"}, {"rfilename": "tokenizer/vocab.json"}, {"rfilename": "unet/config.json"}, {"rfilename": "unet/diffusion_pytorch_model.safetensors"}, {"rfilename": "vae/config.json"}, {"rfilename": "vae/diffusion_pytorch_model.safetensors"}], "spaces": [], "createdAt": "2023-09-25T20:00:06.000Z", "inferenceStatus": "not-loaded"}