{"_id": "64f08b81c6e124c34af00e32", "id": "IainRatherThanIan/donut-base-sroie", "modelId": "IainRatherThanIan/donut-base-sroie", "author": "IainRatherThanIan", "sha": "94fccdbfeea704ab6a3c55720e12d6d182e6ad79", "lastModified": "2023-08-31T14:35:27.000Z", "private": false, "disabled": false, "gated": false, "tags": ["transformers", "pytorch", "vision-encoder-decoder", "generated_from_trainer", "dataset:imagefolder", "base_model:naver-clova-ix/donut-base", "license:mit", "endpoints_compatible", "region:us"], "downloads": 1, "library_name": "transformers", "likes": 0, "model-index": [{"name": "donut-base-sroie", "results": []}], "config": {"architectures": ["VisionEncoderDecoderModel"], "model_type": "vision-encoder-decoder", "tokenizer_config": {"bos_token": "<s>", "cls_token": "<s>", "eos_token": "</s>", "mask_token": {"__type": "AddedToken", "content": "<mask>", "lstrip": true, "normalized": true, "rstrip": false, "single_word": false}, "pad_token": "<pad>", "sep_token": "</s>", "unk_token": "<unk>"}}, "cardData": {"license": "mit", "base_model": "naver-clova-ix/donut-base", "tags": ["generated_from_trainer"], "datasets": ["imagefolder"], "model-index": [{"name": "donut-base-sroie", "results": []}]}, "transformersInfo": {"auto_model": "AutoModel", "processor": "AutoTokenizer"}, "siblings": [{"rfilename": ".gitattributes"}, {"rfilename": "README.md"}, {"rfilename": "added_tokens.json"}, {"rfilename": "config.json"}, {"rfilename": "generation_config.json"}, {"rfilename": "preprocessor_config.json"}, {"rfilename": "pytorch_model.bin"}, {"rfilename": "sentencepiece.bpe.model"}, {"rfilename": "special_tokens_map.json"}, {"rfilename": "tokenizer.json"}, {"rfilename": "tokenizer_config.json"}, {"rfilename": "training_args.bin"}], "spaces": [], "createdAt": "2023-08-31T12:45:53.000Z", "inferenceStatus": "not-loaded"}