{"_id": "665a2b6faec6a78063611993", "id": "IainRatherThanIan/paligemma_vqav2", "modelId": "IainRatherThanIan/paligemma_vqav2", "author": "IainRatherThanIan", "sha": "da30480aa569b14bf6864381cc3dcce40cd3247e", "lastModified": "2024-06-03T18:24:56.000Z", "private": false, "disabled": false, "gated": false, "tags": ["safetensors", "region:us"], "downloads": 0, "likes": 0, "siblings": [{"rfilename": ".gitattributes"}, {"rfilename": "adapter_config.json"}, {"rfilename": "adapter_model.safetensors"}, {"rfilename": "training_args.bin"}], "spaces": [], "createdAt": "2024-05-31T19:56:31.000Z", "inferenceStatus": "not-loaded"}