{"_id": "665e0f8ee3871c05d457b0e3", "id": "IainRatherThanIan/paligemma_vqav2_5", "modelId": "IainRatherThanIan/paligemma_vqav2_5", "author": "IainRatherThanIan", "sha": "14e62d20e4dacac1a7641193f2f761512265c691", "lastModified": "2024-06-03T19:18:09.000Z", "private": false, "disabled": false, "gated": false, "tags": ["safetensors", "region:us"], "downloads": 0, "likes": 0, "siblings": [{"rfilename": ".gitattributes"}, {"rfilename": "adapter_config.json"}, {"rfilename": "adapter_model.safetensors"}, {"rfilename": "training_args.bin"}], "spaces": [], "createdAt": "2024-06-03T18:46:38.000Z", "inferenceStatus": "not-loaded"}