{"_id": "6511dbebc915724a653501d1", "id": "iainmcqueen/coffee_model", "modelId": "iainmcqueen/coffee_model", "author": "iainmcqueen", "sha": "a3b9176cbff0a1bc21540493316e1310cbe1d74d", "lastModified": "2023-09-25T20:12:12.000Z", "private": false, "disabled": false, "gated": false, "pipeline_tag": "text-to-image", "tags": ["diffusers", "tensorboard", "safetensors", "stable-diffusion", "stable-diffusion-diffusers", "text-to-image", "dreambooth", "base_model:CompVis/stable-diffusion-v1-4", "license:creativeml-openrail-m", "autotrain_compatible", "endpoints_compatible", "diffusers:StableDiffusionPipeline", "region:us"], "downloads": 0, "library_name": "diffusers", "likes": 0, "model-index": null, "config": {"diffusers": {"_class_name": "StableDiffusionPipeline"}}, "cardData": {"license": "creativeml-openrail-m", "base_model": "CompVis/stable-diffusion-v1-4", "instance_prompt": "a photo of a ctsseveneleven coffee cup", "tags": ["stable-diffusion", "stable-diffusion-diffusers", "text-to-image", "diffusers", "dreambooth"], "inference": true}, "siblings": [{"rfilename": ".gitattributes"}, {"rfilename": "README.md"}, {"rfilename": "checkpoint-500/optimizer.bin"}, {"rfilename": "checkpoint-500/random_states_0.pkl"}, {"rfilename": "checkpoint-500/scheduler.bin"}, {"rfilename": "checkpoint-500/text_encoder/config.json"}, {"rfilename": "checkpoint-500/text_encoder/pytorch_model.bin"}, {"rfilename": "checkpoint-500/unet/config.json"}, {"rfilename": "checkpoint-500/unet/diffusion_pytorch_model.safetensors"}, {"rfilename": "feature_extractor/preprocessor_config.json"}, {"rfilename": "logs/dreambooth/1695669277.270367/events.out.tfevents.1695669277.192-9-149-235.69587.1"}, {"rfilename": "logs/dreambooth/1695669277.2776845/hparams.yml"}, {"rfilename": "logs/dreambooth/1695671304.1069024/events.out.tfevents.1695671304.192-9-149-235.71030.1"}, {"rfilename": "logs/dreambooth/1695671304.1145163/hparams.yml"}, {"rfilename": "logs/dreambooth/events.out.tfevents.1695669277.192-9-149-235.69587.0"}, {"rfilename": "logs/dreambooth/events.out.tfevents.1695671304.192-9-149-235.71030.0"}, {"rfilename": "model_index.json"}, {"rfilename": "safety_checker/config.json"}, {"rfilename": "safety_checker/model.safetensors"}, {"rfilename": "scheduler/scheduler_config.json"}, {"rfilename": "text_encoder/config.json"}, {"rfilename": "text_encoder/model.safetensors"}, {"rfilename": "tokenizer/merges.txt"}, {"rfilename": "tokenizer/special_tokens_map.json"}, {"rfilename": "tokenizer/tokenizer_config.json"}, {"rfilename": "tokenizer/vocab.json"}, {"rfilename": "unet/config.json"}, {"rfilename": "unet/diffusion_pytorch_model.safetensors"}, {"rfilename": "vae/config.json"}, {"rfilename": "vae/diffusion_pytorch_model.safetensors"}], "spaces": [], "createdAt": "2023-09-25T19:13:47.000Z", "inferenceStatus": "not-loaded"}