{"_id": "65d61584b6a222f608d6fdb6", "id": "iAkashPaul/gemma-2b-it-gguf", "modelId": "iAkashPaul/gemma-2b-it-gguf", "author": "iAkashPaul", "sha": "fc45f1167abf04f8f9966c9a85fe3ca237e267ea", "lastModified": "2024-02-23T07:18:38.000Z", "private": false, "disabled": false, "gated": false, "tags": ["gguf", "gemma", "license:other", "region:us"], "downloads": 208, "likes": 2, "model-index": null, "cardData": {"license": "other", "license_name": "gemma-terms-of-use", "license_link": "https://ai.google.dev/gemma/terms", "tags": ["gemma", "gguf"]}, "siblings": [{"rfilename": ".gitattributes"}, {"rfilename": "README.md"}, {"rfilename": "gemma-2b-it-F16.gguf"}, {"rfilename": "gemma-2b-it-Q4_0.gguf"}, {"rfilename": "gemma-2b-it-Q8_0.gguf"}], "spaces": [], "createdAt": "2024-02-21T15:23:48.000Z", "inferenceStatus": "not-loaded"}