{"_id": "64e7e891d50f3979be8e659c", "id": "IALABS/Arturosfastfood", "modelId": "IALABS/Arturosfastfood", "author": "IALABS", "sha": "7fe6aa1545a3615b0cb81ff527b10b3d5d68b0a6", "lastModified": "2023-08-25T00:14:58.000Z", "private": false, "disabled": false, "gated": false, "pipeline_tag": "text-generation", "tags": ["conversational", "es", "license:other", "region:us"], "downloads": 0, "likes": 1, "model-index": null, "cardData": {"license": "other", "language": ["es"], "pipeline_tag": "conversational"}, "siblings": [{"rfilename": ".gitattributes"}, {"rfilename": "README.md"}, {"rfilename": "argilla.yaml"}, {"rfilename": "arturo_dataset.csv"}, {"rfilename": "train-00000-of-00001-716b1ef544b58122.parquet"}], "spaces": [], "createdAt": "2023-08-24T23:32:33.000Z", "inferenceStatus": "not-loaded"}