{"_id": "66697d83a80bf2f682bc38da", "id": "iamayaak/LiamHQ", "modelId": "iamayaak/LiamHQ", "author": "iamayaak", "sha": "b1a60434d0de32b2e1833e6ee01d88cef044c2e8", "lastModified": "2024-06-12T10:51:29.000Z", "private": false, "disabled": false, "gated": false, "tags": ["region:us"], "downloads": 0, "likes": 0, "siblings": [{"rfilename": ".gitattributes"}, {"rfilename": "Liam Gallagher (HQ_ 1997) - Weights.gg Model.zip"}], "spaces": [], "createdAt": "2024-06-12T10:50:43.000Z", "inferenceStatus": "not-loaded"}