{"_id": "660da812341f0fa3dea5012f", "id": "iamalexcaspian/DipperPines-GravityFalls-RusDub", "modelId": "iamalexcaspian/DipperPines-GravityFalls-RusDub", "author": "iamalexcaspian", "sha": "d8024321745dc0fb6472b463c8e1ce5414be0e46", "lastModified": "2024-04-03T19:47:37.000Z", "private": false, "disabled": false, "gated": false, "tags": ["region:us"], "downloads": 0, "likes": 0, "siblings": [{"rfilename": ".gitattributes"}, {"rfilename": "DipperPines-GravityFalls-RusDub.zip"}], "spaces": [], "createdAt": "2024-04-03T19:03:46.000Z", "inferenceStatus": "not-loaded"}