{"_id": "6666157321f1dfe8cce6d552", "id": "iamalexcaspian/Nikki-TheCasagrandes", "modelId": "iamalexcaspian/Nikki-TheCasagrandes", "author": "iamalexcaspian", "sha": "49fdf89ab5283cc0c944a9da1ae3f123708f5c1f", "lastModified": "2024-06-09T20:50:21.000Z", "private": false, "disabled": false, "gated": false, "tags": ["region:us"], "downloads": 0, "likes": 0, "siblings": [{"rfilename": ".gitattributes"}, {"rfilename": "Nikki-TheCasagrandes.zip"}], "spaces": [], "createdAt": "2024-06-09T20:49:55.000Z", "inferenceStatus": "not-loaded"}