{"_id": "661f99c212bb506e4e88d373", "id": "iamalexcaspian/RosaCasagrandeTLH-CG", "modelId": "iamalexcaspian/RosaCasagrandeTLH-CG", "author": "iamalexcaspian", "sha": "3bdfab7145b39f50a875ce48cf6d1e94c6f2f481", "lastModified": "2024-04-17T09:43:50.000Z", "private": false, "disabled": false, "gated": false, "tags": ["region:us"], "downloads": 0, "likes": 0, "siblings": [{"rfilename": ".gitattributes"}, {"rfilename": "RosaCasagrandeTLH-CG.zip"}], "spaces": [], "createdAt": "2024-04-17T09:43:30.000Z", "inferenceStatus": "not-loaded"}