{"_id": "6680412b1fbddc88d2284e73", "id": "iamalexcaspian/GumballWatterson-TAWOG-LoganGrove", "modelId": "iamalexcaspian/GumballWatterson-TAWOG-LoganGrove", "author": "iamalexcaspian", "sha": "a35e56e301a8f1c19aca72c42cead362b8beed37", "lastModified": "2024-06-29T18:44:23.000Z", "private": false, "disabled": false, "gated": false, "tags": ["region:us"], "downloads": 0, "likes": 0, "siblings": [{"rfilename": ".gitattributes"}, {"rfilename": "GumballWatterson-TAWOG-LoganGrove.zip"}], "spaces": [], "createdAt": "2024-06-29T17:15:23.000Z", "inferenceStatus": "not-loaded"}