{"_id": "6672df4ad7aa3658f275f8d2", "id": "iamanaiart/LCM-hardcoreAsianPorn_v11", "modelId": "iamanaiart/LCM-hardcoreAsianPorn_v11", "author": "iamanaiart", "sha": "281873066f7b5cda8d740c4490f3481ed54888db", "lastModified": "2024-06-19T13:43:13.000Z", "private": false, "disabled": false, "gated": false, "pipeline_tag": "text-to-image", "tags": ["diffusers", "safetensors", "autotrain_compatible", "endpoints_compatible", "diffusers:StableDiffusionPipeline", "region:us"], "downloads": 1, "library_name": "diffusers", "likes": 0, "config": {"diffusers": {"_class_name": "StableDiffusionPipeline"}}, "siblings": [{"rfilename": ".gitattributes"}, {"rfilename": "feature_extractor/preprocessor_config.json"}, {"rfilename": "model_index.json"}, {"rfilename": "safety_checker/config.json"}, {"rfilename": "safety_checker/model.safetensors"}, {"rfilename": "scheduler/scheduler_config.json"}, {"rfilename": "text_encoder/config.json"}, {"rfilename": "text_encoder/model.safetensors"}, {"rfilename": "tokenizer/added_tokens.json"}, {"rfilename": "tokenizer/merges.txt"}, {"rfilename": "tokenizer/special_tokens_map.json"}, {"rfilename": "tokenizer/tokenizer_config.json"}, {"rfilename": "tokenizer/vocab.json"}, {"rfilename": "unet/config.json"}, {"rfilename": "unet/diffusion_pytorch_model.safetensors"}, {"rfilename": "vae/config.json"}, {"rfilename": "vae/diffusion_pytorch_model.safetensors"}], "spaces": [], "createdAt": "2024-06-19T13:38:18.000Z", "inferenceStatus": "not-loaded"}