{"_id": "665f0f8e720305ae718dfbf8", "id": "iamalexcaspian/BuenaGirl-MuchaLucha", "modelId": "iamalexcaspian/BuenaGirl-MuchaLucha", "author": "iamalexcaspian", "sha": "065e9714d1be843a5f902f3ff70ed7565f626db3", "lastModified": "2024-06-17T11:06:32.000Z", "private": false, "disabled": false, "gated": false, "tags": ["region:us"], "downloads": 0, "likes": 0, "siblings": [{"rfilename": ".gitattributes"}, {"rfilename": "BuenaGirl-MuchaLucha.zip"}], "spaces": [], "createdAt": "2024-06-04T12:58:54.000Z", "inferenceStatus": "not-loaded"}