{"_id": "668116482ca1c52c2788c3f0", "id": "iamalexcaspian/Mordecai-RegularShow-RusDub-SnowieV31-40k", "modelId": "iamalexcaspian/Mordecai-RegularShow-RusDub-SnowieV31-40k", "author": "iamalexcaspian", "sha": "369fead3e806f4ac5b09b2c3f796a906eb8f2f58", "lastModified": "2024-06-30T09:56:51.000Z", "private": false, "disabled": false, "gated": false, "tags": ["region:us"], "downloads": 0, "likes": 0, "siblings": [{"rfilename": ".gitattributes"}, {"rfilename": "Mordecai-RegularShow-RusDub-SnowieV31-40k.zip"}], "spaces": [], "createdAt": "2024-06-30T08:24:40.000Z", "inferenceStatus": "not-loaded"}