{"_id": "66434889fc420b741189f2c7", "id": "iamalexcaspian/MarcoDiaz-SVTFOE-RusDub-SnowieV3.1", "modelId": "iamalexcaspian/MarcoDiaz-SVTFOE-RusDub-SnowieV3.1", "author": "iamalexcaspian", "sha": "799b41e3fe58f68a1a349ae7a10522d45a1e0ed8", "lastModified": "2024-05-14T11:19:27.000Z", "private": false, "disabled": false, "gated": false, "tags": ["region:us"], "downloads": 0, "likes": 0, "siblings": [{"rfilename": ".gitattributes"}, {"rfilename": "MarcoDiaz-SVTFOE-RusDub-SnowieV3.1.zip"}], "spaces": [], "createdAt": "2024-05-14T11:18:33.000Z", "inferenceStatus": "not-loaded"}