{"_id": "662ad39c4d8c3d0a09b33797", "id": "iamalexcaspian/Carlitos-TheCasagrandes-CristinaMilizia", "modelId": "iamalexcaspian/Carlitos-TheCasagrandes-CristinaMilizia", "author": "iamalexcaspian", "sha": "2ed39de9b5c73e39efa65d94843087c77aaed498", "lastModified": "2024-04-25T22:05:38.000Z", "private": false, "disabled": false, "gated": false, "tags": ["region:us"], "downloads": 0, "likes": 0, "siblings": [{"rfilename": ".gitattributes"}, {"rfilename": "Carlitos-TheCasagrandes-CristinaMilizia.zip"}], "spaces": [], "createdAt": "2024-04-25T22:05:16.000Z", "inferenceStatus": "not-loaded"}