{"_id": "646ade2d96cfe72aef844cfd", "id": "iamanavk/qm_sum_t5-base", "modelId": "iamanavk/qm_sum_t5-base", "author": "iamanavk", "sha": "4429b42fb648052bd8135192cd278158cf8b4807", "lastModified": "2023-05-22T03:42:18.000Z", "private": false, "disabled": false, "gated": false, "pipeline_tag": "text2text-generation", "tags": ["transformers", "pytorch", "tensorboard", "t5", "text2text-generation", "generated_from_trainer", "license:apache-2.0", "autotrain_compatible", "text-generation-inference", "endpoints_compatible", "region:us"], "downloads": 1, "library_name": "transformers", "likes": 0, "model-index": [{"name": "qm_sum_t5-base", "results": []}], "config": {"architectures": ["T5ForConditionalGeneration"], "model_type": "t5", "tokenizer_config": {"eos_token": "</s>", "pad_token": "<pad>", "unk_token": "<unk>"}}, "cardData": {"license": "apache-2.0", "tags": ["generated_from_trainer"], "metrics": ["rouge"], "model-index": [{"name": "qm_sum_t5-base", "results": []}]}, "transformersInfo": {"auto_model": "AutoModelForSeq2SeqLM", "pipeline_tag": "text2text-generation", "processor": "AutoTokenizer"}, "siblings": [{"rfilename": ".gitattributes"}, {"rfilename": ".gitignore"}, {"rfilename": "README.md"}, {"rfilename": "config.json"}, {"rfilename": "generation_config.json"}, {"rfilename": "pytorch_model.bin"}, {"rfilename": "runs/May22_03-33-34_7d930b1c9cc7/1684726426.925549/events.out.tfevents.1684726426.7d930b1c9cc7.31.1"}, {"rfilename": "runs/May22_03-33-34_7d930b1c9cc7/events.out.tfevents.1684726426.7d930b1c9cc7.31.0"}, {"rfilename": "special_tokens_map.json"}, {"rfilename": "spiece.model"}, {"rfilename": "tokenizer.json"}, {"rfilename": "tokenizer_config.json"}, {"rfilename": "training_args.bin"}], "spaces": [], "createdAt": "2023-05-22T03:14:53.000Z", "inferenceStatus": "not-loaded"}