{"_id": "63a8b1aa29ebe611bc79d674", "id": "IamAlycia/st", "modelId": "IamAlycia/st", "author": "IamAlycia", "sha": "21eda1add06ea038be0866df79c0704e3314f7ed", "lastModified": "2022-12-27T12:09:55.000Z", "private": false, "disabled": false, "gated": false, "tags": ["region:us"], "downloads": 0, "likes": 0, "siblings": [{"rfilename": ".gitattributes"}, {"rfilename": "00000-4215902593-samdoesarts style.png"}, {"rfilename": "00001-4258676682-samdoesarts style, photorealistic.png"}, {"rfilename": "00002-433682954-samdoesarts style, photorealistic.png"}, {"rfilename": "00003-2276236889-samdoesarts style photorealistic painting ((full body)) portrait of ((stunningly attractive)), ((perfect feminine face)),  intri.png"}, {"rfilename": "00004-1432675029-samdoesarts style photorealistic painting ((full body)) portrait of ((stunningly attractive)), ((perfect feminine face)),  intri.png"}, {"rfilename": "00005-74142884-samdoesarts style photorealistic painting ((full body)) portrait of ((stunningly attractive)), ((perfect feminine face)),  intri.png"}, {"rfilename": "00006-3307628885-samdoesarts style photorealistic painting ((full body)) portrait of ((stunningly attractive)), ((perfect feminine face)),  intri.png"}, {"rfilename": "00007-2695080496-samdoesarts style photorealistic painting ((full body)) portrait of ((stunningly attractive)), ((perfect feminine face)),  intri.png"}, {"rfilename": "00008-3497607763-samdoesarts style photorealistic painting ((full body)) portrait of ((stunningly attractive)), ((perfect feminine face)),  intri.png"}, {"rfilename": "00009-3407355559-samdoesarts style photorealistic painting ((full body)) portrait of ((stunningly attractive)), ((perfect feminine face)),  intri.png"}, {"rfilename": "00010-647339965-samdoesarts style photorealistic painting ((full body)) portrait of ((stunningly attractive)), ((perfect feminine face)),  intri.png"}, {"rfilename": "00011-1482626345-samdoesarts style photorealistic painting ((full body)) portrait of ((stunningly attractive)), ((perfect feminine face)),  intri.png"}, {"rfilename": "00012-4102669479-samdoesarts style photorealistic painting ((full body)) portrait of ((stunningly attractive)), ((perfect feminine face)),  intri.png"}, {"rfilename": "00013-2484597206-samdoesarts style photorealistic painting ((full body)) portrait of ((stunningly attractive)), ((perfect feminine face)),  intri.png"}, {"rfilename": "00014-772567262-samdoesarts style photorealistic painting ((full body)) portrait of ((stunningly attractive)), ((perfect feminine face)),  intri.png"}, {"rfilename": "00015-1013185934-samdoesarts style photorealistic painting ((full body)) portrait of ((stunningly attractive)), ((perfect feminine face)),  intri.png"}, {"rfilename": "w1.ckpt"}], "spaces": [], "createdAt": "2022-12-25T20:25:14.000Z", "inferenceStatus": "not-loaded"}