{"_id": "667c605528706fefe8a47eeb", "id": "iamalexcaspian/LunaLoud-TLH", "modelId": "iamalexcaspian/LunaLoud-TLH", "author": "iamalexcaspian", "sha": "29236eca3901429efa0db64111249161b61238c1", "lastModified": "2024-06-26T18:42:22.000Z", "private": false, "disabled": false, "gated": false, "tags": ["region:us"], "downloads": 0, "likes": 0, "siblings": [{"rfilename": ".gitattributes"}, {"rfilename": "LunaLoud-TLH.zip"}], "spaces": [], "createdAt": "2024-06-26T18:39:17.000Z", "inferenceStatus": "not-loaded"}