{"_id": "63f58377e652fcaa84a69737", "id": "iamannika/bert-finetuned-ner", "modelId": "iamannika/bert-finetuned-ner", "author": "iamannika", "sha": "b55efcb89f14db8b340235ddb2a1bbd5600d6534", "lastModified": "2023-02-22T03:06:00.000Z", "private": false, "disabled": false, "gated": false, "pipeline_tag": "token-classification", "tags": ["transformers", "pytorch", "tensorboard", "bert", "token-classification", "generated_from_trainer", "dataset:conll2003", "license:apache-2.0", "model-index", "autotrain_compatible", "endpoints_compatible", "region:us"], "downloads": 1, "library_name": "transformers", "mask_token": "[MASK]", "widgetData": [{"text": "My name is Wolfgang and I live in Berlin"}, {"text": "My name is Sarah and I live in London"}, {"text": "My name is Clara and I live in Berkeley, California."}], "likes": 0, "model-index": [{"name": "bert-finetuned-ner", "results": [{"task": {"name": "Token Classification", "type": "token-classification"}, "dataset": {"name": "conll2003", "type": "conll2003", "config": "conll2003", "split": "validation", "args": "conll2003"}, "metrics": [{"name": "Precision", "type": "precision", "value": 0.9378840724132204, "verified": false}, {"name": "Recall", "type": "recall", "value": 0.9503534163581285, "verified": false}, {"name": "F1", "type": "f1", "value": 0.9440775725152554, "verified": false}, {"name": "Accuracy", "type": "accuracy", "value": 0.9866662742096898, "verified": false}]}]}], "config": {"architectures": ["BertForTokenClassification"], "model_type": "bert", "tokenizer_config": {"cls_token": "[CLS]", "mask_token": "[MASK]", "pad_token": "[PAD]", "sep_token": "[SEP]", "unk_token": "[UNK]"}}, "cardData": {"license": "apache-2.0", "tags": ["generated_from_trainer"], "datasets": ["conll2003"], "metrics": ["precision", "recall", "f1", "accuracy"], "model-index": [{"name": "bert-finetuned-ner", "results": [{"task": {"name": "Token Classification", "type": "token-classification"}, "dataset": {"name": "conll2003", "type": "conll2003", "config": "conll2003", "split": "validation", "args": "conll2003"}, "metrics": [{"name": "Precision", "type": "precision", "value": 0.9378840724132204, "verified": false}, {"name": "Recall", "type": "recall", "value": 0.9503534163581285, "verified": false}, {"name": "F1", "type": "f1", "value": 0.9440775725152554, "verified": false}, {"name": "Accuracy", "type": "accuracy", "value": 0.9866662742096898, "verified": false}]}]}]}, "transformersInfo": {"auto_model": "AutoModelForTokenClassification", "pipeline_tag": "token-classification", "processor": "AutoTokenizer"}, "siblings": [{"rfilename": ".gitattributes"}, {"rfilename": ".gitignore"}, {"rfilename": "README.md"}, {"rfilename": "config.json"}, {"rfilename": "pytorch_model.bin"}, {"rfilename": "runs/Feb22_02-52-39_577594558e77/1677034365.025686/events.out.tfevents.1677034365.577594558e77.1335.1"}, {"rfilename": "runs/Feb22_02-52-39_577594558e77/events.out.tfevents.1677034365.577594558e77.1335.0"}, {"rfilename": "special_tokens_map.json"}, {"rfilename": "tokenizer.json"}, {"rfilename": "tokenizer_config.json"}, {"rfilename": "training_args.bin"}, {"rfilename": "vocab.txt"}], "spaces": [], "createdAt": "2023-02-22T02:52:39.000Z", "inferenceStatus": "not-loaded"}