{"_id": "661a90457c1a358cf3d84cb2", "id": "iamalexcaspian/LincolnLoud-TLH-CollinDean", "modelId": "iamalexcaspian/LincolnLoud-TLH-CollinDean", "author": "iamalexcaspian", "sha": "ccab25b9dd2f98534273e21159694391e1207207", "lastModified": "2024-04-13T14:02:14.000Z", "private": false, "disabled": false, "gated": false, "tags": ["region:us"], "downloads": 0, "likes": 0, "siblings": [{"rfilename": ".gitattributes"}, {"rfilename": "LincolnLoud-TLH-CollinDean.zip"}], "spaces": [], "createdAt": "2024-04-13T14:01:41.000Z", "inferenceStatus": "not-loaded"}