{"_id": "65ba356c32dd6c222f236f6e", "id": "iamadhxxx/mutationai-realisticstyle-v1", "modelId": "iamadhxxx/mutationai-realisticstyle-v1", "author": "iamadhxxx", "sha": "e381cede1f56c4130086920014ff2c6e29bc85d2", "lastModified": "2024-01-31T11:56:41.000Z", "private": false, "disabled": false, "gated": false, "pipeline_tag": "text-to-image", "tags": ["diffusers", "text-to-image", "autotrain", "base_model:stabilityai/stable-diffusion-xl-base-1.0", "region:us"], "downloads": 15, "library_name": "diffusers", "likes": 1, "model-index": null, "cardData": {"base_model": "stabilityai/stable-diffusion-xl-base-1.0", "instance_prompt": "realisticstylev1", "tags": ["text-to-image", "diffusers", "autotrain"], "inference": true}, "siblings": [{"rfilename": ".gitattributes"}, {"rfilename": "README.md"}, {"rfilename": "prompt.txt"}, {"rfilename": "pytorch_lora_weights.safetensors"}, {"rfilename": "training_params.json"}], "spaces": [], "createdAt": "2024-01-31T11:56:28.000Z", "inferenceStatus": "not-loaded"}