{"_id": "668464e7e9a8260bae10f52c", "id": "iamalexcaspian/DarwinWatterson-TAWOG-KwesiBoakye", "modelId": "iamalexcaspian/DarwinWatterson-TAWOG-KwesiBoakye", "author": "iamalexcaspian", "sha": "eb0bc60a18b34cc8c9fa07a25a49d1f7316a32c8", "lastModified": "2024-07-02T22:05:54.000Z", "private": false, "disabled": false, "gated": false, "tags": ["region:us"], "downloads": 0, "likes": 0, "siblings": [{"rfilename": ".gitattributes"}, {"rfilename": "DarwinWatterson-TAWOG-KwesiBoakye.zip"}], "spaces": [], "createdAt": "2024-07-02T20:36:55.000Z", "inferenceStatus": "not-loaded"}