{"_id": "65aef1eb77381188bd5678a4", "id": "iamanaiart/iamembeddings", "modelId": "iamanaiart/iamembeddings", "author": "iamanaiart", "sha": "d336a7983c14565423205076f1f12716ec22ef31", "lastModified": "2024-01-22T22:57:45.000Z", "private": false, "disabled": false, "gated": false, "tags": ["region:us"], "downloads": 0, "likes": 0, "siblings": [{"rfilename": ".gitattributes"}, {"rfilename": "camera/PA7_Human-Likeness.pt"}, {"rfilename": "camera/PA7_Portrait-CU.pt"}, {"rfilename": "camera/PA7_Portrait-ECU.pt"}, {"rfilename": "camera/PA7_Portrait-FL.pt"}, {"rfilename": "camera/PA7_Portrait-HL_v2.pt"}, {"rfilename": "camera/PA7_Portrait-MCU.pt"}, {"rfilename": "camera/PA7_Portrait-MS.pt"}, {"rfilename": "camera/Style-BlurFore.pt"}, {"rfilename": "camera/Style-DA.pt"}, {"rfilename": "camera/Style-DoF.pt"}, {"rfilename": "camera/Style-EMCG.pt"}, {"rfilename": "camera/Style-GHL.pt"}, {"rfilename": "camera/close portrait.pt"}, {"rfilename": "camera/color_palettes/CS-BBz.pt"}, {"rfilename": "camera/color_palettes/CS-BRYO.pt"}, {"rfilename": "camera/color_palettes/CS-CYBR.pt"}, {"rfilename": "camera/color_palettes/CS-OBG.pt"}, {"rfilename": "camera/color_palettes/CS-PYS.pt"}, {"rfilename": "camera/color_palettes/CS-RBW.pt"}, {"rfilename": "camera/color_palettes/CS-YBF.pt"}, {"rfilename": "camera/lowangleview-3000.pt"}, {"rfilename": "character/acting/Koh_SashaGreyV2.pt"}, {"rfilename": "character/acting/MarilynMonroe.pt"}, {"rfilename": "character/acting/b0nniewr1ght.pt"}, {"rfilename": "character/acting/emwats0n.pt"}, {"rfilename": "character/acting/k34nur33v3.pt"}, {"rfilename": "character/acting/koh_amberheard.pt"}, {"rfilename": "character/acting/koh_miakhalifa.pt"}, {"rfilename": "character/acting/mbaccarin.pt"}, {"rfilename": "character/acting/scj0_jg.pt"}, {"rfilename": "character/acting/zend4y4.pt"}, {"rfilename": "character/anime/Megumin_1000.pt"}, {"rfilename": "character/anime/corneo_makima.pt"}, {"rfilename": "character/anime/corneo_yoruichi.pt"}, {"rfilename": "character/anime/dk_astolfo.pt"}, {"rfilename": "character/anime/hinata2_wrise.pt"}, {"rfilename": "character/anime/ino3_wrise.pt"}, {"rfilename": "character/anime/katara_v9_shurik.pt"}, {"rfilename": "character/anime/nagatoro-5000.pt"}, {"rfilename": "character/anime/nami.pt"}, {"rfilename": "character/anime/rem_rezero.pt"}, {"rfilename": "character/anime/robin_v2_1600.pt"}, {"rfilename": "character/anime/sailormoon.pt"}, {"rfilename": "character/anime/sakura4_wrise.pt"}, {"rfilename": "character/anime/tenten_wrise.pt"}, {"rfilename": "character/anime/tsunade3_wrise.pt"}, {"rfilename": "character/anime/vslinx_orihime_inoue.pt"}, {"rfilename": "character/anime/vslinx_rukia.pt"}, {"rfilename": "character/anime/vslinx_sui_feng.pt"}, {"rfilename": "character/celebrity/BiL13L1SH.pt"}, {"rfilename": "character/celebrity/DEN_emily_bloomMK2 .pt"}, {"rfilename": "character/celebrity/belledephine.pt"}, {"rfilename": "character/celebrity/emb-avril.pt"}, {"rfilename": "character/celebrity/gretav122sd15.bin"}, {"rfilename": "character/celebrity/n1ck1m1n4jv2 .pt"}, {"rfilename": "character/celebrity/the_trump.pt"}, {"rfilename": "character/movie/dld_hergra.pt"}, {"rfilename": "character/series/3nid_15.pt"}, {"rfilename": "character/series/w3day_15.pt"}, {"rfilename": "character/videogame/GITSEllie.pt"}, {"rfilename": "character/videogame/chunli_alpha.pt"}, {"rfilename": "character/videogame/corneo_bowsette.pt"}, {"rfilename": "character/videogame/corneo_brigitte.pt"}, {"rfilename": "character/videogame/corneo_dva.pt"}, {"rfilename": "character/videogame/corneo_mercy.pt"}, {"rfilename": "character/videogame/corneo_night_elf.pt"}, {"rfilename": "character/videogame/corneo_tifa_classic.pt"}, {"rfilename": "character/videogame/corneo_tracer.pt"}, {"rfilename": "character/videogame/corneo_widowmaker.pt"}, {"rfilename": "character/videogame/fenn_mei.bin"}, {"rfilename": "character/videogame/sxz-ashe-ow.pt"}, {"rfilename": "character/videogame/sxz-jaina-v2.pt"}, {"rfilename": "character/videogame/tifa_4900.pt"}, {"rfilename": "character/videogame/was-pp.pt"}, {"rfilename": "clothing/advn_v1 dress.pt"}, {"rfilename": "clothing/corneo_nipple_rings.pt"}, {"rfilename": "clothing/corneo_tifa_dress.pt"}, {"rfilename": "clothing/corneo_x_pasties.pt"}, {"rfilename": "clothing/gntz.pt"}, {"rfilename": "clothing/heibai.bin"}, {"rfilename": "clothing/jeansheels.pt"}, {"rfilename": "clothing/longpao.bin"}, {"rfilename": "clothing/microkini.pt"}, {"rfilename": "clothing/micromini.pt"}, {"rfilename": "clothing/microskirt.pt"}, {"rfilename": "clothing/n3t0p.pt"}, {"rfilename": "clothing/n3tst0.pt"}, {"rfilename": "clothing/neiyi.bin"}, {"rfilename": "clothing/nvdi.bin"}, {"rfilename": "clothing/sl1ng.pt"}, {"rfilename": "clothing/sling_bikini.pt"}, {"rfilename": "clothing/str41tj4ck3t.pt"}, {"rfilename": "clothing/suijing.bin"}, {"rfilename": "clothing/under2.pt"}, {"rfilename": "clothing/vksw34t1.pt"}, {"rfilename": "clothing/way-of-wearing-it/bottomless.pt"}, {"rfilename": "clothing/way-of-wearing-it/c4m3lt0.pt"}, {"rfilename": "clothing/way-of-wearing-it/p0k13s.pt"}, {"rfilename": "clothing/way-of-wearing-it/under-boo.pt"}, {"rfilename": "clothing/zhubao.bin"}, {"rfilename": "general_composition/negative/0001SoftRealisticNegativeV8-neg.pt"}, {"rfilename": "general_composition/negative/16-token-negative-deliberate-neg.pt"}, {"rfilename": "general_composition/negative/Aissist-neg.pt"}, {"rfilename": "general_composition/negative/Aissist-supercharge-neg.pt"}, {"rfilename": "general_composition/negative/BadDream.pt"}, {"rfilename": "general_composition/negative/BadNegAnatomyV1-neg.pt"}, {"rfilename": "general_composition/negative/Beyondv4-neg.pt"}, {"rfilename": "general_composition/negative/By bad artist -neg.pt"}, {"rfilename": "general_composition/negative/CyberRealistic_Negative-neg.pt"}, {"rfilename": "general_composition/negative/CyberRealistic_Negative_Anime-neg.pt"}, {"rfilename": "general_composition/negative/ERA09NEGV2.pt"}, {"rfilename": "general_composition/negative/EasyNegativeV2.safetensors"}, {"rfilename": "general_composition/negative/FastNegativeEmbedding.pt"}, {"rfilename": "general_composition/negative/FastNegativeV2.pt"}, {"rfilename": "general_composition/negative/JuggernautNegative-neg.pt"}, {"rfilename": "general_composition/negative/NEG_EMBED_STABLE_YOGI-neg.pt"}, {"rfilename": "general_composition/negative/NEG_EMBED_STABLE_YOGI_2-neg.pt"}, {"rfilename": "general_composition/negative/NaturallyCoolDetailer_NegV1.pt"}, {"rfilename": "general_composition/negative/Realism_Quality_2xx_By_Stable_Yogi-neg.pt"}, {"rfilename": "general_composition/negative/SimpleNegative.safetensors"}, {"rfilename": "general_composition/negative/SimpleNegativeV2.safetensors"}, {"rfilename": "general_composition/negative/SimpleNegativeV3.safetensors"}, {"rfilename": "general_composition/negative/SimpleNegative_AnimeV1.safetensors"}, {"rfilename": "general_composition/negative/SuperNeg-Test.safetensors"}, {"rfilename": "general_composition/negative/UnrealisticDream.pt"}, {"rfilename": "general_composition/negative/Unspeakable-Horrors-Composition-4v.pt"}, {"rfilename": "general_composition/negative/aid291.pt"}, {"rfilename": "general_composition/negative/an10.pt"}, {"rfilename": "general_composition/negative/an11.pt"}, {"rfilename": "general_composition/negative/an12.pt"}, {"rfilename": "general_composition/negative/bad-hands-5.pt"}, {"rfilename": "general_composition/negative/bad-picture-chill-75v.pt"}, {"rfilename": "general_composition/negative/bad_pictures.pt"}, {"rfilename": "general_composition/negative/bad_prompt_version2-neg.pt"}, {"rfilename": "general_composition/negative/badhandv4.pt"}, {"rfilename": "general_composition/negative/badpic.pt"}, {"rfilename": "general_composition/negative/difConsistency_negative_v2.pt"}, {"rfilename": "general_composition/negative/easynegative.safetensors"}, {"rfilename": "general_composition/negative/epiCNegative.pt"}, {"rfilename": "general_composition/negative/epiCPhoto-neg.pt"}, {"rfilename": "general_composition/negative/epiCPhotoGasm-colorfulPhoto-neg.pt"}, {"rfilename": "general_composition/negative/epiCPhotoGasm-softPhoto-neg.pt"}, {"rfilename": "general_composition/negative/fcNeg-neg.pt"}, {"rfilename": "general_composition/negative/kkw-Extreme-Neg.pt"}, {"rfilename": "general_composition/negative/kkw-ph1-neg.bin"}, {"rfilename": "general_composition/negative/myself-badhand-v5.safetensors"}, {"rfilename": "general_composition/negative/ng_deepnegative_v1_75t.pt"}, {"rfilename": "general_composition/negative/realisticvision-negative-embedding.pt"}, {"rfilename": "general_composition/negative/rfneg.safetensors"}, {"rfilename": "general_composition/negative/rmadanegative402_sd15-neg.pt"}, {"rfilename": "general_composition/negative/unaestheticXL2v10.safetensors"}, {"rfilename": "general_composition/negative/unaestheticXL_AYv1.safetensors"}, {"rfilename": "general_composition/negative/unaestheticXL_Jug6.safetensors"}, {"rfilename": "general_composition/negative/unaestheticXL_Sky3.1.safetensors"}, {"rfilename": "general_composition/negative/unaestheticXL_hk1.safetensors"}, {"rfilename": "general_composition/negative/unaestheticXLv1.safetensors"}, {"rfilename": "general_composition/negative/unaestheticXLv13.safetensors"}, {"rfilename": "general_composition/negative/unaestheticXLv31.safetensors"}, {"rfilename": "general_composition/negative/verybadimagenegative_v1.3.pt"}, {"rfilename": "general_composition/positive/0001SRGoodPictureV3.pt"}, {"rfilename": "general_composition/positive/Best_QualityPos.pt"}, {"rfilename": "general_composition/positive/OverallDetail.pt"}, {"rfilename": "general_composition/positive/PA7_Photo.pt"}, {"rfilename": "general_composition/positive/edgQuality.pt"}, {"rfilename": "general_composition/positive/epiCPhoto.pt"}, {"rfilename": "general_composition/positive/epiCRealism.pt"}, {"rfilename": "general_composition/positive/fcDetailPortrait.pt"}, {"rfilename": "general_composition/positive/fcHeatPortrait.pt"}, {"rfilename": "general_composition/positive/fcPortrait.pt"}, {"rfilename": "general_composition/positive/kkw-ph1.bin"}, {"rfilename": "person_changer/CharTurner/V1/charturner.pt"}, {"rfilename": "person_changer/CharTurner/V2/charturnerv2.pt"}, {"rfilename": "person_changer/Love-Potion/Style-Cuddles.pt"}, {"rfilename": "person_changer/Love-Potion/Style-Grabby.pt"}, {"rfilename": "person_changer/Love-Potion/Style-Interact.pt"}, {"rfilename": "person_changer/all/bimbostyle.pt"}, {"rfilename": "person_changer/all/mix goths.pt"}, {"rfilename": "person_changer/as-age_slider/V1/AS-Elderly.pt"}, {"rfilename": "person_changer/as-age_slider/V1/AS-MidAged.pt"}, {"rfilename": "person_changer/as-age_slider/V1/AS-Younger.pt"}, {"rfilename": "person_changer/as-age_slider/V1/AS-Youngest.pt"}, {"rfilename": "person_changer/as-age_slider/V1/Adult/AS-Adult-neg.pt"}, {"rfilename": "person_changer/as-age_slider/V1/Adult/AS-Adult.pt"}, {"rfilename": "person_changer/as-age_slider/V1/Young/AS-Young-neg.pt"}, {"rfilename": "person_changer/as-age_slider/V1/Young/AS-Young.pt"}, {"rfilename": "person_changer/as-age_slider/V2/AS-YoungerV2.pt"}, {"rfilename": "person_changer/as-age_slider/V2/AS-YoungestV2.pt"}, {"rfilename": "person_changer/as-age_slider/V2/Young V2/AS-YoungV2-neg.pt"}, {"rfilename": "person_changer/as-age_slider/V2/Young V2/AS-YoungV2.pt"}, {"rfilename": "person_changer/body/BodyPositive.pt"}, {"rfilename": "person_changer/body/TH.pt"}, {"rfilename": "person_changer/body/bb_size_select/kkw-b-bb.pt"}, {"rfilename": "person_changer/body/bb_size_select/kkw-h-bb.pt"}, {"rfilename": "person_changer/body/bb_size_select/kkw-m-bb.pt"}, {"rfilename": "person_changer/body/bb_size_select/kkw-s-bb.pt"}, {"rfilename": "person_changer/body/civit_nsfw.pt"}, {"rfilename": "person_changer/body/hoodnude.bin"}, {"rfilename": "person_changer/body/kkw-oily-helper.bin"}, {"rfilename": "person_changer/body/nsfwEM.pt"}, {"rfilename": "person_changer/body/realcumAI.pt"}, {"rfilename": "person_changer/ethinic/Style-Goblinmode.pt"}, {"rfilename": "person_changer/ethinic/darkskin_style.pt"}, {"rfilename": "person_changer/ethinic/desigirlv2.pt"}, {"rfilename": "person_changer/ethinic/kkw-Arab.pt"}, {"rfilename": "person_changer/ethinic/kkw-Indian.pt"}, {"rfilename": "person_changer/ethinic/kkw-Latin.pt"}, {"rfilename": "person_changer/ethinic/kkw-NativeAmerican.pt"}, {"rfilename": "person_changer/face/positive/HDA_Ahegao.pt"}, {"rfilename": "person_changer/face/positive/ahegaoface-7500.pt"}, {"rfilename": "person_changer/face/positive/awaitingtongue.pt"}, {"rfilename": "person_changer/face/positive/bfold3.pt"}, {"rfilename": "person_changer/face/positive/bukkakAI.pt"}, {"rfilename": "person_changer/face/positive/corneo_ball_gag.pt"}, {"rfilename": "person_changer/face/positive/cuminmouth.pt"}, {"rfilename": "person_changer/face/positive/emb-rrf2.pt"}, {"rfilename": "person_changer/face/positive/emotion/angry512.pt"}, {"rfilename": "person_changer/face/positive/emotion/defiance512.pt"}, {"rfilename": "person_changer/face/positive/emotion/grin512.pt"}, {"rfilename": "person_changer/face/positive/emotion/happy512.pt"}, {"rfilename": "person_changer/face/positive/emotion/laugh512.pt"}, {"rfilename": "person_changer/face/positive/emotion/nervous512.pt"}, {"rfilename": "person_changer/face/positive/emotion/sad512.pt"}, {"rfilename": "person_changer/face/positive/emotion/shock512.pt"}, {"rfilename": "person_changer/face/positive/emotion/smile512.pt"}, {"rfilename": "person_changer/face/positive/eyeliner5.pt"}, {"rfilename": "person_changer/face/positive/fakelips7-2500.pt"}, {"rfilename": "person_changer/face/positive/krface1.pt"}, {"rfilename": "person_changer/face/positive/pureerosface_v1.pt"}, {"rfilename": "person_changer/face/positive/suckhertonguealexzuov4.pt"}, {"rfilename": "person_changer/face/style_asian_less/negative/Asian-Less-Neg.pt"}, {"rfilename": "person_changer/face/style_asian_less/negative/Asian-Less2-Neg.pt"}, {"rfilename": "person_changer/face/style_asian_less/positive/Asian-Less-Toon.pt"}, {"rfilename": "person_changer/face/style_asian_less/positive/Asian-Less.pt"}, {"rfilename": "person_changer/gs-gender_slider/negative/GS-DeFeminize-neg.pt"}, {"rfilename": "person_changer/gs-gender_slider/negative/GS-DeMasculate-neg.pt"}, {"rfilename": "person_changer/gs-gender_slider/positive/GS-Boyish.pt"}, {"rfilename": "person_changer/gs-gender_slider/positive/GS-Girlish.pt"}, {"rfilename": "person_changer/gs-gender_slider/positive/GS-Masculine.pt"}, {"rfilename": "person_changer/gs-gender_slider/positive/GS-Womanly.pt"}, {"rfilename": "person_changer/ohmyfrick_yogapuss.bin"}, {"rfilename": "person_changer/person_pose/multi/HDA_AnalHold.pt"}, {"rfilename": "person_changer/person_pose/multi/HDA_DeepPenetration.pt"}, {"rfilename": "person_changer/person_pose/multi/HDA_Doggystyle.pt"}, {"rfilename": "person_changer/person_pose/multi/HDA_Paizuri.pt"}, {"rfilename": "person_changer/person_pose/multi/HDA_TentacleSex.pt"}, {"rfilename": "person_changer/person_pose/multi/HDA_piledriver.pt"}, {"rfilename": "person_changer/person_pose/multi/HDA_two-footed footjob-neg.pt"}, {"rfilename": "person_changer/person_pose/multi/HDA_two-footed footjob.pt"}, {"rfilename": "person_changer/person_pose/multi/blowjobpose.pt"}, {"rfilename": "person_changer/person_pose/multi/corneo_anal.pt"}, {"rfilename": "person_changer/person_pose/multi/corneo_bound_missionary.pt"}, {"rfilename": "person_changer/person_pose/multi/corneo_cowgirl.pt"}, {"rfilename": "person_changer/person_pose/multi/corneo_paizuri.pt"}, {"rfilename": "person_changer/person_pose/multi/corneo_pov_anal.pt"}, {"rfilename": "person_changer/person_pose/multi/corneo_pov_oral.pt"}, {"rfilename": "person_changer/person_pose/multi/corneo_runny_makeup.pt"}, {"rfilename": "person_changer/person_pose/multi/corneo_side_deepthroat.pt"}, {"rfilename": "person_changer/person_pose/multi/corneo_side_doggy.pt"}, {"rfilename": "person_changer/person_pose/multi/corneo_spitroast.pt"}, {"rfilename": "person_changer/person_pose/multi/corneo_tentacle_sex.pt"}, {"rfilename": "person_changer/person_pose/multi/dpthrt.pt"}, {"rfilename": "person_changer/person_pose/multi/earsex-950.pt"}, {"rfilename": "person_changer/person_pose/multi/footjob_positionv2.pt"}, {"rfilename": "person_changer/person_pose/multi/paradoxical-back-view-bj.pt"}, {"rfilename": "person_changer/person_pose/multi/povblowjob3v3.pt"}, {"rfilename": "person_changer/person_pose/solo/HDA_Oral invitation.pt"}, {"rfilename": "person_changer/person_pose/solo/HDA_female masturbationV1.2.pt"}, {"rfilename": "person_changer/person_pose/solo/corneo_covering_breasts_arms_crossed.pt"}, {"rfilename": "person_changer/person_pose/solo/corneo_covering_breasts_one_arm.pt"}, {"rfilename": "person_changer/person_pose/solo/corneo_covering_breasts_two_hands.pt"}, {"rfilename": "person_changer/person_pose/solo/oral-dildo.pt"}, {"rfilename": "person_changer/person_pose/solo/spreadassms.pt"}, {"rfilename": "specific_composition/negative/HandNeg-neg.pt"}, {"rfilename": "specific_composition/negative/NegfeetV2.pt"}, {"rfilename": "specific_composition/negative/SkinDetailNeg-neg.pt"}, {"rfilename": "specific_composition/negative/SkinPerfection_NegV15.pt"}, {"rfilename": "specific_composition/negative/bhands-neg.pt"}, {"rfilename": "specific_composition/negative/negative_hand-neg.pt"}, {"rfilename": "specific_composition/negative/nobg.pt"}, {"rfilename": "specific_composition/negative/notxt.pt"}, {"rfilename": "specific_composition/positive/EyeDetail.pt"}, {"rfilename": "specific_composition/positive/HairDetail.pt"}, {"rfilename": "specific_composition/positive/SkinDetail.pt"}, {"rfilename": "specific_composition/positive/SkinHairDetail.pt"}, {"rfilename": "specific_composition/positive/fFaceDetail .pt"}, {"rfilename": "specific_composition/positive/fHandDetail.pt"}, {"rfilename": "specific_composition/positive/hotify.pt"}, {"rfilename": "specific_composition/positive/prettify.pt"}, {"rfilename": "specific_composition/positive/prettyeyes.pt"}, {"rfilename": "style/DEN_barbucci_styleMK3.pt"}, {"rfilename": "style/DarkFantasy.pt"}, {"rfilename": "style/H0GLEGACYv2.pt"}, {"rfilename": "style/HorrorFantasy.pt"}, {"rfilename": "style/MangaHentaiStyleConceptv2.pt"}, {"rfilename": "style/RFKTR_plastic.pt"}, {"rfilename": "style/SLPASHTER_3-7000.pt"}, {"rfilename": "style/SamDoesArt1.pt"}, {"rfilename": "style/Style-Glass.pt"}, {"rfilename": "style/Style-GravityMagic.pt"}, {"rfilename": "style/Style-Necromancy.pt"}, {"rfilename": "style/advntr.pt"}, {"rfilename": "style/arcan3.pt"}, {"rfilename": "style/art by EMB_skstest3.pt"}, {"rfilename": "style/atompunkstylesd15.pt"}, {"rfilename": "style/autumn/Style-Autumn-neg.pt"}, {"rfilename": "style/autumn/Style-Autumn.pt"}, {"rfilename": "style/bazaldua_v2-10000.pt"}, {"rfilename": "style/cloudport.pt"}, {"rfilename": "style/coloring-book-style.pt"}, {"rfilename": "style/cutev2-11000.pt"}, {"rfilename": "style/empire/style-empire-neg.pt"}, {"rfilename": "style/empire/style-empire.pt"}, {"rfilename": "style/eonn.pt"}, {"rfilename": "style/floral/Style-Petal-neg.pt"}, {"rfilename": "style/floral/Style-Petal.pt"}, {"rfilename": "style/ghst-3000.pt"}, {"rfilename": "style/glorious/Style-Glorious-neg.pt"}, {"rfilename": "style/glorious/Style-Glorious.pt"}, {"rfilename": "style/hades-65800.pt"}, {"rfilename": "style/handmade2d.pt"}, {"rfilename": "style/hoppagames.pt"}, {"rfilename": "style/jujunaught-66600.pt"}, {"rfilename": "style/kbxll.pt"}, {"rfilename": "style/moana/Style-Moana-neg.pt"}, {"rfilename": "style/moana/Style-Moana.pt"}, {"rfilename": "style/nebula magic/style-nebmagic-neg.pt"}, {"rfilename": "style/nebula magic/style-nebmagic.pt"}, {"rfilename": "style/olfn.pt"}, {"rfilename": "style/pastel_style.pt"}, {"rfilename": "style/prt.pt"}, {"rfilename": "style/psycho/style-psycho-neg.pt"}, {"rfilename": "style/psycho/style-psycho.pt"}, {"rfilename": "style/rfktr_bontrex-150.pt"}, {"rfilename": "style/rfktr_bwmnga.pt"}, {"rfilename": "style/rust magic/style-rustmagic-neg.pt"}, {"rfilename": "style/rust magic/style-rustmagic.pt"}, {"rfilename": "style/slotgames.pt"}, {"rfilename": "style/space_style.pt"}, {"rfilename": "style/style-bridal.pt"}, {"rfilename": "style/style-gothic-horror.pt"}, {"rfilename": "style/style-hamunaptra.pt"}, {"rfilename": "style/style-paintmagic.pt"}, {"rfilename": "style/style-pnmagic.bin"}, {"rfilename": "style/style-princess.pt"}, {"rfilename": "style/style-swirlmagic.pt"}, {"rfilename": "style/style-sylvamagic.pt"}, {"rfilename": "style/style_tombraider.pt"}, {"rfilename": "style/vmpr.pt"}, {"rfilename": "style/wano_style_30100.pt"}, {"rfilename": "style/winter/Style-Winter-neg.pt"}, {"rfilename": "style/winter/Style-Winter.pt"}], "spaces": [], "createdAt": "2024-01-22T22:53:31.000Z", "inferenceStatus": "not-loaded"}