{"_id": "65eaf67d24cb5d1a25f9c3ea", "id": "iamalexcaspian/CarlCasagrande", "modelId": "iamalexcaspian/CarlCasagrande", "author": "iamalexcaspian", "sha": "8a34fc41b185c63f91ccc52001b79f2fa6bce89f", "lastModified": "2024-03-18T20:31:11.000Z", "private": false, "disabled": false, "gated": false, "tags": ["region:us"], "downloads": 0, "likes": 0, "siblings": [{"rfilename": ".gitattributes"}, {"rfilename": "CarlCasagrandeTLH-CG.zip"}], "spaces": [], "createdAt": "2024-03-08T11:29:01.000Z", "inferenceStatus": "not-loaded"}