{"_id": "6617c32aaf96a5ba605b7b08", "id": "iamalexcaspian/RustySpokesTLH", "modelId": "iamalexcaspian/RustySpokesTLH", "author": "iamalexcaspian", "sha": "184a9dd6d47b182d7b67725e3abb60ed9200cdbe", "lastModified": "2024-04-11T11:02:26.000Z", "private": false, "disabled": false, "gated": false, "tags": ["region:us"], "downloads": 0, "likes": 0, "siblings": [{"rfilename": ".gitattributes"}, {"rfilename": "RustySpokesTLH.zip"}], "spaces": [], "createdAt": "2024-04-11T11:02:02.000Z", "inferenceStatus": "not-loaded"}