{"_id": "660c126e91c335c1c080a37a", "id": "iamalexcaspian/MariaCasagrandeSantiagoTLH-CG", "modelId": "iamalexcaspian/MariaCasagrandeSantiagoTLH-CG", "author": "iamalexcaspian", "sha": "201c2bcf119f3f2369c5a0f170282baeeb1cd8c8", "lastModified": "2024-04-02T14:13:36.000Z", "private": false, "disabled": false, "gated": false, "tags": ["region:us"], "downloads": 0, "likes": 0, "siblings": [{"rfilename": ".gitattributes"}, {"rfilename": "MariaCasagrandeSantiagoTLH-CG.zip"}], "spaces": [], "createdAt": "2024-04-02T14:13:02.000Z", "inferenceStatus": "not-loaded"}