{"_id": "666ad4afa638e57bb7a28170", "id": "iamalexcaspian/LincolnLoud-TLH-SawyerCole", "modelId": "iamalexcaspian/LincolnLoud-TLH-SawyerCole", "author": "iamalexcaspian", "sha": "5cc37c3a0b729cd0c74c64870721093ddb39aeac", "lastModified": "2024-06-13T12:40:02.000Z", "private": false, "disabled": false, "gated": false, "tags": ["region:us"], "downloads": 0, "likes": 0, "siblings": [{"rfilename": ".gitattributes"}, {"rfilename": "LincolnLoud-TLH-SawyerCole.zip"}], "spaces": [], "createdAt": "2024-06-13T11:14:55.000Z", "inferenceStatus": "not-loaded"}