{"_id": "66389583362d1be020c40e76", "id": "iamalexcaspian/Finn-AdventureTime-RusDub-SnowieV3", "modelId": "iamalexcaspian/Finn-AdventureTime-RusDub-SnowieV3", "author": "iamalexcaspian", "sha": "7231aa13dd2a9c653ac261e70a3ef4afe10727f4", "lastModified": "2024-05-06T08:32:25.000Z", "private": false, "disabled": false, "gated": false, "tags": ["region:us"], "downloads": 0, "likes": 0, "siblings": [{"rfilename": ".gitattributes"}, {"rfilename": "Finn-AdventureTime-RusDub-SnowieV3.zip"}], "spaces": [], "createdAt": "2024-05-06T08:32:03.000Z", "inferenceStatus": "not-loaded"}