{"_id": "665f0f76c16db961f2aca1f0", "id": "iamalexcaspian/TheFlea-MuchaLucha", "modelId": "iamalexcaspian/TheFlea-MuchaLucha", "author": "iamalexcaspian", "sha": "f6e2aae0296e76beb3e0823bda8467cd11f2de0b", "lastModified": "2024-06-05T16:42:22.000Z", "private": false, "disabled": false, "gated": false, "tags": ["region:us"], "downloads": 0, "likes": 0, "siblings": [{"rfilename": ".gitattributes"}, {"rfilename": "TheFlea-MuchaLucha.zip"}], "spaces": [], "createdAt": "2024-06-04T12:58:30.000Z", "inferenceStatus": "not-loaded"}