{"_id": "6668b2e51f7993eb4905f345", "id": "iamanaiart/LCM-toonyou_beta6-openvino", "modelId": "iamanaiart/LCM-toonyou_beta6-openvino", "author": "iamanaiart", "sha": "44ba0ea094e157c265217f23ce690c6caa971191", "lastModified": "2024-06-11T20:28:39.000Z", "private": false, "disabled": false, "gated": false, "tags": ["region:us"], "downloads": 0, "likes": 0, "siblings": [{"rfilename": ".gitattributes"}, {"rfilename": "feature_extractor/preprocessor_config.json"}, {"rfilename": "model_index.json"}, {"rfilename": "scheduler/scheduler_config.json"}, {"rfilename": "text_encoder/config.json"}, {"rfilename": "text_encoder/openvino_model.bin"}, {"rfilename": "text_encoder/openvino_model.xml"}, {"rfilename": "tokenizer/added_tokens.json"}, {"rfilename": "tokenizer/merges.txt"}, {"rfilename": "tokenizer/special_tokens_map.json"}, {"rfilename": "tokenizer/tokenizer_config.json"}, {"rfilename": "tokenizer/vocab.json"}, {"rfilename": "unet/config.json"}, {"rfilename": "unet/openvino_model.bin"}, {"rfilename": "unet/openvino_model.xml"}, {"rfilename": "vae_decoder/config.json"}, {"rfilename": "vae_decoder/openvino_model.bin"}, {"rfilename": "vae_decoder/openvino_model.xml"}, {"rfilename": "vae_encoder/config.json"}, {"rfilename": "vae_encoder/openvino_model.bin"}, {"rfilename": "vae_encoder/openvino_model.xml"}], "spaces": [], "createdAt": "2024-06-11T20:26:13.000Z", "inferenceStatus": "not-loaded"}