{"_id": "66068daae1fcc886f3cdb0e0", "id": "iamalexcaspian/RigbyRegularShow-RusDub", "modelId": "iamalexcaspian/RigbyRegularShow-RusDub", "author": "iamalexcaspian", "sha": "1b10dd616d5f999d00c842bea5f3ded58a868fff", "lastModified": "2024-03-29T09:46:05.000Z", "private": false, "disabled": false, "gated": false, "tags": ["region:us"], "downloads": 0, "likes": 0, "siblings": [{"rfilename": ".gitattributes"}, {"rfilename": "RigbyRegularShow-RusDub.zip"}], "spaces": [], "createdAt": "2024-03-29T09:45:14.000Z", "inferenceStatus": "not-loaded"}