{"_id": "662518d574767a74acb32264", "id": "iamalexcaspian/Beatrice-OverTheGardenWall", "modelId": "iamalexcaspian/Beatrice-OverTheGardenWall", "author": "iamalexcaspian", "sha": "f07cea345eb9c8cf1b50595d50ccbf983f83a62a", "lastModified": "2024-04-21T13:47:30.000Z", "private": false, "disabled": false, "gated": false, "tags": ["region:us"], "downloads": 0, "likes": 0, "siblings": [{"rfilename": ".gitattributes"}, {"rfilename": "Beatrice-OverTheGardenWall.zip"}], "spaces": [], "createdAt": "2024-04-21T13:47:01.000Z", "inferenceStatus": "not-loaded"}