{"_id": "66689823ab4ad0ac2b119553", "id": "iamanaiart/LCM-meinamix_meinaV11-openvino", "modelId": "iamanaiart/LCM-meinamix_meinaV11-openvino", "author": "iamanaiart", "sha": "216c69ceecb7b3cc5eb511f351865c6e90124691", "lastModified": "2024-06-11T18:34:35.000Z", "private": false, "disabled": false, "gated": false, "tags": ["region:us"], "downloads": 0, "likes": 0, "siblings": [{"rfilename": ".gitattributes"}, {"rfilename": "feature_extractor/preprocessor_config.json"}, {"rfilename": "model_index.json"}, {"rfilename": "scheduler/scheduler_config.json"}, {"rfilename": "text_encoder/config.json"}, {"rfilename": "text_encoder/openvino_model.bin"}, {"rfilename": "text_encoder/openvino_model.xml"}, {"rfilename": "tokenizer/added_tokens.json"}, {"rfilename": "tokenizer/merges.txt"}, {"rfilename": "tokenizer/special_tokens_map.json"}, {"rfilename": "tokenizer/tokenizer_config.json"}, {"rfilename": "tokenizer/vocab.json"}, {"rfilename": "unet/config.json"}, {"rfilename": "unet/openvino_model.bin"}, {"rfilename": "unet/openvino_model.xml"}, {"rfilename": "vae_decoder/config.json"}, {"rfilename": "vae_decoder/openvino_model.bin"}, {"rfilename": "vae_decoder/openvino_model.xml"}, {"rfilename": "vae_encoder/config.json"}, {"rfilename": "vae_encoder/openvino_model.bin"}, {"rfilename": "vae_encoder/openvino_model.xml"}], "spaces": [], "createdAt": "2024-06-11T18:32:03.000Z", "inferenceStatus": "not-loaded"}