{"_id": "66046cc23410440e0b4a2755", "id": "iamalexcaspian/MordecaiRegularShow-RusDub", "modelId": "iamalexcaspian/MordecaiRegularShow-RusDub", "author": "iamalexcaspian", "sha": "78eafe3c60d2251b84986aebfc44f280ca39b66f", "lastModified": "2024-03-27T19:39:21.000Z", "private": false, "disabled": false, "gated": false, "tags": ["region:us"], "downloads": 0, "likes": 0, "siblings": [{"rfilename": ".gitattributes"}, {"rfilename": "MordecaiRegularShow-RusDub.zip"}], "spaces": [], "createdAt": "2024-03-27T19:00:18.000Z", "inferenceStatus": "not-loaded"}