{"_id": "665e49b21ab07f22d2366ae2", "id": "iamalexcaspian/Rikochet-MuchaLucha", "modelId": "iamalexcaspian/Rikochet-MuchaLucha", "author": "iamalexcaspian", "sha": "2eb17cceca1ab91e7dee53594ebf29a4b83c73f7", "lastModified": "2024-06-16T14:38:42.000Z", "private": false, "disabled": false, "gated": false, "tags": ["region:us"], "downloads": 0, "likes": 0, "siblings": [{"rfilename": ".gitattributes"}, {"rfilename": "Rikochet-MuchaLucha.zip"}], "spaces": [], "createdAt": "2024-06-03T22:54:42.000Z", "inferenceStatus": "not-loaded"}