{"_id": "661868bc351f420a867149b3", "id": "iamalexcaspian/LiamHunnicuttTLH", "modelId": "iamalexcaspian/LiamHunnicuttTLH", "author": "iamalexcaspian", "sha": "6c760d018feedee84865f6f9413237471349c72c", "lastModified": "2024-04-11T22:48:56.000Z", "private": false, "disabled": false, "gated": false, "tags": ["region:us"], "downloads": 0, "likes": 0, "siblings": [{"rfilename": ".gitattributes"}, {"rfilename": "LiamHunnicuttTLH.zip"}], "spaces": [], "createdAt": "2024-04-11T22:48:28.000Z", "inferenceStatus": "not-loaded"}