{"_id": "646afa12f51b56a285cb9eb2", "id": "iamanavk/qm_sum_flan_t5-base", "modelId": "iamanavk/qm_sum_flan_t5-base", "author": "iamanavk", "sha": "8dba010832f9097f2b02e1fc25de245c5c468866", "lastModified": "2023-05-22T05:36:40.000Z", "private": false, "disabled": false, "gated": false, "pipeline_tag": "text2text-generation", "tags": ["transformers", "pytorch", "tensorboard", "t5", "text2text-generation", "generated_from_trainer", "license:apache-2.0", "autotrain_compatible", "text-generation-inference", "endpoints_compatible", "region:us"], "downloads": 1, "library_name": "transformers", "likes": 0, "model-index": [{"name": "qm_sum_flan_t5-base", "results": []}], "config": {"architectures": ["T5ForConditionalGeneration"], "model_type": "t5", "tokenizer_config": {"eos_token": "</s>", "pad_token": "<pad>", "unk_token": "<unk>"}}, "cardData": {"license": "apache-2.0", "tags": ["generated_from_trainer"], "metrics": ["rouge"], "model-index": [{"name": "qm_sum_flan_t5-base", "results": []}]}, "transformersInfo": {"auto_model": "AutoModelForSeq2SeqLM", "pipeline_tag": "text2text-generation", "processor": "AutoTokenizer"}, "siblings": [{"rfilename": ".gitattributes"}, {"rfilename": ".gitignore"}, {"rfilename": "README.md"}, {"rfilename": "config.json"}, {"rfilename": "generation_config.json"}, {"rfilename": "pytorch_model.bin"}, {"rfilename": "runs/May22_05-25-50_aee6ebf396be/1684733161.0070572/events.out.tfevents.1684733161.aee6ebf396be.31.1"}, {"rfilename": "runs/May22_05-25-50_aee6ebf396be/events.out.tfevents.1684733160.aee6ebf396be.31.0"}, {"rfilename": "special_tokens_map.json"}, {"rfilename": "spiece.model"}, {"rfilename": "tokenizer.json"}, {"rfilename": "tokenizer_config.json"}, {"rfilename": "training_args.bin"}], "spaces": [], "createdAt": "2023-05-22T05:13:54.000Z", "inferenceStatus": "not-loaded"}