{"_id": "6590f7aec0a266442604f6c9", "id": "iamadhxxx/Lora_xxxtentacion_sd1.4", "modelId": "iamadhxxx/Lora_xxxtentacion_sd1.4", "author": "iamadhxxx", "sha": "5cfc9815c8e1c8c8c6f44269c229007517e86952", "lastModified": "2023-12-31T07:13:23.000Z", "private": false, "disabled": false, "gated": false, "pipeline_tag": "text-to-image", "tags": ["diffusers", "text-to-image", "autotrain", "base_model:stabilityai/stable-diffusion-xl-base-1.0", "region:us"], "downloads": 19, "library_name": "diffusers", "likes": 1, "model-index": null, "cardData": {"base_model": "stabilityai/stable-diffusion-xl-base-1.0", "instance_prompt": "photo of xxxt999", "tags": ["text-to-image", "diffusers", "autotrain"], "inference": true}, "siblings": [{"rfilename": ".gitattributes"}, {"rfilename": "README.md"}, {"rfilename": "prompt.txt"}, {"rfilename": "pytorch_lora_weights.safetensors"}, {"rfilename": "training_params.json"}], "spaces": ["allknowingroger/Image-Models-Test260"], "createdAt": "2023-12-31T05:10:06.000Z", "inferenceStatus": "not-loaded"}