{"_id": "6616ee3651222b41dcd2f710", "id": "iamalexcaspian/FridaPugaCasagrandeTLH-CG", "modelId": "iamalexcaspian/FridaPugaCasagrandeTLH-CG", "author": "iamalexcaspian", "sha": "585d8a17b9ef6e13f4424dfa2be7a81adf73432e", "lastModified": "2024-04-10T19:56:31.000Z", "private": false, "disabled": false, "gated": false, "tags": ["region:us"], "downloads": 0, "likes": 0, "siblings": [{"rfilename": ".gitattributes"}, {"rfilename": "FridaPugaCasagrandeTLH-CG.zip"}], "spaces": [], "createdAt": "2024-04-10T19:53:26.000Z", "inferenceStatus": "not-loaded"}