{"_id": "6630d6b8636eb8a39e504ffb", "id": "iamalexcaspian/AdelaideChangTLH-CG", "modelId": "iamalexcaspian/AdelaideChangTLH-CG", "author": "iamalexcaspian", "sha": "524e28be47a470eac6ad160c2bf002889b334bc2", "lastModified": "2024-04-30T13:40:51.000Z", "private": false, "disabled": false, "gated": false, "tags": ["region:us"], "downloads": 0, "likes": 0, "siblings": [{"rfilename": ".gitattributes"}, {"rfilename": "AdelaideChangTLH-CG.zip"}], "spaces": [], "createdAt": "2024-04-30T11:32:08.000Z", "inferenceStatus": "not-loaded"}