{"_id": "666764a40aa71e338e861c64", "id": "iamalexcaspian/Casey-TheCasagrandes-JayHatton", "modelId": "iamalexcaspian/Casey-TheCasagrandes-JayHatton", "author": "iamalexcaspian", "sha": "a2b2f337ff39214cd5654684bd63078340a522b9", "lastModified": "2024-06-10T20:40:24.000Z", "private": false, "disabled": false, "gated": false, "tags": ["region:us"], "downloads": 0, "likes": 0, "siblings": [{"rfilename": ".gitattributes"}, {"rfilename": "Casey-TheCasagrandes-JayHatton.zip"}], "spaces": [], "createdAt": "2024-06-10T20:40:04.000Z", "inferenceStatus": "not-loaded"}