{"_id": "6685352b76fc05fcb8c6e1a6", "id": "iamalexcaspian/ClydeMcBride-TLH-JaedenWhite", "modelId": "iamalexcaspian/ClydeMcBride-TLH-JaedenWhite", "author": "iamalexcaspian", "sha": "c06778fea97a01ac2cbbab50bb28cd99a8e59326", "lastModified": "2024-07-03T14:47:13.000Z", "private": false, "disabled": false, "gated": false, "tags": ["region:us"], "downloads": 0, "likes": 0, "siblings": [{"rfilename": ".gitattributes"}, {"rfilename": "ClydeMcBride-TLH-JaedenWhite.zip"}], "spaces": [], "createdAt": "2024-07-03T11:25:31.000Z", "inferenceStatus": "not-loaded"}