{"_id": "667acb6a91c6134b08b8732f", "id": "iamayaak/pinkp", "modelId": "iamayaak/pinkp", "author": "iamayaak", "sha": "b0a96041e58c171847a2e8d38fd1fb47b23b4877", "lastModified": "2024-06-25T13:52:42.000Z", "private": false, "disabled": false, "gated": false, "tags": ["region:us"], "downloads": 0, "likes": 0, "siblings": [{"rfilename": ".gitattributes"}, {"rfilename": "PinkPantheress (Heaven Knows era) - Weights.gg Model.zip"}], "spaces": [], "createdAt": "2024-06-25T13:51:38.000Z", "inferenceStatus": "not-loaded"}