{"_id": "662267f094f208a02b13cdc0", "id": "iamalexcaspian/Wirt-OverTheGardenWall", "modelId": "iamalexcaspian/Wirt-OverTheGardenWall", "author": "iamalexcaspian", "sha": "79286b3d9814741cf14a463354a4f5bf48bc7353", "lastModified": "2024-04-19T16:47:51.000Z", "private": false, "disabled": false, "gated": false, "tags": ["region:us"], "downloads": 0, "likes": 0, "siblings": [{"rfilename": ".gitattributes"}, {"rfilename": "Wirt-OverTheGardenWall.zip"}], "spaces": [], "createdAt": "2024-04-19T12:47:44.000Z", "inferenceStatus": "not-loaded"}