{"_id": "661c59ac392347725eeac004", "id": "iamalexcaspian/Greg-OverTheGardenWall", "modelId": "iamalexcaspian/Greg-OverTheGardenWall", "author": "iamalexcaspian", "sha": "c1e17216713aab62dc9c3458c33ab89953a0072a", "lastModified": "2024-04-14T22:33:36.000Z", "private": false, "disabled": false, "gated": false, "tags": ["region:us"], "downloads": 0, "likes": 0, "siblings": [{"rfilename": ".gitattributes"}, {"rfilename": "Greg-OverTheGardenWall.zip"}], "spaces": [], "createdAt": "2024-04-14T22:33:16.000Z", "inferenceStatus": "not-loaded"}