{"_id": "66211e8cbac5577b6bb1ae8a", "id": "iamalexcaspian/Laird-TheCasagrandes", "modelId": "iamalexcaspian/Laird-TheCasagrandes", "author": "iamalexcaspian", "sha": "ca38520f4dbcb7641ad8d02cfa0d71cc498a3045", "lastModified": "2024-04-18T13:22:48.000Z", "private": false, "disabled": false, "gated": false, "tags": ["region:us"], "downloads": 0, "likes": 0, "siblings": [{"rfilename": ".gitattributes"}, {"rfilename": "Laird-TheCasagrandes.zip"}], "spaces": [], "createdAt": "2024-04-18T13:22:20.000Z", "inferenceStatus": "not-loaded"}