{"_id": "661d0e516a2892cc27a477d2", "id": "iamalexcaspian/DmitryDibrov", "modelId": "iamalexcaspian/DmitryDibrov", "author": "iamalexcaspian", "sha": "80d92c63aec20305dfab74c6804ecba8d514a0cf", "lastModified": "2024-04-15T12:52:17.000Z", "private": false, "disabled": false, "gated": false, "tags": ["region:us"], "downloads": 0, "likes": 0, "siblings": [{"rfilename": ".gitattributes"}, {"rfilename": "DmitryDibrov.zip"}], "spaces": [], "createdAt": "2024-04-15T11:24:01.000Z", "inferenceStatus": "not-loaded"}