{"_id": "65ff3e1a4d7ed9ef940f5600", "id": "iamalexcaspian/SergioTheCasagrandes", "modelId": "iamalexcaspian/SergioTheCasagrandes", "author": "iamalexcaspian", "sha": "0fa5ffc809ffa25381f16e509ce0b1ab3daedb3e", "lastModified": "2024-03-23T20:41:18.000Z", "private": false, "disabled": false, "gated": false, "tags": ["region:us"], "downloads": 0, "likes": 0, "siblings": [{"rfilename": ".gitattributes"}, {"rfilename": "SergioTheCasagrandes.zip"}], "spaces": [], "createdAt": "2024-03-23T20:39:54.000Z", "inferenceStatus": "not-loaded"}