{"_id": "6671fc12059c8f7fc79b90a8", "id": "iamalexcaspian/ChandlerMcCann-TLH", "modelId": "iamalexcaspian/ChandlerMcCann-TLH", "author": "iamalexcaspian", "sha": "ab697300963132845af0ea7d5532d6dfbcb81f45", "lastModified": "2024-06-18T21:29:12.000Z", "private": false, "disabled": false, "gated": false, "tags": ["region:us"], "downloads": 0, "likes": 0, "siblings": [{"rfilename": ".gitattributes"}, {"rfilename": "ChandlerMcCann-TLH.zip"}], "spaces": [], "createdAt": "2024-06-18T21:28:50.000Z", "inferenceStatus": "not-loaded"}