{"_id": "65b15fa1d499872569474373", "id": "iamanaiart/flatloras", "modelId": "iamanaiart/flatloras", "author": "iamanaiart", "sha": "9d494cb9241769f592499756ddcc13c1aaaef14c", "lastModified": "2024-01-24T19:58:09.000Z", "private": false, "disabled": false, "gated": false, "tags": ["region:us"], "downloads": 0, "likes": 1, "siblings": [{"rfilename": ".gitattributes"}, {"rfilename": "3dSlider_v2.safetensors"}, {"rfilename": "AloeVera_Thiccness_Slider.safetensors"}, {"rfilename": "Astia3.safetensors"}, {"rfilename": "ClothingAdjuster3.safetensors"}, {"rfilename": "DarkLighting.safetensors"}, {"rfilename": "Detail Slider V2 By Stable .safetensors"}, {"rfilename": "Elixir.safetensors"}, {"rfilename": "FakebreastsV4Del-000003.safetensors"}, {"rfilename": "FilmProvia2.safetensors"}, {"rfilename": "FilmVelvia3.safetensors"}, {"rfilename": "FujiVelvia50.safetensors"}, {"rfilename": "Gloomifier_TheDread_V1_LECO.safetensors"}, {"rfilename": "Gloomifier_V2_TheGlow.safetensors"}, {"rfilename": "Gloomifier_slider_LECO_500w.safetensors"}, {"rfilename": "InstantPhotoX3.safetensors"}, {"rfilename": "Lgirl-v6_500steps.safetensors"}, {"rfilename": "NOISEOFFSET_V2_BY_STABLE_YOGI.safetensors"}, {"rfilename": "NSFWFilter.safetensors"}, {"rfilename": "NegStd3.safetensors"}, {"rfilename": "PerfectBreastsV4-offset.safetensors"}, {"rfilename": "ReaLora.safetensors"}, {"rfilename": "RealDownblouse4.safetensors"}, {"rfilename": "S-shape body.safetensors"}, {"rfilename": "Squeezer2.safetensors"}, {"rfilename": "accidental_exposure.safetensors"}, {"rfilename": "add_brightness.safetensors"}, {"rfilename": "add_detail.safetensors"}, {"rfilename": "add_saturation.safetensors"}, {"rfilename": "add_sharpness.safetensors"}, {"rfilename": "adjusting_clothes_ass_v0.1.safetensors"}, {"rfilename": "age_slider_v2.safetensors"}, {"rfilename": "age_slider_v20.safetensors"}, {"rfilename": "ahx_v1.safetensors"}, {"rfilename": "anti_longtorso_v10.safetensors"}, {"rfilename": "ass_size_control_v2.0.safetensors"}, {"rfilename": "b1mb0_v3.safetensors"}, {"rfilename": "back_view.safetensors"}, {"rfilename": "backlight_slider_v10.safetensors"}, {"rfilename": "bottom_view.safetensors"}, {"rfilename": "breastinclassBetter.safetensors"}, {"rfilename": "breastsizeslideroffset.safetensors"}, {"rfilename": "breastsout24_rvkwi.safetensors"}, {"rfilename": "character-sheet-03.safetensors"}, {"rfilename": "colorize.safetensors"}, {"rfilename": "curly_hair_slider_v1.safetensors"}, {"rfilename": "de-anime-er_v10.safetensors"}, {"rfilename": "depth_of_field_slider_v1.safetensors"}, {"rfilename": "detailSliderALT2.safetensors"}, {"rfilename": "detail_slider_v4.safetensors"}, {"rfilename": "detailed_eye-10.safetensors"}, {"rfilename": "emotion_angry_slider_v1.safetensors"}, {"rfilename": "emotion_happy_slider_v1.safetensors"}, {"rfilename": "epiCRealLife.safetensors"}, {"rfilename": "epiCRealismHelper.safetensors"}, {"rfilename": "epiNoiseoffset_v2-pynoise.safetensors"}, {"rfilename": "epi_noiseoffset2.safetensors"}, {"rfilename": "exposepanty-strong.safetensors"}, {"rfilename": "exposure_control_v10.safetensors"}, {"rfilename": "eyelashes_slider_v3.safetensors"}, {"rfilename": "fisheye_slider_v10.safetensors"}, {"rfilename": "flashlightphoto_v1.5a.safetensors"}, {"rfilename": "gender_slider_v1.safetensors"}, {"rfilename": "hair_length_slider_v1.safetensors"}, {"rfilename": "hd_helper_v1.safetensors"}, {"rfilename": "hipsliderv01.safetensors"}, {"rfilename": "hyperass_850-1e-5-av3-LoRA-epoc43-v3.ckpt"}, {"rfilename": "hyperdetailer_v095.safetensors"}, {"rfilename": "light_control_ud_civitai_v10.safetensors"}, {"rfilename": "light_slider_v10.safetensors"}, {"rfilename": "lip_slider_v21.safetensors"}, {"rfilename": "long breasts(Nagatiti).safetensors"}, {"rfilename": "lyco_humans_v10.safetensors"}, {"rfilename": "microwaistV05.safetensors"}, {"rfilename": "more_details.safetensors"}, {"rfilename": "mouth_slider_v1.safetensors"}, {"rfilename": "muscle_slider_v1.safetensors"}, {"rfilename": "naughty_to_nice_v2.5.safetensors"}, {"rfilename": "neg4all_bdsqlsz_V3.5.safetensors"}, {"rfilename": "onoff4.safetensors"}, {"rfilename": "pantpulldown.safetensors"}, {"rfilename": "people_count_slider_v1.safetensors"}, {"rfilename": "realistic.safetensors"}, {"rfilename": "roundassv1.safetensors"}, {"rfilename": "shirtliftv1.safetensors"}, {"rfilename": "side_view_perspective-10.safetensors"}, {"rfilename": "skin_tone_slider_v1.safetensors"}, {"rfilename": "skinslider_last.safetensors"}, {"rfilename": "skirtlift-v1.safetensors"}, {"rfilename": "thicc_v2.3.safetensors"}, {"rfilename": "time_slider_v1.safetensors"}, {"rfilename": "top_view_perspective-10.safetensors"}, {"rfilename": "unexptits_v15.safetensors"}, {"rfilename": "venus body2.safetensors"}, {"rfilename": "weather_slider_v1.safetensors"}, {"rfilename": "weight_slider_v2.safetensors"}, {"rfilename": "wetshirt15_v2.0.safetensors"}, {"rfilename": "zoom_slider_v1.safetensors"}], "spaces": [], "createdAt": "2024-01-24T19:06:09.000Z", "inferenceStatus": "not-loaded"}