{"_id": "646d8ce7e0c5e3957365bf3a", "id": "iamanavk/qm_sum_t5-large", "modelId": "iamanavk/qm_sum_t5-large", "author": "iamanavk", "sha": "78290bd6a81994f2e244d0a45b81eb015e54acc0", "lastModified": "2023-05-24T04:42:36.000Z", "private": false, "disabled": false, "gated": false, "pipeline_tag": "text2text-generation", "tags": ["transformers", "pytorch", "tensorboard", "t5", "text2text-generation", "generated_from_trainer", "license:apache-2.0", "autotrain_compatible", "text-generation-inference", "endpoints_compatible", "region:us"], "downloads": 7, "library_name": "transformers", "likes": 0, "model-index": [{"name": "qm_sum_t5-large", "results": []}], "config": {"architectures": ["T5ForConditionalGeneration"], "model_type": "t5", "tokenizer_config": {"eos_token": "</s>", "pad_token": "<pad>", "unk_token": "<unk>"}}, "cardData": {"license": "apache-2.0", "tags": ["generated_from_trainer"], "metrics": ["rouge"], "model-index": [{"name": "qm_sum_t5-large", "results": []}]}, "transformersInfo": {"auto_model": "AutoModelForSeq2SeqLM", "pipeline_tag": "text2text-generation", "processor": "AutoTokenizer"}, "siblings": [{"rfilename": ".gitattributes"}, {"rfilename": ".gitignore"}, {"rfilename": "README.md"}, {"rfilename": "config.json"}, {"rfilename": "generation_config.json"}, {"rfilename": "pytorch_model.bin"}, {"rfilename": "runs/May24_04-04-55_b82d902010ef/1684901103.7727854/events.out.tfevents.1684901103.b82d902010ef.31.1"}, {"rfilename": "runs/May24_04-04-55_b82d902010ef/events.out.tfevents.1684901103.b82d902010ef.31.0"}, {"rfilename": "special_tokens_map.json"}, {"rfilename": "spiece.model"}, {"rfilename": "tokenizer.json"}, {"rfilename": "tokenizer_config.json"}, {"rfilename": "training_args.bin"}], "spaces": [], "createdAt": "2023-05-24T04:04:55.000Z", "inferenceStatus": "not-loaded"}