{"_id": "6660efb1754f90a8580df511", "id": "iamanaiart/LCM-absolutereality", "modelId": "iamanaiart/LCM-absolutereality", "author": "iamanaiart", "sha": "d273eb59568f96b465554083f6991f8d0e0ba106", "lastModified": "2024-06-05T23:12:11.000Z", "private": false, "disabled": false, "gated": false, "pipeline_tag": "text-to-image", "tags": ["diffusers", "safetensors", "autotrain_compatible", "endpoints_compatible", "diffusers:StableDiffusionPipeline", "region:us"], "downloads": 0, "library_name": "diffusers", "likes": 0, "config": {"diffusers": {"_class_name": "StableDiffusionPipeline"}}, "siblings": [{"rfilename": ".gitattributes"}, {"rfilename": "feature_extractor/preprocessor_config.json"}, {"rfilename": "model_index.json"}, {"rfilename": "safety_checker/config.json"}, {"rfilename": "safety_checker/model.safetensors"}, {"rfilename": "scheduler/scheduler_config.json"}, {"rfilename": "text_encoder/config.json"}, {"rfilename": "text_encoder/model.safetensors"}, {"rfilename": "tokenizer/added_tokens.json"}, {"rfilename": "tokenizer/merges.txt"}, {"rfilename": "tokenizer/special_tokens_map.json"}, {"rfilename": "tokenizer/tokenizer_config.json"}, {"rfilename": "tokenizer/vocab.json"}, {"rfilename": "unet/config.json"}, {"rfilename": "unet/diffusion_pytorch_model.safetensors"}, {"rfilename": "vae/config.json"}, {"rfilename": "vae/diffusion_pytorch_model.safetensors"}], "spaces": [], "createdAt": "2024-06-05T23:07:29.000Z", "inferenceStatus": "not-loaded"}