{"_id": "66679658a5b10a7be9e22c46", "id": "iamanaiart/LCM-animeScreencapStyle_assV14Beta", "modelId": "iamanaiart/LCM-animeScreencapStyle_assV14Beta", "author": "iamanaiart", "sha": "e24e013c0253c9d4899b4301319709d87a2e9b5a", "lastModified": "2024-06-11T00:15:18.000Z", "private": false, "disabled": false, "gated": false, "pipeline_tag": "text-to-image", "tags": ["diffusers", "safetensors", "autotrain_compatible", "endpoints_compatible", "diffusers:StableDiffusionPipeline", "region:us"], "downloads": 1, "library_name": "diffusers", "likes": 0, "config": {"diffusers": {"_class_name": "StableDiffusionPipeline"}}, "siblings": [{"rfilename": ".gitattributes"}, {"rfilename": "feature_extractor/preprocessor_config.json"}, {"rfilename": "model_index.json"}, {"rfilename": "safety_checker/config.json"}, {"rfilename": "safety_checker/model.safetensors"}, {"rfilename": "scheduler/scheduler_config.json"}, {"rfilename": "text_encoder/config.json"}, {"rfilename": "text_encoder/model.safetensors"}, {"rfilename": "tokenizer/added_tokens.json"}, {"rfilename": "tokenizer/merges.txt"}, {"rfilename": "tokenizer/special_tokens_map.json"}, {"rfilename": "tokenizer/tokenizer_config.json"}, {"rfilename": "tokenizer/vocab.json"}, {"rfilename": "unet/config.json"}, {"rfilename": "unet/diffusion_pytorch_model.safetensors"}, {"rfilename": "vae/config.json"}, {"rfilename": "vae/diffusion_pytorch_model.safetensors"}], "spaces": [], "createdAt": "2024-06-11T00:12:08.000Z", "inferenceStatus": "not-loaded"}