{"_id": "65af03981edab235a1dd0061", "id": "iamanaiart/flatembeddings", "modelId": "iamanaiart/flatembeddings", "author": "iamanaiart", "sha": "7b870a3b7dc639af51968431c6d1d3401c947a42", "lastModified": "2024-01-23T00:10:03.000Z", "private": false, "disabled": false, "gated": false, "tags": ["region:us"], "downloads": 0, "likes": 0, "siblings": [{"rfilename": "0001SRGoodPictureV3.pt"}, {"rfilename": "0001SoftRealisticNegativeV8-neg.pt"}, {"rfilename": "16-token-negative-deliberate-neg.pt"}, {"rfilename": "3nid_15.pt"}, {"rfilename": "AS-Adult-neg.pt"}, {"rfilename": "AS-Adult.pt"}, {"rfilename": "AS-Elderly.pt"}, {"rfilename": "AS-MidAged.pt"}, {"rfilename": "AS-Young-neg.pt"}, {"rfilename": "AS-Young.pt"}, {"rfilename": "AS-YoungV2-neg.pt"}, {"rfilename": "AS-YoungV2.pt"}, {"rfilename": "AS-Younger.pt"}, {"rfilename": "AS-YoungerV2.pt"}, {"rfilename": "AS-Youngest.pt"}, {"rfilename": "AS-YoungestV2.pt"}, {"rfilename": "Aissist-neg.pt"}, {"rfilename": "Aissist-supercharge-neg.pt"}, {"rfilename": "Asian-Less-Neg.pt"}, {"rfilename": "Asian-Less-Toon.pt"}, {"rfilename": "Asian-Less.pt"}, {"rfilename": "Asian-Less2-Neg.pt"}, {"rfilename": "BadDream.pt"}, {"rfilename": "BadNegAnatomyV1-neg.pt"}, {"rfilename": "Best_QualityPos.pt"}, {"rfilename": "Beyondv4-neg.pt"}, {"rfilename": "BiL13L1SH.pt"}, {"rfilename": "BodyPositive.pt"}, {"rfilename": "By bad artist -neg.pt"}, {"rfilename": "CS-BBz.pt"}, {"rfilename": "CS-BRYO.pt"}, {"rfilename": "CS-CYBR.pt"}, {"rfilename": "CS-OBG.pt"}, {"rfilename": "CS-PYS.pt"}, {"rfilename": "CS-RBW.pt"}, {"rfilename": "CS-YBF.pt"}, {"rfilename": "CyberRealistic_Negative-neg.pt"}, {"rfilename": "CyberRealistic_Negative_Anime-neg.pt"}, {"rfilename": "DEN_barbucci_styleMK3.pt"}, {"rfilename": "DEN_emily_bloomMK2 .pt"}, {"rfilename": "DarkFantasy.pt"}, {"rfilename": "ERA09NEGV2.pt"}, {"rfilename": "EasyNegativeV2.safetensors"}, {"rfilename": "EyeDetail.pt"}, {"rfilename": "FastNegativeEmbedding.pt"}, {"rfilename": "FastNegativeV2.pt"}, {"rfilename": "GITSEllie.pt"}, {"rfilename": "GS-Boyish.pt"}, {"rfilename": "GS-DeFeminize-neg.pt"}, {"rfilename": "GS-DeMasculate-neg.pt"}, {"rfilename": "GS-Girlish.pt"}, {"rfilename": "GS-Masculine.pt"}, {"rfilename": "GS-Womanly.pt"}, {"rfilename": "H0GLEGACYv2.pt"}, {"rfilename": "HDA_Ahegao.pt"}, {"rfilename": "HDA_AnalHold.pt"}, {"rfilename": "HDA_DeepPenetration.pt"}, {"rfilename": "HDA_Doggystyle.pt"}, {"rfilename": "HDA_Oral invitation.pt"}, {"rfilename": "HDA_Paizuri.pt"}, {"rfilename": "HDA_TentacleSex.pt"}, {"rfilename": "HDA_female masturbationV1.2.pt"}, {"rfilename": "HDA_piledriver.pt"}, {"rfilename": "HDA_two-footed footjob-neg.pt"}, {"rfilename": "HDA_two-footed footjob.pt"}, {"rfilename": "HairDetail.pt"}, {"rfilename": "HandNeg-neg.pt"}, {"rfilename": "HorrorFantasy.pt"}, {"rfilename": "JuggernautNegative-neg.pt"}, {"rfilename": "Koh_SashaGreyV2.pt"}, {"rfilename": "MangaHentaiStyleConceptv2.pt"}, {"rfilename": "MarilynMonroe.pt"}, {"rfilename": "Megumin_1000.pt"}, {"rfilename": "NEG_EMBED_STABLE_YOGI-neg.pt"}, {"rfilename": "NEG_EMBED_STABLE_YOGI_2-neg.pt"}, {"rfilename": "NaturallyCoolDetailer_NegV1.pt"}, {"rfilename": "NegfeetV2.pt"}, {"rfilename": "OverallDetail.pt"}, {"rfilename": "PA7_Human-Likeness.pt"}, {"rfilename": "PA7_Photo.pt"}, {"rfilename": "PA7_Portrait-CU.pt"}, {"rfilename": "PA7_Portrait-ECU.pt"}, {"rfilename": "PA7_Portrait-FL.pt"}, {"rfilename": "PA7_Portrait-HL_v2.pt"}, {"rfilename": "PA7_Portrait-MCU.pt"}, {"rfilename": "PA7_Portrait-MS.pt"}, {"rfilename": "RFKTR_plastic.pt"}, {"rfilename": "Realism_Quality_2xx_By_Stable_Yogi-neg.pt"}, {"rfilename": "SLPASHTER_3-7000.pt"}, {"rfilename": "SamDoesArt1.pt"}, {"rfilename": "SimpleNegative.safetensors"}, {"rfilename": "SimpleNegativeV2.safetensors"}, {"rfilename": "SimpleNegativeV3.safetensors"}, {"rfilename": "SimpleNegative_AnimeV1.safetensors"}, {"rfilename": "SkinDetail.pt"}, {"rfilename": "SkinDetailNeg-neg.pt"}, {"rfilename": "SkinHairDetail.pt"}, {"rfilename": "SkinPerfection_NegV15.pt"}, {"rfilename": "Style-Autumn-neg.pt"}, {"rfilename": "Style-Autumn.pt"}, {"rfilename": "Style-BlurFore.pt"}, {"rfilename": "Style-Cuddles.pt"}, {"rfilename": "Style-DA.pt"}, {"rfilename": "Style-DoF.pt"}, {"rfilename": "Style-EMCG.pt"}, {"rfilename": "Style-GHL.pt"}, {"rfilename": "Style-Glass.pt"}, {"rfilename": "Style-Glorious-neg.pt"}, {"rfilename": "Style-Glorious.pt"}, {"rfilename": "Style-Goblinmode.pt"}, {"rfilename": "Style-Grabby.pt"}, {"rfilename": "Style-GravityMagic.pt"}, {"rfilename": "Style-Interact.pt"}, {"rfilename": "Style-Moana-neg.pt"}, {"rfilename": "Style-Moana.pt"}, {"rfilename": "Style-Necromancy.pt"}, {"rfilename": "Style-Petal-neg.pt"}, {"rfilename": "Style-Petal.pt"}, {"rfilename": "Style-Winter-neg.pt"}, {"rfilename": "Style-Winter.pt"}, {"rfilename": "SuperNeg-Test.safetensors"}, {"rfilename": "TH.pt"}, {"rfilename": "UnrealisticDream.pt"}, {"rfilename": "Unspeakable-Horrors-Composition-4v.pt"}, {"rfilename": "advn_v1 dress.pt"}, {"rfilename": "advntr.pt"}, {"rfilename": "ahegaoface-7500.pt"}, {"rfilename": "aid291.pt"}, {"rfilename": "an10.pt"}, {"rfilename": "an11.pt"}, {"rfilename": "an12.pt"}, {"rfilename": "angry512.pt"}, {"rfilename": "arcan3.pt"}, {"rfilename": "art by EMB_skstest3.pt"}, {"rfilename": "atompunkstylesd15.pt"}, {"rfilename": "awaitingtongue.pt"}, {"rfilename": "b0nniewr1ght.pt"}, {"rfilename": "bad-hands-5.pt"}, {"rfilename": "bad-picture-chill-75v.pt"}, {"rfilename": "bad_pictures.pt"}, {"rfilename": "bad_prompt_version2-neg.pt"}, {"rfilename": "badhandv4.pt"}, {"rfilename": "badpic.pt"}, {"rfilename": "bazaldua_v2-10000.pt"}, {"rfilename": "belledephine.pt"}, {"rfilename": "bfold3.pt"}, {"rfilename": "bhands-neg.pt"}, {"rfilename": "bimbostyle.pt"}, {"rfilename": "blowjobpose.pt"}, {"rfilename": "bottomless.pt"}, {"rfilename": "bukkakAI.pt"}, {"rfilename": "c4m3lt0.pt"}, {"rfilename": "charturner.pt"}, {"rfilename": "charturnerv2.pt"}, {"rfilename": "chunli_alpha.pt"}, {"rfilename": "civit_nsfw.pt"}, {"rfilename": "close portrait.pt"}, {"rfilename": "cloudport.pt"}, {"rfilename": "coloring-book-style.pt"}, {"rfilename": "corneo_anal.pt"}, {"rfilename": "corneo_ball_gag.pt"}, {"rfilename": "corneo_bound_missionary.pt"}, {"rfilename": "corneo_bowsette.pt"}, {"rfilename": "corneo_brigitte.pt"}, {"rfilename": "corneo_covering_breasts_arms_crossed.pt"}, {"rfilename": "corneo_covering_breasts_one_arm.pt"}, {"rfilename": "corneo_covering_breasts_two_hands.pt"}, {"rfilename": "corneo_cowgirl.pt"}, {"rfilename": "corneo_dva.pt"}, {"rfilename": "corneo_makima.pt"}, {"rfilename": "corneo_mercy.pt"}, {"rfilename": "corneo_night_elf.pt"}, {"rfilename": "corneo_nipple_rings.pt"}, {"rfilename": "corneo_paizuri.pt"}, {"rfilename": "corneo_pov_anal.pt"}, {"rfilename": "corneo_pov_oral.pt"}, {"rfilename": "corneo_runny_makeup.pt"}, {"rfilename": "corneo_side_deepthroat.pt"}, {"rfilename": "corneo_side_doggy.pt"}, {"rfilename": "corneo_spitroast.pt"}, {"rfilename": "corneo_tentacle_sex.pt"}, {"rfilename": "corneo_tifa_classic.pt"}, {"rfilename": "corneo_tifa_dress.pt"}, {"rfilename": "corneo_tracer.pt"}, {"rfilename": "corneo_widowmaker.pt"}, {"rfilename": "corneo_x_pasties.pt"}, {"rfilename": "corneo_yoruichi.pt"}, {"rfilename": "cuminmouth.pt"}, {"rfilename": "cutev2-11000.pt"}, {"rfilename": "darkskin_style.pt"}, {"rfilename": "defiance512.pt"}, {"rfilename": "desigirlv2.pt"}, {"rfilename": "difConsistency_negative_v2.pt"}, {"rfilename": "dk_astolfo.pt"}, {"rfilename": "dld_hergra.pt"}, {"rfilename": "dpthrt.pt"}, {"rfilename": "earsex-950.pt"}, {"rfilename": "easynegative.safetensors"}, {"rfilename": "edgQuality.pt"}, {"rfilename": "emb-avril.pt"}, {"rfilename": "emb-rrf2.pt"}, {"rfilename": "emwats0n.pt"}, {"rfilename": "eonn.pt"}, {"rfilename": "epiCNegative.pt"}, {"rfilename": "epiCPhoto-neg.pt"}, {"rfilename": "epiCPhoto.pt"}, {"rfilename": "epiCPhotoGasm-colorfulPhoto-neg.pt"}, {"rfilename": "epiCPhotoGasm-softPhoto-neg.pt"}, {"rfilename": "epiCRealism.pt"}, {"rfilename": "eyeliner5.pt"}, {"rfilename": "fFaceDetail .pt"}, {"rfilename": "fHandDetail.pt"}, {"rfilename": "fakelips7-2500.pt"}, {"rfilename": "fcDetailPortrait.pt"}, {"rfilename": "fcHeatPortrait.pt"}, {"rfilename": "fcNeg-neg.pt"}, {"rfilename": "fcPortrait.pt"}, {"rfilename": "fenn_mei.bin"}, {"rfilename": "footjob_positionv2.pt"}, {"rfilename": "ghst-3000.pt"}, {"rfilename": "gntz.pt"}, {"rfilename": "gretav122sd15.bin"}, {"rfilename": "grin512.pt"}, {"rfilename": "hades-65800.pt"}, {"rfilename": "handmade2d.pt"}, {"rfilename": "happy512.pt"}, {"rfilename": "heibai.bin"}, {"rfilename": "hinata2_wrise.pt"}, {"rfilename": "hoodnude.bin"}, {"rfilename": "hoppagames.pt"}, {"rfilename": "hotify.pt"}, {"rfilename": "ino3_wrise.pt"}, {"rfilename": "jeansheels.pt"}, {"rfilename": "jujunaught-66600.pt"}, {"rfilename": "k34nur33v3.pt"}, {"rfilename": "katara_v9_shurik.pt"}, {"rfilename": "kbxll.pt"}, {"rfilename": "kkw-Arab.pt"}, {"rfilename": "kkw-Extreme-Neg.pt"}, {"rfilename": "kkw-Indian.pt"}, {"rfilename": "kkw-Latin.pt"}, {"rfilename": "kkw-NativeAmerican.pt"}, {"rfilename": "kkw-b-bb.pt"}, {"rfilename": "kkw-h-bb.pt"}, {"rfilename": "kkw-m-bb.pt"}, {"rfilename": "kkw-oily-helper.bin"}, {"rfilename": "kkw-ph1-neg.bin"}, {"rfilename": "kkw-ph1.bin"}, {"rfilename": "kkw-s-bb.pt"}, {"rfilename": "koh_amberheard.pt"}, {"rfilename": "koh_miakhalifa.pt"}, {"rfilename": "krface1.pt"}, {"rfilename": "laugh512.pt"}, {"rfilename": "longpao.bin"}, {"rfilename": "lowangleview-3000.pt"}, {"rfilename": "mbaccarin.pt"}, {"rfilename": "microkini.pt"}, {"rfilename": "micromini.pt"}, {"rfilename": "microskirt.pt"}, {"rfilename": "mix goths.pt"}, {"rfilename": "myself-badhand-v5.safetensors"}, {"rfilename": "n1ck1m1n4jv2 .pt"}, {"rfilename": "n3t0p.pt"}, {"rfilename": "n3tst0.pt"}, {"rfilename": "nagatoro-5000.pt"}, {"rfilename": "nami.pt"}, {"rfilename": "negative_hand-neg.pt"}, {"rfilename": "neiyi.bin"}, {"rfilename": "nervous512.pt"}, {"rfilename": "ng_deepnegative_v1_75t.pt"}, {"rfilename": "nobg.pt"}, {"rfilename": "notxt.pt"}, {"rfilename": "nsfwEM.pt"}, {"rfilename": "nvdi.bin"}, {"rfilename": "ohmyfrick_yogapuss.bin"}, {"rfilename": "olfn.pt"}, {"rfilename": "oral-dildo.pt"}, {"rfilename": "p0k13s.pt"}, {"rfilename": "paradoxical-back-view-bj.pt"}, {"rfilename": "pastel_style.pt"}, {"rfilename": "povblowjob3v3.pt"}, {"rfilename": "prettify.pt"}, {"rfilename": "prettyeyes.pt"}, {"rfilename": "prt.pt"}, {"rfilename": "pureerosface_v1.pt"}, {"rfilename": "realcumAI.pt"}, {"rfilename": "realisticvision-negative-embedding.pt"}, {"rfilename": "rem_rezero.pt"}, {"rfilename": "rfktr_bontrex-150.pt"}, {"rfilename": "rfktr_bwmnga.pt"}, {"rfilename": "rfneg.safetensors"}, {"rfilename": "rmadanegative402_sd15-neg.pt"}, {"rfilename": "robin_v2_1600.pt"}, {"rfilename": "sad512.pt"}, {"rfilename": "sailormoon.pt"}, {"rfilename": "sakura4_wrise.pt"}, {"rfilename": "scj0_jg.pt"}, {"rfilename": "shock512.pt"}, {"rfilename": "sl1ng.pt"}, {"rfilename": "sling_bikini.pt"}, {"rfilename": "slotgames.pt"}, {"rfilename": "smile512.pt"}, {"rfilename": "space_style.pt"}, {"rfilename": "spreadassms.pt"}, {"rfilename": "str41tj4ck3t.pt"}, {"rfilename": "style-bridal.pt"}, {"rfilename": "style-empire-neg.pt"}, {"rfilename": "style-empire.pt"}, {"rfilename": "style-gothic-horror.pt"}, {"rfilename": "style-hamunaptra.pt"}, {"rfilename": "style-nebmagic-neg.pt"}, {"rfilename": "style-nebmagic.pt"}, {"rfilename": "style-paintmagic.pt"}, {"rfilename": "style-pnmagic.bin"}, {"rfilename": "style-princess.pt"}, {"rfilename": "style-psycho-neg.pt"}, {"rfilename": "style-psycho.pt"}, {"rfilename": "style-rustmagic-neg.pt"}, {"rfilename": "style-rustmagic.pt"}, {"rfilename": "style-swirlmagic.pt"}, {"rfilename": "style-sylvamagic.pt"}, {"rfilename": "style_tombraider.pt"}, {"rfilename": "suckhertonguealexzuov4.pt"}, {"rfilename": "suijing.bin"}, {"rfilename": "sxz-ashe-ow.pt"}, {"rfilename": "sxz-jaina-v2.pt"}, {"rfilename": "tenten_wrise.pt"}, {"rfilename": "the_trump.pt"}, {"rfilename": "tifa_4900.pt"}, {"rfilename": "tsunade3_wrise.pt"}, {"rfilename": "unaestheticXL2v10.safetensors"}, {"rfilename": "unaestheticXL_AYv1.safetensors"}, {"rfilename": "unaestheticXL_Jug6.safetensors"}, {"rfilename": "unaestheticXL_Sky3.1.safetensors"}, {"rfilename": "unaestheticXL_hk1.safetensors"}, {"rfilename": "unaestheticXLv1.safetensors"}, {"rfilename": "unaestheticXLv13.safetensors"}, {"rfilename": "unaestheticXLv31.safetensors"}, {"rfilename": "under-boo.pt"}, {"rfilename": "under2.pt"}, {"rfilename": "verybadimagenegative_v1.3.pt"}, {"rfilename": "vksw34t1.pt"}, {"rfilename": "vmpr.pt"}, {"rfilename": "vslinx_orihime_inoue.pt"}, {"rfilename": "vslinx_rukia.pt"}, {"rfilename": "vslinx_sui_feng.pt"}, {"rfilename": "w3day_15.pt"}, {"rfilename": "wano_style_30100.pt"}, {"rfilename": "was-pp.pt"}, {"rfilename": "zend4y4.pt"}, {"rfilename": "zhubao.bin"}], "spaces": [], "createdAt": "2024-01-23T00:08:56.000Z", "inferenceStatus": "not-loaded"}