{"_id": "65b2edc90c73e221cde7c2cf", "id": "iamanaiart/flatlorac", "modelId": "iamanaiart/flatlorac", "author": "iamanaiart", "sha": "1d4e6a3ffc89f9d3c2752336305326f31f1c97a7", "lastModified": "2024-01-26T12:53:44.000Z", "private": false, "disabled": false, "gated": false, "tags": ["region:us"], "downloads": 0, "likes": 0, "siblings": [{"rfilename": ".gitattributes"}, {"rfilename": "EeveeLora-10.safetensors"}, {"rfilename": "Gwen-10.safetensors"}, {"rfilename": "Hermione Granger2.safetensors"}, {"rfilename": "Kanna5-15.safetensors"}, {"rfilename": "Sawamura Haruka (Young).safetensors"}, {"rfilename": "VioletParrV2.safetensors"}, {"rfilename": "alice_liddell_v2.safetensors"}, {"rfilename": "cassie-06.safetensors"}, {"rfilename": "kinomoto_sakura_v1.safetensors"}, {"rfilename": "maxcaulfield.safetensors"}, {"rfilename": "sawamura haruka (child).safetensors"}, {"rfilename": "shigure_ui_v2.safetensors"}], "spaces": [], "createdAt": "2024-01-25T23:24:57.000Z", "inferenceStatus": "not-loaded"}