{"_id": "662e112c26890ccde1ae90c4", "id": "iamalexcaspian/Sameer-TheCasagrandes-NourJudeAssaf", "modelId": "iamalexcaspian/Sameer-TheCasagrandes-NourJudeAssaf", "author": "iamalexcaspian", "sha": "19c3061a27ed5870a3eedb109fe028d85f94e02f", "lastModified": "2024-04-28T09:05:10.000Z", "private": false, "disabled": false, "gated": false, "tags": ["region:us"], "downloads": 0, "likes": 0, "siblings": [{"rfilename": ".gitattributes"}, {"rfilename": "Sameer-TheCasagrandes-NourJudeAssaf.zip"}], "spaces": [], "createdAt": "2024-04-28T09:04:44.000Z", "inferenceStatus": "not-loaded"}