{"_id": "6671addad1cb14dd3387ad94", "id": "iambestfeed/vi-roberta-tiny-wiki-wseg", "modelId": "iambestfeed/vi-roberta-tiny-wiki-wseg", "author": "iambestfeed", "sha": "21737ac48fe73e6495f162340ec319c17891288e", "lastModified": "2024-06-18T20:27:21.000Z", "private": false, "disabled": false, "gated": false, "pipeline_tag": "fill-mask", "tags": ["transformers", "jax", "tensorboard", "roberta", "fill-mask", "autotrain_compatible", "endpoints_compatible", "region:us"], "downloads": 7, "library_name": "transformers", "mask_token": "<mask>", "widgetData": [{"text": "Paris is the <mask> of France."}, {"text": "The goal of life is <mask>."}], "likes": 0, "config": {"architectures": ["RobertaForMaskedLM"], "model_type": "roberta", "tokenizer_config": {"bos_token": "<s>", "cls_token": "<s>", "eos_token": "</s>", "mask_token": "<mask>", "pad_token": "<pad>", "sep_token": "</s>", "unk_token": "<unk>"}}, "transformersInfo": {"auto_model": "AutoModelForMaskedLM", "pipeline_tag": "fill-mask", "processor": "AutoTokenizer"}, "siblings": [{"rfilename": ".gitattributes"}, {"rfilename": "config.json"}, {"rfilename": "events.out.tfevents.1718727376.t1v-n-bc7c6ad6-w-0.302989.0.v2"}, {"rfilename": "flax_model.msgpack"}, {"rfilename": "merges.txt"}, {"rfilename": "special_tokens_map.json"}, {"rfilename": "tokenizer.json"}, {"rfilename": "tokenizer_config.json"}, {"rfilename": "vocab.json"}], "spaces": [], "createdAt": "2024-06-18T15:55:06.000Z", "inferenceStatus": "not-loaded"}