{"_id": "662dbdaf9e6d371ab716e7c5", "id": "iambharath1506/finetuning-sentiment-model-3000-samples", "modelId": "iambharath1506/finetuning-sentiment-model-3000-samples", "author": "iambharath1506", "sha": "3cb2a9ed13c1aef6fde8a7630ee344016b9779f7", "lastModified": "2024-04-28T03:08:31.000Z", "private": false, "disabled": false, "gated": false, "tags": ["region:us"], "downloads": 0, "likes": 0, "siblings": [{"rfilename": ".gitattributes"}], "spaces": [], "createdAt": "2024-04-28T03:08:31.000Z", "inferenceStatus": "not-loaded"}