{"_id": "64a9219ae368492ab8d474df", "id": "iambestfeed/bloomz-7b1-4bits-128gr", "modelId": "iambestfeed/bloomz-7b1-4bits-128gr", "author": "iambestfeed", "sha": "2167feeb0f913f0b7d38f9b9a351cf73a84f0658", "lastModified": "2023-07-08T08:49:18.000Z", "private": false, "disabled": false, "gated": false, "pipeline_tag": "text-generation", "tags": ["transformers", "bloom", "text-generation", "autotrain_compatible", "text-generation-inference", "endpoints_compatible", "region:us"], "downloads": 1, "library_name": "transformers", "widgetData": [{"text": "My name is Julien and I like to"}, {"text": "My name is Thomas and my main"}, {"text": "My name is Mariama, my favorite"}, {"text": "My name is Clara and I am"}, {"text": "My name is Lewis and I like to"}, {"text": "My name is Merve and my favorite"}, {"text": "My name is Teven and I am"}, {"text": "Once upon a time,"}], "likes": 0, "config": {"architectures": ["BloomForCausalLM"], "model_type": "bloom"}, "transformersInfo": {"auto_model": "AutoModelForCausalLM", "pipeline_tag": "text-generation", "processor": "AutoTokenizer"}, "siblings": [{"rfilename": ".gitattributes"}, {"rfilename": "bloomz-7b1-4bit-128g.bin"}, {"rfilename": "bloomz-7b1-4bit-128g.safetensors"}, {"rfilename": "config.json"}, {"rfilename": "quantize_config.json"}], "spaces": [], "createdAt": "2023-07-08T08:43:06.000Z", "inferenceStatus": "not-loaded"}