{"_id": "64efa17f77777df14e2af703", "id": "iambarth/contacts", "modelId": "iambarth/contacts", "author": "iambarth", "sha": "1867326d55818ca6653add3b6f1d17303854317a", "lastModified": "2023-08-30T20:07:27.000Z", "private": false, "disabled": false, "gated": false, "tags": ["license:apache-2.0", "region:us"], "downloads": 0, "likes": 0, "model-index": null, "cardData": {"license": "apache-2.0"}, "siblings": [{"rfilename": ".gitattributes"}, {"rfilename": "README.md"}], "spaces": [], "createdAt": "2023-08-30T20:07:27.000Z", "inferenceStatus": "not-loaded"}