{"_id": "655943f4e0a6202d364b1a47", "id": "iambestfeed/phobert_pair_8m_all", "modelId": "iambestfeed/phobert_pair_8m_all", "author": "iambestfeed", "sha": "f06aaafe0714c0561cfe9309777a93f03240191f", "lastModified": "2023-11-18T23:10:39.000Z", "private": false, "disabled": false, "gated": false, "pipeline_tag": "sentence-similarity", "tags": ["sentence-transformers", "safetensors", "roberta", "feature-extraction", "sentence-similarity", "transformers", "autotrain_compatible", "text-embeddings-inference", "endpoints_compatible", "region:us"], "downloads": 3, "library_name": "sentence-transformers", "mask_token": "<mask>", "widgetData": [{"source_sentence": "That is a happy person", "sentences": ["That is a happy dog", "That is a very happy person", "Today is a sunny day"]}], "likes": 0, "model-index": null, "config": {"architectures": ["RobertaModel"], "model_type": "roberta", "tokenizer_config": {"bos_token": "<s>", "cls_token": "<s>", "eos_token": "</s>", "mask_token": "<mask>", "pad_token": "<pad>", "sep_token": "</s>", "unk_token": "<unk>"}}, "cardData": {"pipeline_tag": "sentence-similarity", "tags": ["sentence-transformers", "feature-extraction", "sentence-similarity", "transformers"]}, "transformersInfo": {"auto_model": "AutoModel", "pipeline_tag": "feature-extraction", "processor": "AutoTokenizer"}, "siblings": [{"rfilename": ".gitattributes"}, {"rfilename": "105264/1_Pooling/config.json"}, {"rfilename": "105264/README.md"}, {"rfilename": "105264/added_tokens.json"}, {"rfilename": "105264/bpe.codes"}, {"rfilename": "105264/config.json"}, {"rfilename": "105264/config_sentence_transformers.json"}, {"rfilename": "105264/model.safetensors"}, {"rfilename": "105264/modules.json"}, {"rfilename": "105264/sentence_bert_config.json"}, {"rfilename": "105264/special_tokens_map.json"}, {"rfilename": "105264/tokenizer_config.json"}, {"rfilename": "105264/vocab.txt"}, {"rfilename": "131580/1_Pooling/config.json"}, {"rfilename": "131580/README.md"}, {"rfilename": "131580/added_tokens.json"}, {"rfilename": "131580/bpe.codes"}, {"rfilename": "131580/config.json"}, {"rfilename": "131580/config_sentence_transformers.json"}, {"rfilename": "131580/model.safetensors"}, {"rfilename": "131580/modules.json"}, {"rfilename": "131580/sentence_bert_config.json"}, {"rfilename": "131580/special_tokens_map.json"}, {"rfilename": "131580/tokenizer_config.json"}, {"rfilename": "131580/vocab.txt"}, {"rfilename": "1_Pooling/config.json"}, {"rfilename": "26316/1_Pooling/config.json"}, {"rfilename": "26316/README.md"}, {"rfilename": "26316/added_tokens.json"}, {"rfilename": "26316/bpe.codes"}, {"rfilename": "26316/config.json"}, {"rfilename": "26316/config_sentence_transformers.json"}, {"rfilename": "26316/model.safetensors"}, {"rfilename": "26316/modules.json"}, {"rfilename": "26316/sentence_bert_config.json"}, {"rfilename": "26316/special_tokens_map.json"}, {"rfilename": "26316/tokenizer_config.json"}, {"rfilename": "26316/vocab.txt"}, {"rfilename": "52632/1_Pooling/config.json"}, {"rfilename": "52632/README.md"}, {"rfilename": "52632/added_tokens.json"}, {"rfilename": "52632/bpe.codes"}, {"rfilename": "52632/config.json"}, {"rfilename": "52632/config_sentence_transformers.json"}, {"rfilename": "52632/model.safetensors"}, {"rfilename": "52632/modules.json"}, {"rfilename": "52632/sentence_bert_config.json"}, {"rfilename": "52632/special_tokens_map.json"}, {"rfilename": "52632/tokenizer_config.json"}, {"rfilename": "52632/vocab.txt"}, {"rfilename": "78948/1_Pooling/config.json"}, {"rfilename": "78948/README.md"}, {"rfilename": "78948/added_tokens.json"}, {"rfilename": "78948/bpe.codes"}, {"rfilename": "78948/config.json"}, {"rfilename": "78948/config_sentence_transformers.json"}, {"rfilename": "78948/model.safetensors"}, {"rfilename": "78948/modules.json"}, {"rfilename": "78948/sentence_bert_config.json"}, {"rfilename": "78948/special_tokens_map.json"}, {"rfilename": "78948/tokenizer_config.json"}, {"rfilename": "78948/vocab.txt"}, {"rfilename": "README.md"}, {"rfilename": "added_tokens.json"}, {"rfilename": "bpe.codes"}, {"rfilename": "config.json"}, {"rfilename": "config.yaml"}, {"rfilename": "config_sentence_transformers.json"}, {"rfilename": "model.safetensors"}, {"rfilename": "modules.json"}, {"rfilename": "sentence_bert_config.json"}, {"rfilename": "special_tokens_map.json"}, {"rfilename": "tokenizer_config.json"}, {"rfilename": "vocab.txt"}], "spaces": [], "createdAt": "2023-11-18T23:08:36.000Z", "safetensors": {"parameters": {"F32": 134998272}, "total": 134998272}, "inferenceStatus": "not-loaded"}