{"_id": "64bfcaa70218f16d4d828222", "id": "iambishopp/abtObj", "modelId": "iambishopp/abtObj", "author": "iambishopp", "sha": "be3af1e1c9d6e94735ad7e432df5e59bd49312e6", "lastModified": "2023-07-25T13:14:15.000Z", "private": false, "disabled": false, "gated": false, "tags": ["license:openrail", "region:us"], "downloads": 0, "likes": 0, "model-index": null, "cardData": {"license": "openrail"}, "siblings": [{"rfilename": ".gitattributes"}, {"rfilename": "README.md"}], "spaces": [], "createdAt": "2023-07-25T13:14:15.000Z", "inferenceStatus": "not-loaded"}