{"_id": "647c18e96dbad6ab058fb607", "id": "iambestfeed/xlmr-large-law", "modelId": "iambestfeed/xlmr-large-law", "author": "iambestfeed", "sha": "fb21ccd9a3f6146ced54eee0ebdfcc8a2b934e25", "lastModified": "2023-06-04T05:41:28.000Z", "private": false, "disabled": false, "gated": false, "pipeline_tag": "fill-mask", "tags": ["transformers", "pytorch", "xlm-roberta", "fill-mask", "autotrain_compatible", "endpoints_compatible", "region:us"], "downloads": 1, "library_name": "transformers", "mask_token": "<mask>", "widgetData": [{"text": "Paris is the <mask> of France."}, {"text": "The goal of life is <mask>."}], "likes": 0, "config": {"architectures": ["XLMRobertaForMaskedLM"], "model_type": "xlm-roberta", "tokenizer_config": {"bos_token": "<s>", "cls_token": "<s>", "eos_token": "</s>", "mask_token": {"__type": "AddedToken", "content": "<mask>", "lstrip": true, "normalized": true, "rstrip": false, "single_word": false}, "pad_token": "<pad>", "sep_token": "</s>", "unk_token": "<unk>"}}, "transformersInfo": {"auto_model": "AutoModelForMaskedLM", "pipeline_tag": "fill-mask", "processor": "AutoTokenizer"}, "siblings": [{"rfilename": ".gitattributes"}, {"rfilename": "checkpoint-62000/config.json"}, {"rfilename": "checkpoint-62000/rng_state.pth"}, {"rfilename": "checkpoint-62000/scheduler.pt"}, {"rfilename": "checkpoint-62000/trainer_state.json"}, {"rfilename": "checkpoint-62000/training_args.bin"}, {"rfilename": "config.json"}, {"rfilename": "pytorch_model.bin"}, {"rfilename": "sentencepiece.bpe.model"}, {"rfilename": "special_tokens_map.json"}, {"rfilename": "tokenizer.json"}, {"rfilename": "tokenizer_config.json"}], "spaces": [], "createdAt": "2023-06-04T04:54:01.000Z", "inferenceStatus": "not-loaded"}