{"_id": "65eae058918040397e540874", "id": "iamducky/ducky", "modelId": "iamducky/ducky", "author": "iamducky", "sha": "c35975146ced6bf79f1db6fec6e22ebbe45046ef", "lastModified": "2024-03-08T09:54:32.000Z", "private": false, "disabled": false, "gated": false, "tags": ["license:apache-2.0", "region:us"], "downloads": 0, "likes": 0, "model-index": null, "cardData": {"license": "apache-2.0"}, "siblings": [{"rfilename": ".gitattributes"}, {"rfilename": "README.md"}], "spaces": [], "createdAt": "2024-03-08T09:54:32.000Z", "inferenceStatus": "not-loaded"}