{"_id": "65a0b0b0007de0d8bf0d5d06", "id": "iamdev/check-model", "modelId": "iamdev/check-model", "author": "iamdev", "sha": "70f4fe7504d52b4bf42af7a07628f2057aee1d06", "lastModified": "2024-01-12T03:23:52.000Z", "private": false, "disabled": false, "gated": false, "pipeline_tag": "feature-extraction", "tags": ["transformers", "safetensors", "bert", "feature-extraction", "text-embeddings-inference", "endpoints_compatible", "region:us"], "downloads": 1, "library_name": "transformers", "mask_token": "[MASK]", "likes": 0, "config": {"architectures": ["BertModel"], "model_type": "bert"}, "transformersInfo": {"auto_model": "AutoModel", "pipeline_tag": "feature-extraction", "processor": "AutoTokenizer"}, "siblings": [{"rfilename": ".gitattributes"}, {"rfilename": "config.json"}, {"rfilename": "model.safetensors"}], "spaces": [], "createdAt": "2024-01-12T03:23:28.000Z", "safetensors": {"parameters": {"F32": 108310272}, "total": 108310272}, "inferenceStatus": "not-loaded"}