{"_id": "65814131035c028f334220e9", "id": "iamdev/distilbert-base-uncased-finetuned-ner", "modelId": "iamdev/distilbert-base-uncased-finetuned-ner", "author": "iamdev", "sha": "fbed1ad0156a0709278e95ebc63b6bcff1b8caf3", "lastModified": "2023-12-19T07:12:42.000Z", "private": false, "disabled": false, "gated": false, "pipeline_tag": "token-classification", "tags": ["transformers", "tensorboard", "safetensors", "distilbert", "token-classification", "generated_from_trainer", "dataset:conll2003", "base_model:distilbert-base-uncased", "license:apache-2.0", "model-index", "autotrain_compatible", "endpoints_compatible", "region:us"], "downloads": 1, "library_name": "transformers", "mask_token": "[MASK]", "widgetData": [{"text": "My name is Wolfgang and I live in Berlin"}, {"text": "My name is Sarah and I live in London"}, {"text": "My name is Clara and I live in Berkeley, California."}], "likes": 1, "model-index": [{"name": "distilbert-base-uncased-finetuned-ner", "results": [{"task": {"name": "Token Classification", "type": "token-classification"}, "dataset": {"name": "conll2003", "type": "conll2003", "config": "conll2003", "split": "validation", "args": "conll2003"}, "metrics": [{"name": "Precision", "type": "precision", "value": 0.9280017722640673, "verified": false}, {"name": "Recall", "type": "recall", "value": 0.9372413021590782, "verified": false}, {"name": "F1", "type": "f1", "value": 0.9325986530862136, "verified": false}, {"name": "Accuracy", "type": "accuracy", "value": 0.9837164598789457, "verified": false}]}]}], "config": {"architectures": ["DistilBertForTokenClassification"], "model_type": "distilbert", "tokenizer_config": {"cls_token": "[CLS]", "mask_token": "[MASK]", "pad_token": "[PAD]", "sep_token": "[SEP]", "unk_token": "[UNK]"}}, "cardData": {"license": "apache-2.0", "base_model": "distilbert-base-uncased", "tags": ["generated_from_trainer"], "datasets": ["conll2003"], "metrics": ["precision", "recall", "f1", "accuracy"], "model-index": [{"name": "distilbert-base-uncased-finetuned-ner", "results": [{"task": {"name": "Token Classification", "type": "token-classification"}, "dataset": {"name": "conll2003", "type": "conll2003", "config": "conll2003", "split": "validation", "args": "conll2003"}, "metrics": [{"name": "Precision", "type": "precision", "value": 0.9280017722640673, "verified": false}, {"name": "Recall", "type": "recall", "value": 0.9372413021590782, "verified": false}, {"name": "F1", "type": "f1", "value": 0.9325986530862136, "verified": false}, {"name": "Accuracy", "type": "accuracy", "value": 0.9837164598789457, "verified": false}]}]}]}, "transformersInfo": {"auto_model": "AutoModelForTokenClassification", "pipeline_tag": "token-classification", "processor": "AutoTokenizer"}, "siblings": [{"rfilename": ".gitattributes"}, {"rfilename": "README.md"}, {"rfilename": "config.json"}, {"rfilename": "model.safetensors"}, {"rfilename": "runs/Dec19_07-07-27_8e8b43ab6868/events.out.tfevents.1702969649.8e8b43ab6868.13343.0"}, {"rfilename": "runs/Dec19_07-07-27_8e8b43ab6868/events.out.tfevents.1702969932.8e8b43ab6868.13343.1"}, {"rfilename": "special_tokens_map.json"}, {"rfilename": "tokenizer.json"}, {"rfilename": "tokenizer_config.json"}, {"rfilename": "training_args.bin"}, {"rfilename": "vocab.txt"}], "spaces": [], "createdAt": "2023-12-19T07:07:29.000Z", "safetensors": {"parameters": {"F32": 66369801}, "total": 66369801}, "inferenceStatus": "not-loaded"}