{"_id": "6328c5791558dac67c46cd9a", "id": "iamdohyun/batch512_con200_lyric_sen", "modelId": "iamdohyun/batch512_con200_lyric_sen", "author": "iamdohyun", "sha": "141ef04dea7814e522d17c9987b34883036a1c46", "lastModified": "2022-09-19T19:40:57.000Z", "private": false, "disabled": false, "gated": false, "pipeline_tag": "fill-mask", "tags": ["transformers", "pytorch", "roberta", "fill-mask", "autotrain_compatible", "endpoints_compatible", "region:us"], "downloads": 1, "library_name": "transformers", "mask_token": "<mask>", "widgetData": [{"text": "Paris is the <mask> of France."}, {"text": "The goal of life is <mask>."}], "likes": 0, "config": {"architectures": ["RobertaForMaskedLM"], "model_type": "roberta"}, "transformersInfo": {"auto_model": "AutoModelForMaskedLM", "pipeline_tag": "fill-mask", "processor": "AutoTokenizer"}, "siblings": [{"rfilename": ".gitattributes"}, {"rfilename": "config.json"}, {"rfilename": "pytorch_model.bin"}], "spaces": [], "createdAt": "2022-09-19T19:39:37.000Z", "inferenceStatus": "not-loaded"}