{"_id": "65dfa0d9f3764d5a7930bd19", "id": "iamdanialkamali/output", "modelId": "iamdanialkamali/output", "author": "iamdanialkamali", "sha": "a3e19693489721c28278605ec05b53bf10aef00c", "lastModified": "2024-02-29T04:53:29.000Z", "private": false, "disabled": false, "gated": false, "pipeline_tag": "text-classification", "tags": ["transformers", "tensorboard", "safetensors", "gpt2", "text-classification", "autotrain_compatible", "text-generation-inference", "endpoints_compatible", "region:us"], "downloads": 2, "library_name": "transformers", "widgetData": [{"text": "I like you. I love you"}], "likes": 0, "config": {"architectures": ["GPT2ForSequenceClassification"], "model_type": "gpt2", "tokenizer_config": {"bos_token": "<|endoftext|>", "eos_token": "<|endoftext|>", "pad_token": "<|endoftext|>", "unk_token": "<|endoftext|>"}}, "transformersInfo": {"auto_model": "AutoModelForSequenceClassification", "pipeline_tag": "text-classification", "processor": "AutoTokenizer"}, "siblings": [{"rfilename": ".gitattributes"}, {"rfilename": "config.json"}, {"rfilename": "merges.txt"}, {"rfilename": "model.safetensors"}, {"rfilename": "runs/Feb29_03-17-44_cc6442fe607c/events.out.tfevents.1709176669.cc6442fe607c.689.0"}, {"rfilename": "runs/Feb29_03-17-44_cc6442fe607c/events.out.tfevents.1709176972.cc6442fe607c.689.1"}, {"rfilename": "runs/Feb29_03-33-50_cc6442fe607c/events.out.tfevents.1709177631.cc6442fe607c.689.2"}, {"rfilename": "runs/Feb29_03-35-57_cc6442fe607c/events.out.tfevents.1709177757.cc6442fe607c.689.3"}, {"rfilename": "runs/Feb29_03-37-23_cc6442fe607c/events.out.tfevents.1709177844.cc6442fe607c.6387.0"}, {"rfilename": "runs/Feb29_03-37-23_cc6442fe607c/events.out.tfevents.1709178157.cc6442fe607c.6387.1"}, {"rfilename": "runs/Feb29_03-42-43_cc6442fe607c/events.out.tfevents.1709178164.cc6442fe607c.6387.2"}, {"rfilename": "runs/Feb29_04-04-18_cc6442fe607c/events.out.tfevents.1709179458.cc6442fe607c.6387.3"}, {"rfilename": "runs/Feb29_04-19-32_cc6442fe607c/events.out.tfevents.1709180373.cc6442fe607c.6387.4"}, {"rfilename": "runs/Feb29_04-19-37_cc6442fe607c/events.out.tfevents.1709180377.cc6442fe607c.6387.5"}, {"rfilename": "runs/Feb29_04-19-41_cc6442fe607c/events.out.tfevents.1709180381.cc6442fe607c.6387.6"}, {"rfilename": "runs/Feb29_04-21-13_cc6442fe607c/events.out.tfevents.1709180474.cc6442fe607c.6387.7"}, {"rfilename": "runs/Feb29_04-23-07_cc6442fe607c/events.out.tfevents.1709180588.cc6442fe607c.6387.8"}, {"rfilename": "runs/Feb29_04-25-41_cc6442fe607c/events.out.tfevents.1709180741.cc6442fe607c.6387.9"}, {"rfilename": "runs/Feb29_04-26-06_cc6442fe607c/events.out.tfevents.1709180767.cc6442fe607c.6387.10"}, {"rfilename": "runs/Feb29_04-26-06_cc6442fe607c/events.out.tfevents.1709180899.cc6442fe607c.6387.11"}, {"rfilename": "runs/Feb29_04-35-48_cc6442fe607c/events.out.tfevents.1709181349.cc6442fe607c.6387.12"}, {"rfilename": "runs/Feb29_04-36-34_cc6442fe607c/events.out.tfevents.1709181395.cc6442fe607c.6387.13"}, {"rfilename": "runs/Feb29_04-38-06_cc6442fe607c/events.out.tfevents.1709181487.cc6442fe607c.6387.14"}, {"rfilename": "runs/Feb29_04-38-30_cc6442fe607c/events.out.tfevents.1709181510.cc6442fe607c.6387.15"}, {"rfilename": "runs/Feb29_04-39-20_cc6442fe607c/events.out.tfevents.1709181561.cc6442fe607c.6387.16"}, {"rfilename": "runs/Feb29_04-41-02_cc6442fe607c/events.out.tfevents.1709181663.cc6442fe607c.6387.17"}, {"rfilename": "runs/Feb29_04-47-43_cc6442fe607c/events.out.tfevents.1709182064.cc6442fe607c.24425.0"}, {"rfilename": "runs/Feb29_04-48-17_cc6442fe607c/events.out.tfevents.1709182097.cc6442fe607c.24425.1"}, {"rfilename": "runs/Feb29_04-49-20_cc6442fe607c/events.out.tfevents.1709182160.cc6442fe607c.24425.2"}, {"rfilename": "runs/Feb29_04-50-29_cc6442fe607c/events.out.tfevents.1709182230.cc6442fe607c.24425.3"}, {"rfilename": "runs/Feb29_04-50-52_cc6442fe607c/events.out.tfevents.1709182253.cc6442fe607c.24425.4"}, {"rfilename": "runs/Feb29_04-51-04_cc6442fe607c/events.out.tfevents.1709182264.cc6442fe607c.24425.5"}, {"rfilename": "special_tokens_map.json"}, {"rfilename": "tokenizer.json"}, {"rfilename": "tokenizer_config.json"}, {"rfilename": "training_args.bin"}, {"rfilename": "vocab.json"}, {"rfilename": "vocab.txt"}], "spaces": [], "createdAt": "2024-02-28T21:08:41.000Z", "safetensors": {"parameters": {"F32": 81914112}, "total": 81914112}, "inferenceStatus": "not-loaded"}