{"_id": "632bf3ac86d51a62b23fd5eb", "id": "iamdohyun/FT_lcs_adafactor_lr5e_6", "modelId": "iamdohyun/FT_lcs_adafactor_lr5e_6", "author": "iamdohyun", "sha": "95e19788ded341a6f8e130ee286f37cb78621e9b", "lastModified": "2022-09-22T05:35:08.000Z", "private": false, "disabled": false, "gated": false, "pipeline_tag": "text-classification", "tags": ["transformers", "pytorch", "roberta", "text-classification", "autotrain_compatible", "endpoints_compatible", "region:us"], "downloads": 3, "library_name": "transformers", "mask_token": "<mask>", "widgetData": [{"text": "I like you. I love you"}], "likes": 0, "config": {"architectures": ["RobertaForSequenceClassification"], "model_type": "roberta"}, "transformersInfo": {"auto_model": "AutoModelForSequenceClassification", "pipeline_tag": "text-classification", "processor": "AutoTokenizer"}, "siblings": [{"rfilename": ".gitattributes"}, {"rfilename": "config.json"}, {"rfilename": "pytorch_model.bin"}], "spaces": [], "createdAt": "2022-09-22T05:33:32.000Z", "inferenceStatus": "not-loaded"}