{"_id": "635530d5a5546ae4c5c72afd", "id": "iamdohyun/batch32_con_lyric_aug_ft_micro_f1_unfreeze", "modelId": "iamdohyun/batch32_con_lyric_aug_ft_micro_f1_unfreeze", "author": "iamdohyun", "sha": "75e242af96d4955f8aa68c8fbe0fab90704ce5ef", "lastModified": "2022-10-23T12:22:20.000Z", "private": false, "disabled": false, "gated": false, "pipeline_tag": "text-classification", "tags": ["transformers", "pytorch", "roberta", "text-classification", "autotrain_compatible", "endpoints_compatible", "region:us"], "downloads": 2, "library_name": "transformers", "mask_token": "<mask>", "widgetData": [{"text": "I like you. I love you"}], "likes": 0, "config": {"architectures": ["RobertaForSequenceClassification"], "model_type": "roberta", "tokenizer_config": {"bos_token": "[CLS]", "cls_token": "[CLS]", "eos_token": "[SEP]", "mask_token": "[MASK]", "pad_token": "[PAD]", "sep_token": "[SEP]", "unk_token": "[UNK]"}}, "transformersInfo": {"auto_model": "AutoModelForSequenceClassification", "pipeline_tag": "text-classification", "processor": "AutoTokenizer"}, "siblings": [{"rfilename": ".gitattributes"}, {"rfilename": "config.json"}, {"rfilename": "optimizer.pt"}, {"rfilename": "pytorch_model.bin"}, {"rfilename": "rng_state.pth"}, {"rfilename": "scheduler.pt"}, {"rfilename": "special_tokens_map.json"}, {"rfilename": "tokenizer.json"}, {"rfilename": "tokenizer_config.json"}, {"rfilename": "trainer_state.json"}, {"rfilename": "training_args.bin"}, {"rfilename": "vocab.txt"}], "spaces": [], "createdAt": "2022-10-23T12:17:25.000Z", "inferenceStatus": "not-loaded"}