{"_id": "635428d074026d8c3afa4d10", "id": "iamdohyun/batch512_con200_lyric_aug", "modelId": "iamdohyun/batch512_con200_lyric_aug", "author": "iamdohyun", "sha": "5ccf7517d193bbf7e8126ebdfb433eaefd36fe31", "lastModified": "2022-10-22T17:32:18.000Z", "private": false, "disabled": false, "gated": false, "pipeline_tag": "fill-mask", "tags": ["transformers", "pytorch", "roberta", "fill-mask", "autotrain_compatible", "endpoints_compatible", "region:us"], "downloads": 1, "library_name": "transformers", "mask_token": "<mask>", "widgetData": [{"text": "Paris is the <mask> of France."}, {"text": "The goal of life is <mask>."}], "likes": 0, "config": {"architectures": ["RobertaForMaskedLM"], "model_type": "roberta"}, "transformersInfo": {"auto_model": "AutoModelForMaskedLM", "pipeline_tag": "fill-mask", "processor": "AutoTokenizer"}, "siblings": [{"rfilename": ".gitattributes"}, {"rfilename": "config.json"}, {"rfilename": "pytorch_model.bin"}], "spaces": [], "createdAt": "2022-10-22T17:30:56.000Z", "inferenceStatus": "not-loaded"}