{"_id": "64e29cef3e2e103504805c10", "id": "iameberedavid/Embed_Telco_Churn_ML_Model_To_HuggingFace", "modelId": "iameberedavid/Embed_Telco_Churn_ML_Model_To_HuggingFace", "author": "iameberedavid", "sha": "32249335db8eecf7853560ac0034b2cf412c0602", "lastModified": "2023-08-20T23:20:01.000Z", "private": false, "disabled": false, "gated": false, "tags": ["license:mit", "region:us"], "downloads": 0, "likes": 0, "model-index": null, "cardData": {"license": "mit"}, "siblings": [{"rfilename": ".gitattributes"}, {"rfilename": "Jupyter Notebook.ipynb"}, {"rfilename": "README.md"}, {"rfilename": "app.py"}, {"rfilename": "ml.pkl"}, {"rfilename": "requirements.txt"}], "spaces": [], "createdAt": "2023-08-20T23:08:31.000Z", "inferenceStatus": "not-loaded"}