{"_id": "665cd4e60a615bffbf6ef3f6", "id": "iamfadi/echr-roberta", "modelId": "iamfadi/echr-roberta", "author": "iamfadi", "sha": "c0b8401606602f461561ccedd24ea6bf6e6cec8e", "lastModified": "2024-06-02T21:00:49.000Z", "private": false, "disabled": false, "gated": false, "tags": ["tensorboard", "region:us"], "downloads": 0, "likes": 0, "siblings": [{"rfilename": ".gitattributes"}, {"rfilename": "epoch1/config.json"}, {"rfilename": "epoch1/eval_results.json"}, {"rfilename": "epoch1/flax_model.msgpack"}, {"rfilename": "epoch1/merges.txt"}, {"rfilename": "epoch1/special_tokens_map.json"}, {"rfilename": "epoch1/tokenizer.json"}, {"rfilename": "epoch1/tokenizer_config.json"}, {"rfilename": "epoch1/vocab.json"}, {"rfilename": "events.out.tfevents.1717361718.t1v-n-8200a43a-w-0.862254.0.v2"}], "spaces": [], "createdAt": "2024-06-02T20:24:06.000Z", "inferenceStatus": "not-loaded"}