{"_id": "665f0f47c16b6d83d3039df7", "id": "iamfadi/india-roberta", "modelId": "iamfadi/india-roberta", "author": "iamfadi", "sha": "634a066d83f97a41aed53701ca27dc98ab8f460c", "lastModified": "2024-06-05T09:21:39.000Z", "private": false, "disabled": false, "gated": false, "pipeline_tag": "fill-mask", "tags": ["transformers", "jax", "tensorboard", "roberta", "fill-mask", "autotrain_compatible", "endpoints_compatible", "region:us"], "downloads": 10, "library_name": "transformers", "mask_token": "<mask>", "widgetData": [{"text": "Paris is the <mask> of France."}, {"text": "The goal of life is <mask>."}], "likes": 0, "config": {"architectures": ["RobertaForMaskedLM"], "model_type": "roberta", "tokenizer_config": {"bos_token": "<s>", "cls_token": "<s>", "eos_token": "</s>", "mask_token": "<mask>", "pad_token": "<pad>", "sep_token": "</s>", "unk_token": "<unk>"}}, "transformersInfo": {"auto_model": "AutoModelForMaskedLM", "pipeline_tag": "fill-mask", "processor": "AutoTokenizer"}, "siblings": [{"rfilename": ".gitattributes"}, {"rfilename": "config.json"}, {"rfilename": "epoch1/config.json"}, {"rfilename": "epoch1/eval_results.json"}, {"rfilename": "epoch1/flax_model.msgpack"}, {"rfilename": "epoch1/merges.txt"}, {"rfilename": "epoch1/special_tokens_map.json"}, {"rfilename": "epoch1/tokenizer.json"}, {"rfilename": "epoch1/tokenizer_config.json"}, {"rfilename": "epoch1/vocab.json"}, {"rfilename": "eval_results.json"}, {"rfilename": "events.out.tfevents.1717506252.t1v-n-8200a43a-w-0.1218159.0.v2"}, {"rfilename": "flax_model.msgpack"}, {"rfilename": "merges.txt"}, {"rfilename": "special_tokens_map.json"}, {"rfilename": "tokenizer.json"}, {"rfilename": "tokenizer_config.json"}, {"rfilename": "vocab.json"}], "spaces": [], "createdAt": "2024-06-04T12:57:43.000Z", "inferenceStatus": "not-loaded"}