{"_id": "6661d09e346ffbe5a3ddef45", "id": "iamfadi/roberta-india-ner", "modelId": "iamfadi/roberta-india-ner", "author": "iamfadi", "sha": "b83c9f1153c7527c3f6a53cc7f0d9d0906176e2e", "lastModified": "2024-06-06T15:24:36.000Z", "private": false, "disabled": false, "gated": false, "pipeline_tag": "token-classification", "tags": ["transformers", "jax", "tensorboard", "roberta", "token-classification", "autotrain_compatible", "endpoints_compatible", "region:us"], "downloads": 3, "library_name": "transformers", "mask_token": "<mask>", "widgetData": [{"text": "My name is Wolfgang and I live in Berlin"}, {"text": "My name is Sarah and I live in London"}, {"text": "My name is Clara and I live in Berkeley, California."}], "likes": 0, "config": {"architectures": ["RobertaForTokenClassification"], "model_type": "roberta", "tokenizer_config": {"bos_token": "<s>", "cls_token": "<s>", "eos_token": "</s>", "mask_token": "<mask>", "pad_token": "<pad>", "sep_token": "</s>", "unk_token": "<unk>"}}, "transformersInfo": {"auto_model": "AutoModelForTokenClassification", "pipeline_tag": "token-classification", "processor": "AutoTokenizer"}, "siblings": [{"rfilename": ".gitattributes"}, {"rfilename": "config.json"}, {"rfilename": "epoch_1/config.json"}, {"rfilename": "epoch_1/eval_results.json"}, {"rfilename": "epoch_1/flax_model.msgpack"}, {"rfilename": "epoch_1/merges.txt"}, {"rfilename": "epoch_1/special_tokens_map.json"}, {"rfilename": "epoch_1/tokenizer.json"}, {"rfilename": "epoch_1/tokenizer_config.json"}, {"rfilename": "epoch_1/vocab.json"}, {"rfilename": "epoch_10/config.json"}, {"rfilename": "epoch_10/eval_results.json"}, {"rfilename": "epoch_10/flax_model.msgpack"}, {"rfilename": "epoch_10/merges.txt"}, {"rfilename": "epoch_10/special_tokens_map.json"}, {"rfilename": "epoch_10/tokenizer.json"}, {"rfilename": "epoch_10/tokenizer_config.json"}, {"rfilename": "epoch_10/vocab.json"}, {"rfilename": "epoch_11/config.json"}, {"rfilename": "epoch_11/eval_results.json"}, {"rfilename": "epoch_11/flax_model.msgpack"}, {"rfilename": "epoch_11/merges.txt"}, {"rfilename": "epoch_11/special_tokens_map.json"}, {"rfilename": "epoch_11/tokenizer.json"}, {"rfilename": "epoch_11/tokenizer_config.json"}, {"rfilename": "epoch_11/vocab.json"}, {"rfilename": "epoch_12/config.json"}, {"rfilename": "epoch_12/eval_results.json"}, {"rfilename": "epoch_12/flax_model.msgpack"}, {"rfilename": "epoch_12/merges.txt"}, {"rfilename": "epoch_12/special_tokens_map.json"}, {"rfilename": "epoch_12/tokenizer.json"}, {"rfilename": "epoch_12/tokenizer_config.json"}, {"rfilename": "epoch_12/vocab.json"}, {"rfilename": "epoch_13/config.json"}, {"rfilename": "epoch_13/eval_results.json"}, {"rfilename": "epoch_13/flax_model.msgpack"}, {"rfilename": "epoch_13/merges.txt"}, {"rfilename": "epoch_13/special_tokens_map.json"}, {"rfilename": "epoch_13/tokenizer.json"}, {"rfilename": "epoch_13/tokenizer_config.json"}, {"rfilename": "epoch_13/vocab.json"}, {"rfilename": "epoch_14/config.json"}, {"rfilename": "epoch_14/eval_results.json"}, {"rfilename": "epoch_14/flax_model.msgpack"}, {"rfilename": "epoch_14/merges.txt"}, {"rfilename": "epoch_14/special_tokens_map.json"}, {"rfilename": "epoch_14/tokenizer.json"}, {"rfilename": "epoch_14/tokenizer_config.json"}, {"rfilename": "epoch_14/vocab.json"}, {"rfilename": "epoch_15/config.json"}, {"rfilename": "epoch_15/eval_results.json"}, {"rfilename": "epoch_15/flax_model.msgpack"}, {"rfilename": "epoch_15/merges.txt"}, {"rfilename": "epoch_15/special_tokens_map.json"}, {"rfilename": "epoch_15/tokenizer.json"}, {"rfilename": "epoch_15/tokenizer_config.json"}, {"rfilename": "epoch_15/vocab.json"}, {"rfilename": "epoch_16/config.json"}, {"rfilename": "epoch_16/eval_results.json"}, {"rfilename": "epoch_16/flax_model.msgpack"}, {"rfilename": "epoch_16/merges.txt"}, {"rfilename": "epoch_16/special_tokens_map.json"}, {"rfilename": "epoch_16/tokenizer.json"}, {"rfilename": "epoch_16/tokenizer_config.json"}, {"rfilename": "epoch_16/vocab.json"}, {"rfilename": "epoch_17/config.json"}, {"rfilename": "epoch_17/eval_results.json"}, {"rfilename": "epoch_17/flax_model.msgpack"}, {"rfilename": "epoch_17/merges.txt"}, {"rfilename": "epoch_17/special_tokens_map.json"}, {"rfilename": "epoch_17/tokenizer.json"}, {"rfilename": "epoch_17/tokenizer_config.json"}, {"rfilename": "epoch_17/vocab.json"}, {"rfilename": "epoch_18/config.json"}, {"rfilename": "epoch_18/eval_results.json"}, {"rfilename": "epoch_18/flax_model.msgpack"}, {"rfilename": "epoch_18/merges.txt"}, {"rfilename": "epoch_18/special_tokens_map.json"}, {"rfilename": "epoch_18/tokenizer.json"}, {"rfilename": "epoch_18/tokenizer_config.json"}, {"rfilename": "epoch_18/vocab.json"}, {"rfilename": "epoch_19/config.json"}, {"rfilename": "epoch_19/eval_results.json"}, {"rfilename": "epoch_19/flax_model.msgpack"}, {"rfilename": "epoch_19/merges.txt"}, {"rfilename": "epoch_19/special_tokens_map.json"}, {"rfilename": "epoch_19/tokenizer.json"}, {"rfilename": "epoch_19/tokenizer_config.json"}, {"rfilename": "epoch_19/vocab.json"}, {"rfilename": "epoch_2/config.json"}, {"rfilename": "epoch_2/eval_results.json"}, {"rfilename": "epoch_2/flax_model.msgpack"}, {"rfilename": "epoch_2/merges.txt"}, {"rfilename": "epoch_2/special_tokens_map.json"}, {"rfilename": "epoch_2/tokenizer.json"}, {"rfilename": "epoch_2/tokenizer_config.json"}, {"rfilename": "epoch_2/vocab.json"}, {"rfilename": "epoch_20/config.json"}, {"rfilename": "epoch_20/eval_results.json"}, {"rfilename": "epoch_20/flax_model.msgpack"}, {"rfilename": "epoch_20/merges.txt"}, {"rfilename": "epoch_20/special_tokens_map.json"}, {"rfilename": "epoch_20/tokenizer.json"}, {"rfilename": "epoch_20/tokenizer_config.json"}, {"rfilename": "epoch_20/vocab.json"}, {"rfilename": "epoch_3/config.json"}, {"rfilename": "epoch_3/eval_results.json"}, {"rfilename": "epoch_3/flax_model.msgpack"}, {"rfilename": "epoch_3/merges.txt"}, {"rfilename": "epoch_3/special_tokens_map.json"}, {"rfilename": "epoch_3/tokenizer.json"}, {"rfilename": "epoch_3/tokenizer_config.json"}, {"rfilename": "epoch_3/vocab.json"}, {"rfilename": "epoch_4/config.json"}, {"rfilename": "epoch_4/eval_results.json"}, {"rfilename": "epoch_4/flax_model.msgpack"}, {"rfilename": "epoch_4/merges.txt"}, {"rfilename": "epoch_4/special_tokens_map.json"}, {"rfilename": "epoch_4/tokenizer.json"}, {"rfilename": "epoch_4/tokenizer_config.json"}, {"rfilename": "epoch_4/vocab.json"}, {"rfilename": "epoch_5/config.json"}, {"rfilename": "epoch_5/eval_results.json"}, {"rfilename": "epoch_5/flax_model.msgpack"}, {"rfilename": "epoch_5/merges.txt"}, {"rfilename": "epoch_5/special_tokens_map.json"}, {"rfilename": "epoch_5/tokenizer.json"}, {"rfilename": "epoch_5/tokenizer_config.json"}, {"rfilename": "epoch_5/vocab.json"}, {"rfilename": "epoch_6/config.json"}, {"rfilename": "epoch_6/eval_results.json"}, {"rfilename": "epoch_6/flax_model.msgpack"}, {"rfilename": "epoch_6/merges.txt"}, {"rfilename": "epoch_6/special_tokens_map.json"}, {"rfilename": "epoch_6/tokenizer.json"}, {"rfilename": "epoch_6/tokenizer_config.json"}, {"rfilename": "epoch_6/vocab.json"}, {"rfilename": "epoch_7/config.json"}, {"rfilename": "epoch_7/eval_results.json"}, {"rfilename": "epoch_7/flax_model.msgpack"}, {"rfilename": "epoch_7/merges.txt"}, {"rfilename": "epoch_7/special_tokens_map.json"}, {"rfilename": "epoch_7/tokenizer.json"}, {"rfilename": "epoch_7/tokenizer_config.json"}, {"rfilename": "epoch_7/vocab.json"}, {"rfilename": "epoch_8/config.json"}, {"rfilename": "epoch_8/eval_results.json"}, {"rfilename": "epoch_8/flax_model.msgpack"}, {"rfilename": "epoch_8/merges.txt"}, {"rfilename": "epoch_8/special_tokens_map.json"}, {"rfilename": "epoch_8/tokenizer.json"}, {"rfilename": "epoch_8/tokenizer_config.json"}, {"rfilename": "epoch_8/vocab.json"}, {"rfilename": "epoch_9/config.json"}, {"rfilename": "epoch_9/eval_results.json"}, {"rfilename": "epoch_9/flax_model.msgpack"}, {"rfilename": "epoch_9/merges.txt"}, {"rfilename": "epoch_9/special_tokens_map.json"}, {"rfilename": "epoch_9/tokenizer.json"}, {"rfilename": "epoch_9/tokenizer_config.json"}, {"rfilename": "epoch_9/vocab.json"}, {"rfilename": "eval_results.json"}, {"rfilename": "events.out.tfevents.1717686556.t1v-n-8200a43a-w-0.301619.0.v2"}, {"rfilename": "flax_model.msgpack"}, {"rfilename": "merges.txt"}, {"rfilename": "special_tokens_map.json"}, {"rfilename": "test_results.json"}, {"rfilename": "tokenizer.json"}, {"rfilename": "tokenizer_config.json"}, {"rfilename": "vocab.json"}], "spaces": [], "createdAt": "2024-06-06T15:07:10.000Z", "inferenceStatus": "not-loaded"}