{"_id": "665e22f11125006f3af39cf1", "id": "iamfadi/roberta_edgar_ner", "modelId": "iamfadi/roberta_edgar_ner", "author": "iamfadi", "sha": "1eca53c957319881770cdc4276727885f4a27ae4", "lastModified": "2024-06-03T22:05:37.000Z", "private": false, "disabled": false, "gated": false, "pipeline_tag": "token-classification", "tags": ["transformers", "tensorboard", "safetensors", "roberta", "token-classification", "autotrain_compatible", "endpoints_compatible", "region:us"], "downloads": 2, "library_name": "transformers", "mask_token": "<mask>", "widgetData": [{"text": "My name is Wolfgang and I live in Berlin"}, {"text": "My name is Sarah and I live in London"}, {"text": "My name is Clara and I live in Berkeley, California."}], "likes": 0, "config": {"architectures": ["RobertaForTokenClassification"], "model_type": "roberta", "tokenizer_config": {"bos_token": "<s>", "cls_token": "<s>", "eos_token": "</s>", "mask_token": "<mask>", "pad_token": "<pad>", "sep_token": "</s>", "unk_token": "<unk>"}}, "transformersInfo": {"auto_model": "AutoModelForTokenClassification", "pipeline_tag": "token-classification", "processor": "AutoTokenizer"}, "siblings": [{"rfilename": ".gitattributes"}, {"rfilename": "config.json"}, {"rfilename": "merges.txt"}, {"rfilename": "model.safetensors"}, {"rfilename": "runs/Jun03_20-09-20_4f9d9841009f/events.out.tfevents.1717445361.4f9d9841009f.360.0"}, {"rfilename": "runs/Jun03_20-09-20_4f9d9841009f/events.out.tfevents.1717448133.4f9d9841009f.360.1"}, {"rfilename": "runs/Jun03_21-13-38_4f9d9841009f/events.out.tfevents.1717449219.4f9d9841009f.360.2"}, {"rfilename": "runs/Jun03_21-14-29_4f9d9841009f/events.out.tfevents.1717449270.4f9d9841009f.360.3"}, {"rfilename": "special_tokens_map.json"}, {"rfilename": "tokenizer.json"}, {"rfilename": "tokenizer_config.json"}, {"rfilename": "training_args.bin"}, {"rfilename": "vocab.json"}], "spaces": [], "createdAt": "2024-06-03T20:09:21.000Z", "safetensors": {"parameters": {"F32": 124067344}, "total": 124067344}, "inferenceStatus": "not-loaded"}