{"_id": "665ef0e89f29909d03afc5b3", "id": "iamfadi/eu-cases-roberta", "modelId": "iamfadi/eu-cases-roberta", "author": "iamfadi", "sha": "43bf4fcfefa6fed2eb3c1df277f22cde2eb5ae94", "lastModified": "2024-06-04T11:08:58.000Z", "private": false, "disabled": false, "gated": false, "tags": ["tensorboard", "region:us"], "downloads": 0, "likes": 0, "siblings": [{"rfilename": ".gitattributes"}, {"rfilename": "epoch1/config.json"}, {"rfilename": "epoch1/eval_results.json"}, {"rfilename": "epoch1/flax_model.msgpack"}, {"rfilename": "epoch1/merges.txt"}, {"rfilename": "epoch1/special_tokens_map.json"}, {"rfilename": "epoch1/tokenizer.json"}, {"rfilename": "epoch1/tokenizer_config.json"}, {"rfilename": "epoch1/vocab.json"}, {"rfilename": "events.out.tfevents.1717498685.t1v-n-8200a43a-w-0.1188235.0.v2"}], "spaces": [], "createdAt": "2024-06-04T10:48:08.000Z", "inferenceStatus": "not-loaded"}