{"_id": "665f3260a83cedd07cf2b802", "id": "iamfadi/mult-roberta", "modelId": "iamfadi/mult-roberta", "author": "iamfadi", "sha": "78a6056e29074ff61ca48a806b68cdb48a09d1e6", "lastModified": "2024-06-06T15:29:48.000Z", "private": false, "disabled": false, "gated": false, "pipeline_tag": "fill-mask", "tags": ["transformers", "jax", "tensorboard", "roberta", "fill-mask", "autotrain_compatible", "endpoints_compatible", "region:us"], "downloads": 1, "library_name": "transformers", "mask_token": "<mask>", "widgetData": [{"text": "Paris is the <mask> of France."}, {"text": "The goal of life is <mask>."}], "likes": 0, "config": {"architectures": ["RobertaForMaskedLM"], "model_type": "roberta", "tokenizer_config": {"bos_token": "<s>", "cls_token": "<s>", "eos_token": "</s>", "mask_token": "<mask>", "pad_token": "<pad>", "sep_token": "</s>", "unk_token": "<unk>"}}, "transformersInfo": {"auto_model": "AutoModelForMaskedLM", "pipeline_tag": "fill-mask", "processor": "AutoTokenizer"}, "siblings": [{"rfilename": ".gitattributes"}, {"rfilename": "config.json"}, {"rfilename": "dataset_order.txt"}, {"rfilename": "ecthr_cases_epoch_1/config.json"}, {"rfilename": "ecthr_cases_epoch_1/eval_results.json"}, {"rfilename": "ecthr_cases_epoch_1/flax_model.msgpack"}, {"rfilename": "ecthr_cases_epoch_1/merges.txt"}, {"rfilename": "ecthr_cases_epoch_1/special_tokens_map.json"}, {"rfilename": "ecthr_cases_epoch_1/tokenizer.json"}, {"rfilename": "ecthr_cases_epoch_1/tokenizer_config.json"}, {"rfilename": "ecthr_cases_epoch_1/vocab.json"}, {"rfilename": "eu-court-cases_epoch_1/config.json"}, {"rfilename": "eu-court-cases_epoch_1/eval_results.json"}, {"rfilename": "eu-court-cases_epoch_1/flax_model.msgpack"}, {"rfilename": "eu-court-cases_epoch_1/merges.txt"}, {"rfilename": "eu-court-cases_epoch_1/special_tokens_map.json"}, {"rfilename": "eu-court-cases_epoch_1/tokenizer.json"}, {"rfilename": "eu-court-cases_epoch_1/tokenizer_config.json"}, {"rfilename": "eu-court-cases_epoch_1/vocab.json"}, {"rfilename": "eu-legislation_epoch_1/config.json"}, {"rfilename": "eu-legislation_epoch_1/eval_results.json"}, {"rfilename": "eu-legislation_epoch_1/flax_model.msgpack"}, {"rfilename": "eu-legislation_epoch_1/merges.txt"}, {"rfilename": "eu-legislation_epoch_1/special_tokens_map.json"}, {"rfilename": "eu-legislation_epoch_1/tokenizer.json"}, {"rfilename": "eu-legislation_epoch_1/tokenizer_config.json"}, {"rfilename": "eu-legislation_epoch_1/vocab.json"}, {"rfilename": "eval_results.json"}, {"rfilename": "events.out.tfevents.1717516672.t1v-n-8200a43a-w-0.20900.0.v2"}, {"rfilename": "events.out.tfevents.1717517824.t1v-n-8200a43a-w-0.29890.0.v2"}, {"rfilename": "events.out.tfevents.1717519334.t1v-n-8200a43a-w-0.35607.0.v2"}, {"rfilename": "events.out.tfevents.1717520369.t1v-n-8200a43a-w-0.43122.0.v2"}, {"rfilename": "events.out.tfevents.1717521949.t1v-n-8200a43a-w-0.50768.0.v2"}, {"rfilename": "events.out.tfevents.1717523513.t1v-n-8200a43a-w-0.50768.1.v2"}, {"rfilename": "events.out.tfevents.1717524644.t1v-n-8200a43a-w-0.50768.2.v2"}, {"rfilename": "events.out.tfevents.1717525371.t1v-n-8200a43a-w-0.50768.3.v2"}, {"rfilename": "flax_model.msgpack"}, {"rfilename": "indian_courts_cases_epoch_1/config.json"}, {"rfilename": "indian_courts_cases_epoch_1/eval_results.json"}, {"rfilename": "indian_courts_cases_epoch_1/flax_model.msgpack"}, {"rfilename": "indian_courts_cases_epoch_1/merges.txt"}, {"rfilename": "indian_courts_cases_epoch_1/special_tokens_map.json"}, {"rfilename": "indian_courts_cases_epoch_1/tokenizer.json"}, {"rfilename": "indian_courts_cases_epoch_1/tokenizer_config.json"}, {"rfilename": "indian_courts_cases_epoch_1/vocab.json"}, {"rfilename": "merges.txt"}, {"rfilename": "special_tokens_map.json"}, {"rfilename": "tokenizer.json"}, {"rfilename": "tokenizer_config.json"}, {"rfilename": "vocab.json"}], "spaces": [], "createdAt": "2024-06-04T15:27:28.000Z", "inferenceStatus": "not-loaded"}