{"_id": "661e95e415eb952d8d2fa458", "id": "iamFaber/distilbert-base-uncased-finetuned-imdb", "modelId": "iamFaber/distilbert-base-uncased-finetuned-imdb", "author": "iamFaber", "sha": "3fcf89b5097f988cd334bd8d143e28dd26b01fb1", "lastModified": "2024-04-16T15:14:45.000Z", "private": false, "disabled": false, "gated": false, "tags": ["region:us"], "downloads": 0, "likes": 0, "siblings": [{"rfilename": ".gitattributes"}], "spaces": [], "createdAt": "2024-04-16T15:14:44.000Z", "inferenceStatus": "not-loaded"}