{"_id": "665c6c69a1ff38df97f7a17f", "id": "iamfadi/roberta_india_ner_trainer", "modelId": "iamfadi/roberta_india_ner_trainer", "author": "iamfadi", "sha": "842b67981e3fc24ff64effd3125fa3679822aae3", "lastModified": "2024-06-04T11:51:31.000Z", "private": false, "disabled": false, "gated": false, "pipeline_tag": "token-classification", "tags": ["transformers", "tensorboard", "safetensors", "roberta", "token-classification", "autotrain_compatible", "endpoints_compatible", "region:us"], "downloads": 2, "library_name": "transformers", "mask_token": "<mask>", "widgetData": [{"text": "My name is Wolfgang and I live in Berlin"}, {"text": "My name is Sarah and I live in London"}, {"text": "My name is Clara and I live in Berkeley, California."}], "likes": 0, "config": {"architectures": ["RobertaForTokenClassification"], "model_type": "roberta", "tokenizer_config": {"bos_token": "<s>", "cls_token": "<s>", "eos_token": "</s>", "mask_token": "<mask>", "pad_token": "<pad>", "sep_token": "</s>", "unk_token": "<unk>"}}, "transformersInfo": {"auto_model": "AutoModelForTokenClassification", "pipeline_tag": "token-classification", "processor": "AutoTokenizer"}, "siblings": [{"rfilename": ".gitattributes"}, {"rfilename": "best_model/config.json"}, {"rfilename": "best_model/merges.txt"}, {"rfilename": "best_model/model.safetensors"}, {"rfilename": "best_model/optimizer.pt"}, {"rfilename": "best_model/rng_state.pth"}, {"rfilename": "best_model/scheduler.pt"}, {"rfilename": "best_model/special_tokens_map.json"}, {"rfilename": "best_model/tokenizer.json"}, {"rfilename": "best_model/tokenizer_config.json"}, {"rfilename": "best_model/trainer_state.json"}, {"rfilename": "best_model/training_args.bin"}, {"rfilename": "best_model/vocab.json"}, {"rfilename": "config.json"}, {"rfilename": "merges.txt"}, {"rfilename": "model.safetensors"}, {"rfilename": "runs/Jun02_12-58-17_246a85835752/events.out.tfevents.1717333099.246a85835752.6039.0"}, {"rfilename": "runs/Jun02_12-58-33_246a85835752/events.out.tfevents.1717333113.246a85835752.6039.1"}, {"rfilename": "runs/Jun02_13-07-45_2fafd69f6c3c/events.out.tfevents.1717333667.2fafd69f6c3c.186.0"}, {"rfilename": "runs/Jun02_13-07-45_2fafd69f6c3c/events.out.tfevents.1717350224.2fafd69f6c3c.186.1"}, {"rfilename": "runs/Jun04_09-09-35_0fad4fa6d28e/events.out.tfevents.1717492178.0fad4fa6d28e.882.0"}, {"rfilename": "runs/Jun04_09-12-22_56962b862db2/events.out.tfevents.1717492347.56962b862db2.1067.0"}, {"rfilename": "special_tokens_map.json"}, {"rfilename": "tokenizer.json"}, {"rfilename": "tokenizer_config.json"}, {"rfilename": "training_args.bin"}, {"rfilename": "vocab.json"}], "spaces": [], "createdAt": "2024-06-02T12:58:17.000Z", "safetensors": {"parameters": {"F32": 124077341}, "total": 124077341}, "inferenceStatus": "not-loaded"}